008b009e
00a60072
00a3009d
008a0076
0081006a
0080006f
0056005c
00560095
024201be
013701a2
01590179
01850167
01490122
013e0189
01990179
017b0135
01390162
01220135
019e012e
0129014b
01200132
016b0137
0152016e
01a90197
0230017e
021001e0
00f901ae
00ab00f6
00b900da
00de00c3
00b300d2
00bd0100
01090167
013e015e
00c800cf
00a900c0
00b90097
007d0092
00880073
00c1009b
01300074
01700142
008e0130
0079008e
00a00082
00830075
007a007b
00a00098
02490247
01520139
0139013b
01150127
01950159
01080107
020b01d0
015001d9
01700086
02400202
009601b7
00950098
009b0082
008e0090
0077008a
006d00a8
02320175
01c50182
017701d2
016e011a
01120142
01620172
014000f6
010a011d
01e9012b
01490197
013e0180
01670180
010e0129
01750149
010f0167
00f000fb
012e015e
0197019b
0135011e
010f0152
014200fe
013e0127
011000fa
010d0135
01b700c8
00bb00cf
00b900f3
00b90098
00cd009e
00ad009f
00ad0096
00b6008d
00b500b2
00e600b7
00b2009b
00b800b0
00bd00a0
00d700aa
00a900b2
008800fd
00e500a7
009f00a1
00ae00af
00810096
00b700a7
008f0082
009f0099
00770097
006b006f
0073007d
00620060
0097008a
008f0060
00640045
006e0083
0070006d
011e0129
0185024e
01350140
0115012b
01160139
01190121
00ee00f7
01070112
010000ab
00830092
006e006c
0057006a
0066009b
005d004b
005c0045
005d005d
01370269
013200ea
00de00fe
013000e5
00e500fb
00f900d2
00eb00fd
011b0106
00eb00ce
0115011d
01d70108
014900f8
0147014b
00d5015e
00f00121
01150172
01f501d2
0132018e
01b901fe
015b010d
015e0150
0182011d
01520107
01720139
010000ce
011e0125
00de00a7
00e60079
0082008a
009f0092
007900b5
00a20093
00c80139
00560098
0093006e
00960072
004d008f
0051006b
005b0059
0055008d
00ca00b7
00f900d2
00f600f1
00d700e2
00d800ef
00c100b7
00a800f2
010f00d7
00a600ce
00b800c9
00c300a7
00fa00c5
008a0099
00b1009f
00ba00bb
009a00c2
01590207
00c300ba
006e00a2
008d008e
00610073
00800098
00830077
0075008a
01320132
01060130
01220105
0132010b
01230135
010700ce
01080139
00e9011d
00b9010f
00670069
0092006e
00e1005a
00800072
007a0071
0086008f
009d00a7
00b000eb
00c300a3
00a200ce
00a0012b
00e300f2
00e100d2
00a300d0
00d300a7
0123015b
014b00fb
00f700fb
025200d3
00d800dd
00db00ed
012200e1
010f0111
009800b0
006a0081
00870097
007f0098
0080005e
00ce0080
00790097
008b0096
01ab0215
012500d7
0137011a
01070117
0147013b
01090150
01690152
011f0167
00aa0088
009e009a
00cd00a1
00cd00b3
008b00ef
00a200df
008300a8
006d00c6
00a700ad
007e0082
00830099
00ab009a
008b00b1
00b300af
009e00af
009200c3
01200100
00b300a6
00b900f9
00d900bb
00f2009d
00a6009f
00a7009d
00b500b3
01850165
010700b3
00c000f5
00e90103
00f900d5
00e300e0
00f700e6
00d9012e
00ae00a7
006e00b7
0095009e
007c00b2
00c500b5
009200b6
00a20092
00a000b5
0165017b
00fa00b9
009300c9
013000bd
00b600fe
010a00d9
00ee00ea
00e200b3
00e100d8
00880059
008e00a1
008900c2
00b20083
0093009b
00a80097
00720099
011000f2
00e300d8
013500e3
010000a7
00c600bd
00d300ff
00b50093
00a700bb
00ff0237
00c200c7
00c900b3
00b000fb
00da00c1
00a70101
00d10098
00c500ae
016b01b9
00ad012e
00bd0112
00f60155
014e00ea
00a900a2
013000c0
00bf00f5
012100d8
008c00be
009a00a1
00f700d8
00b300a2
00bd00c2
009d00ad
00ca00f0
014000ab
01350108
00d300be
015200d3
011500e9
00e70107
00e00130
00d700f8
00fd00d8
0132011e
00d000db
00eb0149
00c60107
00ea012b
00db00fd
010300a8
00eb0180
009200c9
00b000cb
0123009a
00be008b
008900b1
00770064
008100ae
00f00108
00af0107
00f500f6
00ea016e
012100fd
00f60120
00f60100
011900ed
0119011f
013b0113
01290115
00fd00b5
01000142
013e0127
00c800ef
01ab0195
015700eb
00ef011b
00ee0142
00b100b0
009e008b
00870081
00770086
00a500b6
00d90220
00c900e8
009a0192
00b0014e
00ce0090
00aa008a
00c700b9
00e300b6
00ce00fd
00b000b6
00aa00b5
00c700b5
00b300b1
009900c5
00b800a2
00fd011d
01e90123
01b901be
011a0179
00cd0152
00d100f9
00ee0102
011700de
00f20103
00f00260
00f300fb
00ca00cb
00ca00ca
00aa00d3
00950097
00b20097
00a200b3
01c9019e
01800140
00f80170
012b00f0
00db00fb
012700d9
014000df
00c700ee
00ed009e
00ce00b9
00c800d1
011500de
0102012b
00b500e7
00b800fe
00d600ef
01970125
011000f0
00f900ad
01a00125
011600d3
01030101
01390192
010b0175
01920167
01370117
0152014b
01ab014e
01290142
012e0142
01620142
01450165
009600ee
009500c1
009800ae
017000a3
00d800d2
00f10095
00b600dd
00d700a8
01790106
00d000f6
00d500c0
012e00d1
00b300a3
00ab00a3
00860088
008a00af
00a800b8
009b00a1
008d00a5
00830082
00a1008b
00a80091
00b200a9
00a00097
00e801ae
009d00ca
00c000d8
00da009a
009300b9
009d0170
00b80120
00ce00f0
00c500aa
0064006a
008d0089
0083008b
00a100a0
007f00ae
00c00093
008800a0
013e011a
00d300d5
00c900e7
00f700ae
009e00b3
00e600de
012000f2
00d500f3
01790189
02720152
01490145
018e0180
015b0139
01020175
017e0182
01c20111
0145011a
00c00132
012900b8
00ae00b9
009a00cb
00c700f6
00b000bb
00a700d2
00e000d9
00ce00bd
00ce00c8
009a00b1
00ab00be
009a00c2
00f800f1
00e800f3
01690137
011e0160
01120100
0118014e
010a0149
013e00f5
0100012b
00d80129
01e00205
01990152
010f010a
0157012e
01300132
01590132
01230105
00ff0121
01490149
011200d2
01290157
01750189
017b0137
01920142
01750155
01ae01bb
00930149
00990085
00960077
0137007e
005b0072
0064007a
006d006f
00c30073
00a30209
00960095
009f00a6
0095006f
00690087
0078008f
0075007e
00970065
00ef0116
009600b5
00e000d2
00e3009f
00c600a7
00d100ce
00ca00bd
00a000a7
006200f5
00a10061
007e005b
00a0006a
007e007d
0089007b
0066006d
006a0066
01520119
010a00a2
00e300d1
00ca00a9
00c5009f
00b80116
009800c1
00d90092
00f100e9
00e500c7
00c500ed
00d800bf
00d200c8
00b700d8
00a100ee
00ba00c8
00df01bb
00740086
008b0063
0059006b
006b006e
008b00a8
00760073
007f008e
00f000e8
0097009a
00cd00d7
00e6008a
008a009b
009800c0
009000ae
009800ad
00900106
00610096
0097009f
00e5008f
00a10073
007a008b
009b008f
00870072
007e010f
00bf00c5
007f00a5
006900b9
00970086
005e0054
0056005d
0086004b
00b900c3
00e600e5
00e300fd
010500bd
00e20129
0113012b
00f700f1
012100ce
00e300d6
01200167
013000ee
00d900de
0147012b
00f8010f
012500f3
014e0142
008f0162
00670060
00730121
00b000c8
00a50071
007d0067
007800a2
00910082
013201e5
00a200e3
00ce00d8
01420132
015200f0
00f90125
010f00d6
01120147
00a800c7
012700fd
012b00ea
012100d9
0137010e
00c90116
013000f1
00fe0106
00ee0102
010100e5
00fd0125
00f60110
01350111
011d0139
00dd0177
00db00ed
0125011d
00d30132
00e900e8
010e00f8
00e500fa
00a600a7
00ab00d2
00c600d8
018b0189
0102012e
012700f9
01750129
00de00fe
01210123
01570120
013b0170
006f00aa
0082008d
006100a7
009200c6
00970085
008500aa
00770072
007b0080
01060155
0162011a
01290108
00bb00dd
00a100e7
00b600ae
00a900a8
00c000a1
00af00ef
00bd00c8
00a000bb
00dd00b8
00a800cf
00950099
00a700b3
008800a6
01130118
00cd00bb
01120108
00d1011b
00c700ee
00da00d8
016b00f8
012200cb
01ce01e5
028e00ea
011200f9
017e0112
0217012b
01390135
018701c7
018b01f0
013e0155
0102012e
00e90118
0127014e
012e0119
00ff010a
010300d0
010500d8
00d0012b
00f10103
00de00e8
00c100e8
00e000b6
00c200e2
00f90100
00e700bb
01ce0182
01450130
00e60127
01250185
00cf00fa
013e0125
01520199
01950169
005d0160
00920077
004a005d
006e0073
00c8006b
00700082
0076008b
00770079
01320137
013b0123
00e9012b
011600fe
010f0122
011d0122
014500eb
017b0135
00ab009f
00be00c9
011700e1
01020137
00d300f3
00e100e5
00f500cf
010500e9
01470137
00ce010a
00cb00f3
00ee0129
00b60078
0087008e
017000e1
00a500b6
019e00fe
00ea00fd
012200e7
00b600f5
012b0139
00e000ea
00f0015b
00e800fb
00b7011d
00a000a1
00830082
00b10092
00b7005f
006a0073
008b00a1
0087008e
013b00e5
007f00a0
00550086
0068004e
0059005c
0050004a
004f005b
006f007d
00e800bb
00f7012e
00e900c0
00b700d7
00c200d2
00e000b3
00c600d5
00d60106
01050160
0074008e
00e1008b
01020093
0097009f
010200cd
00af00da
00b300c3
01020113
01800137
01020145
01420150
00e50106
00f80113
0103013e
0113010d
01160127
00bb00e7
00c60117
014501c0
010800cf
00cd0107
012300d2
0159019b
00f70137
01020137
01400100
01000132
01590187
01f70121
01620160
01c5016e
01290107
011a00d5
00b900e8
00c000e9
00b100a0
00b50142
011800a9
00d200a9
00be0145
00a300b7
00c300df
014e00c7
00a90096
00ed00da
00d000e1
00b700c3
00db00c6
00a0009a
008b0091
009300a8
00b1009b
00da00c7
00ad007d
00b300a5
006e00df
007d008c
008900ba
00a200ae
00950075
00ab009e
00730090
00b000c6
010000b6
01100125
00f9014b
00e800d3
00c800ed
010800ed
010000c7
00f00108
00ab010d
00a600a2
00aa009b
00de00ae
010200d8
00cd0095
00c10091
00c900cf
00c1012b
00aa0096
00aa00bf
00cd009a
00c80098
00bb00a7
00a000af
00a000bb
00cb0107
008f00b8
009800f0
012900d6
008d008f
009f00a3
009300a7
009f0093
00e700a6
0106014b
00d900d0
00d100d9
00e700a2
011100ab
00ed00b9
00d300c7
00c00150
00d500a9
008500b6
01b5007d
006700a3
00c60095
0081009d
0089009e
013000e3
00fd010a
011f0149
01890109
00f10140
01400177
010900ce
014e00f0
00a900a7
00a500ab
00d1008b
009b00ce
009300a0
00c700a0
00ce00a1
00b900a1
011d0190
00e600a9
008b00b6
011a00ff
00f300b1
011300ad
00e500c9
00cf00f9
011500c6
010600cf
00da00e6
010200d8
00cf010d
00bd00bf
00e200ef
00e500e1
009f00e0
00c700a2
009e00d8
01650072
008a008e
00730092
008a0082
00640083
009b00b6
010e00db
005f0081
00b10099
00eb0079
008b0083
00be009d
00bf00ba
012900e6
00ce013b
00e600ce
00fa00f0
00c800b8
00da00df
00bd00d5
011200c2
008500a6
007e0071
008300c0
009300f2
00f1009f
009b00a6
00dd009d
00a00098
00b90121
008e00eb
00aa009a
00b90095
00be0087
0086008b
00af00cf
00ba00ca
014900cf
0119010e
01110118
00ef010b
00e50115
00e700de
010e00d2
00f30110
00fa0107
00c200fd
00da00e5
00cd00dd
00db00f7
00f600c0
009900c0
00c100de
00e20085
00d300bb
009b00bb
008c00a6
00cd00a0
00c800a3
008b00aa
00910083
010f0165
01250102
0135013e
01a20123
0139015b
013b0147
01290100
01290132
00e700ea
016e0140
00fb0152
01170119
01090121
01030187
01060121
00ed0107
00db00d0
0101012b
00d80142
00de00fe
011000e5
00e200ba
00aa0107
013500e7
01c701e9
01c900f8
012e015e
01b20115
016e0102
0182011f
016501e2
01d202a0
013700df
012e0157
00d90120
011700f5
014900f1
0157010d
01060147
0149014b
01060115
0125011a
014e00e2
0145010a
00f60110
010900e8
00d7012e
00f300d3
00d000ce
011200d0
00ed00ce
011e00d8
00d300c8
00c0010e
010900e5
010300ef
00c101de
00870096
00590096
00890068
004f005f
00790044
00670057
004e005d
009d00be
008a009e
00cb0092
00c90119
00ae00a8
00cf00c3
00a200a0
00bf00ad
01250189
00f500f2
011800d2
011e00f8
00dd00ef
0140010d
01370105
01670108
00c200b7
00b200a1
00ce00be
00a500ee
008e00bb
00cb00b8
00e500b0
00bf00bf
00b000a9
00800089
008e0099
00f20096
00b000a1
00d800d5
008e009b
008d0092
01420109
00b700f0
00f800ba
00b700da
00e600d3
00de00e6
00d7011b
00f600b9
01050149
00d90113
00c000c2
00e9011e
00ff00fa
00ee00c2
00ce0123
014200f8
016500c3
015b0167
010200e7
013b010b
01390127
014e01b5
010b00dd
00e800fe
0135010d
009200c3
00ca00e6
00ee007f
00a300d2
008a00a6
00b2009d
00c9008b
00d100d0
00fe012b
00f8011a
00fa00f3
0119012e
00ce00e5
00bb0119
00f30155
00b700a2
00e00082
009f00ba
00f30081
00a2007c
00770087
00b3009d
00a90099
010200b8
01420132
00d90113
00d90119
014200e5
00e100f0
00cf0116
0127010d
00b000d8
00c500aa
009f0083
00ad0093
00bf00af
00bb00b5
009700b1
00970096
00bd008d
00ad0096
00a300ad
0099009d
0087008f
00990085
008f00b0
008d00b6
00d30097
00de00ca
00e900c3
00c800e6
009a008d
00ca008b
00a60091
00a300af
01b70100
00d600a9
00d1008d
00eb00cd
00a900ad
00cf00f6
00eb00b2
00b000ef
00c10132
009e00ce
00be00da
013000f7
00b300bb
010800a1
00fe0087
009500a7
01470116
011f0118
012e0152
011a00e7
01370125
00eb016e
013e0112
010900f2
015b0139
01370115
00fd00c0
01050130
01270125
00c70106
01650123
014b00e8
00f8016b
00b300f1
00e100c7
00a50147
00a200be
00db00a8
00c900a8
00c800e8
00a600c9
00e80082
00db00a7
00ab00b3
00aa00a2
00c000bf
00ea0092
00aa00b6
00a200b1
00ce00a3
00de00cf
00e000c9
00c20102
00b000d8
00e600a5
00990099
00bf00c1
00c700b2
00a800a8
010300f7
00b500c7
00b500bb
010300ea
00e600c8
009f009b
008300b0
00b30092
00a3008b
00af0096
0098008b
009f0095
007a0072
01650135
010100be
012e00cb
00fb0169
00d601b5
01720109
01770170
01970127
01290140
011000e8
00fd00e3
01a000e9
014b0117
01120157
01090140
012b0192
010d00c5
0125014e
00fd0106
0123010a
016900f7
010700fd
010000e2
00e20118
00b1011a
009b007e
00bd00c5
00910072
0087005b
0092007b
00720062
00880089
00ba010b
00a20082
0083009e
00c70086
00810082
00c500d6
00d10090
00ad00b7
00f00106
00760085
00a500af
011a00a6
006f0092
007f007e
00900071
009f0088
018e01eb
010b00ca
01270103
00ef00b7
00fd00ff
00f10107
01970137
01210150
00ca00a1
006400a8
00720087
008e0074
0083008b
007500a5
00a200c2
0076008f
00c600f1
00eb00ab
00c100ba
011d00fa
012500d2
00bd011b
010d00d8
00d900b0
00d200a6
008a0098
00db00a0
00c300ba
009a0098
00af009a
00a80093
00b300a9
00a20083
00bd00aa
00bd0098
00b000e6
00a000a1
00c700d0
00e7009d
00c000d8
00ab00aa
008300a1
00b300c6
00a300ab
008e00b2
009500d3
00bb00a8
009500b5
010a00e1
016500fb
01570117
01120147
01000103
00c700eb
00ff0135
010800fd
00ea009e
00e600e0
009e00a8
007b00aa
00a100ad
009500ae
007600c1
00710090
00be00a1
00860083
00820092
00630067
006a006d
006b006a
00730079
00a70068
00a000bf
00800084
00b700a9
009a009e
00cf0098
00ba00a1
00a2009b
00ba0099
00b600c9
007100b3
008c00a0
006a0083
0099008e
008200a5
00da008f
009a0097
00a800aa
00cd0098
00e100a9
00b00095
008e00bd
00b000b5
009b009e
00e00081
00dd00cd
01a90129
00ef016e
00df0129
00ef0102
00fb013b
012b012e
00e600df
01350125
00b10096
010d00ab
00b0008e
009a00d2
008700a3
009100cf
007e00af
00ad010a
00b000b1
008e00b9
009b0093
008600a2
00c800af
011100a8
012100a2
00b000a6
008100a8
008a00c0
008b007c
00930077
0083008e
008b008b
0095007a
013b00db
01050110
00fa010e
01300147
01320107
013200ff
015200e7
01100185
014b0239
010200d1
010600b1
01a900e1
015000e9
010700da
010300c9
016500f7
00d20135
01230157
017b0162
011f0145
010a012b
0140010b
00fb00ef
00ee010b
005f00eb
00690063
007f0073
008700a5
007a007e
00780083
007100aa
00a5006e
00bf0096
008500df
00930089
008a0090
007f007d
009900a8
00ab006f
006c009e
017b00e2
007d006f
008400b5
00920092
00d80092
00a20095
009a00a3
009700b6
00ed0091
009000b8
009100bb
00c20073
00a700c7
00ce0085
009e009e
00a100c2
00ba00d3
00ad0099
009000cb
00c00099
009500ed
009d00a5
00aa0093
009600d5
00e200ba
00a900da
00ca0102
00b000d9
00f9008f
0099009d
00930095
00b60101
00e2010b
010100be
00cf00cd
00ee00b8
010000e3
00a000ee
00e9012b
00e200bd
007a00d3
00630071
00790063
0102005e
006d008b
0071006e
007700a3
00570067
009200e0
009a008b
00e000b0
00af00ae
00be00e0
008400d2
00b200a6
00c100d7
00ad0070
00560086
005f0097
0072007d
006f0085
00510062
0077006a
0073007e
00ef010b
01390179
01270139
00f30117
010100fd
00db0120
01250111
00c70135
015e018b
0062005c
007f009e
007f0089
00370036
003f0038
0044004f
0055006b
01290167
00f700c8
00ad00ce
00da00ce
00bd00d3
00de00d2
010b00bf
00ed00bf
009700e0
009200a2
009200c5
00950099
005a0076
00810098
007e0084
00820091
0107018b
00d300b6
00c600cd
017500e2
00c70106
00f900c8
011e0107
014b0135
006700a7
00a80091
00a10097
00c00090
00b300bd
00b000e2
009300ae
008100a2
014b00c8
016e0142
014e010a
012b0107
0115012e
01370111
010b012b
011800d8
00db00e1
01900117
009f009d
00d500ba
00c600b8
008500b7
00bb00ea
00ce00e0
00a9003e
01c0006a
005802ee
0057004d
00510040
003e0057
003c004f
0041004d
0087008b
008c00c9
006b0139
00b600ad
005e00ad
00950093
00930092
006d008a
012500ed
011f0121
009000e5
00860099
005c0096
00740060
00670081
008d0097
0115018b
010b010b
01180118
013e01be
0115016b
013b0165
0197016e
01100192
00a000b2
00a80093
008700e2
00b800a3
00c0007e
00e600a0
00ba0096
00b100a1
00b9009a
00c600db
00c500a5
00e500be
00fe0091
00d600da
00c900ad
00ce00de
01590125
015e0112
0145010e
013b0119
013b0110
00ea0159
01130130
00d50119
00d90097
00e800aa
00f600c8
011100ee
00fe00e9
014e00da
009f00e3
00c100c9
00880097
0055004a
006c0054
00ad006f
006a0062
005b006a
006a008b
005e007e
00de00ce
00e10095
00df00b3
00b600c7
00a100b5
00cd00de
00be00af
00ab00b1
00a801ab
0095007d
009700a0
00e6008b
00700089
006a0079
006d0097
0076007e
00b1009a
00e700b2
00db00b8
00cd007f
00d200b0
00ae00ba
00a10097
00c300dd
007100d2
008a0091
00e300b8
008d00a1
007f00a3
007d00ab
008700a9
009d0089
00af00b3
00ba0093
009a0083
006a0092
008400ad
00a00070
00bf0081
00700086
01600185
00c900e6
00b300d8
022900b0
00bd00b3
00ef00bb
00ba00b0
00c200c8
013b0139
00b60087
011a00df
013e00e7
00dd0109
0123011a
00b70150
00f600e2
00b000eb
00bb00c5
00a000b8
00fd00c7
00a8009f
008d00b2
0093007e
009a0097
007f0095
0086007a
008e0099
00a500a2
00880080
00aa008e
009600ad
009a0097
0159011e
01270160
01390123
01050140
01080116
01290120
00f00108
00c700fe
01820112
012b013b
00f5011f
015e0110
013e014b
011000f7
012500d0
00f700c7
015e01a7
004100ae
00680100
007f00ae
005f0066
00720069
00a2006e
005b0062
00ef00a2
00bf0098
008a0095
00b600b2
00a900bb
00ad00b6
00990098
008b00be
015e0100
00ff0122
010e00e8
010f011a
010d0107
010e0101
00fa012e
01900152
009300d5
00a90086
00b5006e
00ae0092
00c000b0
009b009d
0086009e
00c300ab
009000ae
00d000e0
00a500a2
00b100c8
008f00c9
00af00c1
00b500da
00a100e6
009b00ba
008f00aa
00b30096
0089007e
0086007b
009a00c5
00aa0082
0099008e
00e500b5
00c700ee
00b600c3
00f100d6
00d900d5
00ed00ce
00b000ee
00b700e9
0165011d
01850169
00d700f7
014000ff
018700fa
00e30117
00e700e7
00cd00fe
01250140
00d00167
019000ee
010d00fb
00f50109
00f8011b
00ed00e6
013b00c6
00a000ab
00ee00a2
00ff0120
00e800d5
010600cb
011800da
010100e9
00d000f5
008d00d9
00a2007a
008b0091
007d0083
00a10098
00670079
0082007d
0083008f
013000ee
00ee00d5
01120103
00c5011d
01500142
01060110
01620145
00fa00f0
00830160
00660062
00390042
00820040
004a0040
00420039
00340051
00330032
00ce0102
00b70100
011d00d5
00bf00e1
00c200fa
01170113
010800fe
01020127
01110112
01130108
0107015b
00d200ca
00e800b7
00df00d5
00fe0113
00d300ee
00be0129
00c000b8
013e0162
010d00fb
00df011b
00eb0103
011500fa
00de00da
013000d7
01110175
015e010f
010e00e3
010b0169
011900e2
0100013e
00e2010f
00a700bb
0142018b
00d80139
00ba00d7
010100bd
00bf00f9
00c8009a
00b600db
015703c5
00d000e3
00e200ef
00fe00ad
0175009d
00b300af
00d10127
00d600ba
0096013b
00be008f
00b600a9
009f00c8
00fd00d2
00a300b6
00d000a5
00d3009d
00b200f2
00dd00ca
00f200ba
00d000bf
00d000dd
00c5010b
00e000f5
00fe00d9
00fb012e
011200e0
00ee00b9
00c900b7
01350121
00f800c7
00d700df
00e100cb
00e0011d
011b012e
0100015e
0130013b
011b0152
010800fe
00eb011b
018b01a0
005e0087
00af00a5
008d00a0
00e90087
00a30095
00af009e
008d00a5
00af00aa
00af0105
0084005f
0098008c
006e0097
0092009d
00a0009b
00b90075
00a000a1
00b000f9
012100b6
00f300ef
00e100b7
00da00f5
011a0120
00f800f1
00e300e0
011700f5
01420109
0189015e
00fd010d
01190130
01170116
010600f1
00ed0187
00f000ef
00f20112
012b014b
00f20149
01060117
0122011f
00cd0106
01230172
00d8009e
00c30066
008e00ca
00860083
009a00b8
00a70098
00a500a6
00dd00ab
009d008d
00a3008b
008d00c7
008a0086
00ca008c
008500be
008d0099
00fd00a9
014200d5
01520139
00fe0139
00e10113
011b0132
00fb0100
010900ed
01000107
00b600f1
00da00f0
00e000c7
00d900c3
00b800b5
00e2009d
00d100d2
00cd0099
00c100db
00f5010f
00d10132
00be00e9
00dd00aa
014500bf
00c9010d
00e700f1
008700ba
00bb0083
00780093
00a700b7
00870091
0084008f
00c00076
009700a0
00ad00d0
007e0078
007d0082
007d009a
0095007a
007d008a
00810062
00a60070
0121010d
00d800cd
013e00f0
01050177
00f300e3
00f30118
013200d5
011e0129
016000bb
0180014b
013e0140
00e20115
00f10117
01010129
00fe0170
00ef00f0
00cd007b
00ba00a1
009d00bf
009000c0
009800b5
00a700d9
0092008b
00e700a2
00cb0150
00e700c9
00c000b0
0215010b
00cb00c9
00f700dd
00c500d0
00d800c0
00d700f0
00ee00f5
010d0125
01130102
00ff00dd
00e60100
012300e0
011e00d5
011d00de
011900b8
010d0102
01490107
013700fd
0157010d
014000dd
017e0132
00d900f8
00b700c0
00c100cd
009300b2
009700c0
00c600b9
00de00bd
011b00ba
00e5010d
006c006c
0086007c
00be0087
008700b7
009a0098
00fa008b
00d000ae
00d300ed
00b80092
00dd00d3
010a00ce
00eb00eb
011b0127
01270106
011700da
00c60110
00890087
008500b3
0152009d
00ba009a
00b90066
00d600bb
009d00da
00ee00a9
00cf00ae
014500c0
00ba0092
00fa00c9
00b600e0
00db00cf
00bd00c1
009100b7
00e800c0
0083008a
00b800d0
00f6009e
009d00b8
009100b5
009d00da
0100014b
014e013b
011000e1
011f013b
011e0145
00eb013b
010d010b
01a0012b
00bb00b3
00fa00dd
00bf00b2
00d600e0
00f50080
00c500d9
009d00b0
00d70096
01230149
010a011e
016000f3
01470142
01f00123
018e015b
01370125
01b0014b
00ad008a
00be00d0
013500c9
00dd0098
00f800d8
009e00c5
00da00e3
00a700c3
00c500c9
0072005b
00870055
00980096
009200c3
00a8008e
0097009e
008d0092
01130109
01250115
012e019e
011a0147
01050132
00fb0125
01270123
00fe0139
00c300ce
00a000bd
00aa0076
016b00aa
00a90086
009300ab
00b1009a
007900b3
00e300bd
0100009a
00c500d8
00de00c3
00b000d7
00d200d0
00b300d0
00f500c9
014200d8
00df00e5
00a00105
00b000be
00e2013b
00f200cb
00e700ed
011e0129
008000a1
0074005d
0076007e
00cb0070
00670062
007a0063
007f0083
00600084
00bf00d3
00de00ab
00c90095
009a0070
009a009e
00ee007a
0096009e
0081008a
00ba00a2
00be00b2
00ce009b
00db00e7
00b700e9
00a300ce
00cf00bb
00bd00ba
00af00ba
00a200a6
008900a6
01010080
0067007e
006f0067
00700076
00870063
012700ae
009100bf
009500b1
009b00ab
00ab00c8
009e00c0
008b00b1
011700f0
011100c6
010100da
01700145
00ee011f
013e00ef
00f70157
00c600e8
01030112
00dd0140
00bf00a3
00d200f1
00f700cb
01520117
01370122
01080172
00f80127
00f100fd
01500195
01200100
0132012b
017900f3
015900f8
01450100
00ef017b
00d900b0
0095009f
00d30097
009e0086
00c20081
00990092
00a600c1
00b200a7
00e30093
00b100a7
00a500e8
008f0113
00ce00aa
009e00ad
009800ad
009200b2
00e60100
00c100b1
009a00c3
00c60105
00be00d6
00f500c5
00cd00c9
00f800d5
00f300d3
007a009b
00a900d8
009900e9
00b1006e
00f1007f
008300ce
008300b6
01030127
00d70083
00a00082
008900c0
0091008d
00b1007c
00ad00ae
008d00a0
008e0105
007e0062
00b50078
00c000ae
00790082
0099006f
008e0062
007b0057
00fd00bd
00eb0127
00ff0103
00bb0116
0107010e
00db00de
00ef0140
00d5016b
00d00091
0087009f
00a500d5
009000bb
00b600b2
009500cb
00890086
00a3009a
00ed00ed
00c500c0
013700e5
00e500c1
00f600e8
013200df
00e00108
016e0122
011600e8
00e80187
013e00f6
01420167
00fa00c5
0157010b
01390159
0147010d
01a9025b
01150147
01790167
01520117
0179014b
01670129
017e0177
014b0130
01200110
00f10107
014e0132
011e00d7
00fa010f
00e800fd
00f300e1
010900f9
011a012e
010d0142
01700118
014b012b
00f9012e
0109012e
013e0147
0120011e
01070075
0092008d
00c000f9
00a900bd
00a5009a
00950099
00b3009d
009e00a0
00d20087
01010137
00b200b6
00e90101
00f100a7
008f00ad
00c300fa
00b600b7
009300d9
009d00cb
00b20078
008500d2
009900b6
00cd00d1
009900be
00b7008e
00ad00b5
00bb00c2
00a6008a
009a0089
009b00ad
00ca00aa
00cd009d
00b300a2
00bb00e1
01230086
00ba00be
00df008f
00ab00a8
00f000e7
00e900d8
00e600e7
00930080
006f0084
009a009b
0095007e
008a00b9
008600b6
00830095
00970096
013e0113
0111009b
00d300be
012700f1
01180086
00ad00b2
00e000db
00b200ea
010d00b9
00ca00f7
00ab00d1
01210119
00c80147
00cb00e6
00d600e1
00c000d9
00b600d8
009500bd
0095007d
00b60075
0063007e
0097008c
00ab0070
008a008f
00ce010b
00be00c0
009a00af
00d200e2
00b300cb
00d200c2
00e200a2
00b800b2
00b30077
00cb00ab
00da009f
00d900a8
00ba00a5
00db00a0
00cb009b
0093009a
0093007f
008e007f
00ad007c
00a8007a
0071008c
00a60086
00a900af
008200a1
00af0122
00ab0096
00ad00b0
00b300c7
00e300ef
00c900e5
00a9010f
00e900df
00ad008f
00ca0099
00be00bd
00f800b2
00b300b5
00cf00a6
00f200af
00cd00c9
00e60084
00a500da
012900b3
00c600d2
00ca00b0
00d300ba
009f00cb
00c000cf
00a500af
00a800af
00d000e6
00e10085
00d800ae
00f500b6
008d00d3
00f600a0
010f0147
01300117
00e70121
010b013e
015700f5
00f200d3
014e0112
01b00102
011a00ee
00ed00f3
00fe00e7
00c000db
00e50113
00ea0106
0110010f
011b00e1
00ad009a
0217010f
009b00f7
00fd00aa
00d900a3
00a700a7
00bd00a6
00bf009f
00a90086
009200a9
009f0085
008e00c0
008400a3
0089007a
0076008b
008d009a
00c900d3
00bd0091
00b000ce
00c000c6
009800bb
00ca00b1
00ff00f5
00bb00e5
01690177
00f600f8
012e00c8
012b010d
00f30125
012e00d9
00ea0110
0129012b
01420117
00fe00b8
01020102
013700db
00f600f2
00b100e1
00d800a1
00e700ca
01820150
01a90108
0179016b
011a0137
013000eb
00f900fd
01800149
013e0162
0117012b
00be00ab
014b010d
018500ce
00e500ed
011f0129
00f8010a
00db014e
010800d3
00730084
00c300c2
00a000c2
00a700b6
00c000be
00a200d7
00d800d2
00e100f1
00b300c1
00e200b8
00ba00b3
00be00cd
012200ba
00e6009d
00eb009d
00ef00b8
01010139
00e60109
00b700dd
00e800be
00c9008f
00f100a5
00ad0087
00ed00ce
00950095
00a500ab
00f200cb
00a000ae
00cd00aa
009e00b1
00aa00bf
00c0009a
00820087
007900ce
009b00b0
00890072
009f008a
008b0071
006d0071
00ba00fb
0076008b
00a20091
00e0009d
00af0072
00c500d7
007d00ca
00d80112
00e500da
00a700ea
00d900d2
00e800d3
00c600d7
00de0129
00f700b7
00d500cd
015200fb
013e0135
01650102
01230135
013b0127
010f015e
010500d5
01170175
00e600ed
00b500cd
00d2008f
012e00b5
009b00c3
00a900a3
00e900cb
00a200ad
00aa0112
00cb007c
00aa00a2
00a20099
00a200c9
00b20083
00bd00c0
00bb00c3
007c00de
007600a9
005e0097
00f50091
005e0078
008700a0
00870093
0097009a
0075007d
005d0059
00680077
0055006c
00980063
0069006f
008d008e
0079007f
00c700ca
00b00098
00980093
00b60087
00bf00db
00c000b2
00b500bb
009f00bd
011700e5
01500110
0112013e
01100147
0137016e
01050106
00c100f2
00f200f2
00db0106
00ba00c6
00c000f7
00c300c3
00c500e0
00bf00bd
00ea00d5
00f600c8
00b500fb
009d00e0
00d600b6
009f00db
009600e2
00bf00d8
00ab009e
00ab00ce
010d011e
014900e0
01150149
00f9010e
016200f5
012b0177
00f600f2
011000d2
00e900a1
010e010d
00b800cb
010900a1
00ae00a5
00db009f
00b300cf
00a800b6
00ff00ea
00e700cd
00e600d7
00d500ae
009b00d9
00ce00b2
00b100e9
00e7012e
00df0100
014900f8
00f500d9
0119011a
011f011e
00e500c5
00e300d6
012e012e
00af00ef
008900ab
009100ba
007b00ad
008d00a5
00a900ae
00ab00df
00cf00a0
00b700dd
00990098
00a00087
009f00c6
008c00b6
00b700c7
00d6008e
00e000db
012b0110
013b0190
00e70140
01c20157
01350100
01d9017b
00f00119
01b90169
009d00b0
00fa00f2
00b100d1
00dd00e7
00f900bd
00fb00d1
010e00fb
00c300fd
00a2009f
009200c6
00dd0091
00b7009e
00bf00bf
00a300ca
00af00a3
00f000da
00c300ad
00cd00fa
00d200c1
00c1010f
00a500e1
00da0117
00f900e1
011700d3
006e00ab
004b005a
00770075
007b0060
008d0064
00810062
007a006e
0061006e
011800d7
010b013e
01920135
011800d3
0118010e
011200f2
00dd00e7
013000fa
00ba009a
007a0069
00760097
00a00085
00820084
00750098
008c00aa
00c700ed
00ea0125
011b0115
00f5010a
01550170
01470125
012e0106
010a012e
016b017b
00eb0091
009b0099
00ae00b2
00b20086
009f0090
00ca008e
00df00ef
008f00b3
00d60090
0142012b
00800167
009900b0
00a80086
008500b6
00710085
008700a0
01060106
00bd00fb
00e900e5
014000ea
00d700b2
00e600d3
00b60097
00d200f5
00f500c3
00f800c2
00b200d6
00d600c8
00d300b2
00e600c1
00aa00b5
00be00d6
009200eb
008a0089
00820096
010e00a9
0091008d
00a200bd
00c100a0
00b60098
0137010a
013500df
0101013e
01370147
00fb00d0
00e80117
00f90169
01190110
009700ef
00a8005e
00770065
006d0076
0091008d
009500b6
00d80087
009100a8
009a0073
00930078
0087009a
00650093
0072009e
007c00a9
009e008b
00970089
009b011f
009e0072
008e0099
0096007b
009f00fb
00d500a7
009f00be
009f00b8
01390207
01290197
00cf0159
00ea00e7
0102014b
01450147
0159017e
017e017b
00af00ad
00e700ca
00e90107
00a900e7
00ed00c0
00aa00be
00cd00e6
00e300a6
00a000e3
009f0084
00810076
00840065
008b007a
00810079
00810080
0076008d
010500f6
011b00ef
00ef010b
00ff011a
00d800ef
00fb00d8
00f900e5
00ca00be
011a0150
006f0079
008b008d
00750087
00af0093
007a006d
00e10095
006b0066
010100de
013e01bb
011d011f
00d10139
012000f9
00e80105
00c9010d
014000c0
00e10112
007e0085
008400ae
009f00d8
010100c9
00bb00a1
00aa00d3
009100c0
010800ea
01290125
00fd0120
013e0142
01520110
01230145
010600e3
011b013b
00f800c8
009d008e
00d900f9
00a900d1
00d800e8
00d600a2
00d300cf
00e500f7
010f00ce
00e500ef
00db00eb
011f016b
00b100d6
00d90125
00e600db
00d700c5
00af0107
00c600d8
00ca00c6
00a800bf
009100b1
00cb00af
00b100c1
00bf00bb
00d1011d
00fa00d6
00b200c7
00e300c9
00b100b0
00a600cb
00d900ad
00f000c3
00b2011a
010000b0
010200aa
00a30110
00c600cb
013000ca
00cf00bd
00b500cf
00c800c3
00c700b8
009300c1
00a800c8
00b70093
00e200d2
009500da
00d8009d
00ad0105
007a0065
00b50089
00ba00c3
00c600d3
00eb00bf
00b100c2
00be00be
00ad022b
0086008d
008e009a
00b00067
006d006f
00670075
00760083
00980071
010f00e2
01470122
00bf00e3
01200187
010300d3
00ca0130
00be00bf
00eb00b1
01670125
011d0135
01470103
0122013e
013b0115
00e500e7
00ef00f2
00d5010f
015000c6
01950189
00c70109
00a100c1
00b60096
00b600b5
00c100a8
011100bb
010800f5
01820135
01070165
010e00f7
017b0142
00de00ed
00d00109
00e600bd
00a5008d
009e0084
0106009b
00aa0089
009d00a2
00b000a5
00db00ba
009500ce
00b100ca
00810061
00be00b8
00af007b
009800b7
00b5009f
00aa00c2
00f900c1
00bb00e8
011900b0
010a009e
00ae0097
009800ca
00b900ba
00be00a0
00a700b3
009100b8
00c70076
010200ad
00a000a9
00a700ad
00c800c6
00d100a5
00b500cb
00df00b7
017b011e
00f800f5
009700a9
00a000a8
008300a9
00b8007e
00ab00a9
00db0099
00a20097
00db00ae
00bb00de
008f00b8
008200ae
009500af
009b008e
00b200ad
00930111
00c200cb
00ed009d
00cf0113
009100c8
00e100cf
00cd0140
00a200de
009d0093
00930069
00d3007d
0099009a
00a0008e
007d0089
0080008e
008b0093
00a2006b
0092007f
00740083
008a0071
00710083
006b0075
00830069
00c20145
00820076
00750088
0076006c
006f0066
00870056
007d0061
009d00a3
00b800e1
00d100e3
00af00ba
009a00d3
00c90097
00d100a1
00ad0081
00bd00d6
00af00ca
00ba009a
00bf009d
009f00e6
00bf00c7
00ca00f2
009200d1
009f00ae
00ba00cd
00fb009e
00b200eb
00c900b3
00ef00bd
00b300f9
00b300a5
013000df
00ef0130
00b100d5
009900f0
00c800fb
013000a3
00a20088
00b900ae
00b8009d
00f500f3
00e000ba
00df0105
00b000bb
018e012b
00e300cd
00f000ea
00c200f7
012700ee
00f900af
00d100e9
00de00c2
00d200c7
00e500e2
00fd00d2
00c6014e
010b0167
011100bd
00f300bf
01590122
00d70100
01220116
011801c5
01250157
012300d9
00fd00d1
00f20142
012b014e
01250139
00f80160
0120012b
014b012b
00ab00de
00b0007f
007f0095
00e500ce
008f00ce
00a000b3
00bd00b8
00a70087
0140016b
012e0142
00d800e8
00c900f0
00a50105
00b900ea
01300101
00dd00d8
00de00e0
00e0009e
00f300c3
00c50115
00d500ea
00bb00ef
013e012b
00c800f2
01390140
01590195
017001c2
01f50177
017e01f2
01cb01a9
01250167
0170016b
009700c1
0084008d
007a005a
00830085
007a006e
006e007d
00870083
006e007b
00ff00e7
00d2008e
00c700ef
00cb0090
00b800dd
00f10098
00c800e2
00cb00f2
00ee00c0
00dd007c
00fb007a
008a00ba
009500ab
00c000a1
009e0085
009b0082
00d100c7
00f000f1
00d500fe
00d500ba
00f300f3
00b30102
00ef0132
00ae0121
00ca0086
00ad00a6
00fb00be
00cd00a3
011200bf
00be00b6
00c800ba
00a800ae
009b00be
009a008f
00d000c2
00d10083
00b200b9
00ad00b0
00aa00a1
00db00ba
00d000aa
00b7011f
00db00e9
00f800b3
00ea00b2
00fd0147
00bb013b
00b000d3
00a700a0
00cd00b0
009800a7
00a30097
00c3009e
00a100b5
00a100bd
00b500c6
00720099
00b000b7
0092007f
00e3008d
00a700a7
009e0092
0095008a
00890066
00ee00f0
0111013b
00c10157
01210139
010f011a
013900f9
00fe0111
00f00121
00a100b0
00810084
00d200c6
0098007d
007a0076
00900077
00e100ba
0082009e
00d00125
00b100a8
0099009d
00bd00ab
007a00bf
007200a1
00cd00d5
00bb00a3
00ba00ab
00e100a2
00ad00b6
00ae0092
00ce0095
009a00aa
00a00086
0076009b
00a70197
006f0098
008300d6
008a0077
008e0082
006e0065
00b50075
0063007c
00a800c3
00ed00da
009600c7
008200db
008f00aa
00a6009e
00a500a5
009200a8
00f70140
009f00de
00e100b0
00d600c9
00ca0095
00bb00ea
00e000f0
014000ce
011500d8
00e100a6
00ca00b9
00ee00db
013500f2
00e000df
00f200ba
0118010e
00af009f
00c700d2
00a10116
00de00c2
00b900e7
0115010b
00b200a7
00d1009f
010d00ff
00ed0190
00f700e8
018e015e
013900d2
00dd013b
012900ff
00c70140
00f00160
01650169
018b0137
016700f8
011500df
011f0129
00d00117
0103013b
00d20100
01620169
00db011a
024700f9
011e0157
01270152
0149010a
0112012b
00bf00c2
00a700b7
00b800cb
009f006b
00bf008e
00b200a5
00a3008d
007200a9
00af00bd
00c300b9
00b60085
00aa007d
00a20137
007a00ae
00c000b3
00c900e9
01080083
008e0079
007e0099
00b700a9
00a2009e
00af00a1
00b6009f
00af00ab
00d10092
00a500a5
008e00c8
00a900a6
008400a5
00d000bd
00ab00a7
009900dd
00e2009b
00a500ba
00c3009e
00b600b3
00a20080
00930093
00ce00a8
009d0096
00b700b9
00eb00eb
00c500e7
00b600b7
00af0142
00e800e9
013e0119
00db00c9
00b200c1
00c100e1
00bb00bf
00c700c0
00a600cf
00aa00c3
00b200ca
00a800a6
00da0195
00670069
006b0051
00ba004d
004d005d
0054005d
0073004d
00510055
00f700e3
008600b9
010a0086
00dd00e0
00da00bb
00a900a9
00ee00ba
00ee00d6
00b800e5
00720050
0079009a
008b0093
00920061
007e0077
00980079
007d007d
00e200b7
00d700ad
00a900b7
00c600f8
00d000d9
00ce00d6
00a100e7
00ef00ed
00f800f5
009200a6
013000eb
00e800d2
00e50098
00ee0106
00ca00ca
00d30119
00a800df
007200bf
00b5008b
008d00a6
00be0084
00aa0096
00a100b8
00ff0093
00c60106
00ab00be
00d300e2
00f700d7
00f300bf
014200cb
00fe00f8
00e900eb
00d300a8
01390139
00f200e0
00e50113
012500f5
00c50112
00d70140
01250129
0102017b
018701c2
01e7019e
011d00f6
01850101
016b0142
0115015e
012700e5
010900e0
016b0149
017500f1
010f0103
00d70122
011e00fa
00f000e0
01250105
008700a3
005e00b9
00a000aa
00f900b3
00830091
00c20086
00a700ba
00c000b8
00d80177
00e100b0
014900bb
00d300b9
00b300b7
00f100c0
00af00d2
009d00c8
00b900c6
00d300c7
00a3009f
00c700b7
009a009b
0092008b
00d100a0
009300c0
00e800b9
01250125
012100f5
00e200e6
00f100ca
00c700a3
011300b8
00b600da
01060102
012700df
00e800fe
00ed0147
00fd0137
01180157
01070162
012900d3
00c600b5
00f7007e
00b200c3
008a00c0
00e500bd
00c000a8
00d500a5
008a00eb
00b500ba
008f0092
008000a0
009e0081
00a60076
0092008a
00c00096
006f007d
00be0185
00a600ae
009a00cd
0093008d
00b80098
00a700a0
00d20095
00a200b3
00bb00ab
00db00cf
00b900dd
00fe00dd
00c600e9
00b100da
00ba00aa
00c300d2
011900f7
01080087
010600fe
00c300ca
009a00a1
00d900c0
00f700d7
00d200da
0123013e
00c800fa
00da00d9
0105010e
01170139
01200157
01120123
019200f9
0180015b
01210121
011f00cf
00e300d0
00ca00be
00fe00fd
013500c1
011d012b
00a8006d
00a7008e
00ae0079
008d00a5
00a10095
008a009b
0092009e
00bf0084
00dd0137
00cb00ff
00ba00d9
010d00bd
00cb00cb
00d000ee
00f800dd
00d000cf
00a500a5
009900a8
00960098
00b900a0
00a300c1
008f0084
00b8007d
006f00ba
009d00a0
009e008f
009800a6
00a800a5
00890091
00ab00b9
009800df
00ae00b3
00a900ab
009800a8
00be00b2
00870096
0073008f
00be008a
00a5009a
009300aa
00f800ef
013001a9
0125014b
0120011e
01290113
0118015b
01a50116
00f6013e
00e70097
009900d0
00a90095
00c8009e
00d700b5
00cb0096
00a60097
00ce008a
00ee00c7
00ea00b7
00b300ca
00f800c2
00da00e3
010200b1
00d900ca
01170110
01110125
010a0137
01300175
0165016b
010a0116
00f200f5
00e500f2
00f00169
00ca00ef
010000f2
00da00bf
015b00e7
00c100bd
00ff00b5
00ee00de
011d00e6
00e800ba
00ab0095
00950102
00c000d0
009d00a6
009d00c5
00e000ce
00ab007e
009200a2
008a0071
008600d9
009900a7
00ef008a
009700a6
00a700a0
0093010a
00d600f7
008100f9
00c600ea
012300f3
00db00e2
00a500b7
00b100c2
00af00ee
00c300ab
007f00a1
00830096
00770086
00db00a0
00a200a3
00c5008b
00a60082
012700f0
01a0014e
0121015b
013001ab
012b0142
01590142
00e501a0
00e5012b
011700ce
00fa0140
0135011d
00ea0147
00fd0118
00e30100
00c70102
00ca00d0
00b200a6
00bd0076
008e0099
00a5009a
007d008d
00a10087
00bf009d
00760089
00d800b2
008b0086
00900085
00de0089
00b000cb
014900bd
00ae00d5
00d800c3
016e0147
012700da
00e00112
012b00ce
010a0139
012b010d
01050167
01170147
01600117
013000d7
01490105
017b0110
01170142
00f10112
01890101
012e012b
01390118
00fa0189
00df0119
013e0137
00d30130
01350115
00fb0109
011f0113
009d00a8
00d10105
00be00c0
00cf00c6
00b500b2
00c600d5
00d000be
00ae00be
00d20105
00d20108
010a00f7
01170121
00e300d9
00fd0169
011200ee
0109012b
00be00b3
012500c6
00d20110
00da0102
00d500d7
00e100cd
00b200e3
00a800c2
00ed00df
01320160
012500f8
01230165
012b010a
01490175
012e00fd
00e600f9
00a50073
00ae00c6
00a200d8
00b300be
00bf00b2
009100a6
008200a6
00c000e2
00c80145
00c900d9
011f0119
013e0101
00d10172
00e000e9
00ed0132
016900f2
010f00f0
00b200c1
00ae00eb
00f000da
00a900c7
00e000f3
00c10107
0150011b
00a000e0
009a00a9
009200a3
01e000c9
009700b3
00c500d5
00cb00b2
00d100bf
00c50075
00b700f3
00b500b5
00e50083
009700b8
00a200a8
008e0087
00a10092
00c80088
00db00aa
00b700c3
00b900d3
00c3012b
00bd00e0
00a80099
010a00d6
00eb0109
01290162
01590123
00fa00de
00bb012b
010a0140
00ee00c9
00d600d7
00be00da
009a00b3
009800aa
00c000ab
00ad00af
009800a9
008d00e9
009d00be
008a009f
00a900cb
00a800b7
008100a0
00860087
008a00a1
009e009e
00c2009d
01870157
011900cf
00fb0123
00e20119
01390100
014900f9
01bb0115
016e0125
008300f2
00b200ce
00f000af
00e700fa
00e100bf
00f60107
00bb009f
00cf00e9
021b0100
00df00bb
01060122
0132012b
013e01a5
010d0149
015e013b
01ab0170
013900bd
00f200e7
010200b8
00d600e7
013b0109
00d70102
00e800d7
00ce00c8
00d60103
009600ea
00ca00c1
012500da
009800ab
00c700b8
00ce00d5
00a20100
00a80093
00770074
009a00b7
00b1009d
00b90097
00f90082
00b800be
00c000a5
01090139
00b10129
00da01de
01000152
010e0152
0132011a
014e016b
014b0132
00b100c2
00e900a6
00a1007e
00b30098
00da00a6
00a9009e
00ce00b1
00bf00a5
0113011e
01170103
01790152
01320149
011e0100
01060103
00fd0130
00fb00f2
00fd007e
00af0097
008200c5
00a200c1
008500c0
007700a0
00a8007f
0089008f
009f00a2
00bb0073
00a900ce
00eb008f
00ad0097
00af00e2
00a500ab
009e00c2
00ce0125
00d900dd
01590115
0147010b
00f50140
00f100e6
0119013e
00e900fb
00e100d5
008500b0
00960086
00ab0079
007e0088
008200b3
0090008c
00620074
00c9009b
00bf00ee
008b00c3
00ad00b0
009a00c6
00ad00d5
009600cd
00d700ab
024901a2
014701b0
014b0117
019e01a7
01370217
0140012e
01db0182
01320137
01470217
00ea011b
01690119
01770129
015e0108
010b014e
0127013e
01470142
00f500e7
00b800c3
00b700cf
00b200b1
00f100e6
00da00db
00a300e6
00fb00bd
00cf00a0
00e700db
00e100bf
009900a3
00b9008e
00ce00ae
008a009f
009300a1
00f500d1
012900e1
012700fb
00f20116
00ca00ef
010b00e3
00e800fe
00de00bd
0116011b
017000f1
01060100
01050140
01390102
00d600fe
00e00125
00b3012b
00b100b9
00b10098
00e800a2
0071009a
0097008f
0089009b
00a9008a
00ae007f
016000e8
00f60129
012b014e
00e000f6
010f00f6
011d010f
00a500e1
010e00ef
00a700b6
00910119
00ab0083
00cf00b1
008e00ad
009300cb
00d0009d
009200b6
010d0106
01270137
015b0142
010800f2
01670149
018b012b
01010127
00f00119
00d20132
00f700ad
00870102
00e300f9
00bd00bd
00b300a5
00da00ab
00ca00d5
013b0169
00e90120
00f800ea
00c300e8
00ee0139
00e20106
01070112
010f00cf
00e60101
00a20070
00b80096
008c0117
00b700b2
00a300a8
00b70099
00bf00bd
011500e3
00d00147
00f00140
00b300dd
016200eb
011a016e
016e00f5
00ff0115
00ff00e2
00b600f7
00d100ab
00e900fb
00ee00c0
00e500d5
0109010a
01200116
00c600c0
008f00df
00d300c7
00a100af
00bf00b2
00c500a0
00b500d1
00cb00af
012500ca
019e0103
00f30103
010500fe
00da00fa
010b0117
010f00fa
00d0013b
00ed00be
007f00e8
00be0099
00a600ae
00aa00cb
00c10086
00a000ad
00d7008f
00b6016b
00e70140
00d900be
0100010a
00f800eb
00ce00a3
00e100f7
00e700b5
00f000c3
007a0073
00c30098
0088007b
007d00b7
0070007d
00a700a2
00b00081
00de00d5
00ba00c8
00c300c7
012700be
00c20119
00c700c5
00ab00c7
00e000f6
00f10142
01210167
00cb015e
01100101
0122011d
00e50110
0127016b
014700ed
009e008b
00b6008d
00dd00b0
00af00b3
00c200a8
00ad00aa
00a700b2
00b200b7
00d900de
00b700d2
00c6009e
00dd0127
00ba00d2
00e800dd
00d000da
00d3012b
00a800fd
00d200e1
00db00ea
00e600d9
00dd00b3
00c900b2
00da00ca
00c600d9
00a600e9
00c2008a
008c008f
00ad0086
0096005e
008900b6
009d0099
00c300ce
00810091
00f200c1
010300ab
00b800b7
00b200e3
008700df
00a900b7
00a100a1
00920097
00c80083
00a5009b
00c0009a
008b0086
00c9008e
00aa00be
00aa00c5
00b8007f
00ab008e
006e0084
00d60067
00790076
006e008c
008a0099
00a0007b
00ee00d7
00d00083
00a9009d
00a800a9
009500b2
007f00fd
00b700ae
00d7009b
00a100bf
007e0061
00b700b8
00d00074
009a00ae
009500bd
009500fd
008a00a0
00fe011e
015000a9
011f00c8
00f70113
017e014b
00f70159
0119013e
01320118
00b300f5
00f80097
00ae00b5
00b600ce
00e000b8
00d000c3
008f009b
00bf00bd
007f008d
00b20095
00a80070
0097007e
009600db
00740078
010000c7
00ad0089
00ad00b5
00af00ab
00b200d0
00f8007f
008e00bb
00d000dd
010100c7
010500bd
009500b5
00d200c9
009000b7
00b800d0
00a100c9
009600a3
00a500c7
00b500b6
00b700e2
00b70086
00930086
0093008a
009900c0
00c700be
00af00ba
00a0008a
00bd00b8
00be0074
00930082
0093008a
00c20091
00920081
0083006d
0091008a
00f10110
00ea0129
00c50142
00d500f7
016b00f8
00b800be
00ca0110
00b10092
010e0145
008a00a2
009700a8
0097009a
00a200b1
00b80096
00bf00b0
008400d2
00ae00c3
009d00a2
00b800fa
00f60093
00c800af
011b00ce
00cd00e0
00e500b8
0085008a
007e009b
00ca008a
00a600eb
00c6008e
009f00a7
00b000a1
00a20099
00cd0099
00820087
00a50091
008c0099
008f0063
009600ca
009f00a3
00ab009e
00fe00ee
01150106
00f9011b
013b010b
01270187
01290121
015b0130
00e500f5
00c00101
007b0099
00be00aa
00750080
00a0008b
00b800ce
00d10082
00aa00b8
014700d1
01300091
00e300c6
010900ed
00d100b7
010800e0
00b300c8
00e20117
00db00f9
00a500fd
00b100f3
012e0098
00ba00b9
00a2009b
009500a9
00ca00da
00c700a6
009b0099
00a10077
00af008c
00b100ab
00980098
00a500e9
00ea009a
00ad016e
00b300b6
00e600d5
00cf009a
014b00d2
00d200e9
00ab00e9
00bb00fb
00e100a9
00d8008a
009000ad
00b900e7
00c000c9
00c800e8
00de00e2
00f300f0
009800b1
0087007c
007c008d
008f0087
00980073
00ca00b5
00da0096
008b009d
00f700d2
00b000b7
00b500d3
009e00b5
00b200ed
00dd008f
00a000c6
011200ae
00f90117
00da00b2
013200dd
010900d8
00e200e5
011900e0
010a00f6
01370177
007e00d9
00dd0091
012e00af
00f300b8
00d500a7
00e200f3
00a000cb
00c100e3
00d700ba
00be00b0
011300db
00db00cf
00e800b7
00fe00d0
00c800a6
012b00d8
011b0197
010100d2
00e900f1
01890105
015900de
013e015e
012500fd
00ef014b
00e200c7
00a800a5
009900ba
00ae00d2
00ab00b6
013500ce
00d800ba
00c000b9
00d90083
00810086
00710097
009f007b
008300a2
007d009e
00ba009b
00c80097
00e800f7
00f200ba
014200f1
00c50100
00e200c0
00b700ce
00da0108
00b000ee
00d000ed
00a900aa
00ab00a5
00d3008d
009f00d9
00d000b8
0095007f
00b800a3
00ca00e3
00d500b5
00a200cf
012100ee
00aa00ad
00cd0098
00ea00c8
00b50147
00930121
00c200a7
00b000a1
00fd009e
00a500a0
009b00a5
00ed0075
009200b5
00ae00ee
00ca0099
00a700c9
00d900a1
00b000b9
00e800f1
00fb00ea
00f000d6
008a00c0
00750070
00740068
007f0067
006d0098
00930067
0074008a
007600be
00d8012b
0115008f
009f00a2
00c100c9
010200ab
00a9009e
00a1009b
00a700c5
00b800b2
00c700eb
00fb00a8
00ad00da
00c000af
008400ee
00f000bd
009800ab
00ad0098
00890085
0097009d
00900098
009500a5
00a90081
00bb0095
00bf00af
014e013e
00cb00cd
011300db
00dd009f
00b70109
00e500de
00d300e6
00dd00b0
00f700f6
013200e3
00b200e8
00d60102
00ef010a
01a000fe
00f200d0
00e800e1
00b80096
0089007d
00da009e
00a70076
00c200c8
00a60091
008f0095
00960089
00db00f0
00fa0112
00eb0117
01060103
00c300ee
00d700d9
00c200d6
010300a9
0110011f
0145015b
011e010a
01850132
01420127
01160119
013000e1
01020110
00b600ff
007f0069
007d0097
009300fe
00a300bf
00ef00ba
00af0096
00c900af
012b0147
01190162
01b7010b
01b501c9
018b013e
018e018b
019001bb
017e01ae
007300ba
00cb0093
007a0092
008f0083
00880098
0098009a
00de00c5
00ae009b
00ee00be
00a6008d
009800a8
009a00df
00bd007f
00c2007a
00c700b3
00c900a2
00bf0087
00d90099
009900d2
00d0008b
00920096
00c7007c
00ad00d7
00a9007f
00a000e9
008f008a
00c000aa
00cb0086
009300a6
00cb0093
00a700a9
006100af
00eb00b5
00870087
00c50070
00930063
009a0082
0087008e
00a500a7
007d009b
00b100dd
00a300b9
00a2009a
00f3008f
00c000a1
00ad00b1
00b900c7
00d300ef
00d6009e
006d0065
00980085
005900f7
009a0087
00950063
008f0072
00760098
00b700b3
00e200bd
009100bb
011100e0
00d800cd
00bf00d7
00bb00d3
00ee00a6
00b90093
006a00b9
00920096
00aa009f
00a300cb
00c000db
00c200c2
011300c3
00cf00b2
00a800a5
00e600ae
00a600d1
00af00bd
00d600cb
00ef009d
00bb0093
010a01bb
011600b8
01f90142
00f1010a
00cf00ee
01670127
019201d9
01390140
00a800a6
00da012e
00f30116
00cb011e
00ff00d1
00c900d8
00e200b3
00a000c0
015500ef
01150142
00fa00f0
00fb0113
012e00ff
011d0139
01130147
010b00eb
00ed00b7
00b10071
008b0088
00c10095
008f0085
00a90092
009e0085
00b500b1
00d600b6
00bd00b5
00ab00cb
00bb00c5
00fe0095
00aa009d
00e500ff
00be00c9
0125015e
00e30083
00980070
00b60082
007d0078
008a0075
007a0089
0062008c
00a100a3
00cb0091
008500ee
00ae00b7
00b900aa
00af0097
00b100a9
00c000b2
0145011e
00da0102
00eb00a3
010b00f2
00d900d5
00e50140
00c800c6
00d800ae
00a900cb
0090008a
00d30095
00c20093
00b1008d
00b600a6
00a900df
00a000f5
011f013e
010b00d7
00de00fd
00d200d3
0107012b
00e500ed
009a0129
00e700ab
010b00b8
011d01a0
015900d5
012100d5
00eb011b
00e200e2
00f900e7
00fe0147
012500ee
010d0106
012e0113
01130103
01020101
00ff0139
010000fa
013b00df
00f2013e
00e900af
00d200c1
010700de
009100f6
00f600c5
00fb00ca
00fa00be
014e0135
008300be
009f009d
015b008b
00fb0096
008b00a2
00a600a7
00b600cd
00fd00fb
011b00b0
00e0010a
014000ce
00b30157
00f500d0
01250101
00f50116
00d700bd
00a000c2
00770096
0075008f
008a00b8
009d00ab
008b00be
007800b0
00c800ce
008e00c5
00d200eb
00b000f7
00b900e8
00bb00b5
00d70102
00bf0112
00b900c5
009f0087
009800ad
00a300a5
00de00eb
00ad00b9
009200cd
00c600ae
010e00e0
010700cb
0137011a
00d600fa
00e2012b
010e00fe
00fe014e
00f2012e
00970092
00e100a9
00a800a5
00e000c7
00c000c5
00ee00e2
00e2010a
00df00d7
00c700b5
008c00ab
00c50079
0086009a
006e00a8
007f0090
00a10072
0087007c
00ee0127
00cb00b3
00760127
00930072
00d00062
00a6008f
00750085
0081006f
013900f9
00c0009d
00b70129
00ce00f5
00bf00f2
00d600c5
00e50119
01490130
00bf00b7
009900aa
00b50097
00a700cb
009000a9
00ab00b6
00a800b1
009a00fb
008a008a
00860089
00dd00a1
008700bd
00720098
00860095
00b60099
00d20093
00b500e0
00d200ae
00d5008e
00ba00d2
009a00be
00d300af
00a200c7
00d000c8
010500b6
00d500db
011b00d3
00aa00f2
00df00c3
00d30113
00cb00e5
00dd00f3
015b0162
00eb00fb
015900fb
00f100f2
010b0175
01550135
00fa012b
01250167
00ae00be
01160125
015500ca
00a300f2
00c90103
011000df
01200115
00be00f8
00b5009d
0091007d
008d00de
00a900a9
00930092
009d0086
008d008b
00870092
00cf00ef
009a0098
00bf00c5
00f600ee
01020102
00f000db
008a00c7
00cd00dd
00df010a
00d2008b
00c800b1
00b700c8
010500c1
009800d8
00f000bb
00e200c1
00bb00c9
00a900c0
00bd00ab
00a300c0
00ce00b3
00a900b3
00b10098
008500b5
009600d2
00b900db
00c2009d
00bf00c6
00a700d9
00da00b5
00a200b7
00cb00cb
010100c8
009200b2
00b700a8
00a300cf
00a100da
00a7009b
00bd00b6
00d6009f
00d800fa
009b00a7
009a009e
00cb00bb
00b300c9
00ce00c5
00c300dd
010a00af
00c700bf
00980073
008600ce
008b0092
00a800b8
0096007e
00d7008f
00aa00b7
00c300c0
00b100b1
0099008e
00c60097
00d0009a
00e80099
00b000b1
009700e8
009d00a2
010100f3
009100eb
00a600b7
009e00a2
00b500aa
00c300fe
00a000c7
00fb00f9
0074008d
00a5008c
0082008f
00cf00cf
00980093
00c20096
008b00b2
00b000c0
008f00f8
00d100d7
00e700f8
00df00da
00b60140
00d10103
00ea00d3
00f300f6
00ed00af
00f200e7
00c500bf
00bb00aa
00ca00e0
00a100ce
00c800a2
00c30091
008b008f
00aa00bf
00e600aa
00d800c5
008700b1
00a6009b
00b000a6
00b70089
00b700c1
009900e6
009700a0
00c500b6
00da00b7
00d700d6
00be008a
00ea0169
011100dd
012b0106
00f700e3
00e000f0
00d70147
00cf00cf
0107013e
00eb00d5
00ab00e6
00e900ba
00ed00d8
00bf00c6
012000c7
00fe00e2
00a900f0
00e100bf
01010105
012700cf
00e500e2
00d700a3
011100d5
00c30145
0105010a
00be00d3
009e00c2
00de00ce
009f00dd
00ab00ce
00b2009a
00aa00b6
00d600b9
00f20118
008a009b
008500a3
008a00b9
00980093
00a900c3
00d100a7
00a100aa
00a900a1
00c000d6
00e100c6
00ee00be
00bf00da
00ab00d9
00a300c6
00d900c5
008b00ea
00b50065
00a10068
007c0083
007300af
006b0098
009d0082
0096009a
00e300c1
007900c8
00c900c0
00d500b7
00b000a2
00d00096
009f00a3
00d600c1
007d00a9
009f00da
009f00b0
009d0096
00b20093
00b100b0
00a70090
00ce00cf
00e500e1
01150117
0175010f
010800fe
01080103
00eb00d7
00e200f9
00d800f2
00c600a9
00e100ba
00ad00a0
00b700bb
00ba00b5
00c000ce
009700bb
009a00b0
00b900c3
00a70073
00b80091
009800c0
00a600ee
00f6011a
00d200ab
00ba00ee
00ca00c1
010600c3
00f00116
00d200bd
011900b3
00bb00d1
00c700ce
008d00a3
00df00c0
008b00f3
00e500c9
00de00ba
00a700c6
00a00100
00d700cd
015900df
00f20088
010a0089
00890099
00b30078
00ae008c
00b600c7
00be00c8
00bf0099
00d300c6
00a700b7
00bd00b7
013b009f
00b100d1
008c00db
00b800c8
00ce0091
00d6009a
010300b0
00d600e7
00b200d2
00f600fb
009500dd
00c700b5
00d800d2
01ee0108
012b00f1
01190130
014900dd
013e00ef
017e00f1
013e0120
016701a2
00b5010a
00df011f
00fe00f5
00b8010a
00ad0110
00e000c5
00fa0129
011900e3
00c000c3
00ae00e0
00ce00a0
00d700a6
00d500c0
010b00a0
00bd00bf
00ff00d9
013e00be
009d0127
010300f3
00e200f6
00a200d0
00af00ea
00b900c3
016e00db
00d200ca
00b60097
009b0071
00990082
008800c5
00a1009d
009300f2
00a500a1
00bb0097
0076009e
00b800be
00ae00d6
00ae00aa
00b5009b
012700ab
01020086
00be00b3
01620112
010100e7
00b600ed
00ef00b3
00c10100
00c000a7
00c800ae
00c600a5
00d500b3
00da00a6
00c20091
00b700c2
006f00a0
009200d1
00a700b7
009a00b7
00aa00ae
00da00a0
00d900c3
00f600d8
00e100df
00d500a5
00e800b2
00db00c8
0147014e
010000f3
010200df
01250102
013700e1
00e00117
00f800fa
00d600a8
00a900c7
00ce00d0
00c100ba
00e900fe
01050125
00fa00be
00d300ef
00ce00cb
00c500cd
012500fe
00e900b3
00ca00c1
012700e7
00ca00df
00e300b8
00d1008c
00cb0098
009a00b0
00d100c9
00b900ab
00b900cb
00c900b2
009a00b6
00d000a8
00da00ad
00d600f7
009e00ab
00b70087
008f009e
00b600c3
00f100a7
01070055
00b800cd
008a0092
008a0087
00770075
007d0089
006d0086
009b007f
008d00bf
00be008e
00eb0097
008d0085
00830097
008d00b0
009200db
00a5007d
013700e1
0132019b
0135010e
01300108
00fd0111
00d900fd
0116011e
00de00c8
008700ad
0081008e
00b30099
00d800cb
00cf00e3
00be00bb
00bd00db
00c200b8
010d0137
00d300f0
00b800d8
011f00e5
00f20182
01060118
010100ea
00f500c9
0122009e
015b00cd
00d800ee
00e000c9
00b000a6
00ce00a7
009e0097
008c0085
008100cd
007f00c3
00c100f1
00af0091
007600bf
00720098
0082006e
00790070
00c900e0
00b00088
00bd00be
010d009a
00fd00a7
00c200df
00c90080
00e100b7
00b200b1
00a300a1
00bb00d8
00e60096
00a500a3
009200ce
00e000f3
00b600f6
00cd010e
00ba00a8
00b100a2
00ba00da
00b100e0
00d700b5
00d200ab
010700c0
00de0119
00b000b3
00a600a3
00ba009f
00be00c5
00b60091
00b300ee
00a800d5
00c30092
00da0091
008100e2
00ab0103
013200de
00b600d6
011000eb
00be00d7
011100e9
012b014e
00c600e7
011600ff
00f9012b
00d200ed
00c000e6
008f00b3
00a80092
009900a7
009500a6
008600a3
00870092
00cd0097
006a0096
00830086
00ef009d
011d011b
00c000f1
010700d1
011600e7
00f100c7
011000a5
00fb00ba
00df00e2
00cd0068
008c0098
00a000b9
009900a6
0099008d
008300b1
00ad00a3
0179013b
01c70169
01820155
013b015b
00f10165
014e014b
01110140
01020125
009e0088
00d200d6
00ad0089
009300ea
00b700a6
00840096
0092007e
009a0091
00b100b7
008f00c5
00d500ab
00ca00c1
00b90097
00af00bf
009b00cf
00d50099
00870090
00b2008a
00b600c6
00af00a3
00b600c3
00a10093
00ba00da
00b600c9
00b900e2
00ef00c1
00d500c7
00df00d5
00d700c7
00cb00b5
00bb00b7
00af00b2
00e60127
00d300b5
00d200dd
00bf00a6
010300e5
010e00f2
010700f7
012100e1
00da01b9
00c500c8
00ce00ea
00d600c0
00b500e0
00e200df
00bd00f0
00c900a0
00f000a3
01190125
00de0101
00cb00f6
00d900f0
00e700c0
00f700bd
00c300d5
00980087
00c90102
00bd00d9
00bd00c6
00ce00b8
00a300b5
00a000cf
00b900d7
00c900be
00bd0118
00e600b2
00cb00f8
00e900d5
00aa00eb
00b700d0
00b100e1
00ff0109
0149017e
0106010d
01350140
01500110
00fe00e6
014e00e6
00d100ea
014000d9
00e5010f
00d100c8
00dd00e3
00e700aa
00d200de
00ca00d0
00b700df
00ff0125
00f201ae
010e0165
012e012b
0130017b
010d0152
012700e0
013b00f9
00cd00ce
00df0090
00a90085
00a000b7
00af0089
00cb00c1
00c200c0
008700bb
00b60095
00d0007f
008a007f
00ba009f
00760071
00c20081
007f00c2
008e0089
011601a9
011900f8
010d012b
00b000c5
00890079
009300a7
007900b0
005a0087
00dd00b5
00aa00a7
00cf0106
00c10106
010f0110
00e300fd
00e500b6
00b200b5
009d00fb
00850092
008e008b
008a00ae
008b00f9
00d2007f
00e300d6
00c900a8
00bd00e3
00bf009e
00cb00d9
00b600da
00c200b9
00c100ab
011200c8
009e00b7
00c100f2
0095010b
010900d1
00e200b3
00af00a7
00af00b6
00af00b5
008100c3
011500d3
00770080
0092009e
00780081
00c200dd
008000a5
00c500a1
009e00a3
00bf012e
00bd00b7
00c100c2
00b1015b
00c800da
00ed00d7
013e00c8
00e500ef
00eb014e
00ee00ee
00d9012b
013e00e3
00be010f
00fb010d
01200103
00de00db
011f010b
0185013b
010d0147
00f30137
00fb00f2
01220132
00a000de
016000fd
00c100cb
009200c7
00ab00b3
00aa00ab
00a10097
00b10091
009900e7
008f0086
00a600a8
00d900a2
00c000b5
00bb0118
00c600e7
00f700fa
00f700b3
00e800e0
00c500fe
01770135
01020122
00e500e9
00cb011e
013e0135
00f60121
014e0105
00bf00bd
0125011a
00e300d2
00d600cd
00ff00d6
00d300ff
00a500b1
00d000fb
00b30091
00b100b8
00a900c9
00820097
008400bb
007c00b3
00ab008b
00af00ba
011b00fd
01390105
00de0121
00fa0109
01370157
01000165
010a0150
00f00112
00de00ed
00da00b7
00ad009e
00a9009e
009b00c7
00fe00a6
00e300e2
00af00d9
00db0097
00c500bf
00b900ca
00cf00c8
00c100ae
009e00f7
00e500ae
00ed00a5
014000d8
00b000e8
0109008f
00ce00d3
00f800cd
00f900e0
00fd00e8
00de00d7
009800cb
00b700a3
00cd00c6
00b700c0
00c30086
00b900c2
00c30095
00be008f
00ba00ce
00ce00df
00ca00a6
00a60102
009800c9
00a100b5
00d200bf
00f300da
011d00d5
006a0099
008a007b
009e007a
00840072
007700b0
008c006b
00820084
00e8013b
01070091
010200dd
011f00dd
00f100a2
00b700b2
011a00c6
00c700d2
00a50084
00ba0081
00da00b5
00b700e0
00bd00a1
00ed00d1
00cb00d5
00ad00be
00b2008c
00be00dd
00b700f3
00db0129
00aa0147
00ee0099
00dd00c1
00e500ba
015700f7
00f801b5
00c0011f
010e00df
00f200cf
00d100bd
00c900be
00f700b5
009f00a5
00990092
00a90098
00c300a6
00af00a7
008b00b5
009700ae
00b0009d
00e90172
00a6005a
00820087
006a0087
0066005b
005d0085
009800ba
0088009f
00d9009b
00f80115
00c200f9
00c9010d
00ad00f7
00d800ca
009500a0
00d200e9
00e800c5
00960095
00bb009a
00af00a3
00db00cd
00b000bf
00ad00a3
00c200e0
00dd00df
00e900d2
00e300b7
00a200fa
00cf011e
00ba00e6
00ee00bd
00ed0116
00c700b9
00ca0092
011200ca
00a900ea
00ef00d2
00ed00ed
00d10118
00d200e8
00b300c2
00ee0086
00ab00c7
009700b6
00a100de
008d00bb
00ae009b
00b60092
00b5008f
009e00a5
00d300d7
007b0097
009600b5
0098008a
00a800b1
00a6009e
01190155
01230129
00da0157
00d7013e
010b019b
00fe015b
011a00fb
00ea0137
012e0117
00e0010a
00b900c3
00d200dd
00cf00ef
00c7009f
00c500bd
00ab008b
00ae010a
00c00084
00dd00b2
00a600a5
00c8009a
00d100f6
013700ab
00b600a3
00ee00d7
01400107
00f700c3
00da010b
00f20107
00c5010f
00c700bf
00e600c9
00e100b9
00c200d6
00bf0109
00f000c0
00eb00be
00c200b9
00de00c6
00e700ad
00cd00c8
00aa00b6
008c0075
00a00098
007d00a3
00960091
00a90077
00c000b8
019900dd
0185012b
013e0111
00e1015b
0127014b
01030100
012900f9
00e900f0
00bb00cf
00a500ce
00e500db
00c000b1
00b500b7
00fb00af
00e800b8
00c300c0
01590187
00ae0080
009a009b
00fa0080
00b900b3
00b30099
00ae0095
00930099
00ef00d6
00f800b8
00d000d0
00e200eb
01390125
00c500e6
00e300e9
00e300e9
00f300a0
00b0009b
00d00086
00a90091
008b008b
00a800ce
00d50095
009200ad
010700a9
007f00c8
008900bf
00b30099
00a700aa
008600c3
00b800b0
01210142
00be00d0
00f300a0
00fe00f0
00f000d3
014500fa
010500df
00f300d6
011700dd
00bf00a6
009800c3
010900b6
00b300b2
00b500b3
00a300b8
009e00b3
00ef00af
010100e8
00a1008a
009900d8
00d700e8
00b60091
010100db
00e100d9
00e500fe
00ae00dd
00920109
008300d3
0082009d
0081007b
0073007e
00ab006f
0093008b
00a300a7
00dd009d
00b900bf
00fe008d
00c500c5
00e000d3
011200e2
011100ca
00ae00e9
00db00e9
00dd0122
011b00e5
014900c7
00f500d8
010b00d7
00ed00bd
00b300e0
00bf0093
009d00d3
009e00a0
009b00a0
00e800c9
00e800b5
00b50092
00b000aa
00ab00b8
00c900ab
00cf00f3
00a700d3
00eb0082
007e00e8
00e000b0
012100d6
013700fb
01130152
010b0102
01590119
01210119
00e700d2
00d100e1
008c00a3
009d0071
006700aa
00700085
006f007a
00980087
008f008a
007d009f
009e0111
00b6010e
00d100b7
011200de
00b700cb
00f800aa
00c300aa
00ca00cb
00e000dd
00630065
00780072
009f0064
00830073
0089006c
00a10079
006a0078
00f900e0
011d00ee
014b00e9
00f300fd
01370106
01070127
018e00ee
012700e7
00c100b2
00a20070
009100a3
008a0097
00ae00d1
00bb0097
009d0096
008e00a9
00b20071
0109010e
00bf0086
008200a9
009d00b1
009700ae
009200a0
00830061
00ff00d2
0172014e
01080118
01390105
012701b2
00e80105
01350118
00dd00f7
013b00a5
01300113
01000119
01320145
011800f7
00e10107
00e30121
00ed011a
0080009f
0091009d
009d00d5
00af00a6
00b200b6
008e008b
00ab00af
00bf00b3
009a00c7
00830097
009a0098
009b0083
00a60098
009a011b
00b700a0
00b900a5
00b300bb
00d000be
00b100f2
00c600bd
00c1009b
00b900d7
00bb00e6
010000b0
00c0009d
00e000af
00a300ae
00f100b2
00bf00aa
00aa00ba
009f00b2
008b00b8
00ca00c2
00e200c0
012b00ae
00b800d5
00ce00cf
00bf00e3
00c500c7
00cf0157
00c50118
00db00d2
01400116
00f6014e
013200d8
01120129
00e100c0
00c70106
006d004b
01620062
006f037b
006d0067
0067005a
00690072
0061005e
0058004f
009900b2
00820087
0075006b
00c200b2
00960067
009b0086
008a009a
00830082
00a200a9
00aa007f
00c300a1
00d900c2
00c000bb
010700bb
00ab00c8
00b10096
00d200d9
00b000f1
00db00b2
00a600c3
00e800db
00b900a6
00d800c1
00ef00dd
00df00ba
00d9009f
00db0107
00db0106
00f0010b
00d200d7
00be00b9
011700db
00c100f5
00d70076
00aa00a1
00b000f8
008800c6
00a300b2
010600f2
00c900c7
00d700e8
00a800ad
00e700b2
00bd00e9
010100e3
00e900c3
00ca00e6
010300ed
00a30103
0084007b
0076008f
00770093
00b20091
00b000a9
00910077
00c0007e
00f900de
00ce00ee
00d500d1
00a300c6
00a500a8
00aa00ef
009500d2
00b800a5
00ae00a2
00a70091
00ba00e5
00a0009d
00d600a8
00ca00f1
010100de
00c200de
010600db
00e90129
01200123
00b700fa
0113013b
00ee00f0
00e000ad
012b012e
011500ce
0095008f
00db00b0
00bb00fb
00e700e7
00de00fd
013900f2
014500f8
00870120
00660080
00a50095
00ba007f
007b008d
00820073
0076007a
00830073
012200db
009d00cd
010100af
00bf00cb
00c500c3
00ed00bb
00f200d3
010800a2
00b7010f
00a100ba
00c70107
00c900b9
00f000b8
00de00df
00b600cf
010600bd
00bd00e5
014e0149
00d2011f
00b800b8
00d300d5
00fb0182
00bf00e3
00cb00df
016000c9
00d900e7
011800b8
012500d8
00c600f8
00de00d8
014900e5
013200ba
00af00d1
00b300e2
00cb00c6
00ab00e3
00a800cf
00b300c2
00e200be
00bd00be
00d100da
007d00a3
0097009b
00a100a7
009900bb
00b20092
00da00a6
008100c0
00cd00f3
00e8009f
00b600d3
00c100e6
00e600a7
00e600c1
00b100db
00ee00aa
00ad00bd
00ae0084
009a0087
007e00a7
009e00ad
00d800bb
00b900c7
009e00cb
00e2009f
00ca00a9
00ab0090
00a200aa
00950095
00b00084
00c3009f
00a500a2
014000fa
00b500c9
00a200ad
011a00e9
00be0105
00e100f8
00ed00e0
00c00113
009800bf
00d00092
00cf0097
00c0009a
00a20088
00a1008d
00ab00a6
009f007c
00f000fb
01070106
01370159
00f000e6
010e00f6
014500dd
012b0150
01160180
0093009e
00f50065
008400b3
008e0074
009100b3
007e00a8
00be00b3
00990083
00a20150
00ba0095
007000b1
00c100af
00c60096
00a900aa
00a200b8
00b100ab
00a600c5
008a0097
00ad00c1
0098009a
00af00d5
0093009d
00af00ba
00ca009a
00af011e
00e800c7
00d300c7
00b200c7
0112012b
010a00f9
00f100b0
00eb0172
01030101
010b0180
01080140
00f20110
017e011d
011e00ea
01500130
00df0170
008d00a2
006a00b0
006f0098
006800a9
007f00a2
00860081
007600af
00a60096
00be00df
00e100b3
008e00b9
00a800e9
00c000d3
011700cb
00de00d7
00e0010a
00cf00b8
00f100a7
010900c9
00ce0117
00f900b6
00ca00c3
00f000d1
00ce00bf
00cd0099
009e00a9
00c000a1
009f00c2
00cf00be
00d600b8
00cf00a2
00a700b7
00af0092
007f009a
00d3008b
00910076
0062008d
0092008b
00ba007c
00950084
009b00a5
008b00ab
00bb0098
00a500af
00a700d3
00a8009a
009800bd
00b500b1
00de00b6
00a300a7
009f00b1
010b00cd
00b20098
00f100ce
00d700f2
00cb0096
00fd00f3
00c500ab
00c5009b
00cf00b0
009e00b8
00d900d2
00ab00d2
00e30100
010f00ee
01160125
012e00e0
012700fb
00c600c8
00f90103
00ff0140
01090165
007f00c2
00b300a5
00cd0091
00970091
008a008a
00770073
00760085
0092008b
00a100aa
016200aa
00930325
00bb0117
00b700d9
00b600c1
009d006b
00c80096
00a800bb
00ad00c9
009600a5
00f700a8
00bb00c3
00990113
00a800cb
00be00c1
0087008d
00ce009e
00a300ba
009b00bb
00990091
00b100c9
008d00af
00a20095
011201f0
01300105
00d10155
01350132
00f60117
00ce00ea
00e300c8
01600109
00c500ef
013000cf
0102010f
00ea00fb
00ef00cf
011f00d2
00b80118
016b00d7
00c100a9
008c0063
009700bf
008400ca
007e0087
00910090
007900a7
009800a6
00c100df
008b00a7
0096007f
00b6007e
00c300c0
008f007f
00d100cb
00f500d3
00840159
00710075
006e0092
00b80067
0066008f
006f00a7
0099009b
006f0072
007e00a1
006d00c7
00820087
00810071
006b008a
0095005f
007a008a
00690091
00d9011b
009700b6
00c200fb
00db00f3
00b500c8
00d3009b
011000df
00f600c6
00dd00f3
00b300b2
00ed00d2
00f000e5
00fa00da
00de0100
00cd00ce
00f000c2
00b700b7
006b0065
00730073
005e0071
00520079
0062006e
006c0059
0067005e
00b700b5
00d000b6
00df00df
00f900e3
014200c3
00cd00d8
00bf00e2
01390103
00bd00ba
00da009b
00c10099
00ce00a5
00cd00dd
00b500d8
00ed00c1
00fa00ad
01290112
013500de
00f90109
010a011f
012b00f2
011000d0
00c800fa
00f9011e
00b90129
008b00bd
00ab0085
00ba00be
00b70091
00ce00b8
00ae00ce
00ab00d2
009f00f6
00eb00d5
009000c6
00e50142
00f300e8
00e800f6
00db00e3
00b3009d
008f009e
008d0081
00ca00c8
00a200c2
00d200ae
00a20093
00aa00c7
00b700ad
006b00b1
00a10082
00a2008c
00920085
009b00aa
008d009e
00a10099
009f0091
00ed0112
00df010e
010100da
00d500bd
00d300d3
00db0108
00e500e9
009b0108
013000e2
014b0109
00ff0137
01990150
01490147
0162010d
0116014e
011600b9
00fe00ca
009d00c2
00ba00c9
00d30118
00ee011d
00d000d5
00bf0119
00e60132
00e000ae
00f500c2
011800e2
00f50113
011900f0
014700fb
00f30118
00cf00bf
00cd00c6
00ae00da
009d00b5
00c300b8
00c200c5
009100b1
00b000e3
00d900c5
009900a2
009b00ad
00ae009e
0110009b
00cb0085
009800b7
00c500c0
00d000a6
00b000b7
00d10082
00b10082
012900c0
00e10091
00d000d5
00be00bf
00ca009d
00bf00e0
00da00c7
00cd0147
00af00ef
0107011b
00e500d1
00e7010a
00ef00be
013e00db
008500d3
00c600d0
00f700ba
00c900b1
00c800de
00fb00de
00e20105
00ca00d3
009a0099
00ad00b2
00b000f5
009e0067
00a800b6
00990097
0099008a
00ea00ef
00b200a5
00b000ab
00b700e6
00d500ce
00f500a1
00a50083
009300ca
00ba0109
008600af
00f100e5
011600bd
00a600d3
00d300bb
00db00aa
00af00f8
01230119
00e60107
00c800cf
00e600ee
01020145
00ff0125
015200d0
01450105
009e00c3
009a009e
009900b9
00c800db
007f009e
008b00ae
00b700a8
00c000a8
00ae00e1
008f00b6
00ad00ae
00b100e8
00a1009f
010100d1
00a700ab
00d800c0
00c70135
0149011e
01450100
0135012e
013900fb
00f60150
01420102
011e00df
00bf00c1
00a30145
00a200c7
00c800ad
00ba00c6
00b200c3
00840093
00f600c5
009a007e
007200a3
00a200d5
010100eb
00ee0105
00aa00ab
00da00be
00db00b1
00e20142
00920082
008a008f
00ae009e
00e800b8
00b800d2
00950077
009600dd
00d20113
00f60048
0075007a
007100bb
0092005b
00a70089
00ae0093
00930076
00a1007e
00840082
00820078
00960086
00820098
007e0064
009d0091
009a007a
00ed0106
00bb0135
00d500db
00ff0170
01080112
00dd00b0
00cb00e2
010a00eb
00cb008f
00b200b3
00a300a9
00980103
00be0096
00aa00c2
00f700ba
00cd00d2
012e00a9
00c50096
00a100c5
00af00d1
00d60132
00f00116
00e800e0
00ce00b8
00d500cb
00910088
008d0082
00790097
00ae0097
00bf00b5
00ab00d0
008000a6
00ae010a
007100af
0077007f
00a0006c
0062009b
00770053
00a70083
0073008d
00bd0120
00560072
00830084
00b000c7
004e006b
006d0057
00e30050
006e0067
00e30199
00e900c9
00e800f3
00bb00af
00ef00f7
00da00eb
00d10115
00bb00c8
00be00ed
009e00bf
00c200ab
007c00a2
00850096
00b8009e
009500ad
009800bd
00df00df
0112010b
012e00f0
00ce0150
012b0127
00c500eb
00c600e7
00e00103
01750118
011500d5
00fa00e3
00f9012b
00f80109
00f50129
01110113
016901ab
009600c8
007f00a3
00a600b9
00bb00bb
00ae00d6
00c800d8
015900b3
00be00d0
0109010f
014e0179
013b0121
01d00135
00f80175
018501b0
01470103
0149016b
008f00c2
00d200e7
00ca00cb
009100b1
00f000b0
00e200b8
011b00cb
012900db
00cd0240
009a0044
00400040
004e007a
004a0050
003a004e
005b0055
00560043
00d100b9
010f010e
00bb0122
00bb0137
00f100a0
00d800be
00e100cb
00be00aa
008f00c5
00ba0082
00a6008a
00a600aa
009800af
009300cf
00b100d8
009700e3
00ab00ae
00730092
007e008e
00be00e0
00950095
00a900b2
00c500de
00ca00a5
014500b8
011e00f9
010500ff
00e000ea
01050129
010900f2
010b00f2
013200e2
008e00ab
00970087
00a500c9
00a100ab
00fa00db
00ce00a0
00ff00b0
00c100a3
009500a0
00c600be
00cf00b9
00d800a6
00ab00a9
00a800c8
00b000ab
009d00d8
00bb016b
009b0092
008700a0
00df00c0
00b300b8
00a500c2
00d200d3
00ee00ad
00960091
00900097
00ad00b2
00a300b6
009b007f
008a00da
00ea006f
00b30099
00f300de
010a0169
00fa00e6
012b0137
00c70189
009f00c9
00cf0117
00fe00e6
00a5008a
012700fd
00eb00dd
00cf00a7
00bb00a7
00a700d3
00d50096
00cb00c3
00af00df
00810099
00bb008a
007e0080
0111008e
00f00092
00b900c8
00bb00ee
00a600a7
009f00b9
01060085
00be00aa
00a100b5
00a8011e
00c000b8
00c800d9
009700a1
00d700c6
00f000cf
00c100b8
00a70121
00aa00a5
00d900af
00b6012b
015e017b
0117018b
01e70149
01920190
017901ab
013b017b
01d90232
019501a0
007e008f
00b600ab
00a20103
008f0091
00a00096
006a007a
00a300a1
00bf0089
00e900e7
009d00f0
011600ca
00df00b8
010500d7
00ea00c1
010300e0
00eb00cf
009f00d3
00870090
00ae00ae
00bf00a7
00d100d9
014b00cf
00f300e3
00a800ce
00b300b5
010b00e0
00dd00e1
00fd0100
00a800df
00eb00bf
00ba00a7
00cf00d8
00a5009e
008e00e8
00a300f3
00d100a1
00d000a6
00c000a6
00bd00cb
009f00c2
01050169
00e90129
01850189
015500f0
0106011e
012e017e
010000f0
00f00121
011f00c7
00bd00be
00b000b9
013e00f2
01220145
015b010a
00fb010e
00f00117
011d00d0
00f20127
00aa00d6
00df00f0
0089010b
011d00d9
00f200f0
00d500b6
00b6009d
008a00a5
00b0009b
00d1009b
00a80096
00a500da
00b900c5
00ba00fb
01900132
01060170
00d80155
00bb00df
00d500ab
00af00af
008700a6
00b800a9
00e300a0
00b500ad
00cb012b
00d900e1
00fb00bb
00e600ce
00b8009f
009700a2
00a5008e
00a90086
00860088
0086008b
00a900a0
008e0087
007d0096
009b008b
009900af
00a600b2
00a50081
009300a3
00b300ba
00cf00bb
00b600c2
00c000bf
00de00ea
00a200ae
00cb0099
00a0008a
00830077
00a300a5
007a008d
008d0055
0095008e
0075004f
00a60090
007e0072
00810087
00910084
008d00a1
00bb0064
00f700ad
00f300a0
00a100b7
00cd00af
00d500cf
011700bb
011f00d5
01230132
009b0092
00a200a9
0091009d
00ad0087
007d00a1
008b007e
008500c3
008200a8
010000a0
00cf0096
00af00bb
00c100c8
00b900af
00b500ba
00c200d3
00a800df
010000f9
00ce00b3
00f800bf
011900c0
00d20137
011b00ef
00e300c8
00e000f7
00af00ab
008d0098
007b0082
008900be
00a100b9
00b8007e
008900a6
008f009b
00db00fa
00ff00f0
00ea00e7
017900fa
012e0157
00e90140
00d90103
00d000bd
024001cb
016e0200
014701e2
023201e7
01ab01ab
018701a2
01d90199
01a701b5
00ad00bb
007900a0
008f00ad
00a9008f
00a100c6
00c10087
009100ba
009b0083
012100d3
0165017e
00e2017e
00cf0121
010b0105
00a20150
010b00bb
00f200d3
00d700e1
00d700d1
010700b6
00a8009e
00dd0096
00b800ae
00df00d0
00c700cb
00da00fa
00e700e9
014e00db
010600f0
00f60147
010d00df
00da0117
01230150
00d800b6
00c900b7
00b900a0
00d000a1
00ab00aa
00e600df
00a600d5
00b900c0
009f00b5
00aa00a0
00b300d6
00e700f1
00c700b3
00cf008f
00a700b1
00b200ba
00ef00cb
00f800c0
01220102
01050149
00ed00c9
00d60108
00c500a2
00d000db
00ca00ad
00720098
00bf009b
008500aa
00d300b7
00a0009e
00cb00b6
00bb00b1
009a00ba
00cd0095
00bb00c8
00e700f2
00e500bf
00ca00a9
00b800cb
00c500db
00da00e7
008300c2
00c700c0
00a500a1
00c7009e
00a500cd
00d8008c
00ca00c1
00c700c5
0082009d
00d6007f
011100c0
00be009d
00a10075
00a60086
008b008e
012b0115
010000da
01290106
012100ff
00d800fb
00fd010e
01390127
013e0119
00820086
009800ba
00be00ed
00f900a0
00a200b8
00df00b5
0084009d
009200ad
010d00e8
014b00ea
01120122
00ea00ef
00ed0106
011b0120
00ed0106
00f700c9
01200093
00bf00c6
00ba00b8
008e0077
008400e3
00a700d3
00bd00c1
00bd00cf
00ca00d3
018200f3
00d000fa
00d000b2
00ee00cd
015000b8
00e700b7
00b600b0
00ab00a9
009600f5
00920093
0099008e
00c300c0
00db00b5
00af0090
00a600b3
00b90130
010300ed
00ed0103
010500ba
00d700e0
00eb0102
00c300b2
00f900be
00820092
007c00ad
009f009d
0079009d
007a0081
00a500af
009f007d
00970067
01200111
00cf00a6
00f000eb
024500e9
00ef0108
00f300e7
00e000e1
00c8011b
00d3009e
00c700b0
00a300b8
00c30085
008a00c8
00bf00c0
00b600be
00cd00af
00a300d8
00a500aa
00930092
00c60082
00bf00c3
00bb0092
00a30089
00f600ae
00e201cb
00d100d5
00ee0099
00ff0096
00b900bd
00af00be
010a00f1
00c70106
00fb0103
00c700cd
013500ab
00db00ba
00a100c8
011e00f6
00b300cf
00e600e3
00830091
00b000bd
00a300a3
00b500f7
010900ba
00ef0132
00de00c5
00f300db
00c800c1
00ce0119
00af00ee
010100df
00cb017e
00bb0109
019700e0
012e00eb
0099008a
00b70086
00fd00c2
00f200ce
00a900d7
00e300c5
010200db
00ea010f
014e00df
00ff0132
010e00f9
00cd0109
015700fd
010100e8
00f200d9
010f00e2
014b00d1
00f800b1
00e50127
00bf00cb
00b600ed
00da00e6
00f100be
00ca00a3
00b900d9
01250116
00ba00c3
00d700ed
00f300d7
00d200db
00e20110
010200fb
008800b1
00ae00c5
00e900c0
00c800c0
00d600af
009700ca
00de010b
00db00dd
00ab00f7
00b200e3
00e300f2
00c200cf
00c800d6
00db00cb
00ad00e8
00c200fa
014e01d0
018500f8
019e0167
0140019e
012b019b
016b0199
01770179
018501b0
00d000b1
00e000ab
00c700b1
00d6011f
00cb00ee
00e50120
010f00f5
00e90117
00de00b8
009900c0
00b500d2
009b0098
00d30096
009200b3
00d900a5
010a00a7
015000b2
009600a9
008b009d
00a200a7
00b300cf
008700ab
00ee0099
00b600b6
00be0103
00ae00dd
00c200e5
009f00aa
009600a1
00c1009e
009800a2
00d3011a
013e012b
00ff0139
011800d2
011100dd
011b0118
010d0102
010300e3
00f80129
00c500fb
00c8008d
00b600ff
00a600ea
011900ca
00e900da
00cf00e6
00d900e7
00e70111
00ad00f7
00c000d8
00e100e9
00c100cf
00fe00af
00b3008b
0116010f
007d0113
007d0079
00d700c1
00b500c0
0105009b
00a800a6
00bb007b
0091008d
00af00be
009a0091
009b0087
00ce007b
008900b6
00c300a8
008d00c2
00a9008c
00e000b9
010b00df
00d700bf
00c700db
00de00e9
00b200ff
00cd00df
00fb00c3
009e009d
00da0123
00bd00b1
00bb00e9
00c600ca
00d600ca
00bb00a3
00bf00bf
008d00a5
0095009d
00d200e5
00a000b7
00d600d7
00a800be
00e500c3
009800e8
00a900df
00a3006c
00a70091
00a30082
008d0092
009700bd
008d006f
009d0091
00e80103
00c200e0
00cb0118
011000dd
00c800c7
01420149
011500ef
00b900c0
00e300ad
00b700b9
00eb00d1
00be0117
00d600d7
0105010e
00b00112
00d0010a
00b50096
00950096
008700e0
00a700bf
00af00a1
00b300a1
00a900bd
00ce009a
00b1011b
008900dd
00aa0085
0073008a
00c80093
00c800b0
00aa00aa
00ed0098
009b0087
00b600a8
00ab00a0
00d100b7
00af00a9
009200c3
00b700d2
008f00be
00a6008f
009100c0
00ba009a
009f00ae
00ae00c1
00a700d6
009b00a9
011200b2
00b600bd
00a000ce
00e200f6
010d00ba
010900b0
00f800f1
00cd00ce
00dd00c6
00d800de
01620135
00f9019e
011a012b
00c500e1
00f8011d
013500f9
00f00139
009d009d
00c300c9
00da009b
00a700a8
00c600c5
008b008e
00860085
00b000a8
00f100da
00d20092
00da00f6
00c100f2
00cf00fd
00bf00e2
00e100fd
00a900ab
00a9009d
00910090
009300bd
00b2009b
00ae00cb
009e008b
00b300ca
00c500c3
01200107
01420123
012b016b
01010103
010100e5
015201ce
0192015e
01400149
00a20097
008d0087
00a700ce
00ab00ff
00b700b1
00b200b7
00c000af
00db00a1
008d00b7
009b009e
00b30098
008e008d
00a800a1
00a200af
00a30096
00d100e5
00bf00b8
00ae0083
00950097
009f00ad
00a600a1
00ab00b5
00ef00a0
00f200ab
00be00f7
00c70080
00c6007c
008800ba
008900ed
00cf0102
00a60109
00b300ee
014e0142
010d0122
010b0112
01c0015b
0129010b
01570132
0142015e
01090111
00af00a3
00b30073
00a30074
00b600c1
007b00d1
008b009b
009e00aa
009d00ca
00bb0080
00f900a6
00d800b9
00d600b7
00aa0096
0099009a
00c300a1
00a800cd
00f900eb
00be010a
00d100d5
00f600e8
00c600da
00ca00b5
010200c7
00f7009a
009a009f
00ab0093
00a100bf
00a900af
00fa0087
00c100a2
00e200fa
00ce00bd
007a0071
00980091
0071007b
00730085
006b0078
00770083
006f0099
005f0081
011f018e
010a0106
00df0145
011600ef
011800fa
00ea00e8
00fe00ee
016900c6
00c80106
011f0102
011b00d2
00ed00e2
011d011f
00d60162
013e00fb
01570110
00e700b5
00b000cd
00e300c2
00e700fb
00da00eb
00c300ef
00c000b8
00ca00cf
00b900a7
00ad0095
00ba00b2
008d00ad
00e2009a
00ca00d5
00d80097
00b100af
00a700af
008700a9
00a20115
00b800e9
00ca00b3
00c900c2
00c100a7
00b000cb
00da00d1
008e00b7
010600bf
00bb00a8
00ee00ef
00bd00d5
00d10096
00b000b6
00f100d7
00c800ed
00bd00b8
00c700e5
00e100e6
00f200e0
00c60105
01090130
00990125
0079007d
00a20073
0095007d
008b0090
008500a2
00a20110
009b0093
00cd00b8
00b1007d
00ab009e
00d200aa
00a600ad
00c600ba
009800a3
009e00a3
00aa00a5
00980078
0098006f
00d10089
009a00aa
00c100a7
009300a7
00bf008d
00be013e
00d20139
00ef0127
00f200e0
00c10116
00e80116
00f300ff
011500f1
00eb016b
00ca010e
00af00d3
00aa0092
00ce00a7
00e800f5
009900b5
00a70097
00db00bb
00d600b1
00a700df
00ca00d2
012300f1
00dd0103
00ca00b8
00d800e3
00f500c7
00ae00a7
00c300c2
00c600e0
00c300d8
00b300bd
00dd00b3
00c200ed
009200b1
00c600bf
00af00be
009300b8
00b100da
00990085
008a00a8
00aa008e
00ba008c
00a200bd
00a6009b
009e00be
00af00aa
00a100c9
00a500ab
00be00b9
011200ee
01080130
00b900bf
00f800cd
00ad00e0
00cd00d0
00cb00df
00c100b3
0074008d
007700a9
00890092
00ab0073
00a700ad
00990097
007b00a0
00d100b8
00f300ea
00eb010b
010900c9
00d600d9
012100e8
014900f5
00eb00fb
00b600d8
014e00d0
010a0132
00e90129
00d700eb
018000d3
014700ef
00f80109
00d6014e
012b00d0
01170129
011600f7
010d00f9
01090149
015500cb
010100ff
010d00e0
00da00ff
00d80102
00f70101
01390121
00e000f3
01050165
00e800ea
009300e3
011600d7
00de00b9
01370125
01050113
010d0147
011e00d0
00f000fa
012700e7
00af0093
008f00c2
00b100ad
00b1008f
00a600a7
00aa00c9
011200c5
00cf00b2
011000f3
018900eb
01060100
00d50125
015b0101
00da012e
00df018b
0137010b
00b000c3
007d00b6
00b900af
009b00d2
009800b7
00ab00b1
00b9009a
00cd009d
00c30097
007f007b
00900098
009200c2
0083007e
009f0089
008a007b
00d900d9
00eb00e5
00cb010a
0105012b
00de00ca
01300106
00ed00f0
010700fb
0135017e
00ae0096
009700c1
00a200af
00a200b1
00cf00cf
00c300bb
00910098
009d009a
00c2009a
008f00be
00c000de
00e500a1
00e600b9
00d600c1
00a200a0
00d000d9
00ab00b9
009800ab
008900bf
01020095
00b70095
00b200a1
009b0082
009d009d
00ab00d0
0073009e
009a0092
00910098
00a20085
00c7008f
008a00b9
0077009b
00dd0112
010900b6
010800eb
00ca00fa
018e0113
00ef010e
00cb011e
00eb00c8
00e600e6
0075009d
00a900ad
00ab00ed
009e0088
00b900b9
00b000c3
00a80107
00e600c9
0147014e
00f00130
011a00fd
00d900fa
01290150
011a00f2
00e100d9
00ce00ed
015200bf
01080116
012300ed
010d0127
00d800f8
00e200a9
01160192
01a20122
010d00e9
00ff00e8
01670118
01920149
0195011d
01270102
010200f9
009700a2
00b7009b
00a300b3
00e300b7
009e00a6
00f200cd
00ba00de
00aa00c1
014200a3
01080108
00aa00e5
00e30107
00e600da
00f000e7
0099012e
00f30101
007f00ad
008c0075
00bb0098
00a1008f
008a00d3
007000b8
008c00a8
009b00ad
011b0111
011f0127
00e500d2
00d100b6
00b300a6
009e00e1
00c8008f
00d3009f
00e900b3
00a200c0
00b200a1
00b900c0
009200b3
00d300ea
00d500a0
00c000b9
010800f7
00f90113
00c000d1
00fe00c9
00f80116
011500d0
010600d2
00e30139
011100e3
019b0135
0130016b
01a00159
010f0145
010f0159
00dd0170
014200e5
00bf009e
00a600d3
00b800fa
013500ff
00a200a2
00d500e7
00a600e0
00b700c3
00ea00df
011f00c6
011a00c5
00d800e9
012b00d2
00e900c7
00e500f1
00ba00c2
0149006a
01590160
0096009e
009f00df
00c600ab
00e800e8
00a600d1
008400aa
00fb00dd
011200f0
00d500e7
00fb00e1
00e200bb
0112012e
016e0105
00da00e8
009300e9
00bd008f
007200f5
008500da
00770092
009800a7
00980081
008c00bd
011100da
00aa00a0
00ca00cd
011900c7
00b200c2
00c1009e
00f600ab
00e500e9
00d501ab
00e500de
017200d1
01670122
00c10137
00fe0130
01450137
00fa0167
015e0108
011b00fb
00d90121
00db015e
01400132
0145013b
01d90140
012b0155
00da010a
016200ad
00cb00f1
00cd00ef
00b100b9
012700f2
010700df
010000d1
00860098
00910093
00a000a6
00cf00ad
00a20066
008a00af
00a5009a
00af008a
00f200ed
00ab00cb
01270086
00c600af
011a00a0
00ba00ef
00d000c9
00f3011e
00bb00a9
012e0137
00e6010f
00e600a9
00c000ba
00d20149
00e900dd
00dd00d5
013b00a0
01b2016b
0102012e
01390139
01180101
00e50140
016e00f1
010100e8
00c900c8
00d300c9
00e100bd
00bb0121
00e300ed
010800d9
00e300d1
010900d5
00cb00d0
009b0075
009b0098
00a200b8
00aa009e
00a800df
00b70099
00d200c9
00c600ee
00850110
00a500de
00a600d0
00cf008b
00be00f3
00d2010d
00f900c7
011000f6
01290108
011e0135
0122013e
01400199
01230110
00ea010d
0115011b
00e500c8
006100db
00a90081
008d00c0
0097007c
00aa0102
00980112
00ba00a3
00b20113
00620095
006600a3
0098008e
008d007c
0080006a
0086008a
008b0097
009200df
00bf00fe
00b000d6
00de00c3
00f100b9
00d00098
00a500b0
00a50072
009700be
00b600f0
00be00b7
00c800f5
00be00ff
00e300ce
00c300f7
00bd00e1
00a60150
007a0071
005e0057
00ca0065
0076005d
0097006f
008a0069
008b008a
00f300e7
01100140
00db0111
00db0107
013e010f
00ea0125
00fe00da
00df0100
00b200a2
009f008f
00e200d3
00be0099
00c600a3
00cf00b6
00a200da
00ab00b8
00c900ff
015500f7
00c50149
00f80190
01000101
010f00c1
00c000f2
00aa00c3
010d00b7
011700cf
00f700d9
00da00c6
010a011d
01080116
011a00df
00fd00de
00c00135
00dd00f1
010f00cd
01010135
010000e3
011b00f2
01270162
0197010b
00df00d5
00d000b5
00dd00ff
00af009a
00ff0130
00ef00ce
00b800cf
00c100d5
00b800f3
00c700bd
00ca00eb
00d100db
00ff00c3
00f700b9
00d30132
00fe00a7
00a700d9
00df0083
00b500a2
009200b3
00a500a6
008e00aa
00eb00a3
00b10092
010900cd
00aa00c2
009e00ca
00ae00b2
00b8008d
00b900b2
00ef0083
00d500ae
009800a6
009d008d
00be00d2
00d600cd
00e800c2
00d800b5
00d100d9
009a00c6
009d00a3
006a00a0
009a00a9
00af00ca
00b8008b
00b1007b
009e0076
00ba007f
00e80110
00bd011b
009a010d
010b00b3
00fe00ad
00d800dd
00f500f0
00e900c0
00d000df
010b00d9
00c8010d
00eb00e6
011000c6
010700ca
00db0130
00bd00d1
00b2017e
00a90081
005f0066
008a00ca
008c00a6
00730069
00f30081
00b000a9
00e200ca
00ff008b
00ae00ab
00f700b0
009100a6
0107010a
00d70112
00ce00ef
00800099
00b600a8
00d00090
00a80091
0082007f
009500a6
009200e5
00a800aa
01cb00de
00d000bb
00d20105
00a000b8
00c10092
00c900a5
009f00be
00c600f2
01180101
00e9011d
014b0147
017b013e
01290165
012e0117
00d80157
0129015e
011800f5
007b00a6
006f0097
008e00a7
008f008d
00d300a7
00ca00a6
00a0009b
00c00142
008c005b
011200c9
00a3009b
009800ca
00b7009a
00d000dd
00c300d8
00b100f8
008f00d7
008f00d3
00960106
00d60089
009e0089
00c900a3
009200cd
010301a2
00b800b8
00d9010f
00a200ce
01520132
01070108
017700fa
01290123
00bd00fe
00b20080
009500d5
00ca00be
00f200c6
00b800f0
010b00b5
00ca00b7
00a20097
008f006f
00a20071
00a30096
00ba00a6
00840091
009f00c7
008c0097
00f000cf
00c10089
009800a2
009f00f1
00a200d3
00ad009b
00cd00a5
0101008f
01550113
00f700f6
012b0121
011000f7
010b00f6
012700f6
011700f2
01520119
01620137
008d00f2
00f50170
00c900e8
0111011a
00e300f5
00f500d6
010100f2
00c100a6
00df00c6
00d60115
015b00da
00d200ee
00c70109
00db00ee
00f20118
00d0007f
00d300e5
009600c1
0096009d
008a00c0
0098008e
00af00a0
00d100e7
0108009b
00c800a0
00d000b5
010f0139
00e300d7
00cb00bb
00b0009e
00e000b7
00ef0120
00d600e1
00c3010a
00ee00e2
013700e5
00da0118
00ea00ba
00b300c1
00b900a9
00bf007f
008d00aa
00aa00a7
00d800e8
00c800a9
00c600af
00c200d7
010d00de
00aa00ef
00ed0122
00f900ed
00fb017e
01190121
00df00ef
012e0105
00b100b5
0087009a
008d00bf
00ba00ff
00aa00cb
00b000b5
00c300c2
00d300a2
00c200a7
00aa0095
007a0072
00ba00d2
00b700ad
00a800ab
00aa00ce
008d0096
0137017e
012e0116
01150125
01000110
00c200d6
00fa011d
01290113
011000f7
01250125
01060119
01160111
00e80127
00f20105
017700f1
0145011d
011f0129
00a800fb
00c20073
00860096
00bd0097
009b0072
009200a3
008d00c3
00cb00ea
00fe00b7
00f600ea
00e5010a
015200d8
00f300d5
010a00da
00c00111
00df00d8
00b5009d
0098007d
009d00b2
00a200b3
009d00cb
00be00aa
00bf00b7
00bb00b7
00bd00a9
00890082
00b100cb
009e0086
00c300af
00a200b9
00a300b5
009a00a0
00aa00a1
00ba00d5
00cf00ed
00f100b3
00c100cb
00f800ea
010900d1
00bb00b6
00c900c2
008e00d8
00c200fa
00a200e2
009e00a6
00c90112
00c200a2
00c200f3
00d500ab
00af0086
00860098
00c50085
007800ae
007800af
009600a9
00ab007d
00e700a9
00be00c1
00e900c0
00da00c0
00b900b8
00bb00aa
00990097
00c1008e
00e600c9
009000a8
009f00e7
008e00bb
008a00c2
00c500da
00a100b2
008f00b0
00f300db
00a100ae
009e00da
011700f0
00ca00ef
00990096
00db00e8
00c600d6
00f100b1
00c200af
009f00bf
00ca0101
00dd00ca
00bb00cd
00a900c8
00e30105
00a900ba
00d500bd
00eb00a7
008e00a0
00920078
00a300b7
00a700b0
00a80093
00b700a5
00a10086
011d00c3
00b500d0
00c70149
009a00be
00d5009a
013700fd
00a50056
00f00067
00850070
006100a3
0086005d
0057006a
005f0078
005b007a
00d30123
00c6008c
00ba00a0
00ad00be
0097009a
00e00095
009800d3
00b200a0
00be00b3
00b300ae
00c600a0
00ab00ae
00df00aa
00d500cb
00b100ad
00bd00d7
00d800c9
013b0167
00ef00fd
00b200e9
01270101
00ce011a
01080101
00d800dd
00ea0149
008a008f
00d100aa
00ae0093
00b20099
00e300c9
00ce00d8
009a00db
00b50092
009d008b
00ba00cb
00b500b9
00a600af
00aa00b2
008b00a7
00cb00c9
00e300f6
00ae00a8
0118009f
009e00ae
00db0095
00c90093
00e600ba
00b600c3
00c000a2
009600b8
00b00095
00a500ca
00870095
0109009e
00c500cb
00b300a0
00750049
018e0084
0059032e
00510065
005c0070
00620089
0056006e
005c005a
00ed00c3
010200de
013900e1
00e5012b
00f200dd
00ed0107
010a00ff
00fe00e5
007c0092
00a800c0
00d700ae
00c700a0
009300b5
00ae0098
009800a1
00ba0099
00be00b5
0083007f
00b300b8
010800a3
00850091
00ba00bd
00aa00c1
00ad00ad
014200ca
015e0212
00f2016e
01010127
00da0100
010d00c9
01690105
00e600be
008d00ad
00c200a8
00bf00bb
00b600c6
00de009a
009a009f
008a00b9
00b000f2
00ca0112
00d100df
010500ee
00dd00f5
00f300fb
010d00df
00e0010d
00c90137
00dd012e
01080089
00b800d6
00d600bb
00ce00c7
00e200d5
00ee00e2
00d600fb
00ad00cb
00f700c2
00c20312
00c70091
00ab00c3
00ae00d1
00b700c3
00a1009d
00d70170
00b300ae
00d50091
018200d0
00ef00f0
010900cd
00cf00db
00eb00f0
00b200d0
00aa00a6
009d0088
0091009e
00b0010d
00e60093
009b00b8
00850093
00d100e5
00db00ca
010300cd
013500c7
00e50140
016900ea
00e200df
00d700e0
0096008e
009a00a6
009b00a7
00d500c9
00e6008b
00b800b6
00e700c7
00bb00af
00fb00de
00bb00d8
00da0108
00d5013b
00ee00da
00e700fe
010a00c5
011d0101
014b0051
00f100fd
00b200d5
00930097
0084008a
009b0087
0062007b
006300a0
00930098
009f007c
0092009f
00a600f6
00b300bf
00bb009e
00ab00bd
008500b3
009d00ae
008300e8
00b300ab
012700d0
00b100a7
00aa00e6
008d00bf
00af009a
00e300da
00a900a6
00c10100
00e0009f
00b500ce
00a600cb
00ed00e5
00da008f
01130106
0242010b
00f30165
00e100cd
00e60119
0137011e
00f700be
00ef00e6
018000ca
01000132
00e600fb
010e0113
0121010e
00db0129
01a900f3
00e100ff
007e00af
00bd007b
00b600ad
0095007c
00700080
007f0099
007b00ab
008100c3
00ae01ce
00ae011b
00790095
00e6008d
009000c9
00a50086
008e0099
008e00ca
00aa00bd
0082009a
00b20088
00b800bd
00b6009e
00ad00a1
009e00ab
00a000ba
00c000c8
00be0052
007f0081
008300fb
00770090
009700a9
00830097
00a3008a
012700c3
013b00cb
01090135
00c800ea
01070109
00e6010a
01c70127
0159011b
00c200ca
00e600a5
00e200b8
00df00b2
015200b3
00dd0120
00d20121
00f300d2
00cf00cd
00d700cf
00b900cd
00be00e1
009f00bd
00a600d8
00bd00a5
00c100a7
00c20088
00be00bf
00cd00ca
00fd00fe
012b015b
00ef00e2
00eb00cf
011a0096
00c300af
00c100d9
00ce00d0
00be00c6
00a100da
00c9009f
00ea00f1
00f100e9
013e00f8
01220125
0129012b
01790129
0105010d
0135012b
01320100
0130012e
00af00cf
00df00a0
00df00b3
00b900c8
010b00ae
00de00e8
010600f0
00a60130
00fb00c7
00a30069
00e100bf
009b00b3
010b00b7
00f70116
00a80100
00ee00df
017b0197
013700c3
01120106
00f3010a
012b019e
00f10106
01300137
012b01b7
00b800ca
00cf0106
00dd00c9
012300e2
00eb012e
00b200c0
00de00d6
00b700c0
00d000d3
00eb0117
00d300de
01520111
01150105
00fb0100
00e600cf
00b10111
00d200ca
00d60107
011000f1
00f30125
00e8011e
00e60129
00fe00b8
01150100
00f7008b
009f00c5
009700a0
00fb00ad
00d1009e
009f008d
007300b0
00b1009a
012900e5
00d700f1
00fb00e6
00dd010f
01050119
00c800fe
01cb0147
01100107
008f008e
00d500f0
00c700b8
00a000e8
00a50119
00cd00ef
00a500c6
00d100fe
00b70091
00d0008f
0086009d
008f00da
00c200df
00ce00be
00b600b6
00a100b8
012b0172
01400120
010a00ff
00e20108
010d00ed
01420135
015b00ee
00e20107
009900a6
00ae0097
00fe00c2
00f300ba
00d500b2
00ba00f1
00da00cb
00be00df
00ca007e
00b500b3
00d5009a
0083009d
010000ca
009f0093
00910095
00c80084
00990112
00c000de
00c900ce
00b700bb
00ce00c3
00f100da
00fa00b7
00c600da
008b00a8
00a1009b
008b00ab
00ad00b7
009e009a
00ca009b
00e700c8
00a100a1
00d500d8
00da0139
014900ee
010500e0
00d5010b
010a0111
014000fd
008c00c9
009b00ad
007b00b5
009600b2
00bb00ae
00ca00dd
00a900af
009500bb
007f0097
00b20090
00e200ab
00c300b2
00ed009f
009d0125
00a50098
00aa00ba
009b009e
00f700ae
0130010f
00c000d7
011600f2
00d200cd
00d500ef
00d700c9
010b00cb
00d100a8
009a009b
00bf00a5
00ba009a
00b000d7
00960086
00d10099
00d000c1
00ae009b
008a007d
00a8009a
00af0099
00ce009d
00bd009d
00870093
00e200c0
00dd00d6
012b00b9
00a900b6
00d600d8
00dd00de
00d500e1
009e00c6
00ce00ba
00c900d0
00b700b9
008b00da
00cd00de
00c100f3
00a10115
00d300ee
00ed00f6
012000fa
00d200e1
010a00c3
00ce00f8
00d500e7
012900b9
016200d7
00f700c8
01100199
009300c2
011f00de
00b700da
00bb00cb
010100be
00e500c9
00e10117
00a80086
00a3008f
00c600b9
00c900b3
00a600b1
00aa00d9
009500a7
00a700c3
0073007b
00d30048
005f007a
008a0051
006e005d
005c0064
0083007c
00770081
00be00c2
0105012b
00e20117
012200fd
00dd010d
00eb0105
00ef00ed
013b010d
0103011a
00d000b0
00b600de
00a500bd
00f900ce
00dd00ee
012e00e2
012900b5
00b70082
00e000a2
012700e0
00c900ef
00be00ae
00ce00e0
01160092
00c8008d
013200c3
00d100c9
00ef00db
00c300d1
00c600f3
00da00c6
014000df
00c80132
00c5008e
007e006d
00760069
00850092
00960099
00b5009a
009800a9
00b80098
00970108
00b10096
009f00c3
00a900bd
00b300c9
00b500b5
011800d8
00d100af
00a80085
0073007f
005b0085
00a30098
006c008f
00740089
008d00c3
00a90092
00d00102
00df0140
00ef00d3
00ce00f8
00ee0117
00ea00d2
010100fd
00c500d7
010d00be
01490145
00d50101
010e00f2
014000fe
00f500d9
00fe00eb
00fd0157
011b0152
00e90175
01250125
01400149
014b00f0
00fa0169
00e50135
010b0120
00be0091
00a00087
009700da
00c600fb
00b800b6
00cb00f9
00c100b8
00b300ab
013b00db
010d015e
00e9014e
00f3011a
00db0117
00c3010d
010d010d
01050120
00c000ea
00f100d9
011500ae
00b200d9
00e90195
011f00ef
01200120
00f800af
00c000ad
006b00a5
00a20087
0089009b
00910099
0091009a
009b0097
009100ad
00cd00b9
00d00064
00ca00c5
00c600c1
00d90103
00e300d9
011800d0
011700ed
009e006c
00c300fa
00a500a5
00ab00ba
00b500ad
00b600a7
00b5009d
00a600d1
00a30122
00f90096
00cd00f1
00b200b3
017700d6
010b00ca
00cb00c0
00c600d3
00ad0086
008b0097
00c000b3
012500ab
00a600bf
009d0077
008f00b1
00b700be
008a0123
010100a7
00790086
00c100bf
010700cf
00c800cd
00e500ff
00e100a8
00e300e6
00af00c0
00d600c6
00ef0095
00d300c3
009000b6
00b200d7
00dd00b2
009000b5
00a1008d
007c0070
00a90095
00b50087
008e007a
0080007c
007f0083
0113009f
00f800fd
01350100
01230139
013b016b
00d0010e
00cf00c8
013200cb
00ed00c8
00c80130
018500f9
010a00d7
012000e1
00f100ef
00d300f6
00e90106
00b200c5
007a00c8
00bb00c2
00b0008b
00c90082
00ca0081
00b300a2
00cd00c7
00b90107
013000f8
010b00cd
00ff00f2
00df010f
012500ff
00be0111
00c9010d
00a70075
00750083
00810073
00e80097
010800a3
00a700cb
008f009e
00b20118
00b2008f
00e6009f
00be00c0
00e100aa
008b00ce
00a600a6
00ad00b7
00b100d0
00a30084
00db00b0
00c90111
00df00d8
00da00fa
00ae00a3
00d30095
00b000bf
00fd00a0
00cd0090
00a10099
00a00080
00b00091
009600b0
009d00a0
007400a7
00a900ca
00a100aa
00a50098
00b6009d
00830071
007f007b
008b008b
00ab0083
00ba009d
0086006d
0077008d
009a008d
00cd00c6
008f009a
00ef006f
00e600c9
00f200ff
00c500b3
010600fa
00af00df
00c000cb
00e50129
013700fb
013500f5
00de00c1
00d200d0
00b700a6
00bb00c3
00bb00ee
00eb00c5
00a700b8
00fa00dd
011b00ce
009300a6
00bd009f
00b000a0
009300af
010700b0
00eb00c5
00f000fd
01020130
013b0110
011e0135
00ff0120
00f200d2
00c20118
00fb012e
00eb0110
00bb00dd
00c60089
00c600db
00eb00a6
00bb008c
00c000b0
009a00c3
00be00b9
01000125
010d00b5
008d00e6
00da00df
00ae010b
010900f2
0100012e
014900d1
00cb00d7
00e10108
00da00e8
00de00d9
00b900f1
00bf00e1
00d200e9
00b200f1
00f900c0
01180129
011d00f8
01020140
01270130
00d700fe
00da00f1
00d700c3
00ae00a8
00b500b1
00b100d2
00b5008b
00c10082
00a100a7
00c9009f
00c200c3
011b0110
01770159
01230119
01150115
01030117
00ee018e
01030107
01400105
010d00f9
015e015e
011500ff
01320111
012300e5
012200b8
00bb0127
010800c7
009a00aa
009b009d
00840066
00b90089
006c0066
009d008b
00890093
00770078
00d3009e
00bb00aa
00bd00b0
009f00a3
0081008e
00c500d0
00c100bf
00ad00ab
011600da
01250109
00a700f6
013b00ee
00d80127
00d200c7
00ca00e9
010a00d2
00b800d3
00e700c7
014b00c2
00da00ba
010800b1
00d000bb
00bb00d1
00d600f7
010200f9
00d200e9
00de0149
00f5011f
01110105
0111010b
0137011b
01270122
00ee0091
006600da
007b00b0
009300c5
011f00da
00bb0092
00af00b8
00b700b1
00ba00b7
00920088
00830091
0089007c
00890095
0089008e
00920085
009700cf
00aa00f2
00cf00e0
00b80100
00d700e0
00f200db
00b70109
00b600cf
00e000d0
00b800f3
006400b2
00930092
009300b3
00920078
009700a2
00b10076
009300a1
00d900d0
011800ea
00e800a8
00c70086
00bf00fa
013700c5
00d000fe
00a700d6
012700fe
00fa00e8
00f60152
00b6016b
00ef0129
00d300e3
00ff011b
011300f3
00c900bd
00a900a8
00c100c3
00a200c8
00c70098
00b1008b
00cd00c2
00c80099
00a500bd
00b200b7
00fb0116
00b800a5
013700ba
00ff00b7
009f00ae
00f700b7
013b00fd
013500f2
00e20129
011100e8
00a10107
00db00d6
017b0107
00ff00f5
00a7009b
009900bf
00ce00b8
00cf00e3
00a9008f
00c700ba
00e100c3
00c200bf
00bb008f
00a9011e
00e700fa
00c500fb
013700de
00b800a8
00b200a9
011900ee
00e500d1
01990175
00e500e3
014700f3
01050160
013000ef
00f000d0
011e0101
0075007b
0152011a
00b6011b
00a2009f
009e00c1
00870098
007d009b
00930090
013200be
00cb00d3
00de00eb
00c80101
009f00bf
00d50111
00d5008e
00bd00eb
00ea0132
0116012e
00ee00d9
00f800cd
00dd011d
00c100c3
00f500c3
00c000d1
00c10100
00ff011e
00fd0116
00ff013e
014700df
016700fb
012200c0
00dd00f6
00fa00ef
009b00c9
00ed00e7
00e100dd
00c3008b
00e100ad
00b100b5
00a200af
012700c8
015b0159
00f000f3
00f70106
00f100fd
01110100
011d00f0
0121011b
0076009a
00d300aa
00c100c2
00be0087
00b500b7
00e000d0
00ca00e9
00c000ae
00c700f2
009000b6
010f0099
00b00101
00d700b3
00be00fd
00d500d1
00d100c8
008100b5
00aa00a2
006700b9
00890071
009200b6
00a10081
00b200b6
009d0073
01120086
00e100ba
00c30122
00b300c5
00af00a3
00b900b2
00c500b9
00a600be
010500ae
00d90106
011e0112
0150014e
012e0127
0130011d
00b300dd
01290112
00af0096
00d0008c
00bf009d
00b300b2
0092009d
00b70099
00a800bb
008d00c5
00bf00b5
009b00ad
00f800be
00de00e9
011a0155
00c300bd
00d000a1
011b00f6
00da011e
00f000e1
00b200f7
015b00ce
00b300ca
00f7008f
00b000f5
00f600d2
00a60092
009300c9
00d800ce
00c100de
00f600c2
00b300bd
00db00e7
00a000c9
00d20096
00b00075
00b8008a
00a10082
00a900a7
009f00cd
00b200a2
00bd0099
009500aa
00bf009a
008e00d6
009600d9
009500a1
00a80081
00ce00e7
00d300aa
010f009f
00980089
00d500d0
00bb00d9
00c00099
00b700be
00b100d1
00b500b7
010f00cf
011e0115
00e500fe
012300fa
010200f5
00d300ee
01100106
00d300cb
00b5007e
0092008a
0081007e
00720085
007b009d
007700bd
0086008d
00910081
00cd011f
00690087
008f0099
00ab00ff
00d6009f
00a7009b
00fb00b0
00c200ab
00df00eb
00ff00e7
00d700ba
00f600ba
00c100b1
00d500ed
00e20110
00b700b7
00b70087
0086007e
00c0009b
00ab00c2
00b600a6
00a9009d
009100bb
00af0095
009a007e
008e009b
007c008b
00a300ad
00aa00de
00b000bd
007f00c1
009b00a5
00ae00c7
00e90121
00b100f0
00eb00e1
00c500ef
00bb0150
00da00af
00d200c5
0122011e
012e00ea
012e0129
00d800f1
01350129
0103011f
012b00e6
00c90101
009d008f
00d800b5
00ca00a8
00be00c9
00ea00c8
009800a0
009d0081
00c200d2
010800f7
01470147
011d0130
00ef00ff
00fe013e
01400129
012500d2
014000f6
0098009e
00a600e9
00c300ab
009f007b
008e009a
008900a5
00930085
00cb00b1
00ca00a3
00ad00c9
00d000c8
00d800ff
010700be
008e00d7
00e000f9
00b700a7
00a600c6
00e300b9
00da013e
013900ed
012200d0
012900e8
00ed00d0
010700df
01090108
00fe00cf
012900db
00e800ff
011e00e6
00e80107
00e900cd
012500f0
010b00c9
00ae0073
012300bd
00da00fa
0142009f
00e700d3
010a00e3
011700d8
00f70149
00ba00f7
00d300b1
00a900c7
007a00b0
00c100e5
00a800aa
009e00aa
00ab00e5
00c700d9
009500b5
00d1008e
00af00a1
00a600b5
00b500f7
0099009e
00b500d3
00d600bb
00c00117
00920140
00d800b0
015b00e1
00df00a1
00e700c1
00a500c6
008900a0
00ba0091
00d300eb
009e008f
00b000b3
00ad00e0
00d00087
009f0092
00f500f8
00ea0111
00b80096
00c300f0
00e500ce
00a500a3
0098008b
010100a8
00b300f8
00b700b1
00ee00e8
00f300c8
00e300bd
00e0009f
009100eb
00e90125
0122013e
01090102
00e1013b
01060187
00da00f9
00e70132
00db00c5
00bb00a6
00c9008b
00e600ba
00aa00be
00ca00a6
00d500af
00a500ae
00a600ce
00ed0119
01130170
00f1012b
015e00ff
00d70105
00db00ef
0119011b
012e00e5
00bf00e3
0093007f
00cd00b1
0092008a
009e00e2
009f00ba
00a30082
00a30092
00b600d1
00f50106
00fb010d
00e500b7
00ee00cd
00ce00f7
01390125
00d000dd
00b20097
00be00fd
00be0123
00c000da
010f0103
00d200ca
00d300c2
00c200cb
011b00d8
00b800f9
012900af
00f50123
01180125
00c20155
00f900d0
00f200f7
00a500e6
00ad0079
00b900a3
008100a9
00a6009b
00bd00b9
00a200a5
00c900a5
00fa0099
00b800cd
00e100a5
00a300c1
00c000c5
00d1010b
00b200d6
00ce00e6
01220137
014e010f
01b000f9
01250169
017e0120
016b0129
01950169
011f01a2
00bb0097
00e100ad
00a200c1
00ae00c1
00f700b3
00c300b6
00c900c5
00bb00ce
00b80137
011500b9
00d600e5
00b100b2
00ca0127
00c1008e
00d800b9
00b700ad
00f0012b
00ca00c5
00b500b7
010800ff
00b800ee
00c600f0
01180109
00c600c8
012100eb
00d1010d
00f70122
011e0150
00f300f7
00ea00ea
00de0129
013b00c1
014e00e9
010800e6
00fb0106
013e0132
01750182
00f10142
00f9011b
0137014b
014200f0
01030175
016700d3
00e1012b
012700c2
015900f6
00fb00e1
010a00b6
012e00f2
00e10120
0130011b
011f010b
00e80125
010b00fd
013200d0
01650130
00d200f9
00b500ab
00ea00ad
009300ba
00d000bb
00d70099
00b200e1
00ea00bf
009600b6
00720110
00c800d5
00aa00f8
010800b1
00d60117
013e00fe
00f80129
013900d1
01320142
011a0106
0132011b
01000135
010000e7
012e0117
00e5014e
011200c1
010900fe
01080119
00e60149
01190109
011800fb
00e200df
010e010f
00d5009d
010d00d1
00dd00e9
00f200cd
018200fe
00ae00e7
012b0125
00b200eb
00d0011b
012b012b
012700f2
00de010e
00ff00df
01350101
00ce00f6
00c300c1
00c70106
009000d0
00970097
00be0096
00960081
00a00086
00a200ad
00be0071
00b2009f
00d1006c
0087009d
0090008f
00a900b2
011d00a8
00ea011b
009d00a2
00e900e6
00fd00f2
012e0132
010300f7
013500ef
01220157
0103010d
00c90101
01230117
00eb00d9
00c60107
00d200e8
012e00e3
01030103
00e300df
00ca00ed
009600a9
00ab0072
008d0095
008700a3
007c009d
00c200c7
00c90098
00b100b6
00ce00b1
00e0009f
00ae00e8
00cb00a7
00b600b0
00fb00b7
0097009b
00db00a8
009800be
00f30087
00dd00b8
00b100dd
00e200b3
00c200ce
00de00c9
00b000c9
01010099
00c900fe
012e00eb
00eb00c3
00e300be
00c00106
00a700ee
00c500ce
009e007b
00620092
008b00b9
00a100af
009d009d
00970083
00ab0091
00a600af
007300ae
00b800a2
00ce00aa
00d000e6
00ea00a8
00b500c0
00af00be
00a500b1
008600b1
007b009d
00a90079
008100a3
00a500d0
00a600a7
00a500e7
00a300e0
010700b8
00af0091
00bd0074
00aa00a3
009300ab
00a900d8
009b0093
00a00097
00fb011e
00ea00e5
010800fd
010b0121
01030103
00e60103
00f100d3
00f700f5
009d009d
00b500cb
00cd00e6
00b800ca
00ca00e2
00e10101
00a900ea
00c000f5
00fb00c9
014b016e
01500103
00e300f0
00f2010b
010200fb
00c000d5
0117011b
00ed013b
00b10072
00ad00ab
00a1008f
00ad00ea
00b7009d
00a800ba
00a100cf
00da00d3
00e100f5
00e200d7
01600108
00b800c3
010000df
00a300bf
00e500c2
00d20089
00af00c5
009200c9
00de00b9
00d70098
00d600cf
00d200db
00c300aa
009500cf
00bb00b8
00a800c0
00a80107
00dd00b5
00aa00cf
00c800ba
00c600d5
00ed00fe
01390100
010e0107
01490152
00f600fe
00e90127
00eb0132
011e00c6
00e5018e
00a6006c
00a700ad
011300a0
00820098
00a300af
009a0084
00b100a9
00af0083
007d0092
00a9008d
00af008f
0087008b
0087008e
009000a7
00c900af
00aa00aa
009200d9
009800dd
007700a2
00c70079
00af00af
00d000df
00d000ca
009700e9
00e00088
00c500a7
008100bb
00a800d6
00bf00c0
00aa0092
00e200aa
006d0089
00ca0079
00950080
00790083
0086007a
00a00072
00b50084
008b007d
00b300d5
00a700be
009500a0
00d30082
008e00a2
00a700ad
009d00b1
008900c9
00ba0122
009a0076
009e010d
00d000e5
00e000d6
00be00f0
00a200e6
00bf00c3
00c200d3
00fd0121
010000a5
00c200f2
00c500e6
009e00e3
00ea0106
009700c6
00b3009d
00a50066
00a000a0
0080007e
008d008e
008a0090
00990086
00760072
00f200bb
00c800db
00b5008e
00a200a8
009700c0
00a800c6
00bd00a8
00ba00db
00880089
00ae0083
00a900b2
00a7008d
00930082
00bb0087
008e00ad
009e0097
00db00d1
00d30100
00a100dd
00d700b5
010700bb
00ce00ce
00c300ee
00b0009b
00b200a3
00b10098
00d100ef
00bb00e7
00d300f8
00ce00f9
00ad009b
00d5009a
00b600c2
012900ae
00c500de
00ca00d9
00f900d3
012900ff
00f300dd
00b200c2
00b800d1
00ea00e3
00cd0123
00c800b2
00eb00cd
00c30111
00d600ba
00da00d2
00a800c1
007f00a0
009300b5
00c900a6
00eb00b7
00da00d3
00bb00b6
00a500e8
00af00bd
00d900b0
00a70088
00b700b7
00ea00b0
00e900e7
0100009f
00ea00a6
00c90100
00cf00e2
00a900a1
00a000b2
00a70082
009d00b9
00cb009d
00b9007c
00d700ea
010500c3
00ed010b
010700d3
010800d7
00e30100
00f70107
00d100e0
008b0083
00b30096
008900a1
00b90089
00c700d6
00c300b0
00cf00be
00b9007e
00c000d0
00b800b1
00a00093
00b200ba
00b60127
012b00ca
010b00d2
00e900f7
008b00b8
007b0072
00ae0083
00aa0086
008d0072
00b200da
007e00b1
009300b6
00eb00c7
0116010f
011d0182
010b00d7
00ad00fd
00d10123
014000ef
00d30122
0093009b
008a00a0
007b006f
008e00cb
009e0089
00bb00b2
00c300b1
00d800f9
00e10102
00f200ff
00ce0159
00da00bb
00bd014b
00d800ef
00ad00da
010500b9
00c700a7
010600d8
00c100d9
00b100c5
00d000e7
00f900f0
00b800ba
00c700f0
00c8009e
0096006d
0077008b
00ab008b
008900c8
00af00d2
00c100b6
00b700b6
00d60091
007e0073
00a60093
00a2008d
00b3007f
00a80087
00a50095
008500a3
00aa00a9
00aa00d7
011a00a1
00bb00ed
00d90116
00a200b5
00b500de
00bf00bf
00f200ee
00f900ea
00e100fd
010b00bb
01020167
00be011d
00dd00f8
00b8013e
00a500f9
013e00e6
010600e3
00ef0115
00c00122
00c300ce
00bf00d8
00b500ca
008600d1
00a200d1
00bf00ed
00f00097
00e900d3
00cd00bd
00b600d9
00c9009d
00b700c7
00df00bf
00f50105
00f70102
00a20123
00dd0107
00bf00ed
00e30109
00d600fe
00d200c2
00b900ce
00c900c1
00b300ba
00e100bb
00dd00d3
00dd009d
009900be
008e0088
00a90090
00d90100
00b700ba
009f00c8
00bd00db
00b900cb
00b30132
00a80076
00d100a5
00b200c6
00c600b8
008900a6
009b0087
00c600b2
010101d0
00e80127
00e200fa
0101011a
00e00189
01180159
012200fe
01170101
009e0083
009300bb
00b600a7
0085009a
008500c1
009000b1
008700b7
009600b1
00b000c9
00ae0082
011900bb
00c600b6
00f600a5
011600c5
00df00d8
016700d3
0096009b
00a100a7
009000d1
00880084
00ad009d
006e0095
009b009a
00e70086
00f9011d
00a800c3
00ba00ca
011b00e8
00c200d8
00d700b1
00c600bf
00bb00aa
00ee00dd
012200eb
010300fb
012b00f9
014900e7
012300f3
00de011e
00f9011f
01b900bd
01850177
0142013e
0130010e
00df00c1
00f300ff
010e0113
00da00d8
00ee0101
007f00c8
00610091
0077012e
007c00ae
0057005f
008a008e
00770067
00b50099
00a80092
00b000a0
00a20092
00cd00f5
00bf00c2
009700c5
009600a1
00de0091
015000ff
00c800da
00d300c2
00ce00cb
00da00ed
00e500c1
00b900f7
012e00f1
010300e5
00d90115
00fa00e0
0130015e
01100115
00f000b0
010d0179
00ea00e7
00f1010a
00fd00e3
00ef00f2
013b0130
00f60119
00c1010d
00bd0130
00c300bf
00c00101
00d600c5
00f600cf
00ff00c8
00e800da
00a200ba
00de00f1
00cb00a2
00a90079
00b30095
00e8008c
00b200c7
00d100ce
00a000f1
00c900c7
01000127
00d900c5
00f100d1
01470101
00f200f8
00c700db
00ee00e0
00da00d2
00b8009b
009d00b7
008700ca
00b100aa
00af00c5
00c10095
00a300b1
00af0093
00c900e5
00c600fa
00c800ed
00ff00d7
010e00c3
00e900d6
010300ef
00fe00bb
01390106
00fa00ca
00c500bf
00b800bd
00ce00b6
00d500b8
00c700cf
00d500da
0182013e
01a90103
01650162
01650142
01c00140
01700129
0147012b
01720147
00b00082
00ae0073
00d5008f
00b900b9
00dd0093
00d200cf
00c900c0
00e100d2
00a3008f
00ce00e3
0099009b
00c600b9
009200bf
00dd00b2
00c000cb
00ce0095
008500be
00d50095
00d800dd
00c70127
009a00a8
00c900bf
00e800a6
009f00e0
00a9015b
0053007f
00490057
0055006a
0043004b
005b005d
006a0041
00690045
00a500b0
00710078
009e007e
00a100cb
00a600ae
00c200b5
00990097
00ba00a3
011800d3
01400137
01070139
014700f6
00e3011f
00e2012e
00e000cd
00eb015b
00c200dd
00c300d6
00d000cf
00c200d5
00bb00cf
00c6008a
011e00be
00cf00bb
00fb00a8
01150105
01050137
011f00c5
01030165
00d6010a
00ca00ef
00b700db
00af00d8
009900cb
00c300be
00e200ed
00be00b3
00cf00ce
011d00ba
00a800d5
00c300bf
01270139
012000a3
010800d1
010700e3
010300d0
010200c2
00fd0110
00af00a3
00a700f9
00cd00e5
00e300b0
00e700ee
00d700b5
012300f7
011300c9
008b0098
009a00a5
00a700a3
009f008b
009d00b2
00b000a3
00cb00c1
008800cd
0083007d
00820097
00b1008f
00a7008f
009b007b
008e00e8
007e00ad
008900c3
00e8009b
00ca008e
00d600da
00fb00dd
009000d3
009700ce
007700fd
00b800de
00fe00e1
010b0102
00d200f1
01210107
00d100e7
00eb00f5
015e010b
014b00fa
00c700fa
011d00ce
014b00b6
012900ff
00e60103
013000fb
00c200f8
017e00ed
016700c2
01100142
012900fb
0147012e
01990137
011e0142
0137010d
01220118
00f200fd
00ba00cb
00db00c0
00e500cd
013e00d3
00dd0145
012b00c5
00ef0100
00e700ae
008300a9
00ca00e8
008700d6
00dd008b
00a6008f
00f800bb
00cb009b
009600d9
00c500bd
00d500c0
00c800d6
00c20098
00cb00c0
00e6010a
007c00b6
008a007f
008f007d
009500a3
007200a9
00c50089
0098009d
009000bf
0092008a
00a700bd
00a50080
00c300ab
00d900b5
008d00de
00da00d0
00c900b5
00fb00bf
00da00d8
00b80087
009d0092
00ab00b2
00bb00f5
00aa00d1
00c000ca
00ce00e0
009d0043
008d005c
027700a1
00ce01a0
007b008b
0080008b
00810077
005b006e
010200a9
012e0135
010200cb
0111015b
00e5012e
013b0121
00e600ed
00ee0127
00f10096
00b00082
00b1008c
00ce007f
008f0082
00ab00c3
00a9008c
00d000c0
007e00c5
00a30099
008d0089
00a1008d
00850091
00800083
008b008d
00c900a0
00a800d1
00ef00d8
00c300e2
00c800d2
00ea009b
009100e6
009300c7
00e800cd
00b900ad
00de008b
00d30107
00a700d9
00cf00c0
00f500a6
010600bb
00da00d6
00b800d6
00f200f5
00d10118
00da0113
00f7011f
00e30108
00b900de
00a200a8
01000112
010300eb
01080150
014b00fd
011000d7
013e0157
01300145
01700140
00d70137
01290170
00ea0116
00d300e2
011200ed
011d0129
00e10112
00de00f7
00c00095
00ae0068
008200bf
00af00b7
00ab0092
00c100be
00ab00ba
009b009b
008000ba
00b70072
00950098
00a8009d
009e0097
0092009d
009a00b0
00890090
00d500da
00c90170
00ee00f8
00d20115
010b00e8
00e800d7
00db00f0
00f600ee
01750175
014e0113
01770197
0190013e
01010190
01670127
01300135
01150129
00b200fb
009200a7
00830117
00c300d6
0095010f
00bd00fe
00d600a8
00c8012b
00e800aa
014000f0
00f2011d
01000121
00e3011d
00f100d8
00cf00e2
00d6012b
00d70098
01050137
01210132
00f700fe
00c800c6
00f600fe
00c900de
011f0102
00e80071
007b006b
007e008e
00790082
00cf0087
008b00c5
00b100a1
008700aa
00c700ea
00d700c7
00f500d8
011a00f6
00d200db
00e3011b
00d900f5
00ee00d5
00a2015e
00e200af
00f500d3
00e300af
010100e5
00df00de
00f100e1
010000d9
00b900df
00c10085
010100e7
00af00d3
00df00a2
00a70099
00d800b7
009900bb
00d80093
009f00b6
00ca0083
0089009f
00ba0089
00910098
00ae008b
008d007f
00fe00e8
011d0127
01270155
012000f6
010f0122
011500e9
01210107
012e0123
00f8012e
01370147
01020100
0117013b
0177018b
010d012e
01170116
00fd0112
00e200c2
00a3008b
008500ad
00a0009b
0087006d
008e00a7
008f0087
00a6009d
008b00b9
009900db
00c90070
009600e7
00ad00a5
00d500d3
00d200ae
00d800e7
00b600b3
00d6010f
009500e3
00e200d9
00c500cf
00eb0135
00b100ce
00e3008d
00f200c5
007d009e
00b1009f
00bf00bd
007500bf
00ca0081
009800bf
009200b1
00f500db
012e00f6
010d00da
0127011f
01030130
00f30125
00d300cd
011a00d7
00b600c9
00770077
00770071
01010079
005a0057
007a0082
006f0084
0070005c
00bf0129
011f00c2
00fe00d5
00e600c3
00d5011a
01030135
012b0155
00cf014b
0093009a
007f0080
008f0083
01010099
00900084
007d0095
00a800a9
00820092
00fd0101
010f00f1
0119017e
010700e7
010f0167
01120169
014b00f8
00d700f6
010900f6
00fd0120
00f600d8
00eb00ff
0137010e
014000e6
00ff00d8
010200e7
00c900a9
00790081
009100b2
00c80091
008d00a6
00b000a8
007800c2
00a700be
00df00dd
00c60073
00ea00d7
010100ca
00cd0099
00c000be
00ab00a8
00c800b7
00af00a8
00e2008e
008b0075
0086008d
00a10098
008500b0
00a500b2
008d00df
00fa00b6
00c100bf
00e600c6
00af00b3
00e000d9
010000de
01090149
013b00de
00b900c6
014700c8
010100a8
00d100d3
00fe00f2
00f000c9
00cb0112
00da00b7
00da0111
00a900c5
009d0115
00c800f6
00d00109
00de0115
010b00b6
00fa0127
008a008f
008900ca
010200a3
007b0095
00910090
00bd00ca
007600d2
009d00e6
00f5011e
00f000ea
00d800c7
00e100df
00e200eb
01350100
01120109
00f200e8
00f900d9
00f8010d
010500ce
011e014e
01130098
00d3010b
010b00de
00e000cd
00ed00b6
013b012e
01420108
00f700c7
010000cb
00d900fe
00f10122
011100d1
013900b2
00aa00db
009600d3
00c900c8
00f500c8
00e500d7
00df00ee
00d100c9
017b014b
018e0115
014200e1
012e0137
01270129
00ff0111
01b20189
00ed0129
01200125
015b00df
014200fa
01350169
00e00132
0199013e
00e00120
010f017b
00d2014e
00df0139
00cb00df
00e500e7
00c70106
00ee00bb
00e500d8
00de011a
00bd00b3
00d900b2
00c00098
011600a0
00bb00d8
00b60080
00ba00b5
00cd008a
00df00d7
00f900f5
00e20129
014900df
00d900d8
00f900ce
00cb0108
011300d7
014200f1
00ea0115
0105011a
0107011e
0122015b
00d000e2
01290106
00e800f0
00980090
00a0008e
00cd00a6
009d00e3
00a300c2
0096011f
009f00a8
00a100c8
009300a9
00c100c6
00a200b1
00bb00ed
00a700da
00bb00ba
00af00e6
009700a8
011f010f
00b70086
00d000a7
00d100e6
00c500d8
00c00110
00c000f0
00d100fb
009500ca
00960062
00750099
009d0092
00950092
009100a9
00a500b1
009f00a6
00af00e1
00a800a5
00b300be
00c800c9
00e200e6
012200cd
00df00e2
00c600cd
00f000d8
00ba00c3
010300fd
00a600de
00c80090
00d100b5
00a500a8
00f20100
00e900db
01180105
00cd00e9
00d900de
012e00cd
01090130
00c00123
010a00d5
012b00eb
013e0169
01a50102
00e8013b
01270121
0106012b
00fa0121
010e0118
012e01b2
00fd013b
01b20172
01900187
01300109
0195013b
0165018e
01770132
010b00a8
00c800a1
00e000f9
00eb00d1
00c100ea
00f500c2
010f00e2
00ee00d7
012700ff
00f6011e
00d70189
00e00100
00ed0108
00e700fd
00bf0100
00f500cb
010900d8
01120149
00dd0106
012000da
00dd00e2
00eb012b
00f10110
011a00e0
00eb00c8
010100b0
01160101
011b00df
012500f6
00c900fa
00e600ed
010d00d6
00b300b0
00870078
009800de
009100b0
009500ae
00ed0098
00cd00b9
00a60081
01230109
00e00111
00de00e1
010e00cf
010a0147
00e10105
01450190
00df00f8
00c800fa
00c10082
00950077
00bb0085
00a600c8
00c700c6
00ca00b6
00a700bd
00ed016e
00d200e1
00da00fa
016700ea
00e500cb
013200cf
010700ad
00d500eb
00d100c7
00c80091
00d700a7
008b00d6
00aa00b6
00ab00df
011700e3
00dd00cf
010d0120
01030110
00ea011d
00f100ff
00f30167
00f800be
010800fd
014b00fe
00d20185
00df00e9
017700eb
01370122
00c900e0
00e200ee
00ef0108
00e300e6
011d0130
00e800fb
00bb00dd
00eb00ba
00c500b2
00fd00cb
00f200f1
00d30103
014501b9
01520101
010a0159
00fe0118
014200f7
0147014e
0185014e
0110012b
00e000d6
00b300b2
012700e5
00c90110
012100e8
00d700ef
00d900c5
00e900e5
00c90120
00fe00b1
00cb00b6
012e009e
00d600e2
00b00135
00ee00d5
010b0130
00960099
007d0064
00710091
00a30071
008e00a5
008a00d9
008d00b0
00b200c2
00ca0086
00bb00a7
00b3009a
00d500d3
00a700c3
00e700d1
00bf00bb
00b300a9
012700d6
012e00ee
01300103
00e60113
00fe00d8
00b00105
011600ca
00ee00b0
00a300a0
009000a8
0087007f
00b7009b
009200ca
009600dd
00980077
00a500d1
00b900a2
009200d2
00bb0098
00990091
007d0091
00b30093
00b70099
00b700a2
0093007b
00b80092
009600a1
00af0099
00a100df
008a00a9
00a900a6
008a00c9
00c800f9
00de00d8
009100c0
00af0095
00bb00a5
00950097
009300c7
00910090
00c900c6
00aa008c
009a009b
00cb00ef
00c200bf
00a60092
00e7008c
00a200c1
008f0093
00aa00d2
00da00ad
00eb00a9
010f00c8
00a6008f
00a8009f
00c200d0
00df00de
00e90112
010a0116
00f700b0
00e200ee
00c00112
00b000e1
00fe00ed
00990082
007a0091
00b2008b
008800c5
00aa009a
00ce00b1
009600c0
009f008e
009600a6
00ee00d6
00b300c5
00af00b5
010300ca
007f009e
009d00b0
00830071
00bd00ed
008500c9
009e00b0
00be00b9
00d200a0
00d900d3
00eb00fd
00e20100
00c80112
00fd00ef
00ff00f8
00d600db
00e300e2
00e500d8
010800f0
00dd00ea
01320139
01150129
00d600ab
01650101
00b70107
010200f7
00f20117
00d600f2
016201c7
00ee0132
00e000f9
00f90172
010b0101
010a0119
01070175
01920137
009e00bb
00a7008f
00b700a8
00b50087
00a100a8
00bd00c7
00dd00bb
00ce0090
013500d6
00e90103
013b0100
01790147
010600dd
00f20132
010200ca
01390149
00c70082
008500b0
0099008d
00aa0137
00ae00bf
00d200b3
00a3009e
00bb0080
0088013b
00aa00c8
008f00aa
00c100d8
00b900a6
00c200a6
00a600a9
00ef00bd
009800b1
009300a1
012100bb
00eb009f
00c200cb
00a900d7
00c100c9
00c900b2
00a600de
0083008f
00e60083
009800ab
00af00b7
008d0097
008b0091
00910095
011f00b5
009d0079
00b10099
00e20099
00b300c1
007e00b0
008d00c1
00ba00ba
01250160
00ff0118
00eb012b
011200ed
010200ff
012000d3
012500f1
00f100f0
00d100b7
00b30081
00e3010e
009a00c8
00d20130
00c8015b
01220105
00b600cb
00a90089
00e000d2
00d200aa
00b60081
00a3009e
009f009f
00bb00b7
00b700b7
0122014b
015b0127
01300192
0105011a
0152016e
012b0162
013e0155
01320162
00af00d1
011d0109
00d10157
00fa00e6
00fe0107
010b00f2
00ed0139
00df0102
013000c5
012900f8
01230120
013500e5
01420129
0142014e
013b015b
012101b0
00d10093
00f600ca
00a300b3
00a1009b
00aa00cd
00c700ba
00a800bd
00da00b6
00870077
00760096
00750086
00860095
00850066
00b70080
00bd00af
00bb008b
00f300c8
009200a6
00b60099
00d80127
009500d9
00e50095
00c900bf
00a500b3
016b0142
013200dd
00e2013b
015e00d3
01670152
013b0155
013e00d9
0157016e
00d800e3
00d600e9
00d0010e
010000be
00fb0159
00b20120
00c300b3
00ce00f7
00b200a1
00a800aa
008600a7
00d10092
00b3008f
00b500af
00e50091
00bd00eb
00e2013b
00e20180
01600157
00ed0103
01350125
010b010d
0106010d
01110115
017b00c3
0145012e
01270122
00d2011f
00b800dd
00c100f5
00ff00ef
00f5010b
00f700f6
0135010f
012000f9
010300ff
00d800c9
00fe0100
00d10108
00e700f5
00ba00d9
01100147
01350112
010100fd
012701ab
00dd0123
011d00d9
0110010f
00b900ad
00a000a0
009600d9
00da00a1
011d00fd
009f0087
00a000a7
00b100b8
00d80127
0140012b
015b015b
01210122
016000d1
01620145
00f00117
011a00dd
00a000cf
009700b8
00bd00a6
009e00b3
00fb00b7
00990125
00de00d3
00a300a6
012b00be
01020180
011300ea
0117011f
013e00ff
00c600ef
00e300e1
00c800c5
00b700cb
00e80117
00f700f2
00db00bb
00b700cd
011d00b8
00b500ef
00db00ce
017900e7
00d20140
00ff0119
012b00ee
01170177
011f0142
011300d6
016200e3
00b900a0
00af0081
00b000c2
009e0090
00e200d5
00c900be
00d20097
00d500c5
00ff012b
00fe0117
00ff0167
014b011f
0169011d
012e00cd
00f50140
010a0105
014e00df
013e0127
010f00fe
015200f0
00eb0180
00d000f0
01350112
00e9013b
00d100c2
01010108
00ef0142
014e0140
01450142
01320167
0100013b
00d3010f
00df008f
00cd00a7
00aa00fe
00e200b7
00c900c7
00e100c7
00d700ce
00d600a3
00f600bb
00e7011f
00c600d5
00fe00bf
00bf00f3
00e500f5
00f500cf
00ca00ee
00ca00ce
00a000aa
0075008a
00ad00de
009000bf
00b300c2
009500af
00b00108
0096007f
00b100d9
008f00b7
00650084
0075009b
007b007e
0081006b
005d006d
0122011f
00e90089
00a500aa
00c700c5
00c8012e
011000b5
010f0107
010a0111
00ed00f1
00970063
008c0083
00a7008e
009200a5
00cd00a0
00a600bb
00c50092
00ae0091
00f100a7
014900c9
00c6014b
00b300c3
009b00e8
00a70091
009d00a8
01350155
012b014e
0150015e
01e00155
01800121
01420135
01a90109
0139014e
00db00aa
00d000e7
00e100e7
00b100e5
00cd00e7
00e90103
00be00b1
00c300d3
00a30076
00b800ab
006c0077
0061008f
00790082
0052006e
0073006d
0091008e
00b6007a
00c700ab
00b800e1
00e600d5
00c100f7
00ca009f
009b00ee
00ba00b9
016700fd
00e70127
011a0108
01670121
013e0121
0121017e
0127015e
010d015b
00be0107
00c900ee
00a300ce
0147009b
00c900ba
008100a6
00c600c6
00e100d2
00e500b7
00f600f8
00de0107
013200fa
00a900fb
00da00db
00f200d6
00af00d0
00d0010a
009e0120
00f0015b
00e500bd
00fd00ca
00ff00ce
00c70108
00c600e2
01700117
013e0187
011500f7
011600e0
011a0125
00cf0130
019b00f0
00ed010d
012001bb
00f30145
01420112
0149013e
01ce017b
0140013e
013e014e
00f500f8
00b100ba
00e8009f
00d300b2
00c300c1
00c000bb
010700d6
00d100d8
011200dd
009f0089
008f00b3
009a0099
00dd00b0
00950097
0088008c
00b7007b
008f00b7
00ed0110
00e300bd
00df00cb
011b015b
00e10135
010b009b
00e100e8
00d10159
00d600d1
00a900c0
00d000ae
00e30172
00ef00c0
00d200fd
00d700c8
00d200d6
011d00e2
00da00d2
00e700be
015200c3
0102010e
00b700df
010700ee
00e3011a
00ba00c7
00820088
009200e6
00c0007e
00710078
007e009e
009900a9
00a700b6
00c30096
00a6009a
00da00f1
00a20082
00a200c2
00be00a2
00a200c3
008c00b5
010f010d
00f500e1
011b0103
00d900c6
00f800f6
00d1013e
00e100da
013b018e
0093008d
00a500a1
00b8008f
00b900a7
00cd00a6
00b000b0
01170096
00a60098
01a900d3
01500137
00cb00df
01190140
00f600e8
00f600e0
00f100d1
00d600e1
008f0087
007d007a
009f0092
0098008f
00b50085
00ce0087
00a1009e
00b70091
00bd00dd
01130107
00d500b2
00d8010e
00ba00ea
00dd00f5
00c800c9
00c600da
00aa00c8
008f00a3
009b00a1
009d0095
00b300ad
00cb00ab
00c700e5
00b000d9
012b00e8
011f014e
012900f9
00ef0119
01520117
00f0011b
010b011b
01290125
00f00280
00b10099
00760089
00ae00c1
00550087
005e0059
0072005d
00690062
009700b3
00be009f
00b200dd
00e900a1
00f000a6
00d700dd
00980099
00b70122
013000ae
00f000f5
01300121
01170113
00ed010e
0122014e
00d100e9
00f5012e
010300be
013b0103
013700d8
00cf0135
0129014e
012500fb
00ed00d1
00fb0115
011200d3
012e0149
01300149
01270103
00ea0116
013b00e0
01020123
00e80103
00cb0083
00680076
00890063
00900080
00d3008e
008b007e
00b00076
00b000ce
00d80152
00df00e7
00ed00da
00f900c9
00c500b3
00d30093
00da012b
016900bd
01160130
0125010b
0121010f
015500ed
00d8010e
00f80115
011000f9
00df0108
00bb00f5
009e0130
00ee00af
00aa00ad
00aa00c1
009500b9
00c6009b
00c900aa
00f600f3
0119010a
0100010d
00d80101
00fb012b
00d700b5
00d800e6
00e300c7
00ee0129
01390100
0145014b
01300127
00d900f7
011f00f7
00d700fa
011d00ed
00ee00e3
00d200e2
00ed00e8
00ef0155
013000ab
00bb0162
00f100d9
00d500ea
010600ea
00ff011d
01000139
00ed00f9
00d700cb
00e1011f
010100d9
00b700de
00e20110
01070108
01370103
010700d8
00e600eb
00e600d8
00f300eb
012b0110
008800f3
008c0051
008e007f
00a7007d
008a0076
009a00a9
00cd00ea
00de00b2
00be00e3
009300d7
007b006a
00b90098
009a0083
009700aa
00fe008f
00a000aa
00ae0092
00ab00b3
00d300a3
00b000b6
007500ae
00b600cb
00c0007f
009f009d
01890108
00f0019e
01030102
013000f5
0127013b
01180102
012b0108
010b00d1
012200da
013200f9
00c10115
011f014b
01a00135
010f014e
014b0100
00f700e3
00c5011a
00fa0122
00b50107
00ff011d
01180123
00da0101
011d010b
014900e2
00ab00a9
009d0064
007d0093
0091008d
00830082
009b007e
00ce008e
00b500c1
00a200d8
009e00ad
00b800d8
00ab00ae
00b700bb
009200ae
00cf00b0
00cb0113
00bf00bf
00cb00fe
00e500d3
00ee0118
00f600c1
00f100da
00c500b3
012900e3
00e900b1
00de00cd
00f700bb
00d900f8
011a00f8
011500ff
00c500b8
00ad00a3
00f100f7
00ed00af
00c30100
00ee00fa
00f1010e
00ff00d1
00ef00f5
010200f6
01300155
01490107
0112011a
01750135
01270102
012e0108
0108014e
01070172
00b500ba
00ce006d
00b20088
00d30096
00e600c5
00a70082
00a800a6
009d00c9
00a90086
00bf00af
008e0085
009d0095
00a800a6
00970083
006c0082
009b00c3
013000f6
00e300e1
00ca0125
00cd00cf
00c300b8
00e600e5
00ff00e5
00c900b0
01570110
01060091
00f6011e
01250123
01590129
011e0180
00fb0129
01600125
00b100e5
007b00c7
008f007c
00740078
009b009f
009e00b3
00d100b3
00b900a1
014e019b
0155016b
01300123
01800121
01890152
01900137
013900ea
01000177
00c10123
00e600b8
00da00b8
00ce0145
00ed00ed
00dd00f0
00d000f9
00d700df
01390139
0165010f
00fd0150
00ff00f7
010d0149
01270139
00d70100
00c500e3
00cf0088
00870091
00c1009e
008f010a
00b900ae
00bf0097
00cb00ce
00c800a1
012e00e9
014e0100
00f90118
012200e8
01230139
01120160
00cd0103
010e012b
00a00091
00b800b1
00b000c2
00e800be
00cb00af
00b500cd
00f50102
00ed00e0
00c50132
0118010d
010900d1
00f800c7
012900c9
00e300de
017700df
00b90115
009b00b3
00b700a2
00dd00ee
00e900e9
009e00df
00d600d5
00d900a8
008b00b5
013b00db
00b200a5
00bd00e9
00ae00bb
00dd00fb
009a00e5
00d300c1
00f100cd
00b30121
00db00bb
00b900b3
00b500b2
00a800ca
00ae00a8
00bf00e2
00dd00b9
00c5008f
008a0098
0093006d
00690076
008a0083
009b0098
00720097
00720095
014900a9
00d700e2
01290106
00b30117
00bf0107
00b200fd
01050112
00dd00c3
014200d8
011000e1
0142011f
011e010a
00b900fa
00d00103
0109014e
00d10135
00e800c3
015b013b
010500c1
017e011b
012000e8
00f3013e
00e000f6
011000ee
008800b3
00de007e
009d0096
00d000ad
00af00a6
00a2008f
009600d7
00a10093
011100df
01620159
010900cb
01270137
01000112
00ef00df
00c100d3
0127017b
010e0105
01000155
01390155
00f300fd
01450140
00ee0147
01030118
01290118
00ae00ce
00c90089
00c000c2
010d00ae
00ad00d0
00af00c8
00ca00be
010100ed
00ed00d8
01200137
00ef0187
013201b0
01670150
00de0185
00f9012e
00d600ef
007f00c8
0095007b
0093007e
007a0073
007200a0
00870098
00a8007b
0083008f
014000f0
00c200b8
00c800b3
015500b2
0142011e
00c9010b
0140010e
00f50162
00e200b3
00e700aa
009900a1
00d000c9
00b60119
00c6009a
00c500ce
00d200cb
00b800d7
00ab008b
00920092
00cb00b0
008d00b0
00b800a5
00b100a1
009800af
00d0010e
013b0118
00d0012b
00e70140
011200dd
012700e0
011f00e1
0127012e
00e90085
0099011e
00a1009d
0095007d
008100c5
00bb0086
008e008f
00c600cb
00ef010d
00bf00e0
010000ea
00f500f1
00cf00f6
011100c2
010a0122
00f200fd
00ba0098
00a8009b
00e800b2
008500f3
00ee00da
00a3009e
008b00d1
00c70098
00bf00ab
00c100d1
00d700a1
011000d8
009600a8
00ef00db
00b70103
00cf013b
00a6007b
005a0077
00720077
008a00a5
004f0087
0079007f
00800065
0069007f
00af0098
00b500b3
00d700c2
00c200de
00ae00dd
00be00b0
00a600ae
00e300be
0106009a
007f00d0
00a900a0
00de0096
00d200eb
00f500f5
00a800c5
00b300b2
00a800d7
00b9006d
00a100a0
00ef00b3
00b700da
00a900d5
00c900a7
009b00d8
00b600aa
00cb00ca
00d200b0
00cf00d2
010f00c8
008900a9
00a000a9
009b00aa
00d300ca
0105011e
010a00c0
00e700f6
00e100e9
00e500f2
00de00d2
00de00f3
01370122
00b100aa
00e200b7
00ca00c8
00ae00ab
00c900b5
00be010b
00ba00c6
00f600eb
014b00ed
01160132
01180192
01320182
01030112
00f6011b
00eb00e5
01550150
010a00d7
00f200f3
01110159
0129014b
01690105
01180175
011a0116
00d000a5
012b00b1
00a000e9
00be00f0
00e100d0
00c500d1
00c800a9
01020099
010300ca
00ce0150
01170119
00f20112
00df00be
00c300c1
012700e1
00bd00f2
00e100f5
01290197
00eb010d
010d011e
00f800f1
01120103
01010106
01300100
00d100cd
00a100d8
00ca00a2
00d300aa
00da008f
00aa00da
00df00c8
00ea0118
006e0096
009a006e
007f0095
00960091
00ad0098
007e008c
00890073
00800089
00c800a8
010700f0
00f100ca
010a00f7
00aa00f5
00e000da
00c800a9
00c000f3
00e000e0
00f20107
010100f8
00ce012e
00fb00e5
00e200e3
00e300ee
009e0147
01ab0162
0127011f
014b00af
00d300de
00e80101
00ef016e
011900f3
01230127
00af0072
00e7009a
005d008f
0093006f
006d006d
00ae0091
008e0087
00730088
012e00f3
00bd00c8
01010115
00be00ef
00ea0155
00e300fa
00d700df
00e300ca
00960083
00a80085
00ff00b0
00e000d3
00a3009d
00e5008a
009e0080
008b0081
00bd00d9
01370169
01400115
012700e9
00cb013b
012700e2
00b600ef
012700de
00fa00d9
010e00d8
00f0010d
010e00eb
011600bf
012500c7
00de00cd
00be00e7
00c800a9
00d500bf
00c10099
00d600c2
00cd00b2
00c0009d
00a700a5
00b20099
00d300f5
00f70155
00f00116
012900f6
0130011a
010d0120
00d1013b
00f60129
009a00b1
00a3006d
01f20099
00a000be
008b00b9
008b008d
006e007a
007d0086
00ae00b6
008b00ca
00a200a8
00fe0135
01090102
00d900aa
00c200c1
00d500da
010a0108
014b010a
01200170
00e300ee
01350185
00e800f6
011600fa
011b0101
00d300e1
00840090
008200af
008d00b5
00a10078
007d0082
00b6006e
00ab009e
01d50127
00e200e6
00fa0175
012e012e
00f90175
01250127
01650145
0160017b
00ce00f7
00b20088
00c500a2
00b800c8
00e000d0
00eb0110
00d200e2
00ca00b9
00c60083
012b0106
00a300e5
00930096
00a000a1
006e0093
008c0071
007e008b
00e800b7
00a100b5
00af00c2
00d600b6
00f900ce
00b600cd
00d900eb
00db0090
0083007a
00a500bd
005f00bf
00a20072
006d008b
008f008e
00c6006d
006a0096
013900ab
00f9013e
014b0129
014700db
00eb00e2
00fd00eb
014700f3
012000c7
010d00e3
014500fe
01500150
010b0127
01100115
01250112
012900ee
017e00df
00c50092
00bd00da
00ae0095
009f0085
008c00a6
009200a0
007b0067
008a00a9
00d600b5
00af00a0
00b300bf
00d000b2
007f0103
00f500b3
00880083
00f500b2
00930093
00670064
00600061
0075007e
00790064
00790084
00570073
009f0079
01420122
0179014b
010d016e
01290107
00f300f7
00fe0108
012900ea
00f500fe
009300a7
007d009d
009200c9
0070007a
0089006c
00930082
00970062
0096009e
0072007b
00a600b6
009300b8
009700d1
00f700ad
00c20098
00870090
009a00a3
00d200a0
00a000f5
00ab00fa
00af008f
00e700b1
00d1009a
00d000cf
00db0098
00ff00d9
0112011f
00f80102
00eb0120
013e0108
019e012b
00e9014b
00c10142
011f00f2
013700fe
00fd0115
019b013e
0190012e
00f200f2
015e010b
01020118
012e00eb
0147015e
017700d8
01230116
00cb00e1
00f20139
01250135
01230125
00b3010d
006f0080
00aa00a7
00870086
00d9009d
009f009d
008f00b0
00e8009a
014700f1
01200103
01060122
01590129
013e017e
01110149
010b00ff
010d013b
012e0098
00d90121
012e0100
00b200e2
010d00f8
00ba00d6
00b100c6
00ce0118
00c300d1
00f300b3
00fb00c2
00da00d9
00d700e5
009f00b6
010100cb
00de00e9
00d100fd
012b0142
010500f5
00c7011a
00ed00df
0111012e
00df00de
01350117
0097009d
00a600c5
008900a1
009100b1
00ab00d9
00bf0096
00b700a1
00be00ab
00c80132
00b20099
013200bf
00bd0081
00b10086
00da00bf
00dd00d9
014900ff
011200ce
01120157
00e10106
00fb00f9
00cb00d9
018e0103
00eb00ea
00eb00f7
00fd0099
00e700fd
00b500f3
00bf00e0
00c600cd
010200c0
00ce00e7
009800f8
00d100bf
00d30139
00f20113
011e0129
013000e5
0105011a
00f200e7
016500fa
01450121
010900e5
010a0110
00f200e2
01290165
01270125
011a00e2
00eb0110
014e0119
013b0111
00fe0129
00fb00e1
01250127
010f0137
011b0121
014e0180
00a100b5
00890077
00630095
009f00a1
00b700a0
00cd009f
00c800ab
009800a6
01080116
00730098
0084009f
00a60076
00730092
007a0077
008900c2
008e0086
00920085
00a6009f
00c2007f
00b50098
00a80106
009200aa
00bb00a5
00dd00be
00e3009e
00f900fe
010e00f7
00c800d3
00f600c6
00c600fa
00f700d2
01160110
00c900cd
00c5009b
00e200af
00ce00a7
00c800d0
00f600c5
00c200e6
00ba00d7
012100df
00e300da
010600e7
00fa00ca
00c800e6
00f9012b
00e20100
00d30118
016b00f6
011d018e
00eb0140
013200ef
018b019e
00d20107
01350105
0111012b
00a90089
009200b5
00ba00c6
00bd00c6
00b300e7
009d00b3
009100d3
00a80095
0132015b
019500ef
01020117
01500179
011f012e
01890135
01160197
00cf0177
00d600a0
00d00098
009f009e
00ad00a1
0125008c
009b0086
00c800c6
00ab00b9
00b800b6
009100b8
00a500b5
010d00ad
00be00a2
00c8009e
00cb00af
00c500a5
00ba008b
010d0118
011900b8
00c000d7
00db00e5
009f00be
00bb00ca
00d200ba
00970081
00820086
00f800b0
00a900d2
008c009d
00a600b5
00a3009a
00cd00a2
01950170
00be00f5
00f900f9
011900f5
00fd00d1
014500d7
010f00df
00b9012e
00fd00d0
00e100f8
01290123
01030139
014000e1
00e90112
0103014b
00dd0102
01450110
014200e3
010e010d
014b00e0
00d200f9
01350169
00fa00da
012900d9
00ce009f
00f700eb
00e000ce
00eb00a3
00ea0108
00c300c7
00e700dd
00a10132
00fa0127
013b00d9
00f10122
01400142
01200123
011800ce
01320121
00ee0142
01590145
00fa00d7
01070160
01670159
014500ff
0103015b
010f015b
016b0121
006e007a
00a300c9
00c000a3
00a000a6
008d0095
00b200a3
00720092
009f0089
00a30097
00b9008e
00920075
00650105
00b0009a
00780066
00990079
006b00a2
00d700ce
011100df
010b011e
012e0135
013700f7
00f200e9
00e200c3
011100fd
00d80111
01180116
00e700ed
00da00e6
010f014b
00db00f1
00d800c6
00db0096
00c200af
009e0069
00670081
00950097
0082008a
009800c9
00a90093
00b10096
00b00084
00820090
00a200ae
009f008a
0082007e
00e20087
00980090
009a00c7
011b0106
00a500c5
010e0099
00e000f3
00d200ce
00bf00a3
010700c2
00fe00c5
011300e5
0145014b
01250116
010f00df
01400145
0108013e
00c80121
00a800e3
016e012e
00d500d3
00d00112
017b00e0
00f50159
0115011a
012700f7
01ae00ea
00a30125
010a00c7
00a000ef
00bf00c9
00ad00c1
00c900bd
00d300ae
00b000e0
00e000f0
011100df
0132011a
00fa010b
00ee0123
00dd00de
010600ee
00f000ed
00b600ab
00980129
00f900f9
00ea00d0
00fe00e0
00b800ce
00d700b9
00b000ad
012b00d3
0140011e
01750169
01300110
017700d7
00f30160
010e00ea
00c300e6
00a00073
00730091
00ae0086
008e006d
008d006f
009e00a2
009a00b0
00830071
009f0083
009700c5
00da00ad
00c000e7
00aa007e
00d300ad
00b000a7
00b200a7
00de010a
01600135
01b900e6
00e200fe
0160017b
00e701c7
00ea0127
011700e8
00b900bb
00e200c1
00c100f3
00e600f3
00cf00d2
00e500e8
010700d8
00ba00d6
00ca00b1
00c000cb
00bd0082
00c800df
00ba00ba
009d00b6
00d000d0
006900a3
00a600ca
009300bd
00cb00b3
00a300ba
00c800e2
00cd00d0
00a500c5
00fa00b2
011b0092
00b200d5
00e900b5
00ad00b6
009200cd
00c900ef
00b100d3
00bb00c5
00b1008c
010d010f
00eb00eb
00b800ee
00c500ed
00b700d2
010100ff
00cd0103
01250127
01270132
01a50118
00ff0179
00e5011a
00e8016b
00d0012e
00e1010e
01300108
01030109
014b00fe
0109012b
0127011f
01120103
0149011b
01080139
00c800e6
00f000a9
00cf00d3
008b00c9
009f0091
008300e5
00c000b2
00a500ca
00e9021e
00ea019b
00fb011e
01420130
010b0127
014b0145
01420135
01400119
00a500a3
00dd00c0
00b800e0
00ca00d0
00f100bf
00d900ae
010200aa
00b300a8
00f900cd
013700c1
00db013e
012e00f8
01090139
00f20169
0149011b
010b0111
00ab00fd
00bb00b3
00cd00af
00cb00ed
00c70108
010f00e6
00af00f2
00d50135
010200c7
01030130
00fe00fd
00e100ce
00df010f
00ef00d0
00e2013e
013900c1
006700ba
005a0063
008400c3
00b0008b
00a20072
00c9007b
00e900b5
00a50097
01030103
015900b2
00df00d5
00e5010e
00f00101
00e000f3
00c300d0
00cf00bf
007900bd
00bb00a8
00a900d1
00a000a7
00b20093
00c100cd
00c8009d
00e000ee
011600a0
00c200eb
012500be
00d500f1
00e2013b
00e700b8
00ce00b5
00c300ef
009f00ab
0086006d
008f008a
00cd00ae
00a3009d
00fa00b1
00a900af
0082009a
012500db
00e30190
00fa0165
019e01eb
013b013e
00e80195
00b800fb
012b013b
011000f0
00c5011a
010a0121
010800ff
012e0120
00fd011f
00ce00cb
011e00e9
014e00c6
013500fb
00b600e9
010100f2
013700ee
010a0112
018500d2
01300117
00ef013e
010100f2
01150112
01090113
012e0112
01290119
01370145
017b013b
009e00c5
00c900ad
00bf00ae
0107009b
00b80071
00a800c5
00cf00e6
00d200d2
01160112
00da0142
012200db
01300122
01160103
00c300e9
00d200c9
00e000b3
00c90130
00a00085
00b500da
00e50113
00b700b8
00c900ca
00e600d7
0129009a
01150096
00d00129
00c100f5
01150108
00aa00d1
00b800de
011100f1
010a00a7
013900f6
011d011e
00f800e6
00de011e
00db00db
00d20101
00de00de
00ef00f7
013500cd
00ee0127
01010122
00df00ff
00d60150
00de00fa
0106010e
00da0149
00f900a2
016e016b
00ed0132
00f900ed
00ff00d9
01320159
00eb00f2
00c300ff
016700fe
01490106
00e5012e
00ef010b
00e7010f
00f300b3
00c8013e
00b30105
012700e8
018200ff
00f9016e
00cf0137
00d3011e
00d3011f
00cf011b
015200e6
00de00a7
012500e9
01060102
00eb0109
00e50130
00f000b8
00e200ca
00f700d3
0112016b
00f900f8
00fa0155
0111016b
01190129
01c90189
017b015e
012b0118
00de00ed
00e90093
00b300b1
00a100bb
00c900a8
011b00f2
00db0111
00fa00c6
012000df
016b00ef
0129014e
00fe0129
00ed016b
014700e9
00ff00ef
0145013e
00c20079
0091009b
008b0091
008d0085
009200c0
00ad00a3
0092007e
007500a5
00fd00e8
00f200f2
010000bf
00da00c0
01270129
00cd0102
00c70112
012e0105
00e500e2
00a900b5
009b00b0
00a500ee
00d500c9
00e500e9
00a800ad
00c900ce
00d000d8
00de00cb
00d300c6
00af00c1
00f500e1
00c000d3
00be00ef
00bd00d7
017500ee
016b0165
010b015b
010200f2
0120011b
012900dd
00c800ce
010300cf
00e80145
00e20111
010f00b2
00e200eb
0103010e
00c1011b
00f00107
01180106
01470169
00e300b6
011600df
01520155
00f200af
01290103
00e90123
011300da
01890179
010f00ea
010a016b
01210167
00d80132
010b012b
0189013e
01450132
01130110
00ea00fa
0179010a
0117012b
00f60189
01370132
00fd00fd
00f20132
012500da
011000eb
00fa011f
01750102
00fe0150
017b00fd
00c90111
01180160
00ae00cf
00b8008b
00c200a3
00a7007a
00a300a9
00a700a2
00a1009b
00b800be
012900e8
00a3008c
00f900b7
00d600c8
009600ae
00b80091
00c900cd
00ba00d1
011100f7
01350127
01320137
01370169
01750118
01620111
01750155
0121013b
00df00fe
010e0102
00ff00f6
00ce010b
00ee00c7
00f600f6
00eb0132
012500d5
009500a9
00c300a2
00e500db
00d000d0
00c700df
010a00d7
00ad0097
00cd0106
00c6009e
013200d0
00fe00da
010300f3
011d0162
00d60149
010f00bd
013200b0
0093009d
0092008c
00a60095
009f00bf
00c100c0
009a00c8
00b500a6
009d00a2
00ce00cf
010600f7
00ba00c3
010100d9
00b500b9
00fd00c7
00bd010d
00d800ed
00b3011d
018701d7
013e0130
010a0142
010a017e
0147010f
00f800f5
00ee00e3
014b00f7
010e00e5
00f600e8
0120011a
016900e6
011300fb
00d500d2
010800cb
00e60101
00a200cb
00a90106
00b000f3
00c600c5
00e80120
00ce00c3
00d300cf
00b80092
00a700b5
009f00b7
009b0085
00cb00e6
00b000a3
00ae00a8
00a200c8
00dd00d5
0145013b
011d00e3
013200b6
00fd00f6
010a0112
010300d9
009600af
00a700ad
00c80078
009900b3
00bf00b3
00a800bb
008500ae
00b800c1
00d100e3
00b9009e
00b500b5
00c700a7
009b00cf
00a100ae
00d700ab
010300c0
012500ab
00a900a9
00950086
00a6009d
009b008f
0079008f
00ab00f5
0098007b
007e0087
01090105
00e0011b
012700f1
01030119
00f10142
00ed00f8
00ff0109
00c200cd
012500d6
010a00d9
00f200e6
01160139
011f0175
00fa00df
00fb00fb
0135010f
011800c1
018b0132
00fe0120
00e9011f
01750109
00ea00e9
00ea012e
00c600f1
009f0093
00e600c5
00a200ab
00b000d2
00c100bf
00d20109
00e700a6
00e20129
014500a9
015b0106
01020110
00eb00e6
00e000db
00ee00e5
00fb00be
009100d3
01d000eb
01290112
010700f0
01370111
01390140
00d70119
011d00f5
00e3011f
0087009f
009a0087
00ab00bf
00a800b1
010900ce
00c100f0
00e600c8
010200e8
010b014e
01650110
0117013b
011e00f1
01270127
00db00fb
0142010b
01550111
008500b7
007a0077
009a0096
00a000b5
00a600b6
00bd00f8
00c700ae
00cf00c1
00a600c0
00a900a1
00bb00c6
00cd00f8
00b200ed
013000a2
00d600ce
00ca00ae
015000f3
00f500e5
013e00e0
00f90106
01720125
01000155
015b0121
011b0115
00fd014e
00d900f7
00bd00cb
010700cb
010200dd
00bd00de
00cd0102
010a00db
00ea008a
00b100f5
013e00c7
00a800bf
0127013b
013e00c0
011200e8
01220139
00c800a7
00ae00b6
00a10098
009900b2
00a80091
012900f0
013b00bb
013b00a0
008c0118
00b600b1
00af008b
00ab007c
00b100b6
00c200b3
009200a3
00a5007d
00a80067
00ad0091
00aa00aa
00bb00c7
0091008d
008d0084
00770099
00cf00ad
01250120
011800e9
00f6011f
014b011f
012e00fa
0110016b
013b0140
01190101
00cf00c6
01650145
01570122
00e5017b
013000d6
00f20160
00d000d7
00e3011e
00d600cb
01720177
012e0132
0182010d
00ff0109
012e011a
00fb00df
014b0102
01300103
0139014b
011900de
010300fd
013001ab
00df0137
01020160
00dd011d
01370142
00dd00f0
00e50102
00f5011f
010500e3
017e0150
00d60105
00d80195
013900c8
016700f1
00c10112
00c3013e
00ae00ba
00e900cb
00bf00ef
00a300bf
00ee0142
016200df
00fe0157
010f010f
015b00f3
011800ef
0150015b
012e0125
010000e3
00ef00e3
00db00d9
011e0118
012000b3
00cf0109
00d000be
00d000a1
009900a3
0076007f
009b009f
008500e2
0093007e
006f0086
00c00087
00f9007f
00aa008f
00850085
008a0093
00d90084
00ab00b7
00be009e
00d200e3
00e300f1
008b007a
009e00b3
00de00b0
00a700f9
00d6007f
00a900b0
009d00d2
008300af
010100ea
00e000f0
012900e1
00df011f
00e600d5
00cb0100
00f500f8
00e200db
01ab016e
02050129
01fb01f0
01d50180
02070239
019b01d7
020502e0
01d70260
00b700f7
00ee00eb
00ce0112
011600d3
00bb00b1
00e60140
00b300b5
00de00bb
008300a5
008b0093
00a900bf
00b0009a
009500a6
00ab00a9
009a00b8
007b00a0
01470111
01350103
01120121
00ee013b
012b0157
00eb0142
01210170
010e0129
00a50096
00600075
009d0087
008a0096
00b800d1
007b0093
009300a3
00ad00bd
0089009d
00ab0088
00b10073
008e0096
008a008e
00a200ad
00c100d0
009200ae
00da00f7
00fe0160
00d200eb
010700d3
014e00f0
00fe0111
00d10149
01070139
013900e9
015b0132
01350137
010a012e
00ed00fb
00e600f3
00cf0113
01180111
00f200ef
00ed00cf
00d500a8
01180113
00d20102
0102014b
00f000d6
00e80127
0092007b
00920081
00a10089
00b30091
00750077
00bb00bb
00d30090
00a900aa
00f300fe
0140014e
01080117
00fd0121
00b80100
010a0103
00f200d1
0103012b
01490135
00e90159
01b000fd
014e0185
0170011b
00fe0140
01060212
012e0135
00e80115
0117015e
012100e3
0127012b
00f00127
00c70123
00c100d5
010f0107
00fb01b7
00f900ae
011600f9
011700ff
00d100f2
00f30167
012700b3
00f5010b
016b0142
00e50113
00df00f2
01550116
011e013e
00ea0109
01270116
01210137
00f20129
0159010f
0127010e
00ef0132
0108010d
01220100
00f0012b
01120169
01800159
019e0167
01890129
014b00f6
0187010e
01670165
01c50155
01720137
00f200b5
00c800c6
00c300f6
009600d8
00c300ab
00c300b2
00d30097
00ce0099
0169018e
01200145
013b013e
018e018e
010b00ef
01490145
0157010f
013b0105
00e800f5
011b011b
00fa0140
01000139
010b0115
01470105
00c60135
00e80127
010000eb
01350137
01170120
00f500ff
00f70132
0101013e
011300fe
011f013e
00a500ad
00b50084
009d00c8
00920097
00840086
00c000a7
007f00c6
008100aa
01250172
013500f8
01920140
01570122
01700160
01350180
0167013e
01a50169
00f500a6
00a200a0
00a000b6
008e00ab
00a500d3
00a30096
00d50099
00ab0090
00e300e7
00d500e8
00c700b8
00c6010f
00f600ef
010a0152
01190105
00e0010b
00e100d6
010000e5
00d300fa
012200ed
00d000d5
0119010a
00e3010f
00b300d5
009b00e7
00a200d1
00da008e
00c500b8
00d800f6
00db00b0
00c600db
00b700a0
01070137
011b00ff
011f0189
00de00f9
01320132
00ce0101
013e00fa
010200d9
011500ef
013900ed
00e10123
010e010d
011e0122
00ae0120
014e012b
014e0117
00e300c0
00c3011e
00d60139
00dd0108
00d00119
011f0140
00f800ce
010a00e7
010e00c1
00f900c5
00d000f8
00f900db
00db00e0
00ea00bd
00eb00e2
00ae0103
00da00ea
01420125
012b013e
0105015e
01060120
01170111
014700f5
01370167
016000f2
00ae00e6
00b700b9
00e200e1
00e200f5
00e800eb
00e300d2
00f20155
00aa00bd
00b900a9
00e300e0
00ba00a0
009f00b9
00ee00a7
00f700c5
00be00d0
00b60090
0089006f
00c30091
00a9006a
00ad0099
009600c9
009900bf
00830099
00ad00c6
00a80092
00b20106
00e800fb
00bd00e8
00a800d7
012b0091
009f00c9
00ca00b7
00b70098
00c500a3
007d0096
00b90097
00b600b7
00cf009b
010600c9
00f60106
01000157
013200e0
01190149
00f10159
0113011d
011300dd
00dd00fe
01100099
0149010a
00c000fb
00d800c2
009f00c5
00bf0093
00c60096
009700a8
01010109
010b00fa
00bd00e6
00d90109
00d000fd
011700ce
00cb00b7
00eb0103
014900f0
00d9011e
00de0110
00c000ff
00fe00f2
0130010f
011a0110
00f80106
00b100ad
008c0093
00d900d2
007400a8
011b00ae
00c8009b
00d20092
00bf0090
00a3006e
00e70096
00660070
005d006f
00760063
004e0053
006e0051
006e0066
00ba0083
00bb0087
00be00e9
010b00a9
00a9009b
00bb00c1
00c90090
00c800c0
00ee009f
010700f5
00e600bf
00df00d6
00d00115
00db015e
00e900eb
00e200c3
0182012e
00fb0116
010b0125
01470121
014000e9
01320119
010b00ef
01090119
01670165
010f0121
01700122
01420149
01950127
01550150
017201cb
015e0127
01e900ef
00fa0150
0139016e
01570149
0179018b
0162013e
01420112
018e0160
00fa0106
00ed00ef
00e70169
01110115
011f0123
013e0159
00aa0120
0102010b
00bb00c0
00d100b6
0110010e
00c600f3
00c2011a
00d200bf
00f500df
00c1010b
014e0197
01160145
01570152
012b0189
01bb0159
01020106
01470155
01270115
00b200a6
00aa0105
00d800d7
00c100ce
00db00a8
00f500fe
00d600f6
00b800c1
011600ed
00d300ea
013e00c1
01080109
01010115
00b10127
00c600ed
00e600cd
013b00f8
0127013b
0159010f
01520135
01690113
011300f2
00f30149
0108013b
00a300ab
0073008a
009a008b
0081007b
00860087
00860084
00a6007d
006e008a
00c000b3
00e900e0
00c000ca
00b000bf
00d500b8
00960115
00bd00c3
00f100e5
010f00d1
00e600fb
011e00c8
010e00ed
0160013e
00e60116
00d90108
00fa00ff
00da00f0
00cd00f8
00db00f6
00b30113
00e100f2
00d70117
00f000dd
00e300f0
00d60109
00f00139
011300df
00e30142
010900e6
00ca00f0
00e300e5
00ba00f1
00950093
008c0091
009a0096
00ad00ab
007b009d
009e00a6
00b2009e
00c100b0
012e00f8
013b0150
010f0165
016b00f9
018e00d0
010e0159
00ca0152
0132010d
00e50102
00c000da
00d90106
00d8012e
00b500f3
00ba00e7
00e00123
00cb00ce
00e80127
011d00f3
0115011b
00dd010d
01520111
01030139
00f50145
011b013e
00e10085
008d006f
00c8007e
0062009a
00a00089
0085007a
0098009e
00a6008f
00e600c6
00da00b5
00ef00f7
00f900ea
00d700f2
010a00cf
01400122
00d600ff
00a900db
011600e1
00e200df
011800d5
00d00125
00b500b5
00c000ca
010a00d8
0113012e
00d80162
00ed011a
013b0115
013e014b
014000f9
011d0122
0149013b
01250115
00f00101
00e3015e
012500d3
00f90180
011200f3
010500ed
00d10135
012e01f2
01620142
0101011d
012700ff
010a0155
0147015e
00fa0117
0162014b
00e800b8
017b014e
011900f0
011b00f8
011700ca
011800eb
00cb00e1
00df00e7
006a0097
00d00088
00f300b8
00af00c0
00c80087
017e00c6
009b00b5
008500e7
012b00fb
016b0152
0113011d
013e0135
01300179
01290129
00fb016e
00e70106
01060109
01890135
0122019b
01370130
0130012e
011100b7
01690127
00c10159
00bf008a
00d900e3
00d900e0
00fa00f8
00fa00fe
00e800e0
00df0127
00d600cb
00c200ed
012b00f7
00cd00e8
0139011d
00e10107
00ed011b
016700d7
00ab00c0
00c700c3
013900b9
00e000d8
00ea0123
00f800e8
012000fd
00e10155
00d000b0
01cb010b
012b0130
011800df
01270137
010e01de
01400109
014e013b
010e010a
00f80179
00cb00fe
00f600f9
00e700f0
00e5011e
010500e8
01b70112
01190170
00b80132
00a800c0
00980093
00d6008a
00a500a7
00e000c5
00ed00d8
00c800b1
011d0119
013700c1
00c000f2
01650107
00f700ea
01350113
01490102
00fd00cf
00f600e9
0105011f
00e1011b
0119010d
010100ed
00c500e7
00bd0108
00c20127
00b0007f
0075009a
00c500c9
00c800c7
009500bf
00b500a0
009b00a1
00b300a7
00fa00d0
01800137
00e00135
01020102
00fe0155
00e100f9
014900f9
00a800e0
00f90117
0150015b
012b00f1
00ea0121
013b0167
0135010a
010d00fd
00e300da
008f00a3
00a80084
01ab0090
00a000b1
00b9009a
00b70092
007d0079
00c30095
009100b0
00ba0075
007a00ef
00f0007e
009a0072
00a7008a
00b10086
00de0082
010200c6
00fa0110
00fd0098
011300ea
012e011a
00e300e8
0132011d
00d10109
00d70082
00fe0118
00de0140
007e00d3
00b300c5
008f007b
007a0079
007d0085
00d00116
010d00ca
011300de
013b0112
00e000ee
014000e6
00b80112
010800c1
012b0137
016200f5
01750137
01520142
00ed0149
01100189
01090137
018e014e
011700f3
01060152
010d015b
010e0115
01300139
00f90112
0103013b
00df00ef
012301cb
014700ce
010a0139
01050118
01470127
00f0012e
01490142
0162015b
009900ce
009e00a2
00c7008a
009d00ab
009f0099
00b000b8
00c800b5
00d3009e
00db011b
012e0117
01180132
00ef0103
00c70116
00de0108
00f10145
01170113
00c100ae
00fd00bb
00bb00f6
00b200b8
00e500d2
016b010a
00ef00f6
00bd00c6
009600cb
00b80075
00a700b2
00b20084
00cd00be
009700ad
00ab00d5
008d00a5
01250102
013000ca
00f50118
012b00df
00ed00d2
011f0169
00f10149
01200130
00eb00d0
00e600e1
012500b2
010500ef
00d200d5
00f10105
00c800f7
00d900ba
01170122
018e0113
00fb00c9
012b011b
01370137
015b00f7
01490112
00ea00cf
011100ea
00e9010d
0121010f
00b90115
0100015e
016b01b5
01590169
01870135
00ee010e
0177012e
010f0122
01390107
00e100f8
01130129
010900e9
01100127
012200f8
00ed0129
012e0132
01720107
0106011f
011b0130
013500ef
00db0159
00cb0088
0085008b
00a000ae
00c600a6
007c009d
00b600a0
009f009b
008e00a0
00970088
00ff0082
00ea0097
00950097
00c50087
00ad0097
009300a9
00e50080
00e200d3
00c00086
00e800ab
00b000b8
00e100fb
00be00d8
00f700ce
00cf00e0
01130137
01590112
012200d3
01080120
00f50118
00fa00e0
013000f5
00f90117
011e00f8
00bd00ea
00fb00fd
00dd0117
012500d8
00e100eb
00e80167
01090102
00ba0122
00f50108
012b00fe
00db00d3
0132011b
00f600e6
010900e0
0129010b
015200bf
012e010e
00fb00df
01390129
010500db
0112011f
00f700d9
00f000f7
01390120
00f900f0
010700ff
00e200cd
00cf0172
00b80101
00d90105
00df00c0
011b0115
015200e3
01990129
0103013e
010800ee
00f70113
012e00fd
00d100f0
00b900bf
0100011b
012700e3
012e0142
00f00100
00e700f7
00fb00ed
00e10132
00f600dd
00e90102
018b00ee
00e5010b
01270179
011300c7
011000f6
01170116
00b1009b
00880099
008d0075
0061007f
0086007b
008e0091
00870055
0067006e
01290140
0116017e
00e90113
00de0130
00f600db
00f500d5
00dd00ef
00c300df
01110187
00d700d0
012900db
01a20132
01200106
010900ff
00ee011d
011000c8
009b00d8
0096009b
00840099
00ad0092
00b500a2
009300af
009100a5
00a500c0
00f700e2
013e011d
00f20115
00f500da
00e900ed
01060132
00e0010a
00f000c6
01300105
01010147
013e0139
00de00e8
01850106
012b00d2
00c1010e
00d10105
015b00d3
00f300bf
01490103
015700dd
01250108
013e0119
010d00dd
01420120
00f000ff
010100c7
010f00d1
01190139
014b00e5
011d0103
01250103
015500cb
00fa00ee
01500149
012e0130
01270118
01490111
010800eb
011100ca
00ce00f7
00e600f3
01470169
011e0142
015e0116
00ed00f2
00f200fe
00f000f9
012b00de
00a6009a
00c000a7
00e700b2
009a00c8
008600a7
007d0099
00af00a9
00a90099
01400170
0105012e
0105013b
01bb0169
00e70123
01320147
00f90102
012200f5
010d00f2
01420159
00f300f9
00fd0142
011300d7
00fd010b
00d200e5
012100f1
01160125
0125017b
00f1014b
010200df
010200ea
00de0129
010300e5
013e00e8
01ab010d
016e012e
011d011a
0157018e
0125011b
0119013e
015b0159
013b0106
01350147
00ed010f
01350139
0149014b
01c20142
01590129
01160118
01b2013e
0118012b
01010177
00ea0130
01090113
01210175
00f700eb
00f800d9
00e500c0
00ff00f5
011300cd
013e0122
010a0145
01060125
013b0169
00fd010f
00e60192
00e900d5
011500e6
010e0142
00dd0142
00f60122
014700db
0112011a
01250112
00aa008b
00db00b2
0099006d
00bd00da
009700b3
00d200c0
0090008d
00b100ba
0123012b
00e300db
010700f0
010700e6
00c800f8
010d013b
011f013e
00fd00f8
011f0135
012e0132
01750139
01100137
01320155
01270149
0100010a
012700d9
012900d7
01a9014e
014b00ed
01070129
013000f1
01080123
01030135
010e00e9
00fe010d
0108014e
00e300ff
013e00fb
011b0142
00ff0107
011a00e2
011f00db
007a007b
008b009f
00af00d5
00a100b0
00be00ae
00d300d1
009700e5
00860081
012700cb
01bb015e
010100fa
013000e8
00e90177
01390115
01a90102
00ca012e
012900d0
01030135
00ef0109
01370139
01870100
01130147
01490150
01400130
010e00d0
00bf00c3
00ca00b8
00ce00f1
00e800d6
00e60100
010600de
00d300e6
00da00c9
00dd00d8
00f000fa
00c90101
00db011d
012100c6
00d900e8
00c60137
00e20157
010f011b
01020127
014000f6
017e011e
0152012b
00db0102
010b015b
011f013e
01590179
0147014b
016b0135
00e600ed
011b011b
00fe00c8
010200fb
01690115
01520125
01230162
01470140
00fe0107
01130157
01770129
011500de
011b011f
01c7017b
00ff0160
0101011b
011d014e
01300117
015e0165
01190139
00b100e7
00ad0096
00a800ce
00d300a8
00ae00db
00b700b2
011300f3
00aa00c7
011e011e
0135018e
01060107
010200c8
015501a9
01070111
018700ee
017b0113
00f200eb
0137015b
00ea00e6
013b0118
0108017b
011a00b9
013e018e
0150015e
009200cd
00630058
009a00a1
00a80098
00980091
00a6008b
00db0096
009f00ae
00ea00da
01620139
00ef010e
00ef0132
00ea00e5
00f00108
00d20107
00de00cd
00d10091
00a1008e
008d0084
00af00ca
00b700af
00a000c0
00d100d0
00b100ce
00d200b1
00d900c6
00c500be
011b0109
00d100e6
010000b9
009800ca
00ae00db
017700f8
0100012e
011900da
01160162
010600ef
012500ee
01350167
00e800f3
012900e0
00f200d7
012700d1
01350142
01420109
0147013e
00ce0140
014900df
010f00dd
00ed00b3
0155010e
00c100f8
00f000b8
014b00fb
00e500ea
0139013e
00c800ea
00ae0095
010d00b1
011300f8
00ee010f
00be00f0
013e0169
00d6013e
01c00137
01420152
0125014b
01920129
01b701d5
016e0182
01c70199
021b0132
011300c8
01270110
00c60112
012500cd
00ff0137
00f800e9
00d10118
00de010d
008d0085
00ca00ab
0069009a
0082007b
00b9009e
007700a3
009e0081
0062007b
0149012b
00d20132
017000e9
0121011f
01130110
01650135
01750142
012e00d7
00d100e9
0139015b
014000fd
00ef0113
010a0132
00f10112
00d600fe
012700d9
00e600b2
00930098
00af00d0
00a2008a
008800ae
009b00b2
00a100c0
00ae0096
00f300af
00c700d0
00da013b
011600e1
00f50130
00e3010e
00e700fe
014200e3
010600fd
0160011f
00f5011d
00cf015b
00f6012e
010e013b
00ea00fe
00f20139
008600bd
008b0077
008c008a
006e0090
00970081
00980082
0092006f
008e007a
00f300dd
018b00fa
01400145
00ed0122
00b6013b
00e100db
00cd0119
00e80107
00f900d0
00ff00c1
00d100d9
00e500c6
00f9010b
00d50120
00de00eb
00d000fa
00ef0115
00ff0113
01160159
011700f2
00e500fa
010d0129
00f9011e
00ee00da
011600e3
0100019e
01160130
0152014e
010200ef
01570121
0127016e
00fe014e
007d007d
008600a2
007f007e
006d007a
00660087
00690073
005e0069
0082006d
00ed00d8
010e00da
00c2011f
0140010a
00f000d2
01270119
011300e0
011200be
008300a6
00c20081
009800c1
008f00c0
008f00de
00a200d2
009f0085
00a6009a
00d100c0
011e0127
015000f1
00cf00e2
013b010d
012e0135
011300e6
00d7012e
014e00a7
013b013b
00e10130
0122013b
012000e3
01490109
00f00116
00d300e7
00f700f0
00d20147
00f800c1
00f5010b
01130102
00ea00ee
010f00e8
00d100fa
01000121
012500e6
012b00b8
00ef00d8
010d00c3
00f3010e
01420120
0172011d
00bf00c8
00e100f7
00d700db
00d800d1
00f90142
015000fe
00f300ed
00dd0117
00de0145
0137011d
01230142
01470116
013e00e0
00e000ed
00d900f6
0116011a
00a9009f
00a90110
007a00e1
008a0098
00a70091
008b00cd
009d00b2
00b900c1
00ff00d0
019e011a
00ff0177
010d00d6
00f20159
01370130
017000d7
00b800e8
00c50162
00c30152
00bd00c8
009500c8
00ff00a7
00d50083
00d800db
00a00099
0135010a
01590149
01400115
00d200f1
00d100f3
00ed0125
010e0119
00f900e1
00d30159
01350116
00e10135
010900d9
0140013e
01090105
0102015e
014b00e1
01290130
01a20116
012e016b
010700fb
011a012b
012900fe
00d900f8
01de00e0
00d500fe
013e00d5
00f00162
00f70117
00f500f8
00e20112
00d30117
00c300f6
016b00eb
010e0121
012e00fb
011a011e
00cd00ee
00de010d
00cb0127
00d600c1
0149010f
0129016e
0127016b
01010113
01700130
00ee00fe
00fe012e
01390127
00d700a1
00ea010a
00a60155
00f700ce
00a3011b
00c000b7
00b900d5
00ef00d8
013700d5
013b011d
016200d2
00e700fb
013200e0
00e700ee
00a900f0
00ea0098
01800132
00f00125
00fa010f
00e10150
01010102
00ea00fe
016e012b
00e700ff
014500ff
00cb00f1
00f200b9
012b00f2
01100103
00e600d8
01160117
010600eb
008800b3
009b006e
009b0087
007a0061
00760076
007d0078
006d007e
00a300a2
00c000ef
00ff00bf
00ce00e3
00c80100
00ab00d7
011f00d5
00f200df
010a00f3
016b00d6
0107016b
011100f5
01130139
017500d9
00f9011e
00fd0103
00f600eb
014500f1
00fb00f2
011a00f0
00ea010e
00d000e2
017b00ee
01230130
00f00102
009d00b1
00a70080
00c800a2
00d5009b
00a100d5
00a900e9
00d100eb
00f700a6
010100e2
00f70197
0129010a
01120145
00de0152
01180160
0120010f
011600ee
0147010d
01250152
019e0159
010e0169
00f00125
01490119
011e01a0
00ef010b
011900d5
012e0135
0113012b
00f7014b
00fe0155
00fb00fe
013b013e
011300e9
00d70083
00d90111
00ae00d8
00e200f0
00d700ed
00d50092
00b500ce
00df0107
013b015e
00ed0150
010e0172
010b012e
01390112
01250135
012e00cf
011b0180
00df00bf
00950096
00c0009d
00a700c1
00a800d2
010600c8
0089008e
00ee00b9
00d000e6
018b0167
01450116
010500ea
00e7010e
013e0169
00fa0159
00f200e0
01290111
012b0106
01300132
00ef0108
01220125
01270132
0167010d
00d00100
0098007e
0087007d
00ba008a
00810099
009b007a
007800c5
00b1009e
00890089
00d300e8
00fb00c6
00f600cf
010b00d7
00d20111
010000f5
00bf0125
0125011b
00ee00ed
011a00ba
00df010a
00d600e8
00f5012b
011800f3
011200bb
00e500ba
012201d5
00c30100
01100105
017500fe
012b00e9
014200f6
012e0140
015701a0
00eb00f0
011700db
011d00e5
00fb0127
00e20111
012700bd
01850100
0162011e
011a00f0
014b01a7
011b013b
00f500e2
0119013e
00f70100
00fd0110
010800fe
00bb0122
010d0130
0157012e
00d3010e
00f700e6
00e60127
00f200dd
00df00a0
011600ee
00ed0123
00ea0116
00f000cf
00ee013e
0113012b
00de0142
01170135
00e50160
01030147
010100fd
00e20129
011200f2
00fa0127
010000e8
00bd0121
00f50150
00e000ca
00f000b3
00e200f9
010200ed
00ab0137
01000112
0120012e
00e600d6
01990129
0139013e
01420145
00f800e2
011d0113
010e011a
00d101cb
00e50135
01a90115
010900ff
00d70118
01110147
011200c0
00bb00e8
012700e8
009f00c3
008c008b
00ea00c7
00b200b3
009e00be
00aa00bb
00d000b1
00ab00cb
01050160
013900d7
011d00f3
00d70127
012500db
015e00ad
01790122
00f00132
01300130
00c0010d
013500fb
010b0100
010700e1
01160125
00f30140
00f0010b
00ed01b9
010f015b
01850123
010101d0
014e012b
00fb0135
00f501b7
0150012b
00dd00e3
01270117
017b0145
00f20145
00e70109
00e80111
00d000e6
01130147
00970075
008600c9
008200a9
009600e1
009700e7
00a600d1
00990083
00c60098
00f80130
0112013e
011e0142
00d800ea
013e010a
015e013e
011e00e1
00ca0116
00e000fe
00ff010a
00f5010b
012b0100
010a00eb
00ef0121
01470102
00e600f5
01650107
013b0135
00f6012e
00d20127
00fa0157
015b0149
0182018e
0147014b
011b0125
0123016b
00fd0155
01590167
01180167
014500e2
01600117
018200c6
01270155
01570150
01520152
015b012e
0142014b
01b90182
010d010e
0105013b
012900e9
014e012e
00d90112
01450116
01030155
01290159
01080102
00ed0121
014e0157
013e00f2
00fd0115
01190116
019500e3
012e0182
013b00e6
015700d9
012e0129
00f80199
0160010e
01770107
01650130
01990159
01130179
01490129
009b00b6
009f00b1
009800eb
00a100b8
008d00f3
00a900c7
00a200d0
009500bb
011d010e
015900da
01300100
01500109
01600195
01790150
01170130
0162016b
012900d1
0125010f
00e8011d
00da0149
011b00ed
00dd00d5
00f300eb
012000d3
011500f5
019b014b
01130127
0115012b
01620107
01500101
00d8010e
010100e0
00ee0118
012900f6
00e600fb
011200c3
01050102
00f300fd
00c000e1
011900e2
00ae0149
00990095
009a0095
008a00ae
00de00ae
00b60091
00c500bb
00c600fd
017200d3
012b0119
012b0123
012b0195
010b00f3
014500ca
01390155
01a2010d
011600e0
011700fb
012e00e1
0125018b
015b00ff
010b00f2
011300e2
00e20139
00f700a6
01420117
00e00121
014500d7
011a011e
00c7010e
011b00d5
014500de
00f80135
00f000fa
00cd00f2
00d200cd
00fb00c5
01060137
00fb00f8
00ea00d1
00f500d3
00df00f3
0115011f
00dd00ea
01000169
00f800fa
00e9011a
00f500fa
0117012e
01270122
011a0135
00f90139
01400165
01200139
01000152
012e010e
014b017e
010f0115
014b0108
019e0127
00f3012b
00e8018e
013b0175
01500142
013900e9
00ff0137
00f200e5
00ee00e1
00e80106
01270179
016e0100
00ed0111
01350110
017b0165
0150016b
00e00117
01370147
01090149
018b0165
00f000f5
015b00b0
01170175
01250165
01270129
00f00105
016200e6
00f80169
010200d0
00f800e2
0175011e
01200199
013200fb
01ab00ed
01370119
00de0142
010500ff
00f80111
00ff00fa
00e60102
00ef012e
012b0129
00b000c0
00f600bf
00b600b3
012100fa
00d30103
01420106
012b00f8
00f000dd
014000ed
00e90130
01120107
014e0103
00e200d1
010a010d
00d600fe
01470140
00d801a9
013e014e
00e6015e
00f50100
01400147
01320137
01130132
00ff0120
01570116
00dd011f
010b0125
00f60130
010000f8
0187016b
01070137
01270111
012000ee
012e0101
00dd00d7
010000c7
0115011a
01160123
01150111
00f60140
01090103
01010121
011a0118
01130101
0137011e
0101010a
011e0152
012e010f
010f0170
00f70125
0102016b
01470142
014e0140
00e50132
011a0107
014700f7
015200ed
01100113
00f900d5
010b0113
01060187
00fb0127
015500f3
01600135
0142010d
017b0142
016500fe
00cb0108
00d900b3
00f20110
00bb00bb
00b900d7
00f500e3
009f00c1
00f700a1
00ff00b0
012b011d
00f00162
00ef00e5
0110011a
00ef0119
01950123
00dd0140
00f90175
011b0120
00f50110
00f60109
01550135
01990165
0179015b
01490142
00e9010a
019201c7
013200d9
015e015b
010200e1
012900ed
00e30103
012b014e
00f300d6
00db00bf
014200b2
010300c5
013b011d
00e900e5
01060105
01570110
00bd00f0
00eb00d8
00e6011f
00f9010b
00d10102
01290103
00e500eb
00ee013b
008900ad
0076008b
00af00c9
00da0097
007f0073
008a008f
00ca0079
009a00ab
012e00ed
014b00ee
0127014e
014701db
0122013b
01210125
017200f6
017b010a
01050103
012b015e
01050116
0113012b
01090172
00bb00f8
00ee00f3
00f800e9
011000d0
016e0149
016e012e
0120012b
010e013b
010d011a
013e00ff
00f8010f
011100c6
0139013e
0115013e
010a00da
011a00e2
00b1011a
012e00aa
01120118
01a900fa
01030157
010b0130
010a0140
01250107
01250152
011200f2
00f100d0
00cb009f
00b90089
009300ba
009000f5
009300bb
00c6007e
00ff0092
00f100a1
010300e9
00ea00f8
00dd00fa
00ee0129
00ee00f2
00cb00cb
010000ed
01160101
00ae0086
007a0091
00ca00bf
00d000d9
00c00121
00c50099
008e00a8
00ad00bd
013b010f
00f1013e
010b011f
010b0103
01420105
017b0160
011b0192
01520116
016901a2
011300db
015b0139
014e0142
00d10137
01550139
01590149
01520130
00f100fb
012200cb
015e00ee
010200e7
00be00d8
00f200fe
00e9010a
01500118
00ba00a0
00870091
009300a8
00a8009b
009e0089
008e00ab
00a7007f
00a60081
00910084
008b0082
006d0091
0085008d
007c00a2
0091009b
009b00af
00b70093
00fd00eb
01190130
00ee0109
010a016b
00f2013e
01e7015b
01220118
00fe0116
0142014b
01620152
0127014b
015000f8
01470152
011f0140
0167016b
01110172
011f00c5
00d2009f
00b300ee
00b9008b
00f900b0
00d000b2
00fd00b0
00b10083
00dd0172
012e00cb
00ce00ed
012900e9
00d50127
00f500ee
00d30111
00e90112
00b300b0
00f200d3
00ce012e
012300dd
009600c8
00ab00fb
00c70107
00d500d7
00da0107
01420179
0102012b
01790113
00df0132
017200f5
00e700e7
00f30137
00d50075
009600c3
00b700c9
009b00d5
00c800e7
00de00f6
00d600e2
009100a7
011f00b8
014e018e
010e01b0
0112015b
011500fd
00d6015e
01190137
00e7010f
008a00d3
00ba00b7
00ba0103
00d200d8
00a50092
00d000b7
00a500d2
00e900d8
01350105
01130129
00f7010a
00f30102
011a0121
00f90162
014e00fb
00eb0135
011e00f3
0125015e
00ca00e9
00d20149
0101012b
012900eb
00cb0101
00e50106
015000c2
0150010a
01570116
011e00e7
013e0169
01350119
0112010a
010f0110
010b00bd
014b014e
00cf0135
00f700db
00f30111
00cd00f3
014500ab
00df00ea
00df00c2
013e0162
00f600fd
00f00103
014e0165
00fe0121
00f800d8
011600f5
010e00ea
015e0118
015b0130
00fb011d
017e0150
01750175
00df010b
012e013b
012e0135
01790177
00ed0121
013b014e
0101010b
00dd0140
00f60149
00e9012b
00f300b5
00d0008f
00c300cd
00b600be
00c500f1
00b300c7
00ba00c7
010700b2
00e800ea
00fa011a
0127011a
0102011a
01270120
00df00c9
010b0113
00ee0109
015700e3
01070169
012b0197
011d0157
013e0137
013500f0
011a0105
013e00d2
01190105
01b90127
00c50110
01270152
012e010d
0135010d
00e700ff
01120106
01550157
01290122
00c8014b
00f70169
01130127
00e10127
00be0132
00e600db
01550149
01590112
01920185
014e0160
01650132
0139016e
01080147
017e014e
008e00ab
00cd00d3
009800a7
00ad00df
00a500b0
00d300a9
00d800a3
00a9009a
0099008f
00c70086
00a700da
009e00bf
009700dd
00870095
009f00b7
00ab00c9
016500ae
012e0139
00e600e6
0110010e
011f00f3
014200db
00f200fb
014e00d5
012e00d2
00ed012e
015b0130
012b0135
00f700f3
01670160
010b014b
01120109
00e30135
01b00103
00fd014b
010f0150
00fb0169
00f800ff
0117017e
010d01d5
015000d0
010b013e
00ed00ce
014e00e5
00f20129
013e011e
00f9014b
01250122
00e600f2
00e60152
01050110
00d900c2
010d0105
0140010d
00c000d5
011e00d1
014700f9
01790117
014e0172
01230127
01270130
01320155
010f0147
00f10167
00ca0097
00a200d5
007e0097
00c200db
007d0098
00b000b1
00d500b5
00a5009b
010200f7
01770172
016e0113
01020145
01100119
0110011e
00ed00e0
011300f1
01270103
013e00f7
017000f1
0110011e
01390145
01420108
0127010e
00ff0110
00f800c0
00f100e0
01020109
014200dd
00d900d5
00b900e3
00a900e3
00e00115
00e800ea
01250170
018200f5
00f20140
014200f7
00d50159
010500cb
014000f3
00f70100
00fa00e3
00e30100
00ce0116
012e00d8
00f000fd
011d018e
011500d0
00920095
009600ab
009600bb
008400cd
00c800f3
00a600a1
007100bf
00b300ba
00fa00b2
01990162
016e0159
012e00c7
00cf0109
00f00101
00e60149
011b0108
01bb015b
00f500f3
01180135
00f701a0
013900dd
010b011a
01210165
011600d9
01620137
00eb0137
011500ff
01c90140
01470155
0142018e
01490140
01c201ce
010800dd
00f50150
00ed010d
011a0137
00ee0142
00e200dd
010d0103
01450132
012e0120
013e0121
011500ee
01100140
012500fa
00c60129
00e80111
010d0155
018e017b
013b010a
01e90120
0189011e
01700150
0129013b
014b0179
01870205
00e200d3
011d0152
00df00e9
00dd00d8
00e0010f
00f800cb
00ee00d7
012e00de
00f50129
00d9011d
01290113
012e00f8
00f800fa
01110140
00e0010a
00fa00fe
01110105
010300f2
012900dd
018b011d
010f010d
010e011b
010b015b
0127010f
014e00df
01370162
013b00f8
01150142
014b0130
00ff0106
010800e5
015200f6
00f300f8
010200fb
00cd0140
012100ea
00f100f8
0116011a
00f50140
01180121
013e0155
010f0123
0100012e
019500fd
012900e8
012e012b
012e0145
0118010e
010600c2
00f70139
012300e5
014200e1
00e600ee
00be00ab
00f200c5
00ad00ee
01400113
00bf00e9
00be00c0
00ff0119
010600d2
013500fd
0127011a
01300111
00d20129
0139012b
011d0116
010d00d9
00f50122
013b0149
010e00e1
00f70139
01520177
00dd011b
01350162
01a200ee
00db0137
01130117
011600f0
015e011b
011100f3
0100014b
01820159
01670129
01150182
0170010a
0100011b
011d0140
00ee00f6
01160127
0139010f
011e011d
011e0118
0150014e
00eb011f
014e0159
0110011d
00e600e2
00f300e9
01290100
018000f3
01450102
015b0120
0127012e
011800de
00d10149
00f70127
00e50170
010f00f6
01300130
010a00b9
017e0135
01030101
00ea00eb
0122015b
0105013e
00f800e2
013b0157
011a0130
014b0118
010900f5
01ab0145
01230139
00f3013e
012e0152
00d600f7
012200cf
00fe00e8
01290119
014e0149
0165012b
011b016e
012b00f5
01130105
00f700e9
012b0149
013700d6
0165012b
00ee0137
00f00122
014000ea
0125012b
012e0152
00db00f3
010000f3
01450118
00e30129
013e00fd
011f010b
00f20123
01390113
01010102
00d300f8
01210102
012500d1
0139011f
01870109
00f70108
00c70108
00fa011a
010700d6
01420177
012300f7
01650152
010d011f
016500fe
00f8010f
015e0103
010b011f
01420150
016b0130
00f500f3
01390129
0142010b
00e700fd
00da0101
00e6011b
00fa00fe
00fe00eb
014000d7
01090155
00d20120
00e60121
01190147
010300ee
011d010b
01600149
010a014b
011800e8
017200fb
013b011e
01390103
015e01d2
01150130
016b013b
01a5011e
01870157
01ae0175
01230130
014e0147
011701c9
012e014b
014e0135
0112015b
015e013b
01670160
0152015e
01000147
00e900f1
01600137
010d0112
00df00fb
011d0175
011300e7
010000fd
00e80137
01030125
011700f7
014e0130
010e0139
0140019b
010b0149
00f10118
012e00f1
01230129
01650140
01800119
013500fa
0113011a
00d700f2
018500e9
011e00d9
014700f7
013e010a
010800d0
01690142
010e00fe
01370122
01010117
00ea0115
017000d1
0199010d
00e9012e
01700113
017500e2
01670102
00fa00d6
00fb00f9
011f014b
013b00e0
014e0235
01370149
013b0197
016e0157
012b0180
01050155
013000b3
0125010f
00e800d5
00fe00f0
012100e3
01290152
013b00c0
00d9010a
013000fe
01620145
00cb0139
00eb00d3
01130150
00c70120
010e0157
00ff00ca
011200f8
01200155
010a0109
012e0150
0100013e
012e0180
00ea00f8
011b0137
01c50179
017e0130
01570142
01620175
013e0177
017201f9
01a2016b
018e0150
00b900e1
00f600c2
010100cb
00fe00d9
00e70101
00fd0118
00cd00b9
00fe00b9
011d0107
014b0167
0139011f
01160185
00fe014b
013000d6
01230102
00fb0135
01010190
012e011f
011b0129
0118011b
01550147
015200f2
014e0160
0155015e
01060139
010e010b
01010121
00ed0147
00d20100
00e200f7
010a00d2
00c50162
014900c8
01450101
01390116
00fd012b
00ce0137
00df0117
00f5013e
011f0137
010100d7
0150015e
01060150
012500dd
00ef0110
00ee0115
00ed0122
00db0119
01750170
0100012b
01770169
0130012b
0155011d
00e100f1
00f7012b
01320185
00ca0119
00d600d6
00cf00d5
00df00e7
00bd00da
00e000b3
00df00f6
012e00e1
01070115
01150177
0130011f
011b00de
01070135
0147012e
00f00137
00e700f8
00e30100
01450185
00f50180
010b0108
00f6010e
00c5010d
012e00f8
01030100
00e90103
00e10102
00d3010b
010f0139
013b00ea
00f100f3
0145011b
013900f0
010e00f8
00f700f1
01290106
00fb00ea
011b00be
00ea00d6
00f800e7
00db00be
00ed012e
01220159
00f100d9
01220127
013b0170
0132010e
010e0108
00e8012e
00ce00cd
014000f7
012900d1
010e00f8
01070142
011200da
00e100f8
011100f7
00ef00f8
01250130
00de0100
010a0132
011900db
00d10125
00f7010b
00f80139
010d01ce
00e800c2
00e100e5
00d100db
01570106
00eb0112
00f0010d
01620130
01350179
013e0111
0116011e
01350155
010a0113
010f0103
013b018b
010b013b
00ed0170
011a00ed
014500fa
01400122
0115012e
01490119
011b0139
00e700ef
01570129
01870172
01030103
013200f7
0116012e
014000e9
01800105
01570101
007f0075
0077009a
008a00c1
00990078
00830085
00780087
0086009a
008d0077
01370142
011800ea
01520100
01600105
012300e3
00e1010e
011d00f1
013700f3
00d500af
00db00f9
00cd00af
013e00c2
00df00e9
00cf00fe
010100d7
00b70107
01b90175
014e011d
0140015b
00ca014e
01320199
01320187
01850187
01fb0135
011b00d3
00c5013e
012b00f6
010d011b
01620162
00e900fa
00e500f9
00ef00e0
00d10137
00bd0125
011700b1
015700d6
011e00c9
010500eb
011f0116
00fe00ff
00cd013b
00db0107
00e9010d
017b0167
013700d7
00cb013e
00e300ef
00c90120
01ab00f7
0147013b
00c2011a
0137011d
017000fa
0139011a
00de009d
00c600e9
00d20135
01370103
01250117
01320160
01150122
00f501a7
014900d5
0116013e
011b00e6
01270227
012900d7
01270117
00f300e2
00d100d3
00fe00f1
00d500ff
010f00e2
00e900d6
00eb00d8
012200fb
00df0121
00fa00e5
00e10109
013900e1
00fd00d3
00fd00c0
00f10135
013e013b
00d800fa
012900ab
00d700e0
00e60109
010f00e0
011b0137
010b0115
014500c0
011b00f8
0106010b
010100fb
01190132
013000cf
01520123
0157016e
011a01ae
0119010d
00fd0135
01500123
014900e2
007e0074
008900b5
008c00ab
00730086
008d009d
0097006a
0096008d
006a00a9
012e00fe
0135014e
01300101
015e00da
00ea00fe
011500f3
010100d8
011d00be
01000127
01020179
00d70101
010b00fe
011a00e7
00e2011d
00e30119
011b00dd
011e00f9
010f0132
014900be
00fa0116
0125011b
00d2011e
00e900f3
00d70115
014b00eb
013e0165
014000d2
00e600fa
010f011e
01420106
012900fb
0116012b
0135013b
00f701cb
0152012e
017200d0
012200fd
010d00ee
010b00be
012700db
01390165
0140010b
01190109
0140013b
01390152
013e0149
01180135
01c50150
00b500a9
011b0159
01070127
00c300db
014e00f9
00bd0127
015700cb
00bd0111
00900064
00b900a0
009d00ff
009300c9
00db00c1
009500b9
00a100a1
00c80090
00d600b1
00e500db
00b500f3
01400108
010a00d5
00c900f5
00ea00c1
00b100d1
01470110
011600dd
01220109
010b0140
00f700f0
00da00fe
011e011e
01210185
011800fe
00ff0110
017b0110
014e0129
012b0140
015e00f6
010f011a
012200f1
008f00a2
00750085
009f00b5
008d0079
009100b9
0091007e
00790088
009600e3
012700df
0187015e
00f50132
00f100dd
011a010d
0162019b
0167014b
01520125
00f80107
01210116
013000f6
010f0119
00f700fe
011f00e1
01060115
00f600e2
010f011b
018b00f7
00f90121
00ff00e5
00df00f8
00ed00d6
00ce00e3
011d0129
01170112
01400132
01520137
0167010e
01080120
01790118
015e010d
012900dd
009a00b1
00a600d6
008200a9
009b009d
008b00ae
008e0090
0076009b
006f0081
011700f8
012000e7
00d600d5
0139015b
011e00f9
01190149
0129013b
0122015b
00d500d2
0120014b
010e00e9
01350155
00f70172
012e00dd
00fa0107
00ea00d7
013000a7
013900f9
0121012b
01470107
015e010f
00d10102
010f00da
00d800fe
01180097
016700c9
01080112
011900f3
00db0101
00f900f1
013b0101
00cd0101
01290110
01300135
01200169
010200f5
00ed0115
014e00ea
013b0159
01550157
012700cf
01470185
00da018b
01500105
01210170
00eb0106
00ee0111
00ea010f
00930052
00ab00db
00ae009a
009e00a1
00a200b5
00950086
00a00084
00820082
00f500f1
01180157
013900e7
01670189
014b0116
01400189
010d0132
0129012b
010b00e2
01470110
0100018e
010d0192
00b900fa
0107011a
00c600ff
00da00ea
011600fd
01030129
012b0152
0159015b
0122010b
00e600e8
00ed0169
01120140
016b0179
013b0169
01090102
00eb0137
011a011a
00b700f7
010b0147
013b01a2
00eb00bb
01100145
012700ed
00be00f0
00f8010b
00ab00ee
00d00139
013e0152
0103011e
00d80159
010f00f1
00c000f3
00fb0118
01420112
014b0142
00ed014b
01120115
00d900d8
010a00ed
010600e6
00ba00c2
00d500f0
00e300e3
00eb00fb
009a0095
00bd00b0
00a600a2
008a009f
0077008b
00a500a0
009d00d1
00980092
01750125
01320106
01420112
01300132
013e010b
00dd0135
014900de
0139011a
00f80127
017001c2
01100145
016e0152
018500c5
011e00f3
01370106
00da0116
01b70197
014901a0
0115013e
01030109
00ed0167
00f500d5
00df00ef
012100d1
00810098
00b7008a
00aa00ab
00c800a6
00bf00b0
00d20085
00a9009a
00d300a8
010600f9
0130012e
00fb0107
010700f6
00fb01f2
00f5012b
010d0152
0149011f
00f800f3
0185011a
00ed0169
013000e7
013b00fa
00ef00f1
00e1013b
00d20110
00cf0139
010200ed
00e700ce
00f70123
00f3013b
0125014b
0135017b
011300fe
01150110
013500df
012200ef
00d60135
00f60121
00f300fd
00fe0160
00e8010f
01600120
01090157
00e7012e
00e70130
01a50169
012201ae
01490150
00f80159
011300f6
00fe0162
011e0129
010e0103
01420101
015b0147
00e600ff
012000f7
010100ef
010800f1
00d80106
00f20118
00e00102
00d000f7
00f900e5
0147012b
019000d8
01750142
0100013b
00f30147
010d0118
01550113
00f90102
0132011e
00a900fa
00fa0123
00fe0105
010600fe
00f80129
010600fa
00de0107
011a0106
01160167
0170014b
01700162
01450169
00fb012e
014b0127
01750135
01470182
010f0118
01180108
0145010e
01320105
012000f5
00e10182
00f8010b
00f00102
010b00a3
00e70132
01470106
00fe0157
010500d6
011f015e
00e90129
00ca00ba
00a1006e
0087007e
00a9009b
00b30096
00be00b2
00a600aa
00b2009d
009e00df
00ed00cf
01370137
010600dd
0107010b
01500101
010f0135
00d50115
00fa0142
01650123
014e0177
00d5011a
01650140
00ea00e1
00fd00d3
01190157
00fa0130
00fb00fb
019e0145
01770127
010d011a
012b010f
00f70101
00fb0160
011e0125
01550121
014e01a9
013b0139
015901b0
01370100
0129012b
0112010e
01400130
00c60116
0116011a
015e00b7
010000cd
00ca0101
00d900e2
01130152
0110013e
011f00e3
010e0117
0118013e
00e6011b
014b0127
010a0130
00c101ae
011600ce
00cb012e
011d0147
01060129
011a0110
01450139
00d90112
00cf0145
010200fe
00fb0139
012e0130
01300120
01020109
012e0132
01f00121
00e90123
011d0110
011d00e3
0149019e
011e0110
00ca0127
01050125
0129011e
010b0107
01010119
00e50107
00f601d7
00e20130
014700eb
0149012e
01290113
010700da
010e0135
007700e9
00870089
008b007f
007d00b5
007e00a8
007e008a
00920082
008c008d
00e00107
0130011d
013b016b
011500f1
01450129
016700f0
00e8011e
01400123
00c30123
01350123
00fe0139
014b00e9
014e00fb
011f0157
01190108
00cf0129
017e00e1
013501e9
011200ef
012b0105
013000f9
01490112
00e700cb
015b0127
00bf0100
00da0103
00ee00cf
01320101
00e200f5
00cf00ff
00d300ed
013e010a
00f80105
011d010a
011b00ce
01010107
00ed0175
00f20101
011e00e2
00d300d3
017900d8
00e30170
011100ef
010e0137
012b00f6
010900ef
00e60129
00ef0102
010a014e
014e014b
011e01d2
01890172
020b0140
01500170
01820108
011600ea
00f50147
01700152
01690100
01020122
012b0107
0149012b
00e601b0
01620118
00d600fd
0197016b
00ae00fe
01190123
00ee00fe
011200b1
010300e2
00c90175
013701be
00fa0109
01350137
01350167
01650162
011b014b
01350117
01620140
00ee00af
01180132
0121011e
011200d9
00f6015b
010900cd
00e600e2
00e9011b
00ef0137
011e010d
010f0102
011f00e6
01030125
00eb00ce
01050102
010b0111
00f600ce
00fe00af
011b00e9
01060119
00fe0105
00eb00dd
0155010a
011000fa
00f700d1
00f00103
01050109
0190013b
013b0129
018e0147
013b00c9
010b013b
00e50145
01550142
01420165
01180147
015b016b
011b013e
01400106
012100f8
010500c8
00bb015e
010a015e
01020109
01050149
014000b2
00e300ea
012700cb
017900e7
0147014e
010700fd
01130106
01170121
0130011a
00fb00fa
010700d7
00bf013b
01420179
0160012b
010f013e
00d30137
013b0101
01180110
01010120
01490107
015e0199
011b0118
012b0110
013b011b
01230107
010800fa
01200111
00cf010f
0123019b
00c50147
010a0107
013b013b
012b012e
00e00101
010e0129
016900de
011e0101
01200142
01500147
014700e3
00ce013b
00da0125
0125012b
00f80165
0140012b
0189014e
011301c7
01be0159
00d3010e
01270119
00e500fd
00ce0123
00f200e6
011d0150
00ea0122
010d00c8
00ee00d2
00d300d2
00b300bf
00c300dd
00dd0111
00ed013e
00e300ff
0108011e
00c00152
014000e1
010e00ef
010200d2
0111012b
0139010d
0110011d
00f00149
00ef0122
010d010a
00c500cb
012e0113
01550192
01010140
0135011e
01300175
014200f5
00eb01c7
00ea0101
00df00fa
00b8012e
010500e3
010e00d0
01370117
015500ff
012e0125
00f200bd
00af0083
009b0071
009a00b7
009900b8
00b600ab
00820082
00970098
00e100ae
01ae00f6
015b015b
010d00e0
01270129
00fa0130
01370101
0120010a
016500ed
01a200fa
01670118
01030116
012500f8
010a010f
00ed00c1
00f3013e
010e00e1
00e100ea
010f010e
010a00ff
00e50105
0140012e
0120010b
011d00fb
0118012e
00e100dd
018500e5
00d20121
00ea014b
012b0121
01390112
011000d5
01100129
00e500f7
01670192
00fe0159
01c50149
01720129
00f60117
00d70142
00e1010a
0101013e
01400112
0127014e
01420165
018000f9
014e0137
0106011d
018b0116
013700ef
0110010d
019500f0
012e0180
01010111
0115010e
01070113
0111011d
00d6010b
00c600de
00e300d3
010200d9
00f00123
00e500c3
011700ef
010800f8
01130105
00e80190
012100fe
01390135
01000117
00f30117
0113014b
00fa0119
01150121
012900ef
01490145
01080155
011e01a2
00e700f0
00f60121
00e80162
0132013e
016001ae
00cf0118
012700bd
0113011a
011e0118
00d800e0
01150106
01270130
00da00f1
00c900b6
00b000a8
00de00da
00fa00da
00d10115
00e500e3
01400189
00fb00cf
010100f3
01290142
01470112
0107014b
0152012e
01390142
00e50147
01000122
00fa00ee
01250140
01270105
01920116
013b014e
01570127
011a00d1
00e30155
01100132
013700e9
01060185
019e0105
00c6011a
01250108
010a012b
01690170
00f700e9
010e012b
00ff00f9
00f10127
010200e0
013500fb
010e0195
016001c9
010e013b
01620130
01d00121
0130016b
01500147
01d50159
011000d3
01470139
01300118
023e00f7
013b00da
0117011d
013b00e6
013000f0
011700f3
00da0112
011a013b
0145011a
013b0190
01050159
011f00d6
014b00c5
00c700d1
010e013e
00e90125
00cf010b
00f60102
011800a7
00f100d7
00ad0147
00ff0109
013200ee
00fe00e9
01000102
00f800f2
0145011e
010d0147
00f000db
013000d8
0106011f
011900ed
0113011a
00f60172
0113011f
010900ff
00f90147
014b010a
01850182
00c700f2
012500fe
01500111
014500e3
0116015e
00fb01bb
015200de
01450155
01020105
013e0140
00f8013e
00e90177
00d90116
00c300d5
006b0083
009900b3
00cf00b8
007e00aa
00d7009d
00b600c2
00b000df
00c700bb
00f500c3
00f60170
00e200e0
01030165
0106010a
00e200e1
00c600df
00da00bf
00de0139
010b014b
00fe00f9
01570165
01160108
0127010a
00d50130
011300ed
010d00b0
0187011d
00f80129
011800c5
01290123
01180109
013000e0
00e100fb
01400121
012300eb
016e00f2
01250111
013e0113
01350102
012e0119
01250115
0157010f
01570137
01270157
01270167
010f0115
01300142
00f500da
018b011e
015900c6
0135011a
010f0152
00f3012b
010a0137
0119011b
01030110
00cd010b
017e0112
01490147
0157015e
01110130
01030112
01060159
0172011e
01170167
0099007c
005f008a
006c0070
00670062
00730091
009500c0
00ad009a
009100a8
00ba0092
015b0150
00be0108
00fa00d0
00e000d2
010100fb
00f200c8
00c300fb
014b00d6
00e70145
011a0137
01200139
00e600d9
00e20105
011700e8
00f30109
00e800cb
00d3010f
00ff015e
010e00f1
01a000fa
00e0012b
00fd0103
01090135
015700eb
01370177
0102013b
01180101
017b0125
016700e0
00ef00cd
00e300f1
014500ab
010a013e
012e0137
0132011b
011b0109
011b0115
00fa0102
01390110
0165013b
01850100
011500e3
01180102
017500f6
00ef00f6
011a0109
00fd0122
012e0113
013b013e
0149017e
013200fe
010b00f8
00f90121
01300137
010500c9
00cf0110
01790132
0113010e
00f10152
00eb0140
00ca0149
012900d3
00d900d6
015b00fb
01500110
015e0129
00fb0117
0135013e
00e700f8
010100ed
00f300d9
00f200eb
01210185
010d00cd
01120137
013e0127
014b0182
00fb0122
00ef013b
013500d5
013b010b
00fe0111
011a0116
014500dd
01750142
016000ed
00df0115
012e00e6
0125011a
00f200fa
00b5010e
01220122
00bf013b
00c80160
014200e0
010d00bf
0177017b
00fb0121
00f90162
016900e2
00fd0102
010d00e5
00ea00f0
01450105
011e0129
01390137
00d70105
00fb0130
01220100
01010108
00fe00f9
01ab00f5
01350112
01050142
011e0120
012500d3
00fd00f7
00fe00e2
00fb0110
010e0107
01400137
015500fb
01100125
015900e7
0149013e
01130132
0129011b
0129017e
0127016b
00dd0118
012e0135
013b0187
01fe017b
01a0010f
01300167
01100105
012700f8
013b0119
0115019e
0159014e
00ce0105
00eb0140
01220142
00e60100
00bd010b
010300ed
012900d2
01670101
00f900f5
00e500d2
00de00e5
00df00f1
016e012e
019700f6
01470142
0139012b
0117011d
015b00e6
00d80175
00de00c2
01030170
011500f3
010f0112
00ff011b
01090115
00dd0119
010d00ce
00ee00c6
011200e5
00f70102
010a00f5
0150013e
01080167
00e70139
011e0172
011d0122
01c0011f
014b014b
012e0100
012000ea
011d0108
011300f6
00f300f8
00fb00d7
01a9015b
01b0015e
01ae0165
012b01b7
01320118
01470165
0101010a
00c200d7
01020145
010200ea
01030112
015b00f3
00e600e9
0107013e
0117011b
011900c2
0130017e
00da015e
01490132
00e30119
00e50105
011600cb
015e011e
023b0197
014b00e7
01d90152
019e01d2
01db0179
015e0150
014e01b7
01950172
014201e5
02190120
00cb0160
0175014b
011a0162
00f9010d
011600e7
01190159
013e010e
01200165
01e0012e
01090106
010a0170
01500187
010b011b
012b0123
011500eb
01070149
00fe0132
010800e7
01300122
011f0102
012200d0
00ee00e7
0111011a
01550165
01120106
014b013b
012b0127
0125011d
00f50145
00f50149
017700fa
01370149
01180100
013b0102
00d200eb
010000d1
00ff0100
01100152
01390135
01230123
010900f3
00e900f2
011d0130
00fd013b
016e0119
010b00f1
00ca00f0
00d2013e
00fe01de
016b0121
011200f9
0103011e
01290112
011a0111
012e0100
010d0127
013e0100
01190125
01270108
013e00fd
00f100d2
010500cf
019b0135
0142011b
010d0119
0109011a
00f50137
01230117
011b0101
010f0147
01090116
0111010e
01320120
01200100
018b0111
010d0179
012300de
012e011b
01170100
00f900ed
00ea016b
00f7013e
019b016b
00f200f3
01190157
00e60129
00de00cd
00fd0187
01050159
00dd00f6
01370110
00d00112
01080102
00ca00e1
012b00cb
00d30121
00fa00fd
0100012b
01100137
012e0101
01060109
00f00107
0130011d
01690149
013500e5
00f50129
01300139
01010150
011900ef
00fa0106
00fb00da
017000e0
01070137
01200112
00ed00f9
00dd0127
0117015b
00c600eb
0125010d
016b018b
0142011d
0132016e
01470139
00e8010a
012300fb
010300e0
00de0129
01750149
011b012b
013b0137
010a0139
0105010d
01290102
012e011f
017e0113
01950175
01490169
015900fb
016201b9
01390110
012b013b
0103012b
00b100a8
00d300c8
009f00d9
00f200db
00ca00ef
00e600bb
00c8010f
00bb0102
014200fe
0123011d
014b0105
012900d9
01450117
012700fb
01550102
00f30122
012e0123
01080118
0145015b
01150120
00fd013b
014000ed
014e0139
01790107
00fb0100
016e0130
01820149
01300118
01320118
012e0129
0159012b
011b0122
0111010a
01590115
00e1013b
010e0118
01900185
013b00e1
013900c5
012e00ee
00e500f3
01120142
0135017b
015b00f1
0122014e
00e80107
00ea0125
00f600de
00ff0116
01020140
01620103
00f200e9
00fd0101
013700d9
00e90172
00c500d8
013e017e
01230157
015b0119
01870140
012b01a5
015e019e
015001b2
010101c5
01370102
01370112
014500e6
014e0147
01700135
01050155
00f9012e
00ee0130
00d800e5
00f9010f
00fd0157
0121013e
01520106
00e80139
00fd011a
00cd00d2
01290105
01370113
012e0106
00ff0111
011601b9
01300107
00da00f1
011a00c7
0118014e
01a20142
00fe0157
01110170
01300100
00fb0137
012700e7
014500f6
014900df
01a5013e
01270167
014b015e
01090139
0119012e
00f90192
0150011b
013200f3
01520129
0130010a
00f30108
010800ee
00f50115
00e90099
011100d1
00a90092
007b007a
0083008e
008b0081
007b0072
00730086
00c70095
00870083
011f0175
01be00f6
00db00d5
01450157
01400157
01590149
018e015e
01700132
00f8011b
00bb00c3
00f200c7
00ef00c1
00d000cf
00ea00f7
00cb0129
011200e9
00ed0121
01270162
011000e6
00f50135
010a0110
012200c8
01210103
013700fd
011b0175
012e00f8
01790155
012700f6
01800135
01520177
00f70145
01b90119
007400da
009e00c8
005c0092
00fa0071
0061006b
005f0065
005f007b
005b0056
00fe00d8
0169011b
01750152
01020117
00e900e8
012b010a
01490147
00e700c6
014200e1
00e7015b
010f00f8
00ed0115
01690123
011800e1
0108014e
01100101
0120010b
01b00169
00f0012e
01770149
01850149
01190135
01770122
016b0106
00fd0145
010d0165
0149013b
011000e5
00df0129
012700f6
009d011e
011e00eb
00cf00c9
019500f1
00ca0170
010000c9
00df00c7
00d200da
0118010d
00d200e3
01130145
00d20119
01370132
013200f3
0157018e
017200fa
011e0102
012e0132
01150140
017b0172
01350132
010f00e6
0149015e
012100f8
01300108
00fe00f7
015500c7
011e017e
0122011d
018b0121
013200ef
010b012b
00ef0127
010f013b
010f011e
015900f3
01320110
01770137
00f20157
019e013e
01690155
01e2020b
00ce0111
00c0011b
00f800ed
00c300d5
00b100e3
00e500df
011600f0
00e500c6
01be0197
01e000c5
014e011f
01300130
013001a2
015e0197
015e0169
01720182
011a00d6
01500127
00db0123
00e500f9
00e800fd
00f00108
01290142
00e00111
013000d5
00fd0140
00f700fa
012100f7
012e0103
010b00f9
012200e0
015200df
012300d9
01cb0125
012e011f
01390142
013b0125
01220169
012701a9
00f700fb
010e0103
01060108
0117015b
01800130
00ee0127
00e90145
00fd0165
011901a0
010f0101
00d000d5
00eb00f9
010a00d8
014b0111
00f5010f
01350130
00d8012b
00ea0115
01320135
00ca0180
00fd00e6
00f80137
01520137
00ed014e
014700f1
00eb00b0
013b0147
00f700e2
00ed015b
0129011a
01000137
011f010a
00fb00f7
011200c0
01500149
00e50147
010900e8
01350167
00de00f0
00fe00e5
00c50107
015500ff
01170135
01300152
01290116
01470118
00d100e5
01030125
00c600f3
00db0123
01150116
01290132
00f70169
013b00fe
010a014b
00de011b
01490149
00ed00c0
0111014b
00f20101
00c80135
00de0137
00d900f1
00d700b9
00f300d6
01970117
010000f0
01420100
00f500ff
00ef0142
01c500f3
010d0130
0122012e
01300118
014500ea
01470135
01190152
01470109
00ea010b
010d011d
015b012b
010a010a
016e0108
015700f3
00e1012e
0101010e
016900ea
00b70109
00be0123
00f90119
0115017b
013b016e
01350119
010500e9
012e00d6
00fe00df
00ca0113
00f900f1
0142014b
00f70110
01050135
012000e1
00fd0135
011300ed
00c800c7
00ed0103
0142014b
01490110
00f000f5
0140011a
00ed0102
00f70112
016e00e3
015500c3
01500102
0140011a
012100e2
013b00d3
00d200f8
01290116
011100e3
011800fa
01990189
010f0116
00fb00f5
01130117
014000f3
013500ee
0111014b
01490127
015e011a
00da012e
0139011a
011600e6
012900dd
00f200fe
00f100e3
01390117
014501fb
011900f8
01420107
00e2015b
014b00f0
011e0125
009900fd
011d011d
00f10172
016b0152
00de011d
01400112
011200f1
0122019e
0122012e
00d7012e
0177015b
00da0139
00f200dd
00ee011e
00f900e9
00da012b
0112015b
00e7014b
00f80117
01320170
0109012e
01230120
011f00e7
00ed00f2
00ea013b
01320140
00f50108
010b011e
016b0108
01350187
0199012b
01150129
00fd015b
014701d0
00e70149
01a20197
01600177
01550180
01190167
01400149
012301b5
01080102
012e0159
011200ce
013e0101
012500e3
010800ee
01180165
01170107
00f000e9
0142012e
014200ff
0147013e
0142012b
00e200da
0129013b
00e70125
010e00e7
01490125
01050149
01770117
015b012e
010b00df
01470147
010300ea
00ef00d1
01590167
01180107
01720130
00ea0105
010a00d3
0122011a
00e0014b
00ff0112
01490107
01050105
010b00ff
01100159
015b0113
0106012b
010f0190
00e700e9
00d2014b
01800129
01060145
01010122
00e90157
015b010f
00e60122
013700da
014e0147
00da00f3
011000eb
012e012b
00ea00f8
01070103
01090127
01820106
013b00ff
00b90139
01080108
00f30162
012300c8
012000e0
00f30112
012900e5
010900b3
00ff00f6
01210142
010700f3
00f70100
011100d0
01190167
00f000c2
01370117
012e010e
00f200c6
012700e0
00e50170
00b50117
01020101
010000c6
00e30160
00c70123
017000e0
00e700f5
00fb0159
00de011e
00f10130
010a00f8
01390125
011a00f3
011a0117
00f600fa
010300f5
00c300fe
00e70105
017200c7
01180150
016700d5
00d60157
013500fb
00df011d
00c600df
00f9013e
0106013b
016b010e
012900f2
01220109
019b01b7
01200137
00dd0150
00e900d0
00da011f
010e01d9
012e0117
01300112
01350165
013e0106
00c900e5
01220110
00d200da
00b700da
009b0113
00b700d7
00dd00bf
00d700a7
00dd00d9
010500ca
00de0121
013b011a
00fd0145
01370175
01370103
015b0106
0152011b
010a0179
01500113
010a010f
011800fa
013b0129
01180155
01350101
00dd014b
01520120
010500ea
021e00fb
0167014b
01190155
00ee0108
010100ee
010d0107
00f500ba
00a200d3
011a0152
00ea00ff
01180119
00e9010e
01180132
01390101
010300d7
010a015e
0130016b
0155010b
013e0197
010f0139
01220137
01a7010a
015b0125
01250137
01900111
01650180
018701bb
0162019b
015e0162
01230130
01270157
010b00e0
00d300da
011d00d8
00d600f9
010e010d
00dd00d2
00d700be
010e00d5
01130112
012900e6
00da010d
00cb00ef
01390157
011a012b
012700ee
00d700ed
011d00fd
01470111
01320130
01470110
00fa0100
015200ed
016e013b
01320145
00e100cf
010d00fd
00f600e9
00de010f
011f00e6
00ed00fd
00f300c9
00c900ba
00e700a7
01600152
00ef0110
01290147
0106011d
012b012e
016b00ef
012e0109
014b00c6
01200100
0150015e
00e90179
017000f1
012e014b
012b010b
013e00f1
0119013b
011e0127
012900f1
00f8010d
01670147
013e0159
0147012b
013e017b
00e700dd
00f50190
00e000f0
00f80111
00ef010e
011a010a
00e300e7
012e0102
01670132
01050187
01250145
012e0105
011a0103
01160117
01450110
00fd00ef
00f9015e
013b0142
017901a2
0121013e
016b01d0
01820120
0100014b
019000c7
01370127
0160012b
01850127
01990197
0110012b
00fe0115
01000170
00d9011e
0130011b
010000e5
00f90170
011f00f7
01270118
01420129
01470172
011b012b
01050107
017700ef
0127011d
011d0140
01150101
00ed00e6
01370137
00f600f5
013700f8
011f0110
01180125
00ff010d
00fa0142
014700ee
00fa0147
0120010e
00990149
00bf00f3
00ff00cd
0135011a
01350115
010d00ee
00d600f5
01210159
00be00dd
01390137
011300f0
0111011a
013200f7
014000ca
00d90121
00d800f8
01050105
0159012e
0109013e
010100eb
010b00f1
010a011b
013000d0
01010110
018500fb
012e00f6
01100125
00e50105
01110145
01290140
00f1014e
01900180
00bf00c2
00c00130
00ff0117
0142010e
0105014b
01350147
01ab010e
011f0125
00f00187
014500f2
011e0167
017e013e
011e017b
01950117
01990110
01420113
010500dd
01a50197
017900f5
017500f8
00ef015b
010f014e
00ed011d
00f000d0
017b0177
012e0102
01250112
01850179
0185013e
013e0155
015b0119
0157012b
012700de
010f0120
012e00e7
0155010a
0145010a
0165012b
010a0129
00d70118
0107012b
011e0159
01180150
01080119
00e9011e
00e90162
01400149
01920135
010d0175
0179012b
01370240
0139015b
01790123
01470139
0130012b
01bb014b
016e011b
011a0137
01470125
018700f1
01080197
0107011e
00f80102
01300129
011b0111
01290179
012100d5
00ee010e
011a0129
00e100eb
00e700d8
00cb0121
00ef0100
014b0149
01150179
015000ee
011b0129
013e0155
013000e6
00c500b8
013900f3
019200e8
011a0125
00f60177
01270142
01a90101
0122010e
01300132
013500ff
0107010b
00e6015b
01470180
01200109
00f900fb
013700f8
01150130
01230157
01190111
012b0129
013000f9
01670149
01450190
012b0132
01550109
014900f6
01490116
01570142
00bf0140
011e0132
01570152
00f80132
00e30142
015e00ef
013000e5
00c00130
012100e7
0137018e
00e9011e
00df0108
01020115
013700b2
02290165
01600115
013b0149
00fb012b
0192014b
010000cd
00ef00a1
0117010f
01370165
00f800f7
011e015e
010e00f3
01190149
010a0149
01070123
012b0108
00f90162
015b0123
01250199
012e0169
0115012b
011b0160
00e700d1
00f600e8
011b0119
01570106
00f000fb
012e0110
00f200d3
01020159
01220125
00f700e5
01820162
01160139
01230115
012500ee
0139010d
010000f6
01490119
014000d8
01650115
00f70101
011e0119
011b014e
014700dd
00e9018e
00f9010d
011a00c7
01080127
014000ee
011200e6
011a00ed
010b011e
00be00da
00e80101
0165010f
0108016e
015500f6
0179011a
014000e1
01300109
00f100f9
013e00fb
01870103
013e0111
017001b5
01400130
012e0189
0145014b
01720122
012e010a
00fd010b
013b0157
01180122
01250103
00d50109
013000f2
010600ff
00eb0100
00ff010e
00e100f5
00be0117
013e0130
016b0197
00fd00f8
014000df
00e50125
01030135
01010150
00e90107
0106010e
012500db
012b0112
00e00121
00db0129
010e00e3
01090182
011100f8
013e014e
011e00ee
012e0110
017001a9
01300140
00de010a
010a0219
011a0119
015500f1
0130011d
00e00119
00cd00df
00e600e9
014700d5
013b0199
01160132
0117010f
00e300d0
00e600f6
013e00df
01070157
0132011a
0187013b
01060106
00b10109
00ee00e0
00e500ee
00fa00e3
00ce00db
00e000db
011a00f0
00cf0105
012b015e
016000d3
011f0117
00ff00db
010a00ff
010e0117
013000f2
0137012e
010a0152
011a012b
00ea011f
00e700c2
00ff00fb
01ee0180
01070139
013700e6
0127013e
01210130
0132011b
00f50129
00ff012b
010d014e
012e00fb
010700f1
0145012e
00c300ed
011100fe
00fd0115
01190175
014b011b
012b0189
010d012b
014b010e
011b00cf
012300e1
010600e3
01150140
015b0177
01590172
0142010a
01190117
00ef011a
00fb010f
01270105
011300e2
00d700f3
0197019b
014500f0
014000cf
01080130
0127013e
01550100
00db00d9
00f300f6
01170149
012b0127
00c700d1
011900d9
013b0159
00ef00dd
010800e0
00f70132
01390152
0145013b
01290140
01180123
011901ae
010f0101
00f60100
00cb00d7
00d000dd
00dd00d6
00d300ee
010000bb
00c100eb
00ad0111
00d50100
00f60109
01390122
010d0108
011d011f
010a00db
011e011e
010e00d8
01220135
014e00d6
00db0125
00fa0101
012000eb
00fd0157
014700f0
00fd00fd
010f012b
01b50140
01130172
015700e5
012e0129
01570120
0111014e
00ed00f3
01000130
018200b5
01720167
00d500eb
015b013b
01090110
00fd0149
00f60112
00fd0118
010300e0
01180127
00fd0145
015b00c2
018000d3
01130140
012300e2
010000d3
00f0012b
00df00f3
00f8011a
01010149
01300129
00e80120
01190122
011800e9
00f0014e
0111011f
01230160
01010112
016b0129
01120102
0157011f
019e01a7
00e20106
01370139
010d00f8
011700ed
0135014b
0155013e
010900da
0102012b
00de0123
01450107
012000ef
00e8011d
00e6011e
015e019e
01150132
012300d1
010200e5
01420180
016b0185
01620140
01650145
010500ed
010e0139
00f30103
01250121
012700fe
011f0109
010a010d
00f20112
014b0120
01100106
00d60107
00d9014e
010d018b
01ae0119
011700f5
01230122
0116017b
011b011f
010a00df
012b011a
014e0155
016200e2
0139010d
01060155
00ff00f1
00dd00f2
00dd00f3
013b00d0
01500139
01110147
00f20142
011d00da
01120117
00fb017b
01290130
00f200d7
01180117
00fe00bf
01170117
00ed0101
00df0108
00ef0106
011100f5
01150132
01250132
01700152
012500f3
0135012b
0125013b
010d0139
00e00102
011f00e7
016e0132
00ff012e
010700f2
011d0110
010d0155
016e0137
012e0102
00da0106
00f60130
00ff0120
010f0118
01030179
011b019e
00f50109
00ea0116
00e800ed
01350165
01030149
015b010f
0139010d
013b0115
011900ea
00f300fb
00ed00e5
00d200ef
01100132
014700de
01470125
00ea00f5
00f900e2
010500d9
012100f9
01a2010d
01270117
00d1010f
0103010a
00d00123
010500da
011000f3
00da00d6
01250121
0130010f
00e6014b
00df012e
010a0111
00fa00df
00ce00db
00fa00ea
014b012b
0145011f
016e0125
01390118
01190179
00f10175
00fb0145
010900f8
00fd010d
00ca00f0
011700fe
011300d7
00ee00ed
01010130
00f300f9
01590103
01770106
011e00e7
015200d5
010d017b
00c90155
00b300f0
00dd010d
016900db
01e90102
0102012e
014b00f8
01600112
00e70119
011a0167
00c1014b
013000ce
011b0116
00ed0145
01b9010a
00ae012e
011200b9
011100f1
013700f6
013000c9
01970160
00ef011b
00f80125
010500cd
00e70130
01210100
012900cd
012e0112
01390149
014b00db
012b0142
01690139
01050102
0109010b
017700ed
011d0103
00d200e0
00e50127
0113010e
00e800b5
00d6010a
00d500e5
00df0137
00d800cb
01290192
00f10115
0107011e
012900e5
011a00f6
011100d9
014700f0
014b00da
012e0169
016700e1
011900f7
01170111
015000ee
00fa0107
012900fe
010000f1
01020132
011600e6
00fd012e
00e20106
00f900ef
010900e9
011700ef
011600c0
011f0107
00f70117
00d20139
010200ff
010900ff
01080117
00fe0106
010000da
015b0155
011500d3
01090122
010d00cb
00ca00f9
00f3013b
00e700c8
010f00d1
0132010d
00f200ee
00e20129
00e5011d
01000155
00f60117
012b00ea
011900d9
011a011b
010100f1
00eb0130
011700c1
00f501ae
00d70105
01250127
00fd00ff
00d600b0
01160159
00e10106
01180106
010b011e
0103010d
00eb00fe
010b00cd
00eb0106
011700f1
00f60107
01190111
013900f8
00eb0125
0103013b
01030121
010b00f1
014b012e
01270125
012e00ef
011000cd
00f60115
00e7018b
010100d8
010e0145
010100ea
011b0102
00de0100
013b00eb
00cf00eb
00f800e6
014900fb
00f10112
00fd0132
00fa00f6
00e900b6
013700e9
01550105
00df00d0
016e0122
013b01a2
01210102
012e0135
01420197
01500118
01670149
0122016e
012b0110
01d00160
01160125
016700d6
010300be
00fd00c1
012000e3
01300159
010d011b
01a20192
00e000eb
012b0160
011f015b
01550157
01790159
00ff0123
016200d9
00e60160
0113013b
0105010f
00e0010d
00f300dd
00fb0169
013000f8
015000da
0122010f
00db00f7
01470122
00c100d7
00df00d8
011600f1
00de00c6
00f50111
014201cb
01350116
017e00d0
0110012e
00db0160
011d0102
01020125
010000cf
01110145
00ff0109
00eb0112
00fa0106
00f200f6
012000de
00f800d9
00d900f2
01110182
01250110
00eb0100
00f60108
00f500d3
015500b6
00dd00f1
00cd00dd
01300130
011a0119
00ba013b
011200f9
014500d8
0103014e
00f600eb
00e000fb
00fb0167
00f80129
013900fd
01180140
00e60105
00f10150
00f600b3
00e500fd
01620103
01570125
014700fd
012200c7
011d00f2
01570107
00f000d1
0111016e
00c1015e
015000da
0113012b
010f011e
011e010f
018700e0
010a00f1
00f80137
015e0172
010a015e
0120011a
012300ff
012e0137
00c30118
00d00140
00e300ce
0162015b
011b0165
010d0175
010301be
01180108
00d80101
00f10108
011e0101
01170150
01420150
01700109
0137016e
0152012e
011a0107
01820119
013500f1
017500f2
01100192
01020113
00f7010b
00f60147
00e0011d
010300e2
01350127
00d300da
018b0147
016e0110
0145011b
016500cf
00e90139
00ff016b
010900dd
00f00122
00ed010f
0125010f
015e0113
0111010b
00ef0165
00fb0130
00ea00e5
00fa016e
015900d9
01490112
01100120
0110010f
00ef0105
01590139
010d0137
012700d9
00f20122
00c10101
00d100e3
010a00e7
01890115
014e0119
010b0102
018b0172
01620162
01160155
01250140
013b014b
01080127
010700d9
00e60119
01320111
00e80129
0125011a
01070127
00fb010d
00fb00f8
00ce0101
011300ed
01420137
00d80111
012e0135
0107011f
018e0137
01190127
00cb00ef
00c200e5
00e0014e
01080129
01010102
010800eb
01050135
01110121
01100118
01030107
012e0101
014e0101
010a012b
013200d7
01080125
01370107
00f70125
012b012b
0115011d
00fb00e5
00f0010e
00e60129
019b010f
010a00ea
00de0115
011e00d7
01210172
011700eb
016900ef
01300103
014500de
010e00f3
01400177
012e00f6
015b0179
01800101
013e00f6
01290125
01070155
00d1010f
00ff012e
00da00f9
013000fd
0127011f
00e500f5
00e90160
012e0155
015b0113
011600e7
011f011e
014b011b
012b0182
015b013b
01210159
01400129
01210137
015e0147
00f90112
00af00e9
00bb00ad
00e2007e
009300b5
009200a6
009e00b5
00930080
01450115
01300137
015e010f
010000cd
013b0170
01290115
0125017e
01450169
01180112
014200fb
01230111
012901b0
017e013b
01210142
015200f3
00e7012e
0110010d
0117010b
0117012b
01400116
017e00f9
01200123
014000f6
00d20100
010a011b
013b0139
013e0145
0160010b
012001a7
01160129
01550165
01370111
013b00d6
010b01b5
00f10179
01470108
00ba0162
00ff0109
010500e3
00f00129
010800b5
0155013e
00e30106
00f200fd
011100e8
00d200df
00c50145
011f011d
014b014e
00e200bd
010600ba
00db0129
00db012b
016500ff
01400140
011e0115
016b00d3
01620130
013b0115
01700118
013700fa
015b00f6
0127013e
01350180
00d900d3
01550130
011a0160
01250139
00e7010e
01300140
015500cf
0106010e
015200fb
00d50105
01090123
00e100fd
00d200e8
013b0149
00c700e9
00f700f3
013500db
016b012e
010f019b
01350125
010d013e
011b0142
013e0115
012700f9
013e00e3
01000125
01300199
015700db
01650140
00ff013b
01190142
01090118
013e010a
011b00d7
00eb0122
011a00cd
015000ea
01320121
0122010d
01300140
013500f1
0135010a
00ff0119
00f50116
015e00e6
0160012b
0132013e
01400111
01170127
00ee00fd
01cb00fe
010e01d2
01060103
00e00119
0139016b
00ea013b
014900f6
01570121
0115014b
01230130
00e200ff
00e900c2
00ca00fb
00d300f5
013e00b9
01590177
00f20157
01210135
0101010f
0111012e
01270135
012b014b
01a200e8
01bb0139
01180108
00fd010b
01010109
00ed00fd
011800f1
012e0129
0111018b
01060169
013e0129
015e0130
01210117
01650117
01300110
00e900c1
01270172
01800119
0177010d
0157010d
01290139
01a90149
01700192
015b014e
00ea0117
01950130
0125012b
011a00ce
0101012b
00f600e0
0110011a
012b015e
011d00cf
014b0135
00f60111
013000f1
00d5012e
010d00e2
00d9010e
00f300fe
00f500ef
00f00170
0139015e
00da0123
01220132
010900f2
01130116
00ff0152
010500f9
0170010d
013200ee
01320142
00e70118
0132014b
011800fb
00fe00da
00dd00fd
01010123
00f000fe
00fd00c3
01390135
014b0127
00df00d0
011200fa
012100d6
01010165
00e6015b
013e014b
00e800f8
0165011e
00e300e9
015e010a
00f50108
00d6010d
00de0147
01300169
00e000f9
00f3010a
0122013b
010a0165
00d600e3
01200140
012100fd
011800e7
015e0106
00d30142
010700da
019e010f
00bd00f8
00d1010a
00f900ee
00b800cf
012500c9
00fa00d7
00d100de
00c10113
0120010f
01270135
00d7010d
01320180
011300f3
00ea0118
014b0149
00e3015b
00d7010d
0112011d
00cf010b
01520127
0130011b
011b00f8
013900f0
01370102
010f00f9
01570159
00f20129
00e600f8
01220170
0142011f
00e800ee
00fa010a
00eb0105
011a0189
01070108
012b00f1
011900f8
012500d3
010000d2
010f0118
013700f7
0089011f
01120116
00c500cb
0118013b
00ee0111
010f00fd
011a00dd
012700f7
012100f6
01050108
00c300ca
00f6013e
01180105
00fb011f
00f200c0
012200e8
011d013b
0165012b
01090162
00e90150
01160107
01230102
0135010e
011f00ff
011e0159
0116014e
00f60118
01750147
018b0155
00e0012b
01670142
015b0140
01670157
01230137
013b0127
01190121
01270116
01320135
00e00177
012b00c3
011000d3
00e5015b
00d70177
01700102
01030110
01020108
01320105
011e00fd
0132017b
00de00e3
013b0132
014000ef
01160159
00ed0159
01370101
010700f3
01020103
013e01c0
00ee0180
013b0152
010a0127
00f70147
014b0119
01620110
010b0155
00d70117
01420139
01350129
01120150
0115016b
00ff0109
00e00117
012b0101
00e700fd
00ea00f2
00a700e0
011a0139
00c500e3
010000e7
01ab00b9
01100118
013b0119
012b0149
00d90112
00f60135
0177010e
00e80127
01450169
01290117
01110127
010a01ee
0157014b
01270135
01650182
01210150
014b00dd
013e0127
010b0140
014900f9
010f0117
0101015b
00f800fa
0123010b
014b00e8
01490137
00fb00d2
01470108
00e100f7
011a00fe
00f00121
01210125
010700fd
0139015b
00f60132
00f60116
012300ea
00c1010e
011000c6
00e80100
012b0106
0187013e
01b200f5
01520127
00db00e1
01220107
010a0119
0130010f
00ee0145
011600e8
00fe00f6
00da0122
00e700a9
00c700e3
00b200e7
011f00b8
015000f6
00db01a2
014b00ff
00de0115
01420197
01080116
00ff00f7
00d7010b
00f700f2
01020115
011a00da
01200137
00d3011e
00ea017e
01770132
012200f8
00d800e2
016b014b
00f5017b
01520103
014900d1
00f90113
010b014b
01950112
00d500c0
013701d2
010e00d7
01520130
00ed0115
00f10127
012e0103
00fe0108
00f800b7
01250118
013e0103
010a0147
012200d1
011e0102
0192012e
010b00e5
010600f2
00fd0106
012500f8
016500e8
011e0165
0135012b
00fe0123
00e200e8
011d010f
0137015e
018500dd
01150121
011800dd
0108011a
011e0121
01250142
00df00ee
01ce01bb
012e00e7
017200e6
014b018e
00fb00ed
00ba012e
012e0149
011300e2
01270182
00ff0115
01030135
01060100
00d3013e
00f8011e
01420101
010f00d8
0132016b
01370130
01250145
0177012e
01080112
01160130
0102011f
018900d1
0107012e
0121014b
0111018b
01750102
00da0129
010a00ef
010100ea
00f900eb
010501c7
00e50129
011200fb
010d00ea
010d0179
014e010a
0155011b
013e0130
0119019e
011600f8
01250147
00eb0100
00f80135
01130113
00e800e0
0109010b
011b0192
012b0127
0142011d
010e011f
010f015e
00dd00f3
00de00f1
01190142
017b0137
010101be
011f014e
01290137
01270170
010f00f1
0123010a
00eb0130
01000125
011b0127
01250101
01000130
010e00e7
018b00cb
0113011b
010000e2
01620179
00e600ee
011800db
00ce00fb
012000f2
00f10159
01350107
00b200e6
01470137
017e011f
01300129
0102011f
011300f0
014e00c7
010600b7
010700c7
012b0107
01390116
00f5013e
0118018e
01300139
012900da
01620150
010100e9
011f019e
010300f6
016e0132
0169012e
01270119
019e0106
01160172
011200dd
011d0157
01230127
01230105
00f3011b
01150129
01290127
010e0106
011a00dd
00f60140
016b0142
014e018e
01470145
015b00f6
00de0140
0140014e
016900f1
01230123
0145017e
01070129
01230139
00fe01a9
011f0107
010f0116
013700d7
019b0179
0139012e
00ee01a7
00f8010d
013e00f0
011000e0
00fd012e
012b0127
011e00fb
01200139
01450120
00f10145
00f10113
01a2010b
011e0140
01060109
01520175
01120127
01320117
013000eb
00e00120
013700ed
0123010f
018900d6
0137013b
0120011a
00d90103
013e00fa
01290130
01200135
00ed0135
00e700cd
01000192
0190010b
010f010f
00f300bd
01100112
013900ba
00d800f3
016200d8
01450122
012e015b
012b015e
01350177
00ea0101
01090132
01190111
00f300f7
01e90182
013b00e6
00f0011b
00ff017b
012b0121
00e20108
011000ee
014500c8
016901b7
01270110
00ed0145
00ef00da
0139011f
010700f1
00e800fd
010a00da
01050113
0152010b
011800ee
012b011a
00ee0130
00de00d6
00d60140
01620147
011e0165
01420135
013200f9
00f20145
01160145
00f500ba
00f900fa
017000f5
01030111
016900fe
00f70107
011d0116
014700ee
014b0169
013900cf
00fb0120
0190010d
011e01ae
014b00e7
0149014e
01370152
011a0117
01370142
01350127
016701a0
01100149
01650107
01160115
0121011d
010800d6
01270101
012b00d1
01b900f6
01180117
01470145
01300157
01e70118
00fa012e
01790165
01950107
01120160
013b0109
00d00105
0113011e
013500f6
01250135
011000ba
00fa00e0
00c50149
00fa00f5
00da0106
014e00d0
01190105
01300167
00e2012e
00f200ed
00fe0139
01190147
011b0130
019e0108
00cd00ef
01110135
00cf0157
00f60177
013e00ca
00d10122
010200fe
00f1012b
00e80149
01570162
010a00ef
01350107
01890149
01420169
011800cd
00f201ee
01450115
01320189
00eb0112
00fb0150
01550123
00e60120
00eb013e
00ca00e3
011e0105
00ea0111
010e011d
00f700c5
00bb0108
00f600e9
01210149
010000f1
01200110
00ea00f3
00d9011b
01400109
01270125
011e00fd
010a00ea
011a01b0
0129011b
0137015b
0162012b
010b0137
012001a9
00e50127
0116010e
00f8010e
019b0145
012100d3
014b0127
018700ed
01300187
01270152
018000c5
010e010a
013500df
00e200c5
00c2010e
00f1014b
00eb0135
014e0147
0132016b
011b0118
00fe00fb
011a0132
016001c0
00e300f1
011d0117
00f1010b
016e0125
00fa0139
012b0130
00f000f3
014b00ff
01020137
011300f3
01060167
00e80157
0132010b
01790111
012e0105
013200e0
018500de
00e20125
011a0149
01390125
00e1010e
012e0123
00bd00f2
01300100
010200ad
01350152
0130015b
0116012b
011700ef
00f30102
00fb00fd
00ef0125
010a0149
01390142
010e0185
017e00d0
012500f6
00f3013e
00cf00f3
016e0108
00f60102
01f9013e
011a00fa
01120149
00c00102
00e100fa
00ef00d7
00e000e9
01850121
012901d0
01130162
01270152
011500d3
010801a0
01230113
00ed0108
013e0115
01550129
012500ea
00f10140
0107010a
01420117
00f800ea
014e00df
00f000ed
01890157
01090129
011a0130
011900e1
01600140
00e70159
01590162
012b00f1
012100f7
00ef00ea
011600ea
00ff0122
0165012e
012e0150
01550127
00f7011e
012e011b
01320150
013b0121
01350113
01290135
00fd011a
00e100f1
011b0100
01190123
010f00fd
01570100
01770137
01160127
00f500ed
00fa0105
00f500f8
016b0155
00fd0177
011000f1
0135012b
00f50119
00f20103
011b0109
011500e8
01ce011d
00f0014e
00d600ed
01230101
010200f8
00ce00ee
010500f5
01350130
01200145
01490111
0199016b
00fb012e
013b0139
01210119
00fb010b
00e30117
01650139
012b0135
010b00fe
01520125
00df0120
01520152
00ea013b
01160157
01050130
013900f3
01320129
0159010e
01770169
0105012b
00d80155
01050111
01690157
011f0145
01850129
01420103
011f0145
01470147
010d0169
014e0111
01500147
015b0147
00f50159
01320106
0101011b
011a0177
01060132
00e90103
01030170
01270103
00fa00d1
01070122
010700e9
00c500df
011600f5
013b00f6
01c20101
01020169
01000155
012e0109
00de0132
00f000d7
00e00102
0102010a
00e70152
0123011b
00db011b
011a0120
012700fb
011800db
00d900ea
00e90139
01720140
012300ff
00db00f2
011100b1
00fa00f8
01250110
012100d8
009100d7
00df00b8
00a1009e
00c200e2
00b000c3
00f200cd
009f00a7
00c200cb
00fe0130
011f0130
00ee010f
013200db
00db00e0
00eb0101
014900f6
01290132
013500f9
01f0014e
0127010a
013200fa
015000fe
0103010a
017b0118
00cd012e
010300e7
01290190
00f100ea
01690127
00e9011b
013e0129
010a00d8
00eb00e8
01390112
0172017e
00f70111
00fe010e
01890152
01160130
00c50110
010a011a
011e0103
01c00129
0100011a
012b0107
010d0105
01050127
00f800e7
011700f8
00cf0129
01030180
0185012b
00ce0162
011700e6
00ce013b
00f000df
00ee00e1
01320185
01150155
011a0182
0132013b
0129013b
00f30130
016e0145
0149015e
0149010a
01270140
01100103
00fa0135
0147010d
00ee0149
00d300e6
0147011a
011200fd
01170142
01120127
0179012b
0116014b
00fa0125
00ff013e
011600ef
010600fe
01050199
013e0129
00fa010d
00cf00f8
0111011e
00e800f3
017700da
012200e2
0169016e
013b0165
00f2010f
012e0123
01500117
01100103
00d70115
0180011e
00f10115
00f80127
00f00145
00f50129
0110015b
011b0121
012b010d
010a0140
013500fd
00e30110
013b011f
0120013b
01270107
010000cd
00ee00f0
016200ff
018b0127
010a0147
011b0117
014900b1
011e0139
017b00f2
00d80140
01070118
01700167
015e00eb
01030155
010f0137
012b00eb
01080113
01300118
010b00f1
010d0113
011600f8
01700105
01320113
00ea017e
00d50101
0125010e
010700c9
010d00fa
01400170
014000fe
015501c7
00f30179
013e011d
011b00eb
00d00089
01170106
00cf00d3
00ef00f6
00e600b0
00f10103
00b300da
00c600cd
010b0108
01650195
01200105
01200101
010200fa
00ee0107
012700c3
00c900e1
010b00ca
01a00142
01190135
018200ea
00fa0102
00ef00ed
00ef00ea
01220101
0103012b
01130123
01b0013b
016e011b
01670139
011b0155
01320118
014b00e3
00e80145
01420155
01220147
0108015b
01750132
0167010e
00fe0145
014900d8
00c100e9
017b0147
012e00f7
00cd0112
01490187
00f60140
00f20129
00d80129
01790127
014700ff
01a90139
010d012e
014b0182
014b0125
01670125
01160150
017500e5
01950147
010a015b
01700172
00f300f7
00f60180
00d50121
013000e2
00e200db
0192013b
01220165
01790123
016501a2
013e016e
0179012b
00e80110
01600129
011801b5
00cd010b
0106015e
015b0152
013900e3
00eb00fa
010f0118
01350167
01080197
012e0129
01650165
01150101
0129014e
01700116
011300f2
01300140
017700ff
01030142
012000f7
014501c2
01450130
0160016b
0130014b
00da00f9
00f9016e
00f8010d
0150014b
01320145
0117012b
00d1012e
01220127
00c20108
00ff00fb
01a001a9
019e01e5
020e0179
01f701b2
0199015e
02600210
011900ff
01db0132
01190149
01770115
0185011d
00fe014e
015b0103
013b0118
00ea00d1
01320152
013200f5
012e0115
01130117
010e0129
017b0107
00e500ce
01180142
010500e8
00f10105
01250129
0132011f
017000bd
00ca00dd
00f70129
010f011f
0170015b
01060123
00db00ff
012b0115
010e0137
00da00fa
00e800ca
011f0137
00d70130
00ff00f0
01070147
010e013b
00f60121
010a00e6
00d00140
01700127
00f500fb
00f50165
01250149
00c30113
01270105
011200ed
0100011e
00c100fb
01600139
010800fe
00f80103
014500f6
00e30106
011300cd
011500e8
00ff0112
01080117
010b0149
014e0122
01250162
00dd014e
00dd00ee
00ff00fe
00fe0157
0115012e
013b0145
017e0130
0140011d
00fd0139
00e80108
017e015e
01300177
01570160
014901c5
01600187
012300fa
0170011f
01120150
00fa0123
012b00f7
01110139
01270123
01400109
00fe0127
00fb00f7
010200e6
00e900e9
0187011a
00ff0160
016b0106
01400106
01120115
00fb0110
00f200d5
010d010f
01420122
01620175
01100145
0160012b
00ef0106
00f80103
00ea00ce
00fe011d
00fb0119
014b016e
0106014e
01120115
011f00f6
01470152
01420107
01390100
01000103
0147013e
00b6013b
013200db
00f8010b
00ce010a
0110011b
00e500de
010600e5
0102017e
00f30135
0121011f
00fd0152
01010120
00ff0129
00ca0113
011600fb
019b014e
010e00f7
01390127
01130139
014700f7
00e8012b
00dd00fb
00f70129
01290137
011800f9
011100cf
01ab00c1
011200ea
00da00fe
00b900f9
013e01a0
0119012e
0108010e
00ed013b
01420160
013e0137
00f300dd
010800d3
00d500ef
00a10129
012100ca
00f6011b
01130096
00ba011e
00bb00e5
010700cf
014900fe
015700e9
0132010e
017e0170
01080132
00ef0110
00f900e8
012b00f1
010900de
00fe0112
00c70106
010100ee
00e9016b
00cf0142
00db00f3
01190101
014b00f2
00fa0152
00ed0167
013900ed
0140011b
01320125
00de011d
012e0113
00e80112
0135015e
00c0014b
00ff00eb
012300bf
00d80105
011500f1
01270130
01270105
013b0139
011a0102
00c600c9
00d9013b
01150107
00de0108
01270130
012b011f
00fe0149
00df00df
010300ce
01500189
011b00ef
00fd0142
0142013b
014000be
017e0152
01190123
01570130
010b00f6
010b011a
011800e6
010d010e
011100de
013001a5
011a00fd
00aa0100
00f300de
01210102
00e100fb
00fa00db
0137015b
012000ed
00ff0112
00ee00dd
0190010a
01190101
011800fd
00cf00f9
014900fd
015b0122
0197011a
0137010d
011b010f
017b01a0
00fd0190
010b0155
010700fb
010b0147
011e00eb
00f9014b
00ea011f
00f2011a
00e300d2
00f00111
00fd0101
016e0140
01420152
01400132
00f60107
01080145
00e80122
00cf00fa
011600d8
00e50167
00db0109
00e20100
00ed0117
00c700db
00d600e0
00fb00b7
01130137
01130103
010900ed
010900d3
010600ed
01090157
01500125
00fe00fd
018e0112
01100127
01b201ee
01010108
013b012b
01a90137
01900169
018e01c5
013700d7
01070142
01600149
011a014e
00fb013b
012e0139
01270150
01050132
00c900cb
01420150
0175011d
011900e5
010e0117
00e90117
01350110
010600f7
012b00af
010700e2
00ef016b
01600132
010200eb
010a012e
0109011a
011300f9
014500f7
00fb00ef
010a012b
011b0169
01200123
011a00d6
012000e7
013200f0
01ae00e7
014201b9
00d00106
012000d1
010b0160
0165012e
011b0122
00ff00fd
00df00eb
01bb0160
012b0101
01190100
014e0152
00e000e5
012900d9
011f00e7
0185010e
01800125
01790130
00cb00e5
011f0115
00db00f8
00f300f6
00e90137
016900d8
01370121
00f00102
013201d5
01000105
010f00ed
01160109
01420150
011900e9
01670122
012b0106
00b80157
00f30177
00d100f0
01130152
00e90137
015201a7
016e00d7
011800ef
01230145
015e016b
011b0162
010d0116
012b0129
00c90147
010f01fb
01100137
013900f3
00f1014e
01300179
01320130
010f00de
00e30129
01a5014e
010b00f8
013e011a
014500de
0129010f
00de00db
00e10111
00f700fd
0140011d
015200e8
015500ee
012b0107
0107017e
013500ef
01850110
00f00107
013e0157
01720120
010f0122
00f700ff
013700ff
01010115
00c100f0
011200df
01690147
00f9015b
013700e2
00c00125
01320120
011700f8
0123011a
00d30103
010a0157
013b0169
00e70105
01130112
01210127
014200ea
00cb00de
01110125
010f015e
00f300e9
00ee010b
00e300e1
01020157
012e0142
00ed012b
011a00ca
0113012e
00c300e2
00f80112
011d0125
0108010d
010a00f1
010d00f2
0140010b
015e0135
01570127
011a0159
011000ef
01090137
01010147
010f00ff
00f300f9
011e0159
01370115
019b0139
01550110
01060110
01420120
013200e7
011900d1
01a00123
00f100d6
00e6010a
00d200e5
014000c5
00fb00c5
010800e6
01000132
010a015b
01010118
01130155
00aa00fd
011900ee
015700f5
013b00f7
012900e3
01220157
0175011e
01190147
017000e0
01350145
00e101a2
010d00d7
015000e7
012b0192
01180145
011b011b
00f3013e
014e013e
011a0100
00d700f3
00f900e2
00f1016e
00e00145
01120110
010900fb
015000f8
012900d7
013500e5
012900f3
01570147
011b0125
0170012b
00f60125
011d00da
00f7011d
01080137
010000ca
00f60111
0149010a
014200eb
00ca014b
013e0119
00f800fe
00c50117
00ed011d
01720149
013e014e
01900192
0142014e
010f0142
0127013b
0127014e
012200da
01400139
00ed00fd
013700f6
01090135
01500142
00db0108
00e200fb
00f600f2
00ff00ff
01180129
00ea00ed
00f300f8
00f20105
010e00d7
00e800ad
00db00fb
010b011b
01600112
014b0100
0119013b
01010127
01010137
01250108
016900f1
012e0139
01520165
00da00e3
011a010f
01270108
0137012e
00fb013b
011800d5
01350179
011e00e3
00f30116
01120118
010100f9
00fd012e
00cb0145
00c100de
019b0118
010a012b
00df011a
016900fd
01420139
01470130
00f80150
01120120
00ed0175
00de0129
011801a5
0113010a
00fd012b
011d0155
00f30169
011d0103
01070130
00f9011a
01390169
00d60100
013e0123
01190127
00d100f0
0152017e
012b0149
014b018b
012e01a7
01350142
0139010b
010a0137
01030110
012e00e8
01d20187
00d2010d
01470130
00ca013e
011600ef
00c800ed
00f5011b
010b00d6
01100107
01100159
00e60129
01160155
01050106
010300f0
00ff0111
012100e7
00cb0169
011f00e1
015e00d1
010d015e
010500e0
01800110
00db013b
014e0132
012900ff
00ee0157
01400167
013500fe
00f2015e
010f00ee
00cf0108
00d700fa
00f1012b
0106010b
014b0107
010e00fa
00f00112
011500e2
011700c7
010a00f6
0139011f
013000c0
014b0109
01870105
00ea00d8
01b70135
01010111
012900e5
00db01a7
01190197
0109016e
01490107
00f90167
00ea0111
014500ee
00ae00e1
010f0157
012000e2
00ed00d8
01450101
012000f3
00e800da
00c10175
00e00109
01290116
01300155
0110011f
0155010b
013000f8
014e0179
00fe00ee
012b0140
010a0140
01700139
010e0118
015b015e
010a013e
01390149
01650169
017500b2
01590172
01400100
00df00f7
00c70150
00da0108
00f000bb
00d200b1
014b00f3
01050118
0111013b
01500160
01300121
011500ca
01420137
011d00ef
00f300db
01420177
01270132
012e0132
01420135
00d10105
00fa018b
014b0109
01390111
0137014b
018b00f9
014500e7
0110010e
0190011f
00e30115
010600ff
0169017e
015b0160
01400135
00d700de
011f0152
01650108
012e010a
017000eb
00f90132
0132019e
01650135
0139013e
00f700e9
012501ce
0132010a
00d3012e
00eb00ef
01590187
00fb00eb
0195011e
0130013b
00e90108
00f900e0
00df011b
01600137
0145012e
00fe0177
0118014e
010d00db
00dd010f
01490123
01020106
00fe0129
0159016e
00f10170
00ea0145
0113013b
012500f9
0118014e
01180142
00e80107
01170145
014b011e
011700f7
0102011b
013b0120
00e3012b
013200ee
012e00eb
01800140
00e00116
0142013e
0125011f
00e800f6
0109013b
012b012e
014b00da
01290139
0122011a
00f9010f
00cb00ed
014e011e
00fb0169
01110105
00ea010d
018b0192
0182014b
016200f9
014b0189
00f80111
016700f2
010b013e
015700eb
014e0147
01200118
010100d5
01900116
00d900ee
00e50125
00d600e2
013e0162
013200cd
01210137
012701be
0165010e
00e30116
012b00f3
01370127
00f9014b
013b013e
014e0116
00f70147
013b010b
00ce0127
01100112
013000d6
012900f7
01600139
010d011b
012500f3
015e010a
016700ea
00c30107
011500d8
011600c6
0118018e
015900ee
00ce0132
010e00f1
0123013b
00fa0107
013e010e
01b70132
018001b5
010b00ee
0155011a
01220137
00f601a9
011a0129
01100152
01210137
00cf00c3
00ee0111
00f800f7
00ff00bd
00e800c5
00d200f6
012300b0
00e100db
01070159
00fe00b9
00f20170
00e900e2
00d100d5
010f00d7
010a00d9
00f60115
011e012e
00f100b5
010800ed
00fa011f
011500fd
010800b8
00cd0118
015700fe
015900fe
01300199
00d000f9
01190139
01350103
00ff0135
00f90105
0139010e
01520155
01320145
00ef0112
01620149
00fd0116
013e0145
01080109
00a900ee
0162013e
00fe0165
011900ed
00e000dd
00fd0103
00ff00de
00da00e0
01070132
01920157
01700125
00e80157
010a00e5
014000fd
01130145
015e0130
0140012b
01b00147
01800142
01500135
01290122
01420130
01a50162
014e0169
016900d5
010e013b
010200df
010700fa
00e10102
00db00e3
00d10110
012300e6
012100d8
01550175
0139014e
01200129
016e0175
013e0105
01130107
01300100
010700da
01190142
01290118
01690155
01050139
0117011d
014200d3
010600e6
00b500e1
00a700d1
00b000a5
00f000fe
00c500b9
00ae00d7
00d900c8
00bf00d9
0150013b
010000c8
01720105
01320162
013b011b
01250162
01300120
013b0132
016e0152
013e0167
015b00f8
010f0147
00fe0157
01720162
01550135
0182010d
00fa00c7
0129017b
0129013e
013e0113
011600eb
017000c2
010600b7
010800df
017200cb
014e0139
013e0115
01620152
019e01a0
00db00d5
00d90119
00fd00ff
015500b6
01a200ee
00f300fa
00f00108
013500e5
00ce00ea
00d300e6
00e500c1
01190109
01850167
00ff015b
01180130
00f70108
0117012e
00bb014b
011b0107
012700ce
01570127
013b011e
0112012e
01820123
00ff0145
012b012e
010600cf
013e0135
016e0115
01270140
01820101
01600149
012e0111
015e013b
00db00f0
00ef00e0
019e00f6
01010123
017e0115
01110187
0135010e
0110013e
01320119
01200106
0135014b
011b00e7
00e100da
00eb0121
012b0109
010e00f9
01370107
00e900b3
0152015b
00db0101
013b019b
016000f6
01300157
01080140
00f200fa
00f100f7
00d301b7
011d0102
00d20119
00f900ba
00d600fb
00d100e8
00fa00e8
00fe0117
01390122
01720103
00fa0159
010a012e
01420127
00e10119
010d0129
012700cd
014701ae
019e0119
014b0120
01230155
014b0117
014000fe
011700e5
010800ed
0187014e
01300185
0182011d
01400145
01130129
012b00d0
0132011d
00c900f3
015e017e
0100011d
00f700f9
014500e0
00e50113
00ce00fa
00ce011d
014500fe
014500f5
017b0113
011e0180
00e30139
00f70106
010700ed
00fe0127
01500118
01290155
016e010b
00dd011d
0187011b
011b0129
016200f5
0103016b
0108012b
017e0140
0132011d
01150137
014500e7
00eb010f
010d0159
0122012e
012900f7
00f80105
01160110
014000f9
01850100
00e8011d
014500c3
01170129
01010110
0140014e
0106017b
012b0102
01600125
014500f0
0122010b
00d70149
01490113
0145016b
010601b5
015200fb
015200e7
0159010f
00c700f9
00e70139
0122010a
01390149
0150014b
017e00c8
016b00f6
012900f0
011600f2
00ed00e9
010000ff
00f10155
00d5012e
00d500f3
014e0121
010800e6
011e010e
01270106
011300ad
01600129
011d014b
0175013e
00f1011b
00dd0132
00f500f9
00e20112
014e00df
013200df
00e80101
01350117
01520139
011000e7
010d0129
0110013e
01290127
011a0119
00d20187
01ee0190
00f2010f
013b011e
011e00e7
0111011d
01570120
01b90105
01750142
01300199
01ae0129
016e013e
01010169
01250127
014e0116
013b012b
00ed0150
010f00e6
010600da
00f1010d
010100db
00d600ce
020000c2
012e018e
01520147
01320117
010d00f8
00ff0105
012b0117
01600107
00de00fd
0165015e
011600fe
01420116
015b010e
00e60115
00e80111
012b00ca
00f600ee
01290165
00e70169
010f0110
0149012b
01270105
011a00af
00bf00b6
0125011e
01130115
00f10123
014500ea
010100ea
00eb0119
01650115
00d1015b
010b00ee
010e0127
01300130
014200e1
00f300f9
011b0197
01000123
00d90113
013200da
00da00e6
01150139
00f200fb
00e5010e
012b0130
013500e7
01060111
010200d3
011e0139
01110103
011a0159
01160147
010f0147
01210121
010800d9
013900ef
0159013e
0197013e
00c3010d
011100f1
013e00f6
014000dd
014b012e
00ca012b
01870121
0123011d
014b0108
014000db
0117010a
00e70125
0130010d
00fe00ce
01520139
014500f5
01250120
00f50120
00d90113
00e10177
00eb00fb
00da011e
014b00f5
010800ef
00f000ef
010d00e2
00ce00f6
015700f2
00e000fe
01230157
013b0185
012e0107
00f700ea
013b0147
017e019b
014b0182
014b0137
011e00e9
01850127
0142010e
01180135
01390129
01300150
0127016e
0140010f
00ee00ff
0147016e
019e0115
018b015b
00ea0132
012b013e
00fe0112
0122012e
011d00f0
014b0110
00de0159
011f0167
00df011d
00c800ea
00cd0142
011100e7
01150130
013b00f1
012700f3
00f700ef
012200e0
00c600e7
01020107
00ef00e7
014b0150
011b019b
00f901a9
01290125
0137013b
01180159
0129011e
01210152
010500d3
01450110
01300190
013e0162
0123011a
019b013b
013b014b
01390111
01250108
00e0019b
00ee00f2
01100135
00c6014b
00d60157
00c00103
00e300e6
010a00d7
00f7011e
01100152
012e0112
012e011f
01230118
012900fe
013500e7
015000b1
01500167
01450127
014200db
00f000f3
01210115
00e70110
01300122
011200d8
00f7012e
00fe00f5
012b0120
01290150
0137011f
012b00e7
01220129
010a0117
012e018b
0155010b
013700e5
010600da
00f30112
00ed00f7
00e900d5
00dd00d8
01350149
015e014e
00f2017e
012900f6
00df0160
01450150
00f700eb
00fe0120
018e0160
00d9018e
010600fd
014e0187
00d10123
01130150
012e00cb
012b0109
01250169
010101a9
010f0117
01300147
01110127
00d000fa
012b010a
013e0100
00da010f
01450116
0137018b
01270101
0189010a
019900f8
01470127
011700eb
0115017b
00cd014e
00fa010f
00d00127
01420149
0122011b
00cd0103
012900cf
00ed013b
01720120
01270111
011d0135
014e0127
013900df
00ed0139
01230121
01060165
01370169
011a011b
01350177
0180011f
01020150
012900f0
01390112
0107011d
01210135
01090123
012900ee
00dd0135
00fb00cf
012b0121
00e7012b
013000d6
011a0102
011100da
011e00f2
011a00f2
01300147
00e60177
00f700ba
01600135
01350127
011300e8
01370116
012200f8
010d011b
010d00d2
01030129
013b0125
011e013b
00fb00ed
00fe0185
012e00f9
0100011e
011900ed
0110011f
00f30145
0110010e
012900d3
01590160
00db00c3
011900e3
00ba00fa
00d500df
016501f0
0130018b
012e0110
010b015b
01850155
01020150
014b0129
013e00f0
0140018b
01770139
01620125
011600f5
0108011e
011d01a0
00e600d5
014b011b
0185016b
00f60105
0102014b
00ff010d
014700d5
01180139
00db0111
01270139
019b00f9
010100e5
00fa0109
00e80121
01650142
013b00f7
01370185
00e300b6
0155014e
0129012e
00d80107
00c90110
0106011d
00eb010b
0149013b
013200ef
01350149
01190132
01150142
00e900e7
010500cb
01110122
010f00f2
01080108
01160177
01110137
010900f7
01250110
00e100fb
012e0140
00d300f0
01450123
014701b0
015500e7
00e5011a
016e010f
0117010f
00cd012b
01390105
00f20119
01100152
011900f6
016b0120
01230137
00fb00e2
011e00e7
00e300e7
013900fb
01220105
0113015e
00e10139
014500c8
018b011e
01670110
0120011a
014900f8
012e015e
00f70160
01320140
00ef0135
01390142
00de015e
00eb01be
010f010e
014e01b2
00f1010f
00ca0108
00ff012b
01030101
012100e7
011b00f6
011d010b
01210132
0109012e
00ee018b
0140010d
00f60177
013200d7
01050112
013b0105
012b021e
00f70129
014901b5
00f10130
00e30111
011e00d6
014200bd
014900f5
00ea00cb
00ee00e3
01570140
00f6010f
01090100
011300fd
00e70120
00ef00c9
01650142
010d0130
00c50108
01370123
00fe0115
01050145
00f700fd
01250103
01070130
00f90125
012e00fe
00fe0101
0135010d
01010155
00df0100
014200ed
00f900d2
00cf0109
00ed00f6
010f00f7
00c10115
011a0119
01010157
01390137
01010165
012500c7
01200119
00da00fb
01420110
00e000eb
00fa0102
015b0102
01970155
00de016b
012b011f
00e20159
01270187
01a0010f
00d300ca
014b00e0
01180177
00f600f5
01130113
00e30103
00ff00e6
01620142
010a00c6
01720119
011f00d3
01300172
013b010a
0160012b
01130157
01920162
014501b2
00e00116
015e00f3
013b0147
016201f9
011d00fa
012700f6
0155013b
0110013b
00e80137
015b0140
01490152
015e014e
00f700fe
014000fe
016200fb
00f90125
00cb00fb
014500f5
010b00f7
01110122
00fa0140
010800e3
015b00ce
01010115
00e900d6
01870142
012100e2
015e010d
01420135
00ff0190
00ff0102
00f3010a
0180015e
017e012e
01180175
012000ef
0147013e
0139017e
012b00f7
010500f1
010100d0
01350112
00db00fa
00d600d8
00cf0135
00bb00fa
00d800de
00d00135
01010129
018900e2
00ee00e6
00e700ce
01070147
00f500d5
00b900c5
00ef00fb
00d500f8
0172013e
014e0112
011b0123
01270106
00e101a5
01050189
00e300ed
012b00d6
01920199
017b0145
0118015b
01370167
016e0140
0101012e
00f10139
00e0012b
0109013e
00f7014b
013e0106
00ea0106
00fa00db
00f900fa
00bf00f7
00e300f7
01450116
00d60122
011b0137
01090145
00c50140
010600c1
00e600d3
0150010f
0150015b
0132015e
010f00fd
00c80112
012300fe
01420147
00f100f8
012e00d1
011b0118
00e50149
011a00d7
010600f1
011700df
0112010d
00db0139
010100e7
014b0145
01420140
00f00113
010f0115
010200f8
00ef0122
01170150
00e7010b
01990175
0170010e
01450157
011701be
0155010b
00de012e
00d300fd
014200f2
0137012e
01230145
010100f9
013500fa
015500d3
00ce00db
00bd0105
010d0127
0113014b
011e00eb
010600ed
00bd0155
00a10147
01450111
011500d5
013700fb
01180145
01220115
01390127
01350170
01270102
00e900b9
0100010b
01c90100
00e700b6
01000127
00eb00f0
00f300ed
013700e8
012b0120
01020120
010800f1
00f0011a
00d7010f
015e0192
00df0132
012700fb
011800e7
010f00dd
00e00130
0139015e
00fe0157
01850195
01050160
00ee0113
010000db
012b00e7
00d30117
0135014b
01420149
01570142
01110115
017b0127
00fe00d3
00c60165
01620103
0127012b
010b013e
00cd011a
00f90113
01320135
0103011e
00dd00fa
014e00fe
01420187
00e30137
010200e6
01250116
00d1015e
00d70195
012100e1
00ca00ff
01300139
0115010d
011d00fd
01150107
010f00dd
010100fd
010b0119
00f500ed
013e0190
01620102
00f00123
00e60120
01550107
0111014e
00d00103
00f6015b
012900ea
014501c2
0132017e
01220129
01520150
015b0159
01110172
01320109
011b01be
010e00f1
012b0117
01290116
00eb00ff
00d90123
00fa00b8
01ab00be
014b00e3
00dd00e2
0137015b
00e70137
00f10127
01270147
00de00f1
012b00eb
0140016e
01110142
01390130
013b0109
016000e8
00f30152
010b011b
0159010d
0118010b
014e0135
00eb00f5
01950113
012b0135
01300106
00f00137
00fa0116
0167010f
011e0129
019b0152
0160010d
01270137
0142013e
010900fb
0110012e
010100ef
01370115
00ff012b
00df00fd
0125012e
012e0102
0175011f
00eb00f7
01350137
011a0111
00fb012e
00d600da
01400142
014200f3
016900c6
015500ee
01750145
01b90122
00d900da
013b0162
0142015b
0145010f
01090130
0112010b
01050169
011e0127
00db0137
012e0115
00ed013b
015b012e
0150012b
01300117
013e013e
01350135
011d0117
0165016b
010100db
01190130
00ae012b
00c60101
01820180
00fa0127
015e00e7
01070195
012e0119
01420139
01370132
01650123
016201a0
010900de
013b010b
00c70110
00e70118
01110140
00d70135
012b00ce
00fe0129
018e00f6
011f00f8
011e0110
011f0121
01650113
010a0137
0117011d
01d70197
00dd0115
00fe0135
011b00f9
011600d8
00d30111
013000f5
011f00c3
012500e2
00c90137
00f300d7
01390111
014b0107
00dd0129
00c30103
00fd00ee
01400125
00eb0118
00ea00dd
01230135
010600f9
00e6014b
01570140
017b0121
016501de
01270135
01290140
00f70140
011a0169
01090122
01370101
01250107
01450127
013000d9
01030115
00ca00e8
011e00cf
00db00e5
00cf0110
015700d7
011001a0
00f700f3
00fe0111
01050119
01420135
01000140
00fe0106
011900e6
0129017b
0106010e
00f90149
00f5013b
00f800ea
01570105
00e10121
012e00f0
01ab0123
01600137
01b00195
018700e9
015e00ee
01010177
01270121
00ff0120
01150182
00e500f6
00f8014e
010a00e6
00ef0101
00d300f6
0142010b
012e010a
01400135
017700e1
013e014b
01050162
0117011a
012e00f0
00e80162
00f600b5
00ff0182
00d500e3
01250106
00c600c3
00e600fd
00f10108
011d00ee
00f2010b
00fd01cb
014b00ee
00e70109
00d10102
012e00fd
0139010a
011700f1
011d00dd
00fa0172
010f00df
00f70116
00e00140
00f9010e
013200d1
00f500f7
011d00e3
01600120
00ee0129
00ff0102
0169014e
012e0125
010b00f8
01080137
013e00ff
010500fa
01080119
01230102
00ff014e
011b0149
01590140
00de00ee
00d000e5
00f800cd
010000cb
00db00e0
014b00bf
00c100c6
00bf00dd
00bf00bf
010900ee
01570108
01100111
00f600e7
01220111
00c70189
00fb0113
01390169
010f00c6
01400182
02050107
010f00d5
01150180
01030157
015b011f
00e7012b
00fe0140
012500ef
01070105
013700e9
00fb00ed
00fa0129
00f900d1
0147010b
01010119
0140012b
015200f3
01100169
01160139
01190160
01590142
0172010a
0129010a
014e0109
01230103
01350129
01900113
011001b9
011d0170
01400117
016500d5
011e012b
010700ed
012500f9
00f300f1
00ef011d
00cd00dd
0117013b
018e00f8
01600116
00e8010d
01290130
010d0130
010d00f7
01650107
00e901a0
00d600e9
01100197
017000e7
01320129
01100130
00b600fe
010900f0
00eb00f8
012e00d7
0149012b
01170112
00e500fe
014500e3
014e00f5
010800e9
01060112
015e00e5
01290182
013e0127
011b0130
011e0108
010100cd
00ff0127
00f3013e
012e0179
01370175
00fe0127
013b0127
0132012b
015700f8
00e700ef
0149012b
01950145
00f80145
010a013b
015e012b
01150107
013b0120
00ea00ea
00ef011b
01500113
0177011a
00f000d3
01820145
016700f3
01400147
00dd00ee
00f200e6
00f300db
019b00e0
01020127
00ff0149
017900f8
00eb00d1
0140010b
012e0109
00ee00cd
01220150
010000cd
00ed011b
010600c1
00d1012b
00d700fb
00f10121
010900ed
011f0120
011e012b
01270117
01060149
011600ea
00d900fe
013000eb
013900a9
018701c7
01400113
01920139
00d80135
00cd0122
013b011d
011d010f
00f900cf
012b0149
00df013b
00f1012e
013500d6
013e011d
00bd00de
00f9012e
01350108
017b011d
00f9010d
011a00fb
0112013b
01470145
01220115
013500e7
00f900e1
01970125
012b0189
017e0195
0125012e
01110102
011000dd
0101012e
012100c9
01570119
012b0167
011600f8
012e0145
01180175
012e0152
00ee0116
013500ea
017b0113
010500cf
011b0118
015e0105
010a0157
012b0129
01590130
010f00de
01210127
00f700e8
011100e1
00df00fa
014900f1
00d50107
00de00ff
010d00c5
010e017e
014e00ff
013200c1
010600fa
0111010e
00c1013e
00d90149
010500f0
01d90152
011101a7
00fe010d
01060111
00f0010b
011a01a0
015e00e6
00ed00ae
01770115
012900cb
0182015b
016000ed
00f2010a
00f50132
00f60129
00a300c9
01370102
011e00ee
013000cb
011d0125
012e011e
00d300f5
00cd00ef
00db00e3
01150167
00e80147
00fb010f
012500cb
010e00d7
011000ea
00d30109
012e0116
015500fa
00f600d1
01350137
01270190
01820147
01390135
010e015e
012700ed
014b0179
011f010d
0127011e
01390117
01350162
010a0107
00eb00eb
014700e3
0139017b
01720125
0149015b
010b0118
01690139
01150125
013e0139
00f800c9
013701ae
01080127
01000132
012901d0
01350139
00e300e2
01060132
01270139
01270140
016701de
0177012b
01090129
01250175
00e70112
011e0109
00e00125
01690167
012b0118
010600e7
011b0149
012300fe
00f10106
011000ff
00d500ea
01570209
00f701c9
016b0112
00d50102
01130110
00d00106
00e80118
012000ee
01220120
01000139
011e00fb
00e9015e
01170130
01060116
011e0113
01400116
0120011b
011200ff
010500ff
010f0150
01190120
00af00e8
01130111
013b00f2
01470149
01950137
0106011b
012b0142
013e0142
00ce014b
00f20142
015700ee
0132012b
010600da
010f00f3
00cb0160
013200dd
015000eb
00e200ea
00ee00fd
01b5017b
013e00c7
01210157
00fd0130
00fb00e7
012b00d8
011b011f
011b0118
01700135
010f0109
01290140
011d0130
00de011d
0145010b
01970127
00e6010b
012e01b0
01110103
01790127
0150012b
00ef013e
01150169
01030137
00f900c2
011b0177
01050118
00f700d9
010d0182
01770159
00f300d6
010e0109
011e00e9
00fd0109
011a0108
01020139
01220117
012e00da
01010152
00de00bb
00ef00f2
00f10190
013b0155
00d30120
0113010a
0169010d
013e00d7
0160010d
01b9010f
00e5018b
014900bd
014e011a
010000ed
010a0149
00f00139
00fd00f1
0113011f
01500175
012e00fa
00eb00ea
00f30111
010e0105
012700f1
010b0145
016500db
01290175
00ea0109
00f80113
013700c2
00c90119
00ea0106
014000ed
00f300fe
01220170
013e00d6
011900db
011f0121
013b00e6
00d700ee
012300e8
015200ce
01d00180
01010111
0152013e
00d900fb
00e8014e
00f30120
0120012e
01300103
00f20149
01100118
01320170
011e00e9
00c700f1
00f0011e
00ed00e7
017500e7
01470159
01400108
00f90130
0122012b
01050129
01190127
00d20155
01370142
01020110
01150101
014b0147
010f0125
01120122
013e015e
00f000ed
010d010b
012b0177
01180107
013b0107
01170130
012e0121
011000ef
00f900ea
010d00cb
01320142
01750135
01080127
012b014e
00f000f0
00f3019b
00f500cb
014b0110
01890106
011a010f
0129010d
015b0125
011e0139
015000dd
0130013e
01100130
01490180
0113010d
00d00147
00c100ee
00ef0112
01210107
00d70119
022900bb
014b016e
0117011a
0107011e
01a50127
00ea0120
00e30120
00e10140
012500df
012b011d
011200ce
010d011e
01270155
011000fa
00db010a
00ed011b
011100ed
012b0177
0103014e
01200167
01570107
00cf00ed
012e010f
01390130
00ce0113
012e013e
01020109
015b0132
014900d3
01290147
010000fb
00de012b
010100f8
010b0122
010a0125
011e0108
00f2010d
01650100
013e011a
00da010d
01be00c5
00e60152
011e0165
00fe0139
00f5012e
01720157
00fe0140
01110125
014200ff
01130140
0149010e
00fd0147
00f200fd
012900fa
010700f2
0149011f
013500ee
00f20152
010b012e
015e00c0
012e0109
012e0132
00e10118
00fa019e
01130137
013200fa
01590160
014e0111
011201a0
01150125
01550180
01720103
00e90105
011b0185
00fe0118
00f600dd
00de00f8
010700f9
00e5014b
00d600fe
01070103
01270122
014e0108
00ea00fb
012e00f0
010a012b
01550101
015200ed
00fb00e9
01770177
01250155
01020130
01670149
00ef011e
013900e3
00f100da
0100013b
011101a5
01220157
00f70139
00e60137
013b0119
010d0135
01000177
011b0101
016e0159
010a0120
00de0109
013200e7
011d012e
00ff0155
011200d6
015b00da
013b017b
013000fe
017e00fa
00c9013e
00ff00ed
00fb0121
00ee00d6
012b0105
015e011e
013500ff
00ca00e6
01390157
00e300e7
00f90127
00f0011a
013500ff
01470142
01a0010d
0150015e
011f0177
01420111
01590123
012900e8
015e00f6
015b012e
00cd0177
012b0147
011d015b
010f00c5
00f10125
014e00fa
0142010e
010f016b
010b011f
00d60129
00eb0162
00ca0130
00dd0187
015e0101
014e00e2
01890177
010b0145
018e0147
01080109
01990157
00ff0152
010f0127
0142010d
011b013e
00cf00f5
010a0109
00f500eb
00ed016b
01b90103
00fd00fd
010000fe
018e0155
01080101
01220129
012b00f7
0113016e
00d900d7
010800ed
01050101
01250147
01520118
010b010d
01180123
01070172
010a010f
00db00bb
00fb011a
010b010d
01870115
010100fe
01300121
01750121
00dd00ef
00c20119
00f600e1
01390132
014e015b
010e012e
0116013e
00e2012e
010600e2
012e012e
00d300de
00de012e
00eb0127
01850116
01090149
00f60107
011800fb
00d10199
010d00e3
01490182
01370150
01050165
010600e6
01270130
0155010e
012b00e5
016500f8
01220172
012900f1
01400105
01520121
01320160
00d900d3
0125011f
012700f0
00f9014b
01470115
01370145
01690190
01210137
00d3018b
016500e2
01120122
018b0135
010a0127
013500e1
010000e9
01290145
012500f5
01020110
01b200ed
01650125
01300109
010900f9
00ee0130
01020169
010a00fb
00ed00c6
011d0110
01370125
00f50112
00e900f5
011a0139
00f50140
014b00f3
01000187
00e000fb
01470140
013e0195
01470165
01550195
01690139
013b0111
00eb0119
00fa00fe
0123013b
01670130
011a0106
0106010d
01160125
01620155
0123011d
00b700ed
015b0160
01390125
00fd0147
010b0103
01160108
013500e3
00e900f7
00d10110
013e01a0
00f70130
01800119
013e00de
01320182
00c30110
00fb011d
011a00e2
0177018b
012700ea
012200dd
00ef0102
014900f3
00f900e0
00c600ea
00e100f2
014701f2
00e00113
01550102
012900f7
014e0129
00ee0125
011e00e5
00f200fd
013e0122
011200f9
00cf0119
011300f5
00f000fe
00c500f8
01000129
011100dd
0100010f
00f801a7
00e50110
010d00e7
00fb012b
00ef00f1
00b2010f
00e70117
01900149
01370170
013000e2
0122010b
011900d6
01400135
01020118
01490125
014200f0
011a0117
01750160
010d0113
00c80103
010501cb
01270132
013900da
0150018e
0116012e
017b010d
00f000e3
00eb010d
0125014e
00c300ef
01250102
0150011e
0107011d
00f90110
00ea00e6
013b0139
00e00102
00f20177
00f200a8
013e0185
00cb00fe
00c9014e
0145011a
00cf0132
013000c9
012e00c6
00ba00f3
01110182
011a0167
015500cd
00f2013e
016e00ff
00da0101
012b0135
011b00cf
01370149
00f30142
0145011d
00d30121
00f3015e
011a00e0
011a0147
01290109
00ea017e
010701b0
01070106
010500f9
01350132
01390182
015e00d8
015b0130
01670179
01030177
00e60127
013e0127
01050135
00e000e7
01090106
019200cf
010001b9
00ff00eb
012500ca
00ea00eb
00eb00ee
00b200f1
00ed0100
01550101
01620157
00ef0129
00e6011b
0105013e
00ff00e7
00f90125
012900fd
010a0109
013001ab
00f100f8
013b0105
012e0139
01080137
00f60125
014200ed
012500c8
00f801a2
011b0130
010600e6
01470147
013500e8
00d70182
01300112
013200f9
01a70185
015b00e8
013e0116
011500f1
0170010b
01230130
01a5010e
00cd00eb
015b0108
01250132
012b0145
011300f7
012e0109
012100dd
01150120
01230139
01770149
01490190
00ce00d3
015b00d5
01490155
00cd0112
0102010a
01470107
01a20129
00da0108
00f60123
00f10119
012b0113
010000da
01370111
012700ed
015e00c5
01190127
013b016b
013900d0
0142010f
01010139
015200e8
019e0142
014e0182
012900e1
01110192
00f500fb
010f012b
00df00cd
01600118
00c60106
01120139
0102015b
00ef00d5
01030140
00f200fd
0123010a
00ce011a
014000d8
00f9011b
01220150
01650137
011500f7
010800ea
0101012e
00ce0113
01550119
0182014e
01320123
012000e0
01290115
013b0137
012e0129
011500f3
014500c5
014e00f1
00f900d6
00d2013b
00c9011b
00df0122
00f70102
00c900c1
01770102
012e0167
015b0132
01320152
01130135
00f20130
01020162
012e0169
00c300fa
01900139
00f8010f
00c70170
01150132
01350179
010d00fa
00d900e7
012200c7
016500f0
0123010f
011e00e1
015e00f7
00e80115
010600f7
00cf0107
014500ef
011b0137
011f00f5
01270135
00e80129
00e7017e
00df0105
010a00cd
00f8011d
0129010e
00fa0129
0101010b
0102011a
00ee0111
00f20145
00d20103
013000d6
012e0180
011b010a
012b00f7
010e0159
010b00ff
00e100fa
01230106
019200f6
014000f9
014501b7
00fd0175
00f7010e
013b0122
01490122
00e00142
011d00cf
0150013b
01370182
0199011b
00d80145
011f010b
011f00dd
013700fb
012b0139
00f60142
00f30122
01130130
013500c1
00ee0130
00fa00f5
012b00ee
00f500cd
011e0142
01450135
0145013e
00d300c5
011000fa
00e50137
00d700de
015e00ea
01390139
0169012b
00d2012e
01350135
012000d0
00ef00ee
010601ab
00ef00f6
01500113
00ed013e
01060152
01150155
0107012b
010b0113
00f60140
010d012b
010d01b0
017700f5
0135011b
01000120
01290140
0106010a
010900fb
012000da
01370118
011a0118
0108011e
01300107
00eb011b
00be00ee
012300f2
00f300da
01970180
013b0111
01790139
0103016e
01290120
01490103
00e90105
00fd00aa
018b019b
012301b0
01950123
01300155
00f1011e
012300f5
01170122
00e600f9
014b0118
011f012b
0132017b
00ee00e6
0160011d
014000fa
00ea0117
01890105
01b70130
01ce010e
013e013b
01700118
01490111
012300d2
00d700fa
010b00e6
015b012e
00ed0111
00d50122
0106015e
00db00b6
010100e0
00ae0105
00dd00f0
01570132
00f0010b
00e000f3
01190113
01000139
00f6010a
012e00e0
00e20103
01350137
0130012e
010f013e
011d00f3
012e0170
015e0106
00ff00da
00ff00f3
016b0123
015b010d
012b0152
00f900f5
013500dd
01400117
0132016b
014b010a
01350129
01080170
01220140
010a00ce
00fb0125
00ff00fe
00e30103
01150103
012101bb
01050147
01520132
016700ed
01290121
01470152
0116017b
