00650089
00640087
00800061
00770061
005e0049
005e0051
00460059
003a004e
00b10130
0096006d
0064007d
003b003f
00350035
00290035
00330045
002c003e
00a300cb
00a000ae
007a008e
005f0052
00440066
005f0049
004a004b
0045004b
00720060
007c0067
0085007e
007a0082
007a006d
007b0081
005e007d
00880081
00570068
007a0087
00450069
00780045
004f003b
00490041
0040004f
003b0036
0091004d
006e009d
0043006d
004f0033
00420035
003e005c
003d0043
003f004e
00650055
008f008f
0044006f
007a0040
004c0047
00490043
00400033
003b003f
0091009a
009600a7
005b0076
00730066
006e004d
004e0075
00490053
0053003c
006b009a
006d0095
00570055
005d004a
0059004b
00530053
004a0056
0044003c
006a004f
0057007b
00390062
007e0057
0045003d
00440048
0029004e
00460038
006b0055
00760095
0051007b
007d003e
004a0041
00420041
0040002e
0037003a
00930048
0095008e
00530057
00450032
00620039
004e0046
003b003e
00380053
00840066
00a100dd
003b0099
007a0042
00310049
00390033
006a0039
003d0035
00960077
00d000f8
003800bb
00510049
004a004b
005c003c
004d0040
0038003d
005d0058
007a00af
004f005e
00550037
00450042
00510043
00380044
00690044
00860064
007d0075
003b0067
00690055
005d0054
0043004a
00400066
004f0044
005f006d
009e00da
004b0061
009a0052
005a0047
00830050
0053004e
004e004a
0089009b
0075008b
008d0073
0071006a
00b000a0
00b30096
00910089
0098007f
00570051
0062009d
00430056
00730044
00420045
00320033
003f0034
0050003c
00ab005f
00730067
00380052
005c0048
00630049
0047003c
004b004e
00510046
005e004f
006500b3
005f0053
00590073
004d005f
005c0067
004d005c
006d0044
00570066
008900be
006200bd
008e0052
004d004d
004d0044
004b0051
00370043
00a30097
00ad0088
00870095
007300b0
006d0088
0055006c
005e0055
0087006f
00730066
008600b1
0050005e
00550049
004c0037
004f0044
004c0043
003f0036
00750043
0073009b
004d0052
00650042
00480044
0041003b
003b0046
003e0057
007a00ae
00550045
004a007f
00530059
00440047
004e0042
003f0044
003a003d
006a007a
006c0083
00590049
00800054
0037005d
003d004e
0056003b
00330076
00850063
0077008c
005d007c
00790065
0074004a
00470050
0046004f
005b003e
00a1005d
007d0071
00890072
008e0081
0070005d
00920088
008700a9
0056009f
0076004a
008d0089
004a0053
005d004d
00470044
0053004c
005f0058
0050004f
0052004f
007d00e6
00420073
00510047
00410038
00390043
003a004d
003f003f
00730066
007e0092
0053005a
0067004b
007a004d
00590059
0044005d
0053005f
006f0073
006700b3
00670064
00670055
00410043
004f003b
00420056
005d004a
005b00ed
005e007e
0046006c
0050004c
00460039
004b0044
003d0063
00730058
00690079
0051006a
00590048
006d003e
00750050
00510049
00470053
007c0055
00910043
006400b1
004e0053
00660030
00470048
00530049
0044003e
003b002d
00da00d1
007200c7
008300c1
0098005c
00ab008e
0076008e
00910098
007a00a5
00850067
009300cd
005c00ad
00950086
00660087
00890072
00870082
006f0065
0083006d
00840079
003d009f
00480052
0053004b
006e0043
0047004b
0054005a
005a009d
005e007c
0069006d
004e0053
0043005b
005a004e
00590052
00450043
00610055
008b0096
00690050
00850055
005f0057
005e0051
0041004d
005a0049
006f006b
00570052
00750072
0063004e
005e0047
0062003c
005e0041
00590050
006e0058
0066006d
00620065
004f006e
0078007d
0072007d
008d007a
00ab0075
00800089
00850092
009300ba
00720076
007b008d
006e0078
00b60074
00930097
007d0055
006a007a
00460046
00760054
00460057
0055003e
003d0054
003d004f
0065006e
007a0086
0051005d
005b0063
0053005d
0053003b
004b0045
004a0038
008900f3
00680064
004d0049
00820069
004f0066
006e0061
0063005b
006d005b
00610066
006a0092
0049005e
00910057
00480057
00650053
0046006c
0051004f
00a000ad
0075007e
0076007e
00a60092
008d006b
00a10070
007c007d
006f0072
00a900a3
005d006a
00540063
007c0062
005a0069
0051005f
005b006f
00550054
00620079
006100b3
007a0049
0078004b
00490053
005b0076
0054005e
00530059
00530080
0045005a
00480042
004e0045
003c0035
004b004e
00390042
00490052
0057009f
00520066
00580037
0051005b
00400042
00550050
0071005b
0044004c
00820065
00490087
0055005d
004b004a
0051004c
00650045
006e0062
00730039
00840063
00cb007e
007a00b6
00b5009a
00b8009a
009a00a5
009a0098
00950092
00640093
009a0076
005e0054
005b0061
0054005d
00550070
0063006e
00710063
0069004d
00550087
004a0057
00520044
004e0057
00390057
0037004c
0059006a
007e0072
0063005d
0066008e
004d007e
006e0085
00650084
00830065
0057008a
00830075
008b007d
00950082
0075006c
009300af
00b00081
0089008c
0082008f
005b005d
008c0056
00a10075
007c0063
0079005b
00750072
005c0082
006d0063
00a80067
005e0097
006a0063
007e005d
00710089
006e0053
00710059
0064007b
009e007f
00990096
00880087
009300a0
007d0090
008b00d0
00990086
00a300a0
0051005b
007f0089
005e006b
00580060
004f004d
004d004a
00510056
00610046
00a700b0
0091009e
009a00cf
00af0098
00ca00a5
009f009f
00ce0098
00cd00fa
00790077
00960085
008300ab
0098009e
00870091
007900ad
0090008f
007a00a5
009a00b8
00bb00af
00dd00b0
00b500af
00a2009e
010a00c2
00cf00a3
00ee00be
00550053
00710067
0057006f
006b0062
00470075
00650074
00820076
00560067
008e0092
007d0096
0097005f
004c004e
005b0055
007a004e
00570059
00720047
0055008d
007d007b
0059006d
00630073
00690072
0060006a
00660077
005f0061
00ad0078
0042007d
004b006a
00530049
0050004b
004a0065
005c0057
004b0045
006b0091
006000b1
00680091
0070006a
0066004f
005b0051
00620095
00510080
0093006d
00810097
005100c3
0043005b
0072004a
005d004d
005f0052
0069004d
00a3007b
0086006b
00670083
00910079
005e008b
006c0074
00600077
007e0072
0081006a
00af0071
005a0060
006a0052
005c0051
00570078
005e0055
004b004d
00b600c6
00c800e8
009100c5
00cd00ed
00ba010b
00d800e2
00f500f0
00e100da
00670078
006f0067
007a0072
006d0068
007a0075
007f0073
0087006e
005f0089
007d007e
00a700c9
00d500c6
00a20098
00aa0092
00b700ad
00cd00a5
00b9009a
00c0006c
00ca00cb
006900b1
00690058
005e0055
004a006f
00660070
005a0052
004f0068
007b007b
00660062
00560074
00540061
004e007a
007a0075
0059007d
00810065
007200bb
006d00b0
006c0096
0079006f
00930065
00b1008b
00690053
005a00b7
009d0064
006e0065
0063005a
0068006f
005d0065
0081006f
0083006b
00470119
00370054
005a003a
003b003e
003b0039
0046003c
0036003e
00370031
007100b1
00780090
00590077
00bd0057
0054004b
004d0060
00430066
007a004f
00610092
004d006f
004e003e
0053004f
004d0056
0056004f
00560059
00560055
006d007c
008d0098
00820074
00710075
006a0060
00860070
00660071
006b006a
00870091
00f100bd
00cf00af
00d500cf
00c500d5
00d90091
00b6008b
00ba0089
006b004a
0062005a
0099006a
006e008c
0071007e
0086007d
007e0080
008e007d
010600c9
00cf00af
010e00e8
00e800b3
00e800c9
00b80106
00cd00c8
00e800cb
007d00d5
00600079
0050004a
00630070
0063007b
0069007d
0068007e
0085007b
00670089
0055006d
00650051
005f0047
00720069
006e0049
0054004e
00410065
00a50069
0096006b
007a0089
00770081
0086007e
008f007e
00a50071
007f0089
004d005a
007b0062
00620077
005f005e
00710057
005d0059
0063006a
005b0067
009100ce
00ad00cf
00ca00aa
00c800ab
009300ce
00e500c2
00d200eb
00fd00bd
009300a3
007f0066
00730067
00890074
006c008e
0090009b
00a600a2
007b008d
00b00099
007600af
00ca00ad
006f00c7
00a70087
009900b2
00960073
00a100de
00880075
009200a0
007200a2
0062005a
00b1006d
005f006b
00790089
008a007e
006b0062
00930087
007d0077
006f006a
007b006a
007d0097
007b006d
0084007c
0072007a
00760089
0077008e
0095007a
00770083
00a00088
007c008f
008a009d
006f00ba
005a0051
0055006c
007f0057
0054004f
00480043
005b004a
00670059
0062006f
006d0099
00520091
00660051
004d0043
0051004a
005e0061
004f0076
006d0058
007f0071
0075005d
00590051
007b004b
0058005d
005e0077
005b0059
012b0112
00a800be
00ba00df
00b900e3
00f000be
010800e5
010000c1
010f00d2
00670074
00500043
006e004e
00620052
00530048
005b0052
00850068
00690057
00780082
006f0059
0063007a
006d007b
004f0065
007e0082
005d007a
007b006a
006f01a5
00de00aa
00660079
006d006b
005e0076
00810097
006b006d
007a007a
005a007a
00450053
00600057
004e0075
006b0091
004c005a
0043006d
005b0062
00b1006a
00850089
009b013e
009b00ba
008700c9
00c5009d
00ba00b3
00b900ad
007c0087
00b90082
00c90076
00860077
00930082
00a70096
007e006c
009e008f
00d500d6
00d000d2
00f500f8
00de009f
00f100c6
00c100c0
00b300ef
00d900b5
008e0078
0098007e
007f00a7
00930072
0058006a
004d006e
00530060
00610072
007b00b3
00f70087
00950097
00a100a7
008c0084
00720082
00a10083
009500a6
00950065
009a0084
00730067
006a004f
005b0077
0056006a
00570058
0056005b
0071004e
005f0097
00730059
00a1006b
00620071
005f006a
00560060
00500058
00a5009a
007e0066
0079007e
0098006a
00750064
009100af
00850089
007a008b
008d021b
006e0041
005f0088
00590058
0067004e
0052004d
00590057
0065006d
0061006d
00810079
00950074
00750097
00a8007a
00a5009b
008f0082
00ce0086
007f0064
0072007a
004d006d
00680058
00610089
0079007a
00800067
0067005b
00800086
007e007d
007e005b
009f005c
00960082
007b0079
0071005e
006c006a
00d000bb
009700aa
00c50076
007f0083
007f009b
0081007a
00780085
00880087
006f007b
007f005f
005e0063
007b0058
00860057
00850062
00570069
005d007d
007300da
006d0073
0061005d
0053007b
006b004c
0062005d
0072005f
005d0061
0062009b
007e005a
00830062
007e0074
006900af
00740083
008100b8
0069009e
0079006a
006e0068
007a008c
006b0077
005a005a
00a50071
005b0066
0077007e
008f007e
006a0068
006b007f
007000a7
00730087
006e0081
009e0075
00950087
00a1007d
006900a0
007e007b
007b0095
007400a9
00be00b9
00870074
00850063
012e016b
009d00be
00a300ae
00ef010a
00ae00ba
011f0097
00c00152
011700e3
00870085
0073005e
006d006f
007d0089
008f0056
006c0076
007d0069
0069005d
00bd00b0
00ff0093
006b0072
008300d1
006e0070
008d0075
00c100a1
010300de
00710098
00720069
00850071
007300a8
0079008a
007300af
0095008d
008f007d
00e600b3
00aa008f
008600ad
00840087
009a007a
00a10095
007a009d
00a0009b
00550066
0071007a
006e0076
0089007b
00790076
00630076
005f008d
00840073
00ad010d
00eb00a6
0062007f
0087008b
0073007e
0093008d
008b0076
009300a1
00830081
0073004f
0097007e
00830097
00920061
00660087
008c0083
007b006d
0064006a
0053006f
00750062
0072006a
005e006f
006a006b
005e0079
00690068
0062007d
0075006d
004f0046
00760059
007d0069
004d004f
00460059
00560048
00a6006a
0079007a
00990065
00a6007c
009200a0
00750085
009d008e
008b0077
006c006b
00450064
00630075
00660042
004d005f
004b0052
007f005b
00510066
010700ed
00e100c9
00c5009e
00e700a7
008000e5
00d600c2
00db009a
00ad0106
005a007a
00760086
004c005a
00490065
009d0063
0061004f
0068008f
007e0084
010e014b
00980095
00a6011f
009200bf
00fa00ae
00be00b3
00bf00e7
00b500b8
00480209
0064003f
0054004c
00440038
0053004e
0030003b
003e003f
0041004f
0098004d
007e00ab
0058006f
00750063
005b0072
004a0075
005e007a
00500060
008900b1
0080008c
008b008f
00ad0092
008e0092
00a90079
00880097
009e0099
00840080
00770070
009b0096
00b200a7
00a80086
00ad009d
0067009a
00890082
00a0006e
00a9007e
00650099
00990076
00910087
0083005d
0072006c
005f0092
00e101b0
00ab0092
003f00af
005a009a
00640045
00580053
00560048
005a004a
00ed00ae
00af00b8
00dd00b3
009800ba
010100c8
00ae00fd
00f800b2
00c9010d
00850076
0087007d
006e0075
006c007d
008b0072
006d0065
00ad0086
0067006d
009f009a
007b007b
0069009d
00770072
008a0080
00650064
007a0073
0059007d
005a0060
006e0061
00750081
005700b9
00980075
007f0083
0085005b
0079009f
010502c0
012500a9
00b100f2
012700fe
00b000a5
00b300b9
00ef00c1
00da00db
005c005e
00630069
005f0053
009e0057
00520057
004a0056
004f0044
00510066
009100a3
006a0079
008a0085
008f0074
009b008f
008f0089
00690067
008a00a3
008600d7
00970081
0065008c
008c007c
009a009e
009d0076
00b70082
008f007f
00cf00a0
00900070
007a00c9
0092007d
008a00a9
00720093
00b7006f
007700a2
00890137
005b0075
0057006a
005a0070
00650061
00510063
0056004b
0049004f
005e0079
006f0089
005b0086
006e0076
0071005f
009b0059
00830089
00870077
00ce00c1
00ba00b9
00f000ef
00bd00d6
009f00bd
00b500e6
00b100ca
00ce0097
006f00da
00520049
00650083
0082009e
007300b5
00e00079
0095007a
00690071
007900c3
00730068
005e0084
007b0093
007e007f
008d0076
00650091
009d00b5
00a100a5
008e006b
008300d8
00990096
008f008b
008c0091
008a00d2
00aa0097
00530078
00760069
0067006d
008b0073
00730070
007d0065
00610055
004f0053
00c500a6
00e900d6
00c600b5
00d300d2
00a000bd
00eb011d
00e900f2
00cd00d2
00ef01d0
00a2008f
008300b2
00cb0116
00a600ee
00c700ed
00c200b6
00dd00bb
007d008e
00a70098
00aa0087
008a00b0
008a00be
0096008f
00a800aa
008b0099
00a10091
00650069
00980051
0088007e
008d007a
0081006c
0070006e
00770088
00b9011e
00b800a3
00d6015b
00e100ba
00d300c9
00c100a8
00ce00f7
00d6011a
00ce00b2
00c100bb
007600ad
006b007f
007d0064
0067008d
007f0081
006e0066
008600e0
00be00d0
007500bd
00c20083
00b3007b
007f0085
00980078
00a500b5
00630065
00810066
00760097
009a0079
00760066
00720085
0077006d
006600af
00a2008e
0069007b
00790083
009800da
00760068
0086005d
00bd0070
007e008d
008700ab
0093005f
008e0097
0079005a
006c006f
007a006e
007b009b
005d005a
0087009f
00540061
005a00a3
006f0087
00540068
00550065
006d0063
00590067
0055007a
007a007d
006f008d
0079008b
00730089
005d008e
00730071
005b0075
00af0072
00920058
0073009a
00760092
00710067
00740082
007e0095
008a0089
00b3009f
004a007a
0061007f
0073009d
005a006c
0092007f
008e007d
00a2009b
00890059
006d008e
00850063
0073007a
00670072
00720078
0060006d
006a0074
00690055
00ad0060
00830087
00750093
00510069
00670055
004e0055
006b0054
00630049
0066007d
004b004b
0063005b
00450040
004b0052
00530051
004a0048
006100d2
00730069
006a007a
006f0051
0076008d
0069006b
007b00bf
007e0071
00840069
00780066
0091008a
00730089
0076009f
00790082
006d005b
008a008f
00c00092
00760085
0081006b
007f007e
006c0070
00870089
007f0085
00a200b8
008d005f
005c0071
0061006a
0083007e
008b0097
00900060
00770079
007a009a
0055004a
00860082
008d009d
007800a8
006f00b2
00820089
008a0083
00ad009a
00a800bd
00aa00d9
00af00cb
00d700d5
00a90095
00c700cf
00f200b2
00f500a3
00910071
00b300a3
007e00a2
0087009b
008b00c0
00970096
007d008c
008b0085
00750073
0082005d
0060009f
005f007f
0069006a
0079007a
008d008e
006a0053
00a600ba
00bb0098
00b800c0
00ad00bf
009a009a
008d0086
00910077
00840076
0069005f
00970083
005a005f
00860055
0079006e
00600065
0066006d
006f0066
009b00a6
0055006f
005e005b
00d30048
0063003f
0068008d
0070007c
004f006f
0063007b
0045008a
00650076
0072008e
0073006d
0078007b
0076006b
00ae006f
00950083
00d100c2
009500eb
00b1009e
007b00ca
008000ab
008b00af
00b7007a
008e009e
006a0066
00730064
00720068
0079005c
00bd00bb
009f0095
00700076
007200e5
00990062
005d005d
0087005b
00520061
00660091
005c007e
00610059
005b005b
00710066
0075008d
006300a0
00870085
0099005f
00b10095
009a0089
0082009d
005a0089
00670066
0098007a
005c006b
007b0091
004f005e
0071006c
00770096
0088007a
00c20084
00ce009b
00a100a0
00af0087
00ad00b6
00a0008b
00d300b5
00b9008e
00b800d5
00c900a9
00a200bf
00c30087
008e008a
00a80090
007e0050
008a0070
00730076
00810095
0093007c
005d009d
006c0081
007000ad
00850074
00830067
006f0062
0072006e
009d008c
00870076
009d006f
00a300a8
007b0091
007e008d
0097008a
009e006f
0092008a
00860074
0081007a
00c7008c
00ea010f
008c00af
00b100b3
00c300f8
00c700db
00d5009f
008e00da
00d800d3
0081005d
00850079
008600c8
00780077
00670072
009e00af
00a80096
0063008a
00720081
009b007e
009d0082
00c3008a
008e00aa
008b00a0
00c100a3
00ad0081
0099007a
005600a8
0086005e
0049004d
005d0056
008a006b
00690045
006e0058
0091006c
0073008c
00760074
0080009e
00980083
006e0077
006d0076
007e0092
00820051
0058009e
006e006b
006d0051
005f006d
00950076
00610066
00620061
00830062
007c0056
00860085
00910088
00730082
006d0071
006c0089
00850073
00770063
00720060
008a0073
00800079
0073006a
007b006f
006e008d
006b0067
007f008c
00670053
00630071
008a007d
007d009a
009d0093
00a00067
00850085
00ea0103
00e300c6
00e60150
00d700db
00bd00d9
00b300e3
00cb0102
00cd00e1
00d301b9
00a7009a
00dd00c6
01ab0083
00ca00a3
00ba00d5
00c500db
00a6011b
009e0093
00a00076
006800a7
00840092
00a90086
00800084
00a0009d
00930093
0084008e
008a008e
00980080
008c00a0
009f00b0
00a50099
00b200a9
00a50096
00550093
008d0056
00870069
00590079
009e007e
007a0073
005c008b
00790086
0051005f
00960083
006e0089
00850082
0082005d
00b1009a
0066007d
008a0075
00730067
00710076
00770085
00a6008e
0079008b
0075007f
009200a2
0072007b
006e0063
00e2005a
00730189
006b0072
00750072
0097006e
00a2006b
00660061
00bd0082
009a00a1
007b008d
0099009d
00a100af
00b10091
009900bd
008f0093
00660082
00790077
00860099
007200a9
007f0097
006300aa
007200a9
0093008e
00a7006b
007a008a
00950081
008b00a9
007e0080
009600aa
00780099
0098008f
006a006f
008a0069
00700089
0077008c
009e006f
005b0098
007b0075
005e0076
009d00c8
006b007b
00850091
0083005b
007a00b3
008f0074
00a00069
008a007d
006f0062
006b005a
0076005c
007d007b
0089007b
00690086
007d007f
006f006c
006d0055
00830082
007e005b
00710093
006e0071
0065006f
007a0088
009700ad
00aa009f
00b90081
00be00c3
008500b1
00ea00a1
00970086
009f00a0
008c007f
00bb00a7
004a0059
006900b7
008a0093
00750099
008b007e
007e00ab
009a0085
005d0071
008f005e
00580065
007d005d
007b0069
0092005a
0061008c
009700ad
006b006a
006c006e
007a0082
00700073
00710079
00740061
008d0087
007b006d
00c600cf
00970088
00c800d3
00c500d5
00c000a2
00ed00ca
00b800da
00ef00e9
00a9007b
0073006e
0070008d
00a1008a
009a009e
00740076
0089008e
006a006e
007f00af
007a007c
00890099
006a00a2
00830091
0070005a
008b00b0
008f00a9
0078008e
00650092
0075005f
006f0088
0064006d
00860062
0064007f
006a008d
00760086
006d0092
00790063
0077008a
0061009a
00750093
00860079
009d005e
008900cb
00740067
0092005d
0076008b
00890071
006d007c
007c007a
00ab009d
0091006d
006a004b
00820062
00750077
005f006a
009b0090
00820082
00b9007b
004f007e
0074006a
008e005f
008a006d
00a7007b
0063007e
00790087
0066008b
00670067
007f0079
006b008b
005b009a
006d0056
00750058
007500ad
006d0092
00ae0145
00540050
005d005d
006f007a
0051005a
0067006b
0063005b
006a0087
0086006d
005c006d
0065005f
00840084
00710069
0062007d
0071006c
0089007b
005f006f
00760058
00850085
00a3007b
0083009f
008d0084
00820070
0060007a
00860063
006e007e
00930062
006b0065
00650065
00620083
00560065
00570053
007700cd
0090007d
007d00a8
007c00a3
0074008d
007a0078
0091006e
008100d3
0082008e
009300c7
008c00a3
00b10081
00b80089
00ad00be
008700b7
009e0082
00900067
009b0067
006b0076
00a20081
00730087
006e007c
00890065
008a007b
00710057
00ae005d
0086007b
008b0093
00e5008e
00750084
009800ad
00be0085
006e0061
00a00076
00510075
006200a5
00830066
0067006a
0096006d
0059009e
008a006c
009b00c1
00b900d2
008700b0
008c007b
007b00d0
008a0084
00a90079
009000ab
006800ab
0082008d
0092007d
00b30066
008e006d
007b00a0
00be0076
008d0069
00c30082
00c70098
008f0076
00760089
00ae0095
0092009d
009e007e
008e007a
00710049
008a0073
006b006f
006d006f
00720097
006700aa
008b006f
00c60084
0085006f
00a70099
00ba00b8
00a00086
008b0098
00b600d1
00ad007b
006a0067
0071006b
00d2005d
00a3008c
00960074
008800ab
00660073
00600083
006a006d
00830086
00660075
0072005d
00700052
006c0063
006d005c
0054008f
007a0060
00730057
004e0061
005f0059
005d006d
004a004d
00580060
006b008a
00980075
008c0076
008b0077
00780074
0067007f
00660086
00970083
0099008a
00540072
005a0076
00850070
0090008d
007a0091
0082008d
006b0066
00990063
00ba0105
00a500af
00d600d5
00c900ee
00bb00cb
00c500b5
018500d8
00e100f1
00730086
007a005f
007c005f
008a0088
008f0082
007d0089
00890089
008a00b2
00680063
00b10087
007600a8
00560073
00780074
007f005a
008c006a
007f0081
00810086
00b6008d
00ba00ce
00960082
00b9007e
00c0008e
00b2007f
00ad0091
008a005e
009b008f
0099007d
0078007d
00af0090
006d0099
00a00089
009f008b
0058006d
00920069
005a007a
00610082
005c006a
0062009e
006e0054
0052006b
0072006f
00980080
00bd00a0
00760087
006e00b0
00850092
008a007d
00790091
00ed0117
00a800b1
00c80090
00bd00e5
00c200c6
00b600c5
00990111
00aa00a2
0073006b
00770098
005f006e
006b0083
005f0098
006f0070
00920076
006d007a
00690097
00610075
0082007a
007f0071
0072007b
00850077
007d0081
008a0089
00620084
007d0097
0066004d
007b0065
0066009f
007e0063
0073008b
00860078
0079005e
00850092
007900a6
0085006f
00850070
00820087
007b0066
00760090
0085005a
0086006f
00800079
006e0069
0063007d
0093007d
007f00a5
007e0076
007b0071
00650074
006b0082
008f0070
00820073
005e0062
00720097
00650065
00640075
005a0061
008f0092
00830092
0089008e
00660085
00a0006e
007300a8
008a0129
006e0096
0085006d
007b0065
00760087
0073007f
006f006f
0072009b
008d005f
00630053
0079007d
0074005f
0095005f
0061006d
00660099
008d007a
00c800d1
00aa007d
009700a8
009100b8
00bd00c1
009a00b5
008800a0
00a900c3
007a0067
006a007a
0096007b
008c0083
0092007d
007b006b
00790068
00810087
0092006f
006f00a0
00a30069
008e006a
00980062
0068006f
008a0073
0075006e
00770072
0076006b
0082008c
007f0082
008800d2
007e0093
008a0072
00960096
00990069
0092009d
00820096
008c0069
00ba008b
00840083
00ae0071
0082009a
0090007e
00a00084
005f0098
00bd0064
00660082
007e007b
009f0098
008f00a8
007f0080
0092006f
0072007e
00790079
00aa007d
0080006e
006f008f
008a0081
00a70067
00580055
006e0062
006b0063
00890083
005d0071
00790075
00640071
00a10098
005a006b
0073006e
008b0078
006d0065
006e0089
0069007b
008e008b
0095009f
00a7004a
00730088
0083006e
00830096
006e0061
008900a9
006f009d
00950089
009b008e
008a009a
009300a0
00a800c1
009200b9
00ba008d
0092009b
00870091
00630070
00970099
00960079
00780090
00990089
0088008b
0086006f
00d50150
007c007d
00b6008f
00a70074
0089005d
0098007b
00b00092
0081009a
0075008b
009b0081
0093009b
00a600ae
009e0075
00b800db
00c500a7
009b007a
008300e1
00bf00b0
00af008d
00a70092
00b1008b
009a00b1
00d900af
00b2008f
007a0070
005b00c3
0076006f
005e005e
00660057
007c0072
00740087
00890073
0096006a
009b008d
009e005f
0069007e
0090006f
009700aa
00920089
00a6009b
007500be
00ab0077
009700cb
00b800a7
00ab00a7
008f00a5
00960095
008500be
009602ae
005500af
006000a2
0051008f
00750061
00530041
00760061
00660069
007f0069
00a90067
00cb0096
00aa0092
00a6007b
00860072
00900084
008200a2
00700067
0097005a
00960093
008f007e
00ad00b2
00820093
00910089
0068009b
0073008c
006b0062
00760073
0095008f
00790075
00750082
00e000aa
00a0006b
00a50079
008b0064
006d008c
0083008f
00bd0076
00700078
008300b0
009d007e
00890081
00720056
00650066
007b0095
007d008d
008e0098
006f0093
00b3006a
00bd0097
00a90092
00e20106
024700cd
00c500b0
00bf00bb
00ba00a8
00da00b8
009300f7
00d900b0
00cb0097
009d00b0
00c7009d
00ff00c7
00bd00f5
00c800d6
00710071
006b0099
0089007d
0075007d
00850085
00890082
00760084
009f0065
0071005f
00aa0073
009f0059
007d0071
007b007d
0085006d
00770066
0067007b
014e0127
00e90120
00a700a1
00cf0097
00ea00a9
00b100c8
010600a7
013700ab
013500cb
009b00af
009a00cf
00d100e8
00b700e6
00a000c7
00c500a9
00ee00f6
00820079
00650065
006f005d
00860051
005f005d
0084008b
00570082
006e0070
007b0066
0064007f
00610071
006e0075
0079007f
007f007f
00820083
0098009f
0076007e
008f00a3
00950083
00a3007e
00a10097
008d0084
0083006b
00a30093
009700d3
0083006a
00890063
00870059
0061006c
00af0090
00a6007e
00a200a8
007f005e
007f0075
00810069
00a5009b
009d0100
00a3009b
00770089
00a00075
005e006a
0087007b
00a5007e
00a50083
00910071
00a50084
007d0066
005f006e
00650055
00790064
0073007a
00770097
0091008a
006d007b
009a0082
00710083
0071005e
00af0081
007f00bf
007f0099
007d0088
0086008a
00850095
006a0079
00690064
0066005c
0098006b
00700079
006e0082
00710074
007b0072
008300a8
0081006f
007a0080
00770084
0075007e
00a90065
0095007a
0073009d
0075006d
00570044
00570072
00720093
0098009f
00860083
0096008d
00720079
00a30092
006d0078
00570064
0066006a
007f00a7
006a008e
00a0008e
007a006b
007a0085
00fa0132
00bf009a
00e500a6
008b00ab
00a60095
00cd00f9
00cd00fd
0132010f
0082008b
0086007a
00bd0065
007e00a1
008c009e
008c00d7
00c10071
008b0085
00670098
0067007f
0077006d
00880091
00780081
006f0068
00720057
00a0008c
00690075
00810091
0073007c
00980099
008e006f
00a90091
00750071
009b007e
00bd0072
005d0056
006b0077
0073005e
00640080
006b0071
0078007b
006e008b
00c800e7
00d000c6
00c200ce
00c9008b
00b100ce
00aa00c0
008a00d5
00aa00ab
008a0091
006f009d
006f0057
00840089
00730092
00850070
00880085
007f0061
00770087
00570070
006f005b
005e0056
008d007b
00800057
0065007a
0086006b
008e00d0
006900b8
00670079
00610085
00810081
0070008c
00840085
007b007b
0066007b
00770067
008d0076
00780075
007a008f
008e0065
006f0077
00a10084
00930081
0099007d
006b0091
00890072
006e0064
00680089
007a0074
00820083
007e007b
007f0082
00870076
00860088
00a60097
008d0056
0077008a
00950092
00890075
00d00099
0089007e
0085006e
0072009a
008f009a
009b009b
0067007f
006b005c
00830076
00770086
008e0093
00810091
009d0096
00730074
00800084
005d0056
00930093
00af0076
006c00a7
00770092
00710078
00750093
0098009b
00d700a6
013e00f3
00bb008e
00b200ad
00c300ce
00b600d5
00cd00c1
00c300ef
00920099
00af008f
0072009b
006f008b
00890077
007e0095
008e00b2
008d00a0
005b005b
00570062
00920083
008d0087
0097008c
007d0071
0081007a
007d0082
0074005e
007500de
0070007c
006f0092
008f00ad
00900067
006b0076
00860076
0082007b
0086008e
00930087
008f007a
00920079
00820070
0071005f
00660085
0062006c
007000a2
007a0081
008f006b
00890085
007a008b
009700a0
009a008e
009d0078
008c0076
00870089
00af00a1
0079007f
00770097
00a7006d
00aa0076
00870063
00b2007d
007d00d2
00820087
00a60093
008b0093
0099007f
00c20082
006700b0
00a100a0
00c9008d
00b20098
00a8008f
00af009a
00ae0086
00b600ea
007e0060
0092007b
006b0069
00550069
0052004e
004a0051
00480052
0052005c
0076007a
008e009e
00680061
0064007c
00910055
007d0087
00bd0087
00ca0083
00870079
00a3007e
00b30083
007e009a
00b000a2
00d600b6
00950087
009500c6
00880065
0062007e
008e008e
00b6007c
00870086
00790069
008e008c
00710076
006d0070
005f005d
005a0066
00fd0063
0061005e
00590053
0059005a
00530052
008c005e
006a0050
007e006d
007d0081
00b50086
006b00ae
009d0069
009f008d
008c008a
00a80092
00910096
008d0069
007b0097
00b000a0
00a00082
00d70093
00c5009f
00ea00d3
007600c5
008300b0
008e00a2
00f800c8
00c900cd
00ae00cd
006d006f
00570076
006f0082
006b0077
006e0065
0085006f
007f0079
006f0068
0090006f
00b0007b
009d0087
009a00c7
00a2008a
009d009a
00bd00b6
008a00c0
00a80068
006f0065
00710066
006e0078
00530065
0077007e
0065006f
0067005d
00870076
006b0067
00970076
00aa0088
0082007f
0089008f
008b008b
00a500a8
009200d9
00650061
00950066
005d008c
005b004f
005e005c
00650062
00700075
00610066
006a006a
00720066
007d0081
00610076
0072005d
005b005c
00650079
0061006a
005a0082
0090009d
009e0081
00660073
005e0092
00ae008f
0086006a
00a80084
0088006d
00990082
00b7006e
00af00a7
00aa0066
009b0097
009800af
00ca00bf
00be007e
008300c0
00b500aa
00bd00ab
00ca00b1
00bf00ab
00b700a1
005e00a6
00630067
005e005d
003e005a
006f006a
00590051
007a0052
005a0055
00690071
00920082
006b008c
0070007e
006a0072
005f007d
006b0079
00780082
012e015b
012e009f
008200a6
009e009a
00ad00fa
00cb00d2
00e900c8
00c00106
006f0066
00510069
009e006b
00820062
0097005f
00850082
009a0092
009b009b
009d006b
008f006f
00720082
00a70086
00770071
00960080
00a200b0
009d0084
007401b7
00a2008b
0075008d
007a007d
00720089
0066007a
00790080
006a0083
006d0056
00bf0064
00930057
00a00077
007a0064
00860066
00910075
009200c8
0068006b
00760051
0082007b
00770072
00830075
0083005d
009a0081
008b0077
005b0062
00560054
00920065
00a2007d
008400ad
007e00a0
007200b0
00670085
00640055
00960071
007f009a
00710082
0086007c
00810084
00730084
0087008b
00a900b1
00d800de
00de00d0
010100e2
009a00f9
00b80109
00dd00e5
00cd00d7
0085008e
00620059
00680071
00890071
006a0084
00930071
0080009a
007a0093
005d0075
008c0082
0082006f
00740078
006b008f
0092008c
00980089
00b5008b
007e007c
00810057
00670092
005e008e
0083007b
0077008c
005f0058
00740063
00760077
0068006f
009f0073
009600c0
0079007c
0083009f
00a8009a
007e0095
006b006f
0086007e
008b00bd
00b60093
00dd006f
008e008a
008a0063
00990082
0076006f
007d007a
0077007f
00710073
00810090
00680079
0083006c
00720076
006b0076
00870089
0069007d
00980081
00740071
005e008e
00990071
00930083
00a2008a
0073006e
00770089
0089006b
00780086
0079006c
00810084
00920065
00760088
0092005d
00b00076
0091007c
008c0083
0096007a
0098008c
00890081
00740091
00a10083
007b00af
007e007d
007000a2
00ab0076
0091008e
009500a8
00a20083
008e00a2
00a7007d
00900092
00970085
00a200c2
009d00bb
007700a6
0067008a
006e0059
00710079
00850089
00760097
0089008f
00b800a7
009a007f
00800081
00890076
00700090
007c0096
00810076
0074007a
008600c1
00840093
0081007a
00750071
0075006d
007f0081
006e0086
00760075
00af006e
0085007d
00b2011d
00990096
00a900b7
00cf00ae
00c200bd
00d900d0
00b80132
010600d6
00580105
005f004d
00450052
005e0060
004f008b
0066005d
006a005b
004e0051
015e00d2
00a000f6
00a700cb
026500c0
00d800b7
00a000aa
00da0096
00d100c7
00690067
006b004f
00890072
00840089
0095006d
008f00a6
0085008d
007b007e
008d005f
005d0063
007a0076
00670092
0063006f
006b005f
0079005b
00600078
006b0092
007f005b
0091006a
009d0096
0091007f
006f0097
00830084
00950076
011e00ca
00ed00b8
00b100a7
010d00bf
00b90099
00a2009e
00da00cd
00cb00e7
008400a5
008a00a7
009d0095
009500a9
00850082
0096009e
0098009e
00b20077
008b0060
00840075
0089007c
00ae009a
0070007d
006c009f
00670079
00b30077
00780084
00990059
00720061
006b00b7
005d0078
008700a1
00950099
00930086
00b1006a
00820091
00780072
0068009f
0071008e
008d0089
00860075
007e007b
006e0073
006e0066
00950061
007e006f
006c009f
006a006b
005f005b
00670076
008f006f
006f0054
007e0092
00840091
006e00a9
008d009b
00920086
007700d2
00650067
009e0082
007d0081
008b008a
007f0077
00b10099
00820071
00820085
00a701f7
00c10066
0061006f
0051006e
00510057
00620047
00530063
005a006d
0099007c
008100b3
007900d9
006e0075
005d0069
0053004c
00670051
00510057
00920093
006e0055
007e0067
009b005a
0095007a
007a008e
006e0099
008b00b3
00770079
00970082
00650075
00920071
0091008f
00a20084
007a006a
006e0060
005f0087
00690068
0089008b
00910083
008e006f
008900b0
0060007e
00850076
0077007a
005a0063
00660059
009b0079
005f0092
00630068
00670059
007c0084
00880087
00710066
008b0067
00a800ae
00bd008f
0083007f
00aa0093
00b3007a
006e0075
00550093
00790075
0077005e
0075009b
006c007a
007b00ab
006b0079
0087006e
005e005f
006e007a
00a10066
00760084
0081007a
008d00a1
00880076
00720091
006b005c
0051006d
005f0090
0053007a
005d0056
00620050
0054005e
005e0067
0092006f
00800093
00720087
0075008e
007e00a0
007e0080
007a0075
00770077
00870084
007300b2
00830098
00800067
007e0086
006f007e
0076006e
0073006c
008b005e
00a3006a
00950088
006d008e
00830081
00830081
00790082
00620076
007500a9
0051008e
007a0076
00890059
0086005b
006d008a
006f006e
00c50110
00a900e2
00a300eb
010500b1
00d900ea
00de00df
010200c1
00e600fe
0099005b
0087006f
0096007c
00a3008d
00bb0072
0076008f
00930072
008d0085
00990068
0075007b
009b007f
00770089
007b0084
00b50079
00720082
007e0091
0075006e
006d0085
00810073
00b50071
007c0084
00730069
008f0076
007a0089
0063006a
007e0085
0083005e
006e0088
00760081
00690069
00660078
0071006f
00b30118
00c30084
005a005a
009d007f
00960063
00680062
0089007c
0098006d
0084005d
00530057
006a008a
00620077
008f005a
005f006d
00720056
00690068
00850062
00cb00a6
00b100de
007f0087
00b300cd
009e008d
00a7009e
009100ab
005c006a
0072005f
0077008f
007b00a2
006e0062
007d00a7
007f0089
007900a6
00a200a5
00fe008e
007600c2
00ba00a3
00d600af
009e00a7
00c500c8
00bf00b3
0070006b
0088007f
0088008a
008a007d
0078009a
008b0079
00890076
00760089
007b007f
006d0079
00570063
007a0077
008f006b
007d008a
0086007a
0064006b
00690068
00640065
006e0080
00980092
007a006a
00970084
00880083
0082007b
00c000b7
006f0062
008d0089
009e00b5
00820099
00a80073
00a200f3
00810090
00a2008b
008e008a
007400a9
0062006d
005a0066
008b0066
0050006c
006f006e
00d60169
014700bd
00a700a6
009300d3
00cd00b9
00c500d9
00e500b8
00a500eb
009a006f
00690071
008300a6
007e0066
00900073
00760073
0056008f
0074006e
00750081
00800092
006b0097
00630061
006a0054
005b005c
00560078
005e005f
00a30089
007d0093
008d0073
006c0079
0073006b
0089008b
009a0082
0073008a
009d008a
00970093
00a900b0
009d0092
00be00b9
00ad0092
00d500d1
009d00c1
00790061
00870092
0078009e
00bb00ba
00bb008f
00b800b1
009a00b3
008300ba
009b0095
0072006f
006b0086
00770092
00b6007c
00990078
00920076
007a0086
005d0067
00750063
00960080
009d00e1
009b00a5
008e0077
00750073
008a0076
00d60122
00b300b9
00be00f0
00b000d9
00f500a7
010f00d8
00a5011a
010e010e
00fd017b
00ef0089
00b100bd
0100011e
008c0093
00ba00f3
009a00be
00d800ba
0089006b
0059006a
0093005d
00780074
0092006e
007b0079
006e0093
008e0076
00b80137
00ce0091
00910132
00d300f7
00c200ce
00b600b6
012900c5
00c800cb
00c3007b
00b30077
007e0086
00a6008c
00b2009a
00b500a7
008700b8
009300be
00760058
006e0081
007f0056
0067009d
00980071
00810073
0087005a
0075006d
0120010b
00960100
009600b5
00d100c1
00d70118
00ae00b7
010b00c0
00da00d8
0057008f
005d0073
00a10083
005e0096
0091008a
00a6007e
00930076
0084007a
00a1008e
00710073
0085005f
007b008f
0086007b
00690077
009a008c
0064008f
00820086
0091006d
0063007f
0089006e
00a1006b
009a007c
007a0072
006e0087
009800c9
00a70091
0083008a
00a000ce
00c20066
0095008d
009d008a
00be00b6
00810086
00930075
009a0080
00a60078
00920095
009d007c
007d008a
00b10093
00ed00b6
009d00b0
009200bf
00b200ed
009200d3
00d300b5
00cd00dd
00bb00f7
0067004f
00670078
007f009e
007b00a6
00830098
00b6009d
0083006d
007d0086
009f00b0
00690055
007900a6
007a0085
007f0086
00680098
007e0080
00980093
0095007a
00820076
0079009e
009d0078
007b008d
00890084
006c0092
0073008d
007e0065
007c006c
00870082
00900097
00910093
00760091
0075008e
00a200a6
0085008a
007e004f
006b0075
006b0072
00790073
00800079
00890071
009300a1
008e0071
00790074
00a20076
006900a0
008c0079
00d10075
0072007b
008f008f
01b900a1
009100a1
009200c5
00a900c5
00ad00cd
013200d2
00c000fa
0112009e
00a30099
00a10055
007d0077
00930067
00650086
007e005d
007d0098
00a60067
009e00e1
00fb009b
00cf00a6
00bd00e8
00b000a5
007e00e3
00da00cd
010a00c6
00b600b0
010b0098
00a800c0
01030098
00c800d5
00dd00b6
00ca009a
008900d3
00c90103
00ce0109
00d800b8
00ff0095
00a800a5
00a800fd
00a900f9
00db00d9
00650072
0080006f
00990073
0080008b
00910096
007a0075
007c0070
005b0090
005a0058
007f0071
007e005d
0079006e
0065005f
006f006a
007b005d
00620062
01020111
0071006c
009b00be
008f0095
007300a1
00790061
0060006e
0053009b
00b100f0
01090105
00b200f2
008d00cb
00a5007b
00b600bd
00f200ce
00bb00b2
0057008a
008d0092
007100a6
00770087
00670062
0087007e
007e0085
006f00a3
007b00bd
0068006e
00a000bb
007800d1
007d0074
00920077
007a0083
00960096
0079008f
0073008b
00a30086
00830090
0088007d
00630091
00b5007f
00890092
00950062
0065006b
00970062
00a1007b
00790082
007d0085
00730067
0085008d
00880082
00a80093
00860097
008c008e
007d0086
0091007d
008b009a
00820076
006e0076
008a0057
0086007e
008e0095
00b0006e
006c007d
00700071
0082008b
00690082
00870059
0073006b
00690076
00b6005f
006e0061
008a0071
006e0075
006e0082
0074005b
00730066
005a0071
00790063
0072009e
006a0081
00a30072
00700076
00670067
00750063
007b0069
0089007a
006f0095
008a006f
00da0096
00830084
0071005a
00b0009e
00930098
00710065
007a0074
0077009f
0091008f
006b0076
00790082
005a005b
00830066
007b008b
006b0092
0086008a
007b0081
0082010f
0082007a
0062007e
00a20096
0079007f
0083008f
007d0092
007b0083
00840075
007f00aa
007f0063
006e006b
007a0059
007500a6
007b0085
00520051
0082007f
007e005e
0091007e
0095007d
00be00bf
009200c0
00ab0081
009a008d
0065005e
0076005f
00710092
008b008a
00920085
0061009e
0089008d
009e0061
007d005a
00640097
008700a6
00b70083
007b0081
0079008c
00730082
00730090
005e0076
00770091
0077007a
007b0078
006c0051
00650062
00610055
00760072
0084007b
007300a1
00950072
009e006e
008d0065
0080007e
00970077
00ae00c2
006d004f
0077007c
007b009b
009d0074
00820070
009d0077
007b0052
006d0099
009200b8
00b700c9
00780064
00820086
00a60086
009000a1
009f00b0
009e0091
00c0007f
00530056
007a007f
00a80087
00610061
00790079
00670076
007c009f
00770088
00650055
0090005d
00570071
006b0062
008a0093
0098007b
009f0099
00680059
0072005f
0062009d
009b0099
00970068
008000a0
008000a1
0083008a
0063007a
0062004e
007a0097
0077006d
00650076
00af00a6
007f006b
006d0081
007e009a
00870086
008900bf
00930083
00a200a7
00730092
008d0071
00a60087
008b0063
0091007f
006900a2
009500a0
00750066
0076005f
00ab0096
009b009d
0089007e
00910090
008200ba
0088008e
00c80085
008600c0
00ce008a
008d0083
008b0074
0084007b
00b20078
00900088
008d0081
0078007f
008b0069
00710092
0066008f
00740071
00920079
00760087
0089009d
007c006d
008e007b
0074007e
00540067
00790066
00670075
006e006f
005f006e
008c0074
006e00a6
00a10089
013000c8
00d500a7
00b100d9
00a900b5
00f1009f
00b300bf
00ce00e6
009600d9
013000df
010d00b3
009f0102
00a800c5
011a00dd
00b60078
011d00dd
010200a3
005f0079
0076005f
00740067
00700077
00720091
0080007f
00b20079
008e00be
0074006a
007b0080
007a0073
008a005b
0076007a
007e0063
00c20062
006c006b
005d009b
0067007f
008d0075
00870067
008a00a8
00730073
006f008e
0061007a
0084006d
0091005a
007d007f
00790099
0069008b
00710079
0083007a
008f0096
009100c0
0081005a
00740082
0083006f
00920091
009e0075
00a20088
009700c1
00b50097
0066006f
00790092
00b500a9
00660086
00770060
006d0085
00790063
00560081
00670058
008c006b
0091008f
007a006e
007e0087
00b60083
006f0082
00cb009a
009b00ca
00dd00ba
00d500ae
00b700f8
010000e5
00c800bf
00e300ad
0073007e
0096007f
005b0097
007d0070
009a007c
00890096
00770071
008f007a
0096006b
00790054
0099006c
007b006d
00a80081
007b0079
00830062
0086008c
006d0071
0089008d
0091007f
009f00a2
00a70088
007f0071
008a007a
006a0066
0069008f
0075009a
00610062
00690098
006e0079
0086006d
00650071
0090004d
007c005e
00670072
009a0075
007b0066
00750089
00a50062
00a10083
00a700be
00800061
007b0061
007b006a
00840075
007900a1
00840070
008a0092
0092007b
00a800d1
009e00aa
00b700e8
00a9014b
00b100a1
009f00df
00e200bf
00cd00bf
00780069
0077006d
007b0089
006f0073
0082005a
006f0095
00870081
0082008a
007c006c
00650068
00960079
006c0086
008e0071
0089007f
0086007e
00a10083
008f0080
0072005d
00790059
007d007a
007b008e
007a005b
006d0091
006f0065
0086007a
00750057
00710087
00590091
00620086
008a007a
0097008f
007d0081
0092007c
00b0005b
0074007a
0091008b
00760083
0097007d
007e009f
008e007a
00720069
005e0078
00be007f
006c00a1
009a0085
00850082
00570065
006e00a5
00a800a9
00980085
008300a6
0082006d
007c0056
00a9009f
0085009d
0077008f
0057004c
006a006a
0062008f
0081005e
007d006b
007a0076
006c0077
007d0081
0056005e
0066007e
007c0077
00830069
006b006b
00640099
006e0078
00540088
00a1008b
005b0099
007f0056
007600b1
00740098
007e0097
009a0086
008700c5
0067005f
00830056
0076006e
006c0076
006e0071
007200a9
00c80077
00670072
00740055
00820066
00820081
007700a8
0076007d
006c0086
007f0074
005e0076
0074006e
00750051
00da007d
009600ab
00b3007f
0098009b
009200a7
0086008e
006d007f
0064007a
007d00c0
007f0093
0083007a
00a1006d
007300a2
00890072
00a0007b
006a0065
0089008a
00a90082
0076007f
005d00a1
006d006f
0081006b
006f0066
00690079
0069006c
00650082
00980096
00630070
008a007d
008f0079
007d0089
0064006b
007300a8
006a0076
0079006d
00930083
00610079
0076008a
00bf0099
00a100b9
009e0087
00b900b3
009b008f
009a009a
00b100bb
00b100c6
006a0083
0066005d
0071007d
0072009b
00890079
007e0072
00bd007c
00b20099
007f0077
0072005e
0076006f
0089007d
00820070
005c0071
00730071
007a006e
00910071
007e0069
00810070
00a60089
006e00cb
007b006b
00b20087
00910098
0080006f
00960063
007c0068
00aa0074
006b008b
00aa006d
00860081
00810085
00af00b5
00c300a7
00ad00b2
008a00b8
00c200a8
00d700ba
00c100ae
009d00d8
004a008d
0087006f
006d008d
00ab00a2
00a10083
00650099
0081007b
0089007d
007e008b
00630062
00960059
0063008b
0087007a
0089006b
00a300a6
00830082
008b0079
0071005f
006e0078
008d0071
006b0089
00920078
006d0070
0072006d
007a0066
00880076
009a0090
007e005a
007400be
00750087
008c007a
00690070
012900d6
00a100d5
00d70120
00ce00a0
00cd00ee
00ad00ee
00c900e6
00df012b
00620051
005f007f
007300a3
00a00062
009a0078
007f0075
007700ab
00620091
00c60095
010e00b0
00de0098
00aa00a2
00d200a7
00b100cd
00a900b8
00c700a3
00620047
005d00a1
005a0063
00560050
005e005a
004b005c
0053005c
00770056
00ae0081
008700b5
00890087
008d0099
0088006e
008c008a
00a20092
007c0076
006a005c
007a006f
007b0082
00aa007e
006b0076
007500a3
0074006e
00670077
00610057
005f0057
007c005f
007f0085
00570074
008f006e
00990086
006d008d
00dd006e
008900e2
006d0071
006e0069
008f0082
00730077
0062005c
00670079
00620055
007e006e
0078005f
006b0087
008e0079
009a0077
00710083
0073007e
00630072
0099005e
0099007d
00d80081
0084007b
0081006e
009b008b
007e0071
00760072
0073005f
007d0095
008e0065
006e006e
006c0073
00a60095
0091008a
00bb0083
006d0064
007d0063
0056006f
00980081
008b009d
00770095
00a80095
00970081
006c0079
0062009f
006d0063
008a0084
00b0009a
00b800ff
00c100a2
006a00af
006d0080
00730075
005f00b2
007d008c
00870092
0086008a
008500b7
006e0083
00650090
00880070
00910075
00b200a8
005e006a
0079008d
00750081
007f008e
00a5008f
009000a2
008f0097
0092008b
009e00a5
00b500ae
008d00b2
00ad0099
00820095
0089007f
0066007f
00a500b8
008f0082
009e0091
00a8009a
00600056
00590075
0075005e
00720076
00790062
00680074
006c007c
00800091
007e006e
009a0097
00770077
005e0084
00740065
00810069
00580056
006f0077
00980054
0079005c
00710062
008f00ab
00aa00b6
009500bb
007e008a
00ad0074
00560067
005e007b
006e006e
00670067
007f0093
005f0075
005d00a5
00640056
006f0070
00c100a2
009a007e
008a00c3
00750098
008200d8
00760091
009b0099
006a00a0
00710077
006b0056
006b0069
00790083
0075005f
0071008c
00a00061
0073006f
00730069
009b0077
007f008b
00d90090
007f0069
00760098
0079008d
0091007a
00900063
006200a9
0085007a
0096007b
00850074
007f00a1
00710096
00750074
0091006e
00a8007e
008c0069
00830085
00ba00bd
00810099
00af008c
005a0076
00630067
00a90073
00a10089
0082008c
00650091
00610077
0079009a
00670064
00ad005f
006f0093
00710098
00710076
0062006d
006c0059
009f006f
007e005c
00730087
0096007a
006a0091
00950082
009100b1
009f009f
007e0099
006a006f
00b9005b
00cf00a7
0083006d
00740081
008f0085
00760085
00830099
00b100b3
006f00aa
009700bb
0096009f
009100a3
00b50095
0096009d
00a500b7
00da0125
00a50085
008600a0
00880082
008d0086
008400c9
009200a0
0083007f
00c80108
00af00d9
007a00d5
009d0135
00a70076
008d008f
009f00a1
009100b5
005a005f
007a006a
006e0074
007c0096
008b0081
00760096
008e006b
007f0077
0066007b
00690052
0072006e
0077006f
00b10083
00a200a8
006d00a5
00720075
007d005c
00820063
008a006a
00b2008e
00840092
007b00a3
0082007d
007f008d
00770127
009200a6
007f0084
0079006f
0080007f
006a006f
006d006b
009f0087
00650066
0065008c
008b0063
006700b7
009e0098
00d100b2
00960062
007b0083
00960147
005f006b
00d90060
004f0091
0089006e
00770081
00c7007e
008d007d
008e00b6
007a0077
007f0092
0082006d
00800083
007d007f
0078006c
009800a6
011100ba
00a800e2
00b800d1
00b600c9
008b00ed
00920092
00e700c5
0097008b
00760078
0074006f
006b006b
007c006d
007e0081
007000a2
0085007a
007d008a
00690071
00820064
007a005b
006a009b
0086008a
0089009e
00670085
0091006f
0076005f
006b007e
00590071
00730081
007c006b
007700b9
00910073
0078007b
005e0059
0067004b
00770075
0083008b
007f0061
008f007c
0091008d
00670079
008a0057
009d009f
00960061
0069008f
007400a3
00830099
009200b5
00c8007f
00830075
00790070
006e0080
008f0093
00890081
00a3008b
007400a1
0075007b
00e50155
00e800b6
00780179
008b00ea
009d0065
006e0060
0073006b
006d005d
00c000eb
00a6006f
008b0085
0091006c
00670098
009f0076
00810083
00be0082
0082005a
005a0077
007a007c
009d006d
00710057
00ad006f
008d0062
00660079
00710057
00690084
0077006a
008a0097
00980071
008d009b
006f006c
0097006b
006a0081
0086007a
00750089
007a009d
006a0071
00790092
007a0085
007a00aa
00a70063
00b80060
006e006a
007a0072
008e0071
0074007e
006d0086
006a005b
008b005d
0095006d
00980087
008a009a
00a7008d
009000a5
00ad007a
0078007e
0071007a
006f0066
008d0089
00990089
0076009d
007f007b
00840087
00790075
00b0007a
007c009f
0095008f
007a0072
0095009b
00920087
008d0079
006a0098
007b0067
005e0063
0079007b
0098009d
007900af
0088009a
007d007e
00790073
00770089
007b0088
007e0088
00930085
007200b2
00870086
0071007d
00aa007b
0067005f
006a0077
00b0007e
008a0093
0086008c
00a80095
00b10085
007b0082
0082006e
007f0078
00890071
005f007a
00660098
00750065
00640081
0076009f
00820068
008b005a
00cb0065
008d00a9
00a1006d
0077008e
00730073
0072008f
006e0072
0062006e
00520076
00770077
007a00a1
0088007f
008a0085
008e008b
00540062
0086005a
00a0010d
00a70073
00c5008a
0061007d
004e008a
00820090
007b0061
006f007f
00c70077
00b9009b
00c1009e
0065007d
00ad00ab
006e0089
0054006d
0089006a
005a0080
007b0080
00880085
00720074
009f008d
00820092
0069006d
005d00a7
00ae00a1
0066005a
006e0082
0081007b
0084008d
006f0087
006d0061
0082006e
008300b2
00990095
005c0075
00830061
008e008a
006f008a
0082009d
006d0064
00630060
006b0075
00540059
00900081
0097007f
006f0083
006e005f
00720077
00710083
005d007c
0076006b
0062008b
00770070
006a0062
01000142
008d00af
00b800ae
00d00116
00c600c6
00b100d0
00de00c2
00c000cd
0072005d
00600067
007d006a
0079006d
007f008d
00800085
007a0090
009200bb
009e004d
00860088
0075004b
004d0074
007d0047
005b0061
004d0066
004d0067
009200c2
005e007b
00650069
0076007a
0070009e
008c0074
00840063
007b0072
0082008a
005e0096
0063006a
0061006f
006b008e
0087009b
005a006a
00820065
006d0052
006b00c3
007a0053
006c0081
0092007b
00a20080
0099006e
009500b2
00680061
007b0073
00650078
00890087
007d008f
00860062
00920083
009b008b
008d0093
006e0069
00750079
00a20092
00a5008e
007100bd
007d0072
009e00c5
007f005e
005e006a
0068006d
007a007e
00930077
0065008c
00aa009b
00b90091
010100ca
00cf00c2
009e00ca
00a900d2
00e100e5
00f600a5
00a800ee
00e8013e
00960054
0083007d
00710089
008f005b
00750086
00890054
00830089
0095006b
009200c6
00a100b3
00a60089
008e00a5
00d000b1
01020085
008600c6
008600c6
005a0067
0063006c
008500b1
007800b0
0073008c
005d0069
0079007e
007f006f
00a50084
005d0071
0092009d
0098005e
00770083
009200b2
0088007f
007f008b
007a0093
0052005a
00760076
005e006f
00b90061
00790093
006d009a
00790089
00c70098
00ef011b
00ba0125
010500c6
00ba00c3
00cf00a7
00a500dd
00da00f1
00700095
006f0063
00a00082
0079007e
007f00a9
00850073
006d009d
00710083
006c0066
008f0082
00590086
008e0075
007a006a
0085006f
0069007d
006f0061
008c006b
007a0057
009a006e
00820085
009f0080
0096006e
007f0099
008f00a7
00820086
007c007c
007c0081
007d007b
006e0090
00d2007f
00bf00a7
009f0095
0073006e
007a007a
00a1009e
006c008d
006d0069
00ae007e
007a00a0
00960072
006a0093
005f0057
0097005d
0075008b
00880083
0075008e
00970078
006d006f
00e100d9
012300d2
00af00dd
00c600c1
00e500f3
00e0009d
010a00cb
00f6012e
00830051
00660065
0075005f
0092007b
00820087
0073007a
00990081
006f0069
009b0075
00920075
00900089
00770076
00600062
00aa0077
00820075
00730064
006e0066
006b006d
008c0095
00860087
006d0065
00a70098
00660095
0072007a
00890091
006e0088
0063006d
005f006c
0070006a
00ba0072
0063008e
00870081
00720096
009f008a
008100a2
00770080
00850063
0076009b
00870075
008f005e
00750052
006a0084
00810099
00820069
00a10086
009800ad
00ab007d
007f0088
00910086
006e009d
0093006a
00730079
007a00a7
008800ad
00720073
0079007d
008d007d
004c00a0
00860084
0078008d
006e0090
008f0079
00a6008a
00b20095
00890063
00830086
0077008b
0076008c
007d0088
007b007e
0072007b
00910082
00790071
007a006b
009d00c5
00740093
0088006e
00b60099
00b0006e
00960098
0076009a
009d0070
006d0085
0079007b
0086007b
00840071
00670062
0087007b
008f0070
00890052
009a0073
008200a5
00a1006d
00bf0092
0072008c
008a007b
006d0062
007e006e
0086007b
007a0079
007e00aa
0072006f
007b008c
0066006d
00b300a8
00780077
008b0073
008f00d2
009b008f
00a00081
00840082
008600ad
00a700bd
008d007b
006e00b5
0090007e
00b5006e
00d80072
009d0073
008a00a8
00c00088
00cf005d
0074005c
007d0067
0093006a
00910081
007a00a2
00760081
00a20079
00980061
00790092
0077006e
00960088
008700b2
007f00ca
009a00a1
00800073
00640079
008f005c
007b0092
0076007a
006b0090
00820083
0085008e
0075006e
00670045
00a5009d
007a0089
007f007e
008100a2
0080007a
00ab006a
00a30073
005b0055
007a006a
0075005d
00840081
008c0098
00860079
007d00b1
011a0105
0083008a
00b10099
009f0101
0129007a
00b8009b
00cd00a7
00c300a0
006d0095
009b009f
00930079
0095008b
008a009e
008600a2
007e007e
0083009a
006a004b
00890063
00870057
007f00b6
008f00ce
008f008d
006d006a
00970061
008b0056
00620056
00610073
0077008f
008a0074
006e006e
0066008b
005a0072
00f50135
00ae00ee
009600ba
007f00bd
006c0099
00aa0073
008a0082
008000af
006e005d
005a005f
00a500a6
00760078
00690089
00980085
008c00a1
00910061
007b0083
0086007e
0063006a
0076007f
008a0063
007d007b
0083006a
007e007e
00d30071
007200aa
00930069
0077008e
00ff0095
00720088
00a5007f
00730079
00710072
0066006a
005f0081
005e0054
006f0065
005500a0
00870062
00610076
0064004f
006d005f
00a2005e
006b006f
00730074
006000a2
009b0095
007a007e
00930066
0079006a
009e0073
008200af
008f009a
00b60079
007100a2
00990086
009e009e
007a008c
007e005e
008e0091
007b009b
009300a6
008e00db
008900a5
00750089
009700ba
007400b7
009a009f
00720090
00b3007e
00da0093
00700098
0055005b
00820076
00850067
007500b9
00760082
007d0086
007a0073
008d0072
005f0089
007f0072
00ab006a
008e0067
009200a3
009f0086
0082008f
00810096
00630052
0091007d
00800089
007d0080
006b00a0
0072008a
00630085
00810085
006a0081
0083006e
00620127
0086006f
005c00aa
00690079
00710077
00640073
00890070
008b006b
00770075
00660082
0076007a
00b50061
007000a0
00790092
007b0086
00960098
00a100f1
0072008f
00a000a3
00a500a8
009600a3
009200ab
00710086
008a007e
00a1006d
0072007a
009a009b
00a30067
00ab0072
008f009f
00920068
009f00a5
009200b5
008200a9
008e0087
007b00af
00790069
007f008d
00890082
00a60053
008b0077
00a80092
00680081
006b007b
008a00b0
0091009f
007a0076
00780067
0075009e
00810079
0063007b
00610082
006a008c
004b008a
008c0093
0069006a
0087006b
00770078
006e00be
007c0099
0082006e
006b008b
00bf00b6
00bd00bf
00cd00ad
00b700af
00a000b2
00b6009a
00b30090
00b7009e
0085004e
007a007e
0097005b
008c008d
0091008b
0088007a
009200a5
008d008d
0075005f
00590067
0098005e
0087008a
008d009d
008b0069
0083008b
00970082
00be009f
009a009e
00bf00eb
00b200b7
00f500a5
00da00b8
00a100b5
00db010f
0069009d
00830084
007f005b
007e0081
00750089
00860090
00ad0057
009b0064
007d00a2
0066006d
008b0093
00660061
0097007b
00670071
00700056
0081005d
00660056
006a0079
007b007d
005f0063
00a80086
00620077
0084007f
0063007f
0071007b
00aa0073
00920089
00810059
00690068
00910086
00770069
006e008b
006d0049
00980086
00660086
0078007f
00680070
005e005d
007e0076
0070006d
0081006b
006f0076
007f0075
009f0089
007d009d
00a2006e
006b008d
00a700a0
0061006f
00aa0064
0064005d
00690081
006a0076
006a0071
006d0081
00a2006e
00890068
00700073
00720075
006e006b
00720097
0073006e
0060007f
00630057
0086007f
008e0083
008a0092
00720089
00720083
00850066
00670069
00b500a2
00a20069
00690053
00b2007b
0079008d
00910093
008e0097
00630077
008700a7
00a20077
00730084
00720051
0083008d
006a008f
0079006d
00750076
008a007f
00ab009e
006b0067
0071008d
00a80063
008e0070
0089007c
0086008c
007700a3
00870081
007c0096
00af0095
00950093
00b9008a
0087009f
007d007b
00970059
007b008a
009700a8
00a80078
0081009a
008c00b0
0074007e
00a800b9
0074009d
00b3008c
00710080
009800c6
00860091
00b900a1
009e00cd
00a200a2
00a8007b
010200db
0089008f
00bf00c3
00a300bf
00d500b9
016b00aa
00a000db
00da00d9
00860069
006b006a
00a5007a
007f006a
008e007b
0085007a
0079008d
00740075
00a60071
00730068
0074007f
00b30087
0076008d
008d0087
009d0065
006f0067
008b00a0
00590085
007e0093
00730072
007d0076
0095006f
009d0075
0085006c
008f0075
0085007f
0081007c
008c008b
007e0093
0085008a
008e0079
00a90085
005b005d
005f0066
0073006b
00a8008c
00830099
008a0072
00850076
00920087
00d000fa
00b700d8
00f70110
012900df
011d00e1
00da00ab
00c900fd
00cb0097
00490082
0056005d
007000af
00880091
0077006e
0075006c
00a00076
0073006d
01390118
0082009e
008b0079
00870150
00d00092
00d3008f
013b00bd
008b00dd
005d008c
004c005f
00690061
006c0055
00640056
004e0049
004a006b
00740057
007600be
00730065
005e0065
006d0073
007d006c
006e0069
00840066
008f005d
00760082
00aa00b9
00a90095
0089007a
00a20092
00a500a7
007a009e
00c6008f
00a60082
0072004b
00720057
00850067
00980073
00af0072
008e007d
009b008d
00740066
008d007c
008f00c8
0084009a
008f00d5
009e00bd
008800ca
00b00084
0069007a
00740083
00980086
009500a9
0092009e
00d000bf
00920089
00a500e8
008a0056
005d005f
008d0093
006b007e
00930067
006d0093
00910065
0069009a
008b005e
00750060
00920070
0065007f
0085006a
007600a7
00b50069
007a0087
00660065
005f007b
00ba0091
006f008d
007e006e
00a90095
00730081
009a008c
00870098
0085008c
00710077
00a8009f
00760098
00830082
00950095
00ba00ae
00cb0067
0083007a
00770087
00930089
00740096
008600b9
00720096
0082008d
0081006f
005d0063
00840086
007e0067
00b20091
00650056
007b0072
00810086
0079007f
00a5007b
00890095
007c005f
007c0093
007d0081
007f0070
008e009b
00670064
006a006f
00720096
008e00a1
00880061
0079006a
0077008d
00700073
0073007d
0086005e
006f0086
00830086
00830075
0092006c
007f005b
0082007e
00a0006f
00830053
00a0009d
00710096
007a0097
007e0097
00710087
007d0079
00a0007a
00860077
00be007f
006f0068
00780098
0078007e
00950066
006e0077
00570077
007800b6
00920086
00b80086
00710091
00a300a2
00ad0083
00a700ae
0075006b
0063007f
008e0095
0085006d
00770077
008b008f
00790074
0071007a
008c008c
00c000aa
009600c1
008800b0
00a500a5
00aa009b
00990092
00aa00a1
00ca01a0
00d100ad
00bf00b0
00d60074
00cb0106
011100bf
00b00149
00c700c3
007e007b
00a30089
009600c8
00be0090
00a2009f
0086008c
0099007a
00a800cd
005b0073
00720052
008f006a
006c008e
00950072
006f0079
007d0065
0075009d
007d007a
005f0083
00850071
009a007e
0065005b
007b0077
0073009b
008d0073
00b500ba
00c800b3
00cd00a7
00d700b5
00ae00f8
00c900a9
00fb00c2
010200df
00750057
0082005e
008b008d
0097008a
00990092
009800a7
00a6008a
006b0075
00580066
00530081
0067007d
0077008a
00900071
0086006b
006f0073
0083006f
00870064
007e005a
008700a2
007e00a1
009b0084
00ab00aa
008d0099
008200a3
007d0118
0059007e
006d00a7
0050006a
0069005f
008e004d
0074006c
006d0063
0077007d
007f006b
006b0072
0059005f
0093007a
00780066
00890067
0082007b
0068005e
0070007e
006f0088
0093009b
009d006a
007b0053
00820072
006a0061
007a00ad
00830052
0097007e
0084007a
0092006a
007f0061
0067009b
009e007e
00750077
00700067
006d006e
005d008c
0071007d
00880068
006a0065
0063006d
00740060
00670057
006d0059
00670065
0061004f
00750072
007d0079
00870072
007f00c9
0059008c
00690072
008c0085
00830065
00680055
009f0067
007400a3
00840085
00b0007f
00a900b7
009f008e
00930082
00a20072
007c008f
0077007d
00520060
008d0075
008e0088
00850096
0083008f
00730082
00aa00a1
00750074
00650057
006b0065
005a0080
00890073
006a0077
007e0069
00710054
006c005e
006d005a
00780082
008e0073
008f0089
0088006c
008a0061
00840075
00ab005e
00900067
006e0072
008a00b1
00760083
00960086
006f0097
0085009e
007700a6
00fa00f1
00900098
00ca00de
00b700b7
00b000b9
00d100b8
00be0115
00e500ed
00e3010e
00b6008b
00cf00be
00aa00c0
00d100d3
00f800c7
010600ed
00e600ee
00a90065
006a0063
007b0095
00860073
00690081
009a0084
008b00a6
00950076
00c70155
00c00091
007a0150
009e010b
00b800cf
00ca00d0
00b700c9
00ca00f7
00720077
006a0082
00900071
00750070
00800075
007a0079
00860093
00a0006c
008e0082
0093008b
008100bf
00aa008b
00750098
009500a6
006c008a
0089008d
0076008b
00ae006e
007e006f
00760097
008100a7
007e0066
007a008d
006700aa
0077008e
00820078
00800075
00a60062
007d0097
007e007b
00b80080
0072007e
00a200ab
00bf00ae
00ca00b2
00a10093
00cd0089
00e8009f
00aa00ad
00cb0093
00a1004f
0059006b
00840077
0086009a
008f0089
00710081
00690077
006d006d
00980075
00650057
00690062
009700be
007c008d
007c008d
00a0007f
00740079
0066006e
008f008e
0096005f
007d006e
007a0072
0089008a
0073006d
00640069
00a800fb
00b200a1
009a00bf
0217009f
00d700a0
00a50095
00d100ed
00da00cb
006a0078
0071005e
00a70076
007f00a6
00ad006a
009a008a
007e0074
00760076
0069008a
00890079
00ad009b
00a20085
009700cf
00ad00a0
00990099
00b2006d
007d0068
0095006e
00790082
00b30082
00af0098
009b0090
005b0079
00790067
00b20086
00810088
00a6008a
00a800ce
0098009d
00b50077
00a1008d
008900a8
00ab0068
007f006b
00710065
0074007a
008b007a
009a0066
008b0081
007d00b0
00800098
008b00bf
00900097
00d000c7
00a100c9
00ca00a0
00a90093
00ba0095
008a0082
00b2005f
0086007e
00750086
00920082
00820081
00920075
00610089
00a00072
00800083
00bd0085
00c600a7
006c00b2
008d0082
00d600c0
009a00bd
0089009e
006a0088
00800055
007e007e
00610082
007a007f
008d0096
00be009d
00a80069
00760074
007e0077
0065008d
00900069
008a0082
00850099
0076008b
008d006b
00790089
006d008b
009d0082
00670085
00780083
006c0068
0076006b
0099008a
00930099
0098008b
006f0096
00890077
00ab00a6
00730083
0089009d
00860064
00b2006d
008e0076
0064008a
0093007e
0060008b
00980086
00ad0081
0070008d
008600a0
00a500aa
00b20083
00960071
00870082
008200b0
008700a5
008d008e
005a005b
00a7009e
00760072
007d0069
0072008b
00840097
007b0075
007c007b
00870064
00710086
00910085
008f006a
00710076
00830082
009d0083
007e0082
009b007d
007100a0
008b0088
00aa006b
0093007e
00890087
00930077
004b005f
00790071
00770066
007f008c
007a0077
00740079
006c005f
006a0083
0063006a
0071005a
005e008c
0079009a
008f008d
006e007c
007c005e
0093006a
00850073
00860076
006d0092
006c0089
0073007b
006e0097
00b5006a
008b0075
00b000db
007e00cf
0079008f
007e005d
006b0068
0073008f
0089007b
007100a9
00810059
00710081
004a005c
00620055
0064004a
00550066
004b003f
00560040
00550072
007b0089
00a3005e
0075008d
007200a1
0081006c
009b0092
00690074
00530072
00600061
009d0083
0079005b
006a007f
00950088
00950070
008f005b
00720055
009d0074
007b009b
0085007d
00950097
0080008b
0090008a
00830062
0081005d
00670069
00820075
00730070
0093008a
0084007d
00730050
006f005f
00c100c2
009d00cb
00cb00c8
00de00a7
00d500af
00c800b7
00e900c1
010500df
0079005d
0076008f
006d0096
00a9009e
00560095
00a10064
00990082
00650085
010500c0
00be0057
00ae00a6
00970118
00cd00b3
009f00ba
014000d9
00ba00b1
0070008d
00be00b0
00a3006c
007700aa
00ae006e
0097006d
008e006d
00800077
0058005e
009b007d
005f0067
006b006b
008200a2
007c0072
007d0079
008e0075
005b0061
009e0061
00870066
008a0078
009b007b
008f008b
008e0067
00970089
007f0075
007e006b
008700ae
00aa008d
00e30096
00d600bd
00990098
00a9009d
00900089
007c007f
007b007c
00ba006e
007a0091
0086008f
008700a9
00a8008f
00720088
007a0053
007f0099
008a0096
0096007e
00730077
007f006a
008b0071
0071005e
0087005d
00810089
009a006d
007c0063
0066007b
00860089
00910075
009a0100
006c008d
005e00aa
0060005e
00ab006f
00770076
006f00be
006b00b2
00770082
007b0083
00930069
00770085
0081006d
0072009e
00c6008f
00830085
00c6008f
00600081
0063007a
0062007d
00790083
0075009a
008f0092
009a0099
006a0055
0059005f
0072008e
0073007b
00a70085
0073007b
00760052
005e00a2
008e006f
007b0097
0089008f
009b0093
0096007f
009e0076
007e00c3
008d0081
00820076
00980092
007c008b
00a100c3
008f0070
00b30085
006e00a6
008a008b
00830081
009600a2
00820165
008d0068
0087005f
006b009b
00770085
006d0067
007e0090
00670086
0095008b
0085007b
008f0071
007d006d
007b00b3
00770087
006e0056
0071006e
007e0069
00830069
00930099
008f008d
0070008a
007d006d
006a0063
008c006d
00820085
006f0093
00790085
00950096
00a30063
005f007d
0065008d
006e0087
007e0089
0092007d
005d008b
00850053
009f009d
0081006f
008a0097
007b0075
00b00085
00aa0091
00850080
006f0096
00720082
00770077
006f0085
00750083
011300a5
009f0089
00830064
00850098
006d0093
009d0060
0076005e
006a0069
00720084
009f009b
00770081
0079009d
00800063
0076007e
00850084
005d006a
01370092
0078007f
007c007a
0091008a
008d008f
00860088
00cd00b3
00d100b1
00fa00a6
00be00bf
00a000b6
00a800ab
00e100b9
00a000c1
00820063
00980068
00a8006e
00930085
007600a3
00850086
00780074
006d007f
00a00059
007f0099
006e0062
0082006b
00820091
0079006e
00a30079
008e007c
006e007d
00850063
008700b0
00af0084
007900ae
0099009e
00a30085
005e0095
006f0089
005f009d
0072006d
00870074
00840082
00620075
00ce0096
008c0088
009d0081
008e0081
009300cd
009800d2
00950096
00f6009f
00b200ba
008f00a6
0072007a
0092007f
009800a1
00790083
008b008b
007900ad
0093005e
007a0086
0092006e
00980092
00a7008f
009b00ad
00a1007c
009a0090
009e0072
00aa0092
00810084
0086006a
007500b7
00820093
00a9007a
0081009a
0098006e
009a0099
00830064
006d0079
00870065
00a6007b
008900a0
009a006e
00860093
0071008d
00950077
0076008f
00560093
00650081
009d009b
00970071
00770093
007d008b
00980072
008d007b
007a007d
0093007d
00970088
007b009a
009b0083
00ab00af
00a800f7
0066006d
008b006c
008d00a5
008a0099
008d0069
00b10086
00820076
0093005b
007f0081
007c0092
00810082
0061006a
006f0066
00770072
005a0060
00610072
0069006f
00890072
0079008c
00720085
009b0089
00890084
009d0085
008d007a
00950055
007c005f
007b005c
009a0093
007a0082
00710071
006b0073
00690086
0085005a
008e008b
00950076
0083007c
00960093
008a0093
008e0061
00720062
00860077
0066006d
00a20074
00b90097
009e009b
006e008b
007e0096
00710074
0070008f
0079006a
007e0070
00770083
008b0079
0063005d
005d006e
007d0089
00a30073
00930072
0077009a
00750093
0076007f
00730066
0079007b
008a007d
006f0085
0073008b
00820085
008e0069
005b0072
00640078
00710066
0069008f
00a300a1
00b0007b
0083008e
00a90078
007f0079
007e0077
0078006c
00570075
00720077
00810082
007500b7
007e0080
0091006d
006e007a
00720095
007900a2
00a60092
009e0080
00a2008b
005f0085
00950063
00970073
009d0075
00a20098
00660074
00890084
009e00a0
008f009a
00b200be
0082008f
008c0084
0075007b
0099007a
00e50077
008a00bf
009d0089
00a2009d
00a200a0
009a00a0
005a006a
00870065
00990086
007c00cb
0079009d
0086007e
0077005a
0073009f
007a005f
0083006a
00790069
006a0091
00910089
00640093
0090006e
00870068
005a0070
009a0071
009b008e
00be0099
00970082
008100a8
007200a9
006100ae
00760091
007a0057
0066008b
007e007a
00830092
0077006b
0088005e
006e007a
008300d2
00a0006f
0098008e
00b200a5
00aa0096
00b000b5
008c00ab
00c90093
00660069
007e006f
00a00078
007b0065
0089007b
007f007a
008700af
00890080
00bb005a
00630081
007200ae
00d10086
008d0082
00a6007f
00aa00c6
00a90083
009d0096
011100b2
0092013e
00a900a7
00850095
008800a0
00950080
00ba00bf
00700065
0059006a
007d0071
008f0088
0095006a
006b0083
006a0081
00a20062
00770059
00780076
00a3007e
008200b5
00710068
00910085
0081006d
0069007a
0083005c
006b0073
00710081
0073006c
005f008a
008e0083
007b006d
006b0097
005d0069
00880066
006b0082
007a00e8
006b006b
006e0075
0084007a
00710067
00730065
0070005e
006a006f
007a0076
007d006e
00790084
00760072
00550076
00550082
0085008c
00430053
005f004e
00460048
00610057
004f003d
004f0044
006e006b
00660096
00700068
008a008e
009b0076
0066008d
0071006d
007b006c
0086005d
00680066
0078007d
006f006b
008d0086
0082006d
00890085
009d0073
00a30089
00960097
009a00aa
00a300a2
00c100a3
00b900b5
009700e3
0072007d
00a200a1
00b600f0
009a00ae
0096009e
00a000a3
00a600a0
00b9008f
009800c7
0085006a
0057007e
008c008c
0097008d
008200a6
0092006d
00c2008f
00890070
006b009a
007a0074
009d0096
007d0076
00680097
00a3006d
007d0075
0063006b
00520074
008a005b
008a0088
008b0088
009100a7
007900a0
00980073
009a0085
007d004a
00920062
0062007b
00820082
0081008a
006b007f
006b007d
00840064
009300d5
00750042
0087005b
00710061
008a0061
00b80071
006f006d
006a0085
00f600cb
00d10092
00e000d2
00d800f8
00d800dd
013500cb
00d700fa
011700c1
00cb00f1
00b000af
00d700de
00e900de
00bb00d6
01470102
00bd00b6
00d200bb
007600a2
00850086
007b00b2
0078009e
007600b3
00a800a9
00980078
00790089
00760059
007a007d
009e0080
00770084
008e0071
00a100a0
00b30083
006a00a5
0073005f
007d0079
00990083
00660091
009300a2
00b100a7
008e0091
00860086
007d007c
0059006b
00730071
007d0085
009e0087
008200a3
00af0096
007e006b
0097007f
009f0097
00ab008d
00a900b5
008500c2
00a8008e
005d00a6
007f007a
00680046
00950051
0093008e
008b0075
006b0096
008600aa
008700d1
009e0077
00a0007a
00890077
00620084
009d00c1
00850098
0089008e
00930087
009e009a
00de00ce
00b50092
00f10172
00f900b3
00b100f5
00a100a8
00e800f8
010800be
00ab00aa
009f0092
00a600c0
00da00b7
007a008e
009f00b8
00b90095
00be00a8
00780099
007c0087
00b5008e
00a100aa
008f0088
008900b5
006d008b
009100b3
00a70087
008a009d
00ad009d
007e0085
009a00a2
008d00bf
00d50083
008b0097
00950086
008f00ab
00bf006f
00930079
00af009e
00a600af
009300be
00a90087
00780066
0052007d
008e0070
0098007f
00670089
00810068
00890068
006d0086
0092006f
007c0069
008c00a5
00730091
006a0081
007d0064
006b0087
0078007e
00ad0099
0085009e
00b9007a
00810092
00990095
00710070
00a600a1
0092007e
00690070
0042005d
006a0062
00ad0059
005e0073
00650051
0073007d
005d0073
00850069
006b0078
00ab0087
009f009a
009e00b9
009b00aa
008d0097
007f00ff
0070005b
00920057
00760082
00760099
00bd0071
0076006d
0098008b
007f0082
009b00c3
00a00115
009b00cb
00a3009d
00ee00b1
00af009d
00fa00ff
00d800c8
008900a7
009700ca
00c2009b
00db00a1
008a00a8
00a700d7
00a9009a
009100ab
0095005f
007100a2
006d0071
006f0066
006e0081
00870073
0075008a
008d0095
00a30072
007a0083
00910089
00bd0082
00820095
00b50075
008900b0
009e008c
009b008d
00890075
00900066
00900089
008d00a2
007400ca
00810093
00a2008d
00a800a7
009300ba
00aa00b5
00910083
00b200bb
00b300be
010600b9
00af0087
006d0067
006b0056
0073007e
00a700b6
00b9007f
005e00a0
0074006f
00870089
00de0089
008500cd
00920091
0086008c
007f00b1
00920097
00840096
009200ce
0082008e
0087005f
008200b8
009900b3
007b0087
008d009a
0077008e
00a2008f
0072006a
007c008c
009e0088
009b00ad
00ba0081
009a009a
0076008d
009b0070
0099009a
00900066
0071009d
006e0081
008b00c5
00a00082
008e007f
0095007b
007a007a
009b0085
008b0091
009a007f
006b0099
00670075
00750067
0059007f
009a0061
00550051
00710071
008a0089
006b0076
0085008a
00690072
00610095
005f0061
005f005c
00810099
008b0073
006d007f
007d0085
0090009b
0079004e
00860067
007c005d
005d0091
00830082
00860087
009e00b1
00920085
00a500a7
009f0060
006a004d
00690073
0065008a
008900b6
00ae0077
0085007f
00820081
007f006d
0082008b
006d008d
00750087
00760076
00870077
00630072
007700a7
00770058
0085007c
0098006d
0076009d
007c0084
008600a7
007a0093
00b10080
006d007e
00670067
00760068
006b0089
00a3007c
00740070
006c0071
0067006b
008a009f
00da00cf
008500a2
015700b3
00ad00c5
0098008c
00ad008e
009900de
010200a5
00cb00ba
00e700ca
00f30103
00a000d6
00c300b6
00b60106
00f900ed
005e0085
006f00a7
006e0076
0089008b
006a0061
005e006e
007a0069
0055007b
0072008e
00780059
008f006d
0086007b
008b0071
006b0080
00790066
007a0076
007a0058
00760063
0077007e
00ae0079
008200b0
00780097
007a0062
007f009e
00750062
009d006a
00a00083
009700ae
00b30084
007b0079
00720077
007a006d
00a1007a
00790057
00650087
0073007b
007e009a
009000b1
00e60089
00af00a5
00fa0118
00d700b8
00df00c2
00b100b8
009000c8
00c300ea
00b900e0
00d00100
005b005a
007b005e
00720066
007d00a0
00a20069
0095006a
006d0080
008e0066
00760079
005d0055
00790075
00960082
007b007f
008900a2
00d0006b
00730082
007e0095
00910072
006b006e
006a0087
0089007b
009d008f
00bb0076
0076008b
007a008d
0086006a
007c0073
006f0098
0069007b
0079006d
00650075
00890080
00760053
0087005f
0096007c
00a30092
008e008f
0074008d
008000b0
0075008f
00660067
008a006f
00640075
0066008e
007b0062
0082008a
006b0076
0061008a
006c005a
00710076
0071008b
00a20078
00a500b3
0087006f
00960097
00730089
0056004e
007b0076
007d0085
0070007a
00670072
0065004f
00690076
0062004f
008a008f
00630089
006b0063
00950072
00790052
006c0092
008e006b
007f0079
00c100d1
009100e7
00cd0083
00da00a6
00c100db
010600e1
00d100f0
00eb00c1
006f0076
00620058
0062006e
0069006f
00770069
00980053
00570077
004d0071
013700e6
009d00b5
00b50106
009700b0
00d800df
00e600d0
00c000ee
00fd00cd
00640086
007b007d
0095007a
0086007b
00900074
007b007a
00cd0093
00800081
00720069
00870067
00b7008b
009700a2
008300b1
00a70087
007b007e
006d008c
008900a6
007f006d
00e200a6
00aa008f
00870092
007f00b5
009500a0
00850089
00590066
00a50067
0087009e
007c0083
007600ae
00810085
006a0088
00650091
005d0069
006c00ab
00a1008f
00760081
007e0078
00750069
009a0097
00870075
0060007f
007b005a
009f006d
00a00081
00830066
00760080
006f0081
00760073
0170016b
00a800cd
00b0009a
00a80095
009900b9
00e700b8
00f10105
009e00a1
006e0071
008b0073
00980076
008700a2
007e0088
008a00a1
008d007e
00a20089
008b00bb
00ab008b
005e0074
00730089
009f007c
009b0091
00bb0081
00ad0091
00680081
006e0084
006d0066
00630071
007f0061
0069007d
0075006f
006c005b
007900b5
0064006a
006400c1
008f0077
00890097
00720082
007400aa
00b0008b
006f0090
0071007f
007000d6
007d0097
0076007c
00ad0084
0092007a
0066007e
00a0008d
00a2006e
009000aa
00b7009b
0096009e
007f00a9
00850086
009b0095
007b0074
007e0086
008a008f
008a007b
007e0095
00ab00a8
00730077
006d007a
008b0066
00670058
006e0072
00740086
007f007a
007e006e
00740098
00830082
00a80075
00b00092
009e0081
00c1009f
00910093
00bd00a2
009b0086
00910087
007e007d
008d0072
007b00aa
008f0087
00a1009d
007d008d
00680083
00790099
00a300e0
00a20087
00b300b5
00d80097
00db00a0
00a000be
00bb0098
00d800bd
00ba0087
00bd0082
008e00a1
00a0009b
0098009a
00880089
009d0084
00750071
00970059
007f0083
00850081
00630073
0071007b
00720081
005e0078
0071006e
01150192
009800f1
00c700db
011d009d
00a600e6
009a00af
00d800b6
00fe00b2
007b006d
008400a5
00760095
00bb0093
008f0099
007f0075
009a009e
00700095
00ae00e7
00cf010d
00a700a8
00a900e2
007800a2
00ae0097
00cf00fb
00c700f1
006b0071
006f008b
00a6006e
009e007c
007d008d
008300a1
0081007e
00710095
00730066
00690067
00720098
005c0092
00830083
00870072
00a00087
007b009a
00a800c9
00c3008b
0064008d
00890086
00850085
007d007a
006f005b
0073009f
00790095
007c0078
009300b7
00980097
0086008e
00900075
007d0086
00760089
008f0083
00970082
0085007d
00750087
007e006d
006c0088
00a60076
006b0073
0070006b
00960081
0086007e
008e00c3
009d00a0
00a600ab
0084007c
009800a5
00bf00a5
006a006b
006f007d
005f0076
00620086
00750085
007900a7
007b0089
006a005e
00810061
00710084
00b100a2
009f007b
00a0008b
009700ae
008b00d7
00630061
0077007a
007b0082
00b60083
007b0081
00970087
00aa008a
00700081
007f006c
00720074
00ad00a3
0077007d
006f006d
0076009a
00670077
00690078
007b005d
00790057
0089005d
008d00a0
00a10067
00910080
00610087
00920072
006f0077
00860088
007c007d
008b0077
00a00093
00ba0079
00a600cd
0062008a
007f0078
007c0076
00ad0076
0088006d
00880097
0098006f
008f009b
005b008d
006d0078
00760063
0065006d
0075005e
007b0083
00920066
006f008d
008a0071
006e005c
0070009a
009300b7
00980091
007f00f6
009f0081
00ae0083
00930086
0077004f
007e008f
006e0077
00650065
007d0080
006b0093
007a0091
00730085
00bd007a
009700ab
00a0009b
00a900a7
0099009a
00b20082
0085009e
00a700b7
00c700ed
009800b1
00af00ad
009a008c
00ba00c2
00d300b0
010800c7
00cf00c8
00b6006b
009a009b
00d300a3
00a6007e
009e00b5
00910099
009300b2
00ab00e8
006e006f
00a10071
007b0063
007c0079
0082007e
006700a8
00750093
00790093
00820065
009d00a2
006600be
0099009d
007d00a3
0071007f
0090006d
008700a7
0079007b
006e0085
006d0072
009f0070
008b0079
0076006b
007d008d
00820080
0073006e
006e006b
006e0077
0096006e
009b0076
005f0067
007100af
00b0008d
00a9006f
005d00a8
00780067
00750063
006e0071
0078005c
00870073
009d008e
00e300f7
00d700c3
00ab00d9
00be00fb
00ed00d5
00b500a2
00c000da
00b300e6
0062007e
005d006b
00630053
0079005f
0078007a
00660083
006c009f
00a8007d
005d0063
00a80075
0081007e
008e0075
007b008b
007e009d
0060007e
00a20081
008b0072
007e005e
00b2007d
00890091
008d0085
00cf00a2
00a00086
008f00c2
00780061
0083006a
00860071
0083008b
007700b2
00870079
00930091
00740097
008700b1
006b00a7
007f0067
00860081
0059008e
007c0082
0073005a
0069007d
0083008b
005d0070
00650079
00890065
007e0076
00810069
006e0075
0073005d
00ab005f
0063006a
009200a1
0083007f
007c007d
00710076
00a0007d
0085007b
00be0061
00800096
0074007a
007c00b9
007f0079
009800b2
009f006b
00a0007a
00970072
00740099
007b00f7
00860087
00810076
00890089
00810098
00850075
00c90089
00b80091
00de00c1
00a100d9
008e00ae
00950107
00ba0085
00e30090
013b010e
010800d1
00bb00c8
00c100f2
00a900aa
00d000ab
00ca00d0
00c00108
007a008a
007a00c3
006c00ae
00a70079
007d00ae
008b0097
00a9008d
00a00096
008f00b5
00bd007f
00770082
00f00087
00890080
006300bf
007e0081
0085008f
00720062
006a0082
00750075
0087007a
007d0085
00810069
007b0068
00810076
00760067
0089007a
00720079
008d0071
007f0093
00600086
0072006b
0066007d
009f0064
008f005b
006300b7
00740098
007300be
00850074
00850075
0069005e
00650061
00a10091
006e007f
00810075
00740069
00730063
007f006b
00770088
0072007f
00540075
00760075
0086007e
008e0065
007f0090
00980083
008100a8
0077005b
00770092
0083006f
0079005e
00b600db
00950093
007b007e
0073008a
006e006d
007a0072
00810061
007d0076
00910091
006d0072
006f009b
00700092
00630069
006d004f
009e007c
009a0071
00930072
00870066
005f0063
005d0089
00610062
00910072
009d0061
008d0079
00860062
00980091
0075008c
00aa0085
008a0195
00860073
006d008f
006a0061
006b006f
005f007d
009b0078
007b0076
00eb00bb
00d300af
00af0092
00ae008c
00b000bf
00db00cd
00d700d9
00a300bf
00b1007e
00a100a3
007500c1
008f00da
00ba00a8
00a100ae
0075008f
00a70096
0165016e
00e50117
00ba01de
009d00c0
00ad008d
00e300ad
009e00eb
00a900a3
0066005d
00650066
005f0060
005e0064
0066005d
00650071
008f0066
0067007b
00760074
006d007a
007e007e
00630060
00990095
00770096
0069007e
00bd0079
007a005c
009f0054
00930073
00f20095
00a7009f
0070007d
00990086
006c009a
00700069
00650091
008f00ba
00d70082
00ab00b5
00870099
00900083
009800ce
0076006d
00b80066
007a0098
00a100c0
008a00a1
00690081
006d007f
006d008c
00a20071
00c30095
00b100b0
0079009f
00b10083
008d0087
008200ca
00a300ab
008f0069
00960080
00650085
006d008b
00790099
0095009d
00790085
009f0089
00ad0097
008a007d
00a80089
009e0095
00e300ad
00d500ab
00b30093
00b000a6
00870062
005d007b
00510085
00780089
008d0081
00670071
006a0092
00840092
00720062
006c0086
00890095
007a00a1
00860091
00870092
00b600c9
00a30062
006a007f
00c600ad
00a0007f
00970073
008e0075
00830097
005f0092
009b0080
00e10127
00b600c3
00c200b7
00be0120
00c700b2
00bb00c6
00d200a2
00d100a1
007b0063
0068006f
005e005d
00870072
00680065
0073008d
00660098
0082008e
005e0053
009d0052
00970060
007d007e
00810073
007b0083
00760099
00840084
007a0086
008d0078
0065008e
008200a8
00b1008d
00a900a3
008600a9
009300bd
00ae009e
00670062
00870086
00c80095
00980097
00a500a1
00d000a9
00a90095
007d0081
008d008b
00600067
0059005e
006e005f
0054005c
0054005a
006e0060
00710074
0074005a
008f007f
00910065
00850071
007f0085
0068006e
00670072
00670062
009b0096
007f0099
00c90083
008d0093
00b500b6
00840095
008a00a3
00870061
0060006c
006e005a
0069007a
0099007e
00870080
00840092
00730095
008200e3
00830070
008100bb
00a5008a
00830082
0098006f
008c0087
008e00a8
0081009e
0098007f
008a008f
00a600a3
008c0077
00b00080
006f0076
008f007d
00e60118
00aa00c5
008b009b
00a500c5
00be00bf
00d100b3
00ad00d8
00fa00de
0066009e
009f0079
007e00c1
009600aa
0098009f
0084007f
008400ad
00910066
008d009f
00cd009f
007e0084
00920087
008500a0
008f00a0
008500c7
007f0087
0067004e
0065007d
007d006a
008f0091
0074007a
00a200a0
008f0083
007a0077
009e005e
00950086
0074008b
00a900eb
007b009b
007b0090
00810077
00790095
00af007f
00930061
00ad0077
00830095
006f0092
006300c8
006d009b
00920098
00eb0155
00b60092
00d000c7
00de00d7
00e100d2
010a0106
00c600f0
00df00b2
007c008b
00840078
00b0007b
00a60074
00750062
008a00cd
008e0093
0091006d
0080006a
00aa0087
0097009f
00730097
00a0008d
00900093
00860083
006700dd
00fb00d0
008d008f
00c600af
00a500ae
00b200b3
009a00e2
00a100c9
00e300f0
00e50075
00a700a9
008500a9
00c70067
00cb00c2
00930069
007900ca
00b100c2
00880061
00930095
0095008c
008f00a1
00c2009b
008c008f
008a00a8
008a0073
008b0077
007c006f
00740055
007e0076
009f007b
006b0071
0087008d
00a9008d
0087006b
00a70063
00c9008c
00800085
0086009e
00d90096
007f00ba
00750095
009b00c9
00b30092
00ca009e
00ae009a
009b00a3
009700c2
00af00a1
008e00a3
006e0057
006f008d
00830083
008b0079
007d0079
007f0089
007d009f
008b006d
006d008a
005e00b2
00710081
00650086
00620086
0063008d
007f0074
006100a2
00a2008a
00f000fa
007b00ae
00bf009f
00a60089
00ad00a0
00a700bf
00c10083
008e00c7
0061007e
0088008b
00760074
009d0076
00970084
00860073
006b007a
0076005f
00840063
007a00b6
00aa0075
00770071
00910073
00640071
00670060
00a7006e
007f0066
007c0099
008b00aa
00920085
00810074
008a009d
00ba00a2
00610060
0092007e
008900a3
009700a3
0073009b
007f008c
00820089
00a80074
011000bb
00fe00f2
00a700a3
00f900a8
00e700ba
00b900c2
00c20118
00d000fb
00770088
008d0081
008a007f
007a0099
009a0092
00960069
00810083
00750079
0070004b
00660055
00860067
007a00ab
006a0084
00990079
007b0093
007b0086
00610097
007a00cd
0083007b
0097008e
00a600a6
00880086
008b006c
0092008a
008d0072
009300be
008d0093
008e00a6
00d5009e
0083009a
00a900b5
00830073
0085007d
008e007d
00850062
008d007e
00870076
007d0075
0093007b
00810092
0077007d
00b20075
00a0007a
008f0083
00910082
008c00aa
00840079
00a900a9
008a0069
0082008b
00b00092
00ad008b
008d0086
009100a8
00b200a5
00aa0089
00d90105
00af00e2
01020106
00f70130
00fb0108
015e010b
00e000f7
00b00105
00de007c
00800091
00a2006d
00810082
008600a0
008b0084
0098009a
009200b6
008c007d
00790091
00e10092
009600c8
00aa008e
0085008f
00c3009a
00ae00a1
008f005a
009e0076
00950077
009500a8
0071009a
00740088
00960098
008f0078
005d006f
0069004f
00780075
0074006b
00610069
0079006e
007e0059
00850068
006f0070
00b50080
008400b0
009800a9
007d008a
007e0081
007b00ad
00a1008b
00690053
00730053
0054007e
0067005f
008f006a
00830069
00770059
007a008a
0087007b
008a0076
008700ae
00b600b7
0082009d
008100b2
008e00a2
009e0099
009800a6
00640076
00730062
007d0072
00690067
0079008d
0071006a
00970066
006d006a
0079004f
00a0008d
009b006f
008f007b
008d0077
007a009e
0073007f
00580087
00730077
009d008b
0071006f
006a0077
0082007f
00700071
007a0082
00620056
00750069
00980075
008d0066
0062007e
005e0063
0086005e
00660090
0081008d
0072006f
00780061
006b007a
00720069
007f00a2
006e0075
007e0059
008a0085
0097008a
00b90098
007b0082
008f00a6
008100f6
00850097
00930086
00870083
008500b9
00c700a5
00db0091
00c0009b
00e30091
008700bf
00b000ba
0059004b
0089005d
006f00b7
007200a5
006d006f
00ba0078
0079007f
007a007f
00700082
00880053
009d0062
009900a0
00960070
00920087
00b2008a
008e0098
006200a8
0080006a
0067009b
00770083
00690073
008e0071
00710066
006e0079
011300d3
010d00c1
009200bb
009800a8
00c600d1
00dd00cd
010300d2
00df00e3
006f006d
008b0077
00a50076
009600b8
00c300b1
009a0087
00b8009b
008300b3
00550066
00770070
0159006a
0072008d
006d0075
007b0063
0070006a
005d006e
00690092
00860096
0073006e
0063007e
006a0096
007d005f
00680061
0077005a
00830170
005a0061
006d0081
008f007d
0068006b
00830072
00590055
0086006a
0069009b
006d009a
009b0083
00ad0096
00bb00b2
007b007d
008a007c
00980081
0079005e
00820082
0088008f
009e00a5
00850071
0093007d
009900a3
008700b8
00750076
00870098
00850063
0082007d
00870076
0073006e
007d007e
008a0073
00750061
00660061
00770061
00730066
00a90059
00b30076
0093007f
008b0093
010f00e1
00da00ca
011000ba
00d700d8
00e700ff
014500de
00ff0119
00f500c9
00830087
00b9007c
008100a9
00b200d7
009600fb
00a50087
00c9009d
00b1006c
00f100ce
00a6008d
00e600b3
009f00d7
00ae00f6
00d10089
011600da
00d700d7
00950062
00770081
0066007b
008f0089
0093009e
009b0096
007d008d
00710089
008d00ea
00870063
00630067
00a20095
0079009f
00890071
00a00099
009f007e
0079008e
00890072
0086007f
00a9009f
009a0091
0089008d
008a0097
00a6009b
008e005d
00750082
00870071
00a20074
00750078
0089007e
0077006e
008c0081
00b60093
005c0093
00d9007a
008d007c
007800a8
007f0096
008d0083
008f008f
008b005e
007c004f
00750067
0071008e
0077008b
0069009a
009f006c
00a60079
0090005b
007c0078
0073007d
00a30099
008a009b
009600a5
00a300c0
009a0095
004f0092
006c0076
006c006b
0089006f
00760079
007f007d
0092007a
00a50071
005b0067
00720062
00790063
006f008e
0097007d
00690062
007a007a
00850075
007f0076
0069005a
009f009e
0084008b
009300bd
0079009d
009f00a6
0095008d
008d008b
007e00af
00bf0089
008700c5
00ab009b
00ad0097
008f00a2
0075008a
00790095
0076007e
00930071
00970092
00b30071
00aa0093
0070008f
006f00a2
009e008f
00900072
00750093
0081006b
006f007d
007a006f
00820092
00af0081
0085004f
008c0073
00bf008c
0099008e
00b30091
00d0008e
00d900d9
00820097
0069006b
00760068
00860097
006800b7
008b00a5
00910093
00a10083
009700a9
006e0068
00750064
0089008a
00b00081
00770088
0065006d
0069006a
008b0071
008d0075
00a6006d
00a500a3
00760070
00910082
008300a7
006a0082
006d0086
009a0093
008f00b0
00ad00b7
00a00099
00a20081
00b900bf
00d3009b
00af00ab
00810065
009a0071
00d10055
006a006f
00660067
008a0077
006b006d
005f005a
00760056
009e004e
00770069
00650079
008b009e
00800095
007a009b
006500aa
0066005d
0076007f
0071007c
006a007d
00900079
006b006d
00770096
00860085
00850063
00760067
00750078
006f0082
0097007d
00770078
00690082
00c50068
00630061
00810083
008a0076
006a0073
00950067
006000b3
007d007f
006c00ab
00580061
00660087
009b0081
006a006f
007d007d
00af00a1
007b0066
00700079
0079009f
009a0090
009300ae
00eb007c
009b009b
006f0082
00b5008a
009500aa
00560071
006d006a
00570075
008900a2
00c6007f
00750074
00870078
007d008d
0083006f
0057008a
00830070
008200aa
00a6008a
00730082
007e00d0
007e00a2
008d0092
008a0073
0079008e
0088008b
00c0008e
0092008b
00b100ba
00b200c5
007b0093
00720079
00a7008f
007f0085
007d00c8
00a200a3
00d20083
00a10099
005d0090
007e009f
009e0063
00750088
006c0085
0091006d
00620076
00960081
00a3007a
006b0071
008d006e
006a007a
006f006f
006d007d
00910079
006e006b
0066005d
005a0067
00720082
00a5009f
00760069
00900079
0077007b
00610065
00ce00e5
00ab00a2
00af00b7
00da009e
00f000b7
0125008d
00e000f2
010d00c0
014b00e0
00cd0112
009100fe
008e00a2
00be00b2
009200c0
00ea0108
00ad00c6
00920079
007c007d
00a20079
008300b0
00b000aa
007e0085
008700ab
009e00a3
00990074
008d004e
007c008e
0091007f
0098008e
00a80074
00770066
0071007b
0067006f
00600069
00860073
0093007a
0072007b
0082007b
007e007b
0088006a
00760089
0072006d
0082007d
00670098
00980093
00ab0083
00750081
00960091
008600a1
00920095
00b80082
00e1009f
009e0093
00a00081
00c700a1
0095009b
0089008a
009a0064
006c0076
00910067
008a0075
00870089
00800091
007e0071
006d005a
0076006c
0073005d
0083005b
00570065
006f0066
00770069
00520063
0079004e
008a009a
0084007e
008f00be
00960083
0073007d
008a00a2
00830090
006e0083
00830086
008c00c3
008a0073
00910093
00a500bd
006d0093
00a900ad
017500a7
00d000b3
00b90105
01210132
00ba009b
00da00c5
00f000aa
00da00b8
008d006e
0079004e
00ab0091
0097008a
00af009e
008a0083
00b600a3
00730095
00c9008a
009d009f
00b10099
00dd00af
00b500a5
00ad00ae
00b100ab
008e00b1
005e0092
00930079
00830075
0083006b
007b0070
0085007c
00ab006b
00a3008f
0081006b
006b0058
00d80056
00790090
007d006b
0081008d
00810073
00660082
00980053
006d0089
00860097
00670087
00820072
00750084
00960098
00710083
00770087
007a0082
009800a6
009100b6
00b10087
0095008c
00c00077
00cd008d
007700b1
008e0098
0076007e
00910093
009500a5
00a70083
009200b6
00c10086
00760079
007f007f
00d30095
009a006a
0084008c
00770075
00790067
00ab00a1
005a0065
005b005f
00890063
007500a9
007f0069
00850080
006b00ae
007900b0
007b008c
007c0083
0079008c
008d007a
007c008e
0093007c
0092008c
00a70079
009a0085
0083006f
00b900af
00b30078
008400b0
0081008b
00990098
00c000af
006f005b
006f005b
0081005d
0084006c
008700a8
00ad0072
008800b3
00710074
00710069
0072004a
007b006b
006d0079
00950081
005d0061
005d007a
00620083
00650056
0067006b
007f0067
0062005d
005a005b
00670069
0058008b
0067005b
00840087
00830071
00e90098
00960096
00e5008d
008f0083
0078009a
008b0083
011d011b
00b5009d
009600ef
00bf009e
011000b9
00c200e2
00f200a9
00b300e9
00af0089
0081007f
0060004e
00660069
00820077
0091008f
00770082
008f007b
0076009d
00660056
00760071
0093007f
008b0085
008f0073
00a2008a
00a700bf
0082006d
007e0077
00790067
00820085
00a70084
0082007e
0082006e
008a0083
006d006a
00b00066
007d0082
007b0079
0079007f
00b20099
00920095
007a0081
006f009a
007d007d
009e007e
007e0076
0081008d
00aa0082
00810074
0089008a
0073005d
006d0073
00be0072
006f0071
0083009a
00710073
00820095
007300c7
006d0069
00880072
008e008c
00650063
009a007e
007b007b
0057007a
008d0073
0078007f
00700089
0081008e
006d0080
008d007e
00670090
007e0073
00670096
007e0082
0071006f
007f0088
009b00bb
00830096
00c30097
008f00f1
00b200be
009500e3
00a60097
00aa00d6
00ae00ae
00aa00a5
00e10092
00b8009a
00b00093
00c60051
007f0095
0083009b
009d009f
00b5008e
009a0092
00a3007f
008d006c
0084007f
00770075
00be00be
009900a8
00900084
006f0089
008400a6
007a0083
00e600e7
00f90098
00ad00dd
00d600e5
00e000cf
00ef0095
00ba00f9
00e30122
00570062
00630075
00640063
00640055
007f005b
0079006f
0076007c
006d0043
0071007a
00920053
00960098
00a600b8
006a00bb
009b00aa
00850073
00840076
00760053
0071008f
00960070
00860085
00990071
0065008c
007b0090
0086007f
00620062
0072008b
005a0081
007e005b
0089007f
00890067
00760083
00660080
008a00a0
00a3006b
009d0073
008f006e
00d80071
00ad00ad
007b0099
008e009b
00a10089
00b8007f
006d007e
00c3009b
007a009f
00710092
00b30093
007b006a
00750098
00790072
0069007f
007e0062
005b006e
006f0082
005e0053
00760061
00be009d
008a006f
009a0079
00af00c9
00790099
009800f8
00790095
0095009e
00920079
00700097
00850084
007200a3
00a90089
009a0085
00810062
00730084
00a00059
006b0092
00790075
005e007e
0087006b
00810081
007d006c
00710070
006b0065
006a005b
0098007e
007a006d
0089007f
007f0099
00680065
0066005e
0082007a
006a006d
008100a0
0071007f
00990093
008f007d
006b0070
00980075
005b0051
006d007f
007e0087
006b0057
00910079
006a0083
0071006d
00690077
007100a0
00980088
00b30086
008c0088
00bd00c0
007a00a2
008200c6
008d00bb
00a700b0
0062005b
006200a5
004d006e
006e006e
0075007c
007d0068
007f0073
0072006d
00760077
007a0093
00810095
008a0081
0079008d
00720069
00700081
006a008b
00710052
009f009a
008e008e
0087008a
00a100af
00a00090
00b000be
00af0071
00cb0089
00c000e2
00730084
00950081
009500b5
00960071
00a5005a
0082007b
00b1006c
00620081
0073006e
008f007f
007e008d
008900a3
007a008c
00970085
00710065
00690063
0064006b
00650071
006c0078
005b0087
0067005a
00b6009b
00750073
00a90077
00a700a1
008b0089
00c900b0
007e0098
00900088
00890077
00b300bf
00720078
009f007f
009300b8
007e0082
0090007c
00820077
00620054
006f0091
0081006e
006d005f
0095008c
006b008b
004f0087
005e006a
00800086
0055006c
0083006f
009b0085
0089007f
00830072
0073007a
00820064
0081006a
007e007b
00660087
0070008a
00a1007b
0090008f
005b0083
0089008e
00930087
00b600d1
00ad00d8
007600a7
00ae0082
00eb0092
00930079
00920097
006e0062
00760097
008600a2
00900069
008d008f
0091007c
00b1007e
00730076
008f006b
011600ee
005600f0
0076005e
00650063
007c0062
00710062
00a80078
00830071
00980079
00a2008f
00bb0085
00a300c8
009800c3
00ab00a0
00a1009b
00760063
00a50073
0081006d
007f007f
007d007b
0066007e
00a9008f
00560065
00c100ad
00a20075
00ad009e
009300a7
00b000c6
00e9009f
008900aa
00a100b1
0074008e
0083007b
008b009f
00a3008e
009700aa
0087009b
008300be
00930087
008d00bb
0093007e
0087008e
0083008d
00b5009a
00c30096
00a000c7
008c009b
008b007b
006e0076
00850086
00870073
009e009b
00730069
00b00087
0074006e
00a90095
00ad007b
00920095
00f000dd
00b800c3
00ba00ee
008a00a8
00ca00aa
0075005c
00a70097
00ae00bd
008f008d
00be0092
009f0087
00c00078
00aa0093
00fa00a5
00c6009d
00bd00a0
007a00b2
00b800ca
00bf00be
011600a2
00bf00cf
007a0080
00790062
0087008f
007a0080
00860091
00b500a1
00730091
00780088
006f005d
004c006b
00610079
00650079
0075006d
007000a0
00760086
005f0075
00990051
008b0077
00a10075
008b0061
009f0083
007500b1
00610073
00830082
00650069
00b1006e
009f00b3
00830081
007b009b
00d70084
00970089
007d007e
006b0097
006b0073
0055005a
006d0054
0054006c
0077006b
0083007a
006d0083
00890061
0085004c
008c006d
00960072
00ab006a
00a0007b
00810084
006a0091
0077008b
00c10090
007b00ab
00a10093
00a10076
00bf0077
008e00a0
00bb007f
006e0069
0059007e
00610069
0088005b
00670078
008d0069
006e0069
00850053
00dd0075
00aa0087
0086008c
0088008a
00ae00a3
007e00cf
009900c2
0090008e
00c500a2
00aa0078
00a200be
00c200af
00c500a1
00b000dd
00e300d7
00b200da
0076005c
00860063
008d0082
0086006f
0072007f
0052006a
00620073
008a009d
00720072
0063007f
009600a8
00730080
00920076
007c0092
006300a1
0082008d
0079008e
00730077
00ab0089
007b0092
008e007a
00a20067
00870067
0082008e
00890077
008f007c
00660077
0097007b
00d80086
009600a9
007e009f
0081007f
008d0060
007d005d
0083007a
004f0067
00720081
00610071
00a8007b
008e0079
011a01f2
00b900b2
00d700d8
00b100cf
009800a3
00a900ca
00bd00ae
00ca00ba
0075004f
0089008a
00870062
00720073
00780090
00650091
009f0088
00b70076
006f0069
0084008a
00770055
0063006f
0069007b
006d008b
006f0055
007f0067
007a0065
00790077
00560092
00750073
00b10062
006d0069
00a1006c
0073006b
00760075
00670052
0092009b
00950093
008700c1
0067007e
0079007e
006a007e
006b0079
0145005f
0081005c
00750087
00a9007b
007f0090
00b300a2
009a008e
007a0087
00920090
00800093
00a7007e
0071007f
00860084
0075007c
00ba006a
006f005f
00a000a2
007e0087
0081008b
00840066
00830081
005f0059
0065008b
0071006d
00620085
007d0086
007e0092
008e0058
007b0095
006d0073
007e0087
005d004d
007d0067
0089006e
006a0069
0077006b
00820095
00760077
007e0071
007e005d
00b1007a
0071009a
008f008f
00810083
008900a8
008500a8
00bd0090
0070008a
00680068
00930066
007b0086
007b0083
0072007e
0070007b
0087007f
00da013e
009b007f
007f0068
00760061
00840057
00810062
008b006b
008c0086
00820065
0089009d
00a10087
008100ca
00a30082
00b300a0
008d0098
009f008b
00580050
00660057
00610076
00870076
00820078
0064005f
00830089
005f006e
00e60116
009300ca
00c6008c
00ca00e2
00c800c9
00c000af
00b300c1
00d5010e
0067005d
009f0062
007d0073
006d008b
007a0086
0096008a
008e006d
008b008f
00ae0069
00a30090
00880075
008a00bb
008d0088
009e005f
007e00b3
00b500ce
00cd00a8
00dd00a7
006d0076
006e0065
007b0062
0077005d
007b006d
0071008e
00660062
00780067
009f00a5
0085008a
007e007b
0077007a
0085008a
006d0081
00890089
00870087
008c008f
008700af
007900bd
008a008e
007b0076
009600a1
0080007e
0086006b
008600a1
00870091
00710083
00830091
00860095
0083009d
007d00a2
00910080
00a8007f
0072007b
009b00b7
00ae00a3
009e00c3
008b0083
00810066
009b008b
007d00b7
006100ad
00710090
00cb00a9
00c00099
00b000b5
00850085
00870045
00760098
008400a2
007d0056
007d00b9
00990084
00a500bb
00670081
009d0098
0083008b
0078008d
00a30070
009600a0
008600ae
0083009d
0061005d
00910073
006a006d
005b008e
0095008d
00a00077
0071009f
007e0090
005d008b
0067007a
00a50099
008d0082
00b00079
00a6008b
0075008e
00990086
008d009b
009b0093
006500a5
008b009e
0095009a
0087009a
00d900be
009f00a5
008f0083
00740051
007800aa
00900055
0062006b
00710070
00d00082
0081009a
006b006b
007f007c
0078005d
007e0062
00950061
0092007f
008b009b
0091008b
0072005a
00810092
00960077
0091008d
009800a5
00a3006b
00950076
00660086
008b00a6
00880063
0076005e
007e008d
0088007d
00930070
00810081
00a7009e
006e0068
008e0060
00a7008f
00920088
00980089
00a20073
00800077
00870089
006d0072
00860088
00a100bb
009e0089
00790080
00910084
00960096
00770086
00a90182
00a100bd
00be00a7
00bf007b
009b00d5
00730091
00b200d8
00a600a9
0087006c
00970078
00980097
00970085
00a10084
009b0085
00d200a0
00850079
005f00ea
0063004e
00930075
0087007c
007b0072
00760091
00850083
0072007f
00780069
00a3007a
00af00cf
008400a5
00a5009a
00af008e
00b000c0
009e0087
008b0055
0071008a
008e0079
0069005e
00720089
009700a9
007f0072
00810073
00630053
006f005a
005b006e
00560066
00ae0065
006f006e
00670075
00bd0077
007f0073
00680068
007e0066
006d008c
00760085
00a60058
006b007f
00700063
006b0097
0069007f
00900092
00a50083
008d0096
008f008c
00860073
00ae00b2
00980084
0077006a
00a20091
00a50093
0078008f
008a0098
009200a1
0081007c
008e007c
007a0087
008a007d
0086007f
00700069
00510091
00670064
007e005e
006e0068
007c006d
008a008a
006d006f
0084008a
00980092
00870085
008d009b
006b0092
008300a8
007c007c
00860079
00ad007a
00a20095
007a0079
0083008b
007e006b
0079008c
008300a0
00a5009e
007e006d
008c0075
006e0076
0092008d
0069005c
009b0076
00930065
007b0086
0072009b
006d008a
006300a0
005b005d
0079008a
0056006b
00760073
00880090
008c008d
008f0081
00830095
0086008f
00890085
009d008b
009f007c
008b00a9
009800a6
00af0085
00bf0087
009f007b
0092006f
006f007b
00650049
009e006a
006f006a
0063005b
00820072
00710073
010300ab
00f00117
00fa00e7
00a100df
010000ba
00d100c7
00e8013e
00d000e1
00ce011d
014500e5
00c70111
00f80127
00f000e3
011d00de
016200f8
00e000e9
00830073
006d0085
008c0072
0072007f
0067006b
0083007f
006e006b
00950071
009700c8
0053005e
004f00a7
00550070
00980055
00690085
00990070
00670088
0072006b
00650087
005d005e
00950072
00770093
0099007d
006f008e
008e0067
0056003e
0072006d
00710098
00860072
007e0095
006a008b
006b0070
009a0072
007a007e
009b006e
006f0081
00870096
00b1007f
007f007f
00710071
007b007c
00680047
007a0082
008300ad
0076007a
00b0008c
009e0072
007a007a
009b0081
00690083
0084006f
0083009d
0088009b
00a5007b
006f008c
00a8008b
006e0083
00aa0095
00ae0081
00b700b0
00bd00af
00af00be
009000a1
007d0084
008a00b8
00710079
00900082
00af0097
0072009a
00b500a6
00af0089
00a000ae
008d008b
0073005f
00750072
0091007f
00750099
009e0071
009b0083
00920085
008500d3
00700073
0087006d
008a0080
00870093
009700a2
009500be
00870098
009200a6
0063007d
0069006b
006f0076
005500ad
007d0082
0067008d
0083005d
007b006b
00730048
008a007f
0072008c
008b007a
0096007e
00800097
006a0073
00760075
00a30053
009200b3
00800096
00a600c3
00770088
0095007b
007d0083
008c0093
0089008b
00b100b3
007e0097
006b0058
00710073
00670056
00850076
00960076
00b000c0
00c100ea
011100d2
00da00ba
011500d2
00d600c2
00e000c1
00b80099
00b200e3
00bf00be
007300dd
00860092
0096009a
008e0098
0082008a
00950093
0093006b
006c0083
008f00a2
0083008a
00840066
00a00086
00d60086
00a00099
008b0078
00a00076
008f00bb
008700a2
007d007b
0092009d
008a008e
008700c1
006c008b
008b006e
009200b7
0070009d
008e00c0
00fd0076
0078009b
00920097
00830063
00bd00ab
008400a0
008e0082
007f00a2
00ae0096
007c00c3
009d007e
00b600a5
0087007f
00790093
00a100b3
00a10093
008300ae
008100bf
008300a3
005c006d
00690069
00770076
006b0068
0087006b
006a0072
005f005b
005f008b
005b0062
00960076
00a00089
00c800a3
007a0081
007f007d
008a0082
006c0076
007b0079
00660062
00c200aa
00790082
00b90078
00810081
009a00a7
00760065
00a50080
00b80076
00c700aa
007d00a2
009100c7
0095009e
00790082
008400c5
00790097
00e500d7
008600e6
00870088
00790084
006e0098
008a0072
007300aa
009b0069
00710071
00a10075
009f007b
00920085
00a90087
007b008e
00840071
0074007e
00ba009a
00730059
00640063
006d0045
005e0056
0073006f
006b0049
007a005b
00910095
009e00a1
008b0080
00ae00b8
0082007e
0086008a
008100a8
00750082
00640067
007f0062
00580073
0063006c
006e006b
00650084
005b005c
0075005a
008000b2
006d0085
006c0097
006e0087
006b0062
0096007e
00460061
007200a1
00990076
00720073
00bb0091
008d006d
00720079
0086009d
007d0081
00f200cb
01190107
00e100ce
010600ef
010a00dd
00ed00cf
00ce00e3
00e800a8
007b0095
00b80086
00e600aa
00810088
007d0092
007600b2
009e007f
007a0088
008e0064
006a0053
008e0076
00960089
0088007e
009d0086
008700af
009a007b
0098005a
00b6007b
0097006a
00b9007b
0099009b
00a600a2
00780084
00910092
008b00a5
00750071
0075007a
00710069
0089009a
0095006f
009d0093
0066008a
00aa0083
00680077
0087006b
006d0072
0065009f
008b007c
0082008e
00760056
00930070
00a0007c
00cf007b
00760099
007d00ae
009100a5
006e00a8
00850091
006f006e
00d600a0
00990075
008700a1
00b10072
00880098
009f0087
008b00c2
007b006c
005e006d
007b007f
008b009d
008d0082
00a50092
0096008d
008b0082
006c00d5
00a00057
0096009d
009900b3
00b20071
00680097
00a6009f
0099009e
007e005f
0082005e
00860093
00850078
00a20096
0111007c
00910091
00a90090
015e00c5
0085009b
00b5010f
00bd00ae
00b30095
00ad00a8
00f900bf
00d20152
0075006d
0063007e
006b0083
0076006d
008a0066
006e007d
007e008f
00730077
00b9008e
00a80052
008f00b2
00a50075
00a100b0
008d008d
00810072
00ae0089
007a0075
008f0080
00730066
007e0069
006a008e
00750089
008d0060
00830086
00950066
006e006a
006e007e
006500a0
007a008d
009900ab
00970071
006700c0
009d006b
00b6008d
008200b7
009e008f
008800af
00b700c6
00a60075
008f0072
00750079
005e0079
00a5007b
008e009f
00cd006f
00b5007d
005f0095
00750099
007e0071
00820069
00930076
008e0093
008200a3
0087007e
008b0086
00760076
00a000b6
00b000be
00cb00d9
00c500aa
00b900a9
00ca00ae
00b7009f
00a600c9
007e0056
009d00ca
00b5007f
00630092
00b10092
00b6009d
009700a0
007a00a8
007c009a
00970064
00aa008a
006e0082
00780079
00870084
0089007f
007100a6
00810056
009e0077
00980095
00d30086
00a1007d
00c200b1
00910110
00a10093
00890076
00bf00aa
00af0089
009300a5
009d00eb
00ab00be
008e0087
0095008d
008d0064
00890077
007a0066
006b009f
006a007f
007c0095
005f0064
006e0065
00dd00a8
01490100
00b900a3
00b600c8
00960091
009b0099
00e20095
00b10099
009800a7
00aa0076
008400af
008a0085
008e009d
009d008e
00a3008a
009800ca
005d005e
00810073
00830067
0078008a
008b006b
00970076
0089007f
008b0076
00670084
008a006b
00970069
0082008d
00be008d
00a80099
00b9008e
00880083
006e005b
0084006f
008000c3
009e008b
0086006f
007a0089
008c0067
00890071
00a10052
00700082
00b60095
007f006f
00a2007e
00780075
0069006b
00890078
005f0062
00710076
006d005b
007a0065
00750076
008c0077
0077008b
00840063
01a0010b
00b80099
00c70097
01170125
011d00c8
00bf00f6
00ab012e
00ed00e8
007b0076
009500a8
00ae0072
00a7008c
00920083
00900096
009a00a0
00e700b0
00790092
00a1006a
00740062
0076008a
00a50082
00b80082
0071008b
00990085
00a100c0
008b0081
00c000a7
00e600b9
00b000c3
008a00b1
00a60098
009700ae
0078007e
00770057
008500a2
00610078
00b800d3
006e008a
009e0085
00890073
007e0056
006d0065
00c10067
00830073
0077008f
008d007d
00620069
008a0081
0071008d
00800065
00a0009d
006f00a0
00bf00af
00b70093
00b80082
009f00a6
00760092
00820065
00960071
00820078
008d0089
00ab00b8
0086007a
009300a8
005b006d
0062006a
0095006a
00ad00b7
00a00091
0077005e
005f008d
00960082
009d0085
006d007f
00890086
0069006d
007e008d
0079009a
00c20070
0091008c
00d90089
008e00d7
006200b6
00810078
0087005e
007b00c9
006e006d
007a0062
00ff0160
008b00f6
00d500b3
008b00d6
010800cb
00e500f8
00d700bb
00d700c9
007a007a
00a5006e
007c00b3
0083008e
00ad0096
00740079
0088005a
00910084
006a0062
00610078
0076005e
00750081
005e0077
007b0070
00ae006d
009500a9
00450077
006b004c
0073006a
009d0061
005a0051
00710062
0067007e
0076005a
0088008d
007f0067
0083007a
007a0090
007d00b7
009e007a
00870062
00970099
00a500bb
00820097
008b00a1
0077007f
007c00c0
009b00a9
00650077
00af00a0
00780081
007b0056
007e00a9
006f0096
007a008e
008a0089
0085007a
00880093
006b006b
006a006b
007e0066
00a00092
009d009a
006e008e
008c008d
00600089
00b10079
0087005e
007d0062
0097006f
008a0075
00690063
0093008d
008f0078
0081008e
00850086
007700a9
00ae008e
009600a1
008300bd
00870093
008200db
00860068
00890085
0092009d
00aa00a6
00ae00b3
008d009a
00b6009e
008f009f
00860074
006e0083
0071009e
00a50074
006e0083
006b0080
00840072
006b005e
00740064
00630085
00770089
0085008e
005d0063
00810083
00870089
00a80056
007e007d
00860067
0096005a
007f007b
007300c0
00760095
007200a0
00a90079
0075006c
00730085
00a9007a
00c200b8
0097009d
00ad0079
00ad009e
009d008b
009200a2
00a700c7
00b800bb
008300b5
00a80108
00b500dd
00a800bd
00ad00b5
0096005e
00750070
008e0095
00710087
0099008d
00a5007c
008a0095
006e007f
0086008a
00960084
008b0080
007b008b
008b00a5
009d0092
00910083
007000a2
010700ef
00c100ad
00b000e0
00b900b7
00e200c3
00bf00e8
00c100df
00ad00b7
00630046
006e006b
00610099
007a007f
007500aa
0089009f
0085006f
007a0063
009d006a
00770067
00730088
0098008d
008a006c
0085009a
0085006f
006f0099
00aa00d7
00890065
00e70092
00db007b
00c300b3
00960095
00c100c5
00a500f3
007e0083
007a0066
005e0087
0073007f
00690071
00c1007d
009e0081
008e0084
0082006a
00ae00a0
007600c6
009f0095
00b700a9
00c90075
007500a9
0076009a
005e0081
005c008b
00970063
006f0072
009d0070
0057006c
0057005f
00720072
006d0069
007f0056
0071007a
007d007f
007100b8
0076007a
00650081
0069007f
008b006b
006a006b
007f0077
006c0063
0075007d
008d007a
00890074
007d006c
00cd00c5
0079006f
007600c0
0086007d
009800a6
006e0077
007d00d5
00e1007a
008300b2
009100ae
00a700a1
00af009e
00ae00b0
009800b3
009600ba
00a500d2
0095007e
008f00c3
008e00dd
00a80096
00ab00a1
00ad00a6
00a50091
009a0072
012e0157
00c200a1
00d50105
00cf013b
00e000b7
00a100ab
012000de
00e200a3
008e005f
007b0076
008f0090
00ad005b
0091007b
0075007b
00750062
0064006d
010800c5
00b100c8
00c6009d
00c800ca
00eb00a3
010700ae
00af00da
00cf00c8
00c100c1
009300b5
00ae0082
00c600c2
00d0009e
00c600ab
00cb00c0
00cb00b1
01420085
01770127
00cb00be
00ea00a0
00a900e7
00b500d6
00b000d8
00b300bb
00a90089
01100137
00780147
009d00a2
00a7008a
00890086
009d007a
008900a7
0077008b
0080006c
00870093
008300c3
008e009b
00890092
00b70086
007a0085
008e0086
00a700fd
009f00a9
00b600b7
00e500af
00b900a0
008a0095
00b3006c
011e011e
012b00b6
00a200b3
00b10072
0105007f
00c1010e
00d900b8
00f300a7
007a006d
008c0048
00ae008f
00630086
00890092
008b006f
007a0073
006b006e
00630062
0072007e
007b007d
0077008d
00a00082
00790093
00950076
0092008a
007b0059
0065007e
0095009e
008a0096
00b20076
007f00b2
006c0076
008a00a0
008c007d
006c008d
00780097
0084006e
00a00080
008f00a6
00750095
00690098
0064007b
0069009b
00720092
0082009b
008a008f
008d0070
00930076
00960098
00dd0082
009b009b
00a00076
00a200b8
00b70095
007800ab
00da00a5
00a200c7
006f0050
0070006d
00990080
0091007e
007a008e
007f0077
0072008f
0087008d
008b005b
009b009a
0089008d
00850088
007a008a
00800099
008c0096
009300ab
0073008d
00800056
00950075
00950090
00730083
00730079
00720090
008e0056
00c600c9
00d200bb
00c700fa
00f9009e
00b500e0
00bd0096
00d600c6
00ad00e7
009e00f3
009900b9
00ae00a3
009b00b2
009000a1
00d90098
00d600a9
009b00aa
00580086
007e004f
00720077
006d0085
0069007d
00680079
008d008b
007b0065
007b0051
00720066
00970098
006e008a
00840076
00990086
00660096
008d0077
00580059
008c0082
00680077
00770056
006b005d
00600071
0057009e
00760056
0076006f
007a0091
007e0086
007d007f
006f008b
007d0086
006b0079
00730071
007e004e
00a00075
008200a6
008a00b1
009600bd
00820096
007a009e
008e005e
0092007f
00980070
0097008d
00a000b1
00db008a
007b007a
00880097
00a60080
005e006e
00700067
0076007f
006f0090
00820053
00670076
00720085
00710067
00b30087
00ae00ca
00cf0111
009000c1
008b00ae
009d007f
0087008d
00840076
006a005f
006c0075
0093007e
008e007b
0085006e
0079006a
0077008f
00650067
00860085
00a00065
008e0077
00bd00a6
00a200ab
007900db
00750079
00ae0093
00820053
00800093
007d0081
008f0083
009100c5
0075007d
006a008f
00870072
00860078
00ba00dd
00ab00e3
008200af
00ad00a6
00b8008a
00ab008a
00c20097
00850063
0092008b
00a900a5
007a00b5
007e008b
007b0097
00a10081
007d0092
008d0092
00890075
00860099
00aa00a7
007f0092
008900b5
00dd0089
00ef0091
007c008d
00aa0086
007100b0
009f0078
008d0099
00a00080
008c006e
008300bd
00ad0121
010b0122
011300fb
00fd00bb
014500cd
00e800c0
01120111
00da00d7
00920071
00a80097
009d0089
00b20098
007a007d
0086009d
00b00096
009900c7
011e008c
00930095
008800b2
00af00ad
00c100b3
00e20129
00b100c5
00e300c7
00a7004f
0087006b
0074009e
00980087
0083008f
006e00b9
00a50097
00b00095
00c900b1
009b0098
009300a6
008a00a5
00d600b8
00a000a7
00aa0088
008f00bf
0091006f
0081006e
00ab00b0
00c30089
00a5008d
008200a6
0084008c
0089008a
00b9009a
00b700a0
00b700af
00ea009d
00c6009d
00910089
00f200ca
00d900cb
00850063
007a0066
007b00b6
009d0074
00b900bd
00a6008e
00860099
00780086
008800a3
009b005e
008e00af
00a100a1
009e00b8
00a900af
00a300b1
00aa009d
00760087
007a0053
00ba0073
00a30080
006b0093
00d0007a
00700097
0097007e
00790082
00730059
00820087
005e0070
0079006f
00a3008c
00830071
0061009d
007a0095
006e008e
008c0099
00990088
0076007d
00a80086
00890081
00890068
0063008b
00a3009b
006b00a7
00b100b9
007000a0
00a5008e
00900083
008d00e2
00890077
00b10099
00950096
008200aa
009e00a1
005e0083
00ab0099
00a0008a
00a30074
008f0097
008f00da
00890079
00a000ca
009900e7
00a000b3
00a10097
0090007a
00750060
007f008c
00780093
00860072
0096007a
007f0093
0097009f
00790089
005700a1
00810088
00620087
00960073
00880071
00660066
0069007b
00ab00c3
00ab00bf
00bd0087
00cf010a
00d500a3
00c000c6
014b00fd
012200b3
0083006a
005a005b
00710090
00860078
009b009d
00a6007c
00780083
0083009e
0092008f
00bf00b0
009b00aa
00c60081
00a200b0
007b00c2
006e00a0
00830099
007b008b
006900ab
00910099
00b600a0
007400b3
007d0091
007e0081
00b700ad
0071007f
0068008b
007e008f
00af00ab
007f008d
008d0099
007d00ae
00730081
0082006c
00cf007a
00790077
008300a5
009100ba
007700a2
006e00a8
007b0087
0079006e
00630066
00720073
007f0081
00690084
00730059
0064007b
0064005c
009f0091
00790089
00bd00a1
00720081
00b300a9
009f0093
007b008c
008700a5
004d0056
00c3009a
0061008e
00770068
00580053
00520058
00570067
0073005e
00bb00ab
007100d3
00be0081
008a0091
00b900d8
008a00b0
00ae00d9
008b00b8
00630080
00710069
005e005a
00960083
00880064
007d0073
0077005f
006d0085
00bd007d
0079006f
009600bb
0085007d
007c00ab
006f00b5
00a60081
00a300b5
00a1007b
009700c5
00a100c7
00d900b7
008e0085
00b000ba
008000a1
008a0097
0076007a
0075005e
006f0077
00690066
00780084
00690095
00c9005b
007e006b
008d008a
00660079
005f0052
004d007e
0067007c
006d006a
00bf0061
0075005a
0062008c
007d008f
00780083
008d0095
009b0079
00b10085
008a00a8
0082008c
008c00a6
00870089
00a100c0
009700c8
00a000ad
008e008a
00a900a9
009200ca
008e00a2
00aa00be
00aa0087
00960107
008700fd
00a0009b
006c0096
009f0092
0092005d
007d0082
00920090
00be00bf
0086007a
00a80096
007d009f
0091008f
009900a6
00ab0095
00d100a0
00bd00b9
00a100b2
00db00b0
009a0097
00bf0088
00cf008c
009000c8
00c500db
00b100cf
00bf00ea
00a500bf
00d200b0
00ab00e1
00830057
008c0067
0081006e
007c0086
0084008d
008a0076
006f0087
00920070
0077006d
00a60063
009200b7
008d008f
009b00e7
009800a2
00740096
009200cb
00800096
0075007f
0095007e
006e00d7
006e0096
009a00aa
009d0087
00990092
00c100a0
0092007a
00930091
009b008f
008600c1
01000097
006e008e
00c3008e
00920063
0092005e
00830085
00710070
008e0082
00720079
009f006e
009d00a5
00860089
00790066
00720077
00e000a1
00b300a8
009600a8
009f00a7
00a500a1
009a00b6
00b20084
00b90085
008100b9
00cd00c7
009300a3
00bf00af
008900ce
0077006d
007d007e
0079008a
007b0056
007900c9
009b005a
007d0077
00670073
00750072
00980084
00b90085
007700be
007800a5
00960091
00920092
00a50098
005a0072
0086005e
008d008b
00690067
0065008e
00680075
008f0061
0077005f
016700ea
00ae00c8
00a900a2
00ae00aa
00ad00b6
00c60097
00ca00a5
00bf00df
00a300c1
008700b2
00af00dd
0097009b
00ad0081
00e800a2
00ce00e2
00b600f0
006e005f
006f0073
00630085
005e0087
009b0074
006900ae
009a00ab
0079007f
006a005d
009800a1
008600a2
0082008d
008300ae
00810088
007d00a2
009800a8
00960078
007a0099
009b008f
00bd0084
00a100af
00b90071
0092007d
007d0096
00af00b5
008100a6
009b009b
008d0096
00a700d5
00c5007d
00aa0085
00b700ba
00810057
005b0084
00b80099
0081008b
00a00069
009200bf
00880079
00c30082
00a50076
0080007f
00aa00a1
009600af
00db009e
009200b5
009100b6
007d00a8
00ab005e
00a000a7
00ae0097
00af008f
00cf008f
009d00a9
008f00a6
00ae0092
00840097
007b0062
00930087
007e008d
007a00a6
00a800ad
009f009d
00ca00a6
006b0052
008e0073
007e005a
00b1007a
00680075
006d0092
006e0088
006d0075
00af009f
00860088
0082006d
007b00a5
0063006e
00650076
008c00a2
009b00b0
008f00ce
0098007b
00810075
007a0098
00750091
00920089
009d00bb
008a008b
00980070
006700b6
009f0092
009700e3
00da00a5
00a900b2
008500aa
00a6009a
0080006e
007f0073
006d0078
00af00c6
00aa00a2
00a00089
0096007d
009e00bb
00630088
008f0082
008200aa
00c500a8
009700c5
0097009a
00ae0089
009100a1
00e500d1
008f00f5
00ca00f7
00d300e6
00f700c1
00fd00ae
00e7019e
00ea00cd
009f009f
00ab00a8
0086009b
00aa00bf
0080007f
00810098
00880087
00850097
00860067
007c009f
00aa008f
00860079
0073007d
0093007c
00730096
00920085
00860081
00b000ad
00ad0092
0085007b
007c00bf
006d0077
008d0083
0089008a
008a00cd
00a100a0
00c60091
00db0095
00a70092
00970092
00aa00aa
00f300eb
009d006a
00a50084
008c00b6
009900f7
00ca00e0
007a0084
009b00b9
00ad0080
006b005f
007e006a
007e0083
0077006f
0086007b
00a60098
009a006a
0079009e
00910092
007b00a3
008d0079
009a009a
0089007e
009d008b
009800bf
0081007d
00a9005f
00b800a3
009300c1
00c700b5
00b000b8
00a100a8
009900ae
009a0083
00620065
005c0055
0061006d
00710076
0081008d
0072007a
0081007f
00690065
011100a8
011e0155
00970099
009f009d
00a300a0
0077009b
009900a1
00c200af
00910059
00790089
0064009e
007e00a1
0079006d
00690090
008f0097
008f0084
006d0081
00a70070
00740077
00a2007d
008e00b3
007500be
00720093
009e00b5
00ef009a
0067007a
007b00c5
00d70098
00a60096
009d00a5
00b8008c
00a700a9
00810093
007200a5
00950080
009f008c
009a00ad
00960086
0087009d
006e007e
006f007c
008b006e
00aa0076
00a5007b
008f008d
0073008e
0073008a
00950092
00730065
007c005a
00960099
00b600a9
008100a1
00db008d
008f007f
00890071
00830096
007c0072
00930096
009a007c
009b007a
00820083
00880093
00850097
0061006b
00880081
00950086
0084009b
008d008d
009d0084
008d009f
008f0057
0096007a
00860071
00870081
007f0062
006a0057
008e0075
006a0077
0075007a
007a006e
009300a7
00830079
00ab0086
008f007a
009f0098
00890086
008e007f
0082008e
00690089
008e006f
0079007c
00660091
007a0095
007c006f
0072006b
00760099
008700a5
009d008e
00910089
008e0080
009a0089
009d00a7
009700a7
007600a2
009f009a
00810082
00a70075
008a0086
009a0082
008900b6
00bf00c0
00a00099
007800b2
00e600b9
00af00ad
00d60096
009500d3
00bf009b
00c700aa
00a20095
009b009f
00ad008d
00a7008b
00a1007d
00a30091
008f006a
009b0084
00750075
00af0088
0061006a
00920098
00780073
009a0075
00890063
008e00a0
007d0075
007100c7
006a0084
009200b8
008c009a
00b20095
00980092
0087007c
006a00b3
007c0066
00680080
00670089
00730095
008d0077
007c0079
007a0069
00af0099
00bf0095
00ca0095
00d5009d
00c30092
0098009e
010b0075
00d0008c
007c007b
00bb00b7
00980098
00860082
008300df
00a20080
008d006f
006e00c2
00a00098
00a00076
00a100a0
007b0089
00b100af
00a00083
009300d9
008a007c
007c0075
006f007f
0065007a
008e0078
00720095
0063008a
0075007d
006f006f
007b0093
00ca008a
00a00084
00920086
00850091
008400c0
00a800a8
00830081
00a90062
00710074
00820076
00870072
00810088
0073006d
008a00a0
006d007d
00a00072
007f0081
008200ad
00f0009b
008900a6
009600a8
00d80092
00960086
006b0063
00b90079
008d00bb
00a900a5
009e00d0
008d008b
008700c8
0097008a
0074008b
00730069
00590081
007f006f
008e007e
006a0065
00820055
00610062
009b009b
00a90079
00830092
009e007d
00950076
007b00ad
0079008a
0083008b
00d100a7
00b200e5
009a00f6
00b700cf
008800c0
00bd00da
00b300c8
00ab00ba
00840064
00650086
007f00a1
009a0069
0083005b
00980087
00a1006e
006d0069
008d00a9
0086006c
00c9006f
0083007a
00af00be
008200a6
009d00b1
008a0092
00850098
008e0079
008300ca
006300a2
008f00b2
007e00e9
008f0082
00a70096
00920076
00750078
00910081
00aa00b6
00ae009f
00840090
00a50085
00a3009a
00770075
008f00ae
00980090
00be0071
00860066
00af0097
0098006c
00a50080
007a004b
008f006f
007a0068
007d006d
0077007a
0075006d
008a0084
00670077
00660062
00710062
007b0067
0092006b
0076007d
00710095
00ab009f
0074007b
00bb00d8
00b500f3
00d300e5
00ea010d
00db00fa
011000c6
00c8009d
00bf00ea
00910095
00730073
00970097
007e0092
009300e9
00990081
00b30084
009800a5
00710069
006c0076
0092006f
006b0089
00ba008c
006e0087
009e007f
00750098
008d0068
00560076
006e0075
008f009a
007b0082
008100b0
00810086
00a80085
0096005e
00760086
0098008c
008c0072
005d006a
00760087
00610075
005a007d
00650060
00920064
008a0079
00760075
008f0081
00640082
00810060
00710074
006a0059
006d0077
007a00a2
007a009f
006d0062
007c006a
009100a5
006a0089
00730072
00ab008b
00770083
007f007f
007d0067
0083007a
00730079
00720089
0087006e
0065005b
00810073
00970085
0085008a
009b009e
00be0088
00b200ae
007d0067
00770092
00860087
00750061
00a10061
00b700d1
006a0088
005a005f
006500b1
0065006a
007d0075
008d008b
00710095
00870092
007f008f
00af0071
005d0056
007500c7
006e0098
00740076
00a20070
00b300bf
0092007a
0079008d
00b10084
00840097
009a009f
009f00b6
009500b2
00b8009d
008700cd
007d009e
00a20063
008f0060
007d0095
0080008f
00820084
008e006d
00980076
00d7005d
008e0087
007d00b3
00a50082
00b60090
00920092
00b100a7
009e009a
008d0083
00860091
00870075
00b100f2
00950086
009d00ae
00aa00a9
00b800bd
008c00bf
00890072
007d007c
008a00b7
00b60087
00a200ad
00800092
00850097
00b80082
00cf0086
00990073
00a300ab
007200b6
008b007f
00880071
0090007a
00ba00aa
004f0068
00470064
0067004e
0059005f
0060007e
00890092
00520075
00770071
007a0055
00910097
009d0086
0091007a
00c0008a
0072008e
008900a3
008e008e
0072007f
00860058
009f0082
00750057
00630073
00700086
0078007a
008a006d
00ab0081
009500a9
00870081
009b0093
00b60096
007f009e
008b00af
00ad00a5
0064006e
00730084
00d1009d
00a2007f
00910095
007500a6
00d000a3
00850069
0075006b
008100d2
009f00a8
00a000a7
008700ab
00a9008d
00990076
008b00ab
00ad00a1
00df00a0
009900aa
00ba00eb
00da0099
00ce00c0
00a700bf
009f008f
00690069
0072006f
00990088
00660086
007a007a
0076006b
00a30088
00830091
006b0061
005b006e
0079006b
00810053
00620060
005e005e
005c0056
006e005d
00b9009e
00a6007f
009900aa
00b000af
00cd0082
009e00a3
00d10098
00af0093
007b0098
00a80053
006700a6
007e00a9
0078006e
007e007f
00cf007a
00970086
007d007f
00870071
008d0079
00a600a9
009100ab
008f0075
006d0085
00730071
00970085
007b006a
00660071
00a000a7
00980070
007e005c
00a30072
00670085
007f0086
006d007c
00780072
006a007e
00810083
0067009d
0078008c
00a50093
006f008d
00b60070
008f0077
007f007a
008a0070
0066006e
00720076
00650054
0087006f
008900a3
008700b5
007700b5
00a20081
0089008b
00960092
008f00a7
008700a6
007c0075
00780089
00890092
008a00a9
0099007e
008900b3
008a00b8
007b007d
00d80067
00af00b0
00e0008b
008900b3
00b200a7
0076009e
00a60093
007b00bf
006f0072
00a10071
008a0096
008a007e
00760079
00c7008c
008f009b
007a007f
00770076
008e0078
005b0073
007d0089
00650069
00930091
00870081
007e0069
006f0077
005a006f
0082007a
00860075
00de009a
009e0076
009f0079
00a7008f
00ae0084
009f009b
00700119
008800aa
00b800bf
00b10098
009b00f2
00710056
00910091
00ad0099
007e0088
00ae0085
009600a0
007800cd
0095008d
008a0083
00b20089
009200ab
00aa00a3
008300a7
009a008e
008e007f
007e009e
00a20091
00930081
00ab0095
00b600b5
00a200b1
00a500c3
00e000ad
00c500a1
00680056
0087008d
0077009a
00a2009b
00a60097
00b30096
0067008e
00950086
00820083
0091005e
0086005e
00770085
0069006d
00710084
0073008c
00710073
006f0068
006b008b
00b000c8
00a8007b
007a008e
008a008d
00570054
005e006e
00830065
007d006b
0092008f
009d007d
0089006a
00bb0078
0096006e
007b007b
00b8007f
009200a0
00970075
008f007f
008600c0
00c600ad
00b500c3
009d00c0
00830081
00980066
00a00083
00970087
008b0071
00880074
009d00ab
00920081
006c006d
00bb0072
00de0085
00e900e3
008700a7
00b200e0
00b60085
00c3008e
00950090
009f0061
00920092
00af0091
009200a3
00b3008c
00ba0093
00de00bd
005f0075
006c0061
008d0072
007b0076
0070008d
00720095
00640071
00670069
005f00af
00a2005a
007d007f
00a0006b
009300a0
0080006d
00b80075
00750063
008b006f
00bd008d
009a00c8
008200a2
008400a2
009100d6
007f00a8
007e0089
00ba007f
00910098
00a500b1
00760093
00960095
00930091
009800b9
00aa008b
005f0068
009300d6
008a007b
0098007d
00aa00ed
008a0080
00890077
007d00da
00670079
008e0073
0092008d
00af008d
009e0089
0078009e
0075005e
005d007f
0072009b
00b1007c
0092008e
007a008b
009a0072
0093008c
009200b0
008800ae
00590075
005b006e
008e0069
00820086
006d0080
00730079
00720082
0059006f
0083009d
00820095
008a0099
00b700a9
00a100b8
009a0091
00b10090
007e0087
00920086
008e0066
00950098
0097006b
009e0089
006e0096
008e00b1
008a0092
006b005f
007b0063
00900089
0086007b
0078008c
00810098
008b0076
006f0087
006b0092
007b0079
00ab0085
007f0095
009200b1
00ad0089
006500b7
00900096
008a0089
00d800c5
009f00df
008800a8
0093009e
00910089
00be0082
009a0089
008600a8
00a10084
007b00b3
00c300a7
00870073
008f008b
006c008b
007400aa
00af0079
008a009a
009100cd
008700b1
009000ae
00ae00af
00d700b8
00910095
00980086
0085006f
00bd0086
009a0085
007800b3
00b100b3
009200ae
00a200a9
00630089
00630074
0063006a
00590057
009a0087
00890069
00610062
00520066
00b900f9
00db00fe
00f800a0
015200d9
00cb00a9
012000cd
00ca0117
00cf00b5
006f0068
00b60076
00ab0073
008a0072
008a0093
0099007f
0096008a
009b007a
00900059
007b0098
008a0062
00930091
006c0088
00be00a1
0120007a
00970081
008b0083
008100a9
009a0071
00a900d3
009d00a2
00a600a9
009a0096
009300a8
009100ad
0091007f
00860081
009e0080
00a2007d
009b0095
0092009a
0081009b
00e5009e
00780099
008100d6
00a3007f
00a700ab
00d700b0
00bd00bb
00b700e6
00b50096
007b008f
0076009d
009100c2
00d30077
00b30098
00b80084
00fd008b
0071005f
009d0085
00ab008d
00900091
00b10089
00950095
008800c2
008500c5
0066006d
00830075
00be0096
00600086
00760067
008d0082
005b0075
006f007f
0077007e
00910083
00b10079
00bb00c7
009f0086
009700a5
006e0097
008e0093
00700088
0076008e
00d10081
00980096
00780087
00bd00b0
00960093
007e0076
005a005b
00840064
006e0080
0086006a
00de0068
00a5008c
0083009b
00890095
00900082
00590073
006b00a1
00b90071
0080009a
00c800aa
00d90075
008b009f
00920063
00a00069
00830073
007b007f
00830095
0069008b
007a008a
009200a8
00890073
0092009a
007d008a
008d0099
00ca00a0
00a100be
0099009b
009a007a
00910076
007e0099
00a00068
0088006a
00ae0078
008700b3
0088008b
008e0086
00840081
009700ad
009100a8
008300a5
009700a7
00990083
00a700b8
008c00a2
00e700bd
01350101
00e200c0
00e000ba
00b500bb
00eb00b2
00d100e5
00da00c0
006d0072
00660067
0082007c
00820079
00860083
00e60092
0071006a
00890085
007d0093
00690075
007f00ab
00a50066
008d006f
00850081
006e00b1
007500a5
00990077
007f008e
00a80096
009b007c
008700a2
009a008f
00a80083
006b009a
0082007e
009d00b3
0083009a
00bd00c0
008b00a9
008a00a7
009700dd
00860081
00870098
00b2009b
008e00aa
00f000f2
0088008a
008e00a6
008400a3
00bd0087
008d007f
00770077
00630076
0087008f
00a70077
0096006f
00810071
007b009f
00b700a7
00a00099
00a200db
00b70095
00ad00dd
00c100e2
00b80091
00ce00a5
0079007e
00cb007f
00720079
00b6008e
007e0073
00aa009e
00e7008b
00a8008d
007e00aa
0097008f
00990082
00c2007c
00b900ed
00be0095
00db008d
007a009b
00670073
00a800a8
00610078
00660077
005f0071
006d006a
0071005a
006f0079
00720066
00780067
00820083
00810099
00920095
00d30067
008f009a
009e00a0
00b20092
0086007b
009d006a
00ad0086
00a700a2
009200c0
00b50084
00a50096
007b0077
00a60081
00ce00a7
006f00d8
009a0081
00b60085
00c200a5
00930093
00c10065
009f0085
00b600a7
00a50093
007e0091
009a0077
009a00c6
009a0093
00790065
00bd0087
007300a3
00760097
0075008e
006d0077
0072008c
00550062
00730077
00830085
008c007e
00890091
007b0092
009a007e
009d009d
00bd007c
00a100cb
00a60091
00b800e9
008f007b
00930099
009e0086
007a007e
00730091
00830082
008b008f
008d008a
005b00b1
00b300bb
007b00c6
009800ab
009500ce
00aa00e5
00cd0106
00a800ca
00cf00bd
00b800f3
00b100bd
00f10098
00bd00de
008d008e
008300b8
008f009f
00b9007d
006b00a9
0092008f
0086007e
00870079
00710091
0076008b
009600b0
00a500be
00970092
00b30090
007e00b6
008600a2
00800073
00900091
00800086
005d00d3
00a500ca
00c300bd
008b007f
00c30082
007d0097
008e009a
008e0091
009a0097
00a0008d
008300a9
00bd00b9
008300be
00bd0087
007f006c
008c0079
0076005a
0066009a
0076007c
008a0091
00a0006a
007300a3
00610063
00650074
0077008b
009d0062
0089007b
00760072
006e006c
00670062
007f00c7
007a00bb
00c5007d
008c0091
00bf00b2
00c7008d
00a700a0
007e006b
006b00b1
009500d6
009100ab
00970077
00bb007d
00910079
00ae0082
006d0069
00aa0073
007f00b7
00610079
008e0088
00a200b1
00710076
0075007e
00780085
007d0085
008400b8
00c000bb
00b100b9
00ab008a
00aa008f
00a5009f
00c1008e
00be0091
008d010a
00bb00c1
00a300a2
00cf00c3
009f00ee
00b600ce
0066007b
009f0071
009a0073
00920093
008c0086
00960064
007f00fb
00910086
00820073
0069007b
0087006a
007d008a
006e005b
008c0071
00970071
009d0076
00710086
008f0082
006f00bd
009200cb
00a200b5
009200bf
00910093
008b007a
007a0065
00ce0089
0083008d
009600ab
00b0008f
009a00a3
009000ad
00b3008d
007a0069
00bd0072
009a00c8
0095007e
00970079
00a200b8
009f0077
009500af
00f000da
00ed0142
00be010e
010800fd
011f00d0
009f0167
00db00be
00ad00a5
008e0083
00a6007e
009e0095
00810072
00b3008e
00c8008c
00a60086
00aa00c9
010900a8
011500bb
00d500d8
00eb0108
010100d7
00bb00c8
00ce00d3
00e800f7
0090009f
009e0085
00bb00af
00c800c0
00ba0079
0097007e
00b800a6
00d800a3
00b2009b
00950091
00820097
00850083
00a30092
008f00aa
00c60093
00aa010d
0099008e
0079008b
0073009d
00b8008a
0086008d
007f00b6
00820076
0096006c
006f0074
00a000b3
008a009e
00ae0098
00b000c5
00b30088
008000a6
00af00c0
0081007d
00cb006e
007d0087
009a0086
00a500c5
00970086
008300be
007d008d
0077007d
00840052
008a0087
008300a3
00700080
009d009f
0088009a
00810079
009d007d
00ae008b
007b00c6
00b800c1
009a0085
008600f3
00a700cf
00840082
00620093
00990073
007a008f
00ab009d
00a6009b
00c2008b
00960097
008f0071
0073007a
00a30066
00a5009f
008a0074
007a00a5
00b1008b
00910086
008e008d
007c0061
007c007e
006e009d
007e007f
00670079
009900a3
008b0077
00920091
00ab0087
00870093
009900ab
00b10076
00be008e
008300ad
00a0009a
008500b7
00910071
012e00aa
008200ab
009f00c1
006d00b6
009700da
0083009d
00be006b
008000a9
008d0069
00880076
007e0087
00730088
00a3009d
009500a5
007700c8
005f007f
00810074
00850067
00770064
0088008a
009300a8
0079008a
00a30092
00b10076
00660098
007f0078
007e0069
00700066
00990098
0083008e
00b1008d
006b0083
00690065
007f007f
0073007e
008d005f
0078006e
004b0065
00960082
00600066
0083007b
0085005a
007f0075
0087006b
00820091
0079006b
00780087
007f0062
00a70078
009500a1
006e0079
00970083
0097009a
007e00ce
00850083
009f0099
00a50086
009e00ab
00c3008d
00ae00a3
00b800bf
00c100a0
00c500af
007f008b
00a1009f
00a700ad
0083008e
00840105
009500ca
00d30072
008f00a1
0068008c
007e006e
00a6008c
00bb00af
008f00a7
00b2009e
009e008e
00b60097
00760065
007c0075
008f00af
007d00b3
00ea00b3
00b2008d
008900c1
00b2008b
00b30075
00b0008d
00c3008f
009b00aa
008f00af
00810095
00770097
00860072
0089006c
0090006b
00b00062
0073006a
00730082
006f0064
008f0086
00730070
00800057
00aa0076
008a0083
0082009a
00860089
00ba0088
00ae0075
00b300ba
00e000d7
009b0097
00bb0086
00960080
008600c9
00eb009b
00aa00c9
009f0081
0084007d
0087006f
007b0089
00a10084
00960098
00c600d5
009b009a
00e2009a
009300d3
008d0078
006b00a2
0091008c
008f008f
00a0007a
00890099
00ad0083
00aa009e
009100a6
009b009b
008d00a2
00ba0079
00a500f5
00c300b2
009700b5
0066004e
00650069
0086005e
0068008a
007200be
00900070
007a0074
0081008f
008d00ab
00a50091
00990098
00d200a5
00c000e6
008a0089
008600a2
00b2009b
00870066
008e0077
006d00a6
00890098
0077008f
0066005f
006c007d
0093007b
00a9008b
00b00092
00b50096
008d00b1
008400a5
008d00a1
00a70099
00ad00b9
007d00d5
0085005b
007d007f
007a0092
007e0086
00720093
00730080
0091006d
007c0067
00aa008e
008a00c1
009d008d
00620081
0083008d
00980092
00a50091
00d300fd
00fd013b
009e00c1
00b20089
00d000c5
008b0077
00da00cb
009200a2
00770075
00ab00a9
008a009d
007100a8
00910093
00c300a9
008200b1
007e0082
00750073
0080006b
0076006d
0075006e
0068009d
00670075
00770071
00810079
00560054
005f0085
006a006a
006f007e
009500a3
00a700ab
00a50092
007e0075
00ca006a
0082008b
00910099
009d0098
00c800a5
009500ab
0089007e
009e00bd
008400b5
00d300a0
007f00b1
00ae0087
00a20074
0075005a
009000bd
009a0070
0072005c
00660061
007e007b
00860086
0083008a
00650097
0067008f
00bf00a9
00710090
006a0067
007800a3
007e0091
008c007d
009d0082
00a2007b
007a0088
0087005d
005b006e
006e0072
009a0071
006f006c
0099007b
007e0065
006b00b1
0097008a
007a007f
009b0069
009d00b5
0092009a
008b0095
007600a9
00960083
0083007d
0073007f
00790089
00880076
00ae0083
009d00ad
0099008f
008f00c8
0067005a
00860069
007e00a8
008d007b
008a007e
00930082
007b0083
00a60061
0071006f
00860069
0062008f
0090007d
006d0075
005d007b
008a0066
006c0066
0096005d
009f0091
00c800b5
009100df
0098008e
0086009a
008e00a1
008f00ad
00840063
0087008b
0091007f
00a6007f
007f0096
00b90083
008200a1
008e007e
00860069
00a1009d
007c0077
008a0085
008b0086
0068007d
006e007f
00690081
006a0096
009a0070
0089009e
009a00c7
008b0092
008200ae
0092008b
00c100a0
00d8009f
00dd00b1
00c000d2
00e700b2
00c800ce
012e00d7
00d800cd
00e600c8
008b0067
008b00a3
00b8006b
008b0078
00790090
00b8008f
0083007f
008a00d0
0065006a
00920077
0087005a
0069009b
008a0084
00690090
0078008e
008a008b
0063008a
0082008e
00ae008a
00c70091
008d008a
009a00b6
00a000de
00a0009a
007a0075
00bb009e
00bb00a0
00a60088
00c700c8
009f00d2
008d0077
00d500b8
00ab0075
0089006a
007f0080
009300c9
00bd00ad
00a10097
009d008e
00af00a5
00870061
00840077
006d009f
008a00a2
00840087
00750073
00930077
008f0065
00770081
00a20096
009900ad
007b0090
0097009b
00be009b
00c30089
008200a9
00a600d9
008900a5
00d700b3
011800d0
00a80076
00a6007c
00ae0087
00e1009a
008d00c1
0074006b
00c300a3
007300a6
00ae009b
00a800c3
00d500a7
00b70087
006d005b
0069009d
00720082
008c00a1
008a00aa
008d00a1
008300ab
008b009e
006200c1
00c1006d
0085007b
009000a1
0095008e
0089006d
00aa0092
00c600a3
00db00c6
010a008a
00b100b2
00df00f6
00d900cf
00ea00c6
009500ab
00a600bd
008c0092
008b0092
00b900a2
008c009e
009b0086
008b00ae
00b500ab
008f0084
00850075
009d007e
008400a3
008e00a8
00ab006b
00a20089
007d006e
00a30099
006b008f
007700a9
00ad00b7
00c600cd
00cb00bb
00c20099
00f5009a
00a3008f
0071007d
00aa007d
00ae00a2
0073007a
007c00a3
00a10096
008f008d
008a0087
00c200bf
0075006d
00a10079
0072009f
00590091
0069006a
007b0060
00a00066
00af00d6
0167013e
00bd00c7
00c200b3
00bf0101
00c1009f
00e000af
00ab00ee
0072009d
00670065
006a0092
00980091
00b200b0
00a5006d
00a1008b
00920091
00a30067
007a0066
006200a9
0085008b
00770085
0089005a
005b00c5
007d0078
007f0095
007b00a3
0084007f
006d0090
007400b3
009900ae
009d0095
00820097
0085008d
00a5008e
00b7007f
007b00d1
009300b3
00830091
00b60088
00a100ba
007a007e
007b0077
007e0072
005a0066
007e006a
006200c5
00880067
00690069
00660086
008b008c
00b0008d
00ad008b
009100b1
00b000db
009600ad
0096009b
0061006f
0063008e
0076008e
009f0087
00c10082
008600a2
008f0092
00710082
0089008d
0081005e
00980084
0079009a
00970077
00b00076
0072007f
007c007e
00720067
0085007b
00750074
0074007e
0073007a
00bd007e
008e007c
00810062
006c0097
00860078
00a2009d
007c0087
00750098
00a100a3
007e0103
00830076
00730053
0079006f
00720099
0074006b
007500a1
00740073
0078008b
0077007d
0069007d
00840070
008d008b
00760097
007f0067
00800097
008700a7
00960084
008a0073
00510052
00660089
0082006d
006b0071
008000b6
00680065
008b0073
0097006e
00a00098
00860062
0088007f
008100ad
008f00ad
00920089
008f0076
00a700d0
008b008b
00ab009f
00a70091
00ae008e
00ba00e3
00a20084
009d00aa
00740065
00900082
0073005d
007e00a0
00a50089
0077006d
00620087
0082006d
007c007a
008900bf
00bf00a8
007100bd
009800b0
00970086
009600d3
00930086
0071006e
008a0077
0079007f
0066008b
007b00a0
0085008a
0076006b
007b0072
0062005f
008f0077
007c006e
0064006b
007f00ae
006d0076
006a0083
0081009b
00990078
008a0061
00e0006b
007d0082
006c0085
0088007b
005a0076
00a90074
00730070
009e007b
00b50086
009d00a9
00c70089
00a900a0
007c00a3
00a00072
008f0077
00820067
00a80085
00ad00a1
00ab008b
0073009b
00810068
00a100c5
006e007f
00860060
00720063
00730084
0069009a
00810093
0083006f
00850093
00810092
007d0098
00a8008d
00ca0086
00b90080
00a5009b
009600e5
009800a1
00640057
005b00a8
00930057
00870078
0083007e
0077006b
008c006b
009200a6
00690062
00b50069
00a60088
0085007c
005c006f
0083008f
00610092
007b006f
008700ab
00810093
00860096
00960077
005f008d
00990076
00930079
008e007e
00970082
00820092
007e0085
00ba00ad
00ad00a7
00c100d7
00c00099
007e008d
00c500a0
009d0097
00cd00d8
00d100bb
010300df
00c800ad
00b100c7
00d30102
00f100ed
00fd00c5
00c900b9
009d00ad
00b900e7
00f200cd
00dd00b5
00d200f1
00db00cf
006b0096
008100a3
008e0098
00860080
008e00b1
0076009b
008600f2
004f007a
006e006b
0069005a
00650067
0076008b
006d0063
004e0058
0075005f
00790073
00730066
009e008f
00730089
00ad00a5
00920072
0092008a
0092008f
00590076
007e0084
00970095
009d0091
007b009f
006e006a
009e0075
00810092
00860069
00900083
00b7008a
009a00a2
008d009d
007a00a0
008e007f
0086006b
00bf0072
008a009f
00b000c0
007e00a0
00980086
008f009d
00a60080
00a10098
00730067
007a0076
008f008b
00b500d1
00920085
008b00d9
00b300ba
00870083
0055006e
00590066
00910072
008f008b
00b5007b
00e1007e
008b00a6
00ab0093
007b005d
00880077
00a50081
00ab007b
00980092
0089008a
007b00b2
008d007b
0072007f
007a007f
00720086
008b007c
007f007e
0072007f
00800075
009e0078
009d009b
00b500b0
00960096
00a800d7
009800bd
00b30099
0095008b
00ab0092
0091008d
007a008e
00a800ae
00850083
00be007e
00a5008d
00b9008d
008d009a
00bf00bf
0113013b
009f0116
00a300b5
00a800a6
00fe00cb
00df0103
00d60118
0067004f
00950085
00630065
0071007f
008a005e
007a0068
00790060
00590069
009a005c
00cf00a1
006c0096
00ef009d
008c0075
00a50097
00a700b5
00cb0083
00720099
009d00a1
00c900a3
00790091
00880089
008a0082
00ba00ad
009700a1
00630052
007f0071
0072009e
0077007f
0082006b
0081006e
005e0092
0076008a
00d80072
007d005b
006f0073
00630077
007d0065
00a000a6
007a0073
00af0067
005e0069
0073007a
005c0069
007b0066
0069007a
00880061
0077009f
006e0077
0058005b
00ad007b
00730061
00a600be
007b0073
008d0089
0081006e
0081007b
00b900e5
012000e9
00aa00cf
010b00a5
00d500d8
00ab00ba
00f700e2
00de00f3
00870081
007d0062
007d0071
00790071
0072008e
00a20070
008e007e
008b00d2
00a8007a
00a2006f
008b00b5
006c00bd
00aa0099
00df0095
00a2008f
008d00c2
006a004d
00730077
00820084
007b0086
0087007a
00a30065
005f0088
007a009b
008e00ba
009d0087
006b00b0
009f00c0
009a0093
009300b9
00c300c3
00b700b3
00750064
0093005e
0061007e
007f007d
00900069
0091007e
00920087
007f0078
0092009f
00b100c1
00a300be
007d00b2
007c008a
00a50092
00ca00d0
007c00a2
008700a5
0082009f
00be007d
00b10097
00c700ca
008d0097
00a70096
009500a3
0064007f
006b0072
008a0092
00850078
006400a0
009000b8
00690099
009b007f
00860067
007a0071
005e0076
00990066
008e0081
007b0075
00a30083
00910096
00690063
006f006c
0060005f
006a008d
005a0059
00850056
0064008a
006d0063
00910063
007a0077
00770062
005c0075
007f008c
00750083
00810057
005a0077
006e0067
006f006f
007c0084
009300a1
008e0076
00750079
00790082
00680055
007b0087
0086006b
0081007b
007b008e
00cf0099
008d00a0
008600aa
007d00e5
00bb0102
00d600f3
00b3011a
00db00d0
00dd00b5
00eb00b0
010200c1
00fe00e8
0059007f
009d0077
008e007d
008500a5
00aa007b
008000a6
006d00a5
00930095
00b7011e
00c000be
009e00b5
009a00d6
00c100ad
00ab00a1
00b1009e
00b100ab
0073006a
00820072
00a300ce
008700b7
00a00089
009b007f
0088009b
00920084
006d0066
009d009a
006400b6
009b009f
009b0089
0070008f
006f0093
009d009e
006c006b
00640067
0081006e
00930075
0076008a
006e006b
00650083
006d008d
00710084
00f90092
00ca00a1
00bb0109
00b200be
00bb00a9
00a500a7
00a700c5
007e0042
0063004e
0073007d
008200b8
009b00a3
008500a9
00970082
008900a2
009a009b
009b007d
0076009e
0099008e
00670079
008f0091
0082008a
00ad008d
006d0095
009a009e
008f008a
00ab00a7
00b500ae
007a00aa
00990085
00d600db
00b2007d
007e008b
0093008f
008800c5
006d0085
008f008e
0089007f
00a30083
00ae00b8
0077009b
00b00081
00df0093
00c300b8
00b100c7
00c5009b
007c0096
0083006c
00830085
0076006d
007b007e
00a3007c
0075007f
006a0063
008300a1
0076007c
006e006f
00720076
007d0090
00a60081
00c10085
00650092
0085006f
0077006f
00b6009f
00d000b3
00cf007e
00a300a9
00990079
009b00aa
00ae00e3
006f0061
0062008a
006b0072
00bb0090
00730097
00a500ae
007c0067
007b008c
00610078
00760058
00aa007d
008f008b
00910075
007b009e
006b00ab
007800a5
006b0085
005e0092
00630063
0066007b
005f0082
00660075
0083005e
008f0065
008200aa
00b90062
008c0083
009a0082
007f00a8
008e00a2
0099008a
00890092
0095009d
00e000b7
0096007e
00c800ad
00b1008f
008200a6
00b50087
00b3007f
008100af
00a200d6
00c700a9
00a90072
00ae009f
00b100a9
00b500aa
00a00083
00710086
00840087
009e008f
00990082
00a7008c
0092007f
00a000b5
0091006b
01920122
00a600a2
00a000f9
00a600e2
00be00d9
00c500ba
00c000e2
00be00f3
007f006f
007c0064
0091008b
007400b8
00710078
0069006f
007800aa
00b30077
0099006c
008e008e
00810086
00a10096
00d1008a
00a90093
00a7008d
008d00c8
00700062
009b007a
006f00bd
009500a7
007d0074
00770089
009e0099
00720095
00b70067
009a0078
00b70093
00a2008c
007c00a9
00b500a6
009a00b0
007600b7
00eb00d8
00e1011f
00e600aa
00b100ca
00b80097
00c700ef
00c200a2
00c7011d
00e700e0
00b8010e
00c700b6
00b000a7
00ca00e2
00f800ce
00cb00d5
00d900ca
00960076
0081006d
0092008a
009d008e
00820096
00c50095
007200ae
007e0083
00930082
0092006f
009600ae
00a2008f
009500b2
00be00aa
00da00d1
009700b0
00a20061
00970091
00aa00a5
009700aa
00d500b0
00b800c5
00c300b0
00ab00ab
00790066
00a50098
00a000c0
006100b6
007300a8
008b0075
009f00a2
00950097
0095009b
00c00096
009f0081
008f00a7
00860074
0092009b
008c008b
009300b0
00d90063
00690089
00990062
00650076
007a007a
00820082
0072008b
008a0069
006300a7
0065005b
0092006c
0061007f
00790078
008b0092
00a10083
0093008d
01110095
00e800b7
009a00a6
00f700cb
00f600bb
010600a2
008f007e
00c0010a
0069006b
009f007c
0098006f
0072006e
0061009a
007100ad
0086007c
006d0097
00690088
008d006b
00a20066
0075008c
00590073
00530072
0071005f
00810062
007b0057
00b50096
00910077
00af0089
0095009f
0099006e
009f009b
007a0086
00760077
00750055
00590064
00670077
00740073
00610099
007b0075
006c006c
008b008a
008e0077
008f00b8
00a20089
00a100ad
00a600a1
00aa00a8
007f00a3
005300b5
008d0088
007a00a0
00d8007b
0092007e
00b800b0
00b10089
00a800d0
00ab0075
00920079
007b007a
00a2007a
009200a6
0075007a
008a006f
0090007a
00810061
00b600a8
00e200ab
009d00a5
00b90087
009500a0
008b00a8
008b009d
00bb00ab
010100eb
008e00db
00b300e2
00ba00e3
00a500da
008e00b2
00b800b0
009f00f2
00b5009a
009d00c9
009b00b8
00cd00bd
00a800b1
00c1009d
012b00bd
007a0077
008a005a
00890095
008d007c
00a60095
0077009a
00700078
009d0085
00a1007a
008a00c3
00a200b6
00bf00b7
00a000d5
00b000c5
00b300b6
00c100ca
00710044
0079007c
006e006e
008300a5
0070006c
0097007a
00620068
007a0091
008a00d6
00850095
00c3008a
00a600ab
009a00b8
00a300c0
0086009a
00a000a6
009e0097
0099006b
0071006b
007d0091
006d008e
009600ad
008b0080
00960082
0069006f
006d0061
00ba0093
00840066
0062008d
00d50088
009f0074
0098009b
006a007f
009f006b
00630060
0092007f
008700a3
00800085
00a00083
007b0087
0061005f
00610072
007f0086
00830093
0098006e
007b0098
009e005f
008a0086
00a90067
008d0064
009b0091
007300b5
00c000bd
008f00a9
0089009d
0089008e
00b700a8
008b0082
00860082
009e0096
00c60097
00b500b3
008900c1
0091008a
00870082
0092007d
0099008d
00a1008d
008f007b
00840096
0089008b
00ab00aa
0073007d
009700c0
00750073
0092008b
00890072
0091008f
006d0078
008100a7
006c005f
0073006c
007b00b7
006a0072
00820075
007c0099
007f007d
0067007f
00810092
008100b2
009b0077
009100a1
00ba0083
00b700b2
007500a0
007a00bb
009900b8
009300d8
009200af
00cb0097
009b00bd
00bd0081
00be009e
00cd009b
0081005f
0085005d
008c007a
0095008a
0077008e
008b0073
0092008f
008e0086
008a006a
006c007e
00740099
009e00a1
00bf0077
00a700a5
008c00a5
00820071
00b500a6
008100ba
00a0009f
009300ce
00a1009f
00d600c1
00a7009d
00bd0083
0082007c
0087006d
00b2009d
0077005d
00820085
008800a8
00710092
00810066
008900d6
006b0077
008c0061
009b0071
008600a6
00860064
007f0070
006e00c5
00a700ad
00840087
00b8009b
00a2009b
0095008b
008f008f
009600b8
009a00ad
007f008b
009900d5
00980085
00a500aa
00a000c8
009d0078
0077009d
00ab00a9
00880086
00970077
0093009e
007e0089
008a00a5
00a700a3
00b200a7
009f008f
006c0056
008a0078
00a30074
00a00062
0097007e
0096007b
00980080
00820072
00a7006d
009d006a
00950091
00a7008b
009a00cb
00a70085
00bb00b1
008600a8
00670057
0067006f
006b0076
006d007e
00610054
0074008f
00560090
006600a1
005b0068
0088006a
007e00a3
00830072
0067007e
009d0073
00720071
00910065
00a10096
00870089
008e0089
008f0090
00a800c5
00b0008f
006d00be
00b20071
00640073
005f0053
00860074
0072008a
0096006f
00930092
00820077
008500b5
007a0072
006a0072
005a0085
009b0078
0070005a
00700096
007b0087
0097008b
0086006d
007e0069
00a8006a
006b006d
009f00b7
007a007d
008b0091
008f008a
00d70052
00770087
005f0062
009e0087
00920096
007e008a
009e00a7
00a200a0
0093007a
007f00aa
0082008a
00880090
00910071
00910079
00800089
00b00073
00950075
008a00be
0072007e
009a008e
007d008b
00ad00a7
00a90099
006800a9
00980065
008e008c
00ce0091
00a30097
00a200ce
00ab007e
00a500bb
00a2007f
00ab00c0
00bd00c3
00a900b2
00d100bf
008d00b6
009b0095
008e00a2
00a700fe
006a005e
00970079
005d0097
0093007f
00860093
00920065
008e007b
00a00069
00a7008b
009100ad
00b100a6
00bb00b8
00a100a6
00a000a8
00a900ce
00810099
005d0067
008c006e
008a0068
008b0079
007300a5
0083009a
00770081
00880055
00b60090
00af00aa
00ca008e
009a00b7
00f1008d
00e300df
00ab00e1
00f200bd
0082007e
008d008a
008b00ad
008f008d
00eb00bd
00a6007a
007e00db
0073009f
00a90065
009b007c
00950098
00750082
00900071
00860090
007b0087
00690096
0078009d
007c0068
00a1007d
00b60079
00c70089
00a5007a
00a0007b
00de00ab
00700054
00690069
007c0096
009e0075
009200c3
008d00ce
006d006e
007f008e
00a60097
00650068
00a9006a
008b0099
005d0087
00c900aa
008500a2
007900c3
009200ae
009a005f
007f006d
006f0060
008f007c
00680043
0072006b
00740089
00810092
0088009a
00a000a9
00c900af
00d700b3
00c100a6
00a100bd
007c00ba
00ad0062
00750067
01010087
008b00b1
00ab0095
009300a1
00790098
00d2008f
00a7008b
00b60085
00c000bf
0085009a
00a500b9
008e0095
00ae0083
00980099
007b0086
009d0082
0092009a
009a009b
00c700a1
00a200a9
008f00b1
00ae00c2
008f00a9
00a00083
007300a7
00a0008d
00b10088
0079008e
008e0082
009e0098
009e007a
0092007d
00a100aa
00f00099
008500dd
008600a9
009900af
00a10099
00860076
008a0074
0097008e
007500a8
007d008f
008d008f
00990082
008e007b
00ab00a9
00aa0137
009e00d2
00ce00ce
00c200a9
00bb00bd
00b200b3
00d300c0
0066006c
008a0056
00610077
006d0063
005b0062
006a005d
005a0080
00690086
00870066
008a009f
009600ab
00a500cb
00b100ab
00c20099
009e008c
00bd00c2
008700cd
00870092
00920096
0079009e
008a0096
006a007d
00740082
00890084
005e0081
008000b8
009300a3
00790095
008000e2
008f0099
008e008a
0098007d
00aa006e
00890089
007d0083
00a3008d
006b0092
008300ae
0082008a
007c0082
00860066
00550072
00790072
006a0069
004e0066
00850095
006d0087
0065005f
00b600fe
00d5008f
007a010b
00800085
009b00c5
00a00088
00a5007b
00a500b6
00860049
00620062
0089006a
006e00b1
009b0081
0072007a
0089008f
0087007d
00910074
00b30089
007400c6
0082009f
009300b3
00a600a6
005f0092
009a008f
00760047
00ff00b5
00a000ff
008700a2
00aa0098
00790083
00770060
007e006e
00ce007d
009f00b9
0084008b
00a700cf
00a000a1
00ba00ed
008300ab
007f009b
008b008a
009d007e
007300e2
00e100a0
0069007f
00ce00b8
007600d0
00f20097
00900095
00a90072
009100c5
00880084
009a009f
00b30083
00a80073
007b007d
00760063
0071005a
008d007f
007f0090
009100a5
009800a1
0098009f
009700a5
0078004e
0091006b
00770071
007f0070
0061008f
0095008b
00890092
00c30085
0080007c
00660088
00750092
00ca007a
00a700b9
007d0099
0071006b
009b008a
014e0116
00ca006d
011e00c5
00ef009f
00b900d1
00d100d0
00c100df
008300a5
00710065
008c00af
007e006c
00900075
007d0063
00810070
0065007f
00610063
007e0061
00840071
007f008c
00970095
007d0079
006f006e
00840075
0085009d
00b500ab
008a0082
00a1008a
00b70098
009700b8
00bb00c2
009500b0
009b00a5
00a80075
009e00b1
00b000a3
00a6008b
009100a2
00c200db
00a600f7
00d80096
00b000ed
00b900be
012200cd
00ee0093
00ed00ff
00ca00d9
010d00de
00bd00c2
0072004c
00850091
008a00a0
007f0093
00a8008b
00890097
00ae00b2
00950071
007f005c
00830083
0063007f
008e0071
00740077
008a0065
007500af
007a0083
00520056
006f0084
006a008c
008e009e
008b006a
006a0095
00960069
0065007d
006e0077
00950081
00810092
007d00cd
00c20091
00a3008f
0073009f
00c3008a
00770062
00ee006a
0085009a
009a0079
00a10074
009a00a6
008a008a
00720077
006d0061
009e0083
00630073
00990089
0096007f
005d0081
009000a5
00a5007f
009900ab
006c0082
00900062
007c009a
008d0096
0076007f
00850089
009b007e
0071004f
00860082
00550073
0063005b
006a0095
006c0087
008b0074
005c0068
00b80061
006500a2
0097009d
008d0086
00810095
0065008f
00720086
00850078
007c006d
006a0070
00cd007b
00ad0089
00910091
00810096
008d0087
00990099
0091007d
00740066
008900a9
008b008e
008f0093
006f00a2
00950083
009f0095
00840065
00750087
00810095
008700b7
00a300d6
007400ad
00a60091
0095006d
00a5008a
00c30090
008d00c8
007d00a3
00e50086
009200f9
009b0085
00aa00b7
005e0073
006c0083
0093009b
007100a2
00750095
00620075
005f006d
007c006d
008100c1
00930067
00f300c9
00ae007e
007a00af
009200da
00960092
00810093
0073006b
0072007c
0073008d
009f006e
00720073
0091006f
006a0069
00810085
00a7006f
00c80095
00a00111
00a50098
009800a7
00ab00c3
00a900a5
008300b9
00be00a6
00bb008e
00a000ca
008700a7
00a6007a
008400a6
006e00c6
00cd00a3
00630083
009f0079
009800a7
008f0077
00920088
00ba0099
009f0088
008a007e
00c300b5
00f800db
009900b5
00c70097
008b008f
00e700ed
00d600a9
014500b7
00790053
007600aa
00850070
0097009f
008d0069
007b007a
00a00092
007f008a
007c006d
0084006d
008d0070
00690073
00a50075
008d008e
00960067
00830091
00ad0077
00ad00a9
00b300c5
00b700be
00a8009d
009d00b0
00a800a0
00ca00b2
00b80083
00a900b5
00c00085
00a700c5
00de00f1
00bf0099
00b500a6
0085008b
007a00e5
0092008c
00b8009e
00ff00b9
009f00bf
00a000ab
008d008d
00b500c7
007a0055
007f0083
006c009a
006e0083
006d0072
00c500bd
006900b7
00810074
00b000d3
00c9009a
00c600cf
00b700b3
011900c6
00a700c2
00b600f7
00c000b1
00aa00be
00b3008c
00d10096
00a600c0
011300b7
00a600f0
0110008a
00bf00b7
0083006c
00950072
008a008b
00820083
00d00098
00a500af
009a0085
00b00086
006e008b
008b005b
0086005f
00730076
009a0078
007e008f
0069009f
00770079
00cd00d2
00da00c1
00a800af
00b000c7
00b200cf
00f900cf
00e700c1
012500c3
00910077
007a0076
007700ab
00a200b7
00b1007e
00a60079
007d0078
006d006b
00680054
00b700c2
00630089
007a0085
0055007a
0069008a
0053006e
006a0066
00850085
008d0097
008700b6
00880084
009900b9
005d00b0
00e00075
00840084
006c0082
007f006f
008d009a
00a300a9
00b600a7
00780086
008900b0
0093008b
008a0084
0063007d
0089005e
007b0062
00990092
007300c6
007e008c
008a0091
00b80086
00a10073
0095008c
007e0089
00660083
0062007a
008e0066
0071007a
005c0067
009d0087
007300ae
0073008d
00820092
00920081
00a1009f
00a50080
007e009a
00720093
006f007b
00a00083
009200a3
00a3007a
0096008b
00980080
00c200d0
009300b3
00780071
008100a6
009100c6
00800080
00c20097
007200c6
0088007b
007e00b3
009b0081
009100a0
00900082
00820076
00a60077
006a0077
00710072
006e009d
007b0075
00860085
0080008f
0077007a
006f0071
00850096
0071004d
0071007d
00690081
008b008a
0077007f
007e00ce
00af009b
00810063
00890092
00970091
009b00b0
00a200cd
00a70092
009800a6
007f008c
00c600be
008b0083
00a70096
00c0008b
00990089
009800c7
00a80092
00ae00cf
00c800b9
009f006b
0081006f
00ba00e5
00ad00af
009d009b
008800c0
009f008a
008a0098
00bf011b
00b2008b
00a300ab
00ab00a9
00c2009b
00d200d1
00dd00d0
00bb00b0
006a006f
008500b1
0083007d
008300b2
008800a1
0082007f
00720087
009b00b0
008100c0
009f0098
009d007e
00970063
0086006f
006a00be
008b0087
0079007f
00ab008d
00bb00b0
00d500be
00cf00c9
00b300ca
00d800df
00910090
008600ba
00a000b2
00770089
009300c1
00aa00a9
00c700a3
00c0008a
007a0081
00d1009b
0083007b
0079008a
00a5007d
0091008a
00b60098
00a60071
009900b6
008f0097
00900065
007700d8
0099007e
00d80091
00a90084
00650092
009b0081
00b10082
00760083
00a9007f
00de0089
00ca00a9
00b900d1
008a0086
008000ab
00820098
009a007a
006d006a
00790098
00b2007b
00840096
00870093
009f0093
008e008c
006d0067
009d008f
008f00ab
008600a5
009d0079
006500a3
00810079
005b0077
0092007f
006f0069
00b0008b
008d0090
008f00a6
009e00b2
009d0097
009500b9
00990069
009f008f
00910087
00a800bd
00e60091
008900c2
008600b3
00ae00a5
0098009e
00970080
00a100ad
00c500c3
00b90099
00d800b0
00df0091
00a000b2
00db009b
009500a8
00ad00d2
00a500ca
009300a9
00b90098
00d900ce
00e600bd
00d500ca
009900ae
009f00a2
00b800e2
00c300e6
00c60096
00b700f2
00db00be
0073006e
00b2005d
0091007f
006b005a
00630065
00620078
00540067
00580073
009d00a0
008b0085
009d0088
00890079
00a200c8
00e10098
00ca00cf
009900a6
00b3008e
0093007c
0093007f
009200a5
00a900c8
007f0099
0097009a
0090008e
007d0061
009a008c
00860089
007a007e
009b0073
00910083
006c0095
00ae007f
00800068
00ab007d
00b3009d
007200af
006a007e
006e0078
00770092
005b009e
0063004b
00870087
008200a0
007f008b
00790093
006e0083
00bf0080
00680061
007a007b
007e00aa
009d008e
007f0087
008900c2
008e00d1
007e009e
00a9007d
00790093
008e007b
00d300c6
009f0089
00750095
00900082
007e0076
008100b2
0059005e
008a0081
0079008a
00b50071
00a80089
008b0067
00aa0085
008f009b
008e008e
00810081
00a80078
00b60082
0095009f
00c20096
00c3008a
00770089
00c50092
009f0090
00a300d9
00a900a8
009100bb
0079009f
0088007d
00de009f
00630069
0077006d
007a0068
00ab00a6
00920061
00750081
009d0091
00690083
00d50071
00820077
00e600ef
00a800aa
00aa0092
00c000c1
00bb009a
009600ca
008c0061
00750064
00980075
0083007f
0089007f
006e009f
00810077
00800093
00c100ce
00d7010d
00ca00d7
0093009f
00a70089
0085009d
00ad00ef
00b600e2
00a50085
00bf0089
00b7009e
00b80098
00d600a2
00df00b5
008d00a9
00cf00bb
00740066
00960083
00800055
00510074
006b0068
0095006d
0069005d
00c0007d
00630079
007100a6
0062007a
00930089
009d0089
007300a1
006c0098
008100d8
007e0076
007800a7
007e00ba
00850092
0088007e
00920085
008a008c
00780058
00fa00a1
01020103
00c100c3
00c500d0
00b200bd
00aa00ce
00bf00ed
00d100e2
00780066
00af0085
00b3007f
00c9008c
007b00d3
00a900b5
008c00a3
00b600ab
0076008a
00a30085
00820085
0072007e
00a10081
008400b3
008d00c5
008b008d
0061006c
00850074
009100a3
00830080
00630082
008d006a
0066006d
0080009d
00990074
00730087
008a00c5
00cb009e
00bd00aa
00a500ad
00c2009a
009a009e
009b008f
00ad008a
008900ca
007a0086
009800ad
00a000b0
00740096
007b007f
007d008f
0091008d
00920085
00c000bf
009a00a9
00ab008e
009e00d7
00b000db
00810082
0095008c
0096008f
009a0098
00d1009d
008d0091
009d00a1
009600b1
00a000a0
00750071
00b10095
00a800b1
00830086
0099009b
00ad008e
009300b1
00a70087
00910086
00830093
00bb00c2
00f9008e
00bd00bd
00a2008f
00a700a3
007e0066
00810084
008d005d
008d0077
00820092
009f009e
00980093
0082007b
00690072
00aa0082
008200a1
00a1008f
00a10079
008b007e
0098006e
00aa0077
006d0087
00af00a7
00910095
00ea010b
00ea00a7
008e008a
008a00b0
00900099
00ea008b
00e7008b
008e00ef
00cb00bb
00f700bb
00be00bd
012200ca
00b800c2
00750053
0083008b
00660086
00af0098
00860070
006f0072
007b0061
008e005f
00750063
00a500c9
008a00a7
00a5007f
008d0093
009100a2
009e0082
007f009a
00700082
007f006e
00a1009b
0061009f
00810093
00900071
00710095
007c0062
0079006c
00c70073
009e008e
009a006c
00a7008a
0079008a
00b70091
0089007b
007f0063
00840078
005f0067
006d006d
0083009a
00710096
0083006c
00730070
00750073
00640071
0077006d
0081009d
008b0071
00910072
00a2007a
007f0086
00be005e
00a30097
00d600aa
0122009f
00a800a8
00f700d3
00a100b5
00b500ba
0084006b
009e008b
009a00a5
00870099
00b000b8
00ba0083
00790081
00df0074
00920082
00770092
009f00d0
009d00e7
009700df
00d300cf
00ae00bf
008300ba
005d007b
009000b7
009f00a2
00860080
00950096
0091008d
008100a0
007f007d
0077007e
00760089
009200a1
0077008e
008f0092
0072009b
00a90099
00a600c8
00a5006b
00b80084
008e00aa
008d00b0
009700ad
009100a2
0085009a
00ad00a8
00770070
00ad006d
008900a8
008f008a
006d0093
007e008d
00660089
00ad009f
007100b9
0077009a
007a00b0
00c300ad
00830087
007f0084
00760084
007e00a0
005f007e
009f0051
007b006d
007b008e
008300b2
0073009b
0074008e
00810099
00c90088
00b1008e
00960093
00cd00a3
008600c1
00d80080
00b300b9
00890107
00920062
009900c9
00b30099
008600b7
00be0085
009b00b2
00d00088
00ae0086
0092006b
00ad00b7
00a700a7
00b900b9
007c00ae
00a900ad
00930087
008a00b5
00a700b1
007b0088
009900a2
007e0093
00e30096
00920096
00930078
00e500bf
00610081
0082008b
00ba006d
00af0086
00a100bb
007500c6
0092008e
009600aa
00aa007f
009700ab
007a00bf
008a008a
009a00b0
008700a8
008c007e
008c0091
00780076
00870086
00c00096
009800aa
00af00c9
00aa008d
009200b8
0088008d
00830051
0085005c
0075005b
006b007c
0078006d
00860093
00870087
00660099
006a005f
0076007f
0081006f
006f0084
00680060
00ad0072
007a0077
00720086
007f0063
00c500be
007d00c2
009a009a
00920072
009600e3
009600a1
007b0092
008c008a
006f0081
00a90095
00e3008a
008f00c1
00b00099
008700ae
00a700a6
007d0063
00a00085
009a008d
0093008b
00a3009d
009100ae
009500a0
008d00ce
00830086
008d006b
008f009e
00960092
0098007c
00ba006f
009d0096
009a0080
0095007e
0089007e
0080006a
008d00af
00ad0081
007f0079
009f0089
008200a8
00be0095
00d500a7
007800bb
00a0008c
00f800c7
00a9008b
00c9009b
00c00095
0070005c
0065006b
0089008d
0063007a
0095009f
007f007d
006d0087
00860079
009500a9
008b0099
00bf009f
00910089
00a9009e
00a800fb
009600b9
00bb00d8
00c80076
009b00b3
00870083
00aa0105
009e00b3
00a1006f
0089008a
00a200aa
0071009f
006100ad
009e0084
00830071
006d0099
00a9007d
007e0073
00870075
00820071
007d006f
006f006d
006200a0
007f0091
007d0083
007100a3
0079006f
00c2007a
009f009a
00ad00b3
0075009f
006d00d8
00910098
00990082
00a70088
0095009f
00ab0096
00af00b9
00a10098
00a500cd
00b200a2
00ab009e
012700a1
007d0075
006a008d
008e0098
00b80089
009500b6
007e008f
007e00b5
00930095
007a00d6
00a600a9
009100ce
009700b9
00920077
00bb00b6
007b0090
0083007e
0072005f
008c00a0
008b008f
009b007a
0079007b
007f0095
007b0098
00820097
0066006e
009d0090
00720076
0091007b
006d007e
00690079
008f0062
0077006e
00920073
007f0091
00820063
007d0081
0071006b
008c0074
00590061
00840089
008200a8
00ab0082
00830068
009f008f
00b1008b
0071009d
0080009b
00690066
00f100c2
00bf0069
00830086
009a00a2
00cf009d
009e00b1
00bb0099
00a80083
00820075
00860087
009d008a
009300a2
00a5008c
008000ab
006b0093
00920069
008c007b
0078008d
00b10086
0096009f
007800a1
007c0092
008b007f
0071007d
010b00f3
00b200a8
00a500b6
00c000af
00a900fa
00db0097
00e100a0
00b900c0
00ae0091
00bf00b1
009300b8
00b600a0
00d30099
009000b8
00ba00c0
00af00c8
008600d2
00ad007e
009a00af
008b00cd
007300c6
00920081
009e0072
008900b2
00890089
0105007a
00c500a7
00ba00bf
009100c9
00b800c1
00970098
00c80093
00560060
009200aa
0061005e
00810076
007c0073
00670079
0055006d
0079005d
0086006d
00a6005d
007b00af
008a009f
0098005e
00a9009d
0089007e
00c0008e
00730088
00a00091
009d0085
009200a7
00a00098
009a007c
007f009a
00d500bd
008a0079
00a5008d
00a700a6
00850098
008a009b
007f0084
008e008b
00bb0085
0079007e
00af0090
0091009a
009b00ad
00a500a2
008f00ad
008a00a0
009d00bd
0075006e
00630063
006d0096
00740083
00850077
00a3007b
00770073
00c50098
00810070
00860097
00a800a7
008300a2
008500ae
009100a7
0091009b
00920088
008d00c1
00be00cb
008a0108
00bb0092
00d100e3
008a00c2
00920091
00a100a0
00920063
00770074
00cb00ba
00890095
00e30080
008d0090
009200a0
009a00b3
00b50086
009d008d
0099008f
00a600c6
00e5009d
008700c3
00ce00ef
00cb00be
010500c0
00a100c9
007e00b2
009900b5
00a300ca
00bf00ce
009e00c5
00c600c0
00790087
007b0079
00bb008e
00970069
00a6007e
007b00cb
00be00b1
008300ad
00d300b0
00a800b3
009d00a1
00ee00f7
00b7011f
00c900cd
011500ff
00ba00b8
00760067
00790087
00c7008f
00b100b5
009e0092
007f0091
009200a1
0085008c
007f0071
00970082
009100a2
00a90098
008e0076
00850063
008800b6
0079008a
0065003e
00780083
0086009a
006d008e
006d0085
00700085
00640073
0081009e
007a0064
00b70097
00b80081
008e009b
008b0096
009e00bd
008b008d
009900b8
007f0096
009d008c
00a1008d
00970099
00d0009f
00ab00a5
00bb008d
008c0078
00a60096
00b300c3
00ad00c8
00a300b9
009000b1
00a600a5
00970092
009800b5
009600bf
0092006a
008800aa
00c60087
006900a3
00aa008e
00bb00b7
007f00a1
006e0074
00980074
00b300db
008e00b9
007c009f
00ae008f
008400a1
00b300b7
00640069
006d0083
0085007d
009b0095
008600a1
007600b9
0077007b
00660073
007a0074
00af0097
009a007b
009b007b
007900b1
008800b3
00830080
0082006f
008e00a5
00af0091
00c500a5
00c00084
008e0099
0097007d
00910096
00b300a1
00800095
007e008e
006f0092
0076006d
0073006e
00760086
0061006b
007a007d
00b0009b
00a700af
008a009a
00d00099
00e200f5
008800fd
00c500c0
00a300a2
009f00ae
00ea00d0
00a000ae
00a700af
00a70122
00b100b3
009900a3
00ad00b1
00a600c0
009e00e3
008c0091
00ae00b1
00f20084
00d200a1
00c900e1
00b200fa
00610065
009b009a
0099007d
00820085
008b0093
008e0062
00760079
0072009e
00cd00e5
00aa00a9
00db00b8
00b200a0
00cd00a2
00b10097
00dd00b0
00a200cd
008800b6
0083008b
00a00074
0090007a
00b900a3
00a70096
00d500a0
009d00ff
00960067
007d007d
00b00075
00770091
00ae0077
00de0095
00a0008f
00af00a1
0091005e
006e0058
0075006b
00770090
00a8007b
00810098
0072007a
007d0083
00ca00c0
00a100be
00c8008a
00ae0090
00b9008f
00c000c3
009f0095
008200b9
00640083
009a008b
008b0099
00a50086
009d008d
00750093
00970084
0090008c
00790065
009500bf
00a9008f
00bb00ab
00760097
009200a8
00a5008f
00a500c7
0076007b
00610081
00950063
0077007c
0077006a
00890071
007900a2
007c007a
008e007c
00a200a1
008f0085
00980098
009100a2
00a3008f
009d009a
0092009b
00800071
00b9009e
00c600a0
00d30098
00b70092
00b700a7
00890077
007c00a6
007d0063
0099006f
0072006a
00810080
008e0075
009d0098
008a00a3
009700a2
00b000b1
00ad00bd
00b600b0
00930088
00ca00b9
008d00bd
00b200a7
00cd00a8
00840052
00880075
008a006f
00920077
00910080
0075008a
009a00a6
008f0075
00650067
005e0049
00600072
0078008d
0070007b
00710099
00830076
007a0064
00c80121
00e700d8
00e200fe
00ed00ed
00d200b0
00ca00b3
017900d6
013900d8
009100a1
00700063
007d0082
008c0086
008f00bd
00750076
009f0096
00790081
00a50056
008b0096
00b500d2
00c700ab
00aa00c0
009000a8
007b0069
008500b6
00760075
007f0064
0073006d
008e007e
0071008b
008e008f
008500a0
00b0006f
009d007e
008f0083
009900ad
00a60091
00df006d
0090009f
009700af
00be00bf
008a006e
007b0097
0090007a
007c0099
00810099
008c00a1
00860079
00920083
00750081
0096007b
0096008c
007a0091
00800075
007f0091
00930073
00890090
00ef0091
008000a3
00ae0086
008300b8
00810065
00c700a2
009900c8
00840096
00770047
00730079
008b0070
006f00a7
009000ab
008a00c5
007700a7
0073009a
00990060
0073007d
00920089
008e00d7
009d00c0
007600af
008f0082
009f009d
008d004b
00900078
007e0087
0079009a
00660077
00750068
0083007a
0083007b
006a0073
00630061
007f00be
007300a9
006f0084
009e008f
009e0083
008a0077
00760089
00890097
008100b1
008c009d
008900a5
00890076
008e0086
007e006e
00860067
0099009e
00910082
00a800af
009800b0
00a800c6
00c5008c
00930086
00aa0085
00a100b6
00b0009f
00a00085
00af008e
00820095
0072006d
006b0069
0063007f
00760073
00a0009a
00cb00ab
00b60091
00ae0097
00820099
00750091
00c1007e
008d009f
009300ab
0090009d
00a200a6
008b0085
00860095
009f007f
00840092
00830082
008a00a6
008e008e
00a9007d
00800095
006f0078
0092007c
009f0097
0086007a
00b20076
00c2009a
00f50083
009700a3
00a200ae
00990092
00930065
00660059
00870069
00a5007d
007c0086
00a0009a
008100a1
00720087
007a0088
00d80085
00af00a3
00b600a3
0099008b
00ad00a0
00d800ae
00d000a9
00870072
00870072
008b007a
007e0081
00960075
0082009a
00740075
0089009a
007f0060
009a0092
0091008a
007400bf
00f100b3
0092008c
00ae009f
009d00a3
00910089
00890072
00780074
00a600ba
008000cb
00a30095
00830082
0096008e
00810075
007f0063
008e0056
008e006f
008e008d
006f007b
0087006f
0071007e
00890072
0083006d
00a50089
007500ad
008700ab
0087008f
00c600a1
008b00aa
0077006a
008b00b7
007e0084
00980085
00840089
006a007e
00910082
00a0009d
009b004b
00c6007a
008d0071
008300ae
00ca008d
007e0092
0081006e
008c0093
00a6009b
008e00a9
00b10082
00c6007b
0080008f
008b00b1
007b0079
00ca008f
006c00ba
008c0083
0095008e
00b00069
0098008f
00b7009b
00af007a
00c3007d
009a006c
00a600a9
00a600bf
00bf00ae
00d800ab
00d200af
0092008d
009500de
006a0086
00680071
008b0083
008e0080
00bf00d6
007b008c
009d0093
007a0086
00a2007e
00800072
00a100a7
00af0081
00b6008d
00920097
009e0097
00950092
008a0077
00b2008b
00bd0081
008f0081
009000cf
00ae00aa
00d90089
0095009e
00610050
008b0083
0079009f
00820066
00830089
00ad006d
008500ba
008c00a2
00870076
00ad00b0
00850076
00a300b8
00a50089
007d00a5
0078006e
006d006f
00530076
00750062
00820081
00720066
00920071
007e007d
006b0081
00930079
006b0072
006e006b
005b006b
00610085
00780046
007e006c
007b0078
009e0086
00c600dd
00a900ca
00ae00de
009a00a3
013900b9
00c10187
00c700e9
012100cf
006a0053
00820057
005b00ab
00930079
009a0086
009e006d
0095007d
008d008e
00930097
009a0078
010000c7
00b900a9
00a900ad
00cd009a
00aa00a9
00bf00bd
006a0087
00920072
007b0085
008f0075
006e0079
00aa0091
00ab00da
00720082
00760087
00770067
00b10075
0079008f
00f70095
00ba009f
007300b7
005500c5
0085008b
008b0079
008d0096
007c0089
00760091
00810097
006d0076
00ad0084
00920085
008c0080
00950078
0078009a
009a0086
00bb00f1
00a100be
00930093
007e0067
00a50071
009b009f
008a00c1
009e00de
00b10093
009f0073
00ba0081
0092008e
00b0008d
008c009b
007e00a5
0087008a
009f008a
00750086
0089008a
008f006d
009e0090
009f00ab
008900d7
00a100b9
007600a1
00760082
006d00a1
00760071
00af007f
008f008e
006a0082
0067007b
0099007e
00770097
00720082
0071007e
00690069
00810075
00850095
008c0086
007f0082
00970092
0098006d
009600b5
00760088
00aa008c
007e00b9
00d500c2
00a10098
009900ba
00a60095
00820065
00bb0097
009d00cd
009b008e
009200b0
007c008a
00890071
00830073
00e300cb
00e00095
00a900f9
00de00c0
00d100e5
00cb00a5
00b200eb
011700e6
009e00a0
00910072
0096007c
00a10085
007800a7
00720078
00830099
005e0077
008a0073
00950082
00840099
009200b5
00960087
0091009f
009d00a1
009d007b
00740077
00cb008d
00c5008c
00810095
00c9008d
008a00a6
00b7007e
009600a3
006f0079
009a0099
009300ab
0078007a
00850095
00b60079
00860096
006f008f
00d0008f
0077007d
00820072
0068006c
0073007c
006c0071
005e0076
0071007e
008b007d
007a006d
00640096
0086007b
00a60080
00a8009a
0099009a
0096008b
007b0057
00690073
0096006d
006e0070
00650079
0082007a
006b007f
00670085
00860099
00910092
009a0074
00a10086
006d00bd
007d00b3
00be009e
008900a8
009b008b
009a008b
00a90092
00830082
009100a6
007e00a6
00960092
00760092
00a900b7
00cb0099
009b009f
00b500a2
00bd009b
00b300ca
00a300fe
011b00a2
006d004f
00960080
009d0076
007c008c
007b007f
00a800b9
008b007b
007a0096
00a300b8
00c50076
00bd00ab
00d900c1
00d0009b
00aa00b5
009100c9
0091009d
0084006a
00ad007a
007b007b
007200c2
009700d9
009a00a9
009e009f
008c008a
0087007c
00a600a1
00a7009f
00b50092
00aa009a
00750099
007300c2
00af0092
00af00a2
00850071
00af0072
00780085
00980079
008c0085
0079008f
00720091
00c70073
008e0082
009500ba
010b00b5
009f00b1
0099009b
00ab00ab
008b00af
00c7006d
00b8007e
0093009b
00ad00a1
00bd008e
00b30084
00cf00af
00ab008e
00d10073
0091008b
0077006a
009a008f
00d00081
00ae00db
0091008a
009500c8
00a000b6
00ce0091
00ed00af
00db00ab
00a700a1
00a300c1
009800bd
00ae00a6
007a00a2
00970076
00920076
00a9007d
00830093
00a80090
00a100c3
009700a9
00cb00a7
00b300a2
00ee00a5
008900c9
00bf00c2
00f700ce
00e100d3
011100c0
009300a0
009d0076
009e0095
00a100b1
00bd00b1
00b20098
00aa0093
00980098
008b0079
006b009f
008c00a2
009d00a0
00900087
009f008a
00d10091
00a70091
00db00c0
00db00ea
00a00116
00c50064
00a200b7
00b70086
00a000ee
011900a5
0068006e
00730087
0080008d
006e0083
007e0096
00890083
007d007b
0092009a
008f0065
00870078
008100ab
00c900a7
009b0079
00d20067
0085008b
007d0085
00a80097
009700a0
00a700a2
008800ae
00790095
00a3008e
007c008e
00a00086
00ae0122
00e700c8
007800b2
009b00a0
00a30092
0096008a
009600b9
00b8007d
0081007a
00ad0077
009200a8
009f008b
008300a7
009e00a0
00c900ba
008500bd
006d0078
00770064
008a0077
0085007f
00b10079
00760096
007d0099
008d0065
008d0075
0077007d
008c0089
00ca00a9
0098009a
007900a6
00a90081
007f00a2
00760083
008300c6
0091009e
009f00af
00e60091
009e00dd
00d50085
00be0083
007c008a
006d00c7
00a8008e
009e00c1
00b800a9
00a100b5
009b007d
0092007e
007900ad
007d0093
00960083
009d009e
00a50091
009f0093
00a200a3
00df008f
00c500a6
00a60087
00f000ae
00e900a7
00e000ca
00c60110
00c300cb
00a90100
008a0086
009b008b
006a008c
009b0087
00c0007e
007f0079
0099007d
00760081
00b90088
00a8009b
00e300af
00bd009f
00a300d5
009f00a9
00890091
00aa0087
00a70079
00630082
00750073
007d0095
00860062
007a0074
007900a1
006f007f
007d0090
008f007b
009d0092
00b90083
008e0088
0074008f
009300a3
0081008f
00960097
009b008c
00bd00b3
00af00c1
00aa00b1
00b600ab
00990090
0077007c
00f500f3
00a800cf
00c50085
00de00e9
00c000f1
00ad00de
00a500c6
00e100b3
00b50088
00790070
00be00cf
00df009a
00c700bb
00d700ae
00c100d5
00d000ae
0099006c
00670071
00930088
007e0096
009300b3
007f006c
00630084
006c0087
00d2006e
00890089
00780077
007f0074
00660084
00630077
0082006d
00850075
0072007e
00710072
0090007c
0082009d
008c008c
00860087
007a0087
0087008d
00a10077
00b5007c
009e009b
00a5008f
007c0091
008f007a
007b009a
00d1007c
0093008b
00a500b5
008900a7
00cf00a3
00960085
00870081
00a8008e
008300bd
0068005d
00970091
006600ab
00a10096
007c008a
00860081
00950091
0066009b
00af008a
008b0073
00d10067
007b0086
00920090
00ad009d
009b008a
00a2009a
00ad00a8
00b0009b
00d800a9
00f300c0
00c100e1
009700d6
00ae00a0
00ba00c8
0072006e
007a00a3
005d0085
007b0064
00980087
0089006e
007e007a
0082006e
00920063
0069006e
00c600d6
00c100a5
00a600bf
0092009d
008f007d
00810091
00c800b2
00d900b6
009d00b1
00c500c9
00ad00d7
00eb00bb
00d600d7
00ed00df
008700a1
00870097
00b10093
008f009b
00a800a7
00ad0099
00a900b5
009f00b7
008b0080
007d0072
0083007c
0083006f
006f008d
00790079
008a007d
00930077
00af006b
006e00a0
008c00a3
00a000a6
007a009b
0076006c
009900cd
00cd00a6
00710071
009b0074
00a10065
00850081
007e0090
00870076
008b0089
00720075
00750075
00930092
00810085
008c009e
00990097
00a300a6
00810098
0089009b
00a5008d
00bb009a
008e0095
009900a3
009600b3
008d007f
009600b3
009600aa
00720062
00770075
009d008b
00990091
007200a8
007f006a
006900aa
00b1008b
00a6009e
00a00091
008900b5
00be00cf
00d200e5
00b20096
00aa00ab
008a0084
00860076
0078005f
007a0082
00aa009e
009b0099
00700088
007f00a8
0082006b
00980077
0090008c
00a300b9
00a600c0
009f00be
00f300ba
00a6007e
00b300c7
006d006f
00920065
00830086
009600d9
00700089
008f0096
00830075
007a0092
00620063
00af008d
00a30077
00750069
00be0084
00730086
00770095
007e008d
00660071
007a0070
00890089
009d0093
00820082
008d00c2
00870081
00780068
00bd0075
01270093
00ae008e
00d900a5
00980091
00d300d6
00770101
00a900bf
00b7006e
00860078
00850076
008f00a6
00af009b
007200a3
007f00bb
00800093
008c005f
0092007d
008d0075
007d0089
00980071
007a007c
005e008f
007f0077
00640071
00650062
00bd0079
006f006b
006d009d
008d008d
009f0096
008f006f
006e00b0
00920073
00930073
006b0082
00590069
006f0089
0097006a
00840077
0096006d
00c70080
00c20079
008f008e
00cf008b
00cd0090
007a008f
00a50090
00ae0072
00930099
00bd009a
00cb00e2
00d900a6
008a0076
00a300aa
008a00a3
00ae00b7
00a10075
00d100a9
00c0008d
00bd00a1
00a70077
00aa00bb
00c00086
007a00c6
009f0084
008600aa
00b5007b
0092006e
00970067
006f009b
00820091
007f0079
009a007a
007a008f
00c200c5
007500b9
008500cb
00b100b2
0073008f
008e009e
00a5009e
008d00a1
00ba00be
008d0097
009e00bf
00a000ad
00ae00aa
00810066
00c00099
00960077
008900a0
00a000bf
0093008b
00a00083
008b008d
00e700bf
00a000ca
00a600c7
00dd00c1
00f700a7
00ad008e
009b00b2
00a300ba
006d0058
008e0074
007a006e
0077008b
00770085
00860098
00620083
0067008d
0073005b
006a0081
005d00a6
00830070
00a20098
0098009d
007100b9
006f006d
00970082
0096009e
006e009f
009b0082
00870096
0072007f
00930080
0084007e
00a500c0
0095007d
00ba00aa
008d0090
008b00ae
00b600a1
00a100b7
00a5008f
006b006b
006f0066
008300ba
00b00081
00840085
00a8007b
00720078
00720077
005b0087
006e007b
00730079
008d0087
007a008b
00c20073
009f008a
007600a3
00950081
00a60081
009d008d
00b3009a
009000c1
008d006a
00ad00e6
009300d0
00af00a0
00c50074
00ee00e0
00ca0087
00a800e1
00f70091
00bd00b3
00d500b0
006a0076
009a00a9
00870072
005d0082
00710090
00680065
00730095
0077005f
005e0056
0071006b
00810083
00b3006e
007f0085
007f0070
00730072
0075007d
00730072
00bb0075
0092008b
00a600aa
00a10087
00a70092
00af006e
008e0097
005a004d
0070007f
00810076
008700ad
007f008b
00a1005f
004f009d
00950073
00a100a8
00cb00b9
0096007e
00e600c0
008e007b
009d00b1
009a009d
00910083
0088008a
00a30098
008400d2
008d0096
00850092
009100ce
00b100bd
008f0091
006b009a
00890082
006d0083
00cd00b7
00b1009d
007b009b
0077008f
00b000b1
00ae0096
006f0075
009600a2
009500c5
00c00084
009500c0
008b00c5
00a600b2
009e0087
00b10074
00a90089
009700cd
009200a3
00830087
00b60091
007a00a1
00bb008d
00760083
009d007f
008c0096
009b00f9
00a700d6
00aa009b
00ff00a6
00c10066
007c008f
009a00a0
008a0063
007b0080
00850081
0077008f
00760077
006d0068
008300a5
0079007b
008500a3
0073008b
008700ad
00680080
007b0078
00c200b8
00920089
00c50095
008200b9
008e00cb
008d0084
00cf00ad
00da00a2
00800072
006500a1
009f0065
007b00a0
00a7009f
00970099
00af00a9
008a008a
00b000c7
00af00c1
00c500ba
00ea00a2
00bd00cb
010500b9
00f9009b
00aa00b3
008a0069
0079006c
009e0069
009f00ba
00820082
00870092
00a100c0
00870088
00ab00c1
009600ba
00ad00a7
00d600b7
00a300d9
00ad00af
00da0085
00a100a5
007a0082
00910076
008a008e
007d0077
007d0075
00b7008e
009b0061
005a0077
00640055
00830095
00930096
0076006f
0063007c
0081009d
0079006d
006d0072
008e008f
006f008e
00810091
00990081
00bb00c3
009a00ba
008e00b0
0090008d
00880084
00b700aa
008e00b0
00c5009a
00ad00b8
0093007e
009d00a6
00ae0095
008b00b1
008f0081
00b6009d
00af00c6
009d00b2
00af00c0
009200d1
00b700ba
01110175
00b600d6
00ad00b1
00b900f6
010200af
00df00ef
00c7011e
01190108
009a007a
00a70093
00b7009a
00bf00d2
009f00dd
00c50082
00b000b9
009f0087
00a3005d
009f007e
0096009d
007b00aa
00d20099
0083009b
008200a1
007e008b
0070006f
007b006f
00850076
009b00ab
009800a8
00800083
008c008d
00960077
0068006a
009300a0
00820084
00b100a6
008200c6
008600bb
0099008e
008d0082
00770070
0085006e
00760062
00b20065
00770085
0076008d
007900be
00660068
009100d7
009b008a
0079009b
009e0091
00830096
0075009a
0095009f
00a1007a
00ad009d
00910089
00870083
00b30097
00b600cf
0092009a
00b00085
007e007f
006d005f
008a0080
0091006a
00660065
0087006d
006d006f
006f007b
004f0079
0064006a
007d009a
00850085
00880068
00890077
0086008a
0079009e
0081006f
00b10081
0095007a
009700c3
0099007b
009300c7
006d0074
009d0086
008500d6
0070007b
006d0075
007f0089
00880091
009e0085
00e10084
00800093
0079009a
007d0063
007e006e
00a2007b
006f0091
007f009a
00770092
008f00a7
00830080
00850065
0078007a
00950065
00850072
00870081
00780075
00880078
00c700a2
008f008a
00a700a5
008500e8
00ce0090
00870088
00ba0079
009600a2
00a1008e
00760076
0084005b
0058007b
00960089
0061008a
00650067
00750070
00870074
00850086
0092006f
00890077
007a008f
007f008d
00910089
008200a0
008d008e
007a006e
008a0073
009b0083
009b00aa
00a20096
008b008d
008a00b6
008b0093
005f0098
00a7008f
00b900ce
00a000a7
00cb00ca
007a00c7
00d000ae
008e00a0
008100b0
006c008f
00b2009a
00a5009d
008f006d
00aa00a6
00af008a
00850099
007d0050
00b90072
00810071
00920079
0072009d
0062007b
009a0083
005d007a
0095007f
00a80099
00a300a6
01030099
009900b3
00c30091
008600a0
00c100a9
008c007a
00970082
00d9008d
009e00a8
00a700c2
008d008b
006a0096
0092009a
0089006b
007d006f
0099006e
008c00c0
00820092
0087009e
0077008b
00a8007c
00750063
00720096
009300a1
007d0076
008a0079
00c80086
00890067
00a70078
0060005f
009700b2
00760082
00de0077
00770076
006d0073
006f0076
00620075
00b6009f
00e30095
011200fb
00b800e3
00b800aa
00df00c6
00cf00d9
00a200a7
00ba005b
006900a0
008700a7
00a600aa
00c600b1
00ad00b2
008700a2
00ad009d
007f0077
009b0072
00a000a1
009100a0
00960072
009e009e
00730087
009200b7
00aa00b5
008b008e
00a10098
00f700ab
00b900b0
00b00093
009200d2
009e009e
0083009e
0089006c
00a50099
007900a5
009a0080
0089008f
008d0089
00ab008c
005d0052
00920089
006d0079
00770073
005e0071
0071007e
007b0063
0065004f
0080005e
009f0077
0091007f
009b00b5
0099008f
008e00c6
00b50088
00a50088
008c0063
009a00ab
00a800a6
00ad008a
009600be
00c50079
00a000e5
00af00df
00630065
008d0086
008a0072
009d008f
009e0082
00a70086
007e007f
007d00b1
00a3006d
00920098
00c80082
008b00aa
00990093
00a80098
007400a3
0095008b
00a80099
008d0099
008f00a0
00c7009d
008e009f
00830091
008c006b
00b500ab
008f005d
008d0086
0097007d
008200ad
008300a2
008a0085
008e00aa
008c009f
009100b3
00980095
00b000d8
00910074
00cb00bb
00ad00a0
009b0069
009200a1
007f0067
0081006e
008d00a9
006a006d
00690075
009f0075
00a3009e
00690087
009800ae
00c6008f
008800a8
00aa009e
009f0091
00750084
00bb00a6
00a60089
00860052
008a0065
007d0070
009d00a3
008e0065
009200a2
00a10084
00e100a8
006d006c
00640062
007e007c
0069007f
00680065
00610061
00700076
00630077
009a0075
00850081
008000a7
00d90093
00dd009a
007a0092
008e00c2
00a8006e
009e0089
00850096
009f00a2
00a600a6
009200da
00ae0092
00a0009f
00d500a7
0091009d
00a300a1
008800a5
0099009f
00b30081
00a900a6
00b300ad
00ab00bf
008a009f
00850099
008a0091
007a0073
00bb00c3
00a5009e
00ad00b9
008b00a2
007d0062
006d0069
007a0064
00820071
00cb007c
00ad0090
007e0083
00890086
007e005a
007b0079
00a30097
0075007a
008e0089
00ab00a6
008000a2
007b0076
00e800e0
00bf00b3
010100aa
00cb00f2
00b800a6
00f300fb
00c100d3
0106010a
007c006f
00b8007f
00c3009d
0093006d
008a00a5
0083009f
00ad009f
00b9008b
007a007b
00860092
009a00b5
00b000b7
009a00b5
00bd00c7
009600c8
008800c3
00650079
00ad009b
0097009f
007c0075
008e0083
008e005d
00790076
0078009a
00710073
008d0092
00910087
00a60092
008a0088
00760095
008a0077
00740074
00700088
00ad0092
00960061
00a20092
00ad0089
007300a6
00cb008d
009800aa
009f007e
009e0091
00b300a0
00ba00a7
009d0099
00c300b7
00780097
007f007b
008a0052
00770073
00820072
005f0087
00610065
0067005b
00710063
005e0061
0097009a
008700aa
00a700ca
007a0092
00ab00a6
008f00a1
00ab0084
009f009a
00680069
008c006f
0083008c
00a10095
008c00bb
009f00a1
008c00ca
009d008f
007d007b
00b300a2
00c60097
00cd009f
00aa009d
00b20097
00b900ab
00be008a
008c00a6
00bf009f
009800b1
00eb00b2
0092009b
009b0098
008300af
00c70099
00600079
008700a3
00990078
007600a7
009f0098
00c100ae
008e008c
009b0095
00740061
00870063
00930077
00830086
006b008b
00880099
00a3006f
00a6006a
0091005b
0087007f
0079009e
008a0076
00890083
006600b0
0082006e
00840080
005f0045
008100af
00990075
0086007e
006d009a
00820097
00730086
0084007a
00760059
00df009b
009100d7
0087007d
0092009d
006900af
008e0082
0077009a
00630069
0080009b
00770081
00a700bf
006b0096
009600a3
00920097
007b0093
0076008a
008b0079
008b009b
009200bb
009500a3
00bb00b6
00a5009f
006100a1
009b0049
007600a2
0089008f
0095008b
00710073
005c0077
00650070
00720084
009600c6
00b1009e
009300bb
00ef007e
00aa00a9
00b7008a
007d00db
007f007f
008f004d
00720091
0067008d
00880066
006a006f
008e00a0
0074008b
008700a7
00850065
009a00a5
009d0091
008b00b2
007c00a6
00ad00a3
008900d9
00aa0086
007a0068
009a00a6
00c100d0
00fd00a9
009b009f
00be00b7
00b500c7
00bf00a1
00b70086
00d100b7
00c7009a
00b1009a
00b900a0
00bb00b0
008b00cf
00d100ca
0081006d
00a7008b
009f008a
00b2008d
00930066
0096008b
00830071
00b2005f
007f00a3
008c0083
00a300a8
008b0088
009000a7
008200b7
008f00b9
00a900be
00b20070
007f00bb
00c3009b
009500b2
00c800a9
010000b8
00b80092
00a200d1
00a70087
00a20068
00ae00ab
00860086
00950073
008a009d
00a200c8
00970078
0081005d
0075005d
0072007f
008c0083
0066009a
008700bd
00700085
009600b1
00a8007d
00a500aa
007900af
00b700a7
00a6009f
00a800c1
008400bb
0096009f
00690071
00aa0083
008e007e
00e8007d
0067009d
0079007a
00820089
00870089
00670067
0092006e
007b007e
00a70090
00a6006e
00790092
00b8008f
0091007d
007e0086
008d009e
007f009e
00aa00a6
008e00ed
009000a1
00ad0098
008b0084
00a600ab
00c7007e
00b20098
0083008a
009b00af
009a00a8
008c00c0
00a100ab
008b0076
0085009d
009800b6
00930093
009600d6
008f0095
00c500a9
00960072
006d0067
00700077
00750070
00640091
007e0084
0089007d
009d0097
006d005f
0073005e
0077008d
00860086
00830099
006e0076
0088008b
00760064
008e00a0
00e2009a
009e00a7
00ae00aa
00ad00ae
00b600b1
00db00ba
00ab0075
00af00c7
0087007d
006e006f
00b10082
0076007a
00910085
0087009d
0083009f
00aa009b
00d60092
00e80139
00f200d7
00d800ce
009200ce
00ad00a8
00d100da
00fe00af
0091008f
00900088
008d00a0
007500a5
00810082
00910085
009d00a2
00890096
00a5007a
00b90063
00a800ab
008700a9
00a5009d
00970087
009a00d3
00870070
00c900b3
00a1008b
00d70099
00f900ab
00c5008a
00a800c6
009500a0
00a20119
00630065
00a7006a
006e005b
00730066
00650086
00740085
00770063
00670067
00a70055
00b700bf
00a600cd
00ce00a1
00b00091
00da0096
00b80079
00950085
008d008e
00bd009b
00c600d2
00a600be
009d00b2
00d800a5
009d009a
00a0008a
007d0074
00850086
00b000a9
008e00de
00750076
009e007b
0071008f
00960081
00d100a2
00a200b3
00ed00ba
0117009e
00ba00ba
00a500dd
00b500c7
00a700bf
007f0075
00e20095
0071009e
006c0081
005f007d
0082005f
00830084
00790085
0092008e
00b9006c
00ab00a6
008f00a7
00a700a2
00a90090
008a00a0
00850082
00720071
007c0095
00810079
00cd00c1
00b50097
009300a8
008300be
009d0074
00650057
00970076
00750079
00810096
00920091
00660081
006b0079
0078006b
00a20065
00850086
0076009f
0085008d
009f00bb
006600aa
00950097
00920084
00900070
007f0075
008f007f
00ae00a7
0089007d
006e0083
00760070
0097007b
00790062
007d0066
008b00a0
008f007e
008500b7
00a5007c
00690070
00720093
00b700a1
00db00e0
00df009e
00fb00df
00cd00d1
00ae00e8
00fe00bb
00d0008b
008700a7
00ae00a0
00a800a1
008800de
008f009b
00b800ff
00a300cd
010e0093
005c0066
00b90062
009a0082
00990092
008300ab
0089007b
00860083
008300df
00660071
006f0095
0089007e
008f00b7
0087007f
0087009d
006b009d
007b007e
0082006f
00810077
008500ae
007b008e
009a0091
00990071
00950072
008e006f
00a000a2
0090008f
00a9008a
00950095
007c0093
008b00b1
009e008b
00f100a5
01080109
00bf00a3
00c600e5
00d800c8
011000d6
00c600be
011700d5
00d500df
008f0086
00d2008c
00c200b0
00930091
008e0079
00b200ab
00a600b9
009a00b0
00d700d2
0112009e
00a800bb
00db00e8
00ee00c9
00e500b6
00ee00fa
00ea00e1
0065006b
008000cd
00750093
008a0082
009d0096
005e0098
00820093
0076007e
00910078
00a3009a
008e00ad
00b70087
00a700ae
00b700a1
00a500cb
00980083
00e0008f
008a009f
00c90097
00c800a6
011d0098
00ab0086
00b700bb
00b6009d
00600072
0072005d
007a006b
008a006d
00a30092
00b10097
007a0072
007d0069
00ab005a
005e0078
00890080
00a10051
00b90066
007d00aa
00a80095
006f0076
00b000c0
008600b6
008d0096
00ad00b0
008900a5
00b200ea
00ca00a6
00ab00ad
00a20085
009d00a5
00d500c0
00aa00be
00ca009a
0091009a
00820096
00ae008e
007e0067
009b0063
00960064
00850078
00770083
0095008f
00a30086
008d00b6
00a000ba
005c0092
006b0071
005b0076
00600071
0077007b
007f0093
00820065
008c00ab
006d0072
006b0071
006a005d
006b0075
0087005d
0072007e
008500a2
00990088
0093008b
008300a3
009800af
00c700c1
00a50093
008b009f
009f0099
00a90075
00a700a2
00be0097
008a00c2
008d00a7
009200c0
00b800a7
00e900bd
009f0066
007a006b
00920098
008700a8
008400a3
00780075
00a6009d
007b0086
007d0089
00810092
00730085
008200a3
008b00bf
008f0081
0091007f
00a600ab
00b200c7
008b00b1
00d00087
00e500a9
009f00b0
00d800b0
008f00a8
00db0090
0069008b
00850082
008c0085
008e007d
00ad009d
00b5008c
0089009d
00a60059
008b00a9
00950076
008d009e
008900a7
007d009d
009a00cf
008b0072
007f0078
00830083
0093008b
00820078
009b0086
007a0088
009000b2
00a7009e
007d0066
00610045
007e007d
008d0077
007e006d
009a0071
0072006a
006c0086
006b0071
0084009a
007d007e
00890077
008b009f
00ad009f
0085008f
00930083
008b009f
0071007b
00ae0081
0087006d
00860089
008b00b2
008a00ab
00d00086
00780098
00890089
006e0085
00b5007b
00a0009e
008e0089
00aa010a
00d700a8
00a90085
007300cd
00d1009e
009f0093
00a0009a
00a80083
00c900c9
0099009e
008700de
007900b9
007e00a2
00cb00a2
00cb00d8
00ba00a9
00bd008f
009a009f
00c500af
009800af
00b200ae
00e500b5
00a900c8
00c900c2
00b700af
008d010b
00c300c1
0082009b
00770067
009900a7
00770073
009a008f
00630093
0098008e
00870089
00b000aa
008600b3
00ae0082
00990085
00a8009e
00890091
006f0078
00920091
0099008b
00a60073
00880077
009e00b8
0085008e
00a500aa
00960083
008b0096
007d0067
0095006b
00a3006d
008e0093
00890083
00930068
00880095
0068008a
008a005b
00c0008d
00be00ab
009100a7
0076007d
00ab0087
00c0007d
009a008d
005e007c
008900ab
00a90091
009600a8
007d00c2
009a00be
008a008b
00910062
00b80075
0098005e
007a0065
009a0086
00a70085
00780077
007f007e
00ae007a
00780048
00710097
0092007e
006b007b
00770092
00870092
007e0086
007a006e
00bb00b7
00c800b0
00d800d2
00da00e0
00f500d6
00d300eb
00fa00c8
00d900e1
008800a0
0076005f
00700091
0077005e
009f0076
00950091
00630065
00760067
0071009f
007a00a5
007d008d
00990073
00990098
006200ab
0069005a
00880060
005d006a
0086006e
00a3009e
008800a0
008d0070
008200a1
007a008c
00760066
00510070
00690079
00c70090
0092008f
00770066
008e008b
0072006f
007d0092
0085005b
00770055
0072007e
007700a3
00790098
0066007c
00a100b0
00a60091
008e0072
007e0083
0086006f
00a20083
00960083
00ae007c
00920082
00c90087
00700069
0071006b
0091006c
0079008e
006a0092
007600a8
0065008b
00900089
0098008d
00b90072
00af006b
00a30099
00a200cf
00b200b7
0096008d
00af0095
0091008b
0096008a
0092008d
009f0095
00b7008a
00b500be
00850096
0092008f
0076007f
0082008a
007a007d
007b007f
00760074
00890086
0086007d
00740077
00970077
00a8009d
008b00b7
00990091
00a60079
008b008f
0093009f
00b30098
00560085
006800b0
0074007a
0075008d
0096007a
00a80066
0069006a
006700bf
009a0086
00910075
008100ae
008900a6
007b0089
00a9009b
00a200ca
009100ae
009600a7
00e0008a
00a70079
00c600e3
00aa00cd
009b00ca
00b700ab
00aa0096
008d00b7
008c0078
009700db
00b300ae
008e00ae
00a800ae
00ab008e
00e600bb
007a00a6
0074006f
00930077
00b70083
00c100a9
00b0009f
009b008b
009200de
00b00076
008b0099
00ba008e
00b70093
00aa00a1
00960098
00f500a1
00b500a7
00920099
00ba0085
00b200a6
0080008f
007b00a5
00b700a1
007c00bd
009900a9
006b008b
006f0075
00a000a3
00b0009a
00a000bd
008f00c0
009000a2
00b20096
007b0078
007f0074
008b0071
0076009f
0071008f
00790091
0073006e
00850077
00c200a3
0089008e
00cf0087
00b800a0
009a00da
00b100d0
009700cf
00800092
009500c2
00e2009e
00cd0099
00bb00be
00cb008f
007c008e
00a2009b
007a008f
007200a3
00b60074
00cd008d
00990090
00a8007b
00c0008a
00d10090
00be00a7
00700072
0070009d
00970092
008f0089
00b00088
00bd008d
008900ca
0091008e
00b5007f
009b007f
009e00b7
00920087
0073008d
009900ae
007e008f
009d00a7
007e0067
0062005e
00880071
00670064
007a007b
007e0092
00810076
007f0083
006d0069
007d0085
0086007b
006d008e
00aa008a
008200a2
00bd009e
00b20075
00700072
00a1008d
0089007d
00830079
006900af
0073008e
006e008f
00790085
00590072
008a0092
00830089
00ab0087
00910098
007300b2
009d009f
00910069
006c0073
00a0007b
0095006f
00a700b9
008d0066
007e0097
007b0068
00820081
00b8009a
00b0009b
00b300a5
00c1008b
007200a0
00ae00be
0095006a
0083008d
00a9006b
008300c5
00980073
00c900b5
00a70083
00ab0079
009e00b9
00a8008d
007b0066
00c10070
008a008f
00720095
00830096
008f007f
008f008a
00830095
008d006b
00700089
00840084
008e0077
00730090
00770079
008e0059
00670089
007d0091
007d0091
007b0096
00a60098
007c008b
00c2009f
0090009e
009f00a2
0082006a
006e0079
008e008b
00810087
009d00ad
00880079
008100a8
00620078
00ba0087
00a70099
00bf0095
009800b6
009300c1
00c800d0
0098009e
00c8007a
005e0063
007a0069
008a00a6
00930070
0079009f
00950067
0071007a
0082009e
00850083
006d00aa
00a80077
00b7008b
00aa00a6
00cf009e
00a60083
00ae0083
0092008e
00c60099
00f900d5
00ad00db
00d000a8
0099009d
00b500e3
00b900d3
0100009d
00a5007f
00ba00cd
007a009a
007a00a8
00d600de
00b100b0
00aa00be
00c30098
00850095
00a7007e
00ae00b5
008b008f
008e009b
009d00b7
00d0009e
008b0071
00910089
009e008b
009300bf
009200d7
009800a6
009500a3
0077009b
009a007a
00950099
00790075
0090007a
00860096
00a600b3
00900070
00c800a2
00af0089
00730096
009a008e
00950098
0091008d
008f0092
009100c7
00ad008b
00930075
00970086
00bb009e
00e10087
00c000b0
008a00c7
00b200b8
00e800bb
00900084
00a800a0
009200ab
00c900a8
00a800a5
00ae009d
009800b9
007f008f
00a50083
007b0077
009300bb
00860091
006f00af
008000a3
007b0085
00960092
00b1010a
01470092
008f009e
009300ee
00e900e8
010a009e
018900d7
015000ad
008600b9
00970092
0095009f
0090008f
00ad00b5
0093008e
009700b2
009800ba
008b0060
00e700a1
007d008f
00af008f
009e0097
00c0009a
008d00bf
009100ad
00a500cb
00c500b8
00c100bf
00d800e7
011100e9
00ae00df
00d9007d
00e600ee
00840075
00960098
00c3009d
009300b6
00a50095
008c009d
00ae0087
00c70092
00930069
0089008a
008200a2
00a100df
00b0009a
00890097
00b00090
0087009a
00ad00de
008b006b
008c009d
00a7006b
00960068
00860096
009b009b
00980072
00f900f2
00d900bb
00c0012b
00ea00bb
00c000e2
00d200bf
00c500c9
00bb00db
00bd0069
0099008f
00920076
00990093
009b00b1
00bf0085
007600bd
00ab00b6
006d0078
007700a2
00ae0071
00770086
009300a2
008b0091
009d007e
006c00bb
0055008a
00a70083
00750092
00b90086
006e00a3
006d009a
009300ad
00660080
00560070
00790079
00760086
00790072
008d0096
00970085
007900a7
007c0074
008a0071
006a008a
00bd007d
00b800a2
00800081
006e0066
009a0085
00890076
00d70083
008b00aa
00b3008d
00c80096
009600a8
00a100a9
009800a1
00db00b1
00d300b0
00a900c8
00bd00c2
00a700ae
00b300a3
00b200ae
00e700d8
00c200a0
008d0087
0083007e
00af00b2
008f0081
007d0097
00ca0098
009800b2
00d800b9
008b0066
008300a2
009f00b2
008800b1
00a90090
009d00a7
008a0093
00da0079
00660057
008e007a
008b0087
008a007b
009600b3
00a3006d
00700087
0066005f
00740086
007d0066
009a0099
00a0007d
007e007d
007d0092
0087008b
00880073
00e600b8
00ca00d1
00de00c6
00e500cb
010500d0
00ae00f8
00fb0118
00bf00e8
0072007b
009f0065
00960066
008d0097
00850072
006b0085
007e006c
007600c2
00770097
0077009d
00650086
009d00a0
00790085
008200b6
006e00a6
00a20084
008b008a
00aa0091
00b000cd
00a500ba
009f008b
009f00a8
008e008b
007e00c1
006d007c
008b006e
008c007c
009e0088
00950088
00830082
00880095
00b80086
005e007a
007d0085
008200b3
007c009b
007200a8
006e0075
00980075
008e0081
00c2009a
007a00a6
00a700e3
00c900c8
00b000c9
00aa00bf
00920093
00b800ab
00d6007a
0083006f
009e00a7
008d009e
009300ab
008100ba
009a0099
009d0096
007f0096
00990095
00aa009e
00a9008e
00cd00a8
00d200a5
009e00b9
00b100ae
00d1008a
00b9007d
009f0089
00c200d2
00e10099
008e009f
00860092
00c700a5
009b0056
00ad0083
008a006f
00c000ab
009800c8
00b80098
00c20085
0074007a
00a000a5
0098008c
00a20098
00b70081
009700ab
006f00ad
00a3009d
00a1007d
00960082
00ca00a8
00a700ab
007d009a
00970093
00d100cf
00ab00a3
009600be
00870062
00930081
008f00ad
00760092
00910086
00a2008d
0069006b
0082008c
00ae007d
007d0099
00c900a2
009e009f
00b60083
009f00d0
01080099
00c500b6
007f0051
00ad009e
00910082
008d0075
0091006a
00820086
005d0096
008e00c5
0086007e
009a007e
00a600a8
00a900db
00aa00a6
009d00d2
006e00ab
009500a0
00ab0092
008d0097
00d700d0
008900b7
009300df
008700aa
00bf00bf
00b600c7
007d0066
00710087
0083006d
008e005f
007a0079
00890062
006a0065
00680086
0093006f
008a006f
00a500a1
00720073
00860083
00960085
008d007f
0089008b
00900082
0095006c
0081009d
009a008b
00a6008f
00760091
007b0097
00860091
00af007c
00a00092
008f005a
0082009e
0087006a
009b007d
009f0067
0093008a
008f007b
00610083
00780070
008d006f
006e0079
0078007f
008700a1
00920086
00730069
0085009a
009800a6
007300a0
00a800b3
008d007a
00a9007b
009d0070
0096006c
00c600c9
00af0098
00a200d3
00ba0092
008f0086
008e00b2
009b0097
009e0085
00df00d6
00cf009f
00b000d1
009b00c8
00b60083
00a100bb
00ba0093
00cb0149
010000d1
00bf00df
009a00c6
00c200b2
011d00c0
00c000f5
00b900be
00820090
00c600df
006a00b1
0071008b
008800a2
00b100a9
008300b1
00b30089
00730086
008f005e
00c300a9
009f0087
00cf007f
00950086
00a60095
00af00ae
00a3004c
00bd008b
009200a0
00a9008d
00950092
00a500c3
008b007c
00980057
00b80064
008d0071
009d00de
00d9009b
009d00ca
00af00b0
008900b9
009d00a6
005e0089
00850066
0077007f
007d009a
00750072
00c300a6
006f007a
007c008e
00ad0077
00ae0096
009200ab
00b500b1
00e600af
00b300a8
00ba007d
00a70099
007e00a2
008c0099
00a900cb
00ab00a8
00ae0092
00a20097
00ca00ce
008c0090
008e008b
009b0072
008100ea
0095009b
008d009f
00a700ae
009000b3
009a0099
006200a8
00980079
008f009b
0079009e
008e0067
00a1007f
009f0086
007e0084
0090009e
007f008a
00cf0097
00b000c1
00d600a2
009900e2
00c10096
00a900e8
007b00d1
009f0097
008b00a6
008e00a3
00b200a3
00b800c2
00af00c5
009e00bf
00a00053
0071008e
0066008f
0063008d
00750085
00720070
00800066
006a0099
007e0069
00720085
00990073
007200b8
009f00a0
00a500c5
005e0075
007600ae
0068009a
008e005e
009300a5
00cf00e9
009900b6
009800d9
008d007d
00850092
00e200a1
00df00be
00f100cf
009700d3
009a00b8
00d7009e
00eb0091
00c300d7
00b70082
007e0098
00b7009d
008d00af
00880091
00e200cb
009e0092
00a8008b
0097005f
007b0065
008d0099
009b008e
00830096
007b0083
00860063
00880098
00c900c3
00a00093
009e008b
00900079
00b1008f
006900b8
008f008b
009800c9
007600bb
00830089
008b00cb
009200b2
008b00b8
0086009e
008b007d
007e0086
008e0063
00600049
00a0008a
00b50090
0086009f
00bf00c0
007600b6
009a0093
008a0074
00ca0076
00760089
007b007e
00820086
00810079
0086006f
00a1007e
00640062
0051005a
00930071
00810078
006a00ab
00780077
00730066
0095008b
009800d0
008b009e
00850087
009000c5
009d00c0
009e0090
009f00b6
008a00ca
007f0065
008d0084
009200a2
0077008f
008f0083
008600bd
008300a9
00900098
0058007c
00a1007c
0087008f
00a2008e
00ab0089
00950086
008b00a2
00970086
008d0083
00c70079
00820082
00bd009a
007d0092
00a500a8
009800f0
008e008a
0093009f
00a8009f
00a700a0
009500cb
009200a2
00d000be
011000e3
00b800a9
00790073
00a800a5
00a3009b
00af00c0
008a00b3
007f00b6
00cf00d8
00750086
0095007b
008a00a6
009d0086
007b00b6
00a70095
0093009a
00890077
00a700a6
00630076
007d00a5
007e00ab
0086008b
008c0083
0061006d
0081006d
00790088
008d008e
008f0066
009800aa
00b1007d
00a30079
006500cb
008d00bf
009f0089
00980096
007900ba
00c300a6
00a600b1
00c700a7
0097007f
00ae0099
008200d8
00950082
008e009b
007a0077
00830081
0098008a
00830087
009a0089
008e005b
009a00a5
00c90089
00a2008b
00ed00ba
00a900e0
008800b5
00ba00aa
00cb009b
007a006d
00730080
00a1007e
008200ae
009f007a
0079006d
0071008b
00640093
00740055
00830067
009b009f
009a0089
0082007c
00a100a2
008200b0
009f008e
0086008e
00aa0083
00ad0098
00df006a
00a600af
00ee00c3
00c300ae
00bd00d7
007b006d
008f0072
00aa007f
00a800a0
00bf0081
008b0087
008800b3
0080006f
00920086
0077008a
00aa00a7
00750099
00a00097
00d1009d
008d00e8
008b007b
006d009a
00750076
007f0083
009e0081
007b007d
007e007c
00960086
00ad00b7
00a70076
006900b1
00c700af
00c600ba
007f0069
0083007d
00a1007e
008f006a
00730052
007a009d
007e00bb
00a700a7
00720093
00950096
00be0093
009100a2
0076009b
007e0099
005d008a
00a800b3
00930088
008f0075
0097009a
0085007f
00b3008d
00bf00b2
00a900a0
010300b7
00c700a5
008500cf
00870093
00b70076
0086005a
00a50063
008d0077
008d008b
00c8008e
00b00076
009e006b
0085008f
0092005a
009b009e
0089008e
008b0081
0091007f
008b0091
00880071
00bd0091
00b100c3
00b50070
007700cf
009b00b9
00ba00c2
009700af
008d00ab
00750081
006b0054
009f0088
007700cf
0080009b
00a0009f
00960089
008a0099
008b0084
007100aa
009f0075
00700073
00800055
007000a7
007f0047
006f007d
0086006b
0087007d
0095008d
00920091
00a7009d
008100a2
00790078
007f0096
00710077
00720060
00bf0083
00ce0092
00ab00b0
00a80080
0092007f
008c00b2
00930091
006d006e
009d006a
00820087
008c0080
00970078
00ca0095
008b00b1
00c10085
00b30075
00c30093
0087008f
00a2007a
00b900c1
00a000a2
00b0008e
00c500c1
00890066
00be007d
00c0009a
00c30087
00c30099
008d009a
008900b5
009300a5
00b60097
008f00b7
00b00086
00f100d6
00d80088
00b200d5
008f0098
008200b6
00950052
009d008d
00a200a1
0081009d
009200c6
008e0082
00770076
0079006b
00900092
008e0085
00710095
008500a0
00b5008a
0081008a
0073007c
00b300c3
00aa00ba
00850085
00d100ae
009b00ad
00e000e1
00b700e0
00b200bd
00a300ad
006d007f
00570059
009900ad
008f0065
007200ae
00a3008b
007b0087
00a800a6
008f008a
006c0061
007e0080
00990085
00820092
00860093
00680066
00770081
0097007a
00b000a6
00b90091
00bd008d
00d7008b
007900b2
00a8009a
00c500a5
008400a6
00de00a9
008400e3
008700ad
00840072
007300ce
00910097
009a00a2
008100da
013e00a5
008a00c0
00a500c5
00a000d2
00a800a7
00a200b9
00a500c6
00b00087
00a600a0
010b0122
00ad00b0
00f900a1
007e00a2
00bd008d
008f00c3
005a0079
007c007f
008d0067
00590095
0087008b
00760086
005a0068
005d0076
00ba007d
00810061
00b200c1
006c00aa
009100c0
00990080
00a7007e
00c10087
00ba00ad
00e200eb
010000de
00ab00b9
0089007a
008d00be
008d0097
00cb0095
00810063
006a0082
00900079
00740073
00880066
00b00091
0062007b
00760071
00980071
00b300c6
00820092
00b500ba
00830097
006f00a7
00b60092
007b009f
007b0071
00cf00a9
008700d7
00c2009e
00a2008f
00cb00e3
00cf009b
00cf00ad
00bb00da
00960083
00b00083
009b0086
009d009e
009a0099
00a700e5
00b700bd
00890055
009e008d
00750071
008b0082
00720066
00860093
0082008f
00740065
006a008b
006f00c3
007d006a
008d007f
00a2007d
0067007e
00670081
00810073
00b8006b
009100a0
008e00d6
00aa0092
008f00bf
009500b2
00ab007e
008700ab
0092006d
00cb008e
0077005f
007800b1
008a006f
006e0074
00720088
00890069
008700a0
00c6008e
008d00b6
00a900c0
009d00b3
008800b5
00bb00af
009f00b3
00ad0092
00950098
00c000a0
00aa0097
00f000c2
00b200a6
00a100ad
009b00a2
00cb00c6
009800b5
00ca00f1
00d100b8
00f500d2
00ab00a5
00e200d1
00d000e3
00980088
00810078
008e0096
009500da
00d900d3
007c0099
009b009e
00620086
0082007b
006e0086
0096007a
007200b9
00b00069
00980073
006d0098
006a00b5
007300aa
0099008a
00b00075
0089008a
00a30086
00f50079
006f0088
0098008a
0083006c
00770092
00860051
00790082
00890069
0071005d
00600077
00560058
009b0084
009b0092
011d008e
009b00a0
00b5008d
00c8009d
00c000af
00cf00c5
00b000c6
00e00107
00b7009f
00ce00d2
00b500b8
00d500a3
00b60096
00a100f2
00b100a6
00a900a9
00ba0092
00b800a0
009a009b
00cb00be
00870091
00b7008f
00b0007d
00920076
006e009f
00a900b8
00870073
0083007f
00a500a6
00b000ae
0082007e
007f0091
00c20095
00c6007d
00930085
007e008f
009b0096
00af0090
0075007b
00830085
009d007b
009f009f
00a300a8
00a10083
00770086
008b0083
00990079
007e007e
009500a0
00b9009e
0091007c
00be00f9
009a00ad
007f0092
00650058
008b0065
006d0093
00710079
0084007f
006e0080
008700a7
00860078
00aa006d
00770071
0086007b
00bb0087
00da0088
00a80082
0078007d
007e0090
00a1008c
00af0073
009e0092
008a0082
0081009e
00b000b6
00bf008f
00a2009b
0072006f
00c9007e
008e00ad
007e007c
006e00ab
00870097
00850085
0071009d
00950079
0097007a
00bd0085
00a200b0
00920095
00760084
0075009f
007100a7
00c500b3
0081008b
009f0090
00af0090
008b008c
00bd009b
00b30084
009f008a
0083008e
0072009a
00790076
0082008f
008b00ca
00650066
008b006f
0083006d
00a200b2
0088009f
009600b1
009a007b
00a00084
009e007d
008f0085
0087007b
00c2007c
008a00a3
00920087
00e60081
00ae009e
007a00a6
00830099
009300a9
00e1009f
00960077
00a9009a
00d200c8
00910076
0073009a
00af0095
008300a8
00690052
00860085
0076006f
00860083
00980067
0082006d
00890089
0097007f
007a005e
00770089
0084007f
0097006e
00660089
0078008f
00620076
007e0075
005200b3
0070006c
00a00087
006f0075
0087007f
006c008b
00920077
0059008b
00a10072
0082009f
0093009e
008300c0
00bb0090
00920092
006f00a6
00970079
00920096
00bd00ae
00a5008a
00a8008e
007f00c3
00b100d6
00c100e7
008d00a2
00850091
009f0096
00a30081
009e009b
008100b2
008500cd
00da009a
008d0087
00870074
009700ae
008900a6
009a00a2
007e0081
007f0089
00900099
0065009b
0069006b
008e0085
0096008d
0080008b
0087007d
00680083
00a00098
0093006c
0082006c
009a0091
0088007b
0093007d
00780078
009b0082
00870093
007e0086
00e10068
0075005a
009900a5
00a50087
00b00070
009b00aa
00ca00c8
008e0079
006e0071
0096008f
0068005e
00650083
005c008a
0072005d
00820078
006f007a
01070083
01000157
00cd00e6
00af0102
00a000a8
00bb00dd
00c300b5
00c0009e
008b00c6
00d3007f
009a00b2
009200cb
008e00b5
00a300b7
006a00b6
00be00d2
00990089
00cd00b7
009900b2
00a20075
00b60087
00920097
00aa00b7
00a300ba
008f0078
00b50091
009900a0
007400a1
008000a3
0096009b
0077007c
008800b8
00920109
00d90084
00970159
00af00d0
00d7008c
00a900af
00ae0099
009300b5
005e007c
0072007c
00b60098
00b800b0
00a5009b
00d90093
0091009a
00a1009d
009e007f
00eb0100
008f00a3
00bf00d0
00b200bb
00a000b3
008f00fa
00ab00d3
0099006c
00a300bb
006f00f5
009f009b
00aa00a2
0093007e
009e00a5
008f0085
006b00ab
008d0064
006b0081
00810079
007f00b5
009d0085
007e0096
0098006f
006d007b
007e0092
008c0084
006e005d
00a300ad
0071006a
00a10085
00680081
008b007e
008b00b6
00ce00b6
00ad00a7
00c000e1
00ba006c
00be0071
008f00a0
009b00a6
00e300a6
00970101
009900b6
00c800a6
00be00bf
00b20071
00a8009f
00a3007c
00a90076
007b007e
0089006b
00ad0082
00880077
009a007f
00750077
009600b9
008b0081
009200a1
0096008e
00a200a6
00890081
00af00a3
009600af
00b50087
00f80091
00b700a0
009b0085
009d00bb
00a60087
00a60093
009100b1
00c901f7
00f60113
00d800fd
00ce00da
00d200aa
00ca00b9
00c20132
00d800f2
00a200a3
0074008b
0080007b
00950093
00a200a9
00b100a7
00f50096
00d3009d
008b005a
00ad006d
009e0076
008100b0
0091008a
008b00bb
00630095
006d006b
0076005e
0073005f
008e0063
00670066
0072007b
00790075
00840063
007d0065
00820064
0076007e
00a5009b
00960076
007300ae
00890099
008d008a
00ae008c
0097005b
00ce0071
00690086
0061005e
007a0077
00620082
006d0081
006e007f
0086007d
007e0095
00af00c7
00b5009b
007c007e
008d00b3
00a300bb
00930093
007d0072
00bf007b
008d009a
009e0081
00c2008a
00b300ad
00a700b1
00ae0081
007b0082
009900b5
008e008a
00ad00c0
00e900b1
00a900da
00a300a0
008600a9
0077007d
00990079
0081008c
008f00a1
0079007b
009100b7
00690083
00950081
007200c7
0073007d
006f00a2
009b005f
008b0091
007d006a
00850092
00a1007f
00a60093
007a0089
00830081
00b200b0
00800068
009f00c3
00e50097
00ca00b3
008b006a
00be00aa
006100a9
00ab00c6
00cd008d
00860073
008a00a7
00b80091
007e00a2
0079006e
006f007c
008100a9
00b800cd
00ad008a
006c0086
008b00d0
00870071
00a30073
00990083
00a800a0
00a800cd
00b00097
0090009e
0096007b
00ad006b
00a80082
00d10099
00ab00cd
00b800bb
00be00c2
00b800c0
010e00b9
00750081
00cf0096
006e0098
00aa009a
008a008f
007c0081
00750089
008b005b
009b0091
008e006e
00a60097
00a900bf
008400b5
00830069
008400a8
00890084
0056006a
007e0081
008e0065
008f009a
00890069
00710095
00890092
007b0076
00f2007a
0092008a
0092008a
00b6008f
00b6009b
0080009e
00800095
008700be
008c0076
006c0056
00900077
00960097
008e00a9
008900c2
00be0081
009800b0
007c008f
008c0077
00ae0080
008a00b9
008f00e3
00a100a2
008600b6
008c0091
00a3008e
007f0086
00540071
006c0077
0069007b
00a6007b
00730086
00800098
00720062
00860064
006f0090
0099006c
007100a0
006f00a1
008a0073
009d0063
007b0095
00950093
008a007c
006c0097
007e00a0
007d0077
00a0008a
00a30081
009e0086
00a00084
00b8008e
00b000b0
00ca00a1
00b3008e
008d00af
008b0089
009d00b6
009f006b
0091008e
008e0082
00a900e6
00b00087
00950081
00a600a6
0078005e
007200c2
00990099
00eb00a8
00950086
00bb008d
0090009a
00a700b9
007700ba
006a0086
005f008e
008200b5
008300b3
0072006e
005f0074
00a0009a
00650081
0075006d
00530072
00630063
0065005d
007b0073
006f0062
006b0078
0069008e
00c9007d
00ad00a7
00bb00b0
00be00bf
009e00ae
00db00ba
00b10086
0071006d
00860069
00950092
00720068
00af0091
00960066
00780077
007200a9
00a10079
00920066
008d0073
006e007a
007e00af
009b009d
008b008b
008f0083
00b600c5
009b00b2
00be00a8
00b100ad
00d1009b
009100a9
00d50096
00cb00da
00cb00ca
00f20169
00f300ef
00df00de
011700c2
00fb00f1
00db00be
010700d3
0093007c
00d50084
00a20092
00b30097
00c0008e
009200a7
009200b5
00a700a2
00cf00b7
00b50097
00a60092
00c60093
00c300d1
00a700ce
007600b5
00aa008e
00a6007d
00f9009e
00b200b8
00d000c3
009700a1
00a600b3
00ad00a3
00c9008d
00810079
007c0081
00ae007f
00a10079
0075008f
00a0009a
00860091
00ad00a3
00b10074
00fb0095
00b600b2
009800be
00de008f
008500b1
00a300bf
00920093
0074005f
00a3007d
0098006e
00a10096
0071008f
00700075
006d008b
007a0066
00a000a8
00a2008f
009e00b6
00a100b7
00ae009a
00c500b5
007f00a3
00b600a9
00c000a2
007b00d9
009b00b5
00d800e0
00bf00cf
007b00c5
00ab00a0
00af00a5
00a90070
00af0092
009d0081
009a00b5
009e00bd
008100a1
007600a0
0099007d
0097006b
0096007c
00920092
00860095
00b5009e
00a100b0
00850086
0083007f
00a000a0
00750098
00b9009d
008d009f
00aa00b3
00f200af
00c700d7
00c800a0
0096009d
00bd008b
00ae00cf
00b10096
00e00098
00a70097
00a9008e
008a0081
00b2007d
00a3008a
00c700bd
00970082
00af00db
00aa00b0
00920085
008c009b
0081005d
00970077
0075005a
00830071
00780067
00a20060
00650065
00970080
00ca0096
00a7008e
009900bf
00ad00d3
0093008a
00a900c3
00ed00b6
00ee00c6
008b0084
008a008a
0080008e
0063007e
00a00098
0075009d
00860087
00950085
00820083
00790093
007d00a1
008d008e
00820076
00710072
00830076
0075006b
0162015b
01620115
00f0016b
010e013e
011100f3
015700f3
01150167
00da0160
009b0065
009e0076
009e00ae
00b20091
007f0087
008a009b
008c0073
0083007d
008a008f
009200a7
00ad00ae
00a000ad
009900ab
009200be
00b2006f
00b6008a
00750083
00b2009d
00a30097
00bf008e
008e00ba
009b0091
0081008d
00a9008f
007a0074
0099007e
00c1006e
00a2008f
006e00a6
00950066
0076009b
006f00a6
007700a7
006b0083
00690087
00870077
00cd0056
008c0058
004f007b
0080008c
00d6010b
00c300b1
00de0103
00bb00d1
00bd00d7
00b200e2
00cd00fb
010200f1
005c0056
00810080
00970091
007c007e
009200af
0066007e
00850083
007a0073
0095004e
00810068
008d0083
00660077
00770083
00880083
006c0081
007e0077
00c2009a
00b8008e
00ad0098
009b00c8
00be0098
00c000b0
00aa00d8
00bb00c9
00a900bb
00cd00a2
00f600df
00ea00c8
00ca00c9
00a500ca
00b8009f
00d900d1
00610059
005e008e
005f009a
0071007b
00620079
00770077
0077007c
00770083
00a800a9
00e50080
0096008b
00a70093
00790098
00fd00ab
00ad00a8
00c2009b
00990098
00ad0071
00ad008c
00c700dd
008000ae
00bd0085
00b70085
00790083
00770057
0087005e
008400aa
00b0008e
008000b7
0091009b
008f0092
00960092
00c300c1
00c000c0
00ee00aa
00eb009e
00a6008e
009800cd
00b90098
00ad0093
00b80081
009800a5
00a30092
00620092
0085007b
006d0078
006a005d
00660096
007e0082
007c0065
009e00cb
00b800b3
009a00a8
007500b5
00aa008c
0095008e
0098009b
008a0111
00a700c3
009f0098
00d0007e
00a700b1
00a700fb
00be00ce
0091005d
00870096
00b10081
008d00a8
009600cf
00900097
009200a7
00a5009e
006b0057
005f0062
00920095
007c007f
0081006b
0062008b
0062007b
007e0058
006a005c
0093005f
007a0069
007a0075
00720082
00b10089
008d006b
00a80074
0075007b
0082005e
00850098
00a600a9
00ae00b1
008a0091
00a30089
007d0076
008c006a
00730082
00950087
00870086
009e00bd
0071009e
008a0090
00840065
00640064
0076006a
0079008c
007b0089
008e00b1
00790074
007f008a
00ab0077
0073006b
006d0082
00720085
00970093
009900b0
00770087
007e0080
00720095
00a3006a
00920087
00b700b8
00a600c2
00b100a0
008300a6
00a80089
009700dd
0056008a
00a30079
0073007a
00830092
008b0091
00690073
009b0062
007b00a3
009e005b
008900ae
00a00092
00a200a8
007a0082
008e0086
00b00087
0093007f
0096008d
00e2007e
0082009e
0097008a
00aa0072
008b009d
00a9007f
009a0076
00950084
00770081
008e0089
008f007b
0085009a
008b006a
009d00a5
0084006e
00850060
0086006b
0085008b
007a007d
007e00a8
009e009a
0096009a
009a0092
009b006d
00900098
00da008b
00a900d0
00da00da
00a2009e
00b60077
00a8008c
0077006f
008f0081
0087007b
00770096
00990098
0092009d
007f008e
007f008e
00c6008e
008f0083
009200ad
00cd0083
009300ed
00aa00a7
009f00b8
00a800b0
00bd00e5
008600f1
00b500a5
008100a6
00ca00b9
009500b0
00dd00ab
00ae00d1
008a008a
006100a0
00bf00a6
007a008e
008700a9
0096005d
00c200b0
009f0077
008e008e
00cd0076
008f00a5
00d200ad
008f008a
00ab0087
00a30091
00a700cb
007900b1
008b0095
00830064
00a500e9
00a6008d
008000b9
007c00a9
0098008e
0061007c
00970078
007e0078
006a00b5
0066009b
00630074
007b0096
006c0095
0091006d
0099007d
008000aa
008c00ab
007700cd
009200af
0083008b
008b008d
0077006e
007f0076
009e007a
0085009e
008600a9
009b008c
007100ae
00a00076
00720062
00b600d6
00900072
007d0076
00860087
008b008d
008f006b
00770069
00670077
007e007b
006e0076
007f0095
0092006d
009000c7
008c0083
0073006a
008b0076
008a00a1
00d20125
00c300bb
00cf008e
009500df
00a80098
00e100ad
00d1007d
009a0074
00a1008f
00a200af
00ab00ca
00d10098
00ae00b5
00ab00ba
00ca00cd
00a500ff
0087009b
00bd009d
00b500af
00a20092
00d100af
00b000c1
00a00058
009d0097
009a0097
009900bd
00890070
00a5009a
00cf009d
009b00c0
00860065
00930081
0083007a
008e0092
008a0078
006f00c1
00690085
008f0064
008b0088
00730073
007b0083
006c0098
008a0077
007800bb
00860085
008e008b
007e0069
00a3008f
007e008b
007f006e
00a30082
00b60083
0065009f
006c0092
00720079
0073006e
00990080
00b20090
008e0082
007500b1
007500a3
00ae0096
007b007e
0095006c
00a50099
008700ae
00a60095
009300b0
00a600a8
008e009a
0092007b
00830065
008d00a0
007800ba
008e008f
00a900ae
00770093
00b000a7
0061008e
007c0081
00770085
00920099
009700a5
0066008c
007a0081
008b007b
00770091
008b009e
009d00b0
00aa006f
00c500c9
00b60077
00d300aa
00d600a5
00960080
008b0095
00a300c5
00e300a0
00aa0086
00b800b1
009300c7
008a0081
008c009d
006d007e
008f008c
0095009f
008d006e
00c100ab
006800a8
007f0098
007c0061
00a1008d
009b0093
0091009e
0075009a
0069007b
00730074
008a006c
00db0092
00a300ca
00f600c5
009600fa
00b000d8
00c600ca
00c6009a
00ab00d1
009e007a
009600a7
008e00a1
00e0008f
00b90087
008300bd
00d80099
00da00d7
00760078
007700a0
00690098
00a70091
00af007c
00ad008a
00750097
007a0084
00820077
0085009d
00950095
0097006a
008a0075
0066008d
0083009f
00790076
008e0090
00b1007a
00ae009e
00b600b8
009a0098
00a900bd
009e008d
00a900b6
008600ad
0098008a
00b300bf
009d0069
008d0091
00ae00a5
007a0098
00a9009b
008a006e
0066009f
00a8009a
009a009d
009d0089
009b0098
00b60086
00a80093
0089007c
00ab00af
0093007a
008b008d
006b0096
006e0082
007e0079
00640062
00850092
00950089
00c60093
00b600d5
00d200e6
00bd00a8
009e00e1
00a70085
00690091
00800099
007d0098
009700ab
00aa0072
008f0079
00a5008b
008b004d
006d005b
00850083
007d007d
00700087
00860080
008300aa
00990097
007e0065
00770058
00790081
007b0093
008d0099
007c0087
00c60091
0083009d
0075008a
00820088
00a80066
006f007d
007700b0
00aa00c5
00f30077
008100b2
00ae00b3
006d0069
0085007f
008e0085
00a50080
00770091
00a6008f
00a20099
008d008e
00a800a9
00980081
00ef00b8
00d80098
009700f9
00d100a8
009800b0
00c300da
009e00b7
007f0084
008300a0
00870074
006e0063
007a00bb
0071008a
00b2008f
006f0046
009f008c
006e007c
0085008b
008300a9
0089007d
006c00a1
00710082
00b500b2
008c00c5
00d800e5
00a300a3
00e000cb
00b500cd
00b200b1
00b900ab
00d00098
00d100d6
00c700dd
00c500f0
011800d8
00e300da
00c000eb
00cb00ed
00920079
00810078
00870076
007a0087
008b007f
00860081
00b60097
006600a8
009b007f
009f008d
00bf00a7
009600a1
00a700bf
009b0075
0073007b
00910097
007b007f
00860097
00a50081
00a00085
00a3008d
00a900bf
00a20093
007f0092
009e00a8
00a000b8
00e300a0
009800a2
00a000a5
00c300d8
0096006b
007700cd
006d005d
008b0095
00a70088
007d0086
00ad0099
00770087
009b008d
00840096
00b50073
00a10073
00830064
00710081
007500a2
00a0007d
0079007d
008f006c
008c006e
0086006a
009a007b
0080009d
008f0079
0065006f
00620091
00710059
00ae0091
00ce00d3
00c500cd
00c600a5
00c300c1
00d200a0
00b100a7
00ab0097
0091008b
00a50091
00b9009e
009b00a9
0096007f
008f009a
008c00a2
0093008d
0070005e
00950068
00750079
00880095
007600c9
00860079
00660091
006e0096
00980062
00790076
008200cd
007b00b6
006e007d
0085007e
007600a1
006200a6
00970081
00710075
0083006d
007e007b
00a9006c
007e007b
009900cb
00730080
007c005a
0067006d
007800c2
0081008b
00b6008b
00820061
006c0081
00730070
0088008e
008f00a1
00b9008c
00cd00d8
00d600e5
00b80099
00b50096
008200b1
00810062
009e0063
008700ab
00c30088
007c006b
0085007d
00820082
00b1007e
00920065
00c1005e
008d00aa
008600ba
00ae0098
0093009b
009200b7
00bd00a9
00a800b1
00b9009d
00a300a9
009000be
00ee0093
00730097
00cd00a8
008f009f
008f0063
009e0097
00a000b2
0087008f
007a005f
0082008b
00620074
005b0092
007b00c6
0067008e
00bd0075
00a90087
009d00af
00a0008a
00b3008d
00bb0087
009d009a
0081007f
008100a5
0089009b
00890098
009600c0
00b800ae
00ab008a
0063005e
005d0089
00960084
0079008e
00670076
0093007a
0083007f
006e0074
008b0071
00a50075
008f007b
008e00ba
00a7009a
009a0098
0097008d
00a000a5
00890077
0090007d
009200a6
007a009b
00ad0086
00730080
00920095
009200af
007400a0
008a0092
009b00c1
00af008e
009b00ad
00b80096
009b00b2
009d00b0
00560071
00720078
0087005b
00890082
00730069
005b00a5
00900085
0065006d
007f006d
007a0076
007e008f
008b0086
00a10089
00840086
0095008f
00a50086
008e0053
009000ab
00990082
00c50095
009e0087
00cf00bf
00d70083
00a700c6
00970073
00920073
009d0092
007d0082
009e0067
006d005a
009f00a0
009500a8
009f0089
00ab00b3
00b500c6
00cf00bd
00a000fa
00ee00ba
00a600b7
00c200a3
0109009e
01220116
009700c6
00d50086
009100b2
00d600bb
00ae00bd
007800e6
00b700fb
00de00de
00e300d6
00a600f0
00a900c3
00d600d2
00ee0109
00a000c1
00860066
009a0092
00840079
00860069
007200a7
008100a0
0089007a
0087007d
00cd005d
008f008a
00870080
0082006e
0091007e
00b30081
00710081
006f0087
006e005e
00810077
006b008f
00500059
00530065
007f0091
0066007d
006f0062
00b300b2
007b0082
009600d8
00ef0096
00a10092
00d30096
00b000b1
007900b8
00650079
006b006f
00850092
00c3009a
00750091
007f0075
00730066
00a90089
0088009b
00890086
00a500aa
00cf00b8
008c00a6
009500c0
00910098
009a00a7
00b00093
00af007c
00980097
0091009a
008d0091
008e0097
00a30081
009b0081
009d00db
00a200ab
00910086
009b0084
00c60092
00a6008a
009a00b0
00c200c2
00950080
009b00a1
00a900b9
009e00bb
00c700d7
00ad00ba
00920096
010700e1
00640057
00a60077
007e008a
00e90087
00d50096
00ae0092
00a6007f
00850092
00860055
0075008b
0073006e
008f0056
00830090
00790081
009a005f
00800073
00aa00c8
00dd00af
00ca0096
00c700b0
00c6007d
00be009f
00a00099
00c600be
00610082
00760088
008a0077
0077007e
00a80065
0072006a
007d008d
008b009a
00a50066
009f0093
00c70083
00aa00ae
00b600b5
009e00a9
0096009e
00c60093
008b0076
00a10088
00b700b2
00c100a7
00a8009e
00b7008e
00c500af
007d00aa
00ad007e
00a10086
00c800a0
008900a3
009b00a0
00920082
00840072
00a80079
00970092
00820087
00910069
007100a0
009a00ad
00750089
00b90096
00720077
008d007f
00d50093
00c100ed
00a300a0
00c600b3
00b000ab
007e00b0
009200b8
00a900bf
00b800a5
00ee008c
00df00d3
00a900f1
00c200c0
00b600b7
00c700a6
008100ab
009200a9
0076008b
009300a3
009f00d3
00de00a8
00950072
00950076
006f0075
007900a0
008b0090
006a0089
0077007d
006f0071
009300aa
0083008c
00c70097
00a500a1
009600b6
00b20095
009e0092
00bb008d
008000a1
00ae0093
00710041
0076006b
006b007b
008b0070
00510067
006f0072
0061009e
006e0082
0082004d
00730073
0077007d
008600b1
0080007d
006c0086
0066007c
00900060
007300bd
009800b1
00970079
00b200c2
00a700bd
009f00b3
00a300ab
009f00cb
005f007b
007f0070
00650087
0057007f
007e006d
006e0063
006c0089
006f0062
0098006f
0074007a
008000d7
00be0077
009e007e
0070008a
00730090
00820081
009f0072
00a300a1
009300ef
00850095
00870093
00bf00e3
00b800d0
00a2008f
007d006f
007c0085
00880081
00c0006d
008500be
008f0091
00a30091
00e30091
00a3007c
00a7006b
00bd00bf
00d90095
00aa008d
00910097
009100ae
00e600c8
00a00086
0090006b
00890096
008d0097
00aa007e
00b10075
00a3009a
008400cd
00960097
00d800bd
0097007f
008100ba
008a0086
009b0091
009900a5
008d008b
0071006a
008a0083
00930098
00a50097
007d007a
00a50076
00810097
0089005b
0087007e
00970099
00b0008e
00b200cb
00d1008a
00a900b1
00c10083
00c300a6
00aa0086
00cb0099
00a800ae
00c900d0
00f000b5
00b500a9
00b100cf
00e300be
00900075
00890063
00bd00aa
008e008f
00bf00a0
00a200af
0073007f
007e0072
008a009d
00bb009e
00890088
00ad00a0
006f00a7
008300a0
00b0008b
00810073
007600ae
00a90079
00970070
009d0085
00830085
00a60076
00a000ad
0086008f
00750075
008d00b3
00a9008a
008f0099
009100a5
008f0083
00da006a
00a50074
00db0096
00ae009a
00d80093
008a00a8
00ad0095
00b2008d
00fe008e
00c100a2
0085008a
00730078
00820070
00900093
00a70092
008b009a
008a009e
008f008d
019e0215
01400129
01990160
0147013b
010300d0
00d500d6
01030169
00ee00d3
00c50091
009e0086
00c100b3
00cf00b5
00d500b5
00d500d1
00af00a1
00ab00db
00970067
0095008e
00960085
0084007f
00c9008c
0095009d
00aa006a
00780072
00a100b0
00e60093
00a300c1
00a0009e
00a200ab
009b0089
00910090
00c00103
00bf009f
00a700bf
00980086
00af00ab
008100b3
00970089
0098006f
00860079
00730081
006f006f
00920091
00a70098
00a10091
00aa00c2
0089008b
00870093
0085004f
0093006a
007a007b
00760091
00a50088
0097008f
007a008c
00730092
00b1007f
00b600b2
008800a5
008b0071
00a1006a
009600aa
00610080
00960076
00aa007e
007d00bd
00aa009d
00ae00ae
00a500a1
00970096
009b0087
00a60085
0069008c
007e007f
008d0091
009b00b9
007b008d
0087007c
00ca006d
008e00b5
00600053
00b20099
0067006e
007e0089
00960069
00660089
0078006a
00730079
00d100c5
011100a0
00c700f5
009e00c9
00df00a1
00a100bd
00c000ef
00c100a9
0087007d
00a90097
008e00a0
00e60089
00970092
00b80099
00720098
008a009b
007d005d
009e008f
0083009b
00760086
0083009f
009b00bb
006f0091
0072007e
0091005a
008c0087
0082006a
00740086
007e0066
007b0076
006f0081
0070006b
008c0062
007e0089
00a90075
00a900a3
009900aa
00930084
008e00a5
00a2006b
00870089
00960091
00910089
00b600d0
00b300ab
00b800b0
008e00c0
008e00b0
0078009f
008d0083
008e00ad
006e0073
00b60075
0077007d
0076009d
00830089
00bd009b
009f008a
00a10098
00b000a6
009b00ab
00be0096
00be00aa
00be00a6
008a0077
00880069
00bd0075
007b007b
008e008c
00c20073
008100a9
00770096
009f006b
00af00b6
009500d6
00c80081
009200e8
007b00a5
00a00099
006e00a2
00c1008a
009f0090
00b70081
009300c1
00a90092
009f00a6
00c90088
009800c2
00590065
009500aa
0098009d
00c9007e
00b6007e
00b8008d
0079009d
0067006f
00b00087
00af00b1
00a100db
00ba009e
009d00ed
00c8009d
0093008b
009f00c9
007b006e
0099006d
00a5008c
009500b9
00b5008e
00b8007f
00a8008a
00a800d1
00a90087
00e3009b
00ca00d2
009700ca
00c600bf
00ba00db
00a60093
00a200bf
00a30067
00ae0081
008f00a6
00e600be
00a6008c
009a007a
00a00092
00810090
00b00092
007c00b2
00b700b6
00be00c8
009100cf
00ae00b5
00c9009d
00a60096
00a10065
00b30079
00c60099
00aa00aa
008d00b0
009300b9
007e008f
00e30086
0082008e
00850084
008a0096
007a0097
008500a3
00ba009d
00a60067
00a8007b
00a5007c
00cd00b3
00930070
009300b3
00970073
0089008c
009e007a
0088006d
008b00b8
009600af
00af00b0
00880095
009300a6
00c80092
009800be
007a008a
0071007b
00810077
009e0092
00de008e
00930099
00ce0097
009b00c1
00c100b6
00770080
00ba009e
008200b8
0073007f
007b008f
00800095
00aa0083
008300a0
009d006e
008c006e
00880086
007e007d
0082009f
009b00a9
0083007d
00820093
00a000ae
009f0098
008d00ab
008700b2
009800a5
00b30098
009500a2
00bb009f
00790089
00920089
008300a2
008d00cf
00680091
008e007f
00860097
008200b0
00a7007d
00c60099
00ae0083
00d200be
00e800b2
00ce00c1
00af0099
00ae0129
00750063
0093008e
0088007e
008d00d9
00da00a7
0073006f
00c6009d
00850099
00c700cb
00e300ef
00d10096
00d700b8
00bf00ad
009300bb
00a300b5
00d100a2
007b008e
00d2009e
009900a2
00720073
00700082
0067007a
006600de
007a007a
00860099
009f00b9
00bd00ad
00d000cb
008f00ab
00b5009b
00b700bb
00a1009a
00920096
00d70083
008d0085
00b10085
00990098
008d00a3
008a008f
009f007e
0079006a
00b50088
007100ad
00810092
006a00d3
007100b5
00a30099
0083008d
0064007e
0091007f
00b300a2
0091009d
008300bf
00bf009a
0079006d
00910080
00a50066
007f009d
00a50080
00890096
009600c3
008e009a
007e00b6
00f00093
00a1006a
00720083
008e0081
008700a1
008b0083
00820087
00920076
0081007f
00880055
00a20086
0076007d
00860079
00830086
005c00a3
00ad0078
0065009d
0078005e
0092008b
008e0093
0074006f
0075009b
008d009e
00930066
008c0090
00710073
0097006b
00a1008f
00a500ca
00970086
00a80093
008500bb
00770098
00720065
009e008e
008f0078
00800086
009300a9
0079005c
00620065
00790050
00620072
00780077
00a0007c
006c00a6
008e0083
009b0073
007a0069
007d0077
009e0075
00a7008c
009f00a8
00b700ab
0086009e
007800a6
00860092
008500a2
009a00c2
00b100a3
00b600c2
009f00b6
00b000a5
00e100c2
00c600f5
00b700d1
00b6008d
00ce006d
00b500b5
00b100d6
00a000c6
00d000dd
00f600d2
00d500d2
006c005c
00760077
009500a2
006a007b
009d009b
00720074
00b0007a
006f009b
00c9008e
009200a5
00ce00c9
00a900df
009300b5
00ad00a7
00d700bd
009f00a0
00820063
00ef0074
009800b9
00830099
00c6008f
009d00d6
009a00b0
009300b9
0091007d
00b8005f
00900087
00870078
0091006e
00a50079
006c0095
0096007f
00850090
008a007d
00890070
00b200da
00e8007e
00a500a7
009b00bb
0082007b
009d0066
007a00a3
00790086
00b50079
009700d3
008d0087
006b0089
0071008d
00960089
00ba00c0
00a600f9
0075009b
00c9009a
00a5007d
0083007e
0086005f
0082008e
00c10099
007f007f
00810093
00b3007e
008500ab
0079007f
006d0076
00620069
006d007a
00830091
009900b1
00a5009d
0076009e
008b00ab
008600aa
007b007c
005b007f
00ad007a
00730087
00810075
006d009f
0082006e
007e00a2
008a005c
00970092
00820082
00a1009a
00750095
006e0077
00a300a0
009e009b
00a50069
00780075
007f00a1
00e90066
008100ad
00850079
009200aa
009300a8
00aa00e5
00a100fb
00b900b0
009e00af
00de00f8
00dd00ed
009200dd
00c2009b
005a006f
0067005a
005d004e
00600085
00470062
0060005d
00700057
007a006a
00c1006d
007e009f
00c6008b
007f007a
00bf00c3
00bd00f3
00a20093
008d0086
008a007c
009f00b9
010d0098
00ab0087
00e200c2
009000a6
00d500a1
00bb00b7
006a0066
005b0067
006a008f
0082008b
005d0063
00610087
00790076
0087006b
00690069
0075007f
00910083
00a6005c
007a007a
00a8006e
0060006a
007a0060
007300a1
0097007a
00d700a6
00af00ca
009e009b
009f00ae
00ba0098
00890095
006e004b
00780060
008a008e
00a7006a
009300a8
007c0082
007000a9
00860075
00810076
008d0070
009b0076
008d006e
006f008d
00910092
00700089
0093008a
00740089
007d0083
00840099
009800a5
008700a3
00b60087
00860098
007d0078
00680072
00810092
008d0092
0081009e
009f008b
00820091
009200bf
00740096
00a5007d
00d000a5
00cb009a
00b100aa
010000de
00cb00ad
00ae00b8
00c50097
009a0093
00c000b1
00b800ed
00ab00b0
00c800cb
008900cb
00a10086
00b300a3
0072005c
007c008d
00a200a2
00cd00a5
00920089
009d00a7
00840072
0076007d
0063008c
007c0093
00720081
007800a3
00730072
0076006e
007b006c
007d0069
00790090
00a30099
008800b7
009300a2
009d006d
009a0073
0075007d
005b0079
008a005f
00a9008b
009a00a5
009b0071
00bf00c5
007600be
008a0086
00a600a9
00a000c6
00df008d
00be00a7
00aa00d5
009b0099
00a600b9
008f00c8
00cb00b2
006d0066
008f0072
009d0073
009e007d
009200cf
0097008d
0062008b
0095009a
006a006c
007700ab
009b00b7
00910093
006c008f
006b0070
00920088
009b00b7
0098006f
00970085
008700a3
007900ae
007e009e
00b80091
009100c2
00ae00c0
00960092
00a6007e
00e80098
0085009a
009800a7
008800cd
00ae008f
00dd00a9
008b0072
00790086
009b0072
00930088
007d008e
008c0097
007b007b
006200ab
0083007a
00860089
006f0098
00ae0083
009100b3
009a0073
0098008f
008a00bf
0091006e
0092008b
009a00d7
00840083
008400a5
006700de
00a3007f
0099009b
008e0071
008b007a
00c90085
00b900b8
00960096
00a00095
010e0091
008500a1
005000a9
0087009e
007e0074
006c0083
008b0069
008d00a6
006e0098
00670083
006e0075
005e005d
00930056
0083007d
00530087
0057006e
00840079
00630085
00a0005d
0079007e
00a5007e
00980093
009f0095
008e0068
00b7007d
00970076
00760085
00be00af
009a00c2
00cd00b2
00bf00a6
008a00c6
00ad00b5
0098007a
008f009e
00920082
00a0006d
00750082
00960098
00860076
008e007a
008d007f
00900059
0098009a
00c70071
00a7007f
00710077
0098007b
0075006e
008e0076
00840080
008c00ca
00a50090
0084008a
00fd00a3
00a90099
007e0085
007d00d9
0065007d
00830070
006d007d
00b5006d
007a0083
0076007e
00750075
0067009d
0080007b
009f007b
0082006f
00790073
00950087
0079008c
00a20096
00920085
00a300b1
00a600ab
00c300c1
009500a7
008500b6
00ca0093
00960098
008a0097
00b500b2
009500b0
0098007a
00b100d3
00920085
0079008e
007f0091
00a0009a
00a6008e
005a0093
008c007a
006f007f
009600ae
00810096
009100d9
008600b6
00a10077
00a10097
00870061
0086007b
007e0099
008d0099
00c80097
00cb00af
0092006d
00920098
00a70095
009b009b
0088008a
00780089
00a50086
0079006f
0086007d
00750087
00a0007d
00b500a6
008b00b1
00970092
008200b0
009b0091
0067006b
0073007c
00920064
0079008e
00980088
011800a1
007100b8
0075006a
00720086
00bd0075
00960069
008a008a
00810085
008a00a8
009f009e
009b00cf
00ab006a
009f00c7
00c800ce
00b2010a
00b000a5
00f100bf
00a300bf
00b300d9
009d0077
00980083
00c500aa
00c200bd
008600a6
0089008e
006c007a
00c800a9
008900d3
00630087
00a800b8
00b1009e
00a600d3
00aa00b8
009500b3
00aa00bf
0096007b
00d1007d
00a60097
00b1008a
007d00ba
00850076
00ce0083
00930082
00810097
0089007b
008d007e
009f0060
007d0087
00a30076
008a0075
00a7009b
008600a0
00810084
00890066
008500bb
00700082
00a6007e
00770076
009a00ae
007d0072
006e005d
007e0070
0082005b
00780077
00650088
0073005d
0084005f
00b0007e
0081009e
00920095
00c30099
00a20098
00920087
008400b3
00ab008d
00910095
0086009f
009100a6
009b00a7
0081009e
007d0081
007d00af
009200a5
00720067
00a500a9
00b10086
0076008a
008d0068
009a00b8
00c9008d
00c60072
00870062
008c008d
0097009b
00960077
00750096
008f0086
0081007b
009e0085
008e00b8
00b300a0
008700a9
009a0087
008b0082
00a500a0
00c300b1
00c50083
0083005e
008e00a9
009e006c
00850093
009200b2
00740075
00650065
0091006b
008a0064
00800085
00a8006d
0075008a
0073009a
00860095
00730093
0097007e
00ad00b7
008500ad
00ad00d8
00a500d1
008a0096
00b700ae
00b600d7
00af009e
008e007f
007d0079
0096006f
0065005e
00740096
006c0082
00630075
007f0088
005a0054
006d0057
00660070
009800a5
00780098
00770092
00970080
0089008c
00be0090
007d005e
009f008c
00be009e
00c900a7
009d0099
00c000a0
008b00aa
007d0070
00950076
007400a2
00a100b0
008d006e
008c007e
008a00bb
0093008f
00a00052
0085009a
008e008b
0095008e
006b00a0
00a00083
009800d6
00ba0089
006d004e
00890067
006c00a6
0076006e
007a0087
00610060
007e0063
0081007f
0079005b
0096009a
00800092
008d008e
006600af
006b00a8
00860067
00910062
00810076
0078008b
00c900b2
006900db
009500a8
009600af
009d0070
008a009f
00b5008e
00f700d6
00de0081
008800a3
00be0086
00a000aa
009e00ad
00ba00ce
00800078
00a100c1
00be00a2
0097008f
00cf00bb
00b800b1
008f0084
009000a0
006a005a
00860091
00760095
006c007f
00750086
00c700a5
00710065
00820087
00770076
00a7007e
006400a3
00b70075
00710082
0088008d
006d0070
009e007e
007f0076
00860083
0093007b
0092006e
009f008e
008e0086
00a5008c
00c60093
00830096
00c2008e
0093009a
007b00be
00b30098
00a800ba
00de00af
00a200aa
00750054
00850099
008e0088
00830082
00ba0082
0085007b
00660083
00720096
00600083
00890079
00ab006d
007b008e
00a600a8
0062008f
007e0096
00650085
009a0082
00a50083
00a80089
00bf00a1
008700c5
00d200a1
00b70091
009f00a5
009a0066
005e0066
00730065
0092008d
00660077
007f0089
006a0069
0081006b
00b7008f
0089007e
00c800b8
00b8009b
008100b9
009600a0
00a500b7
00c700c3
00950097
00a7009d
008a00d2
00b000a2
00d7008b
00c900af
00ab00da
00c50098
00a3008e
009f0086
00c200b0
0098009a
00a600bd
00c600b0
00da00e1
00c600d8
00670056
00890099
0074007f
007f007f
00760082
007a00c1
00820083
00730092
006d0075
00650095
00660092
007b0078
00850099
00910079
00640095
006e0087
0079006d
00aa00bb
007600a9
00d100a1
00990092
00950086
007a0073
00820083
00ae0093
0096006b
00b000a2
00a50076
009700ce
008f0073
00e000a3
00bb00e1
006f005d
009b007f
00e10089
008a00b1
00920079
00a10076
007d008b
00910091
00820069
006c0081
00840061
00a5006f
00890082
008d0084
007b0073
008200b6
00af0073
007600a3
008e0078
0078006b
008200a0
004d007b
0064008c
007a0077
00780053
00aa0098
00870099
00990085
008d0074
0093007a
005c005f
00630066
009a0099
00a90072
00ad00a1
008e00ab
009e00b6
00b000b8
00920097
00c200b8
008e0082
00bb00b2
00a200c7
009e00c9
00f500b2
00920092
00b700ab
00a900a8
00a2009a
00c200d5
00a200a9
00aa009f
00ca0099
00a100ae
00ab00f8
00b000eb
006e0086
0088006b
009800a7
008700af
00d90098
008e0097
009700a8
00cf00a2
00910062
009200a7
0092007f
008b008f
006f00b9
006b008a
007d0085
00860077
006b006b
008b008d
008b00a0
007e00a5
00870092
007d0079
009a00a9
0079008f
0084007d
0083007c
008a0074
007500a7
00ae008d
0071008e
0073009e
007d0069
005e0077
008f0082
008000b7
008a0081
00ab0091
008400a7
00ed009b
007e0067
00650057
006c0084
00ab00a3
007d005c
00a70092
008f007b
00ab0077
0057008e
009e0076
008f0067
00a900b2
008400bd
00ae0099
009a00ad
00b200cb
00a2008d
010200d7
00ee013e
009f00c2
00ad00c1
00de0082
00ae00d9
011100a6
00ba00ca
00a20098
008200c0
00980092
00a500a9
00a90088
009900b5
00870098
00c8009a
00860062
00cf008b
009700a3
009b008b
009e00b3
008900c3
00a200aa
00ba0072
007c0095
00a2008f
00a300b9
00a700a5
00cb00b1
008e008d
007d008d
00900077
00aa005a
00af009d
00780092
0072008a
009e0073
007f007b
007d0083
00920067
008a005f
00730061
00910079
008f00cd
0081009b
008e007e
007a0097
009b00aa
006b0053
009a009f
008a007c
007d009d
00bb0076
007f007f
008c0071
009d0073
0093007f
008e00b3
00d50092
00b80087
00aa00d3
00d800de
007d00ae
00b80096
006e0062
00570089
006e0076
009500a1
0092006b
00af006d
008b0082
009d006a
007e00a2
007a00a2
00a600a0
00a6007a
00bd008d
00aa0086
008700a1
00bd0077
0082007f
00da00b2
00c1009f
00b70092
00b300af
00c700a2
009a00ea
00c70095
008c0065
006e007e
0090005e
00ab008d
008b0082
008200b9
0062009d
0089007d
00990069
007d0079
008e0054
00680090
0089006e
007a0074
007f008c
00750061
006f00b8
0074008f
00b900ca
00b10089
00a5009e
00a700ae
00b2008c
00bf00f3
0087009d
008100b1
00b600a8
00ce0091
00880099
00a000b5
00af00ab
00d200e9
00850045
007800a3
00b70081
00bf009a
0095009e
00a900a1
00830082
008200a1
00770080
009a006b
008b009e
00c30099
00b0007e
0080009a
007300d2
00d00081
00b600b0
00af00de
00cf009b
00b800db
00f800da
00da00c1
010200e2
01190140
00c900ca
0079008a
008700a6
009600ae
00d900a8
00aa0093
00a2009e
00a10092
00880087
008d0092
00bd00d3
00b2009e
00c800c5
00a6008a
009b00b5
00c500ae
008f00c0
0076008f
008a00c1
008e00c0
00ce00bb
009a00b2
00bf0081
00b30093
0095004a
008e0080
007f007a
00920082
00670098
009b009d
00860065
007f0061
00960076
0092008a
00a000b2
007d009e
00a80098
009d0085
00ad0098
00b5007b
0064005a
007e00a3
008f009a
00870089
009700ab
00a80079
007a0098
007e008c
0087004d
008e009a
00990087
007e008a
009200a6
00930092
00660092
009a007b
00890062
00b8007e
00a30083
008c0085
0079006f
00850071
00a10093
007a0086
00930072
0092008e
00790095
008c0079
009e00ba
008e008a
00a200bb
00b6008a
00710065
009700b6
0073008e
009a0057
0085006f
00670088
00920072
007a006d
007a0065
009300a1
00930077
00c300a9
008d0099
007d0077
00a10064
009d008a
0084006e
0085009a
00660083
00690080
009f0079
00a1007b
006300a9
009b008a
008d0072
008c009d
0086008e
009e00a1
008e008d
0081009f
00770083
007c00a1
007700de
007d0081
0086007f
006d007b
008f007a
00790072
00570077
00760066
007b004f
00800078
007e008f
00c1009e
008a00bf
008c00a2
007f0088
00740087
0075005e
0091007b
008e0082
007e0070
00bf006b
006e0073
00990067
0096008b
007e0071
006e00a7
006b0093
009d007a
007e0086
00a1007d
00860099
00860073
00a60081
007a0086
008f009d
00960079
00be008e
00a300aa
00a000d6
00780086
0089006c
00b3007f
00a70080
0098008d
00cf00a0
00760097
008f00bb
00990082
0085004d
009300b6
007d0081
006f0080
00850080
008a0066
00620082
00710082
00640079
008e007d
0087007d
007d00a9
009b008a
008f0093
00aa00c2
006c007a
00920088
009500a0
00ad00a6
008f00a8
00b900a0
007c007e
00a00080
0089008a
00690088
006d0069
00870096
00ba0096
00a800a3
00c00095
00b6007f
007b006f
0057009d
00a30069
0081006c
008e0092
008d0098
006f007d
006f00a7
00750077
00810093
00a30079
0079008c
008b0095
0080008d
00a2009e
008100b3
00a8008a
00a30098
00f3008b
00d300a2
009b00bf
00b500b8
00e900b9
00a200ba
00de00a3
00950067
008a0082
008700a0
0092009a
00ae0077
006e0096
00a0006a
00be0085
007e0091
009e0093
00960093
00c20095
008c0093
00a200b0
0095009d
008700db
00b00080
008f0085
00ab00c6
00840099
008d0063
007e009e
00a60072
009600a7
00880067
008f00c2
00850056
007f00a7
0087008d
00930090
00750071
006f0076
00850065
00b20083
009a007f
006d0075
009800a1
00660079
0087006e
006d005b
00800069
00a0007b
006e00af
00b30093
00680079
00720089
00b00085
00770069
00870059
0096008c
00a100d2
00b300d8
008d00b8
009300a0
00a200db
0096009e
00890079
00730075
00710082
0080006f
0076006c
00850066
0057007a
0085006e
00a1008a
00b600a3
009500ba
00da00b2
00c800d5
00a300a1
00bf00d3
010900cb
00ab0092
00d000ca
00aa00e2
00c3010d
00af00b9
009f00e1
00860099
009800f9
00a30057
007a0098
008f0080
00a00084
005f0087
008d008f
008d007e
00650093
0087004d
0088008f
007c006b
0086006a
007f0081
00970070
00a20079
00920066
007f0079
008d0092
00a000d2
00bb00ab
00a300b1
0093009b
0084008a
00a90076
0091008a
00f800b5
007e00a9
00bf0078
00ad00cd
00a00086
00b800b2
007a009a
005d0054
007f0062
00910072
00630089
00bb0074
006e007e
0093007e
00660073
00890075
00ad0076
00aa007e
00aa0096
00a7007d
009500a3
00df006c
00a300da
00ab0072
00880081
00b6008f
00aa00f3
00c80092
00d200ae
00830086
00c100e3
00770082
00bf0085
008500a5
008200a7
007a008e
00ab00a0
007f00ab
00850074
00be0087
009900a6
00c20089
00aa00a7
00d200a9
00c200c0
00ae00b5
00bb00eb
0075007f
00a20099
00d1008e
00990071
0088007d
00e50077
00a60099
00a6009f
0080007b
007d0074
007b0079
00670066
0089008b
0087006c
0096007a
0077006f
00760097
00d6008d
0080006b
006c008f
00770098
00930095
00890074
006d009e
00700075
00b0008c
007b0089
008500ba
008f007b
009a0087
007300a6
00700079
00730069
008d00b7
0093006b
0079009a
008a00a3
007600aa
00a60086
00870083
00930089
0079008f
00c00096
0083008c
00bf008d
00d20086
009f00b9
00ba008e
0081007f
008f0081
00b50096
00a800a1
00a100a0
007d00b1
00950091
00870089
007e0077
009a0071
00830081
00810074
00ae00c6
008a0092
007f0082
00a3008b
007e0053
00a6007d
00860067
0086006a
0076006d
00820059
00af0089
006e0078
0067009e
00bb00ba
00b900aa
009f00b0
00b600d7
007d00a5
00b000a8
0083009e
0071007a
00aa007f
008f0090
00a90082
006e00b2
00cd007d
00c000b2
00810083
007e007f
0081008d
007600ab
00a50069
0076008d
00720082
00810091
007100a5
0083008f
00a2008f
008c0095
00a50085
009500a2
00ad0099
00b700ad
00e00095
00bd00a3
011100e1
00f000f0
00db00c2
00d700e2
00c300e2
00bb010a
00c000b7
00a80092
00a20096
00a300b1
008a0097
009d00b8
009a009b
0084007a
00a8007d
0077006f
009300b0
00630061
00780071
008d0085
0071008f
008b007b
007000a7
00850079
0085006a
008400a0
009300a7
008d009b
008500a8
00b10065
00a90062
00990082
008b00c5
008c00b3
009700be
00a500a5
008e008a
008f009b
00a00098
008d0071
00770070
0076008a
005a0096
00960076
0074008f
0081009b
00690092
00b9008a
007a00b9
00c9008a
00b200c7
00750091
00c7008f
0081007c
00aa00a0
00950083
00ab0084
00ae0095
008a009b
009900a9
009b0095
009a00b9
009200ae
00960062
006f0086
008e008c
00990083
007d007e
00910074
007d008c
008b006e
0069005b
008a006b
008b0065
009b007e
00750083
007f009a
0074008e
00920068
0083007a
0071009a
00820088
00a200b0
00a800a7
00b500ae
00890098
00b30087
007b005b
008d0089
00910091
008e00a5
00cd009b
00a2009d
008e00a2
00d100ce
0071008c
00870084
008e0070
006b006a
00750082
0082007f
00930076
0062008d
0092007b
007c008d
00b20089
00da0096
008b0108
00a800af
0062008a
009d00ba
00810070
009b007a
008600a2
0080009d
00990082
00df00ba
00830096
00950093
008d00b7
00b5008b
009300b7
009f00b1
00d200d5
00b100b5
00a800e1
00a000a2
008f0079
00a20096
009a0086
008a0073
007a007d
0074007f
008e0072
007900a0
006b006b
00920073
00890091
0089008b
0067006b
00720077
006f007e
007e006f
008b0062
00680056
00a00077
00710062
009d0098
008c0081
00780091
00860093
00b7006e
00db0086
009200ae
00a6009e
009e00db
009a0092
00a10090
00cb0092
00a3006b
007d008f
008c00a7
00870088
009f0076
006e006e
00890075
0079008c
00de00b5
009d00bf
00ca00bb
00a000cb
00a50109
00d7009f
00cf00d8
00c100c2
00810093
00910084
0089007b
007700a1
0080008d
00af0085
009a0082
0079008d
007e006e
00740077
0073006e
00860088
00930067
00870091
0079006b
0085006b
00770083
009700b7
008a0072
0076007d
009a0073
006e0079
00a90070
008b0067
0086006f
00ab0091
00af007a
00800090
008f0095
009500a2
007000a0
0078008a
00ba0097
00ad008f
00d600b2
008a0093
008500a0
00a3008f
00b70086
009f009f
00600071
0079007b
007800a9
00b0008e
00890087
00a900a1
00b90083
009b00c3
00870072
0080009d
00920090
00750079
00770087
00830071
00a3008d
006f0082
00630056
007d007f
006a0096
006d007d
009b0075
009f0083
00760073
00830085
00c90095
009a00be
00cd008f
00c700bf
00b6008f
0125009f
00af00c1
00aa00c7
00660070
00b0007a
007e008b
006f0091
0088009f
008a007d
0079005c
005d0093
0088007e
008a0097
009b007f
007f0081
00a2008a
00860072
00880095
009100c8
009500a2
00a80091
009b0081
00870099
00a000ab
008900b3
009600b1
009200bd
