00d600f0
01010137
00a500ca
00a10095
00aa00b6
00830082
008d006e
0092007d
00ca00c2
006800b1
0063006d
005f004d
00590051
004e007f
004f0042
00560052
01e5015b
017b01b9
01000113
013000cd
00d20106
00f300f8
00bf0108
00c300e6
00fd012b
011a00e0
00db0152
00ed00ff
016900ca
01120172
00eb012e
0108010f
019e00d1
01ab021e
00f300f9
00d80120
010700d7
012500db
010e00dd
00d200f2
0170011b
018901c5
012e0189
010000c8
00d700ef
011e00eb
00f10112
012500e8
01d00147
01cb01b5
012901b0
00f900ee
012500f9
00ed00c5
00bf0135
00ce00f3
0102011f
00fe0152
00c9010e
008b00ab
00af00a6
00a1008d
007f00b1
00a7008a
00f80130
01270117
00e50112
010b00ee
011100fe
010d00de
00bf00c3
00c700a5
017e00f5
016b0199
0120015b
01220102
010d00d9
01550120
0155011f
014e00f1
011600d7
01e201e7
01070149
00e800f6
00ba00d0
009800c6
010100db
00a200d8
01900123
02020175
010200b5
00d000d3
01080110
00d600d2
00f600aa
010500fb
01600123
01a701ab
00e50109
009a00d3
00d000a6
00d700c0
00c500bf
009000c2
0220010d
02120280
00e90249
00e00111
00ca00d9
00f700f5
00e900e2
00f000ab
012200d2
019701a7
00d900f7
00de00f5
010b0106
0130010b
00e000f8
00ba00f1
01a90072
01b701a0
00bd00d6
00aa00c2
00ae00cf
012200f3
00a000ce
00c70120
014700bf
01c70252
00d70130
00fa00ea
00b30100
00a600be
00b600c5
00b600a3
00b80160
00fa0096
0091008e
00bd0099
00c6008b
00d100cb
00b700db
010000b2
011f00fd
0192018e
0142011d
011e019b
00ee0135
0106013b
017200d9
01180142
01fb00ff
01790247
0129014e
01270102
00e60119
011100c2
00d300f5
00be0107
00eb009a
011201a5
00d10130
00db00ad
00ef00af
00bb00b2
00ff008f
00d900cb
012700b0
01c50227
008501d0
00a500c6
00b600d6
00df00bf
00a10083
00a3008e
016700de
01590132
01190195
00fd00d8
00b3010f
00ed00ed
00b300b7
00f00129
015200ea
014e01c0
010f00f8
013e00ea
00e0010d
00c800bf
00c000b1
010100ef
01970101
01b701f0
00d60197
00f0011a
00ee012b
00ea00f8
010b00ca
00dd00d9
00f901d0
00ed00ba
00f50101
00bb00c3
00df0081
00a3009f
00c700b9
00f100b2
014e0132
013e01cb
01300142
00d30111
014700f0
00e900b5
00c70109
011a00fa
0177006a
017b01c5
00f201d5
00c30097
00e200b3
00a6009b
00aa00c6
008e00a8
00ed00b2
00ae00ef
00e100f8
00b600e7
00b900ad
00bd0106
009600e1
00d900dd
0169009f
023201c9
00de0119
00fd00eb
00e000bd
00ed010e
013000f3
013700be
013900de
017701b9
00ee0127
00d000e2
011000f0
011d014e
017700c3
01390106
013200af
011b01c7
00bd0135
00b00097
00ca00b1
00ce00bb
010800be
009700a0
00ed00a9
018501be
00c80117
00e600da
00d500b1
00b800e8
00d300de
00d300e1
01db0412
0162015b
014700e0
01690182
01be0120
0199017e
01a50150
019901b2
0116011a
00d20118
00bd00af
00c200de
00c500a9
00b70086
00c100a8
00dd00bf
020b00ed
0182018b
00e20167
00c000ef
00da00e6
00c300bb
00d700f7
00ea010b
009500b7
00840098
00a3008b
00a20092
00950095
009d00ab
007e00a2
0089009f
00e90175
009700fb
00e600af
00e200c9
00ca00e1
00d500db
00bf00b1
00d300d7
01de0179
01890170
015e01c7
0142017e
01a9016e
01320132
01390100
00f80125
01210140
01520159
01110149
00d500bf
009b00e2
00d100ee
00c100aa
00e000c9
01400083
019501d7
00c50157
00c300c3
00e100ba
00b300b6
00a100c5
00a300c9
011e018b
019501a7
00e100ee
010200e3
011700ff
012000f5
01060113
00e200cb
0125005f
00e600ba
00a2011f
009e00cb
00d6005d
0079007f
00750076
00770074
00c00101
007700a0
0072009d
00a00068
00a1006f
00be0077
00860096
00af0087
011000f3
01ce01fb
01570157
01590140
01a00165
012e00f9
010e0149
014900f8
014e0084
01870170
013b00d8
00c300c0
00b100d7
00de00a0
00b800de
00c00091
00a700dd
006e00c6
008b0071
007d007f
00840078
008f0085
00a60099
00b300e2
016900a0
013b01db
00a80190
00e900be
00c800b1
00d300aa
00c500b3
00be00b2
013b0182
00f500e5
00d10116
00b500d8
00e900b2
00cb00c9
00c900c5
00bf00e5
018b01f7
011d0159
0103011f
015200f9
010a0118
00d700d2
00e100fb
00c800e8
015200c8
01650207
00c70165
00a900cf
00af00cf
00d800d0
00ab00de
00e100cd
01e001b2
00ed0147
00c100d5
00fd00be
0125013b
00f6014e
0190010f
01010150
009b012e
00db0086
007b007a
008500a0
009b00b7
008e0093
007b007d
00b800ab
01850121
01be0160
00b300f3
00f000f5
00e100ae
00cb00ee
00fb0107
01390107
0127011d
014900fb
01220195
014b011d
01450170
014e0147
010f0122
010f013e
00fa006f
014b0145
009700ce
00760071
00790069
0087009b
007a0075
0095005e
00e300f1
01700162
00cf0142
00dd00f6
00b600bf
01320127
0116013e
00d000e6
00f10119
01820129
01130112
0129010e
00fa0137
012900fd
00e100df
010b00fa
009200c2
00b300dd
007600ff
0068006d
00750076
007b006e
007d005e
00760071
00be00ab
00d80118
011d00b2
00c600e5
00df00f0
00a1012b
00b700da
008100bf
00cb0091
00910088
009a00a7
009f0099
00e600a1
00b300a7
00af00b1
00a10099
01210137
01a0012e
01520197
01500139
0135011b
013b0149
013700f5
010a016e
010e00d7
00b800e1
00fe00e7
011300f0
012e0100
00e100ff
019200ed
01200175
00d60107
00e200e8
010300f8
00fa00cf
0121011e
00e900e7
010000b3
010000e9
014700f7
01350119
00de013b
00bf0152
010d0189
00f60107
010a0100
01270111
00cd014e
00ed00df
00be00bb
00f600dd
010d0127
00ed00ef
016b013b
015b00cb
012200f2
01170130
00ad014b
00e300cd
00d000c0
00a600be
009e00b7
00a200aa
010000ed
01350147
00db00c5
00f500c2
00cd0076
00cf0090
009300ae
00950093
00dd0098
010600fb
00bf010a
00b000cb
01c200e3
00db00af
00cd00d7
011300f2
010d0165
00ce0175
010e00e9
00ff00ce
00e60108
017900d8
014e00ee
0101013b
0129018e
010601a2
00c000ef
00c100cf
00c700b7
00b600af
015e00d2
00ee00da
011701a0
00fb0165
015001ae
00df00ee
012700fe
014e0109
00c10107
014b0100
00db00de
00e200d1
00b100bb
00c0009a
00a900c8
00ca00b2
00e70098
00a10110
014500bb
0190013e
01290113
019e00f3
010700ff
0165017b
01130111
013000fd
00cf00f5
011500de
013000a9
0106012b
00ef00fd
01030115
010500eb
012b00f8
00d3009b
00a80086
00b5009d
00b900ed
00b9009a
00d3008f
00ca00b8
00a600c3
01120137
016b0152
01b20152
0120015b
01be0180
01b7017e
01300175
01210147
018900b5
01870195
007b00ee
0095008e
007700a2
0065006d
00580059
0071007f
0145014b
0132013b
00f80140
00f90180
00de00d6
01490177
0107012e
01010150
00be00a9
00d000b3
0086007b
00830090
009f0099
008b00c3
008900af
009800a1
00890292
00d0006d
008300b9
007a007f
00a800a1
008b0073
00910073
009a00ab
003e0059
0039002f
00410033
003b002b
0032002c
00330026
002b0035
00350037
015000ff
00f2019b
010300c0
011000f9
01270100
010100ea
011e00e6
00d100ed
0260021e
01220155
01950155
014b0167
015701a7
0130010b
01b501a0
01de0179
00a000cb
012500f0
006700c9
00480055
00730068
0061005f
00660066
006f0056
00f50157
00de00cb
00b300c1
0180011e
00fd010f
00f500fb
01190109
00c00137
00a60083
00bb008f
00c1009e
00bd00b8
009300b0
009100a0
0087007d
008c00d8
00bd00e9
00ca00b0
00c800b9
00e700e6
00d800ca
010f00eb
00d700cb
00b900ad
00f000d5
0076006a
0060008e
006b00fd
008f008b
0074007a
0099009b
007f007e
010b0147
00b600e6
00d000af
00aa00b6
00b700e6
00a000b8
00db00bf
00fe00dd
00cd00d7
00fa010e
00e000d5
00ea00f7
00e800ee
0122010b
00f200f5
0123011e
012700f7
011100eb
00c700b0
00b6010d
011500cd
013e00de
010f00d8
010f00d5
00ea0112
00e800b5
00a500bd
00de00c3
00ba00c2
00b100a7
00d600c6
010000ea
012e00d5
00a500a7
012b00d7
00da00ce
00fe00fa
00c000db
00dd00c3
00a90127
013e0100
011200ed
00ef0130
010800d2
00d5015b
00d000d7
01180111
00e900c1
014b0159
013e00fe
01890125
015b0122
00f3014e
01350139
01370162
014b0150
00bb00a0
00cd008a
00c100ba
00c700e6
00b100e8
00ef00c5
00f200fa
00c900e2
00d700ee
011e00cf
00e100da
00c900e6
00e900c0
00b300df
00ed0101
00a600b7
008901b9
00bd0095
00c20095
006e0097
00a100ab
009f00be
00980076
00da00c1
010b00e6
00ea0162
010d00fb
012b0129
00d90130
016200fd
017000e5
0129012b
012500ff
018b0127
01350155
0115013b
01250170
0192010b
013000ee
012b014e
01130189
00cf00b6
00ea00b3
011000ea
00a90101
00c500e5
00df00e1
00aa00c9
00e500e9
00f50130
010b0129
010700ed
00bd0105
012e00ef
00fd00ed
00e50110
018b01e0
010a0110
0117016b
00da0130
0123013b
010b00f9
013b0130
011700fe
012700b8
008600b6
00a8007a
00970061
00b2009d
00920081
008e009d
00be00d9
00ad00f9
00c200b6
00b000eb
00cd00a3
00d100b1
009b00b7
00ed00b7
00d600b7
00c50150
00df00e9
00a30102
00ee00d3
00e800d0
00ee00d0
00bf00aa
00b600a6
0098015b
007f00a3
00dd00a2
00ce00e6
00b100aa
00b600b3
007800de
00b700f9
0103015b
00b700e2
00ed00bf
012b00f9
00b700b7
0092009d
008f00d9
00970092
00f3012e
015b0142
00d8014e
00ff0125
01020089
010000c7
00d000bb
00b700af
00bd0185
009500a5
00e600d3
014700d8
00ae0091
00b000a5
00b600a9
00bf00b2
01950170
01250105
010d00be
01180106
00d500ff
013e0111
00fb0147
010500de
016201b2
01320180
011d0117
01200155
010f0139
01800101
011b012e
01080160
00e000fb
00cf00e7
00c10149
00db00c9
00be00f0
012000af
010200c9
00f800fa
010a0239
00630071
005100d3
007b00ae
009e0076
0091008e
0073009d
0076007b
00f100b2
00a800d7
00ca00d8
00b600af
00b100b1
00d200bb
00f00105
010700e5
01450132
013b0147
01520170
0132011b
01920149
01bb010e
01320175
01ee013e
009e00ca
00d20102
00ca0086
00e200dd
00c100c2
00f50108
00a000aa
00ca00cd
00c800bd
009800bf
00da0091
00d100a5
010d00bb
00c0009d
009500ca
008600ab
00df00e7
00b700c2
00850097
022b009e
008000a8
0081004e
008c0096
00b00066
00ab0113
01000092
008300f2
006300c1
00640088
00930084
00c500aa
009200c8
00f90101
00ee00d2
01250113
00f100d0
00f00116
012700de
012e013b
01350103
00b900ce
00ab00a8
009500ad
00cd012b
00bd00b9
00a800cf
00e3009e
00a700ba
00a80093
00a700b2
009f00c2
008c0087
00c100b6
009d0076
00af00fd
0099009d
00a50098
008700a7
00c100a8
00bd00a8
00a000a6
007f0067
009d00a6
00a900a3
00ee015b
00ee0132
00a000c5
00cb00da
00a600e7
00ab00b6
00e1008f
00c300db
008300a0
009e0095
00af0066
00980055
006f0086
00a50090
00530078
005f0081
00ff0100
0122016e
00b500d0
00d700c7
00da00c9
00db0110
012e00d7
01080122
00d20100
00d10140
012900eb
00d600c9
00ce00f6
00e900af
00d900c0
00d900c0
00fd0139
00f7009e
008900ab
00a200d6
009f00bb
00cb0099
011d009f
00fb00db
01090083
00e300b9
00d200bf
00ad00b2
009600be
00a100b8
00a70084
009e0082
00be019b
00a6006b
006e00cd
00660078
006b0075
00640082
0071007e
00690074
00a700b0
00800095
0085007d
00c1009a
00ca00c9
008100ad
008d0088
00a100b7
01b00125
00eb00de
012200ff
011a0125
00de00ee
00e90112
013500e5
00ff00ef
017000ee
0195016e
0129013e
01350127
014b0103
015e0150
00e3011d
01720182
00ff00d8
00e50092
00b500ed
009d00a7
00eb00f0
00fe0101
00ff009d
00f700e7
01010187
0106011b
00c20152
00d600de
00cf0108
012000d7
00da00bf
00f500ef
00e000f8
00f900e5
010700e7
011800f8
00f100c8
00cf0102
014000df
00e100e2
011e0113
013e00c9
00e500fa
00ed00e3
00c700e7
00eb0101
00c80172
010b00ab
014200d1
00fd011b
00b700fa
00db00c8
00b900da
00d100af
00f500df
00e000e3
00470082
004b0049
002a0035
00530033
003f0040
003c0040
00330043
00390037
011300c1
01470122
00c900d8
00c900ba
00ae00bb
00df00a1
009600be
00cb00f5
015900f0
01210118
012900ed
010d00f5
00f90127
014500f6
01100150
01370110
00fe0165
0117012b
0142011f
012b0112
01200111
01390150
01030155
013e0135
00840078
0081008d
006d009b
00a200a5
00a80087
00ab0074
00990076
008d008f
007600c2
00570099
004a0061
005a004f
0052005f
004e005b
0045004b
006d004e
00d900ce
00c900a9
00910086
00da010d
00d700d0
00d200b5
00f800af
00ba0097
01990108
0103017e
017e00cb
011f0129
00ef00f2
010000e8
01bb0157
01180142
00cd010b
009700d3
00b700c5
00b200bd
00aa00bd
00bf00be
00b600d8
00c800ad
00c50118
00b800a6
0097009d
00ad00a1
00cb00b8
00ad00d1
00d200ae
00e200c0
00d70190
00a300d3
008a008f
012900a8
00980089
00cf00a8
00a20098
009200b8
01350112
018b0172
013e0162
015e0137
013200f5
01160125
01300145
013e0127
00b6009f
00b800cb
010300e0
00ea00d7
010600f2
00d200c0
00ea00b5
00f600e0
00b800d5
00ed0101
00de00e3
00c6009a
00c500b9
009b00bf
00bb00f5
00df00c7
00dd00a3
0076006b
0082008e
007d00ab
00ae00be
00a800a8
00aa0086
008100b8
00ee0242
00b700ab
00b600e3
011900fe
00e700d1
00b600b1
00cf00a6
00a900b7
00c5008a
00aa00a8
008a00a3
009f00a3
009900da
00cf00a9
008d00c1
008f00bf
00fa0155
00fd00dd
012900de
00f000f9
00e000f2
012e0120
015500e9
00e50103
011000db
010700db
011b00e5
01450118
011700ef
010500c9
011500d6
00d900d3
007a0099
00750065
00670059
00a8007e
00830091
00930062
00610098
0072008f
012e00f7
00f70116
010b0107
01500162
01570172
01a7015e
00b80185
01090132
0172011d
010e00de
014e0199
01420119
0179014b
018501a5
012e015e
01550155
012000f6
00ee0130
00f900e7
00e30100
0106011e
010100e7
00ce010d
00e000f8
01590192
00f600f0
00f500f8
00d500f0
00ef00bf
00e800af
00dd00d0
00f700e6
012500f0
01300170
012b013b
01250108
012e012e
0125012b
00ef011d
00fe0165
01060147
00d100e7
00ed00e5
00b20105
00f700aa
010000fd
00cb00bd
00cf00e2
00b90165
00a900be
00f900b7
00e100be
00f100aa
00e300c6
00a80098
00b500c6
00ca00e2
0090009d
00e1009a
00b300ad
00a000a0
00b600ea
00b500ca
009d00c7
00f80145
00f300c7
00c300e6
012e00cb
00d7012e
00fb00f9
01210102
00f100e7
00aa00c6
00c600ae
00aa008a
00a20098
00b000d5
00a300e9
00c700c7
00bf009a
00d000e1
011f00cf
00ad00d5
00ce00ca
013700b2
00d600cb
009000c2
009a00b6
00de011f
00990082
00ab0098
00b1008b
00ba00a6
00c50081
00b500c1
00b900af
00cb0149
00e0008e
00a000f7
009e00f6
00b70106
00ce00da
00cf012b
00db00a9
00d700db
006c007c
00ae0089
00920083
00c20086
008f00a0
007b00b9
006e00d9
00ad00c1
00d200e3
00d500be
00a600a3
00ad0087
009600c9
00a500f9
00b600a9
00d0012e
00ab00c7
009200a3
00c10098
00860073
00b50092
00a3007e
00ba00cf
00ea0118
00e900aa
00c800b0
00d000e5
013700fd
00ba00c8
012900ba
00be0123
012e00e2
011f01d7
014200b9
00f100f7
010f00fd
01190108
012b0140
00e500dd
01290101
01210137
00d600fa
014e0113
00ca00d2
00db00e7
010b00e0
0122012e
007201fb
00850063
009d0081
008d0087
006e0099
00980093
0096006f
00880090
00d000ed
008900cb
00c000c7
00c500e9
00c900d6
00a80129
00de0101
00c900e2
00c30142
00af0075
00af00a2
007600af
00910083
008f008e
00a5009e
009e00a1
00a3008a
00a50098
008200b6
007e009f
008a00a2
00990084
00630090
008a0072
00eb00c9
013900fa
01570159
0105011a
014b0125
01130108
010300e1
00da0101
00be0135
00fb00f7
00f70112
012b00d5
00c300d0
00d60106
00cd0121
00e300eb
010700fd
013e0162
00fd0169
01270117
011a0162
00ff0147
0106014b
0105010a
006b007d
00a10089
008e0073
00b700aa
009a007c
00890081
00970090
00a50083
01250117
01470155
00eb0137
0155011e
014b0119
011b00f8
01890147
01290162
012500d8
026501a2
014e0187
0123016b
01390170
0111011d
013501ae
011100fa
01400165
013700fd
00a90106
019000c7
00eb009b
00ca0093
00cd00b6
00ef009e
00c30101
00fd00f7
00d100fa
018e00e1
00e300e1
00cd00e7
010900be
00e900f3
01010111
01100162
0172011e
014701a5
014e0165
01470106
00fa015e
00ed0101
00c300bb
00e800d2
00d500b7
00b100b1
00c0008a
00d700ef
00c7009d
00cf00ca
00bf0086
005b0069
006700a8
0076005e
00950075
00980083
007b006c
0082007e
012e00b7
00bb009f
010300d0
010f00b9
00f20105
00f90116
00df00ce
00da00e6
007500b9
006e006a
005e006d
007c006c
00630098
00770057
007d006a
008d007a
00d600f7
009f0091
00c800d8
00ee00d9
00c200a9
00a100ba
00f900e8
00cd011e
01520118
01b5012e
012701a2
01520140
018e0162
012700f5
012301ae
013b0117
00d50091
00bd00d8
00d200df
011900da
00bd00b7
00aa00aa
00cb00c5
00df00ee
00cd00b5
00b30091
009800ae
00c000f7
00ba008b
00d700b0
00e600c1
00be00e6
010d012e
01700137
01060142
013b0155
00d00182
012700ff
013b0132
010d0110
00920147
00cf00d0
00cb00a8
00ba00bf
00df00e9
008d0099
00e000b8
00c000b0
010301d0
01300120
01160123
01270113
011d0187
012e011b
0127010e
0109012b
00d10159
01060113
019000f0
01290107
013700e5
012e0123
01450140
012e0112
00ef00eb
00e100e7
00d200a1
00d3010f
00f900da
00f800ae
012300e7
010300ed
00a600cd
009100b0
008b00ba
00c9009a
00c000eb
00bb00cd
00f3010f
00e500d9
00be00b0
00a000c8
0095008a
00bf00b9
00c60085
00be0095
00bb00b7
00dd00b8
00a90122
00fd00cb
00fe00d5
00b100ff
00d6012b
00d90107
012b00e1
00c800de
00af010b
00c100ab
00a80092
00e600f2
00f000ba
00c700cf
00e800d5
00a1010a
009700b2
00b00095
009a00a0
00b7008a
00a300b5
008d0088
008d00bf
00aa00a2
00a1016b
00a000d7
00cd00d2
019700b6
00ad00ae
00a600a0
00e80096
00d200a1
00bf016e
00f100ee
00c600e7
020000cf
007c00c8
00a30092
00c8009d
009700ae
00ba00aa
00b7008f
00a500a9
009900ab
00b300d3
00a500c3
00c100c5
008f00bd
014200ef
01790145
00f20118
0127010b
0115013e
012b0145
00f700ef
00f50149
00cd00f5
010a00b3
00c700ba
00ef00c0
008a00bf
009100d3
00e7009a
00a700bd
00a10096
00d200c8
00a700fa
009600b6
00d700cf
008b00aa
009600d2
00b900b3
00ff00c7
00e5014e
0135018e
00e9011f
00f3010b
013000f0
013b00ed
013200b9
009d00a0
013900c5
009e016e
00af00b3
00ba00db
00ab00a9
00ee00a2
00a800af
01020197
011300df
01130140
011d00f7
00e300db
00bf0107
00f20150
00d100f9
012e013b
0123011b
012e011b
013e0112
016b00d5
01700140
00db010b
01020116
01c20147
00e80105
01370121
01370130
013b00f9
01030101
00d3013b
010d00f2
00a100b8
006c009d
00a20102
00bd00a2
00af00b1
00b000cf
00e500b3
00c000de
007d00b9
00ae0074
00a300de
00a8006f
008d0091
00830080
008a00ae
00bb00b3
0147012b
00fa0152
00ff0103
00db0125
00de0125
00eb00fd
01400130
00dd00f6
009e00c0
00b000c1
00af0099
00cf0091
00bb00b8
009800a7
00c300d0
00cd00c9
00f30149
00d90118
010100ee
013000f6
00b6010b
00d600c1
00ee00e0
00f600cb
00ff0121
00ae00bd
0090009d
00d6008f
009b011e
009700b5
00d5009d
00ad00b5
00cb00cd
00d2009a
009800a1
00d200a6
00b300c2
009900af
00f500a5
00cd00b6
009d00a7
008500a1
00c50093
00e60099
00a80089
00ba00c0
007700d0
008300bd
01920122
01e5013e
01770197
01450103
015000ee
01600197
011b017e
01590149
008d00b5
008c00b6
00870083
00cb0077
008a0098
0099008e
00820087
00ba006d
00d000be
00f700ed
00ee009a
00c300d3
00ae00bb
00ed00c1
00c800c9
00a300cf
007e00a9
008c007f
008c0078
009e007d
00850091
00a0006b
0072008a
00a00083
00810092
010600c6
00ad0088
00aa009d
00860081
00ab00c1
00b0009e
009600c0
008b0082
00760071
009800a0
009b009b
00c20072
00b2009a
008d0082
00a20092
00ae00bb
00d600f3
00aa00ae
00c000cf
00d500c7
00c900fb
00c900af
00e900d5
00870081
0079007e
009700cf
008d0080
009a008e
00a90086
00a100a8
00b500a5
008100e7
009a00b9
00a600ae
00f3008e
00e900ab
00d00099
00d800ca
011800fb
00aa01e0
005f0053
0061004c
0072006e
00690042
005a0075
00470053
005b0063
00a800bf
00c600d2
00e700c2
00f700b9
00c000e0
00c5009f
00eb00bf
00b500b3
010100db
008f0071
008a00bf
00b300ca
00b8009f
00c100b6
00d3009d
00c60097
00b800af
00bb00d5
00e100b1
00b000e3
00cd00e3
00d800be
00cb00e1
00f700e8
00c000c7
009a00a0
00e300c5
008900be
00c500a8
00b200b5
00e600b0
00a00095
01a50187
01a700dd
0145013e
011f0130
011e0172
011700e7
012301c7
01150130
00d00127
010900d1
00fa00e2
00e700f5
00eb00e1
015500d1
010600cf
00f10110
00cd0190
00e10082
00990087
00ae00bf
00b200bb
00ee00da
00a700e2
00a800c3
01060127
00bb00c5
01000132
014200d9
00de017b
01550160
01700127
015e012b
01060175
00e800ff
01400122
0108010a
00fe017e
01080122
010a0147
015e014b
00a50086
009d0085
00b20096
00d700b3
00b900a5
00a700cf
00a500c9
009900cd
0127012b
0113016b
010a013b
01050109
01350137
00ff0129
010a0105
01110142
00c200e1
00be00ba
00c300be
00b600a9
00df00b0
00f000d3
011a00e1
00c200d2
01650120
00ca0150
01120132
010d00e7
013000f1
011d0179
013500f1
012100ff
016901a7
00d20116
00af00db
00e600ca
0116009e
00a900d9
010000d6
00e000d3
012300b7
01220116
00b00116
00b700b7
008f009a
00e300d0
009200df
00ab00c7
013700db
012e010d
00b700c9
01c000f3
012700c0
01200101
01a200fb
01000177
009a008e
00d2009b
00c200a8
010a00d0
00d6009b
01030092
00aa00cb
00cf00b9
00de00f0
01080096
011e00a6
00ed00e8
00fa00c3
00e000b5
00bd00b2
010000a3
011f00f8
01090102
00ed00af
00d6014e
00ed0111
00f300ff
0108010e
011200ea
00b300d1
00cb0107
00e900be
00ce0097
00ca009f
00b900ba
00ff00d7
00d300d2
00a000eb
013700f3
009e01c0
00cd00bb
00ae00fd
00a600b3
00b70098
00b90093
01170119
015e0122
01370139
01080152
014b0111
011300fb
012000c6
01050112
011d011b
00f50108
00fa011b
00f00139
012b0111
011b010e
0105010f
010800f8
01470100
01b70107
00ef00e3
010a0175
00dd00f0
01050130
00e50152
010e0145
010d0116
01670180
012500e1
00cb00e0
01080119
011800e9
00f80101
00fa00e3
011e0112
011800d5
00fe00e9
010200e6
00f80102
014b00d9
00af0159
011b00fa
00be00bb
011a00f1
00e600d9
01270107
00a900c8
00d8010a
011900b3
00a300cf
00aa00b8
009b00d2
00b800c8
00bf009a
00cd009a
00b000d1
00bd00c0
00c600af
009f0097
00b5009f
00af0099
008e007a
009f00a1
008e00b1
00850075
00aa00b2
00cb00a5
00860070
00a60092
00c500d3
00de00dd
00c000de
007200da
00c8009d
00c30123
00cf0082
00bd009e
00c500a2
00b500d7
00d800bd
00e800b5
00b900e5
00c500ef
009d00b6
00d3008c
00db00b0
009200a1
00af0083
011b00b7
00e900c9
00c10086
00e100aa
00960081
008700da
00e300cb
00e000a9
009900b8
00d50082
00a000be
00550074
0088005d
00ee008e
0075007b
00960075
006a007b
00a8006f
011d0103
011900fa
00ed00d7
00d000c8
00ff00ca
00d200c5
00be00cf
00bf00f3
00e50127
00e300ef
009b00ca
00fd00e1
00d900d2
00e100c2
00cf010f
00d000b5
00e1011b
011500ef
01120130
00c000d5
00ce00c8
017700ff
011700f1
010a00e3
00cd00c6
00bd0107
00ca00da
01100091
00dd00c0
00b500b6
00dd009a
00da00ab
00cf010e
00e0012b
01490113
00f90155
012b0167
01130123
010d0121
0130012b
00f800ce
01390109
00d300f8
00ca010e
0140010b
011e00eb
00d600fe
00f700e9
00bb009e
00c100eb
00aa00bf
00b900c3
00a000dd
00a200d0
00da00a1
00d600cf
01010102
010500cb
012500d3
00cb00d1
00d800d6
00b900c6
00b20103
00f900da
01500147
014b012e
00d90129
00b500c3
00e200b7
00f700e6
00f60160
011e00e1
00eb00b9
007600cd
00b2008f
00780099
00790083
007a0096
007e0084
00910090
0085008a
008a00d0
00e200cf
00b700e7
00c600c3
010000ca
00a800bb
00e9008f
010900f1
016e020e
01720147
01060102
01030177
00eb00f8
0179010d
010e0182
00e10075
00c700de
008d00c1
00970089
00630076
007d008e
007a00ae
00b20084
009500a0
00c000c7
018900b8
00e000de
00a100b3
00bf00ba
008300a8
007a009b
012b010d
00cd0137
00df0127
010a0121
0129011a
00f30162
010a00ee
011b0103
00c3010f
00d800ed
00dd00de
011200f1
00e500e1
012e00eb
00f2011b
00da00e5
00ea00c7
00f900f1
00ce00c0
00eb00bf
00bb00a5
009f00c9
00f100d0
00c60091
0090009f
008e0075
00980065
008700ae
0089006d
0092006e
008a0084
00ab007c
012e0123
012e0111
013e0135
015e016e
0115014e
011d0179
01650132
00a9013e
003d00e9
0045003e
0041003b
00690037
003d0043
003c003e
00370039
00340058
01210172
01b5010d
012b0155
01370142
0121010d
01080121
01a50150
0102011b
015200bb
008900be
009e00b1
00a700a3
00d60101
00aa00a8
00b000a3
00b700c6
009a006c
00b700be
00d100d3
00a700ab
00b300a7
00a30091
008f0086
00f8008a
00ed00be
00d700d1
00f800f5
00da00e5
00bd00b2
00f20116
00f200d5
00e700e3
00c200a8
00ae008d
009500a8
00a600d3
00bb00b7
00e500d3
00f000a9
00be00d8
00fa00d2
00ff0129
00d00160
01c200ba
00a600c7
00c000b0
0081009e
009100ce
00c900f9
00c000d7
01030101
01020102
00e100da
00fa00d6
00ba010d
00f60147
00ea00c7
00ef0152
00dd00f0
00fa010f
00d70122
00f600de
00c600eb
00e700cb
01180125
015b0142
01080130
01300189
0113010d
00f10145
01210112
01120109
00d5017b
00ff00d3
01420099
00d800da
00e000c3
00ee0123
00c100b2
00b200a3
013900d1
00ef0103
00ea0120
01000157
00e00129
010200e2
012b00fe
00f70101
01290129
010b00cd
01080165
013e0145
01300119
0142010d
01900157
0118021b
011b00c5
00b3009a
00d200b8
00f300c0
00c2012b
013000d9
01000100
00e500f0
011a0130
010e011e
014e0116
00d20170
01450182
00fa0105
00de010a
01220125
00d500c7
00a300b7
00a200ad
00af0087
00a7008d
00ea0088
008f0091
00a300a7
00e700ce
00ee00ae
010300cf
00fb011b
00f000d1
00e600e6
00f000e6
00f30130
00a900b9
009800a7
009a00d7
00b900c3
00b50098
00ca009e
00d300e2
00ef00ab
00d800d0
009e0108
00b9010f
009b00bd
00cb00a7
00b100ab
00bd00d8
00ce00c0
0140013b
01670123
01400117
012b0137
00f70129
01520167
00fb0129
01160107
00ae0084
008d00aa
00a300ca
00a100be
00ce00bf
009600de
00d700a3
00d600a8
00d80105
00bb00b9
00b20117
00bd00f3
00b3010e
00b100ef
00be00de
00e300ef
00fb00be
01130106
00b200c6
00f900eb
00ff00eb
00d200ef
00ce00a5
012500f6
00a8009b
00c700a7
00d900e3
00a100b9
00a10081
00a00091
00b20084
008b00ab
00f200e7
00b0010d
00c500be
00ed00eb
00b700e5
00df00d3
00eb0111
013200b6
008c0083
00db00d9
00c500a3
00dd00db
00d100ce
00d800ae
008d00e5
00e600a8
00a300dd
00c9008d
00d000ff
00cd0093
00b900af
00fa00a2
00b900c0
00d900a8
00bb00b0
00e100b3
00d200a8
00be00c5
009a00cb
00d700d6
00cb00e5
00cf00dd
018e0199
011900dd
01c20160
015e0162
011f0105
012b0110
01210135
01400160
00ab010f
01420129
00d100ea
0139010e
00ff00fd
00be00c9
010100d5
00c90149
00850081
008d00a0
009a0076
00b2007d
0069008f
0086008a
00b0007b
0076006f
00dd00dd
00b00092
00760072
005d009e
00730081
007a0075
009b00c2
00950092
00990099
00b200b1
00bf00c5
00cd009b
00ba008d
00d000be
00b60083
00a200ab
00ad00c7
00c200c7
00ae009d
00d3008e
009e00a6
008f008d
00b30083
00e00089
00b000b3
00b900e7
009600c6
00e900f9
00aa00c2
00c800cb
00ab00cf
010b00ab
00a300ca
00a700e1
009e00a7
008f00b0
00b900a7
008d008a
009b00b2
007e0074
0127014b
00a800d0
00a2009f
00bd00a5
009900a7
0093009d
00a800b6
00d000a7
008800b0
00cb0087
0093009a
008100ea
0084009a
00b2006d
00a300a5
00b2008d
00a500f1
00a2009f
00bd00ca
00e900c8
00c700bb
00db010a
00c100c3
00d8011a
00fd00f1
00c5012e
00b500ce
00af00d9
00c1008b
00bf00a8
00df00b3
009a00ba
00a30130
00eb00c0
00a500d9
012e00c5
009100a0
00ca00b6
00f80089
00d300a0
00c90145
00c000c8
00e900b2
00d800d5
00e900d2
00cd00eb
00be00c8
00da013b
007700a0
006a009f
00b60096
00860085
00bb0083
00a70073
00d000b7
00c200e9
00ab00d0
00f50103
00dd00df
00c9011b
00db00e0
00e100d0
00c900aa
00bf00cf
010b009a
00ba00c8
00ce00bf
009d00b6
00a200d2
00b900c8
010600c6
009900e8
00fa0117
0117009e
00fa0115
00e700ea
00ef00f9
00df00fd
00d3018e
011d0129
01300129
00fe00ce
013e0167
00dd0149
011b011f
00fa0113
0101010d
01090118
00d00150
00ed00a9
00ce00eb
00c300dd
00ff00f2
00fe00ea
00ca00c6
00c500ef
01370147
00e300e0
00f500c9
00d500c1
00de00ee
00ef012b
00e00107
010b0175
00a80142
0071008d
0063008a
00590055
00750073
00700049
006e005f
00750057
00cb015e
015b012e
017e0101
01270132
00de0145
012e010f
01420130
01450155
00a2007c
00a5009b
00a300d7
00bd00c6
00cb009b
00bb009b
00af009e
009200b5
00a600c6
00ab00e2
00a10083
01a50090
00a100b6
00c6008f
0086008e
009700c1
01060112
013700fa
017000df
012e00ff
013700fe
012e0155
00f300ce
018b0121
00ff0102
0125011b
019b01a9
011d010e
011d013e
017701f5
00fd0177
01500121
00e300e0
00e50110
0140012b
00fe00ca
012200de
00fa00ff
012200fe
010d00b8
01370108
011e00e9
00de0117
012501a2
00f60106
013e012b
012b0129
01300119
011500fd
00f700d0
014e0139
017b0100
012700e2
011b00e2
010d00de
00ed00f9
009e00ce
00f8009d
00b800e7
00de00c7
00a500f7
00ce0107
00b1010d
009d00d3
011200dd
00df00b5
009700c8
00da00d9
00f000ae
00b100cf
00c100ea
00c800c5
00ad00d6
008e00a5
00750096
00ce0089
00f5008a
00a0007d
012e00cf
00a800a9
00bb00c6
00c8009e
00a500ab
00e500ff
00a700f3
00be00c5
00d800db
01110132
00d800c6
011900da
00ed00c7
011100d0
011100cb
010b00cf
01030113
00dd00f1
00ed013b
01400170
00db011d
01110119
01890180
01080137
013e012b
01180145
00d901b0
00ef00e7
012500db
00b900ca
01420103
00e10120
00f800c9
00d500e2
010a00f7
00ab0086
009600a5
00c80081
00a70087
009a00c0
00b000c6
009100d0
00b6011b
00c000ae
00be0092
009a0099
009d008e
009600ae
00bf00da
00af00d3
00e3008e
00c300be
01500103
00f000d1
00ba0145
01060135
00f300d2
00f800d1
00920087
00b100b2
00a500a9
00d5010a
00c100da
00ce00e2
00f600a8
00e900a6
00ab008b
00bb00b5
00db00b8
00d900db
00bb00de
00bb009b
00ae009b
00ae00e6
00aa010e
00bb0096
00730098
00bf0110
008b00b0
009a007b
00aa0089
007f0093
00e20187
008f00a7
00da00d2
00a90125
00a2010e
00d200bd
00b900ad
00cd0113
00da00ba
00cd00d8
00bb00c6
00dd0096
009700ca
00aa00d9
00bf00b8
009a00d8
00ba0103
00c7009b
008200e9
00c800b6
009800ba
011500a2
00ae00a5
00b100b8
00e700fe
00d700a8
00d500ce
00cd00c2
00fd00ca
00e800e3
00ed00c7
00c900df
012300fa
01c500ef
015900fe
01690147
010b0150
018001a9
01370103
011a0129
00c500c3
00cb00e5
00a000c2
013b00d7
00ef0132
00ea00b9
00ee00cd
00f200ca
01080121
00a500d6
00f200fa
015900f0
01090116
00e100f6
01070107
00e00123
00b300f0
00bd0079
00ad00a7
00b100bb
00a200bf
00d700c7
00cf00be
00b800e3
00bd0098
00a8009f
00fb009f
00e000c6
00a900f8
00ae0098
00fd00aa
00cd00da
0122009b
0099008f
00db00bd
00bf0087
00cf00ab
00bb0096
00e900d3
00bd00a5
00e000e7
00c700a5
00e900db
00c90100
00c300f7
00f300c7
00c300db
009b00c7
00fb00a8
010100d9
00af0092
00cd00f7
00ef00d6
00f900b2
00c000da
008700c6
00cd009a
009a009d
00a700a5
00c6007c
00720097
00c10081
009f00aa
00f500c6
00c00079
00990081
007c0066
009800a3
00a60093
00a200b6
00a700d9
009200ae
008100a6
00780082
00a100a8
00930089
00b500aa
00ca00e9
00a200be
00af0079
01390152
00fb0108
00e700d1
00fa0125
00f300fe
012900f3
00f90115
011700f9
00a00081
00c800a5
00ca00a8
00ae00b9
009800c5
00c00091
00c70092
008700d2
00eb00e7
00fe00ae
00af00af
010000c7
00c100c8
00bf00a5
00f500b5
016200db
00d5010b
00a500a0
00db00ba
008100d0
00a500da
00c800cb
00d20107
00e800e0
00ce0105
00f300f0
008300c0
00d800cb
00cb00af
014b00ba
00d700c0
00e500da
01e0018b
01210152
01070127
01700116
0121018b
014b015e
016b0160
01420175
00ce0152
00ed0112
00bb00df
01cb00bb
00af00be
00db00de
009b00da
00d600ab
00e900f1
00f900f8
00d000d3
013b00f9
00ef0101
00bd00f2
00df00e2
00c500d5
008e0093
00a5006e
0092008a
00980078
006f0091
008800b1
0083009a
009000b3
00b70095
00890097
0081009d
00b200a1
00e100b3
00b300f7
00b900f8
00c900c9
01100142
00df00cb
00cf00aa
010b00c6
00c000ba
010300ab
00ab00d6
00c200c9
011d0150
00cf0129
00ca0119
010d0125
0160014b
01250130
01320169
012b0159
00f300c2
010000f0
01010103
00e200f0
00aa00bd
00d600c2
00c900c0
010700a5
00ff00d2
00c70102
00e70101
010700c5
012200bd
00de00cb
00ba00b5
00e700df
0082008d
00ce006d
00bf008e
009600a3
00860093
0081008d
009d00b5
007e00ab
00e600c5
0122013e
00dd00ed
00bf00b1
00ba00f7
00f800be
00cf00b7
00d800c3
00d100aa
00cb0140
00b900e3
00c700f2
00e200f0
00c700ea
00cd00c0
00d900f1
00f600e0
00c800db
00f100dd
01090135
00dd00d9
00d20139
010a00e3
00d700ed
009b01e9
008600b6
003900e2
00870077
00400061
00590052
00660043
00410052
01080100
00810070
00600077
007500a6
007d009b
00b8007b
00a60061
00aa00a7
00b00098
008a0075
00c80091
008600af
009b0091
00960089
00a700a8
0092008f
00f000e2
014500fb
010000e9
00db0135
00ca00d2
00ee00e5
00fd0117
00e300da
00ea0152
00cf00f2
010900c6
015900f5
01390116
00d90119
012b00ce
01490137
01320105
012900ee
01520117
011f0129
01870112
00d20120
00f9012e
00bf016b
00d100c9
00d700c0
00fe0108
010b0100
00c900cd
00d200f3
00e20107
00e500ce
00870083
008e0093
0084009e
008100bd
0092009f
00840091
009700a1
0095007c
01390100
00ca00f9
00d80135
00f00116
00d100b3
00ad011d
00e700db
00f800fd
009000bd
0087007d
00800077
00880068
00810097
0090008d
00d6007e
0095008e
00980091
007f006b
009a00f8
009a00b5
00a300a3
009b00cd
011f00a3
009500ae
00c000cd
00ca00ae
00a900e3
008600ae
00a100e7
00b100fb
00ee00a9
00cb0105
00e600e8
013200bb
00de00cf
00a700b1
00c900eb
00d3010f
01300113
00ca00cf
011100de
00f100f5
00f100c7
00ae0115
00d200cb
01180107
0132010a
00d10113
00df00e2
00ef00cd
00f10109
011100db
00de00e1
00ef010e
010800de
00e600da
011300a2
00ad00ad
00a3009b
00c800a7
009900c8
00ee00cf
00ca00d7
00bf00ea
00af0085
00ae00b0
00af00a1
00b90097
00c700ba
00d70092
00b000b9
00cf00ea
007b0077
009e00a8
00a300a7
009d008e
008300b6
008b0083
007c00b9
007f0069
00f90150
013000aa
00e000ea
011f0116
012e0113
00f200f9
0145016e
0117012b
00ad0111
00750076
006a00a3
009b004f
00740063
00840063
00aa006e
00c6007d
00ed00f7
00ce00ef
010900fb
00df00b1
00b900d3
00c300c9
010300d1
00f100d9
010e0113
014b015b
0119012e
012b0180
0185015e
00f9013e
0130011a
017b0150
00b5008b
008500a3
00b900bf
00d800ca
010e00b9
009d00ff
00c000a3
00af00d0
01b2011b
00e800eb
00d30121
010500d9
00f50132
00fe0121
011100d0
00df0115
010800e0
014b0152
01290106
00fd0115
010d0101
00fe0120
00e8010e
011100e9
012700ba
009700db
009600b7
00bf00c1
00be00b6
00b800c3
009a00d3
00ba00d2
009000a6
009a00a1
011100af
00bd00ce
00ab00c0
00a700a1
008c009d
00ae0092
00e30157
01320129
00d700fe
00e000d6
00f900b0
00d500bb
00a800cd
00bd00a7
01590080
010b0127
008e009e
00c200d8
00aa0079
00cf00be
006f009f
008b0084
00fa00f2
00fd0119
00de0135
011100cb
00c500bf
00d800e2
012300cd
00b800a5
00c30127
00b800f5
00f800bd
00f80119
00f300e2
00d900d9
0132010b
011600e5
00d000e1
00b800a8
00c700b6
00a200b1
00b60097
00cb008d
013b00ab
00bf00d2
00ad012e
00820091
00a500b9
00c70072
00950088
00d90070
009500a1
00cf00be
010100f5
010600cf
00e9010e
014000fa
011200f5
0107011f
00ee0101
013900ed
00d000f2
0118013e
01690101
017200e2
014900dd
00f10125
00d3010d
00ee00d9
011d00d2
00d200c6
00de00c1
00cf00d1
00fd00bf
00b700f0
00c600e3
00c500ae
00f20086
007e0086
00f20084
009b007d
00a100ba
00c90084
00a3009e
00b500c7
00dd0102
00c10109
010d00b7
00f700f3
00d60113
00e000b1
010e00e6
01350109
00b1008b
00b10090
00d300d6
00ca00e7
012100b6
00cb00a6
00d900e0
009e009a
00a800c3
009a0091
009300ca
00a100c2
009d00cf
00c100c5
008e00d6
00d600cd
00b60169
00f800e0
00ed00c9
00e200ab
00b200b1
00a200bd
00b600ca
00b700a7
00dd00f3
00ca00e7
00ae0105
01400088
00c700d7
00bd00d8
00b000da
00d000be
00e600f8
00d900e9
00cd0100
011700e8
00d00152
012b00f7
00f500e5
00ca00dd
00e800d2
011200fb
00f100db
010b00b5
00de00f6
00ed0100
00b900e3
00d7010a
00af00de
00a800b6
009900aa
00d30098
00d700cf
00aa00c2
00c100ae
00b700bd
00e30103
00e10105
011300e3
0165011b
01130125
00fd00f8
017e015e
00e0015e
009e0097
00760099
009f007b
007e007a
008c006e
0099008f
00850081
005a00a0
00ae00fb
00eb010b
009f00d6
00ca00cb
00b700ba
010d00b9
00cf012e
00d90115
01390116
011a0132
01320149
01020140
0116010e
011f0102
00e60105
01270109
010700c5
01110150
00ee00d5
010800f9
00c200e3
00c000f6
00c30091
00a600b6
00d60103
00860096
009b0085
00e800ad
00ba00ba
00990083
00c000a5
00ad0099
00ff00ee
00d00092
00a900cb
00c20106
00a600e1
014e00ca
00ea0108
016e0147
01130169
00ff0129
010e0150
02020135
00e001d0
00ef0107
00d00127
013e00f2
00d00162
00a600dd
00c000b5
00f700b1
00d70117
00ed00ff
00f80145
010a0137
00a500c2
007900a9
00a80073
008a0091
009e008d
009d008b
00a100a7
00a10087
008300ab
00a500a7
00c9007f
008100b9
007c0082
00a900a0
00a100b2
00b30081
012700fe
019900ba
00d000c7
00f100c0
00c20106
00d200a1
00b500d5
00d500f5
00d60137
00c50086
00d50071
007a007b
008d008e
00a30095
009b0096
009a00b2
00f200fb
00d100c5
00ad00cd
008b00ce
008e00a1
00a300df
00c800ad
009500ab
00da014b
00d90110
00bb00ce
00c70113
00df00db
0123013b
00f300c5
01180110
00f60135
00b700e9
00ff00f8
00e900c1
00bd00db
00d800b0
010700a3
00df00e5
00af00b9
00ce00c0
00c2009a
0095009b
00d8008d
00d5006f
00c300a6
00bd00b8
00ee00ff
016b014e
00df0142
0135012b
010b00f6
00db0110
00ed011b
011900db
00880260
00810083
005f00ae
005b0057
004a004f
00450044
00920063
0053004a
010701ee
00f800e5
00e300f7
01e000d3
013000ca
00c700ad
00c70102
00e800ef
00a900a3
00f7009b
00c10112
00b300db
00b300ab
00d200de
00da00d2
00e300c7
00c100d8
00c8006f
00a300ae
00ae0085
00b700a5
008200a9
00c700db
00c100b1
00e500a0
00d100ed
00e300ff
00da00cf
00d200af
010900d7
00a800e6
00e300ef
00c100da
00860064
009d0076
00a30092
00c700be
008e00ab
00a200c2
009a0093
00ee00fa
01500142
00e60179
014700f5
00d2010a
01060140
00fe013e
00eb0122
00c50110
00b300bf
00bd00b1
009100c3
00d800c0
00d100a6
01070100
00e500ad
011200ff
00e8011b
00be0108
00d100f6
00a300de
010e00b1
00d000b5
009d00a7
00cd00cd
00c80090
007b00c3
00b500b2
00a200af
00b300c6
00d000b5
00b2009f
00a900bd
00e200c3
00b500c1
00d9009b
00c100b6
010600c2
00840111
008d00c9
00a100ab
008f00ab
00b300a8
011000a9
00bb00a5
00c30091
009a009b
00aa00c8
009a00c0
00f500dd
00a000a2
00d600c8
00aa00cb
00b700d6
00d20089
00c3009f
008200c0
008e0079
0092006a
007b007d
0082009d
00aa008c
006d0076
00730079
00790088
00770086
009f006d
009900c7
0097008b
0096008b
00b10091
00de00ad
01c901a9
01cb020b
011b020e
018201de
01f90123
018701f9
01e201bb
01a901e7
00b500d5
00a3008a
00b10092
00ad00bb
008c00aa
00b700a5
00d700a8
00a800be
00900087
00a000bb
00cd009e
00d00093
0083009e
00b500a7
008200aa
00ba00a9
0155012b
011b0100
018201a9
015e014e
0159016e
01db0192
01e2014b
02120192
010d00ab
00b000d9
00c1010e
00eb00a7
00e900e1
00ab00d3
00db00d3
00ef00ca
011000ff
012e0123
011a012b
01290110
00fe00fe
016e0197
00fb00f6
01130102
00ae009d
00a9009b
008f00ae
00730095
00b500ca
007f0085
0093007d
00a50077
009b009e
00b600a3
00e300b0
00d000c1
00af0121
0091008f
00ba00ae
009f00a5
00ad0077
009f00b7
00a600e5
00c100ae
00b50096
00aa00b3
00b3009f
00b00096
009f0080
009800ab
00c000e2
00b500b2
00c500b6
00dd00db
011300de
00a000d3
00f000d8
00e700a8
00ef00fb
00a500b0
00ef00d3
00bb00c5
00ba00c7
00dd00c1
018500d2
01420139
0157018e
01220135
013b010a
013b0140
00fd011a
01b90159
00ae00ca
00ba0087
00cf00a7
0095009e
00c7008e
00ae00e1
00b200b8
00a200b7
00e5010b
010a00ad
010b0129
00dd00f3
01090149
00ff00f3
00eb00cb
00df010b
00b90099
00b600a7
00d300a0
009800d5
00a800ab
00bf009a
00ae00b5
00a100d3
00e80089
008a00c0
00c000fe
00a000ce
00bb009f
00b500bd
00b70096
00b900ab
00c80082
00b500c2
009900c2
008600ae
00a600bf
00c500bf
00a50089
007900c8
009e00d6
00b900b5
009a00a8
00ba00a0
009600b7
00a20090
008c00ba
00c500c7
01390122
00cf019b
00f900cd
00fe00e8
00ea00df
00dd00db
00b000db
010b00c6
00bb00c0
00ce00da
009e00e3
00a10109
00b000fd
00d200c6
00a700a8
00ed009a
00b500d3
00de00d3
00aa00af
00fb00c6
00a300d5
00fd00a6
00cd009b
00db0100
00e000ae
010000d8
012200bf
010200b0
012900cd
00e600f5
00ca00e3
010a00df
00c00085
008b00b9
00990098
008a00ae
00b000aa
008700bf
00be00d5
00bb009d
00fe015e
007a0065
00ea00a7
0095009f
00b1008a
00af00af
00a9009d
00b000af
00df0109
00960098
00c30095
008500f2
009e0083
00a700aa
009d00ba
00c700bf
009b011d
00a000af
009300b2
00b100b9
00b200ba
00cd00ce
00a800f3
00b800cf
00f30147
00d700f2
012200e3
00fe0132
012200de
015500f2
01000101
00d50108
012b0102
00e700e5
00a700b7
00cf00b5
00f900d3
00e0010a
00f70115
00f7010f
00e8016e
00d600f8
010600b2
00c700df
00d100d7
00b700db
00df0102
00cd00a7
010b0108
01100170
01100159
011d0162
013200e1
013e0179
010e00ea
01570117
016900c3
00f500dd
00e10107
00ed00d2
0113009a
010300f3
00f600d5
012900f6
011e00fd
00fa009e
00d200f9
010900ce
010d00c0
00ba00f7
00e200c5
00ff00b9
015700ba
00cb00cf
014700cd
00ff0127
011900f3
00f200e8
0105015b
010f011d
00e800d9
017b0130
01370189
00e800f0
010e016b
015b0170
00fa0149
01490129
00d100c2
008800a9
00d2010a
00d200d2
00be0086
010f00a3
00b300be
009f00b8
00ee010a
0101011a
00d70129
01180137
00f700d7
012700fd
00d20108
00da0107
00b700c1
00bf008b
009b00ef
00d200b3
0103010e
00c00113
00db00db
014e014e
009900a9
00c2008d
00bd008f
00be00b6
009600a6
00ca00ab
00a500ba
00af0099
00ba0082
00a100ca
00c500a2
00b700ed
009200c5
0098010e
00ad0093
009700ab
00b700c0
00d80096
00f2008e
008d00a6
00af00c2
011f00a6
00ef00b1
00d900f7
006a00f6
005b0088
0081009d
0073008a
008c0077
00b5008d
0088009e
008d0087
00e900ed
00b300c2
010700e8
010700e7
00fa0167
01090115
00f00127
01130121
00ee00cf
01190092
00d90187
013900fe
00d600e5
00b600b5
00c500a8
00ae0130
00e7011a
011600f5
00e9015b
01290121
01090102
01030117
00d500fb
00d800fb
009200ae
00b300b1
009d009f
007d00d7
00a500bb
009800cf
009a0093
00ad0078
00c700e0
00c100c1
00f900f5
00c700d7
00c600ba
00f900a2
00c900c6
00c600ef
00eb010d
00a000f8
010200a8
012e00be
010700c7
010000f6
00da00fe
00de00d8
00ba008e
0087008f
00a6009a
00f60083
00c50095
00b600ae
009e00a5
00c70093
009d009f
008c00b8
00b300a5
009200a2
00aa007f
009d00c7
00b900b0
00ce00c2
00c900b3
00c700d6
00bf00df
00ea00ea
00bf00f1
00b000a5
00ff0088
00ad00c5
00f600a8
008d00d5
00b500eb
00ae00ae
00b500cf
00a600a3
00fe00a5
00a300af
012b0182
0145012b
01370135
01030169
01160159
01300180
00fd012e
0135019e
00f300a1
00f600e8
00c800c6
00c000ab
00c200da
00e200c5
00930135
00c500c6
00b900db
00b800e7
00b700bf
00f100ba
00da00b5
00a300ef
011900df
00e000c5
0098009f
009b00c5
00b900db
00ae00ad
00e800c5
00d700ab
00c80103
00a900c2
00d800a3
00b500d2
010500bb
00ed0116
00d700c6
01080102
00e600d3
00b600e0
00e90122
01420112
01000100
00dd012e
00e70105
015b0120
00ca0135
00ad00d9
00b000c1
00ce0068
00ad009e
007b00a9
00cd0082
00a3008d
008900aa
00a10099
00be0108
009e008f
007d00db
00b0009f
01290092
00df00a6
009e00b9
00b60083
009a0103
008500b1
008a00b7
00a000b6
00be00a1
00ad0084
00a100de
00cd00c6
0137010e
010200be
00b70119
00c70103
00e800e9
01210125
013000ab
00bd0125
0147012b
011700ea
00dd0101
00d300c8
00c200d2
00cb00cd
011a00da
01180149
00c50103
0167010a
01850135
00d80116
00e10109
00df0159
0159010e
011b0147
00eb011d
011600e7
010100ee
01050118
013200f9
011a01bb
013b00f0
00fd010a
011700a2
009600ca
009900ea
00cf00c3
009f00b1
00b300ba
00da00ab
00e900bb
00c100ea
00870090
00a500a6
00a000ae
008a00ad
009200b6
009900e6
011b00d6
00e000ed
00d000a9
011e0130
00bb00cf
012500ce
00d800c8
00e800c0
00d300d5
009f00a1
009900a2
00a20084
00d9009b
00d900d0
009800ad
00ba007c
009f00f2
00f80087
00e50172
00ae00b7
009300b9
007f00bd
00870075
009e00a9
009b00a3
011200fe
00f100d3
0119012e
014b00de
00df00ee
010b00dd
00fa00ee
00f90110
00cf0119
00d90092
00a800ad
007500b6
00890086
007a00e8
00cd00a1
00cd00b2
00b500ba
00ba007f
00770073
009e0075
0053005d
008b0072
00820083
008b007e
00b700d9
00af00b1
00e500aa
01120081
00aa00b6
00b100a5
00f900d7
00d500a7
00b80093
009700a7
00ab00d3
00c500f0
009e00da
00e200b0
00ba00e0
00a200a0
00e100e3
01290121
00f700c0
00db0121
0172011d
00f600d9
00f900f8
014700e6
011e00ee
00db00e8
00e500eb
011a00d9
010e0100
00e50121
00f100e6
00b800d9
01550142
011600dd
011e010f
01150132
01270137
00be012e
016e0150
013b00f2
009100e1
010e00af
00d6009e
00c800a5
009d00aa
00a600c1
00dd00bf
00b90099
010900b8
007c00cf
00d600a0
00b100b2
00da00e8
00b600b5
010000e2
00e700bf
00a500a8
00b30101
00b500b5
009900b2
009800eb
00af00e0
00b0010a
00a700c5
00f1012b
010b00c2
00da00c3
00dd0100
00d000d2
00c000df
010e010f
00ff00bb
00b800af
00be00ad
00d700b3
00d200bf
00fe00cd
00bf00bb
010b00cd
00b8009d
017900e8
01770111
011f00fd
0127014e
01350112
01100122
00fa00fb
01300105
01d201f5
01400190
01520159
01290140
013b0197
014700c5
01db016b
018701a5
00c600b9
00f200ca
00a60116
00a300f5
00a10098
00bb00aa
00b500b7
00ba009a
014e00c6
00ee00c3
00ba00f6
00f300fb
00d700e8
00eb00ca
012200c9
013700cd
011b013b
010000de
0137014e
00f90145
014b015b
0130014b
01570125
01450160
00cb0120
00f800e1
00f60116
0129010f
00cf0101
00c90115
00e1011e
00de009f
00a9007b
009d00ce
00c200ae
00a200ab
00f900a3
00bf0090
00c00098
00a300ad
017900f6
01180149
00f80130
00f90116
016b0162
0121013e
01490147
0125012e
01620122
013b00cb
015b013b
0107014e
011b0117
01790155
012e019b
01250129
013b0157
0116014b
013700ff
0145019b
01110100
01900118
01750185
0155014e
00b50147
005b0086
00740084
00c70092
007b006f
00a200d1
008e0082
00a90064
00a10089
00bf00ad
007e00ce
00860075
008b007f
008d007b
00a30091
007b007d
00c500e9
00c7008d
0098009e
00a20089
00c000be
00c200a8
00ad00b7
00d500c2
00ce00df
0077009e
008500b9
00ae0095
00a20096
007b00c3
00a200a9
00bd00b9
009b0081
00b2009a
00df00d0
00ce00d3
00d000c5
00ba00d8
00dd00df
0098009a
00810127
007500a2
0068006f
0057006f
005e0063
0054005d
0056005a
004d004a
00b800f7
00d9011a
00ef00e5
00c10113
01000112
00ce00f7
01290125
010000b3
006c00c5
0052006a
005f005f
00590077
004f007e
006f005d
00720054
005d0092
00af00bd
00b900cf
00b200b9
00c600be
009300f1
009a00b3
00b600ab
012e00f8
00ce013e
011d00ee
012500e7
013b0108
00cf00b0
01050129
00fe00eb
00c700c6
00e900fa
00ca0113
00fe00ee
00f000e1
00f00127
00dd00d6
012500eb
00f80135
00bd00b2
00cb00ab
00b700c1
00d300a9
00b000a8
00c800a1
00d600bd
00de00d0
00a800c3
009d008d
009600ef
00ae00b8
00a900a9
00b2009d
008a009e
009d00c7
0108010a
00c300c6
00c700da
00de00d0
00f300a5
00dd00ba
012000cf
018700ef
00e800b6
00aa00c7
00bf00da
00bb00de
00920097
00ea008b
00e7009b
00df00be
00ae00b5
008a00a7
009a00d2
00aa00a2
00a50092
00cd00bf
00c500d3
00c100d1
0075016e
007f0046
008f0066
00520043
00420061
0049004b
0054005a
003f0065
009300a0
009500b3
010300be
00a60091
00a200bf
009e0081
00980088
00aa008b
00d100f9
00bf00bf
00da00de
009000b7
00a800af
00ad00d6
00ef00de
009b00eb
01390119
00ce0111
01020106
00df0125
00db00f9
01270115
01390129
00fe00ea
00fb0121
00f800d5
0102012b
01030107
010f00fa
012900fb
01080100
00f900e9
00bf0092
00e90099
00c100cb
009900c2
00d60109
00ce00e8
00c90100
011a00a1
00bb0169
00d100ad
008f00d2
00a300ef
00a700a0
00bf00b8
00a60086
00a500d2
017900fd
012e00da
0172016b
011b013b
01950185
012e0155
0113017b
01170145
00b300af
010000e5
010f00d6
00d100ed
00e70117
00a900bf
00ea00ca
00c200a2
00fd00e0
01160195
00be00e3
00f10113
01130115
013e00cb
00ef00ea
00a800b5
008800c6
00c0009b
00c2008a
00a60072
00bd00c3
0082008d
00ca00ce
00c100b7
00db0139
00ad0117
00e3009e
00cd00d7
012700d5
00da00e0
00d90111
00d000d9
00900097
009000b6
00a8007f
0091008a
00a200a3
008f00b6
0096009e
007e00b0
009f009b
006600b6
00e0008c
00a700ba
00d50098
008b008a
009a00e0
0095009e
00d600d3
00da00ae
00e800b1
00ae00e0
010a00c8
00a00119
00cf00fd
009f00c6
00b700a6
00ce00db
00e801c5
00cf00a7
00d6009d
00ea008c
00a900c9
00d100cd
00bb00ca
009d010a
00df00ba
00c900d9
00f100c8
010a00f6
011800d5
00c20112
00c2009d
00d10096
00c600e2
00cf00b7
00bb0102
00ab00bb
00ba00fb
008d00c5
00b700c3
007a00a9
00c300ae
00a500a0
00b200df
00b100e5
00d000c0
00ba00f9
010900cd
00a00109
00bf0095
00e6009d
009700d3
00bb009f
00d200f2
00d80099
00b200df
00de00b1
00c900b3
00d200cd
00c500d2
00b800f6
011000e3
00c600c0
00c800ad
007f009d
0085006d
008300b7
00c900a6
00c000a8
00bf00c9
00d900af
00cb00ed
00ca008e
00ed00ab
00f7012b
00a5009d
00ab0107
009f00af
00d200b9
00f600d1
00aa0098
00b100a3
00e900b3
00bb009e
00990092
00d100c2
010600b7
016200aa
00ff011d
00ed0103
00ce00af
00e70155
012100e9
00e500e8
00e30152
00ad00cb
00a9008b
009e00d1
00c100ce
009100c2
00b000a5
00ab00bb
00b8009d
009b00a8
00860091
005e008b
008900a9
009b007b
00860090
00900074
0082009d
00a60097
009b00c6
008e00b6
00c200cf
00ff00a3
00f300af
009000c8
00a0008a
010e00f8
00bd00da
00e100f7
01270107
00dd00d5
00fb00c8
00f000c0
00c000e7
00840093
00d500c9
00af00f8
00e700a7
00f200aa
00aa0097
00b0009a
00a0009a
00a000bd
00c900e3
00ad0106
00b200a3
00ad00d1
00f200c8
00c000a0
00b700a5
00ad0160
00d200a6
00c100b6
00ca00b7
00c30097
00b200b2
00ad00c5
00b200b8
00b9008d
00a900a7
009b00a3
00b500b5
00ed00cd
00da00c9
00b600f8
00c600e3
01120192
00a900d2
00ef00be
011000c2
00e50139
00af00b8
00c300df
00e500d1
00aa00bf
00a100b0
00c5006b
008d00d3
00910076
00a300a5
007f00d5
00b900ca
00c600f3
009a00b1
00c0009f
00eb00ef
00ce00f7
00da0091
00c200af
00a700bb
0147006f
008700a2
00b6009b
00c600a6
00ab00af
00a900b2
0090008e
00b30082
012300cd
01290152
00f100db
00fd00c5
00c500ce
00cf00da
00c100c2
00da00dd
00a2008e
008d0087
00b60099
00a800af
009b007e
00f500ce
010d00d6
00d700b9
00b1013b
00d100b3
00ba00a8
00e70125
00a700b8
00ee00b9
00d600db
00ed00c0
01110185
00e500c8
00eb00d6
01200110
00e100f3
014200d3
00fe00f2
00c100d0
010100cd
00ff0117
01070109
00f6011e
011a011b
010500e8
014700d7
01390113
008200b2
008b00a7
00a90071
0093008d
00aa00a0
009700b1
00cb007a
009900a1
00a000b9
008f00b9
00db00ce
009800ba
00c5010a
00ba009e
00af009f
00ba00db
016e017b
00fb00c8
011e00f6
00ce00dd
0112010b
00d800f5
01370132
01250155
00c200a1
00ae00ce
00de0101
00b000be
00e800ae
012900e0
00a30108
00d500bb
00c900d0
00a200da
00af0110
00d70111
00d20098
009800e3
00bb00e7
00e0009a
00b300a8
00890065
00ae00ab
00970099
00e800a8
00dd0083
00df00aa
00af00af
00a800aa
00800079
00850081
008d0076
009a0081
008c0095
008800be
0086009f
01a50145
015500df
0125011e
01920125
01a9010b
00f2012b
01220129
0100011d
00b100cf
00c200c1
00b600bf
009f00cd
00b20075
008f0086
009700b6
00ca00aa
00d20097
00d600ad
00b600f9
00d000c3
00bb0101
00c000ea
00d70120
00b700b9
00bd00d0
00f100be
00b900ce
00d100bd
00d600ea
00b800ef
00e500b1
00e50132
009a0086
00b900c2
00db0078
00c80092
009f0073
009700ae
009600e1
00b200c3
01450123
01250110
00f701a0
00f0010f
011000fe
01210122
012900ed
01270105
00fe0116
014200f0
0162010d
00ce00a8
00c700e1
00cd00df
00c900c5
00e000c1
00db00b9
00b80098
00eb0098
01030087
00df00b7
00e200d6
007e00a2
00b100ae
009e00a7
0093007a
006200bd
00d50093
00b600b6
00af00a6
00c100b6
009500c8
00ba010b
00ff00cf
00c700f9
011d0109
00bd00a5
00d70132
011a00ee
00f800f1
008f0129
00820091
00b1007b
0073007e
0078008d
008600a9
00a60086
006d00af
0096007a
00ae008e
008900b5
008000ab
00ce0092
00cf0099
008c00c0
00b200df
00ea00e8
01080159
00f50105
011f011e
013200ea
012500ef
010d00d9
01d70157
0179014e
00e800b5
00f500d0
00be00ed
012b00ed
013200f8
00e600dd
010f00ea
00e200da
009700cd
00af00db
00e000b5
009d00b6
00aa00c7
00a600c3
00ca00a9
00b100d9
00b100db
00e200d9
00c100c0
00c900e1
00c600d6
00d800ca
00b000c7
00b3008e
0093006b
006e0083
0092009e
009800a7
00a90072
009f008c
0078006d
012e00f1
013b0116
01170127
0160010f
010f0108
01a00159
011f014e
01020111
00d300c9
0082009b
00cd00ae
010100b1
00b300e8
00bd00c1
009a0116
00d200be
00da0139
00ed00ca
00e800ef
00d1009d
009a00be
00e500be
00fa00bf
00ce00a7
00e601d2
011a00ca
00de00c5
00a500c8
008c009f
00f700a0
008b00a7
00a6008c
012b00e3
00b300ff
00f300e7
00de012e
00f200e2
014000f0
012e00fb
012500fe
006c00a8
00850063
00a200a0
008600b0
007f0077
0093008a
007d0089
00960065
00b90127
007e00af
00c30065
00bb0085
009d00ab
009e0083
00d5009a
009f007f
02320215
00f8013e
010b014b
011f010e
012500ca
00f9015e
015b0135
00ee00f6
00c100a2
00b6008f
00970066
008d00b1
00d60079
00c60080
00bf009a
00b100be
00b800fb
00b3009d
00ad00dd
00d000d2
012700d6
00a600b2
00e300be
00ba00d7
019e013e
0107015b
01550132
01a00105
0217028e
028e0107
0289016e
0162020e
011600fe
00f600f8
01400169
01300142
011f0118
014e01a9
00e60106
01420120
00fe010b
01590137
01120122
012900f3
010f010d
01320116
015b0162
017b0160
00df00d1
00ad00a2
00b200d9
00b000a0
00c000c2
008600f2
00b300c5
00d900ca
00c900c7
00b50105
010f0122
010900d1
00ce00e2
011600bb
00d000b3
00ef00ea
011600c9
00eb0113
00e3013e
012b0100
01600112
00f8011a
00e50101
00ce00db
00f60142
00fd010a
00f500c1
00f800ef
00f8011a
00d90110
00ed00ea
00ce014e
00f90100
01800169
01450137
01100195
0108012b
01060107
01300155
012b0127
00890093
00a300bd
00a700cf
00c00086
00cf00ad
009f00bf
00b9009b
00b30097
011000d6
0195015b
0170011f
01370130
01270142
01600165
0117013e
00e5010d
014500e8
00e0010b
016500f2
00f6010b
00f800e5
012900ee
0137010a
011a0135
00fb0139
00d100b2
013700b9
00ab00ae
00ee00b5
00d200b8
00fb010b
00cf00c3
010d0150
00c30076
00ce00e5
00b00082
00b000aa
0127009f
00ae009f
00b200e8
00d30130
00d300d1
014000d6
00d900e1
0135014b
00fa010e
00df00f3
00b600c5
00ab01b5
00fd00aa
00fa00c5
010600f9
00c000b8
00d800df
00b900bb
00b700b9
00a80089
00d2008e
00e20089
00c300a1
00a70093
009e00af
00ea00a5
009600bd
00df012b
00f300c6
00d000ef
010800f5
01070137
00f900f2
00bf00e8
00ef0108
00a200eb
008700ce
00da00c1
009700b2
007e00bf
00a200da
009300ae
00c600da
00c5008d
00f800e6
00aa00b8
00de00b6
009500bb
009200bd
009a009e
00bb00e1
00c000c0
008c009e
00b300a1
00af00dd
007e00e0
00af00a6
00b200a5
009e0088
00ee012b
00c500e1
009a00eb
0096009e
009b00ce
00d600db
00b300a0
00c2009b
00b200d9
00da00ba
00c60109
00e700eb
010700d6
00e00102
010f00e0
00da0179
01030139
010700ce
011e00ee
00e000d7
014700f7
011a0123
00e90137
00b5010a
00e300d5
00dd00e8
00e700e3
00ea00ce
00dd00e1
011d00ff
00cb00e3
00f60118
00b300fb
00ef00de
00aa00b7
00ad00ef
011600b7
00bf00f2
00a700db
00b800ab
00a20096
00880091
00a800c1
00c90098
009e00a2
008b008e
00ab00a3
009300a0
00d700c9
00e60097
00d100b9
00d200c1
00ab00e7
01220092
00a700c5
00e300d5
008c009b
00a80097
00ae00bf
009700ae
00ee00a0
00ab00ca
00b000b5
009e00aa
008500ab
00bd00a3
00a300ab
00c000a3
008f0095
00ab00a0
006f009e
008f00aa
00d900d7
00770096
00930085
009b0069
0085009a
00910095
009a009b
00a3009d
011a00fe
0100013b
010f0147
01160139
0103012e
013e0142
00fa00fb
010d0152
013e00ed
00fd00de
014700b8
012e0108
00f900f7
0113013b
012e014b
01950132
010900ed
00d00120
00a500d7
00de00f2
010800c5
00de00cb
00e300a5
00c500d1
00b600be
00ba00bd
00bf00ba
00af00ef
00b700ab
00e600e1
00e300c0
00e10093
01070147
00f900e5
00f100fd
00f90142
0109010f
0130011f
00f000f3
00f500f7
00b800e1
00cb00b9
00a300d8
00eb00bb
00d000d0
00e100c0
00a500ae
00fa00ad
00ef00fa
014200e3
010a0118
017700e2
00cd0109
011500f3
01030145
015700db
00c900b5
00be00db
00ed010e
00b2011a
00e00109
00f900fb
00ef00f5
011b00c7
00b10170
00be0103
009b00d0
00de00c1
00ad00da
00b000e3
00df00f7
00e900b3
008b0090
007b007f
00890083
00a9008e
009d0098
00970099
008800b8
007a0091
007b0085
00f6007a
009a0083
00770079
006b008b
006d007e
0081006c
00870079
00cd0165
014b00bf
00eb00cb
00e900d5
00c800cb
011d0103
0140011b
010900fa
00df010b
00e600e5
014e00cb
00d50116
00d100fe
00e20118
011500d2
00f20123
0123010a
0125016b
0108011f
01450167
017e0167
018e01b7
011a0150
0130012b
009f008e
008e00bd
00c700c5
00c500af
009600ae
009900a9
00ca00be
00c000ed
01000137
014b0117
013b013e
01220137
01750182
01620179
014e012b
0112013e
015e0152
01520157
013b0120
0180014b
011d017e
01470195
012e0129
00ff0115
00900063
00c300c2
00d70167
00d700bb
00bb00f5
00aa0113
00a200d7
00d20089
00bb00b3
00a20080
00a300c1
00ad00a9
00a90105
00a100d3
007500c0
009300a3
009500b3
009a00b5
00c200c6
009a00d1
00ed00ea
00c900bf
00d800d3
00d800c6
00d6017b
00f900ea
00b200ff
01650110
010f010d
01150117
01090107
00c60123
01470129
0127011e
011e01a5
011800fe
01210140
012e0107
00fd0145
011500cf
00f700df
00f200de
010f00ff
00e600ce
00fb0101
00dd0101
00c900b9
00dd00e9
007d00c7
00da00ae
00a800df
00fe00a5
00a700ae
00ab00b9
00a000b9
00a300bf
00fd013e
00ae0105
00f60132
00ca00d9
00b30101
00f000e0
00f300b8
00d800d8
010100e8
00ab00e5
010100f0
010500d8
01100106
00ca0140
011700d9
0110013e
00b70092
00ab00a0
00950091
00ba0096
00d300c7
00b200a8
00c300b5
008600cb
00b9009f
00790084
009e008b
0077007d
00740087
00a20093
00ae00c1
00860097
00c00129
00b600ff
00cd00b7
00bb00a9
00e500b3
00d70121
00b90101
00df00db
014e0088
00ff0120
01290149
016500e2
012200f6
00d900e7
00bd0167
017b00d6
00fb0106
01250112
00ee00df
010500ef
015b00ee
00f70101
010e0129
00cf0110
00b200f3
00a100aa
00a300f9
00b700f6
00a800c6
009a00df
00bf00e3
00c800e7
01370129
01870108
012700c5
01650111
012300e0
012000e7
010200fe
00ee00d9
008f00cf
00af009d
00ad008a
00a100ba
00c300d3
00b300e5
00c000a5
00c700b1
00bd0085
00b300a2
00a100d0
00e600c9
00c100b0
00c500cf
00cb00c2
00a700a5
016900e9
00f800d3
00f80169
0147010f
013000ef
00c800dd
013b0129
00c300d0
00c50116
00ab009e
009a00d1
009000ad
009f009b
009e00e1
00a70095
009e0092
00e100d7
0120014b
010d0170
00cb0107
00d9011d
00d500f2
00a6010e
00b500e6
00e100ca
00ad011e
00e500d6
00d300d9
00dd00c6
00ba00d8
00e1011e
00e50102
008800e1
0069008d
00af006b
007b0076
006d0089
0073008b
00db0071
008a0093
00d000d8
009e0099
00aa008c
00d200e3
0122009f
00d100e6
00ad00d6
00d500da
00bf00e5
006a0096
00a300ce
0087009b
00b20083
009a00c3
00c100f0
00bf00ba
006d00d7
00800086
006d0069
0089005d
007a0063
0075005a
0097009f
0055008e
00d5016e
010700ca
00c600c9
00f700c9
00da00a9
01270106
00db0120
00d700ff
00a6008b
010d0132
009d0080
00a20085
00830085
00750078
00a6008b
0097009b
01120129
00730086
00890078
0087005a
006e0090
00a8008f
0069008f
00780074
015e0147
017b014e
01690117
01390145
0107014e
01250129
012500e2
00f600d1
00cf00e0
00a600e2
00af00b6
00ae009a
008a009e
00a800b8
00c000ae
00a200c9
013e00fa
01130121
00ff00cf
010d0127
01650145
013b012b
01a90145
013b013e
00ca008a
00d800aa
010f00c3
00ea00a2
00e000d0
010200e1
00d5011e
00d200bd
010300a9
00920106
00cd0125
00c200f0
011800b2
00f20105
00f200ce
00eb0137
00e6015e
00f700a2
00b900d6
00d90105
011300b1
00f6010e
00e000cb
00ba00c8
00fa0108
00f200be
0152012e
00e90119
00b70125
00d300e7
00f700bf
00ce0111
00c0009b
011800df
00f500fe
00f000bb
00b300d5
010300f7
010300fd
00c800e9
00bd00a1
009a00a6
007b00b0
00e600c2
008d00bb
007900b2
008300e0
008d00a5
00ad00c8
00cd00c5
00ad0106
00c100d3
00ce00b9
00ea00c1
009f0123
00c90110
012900fb
0122013e
01a90107
016500fd
010b00ee
014b011d
01320112
0139012e
00b900d3
009300c0
00a600d2
00ca00c2
00d6009a
00aa00a7
00a300ad
00a60088
00f600ff
010200d6
013b010e
00db00ea
016e00d8
010700c9
014000c9
016000e9
00ca01d5
00c000c5
00ad00e6
00bd00fa
00cb010d
00b000ff
00aa00ca
009800c7
00bf0092
008300a0
00dd00af
007d00c1
00af00ce
00a600bb
008200ab
009e008f
00990088
007b0081
009800a6
006c00a0
0070008b
00be006f
00920095
007d0081
00cb0087
009000a7
00db00b8
008b00af
00d0009b
00930096
00f5008d
00a800a8
01030103
00ca0113
00ae0145
019000ad
00df00cf
00d100b9
0095009b
00b300ea
00d90129
00e600d0
00f10127
010d00df
00ef00f7
013700cb
00f90120
00e1012b
01180100
00e80165
00f0010f
0169013e
016b00eb
01a70160
012b0140
010200fd
00be00f8
00ce00dd
00cb00a2
00e00120
010300d0
00e600c8
010b00cd
00d700af
014e0140
01270125
01270110
0157013e
013b010f
00ff00db
00df00ff
012b00e7
00fa00f5
012000c6
01290125
00af00dd
00ff00df
010000c5
013500e0
00d100ee
00f90110
00fd011a
010a012e
0112012b
0112011b
00f700f5
010e0137
011800ef
00c30098
007100be
00ba00c1
00a800af
00b10090
00a700c5
00cf0098
00c700d9
012b0123
0142014e
01720157
01d501c5
01470159
016b0115
01600152
01a000fe
00a3008d
00a30086
008900e8
009d00d8
00a1008d
00a3007d
00d000bb
00d8009e
01020155
014b0123
012500cb
010b011b
012100f6
00f9012e
00c20103
00cf014b
009201a7
00be00ea
009e0099
00be0091
008c0098
00950083
0098007d
008e008f
00e000af
00c9008d
00d30127
008900d8
00b200c3
00b70099
00920089
008500ba
01390135
00bf00e5
00f900e3
011d0103
00d10116
011f00e5
00fb00f6
00f50108
00af0073
006f008f
00df006e
0063007b
00950089
0087007d
0088007a
008b0090
00e20145
00d3008d
00e0010d
00c900d3
00e200f1
00af0107
016000c0
00fd0118
00aa00b8
009d0083
00910085
009a00a1
007e0099
0092007e
00b500ca
0091009a
008b0077
007a00b0
0085008d
00740067
00820082
00820079
007e00b0
00620064
00f600da
0069009f
009a00cf
00fe00b8
00ed00a1
00a900c9
00df00a0
00b9009e
012500cd
014500d0
00880129
00e70121
00fb013e
00eb00d0
00e000d5
010600eb
011e00c6
008a00c1
00c800c1
00bf00d1
00c900d2
00cf00bb
00ca00b8
00a2009a
009700e0
0053008e
008b006b
0059006d
0074006d
006d0096
00660065
006b007d
01720150
011d0118
00da00f9
00c200eb
00f20135
00d7015e
00d30123
00e10100
010d00f0
010100da
011b00d2
00ca00ed
00e100e2
00b200c8
00e000cb
00e800f1
00c0009a
007a008b
00910095
00a3008e
009700a5
009b00c6
00a8008e
00c800af
00e800ef
01300160
01420102
011a00e2
017b0129
0145012b
01400127
0180011e
00980069
007e0073
009e008a
00660085
00950061
00730095
00a60082
00f9008c
00ef0109
00d300a5
00ca00bb
00b900a3
015b00ed
009100d8
00dd00d9
00db00f6
00f00175
010000f9
00e900ed
00f900f6
01400147
00f70137
00db0108
00ca013b
00b900e0
00c200aa
00df0119
00c100db
00c700da
009200e8
00d200c7
00c30095
00c900ea
008600c5
009100b6
00a10099
00ad006d
00db0097
00d700a0
00800098
008400be
00d60096
00950075
00bd0083
00a7009a
00be0085
00c60096
00b3009a
008500ca
00c6008f
008a00d9
0091008d
0093008e
009800d8
00910097
007f00a7
00f00107
01010127
011b0150
010f011e
01100101
010a00e8
01250145
017b0137
010600f7
019b00f6
010900ed
014000f8
0106016b
011700e1
00d90102
00f60130
00d70097
00d30089
00b300d6
009b00d0
00ea0098
00b700b9
00b900b6
00b10096
00c500b8
00ba00a8
00b100b8
00f000a7
00a3011a
00ca009e
00c900c3
00d200cb
00810098
00a3009e
00c600b3
008a0087
00810093
00760076
007d00b5
008d0080
00ff0118
00e600ef
012700ef
00d100e1
013900cf
00f000ef
010d00f5
00e20109
0095006f
00ae0099
00bd0098
009d00e9
00af00a8
00b000b6
00700086
00bf00be
00df00d6
00910092
00a60091
00970086
00a70087
0088009a
00ba00ae
00bb00cb
00f10102
01190103
010700c7
01270119
00f50103
011a0113
00f60107
012e0115
01600127
01210167
018e013e
013e012e
011e0159
013b012b
010300da
0132010f
00ea010d
01b900d0
0175014b
01690129
014b0107
01650129
014e0137
015500fa
008d00c0
009d0098
00e700b8
00a700a5
00b700e9
00b200b5
00a700a2
00bd008c
01a50117
00eb00d0
01130112
00ee010d
013b00e0
00f800e7
01120125
01370101
00ae0095
00a200a3
009800b7
00a600d2
00a90081
00a600c6
00b200aa
00cb009b
008100b7
009b0086
007e00b9
00ce00c8
00a000e6
009700b8
00a5006f
00c700a3
00c2008e
00b1007f
00a600d7
009500aa
00ca00f3
00c800be
00ba007a
00ad00d9
011900b6
00b500a1
013b00d0
00f500f7
00a100b5
00ca010b
00c000a5
00c800ee
00d00097
00910092
00b300cf
00ca00c3
00c700ab
009a00ba
00d500a3
0098008d
008b00b9
00890075
006d007a
00600098
009e007e
00830084
008a0092
009800b0
00d00107
00f10129
00d100f0
00d90113
00d200d8
00b100b1
00f800e2
00a500d5
00a100be
00e20071
00b8008a
00d50082
008d008e
00a10090
00b600b3
00a30068
00bb0165
015e011b
00e60159
00ea00fa
00e900fa
00c50117
00d600e6
011f011b
01450107
00bf00e0
00fb00f7
011e00e2
011a0103
015500fe
00f00117
01550159
00d50096
00a800a9
00d700ad
009600a9
00c100b6
00bd00f3
00db00eb
012000db
01230127
014b00f1
013700f0
016500e6
01420160
01070157
014b0159
00fb00f2
010e0172
00df0101
013900c6
012b010b
012000f8
00ef011b
010b00d8
01080162
0116010a
01620147
013700e6
011f0139
0112010f
00e0011f
00cb011f
01320105
00960091
008e009e
008c009b
0098008e
00c700cd
00d2008a
007f00b9
00ba00b8
00cd00d3
00ef00fb
00d600e9
00da00d0
00c000c1
00ee00c3
00a200c1
00af00cf
00ed0100
014b00ea
012100f3
00e9012b
00e6012b
011600db
00f500e0
01250118
01550110
015b0137
01370116
00f20101
01290142
010f0103
00f60113
00e70130
00bb00b0
00ef0129
00d700de
00b900d1
00ae00b5
00c600c9
00b000c3
00ee00af
00ed00a9
010b013e
00f50118
00f3013b
00df0115
00e300d6
00e900db
00fb00ef
00b50092
00d900b0
00b500e9
00bf00a1
009a00eb
00b90093
00a100b5
00a9007b
00d70072
0092008a
0097008b
00a300b3
00d900ba
007e009f
0098007f
00a500a1
00bd0078
007e009b
00900072
00b2007d
00c70079
00cb00dd
00b30086
00e90089
00f60101
010e00d9
00f100fe
01250199
013b0103
01300116
01970150
00b1011a
00c60085
011700c7
00870127
00b300aa
008d0095
009600a6
00830091
0075008a
009600c3
00960086
008900d7
008b0098
00a20080
0085009b
00970096
00af008f
00e700e2
00d500aa
00ef00be
011f00e3
00eb00d9
00ad00d6
012500dd
00eb00eb
01030117
00d000d7
010300b7
00e000bf
00d300b2
00cf00a1
00cf0100
00f2010e
00c700c2
00aa00df
009e009f
00d100c2
00b500a2
00c900c9
00cb00ba
00a600b0
00ba0111
00f200bb
00c200be
00fd00ca
010100e2
00be0105
00bb00e8
00ed010b
00f20140
010a00e0
011100eb
01220107
014000f1
0115011f
00e600fa
014000f8
0110010d
00e700f2
01190112
01070139
01150100
014500f0
014b011a
00e80159
00b700f6
009500bd
00720063
00b800a1
00ab0080
009500ae
00bf0098
00b100ce
00c100e3
00cf00d5
009e00b0
00ba0085
00ca00cb
00f6009d
009d00b1
00ae00ce
0127013e
01a20169
00da0105
012e00db
00ce00fb
00c50127
0157013e
01500117
014e00e7
00a90092
00ef00ea
00e100b7
00bd00c8
00bf00cb
00f600cf
00eb00f1
014b01f0
00c50108
019b00ed
01470113
011f00fb
010a00de
00ea012b
00f500fd
01420100
00dd011b
0100011b
010200ee
00da0123
013000e9
013000c3
00ff0118
00e6012e
00df00f1
00be0115
00f100ce
00eb00bd
01210097
013900c8
013200f0
010600f6
00ea0122
010500c6
00b80102
011100f7
00c600d7
013700f1
00cf00f0
009f00ad
012900b6
00e800c2
00bd009d
00ef00de
00a000aa
00bb00ad
008d0093
008d0085
00960098
00b50093
008b0077
00ad0082
008c00a7
00a800a3
00a800bf
008d0093
00bb00c3
00d500b7
010d00fe
00e000b1
009d00be
00ab00a5
00e300a9
009b00b8
008900a2
00c300a5
006f00a2
009b00b2
0092008f
00b200c6
009e00d8
00d100dd
00b600f9
00b300f8
00a500c3
00cd0095
00b200b9
00c800a5
009d009e
0102015b
016e0127
010d0116
010900f9
01350095
00e6010b
00c800a2
00d800d6
009a0159
00d800de
00c700c9
00df00eb
00c8009b
011000e3
00b700ea
00b700c1
0132010d
013e00df
012700d3
012300d6
0150011b
00f60135
014b00e8
012300e2
01010139
00f00137
01350140
011e0140
0155015e
013e0172
00ef0165
01590140
0112013e
011a0103
011e01a5
012700ee
01370145
01700145
011d012b
011d0132
01020127
0118014e
01080109
016b0103
016900e3
015900f8
00d00140
0122013b
00ba00db
00a000ae
00bd00a2
009e00ad
00b700b5
01010091
00ea0097
00c000e8
015b016e
00f60152
01000116
012500e6
00e50115
01570103
012b0140
0105010d
008b00e9
00a900ed
00ce00af
00d500eb
010300c0
00c600bd
00ae00d3
00870084
00950092
0093009f
00be00aa
009d00bf
00f900a9
009a00ce
00c100bb
010800d5
00e80135
00fb00fb
00fa011b
01000118
011000e5
00ea0121
013b0101
01030110
00aa0225
009300bf
00ce00e3
00e600f2
00bd00ae
00f100d5
00d900d5
00eb00b8
015500dd
01130145
01300162
01080106
01020149
00ef0102
01420120
0149011a
00ca008f
009a0096
009f00a8
00ce00af
00e300c0
00d000bf
00fe00a6
00ce00ab
013b00f5
01370137
01c50149
0159012b
0165014e
017b017b
01550130
010b0115
00eb00b3
00e800ce
008f00bf
00b700aa
00c50090
00b100f7
007000bf
00bd00b5
00fb011a
00e0012b
0121013e
0149014e
0142014e
010b0113
0155013b
01320165
008f00a9
00b1009b
00bf007f
00a60095
00760099
00a1007f
00a300cf
0092008e
00a300a0
00970099
00d10098
00bf00a1
00cf00ae
00a300b3
00a2009a
009d00a3
00e000e8
00aa00b8
00ee0155
011f00e1
00dd010b
011a00ae
00ff00dd
00ff0129
00c2012b
00ea00cf
00da00c1
00d900c8
00e700e2
013200bb
00ad00c1
00d200f0
00e1014b
00d900c6
00e800cd
00bf00a0
00e10102
00c200e3
00c800ad
01850130
0130010d
01270147
01690115
00eb00f0
01200132
01950152
01020147
00d800d7
01180096
00ad00c7
00e5009a
00a300bf
00e900cd
00bd00d5
00af00ed
00c900a7
00a20089
00c10086
00a8008d
00da007e
00890098
00640092
008a009f
009200d0
00b30082
00cf00b7
010b00a9
00ae00c7
00be00c5
00c600ad
007f00ab
00a90091
00b70102
00df00e2
00a900f3
00c900ff
00ab00df
00c700c3
00aa00e8
009e00d0
00c700c9
007f009e
00b20096
00a0008b
00ca00c6
00b200d8
00bd00ef
00c700af
01180187
00b50172
012e011b
01200165
00ff00f3
01290145
01620135
01650125
00cb00cf
0097007f
009200b5
00bd009d
00ee0096
008200b0
008900b8
00b1009d
010a009e
011e0116
01350107
017e00d6
00fb00e5
00c90122
015700ba
00fa00e5
015200f3
01ab0149
00fe014e
01220132
01090135
01230130
011f0122
00f10179
01400110
011e00ab
010900a9
019200d6
010700f6
010500cf
00e100cd
00fe00e7
01100125
012b0109
00d200fb
00d5010e
00fd0147
010e00ef
016b0159
013b014e
010601a7
00f700e0
01500135
01300160
01060119
011a00fe
012b01b2
0123013e
00c70109
00e60121
00e000f1
00fd00fd
010f00f5
011700cd
0127010a
011a011e
00c900bf
00c2009f
00a600c0
00c300af
00ba00bd
00d200b8
00ae00fd
00c600bf
01270162
01420149
017b0110
0155012b
01670140
01590142
016701bb
00fb00f5
00f50109
00e00103
0147014e
00ee010d
01320145
01200135
014000f9
00c30108
011000f6
00f90140
01370190
00f10121
00f000fb
00f00119
00be0132
017000e8
00d700de
00a80103
00bd009a
00de00ea
00d700a6
00ea00f2
00c000ae
00b500cf
00a00096
00c200bd
00a700b2
00b000cb
009a00ba
0093009e
007d009f
00b900a8
00d900d7
00e800bf
00fb00c1
00d90102
01070109
00eb016e
00d70108
0121017b
00f100c3
012e0121
012500c5
01030101
015200e0
00d200f0
010800e1
01420108
011500ef
013b00c8
01170127
011800ff
00fa0145
010e00dd
01770135
011900ed
008f0079
00a100ab
00a200be
008f00e3
00a200aa
00a60099
009900a0
0096008d
00b50095
009d0085
00af009f
009700ad
00960098
007b00a6
00ae00ba
00a20098
00eb00fd
00c200c0
00fe00a5
017000cd
00de00f7
0127010d
00dd0100
00fe0117
00f300fb
00e300a6
00c2008b
010200a9
00c800fe
00ca00e6
012300af
00c600ed
00d0011a
00bd00c7
00b000de
00ba00e5
00d100cd
00e900cf
00da00b6
00e600cd
01100149
00e00103
014e0101
00d60112
0110016e
0102015e
010300e2
00ff00de
009b00c1
009f00a0
008d0089
00de00c3
0073006e
008600a0
00d10084
008700c5
01870140
01230108
017e0123
02400157
011e0129
0107014b
0119011b
01a7018b
00af00e5
00ef00c7
00d100df
00e100f3
00b10110
00aa00a7
00c500b5
00eb00d1
00a300c9
00760096
00a60081
00c300a5
00910092
00af008c
00b3009a
00de0081
009f00f0
00a2008b
009800c8
00d500c3
00b100a6
009500ba
00a60091
0117009b
00e3011b
00bb00d9
00a5010d
00b000ab
00de0167
00b300ce
010900f3
00ce00d6
00db00d7
00f300ce
00da00c9
01020123
018000ee
00db0117
010b00e3
00df00ee
00b600e9
007c0083
00cb0089
00c200e2
00b000e0
00be0091
00e100c3
00a300c1
010300e3
00bd011f
012e00df
011f00b8
010d011d
01300100
00e00139
0122016e
00cb00f8
00bd00d2
010a011d
00f500ed
010600da
00f800cf
00e800e8
00ff00d7
00a100b7
0085009a
00d90089
00b2009e
00a20097
00ba007a
00aa008d
00b5009a
0107008c
00a600a6
00c200a8
00b6009f
009500c1
0089008a
00a9009e
00b000a1
00b700c0
009800b1
00ab00db
00b600de
00c000b8
00ce00c1
00c200db
00b500db
00df0093
0109013e
011800e5
00e70119
00ed00df
010d00f6
0130009b
009800f9
00dd00d9
00910082
00aa00ab
00a000b3
00aa0108
010b00e5
00ce00cd
00b6010b
01110106
0130015e
0137010f
01d70132
0145010e
010b011e
01490132
014b0137
011d0109
0105011e
00c100dd
00d50101
00f70113
00fa00c2
00dd010e
00d100bd
01190101
01590130
01520119
0152014e
015b00fd
01080118
0113011d
010d00ff
00d80099
00be00df
00a200c7
00a600e7
00d800b5
00e00106
009a00ef
010600ad
01400125
00eb0135
00ed00ba
00ce00ea
01090125
00c300eb
01090101
00fb00db
01250116
0125015b
011b0180
019e0152
0105010d
019001a9
0118012b
0132010e
00aa007f
00b100c9
0097008f
00ab00be
00a2009a
00b000ca
00db009b
007f0091
015e00fe
00e100ae
010900e8
00bf0127
012000eb
0103010d
0165011d
0121012e
00b70092
00c500fd
00b2008d
00a700a0
009f00d7
00a700bb
00da00b3
009e00b6
00b50121
00f3013b
00d90120
00d800ce
00d800ed
00fe00df
00c800f5
012500e9
016700ef
011600fa
011800e9
00cd00d8
011100cd
010700e7
00f900e2
00db0197
00e800ef
00db00cb
00e0010e
012b00d0
012900fb
010300fa
011d011e
00bf0120
00ba00d0
00a70090
00a600b8
009700bf
00c500af
00c500d7
009600a7
00d100be
00c1007c
00b600dd
00da00ae
00c500b2
00e00100
00b100c7
00d000ef
00e900b7
010f00f9
00e900f5
00d6014e
01290157
00e7011d
0135017b
01520117
01020170
01620121
013901b0
015e010a
012b0118
00f700de
011e00e5
01650100
01320132
0119017b
015500e5
01d20142
01160106
011d0123
01390162
00f00142
015e010b
00b70169
00ad00b5
007d00b9
00b000ce
00750082
00a500a8
00b000d0
00de00b9
010200de
015b00e3
01070145
00f501a2
015b011d
00eb010f
016e0107
016900f0
00f00130
00dd0147
01000100
01270110
013700d8
01ae010f
00d10170
012e0140
00f20106
00ca00be
012b0106
00b100bb
00d00102
00c100d2
011700cb
018500ae
015b011b
00f3015e
00f80145
018e00ff
00f0011b
015900d3
011d010e
010e0129
00980082
009b00a5
00a100a8
00bd0103
00d300ee
00c000be
00af00aa
00b600c3
00dd0159
012700f0
00b900de
00e800c6
00a600aa
00c600d1
00b700ed
00a700c1
016e0118
0123019b
015000f0
0106014e
0179016b
00e80109
00ed0162
00f70129
00f70149
011000fe
015b0105
00f700fd
010900f6
00d900d6
010d00d2
009d00e9
00d90162
00cd00c7
011300ce
01000102
00d9010f
012900e2
00d2010a
00ce00e7
012e0180
00e50121
011d0109
00c800d0
013000fa
01230109
00ca00ff
00e60101
00b10095
006e00a2
008d006b
008e006e
00910097
00670078
009600b8
00960085
00d800cf
00b9008a
00ff0092
00f100ad
00b900c6
00d500a7
00f500be
00e500c1
008700be
006900a6
009d008e
00a0008a
008800aa
008f00a3
00920088
00bd0078
00f100f1
01b901a5
01150195
01a7011b
01290157
01000190
011f012e
012b00c1
00cb00f3
0117011a
00c10107
010100fb
00d200aa
00a9010a
00a200e7
010700e0
0145013e
011a00e1
0112011b
013501be
01100135
0122018b
01210123
016901a7
01010100
0152016b
013200de
0165013b
01100119
00f3014e
00d1015e
01590107
009a00dd
008200be
0093009b
00a700d9
0082009f
00a9009e
00bf00dd
009d0096
0098009f
009500c3
00da009e
00b50086
00d100a6
00be00c2
00be00c9
009900b7
014200f8
0119013b
01320129
00f700ee
0160015e
01500152
01390157
0139013e
0152013b
012000ef
011b0115
01470123
010f0120
01470116
00e70150
0150010e
00de00e5
00b900a2
00b600bd
00aa00e2
00b100f9
010300bf
00ee00c3
00c10109
0127014e
00af00e7
013e0135
00e10130
00e700e8
00cb00c6
00ee00fb
015000e0
00aa008d
00aa00bd
00cf00a7
00aa00d3
00b900e0
009100ab
008f00c5
00af0092
00cd0110
00c8010b
00b300f3
00ea00f7
00e900aa
00bf00c6
00cb00ab
00d300cd
009200c3
00ce00a8
00b500a9
012300a5
00ad00b2
00be009d
00a50096
00950079
01500118
011e011f
01590152
01e5014b
01270121
013b010a
011f012b
01090123
0137016b
014500e2
01370162
01400162
0155011e
011500f5
011300d9
00c3015e
01270125
016b015e
01600137
011e0145
00e30115
011f0116
0130011b
0100011f
008700ce
010b00cf
00d300ad
00fb00e7
00cb00ba
00be00c3
00cd0092
00b600a7
00f200e3
00d30127
00ea00e5
0115012b
011300ce
01270123
00fd00d2
00f10101
00ce00a8
00bf0093
00f00093
00b700a1
00d000b8
00b500c8
00a00093
00cd008e
00e10119
010000ed
013b0113
00d70109
00d60102
00c0012e
011500e2
00df0122
014901e0
00c600f9
01250162
0179010e
014e0105
012900f6
012e0119
01300113
01190122
011800c0
00ce0107
00db00e3
01420132
00f9010b
00c800fd
00f100e0
010a0109
01a200fe
010b014e
010e0106
010d0152
017000fb
014e0139
00ef011e
0119017e
010a00d3
00ff00e7
00d50150
01520107
010f00fb
012b00c9
0175015e
00c000df
00a10080
007e00ad
00a80073
0099008d
00a10081
00a10096
00a3009b
008b0083
009800af
007d008b
00ad00de
00b200d3
00a600ab
00aa009d
00c700ba
00ba009e
00da00b2
008a0090
00b300a1
00920088
008a00d1
00b80092
008700a1
00ea00e6
01010115
00e20129
0117011e
011900f3
00e30152
00d700ee
015b012e
015e0169
00dd0108
017900f9
012700fb
00cf00f9
0137015b
01c00147
011f0152
010100f2
017700d6
01100160
01370135
0135014e
01890111
00fa0129
00ab012e
012b012b
0111012b
00b10106
00b700cd
00a100c6
00a500db
00fd00d7
00d00100
014500e1
01250145
0135012e
01200110
012b00fa
011b011f
01400110
00eb0137
018b01c5
011e00b3
013700f8
01550142
011500f7
014900de
013901be
0118011a
006a00a5
007500b5
006a00b0
00950089
009900a2
00980082
009e0087
008d0098
01060100
01690117
0109013e
012100f7
011b010d
00ff00e5
00b800d3
00fa011b
00ff00ca
011b007f
00e10098
00a50108
00cd009d
008f0096
00a900dd
00b100ca
00f600a5
00d50100
00f500eb
00f000c1
013500b9
010a00c7
010a00a6
00b700bb
008b00ab
009700a3
00b900af
00a00085
00a500c0
0095009e
00bd0102
009d00e3
010a0119
00e80129
01650118
01130127
0127013e
016e011a
0108013b
01230127
00a80079
0069008d
00850087
00660093
007f0097
00a100b5
00860084
00980087
00de00b5
00d900d7
00dd00cb
00b500d5
00ca00e3
00cd00e3
00f000bf
00c800dd
00df0135
00f600d9
012000b6
00f8010b
00af00b9
00df0118
00ba011b
00f00107
006a0230
006d0063
00560083
00690053
007f0066
00900071
00510070
00660077
01020150
00ca0097
009f00d1
00bb00b5
00ef0116
009d00d9
00d700c0
01030125
01090130
015e0120
017900db
013e010a
01a20118
011101a7
0110015b
014000f8
0125027b
01160155
00fe0172
00dd00e0
00ea009f
00db00c0
00d600c5
00f900db
019200eb
00f90132
00e300e2
011d00ff
00d300ee
01400190
00ea00fd
011f00ed
00f900af
00b1009a
00be00c1
00d10111
00c500e6
00f10088
010800e3
00d800de
01850159
010800ef
00e70121
00e00125
00d600ce
010600c2
00ef00e0
0121010a
00f7015e
01110118
010b00f5
014e0157
01300142
00fb00f8
01520123
016000f0
01a50147
01060122
011900d9
012e011f
0182015b
013e0123
01390162
01590142
011d010a
01750182
01100140
013500d1
01470110
01a20116
01300122
01a500de
00b30111
00be0097
00d000b3
010f00fd
00a700bb
00f100b9
010800f8
00b10092
00dd0177
017900ea
012e0112
0139013b
00da0209
00fb0113
00f30160
01800105
0123010d
00ce011f
00d800d1
00dd0108
01250139
011a00fb
011700f5
01200107
01180102
00e5011a
00f30113
00ed00bb
01550100
011d0142
010f00f6
00fb00ee
00c8010e
00b300be
00fb00ca
00f000c1
00bf00b6
00cd00e6
00c100c2
00ab00b2
011100f8
00f7010a
00d600bf
00ea0137
00f80117
00b200b5
00b800bd
00fd00c1
013200f3
01970195
00e300d5
00b900aa
00b100a2
00a800ca
00b300fe
00ca00ff
00f10105
00b600c7
00fd00d3
00f1011d
009a00f3
00c800e7
010500d0
00d200eb
00db0122
01220110
00be0127
00f100ea
010800c3
00ed0119
010700df
00d300bf
011b0125
013500e9
0102012e
0108014e
00c50100
00ef013e
00b90121
00e700f7
00d000fe
013b0091
00d300e9
00ae00e2
010300ba
00dd00c7
01750109
00db00fd
009200b7
009d00b5
00a500a3
00c100db
009900ad
00c800ad
00c900ae
00a800a2
0129011f
01300147
01290125
011b0117
013000f8
00f6010e
00e5011b
012200eb
00dd00be
012000b7
00d60103
010500a8
011900b8
011700e0
00bf00fd
00ed00fa
00e100cb
00ce00b7
00d500d3
011800e0
013e0192
00f10120
00fd010f
011b0120
01060106
01250149
01590142
01190150
0108012b
0103013b
011a0123
010d0127
0102012b
00ad0105
010300d7
00e100e0
00de00b7
00e300d7
00b600bf
00f80113
010800ca
010f0190
01010106
00e90111
00f500fb
01670112
011e0105
012300db
015b016e
011a010a
010a00f3
013e0121
00ee0135
00ea0127
01420113
00ea0132
00d800dd
00d600a6
00df00d5
00ba0145
00fe00df
01110125
00de013b
01020132
00d30100
011900f5
013b014e
0160012e
017500fa
01320125
00e80110
0142010b
00b500dd
0092008a
005e008a
00830082
00a8008e
008800a3
009100a0
00a900b7
00d20187
00c600ce
00e70093
010f00ce
00bf00ab
012500f9
00b900e6
00bd00db
010600c3
011d0180
00c200f3
01470130
00b50113
012b0125
00e100f7
011e0129
014900e8
016b0102
01120127
014500f1
0123017e
00ff0179
011300ef
013b010d
01270119
00a20182
00da00af
00c500cf
00d100e7
011000f2
00c500ba
00c00159
0139017b
012200f0
01100152
011b00f7
01100116
010d011d
0192011f
00e300e7
01100165
00db0150
017000db
010800f0
00f80160
01b50157
01600127
012e014b
007e0089
00a700ae
0090006a
009f00a1
007b00b7
008e00aa
008700b2
00a20099
01290135
01750160
01520140
015b0105
01b20150
011a0113
00ff0142
00f80167
00bb019e
00b300e7
00e600eb
00d9010e
00ef00c7
00d100cf
00c700ca
00ef00be
008e0092
00a700d5
00aa0099
00ae00ab
006a0086
00880074
00a000d5
008e008b
008b00d1
008b00a5
007300db
00b200e8
00ad00a6
00c000a9
00c6008c
00b600cd
011f00fb
010800ef
01820110
0192011a
00f50199
00f80116
0159014e
011000f8
008d0099
00a300aa
00e500f6
00c000b0
008d00cf
00c800a7
00be00c6
00870099
00f2010f
013e012e
00ce00fd
00fb00ed
014000f0
00e5013b
010b00dd
010e0160
00d900b7
00b100be
00a000b3
00d000b8
00b000d5
00ad00c6
00f700ed
00e300b2
00e700f3
011d0167
012b0165
0149014b
01390159
0112015e
0129018b
013e0155
00ba0100
00a600b0
00b500aa
00ae00c2
00b100cb
00cf00bf
00b30107
00e100b8
00f50175
00e300e0
00c000de
00e600c8
00da0106
010900a8
00de0105
00ff00d3
00e1009a
00c000a2
009500a3
00b9009b
00b700cb
00bb00af
00b900cb
00d100a0
00e600f0
0149012b
01ce017b
012e00ff
010e0110
00fe00c6
00e70100
01050109
01300122
011f0102
014b0111
01370145
01230135
0116014e
018e0121
010b013e
011600d1
00ba00da
00e100c0
00d80093
00c100d1
011a010e
00ff00e7
00e8011b
00d200f7
00bb00ad
00d50119
00e900d9
00b100bf
00da00a7
00d300ab
00c100f6
00ea0101
0139011b
01370115
0123010e
013700e3
0165012e
01670155
011f0139
01220130
00de0169
00dd013e
00e90111
012100f9
00fa010f
00e501a5
011b0101
010800df
01450101
0135014e
019700fb
01750105
01020102
0102010a
01200152
00eb00db
00f50140
010100f0
01350127
010a0139
017200fb
01290107
01490197
01010137
00fe00b2
010600bf
00ef0145
00af00f1
00e900f0
00e9012e
01000110
00f60152
015b00f6
0159011d
02000142
01720152
012e0127
015b0169
014901bb
01be019e
013500d1
018e00c3
011f011a
011200e1
0152010b
018b015e
016b0130
00f60116
010200e6
00eb00f8
014500fd
01220145
01350103
01020155
013b00f5
010500ef
013000f5
012b0157
01700190
01420147
01390180
01190130
01690119
00d7008d
00d600e3
00ca00e9
00d800dd
00ae00b3
012b00d3
00cb0091
00ad00f6
0145012b
010700d0
014000eb
010300c7
00af0112
0142010b
012000c2
00d20115
009900cd
00ab00d7
00bf00bf
00e90127
00e000c0
00b800aa
00f800c6
00b700ff
00eb00c3
00c300d0
00cd00b8
00a900dd
00fa00e6
00ef00d7
014b00b7
00e700e0
0129012e
0113014e
0139016b
0106011f
019500f1
0139010e
01470111
0137012e
01a900ee
01300140
01420125
00ed015e
01150177
011f0122
00e60150
00ff012b
01390220
0106011b
0152015e
01790120
01420167
0140012e
0140013b
010201ae
00bd00d2
00dd00b3
00eb012e
00d600c7
00e500c5
00e900e2
00d500c3
00c300d2
00bd00bf
00c80098
013500ea
015e0122
00e800cb
014500d8
00e70108
00d50157
00db010d
00d70112
00d200ff
0159013b
014b00f7
01200100
00f600e6
00e1011f
01590121
00c70103
00de00d2
00eb00fe
00f700f8
00fe00c7
00de00c9
00e6011f
00d500df
013b00f3
00c70125
0147017b
0102011a
01110118
010800f3
00e700d5
00af00e3
00830095
00730093
008200a3
008a00a1
00b500a5
009800af
00930090
01d0012b
013900d7
01130111
016700dd
016500ff
00f60127
0172014b
018e0167
00de0117
00690065
00b00067
008b008a
009e006d
008d005d
006d007a
00790077
00f9010e
014e0110
01300149
01070113
0169010d
01030103
0157011a
012500e0
00f20189
011e00f5
010e0177
010e00d7
00ca0105
010500ea
00fd0111
00d900d2
00f800fa
0103012b
013e01a0
0135010d
00ea01c9
00f10100
00fe00db
013e0113
01370111
018e00d8
012b0105
01180103
0117014b
015b0162
01f900d5
011a011e
00bb016e
014200a3
008a0098
00a30097
00a0009b
00f600cf
00b50080
00c500b9
01420121
01400111
012b0187
016b0140
014b0127
01600118
013e012e
014001a5
01490106
00d600d3
013e0101
013e0129
01050106
00f000f1
011000c9
0123010f
01300101
00eb011f
013e0111
01350162
00fb00fb
0167010a
01250105
017900f5
00f300b8
0092009b
00920099
00970099
00bd00b3
00c5008e
00d2009f
00a500a3
01270139
012000e3
00da011f
0106011d
01170130
01290113
010f011d
01270190
012900da
00ca00d9
00b100e3
00c700fe
010a00c6
00cb00cf
00e300be
00ff0129
0108015b
00f6010e
00ca0119
011800f2
00fe00fd
00f200fd
00f200da
00f20105
00b200d2
011e00ed
00d000e8
00e20127
00a500fd
010a0108
016200df
00e100ce
01270159
011e0103
00fd0142
00ea011d
01290130
00db0103
016000f6
01120165
00eb00c6
00a9011b
010600dd
00f000db
00bb00b0
00d500f2
00fb00ca
011a00e9
007000be
00ba006d
008e007c
010d0083
0099007f
00a300b8
00a000d3
010d009b
00ce0105
00dd00be
00bf010a
00e000c7
010b00ba
00d30125
00db0155
00f20165
01070105
014b012e
0157011d
015b010a
00fe00eb
00d60111
00ea00fd
013500f9
010000c2
010700ef
012e012b
01450107
013900c2
00ef0130
010d0108
0108013b
01670139
00cd010b
010f00e3
01400119
00d200d9
010a00fe
00f000dd
01350119
011200ed
011a0140
013b0149
014e0140
0125010a
016500f5
00eb00d5
015200f1
015b015b
01670129
012b00fd
01820145
01490150
0170014b
01590187
0185018e
010e0167
01300100
00e80129
010f010d
015e00e0
011e0147
01170137
012b0142
013b0142
01150123
01010129
01300111
01100103
01160145
013b00cf
00ff0150
00fb012e
015500c9
014e0132
01100121
00f800f8
0105014b
00f8014e
01090110
00ed00be
007a00a3
009500c7
00ba00ba
008500ae
00ca00d2
008900e5
00a100c2
011101e5
01000123
0130013b
012b011f
00f10112
01170122
015900cd
0101011f
00fb00f3
01650192
00ee0142
01250127
00d0012e
00f30130
01050130
00f800ea
00ea00ca
010500a2
00b900c0
00f200e8
00be00f8
00c100d6
010500c5
00c900db
00f300ff
01020105
01320103
010500f0
00d000f2
012b0177
010100db
0140010b
00c300e2
00aa00c3
00bf00e6
00ce00ce
00a200e5
00c600f6
00c900c3
00d800b0
012700e6
01220117
01620106
00f1011e
01120165
00f8012e
00c6014e
012b0157
012700bf
00d60102
011d00eb
01160145
00dd0107
011d00be
00e500d7
00b10111
0111012b
00e000e5
011300cf
014b0155
00fd00c9
00fd00ff
00ef0195
012e0109
00de00f1
00fb0103
010300ef
0132013b
01000102
00fa0140
01230135
011b0118
00f700ff
012700cd
00df0107
00f00172
00f10109
010e00f3
011f00f2
01500112
00980120
009e00e2
00a30093
007e009d
0069008b
00ae0077
008b0063
00850084
00c800bb
00aa007a
00b100ca
00d1008d
008400b9
00a500b5
00a9008a
00a800aa
00cf0122
010900ff
00f300d8
00f200bd
00be00e6
00c8010d
00f700b2
00c200b3
01060135
00d800e1
00e700b0
00f700ea
00ea00b5
00e600e9
00e10127
00d8013e
00e800d8
00dd00c8
00b000fe
00c20149
00be00c8
01080105
010000bb
01060106
00ef0150
00ae00d6
01000112
01a9010b
00f7011f
01110135
00f200e2
01010159
00f70125
00fa00c3
011100d3
01030122
011800f3
014900fd
01120142
012300f7
008a00c7
00cd0118
00bf00ca
00ad00ba
009800a6
00b000f8
00bb00ca
00b000ab
00f10132
01400113
010d00f8
01390152
01150149
00fd0107
0149015b
010800fe
01b000d0
01030132
01180129
01220125
012b0106
01750135
01030112
01180135
014700ef
010700e8
00c700c6
011700d9
00f900c0
00c600c6
00f600fe
00ab0123
010700d9
0165017b
01750187
01060169
00e30100
0139012e
01450152
0139014e
01600129
012b0157
00e90121
013000f6
015000f6
014000f2
00ff0132
012b0130
01010103
01080107
011e0110
0159010b
01a500fd
01130119
014b0100
01300130
010100fa
00e50119
00ca0157
00ef0118
0120011f
012300f3
011e011f
00ff00d9
00c200d9
00a100df
00eb00db
00b200d2
00db00d7
00d000bf
00cb00ea
013e00d0
011500fa
017e0132
011e0108
01320103
01a90122
01370115
012e01b5
01420140
0127010f
012100d9
01080129
01190113
013e00ed
0112012b
01270132
01370123
00f100cf
009f0099
013500a5
008500a9
00ad008e
008500a2
00c5009a
00b600c0
013700e2
00c700f2
00e000fe
013000ea
00df00df
00d100f8
00fb00df
012b0110
00dd0179
011000bb
00c10117
00fd00d9
00d700d2
00ce00ad
00bb00a9
010000c8
00f70135
00d60167
012e00f8
01130130
01270129
00f00152
016700ff
01300132
01090113
0135019e
010d0100
01a9011a
00fb00f8
015e00f8
0155012b
014e0157
00eb00d3
00a100ef
00b500c2
00e700fd
00eb0125
00ef00c7
01050110
00e000e9
00e30145
010f00e7
00f3010e
00fa0119
01ae0108
011200f1
010d011d
01400113
01500175
00c90111
012500fa
01450152
01180121
014b013e
01070129
0149018b
00c500c3
009a00b2
00cf009e
010500e3
00c60095
00cf00dd
00a500e8
00c000e5
011b00f6
010900c3
00e600eb
00ee0118
011f00c3
01220130
0132016e
01400108
01000129
011d0137
00e70140
00fe00bd
00e900fa
0139013b
00c500d3
00eb00fa
00f7010d
010900d6
00ea0135
010a0140
013e011f
00fb0118
00fd0179
011e0122
00bb00da
00e60129
010b011f
00eb00df
00ce00d8
00eb00e1
00eb00f9
00c8010b
00d700bd
010000d5
00fb00da
012000d0
00e50103
00e800d1
00ea0125
00f50108
00c70089
008d0087
00b6009a
00ae00a0
00aa00b3
00a1009b
00d000aa
00aa007f
011100f6
0101011d
00e60115
016000fe
013b0150
0130017b
01160149
00f7016e
00db0157
011d00e7
00f50108
01090169
011200f5
00bf0149
00f30100
00e100f5
00e30095
008d00c9
00e100b3
00d200d3
00bb00f1
009700b6
00a100b3
00c9008d
00ee0127
00de00fb
014b00f2
01420172
00fe00db
00f600e9
00fe00e3
011d0107
0076006f
009300d8
00aa00b7
00d000bb
00ba00bb
00a700c6
00cd00a7
00a300ae
00b800f5
00e000a7
00bf00cf
00ee010b
01290106
00c5010a
00ea00bd
00dd00b8
010f00f9
0121009d
01180119
010000ee
01160106
00f800df
01350180
01270130
00cf014e
00e20106
00fb00e6
010700d0
00e300d2
01450116
00c600e8
00f000f6
0167011b
01290122
00eb00f6
00f7016b
01300105
01060107
011600f0
00f200fb
01370142
00f000df
0118011a
01690152
00f7014e
00ee00f5
01320145
00e200d0
0142016e
00f60149
00ee0107
014900cb
00e000e6
00cd0102
00b500e1
00d800cf
010500f1
00f000e3
012b0102
011600ca
011a011b
01030132
013e011b
00e80117
012e0130
013700c5
00fb00e0
010100e7
011500ea
010a0129
0125011e
00d8010f
00c0008b
00b10084
00f100a1
00a900d1
009100c1
00d700ad
009e00c0
00de00bb
00cd013b
00e600aa
00e000c2
00d300e9
010b00c6
00cd0101
011f00e3
00bd0119
014000ef
00e70140
01130119
014b0157
01130169
01700172
0127010e
01690125
013700d6
00f200d0
010b00c2
014000f5
01350139
0199010e
013e012e
00f100df
011700f6
01170159
00bd00f5
00e700e5
00a500df
010100a7
00c60106
00e800b2
00e60109
00f0008d
00e000bd
00f700e2
00fa0107
00fe00ed
01080116
01270117
00d200f8
01650129
01350145
00ea0105
00e901ab
01670109
010e00f8
011b0187
00ca00e8
0082008e
008d008d
0096008f
00c600b8
00b300a1
009b009a
00b600be
00db00ce
00970082
009900b3
008e007d
009e00a7
00c9007d
00a200b3
00ba00b2
00b100a3
00b000bd
00d000c3
00e600f2
00e800c1
00b700ca
00e100df
00ca00d2
011d00a6
014700a3
01200107
012700fe
0139010f
013e0116
01370105
014e0135
01250115
00c700ff
01590127
010300f5
01390118
015e0137
011e0132
00ea0127
00fa0127
00ea00fa
009100ea
009e008c
00ae008e
00a100b7
0076009b
009f00dd
00d800f1
011000ae
00d10101
01170162
01400123
011200f9
00c60120
012500e0
010f00b5
00b700a2
00e100c2
011700c5
00b7011a
011500e7
00de010f
00e50103
015200ed
011d00dd
0150014b
00ea0135
011f0159
011e0139
00d50111
00e10127
01450182
01110101
017b0172
012e0147
0140013b
015001a7
01d001d9
016501ab
013e0152
0140010d
01950129
01230180
01770137
01250187
01650155
015b0149
01350155
00f900ed
00fa00e8
01550102
00ed010d
011d0137
010e0123
012500f2
01270108
013b0103
00f30107
01080175
01210105
011d0142
00f800f1
01010118
01590162
00e70125
012701a7
0118010a
0110010d
01130100
013000f3
01250123
00b000cd
00b800bd
00d000d5
00b3009f
00c500c7
00da00bd
011800d3
00fb00bf
00cd0102
00db00c3
00d000db
00d500fe
00f600f1
00bf0115
013000f8
010300dd
00c6010a
015e013e
013b0100
011f0111
0129012b
013e0125
01770155
01120129
00bb00f1
00fb0116
012b0122
00da0115
00f100f7
00f100ee
013000c2
00da00ef
00e1011d
0107012b
00f700fd
013200f8
00d7012b
00e700c8
00f00101
00f500d8
011a017e
010a00da
0122013e
01050121
013e014b
013b00e8
014700df
01800160
00eb00f1
010d0118
0110013b
00d60110
00c2015b
00c700e5
010e0100
00e200e3
0107013e
00e0011f
00ed00e2
014000c0
011b00ca
00d70112
00cd00fa
00e100d7
015200f6
0165012b
014e0125
0162014b
0110011e
01400132
0172010a
01650130
01190117
0103010a
00e50106
010a011e
00f80111
0110010b
013b0157
013900e9
014e0130
00e800ff
015000da
011700da
00f300f2
00cf0135
00f800d2
010600c9
013e0121
0150012b
015700d8
010e0169
0127012e
00de0142
011f0145
014b0110
01390182
00e8013e
01070119
01490132
01320115
011e0180
017b01b5
014b0145
01250121
00f500ff
01520125
01500129
015500ed
0142013e
01a90155
01150142
0149010a
011f011d
01520118
010d0112
010600fb
011a00c9
00e20152
00d60115
00ce009e
00ba0085
00b20092
00be00be
00be00c2
00c500d1
00a500a9
009a00bb
015000b5
012e00de
00ef00ce
00f70102
015200f8
015900f0
011d00f8
012b00f6
00ff016e
00fd00fe
00fa0112
01070139
011b0109
01390162
0135012b
012301ae
012e0120
018000e6
00d100fd
015700ff
00b600aa
00f700d6
011200fd
010700fd
00e700b2
00db00d0
013b00ca
012900e9
010200bb
010d015b
00d3010f
00c600fe
01110129
01870117
00fb0139
0127014e
01600189
00ee0111
00fb0140
00d1012b
011d00ce
011a00e9
011900df
00c500e5
010a0101
0140012b
010a0119
01190139
01030157
00ee018b
01820112
01650150
011900ff
010700e6
011d00f8
011a00f9
00fb0195
00ff00d9
01620111
010800fd
010d011e
016500d5
00d100df
00e100ff
008f00b3
00a900ff
00cd00c2
00ab00d2
00a200a7
00a900c1
00c100bd
00a300fd
00f300fb
00d5012b
01060109
0140016e
016700e7
00fd00f2
00e50107
00ed00d7
00f600bf
00e90079
00d50083
00b800d1
00f700c5
00c600d7
00e000df
00cb00bf
01350115
00ff00fe
01100155
012b0105
01270121
013900dd
00f20103
01320172
00e00122
011b00e6
010000cb
00ea00ba
00ab00f5
00d900ff
00aa0100
00d300d7
00ba0257
009d00e1
00c20129
00fa00c7
00e600fb
00cb00d2
00ce00bd
00c300d2
00b000b1
00a600b5
00ab00e0
00c500c3
00c100a3
00c6008d
009300ab
00b300bf
010d00a2
00f3015e
00c70113
00fa0103
016500ee
01420108
00dd0118
00cb00f0
00b000a1
008d00a0
00ce00ea
00d6009f
00d700fa
00e70121
00cb00a8
00d000d5
00d5008f
00c00111
00d9011a
010600cf
00c70123
00c90150
00c100e3
00d800ae
00db0140
01010135
00f600fd
0113016e
010f0160
00f100f9
01300159
01120106
00f20140
011600e8
016000d1
00cf0107
00df00f1
010b0149
012b0175
015500ff
00b900ed
010a0140
01370119
01070108
01b500fa
0116010f
00ea0152
00fe00f7
011f0100
014e00fe
00d000ff
00e300f3
00e600c7
012e0142
00e200da
01230140
011700b2
013b0105
012900df
00e600bb
011800fe
00ce00b7
00e50112
00e1011f
01420109
01620150
01de01b5
011900e7
0120015b
00f10175
00eb00fa
018b016b
0105014e
011300e2
00eb00ee
012700fe
00df0107
01170110
00ff0130
00fa016b
02390179
00fe0111
00d000d0
00cd00e3
017700f2
013b0159
015e0117
01120169
00ea01b2
00e000da
00fb0130
012900ba
00f90118
00ee0119
00ee012b
01190142
00af0096
00f200d7
010500f7
00da00cf
009700ba
00ea00ba
00b000b1
00c300bb
00cd014b
010800e6
00e90100
00fa00e9
00cb00ae
00ab00f5
009b00ae
00cd00f0
00f600da
014b00d3
00e700e3
01550122
01080127
011500e2
00de0175
00e200d6
00e6011f
010600b2
00ff012b
0145014e
00f20147
014b00e6
00e30105
012b0127
008300ea
008900b9
00ad00a1
00fe008a
00f700a1
009d009f
00b900a1
009500a0
00d700b0
00b800ce
009600af
00dd00a1
00ef00aa
00e900ed
00ba00df
00a900d3
011f0105
00f2010e
011300f6
01450169
01350127
0147011f
01520137
01020170
013b0127
015b0175
012e01a7
012b0113
0157014b
00e2010f
010300d8
01070107
01600167
00e900d9
0182011e
0199015b
0106016b
013b0101
01300125
01350142
018000d0
01220132
016200fa
0106010a
00ea015e
01400179
01020118
00f000fe
00df013b
00dd00d1
0116013e
0159011b
00fd014b
015200fa
01250108
01400155
00ad00d6
00de00cb
00eb00b2
00d200e7
00d000d0
00c200b2
00f700e0
00c900df
00d800d7
011800f8
00e200f9
012900d8
00e900f3
00e200f8
00ca00d8
00cd011f
00e8011e
01110116
010e00eb
01000147
014e0112
00f90119
013e0121
00f20157
01350113
00f50125
010200f1
0129013e
01120159
011a00d1
013000f1
00f900e5
00840091
008b00c8
00d20087
00770098
0096008d
00ba00b7
00ad00a8
00a60085
00ca00e5
010700f0
00f700f8
00f10159
011b014b
011000f3
015b00ce
015b0167
00f9015e
014b00fa
01450100
012b0140
018e012b
010300f1
01320112
014e0115
011d013e
011a00d2
0107011d
010600db
01070117
0140013e
0102010d
01160129
01290113
011300fd
01420125
00e601d7
010e0140
011900ff
01150169
010d00e0
00f2011a
010e0147
00f800f6
014b00e9
01160127
00fa010e
012e0123
011f00e7
011b01c5
00e200d6
00bb00e0
008e00d3
009d00b8
009200ab
00b900bb
00c500c1
01850101
01900140
010f0129
01110152
014b0162
01220150
01070155
014500f3
009d00a7
008a00be
00a8009f
00d5007e
008e0082
00a0008f
0076008d
009700a7
01490112
0125011b
012b0130
011a011f
00f3014b
013b012e
00f200e7
00fd0101
0190012b
00e80132
010d00ef
014b00cf
01720140
00f30152
01820100
015e018e
00ed00ee
00c700b3
009a00d6
00a3007a
0091009e
00a300a1
00a60098
00b800b2
00d200b0
011d00db
00df00cb
00c300c2
00e300c9
00f100ca
009000f9
00d100af
00f80108
00f00132
0155010d
01030109
010e011b
00f70116
0149011b
0187012e
011300bd
011f00f8
00fb00ff
01520190
01220167
00cf0115
01030129
013b0119
00db0107
016e0139
01160170
01270129
01590145
01570125
01160140
01320177
010e012b
00d7010a
00e90160
00cb0105
00b6010e
00f00125
01290125
014e00ee
00f90108
00f60122
0125011a
010f0112
01390137
00e90116
016700fd
00e3010b
012700fd
00e900bd
00fb016e
00d600e1
01490105
010a00d3
010d0107
010b00f3
00f800b8
00da00e0
014b00f3
00b30112
01270135
00d900d7
01450120
011500bb
01300157
011e00c1
00f800da
00f900e7
00d20130
015b00f1
00f70101
00e0010a
013200db
010b0167
018e0111
011601be
00f20155
01490152
014b0139
01290122
009b00ba
00a30086
008b009b
009b009b
007900a8
007e008b
006d007e
008300aa
00c5010b
012100fa
0105010b
01210100
00cb00b0
00d50149
010500f8
010e012b
01210199
00e700c6
00ba00fa
00d300a2
009100b7
009d00fe
00c100cd
011d00a5
00fd00f1
00ca00b8
00e300b0
00cd011e
00db00ea
00f000ad
00fe0101
00cd0100
00920129
00b800a0
007e009d
008b0095
008f007b
009d0081
008b009f
00af00a2
008c009e
00d900b7
00c000d5
00ee00a0
00d9008e
009700cb
00a1008e
00c90109
00fd00ff
01080112
01390119
010b0112
00ff015e
00dd0120
01600169
010e00fa
00f900f9
013000fa
011701b2
0135014e
0150011d
013b0121
01390107
01320140
00a200b7
009b00af
00b300b1
009900b5
00a800a5
00ad00d3
00be00ea
00b100d8
01020189
00e200be
00dd013b
00e300f9
00f90142
013700f8
011e00e9
00de00ed
012b0119
01c70142
01370109
01520120
01120140
00e60118
01650190
0142011d
00fb0190
01650132
01370109
01620175
013b0108
012701a5
01590150
012000f9
015b00f0
010d00e2
016b00f2
01250107
010d0106
00f200f9
012b00db
00cf00ff
01550195
01550121
012b0132
01650170
0185017e
0157018e
01320147
013b0157
011f010a
00b600cf
00e700d8
0150011e
010900fe
00f300d3
011d010a
01370102
011f00fd
014201c9
01500139
015e00f1
01450190
011b011d
00c2015b
00fe0102
00fe010f
01170106
014200ee
00e00142
01690122
01400125
01010132
01230132
00cd00e3
00ae00d5
00b600b9
00aa00d7
00d100a2
009e008f
00ab00bb
00be0097
011d0139
01290116
01390190
00fe0145
0160011a
00ed0106
013e0167
00db0105
00bb0190
00cd00c3
00f300ae
01b500a7
011d00f6
00df00da
00bb0121
009f00cf
00db00f7
00be0107
00f900d8
00e600f6
00b80101
011100e3
00e2014e
00ca0116
00e9011b
008a0111
011600ae
00aa00e5
00b700c3
00d300d7
012700a2
00f900dd
015000dd
01550125
013e0132
0120014e
01110139
010d0121
00f000db
01770120
00f5010b
01370157
0107014e
016e010d
018b0152
012b0130
01b0012b
0130010f
00f60117
00fb00d9
01020132
01320177
012e0117
0129014b
013700f6
00ee0147
00e20085
00a70093
00be00c9
009600cd
00a800cf
00af00c9
00910091
00bb00c1
00be00e5
00c700b1
00c700a6
009a00b9
00a000e3
00d200df
00b000c2
00b500a2
00d60135
00e000d0
012500e2
00ba00ca
01150103
00cb00df
00bd00e2
00df009b
014200f2
00f800f3
012e015e
018e014b
0177010d
019b0119
011a0130
01a50165
00d9011b
00ba00db
00e000f2
017000f0
01290107
00ee011f
01110112
011a00eb
012e00ea
01770103
01300130
011d00e0
010800da
00e0010e
01250101
0127011a
012500fd
022701f0
00c0017e
00a700a8
00aa00b1
00a500c3
00bf00f7
008d00a7
00ee0152
01d2015b
00fa012e
012b00f1
0108010b
00f500da
011a00bd
01320137
00fb00ea
00f6015e
00cf00f7
00f10149
00e700c3
010f00eb
00d100ee
00c900b2
013700fb
00c30100
0145010e
016500d8
00f900f1
014b0113
00fb013b
010e0162
00e500d2
012900f9
0125010f
011701a7
01650132
017b0106
01110137
00f50109
00e000fa
00b300c3
008900a8
00770065
008200a5
00760080
00970075
00920069
01490105
01370145
013b0115
013e010a
01520150
01070119
01220135
0106011f
00f30132
00d500f9
013500e9
013e0130
013e0152
010e00f1
00da0147
00ea0152
010d0135
017b015b
01090169
0122010b
0112015e
01320152
010500f0
012900fe
00930085
008700c3
00af0095
00bb0072
00af0078
008c00bb
008d009b
00870075
00c80109
00b700cb
00b30112
00bf011e
010d00f2
00bf00f5
00d50129
00e50106
010e00ef
01670147
01420169
01650107
012301a2
01990145
010f018b
013001b9
0145014e
01500190
01130129
013b0127
0145012e
015b00f8
011d0162
018200fd
00b900fe
00e5011a
00de010e
016e0107
01150157
010b00fe
011a010f
012b00ba
00f20169
010500ca
012700b7
0101011a
00fb0107
00fe011a
013700fd
010300e6
015b0192
011200de
010b00eb
0110011e
014000e6
014701c0
01400101
0147013b
00de00ed
00a600af
00c500de
00e800b7
010500aa
00da00f0
00d100bf
00d600d8
01800147
00ed00c9
00c900ea
00c100e6
01180102
00c60147
00c600f0
010d00d1
01870155
013700bb
00ee010a
01ae0101
013e012e
015b0165
00fa0170
01270167
01420125
01200167
0177011b
011f00f5
01470139
01390105
018b016b
01590175
00c5009e
00b2008f
012b00d6
00c300a3
0107010b
00c300b9
009a00cd
00da00a1
011200e2
010d015b
01470187
010f00f9
00f50115
010600d1
017b0122
012b0112
00f70170
00fe00db
012b00f3
00da0103
00da0112
00f30117
01050108
00d800c7
00e300db
01470132
013500f3
00e100ea
00ff0129
00fe00d8
00ca0107
014200fa
010f0169
00ee0103
014e00e2
0102011a
014b0137
01170123
01720123
01a5019b
0135013b
016900da
016e0100
0180011f
01920170
01490123
01200165
015e0167
00ea00fe
00ee0117
01110167
014b0108
01120102
0155012b
011700ff
013e00f0
0167010b
0175011b
00ee00eb
01490132
01390127
0115010d
01060125
012b0130
0106012b
0127012b
01520110
01490115
01420130
015b00c5
012500f9
00fa0132
017500c6
01450105
010700e9
00b70116
013b0127
013b0129
01370167
017700f2
00be00d1
013e0147
00ab00be
00ba00a9
00bf00c0
00d900fa
008700b9
00b30095
0152013e
010a0102
00d100e0
00d30103
00cb00eb
00d800f6
00e000fd
00ff00f8
00e10100
00d300eb
00cd00e6
01050117
00c900cf
00e900c9
00d200ab
00db00da
00f900e8
011b0132
0169010e
00f1018e
00fd0139
01320180
0102011d
01070112
00ee010f
00f300e0
0115013b
015000ff
00f5010a
0102015e
00fa00e0
00ff00e8
01370105
00c30162
00dd013e
00e80100
00e100f1
00b000df
00ef0147
013e0100
00c100a0
00c300c7
00e200dd
01180100
00af00c1
00fa00ae
009200d9
00b000cd
00f200fb
01100116
00c200c3
00de0127
012000c1
011900d1
00ee00cf
00cd00c9
01290140
00f9011e
011f012e
01500180
01520182
014e0165
012b017b
01060106
00e600e3
00bd0152
00c800f3
010900d0
01370179
012900f7
01070125
01420159
012500f2
0130012e
01300157
013001ab
01500145
010f0117
0101016e
00f90120
01850169
00fb0152
01320150
018701de
01920125
0149013b
013e0167
01220139
009f0112
00ad0089
00b700e6
00c000a7
00ab00a5
011200da
00b800e5
00c000f5
0147014e
014b011f
01270106
01e50140
01500137
016e0129
010e014e
0147014e
0147011b
010d0142
00dd0130
016b0145
01450150
00e50142
00f7013e
01250162
00ca00b0
00d300d2
00df00c9
009a00ad
00c70095
00b300f6
00ba00b8
009e00c3
00b900c8
00e200de
00bf00ea
010500f0
00fb0100
00d700d1
00bb0119
00de00e3
009700e3
008d00ae
00a300ee
00c100e2
00cd007c
00a00098
00ab00fe
00e800b5
00d300a5
00f000b5
010e00ef
00af0113
0106010d
01320115
00ea011e
00da00e7
013200e0
00f800ff
011100c5
00eb0125
01200132
00c700ef
011800ff
00c600c9
013900e9
00ce00ce
009300a8
009f008f
008e00f1
008e00b9
008800a7
009500a8
01320140
0102011d
0115014e
00cb00d0
00ed0130
010d00db
00d600bd
00d500f2
00f20195
01160119
00f300f5
01030130
00db00d3
00e30147
00fb00c6
010000d5
01570116
014b0120
01490147
01320162
01390129
012b0145
01150108
015500f8
010f013e
019500fb
01210195
012e0150
0177011a
01550112
01520108
01c50137
01590137
0177017e
01e00147
01150111
01050140
01420142
0190013e
01370172
01500130
00b600c3
010f00da
012300d2
00c50110
00a100cf
00d500d9
011d00b8
00fb013e
015e00fb
01000106
013000dd
00f1010a
011600bf
00ea014b
0139011d
01290129
01250147
014b010b
01300127
014e010d
0108017b
00f2014e
00fa0122
00d900ce
00c1010d
00af0137
00c60110
00e600bf
00d000f9
00ee00d3
00f100d2
00a500dd
00fe00db
010000d7
013700ea
011d00e7
011100ef
013e011f
00f20101
015b0102
014700eb
00db0115
00cf00fd
013200f2
01400160
01290112
013701e2
0111019b
0142016b
010f010f
01030116
01250108
0137010b
013b0127
01670139
00f50135
011600d1
0109010e
00d700e0
00ed00e1
00e600d9
00fd009b
00df00c7
00db0175
00e300ee
01c000e1
00d90145
010800ef
01120127
0115010b
010e0145
014e0180
014201a9
01790132
00d30145
010b0123
00f10137
01570152
013e0169
00ab00b2
00bd00d8
00bf00c2
00ce00c7
00c600bf
00d200a7
00c600df
00fb0129
00e900e7
01520160
01190113
00c80147
010f0101
00cb0149
014900ff
00f50137
010201bb
00a800c0
00f800df
012500c6
01020111
01370120
00d20102
00f900ee
00d600c9
00fd011b
00e100cb
00f000d8
00f600e2
00f100d2
013900d2
00e600f3
00b000f5
00dd00c0
00e900f3
00d1010e
00c700fa
00e80127
00c20116
01030105
00ef0115
011100fb
012b0130
00c7015b
01470169
015901a2
01470107
011d010a
018e0190
016700f6
00db00d0
01c900fe
014b013b
01270123
0155017b
019501f2
01c7012e
013200d3
0160017e
01600142
011d014e
012b011e
0119010d
01190105
00dd00d7
010a00d7
011f00e1
01020103
010f00d5
00de00ef
00b00115
017500db
00cf00d3
00eb00f6
00b000cb
00e7008d
00c80085
00e000b9
00c000e5
00a800f1
01300117
01d9014e
0132015e
010f0137
00fd0190
01050117
013501a0
01500109
012b00f1
0108019b
01770120
01770147
01520116
00f50152
0159011f
01370149
00d9012e
00d800e0
00d000b0
00c30120
00cf010a
00af00c3
00aa00e3
00bb00c1
0108016b
00e700cf
00dd0132
016b00f7
00f30125
010200f0
01300113
01070127
010000f6
01130132
01300135
016b00fa
015e0127
01470109
010a0120
00f700f9
00f30132
00b100e3
00c300b0
00d300b3
00c600da
00ce00bf
00ae011e
00a100d3
00eb00b8
0103015b
00b500ee
00c200b2
008e00a6
00d700c7
00a200c3
00ba00c7
00e300d7
00c300d8
008f00ae
008500a6
009b00d2
00b600ed
00b100bd
00a700d0
012300ee
00e70121
00e70105
00dd0170
012700d6
01690119
012e0125
013e0107
013b01b9
018e0108
01470115
017b013b
01070115
013b0160
012e0106
00f70150
00b2010d
009700ad
00a900c8
00bb00db
00e100b8
00d300bd
00bd00c0
01070118
01110130
00f600d9
011e0135
011d011e
0112012e
012e0121
00fa00af
011300fe
010900ce
00ef0130
011e0118
01400139
011a00eb
00ee0109
010e0135
011d00de
01110115
00fe00b9
00fe00fe
00ea00d0
00c300be
011a00e9
013b00fa
00e500f7
00a000d7
009200d2
00c300a8
00ca00d3
00e700ef
00b20106
00b800d9
00ee0098
0135011f
010f00d3
00d6012b
011d0107
019b00d5
01220117
00fa014b
01370145
012b014b
00e00132
01570109
01050169
012000ea
013e018b
01990113
01450112
00bf00c8
00fe00d7
011500ce
00d300cb
00ee00c1
00bf00d6
00db00ea
012b00ed
010f00be
011e0137
00ef00f1
00d60125
00ef00fa
00fe00f3
010800ea
014900d9
00e100e3
00ee008e
00cf00c5
0110010f
014b0108
011200d0
00ff00b3
00df00f9
010900e1
00e100e5
00ca00db
00ed00e5
00da00e0
00f800cf
00d200ed
01bb0106
00b500d1
007c00b0
007f0069
006e0071
00810064
0093006a
00a0007f
008500a8
00b800f1
00eb00f7
00ae00bf
00f000b2
00b7012e
00e900bf
00b10097
00a300a9
016b0132
00d300f0
00d90145
00dd00fb
011300f5
012000d9
00dd012b
00fe0113
00e500fd
01900135
01670132
016b00e6
01170135
013b010d
011000f0
0113013b
011a00db
0125010e
00c900d6
00cb00dd
00c600f2
010700bb
00ee00db
011200e3
017b0113
0116011f
014e016b
01d00137
01420129
011500ed
00f90150
0122012b
010f0119
0123013b
012b011a
013e0155
01390157
01570129
018e0150
0160011b
00d000e0
00b900ee
00a200b1
00bd008d
00bb00a5
00a500d6
00b800b1
00b900e8
00e80100
01890135
01370119
01890117
01650122
01070192
011f00f5
011f012b
00d600f8
00d500e9
00d900df
011500ca
00b30116
013500fa
00c800fa
011500ef
01490177
0117015e
01490121
01090100
01250103
01670129
017b0179
00fd0182
015b01c2
011a00fd
01390150
01250139
01400110
0132010a
01350107
01770159
011b00d6
01620169
01be0108
011e013e
0145017e
00fa0145
01150152
016b015e
015200dd
011d0137
01170113
010000ea
00fd00e0
01300152
013e00ee
015500f3
016701e7
0149011f
01650132
01570123
013001d0
0122012e
01a5017b
013e0179
00e000f5
0100015e
011a0108
00ed00e7
012900fd
00f50132
00f300f9
00f30129
00ef0137
00cd00bb
00b900db
00e300b7
00c700c9
011b00bb
00e800cb
00a100df
016200ff
01420169
01690179
011b015e
0137011e
010b0115
01060160
01550102
017e00de
013b0140
0177010d
01420105
013b0127
01590109
00f80132
0130016b
00d00115
01690109
00e200f7
00f800ea
014500e3
014e011e
017200f2
00ed016b
010500e9
00f50132
012e0130
01090101
013e0125
0111012b
01010107
00ef01a2
01220139
01320118
00f90121
01370147
00f0010f
013b0132
0112012e
00ff0150
01350142
01700147
01720177
0120017e
0112017e
00f700d3
0105015b
01600129
0113016b
010e0102
00f700fa
00f8011b
00ee014e
012e014b
011000f2
013b0172
013201a5
012700f2
01320142
017e01d2
01d50149
01550165
00fe013b
01c701b2
01770169
00f300aa
01420147
01920157
01800179
019001d2
0129016e
01750137
008b00b6
00c000b1
00cb00a9
00b300bb
00bb00dd
00d300a3
00b900cb
00c900c6
010200ef
00bd00cf
00cf00a7
00be00b5
00e8009f
00d600d3
00ca00ea
013500d9
0147013e
01450169
018700f7
0127013b
01270145
01090119
013e0107
01450145
014500b9
01190150
01010112
0105011f
012b00fd
00fe010a
01170106
0145010f
01080169
014b0142
0121016e
0116015b
010b0135
00fd018e
013701b2
015b0179
00d200da
00f000d2
00f9010f
00ef0110
011700df
00d50152
00d7010d
00e60101
01b00119
0152013b
013e00fa
01370117
018e0132
01390160
01820147
01790189
015b0127
00e300d8
00fb0140
01290120
0102012b
00fa0108
0117010e
01250105
00f50142
00fd00dd
00fa00ce
01750117
00f60101
00fa00bf
011e011f
00f00129
01150103
011f0112
0172013b
00f80129
01390135
00f80106
010000fd
00f500fe
0101016b
013e00de
01110116
00ff0122
01010123
0111019e
01300119
010f011d
00ed0175
00b200eb
011a012b
010e00e2
00e50112
00f20129
00c100d6
012900f2
010a0137
00ef012e
00e5010f
010a012b
01020140
00e10103
010f015b
010100fa
00ae00ce
0112012b
00d800f5
00bb00fd
012b00ed
00c200e8
00d500e1
00b300c6
01700102
0129014e
014b0155
0118015e
01a0014b
0139013b
0132013e
010f0185
01600132
01d50189
00d701d2
011600d3
010000f9
00b60100
015200e6
00bd0127
0155015e
01000130
013200f2
012e00fe
01370123
00fe01ab
0132014b
0137011d
01110135
01270116
00d200d0
01900105
019900ed
014000ff
0130010a
013200eb
016500fd
014b0150
00d600d8
014500fa
01550122
01300159
01390127
013e00c5
011f0137
010f0132
01200101
017b0145
012000f6
011f0105
0129017e
00f7011a
01390107
00e20103
011d0113
00df00e8
0118015e
01120101
016901e5
010d0102
00a700c2
007a008f
009e00e7
009b006b
00ab00a6
007700c0
009300a0
00c50073
011d0172
00ea00a7
00fe00e7
00df0120
00eb0152
00c2012b
00c700e6
01070110
01020159
0157016b
00de00e0
01400139
010000fa
00fa0127
01050116
012300f9
01170147
0179011f
00e20197
01ab0110
00df0169
0111013e
01120149
01220116
0116012e
01090152
01320123
01550149
010100f6
0137012b
00e00160
011200e7
00e80142
0159010a
011f0115
010200f5
00f600ff
00fa00fe
00df00ff
011a0118
00c90177
011300f7
00f20108
011f0101
00d200cf
00e000cd
0106011d
00eb00f8
01100139
010a011e
010d00d8
00d200d8
01220159
00da0132
00db00df
00ff0121
01590180
010800f3
016900e9
011d00f6
0177016b
0145010a
01370147
01390118
00f800f6
013b00eb
00f200d6
01130125
01390155
015b0120
01600127
015b0108
00f80123
01600132
00fe013e
0137017b
013b0162
01450182
01150139
01030162
00de0102
00d900cf
00c1010b
01400132
00da0127
016b00eb
00e300f7
00cf00e5
011300ce
015b0165
01320132
01170175
01050159
00ef0175
00f7010b
01300118
00eb0115
00e50129
00ba00ee
00bf0135
0101008a
00cb00e0
00e700d6
00d200a7
00f30107
00ee0132
00fe00f8
0125012e
010600d8
00f90135
00f80113
00da0117
00fa0155
01250149
00f10147
0137015b
01520105
01590125
011900fd
010f0129
00d700c7
00e200cb
00b100ff
00f700f2
00c500e1
00c600ed
00ce00a3
00cf00de
01070127
0157013b
01320175
010f0117
011300dd
010d00fb
00af0111
00be010b
00fd0165
00da00db
00e500f0
010100ca
010200b5
00a600c1
00ba00da
00ff00fd
011000e5
00d200d8
010d00bd
00be011f
00f500ee
010900fb
00bd00e1
010f00b2
011500f9
00f70130
01150132
013b00e6
00f90129
01060189
01150130
011f0107
01370139
01300105
011b0170
015e0149
013e015e
0155012e
01590116
012e0172
010a010a
013000e2
00fd0112
0129011f
00fa0121
010700f8
010e0149
016000fe
00f10132
013500f9
01160179
0157011e
00f0013b
018900f1
014500de
0157012b
01180180
013b0116
01390177
015e017b
0180015b
01420142
01390129
01620157
00ff0103
011300ed
0100011d
00f100ff
0182016b
013700ce
016900fa
01190132
011a0108
00f8011b
00f60132
00ba00ed
011a00d1
010300d3
011b00d5
00fd00fa
010200cf
011300e1
012700ea
01400129
00f80112
013e0116
012500d9
010e01c5
00d80170
00cd00e1
00e700ee
013e00ba
00f900be
00f100bd
00ee00c1
00a00103
01300137
011a00e6
01270192
011b0139
016e0175
01770162
015b0195
0167015e
00eb0111
01750177
01c50100
01220100
015e0109
018e0167
010b01b2
01050152
011f0103
012e00ef
011a0145
013b01b2
01390140
01190149
015b0139
012e0129
0108010a
013b0127
01600139
010f0130
010d0129
01200149
013e0147
013e017b
00ce016e
00b000d2
00cf00f6
00b600a8
00a000b7
00e000d0
00fd00c9
00ba00a8
014b0192
00f900f0
01f000c5
010d0130
00f600f9
00d60140
01450125
01350190
0115010b
00db017e
01100115
00db0135
01420160
00fe00c1
00ff0182
01160162
00e10129
01400147
00f900ff
010901d0
011d0152
0139011a
012100ce
015700f1
01220145
012700c9
01090121
00fd0140
01250132
016000da
00f20132
01210140
011900d9
01a00117
01490130
00d20175
0160014b
01050127
00ff0127
01120107
00db011f
011f0121
0150010b
01030112
00c200fb
01190149
00d80152
013900dd
010a013e
01670135
01b000e1
01350129
01750122
015b00f6
01200109
016b0132
011800fa
00d600ed
011e0103
01270132
01800157
013e0189
0140012e
010b0130
00d900f9
00d800fe
00d100e7
009e0099
00c700b3
00b200ae
00bf00da
00d500e0
0102011f
01290152
00c300e5
00bf0096
00d000b5
00e9009d
00d000a2
00c600c8
01080111
012e0102
012200f7
01490192
01650132
01520140
017b013e
014701de
0169015b
01200116
00fa0123
0177014b
01520152
0137010e
01090116
0150011d
009900a6
007c008b
0061007b
008d0088
007c0068
0071005a
00770076
0092006f
00d00130
014000ee
01700132
01160115
011b00e1
014000e8
01080125
00e00137
015501c5
00e200e1
011e00f7
012b0107
01520145
01290127
00e70106
014200e6
011101b7
016000de
0121016e
013e015b
01150155
01de0125
01e90162
013b0113
00da00f9
00d100c5
00ff00d1
010600db
00e900c6
00d90101
012300f6
010000f6
011000f7
00fd00da
010a013e
00ee00ee
00f50111
00d7013b
015500e6
010e00ee
00d0009a
00be0073
00af00b8
00b6009f
00e60086
00b1009d
00a30085
00c60090
00de011b
00fa00fd
010100fe
00be010f
015b0167
01190103
00f80100
00f8017e
00f00121
00d000af
00e600e8
00ef00ae
00c600b7
010e00cf
00bf00b7
00ea00bd
012e0110
011b0137
01650240
01300135
01470119
017701ae
01520162
012b0107
00e600fd
011e010e
010e0142
0147010a
013200bf
012e0150
01550110
01490121
01290180
00ce0180
00f00102
0140013e
011e0155
013e0160
00fb01b2
015000f1
00d00169
00d200ce
00ed00d6
01e700e2
00c200fe
00f000ca
00d9014b
010300d1
012300e7
019b0190
010e0140
014200e0
01450169
01210140
00e60130
010300f9
0175013b
010700e3
012700fb
011100d5
00ff011d
00d90152
00b100cb
00e10122
00d3010f
00e300e3
00da0106
00e000e1
00e000e5
00dd00c1
00e700df
00be00d6
00d9016e
01170197
017e00da
01450145
01e00129
01220189
0140017b
01100190
012500e2
0157011e
013b00ee
0147012e
0111012b
01690130
012e0145
015e0112
01350129
01600118
00f6010b
01870127
018b0149
01570187
0172010a
0116010f
00f600c8
00ce00cd
00f600b9
00ed00e7
00db00fb
00f2010a
00cf0117
00be0093
012301d7
017900ed
015200ff
00ed0162
00ed0113
01130118
013b0167
012e010a
00c500d7
00f90107
00ea0135
01080102
00fd00e0
013b0140
014200e8
01250129
01290145
00cf00d7
010100c6
01690103
01110137
010300ea
0130011a
00e6011d
011f0125
00e900d2
00c70105
013e0170
013000f8
0132017e
015e00fa
0123014b
013b0135
01070121
010b011f
00e300d6
00da00e2
00d700c1
011b00e0
00ed0110
01500127
01420137
0147012e
00fa010d
01350149
01230140
00e90139
00f3011e
014b014e
013e0147
015e0139
012b00eb
015e0162
013e0140
0145014e
01570123
00e8010d
01390137
013b00ef
00f00101
00fb0116
011600f7
00e200f1
015b0159
0147016e
0150011b
00fe0113
010800d0
011e0160
01170175
01010107
01720150
015500cd
019b0159
00fd00f9
00c500f7
00f60157
00e20116
00ff0125
013700d7
01d90150
015000c0
01230116
015b00ee
013b0150
023701a0
01750142
016e013b
012b011e
00ca00a9
01080101
012001e5
014200f0
010300d6
011d00ff
01010195
00ee00b9
01370139
013b0106
00f50102
01010149
00d00103
00c700c6
00da00ba
00eb00f8
00ca00c1
00ee00c6
00ce00e1
011100e0
010300db
00c900e6
01060100
00c30185
00ce00ce
00d00142
011a00f2
00ca0100
00e100c0
00ef00f3
00e500db
012e013e
00ef015e
0129016e
0152018b
01290162
015500f0
01550152
00de01c2
00ea0115
01250125
010d0140
01270116
00f20100
015e0135
01120142
01400110
00ed00de
010e00ce
011900f0
010d0139
00f000fb
019700f1
00df010e
016000c3
00f600ee
013b01a5
00da0109
00ae00ee
00c100bb
009b00bd
00d000be
00cb011f
0145013e
01080125
0123010e
00fb00d2
01120169
0162010f
0100010f
010d0132
00c20129
00e30165
00c80107
010b0129
0159010b
014000ea
00dd00fe
01320120
00f50108
01000135
00f300ca
00fb0116
012b0107
012500f7
010000ea
00c700cf
00f2010d
00fa00e3
00f800ee
00e600f5
010600f6
010100da
01670139
00f000d3
015e00e7
010600e1
0129011d
00fa0103
010d0150
01690129
01250101
01570103
00dd0197
00d70108
00f700db
00d30106
00f500fe
010d014b
00fb0113
01390130
00d900c3
0170010e
00d80145
00d300b7
00d700f3
00e200ef
00f000bd
00d900d3
017e01a7
00e90111
0155014e
01070167
011a0149
014e0125
012b0142
0155014b
00e9015b
010200ef
00d2011a
01150142
012b011b
010e00e7
01520109
01290118
01200137
015e0127
01550149
015001b7
00e80172
014700f2
011a0118
01120150
00e70102
0189013e
0177016b
013b013b
012001a0
01270121
018700eb
01750165
00fa0102
01500121
014e00ee
0105010a
00e5013e
00c60160
01060108
00e600f1
01270109
01d20159
01060137
013500f3
014900f2
0132010b
00f200f9
0122011f
01190139
01110147
0149013b
01170152
0137015b
010101ab
01290199
010a0139
015700db
016b0130
014e00fb
01290107
00f30115
016e0190
01270125
01a9011a
01320169
00ca015b
013501c5
01a700df
010f00d8
010d0169
011d0149
01390185
00ed0155
00e300fa
01090132
013b0157
013e014e
012900f9
0118013b
0129016b
01490118
00f10149
01030142
0149013e
013701a2
00f70169
01770102
011a0100
00f00145
010d00ed
013b00ff
00e80116
01320118
00f90169
00e20155
00d60113
01450106
00c500bb
00ed00fd
00e80100
00d000d5
00f20100
011f00dd
010300ca
010d0202
01250107
010f012e
018e0123
00fe010d
0110012b
00e000d8
01200150
0106011f
00ee00b7
00d700cf
00f300e9
00ef00f7
00f700c1
00d300eb
00ce00d1
012201f5
00f200c8
010b00f9
00ca00e3
010a00e8
00da0150
018700ff
00f60108
0109011f
01ae0175
00c60116
01200179
0132011a
014e013b
014e012e
010f010e
01390130
00f30120
015e01b2
016e01c9
01290150
011e0160
0190011e
01250130
00ce00f0
00f200e7
00c7011e
00fa00e8
00ba00c0
00d100d3
00c500b5
00e800c6
012b00d0
01130107
00e300df
00d8013b
0115010a
011e012b
010f00f2
0116013b
009100ab
013500a0
010100aa
00fa00b1
00ba00ca
00a300d3
00d000d7
00d900d5
01550132
01390127
01390157
014501be
013e012e
01390106
017e014b
014b01b9
013e00f1
01290129
00ed0132
013b00ea
016700fe
01400107
010101a0
00fe0127
01090182
011e0123
00ef011e
01290159
01270165
010d0100
011000f8
00fd014b
00d600d9
010700c1
00e500bd
012100c3
00e700b3
013e0110
00eb00e9
00df00d5
012500b0
01100182
011a00f6
00f90108
01400110
011200ce
010100df
00f6009f
00ef00d6
01850197
00f10108
010800f8
00d900c6
00c200ae
011600d0
00f200e0
00ff0145
0121014b
0130010e
010200fa
010800ea
010f0142
01290137
00ed00f7
00ee0137
01450121
011101b0
01250170
01490120
013b00f1
01270127
01290119
0127011e
01450130
018b00fb
01200130
01370132
00e20155
00eb0140
01a50135
01de0132
01370116
012e0157
015201c0
016b013e
01180152
017b0149
00f70159
014001c5
00f80125
01190107
014b0149
01130125
01290135
00eb0121
01690152
00b100c0
00fb009e
00ad00dd
00ed00b5
00d900e3
010500b1
00b200c8
00c700a5
012700f9
00ff0180
01550137
00ea00fa
00f60139
01150103
01000112
00ef015b
00f60111
00b20109
00ff00ba
018200db
01030145
013b00ee
00c300d6
00e90115
00fa015b
0177012e
010000f7
00ee0129
019b0125
013e0125
011a0103
014000d7
00c8011b
00da00df
010a00b3
00e000fb
00de00f0
01000135
00e5012b
00fb016b
00f601a5
01420108
00fa0140
010f0127
01370118
01500132
01c2019e
0159011d
01160150
010e00f2
01290109
01290182
01270172
01a00147
00dd0145
01670175
01300130
00e50110
012b00fd
01770152
01320122
01450117
01150109
00c70101
00b600aa
00d100b0
00cf00b9
00f800f3
011200e2
00fe00c6
00e00137
00ce00e6
013200c8
012b0145
011a0165
0139010b
01080165
00f30127
00e701d0
01190102
011200e0
012b014e
01800135
0142013b
014e012b
00f70115
00f700f8
00eb0155
01080139
0169011e
01250115
0137014e
012900f0
01320179
00e80155
014b0118
01100155
010000fa
00f00110
013e010a
010e011a
00ff00ca
0121011a
00e00116
0165017b
01150129
0165014b
018b0192
01570132
01ae014b
013001a5
0150013b
010900ef
00e100c8
010100a6
00d000fa
015000ff
00eb00e3
012900fe
011f00d1
019b012b
00f60132
0135010a
0108014e
013e0100
01020162
00ea0102
00d2010d
01180169
010500f0
0107010b
011d0142
01470155
01290117
010d0107
011f0170
013e016e
00f2010a
019e0147
015e0142
012b0129
011b011a
01670172
01300132
011600ee
00dd00b5
01550101
00fa0106
00f900d0
01650108
010300e8
011b0109
014901ae
01320130
017b0142
0112010f
0108013e
012900ce
01020167
01420147
01550121
0169010f
01070115
00e5016e
01b20185
01270149
012e0123
01690129
00f6013b
01290140
01190129
011300ee
00f30118
00de00f9
010e0120
01300139
00da010d
00f1018e
01060139
0157011a
01590135
013b0107
01450125
00e30110
01570150
01b000ea
01450159
01650150
0160011b
013b0155
01650119
01300139
009d0139
00c300cf
00740099
00ce0082
005c008f
0070007a
0088006e
00950071
017b011f
012e0106
00f800ea
01670101
00ed0132
01520117
01490119
01030110
010f00f7
011d00c2
00f10169
0112013b
01650135
0140011d
015701a7
010500fa
011600dd
012900e2
00e100ed
0125010e
010600ee
018200fa
00f1011d
01130116
011f010b
01300137
013000f1
011a00d9
00c200d7
01600115
00b10102
009900d8
017500f5
00e80127
00f70122
00a50145
01500152
011b00d0
01320112
013b0108
015000d5
011f00eb
011f013b
01400132
00ff0111
01900130
00e70123
00ef00f6
01920145
010e0127
016e0127
01820103
01060187
01690159
01970145
013b00f9
00c20093
00830064
00980086
009900bb
00a200a5
00e200c0
00a700af
00c100d9
0129010b
0123010d
015001a2
013e011e
0149010b
01570130
00f10135
014e0167
01250197
018e00d1
0135010e
01390150
013e0115
012501a0
01300129
01670149
01270119
010b00d6
00ed013e
00f20129
010b0135
011900f7
01170125
00f200fe
00cf011b
00ab00f3
00ed00f1
01390109
012e0132
00d700e6
00fe00fd
00f70107
00f8010e
00b900d0
013500eb
01030109
011800e0
00f100fd
01300117
015b010e
014701a5
01620142
01e00155
01e20129
01820130
01790149
012e0172
018701ce
01030125
00e100c3
00d900f2
00d600df
016500cd
00e900e9
00f200e7
0116010e
010701ce
01470155
00e00162
011b00fa
00bb0121
013b010a
00dd013e
0142014b
00f700e0
010e0103
00ab00d0
00da010b
00cb00f5
00a200dd
00d800c2
00d300b9
013000f3
014e00f6
00f60170
01500149
01170120
014700f6
01300125
011e0132
013701c5
010b00e3
013e00ee
01050162
00ef0137
00d80149
011d00e7
01ae0125
01210111
01450137
0159010b
01060101
01290130
01270122
00ff0120
012300ed
012e010d
0127015b
0132016e
016500e5
018e0109
00f80150
00dd015e
01550135
0113013b
014e0177
015200e0
01470169
01320127
00f9011a
01720118
012e0127
00f200f6
015900c8
00fd00ce
00bd00f8
012300e7
00d2010f
012500fd
00b600b1
01890152
01060150
015e012b
011f011f
01020152
01eb010f
02170142
018b013e
00eb019b
00fa00f7
00da0117
00f70140
01210129
015900ca
010100bd
00ee00d6
0142013e
01d00160
01a00100
01420145
01220121
0109012b
0130013e
01600177
00f60101
00f300fd
011200cd
00c10119
010100c8
00b700d1
00d800eb
00b30122
010a015b
0105016b
013000f5
01bb0135
01a20137
01470177
013b0108
012e010a
01590165
0100011a
0187017b
016e01e9
01210140
0150014b
017e0180
01690152
00ff015e
01590192
00fa0167
010a0121
01060160
00ff0135
01100102
00e80120
012e0119
01390137
01670145
01d200dd
01320155
01400145
0127010f
01030127
00b70106
00e600ed
01150103
00f80139
00f90119
011d00f2
01060127
01200108
012b0147
014500ed
010300f9
01180113
01020130
010d0116
01170117
00ef00ff
011e00d6
00f20172
015e0187
015b010d
012700fe
015b0189
012b0167
01300149
010d00b8
01500122
01090135
01490167
0137010f
011b0122
01650129
01550109
00f20112
01650139
01500149
010a0159
010e00f1
0111017b
01390135
015500fe
00e10100
01110179
00f300f3
01450130
01350122
01300123
012900ed
012b011a
016700dd
01160185
01210187
01370175
0145012b
00fe0109
01370160
010701b5
014e0115
00ef00bb
00f5012b
010a00c6
011800e5
01450100
011d00ee
00e10169
01320137
011700fd
01850169
00f30190
014b0160
0139015b
014e00e0
01010132
016000f6
017b00cf
010500ee
012b0125
011b011d
015e00df
01010105
011f0127
00900145
007e0088
0072007f
009b00bd
007e0087
00830073
008f007b
0083009d
0130010a
012e0147
010f016b
015b012e
014b0129
0103016e
00ea011d
00f90106
01570149
014b00e6
01300145
0160012b
01520152
01400103
01270155
0121016b
00ea00da
01570135
0127010d
00fd0108
01ae0106
014b0118
01250159
016b0130
01130121
013e00e6
0140010f
01490157
0130021b
01250160
016701a0
00f90111
00dd0106
00ff0106
00c60129
013900cf
0115010e
00d900ef
00e801ab
00c000da
01670116
010d015b
012e0121
011b0118
013001c9
00e301ae
00ee0169
00f30125
00c9010a
00d500e1
00ca00be
00d500f3
00ce00fd
00b800cf
011100d5
00af00d9
012100ff
01170160
013e01b0
012901e7
010b0113
0112013b
012e0147
01670125
01060147
011701db
0119010f
01030145
0140011d
010b018b
0145016b
01870167
01a20132
01060157
01370160
0157019b
01c0012e
01850149
01550177
0135013e
0108013e
00e70110
00c3010e
01090111
010600fb
00c800f3
010800be
00e0011a
010f0119
00f00132
01030175
013b0185
01a500f6
01160147
016b0118
01550129
00e20119
011800ea
0117012e
00c800f2
01080105
00ad00eb
00ef010d
00ef00fe
00cf0106
01350130
01450185
01900127
01370139
00f5016b
00e20147
0121012e
012b017b
010b00b8
01420142
011e00fa
0101018e
01ae0129
01050120
016e0147
00f100ff
01130103
00ff0129
010500fe
00d300ff
010e012b
01690165
014b010f
01270187
011f0129
01010127
0109011a
01060132
0117011e
014000ea
010b0119
00cf00ee
00fa00d7
011b00ea
011a00f6
01220107
00c800f2
00ee0102
00e500fd
00dd00ce
00dd00ff
011600e0
00f30123
010800fe
010d0103
0105015b
00f50112
0157011f
00ef00db
01120117
012e0129
0142014b
012700fd
0170013b
011b0107
00eb0132
01080135
01390118
0125010b
00e000ed
00b7011e
01100113
01450118
011f00d0
00e900df
0117015b
015900f3
00ef0129
013500f0
00cd00f9
00e00111
0152013e
011f011d
011700ca
016000e0
0130012b
00ed0113
00be00ef
00e60127
01350147
012b010d
01210199
01230125
016e0149
016b0111
01670113
01470137
01190119
00e900db
0189011e
01050139
00ef00f2
012700ed
013900df
01600137
012100e5
0101012e
01110112
01970180
0119010e
012e010b
011700eb
01160139
01e50297
0155019e
018e0130
01700195
016b013e
01b90167
019201b0
01920195
011f00e3
00f600f2
00c3014e
00f300cd
011300c2
0115013b
01020106
012900ee
0135010d
012200c5
00fd0101
00d600f0
0106010a
01100170
01b200ed
01350118
00cb00c0
010e011f
010f00f7
00b500f0
013000b6
00df00ce
018b00fe
00e700f9
012b00e1
016b00ed
00f8012b
017200fb
01170100
011f016b
013b00ef
013200e7
014200f5
00e70137
00fb012b
01020170
01300118
015e0140
01600107
014200fb
0135012b
0169016e
01300135
0120016b
012b0150
00fa0125
00f201de
01450149
01b20170
010b010d
010b017e
00f60135
01500139
013e016b
010b00d7
013b0160
0147012e
00d100c7
00e20140
00f60180
010e00f6
01320162
01150123
01770162
01070135
014e012b
011b013e
014000fe
01500150
010e0119
012b00f6
01320145
012b0129
00bf00c7
00ce0102
018700d0
01a700e5
00e30108
01070119
00de0172
013e013b
01650145
0215010d
01700182
013500f0
015901d2
012b012b
01c0012e
01570113
013b014b
00f20127
014b016e
013b0121
011b012e
00fe0109
00fb0100
0179015e
01ae00fd
01090105
011e00ea
013e0152
012e0132
01a50116
01270190
01030100
00ed0112
00da00ca
01070142
00d700e8
013500db
011200df
01470111
01080157
00ef00fe
00f600c2
012500da
0139010d
01080132
00e60135
010f0185
00d80129
00e5012e
00e30108
00f7012b
00ed00f2
01230108
00c300e2
00e800ba
01370103
01230139
01350130
015501ab
01010155
00e700ff
019900fd
010b00ff
013000bf
00dd016b
010e00f8
0150011d
013e01ae
00e600cb
00d2010f
0132014e
016e01ab
01600113
010d0170
0157018b
013e0139
01500135
01320130
01290199
011d0118
00f70119
01230109
010d0149
00ed0179
01500152
0157013b
013900fd
00f50120
00e50106
00d60139
01900102
011a0142
01250118
0100014e
00f20127
015200b6
01070155
00c300cf
00da00b3
00b300cf
00b30112
00b700a7
00ef00a5
011d014b
01370132
00ef0155
01060127
013b018e
01090167
01250139
016000d5
008900e6
00b80096
00bf00e8
00b200a2
00d900d5
00db00b3
00e70107
00eb00cf
012000d2
0152019e
00e500d3
00b600b9
00a80135
00e200df
00bd00d5
01150110
011d00fd
01020129
01990125
00f70113
01490187
013b0113
01600129
01ae0123
00b601a9
007600c9
009e00c1
011300df
00c300af
00870099
008a00ad
008e00ad
00c800d6
00cb0132
00d700df
00a800c9
00d800cf
00bd00cd
00b500df
00ae00bb
00fb00df
00e00127
014e00f1
01010111
01290157
00ff00fd
00fb00f3
0118010d
00ff0107
00b000a7
0087009a
009b008b
00b700bb
0084009e
00f30080
00890093
0118010e
01390107
013b011a
01600130
0101011f
0147013e
01270139
01ae013b
01750130
00fa0118
00e90139
011e0130
0102011e
016b0169
0115010b
010a0147
00ff00d9
014b00f7
01a500f0
01720102
01290155
00f00190
01190135
015e0116
010700d3
01190121
00f20110
00f20103
010300dd
012200db
00d000f1
011a00ee
00f50125
00eb00e9
01210117
011e0115
018b0120
01590108
014e0105
0160010d
01180149
017b0169
0125011a
0159015e
012e0110
01220147
014b013b
01ae0100
012500d2
01010152
01060109
00de0121
014700f9
00ed010b
00e100ef
0112011f
01390111
00f80130
00d600f5
010600db
00f200fb
01550170
01270122
01350106
012e00fb
00da00fa
00d3009e
00be00db
00fe00bd
00a000f1
00e700c5
00c000a5
01170116
01250170
01320111
013200eb
012e0118
01250108
013500f7
011501b0
00d000f2
00ee00fe
00ea0113
011900d9
01350132
01170121
010f0107
00ef00d1
01690147
016000ff
0159011f
010e0169
016e0180
0112011b
018e0152
015e016e
0110014e
01370102
014501a5
01470185
01cb0123
013b012e
013b0187
01db0140
0187014e
013e0130
01750130
01650159
01110118
0147010e
00f00159
011e0137
0147012b
0125015e
0159010f
00e7012e
01390187
0125011f
016000ed
01270175
01370135
00e70175
00f80160
011d00f8
01600147
014500f0
01150169
01220157
00cd0187
00ce0127
00a300d5
00ce00af
00eb00da
00b300ca
00c500be
00b5009e
01200140
011d00fb
016b012e
0139013e
0157010e
01a90139
00f90160
016e013e
011100e0
01700122
0107013e
01ab00fe
013200db
017500fa
014b0106
010b0125
012700e6
010000ef
00e7016b
01d70125
011700fa
00ff013b
0167012b
01090149
010800e6
00fe00fa
010900e9
00ff0103
00db00fd
010f013e
0159015e
012200e0
0105011b
010500e7
01290137
015700f3
01700139
015b01ab
010a0125
01320105
00cb00e3
00f6010f
00dd0105
01a50182
01a70130
010600fa
01390122
011b00df
01a00137
01550106
015200e1
011001c2
013b01fb
016e0175
01420129
00fb0120
010b00d1
00d90127
01150130
01970159
01190130
01300101
00ee013e
0162013b
01790195
00fa00f9
014900e7
014e0147
01230125
014701b9
01820165
018701de
00b600c6
00ff0145
0091010e
00bd00ab
00bd00eb
00c100bb
0095011b
010a00b9
01450115
011f00d7
01020111
00ed0149
013e014b
010000fd
01130137
01050165
00c70125
00f10127
01420142
01100116
00f00109
01320117
010700d2
00f70112
015e0185
01000102
01250142
012900f5
0111014b
011300d5
011d0135
01990155
012e0103
01090147
01400108
01550172
013b0135
013e0145
01500118
015e0180
014900b0
0112010e
00e500e3
010f0106
00cb00ae
00e800e8
00f100f9
00e900ef
01370195
014000ea
01150106
01200120
010f00f7
01170135
01470145
0132010f
00ea0101
010500bb
01050122
00f8014b
012b00f8
011200ef
00ee00ed
00fa0106
00b2012e
010100ed
00ba00c7
00bb00d6
00f500b8
00bf00c8
00ad00e3
010a00ef
00cb013b
00ff0120
00e000e7
00fb00e8
010600df
00cb011f
00ef00fe
00eb00dd
0102011d
00e000e7
012b00f1
011d012b
01250139
01420108
014000fd
01100129
010d00bd
00d700ef
013900eb
00ef00fb
00c600c7
00ef00eb
010f00e3
00c700fd
011f00f6
012200b8
014e00f3
01020110
00e700ff
01110110
01600175
00f200de
00ee00e9
00fe0167
014b011f
01160145
01050147
00ef0177
01500177
01270117
00f50109
0137017b
01290159
00ed0115
011e0195
00fa0147
014b00fe
010f0117
0130011b
00e800a3
014000f8
01150159
00e3013e
00da00e0
00fb0132
00df0147
009e009b
00c60085
00a600b7
00c100ef
00be00d9
00d100e2
00d000d1
00ef00be
010e0175
01290107
010d010f
01000132
015b00d2
015e00f9
01370125
01050101
011000ed
01390142
010100fe
0162014e
0101010e
0140010e
00d7013b
00c80113
00f500d9
013b00b1
00f100f0
00ab00db
00ed00e9
0101013e
011900e6
00f800fa
011700f0
00c900c1
00e9010a
00ed00cb
00c50120
00bd00ef
00e3011b
00eb00fe
01160101
00f80113
01c00132
011100f0
013b00e9
014900ef
011300e8
01290150
013500f2
00fe00e7
0100012e
012e014e
00fa00f6
0122014b
016000f8
012b0180
01300169
01000189
00f0013e
011f015e
01c500fd
013e0116
01080117
014200f2
01190182
01620101
017e011d
014700fa
01bb0132
015e0180
01370180
010e0190
00e90108
01690117
00d60108
00be00cf
00ee0101
010800cd
009300f8
00c80099
019e00b6
00d60103
00dd00bf
00e20167
00d70115
00f8010d
00e600e5
00db00fa
01230107
01180140
011f01b0
01370125
0132010f
015b0121
01030127
010d0100
019001c0
01070172
0135011b
019e01be
01130160
014e0160
01cb0179
01270112
01350122
01390100
00e2012b
01080190
011d00e8
01ce0130
00de010d
011a0137
00e00110
00c500aa
00c200f8
00d30112
00b000f5
00e300c8
00f200a6
00c300b3
01c9013e
013200d2
01370102
012900b9
011a0130
014200f3
0116011b
0140013b
0152014b
0113014e
00d800f0
01720132
01130113
015b0179
011b00f1
00ce0105
010f0113
01050111
011100f5
01620100
00e70102
01170113
00fa00e3
01050102
00f90105
01200123
011d014e
0111014e
00ef0159
014200e7
01060157
0145015e
017900ee
013900f5
01400102
0129017e
0129014e
01450121
00c80175
011f010b
014e0145
01300170
013e0147
01420165
0145015b
00fd01d9
01c9012e
0177015b
01700190
0118012e
012e0150
01420125
01390162
01750167
016700e9
015e0172
012100b9
01030110
015000f5
0147011b
013000ef
0140010e
01550111
00e00165
010f00bb
0180018b
01620157
017b012e
00e60147
010a0179
01420123
00f1013b
00e900da
012200ca
01c90132
0125011a
016700f8
010100c6
00db0169
00ff0127
00e801a5
010f00c9
00f20119
0118013e
00fd017e
01050129
00ea0129
0170011f
01130122
00e500ff
0120011b
01450162
01600121
01590152
01490119
0150013e
00ee00ee
01850160
00a10139
00f500cd
009f00e1
00a900df
00e90103
00a7014b
013e00c6
00ba00f0
00df00d6
014b00be
00c700ff
00c700c6
00e100cd
010700c0
0197010a
0155016e
01210169
01270189
01890155
01490150
01160113
011d0137
01670101
010b017b
00eb0165
01270127
018b0132
01400139
0149011f
01500125
00fd0147
014200db
010b0110
012e00fb
00e800fa
011600e7
00e200dd
0122011a
0113013b
00e000c9
00e1010b
01010112
00d70103
00bd0119
00ce00d6
00f600d9
00d900d3
016200ca
01030139
00e000eb
00fa00fd
01160150
00f700dd
010f0107
00f90132
011a0155
011900f6
01390102
01300113
015b0129
00dd0129
011200ea
00c10179
00e100da
00c6011d
00c600a3
009500ba
00ea00a2
00c800d2
00e800eb
00fd0105
00ed014e
00fa0137
01200125
01150135
00e3012b
00e200f7
00c50149
00e7015b
00d200dd
00ee012b
011f00f0
010e0127
010d0159
00d50103
0106011f
012900c2
013000eb
01160110
00f60115
00f30132
00f600e9
01050125
011200ed
01400157
00fd0107
01400137
00e3013b
01100103
01590132
01b7011d
0132011a
012900ff
01400127
010f0130
01130118
01170101
00fd0110
00c70120
010a0106
00f6013e
0129014b
013e014b
00e900ed
00ef0101
0152010f
00d20149
01190123
01390157
014b0129
0116012b
01450147
0106012e
017b012b
016b0190
011f0152
01270110
00e100c5
00be0142
00d30109
00df012e
010900cb
010800e3
00f000fa
014b00f2
00a200f6
00e90119
00ed00ba
010700f2
01080118
01180107
0106013b
01230157
01320140
00b300d8
01420117
012100e6
013e011d
010b0115
01670157
01a00118
00bd0102
00b80109
016b0140
01420175
00f6013b
014b0132
01350119
012000f8
00e900d8
00e000f0
00ba00d2
00d500b3
00c900be
00bf00bb
00d600ea
01220107
0125012b
01250110
015b0177
0125013b
01790137
011e0122
01350160
00c000d8
01160103
00b800c0
00b900c6
00cb009f
00c1011b
00d500d2
00de00ce
00f10109
00f500e3
01470127
01490139
014b0147
00f90139
0129015e
0149013e
01110190
00d100bf
01220105
00d70122
00b900c9
00fa00e5
00b800cf
00db00d8
00d9010b
01ce00f2
012b0190
01500157
0109011f
00fd00ef
00f600fb
011a00fa
011e00d8
01270130
011d0123
016e0101
00ea0101
01250109
00f200f7
011600c8
00f10120
00b900ad
00d900d8
010600ba
00db00e0
00b300f0
011800ce
01150108
01250169
0160018b
012100fe
0119013b
0162014e
013e0160
019e0189
0185016b
011900eb
00c90132
01110139
010600fb
013e00eb
00e10135
013b0129
00c300ef
01070145
01f200ff
01770175
01230119
01300120
015b0129
013e0107
012900d9
0172015e
00ea00ff
00f00107
00f3014b
00f10107
00c80137
011f0115
014700ff
012b00eb
01770117
00e0013b
01420150
01080105
01200150
01270101
00e0010b
012b01d0
00f20159
0137010f
00ff0127
012b0142
014b016e
014700f6
01390180
00d800d8
00db010d
00ca0118
00f100f7
00c600de
00ca00dd
00ce00cb
00d800ee
012000f5
00fb015e
01080115
01390122
00db0123
01390130
00fb00b6
010900e7
012b010f
01320132
013e0159
01320112
01920117
0139011f
00e6012b
00ed0150
01010110
013900f1
0113012b
0167012b
012b0127
00f80127
0102013b
011f00db
013b00fa
01390100
00bb00be
010d00f2
00ed0118
00e5013b
00f50107
016900d7
00d900c6
00ce00dd
011200c2
010800cf
00e70112
00dd00e6
017500d7
010d0130
0169018b
0132016b
016200d9
011800dd
00fe014b
00e6010d
0157015b
01800129
00e20155
01100132
00e300de
00f300f6
00ff00eb
010a0117
010000d8
010300e2
00fa0100
015000fe
015001ab
01250170
01ae0169
01550155
011f00f7
015e018e
018b00f0
017b0139
01620187
01390149
016900c1
00f20130
00e00169
00dd00f2
00ae011b
00bd00b3
00ba006e
00bb00f0
00ed0115
00b600c1
009100d2
00c000c9
00d500de
00a900ab
00a5009a
00a900a9
00c900d1
00af0084
00af00de
009e00af
00ea00dd
0115013b
01120139
01050125
0145012b
00f10105
00e80107
01750135
017b0129
014b0107
0142013b
01400137
011000fa
00e20187
00e5013b
012b00fe
014001ab
01100112
00f90127
01690112
01be0195
01570137
01650123
014e0121
00f600ef
01220170
014000bb
00ca00d5
00f600b2
009a0102
009b00d0
009500d3
00cb010d
00d000df
00c100c7
00b600ea
00f500cb
009a00d6
00c700bb
00ae00cd
01010121
00e300de
012e00f2
00f50129
00ef00e1
011d0130
00f2010f
015200f5
01160182
0175010a
0190010e
01390182
016e0137
01600145
01420150
01470199
00f5019e
00df00d7
01b50199
012b0135
016901d5
01130140
011d0127
01130137
00b7011a
013e0118
011f0155
0145018b
01170159
010e0109
015b0149
01500165
01700149
016001ce
0147012b
0140013e
014b0100
01900187
01970187
019b015e
01200123
00ce00f1
013e0152
011700da
018b0155
016900d9
00f30170
00fa00e0
00f800db
010100e1
00f70117
00d700f0
00e60102
00db00db
010f0167
01200165
00fe00d1
01470105
0160011f
0118015b
00ea0159
016201a9
01550106
011f0110
010d0101
01a501ae
016b0139
00e000f7
012001ab
010600f0
00d300d6
00d700fd
012b0150
00d700f9
01b201b9
01400127
0135014e
016501c0
0152019e
0127013e
01270135
01920109
01300170
0140014e
01620147
0152014b
01320140
00fa00f2
012e00ed
012000e2
011700f9
00df0150
01270110
01550155
0127016e
0102010d
00d1014e
010000df
011b0117
01920125
011900b9
00fd0116
0112012b
012b00f3
01650110
01220110
013e0147
011a0139
01700165
01300207
01620121
018000ea
00d901b0
00e90130
010a00b3
00ed00fa
00e80132
00ef00d8
00f5012b
012e00e2
00fd0118
00e30116
014000ea
00f30118
01020139
014b0116
00f30167
0129015e
012500df
01550182
013200de
00ea00bb
01190139
00d000c6
00e8009f
00ea00ae
00ae0140
00c900b1
00ab0121
00d30080
00c6010e
00f80106
00c600c6
00d700d5
01970140
010600fb
0160010a
01b20117
0152014e
017e00fd
015501a0
01620179
01300132
01670137
01e00172
01a00111
0149012b
014e0175
01c7019e
015b017b
012200d7
010f016b
00fb0108
00e9011f
010a0155
011f00e9
01120119
00e700fa
00f20139
00f70129
010500dd
0130011b
0137017e
01520140
00f300fa
00d9011d
01900167
01300159
0165011e
012e017b
00f6013e
016e0108
0162015b
013e010b
00c600ca
00c000ab
00c700b7
00c600fd
011700e8
00dd00b2
010b00f7
00b900d1
018200da
00ed00a3
00dd00f0
01570135
00db012e
0157015e
012b0152
01290105
00bb0122
00c300c5
00ad00d6
00c900c6
00f200b9
011100ae
00e300f1
00e90116
012e0123
01300147
01200150
00e2015e
0179018e
0113014b
01900149
018201b2
01030149
010e00c6
011700e1
00bd00dd
00f80100
011000da
010a00ee
01b9011e
015b0117
01450130
0140010b
017b011a
01000129
011e0149
01350189
012e011d
014700ee
01820227
00e60130
018b0187
00fe0142
011a0112
011a0122
013000fe
00dd0132
00c900c0
011f0109
01270147
0113012e
01170100
014b0103
00e80102
012e0100
00e80122
00f60127
0129012e
0179012e
0149014e
0142011b
0132012b
00f10122
0108011e
014b011e
018201a5
014b0112
00f10139
00f1017b
01320157
00f100ed
00fe0145
00fe0111
00e300d1
00fe0112
011a0107
00f6010b
010f0129
01220160
017900be
019200e2
00db0189
01030172
019000e6
010800e9
00fb0113
01490115
0155011d
01170150
01600118
01270137
01790106
0101013e
0152010e
01200165
014200f5
01000129
00f100e6
012500da
01250101
00c9012e
00f000b8
016700db
011a0127
0123016e
00d900bb
01110112
00e8012b
00f10101
01030100
00e90167
00cf00ed
00e500f8
00d200f2
00da00d7
00d2010f
00a900c7
00de00ca
01600200
01770147
01350118
0139013b
01750108
017b01be
01590180
018b0139
01790167
01650227
01a900ea
01970182
00f90179
016e0125
01390190
01b50187
00da010b
00f300d5
01650101
01170108
011300fd
00e5011f
014500e9
012000c0
00ea0108
01420127
01090123
0192014e
01220105
013e0135
012b0109
00fa00b1
00f90123
0103010f
016900e0
010f00ce
00da0122
011d013e
01490125
01d90167
00c50127
015e0113
0150013e
011b00d3
010f0100
00f100e6
010d00d5
00ee00d9
00e0011b
00f50139
0116011d
0125010f
01420116
010300db
016b0119
00e200d7
00a000df
01490115
00f10102
00c600fb
00de0150
00c000c8
00d8011f
00d900c3
010500d2
00e900c8
016b0113
01190105
00cf0108
0140010f
012e00e0
00db00f1
01250115
016e0149
01010160
00f100fb
00d80130
01050132
011b00d1
011a00fb
00ed0116
014701cb
011e0122
012b0142
010f0132
011300f5
00e900d8
011b0106
010f0137
010b0189
01170125
010b0110
00f70159
0102014e
013b00ee
0106016e
00f500f1
01520111
00d901a0
01350132
012900e1
00ef00e1
00fd010d
011e0155
0102011e
017e011b
00e201a5
019b010e
011b0152
00f000ca
014900f1
01250145
0127012e
013b00b9
00e90113
011500cf
00d900fa
01490106
012b00dd
00e9012b
00ea00c8
00e500f6
010100cd
00e000d1
01100139
01290155
011d00f6
00b90147
00fe013e
01d000ee
01cb010b
015e00fd
010e0160
01a20177
01470195
0160011a
00c900d2
00c0008e
00e000c2
011e00db
01320111
00f8011f
00d000f5
00c100be
00ed0130
00ef00f1
00c000e3
00e5011d
01100135
00dd00ef
011a00fb
010800e5
01450132
01490155
010b0121
01590100
015500d7
00e700b0
01230101
01c00115
011f00df
010e01d9
013900fb
00d10127
00f501c5
010f00eb
01450142
011d0112
01690137
0111016e
0116018b
01550130
0101013b
013b011b
01650179
0117015e
0107010e
00e900d6
010a00b9
00ea0100
00c600ee
00e80109
00ed00f2
00f200f1
01600101
015e010b
016900f7
013e01ab
01110182
01cb0135
0185010b
01370187
01870172
0172013e
015b016b
01230102
01320103
01790160
016b0145
016e0129
01230145
01350106
016e0155
010f0111
0150010e
01420185
0189012e
016e0172
017000e9
016e00f2
0169016b
01270190
00eb0119
01800113
01520180
012b010f
016000fa
00e00110
011f0147
01870125
0120012b
0132012b
012700f2
01160150
01520147
01250179
01270122
01690162
0107017e
013001b7
0162015e
016b0137
00ff012e
012100e7
01550167
01470140
00fd0125
01320106
00f500fa
00e7010d
013000f8
01300169
0129010e
0125018b
01c20192
00e20142
011b0102
01270149
012700f7
012e0169
01b000dd
0165013b
01590185
01170147
01300139
015e0119
00ad00ea
008c00a0
00bd00b0
009a008f
008a008a
00950082
00990090
00b300d5
017b010b
016001b7
0152018b
01590160
016e016b
01050132
014e0155
00f100ef
01750185
011f0127
0147015e
00fb0137
012b010f
0142012b
016e011b
013b0130
01000125
0142010b
01080165
00f9010a
00df00bd
00ef010a
010100c8
00ed0150
00fb0172
00f60108
00ee0172
01450139
00f901c0
01290115
01520157
01920145
01500135
00e70100
00f600d2
00f8010b
011901be
01160123
013b0145
00f50103
010301a0
012e0121
01300169
00fa013e
00f3012e
00d20180
00d20159
00de0145
00d000f7
00d100f7
0105010b
00fd013b
013200a5
012700dd
00d90175
011b00e3
011a00ed
00ea00e8
00e200ff
00fe00c7
00d600ef
00d900f3
00cf00d9
00c200e6
00ef00fb
0125012e
00ea0119
01600101
00f1019b
0118010b
010600f9
00f00109
01290112
01e70152
017b0130
01620135
0182018b
01770140
00fd00e3
01eb0106
00ef0100
01570108
01670189
013b0139
01250130
01890147
010d015e
012b0175
00f70135
00fe0135
01600160
02220257
01130152
01350172
01450169
014500f8
00d00137
00e900fb
00eb00cd
010b00ce
00d30139
00ff00f9
00a70100
00e80127
0122011f
011f00d6
012700e6
01470140
0189012e
00f7010e
00f800f2
0170010d
00c900e2
009d00c8
00fa00d8
00fe00ee
010000f0
00b5010f
00d60109
012700cb
01b9011f
010500fe
011100ee
01590135
013b0142
011e00db
00ef0137
012e017e
00ef0120
010700e3
00dd0121
00b600e1
011200d9
00c700d1
00ba00ea
00ca00c6
00ff00f6
01060127
00cb00e5
00da011f
01050105
00f100f5
011800eb
011700dd
00cd00ef
00b30119
00de00f8
012000d0
012700da
00d70125
00ce013b
013900fd
013b0159
010700e2
015500f2
01390145
012b012b
00eb01ab
01110139
010a0130
012b016b
00fe0111
01220169
01650150
01970103
01270155
01180157
013e0135
01470152
01670130
01520150
0175013e
0167016e
01570147
018b016e
01ae016b
00e500eb
01250175
00c30130
017000fd
00e700f9
011d0139
01030106
00ca013b
01230112
01490162
00f600ff
01070155
013201a0
01370109
014b0142
00f900db
01c000f1
00d6011b
0118014b
010300eb
010d013e
01800139
01010169
01300130
00f000d1
01290147
014e0109
0147010b
01120130
00e2016b
00e7010e
00d000ff
010d0189
00cd00df
010800c0
00db0105
014200d2
0121011b
00eb0127
00ef0111
014b0145
00d30157
00e800df
01320106
0105011b
01080108
01870179
014e0121
00f3013e
00e80110
010a00cf
00d900eb
016e00d0
014000f1
010b013e
0169010f
013e00fe
016001de
01100102
010d00d0
00f100d8
00e500f6
00c600e3
00c800ca
014700e6
01b50192
011a0135
010b00d7
010d00ef
00db0120
00d200d1
00e9011a
012b0145
014b00dd
0132013b
0179016b
01d50101
019b00e3
0199014e
015e017e
016b0142
01120112
01720108
01870106
01170149
01a70169
01490147
01c20113
010600de
015000e7
01690139
010f00f8
015e0118
00d0017b
00ea014b
00f00125
00ff015b
011800cd
010e0125
013000f5
01ae012b
015700fb
0125017e
010b0159
00cf00e2
00d50135
00ef00c3
00f300d7
00ba00bf
0106012e
010a00b0
00c900de
012901be
011f0132
014e0135
01690127
01190113
01450123
01a50108
01150172
00d600d9
00d90102
012e010b
00e5017b
013501a2
013000ff
012100cf
011500e6
012500e6
0145011f
012b0122
010f0160
015b0105
01b5012b
01500112
017200f1
015500f3
00f9016b
01690147
00fd0109
012b00e8
01d200f1
010b0140
00f3014b
012e00f6
0120012e
010b0157
012e0182
01120121
015e0111
0149014b
0170011e
011a0113
01090165
00a300e1
010900f7
00d100e9
00b700bd
00bd0107
00df00b1
01000115
01a00187
01500130
013500ce
00e80135
01590129
00f300ef
00f00119
011600e5
0149014b
01170162
010b00e5
010d0113
012e0140
012e00da
013200f2
01420125
011a00fb
01010107
01800185
01050140
011f013e
013700f5
012b015e
01800155
00fb00eb
012b0135
01490129
01020149
0120015b
01450127
01970127
00f70185
01080172
01600165
00f80106
0129010f
01230147
013e00fd
013200ee
010101b9
012b0170
0130011f
00eb0115
0120014b
01180149
01230116
011000da
00f60199
00d10106
00e00123
0107011b
010000fb
018000b9
00e60111
00ff0101
01150130
00ff00cd
010a0129
0189016e
0137013e
00f10177
01a20112
01650157
00f3011d
01550122
01030109
011a0112
012500df
00e80150
00fb014e
011a0116
011e013e
011f0197
00f60150
01450150
0150013e
012b0147
010201b5
011f01ab
00e300f8
011f0132
00b500d8
011100f3
010100d8
00bf00d0
00fa00d7
01100125
010b00f2
011b00f8
012b01a9
00f00120
01450121
0147011b
00ef0113
015700e2
00ed0116
01e001c0
00eb0132
017000d3
015000ca
00ca00fd
010b00e3
00ea00b2
010d00da
010b0132
01490149
01080169
01090110
00f90169
013200ff
00cd0120
01090170
010b00e6
012b0108
00f600cd
01300106
01420120
016e00e1
010f00d8
01080130
01370175
010300f3
00d3013b
00e600e0
00e80118
0132010a
00f0010a
00e100ce
01090101
012300f2
00dd011b
00db012e
00f100d2
01110147
00e70112
01150130
00fa00e8
016900e2
00fd0118
018000f2
0121013b
013e00f8
011e0105
013e0103
0169015e
016b0139
012e0119
01400199
01c90150
01230137
01f501e2
00df0152
00830065
0083006f
00e70070
00820089
00a10081
009b009b
00cf00b7
00fe0112
00ca0180
00e7010f
0157012e
010b00ed
010d00c6
010f010a
010e0137
00f60113
014e00cf
01390123
00f60116
00f0018b
010900f7
014000f6
00f8016e
00ef00f2
01230140
013000f8
01570112
00ff0122
00e30139
01070107
014200fe
0145014e
01450185
00fd00ea
0107012e
00f9010d
016b0167
011a00f8
01180177
01890140
01230187
01070175
0169012e
013201b5
01850132
011901ab
0150018e
01350135
01050117
01b00149
0162018b
01620139
0150014b
0125017b
012e0121
01450115
012b00fe
011900dd
00f3013e
011d0129
00e90129
010a00f7
00df00cf
00f6013b
01230122
013500fb
01210117
00d90108
00cb0139
011300c8
01200137
01270122
00fd00f0
00f7012e
00f900af
016e0170
0116010e
00aa00e8
013700f0
00dd0197
010e00b0
00af00e3
014b00b2
00e700fe
00af0106
00d100bd
00b200db
01350152
013700ea
01180159
01350167
01450109
01320120
01ce0115
01890101
01220132
013701a5
01150149
011501c7
0129011f
01320122
01670119
00f10159
01160117
011e00ff
01370160
010e0132
012b0129
00d900fe
01170110
00d1012e
01a70127
011b00d5
011d00e8
0105011b
00ee0106
010a0113
00e90103
01250102
00d60101
0102010a
010a00e3
010000f3
00fa00c8
011300f8
00cf00e2
00f30135
00b70135
0115011b
01a90117
011300fa
01700137
0130010b
011700e8
010e0199
01d201ee
0177017e
01550123
01720142
010301fe
010800f6
01790162
013b0169
011700fe
013700ee
015e0145
010d0147
0175017b
01150229
01520170
01250123
012b0229
015b01b7
01cb012e
01b2013e
01670167
0182016e
01470135
01350182
015e012b
00db011f
01200118
00d50118
0129011b
00e300df
00d000e6
00e60129
00ed0127
01420150
01470147
01470177
01550129
0167011b
01090142
010e0102
011600c8
019e0179
01550187
01400127
013b00ee
00c00145
01160112
00ef00ee
015b012e
00f100fe
0150016b
0119019e
013700fe
0130017e
01120142
0167013b
01020137
016e0103
01400137
01350106
00f50147
01950129
014b00ee
015e0167
015e0117
010200f8
01350129
01270137
011a0140
00cf0140
01220140
00ed011e
016500f0
01550108
00fb0147
01120170
012b01c9
01420167
01470139
01570125
010700fe
010e0103
00e10100
00d80115
011f00f1
00e90103
00e700da
00c600f3
01500172
01820109
01e000f7
01de0180
016501c5
01a501f2
0192016e
01ae0177
01750132
01160169
0132016b
013e0132
01a7011f
014b00d9
015b0127
00f1012e
015e0199
01290112
01160157
01700112
015b018b
01f90152
015b0185
01770172
010d0115
0121010a
01190165
012e0101
01450137
01490115
01ae017b
01570177
00f100f2
00f300d7
0140010e
014e011f
01570139
01bb0115
01080145
0172011d
00d00115
01030122
00d500dd
010d00cf
00e1012e
00eb00ee
00f100fb
00ff00d0
018500f5
014b0130
01400139
01570125
012100fa
01300119
01300152
0157012b
00e6011f
012200d8
00d50132
012500f9
01420103
010800de
00f000d8
00d300c3
01270101
00ff018b
00fb00d2
00ab00e6
00aa00b1
01350108
00ae0091
00d500c6
01450119
01250159
01c00132
01600177
01950155
01400157
017b0101
012e0149
015900cb
01600195
00f5014e
00e900df
00c30115
01400103
013e00de
015e00e7
01250119
012900ba
00f3010a
013e0101
00f30105
00ff014b
018e00ea
01570130
00ea0189
01110122
00d00109
011200e5
00f3010f
00f90120
00de00f2
00e900e0
00c700b9
011900fb
00c200a9
00cd00b2
00c000d9
00ce00bd
00b800b7
00f500e2
012e0160
00fe0119
01690157
015b01c5
0127010b
016b0120
016e0137
01150137
0170012e
01db0115
01160140
014001a0
01200175
013e0172
01210195
016b01a5
011900e0
00a30117
016500f2
017000ee
016b00e7
00ae0100
00e200f9
011b0106
01290137
00fd0180
0157013b
0170012b
010b015b
01600159
012b0199
00ee00e9
0152010d
013900d0
01420165
01ae01de
01520105
018e0150
00fd0130
0111013e
01230103
00c000d1
00f90102
0150012b
0100010a
00cf00f3
013500b7
00f5011b
0175012b
014e0142
01400137
01750139
01a0015b
01400160
01770185
01620175
00fb0142
010f0162
01100179
01690113
011f017b
00e50121
01350177
010f0197
00f00119
00ce00eb
011d0110
00f700d7
00f000fd
00fd0117
013200c5
00cd0117
00d200fa
00d600b0
00c000ce
00ea00ed
010300cd
00f50117
010b00df
00f500f1
012b0106
01270135
00e5012e
015b00f3
0122013b
01750125
01300155
013b011d
010e0105
01550122
01320117
01b500f9
01350111
01790132
012e020b
0109015b
00b600b3
009800db
00cf0097
00ab00c7
00b500be
00c20099
00df00cd
008100cd
012900f8
00de00de
00b00106
010b0125
00e9012e
01060130
00c600e0
00e100d6
013000ff
01110159
01b70108
01490170
01be016e
016e012b
018201ae
01600159
01300103
0147010d
00bb00f3
01520132
010500ed
010700ee
012500f9
01590117
01180132
01650160
010d0139
0165011f
011e0113
0175010e
00c60111
010b010a
00ee00e9
00ed0125
011a00da
012300eb
012b00f0
010e00b5
010300fa
00df00c0
00df0117
011200ce
00e000bb
00ee00f3
012e0107
00f10106
00e90105
01020139
01920130
01600139
01c201b0
0192012b
018001a2
014701ae
014b0157
01620116
015000f9
01450132
01370108
0135012b
012b010b
01110116
016e00fe
012700e6
0179013b
01370108
00fb012e
00fb013b
01750115
016b012e
01290140
01300135
01890200
01820140
01720112
015e010b
0100010e
01470175
016e00db
015e0127
0165012b
00f50129
01ae0102
015e0132
012000f9
01900162
0117011f
0145017e
01350116
01720157
00fd0105
011800df
01a20167
01190130
01350130
00d900fa
010800fb
011b0175
00db0130
011d0108
00fa00d8
00e800f2
00db00d2
00ea0111
01400169
010a00f2
01290127
01350179
00fb00ff
01400197
00de011f
01190169
00db0159
00f7011a
00f700e7
0108014b
0107011b
017000fb
00fa00f2
00f800e7
015e00fd
00f50122
00fa012e
01890132
00f20169
0118012e
0162012b
01700185
00f200f3
01350137
010101d2
0135010b
01370180
01220127
01420113
016200fd
013500f2
01490121
015500de
01400130
013e0129
013b011d
017000fb
01320109
01470187
00f50105
013700f1
00db00ff
00ff0170
011a0137
011f0139
014200fe
010d0137
01030160
0112012b
014b0105
01470135
0132012e
00e501b9
010a0137
012700f7
0149013e
012901b2
015b012e
01160117
01120123
01300115
0132011a
016e00f7
0160013e
0185014b
0127010b
012900e3
012901a7
014e010d
01270135
01390140
0102013b
01720145
017b0150
01160115
016200fe
0180013e
00ea0101
00c700ee
00d200e2
011900b5
011500e3
00f900d2
012700d6
00b20108
00d900ed
00f000e3
01350101
01c70182
018900fe
015b00e9
00f70120
016500fe
013200dd
0142015b
00cb00f5
013e0132
015b010d
011000db
01db0117
017e0106
01370116
0139011e
01700159
01150187
01010157
011b0150
01400129
01220116
01570169
011d0101
00b500ef
012e0120
00d9010a
00fb01a0
00de0139
01270122
00f8012e
014900d9
0169012e
00f3012b
01230125
00e800f2
01030108
015b00e3
00fb0129
014e0115
01320125
0175013b
019b0172
01ab01a9
01550152
00fd0123
010a014e
010300d9
01390145
00e2011f
01300125
00e600fd
01370179
01300113
00e000f6
013900e6
012500ca
01670139
01250119
00db011b
014b0103
014701ab
014900de
014700fa
013e018e
01eb0192
01470157
01130135
00fd0185
013201b7
0142019b
01070160
011b0109
00f1011b
01390199
00fb012b
012b00f9
01050116
010e0167
00f100c8
01600152
01370139
010e0130
00de0125
01620147
00fb0170
00e8012b
00ef011e
011900e8
01470107
014900fb
01020195
01060170
0169011d
0137012e
01350129
01070112
0157010b
01650155
01a9016e
0135014b
011a0187
01750137
010e012e
01650113
015e0192
01000139
01720135
019b0122
0180018e
01700139
01890132
011500cd
0132013b
00f100f3
01120106
01220182
01350116
0132013e
011e00fe
010500f5
014e00fa
013b0118
012e0139
01220177
014b00e5
014b00e8
00f00112
0123010b
01120122
01700132
01150109
011700e6
01090107
015700fd
013200db
013b0167
00e60147
010200fb
00db00f6
0140010d
0102013e
00da0130
01020121
011900f6
01a7011f
01400192
01420137
01790189
011f01a5
0116018e
01270142
014500d0
0137010e
015e0115
00f20132
00e50167
012301a9
011a0185
012900f2
0197010e
00fe0152
010a0123
01690159
01420109
01c000f7
016e015b
011700f5
01870107
00f5013b
00fb0100
00fb0122
0135013e
011d013e
00ed011b
00fa013b
013e00f5
0147010e
011b0123
011d0119
00e90129
01110130
0137010d
0105019e
013b00cf
01790155
012e0145
010b0135
011e0135
01620140
01a20116
01700109
00f500ef
00ed00ff
012000e6
0160012e
010100e7
01370132
010d0127
00f6013e
017e0102
016e014e
01690152
01450140
019b014b
011f012b
01650111
013500d7
01950165
015b018e
00df0115
00db01a9
01160145
011b0157
014b0108
010f0130
01050113
01670139
01490187
011a0142
01750130
017000db
01370127
012200e0
01470130
0121012e
01690132
0125010a
00e60132
013201a9
0132013e
012300e1
01300130
00db0139
01570150
013e0139
0102015b
00ea011f
0162017b
0119016b
00ce0130
013500e5
00ef00f2
014200e6
013700f8
00e000e7
00d200d2
012e0109
014500fb
00f200eb
011600e9
0169010e
00d800e9
010a00ee
00cb00ea
0125013e
01550149
011a011f
017b0152
017200ee
010a0159
00fa00e8
01250117
00ef0118
012500f0
00b000fb
00ca00d7
00e900c6
010e00c2
012b00fe
00e300aa
01150169
00e900e0
00f700d5
011100de
015e00f0
0107010f
011e010a
019000c5
01100127
00c200d7
01000132
00e500e6
00fa011d
00d2012e
00b800d1
00de00ba
015e0112
012e0125
01600101
00f5014b
01450129
01370116
01490177
0140014e
01450149
00d50108
015500ee
00f5014e
00f6010a
00f10113
016e0100
013b0149
00eb019b
014500e3
014500dd
00f9011d
01170101
01570100
00fe0113
00eb00e9
00cf011e
00c600e6
00d8013b
01590129
01020107
00f000f6
011500c9
01570119
0140012b
016e0175
010e013e
00ed0149
01080116
010e0135
018b0169
011100e6
00f200e7
015b0169
01060116
01370123
010f012e
011000d7
014200ef
00fb00f5
01720139
013001a7
0157011b
01220116
01470137
015e018b
00fa015e
01060132
00fd011f
00fd00d6
015e0111
011601ae
012e010d
014b0197
0117017e
013701b7
012200f2
01450130
01590137
01820165
0147011a
016b0109
0125011d
01300130
0149018b
011500fd
00ff0175
01620105
00e70175
01030122
00db010a
01800123
01400129
012b0155
01370185
0130012e
01300140
017000e3
013e0107
01420127
010a00bb
01500177
0127010d
00fb0159
01270145
00f600ea
0122012b
00eb00f6
012e00cf
01750142
014000ed
012b0162
010b00fe
01520116
013b00bd
012700fa
012000f8
012b013e
011d0190
0137011b
0149017b
011a012e
014b0132
01320167
012200d3
0100011d
012700e9
010d0150
009900d6
00f10167
015700e7
00e000c8
00ff010b
01800139
011e0127
01500155
0102015e
011200d6
011d0122
014b00f3
016000f8
013b0187
01420159
010e013e
01470197
0125010d
01290155
00f80135
010700f5
0112011e
0159014b
014b0142
012b0101
015900ea
019b012b
01800150
011800d9
01920101
0185011a
01290135
01700155
01b900fb
010d0132
01010107
010601a5
016500fb
00d20127
00fb00ff
00d100e6
010500b6
00e0010b
00d100ab
00ea00c3
01290142
01270169
00f600dd
011a0132
00fb0132
01160117
0139010a
00c80127
010100d2
00fd00f8
00a100f8
00e800f9
01210106
00f90110
011500e5
00f600f6
00fe010f
01090129
01150129
014500c6
015b00ee
00f8011e
0130015e
00de011d
014700fa
010e00e2
00e6011e
01d900e3
014e0140
00ff0137
00f100eb
01320121
0130014b
012b01a0
015e0177
010d0101
01570157
01300137
00f6011f
018700c5
011f0108
01350157
013e0111
01270125
011500fb
012b012e
0103011a
01100113
014500e7
01570122
00fe013e
0123014b
012b014b
00f60140
01690142
012e0145
014e015e
01350110
0103012e
01220123
01700152
010d0125
0142011a
0149016b
01350105
01450130
020e0152
010600de
0182013b
01110147
00f9010e
00e30106
0120015b
012b011d
012e00fd
00f80155
010f00fb
011001b2
0118010a
016e0162
00d30142
014b01d9
01450172
0222014b
016e0130
01850172
01c00150
01300118
010500f1
0145011a
010e011d
014e0132
014b0155
01570142
0147016b
009e00c6
00df00cb
00c800cd
00be00d7
00d100ee
00b30137
00d200ee
011200aa
00ba00e6
012e00e9
00e100f2
00fb00c9
00cf0123
00e200f7
00f800e7
014500f6
00f3010e
013e00fb
00ef0160
01060182
012e0123
01700142
01000130
01370152
014b0132
015900ff
014b0152
017e0197
0137014b
0121013b
00f300eb
012000fa
016e0107
01870155
013b012e
00d70109
00af010e
01170112
00f70169
00b800b9
01270101
016e0135
01270113
00fa0115
01180100
010e0142
013b0157
01250127
00e70117
01150135
015b016e
00c90101
01370127
011500ff
011e015e
00d30160
012100df
01450182
0118011d
01a00147
01370159
0137012e
015200f8
013b012e
00ee00ce
00e70135
01490107
0190013e
01450152
01450121
0142016b
00fd00cb
010e0145
01350111
011b00da
01490177
00dd013e
01890129
00fd010f
013b01e2
0177016e
01b00129
0118011a
01450157
015e014e
0157016e
012b0149
0172015b
00c60162
00ba00c2
00f800d2
00b300be
011f009b
00fb0083
00a600e9
00f100cd
014700f9
01130160
01350109
018b01a0
0140016e
01210149
017201a0
01570189
01120111
017e0139
010900dd
01720159
011a00ff
011d00fb
01210100
0139011a
00f90103
0197010e
01270165
00ef00f6
014501b0
00de0102
01300150
010800f9
013b0142
01700119
00fb0135
01a5012e
011d0117
01490170
00ea0130
01160108
015701a5
011d00ed
00c500da
0111012e
013e0105
00e70139
01b900ee
00ea0125
00df0147
011e00e5
013e00f6
00f50135
00d9011f
0100013e
012e00fa
010d012e
012100ee
011100f0
015b0157
01990120
014b013b
012b017b
01250100
00d20122
01a500eb
013200e9
011f0189
01420109
00f60107
01300182
01750119
010300f1
00fa0159
00eb0113
00e80140
01050157
00eb012b
01b5011a
01010117
01220139
017e0157
01370110
011e0150
012b0150
01300109
011f00e2
01000152
01450145
011700fa
01420155
0123016e
013e011f
010f0112
011a0108
00d20159
01100130
015b013e
011a00e0
014b0112
0157010d
01720107
013e0139
01900179
011d0121
016b00d9
01790155
010100ed
00c600f8
012e00d3
011700c9
01010117
010100a9
008500cf
00b10082
00a50096
00bf00bf
00e800b3
00a500c3
00d100bd
00ae0081
01620112
00fb0139
012000de
01060123
00e10132
01170108
01370113
00df0179
01b500fa
00ff0142
01270142
0105013e
012000f0
011000e6
015000f5
012e0137
00f300dd
0127016e
01320177
01190155
012b0115
01490117
01990112
0167011d
01370147
01e901a5
012e018b
010501bb
01470195
01820139
0139012b
011b0108
012b00d0
00d90113
01470157
00f1014e
012e00f8
01190147
00ee0130
012b0119
01e2010f
018b0129
01500132
014e0170
015e0162
017e017b
01550122
016001c2
013901b9
01230120
0110015b
01160122
00c7014b
016e0129
00fd00d2
00ff00e2
00c90197
009500b9
00b3013e
01890097
00d100f8
00c70079
00e800d2
00c300ad
0132012e
01170155
01370125
013e0142
014e0130
01390130
00c60135
00f60142
014700d3
0123010b
01370165
01320108
010d0145
012b0125
014000e0
00f9019e
00ff0105
012e0125
00cf0106
0135011a
01000100
0112015e
0108010d
012700e6
00d300f9
015500ce
010a010e
0129013e
013e00e7
011300ce
011f010b
01cb0103
02a5018e
01c201d9
00f70107
01150185
01cb011a
018501c0
01f501fe
01c90199
00c50150
011b0112
00cd00c9
00ba00e8
00df00bd
00a200ef
010f00b6
00bb00b3
00bf0132
00cb00fa
00dd00fe
00de0170
00d90109
00c8009a
00db00e1
00d000d6
01220152
013e010e
01120175
010000fd
01490137
014e0108
012500dd
01230123
0100016e
00da010d
010a00ee
00de0122
00df00e0
00ed0115
011e011d
00c90167
012b0155
01070132
01420145
012000f7
00fe010a
010e0152
01000139
00e700d8
018b0139
011d0106
01750101
01400180
0108019e
011a017b
012e015b
010b019b
00fa010a
013e00f5
011e014b
010d00fa
01290149
00e7011f
01300127
018700f7
012b0145
0108011a
01600132
012b0111
010f0135
015e011b
01320127
013b00fb
01500100
014e01a2
00e700dd
01590106
00fd00fd
00d800f2
013b0115
010e0106
0140011d
01270117
0132010b
01450145
015e0167
018e01ae
01570150
012e013b
015b0177
00f300dd
01720129
011900e0
01490142
00eb00e9
010200e9
01060157
01160165
00d100d0
012200ea
010e00f9
00f50142
01490111
01270100
01c20130
011a0195
00dd0111
00f20106
0182010d
015e00e6
01490160
010e0132
00fe0150
00ed0125
00fd010a
01670137
01450110
011a011e
01550209
016e015e
01590150
00f700e7
01400129
01110142
01be010f
016700f9
00d7010b
01350102
00dd00f8
010a00f5
01520109
012e016b
00fb00e1
012b0107
00f90132
00d30112
00ee0111
012e0149
015200f2
01470175
018000fd
0125014b
01550137
017b0105
01420149
018e0125
015e00f1
01190108
00f800f8
00d800d8
00bb0132
00e900cf
0108011a
01400123
00ee0115
014b0137
01190179
01590172
01590129
0117017e
015b013b
0132010e
011e011d
0147011b
01a90139
0152012b
015e0150
01990101
01800139
011700fa
00f30127
015701ae
01200149
012b01a2
0147011b
010a0142
012b0108
00f0011f
010f00fa
00ee0179
00e500c7
012000f8
00ce00c8
00d600df
011d00ed
01120119
010000ce
00fe0121
01b20115
01300125
017500f3
00e900d7
01390135
012b0142
00f10100
00d9011b
010f0145
012b0129
012e0142
01890135
01490139
010a0160
014b0160
0101012e
01300135
0117010b
0169012e
01790130
015b0199
011000bb
016901ab
01370149
0132018b
0118016b
013200fa
0116013b
011f0102
01650157
014900cb
01320130
01720109
0165014b
01870179
00f90162
01590137
00d60182
00f70189
0121010f
01300125
0105019b
014200ff
010d0130
01010129
01320145
00fe0140
00f70142
0145015e
012b0137
01160147
014b0120
01320155
012b0127
00d300f1
011d0121
00eb00ea
012700f9
015000e3
013700f2
01050169
0106012b
00d600f5
00e900f6
014b016b
0132011b
00fb011b
0102013b
010e00e9
01080135
01050119
01b900fb
010a0110
01270107
0145010e
00f500f5
00e90125
01550197
015e0179
01620105
0147011d
01900139
01500142
01500195
01a0016b
00e8011d
0106009f
00ee00f8
00d100e6
00ef00fb
013500fa
00d100ef
00d100fb
013b0185
012500e0
014900f9
00eb014b
01090118
0115013e
01110142
00e9014b
01c20102
01500187
0113019b
00fd00f3
01a7010b
0117013e
01320121
00f20130
00f5011d
017b00f2
01770142
01600137
02370145
01670107
015e00ef
0100013b
00f30149
011a00d9
01450147
0101010f
012e0117
0106011d
010a00f7
01370118
011000fa
00b50152
009300cb
00b800c7
009e0098
00af00c0
00af00cf
00ad00b9
0157011b
01290135
01670101
01a9014e
0145011d
01190122
01320150
010f0142
00fe0111
01230125
00fa0111
010900fd
01020132
010f00c7
00b00120
015500d3
010800d9
0150012b
01590179
01400147
01210121
00f7011a
01650129
011e0135
00f501d5
00ab0107
00c800a2
018200b1
012500c3
00c600b2
00d800f7
00fe00eb
015e00fd
01190101
016b0139
01b00167
013b010e
0109016e
014b0160
0165016e
011300ea
0159014b
011e00ea
0150011e
00c500f7
00f30122
00d300e0
010f0139
010d0117
01250182
0142012e
00e20139
012e00fd
01020101
018b011a
011f00ea
012b0152
013200f6
014b010f
0162010d
0192011f
012100ee
01170157
010a0160
01c70155
015b0116
01790185
01290180
011d0132
01350132
01320152
00ed01ae
010b013b
00e20137
00dd0116
01210177
0165015e
017b0139
01350149
0132014e
00da00e0
00d100ce
00f30125
00c10159
00a700dd
00db00b7
012500bd
00ee00f0
012e0125
0123012b
01500147
00f80185
01400157
0152014e
01590113
0127017e
0117015e
00fa0118
0167011a
01420152
01800127
01520177
0132010b
01050160
01820140
0122016e
013e017e
01720130
01350106
00df013e
01290139
00c80110
015900fd
014e0147
01820120
0139011a
01b00127
00ea0118
01570167
013b0129
00e601d9
00f300cb
00f60127
01c200f1
00c300d6
00b800de
00eb00c6
00fd00b8
00c200a9
00c800b2
010200fa
011f00ee
00b100fb
00b00132
00e100e2
00c600cf
0192022e
01120132
01e5015b
01570180
0160014b
016201b7
015901b9
017501cb
00e500f5
010d011d
00d500fa
00ef0130
00f500fa
00ef0103
00f6012b
014e0129
01400125
01270132
00a500d5
00b700b3
00d100b3
00d000d3
00dd0098
00d800f7
011900f0
00f70157
0118012e
011d0120
00e600f9
010e00c9
00f100f7
013000fa
0127011d
01390169
01350113
013b01c5
014b0185
01470129
01500155
017e0152
00f00116
010e0127
01390100
017000fd
01400105
01790189
012e0129
010a0113
00e700fb
010a0120
00fe0145
012100dd
00f70137
0106013b
01290130
00ed0115
00de0106
00ff0113
018200ea
011f00f1
00d60142
01150109
00be00fb
011e011e
017e00f6
011700f0
0119015e
0139010a
0130013b
010b0159
01290129
010000fe
00ed0129
017000e9
01050145
01420132
0142013e
01850106
01010121
00f50125
01590165
01a2017e
0189010a
017001a0
01900147
01620182
01a00142
014b01be
00f7015e
00f300f0
00d90159
0120013b
00ff0105
00eb00f1
00db011b
00f2011b
018e01c5
01210110
01170157
01750179
013e00db
01420152
01520149
01270209
010200f3
01570179
00ee010d
00c50111
00da00d7
00c20103
00f000b9
00d000f7
017000ee
016e0123
013b0139
016e0165
01250142
012300fd
01210129
01250145
0103011e
010500c9
013e00ee
012700e2
00ed011f
012e0157
013b0127
01120113
012e0115
011001bb
0115013e
012e0101
011d0132
0107010a
010900f0
010e00ed
00fa0145
01790129
01210145
013b0167
01420165
016b010a
00f9014b
0150019b
015b0137
011b00f8
010f00ea
0149010d
00f3013b
017e0180
01000130
00cb0142
010f0127
01be00e0
01390185
0169016b
01a5012b
010e015b
01080113
01570147
00ff0177
010e0101
00fa00e0
016700f1
00f9013e
00f000ef
014000df
00e8011b
00e60132
010e00fd
00e800ed
01150169
01020127
01590108
010900eb
00e60105
0162010a
0162012b
015e015b
0149012b
0187019b
01490137
0116011d
0152010b
010200fb
01390152
01470100
0160015b
00e800f1
00fa011a
01080142
016700de
01080147
01370155
01170157
01620103
014000e7
00c700e7
00e300ff
00d60117
013b00f5
012b0147
01350142
01130195
01190130
01520119
00f300f3
010600ea
01500100
01200155
01170119
012e0132
012b00f5
010000d0
010a0192
01190159
01350149
01290121
013200f1
0182012e
018700f3
012b0125
010d0145
01250135
010f0107
00cf00c3
00d500d9
00ea0112
00c800f3
0142010a
00f000e0
011200ff
017000e9
010e0172
01570182
00f6017b
00ca00e3
00ce00ef
00d900f0
011100fe
016e00f7
01a0014e
01570121
014b00fd
01920165
0113012e
00d00137
0121013b
01060190
00f6011f
0109015b
012700db
012b0139
0121012b
017b01a2
015e016b
00e20185
00fa0132
01b70169
0135016b
01c000f7
0147012e
00f900e3
01080197
01450187
013b0103
011e010b
011a010b
011d013e
01270115
01b50108
012b01b2
015e011a
015500d5
01650132
0155015b
0125019b
01670127
014e0170
01350105
00f500cd
01300160
01500119
00f10159
01820109
013b010b
010a00fe
0132010b
012900d8
0107017b
00fb01b2
01490147
01450135
01490103
00f20100
01a5019e
01870122
01b900e9
011d00f2
011e016b
015000eb
01520150
019700eb
0106017b
00fb013b
01350129
010300f1
00eb00e0
017e016e
013200f3
013900f1
012b0111
00d50108
01370115
01160113
00d900ef
010300d8
010800db
00b200fd
00e000d0
014200f8
01370182
0139011b
0145011a
012b0139
01400105
00fe0108
011b0132
00d600e0
015e00e1
01e500c3
013501a5
0120012b
01d00180
012e0159
019000ee
010000c1
01210129
011f012e
00fe0155
00f70169
00e100ee
00ff011f
00f20152
00f80132
009200ed
014900d1
011d00fa
015200fe
00fa0137
010700d8
014b00ee
010901b7
00fb011a
012e0110
00e70139
01790106
0150015e
016e0125
013200fb
01500152
011d00f7
00d700f7
01130179
011a0111
014700f0
00d70145
0149011d
00ff00f5
00ef0185
011d00e1
012e00cf
00f2011d
00d50107
00dd00f1
00d0012e
00de00d9
0120013b
00f8010f
01550125
011b0109
00e90152
010800f2
01060102
01210150
0162012b
01230108
0170015b
01320135
013701a7
0139010e
01390113
00f500c2
01370140
010a0122
01250119
00e30112
00d300da
016b0132
00e800f6
01850107
0103010e
017700ea
01180159
012500ff
01470147
01b2015e
0130010b
011a0106
01720113
00eb017b
0103011a
012b00ed
01350108
011b00ea
010900f9
00e60106
00df010d
00ef0101
011500f8
00e800e6
00f0011f
00e800f6
00e900f0
013b0185
010f0115
0100011f
012b0107
01130135
01750150
014200ea
01300116
0155014b
012b0132
01600127
01890130
012b01b7
0177018e
015901b2
0192014e
014b01a0
01520118
01270142
01890150
011e00ff
017e0140
011200f0
01600121
013200fb
012700c2
01070105
014e00d5
00c800ca
00f3011d
00df00fb
00d700d9
00e30167
00ed0127
011200f9
01520175
0137012e
00f300f7
0122012b
00ff0123
0132018b
01010129
01470118
014e0101
011e0162
01600137
0185013e
015b00ea
0121010d
00f1010e
0102010b
0129010a
014b00f1
01520129
00cb0180
011d00d6
00e30106
01450140
00960110
00850070
00a2005d
007a007d
007b006e
006e0075
014000f0
01450108
00fb0155
01770179
015b0185
00ed012b
01690129
01700140
0157018e
01270185
020b0160
01150179
012e00f3
012b0159
012301ab
0135012b
0129012e
014e0132
00fb00f5
00ef0127
00e600ed
011b0145
00e30111
01350132
0109010e
01350145
01180106
010f0142
010d010d
01370102
01080159
014b00f3
00e9018e
011800da
00fd017b
00ce011d
01850103
015b0111
0142017e
012100f5
01010160
01270142
01690129
01190177
018b0162
010b0129
00f00167
01590132
012b011d
01250127
010e0116
014b0160
00ea012e
00ed010f
01080155
00f7011f
00cb0169
00cf00db
00f000c9
00c600ed
00b600cb
00db00ca
010700c9
00be011a
019e0169
0110012e
011b0142
01a00127
01700155
01370125
01570169
01590147
0101010a
01080111
0139015e
017b0132
00da00e6
00e3010d
00db010e
00d70129
011f011d
0155012e
010700f8
01230155
016500ee
010f0129
00d100fe
00c5012b
01350115
012700f0
01570147
0140010d
01450145
01010120
01400140
00e300e8
011a00d7
00e500d2
00d70123
010e011f
00e80160
00dd0105
010600d7
00cd0130
010e00ea
010000d8
00c90119
01290110
00ba00e9
00af0140
011000d1
01250111
0113014e
012300e8
010200e9
013e0118
017e0155
00f30152
01390113
00c5010e
010300cf
012b01c5
00e80162
0120010f
014500f2
010300d6
011e012b
00b900e7
010500d0
00ee015b
011e0117
00fd011f
00f500f8
010800ca
00fb0108
00d600d8
012e0106
0123010d
01180150
00fd0165
0132014e
00df00fa
0149010a
00fa00fe
01130103
01350149
012b0180
01a9014e
00e10120
015e0152
00f90142
010b0137
00df0111
00f70115
01090123
01150137
016000e5
013500fd
012300fe
00fb0155
015b0160
01320100
0177012b
00f6011a
00e50130
01470130
00e30119
013900fd
013500ea
017b01f0
01350130
0117015b
015500f9
011f0139
00e1013e
01570147
01720129
0110011f
012b010d
014e0113
01400147
016e0105
01320142
01650172
01270147
01400103
00ef0155
015500ae
00de0119
016e00ee
010200f1
00fa00cb
010300e3
015b0137
00fd00e0
019b00e0
00fa010d
014900cd
010d011f
00dd011d
011a00f9
010901d7
0130019b
0137013e
010e0160
020501a5
01690155
013e015b
014e0112
01470150
00f60187
015200c2
0120017b
01210139
015200e2
01150116
00f600b1
01210180
00e70135
01450135
012b012b
013e00f8
00f20147
00fb00d6
015e0160
01160130
018201b9
00e60149
015b0150
01390162
01300195
01390139
00df0119
00db0130
012b0137
01950180
012e0142
014e00ed
01c20116
013500cd
010f00e9
016200eb
00eb0120
0117013e
01590132
00f90107
0101013b
0152012e
00c10139
010100fe
01120159
010f0117
010100e5
01110147
00d10159
00c800e2
00e30140
00c60169
00d100d5
0140013b
01050132
00f50098
012900e1
00cb00fb
00f30121
011700fd
0137011a
00e000e0
010000cd
011a00da
013700f3
011900ee
013b00e5
01230112
0130012b
014b0189
0130010d
01020111
00e6014b
00fa0170
011a0142
017b011e
01690123
010f010f
0197018b
01250140
01080118
011b0155
015b0109
01820137
01390127
01390110
01030132
01600105
016900fd
0162013e
0157010f
013b0120
0152011f
015e00d7
0127011e
00e50123
01650149
00f8011b
0115011f
00f10120
00f10122
010700d2
00be011d
01120103
00f000f9
00c700f5
00e100e9
010f0129
01290162
01300129
00fa010a
014b013e
00fe0147
00eb00da
0123010b
01120199
01490165
01320116
01590130
01370179
012900d1
00fd0169
0162010a
01400106
012b015b
01420140
01000167
01500129
010d0117
01450147
010f0150
01010139
01490137
00dd0116
01150130
00f100df
010f0115
012b0179
00fa00da
00f800fa
00ee0115
013b0135
014e012b
0112010e
01470127
01290189
00e600e3
0109014b
019900ff
00f20121
01900140
010700fd
00f100f9
00e50169
011200ff
01720103
013200df
01050123
01150112
01320165
017b00f1
011e0190
014b0125
012200fa
00fd011a
010f0147
01350112
011e0145
01070150
00da0118
014e0123
01e2011b
01000115
01110159
016900fb
01670167
01650150
01600127
01520120
00f700f0
00da00eb
015000e0
00bd0139
011800f7
00ae00c8
00c300ae
015900c7
01920197
011a0112
01290129
00de00fb
011200c2
00e900e7
00ee00b6
014e0103
01160120
00d300fe
01590121
00ed0155
010300e2
010b00d5
01390121
0120017b
010e0167
01030110
014e0106
01250135
0135014e
01130118
01270107
01030135
013e0160
01600117
014b0159
017b0149
01210165
00f20147
01000108
01180145
0175014b
0127010f
01870160
00fe0132
01c90142
016500de
013200f8
00cf00c8
009b00d5
010600c9
009600ce
009100aa
00b200cf
00bd00c3
00b500a7
014e0157
01370162
012500f0
011200ea
014b0157
017000f8
01200145
0107018e
00d90112
00e500e6
00ff00cd
00d500cb
011000e1
00ee00d0
00bd0109
00e700dd
00fb00f3
01130123
012b0152
0177014b
01250197
01390129
0150016b
0165011e
016e00fa
013e012e
01490147
01110149
01620140
01170121
01010147
01370132
01490137
00f500fa
01000177
00f50120
013900fb
01250182
00ff0129
00f00165
00d60103
015e013e
01500150
00ee017b
01770103
014001ae
010a013b
01300129
013000fe
010300cf
00da011b
00d70122
00f90110
014e00de
0159010b
00f6011e
013b0101
01080122
01790137
01a20110
010e01a0
01ab019e
01200170
0157016b
00f70130
01990123
00ff0157
01300132
00d5011b
01170155
013b00e0
01220106
012b0159
00f70118
011f0147
0150014b
01110120
00ef0167
016b0187
01800149
01070122
00de00ef
011e0137
01300113
00e7010f
011000ef
011600ed
00de0106
01320172
011a00f9
016e010f
010d0199
0149013b
01010110
01170120
011a00f9
014200e2
011800ea
01290140
013e013b
012301a7
0150011a
01130132
0109014e
013500ed
0103016e
01020121
00fa0110
013e0113
011e013b
0107012b
01a50111
00c8010e
011900ed
011100e2
011f0105
00b900ed
00fe00e5
00da013e
00e700ef
012b0187
00fd0135
010f0175
01210180
018b0167
014b0125
013e015b
0132017e
00f900f5
01520137
015e0118
01400130
010900d1
00f30150
010e010e
011f017e
00fd00ef
00fd0137
00cb0118
00f80172
012e013b
00da010f
00cf0135
01370139
0135010f
01120172
01770101
013b0122
00e20160
00fd00d9
011000e5
010200c5
01420118
019b01b0
01cb0145
00e000f0
00f50113
00f50108
01060142
014e018e
00fd0113
013b0118
0185013e
015e016b
01400175
01090127
01370120
0142017e
014e0103
00e80192
01450145
013200cf
01030105
01420175
010700e9
01110160
011200e9
011f012b
013700ce
00f1013e
01350111
00e500d8
0115011d
01290109
01170108
01650106
00f3018e
0142013e
010300fd
01590120
019b00ca
01120145
015e0179
00e5017b
01180112
01920140
01220150
014e00e8
00ef00f8
011201b2
01c20127
013200e0
012300f2
00f1012b
01500125
01750180
01b90130
012b015b
015b0145
01180106
013e0140
01190185
01520159
015e0117
00f9011e
014700f8
0159011d
01550108
01250129
015b0147
01ae010e
0162013b
0182015b
01220109
011b010e
0140012e
013b0129
0179014b
0150011e
01350139
013b0129
0105011d
01450110
010000fb
013700eb
00e30127
0155016b
015e017b
01230140
0145011f
00f50149
014b0130
00f90160
010d00eb
00e70135
00c200fd
010100d2
00f9010d
01220107
018200d7
01370159
012e0142
00f60127
010b0129
01250152
019e0162
00ff00f3
01550121
01250160
01320149
00f0012e
012b0110
010f00fb
0116015b
010a0130
01030135
00e60162
01150152
01670150
00f8012e
013900df
011b0105
012e0167
01520116
01570175
01920170
0129014e
0180018e
00fa012e
01550169
013b0117
01700121
00f0010a
012e012e
01010121
01110147
00e50101
015b015b
01230130
015b0129
01a20142
01190130
01160149
01490152
012b0149
0132012b
01170149
01700139
010f0109
00f90140
019b017e
01450159
012b01d9
013000f9
01020108
01670147
01420122
01370115
013b010e
01170140
013000ed
012b0149
010800f0
01890116
013e015e
011000c2
011b00ef
012b0140
015200fb
01420169
00b900e3
01170102
00c60129
010e017b
00f800f9
00d8010b
011d0130
00cd0127
00b800da
00e70195
00d500e9
00d20102
00ef00bb
00d60102
00e2010b
00ca00af
01300137
0140011f
01270192
01a9014b
012e0147
01600108
01690130
01130137
010a01a5
01390107
00da00ed
00ed0127
011b0155
00fe014e
014e011e
012000f0
01c00182
017e01a0
01e20155
0157016b
01de016b
01d701a5
01f00179
020001e2
01370107
01420195
01700116
00e800e8
00fb00f6
01690110
00ca0162
013e00ce
0116012b
0130012b
02000109
0175011d
01450110
01150199
017b013b
01100107
01920122
00fb00e3
0122011a
017200f7
00ee011e
00fd0135
01120159
01820142
017b00e0
01400135
018b017e
011b0139
012e011a
013700dd
00eb010d
00e700c6
00ff016b
012900f6
011800ef
00ea00f6
0132011e
013500f6
01120167
00fa00f9
010e0121
00fb00f1
012700f1
00ff0121
00f60101
00fb00d2
0112010d
00f30139
01200147
0152010d
013001b7
00f801a5
0120017e
011901b7
01120157
012700ef
01230108
01200147
00ef0112
010100e3
00fd0142
013b0140
00de0129
0135013b
00b300e2
009d00ea
00d000ab
010900df
00e300b8
00fd00e9
00d70102
00eb00ff
00f20180
00de012b
010d00f9
012e00e0
01690118
0105019b
011a0140
012e00fe
0139010e
0155011e
01160160
01d70120
01620152
01520132
01390187
015701a7
00fb00d0
015e00ca
0113011d
00de00e3
00e300e8
00f60129
00df0125
00e20102
0105012b
00ee010d
01270127
00f500fe
018b0135
01150102
010a00cd
00cb014b
012100d5
012200fe
013b0157
015b0130
016b0102
011d0116
01300140
01230159
013201a7
013e00e6
01550130
011b01b7
01470182
015e012e
01350130
012b0162
00fd00f2
00ff017e
01020118
015b011f
01800182
011d0155
0117016b
0162011a
00e600d1
013b010e
01320117
012e0118
011a011f
00fe0117
01390132
013e0155
0110014b
01220103
00eb00fd
0115014e
01470113
0130012e
01230109
012e00d1
00bd00e9
00a800a2
007e0099
00b3008e
0095008a
0082009b
00e600c9
009b006d
00f50125
01550127
00dd011e
0160018e
012b0103
018e0118
01790139
015b014e
00e7010f
00e100e9
00c800b2
00f300ed
012000cb
00d000ed
01070115
00e6012b
012e017b
011d00d0
00dd0107
0117016e
0157013b
0160013e
012b01b5
01450157
010b012e
01070113
01090140
01210130
00e50120
013e0100
00f10135
016b0117
011a0149
013e0119
018b018b
01300170
01220160
01050159
01130117
01420140
00ee0129
00e900ad
00ed00d0
00f500d1
00df00e6
010200e3
00f3015e
00e7010f
00cb0103
009f00d9
00e900c9
0150011a
014b00f9
00b30123
00c500fb
00fe00e5
0167014b
018501e7
0137013e
01820159
0185019b
016e016b
013b0175
01750103
014b014e
010f0129
018e015b
01650132
0165010a
00f20108
01620132
011f0100
00e70113
012b00cb
010500f3
011500ff
0118015b
0139010b
011d00d1
00f800ef
00d90139
00bd00cf
00db00d9
00b8010e
012e00d7
011300a1
01180100
00f500c7
01490269
010e01d2
011f0150
0140016b
00fd0119
01220116
01650142
01db0109
0140013e
01490121
013b0106
01350180
0175018b
01bb0180
00fb0172
0145013b
01790118
01150100
00f70160
00f20109
01400115
01370125
0169012e
019b0135
01a90119
0117014e
01790182
01500152
015e0139
011d0147
014e013b
01920110
01110112
01520162
011a0107
00fd0139
01420147
01050139
014200e2
014b0121
00e300ea
01160140
013e013b
01b700f0
017201cb
0177016e
010e0140
016b0142
0122010f
015b013b
0116013b
01550105
010d0109
0137011b
015b00bd
00c90108
00d6011d
011100c8
014e00f0
00d9010d
013500a9
015700f6
015e0127
010d0137
00e10102
013b014e
00c800da
013000e8
00c7011e
00c80127
00f200cb
013000ff
00f100ee
010700f3
00db00f5
00e900fd
00ef00d9
00f700d7
011f013b
00f600db
01010120
01390162
0185017e
00ea00f6
010f0119
0109013e
017b0120
014700f0
011d0111
013e0103
01090135
0162012e
01290142
017b0129
0127016e
014e0142
00df00e9
011900f9
00e20125
00e300d9
00db012e
00e600fb
015900d2
00e000e8
01e70169
013700c6
01350106
012b013b
016b012b
01130189
01320155
016501b0
0157010d
015b0149
01750132
0165015b
015201a0
010a0132
01220185
0119012b
00f5013e
01000149
0110012b
01230122
00f0012b
011200fe
010200fe
016b00f9
00d9012b
01270142
00da0107
012e01c2
012500de
00fa011d
0125016e
01890162
012b00df
01290129
01350149
014b0116
010b0121
00f60106
00e60130
00f10172
00fa0155
00e5012b
011f00f5
013000ef
00f9010e
01270109
015e0140
01270107
01150109
011b0108
01320150
01190185
01500139
012e00e9
012b0110
01650132
014b00de
012b0112
0127019b
012100fb
010d00f3
01470160
016e0197
015000e2
014500e5
011701c9
0152010d
00df0150
01800137
015700ee
013701b9
00f70149
00e1011d
01370129
00fa011b
011200f9
010300f5
00ef00ea
010f0121
00e50175
016e0162
012b0129
00ee0147
01c50192
018000f2
01090123
00f901cb
00fe0147
00eb00e9
00cb00e7
00b7009d
00b8009a
00ba0089
00e000b1
009e007e
00a900b8
00d600eb
00df00e0
00b60110
00fa00dd
00cb00fb
01450113
009900aa
00e700c0
011700f6
01170127
014b00e0
00f10130
0110010a
011e00c1
011d00fe
00ff00ff
012e018e
011000eb
010a0139
01600129
01250120
01470110
014500fe
01620145
01820102
016e015b
014000f2
01000179
01230199
013900e3
0137011f
01590139
00bd010e
00da0103
00db0108
010300e0
00d600ee
00e000cf
00b9013e
00c800e5
01270170
0145011e
010b00fb
0123015e
01850170
01790169
015201e9
017b01a0
014700e3
014500fb
00f7010a
00cf0109
00e90108
00e500f0
00d000bd
011b0119
01060103
0127011b
01420120
016e015b
010601d2
01d20111
010f0129
01130142
016b015b
01300137
01470152
015200ea
014000eb
00fa0107
01290179
012e012e
01470167
01200103
0149010e
0129013b
01690179
014e0130
0112013b
01870140
00dd0108
010200f9
00e0010a
010b0107
011600ea
013e00f0
01230101
00f6018b
00bf008b
00bf0097
00b000e9
00c100a5
00c300c2
00a100af
00ff00ae
00c500b6
01090107
01ab0102
011f00fa
01850129
0152010a
0135010f
013e011a
01030147
0116011b
01720105
00e5015b
0160011f
011b00d8
00e60145
0157011a
016b0129
00f20122
00fe00f6
00fa00ce
016e00ea
0135016e
00e1010e
00f000d8
010300d6
00fe0117
00e8016e
00e00137
014200e0
011a0150
01390121
015e012e
012e00f6
0130011a
012b0105
010e012e
01590132
01120140
018000f5
017b00fd
0111012b
0162022e
015e0115
011e00fd
00ee016b
01ab017b
017e013e
01920150
016e012b
00eb0147
013e00f7
010b0135
010600ef
01230115
01cb0195
014e00de
00f50145
01650110
016b0195
012900ff
011d0105
014e0108
011700e8
011a013b
011f0115
013e00ea
010e0106
012b0137
013b0103
01590145
01320117
011000d6
013700f9
010a0149
019500f9
01770179
011b01d7
0147014b
01250139
014b0125
01a00110
0192014e
01070129
01570121
014200df
0110012b
0167013b
010a010a
01050115
01970130
00f6010e
015b0112
00ff0172
011f01a2
0129011e
0121015b
0170010b
01890152
01470139
00fe00f0
01700129
00e80110
013900d1
00f800f6
011f0167
010800ef
010900d7
01210112
00ff010b
011e00ee
012b00f8
00d700c2
00e300c5
00e900d0
014700c9
00d70132
015900c1
00d300fe
0129013b
00f500df
00d20117
00f6010e
0117014b
01a20130
018e0190
01210132
0132017e
00fe011e
0157015b
0119012b
010300e7
016700fd
0119014b
011500da
012900eb
01250179
01370116
016900d7
013b00fb
013b011d
01100102
0121013b
019e0130
0113016e
00dd0147
00e80172
00f9011a
017e01a7
01400160
0162011d
01390147
00ed01be
016b0139
014b0129
0132011b
012b01c2
01320197
01550115
0165012b
01050145
01150175
01770137
00f700d0
012100f1
012e00e0
00fd014e
00f300ef
013e014e
016900c5
00e600e5
00e300d0
00d80112
00bd00cf
00df00f6
00d700fd
01270119
00e20099
011100de
01720157
0127014e
013e0157
01ae0182
01570103
01700110
00f300df
016b0129
00c500a8
00c500c3
00fa00d0
010700d3
01000118
01070129
010600ca
00f7014e
00f90142
01c90137
015901fe
01600117
01a70149
01300130
01470160
00f10121
01300142
013e0142
0125011a
010d0125
0107015e
01220121
016b0152
01220101
0137012b
015b0108
01400102
01450121
01520159
01300177
01ab0129
00e50106
01db00fe
01370185
01a7014e
01690140
0145013b
016b0122
014900fb
0157015b
01250113
01650159
0182011d
013b012b
01520155
019b01a5
017b016e
01450123
016900f9
01b5018e
01100132
01b0011e
012e0149
01970170
010a0130
0140012b
01150116
01120101
011b011a
016b0152
0139015e
01350142
01570190
00be0150
00c60130
00b000a9
00bb00d3
00c200c2
00b200c0
00d3009a
009900b6
01850129
0150010b
00d900d3
00e600eb
010d00f7
00f500d2
012b00f0
00d100b1
014b0179
01550159
01100109
014201a2
00f80175
011f0152
0139010b
019b0165
00e90120
01a700f9
01300177
01650139
01090127
016e0149
0127012b
015901a7
0157011a
01300109
014001b9
012b011b
01690187
01370135
014b0130
01490137
00c700d5
00af00f5
00c900d8
00dd0121
00ef00d0
00bf00dd
00c700fe
00eb00c2
0160013e
01470145
01300177
0101011f
017e0100
01090199
0109011e
017e012b
01130140
011d00e0
01420155
01650160
01720132
0165018e
0145011f
0160015e
01470118
012900e5
012e0116
01b00135
01090159
010a0145
01400149
011e00e3
011f0195
010e00f7
01520137
011901e2
014e0172
01520149
014b017b
01a2016e
00f000f6
01490135
01570162
01c70119
01800105
011d0109
010b00e7
014b0130
01570103
0139013b
0140013e
01070152
01370175
0132014b
01a701fe
013e0199
00ef015e
00db00e5
00b800ef
017500c3
00e300e9
00f900d1
00f800f7
00b100ee
00e600e7
01300118
00f90113
010f00ff
01600175
01750145
014e012b
016e0150
01520159
00d900f7
017e00ee
0129012e
01190137
014b0159
00d7010f
011b0137
00f20122
010d0120
0147017e
016e0149
013e01a0
01600159
01080118
0127011d
00cb0118
00fd010d
01490116
00d800d5
00f900d9
013e0135
00da00fb
00ef010b
00bb0197
00f900b5
00e500bd
00f800d7
015b0111
010300d0
00e00102
00df0113
017b011d
01470127
014b0116
014201a0
01770147
01790135
01970118
011b012e
00b300d3
00da00af
00d000d5
00cf00e5
00d000e7
009700c2
00b700e7
00bb00d5
013500f1
013200f8
0130016b
00ed0127
01490140
01490155
0130012e
015b0167
015e0162
00ef011e
010501cb
016b0182
0127011f
0179016e
016700f0
013900ed
012300bd
013000ff
01080160
00ea00cb
00e0013b
01060199
012b0109
01600175
010b0142
015b00ce
00db00f6
00fd0109
014500f1
013b00d8
012200fe
00e00120
00cf00e8
00e600e9
010a009b
00d600d9
00e000c8
00da00e0
00af00ca
00e80100
012500ee
01600175
00f5011e
01750123
010a0149
01420123
012b00ed
010000fd
01120101
013e018e
0155018e
01210172
01160189
01060139
016e011b
01590123
011a0119
00eb00f2
00f80139
0132010f
01700135
01220105
011a00fa
01600149
00f2011d
01a5010b
0130018b
0125014e
00fd0132
015900f5
013b0159
0129015e
019500c0
01520187
0108013b
0120013e
010000c6
010300ff
010200fb
012000c6
01230130
01130189
0157014b
01800119
00f9015b
012b0107
00e201a5
00fb0175
012100ff
01370115
01850172
011a0111
0165021b
011a020b
01270129
018700ff
013b00eb
00f8017b
01120155
01ce0165
0235010b
01900195
014e0137
01230179
013500e7
0165017b
014b017b
0160011a
015b0121
015200ed
00f70150
0132011f
01990119
017000ee
01420147
0150016b
013b0112
011e0145
01470155
00f0016b
01000127
00dd00ce
00ad00cd
00cd00c5
00a100b9
00e000bf
00af00af
00c100ab
01590101
0130018b
00f0018e
011a00fb
012e011a
00d60109
014e0115
013e0155
01230130
01490170
012b0111
015700f7
01300111
014700ee
012900ed
013000eb
01420172
00e600ff
00f20100
00ff0145
012e0101
0149012e
014e011a
01620110
011e012e
0109011d
010b011e
013700e1
010a0167
01200132
01080142
011a0170
01250125
01030167
01130103
01230103
01170179
013e01a9
018b012e
0139013e
00f60160
00af00d1
00a600d7
010b011d
00d800d5
0117012b
00e700c5
00e100f8
01010160
012001c7
01110239
0165013b
011f017b
01060108
012b0187
00ef00f7
01a0012e
01210132
01450115
012b0120
0117013e
00ee015b
01570132
017b0190
012e00e2
01250189
01890167
00e10192
01490107
01470169
011700ee
01100121
012900f9
010f016b
01290152
010f0155
013e0155
016700fe
013900f7
00fd00f7
00f900be
01300103
00fa0169
015e0107
00d2016b
0137010b
00db012b
010000ff
00ef00fe
012900fe
01570150
01a0011a
01420129
012e0152
018b0169
01470140
018b0103
01590177
0179013b
0170010e
00eb0116
011100e9
01450132
01010140
01a00139
00e90137
01c20105
01900195
01290132
0149015e
01a0013b
015e0155
00f50135
0145011f
01250109
00f3010a
00d50110
012200b9
0118010d
00dd0142
00ea0127
016e0157
012b0180
01300135
00f601a7
01060103
0132010b
011a0137
01700123
018700fa
017e0175
012b0182
014e0140
017b0195
01210149
01270149
011300c9
01320122
01600190
01170100
01210129
00f800fb
011a013e
01180123
01110177
013b0187
01600159
0135012b
01770170
01120155
01450149
0132016b
00e500f9
01150117
011b013b
011b0101
00e5010b
014500eb
012e0121
01b5012e
017b013e
01390106
01500140
012b0157
01650175
010d0197
0145011f
01100170
011e01a0
011d0167
01890160
013e0177
013e0137
026e01a0
01800187
01400155
010600fb
01870109
0121017e
01570169
015b00de
0119010e
01160102
01130165
01320119
013200e5
01950165
01990150
01600195
0123016b
01800162
013201f0
01420177
0147011d
01790132
01790145
01520162
01490160
0119013e
0152017e
0149011f
011a010d
01490105
0105014b
0160011b
013e0113
01290162
01370113
00ca0101
019e0117
00ee0125
00e70109
00d800f6
00d20152
00d80106
00df00b7
014200c1
01490125
011100f1
01700137
01470142
00ee018b
00de012e
014000e8
015b0160
013e0125
01620149
01290135
00eb0139
010a0162
00ef0137
01c00152
013200f8
011e00fa
01690142
00f60142
015000f7
0162013b
01030155
00fd014e
014e010f
016e0123
01c0019e
01600167
01650167
00f70139
0116013e
0130010a
00c500f3
010a010d
012e0108
01110139
01270108
013900db
00de00de
00ea0100
00ee0116
01470199
01080145
01390140
01570137
00e900fe
0118010b
00de0129
01230108
01160100
01b00139
015b0123
015e0132
017000eb
01420150
010b0162
01400137
0150011e
013b0112
014e01ab
013e0152
012b013e
013b010f
01790169
01000110
01650137
016b0167
00e000f9
013900f9
01200120
014e0160
01290147
01060159
011300fe
018500e3
013b00f5
01720127
011f0106
010a00ed
015b0132
0142012b
00d10103
00f3014b
01220132
00ff010b
01500152
0106016b
015e011f
01070125
0139011e
00fb012b
01590130
013b0106
01470159
0187014e
01490152
010200ea
010600f5
01060175
01100149
01270189
01270121
00d60150
01570106
0130011e
00ef0140
01a20139
012b0175
015e012b
014500fa
0152012e
010700ef
01050125
00df0119
013200b9
010300fa
015200ef
01290139
0137013b
01110170
01590130
00f80155
015b0197
019b00ea
00c30113
014e0121
012b0149
016b0127
019b0172
014000f1
01420185
014001a7
01450150
00fb0132
01370120
01450165
00f100e8
011700ca
00f700f3
00e200ce
01080132
00fe0132
011800fa
01160107
01a90130
0182013b
00e9016e
0147013e
00f30102
01590121
018b0142
00f20103
01350102
0145011f
014700f6
012b0169
0105010e
00ff0152
010d0145
0108010b
010300db
014b0170
01520129
011e0137
00e30142
019500de
010a015e
00fe010f
01180167
01150169
0140016e
013e01a0
011f016e
01820192
01770139
012901e7
00ba00e3
013b00f2
00f30129
01170170
00d80175
01a200e9
012b00c5
00eb00e1
00ce0100
010800e7
00c300be
00d100ed
013700c9
00f600f2
013b00cf
010600d5
01190135
012e0137
0125011d
011b0170
012e01a2
01650172
01220170
01470189
017e0147
014200e8
016701e2
01320109
01050159
01820169
01470142
01420132
016000fe
012b00e1
01390102
01490116
011300e9
0127014e
012b0109
011a0130
011f0102
011f0155
010f015e
010e0127
0155011b
00e20129
00e10101
011000e7
011d014e
011500f9
00da010d
01120150
00b70192
01600125
011f0121
01590108
01400145
012b01c5
012000d8
0140011d
015b0140
012b0150
00f60185
01270179
01160117
011600f5
0192015b
012e0129
014b0150
011b0157
0122011b
00f100df
00c8010a
0130014e
01670175
014e00ff
01670167
01100107
011a0120
01490113
013000db
00fa0115
01390115
010e0157
01300142
01010132
01070192
017b00f8
00c90150
00df00e1
010e0105
013000fb
010d013b
00e200d6
00f1015e
01170150
010d0121
010100e7
015000e7
0121016e
01080139
015e0127
01900150
01a70152
01390101
01220139
01350152
01700140
0132015e
01120116
012b010b
01750127
012b011b
01670165
00f6010b
00da00ef
00c100de
00f500a8
00ff012e
00c900d6
01b20100
01720118
00fe0149
01950192
01470112
00d00127
00f8010d
00ee015b
011f0150
011800e2
0108010b
012e0115
0110014b
010100f3
0100014e
01690125
010f0145
00f80116
012900dd
013200bf
011500df
00ee0103
00ca011d
010800ed
01320195
01190137
01eb0125
01290137
01ab016b
012e0132
016e0140
014001b7
01600172
011e00d1
012b011f
0135018b
013000e0
01be011d
01a50182
01220147
01080122
01ae00eb
01190140
0130014b
014e0139
017b016b
013b0152
01010139
01050132
01070165
01160108
00fa0107
01750167
011a0135
01290111
013200f5
011900dd
0162018e
00f801b7
010f00d5
00ed00f3
00df00c1
00e700eb
00dd00ef
01370123
01090130
01370170
012b01a7
019000e6
016b00fe
01550101
01900155
00db00ed
00f20086
00be0106
00c700f2
010d00be
00f000b1
00be0101
00ba00f2
00f100e1
011e0149
00cb00f1
00ea0109
01000113
013700d1
00f500e3
010600bb
00c80135
00ff0145
00fa0137
01120125
014e0137
0113010e
011600ee
01210100
0157017b
00bb00d2
00ed00e5
010d00c3
00a500bb
00ef008f
00da00ea
00a700eb
01190132
0108011f
01390105
014b0132
010d0155
018b011f
01590121
018000fe
00ea0152
015900f9
010d0129
01290135
01370115
01820123
01500101
00ff010d
019500e8
00ce0111
010a00ea
01300110
00eb0102
00ed0155
00e700f8
0122011f
00d60108
01370157
00f90113
012e0170
01220139
013b00f6
015000e9
00f700fa
00e00189
011b00f5
00e10123
00d600db
00f70155
00d60115
00f000de
00f800d6
00d100cb
0112014e
011d011d
00c70142
00d10172
017500f6
01200123
00f500d8
010600ff
018b0140
01050147
018b015e
018001ab
01370169
01290127
015e012b
01180135
013900eb
0140012e
0129017b
01a20140
011d0140
015b0127
012b011e
00b90142
00ef00db
00cf00d7
010900f3
00c600d8
00b300c6
00b900ae
00d800f9
00ea00e9
01370129
01230135
012e00d6
01550197
010e010a
00f80142
00c70135
01170130
012b0175
00e50117
01070132
01320175
012700ee
01320147
010800e1
01a50160
01770147
01b50135
011f0145
01290110
012e013b
0157018e
01450132
01420103
013001b2
01230123
01550139
00f00125
013201c7
00f00130
01050159
010d0135
010b012b
00f5018e
01700142
0120016e
01670117
012b012e
01520120
01100109
010f015e
01790121
01120159
00fe00fe
0167020b
010b0140
012b00f6
018200dd
010900ff
01490101
0152012b
0125010e
011f014b
011d00f0
011200f2
012e00e0
01900113
013b0129
01090123
015b0150
01400169
01500100
017700fa
01030125
01400110
00f6010a
011800ea
00e90180
00e50100
01b000fd
0187010b
019500ef
011b012e
0157015e
01a2012e
01200162
017b0111
014e0135
01690109
00f000da
00f800f0
013000d7
00e80105
00f500e7
00d7010a
010b00fe
00cd00de
01370108
0160011d
018b012b
016501b0
0165015b
0177014b
013e0135
01290135
00b801a0
00d100fd
00b300f3
011500c7
010000e5
00ce00b6
00c800d3
00ba00b8
011700fd
015b015b
01520152
01250177
016900f8
010a0152
01800147
01320132
010d0175
01490100
011d0135
00df017e
011a0165
01320137
019901e7
01100123
0130013b
00cd00ed
01490142
0130012b
013e015e
01690195
0179012b
01600108
01400129
0118011f
011b0113
011200ef
01060106
01070175
01a70132
012b0127
00f70103
011e0137
0160010b
01320147
01320175
00fd016e
010b0159
0117010b
00e60125
00ea00dd
00d70179
00bb0127
00f80140
011a00f9
010900eb
010d0123
01620117
0100017e
00ef0108
01500189
012e0160
01200142
018e00ff
01690123
011300f1
01250160
012e00e2
01300130
015901a7
011a0149
01300118
012b0116
00cb00ff
01120172
00e60165
010e0137
013201c5
01350165
012500d9
01120152
00f701be
011a0105
015b0113
00ff0112
01550165
012200e1
00e1010b
010d013b
012e012e
00f3011d
00f70118
010e0150
01200100
01020112
011700de
00f100d9
010b017e
012700e3
01320127
01000102
01030122
00f100df
00d500e0
00c70103
010800e2
011b016e
00f10167
00ef0135
0139010a
00ee0159
00d700eb
013700f1
010b0130
011b016e
012b0129
00ca011b
013e00fa
00fb0103
010b0155
013b00f0
012500f5
0152010d
00f10137
015e00f8
00ea017e
013900fb
011a00f8
01790162
01470101
00d900df
01270121
010700e8
00f800f2
00e100fb
013e0142
00fa00f8
019700e3
0100012e
00da0129
011e0147
01320118
010500ea
012200de
012000cf
010200e9
00f2010b
011b016b
00f0010f
00ef0110
015900e6
00f30113
010600e6
01820177
01800145
01920132
01350175
014e01a2
01ab01b7
0179016e
01670130
01210160
012700da
019e0147
011e013b
010901d0
0130016b
014e0140
01b5010e
013500e2
00e3014b
00fb0121
010a0177
016b0122
01250125
00db011e
01520100
0140016e
0135012b
0189010f
0175013b
00e90132
010f01a2
01390149
012e0145
014e017b
011300e2
00fe0132
01250122
012b0129
011a0139
0182013e
01690137
00f8012b
013e016b
014e011a
01230182
01120115
01890185
012e017e
01160169
00f800f8
00d30105
01050100
011800f1
00f20117
00fa00f6
00e800ce
00fd0127
018b0150
00ee0118
01700127
01500185
01230125
017b0187
01420160
012e0165
013900f6
011e0160
00d90108
00fa0117
00d600b2
00bf00f5
010300cd
00d10103
0192019e
00f60123
017e0116
00f00169
013b017b
01180139
01900147
01570159
00910123
00cf00c8
00bf00f1
018700ce
00a000dd
009a00c0
00cf00b7
00c900e7
00c90157
0120012e
00fd013b
012e0130
012b00d1
0145010d
00f60127
014e00f2
012901a2
00f10129
01300112
013000d0
00e900f6
00cd00e8
010f00ed
00da010a
01180112
01670127
01400150
013e0155
017501b0
013b0152
0127014e
01400127
0175014b
01200180
012b010e
01c900f3
01790162
012e0123
00f00122
010a0155
01370135
0139013e
012700fa
012b0127
01490162
00fe011e
0149017b
0152012b
011f00f3
012e0117
013e0180
017700e6
014b0132
01120122
00e0011a
00b30142
01100116
012e0170
00ce0142
01420108
0145010f
01370145
00e90122
010e0101
010600e6
01210162
011200eb
00ee01c9
01250113
013b015b
00ef00f2
01090112
011d015b
01720189
01070118
018001a7
016b013e
00e90152
0172013e
0130015e
00e500f8
011600d6
01180106
00e700bf
010000fe
00e0010f
00ad00e9
00e200c2
013b012b
019e0157
016b0129
00e60159
01420142
0107011d
01300139
01030120
00f9014e
015e0113
00fa016b
01790182
01570162
013b00ca
01570125
00e50157
012300b5
00d30102
00ce00be
00a500dd
00ca00f3
00b600b1
00b00107
00be00bd
014e00e7
016700de
01670118
012b00f8
011a0130
0121015e
012b00e2
01130108
0105010e
00f30140
01150139
00f90167
01950147
0109011d
011900d7
01290109
01920147
01650113
01450179
00e900d8
01290137
01150127
01190101
011100c9
010b0107
013500ed
00ff011f
012900fa
01300115
01000103
00e5011d
01230101
012b0130
01a50187
012300e9
011600d2
015500e7
010b00fa
011a00ef
012b0142
016000f7
01450127
01600162
01500117
0123016b
01420103
012b013b
011d0129
017e0152
00f20125
011d017e
01300108
0160013b
0140014e
01300195
011a0139
00fe0109
01470127
01ab0120
016b00f1
01a70135
01bb015e
011f0157
00fd00fe
01180108
014b00d7
01160137
01300125
00e600f7
0165011a
01550122
017b01e0
00ba0130
00c000d8
0082008d
009000bb
006400a6
00860081
00a800a8
006a0096
011f0157
0147010b
012b00f7
01060119
014700ff
00fd00c0
00e5011a
00f20105
00f5012b
01270116
0185012b
01210192
014200eb
014e0152
014b0199
012e00fd
01650189
012e012b
01470159
00ee019b
01320137
0169014b
01650160
00e70177
011a0103
00f900d3
00ef0152
01180142
01ce016e
012b0142
01350127
00f5012b
00e8017e
0169011b
014e00fb
01690152
014e014e
01a50180
011301b9
015e016b
011500eb
016b0122
0112014b
00f10101
00f6011d
01270111
0109017b
01850113
012701b0
012b0103
017e0157
01490130
012201be
01720172
0175014e
01790137
00f9011e
00ea00b6
00d200ff
00ed00d6
00c200f8
00e10103
012000f6
01030139
00fd010f
0112011a
013b0116
013501b5
00f90139
0180011a
01420105
012b00d7
00f20112
00ff0115
00f800c5
00c20118
00c50101
00f500f8
00f000d2
00b8013b
016e0107
01690162
012e0192
01450170
01420169
015201c5
01690162
01220121
013500f6
00c20129
00ed01db
00df00c2
00d90109
010800b8
01250102
012300eb
00cd0165
00ff00f5
0113010a
013200f5
00ed0187
014000f6
013500ca
0118011e
010000e8
011600f1
00dd00f5
01390111
016200e1
00ea00c8
00f600f3
011300c5
01300182
01200165
01a500f1
01490145
011e010b
00fe0165
01800185
00df0169
01050135
01870117
01ae0170
01420160
0130018b
017e0190
01300127
0187015e
012900fb
017201ee
0165016b
014b013e
01420140
01b20169
01320185
01180149
0132016e
00f30150
00f101db
00f100f0
01070132
00ed00e9
00ba00ce
00f000ee
016e00f9
0167011f
00fd00ba
00be009e
00fd00ea
01070120
00e300e7
010500e0
01ce013e
0169017e
01c50108
01370155
01650137
01c2017b
01900140
01500177
00fa0111
00ed010e
00e700f0
01090145
01130160
01620129
012e0145
016e01a9
00e900c9
014b0165
01290105
00f50145
01200152
011e00f8
00f100c6
00c50109
010e015b
016b0103
01400130
01350135
011600e6
01c90113
012e0123
01500145
01180139
0129010b
010800e6
011e0105
00d6010b
00df00f2
0160013e
0139010f
0127010b
0111012e
01390145
010a01a5
0102017b
00d701ab
01550115
011b0127
0117017b
00fa00ce
00ef0107
01090150
011e0113
00f00100
00cf0120
015b00f2
016900f5
010a0135
0159013e
018900e6
01400165
01920169
0111015b
017b0139
01030190
014e0149
00ea0182
014b010f
01600180
01010122
013900f1
00e500fd
01390179
01520162
01b50147
01ae0169
01390175
01870135
0147012b
0150011f
00f9010e
011d011b
00ed00cd
00f3011d
011600cf
00e70122
00cb0167
00f30150
015e0102
011900ee
01470169
0142011b
011f012b
014200d8
01130127
013e00ee
01290106
01be011b
0132010e
012b0155
011b011e
01320140
01790130
011a0121
011d00ee
013500e9
018e0150
015e0195
011601d9
00f100ef
00fb00f9
01010108
01210130
00f300fb
013e01ae
01720103
01770109
013901c9
01600140
014901a2
0180012e
00f70137
011d0139
0177012e
0125011e
01850119
01920157
01800142
01010145
00d30108
01a500f1
00db0127
012300d5
011e0140
00f00102
00f500e8
019700e9
018900fe
013b0125
0130014e
01400185
011a0129
01250142
012b0120
011e00b8
0142012e
0122010b
00d2010e
012900f6
00e80127
00b100fb
01390167
011b0107
011e0139
012b0142
01190192
012b014e
013b013b
013e015e
01470118
0129014b
014b0155
010d0103
017700d7
015500fe
014e0108
0115013b
00ea00e2
012100e8
01220120
012e0140
010e0159
012100e3
010800c7
011b0140
01570135
007900f1
007d00a6
00ad010a
00900083
0073007b
00870075
00660076
007d0087
0147018b
012e00fe
01250137
01210125
013e0159
00ff011a
01520130
00f70115
01050165
00f5012b
01620140
015000fe
01350140
015900f1
00f601b0
01120167
00ff0160
012e0107
01920123
011f00e2
011b011e
01420155
011b00f9
014b0123
01070162
010f00eb
01720113
011700de
011a0101
013e0180
010e0113
012000fa
0102011e
0117015b
00f901d2
011d0189
00f80121
010e0123
01120145
00c500ed
009a0102
009a00da
00ab00ae
00a500fd
009d00f2
00b900c5
00ea0097
00a500f7
00fe0127
0190012b
01370187
01520132
011b0106
01230100
0120011f
00d8013e
00b500eb
019e0129
00b601a2
012700f6
0105015e
015900f0
014200c5
00c500da
00cb016e
00fd00f7
00d30123
00c700f3
00b000b3
011100df
009b0135
00be010d
00ee0113
00ef00f8
010600ea
00c800df
00f20137
00d900d5
016b00e9
00ff00e8
00ea00e2
011b0142
01490115
01070135
00eb00d7
00e600c9
00d00150
00e700fa
00ff0175
00d3010d
013b00eb
0109012e
00e5012b
01570150
012e0147
0147013b
01300123
01520113
00fe010a
01350118
018e00e8
010d0190
0130016e
01370167
00e700f3
00c000d6
00f800e1
010500bf
00ef0111
010b00eb
00e100e1
00e800da
012e00d0
01130152
013b01a5
01d20132
01370165
011b0155
0113011e
017e00ff
00ff014e
010600eb
00ed0139
00ff015b
01090137
0130016e
014b0123
0112014b
0142011d
013b0121
0112010b
00e80139
0106016b
011800bf
010000ed
014500f7
01120129
012b0169
0149013b
01a00110
013b0135
0169011d
01770185
01370185
0142017b
012100fd
0160013e
017b0195
01a20137
0180018b
01de018b
02850175
010b00df
01420107
00f800ce
01170185
00ea00fb
00e9011d
00fb0145
00f70116
013200ff
014e0119
010d0157
019900f5
0152015e
01030139
013200f8
00f60122
01370119
00f500db
00f50108
00f6012e
01130110
01420120
01200135
013b0199
013e0103
00f60139
011a0112
00ea00f1
00bb00cf
01420106
012e010d
010e00e8
00fb00ed
00fb0180
00ff0135
00e60142
012300de
01210187
0110013b
00fd0137
011f010a
01cb014b
01220123
014701a0
0119011e
0179010f
013b00f6
016900df
0118010a
00ef0145
0169012e
0147011d
01050185
01230135
01450109
01e20123
011500e2
00db00e1
00d700d3
00c5011f
01180121
011d00e0
01270113
012700e0
00e70132
012b01b2
011e011a
01a001a9
01790139
0209013e
00fd014e
0125015b
007e00dd
00a7008d
008d0073
00cd0080
00bd0082
0076007f
00ad00a1
00a600a8
017500e2
00ff0107
00ea0115
00d900f0
010900ee
00fb00c8
00af00dd
00c700ea
01270157
01160119
013b010d
00f90110
0172013b
01620109
0117010d
014e0118
01620135
0120014e
016e0129
01920142
01120152
01470119
015b0149
011d0130
00d80121
00da00e2
00f300fb
00d200c1
00d300da
011f0103
0110010d
010d0167
0199016b
013e0129
019000e1
01b901c2
01350152
011f0120
013e011e
01720190
008a00cf
007b0087
0077008d
007a008a
00870091
006e0076
007e0071
009700b3
01250116
00de00c6
00d50142
010d0159
00f00182
01050140
010a0145
01590139
017900ff
0147015e
013000e6
01570180
010500f9
011b0142
0145015b
010100e1
0112010a
0116018e
0123016b
0160011d
0127011a
016e0135
01390110
012900fd
00c300f3
014b015e
00e500ed
00f90115
00fd00cf
00d800df
010700b5
00b7010d
01950115
017500f2
01800175
010a016e
01390149
014e0157
01520189
01230142
00f8012e
01300129
013200f3
01120165
013700ee
00cb0105
013e00d8
00e100f6
012e00d2
00d0017b
0100011e
01210199
00ef0102
010a0137
0192012b
00fa0142
00f6011b
00ee01c7
01450103
011e0123
00f9013e
00ff0120
00db00d9
010f011b
0162010f
01200127
01220117
01c200fb
01270129
0119010f
01270180
01050109
0142016e
01590162
01650103
01600157
011a0167
019b01fb
01620137
01500190
00df00fb
01290130
01500150
0115014b
01400189
01110167
011f0167
01650149
010b0150
01270169
011f0145
013b0121
00e90102
00f80105
00e100d9
017b00b8
01160101
00eb00cd
00cd00d5
01590159
011000f6
012e010f
010500f6
01450100
00ee0139
015e019b
019b0110
016e0130
0127011e
00de0123
0109010b
00eb0162
00b500dd
00d600bf
00df00bb
00c200f0
013200bd
00c80125
011100c8
00ca00aa
00f300fe
00d000f3
00ff0169
00d100f1
010e015e
0109011e
011b0129
01420130
01290175
013500d8
01370152
01720147
013b0195
01290129
01890179
01270172
00f10147
00e000f9
010e011b
012300b9
010500e9
018000fa
0132012b
010f00f9
011b012b
01450187
0118012e
01080113
013b0175
01590172
012300f6
01050155
00e80169
00d600eb
00e20112
00c700d8
00cf00af
00be0098
00d500ba
00e300a3
018b015b
01220116
00f30157
016e0129
01470150
012e00eb
01f901b2
01570123
016700c6
01350137
01b90100
014b0160
0182012b
010b00cb
013b0120
00e7010f
011900f1
00f90142
015700d2
00fa0120
015b0159
00d80101
00ef00e5
01120132
00bb01b5
013b0125
012e00ed
00e300f5
00f800fe
00f80101
011600ef
00d500e7
00e8012e
01370110
01550106
01b501ee
01350122
012b017b
018000e5
013b00e8
014b00fa
0108014e
00eb014e
010b0100
01130142
014900f9
00f800f1
01020139
015b010a
011e01c0
01520127
010d011a
01500159
01370121
01250117
011500fe
01290147
01250112
01470172
01550170
0152011d
01650149
0169010f
01290182
012200f5
013e0109
01520135
02200139
012b018b
012b011e
01370197
01720127
0170011b
01370162
012001d5
0123011b
01500121
015b0140
010d015b
00e60129
014b00e5
012b010d
00db014e
01700130
011f011f
012e014b
01210115
01110137
017e01b9
016500ed
013e014e
01290149
0157011f
013b011e
00f0011f
011d0175
00f300f7
01750175
00d9010d
01180129
01060167
011e0167
00c7014e
01190115
010900b1
00ba012b
00f10127
013b012b
010a01b7
010b00e9
00f600fa
011e00f5
010500ea
015b0147
01420170
00f200f8
00d20169
0160012e
011e0179
012900ce
012900ee
00fa0132
00fa0111
01870113
01720177
01170127
013000e2
01220130
00f700ee
01400169
010e0129
011600c1
00e20102
011500c9
00de012b
011000f0
0129011d
012b0103
013b0145
0197010a
01400175
015701f9
015b0150
01020150
011a0117
01b50135
012301b9
01500129
010a015e
012500db
0129015b
019900f8
01110106
01750187
00f10116
0132010e
01210129
010f012e
010a0159
010800bf
01720109
0149013e
00fa013e
014200c2
01300101
013000fa
010f0106
00e800f9
014e017e
01270175
0150012b
015b0160
01c90187
01790172
019e01a0
01d00145
00bb00d7
00df00c6
00fe011e
00d30159
010300bb
010f0103
00d500f5
01450142
01180137
01250145
00ff0130
010b0160
0142010a
00d8012b
01220155
01690135
00ee0157
013500ef
00ad00e5
011b00d2
00e800d1
00e000da
00a600d8
01010107
0142010a
0137012e
015b00d2
019e0127
0167013b
0132010d
0119014b
016e0147
012e0109
01550139
0145011b
00ee00c6
010300e6
01300107
00cd00e8
00db00e1
01290122
01520175
01020103
015e0127
017b0135
014b0108
01250110
00e5014e
012900e3
010a0170
010e0149
00f30127
014200fa
00d600ee
00ed011d
00d300b9
01190160
01220127
01180150
017e011a
01370147
013b0165
01700115
014e016b
01a20115
0162013b
01220145
01180162
015200ef
00d30127
01300129
014b0110
01080116
011d014e
012e014b
00f800d0
01450122
00e90129
010100f3
01350106
00f3014e
01020130
012200ea
011600de
01110127
01180120
01820132
012e015e
01820127
01470115
012e0159
01270130
01090113
00bd0152
00cb00f1
01300103
01970132
01320119
015b0172
01450140
011e0149
01210150
01290169
015e01de
01390150
01690125
01170167
010e00d0
01670167
01620165
0162016e
0157014e
00be011d
00e70127
011a012e
010a0103
015900fe
013b00d8
00f70109
01520127
011300fe
011a01c5
0123011d
00c0011a
01300123
00df00b7
00f3011e
00f3014e
00ea0139
0135014e
0145013b
014b0132
01300102
00f300f7
01180157
010a00ce
016b0120
0130019e
00ed0132
01900142
00f50149
016e016e
00ca00fe
011000fd
00d00169
00ef0110
01270199
01290152
01600175
01720160
0169012e
01570130
010700e3
01470127
01720107
01570101
010e0135
011a012e
013e00ee
01350197
013000c9
00ee00c3
011300e3
014000f8
010b00d3
01190140
01160111
013000d7
01250182
0122010a
014b0135
013b0167
0102017e
01170185
01720150
01750152
00e100c7
00f50155
0142014b
013500f7
01590123
00f300e3
00f800ed
00ed0109
015b0137
01160127
01250120
0116013e
019700de
0117017b
014b0109
0147012e
01470107
010a0118
0162010b
0102011d
00e00185
013000e2
00d70149
014e00ce
00f700e0
010200d7
011e00ed
00d800f8
00d800ef
00da0107
00aa00a3
00e00097
011d00d3
017e013b
011f0149
01370100
01450195
012500fd
0139019b
01150130
010d0109
01130167
012b010d
01a70119
01400139
013200f7
00c50197
01450121
00f90150
01800111
01670118
01210117
0160014e
01f20117
015e01e0
01650140
017700f3
011701a2
00d2012e
00ef00de
00cb0100
00e700d7
00f600d5
00fe00ea
01100127
011700b7
00d20139
00d70101
00bf00b7
00ea0107
00f200bf
00e600df
01170137
011700fe
011500fd
012e012e
012b0130
0116013b
014e0137
011900f9
01270147
016e0159
01570150
0135011b
01500185
00f700ef
01a20106
0115013b
010e0108
01420142
010a00e9
01060103
00f500da
0113012b
01110103
00fe00ef
0125012e
01300140
01bb010d
01800157
01390179
013e0162
00f60118
013e0119
00de0129
015b01d5
00e00180
010d010b
00de00f8
0132011a
017b00e9
00dd00e0
01420139
00ff01a9
01450167
017e0169
01350127
010e0117
01500165
013e0162
00ae0110
01020110
00df00ed
00fd00cd
010800f5
011500b6
00c8010d
00c70103
012100f1
011e0127
013e0137
01130140
01200110
01010118
0111010d
00ff00de
01290127
015e0125
016e0129
00f301cb
012e0127
015b01b2
0132014b
00de010e
0139010b
0139010b
0139019b
0149014e
01400123
0130014b
01400130
012e0172
01970115
01470135
01390127
011500da
013e0111
011b00e8
00ed00f7
014b00d3
011a0145
01500105
015b0162
014000c3
010a0140
0123010f
0130013b
0139012e
014500e9
0139015e
01390122
00ff0101
012b0129
010000f7
00fb010d
01250139
011f0130
01ce0189
019b0140
014e0108
01400125
01370140
01490145
014b0172
0147012b
016e0160
01160175
015e0219
01210106
014e01b0
013b0135
011f0100
01110125
01de0169
01870113
0197011a
01450127
0116010a
01070190
01150121
018200fa
013001f7
011001a7
010f0140
015b0199
01270142
01400162
01820159
0165019b
013b00f8
01470177
01290185
01800235
015901cb
01db0135
014e013e
00c60185
00d600b0
00f9014b
0129016e
014b0172
01250125
00d80102
00bf00e6
0145014b
01490108
00d90152
01090167
01320147
0150019b
01470106
00ff0112
00db00ef
01370139
00e9015b
012b010b
015b0157
011100fa
00e800f9
00f600ea
01190145
01130167
017b013b
01120130
015200fa
01800199
016b0157
011f0119
010b00e6
00fe0129
013b0119
01320145
00e6010b
013200ff
00eb00b3
00f7011f
01390102
013900f1
00f50152
00eb00c3
00ea00ee
00be00de
010d0127
015500f5
01420187
012100f7
016b012e
00f80103
017e013b
01160160
010e0139
01350170
012300d6
013200fd
012e012b
011100f0
016b0159
01600100
010f00f6
00c90127
0120010e
00f90101
014500fd
01590155
01230157
00f8013b
01130152
01ab0111
00d80102
01120169
010b014e
015000ff
016e0169
00f90155
01270149
0116013b
0110013e
01690103
0195012b
01270137
0160010f
01110147
011e016e
01620150
01500111
0137010d
011a0195
0116010b
013b0135
01670125
0102018b
014e0109
00d900f9
01650101
01550129
00f20105
012e0142
0121019b
014e0152
01900155
01120110
0169015e
01250197
01190142
01110145
012b00f8
011700fb
00e7014b
00fb00e3
01270132
0139010f
01370127
01490123
012900ef
011a0113
0122011f
01550132
01250165
012e0116
010e0142
01620152
0190012e
01520159
0150012e
012b00fe
011f00e0
015900f8
01420101
012b0190
01030169
013500f8
0147010e
013500ca
01600139
01150137
01100177
00ed012b
00de0106
00e10102
00d8011f
011f0129
00ef0122
00fd0140
015e0140
01030182
00e6011d
00f70120
017b0142
01150129
00ee00f8
010b00c3
00ed00f0
0157011e
00ef0111
00f60113
011b012e
010600eb
01270155
01890145
013e012e
013b0130
014e0135
01690132
010d012b
01450159
012b00dd
01220132
01290185
01620179
01400115
0177014e
011e0127
012e013e
01070177
01130127
00ea0159
00c900da
0129013e
0108011e
0135010f
00c00200
00b100b0
00970097
00ed0097
007f0091
00d0007e
00e000bb
00a700c1
0132013b
01470177
01870165
016001ab
0170016b
016b0167
016201ee
0123016b
00f600d3
01a9014e
011800fe
0152017e
01070123
01520113
01250132
011100e1
008900c5
008b008a
009a007f
00a200ab
0087008d
008700a2
00a80072
009e00b5
015b0135
01270137
01160172
014001a5
01790167
015b01a0
018901ee
01990132
00ca00fd
00ed00f5
0127011a
01370150
01090130
014b014b
00f7012e
0139014e
01470113
012101c7
00d6012e
00cf00e8
00e900f2
0116010b
00fd00f0
00cb0130
015200e1
01850185
017e0103
00da011d
013e011a
014e016e
010500fa
01070140
00f700fe
013b0135
01570147
013e017b
014e012b
0102011b
011b0119
01210129
011d0139
01450150
01160127
012e0149
012e0135
0125011b
0113011a
014b0180
015b00e3
01ab0127
00e30106
01200127
0185011a
010a011a
00f300e3
00cb00f0
013200f9
0155013b
00eb014e
00f20110
010300f7
00df00ef
00f800a5
00ba0135
011500f6
00f601a0
01420177
01790149
010d017e
00f60102
0175018e
010d012b
00e80106
016e0185
014e0195
01070180
01f500ba
014b00fb
01370130
01210140
012200d0
012e013b
0102011f
011900fa
01300115
00de0121
012b0121
00f60132
010e0119
0142013b
0107011e
0139011d
00fe0137
014701a5
01250109
00e30113
01770162
01200105
01750113
0137013b
01160119
0123014b
00f0016b
01500142
00ef0121
014000fd
00ed0157
01890145
01250165
013b00ef
00f10177
014900f0
00ce00f5
00f70108
00d1010b
00db00e3
00fb00f9
00ee0137
00ee00d7
00e800e5
01690135
011100de
01850155
01230167
01790179
0106015e
010d0177
01320117
01320162
013501c7
01370159
012201c7
01570195
010e00f8
00f30149
012300ea
01180150
0129014b
012b00fb
01190157
0159010d
01390147
00f10122
00e1012e
01590105
00fe0185
0116013e
0127011d
00fa015e
00e700f8
01520139
010d012e
0127011f
013e0121
013b0117
01490113
01590103
01b500df
01390177
010600f3
01250140
0139012e
01230111
01300147
0170018b
01450180
01120127
00f9010d
011800ea
01770100
01490105
0139011a
011a0120
00cb01b9
0123011d
01570160
017e010e
0147016e
012e0129
016b0119
011b0150
01500140
0106012b
01390137
01400150
00ed0116
01010111
012b016b
01470102
01400123
017b011a
01370132
011a0108
0119013e
01a70112
0115015b
01ae0160
017b0113
012b011d
016e010d
00ee0123
016000f5
016200f2
0155011d
0135015b
01290135
01ae011d
015e0139
01210189
00df0155
01520150
00d9013b
00df00eb
010f00cd
00e900d0
00e50115
01970195
010d00e6
011b0169
011901bb
019001bb
01e50172
01850135
01950147
01490119
0180015b
0160015e
0165010f
0127011e
01570118
017b0162
0145015b
012900fd
014e0189
01390116
01770118
00f90150
00d800ef
01290130
012500e8
013b0117
0145014e
019b01ce
016b0140
00f20149
01500142
01000159
0137013b
01000169
00ed0121
014e012b
01180165
014200e7
01a20132
01570125
01250109
015200f9
01620130
012e00c9
010d0125
015e0101
0140011f
01f20107
010f0121
012e01b2
01950152
01720120
01d0015b
0175014b
01490129
017e0157
012e0142
0100014e
01010152
011b0120
017b0112
014b010e
01200118
00f00129
010800f3
00c80108
00e80137
00f80139
0120010a
00d800d9
00fe0121
00ea010f
01070129
00e50120
01320162
011300cf
01350118
0182012b
010d0109
0107015e
00e60150
01c0013e
015900f5
012900f0
011f016b
01520152
02520123
01700157
01500167
01470113
01370116
011700eb
012300f9
010e00ef
0116010a
00fe0107
010900e9
014b0120
010e012b
0111012e
01550137
01600119
01a7010b
010500f1
01230121
013b0121
010e00fa
0137019b
00f7012e
00f6010d
00f500fe
013000da
01370109
0142013e
013e010f
0175011d
011800ff
00fe0115
00fd015b
01190147
012e0103
01290139
015b01a7
00ee00df
00ca00b3
00cd00c9
012e00f0
00e200ee
00b50111
013b010f
01270123
016b014e
010e00e9
01400125
015000f0
00ea012e
01300112
01950100
023701fe
00d200f9
013200f9
01420116
00dd010e
00ba0140
011f0116
01370140
01500119
01770199
01c2012e
010b0137
010e015b
01090167
012b013b
00d80195
0155016e
00f1012e
0152013e
0109014b
012000d8
00d700cf
00de00d5
010b00f7
015e0160
017b015b
01350167
01590121
0147015b
01370125
0167013e
012501a5
015200e3
011a016b
01970167
00ff012b
01690157
01470139
011e0119
0127017b
013b0140
01190127
0145014b
01620139
00fb0150
01170132
01120172
013e015e
0137018b
00d0010d
00ca00c3
00f100ed
010f0175
00eb00fb
00f70123
013b00c1
01400150
01230142
01490140
00ef0115
00fb0106
015200ed
01000155
00d20130
016e0132
01490130
01520172
01a20169
01320152
01010129
01600140
00e300e0
017700f0
01490132
016000fd
012500f2
017500ee
012b0108
00eb0113
00ef0145
010701c2
01180117
01220117
01290129
00fa0167
01350108
00f800d8
0110012e
014200e1
0177012b
0101010e
01160139
0149019b
01590199
0169013e
01890130
019700f7
01a7012b
01230137
017e0137
01290145
01750142
01090170
019b010b
01b50137
013e0145
01390111
010900fe
01030160
01160130
012b0167
00dd00eb
01950129
01200195
01090105
015e00fd
00da0155
013b00f0
00fb00fe
012200fe
0121010d
010200f8
010500f2
00fe0139
013e0189
010d0103
013500f2
0130012b
00f00120
00e000eb
01010121
00f50113
01120102
014b0157
01110102
01230107
0140013b
0147013b
01180152
01020127
01390123
011a0162
01300150
01030100
0150011f
01520145
01400100
013701a2
00da0130
012e00e0
01600127
0150010b
014b0180
00d500f2
01390121
01130108
00f700f7
012700fe
01400115
01590116
00bd00d2
00d900c9
00eb010b
012300be
00db011d
00f50147
012e00d8
016b0112
0189013e
01110162
011b0140
00eb0139
013e0145
01550172
0129012b
0105013b
014200da
00f80105
0149012e
01300152
015b013b
013001b0
00ea0112
011d0115
012b00f6
00a500d6
00f30135
00f5017b
012200ee
00e000c3
00dd00ee
0112009e
01370177
01120129
00ea0122
00b7010e
01200115
012900e9
00d700d5
01010108
00fe0179
00df0152
01670170
01320121
011e0159
01320159
01790132
01070109
00be00ca
00f5012b
00f60120
00fa00eb
00e50112
010a0140
00de0110
014b012b
011e021b
01a90102
00d00137
011b0169
0113012e
015b014e
01720116
00db0113
00c000c0
00fd00a2
00c100ee
010000f6
00f6011f
013200cd
00cb00d9
00c600f2
0190013e
0165018e
01270118
00d2012e
00c90122
00cd0121
00f9011a
012000e7
00df00d0
01180155
010b00d6
00bb00e1
00d3013b
00de0113
010f010f
01320130
013500fe
010b0103
01420132
01a5010f
010f0135
01450155
0159014b
00f6011d
01010187
00fb0102
00da0149
0137019e
01020140
010d00c2
00f00135
00f800ff
01390175
01590152
01160149
00fb00ee
0100013e
012100e5
00ea00b0
01520112
017e0127
01180139
00eb0120
00ed00f7
015200ed
01120159
0152011e
01650179
01100187
01320160
014e0169
01550137
0170016e
019501bb
017b01a5
01030185
011300c5
01000130
01320159
01490152
01080139
00fb0179
01050107
0169010f
013700fd
013501ee
01670152
013000e6
01470132
0130015e
01590129
00cb0132
00d300d8
012b0127
01010122
012900db
00f50109
012700fb
01070147
017e0108
013e015e
01e50155
01650125
01290137
0118018b
0177014b
012e015b
010900f5
016e013e
016e010f
01450155
01590139
014e01d9
014500fd
01300159
011b0119
0121012b
014e0135
015201c2
0142014b
01350142
01670157
0179013b
00d700e5
00e500c5
010300ca
014500ef
015900cf
011f013e
010f0132
012b00db
00f200f5
0127015e
0147017b
01230105
011b00e6
013200f0
011700e3
01050101
0122011f
01450135
0123011f
013e0182
01470111
018200f7
0103013e
014b00f5
014700e0
01320197
01080113
00f20129
01300129
016900d5
00df010e
010600cf
015b0139
00fe0159
011d0145
011f00ed
012700f1
01230125
01080105
010b0100
01080129
01820147
01020127
014e00ee
01210145
010f00d9
015b015b
01210118
01000132
011e0135
011a00fa
011b0119
01020145
017700f8
01400135
00e70115
013b0135
00ff00fe
014900e1
011e0108
00ee010e
010200fb
01620107
014900f1
00d200eb
0192018e
01350108
012500e5
010800e0
011800f7
010100da
00d300ee
012200db
01d20130
01770132
01320129
01600121
010d01d9
015e0155
0147016b
013900e9
019e014b
01050157
011b0132
00ee0113
010100fa
01210100
00e30102
00bb0140
010900e1
00fa0117
00ff00e2
012e010f
012500ef
01390152
00fa013e
01390155
0155015b
019e0205
0160010e
0120014b
013b0118
01080116
01090113
014e011e
016e0108
00ef0110
011d01a2
018001b2
01420149
01800180
01670115
00c900d7
01670100
012300ce
00f500f5
015b0152
00d70105
00e200fe
015b00db
00de011d
01370132
011b014e
011500f3
013500e9
0123017b
00fa0127
01160105
01990129
012700de
00f30109
01390121
01890175
01370127
010a0167
0149010b
0113013b
016500e5
01270125
010200dd
01520130
010e0139
0152015b
00de0169
01320135
012e0132
011a012e
012e0177
01450129
010a0142
01420103
010d00eb
01270157
0106014b
011b0149
01700101
01820118
0160019e
012701a2
015001b5
01520130
01b00152
01a20119
01670162
018001a7
018501b0
0177015b
013e015b
0106011e
014e0135
01250145
01030177
01270149
01120101
01770160
011b011f
015e0127
014200f9
00f90165
015901a2
0135013b
01350122
01450182
0142011d
010e0105
01390120
01110137
0160010a
01090165
00c5019b
0125016b
010d0172
010d00e2
0192011d
01080130
00e80125
01180137
01370122
0139013b
0155013e
017000f9
0162012b
01190182
018501b5
00f20108
01210152
012e0137
0115015e
01180189
010300ef
0140012e
011e00f7
00f500de
00d0012e
010300f0
00ee014b
01eb0145
01250135
01a20147
01200129
012b0207
01a00172
01720142
011f013b
010000e2
00ff00f0
00f5016b
01290129
0140015b
01320149
01220160
01170123
00d60111
01a70139
0139010d
01490111
017000ff
01190127
00e800e7
011b0101
00e900ee
01d50169
00fb013b
01180185
01570140
00d2012b
00e30101
00ea00e9
00fb0152
02000129
01250111
01500169
01c200f3
01190149
012b01b2
00d3014e
00e100fd
010b012e
014200ff
00c80123
00f60130
00fa010e
00f700f8
00ee00de
010a00d2
01950109
014500f8
0100011d
00ed011f
01750116
00fd00f9
012e0122
009d00ed
00a600ee
007b007c
00a1009d
008d00b8
00b0009f
00e00091
00c900a7
0121014e
01b70165
00f100fe
00e700f7
00f300cf
00d100df
00ef00c8
00ad00e5
00f600f0
010a00b1
00cb00c5
00da00e1
011200fe
00d2011e
010f00f9
00d70102
01590169
00f70121
011f0160
0159017b
02290132
018e0177
01700165
01ce0162
0127016e
0120010a
01300129
01490127
00fa011d
00e70159
011900fb
01060115
00ea0117
010b0129
014700ed
0115010a
0165010d
00c900ed
00fa00da
01790139
014900f8
016b0157
0159013e
01200115
01210110
011000dd
00f90125
00cf010d
00ff00da
011d013b
00f60110
013e00e1
01570101
015e013e
011d012e
00e600e7
011300d7
01b9014b
01900190
0117012e
010f00eb
00df0127
01500110
01110113
01230142
0102010b
016500d6
00f1015b
012e011a
00fe010a
00f60147
011b00e0
019000e9
015b0155
01650177
01870135
013b0130
013b010b
00f80140
01c500ef
00e50135
013e0125
011d010a
00f001b9
01230108
01520120
01720142
011f0119
011000b7
012b0130
01070106
00d8010d
00d000da
01180116
00ce00f8
00f50103
00e9013e
015201d9
01b90115
00f60137
01170155
0117011d
01180100
01000125
018700e2
01050130
01600170
01590172
01670155
01180169
01390160
01ae017e
00f30100
00e200d3
015500e1
00da00cd
00fd00bb
00cb00c6
012b00e7
00e200ef
010700be
012e0145
01060150
0147018e
01170120
011800e7
010e00eb
00e90112
00f00167
01650130
011d00fe
0132017b
01180125
01520139
00eb0159
01b2014e
00e800e3
00e300e0
01890147
00da00d8
011b0137
01470130
017700ff
01890140
01420180
01c200f3
01150177
01ae019e
01a00127
018500f0
0137015b
01200160
017b00fa
010f012e
0101013b
010b0172
01950157
01100132
011b0132
016901b2
015e0127
013e00f2
00e70127
01900150
0162012e
01870187
0150013e
01110142
018000cb
01350170
01520160
01190137
01270108
0119014b
014b00ee
01070139
00fd010d
010b0167
01290132
00eb0123
01320108
01010152
00fb0117
00fd00e9
010b0135
01990165
012901ab
013b010d
011b011e
014b0149
0108016e
010700d5
01210102
011500f3
014b0149
0103015b
018000fa
01590157
01200157
00ed0130
010e012b
01f00180
01420155
01300147
00e100bd
00ef00f8
00be011a
011d00fb
0102011b
0119013e
01090130
0103011a
01620135
01120139
01190147
010b0130
01010137
013900f0
011f0152
0108011d
0175013b
01210142
01100107
01300182
00e800d2
0152010e
017200f9
015b0159
013700ea
00e500f9
00da0102
00dd00fd
01d5013e
00e60103
01350129
013501a5
011f0157
01970159
018e0160
011d017b
01a500fa
01070127
01160129
01820177
010a0170
011d0117
015e00f1
01190112
01080120
010700e8
010100e8
010a0102
01970172
01650115
01820147
01290157
010b00fe
00d100fb
00d30109
011300c2
01170121
00f50172
00fd00fd
010600ce
013e0152
01590195
00ea015b
015e014b
0180015b
01030130
00ea00f5
00f300fd
014e0123
01590123
01a200e8
011b0129
00e30169
01600135
0118010e
015e0132
015700f6
00e300eb
00c500ba
015000e2
00f300f7
01010130
00e30101
011e00f6
017000f0
0119018e
011e0142
01210122
012e013e
013900f3
00cf0159
00fb0118
019000eb
017b012e
01230142
015e0116
00e2011b
00f500f8
010800ff
00fe00cb
01890189
01570132
01110130
01bb016e
016b019b
0189018e
012e021b
016e0175
00d500db
00eb0197
00b800c2
00b700be
00c6009e
0092009d
0087008d
009d00b1
014900fa
0150018e
01390165
01370165
011b00fd
0152014b
013b014e
0139011d
018b00df
01090182
01250149
0145011f
014e0142
012e0150
00fe0112
01870127
015e0132
012b0137
0130017e
01500142
01600127
0167011f
0155010b
01420123
00f900f9
01590172
00b60167
01130120
00fd00f5
015b00e1
00e7013e
013200f2
00fd010d
017b013e
00e501a7
01320140
014e0135
01490130
014e0130
00e900f8
00ee00fb
01370140
01110127
00da0147
013000ed
00eb011d
010000f7
00e700f7
017b012b
01a50145
01490155
011a0187
012e0129
01450199
00fd012e
01900157
019000b0
0130016b
00c8016b
011500e7
0147012e
00d10172
00ea00e2
00f6013b
00ff00e2
01080139
01060140
00f200fa
00f2011e
00ee0169
0130010b
015b00f6
0111013e
01320169
014900f3
01350195
01ab011b
010a00f0
011300fa
01180109
011600db
012900e5
015700f5
010e00c0
01320120
013b0125
013000e8
013700fa
010f0137
00e50162
010900fa
00ef0130
015000de
00ae00de
00c100a8
009200cb
0130011d
014500e0
01290145
0172011f
016700e9
010d00e2
016e00de
00ff00e1
01490142
010e00e2
01720189
0110014e
01570129
01500119
015b0139
013b0112
01800127
00ee0115
013b011d
014901d2
01320122
01180135
00e9015b
010d0189
00e70103
012500fd
00e500e3
00d0015b
00e2013b
01190182
011300ed
00e700ca
01270121
00e700fe
011600f5
010e00bd
013b00f5
01320100
01270102
00de00d5
012e0116
01110102
01650149
011d010a
0109012e
01190152
0142017e
016e013e
016900f2
015e0175
01190139
01450125
0145014b
00f001a2
015e00cd
01750140
0113016e
011e01ab
01270142
0175018b
013e01cb
01060127
01850147
014b0135
012300fb
00ef011d
00ed00f6
0137013e
00dd013b
0145014e
015b0117
015b0145
00ff0110
00f200d2
015000df
00e200e5
014b013e
01220127
01470120
00b70120
00fa0159
011f0121
0135013b
0129010b
012b0149
01a00119
00d10119
010e014b
013b00c8
00fa0112
00af00f9
0109011b
01080115
012b00fb
00af00c3
015500fb
012500e3
0152015b
01350129
0135013e
013b0120
00f800ae
011600fe
010a0129
0112013e
00f200f1
011500f6
0170014b
011a0112
0123013e
011e0155
0107014b
012e0117
014e00f8
01450111
010300ba
011d00ea
010e0145
010300f1
015200f3
01200112
013b018b
0129010e
012e013e
01290102
01890135
014b0137
01250127
013000e1
011601a5
00db0149
00b700fd
00eb00a0
00c90109
00f20100
00f200ed
00c90117
0157017e
00e80129
01b700d2
018000e8
00b800f9
010f00df
00cb010e
01060137
0102011f
01520155
00ea0103
00ef013e
01050123
00e30105
011700e7
0165014e
01400109
014b0145
00d80175
01520107
01420103
01110132
01250127
0132010b
00e80122
00fe011f
00f200f9
01060140
01390130
012e0111
00df0129
00d80120
012e0121
010d014e
01070107
00fb0103
012b0110
012500eb
015500f3
00df0137
01320107
01020157
01120110
01400118
00e80107
013e00ca
011700f1
00d80101
01300105
00d600df
013900ee
01700121
01250147
00ea0103
00e50140
013900e5
015e012b
01300121
013b0140
00ff010f
010100f3
00db0118
00df0119
015700de
01520152
015b0149
01390175
013e0152
00d70122
012e0140
012b0180
01470115
011f0140
01720180
010e0155
019b00f7
01a90167
0129010b
018e0195
00ef010f
010d00db
00d700e9
00e000ef
00ab00fe
012100d8
00ee00e5
00cf00ad
01050147
015e0147
00ed0162
00d80149
00f7010a
013b012e
01220119
00db00da
01050139
01370113
010d0132
011d0185
010b014e
014b0106
00c500d9
017700f3
017500b7
00e100fd
01b20177
01110121
0119012e
0137011b
015900f6
01000129
01130147
0115010b
0150013e
011900c6
00ea00e2
01590137
00c90130
0113011e
01790125
00fd0121
013e0113
015900f5
0123013b
015b0117
0125011e
01010127
01170140
0129012b
0130011f
00f0012b
00fe010e
01720160
01370162
011900f0
016900e5
01250145
0100014e
010b012e
016700f9
013b00ff
0140010b
01470150
00df0115
01390175
013900f2
013200eb
01120137
00ea0147
00f300d5
00b700f6
014b0160
00fa0147
00dd00d7
01320125
0187012e
01120106
010300ef
00eb00f6
01790111
01150139
012900f8
01300129
017b00e6
01650142
0139014e
01190149
012300df
011000ce
01570102
01080117
01320121
010501a7
01020116
01200112
010101ae
011b00e6
00ea00d8
00f600e2
00d300d8
014500bd
00e300d9
012500f9
00d90135
01520149
0110012e
01c50160
01990125
016001c0
0179018b
01a50157
010f00fd
01650167
00f50157
00e300fa
00f30129
00e700d9
00cd00c9
00d50110
012700e6
00f00125
01270145
00ef00ee
015b0102
00e50127
015e0149
00f50127
010e00f7
01570192
01650129
011b011d
01250108
0115011b
01490129
0135013b
00eb0147
012700e6
009b00fa
00cd00a0
00b000d3
00e100ea
00e100c1
00d300cb
00fa0125
0140019e
010a014b
01620125
00ee0100
00da0185
00e300ea
00df0111
011a0127
01870172
01300160
015000fa
01190149
013900fd
01110135
012b011d
0142014b
010e010b
0195012e
01450147
014b016b
018200fb
01000175
017e011e
01a90150
01350127
00e8012b
00f70117
012b0120
01690123
00d60110
01290170
0175011e
00fd010a
014b017e
014b0175
0122019b
018e0140
013201a2
014900ff
01e90167
01d200d9
00df00e7
00e50115
010000f2
01000135
01300113
00ff0179
010100e3
010b015e
013500fe
012b010f
01390121
01300117
012b010b
009d00f1
00f900f9
01c5011e
011b00e9
01670135
0160016e
010a00cd
01110110
00f80111
011100fb
00ff012b
010d011d
012e0132
010a0101
01190113
013200f3
011200f6
01350109
013e012e
012b012e
00de0137
0152015e
01520140
015e0135
0135013e
011a0127
00f30107
00f80142
013900dd
01080109
00f000de
00e5011f
01000167
015000fa
00ff00fd
00f10113
00f500ee
00f10107
00ee011b
013000fb
00fe00d9
015e0129
01290155
0123019b
01300102
012b0106
010e0105
0105018e
01350149
015e00e8
019b0135
010100cd
01420106
00c80105
00f000d8
00e800cd
01170130
01320132
011000fd
01350116
01600155
00f60110
012b0142
0127013b
012e0170
01400152
00f20132
0150013e
016000df
016b0115
01490125
011e015e
0185014b
014000ca
01220142
0106016e
013000f8
00f90187
00e9012b
00f300f8
011500fe
0197016e
01390162
012e0108
012e0189
01320160
01290132
01620159
016001d7
011b0101
00e70118
00e100c1
011500c6
00de00bf
00f100d9
00e300de
00b500ea
012b013e
015900da
01350147
01000103
0117012b
01000103
00eb014e
011500f8
01130123
011b014b
0147016e
012b00f3
00d30135
01200127
00ff00ce
011b00e6
0107010b
00d800d5
012700fb
00fa0116
01570127
011e00f3
0129013b
0102013e
016900ee
01420142
00f80132
0118018b
01520139
014b00fd
01c5017e
01bb0152
01270123
0100014b
012100cd
01ce0102
010b010e
01300115
01000103
01250108
010b0108
01210111
0159011e
011f0130
00e50108
012900f1
01070125
01290106
013b011f
0130013e
0175019e
01be0150
01a20147
01970135
01a50150
016e0197
01450103
010a0116
010e00eb
00f000db
00d500f0
011f00c9
00ca00ed
012500e8
00e500d3
01300142
01ab01be
01490160
010500f9
00f900e5
013200e8
010600cd
011a011e
01050118
01010115
00d200ed
013900f7
012b00f5
01070140
00f80105
016500e9
011e0108
012900fd
019b01b2
012900f1
01700117
0108012b
01f90129
00be00c1
013b0165
00c300e0
00e30082
00de00ad
00d700ad
00c200a1
009800c7
012e00ff
011e0160
0127011d
01270157
01200123
010f0102
0135010a
00ff0120
01650115
012b0106
01f70120
013e00eb
01890117
0187011a
01190192
011d0140
010001c9
00fd018e
0113013e
01670160
01270127
01920145
00f8012b
015700e6
00ed0106
01370127
00d3012e
012900e5
00ef00f8
00e900b1
00e800ca
00dd0112
010100e8
00d900ff
00ee00d9
0115010b
011900b6
010f00fb
012000db
00eb00cf
00cd00bb
01070117
00f90127
00f500e5
00e600f5
01400100
00ba00d7
01a000ee
0175011b
01390159
010a014e
01390139
01230189
016b010e
01300189
00ef0121
010900e0
0147014b
010a00e9
01700109
0169015b
00ee00fb
00fa00ce
01300152
00e80111
011f00d8
00d5011e
010900ee
012700d3
00f60170
012b010d
00db00f6
010900e0
013901b7
00fd019e
014e0157
012e0127
01600165
01700121
0132014e
00b000e9
01450170
011300ed
00d500e2
014700f2
00eb012b
011a00f7
00cf00fe
0157010e
00ee0149
011b0101
010d011f
00f500df
01300152
010f01a2
012b00f2
00ee012b
00fe00ef
012b017b
010b00f8
011d0142
01080167
01100107
010d018e
011900d5
015e0119
0147016b
0170017e
012e0129
012301c2
0187013b
010e011e
0116013e
013b00ef
01070118
011d00fd
01690149
010a0129
01520172
013b010d
01770135
01230110
012100f1
01450139
00f70116
010b010f
0129012b
011000e1
011d00f5
01180157
00f700ce
012500e5
00c70117
00e8014e
00f30106
00f800db
01800125
016b010b
018b011a
015e011b
01520145
00f7014e
00f800e8
00d6011a
01490147
01500145
00f7014b
011100da
01150125
00f20115
00da00eb
010700eb
0132011f
019e016b
01110155
012e0132
01690140
00f6014b
00e200ed
010e0180
013000e5
012701a5
00d700f5
010f0106
012000de
00dd00c0
00e700df
00e70109
