008300c6
008100c5
009800a3
00880071
006e00d0
00b0006e
00740083
00810069
005f0075
00780073
00740092
008a0083
00c1008d
005b006e
005c008d
00510075
00990088
00640083
005a005d
0086004a
00560067
008c0067
00a80056
005c0063
007e005f
00bf0067
007b0065
00af0052
004a008f
00820083
0045008e
00750039
00650046
00550039
00360081
007d006a
0074005a
003d005c
005a003f
006a0061
00800040
00510023
002c00c9
0039002a
002c0051
00410074
00240024
00230022
006f0083
00840139
008700be
00950065
00b10087
00870081
009e009b
007e0092
008c0095
00820071
008e0077
0085008f
008600a6
0086009f
00a1008d
007600ae
00c20075
007d0088
00a9009e
00850075
00ae00b3
0095009a
00e5009d
0071006d
026500aa
00b300ce
00a80080
012e0091
00d300a0
007e009a
00dd00a6
0087006c
01b90092
008500a0
008a00a8
00a00085
0097007d
0080009e
00970063
00db0062
007b008a
00990086
006f0075
00c10065
005d0067
004b0063
00630065
00770073
006f0077
012b00f3
00df00a5
006900fa
00e20063
01370045
00ee006a
0049004a
00e2008d
007d0054
006300a2
00710037
004a0063
00410061
004a005b
006d0067
0065005a
0047004d
00490048
003d0039
004f0038
003f0037
003d0038
0042004d
00e10092
00b600ca
007e007b
0096005e
00930115
007a00c0
009a0085
00910077
00a10097
008600b6
009000a3
00920081
006d006a
007a008b
00690083
00760087
00740076
0070007c
0089005e
00590080
007d0066
00860081
00720065
00630057
005900ce
00790095
01ce006e
01270088
00a9007d
008b0091
006b006a
00a20085
00c100b5
00a9007c
007f00c6
00b6008d
007d00af
00d300d0
009a0098
0103009d
006e0069
008500f3
006a0085
00830075
009600c3
00a70081
007e009b
007a0085
0102009b
00d5007a
01eb009f
011b0096
009d0096
007e0237
009200a3
00c600b9
00b2008f
008900a1
00a300b2
00ba00ad
00a500b1
009b0096
009b007e
00a100b7
007a009e
00d10090
00c30098
00ab0077
00aa007f
00980084
0067009b
00890082
014000d1
00ea0175
00960084
009a0082
009f008f
007f00aa
0081007d
00d1007a
007400b8
00780060
007b0095
008a007f
0078008c
006a008c
008b007e
008d006a
008a0061
005b00c6
007100b9
00da0097
006b0076
00c80063
0062005b
006f0057
00c500a3
006f00ad
00a9007d
007a008a
0097008f
00a70096
00c30098
00a000b5
0089009b
00870070
00c70081
00aa00cd
007d0071
00f6007f
009a00c5
00620089
007a0095
00ca0077
0077007a
0072007a
008e009e
00610069
00a20070
00770099
00e300a3
0169006e
01be0087
008f00a5
011100ce
01720059
01420091
01a00066
004800b6
00a20069
0130009e
0209008b
00e1005e
006a0033
004d005d
004c003d
0069004f
00a1005a
003a008b
0039003b
00520044
0036003c
00470034
00350044
005d005d
0062008d
009300a0
00fa0081
00660092
006c0092
00820083
009900a1
00c20083
00970062
00890077
009a007b
0072008f
007c00b3
00640082
009200ae
0076008b
00870088
00a3009b
00990079
006a0071
00760075
0092007d
0076006a
008500c0
00b10076
008a00b9
00b700b1
007f0089
00720082
009e0082
00b10073
00ae00aa
0072009b
00f000b8
00c5008f
00cd0093
0089005e
0074008f
00830069
006f00d6
00720057
0044007e
0065008b
00980062
00770058
0097005f
006d0066
010200ce
00a80083
00870084
00a1006d
00b00077
006b007a
008300e2
006f0076
0050008b
00820067
0063004d
008a005d
0048009a
004b0050
005a0057
008900d9
0053003c
00510037
004e0039
00470040
00400047
00590069
0033003c
003d0039
010e00d1
008f00df
015700a3
009b007d
006b0079
006d0130
010e007d
006e008b
0097007b
00910078
006d0085
006f0079
00b2007a
007e0076
009d006f
00b90081
008c0058
00790071
0067007a
00be00c3
00740086
00960066
00870073
007a0059
013e0089
01f70111
015700cd
007500c1
00b30065
010e0064
00af0066
00840077
0080008a
00a50073
009000a9
00c700c7
00d900b5
00c70083
00660060
009800b7
0077007e
003a0063
005700a7
00560041
005a00a1
00a00048
0046003f
00400059
00ed00f0
00950127
00e70098
00bb0067
008f00b8
009f0093
0083006a
00c00091
008b0091
00850067
009d00d5
00b90099
00ad00a8
00860092
00a10099
00660086
0075006f
00860070
005500e0
0086006e
0050005f
00a9007a
00760063
00650065
007300ab
008f0082
0077006e
00a700a8
008900be
00b10092
008e00ad
009700c5
00a300ae
007c0082
00c60087
00b900a5
00ca00c1
007500d9
008200e0
00820071
009300a6
00a0007d
00860073
00810082
0068007e
007c00a1
00760080
006b007d
00b20139
0069008d
00aa007b
00790092
008b0073
007b006d
00c8008b
00c7009b
00700072
00a300d6
009600a0
009700af
00d5006f
009e006c
0080009a
008e0073
00880083
005900a5
00620077
007f0067
0063008c
005e00a1
00660046
005a005d
00870077
00690068
00a1007e
00870075
00ab00ab
0077008f
009300b1
00ba00b3
0061008e
009200b2
00b2009b
00bd00cb
007c0090
006d0095
00e0007b
00f9007f
00790082
007f0093
00870058
00a10075
0082006b
00960069
006d0076
008a0085
00770074
00a7007b
008300a2
008d0076
00ce0074
005c008c
00af0091
00800077
00be008d
00b6007e
00fd009d
009600b5
00ae008a
008500a5
00a60095
00a20095
008d0085
009500a3
00850095
0091007f
00a10096
00930071
00ae0084
00af008b
007a008e
00b10096
008a008e
00d1006d
0099007b
00730082
00850089
0071009b
00ce0089
00950072
00a10085
009d00b1
00ae0099
00a10074
0085008a
009300a7
00e0007d
00990076
008f006f
006b008f
008b007b
0089007e
009e007c
007900cb
008a0078
01620125
00b000e8
00560090
00b6009f
007f006f
00a800b9
00870083
00970092
00350082
00550083
010200cf
00ad0044
004c005d
0085005b
00330059
00400045
00550046
00410043
003c0060
003f0040
0033003b
0055004d
00330053
00f30205
00aa0089
008100a9
00a00088
00b700cf
00860086
00810118
00900076
0091007b
00aa00ce
006b00af
00fe00c8
00890065
009f00b2
014b00a3
00cf0072
0085008d
00740115
008700b2
006f00cd
00860059
00530098
0072005e
00630067
00f200e3
00db00c8
00b3008e
00a2007d
005c0099
008a00cf
007f0098
00a5006a
00a50078
00a50075
007f00a2
00aa006d
0067007f
008300b5
00980066
007d00a6
00560076
008b005e
0064006b
008d00a0
00610082
005f007e
00610057
00650057
00c5008e
010d0109
00a10069
007900c0
00700059
0160005a
009b0079
0081004a
00860067
0068005a
011b01bb
008b0066
00700044
003a0052
004f0055
00330041
003d0052
0047004f
00430044
00530059
0044003e
0044003e
00350040
003d0049
0064007d
00910065
00520085
00bf00a2
00690091
005a01a0
012b00a2
00990069
00950067
007a00b5
006500af
009300ae
009800b2
008f0089
005a00a8
00640071
008d0074
008e0063
00740070
00650061
0071007a
00f80071
0067005c
006d0085
028500b2
009a0200
01030089
01e90076
006f00a5
0092010a
008a006b
00960072
008f0069
0076006a
007000a6
005e006f
00620077
007e00ba
020b0060
01ab0097
008a005a
00d00068
00820105
00760065
006b0069
00b9007f
0081005b
007b0097
007c0095
026500ee
009b0059
00710061
00760067
007c004d
01b70048
00440062
0044007d
00430048
003f006b
004d0075
0073005f
00480043
00730049
00570042
00460046
00450043
003f004b
003c003b
006a003f
007f0047
0043003f
00400040
00e800d0
008b0089
00860090
00ae0083
009b00b9
009300a1
00720070
00910084
007100ab
00af00c7
0085008a
00bb008a
009a0079
006d0091
007600c1
00660089
008900ae
00a7005b
006900ab
0069008a
00d90091
0077006d
008a007e
006c0057
01ae00a7
00b70092
01060075
007200a3
007d00b1
00a10066
00b10082
00a60071
0097008f
00d200a8
00b700b2
006f00b3
00b10139
00630086
00770137
00810065
01670064
00e60042
00450165
007d006d
00770050
0059004b
004e004d
004f0049
007a008d
00c9006a
00790086
0081006d
008a0095
009000c7
00d30098
0089007f
0092007d
008d008e
007f0078
007b006a
00880072
00ab00ad
00bf0087
00690078
00c5007d
00980065
00810092
007f009a
008f006f
0086009e
0088007f
00720077
00a70082
006e00e3
00ba0152
00aa008d
00a10113
00b600b0
00cd0083
00ab00e5
00d5006f
008200b5
0071008b
00e2007b
00610054
009a009a
00d80092
00a200b3
00cd0098
01ae00cf
00a5007e
007d005a
00b30072
00cd007e
006f010e
0079006b
009700b0
007a0091
00ad0076
00d00055
00540091
009100ba
00a2009b
005b0076
006d00a9
005a006f
006c008d
008b0084
00cf0077
00710075
00ad0068
00630076
005b0059
007b0073
004d007f
00510052
0068005f
005c00b1
00540049
004f004d
006a0056
007700a0
007100c6
006d007c
006d006e
008b007e
00850098
00ae007e
0086007a
00740086
00a200a6
008f007d
00800091
007e007b
00910093
008100b3
0087008c
008d0073
00920092
008e00a1
0076008e
0072008e
00890084
0085008d
03970549
038e052e
05400240
022e027b
01e501db
01100537
03200325
02220162
01820125
0277017e
01290197
053702c0
01a00252
01200121
024701a7
02a50385
01f500ea
01f50189
00fd01f2
00e00129
00e500ba
00d90155
00eb0112
00ed00cd
00880098
00850075
00c500c3
0082007e
006a00ae
00ab00b3
008e0074
00870077
00be00b6
00860090
00ba0082
00890073
009b00ae
00810099
00a60087
0093008a
008e00a0
00b100a5
00710090
009b0095
00ab0077
008b00ca
009b0081
009200b2
00a80058
00970084
008e00ba
00830068
007a0085
00a00083
00d80093
007100a1
009b0082
009a00af
008e0091
0084007c
008f0097
006d0082
009f009e
006d00e8
009e0070
007d006c
008d009e
00a80083
007900a8
0096007b
0099008f
008200c8
00da00a6
00b3007f
007100d0
0069007f
008b0119
0172008b
0090007a
00f90079
00790190
0050007e
004e00aa
00f500b1
0055006f
004f005d
0049004a
0051005b
005a0044
0064003a
0049002e
0041003e
0062003d
0048003d
004a0046
004b003c
007e00f0
00bf00c6
008800f9
00ed0127
00c2007d
011d005c
00d10077
00860064
00850053
005f005e
00a50065
01570085
006d006f
0061006d
0060005c
006b0065
00590069
00760097
00950048
00530067
0087008e
00660066
004b0068
00550079
00710079
007300c6
00a700ab
00700064
005b00d5
00aa0097
00b20089
00b80074
00ab008a
0079007e
00980083
009600a0
0088009b
007300c9
009100a1
007e008c
009200ab
0084008a
0095008f
00ab0097
00aa008d
008100be
009a007c
00a8008e
00f700b8
00ca00c7
00f80091
00a1009f
009e007c
00db00bd
0099007d
00a30097
006a009a
007e0091
00970084
008a008e
00690092
00b5007a
00a1007b
00a9007f
008e006f
00c0007c
006d007e
00810071
006a0089
008f00d7
00920076
00740070
008a007a
0127008e
00770065
0095007c
008f006b
008300b3
00af0087
0077007b
0079007d
00a20057
009e0097
00b0007e
00770099
00820060
00790064
0072008f
008200a7
009b00a7
006d0076
007d00af
007a0066
008d0099
00d0006e
006d0095
0092009b
011a00a8
008f0061
00bd00be
007f0073
00f10067
0091007b
006a00cd
0071008b
005e0065
0062008d
007f0085
00b500a5
0067005d
006d007b
00600076
0061007b
005d0063
006f007c
00960067
0073006e
0075005c
0068005c
00760064
00650087
00c70075
00d600a7
00860086
00a800b0
008a00dd
007d0081
008f00b1
00890092
00930087
007400b1
00a800ba
009f0082
007e0087
00b20081
01c0008e
00960091
00ae009a
00b500a7
00be008f
00a30083
0092009d
00aa00a2
00bb009e
00a80080
00d20092
00930085
0207008d
008a0087
00be009e
0099007f
00a60092
007f0095
00a3008e
007f00cb
00b70091
007f007a
00bb0095
00b7009b
007e008e
00760089
00b3007e
007c007b
00a20088
00a00093
00e6006a
00bf007d
00be00a8
00a1006e
00be0076
00b80071
00810078
00830069
007e0085
00980092
00a60099
00b8009f
008000ad
006e00b5
00720085
008c0078
00a700af
008f009a
008f009f
00bb007f
00950087
006d00a1
0063005a
00810058
009a007b
0089008c
007e0060
007a007e
00c9008c
00970085
00e700c2
00a30096
00ed007f
007d00a2
00650072
009e00aa
0083007a
007100a6
00970072
00750089
008c0066
0083005d
006f0083
00b5006d
005d007b
007a0083
0082006f
00790065
00710063
00630085
006c008d
00a20071
005f0082
008d0071
00980063
009d009f
008800ba
0079008c
009000a2
00950095
00890081
009b009a
008e008c
007d00a0
007e0097
00af007d
00aa006d
0081007f
008e009b
00a30086
00760088
008b0098
008d008a
00d700d9
009e00b1
00eb00ce
00db0075
009900bd
00ad00f7
007b0085
00920086
00870093
007f008e
0070006f
0063008e
00b900a6
006b0074
00860092
0063006d
0083006c
0070006a
007a008e
00610072
00660076
007e007c
00860074
00970069
0072008a
00880066
00ad0084
00e800bb
00960089
00a80127
009a00b6
007f0076
00b30051
006b009e
00770084
007b0077
006e00b6
007a0063
00740078
00a300a8
008c008e
008900ab
00960083
0076009b
00820090
00a00098
00a0008d
00820086
007500b2
00770098
00790059
00f300b0
00d1008e
00a000a7
009b0097
00a5006b
00bf0091
00920080
00870086
00890087
0088011b
0081006d
008b0058
00950075
009e008b
008900a0
008b00b5
00810072
0087007e
00b3006d
007a0087
01290073
00970085
0083009f
0079005f
00bf006d
0083009b
00b500ad
0085006e
0077006e
009a008d
007f0074
00580058
007f0072
00720079
00a900c2
005d0092
0086007a
0072006f
00950081
00990059
0090006d
00740095
00500085
00790079
006b007d
00970075
008c009a
00760088
0091006d
00880063
00b7009a
007c0087
008a0083
0095007e
00640067
006f007d
007000ad
00a0011d
00a80077
007d006e
0087006f
0091006b
00860064
0088006f
006f009d
005d007e
0056006d
004a0056
006a0072
004e0058
0064006f
0096007a
01d500a1
00ba00f5
0080009e
00ad00be
00a50078
00bd008f
00870052
0052006e
006f0069
0062008e
006c0079
00bb0076
005f0089
0062005c
006d0060
0060006f
006100b2
0083006d
00650061
004f0071
006d0085
00610069
00730085
0085005f
0071006e
00810066
007d0079
00c8008b
008f01d9
00b600ae
008d008c
007e0079
00cd00ca
006d007a
009f008e
006700a9
00af009b
01f2007a
01770081
006b0098
00b300a5
00810071
00b80097
00a80073
00830062
00a90092
006f0082
005b0081
00db00a3
0092008a
00e2007e
00950096
0081006f
007a0081
006200fd
00650067
008e0082
00ad005f
009a008c
0052007b
00530063
0075008f
00720082
00750075
009300a1
00710071
00850071
00a2008b
00710073
0061006d
006f006f
00a500a8
007d0099
00910096
00860070
007f0098
008e00a5
009a006c
0098009e
008f009a
0086007e
0090008d
00b20091
005c008d
00a3009d
008a008d
009b0098
009d0083
00870074
006d0078
006c009e
008500b9
00ad0074
009e0093
0096009a
0092008b
008b007d
008500b5
00b700ab
008b0065
0092009d
0080006e
00870075
00520079
00610051
006c009d
00690077
005d0092
00910067
0081006d
006a0078
0076005e
006b006a
0061005a
0084006f
007e0075
006f0077
00620072
0074004e
009e00b1
00db00fe
009300a8
00a200ab
007d0093
00750080
0080005f
0062006e
00650071
00530070
007e0078
007e0056
005f005a
005d005f
0076005e
00590076
005e006f
0065005d
0061007b
0073005d
007b0065
0056006d
00930063
005b007f
006200af
01020071
015700b5
0063008a
006e008b
008d0075
006d0068
006b007b
00920070
008a00b5
007a00a5
00aa0055
008b00af
007d00a9
00f30096
007f00a9
0075007b
00760072
009300ca
00880066
007a007c
00680091
0075006d
0066009d
00b600a5
00c300f6
015e008a
00a70078
006d0073
009b0102
007c009b
00bd008c
00a10082
00ad0098
00770097
009a007f
007b0095
00880088
00ae009f
0125007a
008d00a9
0098007f
00a70079
009100a2
00c2009f
0076009a
007400a7
00e0009a
00d70076
00bd0099
00b300b3
00c60084
0076008a
00a30098
00e20072
00a800b6
00920091
0081008c
0081009f
007a008f
0059009d
00c3008d
008e0070
00920099
008b00aa
0073007b
00a200a8
007f0065
004a007b
00ad0052
0072007b
00600082
00ad0053
00790095
00c10092
00980065
00ab0093
00830077
0074007f
009b0081
008000e7
008b00c2
00930092
0081005e
0091007f
0074005f
00b5008b
0099008e
00820066
009800af
00870078
009a0076
00690073
007c0078
008e0087
0098007f
0077009d
015b0095
0086007b
0077009a
0091007b
00bb009a
0089006b
006d008b
00710073
005a00a1
006a006c
0081005f
007e007d
00920071
00d90057
005f0097
00670065
00630087
0079006b
006300b3
00850058
008a0069
00810079
00650095
00660085
00800071
0068006e
00f800ab
00b5009d
00750127
00760077
0083008e
007c0095
0085009d
00870076
00980075
00870089
00770075
008f006a
007c0079
007200bd
007e0095
008b00ad
00f8009a
008d0089
0074008b
006a0099
005c0091
00970098
02400089
00d9006a
007100ad
006e0093
00ed0086
00a80086
0052005f
007b0066
005f0052
006a00a3
00d70072
0056007b
005d0054
004d0051
004f005b
005d0076
007a006b
005b0065
0061006e
006e0059
005d007e
005f005a
00640051
007e0089
00a500b3
008b00ab
008c00a0
00b7009b
00a0006a
00be0088
00c30090
0073008f
009d0099
0081008e
007500b0
0085008a
00910079
00c50081
006000af
00b7007a
00960097
00a00082
00610092
0099007a
00810087
00870075
0091007d
0068006f
006e007f
007e0072
0095007e
008e0064
0075006a
008a00c0
007f0079
00690080
008f0085
008e0099
008d009a
009200d8
00a80089
00be0063
006a0086
00700072
006700a9
0099009b
00710072
006d0080
0081008b
00970068
007f0095
00640086
010500ad
009d006b
0082007e
00920086
0098008e
00c3006e
006500a7
00990066
0071005f
00720062
00990092
00830076
005f0074
0056006c
0076007b
009e009a
00880077
007b0085
00970077
006e0060
00750075
0062009f
0090006c
006b005a
00f90072
009a0053
008600c6
00740075
007b0063
005a007e
00570079
00610068
0056005f
0068006b
00650062
0055005f
00690059
006d0052
00610061
005e0079
00500085
004f0055
0054007a
004e0067
0069006a
00580069
006b0048
0086008e
007f0084
00ba0093
008c0071
008100af
00b10081
009a006a
00da00c9
009d009b
0099008a
008400b8
009200a6
008100a8
009700b7
00990093
00a90091
009900a1
009d0086
009b008b
00af0099
008b00a8
00c30098
009900a5
00870085
006f0099
0081009a
008e0071
008a0076
00750063
009a0127
009d0093
0093008d
008a0087
008b00bd
008b0061
00b9008e
008a00cd
00c3007b
00a80097
008d00b2
008000b1
00a80079
007d0073
008d008e
007b0086
007b00b1
007a0072
00790085
00a700a7
009a0063
007c00a2
00ab007c
007d006b
00660071
00790083
007a0072
007c005e
008e008b
009800b2
008b0098
007e0127
008f005f
00ad0083
00780089
00c0007f
009f0086
007b009f
00910080
0073007e
00690091
00be0085
007e0096
009900a0
016900bd
00e9009b
007a00bb
007900a9
00bd0089
00a6008d
00c60098
00770086
007e0075
00b50091
00ad0080
00850082
007c006f
00d00070
007c0063
00930085
00ae0081
00960070
00aa00b6
006a0089
00680076
006c006f
00760065
005d007b
00ad0081
0098008f
007f0095
0090006b
00800074
00b90070
007c0086
007a0088
00a3008f
008100b8
0087008d
0095008e
009d00a1
006e008b
009f0086
009300c9
00a500aa
008d0088
009500ab
00970075
0089007b
00a600a3
00a10095
00660085
0093009f
00800074
008b0085
008a008d
009e006d
00a0008f
00920092
006d009a
007a008a
0078008e
006d00ad
00830091
008f0097
006d0085
007a006a
0086007d
006b007e
00aa007b
00720095
008600a9
006a0082
00710079
007e007b
00580059
007a00b5
006f0096
00fa0096
0081007a
00ad0081
00c20077
00770096
008100a8
00a3008d
007e00a8
00c10081
007b008c
0089009f
00740059
00dd00b9
00c700b6
00960091
00a000bd
00ba0080
00ab009b
007a006d
009f0082
00b8007a
007b0077
00d5008a
007700a2
007f00e6
006f006e
007a006d
008c0077
007b009f
0086009f
006f006a
00c5005b
00620086
00970057
00850081
0071007c
00720084
00610068
00590061
0099006e
008e0072
00700073
00830059
00620092
00ab0077
0071006a
00b7007f
00b30076
00bb0071
00c8008c
008e0074
006b0087
0077008c
0086007c
009b008d
007900d2
00ba008b
00730137
007d009f
006900a7
008e0089
0090006b
00810076
007900a6
008a0084
00850097
00970089
00b00097
0068006e
00ae00db
0100009e
00ef0073
0071008a
007f0081
007b0063
00b6006f
00570069
007a0058
0054007b
0088008e
005d0090
00ad00ce
004f0081
00650069
0067008b
00600058
00830051
00810073
006d0063
0057006c
0053007e
005a0052
005b004d
007a0072
006e009b
00a900ad
00b10099
009f0074
0084007f
00790076
006a0079
007f006d
009a00b1
0087005f
008d008a
00920077
00bf006a
0082007d
008b007e
00aa0093
00c0007f
00830087
00c70085
00870062
007f007e
008b0099
00830099
00d0007c
009d00a1
00a70108
00bd0067
009d00a7
009b0075
00d90086
007600b2
00b000a6
008900aa
00a10075
0085007e
009a00a5
0080008a
00a000b8
00b00089
008600ae
00920095
00a900b0
00f100b6
00a000a7
00970096
00a500a9
00cb009a
00910085
0077007e
009a0092
00b0007f
00530078
007200b6
00bf0098
008400ea
008d0093
0072007d
008a0098
0083008f
007d00ca
0074006e
008f00bd
007100a8
00890087
008d008d
00880077
008d0067
00590074
00ae0062
0059006c
005f006b
00c1006c
00a5007a
00a100ce
009800cb
00a00095
007e0083
00920081
00b60080
00710083
0081007d
0066008f
0085007e
006a0082
00ad0064
00730073
00880076
0092007b
006b00a8
00690096
00820091
0085007f
0073006b
0097007d
006e008f
009300be
00bf0075
009d0083
00b000b3
008e007a
00890081
00910085
00830065
007f0098
007d0098
006e0085
0097007f
006d00a2
00a600bd
009f00a5
007e005e
009e009e
00aa0068
007b00b8
0086008b
008d0062
005c0073
00a7006f
008300a9
00a80087
00560070
00be009b
014e0083
008300a3
009a0099
007c00c7
007b0072
008a008e
0098006c
00a5005a
00c3006e
008e0095
0095008a
00b90085
007600ab
00750099
008e0092
00a9009b
00720097
007a0095
00970087
008b008b
007f0087
008a0072
007c0069
008e008f
006f007d
007c007d
00ad0061
008a007b
008600c1
00a0009f
009e00b3
007e008a
0079007e
0082008d
00750087
006500a8
00880091
00a80089
0099007f
009f007f
008600b8
0089008d
00b300af
00890075
00930092
0066009f
008b0083
00850097
0089008b
00740074
007a0077
00850098
00950067
00800075
0082007b
0086008d
007e008b
008d007b
00760073
0085009e
00a7006e
00700072
0085007b
00830071
008a0072
0079007a
006700a2
00720063
0099008a
00580065
0071007e
00920083
0099009f
007a0067
006e00a8
007b0097
0091008a
00690081
0056008e
007f00ae
007200a8
009a006f
007d008d
00750063
008f0081
00760096
00810076
0063009e
008e008b
006100b1
00c20081
007c006f
006900b0
006b006b
0071007e
00c20084
00730093
007a0091
00650091
00a100a1
007d007f
0092008b
00860073
009700c6
00880070
0092008e
006d006e
00720077
0084007c
007e0096
00880099
009a00c3
00a00096
0091008e
008c006f
007b00ab
007a0082
009e0069
008b00c1
00ab00af
007d00a9
009d0067
008200b0
008a0095
007a00b8
00aa007a
0084007a
007f00a6
00a20067
00870079
00ab0095
00890091
00aa007e
0098009e
009f007d
00a7008a
00bb0093
009a00b1
008c0093
008a008c
00d0009a
007b0091
00710076
0077009e
01180092
006d0081
006b006e
00c00079
007000b6
006a0074
00900097
007f009d
007d00b6
0085008c
00a5008a
00ae006f
0092009b
009e0099
00be00a3
00890076
007d006e
008100ae
008a00b2
0079008f
0082006a
0071005e
008500ab
00b500a7
00a8009e
008b0082
008f0095
008d009e
00850073
00800095
00830095
00b500d0
009d0081
0086007c
009a007b
009700ad
00960082
00680098
007e008c
0093009d
00aa007a
00990066
007b007f
00810072
007b009e
00790061
00820085
00a300aa
009f006b
00c80099
007d00a2
00a1008a
008000ab
0071008d
009a00d0
009f0092
0071007b
00a9008f
009a0092
0084008e
00b50083
00bb0071
007500b6
00a8005f
008700ae
0098006e
009b007f
008d008f
008800ab
00750066
00760121
00820087
00660091
009a005b
008900ae
008500b7
00dd00f8
007d0077
009d008e
00b0006c
008300a7
00820065
00660051
006e0075
007b008d
008b007f
009b008b
006e005d
007e008a
0062006f
006f0077
007d00b1
005a0075
010e00a6
00850059
006f00b7
004d0052
005f0059
005e00a5
00880048
00550048
00450082
00470063
005100bd
006e0055
007f0132
005e0046
00370075
004e003e
00b0003f
004b004e
003c00ed
0036002e
0062004a
0031003e
00310041
0043003a
006b0051
00730074
007f008a
008b007d
006f0107
00ad00fd
0092006a
01050099
008600a1
008c00a5
007a00b3
007c0068
00830097
007b0083
00820093
007000aa
0079008b
00970061
009f007a
00a50096
00ab00a9
008500a0
00a5009a
00950086
00900080
009d0071
00770071
00800073
0083008f
00f0009d
00690097
008f0083
006a0061
006b0067
006f0087
006f0076
007200ce
006a007a
00860069
0065007a
0086007c
0097008c
007500a6
006a0079
00970077
0079007f
007d007f
00670076
00850077
00c60085
008600a6
006200af
008900d5
008e0056
00790069
0078007d
00800059
007b006c
006900be
00530069
006e0069
007f0063
00c0007e
00630073
0060007c
00770089
0062006d
008f0097
00450053
00710060
007f0086
0075004e
006d007b
00fd009f
00e60083
0066006e
0099009b
00c2007a
00c50083
006b006e
006a0073
00690071
007f00a7
005600c2
00960074
00600063
0066005e
00850058
00820071
00610087
006d0078
006d0063
006c0072
0082005b
006e005f
008a0068
009b006e
011b00b2
008900c5
008b00a1
007a0073
00810073
009e0073
007800a6
00650086
00790074
0086007d
00a9006d
007b0098
00920065
007a0063
00630072
0065007a
0068008f
00660075
00990064
0058008a
0076005a
006f0066
007f007e
0078006e
00910073
00bb00e7
00a0006e
007a00a9
007d00a8
007e0077
008f007b
009b00aa
008600a7
008a0092
00a30095
00ab0082
00b50083
00920093
00bb008c
00a800a3
009e00ab
006e0060
007f008a
0087009a
008d0075
009a0093
008c0063
007f0093
007a0099
00b100af
0089008b
009200a7
009700d5
00930095
007f0093
0083009e
009d00b7
009a008e
0092007d
00810091
00990074
00a100a9
007b0071
00a9007c
008d00a0
0083009b
00a50075
008f00b2
00bd0085
008c006d
009600a2
00970059
00990097
00a800a9
00800081
00a00089
0095007d
00960098
00690087
00780072
00910086
006900aa
00900086
008e0086
0089008f
00a20073
007b006f
00a800b3
00970092
00ba0087
00a60080
00b300ad
00aa009d
0089008f
007e009e
006c005e
0081004c
00ae00a1
006400c8
007b0081
006b0091
00ae004f
00d0005b
00f000c1
009500b1
00b100a3
00de008b
007c01fb
00eb009a
00da00ce
008500f9
00e800a5
009f00ce
009200b0
007f0082
00a20096
00890075
0071006e
00a1009d
007900c5
0089007a
0147008f
00890081
00880093
0071007a
006d00aa
00a900b7
007500b3
00db00a3
007b0089
008b0097
008e007d
00b60067
00b00087
009100a6
00c600b0
007a0087
008d00cb
00a000cd
00ad0089
00a9009f
009d00ae
0095007b
00a7005f
007000a2
009a00a3
00850063
00890077
009e0099
00980079
007100a0
008b0082
00790070
00670085
008800bd
00630072
009600a1
0089008f
008d008e
0085006e
00a60093
007e0083
0079008b
0079006a
00930088
008b0082
008d0085
007e0083
00b300b8
00a00092
00af0083
00870091
00de0097
00ab0079
0082009d
009800d2
00810099
009a008b
00ae0078
008f0087
009a00a8
00b20077
008900a6
00c3008b
009a0091
008f009f
009500a6
00a900a3
009a008a
00a30130
00950097
009700ca
008f009a
00920086
00ae0061
008b0096
00770199
01800086
00b90073
007c0083
008e007e
00b30091
008a0084
006c007c
00850077
007200b8
00e1007f
006f0065
00c30061
0075006a
006a007e
00670068
00ea007f
0091005f
006d0063
007c0081
0087007b
00a10098
007b0085
007f0096
0089007c
00a00083
00730083
005e0093
00920096
00b20096
00890097
00a5008d
006d0076
0086008e
00830098
00920066
0074009e
0080009d
00900076
006400be
00a20097
00950085
00840086
007a006e
01470074
00de0091
008a0072
00690086
00d50097
00cf0068
00630087
008100be
0073007b
009b0068
00da004e
007700aa
00920069
00730056
005d0071
0072006f
005d006f
0082004f
008b0068
007e0065
005f0071
00690081
00610067
005a0062
007500cd
00da0087
00890073
0091006a
0086007d
006e007d
00a10082
00910078
00b60060
00d10075
007f0079
006e008f
009d006a
0085008b
008b0071
00870090
00c70095
00830075
00a2008c
00720083
00a3007e
009b0072
009e0091
00850057
007700e3
009f0098
00b8007f
0092008a
0097007c
009d00df
00a20085
008800a0
00b00089
0092009f
00cd006c
00bd00a8
008200c0
009600ad
00930079
00d0007c
007600d9
00970093
008500a3
00a50087
009f00a3
00aa00af
00ba00b3
008e0067
009e008a
00a60082
00a3007f
00850073
007c0093
006b0063
0076007a
008a008a
00910077
00710065
008f009d
00820092
007200a2
00a900b2
007500a6
00730091
009e0099
00730096
00770098
00a90088
006a00a6
00af008d
00750075
00a80079
00b000ad
0077008f
008a0086
009300b7
00c3009b
00b5009a
00890085
007f009e
00820086
0096007b
008600a3
00d80093
00a7009e
0077009b
00990072
0092007f
00ba008e
00a30090
00b2009b
00b60095
008f00c5
00ab00be
008a008e
00640081
0075009b
00770082
00830079
00a60091
00b90099
007a00ab
009e0072
008f008f
00900065
00a800a5
00be0085
00960079
008a009b
00710082
00c000a0
00b3007b
008f008c
007b009e
00820099
00a000d2
00a2007a
009500c6
00b50089
007a0068
00d8008b
00850083
006d0095
007400d9
0083007d
0083008d
00c7006a
00750096
0055006e
005900a2
007b00bb
005c006e
0097006b
00a60081
005b007b
00920076
0081005f
00670068
0075007f
0081006c
0062005a
0079006d
00650077
008e00a1
009800a1
005d00b1
00b10074
006f0073
007f00b0
007e008c
007f008d
0095008c
00760098
008e009b
009d008f
00760086
007a0096
009700ce
00b9008d
00770079
00b90098
009b008f
00be009b
00ae0070
008b005f
005a008d
007b0097
005900a1
00a10076
00a9007d
00c500a0
00950066
007d0073
007e006d
00840085
00ae00cf
008200bb
007400da
00d600c5
0130016e
010d00de
01a200ff
013500c1
00fe007b
007500c3
00720072
00890092
0066007e
007e009d
00770075
0092006c
007b006e
0082009f
009a007f
008b0089
007700a5
006a00ab
008d0087
0077008d
009d008a
008a0096
008b0092
008b007f
0080008e
00980061
008a00a3
007b00ae
00640088
0075007d
008c009e
00910089
00710081
009d0096
00a50086
007b0086
00a00093
00bb0087
00930093
01230096
00b00066
008e009d
006e0086
009900a1
007d00c5
009b006d
00950080
00770075
007300c8
00a000bb
0086007b
00bb007b
008100c1
007100ae
00860089
00a300aa
00710090
008e00b5
00920072
008a0084
006d00ba
0088004f
006300d8
00750066
0060006e
006500e7
00830080
00f300a5
005d0067
00850071
00c300d1
011f0096
00d50120
01070116
00f000f1
018700d3
00950083
00ea00ae
007d006e
0063006b
00a3008d
0065009d
00820069
006d007b
008300a7
0087009f
00ce00c1
00ce00a0
008900d8
00970072
007f00c3
0085008a
00bf009a
00660057
00890072
00bd0093
008d0075
0087006b
00970083
00910073
00770078
0090007b
007a0082
006b0066
0074008a
00770077
007c00a5
0063008a
00a7006b
00be008c
00b1007e
0079008e
0071009b
008d0086
0077008d
00690090
00850092
00790080
00950092
00bd00ab
007f0082
0093008b
0082006a
008e0073
00c70097
00970081
007c0091
009f00a9
0098008b
00600099
00ad008e
009f00a7
008900f2
00970062
0067006d
007000a5
005c004f
00570082
009e0047
00750074
00d50075
007e008a
006d0084
00b2011a
00b500aa
010100b0
011f00b5
01170110
00a50080
00b20063
00800082
00a00096
00b300b5
0096009e
007c00ba
008b006d
009900ad
009e0077
005c00b8
008b007b
00710055
00a90084
006a0076
007800aa
00a60088
00eb0077
006900a6
009000b9
016500eb
00db00cb
015700f2
00a000bf
009f0096
00af0081
007d00b6
0093008c
007600b5
00730092
00a7009f
006b0085
007600b0
008700bf
005c0071
007f00a5
00780073
006d00c9
00720078
009500ce
008b00aa
00820078
008c0075
00b10085
00f900d5
00e600cf
00ea00c0
008600ba
00ee0084
00b3007b
007200a9
007f0081
0091006e
008e0086
0068008f
006f0099
007a00d9
00890088
009e0092
007d00ae
0055005d
00600086
00820077
0096006d
0087009f
008000aa
008e0063
00b10097
00e500f1
00df0090
01080119
00ed00ab
00bf00f1
009a00b1
00890084
005e0093
009b006a
00720077
008d006d
006e006e
0073008e
00720037
00a10086
009500c2
0067006b
006200a5
00a100ba
00ad009b
00650069
0095007d
00960078
0073010f
00ce00d3
018b00c6
009e00fb
018900bb
012e0069
00c30088
009e008f
008c005d
007c0084
00700072
007c0077
00660066
00ab007d
0083006e
00730086
0084007f
0099007d
008900ce
00900062
0087008c
006f008f
0096007d
00a100bb
00820096
008a00c5
00600075
008d008e
0085008a
008b007b
008b008a
00ce008e
00700099
00730077
008d0085
008f0065
00a2009b
0066007f
00a1009e
0079007f
00b20076
00be00be
009d0072
00900072
006d008d
008a00c6
007a007a
0075007e
00960089
0073006a
0085008d
00f60086
0091008d
00850076
009a0099
007a0073
00bb007d
00720092
00a7009d
008b00b7
0085008e
004b0091
009f0064
00c3006b
00570059
0069004b
00710081
006b0064
00bb00a0
00c90087
00670080
008e008d
0229009b
015900e8
00e801e2
012700d8
009e0159
012b007b
00790085
006a0064
00870096
007e006e
007d0072
00790061
007f007b
006c006d
007c0076
00af0082
00950085
006f009d
00960099
00bb0075
0082008e
009d00c1
00870075
008d00b2
00d8007e
009e00a3
00680083
007b0069
007d0085
00930086
009100c3
007a0071
0091008d
0095008b
0076008c
009b0086
009200a1
005100c8
00a3006f
008d00a0
005e005c
0061004f
005e0083
005f0072
01c5010a
007b00aa
00b50087
00b0007e
008a00aa
00e900e7
01110132
01100127
008f0165
00e500d1
00850087
008100a2
005a007a
007d008e
00ba0086
007100a5
008b00b7
007800bb
011d00b3
00ae0077
009d00ea
0095008e
00cf0077
006c0077
00710075
007b00ba
00950083
0063009a
00920064
00740081
0063006d
00690073
0073009e
0089006f
00790071
0085006d
006a008b
008a0072
0073006b
004e006f
006f006a
005e0095
005f0092
00c90075
00a0007a
00920071
00800073
00850083
00700088
00e10081
00800082
00b700ab
008100aa
00950087
0079008f
00a70070
00880089
00c7008b
00a300b9
008b0081
00690073
008f0095
007f0080
008e007b
008f007f
006b0074
00b0007b
006f006f
008d00f1
008d0070
008900b9
006d0099
006e006b
00880083
007d007c
005a009a
00b80098
0079009d
0087008f
007a0067
008a00ae
00c10060
00960098
00710108
00950077
00740070
006f006f
007b007f
00970088
009a00c9
00910083
009900a5
006400cb
00710043
00770091
0087005d
006e006c
007d009b
00e50072
00b1007d
007100ab
00e50099
00c3018e
00ea00df
008600fb
011e0149
00db0080
009f0096
006f007d
008d0072
008700cb
00a70089
009a0079
007900e2
009a0066
009900a5
0083009d
00610058
0071009a
005a0065
008b0080
00750082
00610099
0098007e
011800a2
00fa00f0
00c2009d
00ca00b5
00c20082
00be00ca
009b00d1
007d0092
00700067
00910086
008e00b8
007f0090
009e007e
006300a0
00b700aa
008d005f
00760085
009b005f
008f0080
00a8006b
008700a9
00d50079
00be006f
00d800a5
008b00a1
008900ad
009600a1
0092008e
00900089
007900b2
00910098
00c00089
008d00a2
00da008d
008f00b0
00ae00a3
00a20083
00a600b1
00b5005a
00e50063
006200bd
007c0072
007c009a
004d0059
009600c6
007a0061
00b300b3
007500ce
006f00e2
011800d3
019200a6
014e00d0
00d100ed
0089013b
00a600ca
00a600b7
006d008e
0075009e
00960085
007b009a
009f007f
00f20087
00a60075
00a20089
009a00a3
00bb007a
006e0099
0096006e
006c0081
00980085
007d00a7
007200b6
008c00ae
00770098
007500aa
008d0089
0092007d
00ab0089
007800ab
008c0089
00a2007a
00bd006f
0071008b
0074008f
0085007a
0067005a
00e1007d
00a2008f
0051006d
0060005d
007000d3
00890065
00d000a6
008300c8
0076009b
00a700b0
009500be
00e80102
014b00ea
0137011b
014500e2
011e008a
0076007d
00a80078
00750074
00890092
00520074
00b70092
008e0089
006e00bb
00f6003f
00b800a9
00a3008a
00920069
00790083
00a900e2
00fb00e9
007000b6
005200e6
007300bf
00c700e1
00ce00b1
00fe00b1
012e00c0
00750101
019700f5
0071007d
005e0097
00650075
00ab0075
007e007f
009b007b
00850080
00b50132
008a0050
00950053
006c009a
0069007d
00ae009a
004b006e
007d00aa
00570050
00a60090
008a007a
0123009f
00cf00b2
011d00aa
009a00ed
00b60162
009f00b8
00ce00db
00b6008a
0069007d
008b006c
008b00d3
008c004d
0073008e
00570083
00d50098
00a30075
007f0098
008a005b
00d600b6
0052006f
0091009d
00b900a2
00a00069
008300a9
00d6010f
008300de
011600ca
00f90152
00b500a6
00d80085
00740073
00c5008e
00b70063
00ef00b2
00650062
00ae009e
0097007b
006b00be
0088008c
009800a7
00570067
00b90069
00670120
008d0088
00c30091
0089008d
00da0085
00a10092
009e00a5
011300c7
00830084
00880091
013b00aa
009b007c
008700c6
008c00aa
008d008f
00a90083
00640067
00830091
00680062
007400af
01ab0072
00c9006c
006900d5
007c0067
00730060
0070006f
00980099
005e00b1
00fb00c2
00b30056
00ca00eb
00d100e0
011700d1
010f00f0
013000e7
00ba008a
00b100ff
00ae006b
008a0085
00950072
00990072
008100a2
00730055
0073005e
008600b9
016e00be
011800a2
0086009e
0083007d
007d007d
0099006d
009900b1
008e00af
0098006f
00770081
007c0097
008f0086
00e900a1
00ad0097
006d008f
007f00ae
009300be
00990083
00650075
0083007e
006b0082
00850088
005a0063
0099008a
00960085
006a00ef
00750072
00760079
009300a3
00ba005e
00b50074
00b20075
008f0069
00ba0092
009800ba
007d0065
008d010f
00a30062
00870073
0072008a
0073009a
00660077
006d0080
009b008a
00720079
00870062
009300ae
007600b5
00e00073
005c009e
00610052
005900db
00670082
00a9006a
00b0006f
008d008e
00620093
00b800bf
00e0010b
017b0097
0169015e
00cb0062
00740119
00a5007e
0061007d
00720072
00a90079
00640086
00620077
00810071
008e00a5
0091007f
00750086
0092007c
00d70077
00b600a3
0095009e
00a00079
00930082
009700c7
007b006a
008f0097
009a00a3
00a9008e
009300a6
0085009a
00bb00a0
006f0089
009600d2
009100b2
00b600a3
008a00b0
008f00b5
00ad007e
00960085
00f900b6
006d00d3
006f00b2
0075004d
004a009f
008f0076
00af00d6
008900ce
00cf0077
006100a9
00be00f5
01ab014b
00bd0071
00f30129
009a00e3
013b00f1
007d0059
00a70070
00b5007f
00b800c0
00810069
008b007b
006e0084
00730091
006e006d
0087009a
0095008e
00a80082
006c00aa
00970099
00890086
00990082
0085007b
00860072
0088008b
00d30082
007500aa
009b0096
009b007d
00720077
00880081
0078009e
008d0081
00810081
007f00b1
00c90080
00840093
00970061
0081009f
006700a2
00ba00ed
00a50098
00950099
0079009e
006b0074
0067009d
00a0009a
008b0095
00a30083
009f0083
00a8009a
00be0069
008e0081
00a300a5
007e00a6
0090008a
00bf0095
00770099
008300a6
008b0076
00880064
00a600c3
00f10069
008f007a
0059007a
0063006b
00d6007f
00ce008e
00970066
00a70117
007e006b
0068007f
00fa00af
00e80098
010600b1
010a00b6
014900f6
00d00129
00580077
0083006b
00b2008e
00cf0082
00a80076
00770076
008e009f
00910078
00ad004d
00a60066
007700d5
007a005e
006500e5
00b80066
008b00d9
00880055
00830086
007a006b
009f015e
014700ba
00ce0109
00970150
00f1009b
00b80087
008b008b
008d0078
00bf0065
009f00a5
008f0071
0081008e
0069007c
005b00b6
00c80057
00d5007d
0074006f
005f005e
009b0071
006f007b
00750077
00810051
00b8008a
0091008b
00e1006e
00d00072
011e00e9
00c20185
00ad0135
00a100cf
00be011d
005d006a
006500a6
006d0071
00a20083
0085006f
0093007f
0055004e
00d6005b
006900eb
006c0067
00860077
0078007b
009e006a
01290145
00ad00e2
00cd008a
00a20071
00bf00df
00b50115
00dd00ca
00f200a0
00f60109
017b007a
007d00d2
00a9006f
006f006e
006f009f
00ea0085
0091007f
008f008f
008b00a6
00df005d
00e7007d
006f0092
00c8006e
00870088
007e0095
005f0072
00930065
0105007b
00af0083
00aa0108
00ff00fa
014e00d0
015b00b5
00ad0097
00730140
00b100bd
00810074
006e0087
008e0082
008f0083
0082007f
00a00078
0069006b
00f500a0
0064006a
00a50096
00570046
0092007a
0077007e
00990069
00d700c6
00dd00b1
009e009e
00e80077
00ee00b5
015e00ee
013b00d7
00d500aa
00db0058
015e015e
005d009d
00920076
008d0089
00980071
008700a7
00840099
006100a9
00d70055
005200d5
006e00b1
00690062
007c0084
0065006f
02270197
00850079
00dd00cf
008e0092
01270130
005900c9
00e500c5
01670120
00a90152
00ad00c0
008a00a1
00750073
0067005f
008f00c7
0069008d
00870069
0063007a
00760089
00660079
007b007b
00680083
00650089
00b2010f
00a20072
006d0090
00800092
007f0072
00aa008f
0097005f
00b100a8
0090007d
009f0098
008b009b
00b600bb
008700a8
0080007e
009f007a
00a00095
009d00a7
008d0082
009b0070
008a00c8
00df0067
0086006d
006300bb
0071007b
006f00a8
00b10067
012500aa
007a0091
009800a2
006600a1
00f700a2
00e000e6
0160018e
01c7012e
00bf00be
00da0122
007e00b8
008a007f
0062006e
007100a7
007e0072
007d008a
007f007d
008b0051
008b0076
00720089
00ae0079
00d900ab
009e00a0
00b20087
00910095
00a600a2
009200c2
009a007a
00a60087
00be00b5
007700a0
007e0099
008600c3
008f00a3
00a9009a
00820092
00650077
009a009e
009e008c
00800097
00790077
007b0081
00780068
007b007d
00850063
008f00b8
00d800a8
008e009b
006a006b
007300aa
007c00a3
0083008d
009a00a7
0086009d
008c00c5
00960087
008700a1
009100b0
009300a5
00bd0097
008a0090
00990087
00950083
009d0085
007c00ad
007f00fb
01030052
00d70054
008300c9
0048007b
005d0083
0073005d
00500072
006500a7
00760076
006e00b6
011f007e
00fa00f8
01a700b3
00bd00f7
00870119
0099007d
00a80092
00770062
007d0098
00850099
009900c8
00560052
00890061
00900061
009d0085
0095008f
007e008a
009b00bb
00770086
00b00091
00960077
0081009f
0097009b
00750071
008a0077
008b008d
008b0079
007e0097
007f0086
00a000a2
007a00cb
00760071
0081007d
00ae007b
00a600a7
00830091
00800063
008200cb
0093008b
008a0060
00be0076
00950095
00a300d5
00ca0091
009900a2
00860075
00820092
0072008e
00c70084
00b1008c
00a90086
007700b5
00b9007e
00720093
007f00a6
007d00a8
008a006f
00be008e
0069009f
006f007f
00890081
00900098
006b006e
008f0089
009d00fa
0067008e
007300c9
00ad008a
00b000e9
00b300a0
0140006f
00890089
009500a8
00ea00c1
00e80110
017b0127
009b007a
00fe009d
009200a0
005f009d
00a10065
00a30076
00760071
00790091
008a0079
00690089
00da005f
00c6005e
007200b6
0087005a
006f007a
00870072
006e007d
00bf008a
0086007a
00760063
00ce0115
01170092
01b700f0
012e00c0
014b0122
00910086
006d0069
00b2005f
005a0089
007b008a
007e0082
007f0071
0068006e
006a0075
00960084
00b0008f
007e00ad
00a80069
00600064
008a0068
008f00c8
00e8005d
00840092
008b0085
00be0113
01130130
00d20177
011300f7
009700ad
00b600a7
008c00ad
007e0089
00640073
00880089
0076007b
0097006f
00830076
008b0081
008800af
0076007f
009f009e
0091007a
006a00a6
00970073
00830092
0092008c
00860076
008d0075
0085008a
006f009f
00a00093
008800a9
0090009b
009700a6
008b0091
008e0077
008600ce
00840075
00af0095
00b6006f
00b9007f
005c0097
009d005e
0074007b
005300aa
006e006b
00550070
00960078
00c0009d
008f00a0
0108007d
008a0062
00e50110
01160092
011600b6
01a00123
016b00bd
00c3007f
00840088
00650088
00850083
00720070
00a500d1
006e0074
0084009a
00a6007e
008b0067
00aa00b8
007f00a2
00760097
006c0089
006d0085
00e70096
00870098
00a800a1
007d00be
008d00a9
00b6007e
00c3008e
00a90071
00960097
0099009e
007000a1
007c008b
00730062
0062009b
0079008b
00a30083
009f008f
009800aa
00970050
0065006e
008100d3
00720037
00720088
008e0069
00a200a7
00d1007b
0079007a
007e008e
00770137
00a900bf
00d700d7
00b900a6
00b2011e
01490109
00810073
007e007a
00ae0083
00a60081
008e0083
007800a1
00a100a3
0073006e
008d0069
006e0082
006f00a1
007300ef
0096008c
008d009a
009f00a5
00ae0079
00810073
00810092
0089008c
009f008c
00b20087
009900a9
00a900b1
007f006f
00850097
009a00a0
006f007a
0087006b
008b008d
00c7008f
0073007f
008a0092
005e007f
0093009a
009d0070
008b007e
00880103
007c0073
009f007b
007a00a5
00850077
00890086
00b3008d
00710076
008f0065
009e0073
006b0093
008d006a
00810071
00840085
0071008f
007f0088
00a000a2
00880079
008b0082
00710071
00a5009d
00c500c8
008300b6
00a900c1
00a70091
007500d3
008b0071
0065009a
008e005b
008b0090
00900076
008c009f
0092007e
00670067
009b008f
006e00aa
007100aa
006f006c
0091008b
009d00c7
00a00096
00740097
00720068
00610083
00820065
00df006d
006a0065
0053005e
0049008d
007e007a
0107008b
009100bb
00710080
006600ba
00dd00df
00c10135
01820080
015b0187
009900d0
00ae012e
009f00c7
00cd009a
00910068
00ab00ab
00730076
00850092
008b00c0
008c00a7
00890072
007a0066
009500c6
005f0063
00550052
007b0082
006f0061
010f0085
00730074
00830095
006b00a3
00e20076
0142007a
00cd00bf
01550097
00e6006c
00eb0081
00930093
006b0099
00a1009f
0088006e
007a0078
00810071
0082008b
00a20061
00750093
00560063
00550055
00740081
008b0064
0060007d
0081006d
00a80089
00860085
00e20095
008100f0
0167008a
012700b3
00c500ca
01420107
00a700d6
00710079
0072007b
008e0067
005d0090
0098007f
0073007a
007600b9
00c1005f
00a90072
005c00b1
0055005f
005c0069
00920055
00910081
009000a3
005d0075
00930064
00ae007b
0195009b
00d300c1
00d000ad
007900b5
0113010f
006e00bd
007a00be
00a90083
00a90085
008f0069
006f0065
007a0081
00ca00c7
00750061
005900a2
005b005c
005f0079
00990062
008b0071
00eb007f
00860065
00ba009d
006a00b0
009300c3
012b00b1
00c70106
010a0140
00aa00c2
011100cb
008700e2
00ad0097
00790089
007e00aa
0071006a
00900077
00b7007a
0096005f
00710088
0099008d
006c0082
00a800a2
009200da
007d008d
0076006c
007a00a6
00880083
008b008d
00a80085
00870097
00830075
00960075
00960073
00830084
00b900d3
008600a0
00c20081
00cd0091
00920085
007d009e
007b00ad
0097008f
00ae005d
00e000d3
00a500b8
00600075
007b00a8
00b50084
009200f0
0082007e
013700c8
00640060
00ee011d
010e00b6
00f700d6
01ab00d1
0112007b
00dd0192
00810076
008100a8
008b0075
0075006d
0075009a
00980099
00950069
0098006d
0086006d
0069008b
008c0091
008d0067
008700a6
00ae009f
007b0084
00b20067
00b300a6
00ae007e
00a20093
00e200be
006000bb
0076008e
00760092
00a6008f
006e008a
006b0081
006a008f
00660068
006b0056
00720089
009a0098
00820076
00d50087
00a10061
00750091
009f0059
007a006b
00790089
009b007c
008900ae
00720079
00ea00e3
008100e3
00f60137
013b00a7
011500b3
00cd00f7
00e000b8
00910096
00ab0089
0070009b
00b9005b
008300b0
0079009b
008e007c
00970073
009300a0
00620076
0093008b
00910092
00810093
00a00087
006d008f
006f007d
009f0082
00a2008b
00970067
00930099
0071007c
009f00bf
007b0099
007f0082
00a80091
008100db
00a80077
00a0007b
0074009d
008b0073
00b800a1
00720067
006b0085
0085007e
008f0098
007a005f
008200aa
00ae0086
0095005a
00e2006f
00920072
00790072
008f00ba
00ae00a0
009d00df
00a60085
00d5008a
008000b2
008700a6
006b00ae
00b900a6
00a30085
00ed00b6
0096009f
007b0081
00e90097
009d007a
009e0098
00610092
005e007a
005a006f
007c005a
009a0080
0063007f
00a1007f
006500a8
009f00ba
010100b3
00ab0061
00730145
010500be
00e900bf
00f900b0
0081006e
008f00b1
007b0079
00810076
00ed007e
0087009b
0089006a
00ae009e
00a5007f
00c9008e
008b009f
008d009e
00980089
009f008d
007e007a
00870086
00af00b3
00a300a2
00830085
009d00a0
00c6009b
00a90093
00900075
008800b9
008b0098
00cf008a
00a60095
008a0075
00880076
00af00a1
009900b8
00c90056
009900a2
008500b8
007b0063
005c00ad
008b006e
00ee008a
00910071
008700bb
00a700ae
012000b6
015e00e5
010f0091
007e00ef
012b0093
00d100d9
008e0091
00760082
008e008e
008a0093
009f0057
00680093
007a006f
0051009b
00800079
008d007d
007b00ce
0057006b
00520085
00a60065
006d007f
006c00a8
00870085
00870066
009a00e0
009f007f
017900a8
00b70125
00cf0197
00fd007f
009100c3
0071009f
00c0006c
0086006b
008f006f
00b80080
00c60083
00710087
00bb006b
00b30061
005d0081
00c2006e
0071009f
008d0072
011700a6
00cf00d9
00af00b8
008f007e
010300e6
00a800af
016200df
0130018e
00e000c5
00910123
00c3008a
006e0093
00e1007e
011f0091
00840076
0065006a
00a30083
00720097
00770072
00910088
007e008d
0098007d
008f0123
00720073
00a1009e
00ab008f
009d0081
0089008d
008b0063
007b008c
008b0069
00a90109
00690091
006f006b
007e009b
00870086
008300a9
00850095
007a0096
006a0086
00bf008a
008a0084
009100a8
00ae0079
00620081
00960062
008f0087
008c0079
00a3004d
0056004e
009b0091
00c2007f
010900f2
01170112
01020085
00dd00f7
00c20067
00ef008c
0075010f
00600076
00b00065
007b007b
008e0081
008d0075
0085007a
006c00a5
004b005d
00a2007b
007d0069
00b20060
004b00ba
00990071
00d900ca
00a90062
00c20063
008600be
006000a9
00b0008d
01c700a5
00b300a3
013200dd
01180088
00b7007a
008d008a
00990061
009800b8
0071008d
006d00ad
00980098
005a00bf
00a900ae
00870065
006d00be
0081005b
00890058
006c0073
00770078
010a007e
00ab0054
00610067
00b3012b
010600aa
01390086
00900111
008900bd
0169011e
00ce00d0
0073007c
009b007b
00790081
00770076
00810085
00740093
00950091
00a000c1
008d0073
00a800b8
00770084
00710069
00cb0075
00750093
00770095
007a0081
00820095
008b0063
0071007c
00b8007b
007a006e
00880099
00750099
008d0090
0069007a
008900b9
0093009b
00f70086
00ba0098
00b9008f
008f008f
009000bd
010300a8
00a0007d
00910083
00730075
008c008f
006a0097
00a70095
008600a0
0072008f
008900ba
00e900e0
007200af
0097006f
00b200be
008f00a3
00780092
008f0080
008900df
007700a1
00790095
008f006e
006d0095
007d0079
00e50059
009b0068
00720098
00950073
00870059
009d0072
00c5007d
00830147
01080089
00810086
00be00ee
007c0076
01400120
012500e3
00db00f7
009b00a6
009d00b0
0081006e
0066007d
008c00b0
0098008d
00930076
00870077
00960092
00ef0062
0059008d
00690083
005a0079
005e0157
005e0089
00e6006d
0077008f
01690062
0073007b
01b000c9
011b00c3
00ee006d
0150013b
013900e0
006e0065
00b0009b
00870081
00690095
008b0086
0084009b
00760088
005300b3
005800bf
00990063
006200b8
006700b0
004d008a
00c80085
008a00ba
004e0089
00710091
006e0069
0063008f
00ea0113
00eb00a9
01030099
009200b2
00d901d5
00c500ce
00ca0095
007c0085
00630083
007a0084
0098008a
00850079
008700a5
007100a8
007e0065
006d0062
0089009a
0093007d
00ba006d
008f0081
0089007f
00820096
00a70075
009d0069
008b0085
00900079
00a300c6
008b0086
007b008f
009d0089
009700ab
00a100ad
008300cb
00b3008d
00d00072
008e0089
008700a1
00c70083
00a600d7
008c008a
006300fe
00790081
00b10096
006e00b1
008e00f6
008c0079
00ad0080
00890087
009500a1
00d10071
00930089
00e30093
007f00b5
009500ea
009d007d
007e008c
0097006d
0119008e
0077008c
00840098
0071006d
005500a6
009e0060
0083007f
006f0076
00a10065
005f0053
00970074
012000b7
007e009d
005f0089
00780083
00b000d3
015e00ce
013e00e9
01070140
007800ba
00ad008b
01190095
0064007a
00990092
0097007a
00b20073
00b50096
007d009e
00b0005d
01010098
006700a9
00930091
00760057
008700b5
007f0057
00ad00b1
00b0007d
01a50087
006f0072
007d00b9
0115010b
0107006d
011a0122
00e70130
00870125
0097007c
00fd00b1
00a2007f
00760093
0096007a
008b0077
008e007a
007b0088
013200c3
009e00a1
00d60100
00af00b3
01390079
00c8007c
00960096
00890076
006d0071
006e00c7
007b00ae
00850074
006f009b
006a0076
0056006f
00620056
00900065
00680077
0067006f
0079006c
00560084
00730071
008e0058
007e006e
00640088
0087008f
008d00b9
008b0092
008900c9
008700ad
008200a1
006d0078
00780076
009a0070
008400a6
00eb0089
007d00a1
00750083
008d0074
00af0087
007a00a5
009e0093
0082007d
00910072
009d0079
00870091
008c00a5
006c0069
008900a5
0072007e
00970091
007e0092
008300a7
00aa007e
008200b2
008d009b
007a007e
009a006f
007c0073
00a8007f
009b00c6
008e00ad
0080008e
00ae009b
00a1006f
00830086
007500a1
00860087
00980091
008d008e
0065008f
00a80081
00960076
00ae008e
008a0075
00860081
007600a3
00930076
008800a3
008500a8
00a80084
00ba00b5
0087007f
00890092
00ab00a3
00a2008c
006e0093
00bd0072
008f00b5
007e00a1
0092008e
00a1009d
007d0093
009b0082
00c2009e
007b0066
009100a7
00a70097
00720083
009a006f
00ab00d0
008700bb
008b0067
006e008c
00950098
007c008a
00a6009d
00ce00a2
00a3008a
00930063
00ad009a
00970093
00a600d0
006e00ad
00c800aa
0090009a
00c90085
00b500c2
008a00aa
009b009a
009f0071
008e0068
006200c2
0095007c
0076008a
009e006a
00d20081
00ad0064
00be005b
00780085
00cd00b9
00aa0150
01150089
018000de
00a20167
010100ba
008e0069
008f0062
0080007b
00610084
00810098
008600e6
0083008b
00920068
00aa006f
0081007b
007f0066
0095008d
006300a1
0074009e
00a100a1
007f009d
00a500a6
00920085
007b0099
00a2008b
007300ba
00810083
009200bd
006b00af
0086008f
00bb009d
00b300af
007500a1
00a3007d
008b0093
009d00ae
0075006d
006c0092
00730088
00670085
00830080
00ce00a9
00880087
00830098
00ae009e
008d00ba
00df00c3
009e0089
00ba0086
009700a9
008a0093
008a00a0
00a60087
008c0097
006e008b
00b500b5
009100ed
00a900b8
0084008a
00890097
007e007f
00a3008b
0082009d
00b90066
0091008f
00af00ba
00830086
00a9007a
00a20097
009100c2
00800089
00960086
00a7007b
00870088
007200ae
006d008a
00a20086
007b00b0
0079008e
00a500a6
006a00a8
00a000a5
00b700af
009300a0
009e007f
0092005a
0085006b
006700ae
00a20063
00760074
00ba0082
00d50065
01450092
016e0067
0099009b
00da00aa
01200098
00d0007a
00c50139
008b0112
013700d8
008f0078
0099008c
0095009e
00b80087
00a2007b
0074006f
008e0081
00b500ba
00bf0067
00cf0090
00be00db
00b60095
00d60089
0095008f
008e0078
00ca0092
0061007b
0071006b
006d0093
008a0077
008e0069
00840057
0078005d
007d0072
00bb009f
006d0045
007a006f
007a0072
007d00b6
007200a8
00660062
005a0071
00830069
008c008a
006400b3
005b006d
00990090
00c00073
006b00c5
00b10075
00c800a2
009700a3
007000b9
014e0115
013e008f
00c5016b
00970117
00f50080
007900be
00a20092
007f00a9
00770086
00ab0079
00730093
0088008d
00730083
00cb0060
008f0081
007500cf
0137004d
00ca00b2
00ae00d8
007e006b
008e00d2
00620074
0065008f
00cf00be
010300f9
01900072
00b00097
01080084
009e00a8
008e00e9
006a00b5
00880085
0083008f
006f0071
00c8007f
00970085
00a90083
00950088
00880072
0089009a
00a5007a
00b0008e
00aa00a5
008100a2
007e0068
00a20072
00a50095
00b5007f
009e0091
009d0097
007c007a
00720097
00b3009d
009a00a3
009600cb
00a20095
00b60086
008700ad
009a00c0
0085009e
0052005f
00ab0081
005600a5
009a00de
006b0081
00820098
00ed0081
00d0006d
0098013b
00970097
007d0081
007c0170
00ed01c9
019900fe
0123017e
00dd00c8
009a00ad
00750076
008a00a0
008f007b
009a00b7
009200a3
0098006d
008d0080
00930095
007a008d
00820093
0080006d
00b50095
008200af
007a0085
006f00b5
0093008f
00820079
007b00b0
008b0095
00990093
00be0091
00aa0082
00ab0084
007500b1
0081007a
007a00cb
007d009b
00990097
007c0082
00be009e
00970088
00790085
0082006a
00840086
006e009e
00830097
00930089
00750081
00a200af
00870097
00b00091
00c1008f
00a90058
00a90087
009800a0
00fd00bd
00a1007e
008f0091
00aa00eb
00d0008a
00ad0096
009a008b
007e007f
00770096
008b0079
00690071
006b0071
00860075
007200cf
00760054
007e0092
0079006e
0079008d
0072009a
00b600ae
0096006e
007b00f3
00c80074
017000d6
00850111
01220072
005c00df
00690099
00920081
00b70073
010800a9
00990061
00c30081
009e00a2
00e00093
005a009f
007a007b
00770070
0072006d
005600f1
00a90066
00ae00aa
0069009f
009f00a5
007c009f
009e0098
00ad00ab
008d0084
00ef00aa
00bd00a7
00be0089
0086008f
00730092
00860098
0087007f
0096009a
0077007f
005f0079
007c007d
00630076
00920084
006e0061
00a80071
00a000c0
00950092
00910062
00af00ba
007200aa
00b10097
00bf00d8
0089009d
0088008c
008e00a6
0088008a
00a2008d
006a00ab
00aa00b2
00830093
007e009e
00ad00ad
008f008d
008600a2
008b00ae
00c10069
0129009f
006e00a2
00700077
007400af
008e009a
008f0073
007e012e
011300cb
00820062
01e901e7
014000c0
01590108
009800f1
00a20118
00f900af
0083008a
00820098
00830081
00ba00b0
008a006f
007a0072
00970092
00bf0091
006f006b
00ae006e
007f0083
00bb008c
008200ae
00db0083
00a100b1
007100ad
0099008d
009a0095
00e000c3
00a90082
008100ba
00720081
007a0097
00a70095
0073007b
008a008f
008f00a0
00a30071
0096007d
00b80066
00c80083
008a0075
00a60068
00ae0079
007f007b
0072006d
0091007b
00a700a0
007100c9
007d007d
0083007e
007c0080
008400a1
00890095
00a60070
00800100
009a009b
009d007f
00a6006d
00660091
0086009b
008d0081
0091007c
00c2008e
00920081
00790071
0092009f
008a0079
0116007b
00810093
009f0095
008b00c2
009800c1
00980099
007d00a7
009e0072
00a200de
007a008b
00760096
00d60092
00af00a1
00d10089
008800d9
007f00af
008b0087
008d0099
007900b1
009100b8
00850076
0082005e
007b006d
006d0075
00820089
00830074
0070007b
00720092
00c80087
00c20074
009e0096
00b90093
0095006b
009100b0
006a0087
008700a8
00910090
007e0087
0087008b
007700a1
0076007a
007d00ae
00a6007d
00980079
00750083
00bf008a
006e0064
007d0058
00720084
0099006e
00bf00af
008f0075
00930086
0073009d
00f00074
00a60089
00b000ed
00a30086
00d800b7
00d000bb
009300be
01080071
00800081
007d0092
005e006c
00650085
00880084
00790067
009a00a9
008c007e
007f007e
006d008d
00870079
008e0093
00830086
008b00bd
009e00c8
009f0071
00c0007a
00990089
00a300bb
00a900a6
00990092
007e006e
00790084
008a0088
008a009d
00a800aa
008c0081
00850087
007800a1
00de0095
009e0082
006c0077
009e0067
00710095
006900d9
00f90071
006e0092
00820093
00930081
009d0118
00ce007d
006b00b6
007a00a3
00ce00af
014500b2
00a50090
008800b0
00cb007b
00ca010b
008c005f
007e00a0
009f0074
00920088
00c50092
008b0096
0059006f
00af0078
00860078
007900ab
009b0095
00a80073
007600a9
00a80089
00770089
00bf008a
007800a9
0097005f
00a200a9
0076006d
00be007f
00c100aa
00a1008e
008e0098
00be008e
00c1006a
00a70081
008a0103
0087009f
00960081
00660081
00890082
0082006c
00a8008b
005e0089
007a008f
009e008e
00860081
00a500a9
00b600af
008700ad
00990078
00a200a7
00920071
0073009d
00930091
00bd008f
007400bb
008f0073
007f0095
009000a3
00b8007f
008f00af
008a009d
00c7008d
0082008d
00b70082
009d008b
00850080
00990087
008b009f
00890082
009900c3
009700d0
0097009a
00790086
009a00a1
006d0098
00980082
009e00b3
00a80098
00aa0081
009700c9
00990081
00a00099
00a1007a
00b100a3
0071009e
0066005d
009d0076
0112008d
009e0084
00870076
0083009f
00a20077
00760071
0084007a
0086008e
00930059
006f0090
005d0073
008f006c
00790055
006b008b
00910082
00a700ad
0099007f
00920067
0061006f
0072008e
007300a0
00880079
007200c1
00bf0051
0069008b
00720098
00c7008f
006b0066
008d008b
00e100aa
00c90096
00e80083
00790077
00ef00a7
00f80079
011a0072
00c800f2
00b20087
00b600df
00a500aa
009b006a
007b0096
008300a5
00830066
00a600aa
00c00089
00b10082
007e0093
005e0063
00820079
00b20063
008a0079
008200a0
00790084
00ef0081
00a90099
010f0095
01180097
0075008f
00c9009b
009e00c2
00b800fa
00a30072
00a600b9
007a0080
00aa007f
00770071
0091007f
00a300ab
00ca0096
0063005a
0182004e
00ab0089
007f0145
00f6005b
0119006b
006f0132
0082007a
00ca0192
00a2008e
00760097
0093014b
008b00e2
01700086
018b017e
00aa00ff
00c500e6
006600ba
0072006c
0079005e
00e7008e
006d005d
0085006e
00930077
00570116
01120046
00d9004a
007f00b0
00750062
00530079
0084009e
00890081
006e00b2
0089006c
007300af
00b600cd
009800ed
00ff0099
009f00e2
00be010e
00a30098
0085007a
00670053
00760060
006b0082
00820095
0076008c
005e00a1
006700aa
005f0070
005200e6
008a009a
00a50059
0072006a
00c200c2
008c00aa
00ce00e0
00af0072
00780072
009900d2
00af009a
012b0081
00ea00c8
00f100dd
00870087
00990086
007f006f
00870099
008800c9
00a60096
007e0075
00920092
007900a3
01160061
00a100ca
009900c8
0140005f
00600087
0070007d
009e00a8
00f800aa
006b007b
006a0085
00b70113
010300ad
01870152
00c300cb
0092009e
007f0076
00a500c0
008b00a3
00bd0089
008700af
008e0097
00900066
007b009b
00830084
0079008f
009d0073
00970083
005400aa
007900a3
009a0091
00970088
00b20088
00b5008d
0085007f
00a70085
007e008d
006300c6
00790074
0083006d
007d0099
008c00a5
00a70071
00a2007d
009600db
00c900aa
00830087
008f007f
0061008d
01f70046
005a0051
00b3007e
01320073
009b00c0
00810057
00540059
00670121
00af009b
008e0089
017901f7
011000a6
0113006f
009e00a7
00d3013b
0070006c
008d00c9
0084007d
007c007e
007e0072
006a0079
00650072
007d0067
006e0075
00a70099
00af0084
006d0092
00910057
00b90071
00e3006c
0086009a
0071007e
00980079
00a70086
009b008d
00820073
007e009f
009f00ef
00cf0099
00aa0084
00960097
009300b6
00a2007f
00810073
0097007f
009600d6
008b0095
008a008d
009d00c5
00850082
00b200a9
009000b1
007c0077
007f008d
0095008a
006a0083
00cd0089
00c5007e
00770085
00880079
00c90092
00bd00aa
009d0080
00c20097
009800b1
00810061
009300cb
008e00bb
0099007f
00c60097
009d006f
0087008c
00810092
0100007c
00b10087
00a000c5
00990090
00bd00b7
008b00a3
008b00ba
00a50107
00820093
00830099
008c009d
008600a8
00a30093
00b80095
00780099
009b00a5
00bb00a6
00a800da
007400a0
009a00e0
007b00a6
00a000a6
008a0079
005e005a
00910082
00a8006b
008b006f
008f00fb
00d1007f
007a00db
00b20085
008d0081
00a3009d
009f006f
00a200bf
00710077
00ba00a1
006700a2
0079009d
007d008a
008b0097
008d0071
0071008a
0085005b
008d0078
006f008c
008c0082
008b007e
008b0081
00aa007d
00b2009b
00880089
0092009d
0074008e
00ab0091
007a0095
0091009d
0085007d
007900a0
009a00aa
00e10087
007a00c2
008300c6
008d0087
00910085
009f00c0
00970080
00960091
00b00093
008b00ed
007b00a5
00ff0063
00af0205
0071010f
0077004e
0070006d
00810064
00dd0142
013701b7
00c70070
00be008f
00af016e
00af0093
0129013e
015501d9
00910106
009300ad
009f0061
008f0086
007c007e
00930073
009e009a
008d00b1
00870085
00ad0062
008e0096
0096006e
00b3007a
00760072
00ad007c
007b00a8
00b1009a
0088008d
00ae00a3
00b50078
009500b9
007f0092
00af008c
00950077
00820071
00ba0071
00d300b2
009800c8
00bb0087
008000d2
00a5009f
009f00b6
009200be
007d0061
00c80067
00de0076
007100c1
006e005b
004f00c0
00770062
011b00f3
008100b2
00b3005c
00b00099
009d0095
00c900d2
013200bb
01490082
00c100e2
00fb00ba
00ce00e2
006b007e
00750089
00a00078
00970070
00ae00b3
00910087
0073006a
00670077
007a006c
00870066
007e00a0
00a80081
00b200ad
009700a0
007a007d
009000bf
00980072
00800086
00a500b1
006e0079
009f0072
009b0099
00770081
008f0093
009b0096
00cf00c2
009f0080
00a700b5
00820091
0081008a
006b0061
016e0056
0067008c
006e00b6
0073003f
00520078
00630081
00a1005a
006c00dd
00ea00ad
007100b7
00830116
011e0079
00e100a0
01520127
00a8016e
012000d5
0091007a
00910085
006a0072
00d90092
008b0071
00bf007e
00670098
0085006f
009f006b
0076009f
00a80070
008c0056
0064007a
00b0009a
00c70097
0088006c
007f0061
009e007a
007500ba
00d600a1
00c20087
00c800ce
00f70089
0098008f
00e1009b
00a1007e
00a80095
00ca0093
009b0076
00920064
00a60077
006e0075
006f007e
0076006e
009a009a
00930081
00870090
007b0078
008b0092
006e0082
009a006d
00b30091
00a0007f
007a0086
00710084
00a70093
00a8008d
008d0078
00aa006b
007f009f
008e00d1
007d0082
00a00080
00b300a6
00ba00ab
006e008b
01a70052
0082005d
00890162
009f006b
021b00b7
0059015b
00f900c6
01800116
006b006b
006700e2
012100b1
00eb00c9
0129017e
00ca00e9
007000e9
009f0129
006c0076
00c50079
006c005b
00b30073
00730059
00910067
0077007f
0089007f
00650088
00890099
00b2006b
00760074
0077008a
007f00b5
00700086
00970091
007200a3
009600a9
006f00b3
00b500a1
007d0097
0071005f
00b8008e
00f200b8
00860091
00cb007d
006a0096
00a00092
00e900b2
009b008f
009f009a
0099007d
008b0075
007900b8
00620096
00930087
006e00a1
007a0091
009100ba
0067008b
00760081
00930082
00770067
009f0080
0073007b
00700087
008d008d
006d0087
0091007d
009000ab
00720088
00a10079
0067007e
008f00a7
008a0080
007f0064
00870096
007d0084
007e0089
00c00088
007f007f
00670097
008a00bd
00810091
008900f7
00c500ad
00830089
00a0009e
007e0080
008a00ad
0099009e
008f0083
00b700a6
007600a7
008200a3
00ba00a0
007200a5
008f00b8
00b70087
0043009b
00a60064
00c30093
006f016b
00f90066
0097007a
00d500af
00f70095
00a700b3
0169004f
007b007a
009a00bb
00cb014e
019000ae
016e01ae
00f100e3
008c00ed
006f0083
00910066
00a10085
00a30092
008f0072
00a80077
00ff0085
007e006d
00a00061
00d5007e
009d00b7
005a0074
0051007a
007e005a
01470097
007e0120
0086006c
00760086
00e80160
011b0137
00ab00df
01690092
00fa00a8
00d0008f
0069011f
00df008c
007c0058
00c0006a
007a0083
0083006d
00770079
009b007f
009f0092
00970098
00c2009a
0088007a
00820076
00ad008e
00a20077
009f009e
007d00ab
0082008c
009900a3
008f00a0
00bf006d
008b007c
00b90097
008c0085
009a00b0
00c000b7
008700ad
006800a6
00a1007c
00ad0095
00aa008d
00490060
00e1004e
008300a3
0057018e
00ab0062
00c10076
009f00fb
016900fa
00de01c0
014b00be
006500a6
00a3013b
0100011b
015900a0
013b0093
009b007c
007100a1
007c00ee
007a008e
00970082
007100b6
00910063
00760084
00960087
00820086
00ad005d
007e0110
006800f9
00730055
00900063
00880076
019e0197
00b90110
00a7006b
007f00cb
00e5016e
007c018b
00dd0076
01250110
008a009a
00fe009d
00950085
008f0057
006a006e
00f3006a
007e0083
00770076
00630092
00a10083
0086008a
00cd0092
00650092
009a007a
007700a3
007d0090
00b90078
008f00a0
0080009e
009b00b0
00990093
007e0092
007b0077
00ba0089
00fb0098
007900b0
007d0095
0076006f
00c300b1
0091008a
00950098
008f0099
00730095
00420057
02890048
00550042
006801b5
00d6003c
01520061
004801c5
008b00ba
01fb0329
01790056
004e008e
005700c0
0070007b
02570095
00e800d1
00730097
00a30060
00510053
00450056
00410046
00a00057
005d0043
0041004a
003e005e
00720082
007c006e
007c00a0
00ab0092
008000c7
00820107
00890081
00a20097
00950082
00e5007d
00600087
00730081
009800a2
009a008f
0097009f
00ce0090
00a10093
008b0081
009500b3
006a0083
00b50096
008100dd
00950084
0075007b
007d0079
0080008d
009e0092
007000a6
00670099
006c006b
00870086
0081009a
00a0009b
0077007b
00bf006e
00a5007f
0089009a
00b20097
00c2006a
007f0086
0079008d
008300b9
008600d0
00a5009d
009b00a5
0076008a
00df009b
008d0078
006900a2
01b70056
007b0090
00670140
00f90043
020000e0
00600109
00c600bf
013e01e0
018b0118
005e00df
00b800ff
00de0075
00c90169
00b9011b
0067016e
00de00e7
00700067
00b00064
008b0064
006c0082
007f0085
005b0064
00560052
006e006e
009600a5
0098007b
008b00a6
0073008d
00bb0070
00a900ab
00b200c8
0095007e
0087007f
00660071
00710099
00a000d6
0086007a
00890082
00b900b7
00870089
008000b7
00b500c6
00a800b6
0096009a
007f00b2
0089008f
008c008b
00530063
00c00087
010800a5
00910149
01160050
0106009a
0073010e
00970097
0113008d
00b500cf
004d006b
008600c6
008200be
013e006a
00d000fa
009f0162
01180086
0095013b
00970086
00830086
0122008a
0068008e
00930082
008f00c7
00c200f1
008e011f
009d00e7
00cf00b5
0084009b
007b00ce
00eb00db
00ad00a1
00ab00be
008600a6
00b000ef
008c00be
00a200a8
0066007a
00d60077
00e000a1
006d0095
007700f5
00960099
008d005b
00820075
009b0078
004b0079
005c0074
006e00a6
007e0086
0060007d
007d0091
008d0086
007e0092
007b0078
0095007e
007c007f
00eb007e
0087008a
00a80098
0099008e
0083009e
008600ad
00a800c3
00b60087
00bf0085
00a000ad
00c9008c
008400b5
00970092
00720092
00b100d7
00b50066
00880071
00770089
00a30081
006c00a7
007c00a2
0081007e
00b000a8
00b7008d
006f00b0
00a50081
0096008b
008f00aa
00770091
00c3008a
00b2008b
00c7007b
0092008e
008b0099
0099008a
00a800c8
009500af
0089006f
00860097
00b50087
009000b9
00730090
00760067
00bb0077
00980095
00970071
008400a5
00710099
009800aa
00b500b7
00b60085
008d0081
0087007f
00930074
009d00a6
009800de
009900b8
009b00b6
009a0096
00970089
00ae0097
008d007b
00b90099
00780090
007b0092
008100a6
00820096
00b00084
00910097
006d00b9
00a1006e
00a3008a
0085006b
00960088
009f0098
009a007b
00a10077
008b0096
008c0096
009e008d
009a00a7
007e007b
0085007c
009a0093
009e0083
0081008d
0092008e
00c30097
00cb009e
007a007d
00aa0100
00ad0089
00d5006a
00990067
00cf00bd
00b50064
004600a1
00a000c6
006e004d
00560079
00550053
0068005e
00530048
00760055
00560073
00560057
005e007a
0053005e
005a0059
005a0052
005a0055
00b90066
006e0087
0078006e
006d0060
008f00a7
0097008a
009f009d
00ab007d
00820091
0089008d
008a008f
00960083
007f00bf
0098007f
00960084
00870091
007c008e
00a7008d
00950098
007f00ad
00c30097
009f0080
00a80089
009a0082
009f008d
008f0067
00b1008d
007600ca
005b0068
00780067
0073007d
00ad0113
0072007d
009b0083
007b0070
00e2012b
0078009a
00910088
00ab0099
0084008a
00930083
0095008b
008a0084
006a005b
00610078
00710072
007500a8
00920072
00630050
0252008f
007d008a
00c001be
0090005d
018b007e
00580098
016b00e1
00b80200
00de0063
005f008e
00d70142
006d00a8
00b100c3
01e00098
006f0147
00c30071
0071005a
00830053
0061009d
005b009d
0076005e
006a0050
006b004d
0087007e
00be007f
007d0092
00830072
006f0086
0150004c
00c8006b
006c0096
005f00b0
0063007f
00880071
00720065
00730062
00780059
009d0063
00580081
009a0072
0073006c
00700073
00570062
0061006e
00590071
00600072
00820059
009a0065
0069006d
0084007d
007b0087
006000af
007f0097
00820078
00a90083
00930070
00c60085
009f009f
00790087
00790069
00b700c6
007d00a3
00980091
00a70083
007a00c3
00910097
009f0091
00a30098
00b500ba
00ab00e3
00a8007d
00820073
00b20069
00690099
00a00077
00a2009a
009d00b9
00860074
009e0093
00bb00b8
00810093
008a00a5
009e008c
00a700b8
0090007d
008d006f
009e0085
0079009e
0097006d
008b00aa
008f0076
00a10076
006a008c
00a800a0
007900b2
006d0079
00850080
008000a0
007b00a8
00830093
008700b8
00a00087
00c70098
008d006b
008b0063
00b30088
0086008f
0092008f
00b10089
008300b2
008200bf
00990079
009e00bd
00c000a6
00a000c2
009200a7
007b0073
00a600c5
009200b0
009b00b6
008d00a8
00870079
00ae00ab
00870095
00a1006a
00a10075
007700bb
008b008d
00950095
009d009b
009b0098
009200c9
009000b0
00a2008b
00eb00ba
00ae00d7
00b700a5
00c2009d
00a100a3
00a100aa
00a500b0
008b00a1
008f0097
00710063
00850099
00800072
008e007b
0081008c
009300d1
008b00c5
008f008c
0098008b
00ae006a
00750078
00a5006c
009d007e
007900a1
00890085
009b00b2
007c008e
00a200ce
007e009a
00c600a0
0063006a
00a10092
009e0081
007000a9
00690071
007e00b9
00980076
00790095
00ae0077
00790088
008c0072
00a8007f
00810081
0085007e
00820072
009700b1
007d0072
0086009a
00aa00b1
0091007e
007c0077
00980085
008700eb
00750096
00760097
0087008e
007a0099
00760077
0075007b
00570091
008a00ab
007b0083
00a200a0
00b70093
0097008a
00730071
00b100b6
009b0097
007c00b1
00960087
006a0079
00a600ab
00b9009d
0067008e
0076009f
0099009f
00d80071
00a700cf
009200af
00b9007f
006f009e
00ae007c
00a50093
005c007f
00700072
007c0099
006b0086
00aa00b0
00820062
007e007f
006f00a6
00890086
00a5008b
0090007a
009d0087
009d0083
00830092
009900a9
008d008b
0091007a
008f008b
009b008e
009300ae
009f007e
008e0098
00a00084
00ad006b
009e0092
00a2008d
00a7007f
00af00a9
00d7006e
009a0088
009a008d
009e0097
00a00091
00610096
00b8008e
007d007f
00670085
00660077
00a30098
0087007f
009a00ae
008a00ad
00b70087
007f009e
008700c1
00850075
00aa0074
0056007e
007e008b
00a900c6
00950072
00900074
00a700d9
0099006f
00730081
007b00d2
008e0087
0089008d
00a20083
007300ae
00910088
0090007d
007d00ba
00770071
008a00af
0092009e
009f00ed
00b900ab
00a200ba
00b30095
00bb00d1
008e005d
008600af
00b80093
009b006e
00a0007c
00b0008d
00a0008d
008b00a1
00760073
008e0097
00980083
008d0077
0092008f
00b900a6
009b0085
00a100b5
00da00d7
008c00a9
00ae0087
00af00c3
009d00cd
009d00a5
008d00bb
00a30099
00a50070
009b0086
00860071
008c0077
008a00b8
008a00ae
006b008a
0072009f
007100ba
00920083
009d0080
00720096
008500a8
00b0009e
007b00a3
00770099
00a30098
00a000c0
008d0095
00a00081
00ba009b
00c800dd
00af00ad
00ba0093
00790080
00b50095
007e008b
00b3009f
00ab0082
009600aa
0063006c
00a700f3
009500a1
007e0088
007b00ae
008900e8
008800a9
009700b1
0080009d
009200b8
0098007e
009d00aa
00a0008d
00dd0086
008e0075
00c100ad
00970096
009d00af
009b0061
0082009f
009f00be
007f0098
00b100b9
00a1007d
00810082
008a00c5
00a80076
006c00c1
007e00c7
009100b2
00a300a9
008600b3
00a70076
008a0098
01130092
008200b0
007f00a7
0082006a
008e00be
008400d1
00970081
00c50090
00660055
00680097
006700a2
008a007a
0089008a
0096008b
00af0083
008300a2
00af007a
006d0075
006e0093
00a90091
00ad0096
009d00e2
008a008f
008c0098
00870063
008700c1
00a200a6
009900a5
007f00b7
008c0084
009600a9
008900a7
00710075
00890087
007b0079
0085007c
0071009b
006a008e
0097006a
008b0089
009000a0
007d008f
0085008a
008d0066
00a30083
00b200a5
009600a1
006a00a9
0089006e
00830071
007e0079
009f009b
009e0096
008c0084
00b500a6
0088006f
006b0071
00b80097
007f0085
00a100a5
009f00c1
007600b0
00880062
00910070
006f0074
00aa007d
00d1008f
008b00ba
00990071
008d0096
00620098
00870087
0073007e
00a500a6
00b900bb
009600a5
008e008d
0092009e
00a30079
009800a7
005a0067
007c0082
009b006e
009000b0
00a80099
006b0073
00b60077
00b30067
0071009b
00830092
00870093
008500a8
00a300d0
008e0093
009d0079
007f009e
00b2009f
00970093
0092009e
00ad009f
008700d0
009100d7
00aa00a7
008f0096
0044006e
015b0052
0045008e
005202a5
00d9004d
02e50063
00750159
005d0077
017701a2
0068006f
0067013e
011900bb
00920069
00b600a8
0075011f
008500ca
00650050
005c0062
00560058
0056004a
00530053
00430050
0065004b
004d0044
0073007f
00bf0088
0090009d
0076009f
00920083
0064009f
006e00b9
00990092
00920085
00ae00a9
00a2008f
00c50098
009d0085
00b200b2
0091007c
009700c0
008b00ae
009500aa
008f0096
0081008d
008900a9
008f0086
00990086
00b100bd
00770069
008b0070
0098009b
0087008b
00860089
00a70097
00c2005f
008a00a3
007a0081
007d0087
009700af
00860088
00a1007d
009e009f
00910077
00b70095
00a1008b
007e0077
009200a1
00c3008c
009800b3
00ad00a7
00a500b6
009f009f
008a0063
0070009f
00830069
008c0071
009d007c
006b008a
0078006d
00b0008e
00ae008c
0089007a
00760097
00990079
00950089
00870073
00a0014b
00920083
0071008e
008a009b
00920075
0099007f
00800083
00b100c3
007800b8
0095008f
007c0069
00a6008b
00b9007e
00c10084
007400a2
00760083
009200ba
00a90091
00980082
006b0096
009e0093
00c800a6
00a700b6
008b008a
007b007f
00ad008d
00a000b6
007f00ca
008f009e
00b800cd
00910086
00a300a7
008f0096
008e00a0
00b00081
008400a7
00bb00aa
00870084
0083007d
0093008f
007f0092
008f008f
008d0099
00b60093
00db0095
00960087
009a007e
00af0082
008900a7
00970098
007a0099
006d0085
00ae0095
009d00bb
00a80089
00950073
007d0097
009b00c6
007d007f
00ba006f
007e00cb
00790067
006200ae
008d00e2
00b1007f
00c5008d
006b00a0
00d30098
00b6006a
007e00bd
010700b0
0093008d
007d00ba
008300c7
00b3009e
007900a9
00b600a7
00d9009e
00b60092
00a20090
00ae00b7
00a8009b
003a0058
02c50058
00560051
009201d7
0120006a
02020071
0053005b
0102005e
006c00a8
0112005e
008800a0
005200c5
0064013e
02890088
01010059
00cb007a
005c005b
00610087
0051003f
004f004e
004b0066
004b0050
006f006d
00480066
008d0087
0073006b
006b0095
008f00c5
00610079
007f008a
00b10087
008200ad
00770086
00990073
00770072
007700a0
00920092
00970080
008f0095
008f009b
007700cd
0091008d
0091006e
00b0009f
007a008d
00a9006d
0080007a
008e009d
00b20071
009d00b3
007400b7
0077007a
00870085
0086008e
00880083
009d0087
0091009e
009f009e
00a800a9
00880070
009b00a2
00870069
00890098
00af00a3
00ae00d7
00ab0092
00a100a1
008d00a0
00990079
00cd009e
00bd008e
009d00b7
007f0061
0060007a
005a0071
00a90084
00a3008d
009300d2
00860084
007f0092
00800079
00a00080
00b200a9
009a007d
00a50068
0099008f
00be0065
0074009f
00a0009e
00a1009d
009a0095
00db009d
008b0096
008d00bb
00980084
008f0083
00830067
00990082
0095008f
0091008b
00e10098
0081009e
006c00a6
0070008d
00930095
0092007d
00730098
009e0089
007b00a9
0081007e
00ab008e
0096008a
00d60090
00bf007b
007f0093
00c80082
008a00ad
009a00a1
009800a5
00970075
0070006b
0062006c
00690076
009e007f
00720082
00c30084
00b2009b
00770081
00920066
007a00a5
00a60095
00b900a7
0092008f
00a00093
0085008a
00a0008e
008b008a
00a00086
007f006b
00b8009e
00820091
008b0085
00df009e
00af0098
00730059
00890074
00920088
00a20079
008f00a7
008400ab
0091005e
007b005d
00980080
008d00a0
007200a3
00b5007b
00690072
00a7007b
009700ef
00700087
00990081
008100a9
00c3009e
00ab007e
00ca009a
00a10082
00a200a7
009500a7
0075009a
007b0097
009e006b
0095009d
00a0006b
008200ab
00790071
008d009f
006d0095
009100b7
00a50091
009f008a
00b20091
00ab008d
00a20083
00a9008d
00a60087
00a100c3
008e0083
00a800c6
00d80093
0099008e
0092008a
008d009b
008200ae
00970067
008a0067
0077007b
009d009f
00960086
00600088
007e009b
00790082
009d0077
0092008b
00790096
00ae0087
00810079
00b2009a
00760081
00a700a0
00a60079
00f200a9
00a70087
008700cd
00f100ca
008800ba
009200a5
00860097
007b0087
007a00a1
00ab0075
007f00a9
008100a1
00950085
00a20064
00b50096
008b00ad
00ae0067
008d00a0
00d200a5
009200af
007b00a6
007f0093
008f00bd
0096006a
009b00b5
008c0089
00a800c3
009700ad
009e00ad
00c900a9
004b005e
00870077
007e007b
0098006e
008700be
0093009e
00a20084
00930086
00a90081
008600a3
008a0098
0081009e
00900081
008a00a7
00d100a7
00ce0075
008500b1
007c0074
00970082
00680091
00970093
00b600a8
00ad006b
00c0007a
00890056
0087007f
008e007e
008e008d
00e60086
008d009a
0071008d
00830091
009e008b
0088009b
007a0098
008b00c8
007500b8
00b30089
009f0091
007d008e
00670086
00b80088
007500b7
00a00098
00880090
008200a7
00d2008f
00a70097
00850071
006e0070
008a0084
00770096
005f00a8
008200b0
00950089
007d0091
00970084
00b30073
007a008f
0093009d
00a000a9
00c9007e
007c009a
00c90089
00a100a2
00a2009f
00a8009b
00910084
0092008e
00b50079
00a200b2
00a5008f
0067004b
00720072
006e00b6
00a60077
00b90095
00aa006e
00ab00b9
008d006e
00eb0110
009d011d
018e00e6
00e90192
015900d1
010b0177
00fb0162
009b0155
007d007f
007e00b2
007a0087
00a80072
00810081
00bf0092
00870087
0083008c
00a90085
0090009e
0074006d
0074007f
0072009b
00690096
009a0073
0081007e
006a007a
009e00a9
008a009a
00a10072
0084007b
009700a0
00aa0087
009b008f
009000b8
008e008e
0066009e
008d008d
00b8009b
00a1008d
00ad00a5
00ae008d
00920072
009d007a
008f0086
007e00a6
006f0081
008d0087
0097008e
00b8007b
0086009d
007b008b
007c0090
00970075
0092007d
00a20095
0091007e
007b00c3
00960077
009e009f
00810085
008a0080
008e00a3
00bb00bb
00810099
008f00bd
005c0068
007e00ad
008a00a7
00a90087
00bd0083
008500a9
00970077
009700af
007b00a2
00780081
00e30077
008a00ef
00a50080
007300bb
009100df
006d0093
0095008a
0090007e
00a90089
0089009f
009d007a
00790089
008b00a9
00a50091
00950066
005b0065
009e007e
00a70066
007200b2
009b008a
0081008e
00780097
008b0069
0084008c
0088007c
009f008a
00990088
00930076
00b30088
0098006d
008900a5
008200be
00b1008c
00b500d0
00b8009f
00830092
008500d9
0092007e
008f008a
00650073
006e008a
00c900ae
007b008b
00af006e
007300c9
007b0098
007d0063
009d007f
00c00085
00a6007e
00920083
006b006f
0089008b
009a008a
009a00bd
00810076
009b00bf
00aa008d
00a20095
00b6007f
009f0096
00af0085
008b006d
007b0063
00900096
00c1008f
00950092
008e0080
008d007b
00800080
009a00ad
0092008d
007e00a3
00a20083
00ce007a
007d008d
007d007f
008400cf
00880092
009b00b6
007200a3
00ad007e
00a80086
00a700a6
007f00df
00c600d0
0092008e
0076007d
0072006e
00a10088
00b20073
00f1009b
00820092
009d0071
007800d7
00820089
0092007a
0084007d
009f007f
0085009b
00a70087
00e200ae
00b000a1
00760096
00830096
0097009e
008300a1
008b00c3
00930085
008a0089
00860055
007d0081
00a000c7
009b007c
00b300b2
00920067
00fb0092
008c0095
00b0007b
0097008b
00b20087
00c700c1
00920087
006a0091
00920088
00a50088
00710098
007d00cd
007d009e
00830083
00ab0096
00800084
00a20082
0090007b
00b3009d
00810092
0069006c
00ab009f
00a6008e
00880084
00970099
0084007f
0072008b
00eb0077
00ab00a1
006c00f0
009800b1
0090008e
007d0061
007b00d6
009f008b
007500c8
008e00b2
008d0083
00800082
008300c3
008500a8
008b007b
00a30075
0073006b
00990093
0095006e
0089007b
00a8006b
00b500a5
008300da
0079008a
00ab0089
0097008e
009300bd
00b70079
00920095
00a10080
00bd00ba
008f00a5
00b0006f
0093006d
00c6007e
008600c7
009300a3
008700a6
00a800ad
009a007f
007b0084
0086009f
0085007d
006e00af
00c00087
0095008e
009300a7
008f009a
007b008b
00ad0085
00ad0086
008a0097
00b300ae
008f00a8
00ba00a3
0092009a
008300b5
00af00a1
008d008e
00770087
00820095
00cb0091
00d700a8
009e004a
0055006b
004b0060
005b0087
00960169
009600c8
00890092
00a3009e
02000118
018b0106
02920125
01400081
01750175
0172032e
01290345
00f30289
005a006b
0066004e
00520062
008b0060
00710077
0047004f
0051004a
0057005a
00690054
00bb0073
00a100b1
008b008a
008c0080
009500a2
007c0087
0082008f
009300ad
00b20087
00c00071
008b0081
006f00ab
00720090
00c30089
00760092
00a80081
008f0098
00760090
009300c5
007f007b
00af0093
009700ae
00980087
005a0067
005f0064
00710075
00660088
00bf013e
008f013e
011b007e
011900b8
00e100ad
00e70149
0155008e
00e6018b
01fb01ab
012b01cb
012b018e
01050072
0079006e
007500a0
006a0064
0076009f
008000e8
006a006e
00730063
0072007a
007100a5
008d009f
00720095
00a90083
00e9009a
0065007f
008d00b8
008e008f
008500c3
009b0072
009200a9
008400a0
00930069
0073006e
007f0082
0081008a
0081009d
009d0087
006f00a1
007a0086
006f008a
00840099
005f0082
009a0076
00a10069
0095007a
0095007a
00b70076
009900ae
009e0089
00a9007e
00860081
008800c1
009e0073
007800c5
00b30083
008400ae
00820093
00990096
0092006a
008600a7
008500af
009f0096
006b00a5
00bf0084
00880089
00830086
007c0093
00750065
00c7007b
00790099
008c00a8
00850098
006f00a1
00a8007e
00c20090
009d0087
00a10083
008600a0
00c80098
00c20083
008800cb
009000a1
00820092
009a009f
008a008b
00a800a3
00a9009b
009b00b3
00b600db
00c70093
00ca00a1
0092006e
008f0084
008e0082
009e008f
00a80089
00c50061
0082007e
0087008d
00a7006f
008a00a3
00960093
00b80061
00ad00b8
008600d1
00b50085
00960091
00a800a8
00c900b1
00910096
00b500e5
00960096
00c5009e
00b800a0
009e00a1
006b0083
00c3007c
00b00077
00570082
00b100cb
007600aa
009600a8
00a100a1
0075008b
00980084
00aa0086
00aa0080
0061007b
00a900aa
008b0091
007d00a2
008d00b1
0093008f
00ae009d
009600d5
008e008d
00f10087
00a10096
00870075
006100b5
0079008d
00b500a6
00860086
00a30077
009f00ab
00c5007d
009200c0
007d0097
0079009e
00a70063
00a2006f
008300a8
008e00ae
00920088
00ad00b2
009100bd
006b00c9
00d80097
009900b5
00950089
008300b3
00e80092
009100a8
00820067
00f7009e
009f0085
008a0070
0089006a
0095007b
00950096
009b0082
008a0089
00970096
00ab006f
00820088
007d0075
009a008a
007d009d
00a9009b
008e0092
009e008f
00af0096
00820061
00a20092
00910082
009200a6
00810093
00920093
007b0086
009300aa
0083006d
007e0092
0071007e
008900b3
0088007b
006300c5
00aa00a6
00850072
008f009a
008e00b3
006a0096
00810084
007f0075
00a800ab
009300a8
00a90092
00bb00a0
007a0079
007e0082
00930063
009800a7
00820060
00b900ad
00620055
008d0079
00980087
0145008e
00a60091
0097008e
007e0077
0093005d
007d0075
008a006f
008d006f
008c006f
0065006e
007e0091
00840083
007b0073
00870095
008a009b
00710060
00790086
007d0093
00790076
00930071
008800a0
007f00a3
0077006c
00980091
00820097
0099009b
008800f2
00b8006e
009a00b7
00a00085
007f007b
00cd00a8
00830096
009e008b
008b00d0
00ab0087
00b1009f
00b300d0
00eb007f
00a800ca
00a200be
0096008a
00a10081
007a006b
008200a1
007e0092
00a3006a
007c0092
007e00cf
006d0098
007c0088
0086007f
0095007f
009e0081
007c00a0
007e00c6
008c00aa
00930073
007c008e
00c9008b
009600a0
009100b1
009b00a1
00960089
00a700ab
008f00a5
00b700a7
004f0048
0079006c
00750068
008d00b1
00a600b3
007a0059
00bd00e1
007100a1
013200e8
011900b5
014900d1
00ed0089
0140013e
00f70210
00d701de
00930165
005f0081
0080006e
00850074
00830089
00960062
00580059
00720051
00710089
007c0095
00c800a8
006e0085
00830075
007400a2
009900a6
008d0098
008b007a
007e006e
00700069
007d00a0
009d00b3
008d00b2
00770089
008900a3
00950090
00a90078
008300a9
00e200a0
00c100ba
0083009f
00a10093
00c70095
00af00c3
00900071
00830091
00740097
00b200aa
00aa008f
0089007e
00b70093
009d00ba
00850091
007c006c
008b009f
00670078
0092006b
0087007a
009b00a0
009100bd
00ce007a
00b1008d
00ab006a
008f00a9
00c9007b
00c00081
0072010f
00a50086
0096007b
006b00a1
00b2007b
00970087
008b006e
009b0076
009d00ca
008200b2
008f0086
009100ad
009e0065
00700076
008d009d
0095009f
00a60087
00b300d2
007e0097
008a009d
00a20092
00a3008d
009a0083
00920092
0080008f
00c9007d
00820084
008600d9
0069007d
008a0069
00ba007f
00d00093
00ab008a
008b00cb
008a008f
00790099
0085008e
00a7008e
00b200b5
007b0096
00830097
006f0091
0093007e
007e0082
00a00093
008900c3
00aa009e
008400bd
00900078
00cf0080
0065006e
00a80068
007d00b5
007d0060
00640093
0098007b
007900a9
0088006b
0099008a
00ad0087
0080007b
008b0098
008b0086
007600c0
0087008e
00b9007c
00930086
00a60075
00ab00d0
00a200bd
00a30089
00ae00cf
00b1009b
007c00ae
0067006b
008e008f
009e006b
007c0078
0078009a
007d0100
008d006b
006d006f
008d00af
00a70050
007d0077
008a0082
00a0007c
007b008e
009a00a1
009b0087
00870087
009b00a9
00a80081
007b00b6
00cd0074
00b7006e
00a7008e
00a500aa
0043003c
0056006b
00870070
00750061
007900cf
00ce0175
006900d7
00cf00be
011d024e
00e3014b
01ae0137
02650280
0289015b
02bb02e9
0202029b
017e0157
005800b3
003e004f
003a0078
005e0061
004f0105
0056003e
0033004e
003e0041
00de005c
007300bd
0059006f
009d0067
006a0089
00a8007d
00a70065
00c200ae
00ab0085
00d9007b
00cd007a
0087008e
009a00b2
009d0106
008e008b
0097009b
00ab0071
00a900c2
009100ce
00a10075
009d009e
009300e1
00ba0076
00a100af
00b8007b
00b10066
008b0080
009500a2
007e007b
008f009f
00a000a7
006f00d8
0093005e
00d900c1
00a2008c
00960097
008500bb
00a800bf
00a9009a
007d008f
00ab008d
00a00081
00930072
007300b6
00a200a1
0081008c
009f0097
00a000c1
007e0079
00a90076
009600b9
009b00e7
00ee00a1
009b009d
008e0080
0096007a
008d0070
0082008d
0086009b
00a500ae
008c00a0
007b0092
007000a7
00890096
00ba0074
00a900d8
009b00b0
00b70082
0099010f
00a900aa
00c000a1
00aa008a
00780073
008c008f
0086007a
008f007e
00860086
0083007e
00b00087
00aa007f
00ad009a
006b0079
00850083
007e0089
00a100a7
0075009e
008900b2
00c100b1
00ae00b0
008b0083
00db007c
00a80088
00c50093
00a3008d
00a100f3
009a0090
00c90072
009d0090
008b006b
0118007a
00bb0090
007c00bf
00740069
0093008a
00830092
0083009b
008e008e
008d0084
00b1007e
0091006c
0099007c
0095009b
00a30087
0086008d
00980088
007500b9
0076008a
00a6009a
008300d1
00800085
005f007b
0092007a
007a008a
007900a1
00830099
00a50079
0076008f
00880067
0091007d
009f0073
00b50073
00a50089
00a70091
0077008a
007300a9
00900095
00960093
009f007d
00bd009d
009900be
00860091
00870085
009a0099
0091008f
008c0088
00ab00ad
007e00c7
009b0085
0092008c
009d008d
008a00b7
00990060
0081009e
007b0083
008d00b8
00a3007b
00c10085
007f0075
00c000a1
00af00b0
008100a0
008e0095
00b10093
0078008c
00920091
007a009f
00950074
008700bf
007b005d
00a80092
0081007a
007c007d
0072007e
00df0063
009e00b8
00b30075
0093009a
00c30092
00970098
0086009e
00810095
007f0071
009a00b3
009100a8
00970097
009a007b
0068009e
009d008e
00a7009a
009000a1
00730093
00d100a6
006b006a
007f00a5
00690084
00750075
0082009d
008a0077
00bb0060
0083008d
00770097
0076008a
008b007e
00c10092
007600c7
0087009e
009700a0
00a200c3
007e00a6
00970067
00b30092
008500b5
007b0095
00b00071
009800ab
00a2009b
0081005a
00bd00b1
00890068
005e0085
00890097
00960088
0083007f
007f00a0
009600a8
006e00a8
009100c1
00a10087
008100af
0083008b
008d00a6
00d500b0
007a00ca
00a10092
0093009b
00aa007f
009e0099
009b009b
00a90070
00bf009b
00850069
0092007c
00aa0095
00ad00d7
008300a0
00a00080
008100c5
006600cd
00890081
00a00087
00b20074
008f006d
009e00a8
008d00b5
00ba00ae
00aa0085
00c3008f
00760089
008a0083
00890082
008900aa
00dd008e
009e00b3
008f00c0
008b0080
0083006a
00b30098
00960107
00710089
00950095
00b90088
008300d7
00930072
0096009d
007d008e
008700b8
00a800d7
00b700a5
008e00c3
00a6009e
009a00bf
006700bb
00a50090
00990091
00c50083
00b1006f
00a9008d
00960098
00a50080
0089008f
007f0082
00a500b2
0096008f
007c00aa
008e0088
00a9008f
007b008e
00ca009d
0088008f
00d600a7
0105007f
008b0098
00b500ae
008d009d
00930096
00d800a6
00980099
00e5008e
00ba0090
009e00a1
00760095
00bd00c2
008b0069
00910072
00ad0085
00920089
008d0092
00b50091
009b0088
0087008a
00800092
00aa0079
00d300a9
00a2008e
009f00a3
00af008f
00ae007f
0092008e
00ad00be
00bd00a3
00a600a1
008f00b0
0085009d
0072007f
008600b7
00ab00a9
0085006f
0089009a
007f0072
00c30092
007f007f
009b007f
0081007c
0089008a
00990075
00920097
00a800a8
00ab00a3
00b100bd
006c0085
006a00ea
007b0091
0083008b
009f0099
006f0081
008b009f
00b5009a
009900b7
009e008e
007600a9
0072005f
00730065
006b007e
009f00b2
006f007f
007a0077
00a300ba
00860097
0074008a
00970083
00860074
0085008d
009000b0
0075008e
007d00b3
00a500c1
0079009e
00bd0095
00c300b6
00bf0097
009500a9
00ad00a5
00bb00d1
00780086
00c50059
008e00fe
009a0111
00bd0082
00da0083
008e00b3
0080007d
009e00ae
0085008a
00b2009f
008300b9
00710097
00720072
009200ba
009900b0
00ae009a
007b00ae
009e00b9
00830084
00a30088
00b900a3
00cd00be
008300a6
00a30095
006a0073
009d00ad
007f008d
008e008f
00900096
008900f0
008d007f
00db007b
008b0098
00a1008e
00b300b9
00850076
007600d2
00a60092
00b300ae
0092008c
00a7009d
009e0087
00af00a1
008a0092
007e0089
00a90093
00950098
00b20085
0089005c
00a700b6
008300f0
00910067
0082008a
008500b2
0078006e
006e00b6
00960096
009d0071
00b80075
00970079
007b00b5
008d007a
009f007d
00c80099
008b009a
00b3009f
00d7009a
00ce009b
00c90087
0081009b
00d000b8
00a00095
005f0082
00880056
00790086
007500a9
008b008e
0091007e
007200a5
0099008f
00700074
00770096
00920086
009600c8
00c50079
00a00071
0080008b
0089007f
006f00a0
007d0079
00c30092
009b0087
0095009b
00b800aa
009900a1
008700ad
009d006c
005a00b9
00990097
007b0095
00a80085
008c009f
00a10088
00a000d1
00950098
0096007e
008a0072
00ad008a
009000b1
00970097
00870097
0091008b
0080008e
008a00b2
007100a5
00ad0095
00c20087
009700a1
00d10085
007100af
006c004f
0070007d
00a8009b
00b60087
00890082
005d0085
006a007b
00830081
007c007e
008d00c9
00a3008a
007d0082
00a200a7
0083007e
00c800b7
009100aa
008f008a
009e0085
009e008e
00950087
00ad0087
008d008e
007e0089
009700a2
0072006e
009700a1
00db0081
009600b5
009d00b2
00ad00b3
00c600c7
00830088
008f0086
0095008e
008b0089
00810087
00680086
00730071
00890085
009e007f
00970089
009d00e3
00aa00a5
00ae00de
00d20072
00b000a3
00a200ae
00d200b2
00a20095
00770084
00b200e1
017500a9
008e00bd
00860092
0090008f
00bd008d
00ab0090
008c010e
00e30097
008500b7
009200c3
008f0089
009e009a
00c7007f
007e0087
00b2008d
00a7008f
00a000a6
00ad00b6
008800b3
00d3009d
007c0096
006d008f
006b0077
00980066
009f00ba
00af006c
007800a0
008100a7
0081008f
00a800a6
00950082
00960098
007200ab
008a009f
007700a9
007f0074
007f00ae
0084009f
00970071
00990089
007c0085
00b600bf
009900a6
00810098
00a9009e
009a00a0
00d100a3
0073007a
00a30068
007a00a7
00a100a0
00a3006d
008b00cf
008a00a9
008a0099
0086009f
00ab00a1
00860095
008d0083
007f0087
00a300a8
00af008a
009f00a5
008b00a5
00ba008f
0087008b
009700ce
00a5008d
00b00089
0097008f
00a300c9
007a00e1
00890096
0091008e
00840075
0092009a
00a70086
009e00c5
009900b8
00980070
00960069
0086008a
00a7008b
00b6009d
00a9008e
00ae0083
008000a0
00bf00a7
008600aa
008b0093
008e008e
00d20095
00af0092
006a0057
0093006d
0056006a
00a60067
008b0079
005b00a7
00b80064
00860079
009b009a
008c0092
0095006b
009a0062
00820092
00ad00a0
00a2007f
00830097
0091008b
00c30073
00b30073
0087009d
009600a5
00b0007e
009a0093
00c70087
007d00b0
009e0092
0096009b
00990069
007f009b
006e0096
0086008c
00dd007a
008500ae
007500a9
00910068
00990081
00c600a5
00e600ab
00a800ad
00a1007b
00830085
00d800d8
00a50091
009300b6
00770086
00bf008b
00ad0098
00a800b1
0065005f
006a005f
00600089
008f00b6
0079009d
00b70080
009b00b8
0079009d
00d5013e
01400076
0205009a
0169010e
015700f2
013e01a0
01220187
00690119
00b20077
007600c8
00860077
006b007d
007b0077
00960095
00c300b0
008c009d
00af0082
00810082
00c30092
006f0092
008b0095
0071007a
00aa0090
007a0084
008800b2
004b007b
00b30077
0096007a
00840081
00790079
00650093
005b0091
007b0079
00920089
00650077
00690073
00710066
00770072
007d007b
006e00b9
005f00be
00860085
00750075
006e007d
007e009d
009f0098
00a200c6
0087007f
00ad0086
008a00c7
007d0086
00bd0080
007d009a
00a9007a
00910077
008400e0
008600b9
0096009f
008b0075
009a00d5
00830096
008a0095
00cb009b
00ce00a2
00770056
008c006c
00b100a2
00870083
0096007b
00b600aa
006f0091
006f0097
0065008d
00b20070
00ed00b8
00830085
00bb00a6
008d008a
00aa007f
007300a8
00a600c1
00b300bf
00a5009a
00970099
00a600a5
00910083
00820089
009200ab
0077009b
0089007e
00530063
0083009d
00640079
0099007e
0084007d
00a30066
007d008f
008500cb
006600a0
0098007e
007a0086
009200b6
00b00087
0093009a
008c007d
007d0092
006c0089
00d2008b
006f00b7
00a200ad
00820086
00a0009a
006b0091
00760073
008400a8
00a200a1
00a2009e
00960093
009d007f
00860075
00ba0075
00b8008b
00b100a9
00a6007e
00a00090
007900aa
008700a1
00c10091
009d009a
009600a3
008e00ae
00a600e7
008c0083
00b100a9
009b0098
008e0095
00760065
00b0006d
009900a6
00a5009d
00830081
008a0083
009b0071
008f00a0
009e006b
00630089
006f006f
005a007d
008a00b7
0084008b
008a007c
008f007a
00920088
00a50073
00620060
006f006b
00be0069
007a0069
005f008a
006f006f
00ae0088
008a00cd
00790075
008d008f
008200ae
008a00f2
007800a3
008b00ad
0088009f
00820086
008d0072
00b900c0
00c5006f
00b00093
009b00a5
008a008d
009d008e
008700a9
00c200b9
00b10095
009f00ad
008d00c2
008000a7
00a0008b
009d007a
009b00e8
00c50064
008d0096
0077008e
008400af
008700a7
00970082
00a70097
007f0066
008700c5
00930082
007f00a6
007d009e
00d100a6
00b60097
008200b1
00ca009d
00a10084
00b2009e
00a900b1
009700b6
0091009b
00c900a6
0096004d
009a007f
007d00a6
007d0095
007e0090
005f00b1
00a30079
009600b5
008500c1
007e0099
00b60087
00960095
00c50095
00810080
0090008d
00990096
00af00a0
007f007f
00760092
008700a2
00a20080
00af008a
00c1008a
00910073
00820089
006e0096
00980090
00750089
009b0075
00b6007f
007f007d
00ae0092
00a8009b
008b0079
0095009a
00950081
007d00cd
0082006d
008b009a
00750097
00a90078
00ce00cb
009800e1
009300a0
00bf00b6
009e0089
00c2009b
0073008d
0082008e
008e00b2
008b008d
006a007d
008100ee
00b300f3
00b10067
00a10092
0086008f
008d00a2
00c80087
009700ab
00ad008d
00720087
00850077
00ab009e
008600a9
00960085
00a90084
00c500b5
00990098
009800b9
00aa009b
006200b2
006d006a
008a0098
0086007d
0085008d
007d0091
00970092
00760086
0089008b
008a00b8
00a60095
0076008a
00870089
009500ab
00d600ad
008f0084
00ce00bb
00910092
0074008a
00c500a1
00d200b9
009a00b5
00bb007a
00a500ae
006900aa
0092006c
00a3009d
008d0084
00680077
008d0088
00930089
00bb0093
00c80072
008e007b
00b600a0
008200a1
007c007c
00b3007f
007f0089
00a6008b
008a0076
00a6009e
0083008b
00a30083
00cb0070
008a00a0
00d30086
007b009e
00ba00aa
00890057
008a00a0
00ce00aa
0093008e
006c0078
00870086
008e0071
00970088
00990092
00a600a2
007200ae
00b30087
009f0082
00a90091
00bd0099
009500db
00a100a0
00a8009b
008b0087
008400a8
009100a8
009a00a7
00ba0083
008100d7
00710060
009e00ab
00910067
007f007f
008600af
00a8007c
0085009f
00a10075
0096008a
009200c0
00df008f
009d0073
00760097
00ab00a6
00710096
00a500a5
0087007d
009a00a5
00a00091
009b008d
00b80099
009d009d
0092007e
009300a6
00880063
00df0091
007f009d
00b7008d
00ad007b
006b007f
008e0098
008f008c
00810085
007b007e
00bb007b
0097008d
007b00c3
008e00c0
007700ad
009d00a2
00a800ae
00b200b1
0099009f
00850098
00aa00b5
00b900a8
0083009a
009a00b3
00a20091
00a20092
009700a0
00b50088
00990079
00a500e6
00aa0072
0087009e
00990077
00a50092
008400ab
00fa00a6
00cb00c0
00c1009b
007b0080
008c00ae
00ae00e6
009100b6
00bf00b9
008600af
00e000a7
00b7008d
00a200a7
00b600a0
00830071
00b20071
00910083
00860089
00710082
008b0083
008b007e
00830067
006d009f
008a0072
00a500b1
00b500a0
008b00a5
00b900ad
007a0083
00b00095
00a0008f
0095008e
00a6009b
00da007a
008b00ad
009e0089
008f0098
009600c9
00780073
00920073
005600d0
007f0081
0097008f
00900092
008300ba
00930083
007f0081
009f00b5
007400a8
00a10089
00a600b6
00b900a3
008d008b
00a700a1
007400b2
008f00af
00ab00a9
00a5008a
00a8008a
00b10084
00bb0088
009b0095
0089005a
009d00b2
00870096
00b70080
00800093
008600eb
0075007e
009200a6
008c0082
00aa0075
0098008d
00800098
008700a6
00b900a3
00920102
00b90084
00b500a7
00af008a
0081008f
00da0082
00a000a5
007500a7
00990074
00a2008d
0065009b
00b00074
0076008b
00740089
006d0080
00890082
00920083
007500a5
00a20091
007f007f
008300a0
00880099
009a00a0
00bb00b3
008200a3
00a100d1
009d0086
00910091
00af00a3
00a50089
009600b1
00ca0095
008d009d
009500b3
008a0048
00770072
00670086
009b006b
007500a7
007200c3
008a009b
00a300bf
00aa00af
00ab008b
00b50097
00e5007a
00810081
0092009f
00950098
00c300a3
00d500a8
00ab00c5
00d10086
00a3008e
00ba00cd
00e2009f
0081008a
00ca00c8
00a2006a
00b600a7
00970081
0079009e
008a0097
008f0082
00ba0095
0092009e
00ae0079
006f009d
00b0008b
00860093
00c30074
0080007d
00ab00cd
0098008e
009500aa
00c900a7
00890089
00860076
0089007b
00a800a6
00c200ba
00a50077
007100c8
007b009d
00a60093
0097008d
00930084
008300b1
00b70095
005e00b1
0091008f
00920082
007600aa
00980091
008c0070
008f0089
0092006d
009f00e5
00a50074
009500b9
00980082
00a100a8
00b60086
00be009f
00a900e0
00b500b3
00a30059
008b0084
0077007a
009e0075
008300b9
0083009d
008e0091
007c007c
00c8006a
00c2007a
00840095
007c008e
00950081
00a1008f
008b008c
007700a0
0093009e
007d007f
0084009f
009800e2
007b00d5
00b90097
008f008e
007700d8
00950079
00c10097
00850089
008a009e
0089006f
008200a5
007e0087
0077009f
008b0084
00850083
007300c9
008d0087
00c100a7
008f00df
00830082
007500b5
00820087
00980096
00b00095
00b1009f
00cb00d1
009200c9
008600a9
008e00ba
008000a5
008500b1
00c500c9
00a70095
007b0086
00a800ab
008100d6
00720097
007d0091
006100a5
00990093
00cf00bd
00d2009f
008700b2
00890098
008900d6
00b5008d
00df006e
006500dd
009a00b6
00a800c0
009d00a6
00b3009a
00ab00aa
0095006a
00a5008d
00de0093
00a600bd
009f00a9
00b6008c
00be009a
0080009f
0076008b
008a00a1
0099007a
00b20090
00a600a1
00c2008e
00d00097
0097008a
009200ba
008700a1
00b60091
00a700b0
009800c6
00890092
00f70097
008300d5
00690085
00730079
00b10099
006b0083
00930082
008700ae
0098009f
00870099
008e00c8
00a7009d
0095008d
00970083
007c00a5
007c0092
0092007e
009b008a
0072008e
008b0092
00be0090
008700b2
00b2009d
00ad00b9
00880099
0083009d
006e0063
00a200a6
006e00b9
006800ad
007a0072
00720085
0097006e
009600a6
008a00ab
00ad0092
00a90098
007700a1
007f008e
006a00c2
00bd0087
00ab008f
008a00a6
00b3009a
009500b7
009e00b6
007f0091
008a0095
008a00ab
008f00b7
00a1009a
00870101
008300c8
00ad00d0
00c1007b
00be0095
009d0081
009500a7
008b008c
00b6008c
009900a5
0095008b
00b2007f
009b008e
00d8008a
00a30083
00b0007b
009500b3
00a6009d
00c200b7
008600e2
00a500ca
00a300a6
007f0092
008e008a
0083007a
009600ca
00970071
00750076
008d008b
0076008c
0092008d
00670087
009e00ce
00aa00bd
0096009a
00720092
0079007f
008100a7
00850081
007200b8
006e00b9
00ca00ea
00ae00d3
00c0009d
00a900b0
00b70082
00770079
00670063
00990092
008f0084
00a80092
007200a9
008e009d
00ef0071
007200ad
00860085
0092007f
0091009e
00d10078
00ba007e
0091008b
00770089
00b800bb
008100aa
008d0086
00840096
007800ad
00af009e
00bb0082
0092008f
00a60093
0069007c
00a80071
008d00c1
007b0087
0098008a
0091007d
00b10085
006e0097
00b500af
007e0077
00ab0087
0086008a
00790092
0086007f
00ae0096
00b5007c
00a600a0
00a10091
00ad00c2
005c0097
009d00de
008f0077
00a000a7
008e00b0
00850075
008600b6
0099006a
00af006a
008e0082
00ba0091
00a000b6
00a50099
0095006c
00960096
00830088
00980073
0099008d
008000bb
009f0087
00910098
00c0009f
0102008d
00a00092
00be00b5
009d00b1
00a600b0
009e0082
007a00c0
00910074
00bd006a
0099009d
00980092
00730095
00a70095
00a60081
008e008a
00780097
008e007a
00b5008c
00cd009e
008400bf
00b500a0
00bb009d
0076006d
00a20081
00ad00af
009100d7
00850082
00bf0091
008400a0
009d009d
00c900ab
0086005f
00d20095
00c200e6
009b00d6
00ad0074
00930065
00bb0062
00a9009b
0057008b
006300a6
008200b3
009d006c
0071008f
0067005b
006d008d
009a006f
0083006d
00720066
0056006e
00690070
00460062
0066005f
005a005e
007e0048
00930083
00730092
00a20074
007c0086
009800b2
00830087
0087007b
009d00a1
00cb0084
00a900a1
009b0083
009600a8
008d0085
00b60096
00b30087
009f0090
007b0088
00bf009e
008200a1
00980084
00910077
00a2008f
00b900be
007e009f
00890073
00880068
009a0097
00a10069
009500df
00b00076
007d00ab
00a300a6
00960083
00b700be
009d0077
00a80079
008d009d
008000a2
00920077
00a9007d
008100a8
008000e8
007500aa
00a300a6
009500d7
00a3009b
00d000c0
00a600fa
00ab0084
00a900a5
0097009f
00ca0096
00890097
00970083
007d0072
00630091
008f0077
00a300a6
00830079
009d0097
008600a6
00a50084
00be0098
010800ab
00ab007b
00980099
00aa00b9
00aa00be
0091008d
00a100af
00b200a1
0086008d
008600a2
009b00d5
00a300a7
0127007d
0093009a
00a1006d
009b0095
00c00092
00b5009e
009b0096
008a00a1
00a500dd
00c00091
008d009b
00810096
008000a9
00a50087
00cd00a9
00b800b2
00bd00c0
00a100f5
008b009e
00c30093
00ba0081
00a2005a
00750098
00690090
00ab0096
006d0081
008c00bb
007e006c
00960092
00b9008d
00b7007c
00810077
00770083
0077007e
00930090
0086007f
00a600b0
00a10097
00cf00b0
00b600ad
00aa00ab
008800aa
008200fa
00bf00bd
009700b2
0063005b
00810087
00650089
00bb007b
006f0067
007c0098
00ad0078
008c00ad
009900a1
00af0087
009a0073
007e00be
009a0079
0077008c
007f007f
00ba00c8
007f0099
00a700b2
00a30084
00660098
00b60091
00a000b3
00ba00d0
008100ae
008000a3
00a00062
009b008b
00a60063
008b00a1
008e008f
008400a0
009b0085
007b0071
009500d2
0085009a
007d0085
00b200a1
009e0093
00a50089
007c00e3
00b100d7
007900a6
00a000c3
008e00b7
00b800b2
009200ad
008f00d5
008d009a
00aa00a1
00a1007f
008a007a
00a90091
009a00a9
008a008d
00670077
0083008c
008c00a9
00b20089
00980084
009a0072
00bf009f
008200b7
00aa00a9
00a900b8
00a00095
008100b3
009a00be
008e00b2
00a700a3
008700af
009600d1
008e00d1
007d0058
00650085
007f0080
0092009f
00a30087
00b30081
009b0059
007e0091
00870091
0092008f
008b008a
00b30091
00b0008a
00790074
00bd0095
00860073
00a300b0
00a3008d
00af00ab
009e0093
008d0095
00890097
00b300a9
00910083
007d0081
009a0098
0075009f
008b0079
0061008c
008a0072
00bf008e
00af00b6
00c30084
009500cd
00a30080
0092007e
00a10089
009600c7
00ba0082
00900096
00ab00af
00820092
00b20082
00aa0099
00b10088
00c3007a
009b00ab
007b00d0
00cd008f
008600b6
00aa008e
0082009e
009e0096
0076008e
009a00b8
0088009f
008500b7
00980085
008d0076
00c70084
00bf00b2
0085009f
009500a3
008e00ca
00c900c0
009200a8
00be0083
008f00c5
0097009a
00d600c5
00d2009a
008a00c5
008e0072
00800095
0075009a
00a60095
00860078
00bd0071
00810072
005a00a3
00910079
00ad00b7
008800b1
008d0091
00aa00b8
009700c0
00a20072
007e00bf
0089008f
00a800b8
00d00097
00d500ae
008c0091
008800a3
007a00e7
00a60087
008f0064
008b00a2
0089008d
00920069
00760089
006600a3
0074006f
008d0071
00a700a0
009800ba
00a20082
009a00ab
00720097
00ae0098
00730096
0097007c
008500a9
00a600a9
00840086
00c7006d
007f0095
00a20096
00d900c3
00a700ab
0073007a
007e0090
00c20112
00d20083
007b00b0
008500af
0098007a
008f00ab
00ad0098
00e60095
00cd0096
00c80073
008600a6
00a200c7
008e0099
00cb009a
00ae00e5
008700be
009900aa
00a7008e
00c600be
009d009b
00b5008f
00a20075
00910078
00680092
00660097
006d0076
007a00aa
00a5007b
00830075
008500b0
0079007f
008b0087
007d009d
007f009a
00a20071
00950068
00a80078
00b30092
00a100b7
007e00a0
00a10086
00a100a1
009a009e
009900d9
00ad008a
00b800b5
00a70078
007e0079
00760093
008c0089
005400a5
008b00a8
00aa00a0
008600a1
0096009d
00a000b8
00990097
00900081
00a000a1
00cf00b9
008b0084
00e700a3
00a50099
007600a5
00a000de
00b00086
008900a9
00ad00df
00a600a3
00b000ba
00840084
00fb0083
008c00a0
008a0091
00890088
00a70095
008b00a2
0086007e
007d0087
00970081
00a80089
0093009f
00860077
00aa008f
00910082
0085008f
0093008f
00a3009f
00b7009a
0099008e
00be00a6
00da00aa
008b00b7
0081007f
00860075
00920064
00920077
0090006f
00920073
00890088
009000af
008d009d
007f007b
006e008d
00a9008e
0095007e
007e00aa
00b80083
00bd00d1
0098008f
009700b3
007600b9
00bd009f
00b30082
008100c1
00a1008f
00950098
009a00b1
0079007b
009600be
00d8008e
00990098
00730096
00760085
009800c1
00970079
00780092
006c0098
009f0092
009200b3
0095007e
0081008f
00ab0095
00830083
006f0085
00af00b5
00a000b0
00b700b6
00910093
007900c3
008c00b2
009e008b
0072007f
008a0070
008400a5
0076007a
008900a8
0097008d
00ab0078
00c3008e
00c500cd
00cd0086
00f80099
00e30090
009300b6
006e0086
00c900b1
008500c7
00c200b6
00980098
00b500b0
009f009d
00bf006f
00860093
009b0086
008f0099
00620063
009a0091
008a00a7
008a00ba
007f00a0
00aa007a
009f0071
0076008c
0065008e
007100a6
009d0079
008c009a
008800a8
00a700a1
009b0099
00b8009d
0097009d
00cb009a
00d5009e
0081007a
00a000a0
00a00093
00bd00ba
00ff00ca
0073006e
0083009d
009d008f
009d0082
007100d8
008d0070
007500c2
009700a6
00a7009b
00980078
008b009f
00930066
009900b3
0095008c
00cd0083
00a20097
00820093
009200a5
00bb00a5
007a00bf
00a200cd
00b800bb
009a009f
009e00d1
0061008b
00810092
007f0083
008e0082
0077006f
0079007e
009b00ab
009a0096
0084008a
008a0085
00e00095
00720083
008f007e
009700b6
00b300b6
00950082
00870089
00960091
008800b9
0085008e
0098007c
0081008c
00a800a0
007600a2
00b60085
008100b2
00960092
007a0070
009700a0
00ba0091
006a0096
00aa00a0
00840073
008800a1
00a3008d
00ad0077
00760084
008e0088
008f00a0
0073008d
00b8008e
00a500ce
008700b5
008a009a
00a300c3
00c500b0
00b30098
008600d7
0083005e
007e006e
00ab007d
009000a5
007b00d7
0097009b
0092008b
00a30084
00810075
00880087
007d0089
0082008b
009a0076
00980098
009e00aa
0093007e
00a000a6
00850097
00a500a6
007900af
00a5009d
00e300a8
00990093
00ab00b6
00980073
00a800de
009d008f
008d00b6
008b008c
009100b5
00b500a3
008e007a
00c20086
008500f5
006f00a6
00d10076
007e0091
007e008d
00a70089
008f00cf
00aa00a7
008300b1
00880079
007b00af
00800085
00930092
00ab0093
009f00d5
00670063
00a50095
00820087
00a1007b
008900cd
00c6008d
008a00a6
009a0075
00850091
00c00081
00970087
00770092
00db008a
00b8007f
00890097
008d00a7
0083006f
00620088
0095008e
007a0098
00cd009b
008f00b6
008a0092
00aa00ab
00570063
007a0093
0081007a
008500a1
006f008d
00a10072
00ba008a
00b6009b
008b00c2
008f0099
00cb009f
00bf0087
00f90086
0085009a
00d3008f
008400b6
0099009f
00ae00be
00a5007e
00880083
00b60086
00cb008d
00bf00cd
009a009d
0088005e
00a700a1
00920079
007a009d
00a50099
0074008a
00ab006b
00b60091
00ad0085
00750099
00a7008f
0090007a
009700ae
0099007d
00800099
00a70083
008500b9
009700b5
00a300e2
00a500b8
00a200c1
00a200b6
00ce00ae
009600e3
007e008a
007c0081
00a50082
00850093
00b300b7
00fe0071
008b00cf
009700a8
009100a9
00e600a0
00a30095
00ae0082
009e0095
00ba0071
009f008b
008b0085
00b900de
0083013e
00ad0093
008e00a9
007e00d6
00a000e2
007600b3
009900bb
008700ce
00ce00b6
007500fb
00970078
009f0080
00a000a5
00df007f
007f0089
006a007f
00730089
007b00ae
0068007f
0088007e
00a80078
0080006b
00860084
00980082
007e00c1
00bd0084
006d0078
0076009f
009300b0
00a0008a
0089009e
0085009a
00a5007f
009900c7
00960080
009d0085
009b0097
007300b6
009900ba
00990071
007000a9
00930097
00b900a7
006600a3
00e10097
009300a3
00db0095
00c900a0
00850066
008e00d7
00bf00a1
01020093
008500a3
009200b0
008b009b
00af007b
009b00a3
008d0080
009a008e
008c008d
00b200a9
00890070
00a90073
009f0099
0086008b
007800bd
00c10096
0092008f
00840086
00a000b2
00a70092
009a008a
00950089
00a500b0
00b7008f
008d00a5
00a90084
008e007f
009a009e
008a0073
00980062
00930066
00ab00b0
008c009a
0085008f
00ad008d
00980069
00d90092
008d0072
00b100b1
009700a6
00a2009e
00ae007e
0090007b
006d00a3
00b700a3
00770089
00eb009b
00a90095
00b300f3
009b0082
00af0098
00a500a9
00a50078
009100a1
007b0099
0084008b
007d0093
00c0007f
00b90073
009f0085
0074009a
008300ad
00c60089
0089009b
00af007f
00a900b0
0090007d
00a600a6
00950092
00a600d2
007d00a8
00a20091
0093009e
00e100f0
009100c3
00b300aa
008a00a1
008a008b
00d0008a
008a008a
00c50097
0093007a
0073008f
009d00bb
00d8008b
008600a5
00bd008d
0081007c
00d500a0
0088008b
009700a5
00830098
0098008c
008700aa
0098008b
00c600a0
008c0098
00a80085
00b300d2
00b3008d
008b0076
008500a0
00a3008f
0075009e
007a00d2
00b0009a
00880077
00810085
009b00a6
00760079
007f0095
00b000a0
00c100b1
00c70073
009600ad
00af00b3
006b00a8
009e00ad
00860076
009e006b
009d006c
00c100d5
00aa00ab
00810084
008f008b
00870072
0071006d
008c009a
006600ab
006a0097
007c00ab
009d00a8
00990091
00800089
00820091
00870097
00850085
006d0082
00890093
008500aa
008a0081
00d50092
00c200b9
00a7009e
00c20083
008f00c3
00af0091
008600cf
008a0062
00f10092
00950072
0092007a
0096008f
007d00a2
008500a2
009d008b
00a1008d
009a0081
009700a8
00af0092
009f0092
009200ae
008b00b2
009100d3
0072009f
00b800c2
00cf00bb
00a80099
008c00ba
00b100ff
00b90091
009a011b
006b0091
008f005b
00990081
00920069
006e0083
007f009a
00820092
00b1007f
008600b5
00a500a2
00ab0080
009a007f
00ab008c
00c20089
008e0081
00a0009d
009800b0
009900b7
0085008c
00890096
009900a2
00ab009b
009a00b2
009f007b
00a30059
0098007d
008000e2
008d0076
006e0096
00a900a5
00aa0093
007b0093
00a900c3
0097009d
00c800ae
007b0082
00c90086
008900ab
008d00a2
00c8008d
009100ab
00c300a6
00a800b5
00b00099
0097008c
009b009e
00ae009d
009100d3
009e0083
009f00a2
007300b9
00770096
008f0081
00c500c7
00d20097
0092009d
008c0091
00740075
00be00e5
008e0098
007b00b6
009d00a9
0081008e
00c300cb
00870082
0089007b
009100ab
008a00b1
00e1009a
00c700a9
00a0008e
00a6009e
008b0072
00a5008a
0097008e
009b00ab
009d0096
00bb0076
009b008b
00bf008e
007d0077
00980082
00b50087
009200a3
0075008d
00b8008a
00820076
006d0097
008a0086
008f0075
009b008c
00c30083
008f0097
009b0086
009f0096
009500ad
007600a7
009b007b
00800063
008600aa
00a900de
008f0096
0116009d
00c900a6
00d50096
00a600c3
00b300d6
00a300a0
00e70083
00c200d6
007b0078
00870085
008f00a7
009b00c8
009700c5
009f009b
007e00a0
00ad0091
007e007a
008d0091
00a20073
00890088
00ab008c
009b0088
00b9008a
00aa00a9
008b0067
008f008b
00ab00ad
00980074
00b000a6
0079008f
008c00d9
00ba0086
009900a5
00920097
006b00aa
00af00c2
00b000a6
00c700b9
00a30098
00a800ad
00a5008d
00e50098
00790078
009b00c8
00870096
00c9006c
00a3008a
008f00a8
006e0098
00920086
00a00095
008f009f
005f0086
00ae009d
0093006d
006c0098
008300b8
009100a7
006c006d
008d007d
009000a7
00ae0098
009100cd
0081009f
00e200b1
0082008f
00760081
0091007a
00a50080
008500ba
00a3008d
007700a5
007100bf
00af0077
007c006d
00690071
007b0089
00b90093
0095006e
00870097
008e00a5
0089008e
008b0085
00af00a3
00c90083
008b0083
00c1009f
00820091
007d008f
00c200c0
00c6008e
005e0082
006f0087
007c00a1
00870083
00890084
0066008d
0099007d
008d0090
00a3009f
00cd0083
009f00a8
0098007d
00a10087
00820077
00c0007d
006700a3
00a8007f
00a70095
00d2009b
007900af
00920097
00bb00e8
0088008b
0113008b
00a500cb
008f0106
00aa006a
007f010d
00d8005d
005c0129
01270070
00910075
00bd009a
00d20069
007d0080
00690071
00470058
005a007d
0075008e
007c0057
0056005a
00530078
004c0052
00660075
007d005e
00760063
00570057
00620051
009d0071
008c008b
00a500aa
00930067
009d008b
00a70081
0076009f
00a7007d
00cb00af
009d0066
00ed0077
01050086
009f0087
00aa00a9
007f00d9
00a600c3
0096007a
009a0085
008a00af
00de0092
00cd00b1
00ae0093
009800aa
00a80091
008800a0
006d007d
008a0074
0086007d
00810076
00890088
0095007e
0085006f
007d00ab
00830082
006700c6
007a00b7
008b0073
008b009d
008e007d
007d0072
00aa0096
0092009d
00b600ab
00a800ce
008800b9
007200aa
00a90093
00850085
00870082
0095009f
00c700a7
008b0093
00890096
0087009a
009b00ae
009d00ae
00770087
00d50085
007e006b
009800ea
008300df
009b00ab
009e00a0
008e00a2
00980093
009e00a7
00ae00a0
009f00a3
00ae00bf
009900be
00a50099
00e5006b
00b000f5
00bf00b8
008600c6
00970085
00c00077
00e0007d
00a800a3
00a700a0
009a00a3
00b20091
00b20084
00950092
00ab00f6
00990086
00850096
008b0092
00850092
00ab0096
00b900d5
008300d9
008b00b8
00a100c8
009800a2
00730077
006d008b
0079009b
007b0081
00960089
00a50077
00700095
009e007a
0098008c
00930097
007e008e
00a50081
009900af
0077008f
00a000aa
00b500a7
00a20093
008e0081
007f00a1
008100a9
00c3007b
00c9009b
008300ab
00b600f8
007c0076
00820084
00790092
007f0063
00a00071
00a900a8
0093008f
0098007a
0083007b
00a80088
007d007b
00760092
00a300b8
00ab0089
008900be
00ba009f
008b0087
009d00aa
006b0098
00b00089
0098009f
00a20099
007300be
007e00aa
006d0072
008a00c9
009e0083
00b80077
007f0099
00710095
009a007b
007b00bf
008900a8
008000b7
00930093
00a500a7
008c009b
009d00a2
008a0081
007c007d
00e3006f
00ca009f
00990098
00a7008d
0095007d
009700a0
009500b6
00920092
00d70069
00b50086
0077006f
006f00a0
008600a3
008e009a
007b0085
0092006f
009a0073
008300b1
0091008b
009600a6
00b1007c
007500ab
00b3009d
00ae00a9
00af00a5
009200a6
008900be
00890098
008f00be
00a100d8
008700b9
008a009f
0071005e
00a70057
00970098
006b0095
0072008b
009d006d
00920097
0096007f
00a30080
008100a9
00c900ad
00770095
007e00a2
008e008a
006f0086
008d009a
009f009d
008600c6
00ba008b
00c100a1
007d00b1
00a000a5
009d009b
00c800ba
009d008e
006a0077
008d0098
008b0087
0091008d
009d0090
00b0008f
00c600b5
00690097
006a00ba
00cd0089
007d00bf
00ad00b7
008e0081
008400b1
00bb007c
00ba00ba
00d800b2
00b800a8
00b20098
007e00ae
008300b6
00a50097
0092008a
008a0059
007a0083
00a50079
0081006c
00990082
00df00a1
00b30084
00ce008f
00a30061
00910072
006a0078
00770086
00c90081
006a009a
007d0064
00ad006f
00900083
00800086
00730075
00c3007e
008b0071
009900a0
008b0099
007b0085
009e0085
009200a3
006e00a8
0095007a
008200a5
006800b6
0092009a
0087008a
009d008a
00900086
009500b0
00970098
009900b1
00650085
00920095
00820079
00a100b1
008f00d5
009500a7
00b6009d
009900a9
00ae008e
00d10092
00d60086
00b60058
008e0098
0086008f
009b006f
008b00c8
0081007d
009100a0
006400ae
006c00e0
0071006f
0085006d
00a9008d
00a10097
0072007d
00b600b6
009a008b
00b200a6
008d00a2
007b008c
00cd0092
00b9009a
008a008d
00b300b1
00dd00b3
0085008b
00880082
00990082
008b0087
0076009f
00890090
00b2008e
00af0079
0096006f
00b0008e
009100bb
00a30099
0071006a
007600a0
0087008b
00a200af
0078008a
008d0089
00bb008a
00b900c0
0093007c
00a100a7
0083008f
00d000ab
007e0061
0061009a
009200d8
00920077
007b00a6
00a6008f
009800a9
00900099
00b600af
0089008e
00d700a3
00a60093
009200bb
009200b1
00720083
007f009a
00ba00cf
00a100a8
00ab0082
009d00b3
00c00072
00a900bf
008200b8
00bb00c0
00910066
0075007c
006900bb
00810072
008a009e
008300a1
0087007d
00960097
00970092
008e009b
00c000a2
008500cd
0089008e
008b007e
0083008f
007b0091
007d00a3
009600a1
00b00095
0092009a
00a100bb
00ad00e3
009e0082
00a80087
00800082
007700a1
007d008b
007b0091
00830073
00d9007e
008700be
0083007d
009a0098
008800a7
007b00d1
00a700ad
008e0082
00a70076
00b800af
00ab009a
00790079
00ba00a0
00e0007e
009800be
010a008a
007c00ab
00a600b6
00c20087
009a006c
0099006e
00990063
009b008f
007e007a
0084008b
00830084
00b20083
00950081
00860090
008e0090
00b7008f
007c0073
00a60081
009a00a1
00830099
00b100b1
008200bf
00ba007f
00be008e
00a300d8
00a600b8
00bb008d
008900b7
00820072
00c10091
006900a2
00920079
0085007a
00c6007c
0092007b
008100ae
008b008b
00cf009f
0085009d
009200b7
007000b8
009d009f
0087008a
008b0091
009e00a1
00f5009f
00ce00c6
00a30096
00c800b0
00990097
00af0087
00b800a5
009d006f
00d7007d
008f009e
0081009b
007c0095
008f0098
0078007d
006f0079
005b009b
0096009b
00820081
007b00ab
0079008e
00a80081
00750065
008a009b
00a100ce
00a5007f
007f0085
00a20098
00c5009a
00d70092
008300a9
0096009a
007a00b3
009b0091
006d00b9
008d0077
008c0099
007800a2
00b60073
00a300ad
00b700c2
0081006a
00c5007a
008700af
008f00b7
009900a8
00ae00a5
008a008e
007d009b
00e700b6
00a600be
009600a3
00b500f3
00a800be
00a100c0
00e90098
00ed00f8
0195007c
006f008b
005d00e6
00530061
008500b6
00980077
00950073
00760095
006700a0
00690074
009b0071
00590072
005d0059
00e50066
00b8006e
0067007f
0127004f
004f00af
006c0041
0072004e
007a004d
0072004f
0059003d
0061006a
005f0061
009500b9
00a800b6
00870056
00730084
0080006e
0082008f
009300a7
008600a7
00a8007e
009000b1
00be008f
0067008b
007f008b
00a700ae
00830092
00cf00d3
0081008d
00af00ca
009800a2
00a200e8
007f0090
00b200b3
00c50088
007c00c5
008f0091
00690080
008f007e
006c0086
00710081
0093008d
008d008f
007a0098
007a0091
007200a8
00a10091
007b0090
00a20097
00a70091
00ba0082
00c00096
00a300d7
009b009f
00a600af
00c300cd
00b10097
00b5009a
00810090
00aa00d8
0070009e
008d0076
009f00a3
009200a1
00b50092
009300b3
0079006b
0075008d
009b0086
009a0080
008600a7
00b50083
0095008a
009b007f
008f009a
00c60096
008700c1
009900a9
0081009b
008b00b5
008f00c1
00b00071
00960072
00a3007d
00750087
008700b1
00800081
008d008c
00860099
008f0089
00850092
00710093
00770073
006b0075
00b200a3
008d0099
008d00cf
00b600b9
00c20077
00950099
007e00a6
00d70097
00a7009a
0079009f
00a00091
00aa00ba
0091005e
006f0089
00980083
009300b7
007a007b
00820084
00a30073
007b00aa
0082008f
00a500fd
0085008f
008a008f
00c900a7
008d00ab
00ad00a9
007d009f
00bb00a9
00c100b3
00bf007d
00c000a5
00a8008c
009500ae
00d10084
00da0098
006b007e
00a500a9
00a000c5
0095008b
0092007b
007d00bb
00850092
009600a5
008a009b
009a009a
009b007d
00a80095
00c9006d
00a70097
0091007b
009e0087
00630089
00ae0089
00910072
00a0009d
008e00a7
00b0007e
00a000a8
00b90093
00710055
007d0072
0093006a
0091009b
00aa008d
008d007a
00d1008b
0067007d
00990093
008e00be
009a0088
00a300f5
00a0009e
00c60096
00a200c0
00980089
00930096
0099007c
00d10092
00aa00a6
00ad00aa
00bf00a6
00c600a8
00af008b
00aa00b2
00ae00a1
00900098
007b00ab
00a80084
008e0082
00970081
009a0095
007f006b
00c30096
008b007a
00a2007e
00ae0083
00b1009e
00b00096
007b008f
00b900b0
00f300b9
00a50093
00b900ed
00b800be
00aa0086
00bb0083
00b900ba
00990076
00a90059
0082007d
009f00be
00840083
00920061
00a900b6
008e007d
006e007f
008a00aa
00ae0073
00800081
0083008b
009200ad
00a80096
00b5006a
0081009d
009e00a7
00ae00ff
008f00ae
00a600cb
00eb007d
009000a5
00c500ca
008f008a
006b007d
00780099
007b00e6
00780065
00b1007b
00ab00a3
00b0007d
00910099
00890092
0083008d
007a0091
009700b3
009600cd
00a20085
00700087
00be007f
00990098
0093008f
00a10081
00c8007f
00a5008e
00cd00cf
008100db
00a20091
00870096
007b0095
00b30086
00740093
00c2009f
00a00087
00b200a1
00870087
00830090
00b100c8
008900c1
009700a8
0089007d
00a700a3
009000a2
00b30096
007d00a5
00a20095
00d10077
009600a3
008c0098
00bf0077
00aa00ad
0103007d
00ab0092
00a10076
00850073
008200a6
008600b5
00960092
009e00ba
008e0083
00b30075
008200a5
00b800c2
0079008e
00b800ba
008e00c2
00bb0096
00a100a0
00af0098
009300ad
00b50093
009d008a
008000be
00b9006b
00af008e
009b009a
00a5008d
00b20083
00960085
007f00c6
00900091
00750095
00a300a2
006d009d
007e0076
0088008f
00e100bd
007d0092
00ab009d
00890086
00a0008d
00890084
00a00082
008800aa
009800b2
008500a2
00b700a7
00b600c0
00be00a3
0083006f
007600a3
0085008f
00aa00a2
006e006a
0073009f
00b1008d
00af008b
00af0085
00cb00e1
008000ab
0099009d
007800c2
00950093
009500ab
00a800a3
00a000a5
009500d8
00da00bf
00ae007f
00c8008f
00850083
008e00c3
00b000a8
004b007e
0091008d
006e0082
009700b3
008900a7
00880098
00a6009b
00bf005d
007600ab
00c700b8
00a9009e
0098009f
00920077
00b0007d
00810097
008500a7
00b300c1
00a000b3
00c0009e
007d0090
00d100a9
00a80087
00830099
00ab009d
0087007d
0099007a
005e0072
008a00af
008a007e
00eb006b
00b600bb
00a10095
007e0095
009d0089
008d0093
008b00c3
008e008a
00c60093
0117008e
008200d8
00a1007b
00a30093
008b0089
009800b1
00af00ab
009f007e
007a00a2
009200a1
006900a9
00810072
0099007a
00c70062
007c00e0
00a80088
0092009d
0089008e
00a5009f
00b0008a
008600ae
00a000ba
00760091
00b60095
00b00073
00a900a2
00a300bd
00c60092
007b00c7
009f00ae
00a200bd
010500ba
00af0099
00af00c5
00860079
00ae0092
007600a6
007a0077
0097007e
009200af
00880095
00b500bf
0098009a
00a3009f
009b007c
00a900a3
009e007f
00c6008d
0073008a
007100a8
00a80096
0076008d
008e00b0
00de0099
008a00b0
00ae006f
008e0097
00af0092
00830089
009000aa
00a2008d
008e007c
0089006d
009200b8
0097009e
008300a8
0092008b
008f0092
00a50080
00890066
009b00b8
008d00d2
0095007e
00aa00b7
009d00a0
009e008d
009100ce
00a7009f
00b1008f
00a0011a
00b1007f
00b100b1
00ad0061
008d008d
00790096
0095007c
006e0098
00ab0093
007300ab
00b800ad
00750087
00a80078
00900089
008b009d
008b008b
00690088
008500c3
009f008f
00a600a3
0092008d
00cd009f
0079009f
008f00a1
0084006b
007e0097
00af0095
0083004c
008e0075
0087008e
00740078
008c00da
00820098
00870063
007f00a7
00810078
00b3009a
008700c0
00a50082
007d006d
00880089
008e00a0
0083006e
00970095
00a80071
00cb00aa
009d009e
00e2009a
00b2009d
007d0093
00af0092
007a008f
00a700d6
008700cb
006a00cd
0096007f
009300a5
007a0082
008700b0
008900a6
00a300a3
00a500b2
009f0069
009e007e
00a10090
00a600b5
00a2006d
007b00d6
00a5009d
00ce007a
009700a0
009800a6
008700a9
0093009d
00b10086
0083007d
008000c3
00670073
009000a0
007a0091
00970072
007e0088
007800ae
00950085
008400b7
007e00b7
00c200ae
009200a7
008b009f
00a10086
00b50091
009900a9
00b70085
009f00a5
00f30073
0098008a
00c300ba
00a80080
00980098
00930095
00a8009b
008c008d
008a00d2
00a6008a
00d200a6
008b00a6
00cb0087
00fe0077
0081008b
00d100a1
00a20086
00ce00a8
008e00e0
00a10095
00cd00b8
008800ce
008000a1
009900b1
008a00bf
00e200b2
00b200a9
00bb00a5
00a6009f
008e0081
00870067
009b00b3
0098006f
00820089
00a30073
00ab0077
009f0093
008c0071
007d0083
008600b0
008f0087
00a2009f
00a20087
008f00a8
008600b0
00a800ba
00ad00a9
008300a3
00a00097
009300bb
00ae00b1
00af00b6
0085007f
00790099
0090009f
00c300b9
007d0099
009f007f
00740088
008600ab
0099008d
007b010e
007b00c1
008d00ad
009d00b7
00db0068
009e00c6
009700aa
0083007b
00f600ca
007d00f5
007e00d1
00b600ee
00bd0118
009e0091
009900a2
008d00a9
006c00a2
007f0064
00810085
009900b3
00960086
0077009a
0098008d
00920072
007d0095
00800061
007a0067
00ba00ad
007a0096
00960090
00a300a0
00c80076
00a200ca
007c00a2
008b008f
00800084
009700a2
00a00090
009b0096
00df006a
00ab0074
0090007e
009a0088
0081006c
008e008f
009d00e6
007b0078
008b0083
0081007a
008a00a8
009600ad
007e00a6
00970099
0087009a
008b0087
007d0092
00a80092
00ad0081
009a00b7
00870083
007700ae
00af008f
00b2008d
00b5008e
008b0049
00a50079
008a007c
0081008f
00a2009a
0095008b
00800083
00980086
00810077
009200a6
008c0097
00840095
0076007a
00a00079
009a0098
00ad00b2
00890093
00af0083
009f00ba
008a008f
00aa00c2
009800bd
008e0091
00b200c3
008c006b
0077009d
00b8009f
0092009d
008d00a5
007f006d
009b00d6
0096009a
0098008a
00880085
008000a2
0092008a
0077008e
007d0099
00a70092
008300c6
007900b1
00b300a9
007a0098
008c008a
00930092
007700e6
008e0091
00b1008a
008c0065
0079005b
0086008b
00e7007b
007e0083
007f0083
0076007d
00890072
008e0098
009f007a
00ba00a5
009e00a9
00a10085
006b0085
007a0071
00cd008c
006700b9
008f008f
009a0099
00f600a5
005c00d8
00a00085
008900a6
00de008a
009f0095
007200bd
00910085
00890098
00b7008a
008e00bb
007d0083
0089007e
0097009f
008d0076
0078006b
009e00c0
00c30092
00cb008a
00b8009d
009b009e
008f00a5
00a20096
00930084
00930099
009800ba
00d000d0
007f00ad
00b20099
006d0077
007e0096
00b300c1
00a0008e
00920096
008800b5
008f00e1
008a00a1
00990088
00c10086
008200aa
008f0087
008200ab
00a200b5
00a1007c
009900a6
00a6008c
00b2008a
00a600b6
00a200e6
00b2007c
00a10086
00aa008f
0086008d
00d5006f
00a600b1
00a10091
006600a0
008e00b0
007b0073
007500ca
007b007d
005f00c3
00990072
00750085
00a10090
00590072
00970072
00730079
00640092
0081005b
005e0072
0099008f
0084007b
006e006f
006f0079
0075009e
0061008e
00c60078
00670086
0071006e
00820072
00770096
00850080
007d009e
00920065
0091009b
008e007e
007b0084
0087008e
009d009e
00930099
009d008e
009d008b
009b006b
00c1009e
00b7009b
00850089
00860089
00d90098
00f80091
00a700a1
00770080
0081007b
0090009f
006d007e
009e009a
007a0093
0099009d
00860090
007b0098
009800a0
008900aa
009d00a1
007300ba
00960098
00840083
008f0077
00a20085
008f00a3
009e0095
00830099
00ad00a7
009800a5
008900d6
009d00c6
007a0062
00850099
0071008c
00d3008b
008a00d5
008e0095
007e0082
008d007a
00890079
008d007f
00af00ae
00ba0088
00a50093
00850096
008d0092
009800b5
009900df
00e3009d
008400ab
008200c2
00aa00b6
007f00c0
00a700b7
009600b8
0062006a
007e0085
0095007b
007b009d
007e00d7
00810098
00860086
00a30086
008a0095
0098008a
009d00a8
006700a1
0085008b
00810095
007b00b5
00b7008b
008200ab
008a008b
007e00a6
008600a8
00a200be
009f00c3
009700ca
008500bb
0098008f
0070008c
00a700a9
00ca0091
00980083
009700b8
00a1009f
008b00a1
007000c8
008b0092
00830081
00a10081
00970096
00b500be
00ba0078
007e00ae
008900a6
00a70085
00ca00a0
00d600b1
00e6009f
00a500b3
007f008d
008c00ae
009200af
008a008e
009700ce
009600a3
00970098
00c000a9
00b800c9
009e00a0
009f0084
007a007f
00b70071
008e007d
009f0097
00c200b9
00b100a5
0089007e
00c800b1
00af0099
00a000b3
008a00c0
00910085
009e00b2
009e00c9
005900b5
00a30077
007e008d
00860079
00810097
0082009e
008a008e
008a008a
008f0096
008000a1
008d0073
00be00a6
00b20083
006d00a3
00a00082
00b8007f
0100009a
00b5008e
00a60091
00a30076
008c0078
009e00c3
007d00ab
008a00b1
0084009b
00b90092
00b5008f
009b0078
0083008e
00620095
00820095
008600a2
0077009a
00a2008d
00af0079
007e00a3
008a009b
007200c3
009100b9
00670098
008d00b3
007f0076
00950089
009a008e
00b20099
00be009e
00a900c9
00f0007c
008f00a7
009500a8
008b0078
008800c6
006a0099
006d007f
00a3008a
00b000da
007e0092
009e0091
009a00a2
00a200c6
00fd00a7
00ab0092
00ce00a2
00e3006a
00bf008a
008200bd
00a700b6
00b200bf
00be00b9
009a00de
00a300bd
00c20087
00b300ea
0072008d
00990072
00b20080
00870093
00bf009e
00a5009d
0091009e
007e00aa
008a0085
00a80092
007e0078
0089009b
0078008c
0084008d
007b0099
0082007c
00b50095
00bf00d7
00b100c1
008a00a1
009900ae
00c600df
009a00a7
009200c6
007a009a
008d008b
009d0091
00a00076
0089008a
007d0093
00b30085
00b10087
00980091
00610076
0080007d
008d00bf
009700ca
008b008e
00870097
0081007b
009f007a
0091008b
00ad00ad
0091008b
00a8007c
009a00c5
00ad0090
00ce0081
00a300af
00700092
008a009a
00b00077
00810098
00c300ad
009000ab
009e0089
00920085
0090008a
009e0097
009e006b
00920093
00c20078
00ca00a0
00bd0099
009d0095
00a100a2
00c200d1
009b009f
00a600b5
009600ae
00ae00c1
00a900cf
007d008f
00810097
007100ae
00720082
00cf0078
006b007d
00660079
00a70089
00ab008f
008d00a6
008f0092
00a000c0
00830090
00a600a6
0099007a
007e009d
00b90082
007f0098
00880097
00b0008b
009b009e
00d900b3
00ab0086
00a7009d
00670073
00aa0081
0088007d
0091009e
007d007f
007200b2
009b00a2
008e00ce
007f00b2
009200d2
00a10086
00a0008a
007e00a1
008c00a9
00b5009d
006b007b
0089007a
00a500b7
00a6009e
00a10093
007d0097
00c200b8
008e0099
00a900c1
009100b0
007b009f
00c70081
00c10096
0079008e
007e00a6
00b8009f
00af0093
0095008d
008e0073
00a700c2
00950096
008600b5
0089009d
00aa0082
008a0100
00a600b1
00d500c8
00b8008a
00a000bf
009f009f
008300b1
009f00b1
00970095
00960060
00830086
0078009e
008800a5
0098007d
008700c0
00e10091
008b00a0
00b50059
00bf009e
00b9007d
00aa0097
00990071
008d007c
006b00af
008e00b7
00a200a9
009a00aa
009a00be
00aa008d
008d0077
009700b0
00bd00e3
007600c2
007700a5
008b00a0
008e0098
0097007a
0099007b
007d007c
00a90081
00cf00a5
00e300b1
009b008d
00b00092
00b600b6
00af00a6
00c900a2
008400c0
00970093
00850085
008c00be
009a009e
008700b5
009700aa
0085009b
00af00a7
00c0007c
00a20059
00a70099
008a0076
00780079
0091006b
006d009e
00ab0066
007b0099
008c0060
00860099
00950085
009e009b
009b009b
00810096
00a000a7
00ad00c0
00750096
00a50085
00a300d5
00a900ba
00b100a6
008400ad
008100b0
0096008e
00a30073
008e009b
00830059
008500c1
009800c8
009800be
0074009a
008700a1
00a00091
007a00af
008a008b
00a100a0
00a5009b
009300af
007f0099
00a700aa
00d500ce
0098009d
00a60093
00bd00cf
00d8008d
00a30092
00ab00ab
00bf00c8
008f006c
009a00c5
00760066
00950076
009900b8
00a0008f
005b007b
00880083
00790076
009d009d
007e0073
00b500ad
0095007a
007d00a3
00a2007f
007000a7
00910082
00a70099
00af00e5
00860081
00930096
00b80093
009b00b0
00ae00b5
0066005b
00b7007a
008a0109
007f007c
00ab00ae
00d7008e
00a200c9
00a200d1
00a20090
00a90092
007600bf
0093007c
007d00b3
00ab008c
00b700bb
009700b0
008d00b3
00ad00a3
009d0079
00b500b3
0097009e
00d50105
0098009b
00a7009b
00ad00bb
008600cf
0080009d
00b000a0
00c7008b
007e007c
00c80075
008800b6
00db0078
00730077
0081008e
00aa00b5
00a900fa
0098009b
009d0084
00750092
009300ba
006b009f
007300a7
00b20091
00b1009a
00a900ab
00890089
00ad0083
00920073
00ae0071
00b900bf
009e00a5
006a0082
007e0078
008c009a
00a100af
00630093
00ad009b
0099008f
007b007f
00980092
00900092
007e0099
009d00b3
007200af
009200b7
00b000c7
008e00a3
00b50091
008b007a
00a80087
00a100b0
007d0063
009e00a8
0083007d
007d00b8
0070009d
00a900a2
009600b0
0081007e
009600c1
008b008b
009b0083
007f0071
0092007b
00b8007a
00910098
009500d1
009b009b
00c20067
008e008a
00d5008f
00bd0071
009b00a0
00b800a9
009a00ba
008f0085
007600a9
00ab00c2
008f0084
0087008d
00b7009f
0077008e
0086009d
00820097
008a00ab
008600c6
00920075
00c200ba
009a0099
00870089
00ad0082
009d00b5
008f007f
00ab00c3
008f0092
00bd009f
00ce009d
008400ce
00a500d2
008600ae
006e0093
008f007a
008100aa
0086007e
0083008f
00b300a3
00a20085
00970092
008b0083
00a90074
00a7006f
007f007e
008700a5
00a10095
00a8008e
00ae00d7
0099009a
00a200b6
00b700b8
0095009f
009500a7
00a80093
009a00a2
008d008b
008e008e
0077006a
009500c6
008e0076
009b00bb
00760090
0075007e
0097008e
007e0081
009a006f
0088006d
008a006d
0073007e
007d0085
009b00b8
008f0091
007e0089
008d0084
009000be
00c700a0
00b5008b
00aa008b
00a300c3
00660092
009b00b1
00820087
00870084
006c0092
00710080
008a00aa
007900a3
00790099
0095009f
00870096
00920072
00870089
00aa0087
00b20093
00b20083
008b00a7
008c00b7
009a00b7
00b8007b
009b007d
008a00bd
00c200b1
009200b3
0096008d
006f00c0
007a0093
00760092
005a0082
00790080
008d007f
00ce0073
008900b7
009a00a2
009100b3
0099008b
00c800ae
00ae0083
00aa0079
00a9008e
00a50086
00b900b5
007400a9
00810092
00d0009e
00a10092
008e00a7
00aa00ab
00a80089
007b00a1
00850086
0085008a
00b00072
006b00a0
00c0007d
009b00a0
007d00a2
008e0092
007e0081
00b90093
00a000e6
006600b8
007a008f
007f00a3
0073009b
008f00b6
008a0083
0095009b
00a800b2
00a6008d
009a008f
007500d3
0090004a
007d00aa
00a3008a
007e009d
00770072
00910077
008700ab
007b00b5
0099005d
00d300af
008600a0
00820088
00a700ad
00910086
00ab0079
008f00c1
0095009a
00c0008c
00a000a1
00a000df
00d200a6
00cb00ce
009a008b
0097009d
00a10098
00b500ba
008f0083
006b011b
0135008e
007900a9
007e00b7
0085007a
007c009a
0087008f
007e0073
008a007e
008a0089
009d00a0
008f007a
00830098
007d0083
007700c1
00a700a2
00ed0089
00a700be
009b008e
00aa0077
0099008e
00b100a2
00b80082
00a200ad
00810080
00870086
00da0093
00cf0086
008b00a0
0084008a
008e008a
007e0098
00b900c2
009300c0
00de0082
00a50084
008f0088
00bd00b8
0095007b
008a00a2
00a10095
00b20099
00a800ad
009e0092
00aa00ad
006e007d
00650063
00760077
009f0064
009300bd
009200b7
00a0008a
009200a2
008e0092
00af0071
008b0098
007b007e
00c5008b
009d006f
00a6009b
009300a7
008000b2
00ae007e
009a0089
00770075
008a0097
008800a3
009500b6
00c30085
00750084
0091005e
00800076
00a5008b
009a009e
008d00b9
009b0086
00730092
007500a5
008f00a6
00930095
00cf0080
00950090
00ae008b
0096008e
00830070
00a50087
00a500be
00950099
010200a7
009f008d
00d60092
008a009f
0089008e
00be006f
00a5006f
00620092
007d008d
0082008a
007c00ba
00960088
00b9007f
00970071
008a0099
00b0009d
009b00a0
007b0097
00b00082
0076008e
00910084
00a0008a
00a000a1
00920097
00900087
009100a7
00a600a7
008b00da
00a600b7
008e0078
0081009d
006d00ce
006e008a
00a70095
00930093
007b00a5
00810091
009200a6
005b009a
009b007b
00bb0069
00870092
008b0092
00a800cb
009f0087
00aa009d
00a200c6
00c700b0
009a0089
00b300d5
009600d5
00a200b5
00ae009e
0098007d
0122009d
00a80087
009d008e
008500a9
009d00bd
00730091
00990082
007300aa
00b600b5
0082009b
00ba0098
00980075
009d0097
00830093
008700b3
00eb00ad
00c800d5
00900086
00c2007f
00b100b8
008b00b0
00b500bb
00bd00c5
00770071
008900a1
00950091
00f50071
007f00df
00ea00b1
0083007d
0073009a
0085009a
009b0081
007400df
00c70135
00ca0086
00a700b8
00a70082
00b5009b
00c1007a
00ba009b
007f0092
00b300b8
00bf0092
008800ad
009a008f
00d1008a
0098008a
0087007f
007900b2
008c00a6
00950081
007e00a2
00af009d
009f0076
00890091
007400a8
0093008a
008d00b2
00a800b1
009600a8
00b6009a
00da0095
00aa0098
0085007e
00ca009f
00ae009d
008f0085
00820093
00f20098
00bd0095
00860085
0077008c
00a6009e
008600a7
00900097
0076007e
007d0089
00870096
00b2008a
0096007e
00c5006a
0075007a
00990085
00ae0085
0085009e
009d00d2
008000ba
009b008b
00c300c0
009a0082
009d008a
009b0087
00920086
00b3009a
007d006d
007e007a
007f00a8
00950095
00a000a0
007f0098
00a20089
0097008f
008300d9
008100ba
00860092
008a00b7
007e007f
00c3006f
00980067
00a90077
007d009e
008b008d
00c7007c
0093008d
008e0086
00de00bf
00d700a6
00a900a6
00a90073
007a0081
00a300a8
00990085
00a700a1
008a0070
00a1007d
008600a1
009100c0
0095008e
00c2009b
009100f1
00b300c0
009600a0
00c600a5
008500a9
007f0099
00b20084
007a009e
0098007f
00d600b8
00a500af
007e0083
0085009b
007f0079
007900e8
00a10088
00870087
008c0090
00a9009b
00750096
008c0096
007b0082
00a1009d
008d00b9
00820091
008100a9
00a00087
009100af
00b1009f
00ad00bb
00980097
00c900b0
00a200a9
00f100d8
00c300b8
008200ab
00d600bf
007d006d
00ca0152
00750097
00ad0098
00ba0087
00a10098
007c00a1
006f0091
008e00b6
008d009f
00d700b5
00900085
0075006e
00e10096
007f007a
00a900bd
009b0087
008500ae
00be00b2
00be00a5
00a50091
009b009a
009700d7
009000b9
00760087
00980060
00650077
0081009e
0065007f
00b600a6
0088007a
00890095
00a70072
0098007d
00a90080
008a0083
008500a0
00810097
00720087
008700b6
00930092
00840076
00ab0099
00910088
00af0083
009900a3
007b00b8
008100a3
00990082
005e00a7
00770096
0082008c
00a500d5
00950077
00ca006f
00cf00ab
008d007a
00a800c3
009d007b
00ae00b8
009500d0
009d007d
0084008e
00a2009e
008600ae
00a700c0
00c500a0
009800b0
00a5008f
00960093
00cd00b1
00d600cd
00810065
00850089
007600a3
00700063
00c9008a
009900a8
00af0088
00770087
00950083
008100a7
0098008c
008700ae
00c100ad
00a20099
007e009a
00a200b2
008a00a2
00950096
00b30091
008b0091
00a50072
00d20099
009800b5
00b00099
00740079
007500ad
007a005a
006c00d1
008c0087
00830083
0093008e
00b90075
00a100ad
0086009b
00930082
008b008a
00a30096
008000e8
007d00a9
00a30089
00f500a2
008a008f
0089008e
00b800d0
008700bb
00b30089
00c70098
00a200cd
007b0076
00ba005a
00950087
009d006f
00bb009d
00960080
009e008a
00870069
008a00ef
00bf0096
008100ba
009900b0
007a007b
00910075
006f0096
0093008b
0081009b
00d90085
00a900b6
009100b5
007800be
0095007f
00d500b0
009a00a5
00810067
00b0009e
0083008e
007500ba
00a50081
0063009a
00b30091
00730064
008400ab
007c008d
00a1006e
00990099
00ae00a7
0099008b
006d007f
00850098
008900b6
0082006a
00a700b2
00a10097
00a9008e
009900a2
008d00b8
00a50095
0082007b
00840092
006a0092
00790084
0097007a
009d0085
0087009d
00b20096
00a7007d
00a80087
00a600a2
00870089
00a700c8
006c006f
008e007e
010700aa
008a00af
009f00af
00a50097
00b200a8
009a0086
0093008c
00ba009d
008d00a5
008500b9
0083007b
008f00b9
00db009a
0099007b
008700a5
009b0091
008200ad
0099008f
008a0096
009300ad
009b00af
0075009f
008a00a5
0096009a
00c100a6
0099008a
009900c6
00c6007b
009b00cd
00920084
00920088
009e00ab
00a900a3
008b0071
007b0081
007a0076
0084006f
007400a8
008c007b
007f007b
008c00ab
009800a8
00a2008c
007a009d
00dd00a2
00870076
0085008a
00a70098
0082008a
007d0086
008b00a3
009a0087
00e600bf
00aa009e
00ab00ae
008700bb
00b900be
00a300b5
00990072
008f008d
006c0077
00bf00c5
009a008c
00aa00ae
00990085
00750088
00970087
007f007d
008800b7
009e008a
007300f8
00c60086
009700ad
009500a2
009300b6
00bb0081
009a00bb
009e008d
009100bd
00af008f
00ab0093
00510073
00900099
006100b2
00aa008b
00820089
00a500a6
00ad0092
00640089
00bf0078
008e007f
00720085
007e009a
008d0068
007700bd
009f0079
00ae006a
00b20087
007a00cd
00be008c
0098009a
009700a0
00be00aa
00a300b7
009600a9
0067007a
00790073
00c700d3
00c20085
0077009d
009b00bf
00890096
00990067
008d00a5
00910072
00aa00a9
0083009f
00890082
009e00a6
006c008f
007e00db
009300a1
00c500a9
006d0093
009e007f
00a100cd
009e00a6
0093007a
00b00082
0099007b
00ae0081
00e00092
0059008e
00b2008f
009e00b0
008c0073
006f00bb
008500cf
009700b1
008a0086
00cd0098
00910090
00980092
008100ba
0099008f
009000cf
00a800a0
008e00af
00f600bb
00a900c9
007f00af
00b10087
009700a1
0077005a
00a3008b
00a1009d
0093008f
008e00b2
009b0092
00a300b8
009000a0
008a00c2
00630091
00910083
00b30071
00b10091
008b0087
00760086
00b100bf
00ba0091
00980084
009e008f
00b00098
00c50093
00a100a0
009a009d
009600a0
009600da
009e0087
00a300a8
00890086
00af00b3
00810082
009a008b
008e0085
00e30087
0073008b
00a00098
0068006d
0098008a
00860097
00830083
008d00c0
009f0097
009500df
00ab0093
007c00a0
008e0089
007f0098
00ab0085
009200d7
0086008b
00a900e3
00ad009f
009b00ad
009800b1
00b0007f
009d0091
00df00d9
0070007a
00a00083
008b00a5
006f00b7
008600dd
00ad0085
0082006b
00790098
008f008e
00be0086
00c1009e
00c50092
00f20071
009200a6
00970096
00bb0088
00630074
008300b0
007d0090
008600a5
0091007e
00ae0079
007d0083
009b00c7
007b007e
00a1008a
006b0084
008a0091
00aa0098
009000a2
009100a0
00b800c9
00a00092
00a700a7
00aa00d8
00a200a7
00cd008e
00ae008f
00830090
00b1008f
0093007b
00960079
007b009b
008a0076
00910095
00760075
00c600a8
008a006c
0085008b
007600a2
006f0079
009100a0
00860069
007d00b0
0093008a
00b700a1
009200af
008500a9
009900c3
008500b2
0071008c
00c300e8
00ba0087
00a10095
0083006b
00d100a5
007e00be
00850076
007f009e
007e008e
0091007b
009200be
00a00076
00a900a7
00b00078
008c008a
00b60077
007200bf
007c008a
00ba009a
00af0078
008400a9
009d0087
008d00ca
00d50083
009200a8
00b300a0
00c000aa
006d008e
0093008a
007f007a
007e0083
00840097
006c009f
009e0096
00a1008f
009a007d
008500a3
00750091
007a00c9
0075007a
00770098
00b900a1
007100c6
00cb00c1
00c200a2
00ae0088
00ab00ad
00980081
00a00099
00a10088
00a300bb
00a30071
00a300c6
009300b5
00ab0073
00990077
009100bf
009600b8
007e009a
00920076
006b00af
00960096
00690087
006f00a6
0092008b
007a00bd
009800b5
00c90099
00d300a6
00c100a1
00970089
00cb00a8
00a300c5
00b800aa
00b700c6
007a00a2
008b009b
0096009a
00720072
0072008a
00820097
009a00b8
00920073
00a30091
00830077
009200a5
00b8009b
007a007b
009b00dd
00a60082
007a00aa
00a0008f
008e0105
008300a6
008f00ae
00a9008e
009f0095
00910086
008e009e
009b0053
00920081
0066009b
00a700b0
00900096
008600a0
006a0081
007b0099
00710083
00a3009e
00a600aa
009200a2
007f0086
007700a5
008600b1
009b00b2
00a100ab
00b700a1
00930096
00920084
009100d8
009a00a8
00a200ad
00dd00a8
009b0066
00920088
00b50086
00cf0074
00990072
008a007b
0074007e
00b200ad
00ba007d
008100ad
0092009d
00ae0089
00740096
0098008e
00b1008d
00960091
008b009b
009e0089
00a700c5
00a300aa
00b700c3
00c60096
008900d5
00ae00d0
00b80047
007b00ba
009b00b1
008300a7
009e0093
00a600ca
00b200a6
00950070
0079009a
009b009a
008b009d
007b00a3
008d0081
00c5008f
00aa0092
007700a8
00a000f3
009500a2
00a2007d
0098009b
0088009d
009e0095
00bb00aa
00920096
008c0061
009e00af
00860073
009500a1
008b00a6
008a00a6
0089008c
00a60090
007c009d
009300a2
008300b3
00a900b6
00b9009d
008000b3
0088008e
009d00b6
007e008c
00ae00b7
00ea006e
00cb009f
00b00090
00c90091
00b200a6
00a700ad
00710073
006300a6
00810097
007d0075
0089007e
00a20084
008e007e
00960083
00c0007e
00ad007b
00a00091
009300a6
00ae00a2
00ca009e
009d0081
00850089
00a700b3
009000ab
00af0096
0100008f
00ad00b3
00cf00c6
009e00ca
00bd00a6
00a1005d
007500a7
00760064
00b60064
008d0098
008100b7
007e0097
009f007f
00860095
00a5006d
006f0085
00730081
009600a6
009d009f
009e00d7
00ad00ba
009000c1
009e00a5
00b30099
00b600b7
009500db
009f00fa
00a000af
008d00a0
00aa006b
00cd00dd
00920087
008d0089
009b0080
009d0095
009800a1
007e0082
0073009a
00de00af
00860077
00a10099
0079008e
007b00a2
009300b7
00a80084
00a600a5
00db0079
008c00bb
009f00c6
00ad00c7
007b007a
008d00bb
00dd0091
00a10098
00b70090
00860098
00ad00a3
008200a3
00790088
00b3009d
008d00bb
00b60098
009d009a
0098008f
00bb00a0
00800081
0083007b
00a3007a
008c00fd
0090006c
00d600b5
009600a9
00d700b3
0091007d
008d00be
00830096
008e00a7
0083007b
008800c8
00c700a6
0098009f
008400b9
00880090
007d00b0
00a000ad
0089009a
009700a0
00c7008e
008e00b5
008c0098
008a008e
009e0099
00ae00ae
008f00b6
008500a3
00aa009e
00af0093
00ad00a5
00ae00b5
009100b9
00700091
00860074
0090007b
007b009b
008f00b9
007c005f
008f00a1
00820080
009700d6
008d00a5
0071009a
009a0085
00ba0097
00870072
009e007b
00cd00aa
009f0076
008a00a6
009500aa
008a00b6
00ab00c0
008a00f8
006e00c8
009100b1
00ad00c1
013b00b6
00a50097
009e00d0
008e00b0
009a0077
009b0089
007c0071
007b0093
0099007b
00a1008e
00a70082
0099008d
00ad0095
00840092
00af009b
00c3008f
00910093
0091008d
00b300b8
00a9009b
00d20084
00b10095
00d100b3
0099006d
00650061
006f00a5
00a500a2
0087006d
008d008b
0098008f
00860081
007d00af
0081008e
00cf0085
00930087
008b00d1
009d00bb
00a00076
009d00bf
00950085
007d00b1
00900099
00b800b8
009a00a6
007e00b5
009f008f
008c0096
00d800da
00720062
007200a8
006d0097
00870073
00ba006a
007b0087
008e0087
00830081
008e007a
00920089
008e00aa
00870081
009b009d
00b300c8
008e008c
00890089
0098009f
008000af
00a90096
00ab00b2
008b009b
009100a3
00c100ba
00a800bb
008c0072
009d008f
00dd00ab
008000de
00c5007f
00a200d3
0084009d
0099006e
009a00a2
008a009e
0095007f
00a00097
008b00b3
00720082
00a800b5
00ab00a7
00aa00a6
00b100a0
009d0089
00b000b0
00bb00a9
00ba0095
00cd00a6
007a008b
00c30077
00be00fe
00ff00a5
0099009d
008900b8
007100bf
0097007d
0075007a
00830068
009e0079
00900078
00a20070
009900b7
00850073
00c00086
00a6007b
007e00b1
00960082
00a600b3
009e00d8
009f00e6
00cf009a
008900ab
00ba00af
0061007f
00600086
0063006e
007f0092
00870072
007400a2
00a2008d
00710092
00810085
00b00084
00870082
0092007e
007700a6
00b600a0
009000b2
00730098
008a00b1
00bf00b6
00b00087
009600a0
0086008d
009b008d
00950089
00a200c7
0071009f
005e0082
009e0083
008000b6
007600b5
00c500a2
009300e0
007e0096
00a00090
0087009b
0096007a
009800d0
007c009a
00830096
00e50082
008500ab
00a300d6
00b500bf
00b500c2
009000a5
00b100bd
008700a3
00dd00aa
009e008c
0072009d
007e00a9
008d0067
009600b1
008d00b5
00760077
008f0081
00820086
00a50092
00a10076
008d0096
00b5008b
00c100c5
007800e9
00a900b2
00a100e3
008d00be
009300c3
00920097
00950099
009800bf
0092009b
00c000ad
00c700af
00d100a6
00900078
00b50083
008c008c
008e00ad
009e0083
008b00b1
00a800ae
008c0073
009b0081
00af0089
00c10099
00910087
009300da
00e800b8
009e009e
008e00a2
009f0092
00a00086
009500de
00bd00d6
00b50093
009200c8
00910092
007500c6
0069007d
007c0095
009f0088
007e0077
00970086
0085007d
0070008b
00b900e3
00b500d6
007b00bb
00840082
00af0081
0098009a
009b0096
0099007a
00ab009d
00ad00c6
009b00af
00830084
00ae008f
00a00079
00df00aa
00aa0091
00960066
009500d9
008e0086
008d00ad
009700a8
00830083
00a10069
00be0086
00960093
008600d3
00b500a1
007c0073
008e0095
00ae00cb
007d008a
00ae009a
009900ba
00890088
00ba008a
00b00087
0090008d
0098008c
008700af
009900c9
009d006e
00c900b8
008b00b7
008f0078
00c00086
00950088
007f0087
007e0077
00750097
00840097
009f008f
009b00c7
00660073
00a500b7
0087008c
00af00c7
007d0099
00c9009e
00ed00a2
00bb00a2
0085009f
00aa00c2
0097008e
00a300a2
009e0077
00810079
007a006e
009a00ba
00ce0095
00bb008e
00ab0084
00a30085
009500ad
008800be
00af007b
00c2008a
007f007a
00fd00bb
0087009e
009a007e
009200a5
00af0095
00b000a3
00920098
00bd0097
00d600c0
00ad00bd
00930088
0098008f
009b009b
00a200aa
00b6008a
008b0089
008a00bb
009f0092
00590075
0086007d
0092008f
00b9008d
00a500b1
007b008d
00a000a1
00b80075
00900087
00aa00ca
00ad0093
007a007f
00b000d0
0097007a
00c60096
00b3008b
008a00c8
008c0089
00750093
00a00085
009f0092
00660095
007a0135
00720095
00990076
006d00ab
006e009f
009600aa
00720089
00930096
00680081
008f009e
00960083
00bb008e
00ed00b5
009d008b
008700a2
009600d0
00aa00a8
008800c0
0087009b
00730077
007f0093
00ba0079
00ae0074
007c0081
00820099
008f0069
00a3008f
007f00a6
0086009d
00a600be
00870098
009b00ab
0096009b
00b900b2
007a00ad
00a20098
00b00091
00ca009d
009600cb
00c300ab
009200c1
00ba007a
00a30098
008e006a
008a00b7
00b20093
008d0089
0090008f
006600a5
0092006b
0086006f
006f0076
00b30096
008f0082
0093008f
00ae0082
00870074
00cd009b
009600b1
00b30099
00af0099
00bb0096
00da00ea
00e300b0
00920096
00af0098
00a50085
0083006d
00a3009b
00d300a7
009e011f
00810080
00890097
007a0089
00a70088
006d00a3
00930099
009200ae
008e0099
009000d7
007c00b1
00b80092
006800c7
00b300b1
00ab0096
009d00a1
008b007d
00ab00c2
008c00aa
007d00aa
0086009f
00a10062
00780098
009d0098
0092009f
00820084
0095007d
00970083
00d80069
00ba00a1
00b80073
007f0093
00c30072
0090007b
00ae00a5
00cf00b5
007c00ae
00820083
00be007e
00ad0097
0091009e
009200cf
009a0086
00a3008a
00b000be
00920081
0097008d
00920092
00830093
00ad008f
009a008b
0095008a
008e00be
00910071
00650091
0082007c
00960097
007f008f
009200d5
008b00b3
007600a0
00b500b7
0097007f
00b5008c
008900a1
009500cd
00a6009b
00c100cb
00a500b7
00660061
00910091
00c50086
00680080
00760079
009f00c7
00990083
009d00b3
008e0089
009d0073
00c10072
00a20099
009b0072
008f00a0
006f00b3
00b9009f
008e0077
00a0008e
00a800a5
008600a5
007800a9
00d200c6
008f0091
00b100c5
0091009e
00ba00a8
008f0089
006e008f
00920077
006d0072
009800c1
007e007a
0091007e
00700068
009a00a7
008200a1
006100c5
007d009d
00800086
00a100a7
00570092
009200a5
006d0099
008a00a1
00850086
00760089
008f007a
00840088
0092007b
00760082
00b1008a
00840075
007f007a
00a80072
00800082
00b100a1
007f0087
008200a5
007e00b7
00810095
009000a8
00a600a2
00bf007f
00810096
00a80093
0082007a
00b0008f
0091008c
00c1007c
0085008a
009f00e9
00890091
008d006c
00870083
007d0091
00c0008e
00980082
00ab007d
007a0092
008f00ad
00b50079
006900ab
007e00b8
00a600aa
007c00b3
006d0095
00720091
008200be
00a8008e
00ab0081
00a700d6
0092008d
00ce0083
00c900b3
00b10092
008200a9
007f007e
00b70073
00c60083
009b0079
009d0093
007b0077
008c00a5
00b000d7
008c0090
008d00a6
00990081
00bd008d
00aa00aa
008700a5
00bd006d
00ad00a3
00a9009d
00a6008f
0093008f
00d500c1
00aa00a6
00df00a2
009e00c5
009700a5
006e008d
00880096
007f009a
008b00c5
0085009f
00880082
00a20079
00b30077
0097009b
009b0099
00a70082
007f0083
008b0089
00810095
008100ab
00b1009d
00c500c3
008b00b3
009900a2
009b00ae
00ef0097
007200ad
00d800c7
00c000b2
0066006a
0073008b
00910079
006f0085
008900b2
00cb0077
008300b8
00960080
0092007b
009a00b6
00820079
0083007b
0098007a
008200b6
00a5006e
00a000a9
007d00a1
00a500a1
00d9008b
00d5009d
009700b0
0095009d
009200ad
007400a9
00a10092
0091007f
008d0083
007c0098
0086007a
00a1009e
007d008b
00c000bb
00990092
0084007d
008a008a
00870062
0077008b
00ae0089
00d600b8
00a800be
007c008a
0090008d
00b700ad
00b300d8
00b50097
00ca007d
00810073
009a007c
009b00bd
008f00a5
008300ae
00af009f
00920079
008f008c
00750097
0073009e
007a008e
008f00a7
007500bf
00a00085
00890091
00890086
00b00093
00980089
00e100b3
00a70089
00a600a5
008500c2
009700a8
008900c2
00f9008a
009300ab
00a9006e
00d2007e
0092008f
0075008e
00730099
00be0072
00880098
00850089
0089007c
0092009b
00c5008b
00a90097
00bb00c8
008b006b
00a60096
008500b2
008100c7
008500b8
00ae008d
00ce007c
00890078
00d800b1
014000c7
009e008b
0090005a
00880086
005d0086
008b0077
009a006b
006a0066
00a60085
00a80084
00950089
008400db
00930087
00c3008b
009d00a8
00a500b1
0089009b
00c200b2
00bb0076
00b500a2
00b800a6
00af0097
0093008a
00ad00a9
006d00ad
009b007f
00aa0064
007e00b2
00aa00b3
007d0097
008a009a
00860077
0071009f
00860082
0089008c
007900a0
00a800b1
0097007a
00b6009b
008a0083
00c90084
008100a9
00820088
00ab0095
00820075
00a10076
00a900b6
00b500bb
009200a1
007a0076
00a00083
00b60080
00860097
006f00a5
00990092
00700088
0093007b
007f007d
008d008b
00a20087
0086006f
00a900a3
006c00a9
00a0008a
00920089
008f0076
009800b1
00b70082
00b10090
009e0086
00aa00b7
00a0009b
00bb00ca
00e9009d
0065007b
009800c2
00b10092
008f00a0
007d00e2
00800085
00a60087
00a100be
009b00af
00a00093
00a20092
00b7008a
00a7008b
00cf00dd
00860097
007f00a9
008f00b0
007c0096
009900be
007700ab
00d100a7
00d500ab
00a700c1
00f100ba
0073009a
008e0092
00e5009f
009900cb
008b00a6
00970085
008b0091
0096007b
00990096
00b70097
007600a0
008800a1
008a0088
00860090
00b10093
00a20089
00a70085
00a500c8
00ad00c8
00b10084
00b600a1
00c70096
00ae0072
00cf008e
00930087
009b006b
007f00af
007d0085
0086007f
0082009f
00a70075
00750095
007e0092
009800bd
007d0097
00650086
00b2009d
0073008e
00750082
00a20099
00df00a5
00f800de
00ab0092
00b7008f
00b200d6
00a900ab
009a0092
009a00c7
0098007d
009e008b
0099008e
00850074
007c00ca
007a00b3
008d00ad
00b300a5
00850081
006700b3
00af0066
00960084
00d000af
00ce00a6
008f0099
00b30097
008b00cd
00ba0089
008100f7
00740077
007d00a5
00ad00c6
00a700bf
007e00e3
007f006f
007d00a3
00c8008e
008f00b6
006a007d
0096009d
00bb008f
0082009a
008a00b8
00bd0064
00d1008d
008600af
008000a0
008200f7
006800a9
00a9008c
00a5009f
00a1008d
00c30129
008400ce
00990093
00a800ab
009a0076
00b800a2
006d0065
00cf0097
00880077
008a0080
0096006a
008700a2
00c600bb
00b30093
008d00e9
00990098
00810077
0097008e
007f0082
00a2008b
008500d1
008600d5
009f0092
00900097
008400ad
00a300c9
00a600c7
00b60096
00b300ba
00a50097
00870066
0092007e
0092008f
00770097
0089009e
008e008b
00b20081
00b600b7
006800a1
00c600a0
008700a6
009500a3
00aa0092
00620099
0092008f
00b500d2
00b200b9
00a30084
00930083
00b20096
00b900b5
00e900a8
008f00c1
008a00a6
00710053
007f0083
007400a5
00b60087
009d008b
007b006f
009600d0
008e0086
00a9009a
0087009e
006d0082
0093007e
00790082
00bf00aa
009600aa
008900a6
00da00a0
008a00f6
00b1008a
00b700b8
009900ea
00a60096
009d0095
007f008a
00950083
006400ba
008500b3
009d00bd
009b0076
00a6006b
00890091
00a50081
009200b0
00870090
0069009d
00740073
00b2009a
008a009b
00990088
00bf00ca
008900fd
00a000c3
00c1008d
008b009f
008c00ad
00cb0089
00a200d5
00e10083
00790068
00680082
009f00c0
0087007f
00b300c0
007d008d
005d00b5
00a90096
008100b9
007300be
007d007e
00910096
009e009b
00b500a1
009900a2
0082008f
0085008f
009e00d8
009b007b
00a9009f
009b00a6
00860095
00b9009a
009000b3
00a8008c
009a008d
00b00090
00aa00bf
0088007b
00ae0081
00a30099
008900a0
00a5008f
006e00b5
009b0085
00920086
00900085
008e009a
00ab0089
007f007e
009b00aa
0092007a
00b30099
008b0089
00d80099
00990095
00b90075
008f00b3
007d008e
00830072
00b300ab
009e00b2
00770097
009e0099
009d008c
009b0083
007700ab
00b1009a
00790086
0087009f
00850093
00850090
00a20096
0086008b
007f0089
00a50099
00b900d1
009200ae
00c30097
00870088
009000a9
0096009a
00690087
00da009a
00720081
00a5007a
008100a8
0096008f
00a900b2
008300aa
009f0088
00a200ae
007e00a0
00770076
00b10097
00b50083
00c20096
00a800b2
00c500a8
00990076
008b0082
00810096
008f00d6
00b800a1
00c5008b
00b500d3
00590077
00980091
0080009d
0072008d
00a20098
006e0089
008a0081
008e00aa
00a6008e
0095007a
009d009f
006d0096
00a70077
007300bb
00720098
00960096
008900ab
00bd0076
007100ba
009500b3
00c100c6
00c600b0
009300aa
00e100bd
00960076
00c30086
00890065
0092006c
0082008a
00990063
00b8008e
009500a0
00ab00ab
008e00a0
00aa0098
008e008a
009300bd
009f00ad
008a0093
0096008b
00ba0082
007100b8
00a6006c
0093009e
009b00aa
00c7007c
00a900dd
00c800b5
00bb0070
00c60093
008f00a7
0093007c
007b009b
00b1006f
0081009e
00950083
00750080
009600c5
007a00a1
008600a3
007d00b8
00a60093
00760098
008b00ba
00bd008c
00aa00a7
006d009a
00a20092
00950096
009200a8
00b1007e
00e0009e
00970077
00980096
0088009b
00920092
008100a0
00cf0090
00ba0072
007a009e
006b00a9
00bb009f
006f006e
00b600a5
00aa0083
009900af
00b60066
009b007d
007b00a6
00a1006e
00b30098
00cf00aa
008300a7
008e0093
00a10096
00c7009a
008f007a
007b0079
00a00075
0076008f
006e008f
00aa0077
00730073
009a007d
00730099
006b007b
00a30098
007a00d6
00a60087
008a00a0
00820093
007600c2
00a500bd
008300a1
00b600a3
00a30074
00cd00f2
00b100d0
009e0086
008e0092
0083008e
009a009d
00810076
007e008b
00c5009d
0084009f
00c30087
008d009f
009b009f
00ae00bd
00ba007d
008200a3
009100b9
008900af
008b00b0
00ae0108
008f009e
009d007f
009d009e
007e00a6
009d00a5
009600bb
00c200df
00e300bb
00d00078
00be008d
00af00a9
008d0089
00910081
00ce008b
008d008d
008d007c
00b5006e
00be007e
009500a2
008b0089
007d00ab
0076008e
009b0093
00990092
00ba00c2
00ae00b6
009300b2
00dd00a5
00b70097
00b20087
00b9009e
00b50087
00710071
009d00b2
0083008a
0089006e
00760078
0082008b
00d800a9
009900a5
00a9009a
00a90096
00a9006f
007d0086
00a100b0
00a8008c
009d00a1
007600a0
009d00c7
00a5009e
00920084
00ad008f
007900b0
00ae00b1
007d009e
00a7008a
00650061
00cd00c3
008b0086
008700a9
00770095
0085007f
007a0086
00830086
007b008c
00d200a9
007800bb
00840083
00aa00ae
008a00ab
008d0089
008900ae
009500ba
008b0092
00a30089
009500b2
00c00092
009700a8
00c200b8
009b008a
0061009f
0087007f
00710088
00890088
00a20092
008600d6
0074007a
008b008b
00a6008a
00a1009d
00750097
00860099
00b20099
00a9008b
007500a8
009d00b2
00a5009b
00bb00b2
00be0079
00bb00b2
00bf00c9
00a800c3
00920099
009f00c1
008200b1
008c008e
00af00ab
007c0089
007d0082
0090007e
00880077
00a100bf
009600c6
008e00c1
00b80083
00b3006d
00900076
00a000a7
009a00bd
008e0091
00a700c1
0086008f
00cd009e
00ed00c0
00ab00b0
00c000c5
00bb008a
00a10092
006700a3
008e0096
008e007b
00c1009d
00ad0089
00870082
007000b8
009200b6
0090007e
00700091
009d00cd
00850084
00a7007a
00b300b9
008300b5
008b007d
00d30099
00a30096
00870088
009800a1
00c30093
00b700a9
00c500f3
009600a3
009e0061
00740105
00a900b9
00bf006d
00b1008a
00a100b2
00b800af
00c2009d
007d00bd
007a00a7
00a90097
00be009e
00a6008f
00a900a7
0081007a
008a0077
0092009d
00c50092
00a700aa
00a100be
009a009e
00b800c3
007e0092
00a80087
00860075
00ba0085
009100b2
00c3007f
00b20098
00b00077
009800ca
008a00d9
00840074
00a500e2
00de0063
0077008f
009f0086
00a90098
009a007d
009600bd
00cf0091
00bd0098
008f009d
00d30087
009a00af
00a3007d
009500b2
008e007d
007b0079
0085007a
00ad00a0
0076007e
00820080
008b0077
009e0097
008c00c3
00c2008f
00b20078
009f0071
00b700a2
008b00b0
00ca007f
00b10089
00a0009d
007f009f
00a700a3
00a200bd
00b30092
009900de
00b800d5
0093008b
00d3008d
0096007c
00ca0071
0088007a
00b100a6
00a700a0
009900c3
00a1007d
00910097
00c70076
00970092
0099008d
0091007d
0096008f
008a00b8
008d00a7
00a900b1
00c60083
00b60090
00a100b3
009300d5
0088009d
00950075
00da0099
00a600b2
007f009a
008100a5
008a00be
009800bb
00ad00be
00a50092
009b0093
00d300ae
009d0079
0096006b
008b00b2
008f0083
00a70088
008e0070
00a7007e
00bf0092
009a00b0
0098009e
00b300a3
00ad0083
00d300b9
0098009e
008e00a0
00ba00ab
0064007a
00850080
00b90084
008b009a
00ba0091
00770092
00b5009f
006e0092
00a0007e
00a500a5
006e00be
008800c6
0096009a
0099008a
007c00a6
00730072
00bb00d6
009a00cf
00d300a7
008f007e
00b600a2
00a300a3
009d00ca
00a8009f
009700ab
00de0099
00a30079
00ad007e
00930081
00db0084
00950083
009700af
00a8009d
00e00084
009a0097
00b200b7
00bb00b7
008f008a
009a00a6
0099008d
00bb00a2
008d00c2
00b00099
00a60095
00a500e2
00ab008e
00d30086
009f00ae
00600063
007200a8
00730098
008400b5
008f007c
008100b1
00790096
009500b8
00b5007f
007b0076
0097008a
009f00b9
00ad0098
00ce00b9
00920092
00c60086
007c00a5
00d800ba
009800d8
0089007c
008e00a0
00a700e8
00b200af
00c0008f
00840073
007a00a1
00a000c1
00920098
007e00b9
0095008e
00d1007a
00b70073
00a1006d
00c50092
00a60087
007a0082
006c007f
0088008a
00900096
00980091
009f0096
0092009b
008d0095
008e0083
00b200bf
008f008a
00b700b6
0091008b
00b70097
008800b9
00850098
00c5007d
00a90072
00980090
0071008f
00ce00bd
00810082
00710091
009a00b0
009300a7
007f00bf
00920097
00920091
00e800a7
00b10091
00b60099
00c600c6
00830091
00bb00b9
00a700a7
00bd00a7
00c500b2
007e00bd
007b00d6
00f50090
0083008d
0092008b
007700e3
00a2009f
009a008e
0085009d
00af006e
00a500b8
00af00ce
007b00bb
009800b6
00aa0093
0084009d
00d1008d
00d70084
00b500c8
00a100b2
00c800af
008c0096
00bf008f
00af0085
007f0088
007100b7
007d00d5
00a1008d
007f008a
009f0096
00cd009b
00ae0088
007200a1
009f00ad
00bd007a
00d50070
00a60076
00a600b1
009200a7
00cb00aa
00a7009f
00ba00a2
00b700c1
00a000c9
0080009f
00be0087
009700eb
009200cb
0080007f
00e00066
00860082
008b0081
00910099
009a00b1
008b0072
007f0090
007b006d
0069009b
008200ab
006600b7
007800a9
00f9006d
00c900d2
0089007a
00a900b6
00ab00d7
009f00a3
00ce0092
00da00c6
00aa00c9
00cd00ef
00b5009d
00ab0088
008f0090
0085008f
00a6008d
00ba0090
00990081
00740097
00b50095
00890093
00920092
0074009d
00c100a0
00b600ae
00c6007e
009200ab
008800b0
008f0096
00d600a9
00bf00c8
008d00b3
00be00b0
00a6009f
00c00095
00820097
00860078
009800c7
00830075
00a200ab
00870076
00970086
0093008f
008a0091
0072007d
00810085
007e00b9
00840087
00970091
009e00ab
009700b5
00ea009d
00ab0086
00b100aa
00b300a5
008b0098
007c0096
00cf00a8
00950086
00c600ad
00b00062
00810073
00a000a9
00b70095
00900066
00a5009b
00840089
008200a3
0097009d
008d0095
00a300cb
00850081
008600b0
0098008c
00850088
00a0008c
009b00b2
00a3007f
00c700c9
007e0096
009300be
00be00be
00a7009f
00b300bf
008d0095
00b200c0
00a1008b
00cf00b9
007c0099
00980072
00a100cf
00960076
00920081
007c0096
00920095
009b0081
00690093
00a000ad
00b7009b
00660099
007500b2
008800ab
00910099
00b20087
00b10098
00bf00c7
00b600be
007700ba
00610065
00800090
00aa00b6
00880097
009f0089
0092007a
008a008b
00b90088
00b90083
008700c7
0081008f
00a000e3
0093009f
008100c2
007e00a5
00b10098
00b6009e
009100cd
00bd00d7
00a700c6
00aa00a9
00a000c2
008100a5
00980096
00980084
009f007e
007e0085
008600a9
00730086
007700a3
00b200a7
0099008e
008b008f
007f0096
00810080
00840091
008d00a9
0091009d
007c0093
00b2009a
0088008d
009f0099
009700ba
008200ca
00ad0083
00c6007a
008a009e
009900b0
006d0062
009500ca
008e00ce
00930087
009e0083
00a60067
008c0084
008700a7
00bd0092
008f008a
0076008e
008d0098
0071009e
009f00a2
0093008e
009d0088
0069009e
009100a7
0091008b
00db00cf
00b300ad
00b300ad
00bb008e
009600d2
007100b2
007c008b
00a200c2
00910092
009300b6
00ab0087
007b008f
007b009d
0098009f
00a7007a
00760096
008600ba
009700b8
008d00a9
008a0085
00ae009f
00b60089
00c600a7
009a00ab
008600a5
009b00a3
009700a6
007600c1
009e00a8
0075008a
00a30079
00a700d2
00a00073
009100a9
009e0091
00830099
00a300b3
008b00b6
00950092
00c20078
009000c7
00a7008c
009800a0
00a00081
00aa00ab
0089007d
009500bd
011200d9
00a0009f
00b500ae
00d600c7
00b6007c
00ad00b6
00740065
008b00a6
00750090
0091009b
008d007f
00a900b1
009b006c
00a6009a
00cd00a3
009b0073
00aa0097
008600a6
008a0091
00b000b0
007f007f
00b00087
00ab0086
008c0093
00a700c9
00810095
009b00da
00970098
0093009e
00b00097
00820061
008f00c5
00a60059
00b60092
006600b3
00bb009d
00b30099
00a2007e
00a3007c
007100b0
00ab0085
0082007b
00770086
008d0086
007000ae
008a006d
0087008d
00900092
00a1007b
00960098
009600b5
00ad0099
00b100c8
008d00b3
00ab00b9
008200db
00850090
009700a2
00ad0092
00be007f
007b0065
00960077
008a0077
008d0097
00be00a7
00960081
00ae00b5
00e70069
009500b9
008d00c0
00f000c1
009300aa
00fa0091
00aa008e
00a60076
00a100b1
009900d1
009600a8
009b0066
009900a8
0086007c
009f0090
007700a8
0095009b
0088008d
0085007a
00820076
00aa0083
00850082
008d006e
00820083
00c9008a
00ba008c
0089008e
00ae0097
010800a9
00b90095
0089007d
00b50091
008d00db
00af007d
00920096
00750066
00ca00af
009800bf
00b60085
008900c2
012700e1
007e0085
00a900a8
0079008b
007f0098
0096009f
00800076
008f0085
009800b8
008100b6
0063008a
00aa0085
00990076
009f00aa
00a9008d
008e00a7
010900c6
009600b9
00c10088
00b600b1
006b0086
0081007f
009e00b5
00810089
008200a3
008c0076
00980079
0099007f
008e008b
00850099
00860075
009200b1
009500ae
008f0087
009e00ab
009d00bd
00a90097
009700a8
00bb0087
00bb0097
009e0086
00c20072
008a00d6
006e0064
00850076
008d007c
00a1006b
00880077
009a00e9
008f00af
008e007d
00800075
009f0080
0088008f
00990093
00a600e9
008e0085
00a300bb
00b6008f
009d00b8
008c0097
00bb009e
009d008c
0092008c
00a70083
009d0087
00cd00a8
00870092
00b70089
00bf0085
00a8007e
009e00ae
009b00c8
00900093
007200a5
008e0084
008a009e
00920081
00840089
009f0097
00880093
00a000ee
007b00a9
009f0084
00b900b6
00ae008d
00ae00a6
00a10095
009b00d1
0097008a
009f00a3
00750077
00da0089
00660071
008d008d
00800098
008800aa
0087007f
008b009e
00920093
007f00de
008100c3
009b00d1
00c300a7
007d0096
00bb00a0
00af009e
008d00b2
00860139
00ae0099
00ab007b
008e00b6
009a0086
007e00bf
009e008d
00b70058
00ab008c
008b009a
0089008a
00950093
00a90085
00610081
00830096
00e00090
00b6007d
0096009a
00740097
008d0099
0082007e
009d007d
008f0081
00b700ae
00e200cd
00a1009d
009e0089
00a900ba
00c800b2
008300e3
00ab00b9
00b8006b
00a2007b
007b00b6
00a6007b
009b0099
007100b7
0085008a
00a10073
00960071
00860077
008f009d
00950081
009e0079
009d0071
006e007c
00a800a9
00bf007f
00bd00b0
00ad0083
00ad008d
00b30087
00c300ce
009300b1
00a200af
0083009f
008200ba
00a10087
007800ab
00980085
0090008b
009a007c
00af0091
007c0093
00890085
008400c5
00a00093
00ce00d2
009d00a1
008b0097
00790083
008d008f
00d500b3
00ae0085
00e100c7
009e00be
00ad0098
00920092
009a0087
00870067
00a300ae
008200a0
00c0009d
00990083
008b009a
0099009f
007e0098
007500db
007f0089
009300aa
00e60067
006a00b6
009100df
007a0077
009d00a9
009a00ad
00af00ae
00e600e7
00d20099
00c300b8
0092007d
0092009e
00c7009f
0092007c
007f0089
00ba00bd
007300a9
009d007f
007f00a5
008400a0
00ad0085
00cb0096
00830076
00670090
009900aa
00910097
00b10093
009b0096
009b00ae
00960096
0085008b
00a8008b
00a600ae
00bd008d
0079008b
00ae00c3
00d50087
00630083
00ad007b
009200af
00de009d
00ab0080
008a006f
009b0089
008f0082
0086007e
00810092
00920083
00970086
009d00d7
009d00a0
00b200cf
00820085
00bb00c2
00ab00a6
00b600d7
00aa009e
00b5009f
009d00cf
00be008d
00c300a5
00790079
00790083
008e0091
007f009e
008d0076
00d20084
008f0085
007c009f
007e008b
00a900a2
007c007e
009b0079
007e00ab
00a30079
00b1009a
00950093
00cd007e
00a100a0
00d900a2
00930093
0096009a
007e00ab
009900a1
00b50089
00be0087
009d0076
00970091
00ba0082
008c00a3
008e008b
00650091
007b00ae
009f00a9
008c00b1
008a009f
0097009d
008900c0
00b700a3
00ba008b
008a00b7
009200a0
008900a6
008d00bf
009e00a7
007f00e2
00cf008b
008900c6
00d500d1
009d0093
00c20081
007b00aa
00bb0072
008e00d5
0095008b
008b008f
00740095
007700a3
009000af
007300ad
00710098
0082008b
00d0008c
00b800a5
00a700a5
007b007d
00a200df
009b00a9
00a000cb
009e0098
00c600b0
00a200b9
0098008d
00910086
00a600f3
00b700e1
008200b8
0096008f
008d0087
00880076
009a0086
00a5009b
007900a2
00b0008a
007300a5
008d008f
00a700bf
00a20095
00a30097
00b800b1
00a30090
00a000be
00d500a0
008100d3
00a800a8
00a30096
00990091
00a20074
009800ae
007a007e
008e0089
007a008b
00b100a0
007e00a5
009000a3
008d0087
00810087
00e90089
00a8007d
0086009d
0080007a
00b0009d
00a9007a
00bd009f
00930086
009500a6
008700e9
0096008d
00b70087
00db0080
009700ad
00910076
00a900a1
00b80074
00620071
00b80063
009e00b5
00a90078
00890098
008b0098
007200ee
00a800a3
007b00c2
00b70098
008500b6
00a900d3
00bf00a7
00a70092
00dd0099
00a800b3
009200aa
00af00c9
009d0091
009a0081
007f008f
008300bb
00ad00a7
00930097
008b00ae
0085008a
009d00de
008b00b5
009d00a6
00a0008b
0084008f
00a500b7
00ab0096
008c011f
00830080
0081009e
009300b1
00910091
008d00bf
007e00d1
00b80084
0093008d
00d000af
009700e0
008e00ad
0099006d
00bb0079
007600aa
00a60071
0061009e
008200d9
008f00a5
007f00ae
00920089
0076009a
00a300da
007900ad
009900cb
0092009f
009600b6
009300b3
00870099
009a008d
00a800c6
00a6008e
008600b0
00b000b8
009f00b6
009e00a8
009b0082
0082008b
00930086
00b8008e
0089007c
009900b7
007700a1
00ad00c1
00f200b6
0083008d
008400a5
00df0085
009d00c3
00d50097
00800086
009900aa
007e00c0
008200bf
00b10092
009200a3
00a20097
00a800a1
00d600cd
00c700ab
00890067
006f00b0
00b30075
00cd0085
00800079
00b50092
008700a0
00870086
008b0085
008300a7
00b900b1
008400a5
007f0097
00d000a1
00d7008b
006e008d
0095007e
00970095
00db0085
00a700a6
008d00d5
00e50093
008c00b1
009800c8
0095009b
00ae009a
00e50093
00e80082
00a00081
00850091
008a0088
00700082
00900082
0101007f
00880081
00b700b9
0099006d
009d0099
00a000a2
00b70091
009e00f6
008600ad
00a600a8
009a0099
008b0096
00c700d3
00af00c8
009d00c3
0089008f
009300cf
00b00071
008a0093
00ab00af
00b500b5
0093007a
007f009e
0080007f
0078009b
00b80079
00b3008b
00820095
007d009e
00a000a7
00aa00a3
00f6009d
00ae00b9
00a700c5
00a700a0
00b7009e
00870083
00b2009f
007b00db
009e0070
00b900a1
00cd00c1
00b70086
009d00a2
008e00d3
0081009a
00c200ba
00c70086
00e100b0
00a800c0
008f0088
008900a9
009a00bb
00b000b0
00970097
009100a7
007b0085
00c3009a
00a000e7
0093009f
00950091
00a200b8
00a700be
00730097
00860086
00cd009e
009600bd
00ad007e
00870077
008c0084
009a0091
00a100c6
00b800af
0085008e
0093005d
00920082
00b00086
00680077
0081007f
0080008d
00890096
007c009e
00a80099
0092009a
00bd009e
00a300a7
00b000af
007e006d
008600ba
00920098
008f00ad
00920074
007b00c0
008000af
00890087
00af008e
00b70088
008e0099
008600aa
0071009d
00920077
009100b1
00d30097
00a50075
007f0084
008d009e
009e007f
009b00a0
00ba00ab
00a300c0
00a100af
009a0086
008200bf
00a600a2
00a600a2
00b1007d
0096009b
00b800a8
007e0086
0095008e
00b8009a
0078007e
007b00b9
00860081
00ae008b
008e0097
00a2007c
009200ab
00830073
00d60078
009f00b1
009200be
008400be
009900e7
008a00a5
006e007c
007c00bd
007200a9
00ae007f
00870086
00910092
00850092
00720096
008a0096
00760099
00a3008a
009f0092
00830076
00a500a9
009600ad
00a60096
00df00bf
0083007e
00af0090
00930081
007e00e1
009800b0
00a50079
00980092
00800072
00a00089
00700083
00a2009b
00b5008e
00900099
00d200c1
00ad00bd
00980085
008200a5
00950099
00a30093
00820092
009e0081
008e00a3
0096007e
007a0095
00a10091
009a00c0
00a60088
007d0097
00a200a9
008d0092
009900b2
006f009a
008700c1
00660098
0060007a
00cf0092
00d000b0
00a2006e
009b00a5
008e00a5
009a00a5
00980075
009f008f
00970075
0099007a
00c300aa
0095008f
00c900e3
0093009a
0084009e
0080009b
00910086
0099008b
0091009b
00920087
0068008a
006f005b
00830063
00b9006a
009b0099
008a009f
00870081
008f00af
00b50095
00a2007d
00920079
006c007d
006c007f
008a00a7
008b0082
009500a1
00970090
00aa008f
008e0088
00d300b0
00aa011f
00ad0087
00a10102
00a100a2
008b0097
00cd007a
008e00d0
00a200a2
00910083
008f0093
00910081
007d00a8
007100b3
009200a5
00a60096
008d006d
009300ab
00ab007d
00910098
00a00076
00a7007b
00d30091
009f00a1
009800a2
009a00b3
008600ad
00c100a8
00a200a2
007e009b
00890110
00af00be
007e00aa
00b200ce
009f0091
008e0075
00c70086
00d3008a
00990087
007a007b
007f007d
00a10082
008400b9
00a80075
009d0093
00ae0082
009f0093
00a200b1
00b800ad
00850076
00a5007f
008b00a3
009f0097
00a80071
0081007f
00d5008b
0086008a
00b10083
009e008c
009f008f
007f0079
009000a5
007e0098
008b00a5
00c5006b
009b00c1
0085008e
008b0086
00b70086
00de009a
0088009a
00c100a9
00a10091
00ca0092
008700a6
00a00082
008a0093
00a5007f
007e009e
009a007a
00b50092
007200a5
00830090
0085009d
009800b3
007200a6
00a20085
0096009f
0079007e
009200bd
007200b3
009b0086
00b100ba
008000a8
008f00a0
009f0097
00b100a3
008500ad
0091009e
007b008b
00be00c5
00aa005e
00d000a8
0072008e
009e0098
00660098
006f008b
009a0089
009a0073
00a30073
008f007c
00b200bd
00820099
007e0107
009a009f
008c00c3
009700a2
008b009b
00960074
00b1008a
009b00a3
00b800b5
009f00a5
009a00a3
00a200c8
00810087
00750096
00a00076
00b100cf
00bf0086
009b0085
00ab00b6
009200da
00900084
00b200a5
00a90081
00b8009d
007d00b2
00750097
0093007f
00b500a1
007800b0
007d00d5
007e00af
00c500c1
00e300a8
00bd00f0
0093009a
00a000ad
00a0007f
00ab00a3
00730080
00880076
00b20076
007c009f
00a50079
009b00b7
00870079
00ab008b
009d00a5
00c0009b
007900a9
009f00a1
009e0083
007300c5
00b80096
00d300c0
00bf008c
00900095
00ba00b0
00b100b2
00a900a5
00a00089
00950083
008e0092
00a500b6
00a60099
009500af
006d00a5
00aa0077
00670091
00860076
00950083
00a90098
00b7007e
007f008c
008f0071
00d5006f
008b00a9
009900cd
009f0098
00c0007a
00be009d
00bf0098
00cd00a8
00db00a0
010800a7
007500d6
00690084
00a800a2
006100b8
00b5009a
009e005b
007a0073
0085008b
00850071
0092009e
008d00a7
007a0085
00ab0087
00850089
009500a2
008b0081
0097008e
007600b1
008e0095
00b90093
008600aa
008d00fa
009900aa
00c10098
009a009a
00d600a0
00b3008f
00c600ca
00ad00c0
00a80075
00ba0099
00a6008b
0082007e
009200a8
008e00b1
00ca0096
0098010e
00b2009f
0087007b
008c007c
00b9008d
009200ba
00b000b8
0096007d
0097009a
00a100ad
009f009f
00c900c0
009d0046
00610095
00820076
006f007a
008e00c8
00bd00a5
008a0078
00710087
00b90088
007e008c
008e00a2
008e0099
009500b5
007800c6
00aa0062
00a70093
00970096
009b007c
008d0096
009600ae
009f00b7
007400a1
00bd009a
00a500a5
005e0070
006d0098
0077009e
009100b3
006300a0
00a800af
00870093
007b00c7
00890097
00960085
0076006f
00840083
008a0095
008100be
006900a5
00b100a8
0086008d
009e0087
009900c3
009a00af
009700b3
00a000a1
009e009e
008e0091
009e0073
009200c0
006b00b0
009f0089
00bd00a2
008c0079
00d7008e
009100b3
008700af
00820081
00a80087
00810099
00a90095
0084008a
00a70083
00c0009a
009e0092
0083009d
00b10099
009800a8
008500a9
00a5008b
00aa0081
00a1009d
00c5007e
007b0085
0093008a
00a20085
00b200b3
00b20076
008700a0
0070009e
00c90098
006e0087
008100a7
010d00b2
00aa00ba
00890091
009500a5
00ce0092
00930091
00ad0087
008e009d
00b0009f
008b00a6
00a100a9
00ad00af
00c700a1
00810057
00ad006d
00750079
009e00c9
00700085
008700be
00f600ad
00a70092
00a00086
00ae0075
00c800a0
009a009b
007500b9
007d00a7
009600a5
00a800a1
00b80089
00b100a7
008a00c0
009600a7
00ad0081
009a00a9
008d0086
00a0009e
00ad0087
00870092
00b2006e
0077008d
007d009d
0097009f
007d008f
00950095
00b200ad
009d0091
0089008e
009300ca
0096008c
007f00a2
009b0075
00a80092
009f00c3
00a7008a
00a60092
00a9009f
009a00ba
00ae00a6
009f00a5
009f009e
00b8006e
00a900b7
00b100ad
008b0087
00990081
008f009e
00990092
008600b3
0092006b
008200a7
00b30080
0093009a
00790093
00bb0097
00a30071
00740087
00c2008b
009b00a8
00a0007f
00a500a2
00c700b1
00a700a3
00af00a8
007b00c2
00a30087
009000a2
00a300cb
00870081
00ad009a
008300a1
00870095
00890096
008f008e
009800a0
00a90073
00a500ab
009200ca
008c00b7
00a30088
0096008d
008100a5
009e00bb
008d00a6
00b20080
008e00d0
00a70095
0099008e
00ca009b
008e0073
01120079
008d00c5
00a90095
007b00b6
0083007b
00a9008d
0097007c
009b00c2
009e0099
00870092
008e00ca
00800098
00b20075
008b00cb
00730092
00a30095
0098008d
00ca0086
00ae008a
008a00a6
00980092
009300b6
009600b5
00f500b6
00ef00a9
00b800dd
008f0070
00bb0093
009b0086
00930072
0087009a
00970096
00980075
00ba009f
00760079
007e0086
00720096
009f0087
00950081
009a00b9
00a90093
007d0077
00b20091
008800b6
0067007d
00aa00f7
009f00a9
00bd007e
0096007e
009a006a
008d00a6
0068009a
0071008f
00c80078
0098008e
00a100a5
009d007f
009500a1
009500ab
009a0095
008d0081
00dd0097
008a009b
00c30098
00650099
009200ad
00a000b1
00a300f1
00f000d5
00ca00e8
009700a8
00cb0071
00e000a6
009b0090
00880091
007d0093
00710081
007000bf
009a00a8
00a00083
00bd009f
00980089
009e008b
00d90086
00950097
00a100a8
009100b2
00a800bd
00ab008d
00b10087
00c800c7
00c000b0
00a300bf
00a20097
00a500fa
00a3007c
00a600e6
00c6007a
008600a6
00a60082
009b0095
008100a1
00840098
009700a5
00770098
00af00e5
00730098
00820087
0096009d
008f007f
009500a2
00c000a8
00a1007a
0076009e
00be0081
00b000c6
009f0089
00b800a2
00c3008e
00890072
008600ad
009300a6
008f0086
00830083
0096007e
00ad0082
00870087
00880076
00910089
00a800a3
00850085
006700a3
008f0083
008f00a5
008600aa
00a50085
008c00d7
00b500ae
007e00f0
00d600b2
009d0081
00be00bf
00c80089
007e006e
00b000af
007d008b
00770091
00b700a0
007e00b2
007a00ab
009200a1
00ab007a
00a10098
007e00ad
00b20089
0082007e
00af009f
009d0090
0098009f
008700cd
00a900b2
00a700aa
0097008a
00b30089
00a7008d
008900ed
00b200b3
00720065
00cb00c9
00800083
00aa008e
008d006f
0066009a
00910098
008f009e
00a0008e
00af00a9
0099007b
00a1009e
009300af
008a00b7
00ad009d
009100ab
007d0098
00980093
008b00e2
00ae0096
00d90099
008500af
007f00a7
00b0009e
00890080
009b007d
006d00d7
008d0075
00a700b3
008f009e
008500b5
00a1008e
008c0072
0096009b
00800096
007d00bf
00aa0071
00a8008a
0076008f
00af00a6
00b60090
0080009e
008d00a6
008a0087
009e0085
00b700b7
00d80099
00aa00ad
009a005f
008a00a5
0068008e
007b008e
00ba00a3
00a0009e
007a0083
00990098
008d0095
00ef0077
00960092
006a0073
008d007b
00ad0097
00b70093
009d00d0
009b00af
00ad00a5
00b700d5
009300ab
007800bf
00cf00c6
009e009e
00c800db
006e0079
00930083
0083009b
00bb0082
00b500ba
00a700bb
006c006a
00930077
008d009d
00a000e7
00b600cd
00cb0091
0086006a
00a6007e
00a9009a
008e00e3
00a900bf
009d007f
00c700c1
00c200b1
00ed0097
009a00d7
009e00c2
00d10087
009d0071
00a100a6
0073008f
00b600de
00900091
00a5008d
008100c2
009f008f
00c8006a
00a5008f
00750075
00aa0095
00b600d3
00980096
008e0096
009600bb
0083007e
007900b5
008800b3
008300c2
009100f7
008100a3
0098009f
008f00b5
00950095
009600de
00b100ae
00ce00b0
00ad0093
00880082
009700b9
0097009b
00990083
00770099
00920095
00920078
00660093
00a800a3
007a008e
00730075
00a00082
00a900b0
00c700ad
007a009e
00af00b7
00b60082
00d300d2
00a7008d
00a70069
00980089
00a10113
00a90085
00ad0079
00e200b2
009d0084
0098008b
007e008e
008700a3
009b00a5
008b0087
009a00d5
007e0093
00b900bd
00c000b0
008b00b3
009d008e
00c700c5
00a20089
009800b3
008000c8
009e00ba
00a600a7
009f007d
007f00a1
009b007d
00c30076
009b0083
00b7007f
00a1007d
0093008c
009b0089
00830097
00b5007a
008200be
00a30077
008c00a1
0085007b
00c700a0
0097009a
00a90072
00aa00b2
00ba009f
00a500b7
009a00a9
00cf00bb
009200b0
00760068
00d000a0
00a300a1
009e00d2
00b2006e
00860082
00aa0095
00a90081
00b600a1
007b00ba
00870082
00850083
0085009d
00b00085
008e00a6
00a5007a
009e0099
00af009b
009700d2
00900097
00db00cf
0095009f
00be00c1
00a700b3
00b7005a
011700b9
00a700ff
00800092
009700ad
007b00a3
00a80081
0077009f
00b10087
00a7006d
008700c6
00c800b0
007e008d
00a5008d
00920091
0095006f
009500a8
0099009d
00c0007a
00aa00b8
00c600a0
00a80099
00ab00a1
00a10071
007d005a
008a00d2
008a006b
0092008d
00a50092
0078008a
007f009e
00a70081
00a500a8
00830090
00d90092
008f0079
009200a1
009d00bf
007e009d
00930098
010800c0
009b00bd
00b50096
00cd009a
009300ae
00af0091
00bb008f
00ad00c9
00b6007c
00c3007c
009300a5
00a7007b
00aa0091
00b10091
0074008e
00ba009e
00970086
008b0089
00770069
008400d3
009600b9
0075007a
00a20092
0071009f
00b9009d
0096009e
00a8008f
008600b2
00a000c0
00c2009b
008d00de
00ae00a3
008f006e
0096008c
00970088
007e00aa
0075005d
008d00ad
007e0098
007f00b2
009600a2
009d007b
00b5007d
00cb0096
0093009e
00b3008d
00a9009d
00920096
00af00cf
00a20088
009300c8
00de008a
009800ab
00d300b0
00810081
00c10115
00920051
008000b9
006d0086
00c20072
008b009b
009f00a6
00b100a0
00a700a2
009e009d
007200a8
00b50085
00b50097
00890076
008e00b9
008d009f
009d00cd
00ce009e
009300b2
00b800da
00a200de
00ae00d0
00b900ba
00ae0082
00a300a3
00b7005e
00a700d9
009100ba
00a600b7
008b0081
00b200aa
00b100a9
009e0082
00910084
00910082
00740091
00830099
007e008f
008700a2
00a8009e
00ce0072
0091009d
00970090
00a10088
00ab00a1
00a500a2
00bf00a7
009f0096
008700c0
008800bf
00d300b9
008d00ae
00b5008a
00cb0088
007a0095
006600a1
00ea0082
00be00b2
00c500bd
0098007f
009d0095
00990098
008a0087
00b600b1
00a000aa
008700c6
00be0093
009d009e
00a3009e
009a00cb
00cb00de
00d100b5
00ad0089
0087005b
00b6008e
00850080
0079006e
008b010d
00af008f
008e0070
006e0091
00760085
00a300a5
008a009f
00910073
008500af
008e0082
007b009e
00be00bd
007900e5
009d0098
00a20106
009200bd
00a200a9
00ab00d2
00ca00a9
00be00a9
00a90083
00c300b3
00a000ad
009900b8
00ad0089
00930075
007e0097
009d0083
00aa008c
0083009f
008b007f
00f30092
007000a2
00780066
009d007b
00990099
0093009e
009800b8
00eb00d6
00ad00a6
009700c0
00860092
00db00bf
009600c7
00760085
00c000a8
008600ad
008b009a
007a007b
009900a0
0073007d
00b80099
009d00b0
008f009e
00800092
008f008a
00a100ae
008600e1
0099008d
00b20089
009700a2
00aa00a0
008b0095
00aa00a2
008800a7
00c000a3
00d500a7
008a00a7
007500c5
00a600c1
007b00ab
009a006a
007b0081
00950075
0082008e
009200a3
009a0087
00bd00a1
0099006a
0071008b
00af00aa
00980092
009200c6
00c60082
00d3008a
00df0099
008500a7
007500b5
00ab009d
00a50092
00a2009f
009d00b3
0097008b
009700b7
00a7007a
00b2009d
008c0087
00910086
0073007f
009b0082
00b9008b
0075008d
0079007f
008f0086
00890081
007b00bb
008f0088
00c2009e
008600a7
00b7009a
009b008c
009b00a5
00c000a9
009200af
00b700ba
00bd00d0
00df00a1
008e00a0
00a3008b
009e007d
0069008e
00910089
00a6008a
00a9009a
00770098
0074009f
007f00b8
00b60075
008b008b
00ba0079
00a9007b
00860085
00a500ba
00860091
007000b8
008100b5
00d500c1
008f00bd
00a800af
009800c9
0085007c
009200ca
00a50082
008e00a5
00990081
009100a3
00c00086
009e008f
00830078
009700a0
009500b0
006b007a
00c60096
008f00bf
009b00a5
009800c5
007f00a9
008a00c8
008700d2
009900b7
00aa00f3
008500b7
00ae0091
00a5008e
007a0079
009e00ce
008800bd
00c0007b
009800d2
009800c3
0074008a
0077007a
00b60087
009900ab
008f006e
009f00a9
00d0008b
00850097
009500b1
007f0091
00b800b0
00a200d1
00cf00eb
00ad00c2
009800e6
00b5008c
00a5008b
0083007b
007e00ab
009800b2
00830086
00b60081
00b300ae
00a500a5
00b0007c
006a00a9
00aa006f
007e00a8
00730081
00af008a
00990093
009e00b7
00b7009e
008100a8
008600a1
0085009d
00a60082
00b100b9
0095009b
00b300bd
00a80090
00ad00ab
007a007d
00af0077
007b008a
00af0077
00ad0083
00a9008d
00850085
00860091
00ab00c0
008b0091
00650091
00800091
00bd00af
007b00b9
008f008a
00920083
00a2009d
00a5008d
00af009b
00d700b0
00af00ab
0077009d
00930081
00960085
00ad00a5
00b50086
009d0073
008f009d
00880097
008300a6
00960086
009700aa
0072008f
008b0087
00980083
00980095
00a10093
007d009a
009e0095
008f0081
006f008d
00ae00ab
00a600a8
0093008b
007e00b3
0087009d
008700a3
008300af
007c0065
00a300b9
00770086
00890096
007f00b5
009d00a0
00b0009d
008e00a2
00a20092
00a20092
0071007e
00ae006c
00b00076
00ba00a3
007f00a7
00a800ae
008e0090
00950096
00bb00b6
009100a6
00b000a1
0081009a
006f009a
008d009d
00a90065
00cf00b5
00920149
009a00b1
0097009d
0096009b
00a90097
00aa0096
0092008c
009500a6
009e00b1
00910081
007e00af
00880095
00710074
007c00c3
00ba0091
009b007c
008900b5
00a70073
00bb00ad
008a009e
00b6007e
00a60098
009b00a1
006e00b2
008b00ba
00c000a0
00d000a5
0137008c
0080009f
00950093
009b0092
0082008e
00a00099
00af009f
00740082
00870099
00c3008d
00a100b2
00ae0099
009a0091
008d00bd
00a000c7
00a000a9
0092007e
006e00ba
00ba0097
00a5006c
009900a9
007f00a2
008900b7
008f0091
007b0098
007c0097
008a0093
009d008e
00d50082
00a5007d
00b00098
0097008d
00c800e7
00c100c7
00a60082
008a0096
008a00ab
00bb00d3
00a800bf
00a1007a
00d200e2
008700cd
008500c5
00a2005d
00af007e
009e00b0
009e00aa
00810090
006b0088
00890076
0085009d
008b0060
00720078
009800a8
00a100e2
00920093
0088009a
008700bd
009700b2
009f00b0
00b100a5
00aa0081
009d00bf
00a50093
00a70099
00c300fd
009b00b3
00b30093
007f00a7
005900c2
008f008e
00aa008c
007d009e
009300a1
0096008c
00a70091
0080007e
009200ad
008d008c
00b100c6
0092007b
007e0093
00ab0087
0075008f
008500b6
009500b1
00c300c1
011000af
00a10083
00b800a9
00af00bd
0119009b
008d00bb
009e00e0
00a5007e
00c8008d
009700a1
008b00b2
00ea008b
00bb0092
0072009e
00bb009d
00910091
008b0092
009800b0
009f008a
007500bf
00b000ad
009d0084
009f0081
00a300b0
00910097
009d00a7
00b1007f
00cd00a3
00840080
008700ae
009300d1
00730072
008b00b6
0091007f
00ae00c6
008e0092
0086008b
008200b0
00ba008b
00ad0082
008d0079
008400a6
008b00a1
00950092
00a300d7
00b00093
0097007f
00c200bd
00a1009d
009100ae
00930095
008e00a2
00980078
00aa009a
007900ab
00b000d9
008f0096
00b3007c
00b10080
00670087
00d100c1
00c000b7
00b300bb
00b0009b
009b0091
007e0089
00b1008e
009e0098
00bd00ab
009f0097
00950084
009d00a5
008b00aa
00b5009e
009d0082
009a0089
009d0091
00810095
00a100ae
007a0071
0085008b
00ab00a7
007900a1
008d0096
009600af
0082009b
00870064
00710073
00b20092
00aa0095
007f0080
007e0098
00c800d6
00c900a9
00c0008b
009b0092
00b300c0
00990084
00c500ae
009b00a7
0067007a
008b0084
00890097
00c00091
00bb0097
00910075
00a90091
006f009e
00a1008b
009b009e
009a00af
00a000ae
006e00aa
0095008b
007f0095
006f0092
00c60079
00ba008c
008b0097
00ce00b0
00c200a2
0093009f
006e00a6
008f0092
0070006a
008500a7
008400bb
008d0092
009b0098
00b70085
00890062
00790096
009b0075
00a30081
00900078
008e007e
007b0096
00890089
00b900a5
009b00d5
00e00090
009100bf
00ae00c1
00a800b7
00c9009a
00bd00ab
00d7009a
008700b5
0073009d
008100b8
00a000a5
008600c1
00ab00a9
006f00b5
00860071
00b900b0
007f007a
008c006f
009000b6
00af006b
00a70076
008200bb
009e00f2
00920085
008300cd
009800ab
0099009e
00a20082
00900093
00d9009a
00ad00ba
00c200ab
00ae008c
009700cb
00b600ad
00890097
008f0099
008d0089
0077008a
00b600c5
009f00a2
00a900db
00a200a5
008f00b0
008400ab
009100a0
00b900ad
00bb0099
0087008a
00a90098
008a00a7
00af008c
00930089
00a500bb
0082008a
008500a1
00bd0071
00870089
00a7007a
007700b5
00a200a0
009600b1
007f0098
00920097
00b30086
00790079
0073007d
008900b8
008e0085
00850089
00a70083
008a009a
009200e6
007a00aa
007a00b2
0082009a
009800b5
00990090
00a20084
00c700b2
0081006c
008b009d
008e0099
009f00a7
00b90073
007a0091
009800d1
00c500f9
009900a5
00c3008d
006b007e
00a80085
00910072
00bb0098
0096008f
00ef00d2
00c6008c
00be0090
009700a3
00b600b2
009200b3
00a50093
0097008e
00c500de
009f005b
008100c0
00690093
00d0007a
00760097
00ae0099
0089009e
00910099
007a0083
00ab007a
00ab009f
009d00c9
00870077
008e0095
00830082
00a3008b
00aa00a9
00e90098
008300b8
009d00ca
007100d6
010000ae
009000b2
00bd00bd
0077006d
00b9006b
009d0093
0082007d
009f008f
00850093
009d008d
0091007a
00eb00a7
00810095
007a008f
0082007a
00a500b2
009600af
00af009a
00b300ef
00aa00aa
00ad00a2
008f00a9
009d0089
00d500b5
00c3008e
00ab00c7
008400b9
0074005d
007f00a1
00890095
00b9009a
009600a9
00c700a1
007e008b
008b0079
009a00a9
006a0095
008c00a0
00990089
0077008c
00ce00b2
00630076
008c0099
007f00aa
0092008f
00af0097
00b600ab
00f900b3
00a3008c
00ab0098
00930084
00610092
007d008b
00a0008b
0073008f
00a200b3
00cd006b
0086008f
00770083
00690086
008c0069
009e00be
00b200c7
00af0082
00a70083
008a0087
00a2008b
009900ce
007e00b6
00a80099
007b0073
00bd0099
0092009b
008d00a8
00bf0080
007d0085
008f00c3
00d800a3
00b200a3
0091009e
0084007a
008f0083
00830095
00b300a5
008a0089
008e006e
00a30090
007f007f
00800092
0083008e
009e0099
00830090
00b50099
006c00a9
009b008a
00d6007f
00ba00bd
008f00c3
00ae00bd
00a20086
008a00a6
011e007f
00b30089
00a10099
009e00af
006b0078
009f006d
00930084
00aa00a0
008e0085
009e0086
006c007d
005d00a7
00b800a8
008900b7
00ca0098
00be00a0
00870083
009a00a7
008200a9
007a0080
008e0076
00b000a9
00720091
008c00dd
00a500a0
00ab0074
00960084
007600a9
00850093
00a800dd
0076006f
007b0079
00c700b0
00870084
008b0095
00870091
00810087
00cd008c
009e0093
00b200b0
00b100c5
009200c7
0082009d
0085008a
00a1009a
009d009d
007d0069
008e00b2
00b00092
007f0079
006b0084
0092008a
008d009d
00b700a1
00a5007d
0098009d
008e00b7
00850079
00760071
008f00bd
00b20083
00ba00be
007b0089
00da009e
0096009f
00a2009b
00ce0070
00d100ce
00ba00b1
00e600b2
009b0056
00e300b3
007c00a2
00be00ce
00810080
00b100b9
00b70098
00800064
00a500a0
007b00c2
00b7008c
008d00a9
00af00a5
009000a6
0091007f
00d000a7
009e009d
009e00ba
00a200c6
00930086
00db00da
008900a6
0085007a
00ad008b
0095007f
00e6009b
00960099
007d0085
00a5006a
00eb0099
009b007d
00a200b0
009b0082
00bf0091
00c10088
007300b3
00b200c1
007e009f
00930070
0092006a
007b00c7
00db0090
0081009f
00b200a3
009d00b5
00b000b0
00bb00a0
00900097
00b70081
00870089
00a20067
009d0081
008e0087
008d008d
007200a5
0075007f
00a000b5
00be0099
00c700ad
00a80096
007900aa
009200b3
009a00a1
008f0088
009600c1
009b00c8
00af008b
00e900ad
00ab00a1
00ad00db
00a10081
00a100aa
008100a3
00970084
008e00a5
00b20086
006e008a
007b00a5
006700b2
0066009e
00a000bd
00b10078
0074008a
009300c3
008f00c3
00c2009a
00bf0093
00b80091
007600a2
00960093
00990087
009a00a9
00a800a2
008d0074
007600a8
00bd00ab
0078004b
00d00080
00b700bb
00b80092
006600a1
00860083
00640070
00c1006f
00920082
008d0097
008d007e
007e0095
0089007a
00ba0081
00b0009b
00b200aa
00bd00a8
00860081
009200bb
009e00a2
009d00a9
009f00bb
008b00c1
00a600b1
00c700aa
007500a3
00b600c5
0096008d
00a70082
007b0096
008d0084
006f00c3
00bd0072
007d0096
009a0081
007a00a3
007d00b8
008d007f
00ab0081
00a7008e
00a10095
00870085
009200ba
00b800aa
009500b1
00e3007e
009100f2
007a0092
008000a9
007a00db
00b5008e
00ad00b2
00a10073
00ab007d
009f0083
00a300b2
006d0076
0056009f
008600a0
007e0078
008e00a7
008700ae
0096006b
009b0082
00930103
00a2009e
008800a8
009f00c9
00b300bf
00c100a3
009f00a2
00c3009b
007d0098
00b7006f
00a60079
00750073
00ab0089
009b00b3
0084008d
009d0099
00880092
00790083
00710087
00850086
007c009e
007e0089
00930093
00950082
009f00c1
009600a0
00ae00ed
009d008b
00990098
008e00b8
008800b5
00d100a1
00c3005e
007e008d
00ab0091
008d0079
007c007b
00870088
007e0086
00a70091
006e00e7
00790098
00a800a7
00830083
006c0096
00a500b1
0092009a
00860097
00a000bf
00b9008b
008f00bd
00aa008e
00ab00b7
00a300e6
009a008b
009700a6
0086006b
00a000a3
009f008b
007900bb
009100a5
00d600b3
008900ca
00c80091
00c30071
007b00d8
008a008f
00810098
007a0093
007900a9
0091007d
00f500af
0089008a
009f008f
00cb009e
00ce007f
00b5009d
009700ca
00c1008a
009900a5
00b5007a
0092008b
007f006e
008d00a1
00820093
008d00b5
007f007f
00960089
008e0073
009b0097
0091007f
008c009a
00a20071
00770095
009200ad
008b009a
00a3008c
00a000c1
008b009d
0093008d
00a60093
008500d8
00a9008d
00bf00a1
0082007a
007200dd
00a000a7
00bd0085
00be009b
00980081
007900a8
009600a8
00ce00a0
007c00cb
009800a5
00770073
00970117
00e600ad
008c00ab
008100d0
00e200b2
00a800b1
009100bd
009d0095
009f00b3
0098009f
009a0092
007b00bf
00a200b6
009e00ad
00ad00a7
007f00a3
00aa0077
00730080
00ad0089
008400c1
00c900a6
0068008c
00880081
007300a0
008f0071
009b00ce
0086007f
009a007f
00be00be
00c10102
009b00b2
0095009a
00980097
00af00bd
0083009e
00b80092
00d1008b
008700cb
00820098
00980084
00990098
009e00bd
008200b0
00840081
008a0083
00910092
00a200a0
008f00de
00a70085
00bd009a
00910098
00ae0097
00c700b0
00c500be
00890098
00ab00f0
009d00a1
009e0095
007f00ab
00c100be
00b5005c
009700d7
008500c6
0077009f
009a009f
00b600a7
009300af
00770079
00670082
009e0097
007400a6
008800b3
00950086
008100bd
00a80089
009e008f
00f1006e
00af0088
006000ff
00a30088
0085008a
00a000a0
00b900b0
00990086
0083008b
00820132
00b5009f
00ba00dd
00d900a6
007e00a6
007e00ae
00eb0092
00810084
007e009d
00920096
00c600c0
007d0085
008c00ab
007d0096
00900085
00a000a2
00890080
00910085
00a800a2
00910093
009f00b8
007c0091
00c30098
00bf0089
00ba0092
00aa00c0
0095008e
00cb00b9
0097008a
008100a8
007100be
009b0092
008a009e
0090007a
008f0071
0080009f
008200db
00af0089
008800a2
00c600a1
00890098
0085009a
0082009f
009300a3
00d80079
0088009e
007a0086
007e007a
007b0093
0097007b
0093008a
00920092
0089008b
00680079
007500af
009600a5
006b00b6
007a00a0
00a000a2
00840082
00f8008b
009e0082
00ab007b
00a20087
008d0095
009d00bf
00b000a5
00f000aa
009e009d
00cf00e6
008200aa
008b008f
008400c2
007200c9
0092008d
006500a1
006100b8
007f00a9
00720093
009e0099
008f0093
00f300a8
0083009e
005f0095
0092009d
00a100bf
00b0009b
00a6008b
00a000a3
00d100c9
009f0097
008900ad
00be0081
00af00b0
00ba00c9
00760063
00920079
00b6008e
00aa008a
009800af
00a0008d
0089008e
00da00a9
00e800bd
00be008a
009900a5
0086008d
0099007d
00a20081
007f0092
00a20085
00a7009a
009f00a9
008200a6
00f7009e
00e7008d
00810095
00a500a0
009200a0
007b008b
00610078
008d0079
00c200a6
00c9009a
007d009b
009800c2
0090008b
008900b3
0093008a
0077008b
00a10086
008e006f
00a200a1
00ab007d
00820093
008d007e
00b50082
00bf008e
0096008f
00a9009f
00da0096
008e00c9
008e0086
00ab0084
00d8009b
00bd00ad
009200a3
00810093
00c5007d
00bd008a
008700a3
0093007d
008f009a
008900c1
00ba0081
007f00a0
009e008e
00b90090
00ad00aa
00a10092
006f0097
00a500a2
009e007d
009700a8
00ab00b2
009f00a7
009200a3
009d0073
00da009d
00740085
00810081
007f0093
006e0097
007f00a5
0095008e
008600ad
009d0086
00860092
00910095
00a9008c
0086008e
008a00a0
00ab0083
00c90070
00a9007f
00fa00a8
00b7008c
00d200ad
009e00b7
00aa00b2
00dd0082
00b9007d
00c100b7
007500c6
00b70098
00b1008b
00a300b9
009b009b
0097008d
00910097
008e00a2
00ad00ad
00a700aa
009f00ad
008f008d
00c0009f
00b700c1
00cd00d3
00b30082
009100c1
009f009b
00b9009a
00c500ad
009200a8
00a7007a
00710077
00a2008f
007f008b
00b3007a
006f0073
00a1006c
00a300d6
00820071
00a30084
007f0078
009d00b3
00810093
009200ba
009a00b7
00a200c7
00a00088
009000a1
00b9010b
00b90099
009e00bf
0095009f
009e00c5
008800b7
00d30073
00730088
00a7007b
009b00bb
00660076
0085009d
00970091
008100ab
00990073
009d00a8
00760086
00d50075
008b0085
0088008f
0087009d
008b0089
00a100a7
00b6008b
009e00a5
009e009a
00d500ce
00aa00be
00a900c0
00cb00a5
00ae00aa
007e00d8
00830082
008d008b
0091007a
008f008a
0087008b
008900ab
00890083
00b8007f
00980095
00860095
008e00b3
00b80079
008e0092
00a800a0
009700a2
0086006e
008e00b1
00a900a0
009b00b0
0084009f
00af00d2
00bb00b5
00dd00bb
00b70072
009f00ae
009900b1
00a50082
007a008c
008900a6
0074006b
007b0087
006a008f
009f0089
00be006d
008a008d
009d00a8
008a008b
00b20076
009d0096
00aa0084
009300b7
00c50097
00c6009e
00ba00cb
00b000a1
008200a7
008c00b0
00770070
009d008a
009b0082
00a100ab
007100a9
0080006b
0077007a
009f0091
008e0092
007900a5
00a90086
008d00af
009100e1
00b800ba
008300a1
009f00b8
00c10087
00960081
008100c6
0085008f
00c800a5
00a100a8
009800b6
007f0090
00a10062
007c0081
009100a6
00d200c5
00a60076
00a60083
008e00b7
00a900a9
007e009d
0074008b
008900b6
00890091
00a20095
00880098
00c600ce
00b00088
00ae00c7
008200b9
0097008a
009d007e
00c300be
00b80095
00c200da
009500bf
008e0080
009000bb
008100af
00b600bd
009a008c
00e00092
00b300b0
00950085
0076008d
00a50099
00840092
00cb0090
00ce00d0
007c007b
00a30099
00ba009b
007200a0
0096008f
00900090
00b200b3
00db0099
00a3007f
009a0091
00a5008e
0096007d
00ad00b8
009b00be
00a600a1
009800af
00a0008c
008f0082
008a00a5
00b900b6
010a00b3
0073009e
00a6007f
00c800a0
00890095
0089006f
0092008e
00ad00ad
00a00098
009300a3
008b0082
009f00ad
006d00b1
00d8007f
00af00ad
00d2006d
009500a0
007d006a
009200df
00aa008b
00a8005d
00b50093
0080009d
008b0093
00950085
008100aa
0081008b
00920097
009600ab
00ab0086
0098008f
008d00a6
009900b8
009500b7
008500aa
009a0079
00be009f
00f500b3
00950098
008f0089
007b008d
0075009a
00a10097
008400b1
00ae00ad
00a10067
008b0091
00960089
009b0076
00810092
00c90073
007100ae
00be007a
00a80081
009900b9
00a900aa
009a00a3
00ba0098
00910087
0093009a
00c100b0
00980087
00ad00bd
007b00af
009a0076
008c00db
008100a9
009e0092
008b00aa
00960072
006b009b
009a00a1
00910091
00a10081
00ca008f
00a500a0
00ad0079
0086008b
00b000b8
00a00095
00c0009d
00c100c5
00a10079
00bb00a7
00bb0096
009800bb
0089009d
00880074
00a70090
00ba00ba
008a00be
00870089
00a10091
00830097
00e50082
00b10073
009200cd
00b60090
006e0067
008e0073
0091009e
00790063
007e007d
00a800a6
00b5008b
00810087
00af0086
00c000a1
00bf0099
00ba00eb
007c009b
00a5007a
008d0097
008100c8
0079009e
00a200a0
012b006f
00b30076
00b90087
00870073
00930095
00750080
008a006e
00a200a3
0079009b
00ae0076
00a100bb
007b00a7
006500b3
00c600c9
00a700b5
00cb009f
00c6008e
007500d9
009700a5
00c10087
00960062
00850073
00c1008b
009800b0
00980087
00a800bb
008d00b2
00a300bd
007f008e
007d00bb
009f00c0
00be00b0
0084009f
00a10089
009100c6
009e00ae
00a800ad
009e00a6
00ae008e
009f0092
00a600ae
00c800cd
00c900ba
00750087
00df00a2
009f00a9
0083006f
0092007d
00ea00f3
00ab00b6
008d0099
00ca007b
00a90099
007000b5
007500af
008000bf
008d0085
009100a1
008a009b
00960099
00c30086
009800c8
007f00a7
00af009a
00b8009e
00bd0098
00bf00ca
00aa0072
012900ad
00af00ba
00a30095
008600a1
00ad007a
0085008b
0073008c
009b00a7
008d00ae
009500eb
00c2006e
00820093
00800072
00a10067
007e0079
009200ae
009b00b8
009100a7
009200a6
00a200b8
008500a2
008a0082
0096009a
00760092
00920073
00920099
006a0091
009600a5
0083009a
0075008e
009200b8
00a3007f
00b30080
009700a8
00840082
00cd0097
00950093
009d00aa
00b000a9
00aa00a6
00cd0092
0097009e
00ad00f6
00a2008b
008a0092
009b0086
009900a0
006b009b
00b500aa
008b00c6
00820082
006f0089
00c600bd
007600a1
0089009e
00c10070
00c700a1
008f006f
008600a1
00a80093
009d007e
007c00b6
00a20099
00c000b0
009800a8
00a00097
00db00ca
00a0007a
00b800cf
00ae008d
00d00083
008600b5
007b008a
00bb00b3
007f0070
009a0071
009d00b6
00a800cf
00a60087
0075009a
007900b6
007e0088
00a500ba
00b50081
008200a0
009e00b1
009800da
00b90095
009600b0
00b50071
00990096
00b700a6
00bf009d
008f0093
00bf0093
009b00ab
007400a2
00a5008f
009100a1
00840087
0099009e
008d00b6
008e00a8
00d2006b
009200ba
00b100a2
00a00095
00a100aa
007e00ad
007b0074
007200b7
00a9007f
00a700cd
00aa0083
00a30081
00a600aa
009100dd
00a6008e
00be0098
00a90089
008b0083
00750098
007f0072
0087008c
009f008b
006e009a
00e5008f
00b3008b
009f0089
0085009a
00730073
006f0089
009e008d
008e00a8
008300a8
00af00aa
00d80070
00e6008f
007b0087
00d10097
00e00101
009200c5
00a700e0
006600c8
00870098
007f00f8
00910089
00cb00ab
00a20088
0085008e
00b6009a
00b6009f
008a009e
00b6009a
008f00b0
007a00a5
00a000b6
008e00b7
008900ce
00910091
00c600a0
008d0085
00b700da
00af00a8
00960097
00920097
00980075
0079007d
006c009e
00ad00b2
00c70091
005f0095
00ad0099
00a80083
008b00a3
009f008d
0077008a
00920077
008500af
009700be
00a000be
0097008d
0098008d
00b100c8
00a500bf
00ab009e
00b70091
009700c5
00b800a6
00a000aa
00d200c6
009a007b
008200df
00ad009d
007900bf
00d70093
008e0098
00c20096
009500b9
007f0087
00cf00a1
009700c1
007900cf
00b70084
0079009d
009d0098
00a1009f
00b30092
009a0075
00ed0095
0089008a
009200a3
00a500f5
009800b3
00b20101
00a600c2
0086007e
00b300a5
00750099
00d70095
008b0082
008b0067
009d00a6
008300a6
0077008d
009f0079
00800081
00840087
00860073
00870078
00a0008e
00720066
009b00a9
008a0095
00ab00a6
0087009d
005e0061
00920085
007d0061
00920076
010800b8
00960090
00960074
00990072
00b900b8
007200af
009100ae
009d00c6
009a007b
00ad00ba
00890074
0079009d
00ae00c6
00d7009e
00d200aa
008000aa
00ba00d0
0073009b
00b200ad
00e10096
00b100a7
00d700c0
009d008b
00700093
008900a1
00e900a8
009a00af
009800a1
008800a1
00be00ca
00800096
009000a5
00790080
009100b6
00d800b2
007900b2
00bf009e
00830096
009e00d5
008100b9
008c008b
009e0092
00a70098
008900a6
009000cb
00aa0098
009300a5
0081007b
006f00ba
007600f0
009300a1
00c7007d
00c500c2
00910095
007f007b
006c00a2
00ae00d5
00700081
00930066
00cb0098
00b70086
009600a3
00a300af
00d1008e
00a700a2
00b700bb
007b009b
00a200ba
00bb0088
009500a6
00b300c6
009e009a
008500a5
008200a1
008c006b
00c3007b
00a7008f
007d00be
00ad00c3
009b009a
00900099
008900ad
00a10070
00870080
00b600d7
008500a8
009100d7
00fb0077
008b0076
008800a5
00b900ab
009300bd
008b00b3
00ce00aa
00a700b1
00910073
008800ab
0091007b
00dd0082
009900d2
00a00096
0079007a
008e00b0
0086007d
009700c2
00a20099
00b20093
009d00cb
0097007b
0098007e
009b00a3
00b90081
00810097
00a100a6
007e00a5
00d70077
009200b7
00c9007a
007a00ce
0092008f
007f00b6
00a700a5
008c00a9
00b80079
00a8009b
009a005d
00870085
008000c6
00bb008b
00920074
008e0081
00910105
0089009a
00a800a2
008500de
00ab00a5
008f00c5
00bd0081
00a20090
0099009e
00850082
009e00c1
00950086
007b00a5
009200c8
007c0140
00a7008a
00aa00ab
00700075
0085008d
006d00ee
009a008c
007c0089
00b100ae
00690073
00cf0077
009f0091
009d0099
00d0009d
008f007e
00a700b8
006b0083
00a00095
008d00a5
007e008e
0074008a
00950095
00af0090
009f0099
008600ba
009900c7
009e00bd
006600ad
00a50083
009100a7
007e0098
0086009e
00a300b9
00930088
00c00084
0087007e
007f00af
00820096
00b90091
007f00a8
00b700af
00ba008f
00a7009f
00af00c3
00b100b5
00ae009a
00a10081
008500b0
00ad0079
00810092
009800b8
00c600c2
00820068
00890083
00c000a9
00920088
00a10097
0097007e
0071009f
009b0093
00c5008a
007300c2
00bf008a
00bd00b3
00af00ad
00be0076
00970098
008e00d7
009500b0
00b100af
00da00bf
00bb008f
007600aa
00db0091
009300a6
009e009f
00890098
00960089
00be0087
006e0086
009e00a9
006b0093
007d00a1
007600ab
00b900a7
00ba0110
009300cb
009d00a0
009900b5
00b90091
0078009f
00bd0099
00ab0099
00a700c1
00a5008c
008100b3
00970120
0087008e
009600ae
00bd00a9
0093007e
009e0086
0096008c
00960065
008f0097
008900ab
0087008b
008a0081
00960079
00a10076
00c30087
009300c1
00a700a8
00af00a9
00c60091
008f00bb
008800b0
008e00b5
00b700a0
009800be
00a20095
008200da
009600d6
00f0009f
009800aa
00ba008a
007000b3
009d0089
00d8006b
00790095
00b800ab
0082008e
007100b1
009a007f
00d500a5
00a00092
00a2009d
009f0097
00b30092
008c00fe
009b00b7
008700aa
00a000c5
00ad00c2
007400d8
00a3008a
00d6007f
009300b8
0079008d
00ba0095
00a10096
008f008e
00a30083
007e0092
00cd0067
00870098
00be008e
008500aa
009500b2
00c10083
009e009d
009b00b9
008c0086
00d200ba
0096009b
009a00da
008f00a2
00c20099
009300cd
0087007e
00b8008e
00cd00a1
00b900be
0080008e
008e009e
00840078
00a20076
009b009d
008c007e
00b50085
00bb00a3
008f008f
009b0085
0067009f
00a7009b
008d00ca
00930099
00930073
007e00af
00850087
0093007a
00c2008f
007400a2
009e007e
009e007e
00ae008a
00a600aa
0099007f
006c0098
009300ab
00ba008c
008f0076
00a100f6
0098009e
008a008f
00bd0063
0074009b
00cb00d3
00b0008c
008900e0
00d10088
0093008b
009800b1
00ae00be
00610089
00b500c6
0093009e
008500a9
009a0086
0079008a
00770072
00820098
008d008f
00960073
009100af
009d0091
0082009d
00bd00ba
00820084
008300bb
008700a5
00850087
00b000b1
009700a9
009f007d
00ae00b0
00a5009a
0081008b
00a70095
00c60099
00ad008c
0072008d
008400a6
008c0079
008d008b
008f00a1
00b30082
007c0083
00b000c7
00a000b6
008300ad
009b00c5
00960097
0093008a
009a0097
00e100b1
00ae0095
00a5009e
00b900ba
00a80096
00ae007d
00c600a0
008400a1
006a00bb
00ba007c
00850077
007b00af
009d0069
0099008b
009700ba
008b0098
00a50078
00b100ba
00920081
007b00c7
00ae006f
009a0080
009a0093
00c300ca
00af0097
008e0079
008f00e1
00b600c3
00ae00a7
00b900a1
00b90097
006c0092
00d500b3
00760079
00b9009b
0082008e
00b600aa
00990091
00ae009f
008d00b0
00750086
00ba00e6
00870098
00af00a7
00b50087
008f0098
008200b2
008500c5
00d90089
00a100b7
008b00a8
00be00e5
009b00a0
00b50099
00b100c5
009d008e
00a600a6
00af0092
00b10081
00990087
00f600cd
00a90087
008900a5
00a2009a
0095009a
0097009f
0076009b
008700a6
0089009e
00950099
00700091
009800a0
009a00a1
00b00084
00d600b0
008f00f3
00a900a3
00e500d1
00ab00b1
00860065
0069008e
00ae007b
0097006a
008900a3
009600ae
0081007e
00970091
008c0091
00870082
007b00aa
007500a2
008300ab
0083007f
00b00097
008b00b8
00bf00b7
00b70091
00c20083
00bd00b7
009500c3
009800aa
009b00a9
00ab0096
00e80062
008700ca
009900be
00b9007e
00ad0076
00ad0069
009500ba
006f008e
008a008e
007f008a
007f008a
00930085
0095008f
0099009b
008100ab
008b008b
00a800bd
009700a1
0093009e
00b70099
00e50085
00b30088
00a100bf
00a00092
00990071
00a1008c
0086008d
0072008e
008900c6
0095007f
00bd005d
00af00b9
00be00aa
00830096
00ed00c1
00a300b2
008a00af
00a8007c
008600a0
009600e1
00b70099
008a00a8
00de00b9
00960093
00c600a2
00c200bb
00be00ab
00b00083
009300a3
009a00f5
00aa00ab
009f0082
00e80089
009a0089
007b00a0
00a20090
008a007f
008b009b
007f0099
008d008b
00980097
00c5008c
00970071
009f009d
0095008d
00ab0087
00a0008a
0096009f
007e00aa
00910099
0092007d
00d1009b
008b007d
00a20081
007a00c7
0083008b
00910098
00be00a0
007b0095
007f00a3
0086007d
00a500bf
00770075
007b0081
00920098
00a70081
00930107
0096009b
009e0084
00c10071
009e0092
00d50087
00c90083
007a00a5
00c60099
00a200a5
00920082
008b0093
00d300a0
00b700a3
00ee00a0
00a90095
00bd007d
009200ab
008800b6
0097009a
00a900d3
008700e7
00ba00e0
008a0085
00d100ad
009f008e
00af00b9
00990099
00f00082
00760082
009f0096
00ad00a6
009100bd
00a00093
00aa0096
00c10092
007f009f
007b0080
00c000a8
009b00b1
00a600a0
008d008f
00b10081
009100a9
009800b8
00910069
007e0082
00a300a6
009f007d
008b009b
008e0090
00b600c0
00e000a0
00bf00ad
00ae00a0
009900bf
009700a1
008d00ad
006a0075
008b00d1
009a0097
00b700a2
0087007b
00a0009d
008a0089
009a00e0
0092009e
0098009f
00c10070
008d007d
009600d2
008700ce
01000089
00ed00a3
00c00095
00a00086
0099008c
00a600aa
00a300a9
00af0093
00a900c8
00a600d8
0076007e
008b0085
008100b7
009500ce
008e0082
00770091
007b007f
007600bf
0089008b
00980089
0096007e
00710075
007c006f
00a200d5
008e0086
008900b1
00b60091
008d00a6
00a9009f
00af00aa
009a00c5
008e00aa
0092008f
008b00b2
008400bf
009d009f
009200b7
00b000d8
007b0073
00ab00b0
009100a0
00ad0075
007d00aa
00a20091
007a007e
008f00a8
00a2008a
0098006b
00a500b3
00cb0096
00a900a0
00ae008e
009b009f
00a800a7
008e00b1
00df00c1
008600c7
009200a2
008a0071
00e200c7
009200ca
00b60098
00720097
00e00074
00880090
008000c5
006100a5
00a900c0
00b90076
007a0089
009300b1
009600a7
0096008d
008e0075
00a900e6
00e000b6
00cd00ca
009500a0
00a00093
00a30097
008c008e
008700b5
00830079
00bb00a1
008200b3
00920099
009b0071
009600b2
009e00e0
00710086
00750089
009e0093
008b0075
00a100c2
00af0076
00a000a2
00a90065
00cb00af
008800b3
007b007b
009900b9
009900a1
00b30083
008900af
00870092
009f00a9
00aa006c
00ad007f
008600e1
007e0075
00970092
00ea0090
008e007c
007200ab
006e00c5
00a20082
009000a3
00b00085
008900b7
008e00b0
00af0083
00dd008a
007600c1
00aa00a1
00860097
00aa00a2
00ae00be
00ab00a2
00a000ad
00a6008f
006a00df
008200b7
008600c7
00770084
007e009e
008900a7
008f0081
00a200c6
005b0084
007a008d
00920082
007a007e
00970079
008b00a9
007d0083
008300db
009d00ad
0096009b
00a5008b
009100a8
0097009b
00a70075
007e0072
0098009a
00b6007f
0076008f
0085009b
00820086
008d0072
00aa00b3
009e0086
009200db
00a1008d
008e00a0
008f0097
00950087
0095006c
00a200b8
00830087
00c8009b
00b900a7
00a0009b
00bd00aa
00a1007c
00b100e7
009900a9
0089008d
008d00a1
008100d0
007a00fe
007d008a
007f00b0
00790076
00690087
00950081
008a00bd
007a007b
00860083
0082009d
006b0079
008b00ad
00ab0096
00900090
00af00a2
00c900b7
00b200a5
009e0089
00980122
00c80087
00bd009a
00af0096
009300ff
00830062
008b0089
00c800ca
00b700ce
00bf00a3
00ad0089
0081008f
008d0103
009700a5
00b8006c
009700d6
00a70087
00cf0095
0076008a
008f0090
00970082
007a00c8
00b300be
00d50082
009d0093
009d009d
00c50098
00860067
009500a0
00730099
00e800af
00de007c
00860076
00a600a7
008900f5
00b50086
00820082
00b5008b
007500b3
009b0086
009a00a6
00a200a6
00ae0089
00e1008a
00be009d
00830096
008d007f
00b8009b
00a7009e
008f0092
009e009d
008500a2
0086009f
008500ab
009100a2
00e000ad
00a50100
00b8009f
006e00be
007900d7
00830086
008b0096
00a60086
0081007d
007d00a1
0072010d
006b0092
00a2007a
0093009b
00ce008a
008b00ce
00970084
009500ba
00ae00bf
00aa008c
00ae009d
009b0084
00a1007f
0091007a
007f00a5
009200a6
00c60066
008e0090
008a007e
008f00a9
00b800a2
008b009f
007a00bd
0085008d
00a10092
00cd007c
00b3009f
0075009a
00850107
0098008f
007500a9
00c90082
00920085
00910098
00ba0086
00b6008a
006500f5
00bd00c1
00e30081
00a50088
00980102
00860089
00b80095
009b0098
00b3007e
007a0099
0083008f
007f009a
00d100cb
0098009a
00a70098
00810082
00e500b0
00a70093
009500bf
00e200d1
007d00a3
00ae00a9
00c30092
0092009b
0070006d
008b00a1
008b00a6
00b20083
009d0097
00830092
009800af
00850099
007a0083
00b700b2
00b70090
008e00a9
007f00a2
00910071
0099008d
00f10091
006f009b
00930074
00ab0087
009200a0
00bb00b5
00a300f9
009200a5
00c500ab
00850075
00a8009d
006f0095
00a6007f
00950066
00950084
007f0085
00a90085
00be0081
00af008e
0087008a
00b50085
00d0009b
008200b3
00870098
009b0096
0099008a
00a00087
008b0096
00a200cb
00b9009b
00aa00ae
009300bd
00a600c9
009b00ba
00a300e6
00a80098
008e0078
00aa0084
007e007b
00af008e
00b500ae
00a200b0
00860083
00af00ab
00b80096
007c0097
009d00d5
00a3009b
009a009a
00c2008e
008c00bf
00ad00a6
007d009d
00b600df
007700a6
00c600ab
0096009e
009d0082
00870089
0075009a
00960091
009d0082
00ad009b
00a600a6
00870096
0097009d
00c90085
008f00c0
00a7009f
009200a9
00a8008d
00fb00b7
008100d1
008a008b
00a70097
0099008a
007e00a9
008a00ad
0095006f
00e20097
00c100a0
007b0088
007f0089
00a000e2
00ae008b
0088008d
009d0089
007f0095
00a90099
0080008a
009e006e
008d0068
007800c1
00a80087
00b9008d
005d0098
006a0083
007f00e0
009900b1
009500a3
00d000d1
00aa0095
00ad0087
00b700a9
00c50093
008f004f
009e00da
00b1009f
00ad008a
008800ca
00b10087
009e0087
00b6008c
00870080
00ab009f
007d00b8
009600c3
0086007a
008600c8
00800067
00b3009b
009e00bd
009b00aa
0091009d
009200a6
00b600aa
00c3007a
0093007f
008d008d
0067009d
00990072
007900d5
007f00ae
00d100ae
00d50093
00a70073
009b008b
009e0082
0093008d
008100b0
009d00ab
008100d3
009100aa
00a7008e
00a00098
00a1007e
0095009a
008b009f
008e00aa
00b2008d
009e00a8
009100d2
00930091
00930067
008c00a6
0073006d
0073006e
00930077
00b9006f
00710098
00b100aa
00a50090
00e60066
00d800c0
00aa009f
00b900cf
009100bb
00ab00c2
008d00ae
009a007b
00c600af
00a0008c
009b0096
00be009f
00bb009e
00a00097
00b9008d
00960061
00a300ab
0082008f
008e0075
007100af
007a0087
00b700a3
00ca0065
009b0091
0070006e
00df0081
00920088
00970085
00af00d7
00a600b5
008d00a2
009100eb
00a50092
00b8009e
00de00b2
00b7009e
00860089
008800cd
00cd00b8
00ad0069
008a008a
007f006e
009100a9
00b8008a
00820099
00b9008f
00710149
008200a7
009900b5
00930095
009900a6
008b0089
009700fd
00990076
00a9009f
00b000ee
0087009a
00a300b0
00ca00b6
009900a2
00ce00b2
00d60088
009d00b9
009d0077
00ca00a1
00ad009d
009100a0
009f009e
009f008d
008d008d
00770091
008d00ba
00a100a1
0089007a
009d0097
008b00a9
00a50091
008e00a3
008f009f
00a0009a
00c500d7
00be0095
00a000a7
00a30092
009900ce
009d0088
00a00092
006300aa
00ad00fe
00a600aa
007900c1
008d0088
0082008b
00850072
00aa00ab
008300b8
009b0086
009200a1
006d0095
007100fb
009d00b6
008c0085
00b700a0
009500aa
00c500af
00d800b8
009300a2
00af00a1
008f00b2
00a70086
00be009f
00860081
00ef00c3
00a900d1
009b00a0
00f800a8
008d0089
00a600f7
009b008b
009600a1
0086007b
00910075
00e60082
009a0089
009100d0
00ba007f
009d00b3
007e00a7
00a10095
00a5009b
00a300b2
00f20083
009b009a
00b900a3
00960095
00b00080
00c000e8
008b00ce
007200a3
00d5008e
01400086
008600a0
009d00b6
00b00091
008800a3
00a500a0
007f0067
008c0098
00bf009a
008e0085
009700b7
00a80072
009200a1
0088007b
00c30090
00af009a
00cd007f
00b8008b
008b008d
00a2009e
00aa0088
00d200b2
00aa0092
0099009a
006200b7
00930086
009b0089
00840095
00960072
00a300b9
009900ad
00a5007b
007c008a
0091009d
008e0091
00a7008f
009500b2
00ab009f
007600c3
00e800f2
008e00c7
00de00c3
008e009f
009d0064
009a00a3
00a900a7
009a00a6
00aa00a1
00840086
007d00a7
00980071
006e00c2
007b0087
00870083
007100d5
00d00088
00b800be
00800081
008b0083
00b9009d
0095008f
00aa0092
008c00a3
00b3007c
00ba00c8
00a800a6
00bb00d5
00820081
009200b8
00b30095
009d0087
006e00a7
008b009d
009200a9
00810089
00b70086
00af0080
007b008d
00bf00a2
008300a0
00a70091
00a1006f
00a200b5
009e00d9
00ad009b
0086009a
00bd008b
008a00a9
00c000b9
009700ae
009300c8
00700086
008a008b
00c0008a
007e0092
008e007f
00d1007b
00a800b8
00d30099
008300b1
0082008d
0099008a
00860093
00740090
007d00d8
006f00a6
008d00a5
00de009f
009a00d5
009d009f
00a6008a
00b000d2
00b300b3
00be008a
00c100a0
00a70095
0098007b
009a00ee
00760067
00870091
007c008b
00a60081
00b500a5
009b006e
008a0087
008f009a
00a10088
0097009a
00c90083
00ba0093
009500bd
009f008d
009b007b
009000ae
009e0099
00a0008f
0092007d
00990096
008b0095
00aa0083
008a0099
009900ca
008b00dd
00b700ab
00b80096
00900091
0099009a
009a0075
006b00a9
009e0098
00af00bd
0097008c
009d008a
00a100b7
009b007f
009a00e3
00840088
00a00086
008700bd
0090009e
00c00079
009100bb
00b200c8
00910054
00820067
00a90089
009300aa
007d00b0
00a9008e
00970089
008500b3
00970096
0090008e
007e00a8
008b0075
00af0089
00e1007e
00b500cb
007200ad
00a500ad
00b20111
00a900bd
008a00b0
00be00b5
00a800a6
00de009d
009900b1
007e0098
00860074
007b00bf
0083006a
00ca0099
00a60116
00a300aa
0087008f
00a60076
00830098
00870097
007a008e
008c009e
00ee0077
009a00a8
008b00ae
00930073
009e00b9
00c000aa
00c300ca
00ad00c1
00960097
00a600cf
00eb00b9
00b000ae
009e00a2
008500a9
009100a3
007d0086
008d009b
00c7007d
008000a7
0089008c
008000aa
00790097
00e9008a
00bf009f
00ad00bb
0096007d
008b00ab
00870098
00950072
00980085
00bf00a9
00ae0099
009d0091
00a10098
009f00c0
00810085
009800b9
007a0095
008d00b1
0075009e
0089007e
00910090
0078007a
0072009d
00b80097
008500de
008900ba
008d009b
00b60087
00b6009a
008e008a
00c200bf
00a500a5
008c00a3
009e00a8
009f009b
009300a1
00a10089
00b30079
00990075
009e00a7
0086009f
008a0096
009b0074
00df0095
00d30070
008f008a
0077008f
00680081
00820093
00b80092
009d008f
007d0089
00af0082
00b1007e
008b00a8
007d008b
008600af
0090009b
00a700b8
00b200d9
00af00a3
00cf009e
0073005e
00d3007e
006b009e
006900c2
00a8006b
00850092
00a800a5
00c1008c
007c00a6
007d00a0
009a0087
00b70092
00770070
009300b6
00ab00aa
00a2009b
009d00b7
007600a7
007900b0
00aa00be
009100a8
00a300a9
00e100f9
00a000ad
00a600a7
00e200c6
009200c1
008c008f
00a300a2
0081007f
009f00b9
008600b3
00890098
007100b3
0091008f
00a0006f
00b50095
00b100ae
009d0097
00af00a1
00a9008f
00ba0098
00b500a6
00a1007a
008d008e
00a200e0
00d600b7
007e00a2
00910071
007600ae
00a7007f
00a5007e
00900082
0098007b
007a0095
00a6007a
00820078
00c6006e
0086009e
007b0098
00980089
00a100aa
008b008c
00ce00c2
008a0096
00b800bd
00920097
00db00af
009e00af
009600c1
007500ae
00c5008b
00920076
007300ce
008600b6
008e008b
0082009b
0097009b
00830092
00650087
007700a1
00970090
00c30096
008f00a0
00b00086
00a1009b
00c6008a
009d0098
00d100a5
00a600bd
00d100aa
00a800a9
007c00b7
00a3008c
00af00b0
0082009d
009b008b
009e00f5
00c90097
00760098
00ca00a1
00770099
00a800be
00710095
006f00c6
00a70096
00bf0081
00a60081
007500ab
0092009d
00a00097
00b9006e
007500ce
00bf009f
00bb009a
00a00091
00bb00dd
00a700a5
009500ba
007f009f
00850065
00c100c8
008c00b2
00aa00aa
00ca00ca
0092009e
00a7009d
0097009e
00be009b
0085009d
009a008b
008b0093
00a000b9
00aa008c
00a20081
0099009e
008f00be
00980080
00840099
007b00b6
00e30092
00b300cb
00a700ae
00a0008d
007f0097
00ae0097
0075007f
008600a1
00720097
00b700b2
00850088
007600b2
00920087
0082008c
00b90092
00a700ba
008e0076
00ad007d
009100b7
00af0081
00b000a6
008b0072
00800085
00b100a5
009300ee
008f0097
00a10090
00ed009b
00a1006f
00b00060
008600ae
00c70084
00960076
008e00b2
009f00c7
0081008a
00950085
008f0065
009500a1
009100a3
007300b5
00950093
00960081
00c70084
00af00cf
00d60093
00a100bf
008a00af
007a00db
008700a6
00c100f3
009300bb
008a0089
00cf009b
00820092
00a100a1
0086008f
00ab00bd
008b0072
00ae0096
0083009e
00960096
007c007c
00890092
00a1007a
008a00c7
008e00ba
009e0076
009100b2
00b600df
009f00cd
00be00d5
009b00bd
00a00090
00a100bf
00b900a9
00a6008b
00a00096
007200a9
0089008c
0089008f
009700b2
00b1008c
00920098
008a0089
00920081
007c0098
00790071
008100d2
007d007f
006a00d8
00810093
009900b8
0082009b
009700f2
00db00b3
00a600b2
00910096
00a6007b
00a800b1
0099007f
009200c3
00ba00a7
0086009e
00960110
00a2008b
007e008f
006e007b
009b0086
009300ab
009b008f
007f00d1
009e0095
0097007a
00a0007b
008600a3
00b100d7
009a008d
00760087
00a500f8
00b200b3
00ab00a3
008d00b6
00870097
00d80066
009d00bb
00850075
0083008a
008b0095
00b90097
0087009b
00ae009f
007a0076
00970095
00910093
008100be
008e00af
009b00a3
00a8008f
00c0008f
00c300a1
007d00bb
010e00c2
009e00a1
00b300a8
009700bd
00a700ba
00a100e3
008a007e
007a0066
00b000a2
008b00aa
008d00d1
00a100b3
0096008f
007b009e
0083009b
009000a8
00b90092
009d007d
006c0084
008a0091
009f009f
00810088
00b800aa
00da0095
00bb00a6
00a500c5
00d000b0
008900b7
009200c9
009700a5
006a006e
0081009e
007d0092
00a200a3
00920086
007b0096
007a0085
0097008a
007500a5
007f007f
00c2007e
00850073
009d00ca
009600a2
008d00a7
00c100bf
008b00ab
00b700b2
008f0110
00ae00a5
00b500a2
00910092
009e009f
00cb00aa
00930076
008b00b5
00ba0087
00a600a8
008d009d
0089008e
00b00085
008f00a3
009f0079
0080007b
00980083
0091007f
007f00c6
007600a3
008300ba
007e009d
00ca0087
008900d5
009e0098
00850088
00bb00aa
00a900ee
00be00ab
00c2008d
00bb0084
0087007b
00c2008d
008d0096
00a100b1
00a10076
007e008c
008a00ae
00820093
007e00a7
008700b3
008a007d
00c9009a
008b0082
00970099
0091007c
009b00ba
00c8007e
009200c9
00bf00b3
008300a8
009a00ce
00a8009f
009b00c9
00b300b5
007a00e5
007300e3
00970127
007e00aa
00720093
008f00b2
008e00a6
008600a9
0087008c
009b00a6
007f009d
009900d1
009100bb
00890095
009a008d
00a300a1
00ab00a0
0084008e
008700b9
006900a9
00990099
009a0095
00a00092
009b0072
009100b9
009300b0
008600b7
00830081
00aa009f
00990091
00c7006f
006900d8
00830082
007300af
0096006e
00ab0102
00880087
008a0099
009000b5
00e000b6
00e000ad
008f009b
00b800c7
00970099
009a00c5
00af009f
008e0098
007b0081
007b0080
00a900ad
008e00ca
007a00b5
00860096
00a60093
008c00ab
00ae008f
00ab00ae
009600b0
008e007e
00a5008c
0080009f
008e00a7
0087009a
007d00c2
00910088
00e300da
00b70095
00b00096
00b20097
008300c8
00b900a3
00ba008a
009b00b7
0096007b
00c500b2
007a008b
009b008c
00b500ab
008e0090
008e006c
007800c9
008f00bf
00ad00a8
00a100b2
007d009b
0095009d
00c7008e
00a100ae
008200b5
008b00a3
00ae00b0
0091007a
00a70089
007d00a3
00b20092
0066009b
00c000df
008e0091
006c009f
0087009a
00910084
0079008a
00a50093
009d0097
008a00de
006b008a
00a7008d
00ae00aa
00b0009e
0075009f
00a900a6
007b0090
00bd009a
00a0008f
00c300c7
008d007f
00d800a0
00920086
00d900a2
008b006d
008a0092
0074007f
00b100b0
00d70083
00d6008f
00b70099
00a90090
00b30076
00a000a0
009b00a0
008b00a3
00910110
00c3007b
008c00b0
00b200b8
006f009e
008d009d
00c600ad
00d000c1
008a008c
008500a2
007f00a6
009200af
00750077
00af0087
007600fa
008a00a5
00b0009a
00e0009f
007e0095
007d00a2
00810073
00830086
00b200a8
00890097
00a800a1
00b0009b
00a900ea
009100b0
00b000a7
00a60085
00bb0087
009e00ce
008a0095
00ad0076
00c9009b
00a80090
008a0063
007700a9
00cf008b
00b000ce
00ea00ae
00ca00ff
00a3009a
008a00fe
009e0085
008600a8
007d00a6
00cb00b9
00ba00b6
008300a2
00830089
008e0092
007d00cb
008a00b8
007b008c
00c800a0
007e00c2
009e00a7
007d008b
00a8007d
00ad006f
0092009f
0078006a
008e00c8
006b00a5
007200b8
00ce006b
00b9007d
008000a3
008e0084
00a60099
009600b9
008f0089
00a2008b
009100b7
00870090
009a0088
00eb00aa
00860091
009000b8
009700aa
00b70103
0087008a
009d00a2
00860089
009f00b2
00a10098
006c008a
006f0083
008100af
009d008a
007700bf
008a007c
00a70083
0088008d
0060008f
00980084
007d00c6
00a000af
008f00ea
00a100c2
007500aa
009d0098
00b800b7
00a300a0
00bb00c7
008e00a5
009700b0
00af0067
00f600ba
00b0009e
008600b9
008a008b
006f00a3
00700090
00ab00a6
00a300bf
009a0086
008a00ce
0073006a
0097007f
00910090
008500a8
00710083
00ad0079
00ab0097
00b700b8
00db00b5
009500c7
00d500b2
00b0009d
00a000c6
00790095
008200c8
00a2008d
009a0077
009d00af
00af0081
00830096
007a00e6
00b7007a
00aa00ab
00b50067
0070009b
009600af
00ed00ba
00850091
0099009e
00ad00a1
00930097
00be007c
007700a2
00c20091
00a5009a
00ca0087
0097008d
00de0086
00a200a3
00830090
00770074
007900c9
00a900a1
008300ba
007f00bd
00b100a8
00a700c6
00970090
00b600a0
00c7008f
006b00b3
00f600b5
00d60098
00cb008c
00b0009f
008b00b0
008700f0
00790097
00b100c9
00ba008d
00bd0086
007200e9
006b0092
006400c1
008b009b
00a00097
00bf0095
007a00c0
008f00de
00870092
00b100a3
00800095
0089007f
00b30095
009f008b
008f00ae
009800a8
00a00097
008900c5
00c100a5
009500a2
00c700b9
00e300a0
009a00ab
009b00ad
009e0085
00ea00a2
00750089
00ca00ad
0093008b
00a9007e
007f009e
008e00c5
009d00c5
008c009b
00bb0099
00d900ca
00950067
008e00a1
008a0082
00ae009a
009a0079
00cb00aa
00bf0085
00a20077
00c300ae
00ba0084
008600d7
00a700bd
008e006f
00c00091
00b000c0
0086008d
00ad00cf
009d0095
007d008f
00a900c8
00820097
0087007c
00a000bf
00b6007e
00b00092
0087009f
00a70077
00ae00b3
009b0087
008c00a9
008e0096
009b007f
00b100a8
00bb00a9
00a60096
00b500b9
00680087
009600b1
008b00d0
007a007a
0083008f
008e00b6
00890081
0090007e
0066007b
006900a9
00810089
00c80096
00b500ba
00aa0089
008b0072
00920085
00b300cd
00a100ad
008a00a5
00cb0083
00ce0086
00b500a5
00b100a6
009b00cd
007f0071
006900c9
005d00ae
00710095
00910089
00a9009d
009a0082
008900c1
00710089
00c000d3
00ae0088
008a0073
00af0097
009a009e
007f0095
00a5008d
0074008d
00cb0084
00b5009a
00a50096
00ad00e1
00b00090
00a5008d
009800b2
007e007d
008100ae
007d006a
00d30098
007c0098
007a00ca
00b6009f
00830081
007b00b0
007b0085
00980097
00ad00d6
00a3007e
008100c5
008b00a1
008300b6
009700c2
00920097
00f90091
009800c2
007f00a0
00a100ae
00c800a7
00a3008d
00b6007e
00ad0137
0092009f
00a000fb
008300aa
00a800a8
0085008d
007100bd
007b0086
00910097
01050095
008e007a
00b7008d
00b7007f
00a50089
009500c2
009700a1
00c0007b
00a800c7
008d00af
009f009f
00a7008d
00d800b6
00c600a0
00920079
0098008d
008700d5
007f0084
00ad0092
008d007a
00890091
009500b9
00840073
009a00ad
00750072
00b6008d
00950099
007c0092
009a009b
00ee00d1
00780097
00c00086
00bd00b0
00860096
0083008b
00bd00c2
00a3009b
00e9009f
00a00068
007e00aa
00950115
008a009d
00ea008c
00f600ad
007300a0
00830096
00970089
007f0092
006e00ad
009f0098
008e0091
008900b0
00a300b5
009200ae
009300a8
00d200bb
00b7009d
00d70080
00b600a9
00850099
008700cb
009e008e
0072008c
007f00a2
007500ca
008500bf
00980095
00f300c6
00ad00ad
008f0089
00960093
00ab008f
009200a6
006e00a9
007500c0
00a10096
00bf00ae
009d00af
00ad00ae
00aa00b5
00a200a3
008100b0
00e200b1
00b6009e
00c800a2
008b0092
0086008b
00a9008d
007700b1
00620097
00a8007a
008b00b8
00930076
00b3008b
0089008e
009900ad
008500be
00b50085
00990085
0092007a
008b00ab
00a80072
007f009b
00bb009d
00cd00bd
00910085
008600a6
00a100c2
00920092
008d009b
00d30071
0087007e
00a000a5
00a500ad
00a8006f
0088007d
0072008a
00a50069
00a80097
00c900a3
0083009e
00a50092
008f0098
00b1009a
00d000b9
007200df
00ad00aa
00d9008d
00be00a7
00a000eb
009f00ad
00790095
00a00089
00920095
00bf009d
00c300bd
007f00d1
00da0080
00d100a8
00c300b7
007900ae
007b0077
007c0089
00bd00a9
00800075
00ae00b0
00930069
00a2007b
00ab0083
007600b6
005f0092
00860070
009b0084
008d0091
00a90092
00cd00b8
007c0075
00a20089
00a10095
00a30083
00710075
009900b1
00c9006d
00990091
008a0096
009800f2
009100a2
00a700be
005b007f
00db0079
00c60093
007e00be
00a2009f
008a00db
007d00b5
008d00ca
00b3008f
0096007b
009800ab
009f00ab
00980097
009900a9
00a80077
008f006a
008d00ba
00ad0099
0081008d
0096008c
0093009e
006a008a
00760074
00b3008b
009d008f
00ad0099
009900a8
00920077
008a0069
007600a5
00a20088
009000f1
009900ae
008600a0
00b300b1
00c0007a
00d2008a
0099007c
00b8008b
009000b2
00ae00e2
00ca0091
007d009f
00d90079
00d0007e
009f0097
009700ad
00c500e8
007d009e
00bf00a1
00cd009b
008e0098
0092009e
00a500b0
009d00a0
0096007f
00a60096
008800af
00b0008e
00b50095
008a00a5
00930097
006d0086
009f00ab
008d0095
0077006d
00a7007e
00780073
00b60077
00800083
00790081
008f00a1
00830089
00a9009d
00d1007b
00970083
009b00a3
0097008a
00a2009f
0080008b
00890090
008300be
009700ab
00980088
00b500c5
00d30085
0093008e
00af0069
00880097
00a30093
00750089
009600d9
00a80091
0088007f
007800b3
00c6009b
008a008c
00920092
008900c6
008e008e
007a007d
008e0091
009d00ad
00ba009e
00c000dd
00b800a9
00d5008b
00a500bb
00a700bb
00b300a8
008c0092
00df00a9
00b900c8
009f00a1
009e008a
009600ae
009900b5
009900b3
008300ca
008e0086
009100a1
008d00a7
007d00af
00a700aa
008b00ab
008a00a9
009100b0
00a00071
0089008b
008d008f
008f00ce
0089008b
009900a8
008700b6
00c5006b
00a8008a
00a3007a
00a30088
007f00b3
0062008b
00950098
00760083
00be009a
0095008d
008b00c2
009e0099
007a006e
009f0082
00c300c0
00a100a0
009b00db
00b30097
008a009b
008a0083
009b0099
0084007e
00b600a8
009f00a7
0071008c
009a007f
00a30087
00a00085
008f0088
008f0087
0066009b
00980093
00910087
008a009b
009200ab
00f70092
00b700ad
00aa0092
007f00bf
009d00aa
00a10077
00ad0098
00aa00b6
008f008b
0093009e
00b300aa
00ad00b1
009300ae
007500b9
008c00a9
00a100a6
007d00a0
00920072
00ca008c
009f0089
007b0106
007f0097
009d0082
009d00ca
006500a1
008000b1
008d008d
00bf008a
00a600a6
00a70085
0084007f
00b20095
00cd0093
00790098
00b700c0
008c00a5
009f00be
007b0091
008a00d9
008900bb
00920082
008600ce
007b009d
00c00095
00c20085
0081009f
008100b2
0091007e
00bb0083
00a10093
00980087
00a00086
008800a1
007800ae
009e0096
009800b3
00b00098
00a20088
00f30079
00a200af
00a300b2
00ab00b7
00b9009e
00960089
0099009f
007900a8
00d500a6
00830092
00870088
00a900a1
00930097
009e0095
008f006a
00a6009e
009e00b6
00b50073
00a1009e
00a000a0
009f00cf
008100b3
00910089
009d00ad
00a300bb
00950088
00d800e0
00810079
00be00a2
007b00a5
009a00ad
00a300a3
00990099
00a600a2
00b00093
00a800b0
00d80089
0090007e
0073008f
008f0099
008e007d
00630073
00c10085
00a90072
0087008a
009a00c2
009a00bf
00a700a3
00a9008e
009e0099
008900c2
009a0071
00b100b8
00850076
0096008e
009a00ef
00ba00ce
00860098
008700b0
00b30093
011e0077
00a90078
007100a3
009300a9
00da00a5
00a700ef
00bf00e2
009100b6
00970084
009e0072
00b8008b
00a200ab
00b000bd
00b00090
008a0091
008f0095
00ae0067
00850079
00a30083
0086007e
00cf00c0
0091007e
009700a5
008600d7
00b30098
00a0007e
0093006d
00a00087
00930085
008e0081
0137008b
008900d8
00ce0082
00ae0091
00890095
008300b0
009500a1
00b300dd
00ae009b
00be0081
00bb00bb
00a1008e
009b0093
00c800af
008300ad
00a0008a
00be0107
007a0089
007200b2
00a70053
00d10087
009500d6
00890080
007d00d2
007900bb
008400a8
00a200a3
008f0090
0093009a
00b700a8
0097009b
008b00ab
00c200a5
009a0075
008600da
00ba014e
00a900d3
009f0089
00820077
00670083
008c00d7
008d00ad
009f00bd
00ab0072
00e800a3
00a0008b
00a00096
009f00d7
0091008f
00b300a8
009800c7
0093008a
00be00a0
00b000bb
00bb006d
00e00107
008100d8
00870053
00830079
0075008a
0084007a
00b000a1
008f0081
00c70079
007f009e
008d007e
008c0073
00920074
00ad0097
00b50093
00a60093
00ae0081
00c00096
00820081
009d009f
00a500c0
009100a5
00a80089
008d00a3
008a007a
00c100be
007d0081
009b00ae
007e00a7
008f00b2
008900af
007200a8
007b0095
00be00a3
00b6007d
007d00b0
00ce00b9
00b300a2
008200b1
00aa00d3
00bd008b
008e00c5
0083008b
00c000a5
0097009b
009e00ad
006e006f
007200ba
009300ae
009200a7
00a90062
009e0099
00710076
00a0008d
008c00a9
008300a2
00960083
006b0097
00a300cb
00a500c3
008300ab
008200c1
007b0070
007d0097
009a008f
009a007a
009e006d
00c000ad
00b90089
00a500b9
008f00c7
00cd0097
00910093
0092009f
009e0095
009d00b3
00a300b1
007a0093
00870098
0095009a
00b20090
008300ab
009900b0
00860077
00ad009d
0086007a
007600bf
009b009a
009900ba
008600a3
00910093
007300b0
008d0089
006d0086
0095009e
009f0093
009d0093
009b00b1
006f0052
00d3009d
009b00e2
007e00a8
008900a3
0089007e
006d00a1
008700b1
0089009d
008600bd
0077008e
009800ba
008600a6
00b30098
00a700af
00a0008e
00b900bf
00a900a9
009b008a
008900b1
008f008d
00d00085
00770092
009d0089
00c100a2
007b0097
00b10070
00aa00b6
009700a2
00c500a9
00a6007f
00a3008d
00a80089
00a2009d
00a300a0
00a0006c
00b70088
00ae00c8
009f008b
007e0098
00a00089
008d008f
009b0079
00ad00b0
00af00b7
007d0097
009900a0
0086009b
008e00a7
007e007f
00b10083
00b800a1
00aa00c0
00bf009e
00aa0083
008d00aa
008600ad
008a0083
00a100c6
008b00a7
006700c5
009200b0
00a90071
009d008d
008e00b3
0089007e
00a5009f
00a6007f
00a800b0
00c500ab
00c70097
00a00086
00780075
008900a7
007b00a3
0084006f
00720088
009a00c1
006f006a
006e008d
009b00a0
00850097
007f0085
008f006b
0098009d
00b60097
00a900bd
00a500aa
00c30097
008700de
009900a9
00840083
00a100b2
00a6007d
00d900c8
00b300ab
008d007d
00ad00c5
00ce0096
00810070
0091007d
007e007b
0075008b
00b3007e
009b005b
008a0086
00c2006e
009e00af
00b50084
00920085
009a0071
00ba0095
0085008b
00b100b7
00a100c9
009a0092
00ef0091
009b009b
00eb00af
00cd00b7
009a0087
00a500d9
00b90100
00950077
00920087
00a50093
00b2009e
00aa008a
008f00c9
009e00c8
0080008e
00aa008f
006d0072
009b008a
007300a8
007c008d
009b00cd
009700ad
00830060
00da0081
00860096
00cf009d
009b007b
00ab00b1
0095008d
00ca009b
00a00085
0095008e
00ae008a
00c2009a
0098007f
007f00a8
008300a0
00bf008d
007f0083
00b100a0
007900ad
008d00df
00950087
009b0087
0097007b
008a008f
00b1007c
00b9008c
00b3009b
00ae00a3
008200ae
00a7008b
00d10097
00dd009d
00d000dd
008c0085
00900076
007900ad
009a00a0
006a0072
00aa007f
006f007b
008400a2
0092007a
007e007d
008d00a5
006d00a6
008800b0
00be00ba
00b500b3
0092009f
008f00a8
00720098
00900088
00a500a8
00c50093
00a0006f
00860087
008c00a0
008f0083
009200b5
00830096
007e0082
007e00b2
00780096
0092008e
007f00c3
008b00be
008b0093
009f00b5
008e0089
00ba00a9
009f0087
0098007f
009f007a
009100b5
00b600bd
00a80087
00a60098
00930091
009d0069
0082007d
0075008e
008f008c
00890082
00bf0092
00e800a6
00a700c6
00ad0091
007000aa
008b008b
00b10088
00c1008b
0098009a
00b1007f
00aa00a5
00ae0086
00b500af
008500be
00a000c9
00c600b6
009800a7
00c90087
008e00c6
00a60092
009a007f
00a1009d
00ab0098
00c80087
009500ae
00ba0076
009a008b
00a70095
00a20098
00960076
00e10082
008f00a8
009300b0
00770095
00a9007a
007b00ae
0086008b
00a60087
007600a8
00be00e8
00c300ae
00a5008a
00a300b0
007e0061
008f0083
00b50099
00960079
00650096
00700079
00790071
00610096
0093008e
00b70080
00a500b7
00b500aa
0083007c
007100bd
00b70065
00a900c3
00bf009d
00ca00b7
008500c0
008600ad
00b100c6
00b900b6
00b600c5
00b900b0
008b0093
00ce0063
00a800b0
009900be
00a30089
00d500dd
00980096
009b00a9
00860085
00b00083
00890087
00a90083
008a008a
00aa009e
0093009b
00af0083
00b50096
009300b7
0092009b
009a0084
009900a7
00990097
009d0095
00a00085
0087007a
008b00b6
00960071
008f0071
008900a0
005e0071
00790087
0065007d
0096009f
0086007f
007f00d9
00a20083
00ad008e
00bf00cb
00f200a7
00d300b7
00de0083
00be0089
00aa00d1
00a50095
00e0008f
009e00c0
00af00a7
008900b1
00a90098
00b900b1
00950093
0079009b
00b30086
00a900b7
007800cb
00800090
008b00c5
0073008a
005d008b
008800c5
009000a0
008d0081
008000a9
0079009b
00a6008b
00b00097
00cf008b
00b300b8
00d2008c
008700a6
00df0097
00d9008a
00d00088
007700a5
00830091
008e00b6
00900098
008b00bb
00830083
00810073
009200b9
009b00aa
007b00a8
008200b1
008f00c2
009e0089
00af00a9
007e00af
00c5009a
009600d0
008c007b
00a7007f
008800d5
009f009e
00bd00cd
008f0089
007700c9
00af00c9
010500c3
007900a1
01150095
009300c7
00870079
00ea0096
00a700c1
007b0080
009f009f
007300bb
00cd007e
00a200aa
00a20098
00b6009a
00c2007e
00c800aa
008e0099
009b00a0
00a100a6
009d0097
008b008a
0097009f
0087008c
00b600b1
007d0098
00920097
00ab0087
013700a0
007700c5
00be0088
009700aa
00990099
00930096
00b700b2
008e00b5
007b00bb
00a700a2
00910071
008e00bb
00a50080
00b600ad
008a00b3
009f008d
00c100ad
00b90091
00bb009d
00660061
00810083
00c7007f
006d0087
009700aa
007a00b2
007e009b
00a500a0
00860095
00a10096
00df0082
00a20079
00a30096
009d007f
009800ae
0096008b
00830081
00e90097
008a00a6
00b300a5
007a008b
00ae00a7
00ba0091
00d000b9
007a0087
00ca0097
00930102
009d0091
007a007b
00d500b0
00b80075
00db008b
007300a3
0097009b
0079008d
007300e6
00c600b0
00b1008e
00980083
00a1008a
00a3007b
007e009b
00a10097
009900aa
00a900ca
008d00a8
009b008a
00a700ae
0099007f
009f0110
00a80074
008d009b
009e0095
009a00b1
0092009a
009300a0
00d50087
00ce00a2
00be00b8
00b10083
0080009b
00a50082
00a6007e
00920095
009a00b2
00ca00ad
009b00c2
00a700a2
00b3009f
00ab008a
00b8008c
008900a5
007c008e
0090007f
00a300c5
0088009e
00b60086
009e009f
00900096
007c008d
00e800a5
008f009d
009700ce
00be00ad
00aa00a0
008f009b
00b600aa
0082007a
0093009f
00950097
00b3007b
009600a9
00c100c6
00c90100
00e50086
009e0093
00a00096
00af00a8
009f0098
008e0073
009d0099
00ee00b7
00a50083
0086008a
00960093
00aa0093
00a200af
00e80069
007d00c0
00910084
009200a6
009100a0
008b00ad
008300a1
00a800a3
008d00d5
00c000a7
008300b0
00b300bf
00990093
007600d3
00a0007d
007f008a
007b0070
006d007e
00f10093
00a80089
00a8007f
00620087
008d0081
009e0083
00820065
00af009f
009f007f
00c1007f
00b10086
00ad00ae
00c80086
01450089
008b007e
00a5009a
00aa009b
008a00a1
00b900ad
006500b7
0089008e
008600a1
00a800b1
008d00b3
009a00d8
007500d2
00a6008a
0085007d
008e007a
009b00ad
0087007f
00b800f7
00920080
00850087
00b9009e
00a500a3
00ba00a3
00ad0083
009b00a9
00780092
00a500a2
008e00d0
00be00b3
00990087
00ce0097
00ca0091
00b80071
007a008e
00f10099
00a1007b
008500aa
00970082
00b90092
00d1009f
0089008b
009200c3
00c1008f
0098008d
0086008a
00b900a8
007a008d
00b300da
00a000c8
00a300a2
007f00ae
00a700a5
0105009f
007100ab
009800a2
009000b2
009100a2
0093008e
00a600a7
00c000a9
008e00c6
008200b5
0096009e
00a3007b
00b7009d
008000c3
00c500b5
00ff00a8
008d00f3
007f00aa
0072009b
007300a9
00790081
009e008a
00d30088
00a5008f
008b007b
00900099
0098008c
00970096
008c00a9
006600a6
00980086
007e0084
008e006e
00a30090
00790083
008e00c2
00a5008b
0075009f
00bf00a3
00a8008c
008f00aa
00b500a1
007d009d
00930087
009d0092
00b200a7
00da00cb
00c5009e
00ce00ad
008e0073
009a006f
009e00d5
009b006b
00a80088
007600b8
007a0086
009b0079
00a600bb
0091007f
00ab00a6
00d300bf
00a3007d
00b300a0
008900be
008a0096
00a700aa
00980085
008a006e
00b200a6
00a000d5
00b000b9
00b5008b
009200ab
00900087
00d8006d
0092010d
00a90083
009a007b
0095009a
00820096
00980075
00ae0082
007b007d
008e0084
009b0076
00b300bf
009d007f
008d0079
00860092
0092009a
009200b3
009800aa
00a6008b
00a200c6
00a800a9
00b700a2
00a700e6
00a60096
008900b9
00a30099
008b00c2
00810081
006e0086
008d0086
00cb00bf
009a008b
00740077
007600c7
00cb00a1
009700fe
00a600cd
009800c8
008f00d3
00770086
0072005c
00b300a9
00b500ab
0077009d
00a3008a
0096009a
008200e5
008b0080
00a300b8
00ad0113
00a20091
008e0096
00a300cd
00ae0087
007200c9
0084009f
00860083
00ba0092
00950099
00a5009b
009e007b
008d0098
00a30067
009e00ad
00be00a0
008700ab
00db0099
00a700b8
00c800bb
007f008f
00ad00a5
00cb0099
007a0085
009000a5
008700a7
0081008f
00c8008d
00a000a1
008300af
0083008f
00960096
00b00089
00990093
009a00ea
00ca00a5
00930098
00be009a
00ae0096
00af00c9
008d0097
00b3009a
00b300ad
00a500a3
009b0087
0090009b
007900a7
00bb00a1
008b00f6
007400b6
00820097
009b0087
00d600af
008900b9
009e007a
00a300aa
007400b0
008900a6
008200c7
00a8009f
0086008a
00c30085
00ce0091
00ca00a1
007f00cd
00a5008c
00a7009d
0099009a
00b2009a
00bd00cd
00670065
00920086
00b90092
009b009d
009300b7
00720077
0086008d
008e00af
00990069
009b0083
009100a6
008f0096
009200a3
00750097
00960096
00930089
00b3008c
009e009a
007a00ca
007f00ad
00c10099
0071007a
0089009b
009a00a9
00a2008e
008300fe
00960093
008900be
00aa00b5
00c900b5
007e0098
008e00bd
006e008f
007900a1
008e0086
008d007f
00ad00a9
00b300a1
008e00c6
00b700b3
008b00ba
009700ae
00b100a9
00cd00a0
00b70093
00910099
008f00c2
00b300b3
00820061
00b00087
00ad00d1
00aa0086
00a70087
008d00f8
00a70087
00760086
00b300a8
00970095
00d90099
0096006a
00ab00a0
0086009f
00a700c2
00b2007b
00a000d8
00a30092
00e60098
00a700b1
00b3008d
006e0095
008600a0
00ba0098
00c60075
00ae00c6
00cf0085
00a80081
007a00f5
00b10082
006b00bb
00920086
00b20092
009b009b
00af00ab
007d00aa
00830086
00aa0078
007c00ce
007e0087
00d6007a
00ae00c9
00a300a0
00c60092
009300a6
0071009d
009a0096
00ce00bd
00690076
008b0083
00b70096
00c00077
00770095
00ad0067
00770097
0083006e
00820071
009b0081
009900ef
00920079
008400aa
008a00c3
00c8008b
008d00ab
009200af
009d009b
009500aa
00c900cd
007000b6
00aa00cd
00a300af
009e007b
00f8008b
00a3008b
00c2009d
00ae0084
009a00b0
00a600b0
009d008a
007d007f
0083009d
0096006f
00860089
00a800b2
008600ea
009b009e
009200b2
00a900b9
007300ab
008b00ba
00730095
00930089
00bf009d
00b10082
00b800a1
009100d2
00bd0100
00b2008b
00950160
007600d1
005f00b2
00aa006f
009b007b
0086007f
00ca00ad
0087008c
00980082
009b0098
0075009d
009b00c7
00a6008a
00a80083
0095008f
009a00bd
009300c0
0090009a
00ad009a
007900b5
00c70087
008e00ae
00cf0087
009e0081
00b00082
00810089
00a0007f
00da008f
008f0096
009300a7
008a007e
00b70090
00a000b1
00c700a5
0085009b
0093008b
0083008f
008700da
00cb00ae
00d100aa
00a80096
00ab00cf
00960089
00c800a8
009000a0
00a20098
009b007b
008700ad
009b00d7
00b0009a
00cd009f
00b800b0
00c200de
008300e7
00960087
00a8009a
00960077
007900b1
00b600c8
00ad0074
00b90086
007d0087
00a500a3
00a80089
009300ae
00b100c9
00b90099
009e0098
00bf00ae
00c000ba
00a5007c
007f0088
00bb0082
00760085
007c00b2
007200bb
00930076
009800a6
00850075
00660091
00b10095
01070089
008d00a3
00a9008a
0096007e
00b700c5
00a100fe
009d009b
008e00d2
00be00a9
009600aa
00b300ad
00a30096
00ab0099
006e008d
009800a5
009b00e2
00b000d2
00d60081
0092008f
009100b2
009d0082
00b50085
006e007d
007300a1
00c10088
00a90088
008e008c
0091008b
00ad00a3
00b300a7
00bb00d0
008e009a
009e0093
00be00a9
009d00d2
00b70089
00a500a6
0093008e
008600bd
0089007b
00a000cb
008800a5
00b1008c
008900a7
009a00a0
009e00f3
00a00090
0082008f
00ae008e
009f0093
00af00af
00900075
009800ce
009d0080
00710098
00b200cd
0097008e
00c600bf
00cb007d
00c800a9
007c00ab
0097005e
00d00062
00b30070
00b100e2
007a009e
009100a6
0093009f
00a80073
008900a3
0096008e
008a00a0
00a000a9
00950081
007c00bf
009800be
00870091
0088007c
00c60072
007900b6
00980098
00b800af
009a0093
00b60083
00c500f0
00830074
00e6008b
00b1008e
00a10082
00860096
007d009e
007d00bb
009000ab
00b600a1
007a0089
00840098
0098007d
00840079
0088008d
007500b6
009d00ad
008a00a9
009a00c1
00ad0096
007b00b8
008900a9
00810096
00a20092
00ab00cb
