0075007e
00a200a8
00920085
00450087
00e00095
00730072
00930097
00cd00c3
009e00a2
0099009b
00990079
006b00c2
00a300cd
0091008f
009a00df
01090097
00620086
006e0062
00890083
0075006d
005d0040
002c0035
005a005c
00d00082
00440049
00530047
007b0082
0072005c
00410044
004e004b
009100d7
00be00fb
00930092
009900a8
00c8008c
0077007d
00ab00b6
00c90096
008e0098
00e9008e
008e0098
00a10083
0084005a
007a0083
00e900aa
010500c0
00b300bb
00c90097
00930084
00af00ae
007f0087
006c0063
00820096
00b70121
01670197
015b00e8
0095008f
007b0096
00a30081
00750082
00990096
0098008f
01f700e0
016b00a7
00ba0107
01f201c2
00e700ee
00a100c2
0089009d
007e006d
00ee00c6
01870132
0077006d
009600ad
01080202
00b300d6
00d3013b
009900ae
013000f2
022001a9
007d008e
007f00ae
00b000be
00610073
00690085
007e008d
011a0199
00dd015e
007b008a
006f0077
00730062
0075006e
0087006b
008900a9
018901ab
010b00ea
00b90106
00ab009f
00ba0080
0064007b
00a300a0
00aa007e
00ba00f9
00c000c2
008f009b
00c60091
00530062
006f006f
00770081
007b0089
00c800af
00ea00a3
008100a2
0097008a
0073008b
00740077
0093007b
0087008f
00f6014e
009d00b9
007d0064
009200ab
00760061
0079008c
006b0058
00810063
00c1007d
007a007d
00890099
00c00098
009d007f
00680060
00930083
009d00ee
015900dd
00cf0127
0096007b
0072006f
006f008d
0097008d
008900c1
00830088
01300150
00a300c6
0085008a
00a90079
00810083
00810057
008600a1
00580093
00760071
0086006d
008d0083
009a009d
00840077
006d0054
00760097
008a007b
0071008a
008700c8
011300e2
021501a2
00db00e5
00c300e9
009e0059
00620063
00e300c5
0187012e
006a0063
0084006e
011300e2
00c100ea
009b00a6
012200a2
01400219
02db015e
00b80099
00a9008c
0096006b
005a0059
0087009b
009900a2
01350111
00f800ae
00770081
00c000b2
0061005f
00750062
00d6007a
008c008f
01090125
00a300af
00a900a8
00ba0089
00a60082
00660082
00af00d1
009900a8
008b0093
00d00091
007e0085
00b600de
009b009a
00980075
00a700cf
00a100d1
00aa009b
00b3010f
005a0072
00a100e6
02720199
009f0071
006a006d
007f006d
0082009d
00a300b7
006b0075
007a006a
008d00a0
00a500b2
00610065
0066006d
009f00b7
013e0120
00c30085
00c30085
006d0097
007f006b
00a20085
00750089
01300107
0125013e
008d0084
0071008f
00710096
006a0071
005b0086
007e00b3
009b00b0
009f00c1
00870096
01d2011a
017900fa
009a00a3
009a00a5
00710063
00b200be
00c50170
007d0092
008b0096
007e005e
008d0092
009800eb
00da00b0
017e00e0
017001d9
008a0072
008d008e
0063007b
00410057
008700ab
0075013b
009600a6
00ff00d1
008a00b7
008a0096
006a006b
00590061
006200be
00880089
00a8009d
008300a7
00d100a1
00e300b1
00770092
00600070
006e00ca
008a00a5
010600e2
00c100c0
00a1009a
00a7008e
0054007f
0079009b
0087008d
0079009b
0115011f
009e00b9
008d008b
007d0077
00870086
005d0056
00bf008d
008b006a
00ae011d
00dd00e7
007f00a3
00830081
006e008f
006b004f
00690068
00860095
008b00e7
006300e2
00960086
008b00cb
00a700c1
005d006a
006e006a
00a60076
00f300e5
00960097
007a0095
007f009a
00670063
00ab0082
00620082
00840086
01300111
009500b8
00740096
00de009b
00e0007e
00760087
00a60076
00950089
00b900a7
009f0075
008d00e3
0081006f
00770069
005c0081
0076006b
00d000a9
008b00bd
008a0082
009100a3
00aa00b6
00ae007a
007f0091
008700a3
00890083
00b100b9
00ad0097
00b5009d
009d009b
0056006a
0069009b
00820086
00830087
00a100df
0079009d
00e900a1
013502e9
00db00e8
00d500a8
006b0059
0044007a
00d100bd
01db01d2
005f0076
0083006c
0147011d
01250129
009200af
009b00b2
00fd00ba
01a70209
0099009f
00be0097
00c300a2
00720067
009000b0
00960096
01030182
010900fa
009a0098
008e0087
009300d2
006f0080
0079008a
00be00ae
024e0180
01b9011f
008f007b
00b30083
007700c2
00760079
00bd008c
00950099
01150115
010300ed
007d0089
008f00af
0075006a
00670098
006f008d
0076008a
017b016b
00e200e1
015e00c5
015b0169
00cf00d9
00c600cb
00720067
005f009b
00e3013b
0157017b
0075008a
008a0106
009f00d3
009900b0
01ae01a0
014b00c0
00e000f5
029201cb
009000a9
008b008c
00b50095
008a0077
00760085
0080007a
009e0092
0092008a
009200b3
00bb00ab
0066009e
008c0071
007300d1
007b00ab
00840083
00a600b3
00690052
00620059
007e0091
00760077
005e0052
005c005f
009b00bb
008f0083
00560071
009f0057
004f0057
0063004e
005d0062
005e0066
007b006c
007a0087
00e100c5
01f201ee
011b00f5
009e008e
00860061
006f0065
00a700c9
01590180
00820076
00930069
01170175
009000b9
00d3008e
00a70079
00d700f5
02120202
009a007e
008b006f
00a80076
0065006e
0095009d
007f00db
00c0008f
00a200a6
00a20082
008b00c8
0067006c
0077008a
007c0071
00750087
00ba00c2
00860082
007d007b
00a2008d
00af008a
00b2006d
00750049
00660063
00710062
006d0082
00730069
007f0065
00af007a
00820085
00b100c3
00590069
00b80088
01020121
008a0080
008600c3
00a300b1
005e0072
008a007d
00ad0072
00770097
007b0086
007300a2
0079008d
007c0068
0073006d
00790096
008a008a
00950097
00b60096
00c600a3
010a012e
00c900af
00be007a
0089008a
008200d7
012300dd
00e300df
00a20088
00af0085
005c0077
008f0083
00810096
00e700a3
00ed00ea
00c2009d
007e00af
009d00eb
0083007d
00a2008f
007c005d
00630066
00ab00ab
008200a6
0093009b
00850093
00680076
0070007a
008f00bb
009800ab
007e0065
009100bb
00c00081
00a200de
00a70092
0056007e
008e008d
00960076
00b000c1
009200b6
009a00b7
00ae00bb
00780062
007b005d
007500a3
00bb00a0
00c100e7
008b00e2
01550118
011e0135
01400140
01e70165
013e01a2
01f901ce
01ce016e
027701fe
01b7019e
01e7020b
01200152
0197018e
012b0169
0192015e
01eb01eb
010a01d7
00c80097
00a300b8
00a900c8
006900cb
00b300b8
00a500a6
0093009d
00870079
00810087
007a00a2
00850075
0081007a
0071007b
00a500c0
009300c0
00a100b9
00aa0099
009900ab
00a8009b
00730067
00b300b5
008e0092
00a200c7
00a100cf
009200af
00af00c1
00810055
00610080
009a0083
00a7008d
00ef00b5
00af00aa
00f000fa
01150152
00cf00b3
00960096
008d0081
0066006b
00ea0121
01370125
00920067
00dd00e6
00ab00ae
00ad0092
0192011f
01590137
00ef010b
011700ee
00da00fd
00ea0192
00d200bf
00d30150
00a200be
009d009d
00e500b8
01100179
0071009f
00b6009b
00ae00f9
012900e0
00e800a8
00c300aa
011a017e
017b017b
00af00b5
00ab00d2
00b500a8
007500aa
008b0095
00ab00a2
008600ab
009200cf
007600a1
00d50096
007f007f
007b009e
0092008b
00ad00d0
007e00ed
009e00aa
00a3009d
00b3008b
00910087
008e00b1
00b600db
00920087
00b000c0
00960083
009200ab
009d0092
00630073
00a1005f
00820095
009600c3
00c900af
00d000e3
00ab0099
009d0092
009d0092
00800082
007b00b7
009100c0
010a00b3
010d00d7
007f0096
00ad007b
008c0083
006c0071
0091005f
007b0079
011b01a5
00d600fe
00f300ae
00fa00c6
009900d0
00a200e3
00aa00ee
008d0093
00bf00dd
00d7010a
009d008d
00d9009d
00ba00d3
00ae0095
018b013e
00fb00e6
00a300ef
01080113
005f006a
0081006e
008c0082
005d0065
008b00a8
00bb00a0
00ef00de
00a200a7
00a500ab
00700081
0057004a
00720076
006d0072
00960099
008a00c0
0073007f
00a600c2
009f009b
00a800c1
005a0087
00870091
00a70091
00ad00c5
00c500b2
006a008d
007d0097
00720078
009f007e
00950082
007c00ae
00f500c1
00a000b8
00a1009f
00ba00bf
00820092
0085008b
00b20093
00960083
009f00cf
00ca00b1
00830069
007f007a
009f0063
00800084
00a80074
008e008e
00b0009b
00e30075
00a300a9
010d00ff
00c800e5
00b0008e
00c200b6
00890081
00a800a2
00fd011a
008a007e
008700bd
00710092
00b10075
0103010d
00f600e9
010700ce
013500e9
009f00c3
008c00a7
00a5007e
005a006f
00b700db
00a200b3
00a700a2
00820085
00a90082
008800a9
005c008b
0071006c
00a30081
009a00b5
00fa0108
00d300d1
00e900ae
00e600f1
00b000b3
00920106
00b10071
009800ba
00d900d1
015500d0
0087009e
00a500b3
009200b5
00c900b1
01700149
00f700b3
00da00f9
01670101
00ba00e0
00e800cf
00c100b6
0074007e
00ad0095
00b8009e
00ff00bb
00ce00e6
00b800a8
00a900c2
00bd0077
00a50086
00ef010e
00b800e7
00b800bf
00fd00ea
007c00d6
009a0079
00740085
0062005e
008600b5
00c70084
00d100b1
00eb00b5
00980083
00960086
0074007f
006e0063
005f00a6
007b0092
00fb00da
009d0092
00b5009f
00b50107
00b100db
00840095
00b800bb
00a3009f
00b800a5
00fb00e1
0095009e
00c500b1
00b300b5
00bf008a
019200e8
00d900c0
00d600c8
00e80147
00cf00c7
015200f5
01200099
00620066
00a600bd
00730081
008c00c1
008f0083
00b80089
00c50092
0064006b
0062005a
00d2011d
00d500a2
00d600a6
00c700a1
00b300a3
00f50155
0106011f
00f100cb
008300b6
007500ba
00d0012e
0132016e
00810093
00b6009b
010800a0
00df00c2
01c500d9
00e700c6
00cf00ed
012501f0
006e0097
008200a7
00a000d7
0056007e
008b00b1
00a00082
00d700fd
00ed007d
0095008e
00b8008d
00610087
0085007d
00870079
00a70099
010b00f1
00850089
00f900c0
00cf0129
00ae00da
0086008d
00ca009f
009f00c5
00e100c0
00d600e2
0084008a
00d200af
00a00092
00a200a2
0180012e
010300d0
00d500ba
010200b0
008c00a3
00a10110
00a000a5
0054006e
007f00a7
00b10093
00bb00c7
00cb009b
008800c6
008e008e
00650066
0066006f
00a200b8
00c5009a
00c200f2
00be00c6
00f900b7
00f000fd
00e200a0
008700a1
009800b7
00aa0079
00ab00c8
00d50092
006d0098
009d00d2
007e0089
00cf00af
01f50180
010600d9
00ed00e8
00f300fb
00e200b6
014700fb
00ad00c0
008e00bb
008f00ab
00aa00b1
00e800c5
00f100e1
0099009a
008500c1
00b10081
0098008c
01b7017b
011b00d2
00b700af
00e90130
008a008e
0095007c
007a0089
008d0067
00d000a8
00a600c0
00cf0117
0152012e
009a0085
00710088
005f006f
00b10076
00720081
00650071
01180157
009900a5
00a600ad
009e00af
00d600a9
0069007f
00be007f
00d700f1
00e600b5
009e00f1
00ad00a3
00890096
006d005a
00680065
008d0067
009500d1
00b200f7
00aa009e
00af00cf
00b800ca
008300cf
008a0052
00a0006d
008c0079
00c30112
00e801c0
00cf00a3
0067007c
008b0078
00610086
007200a1
00a700a8
01420159
00be00a3
008a00c7
008d00a5
008d00bb
0082006d
007f0076
00c20097
01390101
01350110
00710078
006f0076
0055005b
006c0066
00680068
0067008a
0200014b
00e60101
009900b8
0165014b
00d100eb
00a000a2
00af0097
007d00e3
00d100d8
00e00109
008400b8
00a800ba
00fd007b
00bd00b2
01490125
00e200e0
00a500cd
00e10111
00a500a1
00db009a
00690078
0045004b
008600a7
00ab0088
00d100a3
009a00f3
00c00067
00e60065
00680061
00810069
0068007d
00bf0091
00ea00b1
00dd00b7
00df00b2
0119012b
00ab00fe
00990101
007b00a0
007d00a8
00e600e5
01550122
00a0007e
00b500bf
00cd00d3
00f600b8
01a70120
00fa00f7
00ba00d2
01720159
00f000ad
00a600a5
00890095
0058005d
00aa008e
009b00f7
00ca00d0
00c0009d
0096008d
007a0091
005d0076
0061007e
00bd0082
00e300aa
00d600ea
00ea00a9
00850082
008a008b
009600b5
007a0058
008e007e
006600b3
00c000a3
00df00df
008e00b3
00850087
00750066
00740063
008a005a
00b20098
014900de
00c100cd
00bd00a6
00f700ce
00d000e1
007c00a9
00be00db
00b10085
00e200ed
00cf0117
008d00cf
00f5009a
00a80085
00ee00b2
02100137
00d200e1
00e600be
011e00c3
00a9009d
00f50103
00d700c7
0076008c
00b600b6
00c800bb
009500bd
00d3009f
00a1007a
00b200e0
008e007d
008600d9
023001b0
00ae00f1
00c000b1
011800d8
008900a7
00b20089
00af006f
00620062
008600ad
0091009e
009800a0
00ee008f
008b00bf
0079007e
004b0065
005d009b
00910097
00a5009d
009600a8
009900a1
009000a6
009a0097
00b7008d
00990084
00c6009d
00a10075
00970085
0072009b
00f50106
013500d3
008d0082
00750086
0069009b
0080007a
008f00a1
008900c3
0074007f
008e005d
00760085
006a0076
00c700d9
007b0065
007e008e
00830075
010e00e8
010700ff
00860086
009a0073
009200ae
009600a5
0085008d
00780092
00bb00c5
00e6011d
00d500d3
008300c2
00a000ef
00d000d0
00a700b1
00d000f2
008d0096
00b800b5
00de00b9
00ca00b0
01e20103
00bb00d1
00b700dd
010a014b
008d00c1
00ab007c
005f0084
00660076
00970071
00bf00b3
00910092
00870076
00bb0089
00a50095
004f004f
007a0067
00810075
00a6006e
00ad00d3
007e0075
00b50095
00c200b1
008f00c2
0075007a
009a0098
007f0086
00b30096
00a20070
00760097
0079008d
00600076
008800c5
008400c1
009300a5
00d000be
00e600b3
008600b6
008f0090
009b00a1
007f006f
00790091
00aa0097
011a00c7
013000da
00a30073
0085009a
0076009b
006a006c
0081009f
00a7008a
01000118
00e900f6
009200be
00df011f
00cd008a
008f00df
00be00d9
00b800af
00b200e1
009d00cb
006a0082
00b100b5
00af00a8
00d600a5
01300190
00ee00ee
00c000da
012700f7
00c200a1
00b7009e
00a800a9
0063004f
00710079
00980093
00d700d6
01270086
009a00b9
005b008c
00690069
00720084
00790066
008b0095
00f90189
00a200da
00de00df
010f0149
00fe0125
00af009e
008a00a1
0076009e
00b800cb
012700f1
007d0085
00a000ad
00c000af
00ba00a6
01820116
00f200f0
015000af
01c20130
00ce009a
010f00b2
009f0083
006b0053
008e00a7
00a10086
00e500ca
00b300c7
00710087
0092006d
00590063
00870077
00730097
00c90079
00cf0118
00b000c6
00b700e3
00830087
00a700aa
00660088
00a3008e
00bd00de
00d200a2
00f10087
009800b3
008e00ae
007b0049
00800066
00a200f6
00a800e3
009500e9
00ae00d7
00890091
00990068
008e00a1
00830079
00a700a3
00900078
0067006a
006f0080
009f008d
00ea0091
0077009a
008d008b
007b00b7
00af0063
00980098
00bf00b2
00bf00c6
00c100c7
00c900ae
009f00ad
0096008e
009f00e2
00a900be
00bf00c1
00d90097
00ab00a3
00930085
00b3008c
00c70123
00bf00b3
00d700c8
00cd00de
00ea00b5
00f200c3
00ae00a5
007c005e
008100ad
009000c9
00f500d7
00f900f5
009d0070
006b0072
007a007a
008900a7
00720092
00aa0091
010500d9
016b00f1
00b600cf
00a800a2
009800ca
009d0096
00870083
00ce0097
00c0011d
00d000e1
0081007b
007f0082
0073006b
00630062
00660064
006f009a
00d100c9
00ae00cb
007b0083
007a0067
00a000b1
0070006a
007f0091
00ba00ab
0091007f
00710061
007b007b
00aa0077
006a005a
006b0077
00960082
0084008c
00c100ab
00ce0096
00a5008a
008b0084
00be0085
0060005f
00c8009f
008f0085
008400a1
00c6008e
00ea009e
008a0092
0062005e
006d0065
00a000da
009d00b1
00b500c2
00c500b1
008b007e
007500a3
006d008b
00770075
00be0090
0075009b
00770075
00620077
00d300d1
00b900c5
006b0070
0067005c
0080007a
0083008d
00bf00a2
00b50077
009d00a2
00b90099
00a500df
00610054
00970086
00b500cb
00b700cd
00b800b5
00a0009b
009f0077
00790066
0074006f
008e00a2
009100a9
00e9012b
00b9009e
00bf00bb
00c100f1
008a00a3
005f007d
00ca00cb
00ee00d9
00aa00be
00a200b2
00870091
008a00e5
0065007d
006b0084
007700ae
00c500f0
010700d5
00bb00c6
00aa0093
00b300ab
00f900de
00710091
00a50095
008900c0
009f0096
008d009b
00b900b0
009e00bd
00830087
007f007b
0093007b
00ad0099
0097009f
009a0095
008300b8
00b700d1
00840086
0063006b
008f00a6
00da011f
00d000d3
009d009f
008e008d
00b5008a
00710045
00660061
00a700e2
008f0098
00f100d9
007c00a7
00aa00bd
00bd00ad
0095009f
0077006a
00ab007a
009200c5
00dd00a9
00aa00a6
0079008b
00a1008a
005c005a
0070005f
006f0092
00da00ba
016700ce
00c500cd
00a500a2
00ef013e
00b300bf
00ea007e
00b70099
009d00c7
00a900de
00b200ce
008b009a
00b900a3
00ae00a6
00ad0097
015b0111
00ff00ed
00a300cb
00db00da
003e0058
00450053
0043004f
00400043
00550051
0040004c
005b003f
005b0062
004f0047
00870056
00400041
00460043
009f00e9
00480045
0055005f
006e0075
00850087
00b2007b
00c300a8
00a00058
008e007c
008300aa
00a800bb
00d100b2
00810088
0064009a
00600066
008a00b1
006a00c0
007a0095
00e80120
00b800ca
009100be
0118014e
00a20092
00c7009a
00ee00a8
00b000b9
00b900b9
00db00ba
0097009d
00ce00c8
00ca0086
007f00a2
019b01a9
00f200ba
00a500b8
00ab00be
00cd00ae
010a010b
00b2009e
008e008a
00d700a9
00860081
00e00160
00eb00f5
00ad0095
00b900ba
0083008d
008f0091
02300185
01080137
00c100d5
00f50132
00b900f8
016700c3
00c80102
00c0008a
009700a0
008200e7
00e500c7
014700ad
007e0075
00ea00c6
008800b5
00b30082
01fb018b
0105010a
00a900a2
00f300fd
00b900dd
01a901bb
00b000df
00a50092
009b00ba
00c2009f
00cb00de
00fd00f2
00a0007b
00b600bb
008e008c
00a700a3
01a70111
00f300c5
00d200d5
011700e5
00cf0086
007400b9
006e007d
00590055
0075008d
008f00db
00b800b0
010900c7
009f00af
0083009b
005a006d
0066005f
0084009a
00e500dd
00bb0125
00d700ae
00b200b5
00b3009a
006a00b6
007a007b
00be0098
009e0093
00da00b6
00c70097
007200a9
00950090
005b007e
0075008b
00760075
0082008c
0117014e
00bf00a5
00d2008c
0082009d
00c000a8
008f009d
009a008d
00810091
00da00b5
00b100cd
009d008d
00bf0080
005d005d
00890089
0072006c
00cb009d
0125010f
00c100c3
006f005a
004a0062
006b00ae
0055007e
0139010d
0087008c
00530062
004e0059
01300125
00eb0127
0059004b
0066004d
00510051
006e0079
0068004f
00530063
0075007f
0079008b
00b000bb
007c005a
008a0070
00a900b7
00cf00b6
008a00ba
00be00ab
00b500a9
006b006d
0061006e
008f0072
00950084
00a800ab
007f007d
008b0087
00b60082
00820083
007500a8
00c6009a
008b00a0
00810071
006f0082
00ee009d
00cd009a
0073007f
00610062
007b008e
00830096
0083008c
00c60099
008900a1
00af0096
00c900ba
00950072
00cb00aa
00dd00e0
00c100c0
00ee00e8
00b100a3
00b100d8
00650092
008e008a
00de00d2
00c000ab
00aa008f
00ae0099
008200c6
009900a8
008100ff
00a90090
00b7008f
00a50098
016e00e2
00ea00d0
00a1007f
00970092
006f0070
00ad008a
0086007f
009b00b0
00ad00bf
00b100e9
007f008d
007a0076
00b900b9
0086005e
009800a2
007a0077
00930079
008d009b
00c700b1
00db00ae
0081005b
00960081
009800a3
00a100ab
008e0099
007b00aa
009d0106
018e0105
011600f6
008d007d
00bd0090
00a000c9
010800d0
00fd00ed
00a200c7
00ed0092
00950097
008f0071
016b0180
00e900d5
00b70091
010200de
00820089
009100bb
0081009f
006a0073
0097007f
009e00b0
00ab00bb
00cf00e9
00bf00be
00a1007d
00690052
005e008b
00970093
00a0008b
00d20122
00b800a9
00ce0071
009e0092
008b00be
0071005e
00c0009a
00d100dd
009200ae
00a0006d
00a000a6
00a900aa
006f005e
007b007d
00870099
00aa00d7
00810092
00760074
007e006a
008c008f
00ca009b
00720077
009b00c2
0072007e
007d0080
00650066
008f00a1
0092008d
00790061
00570067
006d007e
006b00a8
00980086
00b800cd
009f00b8
00b90092
008600c9
006f0059
00dd00b6
009a00aa
00b600bd
00a200e8
00ba008b
00a000c8
00590076
00730074
009b00a2
009700a5
00c500b7
00a000c6
00820098
00a60083
008100b0
00730061
00850093
00af00a6
0077007e
008500b9
00c90069
008c007b
007e0086
00600092
00780092
007f00a5
013900ee
00bd00b8
00ae00cb
00c70110
009f00a5
00880084
00d20096
00a300ad
00b800c3
00db00e0
007e00b0
007f0139
00730082
008d0097
01f50190
00de00e9
00ce00df
00e800ba
008f0079
00a8007c
00a60099
0072008a
00ba00ae
00a5007e
00950077
0099007c
00a800c7
008600c0
0087008d
0066007b
008f0077
00d6008e
009200b2
0098008a
00760066
00690038
00930071
007f006d
00e100ed
00810093
00600065
0034004f
01160129
01500135
005b00a2
00700070
00500070
0049009d
006f006b
00720066
00aa009a
00850098
00a500a8
0059008e
0092009d
0086009b
00890086
008b0086
007900a5
00730091
00620082
007e0075
009800a1
007f008a
00e70098
009600b2
00c30082
0093009e
00ca009e
0081005d
009200bb
009900ce
00bb010f
00e700ab
00970084
0081006b
0057006e
008d0061
006400af
008600aa
00e500b9
008e00fb
00490071
005a0069
0076006f
0067005d
00ba00f6
00a300a3
004e007c
004d0066
00f20116
013e0110
0079006a
006f0057
00620070
005c0060
00740054
005e006a
00c5009a
010e00db
00c700a6
00c00083
008a00cd
00a300d3
00df00be
00b600d0
008900b9
00e100c8
00ab00a1
00c500de
01590119
00cb011e
00a600d6
00ff00d3
00ae00ab
00a000cf
00b10098
0086007d
009b0092
00a000b0
012500ae
0086009d
0092008d
009200bf
0069005e
00730074
007c0081
00c600aa
00ff0109
00e200f9
0061007f
004a004e
00740097
006a0072
00ea00d5
00870086
007e006b
005b005d
0102010f
00fe00fd
0079005c
0058005f
0071008a
0067006a
005d006a
00520080
0072006f
00510061
007c0067
00930059
00e200dd
0099008b
0083005f
00640071
00e70101
01230127
00550061
00590068
00590064
004f005c
0062007e
00590049
0061005d
006d0060
009500be
00970060
00c900db
00920093
00770048
005e0055
00f30125
01350172
00670059
007b0072
0070006e
006b0052
006b006a
004d00af
005d0068
005a0067
007e00af
0061004d
00e600c8
00b300af
007f007e
0048005d
011b00f8
0119011b
005d0099
00730061
009b008b
00560095
0085005b
00510081
006e0056
005b0049
00ab0087
0056006b
00b10100
009e00a3
0069005f
00510052
00fb0116
012b01a5
004e0072
005b004e
0052005a
007c0068
00710078
007b0073
00a70071
00810073
00b20086
0066007f
00980082
008f0093
006e00b7
0063005b
009500bf
008300ab
005e0090
008b0069
008e0071
008e0093
0085008a
007d008f
009a0081
007b009b
00af008e
005e004c
00800082
009a008e
007e0102
00de0087
0079009f
007e007b
006e0061
0068007b
007b0071
00a50081
010a011f
00bf00b7
005c0081
0049005e
006c0057
00530051
00e500d3
0082007e
00720050
0059003f
00f20152
01180179
006e0051
00520063
00700063
005c0044
0047005b
00630072
00f6008a
00cf00ce
009a0092
00610070
00ae008c
009a008b
00b800ed
011000c1
00700098
00b7008b
0061004e
00800075
007f0084
00a800b6
0175011d
00dd00c3
0048006b
00720042
00950093
00630074
00f000b7
00900077
0061004c
0052003f
01450127
014e0170
004b0069
00660041
00740043
00630050
00630055
007a0066
00ca00f1
00e000d2
00d100d5
00a300d1
00b300a3
00ad00a5
010300df
00da00c0
008f00a2
00cb00e9
00d30097
00c800bd
01570155
011800d1
00b600b5
00f800e0
00750086
006a007b
008a008b
00720089
00b20092
007e0098
00af008d
00720071
00c90098
009900c5
006b0073
006f0082
0069009d
00860096
009f0085
00bf00a6
00b70091
00990068
008a00ad
007b0077
008a00bd
007100d8
0059007e
00590067
00cd00f0
00cf00ab
007d0084
00770069
00860062
008b00aa
008c00ad
008700a8
00590080
003f005e
00890081
00660097
00e700d3
0082007c
005c0052
0046005c
012000e1
014e010d
006e004e
00670055
005d0061
0054004e
007300a1
0069007f
007e0067
006f0058
00970083
00790088
00b100e7
009600a0
0083006e
0051004c
00cb00ef
013b00eb
006c0063
00910076
00680053
006d005d
008a00b8
008f0090
00930092
008500a3
008d00a7
007f0053
008700df
00b20077
00a50093
00650076
00d2008b
00a5006f
00590044
00740066
00620064
00b50096
013700e1
00c20099
00670054
005a004a
007c006c
006a0052
00ca00a9
00af007b
00610080
004b0045
011f0117
011b016e
0052005b
00690066
00770051
006f005b
006c006b
006b0057
00750076
00890077
00840091
0086007a
009200a5
0076008a
00770064
006a0064
00c000fd
00e800dd
005c0052
007b0067
0081009b
008600ca
008e00a6
00b300aa
0052007e
00620067
0074007d
00550055
00df00d7
00b3008b
0060006d
005b0075
00ee00fb
011b011d
00560051
0065006d
00450067
00490066
007e006e
0069006d
0052005a
0052004b
008f00c5
0060005d
00c700e8
00a80075
00400057
0042002d
00fb011b
0149010e
00610055
006b005c
00730063
006d004e
00490053
00570051
00650064
005b0045
0073007e
00540057
011000d9
0087007b
00550059
004b004e
010900fa
011f0127
0057006e
005d0054
0053007a
004b003f
006c0061
004f0071
00660071
005b0065
00c100a9
005e0061
011800bd
007b00bd
006a0073
003b0043
016e0111
01100152
0066005b
0082005b
0056009f
004b0057
007b0063
0075006e
006d0075
00630065
00630092
008d0078
00e600c6
00c000ba
0083006d
00650059
0130010d
012500f7
007f007f
00720061
00710063
00990058
006f009f
00880073
006a0048
00630052
0066008b
005f0050
00d80098
008500a9
00640051
00470061
00ef0170
013b0172
00510058
005d0073
0075005a
007b0055
00840071
00950088
00a2008f
007e0081
00c000b0
00520074
007f00b1
00d000b3
00ab00af
00e800bb
007f008b
007500a5
009d0060
00670072
0092007d
007e00aa
01130105
00c100ab
006a006c
007100ad
00980093
00700062
00ea00b0
00a3008d
00700077
005a007d
00cd00b6
00d500ae
0062006c
0078008e
00790068
0075006f
0099007b
00610083
005e0051
003e0051
008600a1
00660062
00d200ad
009a006b
005b0041
00510043
010000f9
00fd0145
0063004e
004f006a
004b0065
004c007d
00750056
0050005c
00a300e5
00b800ca
009a00a5
007e0085
00f600af
00c00099
00be00d9
008900b7
009f008a
00bf008a
00870078
006c006e
007900cf
00ad00d2
00da00e2
00b5008f
0068005d
0066004b
00910079
00610059
00aa00ce
008300b5
00510061
004b0051
01400123
010b0175
004f004b
007e0052
0061007d
0054005a
006d0076
0099006a
0092009e
007d006b
00a700aa
0065005b
009800b3
00720082
00650092
008500c3
00ae00a7
00d2009b
0058004f
007f006c
00660075
00700077
0086010e
00a90092
00b600aa
00c100b8
00cd00d9
0090008e
00a900d0
00af00a9
00c90093
00b2010e
009000bd
00f000a0
0076009d
00860086
00b200c6
00d900f3
011000c8
00d600d5
0051004c
00600053
0077007a
006b0065
00e700c5
00df009e
00790070
0066004b
012e00d5
015b0102
005d006d
006f0074
0066004d
005d005a
00630069
0078007a
00760071
00520068
00ab0087
00590069
009f0093
008f007f
005e006b
005b005d
00d6011b
0119013e
00530051
007c0075
00660064
00430063
0076005b
00590055
006a0056
007f006a
008a0066
0069006c
00cf00c1
006b0073
0050006a
006f0051
010e00d6
010f0135
00590073
006a007d
008a0075
00570059
005f006f
00670057
005e007f
00610042
008e008c
00650081
00c800df
00a7008c
004f0059
0042007b
01130100
0140012b
004d007f
007e004f
0052005b
003d0056
00540084
00910077
00650058
0056003c
0092008c
0075005e
00bf00b6
00750071
005d0060
004d0046
00f600f3
01200118
00530076
0063005c
005e005e
006e0076
006d0070
00570069
006d004b
006d0048
00980082
00670073
00df00cb
008f00b8
0063005e
00550049
011f0102
01270118
00530061
006e005f
004e005f
005f0063
00560064
006d0066
00730059
0067003e
0096006b
005a005f
00da00e7
00780073
00550047
00590044
011900f9
014e0127
004a0049
00750053
00530077
0046005d
004a0061
005a004c
005b0072
00860069
00b7008d
00790085
00d100dd
0087007e
006e007b
00590057
00fa0113
01070117
006b006e
00a10062
007d007f
006c0068
00830095
009900a0
0041005d
00560057
00a50095
0054004f
010a00fa
006b00a2
00570047
004c004d
00e00127
01290129
0052004e
008a004f
00760072
00530050
005e006d
0075004f
008a008d
00a9007f
008b0093
00700067
00a000a7
007800d7
008f0098
00bd0098
008a0095
00a800c6
00560056
00a70067
00a70068
008a008a
00ab0092
0095008f
0093007c
00770099
00960082
00890071
009900a6
009a00ae
00c300d9
007200f7
008d0093
00b600be
005b005d
007a0070
0083008e
00d60099
00f800a9
00e700bd
005f005e
004e005a
006e0072
00740071
00af0115
00930085
00590052
00460039
012000c6
00f50100
004c0057
004e005b
0050006f
00670049
005f0052
00660065
00a500c3
00d8007f
00ae00c2
006d0057
00a700b2
0082008c
00f100a8
00b300af
0085008b
009a0085
007b007d
006e005e
00860078
00960088
00bf00d8
00a500b3
009800d6
00a60085
00b600d0
0095008d
00d90096
007d00a0
006c006d
00970088
008b00a7
00a000c1
0075005a
00800067
007e0077
008b0088
00860090
0083007b
0052007d
0065005a
00830080
0071005c
00cd00cf
008a0087
004d0063
0048006b
0135011d
01500125
00560053
004e007a
00510053
007f0062
007c0071
0063007d
005d0056
004d0058
008f00bf
00590090
00ce00b0
008a0095
00500079
0039005e
00ce00f9
01270127
0057004d
0079009e
00610073
005a0043
006b0053
00770069
0067006e
005d005d
009a008a
005e0063
00b500a8
00c00085
005a005a
0042005f
01130112
0162011e
00680057
005f0063
00690052
00590055
005d006a
004a0067
009900a1
00970078
00a3007c
00710071
00a200a5
00bb0087
008d00aa
007900a6
00c6007e
00930090
006b0066
00570071
007800a8
008f00ae
00a9009d
008200c7
0059005d
00520046
007d007a
005a0055
00dd0139
00ca00a0
00550063
005d0041
0132012e
01650139
006d0057
006d005b
00560062
00850049
00540050
005b0086
00740060
008f00a5
009f008f
008f008e
009300a6
00850085
007c0098
00990064
006d00b5
009300c0
00b6008b
0071009b
0073009d
0091008f
009f0098
00c000c8
006b0057
00670057
007700a1
00620069
010a00c0
006a0075
005f004d
00490042
00f600d0
0152010b
004a0060
0089004c
0054005d
0051005b
0072006d
006e0059
0089008d
00b00085
00aa0098
00600066
009b00b7
0099009a
00bf00aa
009200bd
0089009b
00840077
00690077
005e0080
007e0071
007f0093
00e100cf
00da00aa
0079008f
008600b0
00ae008a
0068006e
00aa0090
007b0093
008600a7
00840078
009b009e
007e00bb
0077009b
008b005a
008600a1
0099007d
00760099
009200b9
00b000a7
00c000bb
00af00ba
00790065
00c200ab
00d0007d
00cb00e0
00cd00b7
007a0092
00a100a9
0071007b
0090006d
013b0100
00c300c9
00b100a1
00f700d3
00470055
00570081
0071009a
0055004c
00d100c5
00a9009e
00660049
00530053
010d00f7
0123013b
006a004f
00570061
0062004e
005f0041
00590052
006d0060
006e0073
005f0068
0066006a
007d006b
00e300b7
00730076
005e0051
0036004b
012000f9
0125012e
00730050
00560054
0055008a
0056005a
0051005d
00760066
007d0059
0071005a
0077007f
0056007a
00bb00f7
0065007f
00510055
004a005d
010b0117
01320130
00650052
007f0059
00620051
005b004b
005f004e
00560088
004b0065
00550069
00790084
007d0065
00dd00e2
00af0070
004b004d
0069006c
00fe00f0
016b0121
0071006b
00450055
006d006e
00430042
009f0066
00710066
005c005f
00570049
007f0075
00520053
00e500d9
0076009f
004e0048
00450040
00ce00f2
00f30140
0049005b
00590059
004e005a
006d005a
00760056
0056006a
00ba00ae
00a30096
00ae0088
00680058
0092008e
009900ba
00b600ba
010200ce
0091008b
00980082
00630086
00630062
007e0080
00970095
012900e0
00d200ed
00830062
0046004e
00a80062
004f004a
00e300d2
00be0098
00590062
00420045
00f20106
012200fe
0065004f
005d0052
00550052
003e0060
006a0095
0063005d
005f0077
00790086
00a20086
00690071
00d70092
008f0085
00890070
007c005d
00f00099
00a200a7
005e0092
008b0069
00910074
007a007f
00a50089
0071008e
00780082
005f0067
0075007a
007a007a
00e500d9
006e0099
005d004d
003c0052
00d900f9
011e00f5
00430084
00630061
006a006d
0066005f
005a0061
007b0077
006d0083
00930081
00aa00a1
00670061
009500c2
00be009f
00840081
0075007e
00a000de
008e00aa
006b0045
006e005a
007d00a5
00720089
00910089
006b0088
0082006e
00a70098
009500ae
006e007d
007900b5
00950098
0096008c
006e0093
0092008c
006d0090
005b0061
005f007f
0072009a
006c0076
00a30078
008900a8
00790052
0062005b
00a20091
008e0077
011700e0
009b009e
0073006b
00620057
00d0011a
01110155
005e0066
0071006c
008200b6
006e006b
007d0080
005b0068
00b80096
00f3009d
00900085
0053005d
00a6009d
00be006e
009b00a8
00b300a1
00a000b0
00bf006c
0061004e
0060007c
00ea007d
00bd0075
011700fb
00e700c0
005b0057
004b0049
009200b5
004b0051
00da0106
009e0087
004e0047
005a004b
00fe0127
01350150
004a0044
004f006f
00760067
00810055
00610062
006d0054
0051004a
003b0047
00810062
00510067
00c100d9
00c80097
004f005e
00450053
00ff00df
0170011e
00460059
00520052
00570063
00390063
006f005e
007e0058
0060005d
00490045
0081007b
00a0004c
00da010a
00bd0086
0054003d
004c0043
011b00ff
01620125
00460056
004b005c
00550047
00520049
005c004e
005a0069
0080005e
005a0086
00c2009e
006b0082
00a500b9
007a0095
00760090
007b006d
00ca00a2
00aa00a3
006f0059
005d0065
008a0066
007500a7
00b3007e
009f00c8
005a004e
00520055
00870063
00630060
00dd00d5
007e00ad
005f0052
00630051
013e00eb
01e00170
00570069
00710071
005d0073
004e0061
00810088
00760057
00680073
0055005a
007f0087
005f006f
00c7010a
009d00a3
004c0045
004b005b
011a0135
011e0149
00600086
00580065
00650069
00620075
00610073
00810060
005e0059
00600062
00770086
005d007b
00d800d6
009f008c
003e0056
0053006a
012700ef
0135014e
0052006d
005a0067
0064006e
00620077
007b0060
006a006e
00a70140
00e200fe
009200b6
007f0063
009900c0
00de00ad
00e500c8
00d5008b
00bd00af
00d600d1
007e006b
00840075
018b00f8
00ce00cd
00a200b1
00bd00a2
00bd00a7
009d008b
00ad007d
00b20087
00a100aa
00ae00f1
00c50102
00fe00c6
00ad00a0
00990088
006d0067
0098008f
00790096
00b0009a
00e30122
00c600d1
004b003e
0061005d
00b50092
007d0063
00c30150
006b0079
004a0073
00450035
00fd0127
00e1016e
004f005b
0049006c
0049007a
004e005b
005d006e
006a0076
0072004a
0048004e
00790086
00550053
00c300d3
00820093
006f0057
00400053
00f000f6
01370150
003e004f
005a0061
00710072
00480052
0048004d
005f0062
004d006d
004d0056
00870069
00790054
00ca00a7
0066008b
004a004d
00560042
00fa00ff
01320137
00540063
006a005e
00570077
0041005b
0053007e
006b006d
009a0088
008000a0
009000c6
00630077
00b500c1
009200a0
00780091
008700a7
008f00d0
009300db
007d006b
00810075
00720082
00810089
008d007a
00710084
00620070
0067007a
008e006a
0069005e
00be00ef
007b007b
00820072
00680077
00b800d6
00f600f2
00780066
00760063
00af0075
005a006d
0097005a
00920098
0048004f
004b0050
0067008b
005d007e
00f300e0
0098009e
005b0042
004e004f
01160110
01520116
0060004e
006c0069
005e0061
004e006f
00510065
0059006f
005e0044
00590059
00520082
00520056
00f500bf
0087008d
00520056
00480041
0109014e
01520145
006f0058
00490059
00560054
00420074
008a0072
005b0064
00ed00e6
00e900eb
00f20122
00ca00a3
00c8008f
009f00c1
00c100f5
00f2010f
008900a9
00a000bf
00a500b3
00f900a2
013000c3
00d80127
00e200d7
013200ef
00860083
00a7007a
00f100ae
008e0079
00af00a2
00a9009d
007b006f
0083005e
00a300a0
006d0076
004f0050
00620071
009100ae
007c00a1
00b1009e
00a700b1
00a70092
0072008a
00b800a2
00690077
00a70099
00b700bd
0091008e
008d007a
009b0091
006e00ce
0089008b
007d008a
00790096
00830073
00a50099
00a8009e
008f00a6
00ad009f
0096009f
00680074
0093009f
00a60083
0098008f
006f0081
00c3009d
00960093
0068006d
0066005b
00900074
00f30097
00fe00ca
00a300c5
00ae00e8
00870091
010000c2
00770071
0099007a
00ae009b
00a8009d
0073008f
007500af
006a0070
005f006b
00630085
00a90073
00b8009a
00e300b7
00b500b5
00600067
0083006f
00a60072
00a3005f
00f700e5
008a008c
00670052
00530044
0120011f
0132010a
0056004c
00550068
005f0085
00630058
004a0088
006f009d
00eb00a3
007e00a0
007d0096
005d0073
00d30091
00bd00bb
00b200a6
007200db
008a0098
006800af
004e0053
00620059
00650087
008d007f
009f00ad
009300d0
00ab008e
00660090
007f00af
00510079
00a20099
00a300c0
007e0076
0054007d
009a00a6
007e009e
006f006b
0062005d
0073006a
007b008b
00760075
006d0077
00770098
008c007e
007a0095
006f0056
0098009b
007300b0
008f0081
00850082
00c60091
009d0083
00630061
006b0062
008a00a0
009e00b5
00af009d
009e008d
0057006f
005e006c
008a00a2
004d0070
00f500eb
007600a5
0054005f
005d006a
00f8011f
01600139
00460053
0062005e
00590061
00640065
00740083
005a0059
009900c7
00fa0130
00c800b6
008e009d
009b00bd
00b9008a
00ae0101
00f600cd
008b0092
00b700f1
0072007e
009b00a2
015e017b
00c300ee
00ce00d5
00ef0132
00760055
004a0038
0056008b
00560077
00fd011e
008b0092
005e0070
004d0039
00db00e7
015e0177
005d005a
0069004e
00660082
0063005b
006a006c
0060007e
006d0064
00510047
009f0070
00670066
00c800b6
00b10086
0059005f
00410043
01420147
01370179
003c0054
00510057
00530055
00460052
0057006a
0057005e
00a30096
007d008b
00ab0087
00670064
00a70096
0095009d
008a00a9
009200c3
009f0090
007e0096
0055005a
00ab0075
008e0073
00a3007b
00cb00c9
008f0097
00570066
005c0051
00b10092
006a0055
00d9009d
00ad0067
004f005e
0056003f
01270101
011f0125
00440051
005d005d
00570060
0042004d
00590071
00410062
009900c6
00850086
00e500ef
0069005a
00a20093
00a700ab
00b200b5
00d60093
009800c9
008a009a
005e0075
0074008e
0099007b
00bf00cf
01060127
00d000cd
00730080
006d0086
007a00ba
0079007a
0075008e
00730079
00870099
008f0067
007600aa
00860078
007a005b
0073007b
006b006d
008d005e
00ad00a8
008b00c6
006b004e
004f004a
009f0079
005d005e
00d700ad
007000a6
00510043
00420066
015700df
01600157
004c0040
00580063
006a0066
00540052
005d007e
0067006c
0058008d
006b008d
00ba008b
00850051
00f7009e
0092005f
00490074
005a0046
00af00e5
00f10123
00730063
00630059
00700062
006d0051
006b0078
00570093
0093007d
006b008b
0091009b
005a0056
00a6007a
00d10098
00aa00a6
009200c5
00cd0092
00b6009a
0078007e
00820097
00b7009b
008c0098
00c900be
00bd009e
0069005b
005a003b
00d30077
0060006a
00aa00e7
0085006b
006d005c
003d003f
00e900ff
01020101
004b0045
0065005e
006f003e
005d005a
005d0090
00720052
007c00b7
009d00ca
00aa00ca
006d0067
00c60082
0087008d
009500a6
00900081
00a90098
00b600a1
00760087
00af007e
00a0006a
008900a9
008f008b
009800c2
008b0093
007100ad
009a0092
00760078
0083009a
007d00a2
0077006e
008600a8
0097007f
007c007f
005a005a
00590071
00970070
006e0072
009b00a2
00830099
00720076
00a600a2
008200ad
00640075
0085007f
00a200a5
0086009a
00a0008f
00b000a7
007e00de
00660062
0066008e
008f0072
0082007a
00cf00b2
00b700c9
00b50098
008b008a
009a00c7
00830054
00770082
00aa00a5
00840085
00980072
006e0090
00c90086
007e0063
00660096
00840097
0066007a
007b00b2
007900a6
0056006c
0071005e
0084007d
0061005a
00c000ae
00900080
00550084
00670058
00e90170
011f0162
00560051
00590058
00720075
006c0062
00840069
00610085
0088006a
006700bb
00ab00af
00690092
00a800a0
0085009b
007600b2
00650077
009f00b8
00db0084
006d0066
007f0069
007300a6
00aa0096
0076008d
009600a0
007a0055
0042004d
00a50086
005a0077
00cb00c0
0063008f
00610056
0043003d
01070105
011600f1
00520053
00750055
0051007d
00510074
0050006f
00640076
00b2007b
00c60081
007f008f
00690060
009a0086
009f00a0
00c300b3
007f0081
00860097
009e0072
005f0051
008b0078
0081007b
007d00a0
00a90113
00b100b2
0085006a
007e008a
00770085
00630074
00ca0099
008500ee
008e0073
007b0079
008a00b5
0091009a
00510055
0061006f
00920067
00720088
00a900bd
0092008a
008a008e
0096009d
009300b1
006d0087
009b009f
00d100b1
00830090
006e0090
00730099
008f0097
00610051
008c0086
00580071
007c0069
00f600f6
00c60089
00b5009b
01020127
00a10099
0095007e
00b300ea
00a700b0
009500a6
008e0108
00990098
00c300f0
009900a5
0086009d
01b20147
00e500c5
00c300a8
00d600da
00660078
004b0055
00a1007a
00610061
011d00f9
00990084
0054007d
00480044
00e00140
00ee0162
00590061
005c006c
004c0057
005b008e
005f006b
0061005a
00910099
00870077
00be00a7
0067007b
009800a8
008d00d5
00900097
008a007b
00a600a6
00bf007f
00590051
0066007b
007d0076
00950081
00830091
008f0079
004f006a
0037004a
00730077
006d0067
00b3009e
007d006e
003d003d
004b0048
01350107
00fe0122
0053004a
004d003f
00530050
0047005f
00660061
004b0060
004f0051
005f0066
0072005c
00520065
00af00e7
006b0083
0077006e
005e0069
00ff0110
01370122
00920057
00570066
006d0081
00670047
00590075
0056006e
00590076
00540043
008700a6
006100b1
00b000f1
0066008b
00510046
004d003b
01150147
012e0177
005a0053
0049004d
005a0056
005b005e
004e005d
00510060
004e004f
005c004c
008c006e
0082005d
010500d0
006e008f
00560074
00530064
00cd0132
0108014e
00570075
004d0055
0071006f
005e0062
004e0055
007a004b
009500a8
00860083
009f007c
007e0064
00820083
00a20087
00980079
006a007e
00b300a6
00c500d9
004e0070
006b0077
00720089
009e0086
009900b0
009e008a
005d0042
0045005c
0086008e
00560055
00b000bd
00a2006d
0042003f
004d003a
00e80145
010e017e
004e004a
00660049
0044004c
0037006f
00510059
00570064
00aa006d
00720099
00a100e3
00770061
00b700a2
00a300af
00c9007b
00690075
00b0008b
00a00096
005a0059
006b004c
007200af
008e006d
00be009d
00f2006d
0081009a
00890060
009000c1
00590067
009500bb
008500d8
00c00090
00700078
00b6007a
00c8007b
0065005e
0076007a
006b0077
008b00a9
010900df
00c200fd
00d600f9
00a600ed
008000cf
00800083
00ce00ba
00a200af
00aa0106
00b8007e
00950098
00ad00b5
006b0068
00810073
009600a5
00b900d7
00aa0097
00af00a2
00920097
00800092
008600a8
008e0075
00c80085
0092007b
0076007d
00630065
00850080
00d8006e
0073007b
005d005d
007d0072
00830072
00bb008b
00930084
00af00ce
00aa00cd
00d500ab
0082005e
00b900b5
009f0097
00c200d5
00a600d1
00770093
00c8008e
0078008b
0080005c
007e00af
008900a6
00db0112
00d000b1
004b0062
004a0059
00900085
007e005f
00c000bb
00870087
00680084
0062005b
0108011a
012e011f
004b005a
006d0050
0052004f
00460063
0066005f
00770058
0099007b
00810097
0098008e
007a0074
00d100a5
00a200c0
008600a3
00930071
00b900a3
008600b0
00630069
00680069
008c00a5
006a009d
009700c0
00990095
00610052
005e0052
0091008e
005d0066
011200ed
0083009b
005b0047
00370053
00ed0102
012b014b
00680096
004a0055
0087005d
005c0053
005b0066
005f0072
00d3007f
00980067
007f0081
00890071
008f008e
007a008e
0071006f
00770099
007600a5
00b60087
005c0072
00710077
00750092
009b008b
0099007c
0083007d
005b005e
006a0045
005c007e
004f005c
00d500b8
0087006e
0041006d
00380033
01070118
015b0116
00580051
006b005d
00550043
004a0057
00540051
00520055
0054007b
004d0049
0097009b
0065005a
011500dd
009b0064
006c004a
004f0040
00ea0132
011f013e
0063006e
00630056
007a005d
006f0063
008d0082
0074006b
00cb0091
00cf00b6
009800b2
0095005d
00bd0097
007c0090
00bb0089
009900b1
00a60087
0092008f
0055005b
008f0091
007d0092
00b30099
008500ad
007a00b0
00420037
004d0040
00660065
00560053
008200aa
00620062
00460044
003b004d
00e200df
00b10110
0043004d
004b004a
004d0071
004d0035
0047004d
0053006d
008500db
008d0076
008000ba
00800091
00b600e0
0079009d
0087008a
006e0093
00af0097
008900bf
00690055
007b008a
00670080
0098008a
0095008e
006f00a7
00c800d6
012000cd
00ba0086
009f008b
00a700ab
00b300c7
00f300cb
00a900cd
00b800a1
009700a5
010a0092
00a300b8
012b0142
009100c2
00f600d1
01690117
00c300ca
007f00c3
008200c6
005a0086
00a700b3
009b0098
00bf00dd
00850093
00b700c2
00b3008c
00610063
006f0085
006700a0
00a0007e
01290137
010800d1
005d0057
0042004f
00a5009f
00630069
010f00f7
009d0089
0059004d
0033004f
01450120
01450139
00540046
00410051
005d005b
00510053
00700050
005a0055
005b0064
00480055
008d008f
006c006f
00af00d6
007f006e
004d005e
00440044
0129010b
0149010e
00430051
004d004d
00490068
00590047
003e0076
0066005e
00cb00b3
00ab00a0
00a00085
00660069
00860098
009500b3
00a200cf
00900077
00d200b9
00a200bf
00600060
005b007b
00770099
007a0087
00dd00b9
00b50099
00590048
00560055
00970093
006e005e
008900d8
007a0066
005a0043
00390043
011100f0
01270127
004d0048
004a0056
00430051
00420045
00620056
00580051
00610078
0044005c
007d009e
004d006c
00b000aa
00ab0075
00530046
003b003c
00fa010f
01200117
003d0045
0050005d
004e004a
005c0045
005e0055
005d006b
009600b1
008600af
009900aa
00740062
00a900a7
00ab00d2
00af00d1
00ad009a
0079008f
0086006c
005b005f
005f007d
00b200b2
008500a5
00eb0190
00da0117
00530047
003d0043
006200a3
00570054
0077008f
006b0083
002f0043
003d0034
00980097
00ae00bf
002f0040
004a0047
004d0037
00420051
0049003f
00500062
00670077
009500b6
00ad00a7
00920097
00b2009b
008a007d
00660084
00760093
008900a2
00b9008e
008d0066
009b0075
00820073
0085008a
00ab0086
0089008a
00aa0086
00a50073
009800d8
007f0096
00990093
00bd00b2
0075008c
006b009e
008f00ad
00a8007b
006e0053
006e0083
008b007b
009e00c8
009800af
007f0093
004d0049
00680036
0092009a
00520062
009d00be
00820084
00600059
00540047
00f80147
011b0145
00470052
00460062
005b004e
0039003b
0040004c
00530052
009b0083
0092007a
009600ae
006d0061
00a600ab
00950090
00790089
0092005f
00ab009a
007a0067
00550065
007b007d
007d0067
008200a9
00980093
00970081
005e005e
00540044
006e009f
0054005b
009d00e3
00700099
0047004f
002a0045
00fb0145
01250149
00480051
0051005f
0037004c
0065004d
0052005f
0052006e
008e00b2
008100d3
00e100c2
0065004e
00d100f9
011f0155
01a70142
00fb0172
00730098
00e70115
008b007d
00550059
00cb00af
00a500be
00c700ba
009300ba
00a60076
00750099
009700ab
0062005a
00af0087
006f009f
00a00057
00710070
00b800bb
0087008d
004d005e
0069006e
0070006b
00a6009d
008d00a5
007200a0
00790084
00820075
009800a5
008e0074
007d0097
00db00a0
008900af
00910075
00a000ae
008b0099
00680065
005d0069
00b700a2
009d009d
00e100d7
00a600b5
00810082
00aa00c0
00c7008e
00730051
00980072
00a900cb
008d00e6
009e0093
0093009b
00a60085
005f005b
0089005a
008a0064
008c00b1
00ae00da
00b800ce
008b0074
00a2006e
0087008b
0072006c
00b000a2
007a0081
00870085
0062006d
00a600a8
007a00a1
007f007f
006a0079
008b007a
00d5009b
00d700ff
009600de
00e000dd
013901c9
011100cd
00c90127
0086008f
00a00069
00d10100
00ed00ee
006f0084
00d800d1
00930089
011100a8
018901a0
0130010d
00c000ce
01290127
0076009f
00780065
00fb008b
006a0095
009d00a3
0088009b
00890075
0060007b
00a700e9
0091008d
0062005a
0059005e
008e0067
007e007f
00a700a7
007a0093
0093007a
006b009d
00c500a9
005a005f
00e300a9
007d00af
009e0074
008e0071
010900ba
00ae00c3
007e0086
00a50076
006800ab
007d00a2
00620089
0088008d
0053003b
00450042
007a0085
0060005a
00d90087
008a005f
003c0030
00400030
00e500e0
00e800d9
00510056
006a0062
0064004d
00350044
004b0047
0062004b
00a700d5
00ae0121
00de00d1
008f00d1
009800b1
009900c9
012b0100
00bf00a0
00ba009a
009b00a0
00c700ae
00b10096
0160013e
00ab00ee
00bd00b3
00f600f0
00840091
007b0099
007e0076
0064006f
009f0082
0093008a
0089006b
005b0059
00790091
008b00ae
00570069
006e005f
005e007d
007100a2
00a80072
008300c0
009b00af
00990075
00af009e
00850063
0089008f
00c000f3
007d0081
00830077
00af0082
007a007f
00610077
006b005f
007700a7
008a00b7
009e00cf
00be0089
00a8006a
009e007d
00c8009e
0077006b
008f0099
00b500aa
009300a9
0091006d
00a8007a
0083008d
005b0083
0085005d
00a600c6
009b008d
008e007a
00820090
00b2007e
00ae00b9
00a800cf
00540071
00bf0089
00be00ea
00da00c1
007f008e
00ae00a0
00a10092
005b0085
00750082
007d00c3
00bd0090
00820086
00cb008c
00810091
00820093
009700c3
00650059
009300a3
00970088
00820056
0072006a
008e00b2
007a0095
0072005f
0066006a
00a10064
007a0086
00b0010a
00bf00b8
008b008a
007a00a6
007c0081
00750065
00a70087
00a70096
00ad007d
0082009d
00a800bd
00970099
00720052
00530071
0062007c
008a0092
00a20085
00a900a6
00a30098
009b0095
00d000b8
0063005c
00ad00f9
00c900b2
009f00c3
0082008e
008c00e7
006d0090
005b006b
0071008e
00b30095
008c00a0
00e300be
00b60095
00ae0082
00770099
00f600bb
0073006f
00c80095
009a00bd
008b006f
006b0086
00ab008d
00ad0093
0089005b
0073007e
0066008b
00b000a0
008900b9
00a500bb
00870081
007b00c3
00af0075
007e0092
009600a7
008700b6
01290092
0091009a
00b3006d
0095006f
006e0064
008d0070
00850098
007d0099
00af00cf
008c00d3
00b100dd
008a009a
008d00aa
0085004f
008700a3
00870098
008600a2
009100a2
007c0097
00a000b0
00690069
00660077
00870098
00aa009b
00bf00c8
00b000a7
0087009f
00ae0071
009d0096
00790071
009f00af
009b00d1
00a200d5
008f00c0
00a20092
00be00a5
005d0057
007f006f
009200ae
008d0091
009800aa
009500a5
0092007a
00960071
009500b6
00910067
009e00b2
00a900d3
00aa008b
008d008b
00a50095
008d0097
007f0067
006b007b
008e0077
00ce0092
00a700a2
0099007e
0083008e
00d000c5
009800cd
0063006f
008300b0
009e00a6
009e00a5
007000ba
00a700b3
00990099
00730080
009300be
007f0087
008d00b5
00f30135
00e300ba
008b00b5
00850073
009f0085
0064006c
009800c5
00960125
009600a3
00950082
009b009b
00a100e2
00690041
00960084
00810099
00e20090
008200d7
009d0090
009700a6
00950068
00b90089
005a005c
0090007e
007300c7
0073008e
006e0083
00a3009e
00a90082
008a007b
007e0076
007b0081
00a1007c
007d0082
0069008d
00a300be
00d10097
008e00a7
006e006e
00bb00b9
009b007c
00b5009b
007e008e
007900cd
009600c3
006b009d
0078008b
0081007f
009100a8
00ee00c6
008300a2
00b90077
00860093
008b00a7
005d0077
00b700ee
009a0080
00900093
005c0082
008f0096
0093008c
0065004a
00540065
00640061
006a008b
00920095
00a8007d
00c100a2
008e00ad
00ae00fd
00730067
00a800a8
00b200ce
00f700be
00a8008a
009b00bf
00880079
004f007b
00600073
00780071
009e007b
00b700a8
009100b6
003c004d
00290043
00450071
005e003a
006d0079
00550072
00310034
00330033
00980080
0092009f
004b0038
00470039
00470046
003e003d
00450048
003a0041
00c700bf
00960087
009b009a
00640058
00d3008d
00980098
009b00a7
008e0091
00bb0092
0091008d
004a0056
005d0059
006300a2
007600bb
010000da
009a00e2
008a009f
00710098
00a10091
00630076
00830089
008600ba
008d007d
00680077
008a00cb
006b00a6
007c006f
00830068
00610086
009b0097
008200b1
007f0095
006c00a8
007e0065
00a700bd
0057007b
00a60093
0087007c
00620089
0069006a
00ba0071
008100b7
00710089
005d0061
00880063
00690073
00970092
008d00b5
0080009b
008a0097
009b0088
005d0066
007d0086
00a800a6
00a9008e
009b00aa
008700a3
00c300a2
004f005b
00760064
00780084
007300b1
00b700a9
00a5009a
00f900db
008700c5
007c0099
00770097
00b000bd
00ce00b8
00dd00b9
00b90109
00830095
00a500a5
0075005e
0089008a
0084008e
0096008c
00c600f7
00d300a7
0083008f
00720087
006e00af
005f0075
00c100d0
00d0007f
0077008a
006d006e
00d700a9
00990073
007e004e
006a005d
0076006e
00760068
00960072
0067006b
00590043
00420031
006d0072
0049004c
008e0099
0063006b
003b0036
002d0030
00a100d2
009f00b3
00460044
0054005b
0045003f
003c0037
00300045
0053004e
007f0098
009b008d
009a0090
00660085
009100b9
00a100d8
008a00de
007c0089
009d0091
00c700a5
0072007a
008b0073
006400a5
009900a5
00bd00a5
00860095
009900c2
00b7009b
00ae00b6
006a00a5
009b00d8
00c000a9
00dd0110
00a000a8
00a000b9
009e00e0
005d008b
0095009b
00a200c5
009d00c3
00d3009b
00a300a8
00960086
007e0084
007800b9
00610063
00950090
009600b2
006a0079
005e007d
00d5007d
00900093
005a0067
006f004c
006600bb
006f0073
00a30082
006a0083
0086009a
008a007a
00cf008e
00670061
007200ef
00b200c7
008000b3
00810075
00920080
00890092
006f004f
006e005d
008300aa
00b0007a
00a700cf
00870084
0092008a
00690075
008f008a
00760059
0084008e
00aa00c0
00720080
008b0055
009e0087
00a1008f
0079005f
00710058
00810072
007b0075
008100a6
0086007d
00cd0083
007b0073
00af0084
006e007f
007d00ae
008900a9
009f0096
0068007e
00a80091
00830093
006a0076
006d0098
007b0075
00960085
008100bd
008e00dd
009900a3
007c008f
00930088
00740053
00960090
008d00ca
00e200d1
00c300ab
00b50097
00900086
005d0052
00a10067
008600a1
00a30086
00ad008b
009d007d
009b0079
00a5006b
009f0085
00660089
00b20091
00ca00ca
009000b7
008b009e
00ba00a8
0069008e
00560052
00550052
007f0074
00b90084
00c800d8
007700be
00c200a5
007d00d7
00aa007a
00750075
009800b2
00ab00b3
009e0099
009f0086
00b500a1
008f008b
005d006b
008a006a
0090009d
0096009d
009f009d
0081008a
0073007d
008a0076
008a0087
006a006b
0079009e
0088008d
009d0072
007c0085
00a00082
0081006d
008b0053
00710065
005e0060
00c60085
009500a0
00b50082
00860079
00b30098
008700aa
006c0084
0087009a
00e2008e
008e0073
007000b3
009b0098
00860080
006b005b
00630072
007d0089
00740076
00f300b3
00a20097
00b000b0
006b00ae
007a00a1
00570075
00b80096
00a900bf
008f0095
008a0079
00f900a0
008e0096
00610053
005f0062
00790088
008000bd
00d100c7
00a9009e
007100a3
00650091
0065006f
00450055
0071007a
006b007a
0066008f
0088006a
007b009d
00870091
0056004f
005b0064
00730059
005d007c
008f005a
00770069
00a700e2
007a00a6
008b00c7
00610059
00a70078
00a500a9
00a7008e
008f007e
008f008a
008b0087
005d006d
00710069
00730086
008a00b7
012300d2
00b600b1
007f0070
009e0089
00bd0098
00610066
00860096
00c60083
00920089
008c0057
008300aa
0085007d
008c005c
007f007f
006d0069
007c0083
009a008d
0085008a
007e00ba
008f007c
0086009e
0068006b
009b009f
008b009e
0089007f
00620061
009300b8
0088006f
0055006d
0089005b
00930066
00a00087
007900a2
008c0095
00b0007f
009d008c
009100c3
007e006b
008d00b1
008e00b8
0085009b
008e009f
009a0089
008200b7
00620066
007e0088
008400a5
008c009a
00ab00be
00b600c5
006f007f
00670075
00af0082
006e0096
0092009f
009900b2
008b0079
00c90091
00750085
006d00c9
00640093
00660078
007f0083
006d0077
00890091
008d0076
00aa009f
007e0095
008600c8
0080008b
007900a2
00b500b6
009a00e5
00ca00c2
008e00ab
009a0086
008b005c
0074006b
007600ab
008c009a
0109009f
00b5009a
00820087
00980097
006f0077
005a006a
00890092
009f00a7
00950075
00790065
0081009a
008b0063
00830063
006f006d
00ad0083
009d00b1
00b300b7
00920083
00af0095
009500c2
00ba00c0
00c00097
00b000a6
00d1009e
00aa00f9
00a100ae
009700c2
00da00d2
007f0097
00b10091
011d00b7
00c70098
00a500b7
00c00129
00a00081
006a0077
00a10071
0066006f
008100a2
00a200a8
0083009b
009300b1
008000a0
007a0082
00810066
006a005f
00730082
007b0065
00b2008e
00910090
009200a1
008a007b
008e00c1
005c0075
00b10091
00c100b9
008e0096
00960097
00b100a8
00a70096
005c006c
0079005a
00900096
008b00a6
009d00a2
00c70098
00be00c1
00ad00a2
00ab00c9
00750070
00c500b2
00a200bb
00c900ce
00b90093
009f0092
008b00a8
00690057
00750047
00960091
009f00b2
011200ab
008900b6
00600066
0042005c
0052006d
00410051
007b0051
006c005d
0065006c
0044003b
00770052
00590059
00420038
00390047
00530077
004e0065
006d005e
0051005d
009a00d1
00e600c5
00890085
00900052
00b00098
00ad00a1
00a600a9
00d3008d
007f0098
008e00a1
00780066
0075007d
008700a3
009d0088
00d600ce
011500c5
00560062
007e0050
00890071
004e0036
007e0091
0083008f
0053006d
00630064
006e0081
006b005a
00470040
005c0067
005c006e
005a007a
004f005e
0081004a
00d700cd
00a700c7
00ad00b2
009200e1
00bb00e1
00b100d5
00a100b0
00b100bf
00ca0075
009a00ca
008a0092
00c50089
01490157
00d900ba
00b00106
00f700f2
00ab0087
00bd0080
008b0093
00760069
00a500eb
00830085
007e008d
006e008f
00820084
00a60074
008d0075
00970079
00680070
00b7006d
00bd00d5
009000a8
00ba0097
008a008f
007300a3
00660064
00af00e2
00df00d9
00c900b0
00ce007b
00a100b5
00c300aa
005e008b
008300a2
00a000b1
0085008f
00a1008f
008a0099
00950082
00bf0086
0097009e
007f007d
00970091
00ce00c6
00a90099
00a10091
00b500a0
00c20092
00580062
006e0061
008a007d
00a500cb
011a00b1
009d00c2
008c009b
00ab009d
00a300e2
005d0067
009300bd
00a2007f
008a00b2
006a0090
00b70093
00a50097
00710062
00770057
006d0075
00710085
0065009e
0093009f
0076008d
00df00cd
009600a7
006e0078
0096009b
00a80096
009f008e
00c300a2
007b009a
00a6007d
006a0068
006c006c
00660074
007900a6
008500ab
007f0098
00b900a8
008f0089
007e0083
00730077
009f00ae
009600b0
00be00b7
008a005d
00990093
007600aa
00660071
00660056
00810078
009e008d
007800ae
009300a3
0079008a
00b10077
00ab009b
00660098
00b100ae
00a100c7
0088008c
0093009f
00c6009e
00ae008f
0069008f
009a0061
00760082
00890072
00a700a1
00ba0085
00bb00b6
011f00f6
00f100cd
00f90084
008500d1
00d000e6
009800a3
00e7009f
00b800a3
00e500d8
006d0095
00ad0086
011b014e
00d000cf
00c80096
011300d6
008700b2
00810082
00920071
005d006c
00ae00bd
009600af
00980085
0064007b
00aa00aa
008f0072
004d005d
0066006a
00a2006d
008100ae
00900082
00920095
00a100b9
0087007f
00a700af
00770065
00a300a5
00aa0091
0092008e
00b60088
00bf0085
009f00a8
005d0096
007e0075
0099008e
00a200af
00a900db
009100b0
00760063
0056004e
00830066
004a003a
0061007d
006b008f
00630066
00610053
00d0007e
006a0065
0039003e
0059006a
0063004a
007e0066
0055006f
0068006e
008a00ca
008e0099
00bd0091
008400a9
009e0086
009100b2
009b00cf
00970081
00c7006e
008a0077
00830070
007b005f
007b00a5
00760076
00950089
0092007f
009500b8
00d300aa
00d00097
0090007d
009100fa
00b700a6
00950092
008d0095
00a900a6
009a0092
007d0089
008c0072
00b10092
008900d8
00a10075
00b800a5
007600de
0090007a
00a3009d
00650098
009f0092
00c000c5
00870083
00ad00a6
009f00ca
009f00ab
0057004e
00830089
0086008f
00b300a2
009300a5
0089006a
0088008b
0079007d
00ae007f
00890051
00a600cf
009d009f
009100a3
005d0086
00ae00c1
007c008d
0051006c
00700064
006d009f
0091007f
00a1006a
008b0087
007d0087
00760092
00ad008d
006f006e
009700a6
00af0085
006b00a0
006c00a5
00910099
009f00b1
005e0051
006e0063
00970095
00860089
00ee00ba
008b007d
007a0072
00be0076
00a00098
006b005a
0076007d
007d0085
00820079
00640073
009900c9
00b100c7
005d006d
004f0069
00af0067
00810077
009b00e2
008e00b0
00590071
004e004e
0040004e
003a003e
006c0047
00570055
0050004c
0041003a
00650076
004b0041
00390043
004b0049
00590072
00730069
00550059
00400035
00800084
0067008a
00930099
005b0069
00d70090
00a00091
008200bd
007d007d
00990099
00b10084
00720065
005e0087
00720089
0069005e
00a20092
009f007b
007d00b1
00810092
007f0071
006f0072
0087008b
00c500a3
0084008c
006f00a1
00aa0078
0078009f
0056004a
00600057
00970066
00af007b
008d00a2
008b00c2
00b600ba
00870092
009900a2
0082008b
00b100bf
00c500bb
00ca00ab
009e0086
00b000b9
007f009d
007c0082
00980071
009b00b6
00b00099
00f200c0
00c800a1
008600ba
00710093
00cd0077
0059005a
00b500ad
00db009f
00af00c9
007600a8
00a2009d
00a100a1
00750065
0085006e
0083007b
0099007b
0087009d
007b008d
009200ab
00a2008f
00ab009d
00620073
00b800a9
008f00d3
00ba00db
00b200ba
00850095
006e009d
005b0056
005f005b
0088007d
008d0077
00ba0129
008e00ce
009000a1
007e008f
00830083
00830066
00ba00c2
00a5008d
009500a6
009a008c
00a200ae
0092009b
006f0075
00700076
00790092
009b0091
007200a0
0084009e
00a70085
007c0085
00910091
006a006a
00c700e8
00aa0092
00f500c3
00b10091
00dd00b1
00a700a7
005a006f
006d0073
008700a3
00b0008a
008c0105
00aa00ce
00a30079
0079008a
008e00bd
0053007f
00820090
008b0098
0091009a
008d00a8
00b8008e
008e00ab
0082005e
008b0062
00710073
009f0070
00b20085
00aa0083
009e0086
00920079
00ae00b2
006e0075
0089007f
00b00091
00bd00c0
009d008b
00a30093
0084007f
00610066
005e006c
008d007c
007d0097
00be00da
00aa00a5
0070009f
00740097
007e0087
0073005f
00ab0071
00b900b0
008e007d
006e007d
00a000e7
00a90096
00500052
00760059
005f008b
00b1009d
0088007e
00a20088
00960089
00690062
007d007b
00670067
00a20080
00af0098
00c90081
008a0080
00870092
00a3008e
006c0073
007a0062
0074006b
0071008e
009a00ad
00be008b
00cf00a7
00c50098
00af00b8
007a0096
00bf00ba
009b0113
00aa00b0
0098009e
00b90089
00b000db
00ca0065
0087007f
0087008f
00cb00b8
009600ab
00bf00ef
00b90083
00870084
00b600a9
005e007f
008700b5
00b300da
00a700c2
008900bd
009e00aa
00b700a7
00550065
0086007e
00890096
0083008d
009700b3
00980090
00a9006c
009b0075
009a00a0
0073004c
008c00b7
00b3009e
00810092
007b0093
00d60091
0087009b
007b0057
00630057
00c00090
00c1006e
009000a2
008c008c
00960089
00a300b3
009600a5
006a006d
009000a5
009300a1
00ab00a6
008a009b
008300c6
009e00d1
006d0055
00730064
005a0093
00890080
00d500ce
00d3009e
0082006d
00b0008d
00c300b1
0060008f
0093007e
00b70096
0079008a
0098006a
00810085
0072007b
00570076
007e007b
006c0079
009100a9
00c800c6
00860099
00b6007d
009100a7
009a0098
00a00063
00b700b2
00880099
006f00a5
00810085
00ae0079
00bb0081
0053005a
0056006a
00850092
008500b5
00b700a1
008b00d3
00870076
007a00ae
008b00aa
00670077
008f00c7
009300a0
0092008a
00a10093
008900c0
00b30087
00a5005e
00880079
0082007f
0083009a
00a50099
00720072
009b0099
00a8006e
00bd007d
004d007b
00a100d2
00b800b1
009f0089
008d00b7
009500a1
0083009f
0067008c
0083006b
0089008f
00770091
00de008c
00b300b5
009600a6
007e0086
007a009e
00a0007e
008900ba
006e00a5
00a7007f
007e007a
007d00b9
0070007e
005b0088
00640071
008d007a
007b0096
008700ed
008d0095
00a300ab
00730082
00b1009f
0072008b
008700b1
00d100a0
009700a2
00750085
00a60085
00950090
00660062
006b005f
006c0079
00dd00af
009300d6
008d00ce
007f0074
00760069
0097009d
006a006f
008e0090
008d0087
007d0074
006e005e
00b000d0
009d00a5
007d0081
007a0060
00760079
008000a5
009a0083
007d00ab
008e0083
007000a7
00ae00a6
00790072
00b2008a
00aa00bd
00bd008d
008100ba
009d00e2
00a100a9
007b0061
0079006c
00800091
00690075
00b300b3
008800bd
00b30093
00a10088
00c300a6
00700073
00df00b1
00bd00a5
00730087
009d008d
009200c5
00bd00da
008100a2
006a0099
008f00ab
007e00c9
00aa0098
00910089
009d007e
00a3006f
006b009e
006b007e
00a80072
00900071
00bd0081
0067009b
00a10086
009d0092
0059006b
0063006f
007d00e1
009900ae
00a3008b
00670083
007e008b
008d00a0
00b3008e
0077005c
008900b0
00fd00b2
00dd008d
00a100a1
00990074
0082007b
00650053
0060007a
00720066
009a00b0
00ad0089
009000a3
00ba00ca
00be00a8
00a3008c
006b0073
01130098
00f200b2
00a700b5
008e009e
00ad00a6
00cd00ce
00720098
008d0085
00c00089
00c0008d
008900cf
00c100b3
007b0069
0081008a
00870084
0066005f
008e0075
00f800b9
00800075
007f0066
009900ba
00ab0090
004f0058
006d0067
00730075
00880055
008400a5
00ba0079
00a300c5
009500b6
008c0087
005e0066
00a2009e
0089008c
00b500a1
00a0006f
009800c1
009a008b
007f0057
0077007f
006d007e
00aa0109
00d8009b
00eb00b0
006d006b
00750063
00a6006d
00660050
007a00a1
0082007b
00710079
004e0067
006b0065
00760071
00460050
0058005a
00750068
007b0066
0093005a
0073005c
00bd00c0
010800f0
00e700b8
009d0080
00a7009a
00a100cf
01220137
00ce00b7
00bb0099
00c200ad
008600a0
0083008d
01cb01f5
00be00d8
00d8009a
00ff00d5
008a009b
007e0087
00ae00b9
007d0068
00a50089
00c00095
009f0075
0067007d
008a00a7
00c20087
005a006b
008a0054
0081007c
008300a0
008b00c5
007100b6
00a80086
00980073
00b300d6
0056007e
009300b1
01290097
00a800aa
008300ab
006d0096
00850096
0058005e
00760064
008e00a8
006a009e
009900a2
009e00a7
008d0082
0069009e
00670081
005f007f
009200a1
00b300b7
00690077
00810070
00a20090
0068009a
006e0041
007d006f
0098008a
007e008a
00e10099
00750093
00c00085
00a80066
00ab0083
005d0066
00a100bb
008d0095
007e008f
009200a8
00b1007f
009f0071
00650070
00790075
008e0066
00a100d2
007900ba
0097008b
014e00f3
00ce00de
00f000bd
008f0096
00a700b7
00b300c1
009a00c3
00d200fa
00740081
009f00ba
00820097
00980091
01700150
00ad00a2
00bb00c7
00b800e7
00b2007f
00830089
00bf00ab
0078007f
00930079
009800b2
007d0072
009800a6
009300d1
00920072
005e006b
0082006e
00960071
00700084
00920089
00af00a3
00d700ae
0079008b
00ad00b1
0063006b
00ed00cb
00cf00cf
010000c8
00d600b8
00a000bd
00b200c9
00590062
00790086
008400ca
009b00a5
00a100ab
00ad00ad
00c70098
007c0069
008f0081
00760091
008200af
00d1009e
007a009a
0071007f
00a700a5
008700b3
00490069
00670075
007b0076
00760061
00920079
00890097
008d009f
006f0082
00a1008e
006f005c
00d9008b
00b10093
00b5007c
007e0071
00be00a9
0085008a
005e0081
008c006b
00980073
008b008f
00920097
0085009a
00c60095
0083008e
00d10099
004f0068
00770081
008e00b7
00790084
008b00a1
00c5008e
00af00ad
00630059
0061006f
0073009d
007a008e
00880098
008f008d
00ab00a6
00990078
007f007a
00660073
00980082
007d00a5
0083008b
0089009b
00a600ca
00a00082
006e0051
00610043
0075006c
008a0077
009300bd
006d00a0
00d600ce
008b007b
008300a1
006e0077
00a70091
00a600f9
00a2007c
00710099
00ad006f
0093009e
007a0062
009100a8
007b0082
00930062
00bf00ce
007d0081
00ae00a0
009600cb
0082009d
00630084
00a30089
00b2008f
00a1007e
009a0066
00860079
0095007e
005f0077
00660080
00730081
008d006e
00ab00cd
00a30090
009500a1
00990061
00bf00af
00650063
00b90098
00ad0098
009a007f
0057007f
00920086
0081006e
00540049
007d0051
007e0084
007300b5
00ca00af
009100c5
0063008d
007d006a
00a80095
00780061
00af00bb
00a30096
00980071
008b0082
0071009b
00ad008a
005d006f
00720056
008f005d
00840079
0085007b
009900bf
009800b8
00d000e9
00bb00c8
00930091
00c500c5
00dd00e0
00a800c2
007500ab
008c00b0
008f0098
00640080
00920093
009d007c
00ab00bf
00d300b9
00a500b0
0099007d
00920069
00720089
005d005e
00b0008c
00a000a1
00a900cb
007300b1
00a300af
007f00a6
004f0066
0074005e
009700af
00a7006b
00bb0080
008d007b
007b0079
009b00a9
009d008e
005b0061
009f00ab
00ab0086
00b2007c
007f0067
009a00aa
0090006e
005e0071
005c005e
00800067
00870086
007500d3
007c00b8
00c1006a
00a600bf
00db00ad
0072005d
008c00bd
00e100a5
007e00a0
008200b9
00a50076
00990072
00550059
00720079
0077008a
007a0096
00bb009d
007b00b7
00ab007d
00810098
00df00a2
0068007f
00a700d0
008f0095
007a00a1
00920080
008d00bd
00860091
005b0073
006e0057
0083008a
006d0082
007e00b1
00ab00a0
00b10083
0086006b
00b600a7
005c007e
0084008a
00ba009e
009f0085
00980076
00b200ad
00790093
00560052
00700072
00950077
00a60077
00a80093
009e008b
00850097
008d0084
00b900b7
00600072
00bb008f
0082008e
00b9008e
009600a9
009000c2
007d00a6
00660069
0086006d
00830093
00ab00b8
007d00c1
00970099
00ab00c9
008a008e
00a800ab
008b0095
00be00b1
00df00d7
00a100b5
00930091
00b000a1
008100a2
0073005d
008a0071
00910097
00b500be
00b000aa
00e200cd
0095007d
00780073
00a800da
00690089
00ce0089
00c9008f
007a0074
005d0063
009800c5
006f0088
00550056
005e0069
00640098
007a0071
00e6009d
007f008f
008300a2
0083008e
00a3008b
00630067
008a0086
00b00092
00a1007e
007500ca
009300b1
0085008d
00850074
00760073
006500a9
008a00a5
008a00c7
008600b3
00c300a0
00b50086
008b0088
0057007f
00a70116
00d800dd
009a00a2
00740091
00bb00c6
008700bd
005c005a
0059007f
00ce0084
00a100ab
00a900b8
009f008d
00ab00db
0103008b
009100a8
00890082
00c100d7
010000bd
00a700ad
009f007c
0092009b
00e800ce
0085005e
00960084
00c900a0
00ee00a5
00c50070
009f00ce
007f0076
006d0048
00bf008b
006d004b
007b007d
00a00087
00780089
0051006f
008800a1
008900b2
006c006a
00510076
0077007f
008c0081
00870099
009a0087
00ad00a2
00a90083
0092009a
008a0062
00a6007b
00c900af
00c50080
008e0097
009f00d2
005a00ab
007e006e
00aa0064
009800b3
00bf00cd
008c0101
00ab00a7
00d0009d
008e00b5
00bd009f
006d007a
00a800b7
00e800d7
00e100e1
00af00ba
008b00ae
00e0009b
00790068
00810079
00ad00b9
00d100e2
008900c0
009b009b
00a8008c
008900a8
0091008e
00530066
00aa00a0
00c000ce
00890092
00a8008a
007700a0
008b007b
0066004b
005c0068
0076009b
00a200b0
009200b1
008d00ca
00670091
008f0091
00ce00a9
00610078
00d800ba
00c0008e
009700b3
007f0072
00aa007d
008600b3
0049005c
006a006b
008600a2
008e0061
00a800a3
00ae00b3
00ad009b
009a0076
00d200cd
00720074
00b50092
00a000ba
00830078
0075008d
00b80092
006f00b8
00560053
0060007e
007c007d
00b10087
00b000a1
00710093
008f00aa
008d0082
0087009b
005d0070
00b30097
00d200b2
008d0099
00650084
008500b9
00920091
00530054
005d0073
00720075
00910085
008100c1
007e0091
0091007e
00ca008f
00890071
0073006c
00a500a6
00ab00a9
0076009b
0085006c
00890091
008d009a
0056005b
00720054
00880085
00a50085
008d008e
00790082
013700cf
00e60145
010f00b5
00a6007f
008a0098
009d0093
010700ee
00f20110
0088007b
00c10092
008700a3
010300b3
01b50147
00fd0112
012500f9
014e014e
00760091
007c006e
007a00d2
00610071
0079007b
009d008b
009000ba
0071005a
006a00c3
007a008b
005f006d
007d0055
00600078
00990085
008d00ba
008b0092
00e800d0
00a20071
0081008d
005b00d0
00c500bf
00e60102
00b000b7
00980086
009000d1
009b0096
006e0054
00790067
009e0085
00b2009e
00a900c8
008900a5
00c700e5
0091009d
009800b6
00c50068
009e009e
009500a1
006e0098
007b009d
00810090
00b80080
00760061
00850082
00970075
009f00a6
00ad009e
008600a6
00ae00c3
00a700a2
00be0093
006e0084
00ad00be
0118009a
00c100af
00860092
00b200ae
00d600ab
005e0065
00720069
009e009a
00850087
009e00a9
00b0008d
00680076
0087007d
00b9007e
004a0074
008a0085
008a009e
00ba006a
00930068
00aa00aa
00790077
00570088
006e0061
00750092
008400ab
008f009b
007b007a
00610083
007d0081
00980073
0065005e
008d00b8
009f00ba
0086008f
00970096
008800a1
008e00b3
007b0075
00620086
00720099
005a00b9
00b2009d
00960073
00af0095
0061006c
00a20091
0070007d
00900083
008e0095
008f008b
0075009d
009b00aa
0098007d
00770066
00570071
007d0075
009d0087
009d00a3
00920079
009b008a
0091007b
006b0091
005b0064
00a300c8
00910095
009d008d
00930084
00af00a9
007a0096
00530091
00800064
00830085
00c100d6
009200ad
007900b2
0093008d
00840076
00980077
0058005f
007e008d
00c3009e
00870092
006b00a9
00a300a3
0077009e
00640069
005a005c
006b0073
0072008a
00b200ae
007a008b
00850070
006400a3
007e00ca
007a0075
007600ce
009800b1
009200ab
00a50085
00a900b3
008f00a0
00560063
00bb0065
006e0082
0062008b
00900079
008f0076
00a300d3
00860084
00ae0096
006f0081
00b900a1
00e600df
00d300d9
0085008f
009e00a2
00cb00ad
008f006b
00ae006e
010300ae
00e00095
00bb00c7
009600bd
0087007d
008b006f
008100a3
0066006c
008600ae
00c600ba
007d00af
00630071
00cf00bd
009b0077
00880052
006d0055
00760095
009f0091
00a600cb
00cb0086
00ad0090
00a70095
008e00b8
006a0067
007600c9
00ad00f9
0091009f
0085006b
00a9009e
0093009b
0056005f
0099006c
007e007a
00730076
00a1009f
0099009f
008f00be
00a500c5
00c700c9
00af006a
00a800a2
00e000ae
00be00e0
00fa009e
007700c5
009f0098
00a20086
00790082
00aa00cf
00a600bd
00f900ce
00980097
0065008b
006e008f
007d00b9
0070007f
009300cf
009300a5
00930089
008e0074
008a00b8
00b0008b
006b0065
007d006f
00610085
007a00ba
00980078
00b100b8
008b0097
008500a7
00790077
005a0061
00ae00a0
00b000b5
007a00a9
00990080
0099007d
008e008a
00560054
0055007b
00b1007e
009a00bb
00860067
00840085
00c60095
00920095
008e009f
00770080
00b7008f
00a300a9
008a0078
007b0097
009b006f
008800a8
00620056
005f0070
00760084
00960099
00ae0107
00b60112
008d007b
0080008e
007f00b8
0052008e
009e00b5
007f00a6
00a8008e
008f0080
008e00a5
009100af
007300b0
006e006c
00660097
006c0089
00a100a0
00b00089
006f00ad
0062007b
00a60091
006f006a
00d800a2
00a30098
0076008b
0085009a
00800085
008a008a
005c0069
0083006a
00870075
007d0098
00920063
0090007a
0078009b
007d0099
00aa00a2
006500a3
00a60077
008c0097
00e3006f
0066007c
00b30095
00a90098
00550063
0071006b
0082008a
008b007b
00810093
007a00a5
009e00ca
009f0086
00670076
0074006d
0081008a
00af00a8
00920092
007b005a
0078008e
008e006f
005f0077
00860086
0072008e
009a0086
008a00af
008a0082
008100bd
007e006e
009f008d
005f005b
00780097
00a800a7
00d000db
008f008a
00af00e8
00a3009b
0052004f
00860079
008a009e
009700b5
009a0091
008f007f
006f00a2
0068008b
008d0090
00770066
00cf00bb
00ba00aa
007d0063
00910092
0092009e
007f0089
00670065
00730079
0076008a
00a80062
00970097
00a00096
00890084
008f0085
00a600a2
005a0077
009e0079
009700e2
00d80091
009d0080
00720083
007d0092
00650055
006f0072
00a30099
007500a5
0097008f
0071009a
008a007b
00a90086
00a000ab
005f0099
009d00aa
00af0103
008f007f
008f007f
00a20096
009d0081
005a0086
006f0062
00870079
0071008c
008f007e
007e00b2
00af00bb
00ba00bb
00c200ca
00670063
00d600ce
00c600de
00f000d8
00c700a5
00b7009e
00b0008b
00710075
00a3007d
00f000b6
00a900ca
00c300be
00ea00f2
006b008c
00730080
007f00a3
006c0065
008d0096
00b200ea
00910092
008d007d
00900098
00b2008b
008a006f
00ab005e
00950071
00780086
00830071
008a009a
009e0099
0095005d
00b900b7
006c005e
009b0098
00cf00aa
009200c9
00840076
009600de
00ba00b7
00520077
005f0052
009e0082
008b008f
00a7009b
007f00a2
009100a9
007d0089
00a000af
007e006d
008d00b7
00c700b2
00930087
00a3009e
00a500cb
0089008e
005a005f
006f0067
00a1007a
00760086
00980115
009e00ba
00a60072
0078006a
00990085
0061006e
008e00aa
008000ab
008600cb
0098007e
0100007f
008a009e
00750076
00890080
00850085
006b00b7
008f00aa
009e00b9
00e000d1
010300d5
00ca00c1
00d6009e
00a600d8
00c200d6
00be00af
00c200c7
00ad00c1
00ab009b
00af00bb
00b100cd
00e500ea
00cd00df
00e6008f
00cd00d6
00a6009d
00a600eb
00ad00c6
00760091
00d100ce
00e100de
00b300b9
00b600cf
00da00b7
00cd00cb
005e0066
009b006e
009b00ad
009300a9
00ad00ba
00c900b7
008d00a5
009200a1
00b300a2
00a0006a
006b00cf
009200b0
00d500b7
00bb0099
00e700c0
009e0097
00890055
00890066
008e00b7
00850080
00c600c3
0091007c
009700ab
007b0087
008b008f
006c007d
00a60083
00a30080
007b0076
00690063
008200b2
008f0086
00690062
007e0081
0076006b
00a00069
00c800d1
00a600d6
007500ce
00990069
008d00bd
006a006b
009900c7
00820098
00970072
0080005f
007400a7
007700b0
00710062
008a0072
009b008d
00740095
007f0086
0085008f
007e00b8
008200d0
008200be
0079007f
008900b8
00ca0096
00c20073
0080006e
008b00a0
009e0097
005b0053
006a0075
008500a8
0093007a
00cd00cd
00b100a1
00a7009d
0096009e
00c200aa
0083006c
009500bf
00ef0089
00a000a0
00c00093
009e00d6
008300a7
005d004e
007b008f
0092007f
00b2007b
008300a0
008800e7
00930082
00620095
007f0093
00760084
00d50096
00d100b5
007200a5
00a10091
00d200dd
008300a1
005b0075
006e0082
00900085
00b90088
00b800a1
0095007a
00b600c1
00840077
009a0092
005d006c
00cd00ad
009d009e
009700b6
007b007c
009300c9
008e00ee
005b0049
00830076
00960087
008500a2
00880109
009e00c0
00b10099
00b900a8
00810098
00860093
008f00b2
00c600e3
00b900a8
009600b1
00950081
007a008c
008e006a
00880085
0077009e
008f0083
008500af
009100c2
00ab007d
008f0096
00bd008f
007f0081
00f200a5
00c300ca
00a90096
008f008b
00b500a2
00c9007d
006d004b
007f0082
0092007f
00cf009f
007f0088
007b0098
00a1010e
008d00b2
008800c7
00930072
00a300e1
00f000e6
008d00e0
006b0087
008a0093
009e00da
00810073
00910077
00c5009a
00ce00aa
007f0092
00a000ae
00ab0105
00d100d2
00d8006b
00930089
00b500e0
00af00c6
00cb0096
00890092
00a900b8
009500c0
00c60085
00a900a9
00db0085
008c00ba
007500ca
009300ba
009900ba
009b0092
009b009b
00b00063
009900b6
00aa00a5
00b800b6
00af0082
008d00b8
00a8008a
00690087
008f006f
00c2007e
00bd00c7
007500a6
00b700a5
00a000da
007b0098
009d00b0
00850072
008b0096
009b00da
009500b9
00810072
008700a6
007a0099
0074006a
00510075
0079007e
0088009d
00d8007c
00c6009d
007c0089
0082007b
00ad00b1
005f006a
00a300cd
008a00b9
00830072
009e006d
008500de
00830084
004d0057
00610061
006f0061
0097007e
008600db
00cb009a
00ad00ae
009b009a
00b800a0
0084006b
00b6009a
00c000d6
009500c1
00b20081
00c200b5
00c700a5
00580076
00830082
00b900b1
008a009f
00a800c8
009600b7
00a50095
00620091
00920088
0063006c
00bb009d
00b200b2
00670069
005b0095
00b90085
007c009f
0065005f
006e0065
0075007c
006a009d
006c00a3
007f007e
006a00ab
00c600ad
00bd00ca
00b20082
0059009b
0063007a
009d009a
00ff00ae
007a00aa
008e0075
00a0007e
00a7009a
008b00a2
00b50092
00e900bd
010200d2
009600b6
00aa00a3
00be0079
00590053
0096008d
00c800a7
007e00ad
00a30083
00a30087
00a20083
006b0074
007a0083
007c0075
00a7008b
008e00c9
009800f0
0081008f
0091006e
00a50085
007f0086
008b00c8
00a500df
00910078
00810096
00bd00b0
009d009f
004d004d
00810060
009b008e
00b8008b
00cd0095
009b0076
009d00b1
0099007b
007e00ab
0085005f
00a500a0
00b300b2
0081006e
007a0099
008e0097
00790071
00750067
00510095
0079007e
00720087
00ae0083
00ae007a
00ae00b2
00b50099
00cf00a6
008a007d
00ca00f5
00f700b2
00e000d3
00b500a6
00b600ce
00a50099
0091005e
006c006f
00950093
00dd00f0
00a200cb
01060091
007c00af
009e0093
007500a7
0063005d
009800a1
00a100b9
0082006c
00750087
009e0098
00da0085
0074005e
00820077
0081009e
008e00a3
007a00a3
006b00a0
00a500a0
009d006b
009f008d
00650077
0089007d
008b00be
00890085
0092006f
00a1008f
00900085
00750067
0061006d
0096008b
008b00a7
00b800e6
00c00073
008b00f6
00970099
00840096
00610050
00d900a8
008b006f
0073007a
007a0099
006b009d
007b00b9
0074006d
0055006e
009a009e
00850078
009d0091
008b0088
00720091
006f00b5
00aa00b3
007d008a
00a200c7
00e300a0
00b700a0
007700ba
00b3008f
005a0095
00410053
00810057
006f0065
00820081
00820093
008700a0
007f0087
007a0079
0087007c
007f005d
009e00cf
00ba00d1
00c8008b
00620067
00a70090
0086007a
00560056
00610085
007d0072
00a30073
009f0099
008e009e
00a70091
00aa008f
00a000a7
00660080
00d300a1
009800f8
00ae00b8
006c00cb
00c600ab
00bf00a0
005a0060
00a0005e
009200ad
009700a1
00a100aa
009a008e
00ae00f0
00da00c5
009f008b
005800a2
00b900ef
00c800cf
00d200cd
00d900c5
00a900b9
008d00a3
009a008e
00760082
014e0110
00d900c1
00ae00f6
00cb00c7
008600a9
0091005f
006e008d
0065006d
00a3009a
009e00e3
007b008a
00810081
008200b6
00a300a5
00770083
0083006d
0061008d
00780092
008800bf
006d00d7
00ae0097
009a0096
00ab0095
006a007d
00c00092
0085009d
00920087
008c0066
00cf00f2
008700b2
0078004d
009b008b
007f007b
0089008d
00ae0096
009600e8
009300a1
0089007e
00bb00b6
006d0083
00a000a1
00b00098
00650089
00730086
00c80091
00820076
006d0065
0083008c
0082007a
00820096
008a0074
008f0092
0098008b
00720077
009800b1
006d0061
00a0008c
00c5009d
008e0099
0071006a
00920099
007c0090
00790053
004a007d
007100aa
0075008f
00ad009a
007f0080
0099006b
008e007b
009800ab
005f0079
00b900a1
00c700a6
00920071
00860072
007d00e1
00d90077
00750076
00690075
00b30067
0079006d
00850096
008a009d
00eb0081
00980085
0083009f
005a0064
00a3008f
009200d8
00c600ab
008c0079
00af00ba
008400b3
0069005a
0067006b
006a007c
00c000ca
007f009f
00820083
00a2009a
0073005f
00bf0084
005f0069
009a00b1
008a00a8
009b009a
009f006f
00a900a1
00ba0095
0046006b
0060008e
007b0066
005d0086
0081006e
007e0093
009000a1
006c00be
009800d1
0090008a
00b9009d
00c200a7
00da00a7
007b00ce
00a100c9
008900c6
006a0089
009e007d
00a700aa
0095008b
00c500ca
00800091
00df0078
008c007d
00b1009f
005a0065
0081008a
00a500ad
00b30082
00a7005f
00bb00b9
008700b2
004e004d
00a50095
0079006a
00830072
00c9006d
0086008f
00660089
007e0087
009e009d
00710085
007e00a6
0096008b
008b0077
00820099
00a900a6
00ad007b
00630070
0055004e
00c800aa
0071009a
009500a1
008b008d
00a0007e
00c60096
008b0084
00540056
008400ba
00b300d3
00c100c5
00a0008b
008b007b
007b00f5
00700058
006b0073
00c0008a
007f00a8
00670097
00be00bd
00b3008b
008200b1
007a00bf
007f0067
009500f3
009f00ad
007f007e
006e0071
009800a6
00a20080
0077005a
005d0074
008300a2
009e00e5
00890092
006b00a6
00c100b5
00b30083
00c800ab
0083008d
00db011f
00b000ab
00ce00b6
00930091
00ca00a0
00ce0099
00530051
00980097
00ae00a0
00a30092
007d00ce
008e00a2
008f0088
00c100be
009f008f
00760087
00b000ba
00b300c8
00ba0089
009e00ab
00980099
00d600af
00640062
0082009b
008d00d5
00a3008b
008200a1
00c300c1
007a00b2
007b007d
00bf008f
00760082
00c5008d
00b200ea
00660083
006d008d
00ab0076
0091005d
004d0067
0062006f
0070006b
00ab0059
008900a2
0072008e
00a6007a
00b100a0
00a100a9
00670062
0129008c
00aa00a5
00b0008a
0079009a
00ad0087
008b0083
00600061
0079005d
009500a3
007f00c2
008800af
0088007c
009700a8
00850087
0091008e
006e008f
009e0098
00810081
00810095
00590092
009300a7
009e0075
00750063
008d0084
007a0089
006a007a
007f00a8
00b100b5
0091006f
00830097
009f007f
00510056
0096009f
00c90096
00b9007a
007d0091
009500c3
006b0095
005d0051
004f005b
008400a7
007f0076
008b00ab
00bf00a6
008100b7
00720085
008b0085
00650086
00eb00b1
00a800c6
0086009f
00720089
00c200a8
009700ae
004b0057
0053005e
00670091
006b0073
009f0099
007b0093
007f00b6
00840069
00cd00ab
006f006e
008a00b0
00b700af
0069008b
007f007f
00e2007f
00a30068
008b005d
007d006f
007a0079
007e00a0
00890091
006000b8
009900a0
0091006e
009f0083
0050005c
009e00ba
00b300e5
00ce00a1
007b008f
00b300f1
0092007c
00600067
00780069
009f0089
00910083
009900ad
009a00ae
00c00072
0077009f
0098007e
0060006f
008e009d
00960087
00c20071
00630097
00a900a0
00ca0062
007f008b
006a0083
00760085
0076008c
00980090
007600a5
009a0097
0072007b
007b00ab
006f0062
00b00084
009900b3
00b7009e
0093007b
009f0091
0097008e
00770075
008b005b
0070008d
00a30074
00960091
007a00c6
00850087
006f0083
009f008a
00710052
006f0082
009e0093
00660093
008c0054
00810096
009900c1
005a005d
005f0075
00830093
006f008d
009d0086
00a0006c
00b30083
00c80087
00a10097
0063007f
00b100ab
00a200a7
0091007b
00770092
008900b6
008b0087
00810066
00670069
006b0082
008e0092
00ad0095
00620092
0076009b
007d0066
007a0087
006c006b
009700c1
008a008a
00870087
00780073
00c300cb
00a00090
0046008a
00650063
006f009e
007b0090
00c10081
008e007e
008200a6
007b008e
008e00a5
00790079
009a00ad
00ba00c2
00900092
008800b1
00a300c3
007a0082
005b005d
00720079
006d0097
0099009b
00870096
00a70098
009f00a3
00800087
0083008d
005a006c
00d900a1
00b100d1
00ab0097
007f00a1
0082008f
00bf009f
0062005e
00540070
00b100a5
008d0078
00c700ab
00920071
0090009f
009200a2
008a00aa
00680086
008200d2
00b500c1
0087007a
006a00a8
008e0088
00b00091
00630059
00830096
00610085
00930096
00a90097
008500ba
009f0090
007900a3
00a800a3
007a0057
00a30098
00aa0093
009b009f
0084007e
009200a8
00960099
005b0090
006f007f
0088006e
00a2008c
00950093
009000aa
0078009b
00720082
00d50090
00a50075
008800a9
00ae00a7
00760089
006f00a1
00a90091
0079007d
006d0052
0084005d
00780066
007e0089
00980080
00710093
00b100cf
00800089
00c30086
00530061
00b3009d
00bd00b5
00850085
008d0086
00a00098
00d30087
00590066
0053006f
007b0063
007900ab
009a006e
0087008f
009e006f
008d007d
007200e3
0065007a
00b700a8
00b700f3
00890079
006b007a
00a800b8
009900a8
007a0063
00820082
006600a7
00b10097
006600a9
008d006b
009100a2
0084008c
008f007e
009f0066
006a00aa
00b200c2
009d0085
007e0071
0099007f
00800083
0050006b
007c0076
00820090
0077007d
00a700e7
007a0067
007f00ca
008f008b
008400ab
008e0066
00af00b6
009700ad
009600cd
009200a6
008100a9
009800dd
007d0075
0070007b
009b0073
00a60073
006e0092
00810085
007d0083
00a60076
00e100b7
005e008e
00880095
00d600d2
00ca00ed
008900be
00c000a1
0086008e
00720062
006c007a
008a006e
00950087
006a007b
008b00ad
009600a1
0092008a
00b300f9
007d0083
008c008a
00b600e0
00b200ab
00c900c1
00a80092
00ce0097
006e0076
00820086
009f00cb
00ad0099
00a800e8
00d200a1
009200d3
00bb0081
008b00b5
007d0085
00b30091
00af009d
009500b2
00b6007d
009200a3
009e0081
006b006d
008e005b
00af0080
008700ab
008e00ae
00ae009f
009f0092
00ab009b
008f0071
005b007d
00ab00b7
008d00e7
007d006f
00530059
009b00ba
008f007d
00710073
007f0061
006f0089
007600a1
00710095
009a00a1
00a500a6
006c0081
009a0073
0059004f
00c800a6
009b009d
00800087
0061007f
00ad00a3
00ad0089
004f0053
00720065
00880073
0076006e
00a300a9
007b009a
00b500ab
00a500ab
00d500ad
007d0082
00c800af
009f00a2
00a500c2
008500d1
00b000ca
009600b5
007e0075
007e0073
00cd00b9
00d000bb
00e800b7
00db00c5
00af0088
00a0008d
00cd00ad
0095009d
00a20089
009a0090
00750071
00710072
009300b2
009a00a6
00550077
007e0096
00d20091
008500b8
009500a7
009500a5
0090009b
00a800a0
008c00a3
0078006c
009d00ab
00e500b1
007200a5
0072008b
00a000ae
009d009d
0066007e
006a009d
00c8007e
009600ab
008c00b3
007c00cb
00c500ba
00b00083
00b100dd
006d006d
010f00b2
00b900b6
00ee00a3
00be00a1
0095008b
00b600a2
00650074
00640077
00c700e7
00980103
00ca00fe
008900ad
00bb00c6
00d500dd
00a100ae
00b10098
009e00bb
00c900a0
00d800a3
00e700cd
008b00b5
00b200c9
0077009b
00b500a1
01c2014b
00c300d0
00bd00b2
00e000d2
006b0091
0084007b
008d0077
008b0068
0095007d
00b10086
009f0059
006c0073
00b000b6
00980072
005f0054
007b0055
00670066
008e0096
00720072
00a3007e
009800c6
008f009b
008b00c5
0057005c
00cd008d
00af009b
0098007d
0056006d
00a2008e
00920081
00530073
0080006a
00a80075
0078008c
006f00ad
0069009f
00cd0072
00b900a2
007b007e
005f0060
00a2008b
00a700a9
009800a2
007f00a0
00de00a0
00a800cb
0077005f
0089007f
00a30095
00a1009b
00a6007a
0095008b
00aa00ca
00680083
00a500d6
006e0079
008700a3
00cb0097
009200aa
0071007a
00bb009f
00b9008e
0072005d
007d007d
00c0008e
009500ab
00ad009f
008f0099
00b3008f
008f00c0
00af00ab
008900b9
00b100d1
00ba00b9
00990081
008700e0
007b00bd
00b600e5
00580066
00580061
00950090
00b300b2
00a700ba
009300ae
00df009e
00c300bf
00ca00ab
00650065
00b1009e
00cd00b6
00b70098
00c100b5
00a30091
00f000a0
0072005d
007b008c
00a30087
00a500cb
00b300b0
00a100a9
00960089
00a7006d
00a2007f
00750079
009900a8
00ce00d6
007f009f
00770062
009100d1
00aa00e3
0063005a
00700067
00b90089
008b0100
009a00ab
00ad00c1
00a800aa
00b700c0
00a700d0
0080007a
00a300ad
00c80093
009300a5
00a700a5
008900a0
00710075
009b0062
0081007c
00710061
009800d1
0084008b
009600ab
009e0085
008800b3
00a2007a
005d006b
00a8008e
011b00a6
00950096
008c0093
00b5008c
00bd0092
005a005f
005e0059
008a0089
008600bf
00a50098
00a30085
008900a8
009f0075
009d00c1
0071006a
009200b0
00c900b2
00b700ae
008100aa
00b500b6
00ba00a9
00670077
0075005e
008100ee
00b000ae
009100a5
00a10074
00b300b8
00cb00a3
00a900b1
006e005b
00b700d2
00aa00bb
00be00eb
00b6006f
008300c0
00c600ad
00750067
0099005f
009e0083
00f500de
00b100a6
00eb00b9
00c60097
00b2009e
00ba00a1
0067007b
00a9009b
00be009f
009800bd
009700af
009500ab
00b900be
00650060
0092006e
00d600a1
00a600d0
00840072
008600b7
0077009b
00650090
008f0099
006a0051
0092009e
00a200a6
007f007b
00880092
009800ff
00690079
0066006e
00a1007e
006a00ae
006e008b
0087008c
00a1009b
009b009b
00990074
00720088
0063007b
00b500a0
00a3008e
00af007f
00820086
00a80084
007e0097
0052006d
005c0053
007d0076
00820074
00b200a1
00a00090
008f008d
008d0085
008c00d7
00a8006f
00da00bd
009200a7
00980098
0099009d
00a800b3
009e00ab
0076006a
0081007d
006c0082
0098007d
00750086
00990070
007600cb
00a100b5
0092009b
00590074
00970076
009f00cb
00bd0087
007e00b8
00a6008e
0098008d
00570050
005d0071
0077009a
00a30081
0087009a
008a0086
009300d7
0099008a
00aa0090
00670062
00ae00f3
00a900b1
00d1008b
007e0093
008200bb
00ba0089
0062006f
0063009e
007d0087
0079009b
009a00d3
00ab0088
008200b5
008a009e
00980087
00520069
00960093
00aa0096
0091007c
008a0061
008d00a2
00a0008e
00610063
0084006b
007b006e
009f0086
009d0098
009d0077
007b009f
00a600b0
008500d8
007f0062
00af0092
00e90099
00b000ad
009f00ad
00b000b2
00bb0090
00780056
00a2008b
00a1007e
00a20063
008b00c3
0095008f
009700bf
006c006b
0088008c
006f0066
00720095
007200a5
009d0092
0065006d
009a00a6
00b000bf
0058007a
00630072
00680089
008a0092
0092007e
007a009a
00a8008e
00bb0083
009f0076
0058006c
00a7010b
00b2009e
00c200ad
00a000b5
00a100af
0092010a
00580060
0063005b
00c0009d
00a10092
00a20096
009e0098
00b600e1
00b700aa
00b10085
0079007f
00ef00ef
00b5010f
00b000eb
009e00aa
00b800b9
009f00a5
0064006c
00750063
00ab00c8
00ae009e
00f600aa
00da00a2
00830077
008d007a
00890085
00720081
008e008b
00ad00cb
00860097
00720092
0098009a
00990092
0059005f
0062006f
0086008b
0072007b
00a50074
009100c5
00a90092
008e0072
00ba007a
0062008e
008900c6
00a900aa
00a6009d
007a0069
00bb00ea
00b0008a
0048005c
0066005b
0082008f
0062008d
00be00ad
00a100a8
00a70096
00ca00c3
008000d9
005700c0
00c0009d
00bd00a5
00bb00d1
00b600ce
008f00c5
009100f6
006b006a
0085007f
00a6008a
00b200c6
00b900e3
00eb00d8
007b0096
009600a3
00750076
0064005d
009300c1
00e100e6
00d300c6
00980092
008300ae
008600a9
00610077
00640071
0086006d
007d007d
00a7008b
007700a9
006c0081
009b007e
009b00a8
0056005d
008e00a0
008700b5
006c0095
007d005e
00a30096
00770077
00560071
0062007e
005f0077
00710066
008100c6
006b0096
0096009a
00960083
00810096
0072008c
00aa009b
00ef00a3
008b00a6
00910071
00ad00cd
00920086
00790055
00860070
007e0089
009a007a
00c20075
009200aa
00c3009b
00a100a2
00a70075
00740059
00b7009b
00e60098
00740098
00970097
008e009d
009e00cb
00570055
007b0057
007a0061
00710096
008c00e7
00810086
007500c6
009d0070
00980095
007f005f
00ad0108
00950097
00ce0096
009d007d
008a0086
008d007e
006f004b
00710062
00810083
00be0096
007a008b
00d1007d
00760084
0096006f
008d0099
007b0067
009d0091
00b2009f
007a007d
007a0073
008d00a0
008f0083
00730060
00620086
009b006d
00740089
00a7009a
00c6006f
009b0089
00ab00d7
00c500e9
00830078
00a000ba
00fe00b8
009800c9
00b600b2
00a300aa
00b0012b
005c0089
00700095
00aa0097
00e500ad
00b700b8
00d700c6
0097008f
008a00b9
0097009f
004d0065
008d00ce
00aa00c7
009300ad
0081007f
00c500a8
009b009e
00660059
006b0069
007a006b
008a0088
00d90077
00aa006d
0088009a
0091009e
009200b3
007a006f
008f0098
00d300b9
0076007b
00790077
00a100b2
008b008b
0061005d
0091005c
0083007a
006d006e
00910095
00a60091
00860099
00750075
0085009e
0088007e
00a900b2
00d1008d
009a0091
0086007b
00b80083
008c0091
008e005e
0075006f
0075008f
00ad00aa
00920097
006f0082
007500b9
00750075
00980099
0073007c
008c00b7
00d600c9
007f006a
0081005a
009a008f
0092008e
005c0064
00890063
00880065
00900089
006e00c8
007f00c8
00c600c5
00b200be
008d008d
00610090
009800b8
00e600be
00950097
006100a9
008d008b
00970083
007b006d
007b0056
00920079
00a10099
007300a0
006b008f
00bb0095
008b009e
00ba00c6
0063005b
0086007c
00a80076
0093008d
0082005a
00b7008f
00b0008f
0059005b
00810098
00ef0092
00a200c6
009e00a3
009e0091
00df0083
00a00073
00750080
00850085
00cf007b
00c200cf
00990091
007300a9
00c700ae
00ad0076
007e004e
007a007b
00810088
00db0079
009a00b7
00b10085
008100a9
007c00ab
0099007e
006e008a
008a0066
00b70086
00d10066
007f007f
008b0082
006f008a
0059005b
007f0075
0087006a
00970077
009900a1
007a008a
00a000aa
008400a6
008700b6
0057007c
009100ce
00bb00be
0096008b
00810081
00cb00c5
00910085
00470078
00ab008e
008000c0
00820074
008f0076
0081009f
00a00098
008f008d
00860095
006e007d
00bd00ba
00cd00ab
00d10086
00aa009b
00a300a2
0092007d
00760047
00a20086
006e00a9
00b500b1
009e00dd
00a70098
0096008c
00c10074
00b90086
00710097
00c50092
008900ea
0081009d
008c00a0
009b00a9
00ab0096
00730076
00670067
008300c5
008d0085
00850081
006d006f
00990091
008e0081
008500a1
006e0071
00c000b0
00ae00d2
009100aa
009a00a5
00a900be
009f00a7
0086005d
00690072
00780098
00850085
009800a6
007000b6
00de00c9
00af00b1
00d0008b
0071006a
00bf00b0
00b600e7
00d300a7
009900bd
0096009a
009e00b8
007b0085
008b00a8
00920087
00a200e7
009700ca
00ab00b6
00700092
00870098
00a8008f
00750051
0095007c
00a800c9
0072005a
006b006d
00ad008a
00860081
006a0061
005f005d
009200be
0086008c
009800a9
00ae0065
008b0081
00840084
009d00be
00510076
008a0098
00ef00b3
008400b5
007e0069
008e00aa
009b00b5
00670076
0088006b
008500bb
00a30089
00a700b9
00900095
007c00a8
00a10086
00a6009d
00510067
007f009b
008e009b
008d0085
008e0074
00ce009b
00a700b2
00770050
00660059
00930087
0095008e
009300bd
00770082
00a50095
010200c8
00b30086
0054007c
009b00bf
00db00af
00970091
008c00e9
009200a0
009600c0
0062006a
006b00a5
008b008b
0099009e
007d0096
00780090
0096008a
0077007f
009e0098
0071006a
00b70084
00c6007f
00b300b1
008e00ab
0096006f
00a8007d
007b0071
00740074
009900a8
0093007f
009d0097
009600b7
008a00a6
00af008a
00710089
00690082
00cb0098
009900b2
008700b0
007a00b8
00a6009e
008e0097
005e005c
0059008d
00720081
008e0096
00890072
00870091
0073006e
008c009e
006d00aa
005c0077
00c200c7
00e800ae
008500af
00930082
00ae0096
009a0092
00670055
004a005e
007100a2
007c0087
009b00a9
0082008a
00d8008f
00e1009b
009e00c3
005e0086
00f600a5
00bd00d0
00ca00c3
00b10085
009900b1
010600b0
00a900ca
0077007f
0087009a
00a00096
009600c1
009e00c3
009d007a
006a007a
005d007e
0069007b
01110089
00b800b7
008c00b8
008f0091
00990097
007e009e
0064006c
008e008d
009e0078
008b0071
0081007e
008d0087
00a9009b
0082006c
007b0098
006d0069
00b900ae
00a00099
0063006c
007e009e
00c500b8
00b5007b
00840066
00760055
008f0098
008700a1
00b200ae
00a600aa
008700a8
0070007b
008500a0
0064006c
00ad00a1
00b500cf
00790083
009b00a1
00e7007f
0096007f
00550069
007f007d
008c0075
008000a6
008b009d
00a300c7
00a6008e
0089008a
0082007b
006a0071
00e100c6
00bd0097
00ad00b5
008e0081
00e800cb
00a6008f
006e004e
0075005f
009d00b3
00730068
007f00c5
007e008a
0081008f
009e007a
00e1008a
007e0065
0098008b
00c000a0
009300a3
006800b1
009600a2
009700a5
00490065
006600a6
00a6009f
009100b7
00ad0075
00700065
00ae008b
00810078
008700ad
0088007a
00a2007f
0087008c
00a600a2
006c0071
00d80096
00a500b0
0063008e
0073009d
008e005b
008f0096
00740087
0081007e
00a50085
009d008e
008600b1
00520083
009e0099
00af00be
00d900a2
00a9009d
007f009f
0097007e
005d006a
0083006f
00c100c2
00990083
00b200e7
009b007a
00a000a3
00c500f6
00a700aa
00820078
00ae00e6
00f60135
00d6009b
009300ae
00b200a5
00cb0090
0080006e
0077007a
00ad0097
00b900ee
011200c7
00d300c1
007b008a
005e0061
00ad0087
005c006d
009200c1
00be00f0
006a0088
007d0072
00aa00a5
0090009b
006b0072
00580071
00830088
0092008d
00a500a1
00920091
00a50097
00960090
009200a6
005f0071
008700a2
00c600e2
008b008d
00870081
00ba00ab
008300a1
005e0062
006f0081
0076006c
008000a2
006e007e
009a0092
008f008e
008e009b
008700b1
00a80061
00ae0085
00b200c9
00b90086
007c006f
009600a9
0082009d
005e0072
006b006b
00840086
00a30087
008600bb
00b200b3
008d0089
009e0083
00bb00c1
004d0075
00950097
00a7008f
007c0089
0088008d
009f00aa
0080009d
006d006b
009a008d
008700d2
00b20095
009f00bb
00870081
00bd00a6
00b7008e
008300ad
008c006a
00fd00c9
00b800d3
00b000b0
00b000b9
00ce00a5
00a000d5
00790065
00910086
0081008f
00b200d2
0091007f
00790084
00d7008f
00890092
0075009d
0089006d
0099009d
00b100b5
00a00092
00ce008b
00af00e1
00950083
0063005f
008f007e
00af0087
00c100ae
009700a0
009600b7
009200a7
00980082
00be007d
0063007a
009e0098
00b600d3
008700ae
007d0075
00bd00ba
00bf007a
005a0069
0079005c
00670083
00870089
008b00a3
00900073
00750070
008c0091
00b5009d
00720073
008e0090
008f00d6
00b000a0
00880092
00a300a0
00aa0081
00710053
006200a6
009d0082
008a008b
009a0082
00720092
007900c7
009100af
009300a1
006a005d
009f009a
00bf0092
00790093
008400a1
007d009b
00a5008e
005a004e
006b005e
007e007e
0076008b
0072008d
00820072
00ca007f
0087008f
009d00bd
00780086
009300a3
009900c1
00a1008d
00a30083
009800b6
00870073
008a0078
005f0077
00970091
007a00b8
00b100ba
00a20097
009000a3
009600a2
009100ab
00790085
00730096
009f00c8
007a00b6
0085007a
009d0092
008d0095
0057006a
0067007a
00800086
008a00c1
00620093
0096008c
00a600ab
00ab0086
009900c2
00650083
00b00098
00d3009f
00ad00a1
0074008b
009200d2
00a900ba
006b005e
00620075
007b00a0
00c500a3
00690071
0099007b
00db00b3
008800c2
008a00f6
007a00b1
009500d5
00c000b5
00f500df
00c300d2
00d5009e
00b80097
00740071
008d007d
00a500a6
00db00a0
009f00d7
009a00d9
009600ad
0099006f
00e80085
007e007c
009200ae
00b300a9
00a30096
009500ad
00a5008c
00900082
005d0068
00850066
00a60091
00ab008c
008800a8
008a00af
009d00c5
009e0083
008900b8
007d008c
00be009a
00f200de
00a100ee
0077007b
008d009f
00c700ab
005b005e
00730093
00a100ad
00a9009e
00c300cd
00cf00bd
008a00a9
007000c1
009d00ae
005e0067
008e008b
00c00092
00840085
00900078
008c00d6
00a60097
00510057
0076007e
00850073
00790069
00a200cb
009200c5
00d700cb
00c800a8
00eb00d9
00c80093
00d000af
00db00bb
00ea00dd
00d800f0
0098008a
00f9007e
00600074
00c6008b
00f80096
009700ba
00e200b2
00ed00da
00840086
00890079
00790071
00640052
00810096
009100b8
00830092
0065008d
00a000ba
00820097
005e005e
005e0063
007f008e
00a60084
009300a1
0084006e
008f009e
008900c8
007e0095
008000a5
008f009a
00d0009f
007c00a6
00950073
00ae00a2
009e00a8
00760083
00a30076
009f00b2
008300af
00a000b5
0092007e
00a60090
009a0086
009300de
00610075
00c700ae
00db00d0
009600bb
009e00c2
00ad00cb
00a00098
0060005a
00910075
009100c5
00bd00a0
009e00c7
00c200b6
00b000b5
009200d0
008e00b3
008a0071
00ae00ef
00e600b7
00c500c5
00c8009b
00ad00c8
00cd00b9
006d0077
00c50064
00f9010f
0092009a
00f000bb
00db0085
00a200a5
008f0086
00b00083
0087004f
009500a0
009900a2
00960093
0069007b
00db00a2
00840089
00630080
006a007f
0081007b
00a8008d
00820085
00710097
00bd00d8
00ae00ed
00a30083
007e007e
00b700d6
00c100af
00a100b7
0086008f
00960077
009d007e
00ae0095
007d0078
0080007c
00bb009d
0087008d
00d100a5
00b5009a
007d00c9
00a50098
00850059
00b500f2
00d500d5
00b100eb
007d007a
00af00b1
00a10095
005e005e
008900a8
008c006d
0072007d
00de00c9
008e00ae
00b800c5
007100aa
00ce00a5
00690074
009900e5
00b1009d
00ae00ae
0082007a
00930107
00ca00aa
0062006b
0086005d
00ba008f
00880087
00be0077
008f00df
007800c3
007e0087
008000a7
0073006c
00800089
00a200a5
009800af
00780097
00a100a7
008900ca
004d0063
00810064
00920086
006d0082
00820086
00840069
00970099
00bb00a2
00c50097
009e0079
008c00ce
00bd00e9
00ae00ba
00ba00a8
006e009f
009b00db
005d007b
0091008a
007700c6
00c700ae
00c300e1
00a900a2
00bf00d1
00a6007b
00b000c2
008d0078
00c000a6
00d900b1
00990091
00a70095
00a800a2
006700a2
00760051
00790057
00ab0089
00a7008a
008a00bd
006500a1
00cb00a3
009000b1
00a100bf
00780071
00bf00b5
00fa00b5
00b500a6
00870071
00cf00c1
00ad007f
005a0073
005e005d
008d008d
00720083
00ae009d
00820095
00a500a8
00760072
0082009f
0076007d
009500b3
00cb00a9
00a20083
008e0073
00b20095
00840087
006d006e
00650070
009d0081
00900073
00860083
00c9008b
009f00b1
00a6007e
00ca0082
00610078
009100ae
00c800ad
00ee008e
00c000b2
009700a1
00ab0093
00770050
00820081
008b0072
0089006d
008b00d2
00b100be
008e00c1
008700ad
00900093
004e0070
00cf00a7
00bf00a1
00a300a6
00ad0071
009900c9
00c10081
006d0052
00690059
00960097
00b1007f
007b0087
006e008e
008b008e
00880059
00850087
0071005d
007100cd
00b500ce
00ce008e
00990095
009a0099
00960095
004e0065
007a006b
00770098
007200cf
009600aa
008d0069
008d00c1
00c100d3
00b600a2
007f00a6
00bf00bb
00f800db
00b000c1
010d00ba
009f00bd
00bd00d7
005f0062
0069006f
009e00bd
009800df
007c00c6
009600d6
0097009e
0088008f
00900103
00650068
008900a6
00c200bb
008b00b9
008b00bb
00b000b7
00a6008a
00620069
0082007e
008800a5
00930090
00d60091
00830091
00b500b1
008100a2
0099009a
00780060
00b900d3
009e00ca
00fa00ce
007a00a0
00b60079
00af009e
004f0064
005a0076
00b0007d
009900a7
009f0092
00b900a1
007300a5
007f0092
0098006b
0074006c
008a0092
00c900c0
008e007e
007a0076
00970086
00a1008a
005b0087
007a0063
009a00a1
008b00b8
00b50072
00c000a9
010500eb
010e00f7
00c200df
00a700a7
008500a1
008800af
01150117
00f2010f
00a9007b
009e00a1
00c2009f
00d10081
014b0111
00c900d5
008300b1
011600ee
00690083
00770077
00a60093
0079007b
00ba0088
00ab009b
00720065
0064007d
008e0080
00800083
00a1006a
00710065
006e007f
00b80097
009800b0
009000a8
00c3009a
009e0093
00d900ad
00680063
008b00b8
00b60099
009800b5
00890095
00c60095
00af00b1
0073005f
00630087
0083008a
007c00ae
0072008c
007000ae
0091008d
00710091
007b009e
00590070
00ba00ad
00d600ad
009a00a5
007f006f
00a8007e
008a00c7
0054005b
0058006f
008c0082
009800e3
00b000b3
008b00aa
00b700c1
0092008e
00d80092
00770082
00ad00c8
00a200a1
009d009b
0089007b
009a00b7
008a00e5
00530064
00790072
00830096
009800e5
00b000db
00c200a6
009a0099
0070006f
009600c5
00790064
00d100a6
007200bb
0082007e
00750076
00a600b8
00a00083
0061005f
00660062
006e0082
00980087
00990077
007f0096
00c80082
00a10084
008f008f
005b0085
0096009f
00d200ca
00af00a0
0090009a
00ad008d
00f2008e
005b0052
007a0072
0083009d
006f0091
008d00c8
00bb0087
008e00db
00be00df
00b700ad
00960095
009300df
00ef00b9
00d900c8
0099008b
009a00be
00ab00a8
006f0066
00790074
00a700e2
00ae00da
009700c2
008a00a5
00b9009f
00b50082
00a600a6
00670075
00ad007e
00e700d1
00bd00cd
00970092
00b800a9
00780087
005b0067
009b0066
00ce008b
009600bd
00980088
00b9009e
0095009f
00950076
008200b6
006c007f
00af00c0
00c30091
007a00a0
007f0087
008000a3
009100a8
0068005e
006e0062
006e00a2
00af0076
00a70090
00820086
009700b6
009a009a
00a900b2
008b0095
00d500c5
00d900e3
00a500ed
008c00d1
00c800af
00d300b5
00910074
00a20092
008900aa
00a100f1
00b700c3
00e700a3
009a00bb
00830091
00800086
008200a1
00b900ee
00d900c2
00bb00d7
00c80089
00b3008c
00d30096
0063006c
006a0083
00a700a8
00ab00a3
009a00d8
00a5008e
00bd0087
009b0097
00aa00b7
00690082
00d900aa
00e100de
00be0098
00860087
00a000c0
00910097
00600082
00780060
009700b5
00a800bd
0095009b
00d10099
00980098
00be00b0
009f0077
0083005f
00be0101
00a80093
00c700a9
00ea00a8
00ae0085
00b000d1
00590067
00650068
00b300f1
00b500ab
00c500c2
008b00a3
00a800b7
009200af
00880098
005a005b
00d000af
00af00c8
00a700a2
00950098
00a10092
00d900a7
0064006b
00970064
00f1009a
00aa0095
009b0091
01000083
00e800b3
00960098
0099009e
009a0073
008900d1
00c200bd
009d0089
00780095
009a0096
00a00085
004f0062
00960088
0089007b
00c80088
00fe0088
00b500a3
009e00a3
00b100c2
00c50093
00a000e2
00af009e
00cb00bd
00c300d9
00a6009a
00ab009e
0092007e
005a0077
006f00bf
00cd00a6
009800c0
00e300af
009100bd
00e7008d
007e0087
00ad0086
0093005a
00a600a9
00fd00a1
009e00d6
0081006b
007500b7
009300a6
005b0064
007a0062
006d0072
007700a0
0093009e
00bb009a
009f006d
008d008f
008f007f
0077005f
008f009d
00aa00ae
00930086
009b0089
009b00c3
00af0092
00490073
006a006b
00970075
00a1008d
009b00b1
009e008a
00b60079
0089007d
00850077
00630059
009800ba
00a30095
00720081
0069007b
00d800b0
008e0090
00710059
006a004e
006c006a
0070008c
00a90081
00780091
00bb00ba
0066008b
009f0093
0065006f
009b00b7
009f009a
008500de
008b0098
00a700a1
009a0087
005e0080
00710074
008c00b2
007b008f
0075009f
008e0081
009900e8
00b30063
00d5008d
005b007c
00a800a3
00c100c5
00b600bb
0099009b
00b200a8
00870095
006a005d
005d005c
00a9007e
00990081
00c600af
00a300b8
00de00e6
008800a9
00980099
00a60090
00890098
00c300f5
00cf00b3
00c1007f
008e007c
00a600af
00690072
00890089
00990086
01070092
00ea00b9
00a900b1
00d000d9
007c00b5
00810095
00b9006e
008700a2
00ba00aa
008e0093
00aa0082
00a600af
00bb006e
0073005d
0087006e
00ad009a
007e00cf
009000bd
009f009b
009a0096
009d00c6
00bf0096
008d007e
008700d7
00c300a1
00bd0091
00a2007b
009600af
00bf0085
00630055
00700063
00780085
00a8006a
00a5008d
008d00b3
009e009d
0086009a
0092008f
006d007f
009300b5
009f00e3
00c300ae
00bb0079
009900aa
00bb009e
007d0067
0065007a
0098007f
0088009f
00ca00a6
008400db
007a007d
006b007b
007e007d
005f007a
00ad0086
009200a7
00a900d0
007400a9
00a000b0
009200ba
00700041
00910078
00b000b9
0085008a
009f0081
006e0085
009a009a
009b0096
00c600a8
00770055
00df00a1
00c700c6
00e10095
00820083
00a500ab
011000ca
006f0072
009a007e
00890093
0095008a
00a8009d
007f00b0
00b500dd
009b00e0
00930082
0072006e
008700f6
00b900a0
00a500b0
009900a0
008d0089
00920071
00590074
00890079
00770081
009a00cb
009700ed
009500ae
00da00e5
009f0089
00960092
00bd0058
00d100a3
00ae00b9
00aa0099
008d0097
00bd008b
008c009f
00b90068
008e008a
00a500c2
009200c0
00990097
007d00a3
00cf00c3
00a500af
00af00a2
00750097
00a7009e
00aa00e0
00c200ae
00a300ab
00a800b6
00b900b5
0091005e
00800098
008d00b2
00b500cf
00d300a0
00c700cb
00af00a1
008b00a7
009d0095
0066008b
009100e8
00d00098
009d0097
008b0093
00b50088
00b3008f
00550060
00970063
007c00a8
008a009e
00e80091
007d00db
00b2009f
00830076
008f009d
005d005a
009900c6
00af00b7
009f007f
00960099
00a800b7
0095008e
0055006a
0055008a
0062007e
008f0089
00b70098
009d00b1
007d009d
00ab0078
0085007f
0071006f
009e00b0
00ae0093
008500aa
006e0079
008e009a
00a300c2
00530065
0085007e
007e0082
007e007e
0085009e
0083007b
007d009b
00ce007d
009a0097
00690064
007f00a5
00a100a1
00b300af
00a3007d
0097009a
00c000a0
00660063
0095007f
008d007b
006a0077
009f00a1
00af0081
0088009d
00a70088
009d00a1
00650071
00ae00be
00aa00c9
009b0084
00660071
00ab009b
00870097
004e0063
006f007d
007e009d
00860092
00840078
007f0099
008b00a6
00a000b7
008c0095
0073006b
00c600a6
00c30102
009900ba
00a60086
00c300ab
00ba008d
00580077
0087008c
009100ae
00a300a5
00950099
008f0081
009600a0
009300b8
00a80097
00790087
00a000aa
00cd00ab
009300c5
008700b1
00ad0091
00c500ea
0067007e
00920083
008c00a8
009200aa
00d900c3
00fb0086
00d100b5
00b8008e
0093008d
00790077
00ad00be
00d500a8
00c900bb
009b0099
00c00095
00a800b9
0087005e
008f0067
00bd008d
00a900d6
009200b2
00d000b0
0077009d
00830071
008700a6
0092005d
009d00a1
0084009d
008a009f
008c0085
00990075
00740070
006b0053
00920063
00b10083
008b00be
00ad00ad
008b00b5
00a1008a
007b0085
00cf00a3
0083005d
00ca009d
00bd00b2
009100a6
0097008d
00a9009e
00b000b6
008d008b
006f0069
00810085
009a00af
00ba00a1
008300ee
00c600a7
0091009f
00a10087
0050006b
00c9008e
009f00db
00d700ab
00aa0093
00be00b3
00ab00b5
0065005e
007a008a
00a50098
008000a9
009500d2
007900a2
00780092
006b00b0
00910096
005a005f
009b0078
00a00098
008b008c
0074006f
009e00b3
00c70073
005f0059
00860061
007e0099
00af0098
00b00097
00990076
00c100a7
00d8008c
0092008a
005d0076
00a700d3
00bf00c6
00a000da
009f0092
009600c5
007f00b6
004e0059
0068005a
00ca010f
00d10091
00950076
0067007d
00ad00ad
009500b3
008d00a7
005e0063
00b000cf
00b100cd
00a6008a
006a00a0
008f00a0
00800093
006b0070
00880071
008d0095
009f00b9
00b90074
009e0067
00a200b9
008d007b
00c000a9
007d0080
009600a9
00950093
00910096
00a3007f
008e00c7
00ab00ce
0056004d
00690085
00920096
00ae0099
00a500d6
007f00e2
009a00b2
00a600c1
00c900ad
00820075
00d800cd
00fb00ef
00aa0079
0098007e
00a700a9
009200c5
005b004f
007a0069
00b90086
00ce00d1
007b00d0
0079009e
008b0075
009e00a3
0093008d
0071005c
008e0097
00a900b5
00ce00bd
007a0093
009d009a
007400c8
00560072
00690082
008b0091
00d50093
009800a8
00ca00a7
00aa0091
00db009b
006a00b8
0086009b
00cd00e5
00e100d9
0098009d
011700c1
007800c2
00d600bd
00720065
0085005f
00ab00ad
008e00b3
00e300a0
009600af
00890097
00850072
00a80098
0082005d
00cd0088
00bb00ae
00770092
00750063
00bb00b5
00950089
0071005c
005e0075
008c0073
007900e6
008e009b
00a700aa
00ce00b2
00c500af
00be00aa
007d00bf
009500c5
00c600bd
00d70095
00a30086
00e000b9
00d200a1
005b006b
00660085
00aa0095
009600af
00b000ad
00a200ff
00960093
008b00a1
00c500a1
00750072
009a00e2
00c000a9
00aa00c6
009000bf
00d300aa
00e800a2
0059004b
00590067
008600a2
00710098
007a0091
008e009f
009a0093
00740099
00980086
005f005e
007d00ab
009e00d9
009b009a
0076006f
00a900ca
007e00c5
0065004f
006a008d
00710091
00be0086
0093008f
006b0098
009d00a6
00b80082
00d900b2
006b007a
00b20098
008d00c3
00cd0097
00870098
009900a6
00990097
00610061
0056007a
00a60090
00ca008b
00860095
008e0077
00a500b3
00c200d5
00d60099
00910073
00a600b6
00c3009b
009e0099
009a0089
00af009b
007800ca
009d0081
00b80080
00be00b8
00e200b8
00c000ad
00b50099
008200a9
008f007f
00730097
0056006f
00b300a0
00bd009d
00a000ef
00760082
009d00a8
00b60087
0068004b
00650058
006e0086
007c0091
00a9007d
00b6008a
00b700ea
008600cd
00ab007e
0076006f
007e00c6
00b800bf
008e00b6
0083008a
006e00ce
008d0079
00610050
006b007e
00aa0077
00770083
00c20083
00af008d
008b00b0
0099008f
00840099
0063008b
00d100c3
00dd00a9
00de00a6
00ce00d7
00b00098
009d0083
00790063
008a008d
009e009d
00c60098
00a900da
009a0087
008b00ab
008600b8
00aa00a2
005e005e
00d70083
00da00d7
009d0089
009a007a
009500af
00a8007a
00780082
00810093
00730081
0066009a
008d0085
0090006b
00810113
009d00da
00a300da
006f0096
00930096
00a8008d
0098007a
00760079
009d00b0
00ce00b3
008f005d
0081006e
0077006b
00b90099
009e0092
008d00e7
00b60071
008e0081
00ab0072
0047005a
00c60098
00ae00c5
008a00b5
00a10076
009d0092
008f0091
005f005b
006d0068
008b009d
009700b9
00cd009a
00950072
00a5008f
00da00c9
00a20095
00900095
009900c2
00d600a6
00ba00c9
009b00c6
009300a8
00820095
00690072
00a00065
00ab00bd
00b2009f
00e100bb
00dd00d5
009a008f
00b2009d
00b30073
0077007e
00a300c2
00ae00fb
00a000c8
00950072
00b50096
00bb00a2
00590062
007a0061
0073006f
0072008e
00a700a1
00be00a5
007e007c
0076007d
007c007f
00690056
00af009d
00af00bb
008900ad
008d007a
00a60095
00b0007b
00620062
0069008b
00a200b9
00d10095
007a0098
00850095
00cf00a1
00760077
00d000e2
006a0066
009300ab
00aa00ba
006e0085
00910069
00aa00b3
00a2007d
006b006a
00680088
00b6006f
009b008b
00860082
007d00b6
0092008d
0082008a
009f00c2
00920056
00c100a8
00900088
00c5008d
0086007a
009500ed
0079007c
00500065
007a005d
0089009d
0071007f
00950097
0084007d
008600ae
00ae007d
00800073
00760071
00970098
00a300b8
008800bf
00fa0077
00a200b0
0093008e
006b0058
008e0077
009600a3
00b600b6
00aa00ab
00a700a0
008b00ab
0073009a
00a1008a
00920071
008d00a6
00cb00ae
008d0074
00b70072
007a0075
009900dd
00970088
0089006c
00720085
00af007d
0064007e
0068008e
009700b1
00ba00aa
009800b5
006e0071
00bb00b1
00ee00fb
00a900bd
00c800ce
007f00a7
00ca00af
006c0057
0093006a
00a700b9
00b300cd
00a800bd
007800c1
009a00cd
00810085
009b0071
0073008d
00a500be
009d00ae
00c00093
008d0084
0091008d
0077007a
0071006c
0082006d
00880067
0097008e
00be00ab
00d0008f
009900ad
0096007a
00a80085
00550077
00d200ea
00a000d9
00d600b0
008300a7
009800ce
00ab0095
006e0075
005e0082
007e00df
008e0093
00830092
00930099
00990093
00ca00a8
00a0008e
0066006e
00b20097
00a800a6
00a0009d
009700c2
009e0077
00a800df
006a007d
009f007e
009f0085
00f60099
00910093
008200a6
0093009a
00bd008e
007200ce
006d005d
009200aa
00b90099
00da008d
008c008a
009f00a6
00a100c8
00750063
0071007b
00bb008a
009b00b2
00b9009b
00a600ad
00aa00a1
00a2009a
00890082
005c0070
00cb00c0
00b00113
008f00b8
00770076
00a100a0
00a200a0
00620069
005d0052
00860092
00ae00b2
00db00ad
00a10099
007600a3
00960096
007d00ad
00650066
008d0085
00de00d8
00b20079
009b008f
00a500ba
008d00a1
0056008d
00600055
00800092
00790083
007f007a
00a80086
009000ba
008c008f
00900082
00b0006d
00b8008b
00b300b9
008a009b
00ab009e
008f009a
008e0099
00650080
005f00a2
008f0099
00ca009d
009d009a
00a000c8
00a200a8
00b30073
009900e1
00610076
00b700ca
009500c7
009b00a1
00990087
008d00a0
00ba0084
0062005d
00720055
008300dd
00a2009f
008c00b9
009500b7
00c600a3
00be00ca
008200e9
0087008d
00d800d9
008a00b9
00c300ba
009d00a8
009800d9
00a100b0
006d0077
008300a6
009700a0
00d70095
00cf00d0
00a800a2
00b80093
0099009d
00ab0081
00660067
00eb00dd
00c700c5
00a500fe
00bb009e
00df00b5
008000bf
0063005e
0075006a
00a200ad
00cd00a9
00a800b8
00c000da
008200c0
0085009a
0096007c
008e0086
009a00b3
00d80086
00b700d3
0087008e
00a20087
00ab00ad
0079004f
007b005f
007d0092
0082009f
0087008f
00700093
00d200e8
009300b2
00b60097
0063006a
00a200bf
013000d0
00bf008a
00d60097
00f00081
011800aa
006100a3
00850079
008100a1
008d00fe
00a60093
00a10098
00850079
00850083
007f007f
00570069
007e00c5
00d0009e
009200ad
008b00b3
007e00b0
0086008b
00590050
00960055
0080007a
0089008f
00e1007c
009d0098
00f100b3
00a900bf
009900d3
007500be
00ee00be
010200a0
008400b9
0085009f
0087009f
00a90096
0062006d
00600063
00aa009a
00b500ba
00a200b6
00b700f2
0089005e
00ab008f
0091006e
004f006c
0086008f
00c800c3
006500c1
009600e2
00a800ca
00780093
0045006b
00660061
00670093
00b5009a
00920081
006e0061
0098009f
00b30083
00bd00a0
00810096
00c300af
00d8008f
00ae00c3
008900c5
00b100a9
00bf008e
00610061
00980085
00970087
00730085
00b900c6
009e0099
00b200a3
00d7008e
0079009d
008c0075
00af00b9
009e00cb
010300a1
009200ca
0083009a
00a700a9
0061006f
008100a6
00b700a8
00990080
00aa00d1
0092008f
00880083
009a0076
008e00a8
00810062
00a80093
00f800aa
00a90091
00ab00a3
00af00db
00af00b6
006d005c
006d0071
00730090
0091007e
00ad0093
00b2008e
0093009b
00ba006b
00a1008c
00850077
00b7009d
00a3008b
00b0009e
00d10084
00ba007b
009d0091
0071005d
00660079
0077008a
00af00a5
0085008d
00a200b1
009900de
00b90097
007a008f
00530096
008a00b5
00a300c0
00a8009d
006e009d
009f0071
00ba0081
00740062
006b0079
007b0098
0073007d
008f00c2
00a70072
00de0097
00c800a2
00c000a8
00890095
009e00d6
00c300e5
008b00a0
00b200c7
00a00096
00a100f1
00710077
00980071
00d50129
00ea0091
00b300aa
00a800b2
008c00d0
008c0089
008f0087
006d0076
00aa00bb
007400a1
009a0087
00730092
00840086
00a5009a
005d006b
007e004d
00900086
007f0099
008b0085
008600ab
008d00a6
009600d6
00ad00b6
007c007e
00ce00d3
00af009b
008700fa
005e0095
0093008b
007f0084
004a0073
0078006c
00830073
00890087
00a50090
0090007e
0097009d
00850091
00a200c6
0072007f
00a90093
00a000ce
00a30083
0067007f
00c30088
008b00a3
005e006f
006f0085
00a3007e
008e00b5
00ad00b3
00ad0097
00a70092
0089007e
008b00b5
00520072
00b3008d
009d00d6
007e0089
00910099
00a10098
00b9008a
00550073
00630064
006a0085
009e007e
00c1009a
008a0092
008b00b3
00870087
00b300c5
007e0085
00e800c9
00fa00c2
00c8008c
009800a9
00ba00cb
009b00b7
00730073
0076006d
00a300aa
00ee00a3
009300ab
0089008d
011500b1
00ee00d5
00ae00b7
00820087
00a300ab
00ce009b
00bf00ce
008900fe
008b00d5
00c100d9
00930070
00c200b6
00b900d3
00f200d3
00bd009a
00a000eb
00af00a3
008200b3
008b00c8
00a3007d
009e00ca
00ab00a9
009800ed
008f0083
0096007b
00990097
00660097
007f0068
00a900a6
00a900b7
00a9009b
009f00a2
009d0075
00970095
0092006a
00630063
00ad0099
009f00e8
00860092
006f00a9
00aa00b9
00b0007a
006d007f
00780076
0095009e
007400c0
008b00a0
007500bd
00fe00f2
008300b7
008100a1
00630082
008100b1
00c900e6
00a80099
00bd00b0
008d00e7
00a300c1
00850067
0057006b
00920099
00b3008a
00a800a7
0087008c
009900a8
00770083
010f00c0
008c0067
00c700bb
011700a6
008d009b
0076007b
007e00c3
010500fa
006f006c
006f0062
00a20082
00820077
0088009f
00b800bb
00c200a1
009d007c
00870097
006f006a
00b900b3
00e700c6
008b00d9
0095008c
009a0098
00b00091
0062005e
00620086
0088009d
00950093
009b00a1
008d0079
00ab00aa
008d00aa
00b00093
00870086
00bd0098
010e00d2
00c20098
008d007c
008000a8
008a00ad
0071005d
00a80089
00950082
007300a7
00d8009a
007900b6
00880092
00820086
009300b7
00830056
00b60098
00ad00ab
00cb00ae
00720064
008200b0
007900a2
00610076
00630068
008a00d0
00a30077
00b50099
00c8008e
009d00b0
00ab00a2
008f009e
00860086
00ad00bf
00e500de
00af0099
00b7007a
008d00d5
00a800a9
00860090
0076007f
00950084
00aa00a9
00e100d6
00d90093
00a800c7
00b200b7
00a5008b
00ab0077
00c900d7
00b500a7
009d00a9
0087009e
00ab00c3
009700b9
007c0096
007d0065
00870093
00c200c1
0081007e
00af007d
009d00a2
00970098
00970086
00840081
009a00b0
00950091
00b00076
00a80086
00d100b3
0089008f
007b0065
00a800a0
009b007c
00820099
00e60085
0085006d
008f00b8
007a00b1
0098008b
00750059
00c300af
00a100a2
008100f6
008900a8
00ab00a1
00d300c6
0054005c
0081009b
00ca00b6
00ab0082
00aa00a0
008100cd
009700bf
00b300cd
00990091
006c0062
00cf00a8
00f700dd
00af0093
00b300ad
00b500af
00c500f2
00710096
00810075
009d0087
00b5009b
009a0099
008f00b8
008d00be
00b200c8
00920096
006a0063
00a200a2
00a600b3
0082009f
0088006f
00c600c0
008c008b
00580076
00650075
007d0079
008b0089
009b00ab
006d007d
00870078
009b0095
00860099
0073007b
00a200ae
009200d1
00a700ad
00ad0072
009a00a0
00c60092
0063004d
0067005d
0092007a
00a000c3
00b300b6
009300b6
00ad00ae
00a00095
00a00093
00630070
00c200a1
009b008f
008200b8
0091006d
00b100c0
00ae009b
00620082
0081008e
00a70093
009900cb
00a700d5
00ae0089
00a200bf
008600de
00a80093
005b006e
009900b1
00b70092
00b800ad
00a600a1
009a010e
00b1009e
005d0074
00650075
0091007c
00cd0096
00f100d0
00d100ae
00a300a2
00af0099
00b50096
008d006c
00c6009d
00b000ad
00d600a6
009900a7
009900e8
009d00ba
007f006a
00a2008f
00ad00b7
00f700ae
00bd00be
00ce00ff
00a9009a
0085009a
00980098
00860071
009b00a3
00c800d0
00cf00e7
00ca008f
00ad00d3
00eb00d1
0071007e
0071007f
00a500e3
00cf006f
00d300b1
00ab00b7
00a200ad
00a80087
009e0071
00a1006d
00fd00af
00af00a0
0089007b
00990091
009b00e3
00a600d6
00a3005d
007e005c
009d0092
00a30085
0095009f
007300b5
007900ee
00a20092
008b009b
006c0071
00870099
00bf00b7
00be00b3
008500bd
00b200a1
00c60090
00a7005e
007c0076
00990097
008500bb
008b009e
0085008b
010e00b7
00b20085
00b600ab
00b60064
00ab00c5
00a300db
00ea009d
00af00c6
00aa009e
00c100aa
006d0067
00bd007f
00b50099
00ab00a0
0083009b
00ab00ae
00aa008f
007e0077
00aa009b
0061007a
00b600c7
00af00e7
0086008b
008700a6
010d00ab
00bd00bd
00660054
006c0078
008600a7
007d0097
00a50082
008d00d5
009700b6
00be00ea
00ab00cb
006f007b
00a10091
00a100e1
00c3009f
009800aa
00b500b8
008e00dd
004e004e
0072005b
006d00d8
009e00bb
0097009b
007a00d9
00a8009e
00a80077
00b80096
005e007a
00af0096
00890091
00d800a5
00b0006b
009b0099
009100a6
00510056
0099007f
00930082
00910098
00bd0097
009e00a9
00aa00cb
00c500b1
009500e8
0066007f
00af00d0
00cf00d0
00da00a2
00980077
00b70101
00b10099
006e0057
00830068
00be00e3
007d00c7
00af00c1
00e300a8
00a10089
00b50076
00990092
006f004f
00bb0087
00b200e9
00a500c1
00760083
00e60097
00a10083
00600063
007a0060
00a80065
007c009e
0088008e
00710086
009800a3
00d60083
0089008e
00650085
00db00bb
00a000e8
00b100af
009e00a1
00990089
008a009f
00530069
00680087
00850075
00be00ad
00b100a9
0093008b
0092009e
009b007b
00ab00a0
00770082
00a00091
00b300ae
00b600d1
00850093
009a00c0
00a500a3
005d0062
00720052
00930077
008000ab
00bb00a2
00c500c5
00c000a9
00e700d0
007e00ae
00a2008d
00ce00e2
00ef009f
00f000a6
00ce009d
009600a2
009100ca
00830063
00a2007d
00c500c5
00a200af
00b200d8
00bf00a3
00c800c9
00ae00ea
00df0093
007b0089
00ca009f
00db00e2
00e800b9
00c900a5
00a70092
00ba00b5
006a0086
00770084
00b900d2
00960097
00ad00d0
00e100b1
008900c3
0093007b
00b700a7
008b006f
00a2008f
00a300ab
007d0074
00a70075
009b00c9
00ab0076
00640067
00760073
00600074
00a90091
00b00096
009600a3
00b500b5
007e00b9
009d009a
0061007a
009700a0
00b600b0
008600a2
008a006d
00b100a3
009d0091
00580078
0077005e
0097009e
00b500b8
00a100ad
008e0092
00b700ab
00cd009d
00d600e9
0093007f
00be00c2
00d600fb
00b800d1
009e0083
00b200e2
00c500c6
00590073
006a0079
00e2009a
00a600d2
00b700c0
00b500b0
009f007d
00b500a7
009e00d2
00520075
009f0092
00b300af
00a000b0
00ba00a5
008200a6
00a50096
005f0077
00820051
00ea0089
0095009a
00a500be
00a00077
00c70096
00b600c9
009e00b1
008f006e
00b500a1
010500ad
00a10099
008f00eb
00ba009e
0099007f
00790076
00830068
00aa00b2
00bf00b7
00bb0093
00c7008c
00ce00e2
0091008a
00bb00ae
00700068
00b100f0
00c100e3
00c900b2
009a007f
009900b1
008e0097
007a008d
007f0065
00be0088
00970088
00aa009f
008500a9
00b5007f
007a0076
00a300b5
00740067
00b500da
00d700d7
00c60095
00950081
00a9008d
007f00ae
00830075
009d007e
007200b3
009100c1
00ab00b0
00b100a7
00b600e9
00d000ca
00ca00de
009900a3
00c200ad
00e800db
00c900c9
00970081
008700b3
00d6010b
006b0079
009b0079
00bb010b
00b700ae
00c100be
00e700b1
00da009e
00e5009b
009500b9
00830069
00aa00be
00f000e7
00be0088
00cf0075
00a1009d
009d00fa
007b005b
008a0066
009200a2
0088009d
00aa0083
00d800a8
00b000bd
00b90086
008e008d
0078006e
008f0079
00cb009f
009a00bd
00a000ba
009300be
00cd00e6
005d0056
006a0082
00a800b7
00c100a2
009f00b5
00af00bb
00a700bf
009300ef
00820093
00800081
00cd00b1
00c000c2
00b20098
00a1007e
00b800a9
008b00ca
009f00a7
008f008f
009700af
00b100aa
009900e2
00cd0095
00960085
00a6009d
00a500c0
00820079
00e300b2
00f200ba
00cb00b1
0092007e
00bd00b3
00b80093
0066006b
004c0085
007d00e9
00ae00ca
00bb008f
009600a9
00cd00ad
009700b2
00b8009d
007f0087
00a00098
00a600ba
00e900c9
00a200a6
00ba009f
00a00093
006d0067
009a007b
00bb00a9
00bf008b
00b60099
010d00a0
00930109
007000a8
009000b7
004f005e
012b00a1
00d300b2
00ad00a3
00730084
00b800bb
009800aa
00530063
00770076
009b0090
009100a9
00d0007a
00d200be
008b00d2
00b100bd
009d00c0
008a006f
009d009e
00af00b1
00b300b5
0087007a
00c1009a
00b900ab
00810076
007b0069
00870091
00c3009f
00b800c3
0099009f
00ca0095
009600aa
008f00b2
008e00a8
00a10092
00c800ce
008d00b1
00c00095
008200bd
0085009e
006d0069
0086007d
009900ad
00950093
00cd00cb
00ab00a1
009800a1
00ce008b
0091006b
00a60072
00c500be
00d700a7
00df00e8
0081009a
00a80098
00bf00bf
0062006a
00720076
00a1007f
00ba00c3
00d200c8
00bb007b
009f00b2
007f00bd
009300aa
00990076
00c600a5
008f00bf
008700a5
00cf009a
008a0092
009d008e
006c006f
0081007b
009f00bd
00e900ce
00a600b9
00ab007e
00da00c0
008100de
00df0082
00c30062
00b30099
00ae0116
00a300bb
007e0076
00c200dd
00cb00ad
0079005e
00700098
008c00b1
00b30092
00d200d9
00a800aa
00c200af
009a00a2
00a700b2
008d005b
00c800af
00db00a7
00fe00b8
00ee00f7
009600d1
00ab00bb
00730086
006d0080
00de00ee
00da00c6
0095009f
00d100cb
00be00c1
009b0076
00a7008a
00690062
00b500b7
00a600ab
00df00a8
00bf0093
00ca008b
00d800c8
005f0063
00670056
009900a0
00eb00a0
008f00aa
00b90070
00b00088
00a800aa
00b30098
00770059
00ba00ee
00cd00d5
00af00b5
009a0089
00cd00b9
00a900e9
005e0072
006e0073
00f000a8
00d200dd
00ab00bd
00bb00a3
00ab00ce
00e60082
00c700b8
00df0098
007a00b1
00ce00d7
00df00ed
00ce00be
009000da
00f700cd
00640092
008500ad
008d00ab
00cf00af
009b00c6
009d00da
00920103
00b900a6
007e0085
006b0071
00d300b3
010100d7
00c60089
009f0075
00cb0089
009b00b6
00790066
0071009b
00ae00c1
00a700bd
00cd0087
007c00bb
00cf0109
008400a8
008d00bf
0076008a
008100bf
00a100c9
00c70090
008b0078
009d0100
00a900cb
00810060
00a00099
00ae00a9
009d00d8
00df00a6
007b009d
00c6009d
009b0079
008a00b6
0069006a
009b00cb
009000a5
00910092
00990083
00ae00c0
00cb00d3
005c004f
007c005f
0086007b
007e0084
00ef00a2
008800d0
009a0099
00c200a0
009d00ab
0070006e
00eb009b
00b600e0
00b200e8
009200b6
00d900be
00c60085
0052006d
006e007d
009d009f
00db00b6
00850083
00a600b6
00e00089
00f100bb
008500a3
00700066
00c50099
00ed00f8
00af00b6
00930099
007a0092
00c00093
0063007d
008d0096
00a8009a
00bd00c2
00aa0097
009800ba
00bf00a5
009800ad
011200be
00790072
00bb00d6
00b800c6
00aa00d0
00ad00a0
00cf00a6
00d100b1
0062005b
0096007d
00c1009a
008f009d
00ea00a1
00b00073
00d9007d
008f0093
00c800a0
00860084
007a00a2
00b000cd
009700a3
00790093
009b0090
008f00cf
006d0061
005f0067
00730079
00a300ed
009900b9
008f00a7
00ae008d
00db0088
00840093
008800b1
009b00c7
00c600af
0096009f
008a0091
00c700c2
00aa00bf
00840091
009b0077
00ad0097
00c800a2
00a2008d
009500a3
00b10095
007900b2
0092008c
006d00b5
00c000d8
00d900c2
00de00bb
00a300aa
00ae00a8
00a200e1
00890079
009d0063
009e00cf
00f900ab
00b500b7
00ae00a0
00b1009b
00d3008a
009200ca
007b0061
00ad00c9
00c500e7
00bb0093
009500da
009a00a9
00a9009f
005b0062
007d0093
00a30071
00c10098
00a00097
00aa00a2
00c900b9
008a00ae
00a30087
0092006f
00fa00ea
00ae00d0
00b500cb
00960091
00c800b9
00a700d2
005e0073
007d0076
00a500ce
00b900b9
009600b9
009d00a1
009900b0
00f30087
00a10099
006a0088
00ae00a7
00aa00d1
00a500f1
00b800be
0091008e
00db00e0
0093005a
007600ad
008b00a6
009d0103
00df00be
00ab00b9
00f200c3
00d500a0
00c100d9
00760080
00b90093
00ca00b3
00ae00c7
00ae0092
008100a9
00af00a1
006f007d
006d0081
00a900bb
009f0112
00a900cf
00a700c3
007d009e
00a00076
00ba0091
0075007f
009b00c6
009d00ca
008e007b
006b006b
00ab00bb
007500da
00670071
0055007c
006000a8
009d0092
00a30092
009a00b5
00b900aa
00910089
00d600d1
00560065
00ae00b0
00b000b8
00a300dd
00cb00b7
00d000ad
009a0097
0052005f
0066009e
00920099
00e0009f
00e3009b
00c500ad
00c000a8
009800b5
00b6008e
0086006f
00a600b3
00d700b6
009800c7
0085008e
010300b6
00ad0090
00660066
009f0065
00da00a3
00a1008d
010700a8
00e700b6
007d00bd
007500c5
00920079
005b006a
00b200e3
00b600ba
008f009e
0088006f
008e00a3
008a00bf
0061005a
006f0093
00670073
00930076
00aa009e
00980087
00f5008d
00990093
009b009b
0081006f
00db00ee
00f600d2
009e00ca
00b90085
00bd00a6
00a800b5
009a007b
006c0082
00a10097
00b900aa
00a000c1
00cb00f0
0099008d
00a30085
0098008f
0086006a
009f00de
00b800aa
009100c2
00db00c5
009800af
0095009f
0069005a
00750084
00af0088
008e00a7
00c600d1
00aa00ea
00a900d5
00d800ed
00c3009f
00c60068
00ae00d2
00cb00c7
00ff00af
00cd00b5
009e00b6
009e00cd
006d0063
00970093
009600ea
00c700ba
00df00ca
00de00d6
00920099
00960070
00a2009b
0066009d
00c00091
00bf00ae
007f00b5
007d0068
008e008d
00c2008d
00670069
006f0067
00850081
008c00a7
009f00ae
00b200da
009300a6
00800084
00a600ca
004b005d
00b90093
00ae00d7
00b9009a
009b0087
00a30098
007f00a1
00590044
00670088
00950092
00b800a0
00af008f
008a007a
00b500a0
008500aa
009900b6
00680079
00a50098
00ae00a5
00c600e5
00b500d2
00b7008a
00960092
005c0071
00a2007d
00980087
00a6007b
00a200a5
008a008a
00c80080
00a70092
00a6009d
00750067
00b800a0
00ad00dd
00cb007e
007800c8
00b300cd
00ad0099
0075007a
006b006e
009a00c6
00ad00a7
00c90082
008500bd
009b00b6
00a90095
009b0093
0066008a
008b008d
00b700ab
0091008c
00ca008b
00c600cd
00a9008d
00790067
00620091
00a20090
00d100ad
00ab00af
009800eb
0097009e
009a00bf
0098009b
00670069
009500c2
00e700ad
009600a5
008300a7
009900a2
009a00aa
005b0051
00890076
008b007c
0096008e
00a700ab
008f008f
009b00c0
00db0093
007d0084
00650081
00a300b3
00bb00eb
00a900ce
007e009a
00bd00b2
00cf00c9
005e0057
00980076
00a600a7
00a500d1
00d100b3
00de00a9
00b60098
00b100cd
00a100da
00640082
00b10099
010800e7
009100a3
00bd009b
0095009a
007a0095
005d005b
006c006a
00c8008b
00c800b9
008b007f
00c300a3
0084008d
006b008e
009b00a2
00750066
00ee00b2
00c3009a
008900c8
00990079
00e100cf
00990083
004e006e
00890062
008e0085
0073007e
008500d2
008500a0
00bd0084
008b00a6
00cb008e
006d005a
00c1008e
00fd00bb
00aa009e
008900ce
00ab00ba
00a30095
0058006f
0073008c
00ad009d
009d0099
00760089
00b7009b
00a5009f
00a1009e
009900c6
008b0073
00b600a8
00c200b9
009a008f
00b200d8
008d00c0
00a800cb
006b0083
008b0085
00a7008f
00b300ab
009100e2
00c600d9
00980095
007d0082
007f0083
006a005b
00ba00b7
009700c2
00b500b1
00970098
008300b3
00ad0091
006e0063
007a0077
00960095
00c700a5
00890086
0099008a
00d300a2
00cf00b6
009d00c5
00bb006e
00c2009a
00b800f2
009d00dd
00cd00c5
009d00c3
010e00b9
00650051
00a20073
00a300b1
00b7009b
00cb00f1
00c800c3
00d800a3
008e006a
00990083
007e0098
00d900b9
00df0110
009f00c0
00a30082
00e200b8
00c70092
006e006d
006f0081
009d007a
0076009a
00ab00af
00b200b3
008b00b5
009700b2
00b0008a
00ce005e
00d700e1
00b800e0
00a000f9
008d00a2
0089009f
00a50092
00890056
007c0077
00a00096
00ae00a9
00cd00e8
00cf00aa
009e00cb
00b5008a
009e009b
00a20069
00c500af
00ce00a3
00a900a5
00ad0097
008200a5
00ad0092
00580061
00960082
009000ab
00c9009f
00c800b3
00f100f8
00ed00ad
00b800c5
00b800a6
00790067
00b20115
00d80102
00c000a8
00a900d8
00b500ab
00ea00db
00600083
007d0081
00a500d2
00cb00bd
00d200a6
00b500ad
00a000ab
00a600a7
00a000d8
00a200bb
00b600e9
00e70107
00a200a8
00bb009d
00a200a9
00920099
00660071
0089008a
00750097
009f009f
00bd00a6
00b900a1
009900d8
0087007f
00e100ba
008f0063
00ad00ab
00a600e8
00a500d3
00880086
00bd00ee
00a200af
00740060
00810078
008500a6
009600b7
011000fa
00b200e8
00c50086
009300a8
00b900a3
00760090
008800b6
00a8008b
009500a3
00a2006f
00950095
00af00b8
0060006b
008c0072
00af009b
009000c7
008200aa
0075009e
00730091
007400b2
00a20084
0071005b
00860095
00d500ce
008800ad
00a800b5
00d10098
009200a7
00510062
007b005b
008600cd
009b00c9
00ab008c
00a8007a
00c7009e
00a000a2
00860081
005c0065
00a500c8
00ab00ce
00aa008f
006a0085
00d20081
008d00af
0072006c
007b008a
006d00a6
0096009d
00b8009d
00920093
00a70147
00c2011b
010a00b6
00820081
00a100de
00ad00a2
00b600a5
00a200a6
00ee00a6
00b700bd
006d0096
0091007b
007f009d
00c300b7
00ce00e8
00a500ea
00df00a9
009b008d
00a60076
00600071
009600a7
00f7009b
00ab00aa
009b0093
007800a2
00d900b6
00760052
00850067
009a0064
00ad0099
008b0093
009d009e
00d700b3
009900cb
00a800ae
00980087
00e100d3
00ca00ae
00cd00b3
00a100ab
009900aa
007f00eb
00720074
008a0089
00b600da
00d500c0
00ad00ea
00db00c2
00b8008d
0086007f
007d0089
005b006d
00c2009d
00be00b0
00ae00a7
00bf0090
00d700c2
009700d5
006c006c
006e007a
0083008d
00bd00a5
00a000ea
0090009b
009300b1
009600a1
00a200a0
006e0054
00c9007f
009b00d6
00d300ce
008a0070
00b30082
007900b5
00620061
00910085
00990095
009100c2
00a10086
0092009b
00bd00b9
00c1008d
00a700af
00670081
008c0097
008e00c1
00ce0087
00910077
009d00e1
00d800cd
006e005d
006d006f
008b00ab
00b0008e
009200a1
00960085
009b00db
00b200c8
008b00a9
00b8005d
00ce00d6
00ed00be
00cd00db
00ce00c1
009900df
008e00e8
00680061
008a007c
00a000b5
00920092
008c00b5
009800da
00be0089
0095008e
0083009f
006b0095
00a0009e
00b500b5
009d0099
009f00b1
008c00d6
008f00be
006d0090
0073006a
008e00b9
00ab009b
008c00af
007d0093
009800a3
009900a3
008f0091
007a0070
00aa009a
00b600d3
006f00b5
008e0099
009d0097
00a00097
0055006e
00640071
0082009e
0099008d
00ce00ad
00840091
009100ae
008b0093
008300ad
00890084
00cd00a3
00b800ef
00b800d0
00c800cd
00b5008b
00c800b9
005a006b
0062008e
00900099
00aa00d2
00970096
008d00a8
00b800dd
00ae00c6
00b900d9
0076007f
0089008b
00ae00b2
010b00ba
00c500aa
007e0081
006f0071
006a0067
007c0077
00d90086
00d3009d
00ab009e
00b500b2
00ce00e7
009b00c7
008500a7
007c007b
00a600bf
009500c0
00dd00d8
0090007b
00a80077
00b600b9
00690067
007b0093
00cf00ed
00b300a0
00a800a0
00b2007d
00b600c2
008a00d2
00a200aa
006f007f
00b200a8
00b800c7
00c900df
00da00a6
00aa008f
00c300a0
005f0053
0098008f
009a0085
00ba006c
00de00d0
00bf008a
00cd00a1
00bd00b6
0095009d
0079007a
0097009a
00a300cb
008c0076
00c0007e
00b1008f
00790085
006d0057
007b007f
008000a2
00a900a7
0095007e
00a7008b
00ae00f7
00cd00ef
009d00be
00890080
00c100db
00c2010a
010b00b9
00f100c5
00a900ab
00de00b6
006b005b
008b0096
009e0091
009d00ee
008600d3
00b200af
00a300a6
009600a9
00ca00b0
00860072
00bf0095
010300f2
00d600ea
00b700a1
00aa009e
00c300a2
00750089
00a3007a
00b60092
009e00b9
008a007d
00ad00b0
00da0099
007b00ad
00a200cd
0078007d
00b900cf
00bd00d7
010d0089
00c90096
00a600b0
00b1009e
00620087
007e0083
007f00a6
009a00bd
00e00091
00ab0096
00910097
0081006f
00d3008f
0087009e
00ed00ad
012700d3
00b300a7
007600aa
00830099
00920103
0048007b
0053006e
00ca0093
00820081
00b700a1
009700ca
00fa0122
00aa00d7
009100a6
007f00a5
00b6009e
00c100bd
00b900c8
00b300b9
00f200ad
00be00d7
007800b6
008c0086
00cb00d2
011100c7
00b200b7
00c700a2
00c800e9
00b200a3
00b90098
00a7007b
00b000dd
00e900b0
00aa0093
00af0092
010d0093
00b5008c
00780072
00770083
00ae00b7
00ae00bd
00b10098
009e0092
009a00c6
008f00f7
009b009f
0065005f
009600c6
00be00a1
00b000c8
006b00d8
00cf00de
00a100b5
005f0067
00780092
009e009b
008a007e
009100c8
0097009b
00e7006b
00a10096
007600be
00760092
0083008e
009500ee
00b50089
0083008d
00ba00a1
0099008a
0055007d
007e0069
006a00b1
00960076
007300ad
007500a1
00a300e2
00b300a3
00a200b7
00820076
00b000c8
00ad00a2
00ce00c5
00a50097
008f009e
008f00ab
00820073
00ae0069
00a500b3
00d500fe
00ff00ed
00a00086
00ab00a8
00750099
00990089
00830063
009e00a2
00e700aa
009900e2
00950083
007200ae
009b008f
0078007d
00990083
00a5007e
0091007c
00960087
00ca007a
00b300a9
00a600c3
00a30090
00700072
00c100a8
00d200e5
00aa0109
009500b3
009e008e
00ab00d3
00550059
007b00a9
00ab00a7
009900a7
00aa00fa
00be00a9
008a009a
00b5007b
008900be
0069006e
00c200b1
00d500d5
00e000a6
008b008a
00c1007f
009100bf
00680056
00630055
008a0079
008a0098
00af009d
00920081
00a800d5
00da00aa
0086008f
00910083
00a800c3
00d50098
009100af
007400aa
00c100cb
00d300a9
00590081
00860079
009f0085
009600a1
00bd0098
00d500a9
00ad00f0
015e00e3
00b100d6
009600cd
00ae00b1
009600a7
012100b7
00fa00f9
00a500a8
00b900c5
008b0077
007a00b1
00fb0107
00fb00d1
00ff00e1
00ef00e2
00f100d1
00b300aa
00df00bb
006c006f
00b200a9
00e600dd
009300ae
009300af
00d200af
00ae0099
00630066
006d0071
00d500b8
00f700c6
00d100dd
00cd00a3
00c300af
008a0073
007c0086
00770073
009200c1
00b200ed
00a800c5
009100a0
00ae00ea
0091007e
00690063
009a0099
00860073
00aa009d
007a008a
008500a3
00a300df
00ba009e
00e500bb
00850098
00be009d
009300b9
009f009e
00d600b5
00b000a8
00a600df
00600081
0067008b
00bd007a
00a900c2
008d00c5
00960087
00b000aa
008700ae
00c0008a
00740059
009b0091
00c700ba
00b90098
00a50077
00b00092
00760081
0071005f
00750075
009e0084
00b1007f
00aa00b0
00ab00a1
00a500aa
00cf00a6
00e800a6
006b0069
009900a0
007900a2
00a1008a
00a30086
00af0092
00d600b2
00670069
007f0085
00ef00cf
00ab00c1
009a00a1
00b5009d
00bf00ff
00d900c7
009500c6
008e00e1
00f100bd
00c500c5
00b300cd
00b7010a
00c200ae
00c600f6
00af00a7
00a3007c
00b200b1
00b700b1
012700d6
010800f9
00d200cf
00b500c9
00b00098
00a9006e
009e00d2
00d700c2
0125010b
00b200bb
0092008d
00c800ea
008e0077
0099008e
00c0010f
00eb00cb
00bd00c1
00a700bb
00ae0095
00a700b9
00b900ab
005c0083
00a700b1
00d0009a
007a00bd
0091007a
00a000a3
00d2009d
00720073
0056006d
00f500b9
009700cd
00a800aa
009a00b1
008a00ae
00c3008a
00b7008a
007e007a
009f009a
00eb00b7
00b800e7
008e00d1
00ab00c9
00aa009f
0066007e
005a0084
00c0008a
008200b3
00b700b7
009000b9
00a200e8
00b80092
0097008d
007a009d
00980090
010100e6
00bf00e0
00990097
00b10090
00d20098
005e007b
00a10077
00a2009a
00ce008f
00d200c1
00aa00db
009b00df
00fd00b8
00b700b3
009b0090
00c700e1
00cf00af
012b00ed
00c500ea
009800b6
00ba00d1
00750077
00820092
00a0009e
00e3008d
010d00a6
00cd008d
00e900b6
00af0082
00d900a5
0075006f
00cd00bf
00aa00ae
00db00c8
007e0092
009a00b6
00a600c7
005b005f
00730093
00ab00a1
0092008a
00a100c3
006000c9
00bf00af
0093008c
00a900a3
008c007a
00c600c8
00a700d2
00cf00af
00a5008f
00ad00e2
00c700b2
005f0073
009f006a
009000b0
009700a3
00a000ad
00b900ce
00a300b2
012900aa
00a200c8
007f007a
009300aa
00aa00d9
00c300ab
009000c1
00b300c3
00cf00c6
00690063
008400a1
009100b5
009e00b8
00a700de
00c80097
00a600b5
009a00ba
00aa00d0
00590067
008d008a
00f800d3
00be0095
007f00af
00820092
00a800b6
00640073
006c006f
00a200b5
008a0095
009d00c3
00a000a9
006b006f
00720074
006b007d
00670081
00af009b
00b800d5
00a1009d
00ae005a
009700bf
009e00b3
00730082
006f007e
0093008f
009e00b3
0089006e
00c50091
009f008a
00ab00b9
00a300a0
0079007f
00c300a3
00e500a1
00ab00e2
00990071
00a800a2
00b10097
00a00059
00900093
007d0083
00ba008b
00ab0091
009d00b7
009d007c
00a200a3
00ab0098
00530086
00a000bb
00a7007c
00960086
008a0078
007d00a5
008a0095
005a005a
008700aa
00a200e9
0089008c
0087006e
00b900a7
009e009d
00ab0096
009d011a
009d009a
00d300c9
00c900c3
00c700a5
00a2008f
009500d7
00cd00af
006f0075
00830075
00a50098
00a700c6
00ba00a1
00c600b2
009900bd
009500b2
00cb00a6
008a0074
00ce0096
00d30098
00ad0117
00ad00a0
00950085
00810085
00780075
008d006d
00670088
008700a5
00ab008f
00a50087
00870086
0080008b
00a300a3
0077006e
00c700c3
00a200cd
00af00b9
007f0099
00b300c8
009100cd
00750076
0072006c
00ae00a2
008400aa
00d200af
00a80081
00c500cb
009900a5
009f00b8
00e600a1
0092009e
00ca00a1
00ba00f6
009b00ae
009b008a
00c000a7
00930077
00a20070
00d900c0
00b300b5
00b900fd
00a200ba
00970072
0091007f
007b00a6
005a005e
00a600cd
00c00087
00ae0091
006f009d
00a800a7
00ab007b
004b0067
0086006f
009f006a
007a0096
00910096
009000a1
00ba0092
0095008d
008900aa
009a006d
00ab00e7
00b6010e
010800a0
00a300f9
009e00e8
00ba00b1
007a0075
007d0079
00b100af
00a600c0
00c2011a
00b300b7
0080008c
00af00c0
009300c8
0066007d
009d0095
00a300a0
00c300ba
00a80099
0098008d
00c5007a
006a006b
006f0091
008e00d9
00bf0087
00da00a6
010100c3
00b700aa
00d700e6
009f0116
00610084
010300b1
009300d1
00d600cf
00ce00a9
00a800a9
00a6011e
0082005b
0057008e
00d100e8
00c800cd
00af0097
00ab00af
008f0078
00810088
00b00071
00610089
00b300b5
00af00c1
00a500a1
0076008f
00d70099
00f8007f
005b006c
0082006b
007200a8
009d00b3
009500e8
007f00c9
009600bb
008200a9
009a00b9
00780078
00a8009d
00a900d9
0092008e
009e0087
00a900bf
00c300b8
00660072
0073006e
00da0090
007e0086
00a700aa
007b008e
00ba00b8
00850099
00b10097
006f0059
009b00b6
00bd00d8
008d00e8
009f00b1
00c000b9
00a200c9
00660065
0086006a
008600c0
00ab009e
00c00081
00ab009a
00a90090
008800a3
00d60096
00840061
00bf00c2
00be00a1
009b0078
008a009d
0086009e
009800a1
00650069
00790078
00a3008a
00a80085
00b000c6
00a800ba
00b2008c
0095008a
0063008f
00730074
00ab00b1
00b900c1
00aa0072
007900a1
00980072
00870087
005a008d
007f0075
0073007e
009200b7
008d0091
00ae008a
00be00cd
00c30096
00c300cf
008a005d
00e500ca
00f90098
00b100ff
00ab00c8
008600af
00be0095
00620063
007d0074
00a50085
00ea00c6
00aa009b
008e008c
00ca009f
009600da
00b300d1
0086008d
00ae00ba
00ce00ad
00c200bb
008f009e
00e000bb
00b100ad
007e0079
00920076
00ad0095
00cd00a6
00ad00a9
009200aa
007e00b7
00a900c3
00a80099
00790080
010800e9
00ee00d3
00e300cf
00b700df
009a0096
00ce0090
007b0075
0087008a
00e80107
00af00b0
00b500d0
00b000a5
00930087
00a00095
008600de
00880071
00b1009e
00d50091
009600b9
00ad008a
008500b2
006700ba
00660097
00a60087
00b3008b
008a00d9
008000d2
00830097
00b800ab
00b900be
00d6009a
009a0069
00c100ae
00eb00b1
00cd00c1
00ae00c9
00c900a3
00af009e
00810065
00740086
00ae00ba
00b500ad
00a10090
00ef009d
00aa00be
00be00a9
00a500da
0069007b
00c50092
00ed00c7
00ea00be
00a100ee
00950092
009500bb
00a8006b
00a30086
00970086
00a700c7
00bf0096
00eb00c3
00e700d3
009b00da
00c000ab
006d0091
00ed00a7
00cb00bf
00bd0111
00ef00eb
00b700d3
00c100bf
0084006e
00a3007f
00df0075
009200a1
00b000c5
009a00cd
00c300a9
00c200b5
00e700ae
008000d7
00aa00ae
012000d9
010500d0
00d200d5
00b200fa
00b800de
006c007a
00780083
00a900b5
00ca00b7
010000e6
0106011e
00af00a3
00c200c5
00a5009a
006e0079
00c700a7
00d60108
00fb00c1
009a009e
00a900ce
0082008c
00870064
00750076
00b1008d
00830075
00b700bb
00af0072
00b700b8
008000a2
00b8009f
0083009a
00c800af
00bb00c2
00ea00de
00aa00d7
00ae00a5
00a6009f
006c0072
00750076
00b5009e
00c800b7
010900a8
00d60092
00d20097
009100b5
00a600c7
009600a8
009900bd
00e20086
009500a1
007b00b9
009e00a1
00aa00a1
00a90082
00c80099
00d2009a
00ae00dd
00e000cd
00a600db
00e800a8
008700b2
00e60086
0061008e
008f00cb
009b00ba
00a90077
007d0086
00a3009e
00a500da
00750072
00a9007c
00910098
00920089
009b00c7
009900b0
00ba00ce
00a3009b
0083007b
00920080
00a600ba
00ef00ea
0098009b
00d600b3
00a800ba
00bf00d3
0088006d
006a0072
00b300b9
00d10095
009e00b1
00a6009f
009300c8
00b300ca
00d800a5
006b0095
009f00b6
00f300ba
00b800cf
00b700b2
00ae00a6
009900ed
00640085
0086006e
00a200d6
00ed00ad
00b500a0
00910095
00a30098
00b10082
00c80087
008c007b
00b000d9
00e800da
00be00be
00b70089
00a50077
00a1007b
006e0076
008e0095
00ee00a0
009a0099
00b9009d
00c200be
00ea00b5
00ab00ab
00ba0097
006e0098
00aa00b7
00be00a7
00b900a0
009e00c7
00c800c8
00d90089
00690086
0065008a
008b00b0
0096009f
00c500b7
00fa008b
007a00bd
00b6007f
0099009e
006f006f
00a8009f
00b500a1
00bb00dd
00a90095
0092008e
009e009e
00590051
0076007d
009b00de
008800a6
00f200ad
00f10099
00b30078
00840075
009e00a3
00690086
00b10086
00a0009e
00860093
00850090
00a00086
009600ad
004e006f
007a0061
008b0091
007f007d
00b1007b
009a0095
00a700c9
007e008b
00ee008b
00920073
00ad0119
011b009e
00b1009e
00b800af
008500cb
00b20083
006b005a
0087006e
009e00a1
00a700de
00bb008f
00b000be
00ef00fd
00ad009f
008c00a5
006d007b
010b00b6
00ee00b5
00a000a7
00b10098
00af00a1
009500bd
005d0070
00660082
009d00cd
011800e5
00b700b1
00b600a8
00c900c9
00960099
009a009d
007a0098
00b500d6
00b5010d
00a900c2
00ae009b
00a700a8
00b200b2
00d2005f
006e009a
00ad00b3
009e00bf
00a300d1
009200c3
008b00a3
00a10095
0086009a
008b0055
00a90099
00bf00c8
008f00c5
008b0083
00910091
00a00089
00760068
006d009d
00c90087
00b700ca
00a1008c
00c50092
00a300b1
00c600b2
00a100ce
00950065
00ae0103
009800d6
009f0091
009200b8
007a00ad
00b50081
0061006b
008b008c
00c600b0
009600c5
011800a6
0098009e
006b00b0
009a00e5
00c5008a
0095006d
00b200a0
00a600d7
00d600be
00a60096
00a200b0
00b500e2
00730055
008e0088
00bb00b9
00c800b0
00ae00d0
00bf00e5
00a900bf
009300a1
008a0098
00550089
00ca00d9
00b200a9
008e0082
00920093
009b0092
00c600b1
00670084
00660071
00a2008d
00a2008b
0072009a
00830098
00c700de
00bf00a7
0073007d
0078005c
00ce00b3
00c600df
009a00a1
00960099
00b900b2
00a10098
00640065
0052009b
008100ae
00b200d5
007f00b6
007b00e5
00770108
00ef008b
007e009e
007c0083
00b600e7
00e000a8
00b600c1
006f008a
00d600ba
00cd00db
00680073
00650078
00a70090
00bb00a9
00c200a5
00d900a9
009000c1
009e00f5
008d00ad
00710079
00c200f7
00af00e0
00c800b9
00870093
00c000c1
00bd00ba
00490063
007e0065
00600068
009900d8
00a8008f
006e00a0
00be00d7
00a2008e
008f0086
00710078
00b2009e
00a600b7
00b000b1
00b5008e
00b100c1
00b5009a
006b0063
00950083
009600c8
009100a8
00b3009e
00a800b1
00b900b2
00ca00b1
00c900b2
00790085
00b30110
00cb00db
0145009d
00b00079
00b700a1
00b500ae
00830068
008f0069
00bb00bb
00a900a9
008f00c2
00c2008f
00ba009d
00850090
008900a7
00720076
00ae00ab
00b600e6
009600b3
008700be
00bd0090
00bb0083
00610066
00720061
009e00d8
006e0082
00a2009e
00b7009d
0096008a
008e0081
00db0091
00730079
00ad0077
00cf00a3
00c800ed
00a9006e
008e00b7
00780089
007a0073
0087005b
00a00097
0096009a
009a00a3
00ad0078
009900b2
00aa00df
00d700be
00840096
00d800f5
00ba00e8
00a500a5
009100a6
00d100ae
00aa00b6
005c0077
00530081
0091008d
00bb00ad
00a00090
010600b7
00a000a8
008300d2
00b100c9
00610083
00d100af
00ae00c2
008e0089
007200a1
00b90098
00ad00ba
004f007f
00750071
008d0076
009e0080
007f00c3
00ad00dd
0097009b
008a009d
007300c7
0074007b
00cb00ae
00bb008d
00770077
008c0098
00bd00a1
009e00a5
00620069
007f006b
00850075
00c5007e
00e700ab
00c200c0
00a300b2
009500a3
00ad007f
008600a9
00b50116
00a30105
00a800ba
007c00a5
008e00a3
00780077
005c0088
0080008f
006700d9
009d00aa
00a60085
00af00ba
00ae00b8
00b200b2
00c2008f
0062009a
0096009a
00af00ed
00c900d2
00cb00a3
00a900ca
00a500d0
00850057
00750083
00a000a6
00b100b6
00b700e7
00df00c6
00c200a3
006e0095
008b009f
00930061
00ab0087
00b300a3
009a00ab
008f00a7
007e00a7
00b00095
007f0062
00700074
006f00a3
006b00a1
00b8009e
00a60076
00860122
00a70088
009b00db
009f008c
00c1009d
00d100c9
00b100b0
0083008b
00b500be
00ad00b1
005f008d
00770084
00ab00b9
00990089
009a00bf
00ad00fe
00a300bb
00a10075
00a100a7
0087007b
00cb00af
00f200e6
009700c7
00a8006f
00a800b2
00a700b2
00730085
0098007b
00a200b1
00aa00c7
00be00a8
00bb009b
00b900aa
00ca00a6
00ab007f
005d0066
00ee007f
00b300fd
00be009f
00860098
00ae0080
00c60088
0061006f
00730065
00a70071
00b200b9
00a300c1
00db0082
009200a9
00950096
0088009e
00730062
00cb008f
00ad00d9
00b0009e
00c10097
00b000b9
00a30088
00a0006d
00ae0075
00870093
00c200d0
00c2009e
00b700a3
00a200c6
00910084
00d80088
0072007b
009200a0
009800b3
0093008f
00890073
00ab0097
009100b2
005f006b
0092007f
00700086
009200b6
00930097
009d009e
00a5007e
00bb008e
010a00b6
0076006d
010e00ca
00ad00a3
0093009f
00890091
00850087
00a300d1
00640071
0098005a
00c8008d
00c900d3
00b90087
00cf00ab
00aa00bf
00ab00a2
00ca009a
00680063
00ca00d0
00aa00ba
00a700d6
00990099
00ee00ca
008a00d7
00560069
007a006e
00d00086
00c5009d
00ce00ef
00de00cb
00970106
009e0123
00a1009f
0065006f
00b100bd
00b300b5
00b100c1
00b100aa
00b500d2
00b70089
00850065
0066008e
009600c6
009700ed
00ed0095
009200a7
00c2009d
00c60097
00a600b2
0096005b
00ce00ce
00dd00cd
009800ad
006f00c7
00f5009e
00ad00b2
00820055
0083007c
00a200b9
00ca00ad
00a500a9
009700ae
00de00a1
00aa009b
00cf009e
00b0006a
00a300e2
00e80093
009a00a7
00d600c9
009f0099
00ad00b2
00670070
00980072
00b3009b
009b00a8
009d00be
009900fb
009b00fb
008600a7
009500ae
007b0075
00c10099
00a7009b
00aa00a9
00db008d
009800a1
007a0095
00710069
00ca008e
00c3009a
00a800af
008800ba
00a100fa
009a0092
00be00a9
00b0008e
007a0082
00c100c2
00c000c1
00a500bb
00da00b9
00b60089
00bd00ba
008d006a
00790086
00be00b3
00a300ed
00b70089
00ae0086
00b800d1
00cd00e2
00a800ad
008a0076
007e013b
00db00de
00e900ae
009f00a0
008300ab
007a0099
005a0069
00970062
00b30092
0073009f
009b00e2
00bf00cb
00af006e
0096008a
00c100b8
007d0091
009800c6
00c800c6
00d700eb
007e00ab
009600a9
008700b2
005d006a
00850082
008a00ab
00c300ea
00bd00ba
00b800b5
00c000bb
009e00cf
00b30099
00ad0071
00b900be
00df0115
00c000ee
010600ad
00cf00b3
00a300bd
00790064
00820070
00a600bf
00af00d9
009b00d5
009900c3
009f00a1
009100af
00d7009a
007200aa
00b800af
00b00106
009700a6
00b300a8
00e30091
00ab00b6
00710053
006a0065
009f00bd
009900d5
00a3009f
00c800ca
00bf00b7
008600ae
009b0093
0065009e
00b800ff
00c000d9
00d700cf
00c10097
00b500bb
00b800bd
00730059
006a006b
00b600af
009900af
008200a5
008500af
008d00a7
00a20097
007300b5
007a00c0
00b600b7
00a800d8
00ae0092
008d00c5
007c00ce
00ad00a6
009b0061
008e005e
0086009d
008e00c6
00b500ba
009900a7
00ab008b
008e0088
00cb00a1
0076005f
00aa0098
00b000ca
00b600b1
009e008a
009d00b8
00a900c3
00be006a
0080005e
008900b7
00e5010b
008900ee
00ad0088
009200e5
00aa008a
00a20096
008a00b0
009600a8
00e00120
00a100c3
00a1009f
0099008c
00ad00a7
008c0053
00720057
009d00bf
00d10099
00dd00a0
00c20080
00e700e1
00b80087
009b00b3
006f00c6
00ab00c2
00c700d0
00f000a8
009b00d2
00c500a1
00be00bf
006f0076
0072008d
008b00c5
00b200dd
00d500a2
00af0097
00b0007f
007f007d
008e00d0
00810066
00b20092
009d00d1
00d700b0
00a50089
00880095
00cb008a
005d0065
00650073
00b800be
00af00b0
00e20070
00a50087
00c800ee
009e009d
00b200aa
005a006a
00a900d8
00c800e0
00c200c1
009a009b
00b800c0
00dd00aa
006f0083
0075006e
008600a5
00c200b1
00ca00b8
00a300a3
00ae00a7
00cd008e
008100f8
005d009f
00a700cf
00b9014e
00c2009b
00a600dd
00f700af
009f00ae
0063005a
008f005b
00a1008b
00bb00ab
00d100b0
00a700b0
008000a6
00bd00f6
00bf00a5
0080007a
00ba008f
00ba00cf
00ca00d6
009a0085
00c300b8
00910091
00980063
008d007f
00a3008f
00f7007f
00a100b5
00fe00c6
00980088
009800b1
008100ab
006d008f
00cf0095
00a600d5
00880093
00a30079
00ad0099
00e500bb
0071009d
007a0079
00bf0079
007f008a
00a300ce
008800b7
00b200be
0086007f
00ae0097
0065005d
008900c2
00be00ed
00ba00f9
009b00a0
00b000b0
00ee00a8
00620067
00620065
008f009e
00b500ca
00d1009f
00a600a8
00bb00b5
00db0084
007c00a8
0098006f
00a500d8
00e600c3
00fe00af
00a50083
00b700e2
009e00d0
0082005b
006c00a7
00b8008c
00ca00dd
008700c0
00bd00a6
008600ce
00ca0099
00aa0092
00650076
00c100c6
010200c7
009f00df
00970089
00ce008f
00ad0096
0058007c
005f005e
00b60099
00990092
00df0082
009f007e
00c000c9
00ad0090
00a7009b
00830092
00c200ad
011100ce
00a800a1
00750084
00df00cd
00a800b9
006d005e
00b6007d
00ca00b1
00a300b3
00b700b1
009f00be
008100ae
0082009e
00a700be
00760060
00c500ce
00bb00c0
00c500b2
009f00ad
008e00bd
00900085
0060006b
0083006a
0095009d
009600a6
007d00da
00890099
00a90098
00d0008b
008900ae
008f0079
009f00ee
00ae00b5
0092007e
007a00b9
009d00a9
008d00aa
008f0064
008c0096
00ab00a3
0092009a
008e00cb
00730098
00b900b1
008f00b1
00ce0093
00960070
00ef00f6
00ce00f8
00b50097
00c900bb
009a00f3
008b00bd
007e0079
00970083
00d500c0
00d600af
00ae00a1
008d00af
00c200d3
00a300d2
00a00092
00630092
00a900e0
00b500ab
00be00d6
00c100ab
009a00c8
00c000e5
007f0075
00a700a0
00bd00bd
00b90095
008a0096
008d00b3
00a200ba
00c500a8
00fd00ce
009d009f
00a200ab
00c700ff
00b100d3
00aa00ce
009d0089
009a00d6
00610078
00720096
009e00ea
00b100b6
00d9008a
00e200d2
008d0097
00860091
00ba00ca
006b0075
009e00a5
00ef00f0
00eb00bd
00c80096
00ce00aa
00c200ad
00680077
00900065
00c300c1
006f007c
00c100a2
00890091
00a100c8
00990098
009d00af
00bd0085
00b700be
00eb00d8
00a8013e
008600a6
00c600ea
009e00b9
00740075
008900a2
009a00ad
008100da
00bf0099
00eb008b
00950083
008400a0
00b20087
006b00c0
00a000d0
00ba00b0
00e000b2
00da009e
00d100a0
00b20093
0066006c
008f0086
00fa009f
00b900df
00eb00a0
008b0083
00af00db
00d500c9
00d900ba
00a30098
009b009d
00cf00e9
0098008f
00c30083
009300a1
00a100b2
004b0089
007a007d
00bd00e2
00b300b6
00d600bf
00da00b5
00c900b6
008a00a5
00d50096
006e0088
00e80096
00a800d0
009300cf
00db00a2
00bb0099
00e500f3
00590059
0068007d
00b200d2
00d900a9
00da00a6
009b00aa
00a10086
00a30095
0092008d
00670054
00b20096
00fb0098
00b60091
007900a2
008100a7
00b600af
007a004d
00a70071
00870089
009300a1
00910089
009b0086
00d30100
00c300ca
00ca0087
007a0089
009a00c5
00e200c2
00ca00f6
01100097
00c2008f
00f900b0
005a0069
0071006f
00b1008d
00db008b
009f00c2
00b300cf
009e00bf
00ae00b5
008a00c1
00620076
00e900c9
00e800c2
00c200ce
00a2008b
009a0095
00c700c0
00780077
008b0099
009b00b5
00930092
00a500d5
00b500d7
00d900ad
00a30098
00b200c0
007f0086
00c700a6
00aa00d7
009e00eb
008b008d
008b0099
00a30099
006f0059
00620092
00a000e0
007a00d6
009900c0
009500af
00d100c9
00bd0096
00ba00a6
0087007f
00a700ee
01390091
009700b3
00b800a5
00aa0097
00960085
009e0070
00870091
00b20095
00e300ad
00c80098
00aa00bd
007b00b6
009800c8
00aa00ca
0074007f
009d008f
00cb00b7
00cb00c6
0091008e
00aa009d
008c00a3
00590069
008e0051
00830095
008a00ce
0091008a
00c80076
00c10096
01050097
007400a5
006c007e
00ce00a0
00c200e7
009300aa
00c50085
00c800aa
009000b7
0055006b
0096007e
009200a3
009900ad
00b200a0
008d00b1
00d500aa
00bf008a
00c000a8
005e00b5
00bb00af
00d100b5
00d200c1
0082008a
00aa00a2
00a20084
006a0069
00630079
00a90091
009800b7
00a500bb
00a300c9
008900d1
0090008d
007b00a8
00630085
00a000e1
00cf00b3
00c300cf
00b100b1
00df00ca
00b9008e
0071006b
006f0072
00af008f
00b800a6
008f008f
008600b2
00f900bd
00a700b3
00a100b1
00710069
00ca00b1
009900c5
00a200bb
00c600b5
00b2009d
00d700e0
0051007d
007b0075
009b00c0
00a700b3
0086009f
00ce00b1
009800c2
008a00a2
00ee00b7
0073008d
00ea009f
00d200bd
00f500b6
00970079
009200b8
00ea008a
009200b2
008f00a5
00990096
00c7008b
00b800f5
0095009d
00c000b3
00bd00b2
009b00b3
00770070
00b100c8
00b300da
008500d0
00a700b5
009b00b0
009f00ae
005b0088
00800070
0097008e
008800a7
00dd00ba
007c00e6
00c10099
006d00b1
00cd009a
0061007b
00a700ab
00c700f1
00b80096
008500a5
00d2009b
00c1008d
00820066
00680082
00a3009d
00cd0099
00a30096
00cf00bd
009300e1
00b8009f
00c30098
005e0096
00d600ca
00d800fd
00a300c3
00a60086
00b200c6
00f300c5
00610077
009a008d
00cf00c3
00890103
00e100bb
00c80096
00c300ca
00a200df
00a900d7
00720089
00f700be
00b800bb
00d500eb
008b00a1
00b200a5
00d7009f
008f0067
00600075
00a600a2
00ca00a2
009700ab
00b90099
008e00b0
00ad00ab
00cd00ae
006b005e
009d008d
00c500be
008a0093
0096008e
008f0101
009800c2
00650075
00720077
009700a0
00960090
00b600cd
0099008d
009b00c5
00cd00aa
00b9009f
0069006a
00b300a1
00b000ab
00de00b1
00b200b6
00b600a9
00d700e7
007c0076
007d006c
00cb00bf
00d600a0
00fa00cf
00d600cd
00b6009a
00920084
009500bb
005e006e
00c800d3
00d600cb
009600cb
008600bf
007d00cf
009200e3
00590068
007b0073
00a70097
009700c0
009900b9
009d00a3
009b00b3
00b800b5
008500ad
00900092
00e600b5
00a300a0
00a500c7
00ab00a6
00a800a0
00be00c2
005b0065
00860078
009b009a
00ca00ae
009600b9
009900d5
00ae00de
0091009d
00c600c2
006d005f
00c500a0
00d700cd
00a000d9
00a700ea
00d200d2
00c000b7
00730055
00960080
0078006b
009300c8
00910092
00b000a9
009200d0
009700a8
00930081
006e0073
009f00d5
00b700e6
00ce00fa
00a3009f
0091008f
00a300c9
00660077
00790067
008e00ad
00cf0093
00cd00b0
009e00af
008e00aa
00a7009b
007d00ea
00830072
009500c0
00c100a3
00ae00ff
009a0082
00aa0085
00be00cf
00750061
00790097
008700a1
009e00a0
008c0096
0091008d
00ca00bb
00a700e8
00a3008b
007f009d
00970089
00e200fd
00c00092
00ca00a6
009e00b6
00a300ba
00730059
00880076
00980093
00a7009e
0091009f
00b900ed
00b800c7
00c50085
00ba0093
006d005d
00b20098
00d100b0
00da009a
00c900a2
00a800ed
009700ce
006f0064
0082009f
00c800ae
00970098
00b700a8
00ca00a7
00cd00a3
00c2009f
00ae00a5
00920077
008a00ed
009b00e3
00c600a0
00c700bd
009f008d
00a20088
00650089
009d007f
00a60098
011900b9
00c200a3
00bd00b0
00c8007b
00a600d3
00ca009e
006f00a8
009900be
00cd00ea
00a700a8
008d0082
009d00e0
00bb00b6
0073007a
0093007d
00c800a3
00bd00ab
00b500a8
00a100ae
00c300b7
00e300ab
009100b1
008300b8
00db00b7
009f009e
00e800f1
00a70081
00c100c1
00b800b5
006600ab
007e0077
00ed00aa
00f20083
008900bf
009600b5
00b100cf
00d60081
009300ba
009b0091
00af00b7
00c500b3
009100b0
0121008f
008e00e5
00a70083
006f0089
00a2007d
008d00a3
0093008b
009f00bb
00e700c9
00b800ab
00b000b2
009f008e
00b50081
00d100d9
00b600fb
00ad00d8
00c50073
008300cb
00a200c2
00920057
006b0092
00af00aa
009d00a0
009f00d2
008400ba
009100b8
008e00e5
009d00b1
0085007a
00b000c0
00d500e2
009000cd
0091008c
007b0095
00710092
006e007e
0095008b
00a80099
009700c3
00a000af
00810086
00b60081
007c0069
00a00086
0079007a
00a3009d
00f3009e
007a00a2
007f009a
00c90096
00a5008e
006b005b
006a006f
008500d5
009e009f
00b0008e
00e30098
00ae00b2
00ba00b0
009d008e
00790075
00a700b8
009a0098
00b900d3
00a90098
00a600a2
00d600af
0065005f
0085009d
00b00087
012900b8
00cb00b7
00f50075
007f00b3
009500c0
00c800a0
0075009f
00d200bd
00ca00a6
00ae00ad
00d500a9
00af00a0
007a0091
00610064
00680086
009b0089
00af009d
00d50099
007b009e
00c300b3
00af00b5
00d5006f
00790077
00a200bb
00bb00b5
00bf00b3
009000b1
00c200dd
00a100a5
006a005d
006d0086
00bf0122
00ab00b6
00d500d2
009500d8
0098008a
008b00aa
00920096
007b005f
00f300bf
00c2009e
0091009d
00da0089
00d5009e
00b00091
0068005a
005d007a
00ab0093
00c5009d
00aa00b8
009200c8
008d0112
00bb0092
00c800ab
00e5006e
00f000af
00dd0105
00c800a2
00900089
008200a2
00be00ce
009e00ab
00ca0089
008e00b7
00c500d6
00bd00af
00e000c2
00ab009e
00a100df
00aa00e0
00770086
009e009b
00c600a5
00aa00a1
008f00a6
00c00097
00a80093
00850066
006a005a
00f10091
00b700f6
00b800ee
008e00b9
00760091
0083007f
008c008e
00810082
00a900a2
00a900b3
009f00ba
00ba00d6
009f0092
00b20082
007f0092
007e0075
00a800a3
00c100a8
00ba0093
00a8009b
008600a9
009f00de
00d0009b
00760075
008b00bb
00cb00c8
00d80096
00ad00eb
00a200a9
00a8007c
0071006d
0097008a
00ba0065
007700a5
00b100fd
008c0099
009a0096
00ba00b5
00af00bf
00970067
00d900c2
00d2009e
00ae00a7
0082007d
00c6007f
00bf0095
00850081
008b006f
00b20081
00ce00ab
00a300d9
007700a7
00d500d7
009e0088
00ed0092
00bd0076
00b300a8
00da00b2
00e000d5
008500e1
009200b6
00a000f9
00890071
00720076
00b900c2
00c700d2
00d000b8
00d800aa
009500c1
00d500b7
009e00a9
008a007f
00a70102
00e200e5
009900c3
00a500a0
00a900be
00af00a1
00650054
007f0066
009e0097
00ba008e
009100ab
009700a6
009a007d
0092008b
00b700bf
008f0065
00cd00c1
00c700b9
00a700b9
00d50099
00800089
0083007a
0076008a
006f0085
00a10091
00a7008e
00a700d5
008500a8
00c500bd
00b8009d
00a300db
00770079
00af00dd
00e200ff
00bf0119
00b700af
00ab00a7
00920095
0072005b
006f008b
00ca0092
00f800b2
00af008b
00b300e1
00d700c2
008a008b
008b0091
00670068
00a700c8
015700c7
00fb00bf
00a600b6
00970074
009e00cf
006e0061
006a0089
0089009e
00a5009e
00dd00d2
00b800c9
00e700b5
00b600f7
00b70095
009d007b
008200ae
009d00d0
00a700d3
00aa00cf
00960093
00c90093
008e006a
00830085
009700ab
00a500a8
007700bf
00e000a5
00b200a6
008a00b0
00760092
00680078
00ad0099
00aa00be
00910099
00970087
00b7009d
00fa00bd
007a0068
00920091
0092007d
007d009a
008900ca
008e007c
009f0097
00850077
008900b8
0055008b
00c700ad
00c90120
00af00bd
009800a9
00d800ab
00bf0093
0059005a
00640092
00870098
00c800b8
00c600b7
00c100a9
00a800a5
00b200bd
00b7007d
00810068
008100a8
00e700df
00ae00ab
008b006f
00b0009b
009b00a7
00710075
00b3008c
00d3008a
009800be
009700bd
00bd00a3
00cb00a8
00a000a9
00cd0091
00650063
00ba00b7
00a500d8
00ae00e5
008d0092
009d00ae
008b00bf
006f0067
007f0069
009f00c6
00a500a8
009a00a1
00a200d9
00b800b5
00d2009b
00a900ae
005d008d
00cb00be
00a000ca
00ad00aa
00af0099
00a200b1
009e0099
006d006a
00770060
00bd0073
009f00e7
00a500bd
00d000c1
008a00be
008a008e
00a900c1
007900bf
00bb009f
00e800df
010e00d6
00d000c8
00bf00a0
00b20092
00630089
0060007b
00a20097
009900b2
009100b9
00b700c5
00b80092
00a8008e
00ae00b6
007200a8
00a50093
00e900c1
00db00ca
008f00c2
00980090
009f0091
006d006e
00760079
00bd0099
00a200b5
008a013e
008c00c7
00ce00c8
00e700a0
00c200a7
00e6007f
009b00ad
00cb00d5
00aa008d
00b300c3
00cf009a
00c300c0
005f0082
00b60079
00a70085
00a300bd
00b100e8
00b200fd
00c50127
00c000b2
00b5008e
007d0081
00cd00ce
00d000ad
00af00f6
008800b3
00b000a8
00af00b5
00630071
0077007f
00ca007b
00a90099
00c600b5
00a500ae
008f00d8
00870093
007e00c2
00670076
00a0009f
009f00c2
00a6008f
009a00b6
00a700a3
00960089
00ab0069
006c0055
008a007f
007d0077
007900be
008600a6
00ca0095
009a0097
008800d0
0073007e
00bf00cd
009700c6
009f0093
0089009b
009300ba
00a0009a
00810062
006e007a
009100ad
007a009f
00a000b3
00df0090
00a50091
008200a3
00a8006d
00640075
00c3007e
00b600d1
009100cb
009200c5
00a3009e
00a60093
00790058
007b0074
00b900a0
00ad00b3
009b00a6
007b0097
00a600d8
00bd00d5
009e00b0
008f00bb
00aa00da
00b200c8
00b500d1
00a100b3
008900cb
009f00ad
00780077
0082008d
009a00b6
00b900de
00cf00c0
00e200e7
00ce00b3
00c5009d
009a008a
008a0062
009a00c1
00b800b8
009300ed
008b00b3
00a300b7
009a00b0
008e0072
009e0073
008100a8
009e00c6
00ce00aa
00ab0107
00b60088
00b6009b
009100d2
007d007d
00f100d3
00b900a5
00bf008e
00a600b2
00bd00a3
00d60091
00680063
008d0092
00cb00c8
00de00ad
009a00a5
00da00af
00c30091
00aa009a
009800d2
00830081
00a600b6
00d00147
00a800e1
00b50086
007e008e
008600af
00890073
008a0091
00b500aa
00bb00ee
00ce00ee
00b800b6
00af0095
0072008d
00bf0089
00710074
00b20099
00d300ad
008a008c
0082007f
00820095
00a500a9
00630066
0077006a
00950086
008a00af
00870099
0080009f
00df00be
00b700b1
00a800b0
00630089
00c700f3
00ce00fd
00bd00a2
009e0096
008e00cb
00ab00b6
00600082
008e007b
00bf009e
00c200eb
00b20099
00b300d2
009800c8
009800f2
00a600c7
00dd0081
009800a0
00c800ab
009b00a5
00ae008d
00a100ae
00a200ab
00670068
0070008a
00ab00b2
00af0076
00bb0097
00930093
0098009a
007600aa
00b6008b
006f007a
00b10085
00b60092
008500bf
0092009a
00c600a8
00ab007e
006d0079
0085007b
006a0077
00ba0097
00be00b1
0086009e
00b500dd
00bb009e
00ba00d6
006a0089
00a200cd
00dd00a9
00da00ca
009e00de
00b20092
009700b2
00820065
0084006f
0098008b
00ae00e2
00b80090
00920079
