00bf00f1
005f00a6
008600ce
00ce00b1
0092009d
010700eb
007a0063
006d00a5
00870088
00e1007d
007b007c
00a000a2
0069005a
007b00d1
00ce00ed
006a00a0
00960083
00cf00ce
008a0074
007b007f
007b007a
00950067
0074006a
008b006a
008c0042
00520041
00810082
00790067
0059003d
0059007c
00590071
0052006a
006e0068
0054007d
00780053
0067007e
004b0047
006b00a7
004a0054
00480060
00700067
0062004f
002c00a9
003b0046
00a20051
004c0061
00580043
004c006c
006d0074
005f00b0
00900078
006b006a
007d0083
008a007d
005a008b
007a0092
008900b1
00910085
00a10071
00b700c9
007d008f
008d007a
00b200ae
0087007c
007e0084
00be007c
00c600c3
0089008e
00a800ba
00a5009b
00a0007c
00990088
012700be
008900f5
010700bb
00e30085
00b600f2
009a0079
0152007e
01de00a6
006e0100
00b700de
00a000a7
009500b9
00f600c9
007b00a8
007a00be
00a7007a
008800a9
00830078
00800099
00af00a1
00c1009e
014500b8
00920093
00af008d
008a0061
009a0127
00720041
00790075
00810093
00550066
00660052
010200aa
00b50049
006600e9
0070004b
00530050
0055004e
00770059
0065008d
00380049
003d004f
0043004a
0061004c
0058004e
00b30051
007b0039
004e0061
006b0043
006e009f
0085006b
009a00fe
00770079
007800be
00bf00bd
009e0065
007e0071
00ee008b
00ad009a
00b50073
00af0072
006f0089
01500089
006c0086
00780099
006a0062
0074006f
00da006b
005f006b
007800a5
00570077
007e0079
00870063
00b600c1
007400ab
00870082
00eb008c
008200cf
009a015e
0089007d
008b0113
00790078
009200a8
00a000a5
00ae00cb
00c600b9
006d00d9
015b008d
00a00068
00a200e0
00fa00df
008e007e
00a60069
00b100de
00af00cd
00ba008e
008e00ae
009500f3
00c900b9
011800f8
00a600ff
00900110
0167008f
00d200c7
00d200d8
00a800da
00cf0069
008700c6
00ad0120
0142009d
00ef011d
009000ad
00a900bb
00d600a0
00830091
008a00dd
00f1015e
007500c1
00cd0150
008500b1
008e00bf
00c9004a
009b009e
008b00cd
006d0095
00b70061
013000b6
0078005d
009700be
006a0092
00b2009e
00970097
00e0008f
00b3005d
00e30086
006b0067
006a00b9
00da0081
0082018b
00620097
009200a1
0096009f
00ab0097
006b007f
009a0129
013b00df
00710083
00ad008f
00a500b9
00be00fd
008b00d0
00920082
008900b1
009900b7
00f900bd
0072008e
008a0088
00ee00a2
009200a8
007d00f7
00b10099
00d800a3
00b9008b
00a300a8
00a8009b
00b0011a
009b00be
00ad00dd
00bf009d
007f0099
00920185
00b5003e
00650095
009a0058
0075009a
005c0076
006a0057
007f00d5
003d006b
013b003d
00420043
005d0039
003c0056
00540051
00760038
006e0040
003d004c
006e0037
005e0036
003f004d
0071003c
00670041
00660047
00620056
00a3011e
00b00077
007200b0
0080008b
00760142
00c0009b
00890077
008400b0
009a0190
00a10092
0091007e
00a3007b
00c200a0
009f008d
008400a9
00af0097
00c00107
00b300db
00ab00e0
00a20093
00b5008f
0071008a
00aa00a1
0096009d
006d00c6
009600c0
009200b8
00b800d9
007d0096
00720084
00c000c1
00c50093
0083009e
00d50084
0089008c
0061009d
00840081
0059009e
007f0097
0083007b
00b00077
00cd009f
00ca00c3
00b20077
007800c7
007f00c1
009d0083
00ad006a
007f0096
00a8009a
005d0064
005f0139
006f00f5
008f00f7
0057007e
00990061
008e0056
00d300c1
0069005f
008b0064
007f0071
005c0076
0078004e
008b0051
006c003d
00760092
0060006e
00c6005b
005a00a1
005900c8
00980043
00b70140
0096008e
00a300ca
008500de
016e0118
00e500f0
00a100b9
00ad0086
0142009b
0089006e
00610085
008900af
00f5008b
008b00b9
0135010b
00d6008d
00a100a2
006100b3
00ca01f2
012b0076
007c0071
00ae008f
006e010f
00990083
00750069
008900b2
007d0070
009100c0
00d1008c
00a10079
00af0091
011a0076
0059007b
008b006c
0099004e
006200a6
00690035
0072004b
0061007e
00790090
007e0061
0063008e
008f0063
00670065
00af0071
006a005e
006e005e
00680069
0113013e
008f0093
00e50095
00ca010f
007a00e3
009e00ef
00a20048
007e00e9
00d20155
015e0083
00d800b2
00b300d1
009200af
009300af
0115006c
00a0008b
00bb0092
009700a3
005f0090
007200a6
00c700b8
00d8008f
01070079
00c300b6
00720061
008e0099
007f007b
00780090
007e009e
00ae00b1
00a700a0
007a0095
00b5007d
00850092
007f0076
00910083
008900ba
00a20086
0098009d
00aa009a
00780089
00860082
00800084
00970089
00a50079
0085008a
007e00a0
009a009a
006b00d3
007900f1
008b0071
00a50057
006e00f1
006100ba
007f008e
00690089
005b008a
0065005c
00b60066
0065006d
0061009d
00900091
007e0089
00d80064
00aa0067
00790082
006300bf
006b006a
0125007a
010700a3
008500dd
00eb007c
007a007d
00e100a1
008e00b3
00650052
00830092
00f6009a
00720085
008f007b
006e007f
00760139
00c60081
009600e5
00d2006f
00d3009a
00a3008a
011200a9
00a500b1
00770081
0081006d
0097007d
007100a1
00b300b1
009d00ee
00d50069
00630051
00860084
006a0084
0062007b
008000b0
00a10082
008f00a5
0091007b
006400a9
007e008c
009d0069
00880083
0095006e
005d00b7
00a20076
00b20082
00b500a0
009b0087
00c500ad
008600d6
006b007b
006a0081
008b008a
00ee00a8
00a9006b
00910076
009b00bb
00700065
00730091
00960067
009000a2
0075008f
0078007f
00d800c2
00650089
00820082
00720099
008e007b
007600d6
00790085
00a90089
00720073
00a90092
00da0098
007100a9
0079007b
008e0080
007900a7
00590046
013700fd
004d00ed
01210097
010d00b3
0098005d
004e006e
00700061
00530057
0055008e
00b9005d
004e0048
0065004b
00730064
0087004c
0037004e
0077007d
003c004d
00520061
004900a0
005e004d
008d0055
0034004f
007d0046
00860175
00f90162
014500b9
00e300a9
00750093
008300ce
009b00a9
022b00e1
011b0093
00df0095
00be008e
007d0099
008e0065
008900d2
00ce0110
007e0082
00b30129
007d007b
008500e7
00a100f2
01720093
0095008e
008e00ff
00f60098
00730062
007200b3
006d00f8
00860084
0075008b
019200c9
006600a9
00670160
007900d2
007d00a3
0075008d
007100a2
00950066
00cd0077
008500d7
00880075
008d007e
006f00a3
008200ca
007b008b
007d008b
007500c5
006700c9
00d500c8
00960081
009200f6
008400ea
00c90078
008b008e
008d0047
0067003f
0101009f
006f00ae
004a011b
005f0065
009f0052
0055003b
004f003e
005f006b
0058004d
004d0048
0040007b
00920055
0055006d
00ce0047
003e0052
00530053
00360039
008300c3
005200b2
010f006d
006a009b
00a3008b
009d011a
009f005c
00910071
00d6007f
00800049
005f005a
009a0073
005d007a
005a0066
008d005e
007a006b
00760070
008b0095
007e0095
00a00077
008800a0
0051005e
0085008a
00a5006d
0195008a
0119009b
009a007e
01700135
00bf0169
00c801be
00b1007d
0081008a
00890041
01e2015b
00e10107
0118010b
013e0087
003b0149
00ff00bb
007a00e5
01570199
004a003c
00460067
00e000d0
0170010b
00da00b8
008300ce
00be0042
00720031
00d800b2
005f0167
0074006e
00580073
00930047
00690048
004b005b
00460049
004800b6
00990037
00550043
003f002d
00530062
00440047
00630045
005200e0
004c004f
00350056
00370067
0056003c
009f0056
0071005a
00340041
00c5015e
00ad008f
008d00b1
00a00091
008d00c3
007a008d
009a0095
00ab0091
00e500e2
00df008a
0091007c
00d800ce
007e0097
008d00b0
00960147
009d009b
0097007b
009300cb
00b2008b
006d00c6
00910082
009b006b
008900b6
00a200f2
008e00aa
006a005e
007d006c
00ae0097
005e007a
0120009f
006500d9
01010083
007000da
007300bd
00860083
0076013e
004c0093
0095003f
00790095
007500a3
005a004a
00650081
009200b2
0064006f
0066007d
005d0078
006b0097
005c00c1
00660079
00720077
0079007a
00730075
00630063
009f0072
0091008e
008f007e
0087009e
00b900a3
007a0098
00830086
00770091
00920073
00730088
007900b7
00b10096
007d009a
008c0076
0096008a
00b5008b
007d0096
00b60076
009a0089
007d0096
00a90132
007500f9
007b0187
006c007b
00910089
00930072
00ff00b3
0086008d
008b00b0
00850083
00a100c3
00990078
00910077
00d8006f
007b0083
00920085
009600ba
00b300a2
008500a6
00930088
00b1008b
00b300a1
00af0086
00640093
0052005d
006c0050
00920083
006600a7
006e008b
00aa0065
005a0087
0080006b
00790074
008c008d
005f0095
009f0073
00700056
006f0069
006c006e
005d0071
005b0053
00650074
00720085
0071007a
00700053
00620070
00650065
00c00049
00ca007f
0072007c
007f005d
006f007a
009a0081
008a0075
00a20083
00a30080
008d007e
00a5009b
007d0096
00710080
009f0090
00aa008d
00810095
008200a3
007c00a2
008a0090
007300b1
00bf0092
00a5008b
0072007f
00960095
01a201c2
01d20257
02c0011f
01c20155
01f701ae
024501c7
018b0225
017501d9
01d70177
0230017e
03720260
02090197
01bb0112
022e0101
02b20189
015b0215
014e0123
014002a0
01e00150
0182018b
01970127
011b0150
00e60179
0108010b
0077007a
00a60062
0105006d
009b007a
00910083
008a0097
008b0086
007400a6
007b00bb
008d008a
0082008d
006b009f
00880082
007600b6
00aa00b6
009d0074
010600f1
00db0096
0081007f
0085006f
008e0077
008200a8
00b900ca
009900a5
007a0063
008500a5
008f0095
009b00b3
0093012e
009f007d
009200a9
007e0089
007f0085
00820082
00a30091
0092008f
00840075
008f0067
00850122
008500b7
00760072
00c200ba
00ab0079
00a30073
009800a7
00930089
0098009f
00820083
00b90074
004d00d7
008e009f
00c501b9
005f0064
00a7006d
0054007b
007d0061
00750051
005d00df
00970062
0067005f
004d0046
0122005d
00a60048
005e0050
007c0059
0051006b
00760070
0081006b
00880060
0044004a
00560073
00750063
0096005a
008d00a3
0083006e
007500cb
006700d6
00bd00a2
00ad00c0
00c80071
0087006a
005c00d1
008b0096
00620080
00a7008a
00e30088
00a1008e
006b0079
008f0076
006d007e
00ad006f
006a006e
00660069
00820077
006f0080
0090007d
00880084
008f006e
00850061
00760076
0064005a
0079006d
007900b7
0079009f
0085007f
006d0081
008900a9
00a700b2
009200a6
009100a3
008a00a0
00920090
006a00a7
00920090
00890085
009600aa
00a10076
008e00af
008a0075
00ae00a5
00ab011b
0072007f
00820088
006d00aa
007500a1
00a30075
00850070
00830084
00950096
014e007d
007d0089
00890087
00c3007f
00a70090
00a600ba
00ff0079
007f009f
0083007c
007a009e
008e0085
00bf00a8
0096007b
007f00f0
00b800c7
007a0070
006d00e7
008d007b
006200ad
005f0062
00d10092
0091009a
00970082
00970097
00b800a0
007d0095
00c100ea
00a50098
007300a2
00a5007f
0077008b
00d50071
0083009d
00b500b0
00af00e2
00680087
00f00069
006d00b2
008a00b9
00ea0054
0098008a
00ff006d
00710157
00fd00f2
007b00ad
00830060
008c00c3
008e006d
00630096
0092006d
00620053
007a0073
00920066
007900bf
00930061
009d0070
0066007a
005b0064
006e006d
00840091
01100081
00660087
00760071
00da011b
009d00a6
015500ed
00a70065
006b017b
011d00b0
00950097
007b00b0
00f20098
00be00bd
00b700d5
00fa009a
007f00bf
009b0082
012b00fa
008b0086
011a0066
00ae008e
00e30175
00c30082
00ef0102
00c80096
00b500b9
009f0096
00cd0058
009f00c2
009700a9
00b700b6
009800b1
00fb00b8
007f009f
006900b3
00b8008d
00a200f3
009900b2
006b00e7
008a008e
008d010a
00a900cb
008700ce
00a200a8
00810099
00d900d1
00b30084
00b8012b
007b00b3
00cb008b
00b100a2
007a004e
00860062
00620073
007600c0
0081006d
009b008c
00ff0076
007d007c
009b00a7
00830090
00810076
00970073
0070008a
007b0089
006300b5
00690075
007b009b
009e0095
008e0089
00830088
00790084
00810069
006d0084
006b007a
00ef0052
00ea00a5
00980099
007d00b8
00a6007b
00a20096
00aa0077
0097008d
007300b8
008b0072
00d300a8
00800077
00a900b0
0087007b
007d0077
00aa0096
00720087
007a0079
006e00b1
009600a1
008b0088
00890071
00660072
00a90096
00a50042
007000a0
006b006e
007300a3
007a00b1
00910063
00be0069
008d00b2
00c3008a
008700af
009a007a
0086009d
009100a0
00ab0097
008b0097
00a2007c
009500a3
009b006c
00b9009f
007e009d
00860096
009f007d
00900089
00d6007b
00700089
007f00a1
006e0075
009200b7
00970061
007f006b
0069008c
00d000aa
008d0086
008b007d
00ca006b
0075007c
00880090
0065008b
00890089
0089006e
0066006e
007c008d
00660077
008e0095
008e006e
00e70089
006e007f
0081006f
0077003d
007600aa
00a60089
00a3006a
00a500a9
00cf0090
00860093
01090076
00a5008d
008600a1
00850080
00660077
00780079
008b0084
00810062
008f008e
006e00a6
00810073
006e009d
008f007e
00720083
007c008d
008f00f0
00d000a5
00a10046
007b0096
00a10083
007100aa
00a20085
00770095
007b006a
008a0072
005e0091
006d0088
00690077
00f60087
008c0073
008a008d
00d2008c
00a60088
00ba0096
00a0009b
00c80087
00cb008d
00790075
00860076
00b600c0
008d009d
007f005a
00b70091
009b009d
007700cf
00f90087
00a80103
007b009f
00f500a1
007100ad
008d0089
009500d3
0083006e
010b0077
00a000a6
00a30089
00800099
00730082
009a0090
00910077
00b500ca
00880098
00a20065
007a0077
00980071
0075005e
006100a1
00610097
00790072
00520052
00950095
00bd008d
00d0008a
00500097
004d008a
008b006f
005d0078
00860057
00ad006b
008a0076
005c005d
006b005b
0076006e
006d0061
008e006b
00b30090
00c7006a
006d006b
005b006f
00f2009e
006100b9
00650065
00a900cb
006100a5
00cb00a7
00a2005d
00af0099
00ba008f
0071006a
00a3008e
00ab0069
00690065
00770093
00730065
006200b2
005e005f
00910067
007b00a2
004b008b
00600069
007b0077
0059007b
004d006f
01900129
006b0137
006100df
00b50132
00a2007f
008e00b2
014b0059
00c8012b
006b0089
007600e9
009d0096
0085017b
00d10067
007d00b1
00cb00d3
00920097
00c700c9
00a000c9
008a0116
009f0142
010900a2
00cb01b2
00bb0125
00f10073
007e006b
00b00073
00770086
007b0139
005e008d
006d0082
006f006e
00b6006e
00870089
008f0087
00c100b6
0069006b
0091007a
00860084
00730079
005600c3
0083007f
007b005b
008a0099
00660071
008f0060
006e0083
009b005a
0085006d
006d004e
00790089
00990068
006d0085
005b0087
00b60084
0098007e
007b009d
008e0064
009600a2
00a000ba
00660087
0099009d
00cd007f
009e009b
00ce00a2
00af0068
00b3009b
00bf00a7
009d0087
008f0073
009800b6
008700a5
00990095
0076006b
00860085
005a00ae
00790085
0098008b
00bd00ab
0082006c
008a007b
006f00e6
005f006d
00f30068
0085007a
00620065
006d0073
008f0079
004d0084
00730087
009e007c
00630067
0089008f
00590086
0099006f
00740082
00780099
0076007f
0077006a
005c007c
006a0084
009500a0
009d0082
00d300b6
008b0055
00a800ab
006c006e
006d0093
007d00c0
005e00a9
00860098
006b0081
0084005f
008a0072
008b007a
00640089
0063008b
006300a6
00870084
0063008f
006e00c7
00780065
00ba00b6
008f009d
007b0079
0089009f
007500b9
008a008b
01130088
009e0089
00730060
00830140
008b008f
00dd0086
008300b0
00720089
00ba0099
009d00bf
00a100b5
00880068
008f008f
009d0085
008d00a9
008c009f
0093007b
00d80076
008200cd
00bd00aa
0076009a
00870100
00c500cf
00b100dd
009600a3
009100a2
00b10085
00aa0084
00bd010f
00ad00c1
008600d0
00a1009f
00e800b3
00ce007e
008d0086
008f00a3
00da010f
00b70096
008e009d
00c100b9
00c500a3
006f003c
0109009a
009e008e
007800b2
009700ad
00780077
008100a9
00a600b6
008700ad
007c007d
007b00a1
006600f1
00730096
009f00e1
0091007a
0083007a
00800079
00970074
008600f2
006e006a
00e80086
0085005f
0073009a
008b007a
009d0047
00eb009e
00fa00a7
00e600ef
0073008e
00e9009f
00b30086
00a100c1
00d9008c
007e00ab
006d00a5
0093008b
0081007f
00a6008d
00d20085
009300ad
00a7009e
009f0093
00b70097
00850099
00970078
009a00df
008700e9
008f0070
00e90065
00a7009d
006a00aa
00d60089
00b500a1
007300a8
0052006f
0059007f
006700a7
006e0074
00990079
007e0055
0063008b
008b0082
00730071
00910052
00910073
00760077
00b30085
009100a3
00790092
00ae0066
0071008f
00a800b6
00790081
00a600ab
005a006a
007700c7
006e0063
00890090
007c0091
0092008a
005f0083
007d00a1
007e006d
009200bd
011d0087
008300c9
0066009e
00790082
009d00a2
00b3008d
00710085
007d00a6
008e0076
008500ab
00a6006f
00d60092
00a20062
00e70097
005d00a8
006f00a3
01230077
00dd00c9
005300a6
00c50088
00c2006c
00570087
009200b5
00a9008d
006b0064
00b00065
0066008e
007b005a
008e0066
007e0063
00710070
00810056
0093009f
00770082
00640067
00700063
0072004e
007b00a8
0071007b
0086007e
00c10087
00af006d
00920072
00d200a2
00a80081
008a009d
009e0086
008600c7
00b50075
006c0061
006e009e
00720089
00780092
009e0099
00ad0073
009900c1
00bf007c
00650075
009f009b
007a009d
006a0052
007b0092
008700c2
00820089
0080008b
008f005b
00890065
008200d2
007a007f
006700bf
00be0098
00850069
00760087
008d0097
00a2009e
009b0091
009b00e3
008f00c9
007700fd
0098006e
008d0092
008b006f
007a00c3
00810096
009f0055
00c70108
006c008f
007f00b2
00660077
0086007f
00710085
00b00071
00b60088
007d00bb
00c70109
0083008d
00c6009e
00730057
0062007d
0087006c
007d0083
0063008c
007900ab
00760083
006800b5
009e0069
005b00c1
008b008a
00530040
0076007a
006f008d
0097007f
00810073
006700a8
00890046
00920095
007b0077
007700da
00af00d7
007c007a
0076006e
00880084
00550079
00640086
006d0076
00520062
007b0073
007a007a
00c8006f
008600ad
00520072
00b1007d
00670054
0087008c
007200c9
00ab00b5
007d00d5
00760085
0093008b
00a700af
009900a8
007300a6
009d008d
00830077
007e0089
00a100c3
00a6007b
00a300af
00770092
00c300a0
00790096
01080081
00d300a6
006b0097
00bd00cd
00b000db
0087008e
008d007d
00e7006b
0093007d
005b0076
009b008d
0065005c
00710087
00910072
009a007b
00980067
006e0076
0073007a
005d0072
007e008e
008d0067
00790093
00ba008e
007d009b
007e006d
007b0088
009a0069
0089006b
00af008e
00c5009d
005e0051
007b0092
00aa004e
00520066
0056006d
008a0065
007d0089
006b00b8
00700063
0083006c
00a90071
00770072
00990067
008d0079
007d007c
007d0069
00a5007e
008e0065
00930089
00a00089
00a800a7
006b00a1
00810096
006b0081
00a50106
00610066
008300e8
00740076
00a20066
0072005f
009800c9
009f00fe
006000b0
00860079
0082008b
00870077
008e005b
0074008e
00820081
007b0088
0062009a
0089006f
008400a5
00770072
00930079
007000a3
00890089
0070006a
00c100a6
00970071
008a0095
007f007e
008e0067
0087009a
00a90095
00850071
00710089
008d0075
00c00077
008e0081
00a00099
009800ab
00bb0084
00a70080
008f008f
00f500a1
00c00096
00a60096
00a100af
008600a9
008d00a9
00730062
007a007e
0073008e
00870079
007b0070
008b007c
007f008e
00c70079
00730098
006f009d
013e009e
009b008e
00a20099
00ab0081
00930089
009b00b5
00840085
00770081
00af0071
0082005a
009b0092
007e00a3
008f0086
008a0077
006a0068
00750084
00c00081
008200ad
007b0102
00c20079
005900cf
00ae0085
00cf006c
0096005e
008100f8
008e0075
00b1006b
00790084
009200ab
00ba0095
008700b2
0079008e
00b10052
009a0085
008900b5
0091008d
00a0009a
009700a5
0087006e
0083008e
00d2007d
00b600c5
00c8007e
007200b7
0076008d
007a0072
008b00b6
008200b2
00a90084
009a0130
006c007e
009a005a
0072007b
00800062
00f50066
0086007a
00700098
005d0054
0085009e
0082006e
006f0089
00a00077
0098008a
00d10123
00d1006e
00c6007e
00c6008e
0095008a
00c00091
0079008a
00770077
006100a3
009800c0
00a80069
006700b8
00e500b6
00ab007d
00a800b1
0090008f
00f00077
00b30097
00ea009f
00b20081
00830071
009600ca
0078009d
006e0045
00d30093
0096008a
00cb008c
00ed00c3
008700a6
005b0059
00ed00a2
009e0088
0071006b
007b005d
0066007e
00550064
00790055
00900082
00ad007b
008f007e
00730049
0056006a
0090008e
0063007c
00870064
00b200a3
007e00c7
0097006c
00b6009e
0082008d
009500c2
007d007d
008700b8
007c0071
00c300a6
005e00d1
00740097
008b005b
00a300b9
008e008d
007c0068
006e00a2
008e0095
008500f1
0077006b
009800d5
00690082
00be007c
008c00c7
00ab00dd
00c2007a
008b005f
008100d3
007b009f
00d300c3
007f007e
008d0068
00c100c7
00b00089
00be00ce
00c2008a
00bd00bb
00cb00d6
00c700a1
00bb00c2
00830093
008900a1
007a00c8
00a80098
00be00a9
00b300a1
00950083
009600b8
00bb0091
00bb0097
008900c7
00c0006e
006800b8
00800067
0082009b
005b00d7
00800073
0093005e
00610065
006a0078
00d20084
0089006d
00870086
006e0065
007d0082
009d0086
005f0076
00ad0071
0099007d
0091009b
00960081
00ab0093
007900b9
008a006e
005a0083
009d00aa
006c00a0
007500ba
007d0087
005f0079
00c60061
006500ba
008b006c
008d0073
00a5007c
008a008c
00a70081
008a007b
006d0073
0087007d
00be007d
00a20099
00b200ca
008500b9
00820079
0098006c
006b00ae
0097008e
00a7005e
0078009a
00d1007b
007d00d3
007f0111
007800a3
00930091
00c500b3
00f300de
007000a7
006f00c1
00ba0093
00be007d
00a700a6
007800ae
009e00d1
009f0097
006f007f
009d00bf
00a20086
00860093
00920082
006a0095
00710095
008a00bd
007600aa
00f5007c
00a90095
00660068
008300b3
00af00a3
00790092
00a8007f
007e0083
00790088
007d00c3
011d0087
00860087
00890095
00ba008b
0091009e
00860089
00a3009b
008f00a6
009d0091
008e00ae
008900b6
00750092
00810052
00db0079
006900b8
0093007e
007a0063
008f006a
00b30091
007c006c
0073007d
008d0087
008a008a
00d200b8
0072009b
00b9007a
00ad00a6
0092007a
009e00b3
008d00ba
006c00b7
008a00ce
008d00a8
006d008e
006e00a2
00cb006d
007f0057
00af007e
007d006e
00830096
00690089
007900af
00820090
00990073
006e005a
0099008b
00d20086
00d50091
008e0082
006e00a2
008f0098
009d008d
00790073
00910075
007b0084
00950092
00770074
008e007a
007d0082
0087006b
00a80057
00960066
005d008d
007f0082
00670075
00750075
00cd0058
006d007f
0077008a
010a008e
00810071
00680083
00710081
00660081
0066008f
0069007f
00b3007d
00700098
00750084
0075007c
007b0095
009f0072
008a006e
0099008f
00740085
00700083
007a006c
009e0085
007600aa
00620080
0087007b
007600a1
00ae005d
007d00b7
00b80075
008700c3
00be00b0
007b00e6
007d00a1
00d800c0
007e00a1
007d006e
00980085
007100df
0092009a
009300b7
00b5009e
011b0088
00690081
00c60086
00930085
00cf0082
00920077
00a9005e
007b0070
00a0007b
007700b6
008000e7
009b00b2
00c0007e
00d0008d
009900b7
0092009e
006900ab
00a700c0
0098008a
008a0099
007b00a8
006e0065
00a700b1
009e0085
00830083
008e006f
00af00a3
008b00a2
007100d5
009100b2
00710090
00770084
0082006d
007200d7
007800ab
0077007a
00790067
007e006b
006d0095
008b008a
0095006b
00770093
008d00a3
00870086
00850068
00910082
007b0098
007c00ed
0099005b
00750069
00870097
00870086
007a008a
00ae009a
00990084
0073008f
00890083
008c009f
007700a1
00bd008d
008d0096
00a700c2
007e007f
00f00098
009d00a7
008200a1
00c500aa
009f009f
009700a2
00a0007f
0087008d
00ad008c
00dd0095
006e0059
00b2006b
007d00e3
00920067
00760097
00c30088
008000bd
007600a1
006b00a6
005f007a
00b70077
008000a8
00c2007e
008e00c7
00920088
0089009a
00810098
00a7007a
009600ab
00a70080
008c009d
00de0085
00a300a0
007a0089
00df0053
00b90081
00bf0083
019000aa
01090097
00920096
00980064
00c50091
00830083
008500aa
008d0098
009e0076
00ad0075
008100a8
00a00079
007700b2
00720087
0067007e
00640079
005a0079
008f008a
008b00a7
00920056
007500a1
00b500b0
0082005e
0082005f
005f0082
003d0034
00530071
003f0078
006b004f
006700b0
0081005a
006a005c
004f006b
008f0047
0062005a
004100a1
004a004f
00c30073
00500066
00800064
004700d2
01b2006a
005c004d
00410081
004e0052
008700c9
00840068
00b8008a
006b010e
00790076
006f009a
00b50063
0076007a
007f006c
00c300a8
0097008e
00810095
007a0081
007e00a6
007000c9
007100aa
00a30081
00ae0065
009200b7
00aa00a9
00c100a0
00710099
00a200b3
00a000d3
009e0087
008000fa
007d0076
00ca009f
00aa00b0
00800078
00e20086
00d00083
00a70099
00bb0076
00c100bb
0066006b
008b0075
00810087
008f0082
0066006b
0072006b
0074007c
00820082
0051008b
007a00c6
00740070
0063007d
008a00d1
00990062
00640099
0067007a
006b0091
009500ab
007b00c6
007400a8
00af006a
00e70099
00760071
006900a5
0087008e
00820077
006200a1
00980066
007c007f
006f006f
00800065
00a70087
00860059
007300a3
008e0081
0073008f
007a0058
009f0048
00530086
0072008b
00d600c1
00a900a3
007a0068
009e008e
00a60098
00a5008f
005b0065
005f006d
007500b7
006e0073
006500e1
007c0089
0075006d
00730056
005d0077
007f0089
00630069
00690075
0095005e
00720069
0069006a
0075004a
007200f2
007d00e2
00990095
00ae00a2
006600df
00830061
00e80086
0129005f
006f006d
008b008e
00790063
00520065
00e9008b
0073007a
006a0093
00a9006e
009200ae
007a00a5
005d0086
0079008d
007a0053
005d007a
0098006f
0073008f
007d017e
008d0087
009b006f
007500bf
00a90089
00850098
007e008f
008100b6
008a00b0
008b006a
00a80083
008d009b
00e700c1
00a90155
009b0095
00860081
008e0083
007d0092
00a20098
0095008d
007100a2
00a300b2
009a009b
00c50058
009a00ad
0075008b
00770083
007b0097
007e0085
006a008c
00850097
00860065
00670097
00760098
00a60092
007f007d
00bb00c2
008c0087
0092008b
008e00c9
00920083
007100ae
00820076
008c0081
00820074
009200d7
007e0071
00810053
008600e2
005f0075
007a0080
006c0065
00ba0089
008a0097
009f009b
0081008f
00980092
00b90092
0088008d
00920092
009100a1
007600a5
0086007b
00e200bb
006e0086
008c0095
00aa0081
00b9007b
00990093
008a009f
0086009d
0097007f
0068005e
0092009f
00a00063
0061006f
00be0052
00ae008d
00540066
006500c2
00ba0093
00ca006d
008a0089
009a00c8
0077008a
007500a2
006f009b
005500a9
0098007f
004e00a3
0081007e
01060083
00a6008d
00a60095
007d006c
00790083
00ff0086
00f8013b
00720121
00b70082
00750175
00ea0093
00b30091
009a009a
00a700c5
00b300b6
00f7013e
00a50085
008e0097
007500b5
0102008e
009e0125
009700a3
00a200a6
00b600a6
00de00ba
00bb009e
00d800d1
0102009e
00a8006c
006b0076
00730082
006b0066
005c005b
00970062
007000a8
009f005d
00830067
00a0006a
008f008d
00810066
00830089
007a00ad
00760080
00870095
0074006f
00c9008d
008c005f
0063006a
008a00b3
00b000bf
006b007a
0092009b
00a50087
009b00d1
007900a6
008d00a2
00ef007f
009200bd
0091007d
00d50096
00ad00cd
007a0092
00c800bb
00b500c6
00880075
00c200af
00890099
008a00a2
009800a1
009900a1
009200ad
009d0074
00ca007f
00a50084
00cb0076
00c800db
006b00ad
008500bd
01180092
011900a0
0102007f
008400e5
00980073
008b0091
00af0087
00cb0095
00a800a1
0085009f
00a8004e
00ad008d
00920092
01290081
00be009d
009200b1
00a000a7
00e00097
008e010e
00710066
00a00088
00730073
008d005a
00790077
005e009b
007c0091
006a0063
005b006d
006300a6
00750081
005f008c
00b20071
008b008e
00a700b6
0068006d
006c005e
00750072
0081007d
0081007b
007f00a9
007f00cb
0072009e
009200ca
00a50083
006f0091
0072008e
007e0061
00df0130
0078006a
01020107
006a006b
0061005d
005a0093
00dd00ed
00ea00a2
0067007f
00910090
009600a2
0081006e
00ed00be
00af0076
00690072
00910070
00790050
006f007e
0074006d
007e006e
00f80061
004e007f
00aa004f
00af008a
009300da
00e2007b
006b00fd
007b00b3
00820090
00ba00c6
00a20076
00810098
006f00b3
00aa008a
0087011a
00b80064
009500ed
008700ea
007f00ae
00760119
00920085
00ab007e
007f0072
00b600cd
00e1009d
00830093
0087007c
00790077
0069007e
0084008b
008f0089
006e0077
0081007b
0072006f
00920091
009000a3
00d700a3
00aa0087
00b5008b
008b0070
00f100a6
00960085
00d9008a
009a007d
00d900cf
00a100a3
009800c0
009300ad
00cf008b
009f00a0
00de0085
0087008c
0069007a
00a10076
005f00b0
00820069
0086007f
006f0085
0072009e
00830070
009900a8
005f006e
009800a7
006c0086
007e0099
007300e0
005b0081
006d007a
008b0072
006f0071
00bd0092
007d0093
0091008a
00760085
006d005e
009f0082
009d00ae
00a00091
0085009e
006600b9
00910067
007b0095
00750087
0096008b
00ae00ad
00920090
00b20084
00a000aa
0089008e
00a000d0
009d0098
00ab008f
006b00b3
00b00097
008400aa
009100b7
00ab00ba
009a00b0
008100ce
007f0083
00980086
00b00072
00720066
00730076
009800bd
008e008e
00a20077
006f0077
0084006a
00bd0066
00b30099
00900085
0097007a
00a1009f
007e00a9
00800097
009f0084
009200a0
0097008f
009900a7
0084009a
00a100b5
00a70079
00660058
00960077
006d00d3
006b00f2
007300ae
007400a3
007c005a
008d00c1
007600a8
007900ad
00660072
0076007e
00720061
009e007f
00b0005d
0074005f
00d20077
005e0050
00910066
007f0060
00690091
0137008b
006f006e
005f0072
00a10066
00810083
0082005f
0075009f
006f007c
007e007d
00700059
007e008a
00870085
007d00ad
009900e3
008b0092
009b0077
00820090
00680098
009e00af
00970097
005a0075
007b0083
00c70077
00aa0085
009e0092
00a60084
00950086
008900a0
00620086
006a00b6
006700a3
0099008f
006c006a
00a5005d
007b00c8
00f20069
008b0080
00870076
00620096
00920057
00660072
0078007e
00b00085
0074005c
00830086
00700087
009e00af
00cb00ab
00ad0086
00960085
00870079
005e0064
006e007a
00920089
009e0065
00cd0080
008a008b
00960080
005d006e
006f0068
007e00a8
00b80086
0099008a
007100db
00af0086
007f00b3
00b1008c
009600b3
00be0092
0086009e
009a0072
00ab007a
008d008a
0073007f
009a00aa
006a003d
006900ba
00aa00ab
00ad006f
00620072
00a300a0
008a0090
00820085
00b0008b
0077006e
0077006d
007e00a5
009f006d
009900ad
0093009d
00a5009e
00b300ab
0084008e
008d008d
008900d0
00ab007e
008c008b
008e008d
009700a8
008a00a0
007700a3
00540086
006e00b5
0074007d
009d006f
00da0086
005b006a
00f20092
008300a8
00e20073
00a90077
0085008c
00910082
00ae0064
0086009f
00b5006d
00c10084
00a50077
00a10068
00a20085
00a00068
00be0087
00870095
0066006b
00b800b2
00aa0084
007e00f9
00b5008b
009e006b
00830085
01600099
0073007c
00ad0082
00a100aa
009e0072
00eb0072
00760072
00b10071
00b00099
008e00fe
00760069
0065009f
0069006d
0081007a
00880063
00660069
00730090
00980061
007600dd
0059007f
00750082
007d008a
00d0009a
00990070
007b007d
007c00a1
00a10083
007c0077
00b300a1
009d0097
00bd00ae
00a2009d
007d00bb
009b008b
00ab0081
00a60096
00af00ae
00a0007e
00ad009d
0087009a
00c00071
009e00a5
0071007f
0082007f
009900a6
0056006f
008c005b
00620064
00850085
005a0069
00b8008d
006f0095
00af007f
00bd006f
009b008d
00600082
00b8006c
00c0009d
007b0074
006a008a
00a20086
00890102
00e300bd
00a30087
00b00091
004e0075
005a004a
0099006d
00890077
00660081
006f005d
0072006a
00b100a2
00930065
00a90082
00ef0078
00c200ba
009300ae
0065006f
0083005d
00810073
006d00ae
00890081
008a006b
009f00da
00a5006d
00780099
00830084
008c0078
008d00bf
007800ab
00910056
0075005a
005b006b
0079005b
00c70075
00a2007c
007b006e
006a006a
00cb0073
006200da
008f00b2
0089006b
00590095
00a7007d
009e008e
00a1006c
00520067
007d0086
008200af
00a90068
00ce008f
007a007b
005d00b5
009a0073
006c0083
006100ad
00610061
00830051
00a1005c
00c6004c
00870096
0073005a
00a10086
00de0079
006f00bf
00720074
00aa00a5
0079008f
0076008f
00a00068
00820076
008300ab
007b00ce
00c20088
0065008b
00860097
008b00a0
00480080
0080007d
00670087
0081008b
00730093
00d6007e
00670066
00e00071
0077008f
00be009d
0075006b
0073008c
0073005f
00950085
006e0081
007c0076
00c80057
00a30091
008a008a
00750090
008a006e
00610099
00850095
00b10061
006a0063
00790073
007f0083
005f007e
006e0086
009e0088
00790084
00770079
00770063
00830081
0077008b
00c8006b
0062007d
00810070
00b90089
00a000ca
008b0076
007a0089
00700073
008600c3
00b30085
008500a2
0093007e
00d10049
008900aa
00e1007b
00670091
008700cb
00c0006b
00be0086
0080007b
006b008c
006b0096
00900089
0075008b
00960089
00a2009f
00a000a3
008b00b8
008e0092
00930069
007800a7
00a600af
00cd008a
009b00c5
009100b9
00880091
008b00a3
00b30054
004b0086
0089007d
006b00ed
005d0057
00560079
006700a3
00530083
006d0089
00670070
008800a6
00720067
00660069
00610066
00e90073
008c0058
00850069
007e008f
006d00c2
00fb0095
008a0069
00ca00a6
005a007d
00a6005a
008f0092
0087008e
0080007a
00870081
0076009e
00a80096
00b100b7
006a007a
00900087
00bf00bd
007e009a
008f0081
009f0092
0087009f
00830083
00990076
009d0072
006b009a
006700bd
0095009a
009900d6
007600fa
008200a5
006d00a7
0077005b
009d0091
00980083
00850063
00ad0065
005a0077
006b007d
005d007c
00b800c0
009b006e
00860078
00630087
007b0073
008f0097
00b300a0
0096006d
007c00c2
0061009b
006d008a
00670083
00a60095
00ab0098
007e0097
00790075
006f0070
008300b3
0159010b
0086008a
006a0093
008d0084
011800a8
00ba0072
00910073
00730093
00730066
009f0089
009100a0
00ad008b
0091006e
007d0067
007f0081
007e008e
007600ab
006b0092
006e00aa
00610064
00810081
00730063
00730088
0080008a
0072008b
0072006b
00860086
007c0095
008d006b
009d0098
0073008b
00a00065
008100aa
006e0073
00890079
00ad009e
00870076
00a10079
007a0065
007d00a0
005f0085
00aa0087
00a2007b
0091008f
008a0062
00c5007e
0070006b
009e0066
0092006e
00630058
006100a9
0068006e
00a000d2
007c00b2
007f007f
0098007a
0086008e
00a50072
007a00a1
008d009a
007c0071
006a0069
006c007d
008d008d
00820075
007200d7
00a2008a
00ab007b
00a900a1
008800b8
00640086
006700ad
008d0086
0065009f
0059007c
008f0081
0078005a
00ba0072
00b8005b
009d00ab
007e00ad
009b00a5
007700a6
006e0091
00c20069
0075005f
00ab0080
00820081
008a009b
006f00b0
008800b5
008200a2
009d0092
007e00c5
0063007b
0084008b
00720096
005a0055
00720067
007c0085
009b007a
00730090
006d0079
00b30074
0071009a
00b00073
009f0086
006500a2
00c20084
007b00a3
008d009a
005a007e
007b007e
00760098
00cf0099
008600ae
006f0099
005d0057
00a20085
00810081
007f0072
00ae008e
00860076
0095008f
00c60079
00a9007f
007f0077
00910070
007600a0
00a300b8
0091007d
00810077
00a600b1
009600a1
007b00ad
007c0091
00970084
009800c7
008d0070
009f0081
00a60099
007100ab
00670079
005a00aa
006d00c2
005a0069
005f0053
00e90081
008b0082
00740073
00b500a7
008500b6
00640074
0085009e
00ae006d
00d90072
009900a7
00a8009e
008600e5
006e008e
00c1009b
006a00aa
00a3009f
009600a8
009e0091
0077006d
00570079
008900de
0069006f
005c0059
007d007d
0074009b
00790076
00700062
00910075
0086008d
007b008e
00810082
006b0065
00a600a8
0069009b
007f00bf
005900c7
00980072
00b1009e
00930054
00a70076
0087009f
00620096
0079008e
006f00b1
010000a2
006d00d8
00680073
0070006d
009100b0
007a0063
0067005e
00c9007e
00ca008b
0060006d
009d0080
0085006e
0085008c
008d00aa
007d00a3
007f0127
00990091
00720103
008600a1
00820085
008300b2
00820073
007f0092
0052007f
0067007f
00550075
00470071
005300b3
00790052
00840083
00a00066
009e00b6
008e0067
00e000c1
0069007d
00a70082
00a000a7
008e00c1
00830084
0092008d
0088006a
006f008d
007f0081
00aa008d
00af006f
008c00b5
00610099
0069006b
006e0090
00730092
00610061
00a20058
0070008c
0085004b
008e005e
009b0073
007a00ce
0084009a
00b0004d
004d0082
00870055
0076006f
00810069
008f00b7
007d0071
007600c3
00a600fe
0072007f
009b0090
00920092
007a00a3
006e007f
006c009b
00750088
006b008e
00670088
007700af
0072007a
00be008b
00b700c8
007b00a0
009a0071
009b00af
006e007e
00730061
006600b3
00760068
009a010a
00900083
006700a2
006e00ae
00970083
00d500c5
0069008a
00c10093
005500af
00b000a5
006e00ad
0074005a
007c0086
0066006f
0073008f
00730076
00670080
00a2007e
008a0076
00d6007d
00640079
00810093
00a8007e
00760079
009e006b
005c0073
009a008b
009d0091
00be0081
00ae00a2
0079006f
00920095
00d6004b
004f0073
0069006b
007e0083
008e006b
00d000c3
006e0099
009b00a6
010a008c
00c900b1
00870073
0080006e
006d00a9
00990088
00900082
007d0062
006700e3
00620083
004e0087
00bd0081
00af00d0
00a7007b
009200b2
009e0078
00a500ab
00670091
00880077
007e0072
007d0095
00f2007b
00c20075
0093008d
00c1006d
007c009d
007300ae
008f0086
008a008c
00990070
009d00c8
00e50090
007f007d
009e00ad
00760087
008a00a0
00aa0092
0085008b
00c3006e
0077007f
00660089
008d007a
00570077
004f0080
006d008e
006e0091
008f008a
006d0062
00760076
007c008c
007d0063
008a0072
0079007b
00b00076
00790066
00930071
0086007b
007c00b7
006d0074
0070008e
007b0064
007c00ba
008f008a
00df007e
00700089
005b008c
007a0088
0062006a
005a004d
005a0061
005d0077
00cf0056
00c60051
0092006c
00910097
00830062
0074008a
005a0072
00650070
005a0085
0099009f
0065008d
007a005a
00720080
00610092
007700c8
0087007e
009b0081
00fe00a3
00860087
00b20055
00a3007e
00a700be
009d00a1
00aa0071
008e0080
008e0071
00810070
00d500a6
00860075
009b00ab
00a100a2
009600eb
00ad00db
00a300c7
008f0090
008d00bb
00b500b5
00f50089
00ba00d1
009f00a7
006b0079
005f0085
00960065
00660085
007b007d
00910051
00690061
00800055
00610062
00c600e2
009500f7
00780095
007700eb
005e00a6
007e008b
0062008c
00970064
008f00a9
006000eb
007b00a6
008e00bf
005c0097
006000a0
0099009e
005f007c
008c0082
00860081
008200ce
007b00a6
0098007a
006f006f
00710076
00740088
008c006e
0085006b
0087008c
009a00a7
009d0084
00e50090
0063009f
0092009b
0071007d
009f0081
009e006a
00960089
009e0071
0059008c
007b007d
00670044
0079006d
00820074
00980063
0075008a
008c00b6
007f0085
0078008b
00b3009a
007f008a
009f0087
00a70086
008700b0
00890076
009e009a
00b60098
00a200d2
00e6009a
009000a9
007600ab
00a100b7
008900d0
00d20084
00770099
007200a5
0066007e
007500db
00ba0066
00650074
00560085
007a0084
00740061
00af0077
007f00a0
00900096
00e50093
00be008d
00b60075
00c80065
00710067
00a8006d
00af00a8
007a0075
00860093
0089008c
007e0079
007600a7
006f008a
009a008f
00b20091
006f0082
0076006a
006d00a9
00650091
00ba0091
0082007d
0097006e
007d0095
00a20087
0082008e
00750057
009b008b
00990097
0073009e
00850079
00be0073
008400a2
00870140
00950080
00a5007b
007f00ba
008f0093
00a700a0
0073007b
007e0072
00ab0070
008f0085
00960067
0061005d
0052005f
00950068
00b900d1
00a9006d
00e100b0
008d0081
008a007f
007d009a
00950062
00a7006d
008500d5
00810086
008b008d
00b60072
008b00a6
00b700ae
007a007f
009b00a9
004f0073
00930076
0077005e
006e007d
00670072
006b00a8
00590065
00a8009b
00a100a3
008400db
005c006d
009b0099
008f0058
007100ba
00770076
006300c2
007b0080
006a0076
00810090
00a00087
00a60072
00a50070
00980097
00980076
00720079
006e00a9
00880075
0059006d
00770073
009e0077
00aa0093
009a005f
0063009e
00cf007d
008e0086
009e0083
0067008a
008a008b
00790098
006c0079
00700122
006f006d
008900ae
0062007f
005d006c
00a5007c
00b60095
00600085
00680077
00570087
008f0093
004d0093
0061004c
00790049
007f0056
006e009d
009d0067
008e0093
007c00ab
0069009f
00920066
00e50064
00c300a6
008d0079
006b00b6
006c008b
009100ad
00b90066
00b200b5
0082007b
009700bb
0083008f
00ee0078
00620087
005b00a6
005a004c
005f0066
00610076
005b0056
00720076
00c500a3
00ad0097
0075009a
0073007a
00880095
0075006f
005d0085
00740092
00ce007b
00720082
007a009d
009f0077
00bf008e
0075009e
0097008f
00a00088
007a0079
00a30077
00a90085
00740061
009d007b
00a900bd
00830071
00720068
00a00073
00af007c
007d0065
00830085
00700053
00710078
006a005a
00820097
0092008f
008a008d
007d0089
0085007c
00b50081
007100b1
0085009f
00a7009b
008900a7
006a00b2
006d0083
00530074
0056006c
008b008c
00750055
00e500b8
007500ba
007f0079
00d9006e
00930077
006d0083
007a0073
006400a6
0088008c
00990081
0089005d
00640097
00ba007a
00810072
006b0070
009700af
006b0055
00890063
009d006d
00b000ae
00860069
00680090
009100ae
006200c0
00bb007d
007200b3
009d00a0
00a90066
00a1006b
00740085
00980083
008a0092
00720086
006a0082
009a0092
007d0084
00dd00b1
00910081
00850079
008a0085
004f008f
00bd008a
007a0084
0095007d
008d007e
008300cd
0088007f
0098008d
0063009f
007f0087
008800bf
008b009a
00910073
00930085
009b00af
00a60092
0093008a
00860093
00a300b6
008900b5
00ae0087
009200be
008200a6
006a0086
00af00b2
0099007a
008700c1
00610095
00730079
00910074
0091008d
008a00de
0070006d
00b200b1
008f007e
008a00b3
006a0101
00870073
009f008d
0089007e
00870071
00a700dd
008c0092
0092008d
00d7008a
00910085
007e006f
00db0079
006c009d
008700ab
006f0081
008e007b
0085006b
006d0092
00740083
0090008f
00b50085
00d30093
008e0098
0077007b
0089008f
00670092
00cb009a
0080008e
00c00074
008b0077
007b0079
00990073
00820092
00a700b8
008a007e
008500ae
009b00af
00990072
00ca007b
007d007f
00600071
00830089
006d00a5
00810093
008f007a
006f0075
008b005a
0093007e
00780097
007500b0
00960096
00930090
00b20072
007b0091
008d0071
00a50082
00ba00a2
006d006f
007f00c1
0085009b
009a008b
0059006b
007e0096
0087008e
00590080
0084007c
00680083
00a500c5
006a005e
00c600ae
00820079
0063007f
00930073
0077008d
007600ad
00990082
00be0089
00a300c2
009e007d
007c006b
007700b2
009a007e
006a0080
00b30075
00a800a0
00850090
0058007f
004f0085
0065007a
009d0060
009b008e
008500cf
0068008e
00b80072
0081008d
006d007f
008d00bb
005b0097
00970061
006e008c
00990076
00b000e6
00ba00af
006e0105
00620099
008e007d
00720061
007e007f
006a0098
00570067
008b0093
00b80061
00560097
005c00ad
00b10063
00760070
00630071
00920086
0086007a
00910110
006b00a1
005c007b
008300aa
008f0088
005e005f
007b007f
0091008d
00790085
0092007a
00670065
0091009e
00a70083
00a2005e
0086006d
008900b3
0082006d
00800072
007a006e
00740095
0081008c
008d0092
008c0096
007f008b
007400c7
0099008f
009f00b0
008a0098
00a7009e
00a70058
0070007c
00760080
008100af
00a200a6
008b009d
00b50091
009e0092
0063009d
00980083
006f0092
00460063
00870056
0066007e
008b0059
00870067
00680076
007b008a
00e6005e
006f0095
007e007a
00620076
006f006f
00880077
0099006c
00ad00d2
009e005f
00b00099
00730090
008f009d
00d100de
005d0092
006b0079
0086008e
00cd007d
007a006e
005f0062
009500b2
008a0065
005f00d2
00760099
0091007c
00850096
007c0090
00920083
006f0068
00d700a5
0083007a
00a9007e
00770083
00720098
00910086
0077009e
008e00a1
008e00ae
008b006e
00a9009a
008700a1
00740066
007a0053
005d007d
008b0062
00af0085
00bb0071
007d0068
008d0086
0079008a
00b70081
007200c1
00560089
00b3008d
00770098
0060009a
007b00ad
0053006d
00790076
0068006e
0085008f
009f0086
006f0070
00da005a
009a0083
00740079
00800091
0089009f
0093005d
007b0061
00830075
009600a2
00a3006a
00b700af
0079006b
00a1007e
00830077
006f006e
0089007c
00c8007e
00730086
008a0093
007a0082
00830097
00b000b8
009500f3
00c90098
0055005a
007b006b
007c0076
007d0072
005b007e
00750091
007d0071
00910068
007d0085
00650078
00780057
008b0069
00790063
00720080
0063008e
007600b7
0099006c
009e008b
0082007f
00890077
00a2007d
00d0008d
0098006b
007f0087
00730072
00d00096
00c7008d
009300ca
008f009d
00830071
014500c2
00a20063
00770071
01090097
00880081
00690063
0092008a
00850068
006600ae
00c9009a
00910107
007a008e
007c008f
00920078
007600ea
00970071
006a007d
0087006d
009300bf
005f0085
00a8009d
0064006b
00780086
00980093
00a30076
00740056
00c2005a
00760068
0087008b
00a7008d
00b70071
00ab006e
00a2007b
00aa0078
00670084
00a2007f
00990074
007b0061
00900071
00850093
006a00dd
008b0070
006d0091
007a007a
0065006b
006b006b
0049005c
005c0065
0077007d
006b007d
006f0070
00710070
007b00db
00760095
00a700ae
008f008e
00c10081
008d0076
00680069
00c20069
007e0082
00860076
00990077
00b3007a
009a00c8
007e007f
006b00b0
006e0086
007b0082
00750059
005e0086
00630075
005f006b
0076007c
007d005d
0073007d
007600a6
00a50093
007b0066
00a50062
006c0069
00c80093
0080008b
00b8005f
008b0061
00920078
00700091
008600ae
0086007e
006a009f
008a007f
00730079
006c008e
00590096
0047005d
0066005d
00930080
0083008c
00cb0085
00e2005d
008e0067
0082007d
007b0062
005a007c
009e008e
007a008d
009d0082
00770096
0079006b
008d008d
00740085
00c000a9
00a80075
0082008e
008200b2
006b008b
0056008b
00a10082
0086008d
00590059
00b00053
008d009e
009b0093
00650069
006100a5
007a007a
00850077
008f008f
009e0089
006a0069
008b00a7
00920059
008e0089
008c00d2
00870080
009800a0
00a500b1
00af009f
007b003b
007b0071
0092008d
006b00d6
007d00d2
00830083
009f00b9
00d00061
00a8007e
00b00083
00810092
007500a8
009f0081
007d0085
00b10092
00b000c2
007c008f
0080008d
00890082
009b0080
00ad00c5
00c300ba
0082009e
0089007a
00bb0081
008900c6
006d0067
009d0069
007200ae
00760073
006c0071
0071007f
00d1007c
006e004d
00970083
00b30066
008300a7
00a1006e
0070009b
00750079
0050007f
006a00aa
008b0073
006400c8
0056009b
00a0008f
007a009a
00860079
006b005f
0068006d
00690084
00610075
00590058
007700a9
009e005c
00c1005a
0070006d
007b0071
005e008b
00930083
0065005f
00730089
009a00a5
00730079
0073007e
00a00075
006e0081
007f0087
009e008e
0075009d
007e00a1
005d0076
00750079
005f0065
00900095
00a600a6
007d006d
0071007e
00aa00a3
0073007f
00a00069
00a3007e
0066007c
009f0062
00a0009b
00c30064
00ef008e
00c0006a
0071007c
009300ca
00810079
00880085
008f0092
00b6009e
00800083
0077008e
00be0080
007b006e
008d00a3
008d0099
008c0077
00770096
007e007f
008a0096
007c0095
00a00073
00880065
008e00a2
008600d6
00610087
0081007b
00ab007f
00760081
0075008f
00a60089
00720087
0081007a
00a000a2
008c0093
009200a0
00530052
00720086
00d2006d
0066006d
00660099
0087006e
0081007d
00990087
007e0089
0064007f
009b0082
0088008f
007f008c
0083008d
008e0096
0080005a
0089008c
00b200a2
0081008e
00d9007e
009e0083
00950083
007600a5
008a0087
00a50097
0069006e
0061005b
006c0096
0050007f
00610067
0076006d
00ba006b
006e0065
007a006b
00a00084
0087009b
00890063
009a00a6
00710076
00d8008e
00590093
007d00cf
0098005f
008a005d
008d0086
0077006b
0089008d
0091007f
007a004e
0075008d
00820073
006b0078
008b007b
008a0070
0089009b
00850075
00840065
006e008a
0099005e
00b10084
008300c1
009e0093
00a60095
0086007c
007a0097
00a20092
00b1009f
00a00073
00860085
00d20090
00ba0106
006f0091
006f00a5
00a30073
0062007a
00ab010b
005e0068
006a007e
009a0074
0077008e
009d0093
00950079
0077005b
009b0073
0075007c
00a2008a
00a80073
00620079
006100b7
00c700af
006d0087
00a80079
008500c6
00c50077
00b0009e
00840073
004a0092
0083006a
0076006a
00720061
0049005b
007e003f
00850081
00ae0056
008f007d
0072008c
0065007b
006500a1
006900a2
00850099
00f800d0
0064007d
0071007f
00860089
005d0065
0089008b
007b00ae
009b008b
00bf005e
00650071
00890089
008b0056
0063008f
006800b1
00510052
0057009a
00c2008a
006b0071
00a20077
00740089
007a007f
007d0085
00ca007b
0063006d
00690057
00a90097
009a007a
00a90074
005d00a8
009600a1
00a50057
00a10084
00970092
006a008e
009900ab
0075008d
00a80078
00660067
008b009b
0073008b
008a0093
008e0088
007e00ae
007a0073
0082006d
008a008b
00870063
0087009e
008d008d
00830069
008d00af
0080009a
008a0086
00b6007b
00960083
00770088
00bb0092
008900a5
00de0081
0077006d
007b0095
006f008b
0070006e
0086006b
0071007e
00a30081
00ad007a
007600a6
0063009b
007f008d
00850083
00770080
00750083
0083007c
00850092
00810077
009900a9
006f006a
00980085
00bb00c2
0095006e
00970074
0061009b
00950085
00570065
00b10054
00680063
00850083
00870089
007c0077
009a0089
00a10092
00890091
009500a6
006c0071
0097007f
00c1005f
00850081
007800c5
009a0088
00920069
007f0063
006d00de
00c70097
009d00a9
006d007d
00c80097
00bf0068
005c007a
0063007b
004f005e
0081006a
00810089
00e100a1
00920077
008b00bf
0078009a
0089009a
006a0088
0075008b
00820051
00cf00db
00870075
00a100f3
00d30065
007900b8
00770073
00d6007f
0082008f
008b00c3
00b20053
008600b7
00be0091
008f00f3
009900a0
00c50095
008f007f
00db0091
007b007d
007a00bd
00b00091
0091008e
006f008a
007a0084
00850099
01160070
00df009d
00aa008e
00800087
00a600be
006e0086
00650098
009d0073
00c00064
006f0067
0072007e
00a1007f
00920099
0076008a
008b00ca
0098009e
0096007f
008900a6
008200ab
00eb0069
006f0072
00a10079
00870070
0097009f
00760084
008e00b2
007f00b3
00910099
009000a8
00a100c9
0079009b
007b009d
009b0099
00640075
0063007b
0069008a
008d005f
0061005b
00570079
0051007e
00760098
007d0075
00be00a3
00840076
006b005d
00cb0076
0089006b
0089007d
00ef0065
007400fb
008b00c6
00a9006d
00a3008d
00810072
007e0076
0073007d
006f00aa
008600aa
00950078
005d0070
0060004e
004700e6
00630069
006200b3
00600079
00720079
0092006e
00800086
009e006e
0090007a
00ad0079
00990063
0092006b
00750089
00ae00aa
0065008e
006a007f
0079008d
00c0007c
00750086
00c50069
006300b1
00820083
00520077
00a90072
005e0063
004b0052
0105009d
009f0076
00920084
008e00a5
00860071
00d100bb
00770060
00690079
009a007f
00800074
0074007f
00b2006b
008a007b
00650069
00c200d8
007e00bf
007b0086
00b2006c
0058009d
008b005d
00590074
007e0087
00760066
009900a0
00990092
008000a1
009a008c
008600a0
00740082
0077007a
00670056
007b0066
008e0081
00a10083
0092008e
009b0082
009d00ad
00a20076
009f00bd
009300a2
009500b3
008b0096
008d0096
00a6006b
007600b2
007a0085
006b006b
007e0082
0077008d
006f00d6
005f007a
00a500a1
0098009e
007d00a2
0071008d
007f0091
00660096
008e007d
0089009e
00ae00a3
010e008f
00950069
0083006f
007e0091
008b00a9
008d0098
00910098
004f00a1
0066006d
005b0092
00650057
00430059
005a006e
00810062
00aa0073
00f7006a
007a007c
00c6005d
009f0093
00620096
006d007b
0084008e
00600083
00b300bf
00680086
00810085
008d00c2
00de008e
0086007c
0098006b
00b60082
007f00b0
00660071
00ab0067
004b0060
00820068
009700a5
00960089
0075008c
00c80092
0082009d
0074007d
0099009f
008e0066
00b3009e
00920066
007b0093
007b007e
008b0065
00a90082
0079009f
008b00a5
0075008b
008f0081
0081003d
005d0092
008800b3
00b300eb
00cd007f
00770081
0068008b
00da0083
00ed00ea
0095009a
00890091
007c005d
006d006e
008f0095
0075008e
00840092
005a006d
00620056
0076008c
0071009f
00b70069
008e0067
005b0079
00ba0081
005d007a
0085008b
00c90081
00ab007f
0077006b
007b006f
00620089
007a0079
00780089
00670079
00a60082
0087007a
00a5008f
009e0074
009d00b7
00d70096
008d00ae
009b00d5
007d007c
007200a1
00750090
00bb006b
0089006d
009d0066
00a70072
00580053
009d0065
0076005e
0063008d
0071008e
006d007b
00a50090
00740078
0081006a
00850096
008d009b
00920078
00910075
009b007e
00cd006b
008900ab
008900b7
00a7008e
00a50093
00980079
009500a2
00ad0098
008e007a
00760073
007f0073
00750087
007f009a
006f00a5
007e008e
005e0081
006b0075
0086007f
0085008b
007d007d
007f0097
0077008f
0079009e
009300a2
009b007e
0093009d
00af008c
008b0072
00a80079
0082008e
00aa008a
00bd0064
009e00a2
00b0008d
008f0082
00870095
009a0067
005f0085
008200ca
00830081
00920086
0083009f
007c008f
00a6008b
00c10079
00c0008f
008e009e
00840091
005c009d
00aa0073
007b00d3
00830078
00bd0070
00aa0093
00a100a7
00a000a0
008f007d
00980085
008e0092
006b0085
00a300ce
007a005e
00a000ab
005d004e
00b70062
00880085
00a60077
00a0005f
009d0091
009200a5
00830092
008f0091
007d008f
008f0090
00a90097
00980067
006a0089
0072009f
009800b2
00810093
009a0081
00830047
006000ad
005600b9
00760076
007600a6
007a0083
0087007d
009500b1
00820083
009e00bf
0095006a
00cb00bb
009a009e
00ba007f
0066008b
00ad0096
00aa00a8
00a10081
00b700b1
0090008b
00a6008d
009b0092
00930075
0089008a
0081006c
007a00c3
00870067
009f0091
0066006d
0070005f
007700a3
0077007f
0087006c
00a60092
007b007b
007f008b
00b200a0
00870087
00b00083
008c0083
00ae009f
0076008b
0068008b
00a800c9
007300a0
008e0081
009700be
008f00aa
0052006b
0093009f
0075006b
008a00a8
00b50077
00c300a8
0073007e
008f008e
00cb00a3
0080005d
009e0077
008d009f
008a006d
00ab008d
007d0093
00970091
008200a6
009e009a
00c0009b
0097006e
0093009f
00a2007a
008600a1
007300b0
0079007d
008a006b
00bf007a
007d00fb
00670066
00c0006f
0083005f
00a1007b
00670066
00830079
00a3009a
006b007a
009300a7
00860093
00a8008a
0105008c
0072006e
00ad0095
00a900ae
00930097
00a900d9
007400b8
00770086
008b007b
0072005d
00e600dd
007d007b
00d20101
00970087
00920061
0063004e
00bf009f
007100c7
008700c5
009800b1
007a00c0
00b00087
00ff00bd
007e0080
006d006a
00850073
0065007a
009b007c
006c00b8
008c00b3
00cd0085
006d0097
00ba0076
00810082
0062009f
00680080
009f0063
005300af
00720082
0079008e
007a0067
01090076
0081006a
00a20082
00670093
00c700ab
0069005e
00950096
0089006f
00730085
00b20099
00750068
007600ae
007a00a7
0092009a
00af00c8
008f0087
0093007d
00760065
009600d2
0085006c
00600079
0055008e
00710099
007e0055
00540088
008e008f
00ad0086
00730091
00a9009d
00c50073
006b0082
009b007f
008b0092
00730095
007f007b
009b007a
009f0098
00870087
00b2009e
009e007e
007e0048
009e00ad
009e0078
005d0082
00710063
007300a1
0071006e
00bd0065
008a0079
0095008e
00d200ae
009f008c
009d00c5
00910079
00800096
00ab008e
00c300b3
009b00b1
00af0091
009100cb
00a20091
009f00bb
00d2008a
0092008b
00550077
007b008d
0070005b
006a006f
005a0066
0075005b
006b00a3
0061005c
0076008d
00d000ad
007f0070
008e008f
008300bd
007e0074
00b700a8
00b5007a
0057007d
009b008f
0073006a
00a6008f
007200fe
00a1009b
009f0092
008d0092
00700051
0081008c
008d0075
009d009f
00690063
008a0080
00900080
008500ab
009e0089
00820070
0066006c
007a0077
008e0093
008b0086
0088009d
00ab0097
0079009b
00b6009f
0093009f
00ae0086
009700ca
00a600b9
009f00cb
0081008f
00a2005d
00750072
00760061
00a90061
005e0053
00740075
0085007a
006f007e
006300be
007b007d
007e0063
00a90082
008a0067
00900079
007f008a
008b0099
007d00be
006b007d
009200a1
00ad0087
00a7007e
009f00ad
00d600bb
006b0092
007f00a5
0095005f
00b90079
004f0064
0066005f
006b0065
007300b8
005a0084
00740087
00b2007a
00790060
008100b6
00b300aa
008e0055
008500aa
00b20081
007100a9
00860077
006f00b0
007a0085
00770073
007d0098
0093006a
009a00a2
0097009e
005a0066
009a00c1
0065007d
007d0069
005b0097
007900da
00710085
006b006f
006b0079
0070008b
008c0085
008e0083
006e0087
007a007f
008300ad
00770076
00860092
0074008e
00be0071
006b0083
007f009b
00b10088
00ad0093
007e0045
007c0072
00b800a2
006a006d
006e007b
0076007d
009600a0
007e008d
0081007f
008200a5
00610093
009300bd
007f0082
00a3009a
009800a1
00810081
00e700ab
00850099
009a0093
00a70075
008e00cb
009100ba
00b00095
00b80082
007a00b2
00a30071
00bd006f
0074006f
007300a9
0086005d
009100c1
008d0074
00870088
00ab005a
009100a9
009f0092
0091007e
00ad0098
00be0089
008c005a
00a1007a
008e0089
00740068
00750082
0079008d
008800ea
007f0071
00b0006f
0056008d
007b006f
008b0078
008f005d
008b00a3
005d0064
00970078
007c009d
008e008a
008500c1
008a0083
00950081
009b00bb
009d00a9
00b9008a
00b90086
008d009d
0099008a
008300aa
00ae0096
00920084
00910093
00a000c5
007a0098
00a20065
00930064
00a30068
00a00081
006d0081
00740063
006e00c7
0073006a
005a007b
00710087
00a000a5
007f0078
006e009f
0087005e
00a1009a
0073009a
009700c0
00db00a5
0089007a
008a0095
00b10098
00aa008f
00860096
009300de
007c005f
007f00e5
006a0067
00960068
006700e7
008d0083
00990083
009f00a6
00aa008e
007f0116
00850070
0065008d
00810082
008d0066
008f00c1
00b70083
00d3009b
007600a5
008d0085
00d300a2
008a00e3
00700084
00b30084
0097009d
004f0053
009b0075
0067006a
00c70068
00650069
0075007d
009300be
0096005e
00870097
00a00085
00d30088
006a007a
00970097
00750075
00890079
0093008b
00a300ce
007b0096
008d0067
009e0092
008600a8
00bd00a7
009e00a1
008b0066
007b0095
00810082
0095009b
007d0070
007a0058
007a008b
0062007c
00920067
007d008d
0082009f
008f0063
0062008d
00aa0082
00ad0065
00780097
006f0069
007b00b5
00920090
00750075
008600b0
008a0092
00c80089
009f00a3
008700a9
007d0051
007c0060
008700b9
00a30081
006500a2
007b0077
006b0065
0067008f
008b0087
00a600b1
00c1008c
00950098
006b0076
008a007e
00af00c0
00980091
00a500b5
009f00c0
00d000a5
009d0077
009000a1
00b800a2
007400a5
006f00af
007b0092
00640067
009600a6
007500ba
0055005b
009f0086
00750072
007d0071
007b0063
00bf0085
00a70097
00800072
0063009a
007b0073
00b70087
00550099
00b500a2
00850077
009a0091
00550099
007a0095
00980082
008a00b8
00ad0077
006f0083
00900087
006500ce
0079008e
00830088
00c30062
00970070
0077008f
009e0083
008b00f0
00700080
0069009b
00b60091
0076007c
00860070
00920096
00c500be
007b00b6
008e00ca
009d0095
00d0009a
007a00a2
00af0084
00b60091
00a8009b
00820066
007e0092
00680077
00870077
00750075
00790082
00870072
0083006f
007700a5
006a0095
00a80089
009f006b
00e20097
00e300be
008400ad
00ae0087
00820087
0093008b
00ad00b8
009300af
007a00b7
0087006b
009e008e
0081005d
00710082
00970073
007c0056
00770063
007e0059
00b60083
00be0073
0085008a
008600a7
00b80092
00a0008d
00860093
009b0087
00b900a7
00860085
009e0091
00af009e
00730097
009300b6
006b0092
00d0008e
00950095
00b3007b
0095004b
007b0100
00a3009b
0088009f
00a000bf
00bd007a
00630061
00c8006f
00620071
00910075
00ca009a
0072008e
00730079
00ce006b
007b00e3
0092008b
008d0082
00a7007d
00b300a8
00860078
006f0075
0077007b
007c0076
006b0088
0077008a
007200b5
008800a3
007b0086
0051005a
00860077
00e70061
0096007a
009800c2
009b00d3
00930087
00a20082
009d009d
007d00a2
00aa0066
007700bb
0067009d
006e007a
00790059
006600a1
0080006e
00790077
006700bd
00ae0082
00790096
0089008e
00730068
00a00072
005f0068
008d00b0
00890082
00800086
0064006a
00920081
00620096
00a70086
007800a6
00740069
007f009b
00a10087
007f006a
009a0096
0097008b
00970093
008f00a7
008b00a6
009500a2
0071008c
00ae0072
009f0079
00bd00ea
00590093
0056005f
005e006b
00930103
007d0051
00750075
008f007e
007e0089
007900a1
00730086
006b0062
00970099
006a006e
008100af
00670088
00a10073
006b007a
00b80086
00c200a1
008c007e
008300af
00d100ca
005a0083
0070007a
0080007b
004d0083
006f005f
00c9009f
0061007e
00960073
00ab007e
00650087
00ba0099
009d00b0
00770063
0061006d
0090006a
00670082
00fd011f
0079006f
0061006f
00de006c
006a00c8
0080007b
00810072
00b90090
00a10083
008e00b9
00690057
005a0086
00660070
00850066
00610091
0082007e
007a008a
00a000d2
007f007b
00910097
00af0076
01120097
0081006f
00610087
008200aa
006f0071
008f0077
007f0086
00a800ae
0081006c
00eb006b
00b60074
007a004b
008a00b9
00740061
007e0071
0066008f
00c80079
006300cf
0087006e
00c10061
00900096
0086009e
008d009d
00ad0098
00a1006c
007d00bf
00790087
009d00c1
005600a2
00710077
00a500a7
008a0097
008f0070
007d008c
0062005a
005b0060
00690065
009a008a
00770089
00920090
00850086
00b20077
006d00af
00620082
00870087
007a007e
00a3007a
00cd0072
0096009e
008c009a
00c00089
009600a6
008a00bf
00d1008f
00a70096
009a00a5
009800b6
0098008e
00da0074
013900a2
006b011a
00470098
008e0056
0056008f
005b0085
005e009a
0071006f
0078007d
00bb005f
00790072
008600af
0053009d
0087008a
009b0069
006a0077
00c0006f
0079007b
00700082
007f0076
00a8006e
006d0082
0097006c
005f0061
007e007b
0067008a
00690069
0073008f
00830062
008d007e
00ab00a6
00810083
00590081
008b0085
00870093
008b006e
00910065
0085006b
00760070
007a007b
007e008f
009500c1
00920087
00d9009b
008d00a0
008000a5
00b00089
005f007e
00560081
00990071
0071006f
008c0092
007a00a6
00710072
009d0097
008500a9
0082007e
008b00be
007c0079
008100ea
009700a1
00840081
009d0093
007900d3
00920059
00a700cf
00bb00a0
007e00a5
0086007f
00a600c2
006e008e
00670056
008200be
0095006d
00ee00c9
008d0097
00790093
00a500a3
00a000a0
00860074
00a50099
00a60084
009f0088
008600af
009700b5
006e0090
009700ba
00c000c2
0089009f
008600d2
007200ba
00c000b5
00a2008f
00a00080
007d007b
006f0098
005f0052
00a2006b
0092007d
005e005b
007d0089
008a0069
00860060
00880090
00670067
00be0075
007a0086
009a0099
008f0074
00830095
00620090
006f0071
0090009d
0075006b
009d00c6
00a50095
00850097
007500a6
00a8006f
01370077
006a00c3
0079009b
00960096
00ba00a8
0096006e
006a008a
008d0084
00970065
0091007f
008a0075
009100c8
00ad009e
00a50089
0085009d
008700c0
00df00da
0095009f
008800a6
00aa00a0
0091006d
00a30083
007e00dd
00b00076
00c10098
00860067
008600be
009d0072
00f70087
008c0073
00a10082
005700e8
006100a6
0101009a
009101ce
00a300c1
00c300b8
00a30095
008700c6
00c200b8
009b0086
00a200b0
007900b9
009b008f
008e0093
008500a2
00680096
0086009a
005c0053
006600a6
00a9008e
009500b2
006f0068
00670091
00a00097
006a008c
00780097
006e00a7
0097009f
007f00b8
008e009b
008d0077
008f00a6
00780096
0072007f
00a000aa
00760095
008b006a
00d5008d
009f0097
00a70090
00bf0091
007100f8
00d8008b
00a20071
00710090
005b008a
008e0065
006a0061
009f007c
00ae006b
0077009b
00d2009d
0095005f
00e9007b
00af0081
0083008c
00df0090
008d006d
0089008d
007a0076
008a008b
008d006c
006e00a0
00970074
008800c3
0085006b
0065007f
00a00062
008000ab
00860067
00790071
00a7008e
006c0055
008d0083
006200c1
007f0065
009700b3
00870079
00790089
008200aa
00b10092
008b007e
00910086
007900a7
008b0075
009800da
009200b3
008e00b0
00c0008a
006b00a3
00ae0065
0067005d
00470092
0063008b
00850061
00740057
0092006d
00850059
00860084
009700a0
00830079
00710058
006b008d
01150079
00b30077
006600ba
0064007b
009b005d
00620089
00810087
00820097
007500a0
00a50084
006e00a0
005d0072
006100c0
00a50063
00750085
005d0057
007d0089
00580061
00c00088
00800081
0099006b
009a00aa
009e0086
007f0061
0075008d
007a0083
00990082
009100d3
00650090
007d009e
009300bb
00a6008b
00990097
00610084
00980055
00860077
006700dd
009e008b
008e00b5
008d00a6
007c008f
00810093
007100b0
006a0092
00790092
00a800b0
006b0081
007a00b3
00760097
0076008c
0086009e
00810086
0067007b
00bf0092
009e0073
0063008f
007500a2
00870102
009f00ae
00900066
009a0177
00a00073
00810061
011a018e
0097008c
005d0098
00970055
00a1006e
006100bd
005f0074
006b0090
00650063
007300a1
00980065
00670095
00690092
00d000ae
007b0091
00870088
00dd00a0
0060007a
0072007a
00550057
006a0057
009e0067
00980093
006f0068
007b0082
007a0079
0089007d
00730072
0073007d
00a9007b
00980086
007b008d
0071007e
00a7008d
007b00b0
00920085
008b0098
0093008f
00b70083
00920087
006f00c1
00a000c9
0095008a
00970061
006e0095
007600ba
006c00ce
00c80080
01470088
00e60077
00af009f
00810091
00a30086
00a300a8
009800be
007a008a
0082007e
007b0076
008f008b
007b00a3
00830090
00810091
008100a0
0089007d
0082007d
007e008b
007c00ab
00920064
007200b2
00910076
00c30099
007c007a
00c200a7
00a60070
007a0078
00920095
009e009e
009a009b
007d00e3
009100c9
00a000c6
007900a7
00be0085
008e00ba
0077009f
00a60084
0086008d
00830071
00a100a5
009100ce
00a10067
00840052
013b009f
0078007b
007600a2
00810065
00b700a2
00bf008a
005f0085
007400b9
00a1007d
00ae0080
0098006e
00930061
00570089
007b0089
0099008a
00850071
008e0065
008e0061
006e009d
00b3006e
0076008c
00900087
006d0071
006a006b
008c006c
005b0096
0092010b
004b0059
00760051
0062006e
00720092
007d008f
00a6005c
006d006f
008f009e
0083007b
00710085
00b0007e
00b70074
00b70069
00750098
0059008f
00600086
006900b8
007a0076
008e0077
00c8007b
00f0006a
00b80071
00a6008b
008b0097
006a0063
00750066
009500d8
00aa0079
00c5009d
009700e0
00c20074
00ab00bd
0095009b
00aa0093
006600a3
008c00a6
00d6009d
00a9009e
0082009a
00aa00b7
00b700ab
009200aa
008400b1
00b10085
0077007e
00a30072
00a3007c
00720081
005e0063
0055009e
00a700aa
00730072
005d006f
00b30077
0089008e
006500a1
0067009d
00a90061
00be00a1
00e90082
0055008b
00780073
00760072
00c600a0
009f0076
00620073
0083009b
009b007d
009b008b
00f20057
004b009f
01170064
0095009f
005b008e
009e008b
007b0075
0058005f
00640086
008e00dd
008b006c
008d008b
0069007d
00790070
00a50090
00ba0071
007700aa
005600a1
007900a5
007b0075
008a00bb
009f006d
007b008a
008c0061
005a0063
00bf007b
00bd0091
00d50083
00990072
00d30075
008a00a5
0081007f
007a00d9
0093005f
00950086
0077007a
008f0076
006c0072
0079009d
0093008d
010500a0
009200bb
00ba0097
008c0089
008a00ab
006a00a1
00e900b3
006e004b
006d005b
00c6006d
0077006b
011a004d
00f900b9
00e30127
0062005f
005b0098
0072008a
00bb007b
00ba004e
00c1005b
00810057
00650088
00a60072
00690063
00620076
006e005f
006d005f
007b00a7
006f006b
006d0064
008d005e
00760073
006d008e
00cd0077
006b0068
00a90066
009000d8
00950074
00760076
00740089
0063006a
00a0008a
00770097
007f008e
00ad0085
00b10075
007700b1
00900075
007d00a3
00b10075
009500be
0092008b
008a0092
008d0086
008f008f
00760052
0087004d
009b0085
0082006c
0086006c
007e008d
00e3007e
00820089
00990085
007d008d
0077007e
00ad0081
009f007c
00b7007e
00a300bb
0097008c
00770073
008a0081
00a600a1
008300a0
00a200a2
00c50076
008400aa
009e009b
009500a9
01790095
006200a1
004a00aa
00410087
006e0066
006a0092
007e0074
00a600b7
00660044
008e0056
008c00a5
00860076
0067006e
00950081
0084008f
00860071
00730082
007a005b
0068006f
00d60072
00850062
00a6008b
00ad0085
00680073
00650074
0067007b
007200a3
00760064
008b0073
006e0064
005b0097
008d0077
006d0087
00750097
00800051
00c10084
00910099
00c60096
009b007a
008500a0
007f007f
009f0081
006e00d7
00b8009f
00aa008f
00ba006d
008700bf
006f0051
007300ae
005a0135
00510065
005d0090
00a200cb
00a30088
007e0085
0052005f
00a90080
0092007d
00a10073
00a50084
007700f1
008b0089
00ea00cb
00890079
00610097
008d0065
009b0065
00a000cb
009900a2
00a600d5
00860080
00fd00bf
00b800f8
010d00b6
00a20101
00c600b7
007d00d5
00a60112
00b0014b
00b800c2
00ad00c1
00ca00a3
009900ae
00ab00c9
00c50117
00e50095
008300c6
013b0089
00b10075
008b00ff
00d800b2
00d200a1
00b80127
00b600b1
00990085
00c0004f
007d0058
00ad00a2
0079008c
0064006b
0099008e
00b30076
00720083
007f0095
007c009a
009a007b
008b006f
006e008a
00b7006e
005d008a
009f006e
00870083
0097006a
006a0085
00920099
009900a6
009e00b0
00b00071
00a10097
0069004b
00690070
00710099
0061006c
007200f8
00b60089
00a30073
008d0099
00950084
006e0089
008f007e
00690096
008e0095
008a0077
009100a1
007a007d
009900ad
008a008a
007a0098
00c100c0
0085008a
006f00a6
00a10090
00a10089
00ab0057
008b009b
007c00a1
008100a6
006a007c
00d600a0
009b009d
0084006a
007d0075
0066007f
00850091
00850098
00c80085
0088009b
0095010d
00980093
008b008d
007b00a9
00ab00b1
00b2008a
0087009e
007a0087
007d00ad
0079008e
008f0051
00820070
00840071
0074006c
0086009e
00740099
00830093
008f0072
00a800a0
008a006e
00a10083
00910077
00a3005e
00770085
00950082
009f00ae
00ba00a1
00790078
00a8007e
0087009d
00c000b9
008500cf
008b0098
009100a1
00910056
006700a6
0093008b
00b2009e
0059009a
00950071
00ff004d
01650080
0098005d
007a0062
00790070
00ab005b
00730049
007b0073
005d0071
006a0073
00a500d7
00640072
006b006f
0076005f
006a0072
007b0063
005a004e
00670065
00a90062
006f0089
005b0068
006200b0
0059008f
0075006e
0085006e
0082009e
00820080
008d0082
00850083
0089008e
008d00be
00710071
00ad0098
00c30081
00910097
007600b1
00ab009b
008a0093
0083009b
00ad00a0
008300c5
00c0009a
00990073
00680088
00680073
007a00a2
00910065
0066008f
00980087
00810098
00d3007b
00ce0083
00870082
008200c9
0073007a
007d0091
006a0085
0079007b
00770074
00ae009a
007a00a1
00770091
00ae00a3
0089008a
00810065
009700a5
006a006b
00ab0087
009900b2
006400a1
00e500ae
00cd006c
00710081
00890064
0056006d
00b6006e
00b300a5
0071009f
00980063
009d0071
006c0066
006d00b2
005b006e
00860084
00560052
00700064
00750077
00b200bd
0049007b
006c0072
007d007b
00f500bf
00860060
00a900f1
007d00b9
007b0057
00c2008d
007800b1
00c8006c
006a0084
009a00c0
0065006a
006d0061
009e008d
007f0084
0061006e
00be00a3
00660085
006f00ba
007c006b
006b0096
00b50066
00600083
00750087
00430059
00b00063
006b008d
006a0059
00600069
0083006e
00610096
00980093
0082008b
00950087
006700b1
00c9009d
00930067
00840065
009a0074
007800a6
00a20073
00870085
009600a7
00b00077
009d009d
00960092
009100a5
00810080
00830074
00830066
00880096
00890072
00620086
00750073
0066008f
006d007b
009f0082
00a20085
009a0091
00a2008f
00910082
007b006a
00790087
00b20092
006a0090
007f0076
009d0095
0091009e
00b900b9
00830099
009b0090
008d00b2
007c009d
00970072
00920083
00630060
00800066
00650077
00a30071
00920066
007e007f
00df0075
00830081
0098009f
008d0097
0083009d
00ad0090
00900087
009b0080
008f00bd
00af0085
00bb0072
00b70099
00ba007d
007600b8
00a30075
00ba0059
00760078
009e007d
007300ba
005e006a
007b0079
00b300a9
009b00a5
00810086
0083007b
00c50069
0096009e
00a5007b
00af00ae
008200a0
009f0088
009b0082
00b2007e
00a50088
00f600a8
009d00ba
009e00b8
00a10085
00a500aa
00600057
00ae0050
007b0084
007b0077
00660089
007f007b
00690083
00cb0089
00920083
008e007b
007b00a7
00850093
0086008d
00820098
007d009f
007700a1
00aa00c1
00920078
009700cd
00a7009b
008f00bd
00ad0096
00ae009b
00a900ab
007f007e
00630093
00cb00a8
00950083
00720079
00720095
0079009b
00a10081
00a1006f
00850091
006d007e
0069008b
00a0006e
009f00bf
009f0070
008d00a5
00810082
00af008a
009d0098
008b0086
008000a5
009a008b
0086008b
0099006e
008f00af
006900a2
00790082
008a0079
008b008b
009700a3
005700af
007e007b
007b009a
0082007e
007f0097
00820079
008e009e
00bf008a
00920093
00980093
00720081
007f00ab
00a900a2
00b100ca
009f0072
00b800b0
008c00a2
007000a7
0073005e
00610059
00750092
006e00b8
00790071
0090007c
00870085
0071009e
0075006f
006e0070
007b0086
006e00b7
00a5008e
00a3009a
00a10077
00a2006c
0089009d
008d007f
00b00097
00c500b6
008b00b0
00a10095
008d0098
00ba007d
007a008b
009f00a9
00b300c6
007f0089
006b00b7
00a0007e
008f0072
0096008b
006f007f
0091009b
00bb007e
0084007f
00c20088
008a008e
0086008c
00b50088
008b0085
00a60099
009100a2
008f00a1
00d800a0
00af00b8
00bb00a2
00a80091
0058005a
0099006e
00690090
00740089
006e007f
00990082
008a0075
00c20087
006a00a9
006d0082
00d20078
009d00d8
00a00083
00930075
00ce0082
00ab007f
00d6009b
00c700bd
00b6008f
00a200a0
009d0072
007b0088
00bd00c5
00a60098
00a90091
00ea00a6
008500cf
00fb008f
00a6007e
0085007c
00790091
00b200cf
0098009f
009e00a9
00ce00d6
00b100c3
00b10089
012500b5
00c200b8
00a700bf
00d500c1
008c008d
00920087
00a8007b
009800f1
00e10099
007700b9
007300be
00610096
009d0067
00ba0075
009d00e3
006e007d
0099007f
00a8008e
008700a8
00e8007b
007a008e
00aa008b
009500b7
00920089
008d0092
007f0081
008b00b9
007a00a7
009f00c2
00ee00ba
00a70075
00a50095
009500c5
009f00a3
00a000bb
007b00af
00760093
008e00a0
00970085
00660074
00740090
006e0071
00950076
008e006f
00a200a3
009d00a8
008300c3
00d30087
00b20076
00aa008d
008200a5
00a10085
009f0093
008a0087
0095008f
009b0083
0098009e
00af00af
009d00a8
004a0074
009700a1
009d0082
007a0089
00760076
00a50082
00a600b2
007f0099
009900a6
00870072
008e00a0
009800ca
0099007a
0081007f
00960067
00910080
006b00af
00a600d2
00ae0091
00a600ab
008d0093
00cd0075
00a500a5
00850088
0085006e
00870085
00720073
0059006d
00690084
00710063
009d0050
0070006c
0076007b
00990095
0092009d
00920072
0086007c
009e006a
007f0093
008d00a6
009b0099
0073009a
007300a3
00a5008e
00a8007e
006f0082
00730097
008300c6
0064008f
008b0065
00770061
00e100a1
005b0069
00a60087
00830093
007a007c
007000a0
007e0073
009e008b
00ae0098
009e0087
00a500d0
00aa0086
00920073
00ad006c
0087009e
00970096
00be0092
009b0074
007600aa
00be0071
0070009e
00560078
00a300ab
006c007d
00a6008e
00730075
0099007e
008a00a6
00c70089
007700ab
00980092
009a007a
008f0075
00b80083
00aa0087
008d00b5
00870092
0099007b
0097008d
009b008b
00ad007f
00b60073
009e00d9
00ba008e
00900089
00760065
0067006a
008f0071
00d3007f
006b008e
008600aa
0091006e
006b0089
00a20093
007700b2
006a009f
009200a1
00b900b0
00cb00f9
00c300c6
007500a1
008300a3
009600a6
00c20098
00830086
00a500ad
00950097
00b100b7
00c30098
0072006f
00a20062
009b0220
004d0074
00f1008a
007a00b8
007501de
006e0069
007e0075
008b00d6
00820063
006100bb
006a0064
005900a2
00790069
00720081
0074005e
006b006f
006c0050
0077007e
00a1004f
008a005b
00720073
00510057
00550085
008b006f
00980077
008800ab
0080007a
0097006b
0088007e
008200a7
00b1007f
007500ad
007a0075
007600aa
009200cb
00950086
00a0008a
00f000cf
0086007d
00b80086
008100a2
010900cf
00aa0097
00c70077
00b100a1
009f00ce
00860077
00790064
00a20091
006e0066
00a1009b
007c0090
007f007f
00860077
0096007c
006700b6
00b90079
007d0085
00820092
00b500a2
0093008f
00a2006f
007400aa
00a100a2
0090009f
00950087
007d0092
00bf007d
00d60097
00d70093
00820056
0073009d
00870069
00760066
006200cd
006500b2
00730084
008f006f
008100b0
00790091
00950071
008d0099
00a500b1
00aa009a
009d0090
00c6009f
00db0097
00a30086
006e00b0
008c006e
009b0076
006e0097
00970096
00a200a5
00930071
007100a7
00540083
0075007e
009e00a2
007d0061
008e007d
00a6007e
0076009f
0081009b
007d00dd
008e008c
00a6009d
00ad007b
00b200ab
007e0079
00a00093
00d000c2
008b00ab
0087008d
00980091
00a200c2
00b2008a
009d00b6
006e0073
006800b1
007d00a0
0077007b
007f00a5
00b1007f
008e0091
009300a3
00980080
008e0098
00720073
00770081
006d00a7
00b20098
009e00e9
00ad008b
007d00a5
00920091
00770093
007d00b9
00ee0069
0091007a
007600a2
008200b2
007e0077
005d009b
006d006d
00620072
0076007f
009e006a
0071008a
0092007c
008c0089
00770099
0081007d
009e007d
009200ae
00a6009e
00a80087
00820095
00e900a3
009d008e
00920087
00a80086
00c3008f
0082008e
009f00b1
00720086
007b0057
01e5008e
006b00fd
00450095
00910083
008a0085
00a000fd
006f0085
0055009f
0082005d
009f0089
005b007b
00ad007c
00510075
0103008a
0065005c
0081006b
00f000b6
00730088
0074008d
00920089
006900da
00770053
00650074
00700047
00b10072
00e1007e
00790051
00650075
008c0076
006e0077
0081007a
00980088
008f007d
009d005f
00970054
00a100b1
00890088
0087008b
0095009e
008e0086
009200a7
00a60083
00d300a7
0097007f
00be009d
00970093
00ad00ce
00870066
0071009d
00820068
00c50071
00910072
008c00aa
0086008f
00820078
00ab009d
00850086
0095009f
007d00b8
00820089
009200a2
00d700a8
007d00a1
00b600b9
00ae00b3
00b100a0
00c00097
00730092
00820087
00a50092
008700a5
0065009a
00ca007c
007f0097
009e00a5
0083008f
007c0089
0099006b
006e0075
00c0009d
00ba0060
00880087
006d007a
008b0086
00a10097
008700dd
00760082
00a80082
00b90075
00830097
0095008d
00c800ee
008b0093
009800c7
00b90099
00990039
007e0075
00670083
00a200a8
00680087
008d00a8
00890085
0088008b
006d00a1
00880095
0087007f
0095007f
008f0086
00bd007d
007b00ce
00ba00b2
00ad009f
006d0092
008400bf
00a20076
008c007a
009a0088
006d009b
00b5008f
00510073
0072009e
00a100ad
006b008b
005e0080
00720088
00ad0073
008c006f
00620085
0086008d
008e0095
00930087
00a90095
0082007c
00790081
00780096
00c5008a
00b800b3
008a0080
009d00a9
008d0067
00b0009f
00c600ad
00880075
0061006a
0092007f
0073006a
00830082
006f007a
007a00d3
006a006b
0083005d
009a006f
00980086
007f00ad
00e7006e
00920079
006f007b
00790087
008a008c
008900a0
00800080
00810091
00a20092
009e0076
00a50079
009600a1
00730073
00580063
008b0086
004a0092
006b00a1
0081007b
006e0079
00a10071
00ad00bf
00750096
009d0089
00a20075
007e00a6
008f0080
007500a0
008b00b0
00ab0081
008f0099
009000d6
00c5008a
009e00bb
008200b9
008300b8
008700b2
008d0099
006100b1
00950062
009f008d
0091006e
007c008d
0084008d
007b00a2
00790075
00aa00d9
00930085
006e008f
00d5008e
007d0092
00df00bd
00aa00a5
00a000a9
00ca009b
008a0075
008e0083
00880079
006e00ad
00b100a6
0077009f
0080009f
00cb004d
00d60085
00820071
007e00cb
00620081
007d008d
00760087
006f0099
0091006e
008a0079
007d008a
007d00a7
00c9009b
008700a2
00be0073
009b0069
00a0009b
0093008b
008e00c9
00820096
00ba009e
00b60099
007500a2
00a00074
004f007f
00610067
007e0061
007b0086
006f006d
00740080
00b2006b
006e006f
00b90089
008d0073
00930065
008a00c2
0069008b
007a0083
008a0082
00700097
00a2008b
007e00b8
0083006d
0075009b
00ae009a
00870086
00af008f
007e00aa
0082007b
00a50086
006d009b
00a0007d
0071009e
006b0084
0089008a
00a7008f
00b9007b
008b0087
00cb00ad
0076009a
009900b6
00840082
008e00e5
00c900bd
0092007c
00a80092
009a00a1
009b009a
0091009a
008e007b
00a600a5
007d008f
006b0064
00a70085
00800086
00820077
0088008d
006e0078
00820067
009f0086
00750070
00830089
00a3008e
008b0081
0076006d
008000a1
0076006d
00a60082
00d000bb
007800e8
00c8006e
008900a7
007400a1
007b009d
00ea0089
00ab009a
0065006c
00750062
005a0073
006a005f
00800079
008e0073
0082008b
007100ad
0081006c
009b008b
0091008a
0071007f
00bf0091
008500a1
006e0079
008a007d
006400a0
00a90071
00a00078
00850087
00a20083
009e007e
00760073
00a70088
00710052
004d006e
0070009b
006e006f
009e00ab
009b0097
0082009b
00af007e
00910070
009e00ab
0074009e
008f00b8
009e0090
00820087
008400b9
00890096
009f00a7
008b00b6
00ae00a7
00a20079
007200ba
007700b7
008f00bb
007e0089
00560067
007e0097
00860075
005c0099
005e0079
007f0065
008200b2
00770076
00890091
009d0082
00960095
00840093
00710082
00a900a8
006d008c
007d008c
009800ab
0090008c
00870099
008d009e
0092008e
00ba009d
00da00aa
009300aa
0059009b
00730082
006f009f
007f006b
00720077
008d0079
007b0078
00890095
007200b9
00ad0081
009000a8
006e00b0
008b0091
0090009b
00b1007b
00bf0095
00a6007e
00910090
00a3008c
0083009e
00a80081
00bb0091
007c0083
00af00c3
0089005e
00720083
006f0089
00b7007d
007b005d
00a1007c
009e005e
0096007b
00720069
0093007b
0097009f
00ce0087
006b006e
00a700c0
00860083
0081008c
00a700ae
00a700ba
009100a5
00d100b2
00bb0086
00ab007d
009e00d6
008f00b6
00af009e
0076008c
00a700a2
006f0077
00690082
00850063
00f30064
008900a2
0064007a
00700071
00d20072
00ad006d
00b10099
00ad00bf
008c009f
008700a7
007a007b
00960097
00d000b2
0061009b
00c5007e
00a0009d
00d000b8
007f007b
007c006e
007e0100
007f00aa
008e0095
00a20079
0073006e
00be0088
00600086
007d0088
00770098
009e0095
00890081
009a00a0
008a0093
007b0071
00ba00a2
007d00a6
008b006f
008900be
008900b0
007e00b5
00810097
00b300a6
00810081
005b006b
00690081
00970067
00590096
0071006f
008a0072
007e0074
0078008f
0075009e
008a0061
008d00a1
008900b3
0099009e
00760097
00c1008d
008e007a
00880079
008a0090
00a3009f
008b00a7
00b8007d
00c100a6
008200bf
007d0082
007d007b
00a1008a
005500b7
00800072
00720077
00a200ab
00760082
008c0069
00880078
009f00c6
00a10099
00840091
006e008f
00ba008c
00820072
00aa00a1
00750092
00770093
00a00090
007400c8
00a0006a
0091009f
006f0090
00960086
0062004f
005f009d
007b007c
0083007c
007a0093
006f00bf
007b006b
007a0078
00900099
006b0099
00c7007c
00930082
007e006e
00ad0090
008f00b1
00710098
00bb007b
0098008d
00980086
00aa008f
009a009a
00cb00a0
008b00a8
008400a2
00630095
00700077
00b7008b
007a008d
00920069
007900b3
008e0073
00790074
00a3007b
0089007f
00c3009f
00870097
0091009a
00ae0099
00a0007e
009e00f6
00e10077
008000b8
0093008d
008b00a5
00bb0096
00c100b5
008f007e
008b00c2
00880081
00770092
00d900d6
0097008f
00690067
009700a2
005e0080
00a0008a
0069007c
0081007e
0093008e
009300a0
0076009a
0076007b
008900d3
009e009a
008600e5
00d1008e
0085009d
00d50071
00950096
00bf0088
00b7008d
009d0081
00470061
0064004f
00840038
0044004d
008b0057
005f0051
00820082
0067005a
006d004d
00c70091
008d0051
0053003e
005a0059
008200e2
0047004f
006f007d
005f004d
005d0051
00640063
00b2008e
00830072
005b006b
00590063
00440062
00620069
00790082
00670071
0091006f
008700b8
007f006b
006b0082
00a50068
008b0067
009100aa
008e00a8
009300a6
00980098
0085009f
008f00e0
00a6008f
00910085
008d009f
008100a7
0095009f
00b3008e
00ca006f
00950086
007700bb
004a002e
00540081
0050007b
004e0061
00900063
004d0089
00660079
00ab0072
007b0049
009f007d
005f0066
00760069
0080005e
00790065
00580057
007500aa
009200b9
00ae0061
007a006f
00af00cb
0089006a
00910062
00830099
008700a2
0061007d
008a0068
00a30082
0082006e
0090008a
008900be
00860076
00f10092
007e0086
008d006e
0099008e
00e60087
008500ab
00ba0073
0102008d
00a900a0
009f00c0
00810096
006e006b
00a20074
008f00b5
00b600b6
00980079
00870065
006e0082
00760087
007a00a3
006300a5
00840072
00910070
007f007f
007d007d
008d00ab
0066008a
00920093
00bb00a3
0086008f
009f0098
00a1008d
00af00c6
00970082
008f006a
008600bb
0095008f
009a0090
009d00a0
0098008d
008d00a3
008e0050
00a300d2
007e006c
007700a5
00a70072
01270090
009a00af
00950083
008d0092
00720097
00c6009a
0099009b
008200aa
00ee008f
006e0077
00b100a9
008a00d7
0087007f
0082009d
0085007e
00c200c6
00d10092
00b000eb
00b200a6
0093004b
007c007d
007d009e
008f007d
007e006b
00fa00b0
00860093
009a0079
008e0095
009000b2
00910081
00c30092
00730097
00990071
0077009b
007700c5
00880083
008200a1
007b007c
00860095
00b000a6
008b009a
00b100c0
006100a7
006b0063
009a0050
007500be
0074006f
008900a2
008a007d
00820085
007b008a
007a0087
008e00a8
00a20093
008a0089
00810075
00b800a8
007f009e
006e00aa
00a20099
00d700d6
00880085
009a00bd
00ab0095
009800a5
008e00c7
00860095
00a30065
006d0063
008a007e
007d007f
00860080
006b00a0
00cd0072
00a0007a
009d0093
007a008f
009f0072
007a0091
00a7009b
00840097
00aa00a0
00a100a6
008f00a2
00a30092
009e00ab
00970080
00a00093
00b00070
00c50098
00b30091
007d0076
009d006e
007600a1
006d0096
007600a5
008f0081
008f0063
00aa0077
006d008d
007f0086
007c00a8
009100a3
009d0089
008700b3
009f007c
00ca008e
008a008e
00bf00b2
00b100be
00970093
007b0093
008100c2
00aa0092
009d007d
00730070
00b0007e
00660089
009e005a
00730065
0091005f
009e006d
00bf005e
006d0086
0067009a
00790095
00820092
00a6008d
008500b7
00800083
0099008e
00d5006f
00aa0092
00a7008e
0080009d
00830078
00a900bd
00a50086
00ad008d
00610061
006a009a
007e0084
00aa0079
00cf00a1
0090006f
00620063
00830075
00b9005f
00c60083
00a00081
0086005f
0075009a
00c3009b
0073007b
006800a8
0076009a
00bd008a
008a0090
00840072
0096007d
008500d3
00a0008d
00b000a9
007d0075
0092005d
006a00ae
008b006e
007e0069
00a70077
00760066
00a100a7
007700b0
0071007b
00870074
00910072
0066008d
00920076
007100a0
007d0093
009a0111
00a500a2
0099007f
00c700a8
009200b3
008b00be
00bb00a5
008300a0
00710052
008b009f
006d0091
0081008a
007b007e
00da0093
009100a6
00980073
009d0054
00630093
00b100a9
00c9008e
00ab0091
00a3007a
00a300c5
007200c6
007d0122
00820091
0083009a
00a100ab
00980091
009e00d1
008100b5
00b0008e
0078005c
005e004b
006f007a
005e005b
008a004b
00650077
009d006e
00650085
007f006e
00bd008c
005f0064
00760092
00630076
0061006e
006d0071
0065007a
00690085
0091005d
0069007b
007300c2
0087007b
00660070
007f008b
006b0076
00670075
008c0080
006f009e
007c0083
007a0097
0077008e
00630072
00b00092
007e00b9
007f008b
00a2008a
008a0074
0092008a
009b009b
0095008e
00b500c7
009100b2
00790084
00a600a6
00ba007d
008500bf
008500a2
00b50072
00a800bb
0077005b
00760060
005f0078
008a0097
006e0076
00b90083
005f009f
007e0088
0091008a
00900084
006d0096
00aa009b
009a0062
00ba0080
008b00a1
007400a3
008900a7
009e00c0
0083008b
00ab00d2
00920086
009200a3
00ab00a7
00c30086
006a007f
00880093
0055007a
0099006d
007e0089
00760099
009100b2
007900aa
00950052
00890097
0096007a
00800096
008d0081
00840076
0073008b
0092007e
00930082
00e300d2
0091009e
009900bb
00950077
00b800a7
00a700c1
009200a0
00650042
007f006e
007c006f
0065006a
006a0080
007d0058
00720075
007f008b
007d007f
007e006e
008d0083
009300a7
00690091
0097009b
009d0078
00a1008d
009f0096
009800b0
009b0086
008900ae
008f00b0
008a0086
00a100b1
00af009f
008a00b2
00590073
007e0078
0055005f
007b005d
00720097
0078008e
0092008a
00920098
007f0095
00ab0075
00760079
00d10096
0082006a
007b00a5
006e0081
008d00f3
009f0097
00b500b2
009100a5
008d00b3
00c10093
007f008a
00a90097
0096005d
008b007f
00a2009b
00710064
008e0086
00a1008b
00750079
007700c5
0061006b
0073007a
008e008b
00840085
0086007d
00a8007e
00a200a7
009d0097
00c0008b
00a0009b
0088007a
008b00a9
007d0082
008d009b
006800a7
00880091
004f0036
004e0035
0062004d
004a0041
00490045
00650057
00560075
004b005d
005d0088
010b0097
00b30061
006d0059
00750050
0046007b
0065004a
0091004f
005b0077
00b30045
00520053
00a2004e
00760053
004f004b
00960059
004f0061
004a0053
008c0085
005e0089
00bf005f
009e0077
008d0088
009d008d
00a7005b
0079005b
00780075
0092007d
00a7009f
0089008d
008f007f
008700c5
007f008b
007700b9
008a0083
00b000b8
00c800a6
00a0008d
009b0098
00f600bb
007e0091
00610050
008a0076
009d00a3
008a0072
006e008a
007b0086
00820099
00820075
00a60091
00a50078
007800b2
00830091
009e008e
00cf00a3
00700092
009700ad
00b5007a
00ae00ad
007d00a0
00a800b3
00890091
00c20082
008d00a0
00920091
00860069
008d0087
008900c3
00910083
008200a2
00a0008e
008200c5
00860061
008b00c6
008e0086
00a800c2
009200a6
00a900a0
009e007f
007e007e
0089009f
00d60090
0081007c
009a008b
009d00c5
009700bb
00bb00ba
00a1007d
00be009a
0055004e
009100a7
0088007f
007d0089
00820086
00a30085
00800067
00a00089
008d007e
007600b1
0089005a
00a800df
009200ab
008b008d
00670096
00aa006f
009e00a8
0093008f
007f0082
009800b6
009800b6
00a000cd
00eb007f
00aa00a5
008500b5
008d0096
007d0098
0089007e
007f0074
00a9009b
00b600a7
00b50081
00c20092
00b00061
008b00b1
00b00080
00820073
00870097
008b00a1
00850098
00b10084
00a000a0
008c00ee
009600a8
009100ab
008800af
00a5008e
007900ab
007a006a
006a007a
00820069
00aa007d
0061005b
007e0090
00890066
00810079
0098009e
007e0079
0083009a
008b006e
007e0080
007a00a3
00760092
007600a6
00880091
009900b5
009e008f
0097008f
0079007f
007f00ab
00830095
00830084
0078005d
00e3006b
0093007e
007f006f
005d006b
008c0079
007b0076
00810073
009f0084
009e0076
0098006e
0081008a
008c0088
009d00b1
007e0087
009a007d
00a000a3
008d0092
00cb009b
0096005e
00a20095
00ca00b1
00a500e6
009e00a3
00830052
00860069
00b10099
007a007f
006e0087
0092008f
00730056
0092008a
005f00a5
007900a3
009900c6
007a0084
008a008e
00760089
007b0089
00860085
00950089
007d0093
00b200a6
009f007f
009a00c8
0088008d
007700b0
00760082
00680055
007b00ca
007800aa
00990093
007800c3
00ad0085
00b6008e
00830075
006e0086
007d00e8
009f008c
008100a5
00a5008d
00ae00cf
009d0086
00d200b7
00a70079
0089007b
00900084
008f00d0
00b900c0
00d00099
009b007b
007e00a7
00520055
009f0081
00a3008e
00990082
00600081
007b00cf
00e500cd
00890086
00c80088
00790083
00a10082
008600a9
009b008d
00a500ea
009d00d0
00c100a1
007e008f
009300a5
00c2009d
008900b7
007e007d
0080007d
009200b8
0082007d
009f0041
008d008b
006b00bb
00840062
005e0085
006a008f
006800a7
008b00b8
00a6005d
00650095
00c2008e
008300aa
00a90079
00b60097
0092009a
008900b5
007900ca
009500c1
009100b9
009800bd
00970099
009b0089
008700a0
00a3008a
00a00063
00b00091
00970082
008d00b1
008e008c
00a50071
008500aa
007e00c3
00770077
009f009b
00920084
00c60082
00a00091
0095006a
00d300ad
008700a8
009e009b
00eb007b
00a10073
007a0098
0098008f
0095009b
00ba0095
00b900ad
0072005a
006b0092
00c50078
00f30087
00860069
00a30091
009f007d
0078007a
008c0072
008600d8
00ab008c
008e0097
007e00b2
008d007b
00a00092
009300a1
009100a3
00a5008a
00a600a8
008600bd
00ce00a7
009100b8
008b009e
006c00b1
005e0052
0077005d
00700085
0066006d
00930079
007e008e
0069007a
00830085
0077006b
008b00aa
00750099
0078009b
008c009a
00690095
00c30083
00ae00a0
0085009e
00a800a0
00cd00a6
00a600a1
00ab008b
00c2008f
00b9009b
00c20080
00730067
0078006c
006a0084
00a5008b
007f0079
00760082
00810088
00870062
00790091
009100a6
00930090
009300ab
009800b9
00760080
00830076
009f008d
007e007f
00be0095
009d00a7
007c00c8
0085008d
0088007e
009900d7
00a80092
005d0091
006e0097
00920079
007b0076
00b000a0
006f0064
009f0065
0091006d
009500a1
009a008a
008700bb
00a90091
007f00cb
00880076
008600a0
00a700a0
008e009f
00a7009e
007f00a0
00a9007a
009300be
00920086
00bf0099
00ad008a
00690055
009d0087
007e005a
0096006e
007300af
00bd0080
009700a7
008700aa
00ae00ad
006a00a3
00760079
00840085
006e008e
00a7009f
008e00a6
009a00da
00ad007e
00970097
00950091
008700a2
009f0087
00aa00b8
008000a0
00a000bb
008a0062
009d0071
009a009a
00530095
006600b3
008d009a
00c500b3
00970072
008a0092
00cf00a8
00b20085
00a300a8
00a90097
0081008f
00a50098
00c50096
00b70087
00c600a8
0068009e
00ca009e
00b3009a
00b8008f
008a009b
00aa0076
00640062
00870060
007a0093
007b0095
0064005d
00710089
00890088
00900089
00a2006c
007a00ad
0080008e
009d009d
009a0079
008f00a3
0092009b
00c100aa
009800ae
008f00e0
007d00ae
00a1009d
0081009a
00a700a1
0080008e
007a008e
007d006c
0055008f
00870082
00950080
008e0078
007a0071
0083006d
006a009a
0095008f
00a10071
00b60076
00a600aa
008a00aa
00760069
0093008f
00950082
007c00ba
009700c0
00b000b0
00a6007f
008000a2
00a60091
009300a1
009b0099
006e007a
00860087
0070009d
00690077
00760091
0106007a
00ad00a0
00bf00b1
007f0080
008e0095
008b009e
00760075
00af0082
00820087
009a0099
007b0095
00a600da
00b8009a
00b90088
00740088
00a1008b
00a700b8
00a20091
00cb0083
006c0069
0068008b
00ad0096
0072006e
00960090
007f00a2
00770082
00950087
007b0077
00610075
00810082
009a0088
00720099
007a0072
008b0091
009800be
00930095
008e008f
00ab0083
00ba00c7
007f0072
00a9008f
00ad0098
00a100a5
00910072
008700ad
00790079
0082009a
0093007f
00ab008d
008b008b
00b0009b
006d007b
009100af
00ab00bf
007f0089
008b009f
0082008a
00850093
009800af
008e00a6
00e900a5
00a700b1
0083009b
00a000af
00950088
008d00af
00be009a
00970052
01b70147
009200b3
00bb00e2
006d01ae
007b0067
00b20057
00910083
009b0081
009200d9
00ad0065
009200bd
007e007d
00ab0077
007e0095
00a80098
00cd0082
008a00bf
00820092
00db00da
009100b1
009f009d
00c6006a
00a500ab
00a6006d
00770084
0077007f
00b20091
006e0064
007a0097
0079006b
008e008e
0095008b
00a20079
00a700a2
009b0083
0093006d
00c5009b
00b50087
0097008d
008900ab
00800077
00800091
008c00b9
009d00f0
009b0076
00a600c3
00b200b3
007e0083
0091008c
0086007a
007a008c
007b009e
0076006d
00850065
008d0093
008d0097
00d70099
00a800a2
00910073
00c80083
009d0085
00bd00d3
009100a6
00800084
008e00a2
008900d5
009100a1
008100ab
009a00b3
00a100a9
00ab009a
007e005a
0077008a
008f008c
007b00a8
0069007b
00960072
007a0081
00c60092
0091008d
00870090
00ba00df
00950092
007a00a2
009f00b0
00a700aa
00eb00a0
0087008c
00d700d8
00ab0091
00960099
00bd0083
009d00c8
00c80093
00a000be
00930057
006c008e
009e00a3
00520092
008a0075
007500a8
006d0087
007c00ad
008e0076
008d00aa
00b8007e
006f007c
009a0071
007e0086
008000a1
009a00c7
00730093
0065008d
007f009d
0078008a
008c0078
009e0078
007700a3
008e0085
0073004f
0098007c
006f0090
00650070
006b00a1
0067009e
0091007e
008900ad
00760075
00910083
00a50073
008d008b
00b500be
00a5009e
00b600ae
00b700a2
008e00c0
00c70077
006c0090
00910083
008a00aa
00a50098
008600cb
00930086
00820034
00680079
00a70061
00990057
006f0059
0095009a
00610067
00630083
00d90061
009d008d
0082005d
007b0091
00a80091
00aa00a0
00af0072
00a80092
0093009e
00960083
0092008a
007b005a
00a500a8
0085007a
009900b6
00920072
0075006d
006b0086
00790069
00890106
00c200ef
005f0076
009000bd
010b00a9
00a30065
00590083
009100b1
0078008e
0071006a
00e100bb
009600a1
00710085
00810075
00760097
00770088
009a0079
006a0073
00a70069
006d0093
00800062
00570069
007200cb
006400a6
00850082
006e008e
0074009a
00830088
00530071
00820074
0070009b
00710093
009b0078
00a0007d
009200a5
00980084
007900a0
007b009b
00a10082
00b3008d
007a008e
00b20091
00c5009a
00a50079
00800067
00890067
00790062
00820099
007c0082
007b008d
008a00c3
00890089
00890090
0099005b
00780083
009f007d
007d0081
00aa009d
00910073
009100bd
00b5007d
00b900b7
00ab00b1
00890083
00760082
008d0077
00dd00d9
00b800a9
00ce008a
00790059
00a50066
00690064
008900a0
00a50071
0065008f
00af004d
0062008f
00890077
005d008d
00860083
0058007c
00b300c2
009b00b6
00710092
009b0095
006e0092
00910076
00fa0088
008100ca
00c3009d
00a20093
00cf0087
008f0082
005b0057
00b30077
00840074
00730098
0091007c
00a00075
00710062
00910073
008a006f
00bb0087
009700aa
009800b7
009f007e
008500ab
008b0093
00c300be
0066008a
00a30085
00ea00c0
00990098
00d100c7
00c8008d
00ed00ba
007200a5
00840057
007c00b1
008d0075
008a0097
0096008e
00a1008d
007d0077
008400a5
00af0087
00eb009f
00b0010b
007a0086
0092006d
0081008e
00720082
00790093
008b008e
007b00b9
008e0079
0083008a
008300ab
00830086
0082009d
00670087
005f004c
00970082
00ad00c6
00b90095
0066007c
0079009d
0074007b
007f0075
00740096
0081007f
005c006d
00800091
007d0075
00870092
00af0097
00ba0085
00b7008b
009700a9
00990064
006100a1
00b1008d
00b900c7
008d008d
008a007f
0095005d
00aa009e
00b00097
00cb00d2
00b600a2
00800085
00ce005b
00900065
007a00de
00a60089
0085009b
009200b8
009100b0
00870095
009200b2
00820095
00d30095
0086008b
008b0092
00790069
00b1009a
00a10092
006f008a
00880091
00750053
0095008f
008f008f
007f0061
009e0084
0073009d
00570088
007e006f
006d008b
0062009d
008b0080
009b009e
00a8009f
007f0097
0076008a
00bd00d3
00700071
00930073
00af00a1
00830093
00aa00b3
00830083
00aa00aa
007e00c6
00510067
00660093
00960067
00790084
008c00a7
00770082
00990071
00700089
007b009e
00850093
00820083
008e0089
007a0066
00c700b7
00760099
006b008e
00c00081
00a100d1
00990098
00b00088
008e0098
008300b1
00b6009d
00870086
006a005b
00820061
0080009a
00780087
006a007b
00a90075
00c00095
00930095
00850095
0082008a
00aa0071
008600b8
008500b1
008c0083
00da009f
00860084
006d0063
009d009b
00d50074
00c200a5
0070007e
00930098
00aa00a7
00ae00a3
00a80061
00b900cd
00990096
0091007b
009e009e
0086009a
009e008d
00be007e
007f00ad
0072009b
009500b1
00a600a6
008d009e
00990098
00950098
00bd00ae
007e009a
0098007d
008e0092
008200b7
00a8009a
008b00b7
008a00c9
00b50073
007a0064
009b0084
005b007f
00ae0075
006b00a2
0082007d
00a8008b
0083007d
00890082
00b3007a
00830065
009300a6
008f0098
00890079
00c7008f
00820093
009500fb
00d000a5
007700b1
00a100b1
007900c9
00e6008f
00c300e9
008b008b
005f0073
007e0072
00790071
009700c9
008d0076
0064008d
008e00a0
00950073
00680071
008e00a7
00ce00a2
008e00c7
008700c9
0092008e
008d006e
008900b1
00be0082
00730091
00b600a1
00a9008a
0096008f
009a008d
008e0090
00df00a6
007e0065
007f007d
006500b0
00850083
00670066
006e0063
006d0099
008100a2
00820087
007d0087
00ea00a0
00d30086
007600bb
0091008a
009b00a0
00ae0096
009700a1
00c3007e
00c2007f
008e00a9
00e1006f
007700a3
008900a5
008b00ad
006e0045
00a20082
00690081
007000b9
00870088
00780066
0096008b
00860079
0088006b
008e0099
00e7008a
00730070
00790096
00830085
009b00c3
0083009d
00c00085
00aa00a6
008c007d
00a70095
0080007e
00c00096
00a000d2
00930074
0076004f
00b20098
006b008f
008900e2
00e3009f
006b006b
008e007f
008d009a
00a9008c
00840096
008700ad
00a10092
009b0079
00890085
008c00d2
007e009a
008a0081
008d00ae
00aa0091
00c200a8
009b0081
00a800d9
00ca009a
00c800a2
007f0043
00a7008a
007d0061
0071007f
005900a2
00700082
007e0081
00770085
008e00b7
009a00b8
00b10093
008b009e
0099009f
00e1005d
009500f1
00b00095
007d0089
00be009e
0089007a
00bb007d
0098009f
008900bf
00b50092
00ad0095
00920072
007600bf
0079008d
0072006a
008600a0
00850071
00ad0062
00aa0093
009f00a1
008e0077
006f0075
0093006a
006f0091
00b000a0
0090008e
00a600d3
00ae00a8
00bd0089
00b7007b
00b50087
009800aa
00c70084
0099008a
008000b0
009300b0
008f0096
00880084
008700af
0073007d
00be006c
008b007e
00ba008f
009300c3
00720067
006f00af
00b200ba
00a000c5
0090007e
00a900ae
00a20091
007e0083
008a00a3
00bd00bb
008d0087
00de00e9
00b300bb
00a200ba
008d00cb
00650065
00670095
00570096
007d0090
005d0081
0091007c
009e008e
00740070
00ad0087
007e0098
00af008b
00590086
009b009d
00b20086
00950093
008a006b
0099008f
007f0107
009700b3
008b00af
00b5009a
00d80093
009d00b9
009d00a6
00590051
00830081
008600b7
00bb0066
007400a1
0083009b
009d0079
007600b9
009d00a1
00d20086
008e00b3
008900aa
00a1008d
00b0006e
009300b8
007300b2
00780087
009e0091
00a00085
008500a9
00c300bf
009100db
009e00b5
00b90092
007e0092
00740083
00a5007a
00aa0069
007200b6
0081009f
00890086
0072009b
0082008c
008500a7
009f0091
00d20092
009300b6
008a008a
00a600c2
00a600ab
00970098
00b1008d
00b700b9
0096008e
00c200b1
009300a1
009900b8
00a70091
00800099
00a7009d
00760095
008a0083
009e005f
0089006e
00910081
007800ca
0077009a
0073007a
00c00083
00a6008d
008f009a
00bf0065
008e00a7
008700a2
00a800a6
00a900ad
009100a1
00ad0093
00750084
009e008c
00a7007a
00930099
00b00062
009d0070
00750072
006f006e
0069006d
00d00086
006d00a9
00770088
0060009f
0081007d
00840065
008300a0
009f008b
00820071
00aa00ae
0075008f
00930093
0096008b
0072007e
00870079
00a300b3
008a00a5
00a7009e
0096008d
0056006e
00770077
008d005d
00600073
007e0063
0098006a
007e007a
009f0085
00710084
00a800a2
00980087
00870088
00b2009e
0091008e
00a5009d
009f00aa
006f0089
009b00a6
00c600d2
00c3007e
00d0009f
0085006b
00c800b3
00b700bf
0087006b
00b10087
008b008b
00e5010d
00b60071
009800a6
006b006c
009100a3
00760078
009900b8
008600a8
00750081
0098009a
00950099
00b10061
00d8007e
007f00b6
009a0089
00e20080
00c500bf
009d00a7
00870097
00960079
00aa007f
00620073
00a800a9
00620091
0098008a
00e60064
00a900a5
009e0085
00b00097
00b9008a
00ca00a5
00890073
00ae00bb
00820089
0093008c
009700ad
009a009b
00f3008e
00a10091
008d00b0
00a300bb
007a00ab
008a007f
00a60093
007c00b0
007b0069
0065005b
00500064
006a0072
007e0064
00900083
007d008f
00be0073
009a0075
00830066
00830091
00770078
007600bb
0098007e
00980066
00770082
009e0099
00780091
008f009e
007900bd
00b200b1
0099008b
008e0089
00cb00d6
006b0044
00a8006e
005200b3
009e0096
007c0086
00980076
007700ba
0089007a
007e007b
0071006d
00c50079
00870095
0082008d
00d10075
007500a8
00b20093
00a10087
0082007e
00b100c2
00d600bf
00a90097
007e006b
009a00b9
008500ad
00950086
00b00099
00870086
007e009e
00790091
0097008a
007700a7
009b00a0
00860098
00b200c1
00900089
00830095
00b30093
0095007f
008f00b9
00c500e8
00b000ba
00980091
008d0092
009500a1
0120008a
007f00af
008e006a
00ab0098
0073007b
008b00b0
006d009b
008d0092
00ad0080
0076008f
0098006b
00820078
00960070
006f0085
009500e3
0074008a
007d0089
009e0089
009d00b0
0098009b
00ca0093
009f00a7
007700b2
00bf00a9
009300a9
007d00b0
00890096
009500af
00910043
00920059
0095005d
00970074
0086009e
00760084
0082009f
00a3006e
007700a5
0098008d
00a10093
00b000a3
00950085
0079009a
00eb008b
007b0095
00b900a2
009600c6
007700a1
0097008a
008b0096
006b0086
00a0008f
009600a3
00760066
0060008b
0076008f
006a0083
009d007a
0086006f
00840062
00760089
00750081
009500d0
0096007a
00870081
00970068
009b0078
00dd007c
009100a7
00c6007b
00bb00a6
0107006e
00890091
009e009d
009f0075
00e300dd
00cf00a9
00730080
008e008e
007a007e
00c100a0
006a007e
00a20067
008f0079
0090007e
00890082
00730082
00b800a9
00890088
00ee0086
00a500b6
00b300a2
00b1009f
009700a2
0098008b
00b300ab
00cb00a5
009500a9
00ba0096
0093009b
00a200ab
00800053
0078005d
0092006a
00860079
006d0099
006d0071
007f005e
009f0077
0088007d
008b00ad
008000a2
007d0092
00d60097
009b007c
0099009a
007e00c2
009300ad
00af0083
0083007d
00cf00b7
0081007e
00c700b2
00a1008a
009a00a6
00be0073
00c600be
00800093
008d00c2
009e00c3
009100ee
004a0098
00c00081
00f7006d
007b006a
0065008c
005d00ce
0052006a
008f00a1
007e008d
00650060
00680069
007f006f
007b0068
00720069
006900af
0096006b
004a007d
005300d8
006e0087
008f00a3
007400a1
006f005d
00760075
00860092
006e0083
00710087
007d0091
007a0071
008c008d
008d0087
009800b0
008100b0
007d00b1
009800c6
00670098
0098008f
007900b7
00ad0084
008d0079
008a00a7
008d00ae
0099009a
00790064
00860093
007800b7
00df0089
00ad00b1
009f0089
0072007f
008b0088
00840070
008b0083
00a7009a
008a00ab
00b700aa
00b6008e
00eb00c0
00a0008e
00a50086
00a700b2
00a900af
00d60091
010a009a
00ca00be
009b008b
008d00c2
00af0069
00ff00a0
009800a6
006a0063
00750091
00b20095
00990092
00950083
007f0072
006f007a
00960081
006300c9
009300a0
00920078
007e008c
006d0088
009f00b8
008e008d
00a30090
00a100a0
00a500ad
00810091
00b8007b
007d00bf
00710101
00d6007d
00c800f0
007b007f
00bf00a7
00b50091
009300a2
00790085
006a00a9
009f008b
009500a3
00820167
00730099
00b600a7
0122009e
00b500a6
00c50097
00a200a8
009100b1
00a700b5
00a6009a
00af0089
008100ae
00b900a6
00640065
007d0086
00700089
00850093
008f009e
00750095
00d00090
0056006a
007e009a
00a80097
009a0098
007d00a0
00aa007d
0062008a
00a1005f
007200b8
007e0082
007b009b
008700ad
00ad00c6
00870091
00ae0090
009800a9
00e20081
008b0077
00690077
0083006a
006e0076
00a80073
008c0072
00a90093
008f009b
009a006e
00730076
007d0098
007f0081
00890099
00970069
00750099
009b00a6
00ad009a
0092009b
008300e6
009f00bf
00720089
009f00a9
00bb00b7
009500a3
0099005d
00760075
00640079
007a005f
007a0073
009200b8
0096008b
006d00a0
009600ad
00720077
00ab00c1
00b9007f
008a007d
00a2009e
0078009e
0073008f
009b00a5
00a90099
007f00a1
00f500a2
00bb00cb
00bd0093
008e00b5
007c00a1
007d0041
00880062
00c5009b
007f0096
006d0085
007a00ae
00ae0090
008100cb
00bf0080
00a3007e
0090007a
00a800b2
009600af
00970085
00860095
007c00bd
00890095
00990096
00950096
00e50096
00c00095
009b007f
0081008a
00b000a6
0064003e
008b009d
00a6007b
0070007b
0084009e
0099007e
007e0083
007d0098
007200aa
006f008c
009d008b
007e00ad
00a200b3
0069006b
00970099
008000a8
00a9009e
0085008e
00b60087
00a30098
008000d0
00b00071
008100a7
00c900a9
005d007a
006600a1
007c008a
006e007d
00670067
008e00bd
009a00a6
00860071
00670070
0067006a
00980093
00c0009e
008e0081
008e0075
00c3009f
00900082
009e008b
00a100a8
00840097
009300ed
00b700ad
00ab00b0
00870085
00b900cf
00910083
008e00ca
0095008a
00e900b8
00880089
00f6007f
00b500a1
008a006a
0095008d
00a100a0
00840085
0079008a
006d007f
00a000a2
00c200a0
008e00c1
00b6008b
007a00a9
007c00d0
009f008f
00a900c8
00e80099
00890092
00b90093
005e0053
00970077
00720065
007d006b
00890085
00880072
009a007d
007c007d
00860059
00610089
006d00a8
008100a5
009100a8
00b10082
007500af
008e00a6
00b000ce
008d0092
008e0081
00a100a0
007a009a
00cf009f
00c30081
00a000b5
009f005e
0066009e
0098009d
005d009a
0075005f
00bf006d
009d006f
00890079
007400a1
006e0097
00af0090
00a90066
009800a3
007600b5
009300d6
0073007a
00a30082
00840081
008e0086
00960097
00c70091
00910089
008a0088
00cb008c
00860069
009e008a
006f00a5
006f0091
00870069
009b0091
009b0085
0072006e
00ed005d
009800b6
00f20085
00c200de
00bf0095
009b00ad
008f007a
009600c8
007c0097
00aa0099
00c3009b
00a800a5
009b008d
007f0091
011500a3
008f009d
00a00057
0089006d
00640078
006d0060
0072006f
00c80069
0076007e
00670067
008a00bf
00980083
008300c8
007a009b
00b60093
008700a2
00860084
0083008c
007e009e
00710081
0077008d
008c00b9
00860081
00e500b2
00b900e8
00df007d
006f0065
0087009e
00920089
005e007a
00a00073
0096006c
0066006b
00960076
0092006c
00970096
00f00082
0099007f
009e00a6
008d009e
009500e9
00b00092
00ab009f
009f009e
008500c2
007700c9
009b0089
009d00ae
00a70098
00b3009a
00b10058
009e0083
0077007e
00d3007d
007d007a
009a0072
00be0072
00720090
0098009e
00c2007a
00d6009e
009800a3
007b0080
00d60072
0091008c
00d300b1
00840076
00e50073
00a900a9
009500d6
00860089
0077008f
0099007f
007300b7
0075006e
009e007c
00920067
005800d2
00670066
00890088
00970083
0069008f
00720099
00900086
009a006d
008e0091
007b0089
00ad00b9
008d008e
00ad0099
00f90085
009900c8
0081008a
009300d3
007f00af
007f00a3
009900c3
009200a3
00690077
007600b0
00990073
00710087
0062008f
00660065
007c0068
0092008b
00630079
006b0092
0096007d
00920086
009200b3
008500a6
00ca00a0
00c700d2
008900ad
009a0079
00b60096
007e00fd
00a900a2
00a500a2
00bb009b
0097006e
0061004f
0082005b
0074006d
006b0071
006e0077
009b0055
00880073
0079008a
006d0099
00650065
00810098
00ad00ab
007a0078
008b005a
00a800b0
007d008e
00bf00a9
008b0084
009b0099
009a00aa
00aa00cb
009200b0
008e00a0
00a00080
00820038
00a60056
006c0075
00930050
00790086
00890095
00870091
0093009e
0071007f
00650093
00870089
008e0091
007700ba
00be0086
0097009e
00910087
008700e8
008d0088
00a5008d
00af00cf
008900a6
00790076
009e00b2
00a00077
006f0057
006e0096
00830053
00650091
007500a6
00a200a7
0087006f
008c007f
005b00b5
008e007d
00df00b3
00610087
00a20071
00820089
008a00a5
0089009f
010100a6
0082009d
00810085
00a90087
009b00bb
008800ba
008a009a
009b00a1
00670055
006f0080
0098009a
005b007a
008f006a
005a00a1
00a5008d
00760084
007600a9
0065007d
00c900a1
006c009e
008500a1
00b30080
00c800ea
00ad00a9
00bd0091
00a100a5
009d00a1
00b90095
00a50088
009e0099
00b2008a
008600b8
00760052
00960065
0081009f
007e0076
0073007d
00b9008f
007e0091
007e0076
008f00b6
0078008f
00af009f
00b50077
007f00b3
00a2008a
009a009d
00a200db
00d30099
00d20082
00aa0095
009f00b3
008d0092
00ad0090
00c000a3
00b500a7
0076006c
007d0089
0086008d
00710069
009d0064
00a5008e
00830075
00c100ba
00820074
009100aa
007500d3
007a0066
009e0084
009a0082
008f00a5
009200d3
00b70073
008a00a7
00d20088
00aa00c1
009600a7
009e00ae
008b009d
008700aa
00a20069
00690112
00a200b8
00710088
006d007f
006e00a3
00b80078
00b800a6
007a007f
00a5008d
0095009f
00870077
00ab00bf
008e0099
00bd0088
00ad00ba
00b8008e
008900a9
00710095
00bd0079
008100a8
00c6007f
00a100a3
009700fb
005b005b
008e006f
00740085
006e0099
0076008f
007d0076
0089006b
006d008d
00880090
0092008e
009d009a
00920090
007e0086
009200a6
00b600af
008d0096
00750081
00ab0096
00b900b1
00af0097
00bf00c3
00870087
008d009a
00960081
0073004f
00930093
006e0098
00820081
00680075
008e0097
0078005f
00fa00ae
009e008d
00930099
009200a5
008200a3
008d0092
00a9009d
006500b8
0086009e
006700e5
00e600b2
009300aa
0077009a
009a00a8
008300b1
00a9009a
00a600e1
00890060
00df007b
007000b5
00aa0073
008d0075
009200c0
00850093
007a0083
0087009d
00770081
009b009e
009b008e
008e00ba
00870097
00a10077
00830099
0097008e
009300c5
00a500ba
009700ae
009e00b3
00d30097
00e000ab
00b300ab
008a0074
00550074
00a10064
00830073
0096006f
0076007f
00730070
008e0066
006e0083
008500a5
009300b1
00a500a6
00a00073
00830084
00930082
009b0076
00d0009d
0076009d
00d90093
009000b3
0079008d
00c3008f
008e00ab
007b008d
0087007d
00b50090
00c90064
00b90096
0097006e
0083007e
00a90087
010600a6
00ce009b
009b007e
00c3008d
0079009a
00bb0095
00860088
00a5009b
007b0097
00be0087
008a0086
007d0091
008d00b8
009d0091
00ad008f
0072009a
00c90099
00780083
00a000af
008a009a
00cd00d9
0093007d
00a9008d
00860080
009f00a3
00b8006e
00830087
009f0082
007e00c1
009a0085
00a3009e
008a009d
0092006f
007500cd
00850091
00aa00b2
009600a5
008a00a5
00a900a0
00750079
008300a5
006c0049
00830099
00920069
008d0092
008a0070
006b0089
007a00aa
00b500af
007600d5
009300a2
00cd0081
00840086
00a6006e
00a100c2
009a0086
009600b2
00b600b2
0081008a
00be00a0
009b008c
008a00a1
00ad00b1
00a600b8
00910062
00570093
0092008d
008b0080
00730099
007e0076
008f0079
008f008a
0093009a
00710061
0074008c
006b00c3
0082008e
00c900be
007c0113
00b600aa
00920099
007d00de
009300b2
008e0085
00af0086
009500a7
00b500ae
00a500bf
00900092
00650049
006f007a
00a7007d
00750092
00760071
0081008a
00740085
00a8007f
00e600a7
0085007c
00a5007c
008e00d6
006f0080
00d1008d
0087008b
00900096
00700099
008c00b3
00b80085
00960081
00c2008b
00850097
00c800b0
009a0085
00760068
0079008d
00a500af
009d0084
0087007b
007e0095
008f006b
00810099
00b5008a
00a2008b
00be00a2
00870077
00c00082
00a80095
00d90077
00950095
00af00b0
00c90091
009800a0
009a009b
0099009e
00b800a3
009100ba
009d00b0
0083005e
00ca0077
00910062
006300b7
007400a7
00c50089
006d0076
00870089
008f007f
00ad00a5
0092007f
00c800a2
007d00e9
00b1009f
007d0083
00900085
00b100b6
00b10086
00700071
008900a2
008d00a1
00ba009f
009700af
00b300b2
00780069
006e0083
008a006d
007a00a0
0077006e
00880079
006e0087
007a00c2
0086008a
0075008e
00bd005a
008c0097
00850099
0093008d
009a00be
00ad0086
009b0086
008400d5
008a00c6
00a7009a
007d008b
009d00aa
008c0095
0090008e
005b0062
0055007e
008f0067
00740099
00c7009f
00930081
0060008f
007700ba
006a009e
00a90085
00cb00a2
00a300af
006f00b8
006d009d
00bd009d
008e00a1
00ab00aa
00c90085
009b00a8
00970089
0090009d
00b10097
008b00a3
00a300b6
00780082
006f006f
006600a3
006b0083
007100a7
00c2006d
00950092
00b600bb
008b00bf
00730079
00ab006a
007600b5
008f0082
0098008c
00be0086
00920090
01090077
01000085
009a0093
00820099
00ae0085
00a30097
008200a8
00730072
004f0095
00950092
0076006a
009d0074
009d0085
007f00b9
007b00a6
009200a3
009600a5
006600ca
00a200b8
0085008a
009e00ae
0096008e
00b500a9
00d300b0
00b9009d
00b5008a
00a500a1
00970098
008d0095
00a500b6
00a700a0
00ef009f
007f0060
008b009a
007d006e
0093006b
00b30096
008b00ca
00c2007a
00920092
0085008f
0099006f
00ab007c
00d700b0
00a900a2
0095008f
008200aa
00b3008f
00750092
00850090
006f00e1
008900aa
00bf008d
008900c2
008b00b0
008e007b
0059005a
009a0083
00790072
0095008a
0060006e
0062007e
00d2007f
008b009f
007e008b
009e0096
008f00ab
0069006f
008700a5
00b8008b
009d00a0
0098007a
00a200a8
00750071
009b007b
009b009e
00b900a5
00ae0097
00a60098
00a800a5
009d005d
0080009e
00a30069
009d0092
00790081
006b0099
00950076
00840076
00750098
0061007d
008100aa
009a008a
008a008a
006f0085
008600b9
0093008e
0085008a
009e008a
008e0092
00d00078
00a8009f
009a0093
00bd008f
008700ad
006e0066
0087006f
009b00f0
00a90081
0076005e
00b600c9
0097006e
00a9006e
006a0076
00960082
00910080
00950083
0095007d
007200a5
00a1008e
007d00af
00770089
00bd0082
0097009d
00c5008b
009a0087
009d0074
009900a5
00c60085
00810068
0064005e
007d0069
0083009a
00710071
00780079
00ae0095
0098009b
00760098
00760085
009e009e
007600ad
00ad009b
0091007e
00be00b1
007a009a
00900091
00f100a5
00a600b5
00a6008d
00990090
00c500a9
00820103
00c80087
00a600a6
00a0007a
00aa00aa
009f009e
00a50086
0086008a
00b6007f
008f0092
0099007f
00a1006d
00b300bb
008200b3
00c00098
008a007e
0085008e
008d0088
009a00b9
007200af
00a600d0
007900b1
00ad00b9
00bf00c8
00c00071
008900ad
00670040
00a0008d
008a0067
0076006d
005a007e
008300ae
006a00c3
009b0086
00550076
007500a6
008d00c1
0091008d
00ab009a
007100a1
00a9006a
00870080
0085009e
007300f0
00ab006b
00a70086
0085009b
008c0098
00a200b1
00ae0099
0089006b
009a0093
005a0065
008800aa
005a0088
00640074
00e3008b
00cd00a9
00830087
00980057
004e005a
006a009f
005a00c2
0063007a
006700a3
00680063
005b006a
008100ab
00a90087
006a0068
0081007f
005f0062
005c0082
008b006a
00810067
006f0085
00730072
008300ba
0091007e
007e009e
00920068
0087007f
0078009e
008d005f
00b200a0
00bb00b9
008e006a
006e00ba
009b0083
00890065
0082008a
00790086
00930095
00ca00d7
00a700b9
0079009d
00a300c5
00a00096
006d0053
0075007e
00890092
006a008d
006b00b2
0075008f
00780089
0071007d
009b0083
009500a7
008c00a2
00ab00a2
00b500b7
009a0088
00a8006d
00920093
00c600ab
006e0091
00c700ad
009e009a
00bb007e
00b6007b
009a0093
00a8008d
00b20065
00a60052
009e0087
00730091
00890082
00ae0078
007d0082
00870095
009e00a9
00ab0099
00a9007f
008b00a7
0087008f
00d1008e
008200c1
007f0099
008f00ca
009900ae
009500ae
00a500a1
00820099
00a100a7
00a200d1
00a1007e
00d9005a
009a0095
00e60072
008e00e3
009500c6
00b60082
00b0009d
00840085
00ea008b
00b5009f
00c90087
00860089
008700aa
009e008e
008a008a
00c600aa
00a700a5
007c007e
00a7008b
00b000a0
009800bb
00a90085
00f2008f
00a20077
007a0079
008700e3
008800a0
00820089
0095009a
00610083
007b0075
008d0127
008d00a9
00650078
00a8008e
00b900a8
00ab0090
009b00a0
00a0009e
00a300ae
00810098
007f00b0
00b90098
00a00072
009900c1
0076009b
00830087
006b0096
00520067
006d006a
0065007f
00720073
006f0067
007500a7
008b0081
0087007f
009900cb
00830077
009e0092
0095008d
00ad0097
00b10080
00920086
007c00dd
005d00c9
00b000ae
00970095
00850081
00b500a8
007d0087
008600a7
00ab0098
0051005e
008f005b
007200c0
00cd0077
00720089
007d007f
006d0079
00b3007f
00a700b1
009500a5
00820079
00910079
00a30087
00840088
009900a2
00a20095
00a10096
007d00a3
0083007c
0089009a
009800b0
009200a5
008300d3
00990088
0066004e
00660063
0069007b
00950073
00720057
007a00b0
0079007b
0082008e
00870095
0098008b
0093006c
0071009d
007100a0
0090008f
0085008b
00d00093
00a000c5
009300eb
00960083
00d50091
00b800a6
009500a7
00720092
009b00a6
006f0048
007b0090
00a000ae
006f006c
0064007e
00790091
00880068
0085008e
00a20081
009b0092
00a2009e
0093009e
00d500af
00a90062
008900a1
0079008f
009d00a1
009b0091
007a00b0
00d50089
00c60069
00720087
00a9007d
007d00bb
00920059
00a00079
00a300a9
007600a8
00820074
00850093
00880095
007d0098
00a200ab
00880090
00950071
009900a1
00c20095
009b009a
00ad009e
008400da
009900c7
00e600bd
00910096
00aa007d
0097008d
00a70095
007c00a8
00c200a5
0057005a
007e0095
00870080
007d00cf
0077008a
009b0087
00790072
00ce00a7
00ba006d
0083009f
009b00be
008a0076
0096006e
00aa0065
00a300b5
006f0093
008b0089
00990086
0099009d
007b0097
008a00b7
00a10088
008b0082
00870097
0092004e
008e0072
006e008a
0086008e
00690056
009d00a6
0076007e
00a70070
0093008a
00a00074
00ba0076
00920087
00c50087
00970098
00b5005d
00ad0086
00bd00ab
00a90087
00a200af
00a300bb
008c0095
00cf0099
00c30092
008c00b8
007d0062
007e0085
008e0062
0064008a
005700a6
0091006e
0081007b
00730087
009d007a
00890095
00b8006f
006f009f
00c20082
00b6009b
00b10092
00b60065
007f0099
00af009a
008b0086
00d100a0
00ad0092
009100be
00ab00a2
00980092
00930070
00620067
00710067
005a00a6
00830092
00760077
00980098
00730089
007d00a8
00cd00b8
00730068
008900ae
008500bb
00cf007b
00970086
00d600b7
008f00b5
007b0093
008f0085
009200a3
008400b3
008500a2
009d00be
00aa0079
0066007a
00a20065
006a0084
00a00069
00890095
007e007f
00db0072
008a00c5
007b0081
00a70093
00990088
00a80075
009d00c6
009d00d8
00a00091
008d0087
008f0092
008000e8
00cb00db
00ad0073
0078008a
00c3008d
009d00ad
00a0009e
00c80085
009e0076
00aa0065
0068008d
006b0095
00a5007b
006e0086
00a600b0
009b009d
00a3008f
008e008d
005f008f
00890096
00a20086
007a00a3
00ce00ae
009e00d1
008b0093
008900b1
00b90087
006b00a7
00820099
009b00bb
008b00ab
006f0054
0099009f
0075007e
006d0081
00730087
00d00081
008b0092
007b0086
009100af
008600cb
00ae0095
00970092
00ad008f
00b70072
0090009d
00a600a9
008900c1
005d00a8
0099009d
009200b3
00af00a1
00bd0093
00c2008f
00af008d
00640059
007a00b5
0096008e
00900074
009e0061
00720062
007d00a7
007600a3
007d008e
008b00a0
009e007c
00990072
009700b0
0078007d
00990070
00a30069
00a200e2
009300a5
009a0082
00b80088
008f00c2
008f007d
008d0097
00d800a5
006f0059
00c600a3
0089008f
007f0098
007a0096
00730071
007a006a
00860098
00b00069
008f0095
007900b0
009000c6
00d5008c
00a80087
00d9007a
00c200c1
007b0090
0091008b
00c80092
00b500b6
00ab0086
009f00a1
00a600c3
008f009f
00820062
00640097
008200a0
007d005b
007d008f
0071008d
00950076
00890073
00750071
00b300aa
00590099
007e00c6
0086006e
00be007e
007d00a0
00ad0095
009a00a3
00ad007e
006d00a7
00a500aa
007b007e
00c7008d
00b500ba
00ba008f
005a006b
00590080
0086006a
00b80065
008500a7
007a0078
00870065
006e008e
00a60090
00b1008e
00880093
00bd0079
0097007c
00c600a1
00c900a8
007f00c7
009300bd
00870080
00b100b3
00a8006e
00aa00b0
00c600c0
00c300af
00ae00c0
00c50051
01b9007a
00c801f2
006a025b
00a10092
01c20082
01030061
0063006c
00910135
00830195
01220079
00d50080
00eb0077
011d006d
00ad0083
005f008d
007b00a1
005a008f
00b10095
00e3010e
00660076
008300a8
00e70056
0122006d
009900a0
006f0088
006f0077
00860085
00790073
006e0096
008a008b
006700ae
007d0097
006500ae
007a006f
00ea00b0
00ba007f
00960097
00a200ab
00c60083
00c300d6
00ad00ba
00ab00e3
00ae00af
0079009a
0093008a
009e0095
007e00e0
00be005b
00830092
008f0085
007300c0
005a008b
00950070
00890092
00a100a3
00a80096
009500e0
00af008a
00860083
009100ae
00a80095
0088008a
008500c1
008500c9
009000a2
008800be
009f0071
00ef008f
00b300d5
0073009d
007d0069
007b00b3
0086007c
008000a8
00a700af
00c9008e
00970091
00950081
009d008f
00800088
009600c8
007a007d
00870095
00c3008e
0095008a
007f0079
009d0080
009100b9
00a300a1
00b50098
00c90093
00b90089
007e00a2
00930093
008d0071
005e0055
00630073
007500af
00760092
005e0098
00750095
009b0095
00a00073
007d0096
0096008f
00d50085
008100e3
00920085
009e008e
008e009b
00770088
00870098
00c8008d
00a50093
00910099
006200ae
0091007d
00d200a5
008f00af
007c006d
00890062
00760082
00d300a1
00990075
009300b0
00b00088
00860085
008d008b
00a60095
0087009b
00af008a
00aa0090
007d00b8
007400bd
007f00a7
00aa008e
00a300ab
007100a3
00ab00d2
00ae007e
00950091
0084009b
0096009e
00790088
009d009d
00810099
008e007b
0077005a
006e00ad
0077007e
009e007e
007200a5
0099006b
00790083
008a008e
00890095
00870086
00cd009b
00bf009e
00a20092
008600a7
00cd0087
008900a9
00a3009a
009d0096
008c00a7
00e30089
006d0063
00930089
00870085
00730077
004f0076
0085006f
00600075
007c0062
00850092
007f0067
00a000c2
01030081
008800b3
008a0073
008500b6
008f00d3
009f00b3
00d300c1
00c100b9
00b50091
008900b9
00ab0070
00bd00b8
007200be
0071006c
00710069
00b3007c
00670091
007300c6
008a0068
0073008e
0087008b
008800b5
009700ca
00970075
008e007a
008b0079
008c0087
0086009e
007500a2
00a500a8
0092009f
00b20092
00bb00a1
00ba008d
00a800bd
00b00096
00a500b8
006d0050
00690082
006b0051
00660085
00830080
00b20071
006d006c
00830075
0076007f
00a70093
00d1008c
008e0079
00bf009b
00b60075
009000ad
009200af
009e0093
00ab0091
00860089
008b008a
009a00b5
009e009d
00ab0091
008000b3
0055004e
00800063
009200bd
00750093
006b006d
0087008b
00660075
00870073
0081008c
00b20092
009b009a
00960088
0087007b
009b0082
009f008c
009d00b3
009b00a9
008300d0
00a300b6
009300b3
00a5009b
008a00b6
00c6008d
0093008e
0062007a
00b1006c
008e00ae
00700087
005f0073
00790062
007a0067
0090008f
00840071
00970070
006e0085
00a50095
008f008b
00870098
008e00bb
00a2007f
00860076
008600d1
0097008a
00a60098
011600a1
00c300e1
007f0082
00ae006e
0072006a
0068006a
006a00a6
0097006e
00560087
0099006e
008500a2
0099009f
0083007e
00700072
007d009e
00db009f
0093007e
00980072
00bd0079
00b6007e
009e007f
00b7009b
00710099
00a1009f
00c100b1
00a100b2
00a70087
00be009f
006b0069
00b0006e
007d008f
00aa0097
00710085
00b1009d
007b0081
0069006e
00890089
00d5008b
00aa008f
0097009e
009100a5
0090009a
00750082
00880089
00b300a1
00840097
008600b3
00c700e3
00c60112
00af0085
00a60095
008e00b0
00760059
00b30074
00c60083
00690066
006f006f
007400ce
0087007d
00900082
0085007d
009500a2
009300a1
008500af
00ad0090
0059006e
009000aa
00c2009b
00890087
009b00a9
0091009b
00e70093
0092008b
0093008b
00c60097
008000c0
00500072
008e007a
00830073
0080008e
00820074
00c700b2
0064009d
006500a0
006e0067
009f0082
00860098
008d008d
008b00b3
00810062
007f008f
008d0089
00a70091
00a5008e
00a20069
008a00aa
00a7007d
009800eb
009200b5
008f00d3
00780044
007d007e
00750087
009800ae
007f0082
00990066
0092009b
008c007f
00930087
0073009a
009900b1
00660091
007e0080
00980093
008f0073
00870073
006600b2
008f00b5
00ad00a9
00890098
00bf0085
00b7009a
00ab00a2
007900a1
00aa005d
00890068
00980092
008300b7
00670084
00980098
009a008b
00860085
008a0072
00a00070
009d00ba
00e80083
00bd008f
00c10097
00c000a6
008b009d
00a50083
009b009b
009700aa
00970096
00860084
00ad009b
009d00ad
00c80095
005f005f
00710082
0065006e
0056008b
00680054
00d50067
0071007b
006e0077
007b0063
0077007a
0082009a
00c200bb
00af0086
00810095
00c000a2
00990089
009d0087
008e00af
008a00c0
00820099
00b600b7
0092008a
0092008a
00ab007b
005e003f
00a900ae
0093008d
00720076
00b80062
00820085
006c0086
009a0099
006a0084
008c0085
008500b5
009d0079
00720081
008500af
00810092
009800c0
00ea00a8
008d008a
00a9009a
00ba0084
00b700b1
00a600b8
009d009e
00b00092
00770046
006500ae
0078006a
0065008e
00730092
00a8007d
0096009f
00bd0093
00830083
006b006d
0082007f
006d0085
009a00d3
007f00b8
008d0086
00910088
00920097
00860097
00b2009a
009e007e
009900aa
00a60081
0103008d
007c008c
00620081
00850087
008f0086
00c300c1
0071006b
00a10096
0071009a
007d00c8
0099008f
00460080
00a600b3
007300b0
00e600ae
008e0061
00840084
0077008a
00c10081
00b00099
00990097
0099008d
009700ab
00bf009a
007f0082
00af0092
006e005d
00730092
00760087
00760076
00750052
009600b3
00a00086
008f00a5
00b200a1
00710082
0099006b
00c700c1
007c00b3
00c000a5
00a30130
009d00bf
00970091
00a800a1
00b60086
00b6008f
00b8008e
008f0088
00a50088
008b0080
0073008f
0080006e
007a0073
006f005e
006700a0
009b00ab
009600ad
00980075
005e0072
005f0076
008800b8
007e008e
00960093
00740085
00720091
009e00af
00810098
008b009b
008400a5
009d0093
00cd00b7
00a700a5
00800099
00a7008e
008e0080
009e0074
00750072
006f0092
007600a8
00b0008b
008b0073
00870076
008400a5
007100a9
007e009b
008a00af
009a0093
008300a0
009b008e
00b80092
00b300a7
00bd00bd
00870075
00860092
00c30081
00c7009f
00a100ad
00ab0099
00870063
009700a5
008d0098
007f0093
0086007c
008200b1
005d00b2
0066008f
00730071
00a00095
007a0076
008100a3
00aa00d0
00820097
0091007d
00870088
00ad008b
00af008d
00930088
009d008f
007b0078
00a800b3
00a600a9
00ad00b6
008f005d
008500ad
009a009f
0089008e
008200b0
00710081
008c0072
007d00e1
00f3008b
007000c2
00ab007e
00a500a3
009b0091
008c0089
00810122
009a0096
00b5007c
007e0089
009100af
006d00c6
008100a1
0098009a
00a600b0
00a300b6
006c0085
007e008a
009f0079
007500ab
008e010b
00c90068
008e007e
00890083
008b00bb
009100aa
00b3008f
0087007e
00a900a0
00b0007b
00b500a9
00b80093
00990069
00b00079
007a007b
00e200ba
00b00089
009e00c3
00ab0092
00a900aa
008d0081
00760093
006b0060
00540085
008f0089
00b1008d
0078006d
008d007d
009a008e
00870075
00970093
008b0088
00a2008b
00b80089
008900b2
00a900d5
00a00089
00a9009d
0082009f
008b00a8
0087009b
009200ad
00a800a0
008f0070
006e00be
005e0097
00620088
008a0095
00800070
00ed0091
009f006b
00ad00c5
00920072
006a0087
009b0089
007a00a5
008b009e
00850082
009600af
00790099
00a00082
008e007f
00ae0098
007d00cf
007300c8
008300a6
00be00c7
0082009d
007f005d
008300c0
007700ae
00aa00bf
00a7009a
007100cb
00a3008e
00a600ad
006e0089
009000f7
00b90085
008f0098
00830073
007700a2
006a00bb
00810099
008a0089
008f009b
0093008c
00b000e2
00db00a3
008500a3
00910096
00a300e0
006e0083
00c70086
009b0097
008d0080
007a0081
009f0077
007a005b
008b0098
0070009e
009b005d
008d00c1
00a300a1
008300b3
007300a0
00a00087
007200ad
009f008a
0083009a
009a0091
00be00a5
00960085
008700a2
00b200a0
00d80085
00590076
008c0092
00860087
009f0067
00a6006f
00810096
00730093
007b007b
007e0078
009a008d
0091008d
00a00089
008e009b
00ba00b6
008b0093
00c700a8
00a60082
00c10096
00be008e
00e00097
00be0090
00c80099
009600f5
00a000b2
007e006b
00770095
00bd009d
00610081
008a00ab
00ba00a0
00a9008d
0115009f
00680080
009300a8
00b200aa
008a0093
00830097
008e00ab
008a00b1
007a008e
00b200c3
007c0098
007e0098
00aa0063
00b10089
0087009d
009900b3
00a5008f
0085005f
009f00a3
00810077
00650098
006200b5
00be005d
00690080
009500a2
005e0079
00870072
00750087
008f0072
006a0070
0086009f
00610097
006d00b2
007d00c5
00830097
0072007a
00710059
007b008d
00b1007a
008e0092
0069007b
007d0086
00860076
0081005f
006b00a5
0073006a
008f007e
0087007c
00830093
0086008c
008e006b
0087008f
00b500a2
007200bb
008d0064
00b000b0
009700d5
008500a6
00a300b1
009e00a7
0098009e
0087009b
00b80095
009800ad
00a300b8
0059005e
005d0079
00710093
00ab0088
006f0092
0063007b
00af0063
008f0081
009a0090
00f8007e
008200b2
00860081
00a9009e
00a00089
008200a0
00b600a1
0097008a
009100b3
00bf0089
00ae00c2
008400a7
00bb0084
0081009f
00be008f
009b0075
007e00b8
00c9008b
0071008f
00950091
00900075
007400a9
00790099
005d008b
008900cf
00be0072
00690093
00c9007f
00910087
008d0083
007b00a1
00850072
00b30092
009200a8
00b7007d
00d00071
00a8009a
00a700b1
00ad0089
0097008a
007b008e
0099007a
0082009e
00660097
007f009b
007a0079
009500b1
008c0099
00750084
006d0075
007e006d
009d0096
00920086
009b008e
00a100a3
009d0077
00cf0093
0085007f
00b30092
008e00cd
00a600c2
009900ae
009e00cd
0062004f
00a30083
00b80093
00a0006d
007d007f
0077008d
00a00080
00a6008c
00a500a0
006f0072
00ad0097
009a00db
00a20097
008900aa
00b800ab
00910077
009d00a0
009f008e
00d00071
00d30088
00a90073
00b500ad
009500a7
009b00c7
0089004b
008100a6
008f006e
00820092
008c0083
007e008e
006b008a
0083009e
00990088
00ab007e
00c90096
006600b3
008a00da
006c0085
008d007d
008100d3
008b0082
00bb00cd
00cd008b
006a009b
009600c6
00b100b1
009b00b1
00a90099
006d0074
007b0042
0092007b
00810084
00860091
0083006d
00750070
0078008b
0071005e
00820080
007a0097
008c0084
007800bd
00a6007f
00a80071
00920075
01000092
00a5008f
00a600ab
007d00a3
00a70079
00800088
008c0095
00bb008e
00730051
008500b1
007b0092
0063007a
00740069
006f007a
0095007f
00630091
007b0098
007a009e
009d007f
00a80093
007b0070
00820099
0097006f
009b008e
00b00091
008b00ad
009600a3
008f007b
006a0099
010a008e
00a7007b
00ab00e2
00600083
009e009a
00b000d1
00970086
0076007a
0096007c
008500c1
00930096
007f00bb
00700071
00bf0073
00d200a6
00a7009f
007b008e
0098007d
00980092
00990097
0092006c
00b200a2
008b0095
009700ad
00cd009d
00ab009d
009a00a7
006f0059
009a00a5
0066008a
007100ab
00b70075
008a009d
00630083
009b0082
007e0091
00ab007d
00ad0099
00860082
00a20096
00a90097
0087009b
008700bf
00c800a9
00980073
00ca00a5
00bd0093
00c900a2
008a00b1
0073009e
00d00099
00960055
007e006e
007c008c
00ba006a
007e008e
00e90081
009d0083
00900072
00890097
007700ea
00860097
00a900ad
00b000a5
00980079
008b00c3
008300a5
0073009f
009200b9
00920088
00a3009f
00a900a3
00980080
00aa00a5
00c20082
0075007e
007d006a
006700a6
006f00c1
009f0080
007f0087
00b900a7
007800b3
00a70074
006f008e
00a000a7
009a0096
009a0079
008600c0
009e0087
009100b3
0099009b
00970082
008d00cb
00a20099
009d0072
00ca00b2
00b900b7
00b20095
0069006a
0066009a
00a30065
006d009e
0075005f
007d007b
00910087
007e0093
006f0086
00810082
008c007e
008d0085
006b0080
00810081
009b0096
00d700a0
008e0080
00920091
00ab007b
0091008d
008c0092
00c2007c
0089007e
007b0095
00730060
00720073
008d00b2
00a8007c
007b0082
0082009b
00cb0067
0096006f
00840097
009b0067
00a900b9
00b20081
0092007c
00a30086
008b0090
00790093
00ab0079
00bb00a3
008a00b3
009a008d
009200aa
0084009f
00a70099
008c00b5
00aa0081
007b007a
007d0088
00750091
007a00a2
008f007f
00730092
009a00ab
007f008a
00a600bb
007200a2
008a00c5
007e0071
00c70079
00bf00b3
00a0008a
008c0073
008f009b
009100d0
00a60085
00a000a1
008f0096
00af0096
00c00097
006b0067
009600c1
007a0089
00970099
00570085
00a80055
006e0071
0089007a
00a20085
008a00a0
00a20076
0082009d
009a00b9
00860089
00a000d9
00a70090
008a00c0
00b700bf
00a6009e
00ba00d3
00d20076
00d0008d
009f009e
00a700ba
00a900a6
00ce0079
0095008e
0080006f
00600067
00a200ba
007f00c9
00c200ca
007d0092
007500ab
008f0079
00850099
00830082
00930082
0078008a
008400aa
00a8008a
00ad0093
00ed007e
00e20085
00be008f
00b80093
00ad00af
00ab00af
00710072
007e006a
007b0089
006700b5
007700bd
00890053
009a00b9
00ad0070
006e007d
00950068
00920098
00b800aa
008e0096
0091009f
00950093
00b900c3
00aa0097
008f0089
009a00ff
00a2009f
009b0093
00fe009f
00c100a3
00c3008d
0063005f
009600af
00a7007b
008f0084
00960061
008e0093
0076007f
00a70087
006a008a
00750089
00800079
00d0007b
0098008f
00950068
008000d2
00b700ad
009a00b5
007e0081
007200aa
0092009b
00aa00a5
00c0009f
00ba0099
008900aa
008b005b
00b10087
00710079
0070007d
00820071
00a70073
006100b3
00c80084
00a7005f
00760070
00af0080
006b0081
008e00b2
00800071
00a5009b
00d000e6
009f00ab
007500a9
008500b2
00b300be
007900aa
00860085
0098008f
00f200a7
00a3005e
008200c7
009d0074
00920071
00a500ba
008900c6
00980073
00d00083
006e008a
00cd009f
00730101
00810092
008b006f
007700e6
00b20081
009300b2
0096008b
00db00a3
009600a1
009200aa
00950090
00c500d6
00af0096
00ca00b0
00930066
0081007d
009a00a3
008500aa
007e008b
008f00a9
007200a3
007100e1
00b0008d
009e008f
00a00076
00a800a2
00b70091
009e0081
0079008a
00ca00a2
00dd00ad
0089007f
008f00d0
0093007e
00b00092
00f600af
00a000bb
0098008b
004d006e
00a2004f
005b0060
0088007d
007e0072
007f007e
0073006b
00b1007e
00920081
009e00a5
00970081
00ba0092
00a600b8
0091007e
00a300c9
008b007d
00970099
00850099
0085007d
009d00b8
009800b6
009700ab
009d008f
00d2007d
0086003e
00870061
0083006f
006200d2
0057005e
006c0083
00910078
009f00a8
00c2008c
00eb008e
008b0075
00b500d2
00b2008b
00a30086
00a60086
0087007b
00a9006d
008b009b
008e0084
008b009a
00be00a2
0073008e
00af009d
00a900aa
005d004a
00a2009a
009a009f
00b30097
0072008d
00d90083
00a80079
008a0088
00ea007b
0086009a
009300a2
0099009a
009b00b7
00920081
00aa00c1
009a0087
00af00a3
007e0091
00d0008f
00b0008b
008d00a2
00cb0083
00a1009a
008a00c0
0059005d
00b20082
00a700ab
008f0079
0081007e
00990085
00910099
007b00ca
00b700b2
00b80089
008600a7
006f00b9
008d009b
00cf0071
007d008b
00a50099
00bd0088
00a200c0
008700aa
009300a5
00e000a2
00ad00c2
009a00a7
009800ba
007e0067
0096009a
00820087
0060008d
00660073
00730084
00760081
007d0069
00950079
00650092
005b00af
00870089
00ce0086
00bb007b
009e00ea
00660092
009a0077
00970099
00b000bb
007a008b
008a00d3
008e00cb
009500b7
00ef00e5
0082006b
00530080
00a500aa
006d007d
0060008f
00990086
0082007a
006e009f
007b009b
009100ad
00ad0092
00840083
007c00c2
0085008d
008100c8
00c100d8
00d100b5
00b5008b
00ab0091
007d0089
00c000aa
00ae009f
00a0008a
0097007f
005e0075
007a007e
006d00a9
00b3008c
0065009d
00a30096
0081006e
007600a7
00ae0096
00950087
00d200b5
00a100c1
00bd0087
009e00a0
009200a9
008f00b7
00bd008a
0086007e
00b00095
008a00bb
00d200d2
00c3007d
009500bb
00930082
0054005d
00900085
008600a1
0076007e
007b0092
006e0081
00900071
00d00097
007f0093
00710067
00a20069
00a20099
00b80071
00a50086
009a00a0
00990096
009f00b1
009000c3
009200b3
00a20069
0088007b
007f00b3
009800ca
008400aa
008d0062
00730081
005b007a
004d009e
006c0062
007e0079
00ab0077
00a10083
00d600a0
00780096
009d00aa
007100ab
00970073
00d10093
008c0076
00960098
009a00a0
00750091
008c009d
00d300b7
0091008d
009d00b9
00ab00a8
00a100a8
00920059
008a008d
00cf007f
008000f5
00750081
007b008b
0083008b
010a00cb
009200b9
007f00b5
009100ae
00870076
00b50081
006e0071
00b2009d
008e007e
0073007f
00750082
009a0083
00a00073
00750093
008f0092
009f00a1
0083008d
006d0053
008600b3
00990082
005e007e
0092007e
00690067
0096006c
00c7009b
00760069
007d008e
0096008d
009d00a0
008600ca
0098008e
008f0090
0091007c
006b0090
007d008e
0097007b
00ab008c
00b700b6
00c300ad
00720089
009f00a7
007d0046
007f007d
00870065
007d0057
0085007a
0085007f
00890078
00b200c0
009d0096
008a0077
009e0105
007400b6
00b6009d
007e0082
009800b0
00870097
00d80096
00b20092
00c000d5
00970085
00970099
009e00c0
00a6009f
00ae0093
0065005a
009e0082
00870072
00610098
00590070
00a6007f
0092009e
008a009d
008e0098
009300af
00aa00a0
00a60096
009700ba
007f007a
009100a5
007c00a1
007e007d
008900a1
00a6009f
00910086
00ae008e
00b30095
009e009e
00c50085
0088005f
00880087
007d008d
00730077
007e007f
009700a1
00870063
00870057
006b00a1
00a80073
00aa0083
008000c2
009a007b
007a007f
00870091
008b0078
00a200bd
009700a2
00d2009e
00a20097
009a00b6
00be00ad
007100a0
009f00a3
005b0055
007e008f
00970082
00970075
00750080
00d50072
00a700de
00800067
008b00d0
005f009f
007b008a
00d000a1
009e008e
00a00099
007c0089
00a3009a
009e00cd
00950083
009e00b5
00aa0092
009e009d
008a00a6
00c30084
008e00b3
0092005b
0092006a
00b2008d
008200b5
00aa0074
00b80076
008a0098
00a20083
007c007a
008e0089
009d0089
009e00a8
00a1009e
00870084
008d00c1
007e0077
00bf0082
0092009e
007b0092
00be0096
0081008d
00be00c3
00a6007f
00ae008d
006e0067
00a50067
007100bf
0077007b
0065005e
0081009b
007b00ba
00a00096
00700092
00770099
00ab008a
00820082
009a009e
00800091
008b007e
007600e6
008b009d
00b9008d
00a300a1
00a10091
00ab00a3
008b007f
0095008e
008f00a6
00690044
0071009b
007b006a
00a50087
00760081
0092007f
0097009a
008100c7
00920069
007b0093
00720072
00750077
008d00ba
00a300a8
008900be
0096009d
007400a8
00ae007f
008700aa
008a00a6
00b100a3
00b80076
00ce008a
00910098
0072006e
008c0081
008a009d
008000ab
008d0086
00ab0082
007d008f
008500e2
00a200ed
00b200ca
00bd0092
007c00a2
0074008e
00a7009d
00f20088
00ee0099
00a700a5
00ad008f
008d00db
008300ba
00a3008e
00960081
007800f9
009f0077
008200ae
00a50092
00600076
006c008b
008f0085
00600091
00cf00a5
00a1009b
008a008f
006e00bd
00b900a3
008100a8
00b2008f
00970099
00a50081
007e00b1
008b0088
009200a9
00920095
00830091
009300a1
00d8008c
00b30089
0082007b
0068006d
00be0061
00da0076
008d00c0
00800083
008d0079
007e0079
0091008f
008b00ba
00950062
008e0080
008200ca
008a0076
0099009a
00950097
00ae0089
00d900a9
00980075
00cd009b
009e008d
00c000ad
009100a2
009100b2
00b300b5
00880057
00aa0088
007e00ba
0087007b
0088008b
008f0079
00980072
00a8007d
0092009b
00810073
008e007b
006700b5
00a200c7
00b300bf
008d0099
00c000b8
009a00da
00d800a0
00e00091
00a200a9
008900be
007700e0
00c3007f
00be00a5
00830093
007600c6
009500b6
00d90095
00810099
00a9009a
010f008d
007b009a
00e700b7
009a00b0
00db008e
007200a2
0098009b
00a9009d
008b00a2
008f00b8
00be00a9
00ef00e8
008e009a
00e000d1
00bb00a5
00a20096
00ba00b5
00c700f8
00760051
00930078
00b5007b
00950079
008900af
006f0089
006d0096
00b9009d
007b00aa
00830098
00920098
009a00c0
0085007a
00750075
00a500b8
009e00a0
00970092
009b00a1
008a00a2
0096008e
00a20098
00950099
008e00a0
00880097
00690056
007c008d
006f00d3
008b0093
0077006e
006f0073
00900097
009a0089
0079008d
008c0077
00d1009a
00740080
00a2008a
00710064
0099007c
00a700c0
00bd00c3
009b007d
00a2009e
0099008f
008d009d
00820074
00c500a5
0089009b
00920071
00870087
0089005e
0095006d
005f0072
00930067
008300d1
00710096
008900a7
00b30081
008d0098
007f0099
00a2008b
00b30071
0077008a
0089009a
00b200a3
00d5009a
00cd00b7
008d009b
009600c0
00a80097
008500ae
007100b1
009f007a
008d0095
00820075
00810089
005f0090
00970082
00860097
00a2009a
007b006f
0093007b
008e009b
00800078
009900a0
00c0007e
00d00093
00bf00a7
008200ae
00910091
00dd00a8
00870091
009f0097
00a6008e
00d80095
009700c3
00a20061
0073008a
0085007b
007b0083
008700a5
007d008b
00a1006d
00870072
00b10090
008e008b
008600ba
0072007e
00a60092
00820079
009e00b6
008300a2
00b200a5
007c0092
00cd0079
008d0073
00a70098
00bb00ab
009e0111
00b90086
005d0066
007f006f
008700b2
00900097
00b00089
00a8008c
0095006b
008000b8
008f0091
00810091
006a009b
00720085
00c20082
00980089
00ad006f
00c80096
00a300b6
00860080
00a30080
007700ad
008800a0
00de00ce
009900a0
00d00093
0079006f
00750076
007c0099
00850079
00610086
0085008f
00910085
006d00a5
00a30092
0095007e
00830083
008200a0
008d008b
009d0079
00b000be
00a900a1
008100a5
009100b1
00850090
00a9008d
008b0092
00d700a6
00870096
00a300a2
007a0061
00af0051
0097008b
008b0074
006200a1
0091009a
008b006f
00670076
007e008a
007a0087
007600ad
006d00a9
008f006d
009a0082
00b800b3
00b7007d
00960083
00b10069
009e0091
009900d0
00a70085
009500b7
00aa0099
008a00ca
00af0048
007900e0
00860085
006e007c
008e006e
009e0077
00800079
00bb008d
006d0090
00960077
006b007d
005d0080
00a6007d
00ca00a6
00880089
009e008a
00ce0082
00cf00b8
009700a1
00c000b9
00be007d
00ca009d
006d00aa
00d10097
00910059
009a0076
007f008e
0079006b
008300a1
006b008e
00d00092
0080008f
0080009a
00790095
00ca008b
007400ae
00cb0081
007f00b0
00a100bd
00830092
008e0093
00950091
00ab009d
00c200cd
009d0073
00980092
009d0099
00b70091
00ae0046
0097008d
009a00b0
0099007b
00820076
007d009b
00ab007a
0086006e
00c20091
007d0086
007100eb
0079009f
007f0089
00820078
00cb00b7
0081006b
00b100b2
008600d5
00dd0071
0081008b
007600aa
00b600a6
0097009f
008a00a6
006a0075
0082008b
004d0091
00660057
006e007e
008d0057
00980064
00af00ab
008e0072
00960075
00650091
008f006b
00860082
009700a1
00a30097
008f00a0
007e00d1
009800aa
00a30081
010900c7
00a600e5
00dd0099
007f00e1
00970087
006e0069
0077007d
00a8005a
0091008c
00740075
006d0078
00890078
0076009a
008800b2
008c0077
009d00a7
0083006f
007900be
007b00a2
008300aa
008900bf
00770092
009100a6
00930097
00a900ad
00a90082
00bd00b9
00a10099
00f20071
006a006f
00980087
00a2005f
00c30095
00830083
009700a0
0081009a
008900ae
00c900ce
007100a6
009500a7
009f00a9
008e008f
008800ba
007f0090
0087008f
00960095
00c30098
00a000e0
0080009b
008e00a2
008a0084
00d300a8
008e00a1
0091005b
00980097
007900d3
007d00b1
00a0008e
009d00f5
008000a5
00e10098
00720086
009e00b6
00ba00b8
00af00aa
00ab00d2
009a0084
0095008e
009d00a1
00ca00ca
00b500ad
0110008a
00890095
00a800b0
00c90087
00b0008e
00850132
0062006d
008b00aa
00950077
008300d8
007d0086
008100a6
007f007a
00900119
00750080
00720096
00bd00e5
007a007f
007f0081
009500a0
00db00a7
00860092
00980093
00a200ce
00d900cb
0088009f
00c900b0
00bb006f
0091006d
00960061
009a0054
00930081
00900067
00620065
006300bd
007e0069
00960078
00950091
00ab00aa
00a5006d
0065009f
0079009e
007c00ab
00a30084
008d00b1
0095008e
00c200a9
009f0076
00a00092
00d800b5
008c008c
00a70099
00a0007a
00c5008a
00970057
00860069
0065007e
0060006f
00840087
00630066
008a0071
0083009d
007e0079
00830076
00830092
008d0096
00b00088
00b800b3
008b0080
009100b0
009f00a6
009e0083
00c10076
00b30089
00950089
008d00ba
007a00c7
009d0095
0061004d
00d0007f
007500b7
007700c2
00890082
00700067
00bf007f
00b00068
006f0071
009e0081
00850071
00b100a7
00a500c5
00890097
008300b5
00990096
00920097
008d00a5
008900a7
00f700a5
007100b2
00b80086
008b00bf
0096007c
005e0050
00c1007a
00870077
005d00ad
006a00c8
00a90082
0098009b
0091006f
00ca00ad
008a0069
009a008d
0072008f
00a300a0
00a50087
009a00ed
00b5008d
008b00c8
009f0082
00a700a0
007700a2
009f00ab
00a90086
00ae00a1
0097007a
00ba0040
00990078
007600a7
008e007e
008500a8
007600aa
00ab007d
008a0092
008a0080
00850082
009500b3
008200ba
00830082
00bf009f
00c600b3
009e0091
009300bf
0093009f
00a70070
00cb008a
00960099
008f0075
00ad008d
00af00ae
007a009e
00830079
009f0079
009800bf
0096009e
00830081
009d007a
007200ce
006200eb
007100b2
008f008d
008f0082
008e007b
00aa008e
00b20097
00b600a6
008100a0
00a700ae
0096005f
00ef007d
00820081
00a00093
0075007d
00bf009a
005e0081
00730062
008800bf
007d0069
00860093
00920082
0090008a
0077007a
007e00c9
008b00a8
00b8007e
007d0082
0095008a
00a2008d
00930076
00750076
00770068
00750081
007c00b2
00890095
009600a8
00c100a6
006e00a1
00a200a2
009e0089
00980077
006300a6
009e0059
00670072
009900a2
00720096
009e0075
008600c3
007b0071
0086006e
00930089
00ae00b3
009a0099
00860093
008100ad
007d00b2
00a800df
00b800af
00990098
008100b8
00fb0070
00b900c3
00960079
0072005c
00750060
007a006e
0086006d
00670078
008500a6
0089007f
007500c7
00950096
0082007a
009b00de
00ab008f
007b0095
00bb007f
009e00af
008f0085
00a6008d
00b50087
0099008e
0095008d
007c0081
008a0099
00bf00b6
009900a6
006c0046
007d00a3
009f0092
00b50072
00860089
00890069
00a900a5
007d006f
0095007e
007000b3
00ae00a0
0080007a
008200ee
00a60085
00cf00b8
00b500b1
009800b9
007a0089
00aa00b6
00b100c2
008c00be
00c000e8
008200a6
008e00a2
008700a2
00be00fa
009b00a0
009d0086
009300b3
007d006b
0085006f
007f0077
00870076
007f00a6
009f00a9
00a600c3
008f00f2
007100a0
007a0093
00a600a5
00d700d8
007700aa
009700d1
00ba00a5
009b00d3
00af008e
00a600b5
007f008b
00aa006d
00b7009b
00a30069
00d90067
00770063
008e0062
00970074
007e0068
00b70085
00830073
00bb007a
009600b9
00a90087
00a8008e
009e00da
008f00e3
00a90090
00a20092
008b0086
00790090
00b1008f
00c600c9
00c000a1
00c80097
0086008f
007a008f
00920093
00cb0083
00c60089
00900081
006f0072
00a9008f
009a0089
0099008f
00a500c2
00a3008b
00960096
00a000a7
00b6008e
007f00b8
00b30092
009f007d
008e00b9
009f00da
008b0092
009d0081
009800a8
00a60091
00640074
00a20086
009b0079
007b008c
00a0008d
00830083
007a007e
008500b2
009e008b
00aa00ea
00b100b2
007200a7
009b00b1
00c300a3
009f0098
00ad00d3
00c20081
007300a5
00c3008e
00b10098
00950091
008a0087
00e9007f
009e00ba
006a007e
00780083
00610063
00d2008b
00a10070
00790089
00920090
008900af
00840098
009a0092
00c800a5
00970099
00d000a8
00740075
00cb008d
008b00b2
00c2008e
008c00b9
00780100
007f00aa
00a200ab
009f0093
008f007e
00910099
005e007d
007e0087
005a007b
007e0067
00a80081
008b007d
008900da
008a008a
007100ad
006800c2
00af008a
00920087
0092008a
00f80096
009d00be
00a00089
0079008c
008900a2
009300d1
00ad0083
00760063
0086008e
009d00af
007900be
00990069
00b800b9
00800100
011d00be
00e000ee
00fa0096
00a300a7
007f007b
00900092
005c00b6
009500d0
00a80091
008a0079
00a70089
006d0085
0085008b
007b00c5
006b00ab
007f00b2
0091006d
00bb0090
009a008e
0083007b
00840076
00680069
006f007f
006d0073
00990097
005e006f
0090007f
00a20077
0092005f
005f00c2
00730089
00a60091
008f007e
009700b2
0097007b
0080009f
00a500bd
00b700b6
008500b5
00c7008d
00a00096
008700ad
00a10074
007b009b
00b10080
00a300ae
00b3006a
00750072
00b10065
008a007f
006a0088
0068007b
00860075
0081006f
0067008f
00a200b8
00b300a7
00ae0069
00b5008b
00ad00aa
008a00a2
00bb009b
00b0008e
009f00ea
008f00bd
00c100ad
00790092
00790099
009800c8
009d005d
009e00ae
009a0067
00770096
00690092
009a0099
007e0071
008c0083
00b10097
0097006f
0084009a
00a00089
008e00a9
00b50084
007d0083
00c5009a
009800a3
00d10089
0081008a
007a007a
009b00a5
009a007d
009600a1
00760098
007b0048
007600ab
0073009a
00d100bf
00bd00de
00820091
00920079
00f50099
006e006f
0083009d
0090007c
009f0085
007f0083
00da009a
008100bd
009b0086
00b800a5
009100a7
00870083
00a600c0
00850098
00d200b2
008900a8
00b300af
00580068
00770067
006b00b3
008200aa
006f0082
0073009b
00cd00b5
00af00aa
00a30090
009300dd
00a20086
009d00a9
008e00aa
0097007b
0096007d
006f009e
00c20091
007500ad
009e00d1
00a500a7
00c600b2
0086008d
00aa00a5
00b00080
00700069
0075009a
007f006f
0091008b
00a20063
00830085
00f20097
006a00a0
007b0092
0097006a
00930095
009b0083
00b800b2
00a2007b
0075008b
007d00da
00c3007f
008c00e2
006700ba
00990091
009100b3
00bb00b6
00a1008b
009600ab
007f005e
00720081
007c0071
008e0063
008400c8
00a60075
00af007b
007400aa
00670089
008700f5
00a00069
00aa00b3
00850092
007200bb
008f0098
00ae008b
00ce00ab
00a800cd
007200ae
007e00a2
0092008d
00c500ce
00a50099
009d00b8
0063007e
006f007d
005d0077
0082006e
00a20075
008d0092
00a80072
00c50079
008a00b7
00990093
008f009a
00850082
00bf00b9
00a90089
00b0008a
00b9007d
007300b0
00bd00b8
009200e0
00800097
008e009a
00810085
00a200b8
008200a7
00660069
0085007e
005e0075
008a006a
00900066
007a0092
008e0075
0085008c
00880068
006f009f
00c900c7
007b007f
0098007a
008d009a
009e00b1
008000ae
00a300c8
00a1008b
008900b6
00a9007e
00890088
008d0096
00e900aa
009900ca
00a1005d
006f006e
006d00ad
008d00a9
009a00a3
00a10075
0071007b
009f006a
009b00b9
0099006e
00a80082
0095007d
0082008d
00a9007b
008b00b8
00c3009b
00b80096
0087009f
00a20092
0097007e
008f0087
00d30085
009e00b1
009300bd
008b0066
008b0057
00880086
008f0077
00a70098
0072008f
00bd0099
008a0086
0089007b
0066008d
00830084
00f100b5
00a500b1
00d200bd
00a300bb
008500a0
009800a7
009200a6
00bd0089
009f00b0
00ee0096
00c700cf
009e00a9
00ad008c
00a50070
00810089
0079008f
00680087
00660098
0091008f
00920097
008f0082
00e50097
00b0009d
007e007d
00c500a2
009d00c5
00ba0089
007e00bd
009f0082
008a00ad
00a100a5
009500a8
009900a0
009b0091
009a00be
00990096
009100b2
0075006d
009d0075
00a00071
00aa0066
00740081
00ae009f
00740077
008500b2
006600a2
009b008c
007f008e
007900b3
0093008c
009e008f
00a600bf
00a3007f
009100ab
009100b1
00d300cd
009f00eb
00a800bf
00af0095
00c000a6
00ad0092
0057005a
008d0083
00630086
006f0095
0071006a
008e005e
00bb008e
009d008a
007e0081
00a8006b
00a000a7
00b80062
00a10077
00f5007e
007b0089
009200ca
00850087
00bb0077
00820076
00a60099
007300b0
00a800a1
00aa007e
00ad00e9
006d005d
009d0072
0088007a
00710085
005d00ad
00d10073
00950067
0096008b
0074008a
007800c7
008a007a
00b10085
00ba007d
00ae00c3
008900b3
00b6009d
00a300af
00a600be
009f0081
00be008c
008e00c7
00da0089
00c600ab
007b00a6
007f0075
00740070
009500a0
006e008b
00a000ae
00a1008e
0095006c
00920099
00720092
00bd00be
00b00088
00880093
0066008f
00a200bb
0087007f
00a70098
007f0087
00a000a1
009900e8
00a100bf
006f0093
009f00a8
007d0080
0093007b
007a005b
00810092
0067008d
00750098
00b100a9
009e00b0
007c0093
007300c2
009b008f
00930079
00a50088
00af0087
008d00ab
00a9008d
00b20092
00a3008d
0097007b
00790092
00720087
00ad008e
00c80069
00dd00d1
0082008f
00960092
00840051
008f007d
00a80096
006500c9
007e0073
00a0007b
007500b2
00990097
0093008a
0090008b
008100a7
006b00a8
008e0097
00e9007c
00bd0083
00ea0099
00870091
008a009f
00b8006f
009200d5
00810095
009a0103
008b0078
00a000a8
00990057
0076009d
0063007d
00ae00a9
00710085
009e0079
007300d0
0095007a
00b1007f
008d008e
009700af
009500a6
0097008f
00a80095
00c100af
009200cf
009500a7
00bd0089
00de00ca
00860098
00cf00b6
008e00aa
007c00a6
00c500d1
007f0074
008b007e
00ab008e
00650091
006600ad
0081006f
009100a0
009100a7
00710093
0075008d
008b0093
006b007c
0088008f
007e0077
009b0081
0097007f
00a900fd
007b0087
00dd0095
00b800c9
009d00b6
008f00b2
00b10081
00a7007d
00820071
007d008f
006d0067
008100d3
0091006b
00840132
00dd008a
009e0064
0083007b
00900067
00ca0099
00a100c0
008200a2
009b008c
007e00b6
009f0051
008f007d
007700a0
00a700ab
00a50095
00990087
00840079
0087008b
008100a0
0065007d
007500a2
0061007a
00650071
009e0066
009000b1
0075007d
00780082
00770063
009f009b
008b0065
00b30071
009200a5
0081006b
006f008a
00b30086
00890090
00a60088
007c0088
00b3008f
008d00aa
00a500a9
0082007d
00b30084
00630052
008b006c
006f0074
006600c2
0063005e
0079009a
00810086
00b30072
008a0087
00b8008e
00ca0097
00af0086
009200bb
00b00093
00980086
008d009e
00c00086
008a0086
00a700c6
00990082
00d9008d
00a0009b
00a1008e
00a800ab
00750077
006f00ae
00a3008f
00910095
00770096
00890098
00a90086
00b20079
007b0096
0072008e
00aa0081
008800e1
00c5009e
008b0093
00a000b6
008d00a0
00830089
00ba009a
00b1007d
00a000b0
00d50098
00a200ab
00a80087
009b007b
00610072
00ba0074
00d80090
00c9008f
0071008a
00e100a5
009f009d
0071008e
0080008f
00aa00b5
00790095
00d800aa
008d0095
009b0090
009300b6
009900ae
007d0081
00b60093
0096007a
00c100d6
00a90091
00a300e8
00bf00ca
00c600b9
0056007a
00890062
00890066
006f0065
0083005c
00a200b3
00740075
00810081
008d006d
00770075
0089005e
0078008b
00720093
008a00a7
00b9008b
0075007f
00f00081
007a00ea
00a700a7
00a0008b
007e00ef
00b200a9
00b9008e
008d009f
0064005e
0070007a
005d0092
00710073
007d0073
008f0071
008f00ee
00b100d5
007200be
008200b0
00c20075
00720092
00ab0091
0098009f
00970092
00bd00ce
009600c1
00a30090
009900a2
009500be
00a200c0
006c0095
007f009a
009e0095
00b60078
0091008b
007100a8
00af008b
00cb0093
00da0097
0072008e
009b00ae
006900a2
00de0071
008800b1
00a10089
009a00ab
008a0084
009200a0
0075008b
00cd006b
008300af
009b00ae
008e00c1
00aa0083
00de00ae
0088009a
009b00a0
0064004c
008200a8
00840085
008600a0
005f00cb
00ad00b1
00770067
0083007b
0085009f
0067009f
00b8008a
00d2008f
00770097
00f00098
00900097
00ff009d
007b00b8
007e0092
008e008c
00b80089
00c6008f
00b000bf
008d00b6
00c300d0
00790066
00a70083
006e006f
006d0092
00670097
008d005f
006e008a
009b0083
008e0067
00a700a6
00c600aa
009b008c
009200b0
009f0071
00a1009b
008a00a9
00a00082
00a50091
009600b0
00b300c6
00a5009f
009800b1
00970081
00b700bf
00850072
008d00a1
008d0077
00b5007b
007600b7
00fe0081
006a0088
00b90078
00a00092
00920083
00990096
00af008b
009b009d
00d8005f
009b0090
00710095
00a70081
00910075
0075009a
00ef00a3
006a008a
00890083
007500c8
007a0091
0053005e
008e008e
00980081
008700ae
00950089
00d1007f
00b5005b
00850088
008d008a
00a6006a
009300a6
00c100c3
008b009f
008300a1
00a70091
009f00a3
009f00b0
00a80085
00b700a3
008a00d9
00b300ae
00b500aa
00a10089
009800a2
0073008d
0092007e
008d007b
009b0074
00620076
00c8009b
0089008e
0086007c
00a0007d
00a7006a
008a00a8
008a00ab
00c000b1
008700d2
008b00cd
00a500ce
009200ba
00960092
0084008a
008c00a8
00e900ae
0087008e
007900c1
00f5009e
00760066
00910081
006e00b0
007600f3
005a008d
00660077
006a0093
00a50078
008c0087
009d00d0
009a0096
009300be
00ad00c1
00a300bd
00910096
00a500a3
00a300a2
007300a5
00a10083
00aa00a2
00a2006f
00b200be
00a300a7
00a10095
006a004e
008a009e
00bb0085
00a300aa
00e2007f
0084007d
00820083
0082009f
006a0077
00ae0093
00b9008c
009f0098
0087007d
00d6009a
00790082
008a007f
00cf00c3
00cb00a8
0079009d
00b3009d
00ce008b
008700a9
00ea0092
009d0095
006f004f
0087006e
00880053
0070006f
008c00b3
00730079
00c700a2
0083006a
009b0087
00850074
00950098
007e009e
00a000a8
009f008b
00930099
009800ae
009800c6
00a1007b
00a20095
00c0007a
00ca0089
00be00cf
00a60092
00a700bd
00810092
00900068
009f00aa
00af007f
007e0090
00a700bb
009a0086
008200a8
008e0090
00cd0082
00c20098
0077009d
008e009e
00bd0077
009e0083
0087008d
00a50085
0076007d
00ab008c
009a00cf
00a10079
009f0098
007d008b
00810088
00720078
00a9006b
007300a5
007c007a
00980079
00720097
00820073
009d0066
009f00b3
008e0083
00980079
009b00a2
008400e0
00a8008e
00c3007e
007b008c
00a90099
00990095
00b8008d
00ff0080
00b800ca
008b00da
00b80097
00950093
008e0055
00a20068
007200b2
0082006b
007700b7
008e0082
00a3008a
006a0062
008e0080
007a00ad
008d00a0
009800c5
00a1009b
00c900a1
00ad00ad
009100b5
0084010a
008300b9
00c100b3
00860091
010900bf
00b10078
00f700a3
0095009d
007e0077
007b0086
008c007e
00700084
00690088
00800080
008e007a
00e6007e
0077008a
009b00a0
00a0006d
0072009a
008e009d
00b500a5
00a000a5
00bf00af
007a00c6
00d5007a
00970098
00db00ae
00c50088
008500bf
0095009e
00e8008e
0082005c
00710060
00b30083
00b80076
00860098
00b2008d
007000aa
0099007e
00860099
00810077
00e800a9
0095009f
00a10091
0075008d
00b0008e
00780090
009200b6
008b009a
00ae009f
00af00b3
00980095
009000d0
00b900a3
00c50092
006a0082
009200b5
00f9009f
0087009e
0087006b
0096007f
00920087
008e00bb
006a0090
00a000d7
00a20084
00a30085
00730095
009a0070
00ad0086
0098007e
009900b0
007a0086
00ad00a1
007a0085
00a50080
00a1009d
00b200a0
00db00ae
00730054
009f0086
0081006b
007e00ca
009200a8
009000b7
008900ab
00bf00d2
00770092
008800d5
00980073
006d00a9
008f0083
00820096
008a008e
00790096
007300a7
008300d5
00a60075
00a100a3
00c200b3
00870075
009f00b8
00b0008d
00a700a7
00790082
0066007d
00950082
00890077
00b50066
00b3009a
00b20083
0077007e
007b00a8
00c800d5
00a2009e
00920091
009f006a
00b50091
009100a9
008f009a
00e6008f
00a100a8
00b200e5
008500bf
00870082
009e009a
00950085
0074007c
00990085
006600d1
009100a3
00860087
007b007f
009300b2
00a60061
00790079
00820095
00a200c0
00a60080
00b000bd
0092008b
009500b0
00720096
00a900cb
00780085
008b007a
00ad00b8
0087007c
00bf0083
00d500a2
00d8009d
006e0087
009600c1
008b00c9
0099007a
00670087
00bf00bb
00e70079
009800b8
008100bb
00830091
00970076
00890099
00c300ab
00b9009f
007700b8
00860087
0082007b
0078008e
008a0096
00ad00a6
009600b8
0091009a
00b700a0
00a000a0
0077008e
009d00c2
00700067
00920075
0052008a
0087006f
009d008a
00870096
0089008b
0088009e
007d0099
00830072
00aa007f
007f00a2
009300e5
008900b7
00a900a5
00a1008f
009e00ad
008b00ae
0098008e
00ab009b
008a0072
00c0009d
0052004e
0089008b
0075008f
008900b0
008100ba
007b008a
0091009b
0092007a
00b200b2
0091006f
00a10082
008b00d2
008e009a
00ab00a7
0098007a
00fe0098
008b008c
00aa008e
00bd0087
007900c7
00a100a0
00cd00b6
008d009e
00a800b3
006b005b
00750082
005f006a
00990098
00720072
00880081
007a0093
00850082
00770085
00c1007d
009f0095
00920089
00b20095
00ef00a3
008d0089
008e00d1
00b30086
008e0093
0075008f
00d9009e
00ab0080
008100a0
008e0099
008d00a6
00520076
0073007e
0098005e
00b60063
0063007e
00950095
008a006e
008f009d
00c90076
00920074
00a100c1
008a007f
009d009d
008f008e
00b50085
009100b1
00a0009a
008f00a8
00b600a0
00a9006a
006e0082
008400be
0091009b
009b00b5
00770058
007e0089
0073006c
00c600a0
00990086
007200af
008b0083
00ab0074
0070007d
007d008e
009500b6
008600b0
00a30082
00b3007f
00a10086
00ab00a6
00b6009f
006d007f
009f00c7
00a80098
00840099
00af0077
00b800a2
008e0099
0071004f
007900d1
006900b2
007f00b8
009b0087
00be0099
00970095
007400be
00c600b1
006a0090
008700af
00770082
00ee007f
0093009d
009800a1
0097009d
00aa00c7
00af0086
00c6009f
009e009b
00980095
009200a1
008500c0
00af009b
00740055
005d00a5
008b00b3
00b2007a
00980087
009900a0
008e006d
006a0082
007b006f
00770097
00a30072
00b50099
00b9008e
00a100a5
009600c6
00b70099
009a00c5
008900a2
00ad008b
00a800c8
008b006a
00be009d
00b000af
009f00a0
00c90059
008c008b
00c6007b
00c7007d
00920087
008e0062
00a60069
008e0082
007f007f
00dd009a
00e300b9
009d00b2
008d0099
00e80087
00c3009b
008700ab
007c008e
007b008e
0088007f
00a10098
00b50079
00e500a9
00a700b5
00b1008e
006d0061
009d0070
00a9007b
00a50095
009d0081
007a00e9
007a0067
00c90095
00bf006b
008f0082
007600a9
00ad008a
00790099
00870083
009700a5
00be0095
008c0086
007f00b5
009d00a0
00e1007b
008300aa
009800a2
008b008b
008600b0
00890053
006b007a
006b0088
00830082
007a0079
00840090
00cb0079
00c0006e
006100bf
0072006f
00ad0072
00cd0099
0073008c
00c00083
008d00d6
00ae00c9
0091008b
00980083
00ad009d
008b00b5
00b200ba
0099009a
00840079
00ad008b
00800052
0089007b
00880066
0083009d
00d00071
00730076
00990088
007b009e
00830089
0072008b
009d009a
007a00ab
009f00ce
00770060
00bf00cf
009d00a8
00bd0085
009e00ca
009600b9
00a10092
008d00c1
00b2007b
00be00a7
008d00c5
0098005c
00820088
008900b6
00b7009e
00ce00c9
00650082
0093007f
00d600c7
0087007a
00a8006d
009b0095
0092007e
008100ae
00e7009a
00850092
00d000a2
00ed00b0
009e0095
00b2009b
008b00a3
009800f8
00e900b8
00740099
008900b0
00a3005e
009a0061
009d0083
00ba0102
0099006a
008e0096
008b006c
006b009b
00980069
00760071
009500b5
00820071
00960092
008a0095
00a500b1
00aa00aa
00a0007c
009200ab
00b10092
00a9009a
008d0096
008b00a7
00cb00a2
00a900f5
006b005a
00870062
008e0074
0066009a
005d0060
006500b7
007d0059
008b00b1
006b0092
007d0098
00830089
007d00cb
00a70076
008000b0
00910073
00a50095
00ba008b
008e00a9
00c10087
0080009e
00a600a0
00ad0087
00ba00b1
00a800a5
008e0054
006900b7
00920082
00990081
009d00a1
007d0073
008b0068
00a30098
009b00d0
00820077
00980093
0075008e
00b700af
008f0092
0085007e
00a200cd
008e00ab
00ab00e1
007d00a5
00b80093
008b008b
008c0090
009f0098
0092009a
006b0050
00730084
0081006f
005d0084
00870076
00c300c5
00b50091
0099008f
00a0009b
00c000bd
00c5007f
00a5007f
009000b0
00b5008c
008e00a8
00b3008e
009300b1
009700c9
007d00b8
008f0088
00a100b2
008a00a7
008f0076
009300a8
00960043
00740086
008f0082
007a005b
007f007c
006d0074
007a00a7
0071008e
005f008e
00810075
00a1007c
007600db
008300ef
00a900a3
00a80084
007c009d
008d0089
0087009a
009d00b9
00da009d
007700a0
00790140
008200d9
008d008d
008b006d
00ad00b0
00870089
00780077
00700091
00a70080
0099006f
006e00a2
00870085
0087009d
00af007f
009300a2
00c1008b
00990072
008a00c1
00f800a0
009b009e
008d00a8
00b000ad
00960087
008200ab
008b00c1
00750082
00a000b2
007e007d
008a0086
007a0085
0095008b
0079007e
00820084
007e0093
007f009d
008b0076
00770097
00950095
006d0083
009500b1
00bd00cd
00b800a6
00a30086
00b10071
008a008b
00b500b6
00a200c8
009d0083
00c000b2
00ab0095
00c100c6
005d004f
00850075
00690071
00860096
0097008a
00890081
00a90072
008f0097
007400a7
008e0090
008b0089
008500a2
00850072
009b00a5
008f0083
0097009d
00960089
008d00b2
006a0077
00b600b7
00880083
00a900c3
009800b5
00a900c5
009a0067
00a70085
009f008b
00980089
0091006c
007f0076
0087009f
00a20096
00a9008e
007f009a
007500da
0093008e
00b500b8
00ba00c6
00aa0079
00930095
00d800d2
009500b7
006e00a2
00920089
0095009d
009900b9
00c3008a
00ad007f
007d0061
0073008f
00990073
00eb00c6
00a3008e
00860069
009000d8
009900a2
00a0008d
007200d7
00b8008c
0090008b
00a300a3
008000a6
0083006b
00cb0100
00ca0098
009d00a9
00a7008a
00930099
00810107
00af0095
00930095
00c800bb
00a60079
0098009a
007900a9
007e00c5
008e00b5
0082009a
00980069
008f0099
00ab00a9
00a30067
0091009a
009500b9
00c5006d
009d008d
008d008f
008b00f0
00a80096
008700c0
008b0095
00830093
00ad0130
00d100aa
00f600a3
00b200cd
00920087
00760090
00790086
00ae0092
008900b3
00a7009d
00890068
009e0098
00950087
0071006f
00c10080
008600c0
00ba007f
00900089
00aa0081
0089008d
008900bd
009100f0
00b100d2
00a6008b
00cf0087
00b800b5
007100a1
008b00a3
006a0050
0068008c
008f0077
007d00b7
0095007c
00c7009a
00730072
009a007c
00bf00a6
00ae0066
00930085
007d00a9
009700c8
00920086
009e0090
008400c8
00890129
007b00a6
00ce0084
00920086
008a0078
00a10093
008b0092
008700a0
006b0040
0096009a
007c0089
00aa00a8
0079008d
00830074
00970089
0060008d
007d009b
007b00c3
009000e9
00a20092
009b0093
008700af
0085007d
00b60083
00c60097
00a70095
006d00ab
00a300a0
00af009a
009f009d
00c500e7
00b700bb
006c005f
00ae008f
007e0079
008300a0
00850089
00770061
007100a0
00910077
009100b8
007f007c
00b1009b
00af0092
00a10079
0097008a
009200cb
006b00c5
007c00b1
00860087
00a20092
009600d0
0076009e
00b30075
00eb00a0
00c9009a
00720060
0095007b
0066006f
008f008d
00870064
00ae0087
007a006f
01010098
006b0070
00680086
00aa007e
007d00aa
00be008a
00a600b3
00ae0081
00bd008e
00a80098
00b000d3
00d2009e
00b000a9
00a00081
00ca0081
008b0079
00cb00b2
0067005c
00990099
0076009b
007200d3
0085006d
007200c3
00a8008d
00bd00ab
0067008d
008100a8
008500be
008300a2
00770089
0083008c
008e0093
00c300aa
009500a8
00a50092
009700a9
00a70080
00b500ad
00c300a8
00cd00db
00ab00a6
006b0061
00a8005d
00790081
00980077
006b00b0
00790065
00820071
007c0071
00d9008f
007b0099
00b900c8
00930073
00a70087
00910081
00a700e3
00bd0092
008100d0
00ad009b
0099009b
00920086
006700d7
00e90082
007f00b9
0098008e
00830073
008f0070
00650097
00af0075
008d00c9
00a10081
00a10093
008c0086
008a0079
00a80077
009100b7
00a2009a
0085007d
00a50088
00b500ca
0095008f
009100a0
008a008e
00a900c1
008e0082
008e009f
00e000d1
008f009b
00a6009e
008d0059
008b0073
006f007b
00e50084
006f0072
00a90075
008f009f
008b0072
00850075
00a300ab
0096008f
008e0088
00db0083
00a200ab
00860076
00b00088
008100a0
00900098
008200b0
009200b5
00b100b0
00b600be
008e00a6
00b200c2
0065008a
005e0072
00da007c
008f0091
00990065
00730069
009b0087
0095008d
007a0092
00a00069
0082008f
00960089
00830092
008a008a
008e008d
00aa007f
009600ae
00ae00a8
007a00f2
00c7007e
008f0096
00ca008b
008d00a9
00b200b0
007c0089
008700aa
007d007c
0093008b
0074007b
0093008a
007900a9
00a20074
0083007f
008f0085
007200b0
00ae0079
009800a7
00a50092
009100d7
009800d7
00b000c1
00a10067
009600ed
00a50096
00c900c8
008900c3
00bb0084
00be00b2
00d30053
0092007d
00670090
0091009d
00770065
00730077
008d0089
00960070
00750081
00950088
00ab007c
009f0095
00aa0076
008a0098
00930095
00ad00a2
0083009b
0099008a
009900aa
009900a1
009500f7
007a0089
00e6009e
00b200d8
0075009d
008b00a5
007d0089
00b300cf
006d008b
00b00095
007e00bb
007b00d7
006d00c0
006f0076
00d600b2
0072008b
00a700a7
00bd0080
00ae00ba
00670072
00be009f
00960088
008f009a
00c600b3
009f00e5
009700b3
009700a9
008200a5
0077005a
00c1007d
006b00a9
0099006d
007c0072
00800082
00710073
00e1005b
008000b3
009e0088
008200be
007700d6
00b50092
0081009f
00ae007c
00c1009b
0077007f
00b7007e
00b7009a
009b0081
00e800d8
007f00a1
00d100a6
0092008d
004e0077
007c0087
009f00af
00770092
006c00be
00a20074
007e0075
007c008f
00910069
009d00bb
009a0087
008600a6
00ca0079
00700097
00b70090
0092008a
00c500a8
008c0087
00b80093
00820089
00bf009d
00a0008f
009800a2
0088008c
008d004e
00890092
0066007a
00bd0076
006300c7
0069009e
009f0072
00b8007b
0086008d
00770098
0079007a
00ab009d
00a200ad
00800086
007d00a9
00a70098
008a00a7
0098009b
00c100d3
007e00a7
009f0099
00960092
00cd008f
009e0095
00b9007b
00920069
00860085
00690057
007c00ab
00a100bb
0054008a
00aa00b2
009100b3
00990092
00a60086
00b5008f
009a00c0
006900a7
009e008e
00c70089
00df0093
00a50082
00910082
009a007d
00ad00a1
009800ad
00a00091
00a30099
009b004e
0071009d
00710099
008d0071
007d007e
00ae0063
00b90095
008d0072
007e007e
008d00a2
008f00a6
0096009e
009300c7
00900086
008e00b8
008d00b8
007e00aa
00a20098
009f009f
00b900db
00ae008a
00ad009d
009600a9
0098009a
007e003c
00a7007f
00b7008a
0066007e
00730084
0059008d
008c0086
00b500aa
00900092
008c008d
009100c1
00a60085
008500b0
00b7008e
00a50096
0096009a
00aa0092
00ad00a6
00be009e
00990083
00b700ba
00f90088
00ad00b2
00b30091
006f0056
009600b3
009200b8
00980082
00c60089
009700b8
008600c5
007f007a
0086007b
00860098
00e70091
006600b6
00a60073
00b50096
0082008a
00a200e0
00d80095
0081008f
00d60088
00b90099
009a009e
0088009d
008d009e
00d2008f
0069007b
0081007e
008800d8
00a60086
009a0052
00750075
007f0081
008a0099
00970087
00850069
00ba006f
00850078
00af00a5
008e009a
007f0099
00c2009f
00e000af
00b70081
00ad008b
00b700db
009200b5
008b0099
00be00a9
00cf0086
006e0055
009b008c
00690083
008700ab
009b0077
0089009d
008e0086
00c2008b
006a006f
00b6007f
009800a5
00b80085
00910099
00ca006e
008e00d3
00ae00af
00aa009d
00a800a1
00780096
009d00a3
00b500b0
00b000a6
00d100c3
007600a7
0073004b
00aa007a
0076007f
008300ba
00870077
007a00b3
009b0098
00920095
008b007c
009b009a
00ad00a1
00a3009b
009500fe
00a20089
00ab00a8
013500c3
009300b5
009700a8
00900079
00b700e9
00ae00ae
00bb0096
008a009e
00ad00d8
0092005e
00720066
006f00ad
007600a0
00be0099
006e0085
00970071
006b00a1
006c009e
00990091
0083008e
00a5009d
01030088
00ad00d3
00970095
00b20097
00a30085
00800089
00ad0085
00a90091
009800b3
00ef00b5
009a00a9
009500e3
008b004e
00750079
00b90077
0091006b
00870068
0085007b
00b8007f
00c60086
00a2007f
006f00b0
00a50083
00930079
00b800ad
009f0098
00b600a6
00ad00d5
00e9008f
007e00a2
00a300a8
00cd00ab
009b007d
009d0096
00b200aa
0085009b
00620092
009100ab
007e00b9
00c0006c
006a0066
009b0085
00a20083
0092007d
007e00a7
006b006b
00a7008d
00a3008e
0073008e
008a0081
00810079
0080009d
009700a8
00a50089
00b300bf
009700a1
0090008e
00bb00bb
00bf00b7
009f00b7
00690044
00910099
006f009a
006300c9
007500a1
0076006f
009500b0
00da00a2
006d00d5
00a200bd
00c10091
006b00cf
007c00a2
007e0096
008b0101
00de007f
00be0096
009d0084
00d700a3
00b8007e
00ad009f
009700fa
00830091
007a009d
0058005d
0077007e
0067006b
00a10095
0075006e
008d00a9
008500a8
00980086
009b0099
0097009b
00a70085
008a009a
00c50078
00a500aa
00ca00b7
00ad008e
00c10096
009f0089
0101007a
00a6008d
00e100b0
0068009d
00a500cd
00fa008e
00970097
00b600bf
008a0069
00a600c8
010d00a0
008800af
007d0099
009500dd
00af0089
008f0091
008a009d
00a1009f
00b10083
008700ab
00b00085
007b00be
00a3009d
0089008a
006e009f
00950085
00800092
008300b2
0082009a
009a00ae
00650053
008d007a
0081006b
007f0085
007f0067
00880077
00a1007d
00b80089
007900a5
008a008b
00d1007f
007d00c1
00660083
007900a0
00c800ad
008d00ce
00a100bb
008300da
009f00af
009b007a
00a1008d
00c000ab
007800aa
00830078
008d005a
008c0084
00de0099
0095009d
00610088
006d00a5
008d007d
00c60098
00a30091
00720070
007d00a0
00f10097
009b009f
008b00a0
008f0082
008a00f5
008e00a9
00950099
009d0087
009d009a
00c200be
00bf0091
009700e9
00a100b9
00860063
0072007b
009a008f
007a00a7
0086007e
00bb007b
009800dd
0096008d
00850091
008d00c2
00cb00a7
0083008e
00cd00be
0093007e
00b000a3
009a00c1
00c100da
00df0092
00b60087
0093009b
00aa00bd
0091009d
007600b7
00b70097
00810057
00790071
008100ab
00a1007a
008900a2
007b007b
00710077
00820082
009d00a2
008b0092
008c009f
009200b1
00b2009f
009f00e0
00ad00a2
00ad00be
009f0095
009a009a
00ca00c0
008500ba
00e5009d
0092008b
00c000c8
00bb0083
00850066
00990085
00d20084
0082008b
0064008e
007f008a
00c70080
0080008f
007c0076
00a3007b
008f008d
0085006f
00ba0081
009f006b
00c20090
008a009a
00d20087
0081006d
009b00a3
00c300c7
008300a5
00b90107
00a30095
009700ba
00870099
00690070
007f0078
008d008a
006a0076
0079006b
009500bd
008b00a3
00810074
006f0067
00a9007e
008b0096
007b007d
00960081
00900096
009e00a7
00b6008e
009000d5
00bf0087
00980092
0093008a
00b2008a
00d000a9
009b0091
007e00c6
0081009b
008d0077
007200a3
007a00a3
008200b1
007000b1
008b0086
009b00aa
00960084
006f0088
007c008e
00870090
00b90093
00c80074
00ba008f
009b00cd
009a00a3
0093008c
00910098
009300b1
00c200ad
00b000c1
009e007b
00d6005b
00ad006d
0091006d
00830063
006c0085
00970077
008b007f
00750079
00aa00b7
008d00df
00a60077
00a80099
0085009a
00c300c8
00800098
00ab0086
00820097
008d00b2
01080087
009800f7
00b100a8
00ba00aa
00b000e1
00980091
00980097
007b0073
00870064
00550092
007e0083
00880086
0076007a
008d0070
00b200b5
00a20082
007e0071
00c1007b
00b6008f
008e007f
009d00b6
009800ae
00af00a8
005e007f
009d0097
00ae00a3
009500af
009d00b8
00c2008a
00ae00f6
009a0049
00b70097
007d0083
00a100a3
00b50075
00870082
0092008b
00810098
0097007a
00a30095
009a00a9
00ca00a5
00860083
00ca0082
00a2009f
00b30087
008d0086
00970068
00a5009f
009f00bf
00750083
009900ad
00b20087
009300a6
006d0088
00670097
00950088
00a2006f
009700b0
00990084
00a10087
0080007b
007d00a3
00980071
009d00cd
00a50082
00a300b7
007e0092
00b10097
00cb008f
00be0092
0083009b
009b00ae
0076009e
009a00d1
007300b1
00b800bd
009200a7
00af0043
007a00c5
00890062
00cb00b2
009a00a9
00c50069
00910081
008a0091
0083007a
0096008b
00870082
0073008a
009900d5
00b000a3
00a50098
00a200d3
00cf0093
00a800d5
007f0083
00a000b7
00a000bd
00b700ae
00c1008e
00b50093
0064005a
00ba007e
00810079
007f0087
00a60060
0077008f
009a0078
007500af
006f0099
009500c1
00a200cf
00a60080
006b0093
0095008c
00ab00b5
00a7008e
00a500ea
00980093
00a800ad
00a600cd
00aa00c9
00c200c0
009600e3
008a0088
00570047
00750064
007700ab
0081009d
006f008d
0070008d
0103009b
00a20089
00910095
00800085
00a500c9
008f0083
00880081
00950069
009f007a
00c90077
009f00a6
00c80086
00d0007c
00bb0079
008e0083
007700bd
009800a7
00be00af
00a10059
006f0058
008400c6
00810081
006b0095
00a10098
0091008d
00ad008d
0083007b
00900075
00e1007c
0095009a
00bf0073
0090009a
009f008f
00b10092
00b700d3
00ae00ae
00960092
009100b8
00d900ba
007f009e
008a00d1
009000a7
0095005a
00660070
00990095
00a60083
0076005f
0081009a
0096006e
00a30081
009f006c
007100b2
008d0093
008400a5
00b30095
00b70091
00c60092
008d0086
00b6008d
00a100ee
00f10072
009e0093
00aa00b7
00b500eb
009d00a1
00c2009e
005d006b
00c30083
010200a6
0070008f
00620077
007c00a7
009a0087
00c60077
009a0095
007f0093
009f0093
00880097
0072008f
00ca00a1
00920081
00bb008d
00860097
0086008f
00b9009b
00ad009a
00f100af
00be008b
00a700af
00b50093
00aa0065
008e0093
007a00e5
006e0096
00a60092
0096009e
00b3006e
006800b5
006c0077
008b008a
00b8006b
00a50098
00dd00d9
00ae006f
00a1009b
0083009e
00d1006e
0083008c
00740096
00a3008e
00be0088
008a009d
009f0081
00b5006c
0079006a
00770085
0082007a
00720084
00c20081
0092009f
00750078
008100af
0083009f
008d0097
008300b2
00a100b9
00920076
00b700bd
007600b2
009300b5
008e008e
0087008e
008100c7
008900c6
00de00a3
00d600af
007d00a9
009700bf
005e005a
00aa0099
00a900a6
0071007d
00750082
00820075
00e10090
00610065
00980072
00d1008c
00910092
008000a2
007700cb
009b00a0
008100b0
00ce00a2
007c0092
008b0095
0083009a
008b00bd
009100ab
00a600ab
009300a0
0089008b
007f0062
008a0091
00600079
00850071
0079008f
008000ae
009a0087
008b008e
00690079
00bd0093
00660091
0092008f
008500a6
00a600a2
009800b5
008d0086
00c70083
00ce0103
009900c0
00a90092
00aa008b
009f00b6
009f00a2
008200bf
007b0061
008e007f
00c00095
007d00a3
008e0081
00850099
007b0093
0096009b
007e00b8
00b700a0
00a000c1
0071009b
0091009b
00a80093
00820084
008800a0
009a00a6
00b300a1
0086008b
00b100b7
00b9009b
00a500b3
00900091
008b00a7
00910085
006c0076
007f0083
007d0085
006d006b
00aa007e
0083006b
008300b5
0071007f
0075006d
00950088
009b0090
009500a9
0072006c
00b900aa
00d800a3
00a50083
00860089
00c50072
008f0082
00f500a1
00e0009e
00bf00c1
00a20095
00760096
006e0080
00a300e5
0085007d
00910075
008d0080
00790065
009500a8
00ad0069
009100ab
0099007d
00b00089
00e700a0
00990088
008e00b7
00890081
008a009d
00ba00b7
009200aa
008e009e
00a30087
00be00ab
008200af
008600b0
00600051
00630067
00850086
006200af
007e006e
00c9005e
00ad0085
008300a9
0070008b
009b0072
007a00a2
00b100a5
0092008d
00d80085
009a00c8
00bb00af
00970084
009f00a5
007d00d2
009900b8
0078009a
00ab008e
0093008b
00bf00a7
005d005b
00e500c8
007e00b8
009b00ad
00870070
00b80097
00850089
00d60085
00760093
00fb00a7
008f007d
006900a0
009a008e
009100a9
007d008e
00bd0096
008a007a
00aa00a5
00950090
008d00a1
00a600ce
00a600a7
008500bd
00b600a5
0068008c
00ad00e3
00a6005b
007100a9
00810073
00ab0060
006d0073
008b0089
00c50086
006d008c
0079006b
008e0091
00a7007e
006d0071
0083009b
00960087
009200a2
009f009e
00b200a2
0089008d
009f008e
00ae00c0
0099008b
008500c1
0059006a
007300a5
008d0082
00720081
007e0087
008d008a
00b70097
00960091
00820078
00910075
00850080
0087008d
00d7009f
00d000b1
009f00bd
00a800b9
0081009b
009200b3
00a100a2
00ae00b6
00ae008f
00aa009f
006e0076
007500ad
00aa0066
00790099
006f009f
007600d2
00690069
00770098
007e0080
006c007d
0061008e
0075009b
009200d8
00bb008b
007d00b3
00c700a3
009600b6
00b200a8
0093008a
008300b6
00af008b
00be0075
00ab0093
00a500ad
00ab0084
0099008a
00690059
006e0061
008f009a
00d00097
00890089
00a700a2
0071006e
0089008a
009e00a2
008b0086
00a7009e
00910092
0092009f
00ba00ef
009600a9
009a00b6
008e0091
00af00bf
008f009d
009f007f
00bf00b7
009f007b
008b0090
00880071
006c0082
008b007d
007900b0
008d00ae
00a30089
00a9006f
00a100d6
00ab0077
00a600ad
0086008b
009d00b1
00a600cd
008b007d
00ae0070
007a00a8
00b2008f
00a000a3
009d009a
0091008f
00bd0089
009b010e
008f00a8
007700b1
00a20096
00890069
006e0085
00730083
00660089
0074009e
0081007c
009d0089
00af0097
00b60083
0085007a
00b000a1
00930084
00910085
0071009a
008600a3
009b0076
0091008a
00950098
00ad00a9
009900ad
00a7009d
0099007f
006f0096
00a70078
00760049
00b1006a
00720076
00650079
0087008f
00ce0088
008700a5
00a10081
00b10090
00a90071
00a20091
00f900a8
0093007f
00a700a5
00a800c8
0099008f
00a600a9
009000e6
009d00b7
00d9008f
0083007f
00b000b0
009f0099
007f0091
00810074
00a00085
007200a5
00930083
009200b0
008e009e
008d009b
00870087
00ba00a0
00bd008a
00cf007e
00660079
009200ca
00b60084
00b80082
00e700ae
009b00b3
008f0085
00d000ad
0082009d
00af00b6
00c800d8
009e00a6
00ce008a
0074005d
00c10096
00a8009e
006d0095
00730097
0085012e
008e0096
00c20105
0073008f
008800c3
00ab00bf
0082008e
0096007f
009e00b7
00a60086
00680096
0091009b
00a00086
0098008f
009800ae
008f0098
00800089
006700b1
008f0092
009d0073
00930079
00b200aa
00a500f0
00960092
00ad0077
00c500a0
00f10092
00a6009e
009e0081
006a00b5
00860098
008f007d
009600b0
00810099
008b0077
00780089
009b0095
00870086
00b60098
009200a6
007600a2
00860092
0073007f
00650054
00740099
00830088
0076006e
0096008c
00920057
00a10087
00a80099
007d0089
006a0086
00930085
009500a3
00810090
009f0095
00a6008d
009700b0
008a0081
00a20087
009300bf
00980086
008100be
00a300d5
00a900c2
008600ad
0083006a
00980071
00840095
00700067
0095007e
009e007a
009e009a
0082009a
00b800ab
008b00d9
00aa009f
00ab0097
00a500b2
00bd008a
00cf00ab
00a900ce
008500a5
00b600a0
00a200bb
00a700c6
008b009b
00a200a8
009d00a0
0088009d
00a8009d
00a000ab
006b0087
00c90083
007f0072
0077007d
00760079
00a700e7
00ae00a1
00bd008b
00aa009d
009600be
00b50085
008e008c
00b500d8
00b3008e
00a00085
009b0095
00a700a6
00890096
009d0099
00a10081
00b60093
00c700b5
00770097
006f0088
0080007e
0072006c
007500a2
009b0083
00aa007a
00bf00a9
009f0076
005700af
0097008e
009e00e2
0081008b
00b90099
009b00b0
0096008b
00c200c5
009600a9
00b10098
00a6008f
00ab00a6
009a00a1
008000cd
00bb0095
007f007f
00830066
00810099
00930092
007200c5
00c50089
00a10099
00c200a0
00c1007d
00ae00da
008d0095
00910092
00ce0090
00c50096
00c5008b
00d800b2
00c000a2
009800a2
00da0099
0095007f
00ab008b
00c80082
00820093
00ae00aa
00730075
005a0081
0079006a
00ca00aa
007800bf
00980083
00930095
008d0076
009b007b
006b00a7
00ab00b7
009900c8
00a60072
00c6008a
00c300aa
00bd008f
009a008e
0097009b
005d00b6
007c0087
008a00a1
00ae00a6
009e00a5
008a0107
009a004b
00820097
0072006c
009b008b
00850083
007e0095
00830093
008a0079
00b10084
008500af
0089008a
00970079
00860080
00a30073
007c008c
00c5009e
0095009b
00b200c2
009300b6
00a20097
00a1007d
0099006d
00960099
00cb00a0
008e0065
009e0071
00960077
00720090
00770079
0076008e
0065006c
005d0086
0076005e
0078007f
00ab0075
009a00a5
00850082
008700c0
00a60097
00b5007f
00a700a1
00b7009f
00b700a6
009b0098
00b00105
007f0086
008e00a7
0077009a
00950059
00a3007d
00660079
00b5008a
00690082
0102007a
006a008d
00a90074
00910099
007f006c
00b20089
008f0066
008400a3
00c30074
008d007b
011700a6
00970085
00b2007f
008200af
009b009f
00c60099
00ae00aa
00c900ef
00a0009a
008c0058
0089006d
00b80088
007c008f
00980086
00920089
00bd00a6
006b007f
0071008f
00860075
00900095
007800a5
008e009f
00b00095
009d00ae
007f00ab
00a100cb
009a00b5
008100a7
00bb0095
009600a1
00f70095
009a0078
00c300ad
006d0058
007b007c
00ba00d7
00cf0070
00650078
009600b0
00bb005a
008b006c
00820099
00730091
00aa009a
006f0097
0098007d
0096007d
00ae0096
009200a5
00e2008e
008a00c1
008200a1
007900bf
00ae0089
00810079
008a00aa
00a70085
00730047
009200b8
011b007b
007f0071
00ab0079
00a20152
00a80092
007d0077
00950077
00ba0079
00830089
00810092
00af00a1
00c60072
0084007c
008b0095
008b007f
009a0095
006700af
0086008e
0097008a
008b0098
00a60092
00b7009e
00660067
009e007a
006f006b
007f008c
00b700bd
009a0064
00a50089
008100a0
007e00ba
008500a3
0083009a
008f00a7
008c00be
00ab009f
0098009f
00ab009a
00a50092
00b30096
007a0074
00ab0096
00af0095
009d0098
00d800ae
00930097
0059007e
00690093
006f0098
0075008a
0085008b
00730071
00620079
00da007f
00870081
00880085
00b8007f
007b0092
008700ab
007d00a3
00c000a2
009e0089
00ab009f
00ae00a3
00a600b2
009500ab
00bb008b
00d9008b
00970069
00d800c1
00870064
00b600a8
00950087
00b70087
00a80093
00ad0087
00890077
00b8009b
006d00b3
0091008d
00a300d7
0089009a
00ae0092
00c700a1
00c100c0
00aa00a0
009e00cf
00ad00ae
009f009b
009a007f
008b00af
00b80081
00a90089
0091007a
00690051
00750062
009f006a
00870076
009a0075
009e00a3
007e007a
0081008e
009a0083
00a0009e
00ad0077
007e009e
00b20096
007d007b
00a80107
00e10093
00a60098
00c00074
00a3008d
008100d2
00a300ce
009d006f
00a300a2
00a00096
0091005d
00970090
00710072
00920072
0084007e
00cb0069
006a0070
008f008d
008200a1
0087006b
007e0087
009300c5
009d008f
00a200b9
00aa009b
00910077
007e00a7
00770078
00aa00ca
00a100e2
007a008d
0075006f
007b00c0
009b008e
00740077
00760071
00bb0065
00810093
007f009a
00910069
009a0076
00970093
00950090
0089007f
0087009d
00a00092
007d00a5
008f0093
00c70096
009f00b8
009200a1
00610082
00a20084
00ad00af
00b000b1
0095009d
009700d8
00950086
00ab0092
0077009a
00cf00b5
00b70077
006e0087
0086007c
00ae0073
00930082
00890095
0095006a
00a2007f
007900ad
00a5006b
008900a1
00aa0092
00910096
00a60088
007800be
00ca00a9
00970077
00d600a6
00a800a6
0089009b
0062007e
00760078
008b008e
0096009b
007c0086
0062008e
00af00b0
0089009b
00c6006a
0097009e
00a7008f
00aa0099
00a20095
009b008e
007f006d
00920097
007900a2
008f007a
00b300a2
00b300a9
008600b0
00c2007a
01060082
00870086
0099008a
00af0056
008e0083
00ce0085
00a8007c
009100b7
00750068
008a0098
007700cd
00b90083
007e0080
00800098
009100e0
00930089
00bd0071
00c80075
008b007d
00bb00ae
00a500a0
00b80092
008200bf
0098007c
009e00c1
00ae00d3
00750083
005a0096
009700bf
00770089
006e00b1
00cf009a
00900071
00af0079
0095007c
008a007e
0087007d
00cd0075
0093009d
00870097
0095009b
008d0098
009800be
00950092
00b30075
00c80088
00ab0092
0091008b
009200ad
0081008b
00ba0089
006a0058
00bd0091
006f00b7
008500a8
00810079
0113008b
00c6008d
009300ce
008500a0
00ab00ab
00a80086
009a00ab
009a0095
00950081
00b200b3
00af00a3
006b00a6
00ab00da
00a70088
007d00ab
00a70089
00a80082
0099008b
009f009e
006c0080
007700a2
008f008a
007d007b
006a0069
007b008c
00930096
00750082
0075008f
00950081
00c900a9
00c600b3
00a800a6
009e008d
0085009e
00c30108
00be00a5
00ba00ca
00c000b8
0096009e
008a008e
00f2009a
009100ca
00e000dd
009d0070
00a80071
0086009b
009900b6
008100d1
00730095
008e0075
009100e9
00830095
009f0092
007500d9
007700cd
008700c3
009300c6
008000c9
00a70097
00b500ad
008a00b7
008b00c0
008e00b2
00cb00a5
00d7007a
00a90092
006e0075
0071005e
007f00a8
0085005e
007a009e
007f0099
00840096
007600bb
00990096
0073008b
0065007c
00820082
00c00072
00a60077
00890090
008b00cf
008b00aa
00a500b0
009d00a6
007a0091
009f00b9
008b0089
00950095
008900c0
008c00c3
007e0072
009d00ab
00550071
00810067
0091006b
00a3007f
00960072
00820083
00b80089
00960091
00a500ba
006600a8
009d0087
00a90074
00a100be
00860081
008800b7
007a0083
00c50099
00b200c2
006500a6
00a300b0
00a30097
00690086
00da00e0
00810060
0065007f
0081007d
0074006e
008e00a0
00bf0089
006f009f
006b007a
007b0088
008700bb
008400a6
00980092
00a2009b
008400a0
008400a1
0089007c
005f0083
00b300c2
009500ce
009600c3
00d800cb
0071008e
008f00b8
00640053
009000d5
008000ad
00c50098
00a10096
0092008e
008a007f
008d00d1
008b00a5
0083008a
006e0091
00a700a6
00b500a7
00a200ab
00830088
009d00c5
00b20075
009600b0
0097009f
009a0093
00910077
008600cb
00b100ad
009d009d
00970081
008e00a8
007a0083
0085009f
0070009b
008c008a
00880097
009900a6
00a2008c
00710079
00aa009a
008f00a3
00b8008d
00ad0083
00aa00b5
00b200b3
00770083
008b008b
008a0092
00aa0096
009900d2
0098008c
008e008d
00740087
007f005d
00c5009f
0082009f
0087009d
006b0081
00b6006c
0097008c
00800096
0097007c
009d00aa
0090009e
0095007b
009d0086
00980086
00920087
00b000a0
00b700a7
00970075
00ab0097
009600c5
00c20078
00e500c7
00d80088
008e008b
005f005f
0072009a
00a60098
00830090
00b900b7
00d00099
00760089
007700cf
00e200af
00a70091
00f9009b
00920110
0072009f
009a009d
00a200ce
00b700a9
00cd0076
008d0075
009900d3
00c900a8
009f00a9
00cd00aa
008700aa
0099009f
005f0093
006e0093
007f00a8
006c00e3
00690072
00c300aa
00840089
006c008a
007e0097
00920097
008f00ad
008300d8
00a20083
00af007e
00a70082
009d00a3
0096008c
00a300b1
00a3009d
009e00ad
009200bd
00a600d2
00b30095
00bd00b6
0079005f
00b1007b
007b00d3
008400c3
008400a5
0080009f
008a008f
00a60071
009f00a2
0081008a
00dd008a
009d00af
00ee00d6
00920072
009e0076
0085007e
0081009d
007100a2
009e008e
00a000a0
00ad0083
00e50087
00bf0098
009100b2
004d0051
00c600b9
008d0072
008f007d
00950069
007b0096
00670072
00b900ae
00c700d2
007e00a0
00b60097
00a900e3
007f00d8
00e7008e
00ab007b
00c200a8
00a00093
008a00c8
007b0075
00a50092
009d00a2
00be00aa
00990069
00ae00a1
00800062
004e0083
008600c0
008d0089
009a009b
00bb0096
00970089
009b008f
008c0068
00a100bb
00b700de
008b0086
00ae0096
007e0097
0099007b
00840089
00c200ad
00b7009e
00a800b5
00800076
00610081
00a20097
00a80090
00910093
008a0069
00820076
00730075
007f00a1
0069008a
008500af
0086009e
00870085
008b009a
00aa0078
00c90082
009d0082
00ca009e
00a0009b
00b000a0
008f0080
009700c1
00a900c8
00b00098
00a80093
00bb0085
00e1008e
00b300a2
00a200b6
00a5006b
0077007f
006200a3
00bb008e
008700a1
00870073
0079007d
00aa00a3
006f0083
006700ea
00b70089
007d0084
00a600a9
00b70097
007f008e
009000c5
00b70083
00b000cb
009b00a6
00be00a3
007900d2
00ca00a0
009a00a5
00a700c9
006a0066
0077007e
00890096
00a50072
00b100bf
006400c9
00b8009b
007b009a
00750095
00c5009e
009100b9
009a00a8
0077007e
009f00bf
00f2007a
00990098
00af00b7
0081007c
007b0092
00b8007d
009e00bf
008f007c
00a0008f
008b00b1
0066006c
008b0089
007b0096
007d005f
00d20085
00c600ae
00ad008f
00b100af
00a20085
007d0092
009600ae
00a8007c
009900af
0089007a
009b00ab
009000a3
00890088
00b200a7
00d600a9
008d009f
009100b3
00aa0082
00a600bb
00860097
0096005c
007c0077
0064007e
00b30079
00730076
00c20095
00a000a6
00a900b3
00ad0084
006c008f
00860084
00aa007a
00e50081
007f009a
007d00bd
007f0086
00b500a1
0098008d
00aa0100
00c200a7
00b3009a
00f50099
00aa009a
00b20085
00850056
00710095
008d00a5
0092007d
0097006e
00710086
00990071
00b000b5
00720079
00930098
00960070
00ab009e
00b6008f
0097009e
00f10097
00c800d2
009800a6
00b600b5
00c20082
00e00083
00c100df
008d0086
008200a9
009500a5
00950057
00bd009f
00c600d7
0098009f
0086006b
00b60095
00630087
007100f1
0092007e
005e0087
00960077
007a008b
009d00ab
008b009d
00bd0077
00a000a0
009b00b2
00df00c5
00950099
00a8007c
00850090
008900d0
00af0099
009f00a6
005e004e
0096007f
0081006e
00920098
00820096
00750077
009b00a7
008700b0
00aa0084
008e0099
00620085
00980082
009e00c6
009a00c5
00b50075
00a600bf
007c0087
0093007b
00b8009e
008f0095
008d00b3
00a2009b
00d000be
00920078
006d005b
008e0083
00720086
006e006f
0071005d
00720079
00a0007b
0064007d
00960096
0092008d
009b00af
009b00c6
009b008e
00760092
00ba00b1
00a700aa
00bb0092
00b100a8
008d009b
0096007d
00f500a2
00c90086
00d8008c
009900b9
00d10079
008a008d
00b20098
00aa00d7
00700093
008d00f3
007f00b7
009800d8
00bf00ba
00810091
00d30079
00b60083
0080008a
00c3009a
00920092
00e800a6
00a900c5
007a00eb
00c500b9
00980089
00a50098
00d500a3
0077009a
00c200b1
009a0079
00b600eb
007f0075
0093008d
006b007b
00970065
006c00e1
00a50093
00740076
00810077
00a5009e
009f0085
00b00082
006a00a2
00b8009e
008b0086
008b009f
0096009e
00e1007d
009a0085
00a900a1
00ae0088
00860083
00ad0091
006f0046
00b000a9
007a0083
008a006e
006a0089
00830098
007d0066
009b008d
00b100bf
009a007d
009200a0
007b00ad
006500b9
00b500a0
009e00ff
00b000b8
0077008d
00770083
00b6008c
00b800a8
00c500e1
008d0093
008900ca
00cd00bf
0075006f
00790089
00810092
007e0072
007d006b
009e0089
00c60075
00910083
00970085
008d0075
0085008a
00770089
0089009a
00cf0083
00b900aa
008800be
007600ab
00850087
00bb0082
009f00c8
00c10092
00bb00b7
009600f7
00c70083
006e0081
00a8006f
00a80087
00a800e2
008200a0
0095008e
006900d0
009f00d5
00950064
008c0096
008100c3
00860091
00b000cd
008b00e2
00bd00a0
00bd0092
008b0082
008e00a6
00a2009a
009700e3
00b500a9
00a10097
00830086
00af00af
0071005d
007f00c8
00ba0079
0077006b
006a0071
00b60091
009e0062
00a5009f
00720096
0097009d
00960089
0071009b
007a00c5
0097007f
00b200cb
008b0095
00890071
00c700aa
00bb0099
00900097
00e90083
009800a8
00a2007e
00ba00ba
007d0051
00700080
007e005e
00a5006d
007a0062
00770090
0087008f
005d007d
00a80086
007300d9
00980093
008f0091
00c000df
00730101
0098008c
00910097
007000a2
007b009b
00b100b1
00b80098
0080009e
00900083
00a800c9
009d00a0
005e0066
008500af
007b0089
00ce00a3
009a0091
00df008e
007d0095
00af007f
0077007f
0087008d
007d00ae
0089006e
008b00a8
00a00098
0074009f
008e0085
00a500c5
00c60093
007d0098
008d00a3
0091008e
00ad00ae
0083008b
007300a8
00920093
006e006f
00b60093
009b00a0
00890063
009e0091
00a7007b
005f0089
009500a8
009800a5
00e100c3
008200a5
00a900b3
00a900a3
009800df
00810096
0093009f
00a000a6
00a300d1
00b6008a
008700ce
009e008b
008d00dd
00a300bb
00d50056
00a70079
00760081
00d7009e
00bd0054
00900098
00b9007f
013700e2
00690072
005500d5
00a100aa
009e008c
00a600a3
00e000c2
007e0095
00b6008f
008c008b
008b00bf
00be008f
00930083
00b0007c
008e00e1
0096009a
00b8007b
008c006a
00980097
00990061
00790072
00810084
00710092
00ba00a9
009b007c
00a10089
006e0085
00c30083
008a0083
009500b6
009d00f1
0086009e
00a500b5
00d90080
009b00d1
00b10097
00ea0089
008c0097
00a600a0
008700ba
00d700d2
00720066
0085007e
008200ad
00a5007e
0096007d
00a6008d
00ba008f
007d00ad
009300d2
009600ba
00900095
0069008b
00fe00c2
00b900a9
00830089
00b300eb
00ae00aa
008900d6
008500b3
009300ab
009e009e
00cd0093
008c00a9
0092008d
006b009a
009300a0
00920096
00980093
00a50092
006e0093
00970079
00840087
009300a9
00a200a0
00ce007d
007a009e
009f00ab
00b9009b
00a600a7
009a0088
00b900cf
00b20089
009900b7
00870093
00880093
00a800b5
00d5008d
00cf00a0
008200a6
0088007f
00ae007e
008d0062
0067007b
0095009f
008e0087
007a0095
006900a6
00c700bd
00a8007e
00c000b2
00a5007d
0082009d
007100ad
00a000a0
0098009d
00a600bd
00c7009b
009d00d2
00830079
00b30087
008c00d6
00a100d6
0076006a
009d00b5
00a7006a
00a900b7
00720064
009d0084
009200a8
00ab007a
008f009a
00870082
00eb00a6
00a80093
007c009e
009a0083
008a0095
00b0008a
00a000b2
00910098
00a900aa
006e00b0
008900af
00a2008a
009300a9
00b000b9
00650055
009d0081
00640085
007e0085
0086008f
00a50087
0093005e
008200a5
008d0091
008700ae
00a900a3
00990097
0072009a
0078008d
00e0008d
009200b2
00890097
00ae0082
00920088
00af00ab
00b9008f
00a600f5
00af00a7
008700a3
006f00cb
00af0073
00870062
00f10091
0089009a
00a9008b
009600a6
007d0079
00920090
009e00e2
00d500c1
008200a2
00a9009f
0092008c
0093009b
00a10095
008c00a0
00a700b8
00a2007e
008100b9
0082006e
008d00a0
00c200b5
00a00088
007d0061
008a00c8
008c008e
00a2008b
008f007b
0078009d
006b009e
006b0092
00b2009a
00ad0076
00990086
00700099
00a300a5
00a90091
008e007e
00c0008d
00d0008e
00d800a8
00a700a2
00ff0086
00b8008f
00a2009b
00a600d6
00c200b5
006b00c2
00670084
008f0082
00590093
005a0097
00890078
008c00c8
008d007e
009000d1
006d009a
00e6007d
009e007b
00d1008b
008a0096
007f0071
00850089
00a30086
008d00a1
008400a0
008d0085
00ca00b1
00b5009a
00a000d5
009800cd
0080005d
0059008c
00b6009e
007d00af
007e0063
00960087
006e00a9
00b8009a
00970077
00b10085
008300d0
0097007d
00a1008e
00a200db
008a009e
00b000b1
009700af
00a60098
009000c1
00a00093
00a6007e
00b500eb
00aa009f
00a800e6
00930077
007d007a
0075007a
009e0087
006d007e
0098009e
007200a6
00aa00ce
00af00c6
00aa0085
008c009e
009200e1
00bb0096
00860083
00830088
00db0099
00c10081
008e0086
0073008a
00a100a1
00b20082
00a50092
0075007f
00c80097
0067004f
00720087
007f007d
008a00a6
00950070
0074006f
00750082
008e006f
007900c0
009300b8
007d0093
00960070
00bd00b1
006a008b
009600ab
00990093
00810089
007a00a9
009e00a9
0095007f
009f0099
00c600ab
00970098
00e6008b
00a2007d
007100ad
005b0096
007a007e
00830073
008f007e
00710092
00ba00c3
00f60083
00920092
00a500be
007a00a9
00ee008d
00d20079
00ad00a9
009200b6
009b00c1
008c00a8
0097006a
00dd00a6
00a9009b
00a5007e
00d200a3
008b0077
00830051
007a008e
007b0077
00640071
00930093
010600d1
00a30086
007d00ad
0093007d
00bf0074
008000a0
00a2007e
00fe0086
00be009d
009700b1
007a009d
009d00af
00b600a0
00910087
00a200c2
009300b7
00c900ae
00960092
009f00a6
0083006c
007b0075
007f008d
009300ae
006e0091
00b10073
00a800c5
0091009f
00a20087
006f0080
008a0087
009500ab
00a900ba
009a00a7
00c200b0
00a50085
009200b0
00a30092
009b0095
00c600c1
009500ad
00970084
006d0098
00d100a2
0095004d
008d0093
00bb0081
00c100a1
00b50085
01010109
00a80079
00750087
00c30074
008e008e
00cd00be
00a1008f
009f007f
00900099
00ae0089
007d00a1
00a800b9
00c70089
00b60099
009b00ae
008c00ab
00bb00b9
009300a9
01000083
00b1006a
00700095
00b6009f
00aa00e1
007700c9
00ba006b
00a30085
0087008a
009d007f
00f1009e
00b10086
0083007f
00cd009e
00ab00a6
00970086
006e00a5
007a00b0
00aa0095
00d3009e
00990086
00d7008e
00990073
009b0076
008a00a5
00750073
009a0069
00920075
007a00b2
00830065
0086009d
0097009a
007c006d
00a10083
00ad0089
00ad00c5
00a00095
008d00bb
008e0080
00820098
00ad009f
00c1009b
00d700bb
007d00b0
0087007f
00b900de
00990098
00a000e5
008d0086
006a005f
007a00a3
006e009b
008f00a6
007d008f
00920075
00a30091
0092009f
00bd00bd
008600a1
008b007b
009700a8
007f009f
00b200a6
00b7008b
00af00b2
009b00a0
008e0085
00a50098
00b3009b
00a100a1
00ad00a3
009300bb
008d009e
004b004a
008200b3
005f0086
00640086
005e008f
009700a6
007f0097
0077008d
009900aa
00880093
009f007f
008c0092
007f00a8
009900af
00b6008a
00ab007c
00af00ae
00b6008a
0082009a
009900ab
00cf00a0
00cf0096
00d100a0
009f00da
005800a0
00b3008e
008d00c5
00a000ca
00b5007d
006d00a9
0085007f
009e008b
009900ef
007f008b
00b60076
007f007a
00850077
00ae0072
009900d6
006d008f
009d0086
00a5008b
0089007a
0092008b
009300ee
00c800ae
00900090
00a60082
006a004f
009a00d0
007a0085
008f0085
009a0098
007a007f
0087006e
00d600b8
0088008c
008b00a5
008e00cb
006d007f
00b500a3
008c0087
00bb007c
008600a6
00b1009e
008200eb
008a008d
0077008d
00980095
009b00aa
00c000a8
00a600f6
00950052
00a6007b
00770067
00e600c7
0086008c
00ed0063
00ef009f
009d00aa
008900a2
008300ab
00b80132
00a500d7
007f00fb
009a00ef
00ef00e9
00b1007b
00ba00b1
008e0086
007a00ae
00a300a9
008d0096
00ad0089
00810073
009f008a
005f0062
007e0073
007c0083
00c10072
00620089
00b6007a
00a1008b
009d0091
008c007f
009a008f
008c006d
00920075
008a009f
006b0079
00870093
0089009e
00930099
00860097
0082008d
00a5009b
008200a2
009200a1
00b800ba
009b00d8
009d007d
00af006e
00980093
00b8007c
007d0063
00b70092
008c0070
00bb00ae
007900a3
00790096
008d0075
007e00ca
00850095
00930093
00aa00b1
007000b2
00c500a1
00690063
009200df
0085009e
007f007f
00e000a3
00a60087
008d00a0
00530061
0092006f
006c0069
009d0095
0071005f
00960099
00af0085
008f007c
00ae0076
005f00c6
00840096
009d009f
00c70098
00d0009d
009200a9
00af00b5
00be009e
0100008c
007200b8
00a100af
009800a5
009a0095
00b70093
00a2006e
00a9007c
009700a1
007a008b
006e008d
00780070
00bd007a
00730077
00b70081
00750072
009b0086
00920085
008f0081
00860079
00b300aa
009d0090
00c300cb
00900092
008f00b6
00b80081
00a20079
00e8009f
00a50086
00a80085
008800aa
005f0070
007e0080
0097007b
008c0082
006e008a
00770098
009f0083
006e0078
00d200a9
008c008a
008800a9
009100f3
00be00b8
00700087
0062008d
00bd009d
008f0083
00a200b7
00c000c0
009a0087
00840086
00a00083
009600a5
00870096
00950087
00a3006a
008b009b
008300ce
009e0071
00810099
00b800a1
00a50086
00740083
0092008a
00c70086
007a00c0
00aa009b
009f00a8
00bd0098
00b300a7
00a50098
00eb00b0
00c900a2
00b3008e
00a800b6
0092007a
00d100a0
009100ab
00710061
008d0064
007b0062
0088009b
0098009b
006a0085
00990091
00970084
00960074
007d0087
00a3008d
00860068
0091009f
00b20092
009b0076
00910076
00ab0080
009e00a6
00ad007f
00cd00a2
008d007f
00b100a8
007500b7
009b00cb
005f0083
00af0077
00950099
008d0067
00970057
00790083
00720075
00850099
00840086
00b7008b
00a900a8
010b00a7
008c00bd
00be007c
009b00a9
00c50099
00a700c3
00a30096
00df006d
00b60098
00ca00c2
0087008f
008f006e
00a700a7
007f0060
007200aa
00b6006f
00860098
007b0088
00a1010a
007f0093
00c50097
0073009e
00ce008e
00ae0091
00b20082
00a50095
008f0085
0078007f
0092008d
0091008e
00a700e9
0087009f
00c9009b
00a50092
00990084
00c900ae
008a00c3
00b60046
007700c8
00c8007c
00930077
00a30078
008a007d
00730079
00950095
007f00aa
00ad0086
00e80071
00af0096
0095007e
0084007b
00b300b0
00c60087
00b700a8
00bf00ab
00af00b3
00b20091
00b7009b
00b600a9
00b000a7
0092008a
00ba005e
008e00a8
00810079
009500a0
008e0095
00a10089
00fb00ab
009e00c0
00a100db
009000a6
00b6009a
00780076
007100a7
00a0008e
007c00a6
00ae00be
0076009b
008b0084
00a300c7
00d20089
00b700a7
00b500ce
00a500c9
008900a5
00fa0087
00cb007f
008f0084
007d00b6
0075007b
008a0090
00c0006f
008c0089
0075008a
00850073
007900a9
007e00b0
00a1009f
007e00f8
009b008e
007800da
00c600b3
00c100a1
010600b1
008d0086
00c300a5
008f00a8
00970076
00d600c7
0095005a
00890085
008a00a6
009b0086
00870087
009e00b3
00770093
00750085
00980096
008f0075
00870081
006a009a
008d009a
007700b5
00a7009a
00b200aa
009e00a8
00920092
00d3008a
0083008e
00bd0098
00cb0091
00cb00d5
00d70095
0062005a
00f6007b
00c9008b
006e009a
00a80082
00a60086
00860081
0097009b
009900f2
00a00087
008f0089
006300aa
009a0089
00930099
0085009a
0086007a
0089009e
009a008b
00a70079
008b007a
00ca0090
00a0010d
00a3009a
009500a1
009a0072
009d008b
0081008a
00a800b2
007700a6
0092007e
00870071
008700ca
005e008d
0076008e
009100c6
009b0095
0076007f
00c700be
00990098
007d00a0
00b1009e
00810086
0075008b
009500a2
00a50089
00ae0098
00b80089
00ae00a6
007f005e
0078006f
007c0099
006900ba
00620069
007a008d
00830086
00cd0092
009800b2
00cd0095
00a300a6
008b00d1
00a10089
007b0091
00c6008e
007e0076
00b1008f
009100a2
00a800d1
009d009e
00a60095
00aa0090
008f0086
00a2009e
00650078
007500b1
007c00c8
00870093
0060006e
008a008a
008e0077
00990083
00ba00bb
00a600a1
00a9007d
008000af
007d009e
00bd008f
007800a7
00be00da
00a10085
007900dd
009200ce
00950095
008e009b
00890083
008a0082
0085008e
009d0065
0096008d
009b009e
007600bd
00c3006b
008e00f8
007f0088
00a30112
007e00d1
008a0079
009700e2
00a3009a
00c80096
006a0095
0074007e
008f0072
00a200ad
009700b0
00bf0081
00870075
009900e2
008a00a0
008700a1
00b7009e
0079008b
00850088
00b9008d
009d00a5
0079009d
00d00077
00d00072
008e0086
00b6007b
00a8008b
00b1009d
0096008e
00d10086
009800a8
00a600b0
009a009a
00a900a3
00970099
007500ad
00a90099
00b9009e
00c200b2
009100b2
007f00a6
007b00a1
00ba0096
00870099
008b0095
00a10139
008e0089
00870071
009a008e
00af00bf
008300bb
00d00072
00880092
009800a5
009500b6
00a300ba
00bb009a
00b20082
0076008e
00bb009d
009600a6
009f00b3
008f007e
00aa009e
00cf0092
00890095
008b007a
006d0076
006a0083
009200e6
00bd0082
008c00a9
00820085
006b007a
009f00b9
00ad009f
0092007f
009500b7
008b008e
008000bf
00750090
009a00c9
008600a8
00920097
00bd00ad
00c7008f
00a5008d
008e0090
00f70098
00990072
0073009a
0072007e
00d00087
006f007b
00b70097
0093008d
007f00b3
00ea008e
00800092
00a9009e
008900a9
008700a3
00a00092
00da006a
00a600a1
009b00b2
0087007f
007000c7
00e600ae
009a0093
00850086
00750086
00c5008b
006b0092
00920091
007d00c3
006b0083
008200a5
0076007d
008d0076
009e00ab
00960081
00910083
009d009e
008f0092
00b200aa
00980090
009e009d
00b3007a
00b600b6
00ad008a
00a8008e
00b700a6
00a30095
00a5008d
00af00b7
008600ba
00910081
008b0086
00740084
007e006d
00790061
00c30081
00b70068
008d00bd
007500a6
008d00a1
008a00d7
009b00b6
007c008f
00d1006c
00ae0076
00b00095
00960091
005b009f
009900fb
00a200d0
009d00ee
00ae00b7
008a0083
00830085
008e006d
00aa008b
00b00073
006e00a6
006d009a
009f0082
00930083
00a80092
0091008b
0079009e
00b500a3
007a00c5
009e00a5
008500db
00a800dd
00d000af
00de00ab
00810098
009200cf
00d300a1
00b1008e
009700d1
009500b0
007900bd
00620062
009f0091
00fd008b
00910079
007a0072
00820096
00970079
00a2009b
0085008b
00990093
0090009f
009b00a3
008e009f
009100af
007800b7
009b0071
00a5008e
009f008d
00d700bb
00ed00b7
00720095
00e100b2
00b50088
009f00dd
006e004f
00df008c
009f0093
007b00ca
006f0095
007a00b7
007a0082
00920092
008a008d
00b9009f
00e300c9
008e009a
00710079
009f0097
00a00085
007e0099
00710087
00980074
0093009d
009e008d
0087008b
0118008a
007d0089
0065007d
006600b6
00dd009e
006f00a1
00bf0088
006600b5
00af007d
006d0082
00860096
00c10082
00790074
00ea00a2
008700ab
00a6008d
00d000b1
00750085
00ae00ae
00a500a7
008e00bd
00f800a9
008900a3
0098008b
00d600ea
00990090
00d3008b
00d8006b
007e0066
00b200a0
007e0092
007d0074
009e009e
009f0087
008b006e
00a90087
008a0087
00990096
00ab00a7
006d00b3
00c5009d
00f300a0
009000ca
008500a7
00990087
00a5007d
009d009e
009800c7
00d70085
00c90093
00b800a7
0082005f
00740083
00830099
00ab00b8
00830074
006f0086
00a700a0
006900e9
0067009e
007f00c0
00e100a0
009100c0
008f006a
00900083
008300dd
008f008a
008500a8
0098008d
007e008a
00c9009d
00990098
00920098
00a6007c
008a00bd
005f007c
0078009e
00800078
00cd008d
00760076
007100ce
009800a2
00760099
00c200b1
00a60062
00960096
008200ad
00b5008a
00c500ad
007e00a6
008500ab
0093009e
00a80095
00670091
00890089
009300aa
00a700c0
00860087
00a0009f
005a0098
0092009d
008b009a
00970078
005e008d
0072009b
008900c2
00b500ce
0081008a
009f00a3
00a1008d
009d00b8
00a50098
0085008b
00bb00ed
009b0081
009800d6
00b200af
008300da
0081008b
00770081
00b700b7
008b009b
008f0080
00920083
007f00ea
00aa0079
008c00a7
00a60082
00a6009f
00cf009d
0097008d
008f00b3
008500a3
00810099
00b20096
00a1007e
00ba006f
00970086
007e0092
007f008b
007b00a8
008e009a
008600b3
009f00c3
01020091
008b0079
00a900b9
00af0061
00a600a5
0074008f
010b00bb
00b600b7
009000a2
007700bd
00ad008e
00a50083
009e00a7
008800be
00b80086
008f008c
008600ca
008f00ae
008a008f
007e009d
0095009e
009100a0
00820091
009d00d6
005200a9
0079008a
008e00ae
005b0077
00a10076
00810096
0080005a
00ab006a
0073009a
00bf0070
00b50079
009d00ab
00b9008a
008100ce
0095007d
00850091
008e00a0
00a90087
00860083
00dd0085
00b60083
009d0083
009e00a3
00b300b6
008800a5
00b100a7
00b200a0
0076004e
007e006b
007b0090
008300b9
008f0095
006e0088
006a008f
007d0088
00520085
00d100a9
008200a0
007b00f0
009500b2
00e50087
0082008b
009b007f
00a10091
00ad0077
00a30082
00a6008d
00a8009b
00a30092
00b000c8
008e00a5
009800a1
00a20090
00830087
00950086
006b0067
009f0097
00a90064
00af00d8
0091006e
0095007f
008a0076
00880093
00b3008f
008700c6
009800b3
00c10077
009600c5
009900a0
00a000ce
00ad00c1
00b80092
00a30099
0087009a
00de00bb
00a1005a
00950080
008e0086
006c0098
00bd009b
007b0073
009e0111
00b300c1
008b005f
00770087
007a009d
0071008b
00a20098
009f0081
009b008b
007c0070
00960095
00a20088
006e00ae
00db007c
00c60079
0084008f
008300ae
00930093
0072006b
008b0082
0067007c
00860086
009500ab
00a8008f
007a00b0
00960098
00730097
008f008e
00c20103
00aa0092
009f0098
00910095
00950091
009f0093
00b60093
009a0099
00830095
008200cd
00a90092
009500ba
007d0090
00bb0093
00a20069
00710076
00710085
0091009f
008f00ad
00750093
00730065
00b600b3
00d1006f
008f0086
00bf00a7
008c00a0
00970071
00b900a1
008400b2
007a0091
00c000b0
009a0095
00b90081
00740089
00f2008e
008a0090
00da00b6
00ad00be
00900071
007c00ca
008c0092
006f006f
00a00088
008d00b6
009700ae
009b0095
009700c6
008700a3
00b00083
008f008e
009f0078
00a000d2
00ba00ae
00a5008b
00d500a0
008e008e
00980095
008000a9
00a000ad
00a50072
00a200a2
00ab00a3
00660069
0082005a
0084007e
00a9007b
00650077
00aa00c8
0070005b
00a000af
009f0097
006b00a2
008e0089
009500aa
00a300af
00bd00a9
00cf00a6
00b6009d
00d30082
009500aa
00830090
008a00d2
007f00bb
00b8008a
008e00b3
007c0089
006d0056
0073007f
006d00c0
008d0082
006e008d
00680095
008e0082
00820086
006e009a
00a90087
008a00b8
00d30082
00a3009a
00a9007f
009d0082
00bd0081
00c90098
00b700b8
009f009f
0090009e
008e0093
007600b7
009200ba
008f00a0
006f006c
00af0082
007e009b
008a0088
00630083
009b00a7
007300df
00be0091
008f0098
0086008e
009800c5
00a3008a
00b00086
00af008b
00910096
00a00095
006d00a3
0096009b
00b600b2
0087007f
00c500aa
00d0008d
00a200b7
008d00ad
00b60055
00950081
00790092
007f0079
007a00ab
00890064
009d0088
00c60069
007e00be
00ab00de
00a8007f
0085008b
00e900d3
00930093
00a5007c
00af0091
007d009f
00890085
00c2008f
00ad007d
00750078
009a007f
00a1007f
00d0009b
006b0050
009100b2
008000af
00d30072
00790092
007000c8
007a00a0
00f1006b
008e00c6
00a7007d
00af00cd
0077009e
009a00e9
00910099
00aa00ba
00870091
009d0081
0095007f
00d30092
00cb008e
00b70081
00a8008f
008f00d1
00b000b6
00960059
0081009f
007b008d
00790087
00730062
00a30092
006e006b
00970097
009a00b3
0087009f
00b10077
00870086
009900a1
008500cf
00b80086
00ed008f
007900aa
00910095
00a10088
008f00be
009a00e5
00830088
00820099
00a200ba
00750070
00b10071
00750077
007300b0
008a0067
008d0081
008f008b
008700b5
008000a6
008c0077
00c000e9
00870091
00b1007a
007b0071
009a0087
00c7006d
007e0087
00b6008e
00a200a9
008b00b1
00c2008d
00b5008a
009900df
0090008b
0096005d
00950076
009100a7
00870092
00c5008a
008d0080
0090009b
009500ad
007e0091
00a800a3
00930085
0097008e
00b60077
00b300a1
00cb0089
00b800e2
008200ab
006b0093
00ad009e
00ae0092
00ab00ab
00c3007d
007e00c1
00a800bb
008e00a8
007500ca
00710071
00700082
00590072
00d600bb
00790099
00a8006f
005e0090
009500b2
00b00073
00a60081
0090006f
00ca0090
0099007d
007a00df
00b6009a
009a0087
00a300a1
00b100bb
008d0099
00b2009f
007800b0
00ab00a3
004e0075
008b00b7
007d0099
00ab0087
00a600a7
00bb0072
009b0072
00a10082
009300a1
008500a5
007f0081
008e0075
00c800a2
009b0085
00ad0097
0096008a
00ba009d
008b009b
010e00d3
00a90080
0076007f
008800c3
00a0008d
00a100ad
00720069
00890097
0066009b
00ae0092
0079007d
007f006a
0092005f
007e008b
00920084
0089007c
00910085
007f008f
007900cb
008f0088
007d00a2
00e800c0
00a300a2
00bb008b
0091009f
0089008e
007600d2
00ba009a
00a300cb
00bb00a8
00930069
00b100b1
00860087
00cb00d5
00bd00d3
007500ae
00860091
00dd00b8
006c0068
0145008c
009500c5
0098007b
00b500a0
007e007f
00a200a5
0079007b
00d70077
00890089
008d0086
00a60086
00960092
00c0007b
009b00a2
008600b5
009d0071
00820077
0084009f
00890089
008b00a3
00830095
00c30085
00a5009d
009200b6
00b70083
00970081
006a00b3
00a800b0
00a7006f
00980081
007700a5
00b1007c
00ae0088
008900b1
00820092
008c0078
00900110
009200c0
009d00b0
00d00074
0079006b
00a600c3
007b00c0
007c0097
00a0009f
0081007d
009e00b3
008c00b1
0079007f
009e0089
009100a3
007600bf
009100ab
0084007d
00bd00bb
009100b2
008300ce
009f00b0
00a800bb
009700b2
008600b6
00aa00e8
007c00c6
008b0048
0080007d
007800a0
00a70096
00700083
0083009b
00850087
00790063
00890070
01350083
00ce007f
008200b2
008e0077
007d00b2
006900b1
00ce008a
00b500a2
00bf0095
009200b7
009300b5
00b60075
00a6006e
00910086
00a20092
007d004f
008d00ce
008d0083
00920098
006b0063
00e00092
00720083
0096006e
007d0068
009a007a
009b0075
00c900b3
0086008c
007e009f
00a1009b
00990095
00d700ad
00b100a2
00cd00bb
00920082
009e00d5
00c100a5
00930091
00ad00c9
00930063
008f0071
008500aa
008a0086
008d0092
008f007b
00d600a9
008e005a
00920085
0079008a
00ae009b
00b5007f
009b0097
008b008f
00a90098
00d60082
00ce0095
00a6006c
00a700aa
00d2008b
0096008a
00970098
00750087
00a300b0
00720066
0095008f
00760089
00960081
00820066
00690082
006f009a
009900bf
009a007e
007a00fd
00b0008e
00790092
008a009b
01020098
009e0082
00920099
00c6008b
006e00c6
00e200bb
0080008f
00850098
007200b2
009800e0
00e50095
0089006d
0083009f
008c0073
0081008e
00950076
007200a2
008f00a5
00870075
009900b8
00b10071
009d008a
00c20098
009700d1
009600a0
00850089
00ad00b0
008a007d
00b500b7
009d00b6
00be0083
00850073
008200a8
00980096
00980085
00800062
00c700b8
008b007b
01370085
00a5006f
00720095
00ad00cd
009b00a1
00a70095
00a90061
008e00aa
01020096
00c8006f
00af0110
008b009b
009200a3
008b0092
0099008a
00bb008c
00a50092
00a1009f
00ab00a9
008d0092
00920092
005a0056
0081009e
008c0087
008200a0
006b008a
008f0086
00820091
00800082
00970095
007a00aa
00870072
00d800a5
009200ba
006b0092
009300c0
00d50091
009b0092
00b7009b
009d00c7
008d009d
008700b2
00e80085
00bb00b5
00f100c9
00660053
008e007b
009f00b1
008e007a
00d3009a
00890091
00750077
008100d7
0086008c
00fb00a6
009800a8
00b10100
00a900d1
008f007e
00ed00b6
00b70085
00cf00b1
008b0093
00a9009f
008c00a2
008a0099
00a7009f
00a200b5
007f00a5
00670049
008e00dd
00a30085
008400de
0083008b
00a100a3
007d0077
006f00b0
006d0080
008200eb
00be0082
009e009d
00990096
00a50080
00a50097
00af00c1
00970078
009e0078
008b00a6
00bb007a
0097008f
00c5005e
008900a0
008200ab
00790071
00af00b3
0085007d
009f00a9
00bb007a
009f008f
00b8006a
00fb00a5
00a70092
00ab0086
00a60089
007e00b7
007900a6
00ca0097
00b60092
00ae009a
00a2006e
00890087
008900a1
008300ad
00bb008d
009700a6
00be007e
00b1008e
008c005f
0087009d
0075008d
006b0093
009b0075
00a900a1
00b2008f
00b800b8
008d0083
006e00c5
00a500be
00b3009e
008f009b
00a300f3
00c60096
00d100a5
00a900cd
009d00ae
008e008f
00c200d9
009f008a
00df007e
00830087
00980091
005e004f
0067005b
00b10095
00c700aa
007200aa
0092007f
00a900b5
00b300c7
008d00d5
00ad0097
008d00a8
00af00a3
008b0095
009500b6
00dd009f
00de008d
00910098
008e00bb
007e007f
00b90096
008b00bf
00be00ab
007e0092
009600c6
009e0082
009000c0
008f009f
0087009a
006400b3
008f00a0
00be00a7
00a900a3
00a600b3
008d008f
00aa0071
007f00a7
00d00097
008300ce
00b00095
009100bd
009500cd
00a000b8
00de00a1
00970064
00b500ba
009e00b2
0079007d
008900a7
009d003b
00810085
007f0095
006e006e
008f0080
008e00b0
00b10080
00920098
008a007f
007700a6
00a90086
00ad0091
00840089
00760098
00b10087
0093008d
009300af
00980086
008700b5
00890090
00ab0088
00920086
008500a3
008d00a2
00980060
00860062
006a00c3
008f0082
00740088
00af0087
0099006d
009100a2
008d007d
00a30096
009d009f
00d70087
00870086
008f006f
00960076
008100a9
008d0086
00780095
00920093
00c30095
0099008d
008c00ba
00a10097
006a00ae
00960072
00850091
00590076
008a00be
005f0080
00850089
00810099
008b0093
00a30078
008f0097
00c9008d
00780097
0096007c
009500bd
00e100a8
009800b1
00a50086
008d00a5
00b80092
00e2009e
00a90110
00c800a2
00de0093
00a8008e
0061006e
00870092
0072009d
007700d6
006a007d
008500b1
0098008f
00b7009a
00c2007e
008a00b2
00ab0078
009200a8
006e00ad
009500bf
0093008b
009d007e
00960077
008600b8
00a300ab
0088007d
00c000a3
006e00ab
008c00a5
00ae0093
00a20060
009a007b
00720077
009700c0
00cd007b
007b0082
006f008d
008a008a
00aa0083
007500b0
00880089
00af0096
007d008d
00c600e0
00c60084
007a0088
008f008b
008400a7
00a3009b
00750096
00d8007e
009a00a3
008300a9
00a200c7
0080004f
008b00b0
0091007f
00c90096
008a0099
00a80082
00880068
0093009f
008a00a1
00b60065
00a600a0
0095009d
00d900a5
00c10084
00b5009a
00db00a5
00b3008d
008d008b
007e0078
00a00097
00b200a9
00d5007e
0081009e
00b0009f
00c200a1
0071007e
007b0083
008b0071
008a0063
0086007f
007700b0
00a6007d
00a20089
005d00a6
007300a0
00bd00a6
00860098
007b00a2
00c70076
00c50118
00c300d1
00960095
009800ba
00a2008d
0083007e
00b3008f
009200a9
00c8007b
008b0042
00840062
00620078
006f0088
006d0078
00bd007a
0082008a
007f0092
00970071
00690076
009f008d
00b800e1
0096008a
008c00a9
00860095
00a0008b
00be008c
007f00a1
007e006e
009600c8
008b008e
00a200bb
009300b8
00aa00b3
00f30069
007900a0
009a0078
00bb00f0
00a30086
009d0087
0086006e
008100a7
009800aa
0088006f
00d200ef
00af008b
00980099
0093007b
008600bf
00bb008d
00840095
007f007e
008300ad
008d0092
008900a2
00c30098
00be00a2
008900a8
0067009d
00760071
008b008e
00e8006a
0077008c
0087008a
008e007e
007900af
00b100b6
009b0067
00a300a6
0079009a
007900a5
007c007b
009700ae
007e008e
00b30095
00a100e3
00f80092
009300ca
008b0095
00a0009a
008900b2
009b0090
0074006b
009300a2
006f00a2
00ad009d
007300b2
009200a9
007900aa
00c900c2
008600db
00760084
00ea00af
00890097
009900c7
00db0091
009600bd
008400b9
00e20089
00b2008e
00b600c1
009300c9
00b900ad
00c7009f
008a00a8
00ab00a2
0089005d
00bf0082
00aa0076
007a00a5
008600a7
009600a0
009b0084
00df0093
00db00b8
007d0082
00c20097
00980093
00c50087
007e007f
009900b2
009a00af
00a200de
00890095
00b900a0
008d00d7
00ab0089
00e900d3
009700b9
00910084
00b00056
00bb00eb
00650098
00a20097
00690073
00a50097
008b0097
008d006d
00be00a5
008c0076
008b00db
0089006b
008a008a
00c50079
006900ad
00a90067
0077007b
00870084
008a0095
009600b6
0080008b
00b50091
007e00b2
009500c3
00c70055
00dd0095
0072009a
00bb00a0
009500c3
00ae0079
0091006b
010d009b
00ba006e
009a00e6
0092008b
009100b7
007200a3
007500af
00a200a9
00850085
00a800a7
00810079
00ca00c5
008b0080
007c0079
00740096
00880093
009000ca
005d0089
007d008e
006d0085
00a1008e
00770082
009b008d
0085006a
009000b1
0097008a
008c009b
00a500cf
00aa00a5
009300b2
009100a5
00aa00f6
00c3008f
009200f7
009b00a3
0089009d
00bf00ba
00b000ca
00810089
008b009a
00b600aa
006b007c
007d0078
00a30067
0087008a
00700085
007d00ba
00a6006a
00af0096
00900091
00980095
00910080
00b80096
007c00cd
00ce00a0
00af00b2
00a200b3
00a20096
00ce0097
00b600a1
007e00b1
00d50091
00820083
00bf0086
009f0095
00a00049
0086007c
00ab00b2
00660099
005d0085
009700b8
00a700a7
0097008a
008f0083
009900ae
00b7008f
00b6009e
00a20092
007a008d
00b9007c
00c70087
009200bf
009700b6
008e0082
009200b9
00c000bf
009f0083
00ad0098
00a60083
0096007d
00b80066
006f00d1
00610082
00a2008c
008a00a0
00820079
0085007a
00ab008a
00860076
0078007e
0079009d
00a000b1
00b0008f
007e008a
0099008f
00bb008a
00890089
00f300a9
008b00b3
008600c8
008f0102
008d0092
009a009b
00770086
00810085
007700a2
006c008d
006f00bd
00a3007b
008f00ae
009f007d
006d0098
007600a9
0092007a
007f008f
00860087
00c500a0
00a900d3
00a600ab
007300be
009200ad
00930096
00d90098
00a200aa
00af00b5
00aa00bd
009e00ab
00650059
00b00080
0084009e
006d0079
00790080
00b000a1
00bb0083
0082008d
0099009d
00bf0087
008e00ba
007f0083
0098008e
009100ee
009800b1
00b70093
009800ad
009500b2
00c700a7
00c3006f
00c80095
009b00a8
00990076
00640091
009b0085
00b300a3
00740098
006f009b
006e006e
008a0076
00a60066
00b700dd
009b009a
0089007b
00b100ae
00c20081
00c5008f
007d00b9
00a30082
00b20099
009b009a
007b006c
008500a8
00b7009b
009000b1
00b00095
008e00ae
00b5008c
008100a5
009600af
0078008b
007c0087
0071009a
009200a6
00b500e1
008a0075
007d0084
0092006e
00c20075
00a700c1
007e0098
00ae0081
00850091
007e009b
008900b7
00b8007f
009300ab
009900b5
00890092
00c200a9
00b200b5
00f20097
00a0004f
008b00af
007e00ba
00a80087
0092008f
00a5009f
0091007b
00ad007a
00bd007e
00870098
00bd00a6
00a700a2
008200aa
008c009a
00d000a8
009100ae
00e700c0
008c0083
00a30087
008f007a
00a700b3
00b500c3
008b0097
0079008f
00a7003b
008f0091
007a0081
008a00a1
008300e6
007e0069
008b00a7
00830099
007b00cb
0075007a
00ea00cd
0091007f
00910093
009600a2
007b0091
00a8008d
00cb0121
008500ae
009500a8
00b200b7
009b00a5
0097007a
00a8009f
009900c5
0089004e
009300a8
0072009e
00d9008f
00a10083
0083008e
007f0073
0083006b
009100b5
009f006e
00eb00ad
00ae008b
00850081
0098008a
00950095
007e00a5
00ab00be
00a200d3
008e00c1
009d00da
008300c0
00d9007d
00870093
00bb008f
00970076
0074007a
00df00a2
008000a3
007f007e
00800076
00730062
00b100af
007d00a2
009a00a0
009700cd
00b00074
00bf00b2
008b009b
00b000a5
008200a9
00aa00c8
00bb0093
0095009b
00e100b0
00ad00a8
009b0089
00b300af
009600f0
00ad0073
00b800c2
00d9007a
009500cb
00820073
008500b8
008300a5
008d0096
006b0091
0076008a
008300ad
00d7008e
009d0096
0093009b
007500aa
0091008b
008a00b7
008700a5
0088008b
00b2007f
008a0089
00be007a
009a00a9
0095008e
007a00b5
007e005c
00a30082
006a0099
0068006f
00a60088
008b0078
008e00b1
00840083
00b6007c
008b007c
0095006f
00a900b6
00a80089
009300de
00880083
008a00e2
00b0008e
008200c8
00e300b6
00a700cd
00b70085
009b00a3
00aa008d
0098006e
00a5007f
00b2008a
009300f1
00820081
00c80098
009f0077
0084006a
00f7008d
0077008b
009f007b
00aa009d
00990099
00a9008d
009900bd
00920085
008e00a7
00a30091
008c007f
00ad00d7
00be0091
00a2007e
008200b9
00ad0087
0063007d
007e0093
0087006d
007d00a2
00810132
0083008b
008b0087
007e0091
007800a3
009f0093
009a00e6
00a800bd
00aa00d2
00a00091
00a60095
00a100c9
008d0086
00b2008c
00a600d5
00a700a3
00ae00d1
00b70091
00a9008f
0089007d
00a90098
00aa0093
00af00b7
00c60078
008100a7
0083009a
00a8006d
00d5007c
00af008a
008d0075
008100ab
00bd00a3
009900b6
00d60075
00830091
00b600aa
007b00be
0075009d
00850091
009100b1
00b80083
009e00a0
009a00a6
009e008a
004b005b
00b0008e
008e00f5
0075009b
00720071
00b8007d
006b00ba
007f008a
0097009d
008200b2
00b2008a
00810091
008d0093
0083008b
0088007e
009f00bd
00b9008e
008500d7
00a2008a
00ab00b5
00ab00a7
00a900c0
00a50099
00bd008a
006a0088
008500fd
006f009f
00a00086
00980067
00890070
008d0073
00750096
0089008e
0095007f
007b009a
00bf00a6
007300a9
00af0084
0098008a
0092008a
00a00075
00730099
008f0099
00a5009f
00a9008f
00a900b1
00a000e7
00c700ae
00640068
00990089
00a500a0
00610075
00890065
00a70086
00860077
00ab0092
00990075
009200a8
00a600b3
00aa0091
008a0086
008600c8
009f0090
00c80087
009d0098
009000a2
008b007e
00a1008f
00a800aa
008b0092
00890078
00bd00de
009d00a1
0098006f
00820098
009f0095
0083007f
00840082
00b1007b
00830090
009d008c
00cd007f
00c50093
00910091
0072007d
00810079
009d0086
008c009e
009b00d5
008d0061
00ad00d9
00fe00b7
00c500a9
009500ab
009f00b8
009200a1
006d006b
0079007a
0074006c
007e009b
007e0083
00b20098
008d007a
00890095
008b008f
0098008d
00930079
009d009f
00ad0093
00a70093
009500a1
00df0091
00960091
00970091
00980078
00ab0076
00a0009f
007a009a
00c800ae
00da0086
006e005a
0087007d
008e008e
00860082
008a0096
00820091
007b008f
0099008a
00b5009e
008f006f
00b700b6
00960097
00a100a0
00b500d9
006c007d
008d00af
00a900a5
0095009b
007c00be
0082007f
00b10083
00a3008d
00b100b2
008500ce
0079005a
008b006e
008a0073
00860089
00aa0085
00ba0086
009d0083
0099007d
00790085
0089008b
00a3008d
008e00b8
006f0092
00930097
00b20095
00b100af
00a200b1
008900ca
00aa0087
009e00bd
007100b1
00da009d
00710096
009500ad
00760056
008f0085
007e008e
0092009d
0072006a
008b007f
00b0006d
00e90092
00ae0083
00780088
00b50083
00b200a7
009b006f
00c600be
00790089
00b000a5
00b20085
00b6008d
00aa0087
00b800a9
00bb0082
009a00be
007e0093
00a6009b
00720074
00b000c0
00ad007b
008e00b0
0087006e
007e006a
00b1007d
009a00eb
008500c6
0081007e
007e009f
009a00d3
008d0099
008f0089
008e00b3
007b00a6
0090007b
00b90082
009800b2
0096008a
00b50092
0095008e
00a1009a
00b50098
00710061
00a9007e
007a0086
00850089
007b0070
01030067
008a006d
008f00c1
00760086
00b000b5
00fa0081
008f0103
00c3009a
00a20091
007100b3
00af00a9
009100a6
00a30092
00c900f7
00950095
0097008e
009f008c
00b200ca
007a00c9
006b008e
007e007e
0081009d
00b10085
008f006f
00d10088
00a20092
00d80082
007800a5
008d009a
008d0089
007500ba
008d0096
00d20077
00790098
008f0080
00ba0092
00830096
008000a3
00850086
00b000b5
00e3008f
007800a0
00870093
0075004e
00a300a6
009500a2
008700fe
00fa008a
009900c8
00a30096
009900a2
00ab00c7
008400b0
00a200de
007f008c
00a20089
00b5008a
009500ae
008900b3
007400a0
0087008d
009200be
00b100a7
008c009b
0090007e
0070009a
009b00aa
0078004c
0098008d
0092009e
006a008f
006400b9
009700a2
00a20085
00d8008d
00710075
008a00b7
00ad00a7
00880087
008500a2
00af0079
00bf009f
00970086
00be0084
00a7009f
0091008e
00b10085
008f0098
00880075
009600c1
008e00ba
009600b9
00730079
00b80076
00ad0097
0061005b
00a60081
008f00d2
00a90091
007a00a3
00820095
00b800b1
00830071
00bf00a2
00890092
008e00c3
008600b2
009b008e
008e0097
00b70088
00840083
009e00b9
008200c5
0090010e
00bf00ad
0072006b
00910076
008a0089
006b009b
0066007b
00be0093
008f006d
00980089
008500c3
00a30090
009d00a2
007c00ad
00a200b8
00cb00ae
00a10092
007b0093
00a900ae
00850086
00a3008c
00b300ae
008d009d
006500b2
00970095
008200a6
00b6004f
00a6008a
00b100ae
00960092
007e0082
00d1005b
008200ae
009600d0
007400be
006700a6
009a0085
008c00cf
0089009d
00a100a8
008b00d1
0091010a
007200b8
009e008b
00c100e5
00c700a8
00990076
009200b0
007d00e0
00a10085
007a0059
006e00a3
00ae008f
006a009f
00e60099
00f70096
0076008a
009e0086
00e90071
00d90087
009900d9
00c800ae
00b300aa
007a0097
00a60095
009700af
00b0009a
00ee00bd
007e00ab
00bf009b
00aa00c1
00e100a7
00990097
007600a7
0095004a
00730092
0069008f
007d010b
007f007a
00c9008b
0078007a
008f0093
00c00091
008300b6
009500a9
008c00a5
00c900a0
00b3008f
009a00bd
00a90078
00990090
00960097
008500bf
00e200a3
00980087
00e500c0
00a6008b
007d007a
0065006b
0095007a
007b0095
00870096
008500a6
008a0087
00a60066
00b000af
0084008b
00b20076
007600b7
00770079
007f0076
008b007b
00a70072
00a3009d
008700c1
00c700a2
00a80083
00b800b8
00970091
009a00a7
00b30082
00ad00e6
00720072
006a00a0
00a200a0
00a500bd
007d007b
0096006d
00ad00b5
0086008c
006e00c6
00860075
00c70099
00a90077
009d009a
00d000bf
008a00a1
008e00c6
00ea008b
00e100b6
00aa0097
008a00a9
00a200a8
00ad0097
00c30097
009300d2
006c0061
007d00d5
00cf00a3
00790093
00a60086
00a70082
00b00079
00b900ca
0092008f
0072009d
009b0089
00b2007a
00ad0089
009f00d1
00a200a6
00b700c8
00c0008c
00e100e3
007c00a7
00a60084
00a3009a
00a600a6
00b9009e
00b700a1
0073007a
007a009f
00d30091
00b300b8
009d00ab
00bf0082
00aa009b
009200a7
00a60083
00a7009a
00870085
009900a8
00ab00bd
007f00b9
009100aa
00b500b1
00b2006f
008d009a
0092009a
00e000d2
007b0076
009500bf
00c0007e
00a2009b
00870057
007900ba
006a0075
00de0092
0087008e
0081008b
00910093
007a00b6
00830074
00a300a5
00a7008c
00a20071
007d0097
00bd00cb
00890083
00ba00c8
00a50083
00b00088
008f00ab
00a800a0
00a900bd
009f0084
00de009a
00b8009a
00d5004a
00aa007e
0081008c
00d90085
011b00aa
00ba00a8
0075007f
00a80099
00760089
007200a7
00a800ae
009e00a9
00c5008e
00f10083
00c20099
008d00c0
00a20079
008a009a
00b300ad
00d10086
009600aa
008a0095
00770099
007e00a2
00ab004e
008100af
009a0082
00aa00b0
009600ba
00770091
00970087
00d30093
0096006c
007a00f7
008100b7
00810087
00890092
00fd009e
00ad00cd
00a700e0
00700096
007e0099
009500b7
007e0078
008b006a
007d0080
00a300a5
0073007a
007e004e
007e0084
00880082
00a200a5
00c5009a
0095005d
007200a7
0095007b
007d0085
007e009f
00a300a7
007300a2
00640099
00cd008b
00ca00a3
009f00a9
008a00b2
007e00b0
00910090
009d0092
00950085
00b200b5
00a500a8
00ce0096
00d30047
00870084
008200a9
008c00a8
00a500a0
00d00097
00c20073
008000ca
0095009d
0091007b
009200af
00990098
00a50099
009f009d
00a300ed
00b000ab
008800aa
00a30093
009200a1
00a90099
009000a3
00e80092
00bb0083
00820092
00760092
00950082
006a006b
00810083
009d00ab
008b0083
00a10087
00b20075
00af00a9
007e007d
00990091
00a800d9
00a000ae
00ad00b9
00a7008c
00a20098
00b300e8
00c000a8
00b700a6
0081008a
00a800b7
0096009f
00980093
00bd007f
007f0043
009300a8
008e00a7
007f007d
0095008a
0063007a
006e006b
006b00a5
00920081
00860058
00ae0090
00910079
00b00086
008f0091
00d00103
008100ba
009f009f
0091009a
0088008c
009f00a2
00d000b2
009f009b
009100a8
0075009a
00a70097
00760095
00990091
00d80081
008c008d
00a100ce
00ae007b
00ab0093
007c0091
00820093
010d0087
008600a3
00ea0089
00af0092
00ab00ad
00aa0083
00b90096
0092009f
00af00a2
00ba0096
00c600ad
009b00a5
008d0089
006f0077
00c30069
008100c6
009300c3
009900aa
00b800c5
00a90075
008e0099
008b0083
007300a5
008d009b
0081009b
0077008b
00800092
00bd0080
00c70095
00a900ba
00bb008e
00b500aa
00d000b6
00a10099
009f009b
00b9006f
007900a3
009900ed
00960056
009a0099
006e0066
008b0098
0089007d
009300c2
00ae00a1
009d008a
008f008d
00910099
00af0080
007a007b
0086009a
00b10091
0092008b
0085007e
00890092
009a00cf
00890099
007f008d
00920098
00af0097
00700083
00ad0099
0071007d
0087007f
0085008a
008e00a0
00dd0083
007300c8
00bb008e
008100a7
00850092
007b0098
00970097
006e009e
008c0073
00bf00b6
00ad0088
00ab00b3
008f0096
00bf007f
00a200af
008e009a
009d009f
00a600a8
00800074
00c200be
00950069
00c60077
0072008c
00990079
00840071
00b80081
008200a3
007f00e1
006700ce
0085009a
009e0098
009a00aa
009f00a9
00880096
007b00d5
0093008a
009b00a8
00920091
00aa00ad
00b3009b
008100ad
00b80083
0087007c
008d008b
0066006f
007e0095
00ad00e0
0086007e
008d007e
00b500b5
006f0099
00b00088
007a00a0
007d0067
00c70089
00aa0093
008f0091
00820093
0092007e
00a60099
009700b1
008700ab
009100b6
009700a2
008c0091
008d00ab
00af0095
00a60081
00650063
00a200c6
00810081
007900c3
009a00cf
007d00e2
00ab00a0
00a800ae
00c500af
00ad007d
00b900cf
00a2007a
0073008a
009f00c2
00a000d2
00990084
00a30087
008f0066
009f0093
0099006f
007a008f
00b200a1
008a00b2
0080009d
0077005a
00a5008d
00ba00cd
00970082
009200a7
006f0086
00760095
009600bb
00b80085
008500d8
00c300bb
0091008b
00bd009a
00860061
00c60069
009900b2
00890085
00ae00c3
00b900b8
00a100c2
00da00b1
00af008c
00a5009e
008300cf
005d004f
0086008c
007b0080
00810073
00ee0093
008000a6
00a0006d
008a0093
007e00a1
0083009f
00d1007d
00910077
00a80093
00870092
00de00bd
00b3007c
00ad0092
007f00c2
00b8009f
0091007f
00a800b2
00af008e
00ce00e9
00a600b2
00620064
00ab0076
006e00b1
009b00b8
008b00c2
008700ae
0095007e
008500b2
00b80087
00b30093
00910132
00a000b3
009e0098
00b20082
00d30089
00dd00a7
00c60096
00bf007a
007f00ad
007f008a
00a000a9
00a30092
00a200b1
008a009e
00740065
006a00b2
0092007a
009f00a6
007000a7
00760079
00bd0083
0075008a
00960082
00b30092
00c5008d
00770086
00b100ab
008500a1
00b500a9
00ab0077
00b20097
008300a2
00b10088
008e009a
00b300aa
00c000c7
00c70096
00b300cd
004f0067
00b2006d
00a800a8
00a0008a
00b1008e
00770073
007e0062
00850093
00870087
008f00a9
00cb00a6
00d7007b
008f00ad
00f300a6
007c0091
00b600a2
009a0092
009f0075
0073009e
00c20083
00a70086
00980082
00a200be
0084008c
0069005b
007c008e
009d008f
00d20081
00a000a2
00b800ae
00870075
00a10089
0061005f
00a30099
008d0061
00b60099
00d2008e
0081008c
008b0092
0082009e
00b7009f
00980077
00a600c5
009200a7
00ab0093
00c9008e
00820086
00930092
0083009d
0092009e
0083009e
0095007f
006f005d
008b0075
009b00b7
009d00ea
008a00a3
00a1007d
00bb00b0
008f00b2
009e00a0
00a7008a
0083007d
009f00bf
009100a8
00820100
008a0086
007a00b1
00ad00b5
00b100a7
00ab0090
00a000c1
0062005f
009f007d
00860097
00740085
007e00ad
0089008e
007e00b8
00a50083
0083008f
0085008e
00b500be
00a100b5
008e009e
00a700a0
009a00a3
00cd009a
00c300a3
00b900a7
00bd00b0
00a300cf
0093009d
00be0096
009e0082
009d00bb
008d0061
009d0082
0085006c
009b0090
00b10096
006b00ca
00cd0081
0097009b
00de008d
007900aa
00950084
00a30083
00aa00b7
00a9007d
00ab00a1
00b8007b
00a200a3
0080008e
00ae00a5
00a3009a
009d00a1
008d008e
00a70095
00b8009d
0072004b
009100b7
0092007e
006a00a9
00b9007a
0089008b
0085008c
007d007d
009a00a5
008a00a9
00ca00a8
00980072
00fb007a
00810083
00aa0092
009500ae
00aa00b3
00a50096
00a3008b
00b700b0
00f0006d
00a300e2
00a200a7
00a30081
008900a1
00730080
006600a3
007f0098
00c700c3
006b0085
0083007b
008a008d
00740080
00730073
00af007e
00a600ae
007f0099
009800b0
00820092
0078008f
00c700a2
008600a9
009600a0
00ab009a
009e00b9
00af0086
00d7007d
00a200b6
007f0058
009600bf
00ab0077
008000b5
00790087
00b8006f
0075008a
009e00af
007d0091
008a008b
00c500a2
006700a7
00980097
00be00b5
00c90099
00930083
00a200a6
00a000b9
008b00ae
009a00a7
0096008d
009500ab
0093007a
008f0099
00860091
00bf0086
00c0007a
008e0091
0064007c
008c0093
008f0081
008100a9
00970089
00b100cd
00b500ae
00da0091
00c300a8
009a0079
00c700b2
00ae00a7
00750096
009d00b6
008b00cf
00c0009d
00a100b0
00d900e2
00a000bd
009e00d3
0061008b
008a008d
0062006e
0092009b
00ca00d9
00d800df
006e0087
008a009d
00a0007e
00a500ca
008e0090
00d500aa
00ad00ab
00cd0096
00b2009d
00c8009e
008e008d
00b70091
00bb0090
009300c0
00b9008d
00ea0089
009a008e
009a00b2
0064004f
005c0076
009300a8
00950072
00bb00a1
00ad00a8
00ca0089
009e00f6
007a007b
0081009f
009b00cb
00750079
00a20099
00930092
009f009e
00d60082
00f000c0
00a7007f
00890088
00df00bd
00c1009e
00a9008a
008600a8
008500c2
00640087
00ae00a7
007f0087
00c5008b
00b8007f
006f0086
00970084
00b9008d
00bb008a
007d0076
00d300b1
008500a1
0083008a
009d007b
0086008b
0083009b
00b2009b
008900b8
00980089
007900a9
009b0070
008700b0
00830092
00b000b2
00930057
008f0089
006d00b1
006e008a
007d0089
00d1006f
00a70076
008b007d
008b0099
006f0081
008a007e
009200a2
007400a1
0092007b
007b00cd
00ba008b
00990092
008f00a8
009000b0
00f00081
00ad00f6
00b0008d
008a00c5
009e00c2
006f0080
009200af
00760085
00640075
0097007a
0098007f
00ca0096
00920095
006600f2
0083006d
00960080
00a500b3
00a900a5
00be0086
00760082
0091009a
00a700be
0081008d
009b006f
00ab00c8
008500d8
008600c2
00e100ce
00e0009b
00ed0096
0073006f
00a80077
009a00a3
00710084
0086007a
0092009f
00b800c5
006c008a
00990099
009f006d
00a3008d
00800095
0080008e
008f00ad
00c30135
00710079
00d6009e
00880082
00c20086
00c90083
00d10086
008300c2
00b100a2
007e004f
00be0079
0065008b
00c8008b
00ad007e
00bd0087
00ed0075
008b00a2
00a90092
009a0092
008800bd
009600ab
00c100be
007a0078
00d700ad
00bf0093
009a00cb
00920076
00c50077
008500ab
00b100a9
00aa0074
007f00aa
009300c9
00f1005b
00a7007f
0072007f
0089008a
009b00b6
0090008a
00a70083
00810081
00690099
008a0089
0072008e
00de0098
009b0099
006c00ad
009700be
00b000b9
008600ad
008b00ca
008c0077
00b8008a
00a500a2
009100c8
008400bb
009e008a
007b0079
007d0061
008e008c
00ab00bb
006700a5
009e00a5
009d00cd
007800d6
00ae007f
0086007a
007a0099
008b009f
009a0083
00b8007a
0091007b
008e009f
00870091
0099009e
00a500ca
00a800d0
008d0096
00a50095
00990090
00b00092
00930059
009a00ab
008d0078
00bd00d7
008a006f
00960095
00ae008e
00830096
009d00a3
008e009e
007b009b
009000e7
007e0097
00a8008f
008b0093
00960081
008b00a3
007c00a3
00980081
0093007d
00c20092
00fd00c5
0089007c
00aa00c5
00d00055
00730069
008b0096
00850062
007e00a1
00a8008f
0099009e
009d00a0
008800bd
009e006c
00840072
009d00cf
00d100e5
00a20074
0097007e
00f100be
00df0099
009e00a7
00920085
008a009d
00ad0079
009300b0
00990096
008f0080
0067004b
007700b0
008d00d0
007d00c2
00c20095
007a008d
00810079
0091008b
00be0087
00820069
00b900c0
009d0081
00a10097
00a90076
008700b9
00f6007a
00a700a2
009d00b7
00e900a6
00e8009a
008600e3
009900a6
008100a7
00bd00b8
00970077
00b90091
007f006e
00ca0097
00830069
00900079
007f0073
008e0096
00e60087
007f0079
006a009b
00d90091
007200a1
007c0073
00890081
008b00ef
00d10091
00a30082
0072009b
00d600ce
00c10095
0097007e
00a9009b
00a900bd
00930052
0072008c
00910096
0084008d
00690075
00b30097
008d007b
00890079
009f0097
007b008b
00b00082
009700c0
00a9006a
008a00ad
00a0007c
009100a8
00bd0087
00b20084
0083009b
00ae00a7
00690069
00d900b0
008400b6
007e008c
00ae0052
00aa0089
008e00a2
00880092
007d008b
00890079
00bf007f
00b200c2
009e00a5
008500b2
00e10062
00af00b5
00c300bb
00d90091
008d00ab
00ad0077
00c2008e
0077009d
008d0082
00810087
00e70091
00ce009a
007c00a9
008e00ad
00830084
00e100a0
009d0090
008a0080
007a009b
00a9006f
007d006f
00930095
00b600a0
00830087
00900072
00a00075
007300a5
008f0083
014000bf
00a000b3
008d008f
00810089
009f00ca
009200b7
008e0083
00840079
00a200c0
00ad00be
00a1005d
006b008b
00e2008f
00c700c7
00d900be
007f00af
00a50092
00a5009f
007d00a8
008a007a
00870068
007b00aa
006e00c1
008000be
00830080
00920098
00b50097
008b0082
009f00b0
00e500b3
00bb0086
009a00aa
008e0085
006a0091
00690066
00790081
00800093
0089008a
00920073
0070008d
00910077
00990089
007500a1
008a00a5
00b700b7
008700ca
007600a0
00af009e
009200a2
00970086
00b50099
008d0086
007d009d
00a60082
00b5008b
009200c2
007200b7
008b008a
008e005f
0091006e
00b60096
008d00a1
006000a6
00b20069
008c0089
009a00b1
008f00a2
00ad00a9
00e600be
007100a1
008d00c8
007d0093
0093008a
00980096
009800a5
00950074
00a300e0
00ba0091
00a80081
00c000dd
00b500a2
00ae008e
006a006f
00c700a7
006a0082
008600a1
00660075
007200a8
00930081
008b008b
00740084
008500a2
00bb007a
00950076
009100ab
0093007e
008b00a2
00a90089
006e00ad
009a00c1
009700c0
009500b7
009f006e
00ad00ae
008d00b6
0087008f
0073004d
0076008b
009b008d
009a008c
009200bb
0090009e
00dd0095
0095009b
009e0083
0095009b
0092009f
00a500ad
00a8009b
00ab00a3
00a000a8
009b00a3
009700f0
009a008a
00af0106
00ba0089
00d800a7
00b7009d
0076009d
006f00c7
008e0065
00790097
0097009e
009100bf
00960085
00a700b6
009a00d5
008f008d
00840069
008300a7
007f0099
009200ee
00ad00a7
007800b9
00c7009b
0089008c
00a5007f
00c6009f
00a100a0
008c008b
00e10087
008a00aa
008400a0
009800b1
006f0098
0071009d
00b70091
008e006d
00910088
00c3008f
00980089
0082008f
00750081
008a006a
00b10080
009a00ca
0081009f
007a00b9
009500b2
00bf008b
00e00092
00b0009d
007a007d
009e0077
007100c7
008f00aa
0098008a
00a200bb
00720066
009f0085
00810087
009b00ab
007a0085
00a80087
00be00a7
009f0098
008e00b1
00a5006d
007500a2
00a500a7
00a200ba
009200b6
009000ad
007500d1
00ae00a3
008f00a1
008d00b7
0099007e
0097009e
00840095
008d0099
00ed0090
009a0062
00ae0079
00af0091
007c0078
00630063
00a200c1
00790091
00a90096
0090007e
00760072
00c0006f
008d0088
008a00b5
00910093
00e0008b
007d00a8
00b10090
00aa0097
009b00e8
00d000c1
00b5009e
00d100a6
008f00c3
00fa008b
008c0060
009e008e
0085005b
007b0091
00730092
009d007d
00750089
0062008a
009b006a
006c00ba
00a30088
00da00a7
00c700a0
0085008b
00d500d2
00c300a9
008d0098
0088008b
00f10088
00c3009d
008b0075
00920097
00a300a8
00ad00b7
008f0078
00bf006f
00610097
007b006e
008d0082
007300a5
00d900c8
006f0088
00960096
0082009d
00820098
00dd00a8
00b90093
00d300c6
00b8008b
00c300ce
007000a9
009b008c
00b700ae
008a00b8
00960085
008c009d
008700ee
00a600a5
008d0053
00960098
007b0098
00b20084
006d00b5
00c30081
00bf00a2
00a700a3
00a50097
0079009a
0083007d
007400b3
00740097
008400b0
0092009e
009700c5
00b000c1
00aa00d7
00b3006f
007a00a1
00b800b6
009600b0
008b009d
008e00b2
009e0054
00a5008d
00d600a2
00800091
008e006f
00ce00d9
008f0071
00a30086
00a9009f
0083007a
008000bb
005d008f
00c00103
00df00aa
009600ae
00d500ad
0095008f
00bf0092
00c10097
00b0007c
00b2007e
00c300a3
00cd007e
00b2008b
00a50051
008e00b3
0093008c
009700a2
00b90071
00ca0097
00720097
006600b7
009d0092
0083008b
009f0092
007e00b1
007a0082
00c70083
00b3007f
00b9007d
009800a8
00a1009b
008f00a0
00ab00e2
007e0098
010d0089
00ad00b8
00ba00bf
008f0053
006f0077
007c0093
008b0087
006b0085
008a0092
00760064
009d008c
009300a3
008500be
00fb00ae
008a0092
00ab008c
00720084
008a00a5
00b000a6
00ba00a9
007d008e
00cb00a0
00890091
00c800aa
00a7008b
008100ad
00b3009b
00860072
008d0089
005e00c7
00790087
00770081
00840099
00880098
00a900bb
00b20088
007d007f
009f00a0
00cf00ad
008b0093
008b0084
009b00a7
008100a3
0087009f
0084006c
00710084
008b00f7
00ab00bf
009100a1
00c7008b
00970083
00bd0086
00a300a9
00920075
00a60097
00b20063
00a10087
008100c5
008e008c
009a00c3
008200ad
00be006c
009100a9
009d00d7
00bb00b9
00cb00be
00b8009b
00ba00ae
00800071
00d000ad
00e300a5
00c500de
008000c2
0099009f
00af00a8
0069006a
009900dd
008b008e
007400b2
007f007f
0085006f
00a30072
00b3009e
00aa008a
007f008d
007700b1
00bf00a3
00ab007b
00ad008c
00c000af
00b80082
009900aa
007d00a6
00c50095
00a7008b
00840099
00a20099
00860087
00d20097
00660048
009600d3
0082008b
0073007f
007e0073
007d007e
0093008b
0086008e
007a0091
00570085
00c300d7
00c50092
00850080
00a10073
00b00078
009f007b
00a800a0
008700af
0092007d
008a0095
00b9008e
00d6009e
008f00c3
00ef0089
007a006e
00620082
00770081
00b90098
00de0072
008a00ab
00820086
00b10087
00b100b2
009500ad
008d008f
008100c0
00c600a5
00b2005f
0095009b
00720098
00ef0090
0093009d
008700b3
009800a6
008a00af
0086009b
00ab007f
00960089
0061005e
00780065
007100ab
007900ae
00b70088
007f007c
0071009d
00810093
00a100a6
00d20067
007600af
009500a7
009d00a1
007a00a7
00aa00cf
0076007c
00910099
007100a3
00c600a9
00d900c7
0092008f
00b300b3
00a00093
00ca008f
00bd009b
007e00b5
008800a1
009e00a9
0069008d
00ed008f
00890065
00aa0081
00a0006d
00770099
00b50096
00a900a5
008100a2
00ba00ba
00a60095
00750063
009a0101
00b300c6
00dd0086
009e0082
008700bf
007f00aa
008b009e
00c30086
007e006b
009300af
0096007e
00a700be
008900a3
008b00b3
007d0096
00a9009d
0077008a
00930095
00a200a8
00a500e1
009700d6
008f00a7
007a0091
008100c0
009e00bd
008a009a
008e00bd
00b3009a
00a80098
00ab00e9
009b0088
00d0009a
007b0085
00960092
00f80091
00a500df
00be0095
00990098
007600c9
009900c3
00ba0082
0081007e
00d800a7
00d50083
009a00d1
0087008b
00b600dd
00ae0071
009e00b8
00a300d0
00ae0095
0091009a
008a00aa
00b500a6
00a8007f
008c0092
0089005d
007e00b1
0061009a
00960099
0097008a
00c70083
006b0066
010f0073
00690095
009300a8
0077007d
00d200a6
00a2007b
0092008a
00a00081
009f0093
00990089
00d000c1
00a00091
008600a1
009d00a3
00c80071
00e60086
00aa007f
0072005d
008f0065
007e0098
006f0091
00b3008c
009d007d
00a9009e
0089009d
0092007e
00bf009e
009800a1
00860092
00a80093
00ba006c
008e0098
00ad006d
00be0097
009e0095
00810089
00ab00a6
00e30085
00ba00c9
008500bd
00a00095
00a50066
006a0087
008b0070
009b0066
00af0080
00bb00ca
00a50092
009a006d
00a00076
0082008a
009700b6
008200b9
00800089
00950077
008e008d
0089008d
007f00eb
008c0081
0098009b
00840086
00c90083
00b700e2
00b500a2
00b70086
005a0055
008a00a8
0083008f
00760084
008100c0
008400a5
0081008a
008f00d3
009d009a
00970080
008600a1
007b00d6
00aa0081
00c60087
00f90088
008e00cb
00ca009a
006d0081
00a20096
0099009f
00ba00e5
00bd00c8
00960086
00b900c2
007500a1
00910075
008100e1
007200c3
0096007a
00b9007f
00870085
007e00a5
00820089
007f0098
008e009d
00810099
00a0007d
008300b7
009200b6
009b0073
009b00a1
00b000db
00c500b0
00970087
009d008e
00d90093
009e008e
00b50095
007d0072
00950085
0085008a
006a0082
00860086
008b0087
0084009a
00770079
00790086
00ae009d
008300a0
00b00098
009d007b
008c008c
008d0087
00bf00df
0096007c
00bf0079
00c500ae
009d0075
00c300b3
009100dd
00880092
00b800a5
00860076
0083008b
0063010e
00c000b8
0089008a
00960072
00920070
00d2006e
008d008a
008d0089
00c30095
00a80083
006c0071
0079009e
00b700cb
009e00ca
006f008b
007700a5
0096007c
00a70087
00a700a7
00a60091
00a00084
008e009f
00790053
00a700a7
00a800ca
00a500ab
00630066
00d50074
0073009b
00a0008a
00c300ae
00790099
00b600b0
00c30082
00af00ad
00ad007a
00b00097
009800b6
00d700c1
008a0098
009b007f
008d0097
00af0088
009100c6
00a000c5
0089007c
0092007b
006a0081
009600a8
00f200a9
009b009a
00750076
007b007d
00790091
00c1008b
006d0095
0079008b
0074009b
00b2008b
00c2009d
00a900b0
007f008e
009100a3
0095008e
008b0097
0077008b
00b300b0
00ae00af
00bd00b6
00a60079
00590046
00a000a0
00710099
010e00ab
00900082
00860083
00930082
009200b8
00a7008d
0066006e
00f7007a
008a00d5
009d0097
00ad00b5
007600d0
009300ef
00910072
00bb0097
009f0096
009d0085
00b70092
0092007a
00c30098
007b0098
007c0061
00720074
008b008b
00960073
007a0092
008f006a
00a70084
00870096
0082007f
0085005e
009e006a
008300b1
00b1009b
008b008f
008700c8
009d00a0
0091007e
00ad009e
008e00a7
009a00c6
009900ca
00a800bb
0072007f
00ae00b8
00960053
007e0078
00990071
00d200d2
008a0073
0095008e
007f0080
008300ad
006d0074
0082009d
008f0070
009b00b0
00a700b0
007300a3
00af009b
00aa0086
007b00ab
00910097
00ae0085
00b50087
009b00b5
00a600a6
008a00c6
00a000cf
0086005d
008d0080
009a00d1
00760092
009a00a0
0072008e
008e007d
00a200a2
007c008f
006a007f
00a500bd
00a2009d
009e0085
00af00c0
00b200cf
00990091
008a00b3
00a8009d
00a6008a
0089008a
007b0084
0108006e
007c007e
008a0079
00750058
00a2008f
0098006d
007600a3
009200a0
00710065
008d0088
00b5008f
008d00ba
005900b7
00a20091
00af00ad
007800ed
00a20080
00790090
00bd00c1
0098008d
00ab00be
00b90083
00b300b0
00b200ed
0081008f
00aa00e1
00a600b7
00990054
00810065
008200b9
009e00cb
006300cb
00d1007b
006b00b1
00790086
00810074
009d009a
00ba00e0
009000a6
00a3006e
009e006e
008600a5
009f00bf
00ce00b2
00f10089
008e00b2
0089009e
00c000a3
00e70091
009f0075
009a00a2
