013500b8
00b900c3
008500b9
00c200c1
00e700ee
012200b8
006900a5
00870086
0074009a
008200f9
00b2011e
009b00d2
00ed00c7
00de00cb
01080092
007f006e
0067003f
004e0062
00a3005f
00620052
00a0006c
00c900a6
003d0041
0056003f
0066005d
00560045
008c00c5
00ab00cd
0091008b
007b0079
00620065
00cf0042
009800b7
009000a0
00a7009f
00bb0093
00c000a6
009300c6
00cd00b6
00ca00a3
008e0085
00ce00b6
00a100c3
00be00c6
00e000ad
00c500bd
008f00a3
00510072
01470179
00c60137
008500c0
009d009b
01130180
01100167
00760098
00b70095
00760093
012000cd
00d000ca
00e100ee
01d501a9
01a90220
00aa00e6
006200db
008800a1
0071007f
012e0112
009900b8
018e0145
016e013b
008000b7
00c7007b
00d100a3
0085006d
00c700ba
012b012e
015001ab
008f00a5
009f008f
00730073
00c300d7
00fb00e5
008b00c1
007b006a
013e00da
00ef00f3
0087008b
009b009a
00850096
00ab00b6
00bb00a1
00b800dd
01a70172
01620185
00ab007b
00500061
00a60120
00b800a8
00c6008e
0099008c
01000081
00bb008e
009d009a
00bf00b6
0069007a
00ba00b1
00a80088
00a900ab
00b900c6
00a60119
00a2008c
005c006e
00f20179
00f700ca
0089008d
0092007d
00b3009d
00e300d0
0095007b
00ad00b1
007c005f
00b00096
00a000bb
00770096
00a80093
00f60087
009d00a5
00550087
011800d9
00d000dd
00a90100
00760125
00ea00fd
0113010d
008f00a3
00c60076
00820078
00d2009e
00f200c7
00a700d9
01370132
01600116
00d20092
0072006f
008800e3
00960075
0086008b
00cd0093
008f0085
00e50082
009f0097
006b0067
0063007d
008e0095
00910092
00c000e5
00930062
007a00a6
00bf0098
00660053
00770098
007a006d
00fd011e
00a70099
01ee0132
01cb016e
0073006d
006f005b
022e0088
008b008d
00c700a8
016901c5
00de00d1
0085008b
0077006a
00b30090
015000fd
00c600b7
00950097
00ae00c3
010700b9
01010129
007900aa
009600b9
0096009f
009900c8
00d200a1
00be00b7
00be009f
01420116
008900ad
00660086
009200be
009e00b6
008d00e1
009300df
008700a0
008500d1
007b00cb
007b00b0
00b100a6
00b300b8
009d00ad
00c100c0
007b0098
0091009a
00a1010b
008b0066
00ea00a3
00e8009a
008a0065
00630062
00e300d5
00b000df
0053007e
006200a9
00810074
00bd0098
00bd0097
00f000a6
01420139
00c50112
0086008a
009500af
00aa00ab
009d00a5
009d007b
005f0081
00a500ab
010300b3
008e006f
008b00c6
007b0081
00b2008b
00c300cf
00c900fd
009700d8
00df019e
0081009d
0086007a
00760082
006700a1
010100d5
00af0098
01550142
00fe014b
005700aa
00760077
00d300c2
00a00089
008000b9
00f20120
00e100ba
009600a6
009000ab
007b00a3
00af00e9
008c0092
00860081
00ba00b7
00ef00c1
00d200e0
0098006d
008e00a7
006f007e
00b90092
00d10105
00ed00f6
00b60092
00d500aa
00a100e1
008f0079
00df00c5
00c000a2
007a0076
00a100b2
00a60103
00ea00ee
009700b5
00b200a7
007400a3
00c100cb
008a0081
00c000db
00c300b6
00fe00f6
00ba0098
00650076
00c10091
009d00a0
008d0060
007200b1
00ba00bd
00bd00a3
009700a9
00a50069
00610063
008200aa
00800083
00a60098
00ae00c2
013e00da
009300bb
00630049
011500aa
009e00a9
00a2009a
006c006d
00c100ad
00cf00f5
0087008d
007b007a
0082007f
009200a2
00920095
009100d6
00ae00a9
00b800eb
00a5006d
0055005a
00a800a2
007b00be
00860072
00ab0085
007a009e
00c200df
00a200b2
00860086
00810090
009600f0
00ed00aa
00b70087
008f00a3
009b00f0
008b0095
005d004e
00cb0089
008f0092
006b00c3
0075006d
00b9008a
00ba00b7
0092008a
00750081
006f0067
008500af
009a00a8
00ae00db
00970077
00ae00db
00a200a1
007a0071
0077007f
00770098
0150015e
0095008f
01b201ce
010d0116
008600a1
00770059
00cb00d7
007300a9
00b000a0
01750125
01c20169
009300ad
00980099
00d100b6
012500ed
00a20103
00ab0089
00480089
017b00db
014b010a
0072007c
0061007d
0078006d
012b009d
00a700aa
00b500b2
011e0130
02290112
00ab00b3
005e0064
00e000a9
00ff0106
008e00a5
007a0071
00f300e9
012e00c5
00910067
0073009e
006e00a0
00de00c6
00b9013b
0097008d
01820127
01b70185
006e0099
005a0067
00b20063
00700079
017e023b
012b011e
015b0165
02170137
007c008f
00630077
01eb00ea
005b0084
008900b5
0145011a
01150106
0069008c
00b2008d
00c50079
009b007d
0097007d
008500d0
007600ae
00b10076
00a900c8
00a6008d
00690089
00a100ba
00e800a5
009b00d3
009d00c1
007e0087
00ab007e
007d00ab
006a0064
005a005b
006f0063
007b0069
00640085
012000fd
01950167
006500a6
008900be
009f0077
007500ae
01100125
013500f3
00ca00e1
01030108
010000d1
00a900b3
004e006b
00620043
012101a9
00630075
016b0159
01020123
00750058
004f0067
00a000b9
00850071
00790088
01ab0199
0189013e
007f00b9
008f007f
00ad0071
00a00093
00a0008b
007a0097
00750092
009e00be
00aa00e5
007b0096
00c100ae
00890064
00a700bd
00bf00e8
00b500a9
00a700be
00c200f9
00f0008c
00620081
006d0067
0087005f
00a1007a
00ab007e
007e00a8
0097007b
00af006d
004b0053
0092008f
007c0082
005300c3
00e00096
009b00af
0077006d
008e0067
0092006e
00950077
0079008d
00a6007d
009100a7
00bf00a1
00a200a2
00b9008f
007500a6
006e0085
00ba00a6
00ee008d
00b600b0
009a0087
00a70099
00d20085
004d0047
00be00b0
00cd00bf
009100b9
00b30081
00a60118
00ce00c6
009b00c7
00ab00b3
00880093
00de00cd
013700bf
00d600bd
00ba0098
013000e8
00ed00b5
00630077
00880068
007d0066
00f600c2
00d3006e
00d100df
00c900aa
008b0075
006d0069
00870095
00b90088
00b500b5
00ca00bb
00890097
00b00073
009b00a8
00720082
008600a7
00e30096
009200b0
00ba008a
00b700c6
00c70083
00d50095
00aa008f
007a0077
00d500b5
00a10090
00ad00b2
008600bf
009000bf
00a200d8
00510053
0195017b
018000f9
0129013b
00f5015e
01c201b9
02a501c5
0185016e
014001d9
013000e1
0115016e
0217020b
014e0180
019b0182
0249025b
00dd0147
013b015b
007e009b
00a000a1
006200c3
00a0007b
0083009e
00b50099
009600cf
00a00081
00880065
00cb00bd
009200aa
00bd008d
00a20077
00e90109
008b00cb
005e0090
009b00a6
00be0084
008a00dd
0076008d
00b100bd
008c00b7
00c10081
00b600a3
00b5007c
00cb00a3
00c70099
00a200a6
008c00b5
00c100c0
009600a8
00570052
008d00b5
00f30091
01490187
00fa0147
0106012e
00d30110
00af0091
00a100b1
00b00079
00890085
0095007f
00d30109
00a100bb
009f00a9
012900e9
00620066
00ba00ba
00c600f2
00bd00ab
00f0009b
017200fe
016700f9
00a200de
00bb0107
00b500f0
00b900f7
00f700c0
00d60147
009600ba
009d00c0
00aa00e5
00b100a0
00cb008e
00a300b1
009800a6
00be00a7
00da0099
00ba009d
00a300f7
00a600cb
009b0063
00bb00c1
00a500ba
00e000a7
00990093
00c700f7
009100b7
0056005d
009a008c
007f0091
00830084
008900c5
0090009f
00c100c3
00bf00a8
007f00b5
008700a3
008c00aa
006d0098
00e0009a
008300bf
00a30098
008f00ab
006f0090
00ad00cb
00d500d2
0083008a
00b000b3
00be010d
00a900fd
009f00a1
009b0091
006c007f
00c700ca
00c800b5
00d300c6
00de00ed
0113017e
010f00a5
00670069
00ae00af
00e500d1
00f20162
00d600af
00c3014b
00b900cd
00d500bb
00b000fa
00bd0093
00df00a5
00ab0092
00ee00f6
00be00af
00be00cd
00fb00b7
00aa00a5
00a900db
008e00bd
008000a8
00c2007a
00700097
00c0008c
00a600a1
008b008c
0067007c
00fa0087
007e00b6
00d500b3
00b20097
00be00f8
00cf00d7
0050004f
00c600db
009f0099
00b700aa
009b007e
00f100a3
00b000e8
00d10099
00a20085
0078006f
00d600b8
00c000a9
00c300b9
00c900c6
00a300cb
00b500a2
009e00a8
009e00b8
009100a7
00a80074
0081007b
00b2008e
00bf00ad
009a0082
0092008e
007e00b2
00b500b7
00ae00a8
009000b2
00a200ae
00bd009b
009a00a3
00830097
007d00a2
00ed00a9
011d0130
00e00105
014200e5
00cd00ef
00b900d1
00bb00ef
0082008e
00af00c5
009900a7
00e500ea
007900a7
00bb00bf
00c200c9
007a0084
00c30092
009200c0
00de0096
007d00cb
00d300c3
00b100a8
00b600ca
00b6009e
007e007f
00cb00f5
00c000d1
00a900e5
009200ad
010100f2
00a200b6
00670057
00b000c5
00ca00c1
00e900e3
00c60100
00e600e8
00eb00ca
009200bf
00ca00c1
00a600b7
00b800bb
008b00bf
00c9010b
00ad0092
00a900d5
00b900ad
00900076
00a700b8
012700a2
00eb00e2
00bb00da
01090100
00a600eb
00ab00be
00ed00ed
0077008a
00a200ca
00ca00c2
008d00bd
00870087
00df00d7
00e100db
007d009d
00a800fe
00b700d8
009f00a1
00a200aa
00a300b0
00b100d3
009700c7
00b00091
00b6008f
00b500e2
008600bf
009900be
00cd00b0
00fb00dd
00960093
005d0059
00a000c1
00c700c3
00af00eb
011700ca
00aa00e1
00d600d2
00b8009b
00fb00e3
00b9009b
00a300cd
00b000ca
00a000f1
009e0096
00a200d2
00b000a7
0083008b
009e0076
00790086
01130101
0110010d
00cb00a0
00eb00d1
008100a1
00df0093
006e008b
00900092
00b1009f
00e200c8
007e0077
0082008a
00ae00d3
00740069
009300ad
00c500b7
00e3012b
010900c3
01300112
0107011d
007700aa
00ca00bd
008d0096
00c700bb
009d00c0
00f00107
008200ae
00b1009a
00b300b9
00a80081
00c900d7
00b700b3
0076007a
007f0079
009100c3
0096007b
008e00a0
008300b2
0062006b
00a500ed
00ca0092
00fa00ad
00e100a2
00e0010b
00b8009f
0051005e
00aa0076
00ea00ba
00c500f9
00cf00c1
00e80115
00d5014b
00c500bf
00a700cf
00d90098
00eb00b9
00fd00be
00c200e5
008d0093
008a00cf
00a700e1
009a00f0
00a10097
00a700f9
009a00b0
00b5009a
009700d8
00b800e5
00aa0095
00cb00aa
007a009b
00d80122
00800092
00ad00be
009800b8
00d000e6
00aa00d5
004b0071
00ae00be
00b100c9
00f900e0
010600a6
00f100e6
00eb00cb
00fe00dd
00e700d1
0086007f
00c300db
00d50099
00e600e3
00b90093
00c7007f
00b90095
00ca0090
00b000d7
009300b3
00d000d1
00fb00b5
00f100b6
012900b5
00ca00a3
013000df
008a00a5
00a100c9
00c900d8
00e800d5
0087008d
00a2008f
00c30110
0073006e
010000c3
00cb00ba
0090008a
006e00af
00a300f0
00a30129
009200b5
00bf009b
005c0077
009100f1
00b100c6
00ca00c5
00d20150
017b01d5
00aa0085
00720051
00af00e7
00a50092
00920099
00a20095
00cd0088
00e300cf
009200db
008c00ad
008e0073
00d200c1
008800d0
00b700af
00c200af
00c700c9
00ce008e
004e0060
00c000ae
00b700c3
0081009d
009f0097
00b20145
00c0010b
009800af
007700a1
00730083
00b000de
00850117
00ad00db
00cb00e6
0127012b
008c00bb
006200af
00be00c9
00ea00d1
00a0008e
008c006d
00be00e6
00d100bb
007c00c7
00b200b1
00790068
00b200c1
00b000ad
00d900a0
00a200ba
01800157
0089008f
005b0078
00af00c6
00e8009a
00e900cf
011000ea
011e00e6
012e00f0
00d6009d
00ae00ed
00b900c6
00ea00b6
00b000ce
00b300e9
00a800d7
00ba0087
00f20095
013e013b
00c000b1
00a300ab
00900082
00710083
00dd00a5
009000ce
00b3008b
00a9013e
0087006b
00c900bb
007e0092
009e00a6
00b2008d
00eb00c3
008d009f
0062005a
00b000c1
007200b9
010e015b
00c700d9
018e0165
015e0129
009b00aa
00b500e0
00a3006c
00bb00af
00a600af
011e00eb
009200e8
010800b1
00b500be
007a007e
009d00a9
00d600c3
009a0074
009600b5
00cf0099
00a7009a
00a10084
00a900e0
00e30081
00d30127
00a600a2
00c000a5
00b00098
00ee00d3
00df0069
009f005a
009b00ab
009800a8
00b3008a
008e00a1
00da00d6
00fe0098
009b0087
00ca00c9
007700ab
00bb00b7
008f0095
00a1009e
00eb00e7
00fb0129
008500a5
007b005b
00c000b0
00a800d5
00e800d2
00b3010f
00c60122
00c500c5
00aa009d
00da00c8
00c800b8
00c80091
00a900da
00c300be
008d00b9
00c900a7
00a70076
00e000e7
00b300c7
00b200a9
00f10127
00b700e5
00f2011b
00f800e7
00d100ad
01070106
00b20087
00a700df
00a800cf
00b6010b
009900a9
00aa00a8
00b20105
006e0082
0091009e
00f30095
0081006d
00a600d5
00a9007e
00a3008c
007700b0
00a300a9
00680070
00f200c2
00b1009a
009a0089
008e00a9
009000a8
00ba0089
006e006e
006c008a
00aa008a
0079008b
007f006f
00b500ea
007d0072
00b900aa
008e0091
0075006f
00c7008d
009f0065
0076006d
006a0071
00900095
00a0008e
008000ba
0064008f
009500bf
00c0006b
00ff00c1
00830087
00c00075
00d900e8
008200c6
007d0069
00a100bf
008a0079
009d009b
00620061
0062007d
00a800c2
004b0062
00a700c8
00fe00d7
00c900f5
00fb00ba
01180149
010a00e2
00a600d2
00a000b9
006f00c3
00b70095
00b900c0
00a9012e
007d008c
00d500c5
00a000ed
00820078
00b50108
00b800a6
00a000b3
00a10084
008100b9
00b10099
007e007f
0092009e
0098009e
00ca00f9
00b000d8
009b00be
00ab008a
00c100b5
00b90096
0052007a
00af008e
00a80093
010700b1
0091009e
00d000b9
00c200be
00b600c6
008f008c
00a2008c
00a80103
00f80087
00b500ea
009b00ab
009d00c3
00a000b6
00910097
00c700b9
00e500ce
00960092
007700b2
00d700b6
00fa00f8
0086007a
009e009f
00bf0085
00eb00be
00c80086
010e00f3
00f100c5
00ed014e
00a200a6
00820077
00e000ce
00af009a
00e300cf
014000c6
01470106
010700e2
00d60091
011000f8
007d00e5
00b200d6
00cd00e0
00cb00d8
00be00b1
00cf00b9
009e00af
006b0082
00c50140
00a500d2
00a0008a
00a90063
008a00bb
00e0010f
0087008a
00a8009a
006e00a2
00ba00a6
00aa00d1
011200c2
012b00a9
01590132
009b0090
004d0063
00b800a3
00da00a5
013700e2
00c600d5
00e70152
00e900d9
00a600c2
010f00f5
01030077
00a0009f
00a500bd
00c000cb
00df00c2
00730083
00ae0099
0075006d
00a100ab
00b800be
0097008e
00a1009a
00c600ee
009900ae
009800a6
009800a5
008e0061
00eb00d8
00cb00aa
00c000b3
00d200b1
01570127
009500d0
006f0066
00a100c7
00ef00c2
00910091
00bd009d
009d00a3
00bf00b5
00c900c9
00f700bb
00b3007b
014500fa
009b00c0
010f00b0
00960096
00bb00d3
00a900fe
004e0074
00790092
00a00092
008f008b
009d007e
0080008c
008b008b
009600ad
009900b7
00b30099
008200b0
0084006f
006a0091
008b0082
00ad008a
009200b0
0063008f
009200b3
00b100b8
00b700b7
00e700d8
00c700f9
00b00098
00be00b0
00d200e0
00a5007a
00c500d8
00aa00ce
00c100f8
007f0070
009600cb
00ad0093
00920061
00c700a7
00c500b7
0098008a
007600bd
00d900b8
00e100ef
00e800d0
0081008e
009600a0
00f900df
009300b0
00f900d5
00d300e7
0159010e
009a0098
00590056
00b700b8
00b700a6
008900a6
008c0086
00aa00a2
00c600b8
00bb00a1
009500a1
00b00085
00f500f2
00bb009b
00c90095
00b5009a
00dd00fa
00cd0092
0062005e
00920099
00a10099
00890085
0091007d
00af0090
00a100c1
00c000a6
006e009f
006f0077
009100e7
00b600ae
00b900cd
005a008f
0095008c
00db00be
00540065
00a900fe
009d009e
0095007f
00b600a5
00a900a0
009f0096
008e0077
0097009d
00770082
00bf00c9
008a0072
00a70091
00a10085
0093007c
00af00ab
006c0067
00720079
0093007d
00630080
0073006d
00830092
00ad0095
00db006f
008000a9
00830072
00b70098
00bd0092
008f0093
006d007f
008100ae
00a2009b
006f004b
00c500f0
00c600b8
00680089
008e0089
00e800be
00bf00ce
00c100a7
00c900ae
00d5007b
00e700c3
010e008c
00bf0092
00a70091
0100012b
00c3008e
00630082
00e00123
00e000ca
00a600a5
00d600cf
00c000a5
00f200a3
00d100c0
010000ad
009d0074
009900d7
00dd00bd
00f5009f
009800aa
00c600c7
009b00a7
0061006f
00ab009f
00a50091
00ba00b6
008600bb
00ad00bb
00970096
008a0089
008f006b
00780092
009b00b6
007f007b
008d00a6
00840073
00d000a2
009f008f
00740095
009b009a
009500ce
009600a2
00e90077
008500cb
00d200ba
00c900a1
00d000d1
009a0075
00e10108
00be00f1
00a500a7
008a0086
00bf0110
009700d8
005d005f
006c00cf
009200ba
00b500a6
00a0008b
008f00a8
00a700c5
00a800b0
009b00a5
008300a5
00d600f7
009b00bf
009600c9
00ad006e
00e800eb
00dd00db
005d0066
00b000fa
00e600ab
016000bb
010000e8
014e0169
00e600c2
00f200c2
00eb00b5
00ba00b7
00f900b6
00ae00c2
00f000ab
008c009b
009e00b6
00b200e2
009e007e
005e0033
0046004e
00670099
009700b6
0077007d
005c0053
005a0044
00530061
00420045
004c0040
0064004c
003c0052
004b0056
0046004a
00670049
004d0059
007900b7
00ad009d
00850069
00b20076
00b600bd
00bb00ae
008500a7
00aa008b
00820070
00f600ab
009600c3
00bd00be
00710092
00c70113
00a100a0
005b005f
00a800b5
00d300d6
015000d0
00eb00ad
00e200b9
00fb00cf
00c800ce
011b0101
00fa00eb
00b50120
00b000e8
00b600c9
00a70081
00af00be
00b300ba
00c000a6
00980091
00ce00b1
010e00d6
00fa0106
00d200f6
011e00d6
009b00b7
0106014e
007e00e0
00e600b2
00c800b8
00be00f0
00970092
00c000b6
00cb00a6
009f0087
00e100db
00d500b8
00f2011e
00b300e9
01110102
00d000d1
00e300b3
014200fb
008b0177
00d000ea
00db00c2
010700d8
00a50084
00de0087
00be00d1
0063006f
0097009f
009d00bb
00f200f8
00c100ed
00fb013b
00e600bb
00c600e0
00e500f9
00ae00aa
00a900f7
009600de
013b00df
00b0009e
00a900a5
00b500d6
009300c2
00d500ad
00a900bd
00980083
006a0097
009e00a1
00b500cb
00af00c7
00b60081
009d007c
00cb00fd
00c600ad
00b600ab
00b100a2
00f300e7
00b200aa
005c0057
00d6007c
00bd00b6
008300ea
00aa00a5
00b900cd
010d00fe
00c9008e
00a30086
006f0081
00d900c3
00df00c0
00c90097
009a009e
00e90120
00a800ca
0054005f
0092009e
00de00b8
008600a9
008a0085
009a00c3
009e0097
00dd008e
00bd0096
00b80075
00ef009a
008500c5
00ab00ca
00890096
00db00d2
009b008f
0068006a
005d0089
0071007e
00630053
00550051
00540066
00830062
00a200c1
00840072
0054008d
008500bb
007a0077
005e0062
00450057
0063005d
00a8006e
00590056
00dd00c0
00a50082
008100e3
00bd0065
0091007a
008700ed
00910091
00d0008d
0099008c
00b900c2
00c100a0
009500b3
0096006f
00b800c5
009a0097
00380061
0082005f
00910082
00950065
006b0087
00670092
00a30093
00ce00a7
008d00a8
006f006c
00a700e9
00850062
00cd0091
008a009f
006b0071
00c0009e
00530067
00ad00eb
00c90101
00b500b9
008d010a
00b3009f
00a800d9
00cd00c0
00b200ff
008f0089
00ba00cf
00bb00a7
00c500b9
00950093
00aa00b9
00b500c3
00550067
00d900c6
00a0009b
00a6008a
007d0083
009600be
00a600cb
008f0082
00920083
009a00ba
00a900a7
008500d2
009f008e
009e0086
00ca0097
00ba007a
008000b7
006a0091
007900c0
00710082
00640077
009d00b7
00a5009a
00a100e3
00ba00af
00960091
009200c0
007d00a5
00af00a3
008400a3
008400ae
008b009b
005e0074
009600c9
00d000bf
01590195
00f60119
0139018e
00e70102
010100f6
00ef0110
00b90089
00ab00ca
00a70097
00ca011b
00e300d9
00c500c9
012200cf
00b200af
00ab00ab
00b500ba
007e00a2
009b009b
00a90092
012500c5
00b500d7
0087008b
008e00bf
00f300ca
00d000ad
00780085
00a10084
00bf00ce
00b20082
0059007a
009600b5
00b500fe
00a5009d
008a00b2
00910095
0097009b
00a100b2
00ae00db
00ae0092
00ed00e7
00be00b9
00bf00ce
0086008b
00a100c0
0089009a
006b0055
0067006c
00a9009e
00890077
00740071
0069007e
008400a2
00a20092
0067007f
008e0070
00da00d6
006a008e
006c0092
00610081
006c0085
0099008b
005b0057
009e00b9
00c500ea
0098009b
00a900ae
00dd00d8
0091009d
00c200b0
00f60118
008a0081
00c200b9
008a00ba
00c30098
00aa00b0
00d000c6
00a500da
00a50082
00cb00b5
00f200a1
00920092
00ab00c9
00da00d5
007d0081
008a0097
00c5009f
00930087
00fb0102
0096009d
00aa00ad
00a500ab
00be00d1
009d008e
0086006a
00a200b8
00c100b0
00d90106
00df00f5
00f00100
00d500ba
00aa009d
00f10132
00a700a8
00bf009a
00c300e1
012b00b6
00cb00c0
00be00bf
015700a8
009f0076
007e0072
00a10085
0086006a
009f0085
0089007a
009f0093
008e008f
00af00a0
00c00088
00c200c5
008f0070
0075007b
006a0093
008300a7
00a800b8
009200c1
00620071
00780065
006a005c
00660065
0074005e
0064006f
00ef00e0
009f00b2
0084005f
009500be
007e009d
008f007c
005b0068
00740065
00670080
00510065
0083008a
00c10093
008500a5
008e0091
007e0081
00cf00a8
00a700ba
009e007a
006f00a0
00e600bd
00d000b3
00cb00ab
00b800e3
009b008e
00a80076
0059007e
00b300a0
00ad00e7
00a6007a
00c50071
009700c8
0092011b
006c0096
009e00d3
008a007f
00c200cf
00a300cd
00b000af
00b700c3
00ef00fb
00b50085
006a007c
00530062
0061006e
0066006c
00440059
006b0056
007d006b
00eb00d1
00840083
005e0075
00960099
00750081
006b0060
0060004e
0070005b
00740091
006e008d
00c000bd
00db00b0
01270120
00d600e9
011d00cf
00ae00d9
00ff00a7
00d200fd
009800a6
00a300a6
00f500a9
00e800f5
009f0091
00b500a3
00fb00e0
0065007e
00a300ca
009e00c8
00a80083
00b3008f
00ba00d1
00b8009b
00b700aa
00e300a5
00c10092
00d80127
00bd008a
00bb00a3
00a10098
0139010a
00a100e1
00970065
00570047
0071006a
00560063
006d007e
00850062
0083008b
00ff00ab
00aa009f
004b007b
00aa00b1
00980063
00760069
005b006b
00570055
00a500a0
0050004b
00530056
0076007a
0048004d
007a0076
00550067
00910061
00cd00e5
0090008e
0056005b
00a8009d
0066006f
00420075
0085005b
007d0064
00a00084
0043006d
0065004f
007c0079
0052004a
004f0070
005d0059
007e0077
00ab00d6
00830077
0054005e
008a0099
005a004f
0052007b
006f0065
00630058
009a007b
00560066
00510053
00800083
007a0054
006d0073
007100a2
006e00a1
00f300fd
00990073
004d007d
0098007a
00a5005a
008e0082
00820074
005100ab
00b30085
004d0049
00650052
0052006b
004f004a
00750065
0065004b
006c0086
00f700f3
00760092
0048006a
007500ab
0061006b
00860088
00560066
00570062
00a00097
004a006b
006d0061
00a8008e
006f0071
0077006f
00830091
007f00aa
009600a0
007d0098
00890072
00b700b3
00b50092
00ab0072
00770078
007f0060
008500a5
0069008f
00da00b6
00d200b3
00700073
008b006a
00b900a1
01210093
009f00ba
009600ea
008f0087
00c900ca
00b1008f
00cb00fe
00a200b2
012500fe
00af00c8
0051006f
00450061
005400b8
003e0043
0074005f
0057005f
00950072
00a600fe
006e0062
005f0052
01050096
00650049
00610062
00620052
00750061
008b0086
0063004e
00db00cf
00bd00ef
00cb00a7
0093008b
00aa0103
00a200b2
00b10092
00d600a1
006c0097
00f000da
00ba00b1
00c700df
0091008a
00fd00d0
00b90073
00460045
005b0098
0069005a
00550041
006f0053
008f006c
00910078
00d50110
007a006f
0062005c
0099008d
007a0089
007a005d
00430049
00760053
00740062
00550045
00e000cb
00ae00d8
012e00f5
011f010a
01100145
010b00c7
00ab00ed
00be00d9
00ab00d9
00a2008e
00a700a9
00c200c1
00b100aa
00ed00c1
00ba00c8
0069009d
00660091
00690090
00760079
006b0098
0084006e
008b00b7
00d0008d
0099008b
0089005a
00b300bf
008a007a
007a00a9
007b007e
007b0080
00b600a3
00670066
00680062
00860081
0076006d
007f00b0
00a5007a
00aa00b0
00c200bf
0071006f
008d0065
00b500a7
008c00a6
008d0092
005c0082
008600a8
00a700a0
006a0089
006a004c
0076007b
0060004e
006b007a
00810071
006b0064
00c10100
009500ad
00650056
0095008d
0082007d
00670066
00680061
0066006d
00ad00af
0052004a
0061006a
008300a8
005c0062
0063005d
007f0072
00810081
00e100cf
0073008b
006a0075
009500ad
007f0081
006400a1
00650063
00920075
00900089
00830087
00b30086
00c000c2
009d0097
00650070
00820099
00a30089
009a0095
00cb0099
00950070
00aa00d6
00b20072
00a50093
005e007a
00be00d3
00a700a9
00520059
00530062
005f0065
006d0055
004b0075
00750067
0079008f
00d300b7
0097008a
00630062
007f0061
00780061
0070005e
0060005f
00750084
00b8008d
00530076
008b008b
009700a7
0081007d
00be00b5
00a500bd
00c3009f
00a900ab
00a500bf
007c0083
00a300ba
006b00a2
00970083
00a90069
008a006f
00a800a6
005d006d
0068004a
006a006b
00530046
0051007b
007d0069
00770080
00dd00c3
0078008e
0065005d
00bf00ab
00820078
00790069
006a004a
006a0055
00a9008d
00490053
004f0063
005d0059
003c0083
0057004e
005b005a
005a0066
00d000b7
00a10062
0056004f
00750079
0082005f
005a0067
00440047
00570069
008500a3
005b0052
004f005a
0072008c
004a0085
0069008a
0069005e
007e0069
00e600ba
00730076
004f0079
00c50096
00460055
0057006b
00530059
0051005c
009d0073
0047005a
004b0072
008f006f
005f0042
004b007c
005f0053
0079007e
00d800dd
0087007a
00750065
008c008a
004f0060
005e007e
00470067
006f005b
00b0008e
005b004c
005f00be
006c0072
0075005c
00760079
0073006a
007f0082
00c600e8
00670098
0081005d
00b3009d
00ab0086
00630097
005b0065
007d0092
00b2009f
0073006e
0057004e
0063005e
00630065
007a006d
00690068
0073005c
00c800af
008f0091
00620053
0092009d
007e0059
006c0076
00680044
0055006f
00b50089
004d005f
00f300c9
00a600b1
00c200a9
00b700c0
00d90112
00c600c9
00b30090
008e00c5
008e006c
00bf00c6
00c800b8
00a700ca
00ae00bb
00fb0137
00c700c5
007600b5
005e007d
00a5009d
006a0064
008a008a
00a50071
007f0081
00b800bd
006600a9
007e007f
009200c5
00830093
00c700ba
00660056
007f0078
00bf009f
005d00a0
0037005d
00730052
004d0052
0051007d
005f0069
00980059
011200d3
0082007d
005b004c
00c2009d
00a2006d
00660060
00540052
00580066
008c0096
00490049
00dd00b8
00c000c3
00890072
00b100af
00b100b3
00ad00a9
00bd00c2
00d600d0
009900a1
0119009f
009000ae
00c900cb
008f00ab
00c100c7
00c800ba
0056007f
0057006b
00680085
005c0059
00560070
00620067
00750072
00b900ee
00630065
0056006d
008d0099
00870074
008c007f
0047005e
00550062
00960087
0047003d
007c006f
0090008e
006e0072
009d007e
0076009b
009a0098
00a20095
00ad0096
007c0079
00c600b1
00ae007e
009000b8
008600df
00870092
009700a8
00680067
00ba00cb
00bd00bf
008e00c3
00f500b6
00b900f9
00c200df
00eb00af
00ff00c6
00cd006f
00a200ff
00e100bf
00ca00e9
00a50071
00e0009d
00c800cf
007b00a2
0087005b
005c0069
00480056
005e0052
00570066
0074006f
00b800a1
006e0078
00870085
00a5009b
007e007e
00590082
005e0079
0061005e
00ba007d
005d0057
00730052
0089005d
004b004f
00630066
00660059
0066009d
00d100bf
00980091
006b0057
00a90085
00630093
00aa006b
00550056
004f0050
0091009f
004a0071
0055005e
00570061
005d0076
006a007f
00710066
00730083
00e200c6
007a007d
00610052
007700b9
00840061
00a500a1
007b006d
007e0065
00c500b1
0079008d
006d0048
00620070
00570054
0048005f
006a005c
00720067
00af00c5
0087006a
00660062
006d00b3
006d0077
006c0065
0081005e
007e0073
007e007a
005f0040
00630051
00970079
0059006c
005f006f
00660070
008d0062
00a000f0
007300a2
0052005f
007700ba
008b0072
00c00081
007e0058
007d005e
00a60086
0057004a
0055005f
0067006a
006e0059
006d005f
004d006c
00850084
00a800a6
00a90073
005f007d
007a008f
006c0056
009a00a2
006c0060
00650079
00860097
00620044
0052003c
005a0063
004d003d
003b003e
00690063
005c006e
00cf00c8
007b006a
0051005a
008f0092
006b0076
004d0053
00700042
0068004e
00850063
005d0041
005f0072
009d0074
0067004f
00a10088
008c0072
008900a7
009a00ca
00a000a9
00860057
0091008f
006f006d
007300a0
009e0075
0074006a
00cf0097
008f00d7
007d005f
005e0074
004a0054
0069004e
006d0065
0076007f
00b700de
00790084
00600057
008b0082
0065007c
0070006d
007d0066
00620059
0082007b
00500055
007c0096
008a0093
00810077
00680091
00cb008c
00a200a1
00a10079
009d00a3
006f005e
00b700f1
009300a0
009a0079
007d007b
008e008f
00ad007d
00660056
00bb00c2
00d800b2
00b0007a
00a600bf
00b100eb
00e30090
009100a2
008500a2
008d0085
00c500d7
00c50090
009d00ad
00a000b1
00b900e3
00a2007d
006b0067
00670067
005a0072
0053004e
004d0067
004b0059
007b005d
00ed0118
00bb0093
005d005a
008f007b
00640063
0055006e
005a0045
005e005a
008c0089
003f0044
00a700a2
00b500d3
009700a7
00a10072
00ca00bd
00bb008e
00a500b1
00e60096
0083006b
011500d7
00db0095
01170099
00ba0097
014000ba
007500cb
00650098
007c007b
00a1008b
007e0096
007d00b1
00d20082
00b200a7
008d0089
00810089
00a700e7
00fe0079
00840077
00b1008d
0073006f
0071008f
00a500a5
00660077
005800ab
00900068
00490060
00690062
005d004e
00c0006e
00d800f8
00a300be
005f0048
00a00079
00710099
005e007f
00690056
00830054
008300c0
004a005a
0054004d
008a008e
004a004f
00580060
009d005d
00680061
00c200de
00890075
00610065
00910097
007d0064
005e0057
00630047
0059005a
00bb0070
00400067
0060006a
0086005e
004b0050
006a005d
00650063
00890086
00b900b6
0097008a
0051004c
007e0091
00c50085
006d0088
00610076
0059007d
00a30093
0057004e
009800b6
00750079
008b0085
0091006a
009a0087
00800098
00980097
007900a8
007200a2
00f700bf
007a009b
00890087
007d00a8
0073009e
009f00b6
004e0072
005a0057
00620071
0055003f
005e005d
00730062
00870066
00b300e0
006a007f
004a007d
00990081
00590064
007c0067
00780051
005a0059
00ba0085
00600052
00bb00a6
00830086
007b007c
00ab00a6
009a0085
00a20096
009200a8
007f0070
008500c6
011300b0
009e00b0
0092008f
007c0085
008200a1
008e0097
00580085
00480069
007f0063
0046006a
004e005b
005a007c
007a005e
00e100c9
00960079
006b005e
00a500a8
00650063
00720061
005d0054
00970052
008d008c
00590047
00b90088
00a000e0
00aa0082
00aa00ab
00b10112
00bd00f3
007d00a3
00a600c5
00a10087
00b800c1
008e00a5
00ee0123
00880086
00da00e6
00ae00c5
006e0051
006d008b
00750085
006e0077
00650088
007e008c
00a70082
008a008b
0079009a
005e0077
00d700c3
007f00ba
008d0092
00920081
008c0083
0095008a
0056006d
00f600d9
008e00b5
00ee00b1
00e700f6
00a800d3
009e00ad
00c90109
014000fd
00b900cf
00a100c2
00a500e8
01050112
00770083
00b100a8
00db00a8
00ad00ba
0051005d
006b0066
005a0054
004a0041
00730062
005d006e
00be00ce
00a2006d
00600050
008b00a8
00660063
0098006a
006f0052
0063004f
007e006d
005b0067
00550067
0056008f
005f0049
00610052
00470069
008c0076
00a200eb
0089006f
00690063
007900be
0065006d
0062007d
004f0061
00760067
008e0082
003e0042
0049005c
0056007d
0065005d
0062004a
005d005d
006d0061
00c300e9
0082007f
00660062
007e00a0
00760082
00820086
005e0069
00520067
007c008e
00390057
00590076
006e005b
006e004f
00640056
006a0061
0083008c
00cb0121
006d006d
0069005d
007e0079
00710083
0073007b
00660062
00770095
00b000af
0069005f
0046005f
005e006e
0044005e
004f0059
0054008c
007d0073
00af0117
00870079
00540075
00a6009f
009e0063
0077006e
005e004f
0067006d
00930093
0051004f
009800db
00d900b0
00d300c3
00b500d6
00a100be
00d200bb
00f300e9
00c100bb
00750090
00f900ed
00ae00b1
00c200d1
00cd00a8
00cf00b9
008c0095
00a2006c
0049007d
00860076
005d004d
005c0040
006b006d
007b0096
00c100aa
00760064
00690053
00a30081
005b0085
00870066
0054003f
00620057
008c0072
0031004e
00670056
00830060
006b0075
006700a2
007d0089
008a008e
006200b1
007f0084
00830082
00ab009b
0071006a
008f0074
0070006e
006b008a
00a000b0
00610063
005d005f
00810097
005b0051
00530041
0072005c
00840090
00c800e2
007e0061
0072007e
00b20087
00560081
008b007c
004d0056
0069006c
0098008f
0063005d
007d0081
0084009b
006f008b
007f007d
00a60096
00c000ed
00c60084
008e00af
00b30099
00ab00ab
0097007f
008d00a1
00a10084
0076008f
008700c2
0052005e
0087007d
00c00098
0069007a
008e007a
0098008b
0093009e
00920088
00b8008a
0099008d
00bd00c9
009e00ba
00cb00af
009e0058
00890082
00ae0099
0070006e
00440060
007a0062
00550056
007b006b
006f0052
00960091
00de00df
009a0083
008d0066
008400a7
006e007e
00710082
0056004e
008a005a
00df00b0
005d0083
007600bf
009600a2
00880090
00740092
00950084
0089009b
009d0073
00a10082
00a3006b
011300bb
007d0081
00b30091
008900a7
00cd00b2
00cd00aa
00510045
0067004d
00690086
0042006d
00620078
00670063
006e0054
00950121
008c008e
005d0052
00850097
0079007c
008c007c
0061005c
004d0054
008a0081
004d0050
00770044
006c008c
00450059
006d0069
008b004f
005f0072
00ba00c5
00670089
00520079
00910077
00680069
0062006c
005b0064
005c0056
00bd00ab
005a0048
004e004b
007e006d
004c0066
003e0060
0059006b
0095004f
00b600da
006b0077
006b0057
007d008f
00560061
004e006e
0060005e
0064006a
006b0073
0045004f
00890079
00960082
006f005a
007c0085
00960074
00950099
00990095
0070006b
00a80086
011d00a2
00a30069
007f0090
00730073
00960075
007900a5
005a0062
00640055
006b0086
00770050
00450052
005e0043
009b0072
00bf00c3
006a0097
00750064
00ae0099
004a005f
00790062
00540049
0072005d
00b700aa
006a0041
00520071
00750090
005f0053
0050005e
005e004e
009f006d
00af0096
00740092
0056006b
0082007d
0074005f
0066006e
004d0053
00680053
0083009f
0061004f
006f004d
005a009b
00660049
00660052
0096007c
0066007c
00bb00ea
00830073
005b004c
00b100af
006f006b
0073008d
007a0070
005b0065
009700bf
0059004f
008e008e
00c70092
00f500bd
00980119
00ff00b2
00f700ba
00ab00ca
00e600f6
00c600a8
00d100d7
00b2009e
00d600cd
009b00c2
00b900f7
00ab00c1
00b5011e
00a900cf
00d200e0
0085008f
00ad007a
00f000bb
00b800bf
00b0008e
009f00aa
006e0081
00a800d6
009a00a8
00dd00c5
00bf00a3
00e700f7
00ab00aa
0055006a
0053005c
006f0056
0045003e
005f0067
005c006a
007a0096
00900084
0072005b
006e0075
008700a9
0062006f
006e0072
0048004f
0054004b
00530058
003e004d
00440056
008b004d
00550057
004f0056
005e0042
0061007e
00d100d5
006e00a3
0042007d
00b7009e
005b0058
0072005f
00580063
0056006c
008f0082
00420044
0073004e
007c0088
004f005a
0047004d
0073006c
006c006a
00fa00cd
009900a6
007b0073
00710089
008e0073
00a9006f
005c005d
005c005e
00800075
00390045
0083007b
00860090
0062005a
00a6006f
00620083
009a0093
011000ae
00aa0092
0092006b
00b300d6
00b00096
00f1007b
00750097
00950096
009900f0
00730072
00b10086
007a00a0
0065005d
008a0082
006c0091
0089007f
00bb00a7
00990095
0075004f
00a3008e
007e009a
00890082
00750065
00810080
00aa00a3
00540055
0047005d
007200a0
00410056
0061004d
005c0068
00890063
00ae00e5
006d0065
005d0059
00b1009d
00530072
006a006f
0046007a
0059006c
009200c3
00540062
00470070
00750062
005d0048
005d006f
006f006b
007f0098
00e800a3
0073007c
005e006d
007f00dd
0050005e
006c0080
0067004a
00490071
007e0079
0079004a
00e20095
00c600e5
00f9010f
013900c6
00fd0147
010700d1
00c90120
00c70101
009800a1
00c300a9
00dd0101
00cb00f6
009700a2
00df00ef
00da00af
009900a2
00a3007f
0085007a
00a5009d
0076007e
008700c3
009100b0
00ae0098
008d0074
0073006a
00b600b8
009b007d
00a700c7
0075009e
0086009b
00ae0099
005c006c
007f00a5
007d007b
0089007e
00800082
00a0008f
008c009d
00b6007d
006b008e
00880071
00b900a6
009200a2
008f0079
00700095
009b00a7
00d1008f
005f0067
0079009d
00cf009e
00710062
008f0072
00a7007a
009200ae
00a90095
00ad00a9
00980072
008900ae
009a0080
008a0092
00750077
009d00bb
00b2009d
00630063
00ad00ab
00c200f0
008b00bb
00a20097
00890096
00aa00cb
00970083
00b20082
007c009b
00d600a9
00710085
00ea00df
00790084
00c60132
00e800ee
004b0059
004a007d
006e0077
0053005f
00510095
0072006e
007a0078
00c000c6
00a300ab
0069005a
007400be
00910052
00890079
00520068
0088006f
008d0075
003f0047
009100a6
00b6009e
0073007e
00720087
00b800bd
007a0099
009f00a3
007d00a8
00890067
00f100c9
009800ad
00a60081
009b0079
00ae0123
00b900ae
0056005f
0093008b
00b8006e
00720055
00840073
008b0076
00740096
009d00a1
009500b3
006e006b
00a30112
00900092
00ad009d
00ae0077
007a0091
00a30099
00580072
00a9006d
00870095
008f0063
008e007b
00c2006e
00cb00a6
00ab0088
00a600bb
0082007f
00a600d9
008a00c8
00a0008e
0077005d
00a800c3
00c1009d
00530064
00610081
006d0074
00490051
0056004e
008d0063
008f008b
00a80099
00970072
005d005b
00820083
00870073
008f00a0
00750097
0065005b
00670065
0043005f
00b90089
00c800c8
012500dd
00a300e7
010a0115
00c800d6
00980084
00ad00f6
009a00de
00ca00af
00ad0097
00ad00d8
009f0083
00a300c0
011a00a0
00e500c3
00610055
0070006f
004e005d
00530066
0055006b
007d009b
00f900bf
0091007e
00600076
00ab0071
00600071
0067005f
0055005a
00650060
00890069
0043004b
0067004c
006f007e
0052004b
00530062
00780086
00670088
007a0089
0069006a
006d0073
008d00a6
006b0048
008d0068
00620048
0054005d
0073007a
00440051
00e100d3
009b00cf
00910067
006f007c
012b009a
00a7008d
00ad0086
00ab0089
00c30079
00e200a8
009a00b1
008b00ab
00a2007e
00f100b8
00a90092
0059005f
005f0049
004d006c
00480047
00470061
0085005b
00c50077
006b007c
0057007b
00a10068
00930071
005d0055
0061008b
006d0058
00860061
0076006b
006e004f
00a1008b
00ee0090
009b0085
00870080
00af008e
010d00c5
00a80095
00b700ff
007e0098
00d90103
00b900d1
011e00ba
0085009d
00fe00e1
00e8008b
00790055
00870072
007e00b0
0079007b
00620089
008a0064
00b600bd
00b20095
00720099
008a00a0
00a900de
00a200a0
007b0078
005f0072
009300ad
009f0082
0051005b
0067006f
005d0080
00450053
00490050
00630055
00a3008e
009a007e
009a007b
005c0050
0069007e
00920076
00700072
006b004f
00650060
0070006a
004a0079
007a0066
007a0087
00550056
006c009f
007b0087
008000a2
00b500df
00770092
008a0067
01080097
008a0084
006a0089
00610056
006d0074
00eb009b
00650062
008a0096
00c700a2
00810075
008f0099
00980098
00a10095
00d80092
00960081
00760072
00d900c7
00bf00a2
009e00a3
007f0086
00c800bb
00ad0080
007b0057
00500067
006c0069
00440061
0041005e
00620067
00550078
008300d3
0057008c
006f0051
007b00a5
0046008d
0082005d
00520060
00670069
007c0089
004d0049
00d80092
009300a3
00890076
0091007e
00a70096
008f00a6
007b007f
008f0090
008600ad
009800ce
00b300a5
008d0078
008f007d
007a00d8
008b00e1
00580073
00a100aa
0093009d
00800084
008d0076
0099008b
007d008b
008e00a9
00a00080
00980075
00cf00c0
00ad0093
00ae00a0
0091008c
00b5007e
008500a2
0057004e
008200a3
009200a2
00960069
00750083
00980074
00aa00a7
00b300db
00c200a9
0087007b
00f200c1
00c800b2
00b600c7
00910098
00d6009a
00aa00a9
00690066
0074007d
008200cd
00850071
008a00ab
008d0095
009f007e
008d00b9
00860068
00a50077
00cd00aa
007a008e
007700a8
00820087
00a20084
00710087
004a0075
0068005f
00530081
007a006c
0054005d
00680069
006e0078
00b500c5
005e0067
00970066
0089008f
00760081
007f0093
00620067
007b005d
007a00a5
0043004d
00880087
0091008d
006e0073
00850074
007c0082
008e0083
009a00c0
00bd0091
005700c5
00cf00ce
0082008e
007d0077
00830075
008e007b
0081008b
00630061
0055004b
006e006e
0051005f
00650057
00810062
006a007e
009d00c2
007b008e
00730043
0072007b
0067006c
00540073
0076005d
0069005d
007e007d
00480047
009500b0
00a900aa
00840085
006c0088
00a00080
00a700b5
009a0089
00b200a9
0077008b
00ba00e9
00d800a6
00be00b2
0073006e
00a200b6
00c900df
0061008f
007d008c
008700b0
00a50099
0081008f
00fd00a5
0097009a
00cb00bd
00a900e6
008a0071
00af00c2
006b0091
009b007f
0083008a
0092008d
00a100ad
005b0074
00890087
008a009b
00770097
0089008d
00b600a0
009d00a8
007e009a
008e00b7
009a0091
00f600dd
008d009a
00b3009a
00790075
008000ff
00c3008e
006b0060
00ed0090
00d600a8
008d0111
00cd00dd
015500e7
00e300d3
00c700ed
00ca0140
008d008e
00d100c5
00df00a8
012200d0
00b200ae
00cb009a
00e600c1
00580079
004f0053
0089004b
0055004e
004a005f
00620069
0061006a
00be00d6
0080006a
006e006b
008300b0
00590065
00530067
006d005b
004c0056
007e0085
004c0048
007b007c
008e00ba
007a0075
008a0077
00970087
005f0083
009d00a5
0088007f
0086006d
00b600cf
0082008c
00870083
007a00a1
007e0085
008f0099
00410086
004f005c
005f0087
00620060
005c0052
0049005a
0076005d
007b0078
0075006e
00640056
00a0008b
008f0092
006d007e
00520061
0079005b
00570067
00640057
00650047
00cd0063
005b005c
006e006d
0055006f
008f0093
00cb00b5
00860082
00690068
00a50092
00760079
0062008f
0061006e
00690062
00a70080
006a0074
00630062
00690072
005d0052
0055003c
005e004f
00650066
00bf0098
0075006a
007e005d
007a006a
006f0059
00760095
00850063
005d0076
0052009d
0044005e
005d0087
005a0068
004e0057
004a0046
00630068
00890069
0072009a
00830082
0077005f
00ab0097
00770087
00760064
006c0076
006b006d
005a0086
0052005f
009500af
008100d3
00720089
00820084
008b0089
008e00af
00b3009b
00ca00d3
00820079
00db0097
008600d0
009d00ea
009a007c
00b10087
00a700a3
00750047
00620053
00830069
004a0051
00550046
00650062
00760061
009e0071
00760075
00620060
009a006b
00710064
0068005e
004b004a
00630061
005a0063
00730053
007e0099
009300b0
00910076
00850093
0077008d
00a80082
00b200a9
0073008d
0063009a
00ca00f7
00760075
008a0083
007b007d
00a3007f
00aa0085
00470061
00c20092
008c00a7
00730076
007d009e
00990078
008700b1
009e0091
007a0098
00a10091
00fa00b5
00eb0080
00a900a0
00660079
00bf00b0
00a70096
00570065
00af00ad
00ef00a3
007e008e
00b600e0
009d00d0
00b00089
00cf00ee
00d600ea
00970068
00c900c6
00d00088
00b000b6
0089009d
00e300e3
00c100a3
00b30069
0082006a
008e009e
0079009b
0086008b
007500aa
00a30091
009f0076
00910093
007f0079
00c100aa
00550066
00c30091
00880062
007d0088
008a00a8
005b0064
0098008d
00df00b7
007600c5
00a600a6
00b300b3
00d000b2
00960092
00eb00d8
009a0073
00d600fd
00c100ad
00c000c9
009600af
012900c5
009900a5
00620075
00700064
0075007a
00410042
006f0048
0064005e
00690072
009a00ca
006700a5
007d0067
0079008b
006f0072
00980076
00620052
0061006d
00870079
00520062
00e800b6
00a900de
007d009e
007e007c
00a00065
00ad0093
00b50082
00b600b2
006b0086
00cf00af
00980073
00b600a7
0061009e
00a1009d
009f00c7
006c008a
00520077
006a0078
005f004c
00520045
00620076
00710062
00f200dd
00760065
00520045
0096008a
00680059
005f005d
00570048
00620058
0071007a
004f0048
008d00bd
0092009d
00650077
0074007d
00920072
0090008d
00af009a
00a800d2
00700088
00c200b8
00840097
00a30089
0065006a
007e0073
009100c5
007c0067
003d0047
005d005c
0057004a
003e003a
0069006a
006a0058
0092007e
00760051
00670068
006b008d
005c0063
00530057
005a0052
00470063
00780071
005a0057
00670059
00820092
00690058
0066006d
00720078
009d0071
00c100ce
005b0090
0050006e
00870095
007b0080
008b007a
006a0069
006a006f
009d007b
005f004b
00910097
00d300a8
008b0074
0089008c
00920089
00ab00a8
00af008c
007c009f
00730056
00b900b5
009e010e
009200b5
009e0092
00d500c2
008400d6
00630061
004f005f
0057006d
00420046
00530055
005d0055
0063006b
00750057
00690067
0077006c
008d008b
00660049
00510068
00560067
0062005e
0073006e
00520049
008f0073
007f006a
004f0065
007f0069
008f007b
00950095
00a8009e
00790097
00830089
00b900b9
007d00d9
00a0007c
00760086
008d0074
00e70086
004f0060
00a200d3
00c700b0
00be00da
00be00bb
013000ff
00aa0112
00d900c2
00e800d9
00b3007e
00af00ee
00d200b6
00ff0150
00c6009d
00ee00b7
00a100af
008a0093
00cd0098
00bf00b1
00a800c8
00b100d3
00b100c7
00c800bb
008100b6
00b000fb
0071008e
01010103
00a70095
00a600af
00a800a8
00c500fa
00980090
005e0072
004e005d
00480072
00450040
004c004a
007b004f
00750061
009500b7
008d008e
004c005c
00670073
00650077
00620078
004e0055
006b006a
006f007f
003e005e
00520067
00610053
005a005a
00450048
00550055
00990062
009200a8
00590091
00560066
008e0098
005d0055
005a006a
0041004b
00510061
006f006f
00410043
00e300db
00b200a1
007a007e
00ab0074
009300b0
00d60098
009d0091
00ba0097
00b20089
00b000e2
00e00090
00a300c5
00ca007c
012000d8
009800a3
0062005e
00890064
00880065
0067005a
00480041
00570072
00930079
00ad0096
0072005a
006b0063
008e0065
00610051
005f005e
00600055
0053006e
007b0052
004a0059
0055006b
0067005d
00440037
0044004e
006f005b
005b0086
00820084
00630065
0069005e
00a30080
0060004f
0081007b
005d0047
0052004a
00740083
0055006f
00b6009a
008500bb
00a50085
008600ae
00d10090
009200f3
00860098
00b3009b
007700b6
00f600f6
008900b5
00ab00b3
009f0090
00b500b1
00b200b1
00520061
0045004a
004e0069
002f0050
00490050
00490055
00560045
006b0069
00640056
007f004c
00700091
00610084
005f0069
005a003c
0050004e
00480067
004b0061
00880084
00830081
006d006f
008300a8
00ad00a3
009e00bb
00ca0081
0081007f
007f0085
00ce0099
009200bb
00690090
00830062
008a00bd
009200b0
007300c6
00900077
00c30083
006900ae
00920083
00920084
00ab009f
008500a1
007900a2
0082008a
00b100bb
00c000b6
007a00d3
0071006b
007a00b7
00a300ca
0044005b
004d0060
006d006d
00590049
00570056
006d0055
006200a3
00920079
00c3007b
0079008e
00730073
00820065
007d005e
00410048
005b0063
005f0082
0056005e
008a00a0
00990086
00970079
007a00b0
00770077
006300c0
00970095
00b60086
006e0079
00fd00c1
00be009f
007a0088
00a20066
00a70087
00aa0099
005b0063
00590067
00620057
00510050
00460041
00470066
00650081
00a9008f
007b0067
0062005a
008b0072
006f0063
0089007b
0046005c
00470063
0079005a
00520052
013e00b3
00c5010b
00e6008d
013b00a6
00e200f0
010500f9
009b008d
011f00a6
00810080
00fb009b
00ca00fd
00d20111
0179012e
015e0127
01050084
00790086
0071007f
00870096
00670083
00830070
00660072
008900b0
008f0083
00900084
00790076
009f00d6
00950081
00cd008d
00a5006f
006e0091
00a2009a
005f005f
00f60085
009900d2
00b2006b
00a2007a
00930097
00960085
009b0093
00de00c7
00710092
00ce00ba
008800a9
00e000a2
00880081
00b100a8
00a300d1
004f005e
00a600b2
009200ae
00870072
00b700c2
00ae00a9
009e00d1
008d009f
007c0093
00990070
009a00f7
009500bd
00b70086
008b0065
00ae00b2
00a700ad
0063003b
00890072
00da00b8
00bf006a
00810091
00b900ad
008f00b1
00ba00ad
0098007a
0077007a
00ad0106
008500a0
00900099
006b0068
007a008b
00bd00a8
006a0062
00b300a8
00ad0096
00f8018e
00fa0115
011e00f6
011500ce
00a300a1
00cf00ba
00c000ad
00bd00c0
00b900db
01030140
00cd0108
009600ca
012000c9
00710110
007500a1
009700b9
00630075
00690092
007200c2
00e500b3
007800a1
009200b9
00780085
00b10098
00a10095
00a0006e
0071008d
00aa0088
00960071
00600058
00770061
00a3008c
00a10072
0098008e
00a7008c
00b8007f
008d00ae
007a00ad
0078006b
00c500d7
00850093
0071007f
00820065
007b007b
00cf00af
00590088
00500043
0053005b
0053003c
005c0051
005d005c
0073004f
0066006c
0078006a
00610064
00710083
005e0065
006e005b
00560075
00620068
005a0062
0041004f
00a800a8
00ba00ad
010a00f9
00d70102
01190110
00d200c5
00ae00d8
014200d3
009500f6
00c600d1
009700a9
009d00ab
00a9006d
00cb00af
00d600d0
00690087
006d008b
00b9009e
00830083
0072008f
0097008a
00a0008d
0091006b
007b0091
00770063
00ce00da
0067009d
00b70073
00810076
009a0092
00aa0089
005e0054
0062008c
0089007d
007c009a
00930073
00910089
009e0082
009d009e
00a000a0
007f0077
00a900c0
00830091
00920085
00560095
00b900c2
009e00c1
005d005e
008d0072
00950087
009d0090
007c00c6
00a8009a
00b00081
0091009d
00ba0092
0066008f
00a300b9
00b800bb
009e008b
0075007c
009800a8
00b100a3
005e0062
00aa009e
009b00a7
009e00b5
00950089
009500ad
008c00a3
00c200c3
00bd00f1
00760095
00f200e1
00ae00be
00c500bf
008b00ab
00bb00b2
00ba00bd
004c007e
007a0085
007d0092
006e006d
006f0065
0095006d
00be0096
009d006b
00c700bd
008f006f
00e600d6
00d700b1
00730091
0081008a
00cd0074
00a100a5
00610051
00750067
008700b0
005f0067
005f0072
0083009f
007c00aa
00a00080
00830082
009800b0
00dd00bb
009900ae
008d007b
00980069
00b0009e
00850090
005f0063
00aa00a3
00b600d3
00ad00ab
0099007e
00b70093
00b80095
00b0006f
00c300a0
00920080
00fe00e7
00bf00ad
00a800ad
00aa0095
009d00ad
00c50091
00750062
008e0084
009000b8
00ab006c
00920099
009e0076
008a00ab
008c0090
007a0091
0074008e
00d60115
007d007a
00970082
00620097
00830086
00b300bf
00680055
00950097
00b8009e
00950079
00970095
008b009a
00cb00a8
00a8006b
00bf00a2
00a50088
00f800b9
00a10091
009f00a5
008e008f
00960147
007700d7
00420072
00c100b7
00b700b6
008b0081
006f00a1
008a0066
00e000b6
00920098
00b200c3
0086009a
00ae00bd
0063008f
008e00a3
00720065
00a700ab
011900da
005e0059
00d900b1
00e100b7
0097009d
00a300a6
00ed00c3
00c600a7
00ee00a0
00e100b3
00a600c0
010d00d6
010500f5
00c900a3
0092008a
009e00ef
009500ce
0083009d
00ad009b
00b70078
006f008a
00870087
009f00ee
00b70096
00a100b9
00ef00ba
00a70075
009b00fb
00d700ad
00a10071
007500a6
009100a1
00db00a6
00670059
00c600a5
00c8009b
00b700a7
0086009f
00bd00cb
00b8007a
00b100ab
00930098
00b80086
00ca00b7
00b3009d
0115007a
0073008b
00a80097
00910098
00590082
00a500a0
00b90095
0095006d
00a8008f
00aa008e
00aa0099
00ba00a7
00a900ce
00870074
00b300b6
00d100c0
009600f2
008e0089
007f00ba
009b00ae
006b0075
00aa0072
009900a0
005b006d
008f0092
00890099
00950085
00af00b9
00a800c6
0099006f
00a900a6
00a60082
009a0080
009f00cb
00a0009d
007100bb
006f006c
008b00a3
00b9008d
00a0009a
009800a5
00da0097
0097008a
00ab00a8
00ce00ce
00920082
0115009d
009d009f
009800aa
0076009d
007b009a
00990099
00930091
009d009a
0092008d
00810079
0056007d
00920075
00840072
00810099
009b0071
008b0067
00da00a2
009200b7
00b3008b
0080006f
00a20093
00ab0099
004b0061
00630082
009b00aa
009800e1
0098009f
00b500cb
00ab00ad
00cd00b3
00ad0092
00970067
00f000c6
00b0007e
00e100b7
008b00b8
00e900c1
00c700ad
006f0085
00550052
00450058
005c0040
00480038
006a0076
00530068
006b0063
00710062
003e005f
00690072
005f006a
00650056
00760042
00560045
004b0064
0051005b
00d200bd
00ad00da
00bb009a
0099009e
008a008b
00af00b6
008700d1
00b3009f
00720084
00da00a7
00a700c3
00b100ab
009e0093
00c700dd
00920080
0076006d
0095007f
00ae008e
00880091
00980079
007e00a7
00b7008d
00e90098
00820089
00730092
00b300af
009e0083
0099007f
0085007c
00a80092
00c200a6
00630057
0081007c
00950081
005e0068
006e00a5
008b007a
00a30092
0092008f
00ca0086
00910063
00bb00b2
009a008e
0072007a
0084009f
00a200a1
00b100b2
0051005b
009f007b
00920087
0093006d
00970099
00d900ad
009e0093
0090009b
00b1008e
0063008a
00b000c6
00a100b8
00a2008a
00b700b3
008d00c1
009200a7
005b005f
00be00bf
00c900d0
00c200bb
009a00b0
009a00de
009600a0
00bb00bf
00b300cd
00800062
00cf00d6
009b0087
00b300b3
0067008b
00af00a5
00950098
00650055
00890084
007f00a7
0071006f
00810079
00e6009b
00980091
009200a3
00b70099
009e009a
00b900b1
0089008a
00de0079
006c0068
00770099
008c0096
004e0059
0060003f
00510047
0039004e
00400057
00740057
00a20067
0076007a
006b004f
00460046
0073005c
00720067
0056004f
00610055
00470042
00720053
00560067
009d0084
0095007b
00790079
00d5007d
00ba007d
008000a9
006b0092
009100aa
0062007d
00ff00c6
008300a2
00a00093
00810067
00a900ab
009e0072
005f005b
00ea00ce
00a800d0
00a600cd
00a10092
009100b6
007400c8
00ce010e
00ca00ef
00920098
010000b2
00c600af
00d200d5
00a70089
00e800d1
00b000c1
0074005d
007f0085
00960079
0075005f
0081007b
009100c3
00c1008b
00c000a1
008100a8
0073007f
00e500ad
00960073
00ad00c9
0071006a
0083008a
009600b1
006b0053
008d00ca
00820088
005d0083
007e007b
008a0087
00850079
008900a5
00be00a5
00a30095
00c900a8
00800087
00a2009d
00920069
00a70093
009f0077
00720065
007900a5
009e009b
00850067
007b00b3
00b80077
007a0081
008b00a2
00a80093
006e007a
00cf00bd
008900c2
00b000af
007b0082
006f007d
00c100a0
0059004d
00aa006b
0095008e
007e007a
00770087
009d0086
00750099
00a80093
008700a3
0081007e
00cd00b7
009b0098
008d0063
00730088
009300a8
009e00cd
004a004a
00b9008a
00ae0095
00a5005e
00a60077
00a0007c
009e009d
008a00a7
00dd00b8
006a0065
00f500aa
009300a5
00b500af
00d20083
00c500b1
009600a9
007b004d
00c10087
009d00a6
006b007d
00720088
009200ad
0091008a
00e500d2
008f00cf
00860076
00f300b0
008700b9
00c200a2
006c00bd
00d700b6
008900ce
0049006a
00a90093
008900a8
00980067
008b00a9
0098008c
009d009f
009700b3
00c50092
006e0079
00b800f2
009b0075
00a2009a
008b0072
009a00d5
0091009a
00610081
006e0097
0086006e
0082007f
00a900a0
007f0086
009d00a3
0082009d
00910093
00770076
00fb00c0
009600a6
008c0084
0073007f
008f00ae
009300a2
004d006b
00b90091
00f900a0
00750076
0099006d
00b60091
00a800b2
007c0077
00a1009e
005e0077
00e800c1
009e007b
009a0086
007e00b2
009000a0
009600a1
00730056
00ae0092
00b5008d
0089008e
00660076
00a800c6
00e800c6
008e0081
00b200b2
007e009d
00ad0112
00c90081
00a700ae
0085006d
0087008d
00950093
00620058
0082008e
0075006f
00670086
0084005f
007a0061
00830073
00b20073
0083007b
00820088
00ae00af
008a008e
008e008f
00630072
007b0081
00a1006f
0045004e
00be0076
009300b6
00970065
00820072
008f00d2
009f00a2
00c300aa
00790095
00a2007b
00d700c8
0080009d
00c000b8
00640093
008e00e3
007600d0
004f0074
0082008b
0087009e
0097008d
007d008e
007c0099
00880099
00a70097
0089007d
00830091
009800ed
008f008c
00b9007f
007e0079
007500a0
00c000a2
00760091
00a90096
00dd0072
005d0061
0069007a
00880083
008b0087
00af007e
00af00ae
007f006c
016b00b0
0081009d
009600a2
00530081
00670083
00b8008b
0057005f
009500cb
00b300b2
009a00cf
008600a0
009a0098
00d100c6
009500ab
0089008b
008f0074
00bd00f9
00c5008d
009600c5
00a000ae
00b300e7
009200dd
00750055
008600aa
0086009a
007e008d
008800b7
00a60083
008e00f5
00ce00db
00d90087
00690084
00af00b6
00a90093
00a200a9
0066007d
009500a8
00b500d1
0054005b
00c3009a
00d300b3
00a500af
00c20089
00c10092
00b1009e
00990086
00a600a0
006e008d
00c300c6
00af008f
009f00c3
00730081
00ca009e
009800ad
00560078
00a6009e
009800a3
008c0073
00770083
008800a7
00ba00a0
007600a8
009500a5
007d0071
010100b7
0072007a
00960073
0069006e
00b50090
008000ae
00500045
00b3008e
00a700cd
00d100f2
00a000af
00a80109
00bd00ae
00d900ab
00f300cf
009f00df
008c00ba
009a00a3
00e000fa
00a1009b
00b600cf
00d300a7
0091007a
008a008a
008f00a5
0091006d
008a0071
007b008d
00be0075
00bf008a
00930070
00930079
00d900c7
008900b7
0096007f
009e007f
00d90098
00730087
004f005f
00aa006e
00a80086
006c008a
00920063
007f00b0
00df0090
010e00af
00bf009d
00710082
00ce00a7
008e0082
0083009b
008f0079
00b70085
00ed0088
005f006c
008b00a2
00c200bb
0087008e
005a0099
007300c9
008900ad
0089009b
00c10099
0099008a
00e700ce
00af00a2
00a5009f
008700c7
00e20135
009300bd
005a0047
0056004c
005e004d
00450047
003d003a
00420055
005e0059
0065005f
00670060
0046006a
0062008e
00550051
007f005a
005a004f
00660056
0071004b
002e0043
007d00a7
00ad00c1
00a9007f
009900d0
00ba0087
00ca0097
0096009e
00ed00d7
00810083
00db00bb
007b00fd
00d800d1
009700b2
00b600da
00b300e8
00590052
006d0091
008b006f
0073005d
00770061
00770066
0085007b
00a2007e
007800c7
005d008a
0095008a
007e0069
009a00c3
0066005b
0085008f
006a005b
003f0054
00a100b6
00da00c8
009e00bf
00ab00da
00c80082
00d300a7
00a7012b
00d200ab
00b200b7
00cd0098
00e8008c
00c000a6
00c500aa
00a000a1
00af00cd
006b007a
008e0087
007d00c0
007a0082
00790056
00860085
00b8008a
009d00b3
00930081
0093008c
010300c6
00980085
009900b8
00720097
00bd00bf
00bf00b3
00480068
00cf00d0
00af00fb
00c8008d
009e00dd
00b100c9
00e100a8
00d5009f
00ee013b
007d006d
00b800b8
00a70093
00df00d2
008900ae
010000a6
00cb00a0
00720061
00d300c1
00ab00c5
00c10088
00d3008b
00d500c6
00b100b2
00b300db
00b100a7
006800a5
00c000d9
009d0096
008b00c1
00a0006e
010000b1
00c800a8
0059005d
00be0090
00840086
009800c8
008700a1
00c1009a
009d00b0
008d0097
009d00b2
00870083
00dd010d
0086007c
00b90098
00850083
00ad00aa
00980089
005f0068
00ab0095
00b800a9
00b1007d
00920091
00f100a0
00990098
00c700b7
00c9008f
005a007d
009b00aa
00b90092
009100aa
00a200a7
009f0088
008d0096
008c007a
00b700a1
00bb00b0
00a200af
00aa0093
00b000d5
00a700b7
00830089
009b00f1
007b008b
00ef013b
00a0009d
009700c7
00810098
011600d7
0098009b
00580068
0087007e
00a600a3
0082006b
007f006b
00810081
008b00a2
00a80075
008e0083
00860071
00b000a5
00870086
008a0063
008a0093
00ab009a
008800c2
00580071
00b300cb
00d600e3
00ce00ca
00be00e9
00e300d7
00cf00ca
00b900bd
00d800ea
008500d7
00b5008f
00d900b2
00a500c7
00b10083
00c700c5
00b200af
005f0066
00ad009f
008200a5
008f007a
007b007e
00810073
009b007c
00a300d3
008b00a2
0070006a
00b100d3
00770062
00810082
0052005f
00b60081
007d008f
006b0071
007d0075
009700af
007b0089
00970088
00a10089
00bd00a5
00fa00c0
00ae00ad
0075008b
00ae00ed
009f0089
00a000ad
00760086
00b500dd
008f0081
0043005d
00600066
008d005b
005e004a
0063005a
0077007d
00710072
00980076
006b006b
00610063
007d0080
0065006a
009a0079
006b0062
0065009a
00a70071
0047003f
00a80090
00ab00ad
008d0097
00ba00b2
007a009f
00c50095
00b6008c
008d009f
0065007b
00e6009d
00b2007e
00880098
007d008f
009e00bd
00ae00da
00760079
00af00c1
010e00b0
00770096
00810093
00c8009e
00c700aa
00c800e7
00c800b7
0073007e
00db00a7
00810092
0096008e
008d0071
00c00090
00ae008b
007d0059
007500ab
00be00a2
00980083
008b0087
007f00ab
00ba00a0
00c200b1
00a60099
00780086
00d200a0
00ae008f
007b00a0
00760077
00920085
00ba00c0
0068005a
0077007d
00a60084
00770085
0075008b
00a1008a
008d008b
008d00bf
00660084
00ae0073
00dd010a
008b0096
00890084
00750061
0092007f
008a00af
00620067
00830089
00a2009d
00750082
007f0093
008a008f
007500ab
0093009d
00890097
0099007a
00f300a6
007f0079
008700c3
005b0055
009b009f
00c20093
00630051
00ad0096
00bf008c
006f009d
00770090
00710090
007900b7
00bb0096
00930092
0065008f
00c100db
008a0073
007b0078
0087005b
007c008e
00b200c6
0053005d
0054004a
006d0056
00530048
004b0041
004f006f
00550054
005a007e
004d005e
004e007e
006c007d
006f006f
0067007e
00410051
005e0056
0056004d
00260026
00690077
008e00ba
00970063
0061007a
008d0081
008b0099
00ab0082
009f0089
00760073
00ca00d0
0085009e
00950078
00890092
00aa0087
00ab0093
0065005f
009800af
00a100af
007d008e
008e0092
009300a2
0092009b
007d0091
00730092
00750078
00df00b7
00790099
00840084
007a0082
00a500ba
00c50085
00590062
00ae00a2
00c200d5
00a200a2
00b600a5
00c70098
00ae00a1
008c00e5
00e300c6
008200e3
011200ce
00c900b7
00d100da
008d008f
00a900be
00aa00b2
00ad00c2
008b00b8
008a00be
007f0070
007e0082
008d0087
009000a9
00a000be
00f500a9
0077008b
008e00a9
00a10091
0085007f
00570083
00b800c5
007a00bb
006f006c
009600c3
00a300bd
00a000be
00920084
00c00098
009500af
00ba0091
00f100de
0083007d
012900a2
009300b7
00a300d2
00b7008e
01020085
00ae00b3
006f0085
008e009f
0088009b
0085005b
0072005a
007f00a6
00790080
008b00a9
008a00c2
00710069
00e800d3
008e0081
0085008f
008f0089
009e00b7
011b00a0
005e005c
009b009b
00c90097
00710077
00a70090
00a2008f
00bb0093
00a100a9
00ab00ab
0073008e
00be011e
00910087
00a8008e
00750096
00da0132
009900a6
0057004d
008e008d
008700d0
00910075
008c006e
0071008a
00aa00af
008b0097
008400c7
007c0084
011100e7
008700a1
00970096
00650072
0102009b
00ba00aa
00620067
00ce00a7
00b100cd
008700f5
009700e8
00a2007e
009300a8
00c800aa
00a0009b
0058006d
00a300ca
009900a9
007d0098
00960091
00b900c2
00b200c5
0061006a
00b10093
00ca00b7
00660091
008100b2
008a008c
009b007f
007c00aa
009f0098
007f0097
010a00c2
009f0074
00970097
007a0082
009f0096
00a20095
00720069
0092006e
00860095
009d006d
00ab0092
00b80073
00b70090
00a900a3
008e0092
007c0076
00ba00d0
0085009b
008f00a0
00690079
009800b5
00920095
007d0063
00a8008e
00c700ce
0089007b
00ba0096
009e009d
00a500ab
00d700d6
00b100ae
0085007f
00c30122
00e000af
00a100d9
00a60093
00a60092
00d200a8
00870096
00af0091
00eb00c3
008b00a0
006e0092
007d00bd
00c800af
00ce00e0
009f00db
0097006b
00de00a9
00ae00a3
00a100a2
00910079
00c000cb
009a00a0
0065005f
00ce0096
0098009b
007d00a6
006b007b
00a10080
007d00a5
00960086
008f00a8
0075007b
00ba00b3
00990095
009a0086
006c0092
00db009a
00a000a9
00630069
00be00b2
008400c3
0087007a
00720076
00a20096
008f00aa
00f5009a
00990099
00830087
00bf00a5
00a80099
009600b0
00860078
00a500b7
0079008d
005e0077
006c0083
00a700b3
0089008d
00740085
0090007e
0075008b
00a10082
00960089
0071008d
00e200d2
00820090
00a300a3
00660072
009700a0
00a9009b
005a0066
009d00ae
00b1008a
007b007f
008900a8
009500a7
00910099
00910091
00bb00d8
005d00ab
00df00fb
00a800d0
00af00c2
008a0087
00b80076
009a0082
004f004e
00a90072
009900af
008a00aa
00b9009d
009000a0
00b00089
007e0086
00b100b1
0077008c
00b300da
0086007a
00b00088
00780065
00a000a1
00c5009b
00510055
0079008d
00c100c7
00770095
00930090
009500bb
00a200a6
00d30091
00c500c8
00880093
00e500ff
009b009e
00a700cf
00830076
00ca00d5
00b90089
00620075
007f009b
00ad0092
0065006f
008f0060
006e009e
00a600cf
00c700b8
0079009e
00770079
00e500ee
008c00b9
00880098
00720077
006b00a8
00a200a0
006f0055
009a0091
008c00a3
00710099
00a60089
00a700c5
00a20081
00d8008e
00af009d
008e0082
00ba00b2
00ad0087
009100b6
007e0083
00b300d8
00db009d
00720067
009e008e
008d00ab
00720096
00750082
00730093
006b00b5
00a7008f
00aa0095
006f008e
00e600fb
0099008e
00ad00b2
0096007e
00a90096
008e008b
0056005b
00c9009f
009700e3
006f00c1
00a7009f
00a5009d
0083011a
00ae00fe
00a30107
00a50085
00a500bd
00970083
008e00ad
00880095
00a800a2
00e70097
00610091
00b200ad
008300a3
008a006b
007f00c3
009100ba
00bd0098
00ba00d3
00a100ce
007f009b
00f200b7
00eb00ae
00ce0095
00990063
00aa00bd
009300c9
004f0083
009f008c
00aa00a0
005d009e
00920087
00bb0086
009300cf
009900a7
00a90092
0075007d
00bf00a1
009d00ae
00a70082
0077007d
008700d3
00920087
005d0072
009b00ab
00ab0097
00b000a1
00e8008f
009e0095
007900ab
00ae00cb
00ab00b8
0077008a
00ef00bb
0077009d
00a60092
0081006e
009a00c5
00b100ad
005a0065
00a3009b
00b200c6
00d200d5
00c900da
00d100c5
00a6009a
00df00c6
010700f3
008300a8
010e00b3
012100b1
00a300ae
00900079
00b200e1
00b300d6
007300a1
009200b2
01350082
007100a9
006b0082
00aa008b
00c20099
00b80095
0078009b
006d0071
00c600ba
008d007e
009a0097
006f0074
00bd00c7
00cf00b8
00490055
00a100e7
00a000b3
00950071
009d00b3
008b00a7
00ad0080
009900cb
00ce00e6
006a0077
00f800e2
00800096
00ae00de
009e008d
00bf0098
009b00e9
004d0058
00a70091
00980065
004b005c
00490073
00770075
00a500a6
00a10071
0079006f
006100a3
007f00f1
0082008a
009f0100
005e005e
0061007f
006e008f
003c004f
00d200d6
00e600af
00c800c2
00db017b
00d20152
00d90093
00a800a9
012200d0
00b30098
00d700f3
00be00d9
00ab0101
00b2008c
00eb00c6
00f500d8
00a1007f
007d007e
00af0092
0080007d
0071008b
00840098
007200a7
00bb00b9
00a60085
00860086
00ba00f1
007600aa
0089008d
0064006d
009900a1
00a30092
005a0067
009000a6
009800a3
00770077
007b006b
00840098
00e00091
009e00a0
008f008e
0078006e
00df00b1
009e0098
00c200b2
00810081
00c200da
009100aa
0072005e
00a300a6
0081009a
0076006d
008b00a8
00b700bd
00820084
0081009f
0096009b
00980059
00c80098
009900ab
0098009b
00680066
008a00d1
00a200cd
00630070
00890098
00d600b3
00ae0073
0098007b
00d2008f
00a300ca
00bd008e
009500df
008d0085
00b900c6
00a8008a
00960092
008a0068
008500ab
00b700b1
004b005d
009900ce
00d900e5
00ae00a6
00c100d7
00b200e9
00cd00b7
00d30109
012e00b3
00b100a9
011a00c2
00da00c0
00bb00fa
00a9006e
009300c6
009600cb
007a0072
008f00a0
00bf0090
00810073
0089006f
009200a2
008f00ae
00bd00bd
00be00a9
00710079
00b5010f
00850092
00b10092
007e008b
009900a8
00c60090
008900b6
009800a8
00e100d8
00b300ad
00c500da
00a600b5
00b600b5
00d800c6
01020116
00ba0063
010000d2
00d500d2
00bd00a1
00880098
00eb00d1
00ca00d6
007d007b
00ab007e
00aa009b
006b0081
00820098
008d0086
00a00099
00890088
00e00089
005f008b
009600be
00700076
007a008c
00640079
00a100b6
00b700b1
0050005b
008a0078
00850082
009f0068
00820073
00820066
00af0089
0083009d
00880087
009a0080
010200ba
00860090
008d00a0
0074006e
008600d6
008d009e
006500c1
00a000a7
00a10097
00970083
0068006f
00890069
0098009b
0097009b
00b0007b
0069008f
009f00f6
00aa0097
009100a9
0086009e
009700a8
00db0090
00760055
0095008e
00c6009a
0077007d
00980071
008d0088
0067006b
009e00c3
008000cf
007f0071
009d00e5
008500c0
009b009d
00830090
00a9007e
009b00cd
00490059
006f009f
00c800b5
00800069
0089009e
00b6008b
008800b1
00a100bb
009e00a0
00770081
00c900af
00a700c5
008a00ae
005300b1
00ad0097
00c20076
006e0063
009f00bb
0097009a
0066007b
00950067
00910086
00b2007d
009a00a5
0071008e
007f008b
00bf00be
00bd0086
00a600ab
008400a1
009100bd
00ca00a8
0064005e
00650083
00a900ad
00b10080
00a600ba
00ae00a1
00a200d2
00d000a2
006f009a
008600b5
00a500ce
00a30084
009a00c2
00a50089
00b5007f
007e0091
006d0086
006500a0
008100aa
00700095
00b000bb
00900092
00bf00e1
00750085
00a800ab
006f0093
00ba00bf
00a100a2
008d00c3
00860073
00b0008f
00910087
0068006a
009900a3
00d900b0
009600a3
00c60099
00a500ef
00bb00df
00d600ae
00c500ff
006c0098
00ad00bd
00a100c3
00b700f8
00ad00a9
00c000a6
00bd00bd
005f0091
00660083
009b0093
00930085
005700b0
00b70092
0099007f
00b700c8
00a100bb
0095009f
00aa00b6
00a90082
00c700d5
0087008d
006d00be
00a50099
00430047
0082008e
00c500b3
006d006d
00860062
007a0092
009d00b7
00950084
00920085
0070007a
00d100c8
009300ad
00a5009a
00590066
00bb00b0
00a20089
00630063
00b70087
00b800b9
0073006a
0097008e
009500b8
0099008b
00af0097
00ae0091
009b00b5
00b10135
00b90095
00c10090
0075006f
00a70097
008700a0
0077007d
00850099
00a600b0
006f007d
0092009e
009200a8
009d0099
008b00a9
00a90092
007f0073
00c600a8
0089009a
00910070
00850076
00b50085
00960090
00630098
007e006d
00a300f5
007a0073
00930086
00880093
00c20102
008100af
00b70089
0067008e
00c200b0
00a50062
009200a8
006d0076
007600a2
009600ab
00570059
008c00c6
00b8009b
008e008b
007f0098
0091009a
008700be
00ae00bd
00a9008b
009000b2
00da00c1
008e009e
00c000a9
00ae0079
0096008f
00ce0092
00570056
00ae0080
00b100d9
00b3007f
00a500b7
00b50093
00aa0097
00e500af
00db00c0
007c0072
00df00d9
0089009b
00b900a9
00ba0083
00c70091
009d00ba
00900086
008d007a
00860078
0090006b
00850077
00830074
00a5009a
00af00d6
008500c2
006b0071
00e300fb
008a00a0
00910088
005c0088
009a0085
00b00088
0049004e
0095009a
0079009f
00aa0090
00a10093
0086009a
009d0085
00a7009e
00bb00c6
00770087
009500c1
00ef00bd
00b0008e
007b007f
008200df
00d100c5
00570057
00de00e3
00d000e7
00a300c2
009000b9
00d80091
00c300da
009d00b0
00d500cd
007d008e
00bd00fd
00e20096
00b3009e
0092008e
00d900d6
00a700af
005f0087
009000b5
00ba00ce
00a5008d
00d200b7
00af009a
009a00d6
00e50109
00d200db
008f0077
00b800fb
009f00d2
00ab0093
008900ba
009e00c1
00a700d7
006b009a
0079009d
00b00091
004d0065
006a0072
006a0075
008a00a8
009b0097
00730085
00860057
00c20091
00950083
00a700a6
00770085
00c900be
009700a6
004e0069
00c600a0
00b500da
008d00b2
00860095
00ae00a1
00840098
00b000a6
00aa00ae
00710073
011500d3
008d007f
007500ae
0096008f
00c300eb
00a0009b
006c0075
00c500e0
00c900eb
00ab009a
00f500a5
00e00079
00d70100
00b80100
00c10108
008300b3
00c200c5
00cf00bd
009a00a7
00a2006a
00b800bf
00dd00b0
00710096
008a007f
00b300b2
0095008b
006b00a3
00b700b8
00b600b2
00ca007b
008700ae
007e008a
00c5013e
009d00ab
009200f2
00990098
009e00b2
007700c8
005d0055
007d006a
0095007d
007f0082
00870089
00a80097
00ae00ad
00da0082
00730087
0091009f
00d800b7
007800a1
00a90086
0083006d
00a90093
00a5009b
00600077
0083008a
008f009b
007500aa
0090009a
008a007f
009a0092
00a100aa
00b10096
0073006d
00d700d6
007e00ba
009d0089
009e006b
00830099
00ba007a
0052005d
00a30076
009a0090
00830081
00ad0091
00b6007d
00af00a2
00950093
009e0086
00850061
00be00e5
0093009a
007b008f
009f0063
00c90092
00850080
00520066
00a10095
00bb0089
0088008d
006f00a1
00a300ba
00a000a7
008300be
00b700c1
008f008a
00cf00c3
0090008f
00b500da
00610067
00a000a3
00fb0074
005a0066
009000ba
00e600ce
01050142
00ee00b1
01070155
01080102
00c70096
00f900df
00b7008d
009700d2
00eb00fd
017900ee
00c200ba
00d200c8
00bd00be
010000c7
006e008a
00920076
00910071
00890071
009b0086
009300a0
00a5009e
00aa00a9
006f0088
00c100c7
009500a9
009600da
0074007d
0096008d
00b800aa
00690063
00a700df
00ab00b5
009b008d
00a800c5
00b800be
00ad00a8
009700aa
00c100ae
00810076
00e800b9
00b000bf
00d000b1
00ce00a9
00d300b2
009e00b2
00530095
00780092
00950085
0089009b
00960073
00870089
008f0097
00f500a3
00b300a1
0085007d
00b100b5
007900b1
008e00c1
008f006c
00aa008e
00cb0095
00640055
00b300a8
00a200b3
00890083
00b700b6
00a600a0
00bb00de
00c200bb
00c50096
009800b2
00d30108
00cd00a2
00a700c0
006500a3
00a900bf
00da00a5
008c0096
00c3008c
009700b5
0063008f
008e0072
0087009d
009d009a
0091007a
00af0097
00900067
00ae00da
007c00a7
00780096
006e0065
0082007d
009f0096
005f0068
008700ab
00a8009f
00630095
009f0091
00890086
007e0095
00bb0085
009200b0
0079006f
00b900ee
009b0075
006d00a6
00770071
009a008f
00aa007b
00600051
00980081
00b50097
006f0088
0093007e
009d0088
007d00db
00c2008f
008600a6
00a20065
00b800b0
007d00b2
00c5009a
007600b5
00b800a3
00a700b3
00520088
008f00a1
00a70099
0089008c
0089008f
0082007a
009f008d
00a700c3
00c100d2
0065005e
00d300ad
00a70075
00b200d8
00a80075
00bd00ba
00b9009f
005c00a8
006f00b0
008a00a8
00a6006b
00790064
008e0073
009700a0
00b5009e
00870095
008100a0
00b100d9
00b100a9
008f00d6
005b00a6
00b300b3
00a200ad
0056007d
009200af
00a1009a
00820069
007f0098
0092007e
00a100a1
00a60074
007d00ad
007200ba
00c000e8
0093009d
0090009d
007e0071
00df00b7
00810098
005e007a
00c8009b
00c300c1
00d300de
00c500e3
00ba00aa
00a300dd
00ef00ad
00a100b5
008b0085
00f50129
00c200e8
010e00ad
008b00b0
00c500fe
009d00e5
008600bd
008100a0
0088009a
008a0072
006f0063
006d008c
009700a5
00a800b5
009b00ab
007a007d
01690106
007d0080
00860073
00970087
0098008f
009f0096
00590049
00740099
00e10079
0077008a
00720069
008e00a6
007e00a5
008900c0
009a009d
005f0073
00a900eb
00b90091
008e00b1
0086009e
00a90098
00960092
00510057
00d300ef
009500ba
00a300cf
00af00ee
00cf00cf
00c100b6
00bf00a7
00db00b7
008600ca
00cd010d
013200af
009a00ed
00b1009e
010f00ae
00be0103
007f0076
00870085
00a1009a
0072008a
0079007f
009f0078
007f009d
009f0083
0081009a
006e00a1
00bd009a
00b9008c
00ad0089
008f0067
007700b1
008f0065
00520067
00a70087
008d009f
0091007b
005c007c
00990077
00880092
00ae0091
008300ad
006e007d
00ca00f0
00820095
008f008c
005b0080
00a5009a
00a50090
005b006d
00bb00c6
00c200bb
008900a0
007500af
00c7008d
009f00b2
008a009f
009300cf
00780063
00a3009e
00e00082
00a7009d
005e00a2
007f00aa
00c800a0
00550057
00c60097
0098008a
007b0082
006b009a
008e008b
00e600c6
00a0007e
009700a9
00620061
00a600aa
00a3007d
007b00ad
00970075
009600e3
00b800d2
00750059
0096007d
008c008d
00870087
007600a0
008900a9
00880099
009e0085
0067008d
00810082
00b800db
007c0085
009900b3
0081007b
009500cb
00a30085
006e005a
008f0081
00890093
00670090
00730097
0075007d
0093009d
00c50083
008500a7
00990086
00e300e1
006d0097
00890099
006d0066
006e0081
00d800a5
00620068
011500b1
00a300b3
0099007c
00a7008e
00870086
00a700a3
009000a5
00b900b7
0063006e
00c000b5
00a90091
00c3009e
007200a2
00760092
00bd00b9
0063005c
008b009f
00960089
00a100a7
009b008e
008500a0
009100aa
00d800b2
00ab0087
0093007f
00f800c0
00c100b7
007500a6
009a007d
0110009d
00c500ad
0065006e
007c0090
00cd0093
006e0065
00810091
0098008a
009200b5
00d000b0
009500c2
008a008e
010b00e7
00a0007e
00820081
00750074
00a0009d
00ad00a2
0046005a
00830074
008600af
007e0057
00870084
00c200d5
00a7007e
00c000ce
00a5006b
00660092
00c600da
00900098
009a0077
00960074
00c9008a
00a800d0
004b006d
00a000b8
00970099
00860067
00780079
00c0008f
008f00a3
00df008d
00a300a2
007c0071
00ca00d3
008c0079
00a100cd
00850075
008500a1
011500cb
00580052
00cb00a2
00b900cb
00d800b1
00c100e1
00b000ee
00c900b9
009900c7
00a900b1
00890095
00dd00b0
015b00d7
00d6010e
009b008d
00c0010d
00c100ee
007f00b0
008300a3
0099007b
007b008f
00a6007e
008d006f
00ab00a7
009200c6
00ad0093
007d0082
00c700b5
009300e8
008d0085
00760061
00b100b6
00a000a0
00680059
007f009a
00a900b7
006a007d
00a50071
008d00bf
00780082
009a00be
008700a5
0083007f
00c50113
00a800b3
00cb008e
00900089
00b100f0
00b800de
0060005e
00aa00a1
00ad00a6
00830086
00a8007a
008f00ae
008d0093
00ae00a3
00b20087
00690083
00f500b2
008400a8
00a20095
006a0076
00a300b8
00a100a5
00570065
00b6009e
00900096
0063008f
00b90091
00a8007e
009b0097
009b009e
00c1009f
00830075
00bf00db
009500a0
009a006e
0076006f
00910076
00a800b2
0062005d
0099009f
009f00be
010d00e8
00e30095
011200d0
00b600a5
00cb00be
00b300b7
009d00aa
00b000fd
00c000c8
011500cd
00b0007e
00ed00b1
00fb00cb
00900062
00d200d6
00e300e9
00a8008b
009500cb
00b100f6
00ab00a9
00b300ab
00df00bf
009900b8
00d700c8
00e100c9
00d100af
00a8008f
00a700ff
00f800c0
00750077
00bb00a8
00bf00d6
00ab007e
006b008f
008e0093
008b007b
00ae007c
00b700b7
008e007b
00e800f0
00ad00a8
00c800f9
006d0075
00b600ab
00f700c7
0089005b
007e00b5
00d200af
00730091
008a009d
0095008d
00a30095
00970089
00cd0080
00820075
00e800f1
009200bf
00a900bb
00790077
006500a2
009b00d0
006f006b
009200a2
00a700b8
006b006f
00560065
006e0072
00b500bf
00910083
00aa00aa
006f006e
010900b3
00850085
00850093
0072006b
008a00b1
00a600b0
0062005f
00b000a5
00b6009d
00870089
007e00a1
008600c1
009e00af
008f00cd
00c100b5
007a0063
00c800ad
00a300a9
0090009f
008a009e
007900d8
00ad007c
0062005c
00b100b1
00bb00a9
00960088
007b00a7
00a6009b
00be0093
00ad0092
00e700bf
00a10087
00c300d5
0089008e
00cb008d
008900a0
00d900e2
008f0091
0066005f
0089009f
00a7009a
00710079
0092008d
00890070
007900a7
008600cf
00cd0087
006f009d
00c1009d
009f00ba
0092009d
008d0077
00b60089
00c500b7
005f0053
00be009a
006f00ab
00910063
008e007f
0089007d
00b00085
00d1008d
00b70091
009b008c
00ee00d9
00a800ba
0091009e
005f0089
008300a3
00a200c8
0060005b
00a30099
00a900a6
007100b8
009d0099
00c50098
0079009a
00af00b0
009900db
00890065
010300c6
00ae00b7
00af00ad
006f007c
00930089
011a00a8
00640089
00980088
00a200d9
0083005e
007a0080
009000ae
00ca0082
007b0098
009100e9
0077005f
00c000c9
0096007d
00a60093
0082009b
00c000a9
009900a7
00720068
009200a3
00e000a8
00b800bd
00d300ce
011a00af
00a8009f
009500db
00b700f8
008c007a
00ae00e9
00dd00db
00c600d2
00ab00c1
00c500de
00a000d9
0077007d
00a700a9
00a900c1
009700ab
00e900df
00ad00d0
00c100ab
00a500a0
00dd00b6
00760075
010800c0
00d000b3
00a600b5
00850071
00ab00a0
009d00b6
00a0006e
00a000b1
00e000ce
009100d2
00b800bf
009700af
00ba00cd
00aa00f0
00cf00c8
00aa008d
00b900c1
009f00aa
00d900bf
009700e3
00b80096
00a30107
0092007e
00c1009d
008700a0
009b0071
00b8008d
0095007e
00a0009f
0073008e
00e90082
00890085
00a900c6
0081008a
00a300b2
00730073
00a6008d
009f0082
00530061
006b008f
009000a7
006a007c
00780069
006b0071
00bd0074
009b0091
00ba0089
0081007d
00e800af
007d00a3
00a60088
005e006f
00a30080
00a300c9
00520076
00ca0087
00f600b9
00cd00a8
00b5008e
00c700aa
00c5008b
009b00bb
00da00c0
00880052
00bd00c6
010b00be
00a90102
009f007e
00ae00b3
00b900b0
005f0060
009a0070
00b600a7
005d005d
00830063
00a9009d
009e00aa
00ca0098
00a200cd
005c0071
00d300d2
0092007b
00a200b3
008e0063
0081007b
00b700cd
00500075
00d80096
008b00c1
00b900b6
009f00ba
00dd00fd
00ca011a
00a200bb
00b600aa
00e000b8
009800a5
00b700d0
00dd00cb
008400ce
00aa00c2
0092008c
006d0081
00810092
00ce00ae
008a0081
008e008f
009200b3
0086008b
009200ea
00a100a5
0083007c
00bb00ca
00a5006c
00d500be
006d0090
008e00a8
008d00ab
00770057
00c60080
00850092
00730066
00850073
0063007c
008b007d
0092008a
00a600a6
008d0072
00af00f1
0098007e
00a700a0
006f006f
009200b6
008700a3
004e0059
00c7008b
00b500a0
008a0091
00e20085
00690071
00a80082
00c7009a
009a00a5
007f0083
00c700b5
00670080
007e00a8
009e0066
00b700ee
00be0089
004f004d
00aa0107
00df00e0
00c000d2
00f500b6
00c800c9
010700dd
00ee012b
011e0110
00830087
00e500e1
00ca00d7
00d600c2
00b10091
0098009e
00bd00fe
00830087
008a0075
00c000cf
0090007f
00a10089
007a0072
009e00c0
0099009e
00a800a8
008d006d
00ae00c3
007f00ab
009d00ca
006c009a
008900b6
00a900f7
00620059
006b0084
00ba009b
007a0079
0095008d
009100a0
00a000a1
007f0091
00cb0089
006b006b
00e900b1
0081007e
00bf00c1
00700076
009f007e
00aa00a0
00650064
0091007d
00b200c5
008f0087
00a80097
00890073
008b009f
00a50078
007c00ca
0087007a
00e600d2
009600b0
009800ae
006d0083
008a0087
00850090
00640067
007a0071
00af0085
008700c1
00960088
007e008b
00970084
00a70098
0091009b
007f007f
00a900f3
00b500ce
00ee00dd
00810082
007d00be
008b009a
004e0056
00a10078
00b600c5
0074006c
006e00c2
00830083
00a0009b
0089009e
007e009b
00610076
00a700c7
008700b2
00a000a6
00730075
00ab00b9
009000b1
00590071
009f00a1
00b50099
00bf00af
00b1008d
00a000fe
00f700a2
009e00e7
010e00fa
007e00a0
011300cb
00c500bd
00a700c2
0080008b
00b800bb
008900b2
00590092
00b600e7
00ba010d
009a00d8
00d200a0
00d500e2
00d200b8
00da00cb
00e200e2
00720085
00bd00bb
00cb00cd
00d000ad
00a20075
00eb00be
00b000ea
00780064
00a9009e
00800087
007a005d
009e0063
00920072
00a80075
0098008e
009b00c1
007b0063
00b600cf
0098007b
008a006f
006f0086
00bb007b
007c00ad
003f0075
00960081
008c0098
008d0078
00a50098
00920082
008500ba
008800c3
008f00d7
0086007a
00d100be
009d009f
00a5007a
00a300da
00c7009e
00bd00b2
00550061
007900a8
00c30092
0090008e
008900d9
008e007e
00ce008c
00a800a3
007d00aa
006d007c
00be00b3
009e0091
00e7008d
007400b6
009d0090
009d00ad
007a0065
009800b0
00ad009b
009b0063
0083006b
007a00b3
00a200bf
0098009a
00a2008e
006d00a3
00c800d5
0099009f
009d00b2
00850089
00ad00af
00ef008e
00440089
008f0092
009a006d
00770079
0086008e
00ab009e
00830090
009900b2
00a100a2
0065005d
008700ad
00990071
00a700b1
005f0084
00a800a0
00ce0082
0067005a
00c600cb
00b5008e
00bb0092
009700b7
00820097
00bf006b
00ce009b
00bb00c0
009800a1
00a300b9
009d00a0
00aa00b0
00830061
00a100de
00b10085
00590063
0090009e
00a2009a
0073006f
0092007e
0087008d
008000a8
00d20092
00ab00d8
005e005f
00db00c8
0099009a
00ba0096
009500a2
008c00a6
00af009d
005f0066
009900a7
00b1008d
009a00e1
00c000a3
00b500ca
00da00bd
00c900a0
00fa00b8
00790081
00cf00e8
00a30097
008600a8
00b10098
00ad0091
00ce00ad
007b007f
006700cf
00c300ce
008d0072
00880073
00860092
0076007b
00a100b9
009900b3
009e00aa
009900bd
00730096
00a7007a
0067007b
009b008a
00a900af
005b007c
009d00a9
008200e5
0092009d
00790070
008600e6
007b0092
00b30093
00de00b6
007900b7
00b000da
009e0093
00990095
007f0090
00a600d7
00a2009b
00760045
00ab0099
00a800b6
00fe00b5
00de00bb
00bf00cb
00fa0108
00a900d1
00bf00ef
00570063
00900155
00e800e8
011700b6
00a000a6
00a9009d
00c60112
0065007d
00a5008c
00a10091
005f007c
009500b8
00750097
00a200ad
00c900c3
00a70097
00890069
00d500b5
00a60088
00850092
00790081
00b30095
00dd00e9
006b0075
00f2009b
00920093
00be00b8
00c20082
00d500a7
00d100e3
00b000a9
00d200f7
00860093
00c700e7
00df009e
00cb00f8
0073009d
00c600be
0091009b
0056005f
00ba00eb
010200a6
00b5008c
00aa00a2
009b009d
00a1009d
00d900b2
00a500d2
00810075
00da00b1
009a00b7
00ea00b9
0096008e
00a300d7
00bb00d8
004f005c
008a00b2
00a50098
00910064
008a0098
006d006c
009d00b1
00d10082
008e009a
007a0083
00ad00af
008d008d
00920089
00d8007b
008c0097
00b500c5
0055006d
00b000b5
00af00ab
00ad00b9
00930079
007b009a
00ae005e
00db0075
00ca009f
005f009d
00ae00b3
00cf009e
009f00b8
007d0076
009200ba
009900a8
005d005e
008200a3
00c6008c
004c007d
0072007b
007800ae
009700ab
00cb00b6
007e00b5
00970081
00cb00ad
0089007a
00920093
00820071
009700bd
00b900b1
0067005d
00a80097
00bd00b1
00760088
00850082
00950085
009a0090
00d900aa
00b900bf
007b0076
010900f8
00c00083
009f0077
005b007d
009600b1
00ba0077
005b0060
00b000b9
00a100a5
007e00c6
00730082
00ad006d
0099008a
009e007e
00a100c8
00760086
00a10093
0092008f
00a90084
008900bf
00c100b8
00b000cf
0059005e
00770085
008d00a0
009d007e
00a8006c
00c50082
00cd00bd
008e00c0
00ba00b3
00b5008a
00d100d7
00c800a3
00b7008a
007e0077
00cd00a5
007700a5
00550066
0067008d
008300a1
00920083
00a6007e
006900a2
009e009e
00ad0092
009100dd
0071009d
00b000b0
0082008e
009300a8
0069008f
009100bf
008e00fa
0047004a
007b0087
007e00c8
007d0066
0071006e
009600a8
00920091
009300aa
00a6006f
008a005c
009e00ae
008400a6
00b6008b
006a006f
00ad0082
009200df
00450063
00790097
00ba00a6
00960081
00a30075
008f0079
008f0099
00c6009a
00b200af
008a0093
00ab00c8
008300aa
00960084
008f006d
008e00b7
00b8008d
00550063
007f009e
00cb00b7
0077007f
00820089
007c0081
008b0091
009f00b0
00a100ab
006f007c
00b900fd
00d30093
00d600cb
007a007d
009f00ad
00ef009f
006c0056
0090007e
008e00ba
00a90082
009d00a0
00e70089
008b0084
00af00a9
00b500d6
0089009e
00ce00d1
009100de
009100ba
00800079
00960091
00c000bd
0062005d
00820096
008f00e9
00820075
0085007c
007d0075
00980093
00a90091
00c100b0
00860070
00b800e1
008900af
00960077
007a00b2
00910109
00bd00a8
00530056
00ca0090
00b70087
009b0083
00a900a9
00b7009d
00a9008c
00ea0087
00920091
00730079
00e100e1
00cf00b5
00930081
00830060
009900a9
00aa00ca
00690075
00ae00bb
008d009f
009000b3
00a5008e
00cb00bd
008d009f
00af00a5
009d00be
00760077
00bf00bf
00ae00de
00b700a1
0074008a
008d0095
00ba008d
00660075
008600b5
009100a7
007b0086
0089008f
00a20092
007f00a8
008900ad
008900af
007900b1
00af00be
007e00ad
00a20099
0054006e
00980075
00d00095
006a0072
00a000bd
00af0097
00be006c
008e008e
00af00a5
00ae007a
00d30090
009e00a8
007f0073
00cb00ed
0085007d
00b300a7
00740072
00c800c2
00bb0099
00530072
007e00b1
00b200c2
00570059
00b2005f
0083008a
00ad00bf
00880091
008f009b
00850085
00b000b8
008f0077
008c00ae
007e0077
00d200a7
00b100bb
005b0073
00790091
00bb00b2
0067008a
007a0067
00780092
0086008b
008f0093
00b300a2
00970077
00a900d0
00790090
007e0092
00620061
00c500b3
00ba00b0
00630057
007f00b8
00b6007d
00710082
0095007d
008900fa
0099009d
009b008f
006d00d5
007e0078
00f000ea
00830095
00ad00b6
0078007e
008d00b7
00e3009e
005e006f
00a600af
00b300e1
0072006c
00a300a3
0077009d
00af0092
008e0072
00a000ab
0089008a
00d100c3
00aa0092
009e00b3
00950080
011700a1
00aa00fa
0066005a
008a0071
00c000aa
00790067
007b005c
008800b8
009b0107
009d0099
00fd00c6
00980075
00c900d1
00a9008f
009100b7
006e00b8
007900b3
00ad00b5
0059008b
00aa009b
0096009d
008b006d
007a007f
0082009f
00f6009b
00b6008d
00b3007f
0071007f
00ae00b9
00830086
00ad0085
0077009d
009900bd
009d00c0
004c0063
00d000d0
00f300ce
009800ca
008900bf
00bb00b2
008f007f
008f00bd
00cd0101
008200c7
00b500e8
010e00ed
007f00bb
00b5007a
00e600ad
00b000d9
00a900c0
00760086
009b00a7
006d009f
008d007e
00920097
00ad0099
008200b6
00ad00e1
005e008a
00d600cf
008c007d
009900c1
00aa0081
00a900b9
00a90096
005d0056
007e009a
007d008c
00640082
00810083
00a6008c
0077009f
008e00ca
00b6009e
00730072
00a800a6
009f009a
0091007f
0069006d
007e009e
00be0092
007d0064
00910087
00bb00ae
00920075
0084007e
00e200b5
008f00af
009d00a8
00e000ca
00770075
00b700e0
0085008f
00a20082
007f0071
00ca0093
009200b5
00560073
00b300a7
00f000dd
00b900b6
009a00b9
00d500a5
010300a6
00a700b5
00a7009b
007f008d
00a800c8
00970076
00f00092
00b90095
00c900af
00ad00a8
008000ae
009d00a3
00db00ab
007400cb
007a0099
00840073
008a00c2
00ba00c0
00aa00a8
007d007b
00ed00d0
00ad0097
00740079
00690081
00c30087
00a300bb
005a007e
0098007f
00ae00c2
008a0075
007d008c
00ae00c5
009600a5
008d00bd
008b00ab
00650064
00ce00c7
008a006a
00900095
00810098
0084008f
00a700ae
007e005b
00c100de
00b100bf
00bf00a8
009500ff
011a009e
00c600a8
00ca00b6
00d2011a
006d006d
00c100de
00ab00b5
009a00d1
009500c9
00b200d3
00d500bd
007b008d
00c600b9
00b300cf
00d100e9
00bb00bd
00f700af
00d800b2
00ae00a1
011600c0
00a100eb
00970102
00b000d7
00ab00f6
00a60073
00c600bb
00ee00f3
0086006b
00850062
00d200b5
008e007e
009b006a
00b2007d
00870096
009800ad
00b5009d
0063006e
00eb00c8
00980073
00a0007c
00590072
00ae008b
00ab00ab
0048004d
0099009d
009d0095
007f007d
008b0069
008a0086
007d0090
00b600d6
00ea0093
0069007a
00e600bb
009200b0
0082008a
00b00083
00bb00a9
00c300c2
00560065
007e008b
00b800ad
00aa008e
007b00a1
00a7009a
00bf0075
00bd00a5
00a20081
00a60082
009800ea
00cb00c1
009d00b7
00730086
00c9008d
00ba00cb
004a005f
007e0062
009a00ad
007b0073
00d1008d
00830084
00bb007a
00b6009b
00a80090
006d007f
00cd00da
008c0079
00d200c0
0092008d
00b1008f
00a500e2
0053005d
009f0093
00ab00a6
00c10091
009b00ad
00b500a0
00aa00ae
00b600b1
00d700e5
00750095
00b200f7
00c800e5
00b500df
007600a3
00d300f7
00b0008e
006f007c
00b000c0
00ff00b7
00af00b5
009600cb
00d900c9
00c900d0
00eb00b7
00fd011a
008a0085
00c50103
00cd00c3
00a2009f
008400d8
009500a9
00af00c5
006e0068
00920085
00b000cb
00a50079
009e0086
00b50083
00c0009d
00e200a0
009700ae
009a0075
00900096
00a20098
00bb00ad
00a300b2
00b1008c
00a1009b
00510081
006b00af
00bd00d1
008a00a1
00af00b7
00920083
00fb0093
00c300a9
00bd009b
0092006f
00e000cb
00b0007e
009300ad
0093007d
00c60087
00a00093
0052006d
009b0089
00ae009b
0097009a
00bf009b
008b00ae
007e008d
00b1009f
008b00b0
007d0057
009800b8
00a900a0
00aa0095
00a70075
008b00b0
00ef00a1
00530066
00a500ad
00b900a1
0072007d
007e0084
00af00a2
007a00da
00c6008e
00ba0099
0077008b
00e300a8
00d70084
00b000a3
00830093
00b800a6
008e0092
004e005d
00c900ca
00e100b5
008300c2
00cd00a7
008b00c6
00da008a
00d500be
00b000a6
007a0072
00f900db
00c700f5
00b800b3
006500a9
00aa00a7
00ba00a6
0074006f
00b800b2
00e200a1
00790072
00a000a0
008d00d9
00a500cd
009f00c3
00cb00b3
008500a8
010f00a5
007800b2
00b800b3
0073009d
00bf00ae
00b000bb
00610073
008b009d
00890093
006d0072
00760076
007f008f
00750078
00b600ae
00710095
0092006a
00ad00d9
00a80095
00a70095
007a0073
009600c9
0092009a
0067005d
0086008a
00be0085
00a3009e
00a3007e
008a00b9
00a10073
00cb0089
00a300a5
005d008a
00f100c3
00a0008f
00930075
00790076
00aa0083
0072008f
004a0047
007d00a3
008800ba
008200a3
009300ae
00c1008b
00b800ad
00a500c7
00b300d5
0058008f
00c200d7
00af00b0
00b0008e
00a80095
00b000a1
00c200e6
00860052
00a30080
00ad008d
00a6007a
00ae00b0
00cb009b
00b900ca
009800fe
00c700d0
005c0061
011700dd
00760093
00c70090
00b00079
00a800df
00cb00a8
00590053
009d00a9
00a50099
0074006f
0087007a
007d007b
00b00090
007e0096
00a9009b
0065005f
00a600c9
008f00a6
00c1006b
007f0082
009700ba
00af00a7
005d0052
0076009d
008b0084
00820071
007a008b
0075009d
009b009d
00a300ca
00a00097
00700079
00d000f1
00a10095
00780082
006d0078
009b00b1
009a00a0
004d0048
008f00cd
00b700a3
00aa006d
0081007c
00910075
009900ab
00a500b2
00a700c1
008e009d
00c600ad
009f009f
00ab0074
00720091
007f008d
00b100a7
00650066
00a100a2
00c700c7
005d0082
008b008e
00a100a1
009b007b
0087008e
009a00a1
0075006e
00c800cb
00a50070
009a00a7
00670097
00af008b
009500b9
004d005e
00c300c7
00c900b3
007e007f
00c100bb
00b1007a
00bf00a0
00b3010d
00cb00bd
008d0074
00c600bd
00b80102
00bd00a8
008f0071
009100d0
00d700d8
0065005d
00d200be
00af0121
00a700e1
00e700a9
00b00082
00a500d1
008900af
00d000e7
00820098
00a000e0
00a9009d
00cd00cf
008300ab
00c100ab
00d900d5
008600ba
00a00082
00b200a7
0092005b
008100b3
00a20087
009500b8
009800c0
008700b3
00850079
00ae00c0
009b00bd
007900b5
00770075
009300c5
009500b2
004f007e
00750079
00a100e7
00860073
00800085
0082008e
009a0086
00b70093
00ab00a7
00610093
00d700fd
009f00b0
00bb00d2
0088007e
0095007d
00c000a6
004d0070
00b100c7
00b300a3
008200bd
00b50098
008600a3
009300cb
00d000aa
00f30095
00710091
00cb00e3
00c100b0
00a800b1
00ae0077
00b600c8
00b800ae
005300a8
00a200c9
00a10098
005e0089
009100be
00a10087
008700b5
00b100b9
00b600bd
008a0073
008b00c2
009e0091
00820097
0075007c
00d700ad
00b300af
0062003d
00b00088
009200c6
00a00063
007600bd
007700bd
00990098
00ab00a6
009a00d0
0078008f
00db00e3
007c0071
00c9008b
007e0071
009100a2
00cd00bb
005d0058
008b0080
009b009d
005f0063
00a60079
00a000c2
00a000ef
0092008f
008a00a1
0083009e
00b900ae
00a100ab
00b80092
007b0097
009b00b2
008500a1
007800a0
00ad00a2
008500a3
007e007d
00a300a6
00a300ae
009200a3
00a7007f
009900ca
00700071
00eb00de
006600d8
009600a0
00a00087
00bd00b1
009b00af
00500069
008d00c8
00a700b2
007c0086
00c900d9
0098008f
008f0072
00a200ab
00ab00b3
00910067
00e600ad
008800c1
007700b5
0090007a
008f00aa
008200d1
004e0062
0089008e
009a00ab
00600086
0061007e
0091006b
007e0076
009f00a5
00b70096
008100ca
00f300c1
006600b7
008600b3
007a006d
009700b5
00a6008b
0047005b
00b6008b
00e800a6
00a500c8
00c800c3
00c500f7
00cb00e6
010100aa
00ea00c5
00bd00c7
00da00b9
009e009e
00a800ad
008b00c2
00d8009f
00fb00b3
009000c7
00ae00b2
00d000cb
008d007b
0095009f
0095006b
00a300de
0091009b
00b300b3
00770092
00be00b2
008e00a3
009b00bd
009d0073
00b3009b
00db0099
00700082
00a700ae
008600ce
007f0095
007e0076
00a300c1
007800a7
00a60096
00cf007f
0074007c
00fe00ed
007b00b3
00b500a0
0073007f
00c700a8
00ae00d2
004c0080
008f008d
00a6009b
00790053
00a1008d
008b0083
00820093
00b6006d
00c700af
00650068
009700eb
009a007e
0084008f
00ad0069
00b800b8
00a100b0
0074004d
00a80077
00f200c2
009900aa
00920083
007d0079
00a70079
00c70092
00a1008d
008b0093
013b00b0
009600ab
009300b5
00800070
009b0080
00a300bf
00690057
00980087
00d500a6
008a00a5
00f6007f
00b6006e
00b70083
00b80097
00e00075
007800be
00d900f7
00bd0087
009e00c5
00ce00ae
009b007d
009300da
005b0070
009200a0
00a7009b
00920099
008c0098
009a0077
008900b5
0096009f
00b0008b
0068007f
00a100cd
00970087
008e0097
008c005c
00a300a1
00aa00d3
0079005d
007e00b7
00aa00ab
007700a7
0084009d
00c0006f
00780083
007000a3
009e008e
00980098
00b800c7
009300a9
008e00ab
006f007d
00a800a3
00bf00bf
00650044
007d0078
00a300b0
008f0064
008c0085
00a30095
008600ca
008200b0
00980096
0060009b
00c6009f
008900a2
00a700a3
008d009e
008f00a6
00860092
004e0057
00a700a0
00c20097
0085008d
00d0007e
00b20074
00a300b2
00de00ae
00b9008b
008200b5
00e90112
009d00c1
009d0089
00d000dd
007500c6
00b300bf
005f0057
00ba00b5
00b7008f
00a80071
00e10098
00e9008d
00a500af
00ba00b7
00ad00ad
00810087
00aa00ab
008600ab
009600b6
009b007a
00ab007b
009d0088
00690043
009600a6
00a700a9
00690071
00950095
00b6009f
00d100a3
00b0009d
00c900cf
009b0086
00dd008f
00970089
009900a7
00830092
00ce0098
00a7008f
00670077
00890089
00a700c7
00c00072
0095008b
00b000b3
00a700bd
00c30093
008c0098
006b0073
00b50113
00a20098
00fe00bb
008f0072
008d009f
009f0095
00770079
00e000bf
00c800c8
00860092
00bd009b
00c900dd
00e100e6
00f800c5
00ef00a9
008b0098
00b800c1
00b100e8
00a700ef
00870083
00ca00bb
00a600eb
00a8008f
0097009b
008b00a5
007d007a
006c007a
006c0089
00910092
00af0075
009700ab
0071007e
00e2009e
00960081
00a0007e
006b00a7
009600a1
009600b8
00600068
008a00c0
008c009b
008d007a
00990096
007f00e3
009800a0
009f00b9
009200b8
00660078
00b600d1
00b8008d
007c007c
0082006a
00c5008a
009b00cb
00560056
00760085
00b1008a
008a0052
007a0073
00980092
0077008c
00b100b0
00a300c9
00a000d5
00ee00a1
00aa00a9
006e0090
00890093
00ab00b8
00d600a8
004e0053
00b100a5
00bd00b7
00ae00d0
008800a2
00f000af
00a30095
00cf00ad
00bf00e3
0072008b
00bd00a1
009900a3
007f00b8
007600a7
00db00d8
00a3008a
005d0054
00a8007b
00bb00c2
0067008f
00a2006b
00860096
009f008e
00920082
00ab00bf
00760082
00db00c8
00b1008a
00ae008f
007a0070
009200a9
00cf00b1
00660062
008f00c6
00b500a7
007d0091
007b00b2
008d009d
00cf00a5
009a00b9
00f300bd
00960095
00a000e3
00970072
00a6009b
007b0066
00d900a1
00d800aa
0074006b
0080007a
00b90091
00850055
007a0076
009f007a
00ab00a2
007f009e
00a700ae
0063006c
008a00d8
00be0083
00b3009d
008a006e
006c00a7
011800c6
00590063
00d500db
00b500d8
008400a1
00af0092
008a0095
00a800e2
00c300b3
00dd00b0
007300a5
00a800ba
009e00c2
00a8009f
00b1007a
00a800ef
00b8007e
0062007b
0078008b
008d009d
00750080
009b0075
00ba00ae
00ba0091
00c300a1
00a000a8
0072006e
00a500c7
00c500e5
00a200af
00630071
009b009e
00ff00a0
0055006b
009b007b
00a800cd
007b0074
00960092
0081008f
00810095
00af00b3
00ab00c0
007d007f
00b500c5
00a600c8
00920082
00990096
008300a6
009e0098
004e008a
0096008b
008c00d6
0067009a
009900b3
009e0092
00b60085
00be00a2
008500ae
009f0073
00ed00a0
00b20097
009800df
009100b2
00a70096
00a600b6
0047006a
009100bd
009d00c9
00800053
00810075
00a50093
00830071
00d600ad
00c9009e
009d0091
00ae00d2
008b00ad
00b700d5
00a50073
009f0095
00ab0132
00530071
009d00be
00bf00b0
009200a2
00ab00a8
0075006b
00b00084
009f00b5
009100e9
0078006a
00cf00cd
009800b7
00a300ad
00ae0077
00b300e3
00b700aa
0060005f
00b5008a
00a100d8
00560075
00750088
00a1007b
00c80075
00b000a2
00e600b5
007a007c
00fe00d5
0093008f
00910082
008d008b
0092009a
008c00a0
0058006b
00bf00aa
00a600ae
00a200c3
008f00bd
00b700d0
00d100c2
00ea00a1
00b600b3
007d007e
00a800a6
00c800a7
00c600cf
00bb0103
00c500b0
008a00c9
008e00b2
00e300c0
00f600e8
00aa00b8
00bb00cf
00b500be
009500a3
00cd009e
00e800b0
008b0092
00d700b5
00c000c1
00ff00b0
007d009b
011600ba
00ed00b9
005e008f
008d00ae
00b300a9
00570080
007b0075
00870097
0083007d
008c0087
00c1007b
00820074
00c0008d
009b0096
006a0086
00650076
00890082
007d0087
00470063
00800099
00ae007a
00a70071
008b0073
00650089
0092006b
00a0008e
008c00fb
00960089
00ae009e
008f00f0
007500a7
005f0086
008300ae
00950095
004b0065
00af005c
009d009b
0073008b
00850089
00980087
008b00b8
009900b3
00b600bf
00760080
00ad00b2
009f007e
008e00c5
00890096
009100a7
009b0095
00650057
00f000a3
008a00b8
00ae007c
009a007c
00b100b6
00c200de
00b000b2
00d00108
00950082
00b600c9
0089009a
008600a0
007a0067
008500a1
00c60093
00580046
00ad00b8
00bf00bd
0093009f
007700bd
00dd00d0
011300b6
00bb00a8
00e900cd
00bb007a
00de00d8
00ea00d2
00b600cb
008200aa
00a900af
009200ad
00ca0064
00e200ae
009d00a5
00900060
007f00d0
00a60092
00a300d0
00be00b9
00af00b8
00770098
00c000e6
009600a0
00b700ba
007b0097
008700a5
00b700a2
0073009a
00a700ab
00b3009e
00780075
007c0068
007d0087
00aa00b8
007d008e
00ba00aa
0069007a
00d200b2
00a30091
00920085
007700ca
009a009b
00ed00ab
005e0059
00ca0098
00750097
0089008b
007f0083
00a500a2
008100bd
007f0092
00a00093
00950073
00d600a3
00b60099
00a500b2
008a0064
00a300bb
00eb00d1
00670066
0080006b
00af0097
00a00076
006e008c
008a0084
007f007e
00b3009e
00af009d
00840098
00bb00c7
00a20095
009b009a
00920066
009b00ab
00e000bd
00620072
008000a7
00af00d5
0079006f
00a1008d
00a700b8
00ae00a6
009a00bb
00e600b1
00790099
00f000ad
008f008e
009500a9
008d00bb
00b00092
00d900a3
00690071
0066007e
00990098
008200b8
008b006f
00830092
008600aa
00a700ad
00cd00b0
0086007d
00a300bb
0090007d
008d00b2
00760091
009d00c5
0083008d
0069005c
00ba00b6
00ba00da
0092007b
00970091
00f900a7
008c0097
0091009b
00d700aa
00970099
00df0099
00a9009d
00bd00bf
00980097
008200a0
009000b9
0055005f
00b900e1
00db00bb
00c30093
00b700ca
00e000b0
00b900ba
00ca008b
010f0122
00bd008c
00e700e1
008700d5
00a600b5
00a00074
00c900ca
00a600ba
005c0085
00ae00aa
00a300bf
008e006c
0096009a
00b00097
00ad00e3
00d700b5
00b3008a
0077008a
00f700b1
00b200b1
00de00af
009a0082
00eb00a3
00a700a8
004b005b
00cd00b7
00cd011a
008600b5
00b800b9
00c800c8
009a00bd
00b500d7
010800cf
00810088
00be00b6
00bb00c8
00b200b1
008600b0
00c90095
00c700e3
0072006a
00910078
009100c6
009d0080
008a00a5
0072008b
00870089
00a0009a
009600a0
006a007a
00af00a1
00b0008d
00aa00c3
006700ae
00e700a2
009b00c2
00530056
00df00b7
00a700bf
00ed00d7
010100d1
00cb00af
00b200d3
009b00bd
00d200de
007100ba
00d500ad
00e500e5
00ba00c7
00c6009d
00c300f1
00fb00ae
008a00a3
00910097
00a900b6
008a0092
009e0072
00a6007b
006f0098
008500a1
00d80087
00680077
015500b3
00750083
0060006a
0072006c
007700ba
0085009f
00700043
0091009e
00b100b5
008b0087
008e008f
00a6007f
00cb0082
00bb0086
009700ab
00700097
009700e8
007100a6
00860092
0089007b
00a200bf
0095008d
00920059
00a800b2
00bd00aa
0096009a
00bb009a
00af00c0
00c800b8
00f300d1
00e500ff
007f0087
00c300e5
00a800a3
00a900bd
00800088
00a600a2
009e00b6
00780090
00a700a9
00df00cd
00b000ae
00c100c8
00a700a9
00a100ba
00c300ea
00ce0122
008b0095
00ef00ad
00ba00c5
00bd00b0
00af00ae
008d00a8
010800b7
00a0008e
00960086
00ab00bf
007300af
008b0082
00b20081
00720073
00c30088
00cf00d2
007b00bf
00cd00b3
0086007f
00a30093
00660079
007a0089
00a6009b
007d005d
00b700a3
00be00a2
00a900ab
00be00c6
00a200ad
00ce00dd
009700a8
00e30108
007b0087
00b9007e
00ca00b7
009a00d7
008b009d
00ce00c9
00ee00a6
005f0077
00b50116
00f000c3
0073009f
008c0091
00ad00ad
009200b3
011600dd
00b100bb
00830091
00ff00ce
00d70098
00b8009e
0069006d
009f00b8
00a900e9
007e0053
00b7009b
00af00ce
00680076
009b008c
009e009e
00db00b9
008700ba
00a700a8
00790085
00df00ef
00a60092
00b000bb
0085007c
00b100a2
00e600ca
0080005d
00860095
008b0072
007900a5
009a008d
006f006f
00b800b0
00d600b5
00ae00d8
0087006e
00b900aa
00bd0088
00a300a0
00970081
008f008e
0099007e
00590077
00c300ff
00ff009a
009200a3
00dd00a6
00c300ab
00a500a7
00bf00aa
00a200a2
00b10083
00d000ab
00c000ca
00d000d3
007f009f
011b00de
008900b0
007f00b3
0097007e
00cb00bd
00ca0085
00b2009b
00a300cd
007300b5
00b500c5
00c600f6
0096006b
00f50090
00b3009a
009f00ce
0075007c
007f00fd
00ce0092
006f00b1
007900b7
00d10092
007400b3
00d500cd
00bd00b6
00a900c9
009100c1
00b00097
0062008d
00af00c2
00de008f
0098008f
00a800a6
009b00b2
00da00ab
006f0092
00960091
00a800e0
00910081
009500b0
00870077
00ad0095
00c70096
00b90096
006d0071
00a800c8
00930089
008e00a1
006a008a
00bb009f
009600d0
0055005f
0097008e
00de00cf
0093008c
00be00a5
007e00b1
009a00ab
00a300de
00ca00d1
00720072
00a700a5
00ae0099
00ba0089
009f007f
00c000b8
00ba00b9
006a006a
00a200be
009a0089
0085008b
008d00b5
0081007e
008500be
008f00ab
00ce00bd
008a008f
00c300e8
008f00c5
00af00d3
0092007a
00ca00e5
009100b2
0057006b
0087009e
00f700a7
005c0093
00770076
009600a2
008e00b6
008f009b
009900ab
00810082
00ee00c0
008100c5
009700a1
008d00ab
00af009e
00e200a3
00830076
00af00dd
00dd00a6
009800ae
00b100d0
00dd0097
009500dd
00b000b9
00d900cf
00a20075
012700ea
00b300ba
011d00e6
00a8009a
009b00cf
00b00111
005f0059
00880095
00ab00b8
00a000a9
009e0067
008200ca
00a000b3
00af00ab
00aa00e6
00890073
00d70095
00c2009a
00830076
007e0080
00a3008a
008f00bb
00530056
00970083
00bb00d5
00c20078
0069008d
00e300e5
009b00b0
00b200d7
00c10087
007a006b
008900b6
00a30092
008300ce
00a90085
00a500a8
008d0081
0090008f
00bb009d
008f00b7
006a0093
00bd00ae
008100a7
00d900c6
007600c1
009a0098
00810081
00b800e6
00a900ae
00820090
0067009b
00a300a6
00d20082
00660056
00ad00b1
00ab00b9
00c700cd
00e600d8
00d200d0
00c000ca
00aa00af
00d6010f
009e00a6
00c700da
00ef00cb
00fe012b
00960092
00d200b8
00b100ba
006f00d9
008b0095
009b00ad
009800a7
0062008b
009e007a
00cf0086
00950092
0075009f
00790069
009f00a8
00b000ad
00910098
00760085
00960096
00a100b3
00630065
009600b3
0084008a
00950078
00980090
007100ba
00af00ba
00d500c1
00b1009d
00680084
00c200ea
0088007f
00e500b0
00820087
00ba00a2
00860087
005e005a
0083009a
009800bb
007a007f
0089009f
00ad00af
008a0096
009f00c0
00e300e3
00720092
009d00bb
009d00b9
0082009d
00740087
00a7009b
00ae00a9
0064007d
00c700ae
00d800d9
007f00bb
009a00ad
00c600a2
00b900b0
009a00e0
00c70106
00910081
00c100e1
00af00d0
009600d0
00960095
00a50087
009e009e
006c0056
0076008f
008b00c5
0077006f
00710085
00760098
00a20074
00cb008a
008e0087
0098005f
00e200c7
00990083
00a1009e
005e0079
00af00ab
00b700db
007c006c
008100ca
00b600a7
0089007c
00b2009e
00a300a2
009f00ab
00cb00b2
00a500ef
007f0076
00eb00af
008c00a2
00810089
007900a0
00a700ca
008f00dd
0058005d
00c5009e
00e100eb
008a00f0
00b000a7
00b800e0
00dd00d9
00c600a7
010200ef
009300a7
00bf00b9
00b600e5
00c100b0
00830083
00f800cf
00d200c7
00900082
00b900db
00ad00f3
008f00bb
00a800b6
00d300ba
009600b5
00a90092
00d5010d
007d0096
010a00ae
00a300bb
00980084
0095008f
00c300b0
009f00bd
006f0085
008d0092
00a500a5
0090007b
00950071
00820086
0096009f
009f00ba
00b600a7
007e0092
00d100af
008b00b6
00a800c0
007b009a
00c900ae
00b2009f
00710082
00900095
00c50097
009b00ff
008500d7
00ea009e
00c300b6
00ee00ce
00db00e8
008200ba
010200cb
00b100ce
00ae0099
00a100e8
00e500b6
00d500c0
00630070
00ae00b6
00a700a1
00a200ab
00cd00a2
00b700ae
00c200e1
009b00a7
010700af
007f0096
00c800af
00eb00c5
009b00c0
00950085
00ed00aa
00a000e9
005b0075
00d800b8
011700c7
00c9008f
00a1008d
00d200bd
00b600ad
00dd00f8
00bf00b5
00b60060
00e900e9
0092009d
00a1009e
00dd00a6
009800c1
00a900a0
00640053
00a600bd
00a500de
00b200a0
009800fb
00e200ab
00c800c2
009e00a6
00af00cf
007e00a7
00d000e1
00a200a2
00db0095
00a200cb
00a500c6
00bb00e3
0074006e
00be00c5
00d500c7
008700a7
009d00b0
00cb008c
01050098
013500b3
00d800a3
00650079
00d200d9
00cd00a1
009100c8
009f0071
00d500be
00ba00b1
006e0061
00b500d6
00a300bb
00750095
008800bd
00880093
00ba00a6
00c100c0
008b009f
008e007f
00c500ca
00c500a3
00b500c8
00910078
009b00d0
009a00b1
006d0075
00b500d9
00c300ce
00bf00ae
00b600bd
00e900d6
00a900af
00c000a6
00dd00a0
008d008f
00e600c6
00cd00b7
00b600b9
009200ba
00aa00de
00b700a8
009200c3
007e0099
00a90099
00ae009b
008b0096
00a200c8
00c2009a
00a600c6
00cb00b1
0085008a
00b600ca
008e008c
00a700ab
0075007d
00dd0081
010800f1
005d0055
008d009f
00a100b0
0081009b
00a700c0
008200a1
008900c0
009500a1
00c100a2
007d0075
00b600a0
00a10097
00810098
00710081
009900c9
008300b8
0061006a
008c00d2
00ab00c9
006c0086
008b00a2
007b006f
007e0079
009a0098
00860099
00750087
009f0096
00720086
00970083
00ae00a0
008d009b
00d50097
005b0055
00a7009f
00b00079
0091008e
009200a9
00aa009f
00c200be
00a80098
010d00b6
008d0061
00c600b8
00ab009a
00d800aa
00ab0092
009d00cb
00bb00d5
0086007a
00a500b5
00cb00f1
007d0099
007c008e
00b000af
008100a9
008c00b8
00d600ce
00a80082
00be00ca
00b800b7
00bf008d
00d00077
00ad0093
00a700b5
006d0079
00c900cd
00bd00bd
00bb00a1
00ed00a8
00e200c8
00ce00be
00b900ad
00d800d9
007d0085
00be0096
00a300b6
00c700bd
00af007b
00d100a1
00b700e2
0076007d
00cd00b7
00ae00a3
008500ab
00ae00b0
007e00b0
00ea0090
00a200a6
00a600c2
00820081
00c200b6
009e00ab
00c00087
00a70092
009d0092
00b800a5
004b0061
00ad008f
00ad00ce
0088008b
007f009a
008700ad
00a8009b
00c100d8
00fb00a3
00750098
00dd00b7
00aa009a
009500d5
008b007b
00a8009d
009300c0
00720062
00b300bb
009d009a
00aa0099
0095006d
0093008a
0084008c
00e900be
00e000e5
007f0073
00c000e1
009800c5
00b900a0
00a600b7
00cd00c3
00ba00a7
00690078
00a300b1
009d00c5
00870092
0086007e
00970099
00aa0081
00c30091
009100a2
00820086
00a300c7
009d009a
00c500c9
00820078
008c00b1
009700b0
0071007b
00a100aa
00fa00b8
008100a3
00980095
00aa00a6
00920091
00cd008a
00b600a6
008b0097
00d200d3
00960091
00f0009a
009500a7
00b900f2
00a500a1
00570071
008d00c6
00b200a2
008e0098
007d0086
00da008f
00e30091
009b008d
00d700b3
009d008a
00e100e6
0089006d
00ba00b3
007d0086
009800d7
00af00a0
005d0084
00ae00a6
00b90096
007300bd
00cb0076
009200c3
00a200a5
00bf00ab
00dd00a3
006e0070
00cf00a5
008f0097
008b008e
00a9008b
009900a5
00c30089
0067006f
00f700e3
00b900a8
00c0008e
00a300a7
00df00e6
01020090
00a500f5
00eb00f7
009500a0
00e0009b
00b500b6
00d6009f
00b000a2
00b900db
00e900a7
00640083
0096008e
009d00d6
007a00b0
009a0091
007700a5
008f00be
00c000a5
00c800d3
00890083
00ce0090
00a100a0
00c90087
00c6006b
00c900aa
009800aa
0053004b
00a1007e
00c200a1
00890092
009300a6
00b100b6
00770099
00c600ad
00b700a1
007b0096
00a800a2
008b0073
00a300a9
008f0098
008100a9
00b6008d
0058007e
009d00a0
00c100c6
009b0062
0084009e
009300ad
00ab00b9
00b000a1
008d0112
0066007a
00e900c1
00a60099
00bd00a6
0079008b
007a0098
00f000b5
00640054
0090008f
00e300a8
00970075
009b00b5
008e00b6
00cd0092
00b000b3
00d000a2
008a0081
00ea00ba
00dd00b7
00c7008a
00b000a3
00bd00a5
00aa00cb
007a0067
00c2006c
00c700d3
008b008f
006f007f
008e00c2
00970096
00d5008c
00b10100
0093009a
00e000ce
00a800a8
0085008e
00b5007a
00ee00a9
00a80093
0056005b
00cb00bd
00a600ce
00720085
005e00a2
00d000a6
008a0097
00b200c5
00d900c2
00980083
00cf0096
00ae00b3
008800b1
00b60082
00e00087
00a900d7
006d0076
00b30098
00d900b5
008900bd
00ad00bf
009e009f
00a900bf
00b5009f
00b100a7
0071009f
00b100b0
00f200a5
00a90109
00910090
00df00b8
00c700ab
007700e0
00b800e1
00cd00db
00cd00c1
00b300a5
00c800b2
009600bd
00d600b2
00dd00d2
00790092
00d700c3
008d00db
00bd00b1
008e0080
008f00e8
00bf00be
00c00075
00870077
00bb00a8
0079008a
00cb0077
00890083
0095009a
00a900aa
00a500ad
007a0077
00a300d8
00d1008c
00bd00ea
00980089
0095008d
00aa009b
0057005f
00a10087
00af00c9
00e500a6
00ce0079
00840073
00d500b3
00ab00b7
00b20098
008600ca
00ee00e7
00a600a9
00b700e8
0081009b
009200ae
009600d1
00710057
00bb00cf
00c600c8
009f00b2
0097009d
009f0077
00d900c6
009a00c3
00f300f1
00790079
00c900f0
00f500a2
00d800a3
007f0089
00b3008f
00ba00b9
004a0075
00ad00bf
008f008b
00850082
00bb0080
00a100ae
00740085
00a200bd
00a100d8
0082008a
009800d5
00a000b8
009f00ad
0076007a
00ae0083
00a700c0
00490062
009d00b6
00cb00e0
009e00c5
0099008a
008b0096
009b00aa
00bb00cb
010000b9
00b000b0
00be00d6
00d700c7
009900a5
00830072
00a900a2
00b500b8
0085008d
007a008f
009600a6
007b00b0
007d0069
00a0009d
00a600b3
00a30095
00a900b7
00740082
00c200d1
009f009f
009d0086
00840071
00950079
007a00a0
005e0063
008e0061
00970098
007d008c
0096006e
008f00bf
008e0066
00db00a7
00980097
00870087
00ca00cd
007b009e
00a80096
006d007c
009d0097
00b0007a
005b0041
00a600c3
010000b1
00ca00ad
00d700a7
00d00087
00c50086
00d200b1
00e900b3
0092009b
00f9010a
0099008f
00ba00a6
008900ab
009d00aa
009a00bd
00670087
008c00ab
00d100a2
00c1007b
00d5009b
00c900d2
00da00a0
00c100a5
00aa009b
007b0090
00a800d5
00c800a9
00ad00d8
00bb00a6
00c300a2
00c3009f
0058006b
00b300ba
00ca00ad
00b00086
00c100b6
00be00ba
00e500f0
00c100a7
00ce00b8
008e007a
00df00a2
00e700b1
00870091
009800a5
009e00ab
00d500d9
00870081
00a900fb
00de0089
00b30085
00be008d
0077008e
00ee009a
00a00097
00a500b7
00900085
011500c6
00a200a8
00b200b9
00a7006e
00d60110
00b20098
0076006e
00a600c1
00e900cb
007e00ba
00de00c8
00d60096
00e600d9
00c2008d
00b60127
00900089
009100b5
008f0099
00a900ab
009900da
00eb009d
00ed00da
008d0065
00a600ef
00a900b5
00d0009f
00b30078
00c2009e
00800092
00920099
00c900cb
009e0073
00f100a1
009b00d8
00a100c5
00a70082
009500cf
00d2008e
005b0057
0092009a
008b0089
00890072
0091007a
006e0083
008900a0
00b00095
00a900ab
0067005f
00b700c9
0093008e
00a000a6
00810097
00c50085
009600c7
006f0079
00d000af
00a00072
0086008c
008d009f
009500a8
007f0077
009500c3
00c000ab
00870091
00d300c6
00bf00b3
00a5008c
008600b2
00a0008c
00a000c3
0061008a
009500a3
00ad00b2
00980085
00b200f1
00cd008e
00a500b9
01050095
00b300df
00920089
00af00c7
00ca00b3
00b600cd
0086008b
00aa00d8
009a00c9
00730091
00900085
00a50095
008a008a
00ea0096
0073008d
00c0008e
00b10097
00ca0102
0083006d
00a100a7
00820091
00a000af
006b0083
00ae009f
00b500e3
0051005f
00b200be
00b800c1
006f0076
00a50097
00bb00cb
0095009e
009d0083
009f009d
00770053
00ca0106
00a700be
00cb00a3
007d0083
00ae0093
00a3009a
00730061
00a500c7
00d000b3
007d00b6
009f00e5
009100d6
00a800b9
00a800d1
00b90108
006c0089
011a00ce
00b500b3
0089009e
008500a5
00a20098
00a000d0
0059007f
009f009d
00b100a5
00630066
0084008e
009500a6
00b20080
009900b2
008300a5
0068009f
00df00ca
009a0093
008d0080
00820064
00a100d6
00aa00af
005b008a
00750093
00c600a1
00aa007a
009e008d
00b2008e
0086009b
00860081
00ae00a7
00790089
00d200d6
00810092
008800ad
00b20099
008f00a5
007f00a9
005b005e
0081009d
00ab00b6
008c0093
006a007e
008a007e
00990074
00b10081
00bf00c5
008c008e
00c100db
008f0096
009900b3
00820083
009000a1
009d00a2
004d0066
00e200c3
00c800c2
00d100b0
00cf0107
00be00f6
00a200a2
00c100be
00c300f5
007a00ae
00b200c6
00a500c2
011f00e2
009b009f
00d600fb
00b10105
009100b7
007400ab
00b8007d
005b0082
00890095
009200d6
008800ad
009e00a3
00b9009d
007a005e
00d700ae
00860075
008a0097
008200b5
00850097
008a00a6
00740049
00a900c0
00a900ae
00a90076
00a300d8
00b0009a
00b000a7
00dd00af
00bd00dd
0089008a
00de009f
00980096
00ab009e
0082008d
00f300ed
00bb00b9
005e0068
009100d7
00b700ad
00640071
0093007b
0080007e
00b6008e
00a500a2
00af00e5
0073007a
009300d5
007e009e
00760088
00770088
008f0082
00d100b1
004b0056
009300a2
00a800b2
00700071
00a60085
00a20096
00cb00a3
01030091
00ae00fb
007c008e
00c60102
00a700c0
00a300d2
008d00a2
00af00ad
00a200ae
0081006f
00ab008e
00af00e5
007e0091
008e00a3
00e0009f
00e500aa
00ae00ca
00a600c2
007600c9
00e100c7
009b00be
009e00cb
00cb007b
00a200d6
00b100a6
00690068
00b3008a
00970089
0076008b
009800a0
009100b5
009300b8
00ba00e5
00b900c9
0086006e
00f700cb
00a200bf
00a500d5
00930083
00a800a0
00850091
0066006c
00d600b7
00bb00cf
009200b0
00ae00ad
00ab00c1
011000b9
00c900c5
00d600b8
00970069
011e00b1
00a500c2
00cf00fd
00aa009b
010600c3
008b00a5
006a0075
008d0075
00b10075
00960098
0087008c
008100b7
00860078
00be00e2
00c000d2
008e0084
00f100af
007e00b9
00a70099
00970090
008200a0
00820092
005f007a
00c100ae
00b900d3
00770079
00d50097
00a300ba
00870089
00a600b6
00bf00af
0091006d
00b50113
00b100f2
00a200a3
00760080
00c600bf
00d300a7
00570052
008100e3
00a700a5
008e00a0
00d800b2
00af00ad
009b00b0
009500bf
00d500c0
00750089
00be00d0
00b5009a
00b600aa
007f008a
00be00cf
00aa00ae
005f005c
00900091
008200b2
00c2007e
008700b8
008b00b5
00ad007f
00d700c0
008600c6
007700a6
00b700ba
0091008f
009300a6
00a50073
00b3009a
00840082
00ab0056
009900b6
00c2008d
007f0072
00a30091
00970095
009600a2
00f10095
00ca00a3
0076006a
00c000f2
00b3009e
00bd008f
0079008d
00ba008f
00c000c2
00670066
00f30069
008f0095
008e0070
009000b3
0089007a
006f009f
00ed0097
00b200a5
007b0079
00a700d8
0085008e
009d00ae
005d007d
00d60089
008600cb
00730044
00920073
00b20083
00790087
008c00d2
006f0079
00b0009b
009200a1
00be00a7
006c005f
00a500b3
00c5008e
00ce00b1
009d0089
009600bb
008f0091
006d0066
008900ad
007c00a2
009200a7
00bd0091
00a200a0
008d00a7
00b1009a
00c500f9
007e0071
00b100ee
00b100a0
00bb00a8
00760095
00ca009b
00d000a9
007d0075
00b500d9
010200db
00bb00a9
008f00c1
00c200d6
00da00c1
00b100dd
00b500ca
00a20093
00fb00bd
00c800b3
00a800c6
00c60072
00c900a6
00ae00b5
00860091
00de00bd
00c900e2
00a30092
00ab0082
00e3009a
00a500c3
009900c7
00d100e3
007a0071
00b300d0
00ab00c9
00b900d3
007d0097
00c600b9
009500a9
0069004f
009d008d
0083009b
007500c5
00a000a5
008500a0
00ae00ae
00d700b7
008800a7
00690074
00e100a7
009600bf
0077008d
008b0091
00a90082
00a600a0
005d008f
00c200ba
00c900c7
00a600a0
00c200b7
00c500a1
00a100d1
00de009b
00ea00bd
006b0076
00af00b6
00b200c7
00e800b3
00a90081
00bb010f
00a800c0
0065005b
008d008b
00b800b3
00820074
007a008f
00a700a6
009900c2
00be009f
00aa00bf
009e0069
011a00aa
009a00aa
0095007a
009200d1
00e100ba
00e000c1
0057007d
00d10119
00c300d3
009300a2
00c700ba
00d6009f
00aa0089
00b0009e
00d500e3
007600a2
00e300db
00aa00bf
00fa00af
009e00a7
00a500ee
00a9009e
009d00ce
00a700a0
008d0088
0087005f
00810072
00870090
00a10092
00bd00af
00880099
0083006b
00de008e
009d0080
008c0086
005c0071
00b00095
00c300bd
0057005e
00b200a7
00ba0093
008d00ad
00f50077
00d700e3
00b700a3
00a100a1
00b800cd
007b006f
011000a5
00c200b1
00a800ae
00a9009a
00f000ff
00b600a5
005c0079
00ad00a8
00e000de
00870095
009d00d3
00a0009a
00a100a9
008300b3
00cb0132
009e0089
00e000ba
00ae00a2
00a0008a
007f007a
009600c9
00ae00e7
006e0078
00c200b3
00a700ae
007f0091
009b008f
008600b7
008d00b9
00a100ad
00c8009b
00760083
00c100b1
00a1009e
00e800d2
009b0092
00be00a9
00a800e3
004e006b
009f009e
00f100bb
00950092
00a900a8
00a6009b
009500a5
00ab00b0
009e00a0
009b0092
00f200bb
00c900a0
0087009a
00ca0077
00a500d9
009200b9
00720078
00ab0083
00d900d2
00900093
00a100b0
006f007f
00840096
00c300ba
00f600bd
00760078
00f300ad
00ae0085
008b00b2
0089007c
00d20087
00cd00d7
00730073
00a800b8
00c100de
00b00096
00e000b1
00c000d6
008c009e
00a100b0
00cf00bd
009300c5
00d800d3
00d6008e
00fd00f8
008e00b2
008f00c6
00b000f3
0095009f
00d00086
00cd00f3
0083007b
00920086
00a70089
008000d9
00c700f5
00b100a8
0093007b
00c100c0
00c100ae
00aa0079
008e0093
00da00e8
00e300bd
006d0057
009a009e
00d100d2
00740059
00ca008b
00a90093
00b0009a
00b80097
00f5009b
007a0089
011e00ad
00b300a2
009600a5
00a6005d
00ba00bf
0099009b
0059005f
0093009e
00cf00ba
0067007d
007d00aa
00ab0099
00a7009b
00d200a0
00960127
009d0082
00ca00bd
009300b1
00c80081
00870071
00fa0090
00c200be
0053005f
007900be
0096008c
008a00cf
00b200ce
00a6008c
00b800b0
009f00ca
00b900ca
00890098
00ff00d2
009b0076
00900089
007c007e
00d70098
009500c7
0060006d
008d00b5
00c500c9
009f010b
009e00c7
00d90095
00b600c9
00d800c6
00a600e7
00700083
00ae00b7
00b900a7
00d3009e
009500a3
00c900ab
00f200ee
00820089
00ce00f3
00da00c9
00cf00b8
009a00b2
00c300d1
008c00e9
00bd00d2
01150118
00930099
010f00d6
00b100d9
00b500c1
007a00a0
00bf0095
00b5009a
007f0071
00bb00f3
00d700f2
008b0080
00a80093
00bf00a6
00810093
00ba00aa
00cb00d5
0091006b
00db009f
00bd0091
008200ba
0092007f
00af009d
00a700d1
00580059
00ad009a
00e000b0
00800079
00760091
009d00d5
00910079
00910086
00eb00c2
0074009b
00be00c7
00cd0081
00a5008d
008a008f
00c500ef
00e100ab
0076005a
00860076
00b900ee
0098007a
008500a3
00a3007a
00a10099
00c30095
00f300a9
00a3007b
00c800d6
009600a2
00a700af
00950079
008600a2
009e00d2
00730052
009500e6
00b500b6
008f0081
00850086
009a00a8
00af00a2
00bb0099
00b800eb
0079008b
00bf00dd
00e600a6
00ef0080
0092009f
00bb00ba
00d200cd
00920095
00930097
00a900a0
00710085
00a80075
008200b8
00b30088
00a1007a
00b500bb
00730071
00ea00eb
00a300ae
00a2007b
00830082
00bb009d
00f0009d
0059006f
00ab0083
009d00ae
0082008f
007b008a
00a700af
009b00d8
009a00f1
010b00e0
007e0066
00e200aa
009b00b2
00b100b2
007700af
00a8008b
008d00ae
00b10089
009e00a1
00a600ea
007600a6
0069008a
008c0091
00b800a0
01110090
009b00af
008800a2
00cb00b7
00b800d1
00870097
006f0077
00e200cf
00d800ae
005b005e
00ed00b9
00f100b0
00cf009b
00e600aa
00d600a0
00ee00b2
00ff00d8
00d900db
00890081
010e00a5
00b3009f
00d100ab
00850072
00b500ab
009a00b6
008f0098
00930095
00db00af
00870093
008b0073
00ad0097
00b200a9
00a700cf
00c10099
009a008e
00e800ba
00b700bd
00a700aa
0089008e
00dd00a3
009800c3
0064007a
0095009d
00b700b2
008d00ae
00a00096
009200a3
0073009f
008d008b
00cd00b7
00860077
00d300b0
008000b3
00a100f6
007b0099
00c50087
00a800f3
006b005e
00b600bd
00ca00a3
006d00ce
00870095
0089007b
007e0095
00db00d8
00bd00e5
0076006d
00e300b3
00b30082
00b20087
0073008c
008a0070
009d009a
005a0077
00ad00a3
00b700b1
009a00a0
00b90086
00ad00ad
00b7009b
009800cd
00db00ee
0079006e
00af00ab
00bb00a9
00a700aa
006e009f
009200a3
00bb00a2
00560055
008f00a1
009100b9
008000b9
007a009d
00b30073
00a10077
00d100a7
009f00a1
00a2007b
00b700ed
00bf0098
00af008e
00690087
00a700be
00a200d9
00710078
00bb0085
00b00097
008200ba
008700b1
00a80086
00e30082
009100da
00d900cd
00530086
00ba00b3
00bd008a
00b50098
00910086
0095008a
00c800d7
006f007d
00a1008e
00c800c9
00b7009b
009700a0
00b600b1
00c100d9
00b800d3
00f100d7
00920092
00c300af
009e0123
008200bd
007c009d
009500ae
00be0099
00670065
008b00ad
009f00a6
009800a8
00a300b2
00a900be
00bd00d2
00ee00ad
009200ed
00a500b2
00d800e8
00a200b0
00d300e0
0087007f
00a300a6
009b009b
00780083
00ce00e8
00e500df
00910086
00a800c5
00ce00c3
009a00d8
00c500d5
00b100ea
0095009e
00e30108
00ca00a9
00ad00da
00b7008f
00b600c9
00b200af
0064007e
01150097
00a900c8
008700c9
00bb00cd
00ca00a5
00b000e5
00f900a7
00bf011f
00aa00a0
00ce00eb
00a800d5
00af00b8
00970071
00b100a5
00d300e8
00700077
00d900c9
008f00af
00690073
008d0081
00910092
009100af
008e00dd
00c800f1
00950096
00cd00dd
00a80096
00990095
008f0099
00d5009f
00ca0095
006b007d
00a800d3
00c3009e
008e0077
00b30096
00b600af
00c90099
00c600b2
00d800a5
007f008d
00ce00a9
009d00b7
009900c2
00c00062
00c600dd
009f00cf
006e0060
00d60088
00a200bb
007d008f
00ce00bf
009100c5
00a100c2
00e900ad
00d100e2
00a2009a
00df00ef
009500c3
00d600c8
00820099
00c900d3
00f200aa
00b900d3
00990071
00c300a3
00a00082
007700a2
00970096
009500a0
00a9009d
00b100ba
005f0072
00b70097
00c500b8
007d00c0
006c008a
00b100c0
00ab00a6
0046004a
00d90101
00bb00a3
007c0074
009e00a1
00bb007a
00ce00c3
009f0092
00f000dd
008e0098
00d100cd
00e900ab
009a00be
008300a1
00a800b6
00b800a2
0054004d
00ae009a
00bd00d7
0098009f
0099008e
006d009a
009700c2
00b000ab
00d500d1
00960088
00eb0095
008500f9
00c60099
0089008e
009600c9
00af008f
00710058
009800c9
00a800c0
00b200be
008e0086
00a90090
00d7008e
009900ab
00c900f2
0071008e
00c000a2
009b00b2
00a700b3
00960083
00a100b1
00ce008f
0082006f
00a50092
008600a2
0091007f
00990079
00930095
00720088
009e00ab
00ee00bb
008d00a5
00e70091
00b20098
00aa0082
00720079
0099007f
009600b9
00580047
00a5009f
00b700b7
00970076
009b00b2
00b000bb
00f600d6
00a000b3
00b500a3
0075006e
00d500af
00a800a9
009a00d1
0072009a
012b00ab
009200da
005b0058
007100a2
00aa0090
00920090
00af00f7
009f009b
009500a2
00d500c3
00b900b5
008d0089
00c7010d
00a800be
00b600d3
007d0079
00ad0098
00ce00b9
008f00ae
008500b2
00d800b9
008b00ab
00f100b8
00ad00ae
00f200d9
00ce0087
00f300c0
00f300cb
00d300de
010b00cd
00ae00b0
0099008d
00aa00c2
00e000cd
005c007b
00c700e1
00de00e9
00ae00a6
00b800f8
00b000d3
00d800df
008400b5
00b20105
008200c0
009900df
00ee00f3
00f6009a
0082009b
00b500e5
009b0093
008f007d
00ba00ba
0091010b
00da0071
00910096
008f00ad
00af0084
00a800b8
00c700b2
0096006f
009100db
00d500c9
00bb00e1
00840077
009e0095
00e0009d
00780067
00a20088
009f00ba
0085008f
007d0088
00bd00a8
00b1008e
00a200a3
00a500aa
0085006e
011200b1
009b00a9
00b50086
006b007e
00be00a9
00a00097
004f005a
00b000cb
00f500c8
00a8009b
00e800b5
00c000d7
00c500ce
00b0014b
00ea00d5
0082008c
00c500b9
00f200bb
00b800ea
00d7008e
00e300fa
00c800a0
0063008f
00b100a6
009d0096
005e00ba
009000a7
00ae00b2
008700be
00b200a7
009800c2
00c30079
00ee0095
009b00b5
00ce00c5
006f0077
00dd00a2
00a800a7
006d007e
009f00a5
00bb00aa
00a600db
00b90098
00b800bb
00ba00d5
00be00d5
00b900c6
006b006c
00af00c6
00d20093
00c000b5
007700bb
00ad00ca
009f00c1
0093008a
00a900a3
00db0090
008e00b5
00af009a
00a300af
00a7009a
008b00a9
00be00f1
007c009d
00ba0100
00d900c8
00ba00a1
008d00a2
008700ce
008900b3
0066005d
009e00b1
00d70095
00a300a3
008d00a6
00d0008d
00b500d5
00e6008b
00c9008f
00820082
00d600f2
00ca00a5
00970106
009b0079
00b300ab
00b500ad
00640061
009d00b0
00d800bf
00af00dd
00a900b9
00c500cd
00ed00c7
00af00b1
00c300fd
00920095
00ad00aa
00b200a0
00f700b8
009b007e
00f200b8
00d800ee
0071006a
00c500bb
009600c2
008100cd
00a300e2
009100ab
00b600cf
00bd00a5
00d000e2
00d90076
010f00fd
00c600c6
00e800de
007d00c2
00a900cd
00e100e3
007f0074
00ad00a1
00d900d7
008500af
00a000aa
00ab00a7
0092009d
00b900bf
009b00b9
008e0061
00d700c1
00ba00b7
00a900cf
00c20084
00cd00a1
00ba00c2
005c0062
008f00ba
009200f7
00b300ba
00b700b6
00e500cb
00ab009d
009900db
00cf00e7
0067006b
00e000ca
00dd0093
00d500d2
00b00097
00cd00ff
011600bb
0073005f
00e900b6
00a300ca
00990082
00b8008f
00ae00aa
00b90091
009d00c6
00ad00ed
006f0097
00ba00b9
00df008d
00ce00b8
00a20085
00de0089
009200ad
004f005e
010500f7
00d700db
00d900a6
00d70099
00a000a3
00c800b6
00d900b9
00df00c1
008e009a
00b000be
00df00e3
00c500df
00890071
00d900ae
00ab00c9
005f007b
00960111
00c900b6
00760073
00740097
008600a6
00af00a6
00cb008b
0102009b
005f006d
00c800be
00c90098
00a800a3
00aa0086
00b200b3
008100a8
004e0072
00af00ca
00f80093
00980074
00a500c8
00a500a9
00c6009a
00b900ad
00b100b7
007d0081
00f00093
009f00de
00c100dd
008100ad
009e00b7
00c900d1
00890097
00c10096
00e200d6
008e009e
009a00b3
009800c1
008500d0
00b000b5
00d0008f
009700a7
009000f3
008600a9
00bd00bf
006a009e
00af00f7
00c200ca
008d0073
00bf00a2
00d6010a
009200b0
00c200c5
00a20097
00b900ff
00b800b3
00b7013b
00830088
00c900ff
00e600ae
00a300c3
00cd00a7
00db00b3
00a600fb
005d007d
00cb00ba
008d0101
00d200c6
00bd00a6
009f00e6
008f00a9
00b20096
00be00d3
00630088
00f300cf
009d00a3
008900ca
008e00a2
00f300a3
00a000c2
00610069
00b60099
00b2009e
00c80086
00b9009d
00b800ae
008500d8
00e700af
00cf00ad
00810086
00cf00ba
00cd00ea
009900ad
009a0098
00af00c6
00cd0079
00550063
00d600b0
00960105
00f000d7
011a00cb
00a800fd
00d80110
00df00e7
00c000cb
005d0078
00c800e0
009300b3
00b100cf
009b0088
00cf00a2
009a00ce
00620090
009e00cf
010000aa
00a30097
009100ab
00bd00b8
00a900b9
00d000ca
00e50101
00a800c7
00ef00ad
00ba00ab
00d800b0
00bb0081
00b300c8
00a3009e
005e0072
00c900df
00b200b0
00b60098
00d000ef
00e900b1
008200b7
00e600c1
010b00b7
00720096
00de00c3
00c700ab
00d600f0
008a00ab
00ad00bd
00ab00ad
00790069
00c500c5
00e500a0
0097009e
00a00139
00cf00c1
00ad0091
008800ab
00c500e9
008b0097
00de00ea
00b900da
01010095
0086008a
00a300d3
00aa00ad
0072008b
00a500c5
00bb00a6
00c100d6
00c200b3
009900d1
009d00b0
00ca00ab
00de00c7
00a10087
00a900be
00f800cf
008b00d0
008b00a0
00a30097
00d100ca
007a00a9
00e2008e
00c900a6
007a00aa
00c500ad
00a1008b
00a300e5
00c9009a
00be00de
00b10087
00a8009e
00be00a6
00a100b0
00a300b6
00aa00aa
008c00b3
00af005d
00a300aa
00cd00bb
008e00a5
00a3009f
00b20073
00a500a6
00a800c3
00e600b7
0075006c
00cd00a7
007000d9
00a100fd
00a500a5
00b8007d
00be009a
00660075
010700c9
00f300e7
00ca00b8
00af00f8
00c600a7
00a000c1
00eb00a8
00df0115
005d0074
00cd00a7
00b30099
009800c7
007b00a5
00e300c9
00b100c0
006e008d
00d80092
00ba0106
007b0077
00a900be
00a100be
0098007b
008400e5
00e900c6
006b008e
00b50098
00a000b3
00e800a6
00b3008a
00ba00ca
00a80097
00740056
00a600a2
0092009a
00f000e3
00b200af
009300e8
00a30099
00e100a9
00c200f0
007a0090
00d300f7
00b5009f
00a5008c
009500a3
00b900bd
00c30075
00510055
009f009a
00a500a8
00ca0084
008b0099
00b600b2
0095008f
00b500c5
009e00a2
00920062
00d000ca
009f00d6
00a600a1
007d00a8
00bb00d1
008b00ea
006500c8
008a00e8
00b300cd
00910087
00cf00b1
00a700c5
00a600c8
00bd00b6
00d200de
008a0075
00cd00bd
00b0010a
00a200d5
00a70093
00e800a8
00be008f
009d00ba
00a100de
00af00fa
00ab00d1
00d800ad
00c300c5
010b008b
00b800d6
00d700d9
008d0075
00a900d2
00b000a9
00ab00b1
008a0072
00a200b3
00d200a9
005300cb
00b500a3
00cf00bb
009f008d
00b000ad
00920098
0085007f
00b60097
00e600b2
007f006a
00f800cd
009600ca
009f008d
00720091
00be00a7
00aa00ad
00540071
0093009b
010200d3
008200a6
00c300a7
00b100a0
00a900a9
00a700d1
00fa00c1
00aa0097
00e3009d
00ad00af
009d00c9
0086008d
00e100a9
00c900ae
00640066
00b8008a
00c300e5
00b300bd
008a00c9
00e000c5
00a700a7
00a300e5
00f000a2
00740096
00c700c9
00b500aa
00bf00c2
00b90097
00a000cf
00af00a8
0056009d
00fa00f1
00b800c0
0080009b
00ba00da
013200ad
00a30091
00a800ba
00a500e7
0096008d
00cf0118
00b100cf
00bf00e9
00d2008d
00c50100
00c500b2
00710062
0095008c
00d300b3
008d0091
00a700e1
009f00aa
00a00095
00b500a8
00a300b3
007600a7
010200ba
007d00ce
00a60090
00550093
009b00a1
00b900ab
005b006a
00e700e1
010100b2
00c0009b
00d300e8
008700f2
00af00fd
009e00bf
00d500ee
00750067
00f500a7
00cb009f
013900e3
00bb00bd
00c500a2
00a800c6
005f007b
00b200bb
00b900ba
00b2008e
00d2009f
00ad0091
00e50092
00ab00f1
00bd00fd
009b006d
00d600bb
009100cd
00aa00ae
0085009f
00a300cb
00e500ba
005d0072
008d00ce
0090008e
00810082
008000bd
00ae0085
00a700a9
008200cb
00a00086
00c9006b
00b5009f
0086007a
009f0095
00a10056
00880077
00a30096
0066004d
00bf00aa
00d500b5
006c007a
00ab009e
00c70081
00d500bf
008900a8
00c600c9
00860081
00ca00e9
00ba00a3
00ba00c9
00bf0087
00b800a0
00c500cf
00890076
00df00a9
00ee00b9
00ab008a
009b009f
00dd00e5
00ba00de
00ca00cf
00ee012b
008b00b5
00c000e2
00b500dd
00c700d0
00a8009b
00a800a9
00d300da
00730086
00ce00af
00ea00e8
00f100bd
00b900d0
009f00d0
00b000db
00c300ab
00fb00c6
006f0069
00ad00a1
010900cf
00cb00a2
00a6008d
011800b8
00bd00ca
00670070
00800076
009f0085
00710085
0075009b
00a00091
00a900a3
00c600a1
009f0093
00a50098
00bb00c1
007d0084
00a100a1
00810085
00a300ba
009a009e
0049004e
00a900d1
00a200a2
007b007d
00a000c3
00970097
00b100b0
00b800b6
00e200ae
00500077
00c500cd
00aa0086
0095009a
007e00bf
009100af
008f0098
0063005b
00a60092
00a60096
00b60072
00b70076
00ba0098
00a1008b
00af00eb
00e300a8
00a00083
00aa00b8
009900c3
009700ad
009b0091
00ae00f7
007d0096
0082006b
00ad0089
009600a8
0079007f
00a500a2
00a100b8
006e00af
00bb008d
00d000e0
00910096
00ae00c3
008f009a
00d000c7
00ba0071
0099009a
00a700ce
00650066
009e00de
00d6009d
008400af
00990089
00a100c1
00a600b3
00ce00a2
00c600cf
007f007a
00b600bb
00b7009a
00d0009a
008b0093
00dd00cb
00a100d8
006f008a
00c3009b
00a500a9
00a10074
008c00bb
009100c3
008f00ae
0099009e
00c300d1
00720077
00ab00a5
00ca00b6
00c900b7
007f00a9
008d0088
00aa00b5
00640056
00b100e3
00e200b9
009800cd
00a600bb
00b300fe
01120080
00ba00b8
00d800d7
00ae009f
00e900c3
009f00b1
00a700d0
008600a1
00b100a3
00bf00b3
0076007d
00c100b2
00ce00cb
00b000af
00b00082
009b00b8
00b700b8
00a300c7
00c200b9
00a9007e
00b100db
00c100cd
008d00ca
00910083
00e200a9
00b300b9
005b007d
00800090
00c2009f
007f008e
0083006b
0085008a
00a300a7
009900a5
00e600a7
006b0069
00c10099
00e6009e
00bf00a5
00820086
00ad009d
009100b7
007e0069
00a600b3
00bb00ae
00800089
009500a6
00bf0091
00bf0092
00af00ce
00d100cb
008e0063
00b600ce
007c0087
0099009d
008a0082
00f100a3
00b60099
0076008f
00ba00c6
00d200c8
00c30091
00aa00ae
00a500bf
00cb00d0
00de00d5
00d700f6
00b80091
009200b5
00c200a9
00a800ab
008900b0
00b70098
010e00d1
00620058
0091008e
007900af
00eb007e
0093007b
00870070
009a00e5
00af00a7
00f90111
0088007b
00b100a1
00a60096
007a00c1
00690083
00c800c1
00f600c6
006d0069
00c100b2
00ba00d9
00c500a0
00d10095
00a700fb
00c30101
00a3008b
00e000f0
00a2009d
00f900e7
00c100f0
00b700d3
00c0009f
00d700b7
00c500c8
00720047
008a00d8
00ad00a8
00a600ba
00a60087
00aa0099
009d009e
00c500cb
00a600da
006b0067
00ed00d2
009a00de
00aa00aa
00c5007f
00ad00b8
00ae00c5
0087005d
00a500a6
00bf00b7
0088008e
009700d0
00ae00ce
00af009b
00a000ce
00c600ad
00c700d6
009b00c2
00ca00a5
00b600a2
00a700a1
008600d1
00b000ba
005b0071
00ef00c2
00ba00b9
00b500ab
008f00a9
00c20102
00cb00ba
00cd00f7
00bd00aa
008f007a
00b500d7
00d60098
00af00d6
007e0085
00b300af
00c300eb
006d008a
00c800be
00aa0096
00bb00aa
00cd00ca
00ae00ed
00da00d8
00a200d0
00d600d1
008900b9
00bb00ba
011000b1
00b500d8
008300cb
00af00a9
00c10118
00770097
0099009e
00a200aa
009e00b2
00af00a0
009600b7
009900d9
00db00ce
00d200e0
009700ae
00cb00f6
00b500d8
00b70097
009b008f
00ba00ba
00c000a6
00d70093
00c500cb
00cb00e2
00af0071
00bd00a8
00d600de
00d700b1
00a300b0
00d900b5
007e007a
00c500bd
00d800c1
00aa00ea
00a600c3
00a000f2
00a600a2
005b0073
009800b8
00ad00de
008b0085
008f009a
008a0086
00af00c3
00b30092
00da00d0
0062005d
00a000ab
009700b2
00af00a9
007e008a
00d800af
008a00a1
005c0062
0089009f
00a300f5
007c0088
008a0088
00c300ba
00870089
00a700c3
00a900ae
007b009a
00b000f7
009500a6
00b700b1
00a50071
009b00a2
00a5008a
00630059
0086008a
009800b8
008f0093
006900a3
009d0097
009900ca
010a00cb
00a800a6
00980082
00b800bd
00a600aa
006e00be
009f0066
00e50091
009800ce
00760073
00c900c7
00f100c5
00c300ca
008700c9
00df00a9
00ae009b
00d1008d
00d100aa
00b8008e
00c9012b
00b900df
00d80106
009a00a1
00c200b3
00bb00b9
008500b7
0097009f
00b200b2
008e009a
00be0097
00bb00d7
009900aa
00e900aa
00b000b9
0089007f
00ca00c8
009f00c0
009d00b0
00a600a3
00a80098
00ad00d9
00800070
00c600c0
00c900c7
00c900be
00b80097
00c7009d
00e500b6
00be00a6
00e30109
007600e3
00c20091
00be00b6
010300a3
0096008b
00c000d8
00dd009b
00810076
00a300ae
00a000c0
00740099
00a1009b
008600bd
00bd00ab
009d00ab
00c5009a
009a0077
00ad009e
00d10076
00c000a6
0063008f
009e0085
00ca0099
006a0053
00a90092
00c3009f
006c00a9
00c3007c
00aa0088
00a0009a
00a300cf
00c200ae
009d0085
00b100d5
00b5009a
009a0095
007f008e
00ca0097
00bb00ca
005a005d
00db00af
00b300a8
00c100a3
00b30095
00aa009b
009100aa
00b200aa
00ab00f2
005b009b
00b800b6
00b800a2
00a3009f
00820085
008900bd
009b012e
0087006b
00c700cd
00e100ea
009a009d
008d00d8
00f700be
00c100c1
00d1009f
00c700b2
00750087
00b900a1
00eb00bb
00cb00c3
008d0096
00f900e2
00ab00d7
00a90087
00a2007e
007700ab
008b0089
00920085
00b1007d
008a008f
00ae00f2
00c300ab
006a006b
00ca0132
009f00a3
009a009f
00a10089
008600be
00af00be
00620061
00b60095
00b200c1
009d0096
00c800ba
00a7009f
00be0097
00ae00b0
010800b5
008a008b
009800e9
00a300a0
008a008e
00810081
00ab0075
009100e8
0057006e
00d100c8
00bf00d2
00ae00ca
00bf00d0
00b100da
00bb00ae
00c900db
00c800da
008200a1
010800b2
00b800d3
00cb00b1
00a0007d
00f700b0
00b000ba
008a0086
00cb00ba
008d009f
009300ba
00ed00a2
00bb00bf
00d600a1
00db00e8
00c100a1
0075009d
00b000b6
009d00ad
011f00c7
0092008a
00bd00b1
00d100ce
006e006c
009600b9
00e100f0
008a0086
00ca00ca
00bf0097
009500bd
00f600e2
012100b5
00850087
009f00d1
0096010b
00aa0098
008000d5
00af00b0
00ca00b5
0065007d
00f700b8
00c60100
00750074
00a600c9
00d700df
00b200c8
00ab00a8
00d600b1
006e007a
00e200c1
008500a2
00ce00df
00750097
00cd0098
008b00a1
005e005a
008100a1
00af00a9
008b0082
00960087
009000d3
00a10090
00b10089
00c100cb
009a0087
00b300ba
009600a5
00d200ad
00850077
00c3009d
00a00099
00550067
00f300bf
00ce00c6
00cb00a5
00cf009b
00d200f5
00a700c2
00b600af
00d200f5
0077007e
00f300e6
00f200c3
00b10092
00990075
00c00147
00cf00b6
00b900f0
00da00c7
00c500b2
00bf00dd
00ba008e
009200bf
00fe00a2
00bf0106
00e600ed
007f00a7
00b300b3
00d800d5
00f300c8
00900059
00a70100
009000ab
007f0092
00920087
009900bd
009e009f
00a7007c
00ba00ce
00a900bd
00ad00e5
009a00e1
007a0067
00950116
009d00ca
009600ab
0096009e
00cd00db
00b500a0
00590090
009900d6
009e00cf
009300ab
00d200b1
00860083
00c500c9
00b80092
00e00118
006d007e
00fd00bf
00b500e2
00b30069
009e009a
00df00b9
009e00ab
00820070
00bb00ca
00e300fe
00b3010a
00d20116
00ae00da
00dd00e8
00a6012e
00b100b7
00a100b3
00b300c9
00cd00ae
00cd00eb
00b500ba
00a800f2
00a300fb
00e000ba
00e900be
00e600ad
00bb00d9
00af00aa
008500af
00d900b0
00a10100
00c700ca
009600b9
00c300f0
00a600d6
00900097
00c100d3
00aa0110
0093009d
005e0051
00a500ea
009700b7
009500c3
009f00a7
00e200bf
00a700f3
00c600af
00ca00c3
0072007e
00b90129
009300f5
00c600cb
00a20089
00f800c8
009800ab
0099007d
008000aa
008d00c5
006b0085
00870095
007d007b
00b20078
00a20099
00a5009b
0068007b
00aa00b0
009000a0
00a800aa
006e009d
007d00d7
0083009d
0063006f
009e00c8
00e600bd
00cb009b
00b00093
009900b9
00b200bb
00d600d7
00e900b0
008200a1
00d70108
00c700cf
010d00eb
00a200cd
00c700bd
00ce00ef
0068008f
00fb00c8
00ef00d3
009500a8
0099009e
009f00f0
00aa00c8
00b600c0
00a600ca
00830081
00af00cf
00ad00a1
00e500d6
007000cb
008d00b0
00b100b6
00650072
00b900f7
009800e0
00a100b1
00e100ba
009e009a
00b000b5
00c600ad
00c300e2
007d009e
00b700af
009900c9
00b800b3
00a600a0
00a000b3
00a900b6
00550081
00d100a0
00c0008c
009b00b5
00b100ad
00a10083
00b200a0
00ba00d5
00ea00c1
0081007d
00b500bb
008400ce
009d00ba
009b009e
00a000dd
00950095
0053007e
009b0097
00c1009f
008500a5
009200a2
009a00b2
009900be
00a2008f
00d300bd
00aa00c0
00c000e3
009d00aa
00b200b1
00a60093
00bb00c1
00c5009e
006d0061
00d100c3
00e500f0
00b700b8
00a90095
012e0109
012100ca
00c700da
00a000d6
008b008d
012500c6
00d200af
00d50102
00ab009b
00fd00ce
012900c1
00810070
00ae00bf
00e700bf
00b600b0
00ba00d3
00f900c0
00c000d8
00c500c3
010100e7
006b0082
00c900f7
00ae00d5
008c00b9
00790093
00f100b3
00e100cb
00630079
009200a3
00a700a6
006c0079
00ab00a0
009800a1
008200a7
009600e8
00c700b8
009800a6
00dd00aa
00be00d0
0085008c
00f50076
00fd0073
00a800e8
008500a7
00cb00c6
00e700b2
009f00b0
008d00b6
00d2009f
009f00e7
00b100bb
00f30155
008300e1
010500a6
00c9008c
00be00a0
008700b6
00d100a9
009f00d3
00b50089
00a200b2
00bf00c2
00aa00c1
00a30092
00a90095
008600ea
00a7009d
00bb009d
00a200a3
00d500a6
00b300ae
011200a0
008d0067
009900a8
00eb008e
0052005f
00c500fd
00b3009e
007900dd
00e90099
00ae008d
009500f2
00da00a1
00ba00c2
007e009e
00bf00ee
00d80081
00b50099
008900b6
009600a1
00a80112
0063007e
00ef0115
00bb009b
00d60096
00ea00e7
00b200a3
00ab00b1
00e800c8
00ce00cb
00910087
00b900c0
00b300c0
00b800e9
00b300d7
00c700df
00aa00b8
00570069
00d000d9
00bf00cd
010a00ee
00ed00e3
011b00d8
00c100f7
00c900c8
00c000db
008100a7
00a200d6
00ef00c1
013700bf
00af00a6
00c800b8
009a00c6
00ad00ba
00bd0081
00d700b6
008a0076
009500a0
008d00c0
00c80098
00a000e8
00ea00d5
0087007a
00d200de
00b000b2
009e009e
0075008c
009f0092
00b500b6
005e0056
009a00a0
00d300b2
00a0009e
00a000c7
00f2009e
00a600ae
00b80091
00f100a3
00a80097
01030107
009d009b
00c600e6
0082008f
00ea00fd
00cf0082
00770063
00fa00e0
00db00ba
00b800b0
00c100fb
00b600c6
00d100f1
00a600b5
00d800fa
00cd0085
00c500e5
00ca00f0
00e900ca
006a00a5
00d800ab
00da00b8
006700a3
00d800a1
00e600df
00be00c3
00ab00d2
00b900dd
008b00b0
010800d1
015700db
008200a8
00ca009b
00c8013b
00a300cf
008e0099
00c300b9
009f00b3
0086010b
00b300b2
00df00b9
00b50080
00bb00a9
00c300e0
00a500ab
00bd00ce
00d000e8
006d008e
00cf00f2
00d100af
00920101
009900ab
00fb00f0
00a900d1
006a0095
00a000a0
00d900e3
008f00b5
00a000aa
00e500bf
009e00d2
00e800dd
00b900cf
0080009e
00e000e0
009d00a7
00a700c8
0096009e
00d500cb
012100ae
00580073
00c50096
00e600a2
007e00cd
00d700bb
00dd0091
00a600c3
00e800aa
00df00dd
009300a1
00cd00a8
009800bd
00c900a1
00b00091
010f00b5
00af00b5
008900b3
009100b2
00b700cb
00a60085
00b50095
009e00c1
00b300d9
008b00a1
010900ca
007e008e
008c00d8
00bb00a8
009e00b7
009700c1
00af00a0
00c800e8
004d0067
00a3008d
00d1007f
0095007b
00830086
00b10079
00ab00bd
00b500eb
00ad00b0
008b0083
00d300e6
00a600a0
00d800ad
007900b6
00eb0092
007600af
00650059
00be00d9
00bb0088
00a00092
00b100b7
008f00a3
00bb00c8
00bb00b9
010000a7
007b007f
00e000ad
009a0098
00a10098
007500a5
00fe00b9
00be00aa
0052004c
009f00a7
008f00da
00820077
00a50079
00980076
009d00c7
008e00e1
008a00a5
0059006f
00d200c1
00ad00c8
00ba0085
00a3007a
00bf00b0
00ad008a
00640052
00b600ce
010500a7
00a900ab
00ab00a6
008400df
00a100a8
011800c7
010700dd
007a00a6
00f600a8
00c700bd
00db00bb
00900096
00bb00c5
009a00d3
0057009b
00c900e3
00a90106
00b20092
009b00a9
00a000f0
00ce00af
010b00e2
00ce00ca
007d00a6
00b100d1
009900a7
00c900b0
00860091
00dd00a0
00c000b2
0065006f
00a700a0
009b00bb
006f008d
00d500db
008d00c7
00980093
00d300ae
00b100b5
0079008b
00c100f8
00ab0098
00bd00df
007a0084
00be00bf
00b2009b
00660062
00c800ae
00b900a3
00b50122
00b900a8
00b300d9
00aa00bd
00dd00ce
00fb00be
00710087
00ef00be
00b600c5
00d600ad
007b0096
00dd00b2
009200a0
005e0077
00af0081
0085009a
0085005f
0099009e
00910084
00930082
00b000ca
00cd00b5
008a0081
009600c1
00a70098
00aa00a3
007c0071
009b00a3
008e00af
00530052
00f200b7
011700f3
00c1009b
00a60096
00a8009f
010300b8
00c700b1
011600ba
006f0092
011d00b0
00bf00c2
00a900b7
00a1009b
00c200b6
00c300cf
006f00c0
008b00b7
00d300be
009b0096
00890079
009a008e
007f008b
00ae00cd
009b00bd
00ab0097
00da00a6
00a300c2
00b70085
00690090
00f900bd
008100b2
0066004f
009700a0
00f700e1
0085007e
00b100a9
008300c2
008d007c
00ce00a9
00dd00cf
006f00a5
00e000b2
00b9008b
009600b1
00910096
010000a1
00be009a
005e008b
008b00e2
009f009d
00820086
007f007b
00c20098
00870098
008800a7
00c800a9
00880095
011500d2
009b00b5
00c600a9
007a008d
00af00a1
00c200a2
00670084
00c700aa
00b300a6
008e008b
00a70090
00d60106
00b700b6
00c900ce
00d300c9
00c80099
00b000c6
009f00c2
00d6007b
00b700aa
00ca00b1
00c300a1
00650067
00900086
00aa00b9
009f00aa
00a900ad
00a800ed
00b20096
00b200b2
00af00f8
0089009d
00c300b0
00a700cd
00a200c9
0098006f
00ad00b9
00a900a2
0077008a
00d100bf
01050081
00770098
00a3008b
00930097
009a00a9
00aa00ae
00d100bb
00840086
00bb00c1
00a90089
00af009f
0089007f
00b200bb
00ab00ae
00600079
008f007f
00b1009e
007a0084
008f0095
00c1008d
0098009e
00af00a2
00a700b6
008f0061
00ca00b6
009b00a9
0097008f
006f0089
009e0098
009f0085
005a0091
00f700f2
00aa00bd
00910085
00b300d8
00a900e9
00a300ca
008800e3
00c700cd
00a7007e
00a000e0
009500c2
00c600a2
008a00a6
00a000ab
00a000aa
00720077
00f500c6
00c90087
00d900a0
00c300e2
00c100d0
00a200bb
00c100e9
011200c9
007400b2
00b900d0
00bd00d5
00a200b7
006e0091
00cf00b0
00c70098
006e0083
00db0100
00c100d1
00b300e3
00cf00df
00e3010f
00f000fb
00e200e9
00d000ed
008b007a
00a100ea
00cb00d0
009200d9
00a7008f
00d900bd
00ea00c7
00660071
00b10077
00d2009b
00620087
007e00a6
009f0079
00ae00c6
009a00b5
00e900c0
007b006c
009700ca
00ae00b2
00ae00c8
008a008f
00a600af
00d100b7
00590066
009d00c9
00b600e8
008500db
00f300ae
00bd00a0
00a300ba
00b700b5
00c500b9
005c00a1
00e000e7
00ba00af
00cf00d6
009800af
00db00d8
00b300c1
00b90052
00dd00ce
00ce00b5
009300c3
00a7009b
00bd0101
00e100dd
00a300a8
00ce00a6
008b00a6
00b900f1
00b200bd
011a00d1
00bf00a8
00cf00bf
00c900b7
00920080
00c900d8
00d000df
00eb008b
00f100b6
00c800dd
00c300fe
010e0122
00a300cb
00a70075
00fb00ba
00e100d9
010d00a5
008700b0
00f900b9
00a900a2
0064006f
00c200c3
00c200db
009600a2
00e200a7
00b900e1
00c000bd
00f000a9
00ef00ff
007a0096
00df00dd
010500b3
00b700ba
007e00bd
011800c3
00d100e0
00c2006d
00aa00d5
00b100d3
009500a5
00b600df
008e00c6
00c600b8
00b500a6
00c5011b
007b0087
00e000d7
00ca00c2
00de00e3
00930085
00b700f0
00c600bb
006f0062
009500a2
00a10092
009000d7
009100d6
00ab009f
00b800b0
00cf0086
00d500c1
0075008b
011900b3
00a7007f
009800b7
00b700d6
00a200f0
00b000d7
007c0071
00af00be
00a90105
00af007f
00a90095
00ab00db
00bb00c2
009600b6
00dd00eb
00b9009e
00b100c6
00c90101
00c200bf
008d00af
00d600b2
00cf00ab
00650070
009b00b0
00a700b2
00770087
00a5007d
00d100c8
00ce009d
00c2009d
009e00eb
00750099
00b900d2
00a000ca
00b000d7
007300a9
00ab00ae
00cf00ba
00670095
010100f5
00aa009f
008d00e9
00c8009d
00c200ae
00f900e2
012900e1
00c10132
00b700a6
00b500d6
00ab00a6
009600c2
00a5009b
00ba00be
009b00cb
007a0071
00f000bd
00c3009a
00bf0093
00a900d9
010a00c9
00bf00ad
00e300b5
00cb00f6
0084008e
00ad00fa
008300bb
00ae00dd
00bb00b3
00c000d3
00d50092
006200a7
00a500d6
00d700b1
00ba00a8
008700a8
00ae0093
00a600c6
00c700af
00d900ca
00790072
00df00d1
00a900e5
00c300d9
008b00a5
00a700a9
00d500c2
007e0077
00bd00c8
00ef00c1
00840092
009f00f5
009100a6
00a10091
010b008e
010800e3
009b008e
011700de
00a800da
00b900ab
00890072
00bb00ab
00b300bd
0054008b
009900a8
00e300b7
00c20097
00b900aa
00b100d0
009d00d0
00b500a2
009d0118
008900a6
012500f1
00ca00c6
00e10087
008a0075
00ce00b9
00a600cf
00660079
00a70085
008d00da
0098008b
00920071
008e00a9
0093009f
008400b2
00ae00aa
00860075
00d000b2
008600d7
00a80080
006e009f
008900b6
009f00ad
00600069
00e900d8
00c100ad
009b00ba
00b8008b
0097007f
00a000aa
00b700b5
011600c8
00b60071
00cf00bd
00c0009a
00dd00ca
0070009b
00d900d3
009d00b5
0085009f
00e5009a
00f300ad
00b600b6
012000ae
00bf0092
00b800c6
00f000aa
010700e0
006000bb
00b800a7
00ad0096
00890091
009e0084
00ba00c6
00b000a8
006b00aa
0091010b
00e700bf
00ab008c
00d700b8
00c300ab
00b900ab
00ea00d0
00c500a8
007a007d
00aa00d1
00b900c1
00f100d7
00a8009d
009a009a
00e600b5
00660064
010200d6
00b00095
009f0098
00ce00b5
00c700b3
00a900a6
00e900a8
00ce00d2
0087009e
00c1010f
007900d8
010200c0
006d0085
00c300bd
00ba00fb
00700069
00da00fa
010000e1
009900d9
009e00a0
00ca00db
00b000de
00d000d2
00f700dd
0089008c
00db00b3
00d900b7
00b200e0
007d00a8
00cd00d3
00ea00aa
00730081
00b30140
00e700d1
00bf010d
00e800ad
00e700d2
00e800a7
00c500e0
00ea00de
00c5008b
00d700b7
00c700d5
00ad00fd
00a20097
00c800c0
00c700c5
0072007d
00c3008a
00de00a9
007e00ce
00a200ce
009e008a
00e70099
00af008b
00b800bf
006f0085
00b800b5
009300a8
00d700b2
00930093
009a00ab
00a300ba
00620070
010700d9
00b800c6
00820085
00df00a0
00ab009b
00bd00ad
00bd00aa
00b000e9
007a0095
00ee0101
00b6007f
009f009b
00bd0088
00d200ad
00a900ad
005e0072
008c0081
009500d3
00d7008d
00c000b7
00a9008b
00a000b2
00b900d8
00d9010e
006c007f
011800b9
008f00db
00d200d3
008f0095
00be00a7
00ca00b9
0047006a
007f0098
008d00c0
0095008a
00990099
007e00a1
0089008a
00b800be
00d500af
00890092
00bf00e2
00d200fb
00b900bb
007a0085
00b900be
009200a1
007b006b
0090008c
00ca00c2
009b00c6
00b500f1
00b000a8
00db00cd
009600d2
00a900be
0085008b
00c500af
00ca009b
008b00b2
00b100b0
00db00b5
010f00c8
009700a5
00aa00e2
00b200b9
00d90083
009700c3
00b500a9
00b800d3
009e00bf
00b700d0
00970069
00c800a6
00c900c0
00c300d9
0083008b
00ba00b8
00e7011f
008b0093
00de00a2
00bb00a5
006e0081
00830081
0097009a
00dd009f
00bd00bf
00b900db
0096006c
00c100bf
0089007f
00bd00d5
00820099
00dd00b8
009b009d
006b0063
00bb008a
008a00bb
0096008d
00900086
00820083
008f008c
00c900a9
008f009b
00770069
00c900b8
009200a2
00860091
00a500ab
008d00ad
009b0093
00590077
00d600cd
00aa00bb
008b00a7
00cb00b5
00a300ab
00bd00eb
00c900ad
010100ca
007a00f8
010000ed
00e900cb
00a600be
00c300aa
00b300d3
00b900c9
0069005e
00a900a5
00af00a3
00a8009f
00870092
00980080
00b900b5
00d100bb
00e500ce
009200a0
00b80139
00b80080
00a900c5
00a5007f
009500e3
00ad00a1
008b0082
009300c2
00b700a6
00a20081
00a700ae
008a0088
007e008e
008a0092
00e200b6
006d007b
00b1009b
00aa0086
00bf00a9
0080007b
009a009d
00a000c7
00810065
00a10089
00b200ba
0082009a
009b0097
009200c2
006e00a9
00b60109
00b80109
005d0075
00d000a8
01060090
00d900d7
008e0096
008d00e6
00ad009e
00600064
00b8008f
00b700cf
00a60088
00c000cd
00d700c1
00bd00c8
00c700d9
00e900ed
00ca009b
00bd00d8
00de00e0
00d500ce
00be00fd
00c300d0
01030092
009200f1
009d0085
009b00b0
008a0093
009a008f
0086008f
00a50077
009a00a9
00970090
00970092
00d700d7
00970099
007a008a
00b000a7
00c300b3
00be00b2
00550057
009700c6
00a300e1
00a100a2
00bd00c9
00b300d6
009900a3
010a00b5
00ca00d0
00a7007b
00c600aa
00a900af
00d300c2
00b20082
00df00c2
00ad00e3
0084009d
00de00bb
00b000ae
008b0090
00b900cd
00a30091
009200aa
00ef0075
00e70142
00920075
00b800c1
00b2009a
00c9008d
009b0071
00c20098
00ae00f8
007500cb
009f0099
00bd00c6
008700a2
00a500f3
00c6009b
00950097
00ab0095
00ad0110
0086007a
00d600a5
012500bf
00cb00a5
00900072
00e200d3
007a00ad
007e007a
008f0096
00b200be
008f009e
00bf00b2
00b90083
00b700a6
00c200e7
00e30107
00730079
00d100ed
009b008c
00ba00a8
007b0077
00b300a1
00c000b7
006a006e
00ae0091
00b800b1
00830081
00d200a5
00bf008f
00a500c9
00b300b7
00b10112
006e0074
00e100c3
008300cf
009e00aa
006500a8
00be008e
00ba00a0
008a006e
008a00b7
00d60115
00980082
00aa008f
00cf00aa
009200a9
00ba00b0
00df00a6
0096006e
011000b0
00a900a7
008100e6
00960079
00b200bb
00b800aa
005d00a2
009a0091
00a500a0
00960092
00a500af
00ef00b6
00c700ca
00b300ef
011200e2
00960077
011900a5
009900c0
010800c1
00b80086
00d900c2
00b500aa
006e005f
00aa00b1
012200ef
0091007f
008c00c1
00c200d2
00b900a5
00d0009b
00d100ef
0085005e
00f800d3
00ab00b3
00c000cf
009e0084
00d800a9
00b000c5
0059005e
00af00b3
00a500c0
0099009b
0096007d
009b00b5
00a00098
00d0009f
00f100b8
00c000a0
008e00d5
00f700f7
00b700a3
008c008e
00d000a6
00b100fe
006f0078
00c10095
00b300d7
009300bd
00a900b8
009100b5
00fe007c
00b900a0
00bb00d7
006e006c
00df00f9
00bd008e
00be00ea
00ab0083
00aa009b
00ba0092
0063007b
00b800a5
00a600b3
00b800d2
009000aa
00a800aa
010f009a
00e200a5
00cf00b0
0083009a
00d700a5
00c6008c
00d500b3
008a0096
010500ad
009900b3
006f006f
00bd00b5
00ad0101
00c600ed
00960098
008c00b1
00a500a9
00bb00c6
00bf00d8
0081007f
00f300dd
00c900da
00c900ad
00af009a
00bf00c1
008f00d8
006a00a6
00ff00b2
00a900c0
00ab00dd
009e00f3
008a00f5
009f009d
00b500fd
011f00e8
00850090
010600eb
00db00a6
00a700cf
00a3009e
009800cb
00b000be
00640065
00b200b8
00c300bd
008f00e6
00a2009f
00c900a1
00d5009f
00a300cf
009200cd
007b007a
00af0118
00e100de
00b900a6
00eb00af
00a300db
00df00b7
00860072
00d800ae
00fe00c2
00ba00c3
00b300a6
00b200ae
00cb00aa
00c100b1
00e000b3
00850097
00c100e7
00e6009b
00de00bd
00a1009a
00bf00c8
010700e7
008200a9
00b300aa
00a200bb
00a700bb
00b500c1
00860085
00a800b1
00c600d6
010b009e
00740088
00c600e9
00eb00b6
00b100a8
00b500c3
00d300bb
00b600bb
0077006b
00a900b6
00f10098
00ad0097
00c8008b
00c900a9
009800ca
00bf00c3
00e300ca
008f00a0
00b100f0
00b800ad
00e600cf
007a007e
00cd0117
00cb00a7
00600067
00d900e8
00f800c1
009b00c2
00b900ca
007d00b9
00c50099
00b900e6
00f200d7
007f00af
00f2010f
00a700e0
009500bd
00c7007d
00df00e1
008900c0
006000c2
009e00c5
00b100b8
0099008b
00c000c8
00d600c9
009e00bd
00c600c2
00d20109
009d00b9
00c60105
00af00f0
00b500c3
007700ae
00a300cb
00fd00b9
005f006e
00de00bd
00fd00bb
00b600ad
009d00ad
00af00b3
00fb00ee
00f000af
013b00ed
00740071
00ef010f
00a100a1
00c200a2
0086009b
00c100be
00b200d2
00610050
009d0112
00e300b1
010200d8
00b200c7
00c000e8
00bf0096
00e200ab
013b00b0
00bd00b7
010500b2
010e00b8
00ab00d3
008400b6
00c500dd
00b600a1
00630062
00ae0076
00ef00c6
00850092
00a200b6
007a0086
00780093
00b700c5
00c200ab
00890072
00af0129
00ba00a0
009d00a5
007500ae
00e000b3
00af008e
00750085
00cf00b1
00d100dd
00ad0092
00c200c9
009700d6
00aa0089
00d600bd
00bf00d6
00890079
00d900e6
008f00ab
00cf00a8
0083007c
009500d2
009200c7
00620070
00bf00e2
00d200a7
009f00bb
010b00bd
00e100d0
00d700b0
00aa00b5
00ce00e1
00990092
00c700c3
00af00d0
009f00d5
00b200a1
012b00d7
00c500c5
00630075
00c900a5
00b500c8
009800b0
00e000bf
008b00e6
00a100cf
00ce0091
00cf0145
00a700ae
00e200a0
00cd00f1
00c600b6
00a700b2
00b300c6
00d800ab
005e00a0
007d0096
00b600a9
00810071
007b009b
009200ad
0086009d
00a500d7
00be00e6
00810072
00bb00c2
00d100a1
009b00bf
0097009b
00d20082
00ce00b6
006a005b
00d300a2
00b800b6
00b10098
009d00a2
00dd0097
00b700c2
00b700d2
00d30100
008f0097
00af00bf
00b800c2
00be00c5
0098009a
00a000ce
00b700bf
00a200da
009a00af
00bb00cb
00bf008b
009700c1
00d300b0
00a2009b
00a600ee
00de00e0
00aa0091
00f700bb
00e600b9
009f00d0
00960092
008c011b
00bb00bd
007f0083
008c0087
00d200cf
00a80097
00900085
009a00b2
0085007d
00ca00e2
00d900ab
00b800af
00cf00f8
010600e6
00ad00ab
008500ab
00cf00d3
00d300ce
005d0079
00cf00a9
00ad00e1
00b50096
011000e0
008f0093
009700e9
00a700c8
00c10135
006a007f
00de00ed
00e000c7
00b3008d
006e0078
00db00d1
00e700c1
006d00b9
00bb0099
009500ad
008e0095
008500a9
00dd00f3
00a20098
00b700d5
00b200b9
00870079
011b00e5
00be00af
00920096
00b50087
00990092
00ea009d
00630087
00ab0092
00db0090
00830091
00a9006d
00b600b0
00d300a0
00aa0082
009700c9
00850080
00bb0095
00a70099
008900a9
009a0073
00a300d5
009500af
00520069
00e100db
00b700d8
00aa008a
00b100e2
00b900e7
00af00a9
00b200ae
00df00fd
006f00a1
00bb00d3
00b100de
00e700da
00eb00a9
00a900b7
00bf00a2
00b000bd
00cf00c7
00d600dd
009100be
010700de
00ba00c9
00b700e3
00bb00ce
00ff00f6
00960097
010a0121
00af00fd
00d000d1
00b50082
00a700db
00c500b5
007b00ad
00a50108
00d800b2
00d900cd
00c700be
00b200d5
00ae009a
00b100c5
00de00c9
006a007a
00a800e1
00a500a9
00bb00a2
00780085
00c300a0
009500c2
00790072
00ba00ae
00a8009a
00f60097
00bd009e
00b800b3
00c300a8
0097008d
00e100d3
007b00a7
00b500e2
00b600d6
00a9008e
00730087
00a700c7
00a700c6
0061007b
00be00a6
00c300b9
00af00a5
00a800d8
009100a8
00bb00a3
00a700d7
015000ca
007f006b
00e300bd
00e70080
009700f3
00e60096
00a6011f
00b100c2
0072006e
00bf0091
00c800ab
00bf00b9
00ad00c6
00bd00b6
009200da
00ca00d1
00fa00c6
00a30096
00b300da
009d00c1
011900a9
0097008b
00af00eb
00eb00b9
00a10092
00b700e5
00a100cd
00a800c9
00c100ab
00cf00a3
00fb00a1
00d500ce
012700bd
009200a2
00e000d2
00c300b7
00a000cb
009200cb
00d300e9
00f000ae
00590085
00c70093
00de00cf
009f00d8
00bd00a6
00b000d6
00bf00c9
00a000dd
012700db
007d008d
00c50118
011200a8
00ce00a2
00910089
00b9009f
00e900b1
00b80067
00f600b7
00bb00ae
00a100b5
00b5008f
00e100a2
009b00b6
00ca0093
010a00c9
00a5009d
010000b3
00a600a1
00e800b3
00960087
00d300ea
00cd00ab
0049006b
00ca00b7
00e200db
0085007a
00c800b0
00e600b2
00a000b8
00f900d9
010300e1
00a200a1
00f000ef
00f100c0
00dd00c5
007e008a
00d900f5
00f300b8
00be008f
00c000c2
009d00cb
00a800ae
00b100ca
009600b9
009e00ce
00bf00c7
009800b6
006f0076
00c100b9
00c600ab
00ae0093
009500a6
00b10095
00c100a8
0077007d
00c300f8
00db00e9
00ca00a5
00fa0083
009a00bd
00a900bf
00b900e2
00ce00d8
0091007e
00b900ca
00aa0096
00a3009a
00d10089
010200e5
00c00098
0043005a
00d3009f
00cb009d
00ae00d8
00ba00a7
00b900b6
00be00cd
00b9009e
00b70108
007b0089
00d800b7
00db00d6
00bb00ce
00af0097
009500aa
00ab00df
008a0069
009e00e3
00b300be
008e008a
009b0093
00a700ab
00b000cf
00b600e2
00d700a8
0076007d
00b600c8
00c80083
00ce0084
00910065
009300d3
00a600d1
004d0076
00b00093
00a800be
008900c6
009500cf
009200a3
009800a2
00f90089
010500d3
0086006e
00c100c8
00b9009e
00a90098
007200a8
00b200c3
00ed00c8
00860072
009e00b1
009d00dd
00ba00b0
00f700fd
00b500ce
00ba0097
009b00e8
00e80100
00b10096
00cf00a7
00a700aa
00ca00b3
00d900cd
00e200f2
00ab00a6
007e0076
009a00ad
00d500a1
0090008f
00930096
00a800a1
009900a8
009000a7
00c100e6
00bf0075
00df00e5
00a800a7
00ae00a3
0077008f
00a000a3
00d700a7
007a0075
00cf00c3
00de0102
007c00af
0097010e
00a100ad
00bb00bb
00b700c2
00be00c2
007900a1
00c50110
00ad00b3
00b900a6
00a0008b
00a500d2
00d900be
006b006d
00d200be
00d700b0
00aa00ee
00af00ab
00d900a8
009600b6
00d900a6
00d600de
00890072
00ba0090
00c800ae
00c100af
00a9007d
00a100ea
00c700b3
007f005d
00be00c8
010800e7
009e00a9
008f00af
00a500c5
00c1008e
00a500e8
00b200bb
00620083
009600c0
00f00089
00b900b8
00810086
0122009b
00c700d7
0064006b
010d00b3
00c700b3
00920091
009900ab
008b00b7
00b800e0
008e00b6
008f00c3
00760077
00b900bd
00b300c2
008a008f
008500a9
00a700bf
009f00aa
00840092
00de00a5
00af0129
00aa0088
00e300e8
00d500d0
00ad00b7
00a000cd
00f00110
005c007f
00db00c3
00a600c1
009600d8
00a10090
00ba00ab
009800c5
008b00a5
00cb0099
009800b7
00ae00a3
00d700de
00a800a6
00c80090
00ed0096
00a600cd
00a600db
00cf00fa
00b60098
00c800ad
008f006b
009800b1
00b000b7
005f006f
00b200c9
00b000c9
009f00c3
00f000aa
00a800b2
00920089
008c00a9
00a900c1
00750083
00a300c5
0092009b
00a600f5
008d00b2
00bb00b9
00ab00c5
00760089
00b700a0
0082009b
00b600a2
00c800e0
00b000a6
00f200ad
00d300e5
010200cd
00a2007c
00ca00ca
00ee00a9
010f00f8
00900089
00b800c0
00d900c9
0071007a
00d300ab
00cf00ca
00b100b7
00cb00bf
00b8009b
009a00c6
00ad00b2
00f000ab
007e0077
00e6009d
00ae00be
00bf00d8
00950072
00d800a0
008600ca
005c005b
00e50088
00db00b0
0092009e
007f00bd
00a800c9
00a500aa
00f800a9
00c700e6
007a009f
00c900b8
00d300ca
009a00c0
00a50083
00c900d1
00b600c8
008900c3
00c100b7
00a300c9
0083008f
0091009b
00a8007b
00d900a2
009700ad
010a0103
00770097
00f900be
00ad00cb
00a000d0
008f007e
00a300a1
009200ab
007500aa
007f00e6
010f00d0
008d00b6
0080009b
00e100b1
00c20090
00d100af
00de00d6
00660089
00be00a7
00ab00c2
00eb008e
00a000c9
00a000bd
00d50099
0061008d
007a00b2
00e900bb
00ab009d
00980071
00b600a5
009200b5
00d700a6
00dd00a6
00b70098
00c0010e
00c300e0
00df0097
00cf009b
00d300d2
00b800d9
005d0082
00c600b1
00d500ba
00b300f8
009a00c0
00a200c6
00bf0099
00c900d0
00f100fd
009e0074
00c700a2
00ce00c2
01190110
00960071
00b500df
00b100a3
006a005d
00ae00cd
010900d6
00bb00b2
00c200a1
008800a0
00ad00ad
00a900a8
00db00d5
0083006b
00ab00da
00fa00b3
00cb00a3
00bb009b
00db00d8
010700b6
00b500b1
00c700ba
00d800ab
00f700a6
00b100f1
00de00c7
00f000ca
00da00db
00fd00c7
00890095
00eb00fb
00c600cb
00eb00d5
00de0075
00dd00d5
009100bd
005d0063
00ba00b3
00b10105
0081007e
00a300f0
00bb00c3
00bb00af
012000c2
00da00c5
00b600c9
00be00ff
011d00ae
008700a7
00a5007b
00ad00a1
00b700d0
0073009f
009b00e2
009b00ea
00e500b3
00dd00e2
00bb00c7
00b5009e
00c000c8
010500e1
00660072
00f700db
00b100ad
00ad00dd
00a70087
00de00a6
00bb0096
00730053
00b7009e
00a800ad
00a90081
009900a0
00a600a0
008f00cd
00aa009e
00d700d1
0083008c
00c800a7
010100e1
012300c1
0096005c
00c600b3
009b00be
006d008a
00b200af
00b800b9
00de00d3
00be00f1
009f00c6
00b300a7
00c800b3
00f60100
008e0080
00af00af
00b300ce
00c100c7
008f00a0
00b100bf
00b200c0
00690076
00cf0097
009e0119
009100ad
00ca009f
009a008f
0087009a
00a800f5
00f200ee
009300c9
00c800ee
00cb00d9
00a200a5
008f00c2
00a60099
00bf00a0
00ab00ae
00a00092
007500a2
0099007f
00a1005d
00b300a2
009f00d5
007e00bb
00bd008b
0079007d
00d5010d
00d000ba
008b009e
00830080
00ab0097
00990096
0053006e
00a500af
010f00c1
008a00b6
00b70083
00c200b0
00fe00ae
00cb0095
00b900de
00790087
014900cb
00a600d2
00cf00e8
00780096
00ed00b0
009a00be
00c20079
00ae00cb
00ce00a0
00a50083
00c600a9
00a900bf
009a008a
00a600ce
00bf00f6
008e007a
00ca00be
00ae0097
0096009e
00a200aa
00d900fb
00a900b0
008a0085
00ba00e8
00e800db
00a000a3
00a800a5
00ad00b9
00e90099
00be00c5
010e00e5
008100b3
00bf00b8
00f800e5
00a6008f
0082007b
00c100cd
009100e6
006c0082
00d100a5
009700d9
008c00b2
00c900a3
008d00bf
00b500b3
00ab009b
00800099
00980073
00c700d1
00d900cb
009e009f
00a10088
009600cb
00c2009b
0082007d
00bb009f
009a00c6
00c100b7
00ba00b6
00af00fd
00a000b1
00d000b7
009b00e2
00ab008a
00a600f0
00ca008d
009d00bb
00950089
00b300a3
00bb00bb
009b00a2
00c0009f
00ff00a3
007900bb
00a000c2
009d0096
00a300ad
00ca00b6
00cd00af
00670096
00ea00ca
00c600c1
00b100c2
00770083
00a500cf
00de00ed
00aa006b
009300cb
011f0099
008b00a7
00bf008a
00b000ae
009600a0
00b800a9
00f000cd
007100b3
00ce00b6
00ad007e
0097009a
00770088
00c6009e
009200be
0070006a
00ad0098
00b30099
007a0075
007d0083
009a0084
00b800a7
00c700a0
00bd009b
0097008d
00a100de
00be00a7
00b50099
00b80091
00ce00ce
00a200a6
005d00c7
00d5009b
00af00ab
008b009d
00bb00a1
00970115
00d60097
00c500ae
008e00ed
00910079
00b100ba
009a008e
00a90092
008e00a0
00d800f5
00f200d7
008b00b3
00ae00b3
00ca00ab
00b900ba
00a900ad
00a900da
00b300b8
009d00c9
00d000d7
009900b1
009d00bb
00b300c5
00c000cf
00c50086
00a7009d
00aa00b5
006a006a
00d60098
010900b9
008d009b
00ef00bb
00bf00a0
008a00a2
009b00be
00e000c6
007f008d
00d900d1
009e00cf
00a700d1
00a30091
00d700b7
009f00af
00b000bd
009b009d
00a00096
00890082
00c300bd
00ab0084
008800b2
00a700bd
00ca00bf
007c0082
00ce00a3
00990090
00b800b3
008b00a2
00a200ba
009f00aa
005e0052
00c20099
010d0108
00a10090
00d800cd
00d800a2
00e6007d
00b300c6
00d200c0
009200bf
00e300ad
00ca00af
00bd0092
008c00aa
00b00103
00e700a6
00620071
009f00d9
00be00d9
009900ca
00b30092
00d900b6
00bd008c
00c500a7
012500c3
009800a1
00c100d1
00f100ca
00d600cd
008d008f
00bb00da
00d90099
005d0070
00ca0116
00db00a8
008b00bb
00d70095
00af00ce
00d000b2
008b00be
00ef00b1
00bf00a0
010e00e3
00cd00d7
009d00b8
00b3009e
00c000ce
00e800b0
007d008e
00890095
00b600f0
00b70097
008d009e
00830085
008c0096
00ae00c8
011300be
009b0075
00bb00a2
00a20080
007800b1
0089009d
0095009e
007400c1
00650066
00b3009e
00ba0107
009200e3
00b6008e
00de00c2
00b30092
00a800c0
011500cb
006f0089
00f900d6
009d00d1
009300ce
00ab0099
00c700f7
00d300a3
007b0066
00aa00b8
00bd0092
00b70085
0091008a
00c80091
00c200bd
00ba009f
00e200b0
008d008a
00e600d1
00c100d6
009b00a9
008900a1
00a200ab
00f800a5
0059005e
00d300ce
00cb0081
00aa009b
00d500bb
00a100b3
00c600d9
00ce00c9
00b100fb
0076005b
010f00ae
00da00b2
00b900b8
0089008d
012e00c3
00b8009b
0086007e
00a100fe
011000f2
008f00a1
00c500a1
00a30111
00e10093
00e800e7
00e100b5
006a0099
00b60118
00c600c0
00ca00ef
00bb0099
00ad00a5
009a00cf
00be00a9
00bf00d0
00da00c7
00c00084
00a700a0
00a300b3
00c60082
00c300ba
00ef0111
00b800de
009f00dd
00c200a0
00c800a9
00a8007e
00af009a
00a200aa
00710083
00d600bf
00ff00c0
00cf00a2
00b700ba
00aa00a7
00c300c1
00f50112
00ce00bd
008b00ae
00a500c2
00ab00b1
0098010f
009b0096
00f100c5
00da00bb
0074004b
009600c5
00a900c6
006a00a1
009600ad
00e30084
00ab00db
00a0009b
00f900ce
00980085
009700e3
009900c2
009e0093
00a2008a
00a60092
00c80091
008b0077
009900d5
00b900e6
00a100ae
008000bf
00ae00d3
00890092
00dd00b9
00b300d1
00a900c1
00c200a2
00e300b0
00d500af
00ab00b6
00e300b0
00a500d0
00840086
008e00ab
009a0089
00a60082
00c700ad
007b0098
008d00c8
009700c8
00aa009e
00760078
011e00bb
00aa0089
00890090
00a7008b
00d100b9
00a700cd
0069004f
009f00a9
009d00d0
0092006e
00d300aa
00e300b5
008300aa
00a700bf
00de00cd
00a90075
00c800f2
010b00a2
0087008e
006c0084
00b500d6
00dd00a8
007f005e
00ad00be
00d000ab
008600a0
009100a3
00a600b6
00de008c
00a300bf
00fe00a2
008c0097
011300c0
00d000bd
00a900d2
00b8007e
00f600b2
00a000a5
008f005f
00ba00da
00e000f9
00d800a8
00c6009e
00fa00b9
00d2009e
00be00c2
00ea00bd
00a900e0
00c30107
009e00a8
00b500aa
00d500c0
009600dd
00c900d0
00910097
00a300ab
008200f5
00af00c9
00c800bb
00bd00a3
007c0098
00b900b6
00e5010f
00b80098
00d100d8
00c70122
00af00a3
00ab0073
00d300b9
00c700c8
00780093
00b100a5
00e500d6
008700ad
00bf00ba
009700b5
00c60096
00af00c1
00db00ee
007c008d
009600d8
00e200c2
00b200bf
008300a8
00b600f5
00d50096
005f0088
00b80169
00b800c1
008d00c3
009900a2
00d100ad
00a900dd
00a900d1
00d000f3
009700ae
00b500d9
00d800b0
00950099
00dd00d7
010500df
00cd00f5
00a2006b
007c008b
009b00b9
008a0072
0099009e
013e00a8
009b00c3
00af00c0
00e800d6
00740082
00d600b2
00920093
00b600c6
00820080
00dd00dd
00b700ae
00810080
00b50130
00bb00c5
00be0078
009200c9
010a00cb
00b100b1
00a100b5
00e800c5
00760092
00c500d0
010600eb
00e800a8
00c10092
00ba0095
00d900b7
00d000ea
00ba00b3
00cf008b
00c2009a
00a300d9
00e700b0
00e900a3
011e0100
00d100bd
00bb0079
009b00c0
00fb00d0
00b500fa
00e600a3
00b100b0
00ed00ae
00530097
00a200a5
00b700d3
00b700a5
00b700a8
009600a1
00ae00b2
00b200c9
00e000bf
007700a9
009f0112
00b000be
009d00a0
008900a7
00ce00ee
00a700a9
00630083
00a90097
00cf00c3
00960096
00d500c1
00a100bf
009200a8
00c100be
00bd00ce
00c300f2
00d100aa
00c20096
00e000b8
00ba0097
00e600c0
00c200b1
00650067
