00ce00c3
00d600e6
00a500aa
014200a3
00c900bf
00dd00de
00d200c7
00b900c1
008e0092
00590076
00550066
00cb0067
0067005b
0056007f
0056005b
00810062
00b200ba
009a0061
005e007d
005e0073
005e009d
00680064
006700a1
00850075
007500bb
00ab00b8
00870065
006e005b
00490058
006e0072
00570055
00660057
005f0071
00760091
005e0087
008f0066
004b005b
0055005f
004a0055
0051003e
007100a5
00870077
0066007f
00a2005d
005d0071
008e005d
00710083
0076005e
007400c1
004a0057
004b0093
0040003f
0052004f
006c0062
005a0052
0057004f
00d90083
00e500d2
00620079
00a60059
00540067
005a004f
0061006a
004a0053
00850087
00750093
00720065
0072006a
005d0061
0064007d
00590056
00480045
008f009a
0085007d
00570060
0056006d
005a005e
00660061
0068005b
00650066
006a0095
007b0075
00530069
00750062
0052004c
005b0059
004a0065
00510059
00730077
009300a7
0067008d
00a30084
00900086
0099009e
0099009f
006a00ae
006a0140
005f0095
0058008a
005300dd
00500066
00710041
00690070
00630066
00e90137
00470083
007f0093
004e0082
00770075
006b0055
00880065
00760077
0091009e
007e0085
00890092
00af008c
006d0073
008a008b
00910087
008100a9
007200a2
007c006a
008100c5
00820081
00660093
007600a0
00750072
008e008a
00f600f0
00c90096
010100c8
00f200b1
00ce00d8
00f500d3
00ff00e6
00a100a7
006600da
0062006d
004a005e
01230057
00630054
00530063
00620055
0069007f
00860095
009d008a
00b700a9
00a700a7
00ae0085
00b500ca
009f009e
009300bb
008b007c
00750092
005a007c
00a8006f
004a007a
004d005e
00670052
0049006c
00ba00a9
00720073
007d007a
0056005d
00750061
0097005d
007e006c
0081006f
00ca00d3
00a8007a
006e00c1
00840068
00830087
00c000ad
0076009a
00b30080
00ae00a0
00b200db
009600a1
008900df
00e500b3
00d600aa
010200a2
010700bb
009f0086
006d0059
008a0099
00510082
00610048
0089006d
007e0058
006c005d
00dd014e
00490054
0049006d
00490068
003f004b
003f0048
00380045
004a003d
008400d5
006e006f
00490079
008e007d
0074006e
00700076
00a50076
006b007d
00aa00c1
00a10096
007d0084
00b500ab
009b00ad
0095007c
00790085
007a009f
005d008c
0095007e
0086007f
00a80096
00870097
008c009a
00bb008b
00810081
00b700bd
005b0091
0081005f
00630068
004e0065
006f004d
0062004e
005b007d
00b100aa
00920063
006f0098
0087009d
00900083
008c0071
00700075
00920088
00770076
00720043
007d0057
0072006b
0074006a
0071005f
006c0068
00720072
0083008e
0078006d
008700b8
00d90079
0083008a
008900a8
00b30071
007f008d
008d008d
00a2006c
008200a0
006c009d
007e0083
00b10059
007c0097
00870066
00860088
0057009b
0060005d
0083006d
00650052
005d0080
00760077
007f0066
00d10093
005e0053
00430054
0053004e
0055004c
0055005c
004f0074
004d0049
00950087
009a0092
009700a0
007d0093
009200a2
0098008e
00c10093
0082008d
00fd0107
00ff00af
010200cf
00e900e1
00f30115
013900db
00f500de
00f700ff
00690092
0080008b
006a0076
00890079
00610087
006a0059
006f0069
00810074
009500b9
008c0096
006c0063
00660076
00aa0072
006e005e
00680063
00890052
0082008e
005f006a
005e006a
008b0088
00920067
0063008b
008f005f
005b0073
007000d2
0071005a
0059005b
0061009e
005d005b
00720063
007b007e
007a0062
00e900bb
00c8008e
00a80086
00eb0108
00d800f7
00fd00f5
00aa00e3
014500d0
006a0070
00770061
00720072
0099007e
006d00a1
0079006a
006b0053
007f0084
005c006d
00670057
00a80068
009800ab
00710081
00960077
008b0072
007f0069
00a000aa
009800e9
00820093
008a00b1
00aa00a1
009d008d
00a9008b
00a6007b
00de00bf
00ad00d2
00e700d5
00ae0103
00f000cd
010d00f8
00ea0135
00ed00e3
01570115
01b000ff
011a0122
00fd00fb
01100121
0130010d
00e900d1
01c701a5
00bd009a
00ba00a7
009b0095
0083007e
00670083
009e0086
0098008f
00810093
008400b2
006d007a
006e0072
004d0081
00540082
005a0086
008c0054
005a006a
00dd00b2
011300d6
00d500e6
012300f1
011100b7
00d900e6
01080111
011300f7
009d0081
008600af
007700b0
00cb0072
006e006e
00520060
0069005f
0056005d
007b00cd
00710085
006e0086
006b007f
005d0065
00560071
00950051
0056007a
00b100f0
00770061
00640053
00950072
00670056
00770065
0047005e
005f007a
00970086
00b3007d
00a300a7
00a800a7
0098009d
0097009d
008d0086
0096008d
009e00b5
00870095
00600079
00690072
0058006d
00770063
00860063
004d007d
01a90150
01620180
015b015b
02000142
01390180
0125013b
0159012e
01a00199
00800080
00a2007f
008f0083
00950093
0063008e
0075009f
007a0082
006700a6
00810088
008a0078
00920076
00b7006a
00690095
00590071
006b006b
007a0076
00a60072
00a700a0
0081007f
009b007c
00a9007e
009b0074
00570077
00760086
00ea0118
00f200f6
00e700fa
00dd00df
00c800f6
011f00bd
011d011a
014e00e9
008800c3
00910069
008a0076
00760074
00850062
00710079
007b0075
00660090
006200da
005a004f
006e006f
00780056
00670046
004e005a
006a0053
00770060
00b9008f
007a007c
005b0083
0079005d
0054007e
0095005f
006d0065
0092009f
0079007a
00580076
008d0069
0058005c
007a00a2
00630072
00750076
0064006f
006d0075
00870092
00d500c2
00a100b5
00aa009e
007b0091
007a0071
0085009f
0073006f
009d006f
009b00dd
00a500a2
008100b8
009500bb
00a9009d
006e00a5
008a008d
008b006b
005f007e
0069005d
00630073
00630065
007f0069
00730067
00c20093
0075005a
00740085
0072006e
006b007a
00780077
00670072
005d007d
00e3017e
009f00aa
007a00fe
00cd0064
00d70097
00710087
0089007b
00b3008e
00ae0102
007100b1
007e008d
009e007e
00890073
007e0061
009b007b
00890062
00e000cf
00c100f3
00c900c3
00ef00cb
00c000f0
00d000dd
00fe00ca
00d300f0
00c100f9
00810081
00b0008f
00790090
00aa0098
00af00b7
00e60090
00b000a1
00b500c9
00bd00fb
00ad0105
00ca00d0
00ed00db
00d30129
00e600f2
00f70145
0067005b
008500a6
00e5007b
00b0008d
008300bd
006d007a
007b006d
00750067
00c800ba
00af0090
007500b1
009000e2
009600ca
009d0093
0099006c
0099006c
008f00c5
00d600a5
00d100d1
008000cb
00d500e3
00a100c3
00e200f3
00dd00b6
00bb00f7
00760048
007b009f
00a20073
00830067
00950062
00740097
006e005e
00df00fe
00c600c5
00ad00c0
00c600d6
00ae00a0
00ab00c1
00cf00aa
00d70093
006f005e
009b0082
007d0084
00ab008e
00a500c6
00920093
00660083
007800c3
008f007f
0076007f
0087008e
00990098
009a00bf
00d80095
00b600a2
007f009a
00bb0139
00d9006d
006800eb
006300ba
006f007c
00980097
00740067
00870072
007900af
00660055
007300b2
004f006a
0065005c
00650071
005a006c
004d005a
00970068
00720087
0095009d
00810095
00760091
008a006b
00850098
00860084
00800083
00910093
009300a7
00710097
009800a0
009500d9
00b20093
00a50087
00f80120
00b900eb
00b500be
00e50103
00f300b7
011100e8
01110135
011300d2
0059007d
00570057
00520064
004b0057
005d0044
00510071
00580067
00610052
00f80225
00a00082
00de00c9
011b0117
00a500f5
00d300e8
01190170
011b014e
007a00bf
0067007b
00730077
0073007a
00700087
007f0074
00ad0082
007d007f
00ae00c9
00760072
007f006e
007a0072
0076006b
006f007e
007b0083
006d0096
00b600e2
00760061
00920064
006b0089
006b006d
00770074
00770063
00720089
00690063
005e008b
005a005d
00720076
00660063
006e006e
008000a8
006a0068
0067007b
009d0093
009e00ed
008f008b
007300c5
008300a5
007c008b
008f00a7
015700e7
00b200e7
00b000de
00dd00f2
012b00e6
00d90123
00e500bd
013200f9
007e00c9
004a0062
00410067
01090045
005c004d
0046005d
006a0053
004e004f
0089011f
009a0073
009b008a
008a005f
00730079
00760079
008f00cd
006f009a
008b007d
00b9009f
00ae00b7
00a3008e
00910086
00c000b1
00a000aa
008a008f
007b006a
007c0071
0092007d
00970085
0096008e
009b00a1
00920090
00a50081
0139011e
00a100ab
00600066
007c0061
0059005f
0098007f
006b0079
005f007c
008d007f
008d006f
00b60082
00860092
008b008e
008d00ae
009a0082
00b100b6
00e100bd
004f0067
008c006f
00630099
006d0075
0076006a
00800091
0058006e
0085009b
008c0079
00840080
00830089
007a008f
008d006b
00b6009d
007f007d
00810074
0086006b
0068004f
00820088
006d008b
00920069
00910072
0069007f
00f100b0
00a50079
00aa00da
006e0097
008f0074
00a5009d
008d0099
009700bf
00a7004b
0083009d
008e00b7
00ab00b0
0077008f
008d0085
00ef00a2
007a0085
00b20070
007b0090
009e007a
006300a3
008b008d
0074006b
009100a7
008100a7
005a006b
006f005a
0072005d
00520063
00570076
005d007c
00820076
005f0082
00c200ba
0062007c
007a006a
00810067
00610083
0087005e
00b1006e
007f0075
00d101b2
0117006f
00c000aa
008b008f
00e80082
00e20095
00960086
00e0008f
00b8009b
007f00b2
008e0087
00a0007f
0067006f
007900af
0086008b
00a90087
008100d8
007b0083
0071008f
00b5009f
008d007f
00ad007f
0076007b
008d0072
006a007c
006700a2
007e0074
006b005d
005b0083
00650070
0066007c
007f006e
015500d8
00b800b0
00b20081
010200b3
00b600e0
00e000ef
00f000d7
00e700eb
00ce00ad
010300a0
00be00ca
015500aa
00fe00da
00b700da
00c600da
013b00cf
013000d6
00e3006a
00c60076
00ad00a3
00b500b7
007700a3
00ce00a6
009f00cf
00860053
00610076
00750088
0079006c
00a50085
0086008a
00670065
00670085
00a500fa
00890092
00710084
016e009d
00630073
0072006d
0060008e
0075008e
006f006b
008500ad
007b0097
00a00091
0086009a
00a300af
006f00b6
00750077
008900c0
006e008f
00840082
00630080
0069006d
00780086
007500b0
0076006f
008400da
008c0082
0084006d
009b006d
008f0069
007d006e
008a0085
006e006d
008e006f
0091007f
00b800d8
00aa00a2
00970091
00c300c9
008500a7
007d00b7
00c200f3
008f00c8
008d0085
00730075
0099008f
008a009d
0076004f
005e0080
00d200f9
00990088
0099007f
008c00aa
00a5006a
007f0099
0091007c
008600ad
00c300e8
00d700e2
00ab00b0
00f800ad
00d100c0
00c60116
00f600d9
00fd00e2
0057005b
0079007b
008a007a
00790087
009b00ad
008d0098
0093007f
00860086
00ab00d8
009b00a6
006e0082
0072009e
006f007d
009f006b
00c2009e
00b30095
00840065
008e00bb
00c6007e
00a10087
00730082
009000b2
009200a0
00990088
00d80102
00ef00ef
00c200db
00d500d6
011500ba
00c800ae
00ee00e6
00b00140
008b007d
00a60066
00720073
00b60076
0079007e
00990096
008d006b
009500a3
0135016b
013000f9
0182012b
01290149
012e016b
01820185
01020110
015e01a0
00a10054
00ab008c
00e60098
00b7007d
00ad00a0
008b0090
00ca0098
008d0081
00960095
007c0085
008f00a9
00890082
007d0091
007d0072
00810093
00a80082
00ae008f
0065008c
009d009f
007e007a
00a70082
009e007b
00960065
00930078
00bd0065
00890074
00b30096
0099008d
008100a1
00a5007d
009600c0
00a200a9
0079008f
0091008f
007400a2
008e00af
009f0098
009d00a3
007000a7
0086008b
006e0079
009b00a9
007b00b1
00bd0078
008200c9
0086007f
00820083
006d0089
00860289
0085005d
007f005a
004b0051
00550057
004c0047
00690063
0045004b
011700b2
009a00a9
00a300fa
00df00f2
010000e6
00c9010e
0135012b
00d200ed
00a5008d
00890066
007e0078
0086006b
005f0081
00650075
0089007a
005a0086
00a000ad
00820079
009f00aa
007f0092
009f008f
008d00aa
00950091
008e00a7
0100013b
00fa00b8
00d700d9
00ca00c5
00f800c1
00e300e3
013900df
01130111
008b0082
00970084
00a2008d
00680079
00610063
00870081
0092007b
006a008b
00da0091
00630076
009a006f
00850068
00780070
00a70088
008b008d
0076009d
0099006f
008e007a
00c500ad
00d80097
0095009d
0090009b
00b30087
00b50095
007d0061
0064006f
008800e9
0055007a
006b006e
0074006e
005a0077
0061007e
0071008d
00a2009b
00700097
00800078
008a0083
00830083
007b007d
0077009e
00a900eb
00860097
0082008f
00630081
008e009d
006e0089
009f0089
0083009f
00650070
008b0052
00710072
00e00096
009d0082
007c0079
00870063
007a0069
008700a1
00a9009d
00a00098
00b30072
008500b5
00670083
0082008d
0076009a
0079008c
00760066
008b008b
006e0076
00830096
0067009b
007e009b
00d90067
00ab0077
0067008d
00670068
0073006a
0086006e
00850085
00810066
00cd0067
008100a9
0077008b
00600075
00b20076
005f006b
007e00bf
009a0073
0087008c
00820095
008d007d
00720067
0080009f
00930072
0076008b
00bf009e
00830079
00740084
00a9009b
00c70091
009d00a2
0087008d
00a800a6
008b009d
008b008b
007d00cb
00970086
0097008d
008700ca
008a0098
00c3009a
00d300b2
00c600ca
00dd0185
00da00b7
00e300cf
00b1014b
00e000b1
011e00bb
00ea00f3
00ea00ff
0079008c
00710062
0092007e
007e005a
00a700b8
009b00a7
0097009e
00c80087
00950077
008500b2
0071007c
00ae0084
00c20075
00a3008e
008d0099
0099009b
0115011d
00db00b3
00c60097
00c00127
00d8012b
010100da
010b0167
00fa0130
008600af
00910081
00790062
009d0099
00a800a3
0071009e
00ba008f
008000aa
008e006e
008f008c
0071007a
00650099
0091007f
006b0087
0058006e
00a10095
007c0096
00780063
00870063
00be00aa
00630062
007b0067
007600be
00690074
006b006e
00cb00aa
00900085
009f008d
009600a2
009b008f
00b80098
009700c1
00e600f8
00a60089
008f007d
00820093
00ab0087
00a80081
009d0086
008f0078
011f010d
008c00aa
00a60083
008100bd
010f00a8
00df00ad
00ce00d3
00e600ef
00740172
00730096
009f0075
00a500d8
0063005a
0061006d
00b30082
00530085
008d009a
00530065
0066007f
00960072
0078008b
00720076
006b005e
007a007e
009000bf
0083006e
00a7007d
008b0079
007000bf
009b0076
008a0085
006f0093
007e0079
008d007a
00970096
00720093
0070009f
00b000a0
00be007b
00950097
006a0084
00b2008a
007e009f
007c007c
00ae00b2
0099008e
006700a9
00a00083
00d00117
00a600c9
010d00f0
00f500bd
00f100eb
014200a7
00ea0123
010b00f0
009600a8
008e007a
009a0089
009000bd
008900bb
00880097
00840078
009500c1
00760062
008a00a2
00660082
009600b3
008d0098
008a0095
009a0086
00cf008b
007f0095
005e007f
008f00a2
006b0092
005e0072
0072007e
00920092
007d0075
009100c9
00c200a5
00b8009b
0093009d
009e008b
008a0078
008f00ca
00f000b1
00980075
00a300a3
00b600c5
007a00ab
00920073
00980092
00640073
00980072
00ea009d
007c0075
007a008b
007600a6
00a8008f
00a300a6
008600a1
007d0093
00830095
00670076
00c10086
009d0086
00760089
009b009d
00950061
00830087
009f005f
00ad008b
00830089
00a00099
008f008e
009b009f
00b90097
00ad0083
00b200d3
0070005c
00e700e1
00c7009e
007d006c
0093007e
0075007f
00710082
00dd00a2
00810061
00750085
00750073
005e0073
00be008a
0077009a
00a00083
009b009a
0066005f
007c0083
008a00ab
00720071
0096009f
00cb0096
007a0087
00a2009d
00750087
00a900b6
008100c8
00920087
008a009d
00b70085
00850092
007f0086
00720061
00730083
007c006d
005d0071
006e005e
00630081
006b008e
007f0087
00840087
008f00a8
00a50076
008500db
008900a9
00820091
008b007f
008500af
007e0076
007f008b
00790079
00ad0099
00850084
0075008f
009b0091
009f0099
00990083
0076007e
00890079
007d0086
00830073
009e0082
008a008a
008d0099
0095006d
00bd00c2
00760089
0056005e
009a0095
0087006e
00a7009f
008b00c6
009900a6
0078006f
00ba0073
00a6007f
006b007b
007f006b
0077009a
00a900a2
0070007a
00910087
00880081
0099008b
00a000c5
00f50083
00cd0099
007c009a
007b008d
007e0074
00750073
00570096
008b0095
007f0055
00d6006d
009500a8
0082006a
00e000a7
008e00ca
00ab0087
0093008a
008e0095
00850085
00ad010b
007b006f
0072006f
008e007f
0077008a
008b00b2
00b80092
008b0080
007800b7
00d1008b
00860075
00aa0080
008f00a0
008c0087
00820091
00a10067
00f10086
00ad00c0
005e009f
00610066
006b0062
00630057
0073006d
00750083
00a70087
0076006e
00900097
008b00a3
00be00a6
009b0082
00a00095
006e008d
01de0252
01950099
00ab015b
00af00f1
006c0065
00730090
00a50059
009e0069
00de0167
00e700d7
00c200c2
00c100dd
00d000e3
011300d6
01470112
00df00e1
0087009d
00700078
00710066
005d0072
00730071
00690082
006f0083
00930063
008e0077
00710072
007f007a
00920092
00690091
00930071
006f006b
006f0073
00b200bf
00830096
0089007f
00d30078
0080008c
00c0007f
00ce008b
00b100a5
008a0083
00920089
008e0084
009300df
008e0092
00a800a1
009800bf
00a10084
009a00a5
012b00d5
005f007d
006a0069
004d006d
0078004d
00550081
00710057
007f00d7
00c7009a
00920108
00c6009b
00c2008a
00810096
00e900a0
00b6009a
0092008f
0071008a
009300b8
006e007a
0075007f
00b60091
00840085
007e0096
00f600fb
00be0106
009300a3
00720056
00670063
005e004b
005f0051
0054005f
00a00091
0092006f
00650089
00950088
007a0071
007a0071
00730087
00870073
00c00097
0053005e
007a006b
00630085
005e006a
00670087
00880089
0069008f
00530082
007b005f
00a100ab
009b009f
00c100b1
00c50087
009e00b0
00aa008c
00980083
008a0075
00a800c1
00a800c5
00d1008e
00c200a1
007e009e
008200ab
00810068
007f0085
008d0096
009a00a2
00c60092
00c600a5
00af00c2
00f900d5
00b900e8
00d20074
00780083
01270082
008300b8
008f00c7
00950085
008300a5
0089007a
00a30085
007e006c
00a60096
00820097
008d009f
008f008e
00b0008a
010800e0
008e00a6
00f50100
00570087
006b00b7
0077007f
00ae0090
00930070
0075005f
0095005d
009a009e
00850096
00890063
00880095
0097009e
00a300aa
008500e7
008c005f
0089006f
00760096
007d009f
00a90098
00dd0099
0096009a
00b60097
00770085
00850071
007c0087
007e00d2
00780077
007a0089
00740081
01550157
00e300b9
00de0145
021e00d1
00c900e2
012e00aa
00e100d8
010f00e3
007300b1
007f0069
00a60086
008500b3
00b7009a
008e0097
008c00ab
0079008b
009200bf
00cf007f
00590077
007d0060
00870071
007d004e
005f004d
006c0065
00c0007d
008800bb
00b70082
009600b9
00b000a3
00bf00a6
007e00bf
008000a9
008b00b5
00860083
008d0092
00b7008b
00a900a7
00e800b2
00b000ad
007a0097
00760085
008d006f
00ba007a
00a500b2
00ba00aa
00be00b8
009300a6
00980099
00b70120
00960066
008900bd
00a500ff
006a0086
006a0098
008300a7
0073007a
0081005b
008a009a
00880075
0077007c
0073009b
00860082
007f0062
00760077
0099008f
00990093
009b008d
008d0089
0093009b
00b100c9
00c30085
009600c0
0095006e
008f0060
00a10091
0082007d
00b10089
009500b1
006e0079
0081009e
0099007e
00760099
00a10093
00ae00b5
00790092
007c0070
00840097
00850098
00bb00aa
00e00090
00de0073
009b009f
009d00a7
00f200bb
00b100d3
00b100e0
008e00a3
00870078
00710089
00a1009f
008700c5
009e008a
00d90080
009200af
00870083
00a800b2
008300ab
00a30091
008400a6
008500fb
009f009d
00850099
006f0075
00a700b5
009500af
00ca00af
006d0080
00ae008b
009300ce
008f00b0
007f0097
00750092
00a200b2
009e0086
00830093
008300a5
009d00bf
00a300ab
00b10099
00820097
009d008f
00c00085
00980097
007b007a
0095008e
009e008b
009a0077
008b0078
00a8007e
00890098
007a009b
009300b7
00b1008e
00aa00be
014904ee
00a600d8
007100ab
005f006b
00530084
00a30082
00790062
0066008c
00930082
00a300a6
00920092
00ad00b0
010800b3
009d009f
00ba0096
0099007a
00a9009a
00a000c2
00c3009e
009d00bf
00c600ad
00b900b6
00b50105
00b900f3
00bd00c1
00f000b6
00d300f5
00b000c6
00f200d0
00ce00e5
013000d6
011500fd
006f006a
00760081
007c005e
0082005d
00760078
00610079
006a007b
007a006f
009a0091
0099008c
00850088
008700a0
00a000ea
0089009e
00a30092
00980090
00950222
0071005e
00620069
00660073
006c0051
005b005a
005d0055
00610053
00850084
008e0086
008500cf
00cb009f
009100a3
00760080
0083007c
007100b1
00990059
004f007c
0076008e
0086009e
0081007e
0087008d
0096009d
0091008d
00ad0075
0095008e
00a500a2
00a300ba
007f0092
008e009d
007e0086
008100ce
00720091
00790077
00d500a2
009100b9
00ae00b5
00ad008e
008b00a3
008e00ae
008a009f
008300a5
006700b0
0080007f
008f00a6
009700a3
008200a7
009f00a1
00e500b1
00630064
00720087
008b00a8
0084006e
007b0079
00810062
00a3006f
0066006b
00a10053
00a70053
00970085
00890067
0080008b
00ad007f
00880085
00aa00a5
008f0088
00b100d5
00c700a3
00850097
008d00be
00930099
009b009b
007f0061
008e0072
00ab009e
008d00a1
00f9009b
008400bd
00850095
0066009d
005f0080
0064005c
005d006d
00890079
0093007f
008b0079
0080008b
009d00ae
00850087
0083006a
005d0082
00840078
0089007a
0072009d
0081007a
0066006e
008c0080
009e00ae
00d300a5
00730097
008d008b
008c0099
00920075
0086007e
009b0071
007c00b3
006e0075
00810077
006a006f
00910060
00740074
00730055
00ae006f
00760081
00b100ad
009d008a
00910084
006a0090
0099009e
0089008f
008f009b
007d008e
008200b0
00830075
00b000a0
00810071
00df008a
00e000a1
0085007e
0072008b
00890077
006c00ae
00850079
00720069
0073007e
005f009d
0081007a
0077007f
00d50092
008c00bf
00a900cd
00c6008e
007a009a
00950109
0071009e
00a80079
00850087
008a00a0
0091006a
008b00aa
00980062
0082007e
007200ae
00ae0064
007d006e
008600a7
00730073
007f007b
0082009e
008d00ad
011b015b
00d800d8
0095010f
019900c6
00ae00ad
00cd00aa
010b00e5
01150111
007e005d
0091005e
007e0092
00a200d2
00a3008c
00b300e2
008300be
007e0097
008f0071
007f0069
00bb009d
00b50057
009b00c0
007a0089
0092009b
00a50093
00c9010f
009800da
0102010b
00d900b7
00d200d3
009500d6
011900da
00e800f0
00cd008e
008b0098
0088007c
00970089
0089009d
008e00a5
009a00ea
00b200c5
006d0067
00a300a8
008d0079
00670078
00a70093
00570086
00640071
0080008b
00d700b5
00d0008e
008d007e
00a000ca
009a0096
00b000a1
011a009f
00d200a8
008d007f
00be0091
0091008f
00b80077
009e0080
008000be
00aa0091
00b0006d
00750081
009d009a
008700ba
0091009b
00d60092
008400bf
00830091
00ad0079
009e008f
009e0079
00ba008f
0081008b
007900ad
007b00da
006f008d
006d0090
007e0082
0073007f
005d007a
007e00a3
00ad006e
008d009d
00a00098
00910091
00990073
00970082
009f0087
009700ba
0095007f
007f0086
00a800c6
008d00a5
00b1009e
007b0093
007e0090
008f00e1
00a200a3
0097008e
00710076
00a1008a
00b5009d
008f0063
009f008a
007900ab
007d009d
00920079
00990083
00b100bd
008300b9
00790075
0092009d
00af00c9
00b3009e
00b90079
00a300a2
009200d9
00850091
00710059
00740066
00af0089
006f0063
00800082
006e008f
00890069
00c100b5
007900b3
00840098
009700be
00a800a3
010700e5
00a600a8
00a300f1
010200d2
00b200cd
011600d9
011700e3
00ff00d6
014200cf
011200eb
012b013e
008e01ee
006d0085
00790086
0113005f
007c0070
00850075
0095007b
008f006b
00800091
0076009b
007a00b1
0090007b
007d0082
00790095
006e0088
009d0075
006e005e
00720059
008e0073
0071008e
00780076
007f0063
006d0083
00bd0089
0091012b
00610076
007d0068
0072006e
00850071
00790083
00920072
00890069
00700063
006c005b
01000080
0069008c
00c10086
006c006d
0078008a
008a0075
00910082
00e20089
009b00f7
009a00a0
00b900c7
007d00da
008b0087
009d008e
00960081
007f0070
008d00ba
006f0068
0081006f
00760076
007f005b
00770068
00760061
00bb0089
00ba007a
009200d5
009d00a1
00b500a2
00c50082
008b007f
008b0072
008600b6
00920082
0091007b
006900bd
0090008e
00850095
009a007c
00cd0091
0072007e
00a30088
00af0083
0086009d
00b200b5
009e0091
00850089
00e300bb
008d008d
009100b0
00a60082
00d70087
00850091
009000a9
009800b0
006d007a
00ad006b
0098008d
00b50084
008700bb
008a0089
007b0098
00850089
007300a2
00930055
006f00ad
008c006e
007100a9
00a80073
00710067
006d00b6
00dd007e
005b006f
00830075
008d007b
007d0074
00a30082
00a30095
009500a9
0070004b
00af0066
00670077
009d0079
008d00a7
007d0075
00630077
0082006f
00b200a0
0072007a
0082007a
00970097
006d00ae
00860091
009e0084
009e00a7
009d0083
0057008b
00920068
005c0071
008a0076
0081008e
00700084
00a60064
008f00af
00670087
008d006a
0087006d
006b0063
006f006c
00a60087
00720092
00950086
005a0068
009f0079
007b0076
007d008b
007500b5
006000a5
007a0084
005d0065
007f0078
007f0071
00b300a7
0082007d
007700bf
009b006f
008b007a
006f0093
009f0067
008f00d5
00910097
008a00ad
008d008d
0098008c
008600a9
009a0070
00cb007f
00c10079
009800a9
00970089
008000d0
008700ca
00bd007d
00790060
007b0060
008600b1
0091009b
00b30092
006a0092
00b50079
008d008a
009600d2
00a3007a
008b00a8
00ad007b
009d00f5
00a50097
00db0090
00c500b1
009b007a
00830095
00760065
00790078
00750075
006a00c3
0091006e
008800af
00a90106
00b7014e
00b100cb
00b600e0
00bf0105
00e300c5
011b00d5
00d500d6
00980079
00b2007e
00910077
009300be
00980081
00870089
009600c7
008600a5
00b200e2
0063006e
00670066
00770073
0056005b
005d005a
004f007a
005f0062
008f0085
0071005a
008f007d
008a00a0
00980090
0081008a
0073008e
006f00a9
007700c8
006c00ad
008e0069
00950093
00840075
00850077
006d007d
0092008c
009100c0
00720076
007300d7
006f005c
00720082
00a0009b
00d200f8
00c7009d
009b008e
008b00c0
00bf00aa
00c8009d
00b900a9
00990087
0081008f
00a700a2
007c0098
00840087
00850065
00ee0082
008f008c
00b10075
008d007b
00960078
00730071
00960084
005c0093
00a100b8
007a00df
00a50087
00b700b3
0095008f
008f007b
009e00a0
007c008a
00b50098
007f0082
00880055
008f0063
0073007b
008700ad
00830087
00b5008c
008a00cb
00b30097
00ab0088
00850098
00a700a6
007b009a
00e80062
00980074
007b007c
00980097
007b00b3
009000a8
006a007d
007f0089
007e007d
00920097
0088007f
007e00b6
0099009e
008d0096
008a007a
00700087
009100cd
00910083
007700a0
0086007e
006d0070
0093006d
007b005e
008e00b9
00c0007e
007f0085
007e0090
008e0082
00700095
0092007e
00790095
00c00079
00810066
00ae007b
007800a3
00b5008b
00bb00a0
00a60091
00ae009d
008a0081
00790089
00bb0085
00a20099
0086008e
00910083
009f00a1
00c20085
00730075
0089006e
0082009b
009b00c9
00960086
00b60087
00ab009a
008f0083
01700113
00ff00f2
00fd00e3
00f800d6
01250106
00e7010e
013e0109
011e00fe
00770096
007b0066
00670098
00810099
007b007d
005e007e
005f0084
007b008f
00b100a7
00a1006f
00910099
009f0098
007f009a
009200b5
00c200aa
00880099
007e0082
007000ad
0081008d
00b200a9
009300b3
007900b5
00690074
00950079
00e000b9
01690102
00ae00f0
00c100aa
009b00cb
00cf00ca
00c000cf
00d500c7
00c100af
00ab00b2
008500ae
0075006e
006c007b
00570076
00650071
00750057
00ae00d5
007100b1
0080006b
007e0099
00c5008c
00b600a1
00b90077
0076009f
00830065
009d00ab
00a7007c
0081008a
008a006d
006d00a0
007000a5
006d0096
00b100ae
007b006d
009b00b6
008b0097
0084006e
00ae0091
007b009d
0089009a
007c00a0
007e0056
00760075
008e0091
008c0085
00830099
009e0087
00ab009d
00c60091
008d00ad
00a700d9
00920099
00c000a9
009b00b7
00a600b0
00dd0098
009000c8
00750089
00790095
00820082
00730057
008e008c
0061008a
00690096
007a00b2
008b008b
006b00a8
006f007f
00900081
009600af
00710090
008a00b9
00950119
007200db
0066007f
00630088
00e30076
00ab0095
00af0091
0093009e
00e200c3
008f0096
007a00b0
0069009f
007b00a5
00860091
008a0064
009200a1
0096009b
00a00089
007a006b
00750092
007b0080
005d0080
009800a8
006b00bb
008f0070
00770077
0096008c
00a100a0
00b80095
00c80098
00b8009b
009f00a5
00a200d2
007f0065
0073008f
008e00ae
00f00140
00dd00b7
00ef00ab
00b100bb
00fd0119
00a10130
00e500f0
00d100c5
00dd00c6
00d900e2
00e000eb
010300d0
00a5007d
00c0008e
00ab00b0
009a00a3
009300a6
00a6009b
009600a1
008000a7
008c008b
00990064
006b007f
0097006d
00a500ab
008d007e
00890086
00910092
00bd0078
00970086
008a00ad
00be009e
008a0088
00a900a1
008c008b
0092009e
010500ff
00be00db
007700ab
0098014e
00560095
0067009d
006e006d
0090006c
0083007e
009e006d
008d0091
0092008a
00c00083
00740080
0089006f
008a006d
0083005a
00720085
008900b1
00be0084
00a300ab
007a0086
006a00a9
007d00a0
0066007e
006e005f
00c500ad
00a300c9
0069007b
008e0085
00a6009b
0091009a
0085007f
0097008b
008d00af
007d0096
00a300a0
00b0009a
00920097
008d00a7
00ad00be
006800aa
00b50098
008a007d
0077007e
00b60096
00840086
00b8009f
00790062
008d007e
008f0085
00980079
00860076
008a00b0
0064007e
005e0081
00b200a5
008f00ff
009500a0
008000df
00c6009a
00d90091
009e00c1
00df00dd
0089007b
00c700aa
009000b2
00ba00af
009d0077
009d00b0
00a30077
008b009b
00e10108
007f007d
006600bd
005c0071
0080005e
007b007e
00800081
00d6006c
006f0076
00760085
00a50085
00970081
008600bb
007d007e
007700ab
009000bd
00b10077
00770079
00a80083
008a00c8
00a3009f
00aa008c
0092009a
00a10089
006b007f
006a0079
00860085
0075006d
006a007f
00af007a
007b0097
0073007b
00bb00a9
00cd00f5
00b600b6
00f200f2
010100c9
00e900fa
010600d7
00e700e0
00bf0078
007a008c
009e0069
00ba0085
00a5008b
009700a0
00780091
00aa00d2
00b6009e
0072005a
008e0099
009f0086
0087008b
00b7008a
00ef00c1
00b80099
006f00b0
005f006a
006d0065
00a00065
00820066
00840092
008f0084
0066007e
00a000fd
00610081
00750076
00ab006b
006b005a
00a30069
00650065
009a005f
0085007d
008a008e
007500b8
009d00ab
0073009a
0099007a
007e0089
00ab00be
008d0089
006b0073
0087007d
007100a3
00690080
007c0081
00930071
006a0072
005700c6
006b0062
00a5006f
00760065
005f004d
005a006b
005b005c
00550059
00890071
008700a9
00c80082
00a300bf
0086008d
0091009d
00750093
008500a2
017701f0
011a009d
0077008a
009b0157
00a20076
00d50071
009f0075
0073009b
00bf00e6
00df00cd
00d00100
00d700c9
00e90119
011100f5
00d800b0
00e100f1
00e00222
0065005f
005a007f
01010092
00820098
00950083
0095008e
00af007e
009a007f
00730081
00b80071
009e00a9
00a100a0
008300a9
009200aa
00aa0077
007b00c0
00700057
006e0070
008b008b
008c0073
006e0087
0077006a
0053005b
008f008f
00b2005e
0099006b
008b00aa
00c8008b
009b0097
009800b1
00a0006a
008900a2
0083006c
00820085
0088009b
007f0071
007b008e
007600d1
00ae0096
00830097
008e0082
007900a9
00b5008e
009e00a2
008e00b9
00a6009b
007d009e
009800d7
006f007a
0096006a
00a000aa
009a008e
00ad0088
00be008b
00ed00a1
007d0076
008a0087
0098009f
007f009b
008f00a8
009e008e
00c0007a
007700a2
008600cb
00b0006a
0098005a
00730065
008300a0
00950075
009700be
00b0009e
008200a8
0081005f
0087008f
00830089
009b0075
0099007f
008f00b3
00cd00a3
00e300a0
00ce007e
0083009b
007f008b
008f0098
006300ae
00a000a7
00830092
00a900f3
0086006f
00580062
005a008b
00690051
00620062
009a0062
005e005d
00a1006b
00620072
0079008b
008f0086
008c008e
00870079
0095009d
008b0082
009b00b0
00ca0099
00be00a7
009700ab
00b500a8
00a20087
008f00b2
009b0099
00c200de
007e0063
006000c3
0076007a
007b0082
00ae0095
009800a3
00bb00a1
00730085
0097007f
00960081
009d00a0
00b30073
008100aa
00aa00b8
00a30083
009f009d
00a7006b
007f0097
00bf008c
007900a8
0069009a
0099009b
008f0067
007c0091
00800077
008e00a6
00a1008e
00b2009a
007b0096
008e00a1
00800091
0084007c
006b007d
00860091
009b007b
007b00b3
0084006f
00670074
008a0086
005f0066
00ab0083
00850073
009000b8
00d100b8
009f0081
0095009d
00950086
006a0066
0078008a
008f0075
009a007a
0065007e
006a0085
00850064
00850053
007a007d
00980098
00c300a1
007b0093
00a700cf
009a0085
007d0088
00950079
0095007e
00a90068
00760071
00720093
008f0076
00910053
0073005a
00720051
00ae00c0
0065006f
00b1007b
00a600f1
00830098
008f0071
00ae0098
009500ae
00a200d9
008a006b
0087007d
006a0092
00b600b3
009e00b3
0091008b
008a009d
00d00107
007b0079
00770062
008b007b
00890068
00770066
005c0071
0066006e
00720078
0090007e
00a300a5
008a0093
009d0090
00890098
0092008d
007f00b0
006b009e
00d300bf
00b3007a
00720088
0097009e
00790070
00860087
00cd00be
007d008c
007b008d
008a0087
009b0090
009d00c3
007f0098
008f0078
00830074
00e80147
00de010f
010200bb
00ab00bf
00b000d5
0135011b
00f200b3
00cb013e
00a60074
007c007b
009800da
00750097
009a008a
00a9008d
008100aa
00a200a2
007100b8
0091006b
007700b0
008d0079
007f0083
0083009f
00970083
00870079
00770093
0089007a
009b0086
0097008a
00ab00a0
00850099
00960093
00b30081
006f0066
007d00a3
00690097
00a50082
006a009f
00690058
00800076
007a006b
006400be
008b008c
006a00a1
01300074
00860057
007f0067
0062006d
00710060
00850086
006f007e
006a0062
0066006b
00850065
00980076
009a0065
00700095
0089007d
00720093
00950097
00770097
007d00aa
009b009a
00ba00ad
00b20088
00830073
00e300a3
00710189
005a0095
00860097
007d0076
005b0074
005f005e
00980097
00860083
0083009f
0086006d
007f0065
00b30067
00d5008a
00aa007e
00710089
008e008f
008e006e
007f008b
007e0071
00ae0066
006c0082
00910073
00a80077
006c0095
00a1008d
007e00a2
00df0096
00ba0083
007a0097
009200ce
008500a6
00740062
007c0060
00960076
0087007b
00a00082
00b9006e
00cf0089
00880088
006f0082
00820077
007b0073
0093007f
009000a6
00a6008b
00aa008b
00a000a7
00830086
009a0062
008b00a7
00b600aa
00c10096
00e900ba
00c70085
00b60095
00690083
00b10097
00930091
008a00de
009b009b
0092008a
0097008f
00ab007a
008b0086
008000a0
009200a1
00820089
0087008a
00be007d
009a0099
00bb00bd
00bf009d
00890098
0077008e
00a90079
00f70084
00a200ae
007e0092
00930074
0076008b
00a5006e
009200bd
00c90084
00b500a7
009e00b9
008b00a7
00ad0075
0085006b
006f007a
00710077
0093006a
00620062
006f0083
00700097
00aa00d1
00760084
0088009b
00a2006e
00bf0099
00c60098
009b0096
007a0087
00af00aa
00a900c7
0085009a
008700b6
009d0086
00af0087
007b007b
00920073
00a70130
00750073
006b0071
0071006d
00600070
0089005b
00790065
00820075
00b20090
00850092
00ad009e
008700bb
00be0067
00d0008d
00860087
009e007f
00630090
008e0093
00630083
00cf0077
006a0064
00870068
00790088
00810070
00630096
008b0082
00b9009b
00ab0088
00730072
00810073
00730097
0083008d
00740066
017000d5
00950207
009f006d
0072006d
00790069
006a0085
00630071
00870095
00ae009d
00bf0080
0081009d
00790091
008b0090
00b1008b
00a000c7
00ad008e
00aa008a
008a00ad
00b900a1
009b0087
00900095
0087009b
009a0076
00920089
006f007c
0081009a
0091009f
00980097
00900085
009f00a6
00af0079
00c60098
00890062
0070007b
0073009d
00800076
009800ae
00af008a
009d008f
008b0079
00730082
0085008b
0064009a
007f0057
0070004e
00700060
0069007b
009f0062
00660066
008e0095
0081008d
008a0072
0093006c
00d100a5
00a50079
0067006a
0062007b
00740092
00910083
008900a5
009000c3
007e0092
008d00ae
007b00aa
007b007a
008f007b
009600b1
00ba007f
00ad00be
008f007f
00a100a7
009f0074
007b0076
009a00b0
00860060
008e0097
00df008d
00ad0089
009f00c7
0072008d
007b0079
00850087
008f007f
008b00a7
007900b6
00910092
007d0092
01e001be
00e10063
00c3015b
007d0107
00860061
0076007a
0082004f
0059006c
00b9006a
006e0095
007800d9
009b00c6
009f0093
00aa0082
008f00c8
009f009d
00a50150
006e0067
0097007f
00770084
0079009b
006b0071
008a0068
0063005d
00a100ce
00810092
00a7006e
009100b9
0084008e
009700a7
008800a7
009b008a
00760056
0098006d
006f009a
006300a3
00760097
0093006b
0083007d
00960096
00c0008e
00900087
00aa0067
007e0096
00890093
007100ad
00a6007a
00c100ba
00a3008d
00720072
00670077
00800083
007a00b0
0083006b
009a0080
0098006b
00700067
00810083
008d0098
008b0083
007d0074
008c0070
008d0071
008600b9
00ad00f0
0096008f
008a0085
005e005d
006f0057
009e0066
00410076
00520067
0082008b
007700d3
007c00ad
009e009b
00780074
00b00076
009e00a3
008400a8
00710071
0096008b
0079007b
00720091
00b80083
007900b3
00820083
009b00ad
008d008a
00c1006b
007b00ab
00b60083
00cb007a
0077009a
00aa008e
00a500a3
00710083
0077007c
00720090
007400be
0093007d
007f00b1
008c00a9
0083007e
00a80065
0075007f
0074006d
006e009f
00a20072
0098008f
00850098
00a6007e
00f500c6
00bb00ae
008300c6
00b800e3
00db00b7
00e600e7
00f800d7
00ea00af
008900cf
00920083
006f0076
007100bd
00a50090
008b0090
00b000a9
009a00c5
008d007a
00760071
00780079
00750081
00730066
00790067
006300a7
0074009a
008b0100
00730061
006000b7
0087008d
005f007b
0092006f
00920087
008500a1
00950092
00860091
0092008b
00c800f2
00a100b9
008e00b0
009800ae
00910089
0078008b
0060008d
008600a3
00da007f
007600aa
008500a3
0083008d
00ba008b
00920066
0068007a
007100ad
00930055
0067007b
0098007f
007d0070
0097007f
00bf0065
00a0006a
009800be
00b300b3
00c900b9
00920082
00920096
006f00a7
008f0093
00760081
00ab0091
00840098
009e0086
009a009e
0097007f
00b70077
00830085
00840093
00ba00a2
0092009f
00b900b6
00b600a0
009500a1
007f00a1
00a800a6
008e0099
006700c5
006900a1
007300a8
00b60095
00ad008d
00c100c1
00bd0082
00a8005e
0096009d
008b007e
00ad0085
0097007e
00640085
00670095
00c90096
00730091
008f00b0
009800ad
009a0099
0071006a
0098009a
00780085
00850082
00980085
00a500be
00be009d
00b3009e
00a700b9
00f000c9
00cf0090
00770096
00980089
008f009b
00c500a8
00a00071
00df00b5
0095008a
00930077
006d0099
00720076
0065009b
007d0067
0075007a
007b007a
007e008d
0069008b
0083008a
009e0085
00b7008d
0096009e
00c60096
007d0084
00810092
00be00b8
009500a7
00c5006d
00870066
009f0096
00910085
00860077
00a50082
009b00b9
0083009e
00820057
00bd0081
007b007a
0081007b
00a50085
0091009f
00ab008a
008b007e
007a006b
0064006e
00a60097
005d00aa
008f006f
0072006f
00a50055
00b5009e
00990098
008f0067
00aa0083
00a00074
009100c9
008e00a5
0084005a
00ca00e7
00760083
00810086
008500da
00730095
00af007f
00930097
007c0091
008b008b
009a00ad
007f00f1
00b20087
00b70079
0096008f
005b0097
00750080
009d0067
0080008b
00a6008d
008500a9
00760098
00e500b2
008300c0
0095008a
00ce0083
009900ad
0091007e
008c0074
0067007c
007e009a
00e00065
006e0092
009f00ae
007d007c
00630089
006e0090
007f0082
009f0097
00920092
0089007a
0067007f
006d0062
00990075
00860079
00b9007b
008d0092
008b0093
00720069
006d0078
00ae005b
00860084
0084007b
008a0093
00bb009a
009d009f
009600a5
007b006d
0087008f
009a0093
0091009d
00d5009e
00990092
00890080
007d008f
00810061
008e007f
00a90092
00a60099
00bb00a3
00900099
0093009b
0095009a
00ae0075
007b0091
007b0082
009b009a
00a9009f
00960097
00c300a1
00ce009e
00b00099
0063006a
008c0093
00910083
007b0071
00a10093
008e00af
00990082
00e90085
0097007a
00a00085
008700ad
0080009b
009600a1
00720086
00c0007f
00970084
0065007a
009f0076
008f00b0
007f009d
009100ad
009e009e
008500a7
00840087
0075007a
00a6008b
009d0092
00ba0093
008f009e
00a100a5
008300a6
007b009f
0081007d
00b90087
00a00081
00910097
00ad008d
009e0092
00b7007e
00cf009b
008700be
00a200be
00ae00a9
01060155
00ef00d0
00c900c3
00fe00c9
008200a2
007a0095
008f00b6
00ad0087
00aa00af
008200bd
00a0007e
00b60089
00750071
0084009f
00a6009a
0093009d
009a0097
00960098
0092008b
009e0071
00c6011d
00980101
008f00ba
00690077
0075004f
00760055
00330070
005900d0
00910093
0088007d
00a700a5
00a8008e
007a0085
00b50071
00b20087
00960098
00ba00ba
008c0077
007b0081
007400a1
00a90076
008d00a1
0082007b
0076008f
0087009d
006d005d
00770083
00ba0061
00750076
00810074
0075008c
0071007a
00990087
007f009a
00d80087
00c7007e
00830080
00890079
0091007b
00710081
00820067
008e0089
00650089
005e0073
008c0071
006d0065
006500a1
00620096
008d006c
007c0076
00980095
009700c3
007b008f
00710096
008b00b6
007d0092
010d00de
00c000ab
00c100eb
00bd00e2
010300d6
00de00e1
00c000de
00d700be
00a700c7
007d0080
009700b9
00750072
00af0077
008f00b6
00820087
009d0097
008b0086
006f0082
006d0068
005b0066
006b006b
00590075
007f0069
0072006c
008a0065
00900091
00a3008e
009b0095
008f0079
00f200aa
006f008e
0077008b
0097008f
009a007f
00a0008f
00b500a1
009800a1
00c6009d
00b90099
00a00097
008a00a2
0086008e
00bf0092
00730095
0099009d
0090008a
008f00d1
00a900a3
00ad00ab
00710063
007a0092
007e008b
00830076
009d0099
00960083
00790087
00960068
00980069
00900073
00820097
00a90087
00a200a8
00d300ba
00ea00a2
009b008f
00af00ad
009a007c
0082007d
006b0090
00730072
008f007e
00760095
0092007f
0092008f
00b50076
008f0082
00760073
00a5008a
00bb0098
008c0078
01970169
01070157
00df0127
015500f8
00ff0135
00ff00cf
014200f8
010b0135
006e009a
006b007f
00920089
005a005f
00670083
006c005f
00a90071
006b006c
006e006e
008200d9
009800ce
006900a0
00a800a9
007b0087
006f006f
008a0097
009e0098
00810067
00800093
00830095
0086006b
0081008a
00760075
0089006c
00980083
0089008c
007d0072
009200ad
008f008c
00d9009d
00c70081
0086009a
006b006d
008500bb
0079009b
0082008b
00890098
007a00b6
008600aa
0086007e
008c00ca
00c10059
0091007d
00a200a0
00ba0079
00930095
007e00b7
0085007d
0093008e
0095006a
00870085
006e0075
0095008a
008400bb
00810098
007d0096
00a30093
007b0086
00af0091
0093008a
008f008f
0078006d
008a0073
007c00bf
00a60082
00750086
00c5008c
009600a8
008b00b9
00a200e6
008400ef
00ba006d
006c007b
00a0008d
009e0088
00a2009a
00ba00eb
00a20092
00a800a5
0097006e
008f0086
00760084
00a500a0
008f00ab
00fb0083
00a8008b
00a3008a
00dd00c6
00a5008f
008700a3
00790089
009d00a8
009a0077
008100b5
00700086
008f0068
007e0060
007e0084
006b00a6
00930072
007e0082
00b7007f
00b3006f
007e0098
009000bf
0079007f
00630057
0179006e
00640069
0065005b
004e004e
00660053
00690096
00600077
008f009f
006c0062
006f008f
0091006f
007d006d
00920078
00b500a6
0079008d
009a0077
00b30086
00830076
00870075
008e0087
007500af
00aa0079
008a005b
0065007d
0092007f
007f006f
0074009e
009a0083
008c0069
008a007f
00750071
007b007f
00880071
007d00b8
00ae00b2
0093008b
008500c5
00a1008b
006d0055
009900a7
0095007b
007e007a
008800af
00a3007f
008b008a
00bd009d
005a0082
007a009e
009f00ba
00950096
00c20097
00a5007c
008d0099
008e006d
00a5008d
00950093
00aa0077
00d000c7
00a8007d
007a0087
00b3008c
006e008f
009200e3
007800c5
00c10067
00a20092
007e008e
007f007d
00770081
00830086
007a0097
00a900b9
0098007c
00a000a2
00ad0087
00b1008f
0083009d
00e200c0
00b500c9
00d000ca
00ad0129
00df00e6
00e100cf
01210113
012500d6
008d00a7
00ea0063
008f0075
008700bf
00720077
00d90082
00d6008e
009d00b7
008f006a
00910097
00750082
00700083
009a0087
008500d2
005a0092
00900085
009200af
00720074
0084008d
00bd0076
00900082
007b0066
00ed00af
00a700a0
00f300c6
00da00aa
00b90065
00630082
008a0075
00b1006b
00b80072
0092009f
008900a2
00af00b5
00a800b8
00b1009f
00a6008a
00bb009a
00a900bf
007800aa
00a600a7
009b0085
00850073
007f009b
0099009a
009d0078
008f008c
008e007e
00aa00a9
00950075
0098007a
00a50083
009b0095
00aa0093
00c800b0
00ad0091
00a20072
00760061
008a0067
00800087
00a1007a
007e008c
006b0093
006e0081
008700aa
00970063
0062007d
00970087
009b0075
00a8008b
00c70078
007d0086
0075006c
00650084
008900ca
007f00b7
00a30092
00ab00c8
00870076
00950096
009a008f
00770098
0086009b
0099008c
00a200bb
00cf0091
009a008f
00a1007e
00ba008e
00860076
007d0077
00b1006e
007d007b
008a007d
0079007f
0091009b
00a100f0
0093007a
00a200b2
00da006f
008e00b8
00860097
00980076
008a008b
007700a3
008f009b
00bd007f
008d0067
00b500a5
00cf009e
008d0097
00aa0082
00780077
00950085
00720098
00a50099
0089008f
00900098
008a0081
00830081
0083007c
00920071
00eb00b6
009b0091
0083008b
00b700a9
006600cd
00c2009e
00870072
00c5006e
00a20089
008e00c7
00ab00a6
006f008e
00a000b8
008b00a8
009100a1
00830099
00790093
0092007c
00990087
0091006d
008a0071
007a0076
00b600a9
0079009e
008b00b0
007e00b9
009600da
00c0007f
008d0090
00970091
00e900cb
00710075
009f007e
008d0095
007e0098
00b50080
007f0082
009a009e
00770085
00a20073
005a007a
0073006b
00970095
007e0082
00900081
007b0071
00c600ce
00da0130
010100b8
00d000f1
00d2009d
00cd008f
00f100b5
009600d8
00bf00fb
0075008c
0099009b
008b0090
00950080
00c000b0
00b3008b
0078007f
006f006d
00720068
00d600ad
009800ff
00c600d7
00c60096
009e00dd
008b0071
0089006f
00830077
0087007e
008a008b
00740091
0093008b
00930090
00a700ba
009100a0
00a3005c
00970092
007b00bb
007500d3
00d3008a
00ae0099
00a20093
0080005b
0093006f
0075008c
00a200b9
00a300b8
009600b7
007b008b
008000b7
007e0062
00730086
00920076
0099008c
008e008a
007e008e
00b80081
0075007d
0089006a
00a10095
00aa00b8
009800b1
00c30088
009500ad
009600b6
00a5009f
008e007f
008c0086
008b006d
00b10090
00850083
007f0063
0098006d
00950081
009b0098
008b0096
00b600a9
00880089
00b00082
00cb0097
00a10096
00c300e0
00b20092
007d0091
00b00091
00b1006e
007b0098
00920097
00c7008b
00700096
0083009f
00b00083
007e0084
008e00c7
00880062
009600a5
00a700ba
00ab00c5
0074007a
00a30074
0061008b
006b007b
00720084
0088008e
00690090
00bb00b9
0090009b
005f00c2
008900c0
008a0075
00a200b6
00c3008c
00d80085
00c0008b
0076005b
007e007d
009b0073
008200a5
009f008a
009d008d
008f0084
008e0071
00b700b3
0097009b
00750067
0086009a
008a0079
007300c2
00790069
00a80073
00a000ad
008d0080
008300d0
00750086
00a0008c
00a00095
00a2008b
007b00ca
00ab0101
006900af
008f00a5
00fa008e
007c007d
0091007f
00b200aa
00c80098
007b0065
00830082
00920076
0089008a
008a00a5
009a00a7
007a007b
00cf006d
005e004d
00a80061
005f0084
00a90099
009a00a2
006e0069
00660079
00750075
00ba00a9
00870062
008e008d
00760079
009500ba
008300bd
00b20097
009b0088
00e700dd
00c100c9
00e100f3
00c800cf
00b800c8
013900ed
013500f1
00d500ed
00cb008f
00a00083
00920071
009e0090
009700c1
00b30097
009500d0
009a00aa
007e008a
005c0061
00790079
0062009b
007300ba
00a2008b
0081008f
00ae009e
0066006d
008e007b
007700a3
00950093
006e00bb
0092009a
00840085
0077006d
008b0092
008a0089
00af0089
00d000aa
0083009f
008b00c8
008100c5
008d00b7
007a0061
009d0096
008900b8
008700a9
00a50073
0095006f
00b20090
008e00b0
006a008f
00d9008f
00c9009f
008700a1
008b00b7
0073008b
009b00ce
00a500ae
00760079
009b006f
008d00a8
0090009d
00c3008d
00e6007e
007a007e
0084008d
008d00a1
00670085
0071007e
00670087
007e0077
006d0053
005a0074
005b0062
007f0075
00670087
0083006d
0069009a
006d006a
00740091
007c006c
00860069
007d00a2
006e0087
006e00a8
00ce0066
008d006e
0095007a
00810071
00670093
008d006e
00ae0098
009b00dd
008a00a5
009b0097
00930072
00c900a3
009f0099
00950098
0099007f
00ae007d
0085007d
008e007a
0067006d
00810086
00b900a3
011a00d8
00fb0079
009b0093
00790073
00860073
00c30072
007b0087
008000a2
007d006a
0088008e
0092007a
00b2007a
007f0093
00c50093
00a500b2
00a2008f
00eb008b
0082006c
00850076
00c5007f
00a1006f
007c008a
00770091
008b00a0
00a50080
0097008b
0086008d
00a6009e
007300aa
008a0093
00c1007e
007e0091
007e0096
00620096
0091008e
009100c8
008f00e8
0091008d
007d0085
00c2007e
006b0055
00ad0075
00980084
009200d1
00980081
0092009f
0078006d
00a7007e
00860062
007e0091
007400a0
0097009a
00820099
00990086
00a30077
00970084
00c000af
009800a1
007200a0
00930089
00830084
009d0086
007d0096
00870084
00710065
00870096
00b20086
00a700a9
00c0009f
009d008e
00b000a9
00950091
00a200a6
005900cf
006a007f
00960073
00760079
00750086
008b0095
0086007b
00960084
006a0099
00950097
00900074
00b900dd
00aa0089
00a600a6
00920091
007f005d
00910083
00700082
009300b9
00c00097
007d00b7
00bf007f
008a0096
0097008f
00720080
00da00cd
00a10083
00a900aa
00aa008e
008f00b1
009a00d5
006a007c
0093008a
007b007f
007f00b5
006d009d
008500a3
00b2007b
00960091
006c0092
00c20083
0099007a
009d0089
008e0088
009b0077
00aa00b6
008900a9
00a5008d
00c700ab
007700f9
008d0086
009f0083
0086008e
00950092
00810066
00790084
008a007a
00860087
007c0096
00a000ad
00be00a0
009b00a2
00af009b
0080012e
00870061
007f0081
00b90083
00e10099
00ce00b5
00bd00de
00b60076
00880063
006f008e
0066007b
008d0097
0095008e
00850082
008200a6
00a20097
00bf00c5
00980065
008700a1
0077008c
0093006d
00900099
00870080
008f009e
00870080
00820065
0099008f
008b009b
00b50076
006f00a6
008e0087
008f0082
006a006c
00930061
00860082
00720083
009f009f
009a00a3
00c000a6
00a10086
00a70085
008f00ae
009300b6
006e00a5
00a80096
00880095
00b7008c
0086008d
00a9005c
007e0099
007300a5
00860089
007900b6
00a300a5
00d20095
00710097
00a20093
00730079
0086007f
006b006f
00880076
006e0087
007e00c7
00a30092
00af0107
0064009d
007c0086
00aa00ab
010e009b
009f007b
00990098
009300b0
00590071
00a10078
009a0096
0069009b
00a1007b
007b00a1
0083006b
00a60075
00a7007d
0073006d
00b60095
00980096
00830086
00850095
00d2008c
00b90086
009a007e
00710078
008d0081
008000b8
009200b3
00910072
00be009d
00de00af
0082007c
008d0066
007d0077
007c009f
00de008f
008500b8
00920099
007b007f
0085007e
00870093
007f0093
00d0006f
0082007e
0092008a
008e00a8
00930073
008f0088
0075008e
00a300a3
00a500b0
00b80089
008c00a6
007d0092
00d00090
00800071
0093007b
00670097
00770091
00650076
0079004e
00690057
009d0061
00900096
00630080
00720087
0078007e
009d00b7
009a0077
008a0085
00c8007b
00970082
00890063
00ad009b
00b000b6
00980078
008900c2
008200b7
0095008e
00d100d5
00df00a3
010b00c7
00e000e0
01100101
00a600a9
013000e6
01590137
00870098
007f008d
009d0083
00ab0085
00a80075
00a6009a
00990071
007f0086
006d0071
006f00aa
009700ab
007b0079
00a200be
0096007f
007300b0
0073009f
00960065
00c50087
006d0079
00770089
007f0099
0096009d
007900ab
00960084
00810060
0067008a
0098007a
00b20097
008900c1
00880099
00930090
00bf006e
0083008f
00b20064
009100c0
00a700c2
00a000b3
00b2008b
00a200ae
008a0095
0077007f
00830071
0093009a
00a100b3
00f20089
009b009a
00800073
00620080
0071005e
00b6009d
009f00a7
007c008f
0098006b
0085009d
008a0062
006f0077
00aa0086
008600a7
007e006b
00700077
00a20079
00c200d1
009a00a3
008e009f
008f0077
00990062
00850072
00930091
00a80087
00a50083
00f6007b
008b009e
0079005e
00ad009d
009700c0
00c2009b
009700cb
007900b5
00d30091
00770083
00b2007c
006d00a5
007f00b8
00ad008a
0071006d
00a100b5
008300b2
008c0068
00760080
00710078
0062005e
00790087
008a0097
006f00a1
007e00a0
009f009b
008e00a2
00a6008d
006e0078
00b60081
00bd0095
00a800d2
008700af
008a00df
006d005d
00a9005e
00810081
00cb008a
00a20084
009e008d
00a000a2
007d00d2
009300df
00c30067
00920082
00970092
00b000c8
008600a3
007f00a6
009600be
00860075
00830099
007e006b
00a8009d
00d700b5
008c009f
00cd00af
0077008d
009e00b2
0065007d
00aa0091
00c70092
009500c3
00830071
009700a0
0082006e
008700b5
00960081
0085009f
00a80086
006a00c8
00880075
00840093
007b0085
008f00ba
0074006d
00980085
0073008f
0079006d
0064007f
00b0009d
008d007d
00980060
0076006a
009b0070
00b1008e
00910092
00810098
008e00a5
009f0093
009b0084
008c00d0
008d0079
006b006c
006f0076
009000aa
0082009e
0085009b
009b0066
008b0074
00b3008e
0081007e
007f0072
007d00a8
007e00be
008300a3
009b0086
00b90071
0087008e
00a000da
00c300a8
00b20081
00950089
00a700b9
00660069
00aa007e
005f00a6
005f009b
00a100af
0082006c
0071007d
0092006e
00a3007a
009d0067
00a2005e
00ba008a
00bd0098
009000a1
007b0096
00a70099
0065009e
006a0093
00f800cd
00a300b9
00b700a2
009600af
00a1008b
009b00a6
00b60053
0087007b
007d0063
00790068
00520087
00860072
005f0067
008c006e
00eb0117
00ca00be
00bf00c6
00c100c2
00c200c8
00b000c1
00ad00bb
00d000c1
0081007a
00920071
009f0081
008d00a3
007b0096
008b00b5
00a20089
00b6008d
006e0089
0072005c
00b2006e
009e009b
00980089
00900075
00870087
00760087
0091007d
0076007b
00740098
00b1006a
00950087
00a6007e
0083008e
008900ba
007f0096
0066007f
00ae007c
00750092
008f0086
00a700a1
00a100b5
00ea008f
0093009f
008e006f
008e0078
006900a5
006e00b1
0081009b
007a008a
00850071
007b00ba
009b0093
007700a2
008700ae
00b000a1
00ab0092
009a00a8
007e00ba
007e00cb
008b00a2
0083008f
006c006b
008a006f
008b0096
00a30092
0091007b
00690067
007a0087
00930076
006e0093
00b30092
009e009d
008b0079
00880099
00710092
00a50085
006000a7
00a20078
0081009a
009800a3
00980096
007500b8
0071006b
00910075
00870077
008f0087
007c0077
00b90087
00920095
00930088
006e0080
00a00059
00810066
008e0062
00700084
008f00af
007a007e
00930073
007b0073
009d00b2
008a0086
00810072
008400d8
00a1009a
009300a7
00ad00ae
009a0073
00850073
009500a6
009d0081
00a9009d
008500e0
007c0091
008d0077
00730059
007d007d
00c60071
00b30098
0079009a
00bb0095
0095008d
00a50095
00810096
00830061
008100c5
00ad008f
00b300cf
009a00af
007e0093
00df008f
009b00c6
00920070
008b0073
0066009b
0081009e
00a60070
00a300a0
00890074
006f006b
008f0077
008a0096
00af007f
007e007e
007b00cd
00aa0096
00990078
0089005a
0085006b
00cf008b
00a900b2
00c100a5
00890098
00bb008b
009f0096
0095005f
006a008d
007a007d
006300f2
00950071
00830070
0092006e
009d009b
00b20125
00a600a8
005700e3
00570087
006b006b
00540041
002c004b
005f0050
0071006b
009b0083
0077007b
00850082
008900b6
007f0099
007e007e
00c90083
0096007f
0082007b
0075007b
00900073
00740093
008b009a
007a007e
009d0097
00500085
006a007c
02150082
0097009e
008b008f
00690098
0069008e
00850087
007a0086
00760061
00a30092
009800b2
00930085
008e0089
009800a2
0095008f
00890095
00b5006d
009600d0
00a000bd
007c00a6
00ad0089
009f00a0
00aa0096
0091007f
008e006d
0084007a
006d0083
00920089
005d0092
008d008f
00a1009d
009700b5
007e0075
008d0068
008b00b2
00b00099
00960097
00e60090
00cb010f
008a006f
008d007a
007f009d
00a3009f
00ba007b
00b900a5
00840082
009d008f
00a000c9
006d005d
00a70092
0081009b
0077009f
007c0096
008d0077
008b008f
00720064
0070006f
00680086
008b00c9
009b0093
007600b5
00a9008f
00a2007a
00710095
00730073
006a007b
005e005d
008d0095
009a00ba
00ad0075
00860071
00ab0092
00b3009a
008300bd
00a10098
009e0097
00d700a6
00cd00a8
007e00a6
005e0098
00850078
0086009e
008800aa
007a009e
00820086
009200a3
00a1007b
00a200d2
00960086
009d0083
00a1008e
00be007c
00b500af
00b200ca
00b0008a
0085008f
0060007a
00bd008c
00a500a1
0086008e
00760096
00850084
00910087
0071009f
00890083
008f009e
0085007e
00bb00b1
00a6008d
0087009a
00c100a5
00780083
00910085
00920079
0070009d
007d008e
008e00c7
0083008e
0081008a
0076009b
00930070
00730075
00730089
006300a8
00850089
0079006d
00a20097
00a5005f
007a005b
00830073
00900081
00970079
008f0083
00b10081
00df0093
007a00c0
007b0093
00ab0089
007d0073
008b00c7
00a60089
00a200b1
008e00df
0069008b
00980072
009b007d
009600a1
006b0078
00920095
00790098
00760091
007e006e
007f0085
00ae00d3
00be00a5
00ce00a6
00a600aa
00e6009e
007e00ad
007d0096
00800086
009a007f
007600a5
00760098
00910092
0073008f
009900a6
00c10089
00b600c1
00d700d5
00b300d5
00d700c0
00bf00e7
00d30100
00e000e9
00970082
00ab0059
00af009b
0079008f
006d0080
00c6009a
008c0087
00b000a7
008b007b
006d0079
008f0096
00b3008f
008600a2
007e0085
008a0071
00880071
00b300c5
00ab0092
00a000b6
008d009e
00800098
00fd00a6
008500b8
008d00a6
00d30089
00b1006d
00a80092
008700a9
00a900b5
00b5009d
00ae00b7
00a00092
00890088
0067008e
00ba00a1
007900e8
00ae00a2
00760071
0088009f
009d0079
00650052
0090008a
00b500b3
00eb00aa
00950085
008e0073
008a00a8
009700a8
00730079
00b60062
00b0009f
00d3009d
00a50080
00830088
007c00a3
0093007a
00930092
00bb00be
00870091
008b007e
007d0098
00af0069
00a0008f
0097010f
008900b9
00a500be
008b009b
008f008d
009300ae
00ca0093
009900b1
00b000aa
008600d2
0092006c
00ba007a
00ad00be
00a900d2
008c00a5
00dd00ad
00a1008b
00770077
00ad00a9
009300a5
009000d7
008000a6
009a0075
00ae00aa
009b007f
005a0086
0073006f
0090009d
009a009e
00a2008b
007c00a8
00770092
00900088
00980072
007d0080
00b00085
00b500a6
009200db
008100c6
00b600a2
008000ae
008f006b
00950087
00850079
00e00090
0075008f
00c2008e
00a6008b
00b3006d
0070008b
0086006c
008a006f
00a0008f
0095009e
00eb0071
00890075
008d0086
00d500a0
008200e3
006b00bd
00a90090
008f00a0
00b60092
00a100ce
007e0075
00970081
0098005b
00ab0069
00ae00a2
009500a1
00920095
00b5007f
009900c0
00ab009f
00910081
00730079
00760083
0086007c
00c90095
008d0069
00af00ab
007e007b
00a30082
0099009d
008c00b3
00d60098
00ca009e
00d7007b
00be00b8
008b0071
0075007b
0087009f
007c0097
008000b3
009900a0
009600a1
008e00a8
007e00ca
00aa0062
008a009d
00ba00aa
00f100a2
0082007e
00b20079
0086008a
008a00a2
008b0065
00640086
007b0073
009a0082
007a009e
009a0086
009100a6
00b20127
010300c9
0092008f
008c0060
00870065
00910072
009f0078
00b0009b
0063004f
00810071
00a70070
0095009e
008e0086
00b900c1
007a00ab
00960073
0093007b
0082007e
0099008a
00c0007b
007700a1
00800096
00910085
009700cb
0076006a
008d00c2
00b3006f
008a0086
0077008f
009f0080
00a90083
006f00a7
00b600b3
00b6011b
00f100f6
00bd00ef
00ed00ee
00f600e9
00df00de
00b100c9
0092009b
00a0006d
009b00b0
00950102
00a00083
009e00a6
00db0099
0087009e
00b6012e
0089005d
005d0077
00930072
0086005c
006600a5
0075007b
008b008b
00810069
0086006d
007f00b2
009900ad
009a009f
00690095
00900089
007200a6
008d0066
007800a1
0083008a
00670052
006a0075
007f007a
0063007f
008e0061
008d0072
008e009e
009d0093
006c008b
00ba0091
0073009f
007e008e
009000a5
00b700b8
0086008a
007d007f
0066008f
00b30079
0085007f
00760087
0092007e
0072007b
0085008f
00810082
006e009d
00b00084
0089007e
0082008b
00b50089
00bd0088
00b0007c
00800090
007b0070
00960092
007b0087
007d0073
00790097
00c90071
00a00083
008c0076
00a200b3
00b200b9
00cf00dd
008d009a
00bb00be
00f600f2
01110106
00c700cf
00a600e2
00d000cd
00c900de
01010117
00c500d7
00620072
00930093
00a200a1
00b70085
00bf007b
00710091
00920097
009e0097
00760062
009a0085
007e0099
009f009f
008a0081
00a0009a
0060008d
00af0084
007e0088
0066007f
009f00bd
00cd00d6
007b0078
00cf0084
00a90099
0086008f
007c0091
005e00d1
0097007b
005d0066
0089007a
00d7006f
008e0098
007f0087
00810079
009d00b0
00a0008f
00a700aa
007e00a3
009b008b
008d00ca
00ad008f
0083008e
00950081
007d0095
00a70083
00850088
00a20079
007b009d
009500ab
00f100b6
00750086
006a008e
008b00a5
009d008d
00a90093
00720081
008e0083
00860055
00780076
009e0086
008900ae
00fb008c
007d0121
00cd00ca
00b0008e
009d0076
00af007f
00c3009a
00a20095
007f00a3
00920091
00a50098
008f009d
00810070
00870096
008b008c
00c00077
00990095
0098009a
007300be
00d300aa
00900072
00a50070
00760097
00a7009a
008200be
008f00c6
00a700ab
009d008e
00a10075
008d005b
007e007d
00a6006b
007e0092
00a30085
007c009e
00730097
00730056
006a007d
008a0061
00700071
006b0071
0066008c
00750066
006e007c
009200fd
00b00095
007d00ce
009d006d
007500c9
00820093
007d009a
00910097
00a90090
005f0082
00970088
00640083
0093007e
008e007e
00a6008e
008e0090
006d0078
006f0069
009900d3
00c7009d
00970086
00b100a5
009500b5
007e0079
00650071
006b0056
00600096
0096008f
0081007d
00820082
007f0085
00990091
007d0067
008b009e
008e0089
00760073
008a00c0
006d009f
008d0082
007b0097
0072008f
00b100a3
009a007d
00910099
008f0088
00a90073
00810086
009200a3
00a800c9
00740073
0091006b
0062008b
0077009a
007b0082
008f0090
00850097
008a0083
00820063
0076008a
00850078
00830084
007c008b
009f0095
00a700ab
00da01f2
00ef00ab
008a007d
0057007d
005a0073
0095006f
008100a1
00a300ce
00840077
0095007e
007500aa
0063007e
0078007a
008c009d
007c0092
007e0071
00910067
00a7008a
009a008a
00860097
00970088
0096008a
00650083
007500bf
00a60096
009e0081
00810092
008700c7
00780087
00a9008a
00710086
00820082
00a30069
00c20088
01270086
009900b3
008e0078
009a00a6
00b700a2
00b50091
0053005d
00a10071
009600ba
00750073
0079009f
007e0086
00880093
00ab0088
00a900a0
007d005a
00ab00a6
007d007b
007c00c8
00980086
0097006a
007c0093
00740097
0091008a
00b200a7
0091008c
009800aa
0083009a
00a60091
006e009f
00840071
0092007d
0085009e
00a200bd
00a60099
009700d6
0099008e
00af00bd
00b0009a
00a2007b
0086008c
008e0077
0084007d
0098007b
00910093
008e0077
007d006b
008a006d
00ab0082
00ae00ab
0098009b
009e00a5
009800b2
008a009b
009f00aa
00990081
00c60073
00b2009d
0080008f
00990068
006900b3
009800a8
009800b1
00830085
00c000de
00c80092
00aa0082
00790097
00b50093
00930086
00aa007b
00a500ad
00b20092
00910098
00d500c0
008b007b
00a00081
009a00d1
00730083
007d0097
00740071
00a10099
008d0091
0081007a
0088008b
00b8008f
007e007e
00810068
00990071
008900aa
007700b5
00ce00a3
008f00a3
007400b8
0095007d
0083005d
0073005d
00820091
008e009a
00830085
008f009f
008b008b
00cf0072
008f00a3
00b9008f
00ae00af
00ad0089
00ae00a2
00830092
007600a8
00a100a2
008d0098
00ca00e1
00ad0083
008c007b
008d0083
009a00bd
00b8009b
008300c9
00920072
009a009b
007700ad
0092007d
00c60082
008100fb
009f0080
007f0099
005b007d
008d006d
0064006e
00870077
00ba0084
009d00b1
00ba008e
00870073
00be007a
0083006b
008200a0
00820069
008d008d
009a006e
0086009e
008700bb
00a10087
007900b7
00a600a3
0096009a
0087007b
0080009d
006b0088
00ba006c
0097005e
00930081
006d00b3
00a600b2
0098007d
007d00b1
00a900a0
00c50083
00950075
007b007c
0073006e
008b0068
008e0083
00a6007b
00720090
0097005b
00a10072
007a007f
007c00ab
00870091
00800073
00800085
006c009a
009b008a
008d0090
00870083
00b70087
0074008a
00950082
009000b8
00890080
00770082
00870087
00b10087
0062008f
008d0092
00900084
0093007a
00930072
0083005f
0086006f
009b00c7
00d600a9
00ad0090
00b20085
008d00b9
008a008f
00910061
006f0065
00970076
0076007a
00700086
00920065
0086008e
008d0085
0077009b
00870086
006a008b
006b0077
0075005a
006f0095
0082007f
00930098
009f0065
0076008d
009f0086
00a7009a
008d007a
009b00ba
00a60059
007e0082
009d0063
006f00af
005e00b8
008e00a9
00980085
00990084
00a2007a
00920077
00920093
007d008a
009200a2
00890095
00b800c5
00ab009b
00870087
00ba00a5
008a0073
00ad0092
009e009e
00a2008f
007a0079
006b0086
00a600aa
00930098
00700057
00860092
00830087
0090008a
009e0098
008a009e
008200b8
007e0096
008d0075
00b70089
00a5006e
00a10092
0086006d
009b00c1
008a0089
00a900b2
00a900af
008e00a2
00830086
0099009b
006c009b
009a0093
00a50079
00f3009a
007200a0
00950073
00a300d2
00b300b8
00d200e0
00750099
00b300b6
00b10084
009f0059
00980084
007e0082
00ca00bb
009000ad
00570084
007300a6
009a0088
009e0082
00d80071
0092008b
009d00a8
00aa00b0
008b00ce
00ae00c0
00a5008a
008e009a
008500b2
00b90098
00b3008c
009a009b
00760073
007f007f
0099007a
00b3008a
008400b6
00a6006e
00a8007a
00840092
00790066
007c00c7
00a2008e
006e007a
00a80065
00cf008b
00690097
00720072
009700a2
0092007b
00720090
008300a2
008a0089
006e006a
007800ad
00720064
00880080
009200aa
009b009f
0090007b
0066009f
0099007f
0095008c
008a0082
008b0087
00740080
00a1007b
00a00077
00a300a6
0098005d
007b008f
00a30087
0097008b
00970099
00d800b8
007f00b9
0073007d
00a60092
0065009f
0095007a
006500b2
006f0087
008900ae
006b0047
007300c2
0079008c
006a0090
007c00b3
0083009f
007e0086
009f0095
008700b0
006200b6
0073009d
00770083
0092009a
008c0071
00a50082
0079008e
007b006c
008a00bd
00790079
00a5008d
008a0092
00730081
007c00a3
008000b3
006f00c9
0076008b
006d0067
006d005e
007c007c
00740082
009b006a
00b60081
00780078
00e30071
007f0159
00920087
00840089
007500af
00860095
007e0063
00690065
008b007d
0082008e
00d20078
00a7007e
008600ad
00c2009e
00b800a5
009d0092
00730076
00a1006f
00930083
006a0071
0080008d
008e00a9
0096008f
007f0072
00a2004d
009f009d
009600c1
00c000c8
008300bb
00a500a3
00c600d1
006d00b7
0095009e
00a5007b
00970083
009500b0
007e008a
00af009a
007f00a3
0097005f
009d008b
00a30097
0077010a
006e008a
006d008e
0089009b
00840096
00980065
0082007a
00820087
009d008b
00b8008d
00850087
009200bd
00730089
007d0096
008d0085
006a008e
0075005a
00560087
007e0079
00970088
00b100a0
006b0069
00790079
006b008d
00870091
0076006a
00750067
00b60071
00870090
0076006b
0098007a
007b008b
00b000d0
009e00ad
009b0098
00800081
00aa0090
0072006b
0073007e
00c00091
00c800b3
009e00bf
008e00a0
00730093
0095007b
007a0097
00790073
00a80096
00a70073
009500c3
00950082
00860097
008d00a7
0090006e
008b006a
006e0099
00950080
008500af
00910095
0089007e
007e00a1
007e006b
008d006e
00a20081
00820088
0090008e
0095008b
00a500a8
00990098
008e006b
00b1008a
00820099
00810083
009f009b
00af00a7
00910091
00980092
00c100b9
00c70057
00980067
00830062
00ae00a7
009a00a7
00970095
008f008b
007e005a
00840097
009300ca
00770089
008f00a2
009e0082
00990083
00930067
0076007a
00620091
0097009f
0083006b
00b0007d
0081008f
00bd0093
00a30093
008a007e
0077007d
00a8007c
008700ab
00b600b3
0084009d
005d00c1
0087009f
00ad00a8
00920096
00870063
0085006b
0077008f
007a008b
009200b9
008a0091
00970076
009a0099
00ab0093
00900081
009d009f
008100a5
009600af
00a200a9
00820063
008e0091
00a900a7
007e008d
00af0073
00910091
008d007d
008b00a1
00a3008b
00ce0088
00740066
009300b7
007f00b2
0085008a
00720073
007b009d
00650083
00a10091
008f007b
00ad0076
00b30099
008a0086
00a10072
009f009b
00ce00d0
006e008b
009300a2
0087006a
009a0085
00a200ab
00bb00a6
008700b9
00950067
0085006b
007f0076
00730089
00920082
008f0092
0063009e
0079008c
0078006f
00a60061
00a50069
009e008a
008a00a5
008800b0
0086008e
007a0082
008f0063
00af006a
00800089
00aa00a7
008b00ab
008800b5
00ce008c
00690085
0086009b
00ae00b0
00920077
00a3007f
007b0081
00af0081
00a60088
008d00ca
007d0053
00b6006f
007e007a
009800ba
00920081
00a000ae
00860093
0092008d
00630053
008e008b
0087007a
008e009d
00810073
0071007b
0086008d
00a3009b
00880095
00c00081
00a200e7
008700a1
0079006b
00b200ab
00c900a6
00da00d8
00800066
00a60061
00a50087
008e0083
008100a8
00850096
009b00b9
00890089
00a00080
008e0074
00a10079
00960093
00920088
00db0093
00930078
00920079
00d100ca
00e60091
008600cf
00af00c9
00ae0097
00b600db
00ad00ba
00d5008a
0091008b
0067007f
00ae00bb
008800a0
00a600ad
00a700b2
0085008e
00b10076
00a900a2
006e0074
00b80062
009500b1
008b00ea
00ad009a
00a000a7
008e0089
0095007b
009b0081
008c00a8
00980073
008400a7
005a0097
009a00a5
009b007b
00a3015e
007a00e5
00620098
009f00c2
007b006f
008c008f
00750091
0083008d
008f00aa
005a0077
006b008b
0076005b
0093007e
0063008e
00740073
007a00ae
008e005e
008100ae
009b007b
00a0008e
007c0096
00ba0084
007a00a3
00870079
00820051
00830088
008e00c9
008c007d
0066007d
008b008d
009200b0
00b30087
0092006b
009200ba
009d007a
00a0006b
0093007e
0093008d
009300ab
0085008c
00c9008d
009800ca
00930075
00990097
00a700cf
008d0084
00920099
00cf008a
00b600f6
0072008d
00950060
006400af
009100a2
00a60082
00aa00d0
008a0084
0096010a
00e9006b
00730079
008a0064
00620087
00790060
008400ba
008f006d
0063008d
00670077
007f0099
007f007b
00630095
008300c7
00ad007a
00890072
00690076
007600a2
00930077
00cb00b6
008a00a3
00a200a3
007e00a5
00b2006f
00610079
00920092
007f005f
007700be
00c80074
009700a5
008f0097
009100a2
008e0069
007f00a9
0099008c
00a50076
008800e2
007b008f
00dd0093
00ab0079
008600c3
009e007e
00ae008f
007e009d
00980063
00a9008f
00b20078
009a008d
0097007b
008c0073
0080006f
0087007e
009300a6
007d00a8
00850072
006b0081
0081005c
006e0072
00990075
00a8007c
0063008a
00af006a
008100b3
0070008e
00d10127
00f00093
005f00ce
015b0081
00b0005a
007d0060
008300a0
00750080
009a005e
00da00a2
00750087
009b0074
006d0092
00880087
008b006b
00670069
00810064
00790080
00860087
00850087
008e0072
00a800b7
008a0086
008700a1
0093007b
00950075
00b700b5
009e00a1
008700a9
008e009f
006f0089
010d009b
007d0092
007e008e
009d0095
00830097
008900af
007f0077
00950092
007e008c
0082005f
0086008c
00c2008c
00920097
00a300a8
00ad009e
009100a8
00770082
0077005a
009f006e
008f00be
0092008c
007b00ba
008b008d
009300b1
00c70080
00800072
00910055
00c800ad
00a0007e
00970083
00c700ad
00a800c1
008f009a
00c50083
008a00ae
00a60073
00ba00b3
0097009a
008a00a6
00880092
00a30079
0096007d
00a30099
00a30067
006f009f
00980079
007100ab
00790098
007d0077
00b1007f
00760092
008a0073
0089007e
00b900af
008700a0
00b10095
0095007d
00790092
009a008d
009300c0
008400fa
00a70086
009b0086
00b5008f
00850072
0093007a
00ae006f
00ba00b9
006f008c
00c1008f
00ab0081
00a3007f
0086006b
00920089
0087007c
007d007b
00a5009e
00c500a2
00bf0098
00ca00b8
009900a1
006d006a
006e008c
00570072
008f0063
006a004e
004a005e
006b0092
0077007d
00650081
006a0093
009f006a
00a300a5
00d90095
009e0081
00850085
00a500b5
00900082
009b0076
0090008b
008e0085
00a600d8
00b30095
00d50087
00910096
00570081
00b100ce
00f7008b
007e00a5
006200ae
007e0095
009300cf
007d0079
00910097
0069007c
00a00073
008f0066
00740079
007f0096
00be006a
00950073
00a9007b
00820062
00ae0073
00af00a1
009600ca
008f0095
008600a9
00a30084
00880077
00b0009d
00820073
007a0096
006a00a6
00950081
007a009a
00770091
007e007a
00a70084
00920086
0095006d
00a9007b
007f00a2
008a0077
007e006f
00910040
00b7006c
00ae0071
008f007a
0099007a
008b0060
00910081
00650083
0073007d
00840063
009e008f
00d60096
009600a3
009700c5
00880089
00740086
00ae008d
008f00ae
007b0093
008b0051
00590073
0056005c
006f0052
004e005a
007d0092
009a0083
008b0074
00a3009d
00a3007e
00c3008e
00a1008c
008e0078
00ae0069
0095007f
00660099
00a60084
006e007b
008e0077
008b0085
00a5006a
00bb0084
0083008f
00c10098
00cd0071
0071008c
008c00c0
0078008d
006b0097
00a200cd
00690073
00950077
0068007a
009d0095
00760073
006e0063
00750073
00810086
0086007f
006b0086
00870093
008b009d
00690092
00790087
007a00b3
006e0059
00930076
00920085
0085009f
00b6008a
007a008e
00b200ab
00b1007b
009f00ad
00730072
008100d6
00970099
009d0096
00ca008f
00a10098
00e600a9
00800096
00820096
005f0063
00630068
0078007a
007f0098
0075007b
00620073
00b100cb
00ae00b7
00d10087
00b300a6
00a700b0
0090007e
0098008d
00e7009e
00be00b2
00740069
00980101
006c006b
0066006c
007a008e
00870098
00790088
009300b3
00910073
00820070
006e0097
007600c1
00850075
008b0076
00ab00a3
00900080
0066009a
007300a0
0082008c
005d008e
00a90077
008100a1
009900b9
00760097
00750077
00770075
0080007e
00810086
009e00b7
007e0088
007600b5
0067005f
006e0078
00860057
007d0088
008a00a8
00780073
00a5009a
0092007a
00870063
00b50081
009a009d
00cb008d
00b100ce
00d000dd
00850082
00c6007f
007b007b
008a0071
008e008d
006d0093
00b30073
00990096
008b0069
007b00a0
00b1006c
00a10078
00b0008b
006f007c
009d00ae
0093008e
00b200c0
007f0090
008e0080
00a100a5
008b007f
00990098
00b10082
00770103
008d0082
008f0066
00930079
006f0080
007f006f
0092007b
00760082
008c0085
0086008e
009e0076
007b008d
00830084
00c6007b
009a0081
009e0099
008700b7
009d008b
006e0083
006e007d
00820095
009f009e
007600a3
00c90091
00920084
008b0096
00ab00a9
00830080
008f00a9
00c800c2
0090006e
00840085
008600bd
00a30074
00aa008c
00a500c5
0074007b
007b0086
0081009f
008b00a1
006d007d
00970079
007c006d
007e007c
007e0076
0098006a
009b00aa
0086009b
00b00095
0090008c
008100ca
00a9007b
009200c9
00a30098
00870088
0074008b
009200a9
00710087
0086009a
008b007a
0091007b
00930098
0095009b
007e00a2
00950082
0097008f
009800b5
00850097
00610055
00a0008a
00800090
007400b0
00850076
008900a6
00c800aa
00b00073
0079007e
007f0090
00770082
006f0079
006e007d
00b50089
007c0093
00980077
00710066
009f0081
008b0096
007f007e
0071008b
00690089
0097008f
00970069
00920058
009700b8
009000a3
00c500a0
00c2008e
008f009f
00a80095
0097007a
009a008d
008a0077
006100a9
0077008a
00ae0078
0086008b
006f0075
00820075
006f0098
00760092
00910089
00ae0096
008f007f
00a3009b
00850083
0071006b
00820066
0073008d
00a30083
0095008d
008e0088
00bf0099
00a700af
0081006c
00770091
008f008a
00b0008b
0070008c
00cb0079
008900ad
00850063
01450177
00ca00ee
010600bb
00c500f8
00de00c7
00b700cd
00f70101
010e0108
008a008b
006e0078
00b10079
00d200ad
00920099
0096009d
009a00ba
00cd00a2
008300b7
007500c8
007900d6
00a3008f
008a00b7
007a00b0
007e008b
0072007d
00850083
007a0075
00bd007a
0086007e
008500c6
008700b5
00ad0095
00ad008c
00990076
006d0075
0063005d
0086008f
00a900cd
0086006f
006a00bb
009900a6
006f0075
00810088
009d0082
00980073
00ba0090
006a0088
00710085
0079008b
006b006d
0075009b
00890097
009a0097
007f0075
00730079
007a0065
009700a2
008c0083
00810077
009e00a5
0073007b
007800ab
00670097
00840071
008700c1
009b0077
007e0067
007600a6
008b009f
00a70098
00a00091
008d0070
007700a6
00760063
00760089
008a0093
00b5009e
00630095
008c00a8
008c0069
00a5008b
008a00a1
0084008e
00b000a6
00c000a1
009f00b2
009d0085
00c500a0
008700a8
00870078
008d0079
009d0063
008e0082
008f0090
008300a3
00b50118
0086009b
0085007b
00850086
00a30079
00a70097
008400a9
00a30078
0095008d
00a10091
00a00086
008c006a
00a10077
00b100c0
00bd0086
009500c9
00a1006e
009a0083
0071008d
006f009a
007f0083
00790085
00730093
005f0083
00830098
00820097
00a50080
007c0079
009300e7
00b80089
00c800ab
00aa00a6
00960095
009e00c1
007b007f
00790084
0081007d
007b008f
008a00a9
00c200a8
008f0091
0087008f
00680091
008500b5
008b007d
009800a0
00bd00b1
00b8006e
00a10098
008e0092
007a0065
0084007d
00870080
00950065
00a20079
0079007a
00790067
008d008a
00cb00a0
00720086
0085007a
007b00c6
0082007b
0066008a
00910099
0085007b
009d007d
0085006d
007b0075
00c3008f
00a300a9
007f00c7
0091009e
008a0095
0087005c
00a3005b
009a009a
0081006f
00a2008d
00950072
00ad00cd
0098006d
00810091
009f0070
00860072
008a00ae
008d0091
009f0067
0089008d
006b0095
00b7007a
00cf007e
00900086
00c3008b
0075009d
008f00cd
00bf0080
00a500a0
00c30061
007d0092
007b0091
00a000b6
00cd008f
009500c5
00ea00b7
00b30077
007e0096
008400a3
009300ad
00b20098
009800d5
00610089
008f008e
007c0083
00bf00a0
007b007e
00920061
00870083
00a200a1
0065008a
00750091
0077007a
007b0090
00b600a7
009100ae
00790085
007400a3
0082008a
008900a8
00a200b2
00930092
007f0087
008b00a0
00b20092
009700a2
009a008c
00980083
00c600a3
007d0084
00820079
00af00af
009a00a9
009500be
00ad009d
0097007e
00af0089
0086006a
0057006d
00c30071
009500bd
008f0097
008e0089
00850090
00a300b9
0087006b
00b60069
00910082
00b10080
009e00cd
009200a7
0074006f
00a9006d
00cb0065
00af0095
00980076
009200c2
0089008e
00b200bd
007700d7
009700a2
00aa009d
008a008a
008f0080
007e00a5
006700bd
008e00aa
00a0008a
00ae00af
00b8008d
00b7006e
007e0073
009e0092
007a0063
008200a8
007b0089
00780093
0069008e
00860091
006b00b6
00ae00b9
0072008b
0086008f
009f00ff
007200a8
008e0085
0097007e
007f009a
009500a6
009e007d
00ab008b
00910096
00920095
00bb0055
009300cb
005a00aa
00880072
007e0095
007d006b
006f0061
007d00c0
00710079
00800095
00b0008d
009b008d
008f00ad
007b009a
00af008e
008100a1
00a0007b
00740076
007a00ae
00b50098
008a009a
00850082
00880092
006b0081
005f008f
00af008b
00c000aa
00840097
00a3007f
008d00bf
00a1007f
007900a6
00ad00c2
0079007b
009d00ba
00950081
00730090
00900085
00b80091
0099009e
006f0071
0091004f
00820072
00760083
0073007f
007a009d
007c0098
008c0081
007d0058
0091007f
00b00095
00a1008d
009200af
009000a7
007f009d
008b00a3
00760098
007d0069
007d006d
007b00a5
00950079
00830078
007d008e
00970087
0079006a
00610061
006f007c
006e0070
009d0098
0075007d
00a700a8
008f0083
00d80068
00820067
0069008c
009800bb
008d0095
00b200aa
0112009f
00900092
0089008d
00770075
009b0076
0081008d
009800a3
009500a8
009b00c2
0088008d
00b00072
009f0077
00770067
00990070
00a80076
009e00ad
00860098
008d00b8
008f0075
006c007d
00920099
009600b3
007d0095
00d10092
00de00bd
00b500a9
008b0068
007600b3
0085007c
009a008a
00a80079
00960077
006f00ae
009900ab
0099004f
00a000d7
006f00f0
0076005d
0062006e
0096007f
00690086
00810071
008e00a2
0082008b
007b009e
0075006d
006c006f
00700067
008e0076
009d006e
006a0059
009f006e
00a30096
00a100c2
00b80100
00b000d9
006d00bf
00c30085
008f00ab
007100b3
008b00b0
006f0093
00c10072
009500a0
009d00cf
009d008d
00b00095
00ab0093
008b007e
00860093
008700a0
006f008a
008f0099
00960090
007e0087
007400a0
00a200d1
00860068
00770083
00aa008d
00810083
00a60099
00770061
00ab00ba
00910084
00b200b0
00ba009a
00d600a2
0073008b
008e00a0
0098008a
00a5006a
0093007f
00a50080
00b00097
007c0083
008f00bb
00920097
0082005e
009e0077
00a600a3
00d000b3
00bf009b
00850078
0085007a
009a00ab
007f009d
0079007c
009a00a0
008b00c5
00bd008c
00810071
00a300b8
00960093
00790087
0087008c
00a300c0
008f00c1
009f00b0
007f00a0
00cb0070
00a50091
00650066
008d006a
008a0067
009300b6
008a00bb
008e0081
007c0084
008100a8
00bb0091
008d00cd
007e0073
008f007d
007a007a
00790075
009a0085
0096009a
00fd00bd
00b800c8
01490116
00fe00e1
00e700ce
011f00ef
0130011f
01050101
007e0082
0093007e
0085008f
00b600b6
007600b6
0087007b
007500c6
009b00b7
007b0092
00950077
008000b3
0086007c
009d0076
00860099
0092007d
007400ba
00bb006f
005500b1
007f0096
00b60098
009b0081
0076007a
00b300a1
00a00095
00560083
0080005c
00620091
00910099
00730091
00b10081
009600a1
00b7007d
00870092
00630077
00da008b
00ad0090
00a500b0
00990087
00910092
006f006a
00800098
00980076
00bd00d7
008000c6
00b1008a
009d00b7
00970076
00c500a2
008e006e
008b0060
008600c0
0072007f
0072007b
0088009e
00900087
008e00a6
009b0083
00a100a8
00820098
00770089
0098009d
00970085
00a100bf
009d008d
006c0062
009f006e
008d007b
00aa008a
00cf00ad
0081006d
00920088
0086008b
007f007b
008e00a8
00950096
009000c9
0084008b
0087007b
0079006c
008d00a1
00860072
009d0089
0095007e
009a008d
0098008a
007e00b6
009d007a
00700093
009a00a7
009d00a7
0097009d
009e006f
006d00c1
009700a6
009300b6
00a20096
0065007b
006600b7
00a0007f
00690083
008e0072
0080008b
00b0007b
009500a3
0083008b
00970073
00980097
00ad0087
00a800b8
009e00a7
00ab008f
00870090
00990064
00ca0074
00cb0097
008e00aa
008b008a
00a9008d
00870098
0091007a
0082007e
009500a6
00af008b
0087009f
009600b8
00c6007d
0088009a
00e70087
008d0082
008c0085
00b900a2
009d0083
008d008d
00770096
008b00b1
007b00a6
009f0087
0097007b
007c009f
0087009a
008600c9
0082009d
007200f2
00b5008e
008f00aa
007700b3
00a1008b
00ad0092
00b60076
00960096
00820087
0092007d
005f0054
00820067
00a90075
0092008a
00a70089
00900093
00960097
008d0096
00690051
006f0067
00810057
00810075
008900aa
00a50073
007d007a
00890066
008b0075
00a200c0
0078007e
007b007c
00b600a0
007b0096
008600a3
007d0079
00b60092
00ae0076
009a007a
0083007a
00d90077
00820078
00b00092
00830087
009d0092
00960085
00850086
00930083
00b20086
00a60079
00cb00b1
00720079
00760093
0085006f
0083007f
006e0061
00690079
007600a6
009d009f
006e0073
007c008d
00ae006b
00a60071
00bf008c
009f0093
008f00ad
00a50089
009000aa
00600072
00a2007d
007f0072
00690066
0074007f
00b10086
00690084
0067007e
006d0070
006f0088
0081007d
00880089
006e007b
00930095
007d0079
006a00a1
007b005e
008c0070
006e005c
00830076
0088007d
00d3007e
009500ad
007b0083
00af0086
009a007c
00b200aa
008e0082
00850083
009200b3
007c0077
00ab007d
0085005e
006b0056
00910083
00a9009e
00b700ab
0075008b
00ab008a
006e0070
0096006c
00d10089
00be0096
00860085
009e0095
009500cb
008600a0
00e10092
0070007a
00860076
00b50081
00c8009f
008c0095
008c00a1
0085009d
00b6008e
007e0089
0067006f
007d0061
0066007c
00810059
00a20075
008a005f
007e0091
009300b0
0081007a
008000ad
0082008d
006200a9
00920089
007e007d
007500ad
006e0061
0065007b
00a3008b
008c007a
007f0086
00870075
006b008f
0076007d
00930066
00a3006d
008a007e
009a007f
006700c1
007700a3
0092007a
0086006a
0070007d
008b0087
00840099
007300b2
008b0081
00900079
0061008b
0092008d
00840089
00ba0074
009300ab
007000db
009700b1
00920081
008e00a0
00bf00b0
0076009a
00970072
00a5008e
0089009a
008f009b
008600a0
009600a6
008b00a7
00990085
0088008a
009600c0
00a200a1
0095008b
00a000aa
0071007d
00a30083
007d006c
00dd006e
00c8008f
00bf007e
008d00c7
008a00da
00a700b7
009300b0
006a0079
0090008d
00710066
008a0084
00aa0096
00ad009d
00780065
00950099
00ab019b
009200b3
00980077
00cb0069
00b6008d
00a8009a
00af0084
008a009d
00a80066
006b0087
00f70071
00830099
00a60098
00ea009f
00ae008f
00a70097
0075006d
00820061
00ba006d
00a10092
00b80080
00900099
00870092
009100a1
00b000f2
0072008d
00630063
0097006b
0079005f
006b007f
00810086
006f00b3
0083007b
006e009d
0072007f
00ab0082
00af00a5
008f0076
008600d6
009a008c
00b0008e
00cd00a7
0086007f
00850089
00d50097
00910077
00a8009d
00d900b2
006e009e
00a60062
009100b3
008e0092
00820096
009b0082
0072007d
008d00ad
00770073
00930070
00810093
00ab00a0
00b600be
00d500ad
008e007b
00820096
0066006b
00a0005e
009b0080
009a007f
006b009d
008800a0
007e0082
008d0072
00900086
007a0069
0092007b
0092008a
008500a6
00ad008e
00860092
008f0079
00910069
0062005f
006d008f
009a0099
007b0072
00aa0076
0077007a
0099008a
0093008e
00aa005f
009d0071
009900a2
0081008a
00ae009f
00a60091
009300be
00790086
0074007a
009700a0
009900a0
0079007c
00850081
00a30073
008a0090
00db00d1
00910073
00b30084
007e00a3
00da007d
00900083
0098007d
00a300ae
00ca008d
00750059
006e008b
008d0093
00af00cb
00710089
008b0071
008d00ab
00be00ce
00c300ca
00dd00de
00da00aa
00ad00d1
00dd00c6
00f800f9
01590137
00de008a
007d0085
008a007b
007900c5
009500a8
009e0071
009100b7
008b006e
00770099
00ae00cd
00720073
00af006a
006b006e
00730063
008f0081
00740081
00820066
00a50067
007a008b
0075008f
007a009e
007a008e
0091007b
00a6009f
008a0083
006a005a
00620085
009900b5
00830095
00dd0087
00b3007d
00870096
006f0088
00780071
007e00a5
00cd0093
00ab008f
008e007e
00a6008b
006900be
0083004d
009e009a
0095007d
008f00c8
00a50082
008300d2
00860080
008a008b
007a0067
00740073
008b00a6
0085009d
00a60099
00b80095
00810089
008d0084
00710059
008e0065
00c0005f
00930076
0067009d
009a0080
00740067
00830076
0086005a
0081006a
008d0078
009f0091
007800a5
01120089
00c700a2
00700085
008800ad
00730067
00960095
0072008d
0089008b
008e0097
00a200ae
009a008d
007e00a8
009200a7
009d0091
0071008f
007800c0
009a009a
00a1007b
012500ae
00b2007b
007f009a
008e0077
00980093
00ba0077
009d007b
0092008c
009b0096
00690071
00ba00a8
00840093
008d00b6
00b200b2
008b00ab
00760086
008d0096
00810069
00810082
0086008d
00d00086
008b0093
00b1009b
00d10091
00720077
00900065
007b008e
00a500c1
00730099
009f00a6
007700a7
00770084
00760091
007200ab
0066007a
00b100cb
0092009f
009f00ad
00710076
00b10097
00a1009f
007e0075
00a80079
006a00b7
007d007e
006a007e
008b0090
008b007a
00bf009d
00830061
00ab005f
0098008e
009100b7
00ad00a1
008f0092
0095008f
007f00c1
0098007a
0079008e
00a10097
00a900cb
00a5008a
008a00a3
009b00a5
007d0099
00b80092
0081006b
008d006c
00b10069
00ad0090
0093008d
009d00a6
008a0087
008a00af
006b00a7
00a700a3
00a300a2
008b009f
009f00ba
00cb00a6
008b009f
008b0079
00a10076
00d20089
007f009e
00b20096
008e0075
00bb0092
009d0086
00aa0089
00b80099
0073008e
00730096
00a90086
00b60090
00930087
009e0087
00880063
00b900d1
008100ae
00ae0093
00a20086
00aa009f
00c0009d
00c900b7
00700077
00950095
00970085
00830098
009f0065
007f0083
00b700d1
008b0086
00b20063
00850060
00d900ab
00b300bb
00ab0078
00a100bb
008b00b5
007900b0
007a0062
0083006c
008a007b
007d00d9
008d0097
007b0095
009d00a7
0091008e
006e00b6
008100c2
00b20086
00a00086
00ae008e
007a00b6
009b008b
006a00a3
008500a1
00670065
00c6009d
007d007a
00860080
005f0066
006b00a3
009900a6
00860057
006e0068
008a00ca
0098006a
009a0088
006f00a6
00990081
009b00a9
00650077
0079008b
007600af
009d0082
00ce007f
00a50085
0076007e
009100b7
009f0092
008a0075
007f0073
00a0007d
00830072
009a00ae
008600b5
00810095
00710062
00ca0086
00a900a7
00b20081
00860092
00b000bd
009d007c
007d0096
008800ab
00c7007e
00a00098
00860097
0081006d
009f008e
006c0089
00820099
00a8008f
009d006c
00bf00c5
00ae00a5
0098009e
006e0089
00820093
006f00be
00750056
00760077
008c00a7
00890077
007c0089
008200ab
007d00b1
0085008c
00a7006d
00890065
00960086
00800099
00b3008e
008d0095
00ca00ad
009b00c1
0071008e
00a50071
01370080
009700bf
00a600c5
0093007b
007f0086
007c0092
0089008d
00790097
0089008b
007a007a
00a1007b
008700a5
008c007f
00a80079
00a900a8
007e0068
0091006f
006e005a
00680086
0072007f
00a300a3
007e007f
007b007e
00750090
007f008e
008d0079
00760090
0087007e
006e007d
00740081
0087007e
00af0063
0082008f
00ba00a6
009a0096
007e008e
00790090
008f0091
006a0072
00700092
00920060
00a90092
007c009b
00770090
009b00a6
0092008f
009a0068
008b009f
00960080
006b00a8
006c007b
0072009f
008f007d
007d0083
007c0074
009200a7
008600a2
009d00c6
00b800b1
009d00b7
00750076
00a100a5
0081006a
009100b3
00a800af
00c300c3
00d7008b
0085008f
008600b1
006b00a5
008b00a5
00b200b0
0093007f
007300a3
0096008f
0092006b
008300aa
008b0085
00970095
00b60065
00ab00b6
00a200c8
009b009a
0095008e
00a80099
009200a9
0073006b
007e0082
0079006e
009300b8
007b0092
00860086
00960090
00870087
0077006a
008c0078
00b700a6
008e00ad
00bf0090
00b60089
00c300d3
007d0096
00740066
0092006e
00a0007f
00b60067
007f0076
006f0077
0075006a
00950073
00c900a7
0081007b
00aa00a1
00820092
00c90093
00bb00a9
00a2007f
00af009e
007700b6
00930073
00930083
008b00bb
009b007b
00830095
008700ad
00ad0099
0072008b
00980074
008e009b
007d0098
00c9009d
00a600c5
0097009a
008100b8
006d0058
00910088
008000e6
008500a2
008e0093
009d0095
00a3009d
007e0078
0091008a
00860087
0091007a
00b7008d
00850075
00960085
00b300e1
0084008b
009f0083
007c005f
00790072
007e0086
006b0085
0081008b
00b10085
0071007a
00920093
0059009a
006a00a7
007c008f
00a3009a
00960086
00b20087
00830087
006d0061
00780079
00c90082
00820092
00ae00c5
00900099
0081007d
00cd00a8
009f00a3
0078004c
008d0061
0085008a
009200bd
00970095
008700ab
00a30082
0090006a
00820080
007300a7
009f009a
008400a7
00920092
00900082
008d0075
007f00a6
00a900a1
00820076
009700a1
009d0086
00960087
00bb0096
008e00c3
005d0082
00810092
0077008d
00a80075
00720074
0083008f
00a600a2
00a100b6
008d00a0
0089007f
0072008a
007c0091
008d007b
00c60082
00c2009f
00d500e1
00b90074
00a30074
00930087
00b8007b
00aa00a7
009700b8
0070008e
007f008a
0085005f
00d20087
00a700ab
00820075
00ab0079
00a3008f
008e0093
00b00089
00760079
00820062
008c00a1
008d009e
0079008f
0079008d
00760075
009d005f
00760040
00a7007d
014b008d
010a00e7
0088008d
007500c9
0092009b
009a00a7
008b008d
00830083
009900b1
0083008e
008200b8
00970085
007f00a5
00b1009b
008b00a5
008c0071
008d00ad
00910092
008e0067
00b1008a
008f00ab
0096008d
009a0053
00a1006a
009e00a1
00e20076
00c10099
00910077
009300aa
00750087
00ae006f
00680067
0078008f
00670065
007b005a
00610075
00860066
007f0060
00a50077
006c0072
006000a0
00d80082
007d0091
00920089
00a20093
008c008d
0079006f
0083007e
008d00d0
009100a5
00840092
009600c5
009000be
009500ae
007d0078
008d008b
007c0082
0086009f
00b80096
008f00de
00af00b7
0089008e
00ab0075
007f0091
00aa00b8
00ae00a9
009e009d
0087008e
00960092
00b0009e
009d0079
00760082
007d00bd
00af009b
00af008e
00a50095
007e0087
00d600af
0099005a
0066008d
0072006e
008d0062
008b0059
00770089
006100a1
007100ab
007b009a
00da0071
00960093
00960092
00970087
00af0086
009a00d6
009a006e
009a009a
00c20076
00990074
00860085
00d10085
008d00b2
009700c3
009a009b
006a0076
00a5007a
00a0006f
00a200ad
008f0069
009a008f
009e009e
0078008a
00a30092
00c7008a
007d007b
00aa00d2
00ab008a
006e0079
00a20098
009a00aa
00810082
0071004f
00920075
008f00bb
00680061
007400c2
00a7008e
00a30073
00720061
0065006a
00630087
006a0076
005f007d
007d00ab
006f0086
007b008a
00850085
0071006c
007d006b
008d0099
007f0092
007b007b
0077008a
007d00e5
0073005a
00a60087
00850093
00790069
007f0079
008600a0
00ae006d
0059007b
008c006d
00dd00a2
00c700a1
00a50086
008c00a3
008e0092
007f00e5
0088008f
0091006b
009e0082
00810071
006c00a2
00b500b1
008a0098
008900a1
007e0093
00910085
007d0063
009d0089
00a50087
00ad0093
006c0081
0079009a
00ae0083
008a0074
008e005b
00750075
00a10089
0071006e
00ad00a1
00910095
00ab009e
008d00d0
006f0074
00780072
007600a7
0097008a
008a00a2
00630075
00a200b5
006f0074
00800075
00830086
008e0084
00920079
00b10092
00af009f
009e0086
00aa007f
0079005c
00920081
009a009b
0075009f
009200c2
00810082
00ef009f
00970078
005e0072
00780093
009d008a
007e00a8
00a2009b
00af008e
00b20091
00850053
00900085
00a100ad
00730093
00a0007f
00a00092
009600c5
008b0095
008a007d
0097009d
009e0075
008d008e
00730098
00950090
008a00c8
00ce0091
0075007e
005d007c
00920073
0077009e
00910092
009900a2
00620069
007c0081
007900aa
008d0087
00aa0077
009a00eb
007b0086
009e0099
007600ab
00810073
00790055
0065006a
0081009a
00bd0087
00ad007e
0098007e
00a1007a
0067009f
0088006a
007a0073
00be0083
009a0079
00a20083
00710096
00a10086
00a300a6
009e008d
00870061
00eb0098
009200b7
009d0086
00cb00a5
0091007a
00770089
0073008d
0078007d
008d0075
00b3008b
007e0097
007d0092
006b0084
006e007a
010800c5
00a9009d
00860075
00bd006b
009d0081
008e007d
00a2009e
00b900b7
009b008f
007a0084
0097008c
00880099
00990069
008f0096
00850083
0077006d
00660072
008e0084
00830075
00870082
00b30075
009b0070
00d3008b
008a00a0
00c2009d
009f007f
008e006d
007a0089
008c006a
008a009e
008d00a7
00b5007a
0068007d
008a006a
00ae0093
0081008f
0089009b
006d009a
00ad0077
0091009a
00970069
007f006d
007b0095
00910092
009500bd
008c0077
007e008f
009100a2
006f005a
0085004d
00680077
009b009a
00830088
008b007b
0083008a
0058005f
0082007e
00ae008e
008e00a2
00850076
00b70097
009b0088
007b0092
009e00a0
00620061
00710086
008e00da
0081009b
0087006d
006b0075
00b8007f
007f0076
007f0056
009200d5
00980090
008f00b1
00a5007a
009e009e
00a1008d
006f00a1
005f0081
00880086
00b000b2
00850071
00870097
0091006e
007700a2
00a0008e
00810087
00930071
0082008b
00a90089
00ad0091
008100a9
006a008f
009b008e
00840064
00c80096
00830086
009a0083
00920099
008d00a9
00c8008c
00630099
00770069
00af007e
007f0083
00850082
00ae009f
009a00e0
007b007d
007b007d
0078003f
007a007c
008900b1
00a50091
00920098
007b0075
008d007b
00670075
00930081
006f005e
0077007c
007f0063
00a6005a
0060006f
00820073
00a80085
00880073
0087009d
00ca007f
00950092
008000a1
00c300a2
009d0098
00bf006f
0071009d
008f0090
00a0008a
00c70082
008d00a8
00c100a1
00a500b6
00ba008e
00ce0097
00980077
009800bd
0096008f
0081008b
009700a7
00c200a0
00960099
00810071
00850082
00a600a0
0073007e
00ba0095
00920099
009f008a
008b008b
005f0053
00580095
0097007a
00ad0099
00b300bb
00a30081
007700c3
008e0090
009800a7
007e00a3
00890069
008e0083
0093006d
00720085
009600ae
0092008e
007a0069
007b006f
008100af
00ad008a
00ad00b0
009200af
00ad0079
00850097
007b0068
0072006f
0098007b
0081008b
006b008e
007b0089
0086008c
009d00ba
0073006a
00a2006c
00830078
00750098
0098008f
00740098
007f007f
0073007a
00b70099
008a0086
009a0065
009f00a5
009700b2
007200a9
00a60093
00b5008e
0097006e
00650091
00700093
00800074
00900080
006e0085
007d0077
008d0088
00790080
0089007b
00a70078
00b700a7
00bb00ae
007d0087
00670098
008d00a2
0067007a
0070009d
007b008b
00730086
008200ba
007e00aa
00820097
008a0098
00a7009f
00720096
009a00c2
00bb00aa
0096007b
00830098
00a70092
00ab008d
008200be
00750093
008d00a1
007a0073
0080009b
008d0073
008500ad
00860078
007f0062
0057006f
009700a0
007f0073
00a7006a
008b006f
007d0089
00910092
00870063
006a0084
0079007e
00950086
008f008f
00a00082
00a3008f
008100a1
0093005b
00830069
006800ba
00a30096
009600b2
008e008c
00850088
007d0091
008a0081
0097008f
00980092
00750087
0071008f
009f008f
0085007a
0069007f
00860082
00850096
00920088
00c10091
00960084
009500a3
0098007f
007c007e
00830072
0065008d
006c008c
00b9007a
007a008f
00910097
00b10084
008600b6
00950074
0079007d
009600b2
00760087
00b00096
008b0081
00a3007b
007f007d
00660062
00670081
00950091
007d00cb
00af00a3
009d00c5
00620077
00790083
0082007b
0099008e
00c8007a
0079007e
00d30071
009d0093
00b90069
00af00a0
00b6005f
00880073
008a007c
006f006d
007d00b8
00750092
009e009b
008d00a6
00b10071
00c0008b
00c80090
007f008f
00a700a5
00970087
00ad009f
009a00b8
007a006e
00820085
008e00a3
009100a3
008c00a6
0099007d
00a80086
0075007f
00af00c2
00890075
008200a5
00a9008b
0077007b
007b006d
00b70066
00b20089
0082008b
00a000c9
009b00ba
00c900c6
008900d0
009100b2
00890088
0087007d
00a00087
00580093
00890061
0092007b
00a800a7
007f0089
008700d2
009800ca
00730095
009b007a
007f009f
007100af
00920096
008b00ba
00830072
007a009b
00a0006d
0073005a
008e0085
006d0098
009d0087
008b0092
00a000a3
008900ab
007e004d
0075003b
008d005a
006a007f
00d60096
008d007b
00950081
009a0098
007f0082
00850074
008d00b9
00740065
00bb006a
00850065
008b007a
00760079
00a0005e
00860079
009200a8
008b0085
008e00b7
00fb00a6
007f00a3
00970086
00770067
0096006b
00fe00a1
008b008e
008b009f
00b900a6
00a90076
008e00e8
00530066
006e005d
00800081
00760072
00a60063
006e008e
00760082
008d00a5
008d005f
00a80065
0080008a
00890072
008d0086
00aa007b
008d009a
008500b5
00a000b9
00570086
009a00b1
00670075
00a30075
007d0070
00c30066
0087007f
0087007e
00bb0077
00840092
007a00a2
009100ad
008700a0
008d0079
00a300a7
00980074
009e00a2
00770085
009100a7
00aa00a9
00d5008b
00ba00b5
009700ae
0070005c
00790079
00950060
006f007d
00930083
0083008d
008a0091
007d0087
008e006e
00d10068
0092009a
00ba00b7
00bb0090
0095008a
008b0080
00a600ad
0079007a
00790075
00760090
00750089
00ad0099
006e009e
00a6008f
00c5009e
00830061
00b20055
00aa0089
00760073
00920063
007a0076
0082007f
009b00cb
009900ba
008b0077
007800b5
008700a7
007f00a1
00a20095
0062009b
00a90067
0093005a
00b20084
007700aa
00830092
00920092
009f00d0
00850099
0080007d
0097008a
007b007f
007f008f
00b50092
00730091
009e009b
00870077
00a000aa
005f008f
006b0081
008e009f
009e0081
0092009b
009e009a
00ab007f
00a30093
009e0096
00990072
008600a1
0085006e
00d9008b
00b6009f
00860075
00c600af
008600ae
0076004e
00a1008b
006000ad
007a008f
007c007a
008e0080
00a30087
005f007a
00a80070
00b80072
0076007e
009f0089
008c00c6
008d00d0
007a0088
006700fe
0097009b
00c1007c
009f006d
00c0009e
007d0064
00770080
00930086
00a30095
00a70075
00c2009f
008d0089
008b0092
008a008a
00dd009a
00b100be
00750089
008c0076
00960061
00870083
009f009e
0080008f
008e009e
0087007b
00a300ae
005f0064
006f00ce
00a50095
0098008d
008e0077
00770082
00b800d2
00870056
0074008e
00910066
008d0076
00ba008a
0085008f
009d009d
00a3008f
006300e2
0084006b
008b008f
00b0008c
008a0071
0065008e
0072008f
007600d3
007e0073
0096006a
00b100ab
008800a6
00960087
007600ae
0092009d
0077008d
0073007b
006a0059
006d008b
008b0073
00a000aa
0089006e
007a0096
007200a6
009a0089
00790082
008e0077
00820068
00b80092
00a700b0
00bf0090
00dd0099
007900bb
00790073
007f005b
00860097
00ae00a1
008d0098
0072008f
009f009d
0069007a
006f0073
0082006a
008f006a
00810075
00910086
008000a0
0095007e
008900b2
00b50063
0099006f
008a0075
00bf0082
007a0079
006900bd
008500a8
00910095
006600b0
00cb00b8
00b100be
00c900b9
008a00a3
0095008d
00790091
009d007e
00880067
0087009a
00750082
00a00083
007a00b0
009e0090
008e006f
00770055
007e006d
007f0097
007c006a
00ab006b
00840073
00970087
007700b0
00930067
00a9007a
00730080
00a90090
00a8008b
0077007b
008e007c
006a009f
0084007b
008c006a
0086009e
00860083
0095008c
00a8008f
009600b3
009e00b6
008e0075
007e007d
0075007d
008c0093
0090008e
00950099
007b006f
00950091
0065007b
00c50073
009f008c
0097007d
00ce007b
00ef00bd
007c00b6
007f0075
009e0066
0077008e
0091007a
0079008f
009a0075
007c00ad
0079008b
009500c7
005d0069
010100c7
0082012e
008f0092
00950098
00aa00a8
007e0075
0083008b
0069004c
00b8006f
007d00a0
008900a1
00cf00df
00860075
00a700ab
006c007f
00970067
00860098
00ab00a2
00ab0096
00a100ae
00da00e7
00ea0092
00b000bd
0082007f
00bd0075
00b50084
009d00e6
0092009b
009a00a7
00e100c6
008c0083
00a6006a
006e0063
006b0072
00660073
00920069
00870081
006a008e
006c007c
006f0077
0085007b
007a00cf
00a9008a
009300a8
0083007e
009b008b
00a700ad
007e0082
009f00b3
008a008f
008c00b6
008b009f
00710077
007e0074
00bb006b
0086009d
006d0060
0093007a
00dd008e
00760082
00a00097
00890096
009600b6
008e0095
006c005e
0096007d
00ab0081
00c700be
0087008b
0089007a
00c90076
006f007d
00980075
008a007e
0069007c
0091007e
0099006e
007e0086
0096007e
008b0051
0076005f
0089005f
006700a0
009100be
00a100a1
008d0088
006d0083
007d0065
00bb007c
009d0092
009a0088
00ca00a0
0093008a
0097007d
00b800a7
00850074
007b0069
00950099
008b009e
009d009e
006a009d
00af007e
00e10074
008f0062
00c00083
007f0091
009f009a
00710097
008d0083
00a1007d
0076008b
0069005f
006e0091
00730080
006e007a
00950093
00970079
00a10092
0081009b
0082009e
007a0066
009b0069
008a007a
00a30081
00a90083
00930086
006f0067
00820073
007b0097
007c0087
00a10087
0088009b
00a80072
00a2007b
00a500a9
009f007d
00790085
00750074
00a6009d
00a70090
0067008d
007a0076
007f0095
009800a0
00750086
008f0078
008a0075
00b800b7
00a800ad
00bf008c
009900a1
00850064
007b0082
0067006f
009f007e
0091007b
00d900a2
009d008e
00980092
00990085
006b0091
00ab009a
00a5009f
00cd00a3
00a90098
00980093
008e00f1
0081009d
008f006a
00880096
0086006d
00980095
00b9009b
00ad0087
00980095
00680076
0097007f
008100b0
00850098
009100a5
00be008e
00990086
0093007d
0080007d
007d00d3
00920086
007f0082
0089007d
006f008d
00a70086
0080008d
00b2006a
007e009b
00c7008d
009d00ae
00b000a3
008a007f
009500ab
009000a9
006f007f
009d008b
00970092
009800a1
009b00f9
008a0089
00ae0083
00c600c6
00a1006d
0093007d
008c0075
00920089
00a20084
00a1008c
006500ad
00810076
009300a2
007d007f
00980076
00a1008a
00820073
009b0095
008e009a
009b0082
00810075
00820048
0082006a
00a60085
0099008b
00830065
009b0073
007900a5
007d009b
009d007b
00a20081
007b00a1
0098008a
009e00b1
00a20073
00a1009a
0091006a
00640075
007500a1
007f008b
008d009f
008500ce
0083009d
00a1007a
00a5005b
00670079
00970074
00730097
0096007d
0098008c
007d0070
008200a3
0059006e
0099007a
00910086
00a600ab
00f900a6
00840078
006b008a
009b0092
00ae0071
00a60081
009d0081
0097007b
007b008e
009f0071
007e0091
008b0092
00960062
00710075
007b0071
00a200b8
008700a3
0076007c
00a3008a
007b0090
007f0055
00ba0085
0068007e
00aa00b1
009000b7
00a90076
00ae00b6
008d007b
00810070
0081009b
009b0081
008800a9
009b007c
008d00a0
00850091
00a6008a
008b0063
008b0066
007c0077
0087008f
0082006b
00880091
007b0083
00870087
0065007d
006f0095
0089007f
008200b0
008900a9
0099009e
00980073
00760098
0063008d
00b60086
0097008a
00a700b0
009b0085
007a0080
00910085
00a10099
00980064
00790083
00960086
008500b3
008c00b3
007c0087
00990080
00aa0085
00c30090
008a0091
0092006d
00ad007f
0075009f
00910076
007e0075
00820098
005b0073
006d0074
0091007f
00880089
007100a6
00870090
00650071
009e00a5
006e0067
0089006a
00b7009e
008700d5
00930074
00a0008c
008b0091
00a000a0
007c00ae
00b6006a
008d00ab
007600a7
00ad008c
00b2007d
0099008b
009a00b2
00830086
00bb006c
0082008f
009d00c5
00980095
00860082
00c7008d
00a3009b
00730056
009d0081
00930099
00b9008b
007a0081
007d0096
006900a5
00720077
006f0083
0072007d
007e0083
008e0099
006c0089
00b30087
008300b2
00dd007d
006f006d
007c0075
00680087
00d70075
00ad0083
00b10099
00c600a6
00b3009a
008d008a
00ad007e
00610077
00780078
007a008b
0087009f
008a007e
00c00099
009d0063
0085007d
00760076
00830089
008f007c
008f009f
0092008a
00a10091
0073007b
008b008d
008e009b
00ab009a
008d00a0
00ad007a
007c009f
00ad0096
0082006e
007f006d
007e0077
007a0077
00dd0099
00af008f
0092006e
00b70083
007a0056
007f0074
00920071
009a009f
00b2008f
009e00b3
00b60081
00860092
008600c2
00930086
008c0078
009e008b
00750081
008a0079
00700096
00b50071
00aa0073
00af0076
00b800a3
00a2009b
00850087
00bf00aa
00b8009b
0096008d
00730092
0051005d
00830097
00620088
00720071
00b2007a
0085006a
00a1008e
0077007d
00880096
00760071
0080008f
009800a1
00910097
00be0089
007d0085
00850091
0053008f
00890075
00820086
00930097
00690085
009a00c1
009f0092
009a006d
006f0079
009f00a0
00a70092
009f0091
009e0097
00be007f
00850062
00ab005d
00880082
00b300b1
009100b3
009200e3
009b0077
00aa00aa
009100df
0089009e
006d008d
0089006f
0071008f
008a00a5
007a008f
00a20092
00b90087
00be00d0
00690067
00890085
00a6008e
00d200d2
0087009d
00a500a8
0086009b
0066008f
00960066
005f0095
007b0076
00b00087
009f0084
00a2009b
009800b2
00910093
0098006b
007d0060
009900a1
00700089
00790095
00ba008c
008a0099
0082006f
00b20079
00ab0099
00c100ae
008d0090
008a009f
00a0007b
008600d7
00c90092
00890091
00bb006f
00db007b
009b00a5
008a006b
00920095
009900a3
00b30084
005f0097
009b0092
007d0083
008100a0
007e00ce
009a0091
008a0075
0067005e
007f008f
008900c3
008f006e
008900c6
00810092
00910081
006e006f
00790058
00790074
009f0087
00820089
00a900b2
007f0085
008c0089
00870093
008100ae
00760093
00840091
00a7008b
006d00ab
00920085
00760095
00a10091
0089007a
009e0062
0099009e
00ab00b3
00cd010b
00b700d3
0096007c
00d90082
0066007e
00690071
0098009b
00bb0071
00880086
008500cb
00820096
00840083
00830086
006f0077
00ab00c7
00a000a3
009100a3
008b0079
008c0082
00890096
00bf0086
007a008e
008e0087
009e0075
0077009b
00690072
00960087
0096007f
00890098
00890084
00840072
008e0098
00920095
00980092
00cf00b6
008200ad
007a008d
006d00a6
008f007a
009e00af
00c00063
00c10082
009f007b
00960093
0072007a
006f0092
009d00a0
00620076
009700b3
007c00aa
00720073
00920086
007f0055
008c0064
006d007e
00bd00b0
008a009e
00da007a
00c800a0
00d500ae
008f007a
00ab007b
009f0077
0085008b
00790097
00ce0080
00880076
007d006f
008b008f
00b8007c
00b9006a
007e008a
008f008c
007e0072
007d006d
00a3006e
0093008e
00770091
00a200b2
00900073
0085008c
009e00b9
00b10074
009700b0
00860086
0066006f
00a50090
00b80086
007b00aa
00ab007f
009d0083
009200a0
007b0065
007f006e
0076008b
00db008e
008600a2
009e0082
00780093
006b008b
00a1009b
0096007b
00a70096
00bd00a5
009e00da
009e0093
007a009e
0085008e
00720087
008300ad
00790096
00750075
00ae009b
0085009e
008f008b
00a30088
00750075
009b006c
00ca0077
007f007b
007f0080
00860086
00ca0086
0090006d
00880076
008b0082
008a009e
008e0092
00af0087
009200a6
009f007a
006e007f
008b0063
008e007e
0089007d
006e007d
0071007f
00930081
00a70093
0085007e
00be00b2
007d0067
00c20081
009d0092
00c9008a
0082008a
008e007b
00960096
00bd0096
00a5007a
00b100c0
00aa009d
00a000b3
008700d3
00c100b5
00900118
0066008c
008e0098
0074008b
00f600ca
0086009a
008b00a5
008f00b5
00830087
00a50061
0066007b
00a50077
00a200a7
00a500b3
008600ab
0082007a
009900a0
0089007a
00b0007f
006f007b
0095007f
007b0092
006600a7
00830090
009a0091
00e10130
00c000b9
00b1009d
00af00e7
00d100a2
00b50086
00af00ca
00c100ae
00960091
00730063
00850098
00670085
0081007d
009d0092
009a0081
00a000a5
00920063
00ab0071
00b00096
0077006f
008c007f
008a00a5
00a100b6
007e0084
00d1008b
00cf0068
005a0076
006a0073
007d0069
009b0099
00e5008f
00ed007e
0081006e
0064009b
00820093
0089006f
00620082
00620066
006e0084
00a70089
00890087
007a0081
00a00078
00ae009b
0085008f
00890087
0095008d
00a7009e
0081006f
007a0061
009600a9
009100aa
00aa00af
00ab007c
008700a0
009e0092
00a700b2
0086006a
009900aa
0093009e
009700cd
00a800b0
009800a3
008e00af
007f0073
00830077
00b60082
006e00a3
00720079
00880092
007d0083
00950087
009b0077
006e0070
00a2005f
00740077
006e0086
00aa0084
0082007e
0060009e
00a80082
00a000b0
007f00a9
008d007b
007b0087
009d0098
009b0082
008d008d
006c005e
006d006e
00a7007c
008a0069
0074007c
00b80072
0069008d
009a0063
00830071
007f00b0
007a0066
00860096
00c80090
00920077
00b90082
009300cb
01010110
00e200b9
013700a9
00e900a0
00df00af
00d700db
00d100e8
010000da
00750081
00b7008f
009a0142
008f0096
00cf006d
0090008e
007700a1
009600b7
006c005b
006e008d
00a600a2
00970075
008d009a
00c00091
008700a5
0095009d
007a0089
00a30076
00a0007e
00990080
009b0087
008b009e
006b007a
0061009a
0080007a
0092007f
007e00a5
006e0079
00850092
005c0092
00a10084
009a009e
01100160
00ca0077
0081009a
00d200da
00690075
006d0076
0077007c
007a0085
007e007e
009f0087
00a90099
008200d0
0068006f
00880083
00820082
009a0090
0071007d
00810089
00950082
00910099
00880091
0090008c
00750072
009e007f
00f70092
0087008f
00a1009b
008e00b3
00a50099
00a50097
008200a1
00c70082
00800076
005b0069
0077008a
0077008b
00c70096
008f006f
009a00aa
0086007e
00750062
00c00087
00a1008f
007200b0
0082009f
00a10088
008a0092
005e0091
00820081
00b7007b
00a10092
0088007b
00d000a7
009000a8
0081008a
008100e0
00690060
00880062
0083007c
00760079
007d008b
008f008e
0077008f
0099008b
00840098
008500b8
007a0081
008d00a9
00aa008e
008600a6
0080009a
00a60079
007a006f
006d006e
00710075
00960079
00870079
006a00ba
00dd00a2
00970088
00ad006a
0085007c
00ae00a8
00970098
008f00c1
009d0083
0080007f
00a60077
007f007f
00990091
008f00a0
00850087
00ab0085
00a80099
00800073
007a0098
009b008f
00970081
00bb0082
00aa0099
008d0095
0084007c
00b5009d
009a00ea
007d0074
00a100a7
007a00a9
00860073
00e300a6
00850079
007000ca
007c0098
0053006b
006e0069
00d50098
00890085
008d00a0
00990088
008b00d9
008200a9
00770091
008f00e7
00a90086
009100c7
0079008b
008d0090
006b0088
0086007a
0067006f
0085006a
00a800bd
00a90098
008a0085
0084008d
008b009a
00730084
0089008d
00930079
009900ab
008d007b
008d008d
00d00092
008a0086
009200b6
007b0062
00950062
00f80075
00a100a3
00820099
00870092
00b000eb
009200b1
008b008d
00a5007b
00950075
008300a2
006f00bd
0085005e
00720054
0060006b
007200b1
00670082
008a009d
008d0084
008100bb
00980095
00b700b3
00c500a7
007f0067
00720083
00b00069
008a0077
006a0077
008d0087
0063008a
009700bf
00b60082
00a100a3
005e0075
0082009f
00a1007d
0079007f
008d006d
0087007b
007a00b5
007f007a
007300a2
009b0069
00b20095
007c008a
009b008d
007b0077
006a0065
008e006a
007e009a
00610077
0061007e
009f0087
007e0079
00770072
00760066
009e009a
00ab0087
00650085
007f007f
009000af
0075009f
0096007d
00920091
00990062
007e0063
00900077
00c800bb
0082007d
007300a1
008c0097
00990091
0076006e
00820072
00a200c6
00c10083
00ba008b
00b0008d
00eb0096
009a0063
0076009a
009b0093
00a000bb
008a00a2
00800074
008e0078
008e00ab
00670051
00bd0077
009a0091
00aa00a9
00c700b7
00ae00a5
00820092
0081006d
00870074
0090005d
00820061
00800081
009b0091
0088008d
0099007e
0076009a
00720058
00860089
00900096
00b80088
00be009b
0082007d
00890087
00820093
008e007c
009100ba
0077007a
00890084
007a0085
0081006d
007e007a
006d0079
0062008e
008b0077
00b900a0
00c800ca
00a300ce
00a300ad
0091007f
008e0089
0071007d
006a006d
00a10078
00830074
008700ae
0089009b
007e0092
0074008b
00970064
00970083
007b00a7
0080007e
007d0067
007f0089
00b60088
00a7008f
00890090
00bd0092
00830093
009800b6
008100e6
0095007d
00a900a2
009d00af
008d0057
00a80084
00ad006c
0086008a
006e0069
009f0099
008f0091
00910067
0097007f
005c0086
00d30085
00830074
00980096
008900a0
00c5008e
008f007f
006a0060
007e005e
00910071
008100a6
008f0079
009100dd
007d00c0
008b006a
00ab009e
00760070
00780091
00850082
00ad00bd
00620099
009e00ba
007c008e
0082009e
009b006b
00ce00f1
00ae00a3
008a008e
00a600ad
00920083
00920076
0081007a
0081007f
008f0083
00ba006b
0098007b
008d008c
007a0086
008000a3
008900c0
00700077
007e0063
00d20066
0088007d
00860067
008b0078
0078006a
006a007f
00a70083
006c00be
00a20077
00a10078
00820077
009a008c
0083005e
00610055
0070006a
008100a5
008b009e
007b0083
007b0069
00b0007a
00a80075
006d0077
00bb0083
00ba009f
009100a1
008e00cb
00aa009b
00920079
00830063
00860067
008b0095
007d0095
00c000a0
00950081
00ab0082
006a0091
00870083
00c70170
00be0089
009100b7
008c0069
00790068
0085009b
0081007b
00730089
00a5006c
007e006c
00950095
007d0092
00820091
008c0061
00b60090
0079007a
008d0066
0069008a
00610077
00960081
00b200ad
00a8008d
008b00bb
008e0088
0067009e
008300ba
009500a2
00a200b5
009e00bd
007e0085
009b00aa
0098009b
007a005a
00870069
00890093
009a00b2
009800a3
008f0082
007f00a1
00b30090
00c70087
007e00b7
009d0070
00b00071
00b0007b
008e0085
00810090
008a0084
00550058
0085004b
00a0006e
00bf0085
00a0008f
00730098
00cb008e
00ae008b
00730084
008a0091
00960062
00970090
009500a2
00be0089
00f2007a
00850092
0086007d
0089004f
0072006b
007600aa
007d005e
009900ad
0072007a
009e007f
0099009d
00a5008b
00a50081
007f00a9
008a00b3
006c00b5
0097008f
00b100ce
00910082
0079008b
00830080
0073009d
00a80091
007b00aa
00680085
009d008e
00880095
00820081
007e006e
006d0075
008a0069
0079008d
008b0098
007500a5
0080005a
00740080
00a300b0
00bf00b7
00d800b2
007a0091
00c0008f
00af00ad
00a500a8
009a0087
00aa0098
00670099
009e00bf
00bf00c9
0080008b
00a600b3
00930062
00750073
008a00b3
008c008a
007f00af
00830090
007b0066
007d0095
008c0053
00850078
00930075
008d0082
00af00ad
007c00bb
00a10087
00830075
0098005d
00ab0089
00810095
009e0082
009b009a
00b800c8
00dd0091
00b600e0
006b005d
007e00c9
0099008f
00ad00b3
00b2008d
00ee007b
008b00a0
009d00a9
00a6008c
008f0081
009800a7
007c008a
00980093
008e00b1
007000ad
0085007b
00800059
00a50093
006e006a
00a00078
00910089
008f008e
007e00c9
00980065
006f006f
009e006d
009b0074
00af00b2
00930089
00b30087
0088006e
006d0086
00970079
00a00085
005d009e
008c0068
00750096
0089009e
0063008f
00800092
008300aa
008f0085
0070007f
007d0088
006e0098
00950078
007e0076
00930063
0096007b
008e0069
009500bf
00a200bd
00aa0087
00910080
0091007f
00bd0099
007f0069
007e005b
00a70089
008e0079
007f0090
009100b0
00c00073
0083008f
006b00a8
0076006e
007c00a5
00630080
008200a1
008d00b9
00a60085
00a10083
00950092
00bb0069
00910098
006d00aa
00b30070
00990099
008b008d
009600b3
0055005b
00a9005f
006a0076
0079008a
007f0079
0076006c
008a0097
008e0098
00b8005a
0072006f
007a008a
007e0097
00820082
00a2007f
007c009d
0098009b
008b0098
0082007d
00810087
009200ae
00a000b6
00b100db
009100b3
009300bd
00820088
00a90082
00b300a0
00d500bd
00a30075
00930093
0095008a
00790077
007b0066
0073006f
00860079
00910085
009900af
00c100b5
007700b6
00780072
007a0065
00770085
006a0075
008f0079
008b009e
008100a1
008e0084
006c008b
00750091
006e0099
008a0086
006000a0
00980082
007100c2
0077008d
007d009e
0087009f
0081006b
008b0079
0073009a
00b1008a
0085009f
00700093
00910092
00730060
008f00bb
007f0091
00860073
00790080
00820092
00ad0085
00870082
009d009e
007b0077
00b70099
00ab00a3
008600c2
009000b6
008500aa
00d700a6
0085006a
00a1009e
00e50099
00a90099
0099009a
0080008b
007c007d
006f0096
007a0080
00b100ab
006a007b
00690075
0083008d
00a0005f
00890061
006f00a6
00a80086
006900ae
0087007d
00b5008e
00820072
00950091
00720096
008600a5
00830052
00830066
00720087
00c500a0
00a1009d
007b00b3
00a900a7
00e60095
008d0067
00b10076
007b00a5
00a00093
006500db
00880092
008a0095
00860099
0072006a
00770068
00ad008f
008e006d
00aa0097
009d007c
006f008d
00710097
00d700ea
00860087
0091007e
00a500de
00990122
00e10150
00b700eb
009500b1
00650092
009b005d
0086008a
00ce008a
00ba00a0
00970091
00c90087
00ae00c0
0077013e
007f007b
006f00a7
00a3009d
008d007f
008a0092
00b20084
00b20077
00680067
006d0079
009200a9
00950081
00a90078
007500a3
0096007d
008e0089
0095006f
00a30072
00820076
00810075
00920072
00910083
00910097
00b0007b
008700a2
0079008f
00950076
00a90085
00810066
008000a1
0098006a
00a00096
00c0006a
014200ca
006d00ee
00640066
008d0062
006f00a1
00830056
007d007f
0077007e
0062005d
00760066
008f0082
008400a0
007a0083
008f005f
009d0085
00970085
0097007e
007c008f
0086008e
00970081
0073007f
00760086
00b90096
008300bd
006f005e
00790063
00750081
007a0099
0075007a
00980092
00830070
00820076
00800090
007c00aa
00b3008b
00910093
007f00a5
00920070
007b00a3
00830090
007a0077
009100a6
00c30081
00aa00b7
00880077
0091008f
0082008e
005b0072
007d0088
008d008f
00a30091
0061007e
007a007d
0082007a
00810073
009e0073
008b0085
00770088
007f00af
00a800ad
0097008d
00790075
00f20089
00730066
006900bf
009e007b
00810085
007b0099
008e0092
008a0084
009800a3
007900b3
007b00d3
007f00d2
007000ad
00ad0092
00da0096
0097006b
0095009a
00f000bb
0083006a
0098007d
00ab007d
00ee00a2
008f0081
009b00b7
009300c0
006f0069
00790071
008a00a1
00c3007f
00ab0086
007a00c6
007c006f
00af0091
0078007b
00aa0085
00c5007e
00b60099
008600cf
00cf00a1
00870099
008f00a6
007f00b7
0081006e
0087007a
00a0008c
006f0086
0074009e
007b0073
008c0096
00960080
007f008f
00750095
00a0009e
00c60075
008d0089
00a70081
00c00091
006d008d
0067009e
0076006f
006400a3
007a008c
008e008d
00710088
005e0082
00700078
00b2006d
00b6006a
008100a2
00a500a0
008a00b8
009700a3
007a00a9
006b006e
00730083
008c00a9
0073006c
008c0075
007d00a1
00690076
00770093
00df009e
0073007d
00a70086
00d90080
008e0089
008c0097
006e0067
008300ae
005d0066
0089006f
0147009f
008e008e
0077009e
008f0093
009e0092
00d10086
0085008f
00a30063
008c0071
007a008a
00a70093
0091007a
00bd00aa
00ad0093
008100b0
00770074
00990089
00970098
008d0099
0086008e
00af00a9
00830082
006f0061
0068006a
00820088
006c00ae
00a1008d
007b00a7
008e007e
00ab007f
007f0052
007a0089
00a70098
009f00a0
008300c7
0092008e
009e00cd
009100a6
00820066
00790097
00b10088
008e00a2
006a008e
009b00ae
009500ab
00b20063
005b005c
009e009b
00750087
006800a1
00ce0084
0096008a
00720089
009a00a3
00aa006f
00880077
00980073
00980087
00990089
0071009a
009d007e
008e007d
00b9006a
00af00c9
0071007b
005e006b
00890072
008a007a
007a006b
0073005c
0078006c
00790075
008c00a0
007700a1
00970087
009700a1
00a1008e
00aa008b
007c008d
00cb0078
00ba008b
006f0084
00a60081
00c600ae
00c900cb
00bf008b
007c0070
006d0090
008b009e
007e006f
008e006c
0081007d
0084007b
009a006f
00770057
006e007f
00a6007a
00bf0082
00970085
00b00091
008f008f
00730099
007a007a
009100ab
00cf009e
008f0087
007d00b7
006d0080
00660083
0090008a
00850055
00990088
00b600cf
00a30096
009a00ae
00830073
008300a6
0086006f
00d20089
00a60083
009a007e
008b0082
00760076
00ba008e
00920077
006a0099
008f008a
009b0084
00870097
00720061
0091009b
008a007f
006e00ad
00a8007a
00a200b7
008f009d
008800cb
0081009f
008700c0
009100a2
0091008e
00a600a1
00910087
007f0079
0075005e
0078009a
00650086
006d0089
006d0074
008a0099
0079008f
006f0076
00760063
0065007a
0097007d
00840082
009600aa
008e00ab
006f00a1
008e0083
009700ae
00920078
00990079
009a00b2
00a900ad
006a008d
008b00ad
008b0099
008a0084
00ae00a8
00690083
008f0084
00760080
00860087
00a7008d
008c0071
008600a7
00920099
008000a0
00720096
007d0082
007a0089
00670077
0067007f
00850079
00a0006a
00800091
00820099
00a6008a
00a2006a
00770079
00aa009e
00b80098
009200a2
00a50095
006f00ae
00a700b0
00bb0071
00830066
0085008a
008a0097
008e0087
009100a7
00a30089
009800a5
00900073
0099006a
00690082
008800c8
00900098
00a1008a
0082008d
00a50085
00910093
005f0076
008d007b
00a00083
007f00c5
00ad00b5
0070008f
008e00ce
00a3007a
0085006f
007e006e
00860084
006b0085
008a00a2
00af009e
008f00a5
007c00ae
006500a7
00710071
00990076
009200a1
0082007e
00b900a2
0090009e
006f0072
008300da
00660072
008a0085
00a2007d
007d0086
00a50097
00a5009b
00990083
00c000c2
0078006f
00be0071
009700a1
00d8010a
00c9009d
00b700a9
00cb00c7
0092007d
00970070
00b30098
0077009b
009700b0
00d500a5
00860085
00c80079
00a20084
00870079
0093007c
00d1009e
0087006f
009a0080
009d00ae
00a60098
01520122
01620149
01ab018e
012501e7
01c00159
01500175
01cb0111
01570167
00570066
009e0078
007b0081
00be0098
008d0086
00a90089
005d0070
00750084
008f0083
0076006a
00a6007b
00830082
008300c0
008a0078
00be008f
008300b3
00820082
007f006d
007400aa
00aa008c
00a90096
007d0096
00a300a1
0076007c
00650060
0075007a
0082008f
00770089
00b00077
0082008d
00720097
0088009b
00ee00a5
009900c8
00af0142
00ca0123
00be0175
01070095
00ce00c5
00c1011f
006a00f1
00720083
008b00bb
00860081
008e0093
009f0096
0095009a
007d008f
00750075
0095004e
00670093
00a00090
00c000aa
00aa0098
009000a2
00a500d2
006a0062
007d006f
00770077
00a00097
0096009a
00b5007e
008700c0
007600a9
007300a0
00a000b5
00b20095
009100b3
00d000ba
00a800a2
009300f3
010900ba
008d00c2
00800067
00770084
00bd009f
00990096
009f00a2
00bd008b
009d0091
006800a2
008a0082
00ad0075
0089009d
007d0096
009b00af
0079008f
00a1007c
007b005c
006d006a
00980089
00990085
00bb00b1
009e006f
00850093
0086009e
008a0057
009b0062
009b007e
00c20075
007b00a6
00ab00b9
0085007e
006e0098
00810077
005d0087
008000a5
00890096
00b10092
0081009d
007700fd
00c3008a
009e0059
0067006e
00b800c7
009500b1
00930097
009600c9
0091009d
0093007f
00930062
00750092
00a90089
008f00a0
00a50108
00720072
008e0082
009e0078
00880077
00930072
00a20098
00950083
0083009d
009900ba
00a20084
00c000a6
007c0084
00920084
009d0087
009900b9
007f006f
00870093
00a6007a
00a90096
006a005d
008d0080
009f0071
00b700b9
00820087
00a200a2
00630083
0086007e
00860065
00e200af
008d0088
00c10072
00d2006e
009a0097
0092008d
00770098
0068007e
00910072
009d00a5
00b3007b
008f00ab
00b0007b
00720089
00930084
007b0053
009f0072
00c100a2
00b200c7
00c80081
009100a6
008c0087
007b009d
00720061
0099008a
00820086
008800b6
00950072
009300a1
0096009b
0083008a
00ba0195
00ce0065
007d0080
00eb00a3
004d006e
006a004b
00750091
007d0067
0072007c
009a00af
009f0075
008500a2
008b0096
006b0086
00bf00c0
00bd008f
00750077
00970076
0067006d
00a8009e
00870082
005d00d9
00900076
009b00cb
007900a8
0073009d
007a008e
00890085
008900b6
00b80086
00ab00b7
009e00a2
00610059
007f007e
008e00b3
00a800b7
0091008a
008b0098
00830088
006a0085
009e0081
00ad00e7
00650092
0072008d
0060009a
00730075
00780069
005e0069
00950135
0058005a
007800a3
005f0067
008e0068
00670081
0069006f
006e006b
00ae007a
0099008a
00ab00aa
00cd008e
00bd0099
008500d2
008f0099
008500b1
00850071
00a3006a
0085009a
008a0076
008e00a5
0098008f
009900c7
00d20085
00a3008d
00570075
008f0072
00af007b
008b007d
008f00ba
007f009b
007a0095
00710070
008a009f
007c008d
00c6008b
00b10095
00b10092
009e0081
008e0078
009100c5
0085008a
00a2008d
00a200c1
008600c0
0095009a
009a00a0
008e00a1
00a900b7
0084005a
007f0066
008f006c
007b0095
007b00b5
00820076
008d0082
008b0079
00a8007c
007f00a7
00b80080
00c200a9
00a6008b
0095008d
008e0085
00ae0076
00790062
00a200a2
00710099
006b00a5
008e008c
00850088
00c50087
00990095
00860096
00730079
007800bf
006d0099
0074007b
008d0081
00a80079
0071006a
00d600b6
007100ab
00860084
0079008b
007a008a
00650098
0076007f
00590083
007700a7
007d00a9
00a200a8
00a500a9
0092008b
00990097
007b0086
006c0097
0083006d
007d00b0
009900a6
009f0099
00920096
009b0093
007500fb
00af0068
007a0069
00880095
009e008d
009300ae
00ea008b
008d00b1
009b008c
008b0062
00920086
00bf007a
007d00a8
00d6008e
009300ad
009800a0
00a5006f
00650053
00820059
00b30086
00930091
00980077
00a2009a
00850084
008d0069
008d005a
008500b7
007600ae
00ab008a
007000b0
008c0075
007b0086
00b3006f
00750071
008d0052
00a0008d
009600b1
009e006c
007b0096
00a2007d
009d007c
00830091
00950073
00ab006d
00870083
008f0095
00b500a2
00ab0086
00a200bb
007e0097
00880081
00ad0067
009d0098
009600ae
00a700a9
0093008b
00e5007c
00980064
00790092
00aa009e
0076008c
00730092
00a5008e
00880096
0085006b
00830092
0098005e
00720098
00a20092
007a00ba
009e005b
00860070
0081006d
005f007b
008100a6
0089008a
008600ab
007d009d
00b700cd
00920086
00830086
00a7010e
00a80086
009e00a3
00f300ba
00a700a6
00e50077
00b000ae
00cf0099
00b6007f
00790079
00730098
006f0055
007d0065
007b0093
008a00a2
006c008f
0092006a
00850093
007b00a3
00910080
009a00da
009a009a
007d00a3
00ab00be
00af00b5
00bf00a5
007f00b7
007b00a7
0088007d
009a007b
007d006d
008c0071
0072006d
0062007a
00930092
00a6008e
00770098
00b70092
009600a0
00a00099
00c50079
007a0085
00f9006f
00b600c2
008000a9
00930085
008300d7
0083007d
00b30076
0076007a
00a200a8
00af0073
00c6009f
0062008f
009b00b1
00a600a3
006f0052
006f0086
008d007c
008d006f
008100a1
009a0096
00840071
00890077
009d0095
00a00073
00a600b7
00910092
00b5007c
00c500aa
00b100c0
00c60098
0077008c
009e008e
009f00ab
00b500a7
009d008b
007a009d
00ae006d
007b0096
005900a2
0072007b
008d00a8
009b006f
008300d7
008a0092
008c00d6
006b008a
00c30085
005e00a2
00aa00a7
008c008c
00b0008c
00b50097
00920077
00a3009b
00860062
00a900b7
0079007a
007700aa
008f009f
00920064
007700ab
007c005e
008a0051
0093005b
00980096
0086009e
008a0091
00710085
009d0092
009d0074
00c10074
00a6009a
00ca00ab
0089008a
009b0081
00960089
008d008f
007a007a
0077005c
00ce0084
006b0089
00a300be
009d009e
00970069
0092008e
00810087
0063006e
0077006a
00a30077
0070008d
00810098
00790087
008b0092
009700bf
008c0093
009f008f
007b008b
009a0067
007f0063
00880092
00950097
0091007c
0095006a
00950081
009800b7
00830083
009f00a2
00a800b0
00af00bd
00df00a7
00790071
00820090
00ab0072
007b0066
007900ce
00eb0089
00690092
00730072
00ad007e
00b3007a
00bb00ab
009f008b
00ba009f
00b100c3
0076008d
00a20099
00a90063
009e00cb
0078008b
006e00a6
007a0079
00660077
007d006f
00780076
00630063
00750081
009100a1
0076007f
007c0089
0089006b
007a0081
005d0074
00850089
00680086
009f0095
008f0085
007b0098
00a5008d
0077009d
006a0092
008b0093
006b0070
007e007e
00690077
0083008d
0077006b
00700062
00720079
007f0097
008300ba
0089008e
006f00b8
00b800ae
00b200cd
00b90091
008700cf
00730065
0083009a
00890099
00de00a1
00a600b2
00810075
00a70072
00a8007c
006a0063
008a0091
008900b0
00700096
00a5009e
00950097
00c000a2
007e00ad
0063005d
00730060
009200a1
007a0086
00b100bf
006a00b8
00ad00b2
00c00098
00a60072
00810079
007900a2
008e0096
00820076
009e008e
00770097
007f0078
007f008e
00770079
00970081
00aa0079
00ab0085
00c50069
008900a7
0069008b
0091008b
009d0098
0082008d
008f0098
009e0098
00910096
0079008d
007200a1
00650089
0071007a
00790099
009700a0
009f008d
00920082
009e007a
00710076
00770089
008b0068
007c0067
009900a5
00870095
008700a8
009200b0
00a200aa
006e0079
00c100aa
00930096
009b008f
0087008b
007d006f
008d0077
007c005b
00760054
00770082
008e006b
007f009e
00890091
00710095
00840079
0076008b
017900e9
00cd0077
00c600e3
00b50109
00be00fd
00e100e0
00ed00aa
01230101
0081007f
007a0063
00890076
00780086
009d0089
00bf00ad
0099009e
00970083
007600b0
009a007b
007e007f
006400ad
00aa008a
00c000a6
00b9007f
00ba00ce
0077007e
0091008a
007d0093
00a800ad
00920096
00a500be
00e30084
0090008d
00990055
009f00a6
0087007d
00a2007d
0079007e
00800089
00830087
007d0071
0088007d
00a20072
00a2008e
00a600c6
00950079
008c009f
0085008e
009000aa
00890072
00900063
00bf0083
00960066
00730089
008100af
007500a1
00ad00bf
0078009a
00aa00cb
008b0099
00590084
00920086
009b0064
007f008a
00a00076
0078005f
0098006a
00c20087
009700a7
00750082
00810086
0099007e
0069006a
00b10058
007e0083
00ad00d2
007c00b9
00ad0090
0079007d
00a10099
008a00c0
00690069
009f0077
006e0072
006c0070
0084007f
007b0091
00660079
00a90081
00900064
00850074
006900c1
008e00ad
009a0062
00610078
0087008c
00d7006b
00a10098
00a90082
006b0095
00af0080
009f006e
00a70087
00850072
00650087
008700d7
0077009a
008b0084
009b00be
006e008a
00a3007a
00ad00aa
009700ad
007f005e
0086008f
007300a7
0081006f
0097008d
007a007e
0089008e
006a00a6
00970076
00ad0097
0078007e
009b0074
00af009a
0088008a
00930089
0076007d
009d007b
00700082
0086009a
007a00b2
007c00a9
00ad007e
00830098
00650070
00760057
0069007b
00b1009f
00a7008d
009300c2
008e00a6
009100b2
009f00a7
0088008b
00a7008b
00cb0069
00aa0091
00850065
00950099
008e0068
008b0098
00a6008b
00710060
00b00085
0070009d
00850073
007b0086
005e007c
00780080
00a700a8
00ad007d
00850093
009300ad
007600bb
00930092
00780071
00920080
009100b6
008d0079
006e00a1
009a0081
00730088
007d0085
0071007b
00920084
00d3008e
008200a8
009e00ab
009d0088
00c200b1
008b00a0
00ab00d0
00cf00cb
009a008c
00ba0079
0095008b
009f009f
009300a7
00af00b2
0079008a
00700091
00720067
00a00079
00890091
00a80096
00ab00a3
00b200ae
00900084
007300b1
00920051
00760079
00770078
0070007d
00b600a0
00850087
0063006d
00a000a3
008500c0
00d50089
006b0082
00d30075
007f0073
00820065
007e0081
00a2008a
00770073
00760091
00bb0095
00ab0082
00d2007a
007f008e
00aa0083
0085007b
00a30070
007f007b
00af006b
00bd00d5
00ab00aa
00980086
00950085
00870085
00a70065
008d0092
008f008a
008a008a
0077007b
008d0066
00880081
00830091
00a30072
007f006a
00e10092
00990081
00a9009e
0080008a
0087008b
009b007c
00d90092
007f006b
009700a9
005e009e
007200ae
00b30076
00620084
006b0087
008e005b
007e008b
00b200ab
00720095
008a0071
008b008b
00d20080
00700073
00900078
009900e9
005f0086
006b006d
0065005f
005a007a
007b006a
0070006a
008b007b
009b004f
00ea0098
00810079
008b0091
008b00a2
00850097
00810092
008e0069
0086006d
008f00ab
007100a1
009a007e
006f0099
008d009d
00950096
00980075
00820065
009e00c6
007a0083
00b600a7
007a0085
006f008f
007b0072
00970068
00820096
009d008d
00b0006f
009500a5
009f00b7
008900a8
00a800b9
0099007f
007f00b3
009a00c5
00c700ce
00a700a0
00930095
008e0096
008500b5
00830093
00ab0060
00c2008d
00730092
00a200ef
008400ab
009a0098
00a9008c
007600a7
008600b3
00bd0089
00b30089
007b00b7
007700c5
007a0075
009f0096
00b3008e
0072006d
006f0089
0095009b
009b00d5
007d0099
0075005d
0085007d
00730089
00a8008d
00630099
005d0062
008e0076
00770075
005e0089
00890069
007a0060
00a1006f
00770077
0095008e
00920084
00810089
00780096
009a0062
00880061
008800bd
005d0073
0075009e
00850075
0077006e
00550066
008900b8
00700072
0065008e
00920070
007f0085
00e500b6
009a0092
0092006b
00b30084
007c005c
00690070
00b2006f
0085007f
008600a5
009200a6
009b007d
00a3007d
0060006c
00890075
007d0065
007b008b
00750075
00720068
0083007e
006b0091
007900b6
007d007d
00750081
00a2008d
008900ab
00a9007f
00ad0080
00d80091
006d0076
0082006d
00a90075
009900b7
008500b6
00a100af
007f007d
0095008b
009f0076
00710059
007b0086
009b009e
00a100a6
00cd0090
008d0075
00a900a0
006e0069
00ae0051
0085007d
0083008c
00910086
008e00a2
00a3008f
00860096
00ad011b
00820067
006c007c
00a80078
006f006e
007c007b
009100b6
007c0081
0076005e
006a008c
00e1007a
009d009a
008300ae
008500b8
00a7009d
008f0081
00660082
0073009a
00ad008b
00770078
008e00aa
00b30085
009a0091
00a6007d
006a0072
0067005b
006f007e
00990079
006d0080
00640086
00870073
0093008c
009e0082
008d007e
006c0091
008c0086
007c00a3
00770083
007f00a5
007b007b
0060003f
0087008d
00910066
00a800b0
00ed008d
009200aa
0091007f
0078008a
00770077
006a0083
008600ad
00890090
00620077
007b009f
00b0006b
009100ba
00a1007c
00ad007c
00ad008d
008d00dd
00c300d8
009d00ae
00ad00cb
00d000b2
0082007b
0093008f
00a300bd
00900095
00930073
008e008c
006d008a
009700a7
00b90072
006c006d
00980069
00a700c6
007f0092
009600c3
0098007d
007a00a2
0081006c
009b00a2
00bb00c5
00d30078
009a00a6
008600b2
00a7009b
008200c6
007c006d
0066006a
00770074
00870081
00be0097
0071009a
007e0070
00a800a7
00a90095
00a300a3
007e0081
006e00a1
00aa0092
008d0096
00750082
009e0087
00820061
009b0091
00810097
0098009e
009800b5
00810099
009a0098
0080007b
00f70079
00b90088
0071009d
00c00072
009e00a1
00b100cf
009500a0
00d1009e
0081005a
0076007a
00770091
007300c2
00a600b8
00730097
00a300fb
009200ab
008200ad
007d0097
008500a6
007a0091
00a600af
00a5008f
0089008e
008b0098
009a007b
00d2006a
012700b5
00a100e3
00a2009d
00b200a8
009800b1
010100d1
007200c6
006b0065
00a80086
007b0097
006e0090
008a009e
00a500b3
009e008d
009900c7
00a700b8
007e00a3
00c900aa
009a00c5
007b00a5
00c300cf
009a00aa
006a0053
00b10076
00860092
00770089
009100a5
00790089
00920093
00a7007b
005d00b1
00a5008a
00be00ab
00aa007a
00aa00b8
009000b2
00790080
007b0076
0091008b
00840076
00be0097
007d0095
00ad0076
00e10089
007b0086
007a008a
008d00b9
006e0085
00880079
00bd0090
0083008d
00c2008e
00c90089
00ee0086
00980097
00970092
00a700ad
00960074
0079006c
0093007b
00850083
0089008e
00730072
0088006c
00790099
009b0096
00b8008b
00a90098
009b0096
0075008c
00970086
0095007f
008100a9
008100ab
007700ad
00aa0082
00bd007a
00820081
00ad00b1
00da0098
00e800d6
00d200c1
00c900b7
012900dd
010900c8
00d700e2
00750064
00960083
00990068
009f00ad
009d0097
0082009d
00c60084
00b30083
006f004f
009f005f
0140009e
00e500bf
00a50093
009e00be
009b00b8
006200b5
00630059
00ba007f
00b3009e
006e007e
00830080
008d0082
00b800a2
007c0096
00aa008b
00e500cb
00630064
007d006f
006e005e
006b005c
0068006c
007e0067
00b2007b
00b6009a
007d0083
008b0076
008e0099
006600c5
007500b1
008e0092
0092007b
0086006c
00c80099
009000ba
007e008a
00c9008d
007d0096
008e0083
0067006a
007c0088
00850092
0082007b
006900bd
00870089
00a90076
008d008f
007c007e
00890072
00ef0091
009800ae
00c100a0
009800ca
00b700b2
007d0078
00890059
00690078
006e0095
0093008d
009700a6
008a006e
0062006d
007200a2
009000c8
0087007f
008e007a
0089009a
009b008c
009d00a6
008b008c
00c7006b
00a300a6
00650085
00ad0072
0093009e
008d008f
008b0076
008a0084
009500b0
00820053
009800af
0067007c
008b008e
009e0083
009f0083
00950089
008e007c
00770073
00ad0087
009800b1
0088009b
00930072
00b10077
00a0008e
008a0091
0067004a
007f008e
00920076
009300a1
008c00a2
00c20074
008300a1
00a90085
00710067
0090009d
0090008d
009700aa
00990096
009d00a7
008200a3
00b70083
006d005f
006a00a0
00760060
00b00071
00c300a3
008d006e
008b007c
008700a2
0071006d
00b6007e
007e0081
009700a9
00d000ad
0083009b
009500a3
0076009b
007b008e
009d008e
007a0099
00a30098
00a2008d
009f0097
00c700cf
007c008f
00b50070
00830099
0068008e
009f006c
007000c0
00bd009e
00a6007e
0087007e
00830073
00b600d3
00790081
0086007e
00a30096
007e00d5
005f00a5
00750091
0073006e
009a0067
00780081
009000b2
0091007b
008a008f
007e007b
008000ad
0062005d
007d005b
007800a3
00920088
00a300b9
008f007e
00a300b5
00af008c
008a005f
00860067
00a8006d
00710062
008d0093
00800095
00ab00a3
00a20078
00890093
0087006f
0202008b
00af00b1
009b0082
006600ae
0080006f
008b0098
00930088
007b0081
00bf0083
0098006f
00b100a3
00bb00c1
00d30071
00e1007c
007f0073
009b0099
007900b6
00830093
00ae00c1
00a900bb
009500a6
008d0083
0067009e
007d0075
00610062
007b0077
009b0063
0098008f
00cb0099
00750077
007b0091
00930093
00b3007e
009a0093
00a10092
00ae00b2
00b500a2
009200c7
00930051
007e006f
027b008e
00c500f3
00730084
007b007f
006a007d
00810075
0073007e
006b00ad
008c00ba
00850095
008900c9
008200b8
00990082
00820092
00b2005b
008c005f
00930079
007c0062
008a00e8
00930081
00930087
00a100a2
00920065
007e0096
007d0078
0093009d
0092008d
008b0095
0086008e
0084009b
00980053
0074007f
008c00a6
00c1009a
009b0091
009f009e
00a90086
0081008d
007e00b7
008a006a
00990089
00bd008d
00d00093
00a20076
00ab00c8
00760085
0068005f
009b0075
0085009f
00b3008c
00810077
00910093
00740090
00840089
00870069
00920074
007f0089
007c00d7
00740089
00a80073
008f0060
00770088
008f0056
009a007b
00ad008e
00970079
00c7007d
00a5007e
009a0093
009200a3
008d0052
006a005d
008c0067
00a600a5
0096007e
00a70071
006e0098
00870064
0098007b
00770066
00a500a3
00de0079
008900ab
00a6009d
012200a9
00d800b1
00890084
00a9009b
00ba0086
00a000a5
00a5007a
008c009d
00c1008f
00830075
00c20082
00860077
008c0089
00750082
007600d2
00790090
00a00092
009b00a0
006e005d
007d00b0
0076006a
006c0099
00750061
006d0067
00700067
00660076
009800a1
0063007d
006b00ad
008f0091
0071007e
00a00096
00af008f
00b7008c
00750068
00a6006b
0073009f
00bd008e
00930070
0087008b
007b0069
008e0071
0075009d
009b0065
00a5009b
00ab0091
00810083
008e00a8
0096008d
009a0099
00830087
00a70086
00980079
007b00b6
009300a1
009700e1
00950091
00a800a1
006e0067
0089006a
00860082
00e1008a
00d9009a
00960096
0095006a
00b5007e
007c005f
006e0069
008e0089
00a50068
00b20078
00790082
0062007e
007300ba
008700ca
0081006a
00780053
00a60078
00830075
007500a6
007e00de
009f00a9
00810066
007e007a
00ca006f
008300c9
00d300ca
00930077
007500b3
009300ab
00a90055
0089008d
00820095
006f008b
00af0081
00a7009e
00630071
00990089
00a3007e
008d0076
00a80075
006e00a7
00a20091
00950073
006f00aa
00850081
00b700d5
00df00d1
00ff00c5
010800bb
00c700de
00fe00d7
00f200d6
00e30127
006b0062
00b1009e
00870076
009e009b
00a100e0
00a500a3
009900d1
00970089
008f007b
00a00053
00ad009f
006d00dd
009a007d
009d00ae
00830095
00af008d
0085005e
00a70095
0089007a
00ad009d
0085007b
006d00c8
005e007d
005f0074
0084007e
00890092
00bb00aa
00ad00b9
00970086
00950082
009800b2
00ad00b1
00a300a2
00800076
00f6007d
008e009d
0093006f
0083007d
00960077
00750082
007600af
00b20092
00a30090
008c00b5
0096007d
00a70096
00a2006e
009a006b
007d008a
0098007b
00ae008f
00c1008b
00890079
006f0072
00a5009d
0095009e
007e00a5
006e0075
009e00a5
0083008d
008f00b1
00d30072
00ae0093
00a10080
0070008b
007c0074
006e0095
00720099
008b0082
007d0083
008e007f
008e0083
00920075
00840073
006d00df
00a800be
00a60099
008f0099
01070093
00ad00c5
007f0079
008d009a
00a60096
00960086
00a6006e
006a00d0
00870078
0086006f
0059004a
0092007a
0082006b
006e007b
0086006a
00930092
00a20072
007a009b
00690065
00910072
009a0072
008a007d
00700073
00860080
00710060
008a009f
008d0067
00bb0103
007e00c2
0076006f
00620075
008e009f
00620069
008e008d
00990065
0085006e
009e009a
007f009f
009d0096
006d008f
006c009e
00780084
00790060
0070007a
00b7008a
00a800ad
009a0090
006f006e
008400b1
007d0072
0072005d
00b000af
00970099
008a008b
0090009a
00900097
007d00ab
0082009a
00730075
006e0085
00880093
0087008b
0093007d
0087009f
00930085
00a30079
007a0060
008d0088
00910081
00b10098
00910096
009a0092
00890077
0066007d
008800a6
008e0077
0097008b
00870092
007e00c3
009d0097
00910085
00a700af
00be007d
007b00b1
00710074
007b00c3
00910086
007a009f
00870080
0092009f
0085007b
008f006e
0077008b
00e70093
00930079
00bd00b2
008b009a
009700b6
00970076
00a80091
00d600c2
009d0084
00a700a3
00960073
007a009e
007e00ab
00880059
00710058
01100082
007200f7
009a00c3
00860087
007a0066
008a0069
008300a3
0097006d
0096006e
00b90089
0086008f
008300b8
00a1006b
00a30076
008c0083
0095007a
009b007d
007a006b
00be007b
00750054
00a1008f
00830090
008d0061
00810061
006e007d
0071006a
0064007d
008800b2
008c0096
006a0089
007d0059
0056006d
009a0053
008e0079
00770072
00830073
00aa00b1
009700b3
009100b8
00890069
00850057
007b0060
00970088
009000a1
008900ab
00790091
0075007b
00630065
0091008e
008b00ad
00850076
00a20098
00610091
0083008d
0082007d
00910087
00ae00a2
00a7009b
00bd00a2
00af00ca
00e20108
00c50097
008b006b
008d0077
00b10092
00d8006b
00a2008e
0084008f
008a00c9
009a0082
00910061
00840089
008100ce
0079009d
00a200a2
0091008e
00da00a9
008d008f
00980091
007a0089
00960080
006d009e
00a00093
00a800b6
007c009d
00990087
007c0059
00be0092
00b100bd
009100ba
009600a6
007d00a1
00b0007f
00960081
00a7006a
008a007f
009f008e
00960087
009500a7
0084007b
009d007f
0067007a
007c00a2
00590057
0065008c
00a90099
009200b2
00f00082
00b8006e
0073008d
00960071
007900c1
00a00064
008300bf
008900ad
00b00079
008100b6
00860051
00690082
009600cb
008e0061
006f006a
005a0074
006f0083
006e0078
00560052
0087004d
00960067
007e0095
00a00089
00d300a0
00610082
006500ba
007e0096
008d0086
00a50073
00be00a3
00aa0087
007e0073
006d00b1
007f008f
007c0079
006b005f
0088007c
00a1007d
008a00a6
0054006f
00af007d
00c6007b
00bb00bd
00ab007d
00a200b1
00e00116
00e000d6
00bd0098
00c700a1
0081009b
008200d5
007d006f
00870061
00a500be
00a10080
008900d0
008f009b
0089006f
007f007e
00af008b
00ee00c2
008100c5
0076006f
00860085
0067009a
00a90085
009e0072
0125005f
0075007b
0083009b
00b30091
00b800c9
00cf009e
008a00ae
00c000b6
007d00b2
00910079
009f0097
00b100d5
009d0065
00a70092
007900a3
0082008f
00ab0081
00d900ed
00730108
005f008a
0071006c
004e006a
0068006a
0055004f
00970096
00750057
006f007f
008600a7
006a009d
0084009e
008000b2
007b00b2
007d005b
00ab00ad
00cb00b5
007d0086
007c00a0
0093007c
006f0076
008f0093
0076006c
00aa006e
00770081
008f0084
0097007e
008500a9
008a0081
00890073
00ad0085
010300df
00730100
00520059
00750077
006f009a
00660066
00910065
007c0065
007b008d
007f0069
00920091
008e00a3
008a00a5
00660098
007a00f0
00cb00cd
00a000b2
007b0093
00b30078
009000d8
00c90095
00b3009f
00b30074
00810061
006b007a
0095007a
0085008f
007600a7
0082008d
0077008a
0091009a
0062006c
007e006d
007d008d
00a0008e
00b00099
0096008f
009a00a8
008d006e
00970075
00990067
00a80092
007b0092
00ad00a5
0099009a
00b900dd
00a100a8
00b90073
0081006d
00930086
00ae008a
009b007b
00c800d8
0090008e
007500bd
0066006e
00950095
00850089
007600a3
00890082
009e00a1
00960096
00b60091
010900bf
005f0085
00c1006e
00a3008a
00750098
0062008e
009200a2
00ae0072
00b6007f
00a000ba
00bb00b7
009b00b8
00b600c1
00a1008c
008700c8
00ad00a0
007d005d
00d00098
009100b6
009700a5
00840091
007a00a3
00a5008e
008c0083
008e005a
0082009a
009600a2
00c90092
008700a5
009f0086
0090009f
00ab009e
012100db
008e00ad
008500a5
008d006f
00d00071
00920063
00620080
00a000a7
0082006f
008f006e
008f007d
006200af
008b008c
007b008e
00780075
009b008a
00790065
00870072
00860069
0097005e
0081007d
0087008d
009b008a
00950091
00820066
0089007e
00ab0082
008b00b8
008100a9
006e0070
008c006b
0095007e
006e0075
009f007e
0091005f
0091008a
009b00b5
00810085
00aa0089
0082009d
005b0069
00760090
01350076
00a30091
008b007b
006c0081
0069007e
00af008a
00a60063
00980066
00910083
008a006f
007d00ba
009100b0
00a20087
00b50082
00790057
00810056
00a50084
00680081
00720080
00b70098
0088007a
00620064
00720093
0092007a
006e006e
008500bd
0083008a
007e00b1
009900a8
009e009f
008a006e
0092007b
007f00a1
00870085
00910085
00bf0093
00c1007f
008a007b
0077006d
0061008a
007e0083
008800cb
0091008e
00d200aa
00b60089
008f008b
00a80077
007b00db
007e0086
009b00b2
00850098
0086008f
0089008d
009b00b1
006a0064
00730082
0100006e
00a8009f
00b00049
00720077
007c0086
007b008c
00ad004f
015200d0
005e00fb
0054005a
0062007b
00760057
006d0072
005b007d
007d0096
007e0068
008e009a
009b00a7
009e009a
00be0093
00850077
00a000a0
009d006b
00d7007c
00770078
0086007e
0099007e
00b10091
009900a8
009a009b
00b20063
007900b9
00810087
008000a6
00730098
00c7008d
007d009e
00b00083
005e007b
007f0075
00ad0083
007700a0
00740089
008e009e
006e0079
008f0079
00660072
00a2005f
006b006f
00860081
0095006d
00930061
008a007b
0086008f
006b0057
007e0081
00880097
00890069
0095006b
008e0098
00630068
006a00a0
0051005b
006200aa
00a900a5
008100b1
00b200a7
006d0070
007e00ba
008b008f
00f0008b
00b1007d
00a2008b
008b0073
007400a6
00850087
00a60085
009d008b
0070005f
007b0097
020b008e
00a000df
008a007d
006d0081
00af007d
009500ab
00980068
00790057
00820093
009a0085
008a008e
00bb0080
00700088
0090007b
00990061
007d0087
008b00b2
00990091
00b70075
00a80076
008e009a
009300b0
00910083
00870076
00b5007e
00ad00b5
00b000d5
009100d3
007e0091
00ad00e1
007a004e
00d300a6
00c20076
0086009d
00af00b0
00a7008f
008e00a9
00740078
00cf0070
0079007d
0089006a
00800078
009300cb
00930096
00a700a1
007e00a0
00780078
006b00aa
009600a0
008d00a0
00a0007f
008d0091
009f0083
00870076
006f0079
00a00096
0074007b
00a20059
0061006b
00600061
005a0061
007b006d
00aa00ab
007e008f
008800cb
0080009e
007f0097
009b008e
00950085
00a20082
007200a0
00a10079
00af008e
00a50092
00a100b5
00b50091
00960099
008a0092
00790063
00cd009e
00a1006e
00a30093
0090007b
008e0098
008a006b
006a007d
00c100b6
00aa007c
00ba00fe
013501f0
00620147
005e007a
0092006a
005f00a5
00b3005d
00ca0085
008800b9
008200bd
009200e3
007b0089
00b100b5
009500a7
00910072
009a007f
0082006b
00b800bb
00a700a1
00a8007b
008f0079
00720092
008b00b5
005a0056
00670082
007d0082
00a0007a
009800c6
00ab0089
00740071
007c004b
00a100c2
00920089
00ad0093
006f008b
007600a0
006d0093
00920089
00710081
008700ab
008f00b7
00bf00c0
009d006a
009700c0
007200a5
00ab0075
00650077
00a30099
009d00a7
009d0092
00b300a6
00c500a1
00a000bb
00860085
00930099
00a0005c
00850075
00b90092
009a0081
00900072
006d0087
00820091
00840069
00a10069
00a80098
009f0097
00b10099
00ab008f
009e0091
007d0092
0076009e
007e0092
008f006d
00960092
007f007f
0086007d
008f0070
008f00a8
008e0062
006f0083
00a0007e
00a3008d
008e007e
0077006f
0073007a
008b007a
0074008b
0089005d
00950096
008100b3
0087008e
00d60079
008e00b0
00980071
009b007d
00890095
00a200a0
00ce00cf
008e00bb
0071009d
00be00a1
0097008a
00980098
008a007d
008a00bb
00b200a2
00b300b9
00730073
0090007d
00870091
009e0076
00990076
009e0082
00bb0079
009500b3
00d300c3
009b00c1
00bf007d
0072004d
008f0091
009a009a
00a00079
009e007f
009d008b
007b008a
005e0085
00710077
0091005c
007f0071
005b0065
00ad00c0
00c80092
00b100a3
00aa00ae
00e90056
00af0099
009900c6
00a1007e
00890091
007d0093
006b0098
00be00ab
00810077
00a3009e
008e00a3
007e008c
00840098
00830083
008b0092
009800d1
00a600a7
0082006b
009e0067
00a30076
008f008f
00ab00a2
007e0075
00650075
0064007b
007b007b
008400a0
0098008d
007100bb
006900a1
0092007e
0084009f
006b008b
0112008c
00820092
00730082
006a0089
00830069
00a200a5
0092006f
008f007e
008d009e
00600097
007600a3
0095009a
008e007e
00c200a7
008d0088
00750060
00a20076
00720076
00980074
005e0066
006c006b
007800c5
007f006a
00820065
005e006e
007c0069
006a0083
006b006e
00830073
006c0076
006a0072
007d006e
00820069
00830079
0093009b
00bd008d
009900b3
00a000af
009b00a2
007f0057
008d0070
0097008d
007b0093
007d0070
00890078
00ad0061
008300aa
0078008a
009200dd
007800a6
008600b0
00920098
0082008b
00aa009b
009d00da
0090005e
009a00a8
00780096
009800cd
00980095
007b007e
00730089
00920071
00780089
00820072
00a100ae
0087009e
00a200a8
00b3008a
007a00c6
007d0083
006b0082
00620055
0087007d
00780082
008d00a1
007d0093
00ef0083
00840087
009e00af
006d0072
00710087
008900ad
008600a1
00740098
006e00b3
009a006f
00750061
007900a6
00710091
00b100b1
00780079
00770078
007600a0
00bf0076
008f0076
00a300a3
007e0086
00a80092
00b300ab
009e00c0
00a20108
00ae00a6
00770075
00740065
0065007c
006b0062
00860081
00970071
007b0087
0074008a
00980067
00b70083
00a5008c
00a2008d
008e0089
0098009d
009f0093
009800a7
00bd0072
007500a0
007c0099
009f012b
009b0073
00780088
007e00b2
00a90072
00710085
00ea00b2
00be00bb
00aa00a8
00bd00c0
009b00c0
00c00095
009500c6
006e008f
00650081
00780096
00bb0066
00860080
006b0095
006a0065
006b005b
00790072
007a00a8
00810092
00b600bd
00a1009f
009600a0
00790062
00bf0075
00790062
0097006a
006f007a
008e0086
00740096
0091008f
008f00b3
008f009e
00790069
006a0091
007f0080
008900a8
00af0090
00950098
00b8009b
00a9009d
00d00077
0076008d
0083009e
00b3007f
00a100b0
008a00a5
007100a0
00bd00b9
00830061
00760088
008d006d
009100c0
00a1009d
009200a5
007e0073
008b0082
00970088
00a00087
00890074
008600b3
00b10086
008d00af
00eb0071
00c100a0
00850053
00860086
00ab009e
00c700be
007800ab
00a00088
007b00a0
00a50076
00890067
00bf008b
00730093
008f00b0
0096008f
00b90086
00840077
007800af
00ab0067
008e0084
0077009a
008e0083
0096008c
008e00a1
00a700af
008c00bb
005d0069
007200bf
008c0075
0081007a
008b0076
0071007e
008a0073
006f007e
008f0098
00a1007b
008c007f
0072009b
00a0008c
00be00c1
006d0077
0087007f
007f008a
0092007c
0098006d
007600bb
0097006d
0098008b
008c0095
007e0069
006f0097
009d0081
008e006b
008f00a8
007b00c9
00740086
008a0097
00740082
00860061
00980082
00b1007b
009d00a3
008f00b7
00cf00ba
007c007a
00990079
00790073
006c0089
0096008e
008c007f
00920098
00860098
008f00b3
0073007d
00950070
00730082
0082007a
007f006b
00730065
006c0076
007f006e
00750085
00950063
00810071
008e00a6
00830077
008f00b7
0065008d
00a80086
00a2009a
007d0090
00990082
00a0007c
007d0077
0097008b
009d0069
00630089
00a20091
0078006e
007600bd
006d008f
008900c9
009300cb
00950097
008c00b3
00ba0077
006a009a
008a006e
00c70075
00ae0092
00d50098
009f00cf
007f00c6
009f009f
00ba00af
008e00a7
0080007c
006c006b
008e00a9
00630087
00820092
00910082
008b008b
00b5007c
008f0080
00840075
00850076
007b007f
00b80066
00840081
007b0082
007d0079
0098008c
00a200af
00d300a1
009900b5
008000bd
00b10098
00b00076
00a30088
00730122
0085005f
006b0074
0062006a
008d009d
008a006f
008a0089
007f007a
008200a6
00b60080
0095009f
00c7007f
00a00070
00ab0085
007c003e
006b0091
00790062
007d00a6
00840085
00e500c0
00a2006c
00980077
00eb00be
00b700de
00a6009a
00d800a2
00ae0081
00d90099
00a3008c
011600a7
007c0088
0093005f
00a700a5
009100aa
00a300b0
00970085
00b100a7
005d00a6
009b007b
009a0093
0074006e
00a1007a
0092009f
00980092
0093008e
00830083
00990059
0071006b
00a100a6
007e0091
00dd0093
00d80097
00af00aa
00ba009a
005f0092
00930085
0098007a
008d0081
00710079
00b60098
00720091
007200ce
00750070
0091007b
00b600c6
00c6008a
008f009b
008d009d
00910086
009e0071
0090006b
0099008a
00c300aa
007b009b
00a90099
009300b0
00b200bd
007e007e
007c0060
007800ab
0099009d
0088007b
00720093
008e00ba
00af007d
00a200aa
007c0077
0084006b
0087009b
009d0088
009700a9
00aa0086
008c009a
009e0077
00780087
00850078
00ba00ad
0092008b
008e00af
00c20097
00e5006e
00920093
00b20101
00e7010e
006b008d
00770073
005d006c
0061004d
00500051
0045007b
0090008a
00950079
0086009f
009100c2
0095009f
00840081
006c00a3
009700a1
00910058
007900a7
0071007b
008b0083
00910071
007d0091
00b900a2
009e00a7
0061007d
006a0052
00960086
00a60087
009b0091
006f0064
008c008a
0076007b
0083007a
00a60079
00c50089
00960095
00a300a6
00b900c2
00cf00b7
007d00a3
00ae00b0
008800b6
00b300a9
008e0092
007d00b7
009d00a0
00750074
009a0086
00b80068
009d0082
00980072
006c0080
00bf009a
00960077
00880083
009e007f
0095009b
007c0089
007b0080
00a600af
00a8008a
008a00ab
009a007a
009600d3
00850079
0089007d
007d006e
00610085
0095007b
007b00b1
008e0082
00b10085
008b006a
008d0085
00760087
008700d1
00a0006f
0081009a
00850075
00920074
007f005b
00d50090
0097007a
00920091
008a009d
009a008e
008500ca
007c0092
005f0063
00750071
008e00a0
00ad006a
008a007c
008e00a2
007100aa
00830098
009a008d
007f006e
005e00ae
00920066
008d00bd
00b30088
008a0093
009d00af
008b008a
00be0085
008600b5
0090008b
0072008f
00990077
008e0098
00a70082
00d70098
009a00a9
0077008b
00b800a1
008200b6
008d00a3
0096009d
008b0096
00a5006b
00a80082
00bb00db
008f009d
009e00a3
00c900ad
00a300ba
008a0098
00820069
008d0087
009700aa
008300a0
00d0008e
00be0093
008d00ba
00970089
00f0013e
00f800c8
012900c6
012b00c8
00c8013b
00ea00bd
01080159
00ea00ed
008a0080
00b80097
009f009a
00b500e0
0096009e
00de00d7
00a500b3
00b700c8
009f0082
0092007b
00b6007f
00a900b0
0097008e
00b30072
006b007e
0082007b
00d90150
008e006b
007700b7
013b0082
00a70090
00a60083
0070008a
007600ab
00980065
00990072
00890089
0093009b
00a200a0
0077008e
008a007b
0071009b
00600060
006d009b
009d007d
006f0084
007d009f
00910089
00a70086
00690093
00730067
006f007f
00830085
00850084
009a00b2
0089008b
00760092
006e007f
008f0073
00840093
009600ad
00980090
00c00089
007a00b0
0079009d
00b20081
008d007e
007f0098
00810072
009d0085
007f008b
00cd00e2
00a300aa
008500ad
00990082
00720085
008100aa
008400d0
00a8007b
007200c0
00a2008d
009b0079
008d0092
00760082
00af0061
0083007d
0069007a
009e008e
00aa009a
009200b2
00a10085
00b1009a
00a30080
00a00093
00aa008d
007e0099
008d009e
00910091
0073006d
0091007d
009f0097
00910096
0086006a
007300a1
00af008b
008e0092
00740053
00aa00dd
006000eb
00720086
007c0063
007e0078
00790068
0076006b
00c80064
00af00c9
008e00ab
009b009d
0088008e
009a0086
0092008a
009100ae
008f0075
0085008b
00c00088
0084009e
007c0093
008700a5
0087007b
00a600c1
00c1007e
00d600ab
009700cb
0056006b
00620066
0097006b
00710088
005e007d
0079008d
00740074
00800085
00a700cb
0097008e
00c50095
00760099
00c2008b
00980075
0091009a
00ad00aa
00af008d
008b00a1
00990089
008a00aa
009a0091
0160015e
01620059
00850069
00950077
00dd00d3
00570072
00740071
00510082
0095006e
0099007f
00b800c0
00900079
00810084
00a7008b
008b0082
00bf0076
009f0063
0082007d
0087007d
006f0092
008f00a9
00d200a5
00d900a3
00b200ce
0077005c
006300a5
009e009b
008d00b6
009100fa
007200a0
00a7008a
00890086
00b10089
00710083
0095009a
00ea0081
009b00d0
00c1007a
00c0009f
008c0087
00f600d8
00b10072
007a00c8
006700f6
00c70092
00aa0084
00970086
008d0075
00750065
009d008e
0069008a
00a00071
008000a5
008d008d
00a9008a
007b00b1
00770077
00cb007e
007300b0
00750077
007d0081
007b00a0
00840076
00b2008d
0087008c
008d008e
00a300a0
00a00093
00850099
008a008b
008b0098
00b10078
007500a9
008e0069
009d00a2
00710062
009b00a1
00bf00b1
00bd00a6
0075008a
00790080
00930070
00990082
00660088
0087009f
008d00ad
00960080
009800b5
008e008b
00960061
00ad007f
00cb0093
007a00ea
008f00b3
008500b3
009700af
00b7005f
0085006a
00790098
0076008f
0089007a
00a6007e
00960091
009200ce
007e0076
006c007c
00ba00b3
00810096
009b006f
00b7008b
00960081
00b0009f
0051006a
00b100a6
007c00a3
007900a1
0089008f
00a1008a
008f00a2
006f0085
00950075
00b30091
00a20087
00c000a0
00b3008d
00d000a7
00a2009d
007e009a
00f800ef
00760086
00700091
0079009a
008d00a7
00a7008f
0095008f
0098007a
0077007d
00be0081
0093007e
0083007f
006e009b
007b007c
009100fa
009f0090
0079007b
00970075
0099008f
00a200a7
00aa00f0
00c0008e
00a7009a
00a6009d
00850072
00710073
006c008f
00ae00a9
008600a2
008d00bb
00840081
00920091
0076008e
009200a3
009d007d
00b200aa
009d00aa
008e0096
0097009e
008f00ba
00750059
0062005a
0074009a
008d007c
008e00af
0097008a
0059009d
0097008e
009a00a0
00720082
00a100a3
00aa0071
008300c9
00b50088
00a600ca
0085009e
0090008c
00aa0083
0091009f
007d0090
00610084
007a0086
007b008d
007300ae
007f005f
00840080
008a007b
008700b0
00890078
00bd00af
00950084
00990085
00b90067
008d008e
00aa0098
007a0077
00ae00b2
00a60089
00970085
00b30090
007300a2
00860086
00850096
00a0009b
008d0090
007400b1
00820063
00af0092
008d00f2
00900062
0075007b
007b0071
0082008d
00760082
00b80099
009f007f
0092006b
007a00b9
00bb0069
0098009f
00d90092
00a1008c
00860082
00750081
00750098
00aa00af
00b2009f
00b800ab
009800a9
009100ae
00b70093
00a2008d
00830048
008b005d
00a50085
00b70093
00ab0098
0075008f
009d0091
009a008e
0063007f
0074006a
00ae008c
00b60071
00c90089
009a0089
00b50083
00720077
006d0086
00670083
008d0095
00880096
007a0095
008d0089
00bd008a
00b600b6
00930083
008e007e
00b50098
0085009f
00b100b0
00bb009e
007300b2
008200bb
007d0058
007f0095
0076007e
008a0095
006000a7
0089008d
00730098
009b0098
009e00b2
008b0060
009d00a1
008d0085
00a5009d
00b20090
00920086
009f006d
009d008f
007d00b2
00b200bd
00960099
009000b9
009d00c6
00a900a0
00ab00ca
00a00093
00710060
007100ae
00a10092
00b3009f
00a6008f
00660081
007d0098
008b00a0
00d90098
00a20085
009e00c8
008500b5
009b00c2
008b0095
008300aa
008700a1
0075006f
008e0089
00a60080
007f0090
00770076
0079008c
00ae0086
0072004c
00aa008b
005200ea
007d0068
0098006f
007f0081
005e0089
00860096
007c009b
00ad005e
00ae007a
00800082
008400c8
009100ab
00a6009f
00950092
00780070
00990073
007a0098
009700a2
00930091
00b70082
008e008f
00870088
00bd00a6
00730099
00870092
00d100af
008d00b3
00960098
00ba007f
00b900b8
00860095
007e005b
006e0066
008f0085
00aa007e
007a009a
00920082
009b0088
00930091
00910087
00aa0091
008d009e
00a1009e
009f0084
008b009a
007d009a
007f00a5
007100ba
00840086
00890095
00b200ab
009d008f
008500af
00a90086
0086008a
00af0092
008a007a
00d5008d
00970096
007600b9
009000a0
009d00b2
009a007c
0099008a
008f0091
0076008d
0099009f
00b1007a
00850103
0098007c
00750096
00a30071
0092007a
00750098
00a7009a
00830092
0077007c
00800087
008c0067
00aa00a2
009b0092
00a000a3
009800a6
007d0083
00b700a5
00a70096
0071006f
009f0059
009b00fe
00af0093
00a6008b
00920083
008d0069
006b00ba
00a60069
0087006d
00910081
006a007b
00870077
00810089
00550076
006c0078
00a70087
0087007b
007b006d
00af0093
00770098
00770075
008e0093
007a007f
00a9008e
00790076
00850077
007a0072
009a0073
008e00b1
009d0085
009900a2
009b006c
00af007e
00b80095
00af00a9
00970093
007e008a
008900a7
00a1009d
00700070
00890097
00aa00c3
0096007e
008900b3
008500b1
009900be
0091008f
008c0069
007b007b
00740068
00980081
007a0083
00860072
008500a9
00970095
0087008f
00a0009a
00b90089
007f00a6
006a0085
007e008f
008a00c0
00900099
00ed0088
00680077
00910086
00b20087
0080007e
00a8009d
007c006e
009d008e
009500b0
008a008f
00bd00c1
00b100a0
00c700ab
0092008f
00be00ab
0096009b
00690069
00be00af
00670096
00be00ca
007d0086
0081008d
009600ad
0081008b
00da0071
00b700d7
0099009b
009900ab
00fa00b6
00a900d7
00bd0095
00a20091
00b8008b
00a50091
00c900a8
00c800a1
009a0089
00980081
009b00b3
00b3009a
00a5008a
00c2008c
010200a8
007d00b3
00c600b1
0096008e
00cb00d1
00d00083
007a00a9
00ae00c9
00aa00aa
00c900ca
008f0091
00f000ad
00bd008f
00fb009b
00720063
00840071
00810086
008d00a2
00950088
0079008f
0091007e
008a009d
008b0077
00ab0099
0096009f
009500e3
00aa008c
00b500aa
00980093
00a3009b
006e004f
009a00a1
00660099
00a00080
006c00a7
0099007e
00920067
0095007e
0081007d
008800a9
008900af
007a007e
006f00e2
00b30077
00930093
007e0098
00a0008b
007600bd
00970092
008f00b6
00bb0081
00a70095
00ad008e
00e100ba
008f0096
00870082
009b0091
009e007e
0072009a
0077009d
006a0098
0072006a
00860087
0096008f
00a9008b
00d00090
00ae00bd
009000bf
00930083
009900a1
00710092
008b006d
00b00085
00de00b7
009800e3
00b700a8
00a00091
008600b3
00ad0079
00df008d
0093007e
00800085
008b00a6
00a9008c
007a0097
00bd00ab
00870077
00590066
009f0098
008a008d
00a00091
007f00b2
00a90099
00bd00b6
007b0085
00b9006c
00ab0095
00b90079
008e00b6
00a90083
007c009e
00790089
0095006f
007b0085
00a300a6
008f00aa
00a0007e
0087008c
00e600af
009d00b1
007b0072
00890088
00d5007d
00820086
00d50086
0092008b
009b00af
00bd0080
00750074
009d0087
00890092
00df007f
00bb007c
00910082
008a0066
008c00a3
0074009d
0075008b
00b30086
00a300ae
00db00d6
00d300b9
009f00f5
00ba0092
008a0077
00950089
007f00ba
007f00b0
009a0083
009f0072
00b7008b
009700f0
0092006c
0080007a
0085007e
00a60082
009a009a
00a10095
00720082
007b0095
00b00068
008200a7
00b60092
00870089
009100c0
009300b0
008e0095
00a20083
008700be
006e007a
007e00a0
00910097
0096008a
00af0093
009900a2
0095008b
009b0062
00610065
007b0071
00b00098
00850099
007900ad
00960066
0092009e
006f00a0
00670095
0082009f
007e0085
00ad004f
009b0072
006e0096
00830076
009000e7
0086008b
00a000a7
009f0079
00840093
00af009a
008900b8
009f009e
007b006f
008a009a
008a0081
00ea0088
008f0093
008d00a3
00bb0083
0076008a
00ce0078
008d009d
00a2007a
00930085
008f00b2
007c00c8
00bd0098
00cd00c6
00a00069
00af0089
00a100a3
00d2009e
0086006d
00a200a3
00a90091
0087007d
00880071
009b00d9
00ba0081
00c6008a
00b50096
008f00a2
00890090
00b9009b
007b0066
007e007f
009f008c
009100a7
00a10081
00af008e
00910082
00d800be
00730084
009200c8
00920068
0095007e
00ae00b5
008a006b
009a007a
008700ab
008a0077
009700a9
00c00082
00900097
00890085
00920079
00b000b7
00b0009e
0095006e
00820071
0059006d
0082007b
00b70081
007400b0
00780087
0095007f
00890098
0071006b
00960087
00610084
0077007f
0070006d
008c0093
0073006a
00920093
007f0079
00700099
00af0091
00830098
00b900b0
00830068
007600a7
0086008a
00ae005b
00cb00b5
00b500dd
007f009a
008a0076
00aa0075
0095008e
007a0078
00710081
009d00c1
008f00a0
0099008e
0091008e
0097009f
00ab00a9
00690083
00810077
007e008f
009e009b
008f00b7
007e008e
00830083
008d007b
007b007e
00860098
007d008f
00970092
00810087
00ba009e
007d007c
0090007d
00720062
00980083
009100b8
009f0091
0083008a
00770077
00a80092
009f0083
00770063
00750074
009f00ae
00db009e
009f007b
0091007a
009a0082
007a00e9
00bd006a
0096008d
00aa008b
0083009d
006a00a3
00a900a8
00a300b6
00cf00ba
00740052
00da009d
008200a0
00870072
0089005d
00660067
0061006f
0074006b
00c7008a
006f0099
00650061
00b10071
006a0092
007f00b2
00b100c3
007f0090
009b00b9
0091007b
008500d0
00a20098
0082009a
00aa0098
00c200a1
00c500b1
00af007c
00bf007a
008d00a1
00db00b9
008500b2
00fa0098
00a300ab
00a800db
0075006c
00870073
008e0079
00ab00a6
00920099
00870088
0093007f
009e00b8
006e0073
00a500b3
00610081
0082007a
0061005a
0088009e
0093008e
008200a5
00a0006a
00780096
007e007d
006d0088
00740063
009300a3
005f0087
0077007d
00a900ae
008c008a
00b000b0
00a80093
009d008a
00ab0089
00980083
00870089
009e008d
00790081
00e200a7
009300cb
00aa00a2
0084009d
00b600be
009900a8
00e0006f
00970075
008d00a7
00890098
007e0079
007f008b
0089007e
00b1009d
00ad0089
00d90091
007600a3
009300b1
005900ba
005d0043
0085005a
00580055
00aa0074
0072007f
00880085
00870078
0096006f
00900097
008a00c1
00d100b2
00c80098
009d008f
008e0098
00a10080
008d00c1
00a5008a
00b300a2
00a20087
0057008e
0086006d
00ba006f
008c00a8
007d0077
00b1006b
007d008e
00ae0083
007b0085
007b008b
00680098
0071008f
00930095
00b50090
007c0062
00bf0095
008300a6
007b0072
008f0089
00b30097
008700d9
008a00a3
00aa0080
008700c3
008a0086
008b0086
00b3008d
009800ae
00b8008d
008300a1
0090009d
009500b2
00970071
007500a5
0086008b
00890084
00990092
007a008e
005c00c5
00990070
007e007d
00a8008e
009b009a
00ba0081
00af00a7
00820095
00950086
007a007e
007200b1
007d0096
00f8009f
00a200ad
008f005a
0087007a
00750090
00840076
00c0007a
00a1007f
00b300c7
0081007d
009100af
009500a8
006e0092
00970082
007f0083
00a100aa
00b7008a
00cd0091
00af0087
009a00aa
00ae00bf
008e0089
008d008e
007e007d
00bb0092
008c0081
009800b8
009500ba
00910086
009a00b2
00bb007c
0071007e
00ae0076
00ae0062
007d0087
00960076
00b00066
008800b0
00700068
008e008e
007f0084
00770098
0087008b
009f009a
0068009e
00910090
006c008d
008700e1
00ab0088
009a007f
00d20093
00760099
00be008b
008b008b
00740091
00b500a1
00b500a1
00760098
009f0092
007b0081
00d10097
007a0082
00a1007b
008a00a0
00a20083
009e0081
008a007e
008a0085
00890077
008500d1
009800b6
00810087
008d00bb
00800085
00860083
00770089
007e0080
00960085
008f005f
006b0068
00930073
00990075
00990092
00a70079
00aa0081
008b0072
00d600e6
00990075
0085006e
00a2005f
00ab0067
00af008a
007300ab
008f0073
00660067
007000ae
00800089
00860095
00870091
00820089
00920089
0077007d
0086006b
008b0095
007f008e
009800d3
006f008d
008f009a
008500ba
008b0091
0088006e
009700b5
00ca007d
00980098
0092007f
00c7009a
007900af
0095009f
00750069
0096009a
008e009a
009e0092
008b0089
008700aa
0089006a
0092007b
008100a0
006c0091
007e005d
0092009a
007700ad
007100a2
00730081
007a0098
00ad006b
007f0087
00970068
00c90097
00a500ca
00730086
00810072
007d007a
008f009a
00a7006e
006e009f
007700a6
00920087
008500bb
00df00ca
00b10091
00750068
00910092
0085008d
00890088
00b30099
00a9009d
00bf00a0
007f0084
008400a6
00d0006a
008b008f
009d0092
00700091
00930098
00a9009f
0099008f
00620058
009f007d
0099008e
008f0096
00ab008a
00b000aa
007900a7
00a30082
0088007d
00760079
009f006b
00d2008b
0087008a
007a0089
00b900a6
00c300a0
00890086
00760097
00a6006f
00a00092
00a70098
00c90091
00c30093
008d008b
007a0084
00660062
00a90069
00700070
00a300b0
008d0086
008200a8
00750082
00770071
00ab00bf
00a500be
008a00af
00cd00ae
008500bd
007d007f
00a20085
007b006e
006f0082
006e00a2
008a0075
00970083
009b0076
009a007d
00850084
0083005e
00830076
009a008c
00b00084
00ab008f
009300b3
00af0085
00810091
00bd0077
009b0072
006d009d
00980098
008f0098
008a0072
00a10083
008e0086
007c009f
00a50099
00ae0092
007d00ad
007000ba
00cb006c
00a7008d
00ae0091
0090006b
00660077
00660080
0063006a
009300ae
006d009d
0075007b
007a0089
005e0095
00750095
00710083
008e0060
00850087
007f00d1
005b0099
00730091
006f007e
007a005b
009200a7
00ae008a
0096009d
00c700b2
00890091
007100c2
00760061
00850075
0096006d
00a1009a
008a0097
0077009e
00ab00b0
00980084
00930071
007b006e
007a00ad
00b200dd
0097008d
008c0089
00850078
008e009d
007b0092
007500c6
008d0085
009900a8
00ca007d
009a00a0
00af0092
009b0074
00a50074
0084009b
00b900b2
009e009b
00c20087
00890095
00a700aa
0111008f
00b60087
0096007a
008100a9
00aa00b8
006e008d
009b0085
00a300bd
009200ae
007a008c
00860076
00660080
00a8006d
00830076
007c006d
00b5008b
00980075
009b0071
00a9009a
008c009f
0075007b
0097008c
00c7008a
00b30076
009d006a
009800c5
00bd00ee
008b00bb
00c1008b
00cd00d6
00b600f1
00bb00c9
00c800c3
009a0082
00a7007b
00b20098
0097009e
00850092
00b000b0
00c600d8
00b100a8
007600c0
00930084
009500bb
00a9006d
00a10084
0097009a
00a200a1
0086008e
00d5009e
0067008f
00a600a1
008400b0
008700a8
00a900c5
00af00b5
00750106
00980051
006f007b
008e007e
00b90099
00bb0079
00a0008d
0099007a
00910084
00920091
0083009f
00b200b5
00a600a6
009b0084
00b70097
0073008a
010100bd
008a0082
00720084
008200b2
00ee0075
007d007b
00aa0075
0079007e
008d0072
007e0083
00760079
00740079
00a1007c
005b007d
0063006d
008a005a
00690081
007f0065
00a7007e
00860098
009200a2
008b00a0
007f0091
00b8008b
008e0096
00b500a1
00be009e
00d00085
007c007d
00c0009d
006e0075
00760066
00950096
0085007e
00a00088
00970096
009200a5
009800ab
00cd00b2
0080008e
008e0095
00810099
00880086
0092008a
008a0099
008b00a6
00a000a8
008a00bf
009f0092
007a005b
00780082
00910082
00810084
00e200b1
00ba00a8
00a300ab
0095008f
008f006b
008d0076
009600a1
009200a5
00990091
009300d2
00cd009f
008a007a
0095009a
00a30095
00950082
008a00bb
009d0082
009d008e
00b5008d
00ba0087
008e0076
009d007d
00a90097
008b00c2
007600f1
00c20086
007f00ab
00af009f
0086008e
0092009f
009d00a7
00a800a3
00a600b3
00b80090
0098008f
00a7009a
00800062
008900c3
007a0089
00d90093
008b00c1
00ab00a6
007300a5
006e0081
00a2009d
008f0089
008d00ab
0098009b
00ab0092
008a00d2
00860097
0080009b
007e008a
00a70081
00a50082
007a00c9
009a009a
00a600b7
007600a3
00ab00b5
00a7006d
006f0093
00920097
009d007c
0083009a
00db0081
008200a8
0099009d
00b7006f
00c70086
00f90092
0083008f
00a800a8
0095008a
00890093
008f008c
00b3008f
00c50097
00950086
008f00b9
00d0008b
00cf00a0
00a2009f
009200da
00530063
0096005d
008600a7
00a3008b
00970083
0090008d
007a0099
00910085
009900a6
0076007f
008f00c1
00e300a1
00bd009b
009b00ad
00920088
008b0092
008a0098
00a0008d
00a500a3
00ce00bb
00890099
00c500b1
00a300f5
00b7007f
00800061
0089006a
009600ff
00b100be
009a00ca
009b008b
00a7008e
00cf00b2
008e0082
007b0056
0091009f
008600af
008a0090
007500b5
009300a5
00bd007d
00b90069
00a10097
00ba00af
00a500b2
008f009d
007b0092
0079007d
00b000ae
00820083
00a00091
00a30097
00c70095
00b30082
00a200bb
00af009b
009f0095
00ae005a
00950085
00900096
008800aa
00770088
00820081
00830090
00b000a1
00b700b0
008e006a
00c000a5
00b30095
00aa0093
00a900cd
00830098
008b00a8
0079005f
00b700a8
00950071
008f0071
0082008d
00920072
008400be
0084007a
00a00089
0080009f
00e000a6
00c700c0
00ae00ba
013200ab
00a600c1
00af0085
00a8009b
0091005a
00c3008f
008e009d
0113007d
007b00b7
00be0067
008b0092
007b0098
00920074
007f007f
00e800e7
009700af
0081009f
00b80091
009300b5
009e0066
0083008b
00a60079
009a0085
008e00a0
007400b1
00830091
009300c2
008e0086
007e00aa
007a00ad
008e007e
00790085
006f007e
00820095
007a007e
00910063
00a600a0
008a0067
007d00b5
00820091
007d0097
0072008a
0095008a
005c007e
008300a3
006e007f
009f0098
006b0070
008a007e
0071006a
0083008b
0067006d
008300bf
007e009b
0095007d
006d0085
007b0070
008b0096
007e0084
00bd0083
00a0007d
008b008f
00a600c1
00a90098
008a00cd
00a3008c
00a60083
010d0093
00b6009e
00950082
008a00df
007a0087
00ce00a7
00d00090
009800d3
0070006d
00820087
00aa0070
009a0091
009a0087
009e007d
008b0082
007c0097
00a100b3
00850085
008d00dd
00b500b5
00e20093
009a00aa
00b900be
00a50086
00700065
00c3008f
0077007d
0078009e
009a0085
00a5009a
008d009e
008f008a
007d00a0
006d0082
0097006b
0074006a
007d006f
0084007e
00a3008b
0096009a
00730064
006e0059
00950078
00700092
00930093
00890086
00870076
0090009a
0083007c
007f006a
00820097
008e0071
008c006e
007c007b
00a60084
007400a8
0091007b
00ad006f
00ae00a7
009e0092
008b00a2
00a800ae
007a0098
00b500b5
00790096
008a0061
00a90078
00a50096
0084008f
00840073
00850082
008b00a2
0085005b
008f0086
00c6009e
00a300c0
00a800b5
0085008e
009d00b1
00af00b8
0089005a
00a7005b
00790084
00a20081
007f00a5
00bb008d
009a0089
0099007e
00ba006f
0091006a
00730091
006b00a7
00ab00bd
008100be
0097007e
006600b8
00a20090
00c5007d
00a600a6
00a6008d
00eb009a
008500c2
00e200bb
00a00088
008a0055
00930085
00a30085
0073007f
00920077
0091009b
008f0082
00b60095
007e00a8
0086007a
007e00a1
00a60095
008600a7
00870096
00930089
00bf0086
00f00064
007b0081
009f0085
0075007c
00780092
00b300aa
00b700ad
00bb00af
00910069
0058007c
00990079
009f00b5
009800bb
00ca0088
00a200bd
00610074
007a0098
006f0097
008300ba
008e00a9
00920088
009700bd
007a009b
00960092
0090005d
009800c8
006a00b3
005b006b
007f0086
00860088
00750089
007e00a1
008d0073
007900a5
008e007e
007200a5
0078008b
008e00ae
008f007d
00c20087
0093009b
008400a9
006e0088
00b0007a
009700a7
00b00082
008f00b2
00b1007a
009a0077
00910063
00660096
00be0084
00a2007e
006f0065
00710086
007f0089
006d0050
008f008d
008300b7
00960075
00930086
0089008a
00800092
00b70087
00b70060
00ae0066
00ae00a7
0083008b
008a008a
009200d9
00a900a8
007a00ba
0089006f
00970097
009500bd
00af0092
00850093
007700ab
009200a3
009b00a9
00730052
00770091
0083006a
008c00b3
007b0089
00ae009e
00850083
00a10060
00b2008b
008b006b
009100cf
009300ce
00a60086
006c009f
008f0098
00b9009b
00860097
0081007a
00d80099
006c0098
00920083
008e0081
008500c6
00960092
00a30079
0086008f
0069007f
008700be
00a100ad
007d0073
00a500af
0093009b
0075006a
009d008b
00890095
00760079
00ab00a1
0063007d
0082008e
00970071
0072004f
007f004c
00a6007a
00920085
00990086
00af007e
008f0091
00aa008e
006d0069
008e0077
007d0080
00b7008b
00c00091
00a8009f
007e00a1
009200aa
00620093
009a007e
00820096
009f008e
006a0092
00be00f9
008f0097
008c0085
00700059
008700af
00910081
0076008f
00980071
008a00b0
00a30086
00b3006b
00610082
00bb0064
008200ba
00a600a3
009b00c6
00ae00a9
00ab0091
009e0085
012e009b
007a0105
007a013b
00820086
00850063
008c008f
007e008e
007e0084
00a10080
007100b3
00760083
00ce0075
008a006f
009600b0
0097008a
0098008c
00710074
009b007b
00ce009b
007900a0
0077008d
00970099
00840079
00b90087
008c0068
008200a0
00810074
006e0085
007d00d1
0069007b
009d00c0
00950076
0081009d
0075008a
00a70079
009300b1
0088008f
00cb00a5
007f008f
00910093
009500a1
00960078
00ba0090
00a0008f
008d00a0
008300a1
00910087
008a009b
007b0059
009f0066
007300b7
00950083
008500a1
00a500ab
00a90095
008d008a
009500c5
007e0096
00820077
007f0085
0096008b
00ad0097
009d00a5
00e200af
009f0081
0083009e
00c300ad
009f00b8
00ae00d3
009e008a
00a900b7
00c600ba
007d00a7
008a0083
00a200bb
00820090
00960099
008b00c2
00bd0066
006b008e
006b0063
0076008e
00c20083
00a300a7
009e0095
008b0076
008500b3
009e007d
00ae007a
008d009d
007600af
008e00cf
009300b6
00a900a7
008300c3
00ba00af
0079006a
0092009d
007c007e
00960100
00810077
008f0082
00880093
0092007a
00d300d5
007900a6
00c20095
008c008d
00aa00d0
007e0097
00ab00af
00bf00a6
009d00a2
00bb0087
00a100ca
009a00ba
00b200b0
00ae00a5
00b60084
009300b6
00a7009f
0066006e
007f0065
00830063
00920068
006b0086
006b0076
0076009e
008a007a
00870089
00970087
00930087
009e007b
00bf0079
00bd00ad
007300a9
00920076
009a0091
008100c0
00a90070
00820093
00a10096
0066005d
008d008e
009500b6
00810087
006f00a6
008b00a6
009300a9
009700a7
00b500bf
00a800ad
00930053
00980060
006e0065
007500aa
009500a8
00ae00a3
00c50076
008b0075
00870078
00aa0087
00810070
00c100d0
0083008e
00780095
00ae0087
009a006a
008a0079
007a007f
0082008f
00830097
00b100a6
00810090
009a0087
0072008e
00a3006e
008a0095
00960083
007700af
0093009e
00b500c9
00ea0090
00c000ad
008d0077
00a90059
00ed00a9
00c6009b
0090009a
00aa00cd
008300ad
0086007d
00720098
00af0061
008d00ae
00c20099
00b8008f
00a100a3
00a10095
00e300a2
008c0072
00820076
009a0089
0095007a
0082007b
00850098
0081007f
007a00cf
00c00067
00af007a
00980097
00890095
009a00a7
008f00a2
009e006e
00af00af
00780070
00a8009a
00750083
00700088
007f0077
0079006f
008d0092
00830075
0087006f
0097006d
00bf0084
00820083
00d10096
00a9009f
00a10082
009700aa
008c0078
00c600aa
00f300d6
009d00c2
00a600bb
00ba00d2
00c700ba
00920091
00760077
0091008b
007a0073
00a70090
007f0099
007d008d
009f0089
008b0081
00660061
006f007d
008300a5
006f009f
00b3007e
00810077
006900a0
008200d5
00ea00c8
0082005b
005a008a
008d00a7
00a80061
00b90090
00d0008c
008e007a
0079006e
0096007c
0086008a
00a600aa
008e00a9
009b0081
006d00a7
008f00d9
00980071
00a500ae
00af008d
0092008d
007c00ae
008f0075
007400bd
00b500ab
00780073
00840073
0083008d
00760081
007800c2
00c500d1
00b7008b
009900be
009300bf
00a200a5
007100b3
009b0089
00a90098
00a800bd
0098009a
00cb00ad
00ba00ee
00af00a9
00780097
00870092
00aa005e
00b50078
00ab00bb
00a000a3
0087007f
008b00c2
00910091
00d100a5
00a6008e
00a80082
009e00a0
00900090
00bb008b
006d009e
0091007e
0071008e
00a0009f
007800a8
00910089
00790096
008f006f
00c10064
00b70096
00a500a3
00b500d7
009800c5
00ad0062
00a20098
006e0067
008a0071
00860081
0076007b
00910069
007200a8
006e00c5
00a60091
009f0070
00ab0086
00af00b2
00ae0083
009d00d3
00c900a7
009200a5
00c700b8
006c00d3
00790076
00730086
006b0089
00a30081
0084008a
00a8007b
0097008c
00900068
00a00081
009100d9
00980091
009900ab
00be0098
007600a9
009800a1
00a00076
00a0009e
007e0091
008100c2
00b200c1
008e00c3
0076009d
00a30083
0072008b
00a900a8
008e009e
00a900a1
00a800a2
009e00b6
00c200a5
00b60092
007d006a
0076007b
009900a2
008d00cb
0080009a
009b00a9
00c100b2
009e0070
00970086
008d00a7
00a5007f
00970090
00d00084
009d00a6
009100cd
00a900a0
00a50082
008e0095
00850069
007100c5
00bb0084
00bb0090
00710093
00950078
00be0075
00fb0089
0076009e
00b500ae
00a700c1
008300bd
00cd009b
00a300ad
008b0067
00bf0088
00cf00a6
007000a2
009b00a9
00b10092
00a600af
00ad0099
008b0078
008a0086
00850085
00c200d7
008700a9
00a50090
007300b1
00920093
009600b0
00a9009d
009900c9
00b200f8
00b80093
00d100b5
00b000c5
009b00a9
00730095
00670089
00810089
00870087
0097009b
007b0081
009300a6
00a10086
00850050
007b00a1
008a00b6
009b0098
00a200dd
00a70092
007c00bf
00900081
007e0061
00a10080
00990082
008c00c8
00a80071
00be00a0
00b900aa
009600af
00930075
00920097
008f008d
00b600aa
00a700a2
009e009f
009500ae
00a700b7
007f0067
00ba00c0
008a0096
0079008a
00890092
00b60081
00bf0099
0082008f
00780058
007e0065
007b009b
008f0089
00970079
00ab00a7
008d00b6
008e0074
0092007a
008a009d
00a7009a
00a80098
008b00e7
007e0096
00a300b5
008f006f
00730064
008b008d
00a00096
00ba00be
00af009e
009900a6
00a90085
00a3009d
009e007d
00ab009b
00a900c8
00b300b2
00a30099
00b100b0
008f00c5
007a00b9
009f0095
00710073
00980090
009d0086
0081007d
0087008a
00750086
0092007b
007b0046
008000b6
00830085
00750080
007a00a8
007b0095
00750091
0083006b
007c0085
009300bd
00b200ab
00ae008f
009700aa
008000d8
00a900cb
009a008b
0082004f
00c000ba
007900a6
009d00ae
008a0080
007d00a6
00970086
008d0079
00860083
009200bb
009f0096
00a800be
009600d1
008600d9
00a2009a
00a20090
00ad0070
008a007b
00a8007f
00860076
00e800a1
00a50096
009100ae
00a100b9
00730073
008c0092
008600a9
00cb0097
00a5008e
009d008e
00a80088
0085008f
006b007a
00ad0087
00c000a6
00b0009f
00af009f
00a3007a
00bd0092
00900088
0062007c
007a0091
00730082
006d0076
006f0076
00910092
0081009f
00690098
008d0092
0077008d
009600af
009b0093
00ae00fe
00a00082
008a0093
009700a8
00b2006f
00ad0069
009d007b
009a0061
00ab0076
008e0086
007b008b
00850079
00990092
0085007a
00ad009d
0096007d
007b008f
00b100a6
00ad008a
006f0073
006a006e
00ad0088
008b00aa
008f00c9
0093007a
007b00a6
0083007c
007f009d
009b0061
00a300a3
00a300e5
00d50078
00aa00ad
008f008a
006f0090
00d800a2
00750069
00a9006f
009700b7
00c100b6
008c008f
009b00ae
00a100c1
0077008e
007f0073
00a20074
00990089
00af0085
00a100ba
00c60080
0099006f
006e0099
007e008e
007800a2
00c20092
0093007f
00840093
00a70073
006e007f
00a50085
007d0068
007a0079
00d100b5
00ae0079
0083008c
009e0085
00af007e
00a50095
00dd0067
00ce0075
00880077
00cd00c0
009800aa
00610080
006a0089
009100ae
00ae0075
00ae0083
008b008b
00840097
007f009f
009e00a3
00bf006a
00810087
00d60157
016b00c8
011600de
011500de
01210105
00c600f3
00ed00f8
00ff0107
00810053
0087009d
007d0098
009b00a1
009a008c
008100d8
0092008a
00720089
008d0093
009a0083
00a800b3
00780093
00870088
007e00ae
00920093
009100b6
005c008f
009a0096
00a900a7
005900a2
00860085
0092008f
00c1008a
007e005a
006d006e
00a100bb
00a20086
00a10099
00860077
00960083
00a80089
00a0009f
0085008a
008500a5
00670093
004f0061
007a005e
00610072
0064007a
005d0088
00930069
009500b1
00a100a0
00b200a3
00c100ca
00b90090
009800b8
00b1008a
0081007b
007e0099
00920092
00c300b2
00a500c5
009800aa
008000d9
009700b3
007b0055
009d00ae
00990096
008b00a2
007a0075
008f0077
009300a5
00850091
00730069
0065007f
0072009b
00970088
00b800b2
007200b9
00860085
00780092
00a50072
00a300b0
00660098
00b10082
008d00a3
009e00c3
00a10085
00910095
00c90097
00a6009a
0085008a
00b90095
008e00b9
008d0076
007a00a0
007100b7
00780077
0091006c
0071008d
00a600ab
00ae0083
00820079
0085009f
00660070
008200ad
007c009e
009a0079
0092008c
0097009e
009d0096
00d300a6
00710096
00750093
00950073
00910087
00d00090
008f0091
0082007a
0093009a
006f0083
00970080
009800d1
008200a9
009d008d
00af00ae
00830099
008100ab
00970077
00760077
0093008b
008d007a
00a50098
00890096
009d005b
008900ad
00b10081
00710062
008e009a
00a800a7
007a006e
00720078
00a100b1
007d00a9
00c600a2
00970072
009900a7
00ae008d
008800a3
00ad0096
009d00a3
007400cf
00a20082
00830072
00980080
00a60087
00af007e
0099008d
00a200a1
00ba0095
00910081
008e0082
00850084
00950090
00a500ba
009e0084
00b50087
00750089
00a3009b
00870095
00740079
006d0076
0081006e
007c009a
007800c0
008a007d
00950092
00610057
009b0085
00820077
007f009f
00820080
00a6009e
00bf0074
008d0072
00620052
00910090
008f0073
009f00b6
00bd0087
00a90085
00750089
006f006e
008a0082
00860095
009000bf
00a20096
00a2008e
00ad0091
007700a7
009000a9
0089006f
009d008c
007c0086
008500a6
00ae0083
009b0098
0086007b
0073007c
00830073
00b9009e
007d0071
007f00b5
008a0085
007d007b
00ae007b
00750090
00760075
00b30096
00770095
0086008e
007100a1
00910078
009200b9
00a3008f
0074009b
008300a0
0091007a
007d00a8
00b60093
00860093
00ae00c1
009800a9
0072007a
00860071
00a5006a
00b0009f
007900ab
009000d5
00a30093
008000b2
009b0067
00920078
008f0096
00870087
00b10085
00aa008c
00b10083
009f0092
0092006b
00720086
007b0079
00b6009b
00b700c0
006d00af
0095007e
007d00b1
007e006b
00ba0091
00920071
0085009a
008e0080
007f008d
00a8006f
009f007e
00af0053
008e00a9
006b00b0
00870088
00900080
006600a1
00790085
008f0075
00890080
00860086
008a00a8
008500a6
007b008d
00730080
006e0083
00b50075
007b0077
009600a8
006b0099
008a0092
007700ca
00810076
00b10081
0091007d
007f0071
00a50089
00ae0089
00b500d7
009b00b8
008800a9
00900074
0079009a
007200a5
0083008b
00b50081
00aa00bf
009500c6
00b60086
0087006a
00d90077
00ab00b7
00ea006e
00d900b3
00cb00d0
00d3009a
00d600d2
01250119
013e00e1
007b0059
007f0086
00870095
00a1008f
00be00ab
007200eb
00d200b7
00a70091
009300ef
00bb00aa
008100b3
00a000c3
00a60097
00df0096
00a900be
00b70089
00890061
00da0084
009b00b1
00a500a1
007b00c2
00960085
00730092
009a0078
009f0082
00a20079
006c0092
007e008d
008c0087
0068007b
00750076
00850072
00830086
0095006f
00b700ad
007f00a2
00a90088
00890081
007f0082
00a3008f
008600a9
009b0081
00860095
0099008b
008e0072
00ab0083
00a20095
00b90089
0085008d
00920083
00cb0093
00a7008b
00ea00e1
00c100a7
00bd00a2
00a60091
006e0087
008d0096
008800af
0092009e
00750075
00920086
00860061
007e0089
008300a7
00990073
00b70071
009a0071
00ab00ba
00ba0080
0086007e
008a009e
009e0086
00a60086
00850093
00ab0098
009700ce
009700b5
00b10080
00ba00c0
0097008a
007a00ad
00680063
008e007a
008f0088
0098008b
007c007e
00760099
0092006d
00760089
00a500a1
007500a6
00ab008b
008e009a
007d0093
00b10093
009d007d
0096007c
00700087
00830077
008d006d
00920096
007c0084
0091008a
00ab0063
00a80097
008900a1
008a0091
007f00a3
0073008e
0069008d
00780082
00a500a6
00bb007d
00a500bf
00a00098
00ad00b7
00aa00aa
009d00b5
0099007f
009000d8
007300a9
007c0079
00ab0062
00790099
00870098
007f00a3
008a0085
008b0089
009a0074
0080006f
007d0086
00b3009a
00a6009f
0091007e
00830092
00800084
00a60084
00ad008b
00c9008b
00990081
00950099
009700aa
009a0089
007e005f
008100eb
00cf0087
00a000b3
009800a5
007b00a0
00770088
0093006f
00a000ad
007a008e
00a800b1
009f007a
009700f1
00a600c5
00ba00a1
00bb009b
008d009b
009e0097
00a900bf
00a700b2
0086009f
00cb00c0
009800a8
009300a1
007f0097
0089006e
0069009f
0085006e
009a00aa
007d008b
009800b5
00890097
00820092
007d007b
0095007a
009b0085
00a7009d
008700bf
007e00c8
008a00d1
007d006f
00d6009b
00a00095
00c70076
00d500d0
008d00bd
0087009d
00790079
00840099
00a2009b
00c00099
00bf00a0
008a0096
00870089
00880093
006c0098
0070007d
009a0075
00b80082
00b70093
006e00a6
00790086
005f0089
00780080
00620063
00a60088
0095007d
009600ad
009600ca
009d0087
008d007e
008d00aa
00c60074
007e008b
008900c7
00e8009e
00a200b0
00ba00aa
0087009f
0090007e
00870055
0086005f
008b008b
00900090
009700d5
00a10092
00930082
00a200a1
00890076
00850082
00960090
007b008d
00d10097
00a200a0
0083007d
0095008f
0095007b
00a60087
00bf00a9
007700e3
00930083
009100b2
008a007f
007a0076
005d005e
00900085
0093009d
00970084
00930082
008d00d9
00a5009d
00750091
008b0065
00ad0093
008800ca
00b0009b
009d009f
008e00b2
0089008e
00a7008c
00720072
007a0096
00970081
008900a0
0099008b
00880088
00850086
00a90083
00890062
00db00a9
009700bf
007100be
009a00b2
00680092
008e0098
006f006d
00db00c3
007f00a8
00c70089
00e300b3
00ab00a8
0098009e
009e00d6
00e100a5
00b20056
00b600c2
008900c9
008900a3
0081007f
0085007d
0074007f
00d50082
009a007b
00ae007f
00bf0079
009900b1
00df007d
00a0008a
008e007c
009b008f
007a0061
00ab0096
009d007a
00990098
008b007f
00bf00a3
00760073
008c006c
00b5006d
0081008e
0088007c
00a0008e
00a100b9
00c70098
009700b8
007a00ab
00810065
007f007d
00cf00a2
0093008e
00b00089
008d007f
006a009f
0065006d
007b006e
007700bd
0082009d
00ad0085
007a0092
007d00b8
009e0087
00820095
007e0063
007b0051
00690072
007e006e
0076006a
006a009a
0091009e
008200a1
0091008b
00a00073
009d00c5
010300b5
010100d7
00b900ab
00ab00d9
00c900e2
007f00be
008e008a
009e00bf
00a200a9
009b008f
00830095
00ba0090
009100ba
00690055
007300b0
007800f3
0076008e
008800a5
00770092
00930097
009d00c0
00c5007e
00bf00b3
00b800b5
00c300ca
00aa00b3
00b2007e
00c100c9
00b300d5
00a200df
00a600bd
00910061
00b500a6
007b009d
008a0088
00a50086
008f0072
00860075
008100ba
009200b7
006e0098
00bf00a5
007f0095
0082008d
00ad0078
006a006f
00a00075
00830079
0087008d
009f00aa
0097009d
00a7008c
00a100ae
00ce007d
00c0008f
009200a2
00860095
00be009b
00a000aa
00a7008b
008d009e
007c0085
00a90090
00970092
00a30098
00ae009e
00b60087
00b100a3
007d00ab
00960049
00820078
007a009b
008d008e
009200a8
006600aa
0069006c
00670075
008e008b
0099009a
00c900a0
007b00c1
009d0087
007c0096
00ab00b0
0083008e
00730065
00af0086
008f00c6
00c300b1
008700a3
008f00b8
00b6007a
00b300a9
00980087
00a20064
008e0095
00a9008b
00b1007f
00950087
008b00ae
007d0081
00e00082
00890085
00860096
00c7009a
00ae00bb
00890093
00a9010a
00ba00bd
005c0059
0071008c
00a60081
008f0083
00a00093
009200a0
009a00c6
00970090
009d0074
00a90082
007c00b7
00a90089
008100ba
00740085
00730073
00760063
006e005f
00920098
008a0081
008a007b
009e00c5
0098008c
00a900b3
00ae0082
00990055
0071008f
00bf009a
008f008a
008a0093
00be0093
009000a0
009f00c1
008b006b
00990092
00980076
00840080
00a900ae
009e0084
0089009a
006f00a2
00840061
00af0093
007500a2
009a0077
00ad007d
009b008f
007200a9
00880086
006b0076
006a007a
0092007a
009a0092
00a7009a
008300a2
00a50073
00a200b5
007d0051
00fb00b9
00b00093
0095007a
00a80089
00b20089
008900ae
008800f6
008a0072
00820097
007f0086
007c0080
008200ab
00820076
009b0093
009100a6
006f006b
0072007e
009300d7
006d006b
009d0091
009d006a
00860071
00950075
00810076
007c0093
00a3009d
00c80098
007a00a7
00a3008a
0092009e
0072009a
00750057
008000bf
009d0097
00c20091
009f00bb
0093010f
00c700bb
008f0097
00920080
007a00a7
008d007c
008500ad
0076008b
007a0071
007d0075
007e0099
0075006d
00870071
00760095
00a9007f
00990072
00b10097
0077009e
008e0079
007d0062
00a00086
00b00096
00b10080
00a500ad
00880096
008a0097
00d100c9
007e0084
009b0077
0090006a
008800a9
009200bb
009e00a9
009f00a1
00850088
0093005b
009b007f
00bf0096
008c0085
00a700a0
008500ab
007b0074
0075009a
00720055
00a5008b
00be0088
0092009f
00a0006e
00960096
00a00089
008e0066
00770076
006d006d
0095006e
0084009b
00b2007d
00b10092
009d0071
00a10086
00950069
00f10081
00800096
00970093
008a008d
009a0089
00b9007b
0084009f
00840086
00a10086
006d008d
009600ab
006a0097
00d30092
0083006b
00930098
007b0078
008000a0
0066009b
008700aa
009900b1
00830078
00b300e6
00ae00ae
009d008a
00a1008d
0083009a
00860093
009500a3
00ce00b6
007300b5
00a100a9
00ba0064
00a700a8
009700a2
00720087
008c00a1
00c700bf
008d00a2
00a30080
00800098
008f007b
007a00bb
008b009e
00a30092
0091009b
00b6008d
005f00a2
0085008b
00ce00a5
00b900a7
009e008d
00d90096
00a7008e
006b00d6
00860061
00bb00ab
007d005d
009d0069
0084008e
00ab007e
0093009a
00aa009e
00960098
00970086
009b0090
00a300c8
008f00aa
00a600be
00aa0093
00c70088
00c800d7
006a008a
0076008b
008b007d
00a90093
00bb0090
0092009a
00bb0092
006f0073
006a0087
00930065
009100a6
006b0095
007a0087
00970085
00a5008b
00a0009a
00800052
00840087
007f008e
009e00bd
00bd008a
0096008b
009b0092
006800a7
00db005e
00b2008c
009a009e
009e00b6
008800a6
009200a6
00c50091
007100a1
009e007b
009d0081
0076008d
009a008a
00ad0083
00a5008b
009900a6
007400c0
0079006e
00a700db
008700c7
006900a1
008e009e
00ad008d
007d008e
007200ad
00af006b
00950083
00630083
00a5008a
007d00c8
007a007c
00b2008e
00dd00b6
006b0078
009f0083
00860077
0091009f
00a9007e
00a700bd
007b00b2
008900a2
007300ae
006c0076
0091007f
00a60089
009800af
00cd0096
008a0092
0098009e
008f0071
00950086
00aa0086
009a008d
0089007b
009a0083
007d00c8
00840093
00570053
008f0088
00760092
0082009b
00760064
00860081
00760069
007000a1
00840077
00a50084
009e00b1
009600c3
009e00d7
007a008e
00860076
00ad009a
00650070
00b8008b
009d0084
00a8006d
008a0081
00b800b7
00a200ee
00a60097
00ae0083
009000ad
00850098
00a1007a
008200a9
009a00aa
00aa0097
008100ae
0072007a
008b00ad
008f009e
00a80081
008b0091
008d0090
0073006b
007f00a0
00960090
00850072
0092008c
00780084
008b00c1
00d800a7
0087006f
00ab009e
00830065
00a80092
00810087
00a0009f
009f009d
0092007a
00b9008a
008a005e
007e0065
00770098
00b1009f
009a00bb
00cb007f
009e00ad
008e00df
00ab00aa
0096007b
00ae00d3
00ad0092
00d60098
00d50097
0092008a
0067008e
008100ae
0085006e
0096006b
007d0082
00730092
00a30090
009200cf
00810083
00850081
00860083
00720073
00a50070
008d0083
0096007e
009100af
008e00b8
00a2007e
00930092
009200ef
007900cd
006f0097
006b007b
006e00a6
00730080
00950071
00b00076
00be007b
00620084
008700aa
00ca009a
0086009a
008e0078
008e00a0
008e0077
009e0080
006e0083
00cd00a7
009b008d
006f00a8
00d7009d
007500c3
008d0089
00b5008f
00b10092
00920095
008a00ae
00af00c3
007d00a6
00ba007d
0066007a
00bd0093
009a008e
008d0090
00a8006d
00660098
00a5006a
0080007a
0085006e
00a10071
009700b0
00cd00a2
00e90085
00b0009a
00a10095
00870082
008f009e
00970084
008e007e
00870091
007100a3
007f0079
008b00b2
00a9008a
00850082
008b0074
00810092
009f0095
00b100ad
00a7008a
00cb008e
00c1009d
00760066
006d00b3
009f0099
009e008e
0061007a
00d800ae
008a00b1
009300b2
00970089
00a9008e
00c90082
00920082
008c00b2
00730091
00800097
00760096
009d006d
007d008f
00840086
008a0098
00850076
00a5008b
00730096
009100a0
00750051
00890072
0077009b
008100a5
00c100a6
00ea00b2
00bb00b6
008b00c5
00870079
00b0007d
008d0092
009700c7
009e0087
00ba0089
00a70089
008100a2
0086005b
00bf0077
008100b5
00ae00ba
007b007d
0098007d
009a0093
008d00a8
00850053
00930093
00970074
00ad00b2
00c8008f
009000a2
00a8007d
0074008b
00640096
00800065
008900a2
0082007d
007e00aa
00a5009a
008d00b0
007d00b8
00980083
00a70069
00cb00a0
007700ab
009e00a8
008a007f
008800a8
00920095
00740067
009d0076
0083008a
008e00a5
008f0096
006e0092
008400de
00770071
006c006a
00790086
00730088
008200ad
00ba008f
00860092
00850083
00a5006e
007600a5
00790061
006e00b2
008700b5
009100c8
00960082
00d000bf
009f00ad
007f00ce
00960082
00a300a1
010200b6
009800b3
00f700e8
00a000ee
00b0008a
008b006b
00790071
00800097
00890083
00b300a7
009d009d
0097008d
005f0076
0088006e
00a2007f
009f00b5
00a60086
00a8009a
00a000a2
00a600af
00790081
00a7009f
00c100ae
00920089
00ba009e
00ab00b1
00ae00d5
0095009b
00740089
00a8007b
00ae007a
007e006f
008900ab
008d0093
007300bb
00a300ab
007e009e
00820074
008000a8
008600a6
00a800b6
008d0080
00a80097
00b500a8
00aa00ab
0099008b
00a50085
00880088
00b300b6
00ca009e
007100bb
00930098
009a00aa
008a0069
008f007e
008e0076
008a00b0
0091007e
00af0077
007d00aa
00920071
005b0075
00720086
00ae007e
00700095
009100a2
008a0082
008200a1
008c0071
006f006f
005d0079
00ca008c
00b20079
00b7008b
00ae008e
00b0007b
007d008d
0081006f
009200a0
00a7008c
008f0087
0079008f
008a00a5
008f00af
0073007b
0065007a
007b006a
00b10090
00a5009d
008d0099
00900079
00d00089
00c600be
009a007d
0091007c
00a70099
006e00a9
009000a8
009900a7
00aa008f
008e0098
005c00a7
007d00c5
008e0097
008f00d1
009f0098
00a20091
00a50076
00b20073
00970071
00a0008f
00920090
007b009e
00a2007f
00580092
00ce0079
007e00a9
007e0086
007b008e
009000c3
00950089
009a00ad
00a200b1
008500aa
008300cb
00c30098
007f007f
00ae00ad
009d008a
008f009e
009b008d
00a60079
00c2007b
00980063
0077008d
00c00065
008a0098
008d0098
00cb008d
009300a8
0087007b
00950076
0082009b
007d006c
008b00ad
0096007b
00c5008d
00ca007c
00750080
00850075
00b5008a
007f00c3
006c0077
009100a3
00950075
008200d1
009d00a8
008a004e
009f0085
00b5008d
00790081
00e00097
00ab0092
007d007d
00a8009e
0087007e
00b0007e
009200ab
008d00bd
009e00a1
008f007f
00a100a0
00a200bd
007a0080
0095009e
008200c1
008d0099
00a600a3
00b100a2
008100c1
00920086
007b0079
008c0091
00ba009d
008f00af
00b200af
007e009e
00a70099
00830095
00820083
00790095
007e009d
00ab0092
008d009f
0096006b
007d0085
00af008b
00a7006c
0089007f
008a0077
00c80099
0092008e
00910079
00c30069
008b0077
0093007e
00860091
00ae0080
008500bd
009500c0
00aa00c0
00a900bb
00be00a2
007e0066
0076007d
008a0096
009100a7
008a00e2
00b70085
00c100a6
0083008e
00ab0091
00a10086
009d007d
00b20098
00b900a0
00ab00ad
00890084
008e009b
007f0061
006b009e
007500b7
0082007f
009f0065
00a20073
006f00c7
009d009a
007e0063
009f0097
00a2009a
00920083
007d00ad
009100b7
008f0077
0099008d
00790060
009b0075
006e0084
00850095
0096008b
00910091
008500b0
00820093
008f006f
008d008a
00890083
00920099
008700c8
009b00bd
009500ad
00cd00c0
009800a8
00720093
006e009d
00850086
00820098
00850084
0099009f
00770081
00920060
00bb00b3
00a500a7
006a00a5
00950091
0096008f
00a700bf
00ab0070
0092006e
00950080
00c90091
00c2008a
00a500aa
00d300a3
007e0099
008c0085
007800a6
00be00b3
007d0088
00b90097
008c00c5
006900c9
00980082
007b00a5
007e007b
0072008e
00840097
0081007b
0092008e
00ca0099
00a800b2
009b00af
00930097
00da00b8
00aa0093
007e00a7
00d8009b
00a200a8
0099008d
010200a7
00a60060
0092007a
0082009e
00a30083
00ad00a0
009e00b0
00960082
00a70087
0092008f
00cf00ab
007f009d
009b0077
00a600a1
00920089
00ad0093
006f00c8
00650095
00840095
00a600a0
008a00a7
00970092
00b10099
006100a7
009a00b5
00b20048
00bb00b0
0082009f
00a3008c
008600af
00aa00bb
008b00c1
00a6007d
00850064
006f0071
007300aa
00b60099
00a20074
00770087
00970089
0076009b
005f0073
00630072
00950096
00a200c5
008b0096
00990088
00a7007b
00a60096
00960075
00a5007b
009e00bb
00d30086
0099009f
00b20090
008900a0
00b100a2
009d009d
0082006b
009e009b
00c500c5
009a00e0
00c30092
00a500b7
0091009d
008a006b
00ce0095
00d80072
008a0093
008e00a5
009b00af
009a0091
00ba0082
00850088
00a20066
00a0008a
00aa0098
009a0089
0086007f
008e0095
00a70098
007d0089
00a100cd
009d00ab
0096006d
00b800a1
00ae0093
00810091
0089009f
008f00ab
00920089
007a00a9
009a00a3
009700b7
00dd009d
00b90083
007f00b0
007e009f
00a80073
00770085
007e00b2
00c700b2
007800d6
009100b9
00850092
0086006d
008d0078
00980085
008a007a
008a007e
007200ab
008c0092
0085008c
008e0099
00ab0084
00b000d2
008f00be
008e0080
00690082
00a900a0
00620079
00630081
00900086
00960096
00990076
0090008e
00a20077
00850089
009a00ad
00a1006f
009e00b7
0092008d
00860097
00bf00a2
009900ab
007700b8
00af006f
009b0085
00ba0082
008f0085
009a0088
00af008d
006d0099
009f00aa
009e0093
005e0047
005a008c
0074007a
007a0081
0099008b
0078008c
00910082
00a800a5
00880079
007b0067
007800a1
009300d5
00c90089
00b200af
008f008c
009f00b1
0072005c
00aa009f
00900078
008d0083
0086008e
0099009d
00a10082
008500c5
0079006a
0084008c
0081009a
00c1009b
00d10071
00ba00c7
006b00a1
00c100c3
008e006b
007e007a
008a0098
007300a7
009500a9
00b00092
00af00a6
008c0097
009e00ba
00b6007a
00c200a2
00c200ba
00c100af
00bf00c6
00b900da
00c600c0
00800075
00770063
0079008e
0087007b
00a50087
008c0075
007a009f
00760077
0079006f
006d00be
00be0075
00a70089
00860091
00930091
00a2008e
007e0073
00a6006c
009a0097
008b0079
00b200a3
00a300a2
0086008f
008c007d
007e0097
007d005f
00a3009f
007b0089
009300aa
00900082
00b1008f
0095006b
007d007c
00820060
00800083
009200a1
00960092
009f008b
00810079
00a10084
0093007d
005f007b
007d007d
009100a1
007d0083
00aa00a3
008f00bd
00970093
00850076
00ad006e
009d00a1
0071009e
008a00a8
009b00a0
00920097
009f0078
00730079
00650079
007d0077
00bb007b
0090008f
0084007e
007f0095
009000a2
007e0073
007e0076
00a20095
007a008d
008b009d
00790099
00b100a2
00830096
00850098
007d0067
007c008e
007a00bf
0087008e
006d00ba
008400b2
00a000a5
00730090
008d0067
00660081
0075009f
00890093
008d00be
0098007b
00b500bf
009200b6
007e0076
007d0063
006c009d
00780096
006a008d
00950071
00810063
00790091
00a50071
006e0096
00750071
00840092
0077008c
007d0090
0072009e
008c0086
00740085
008e0087
007d0077
009200a1
0076008b
00b20087
008b00a8
007b0098
00800079
00da005e
00b2008b
00a00084
00b60088
007d00ad
00be008d
008e00b0
007e00bf
00bf0066
00ae0082
00b100a0
00b20083
00c90092
00b00098
00930085
007a006f
00aa006d
00930095
009f00a0
00920082
008500b5
008c0093
009f0089
007e008c
0073008a
009600b8
007900b1
008d008e
00a0009f
009b008d
00b200a3
0072005d
00910098
00950079
009100ae
0075007c
00a300ce
008c00a6
007a00a5
0091006e
00ad009b
00c00099
008f0089
00ab00ce
00ae0096
007f0087
0096008f
009d0081
00600092
007f00bd
00a200c3
007b0069
00a2009b
008a0092
00a30087
00a80097
009f00ae
009900b8
0092009e
00b900c1
00c100c1
00a2009b
00e3009d
00b30065
00990096
00810072
00bf00b8
009200cd
00840079
00920082
00950091
006d008b
00880080
009d007e
00a3008c
009200b2
00a90095
00770079
008600a7
00650064
008a0085
007b00b3
00ae0098
008a009a
00810074
00ab0080
00a800a3
00750077
00840099
00830083
00750073
007a0086
007e00a9
0071008f
008a0096
007e00d3
0082008d
00b300c7
00a90085
00bb00a9
008f0081
00a000d3
008200ad
00610069
008300a7
0072006a
008f008a
00a7007a
00920097
00b10099
009a0086
008e0091
00b60081
00910089
00bd0093
006d007f
009600c0
006e0080
0087008f
007e007f
009d008b
00930095
00b3007e
00a20087
007900b6
009800a2
008b008b
00920078
0073007e
009100d8
00b6007b
00bd009d
009000b5
00ce0082
007e008e
007a007a
00ab00b1
008800b1
00a000a1
00930081
009d00ad
00720089
00830096
006d0072
00750098
00b20081
007d0069
009e0090
00920097
009a0068
006700a2
008500a1
00af008a
00cb0098
00a800ae
009600c7
00a20093
0080009e
00a000c0
00890095
00bb00b0
00c8008a
008700c6
00cb009e
008b0091
0086008d
00ad00ab
008e00a6
00a10073
00c100d5
00b600b5
00c000a9
00b300af
00f000e1
00a300bb
0092007f
00660081
009f0098
00a60092
00750087
00a1008e
00b600a8
00a1008f
0062008b
00870086
006b0085
00a900b3
007d0081
007f008d
008b00b3
00a9009b
009a00bd
009a0091
00c700d5
00c300a2
00bd00af
00f30099
00be00ce
00ae00c1
00a7007e
008b006b
00b00097
00de0091
00850089
009f0086
0089007e
00d10099
00790072
00890073
008000cd
00a300a6
007f00a7
008200a3
0084008a
007f0086
0077006d
00a90095
00960087
0083009a
009e0093
00990081
008200b7
006b00a7
007f006b
00b0008e
009a007d
006600d0
007900b0
008f0091
009a008c
009900a7
00c0006b
00a000a1
00670091
0087009e
00930080
00a900a3
008e009b
00a000b8
0083006e
00750081
009100a0
008e00c7
009b0073
009a00a9
0097006f
00950087
007e0068
006600c1
00990095
00a600ab
00b6009f
008d0090
00920085
008d00a3
008e0066
008a007e
009600a0
009600c3
00990088
008800ae
009f008a
009a0098
00810074
00a5008d
0086009f
008f008d
009a0072
009b0098
006e009b
00960092
0088004f
00810096
00990086
0096009a
009a0086
00850135
010b00d6
008100d7
009300a2
006a006f
006a0061
00860066
00910063
00670091
00660096
0070006d
008a0079
00900095
00930082
007a0105
00870099
00ae0080
00a000ad
009800a0
00630051
009e0089
0067008d
00990085
009e0071
008b00af
009700b3
00af0093
00890085
00810096
007f00af
009e00c9
007d0085
009e0077
00720086
0083007e
009f0099
007600aa
009900a1
009600be
00bf008d
007b0097
0077008f
0089007d
0089006f
008900b9
00ae009f
00860092
007e0077
009700a7
00830089
00900078
007e0062
008c0072
0082008b
00a3008d
00a800a0
0083008c
009000a3
008800a7
00c600ad
006c00aa
006300a0
00550068
007c006c
006f0062
006f0072
007a007b
008b006c
008b0099
00a20088
00ca00ca
00a30082
00970088
009200a6
00f00076
006f005e
00a100a1
0089007a
007f0082
0081007e
009a0093
008700a7
008c00a9
00720074
00710077
005b007a
00770077
0074007b
00af007a
0077008c
00a8007d
00960077
00a50078
00860090
00be0077
009200a3
00c1008f
00b500b0
00ab008e
009a0066
0090008b
00a10069
008b00f0
00b2008e
00900095
00a20093
009800c9
009a007a
00a9007c
0081007a
00a00089
00a50099
008e0086
00b10095
00bd009f
00820083
008f008c
00c20085
0095009d
009000a0
008a0078
00a50096
00710085
0076008b
00990071
009e00a6
008c0083
00a500be
00a500ce
008d0092
00c800cd
00880061
00a700a6
00b00077
006f0075
00b100a2
008e009e
0087008e
00870091
00b90063
0090007a
007a0080
00b50089
007e00a5
007500d5
00b70072
009e00b2
0089005b
007b0095
00d70087
00760092
00a80088
009100b0
00980097
00d000c1
009b006a
00b2008a
008600a3
008d007f
008500d8
00870088
008d00b0
00690084
0085006d
00910072
009f009d
00780070
007a0092
0098006c
007e0089
0096007d
006d0056
00b70095
00900090
008e0082
007d0097
00a30077
006900b6
008f0082
00ae0076
00850076
00a100af
0099008e
00ad0097
00a200d3
006a0084
007d007e
0074008f
00a30081
00a1009f
00a700d2
008a0083
009e00e3
008b00ea
00e3006e
007d0060
009f007e
00a8006b
009f00b0
00900097
008700a7
00b1008b
008f0077
0084006e
00b1008c
00aa0097
006f00a7
00870086
00850082
0089007a
007d00b2
00920073
00ab00fd
008b008d
008c007f
007e0086
0091008d
00b00099
00a2008d
00990067
0102008e
00a900aa
0092008d
0095007d
00960095
0076008b
00910072
0088009a
009100af
00c80097
00af00a9
006f0067
009a00a5
007f008b
00a200b6
00800068
00c3006f
00fd0085
009700a3
00720093
008a0076
00980084
008a006e
008b008a
00b2008d
00b000bd
00820085
007e0071
006e00a5
006900b8
00860097
00a200af
00990099
00bd00a6
008e0096
007f006d
00b60097
0099008b
0076008b
008300c5
009e0084
00a7009d
007a0093
008f008d
008100a9
009f00a6
0073008b
00660063
007d00ae
00780081
00930095
006f0072
008e0085
009a008b
00820086
009500ca
00ab0056
00990074
00d9007a
00ca007f
00a70093
008d0090
00a20087
00850096
00a60073
00880096
00ba0086
007e009d
009d0098
0097008f
0098009b
00a30065
0093007e
009b0083
009900a6
00b1009d
007400ab
007f007b
007000c2
00ab00b8
009e0092
00890081
00ab0098
009f009d
00d300d2
008d0088
00870085
0095006d
00c30093
008900a9
00a50098
00b70084
00b500a5
009f00a2
00a000b6
00710075
0068007a
008e0083
009f007a
00ca008a
00730097
0091008b
009f0093
00790067
00a7007f
008600a5
00ad0080
00850095
009a00b8
00930080
00a50076
00920076
00b50081
00980095
008f009b
009900a3
00bb00ad
0085008f
009e009a
0089004d
0082006e
007d0083
009800b1
009900a8
009700a1
0071008b
00790073
007d00a7
007d0093
009d00a0
009e00d1
00c5008e
009b008a
00a100c6
00bb0092
00870071
006900b5
008600a3
00b0009e
00a2007f
008d00aa
007300ab
0098006f
00ba007d
00b50067
00ea00a7
009e00df
0096009a
009900b0
00b300e3
008e00bd
0087004d
00be0073
008a00c9
007d0095
007e0098
008b00af
00830076
0071009d
006f006b
00a7008f
007e0096
009b008f
00850089
007700a7
00a0007a
00a9009d
007d0060
00ba0089
00b600c1
008500aa
00a900c7
009f0087
00930085
00bb00a9
0085005a
0096008f
007f008a
009800a9
008f007d
00b200ad
007f0089
00840081
008f0065
00790091
0089007e
00a800a9
008e008a
009300a2
006000b3
009b00a5
006e0083
009b0089
005b0097
00c60072
009b009f
008b007d
00c60085
008b0077
007b00a0
007b0085
008700a9
00ad00a1
00930095
009a00b3
007200aa
009e0098
00890069
00a600c7
00b3009b
008d0077
007d00bb
00a800db
007f00fd
00910079
00720055
00ab0096
0087007a
00b30092
00ba0081
00cf007c
008c009f
00cb0087
006d0060
0089006f
00890084
00bd00aa
009200a9
00a20095
00860077
007100b1
00a5007c
00760087
00cb00cf
00a900a8
009200c7
00ab00ad
00b7009b
00c7008f
009e0074
00dd00b6
00a00081
006f0092
009f00ca
008a0083
007800a5
00a00095
009e008a
008e00c0
00910088
00a3009e
009f0086
008300ba
00980090
007a008b
00790064
009f0076
009700c3
009a0093
007200b3
007a009a
00830079
00890086
0065006f
008100ae
007d0076
00d50073
007800b1
00aa0088
00920096
009200e8
0087006d
008a006d
00850092
00ba00a2
00b700b3
0083007e
00aa0093
00920077
00630074
008e0062
00d7009f
0085009a
008f009d
00a8008e
00b70080
00b60099
00970070
00ca009b
009200b8
00a50091
009a0078
007e0089
00ad0085
00ab00be
0069005d
00a0008b
0092008a
00ab007d
0099008f
006d00b7
0091008c
009200ab
00780089
008b00a0
00a9008f
00a600a8
00a8009a
009500b1
00ba0081
00800083
00680056
008d007e
007900a1
008600c3
0085007a
00b50087
00ab00c1
009b009e
00a50063
0080008d
009600d1
008d00a9
00a5009d
00a00097
00b900b9
008d009e
008e0051
0091008d
008a0096
0062008e
009a00a0
00830093
009500b8
007e00ab
0079007f
008d0079
00960095
00ad0092
00c100c5
00a50096
008d009d
009d009a
009b006a
009800be
00ab00a3
00e700a3
009e008f
007e0081
009a009d
00a60095
007d005d
0059008b
00a20079
0095009e
0095009a
008f007e
007a00c3
00c20097
00a00065
009700af
007e0077
00a500c7
0077007e
009b0093
00d7007a
0099008b
007d00da
007200ad
00a30096
009100ce
00a100c2
007e00b0
00ad00b5
006d009d
00830067
009b00a7
007f0077
009b0097
00a500bb
009b007f
008a009b
009800a6
007a0059
0099006b
008500bb
00c00096
008b008a
00ef0098
00980079
00bb007f
00850073
0073008b
008d0078
00a8008e
00a80093
007d00c0
00b500a2
00aa00bd
00730088
007f007f
00710096
008d0086
008b00a1
00920095
008400cf
00830092
009b005d
0091007a
008500a6
008300a0
008c008d
00a600bd
00950089
00980084
007d006b
00860074
008c00a7
009a0083
008d00dd
007c0091
008900b5
00c300a6
00820083
00c20096
00a3009d
009a008f
008b0089
00950081
00b6007d
00910082
00970065
0082006e
0091008b
009100a7
0095008c
007b00b7
0095009e
007f0087
00890072
00980089
007f006a
00d000a9
0096006f
007500aa
00a9007c
007500a0
005e008d
0070007d
00a30093
00d10092
008d0079
00850085
00be008d
008d00aa
00c6007d
00b200a9
0087009f
00aa009f
00c30074
0089009b
00880098
008a0085
00b200a2
00b200ad
00c00096
00a10087
008e00a5
0098008d
00ae0081
00a800ad
00af006f
00600096
00690083
00be0091
00af0086
00a7008e
007a0099
0096008f
00770091
00830085
00b10086
00b800aa
00b80097
00d100b6
009600aa
008d008a
00bb006d
00aa0075
006d00b5
00a5008e
00870085
008e0074
00850083
007f00a0
00b300ba
0074008f
00cb0080
007b0070
00910081
00d200af
00a100b6
00a100c3
0082006e
009a0087
00a1008c
00a700b0
008b00c8
009b0090
00980074
007f007b
00730043
00b0008a
00b10080
007500db
00920077
00a200bd
00890087
00c10084
00870067
009100a7
009900a6
00920095
007600a2
0089009f
007f00a5
00c2008f
0063004f
0088008a
009200ad
00af009a
00d60096
00a2007a
00cb0097
008f0097
008c0069
007a0069
00ab0089
0084007e
00a1007d
0079007d
00930091
0095008e
008500a1
0091008f
00e70095
00da00a5
008d00b5
009000a2
00970091
00e100b7
00850093
00980098
008f00b0
0109009d
009d00a5
00c500ba
0083008a
00ad008d
0086007f
00aa00a2
00810098
00bf0069
007200b7
009900b7
00af00d6
00a300ab
00810069
007f0071
007a00b7
00b70092
008e0085
009a009a
00960081
009500b0
0096006a
00950084
009300a7
008900ab
009200cb
00b700a0
007a00e5
00b100a6
00aa00c2
009a0079
007f008d
010b00ab
00cb009d
00b80091
006d009d
007e00be
00830075
00db0087
009a008f
009d0075
00ab00aa
00cd0095
007b00d2
00bd009f
00a60066
0083006f
00a00072
00830069
00c200b9
00870097
007e0087
00960084
00930065
00890085
007e0099
00d300a2
00d30080
00930083
00a00092
009a0084
00b1006d
007000b1
0095008f
008900ba
00c300ee
00790086
008200aa
008900a9
0091006c
007b0089
009700bf
009900ba
009900cb
006a007f
008d0076
0077007b
007100a6
00bd0075
0097008f
00870092
009e0092
008700ab
008400a9
00ae00b0
00810076
00bb00a9
00a9007b
007b00b2
007e009b
007e006d
00850088
006f00c1
0091006e
00b8009f
00e00083
00aa0089
007700a5
00af00aa
009f0074
007d00a7
007e005b
008f0070
009e00af
009e00b1
00a2008a
009a00b1
00be00a1
00a900a0
00a90083
00850076
0087008f
00ae0089
0084008d
00810081
00ab00c7
009e00b3
0090008f
006d008a
009e0092
009e00b7
0099008d
00ae00c8
00af007d
007f009d
00a3007e
009500aa
008f0082
00910093
009200b9
007c00a1
007a0088
00b10074
00830056
00d300a7
0083007a
00820067
0092007e
009e007d
00a5007e
007e007f
00870071
008d0090
00960087
008100ae
00930072
007b0097
009a00c8
00af0081
009b008d
00c000b9
00b3009b
00d3008c
00db0093
00b100c5
00a6007f
009d009f
00af0085
007b0085
0076006c
00b60083
007d0099
007b0072
0095007e
008d0085
0070006c
0098007a
00630077
00990081
006f00a1
008d00b1
00aa009d
00810092
007a0086
0089007d
0097009d
00b700a3
00760093
007f00ae
00920099
008c0092
0073006d
00760092
00990086
00960073
009a0089
009a007b
006d007f
008e0061
00870097
00960085
007b0089
00810082
0098007e
00bb00af
00cf0072
007f00bf
00800096
007e007e
008a0095
0098007e
007a009a
0097008e
00960093
00880092
008700ee
0100008f
00b900ce
0092009f
008a00c2
00a00075
00a30085
007800b2
0071007f
00bb007c
007900b3
00960096
007800ba
008f007c
009e0082
00810096
0082009f
0097009e
00c3008c
0079006f
008e007b
0087007f
008000aa
00750096
005e006f
00860073
009e00bb
00a800cd
008f00ce
0085008e
00720098
008a007d
0060006e
00950093
007d009e
00810085
00cb0068
007b007e
00dd0097
007d0097
007d005e
00790083
00ab00d0
0079007e
00a20084
00c10099
009a00b6
0091006a
00b80075
00a6008d
006e008f
0096007f
00810079
008b0093
00970093
0077006b
007b0070
00b7007b
008a008d
00a90089
008900a0
00c900aa
007f0086
009a00b8
00900079
009100c7
0092008a
009200ad
0077008a
0078008a
008e008f
00870096
0057007a
00c200ca
008a006e
008b00aa
0086007e
00c700a9
007d009e
008b00c0
00810076
00b7008d
009f00aa
009f009f
008c0071
008b00b9
008e0077
00830067
005e0089
0090008e
00930097
00a0009d
0098007f
00de008d
0067009f
00960087
00d50067
008b007a
0092009b
00cb008b
008a007b
008f0082
007e00a8
007700a3
00a0009e
00c90090
009e0095
0095007d
00a500c7
00b70088
00b100a0
008b008f
00860070
007b0071
00ad009f
0096007b
0098008a
007a0062
00920085
009e009b
00850063
00ab00b0
0084008a
008b0097
0099008d
007f0098
00a20080
00770085
007d0060
008000ae
00a6009a
007f00af
006700b3
007f008d
008000a8
00a8008a
00a00069
008d00df
008d00a2
007e00ad
00be00a2
00df008b
00960093
009a00a3
006900a9
007e0072
008f00a8
009b008a
00a300c8
008a00b0
0087009f
006f0099
007f0082
007b0070
007d0092
008e0088
00e20082
00a50098
00970063
007100a0
007e0067
00aa0091
009a0097
00b10098
00890093
00a60084
00910089
008a0085
00890098
00b200a0
00a90075
00ba00b2
00d000b6
00c100a9
00be0088
00b900d7
0091006b
007c008d
00710085
00a2008b
00b00083
00be00a8
008f009b
00c000d7
0063004b
00870086
00830097
007a0084
00820092
00820097
008d00e6
008400c1
0092009e
00a00077
00af00d5
00c300a5
0092009a
00e10096
00bf009b
00a600a0
006f0058
00a00087
00980099
00a2008d
008b0082
009900ae
00de008b
008b0082
00890063
00aa0085
00df00b5
00ba00b5
007d00b3
008200a7
00810098
00b60086
006f0076
00ab0084
00a9008d
00b700ae
0081007e
00950067
00d90066
00910089
00700073
00820083
0081009d
007f008b
00980092
00b800a7
008c008a
008200b6
00be0079
00990075
00c300ae
00ad00ad
00a00087
00bb00ca
00e200a1
00c50099
008a0071
00bf0096
007400b5
00960082
0081009f
008a0095
008800a9
008c0093
00920075
00b7009b
009600e1
00a800c5
00a50097
00a50099
008000a9
00a200aa
00820075
007400bf
00a900a1
009f00ba
00a300a8
00d30090
00b300a7
00870083
0087006e
005800c0
00b600a0
00860096
00920082
007e0074
00980071
00930085
00a10072
0098008d
0083006e
008b009d
00990089
00a6008b
008e00b3
00a30090
00960069
009d006d
009200b0
007b00c6
007f0098
008d00bb
008f0079
008b0085
00880099
00980096
00e50096
008a009d
00a500b3
007d00b8
009500a6
0089006e
00920067
00db00af
008d00b1
00c7007b
007f0093
0085008d
00a300b2
008800be
00880085
00690098
0097007c
00960095
00980098
00c70082
0069006d
00800071
00720068
006a0060
008f0072
00990098
009100d2
00a10098
00bd0086
00cb0087
0107007e
00cf007c
00ba008a
00b90097
009600c8
00a000b8
00b600c5
00c300b2
008a0083
00710096
009a0092
00b600af
007b00b9
00d300ca
009700a0
008500eb
0073006f
008d00a8
00870087
00c00085
00ca00bf
007a0079
007c008d
00ef00a2
007f008e
009d0071
00880086
0076007b
00870092
00760098
00ad0087
00850076
007d006d
00a50058
00ae0097
0085007a
00cf0098
008300db
0091008a
007600b5
006f0067
00a7009d
00b70099
006f007d
008200a1
008400b3
00b1008f
008700b2
009d0066
0082007d
00880087
00c9008b
00a800a2
00770093
00ae008e
009b0072
006d0077
00810093
0081008a
00a100a1
006e00ae
0089008e
0069007c
009e0097
007a0057
00c700b5
0084008b
00ae0083
007d007e
0075009f
00d0009e
00bb009e
00a10079
009f00ae
007a00d1
00810087
00810072
00750087
0075009a
0087007d
0075007a
00a8009e
00e2009f
00a200b8
00a800a6
008300a8
00a700b6
00730091
00bb00eb
00cd00ca
010f00cf
00c300e8
010300e8
00bb00c8
00c500dd
00a00101
00720067
007700c8
008a00a1
00770076
00910093
00a000c3
00cb006f
008f00a5
005f0061
007c007b
0087009f
00820092
00b20083
00790081
009d00ad
0081009f
007e0064
00880098
00a20079
007d009f
00710093
00a2007a
008d0093
00750074
008e005a
008a007e
00980089
008d00c0
00b80092
009200bb
00b90088
00780085
00a80090
006f008f
00a8009b
007b00aa
00d200bf
00b8008d
008d0097
00a5009d
00cf0067
00690082
0083007f
00a8005c
00aa00d3
008700e1
00790090
008400a1
009700c5
009d0083
009d00c7
00a60093
007600a0
00b30065
009b0093
009f0086
00810062
0096006f
009a006f
009600b2
00a80076
00970083
0079008d
00830092
008d008d
00ab0097
008d00b1
00a600be
00980085
008300a3
00a60080
008a0093
008900a5
008a008d
0087008b
009d00a9
00a500be
00b700d9
00be00c5
00d900c7
00780064
00b500b7
007c008b
008a00ab
007b0079
00750099
006e009f
00840086
00730062
00a20085
00b600be
009100a8
00860087
00b2007c
0076008b
00bd00a2
0088007e
0089007a
006b0084
0079005f
00810068
0061009d
00790084
007d006d
006a0058
00bb0086
00a6006d
008000a6
00b00096
007600a0
0078007a
00a60096
00730080
0098008a
00760091
00830055
007d0075
0086008a
00b0007d
0077006a
00ad005e
0067007a
007e0085
00a60093
009e0096
00a100b8
008700b0
008e0097
00870091
008f0067
00a500b6
009e0081
00730091
00860092
007d0083
00800081
0077007a
00a8008b
0092007f
00a00087
00a7009e
00a90097
00a800a3
009d0083
00960077
00a3007f
009b0084
0091007f
008500ab
00bd009a
00cf00a2
00a00097
0073006c
007b0085
008c009a
008d008a
00a80091
00930075
00a5007d
00aa00ab
0082007a
00af0087
0097006f
008a007a
00820070
0099008b
008e0089
008d009e
0093008a
00920089
007d005e
00ab009b
00a30088
00830080
0077007f
00850096
007a00c0
00c300aa
0093008e
00c000b8
00b300a1
0093009d
009b0090
008e0079
006b0059
009a00aa
0077008b
00980080
009700b7
00710073
00a000ad
00ad008f
00a20064
00a500c7
00b0008a
00a500a9
00a00097
00920086
00a200b0
006d00d8
007c0055
009b0091
00a700a0
00a9008a
00a000a9
0088007d
007c00be
0097007d
00960084
00710066
009800a7
0095008e
0085008d
0087009b
0096008f
00980076
00bf006f
00b60088
008d0097
00b1009d
00a70081
0091006e
009b0087
00a5009d
00b8008b
00910081
008600bd
00b500a9
00cd00a8
009000e1
006a0083
008c009f
00750090
00990092
00830075
00a900ab
00950096
008800f0
009f00ab
00b80081
00860086
00a500a1
0089007b
0085009b
009f0081
0082008f
00b20081
008f009f
009e0083
00800083
009f007c
009600a6
008d008d
00ab0084
007a00b6
009200a6
0075005a
009000bd
008e0087
00970099
0099008d
007600a6
008700a2
00870065
007d0082
007e0099
00a800cd
009500a8
009e0095
00a300b2
008b007b
00ad00ae
00b20088
006c009e
00b60079
009b0097
009d0085
007e00b8
009a00a9
008f0082
0088005e
00820087
00830075
0081007b
0093006b
007d0073
00b1007e
0068005e
00660048
00a90073
00810095
0093009f
009e0092
0089009b
00c00084
007b0086
007f0077
00920096
00c80085
009600ae
008c00b5
00bd009a
00e200c7
00900093
006e007b
009d00a8
00880096
009d007f
00c600f1
0098008e
008d006c
009900bf
00b80068
009200a6
008900a9
007200ba
00a300a7
00b30089
00a60073
007f0087
0083004a
008f0085
009300c1
00b70062
009a00a3
00830089
0088007d
00d200a7
0099006b
00840075
0098008f
0091008e
0079006e
008b009a
008300ae
009b008e
00b90059
00970092
009f008d
00bf009b
009f00a7
00920097
00f100be
00990093
00830049
0089009a
007b0099
008f0075
00990073
008e0075
007d00ad
0098007c
00a5007c
00770085
007c00c7
00950093
00c200c1
00be009f
0097009b
0086007b
00a800c9
009100ba
0087007d
008100b6
009700a0
00b2008f
00960095
00c00083
00a7007d
00b50093
008b00c0
009600da
008800a0
007f00a8
00990086
00890090
0068009a
009e0077
00980097
00c60097
008e0095
00b9007c
00890085
0093008a
00bb005d
008b0088
007000ad
00a200d5
007900be
008d007f
008c009d
00ae007d
00640093
009a007d
0085005d
008900a8
00d90097
00820097
00ad00a5
00af0095
008e007a
00a30073
007c007a
009a008d
007c0091
009500c5
00900092
00c20087
00a000b0
00a600b8
00a100aa
00c100da
00dd0082
008a00a5
00c200ad
00a8009a
008d0089
00ba00ad
0088008d
00a8009f
009600a1
0096008d
007a008a
008e00ba
006900ba
008900a6
00cf009b
007b0096
009a006d
00a900b8
00c100a7
008d0085
00fe0061
008f0087
00a10077
0069008e
008f00b8
0089008a
00a200a5
00810092
007e0079
0087007f
00920082
007500b0
00770082
00a50093
009e0096
009f0090
009e0082
00b50095
009f0086
009d0091
008900b5
0091008f
00930093
00910077
00a10078
009a007e
008900a3
008b00b5
00700099
008c007f
00a80073
007f0098
00870057
00820069
00850096
009f00b7
00750079
009d0067
00a8008a
00aa00b0
00750075
00b20076
007b0087
007a006e
00720087
00750084
00970092
00970088
007300a8
0071007c
007d00aa
00be006f
009300c5
00a50097
00ad00b2
008500b2
00aa009b
008c0081
00a300b8
00ab00ba
00b50087
00c600ab
00a1007f
00970090
0073005d
00d9007c
008700a0
00bd0092
00850080
00980087
0079007b
0073007a
008e0055
007700af
0085008d
009700b0
009500ae
009900a7
009f0075
0092009d
00a60075
00910075
009900e6
009f008e
009e0091
00af008b
00a1008f
009d008a
008c0082
009a00e1
00be00a6
00a20092
00a600e6
00a8008e
007a0079
009000a0
00770067
00a30089
00bf0066
00b500ad
00a800b2
00af0082
009900d0
009b0086
0079007f
00960069
007f00ad
009a008f
007c00c7
00a900c6
00ab0099
007f008a
0070006b
00a800a5
00800095
00de006f
008100a7
008d0089
00af008d
00b10092
00750089
00a300af
008c007f
00ad008b
008c008b
00790086
0067008e
008100d5
008e00a2
007f009a
009b00af
00890074
00a600c0
009a00b1
0092008e
008e0075
006d00a6
008000c0
00820086
00860064
0085006d
008d006f
007300c0
0073009b
00a10058
00820081
00a20097
00900083
0086007d
00a900ad
007d00a0
008300bd
0084005f
008300b1
009f0081
008700b8
0086007a
00a800ad
00b300ad
0079007a
007e009f
00b30081
007d00b9
008900b6
00a000c9
007900d3
00840093
0079009d
00710073
007f0090
006a00a0
008d00a9
00820092
008c0086
008800a5
00b30070
009e008b
00b1008f
00b600fa
00a600d0
00bb00c3
00a8009b
008800ce
00ea00b7
0071006b
00ab00c9
00d20067
00a6009e
007b0076
00e80096
009100a9
0072007d
0080006b
00770095
008e00a1
0075007c
0085008e
008600b2
0098008f
0091008f
006d00a1
007d00c6
00ab00a0
00b50077
00cd008f
009e0082
008f007f
00d500ad
007b007b
009b00b0
00830075
008a0086
00e10086
00a300ba
009e00b1
00e1009a
009e00b2
00a700cf
00750082
0089009a
007100aa
008d0082
00bf0092
007f0093
0071006f
00880097
00b10098
009900a0
00b900a1
008400a2
007e00a5
00900096
0078009b
0087009f
007d00be
008d009a
00b5008d
00880091
008f008d
00920062
00aa008a
008b00aa
00a50087
007e0093
00880091
009300ad
00d90084
00a90090
00620067
00a000a2
00ae0085
007b00b5
0099008f
0088007a
0098009e
007b007d
007c0058
0082006d
00a800a3
008e0079
0071008b
0081007a
009d00a3
00820077
00950096
008f008f
007e009e
00a00095
009b00ae
007d0098
00a30081
00990075
0084009a
008200c0
00a900ab
00920080
009200b2
009000a1
00a6008c
00be0095
007a0076
00850085
006d00a8
0087007b
0061008a
00790067
007f0083
00ae0087
00770099
008c007e
00a0008a
00b800b7
00a90095
00a500c8
00e90090
00900092
008f0072
00880091
0097007b
00b3009e
00990073
008b0079
00d5007b
008100ab
007a0067
008f00aa
00970071
007e00a6
009900b1
0082008b
0098006e
007b0086
00860099
00de0069
00e0008e
00ee00a0
007200b9
00da009b
00b000b0
00a50097
00860092
00b70084
009a00b8
00a200a7
009b008f
00ae009f
008e00c5
0083008e
008f0076
0077006e
008c006e
0088008e
00c3009a
00a1008f
0073008a
00960098
007600b1
008b00a8
00830092
008300a6
0097006e
00bb00c3
006f0098
00670072
00630092
0084008b
00760076
008c0091
007200ce
00910077
00810097
008b00ab
0081007e
007100a3
0097008c
00e100a7
009e00af
00910081
00a300a3
009d00c1
007a0064
00730087
00a8007a
009e009b
00c500a0
00da0087
00960085
008d00a0
00de007e
008200c9
007f0097
00970073
00b1008b
009300ad
006f0088
00890084
00980077
008400a7
00b1008e
00ba008b
007900a7
009b009d
00a000c6
00b600a6
00660069
008a0092
009a007f
0075007b
006b008d
007b008f
006a0066
00ae0083
00960075
0096008f
009100a8
008e0085
0096008d
008f00c2
0090008b
0077009b
007b008b
00a80091
00be00a3
009b009e
00880070
007c007b
00900071
008b009b
00d0007b
00a200a2
00a200b0
00a6007d
00b500a8
00c3008c
008e0097
00a7008a
00760064
00960086
007f00b2
008e00a3
00aa009d
0082007d
008f00b5
00890086
00760066
00a1008c
0079009b
007f0085
00820071
009f008b
006d009a
009e00a5
006b008d
008b0087
00b90079
00b20081
00670098
00950091
009e006d
00a200ae
005c0065
0089008c
007f008a
00960097
0090006a
008700a1
007f006d
007e009d
00c0007a
0097008f
00ad0095
0098008c
009a00c1
009b00e3
00b000a9
00a700bf
0097009a
00b900c7
009d0085
008000a5
006a0098
00840092
009a00c0
00b70073
009b006c
00800098
007000b3
00b20081
00960087
009e0086
00a100e3
007a009d
006a005a
008e0097
0098006f
00b0008e
00bd00c9
007500a5
006d0089
00a90096
008f0091
00a6007a
00910089
007b00a5
00a20075
00b6009f
00b10099
00a00075
008b005e
007300d2
00720084
007a0093
00820071
00ab00a7
00a1008b
00670079
0089006f
008e0078
009d00ad
008f0078
007d008e
009a0087
009700b5
007d0071
006d0097
007b0089
00800089
007f00a9
00920092
0081008e
00c00092
00a80081
00670082
00800086
0073006f
00a70099
0087006d
00b100bb
008500a0
00b9007c
009b0087
00a200a3
00820089
00c3007a
00960092
00bb0098
0086007b
007600be
00760075
00b700ba
00ca007c
00a80091
009e009d
00820093
008f0097
0078008f
0081005f
00a800b9
008c007a
00c00086
00dd0088
006a00a6
00a100a2
00850087
006e0068
008d0092
009700b5
00ab0098
00ab00d6
00cb008b
00d000a1
00bd008a
0091005b
008100d7
00a100aa
007600a6
008000c8
00920071
008e00a5
00a8009f
0073005a
00780071
007b0075
00890078
00ad00a1
009600ed
008c007b
00a5007e
00840061
00b900c0
00810079
00a9008d
00bf00cd
008a0092
00750080
00840081
007b009a
00720096
00860087
00950097
00b20085
00aa0090
0069008a
009f0096
00a0008d
008e009a
00a900a0
009e0082
00a1007d
009100b0
00a000af
00a20080
0092006c
00b50097
007b0085
00980087
009200c1
00a30099
00830089
0082009d
0079006b
00c500a3
007d0091
008b0073
009b008e
00980095
0099008d
00ab0098
008a0082
0081006c
008b00a5
007b00c2
0077009f
009f00a6
0095007e
009e007e
00be0055
009a0097
008f00a0
00a90083
007700a3
00970073
00b000a7
009a0080
006f0075
009a0067
00810077
009f00a1
008b008a
00890091
009a007c
008300ae
008f006a
00790083
00bf00b5
008200e7
00aa00a1
00a20091
008100a6
00a500a3
006d0095
00a8008e
009d00d5
009a0098
00d700ad
009a0111
009f0096
00760098
008d00ad
00a200aa
00830096
008b00d0
00a10087
008e0095
00920081
008a0099
009f0073
00bd0088
008f00b2
00980095
00960092
006d00a7
009200a5
008d00a1
008c0074
00870068
009200b3
00b80081
00a800af
009e00a2
00c0008a
0091007e
0079006d
00b0007a
007700c7
0097008e
00a00087
00990090
00830075
008500a0
0093007b
007500a7
00a80097
008f0097
00700099
0071009a
00b50072
007600a0
00b8006b
007f0072
006b00b1
00c90086
008b0084
00a80099
007d00aa
00d000cd
0073005f
007e0072
00a6007f
00a6008b
00820081
00b20092
00750082
009f009d
00840072
00c10068
00a300c1
0076009d
00680070
009100a1
00a3008f
008800af
00820064
00a30096
009a0082
00ad0092
009600a2
009f00a5
00910090
008a0091
00820080
00a80080
00c0007d
00a5008d
009300a9
007600ce
00a3008f
009d0098
00730058
00ab008a
00850087
00c7007d
00ab007f
009b00a0
00c8008d
008e00b2
007c006b
007e007e
009200a7
00b50081
007b0087
00cd0092
007000a9
006e008e
009f008b
009d008f
007b0092
0079009e
00960081
00960099
00850086
00c900d6
009f00a1
00b00085
00ab0098
00ad0091
00a600a3
00b600a5
00b30095
00a900c7
00760084
008a007e
008d006a
00980086
00be0085
00ba0085
007f008b
007e007d
009d0079
00a0006c
00950071
00c100aa
009f00b8
00b600a0
009f00c3
008200e2
0085006e
00760076
0078007f
009f0092
00a300ab
00b8009b
006f0081
00960077
006e007c
00c30089
00880078
009b0080
00a200ad
009d00a8
00bd009b
00a700bb
006f0057
007a008b
006f00aa
007d0108
009600b5
00d500a6
00870081
00bd00c7
00c10079
0095007c
00af0099
0095007d
007d006a
008b0088
0083005a
00720082
0087006f
007d007a
00a7008e
00a0007e
00960078
008f0093
00830072
00b8008c
00a60092
00b10090
009f006f
00aa00b0
008100a0
00a3009f
009b008c
0099007d
00830061
00b000ad
008a0098
008a0098
007e0097
009700a7
008e00a9
00a000ad
007b0081
00a800e8
0097006e
00ca00b0
00870079
0082009f
00760077
006d0076
0068008b
009e00d8
00900071
00920097
00af007a
00a60089
009d00af
0092009e
00910052
009700ae
0079009b
00aa0098
007b0086
008e00b7
0072008c
008b00b1
00780074
00c200ab
007c0087
009300a2
00950085
00bb0099
009d0075
009800bd
00a2005e
00ae0064
00850092
006c00bd
007c00ca
00950096
008d008b
00b00098
0092006a
00b20095
00770079
009d009a
00bf0096
00920080
0076007e
008e00a8
00730081
009b0097
008700be
00a1006d
00b500a9
007e009d
0087008d
00870092
0079006f
00bf0074
00890083
00a600f0
00ab0083
009b00a2
00c80098
009600b9
0092006f
0085007d
00aa0097
00d20079
00a200b5
00a000b6
00720089
009900a6
00830059
00860076
00970068
007f007e
008300a7
00820098
007d007a
009d00bd
00670074
009f007f
00ad006a
00aa008e
00750096
00ae0090
007c0073
007c00be
00760049
008a006d
00b50087
007b0085
0075008b
009700ad
00830075
008900ad
008c0079
007a007f
007e00a7
00e1009a
00ae00a9
00f10093
00c5009f
00a10095
0069006a
00890071
006b0098
0083008d
008300a7
0097009a
00a70071
008c008a
00cf0079
00890095
00f600b3
00d300a1
00ab00c0
0090007c
009b0082
0095009f
00860068
00b1008a
00bd0098
0099008b
00970082
00a3007f
008c0085
00da008d
00c600d6
011f008e
00a5008f
00aa00a3
007e0073
009700be
00cd008a
00c200af
00a0005e
0072007a
008000b5
00c1008e
00c1009e
008500b2
00b700aa
00800092
0098006c
00970098
009200d1
009100be
008f007a
0069008b
0077007c
00a200b8
0067007c
009100ae
0092008e
0098007e
009600a0
007c007e
00a100ab
008c0098
00910086
00ab007b
00a900a8
00a60097
00af00b0
00900089
0086008d
009500b9
007f007d
00ba0076
00a60097
009e00a7
00aa00be
007e00b5
009a009f
008a0095
008a0067
00ae009f
009700cb
0098009f
009a00ce
00cb0096
00a000b3
00aa00ad
008a0075
00b0007d
00780075
00850089
0084008e
0076007b
009100b3
007f007c
00af009a
00ab0093
0098008e
0097008a
00ca0081
00ce009f
008f006f
009700ab
006b0061
00af00d1
008b00b6
00ab00c5
00950088
00850096
007d00bb
008700bb
0087006e
007800ab
00920060
008900ae
00b60095
008c007c
009f00a5
008700a6
0069008a
00860077
009a009b
00a00087
009800c6
00810098
007f008d
00790092
0095007d
0074008b
00a200cd
009a009f
009100b6
009a007b
006f00ab
0086009f
008b005f
006a008b
0083009d
009300b1
00a5008d
008d00c6
008700ab
00a70089
006e0069
006e0072
009d0082
00920099
00990072
007c009d
00930086
008f0076
00810072
009f0098
00b20092
007e0092
00a2008f
009d00bb
00910097
00930087
0091009b
00b00087
008b008a
008e00b9
00800096
00a50092
007c006c
00a500cd
00670071
00b8007a
007e008b
0086008e
009e009f
0092007e
00970092
00a00099
009b0092
00a8008d
008e00b7
0095008e
00b2006f
008e00ca
006700a5
00970089
00ab006d
00a1009f
00a200a6
008e00a0
00ae00db
00a90081
00860070
007f009d
0088007f
00850070
008600a9
008c00d5
007b0077
008800a2
009800a8
008a009f
00670076
008b00b5
008100a0
00950069
00a8007a
0057007b
00980079
009e00c2
00730071
00740085
0072008e
00910088
008600a1
0093006b
00890097
00910093
00cd0075
007f0090
00760081
008d00bf
0085008f
00a8009a
00c3008c
00b600b8
00710066
007f0083
005a00b0
00b1009a
00a90095
009f009e
00920081
009800bb
00860076
00830063
007700a3
00ce0085
00b00105
009500bf
0070009f
009a00ae
007e008b
00a2007f
00e800a0
007e0096
008d0095
00920099
007b00c1
0098008c
007d006f
00d1009d
00a700bf
008f0083
008b008b
008700bd
007b0086
00760090
008d0060
009a00db
00be00c7
009a009a
00930089
00d8009a
009000b2
008d0071
008f007a
0085009d
00960086
007b00a2
00a5008b
009700b9
007500ce
00b60091
010a0074
0070008c
009b00b1
008e0098
008500a7
00b5009b
007d009b
008d00d1
00aa0066
00850092
00a50074
007a0089
00b8008e
00a800ad
00c80086
00a800af
009e0062
0087009a
009700c6
00930095
009b00b1
00b9008f
00830069
00a5008d
00750073
008f0093
007a009a
00a50086
00b80096
00b50089
009b008d
00a00098
00aa0067
00a70087
008d00c0
00b100b1
007e00e5
00a100b0
008f007b
00a300c7
00d10076
00a70099
00840092
009b00b2
007600c8
009100a6
008a00ae
00890081
0082007c
00a90080
007f00a1
008500a7
008300ab
009f00a6
008d007c
009b0076
006f007c
008900c0
00760089
007500a5
00a50093
007e00a5
00930088
00970099
00a20087
008e0081
009900d1
00860093
00950083
009900a6
00a1009e
007100a8
007b005a
009f009e
009a0085
00b90064
007f00c1
00710097
00c500b2
0082008d
00a90070
008b0095
00ab0081
00ae007f
008d008b
00710082
00c70098
007500a5
0082007f
006a0074
00850083
0079009b
00b80097
008400e9
009f0095
00860083
00930060
007f0089
008a008d
009900a0
00f90089
00c900b3
00d2007a
008b0093
00b0006f
009300b1
007e0075
00b900a1
008a008e
008900b5
00860091
00c7008e
0097005b
0084008a
00870098
00b2008e
00c000a1
009600b2
007c00a0
0073009b
00810066
008e00a7
007f008a
0084006e
00ab009a
00820081
00920085
007a009f
0072007e
00a600a3
006a0077
00810087
008600b6
0093008e
008e0096
0074009f
0070005f
00840089
009f0061
00b80066
0085008e
00bb0099
008600c1
00790083
00990068
00820096
009a0078
009700ff
00d100e1
00ea00a8
008b007f
00810086
006b005c
0087007a
0077009f
008200b7
00870092
00b70091
00a200a6
006e00a2
00980071
009600b1
0081008c
008b007b
00a20095
00a3007b
00890090
00650083
008500c5
00d2009e
00820090
008e0092
00a0007b
00820096
008400be
008700a0
007d0076
009a00a2
0097008e
00b1008a
00b0009d
00aa00b8
009500ba
00ae009d
007a008e
00910086
00ab00a6
0087007e
00ae00bf
00a100e3
007a00a2
00830091
006e0053
007f009b
00860083
00a5008b
008b00bd
00a900b0
00800090
00c20087
0095006b
006b0083
00890066
00980076
0097007d
008d0081
007f0076
00ba0083
0079008a
00aa00b0
0098009f
00b300cf
00cd00e0
00730095
0083009f
009a0099
0081006e
00ad008c
0083009f
00a9009d
00a100a1
008c00a5
00a30087
00990091
0086007e
00b00079
009d009a
00920077
009b0061
00980084
00bd00a1
008b00b2
008e0078
009d0085
00710095
00970091
00b500a1
00ab00a6
009b0089
006f006d
009e0098
0061008e
00850083
008e0092
006d0092
00920087
008b008e
008f0077
008b0061
008d0084
00c6009b
0089009d
00a6008e
00c10071
00b200aa
00770093
0089008b
005f0089
00b70084
00730087
00a600b2
00bb00d1
007b00a0
007b00ab
00990061
00b70081
00b200ce
007d0097
009b0083
008700c1
0087007d
007f009e
00b0007b
0093006f
0099008e
009a008b
00a900b9
00800084
00b20097
00c800b0
00830069
008a008d
00a8008d
0088008d
00750091
00830095
0081009a
009b008a
008a007d
008f00ad
009b0091
00780081
008d00a3
0089008a
008e0083
009000a1
00bb006d
00830071
009700a1
00f600a9
0080007b
00cd009b
0090007c
0086009d
009a0097
009e00c0
007d00a6
00870089
009d0080
008f0093
00a30084
006a00b0
00930079
00b1007c
00a00081
007e0087
008b0099
009a007f
008a0081
00bf0091
00a00059
008c0093
00b50091
007d0097
009700b3
008200a5
00730078
00790096
00a0009f
0089009f
0082007b
008b008a
008a00d7
00830098
009f009a
00b1007c
00a70093
00890096
007f009d
006f00c9
007e008f
009a00aa
00db0085
008f00da
00670065
00a500a7
00b70088
0096009a
00a100a2
0066007a
00820096
0079007c
005e005e
008900b1
00b3009a
00690060
009d0093
009a008e
008100bd
00ad006e
00a800a2
00820078
008e00ae
00c10098
009d0099
00a900b5
007c0087
00a60075
006700ae
008a006e
008c007e
009e00ca
009500e9
00a5008b
00990087
007d008e
0071007b
008b0063
00b500a2
008a0071
008900c2
00980091
00a5007a
00bb007e
00790089
0086008f
0093008b
00f30085
00970085
008c00c9
00a2009e
00900081
00a20052
008400ab
008900a9
008d00b7
007f0092
009d008b
00930098
00bb008d
008c008f
008100b0
00a500a8
0092007f
00b00097
009200d1
009e0086
00a00099
007e0059
008a0088
0089009a
00930092
00a60099
00c60087
00960099
0091007b
0079007a
00c500a1
008b009e
00a80085
00c000a7
009a00a1
006f0084
00950082
007a0096
00a5007e
0098008e
00b90098
008d0092
0075008a
00c000b2
0098008a
007f0074
009d008f
008d00ca
009900c5
00750079
008e007d
00820079
0085007e
00a20071
0098008f
009a0074
00a50097
009700b8
008f00b5
009a0086
005b0095
008d0093
0085008f
007d0087
00810072
00ab0095
0093008f
009f00af
008b0098
008a0093
00890079
007f0083
009100bd
00a900b0
0080008f
00c700b0
00a0009a
00890052
00b10089
0062008f
007e007e
00b30081
00a30097
0092008b
008c006e
00a600a7
00870071
00d100ba
00b30096
00a800b0
00a900bb
00e800ab
008f007e
0092005a
00a6007f
00b500a1
0069008d
008200b0
00cb0077
00920084
00a00085
00ad007a
00e0006a
008a00d3
00ae009a
00b300c2
00aa008d
008a00d0
00a800ab
00b60077
0071007c
00b000a6
007d00ae
0085008a
007d0079
009d008e
0083009f
00b80081
00980086
00b6007e
009900b6
006100a7
008400ca
0083006f
008b00c6
007a0073
00740093
008b008a
008400eb
007b008d
007b00a0
009700b0
009200aa
00920075
009e007d
00a7008a
0091009e
008800b3
00850091
00a80085
00ff0099
00b3007d
0082008b
007000b8
006b00b9
009500c3
008b0087
009100a6
0083006d
007c006e
0073007a
00a5008e
00be007d
00ad007b
00c00092
009d0076
00b000b0
0080006b
009600a5
008b007d
00ab0088
00ea00a0
00a90097
00870074
008f0093
00a20088
00a700ae
00be00b1
008200b9
00b00092
008a0095
008600b0
007b0096
006e0065
00910091
00830085
00a10073
009f00a5
00780077
00c3008f
008a00a5
00850070
00a700a6
007200ae
005e00b2
009300be
0067007d
00a6007f
007600be
006a005b
00aa0081
00a10088
00b200a7
00a600c6
0083008a
009d00a3
008d0052
00690088
008b00a0
00a30061
007e009e
00830096
00a30079
00c2007e
006d0099
00980089
00a10098
008b008c
009200bb
007e00b6
008600cb
00690093
009200a5
00900071
00ae0078
00b10086
00860084
00e000a1
009800b1
009b009b
007e00a9
0087006b
00790074
00a50096
00b3008d
008300a8
00710084
008d006b
007e0095
008400a3
008b0082
008c00a3
00a00091
009e00cb
00a1008e
00770067
00680079
0071008a
009d0075
008a0076
008700b5
00e60074
009100a8
008f00a7
00b300b2
007c0063
00d70083
00870095
009500a6
008b00a5
00970100
00aa00af
009800a0
00770066
00a10099
00ae0065
00a0006f
008d00a7
00ad009a
007c008f
00870097
008e0079
007d009d
0086007d
00770091
008b007d
00a5007e
008f00b3
00880096
00980079
0097009f
00b9008d
007d009b
00f7007d
0099007e
0092007c
00aa00b5
008e0082
00a00097
0092009b
00aa00c5
008d0076
008900a1
009600b0
00820076
008300cb
00b80070
00df0095
00d30099
0088008e
0087008b
00750075
009e0091
0089006a
009100ba
00920097
00800076
00a600ad
00e10099
008000a6
009600b7
008a008f
00900090
00b300c8
0093009a
00c000b8
009d008e
007300b5
00980090
00610062
008e0092
00800081
00b70082
009e009a
0079008b
009b008b
00890072
0085007b
00790090
00950085
0097009d
008d008b
00670080
0098008b
00860087
0065006b
008200b2
00890087
007600cb
00a70092
009e009a
00b90083
0095008b
007b0067
008f0082
009d0083
00a300b0
00ce0079
00ab00a5
0096007f
0098006f
0081005e
009800c5
0079009f
008700b5
00ab0093
00a7008b
00a3008b
009d0076
00850066
0089007f
00800083
00b000ad
008700b9
0084008d
00900085
009a0097
006f0088
007a009b
009700a2
007e0095
00da007e
008e008c
0095007e
0084008e
00970075
00870071
009d00cd
008e00be
00aa00bd
008f0069
008d007a
008600cb
0097007b
00b00099
007600a7
007a007a
00a6007c
008e008d
008700a2
00a600ae
00b100d1
00cb0082
00a000a2
007a0091
00a800b5
0097008b
008e008b
008b0082
007b0063
0091009d
007b00a3
008b008e
00930084
008c0091
0080007f
008d00bf
00e1005a
00d000b1
009d008b
008b0092
009b008f
007800bb
008d0096
00770079
00a10053
00a700a6
00c20088
007f009d
008f009e
006d0084
006d007a
0072007f
00720067
009b00a8
009a0085
009900aa
00ae009f
009200a9
00960082
00950098
006c006b
00970098
00a2008a
008c0091
00990078
007500c1
00670078
00780085
0072007d
007c0086
0092008c
00a5008f
008a00ab
0079008d
00750084
00c70095
00af0077
00930088
00920085
007c008a
009f0082
00860080
00860081
00760096
00790060
00a70096
0096007e
00b00095
00a80086
00b30087
007b009e
00a100ab
006f004f
009e00c6
0085008b
00840087
008d00cf
008300a3
009f0071
00860072
008a0072
0079008a
0073007b
008f0099
008a00ad
00ab0091
00a900af
00a000be
00ba0071
00950079
009f00b3
009300be
00910083
00c5008a
007a00de
009e008e
0073006f
00850099
009e006f
006e009d
00860096
00af00a3
007d007d
007700b0
0056008e
00a2009d
00720089
00a9006a
007e009e
009e007f
0082008f
007c008c
005b0092
009b0081
0076009a
00bd00d0
00af0092
008700a1
0082009d
009600a5
006d0075
008d0096
007e00ae
009b0082
0092009a
007e00c3
009f0091
00b00082
00710062
009a00a0
006300a3
0092005e
007f00b9
007f00b9
0099007b
0088007f
00900083
00910080
009b00a1
00a700e8
009f0092
008800a8
007e00b3
007b0092
00820072
006f0090
0092008b
00840081
00a5007d
00a00085
008d009d
008d009d
009a0069
009a0096
00af00ab
007d00d9
00b800a6
009f00ce
007300a3
009e0086
005a006e
009300ab
008d009a
009a0083
00b60073
007c00b1
0089008f
00920091
007e0068
009200a6
00890092
00b200af
008f008d
00770083
00910091
009d0086
0097006f
00870087
00aa00d7
00860098
006d007e
00920092
009b0078
006f007d
00860080
008f0079
00870073
0096007b
007e00a3
009600cb
008d008e
009e008d
00a60076
00990093
0095009e
00a90080
00870092
00af0082
009300ad
006b008f
008900ab
00a000b8
00980091
00b000c2
00a800aa
007d0081
00c5008d
007b0085
009d0065
00c2009f
0093008d
00b200a0
009a007b
00850092
00850099
007d007f
00a6006b
008e0085
00aa009f
008b00a7
0075009f
007f0096
00a2007c
006b0087
00760081
00a50086
00c70092
00a70092
00a10090
009600d9
00b30077
006f008b
00a6005b
00a7008b
00c000ae
00a300ab
00a000a1
007900a3
00760093
009e0082
00870066
00b00096
00ba0099
00890081
0095009f
0093009a
00790095
00a50097
0079007b
009200b3
008500df
007b0075
008a00b2
0083008d
006a00a8
007a0074
008b0090
008a0075
00980075
009b00a0
007f0062
008a008a
00c50095
009b008e
007d008e
00910099
009000a5
0098008f
0092009f
00b3009f
009b0072
00bb0082
00a800c1
007a009f
00810083
008e00c0
0072006e
0084007b
007f00a3
00a6009b
00a9009a
009a0085
0090007e
007f008b
00900099
007f00c5
00b0009f
0072007b
00910062
00890086
0096008b
00ab007b
008000bf
00bf00a9
0083008d
00b50073
0096005b
009b00d8
00aa0079
00950093
008a00a5
008000ad
00830084
00880067
00680070
00920084
00b200aa
008b00ae
0097007f
00920073
00d3007c
00850077
0092007f
008f00c1
00b300b6
0099007f
009d00af
008d00a5
00a200b2
00820092
00aa005d
008d00ad
00b7009f
009700a3
00b9009b
00960087
00a500a1
00af00ba
00930059
007e008f
00790066
007e0085
008b006a
00ba008d
00a30090
00850096
0093008a
008500b3
00a30087
007a008e
008600af
0097007c
00750071
00920082
0079006b
00c100aa
00790078
007e00b2
008000b2
00aa00a7
008f00ed
00b9007b
009a005c
00b5009a
0095009e
00920089
00a5007b
008500a1
008100a8
007300b3
009f0067
00b9009f
007b00af
00a7008a
008200a2
009b00c3
00af0097
009900ba
00a30078
00d00086
009000b5
0096008a
009b0092
00a00075
0083009e
00730089
008700b7
00bf007f
008f00bb
00b7007f
009500a0
008b0089
00b1008e
00db0086
00790077
008b007e
00830099
008d0085
009800b9
0069008b
00aa0095
008a0085
00850066
00780077
00ab00a6
008100c2
009000b3
009700a1
009b00a2
00a90091
00820091
009500a5
00ae00b1
008e0084
008f00c2
0067007e
007e0072
0083007a
0075008e
008b009b
009f0098
009700cb
00b800b8
00900098
009d0099
008300d5
008200ab
00880077
0079009a
008800a3
0069006b
007a009d
0092007d
00bd0096
007f0056
008e009a
0077005e
00830092
007a00bf
0090007a
00af00b9
00a0007f
007f0066
008b00be
00990085
00680089
006f008e
007e0098
00550057
00890096
00830073
00ba00b2
007f00a9
00b2009e
007200af
00b20079
008f00b8
00a9009b
0075008a
0076006f
00a7008e
0093007b
00d800a6
008900ab
007600e0
009d00a3
00970075
008d008b
00770076
007f00ad
008100a7
007f009e
00a10088
0098008e
007a0084
009a006f
0077007d
00a1009e
008f0089
008600a0
009b0090
00750093
009a0067
006f00b7
00880082
007000aa
00cf00b0
00b500e3
008d00b8
008f007e
0069006b
00a7006c
008b0071
00af00a5
006a00aa
00a90091
007d0078
00920081
00850067
00b10093
008a0098
00930081
00c5008f
00a30071
008e00b0
006a0071
0096005d
008e008b
00b00090
009d00ae
007500a2
0089008a
009f0081
008e0068
0087007a
00710096
00a800a6
00ca00a1
00970098
00cf00b5
00960084
008900a1
00790059
0087006e
00920086
009d007a
00a60087
009e00a6
007a0099
007e0086
00980069
008600bd
00e700d0
00850087
008700af
008f00a9
00820086
009e009e
00650058
008a00a6
00a800a1
008900a2
007f007e
0092007d
00ad008b
00a50077
00960057
00990095
00a50075
007d00b5
007a007e
00b20082
007f0083
0077008f
008c007d
0092008f
0093007c
008b00d1
006e0074
00a5008a
00a2006e
00950087
00950076
0093007f
0090008d
009a0098
009600a2
00980079
009d009b
008a0083
0066007c
00a900b9
0091008f
00c0008b
0076007b
00700085
008b00a6
00a60077
00660089
006e0077
00770099
007b0072
009200a7
00a500ab
0072007e
009e0085
009a0072
008900bd
00c800d0
00b300b0
00bf006b
00a500de
008600a2
008c007a
00c30083
00720093
008400c1
00a700ad
009d00a8
00aa0092
0092007c
00a20099
0067006f
00af0096
00a90098
008b0089
007c0079
007300a3
00b10076
00a800b3
00990096
009700ae
0075008e
009e0092
0084008b
00c100a2
00b3008b
009900b8
00800056
00b100aa
007b009a
0098009a
00a10092
008e0096
008100ab
008a00b7
009b0073
009a007b
0079008e
009500a9
007e008b
007a007e
00b200b2
008e0092
00a20065
008d0086
0098009a
0091008d
00d500df
00a600f6
00a0008d
008b00b0
