00f200e5
00cb00e1
010e007f
007e0076
008400a1
00bd00d7
00fe0088
00a20089
00d70087
00ea008b
008700e0
00770089
008200da
00a500b5
00c60087
00b800b2
008200be
00ca008e
007e0082
00be0092
00a200af
008100ad
00a50096
007f00ae
003c005a
006e00f1
00620052
00480040
0057007f
005a006f
00510049
0051006f
00630058
00f70072
004a00fb
0035005c
00570057
0064004a
0053007f
00560093
005f0052
00720050
00650065
005e0068
0080007f
006f0057
004d0093
006a00a3
009500c6
00b900a5
00e0008b
00bd009f
00a700a8
00be00ca
009200b3
008e00a3
009d00ba
00be00b8
00a10095
009b00c2
009e0087
00b80085
00af0091
00b30083
0096008b
00930097
00b600d7
00c800ad
00c2009d
009d0088
008a008e
008d00ad
00d8014b
00b1013e
00cd00b5
00a200ab
00af00bd
008d00cd
00b900a5
00c20082
007d00e5
014700a0
009d0147
008600c9
00be0089
0083008d
0086008c
0087008d
00880081
00750062
008d0070
00820065
008f0077
00b9006d
00a50089
008200c6
005e0135
00df00c2
005b009e
010e008f
008900a9
00690074
008a0076
0052004a
0044003b
00610048
006d005f
00580072
00950052
004500e2
00550044
00480051
004e0043
00c30046
004a01ab
00360042
009e0063
00570048
006b005b
00440062
00d600dd
00a3006f
00700092
00b90072
006700b9
007f0073
00d90062
00710095
009e008d
00ee0063
006500bf
00a00071
00830077
00950066
0082006b
005f00c7
00920075
00860080
007100a8
007500b0
008b007c
0071007a
008b00a1
00c30086
00b5006b
012700e6
007200bd
009a0095
008d0082
00de00a6
007d009e
00bf009d
011700a2
00da008f
008800ce
008a0098
00bd00a9
00b5009d
00a0009e
00b60086
00980099
00fd0092
008900a5
0088008b
00a90072
00950091
008e008e
008b0089
01ae0155
00c100bb
009300dd
00c300d5
00e1011a
01820167
00d500db
00c900c3
00da00a9
00b900f3
008e00bd
008a00fd
013e0167
0083008f
0096009b
008f008b
00bb0081
00720077
008500ce
009500a3
0097008a
007700b3
00a300f3
00c700ad
012700e2
00bb0100
009700aa
00a800e7
0066009d
009300b5
008d0066
00620072
007a00c2
008b0097
009f0085
007d008a
00d6008a
007d0093
00650087
007c0086
0072007a
007f008d
00830079
007d0072
007e005d
00a6007f
00690088
006400be
00d70102
011200f7
01400091
00b700a3
01150090
00f00106
00970116
00a900d8
019500d8
00a20082
00a500e8
00c200c2
00c300a5
00e3006a
00c300a7
008e009a
00a10132
0079007a
008a00d7
00a80075
00aa0088
009700cd
009800a2
007900b8
005f0073
012b009f
00a00086
006c0069
0063006a
0075009a
00500046
003a00a2
00530091
006000f3
004d0089
004e007e
00570053
004e0092
0071005f
0061005d
00450064
01030051
00970102
00410050
004d0069
004d005b
00640042
0062004e
007d009a
00aa0099
00b600b9
00ab0082
008c0076
00ca008b
007b00db
00b200b1
008e00a6
008b007d
00760096
00b6008d
007100ad
00a70089
00c700aa
00ce007a
00a000b3
00b100a7
009b0095
00b00076
00ab0093
009500db
007d007f
00960096
00c500a8
014900a8
00a700a1
00c600b2
00a60078
00b500d7
008f0087
00b000b0
00a500c6
00950096
00dd0089
009d0099
00a90098
00820099
00a2009d
008900e3
00b500b5
00a9009a
00cd0086
009600a6
00b90076
00970099
009e0099
007d008a
00910071
008f0099
0061006b
009b0073
00920075
008300b5
0082005e
009e0090
00870086
006100bf
008a0073
0071007b
00890079
005c0067
0099008a
006600a6
006c0072
00830068
006f0070
00610095
00b60086
006c0081
00a1009a
00530079
00cf0077
00bd0083
00b20095
008e0083
00900087
009e00a7
008f009d
00b00096
00ee00d2
0099008d
007c009f
008500e0
008b010e
0091008d
007700a2
00790083
0086008e
009e0078
00830061
008a0064
008e0092
007f0092
0082006b
00be008e
008e0085
008b0097
00b8007a
00bd009d
007d0071
006a00be
0082007a
00a20073
006d0093
007800c1
00640082
009100cf
00ab00a5
007e0075
008a0083
00c2006f
008400a1
005d006b
00800071
008d0072
007d0082
00570070
00ab006f
00890077
011b0121
01180130
009f00a3
0075009e
00a900ae
007900bf
007600bb
00ae00ba
009300a6
012e008e
008a012e
00a000a2
00a700b1
00bf0083
009100a5
00b000eb
00900078
00a3006d
008300a1
0090008b
00be0098
0076007f
009900b3
00a300df
0075008d
008b007f
007c0085
00870076
00b60089
00a800a3
00a9008d
00660075
008a008b
008a00a0
00a00099
008700aa
008f009a
00a200a6
00a700aa
00b3008f
007300ca
00a50088
00be0076
00a200aa
0091008e
00a100c2
00a30098
008d00ab
0118007c
00c0006a
005a00dd
00770083
0092008d
00740056
00c6007f
006800a8
00d80082
0072007a
00af0087
00800086
008f007d
0084006d
00b60082
009b009e
00c30093
00a30070
0083007e
00c00086
0087007e
00af00ba
00ea0069
00ae0099
00a900b5
009b007f
008800ae
00ae007e
006d00a9
008900a9
00ab006c
00810087
00b800b0
00a60087
008200a1
00b5007b
00af007b
00930099
00b600b7
0085008e
008a00ae
00b000b8
007c0088
009500a8
009700db
009300a5
007a0082
00d900ab
007700af
008e008d
009300b7
00aa008e
00700095
00ad00b2
00b10078
009d0095
008f00a7
007900a0
00c3008d
009300c3
00ae00af
009e00f7
00b20081
00ca0092
009d00c1
00de00ae
009e00c7
0093009f
00c000aa
009f00aa
007f008f
00ae00cd
00d000af
008b0096
00bd0092
0091008e
009200c6
008a00c0
007e0079
00b900a0
00a900b0
008f00e7
0095007f
009600d5
00aa00bb
00ae0089
009e00e2
007900f7
00a100a8
00920091
00920092
0082009d
0077007d
00760074
00b20071
00a800c2
00b001b7
009f009d
008f00eb
0068006d
0069006a
0078006f
0097005b
007e0060
0036004f
006a0054
005f0055
00730057
004d0057
00590057
00500073
0066004a
00460062
00810036
004d01eb
004e004f
00690063
00470040
00500044
0069004d
01be0142
00be0160
009f008e
00cf00e9
00e00097
00ce00af
00d90087
008700c7
00ab00f7
015b00f8
008e015b
00e30077
007100b6
00a10078
009e00b1
009200ef
008100aa
00d9009b
00b1007b
00760079
00a500a5
00ab00da
00ca00aa
007b00c0
00b000c6
00790077
00c30139
0082009a
008a00c7
007f007b
0070006c
00be0089
00850098
0084007c
00830132
00db0093
008700b1
007a006c
00720065
009200d0
00b80062
007e0082
00b50096
009000a8
00710053
008e006a
00b500a6
00810083
008401a2
00f100b3
0068008f
00d500f0
00650067
0044009f
0071005c
004e00bb
00370047
0043009e
003a006e
003d0059
00550064
004e00b8
004e0046
005c0061
003f0055
0078002f
009e01a5
00600059
007d0056
00450048
00330036
00560060
01090089
00b700ba
00a800bd
013000a7
00e5009d
010b00ae
0096007d
00790113
00f9010b
009900e0
009e0095
00f0008d
007700f6
00970079
00ce009d
011d0092
009a011e
009b008e
01150077
006b008a
00a50099
008e006b
008e009d
006b00b6
004700a1
00920205
009d005e
00f300bb
006700d3
009000bd
0066005c
00990080
006b00b7
02020070
009f0209
00a90062
016b0057
00f80043
00b300d6
0090011d
0095011a
00da004d
00d7007a
009900bb
0135013b
00e80087
00770113
007200c8
00430080
00ee007f
00720072
00600047
0071006a
00590068
007e0037
007200d6
00560074
005200c2
00790055
00530049
0099006a
00630089
0041003d
00710049
0045006b
00600040
00370155
00490038
00530056
0046002c
00aa003a
0056003d
00e501a9
008e00d7
00a600c0
00a500d5
014500be
00a8009f
00920095
00b20112
007400bb
00c5007e
00a500c9
009300f8
01150096
00b80092
009a00cb
009e00cb
00c300b8
00e5008d
00a300d3
007100ae
009b009d
00aa0099
00c100a9
009a00f8
00cb00e7
006a0084
00a0014e
009600b2
00dd0093
00bb00e3
0078006d
008800a9
00e00089
007700c1
00aa0080
008f0072
0090010e
00e60096
009800e1
0099007d
007d0093
01270061
00a7007d
007f0065
00c20085
00b1008e
00a8009a
00920111
00a300b0
00960083
00960079
00930087
00a200bb
0081008c
00c90090
00ce008f
00c10097
00a500ba
0095008e
009800a3
007b0095
0099007f
009b0085
00c000a5
009200a0
009000b3
009000a8
006d00b9
007d00b3
008900bb
0093009e
00a60083
00a10068
00b300a1
009700d1
00e3008e
009100a3
00b3008a
007a00e2
00ae006f
00c600ad
009100a5
009600a8
00ae0093
008c00c1
007b0109
00930085
0098008e
00c200aa
006d0093
008d00b7
00af0080
009f0097
009200b8
008d0072
00a600a9
008a0089
008800bd
009d00a0
00690075
009a009e
00720070
009b00a7
005e008d
009e0076
008c007d
00a90091
007e0095
00820086
00890087
0092008a
006e00a3
007d0093
00920069
00ba0097
00880061
00ab00ab
0092006c
009a008d
006d0092
00bf009b
00b200a5
008f00a0
00b7007f
0093009f
00c00082
009600a2
00b80098
00800097
00810085
00ee0103
00da00a8
006d00a3
00be0091
00b000c9
00b800b3
00cf00a8
009800b6
007f00b5
00a200aa
00ab009e
008900ab
00850089
00ba00a5
034001ee
02800205
020e03a9
01550157
02090190
02f20309
02ce012b
0230024e
01f202ee
01d901b0
01700139
013e011e
01a00185
01130106
013000fa
019503e0
01300175
00f50169
0121014e
01a900dd
01a20219
01650170
01950119
01720159
009e0097
00a30089
0087008a
00b300ef
009500ad
00b50098
007d0067
00820093
009d00a5
00ae00c7
010300d3
007b0100
00ab00bb
008f00a7
00c800ab
00a600a9
00900081
00a100b7
00ab0095
008c00b2
008f007f
00de00d7
00ae0082
00a30092
0083008d
00cd0075
00d700c7
00a700de
00a300e5
00aa0082
008b0092
009200aa
008800a6
008100a1
008d008e
008900b5
00a7009b
00a90091
00ad007d
0092007c
00ab0083
00b3007d
00a80092
00d3008e
00c7008f
00a80095
007f0097
00840097
005a007d
007300d2
00a2009a
00be0082
00730087
00cd0082
00910089
007300c5
0086006f
007900c8
0093007a
00930052
005e004f
00700063
0085005a
00920072
00620083
004f0066
005100da
00620055
005900d9
008b0070
00550058
00490056
00ad007a
00840085
00b5009e
00de00cb
008d008a
0091008f
0075007d
009f0081
0076007b
00a50073
008e00a9
00970057
005a0059
00610093
0081007f
0073006d
0076007e
008700a5
007b008f
007d0059
007d006b
006b0085
00530086
00f60077
007d008d
00800085
00d90098
00ad009e
00a100b1
00a9008d
008600b5
0096008f
00ce00c0
008200b0
007700db
00a90081
01000097
00b500b1
009f009b
007b008f
00b100c2
009a00af
00790091
00a0007d
00b1007f
00a000ae
009100a6
008f00be
00e101a5
00bf00dd
007800a9
00ba008f
00a90095
00a9009d
00a300a3
009800bb
0089008e
00d200ae
00c000c1
00bb00c8
00d300d6
00a700c7
00f000a3
00a100a5
00a300e2
009900a0
00a600b7
00c300ad
00d200ce
00ab00ab
009f00bf
00a60074
00930087
009a00a5
009b009b
008300b1
008900bf
00cf008b
00880080
009800b0
0065007d
00d000af
007d00b1
01160091
0090008f
007d008f
00c20092
00a900b6
00aa00ba
0107007f
00a70077
00b3007d
00cd0083
00a20092
00a100b7
00bd0088
009b0098
007b006a
009300cf
009300ad
00900098
007c009f
00760085
0090007a
00c3009d
009a006c
00a3007f
0087008d
008a0093
009f0055
009500a9
00740075
00820072
007e006e
008a00e9
008b007a
0092007e
00700073
00840075
006e0099
007a00b0
00a2012b
00da00b9
00a600ea
009b00ba
017e00be
00a500a5
00a700a9
010600aa
00aa00a3
00b10078
00c600c1
00c900d0
00a70098
0089009f
00c800b6
009600a0
00b0009a
007a0092
00a1009e
00d20089
007b00a8
00b500b7
00b000c8
00a0007d
009f00a3
00ba00ca
00a5007b
009b009e
008600c6
009200ad
009f00a5
00a500cd
0098008e
008d008f
00c300a1
009d00b1
00b200e9
00d00095
00a500c6
00ba00c5
00a500a9
00a600cb
009500ad
00a80082
00a20098
008c009f
009b00aa
0057007f
00ae0085
00b6009d
01130088
00b30087
009200a1
009a0089
008d008a
007a00b7
00850069
00980101
00720082
00b5008f
0085008c
00ab00ba
00920093
008b00a8
00b9008a
00f700cb
00aa0096
008f00a6
00930088
009d0071
00960087
006700a3
0076009b
00820081
00a800df
009f0087
009e0081
008e0084
006f0069
00670074
00a80087
008c0090
008a009f
00a60085
00790090
007f00b6
00a20075
008b0099
00650093
007300a6
007000ad
00930083
006f0063
00a7008f
007900c5
00890088
007d0086
008500ad
009300cb
00a300a0
0086008f
0096009f
009200b1
00c5006f
008400ae
00a700a8
00930091
007e00a3
0091008d
0098009a
00a200af
009a0083
00cb0085
009700ba
00e8008c
00c00093
00a900bf
00a8008e
00a00098
00730087
00a500b9
008d00a2
008a00b2
00a100c2
009200af
0089007f
009000e3
0092007e
008600cf
0071007a
0097008f
009d0099
00900095
00910091
008c007a
00840069
008b00a9
00cb008a
00960062
0069008e
0083006e
008f0076
008b005e
008f008f
008900b1
009d00a8
00a5009e
00ab00aa
00ad0091
00980093
00b3008b
007c00ad
00730090
008500bb
008d00ab
009800b1
0090009b
00a700a3
007c0075
00760070
0097009f
009300a0
008f0095
0095007e
0099007d
00780091
0084006f
008c008b
008100b5
0098006a
00ae00a1
00860088
00c7009a
006f00b3
00a800ad
00cd0089
00760096
00ab00af
00a600cb
006d0085
00850092
00d000b7
00f20099
007e00db
008700e3
009a00a1
009a00a8
00d3007f
009b006c
00d90081
00b00093
0089007e
007f00a7
009d009b
00c80088
00aa0085
00d20081
008900cb
00a0009d
00aa007a
008c0097
009a007c
007d00be
009500ce
0092008a
00870086
009d007b
0065008c
0071007e
00910099
00760081
008e008c
007b0083
007f0076
006f006e
009200be
00a80081
0092007a
00780065
009900b3
00f300b2
0077006b
00a30069
006d0076
00670076
007f007a
0077008e
00710087
0073009a
006b009b
00870061
007b0082
009e0074
00970076
009b006a
00810089
009e0069
00930084
009b007f
0071006b
0083009b
008800a8
00d600b2
008c00a9
00920068
009f0079
00a60063
00700081
006800a2
00670091
00a6007e
00920085
008f008b
00df006e
00900078
004d007a
00630074
009e005e
008c009a
00790087
005800a5
00910060
00890087
008200a0
00ae0097
00930098
00c3009d
00cb0086
00c900e0
00b300c1
00c7007e
00f900b6
007e0097
009a00ae
00b00098
010100a1
00c7009e
007f007d
00a300a9
0096007d
008e0086
00b10087
008d009e
008500b9
00b30099
011e00e3
00bf00af
00b100a8
00ab007a
00920082
00d6006d
007900bf
0089009b
009b0099
00710092
00bb007f
008b00a0
00a300aa
007a0097
0092006c
00850086
00b3006b
007500a0
00a20063
00620093
0072008b
00740093
007d0096
006e0079
00770057
00850091
0062007d
00930089
008600d2
008b0092
009a007a
007900a0
008d00b0
00bb00a7
00950075
00b900a5
00970078
00ae0072
009500c8
00ed00aa
009b0099
008c0089
0095009e
00b700b3
009b00b9
00a30078
009b00a8
00850092
00bb007e
008f0091
00a2007b
006b0061
00860086
00f60063
0087009f
00910072
007c00a0
0060007f
008e009b
00720081
00860088
0080007e
0073007e
008c0081
00c70074
0098007b
00730088
00920098
00750098
008e0086
008d00a7
00890095
009b0087
00800073
00760092
008100ad
00b900e6
007e0083
00960088
006a00a6
008e0086
007f006b
008600a8
008b0070
0083008b
00760069
00930097
008d007a
00720079
00b00097
00750089
00780085
00820085
00890054
007a0092
00a10082
006e009f
00800086
00870091
0069008d
00d8009e
0099006f
008a0086
00ae0085
00970079
00ae0093
007600a0
008e009d
008f00ba
00af0093
00c200cb
00a00091
00800081
00830075
007b0091
00c100a6
0089008d
00aa00be
00d90097
010a0089
00970085
007d0082
00a10082
008f00d2
00ba0092
00b800af
00bf008e
00ab0091
00a300b8
00a800c0
00a2009a
0090007e
00d000a5
0093009a
009d00b1
00d2008a
00a60082
00bb00be
009b0081
009900b6
00c0007f
00a800a5
00c900c3
00bd0099
008600a8
007200b3
00950107
007e009f
00c500a2
00b80091
00e50086
00fd0098
00b10096
00a50093
008d0125
00820095
00a90093
00c60092
00b00092
005d0089
008500b9
0065008a
006f00d2
01570091
00a30091
00ad006b
00bf0085
00c70065
0087007f
00740086
00ad0088
00c1008b
008f009a
00ae00bf
00730099
008700b6
007a00a5
00ab0095
00a3008f
00b3007d
007a00bb
00a00099
008700ae
00a2009e
007b00d0
00910096
009a00a1
0100007c
009a0080
00cb007e
007f0090
011f0070
00cb009a
00b20086
00a900c7
006e00b2
008e0081
009e00a0
0076007f
007b007e
007500a2
00830098
007d007e
00730089
00830074
00a10088
0081008f
008f007a
0082006a
0080008f
00820085
007c0087
00830074
00810074
0083008e
008c0092
00b30096
006f0065
006f0086
00ae007e
00a70069
00d100b8
008500b3
009d00a8
00ab008c
00890098
0072009e
00a900c2
0088008e
00d500ae
00b600a6
00a50072
00cb0097
00990066
00d6009f
009600a2
00a10085
00d30077
0082007d
00870097
00c00092
00b600a5
0092006f
00f100af
006900c8
00850077
00700062
009300ad
0077007e
0085007f
0071008c
006500b5
006a008e
007100e8
00d9005f
0079007a
008a007c
008f0083
0062006d
00a1005b
0071007b
007100c8
005f0083
0076007a
008a0071
00660062
007a008d
008900c9
008800b0
008500bd
007b0086
008200bb
00a500aa
00b3009e
00aa00a5
00b20097
0082008f
00850077
009600a8
00ad0080
00cd009b
0096008f
0098008a
00860097
00b50082
00a300b9
00d700aa
00b300e6
00aa0087
008f00a9
0065005b
008c00c7
00ad00b5
008f0090
00be00ba
009b0098
00b6007e
0078009b
00a20072
007f007e
00b00088
00cf009a
00c60091
00a5007d
009d00c6
0092009a
009300d9
0076008a
008900c7
00a10077
00a8009d
00950095
0083007f
00830090
00ae00b7
00ad00be
007000d0
00b100f2
00be007d
00a0008a
00830081
008100a6
00a700b1
008800cf
00a30087
00a9006f
00730075
00b0008f
00a30077
009b005f
009d007e
00ca0093
007a008b
007900a3
006f0080
00850088
007f007d
007e0085
0062009b
00cf009b
006e0062
008e0079
00720079
009b007a
0073005d
0080008a
00730067
00730069
007b0075
007c007a
00f5007d
006a0067
00650069
008a004f
0070006f
0076007d
007100a9
00780086
0092009a
006f008f
007f0072
00a60060
008c0070
00fb00ca
00a10098
008e0096
00b00096
00a00099
008600df
008c008f
00e100ae
00e500b5
007f00a3
008b00ad
00bb00b5
00da00d7
00c70099
00ce0092
009300c8
00af00a9
00a100be
00d500b7
00b000b0
00850098
00970096
00ba0096
01070097
00d90087
00920097
00be00a5
006e0092
008d0093
008e00ca
00da00a8
00c300da
00a6009b
008300ae
0088008f
00bd00cb
008200c6
00aa009d
00870085
00ab00c1
008800c8
00c70086
00a9009a
00af00af
00a2008b
008500ea
00ca00c5
012900be
009000bb
00af00b0
00a00085
00880089
00f3009b
00a1009f
006d00af
010e0085
007300d0
00aa007a
00a80086
008100df
009b007d
008f0088
00970092
00880091
00a600d3
00cb0096
009600aa
009600a7
009b0071
00b800a7
00b900ae
0092008e
00c6009d
008a0074
008c0084
005f0099
0093009e
00920095
007e008b
008e0068
00b6007d
00880087
00b70087
0071009b
00860099
00890076
008e0086
00ab007a
009a0072
00890095
009f005a
00760089
00750065
0089007f
00770095
009f007a
007d0086
0095006f
0085009e
00a600e3
00e10093
00a200ae
00aa00c8
00b100c7
0097008f
009d00ae
00a200b1
00ba00ba
00af0092
00bd00ba
009800d3
00a7008b
00980080
00c800a3
00a20098
00b800b3
00ad008f
00b000bb
00aa00bf
00c100d6
00a000b3
0063007e
009800c3
008d00b9
009d0089
00b00087
0081010e
007c008f
00b200bd
008e007d
008b0097
009e00ab
00870095
00970087
006e0085
009500b1
00d3008d
00a30095
00990097
009e00ae
009b00a0
00c80081
008100a2
006a009e
00c10087
008400ae
00a50088
00930090
00af00a0
00dd0072
00850086
00d700d8
008f007b
01390077
00e300b3
008700aa
006e008c
00a90097
007e009b
009f0097
00ef0098
00c100a5
00b600a1
0072007a
009a007f
008d007d
007c008f
008f0077
00b00082
007f0098
007f0095
007900a7
008a007c
00a000b8
008500c1
00550075
008f0092
00a000c1
009a00d8
010f0077
0086007d
0071006a
007e0073
0082006e
0070008e
009e00b5
00760075
007d008b
00840066
009a0091
008b0074
00a5008d
00ae00ce
008d0115
008c00a5
008000a7
00b900a3
007b00a9
009200a9
00a700a8
00ce0098
00af00ab
00bd0086
0082007f
00d000ad
007200a6
007f0091
008e007d
00ae00b0
00a70093
006f007b
006e008a
007f0095
0089009b
0099009e
009500c0
007f008f
0077007a
009800c6
007f00c7
00a700e8
00910075
00920097
0095008d
00870075
007900d0
00e10099
00a8006f
00790089
00a80065
00c2009e
0077007f
00910072
008b0098
009e0061
006f0088
00a7007b
00760084
0085008d
00a2008e
008f008a
00bf0099
00c5008c
00d90097
00920091
00a20086
00970093
009b0092
00d80063
00d90097
013000c2
008e0096
00870082
0089009e
008c008a
009b0091
008400a1
00750077
008f0093
00970082
00a6007d
00840091
009f0086
00a70092
009b00b6
00be00da
00c0008b
009d00e6
00d600b5
00a60092
00ab0093
0087009a
00b600ca
00a000a3
00d200da
008300cd
00a200ae
00a800d0
00a1007d
007b00a5
008900b0
00a7007b
009e00aa
00af009d
00aa00d0
00870095
00aa0084
008900a8
00b300e3
007a00b8
00e0008f
00e100b8
00ee0089
00d600c6
0087007e
008200c1
009300db
009f008b
0076009e
00b800d5
008100a2
00720098
009600b8
009800fd
00a600a6
00ba009a
0090008b
00a60070
009600cd
00a6009d
00880087
0091006e
00980091
007a0081
00850096
006e0098
00ab00ba
00b10085
00bb0082
0085009b
009e00b1
009700c9
008b009d
007d00cb
00c50115
00830093
00a9006e
0098008d
009e007a
008f0093
0095008b
007d0085
007900a1
006e0091
00960081
008b0081
00e90074
008a00cb
007f0091
009b007d
00aa0087
00800075
007b00e6
008e0090
006700c2
00870099
00b70086
009300a6
007800a1
009d00ab
00910073
009300d0
00750092
009b008a
009f008c
0082009a
007800a3
007100a9
00ae0063
00a5008a
00ca0081
00bd00c8
00910098
009e007e
00bb008e
00a0008c
00ca0089
009b009e
008a00c2
00b000a9
007a00c5
00a70096
009e008f
00d300b0
009f0090
008a0098
00a0009b
00750085
00800099
008e00a7
00d50076
00a0008e
00830097
00860091
008d0086
009f00a1
008d0091
007e0087
008300ae
008a00b3
00810092
008d0097
00b3009b
00ad00bb
009e0081
00aa00ab
00ba00a5
00c800b1
00a2009a
00d5009f
009100a7
00c600a6
00a000c2
00a90093
00b7008a
00a2008d
00a1009a
009d009d
00a10083
00b0007f
009d00b3
009e00c2
00db0098
00950091
008f0078
00af00b8
008700a1
00a300ae
0097008f
009200a6
00b200a0
00c90093
00af0096
008a009b
00b900d3
00800092
0098007d
00a70088
00770096
0097009b
008d009d
008c0087
009200a6
00e900f1
00b60087
007900b0
009e0081
00950075
00b3009f
007c0089
00970093
00de009b
00aa00a3
006200b7
00c30086
009500a9
00c00096
00a2009e
00b300bf
00aa009b
00a300ae
00d000b1
00930091
00a900d3
009e00a8
008e007d
008f00a1
00780085
00910097
008a0092
00c70085
009e00a6
00e8009e
00ab008c
008e0091
00810098
009200af
00870097
007f00b2
00d9008b
00c600c9
00690086
008600b7
009a00d0
00970086
008d00b0
00be00a7
007200a9
00a300a8
008d00ad
00b90093
00a9008c
00be00d3
009b0092
00d700a0
00b500bf
00b600b2
00ab00b5
007a00cd
00a900c9
00b800b9
009b00d9
00b500a2
00b000a9
011f0095
00890098
00ce00cd
00b900b5
009a00b3
009700a8
0079007c
00920098
009e008e
009500a5
009100e5
007300a9
008e00b1
007a009f
0088007d
00ab0092
008100be
009b008e
00970086
0082009a
009d008b
00760080
00bb0098
00d30077
00760081
008500c5
00bf00d5
00cb0075
00ba008b
007500b2
008f00d1
008e00ae
00d10098
00c1007b
00b100ba
00d8008f
00890080
00b300ad
00b600f0
00c30092
00850069
007d00b3
00a20098
009e00b7
008e0099
00b20093
00a600b5
00750088
00b2009d
00a10092
009e00a3
009d00b5
00bb00ab
0078007e
007400ab
009f0097
008100ad
00c500a1
007d0098
00b000d1
008e008f
008d0091
00860099
009a009a
00740096
009e0080
00be008c
008b0095
009e00c5
009e00ad
00af0081
008f00c3
00a30091
00b70080
009a00af
00a000a5
0082007e
009300a9
00a300a8
009800a6
00ad00cb
0092009b
008b006d
00a60091
007a0081
00830082
00550075
00bb007a
008f00a8
0082008a
00720077
0083009d
0080007c
008a008e
00810092
00930083
00980098
00a9007a
0087006f
0066007e
006f007d
0062008b
00a20075
007f008d
0088005c
00b7011a
01000089
009e009d
00ce006e
008f0065
009500b3
007d0076
00f2007b
00db0077
003d0066
00770097
0060008c
008a0073
00b20090
00760083
008000aa
006d00dd
00660093
00540180
0061005c
0063006d
00750068
0063004b
00850113
0096008f
00af00a2
007e007f
00b700b7
00930081
00b3008d
00aa00bd
00b2009e
00ae00a7
0085008f
007c007a
009800a1
009b007b
0091009b
00c100b5
00ba00b9
00d100b2
008d007a
00950096
00be0091
00b000c7
008800b8
009200b5
00bb00ba
00ee0088
008500ae
008a0095
008e0087
006800b2
00ba00aa
0073006e
007f0091
00cf0086
00810072
0076007d
007f0083
00a1009a
00890090
00730075
008c0078
007a0086
008b008a
0081008f
0091006c
006800a6
00a80066
00810092
00be0074
00710079
00a50085
00ee009a
009800d2
00b8007e
00660089
007f008f
0079009b
00580093
00d7007b
0077007c
00b60089
0076007e
008400ad
00790095
00990071
0072007f
00b00069
00af007f
00750088
00960075
00850078
006d007d
00a9006e
007800a5
007a00b8
00ef00af
00b30074
00700071
00a00085
007f0093
00860125
00b600e9
00700075
006a0086
007f00c0
007b00e2
0075009d
006d0053
00710075
007700a3
00ad007c
00ba007e
007a007d
006d0069
007a0089
00760074
00820076
008100aa
00fb009a
00eb00b1
00a7008f
009b00c2
008b007f
009d007f
007f00d7
007d00a7
009000a9
00ad008a
008600cf
006c0090
006e0075
00640081
00e80082
006a008d
00b5008a
00ae00c8
008e0098
006d00b0
008b0089
0075009e
00850071
008d00a0
00880076
009f00ce
007b00be
00850075
00aa00aa
008b00a3
00980092
00a20082
00b1009e
00920085
008e008e
0095009d
008200cf
00a1008a
00cb009e
009700cb
00ab0098
00b500a0
00900086
009100d9
00d3009a
0090008a
00b600a1
00910073
008e007c
008100a9
00d70091
008b009f
007b009d
00b500a8
008f008e
00b200a5
0081008b
009700d1
0083009f
00a30100
008f0087
00af008b
00b00096
00910090
0085009d
0096009a
00ab0088
00980076
00a300aa
00ea00c1
008e0079
00ab00b7
00b500bd
00a500a1
00820083
00850070
00c100a6
00a20098
00a900d6
007900cf
00b80097
00b3009b
00890085
00d2008b
00ad00c1
00ad007f
009a00b2
00b000d2
009700a6
00b900a1
00990082
00720097
00aa00ab
00ae00a5
00920089
013900b1
00860107
00bb00d2
00a0008f
00c300aa
009800b1
009a0099
0102008e
00c70112
01220130
00e7009d
01920097
00de008a
00fb0130
00b800b1
010a00e3
010d010b
00a900b0
00a100cf
00b500a9
00e700a9
00f80127
00a300b3
00be0093
00ba0099
00ba00a0
008a00a2
008700b1
00b1007f
00a70115
009f00b5
00b10073
012200d6
00de009f
0095008e
00bb00bf
00930103
009a0097
00b600da
008a00c3
00a3009a
00b000b8
00ba0097
009800d8
009e00dd
00a70105
011600a2
00ca0082
008e00ba
00d200b1
008000a6
00a300b8
00820096
00b6007e
009a0093
00720093
00a5008c
008e0082
009b00bd
009e0086
00b8008b
00a700a9
00aa0081
00a10098
00af00a8
00980085
008f00c9
00d20080
00a500b8
010100a3
00f7008a
00cb009b
00be008f
00bb00d2
00c300a2
0093007d
00c500b8
008d00c5
0097009b
00c300b5
00b000c6
008e00d7
009d0088
00cd00c1
009600af
00c800a3
00a50099
00a5008a
00b800a2
009700a2
00ab0075
009e0087
00b80089
009e0092
00a10093
009e00e2
00ff0093
00e600cf
008e009b
00e80092
009f007f
01290091
00eb00ab
00a200a9
011f00a9
00a000d2
00830063
007a00a7
00750118
009200d2
00c800ad
01050091
00a600b6
00af009b
009900b3
0085007a
0086007e
009b00b5
00c0008d
0071008a
009b00d8
009f00ba
00d10092
00990092
00a60080
00b50079
00a90085
008500b9
00900083
010b0081
00910097
00a100d2
009f007b
00a000c6
00a90087
00650086
009300b7
00b2007f
00ad00ad
00b500a9
009800bb
008d00a1
00c10083
0079009d
00b8006e
00a0009a
00b20093
00cd0051
008100c1
00bf0083
00e1009f
006f0089
00930061
006a0077
006f00fa
0072008a
009d0080
00ca00a2
00ad0089
00c900c1
0058007d
009a007d
006c006c
00780090
00660078
0071007a
00bb0099
0056009e
00a30091
00b800a9
008b0096
00a500e8
0071007e
00bd00b6
007600b3
008e00c2
00880096
00a8007a
00bf00c7
009800ae
00b300a5
00b300ae
00910096
00b80097
00b2008e
00770079
00a6008d
00870089
00a000af
009b00ae
00a6007b
007f008e
00be00b3
00960096
00790076
00b200d3
00900093
00bb00de
00990098
008100a8
009f00af
009600a6
00b000b6
00aa00a0
00a80097
008a00a5
00e00092
00af00cf
00a200a1
00b800a9
00a200a8
00d6009a
0084009e
00af0091
00c000b8
00a200c6
0085009e
00960087
0085007c
008e0082
008c009b
00b700a1
00860079
0070008d
00a80099
006f0081
007800b1
00a300b5
00870096
00ad0090
00950089
00b20090
00720074
00ae008a
009d0099
00c000be
009100aa
00a2007f
00980085
009d0093
007b0095
009b008a
00a3008e
00b000b0
00ab00aa
00a800cd
00d10092
00a300c0
008100c1
0092010d
00d900c7
00da00de
0090007b
00a9009e
00b900d0
00b90092
00960077
009f00e1
00a500a2
00a8009e
0093009d
00c600ab
00d000b3
00a20079
0076008e
00a200bb
008600a0
00a200c1
00a300a0
007e00a8
008900c2
00b10090
00810091
00d600a1
008500a6
009a008b
00a10089
00b00086
009100a6
009600bd
00b9008f
00b000f9
00ff00c2
009b008b
006c0082
007d0086
00bf009b
00a500fb
00660096
00bb0088
0097008d
00840075
0083009d
00960075
00870099
006e006d
007c007f
007f006f
00830081
008d00a1
00a0009a
00650074
00650092
00860066
008a0081
00700063
007b006f
00a10077
00850089
00810075
0097007b
00810084
00dd00e0
00b60069
00e3008f
00890073
008600ae
008800a0
00a30087
006e009d
008400a0
008600bf
00a30092
009900a3
008200b7
0099008f
00de00c5
007800b2
008f00b7
00ab007d
009b009e
008e00ae
00ae008b
007d00c6
00b10080
00a500ad
00d300e9
00a00076
00760095
00f70082
008700a7
00e2010b
0087009f
00c300de
00a700f1
00c00078
00e600de
00b900b8
00a900b9
008900a8
007d0097
00be00d1
00ab00f2
00dd0095
00b700b1
009b00c2
008f0095
00c6009b
00e8009e
00c800d7
009800ba
008f0092
0096008f
00bd0086
009f0087
007e0072
009a007b
00af00c0
009f00a7
008200af
00b90091
00b50095
007500a2
010000a0
0092009f
00c800b6
00b600b5
008d008b
00ab00ae
00c8008e
008a00aa
00a80091
00800097
00b000b2
00970079
007f00a9
008600a9
00870089
00b2007d
00dd007f
008d008b
007700ca
00c70099
008f0089
00720089
00a300bd
00ae008a
0093009b
00a50074
008b00db
00a5009d
008f0097
009b00b6
0096008a
00b10097
00ab009d
00c6009f
00af007a
00e700c1
00b600d2
00e500ca
00c3008b
007f008e
010200f5
009b0077
012e009b
008500db
00c70096
012900d0
00c70162
00c30098
00ad00d0
007e009f
00bb0098
009600d6
008a0125
00fb007f
00cf00ed
00bb00b9
00c600c7
00d60092
00ad00b2
00c30066
008d00c1
006c009d
00a300c8
007900e7
009d0086
008c0086
009000e2
01000077
009f00bb
007d0098
00a9007e
00690081
00920091
00870080
00c1008d
007200ad
00910089
00720079
00990093
008f0097
008f008f
009b0082
009e0082
008d008a
00d50085
00990092
00a3008e
0079009e
007e0098
00980082
00a500ab
00b2008c
008400aa
00cb009f
00c90097
009800af
00be0097
00c60097
009b0093
008e007f
009500c1
009a00a0
00b90087
00b200a0
008400ce
007f0077
0097009d
008d00ca
00a100e9
007600aa
00d5009d
00d5007e
00fd00eb
0062008d
01010097
007c0096
00ae0096
00de007b
008700c6
00780095
00c500bd
00c000bd
009d00c2
00c600df
00cb00ee
00b600c5
00bf0110
00bd008e
00a500ab
00c600d0
00df0090
00ef0103
00df00a1
009a0071
00cd0083
009800e9
00fa00a8
008700bd
00bb007e
0095007c
00c000b8
00f300cd
00e100dd
00be0097
00b700c3
00ae00a6
00de0099
008e00a9
00cb00c7
00aa009e
008300ab
008c00c9
009f00f3
00a700be
00a200dd
00b20100
010700c0
00ae00db
00be0092
008300a3
00cb0098
009600d8
008a006d
00af0091
00c60078
00ab0083
008900d3
00ce00b9
009900b5
010500b8
00d60087
00c100ba
00b900a0
00b700fd
00de0117
00a200d2
00eb00ab
00a000ab
00b700fa
0147008a
011800c5
00c80072
01470096
00a100af
00aa00b1
00b7011f
00d200d1
00ad008a
00d90081
00c7007a
00a200ae
00a50092
00db00ed
009b00d7
008c00b7
008d008d
00cd00a7
00eb007e
009f0106
008f00ba
008800b7
00990079
00df0096
00af00d2
00a500d7
00a000a6
00990098
00a600ce
0118009b
00c8011a
00c7008e
009200d7
008700a5
00bd00bb
009f00da
00d7009b
00d1010f
00d30075
00e000a3
00b500a9
00fd00df
00b50101
00b50086
00b900bd
00e200a1
00dd00c5
00a900d8
00a90090
00a30083
00960091
006700b8
007800b8
009800a0
00a90089
007b0096
008700f1
009d0079
00c700a3
009900a3
009200b1
00d70080
00b100a5
009b0090
00c800aa
009f0098
00b700a1
00b100a8
0091009a
009e00c7
007d00a2
008a00e8
007c007d
00a60088
00a70090
00ce00b3
00b90086
00870086
00770089
00cd00a8
00c100d0
008c008d
007b012b
0096009d
00920087
00930090
009900a1
009900ad
0082009d
00b70097
00d100bb
007c0081
00aa0097
00b9008e
00a700c0
00ab0091
00e300f8
00c9006b
007b009a
00fb00d0
00c10085
00a500de
006f00aa
00af007d
00ad0092
00a700d6
00d1009a
009f008e
009100b7
00aa00b3
00cb00b3
00c8008d
00a0008c
00aa010e
00b100d2
007f00be
00b200d7
00a000b0
00c300aa
00e900bf
006d0071
00cf0106
008f00a5
00a100a2
0083008b
00be00b7
0102009e
007c008a
009e00c6
0089009d
00830096
0095008d
00880103
00a1006e
00c300ab
00a300b6
00b30099
00b20082
00bb008b
00a800af
0070009b
009100b6
00a2009b
008e00b3
00ca00c7
00ca007c
011700e9
00e900a8
00920079
00980169
00a800cd
00a200e3
00b80072
00930090
00bd00b2
00c700a7
00cf00b0
009500f1
00e1008e
009b0077
00910096
00e00095
00cd0100
00a500e1
00af00b1
00b70097
00a900b0
009b0074
009b005c
00b2006a
018e009b
008d0085
00910083
007700ab
00c00077
00af012e
00760075
0099007d
008a0085
007300ae
006f0056
00a900f9
006c0076
006e006a
00550079
009a0071
0062005e
008d0088
007c0067
005f007b
006f0056
00aa006b
009000b3
0083007a
00850098
00800099
007a00c2
00be009d
00bf0087
0083009e
009e00a2
008500c2
00ad00a7
0086009b
009300b7
009600b0
00b2008a
00a900b6
00fe0097
008000a2
00aa00f1
00b500a1
008d00c3
008500d5
00be008e
00d200b8
00a200a3
00c000a1
00bd00b6
00cd00d3
00a300a0
009a009b
0089008e
00a3008f
008300af
007d008e
009d008b
00950086
00770062
00f900af
00c800a1
00750090
00d20083
00970086
00af0098
00a000ae
00f8008a
008e0080
00be00a7
006b0089
00c100a1
00d80071
00c500a5
00a0009e
0079008c
008200b2
00b50087
00c9009b
00de0080
00cb0097
018700a8
00750087
00c500c8
009600c6
01350095
00a200a6
009e00da
009d00c9
01010095
00bf00b7
008f0097
00ae008e
00b90099
014500c7
007e00a8
00790139
008b00c2
00e200ca
008d0084
009e00d0
008c00c8
009500a3
008a008e
00a600a9
0099009b
00ef0095
00b90092
00b700aa
00a300bb
00a50091
009100b3
009e00db
00ab00a0
00d100f0
00ab009e
00ae00e9
00af00ae
00ce00ca
00930080
007e0097
00a30098
00910082
00a200de
008b007a
00920098
00a6009e
00910091
006e00a2
00e200a0
0107007c
00ad0091
00a900cd
00aa0097
00f600cd
007400c7
00bb00ba
009d00ad
00f5007f
009900af
007a007a
009500bb
009700af
010e00a9
00fb0067
00a6008a
00be009d
0081007e
00f600b2
00ab0087
00be007d
00f30086
017e0092
00bd00c1
008300b7
00790098
010e00fb
00c60092
008b009f
009600da
010900e6
00a00142
012100b3
008a00c1
00a500c2
009b009f
00d200a1
0080009a
00e90099
008c008a
00b80097
00890091
00b90097
007400ca
008500a3
0090009d
007e008d
00ba00c0
00d900a5
00d0006e
00a5009a
007300a5
009d008d
009500db
00d7007b
00b300fb
00ae008b
007f0079
0095009f
00db00d7
009200bb
00e800f7
00d600d3
008600e9
00cb00af
00b60096
00a50112
009e00a8
00ca0099
00b00099
00bf0092
00db00aa
009a00e5
00a900ab
00b200d5
009b00a8
00c500c0
009f008b
00da00e0
00f300b7
00b50097
00b100c7
00a2009f
00cd00cb
00b600b8
013500c9
011d00f2
00d300df
00d200a9
00a700ae
00d200da
010200b5
009d0071
00e600b1
00d00076
00ed009b
01010096
00a5009d
009d00cb
00d3009a
008000b1
00d800d5
00ce00e8
00c900b5
00a000b8
00a000d0
00aa00e6
00a300a2
00b500c5
00e300c1
010100a0
00710072
008b00b7
00c600ae
010f009b
007a0096
00d200a1
00e3011d
00cd0096
00c60099
00d800c6
00c2008c
00c200b8
00af00ae
00990085
00720097
00fd00f1
00c200cb
00b800cd
008f00c6
00a600c3
00cd0085
008c00b6
00dd00cb
00e5009b
009f00eb
00ca00af
008500e7
009b00aa
00a300a5
00da00b9
00b90076
00af0081
00ad00ae
010e00c3
00ad0088
00ab00b3
008b007c
010500bb
00ad00ba
00d300cd
00da00a7
008a00bd
009100d1
00f70086
00aa00f0
00e600b7
00fd0087
00e300dd
00db007e
011000c0
0097009d
008000d1
008e00a5
01060082
00f900af
00ad008f
00f000cf
00aa0096
009100c5
00a30085
012300a7
00ce009e
009200b1
00ae00bd
00be0090
00a500cf
009d00a2
00bb00c2
010f00a5
010700b0
010800e6
00c700e7
00a70142
00ab00b5
00c800a5
010e00b0
00aa00ab
00bf0083
00bd00bf
00ed0066
00b7008f
00a0009e
00b800f3
00d300c2
00bd012b
00b10099
00a9009d
009500fb
00d200b7
00960122
00d800a3
00e3007f
00b700b3
00c300ad
00a3007e
00b1009d
008d008b
00e8007a
008a00ad
00a3008f
00a90093
008e00a3
008d00bb
008a009d
0081009f
00e5009e
00c800bb
00a80069
007d008a
00a70092
00ad007f
00c800a0
009100a9
00960091
007900d3
006d00aa
009f00b8
00d3007c
008a0072
00d80092
006e009d
007d00a9
0077007b
00bd007f
007e007d
0087008a
008d0091
009b0097
008a008e
0087008e
0097009d
00ca007e
00f700a2
009e00b3
008b0087
00b70075
00a000a1
008a00ad
009a00a2
00b60122
007d0092
008a00c0
010200b7
00f600cf
00910096
00c70080
00a800b6
011700d8
00c100bb
00dd00a5
013e0081
00a20098
00be008a
00aa007d
00c9008a
009300d8
008000da
00880073
00da00a0
00d000c6
00ce00ab
009300e2
00ab0096
00ce006b
00d3009e
00ae00b0
00860085
00860095
009e009f
008f0099
00a900a7
00a300da
00aa00a1
00e20086
00ae006e
009d0097
009900a6
008900aa
00d600a2
00aa00b2
00d1008d
008d00cb
00cb0083
008100dd
00cb0091
007f00b7
009500ad
009f007e
008a0098
00b200b5
00e500e6
00b60085
009e00ae
00cb00bf
007c00aa
00c100c6
00b700a8
00d7007d
00dd00c5
00ca00d5
01000091
00a80092
00a60080
00ab00f5
008500d3
00a30078
00d100f1
00b500c2
009200a0
00e20119
0092008b
00a100c6
009900aa
00a200b0
00700087
00a9008e
00bd0090
009e008f
00a500d2
0097008d
00a000b1
00a00092
007600a1
00a700b5
009f00a3
007b0073
00b600cd
009800b7
00d100cf
00970081
009b00c0
00b00096
008f009f
00be00a0
008f0076
00b600a6
00d2009a
00e60098
008c00a1
008500a5
009600c8
00a000d9
00b100ae
009b00b3
009e00b2
00c6008f
00970097
009900b8
007c00bd
00a60081
00cd00a1
008a009a
008c008c
00be00b8
007700b5
009900a7
00d80099
009a007f
008b00a0
00a200ae
008e0085
0065009b
00d500e9
00b900d8
009a00b9
00b8008f
00b5007a
00a2011a
00b800c7
00960073
00a900e3
009a0103
00d8006c
008200ab
00c800b9
00cf00c7
010d00f0
00b300a2
009000af
00950091
00cd0110
009900d8
00c3009e
00ba00b5
00a700c7
00b20086
00c300d0
00a20093
00880095
00d70084
008c00a2
00c900b5
0098007a
00d600ad
00d60099
00b3009b
00f3008c
00cf009f
00bb00bb
009d00f8
00c500de
00bf009e
00b000c3
00d200b9
00d6008f
007d00b2
00ad00da
00ce00a9
011800b2
00c700a5
00d90107
00f100a7
0095008e
00c80089
008e0084
00b700e7
00b000de
0083008a
015e0083
009e00d2
00c200b0
00b700aa
00d100b2
007400b8
00b90075
00d200ff
008f00b3
00d800d1
00b00096
00b000f2
008b0081
007d00e1
010a00dd
00c600d5
00e000c2
009a0127
012b00cd
013900b2
00af0070
008e00bf
0098005e
00db008b
00a80083
00aa011f
00a90091
00b200ae
009500df
00be009f
00a60087
00f500d3
00a30116
00a3008a
00b200d2
00a10076
00740091
00d3009f
008e00b3
00da00e2
00ed00ab
00d200cd
008c009e
00db00e2
00c500c0
00be0109
00a200a5
00fd00b9
00b50073
00cb0072
014000a1
009f00ff
00ad00a7
00870110
00ba0080
009500d7
00fa00ba
008600c7
00e900b7
00a700ef
009d00a7
0092008a
00d2009f
00c800db
00f500cb
00b200b2
00a60076
00a0008b
009800be
00b600fd
00e90097
00cb00ad
00ca0092
00b200af
00c600b9
00d200fa
00ad0115
008100b3
00b100bb
00c300ef
00ef00f1
00df00e0
00a700a1
009100c7
00ab00b7
00b50086
010800b8
00ad00b6
00f300fb
00a200b7
019700b0
00c500af
00ba00a0
00a70111
00c500cf
00a300a2
00c7006f
00b200ca
00b9007f
013200d7
0089007f
00950110
00c200a9
011800d8
0087008b
00aa00a1
00ca00a6
00db00f6
00d10051
009f00af
00a700b1
00ca00c8
007e00f7
00a7009e
00a80079
00d6008d
00a600da
00fe00a0
00ab008f
00be0084
009000c5
00860065
00b1009b
00d10096
00b800bb
00c200b8
00d200aa
009500a5
009900cb
007f00b6
009800a7
00a70099
0092009b
00a200a6
009300a2
00870085
00ea00d8
0129006f
00a000ba
00a600a3
00b000d8
0157008d
00f000db
00a10080
00c700ca
00c90099
008f00ae
00d30082
008a00a2
007200ae
00cf00d1
00d700a3
00b6011d
00bb00a3
00a800d8
007b0118
00a3007f
00ae00aa
007b00be
00e700e0
008700a2
00b0008d
00b90095
009a00a1
009500a1
008a0084
00980087
008d0069
008b00be
00b8007e
008b00c5
00a00073
007f00df
009e009b
00ae00b2
0099008b
00a30086
006c00a1
007b00ab
00ab0082
00ad00c6
00cb0083
009d00c1
006b00d3
00a800a6
0087009a
00d70076
00a80097
008b00b1
00c20099
00c90085
00a1007c
00bd006e
00ae008b
00760095
00c600be
008300b5
007800b5
009300a5
00970081
00810097
0095008d
00930093
00e6008e
008b0087
008a00ba
00aa0091
009d0086
010a00c8
015500da
00df0079
00bd008b
00bb0089
00d700fa
00830125
008600d9
00e600ce
00a10091
00d300a6
00ea0098
00c900b0
0091008f
00c3007a
00a800b0
00ab00d3
00ae00c0
00a800b5
00ab009f
00c500a9
00de0100
00c1008b
00f100c3
00af009e
007e0099
00980089
00c30087
0067008e
009d0085
0081009b
00ba0064
00d20083
009e008f
00ab007c
00a900bd
009700aa
00ae00ad
007d00a2
0097009b
00ad008a
00ab00f5
009200ab
00b0008c
007b007d
00bd00dd
00c8007d
00a6009e
00b300e5
009d0089
007e0071
00a80076
008f00a9
009600a8
0093007d
00b80086
008a00bb
00900096
008f00d1
008900b8
00aa00c5
00a60086
00ae0085
007900c1
00a200ea
00b200a5
0082008e
00b500a3
00c200b1
00890085
00a5009f
008a00a9
009700df
00a200dd
00fd00a3
012e00d1
008300fe
00bf0109
00c600df
00c100e2
011800b3
00ba00a9
00dd00b2
00c800ba
00c50085
00c0008d
012100de
00aa00af
006d00e6
00ba0107
00ea008f
00ea00eb
00a80079
007600a6
00be0135
00bd00c2
00c800c9
00ef00bf
008300e7
00eb00f3
009900ef
00b600d8
008400a6
00ce00f0
0090008e
00d00073
00ba0096
0137007e
00a500a5
00a300be
00b10079
008b00a8
00a100f3
00b50077
00d3009f
008f00d3
00a30092
00f800b7
00f3014e
00b100bd
00ba00ba
00ba008d
0089006d
00c3008f
007a0075
011600d7
005e0119
00af00a0
00af0132
00d100d6
00a100d3
00980099
00a700b9
00b3008e
00c300a6
00b600da
0098013e
008f00a5
00b5009e
009f00ce
00bd00ad
00a500ee
009f00eb
00a100d0
008600c2
008e00bb
0072007f
007000a6
00c90097
008700a0
009a007b
009200ef
008d0077
00b70096
00ba009d
008e00a7
00a200a5
009f00c6
00cb00d1
00b30093
00ab009a
00c10089
00bd00b6
009800a9
00a500c8
00820097
007d008c
00c6009e
00bf00c9
00c900bf
007100c2
0089012e
00b300b1
014000fd
00950095
00d500ca
00cf008c
00f200ab
00a600bb
00e7008a
00b200b1
00dd00b7
00d200e0
00da007d
00d1009e
00cd00cb
00ca00b6
008900f0
010b0092
008500f5
00bf00b8
00ae00c6
008f00a1
00760077
008f008d
007700a9
00ca007a
00930079
00890096
007b00a9
00730075
00ca0095
00a200b2
0097008a
00a000a2
009900b6
00880087
00c10095
009a007e
009500a8
007e00ea
007700b2
00b10092
00cd00bb
00a900ba
00c500a1
00aa00cb
00c60086
01060099
00a3007a
00900079
00eb010b
009d00bd
0075008f
00c3009a
010100a0
00ca00a2
00d800c6
00f900ab
00a300ab
009d00a0
00a500d0
008d00c2
00c000a6
00e2008c
00d900bf
009100b2
009a00af
0086009d
00d300b2
009b0093
0095008a
008d0093
00ab008d
00c600c9
00fd0093
00a80086
008e0096
00880092
00af0098
00b70079
00930099
008100c3
00a200a8
00a900be
008e0097
00ad00c9
009900c2
009100a1
00ab009a
009700af
00aa0093
008600e6
00b0008b
008d00a3
00850073
007c0093
00b600b6
00880080
00b1007d
00bb0082
00930074
00bf0082
009b00b7
00f500a5
009d008a
00ab007e
00c000d1
00c300c0
00ba00b7
00850098
00af00ae
00a200ab
009e00b8
00a000b8
00ab007a
00b500af
008300b2
009500b8
00b1009f
008300da
00b80084
008e00f1
00a6008c
009f0096
00bb00a1
00cd0085
00be006a
008f0091
008f0079
009a00b7
00b300ae
0085009f
0095007c
009f0091
0099006b
009500be
00a0007e
007b008a
009f0060
007b0091
00920091
00de00ba
00a90097
009700cb
00f100aa
009d008c
00b8007e
00bd00a1
008200d6
00d20089
00e700af
00d7007d
008200f7
00cb006e
012b00c1
00e600a8
00ce0092
009d00ea
00f600c7
011d00c5
00a800cd
009700c8
0149008f
00d300b6
00a500a7
009800d9
00b0009b
008b00cb
007600a3
00b300be
01160096
007d00bb
007c0083
00b80075
00be009b
00c60080
00a000e9
008e00c1
008500be
00de00a7
00b500ab
00c5007a
00c800c8
010200a1
00b000e5
008100b3
00c30086
00d900b7
00d500bb
011d00ee
01210092
006d00d1
00c800a6
00720098
00c8009a
008800cf
00b700be
00d00086
00b900fa
009800b8
00be009a
008d0076
009b00fe
00ee00aa
00e8009b
00ca00c9
00d3008d
00ce009e
0099013e
00a700a5
00bb00ad
00a600a3
008a007d
00aa00d9
0097009d
00a000a0
00740082
009200dd
00db00be
00b1015e
008b0081
00a00091
00d10082
00cb008a
01270091
009f007a
00a700d7
00b700ce
00c3009a
008700f0
00c2008c
00a900f8
00a100f9
00bd00c6
00dd011d
00c200a5
013e00aa
011700c0
00c300cd
008600a8
007200a0
00bb0095
00bf00e5
008200ed
00d00081
00ea007b
008e00ce
009d00df
00c00132
00e6009d
00de00ca
00a600b7
008e009a
008400cb
00c300d3
007e0091
00c300bd
009f00b2
00e300d6
00f800b6
00fb00d7
00d500ab
009000c3
009f00a3
00b10095
00af007d
00b50080
008100b1
00ca0072
008b009b
00b000aa
00a5009a
00a7008a
00a90087
00b9007c
00bf00af
00b6009b
009b00a0
008e00ab
00b10095
008b0083
009a00b7
008200ad
00a00099
00ad00d2
00b100da
007b00ad
0080008c
00880130
008d00a8
00b50162
00a00099
00a600d9
00f10092
00c100af
00ca00ab
00c000b9
007900be
013200f3
00c70110
00bf009e
009a0093
00d80099
00b700a8
00f600b3
00d700e2
008b00d3
00a000a6
00f500ad
0074007d
00a50076
007600aa
0079007c
00730072
00c3009d
00aa008a
008a0091
00c3008a
009100a5
009500a2
00aa00d8
00a800be
00c3007f
00a700fa
007a0095
00bb00af
010900bd
00770082
00910098
00b200b2
00ab00b6
00a50080
006a00aa
00fa0092
00c300b1
007a007d
010700ae
00970085
00be00b6
00860132
00e200c0
008300d9
010300f1
00ba00cb
00d800d3
00ba0083
00b1007e
00bd00a0
012300a1
00cd00ee
009e00b9
00bf00a3
00aa00b8
00f70080
00c00089
00a800f5
012300c1
00c30073
009f009e
00ca006f
009100b3
0085009b
009f009f
009200ad
00a200b9
0093008d
00a6007e
009900b8
009f00a1
00a000af
00840084
00b600a9
00a100b6
00ce00ae
00b000b9
006f0092
00b20097
00c300c0
008b0082
009b00a1
00e6009b
00ad007a
007b0076
009e0079
0092008a
00bd008f
00990092
00b3007a
00820086
00d5007b
00a00093
009d0093
007500b0
00bf00af
00a700bd
00870097
009e00a1
00ba00c5
00a8008f
00bf008d
007b0086
00bf00c5
00b900a3
00710093
009b00d9
009f008b
00f800d8
00990097
00de009d
00ab00a3
00c60090
009300ad
00ab0089
00ea00a8
00c1008e
009b008b
00ba0082
00a000a9
00ce00bd
00a700e2
009f008e
00ea009a
007c00b1
00e100a7
008c00a5
009900a9
00b3009b
009600a3
007700b2
00910070
0086007d
009200bf
008d00be
00a100a2
00b9009d
00880089
009f00b9
0093009f
00ad008a
00b5008b
00c10088
0097007e
00a70086
00a300b5
00dd008d
00c500ad
009600a6
00ab00b3
007e00cb
009800b0
00ba00b2
00e900af
0090008b
00c700bd
00d50070
00cf006f
00c900ce
00990093
00d1008a
006f00bb
00e60086
00b000a0
0105006a
009b009a
00e300b8
00990082
008e00a1
010100b2
009000b9
00ba00a3
008200b5
00b5009f
0095008e
008d00af
00a700a6
00e20077
00cb0122
007f00b9
00ee005e
00c60122
009700a7
00ed00cb
012100f3
008900af
00d0005b
00c60077
00d600e2
00ff00a1
008c012b
007100fa
00a800c0
00c100d1
00ad00ea
00b10098
008c008f
009600a3
00af0112
010700a5
00bd00c8
00d700c7
00b20089
008100fb
008a0096
00980086
0087007b
007f007a
00ed009e
008200ea
009700ea
00da0081
00e1007d
00c20077
00c100c1
007f009b
01030167
009100ae
00c100bd
00d500be
00f000af
010200ad
00a700dd
00f300a5
00c700c0
009000df
00c800eb
00b00077
00d0008a
008a0097
00870090
008f007f
00b00097
009d0069
0093007a
00d6009a
008100bf
009600b5
00830079
008700bd
00a200b6
011100ae
00a600a6
00a7009d
00830097
00a200a1
00b600e0
009500c3
00bb0099
00c200a1
00d700b9
008f00a9
00ce00d6
00d800c6
00e600a2
0077009b
00b900a2
009d00bd
008300f5
00a600bd
00b800a6
00810075
00af010f
00cb00bf
00be009a
0083009b
00b200b7
00a600c0
00b900a1
00f700b1
00d500cd
00a9008e
00c9009f
00ad008f
00d30098
008e007e
00af008b
00d90095
00ba009f
00e1007a
00e800ae
008a00a1
009800bb
012000a6
00ca0093
012b00cf
00b600c5
008900be
00ce00ce
00c6009f
00c900b6
00fb00ad
00c200ca
010200b0
00cd0086
00d50091
00dd00a6
00f600ca
00a800ce
009a00c2
00b000a1
00b200e6
00670072
00890079
00a30129
008000b0
0106007e
00f900a7
00f70084
009300d2
007e00a7
00bd00a2
00a500bd
00b200b1
009800a2
00ad00c9
00d000b0
00f60098
008400ba
00a100e7
011b00c7
00a10096
00c700a9
007f00ae
00cf00d2
00890077
00d300c1
008700ca
007400a1
00b0008f
0081007d
00850080
008200cb
008700f6
007e0096
017500a1
008f0074
00920097
00960074
007b0087
00a00081
006f00a2
00b8006c
009f00b0
008400a1
007300c1
00b5008e
00720087
009100b2
00a100c0
009200c7
0075008f
008e0099
00a80092
009600bd
00a60092
006c0089
009f0097
00840091
00d200aa
009f00bb
00a20098
00a600c3
00b7009a
00a60083
008700a3
00920081
00a8008d
0079007f
00ba00b1
0077008d
006f00a5
007600c2
007b013b
00a900ba
00f600a5
00da0093
00a50085
006d00d5
013b00a5
00e000ce
0122008e
00880139
00c600e6
0112012e
012e008f
00c200e1
00a1013e
00c90093
00d80086
009f00af
00e600f0
00ee00b1
009600b3
00df008e
00a700d9
00eb0081
00d200bd
00910129
00c000ae
00ca00dd
00e600d7
00a600c7
009b0066
00d600a2
00c000ce
010800e2
007300e1
00c50110
00a100db
011500c2
00a900a0
010700f6
00d2008a
00d100aa
00a600be
0099010f
009000c1
00d700c0
00c200cf
00af00a0
00ab00e0
007e009a
00ef007c
00b6009a
008e00b5
00ed00f6
00b2009b
00fa00d1
00eb007c
009d0092
00970097
00b600bb
011700d1
00b1007e
009d00cb
00f00099
00d00080
00bf0100
008b009f
00ab00d2
00c600b9
00ad00d7
007300d8
008a00aa
00a300c6
009900bf
00750086
00820099
00980085
00a30091
0096007f
00cf0082
00960097
009b00bf
00c10096
00b50084
00bf008c
009d0078
009900a1
00d8008c
00850099
009f0096
00bf00bb
00b200ce
00b90083
00dd00e8
00d3008b
00f300a5
0092008a
00aa008c
00e600dd
009500d5
00f2006f
008f006e
00a6006d
00bb00a6
010700ba
00d60108
00950095
00ab0083
00980085
00c20087
00e300c7
00bb00c3
00bb008d
00c90071
00a7010e
00d2009f
00b000bf
007d00b8
00aa00e6
00de0091
00d200b5
00cd007a
00c000a8
009000ae
009d00c7
012900a3
0102008a
012b00a8
00f300db
00a60076
009b00cb
00c100d5
00a80096
00e80092
00f500ce
00a600d2
00c30080
00c600a6
00b60095
00b7008f
00ef010f
006a00a2
00f700ab
00e600b1
00ad0147
011800bb
007800a3
00ab00e2
00b6007e
010900be
00d000a2
00b100ba
00e200a5
00ab00a2
009500f3
00a1008a
012900c1
00d50099
00d8009f
00d000b5
00e1011d
00ab00a7
00d900a3
00bd00ba
00970080
00c800c3
00a20081
00ef00a0
009d0084
008e0091
008d00ca
00a800a6
00b600be
008a0087
008b0070
00660085
00d3007f
0077008a
00f100cf
008b0093
008e007d
007e005d
008f008a
007e0081
008900a5
007f007d
008e008a
0085008e
00a70076
005c00b0
00860090
0097008e
009b0073
00810082
008c00b5
009f0085
009a0086
00960098
00a000ef
00a70087
008600ab
009f007f
00d800a6
009600b0
00b80087
00bf0097
00af00b1
00bb00a9
009a00c5
00a500fe
00c000d7
0081009a
00ba0099
00880082
007a0075
00de009b
008f008b
00a1007d
0099008d
00890080
00e2008d
00970099
0083008d
00a600ca
00960088
009b00b2
00ab00e8
0077008f
010a00ab
00a900af
00ab009d
00a000ce
00ad00b5
00b000ca
009800ad
00990101
008a008e
009e00ab
00920098
00a6007f
00be00b6
009200a2
008000bf
00ee009b
00a200b6
009b00af
00c7009e
0089007f
00ca00b0
00a100c7
00970080
008f007a
00a500ba
00a900e6
009000f8
009b00b2
00ad00a2
00cf00cd
008f0079
007d00d0
009900a3
00cb00c6
00670065
00a20078
0085008f
006a007f
008700a9
00870085
007f007e
00bd008e
00ad00a5
00770097
00b700b6
00ad0095
009200a5
0081009d
00b000c7
009300e5
00c300a8
00aa00be
00c600c9
00ce00cd
008f00ab
0093007d
00b100ba
00910092
00b700ad
00dd009a
0107007e
00b70066
008200bb
00d800cb
009900a7
00b100c1
00bd00d3
008b008a
00dd008a
00860152
00a50096
0095007e
00c200af
008d00b1
00df00a5
00e500ba
00b200c0
00aa00cd
009600d6
00c700aa
00b30099
00af00d9
00b50084
00980092
00900087
008c00b2
00910096
009200ed
00ad007e
009800c7
00a700a2
00910098
00c000c3
009f0099
00920096
00a2008d
00ab00b9
00850080
008800a1
00a500ba
008200ba
00ba00a1
00f200bd
00ab008f
00a70092
00e90090
009f0095
00850082
009f0067
008500d7
009200c5
00a900d1
009300d6
009e00a9
009300b1
00b100fb
00b10098
00f100af
00900099
00780089
00ea00a1
00a200ab
00cb00bd
00a700e0
00ad00c6
008300b1
00b200a0
00a500bf
00a900c0
00bb0084
007a0090
008a0083
00a7007b
008500ed
00cd0087
00830085
00c700da
0074008b
00bf007a
009100b6
00c100e6
00ab008b
007a0096
00ab0091
00db00b2
009900b2
00de00b0
0090008e
00bd00b2
009000cd
008d0081
00a200c6
00a80087
00a5008b
00f700d3
00860065
00af0082
00af00c1
009b00a7
010a00a2
00be008e
015900c8
01850089
00c600a3
00fd00da
013b0092
00ea00f7
008c00a3
00e200b1
008d0096
00b300d0
00d800bf
00b900d2
00be00c0
00a10099
00d600c0
00ca0098
00fb0097
008e00b0
009f00a6
0074008b
00c800a9
00890089
00950086
008000b3
006c00a7
007a0069
008900a9
0096008c
00c800a7
009e0087
00710090
0098007f
00a20071
006700e0
00a7009f
00650086
00590072
00710083
0088005d
0076007e
00750062
00b900dd
00df0099
009d0070
008900e5
00850095
00be00af
009a00c5
00b000d5
01110097
00fa00ce
00f000b0
00e000bb
008b009b
00ce00c8
009700c8
00b200a0
00e000b3
00d300f7
00e200b2
00980099
00ab009d
00d200d6
00a000be
009300e0
00c100ad
008f0103
007a00a8
00a600c8
014700a9
00a900ee
008a009d
00c20096
012100e0
00b200f1
015b00a2
00a00100
00b50089
00f600e1
011200bd
00f200f8
00b700b7
00a300d3
00e300af
00ca00c8
00a600ba
010000bf
008000b0
0083009d
00860072
00860082
00960092
00a300c3
00be00c8
007700bd
007a009a
008500a8
00bd00db
0082009a
008b00d5
008b008c
006f00ba
00a60082
00d300b9
009700b5
00a100b9
00b500ae
009000ad
00a500a8
00bb0078
008300d8
00970098
00980092
00cb00a9
009f0109
012700f2
00760099
00ae007f
00c000d5
00e600a0
00d60076
00ea00a3
01200135
011f00ba
00df00d7
008e00b6
01080179
009a00c2
00890082
007a00c2
00cf0101
00c600b0
00da009d
00fd00f1
00bf0099
00bd008f
007700e7
00810083
00ab00b6
0095008f
008e0095
007a009f
0093009d
008e00a5
009b00a7
00a7009e
00ae00a3
008d00b5
00ae00cb
008200a0
00a300e7
00d70093
008d008e
0096007e
00c800c6
008200ad
009300bf
009600be
00a900a7
009600ba
00a100b2
00c600d1
007100c5
007f0090
00a90085
00a90080
009e0076
008000d5
00990097
009d009e
009a0081
007f008e
008b00ab
009300ca
00b300ad
006a00b0
0098009d
00b200bf
009a00ab
00730091
00b700cf
0097009d
00a900aa
00c300ce
00af009a
00ef0087
007600c0
00ef007d
00c900f8
00da00f2
00dd00d9
00b30099
00af00ae
0119009d
009f006e
00b100d5
00a2010e
00c100a8
009300de
010600e5
00d70089
010e00cd
00b10106
00c600b5
00af00d5
00c90069
00db007b
00c3008f
009800de
00a5009f
0081006f
006e0087
0116007b
00a500bd
00b70074
00a200ab
00fb00fa
008f00b1
00e60080
00fa00aa
00dd0092
00a800da
00cb00d3
009900cb
00de00dd
00a600e2
008c0096
00a0009b
009a00c5
00ad007f
008b0093
00c20112
009000bf
007a00a8
0098009e
00910077
009900a1
0084007c
00d10085
009d00c8
008b0096
009f0093
00d500b5
00c30095
00dd00cb
008c00c1
00bd00af
009f0083
00920091
00e20085
008f00b8
00b80081
008e00a2
00db00c0
00be0086
0086009a
00a700cf
00e9009f
009800c8
008a00e1
007a0137
0088007c
00c800af
00ae00bf
00e30097
010300d1
00ef00cd
012700ce
00c5011b
00aa0083
00be0101
010200bd
011100ae
00f000f6
00e100ff
00f000ce
00b80097
00d100aa
008900c3
009800b6
00ab00fd
00920076
00990095
00810075
00a800a9
00920087
00d600b7
00de008f
008f0095
008900b5
00a8007d
008900b5
009a00d0
008800d9
00da008f
009000b6
00be00bf
00d7009f
00d0008d
009600b5
00a00089
00bf00d9
00a200ab
0115008b
00f20092
009f00aa
00eb009b
008c00eb
008b009a
00a7009f
00980081
00ab009e
007f008b
00c2008a
0081006f
00a50090
00b500a9
009e007a
00af00ab
00a90098
0098009a
0096009e
00df00b9
00ce00a7
00b600b8
00cd00c8
007300c2
009a0098
00af0093
00900073
0095009b
00960089
008600be
009700c9
00a10098
00bb00a3
007a009f
00ae0092
007800b2
00c00092
00b7008a
00cb0097
009000b1
007100aa
00a300c7
009d00a7
00b300e1
009e00b3
00980098
00b20097
009b00aa
00ee00d1
009b00af
008b0082
0089008a
007a00c2
0095008b
00830075
008c0089
008100bf
00bd00a0
009600a7
008200b7
00b60092
00b500d6
00b800be
009a008d
0096008f
007900a5
009500a2
00b000af
00b800cd
00c500ce
008d00b6
0084009d
00c8008b
00b500ca
00fd00b7
009100cb
009e00c7
009500b3
00990083
00f200a2
007200a8
00c90075
016000b6
009d0063
00a300a9
00a700a6
00ed00a6
0080012b
00aa00cd
00ad0096
00ad00f6
00a1009b
00b3009f
00db00bf
00c900bb
00f500c7
00ab0087
00ba00ab
00870089
008d009a
007b0084
008a008c
007300a3
009700a5
008e0075
00d600b2
00bf009d
00a00087
00a70084
0085009d
00cb009a
00c6009b
00c000b0
00c20086
009800d0
00a2007b
008d0085
00cb009e
009100a6
00b20079
008900bd
009a00ad
00a300c8
008c00ca
009d00aa
009f00d8
008f00ad
00c700e3
00e800b9
00a600b7
00a300b3
00d5009f
00c8009d
007400c3
009e008d
017000e6
00ae00ba
00b300b8
00d200b0
00c900bd
007100dd
00c700dd
00a200b8
00d00087
008200d2
00ae00c2
007b0065
00920073
008d009d
00a500b7
009f0093
00c300a0
00a100b0
0098008d
00b200b3
008d00af
00b500a9
00bb00bb
00ba0093
009200a1
009100b6
00920084
00be009e
00750088
00e30080
00cf00b5
00880082
00cf00a1
00ae00a6
00c800c7
0072009d
0098007b
00c30091
007c00a2
00b00089
009d00b3
008e00b9
007300a1
009700a7
00860093
00c500b0
0082008b
0097008d
00d1008e
00a70082
00aa00e8
00650129
00980077
00960092
00a800a2
00c7007e
00b500b1
00b2009d
00a3008c
0098007a
0098008c
00b10080
00ca00be
00ba00a7
007f00d6
00a1008d
00a100b1
00ad00af
0083009b
009e00c1
008a008e
00910085
009100d9
00c90098
00dd0098
009b00ba
00a700b0
00a800c1
009e00bb
00ab0093
00bb0086
00b50097
00c600a9
00870089
00b500b2
00b200e1
009300ad
0086006f
006b0092
00a7009f
00950072
00870088
007600aa
00b0006d
009300a3
009e0084
00b600ba
00a0007d
00870085
0084008e
00c10090
00cf0087
0081007a
00730087
00a6008e
00ae008e
00b3005e
00a8008e
00600081
00af0086
008f0095
009a0098
010a00eb
00ce007d
012b0072
00e20084
012e0096
00ad0079
00e500ea
006800d0
009a00da
010700a1
009100a1
00af00b7
011f00b6
00fe00d0
009500a2
00b30093
00cd0097
00f000d5
00a900ce
007300a9
0095007a
00ab009e
009a0083
00b30092
00880097
00da0086
007900ab
0086007b
00bd00b3
00880085
00ad0089
00a500d3
00a2006e
00a500a3
00a100b0
00e600ba
00a10095
00a800c8
00da00c7
00d100ae
007700e9
00ba0099
008100a2
011e008d
00910127
0091010f
006700ad
00dd00a2
00bd00c2
007e0079
0075012b
015500b6
00ad010a
00d700a9
009500b7
009b00c3
00980122
011300fe
00d300a7
00bf007f
00ce0249
00e2007b
009e00b7
012700d3
00a800db
00b50096
0076009d
010900a2
012200f3
00950110
00c50089
00880087
00c900b1
00c500d2
00aa00c3
00c10077
00a800a6
00be0095
00bf009b
00c1008b
00c000a0
012900a9
00af0076
00900093
00a800b3
007b008f
00ab00da
008e00ff
00b900a2
00cf00af
008a00ce
00b7008f
008c009a
00b0010a
00790119
00880092
00c500aa
008600a3
010200ad
00e000ad
00fd008f
00e900ab
009a00a6
00b70120
009d00c3
00bf00a5
00cb0084
00d2008e
00d500e3
00cf00f0
00db00d1
00c100a3
00c800c6
00e60097
00bd00b5
009a00be
00920095
00820115
00a6007c
00a20108
009900d6
009d00a2
008100ba
00e2009b
01130149
00da00ea
00be00db
007e00c7
00b500da
00c200b9
016200fd
00ff00a0
00e1011e
00c100e9
00b800ca
00ca00a1
00b800c0
009f00ab
00cf0088
008f007f
008b0061
00b000cb
008e00c1
00bb0085
00d9007a
008700b6
009900b8
00ab0098
00a600a6
00a100b5
00d900a1
009700a2
008700d3
009e00c7
00c90096
00b200a9
008d00cf
00a800ab
00920087
008800a5
00a200fd
009d00be
008c00be
016200e2
008a0135
00c001b9
006500bf
0199006c
00cd00a9
007500a3
00a100eb
00cb0076
01130100
00a800af
011600ed
00bb009e
010b0093
012900a5
00c200eb
010700b9
00cb009d
00fb010f
00c6007b
00c50071
009200b7
00a000ae
00d2008e
0083008d
009b009e
007a0075
00960077
009b008d
00c90088
00c200a5
0092008f
00a700b1
0095009e
00fe0078
008500d2
00a7009b
009000d0
00e100a0
00d500af
00c500dd
00dd00be
00ee00bb
00dd009d
00d100bf
00ce009d
009300a6
00af00c2
00620090
008200a0
008a0080
00b90098
00860080
00b100be
00a30081
00bd009a
009b0095
00b10091
009300b5
00c6009f
00a300b0
009a00c6
009300c5
009300f8
00b900b8
00cf00bf
00ae00a7
00b8009d
00c700b0
009900b0
00d800b9
007f00b3
009d0091
009000c1
009f00aa
00d5009e
00c10096
013b0160
009a0093
00800081
008d00c0
00b3009d
0099009d
00e2008a
008300bd
00850093
0083008f
007200d2
00a200a8
009f00de
009800b6
009b008a
00cf00ee
00b7008e
00c0008e
00c700b8
00960087
00bf007b
007b008b
009e008c
008400a8
00ab0087
00d00082
00b700a3
00e00096
00810085
0093007c
008500a5
008e00d9
008f008f
008100b6
00b00086
00a50085
0101007c
008500a2
00a100f7
00d0008a
00ae0089
0092008e
00a50099
00ab0067
00a7008e
00840095
008f0089
00df0074
00b800a5
00c000a9
00cd0087
009600d8
007e0063
007a00be
009200b1
006e0092
009f0088
00bd00b1
00b9008e
00ad00e1
007300a5
009e0084
009100b3
008600bb
00a3007f
009900c6
00b90096
009d00ae
00b70093
01db014b
00a50118
00c0009f
00b301c7
00cb00d1
011f008b
013200a0
00ad0165
00c000b5
00f000bd
00b200a1
00aa00e9
011200a5
00c30083
007f00c7
00eb011f
00d8007b
01110098
00f5008f
00de008f
00fd007a
007e0125
00d9007d
009800aa
00a90073
00930091
00a200c1
00c100a8
00a5007b
009d00a2
00970097
00cb00b6
00ab00b1
00a00098
00c900e6
00a80092
009f0084
0088008d
00b200c2
009b0097
00bd00d7
009d00b7
00ba008a
00ae008d
00b50091
00b000cf
008d008e
00b90093
014700a9
00a00085
008100e5
00df00a1
008300c9
010700fb
010300a9
00fa00d3
00e6007d
00d100ea
00b100ae
009500f7
009800db
009100b2
00c100c5
00b70087
0121006d
006d00a5
00fb00e8
00d500a8
009200a3
009f00bb
0078008c
00b5009d
00980089
007b00ad
00be00a3
009d0092
008200b3
00eb0096
00a100a8
0098009d
0075009f
00950090
00920082
00ee00b1
00b2008f
009e00c9
00c30087
00c60079
00b200ce
00bb0098
007800c0
00cd00b7
00b200be
00a300bb
01b50090
006f0129
008c0109
007b00eb
014900a2
008f00cd
006300e1
00fa00aa
00f000a1
00f100cd
010b00da
00b800d3
0080008d
00d500e1
00a6007f
00d800b3
00970140
00af00e8
00ff00ff
007400f2
00ae007a
009900b2
008900af
00c600de
00c8008f
00c500ae
009300e2
00950095
008900d1
00d3009b
00c5009b
00be0071
0081009a
00c300de
014b00a3
014500eb
00fe00ae
00a60139
008600a2
00c000af
008200e8
00af00b2
008e00b6
008f00f8
00e500db
01490108
011500c2
00e300df
005a0092
009a0073
008e00a9
00750091
00b700bb
00850096
00a7009d
006b00a3
008a0095
009f0086
009700b3
009200ad
009200df
00e900c0
009d0098
007900b2
00be0095
00a300a2
00b700de
009300a7
00920096
00cf00a2
00af009f
00a600dd
0280007e
0089025b
00e101f0
006e00f8
00f80081
00ae0130
00bb00a0
009e00f5
00b000d9
008e0091
009000c3
015e0085
008f00b7
00ad00fe
007b00d9
00ab00c1
00b00122
00cd0260
012b0097
00810091
008f008c
00b500db
00900099
00e100b6
0096009d
007a00bf
00b300ad
0098009f
00c600a5
0092007b
007f009a
00b600d8
008d007e
00920099
00a100af
00ba009b
00860087
00c0009a
00b900b5
00da00aa
00b500b2
00ba00bf
009b00a8
009e00bf
0091008e
00cd00a3
00a900cf
009600cd
00bf00a8
008500d0
0083008e
009900c7
00960091
00a200a8
00b00084
00e80081
00a700a1
008200aa
006900c6
00b6009d
00a100b7
007d00cd
007f00bf
00810085
007100b7
00870073
008800b9
00ca0092
00750099
00a8008b
008b0075
00b60087
007e0087
00700078
007b0098
00920089
00a10091
0087009e
009d00a8
00bb00ad
00c300b6
00710086
008000bb
009e00a3
00a500c9
008e00b2
007c009d
00f20088
00ce0097
00b200a2
00780096
00c90081
009a00a5
00b1006e
008d0073
00a10095
015e00b0
00830157
00df0167
007f0083
015700ce
009600f2
00800097
0105012b
01220159
00c5007d
01a90092
00e80119
00e500b2
00c500c9
0142009f
00dd00d3
00b60108
00f000eb
009b00d0
009f00ba
00c1009e
00d20092
009d009b
00b600cb
00ff00ae
00890157
007700c2
0082009b
00ca005d
00e60150
00bd00be
00a800ce
010100e3
00a300a5
00e700aa
00f7008d
00fd009e
00aa011d
00ad009d
00d00098
009b0121
00ad00a6
014900d2
00a90099
00a900b1
00d200b0
00be00b0
009500bf
008b0098
00b300ba
00b7008e
00c800af
00b700a8
00d90099
00d3009d
00a500a6
00aa008b
00bd00cf
00bf00aa
008600ef
008a0099
009a00aa
009b008a
00bd008e
00a000a3
009f0098
00a100a8
00c70092
00ed0099
009100b5
00b700a6
00bb00d3
00f600c9
00780125
01570205
00fd0101
00b5007a
0113009a
010500f2
009200a0
00f1008b
00e300ef
00990089
018500a0
009600a9
00d30149
01900077
00ae0095
00b60091
009701cb
00c60101
00a900aa
011f00bb
00e1008e
008b008e
00d00098
00b00083
006a0111
017200bd
008000e3
00c500a0
00b300c8
007f009b
00d9010b
010000c2
00a300bd
00ba00b0
016b00e5
00b500be
00c200ce
01120095
00bd00a2
00a200d8
0147011b
00e5009b
00e00112
00e5008d
00a000d5
008a00a8
00db00c7
009f0091
008e00a2
00a500d3
010f009a
00890083
00c0009d
00a600b8
009300b1
009a009a
00a100a1
00860095
0087008e
00bd00cd
009700b1
009a0091
00c200cb
009e007c
00b000a1
00900087
00a500af
00a5009b
00a50087
00ab008b
0083007d
03050092
00b701e7
011e0245
00af00bd
013e0063
00b100e2
00f700e1
0117006f
00a7007b
00d00122
00e000ad
00fe00c7
008b0075
01160113
008a008a
00b5007d
00cf0132
00e20285
007f0081
008900bb
00b000af
008b0065
00bb00c1
00ad008d
0098008d
00950095
008e0086
0098009b
00800095
00d20073
00a50076
00c80093
00b20077
007b009f
00a0009e
00d000b8
00ba00c8
00c50097
00c300ab
009f00cd
00890087
007f008e
00820088
00a70099
00a30095
00a8009b
009200b8
00a10095
0099008f
006e0090
007b008e
00810088
009500ae
00a00074
00b100c1
007d0084
00b2009b
00a700b6
00d000b6
00960097
00b000b2
00a3009a
009e00b5
00a90098
008f00af
00cd009a
00af007f
009b0099
00ce0088
00b90109
00ae00d5
009100b0
023200be
0097013e
01c90139
00b900c9
01350078
00f000bb
007100ab
009e00a2
016b0081
00b200a7
00b7009b
008500c8
00e000a0
010900d8
00ae00d9
01370072
00ad010a
00a60129
009b00c9
009700b6
00b200d5
00ce016e
0099009a
00be009d
00a600a5
007700e1
009300a5
008d00a0
00be00a8
00b3008f
00860095
008a00ce
009100c2
00a0009e
00af00a1
0098009f
00c200b0
00c300a7
009300c7
00dd0092
007b00b8
00cb009a
00990092
00770091
00c300a9
00a50087
00a900c0
008e00ae
01250071
00a90167
008f01ae
0078008c
01060089
00b000e8
00cf00d9
00ef0182
00e90082
008e0096
018e007b
00ef0147
00a100a6
00b000ea
009f0097
008c00cb
010b00bd
00c80123
00f500fd
007400a2
00e30093
00c60109
00a100af
00b900a5
014701a7
010e0185
0127010f
00dd00f5
00b100b2
00f7009d
012001d5
00de00b1
010b010a
01920113
00df0189
00880079
014900c1
009300b7
00950095
009700a2
00c80139
0084008a
00b600b5
007700a0
00700086
007e0081
00b50087
006f0084
0081007f
00800069
008500a2
00a60089
00b5009e
00980082
007b0096
00c300b5
00c70081
008200bd
00ba008a
00c600c0
00d700b9
00990088
00d900a7
00c300c6
00bd00a9
00a300ca
009a00a9
00ea00a6
00ad0096
009b0077
00c300a5
00b300ae
007b00b7
008a010f
008d00b9
00b100aa
008900bb
007500a7
00c300a8
00de00c7
008300a1
009b009b
00ad00ab
00a100a9
00a100ba
0080009a
00ad00a0
00a500a2
00bf0085
00b70097
00c300db
00d2009f
009e00aa
00b500d0
00d000af
00a800a9
006f00a0
008a008f
00da00a8
008e0096
00ba00a9
00a50082
00bd00c2
00ab008f
008e0096
00ab0089
0099009b
009700b0
011a00aa
009900dd
00ba0093
009300c3
00ad0093
00de00a5
00b30116
00f800a6
00bd00d3
00b200bf
0092009f
00860095
008d0077
008b008e
007700b7
00e70085
0092008e
008e0081
00960099
009b0091
00c800af
00bb0083
00c600a8
00ef00c2
00c300d6
00c700be
008800c5
00ed008a
00cf0088
00cd00b0
008d00c8
00a50095
00aa00a0
00d800ab
00a000aa
008900a8
00d6009f
0096008c
0075007f
00870095
00910085
00850061
00700066
00620093
008b006d
00840077
005f0093
00740071
00880075
006300a3
006b0066
00630075
005b005c
00b00061
006d006d
00750065
0052005d
005a005e
00470070
005f0052
00920083
008a0092
00a90086
007d007c
00ca008b
00b6009d
00bd00bb
00d70095
00f70071
00bd0089
0083009e
00b700aa
009800b3
00c7008c
00c50093
009100ab
00a700bb
00b5009d
00f10080
008b0097
00c800b7
00ab00a6
00e800a1
009800e1
00ed00af
00fe00a7
007e009f
00a800a3
007a00ae
009800aa
008e0080
00750091
00b300e2
009100cb
006d00c6
00fd00a5
009200b2
008f00a6
008c00a0
00b60099
007b00d2
008e00f1
009f00b0
00d800a6
008300a6
008d00d1
00a9007d
009300b2
01f200b8
005701b2
015001b2
007b0108
01f20091
00ff00ba
00df009d
00b700b0
00b7008d
00a1009d
00b100ab
011f00a3
00c900ba
00cb00ed
00fa0107
0075008d
008300ee
00ab012b
009200ad
00a000ab
00d00095
009e00a3
008a00a2
00ad006c
00980063
00b00074
008a008c
008d008d
007e00a9
00de0075
007c006b
008a0077
00770077
00970087
007300b0
009600ef
008a006b
007200a5
007b007f
006f00b7
00710078
00a1008e
006000b5
00c5007f
0075007a
007a0077
008e008c
008e007a
007e00b3
00890089
00c50090
0081008d
007c0091
007000a8
0082008b
008300b7
0088008b
00a900c0
00a900a5
0095007b
00e800a6
010a00a8
00aa00d7
00b000b5
00d000a3
00ab009d
009500c5
00990097
00850083
00f10081
00b000c2
008d00a3
008d0089
00a30080
00c900a7
00b00099
00930097
00b10083
00b1008b
00b7008a
008200b1
00cd0090
00b500ca
008d009a
009100af
008900d8
00df00b3
008f009a
00bf00ad
008100c9
00a300db
00ae00aa
0097008c
00e20099
007300c2
00b10097
006300b5
009d00aa
008f0099
00c000b6
00b9008b
007d006f
00b100a7
00d8008a
009900a8
00e0009d
0083009b
00af00cf
00f100b8
00d5009f
00c200ba
009700dd
00910093
010000c8
00a30107
00a600da
009300c5
00cb0090
00b200c2
00cd0092
00b80099
00ab0097
00a000a5
007d009e
009e00d7
00930095
00ab009a
00980098
00d00098
00a800a8
0087009a
00b100ae
00b6009b
00bf00b2
0082009f
008a00a8
00ce00a7
00bb00c8
008c00a7
00a200f5
00960092
008f00a2
00b20089
008d009f
00740092
007e00a1
00ad00db
00a00093
009000b2
006e00af
0084009f
008f00e9
00a800ca
0082007e
009800c3
00a500a8
0096009b
009f00a1
00c60107
008e009d
00be0098
00d000c7
00a300b1
00c200ad
00b700aa
0095008b
009300b6
00a900bf
00890075
00810081
007f00e1
009200c0
009b0090
00e50093
008100e5
009900c6
00bf00a2
00c800b8
00d800a0
009200ee
00980099
00a0007f
00ca00d1
00ae00c5
00af00b1
00cf0093
00c000ab
007e00cd
00b200a5
008700d7
00d10075
00850090
008d00c6
00920091
00aa0073
00990087
00d900b0
008f008e
009b00ae
00930096
007300b9
0092009a
009500a3
0092008a
00ae00a5
009100b0
00aa00d9
00ad0089
008f00b2
008600aa
00b700e8
00b300a9
00ae0080
007a00b9
00b1007e
00960093
00930072
00960076
00a20072
00960078
009500aa
00bb00b1
00bb00a9
008a009a
00af00aa
00b900c5
00c500dd
00970098
00bf009a
009e00a6
007b00b3
00ed0089
00b000b5
00ad00c7
00fa00af
00b70093
00b200bb
0115009d
00a900a9
00b300a1
00800059
00b9009f
00bf00a2
00c70083
00b90099
008b0098
008c008f
00d1009b
00d20084
00ae0079
00ab009f
0091009a
009800f0
008b00be
00c900a9
009800b7
00a500c5
00aa009e
00a500b3
00a200eb
00c80096
00c9007c
00a300a7
010e0092
0087008e
008400d2
00880084
00a800ba
00a100c9
00a90085
00890095
00a30093
00b7009e
00d9009e
008500c6
00d800c7
00a6008d
008f00a2
00c900b1
00ba0085
00d900a2
009200aa
00a00095
00c600c7
007d0092
00ae00d8
0081008b
009500a0
00aa0071
009b0088
00920099
009200a2
00b5009e
00a7009a
00c3009b
00f300b0
00850084
008a0089
00b200d0
0086008b
00b100c7
00c50090
00c800a6
00bb0087
008f0090
009d0098
00800090
00aa00ab
009d0077
00b7009f
00aa00a8
008f00cf
009e009a
007700bd
009e00be
008100a2
008300a3
00910092
00c3009d
00da00ca
009b0075
00ba00ab
009d009d
009100a7
009600a8
00ef009e
00cb00d3
009800f0
008d00c0
009f00a6
00a100b7
00b60088
00c000b1
009e00af
00b50097
00be008e
007b009b
009f0080
008d00b3
00b50089
00aa0097
00c8008e
00a200a8
007f00a5
009700a3
00980093
009e0087
008f00b2
00ab009e
008b00ea
00d70090
00bd00d2
00af008d
00d9008c
00a700c8
00b000b1
009900ca
008a0085
00bb009a
008600af
0073008b
009e00ad
009900b2
00a7009b
008b0076
00bd00af
009a0093
009f00b1
009f00aa
009900a2
00bd00bd
00a700a8
00ba0091
012e00da
00a0007f
00be00d7
00a30085
00ca00b7
00a300b1
00b6008f
00bb009b
009600a3
00c000ad
00b3009e
0088007b
0097008f
009300a2
0077008a
0091009b
00c800a0
00d1009e
00c9007f
009900bf
00ab0091
009e00be
00750085
00b100b7
009b0095
009f00cb
00d300b3
009500db
00b100bb
008d00c5
0075009d
009600bf
008e00d2
008b0077
00b6008f
0090007f
00cf00b3
008c0095
008c009f
00a90087
009d00b7
00770081
009100b0
00a60085
00b600a1
00ab00a0
009d009e
00b000b1
009e008d
00da00f1
00af00a7
00a700a1
008d00c7
009600ad
00d5009d
00b9009a
009b00a5
00cf00ae
009d00ae
00ba0086
009a00a9
00be0083
008d007e
007a008e
007f0090
006000aa
00930082
0085008b
00860079
00de006f
00b30083
009900c8
00c600b2
00d600a2
00b8009a
010d00e2
008c00d3
008a00a1
00c900d7
00d700b0
009d0086
00d200eb
00ce008f
00d80071
008a008c
007d0089
0099006f
00aa0091
00a800a7
007f009e
009600c3
007d00a9
00a100c2
00cd0097
00af007d
009200b0
009b0072
00960089
00cd00a3
00c900bd
00810087
008f0099
00c800c3
008100b2
00a7008d
00c50099
008500a2
02d200ab
00ff02ce
00db023b
006100c7
026e0070
00aa00ff
0061007f
006d006e
008d00e2
0087006d
00d70077
00cf00a7
009a009d
00bb00d9
00eb0089
00ba0081
00db008b
008b0239
008a0130
0093009a
009f008a
00a00072
009500a0
00750085
00770086
00d70099
00c500a3
00e1008c
0090009f
0096008a
007700d1
00a300a5
00af0095
01270093
009600c3
00a70095
00a700af
00a9008b
008f00b3
009e00a8
00c000a1
00b100a8
00a600c6
00ed00b3
009800c3
00b100b3
009b00b1
00b90089
009f00ab
0092006f
007b0092
009200a9
00760099
00f70071
0085008a
007600aa
008700d0
00a100c8
009100b5
00cf008b
00a80093
008500cf
00ad00aa
00b1011e
00b000ba
008d00b6
00b90077
00d300c7
00ca0092
00c000be
00ab00a8
00ae00b6
00ab006b
00c6008c
0078008e
009900b3
00b70098
009b008d
00810089
007b0097
008d00b9
009b009d
00bf0091
00aa00c5
009200bd
00eb00da
011f00b1
00a2008a
008500c8
00aa00a0
00a100a6
007c00ab
008e00bf
00a000a7
00d30073
0091009a
006f0067
00b800aa
008c00d6
009700b3
00a900bd
006e0083
00a10091
00c50087
00b300a9
00ab00fe
009e0091
00ba0093
009b00e7
009100d3
00c70097
00b3008b
006c0086
00b60107
00ab00b6
00c500aa
008d00e1
00c900d2
00a800bb
00a100b7
00c10062
008e00be
007100da
009e0095
00a1007d
00b100af
008100a8
00ba008d
009700a3
00b00095
009d0096
0097007d
009d007e
00aa00a7
00c00085
009d0083
00bb0092
00bf007a
009e007a
00be00c3
009000b8
00a800b2
00a20093
00b3009f
008f0087
007f00bd
00a10087
008a00c7
00910082
00e200a2
009b00b8
00d500a7
00ae009f
008f0088
00d900a7
00860086
009500a9
008600d0
00a8008d
00ba00aa
009b00bf
00c500a5
00b700b8
00e3009e
00b600a7
00c6008b
00d8008f
008a00c8
027b007b
0052020b
00a50329
009a00ad
01920093
00bf00a6
00a600db
008800c6
00b7009b
00b20092
0076007e
00b300ef
006f00b5
009500be
008500a6
00920097
00c2008e
008000df
007200a8
00bf007b
00ab007a
008e00b1
00b7007f
007800a1
007b0091
0091007d
00b1009a
009a00bf
00b60080
008c008b
00930085
008d0093
008f0091
00b0009d
00a30089
008500b9
009200f6
00950085
00a200db
00c000b5
00a700ed
009b00d3
009a00be
00d300b1
00b6006f
00a50082
00ad00e1
00ba0093
00a100aa
00af0098
008200bd
00aa00d0
00d000b2
00910093
00c900a2
008400d2
00c90083
009100b8
00d70081
007f00a5
00c600a7
00aa00bb
009b009d
00ad0089
008900a0
00a2009f
00a900a2
00a800ce
0090009f
008b00ad
006c0095
00920096
00a20060
00820095
00930079
00db008a
009d0095
00bb008d
00780084
007f0081
00ab0095
00b0009a
008500b2
008100b5
011a007e
0096009f
009e00ca
00b8007b
00a900b7
0091008b
00850096
009d00d2
00ab0086
008600a1
00ba009e
008500a7
00650097
0081007d
008b0086
00770080
008f00e0
00b600a3
00ba00b6
00e80087
00aa008a
008a007e
00c700f3
00990080
0088008a
009700d8
00ab0079
00b900c0
009800de
00bf0075
008b00a8
00cf009f
00e100a1
00c000b8
00f000d8
00820085
00750099
008d00a2
00b50079
007100a8
00a200a0
00ab00aa
009a009f
007b00b1
009a0096
00a800a8
009d0092
00b8007d
00c600b1
00d0008f
00e900a6
009900ab
00b600a9
00d5009d
00c200bb
00af00e0
00b800d7
00cd00ae
00a700ad
009a009f
0082005a
0086006a
00a50077
009d0081
006e0095
00a600b7
00c200aa
007e008e
00700092
00b00083
009700c0
00ba0098
00a30099
00b500c8
008d00c7
00ba00c6
00c800d9
00b100a8
00cb00a7
00a7008f
007c00b7
00ad009f
00ad00ab
0085007a
00870096
00900096
0097008e
009d0098
00b600ae
00950095
008f00a5
009000b7
00a60099
00810092
008600b9
007300b8
00a80082
007600a0
00d900a5
00cb009d
00cd00a2
00b200cd
00af0096
00ba0078
00d30088
00b300c6
009b00ed
00a20082
008b007a
007b007b
00910092
007e0096
007b0098
00b70085
008300b5
00860082
009a009d
008900d6
00d00097
007f00ab
0072009b
00bf00ea
00cf00c2
00a700ae
00a000a2
00f200a5
009f00e3
00a800fe
00cd00a9
00a5007e
00bf00cb
00af00b2
008e0080
00d6008b
00850073
00a8009f
00c1007b
00b000b5
009100ce
008600a2
008e007b
008900a8
00ba007e
0089009b
009000a0
008d00a1
00a000b3
009b00c2
00ae00d2
00ae00c3
00b100b3
00a2009e
009300d5
00b000be
00a00082
009800a5
007e0089
00ca009e
00890099
006400ba
00b600a6
009200c9
008c00c7
0086009f
008e00ea
00a10093
00a2009b
009d009f
009700bf
008800c1
00c500f7
009600b2
00b6009e
00ef00da
00be00af
00890098
00920097
0091008d
009500b0
008d00b7
00d50072
00910076
009e008e
00a2008c
00c10097
007d009d
009e009d
008200b6
009f00a0
00ad00c9
009f009f
00b3008e
00a000dd
009e00d1
00e0008f
009b009d
00d200a9
006100a9
00b1008a
00a100ae
00a000b6
007600a9
009b00ae
0092009e
00790077
008e007e
00b1009b
00c1008d
009900d2
009900b2
009600a6
00b70096
00ae0091
008800a3
00a200b7
0085008a
00a500a3
00a30089
00aa00ad
00ce00a2
008100bd
00f80076
00c200a8
00b000ab
00c600ab
00bd009b
008a00a7
009600b6
0077005d
00650075
007e00a6
00790087
007b009a
0074008f
008100aa
00bf009a
00960099
007600a5
00bf00b7
00a60096
00ae00a8
0099008e
00ab00a3
009600a5
00b70092
009100ce
00d70096
00a500a7
009200ae
0090009f
00a2008c
008c0100
008e0078
00a700a0
006d00ae
00a600b6
008f0073
0086008b
008400a5
00ae00a3
007f00ab
008d00ad
008900b3
008e009b
00ae00d6
009000a1
0086008f
00af00b3
00bd008d
00a700ae
008100a3
009500cb
00c0008a
00a7009b
008d00b1
009600a9
007f00a6
009300c3
00b800b8
00960073
008000a0
00c100b7
00a200d5
00700087
007800cd
00860087
007e0092
00a80099
00a1009a
00a600a3
00a900ca
00ae0096
00b800ab
00bf007b
0082008a
008f00cb
009a00bf
00b000ab
00a50118
00c700e7
0093009b
00de0086
00bb006b
009900d3
008c00a0
00de00cf
009300c0
0093008e
00a5009a
00ba0087
00b10090
00a000a8
00b300a8
008a00be
00d0009d
009d00af
00930093
00c000a0
009900b8
00a100e9
00b00082
009800ba
00b100b7
00ca0089
00920079
0087007e
008e00af
00ae0091
00a60096
00a0009f
007e00b9
009a010d
009800a8
009200d5
00bb00b8
00a200d3
008d0087
00c30083
00970090
009d00da
00ba0097
00ba00aa
009300a2
00c000a2
00ae008f
00c200d6
00dd00a8
00dd00de
00be0099
00e10098
00a200a5
00e7007a
00b900a8
007f0090
00920087
009d00b9
00a90086
00a80084
009d0082
0099009d
00f300d2
00a30085
00c5009f
00ab00b5
00ad0089
009e00a8
00970095
009900c7
00c900b0
01050087
009f0099
00d200b2
006d00a0
00a10099
008e00ba
00b6008d
00910096
0084009f
00a600a1
00a800a6
00690071
009f0090
00b5009f
00f800ea
00ed00c2
00a100d9
00ea007e
009a00b8
009d00a5
008a0129
00ba0081
00a500b0
008a00d3
00bf007c
009900ee
008500ba
00c6008e
00a60093
00a10092
007500bb
00e60097
00bf00af
00820097
008d009a
008500d3
009f0091
00e90080
00a600a7
00bd00d0
00c500a6
00bb00bf
009300a9
010600af
00d200e5
00b10095
009500b7
00c2007a
00ba0093
00a00072
009900f3
00a000aa
008d007a
00b2005a
00dd00b2
00a200ad
0087009f
009e007a
00b900ad
00d200a3
0096009a
00d5006b
009700b8
0080007c
00aa008d
00990092
008100c0
009d008f
00b30085
00b00082
00bb00a1
00aa0082
00bb0096
00c500a1
0092008e
00970066
009d007f
00a0008f
00a0005e
00ce00b3
00910089
009a0096
00a1007c
008f00b2
00a70092
00a20092
00b800ad
009a00f5
008d00b3
00b700d0
00a200e2
009900b7
009100b5
009800b2
00e800a6
00a3008d
009b0095
00c90091
00ce00a0
0091007d
009f0077
0093008e
0082008f
00a70097
00be009b
00b50099
008a00b0
00b700a5
00a900ab
009e0099
009e00b9
008d00ad
00a800cb
00cb00c7
00a900aa
008f00af
00e7009e
00af00ad
00a100c7
00d900a3
00bd00aa
009000d6
00a20075
00a50083
008e00a3
009e00b7
0087006d
009600a2
00b900ea
009d0090
00ad00b0
00c00079
0089009d
00830082
009f0092
00ae007b
00a200d9
00d500ae
00a200c5
008c0093
00b700ce
00db0091
009b008b
009900b0
00aa00b8
009500a6
00910091
004c0058
00630063
00710061
006e0068
005e00c5
00650065
00c00078
00c90056
00b5007b
0098007c
00990091
00880059
008500a1
008e0063
00a20167
0073006e
01750071
00a70070
01c500b0
010b00a8
00ea00e3
017700cd
00ab006f
007c0088
00b5009d
00a000b6
00890082
00850071
00c60086
00af00a9
00a0008d
00af00b3
00a900b7
008e00a2
00c1009b
0087009f
009b008e
00a60092
00b800a1
00cd00be
0099007c
0085008b
00a100aa
009f008f
00b2009d
00ba00b9
00960097
00850099
008d006b
00a50090
00db00a1
00890095
009100b0
00800085
008f0087
0085008e
015000af
0072008e
008b006f
00710076
007300b7
00c70071
006800a1
007600b8
008400a9
0087006f
0092009e
00a800be
012700da
00a000c8
00b90095
00b7009b
007800a2
00b500ab
008400a5
00a30087
008e00cd
009f008a
008c0086
007a008b
00a2009e
00d200c9
007e008c
008f0091
00990081
00a2007e
00c2008f
00aa009e
00860099
008d007f
007c009d
009f00bd
00c00092
009800a1
00a2008b
00910087
00920082
007c006d
009a0085
00690077
00c000ae
008700ad
008e0075
00be008a
00d90092
00850098
011a0090
007500bb
00cf00ab
00c700a9
00d200b8
008a0098
008d00b1
00ba00c3
00be008c
00d900cf
009900bb
00aa00c7
009b00c0
008a00c6
0085008d
008e009a
00a100c7
00c300c3
00b50096
0088009a
00ab00a3
009e00a9
00b00098
00d90099
00880099
00d000ea
00bb0098
00ca008d
008d0099
008500c6
009e00a1
008c0099
00ce008f
008e008a
0092009e
00b200c5
00a300af
00a500a8
008d009a
009700a6
00c2008e
009e00a5
007000a5
00a600ba
009e00a0
00b3008e
00a8008a
00970093
008c008a
00c600be
0084009e
00a60086
00c5008b
0079008f
009100a0
0099008e
007d0082
009300b2
00b7008d
00970089
00ad00c0
0096009f
008a0075
00990089
008200b7
009500af
00c2009b
00b200cd
008b00ab
00bd00ad
008d0073
00e50084
009200e9
00720086
00b60083
0097007e
00c500dd
0093009a
009600b2
00c100aa
00a60095
00a2009f
00e200c9
00c700c1
009b009d
00f300e3
00c900cb
008a00c8
00c900b7
00c30081
00960096
0092009f
00a300a0
00a700b5
008d00b5
009a008f
00a900b5
00d200b9
0087007d
00af0096
008500e7
0095009d
00a60097
009b00a6
00a9009b
008f0093
00af0092
00b200c2
00c600b9
00990080
00a2009b
008e0125
009900a6
00710093
00db00b8
00ba009d
00990093
008d0089
00c0009b
00be008a
00c200a8
00c50099
00a50083
00b8008a
00bb008a
006b00a2
00b600e5
00a300aa
00b000b2
00a30092
008300b3
009200aa
00e300ad
00d300c0
00c2007e
0082009b
00bb009b
00a20092
007a007c
008600ab
00bf00a1
00a300b2
00b80098
009f00a5
00d200b9
00d300b0
008f0089
00be00a2
00aa00db
00af009e
00b700e0
00c300a8
00c5009a
008a00b6
00ce0087
008b00c7
00ca00bd
00af00a8
00a30089
007a006c
0074008b
009500a3
00b900ab
008d00d6
0075008d
008a00c1
009d0089
00a00081
00c30092
009a0081
0097007b
007d008d
00b70092
0092006e
00810078
009500ab
008d0099
00a0006f
00910074
008e0086
008200d9
009900a5
007e007d
00970088
008300a9
00c000a5
00a7008e
00a50098
00890096
009900aa
00d6008e
0092009d
00b0009d
00d200bb
00b000b1
009a0091
007f00a0
00db0092
00d900aa
00ba00d0
00cf009a
00aa007e
009b0099
00930099
00c80079
008b009f
009b0073
00a600cf
007a00ab
00a800c0
00c3009f
00930085
00a2009a
0092009b
0072008a
00df0083
00a800db
00950072
00dd00ab
00aa0097
008700b9
0091008d
00a900a5
00bb00a9
009f00a5
00910080
008d008b
00a50099
009a00bd
00ae0093
00730062
007d0062
00870067
0069006d
00820095
006c006f
006f009b
008b0073
007b005d
009e00af
00c6009e
007e0077
00920092
007b00af
008b00d0
009a007f
009700c2
009b0088
00e2009e
00d600a8
009a0109
00e50121
00e700a9
007600a2
00990098
00b800ab
008700b8
00bf00be
009d008e
007f0083
007600a8
00a60077
00b500c1
00ad007b
00d500a2
00be00af
00bb00a9
00b70082
00c1009d
007c00aa
008f00f0
00b200a0
009600a1
00a500be
00c10098
00ae00cb
00d900ad
00ba0091
00a000a2
009e00a9
008600ce
00c300c1
00f000ed
00ab009f
009f00aa
00d600ab
00a80092
00b9008e
00be00a6
008b0077
008100a1
00a60081
008700b6
00bb00aa
010000b1
008200af
00c300bd
00ab00b3
006c008e
00be00d0
00af007f
00a700a2
0082008f
00eb009f
00a6009e
007d008d
008c008b
0085009a
00d60099
00ab0099
008700a5
00c500d2
00bd0089
00a300a8
009500aa
00aa009a
00bd00b8
00b700b2
00bd00b8
008e008f
009f00b1
00a200a3
009d00ad
00a900d2
009b0090
00b7009a
007d006c
007d009d
00870091
0084006a
00ca0098
00ae00c7
008700a5
00750081
009b009b
009b00c8
00750093
00a60097
00a50098
00dd008c
00b70096
00c600a2
00950140
00b900c9
00a70095
009f00a5
00d300bb
009000cb
00d3008c
00b2008f
007c009e
00a9006f
00840092
008700a2
00910098
00a50078
008e0081
009200b9
00ef00b1
00bf0092
00ab0095
00aa00a1
00a200a5
00a60093
00bd00a5
00a1007f
00910089
00cb0092
00b50091
00b200a7
008700b7
00ab0072
00af00e7
00a900a6
009e008f
00b50095
0097007f
00c80077
008200b3
00aa00cd
009d00a5
00790072
00aa008d
009d0092
00d8007b
00aa00dd
00a100ad
00970092
00af00ca
00ab008f
010d00b9
00d200d5
00ee00b2
00b600d8
009800c6
0096009b
00b30089
00dd00a6
00400053
00770050
00c90067
009a005b
00730061
00c20057
00a8004a
0068007b
00bb0091
00c10082
00b9005a
007300a0
009b009f
00ee0067
01060089
0093005a
00a5008d
008f0065
01300081
00a7007b
007f00dd
00da00aa
00c600ed
006b00c3
007000ab
0079007c
00750090
00910093
00cb00e6
009600a8
00d200a0
00710081
00d10082
007900a8
008600c1
00ab00bf
00ba008d
00b300b2
0092008f
00b800a6
009300ad
00c00099
00b90085
009a00d9
00a2009a
00ba00b0
00ca00b2
00ea00d3
0085008d
008d0091
008d009d
008d008d
008f00bb
0079007d
00920093
006c00c1
009d00d1
00af0093
00a500a7
008b00bb
00b500a6
00c0009b
0085009a
00bf00d2
00ed00bd
00a100a5
00cb00a2
00b800a7
00a000e0
00ae00b8
00c600d1
00aa00b8
009d00ba
00ab00cf
009e00a3
00960084
0092009f
0095008b
00a600bd
00af009b
008300af
007500ae
00ab00af
00bf008a
00bb007a
008300a2
01210095
00aa008d
00a1009f
00a800be
008500aa
00cd0089
009e00b9
008300bd
008e0088
00a300b2
006f0063
00910098
00c90091
008e007b
00b500a6
008a009e
00ab00c9
008d00da
00910096
008f0097
00d000b2
00bf0089
00a600b5
0092008c
00af00a3
00900096
008b00b1
00a60099
00ca00a8
00b500cd
00ba009d
00c100c1
00c700db
006b0077
00900085
00760072
00a6009b
009600cb
00c500ad
00a5009e
008a00ae
008c00a2
009f00a7
00a700b3
00ae00a6
0072008d
00a6008f
00a100b3
00b500cf
00a200a5
00890096
00d500b9
00b900b1
00a60082
009000b9
00d50102
00a300be
00a800b0
008a0076
00830097
008b00cd
009700ae
00780093
00af007a
0092007e
00a900a1
009b009b
00d00081
009300ca
009700aa
008b00df
009a00bb
00ad0095
0084011d
00b000b0
008600ab
008f009b
008c00af
00ca009e
007e00df
00ce007d
00b000ae
007f009b
0082008e
00af00a6
00a100b1
009a0086
009500b8
00df00d2
00ad00b2
009a00b3
00c100bf
00d800fb
00ab00ad
00ba00af
00a20085
009900a8
00cb008b
00ab00b2
00c20095
00a300c8
009d00d7
008600b2
00af006e
008800b1
00e100b7
007400bb
006d00a3
00960083
007d00ad
0097008b
009f009a
008b008b
00bf0088
00930077
00a3009a
008200bf
00a500aa
00a500bd
00a20084
010a00d1
00c200b9
00a800f0
008f0090
009a009a
009500ed
008b009b
009100df
00b200bb
00de00a3
00710071
007300a8
00d0009e
009200d7
009900b9
009300a8
00fe0097
00a10086
00a100a0
00a8008e
00c700af
00a700af
009f00ca
00ab00aa
00a1009f
008300a1
00bf00aa
008a00b5
009300bf
00a300aa
00d2008f
00c8009e
009d00be
009f0082
00870096
007f0085
00af00d1
007400a6
009b008b
00830081
009f0083
007700a5
00af00a0
00af0091
0116008d
00f9009f
009a00d0
00950095
00b20081
00a800d1
009f00dd
00d800b5
00bd009b
00c6008a
00a700a0
00b500d1
00b900aa
00bd009f
00970083
008800c2
00b0008d
00a800c0
00960079
008a0098
00a300b1
008e00b6
00c100db
00a800cd
008d00b2
009500a1
00c5008b
00a600d9
009100de
008200a8
00be0090
00aa00c5
00b0009e
00b000b7
008b00a2
00d900c5
00980091
009d00a7
008700a0
009d008f
009b00a9
008e00c9
007b00b9
00bf00be
006b00d5
008a008b
00a900bf
00c100bb
00a7007d
00b000a3
008f009d
009500b7
00ad00a6
00c100c6
00b300a3
00a700c5
009700c9
009b00a6
00a2007c
009600b6
0085009f
009300be
009b00d1
009b00af
00bf0087
008100b2
00aa008f
00bb00a6
008c00ab
009d00ba
007e00ba
00a800c3
00d700bd
00a600d7
00c900b8
00b600a7
00b600bb
00ad0099
00d000a3
00a600c2
00b900df
00c500aa
00ca0087
00a700ad
006b00a7
00ce00bb
007900b0
009600bb
008f00c3
006f00b6
00b90096
009200db
00a800af
00a500b5
00970099
00930091
009500dd
009800bf
0091007f
00c7007e
00b000a9
009300d5
00c200a6
00a600ae
009a00a7
00a30092
00c700e0
00920090
00ab00a1
009f00b7
009f0076
00b1006d
009d0088
00ad007e
00a10085
00ed0080
009a00a5
00bd007f
00a20091
009900aa
00c000b0
00be00ad
00cb0096
00b000ae
00d500eb
00e500cb
00a2008c
009300bf
00f60081
009d00b5
00850093
00a900a9
008d00e3
00bb0096
00a900ad
009b0079
00990083
00890084
008b0097
00a900c6
007f00b2
007d0086
00b100a8
00bd00e7
00b600a8
00b0009f
0099008d
00d200ba
00ae00d0
00b000b7
009300c6
00a800a6
00b70092
00a300a7
00a700cf
00a9008b
00a700a2
009d00bf
009f0074
007e00ae
00810098
0095007b
00ad0092
00910089
009700b2
0099008b
008d00b1
00b100ae
00b900a3
00a70079
00a5009e
00d300a8
00a10091
008a00e1
00e200a6
00b900be
00d600a6
009b00d0
00b300ab
00820088
00a200c6
00c500b5
00a3007d
0098009f
00960083
00dd00b8
00bf009b
00990075
00b200e9
007c00c2
008900ba
00a20093
009600a6
00c000c9
0086009a
00af00ea
00bf00dd
00bb00c8
00eb0092
00bf00af
00c500cf
00ca00b1
00b100b2
00a900b7
00980095
00a9008b
00c300b5
009f0075
00770075
00a2009e
009e00b6
008000e8
008f008a
00af0099
00b60083
00a00099
008300da
00bf00ba
008e00af
00b3007f
010100fd
00a600d9
00b20096
00d20097
00b000a2
00d200c3
00ba009e
00b200c2
00b000e5
00ba00ea
00a70062
0073007e
00a300b9
007400a7
00a900ad
0096008d
00d60073
00a70089
008500bd
009f00b0
00a500c3
00fb00a9
00bf009a
0084009a
00c20096
00d0010d
009500f0
00ae00c0
00e50077
00b100ea
00aa00d7
00a700b7
008300a5
00b200be
00900089
006e00a5
008600ab
00980098
00ab009f
00b00095
009b00bd
008a00a0
00a6008b
009700a9
00d800b8
00bf00ad
008f00a1
009100be
00820086
00a50088
00a700cf
00a200be
00cd00ab
00a700c0
00b800d7
00d300b0
00bf009b
009b008e
00a5009f
00bd0076
009e0088
00b60092
00a90093
0093008a
00d100bd
009800b7
00c300af
0086008d
009900b5
008e00b3
008300b9
00f50096
00ca00b7
00ba00f0
00d600ca
00c000c2
00af00ad
009700aa
00c2009f
00b90088
00b900ba
00cb0087
00b00093
009900b9
00930097
009700d8
00b20071
00b60099
009600b2
009e00a6
00b000cf
00b300a8
00aa0099
009d00b3
0097008f
00b900b2
00a500a2
00f000aa
008e00a8
00930093
00d8008c
007500c1
00bd00c9
013700c8
00a5009e
007d0097
0106007a
009800ad
028e00e2
00a90099
00ae00e1
00c000c5
009b009b
00a90089
00b20093
00a9009a
00b1008a
009e009b
00a9008e
008400c7
008a00b0
00bb00f2
00a80098
007300b5
009800b2
009700b1
008a00bb
00b000a0
009d007e
00a500a1
0077006f
00c300a2
006f00a2
009a0086
00dd008e
00970093
008f00c1
009e00a1
00ae008d
00b500de
009d0096
0097007b
00a20089
00be00ad
00b1011e
00a100c0
007a00d9
00be00ae
009d00b8
009700eb
00b000f0
009500b9
009f00bb
00aa0077
0062007b
009f009e
00a7007c
00bb00ca
00b300a8
00ba00e7
007600e9
009900b2
009f00b6
009e00a1
00a2008e
00980090
00da00b2
00a000a6
00b100ae
00dd00cb
00b900bb
00a50081
00a500aa
00b7009f
00aa009f
008a00a9
0090009b
00ef00b0
008600a7
009200b0
00c50092
00df00a2
00b800a7
00b000b3
009b00bd
008800c5
00cf008e
008f00b3
0095009b
007c009d
008900a0
00fe008b
0091009d
00a2009f
009d0099
00ad00af
008200ce
00910099
00c500de
00b1009f
008800a9
00c500f2
00860089
00bb007b
008f0097
00c000a3
00910084
008e00a8
008f00a9
00dd008b
00b900d3
00b600b7
00cb008c
00a700b8
00d9008d
009d00cf
00960084
008500a6
00d200fe
00b80096
00a10095
00fa00b5
009900aa
00d800ab
00f800a5
00b800c8
008a007c
00c50086
008000d2
00a800a5
00c500bb
008100a5
00b8007a
009f007e
008d00b7
00790085
00c70095
00ae00c9
00b70093
00de0090
00bd00ba
009200b1
00a6009e
00a300b6
00a00097
00c30096
008200b3
00a000a0
00b200ab
00d5008b
008a0079
00810066
0062007d
00760091
008e0099
007e0075
008600ba
00d6008d
00860085
00a1009d
00860097
00a7009a
00ab0076
00a60092
009a00b0
00b000ba
00b9008a
00a300ab
016000c5
008d00d7
009a00c7
00cd0090
009a00b3
00c300a2
009b00b7
009800ce
00920099
00c100a5
008a009a
006e00af
00ae0089
00810098
007b0061
008a0075
006c00a7
009f007a
009e009f
00b70095
009a00e3
008c0099
008d0087
007b006e
006d006b
008a0064
00850075
007e0062
00860093
00630067
008b00b3
00bb0089
00c100b6
00a300d1
00a300be
008d007e
00d000da
009600b7
008f00b3
008e0099
00a9009e
00b000c5
008300bf
009d0091
00a100a2
008e00cf
007b00c0
00b800bb
00a600c8
009700a8
00b3008a
00b700b7
00930098
009a00c5
00a30091
009b0093
009200b6
008200a7
00b800ed
008c00b3
0096009e
008e00ae
009b0096
00c300d0
00bf007c
008000a5
00ad008e
009b00a1
008f00ab
00aa00e5
00df00d2
00b3009d
00aa009a
00ba008e
008d009f
00a200a5
008b00c2
008700a3
00aa0081
00d50090
009a0085
007900a1
00b70092
00ba0099
00a2009b
009600be
008f00af
00c200b6
00d600ae
00e900d9
00cd0084
00b600c2
00af00c9
011000c9
00e100e8
00e600f7
00b200af
00a80100
00df0088
009f0108
009900a8
0093008b
0064007b
009d009e
00a60093
00b8008d
00b50082
009e008a
0092009f
00af008c
00bd0099
00a900b5
00990097
009500b9
00a1009f
00a5009e
0093007d
008c00b0
00c900b1
00990096
009f009b
009100e6
00dd00ca
009700b5
00d300a2
009a008a
0092006e
009500a9
00960086
00b2009f
008900a7
00870067
008b0092
00a00091
006e007f
009200b5
009f00a3
0077006f
00a000a3
00920061
009a00c3
008d0083
0072008e
00980108
008d008a
00910077
00820086
009e00a3
00a00088
00a8007f
00890093
008a00b1
0088007e
008500cf
00a60092
00bd0098
00970079
00ae00c3
009f0078
008d00a3
010800c1
00b70085
00aa0096
00af00af
00ad00bd
00820092
00b800aa
00bb00a2
01060093
00c60089
009d00d3
00a300da
00a800d5
008900b3
00c500c5
009200a8
008b00c9
00bf00c9
00c000eb
007f00a7
00ab00db
009100a0
008d0091
00a800b2
007a00ad
00a200a3
00a8009f
00a200a5
009000b3
00ae0096
00ae00c8
00920085
009900d9
008e00a8
00910083
00ae009f
00950097
00ae0091
00720073
0087008d
009d00c1
00a20099
0098008e
00b200b8
008000b7
008d00bb
009d0085
008f00a7
007f00eb
00b800b1
00c000a2
011200c7
009800c1
00bd00ba
00b000d2
00c6008f
00b500cd
00be0125
00a900c5
009000cd
00c3008b
00a100ca
00780087
009e00b2
00780075
008f008e
00b300d2
00c00097
00b800b0
00a00099
00b70073
00ab00a9
009300a1
009a00ca
00b700c6
008600ce
00d30098
00c80129
00a900c2
00890092
00b100c9
00a700b5
00aa009b
008900ab
0093008e
00e800e0
007c00a3
008000ea
00a50076
00830099
00b3009d
00990093
007600b6
009a00a5
007d0079
00b500a9
009f009a
008800b6
00fd009e
00e600c2
00a700d6
00b500b3
008f00c6
00d00093
00ae00cb
00e70098
00cb00a0
00a600a1
00ae00b2
00a600be
0093007c
00b90073
005b0096
007a008d
00c70070
009700a2
007d0091
00a200bd
008300b0
00aa00cf
008200a3
00ae00b6
00aa008f
00d80092
00ce0117
009300a9
00ce00e1
00ea00a7
00de00b7
00c900a6
00bf009a
00ea0085
00d700a6
00c300cf
007d0092
00920093
008b00ba
00b000af
00950085
00d90081
00a200b0
00a20092
0096008d
00b30091
00ce00d6
00970099
00c100d3
009e0096
00b500a6
009e00b9
00df00a7
009500a0
00ad0095
008400a5
009900d1
00d500a5
00a700b8
00f000c8
009d0071
009e0079
008c0086
008c009e
009f00ab
00740097
00c600d8
00a600aa
009a009f
00ee0072
00c700b0
00960093
00c700ad
00c600a6
009f00a7
00af0088
00c500a8
00a900c0
00ad00ee
00a700b0
00ad00c9
00ba00ba
00d90097
009500a7
009e007e
00a80077
00980097
008500df
009b00a0
009f00c1
00b900ab
007a00c2
00960078
00be0096
00a00098
00a90095
009b00b0
00a70097
00ae00ba
00b000d5
0095009e
00bf008d
007d00bf
008700b3
00b500e7
00a900a0
00880097
00ae0099
00760081
00b00075
009e0083
007f00a3
00a7008a
007b00ae
00b200a9
00ab00aa
00d30079
00a700b3
00bb00b9
007e008e
00a500ab
00ad00b0
00a300e3
009500aa
008d0099
00b500d1
007300a3
00b100b0
009200a1
00c60095
00ab00ad
00a9009f
00ad007e
009600da
00a600b3
00e900b6
00b500d2
009000ee
00720096
00d200b9
009700ab
00a30083
009800a7
00ae0093
009600a5
009600e0
008900ab
0085009e
00b200d5
00a30079
007a00a8
00ba0088
009700d7
00a2007f
00790086
008300af
007a0080
00b60089
009a00b5
0092007f
00b100a2
00b5008b
00960096
00d70096
008c0098
00a800b2
0108008a
00a800a5
00c000c8
00a0008f
00ae00ab
009e00af
00a0009d
009a00a1
00bd0095
00d800b0
00d200ad
009700ae
00f800e6
008500b7
0081006d
00730092
00a00087
00cb009f
00a900a0
0075008e
00aa0089
00930096
00fb0090
00cb00ba
00d50092
00d500b6
00a100d0
00a600de
00ab00be
00a700b1
00c800c7
00b800b7
00df009e
00bf00e2
00aa009b
00b10096
00ad0095
00df00e2
008e0085
008d00b1
00b20088
008d00b9
009800b1
0097008e
00790096
009900b8
00c30089
009e00ca
008c00e1
00b300c2
00a900c1
00ab00d0
00d800be
00b100f7
00ab00bf
009f00c8
008b0092
00a30098
00a700d0
00b300c7
00ab008d
00b300c5
00990095
009e009b
006c007e
00ba00a2
00950088
00bb0076
00b30075
00870088
00770090
00d000a8
00b600a0
00a700da
009e0096
00f500b9
00a700cb
008e00be
00b300c8
00ab00a2
009600c0
00d000a1
00ce008d
00b500a0
00a6007f
00820095
00b800ad
009f00c0
00aa006a
009a00ce
007f007a
00b20092
009100c0
008b007c
0089007e
009f0097
00b6009a
009d00ab
009d00a2
00970097
00b2008e
00e600c7
00b5008d
00c500aa
00ad0097
00b700ab
008a00c2
009e00a1
008700a1
00b7008a
00790063
008d009a
00890090
00750095
008e0085
00a3007f
0095008e
00a000bd
00930099
00980097
007300aa
00a200d2
00a70098
00d300d3
00a200ab
00a00098
00b700c3
009a00a7
00c10086
00cf00bf
008600a5
009a008c
009f009e
00b8009b
007a00a8
009200b1
00990088
008400b3
0077008f
00920098
00be00ad
00a80082
00b2008f
009b00d0
00a100ad
009e00a5
008a009e
00bb0082
00a000cb
00cd0099
00a800a7
00d200b3
009e0076
008600a5
007700da
00ae009a
00ad00ad
008700ca
0085006e
00b10081
00a2007e
0088008e
009e009a
008d00a7
00c2009a
0091009e
008400c3
00a30086
00b900a8
00a900a2
00d10093
00a800b5
00a600b1
0085008d
009100c7
00ce00a9
009800c3
00d000b9
00a8008f
00a700e3
014200af
00e5008f
00790077
0088008b
007900cf
00f000f0
009f00b1
00b000b2
00910091
00c9009a
00b3008c
009f009e
007f00b0
00a600b6
00b600ad
00c700cd
008700d2
009500a9
00b000a3
00a8009b
009a008e
00bb00a2
009500a8
00b00098
00a100b1
00ba00ae
008a008d
00c5009b
009200b1
009500a9
00ca00bb
009800cd
00b00081
00aa0089
00900085
00b3009d
008700b0
007e009b
00b500be
008c009e
008f008e
00b60098
008e00cb
009800b0
00b80082
00a000a5
009900bf
007c00ad
00c800a1
0087009f
008100c1
009d00ba
00960084
00a5008f
009900a6
00950097
00a100ab
008f00a6
009200a1
00f800ad
009a0096
009100de
00b30099
009900a1
00a3009e
007e0062
00a6009a
009f00bb
009e00db
00a1008d
00a2009b
0097008b
009200e0
00a700a2
006f007a
007c007b
00640099
00ab0096
007a00b2
00a10069
00930093
00a000a9
00a8009b
009700bb
00d500df
0093007f
00d50092
00ad00b0
00bd00b7
00a30092
00de0093
00a3009d
009300a3
00aa010b
00ba011f
00a500ee
00a8009e
009a0110
006a007f
00d00088
00ba009f
008a008f
008900ab
009b0096
008d0085
0087009d
00a700ab
00b7008f
009f007e
008000ab
00d1007d
007d0089
00b300b1
00ad00a8
00a0008d
00ab0108
00c900cd
009e00c5
00a500a3
00a900c2
00a2009b
009a00a8
00b00092
008d0096
00c600b5
00930099
00af00ce
00cb00c3
008600ab
00a500a2
00c30091
00ad0082
00a1009a
00830095
0099008a
008b007d
00a5007e
00a2008b
00af00e5
009500ad
00890087
008900b9
00ba00c1
0095009f
00e8009b
00a500b5
007f00aa
00a00077
0075008f
00a9009f
009f00b3
00c000d5
008100db
008f00a8
00c60098
00a60089
00ce00a1
010600bd
009d00a8
00a100c2
0096009f
00a200c1
00a800ad
009d00ba
00860098
00aa008b
00a300c3
00b200c5
00cf00e3
00b90091
0097008b
00820090
008100db
0091007a
009100aa
0089009e
00bf00a5
00a800b5
007600f5
00a1008b
009600a6
009f00aa
00af00c3
009e009f
00e70095
007d0096
00bb00e5
009b00b1
00c3009e
009500a6
00cb00a2
00b000dd
00c100c8
0079008a
0081008d
00bd007a
009900a1
00af0085
00b300a6
009a00b3
008200ad
00a6007e
00cf009f
00990090
00b6009a
010f00d8
00c8009d
00a500c0
00c200e6
00ad00de
00de00af
00a900f8
00be008c
00ba00ab
009200c0
00a000c2
00960095
00db00a3
007e006e
00af00a7
008b0075
00ad007a
007d0091
00910096
00bb00b8
009500cb
0074008f
00a600c2
009e00c2
00a900d5
007d00c9
009700a3
00c900e2
00ca00f3
00a2009e
00a800e0
008d00a1
00b900b9
008a00be
007b00cd
009300af
00a000a5
008800dd
007f0071
00a90089
008d009b
008f0081
00d30091
00c80093
00ad00b3
008f0095
0096009e
009b0077
00d200a2
00a000e0
009700b0
00c80099
00a200b9
009200df
00ce00b6
00950089
009900b7
00a900db
00a3009b
00bd00da
007b00c9
00920085
0078009b
007000af
00820082
005f0075
00b1009a
007d0073
007f0069
00b10097
0066006c
0063008e
00630095
006e0073
00870087
00830064
008f0075
009700a5
00870072
00990081
00800069
007d008b
00860091
008f006a
007d006e
00730093
00a90097
009e0087
00a2008e
00b100b2
009d00b0
007e0093
009900b9
00f700a0
00a200a1
0098009f
00ad00ad
008900cf
00d500b2
00bf00b0
00c900cb
009a0093
00de00a3
00f200b3
00c1008a
00df00ef
00dd0091
00a000bf
00b90099
008e007c
009e008b
009900af
00c6008f
009f00b1
008f0092
007c009f
00da00aa
00980095
00b00093
00a200a7
00f600ba
00fe00af
00b200a7
008300c2
00a9008b
008e008f
00870089
00bb0092
00c900b8
00a700aa
00a900bd
00d900a2
00b000a3
00e000aa
00cd00a0
0162009e
009a0084
008300a3
00af00c3
00a000d7
00a30093
00760076
00a2009b
009100a6
00c500db
009f0091
00ba00a3
009800ff
00db00c1
00c3009f
00aa00bd
00a1009e
009a00ca
009d00ce
00a50109
00a90087
008d0097
00d600aa
00a10092
009200a9
008d00cb
00c3009b
00df00ff
00a800d3
00df00d2
009b00db
007d00b2
008800a7
00b100b8
00950092
00ae00bb
00a300a8
009f00db
00b100c5
009e00e0
00af0088
00b600b7
0097009b
00a600be
00ef0098
00a600a8
005e007a
00c80076
00b10099
008400b8
009f0078
00ba00cf
009b009a
00b5008e
0090008e
00f30092
007a00b0
00a800d1
00ce00a2
00de00ae
008300d5
00d80097
00a800c8
00a90095
00a10086
00e900bf
008f0097
00af00a8
00ce00a9
00b000bf
009300c2
009a009d
00bd009b
006f0093
00850082
00650093
00b800b1
008100b1
00a600cd
00a70085
00730121
008700c5
00aa00b2
00a800b1
00ae00e7
008f00f3
00be009b
00ce0092
00850086
00d500e0
008500c5
0089008f
010b0098
00b00091
007b008f
00d10079
009d00b9
00b900a1
00c9009f
008e0081
00b9009d
009a008e
00a80091
00e30083
00a300a5
00b90092
009a0093
009b00c8
009f009a
00ce00ff
00b9008e
00c000b7
009700b2
00a30092
009a00b2
00a80099
00d700b9
00c600c2
00a20078
00bd0087
00740090
00b200c2
00bd00ae
00c2009d
00cf0095
009f0087
00a10098
00a70099
0098009a
009b0089
008b00b2
009d00a3
009300ae
00ae00d3
00d3006a
00c700ad
007900a3
00b7007f
00b700ba
00c200ce
00ed009e
009d00cf
006a007d
00c100a8
007600b3
00a10087
00bd009f
0092009b
00880087
008a0072
009100c7
00d900a3
009200bd
008100ad
0087007f
008f008a
00d500d1
00b50090
00a10099
00a900a9
00f2009a
00b800b5
00b5008e
009b0091
00ae00b1
00a600b6
007e0081
006b007a
007600c7
00df00b2
00950098
00a000e1
008400af
00a600aa
008a0077
0098008d
00d200a0
009d00b8
009e00d9
00a900a0
009b00a7
00930084
00c00096
00ba00b2
008c0086
007900bb
00be00d5
009900c3
00a50092
00a700b5
008a0095
009f00b7
00a700c8
00ba00b7
0087008a
00b000b0
008700a8
009300a2
00bf0097
009e008a
00a300d9
007b00d2
00a300d0
00bf0081
00850087
008c00c6
009700a9
00ae00b0
008500a2
008900a8
00b80097
008e009b
009d0096
00b700b7
00a70093
007100b1
00920084
00ab00e3
00a300b1
00a300a5
008700a0
00ce0091
00bd00a3
00a500a0
00b2008e
009100aa
009200a5
00a8010f
00ca00b8
00be00aa
009500c1
00aa008c
010800ae
009800ad
00c300ae
00d70091
009f00de
00a100da
00a70082
0083008a
00a300ba
0099008d
00b000dd
009100b6
008700b5
00c300a9
008e0091
00a300aa
00c200a8
00ab00b3
00aa0085
00b90099
009d009f
009300b2
009800c2
00920077
00e8009a
00b700b2
00a900aa
008900b7
00c900b0
007100aa
00ca00aa
00dd00a5
009f00ae
008a00a9
00a600af
008700bb
00c800a9
00ab0081
00f000c6
00b600e8
00ce009f
00880093
00b30087
008f0081
009d0092
0083009d
00920093
00ae00a1
009600c1
0097007e
006f00a8
008200dd
00cf0083
00ad00b3
008a00b7
00c600bf
00a000b9
00a5007b
009d00a5
00b300b9
00ca009e
007a006e
00b900b0
0098006f
00ca0075
00ae0083
00c900b8
00ca00c6
00a70090
00c0009e
00ad00b5
00fb00a8
00c0008b
00bf00bf
009e00a8
00b100aa
009700c6
00c200c8
00a8009e
007d0083
0071009b
0093007d
00d30093
009a0097
00c800bf
00b9008b
009200d0
00a5008e
00c3008f
00c80099
00a90098
00ba0097
00f8007a
00cd00af
00e300d1
00c200b2
00c50082
00d0009f
00a700d9
00d800cf
00af009d
00ab00a7
007d007a
008e008d
009a008f
00c100b8
00ad009f
0098009f
00ae009a
00cb00ae
007a00ad
00ab0099
009e00cd
00c800a6
009d00b6
00af00aa
00ab00d8
008a00d7
00a3008e
009e00f7
009500a6
00a20090
00c000a8
009300db
0087009b
00850093
008c00bb
00740072
009d00b1
00b50092
00b50079
008700b8
00bf00a5
00c80097
009000a7
00be00a1
00b700a7
008d009f
00bd00a8
007e0096
00b60095
00810097
00b200ad
00790106
0095008b
009800aa
00e500b3
00fa00a9
009800bd
00bb00e1
0087007e
007b0087
008f0062
00a900de
00970083
009600a2
008c0097
00ba0096
00910102
00a200b0
009a008d
00c300d8
009f00b6
00ad00c5
00b000ba
00a100c9
00a800a0
00ee00c2
008d00d1
00d100ae
00c600e2
007d00bb
00c000af
00d800a0
007900b7
0071009a
00a20081
00920075
00a2007c
00a70075
00920085
00ab0093
00ef0087
00bd00ae
00ab009a
00b300e7
00a7008f
00e100a6
009500c6
009a008a
00b600b7
00e800e2
009e00af
009b0115
00c800d8
00c300dd
00a300df
00ce00a9
007d008d
008c007d
00a700b1
007d0084
00b30091
008b0090
009a00b7
00ab0083
00bd00a0
00820099
00c300a8
00b10093
009e0099
00aa00d6
011000a7
00a600a6
00c000dd
00af009d
00a200cb
00b300b3
00dd00a8
00a100a1
00fa00c8
00b500b2
00bb0054
008c0082
00870097
008c00a1
00a10078
00a500b1
008b008b
009b00db
008e0132
00af00b2
00b20097
00c700b5
00b1009e
008700a1
007c008f
009800a0
00af00a3
009e00a7
00bb00b6
00a1009b
00d500d7
00a300c9
00a600c3
00ad008f
00740097
00a50081
007e0093
00d000a1
009f00ab
007200a8
008e00ab
008b00a0
009200d3
00ed0084
00a3009e
00aa00da
00be00ba
00ad00a8
00d700d0
00b600b1
00b900a8
00db00dd
008d00a3
00bf00c0
00cd00c5
00b000c3
009e0096
00c50074
00870087
00bb0098
008c00bd
00750092
00c1009f
008b007a
00bf00a2
00b500af
00ae009d
00a60097
00f00097
00c100b2
00c100c0
008d00af
00c6009a
00c00086
00b8009d
00d20091
00a100bb
00a700b3
009600c0
00a00092
009500b2
00af00a2
006a007d
00ab00bb
00860096
00a200ab
00ad00a3
009a00fe
00690098
00a5006a
009000a8
00af00be
00a900b2
009e0081
00c70085
00a1009f
008b00eb
00c700d5
00b80098
00b500b5
00d50098
00b0009e
00be0095
00d200c2
00a000ab
009f00f3
00c1008f
011f00e7
009700ed
00bb00a7
009200b0
00a700a7
00c700ae
00b000b6
008a0096
00a700c6
0097007a
00ae00c3
00bd00af
00b800c7
00a8008a
00b000a9
0089007b
0099007e
00d80090
0092007a
0092008b
00a20080
00910078
009e008f
007a008a
009a00a2
00b900ba
00b200b2
008e009e
009900d9
00c2009d
00a7008b
010e00c5
009b0095
00b900a1
008f00b5
00a300c8
00a700c8
00aa00ae
00eb00a9
009e0096
00c100a1
00a700b1
00bb00e2
00dd009b
00e7009b
009e00b6
00a60085
00960091
009e009e
0086008b
00f900a6
00af0099
00a00082
00a80081
009500bb
0089008f
010f008a
00d900a5
00aa00e0
00a90098
00a80098
0097009f
00b700c1
00e6009f
009a00de
00d3010e
009e0089
00e80097
00bb00c1
00a5007f
009700c3
007f008e
00ae008d
009f008c
00c7007d
009f00c1
008900a1
008e00b7
009700aa
00a500b7
00a900a6
00c1008d
00a50091
00b300d0
00670073
009d00d6
0098009b
00c900ad
00cd008f
00ba00b1
00da00da
00a500b8
008900bf
00c200db
00a000dd
00950065
007d0072
009d0084
009b0099
009b0099
00870077
00a200e2
00b10096
00a0008c
00ad00c1
00c200a5
00bd00b7
00a1008e
00aa00a3
00a200be
00c10098
009800a7
00a50090
00900081
00db00d0
00a000af
009200a3
009d00ca
00a000b1
007a00ab
00a3009b
007a00b0
009b00a7
009a009a
00da00c2
00c1007e
00910095
00ae0092
0095009e
008e009d
00ad0099
008400b1
009100c8
00b50077
00890077
009500a2
00a100bd
0091007d
00830092
007b00c0
007b00c1
00b30098
00ad00d3
00b200a2
007100a3
009a0092
00a5009e
00bb0075
00b500ad
009e0099
00bb00ed
00a500bf
00bb007b
008a007a
00be009f
00960075
008a0083
00bd00b1
007b007d
00930098
006b00aa
00ba007e
00e0008b
008c009b
007a00a3
008b00b8
009e00b2
0082008b
00b0007e
00ce00bd
00a90083
00880087
00bf0092
008700bd
00a70087
0089008a
009900b6
008d009d
009d00a5
00ab0098
009b00aa
009600a7
00a70091
007c00d9
00a000d9
009000c7
00bf00c1
00bd00b1
00bd00d1
00b8008e
00af008b
008200c2
009b00a2
007f009a
0084007b
00b700a6
00860082
00e2008e
00960079
009b0099
00a500a7
009600cf
008f00ab
00a900b8
00b8008c
00bf00c6
00c60099
00970091
00bf00a0
00d500b0
008400b6
00af00d7
009700ba
00d300ab
00cd00c6
00980085
00670071
00c900b5
009500ba
00b00092
00a600ba
009a0098
00d200b1
00a2008d
00d7007f
009600bb
00a500a9
00a000e6
0098009a
00b500b8
00ca00b2
00bd00c3
00c200b2
0095009e
009900c0
008300ae
00d1008d
00b20099
00a300c0
008e007d
00850089
00ab00c1
00970097
009a00a7
00ad00a1
00a000c8
00cb00a7
00a300a1
00c000a8
009500d1
009d0097
00a800b0
00a200d6
00b600aa
009b008f
00d200c0
00c6009f
00ae00da
00b30093
00a600c5
00c0009a
009600a3
00a200b7
00770099
00ab009f
008500c3
00c1007c
008e00ad
009600bf
009f00b6
00c3009e
009e00b2
008400d1
00a000ab
00ae008b
00990095
009100ce
00cd0085
00c80092
00e600d0
009000c5
008900b1
00a500a6
009a0093
00bd0097
00c9009a
00670091
0097008d
00a900c8
007c00b1
009900b3
009200a2
00bb009d
008b008b
00930096
0098008f
009000ba
007700c6
009a00d6
00960086
00890078
00a000b5
00c700a8
00d300d2
00cf00cb
00b000b9
00c300ae
00cb00ba
00970099
010000cd
00c700a7
00d10062
008b0089
008100c3
009300b2
00d100b3
00c600f3
00c700af
00a800ff
00ed00ab
008a00b7
00c80091
00bf0098
0083008e
00f100bf
00a300bb
00be00a9
00880099
00e800b6
00a800ab
00ca008f
00de00bb
00bf00d6
00be00fb
00850091
005b0072
0092008a
00c70092
009d008f
00c200d9
00be009a
00a60086
00a300e5
009500d3
009e0085
007d0085
00b300a6
00c300b0
009900cb
00a10093
0099008c
00a300bd
00850086
00ba0089
009200a0
00d8009e
00b900a6
00a900bf
00b800c0
008d00bd
00a300a9
00a700c6
009100a9
00b500a6
009800a8
00ab00b7
00c500c0
00b300b9
00ca0087
008900d6
008300b1
0089009a
008a00a0
00f500f3
009d00b3
00ae00a8
00ba00a1
009d00a1
009100ad
008600a7
00e600e8
00a600a3
00ee0109
0082007f
00ba008e
00b3009e
00a800ba
00af00aa
00e200b2
00b000a1
00ae00af
009d00b7
00b800a9
00650097
00980079
00930080
00ab0095
0093007b
00c9008d
00cf009d
00e500a0
00a00098
008a009b
00a000b6
009700eb
007500a9
009300f2
007a008e
0097009e
00910096
00b000c2
00ba009f
009a00aa
008a007f
00ab008f
008a007a
00a000a9
009100ab
009a0081
009000ad
00af008a
0099009e
00b000b2
00b9008f
00920096
007500c8
00a700ab
00860089
009800b0
007e00b9
00a000a2
00d200b6
00a600ba
00a90095
00a200d6
00a5008f
009f00a7
0099008a
008b0083
00af00ae
00af00b0
00a300b1
00ad00c7
0099009e
006d009e
00b9009f
00a5007b
00a6009a
00a30085
009d009f
00b300b7
00c5008e
00c2009b
00be0087
00b600a0
008d00ad
00990081
00c300ab
00f700cd
00ca00a1
00c80073
007f00bb
008d0092
00fb007d
007e0089
009700ae
00a10092
00a000a2
00b0008f
00a300a9
0099009d
00890095
009500a1
00da00a1
00b700ba
00b600df
009b0091
00b600a8
00b900c5
0068009e
0080007e
00920086
007b007e
009d00b2
008e00a1
009700e5
0092008f
008e008f
00b6007e
008b00c0
00b300b1
00a5008b
00950081
00b900a2
00c100b3
00b700a1
00b600c5
008e00b9
00b800c6
009b00d8
00b80093
009f009f
00b900c5
009a008a
008900a2
00780089
00a80097
009100a1
00b900a3
00ba00d3
00b500c3
00b200a9
00a6009b
00db00c2
00980085
00b100de
008c0090
00bf00e0
008900cf
008e00b3
00a600a6
00a00092
008900ae
00a9009b
008d0084
009600ab
009f00b3
007400a6
009f007a
008200cb
008d0095
00ab009b
007e00ca
00b000bd
00cb00b1
00b9009d
00d300a7
007f008c
00a90091
00b000a7
00d3009d
00af009d
00c500ab
00fb00b3
00f5007f
00c700ad
00b900c3
00a200a8
00bb00d6
00b900c9
00a500a1
009d0098
00e00060
0075009e
00fe00b7
00870096
0098007b
00720089
007700d9
00790087
006f007d
007b005c
006f0077
00a9008d
00ad0079
0098007a
0081006e
0075007b
00810085
009f00bf
0075009f
00a50097
00950077
0095006b
005f0058
0083008d
009500bd
009d008b
00f200c8
00a30093
00b200a2
00c300ae
009a00b8
008f00a0
00b60090
00a200bf
00a00093
00ed00eb
00a000a0
00d20082
00a200ef
009e00bd
007f00c5
00ab008e
00a800db
00c200de
00a300f3
00e7009a
00a500a5
00770062
008b00eb
009a0095
0077008b
00a20067
008d00ab
008000c2
00910071
007300b0
00a3007a
009300a2
009e00ce
00aa008b
00c60085
009500be
00ab010a
00d600a5
00cf00a5
009700da
00af008a
009800ce
007700bf
00b0012b
00e800ad
00ab0069
00890072
009a0099
00a90086
00a800b9
009e00a8
008e00ab
007f00a3
00b700af
009500ba
00dd007f
00c1008b
00bb0099
009f00b5
00a200a2
00ab00af
00e0008a
008900de
0097008d
00b300ab
00b100b2
006d008e
008e009d
00e8008d
009300dd
009f009a
00bf0093
007800c6
00b700a6
00b900c1
00920083
008d008d
009100b6
009a00a0
00910095
00870097
00760092
00aa0093
00820108
00a9006f
006900a2
008500a0
00b70088
0095009e
00a200a2
007b0099
008300a8
00a900ae
00860072
006c0065
00ab0095
00700086
00af00a9
00b9009d
007a00a5
007d0093
00ad00d1
00ba0106
008b00a7
00d2008b
00a6009e
00bd0087
00aa00a2
00a000b8
00c90091
00a100de
00b20082
00db009a
00a500d5
00a900c9
00bf00b9
00b8009a
007500ab
006a0086
008600a2
009a009b
007a008f
00710091
007600a0
00d6007f
0099007a
00b90097
00a800da
00ae00b5
009200b5
009300a1
009900d6
007500a9
009800a2
008400a7
009f00ab
00aa00cf
009f00b2
008f00ad
009e0097
00b600a9
00de00ef
009500b1
00a7009d
0083007f
00b900a2
00b000ab
00c8008c
00b00086
00b6008b
00d30079
00a10092
00b300b7
009300ad
01070099
0099009b
008900b1
009d009a
009b0093
00a00095
00a7009d
00a7008a
00bf00a8
009300b0
00b500a3
00df007f
00b800b6
00760098
009b007f
00ad00c1
009300bb
00a100d6
00a900be
00cd0081
00ef008d
009700a8
00bb00a8
00a800a2
00ca00ad
00b000a1
008f009a
00bf00d2
0095009b
00be00a7
009700a8
009a00ca
008900bb
00bb0092
008a00b5
00aa0068
008b00b7
007e006a
00ca00b0
00ab00a0
00a9007d
00ba008f
009a008c
00a300c9
00c300ba
00f100b1
00cb00e1
00b700b8
00b800b5
008700a7
00bd00d7
008d009b
00b800b6
00b00080
008d00d7
00ad00ce
00a000c7
00a700d2
009500de
00bf00a0
00bd0095
00c600cf
00c3009a
00b90092
009900a6
00830084
00c000f3
00a8007a
00a500a0
009b00a1
00f20096
00d900a3
00d80095
00c00099
00c300b0
0083009d
00ab00a0
0082008a
008100ce
008e0089
00830073
00c000b3
009500b8
00b200b0
009b008b
00b60085
00b600b0
00970092
00ba0085
00bd008d
00ae0098
00960088
00cf009d
00d600be
00a0007b
007f0162
009200ad
00830071
00b300a7
007700c6
0092007d
00bd009f
007700aa
008000aa
00730098
00b0006b
008500a0
00710098
008500bd
00870086
00b60083
0093008e
00a9007c
009f007d
00930095
00b000ce
00e200b9
008e00b9
00d30091
00c100a6
00b300a2
00a3009a
00c500b6
00cd00b0
00b000da
00e300af
00ad00d5
008b00a9
00a000bf
00a200db
008e008c
008f007a
008f00ad
006f009a
00980089
00e00070
009300af
0097009d
00ad00ba
00c800b3
00970084
00a00081
00ab00a2
009500a6
00c5008e
00a0008c
00b200c7
00890087
00aa00a6
00bb00a7
008800ae
009a00b3
00a500b1
00da0093
009800b8
008f00a9
00b300af
007b00b0
00d0009b
00c6008b
009b00b8
00bf00a9
008600bb
00b1009d
00be00bd
008e00a8
00c600a0
00db00d9
00b70097
009900b9
009000ae
009b0097
008200b0
009100a3
009700c3
00b300e3
00950093
00d0009f
008f00ce
007d0067
00aa0073
007d006f
008d0082
00bf00d9
00a500a3
009900b5
00ad00e0
0092008d
009900c5
009e00a8
00a20096
008e00b9
00a700b7
008700a3
00a500a3
00db0105
00b700a1
00d10085
00c700b9
00c300d9
00a100b2
00c2008f
007f00b1
008a008b
00b7007b
00830087
00990098
00990097
00d60093
00c600b6
00ae0079
0087009f
007b0086
009d009e
00ab00a7
00960095
00b000ef
00af00c5
00de00b8
00d800d5
00ba00c5
007a00db
00bf00a7
00b900ca
00ef0080
008700f7
00e200a3
0082008d
008d00f1
00ad0087
00a8008f
00760083
00be00ba
00ad009d
009b0098
008a009a
00aa007d
00be00b3
0087007f
009b0096
00a600ad
008b00c3
00c600c1
00c500a6
00810091
00b20086
007200a2
00b0008f
009300da
00b500c2
00a10092
008f0093
00a800a6
00c0008f
00a60089
00d8007e
00e700a7
0098009b
00930099
00b700c7
00e300a5
008d00a3
008e00a1
00ba00ad
00e200c5
008100e0
00b300a7
00b900c7
00a200a7
00bd00a2
00cb00de
00ad00a0
00ef0089
00b500e5
00aa008f
008e00d0
0084008b
0093008f
008300f5
008f00d9
008e00a2
00a80080
00a200cb
00ce00b7
00c200be
009300b8
009500ab
00ae0087
008e009b
00bb00ae
009d00c8
006900ad
00a2008b
00c900b9
008b0076
00a000a1
00b800c7
00b5009d
009200b6
0098006d
009800de
008f008c
009900b2
00aa0081
00a7009a
00aa00a3
009e00a9
0093009a
00b20091
00a200a5
00af00a5
00a100be
009900b9
00c500f0
00a800a3
00db00aa
00e60095
00a000d7
009a009b
00bd00a7
00b200a3
00aa00b6
00ae0096
007a006c
00830081
008900b2
009000ad
008200a6
00b90088
00c700bb
00b20082
00950089
008300a5
00b50092
00d60093
00a7008f
00f80110
00be00ad
00c500a5
00c90091
00aa00c5
00a30099
00a50095
00bd00cd
00b700bb
009f00da
007e00a0
00bd00f9
00e600be
018000b5
00ae00a2
00f300a8
0082006b
00e10082
00ef0076
00a0009a
008c00a2
00990087
00b50079
00c60093
00c60078
008700a6
009200b3
00a3006a
009200cd
00c90092
00e500b9
00b000be
00f3008a
00e200c5
00ae0073
0099009f
00a800cd
00810076
007400b8
006300a3
00b1009f
00a700e0
009700b5
00920075
00db0096
00a100d8
00c3008f
00aa00a5
0087009b
00cd00d0
00af00e8
00b900ce
00e300a7
009100d2
00a50098
00ae00f1
00b90097
00c30088
00e100e8
00ae0063
00a600b3
00b000b6
009900a7
009e0098
00b600a0
009e00a7
009600a1
00c600a3
00d900d5
009a008a
00bf00ae
009a007e
00aa0096
009800aa
009500af
008d00b2
009b00a3
00bf007e
009a00a0
00ae00b6
008600eb
009700b7
00b30096
00ae00da
0095007e
00ba0083
00950089
009f00b6
00aa0086
009800a8
007e00b5
00ce009a
009a00e5
007b0095
009b00ad
00a100b8
008d009b
00960093
00af00af
0077008d
00950098
00aa00c5
00990087
00ae00a2
00ad0098
00a000c2
008f00b8
006a00bb
00780099
009d00a7
008c00ab
008100a5
00b200a8
008500eb
008900ba
00b200b1
00a500c8
009a00c8
008e00a1
00c300a0
00e200c3
00f800a7
009100b3
00c7008e
00a600be
00d70107
00ca00ca
00a20099
00bb00af
00ae00af
008b008f
008e0092
009e0086
008c007a
009600b7
00b0008e
009b00a9
00a300a2
009b0083
00a50079
00b000af
00870098
00ea0096
00bf00a5
009b00c3
00f70087
008700ab
00a900c3
00930089
00c000b2
00d100b1
007f00d2
00d20093
00da00a8
00a300a5
00da006e
00c20084
00790096
00ab0098
00a20080
009300b5
009e00b2
00dd00af
00a700b1
008f00aa
00ad0081
00a700c3
009d007e
00a90090
009f00c7
009a0089
00ab00c8
00e500b1
00b2009b
00a200b7
011500fe
00cf00b8
009900ad
00ba0086
00ce0068
00980098
00a90071
009b0099
00ad0086
009a00a8
008b00b0
0098009d
00b500ab
00a000ca
009f0086
00c700d6
00d200ad
00c600a5
009e00bb
00c000b3
008b008a
009800b0
00b200c5
0098009e
00a300b7
00c200da
00d200b3
011000c2
007a0089
009d0087
00af0096
00a20091
00a30092
009000f9
00a50095
00ab00b8
00e100ae
00c700b2
00a700ab
008e00c2
00910088
0098007e
008e00e7
00be008f
00a800bd
00ad00b1
00c00099
00bb00f0
00a6009e
00be0092
009000bb
00cf0099
00860091
00870095
00b0008c
00a500a1
00b2008d
009e00a3
00800096
00ba00a5
00c200ca
00b8008f
00850097
00a90111
00ba00d5
00aa009d
00c10086
00b10096
00c700de
00c3008a
00950091
009100ab
00cb00a5
008700c6
00a80093
00e500ad
0081006e
009a007a
009f0077
009b00ad
0083008d
00dd00b3
00be00cd
00aa00c2
00a600e6
00b50093
00bd00bb
009a0086
00a200b1
00c300d1
00a000a6
00db0098
00b300c7
00ad00bb
00cf00a2
00d70095
00c000b9
008800c8
00c300be
008700b1
008e008e
009a0085
00a0009f
009b00b5
0072007f
00810090
009f0093
00980108
00f3009d
00950092
00e000d2
00b600a5
00d50083
00a800b3
00980099
00bb00b8
00a600d0
009d00a6
00b700c0
00c500b0
009e00f6
00a90107
008100b0
00aa00a2
006b007a
008b008b
00950083
0095009d
0092008f
00a50082
0079008f
00ab00b7
00d2009d
009d0086
009200a0
00c000a7
00e60096
00f50090
00ab0096
00be00d3
00b100a5
00a90098
009e00b0
00b100a0
00bf00c9
009100a9
008600d0
00e300a1
008a0096
00b900b6
00810079
00d9007c
00de0079
00a80098
009a00c9
009700ba
00c90073
009200ab
00a500a0
007900ad
00c70098
00b500a8
00a700df
00cf0098
00b900b7
00b100c6
00b800c3
00c300d1
00bf00d0
00a90092
00c800b3
008200b2
00b90096
008500e3
006e0083
008c009e
00730099
00c800d7
00d80096
00df00ba
00a100a3
00a00095
00b200ae
00a000c6
00a000d5
0093008d
008d00a8
009900a1
009200f0
00bb00a0
00a3007c
00d700a7
01070090
00cf00a9
00ad00a2
00aa008c
008a008c
00b6008f
00980098
00880099
00a000af
006d00b6
00da00c7
00b90082
00960081
00a30077
00a900f9
00a900e9
00d900b3
00d90089
00d70096
00b800b0
00d70098
00d500c1
00ca0086
00a000cf
008700e6
00a60085
00b300ca
00ab008f
0082009a
00ab0086
009e007b
00890098
009500c2
00ae00a6
00bf0097
00b60091
00a800b5
00bb00bb
00ba008e
00b300a3
00d900b5
00cd00b8
00c20097
00a200d0
00aa009a
00aa0072
00c000ab
00de00c7
00c000a1
00c9009d
008600b7
00cb00aa
009d006d
00a3009f
009d00a7
00a600e2
0095009b
00da00b9
00e700b5
00a200b2
00a00093
00a0007c
00ae00b5
00e00092
00f6008e
009900f6
00780093
008600ad
00e800d3
008b00c9
00a200c6
011500c8
009e00d7
00b50093
00b000b9
00a50149
0088008d
00bb0092
00730085
00b600a7
0092007c
009900d8
00ad009a
00a30086
009000bd
00a8008c
00da00a1
00990076
00bb00c5
00cb0095
00a90098
009100c7
010200b3
00e000aa
00be00a1
00a000b1
00cf009b
00da00e2
00a700bb
010000ba
007a00c6
008200a2
008300a3
009600a5
00a8007c
00a300ba
00a500c8
008100d0
008d00c0
00a700ae
007a00bd
00e600b2
00be009d
00a5008e
00cf00c5
0098009e
00a60097
00ee00a6
00b800e2
009900be
00a6009b
00b200fd
008f0097
00a8008d
007d0077
00cb008f
009100a2
008e00a0
00bb0082
008f0083
00a700b8
00e800ca
00b00085
00b50093
00b200a6
009a00a9
00ef00a9
00bb009f
00ba00c2
00c700bf
00e600ad
00f600d6
009e00a1
00b300b5
00b300ba
00af00a7
00a200aa
009500c0
00cb007e
009700ad
00af00af
0079007e
00b50096
00bd0080
00ae007b
00ce0089
008b0092
00c2007e
00e100ce
00a80097
00c8009a
00f70096
00ad0100
00a6009d
00d200ce
00d300a1
00b700ca
00b800df
009100b2
0095009b
00b600ae
008f0093
007d0065
007e00b3
00a000a5
00b600af
00c900ca
008100a7
008100a8
00a1008f
00c60092
00ce009b
00af00bb
009f009a
00a300cf
00ca00cb
00c000f2
00cb00a2
00d900e3
008500ca
00a700a5
008100b5
00b800c0
00dd00af
00b0007b
00df008c
00720071
00b3007a
00aa00a1
00b80087
00a700a3
00930092
00de00d2
009700ba
00a700cf
00b20096
00ad00b8
00cf010b
00e200b3
00a600c7
00ca00a1
009700a6
00b300a9
009500b0
007700a1
00a200a5
009f00a3
009300aa
00b700cb
008d00d2
00910089
0086009b
00ae00b7
008000a6
009d00a8
008b0081
00ad008a
00e500bf
00a500ad
00e300b1
009e00e6
00b200b0
008d0086
00bb00ae
00aa00b9
00a300d5
00de009b
00cb00f0
00a30092
00af00ab
00a300c8
009200ab
00b0009d
00ab00a5
007300b3
0079007b
0083007f
007100a6
00b300bf
00920075
008d0093
00c100a2
009b00bb
00be0084
008800cf
00c200c8
00aa00c6
00b80084
009e00ae
00cd00a5
00b800cf
009800b3
00af009f
00cd00cd
0088008f
00c800aa
008e0089
00d200b9
00890089
008a006d
008600bb
008200b0
00d60096
00b000ba
00ba00e5
00a600d6
008700ae
007f009b
00be008e
012700b3
009800a2
00bf009f
00920083
00b30098
0088008f
00ba008e
00bd0085
009d007e
008e00ad
00b800a7
009500ce
00d900f3
00a10076
009e00ae
009600a3
00890082
009300c5
00bf00bf
0093009f
009a00a8
00ad0086
009d009a
00ad0086
009d0092
00ab007b
008b00b7
009a00a3
009f009d
00b200cb
00ea00e2
00ad009b
008c0106
00a20095
00a2009f
00bd00c8
00aa00ae
007100be
009d0081
00a900ae
00d80097
00e800ad
00bb00db
008d0085
0099009a
00b100a2
00a30098
008d0091
00a00086
00a100da
00d700b9
00da0093
00a200b5
009500a7
00a2008f
00b100af
009f008a
009d00ab
00fd0083
00d100a7
00a900e5
00820098
00b3008e
009300bd
00950068
00920096
007c00af
009200a2
00b900b2
009a009d
008d0096
009e0095
008400a6
00a000b0
009000c7
00a500a6
00c80089
0092009f
008700e9
00830093
00d800bd
009b0090
008500a8
00870091
0092009a
009100c3
00e100a0
00a9008b
008300a6
009e0092
00890091
00a600b1
00a300aa
00b70086
007c00a9
009e009f
00b00089
007f00fd
008a0087
00cf00bd
009f0091
007900a2
00d0008d
008f00ad
00a8006c
00af00a3
00a800b0
009f00bf
009200b3
007a0099
00ae00b1
007500a7
009a009e
00890090
00c00092
00ee009e
00e300a8
00ad008a
009300aa
00ad00b3
00df00ce
00c700b1
008900a5
009700b0
0087009f
00b60098
00bd00a7
00c100af
00a700c7
00c800be
00be00be
00ca007e
00c100a1
00b6006b
009800d2
007500bf
007e0075
00a600c8
008500a6
00df00cf
00c30093
008d00a9
009f0077
00bd0092
009f00af
009700c9
00ef0092
009a00bd
00db00d1
00cb0098
00b50085
00950088
00a000d9
00ae00f1
00d300db
009d00b6
00a300d3
00750079
00a700db
008b00a9
00a100d5
00950099
00ad007d
00d2009b
009800b2
00860079
00750089
008900be
00800092
009f0097
00a6008c
008a008e
007f00a7
009600c0
008300a7
009a0082
00a000ba
007100ef
00b1009a
009300b9
008b00a7
00b60084
00d5009b
00b100f9
009b00ba
00a7008d
00890088
008900a6
00ab008f
00850076
00810091
007b0098
0098008f
00af00b1
00ae008f
007f009d
00a200a6
0083007b
007700a0
00b700bb
00a20085
006e008b
00ab0071
00810076
009f0076
007e00c0
00b0007e
00b900a3
00b700a3
007f00a3
00d80083
007e00a6
00ae0097
00980099
009f009d
00b8008f
00b800e2
00da00b1
00a7009b
00d700b7
00a500da
00a900ef
00e200d8
00990099
00aa009a
00ad0090
00a70097
00b900b2
009d00c7
008d00c2
00b7008f
00af008d
0083009e
0084008d
00820092
009d00cd
00a20098
00c2008b
00c1009d
009b0075
00cf00a9
009a0096
00ba00b2
00d200c2
00a60091
0097009b
008f00b9
00be008d
00b300b7
009200c7
00ae00b6
00be007c
00e800a2
008c0081
00c10099
00a600b0
00d20099
009b0096
00d100f3
008e00a5
00ae009b
008a00ae
00b900b3
00ad00a0
00b7009d
00b600a8
00910081
009a00b1
00ba00a5
00ce00e9
0092007f
007b00ca
00ce0101
00860113
007c00b5
00a0009d
00b60086
008d0085
007e0095
00870078
00900093
00a0009b
00b8007f
009f00b6
008e00aa
00ab0068
00b600b2
00e600b8
00a300b3
00d50097
00ba009b
00bb00c1
0092009b
008b00d7
008900b8
00b800a3
00ee00a0
00b900d9
00a60092
00b3009f
00be00af
00be0073
009e00c2
00b800be
007c00db
009a00d5
00920098
00df00c6
00a2009f
00c30091
009e00c5
00f200a6
00a5008a
00bf00a2
009e009d
00b3008d
00a10093
009200e8
008d0082
009d00ba
00aa008d
008700a7
0099008f
008500a8
00a9008d
006f006c
00950075
00900079
007c00ab
00a200c1
007200d2
00ae00a5
008a00b3
00c500b8
00ab00b0
009d00d1
0093009e
00b9008d
00840096
00a30093
0072008f
00af008f
009600a7
00bb00bf
00de00ae
00a700b6
00a3009b
009000c7
00a8008a
009b006b
009100b0
007200c1
00b700a2
007c007a
00bd00c1
00890096
008600a7
00cd007b
007b00b1
00c500b5
00a600a6
009d00a9
009a00b5
00870087
00b2008a
00cb00de
00e300b2
00df0085
00a700b6
009300d7
009e009e
00870073
00a800ce
00800083
009d00ae
009000b7
00a700e5
009e008d
00a60081
00ae009d
009600b5
00c5009b
00ba0098
00c000a9
00ad008f
0097008a
00e000c7
00c300a0
00c700aa
00a700ab
00b700b5
00cb00a7
007d00a3
00f700ba
00b10086
00ae0097
00d5006c
00930065
00920069
00b300be
008d0090
00bb00bf
00820088
0083007d
00850095
00dd0098
00a300ae
009700b9
00a7009f
00a600a5
009b008a
009500ae
009a009f
00b900b6
00a900ee
009500ae
008900c2
00c0009e
00be009f
00aa0085
00b600b7
00b8008f
0092009f
00ae00a3
00df008f
009b008e
009b00c1
00c700c0
011300a8
00a200a1
007e00be
008d0082
00c200ca
009800aa
00a800af
008f008c
00af0096
009600b0
00d300e2
009e00b1
00a100c9
00e500db
00d9009e
00a800b3
00c500e2
008b0095
008900a0
00a2006a
00a30099
00a700b3
00cf0090
008900c3
00a000b1
00af00a0
00a0007f
00a700a8
008b0099
00870096
007700ba
00c200df
00b100ae
00af008d
009800b7
007d00b3
00860099
00b80083
00a300c2
009800be
00a0007f
008600af
007f0075
008e00a7
008b00b1
009700ad
00b50097
008600a8
00a100a1
009f00b9
00b80093
00d200b2
00810099
00d6008d
00cf00a9
008500b3
00d70097
00d200c6
00920089
00e0008d
00a800be
008b00ca
00bb00d0
0098009e
00c900c9
006200a5
00aa00ae
008200c8
008a008e
006f00ce
009b007e
00a900bd
00720092
009a009d
00a70096
00b700bf
00be009d
00a70092
00af0096
00a500b2
00ba00a5
00b100a8
00b1009e
00ad009d
0096008c
00c500a6
00ad00b1
00be00af
00e600c7
0073006e
008c0076
00920081
009d00b0
0084008c
00a00095
00aa0083
00af00e3
00970087
00a000a0
00910096
00a600a8
00be00ba
00ad0079
00f5009f
009700de
00b300b3
008e00a8
00bf00a5
00a300b6
00c500e9
008d00b9
009b00c6
009100ab
00a00092
009b00a6
00b000b2
009700fd
00cf00b8
00a300ad
00b200bd
00c2009e
008400cd
00c000c2
00a600a3
00bd0082
00c90086
008300a0
009a00af
00cf00a9
00a0009b
00be008d
007f00a3
009b009a
00e500b1
00ba00a0
009e00a7
00a500ad
008800d2
00a9008b
00810082
00a30083
00880082
00ba00d2
009200a6
00820090
00dd0093
00c100af
00e00098
009800a3
00be00b1
009100bf
009700bd
00d600db
009b00a9
00c700b9
00c800d9
009e00d0
00a700ce
00a000a5
00980098
00e200df
00ad009a
00a00085
009500d0
00ae009f
00870090
00bb008e
00b60092
00d200b0
00bd0096
00ab00c7
00a3009b
009600aa
00ad00b5
00a0009d
008800e6
00ad00a2
00a9009b
00b7007f
00c00097
00c300a0
00eb00f2
00a200e9
00bb0113
009b00c7
006e0089
007e00a9
00a1006e
0093009f
00970092
008100a3
00c600a5
007a0097
00ba00b1
00cd00b6
00aa009e
00b300fd
009f00be
00d000ca
00b500cb
00ab00af
009e009b
008300c7
00c8009f
00c500f8
009800c2
009b00c0
009a009f
00b300b5
00af0099
007c008f
0093008f
009700b7
00950099
009600af
00a80073
00e000b0
00b900cd
00c000a9
0091010a
00b000c1
00bd00b8
00c800a6
00a100b3
00ca00d5
00a3008e
008d00b7
00a800b7
0091007e
00a00093
009300a5
009600aa
00d20099
00630081
00750097
00b90072
009b008f
00a200b6
00b20088
00cd0090
00920082
00ca00c7
00dd00a9
008f00a5
00aa00ae
00cf00e0
00830090
008900a7
00ce00d7
00e300a9
00d200a0
00a600c1
00a90080
009a00b8
00870097
009200c8
00eb00b6
00a90085
00bf00a7
00b200c3
00ba00bf
00c70091
00aa00b6
009b00d2
00ab00bf
00a3009d
00b500b6
00ae00a0
00dd009a
009e008d
00b200f8
00850084
00a700c2
00ae00af
007d00c6
00dd009d
00b700bd
009f009d
00a500b3
00c000a7
006100b0
00a800a1
009600aa
009700c8
008200dd
00a000d0
00ad00c5
008b00a9
00690092
008e00b3
009500db
00bd0091
008800bb
009e00b6
00b9009a
007f0087
00be00b2
00810095
008c0091
00b7007c
0091009d
00960080
00a600aa
00790097
00d100bb
008b0089
00ad006d
00e600c6
009f0096
00d000a5
007f0081
00990091
009b007a
00da0093
00a000ae
00a20092
00a800b8
0097008d
009100ab
008b00b1
00a600b7
008b0092
00860096
00a0007d
00bf00cf
00b7008e
00c500b7
00c00089
00b700a7
00a300a3
00ba009f
0091006f
008100be
00b50091
00b100a3
009700b1
009500c0
0096006a
00e100a5
00c200a8
00cb00aa
00a100a1
008c00b0
00ee00bd
00e900cd
009f0093
00b20090
00cf00bd
00c700ee
00ad00b0
00890098
00aa0093
009200ef
009d00a6
00b300a5
00ca0093
00b500b3
009b00cb
00ed00a3
00c800b5
0081009f
009a0089
00a60088
009d0098
009f00c0
0076008a
00bd00a1
00870087
00af008f
009200a7
007d0092
0099008f
00930075
00a7008f
00a10093
009600cf
00a200a7
00990062
008400a7
008500ab
009700b2
00a100e2
0099008f
00b200b1
00d000be
009100b7
00b300d9
00f100a3
00a60085
009e00d3
009200b3
009100ab
00a00097
00c300be
00d800a1
008d00b3
00830095
00a900e6
00c800b3
00ae00bd
00b600c7
007a007f
009500c5
00b900ab
00a10071
00b800be
00b900a2
009900ae
00b700b1
00a10093
008600b0
00b500aa
00990086
00d2008a
009f00ce
00bf00b3
00f300ba
009d0097
00d800bd
00cd00a0
009200c5
00cf00c6
00830081
00cb008b
00af00c7
00990068
007f008e
007d00a3
009300b3
00ae00ad
00c00092
00a100b2
0081008e
00ab0099
00c300a2
00840095
009100c8
00f000b5
009d0091
00ab00c1
00e900af
00be00a0
00c600bf
00e20083
009000a7
0099008f
00af00a2
00a000aa
009d00b0
009b00b2
00ba00ab
00af0088
009600ca
009900c5
00880096
00d80092
00a50097
007b0089
009600b3
0092009d
008d00c5
00af00b0
00a9008e
00b000f0
00ba008b
00b000c1
009b00a6
008f00a2
00cb00a2
00c50091
00e800b8
00b800ea
009600b3
00820077
00ae009a
00a300ab
0087007b
009800bd
00c800a8
00970099
00960097
00c300c2
00b200a8
00ca0092
00a300aa
00b10082
00a900ae
00cf0098
00be0129
00cb00a6
00a80099
00b10092
00a500bd
00af00d7
00bb00cf
00b900c1
00da00a8
008c0067
0097008a
009100b9
00a00096
00960082
00ba007f
00ba00a1
00a000c3
00a1009b
00a3007d
00a000a6
00a2009e
00bf00b7
009b0109
00b500c1
00a900b2
00f100c8
00a900c8
00d100af
008600a9
00a600b3
00b200ae
008f0091
00c200e9
0079007c
0092009e
009f00b2
0098009d
007d00b1
00920093
00be00b8
0093008d
00920075
008c00fa
00c800a8
007d0072
00920071
00aa00c0
00970088
009f009d
00a300a1
008e00c6
00cf00bb
008f0093
00730091
00860081
008e008a
009b0096
006e0078
007a0077
007d00a6
00c5007f
00c60096
007700a6
00d20083
00900069
00d300a5
00a100b0
00f50080
0096008e
009b00a0
00b1009f
00fb00b3
00ae00b6
007d00b3
00d1008d
00b20095
00b200a0
00a9008b
00b700a5
00cf00a6
00e70083
009f0078
0076008e
007a0086
00a100bb
00b3008e
009600a0
007b00be
006b00aa
009a00b6
00c5009e
00b50085
00a600a0
00bb00a5
00910085
00a80106
00af00d1
00ba00ae
00810097
00af00c8
00c600bb
00a200f9
009700be
00d200c3
00a600cb
008e0089
009700a1
00b700c0
00a1008f
009500a6
009300e9
00b500a8
00bf0081
00b00084
008d0092
00b000b6
00b500a2
009f00b6
00b20083
00f100d9
007900b2
00c200c2
008b00b5
00a90091
00b000c8
00ab008e
008900bf
010900de
00b200b2
009100db
009100df
00a600a9
00b800a7
007800d9
0098007a
009500b7
00ae008d
00a30083
00ad00a7
00a900b8
00c000a0
008500d1
00ad00c1
00bd00d0
00a800c3
009900c8
00920095
00cf00b5
00c800a0
00a900e9
00be0079
00ae00b7
009600a9
0073008b
008500a1
007a0082
008100ad
006800ad
009f00b3
00a600ab
008f00c1
0099007d
009d00aa
009a00c3
00b0009b
00b000a0
009f00b5
00b000c5
00da00ae
007300a5
00e000c3
00a600d7
008f00a2
00a300be
008600c9
00a300d0
00bf00bf
008800ae
0090008f
0077007a
009a0097
00be0086
00e10079
009300c1
00860095
009f00b0
009e00aa
009100e7
00b7009b
00a300b2
00d900ae
00a00099
00a700a5
00a700af
00920098
011300b9
009900bd
009a0095
00ad00a6
00f200c5
00ab0097
007b0081
00860083
00930081
00890098
007d0091
007700b7
00f900e8
00af00a6
008c00b3
007d008d
00a6008f
00c700b9
010700ea
00d600a3
00df00b1
00900098
00c60093
00c700d3
009a00a5
00ab00a1
00c20098
008b00be
00c00095
008d008a
008c00a1
00a30087
00b5009e
00ae00b5
00d000d5
00b5007a
0099008f
00bf00b1
007b00a9
00830093
00b70098
009200be
00ce009d
008300c6
007f00cb
009300b5
00c000d2
00910089
008d009a
00970103
00b700b5
00a000be
00ad00b8
00ed008e
007e0092
009f0092
009600b3
007d008f
00d8009a
00d000c6
00c50079
00d2009d
0087008b
00bf00ee
009500b7
00bf00af
009d00ab
00ce00b3
009b008f
00990093
00e20093
009700cb
00c700ab
00a20096
00b600af
00b100e3
00b500c7
00990101
0081007d
007d00ad
007500b2
00a80091
00b20099
007d00ca
008e00af
00e00087
00a90098
009f0099
0100008e
009100a9
00b100ad
00aa00f6
00ad00d0
00910089
00c2009e
00b90099
00b70093
009a009a
0092008d
00c000b9
0081009f
009b00ae
00c50091
008e009f
009700c0
009600b3
0077008e
009600c6
00b200a7
008800a1
009f0091
008a0097
00a200a7
00b000c5
00a200af
009d00cd
00b6009e
00a10109
00860096
00a700a2
00ab0096
009000b7
00a600bf
00a700ab
00ce00eb
00bd0093
00890070
0092008e
00a000c0
0072008b
00b80098
00b000a9
00a200d3
008d0092
00b000a3
00e200de
009e00ae
00c500b9
008100ad
008f0092
00a000b5
00b300b5
00e000a3
00980085
00bd0088
011e0083
00b200a5
00a100b3
008700b1
00b5008b
007d00af
00be009d
0099009d
008400c9
00c2008a
00b200b3
00be0081
00a5008e
00b900b9
008600cd
00cf00a8
007300a2
009d0086
008f008d
00a300d2
00d300b6
009a008a
009000a7
00830095
00bb0095
00ca00b6
00f5009b
008e009e
00890081
007700a5
0081009e
0077008f
00870085
00c700e1
00920082
007a00b6
008300cb
0084009e
008e0095
00ab007e
00b2009a
00ca00cd
00a10093
009a0091
00fb00f3
009b0092
00d800c0
009700ab
00a300b8
00990096
008900a6
00e70095
009f00b7
00b0006f
00a800a3
009b0095
00960073
009a0087
00b100a0
00b60092
006a007b
00b100a2
00c30099
009a0095
009300ad
00b700ab
00b200d8
009a008f
00b000ba
009200ab
00b800ba
00c900a8
00a300af
008d0096
00b7010f
008500b1
00c8008b
00890087
00a2007b
0082008e
00760084
008500ee
00960088
008600da
008d0089
00880099
009900b0
00de0089
00ad00a6
00a30095
00da0091
009d00ab
008a0103
009000a8
009600a0
00cd00b6
00ad0067
009900b1
00d300a3
009b00a6
00c800c8
009e00ab
009b00af
00a9008a
00bf0060
00d00095
00b000a3
009a00a6
00a50092
00ea00bf
009b0099
009600ba
00bb0082
00ca006f
00c80089
00d5008a
00990084
00930091
00990090
00a500a6
00da00cd
00a000b2
00a0009f
00c700ab
00cb00bd
00e1009d
00b1009b
00b00089
006a009d
00a200a3
009200b7
00b100ba
008a0092
009b0089
00d500be
008a00af
00c200b1
00b200a6
00b1009f
009800af
008e0097
00a000cd
007400b7
00a90097
00b7009f
009e0088
00a900d8
009700b5
00a000b0
00aa00ad
00990085
0069008e
00a300c5
00a800b8
006600a5
008a00a7
00970092
00a800bd
009d008f
010600bd
00c800bd
009700a9
00a900ba
009b00c3
00af009f
00a500a2
00d700d3
00c800b9
00a900ed
00a900af
008b00b0
00ae00a5
00b50093
009300a9
008600e5
00c80081
00bd00a1
0063009e
00b300b2
00bd0083
00c300a3
01070097
00e30111
00aa00c6
009800b8
00fd00c7
00b200bb
009600e1
00900091
00a600d8
00a500b7
00f600a7
00d600e6
00ca00d6
00ba00d0
009f00d3
00b700d6
00980098
00ae009e
00910096
00f00086
00a900cf
00b700a3
00a000e5
00900080
00c900ae
009f0092
00af009b
009500a8
00a20086
00c6009e
00af009b
00b10090
00950088
00d700b1
00af00a9
009d0083
00bb0097
009900d0
00c100b1
009a007b
00690086
00860091
00c3009a
00b8008d
00e900a1
00c900a9
009b00a5
00af009b
00b2008f
00c700be
009900c0
00ba00bb
00a700e0
00b600a2
00ae00b5
00a700b1
00b800ad
00a7011e
009500d2
00810096
00a000a3
00870096
0099009a
00e200e3
00a70073
00930086
00bb0096
00be0092
00a800db
0082009b
009a00a3
00ae00a1
00a10089
009800b3
007d00f5
009200ae
00aa00fd
00a100bd
00a100c0
00b70098
009f008a
00b10100
00950096
00e600a2
00b0009a
00ae00aa
00ab00a9
00a70099
00910096
008d009f
00a100a7
00a0008f
00910081
010700ab
00b000b7
009f00a8
009f00ee
009800aa
00c70095
00ea00ce
00ba00b0
00950098
008f00d1
00e60090
00aa008d
009600ba
00d500b7
00ca00b5
009200b0
009b009f
00ba00b3
00c100a0
00bb007b
0097008b
009a00a2
00c600a7
007c0098
0091008b
00ab00c9
00db0096
00a100af
008200a0
0075009d
00a8008d
00f600c2
00980096
009f00c7
00b700e5
009900b5
00be00d1
00e300a7
00a800d1
00ad00ad
0090008e
00be00bb
00d200b5
007a00dd
00b70096
008a00ab
00cb00a9
009a00a2
00b10092
00b500a6
00b8008a
00b6009a
00dd00e9
00c30097
009700ea
00a700aa
009f0095
009200d3
009b00c8
00b100d9
00b600a3
00a80082
00d500a3
00df0092
00a0009f
00af00ad
009f0098
008f0090
00ba00a9
00ae007d
008400e1
00c900c1
00b700b8
00ad009b
00c100a7
00970099
00b60090
0090008d
00a000e2
00af00b2
008900c9
009e0076
0081009a
00c7009f
008500d3
00ab00ae
00cd0089
00b000a8
009f00cd
00ef00b6
00c600d8
00ba00df
00c50086
00ae00a7
00a000f5
00b2009b
00a60097
00b900a7
009d006a
00a800a0
009e00a1
00e300b8
0077006f
012700ce
009f0087
00960089
00af0098
00850101
008600a6
009700ce
00a20089
00aa009a
0082007b
009d007d
009100a9
00d0008e
00eb008d
008200ab
00c500f7
00a000aa
00dd00ca
00a30081
009d00bf
00a7009d
00bb00a0
00b300e1
009e009b
009f00fa
00a70098
00bf0096
00a6008a
007b0086
00c900ad
00a70087
007d00a1
00e20087
00850099
008e0091
00a800ad
008a008f
00780085
009900ae
008a0096
008e00ae
009d008f
00b60099
007e007d
00b600bb
007e00be
00b60075
00a500aa
00c70084
00c20089
008500aa
00c100a2
00fa00a6
008e00ae
00be00a3
00a80116
00e700a9
00d000cd
00a100aa
00b6009b
008100ca
00ad008f
00a00080
00a300a9
009e0077
00a700c7
008e00c0
00a00096
00920087
00fa00cd
00a200c8
00a5009b
009f00be
00ca009a
00b700e9
00a80091
009300e3
00bf008b
009d00b6
00e300be
00a800c6
0092008f
00f2009b
008700a2
00820082
009200ab
00bd0096
00bf0093
00c300ba
00980099
009a00a3
00a100da
00a500da
00bd0085
008e00b9
0083009f
008b00b7
007700be
00ad00ae
007c00a6
00c80096
009600ca
00b000a7
009b0087
008c00c0
00bb00be
009600a3
00b900b3
00ad00d2
00a2009f
00980072
008b0068
00a800d6
0096008e
00a200e0
008f00a3
009300da
00ba00e2
00db00b5
00b700b7
0098009e
00850091
00b200c1
00cf008b
00af00a1
00890088
009a00ba
00e200a9
00b700a5
00d600a3
00b200d9
00f300e0
008d00a0
00ab0092
009300b8
008900c7
009b00e8
008200ce
00ad00d7
00c00087
00a100b3
008f00d6
00c500c2
00a2008c
00b900c0
00a600af
008300a9
009800ae
009b00b2
009700ad
00b900b1
008b00ae
008200aa
00ba00c2
00d2007c
009a009b
008600b3
00930088
00890083
00fd009e
00a500c2
00ce00ae
009b00d8
0073007e
0081009e
00b300b6
008e00b0
009a00af
00c600cf
00a700bd
007d00c9
00aa007d
00d500d6
008a00d3
00ba00bd
00a80087
0077009f
00a700a0
00a0009e
00aa009b
007600af
00ab00c1
008500bd
009800a8
008200c1
009700c9
00a3008d
007700a0
00c2008e
00e60080
00aa00b1
009e00b7
00a2009f
00a200cd
00b900a9
00bf00aa
008c0082
008f00d5
00d60100
00a000ad
00ab00e2
00b000a3
00a600cf
00ad00cd
00a80096
00bd0073
00a600ea
0080008e
00a200a8
008a00a9
008f00a0
00ba00b1
009900af
009b0095
008d00af
00c100a0
00b00092
00d600a0
009900c3
00aa00f7
00c300a2
008f009d
00d000aa
009800d5
00a800c3
00aa00a0
00d000c8
009d0088
009b006a
00960069
009700a3
008b00a3
009600b3
008f009d
00b200b6
00cb00d7
009b00b2
00a000ab
00f80091
0080008d
00bd008f
00e10092
00990099
0099008d
00d300d2
00da008c
009b00aa
00cf00d0
00b900af
00e5009f
00a9009a
00aa00ed
008e009a
00bb0089
00870092
008d0089
009600d0
00920093
00a200c1
007f00b6
009500ae
00c600a5
00a000a3
00920097
007f00c3
00c70093
009200d0
00800095
009d00b7
009b00aa
009d008f
00af0072
00ee009b
00a200c7
00dd0095
009000d0
008f00b3
00ae00a1
00a7008b
00ae009a
00990097
00b900d6
0097008a
009000a2
00a2008e
00bf00ae
00a500b2
009f00a5
00f200e1
009100b8
00d500d2
009900b6
00e800af
00b300a9
008f0089
00ea00a0
008e00b2
00d2008f
00ad00e3
00b0009a
00b200aa
00950092
00bb0095
009e00a2
009f00cd
00c100b2
00ce00c3
009900bf
00a3009a
00a900a8
008600b6
009200ca
00ca0080
009200a9
009800af
00a100bf
00b10106
008500a7
00820086
00a700bf
009700ff
00a100dd
00b1009e
00d500e1
0092008b
009900b0
009600a9
009e008c
00a900a9
00cd0091
009100b5
009e00cb
00930081
00990097
00b600b5
009f0111
00b2009e
00a7008c
00aa0083
00910090
008200d9
00b600c2
00ea007b
0086007f
009800ae
00990095
00b7009f
009700b2
007900b5
00830080
007e007e
008600a9
008e00b6
00b30085
00c50089
009300ad
009300b6
008f008f
00d800aa
008300c8
0099008b
00ba008e
009e0095
00a1008c
00c6009f
00b600a5
008b009e
00b500a7
009f0091
009d00a6
00990092
00c700cd
009600a7
008e00bd
009800a3
008e00bb
008f0099
0089008b
008e0099
00aa00b5
007900a7
0093009b
009f0081
008a00b0
0085009b
00850096
0089009a
00a20096
00930087
00920082
00a6007f
00ca00a5
00a800ce
00df007e
00a900a7
007800da
00b90099
009e0083
00b30099
008f00d1
007200ae
00950086
00c000c1
00bd008e
00ce0085
00a800cd
009900aa
00c300e8
00a300a2
008600b1
009800b9
00e800ab
008500ad
00a300b1
00c7009f
009f008f
00880095
00a6009d
0083009b
008c00b5
008b008b
00a200c2
00dd00a2
00b8009a
007d00be
008700a2
00b5009d
009700b0
00b000a3
008300c1
00b70069
0091007c
007b008e
009800b9
009600a3
00890085
008a0083
007e00a8
00ad008e
00d7008c
007f009d
007f005c
008a007b
009f00a8
00970090
00c600aa
00b90092
008e006f
008a00b6
00990093
00b1008c
00a800bb
00a700c6
00e100a2
00e900ba
00c200b5
00ce0095
00a1009b
009d00aa
00c9009f
008b009a
00cb00ab
00e700de
008a00e2
0083009d
00ab00e8
00b900a1
00b100af
00ab0096
00ae0091
00cb008b
00ab00a0
008a008f
00c100a0
00a9008d
00d500a5
00a2009e
00a700ab
009a00a0
00980076
00ae009b
00a5008b
00cd00ad
00b300ae
00b200ad
00b8009d
00930091
009600a0
00de00b1
00db008f
00bf00c2
00a900bd
007c0086
00850091
008e0096
00e3008d
00bf00a1
00bf008e
009100b2
00a900b2
00bb0091
00a9009a
00b300ca
00af00b7
00b80089
00ad009d
00bf0085
00bd00bb
008700b2
00a10097
007a00a3
009600a2
00aa0095
008b009a
00a90072
00a1009f
00b500a3
00b900b2
00cf00a1
00a600a9
008d00af
008100d3
009b0085
008f008d
00c000c0
009900b7
006100a1
00a50087
00c800ba
007f0085
009b0096
008500b7
00a500a8
009b009b
009b008c
00980085
008b00b3
00990083
00a200b8
009f00ad
00b10082
00a7008a
009200c2
0086007f
00860089
00c500ba
00ad00b1
00b30086
00b1009e
00c600aa
00a300b6
00a800af
00a70096
008200b3
00d700da
00ab00b0
00dd00a5
00af00a0
00b50090
00870083
00ca00e0
008f00c9
00cf00f1
011700f1
00920076
008e00b8
00f8008f
009a00ea
00a70091
00830097
006d00a0
009d0097
009900b6
009200d3
00af009f
008f0092
00a10095
009100a7
00a10096
008300de
008500a2
0087008c
00cf00a8
00ea00a6
009300a2
00a200be
008400a8
007f009a
00910097
008e00ad
00b00090
00cf0087
00c10091
00840092
009800b1
008a008a
00ab00a6
00be00c2
00b70086
00a600f1
008100a9
00a100b8
00eb00ad
009b007a
0081009a
00b000e9
00cf00c8
00c800a1
00870097
00ce0072
00aa008e
00c0009a
007c0085
00710089
00920084
00ab00df
00bd00cb
00860077
00b700af
00790093
008b00bf
009d008b
00c200f2
009f00a8
00e300a3
009a008c
00b0008a
009a00a5
009100e2
0082009b
00ad00aa
00cb00a8
009a00b9
006e00a1
00df0093
009e007d
009600ad
00a900c2
00aa00b5
00fd00d7
00a6008b
00b10096
00c9008b
009000a0
00a90097
00a000a6
0088009e
00c60092
010600be
009700b3
00a700e1
00bf00aa
008f00a5
00bf00ad
00f0008f
00ae00ad
00bb00c1
00c200b1
00b800a7
00b100cd
00ae009e
008d00c3
00a7008e
007d009f
00a900d9
00ae00a2
009e00af
008100b1
00ae00ab
009d0091
00a600bd
00a60092
00b8008a
00ad009b
00b1007b
00b000bf
00a7009d
00b1007d
00c000c0
00b00097
008d008d
00b200a7
009b0097
00a2009d
00790085
00a200b0
00ca00bf
00b800d3
00b000ab
008300c5
00fe009a
00b100a1
007400ae
008200ba
007f00e2
00ba00a7
00d300e1
00a100c8
0086009d
00ae0082
00db009b
00ad00ae
00aa00ad
0096007b
00bd00a6
008f00ae
009800a2
00ad008f
008b00ae
00a000f3
00cd0083
00d8009e
00aa0093
00ad00e9
00e800e1
00ad00d2
008e00d6
00db0096
008600c1
009800c5
00b600b6
00cd00a5
00c100bd
00aa0087
00af00a7
00aa0073
00bb00e0
00a600a7
008c0091
00b7009e
00cd00ce
00c600a7
00890089
008a0086
008f0091
00a000af
00c20093
00a900d8
00a200c1
00b1008c
0092009f
00b5009a
008a0099
00c10095
00a600e6
00cb008a
00c3009d
00b900ad
00d90095
00bd007f
009600b0
009600d9
00ab0087
00c100ab
00c600aa
00b900d8
00a8007d
0098006b
009f00a7
00a700c5
008700b6
00c7009a
0095008f
00a900d2
009f00b3
00b2009b
00b90078
00a90082
008c008f
009d008b
00aa00e7
008e0072
00be00c6
00a6009a
008d00be
00a700ad
008b00a6
009300db
00980091
00a900a3
0091007b
008e0098
00c30098
008d00b6
008900d8
00a00076
007d0096
00b200b6
007e009f
00ab009b
00b00096
008a008b
008a00c0
009b009b
00a700af
00a200b7
00fb00d7
00ba00a1
0089009e
00ce00d8
009300bd
00f600aa
009a008e
00ba00ba
00820082
007500a0
009800bb
008200a2
009100a0
00b50099
008300a3
00b100b7
00870083
00a00096
00a800c7
00ae00c8
00af00af
00b100c2
00d000c5
008200cf
00c100d7
00b900b2
00ae00b7
00e300d8
00a10097
008500ce
00c100ce
00ae00a8
00b1009d
00a0009b
00a000a5
009b00c0
009f0081
00950076
00c500a7
00c20077
00aa00ba
00aa00af
0088009b
007800ad
008e00b5
008e008d
00bd007f
009d00ad
00950089
009f0086
00ae00a6
009f008d
00ae009a
00b700aa
00b50080
00ca00a9
00ad0086
009f00aa
008c009a
008a00ae
009300c6
00c3009b
009700b3
008e008e
00d600a8
009200a9
00ba009b
00930099
00f000eb
00b300cb
008500c0
009e008b
009800ba
00d500a0
009e00af
007f0083
00ad00d6
00a800a7
009200b6
00a200b9
008e00a9
007f007d
009f0080
008a008a
00a30095
00a200b7
009500cf
00880098
00a20084
00a200a0
00a800b5
00b500b7
00b0006d
0095009e
00cb00f6
0091009e
00b900a7
00870099
00ae00a7
008c0095
009d00a2
00ca009e
00b300b3
007a00c2
00b5006e
0081007e
009d00a1
008500cf
00b00096
00c60099
00a300a0
00b100a0
00aa00a9
00a700a0
00a900ab
00da0105
00df00b0
007f00b0
008b00bd
00d3009d
00c30084
00b3009f
00c200f5
00a600ed
009d00af
00db009f
00bd00d9
009900d0
0079007c
00a10087
009f0084
00b7008c
009500b3
00ce00a7
00bb0093
007a0089
007e007b
007f0082
0099008e
009e00ce
00e3007c
00930097
00830082
008600ae
00870072
008a0095
007d0089
009200ab
00a1007b
00970082
006c0082
0090007d
00b90083
00a700a3
00a000a1
008a00a3
007600c2
00c50082
008300c6
00a100b1
009d00c6
00810099
00ce00b8
007a00cf
0092008d
00d700a3
00a500a1
00cd00b0
00b100b3
00bf0082
009a00b7
009e0098
00a300b2
00af00d0
009900a6
00a500bb
00770090
00ab008b
00b20072
00a200c0
0087008d
00a500a0
00a00093
00c900a2
00c90079
008000a2
008900bb
008700b0
008a00be
009b00d1
009d00d2
00d100b2
00e100a0
009f00f8
008d00a8
00bb009e
008c00c1
009700c8
008800c5
00a200a7
009b009b
007e0070
00be00a7
00ba00b8
009b009a
00b70092
009a008d
00aa00a5
009100e7
00d8009a
009b00a1
009300b8
009100a9
008500ba
00be00a1
00a000ab
007600a1
00a500a7
00a600b9
00f900ad
006f0096
009b00ba
00a100c9
009d00ba
007500a7
007b00bb
009100b9
009d00c0
00b200a7
00c1008b
009f00ae
00c00092
00d50070
00b500c9
007d0085
00a30083
009500b1
00a00080
00cb00a7
008500a5
00ad0088
009200ad
008d0098
007900ab
00a20091
00a1009b
008d00c2
00a80090
009a009a
0072008e
009800a7
00920093
009b008a
009700e8
009f008c
009700b9
009a008e
00a500c2
00a3007f
009d00e1
00ae00ab
00ca00d8
008900a0
007d00ad
00a3009f
008d00a2
00af00ce
00ae00b5
00b700b0
00b900b8
009a00c3
00ab00b2
00a1009d
00ab0099
00b900c1
009200af
00b0008b
00ad00a1
009100b0
00a900d2
00a30086
00a8009f
009d00be
008e00b3
00970079
009d00a7
00a00090
00b60092
00a300f1
00ab008d
00a600cd
008b00a0
00cf00b2
009e0097
009200c5
009100b0
00a000a7
009b00d7
00a000a0
00920083
00a1008e
008f00a1
00a8009f
00db009b
00a600d5
008c009f
00c600ba
00a30077
00a200a5
009100b9
0086009b
009200ab
007400f3
008100c0
00bb009b
007b009a
0095009a
009200ba
00b100c5
00970079
00740099
00a300c5
009d00a0
00b90096
007b00b7
009d0098
00720082
009600ad
008e0083
008f00ba
00bd00b2
0095009a
00c9008d
009300a6
00a700ba
00920097
00d5007d
007600b0
009b00b8
009500a9
008f0083
00c000d7
008e007f
009d0082
009a00a5
00d70085
008800a2
008d0088
009d00ce
009f00ea
00d80087
009700af
0092007e
009e00b3
009500b0
00aa0092
008c00ae
00c300cb
00a600b9
00aa00a7
00d300d9
00ba009a
00aa00a5
00ae00b5
00b3009b
00a3009d
00ce00a7
00af00a7
0069007b
00870091
0073007b
009300d5
00b2008e
0086007b
009a00bb
00fa0087
00bd0092
007900bb
011b0092
009e0092
008b0096
00b700a1
007500b9
00930095
009700a6
00860088
00750092
009e00b3
00990093
00d600f5
007a00c2
00ad0087
0087009e
00cb008c
00aa00aa
00b70099
00be00f0
00a900c8
009100ba
00a300b7
009600d1
00b000b3
00a7009a
008400b7
009500a9
008a00ae
00b8009e
00890090
00af00af
009f0093
00ea00b2
009d0092
009f00bb
00950090
009e008a
008600f2
00b800a2
007e007c
008000ca
00bb00a7
00d50084
0099009a
00a10081
00ae0082
00a8008f
009a00a9
00f90116
00bb009f
007900af
00b70092
008100cb
008300c8
00ad00be
009a00a8
00b60091
00af00cd
00bd00db
007f008e
00a100a8
007100a3
009100b1
00ab0097
00a600ab
008500b9
009a00b7
00d50096
008200a3
00be00a5
009f00a6
00c60097
008700e3
009e00b3
007100c1
00a9009d
00cd00a2
00b700c3
00a700c9
00c100c2
00ed009e
009300d7
00b100ae
008d00ad
00b500b0
00b50093
007400a1
00d000b3
009800a7
00c100e6
0081009f
00770095
00ab00b1
009800e5
008200cd
00a90089
00a10097
00af00b3
009a00b9
00b000db
008b00c5
00a100da
009a00ab
009f0087
00b30111
00a50095
009800d3
00d30089
00bf00b0
00b30091
009a00cd
0091008d
00bd0091
00c600d3
009300bd
00ab00b8
00a000ae
00f1008d
00af00a2
007500ae
008600b7
00c6009b
00a700c0
00ad00b6
00b50090
00ef00a9
00c800c3
00b50099
009d00b2
00f70091
009900ca
00a700ba
009900ca
00a900b9
00b000e7
00d60092
00c2007f
00c600b0
00cd00af
008f0087
00a100c0
00920081
00930085
0090007f
00a600af
00990099
009500a9
00ad00b7
00890085
00aa00b7
007000a1
00ab0095
00b60081
0095007e
00aa00b7
00ad009b
009700b2
007f00b9
008a0086
00b60080
00980087
00a50096
008300a6
00aa0082
00bf008e
00990089
009000af
00bf00bd
00b60098
00a300ce
00ba0082
00a600bd
00b7008f
00a000e7
00a70080
0083008b
00ad00bf
00d80097
00ad00a9
008d009d
00c300d7
00c900d1
007e008c
009a006f
007d007e
00af00e9
00b300a1
00c100a2
009a00b9
009600cd
00bd00c7
009a008d
00a8009e
008d0103
00cf0097
00cd00f1
00cd00d7
008600c2
009200b6
00aa0095
00ad008e
00b30098
008f009e
009f00bb
00ad00a2
010200b7
00bd0082
0068008a
008600a7
008700d9
00b30100
00b700a3
00a50090
008400a6
00d60073
009b00d9
00a700d9
00ab0089
009500a6
009d0095
00ce00a3
00b900c5
00b60111
00a000b3
009200c0
009d00a3
00c800c7
00ae0092
00ba00af
00d80091
009d0083
007f0096
00a1007c
00b0008a
007500ab
00880077
00d000b6
00bf00a9
00af0082
00b10100
008500be
009f0091
00a2009f
00b20091
009900ce
009500f6
00b0008b
00c100a3
0092008f
0091008f
009e00b1
00cf00a7
009500b2
00c000d7
0093009b
00b300b2
00df008c
00a50097
00bd00b3
008a00a2
006f00a6
00a10093
00a30098
00ab009e
0092008d
008200bb
00af00a5
00a60095
012b00e3
00be00b9
00ca0086
00c500e0
00a700b6
00ae00b1
00a700c9
00c0008f
00af00c6
008e008e
007a009b
008b00aa
0093009e
00c900cd
008d0095
009b00b6
00b100b2
00890096
008a00b3
0091009e
00e30090
00ae008b
008900b0
00a300e1
00b2007f
007d00b6
00a200a8
009700b2
00a30085
00a5009b
007900a2
009e0093
00a800a0
0095009e
008b00b3
007200c1
00b9009a
008b00a3
00bd00b6
00b5009e
009600b7
00a60096
0096008d
00b600aa
0095007e
008900d3
008b009d
00c500aa
00a90098
00b3008d
00b0009d
00ad00aa
00b60092
009d00cb
00a70089
00eb00bb
009300bb
00a800ba
007d008f
00c800aa
007c009d
00890093
00a600a2
00a200ad
00b0008e
00e2007e
00ba00ab
00e20095
00a80096
00bf00d0
00bb00e2
00de00c8
009d0098
00a100ce
00cb0092
00c200be
00a80085
00db00a2
00df0095
009500d3
00b50092
00c5009f
00920073
00e30090
00ef0092
00a90083
0082008b
00a700a1
00ad00b1
00d80096
00b1009f
00cd009d
00be00fa
00ae009b
00b5007e
00ab00a6
00a500a3
00bd00c2
00bd007c
00ae00b0
008f00e5
00b600cb
00d3009f
00b600a9
008c00a9
007f0093
007b00b3
009900a7
009300da
009700a3
00980080
00c300a2
008700d3
00e800c3
007b00ad
00bd009f
009800aa
00a300ae
00bb00a5
00a5009a
009a00ca
00aa00ef
00eb00aa
009b00b3
008f00a9
009100ad
00ba00b3
00a200bb
009300b0
00b2009a
00b9008e
008900b5
00b50088
009700a6
00ea00cd
009a00b6
00a300ca
009d0096
00a2008a
00a500b8
00af007d
00d0009b
00ad00bb
00a500bb
009500b5
00cf00b1
00eb00ab
007a00a3
00b500af
009900aa
008f00dd
009200b5
00e60097
00a700a0
01230096
009b00a7
007c0087
00bb00a5
009200a6
00a100de
00a0009e
00d8008f
00b700b6
0075007b
00a000a7
00ab007b
00e000b9
00910083
00b7009e
00c0010a
00d800b5
00a90085
009600a6
00cd0098
008700ae
00a700b0
0086008c
009f00bb
009300bb
00bb0082
00b100af
007a00e5
008100a9
00a300b1
00ae00ba
007b009a
00b100a8
00a30097
008f00a5
009b008d
007700af
00b80081
00a100b0
00ab00ad
00b600c9
00ad0099
00c30097
00920085
008200cb
00b1008a
00bf00c2
009e00e5
009300b0
009600b7
00d20095
009900aa
00a500c3
00ab00ae
00a2009e
00ce00bb
00b10092
008300c3
00ab0095
00af00b7
00a70069
00b000b1
00b300aa
00e10077
00ad00c8
00be00a8
008a00a6
00a10071
009f0081
00c6009a
00a800b7
00a30086
00ae008a
00a800d3
007f007c
007c0089
009700a3
009a009a
009f0092
00ce00ba
00a500ab
00b200aa
00b300a3
00840095
00a700be
00c50095
00a1008f
008a00ad
00f10099
0091009e
00980081
00eb009d
00aa00ea
00aa00ba
00b000cb
008f00cf
00770082
0091009e
00af008a
009e00aa
00b600a3
00930091
00980098
00760086
009000ad
009b00aa
00980096
00a300d6
00b800a0
00ad00c8
00ca00b5
00a7007d
00bd010d
00b70092
008d00b0
00880092
00a300a8
00af00f7
00c300a6
00d300b6
007a00a2
00ae008a
00e0009a
0092008b
008e00e0
00ae007f
00be00c3
00bd00b5
00bd00b7
008a00aa
0085009d
009e00b0
00b500d8
00b60090
007f00a3
008a0097
009500a1
00b800be
009500a2
00ca00b2
00a800b2
00d200a3
00a900aa
00d600ae
008600ab
008c0098
007b00be
00a20090
00b8009e
009900d6
009d0098
00860071
00d6007c
0097008a
00a100a9
00c800d0
00b000a2
009200a8
00a300b2
00930097
00b300d5
00ad00ae
008a00aa
009a007f
0093009e
010000d6
008e00a8
00da00d2
0082008b
00a8007d
009a008e
008e0085
00a9007d
007e00c2
008800b2
006e009d
0096009f
00b30085
00c600a8
008d00ab
00f300d1
00af009a
00a900b1
00c800a0
00a60093
00cd009b
00c200b5
009e00e2
00ad00da
00a50095
00a900bb
00ab00bd
008b00ad
00bf0092
00c000ae
008c00a9
00af008f
00900076
00bd00c9
00c00087
00c3009d
00bd0082
00ce00c8
008b0083
00a100aa
00ae0086
009e00b7
00c300aa
00a600b3
00a300c7
00970097
00c300f0
00a200a5
00af00e8
00cd00a6
00a0008c
00aa0081
009e00a6
00ae00d9
00bf00d3
008d00b8
009500b1
00ad0098
00ba0087
007700b0
00ee00cb
00a700b1
00af0097
00e700ae
008500aa
008c00b8
00aa0096
00a100e6
0077009e
00b0008f
00a20084
009b00a2
00c000a7
00be008a
00b100e0
009a008f
00930086
00b0008a
00c80087
00c000a6
00ba008f
00ba009a
00c800ae
00a900cd
00a10098
00a800b6
00f6008a
00910096
00990097
00b700d1
009f00ab
00b20096
0082009a
00b7008f
00c800a0
00c80098
009a00bb
00980088
007800bb
00760072
00930082
00920082
008e00b1
00a900b5
00aa008e
008900e7
008a0082
009500a0
00a500c5
008800b5
008d0097
009b0092
00c300a2
00b000a0
00af00b5
00c300d3
00b00098
00af00ab
009d00b8
0079009a
00a0008d
00a900c5
00b900c9
00b9009a
00af00a6
00ad00f6
00a800f8
009200ab
00aa0077
008c00a3
009b00a5
00ce009b
00a1008f
009300b6
0083007f
00c70095
00cf0093
00ca00c1
009100ce
00bb00a7
00c300af
00930096
00a00098
00a700ce
009500b6
00a800bf
00a70090
00a200a7
00a1009d
009e00a0
00dd0097
00a800cd
00b5008d
00c9006e
00b700a2
00a900cd
008000da
00af0089
00970077
00cb00b3
009a00c5
00b300a6
00bb0073
00be00a9
010e009d
00ae009a
009d00ba
00a600a6
00b3007d
00ea0078
008e00ba
00a10075
009d0088
0089009a
00a50091
009600d6
00a20095
00b300b8
0097007b
00a300bf
008600a5
009600c2
00c900a5
00c6009d
00c60100
00e800b5
00ef0093
00a100f8
00b600a7
00a00072
00b60099
00f000a0
00a6009b
00c2009e
008200e9
00ad008f
00db0089
00de007d
00ce0087
00b600b1
008c0084
00b600b8
00b200d0
009500d8
009f00cf
00bd009d
008a00b1
009800d1
00ae00a7
00980097
008a008a
00960076
008800dd
00d000aa
00820099
00a100b0
00af00c3
00eb00ca
00bb00af
00c100d7
00bb0076
008d00a9
00aa007d
00a000ad
007700ba
00750097
00b70099
00c8007e
00bd00ab
00f300a1
006600a0
00ae00a5
00c900a0
00a60127
00790097
00d200aa
00c100b1
008d008f
00a500a6
00d200b1
00830099
00cb00d7
009d00a8
00ba0075
00730089
0091008d
009e0097
008f0096
0087008b
009f00c1
00a900aa
009a00a6
009800d6
00920093
009900b9
00de0097
00b50105
00ba00bf
00bb00a7
00b20098
00bd007d
00c900b1
00f900c7
00ab0078
009e0099
00b000d9
00c600a3
009800ae
009900b5
00a80112
00b5009a
008e00c9
00e500a8
009e008e
00b800ff
00b10093
00b00096
00c7007b
009f00aa
009d009b
00960090
00ad0092
00980087
00af0086
00b000d1
00b100a9
00b00097
00a20082
00a000c3
00a200b1
00a900e6
00950084
008500b3
008f00c1
00b300a7
00e200a9
00c900b5
009900b1
009900b7
00a50088
00c50093
009e00a6
009f0082
00da008d
009e008b
00ad00d7
009900f7
008d00a5
009000cf
00b2009d
007f0085
01160089
009a0071
00af0097
00a500b7
00a00080
00950085
00c60075
00b200d0
00b700ba
00c60093
00b900a3
008b00a8
00ab0097
00a1009d
00c700b3
00ca0087
00920088
00ef009d
00890081
00ad009e
009b00af
009b007f
00960087
00af0087
007900a9
0092008e
00930096
00bd0092
00a8006f
009e00bf
00d00080
00920082
009f009a
00a60099
00a80095
00a200ad
00830092
00c100ad
00ae00aa
00a700e6
00b500da
00b000aa
01080098
00a900a0
00d700b6
00af00c2
00ae00e5
00a000de
00b0008f
008e009f
00cf00a0
00d000a8
009e00af
00af009d
007c0090
00c100a7
007800b7
00a10089
00a800ce
00a500a5
007700b8
00a900e1
009600c7
00b000e8
00af00aa
00ad0081
00e7008c
00ee00b6
008e00a3
00b5008a
00af008b
00b1009f
007900e5
00af0075
009f0092
00e7007f
00a2008b
009300aa
009e008f
007d0096
00bb00b9
00a600a6
00de00af
0098008c
00ae00ae
00a2008b
00a300c0
008f00e8
00a9007d
00b600a9
00ca00b2
00c70087
00af00b3
00d50099
00980090
00e300f0
00da0096
008900b7
009600a6
009b00a9
0079008c
007e0084
00bb00a2
00a1009d
009b0086
008d00c5
00cd00c7
009000ad
00b900a0
00cd007e
00b000eb
00b700ab
00a100b5
00b50092
009600ca
009200a3
00af00b2
00ed00c8
00a2009d
00b600cb
00b600b7
00cb00b1
00a000a6
00a3009a
00a9007b
008f0075
00970078
00df00bd
00c10087
00830096
0098009a
00990090
008b00a9
008700b2
009d0098
009000da
00b7009b
009a0097
009a0086
00bd00aa
008e00a0
00ba0082
00d900a2
00a30092
009a00ca
00ad00af
00bb009d
010600ae
0097009a
00f500ae
008e0097
00bb009f
008200a1
00a800aa
00b300a9
009000da
00a6008b
00a00091
00920086
00960096
00b50091
00c6008c
00c000a6
009e00a9
00aa00b5
00a800a9
008d00ae
008e00a5
009b008e
009d00b2
00bb0081
00e900ef
00760098
008500a0
00990092
008d0085
00bb007e
0085009a
009700b0
00b1008e
00c500ba
00bd00af
00b600db
009f00ab
009a00bb
00a7007f
00c8009b
00b100b7
00af009f
008a0099
00d200c6
00a70096
008a00c2
008000a5
008a009b
00c500c6
008b0093
00a70092
008f00b3
00ad008f
00900098
009e00d6
009200a9
00a100a8
00b300b0
008d009a
00a8008d
009b00a8
00a100b1
00a600c9
009d00d0
009500ab
009f00dd
009f0097
00a10091
009600ba
00a60084
009800b9
009500c7
009300a0
00880091
00ab00a9
00930073
00ae009e
00d300a9
00a1009e
00bf00d6
00a800bd
00c900a1
008c0093
008700af
00cd0115
00aa00ae
009000a2
00c5008a
0092009e
00bd009d
00ad00a6
007e00a6
008e00c9
00a500b0
00ae0092
009800ba
00ba00b7
009a0087
00b600a5
0095007f
00a6008b
00a200a5
009800fd
00930092
00ae00d5
00b0009a
00a30090
00ca00ce
009a009e
009000bf
00ee00d6
00cf0096
00a8009a
008d00aa
009500be
00a600b1
00c500ad
00c500a2
00b700ae
00ae008a
00b200d8
00a20083
008f009e
009a00ad
00c30092
008e00a0
009e0099
008e00b0
008e00c6
00ab00ae
00a30084
00a9009b
00b700a2
00db00ae
00ae00b9
010300cd
00a30090
00a800e8
008f00b2
00ee00cb
00a800b0
00b300b0
00b500d2
008e00b1
007f00b8
00860098
00950075
00900092
00a80088
008b008a
00ad007a
00a200a9
00a5008b
009d0099
009e008d
00b300c2
00c6008c
00b300a6
008000bd
00a600c5
008d009f
00c500b9
0096008b
00c30098
008d00b5
00ce00b2
00b200af
008500ba
00b200a9
009e00a0
00af00a1
00a800ce
00a7008f
0091009b
00ab00b0
00a8009b
00a50087
00a000ad
008d00b0
008b0087
008f00e7
00ab00ad
0093008a
009500ae
009e00b8
008d00aa
00bb008d
0095009b
008c0093
009f00af
00ab00b2
00b6009b
00a50090
00b10089
00c20096
00b80109
007e0093
00880087
00a800b3
008100a0
009200ee
00aa008e
00aa008b
0095009a
0118009d
00c000c7
00be008f
009500d6
00ab00ae
009d00a1
008900c1
009f00c2
0099009e
00b00084
00aa00a9
00b700a2
007d0093
008d009b
009900d1
00c80097
00b80096
0092008b
0086007c
00b800a1
00d3008a
00df0087
00a200af
00790090
00a700b1
00ba00cf
00c300ad
009a00f0
0096008f
00ba00a0
009d008e
00b9009e
00c1009d
009500a3
00b5008e
00a000c1
00f000c8
00aa006f
00a90089
00af0092
008a0082
00a800b1
00a80096
007e00cf
00aa00b2
00c100ad
00b500b2
0091009f
00bd00b0
00d600d1
00f800c6
008900bf
00c60097
00d100af
00a500ae
009800c8
009d00bf
00c700df
00d2008d
00d300b8
009500bf
00860079
008d00a5
00a600b2
0095009d
008e0092
00a700ab
00a200e3
00b70081
00a20099
00df00b6
0099009a
00a700b6
0105007e
00bf0074
010300ce
008f0093
00a00084
0090009a
00b000ae
00a800fe
00c6008e
00b80095
0091009a
00ee00b0
00a5007b
00b500e2
0099009f
0091008f
0096009e
0084008d
00b500b0
008300c6
00ba0083
00a700b1
007500bb
00b50075
007e0096
009200eb
00c000b7
009900b7
00e100b1
00800089
00b0009a
009900ba
00a60095
00c200b1
00c90087
00b200c2
00a20098
00810095
00c3009a
00a100d8
00b3009a
00b500c9
008400ea
009900aa
008200a2
00a50093
00ba0092
008100a0
00bb00a6
00a50092
009800ba
00a2009a
009700c7
00b900a8
00a800c1
009b00a1
00a8008d
008300a1
00a900b5
009300b9
00990093
00a100c1
00be0108
00a700c3
00b20098
009100df
0083009b
00ad00d0
00c30098
008a009b
00960093
009500a2
00a70086
009d0090
008f00b7
00ab009f
009d007f
006f00e1
0092009b
00b100ad
008e00be
00cd0080
009900cb
009100a9
00970086
00aa009d
00b10089
00a300bf
008500a9
00e000ba
00ce00be
00a00091
00c800a2
00ad008b
00860099
0095009e
008f0097
00ab00c0
00d000a3
00c10099
00ad00cb
00a800a6
00c100b6
010600e1
009f0091
00ad008c
00ae00b6
00cb00af
007e0086
00a30089
00a900c5
00a000d2
00950083
00e500da
009a00b8
009b009b
00a500b6
009f00b7
008100b7
009a00b1
00a0009b
00bf0085
00e600be
00af00a8
00c90093
00c500ba
008b008a
00e70077
00d000aa
008b0096
00ba0099
009100a7
00aa0098
008b008f
00ab009b
00c100a6
00b80095
008200c3
007f009d
00aa0098
00ca00d1
00870098
00a600aa
00b20093
00f00082
00a800ad
00bb00af
00dd00d7
00b600a8
007d00fe
007f00b9
00a100ee
00950093
00ab00bf
00ab007f
00b200b2
00a800b3
00f0008b
00ae00d8
0081009f
00a200b7
008700c5
00de00ba
00a200b9
009600da
009200a6
00ba0088
00e500b1
00c8009f
00b20091
00a100a9
00cb00ed
00d800f9
008f00b8
00ba00b1
007b00ca
00910081
009d009f
0081009d
00e80092
00d5008a
00c700af
006900b8
00850096
00ca00a9
009a00cd
008700a0
00c100c7
00c600a1
007c0098
00ba00ce
00a70086
00b3009b
008f0099
008700aa
008f00b5
00ca00c1
00a9008b
008f00d3
00de00b1
00da00d3
00d300c9
009d00d6
008e00b1
007a00d6
00950092
006e00db
00b500b5
00b500a1
009700ad
00a90089
00bb0097
009900a6
00af0095
00c300c0
00b800a1
00c00095
00bd00a5
00b700e6
00f500b0
00b500af
00ab0098
00d90122
00ae0095
009b00a8
00ce00e5
00b000ce
00ea00bd
006d007d
00cb0082
00850093
008d00b7
009a009a
0092008f
008900a7
00af00d6
00ab00b6
00bd009d
00b30091
0098009a
00b700c6
00c300b8
007b008a
00b000b5
009b00bf
00a200c6
00ab00b7
00bb00e2
00a50095
00d500ce
00bd00b5
00b200d2
00790098
00920092
00a1009b
00b50076
00ae009f
00a300aa
008b008e
009a0088
009b00c5
00b80100
00ad009b
009b009f
00b800a5
00ad00b5
00dd0082
009a008f
00a500e2
00c200a3
00b600ca
00a00086
00920098
009e00bb
009f0086
00ad009f
009d0085
00bd00dd
00b300b2
00f600d1
009500a8
00ad00b3
009700b7
00a00095
00c7009d
00af00c1
007200a3
00a700f7
00a600a9
008300a0
00ae009d
00760085
008e008f
009a0095
009a0089
00b500ab
0089008e
00a600a9
00a70093
00b600b0
0092008f
007900a7
009a0091
00a1008d
00ad00b8
00af008c
00b3008f
00980090
008d00ce
00900107
009f00e6
008d00da
00b500c1
009f00a5
007d007e
008000cd
00840092
00950085
009800a2
008700ae
00b700b0
00a500ae
009e00a7
009100b0
00810075
00ab00b7
00aa0082
00c600b5
00b300a5
009900ab
00b10096
00a800c1
00ab0082
00c5009d
00c200aa
00a8008d
00f00085
009a00ae
00b000ba
00c600a6
009300f9
008d00b9
00930088
009800ba
00a300b6
00b20086
00ae00cd
009600be
0087007e
00b300a1
00cd00b2
008a00a9
008d00f5
00be00aa
010900aa
00ad009e
00990080
009b00a7
00a200f0
009d00c5
009b008b
00b9009f
00c8009b
00b9008e
00e700c5
008f009f
00b2009a
009800b0
00b900a3
00f7009d
008700c0
00c80093
00950084
00b70097
009200aa
009a00bb
00a900b5
009200be
008b0096
00aa0087
00a3007b
00750086
00c700bd
009d008b
00c7009b
00df00b5
00f50095
00a100c8
009d00d7
00b000a6
009a00ce
00a700cd
00b300a9
00d3008b
008f0096
00960097
008e008a
00c200c5
00de00d7
00a50081
00d10087
009e00b7
00d900b7
008b00d2
00ba0089
00af0095
00c2009a
009100a8
00bf00a1
00950095
008800a8
007300a5
00980095
00aa00b0
0097008e
008a0089
00ba00cf
00990089
009b009f
00eb00b8
008e0077
008400c5
00ad0099
0093009d
00990092
00a30100
00a0007f
00ab00c7
00770098
0091009a
00af008b
00a700b9
00b60086
00c90087
00b2009e
00be00a8
00d700ce
008900c8
00ae00a2
00ad00f3
009200a1
007200b6
007b00b1
00a30095
007f00a7
0097007b
008d00d2
008d008d
009600ad
00c000cf
00a30096
00b70090
0095009f
0095009a
00c100a8
008d00c7
00a100d6
00a200b0
009200b0
00e8009e
00b600da
008e0098
007e008e
00cd009b
00a300b2
00aa008f
008d009e
00af00a8
008b0082
0092009e
0097008f
00aa00ba
00a90098
00af00b6
00b300ba
00cb0093
00c80087
008100f6
00a00072
008c007b
009200b2
00a100a3
00b80093
00a700e1
00a700a0
008600ff
006f009d
00a700d8
00980099
00a000a0
00aa00b0
00e100b3
009b00b0
00840092
007300a0
00ae007b
00a800a9
00af00a8
00a900a8
00ad00b8
00b600fe
00af0087
00b8009b
00a1009e
008600c0
00a600b2
009000cf
00f800eb
00ba0083
00a000d7
007600bf
00b700c3
00c8008e
00b900c3
00d300d5
00b500a7
00860096
00cb00a7
00b000aa
00dd00d0
00a70092
00930086
008f00a9
00a200a7
00b700fa
00a30127
00b2009b
009700b3
008f00a5
008100ad
00c600a9
009f00b0
008b00ca
00b300b7
00a500ae
009700a9
00a800e0
00c600da
009800b8
00cd00c9
008e0089
0091009a
00c20082
00c7008b
00aa0096
00c300ab
007700a2
00a50085
00da008d
00b00090
009f008f
009900d8
00aa00ab
00980088
007d0097
00b000b3
00a300a0
00be00b0
00a200ae
00e900df
009b00de
00b200b5
009e00a3
00a000bb
00ff00c2
008f0095
00a700aa
00b300a7
009000ab
008d0078
00890098
00c9008d
00a90082
00730093
00ca007b
00a700b7
00a2009e
009500ab
009900e7
00960092
00ce009d
0086008e
00860096
009e008a
00bf008d
00880078
008200a8
00a90093
00c000a0
00a60090
00a2009b
00a700b9
00950087
008b00be
00c300a2
00a8008f
007e009f
00a00091
006d00a8
00970089
00a500bb
00d500c2
008400c1
00c500b1
00f500c0
009f008d
00cb009f
00aa00bd
0098009d
00c5008b
008d00bb
00db008d
00970087
0097008c
007b006b
008a00ba
00a000a0
00bb0081
008f0080
008c008e
00b600ae
00b500b8
008b00a9
00a000b2
00a200b8
00aa00ee
00c600a6
00d100ab
00be00b7
00bd00c3
00ea0089
008d00d2
009900a8
00aa00b8
00a90076
00a100cd
007f006a
00850070
00c200f6
0085008d
00a600b3
00a50082
008600af
00c900c6
009b00a3
00af00b3
00a100b1
00910091
00c000a3
00a300c2
009d008d
008b0092
009e00c7
0090009a
00a90093
009500e1
00c20092
008500c3
010b00a5
00b200ad
0075006b
009900e2
009200b1
00b00077
008100be
009b00be
00a50093
00e10086
00bd00b2
00970085
00d900a3
00e10093
0122009a
00960127
009800ba
00ca009b
00e700ea
008d00bb
00d000b2
00d20092
00be0083
009000a0
009b009b
00c00096
009f0076
0099008d
009700bf
009f009a
00a300e1
00a300ad
008d00aa
008300a6
00a9008c
00ab0099
00c900af
00c300c3
009200b2
00a700a7
00b100a3
009600c9
008900a2
00a0009d
00a70087
0099008f
00b900c8
0091008e
00b90081
0082009d
00e800b1
008800a6
00e500c8
00b500d8
00df0091
00b700c3
00aa0085
00c100e7
009900a0
008200a9
009300a7
00c900de
009a00b0
009b00c0
008d00d2
00a100b8
009100c8
008f0079
00cf009b
008200aa
009300c0
00800083
00aa006c
008a008f
00770095
00a600a7
009a009a
00a0008e
00c10097
00a8008c
00cb00aa
0098009d
007800b7
00ab0088
009f0099
007900cd
009900d3
009100a2
008b009b
00ab00d1
00a60092
00a200c1
009600c7
009600b5
00c800b1
0097007c
007c0095
0099009d
0077008a
00980092
00b20077
0088007e
008f008a
009f00c6
0099009f
00c600c2
00b500b2
009600b2
00a500b9
00ab00ab
009200a1
00a10102
00a8009d
00c90091
00ad00c3
00cb0077
00a200af
00ba009b
008f00b9
00ab009a
0093008f
00b200a3
00b60076
009800b9
00b50092
009900b7
00840080
009300ba
00d300c3
009800c7
009500af
00b00095
00d700a0
00a500a8
009900a3
00800084
00a600c0
008e00a6
008a0096
00b800ad
00ad00e1
00b600d7
0092010f
00ba0081
008e00e1
008900c1
00ba0098
00860090
008000b7
009600a7
00a10083
00a200b8
00bf007d
00b200b8
00cd008f
00930090
00b70101
00980095
00c100d5
00c500df
00b300cf
009b00c8
00c900a9
00d500a1
009700e9
00a0009b
00c30091
007e00c0
00a300ce
0085008b
008a0069
009e00a3
00830082
00c100d2
008d00ae
00b600ba
00a7009f
00b500c6
009500ca
00b700b3
00b300a6
00ee00ca
00c500a1
00a900bb
008500bb
00a800d0
00e700cf
00e90100
00a50082
00bb00b8
00b200a8
00b000b8
009000a5
009800d2
00820098
006b00ca
008000a2
008e00bf
00af0090
00af00a1
007b00b8
00890092
008f007a
00d10095
00c100ad
009f00c1
00960096
00c000a6
00b700bb
00ef00b2
00d100b2
00b700b2
009d00a1
00cd0098
00bd00d2
00aa00a2
009000ab
009000b7
0076008b
008100a6
0096007b
00b100af
008f00ab
007d008d
009800b1
00c000c7
009200c9
009900b3
00c10077
00ae00be
00bd00a7
009100d8
00ad00b0
00bd00aa
00ca0088
00c700c6
009f00eb
008800a0
00c2009b
00a200a2
00ca0079
009600a0
00a20084
009500db
00b200f8
00a600c2
00bb00a5
007900cf
00a300a5
00a7009a
00990093
00b200b9
00b500d9
00ae0096
009900b8
008b00c1
008f007a
00c9009f
00af0099
00ad00a7
009d00c2
00ab009d
009e0097
009900db
007200b5
007900a2
007700b2
008d00b5
00a100d7
008b0089
006f00c0
00dd00e5
008e009e
008d00be
00a100d5
00be00a6
007e0081
00aa00b7
00b3009b
0090008a
00c700b9
00a000d2
00bb00ae
00b000d0
008300d3
008200d9
00990086
00c1009d
011f00b5
00950096
00a1008e
008e0086
00af0087
00b20099
008100a1
00a00085
00a30098
009200a3
00a70092
00ad00e1
009d00b9
009300a1
007800a0
00de00aa
009600c6
00b200e9
00c700c8
00a100c2
00b100ca
008b00b5
00ba0095
00b300ae
00ab00b6
00a9009f
008b0082
00c50087
00d000d2
00b700a5
007d00b2
0096009d
00930087
00bd007f
007f00a9
0097009a
009b008e
00cd00bd
00b30097
00d7009f
00a60085
00d200a3
00a000af
00920087
00be00ae
00a700be
00ce00a2
00d600db
00d500a3
00e200d5
00b800b3
00d000d2
00b200a9
0080008e
0089009e
009100a8
009d008e
009d00ea
00ad00a8
00ca0095
007c00d0
00bd009d
008b00a9
00b20077
00b80093
00bb006d
00a700b5
007e00a9
009100cd
008f008b
00aa0098
009f008e
00b80098
009e007b
0097007a
00e7007b
008e00a0
00a6007d
008300a1
00ad009b
00a000a5
009500b5
00bd007b
00b80091
009300ba
00dd00a8
00a80089
008f00bf
009d00cd
0098007b
009100ca
00a600eb
00a200d7
00b100b3
00ab00c0
00990081
009700a0
010a00a7
00b0008a
00a700b1
00ba00a8
00a500b9
00a2008f
009e00be
009a00aa
00ba00a8
00b800f1
00e300a0
00bd009f
00ad00b3
00cd00d6
0087008a
00c800d6
0095009f
00bf009d
009800a9
009500a7
009200ed
00b300c9
009e00a0
00a900c7
00b30098
00ab0073
00b9009d
00c10093
00dd0085
009900cd
0091007b
007d00b1
00cd009a
00a000d0
00a3008f
00ae0096
009100ea
00900081
00b800cf
00ae006d
0093009a
009b00a1
009600c0
00a500cb
00bb0071
00b000ae
00cb0091
009d00e7
00950091
00900097
00a700ae
00b200b9
009200b1
007d00a3
009900bb
00a200b0
0096008d
00ad00c2
006e00a2
008800ba
00b70093
00b9008b
00b700bf
00c800c1
00ce00a5
00db00b9
009b007f
00e300dd
00910076
00a500bf
009a008b
007f00c3
009e00b6
006e008f
00b00093
00af00b1
00d800bf
009900bb
007e008e
00cd00ad
00ae00e0
00a90097
008200a3
00a600a3
00e70098
00a900a0
00ad00d6
008c0085
00a10077
00980095
009900a9
00800085
00a800d1
00b10098
008b00aa
00ca007f
0097008b
008100a5
009e00b0
007d00b0
009600b1
0083009b
009900c7
00a90093
00b30099
00af008d
00b20086
0089009d
0096009f
00950086
00a200c5
009e009d
00a7008c
00c200aa
009a00b5
00cb00be
00a90092
00a100c9
00ba00a7
00b80089
008500ca
00a00073
00a50082
008e0083
0093008a
00730096
008f0089
008800b7
00da008b
00bf00d0
00a30093
00990095
00c100a3
009b0076
0083009f
009f00ab
00a6008d
00a300c1
00d900ab
00e300a2
00a000a2
00c200ce
008b0092
00b000ba
00960097
00aa009e
0090008b
008f00c5
009200b3
008f00a9
008e00ae
00a200a9
00cb00bd
00820081
00cb00c2
00eb00b6
00a500a8
00990083
00ae00a1
00b100a8
00b800aa
00b000a1
00aa00c8
00a200a1
009200ab
00d100b7
009e0089
00a800a3
00950085
009200bf
009200b3
00e10095
007600e3
00ba00ff
008a00d1
009d008b
008800a0
00a70099
008900bd
00df00c2
00b10113
00a300b9
00b500c8
00b6008e
00bb00b8
008d0089
008c00bd
00b300ae
0096007c
006d008a
00a500c5
007500b0
009d00a8
007700aa
0099008b
007c00a1
00b200c2
00a00089
009100a8
008e009e
00a9009f
00bf0084
009a008f
00b900df
009b00a1
008000aa
00920081
00a9006a
008000d3
00c7009d
00a700d1
00af00e5
00910097
00bd007f
00c60097
008a008a
00a60083
007c0090
008500a9
00a7008e
009d00b5
00c200b8
008100a8
0092009f
007f0082
00990085
00bd00d8
00df0083
00b10071
00990093
00ae009d
0073006d
00b3007d
009d00b7
009100bd
00b70095
009b00b0
009500ad
009200a9
00b700e8
00c60080
008b008b
008100a7
00960086
00a6009e
00a600b9
009900c6
00a600b2
009a0096
00b900b3
009300df
00ab009f
009500a1
008e007a
00a100b7
00aa00ae
00a7007e
008d00b5
008000a9
00e5009a
00ba00ce
008e00c5
00b900c3
00b00096
00d000ad
00ae006e
009d00ee
00a800af
00ba00a9
009200b8
00b800c8
00db00aa
00a000c5
00a700b7
008d009a
00920077
009a009e
009800c6
007a00f0
0089008e
00a5007e
00ba009e
009500b5
009f0099
00b300a2
00bb00f0
00a900cd
009200b7
01420096
00820079
008c008e
00890092
00a300bd
00a00085
00ba0081
00b50063
008500aa
009800c1
00b10092
00b500af
00cb009d
009e00a9
00e200aa
00c30099
009200ad
00c700a9
00a700b2
00ad00c0
00b700cb
00c500bf
00b600d6
00bf008f
00b800ab
007a00ae
00c90097
00d500b6
00ae0096
008a00b5
008200d1
0098009a
00c900c1
00d300e7
0089008e
009b0075
00a70092
009200d8
009b0076
00c80097
008d0096
00a0008a
0088008b
009b00e7
00c00089
00a600c0
00dd009a
00a70093
00a100b5
009600a2
007f0091
008100a0
009600eb
00b5009d
009900be
00e10096
008300b0
00bb009a
007900b6
00a000f9
00d900a5
009b007b
00af0098
011700a0
00ad009e
00c8009d
0090007f
00a900c0
009700a5
00a000bd
009d00af
009500dd
00b000a3
00780082
0082008f
00a800b0
00bb00d6
00cf0078
00ba00c6
00e0008e
00a100ee
00be00ee
009200b0
0082009e
007c009e
00890093
00aa00e0
00c0009d
00b8007b
0092009f
008600df
008200b0
00ae0082
00be0085
009f009f
008f00a1
00ef00a6
007b0083
00c0008f
00e100b3
008500a1
00b80081
0089008e
00ab007e
009e00aa
00a600dd
0085007b
008d0099
008e00ab
008d0076
00890093
00a7008e
007e0087
00a2008b
007c0079
00a60099
009000c6
009f0091
0093007a
00b30096
007b007b
0080008d
009f00c6
009200eb
00a2009a
00b1008c
009a009f
008b00b2
00aa00aa
008900b1
0095007d
00a100ba
009d00a3
00e200df
00b600f0
009000c1
00b000a1
008300a9
009700b6
00b500b1
00bf00a3
00f900e1
00920089
008b00b2
00a100b9
00ae007f
00c90087
0095009d
009d008f
008a00a2
00be008f
009800ae
0093009a
009100a5
0083008b
00990099
0084009e
009900a0
00b300b9
00ad009b
009b00ae
00c100cb
00a600e6
0091009f
00a800e1
00a000d0
00be009a
008a009d
009100bf
007e00b1
00a20099
00a3007a
00fe008d
00b2007e
00980099
00c00078
0092009a
00ad00a3
00970096
009f00a7
00b10091
0099008e
00810097
00b100b0
008c009b
00cb009d
008600a0
00ab00b5
00b30123
007b0097
00980087
00d500bb
00a90087
008d0092
00d300e9
00ad00a9
0091009f
00d500b5
00d8008f
00a500ba
007d0095
00be00d1
00be00a0
009b0082
00ad00a5
00a000b0
0098008b
009600a2
009b0092
00a300a9
00c000af
007600ab
00a2009a
00b100ff
00a10093
009600a3
00c500b1
00ab009b
00b800b7
00c10093
00b0009a
00af007f
00d100a8
00b500d1
00b00092
00920092
007d0096
009900a7
00a800c8
009e00b9
00b3007a
00b30079
00b500aa
0097007e
00b9007c
00a7007d
008e0091
00b9007f
00960080
00790089
00be00a6
00bb00c0
009a00ad
0085009a
00a500e1
00d700c5
00a600ae
00a500e6
00ad00a8
0097009a
00a70089
008500a5
00a9009e
00a200a8
00a100d1
009f00ce
008a008f
008f00a8
00a6009e
007f00a0
009a00b7
00a5008a
00ad0099
00b900a2
00ad00b9
009d00c9
00a1007e
00af00b9
00a100bb
00920099
00910095
00b50081
008f00af
00990079
007e00d6
008f009f
00a700be
00be00e3
0087009d
00b700a3
00d200a6
009b00ab
00d200be
009100a8
00ae00ba
009d00ad
00ae0098
00bd008d
00c30091
007d006e
009b007e
008b00bb
00b300b3
009f00c9
00c300cf
009d00a1
00b20086
00a700a9
007b00c0
0092008c
00ed00ad
00b000aa
00cb007f
00c30089
00b7007a
0098007b
00bd008e
00be009d
00870079
00910076
009d0097
009200a5
00ab00c9
00c200a0
00a800b2
007c00b8
00b800b0
00c90097
009100c2
00c2008e
00a20097
008d009b
00c00070
00990086
009f00c6
008b0092
00a700b0
0097008b
00a80082
00ae0082
00c600e2
009b008a
00950088
009a00ab
00bd00b6
009a00a2
00a100e3
008900a7
009900a3
00b500a2
007d0095
009200b6
00a800a5
008500ae
00950091
009200b7
009600ab
0081007f
00c70087
008800a3
008100c7
009600c9
00aa00aa
008600a7
00c200b5
009600bb
00870097
00b000af
008e00b8
00a80100
00b300c7
009500ba
009100a3
00ba0087
00d6009a
00800091
00c700a8
00d500be
008f00b2
00ba00aa
007f008f
00920077
00e100d9
00b20083
009600bd
00bb00b7
008400c6
00b000d5
00fd00a2
009a00a3
009700a9
009e009d
009d007e
00b500a6
009b009d
00af0096
009600a1
00a100c1
009d00b2
008b0096
00bf00b3
00a000c6
00c600ab
00a50087
009300b8
00c500ae
007600c9
00cb00cd
00ae00b9
00ad00c0
008500b9
0097009b
00b100b7
007f00b3
009600b1
00c100b0
009b00da
00b200a7
00af00d0
007f00a5
00a600c5
00ab00a0
00a100c3
0097007b
00ee00a5
00d200c0
00b300a3
00a800ae
00aa00a5
00a200c3
007f00bf
00a70093
00d800a1
008b00cb
009500a0
007600a2
00a10098
00c20091
00d500c8
00a00080
009f00a2
00a5007a
008e00ca
009700af
009100b5
00dd00c3
00bb010b
00aa0120
00a100a8
00ad00d5
00b000a0
00aa00a3
00970111
00b900c2
009d0082
009d00a1
007700a0
00a300c0
00b600c9
00d200a2
008200cb
00b1008a
009b008f
009b00cd
00b600a5
00c900a0
00840069
008900b3
00c0009f
009100b2
00b5008d
0097008a
009200a2
00b60083
00be00c1
00840097
00f000cb
007a00a0
00ae00a5
00b80086
00aa0087
00c7009e
00c300d3
00a300c0
008e0070
009a00ae
009900bb
008d008d
00ca0095
007b009e
00a500a6
00890083
0096009f
00a500a5
00a200a5
00790071
00a700b5
00af00d1
00e500ba
00ae00a5
0097008d
00d30073
00cb0098
00bd00bb
00b000b3
009d0093
009d00a2
00a500a8
00b800b7
00ad00b1
00b600bb
00c20082
008a00bf
00960081
008f00a1
0091008a
008700c8
009700c2
00870080
009200a1
008e00c1
0081007d
007c0096
00bf007f
009800cb
00a70084
008200d9
009500a9
00b800a5
0092009b
009b00a8
009f00d7
008e0075
00dd00ba
008900ae
00870096
009b00ae
007900b8
00b20075
008d00aa
008e0080
00a5008f
008000ad
00b30099
009700a7
00a200a9
00b300c6
008900a9
007d0095
00a000af
00c5009d
00aa007f
00ce00a0
00b10095
00a0009d
008d0095
009200b3
00a800a9
00a700a0
00b500d7
009200c9
009900b9
010500b2
00ab009b
00e00091
009f00bd
009800a2
00ab00be
008b00a1
007900ba
00b000b6
009700ae
008e00a5
00a100a7
00a100bd
00980072
0082009b
00a3009b
009300ad
00a50086
00a30092
008a0078
007d0099
009a0088
008e0083
00e900bb
00d900a0
00b200a5
00ab00d9
009500a1
008a00a2
00ba00c6
00aa00bd
009300ab
00af007d
009600da
008000a6
00b50099
009a008f
00890092
00ab0091
0093008a
009200a5
008a00ad
009700a0
009b0090
008b0086
00bd0098
00d700b3
00be008e
00b60078
007f0093
00f50084
00810097
00a00093
009900bb
00b7008c
00b300ab
0093008e
008d0081
00a2009d
00b60092
00cd00aa
0086008e
00ab00a2
00b30097
009600b8
00980095
00ba00a1
00c900d9
008b009a
00a700a9
0097009b
00c30092
009b0088
008b0097
00890083
00c800b9
009e0097
007a00b0
009f00c8
00ae007d
00be0089
0098009e
008100a6
009a0099
008f008a
00b100cb
00740101
009e00aa
00c7009e
00850085
009100c2
009b00a5
00a7007e
009b007a
00a50095
00b60089
00b1009f
00920090
00c200a6
00b3009d
008e0086
00d800a2
00970095
00ab0088
00c700c0
00ad009b
00ae00a5
009d008d
00a50081
00770086
00770092
009f00ce
00ba0095
009a00a3
00ab0079
00830075
009000a8
00950092
0092008f
009f0081
00890092
00a50073
00b600a8
00a600d5
009500a8
00a900b2
00a200a9
00ad00d7
00ae00ae
00bb00e0
008f00c2
00c00087
007c0092
008a0086
008100cb
0086009d
00c30092
009f00c8
00ea008b
009d008d
00b300ba
00cd007f
00cf00b2
00a0009e
00a600a8
00ca00b6
009e00ba
008a0079
00b900ae
00bd007a
00b900a0
009300b6
00a7008d
00af00b8
00a500b1
007e00b2
008b00bf
00de00b7
007c00c8
010200a2
008e00a2
009600b0
00ca00c9
00c50083
009000bd
00de0081
00b800a5
008d009b
00a10083
00ab00a7
00b2007f
00ab0088
00a8009d
00bb008b
00ab00b6
00a90097
00a300cf
00da00b5
00e80089
00a000a6
00e000b9
00a800bd
00b2008e
00a0009b
007a0087
010d00b9
00e200c5
009b009d
00a500aa
00a700a5
008800b9
00a300a2
008e00cb
009b0089
00b500ab
00a700b0
007900b2
00a200a6
00be007f
0087009d
009e00c6
00b2008a
008200a1
008600a5
00b200a6
00d100ab
00a000a9
0096007b
00b20075
009e00a8
00a00084
009f007b
00a80080
008700c0
00d800b3
00aa0086
00c300a6
00c2008b
009300cd
00b700c2
00920089
00ae007c
00ae00b8
009a00ab
00aa0093
00c00085
00bf00a8
009800d1
009500ae
00c200a7
009b0095
0092008a
00bf009e
008e007a
00fb0092
00a600bf
008500a9
008600c1
00c700ad
00be0086
00ad008a
007d008a
00920093
0096009f
00da00ca
008a009d
00b80079
00a100b0
008200aa
009600ae
00b80097
00980093
00be009d
007900a0
00d500c5
009700a1
009100c2
00b500c9
009e0092
00be00cd
008f008d
008c0095
007d00c3
008e00a5
009b00cb
00aa0095
009d00a5
008300ad
009300b2
008f00a5
00c600a1
007a00c5
00b20085
009700a9
0086008d
008e0089
00cf00b8
009b00bf
00b700a9
00a900a3
00a200d1
00aa00ad
00ed00af
00d800c3
00c100ad
00d000bb
00b100a1
00c600ad
00b300bf
00c3008c
00a20097
00ba00aa
007a00b3
00b9009b
009900d5
009b0088
00e50097
007e00b9
00b90087
008700a5
00b300b3
0088009e
00b10099
0091009e
00b000ae
00b70086
00820077
00a00097
008b009b
009b00a8
009100a9
00be0083
00a200c1
009200ab
009d009d
009f0080
00b0007b
008e00ad
00830079
009e00a3
008f00db
00b700cb
0078008f
009800e2
009e0080
00ab009e
00bb009a
008d00a1
0090008b
006f007b
00a900a8
009200a1
009e007d
007f00d1
007e0091
009d008b
00920087
009e007d
00910092
009e0093
008000d5
00980097
00b000bd
009600a2
00a000af
00aa0099
008f00a6
00e3008f
009200c6
009500c1
00a100b9
00b500a3
009b00a2
008200c8
007200b5
00cd00ad
009600c5
00b6009f
009a00d7
008e00ab
00d600a1
00c600a8
00cd0090
00c200c2
00b700ae
00b80085
009700cd
0097008d
009d00b8
00730080
007600b5
00b100a1
006f00a9
00a70085
00980096
00d200aa
008700ce
00af00a5
00b1008b
00ab00ce
008f0098
00b0008a
00c8009f
00a300d5
009f0096
0086006f
00aa00a2
00a100bb
00c100c5
00bf00a7
00890098
0097007f
00aa00a8
00c200a7
00970086
00ca00a5
00890092
00920092
00bd008d
008d00b5
00cb007f
00a200aa
008a00cd
00890093
00a1008e
00790087
0099008d
00b60092
00ad00a2
008600da
007f008e
00a200aa
00c500a3
00d200a2
009300b8
008b00a1
00a6009d
00930087
008a00a9
009e00c8
009f00b6
008f0099
007f00d2
009e00a5
00b60091
00a10084
00cd00e1
00a200bf
00aa0097
00be0089
009d00b2
00a30091
00b500a3
006f009b
008800b1
009f009d
007e0083
00ba00a9
009100a5
00a700bd
009600be
00a100a6
00a600c0
0089007b
008900c2
00de00e1
00960089
008200a8
00d10119
00970081
00d00096
009700a7
00d100eb
00c80081
00b500ba
00df00d3
00bd0083
008100df
00890073
00a20081
009100a5
009600a0
00a70083
00840095
007c00d0
008d0089
00ab00a5
009f00a1
009d00c3
00a80081
00b70092
00a20097
00a800b7
00c2009d
00d200b9
0079009e
00c200e7
009a00a6
008e00a1
00750095
007700a8
0082009e
008200a6
00b10092
00c600de
008100c6
00c80072
00820084
0089009e
00b100eb
00c700cf
0090008a
00b600f1
00b00092
00a30088
00a200a6
00ef00bd
008500a7
00b000b5
00a1009b
00b000a3
007f008e
00a80090
008600da
009600a5
00c9007e
009f00a2
0079009f
00810069
0089008d
00af00a7
0083008e
00e700b6
009d0093
008500d7
00a6008f
00b200d3
00b800ab
00c2008b
008b009a
009d00be
008900db
00d000f9
00cd00df
009900f8
00ae0091
00a000e2
00e60096
00ae0079
00ad007c
0082009d
007d00d3
00b800b3
00c20132
009300eb
00a7007b
00950099
00b900b1
00c700d0
0097008d
009900a3
00990087
009500aa
008500d6
00b70080
009e008a
00a2008d
009300a9
00a800b6
0098009e
00820105
008f008e
00ae007a
009100a7
00f000d8
00c7009f
00b800c8
00b20099
00a20091
009700a1
00970087
00ba00ae
00a100c8
00a00083
007e00c3
00aa00a6
00d6008a
007f00a5
00b30085
007e0095
00a5008c
00810089
00a60097
00c800b8
00c800a8
00a600a0
00980088
0089008a
00ce009d
008900ba
00a10096
007500cb
009b00a7
009900a8
008f00e9
00af009b
00c70093
009200bf
009b0087
0087008f
008e0091
00880089
00b60089
009300a7
00870095
00c6009d
006b0087
00910099
009800af
00ca00b9
009800a3
00a8009f
009d00a0
00be00c0
00b000a2
008e007f
008a00b1
008e009f
00a90091
00c30086
00e500c7
00ce00ba
00a600aa
00a000ae
008400cd
009f00df
00a500a6
008f00b5
00a200ca
007300ca
00d7008d
00b600b9
008900bf
008400b1
00e000a2
009000a9
008f008a
00a000ab
009e00a1
00780071
009700a9
008e007b
00d80097
00aa008f
009700ae
0078008d
009b0096
00a700da
0089009b
00af008b
00b000aa
009600c5
007e00c7
00a100c1
00c000a7
0086008f
009d008d
009600ee
008f0090
00d60090
00a000ae
00c50105
00b0007a
008f00aa
009d00a3
00fb00aa
0091008d
00b200a6
00b100b7
00a3008a
00bf009b
0090008e
009e009b
009100ae
007c009e
009b009d
00a20086
00a100ba
00bd00b0
00b70096
007f00a6
00a200aa
008600bf
00a80095
00be00b6
008100a7
01170095
00980087
007100a2
009600c3
009900cd
00c00087
008a00a1
00cf0086
00db00a0
008f00b5
00c700d1
00c100c0
00a3008b
00b9009f
009a00b8
009a00ae
00bb00bb
00b20099
009a00c0
009e00a6
009300fa
00aa0099
0085008b
00ae00a7
00850085
0096008c
00a200d2
00a5008f
007800a0
00e000c5
00cd00a8
00d000d8
00f300aa
00c800b8
00cb007d
00a700ab
00c900a1
009300b1
00b000a0
00b7009a
007f00b1
00ab0097
00bb007b
007c00b9
00b300cf
008c00a3
0061007c
00a900c0
00cd00c6
007f007d
0093008c
0105008c
00e0008d
008800e3
008800a6
009b00ab
00bb00a0
008b0082
00ca00ad
008600d6
009b00a3
008f00b6
00a60087
007f008b
00a500b0
00b10087
00dd0091
00b60082
00ef00e5
00bd0079
00a3008f
00ba0093
00920095
00ab0098
008b0086
00c700b1
00a20098
009e0093
008b008c
00e6008d
00b0009d
00980096
00b100ce
008900a8
00a8009a
00d90090
0082007e
00ca0097
00a300b7
00b3008b
009e0096
00be009f
00a10093
00a800a5
00bf00fe
0087010a
009f00ed
008b00b5
009b00d3
00a8009d
00ab00ce
008300b0
00a0007b
00a000d5
00b100a3
00a2009e
00a7007f
0099008b
00a800cb
009a0090
00a9007a
008c009e
00c900a1
00b3009e
00c900b2
008600bb
009700d8
00920071
00c0009d
00d5008e
00be009b
00760087
00a900c7
00d800b7
00d200a0
00d300d8
009b00df
009a00b0
00a200ae
008a008a
00a100b3
008100d1
00ff00d3
00b2008a
00de00aa
00c100af
00e700ae
009e00a7
00a200ae
00c600ca
00a200ca
006f009a
00af0093
009800ad
00880087
009300a0
00c700bd
00b200a5
00c200e3
0084009d
00d10099
009200b3
00c600c9
00870098
00cb0096
00b900a2
00bd0095
00fe0089
00ba009e
00bb0098
00a800b6
009a00c6
00910091
009f0099
00a1009b
009d007e
00970072
00bd0079
00bb008d
00a9008d
00d200a0
00a300eb
00a7009e
00c200aa
008c00a6
00a9009f
00b700a2
00a800b5
00870090
00b60095
00cd00d9
00c300c8
00a600a3
00bb00a3
009200a8
00b000d7
00c000a1
007900b0
00ab009a
00be009f
0081008f
00af0092
009b0099
00a900c2
009700ca
00ae00b8
007e00a3
00f000a6
00d500e0
00b000b5
00af0084
009d007c
00d60096
00f6009e
00d600b1
00c600bf
009900a5
00950076
00a20092
00b700e7
00a800c8
00ba00ae
00b8009e
007e0098
00c10095
007c0088
00a600a9
009700a0
008f009b
00910091
00a300cd
0098009e
009e007f
009900a9
00b500d8
00aa0097
008f0080
007b007e
00b60099
00980071
00ab00a0
008c0084
00a700b0
00960099
009b0098
00870087
007e007b
008f008f
0097009b
00ae00af
009b0090
008a0095
008a0091
00bb00b5
00eb00ee
0085007d
009a0073
008b0099
00a600bf
00aa00a1
00af00cb
00cb00b5
00e900ca
008c00bf
00cb0083
00a7007c
00b600aa
00cf00e7
0092007e
009600b7
00ab007d
009900d1
00990096
008e00d1
00a100b6
00b20078
00bd0082
00bf0097
00a6010f
00820099
008b00aa
00a100c5
00c60089
00c100a8
00a300c3
00b90095
00e100b9
00b100a7
00af00a7
00c100a0
00ba00dd
00ad00c5
009b00af
009100b2
008b0086
00930092
00a300ab
009a0091
00af00bf
009d00ae
00a90089
009a00a7
009b009a
009f00af
00670097
00780093
0091008d
00b0008c
00ce00a8
009d00d2
00b6009f
009d00b0
008f0098
00aa00b0
00a2009f
00ca0083
009e00d0
00a500b3
00a800d1
00c60070
00a700af
00bb007a
009800ad
00c50093
008c00a0
009d0089
00b200ae
00d00086
00d300b0
007600f6
00b00086
008700ae
00890084
00d000b8
009b0079
009d00c6
0082009f
00a2009f
008600ba
008a008d
00900073
0092009e
00c90098
00850093
008200a2
00a80085
00ab00aa
00d600ab
00e2007f
008a0092
00cd00ad
00b300a6
00d800b7
008e009b
008500c1
008b00a2
006a0092
00b900ab
00a000af
008b0093
009200ad
00810076
00e000a9
00aa008e
00fe00b6
00c60087
00d10090
00ad00a6
00ae0092
0074008b
00b0008d
007e0098
00920097
0095008d
00a300bd
008200af
00ad00af
00820096
0097008a
00870071
00b100b0
00ab0087
00aa00a7
00ae00a3
0097008a
00a70095
0070008e
009e00b1
00a90073
00a000c7
00b00096
00ad0069
00ab00a9
00ba00ab
00a7008b
009a00a3
008500b5
00930081
00b200a7
00ad0093
0097008f
009600b3
00b2008d
009d00b2
00950097
009f00af
00a300d8
008c0092
00b700a8
009a00df
00be00a6
00a20088
00a60097
00910081
008f00cf
008c008a
00b2009d
008d009a
008300b2
00a900cb
0091009f
008e0085
009100c8
00ad00b6
008e00a2
00af00f2
007a006d
00c500b5
00880099
00b300b2
00a5007b
00a600a5
00a900ba
00ab00ba
00c500a0
008a009a
00a600a2
00d500e7
00b1009e
0075009e
008300c1
00ab0096
00c10096
00810087
00d5008d
008e00a0
00ce008f
00c000a6
00930097
008500b7
00af0089
008f0077
00a300cb
00a5009b
009300b5
009d00b8
00a20097
009500c7
007f00bb
00a000a9
00b500a2
00e300a9
009f00a8
007d006e
00830088
009b009d
012000c8
00b100a9
006d0082
00a900a3
00a10099
00950087
009300e2
00670098
0090009f
0093007f
00a20095
008900ba
008a0091
0075008e
006f0087
00a2009a
00bb008a
00c900a1
00870097
00a7008a
00a7007b
0086008f
00a3008a
00890096
00a0008b
00b2009e
00bd00af
009d0076
008f007f
00b300aa
00a600dd
00b600f2
00a800c5
00c200db
00a10097
009d00a3
009900e9
009b00c0
00a9009f
00c6009a
00a700a0
00e500ad
00cf00b0
008f0086
009600a0
00b500b7
00a000bd
00d7009a
007b00a7
00d20095
00af00b6
00c80092
008f0092
009500bf
007d00c5
00a300f7
008400b8
00aa0099
00aa00b0
0087008d
009f008e
00b9008c
00860092
0085009b
00a1007f
00920083
00b900d3
00c00092
00b70098
00c0007e
00e30086
00af008d
00cf008f
00ff00be
009500fb
00a3009d
00ad00e9
0082009a
008900b5
00ad009e
008b00a6
009d009a
00b10092
009300b8
011500b3
008a00a1
00b000a3
009500d7
008200a9
009800a7
00a900f0
009b00a5
009f0120
006f00a2
00a50090
00a30096
009e00a5
00c200a2
00a900b0
007a008b
0091009b
009600ca
008a009f
008100a5
00b6007f
009b00b0
00d000d9
00a900a1
00930096
00a500b0
00c90099
00b50086
009600a6
00d9008a
00a600b1
00c000bd
00b800b5
00830087
00920099
00b5009f
00c800b7
00c700b6
00b2008d
00b600d6
00930087
00d800c2
00df0092
008d008e
00aa00b9
00b300a7
00b3007d
00aa00ad
00b9009d
00b700c8
009300d9
00c000ae
010100ab
007200ad
008900ca
00b300ad
009100a1
00b3008a
009300ab
00a1009a
00a0008f
008100bf
009d007f
007a00a3
009a009d
00be00a0
00c30089
00a00069
00c50093
009e00cd
0096008e
00900089
009800b0
00a500a0
00f600b0
009200aa
007d0078
0083009d
00a600aa
00ca00b5
00be0097
008800b5
009a0077
00aa00e9
009a008b
00a50086
00be0087
009f00c7
00a600af
00780093
00b300d6
0082009e
00c2009f
00b700a3
00ae0081
008e00b3
00ca00a0
00dd00e3
00a9008b
00ba0099
00b000d1
00a100c0
00c700e5
008900be
00fb0081
00b70099
00a0010b
00b2007d
00b200a3
00b900a3
00bd0096
00930096
00be009b
00d60098
00a300e1
00c300c6
00a500a8
00a200a9
009700bb
00d60092
0087008e
00ad00c8
00aa008b
00ad00a2
009600b7
00a600af
00d100fe
00c6009a
009200c1
00ba00af
00ad00a2
009700eb
00a300a3
00b200b0
00a8006f
00a800aa
00a50082
008900aa
00a700af
00840080
00a6009e
00ee00c6
00a1007e
00af008e
00a900a5
009900b6
00b200a6
00c30087
00c60091
006f009b
00b7008f
008e008f
00b500a3
00890076
008b00bb
0083007e
009700b7
009b00a6
007e00bd
008a00c8
00aa00a1
009a008a
009700e9
009f00b3
00de00ab
00980099
00af008c
00ab009d
00be00a2
0083009f
009800a3
009f00a1
009800a9
009e00b5
008100c6
00d000a1
007f0098
00b30076
00b9009d
00ad00a7
009800a6
00ad00d0
00b700a9
00890092
00a200c0
00a900a5
00bd00a5
00d100cf
00e300fa
008f00a6
00c700eb
0083008f
009900b3
00b0008b
00920083
007100d8
00a50097
009200a1
008100a6
007500a9
009800a9
00b3007d
008b00a9
00ae0095
00a9009e
009e00cb
008d009d
00ae00bf
00fa00a5
0099008a
009500a1
0099009b
00a000d2
00c700e0
010f0093
00c700b3
007e00ba
008500ad
008d00a9
00b700aa
00bd00ba
00a20096
009b00c8
009b00bf
00980092
00810079
009b00a2
007e009d
007b008a
009b009a
00c700b5
007f008b
00c50082
008b008a
00b100af
009500a6
00830091
00b70098
00990085
00960099
00910095
009900c3
00cb00ab
00a8007d
008600ad
00ad009f
008100a7
00cd0098
009100ef
009d0085
00b100a5
008a008d
00a9009f
00820097
00970098
007d00af
00980093
008b0093
00b100e7
008500a8
00c100ab
009d00d2
00810095
00a60092
00aa0077
00980092
00a80085
009000a0
009a00b9
00bd0091
00810086
009d0095
007f008f
00d2007c
00a1009e
00b300a1
009600b2
008200de
011200a1
00a300c7
009f008b
00950092
00b700b2
009e0092
00c700c6
00b90098
007b0084
00d70086
00a1008a
009000c3
008b0097
009e00bb
00a20075
00b20097
007a00ae
008a00bd
0090009b
00af007c
00a100a8
00b700a7
00bd00a0
00be00cb
0090008e
00a20090
008900c8
00920089
00b800b8
009b0095
008900c0
00a9009b
009200db
009f00ae
00a90085
00a9009f
00890097
008e00ab
0098009d
00990093
00e300c9
00a300a1
00d8008a
008700c6
009a00d6
00a70078
008d00ad
00c8009e
009200a6
00a200f1
0098008b
00fb00aa
00aa00bd
009100b9
00e100a8
008000c7
00b600b0
008400a5
00aa00a2
009900a2
00860091
009d00b1
00a100b3
00a500e6
009900ab
00bf0086
00a300b2
007e008e
009000a7
009800b7
008700ab
00c200ae
0092009a
00ed00a2
007d00a8
007d006f
00950087
0099005e
00c800a2
00910082
00820080
007500a6
00b90081
00ce00a9
00bb0085
00aa007d
00890080
00a20087
009e006c
00a80093
00b6006b
008a0083
00c50095
00e8007e
00d800c8
00bb0096
009f00ef
0110009b
00a10106
01010097
009d008e
00b3009f
00870089
0097008a
009b0095
009b0079
00b20083
00a000c8
00780095
009800a2
00910098
008c007e
00a50090
00a200a1
00a60070
0093008e
00a000b3
008e00ae
00c00093
009a0096
00a100c8
00b10095
00a00093
00b600b7
00c8009e
009d00b3
00800099
00ae0099
010200aa
008500a7
0092008b
008e00a8
00910098
008e0086
008b0092
00b300cd
00ab009b
009d00a2
00d10089
00860095
008d0075
00820096
00900082
00b30093
009e00d2
00a900b9
00a500a3
00b7009b
00bf0078
0082008a
00b00081
00b5009f
009a00ad
00b20077
00cf00f2
00a600b2
00c500c2
00d6009b
00af00b9
00ae00b6
009600bf
00b200d6
00cf00c1
00a50085
00ab00ab
00c700a7
00d800bb
00bd00d5
008600b2
0077007b
00c200a7
009e008b
00b300ab
0080007f
008f00af
010200c0
007d00a8
00b2007e
00b60079
009b0072
00c3009f
00930087
008e008c
00a600a0
0084008f
00790097
0080008f
00b90076
00c700a7
00a800ba
00c300a9
00a100b9
00b000b3
00d0008f
00b800b9
00b20087
00bd00a0
007b00f9
0091009e
00d000b0
00b70093
00ab00a0
00b500c0
00b000b3
00b800db
00a200ce
00c700a0
009800b1
00a500c7
00cb00b1
009f008e
00a9008b
008a00a9
00e600a2
0090009b
009d00b6
008d010d
00a500aa
009d00c7
00c60086
009300af
009a00ca
00ba008f
00be00b5
009000d5
00ae00a1
007200d8
008f00bf
009a00ae
00a100a3
00a600b0
009100a3
00980085
007600b0
0095008f
009100bf
007c00a8
00e700a0
008c00b7
008e00ae
008600c9
008500b2
009e00bf
00b100b9
00a000b1
00aa00be
009d00c1
00dd0093
00ae0092
00c0006f
00fe00ca
00bf00da
008e00a0
00a600a8
00a10092
009f00b2
00b50093
00a9009a
009f0095
00d3008a
00e00086
007f0097
00aa0081
00a50092
008f00be
00b600b2
00a600ce
009600ad
00920097
00ba00f0
009900b6
008b0084
009d00a9
00770089
00a90098
00d900a0
00da0085
00c300b0
00be00a2
00a60098
00920096
00b000a7
00c000ae
00860071
00cb00ca
009f00a1
009700a0
00c300a1
0077009f
007b008a
00b30086
00850092
00850075
008d00ab
00a900a6
008c008a
00910097
007200a2
008a007d
006e00d5
006d007f
009d0081
007e0097
00bf009e
00880097
009d0092
008b0089
00a300bf
00a3008c
00aa00b9
00d100b0
00af00cb
00790096
00960076
00cf00b2
009800d2
00bf00a3
009b00f7
00910096
00b200af
00850077
008e00ab
00ba00a3
008800c2
00a600d0
009900af
00aa00ab
009a00a3
009700ab
008b0084
00a800a2
009a007e
009e00aa
00b900a5
007000a8
00c600a9
00a500c6
007b00aa
00c30091
00b700c5
00d700ca
00b800d2
00b100b0
00a10086
00b500b6
009000c8
008d00c8
009f009a
009700b9
00cb00a7
00ae00a7
009700be
009600b5
009f008f
00b700a5
00c10085
008f00aa
007c00c3
009f00a9
009600ba
009e0099
009700b5
00840099
008300a6
008300bb
009e00f3
00c100e8
00af0093
009600b0
011e00ce
00da00e7
00a500ad
008d0089
00a80080
008d008d
00e30080
00950084
009500d2
00bf007a
00ad008a
009a0075
00aa00b0
00960080
00a10090
0097008e
00ab009f
00b300f1
008a008d
00850091
00b200be
009d00ad
00bb00ff
00ba00a3
00b500a3
00ad0098
00b100a9
00af00c1
00a70081
00a300a1
0091008e
00c700e7
00a800d0
0086009d
00950093
00d500a0
00b3008c
00a700be
00a500c7
009700ba
009b00b1
00790093
00a5008a
00be00af
00a000b3
00b20072
008a00a5
009a00af
009800a6
009b00a5
00a1007c
00a900b3
00d6009b
008300ab
00c000f0
00b9007f
009d0082
009f009d
00cd0087
008200b7
00ae009e
008500c1
00b200d0
0089008f
00ad0087
011300d8
009e00a9
00c00086
00c100bd
00a1008c
00a8008f
0093008e
00c7008a
00990092
00bd0070
007f0091
006d0098
009d0096
008600c1
009200c6
00b50077
008e00a1
0092008e
007600df
00b700ae
00a1009f
00ae008f
00850089
007d0075
00a100b2
007c008b
008f0083
00c60079
009d00c7
00a000a1
008100b2
008f009f
00b30083
00770070
0085006b
00860087
009f0070
009100c3
00860077
008a0091
008c00c8
009000d5
008a00ae
00ae00ae
00ad00d0
009d00b1
00a800d9
008500cb
00f10084
00af008d
00a200ca
00a500a1
00a70073
00c30096
009b00a5
00a600a3
010d00b2
00cd0091
00a20095
00a00093
00b300b0
0084008a
00a10092
009b009a
009b00a8
00ab00ab
0079007b
009200b8
00a5009a
00a500b0
0096007f
00ba00a6
00d500b0
00b8008e
00b200de
00b000e9
00b00093
00ab00b6
008900d9
00e700a1
00b100b7
00a1007b
00ad0092
009d009e
00ae009a
009500af
008500b3
008d00b7
00b200e7
00d300f2
009a00ba
008a00c0
00b90085
00b60099
008f00a5
00d500ae
00c700ba
009200a5
008d00a1
00a100e8
009d00d2
009e009f
00a5008e
00b20087
007300c3
005e0079
008f00a9
00ba009f
00b900a2
00920091
0093008c
00920092
00da0098
00da0084
009100d2
0083009f
00840099
00760095
00c6009f
00a0009a
00bf00b2
009a009b
00a50092
00a8008b
009700d3
008b009b
008a008a
00720086
009300a8
00aa00cb
00a00068
007e0096
00810074
00870075
008f0093
009300bf
008b0080
008100b2
00970078
00dd0091
009b00b7
008e00bb
00a20095
00c200a7
00b200bd
008700b8
00a800c6
00ba008a
00a200d7
00830099
00b1009f
009500ae
00be00a5
00a80091
00b0009e
008200a7
00990097
00d200af
00bb00d1
00af00a3
007d00a8
009a006c
010100a6
00ae0099
00c900ce
009800cd
00ab00c7
009b00a8
00da00a9
00c700dd
00bf0085
00b60088
00a900c3
00a200c7
00a70097
00ae00b2
007f00ab
00a300b2
009b0092
00ca0086
00ab00b5
009800a8
00ab0096
00e5009e
00980090
00bf007a
00b000b0
00a300c6
00b000df
008b00a8
00a800b9
00c1007d
00b00093
009d00cf
00b500cd
00b500a8
009800cb
009f00be
009f0096
00a50083
008a00b3
00cd00a6
00790086
009300a8
00d2008b
00fb008e
00c8007d
0092008e
00ad007d
00c7006a
00bd00a6
00990096
008a00b6
008200be
00a600ae
00b300ad
009900ef
00a90088
00960096
00a600b3
00a10097
00c5009e
00d90083
00980095
008100a7
00b500a9
00a200ba
00c500b6
009800a6
0082008a
00c00092
009200b1
00bd00e1
00a2007a
00bf00a0
00820093
009f00b2
0096008b
00880089
009b00ab
00a500e8
009a0071
00ea008b
00ba00b3
00d3009f
00b000d2
009b00a1
00ab00a3
00ab0098
00a600b0
00d000a8
009900c6
009100b0
00b300a3
00a70082
008700b1
00c2008c
00a8008a
008c0091
00f70081
00e000a8
00df009e
00b800ab
008500b0
00b700e0
00b9008f
00a60100
00af0075
0091008f
00920092
008a00c0
00ba0095
009700a9
00a800c8
009500b5
009f00b1
00df00ad
00950083
007300b9
00920074
009300ab
00b500ab
00ce009a
00a80091
009200ad
009e0099
008b008a
008900ae
00b2007e
00bd0089
00be009e
00c000ad
00a9008d
00c100b9
00980089
00a700bd
00d80085
00cd00b7
00a300ba
00b600ad
00b500c0
00a500c8
008e00c0
00c20092
00bb00d7
00a100a0
00a60089
008800a1
00a500bb
00c90098
00b200c5
00a600cb
008f008b
0093009d
00d2008a
009200e3
00d500a5
008200a3
007a00ae
00cd0086
0087008e
009300a6
00aa00ab
00c00082
008b00af
00cd008d
008400aa
00a600c1
00a500b7
00c5008b
008e007c
00c300a6
00b5008d
00ad009f
00a80092
00c7008f
00be00d2
00d5008c
009200ba
00b300b9
00c000c2
00ba0087
00a900a3
00c800b0
00b100aa
00790096
009300a3
007f0092
00c2007f
00950087
00a900bb
00c10099
00b50099
0097007c
00c000d8
007a0087
007100b5
008200a7
00e20091
009300af
010900b0
008700cb
00c3007e
009a009d
00c600b2
00de00c0
008c00a9
009d0081
00a600c8
00880095
00e800e1
009200be
00bd0093
00e500bd
011300a3
009b0092
00a900d0
00be00b5
00c9012b
00ca00b6
00bb00b6
00b30091
00ba00ce
00b300aa
009b0092
00c000c2
00db00c6
00710095
00b7008a
00a6009f
00b600d0
00b5008a
00ca007a
00dd00bd
00a800c2
00920096
00bb0091
009600b9
009d009a
0092008a
00910092
00870068
00af0099
00a20097
00ca00dd
00ba0082
00cf008e
00b500a1
008c0085
00fd009f
00bd00d5
008200b1
00bb00a5
00a30099
00e900c7
00cd00f1
00bf00f9
00ee0086
00ad008d
00bf008e
00b10092
00ef0076
008600a3
00a500fd
009200d2
009300a5
009d008b
007f0088
00c900b6
008300d5
00e900f1
010a008b
009b0096
009300c0
00b900bd
00900081
00a2009d
008e00d0
008f0085
00b700c5
00bd008f
00a50093
00a000b5
008f00b7
009100a8
00840092
00bb00a3
00a00086
007e00ad
00980086
009a00c0
00fd0085
007a00c6
00a000a5
009b00b7
00a2009e
008d0096
009b0082
008900a0
00a6008f
009e009f
00a600f8
00a100db
00d700b9
00ab0089
00b300e7
009900a0
00990097
00a700a7
00bb0099
00970090
008c008b
009200d2
00d6008f
008a00be
007f0095
009000a8
009200c3
0090008a
00b300a0
00cb00a1
008d009b
00a200a1
00810081
00a100b0
00850099
009600ae
006f009e
00be0079
008200a7
00a7009e
009100b0
009700a1
008c008d
009d00a8
00a300a0
00c50063
00c200b9
00a90096
00a70091
00ab0091
00b500d0
007800b7
00e000d6
009f00ce
008600c6
00a100b7
00a800a5
00aa00b9
00b200bf
00ca009b
0085009a
00d700bd
00d30098
00be008f
00dd0090
00910081
00ae00e8
009b0097
00b900c3
00c70092
007e00d6
00ff0091
00b900ad
008e00b9
008c009e
007c00ad
008900ae
00b100a9
00bd00b8
00c30090
00cd00a7
00c90087
007c00c8
00a8009e
00bb0099
008e00ae
00c100de
00d900e7
009800a1
009700a8
00c000a9
00b1009f
00b600ba
009a00b5
00ba0086
00af008c
00a000bb
009700c5
00810096
009900b6
00a70099
00b000d9
008c00c2
008900a3
007a00be
00a30095
00fa008f
008b00a0
00ab00ca
00bf00b5
00a300cd
00af00d8
009100a7
008900c8
00b600c6
00a80085
009e009f
0095008c
00880099
00790087
00c1008e
00a300af
00d900ce
00b7008e
00810095
00c200b7
009a00a3
009500a3
00c800bd
00c800a9
00c900dd
009e0099
00ae00df
00aa00c3
00bf00b7
00990089
00a30095
009600b9
00c300bd
008e00d8
00950092
00b0009d
00730081
007200ba
009d0098
00c9009b
00f100b8
00a0008f
00bf00b1
008600b5
007e00be
00af00c2
00e500b0
00a300c1
00d500d1
00c900d1
00a300d2
00ea0099
0097008a
00d500e3
007b00a7
00a200cf
00c1008f
009600a9
00aa00b1
00b900c8
0085007a
009a00c6
009a00af
00a700c9
00d300ba
008b0090
00a300ad
009500f3
008800a7
00b900ae
00ad0098
009000a5
00b50099
00b700a8
00b200ab
00850099
00c500ab
009e00ca
00b200a0
008e00f8
0097008a
00de00c0
009500a1
00c500b7
008a0078
00a700ba
00c500b9
008000b2
00a900a9
009100b6
00a300aa
008b00a9
00b1006b
00af00c8
00a8008a
008d0084
006c00f2
007e00c8
008a00ba
00cd0092
009e00ae
00be00ce
00b900ca
009800aa
00890099
00bd009a
00c2008c
00d300a8
00b9007f
00870091
00c600c2
00790079
009100b7
009b0097
00b6008b
00cf00b1
00720086
00f000b0
009e00b6
009b0093
00d600ca
00860079
00a000bd
00d900c9
00970097
008b00b6
007a0077
009300a7
00920088
00a60099
009100aa
00980085
007e0097
00830087
00da00bb
00bf00ae
00d90095
007500ba
00c100bb
00c3007b
00a500dd
009f008e
00a8008c
00ab00b5
00c00085
009d00a6
00ab00ae
00df00d0
00e600a9
00cd00a5
00b700c0
00bf00d2
009a00a9
00a200a7
00ad00af
00930092
007f00b0
00a200a5
00a300ab
006c00ad
00a300c8
009e0093
00ce00ad
00ad00a2
00a2007f
009500a1
00bf00a9
00aa00a5
008b008f
00bf0071
007d00a2
008e009a
00af0099
00aa00b6
00af009f
009300c3
00a700a1
00b00081
008a00ae
009b00b7
00be0099
006d0080
00ce0092
008b0088
006a00d8
00bd00b8
00b900c9
00890095
0097008d
00b2008d
00ba00a2
00a800b9
00ad00cb
008700a2
008700a1
0087009b
007c00a6
008f010d
00ba0081
009700a5
008e00aa
008800b1
009f0099
00b2008d
009f007a
00a500c7
009f00de
009b00ba
009900d2
009900a1
009d00a9
00ab00e3
0079008b
00b9009f
00b50097
009b0081
00e7009b
0080008b
00db0087
00a20093
0082007b
009a0083
00b700a8
00a6008f
009700ee
009b00a8
009d00a7
00a100a9
008c007f
009f0092
0086008b
008b0075
007c008b
00c2008a
00830081
00880080
008b0091
009a00a3
00a100af
007300b8
0078008b
00b2007b
007b0095
009b0084
00b90091
009800a9
008d0095
00aa009e
008500b1
00a8008c
008d0085
008a00aa
008600c0
008e0099
009200aa
00a800a3
00ab007e
00920092
00ce00b2
00b100cd
00a300da
009f00bf
00a00097
008300a0
00b900a1
00bd00bd
008200af
009500b0
009a00c1
009a00b6
009e00a1
007a00e6
0095008b
009b00c2
00a0008d
00990082
008e009a
007200ce
00b0009e
009200bb
00e500c9
00aa00aa
00e9009a
0081008e
00b20076
008d00a0
00cb00aa
00b700cd
009e00c3
00bf00c6
00b70090
00b30092
007700a5
009100c8
009300a7
00980085
00ad008d
00b30084
00b200ad
0083007a
009f00ab
00bb007a
008400aa
0072009d
009500c6
008300a8
00bf0097
008300b2
008700b9
009a0082
009e007e
008900af
008e00a3
007b0088
00a200a1
00ab0090
00aa0092
00bb0098
00b000a6
0098008b
008e00c2
0089007c
006900a6
00c50076
00a60077
00850099
00960092
008700ab
009800c2
00ab0090
008c008e
00ce00b3
00890076
00af008e
00a500a6
00aa00a8
00b500ce
00e30099
00f800cd
0087008d
00c900b6
00a900ad
00ae00a9
00aa00c9
00aa00bb
00a800d5
008700d7
00a50093
00c000b3
00b3009b
00af00d2
009300c1
00c70081
00aa0085
00b0007f
00d700d2
00a80075
00a30082
009a0099
008400a6
00eb00b9
00b000f2
00a80072
00b700ba
009800a3
009f0096
00f3008a
00930079
007e00df
00ab008f
00b8009a
009300b9
00a100a1
008d00bd
00af008d
0095009a
008a00a6
00a30097
007e00be
008600ab
009d006d
00820095
00ab007e
009500a1
00ad00c7
007c00be
008c00dd
00be00a1
00e700b8
007f008a
00be0089
009300a1
0084007f
007b0093
00990091
009e009d
00ba00ce
00eb009f
00970099
00a300bb
00b600e3
00b000a0
00c8009b
00bd00ba
00860080
0090006f
009b00b2
00ab00af
00ab009d
00bf007b
0083009b
00ce00b2
0095009e
00950089
00a600aa
008700c2
00ae0096
00a2008b
009f00a9
00c8008e
00a2007e
00c300b3
00a100b6
00b50093
007d00b0
009f0099
00a1009f
00a00092
00d200af
009200b9
008900d2
00b300a0
00a600ca
00c700c1
00a000a7
008e00a2
00a7008b
007600a5
00a2009e
009900d3
00e200b7
00a80071
00aa00a7
00cd00a0
00e000b7
00a1009d
00f20070
0095009b
00ab009d
009e00c0
00be00f8
00a700c6
008d008e
00ca00ae
00a5008e
009e0083
009800ca
00b000c1
00b100a8
007f00ab
00c600c7
0093009a
00bb0093
008f00b3
0083009b
009b009f
00a00093
00b000c2
008d009e
007a0083
009b008f
00c5009f
00d500bf
009100c2
0095008e
00ba00ad
008f0087
00a100a0
008500cb
009e00eb
00b700aa
00d3009a
009700a0
00a100c8
00b600aa
00af00d2
009d00b8
00d500e5
00fb00af
009900c5
008e00c2
009000ba
0095007d
008b0083
009f00ef
00b600b3
00aa008a
00c700a9
009300a1
009300bd
011100a0
00a50087
00ab00a0
008300c2
00c70096
008d008f
00af00ae
00b60092
008200ae
009f00a8
007c00bf
00f500c8
00b9008a
00a000a9
009d00a2
00ad0083
007e008a
00d800b0
010600b2
00a60082
00b700f2
008900c9
00bd00a7
00a500d7
009f00a6
00b000b8
00bd008b
00a0009a
009f00aa
008a00cb
0086008c
00960092
009b00a9
009300f5
00c30091
00ca00b3
00b2009e
0098007f
007000b8
00a500aa
00a900a3
008700bd
00c90088
009e00b2
00b8008b
00a1007c
00ba009d
0093008b
009a00af
007f0092
00c900b3
007d008b
00bf0079
008b0086
00a90099
006d00a3
00a9008a
00c800b8
009f0083
00990096
008d0097
00c60097
00a600bd
0098008e
00aa008e
00a10073
009a00df
00c800be
00d00092
008f00b5
00a80082
007900bf
009000b1
00c100ba
008900a8
00ae00de
009200a7
009b00c6
00b000a7
009800a2
008700ba
00a1008a
00800099
00d70092
00ad0085
007a0083
009a009a
00dd00b0
00bd00a8
00ae00a5
00bd009a
008900b9
00a900be
0086008b
00df00b5
008c008a
007d00ab
00a700b3
00ba00c1
009600a8
009700b8
0087009d
00b100b1
008e0085
0079007c
00ae006f
00b700ef
00d000c5
0095009d
00a700a3
00c30080
009d00bb
0093008c
009300f0
00de00f0
008d008b
00870090
008a0073
0088009b
00af00a0
00c70098
009700af
009300c0
008d00a6
00a70067
00a00092
00a3008b
00af006a
006f007b
00920086
00930066
007e0080
007200b7
00930090
00710073
007800b9
008d009d
009700c5
008900a1
00af008c
00b600ba
00a500ab
00b0008b
009f00b7
00c20092
009d0098
00aa00ae
00c200a6
008a0098
00820098
00df00ad
00a5007c
00d700a5
00960095
00900096
00780086
00a700ae
00a800f2
00a700a1
00a3009b
0099008d
00960093
008a00ba
00ba00d2
009500b1
00ab00af
00c500a5
00a300b1
007f0098
009d00a3
00950099
009200aa
00b20091
007700a2
00a900a5
00c1008e
00a9008a
008a0100
0098009f
00a10097
00c500a0
0090009e
00b700b8
009100c0
00c20081
00d300b0
00920092
00b000c1
009900b7
00a7009e
0091008c
008600e1
00cb00cb
00b30092
00a100b6
00a60092
00c00095
00b2009d
009b00a5
009b00bf
0097008f
007e00a7
008000a6
00c80072
00b000aa
00b90095
00cf0086
00bd00a0
00da0070
00b20096
00a000a5
00c500a2
00bd00ab
009800a9
008900e3
00b800e8
00730062
009800ad
00a500ab
00c300ca
00f900bd
011d00c3
00b700af
008600a6
00c30092
00a100aa
00c700a8
00b900a6
00a10098
0099009a
00d700b3
0092008e
00980085
007d00ab
009e0091
00850079
008a007a
008200c5
00a8006e
008f00c2
00ce0075
009d0085
00af008d
008f00c6
008700a5
00c5008e
00950100
00670083
0092007a
007400a3
009d0082
009800a0
00de00a1
009300c0
0099008d
00ad0076
009600a3
008f00aa
00a600ca
008a00b5
007d0092
009e009d
00cb00af
00a6007f
00b20095
00b300b7
00c70097
00d90098
00a6007d
00810083
009a00f3
00ba00bb
00a200a9
008a00c7
00b20096
008100b8
007e00a5
008f00a8
008b0074
00c000a3
009a0073
007a00ab
00c7008f
00b800d3
008c00aa
00b5007e
00ba00b5
00eb00e6
009100a6
007a0087
00b100b0
00a2009a
008100a3
007f00c2
00b700b3
009000d2
00cd00ba
00d800c9
008100c5
00ad00a0
00a200ca
00ad0098
008a00d9
00d100be
008200c1
00b8009f
008a00bb
009200c6
00a600cb
00d8008c
008900b2
00ca00a0
00bd00f9
00b10098
008e00c9
00ad008a
00ae00ab
009900a8
00c1008f
00da0091
00c8009a
00a600b2
009e00b6
009f00d6
00a700ca
00c6008a
008a009f
00c80081
00ed0099
00910082
00970092
00b100aa
00af00b2
00b1009b
009300a1
00c10087
00950098
00d600bf
006c00a5
009100af
00ba0084
00a7007a
009e00b2
008700c3
00a100bb
0097008b
00cd00d5
00ad00a8
00ad009b
009b0111
00b90085
008900a3
00750096
009a0077
00a700a3
008e00ad
0091007d
00890092
009500b1
009700bd
00bf009a
00900096
008200a3
007b00aa
00a20085
008f00df
00d100b3
0078007f
00830093
008b009f
009b0096
009200d3
009e0090
00c0008b
009900bf
009600a6
00860087
00a900bd
007e007f
00a700a7
00c9009b
008900bb
009a00d8
0074009a
00b100ae
008f0063
008f00b5
00990082
00bf009a
00c90099
00b1009b
00a60091
008a00aa
008d008a
0081009a
00cf00ba
00f0007b
007b00a8
009a00dd
00b600b9
007d0077
00a700b2
00be00c2
009b0091
00a200d0
0090008c
00c2009f
00c000ba
00a10079
00ba0095
00ab0099
00a700be
007c00be
009e009f
00d900b1
00d50095
00a600b6
008d00bd
009f008a
009500bd
009d008e
009a0089
00c500c9
00a0009d
007200af
009300bd
00ab0089
00b200a3
008b0081
00ca00a5
007e008b
00a200b5
008b00aa
006f009a
009f008f
00a1009e
00f700b5
0085006e
00d50093
007e006f
00950076
007c0092
00bf008f
009500ab
00830095
007900a5
00a500a1
00750076
00930086
00c7009a
00a100e7
00a80097
00bf00b2
009a00d9
0087009b
00a600b3
00c0009b
00ad008f
00ab0082
00cf00ce
009f00b3
009500c0
00d500a9
00b700af
00c00092
00ba00b3
008b0098
009f00a6
00d300a6
00bb00b5
00d1009a
00b200bf
0096008a
00b8009f
009b009f
00c50096
0087007b
00be0092
00c3009f
009d00b3
00e2009e
008f00ad
00a500a3
00ed00e6
00d100d0
009500ab
00a00091
00d300c6
009a00bf
00a5009a
00b8008f
00a5008c
009900a3
00b8009b
008900a6
01160099
00900090
00b000af
009700a6
009800bf
009f00b5
00b00095
00cf00c7
00a0008f
009300d7
00e900b5
005c009a
00a000a2
00a800ad
008d00ab
00910096
009b00ab
007f008e
007d009e
00910082
009d0096
00bb00b6
00a6008f
008500c8
00b6008c
007500a3
01050097
00a50084
009b00cb
00b700c6
00a200ab
00a300b1
00ca008e
00bf00a0
00970095
009d00ae
0095009a
009e00b0
00a1008f
00ea00b5
009f00ce
00990090
00b70090
007b009a
009a0091
0084006d
00c10095
00e300b5
00a600a9
00b100c2
00a9008d
009500af
007f00f6
0098009b
00aa00aa
00ce00c2
00960098
00b50092
00ba00c3
00ae00b7
00ca00ae
00a2008d
00c900a8
008a0080
00840079
00bf0085
00a70080
007e00a1
00b800d7
00b90101
00d500b7
009d008a
00be00cb
009700ce
00990082
00ee00b3
00760089
00b100b1
009600a1
00ba00a7
008f008b
00b500d3
008900a6
008d00c9
00b50091
00b000b6
00a200ce
00b900a1
00b9009b
008100ad
00bf00ca
00ce00b5
00dd00a8
00bf00df
009700bb
00e100af
00a300ba
00b00074
007e008b
00de00a1
00ab0089
009800bb
009b009d
007900a2
00a9009a
0089008f
00c800b2
00cb007d
00a1007b
00a50087
009900d0
00be00de
00a700a6
00c100bb
009d00cf
00900090
007200a1
009500a0
00c7009a
00a7008f
008500f6
00860090
0095009f
008c0091
007b00b2
00a100b3
009800a1
00ce00b7
00950098
00b800a6
00890099
00a5008f
00ad009a
009800a7
00bf00a6
00bd00ae
00cf00ab
008b00ad
00890082
009d0091
00880085
00cf0091
00960098
008d0098
00f20086
009b0085
008100a5
00a50093
00d00096
0089009f
007f007a
009200af
009000b8
0081009b
00d700a6
00be00ae
00be0090
00bf0086
009a009f
00a500a9
00920087
00ce00c9
00ab0093
00a0008d
008700bb
0082009d
00860092
00a1008f
00b00097
00c300c1
00b10097
00b000db
00ba00bf
00e100d3
008700b0
00a3008a
00bb00a7
00a1008f
008e00aa
0080009f
00920089
00ad00eb
00a300a1
009700a3
00a200a0
00d900dd
008b0093
00990096
007500ce
00b00096
008d00b5
00b900b2
007e00b0
008b007e
00970106
009800a2
00760083
00b200a5
00a100ae
00e700b0
00a000ad
00cd00ee
00e000a3
00cf00c2
00d800c7
00bb0092
009a009a
00c300a8
007b0090
00a100b0
00910085
00b2008e
009800bb
008100b1
00c5009e
009e0095
00ca0099
009600a2
00da00cf
00950092
00ab00c1
00af00c8
009800d9
00a100ae
00d5007b
009b00cf
00e300bf
00c50088
009600a6
009a00a5
00c8009f
00e80099
00aa009b
00b200d8
00a000a2
00ba00ba
007c00af
009f00b0
00b200b3
008900af
00b5007e
0095007b
009d00b3
00bf00c9
008e00cf
00a100f7
0089008b
00a300d2
00a500bb
009800af
00a9007e
00bb00a0
008800c3
00a90088
0070009a
009b00a3
0097009f
0098007d
00a000c5
00b500b1
00d300c3
00a900cf
009f00a2
00b80082
00b80095
0085007d
007e00a7
00ba0097
009b009f
009300c6
00a80090
00bb00d6
00900082
009000af
009900aa
009700c2
007e00aa
00c30086
00b000b5
00ae0083
008d00cf
00d10089
00aa0081
00ad0092
00a800b9
00c000aa
007f00b0
00a10087
00aa00d9
009e0099
0099008d
00ad00a9
007d008b
008f00a6
00b100b6
00a000ad
008f00af
00a100ff
00be00a8
007000bb
00e80089
00c600b5
00ad00a0
00ab00a5
008f00c2
00d50092
00a2008f
00a10088
00a7009a
00930087
00890087
008d0082
00c300b8
00b300a1
009d00c3
00df00c7
00820096
009600bf
009500aa
00a3009b
009600af
009600be
008f00b9
007e00af
00a800e5
0071007f
00c800a6
009e0086
009f0083
0096007f
008c00a1
00b1007e
00860095
0098009a
00c800a1
00c100a6
00750086
009300af
00ad009a
0086010d
00af00ba
00c60091
009b009d
00bb00a8
0099009a
008900b1
00b100af
008300a3
00bb00a8
009f00ba
00a900a8
00910091
009a0097
00b30082
00bd009a
00b80088
00a60092
00c10090
00ba0080
008f00ba
00a600b8
00a8009b
00b600ab
009e008b
00a000d0
0080008e
009e00a1
00c800c6
00b800a0
00ae00bb
008200a3
008d00aa
00a100ea
00d20089
0095008b
00a800ca
00a900c9
008600a6
009d00a5
00af00b7
008d00b9
009f00cb
00790095
00a500df
00c200a8
00850093
008a00ba
00af00aa
00e500c9
00b6008e
00a200bb
00a100c9
008d00a5
00860083
008e00a5
008d008a
011200f2
00b900be
00c30085
00c00084
0088008b
00900097
00ad0085
00aa00a7
00a50077
008400cb
00ce008e
009f0080
00bb0082
00a9007e
008a0096
00b0008d
007f0083
00ae0078
00890092
008e00be
00ab00c3
00960093
00790089
009600d0
00b5008e
00ad008e
00890087
00ca0099
00be00a0
00b3009f
009100c5
00bb00a6
00e20091
009000a2
00a700be
00d000ab
00b2009a
00b50079
009e00d5
00c700b9
00b700b8
00af008f
008e00be
00ad00af
007f0103
009900a9
00810099
00af00c0
008d008d
00a600a3
008300d9
0083009a
00a600be
00a600d6
0083009f
007c007c
00ba0079
009a0085
007c00a1
00bd0091
00990097
00d7008a
007e008f
00a200c9
008c00b2
00bd00af
00fa008d
00b700a6
00ad00c8
00ca008b
00ab00c8
008b00b8
00a300b8
009100a2
00cb00c8
00830075
00b700b1
007d0099
009d00b1
00d600a0
00700085
009e006d
009b0088
00950084
009000ca
0088008a
009e00ab
008e00a3
009800bd
009a00aa
00b3007f
00930086
00a90097
00ad0091
00a60112
00b80093
008d008e
00a200fb
009d00d1
009500cf
009a0092
009900b7
00a20091
00c8008d
009e008e
00a900e5
007a00c0
00af0086
00b300a7
00c5007b
00b00087
00ad00cd
009500a9
00a100c1
009a0098
00a300b3
009a00c9
009b009f
008d00a3
00bf00aa
00b100af
009500d1
00a8008c
00b70110
00880079
009f00c0
008a00af
008d008d
008d009f
00960074
00b200a5
00a0008b
007600cf
009900c1
009e008b
00760090
00d30077
009700ab
00960092
00c30085
009e00a5
008d00d3
00c00092
007f008a
00a30086
00b20081
00a700a3
009b006e
00a2009e
008a00ad
008600ab
008a008b
0084009a
00710085
007e0083
00b30099
00e30081
00ba00bd
007d0088
00870091
00ae00a3
00c7008e
00b00106
00bf009b
00a6009e
00a300c1
009a009b
0082009e
007500a6
00930092
008700a2
00b500d9
00880085
009300f3
00c800a0
00c500b8
00c6008d
009f0096
008a00c8
0089008f
008d00e8
008d0084
00b00084
009a0092
00cd009a
00b0009e
00a500bb
00c50086
00bd00ae
009100af
00c700ea
009700ea
008e00ae
00b300a2
00a50097
00a300a8
009900c6
00ce00c2
009200b3
009600b5
009500a1
00a0009b
008200da
00b6007b
00aa00c9
00a6007e
00e90078
00bf00ff
00ad00c9
007a00c1
00b200db
00ad00bd
00d10097
00f300ad
00b200a6
00e600a9
00a60086
00c700cb
008700a8
00b500bf
008c0089
01190090
00a60090
00fa008d
00870093
00c200c2
0099009a
00ad00b2
009b00aa
008b0077
00970093
00a000a0
00a10086
00bb00a1
00a00093
00d100a3
009d00c9
008d00a0
008600df
00ad00b1
007c00aa
008b0091
00b000a8
007a0083
00a800ba
00bd00aa
009f0098
00b2009a
00b800b9
00dd0093
00a900a1
008f0098
0099009a
00bb00a9
00890097
008d0096
00af00c5
008a0095
008e00a5
008a0086
00c800a2
00c200a0
00860096
009f0097
00b8009d
009200a0
00ad009f
00a30080
00b5006d
00af0096
009e00c0
00be0092
00bd008b
008800a0
007f00aa
00bf00b3
008e00af
00a900a5
008800b0
00a900c8
009e00b8
009700a8
007d00b3
008d00b2
009300a3
00e10082
00c200bd
008b0099
00b900e2
00cd0080
009100a2
009b00ae
009d0092
007a00a8
009100b6
006b00c2
0087008b
00ba00bb
008d008f
00bd0095
00980072
008a0073
0096008a
00e900af
008e00aa
0087009d
008e00a0
00b200a8
009200a1
009800fa
008a00a1
00a200c9
00ce00b3
00a600b2
009d009a
00b100b7
00b700a2
009300b5
00ae007f
0086008b
008e00f2
00b5008b
00a800af
007b00d5
009200bd
007f0099
0092008e
009500b9
00b100b2
00d600a1
00b800a0
009f0093
00af0091
00d000ab
00a00087
008f008e
00ce00ad
008600bb
008700c7
00a600b8
009600a6
009200c8
009e0086
009800a5
00bb00ce
0097007c
009700b1
00cb010d
00e900b8
00ba008f
008d006e
009300b2
008b00b8
00aa0079
008700b3
009a00a3
00ae00c2
00b300a6
00c2009a
00ab00ab
007e0079
00db00a5
00ca0083
00af00b6
00cd00df
00cd0079
00a200c7
0093009b
00ae00a0
008d0091
008a008b
008300a2
009600ae
00b200a9
009d0086
00bf00ae
00aa00a8
008d00b6
008600af
00be009e
00ca00ad
00b600a8
008900a3
00bb00ae
009b00c6
00dd009a
0066007f
00b800a1
00ea0093
009e00a0
008900d3
00b50083
00980093
00780077
00b200aa
00970082
00eb00db
00aa007e
00b200b1
007b0096
009d00af
00a300aa
008700c7
00960093
00c80092
00de0078
007f00b9
009800b0
00c90095
00d1008f
00930099
00a500b5
007500d3
00c9008f
007e00b0
00aa008e
007b00a7
00ab00a2
00a60099
007d0099
00ad0099
00c200a0
0083008b
00c500a0
00b200ba
00a3009a
008400a6
00df00c5
0083009f
00a500bf
00a70095
00aa00b8
00a2009b
009a00b7
00ce00e0
00b000b6
00bb0092
00cf0081
00bd00e3
008e007f
009200a3
00af00b6
00ab0096
00b100a5
00aa009d
00b90071
00b300a0
009100be
00d500eb
00b800ae
008b00cf
00aa00bf
00a200a3
009800a2
00a00092
008500bd
009300ab
007e00aa
00ba0081
00860096
009f00b9
0076008d
00c20089
00c30095
007600bd
00a2009a
008600b7
00c900a7
007e00aa
00e500c8
00b6008e
009300bb
00b100d1
009e009d
008b008d
00b800bd
009500a6
007b00a6
00950098
008a009e
00c100b5
009700a8
00b100a7
008c009e
00a900a1
00a20099
00db008b
009200af
00ae0083
0086009f
009a0091
0090009f
00a3008f
009e00aa
009d00cf
0091008a
00ca00b9
008f00c2
008200ca
00c500d8
00ad008f
008700b3
00bf00c9
00920075
00b3008c
00c000be
0099008e
008c0091
008b0089
00b300e6
008b0073
00a600a3
008200e9
007900a7
00ae0095
007e0087
009a00a0
00d00090
00a1008d
00950090
00b000b9
009900a7
008700be
00bd00a9
009700be
00d000e5
009d008a
00a600ce
009e0086
00b20091
00cd008a
009d0097
00850091
007a00aa
00c100bf
008a00a1
009000a0
009600e9
008e00e0
00890079
00ad00a6
008d0075
00c20095
00bd008d
00830092
00b600ad
00b70086
00bd009e
00a90096
008300a8
00f700bd
00bb0099
008a00ae
00b500a9
00a800ae
006f008a
00e900ab
008900b1
00ce00c8
01500091
00e30090
00b60097
0086009b
00dd00a3
009500a7
009900a9
00cf00c8
00cb00a7
00b300bd
00a2006e
00c9007d
00c100ab
00ae008f
009d0099
009300d9
009a00a0
00b00081
00d900a0
009b00f2
0095009f
00970078
00b20099
007b008c
00a300bb
00ab008e
00c50084
0095007e
00a90082
00b90084
00a600a8
00cd00c8
00a100a1
00c800d8
010b00b2
00e8008f
00620091
009600b6
00830089
00a500a1
00a8007d
009200fe
00c70098
00870084
00930095
00a000c0
009700aa
009f006d
00bb0090
00a000a6
00bd009e
00a100c9
00c600af
009800bd
00a00088
00d8009d
009f0075
00a100a0
007f00a0
00ea0098
009200b7
009b008e
00d00090
00aa009d
00a000a5
008a00c7
00d0009d
009d0078
00e30085
00a900c0
00b00093
008300d0
00bd009b
009200b5
00e5009e
00a100a0
009000a6
009900b3
009d0090
009300ad
009000b5
008d0076
00c1007b
00a300ad
00a100c3
008900a8
00b90087
007000d3
0090008d
008a008c
00ab00a5
00b300bf
00a800af
009f00ad
00ad00a6
00bb0092
00920082
00f600a1
00960095
0081009b
008c0096
00920089
00a90074
007f009a
00aa009b
0075008d
0089009e
00920095
00c10096
008800ba
00b000af
00950096
009b008b
009900b5
008400b7
00ea00a0
012200c1
007e00a7
00a600d1
008900b2
00ba00ad
00840092
00a9008e
00cb009a
00e3008e
00b200bd
00b800cd
008b009a
00e700a0
008200a2
009200a3
009100d5
00ad0099
00aa00ae
00a200af
009e00a7
009e009e
00ef00a6
00da009f
00a600c6
00c100e5
0097008d
009500ad
00f300a7
00730099
00980096
00dd00c3
00b000b8
00a600ad
00910082
00ca0081
0096009a
00ae00b8
00ba00a6
00af00b6
00a90098
008500bb
009e00c7
00cf00d1
00980092
00a500c7
00b000b5
00d2009f
00a6009f
00b70089
008e00b1
00a100a8
008b00b8
009a006f
00ca0092
00a50074
00a700c0
00aa00a2
0076008d
0089009f
00930087
00d800db
009200a5
0098008c
0098008b
009500ed
00f000a2
00bd00a1
009f00b8
00ae0080
00c000b0
009d00aa
00af008d
00bd00a9
009b0093
00a50088
00ad009b
00c300a5
009e00db
00bb008c
00bd00f0
00ae00c0
00a800be
00b1007f
00a800c2
00c90092
00b300b6
009700a2
00b500b8
009000bf
008400e5
008f008a
00c500de
00cb009a
008e00a3
00bf00bd
009300ae
00b000a1
009300d1
00ad007b
009d009f
00ae009e
00c00095
00ab0089
00af00cb
00a300a1
00c00092
009500da
0091009b
007f0096
00a100ea
009f00e6
00d000de
00c200c7
00b20086
007e00c1
010d00ab
009f00cd
00a100aa
00d900c6
00a8009d
00c100ca
009500cf
00b000a1
00e600bb
00a8009a
00f00099
009e00aa
00b900a0
00a00090
00980092
00aa0092
00df00e7
00960089
0086008d
00b8009e
009200e9
009a009e
00b000df
008000a8
009500bf
00cb00d0
00c000c5
00be00a3
00cb00a3
00b000af
00a600cb
00aa009d
009200ce
00de00a5
00a70102
00a300b6
009f00be
00c600b1
007900bf
00c10098
00da009d
009a0087
008700d0
008f008f
008d008d
00a000b8
008d008e
009700a1
00960085
009800b5
00a200b1
00c60087
00b000b6
009300a1
00b100a7
00b0008e
00af00a1
00c500ae
00920095
00ab00ae
00ab00b3
00b300ad
00b3008f
0067007f
00af0072
009a00b6
009f00ba
00a30087
00be0108
009d00b6
009500b0
00910070
007f00a0
00a600b5
009100ae
00b10083
008f0071
00890088
00aa00ad
00b500a6
00a100c2
00bf00a7
007e00b5
00be008b
00890096
00800092
00aa009f
00c2007d
0091008a
007c00a8
009b00a3
008400bf
009b0098
00a70092
009f009a
00af0097
008200a0
009600dd
00a60086
008d0097
009d008a
00b700af
00b800cf
008900bd
008e008a
009d00b5
00bf00a1
00ba007f
008900a7
009700a7
009500a0
00a000a3
00af0093
00b900a3
00b900a2
00980077
00b00090
00a100a0
00ba0092
00ee00b1
0097009b
00a6007d
00c900b0
00c200eb
008300bf
008c00df
00a50097
00a600ab
00d600af
00840098
00ab00b7
009300ae
00c200b2
00c30089
00960078
00a900a0
00a000c1
009f00b5
008a0098
00bf00a7
00ae00b0
00b900af
00b800c3
009f00c6
00ad0099
00850076
009f0098
006700b7
00bd0081
00680083
00a80083
00a6007b
00a9008e
008300a1
008a009d
0093008d
00790070
009a00d8
009b0092
0073007a
009200d1
00b700a3
00b800e2
009700a0
00aa009d
0095008c
007f0092
00a700b7
00aa0089
00bb008e
00cb0088
00be00c6
00ab0096
00b600bd
0093009f
00d200be
0092008e
00b50081
008700c0
009e0086
00e700af
00a700b5
00840098
00ca00d2
00a000d8
00ab00c2
008f00ab
009300be
00ae0097
007e00bd
007900af
008900c5
008100b5
00910088
009d0096
00b800ea
007e00a7
009200d7
00a50099
008a00a2
008b007b
00960092
00da008d
00b5008d
00a0008a
009d00d9
0090009b
007500a3
00af008c
009b0097
00ef00b3
00b5009b
00ca00c9
00ad00ca
00b000c7
00e100b2
00880099
009b00a9
00a90097
00da009f
00d000a3
00a20098
00c200c6
0085009e
00be0088
009d00d0
00ba00d7
00c30077
00860095
00a800a3
00aa0092
00a5007d
00ae00c1
0081009d
009a00a9
00bf00b3
00a90096
009b0097
00c60080
007a0088
00bd00ad
00c600aa
00d1009a
00a200be
009300a3
00ca007b
009700c9
00af0096
00a60079
008200b6
008c00cd
00b80091
00b5009f
00a700d2
00950081
00c300a6
009a00a6
009200af
00ad00ce
00a700c7
00b20090
009500e2
00c20090
008a0092
008100c2
00a200be
00a700b6
00c20092
008d0086
00cd007e
00bb0098
00c10092
00890091
008200b0
00890091
00a900bd
009200a0
00fe00a2
00af00b6
00980095
00bb00d7
00ad00da
00a300c1
009300bb
00c60072
009200af
0096006e
008100c8
00a900b2
00a300ae
00d100a9
009d00c9
00a900c0
009d00a1
0078007d
007e0086
00a20090
00a000c7
009a0075
0089008f
00ae00a8
00bd00a0
00c10080
0081007b
008b00c3
00ba00d5
00840086
00c300b1
008f009b
0092008a
00db00c3
00bb008a
00930096
00b000b5
00aa00b5
007f00ad
00b300a6
00c5008d
00870098
00c30096
00a000b8
00b100a0
0079009e
00a80091
00a900ab
00a800d8
00980093
00a80086
009e00cb
00b20099
00ae00b1
00a500e2
008000af
00870095
00b000aa
007f0074
009b0083
00c200a6
007d00be
00b800be
010d0074
00820095
009a007b
009d009d
009a00b0
00ae008d
008a008b
00860099
00c800a2
00ba00a8
01020086
00950079
00c8007b
008e00a9
0089009b
00c200a9
00a900ab
00a200b6
00b700ad
009200a8
00f100e1
008400ba
009300a9
00a100aa
00a200b1
007600a8
01120092
00af0097
00ef0084
0093009d
0077007e
00a70093
00910097
00a20096
009600b0
00a700c5
00920087
008f0092
009f00b6
00c50085
007600c1
00b000a6
00c7009e
0086008f
008500b0
008f00a9
007e00a9
00890097
00bf00c8
00c60099
009300b8
008d009b
009e00ab
00bd00bd
00790095
007e0084
009b00e9
009f007b
00a70092
0095009b
0090008e
00e600a7
00b60083
009f008f
00850099
0110007d
008500c0
00a700a6
009700b6
008c00a7
009a00a1
00a800a2
009a00a9
008900a6
00d80081
00b100c5
00a60099
00a80096
00ad009e
009d00bd
00a70092
008f008f
00aa0092
00990090
008c00d8
007e00d3
00970083
00d600c3
00820086
00a0009a
0093008d
009300a9
008a00a2
008200bb
00c6008a
00a1009f
00a800a6
009f0075
0091009b
0099009e
00f000bb
00bf00a2
00c80099
009100ba
00ad00b9
009200b9
009800b2
008d007f
00d300b8
00920092
008b007e
00bd008f
009500c8
008900bf
008d00be
00b0008e
009e0082
00ad00b2
00c10077
00bb00b8
009800a2
00a000b8
00910087
00af0085
00a80088
00830087
00bf0086
009e0071
00a00087
008300c8
008500e5
00e300ae
0099009e
00ba0099
008c008b
00920082
00ce00a1
007a0081
008300a8
008900ca
00a700aa
009f00ba
008e009a
00a000ca
00960097
00b300d0
00a3009e
009e009d
00d000a1
00cb00c7
00ed007e
009b0098
00a600a2
00a100db
00d1009a
0093007d
00be00ff
00ad008f
00c8009a
00a2008a
00a5007f
00ab00d5
009300ce
00a800f8
00990097
00c10093
00bb00db
00a0009e
008500ab
00c30086
00a30097
00a60085
00ca009b
00ae00ba
00ae00a2
008b00ab
00c2009d
00de00c6
00e1007f
00a000a1
007f008f
00a200be
00b2007e
00b600b5
00cf0089
00b600b5
00cf00a0
00a9008d
00bb00a8
0073009b
0097009a
00a3009b
0078009b
00d000d6
00ba00a2
00a600d5
009200af
00a100a6
010d00a2
009d0097
00b700aa
00a500b9
00aa009e
00b20089
0087008a
00b300b9
00d900cd
00b10097
00a10099
00bd010d
00b500a2
009500c6
00c600a8
00b600de
00a100a0
0098008b
008a00df
00c7009a
007a00a6
00c3008a
0073008f
00c80091
00870084
00a70083
00b80091
00c9009d
00b5007b
00a90095
009b0087
00a300bb
00a90086
00830087
007100f2
00920089
007900ae
00d000af
009a008f
0087009f
009e00bf
00a60098
0098008e
00af00b5
00990087
0093009e
007200c6
008e008f
00a10083
00ba0075
007a0087
00a00083
008b00b8
00c50087
009e0092
009e0086
00af0099
00e500a9
0090009d
00a200b7
00920082
0090006f
00c8009f
008e00a0
009800ad
00c100b9
008f0092
009a00b5
009f00e1
00ad009b
00a0008e
00a0007d
00a60099
009600a1
00ae00a6
00b600a8
00d900a1
009b0099
00890099
008300cf
00a900fb
0087008c
00a20085
007b00ad
00ea00c6
00c6009b
00aa00b0
008f0084
00d300ba
00a90095
008b00b3
00980098
00c6007f
00c200b2
00d700a9
00b1008e
008b009b
00c200a9
00cb00a2
0093008d
00be00c9
00b500f2
008f0090
00bf009d
00a500ba
00aa008e
00a30068
008c0096
009f0095
00b60081
00890083
00a9008c
00a200ae
007e00b3
0092008b
009800b2
00b000b0
00e600a2
00800096
00d600aa
00b100b2
008100cd
009a0089
00c200b2
008200ff
00b6007e
0073009a
009600c0
00b100b7
009900df
00ba00a6
00a30097
008300d5
00c50098
008500bf
008e00bd
00c1009f
00d700fd
008d008e
009600ca
00ab00c9
00c70086
00b000ed
008e00aa
007d00c7
00aa009b
00ab00a9
00a200c3
00a50091
00ca0083
009a00a7
00a900af
00a200db
009b00a9
008e00ae
009800a8
01010088
009d00b7
007a00ce
00a00077
00eb0085
008b009b
009a00d5
00990090
009900d5
00a5009f
00a50086
00a200aa
009a00a2
008a00da
00f500c2
008b0083
00b200af
00af0087
009600a8
00aa00d3
00af009b
00c300b5
00990089
00d800d7
00db0095
009100b6
008f009e
00bb0093
00aa00a0
006d008b
00bf009f
0087006e
00a600b5
00b00093
00950087
009d00b0
00a7007b
00b800a5
0091009d
009b00b2
00970093
00ad00ef
00af00a7
00ab0095
007f00a3
009000a8
00890086
009600a3
005f00cf
00a200b2
00b7008d
00880087
00b30088
008b008e
00870095
00aa00d0
008f00c5
009800a9
00a00097
00be0099
00b5008f
00a90096
007e00a3
00860096
00d700be
007f007e
00ca00ee
007d00a2
008a009a
009d00a2
00a10096
008f0081
00b2009f
00aa00a6
007600a7
00f0009e
00a800a1
00a100b3
007d00b7
00a500af
00a300da
0085009a
0078009f
00af0097
00a900b9
008b0112
009700ad
00b0009e
00e300d8
0072009d
00b200a7
00b3009a
009b00a6
008600a9
00dd0092
009b008e
00cf00a1
00b7007e
007000a9
0079008a
009100b0
007f0089
00b700b6
00c70089
009e00a0
00a20095
009300bd
007c00b7
00aa00db
00aa007a
008f008e
00a3009d
009700b2
00970063
008200a1
00a3008e
00a00093
008300bb
00a6008d
009300ad
008a0083
00b500ab
00c5009b
009500b8
009d0083
00db0086
0095006b
00a300ad
00990098
00bb0077
007e0097
00c6005f
00b80085
00b50096
00f900b1
00aa00a3
00ed0095
00c80062
0096008d
00b30096
00b100a6
00a000d1
009900af
00a300cd
0092008e
012500af
00910080
00b300bd
007900b2
00c7006e
00810089
00c60095
00b80086
00da0083
00be009d
00a200bd
00a100a2
00b0009d
00b10083
00cb0092
00ae00ba
009800a1
00980091
00a000f3
00b00099
00a100d1
00b000a6
00a9008e
00b0009a
00ad0086
00a900cd
00b300e0
00b500df
00f300c1
00d800ad
00cf00ab
00a3009b
00a2008d
00ab00b8
009b00b5
00a8009a
00ad00a2
007400b7
009a00aa
00d100b8
007d007d
0083008d
00b500d7
00c800a8
00c20076
00a200a3
009d0092
009a0096
009200ad
00a800e5
008a009f
00bf009d
00ba008a
00960083
00c000f6
00a100ad
00b1009d
00c600c7
00a50095
00e60092
008600a7
00a300ad
00a30091
009b007f
007d0095
0091008b
00b50087
009f00cd
009200ae
00bf00a5
009d008f
00a30080
009300cf
00de007e
00980092
00cf008a
010000b2
00af00a3
00ad00c5
008f00ce
007b00b3
00b900a5
00a600aa
00a100b9
009e0099
008500b0
009700b0
009800b9
0091007b
00c300b2
009500a2
008f0089
00a80092
009500d5
00a600a2
0092007f
00a300a6
00b30097
00b300b7
00880135
008e00ae
009600a0
00b500a3
00a00098
008d0097
009600c2
00950088
00820092
009800bd
00c300b0
00920086
00c20095
009000be
00b2008a
009500a3
00ce0098
00b7009a
00760099
009800bd
00c500b0
0099008d
00910092
007d00a2
00b600b1
007d00b1
009600a7
00a70069
00e80093
00880068
00a50095
00a20087
009200af
00af00bb
00bd007e
00b2009a
0082006e
0083006d
00b3008b
00be008a
008500f0
00a600cf
00a20098
00d1007f
00be00cd
00c80092
009200ae
00b500b3
00c500b9
008a0081
009500c1
009100aa
00b50096
007900a2
008b00b7
00a000ba
00c7008d
00a100a9
009e00ae
00a900a1
00d700ab
00c30099
00bd0084
00aa00a1
00be00d9
00a10091
008a00a3
009800d1
00b200cf
00aa00b9
0097009a
00ab008a
009f0093
008e0091
00960091
00c5009e
00b1008e
0093008a
009f0095
00a00087
00ad00a8
009b00d6
00a800b3
00a800b6
006e00b6
00a5006a
00a800a2
009b00e0
00a600da
008e00be
00aa0097
00aa00b7
009d00a8
00960091
008900ce
008600f9
00b500a0
008d0080
008300cb
00980098
00d50075
0083007f
00a90098
00b800fb
009f00bb
009500c3
00a00083
00b900b1
00aa009e
00900081
00810090
00c30092
008500c0
008a00a3
00900083
008c0090
00ab008b
009b00b2
00a3008d
00a000cd
0083009f
0081008c
008900ee
00c1009f
008c0092
00860096
009e00b1
00be009a
009a0095
009900a9
008a00b2
00ad00ad
00b60097
00a00098
00ab00b5
0097009b
008a009e
0079009b
00b10091
008d0129
00b100c5
00be00b7
00c2007f
009b00c8
009200a3
00a700c5
00bd0098
00a300a1
008700bd
00da00b6
0077009a
009900c1
00a900b3
008700a8
00c000b5
00c500a3
00b600a8
00ad0076
00b90088
00a3008a
009200bd
009e00b1
00bd00de
00e90095
00a6007f
00bf007b
009b0099
007f0098
00c6007e
00a900d6
009700af
009700e6
00b70093
009b00e3
00a100c7
009a009d
00d80085
0086008f
00a30096
00ab00a9
00b900c2
007e00b7
00950096
009700db
009b0091
008a008f
00a600d8
00b30096
00a600b1
00c0007b
00c100e7
007c00a3
00c800ad
009a009e
00ab00ad
00730091
00b100c8
00970093
00f100b8
009f0091
00c500d1
00a00091
008500ab
00cb0079
00980096
00e500b5
008f00b8
00ab00d2
00bb009a
009700af
00a700b5
00b60086
00c900b2
008d00ad
008a00b2
00980089
007f0070
0093009b
008200d6
00af00ca
00b6007e
00b300ba
0092007f
00760085
0081007b
007f0086
00b00081
009200a9
00aa0061
00b00072
00a20097
0092008a
00890098
0085009b
00a10095
009b00c2
00950098
008200b9
009f00c3
00b10091
008c00d0
0099009d
007800ff
00730099
00f60097
00b300ea
00ab008a
0073008d
00cb0080
008a007e
00960095
00910098
007e00af
00ab00fa
00a20082
0083008b
00b800b8
007700b0
009a006f
00c900a1
00a900a3
00ab0085
00850091
00f000d1
009000d3
00b300a6
00b5008f
008c008b
00b90087
00c100b6
00a8009b
008d00a8
00b8009e
00c70099
00e90099
00e700af
00950118
009b00aa
00a7008f
009800b9
00e20092
00ab00b2
00bd00d8
00960093
009d00d5
00b0008f
00a00095
00910082
00c600e1
00a200bd
00890091
00820096
00a100a1
00a9008a
0075009a
008a00b3
00a50098
00710088
00a60081
0084008f
00cb0093
0083007a
0093008a
00b0008a
00a50099
009200a1
00a0007e
00e0009e
00b900c2
00a200b5
008700a3
00a200bf
0091009f
00c000c0
009200a6
00c600b9
00bd0098
008a009d
00ad00b1
00c10090
009700aa
00a500be
00ae0098
00bb00a8
00a000d5
00aa0061
00b000d5
00f800ab
00c50099
009100a1
00970079
00d500ae
0099009e
00950077
008300b2
00a900b0
008600a1
00930081
00aa00b5
0079009a
00b000a6
00b9009b
009e008c
00af0096
00950079
008a00a2
009a0093
00b300dd
008e0091
009f00c5
00a100b7
00a5009b
00bd008e
0099009f
00dd00f0
008d00bb
009d00a2
008d007f
008400af
00b3008c
00a900c8
008e008f
00a600bb
00b80091
00cb0083
0077008a
008e00b2
009d009b
008b0078
008b00d2
008a00be
00ae009e
008b00cf
008b00bb
00a300a3
00a700a9
00e6007e
00b100b9
007b0091
009600a7
008600a6
00b700a3
009200ae
009800d7
00bf0097
00c800c9
00a50084
00aa0089
00ef00bd
00a70087
00c60097
009d009f
00d80092
00ad0092
00b700c9
009d008c
00a5009d
008e0086
00ca00b2
00ca007c
009000d6
008f00da
00a900a3
00bf0088
00d900be
00920099
009f0096
00b6009b
00b700d6
00b200a6
008d00b7
009200a2
00bd008e
008f0079
00b700c6
00b50108
00e70099
00c10098
008d00b9
00890087
00d000b6
