008d00e2
00b600ed
00aa00d7
00850076
006d0069
007d006b
005c007f
007f0072
007f00ce
007c0076
008b0092
00d20082
006d006f
00930083
007500c6
00a600a5
00bd008a
007b006d
006e0075
0068009e
006e006e
0060006d
004e0066
00830077
009800a9
00a00086
008f00b9
009d0091
00d90076
00a000b6
00b20090
008a00a3
006a00f7
007e00a7
007000b6
00800088
0074008e
00830095
006b0086
006f0088
00a200d2
00a800ba
00a1008f
007d006e
008b0070
00790072
00810076
0071007b
008b00b7
0090009b
008c00b5
00a1008b
00ae009b
00790076
008d00aa
008d00ab
00ad0118
00f800b8
007c00de
00920088
006a0070
00810076
006f0089
008d007a
00ba00f1
010100f8
007e00b8
00900085
00830078
007e0076
008a0073
005a005b
006d00fb
00670065
00650078
006a0059
00820059
007b008f
00560067
00710065
00e600a8
00a600c1
0076008f
007400b0
00670082
0062007f
00750080
006b008e
008900ab
008100b1
008a007f
0096009d
00a100b8
008d0082
00ab00a3
009a0075
009a00b3
00aa00a3
00b10093
00d3009e
009b008f
00be008d
008f00a3
00a50076
00ae00eb
00a100ca
006a0086
00f5006d
00800099
007d004b
005e0062
00630057
007f0090
008a00b7
00bb00b3
00b50077
009b0099
00be0083
00960077
006d0090
009f00ca
00d900ef
007e0095
00a500ab
0082008f
00d800a0
008c00c5
007c0108
00ad008e
00bb008c
008500c3
009300b6
00770096
009b0098
009b00b6
009300ad
00a20091
0086008a
00c1008d
0098008b
00c100b7
009800a5
008800a0
00a700b6
00b50372
00aa00a2
0092007e
008a008f
0073007f
0092008e
0087008a
00830090
009e006e
00ae0092
00b70091
011500ce
008400d0
008e00a0
00c100a2
00c500aa
0081008e
00a70086
007f008d
0083007b
0078006a
00920089
0090006f
00720075
00bf0084
00970097
0093008d
0093009a
007d0096
008b006d
00a20083
00a70081
009900d3
008a0092
00ae007f
009a0097
006b00a0
00a000aa
00ca00c3
00bf00db
0083005a
008d0077
00d20098
00b600a9
008900ab
00b300cd
007b0098
009100b2
008500a3
00cf0088
00a300a1
009600d3
00910098
009d00b2
00900096
006c009e
00ba013b
00ca008d
00a10096
009d00bb
008f0076
008b0089
00ad00a0
00b000c5
007300ad
00e80109
00a1008c
00a300ab
00910086
007f009a
00c3008e
00b5007e
008e0093
007c0099
008d0096
006b0086
00750083
008300ab
009b0072
00b3006f
0079008a
00920091
00820086
00a30076
00870076
006a007d
0077008b
00910083
00eb00b7
009500a7
00980081
008b0084
008f007a
00810086
00bd009b
0096006c
00a00093
008e009b
008a00f8
007b00a2
00890098
0075007d
0086009a
0085008f
00a20086
009f0092
00be00b7
00a7007b
00c600a3
00ae0099
007e0081
00c80092
0070009d
00bd00b0
009b00ab
00c100a3
00ab00b1
008800ae
00a00088
008a00a9
00ba00b0
008900b2
00d100a2
00a1009d
00a2009b
00c0008a
00b200a8
00ad00a2
00d600c7
008a00c5
00cd0082
00cf00a7
00a5008f
00ce00b8
00c00073
007400b8
00bf009d
00a10089
00a3008d
00b600c3
007300ad
009800b0
009200aa
00c20093
007a00d0
007f006b
00ad0085
00700089
009300a8
00640086
00a10076
00af0091
00cb013e
00b600bb
009900bf
006a0098
0068005b
00640087
005f006f
005f004a
007800a6
0075005d
005f0065
004a006e
007d0063
006b006c
005e0072
00570082
00b90085
00c80098
006200de
008500c1
008600d2
00b000a7
00860083
0084009a
00a600d1
00b800c0
0093007a
008a0078
00aa00d2
009d0087
00920086
0077007d
00f300ae
01470180
0075011b
00710065
007c006d
0062007e
006d005e
00670081
009700f9
007a00c7
00c700a7
007900b1
00b000c9
009600a9
00b90088
008600b1
00b100b9
009200a2
00910072
006b0060
0098007b
0071007a
0087007b
00720079
01650098
01c20121
006b00b0
00620073
008a0072
00880081
007e0063
0084006b
007b0098
008e0079
00a30086
00690074
00870083
008f0073
00770083
007e0061
00c600ad
00b30093
00b600a8
008c009b
00c70091
00760082
009000a2
00af00b9
011b009e
0103011f
008a00ae
007d007f
00a80086
00700065
006d0072
0073007d
008a0089
00aa00c0
00a70086
009100b7
009600a2
00900095
008100a2
00a1008e
00c1007b
00f1011f
007600d5
007b00b0
00780072
0073007a
0071007e
00a20092
0085008a
007b009b
00900095
0082008f
00900087
00840085
009d00a9
00980093
009500b7
00b800f8
008600c9
00c0009a
00700095
00b800b1
00b9008d
00b0009d
009b00cf
00ae00b2
008500c6
0089006e
00600075
0083006b
007b0087
0089007d
00b200af
00bb00a6
00a70099
00ab008f
00a6009f
008f00b7
00ea00c9
00bd0092
00db0092
0132011e
006e006f
0071006d
007a0092
006e0073
007f0073
006e0069
007d00a2
00aa00b2
009a0086
00a0009a
008f00d5
00c500b3
00b3009a
00b8007f
009b0092
008900a3
00810077
00790069
006e007d
0076006d
00690089
00790076
00ae00d5
0083009f
008700b6
00b5008c
00a200cb
00970092
00ab0091
009a00a1
00d3007e
007f00c3
007b00b1
009f00a2
009e00b0
008700b9
00ad00d7
008700a5
0085008a
00ab00e8
009100ad
0071009f
007c00b7
007d0099
00ce00a6
00b30093
0097006d
0084007e
00a20095
009200a8
00b8009e
009000b9
00cb007c
00cb009a
00b300ee
00c7009a
008c006a
00a500c3
00e600ba
0098009a
00a900a3
009900ae
0086005d
0098008b
00b7008b
00b20073
00800097
0089009a
00ae00c3
00c00083
00710109
006d00aa
0069007f
009b0059
00790056
005d0051
00540053
005e004f
00670096
009b0082
009d008a
00c700eb
008d008a
009f00be
00a800af
009300a1
014000d2
00610088
0076007f
00b100a3
00760089
008900cd
007a00d0
0090009a
00e60079
00960095
00af00a9
008f007c
00c500dd
009a008a
00890087
007e00a7
00c900ca
00c60117
00c00095
00da00c8
00b80078
00950099
00e200c6
008700c9
00b2008a
009800aa
008d00e8
00c2008e
009900bf
00920100
008600b0
0095009b
00b800bf
009b0097
008b00b5
00aa00be
0084008c
00b60093
009500a1
00d500ca
00960078
00980087
0082009a
0086008a
00820091
005f0086
007600ab
007400a0
00a70076
009100d8
00a200e7
0082008a
00cd0079
006c0085
007100ca
007500a8
006e0088
008200b1
00bd0086
0069006c
009d007b
009100cf
008a009a
0090009b
0073007a
009e0083
009b0075
008e007a
007900a1
0093008c
009d0077
00aa0087
00660085
0085006a
007500af
0077008e
009f008d
00a000a3
00860082
007b0103
0095009b
00e700a1
008e00da
00e800c1
00ab009e
00a500ba
009900c7
00d90099
00dd0089
0152012b
007f00f9
0085008e
009d00a3
007c0093
008800a2
00680099
007b00b6
00a800df
009a00f1
00970087
00a000b9
00780080
009e00af
006400bf
007100ad
0082009b
00a10096
00900090
00aa008a
008d0098
009f0084
008d0084
007f009d
00830071
00ae007d
0084007e
00ad0097
008d00b1
00af00da
00910096
00b3008e
00b7009b
00b200b3
00c100a1
00a50099
00870096
00720078
007b00a6
007e00c7
005e009a
008900ae
009d00d8
009100b1
00c5009a
00a600a5
00b8007a
00e300aa
00f70155
009600bb
0087008f
00a900be
00790072
006b0079
0082006d
00f001e2
00720090
00690073
0085007f
0065005b
005d005c
00680063
005f0069
00af0088
00a2008c
00da00a8
00b10082
00b70092
00ab00a5
012000f3
00b700ca
00ae008f
009f00a0
00920084
00b900d0
00aa0092
00ae00b6
009d00b1
00bd00e2
00a300a8
00a80087
009300c0
008e00aa
00950070
008b008b
007e00c0
009900b1
009f008b
00bd00bf
009700ad
005e009a
0086006d
00970066
00900081
006c008a
00cf00f0
00a3008f
00fd0082
006b0093
009a0095
0090007c
008c007b
008000d0
009b008b
00a9009d
00800099
009b00b6
00b0009d
008f008b
009e00bf
00da0098
00a900f6
00a90101
00b0008d
009d00c6
008e00c3
00cb012b
009e00f8
00a900c5
00b000d3
007e0088
009800a7
0083008a
00a90082
00990088
00bd009e
009d007d
00890086
00750078
00960089
008f0070
007e0089
006f0076
008b007b
0099007a
00d8013e
0090009e
00cd00ae
00e100a8
00c3007f
00ab00a2
008e00a1
00b700af
016e00ba
01270149
0086007e
00a0007c
008e0081
007a0080
007c006a
00560069
00860089
0085008b
00950087
009b00b2
00b500a0
008f008e
00b70079
00ad00b0
00ad00d2
008f00b2
008f00c3
009d00de
009600df
00a700b8
009b00e3
009f00a1
00c8009a
008c008e
00810098
008b009a
009100a5
00bf00a0
007a0091
0089008d
008a006e
00670083
0069008e
008f0072
00750074
009900cb
0069009f
007000a8
00a9009e
00930098
0092009d
00b100d2
00870061
00d300b2
009b0085
009600af
009100ce
00830074
009e0079
00c600ab
00f00092
00db0086
00810082
00a900c7
0082009b
0095006e
00bb00ca
008200b2
008c008a
008100a6
008f0089
009a00bd
00b50073
0095008f
009600ae
00a30097
00ab00c6
008500b0
009600df
00b2009b
009f00e7
008d00d0
00d600b2
010800e6
009900be
00a200ea
00b500bf
00b600b9
00a500a1
00a700ae
00a300ca
00ce009f
00be009f
007f009b
008d00ae
00c00072
00920098
0081007b
00ab0078
00910086
00870093
00950083
007200a8
0083006b
00ae008a
0081008f
007000b2
008b008e
00ad00aa
007a00ab
00b000a2
010800c2
009500f1
008500c8
007f00a6
008d008b
0088009b
0082008d
0078007f
008f0096
00a200c5
00f200bb
00c300e6
00be0099
00a900eb
00c20092
00d70098
00d600b2
008700a9
009200b7
0086009d
00de007d
008400e0
006f0095
008b00a0
00d30071
00a100e3
00d000f2
008d0099
00c100bd
009b00d8
00d700ad
00790086
009e0098
007d0074
00e00069
008100d8
00740074
00b10077
00be008a
008a0093
00b70085
00a000b7
008100a0
00aa00ae
008500b9
007f0078
00b30092
00ca00e3
00a100b9
0085009f
00ae00c9
00bf008d
00b800a0
008100a0
009a00d2
007a0099
009f00b8
00bf007a
00b900be
00ab00e1
00a700a6
00b900a1
005d009e
00850081
00af00a3
00cb007b
009b00a0
009200c6
009b0090
00910089
008e0097
00860098
009b0086
008c0095
00b30073
008300c9
00b300c5
00df00fd
008e00b2
00aa008d
00c500b3
010300b1
009a00ae
009200a8
009300b7
00ab0082
009000c9
00910093
0090006f
00820080
00b500df
006700aa
006a007b
008a0086
00630074
009d0077
00730059
00960091
00e200aa
00b800b8
009100b2
00ae00bd
009800a0
009a009d
00810093
0081009a
008c00da
00bd0089
00840082
007a00b6
007f009d
007c0098
00860079
00c900a1
00b100a6
0082008e
00bf0093
0082009a
00bf0079
00ba00a8
00ae00a6
0075008f
008500b5
00c50096
008000a5
007d0092
00ab0075
00a6009e
00be0071
00b8007f
009d009f
00a10091
00810085
008700f1
009e00b5
008600ca
0083008a
009a00c0
008a0095
009900dd
00aa007e
00bb00be
008f00ce
00af0098
00c1008c
008000ab
009d00ae
00b1009d
00a90093
009f007f
00b50097
00a700ad
00ae006e
007c0063
008a007b
0084009a
00ab00a3
00bf0099
00e700a9
0093009f
00bf008a
008b008f
008600bb
00b900ae
009700a5
009a0082
00b000a5
00d70092
008c00ab
00b600ad
00890089
00be007a
00b50080
0083008d
007700af
008e00bd
0089008a
00eb012e
00d30085
009e00b8
00b600a6
00da009e
008a00a7
017000b2
00c300bb
007500d1
008100a9
006500c6
0063007a
00a80096
00ab0080
0075009e
00af0077
007c005b
00ab00b8
00d00089
009b00c3
00990081
00b0008b
0088009f
00b80093
008a0091
00b600d2
00c100a1
0091009f
00830097
00be00a1
00b70096
009200b0
00d000ab
006b007b
00a300a8
007c00cd
007e00b0
00a8008e
009d0083
00ad0099
00b100b3
00b1008d
00a800b2
0092008d
00a800b8
008600ba
009800a9
009b00c8
00750081
00af0088
00d90095
008e00a8
007e008b
0089009f
006f00bd
008f00a3
00880076
007b007f
00900087
00830097
007c006f
0085006d
0098006b
00a50091
007f007a
00a600cd
009700af
00bb007d
00a7008a
008d00b3
009a00a9
008500a3
009900a0
00ef00e3
0081009a
00690082
0067005c
00720081
008600a8
007d0095
00aa0085
008700ba
00ab0083
008a008f
00be0092
00c5009e
00a00093
008500b1
008d008f
00920085
00ad00d3
009500a0
007e00c7
00b800a2
00960075
009b00e1
00770091
00a600a8
009e00ba
00870090
00a100c6
00990099
00b9008e
00ab00a3
00c90165
009f0073
0077008a
008600ab
00980074
00a1007c
008f0091
00a100ab
00bb00aa
00800096
009a0090
00ae0077
00b50095
00a300b3
00c000b1
009f00ab
0079019e
0083008b
0066007c
006a008a
00560081
00750065
008d0063
0077006c
00b000f3
009f0079
012000ad
009b0097
007b00d1
00920084
00ae00b9
00c60095
00b0007e
00b300c3
00de00e0
00d300af
00c30096
010d00c2
008f0098
0098009e
00950092
0071007a
007f00c1
00b3008a
00920085
00c000b2
009800b0
00bb0077
00d700fb
00700080
00960082
009000c9
00920079
00fb009b
00cb00b1
010000c6
008a00a9
00a900d6
008100a3
0077007e
006e008a
007a0072
00680084
006e007b
00d60072
009f00a7
00760083
007f00a9
0075006c
00930076
00a70089
008a009b
008b00a5
00b1009d
00a90092
00d100c3
00970090
00a200c5
00ce00ca
00af0083
009500aa
00b200a2
008900c0
00c900dd
009d00dd
00b100c0
00b60092
00d9009f
00b5009e
00750071
009000b1
0082007e
00a0009f
00a2009e
00ba0070
00c500a5
009300a3
0097007e
00ab0084
00ab009b
0095008d
00b00093
00b700b6
0089008b
00a20091
00910084
00a80073
00cf008c
00d100c7
009e00ce
00cd00a1
00b200c5
00ed0121
00a200bb
008500c9
00aa00c9
007a0085
00a80085
00bd00aa
00a900b1
008200a1
0071008e
008b00ad
00a800c6
00af00c3
009b00bf
00d700af
00ba00d6
008700a9
00aa008a
0096008d
008600b1
00d800ae
0080007d
00aa0099
007b0098
00af0067
008f00a5
00760098
00960071
008c0086
007b0082
009100aa
00610081
008100a2
009b00ad
008a008d
00cb00bb
008500a2
00cd00aa
00de008d
009700b2
00d80078
00c500ed
006e00d5
00560073
0078006e
00910079
008500a0
008a0075
007600a6
00bb0096
00a2009d
009d00a7
007d008d
0072008d
00870073
00a600b5
0096008b
00a6008f
00a8008e
008800a0
009600c8
009100be
0093008b
00e3008f
00a200dd
00800095
00870098
009f0096
009e00cb
00a70085
00950083
008b009b
00ce00af
00ab00a6
00a60087
007e00ae
00c90072
008400e7
00d800b8
00af006d
00b90083
008d0067
009b0098
008600b5
009800c6
00a700c0
009e00a3
009a00c3
00a100df
00a20076
00ab0092
008b0082
0096007e
008e00aa
009f00b3
00be00a1
007400bb
00c6007d
009f0071
00ad006d
00710087
007500c2
008200a6
0092008d
0071006e
008500a1
007a0073
006b007b
006c0083
00a20075
00a00076
00920072
00ad0076
0083009f
00b5008b
0077009d
00ad00b1
008600d0
00aa00a5
00bf0099
00aa00ed
00990086
009f00b2
00bb00f1
00d50096
00c1009e
00da008e
00ce009d
00c800a3
00a300b5
009f00c6
00a200b6
008a0093
00c100a7
00d6007d
00a800ba
00d80098
00c600c6
00d5008c
00c8009b
008a00ba
008000af
00a10083
00c100da
00a00084
00c80084
0097008b
008700bd
008b00a7
00a00086
009000a3
008200cb
00a7008f
009e0074
009e007e
009e009d
009800a0
00ab00b0
00890082
00a800c9
00b70080
007b008d
00980080
009e006e
00c500c5
00bf0088
00cb011e
00c100d9
007a008a
00b60096
00d3009a
00a500aa
00ae00a3
00c000a1
008200e9
008f00b0
00e301d5
00bb00db
00db0103
00b600c1
00920091
00b600c7
00c10092
00d800a7
00a20074
008d0088
00a7009f
009e00c1
008500b2
00b0009d
00c900af
00bb00d9
00ab0076
00870086
00bd007f
009800af
00c700a5
007000cb
00b700f3
007d008d
007e00a5
007c00ab
00a800a3
008f00a9
009200ce
008200e7
009b0084
009b00b0
0088008b
00b00073
00a500a5
007600b2
008e008b
00c600bd
009b00be
008e00d0
009e0079
00ab00e2
009200ba
00da0099
00a5009a
00b800c6
00a6008e
008a009e
009d00d3
00b10083
00920099
00e20093
0078009a
008900b1
00c60072
009d00b0
009e00d9
009000bb
007f009f
00a70090
00ab0083
009a0098
00c2008f
00990091
00f3010b
00a90074
00db0097
00d900ca
009500f1
00ba0096
00bb00a7
00bb00ae
00a60082
009f009f
00aa0076
00d800db
00c700ca
00b200e3
00a90091
00ad00d6
009b008a
008300ae
008100a5
0091009f
00ab009b
00ef00ce
008e0088
0095009b
00b20063
008e00a6
009b00ba
00dd008e
00b20092
00ad00a8
00860086
008e00c2
00ad007f
00cb00a7
009b00ad
00b000a9
00a1009e
008f0099
00c500cf
00c600a6
009f00ca
00bd007d
00990081
009500a9
009200ad
00b2008a
008d00c3
0091007f
00bf0110
009e0093
0091007e
0089009d
00960096
0091009e
00ab009f
00b000b0
00be008d
00a500a8
009500b2
00900096
008e0096
008c00a0
0082008f
00a800b8
007f0097
007a009a
00bb00b2
00a600bd
00960096
0096007f
008300a5
007b00a7
00b50139
0100009b
00d3010e
00b800a8
00e800bf
00e200c7
009d00b6
00af00b3
00cb0129
00b600b0
00a5006f
008700a8
00c100bb
009b0089
00e200ad
009600d1
009300ba
007d0097
00850083
00a700a6
00b7009b
00a20076
008d006f
00920098
00ba0091
00770095
006200a3
009000b8
009e0095
009100ad
0097009f
00ad00ad
00890068
008200b8
0087009e
009e00b6
00bd00a0
007b009f
00c50098
0077008d
008600be
0089007c
00aa008e
00b300a5
00a9009b
0092008e
00a30099
00cf0092
00b00079
00a60108
007d0098
009b008a
007a0076
00a10081
00760081
00af0069
00ca0167
00a300a5
009600de
006b007d
00860091
007b006a
006f007e
0084006a
008f0092
009200a0
009f0089
009f0085
008e008f
00ab00d9
0096008f
009900bf
010100c8
011b00c1
00bd00a9
00d100a8
009100b6
00ad00a7
00ab00d1
00d100dd
008f0085
00770075
00c1009a
009d00bd
007f00d7
00ce0097
00c100b3
00790085
00d500b9
009100f6
00a60091
009a00a9
007900a0
00b500c8
009800c3
0095007e
00c50091
00b700a1
00920099
00c700a8
0074008d
00720098
009d0077
00be007d
009b006a
008300a2
00b0007a
00bb00ad
00a1007c
008e00ab
006e00b5
009800a0
007f009f
007a0089
00990088
008d009a
00ae00c6
00830077
008d0099
009d008c
01230074
012e0135
0083013b
00b200a9
007500a9
007f00a8
00640075
007d0069
00860149
00950081
00e900bf
007700a6
0087008c
00870073
00870091
00690075
00b000b6
00b000cf
007d00a9
007f00e2
0077008a
007f008d
008500b9
00ca00a5
007900bb
0072005f
00860097
00ad008f
00800085
009900e3
00790076
00960099
006f00b2
009a007f
007d00a5
0096008d
00b800a1
00bd009b
009800a2
006b00c2
0079008e
009b00a8
00c800c9
007e00a2
00aa00a5
00a30097
00a500bf
00890087
009a00af
0074008f
0095006d
00a700a0
00820088
008a0077
00be00d8
008a0087
00a600a2
00890089
00df00bb
008900a3
009200d9
00f20078
008a00a9
009900a5
00780076
00a900b3
009300a6
00a2009a
008c007b
006600a8
0090009a
0085009a
00c00096
00890083
00a000a2
00a7009a
00a300b1
00c100d2
00ca00ba
00a900bf
008d00a7
00910092
00790083
008a0062
0073008d
00930068
0089008a
008b008e
006700ad
009b0072
00970087
009d0087
00b500ad
00ad008b
00b90092
00a0008c
00c800cd
012000b0
00c300cd
00a100ab
00bd0098
00ca00ca
00e000d8
00e50108
0085006d
00c20070
00670083
007b00a7
00820078
0088009b
00b800c8
00a50084
008c0092
0090008f
008700c1
00b5009b
007b009f
00df00ad
00d100d0
008700ce
00b100ab
008100b0
00ab007b
00af00c5
00bd0091
00950099
00cb010d
008d00a5
00de0075
00c2008e
007a00a2
00c20083
009f007b
00bb00c7
00ad0098
008600be
00d000b0
00760095
009800d2
00bf00b9
00d100b7
00b800b5
00d100de
00a100cb
007e008b
00810098
00870089
0070007a
008a0076
006c0092
00a9007f
008a00a0
0091008f
00a60092
008b008e
008b009a
009300af
00cb00ca
007800a0
008800e8
0093007a
00bf0069
009f0082
009100a8
00b30077
008e0082
00a50077
007d0082
010200ed
00a60083
00c70098
00d80098
007e0079
008f00d1
00c700a5
00a90096
009900a7
006e00a0
008f00c5
00d30085
00710097
00a300a5
00af00c1
00bb00e8
009e00a7
008f0096
008f008a
0092007b
008f0083
009f0077
0068008f
009f0072
009f0096
007d008b
008300a7
00cd00ba
0089009a
00b0009b
00b6008e
009b0084
00a90068
008b009b
009d0083
00a1008f
008e009f
00860075
0089008c
008a0079
00cf00f0
009500a2
007e006b
008a007f
008e009d
0097007e
009b008d
008900af
009d0093
00b3007e
00c3009b
00bb009b
00ca008b
00a300d5
009100b8
008b00ea
00a5009b
00b3009d
0090009d
00b900aa
009900bf
009b0098
007700a7
009800a5
0073007c
00b100c6
007a0085
00b70087
008300a5
00d10069
009b007b
00850093
007c0065
008c0087
008c0071
00950093
009d00bd
0088008f
00af00a1
00b900bd
009300e8
00ab007e
0093008e
00ae00ae
009e0086
007a0092
008500a2
0091008e
0093007b
00610074
008e00b7
008a0097
00a30096
00a30090
008100ae
00b9008f
00f300ad
0097009f
008e0089
0086008f
00aa0089
00b60095
00b50090
00a100bb
00ce0082
009300b1
0079007e
00a70091
00e100a7
00c6009f
009e00a2
00ca00b9
009900aa
00ad009d
00ab009f
00ba00ad
00be00e7
00a900a2
00c000a2
00a100a3
006f008b
00a8009f
008a00b1
00870061
00a70088
00a30067
009b0085
006a0096
009e009e
00ae0071
00b20092
009d0092
00ba0077
008a0093
009700a5
0095007b
00840084
00d200ad
00ad0081
008f0091
00b000a3
00c200ae
0096008b
00a600a7
00c70062
00bb008e
0083009d
009200b5
00860085
009200a7
00a700ad
007900ab
0070005a
00a00095
0096008c
00810099
00af0085
008a0066
0079008e
00800060
00db0120
006d0075
0080007b
009a0091
00be009d
00ad0092
00a500b0
008700f8
00d600c8
007c00a9
007400a7
00d5009a
00d100aa
009800a9
00a600c5
009f00d1
00a700e1
00af00a0
009200a5
00a5009d
00b500c8
00f700ad
00c200ff
00ba00d6
0077006a
008500ba
00c8007e
00a500f9
008c00c8
009600b1
00b300a3
0098007b
0085007d
009f00ae
0085007a
008300c1
010100a0
007a0096
00b200ae
007600ae
00b30081
00d300a0
008d00db
0091008f
009d008a
008d00d7
00890093
00810082
00980076
00af00af
009a00a3
00e900c7
00c1009a
006a00a1
006e009a
009a0098
00a80086
014200f7
0065016e
00810089
00c7007f
0067006f
00820076
008d006a
00d50113
005f00ce
00b30102
00be007a
00bb00a9
00960069
00a5008a
009300bd
00a500c6
008500a5
007a00ad
00ba0079
00b50090
009a00bd
009100c7
00950087
009e0086
008900a3
008f00d3
00ba0081
009e009d
00be00b2
00a800d6
00a200a6
00aa009b
00b80079
007e00fe
0078008d
00980086
00ad0095
00930082
00a900a2
00d000a7
00740093
00a900b1
0098008d
00a000a5
00cf0098
009100ea
00a800ea
007e005f
00be009e
009f0086
00930092
008b009e
00740091
00f0007e
0072009e
00990063
007c0099
00f90095
00850091
008d00c8
00ba008b
0083009f
00990081
009d00c6
00870083
00b80093
009200c6
00cf009d
007f00c5
009800b7
00a200ba
0115009f
00880098
009800bb
008b00ca
00c60093
009f008b
00d200a9
009100c3
0084007a
0087006a
008f00a5
007e0081
00960092
00a20091
009100a9
009d009a
008600c9
00a600fa
00a30091
009f00e1
00e100a7
00b100c3
0093008f
009300aa
00a60075
00a100b7
00a5008a
00bf00ad
008b00b0
00da00b9
009a0092
00f00081
006f0086
0096009a
009600a1
00b800cf
00bf00b0
008a0075
00d7008d
008e0085
00e10077
008e0062
00a900c7
007900b2
00770096
00b1007b
009f008e
008700ca
00730097
00a500be
00950080
00c2007e
00880092
009b0095
00c70093
00800096
00a600a9
009e00e8
00b60073
00a9008d
0087009f
00930085
00ae008f
00910081
00820084
00710086
00c800aa
00c600a2
008700ad
008600be
00960086
0089008c
00a3007b
00b1008f
008f0080
00b60083
00a500be
009f0080
00810087
00a700b7
00a70077
009f008e
00a90092
00a10087
009200a1
006f00b8
008d0087
00860086
008e0081
00880085
0085009f
00a60095
0098008c
00b50092
009b0098
008e0098
007f0065
007d0099
00ba00a0
00bf00a6
00c900b7
00b000a1
0072008a
008700a5
009e0090
009100a8
00d30089
008f00aa
0087008f
007a00c3
00a800ca
009a00c5
00a600ab
00ae0077
0092007e
00820083
008a0099
00810087
00e300c6
00df00ba
0091008a
008f0082
00a200ba
009600ab
009f0097
00ae00e5
009b00be
00a300a1
00c300ad
00b200bd
00930092
0090008c
00b6008d
00970081
00790097
00e000a2
00920092
008300ad
008a0097
00a100cd
009800ca
00c900bf
00ea0084
00a800c5
00c0008e
00c30089
00cb0087
00a50079
009d00d0
0082009d
008f007f
007200ae
00a70095
006f007b
006d008a
00a800a8
00b00082
00c200b8
0090008a
0096008b
00b800af
007e00b3
009a0098
009b0083
00920096
009a00ce
00bb00be
0081008e
00850089
00a60095
00af008b
009200a3
00b20098
006d0092
0096007c
00aa0096
009200a5
008c009e
00a5009a
009800c0
009f0097
00fa00d5
00b000ba
00b000c6
00870072
0121008f
004e0285
00760092
00640060
00670069
005d0079
00830071
00850082
008b0081
00990090
00aa00cf
00980096
00b000a8
00830086
009200b9
00c8010e
009d0089
00870090
00aa0097
00e00081
009700ba
011a008d
009800b8
00be0086
00b000da
009200ae
00ba0091
00d80079
00a80098
00b000e8
00aa008d
008f007f
009a0093
008600a3
00f60091
007e0090
00ab008a
00a300b9
008200a3
00590087
0081006a
0092007a
00930057
0092009d
0093006f
007b0078
00830068
0099009a
008b0089
009a0097
00b8008e
009a00af
00d80095
00f1010e
00a2009a
00b700a7
00c6008a
009a00b0
00a2007b
00820061
00c5008e
00c00088
00cf00ce
00a00088
00bd0074
00bd0086
00910086
00c300b2
00ab00b0
00b200ba
0092008f
00ad0090
009700b2
009a009a
00770092
008b0078
0089008e
00ba0086
00b5009e
00bf0122
006e0061
009b0076
00b7008b
00cb0079
00fa00ae
00cb00a3
00a7009d
009f0089
00970095
00ae0067
00b000a0
00af0070
007a009e
008b007f
009b00d7
006b00b1
006f0105
00910083
00d60093
00c0008f
008b007f
008d007e
008c00a5
00cd00d5
008d0092
0086008a
00b80097
0073007a
00fe0092
00d70097
00a500a2
00850072
018900a7
007201fe
00670066
0061007b
006a006d
009a007b
00c6006d
00a800fd
00a10061
008300a2
0073008e
0095009b
00bd00b6
00b800ab
00a800ca
007200aa
009f0083
00810089
00ad0062
0086007b
007e0088
008600b7
008c0078
00720076
00b30087
008700a6
00c100d0
00a0006b
00c00084
008c00a7
00a0007c
00bf006c
008d00cd
008b009f
00bd0090
00c000d3
00860097
00a700c6
009d00c6
00b000cb
00a600a3
00ab00bf
009200af
00ce0093
00b000b5
00960099
010600b5
009a0087
00910077
00b2006f
00e0009f
00b700a3
00cd008d
00a100f3
00a5007b
00cb0091
0099009e
00c300b6
009d00a5
00af00aa
007100c1
007d009a
00d900b7
00ce00a3
009f0067
00e500b8
00a800a2
00a900e0
00b800af
00c600a7
00c10099
00e5010e
00ee00eb
00a600eb
00c900b1
009d00b1
00db00a1
00b700f6
00910092
00ae0079
007b008c
009e008d
00aa0096
009700a5
009d00a9
00a7007d
00ab0083
00a30086
00a00076
009300a0
00c000a5
00aa00af
00ae00c7
00a900ab
00a800ab
00af0071
007d008f
00b5007a
008a009e
00a50086
00a000a8
00990089
00820070
00a3007f
00ba0083
00990073
00a200a2
009f009e
008600b0
00bf00b5
00db00b0
008d009d
009300b6
009a00cf
00ad009e
00ba0093
0082009e
0097009e
00930079
008c0081
00a10098
00920087
007f00ca
00c30096
009900be
00bd00a6
009d00b9
006d0053
007f00a8
009b0096
00cd00a1
008a0071
00af00ca
00b800a0
0097008b
00830068
00780066
008f0092
00ea009b
00b9007f
00b3009e
008e00ad
00b200b3
009f006d
00a00057
00b5007f
008200b3
009f00a6
01010097
00b000ba
008d00a1
00a600ae
00a8008b
00b50092
00af008f
009d009b
00a90098
009900a2
00a6008f
00aa00bb
00e60091
00860093
00b200d3
00760098
009b008d
00a600b2
008300a1
0071009e
009f00a9
00d2009b
00d60092
009700aa
00b700be
00a000a6
008e00ae
00880077
00ca00aa
009e0081
00990089
00980092
00840086
008300b7
008e008c
00a90076
008d008f
008900c9
00a10082
00c700a7
00910080
009e0087
00990099
008d00c1
00a800ae
00750093
008f0079
00ae009e
009b009a
007800d9
00860083
00930081
009b007e
0090008e
00ab009b
00c900ad
00d5009f
0081008e
00ba008c
00930095
009600a0
00bf00b0
00a60098
009d007b
00d300ba
00ba00a9
009b008f
00a100a1
00a300ad
00b1009a
0071007a
00930085
0098007b
006b0077
0092006f
00a700ae
00a2007f
00a6007c
00aa007a
00b900ba
009f00c7
00a900c9
00e20082
00a0009e
009e005e
00810093
007800b6
00910091
00890095
00c300be
00cd007f
00ca013e
00b9008a
00ae0093
00920092
009000b9
009300c1
00c000e8
00b300b8
00ab008e
00af0093
00a8009a
009b009f
008c00af
00a700c5
00b30096
009700af
0089007d
009100a5
007e00a2
006f0091
009d007a
00830081
00970099
0093008f
008d0087
00a100b7
005e0090
00910096
007d0085
008200a1
0092007a
008f0069
00ae0088
00a800a2
007f008b
00c00091
00b20092
00910099
00d80091
009500a9
00b9008b
00d5009f
00b000a2
00bd00ab
00b200e2
00b500aa
009600ab
0092009b
008d00bb
008e0089
00ab007c
00c1009a
00a900c2
00b300a9
008f008f
00c100b6
00a0012e
009100b5
009b008a
00ad0085
009900ca
009a00ea
0090008c
00c500d3
010900b6
00c90090
00ba009b
00b60097
00d30099
009900b5
00e00083
007f00a5
00a00084
00a70085
00c0007a
009a007a
00a60087
0085008a
00be00a3
00c1008d
00980096
00890095
00be00a3
008e0077
00bb00b6
0093009d
00970099
00a6009f
0086006b
00cf00df
0059005f
008f00a5
009a0075
00a2007b
00a80092
00740093
00f1008f
00a100a5
008700b2
00c500e5
00a70099
00b2008e
009f00bf
00c000db
006e00c0
007e0089
0099008b
00970091
00a0009b
00a900d5
00be0119
00b500a9
00720087
0091008d
00b500b0
007e0061
0091008a
007e006c
009f0072
00a3009f
00cf0062
006b0078
00e800b0
00920077
00b900c6
00a80088
0074007d
00a9006f
009700a3
00ae006f
00810086
00b9008f
00910082
00a90090
007a00ab
009300bf
008b00a2
00c20085
008b0067
00cf007c
00720092
00b70072
0085008e
00a10089
00e200a6
00b30098
007d0102
00a100e2
008e00b5
009800b0
00ee00d7
00c100bf
0078006e
008a0097
00ba00a6
007f00cf
007a008a
00c300cb
00b200fa
00a60097
008900b2
0085008a
00d500b7
007d009d
00c200df
00c000b8
00af00a1
00bb0072
007f0087
008d00a1
00a000bb
00bf0098
008100ad
00c80092
008300a1
009600a0
00b70077
008b0082
0091009a
009d00a2
009600e0
00a00095
008f00ab
010a00b1
008300ab
00ba008e
009d00d8
009e009d
00b70086
009300b1
00a300a1
008b0091
00b100b6
00c0009e
00ab009f
00a100a7
00b200a0
00c30098
009500e1
00b70093
008700d5
008e00a0
00a100a0
00b800aa
00aa00c0
00b80098
009600b0
00a900a3
00910085
007c008f
008800b2
009a00a1
009200c0
00d70077
009600a1
00b10078
009d006f
00c80091
00b800e7
00a000a6
008100b3
010a00ad
00a800b3
00df00bf
009b008d
00920091
009d00a1
008000b7
00a80081
00a300a9
00c7009e
00cd0095
00a10089
00a800b2
00c20076
00a600a3
00830086
008800bb
008e0071
008d009f
009f0097
00810071
01600092
009100e0
00a7009d
0071008e
009100dd
0096009e
008c0081
007f00d3
008500c8
00860072
00e50082
00770074
007a008b
00980091
00e10089
012b0180
006a017e
006f0062
00820087
007100a2
009b0068
005f0062
00aa0088
008b0086
00c5009d
008b00b1
00a50078
00840097
00b300ad
0095008e
0077008d
0096008e
0099007a
00960089
007a0065
0075007a
00690071
00750075
00b7012b
00bb0098
00b000b9
0098007b
009300a2
0091007c
00ab0085
00c6008c
00c900c8
00770096
00b000cd
00870099
0085007a
009600ce
00c90092
00d80091
011d00a0
009500b5
00910096
00a20093
00a9008c
01070096
00da009f
00cb00c8
00b7009b
008700a7
009a009b
00840097
00950069
00aa00ad
00a700bd
009f00f1
00820081
00cd00c3
00a00073
00670097
00850081
008200b5
009f009a
006d0066
00870099
008e0098
007c0061
008b00b5
00b9008e
008e009b
00d00099
008d0092
00d1013b
00b6009f
008e00c6
00d600c1
00a200d5
009800a6
00d200a2
00bd00c2
00c900db
009a00e1
007f007a
00800076
008f0089
00a7008f
008f008b
00af00aa
00a90077
00ad0088
008c008d
00980099
008d008e
008b0092
009a0096
008100b5
00b7008e
009600a5
0078007c
00870072
008c0097
00d30097
009a0092
00a10097
00870084
00c3006d
00bf00c5
00c500ce
009600b0
00cf00bf
00b300af
009900ab
0083005f
00690071
00b100c6
00c600b0
009f00d2
007a0095
008700ca
0091008d
008c006a
00790098
00ae00b5
00a800a6
00cf00ce
007300a3
008a00be
00950091
00d200b8
00cd00cb
0092009a
00b800c0
00be009a
008f00b6
00b00096
00a000cb
00750091
0097007d
009b00a6
008700ad
0091008c
00b20095
00a9009b
009800a5
00a900a0
009f0091
00c3008e
009e00b6
008b00ad
00bd0082
00ca0085
00ae008d
00a80095
00620073
006500b9
00ba00ae
00a60085
00930079
00cb0099
009e00e0
00ad0111
00c900c3
00b700aa
009b0097
00b600a0
00a800a3
00b8009b
0095009e
00b900a8
00a7007b
007200d0
008200ab
00ca009f
00a700a3
009800b3
00d600ed
008b00f1
009b00b1
0095008e
009a0085
0089009d
009100d7
0076008d
00a50099
00f30110
00790060
006b00bf
007d0084
009b0087
0089007d
00790079
007d0084
00640092
0082007e
006c007c
00a80073
007d006e
00810076
007b008b
00a90066
00c00097
009d0086
007d0092
0092007b
00c700a0
00ab00d6
00b3007d
00ba0099
009f0098
00a30079
009500aa
00be00a1
00a300a3
00b1009d
00e7009f
009d00b3
008e00d3
008b0086
00a90075
008000bb
0109008d
007b0095
0096009f
009d00b0
00840066
00a2009f
009700a3
0081009b
00bf009d
00a30091
00a6006c
00b3007c
00a10097
00b20087
00a800c2
00aa0093
00a100b0
00830096
008b00b5
00a1009d
007500aa
006a009a
00d800e3
00d90085
00ad00ae
00a60083
00980092
0095009d
00900065
008d00d1
008f0071
0068006f
005d0096
008d006e
00650071
00840071
008b00af
009d0080
00a900b0
009300ad
00c500a1
00aa00c0
00950089
00af00c3
00d100cb
00a8007d
009e008d
00930076
00cd008d
00a900a5
00bb00d6
009e00d0
007900c6
00b900a9
008300b5
00b300b6
0097008a
008500a8
00c100b1
008b0092
009500c1
009500bf
009900f2
009b0085
0097006d
007c008a
006d008a
0080006e
009300a3
00710081
007400c3
009900aa
00cd00c6
00950061
00c3008a
00c30090
009a00ab
0082007d
00ad0081
00ad00a9
008e0096
008b0082
00c0007d
00b50085
00c30091
00a100a6
00980098
008d00af
009e0093
00a100d0
00b100a7
010200bb
0098009e
0098008a
008900ad
00d900b0
00ae009d
008b00a1
00c900c2
00ed00ca
00960069
008a00a0
0093007d
0097007d
007a0087
009100ad
00790072
008700a0
0092006f
008b0088
009f008d
0095009e
009f00ad
00a100b3
006d00ae
0083008d
007700c9
008b008f
00a30087
00830096
00760099
00a200a6
009300a9
00ce00a8
0087006b
00c90091
00ae00af
008d00b7
00a00081
00a0008b
00930099
00950092
00a900a1
008a0092
00ab009b
00ab009f
00a000bd
00b500bb
00f1008f
00cb00b0
00a900c9
00b5007d
00b100d3
00c10085
009900ba
00830091
00aa00aa
00aa00ae
00ab00b2
00a50078
00aa00b0
00830096
007a009b
009f00b9
00a900bb
00be00c5
00b60101
00c200c5
0082009e
00730082
008b009d
008e0078
007c007b
00ab00a8
00aa008a
009000d0
00eb00b6
00df00a3
00ae008a
008d00aa
00a500ad
00890077
0082008e
006b008a
0084009f
00b700b8
009f00b8
00ae00a8
009f00a5
008700a0
008e0073
0145012b
009f00fb
0088007a
006e006f
00710075
00770099
0072006f
00ad0085
00970076
00c900a7
00b100c8
00ad0097
008e00de
00af009e
00c600a8
00770064
008d0092
009a0091
009100c7
009300aa
00790078
009f0088
007f00a8
008d0093
00a20087
00c1008a
009b00bd
00a20084
009d00cd
00b00093
00a100a9
007a008d
00bf0081
00a50086
009100a6
00c00089
0080008d
009100a0
007800a0
00a10098
0086007c
00d50085
008b00a6
008e0092
00a100c0
00ae0097
00ab00c9
00cb007b
00b500a1
008300a5
008100c8
00ba00ef
00b100c9
0087009f
00ce00de
00a00085
0077008b
00a30091
00c1008c
00a800bb
00bd008c
00b300aa
009a008c
009900c5
0079007e
009a006b
0086009b
00d900a0
007e00ae
00a3009e
00a700bb
00c9009a
00a600ad
00bf008b
00830073
008b00a2
00dd008e
00690097
00a70086
007500c8
009600b2
009300a9
009f0096
00b00073
009b00d5
00a2007d
009d0099
00cb00b7
008b0076
0082007a
0091009e
009a00b2
00af0097
00a6008c
009e00d9
00970087
00aa00a9
00800070
008100ba
008e0083
00800098
0063009e
00820097
00990085
00bd009b
007e00a5
009d00ab
007a0081
007f0079
00b0009e
009600b3
00ad008c
0089009a
008700ea
00b300b0
008d0099
00ae00d6
008b00ae
009200b1
00bd0076
00a00086
009800bf
00790092
00950096
00870072
009a008b
008100ae
007400b6
009d0066
00b5007b
00a900db
00d800bb
00ab0097
009100a5
007900e8
00970099
00920088
009f009a
009600aa
00e500b8
0085007b
00960087
00b300aa
00b600aa
00780070
00c800c1
00b7008c
00a800a8
00d900b7
009600a7
009900ad
00aa0083
00c20071
00a50096
00ad00b7
00a3008b
00c100bf
009200ad
00ae009e
008f0095
00b90090
0087007d
007c0085
00810082
0075007f
007e008b
008e006e
009f00a7
00a0009b
00a9008b
009600bb
009100c1
00ab0091
009900a6
009600b0
00f000c8
009600bf
0085009d
008300a1
009e0091
0063007f
00b500a7
00c10088
00980075
00af008a
00a1008b
00b500b2
00a300c0
009000b1
00bd0092
00c5009f
007e0063
00b5008e
00d300a2
00ea009b
00e700c1
00a600ad
00ab008a
008200c8
008900b9
00950081
00a2008d
009d009a
00ee00d0
008c00ab
00b200b0
00b1007f
00b7006e
00930097
009900af
008f009a
00d60091
009700a8
009600a2
009b0098
01030067
009200ad
00e900a0
00f500db
00db00aa
00d100b2
00db009a
00b6008b
008d0096
0085007a
0091007a
00a700a0
00c700b7
00c300c3
00ba009f
00b100b8
00910070
00720093
0080007d
009300a1
007c0091
008f00cb
00ad00d9
009100a8
00a20067
00ad00b1
00b700d6
007b00f3
00a80084
0090009e
007f00aa
00b1007d
00a10083
0079006e
0093007d
0097007f
00900097
0069007e
00720066
0087007b
009f0075
00630089
00720077
007b0086
006e0089
008700a6
00750069
00890076
00900066
00a20086
00ad00bd
00b800a8
009300a2
00a800b1
00be00b8
007200a9
00ba0086
00cb00b1
00a9009f
00b70096
00930077
0087008d
009600cf
008f007f
008f007b
008f00a3
00860053
00880087
0087008a
006e0095
00830066
00a30071
0083009d
00da0092
00a600cf
007a009f
00ae0095
00a800a3
0073009a
00930098
007e0074
0079006a
0086008b
009000c7
007500b9
0079008e
009f0090
008e00b8
010e00b9
008800ce
008b0069
00ad0091
011900a3
00ae0087
00ba0099
008b0097
008f0099
00b70074
00a9009d
00a2008e
009e0098
00b100cf
0099008e
00a700b3
007400c1
00b30092
00a3008e
00a5007b
009d0073
008a008a
00be008e
00a000bb
009f0089
009b0082
00b000a0
00a2008f
00da00d7
00a70097
00a300b1
008500ae
00920084
00950073
008b00cd
00d00090
00a9007d
00c20096
00a100a8
009600ed
00bb00f0
0092007a
00960069
00d20093
00980096
00b900fe
01130100
009b00e2
00aa009e
008d007e
009b0096
00d600cb
00a20096
00ba00a9
009e00bb
0080009b
00a70096
00ae00b9
00bb00bb
00af0097
0089009e
009a008c
00d900a8
00890086
009a0098
007f0085
00ba00a6
008700a5
009600bf
00cf0083
00b700ae
00a30099
00b20116
00930089
00a00082
00ee00ab
00bb0085
00b000b2
009b00cf
00a600bd
00c8006e
00d600db
00a500d8
008c00a9
00660095
00af008b
00980096
0089008c
00980075
00be0072
009300c0
00a7006c
007e0090
0096009d
009a009a
00c000ad
0076006b
006a0079
00a70099
00a8009a
009700a3
009100b5
008d00be
00e600a7
009000a3
00930082
00c000bd
00a900b7
00b700b1
009e0086
00ab007f
009d008b
00990075
006e00b1
009d00b0
008c00c1
009900ad
00a0008f
007b0085
00a20081
00870083
00910091
00af0099
00a700bb
00a70107
009000bb
00bb00a6
007a00a6
00b700a3
006f0081
009d0076
00a0008e
00830097
008500ba
009e009e
0086009d
00e00085
00960077
007d0083
00bd0092
009e00b0
00c200ad
009000a3
00a200dd
009700c5
009200af
00960085
008e00a5
00820085
0085005d
008b008a
00c5008b
00c6008e
0089006d
00ee008a
00ba008b
00750087
00ba008e
00c900a0
00b700f8
00700057
00a900b8
0089007c
006b00ad
00850079
00890092
006e0090
007c0092
009a0098
010a007e
00a200ad
00ad007b
00a300a9
0085008d
009800a1
0087009e
00c00113
00a000a3
00a70098
007c00c3
0076009d
00d2009f
00a500ad
00b0009a
00e200a3
007100a6
00a6007a
00ae0092
00840078
00d90093
00b100f6
00af0106
0091008f
00850083
009100f9
00af008f
00b000d1
00aa00bb
00770085
008300b5
00aa00d1
00a30092
0078008a
00a70099
00810098
008f008a
00910085
009900bf
00b100e1
00bb00ae
0096009f
00a200ef
008b00a0
00910087
00c900a5
00c500a6
007a0085
009500a7
00a1008a
00ae00a7
007a0098
008400a5
008e0075
009f007f
00a5009a
009a006c
009b009e
00af0092
00870092
007f0091
00b600a3
007e00b6
009000a3
00a5004f
0085007c
0093008a
0089009a
00b60097
00920097
00930089
00ae009a
009e008f
009200af
00ae0088
00ab0089
00bd00b5
008900a8
009a00bb
00970096
008400e6
007d0092
009600c9
00a1006d
008100b9
007a009b
00aa007e
00a20076
009500bf
00c00092
00cd00a7
007600a7
009a008a
009100a5
007f0095
00af006e
00e600ce
00b7009e
009300af
00b800a8
00a00113
00a100bd
00aa00ae
00b00082
0085007c
009300a0
00af0091
00d600b6
00750087
009f0075
009f0079
007d008f
009a00b9
007f00a8
0096008e
007a006b
0076007c
00ae0071
0083006e
006e008a
00810083
00a00083
00a200a3
00ad0081
00a70080
00a90083
00a800a9
007e0085
007e0063
00a90083
00a80092
00b300a9
00a700a1
0096007e
00a0008b
00ce00a2
00720068
00bb0078
00bb00a9
00e500c8
008400a1
008c00b3
00de00aa
00af0083
00a500ad
00a00083
00930099
00e200e2
00d30093
007f00b3
00c800b1
007f009b
007e00b3
009f007f
00b80099
00ab00a0
008e00a5
00930069
00840073
008b008b
009f00a2
006f006b
0077006e
0091007f
006d008d
00730067
00920084
006f006b
008900a1
008f009a
006e0084
00910085
008f0092
007e008f
00a0007e
00920089
00a200c0
00950098
00a8008c
00930093
00980085
00a9009d
00a30081
01010086
0111011d
009300de
006d007f
0088007d
009e007e
0083008a
00810085
00ad0073
00ad00c6
00700082
00790079
0090007e
00970096
00bd00a2
00a90087
00a50098
008e009f
008400c2
008e008f
00b200b5
00ee00ba
011a00e0
00d800a8
00a800a6
007b0083
00c200b1
0089009e
008900b9
0085008f
009500e0
00f100ed
007a008a
007b0072
008700b6
00a600a8
008700a9
00c300a9
00f500a2
009e00b9
008a00b8
009f0087
008f0095
00b8009e
0097008e
00af008a
008100be
00c200a0
009f007a
00ba00ab
00a20099
006f0070
00e900ab
008f008f
008300ba
00870098
0093006f
00ba0067
009a0095
009700ad
008900d6
00910089
00a500ca
00a60087
00a20083
008d0096
00db00c0
009900a1
00980107
009f00a1
009d00d3
00ba00b3
00d30099
007b0097
009f00a8
008a00a9
00930087
008c0091
00cd00a1
009b0099
00b600f0
009900ad
008b00b5
00c80091
008e008d
00ba0083
008c009b
0087008e
009e00aa
00af0068
00a100a3
00b9009b
00be0099
006b00a8
00cb00b1
00df00b6
00cb007f
008b0090
00910089
008900c7
00a700b6
008200b1
00b500bf
00920087
00a300a3
00cf00ed
00af0117
008500e2
00b700a5
00c000c5
00e9009e
00ae00be
007f006b
006e007d
006e0075
007e007e
006d0077
00650084
00850098
00890085
00b7008a
00be00a0
00900081
00970092
007e00a6
00b20079
00a10069
00a8009f
00d70080
009200c7
0091007d
007a00ab
0086007c
008f0086
0097007b
00710073
008600a8
009d008b
00b900bd
00930092
00b900c6
007d00a2
0083008d
008f00b3
008a00ae
008100d1
009f0073
008600a6
009f009d
00a300d8
00de00ae
007a00b5
009900b9
00b9008b
009e009b
009d00b7
00a200ab
00a00082
00b200a2
00a800cd
00920099
00b20089
00720081
007a0082
008f009e
0066008b
00830075
00960087
008a0072
00820076
0093007d
009000a7
00690077
00ae0081
00a70099
00af0099
007a0089
00890061
00a9008a
00a10073
00d7009e
008e00d2
00b900a7
009f00a3
0095006d
00b0009d
008a009f
00790095
00a8009d
009300a7
009e0080
0073006f
00b80087
008700aa
009900da
0084009a
00c900b5
00a000a3
007a0073
007b0093
0082007c
00900076
008c00ad
008f00b6
00aa0083
008d0085
00a600d6
007f00c8
0095008b
009200c3
00ba0082
00b3009a
00fa0096
0082009b
00980085
009900af
00c2006e
00b10076
009f007d
008400ab
0091006e
00b3009b
00bd0083
00b800c7
0076008b
008300b7
00830080
00880082
008d0095
0086009a
00950097
0091008c
0097009e
008100d1
00950093
009700b8
009600b1
0086009b
00fa0092
00820097
00910077
00950087
009300c9
007a0080
009900a9
00850062
008f006c
00870069
00b6007c
008d008a
0092006e
00ab00b5
009500a0
00b300cf
008c009d
00b8008f
007a007f
00b1009b
0065006c
0093006f
00800073
00be008a
0082007d
00890077
00b200c0
0075009d
00c500aa
009700ad
00a600be
009a00c7
0085009e
00740084
009d0083
00c00070
009a0081
0096009e
009d008d
006a0082
009300d9
007900b0
0091009b
0097009f
007a00af
00ab0093
00a300a1
00c300a3
00b600a3
0069006a
00b10090
00ed0090
0098008d
008c00c5
00f500b8
00e000a0
009700b1
00ae00b8
00ff008d
008300db
0081008a
007e007c
008d0077
00990080
00b800a2
00970095
009f0077
00900096
00c3007e
00c900b8
009500b6
00d500cd
007a008b
00760082
00a8007c
00b60096
009b0071
00c800b2
006d0081
009d00b6
00a00092
00d20091
00b00095
00a80097
00b500a3
010b00c7
00ad0096
00b600b9
00b1009b
00b700a6
008b0085
009a00e5
00ab0063
009a0097
007400a6
00bd0098
00a0009f
0081008f
009b007e
0097009f
009800cf
008f00b0
009d00ab
00a600a9
00950074
00d100a0
008d006e
00b2007e
009900a3
0093009b
009300c0
00980093
00a5008d
00af009e
00b60080
00870097
00f200b3
00cb009f
009300c9
00c600a1
008a009b
00be00aa
007d00ab
00eb0096
00b1008e
00a300f3
00bb009d
00b200d1
00ef00b2
008700cb
00b70065
008700a9
009e00c6
00e200ba
009e0082
00a30103
009e00c2
009b00c8
006000a6
008f00a0
00a300ad
00b0009f
006b00a1
00670091
007f0078
00750076
00920073
00b100a5
00a700d5
00b100e6
00c000b1
00780089
00a900a6
00bd0085
005a00ab
007f0053
0070008c
00a800ab
00a600a0
00b60077
00c200c8
00af00b7
007a0097
009a008d
0072007a
007d0073
009f0067
008f0083
008d008d
008b00a2
009f008f
008a00ae
00ae008f
009b00a1
00d80081
00730086
006e0088
005f0096
0071008e
00860087
0099007d
00880067
00a9008b
00a50065
00800086
00830076
009f0077
006f008b
00740083
00ae008a
00be00b9
008d008d
00d700b8
00c600bf
009b0091
00c60090
009a008a
0091008d
009700bb
00a500a7
00b000bf
00f90099
00740062
007e0075
00890089
00b5009b
0089007f
009700a0
009200a8
00900078
00be0050
00ba009d
007200b9
009f00b3
009f00bd
009b0099
00a500ad
00830085
007b00c3
007d00ba
00d300e0
00b5009e
009600af
008b00b1
00a10097
008f0081
00a7007f
00960091
00cf00e1
009d00c0
008e00a8
009500d1
00db00b1
00aa00c7
0089009a
00b8009a
00b500b8
007a00ab
00b80095
009d009b
00af00bf
007700b6
0076007b
00910097
008500a9
00a50086
00ab0096
00a6007f
00c20092
009d00ce
00840062
00a10085
00a50082
00a600a3
00fa0096
00890086
00b500b3
00b20099
00960097
00930079
009a00c8
009700c6
009a00f6
008f00b8
00900096
00b20081
009a00b3
009900a0
00bd00b8
00b200ab
00be0085
009700c3
0093008b
008d00aa
009e007e
009b0093
009100c2
00b000a1
009e0086
009d00bf
009900a9
008e0085
0095006f
00ae0086
008b00d6
00a1009e
00bd0097
00af00a6
008a00a8
008e00b7
00710055
009f00a2
007700b3
006f0073
007f0061
008e0082
00990077
007f006a
009d00b9
00a70087
00960090
00ad00c5
00890082
007f00ab
009a0088
008900b8
006e007a
00b600d5
00980092
00d200ad
00b100a3
009700d0
009d0087
00bb009a
00bf010f
008900a0
00ba008f
00910087
00a3008d
007900a0
00aa0076
00ce00d0
00b6009b
009700ad
008e007d
00900087
00c600a7
00b900d6
008f009b
009b00a9
00d30169
00d10081
00a80095
00980095
00f0007a
009900ca
00bd00c6
011f00ea
00ca00b0
00890079
00a000d3
00a600a3
00a7009f
00c500c1
00b600b7
00d000aa
00e001ee
00c60095
008300b3
00ab006d
007a0081
00980084
00a700c9
0095008e
0081009f
0092007b
00cb00cb
009800ba
008e00a8
00c000a3
008600a7
009e0096
009d00a9
008700af
00a8009f
00920086
00bf00a5
0092008d
007b007a
009100a3
007900c1
009f007d
00c20095
00a200ab
00770087
00a90103
00b3007d
007b009f
00d200b1
008b00bb
009700bb
006b009f
00a10093
009300a2
00e7008c
00c500ab
009d008f
007a00af
00d2009e
007300b0
008d009b
008700a8
00e80098
009600a0
00f600b6
00770096
007e00b8
006e00af
008e00a2
00c000b0
00c9008e
008600a1
00df006f
009d0072
00b00091
00b9009a
00a700ad
008500b5
00bb00b3
008700fa
00a300b7
00b500df
008000d2
00a90095
00aa00b5
00c300a5
00a80093
00830086
0099010a
009e00a1
0075007d
00a9008d
006e00a1
00a90091
00c500e2
00cf009e
00b1008f
0075008b
009e00bd
009e00a8
00e300af
008400c6
009b00c9
00aa00c1
008c0085
00d200a3
00cb00b1
00b30086
009a00d0
009f00d0
00c50092
00a10082
00c100a5
0068007e
00af0096
00b2009f
008600ee
009200a5
00a70091
009d00d5
00d80086
0081008a
00c500a6
00a800ae
00a300a5
00870092
00aa00ad
009100b8
009b0095
008900b6
0091008f
009d0096
008600a8
008b009d
00a000b0
009600c5
009f00eb
00a30090
009900be
008e00ce
00cd00f8
008f00c2
00ab00bb
00ab00e6
008e008e
006d008d
00c90090
0072009a
00920097
009800b0
00690093
007a0093
0089008a
00a60092
00960072
00a1009f
00b600b2
009500c7
00b600c0
009a008a
0075006a
012e00be
00ab00b9
009100c5
00990086
0086007f
007d007f
00be00a1
00710062
00b10087
00770066
007a0090
00ab006d
0088009e
007a009e
007c0077
009f0072
009700a8
00a60091
00a6009d
00b500b0
00ab007d
007200a6
00a000ab
00830099
007e00c2
00b500a7
009b00e1
00a500b7
00a200a0
008f0100
00980097
008a007e
009f00a0
00be00af
00e900b3
008a00da
0099009f
007900b8
00a200a3
009b0071
00b80092
006e0095
00670070
0081008e
007e0066
007b00ae
008b006f
00d20093
006b0079
00be00b1
008f00b3
00930099
00900098
00a00079
00a2008e
00750072
006e0082
008a008a
00810083
00a9006d
008d0082
0095009a
007f007b
00920078
008300c5
00b6008e
00a90098
009a008b
00ed00ad
00aa009b
00a20086
0092008c
008e00b3
0093008e
0092007d
00820077
009d009a
008e00a5
00c6009e
00a30089
007500b7
00b30092
007b0098
00a900a0
009800be
005b00a3
0097006f
00b7009f
008e0063
009a0086
00eb0095
009200ad
00c800bb
0093008f
008a008d
00910071
00ab00a7
00a200ab
0090007b
009b0071
008500bd
00b20083
008900d8
00800096
00bd00bf
009900b6
00a100a7
009d0087
00870088
007f00a8
00850087
00870092
00a00095
009000a2
008d0099
00af0086
00a600a8
00820093
00a2009f
00840079
0063007e
007e0085
009600cf
006900a2
007c0098
009000b7
00d30081
00d8006d
00ba00a5
008e00b3
00e0008a
00790092
00c200af
00ea00a8
00a8007a
009800c6
00b300a6
007c00be
00880077
008800b0
008800c5
009f00a6
00a600a2
00e3011e
009800d0
00ce00aa
00990073
009d00c7
00a200af
00a000f9
00d70092
00970074
009e00a5
007f00c7
009d00a9
008e00a7
00b500a3
007f0091
00a90073
00ca0086
00c900a0
008500cd
00910077
009a0099
0090007e
00b200b2
00990098
00b00098
008600e8
00a6009a
008a008d
00b500a3
00a100a7
009f00af
00ba00c0
00a7007d
009a00c6
009200af
008a009b
009a00a3
00ad007a
006b009d
0083006d
009a00bb
00ae00ae
009000b3
00b70077
0082006d
007c0086
00750062
009f005c
00900087
009600bd
00a000ce
00ca009f
009a0083
0092009e
008b00a7
00a800a0
00870071
008200a0
0075008a
0098007e
00690087
00b70091
007f00a2
008d0083
0083008f
009a0077
0093008f
00bb009b
00a100aa
008f00af
00b3009a
008700c0
00890077
006e0085
009f00b1
00b5009f
00810090
008f008f
009e0088
008600b7
00bb00af
008600a7
009b00af
008e0097
00aa008a
008b007b
0097007d
008b0095
0092007d
009000a5
009500a8
00ab00a3
008d00a2
00af00b1
00da008c
00b200b6
00db00b0
00900062
00a20081
00c30090
00ba00a0
00ef0086
008a00b9
00da00c8
00bd007b
007e00a3
00850087
008500a3
00a90097
006d0091
00850092
00b80084
00b50073
00710075
00a60084
00da0098
009b00d6
00a300ab
00af0080
00c100d5
009e006a
00e700b7
00b7008f
00a3009f
00ce00a2
00ce00d6
00c600b1
00b100a1
008e008a
0099009e
008d008a
00b00081
00970081
00870089
008f00ce
008e00fd
009300a7
008b0099
007f0095
007800b2
00960085
009700a7
00950080
00b50093
00b600a7
00ab0076
007a00a2
009500af
0076007e
00af0087
0081008d
009800b2
0093005b
0085008e
00a8009f
00b00081
009600a6
00c900c5
00ab00a9
00b900d1
008f00b0
00ab00a7
00ab00a6
009d00c6
00ca00bb
008400b1
00ae00b2
00c0009b
0079006e
00c200aa
006b008e
00720075
00a800a1
00a3008b
007b009b
00990075
00a700ca
00a00070
009f007d
00b60085
00ca009f
00840086
00a100c1
00a2009a
00b800a6
007f0074
0093007e
00970083
00ab00c2
009a0097
007c0075
00b5007b
00b500fd
007700f3
008400d0
00a500e2
009700b7
00c100a0
00d900ed
00c500c5
009b00c3
00830070
00a1009e
00a700a2
0082008d
00a10099
00ae008f
00af00bd
00f00080
00c9009d
009f0077
00820089
00a10087
00c00077
00a200c5
00a20098
0084007f
009d0096
00b1007e
009500ce
00a8009a
00c200ce
00bd007c
007700bf
00a10095
00770097
007800aa
00790095
00b5008a
00ad007d
00b60080
007c007f
008b006c
00a000bf
00c60098
00a000a3
008f00bb
008c00c1
007e0096
00a900c0
00a5007e
00820099
00910077
009e0088
00980073
008e0085
006e008e
00ce0091
00ab0096
009b00bb
007e007e
008b008d
00a200a0
00690085
0071008b
00ab007b
0091007c
00c3007f
00990082
00c1008e
00a300c6
00a800ad
008900b5
00b700c2
00ae009b
00d50083
00a200ae
00950085
00ab0098
00d500c1
00c500da
00a30096
00da00d2
00d3007e
00c500b1
00c8009e
009300a2
009f00df
00e00095
00af007b
009200aa
009f0066
008700a0
009200bd
00790091
00980090
00ad00a7
008c00b0
00980059
00a3007b
00b20109
009500b8
00bf0082
00a300a0
00b100be
00a7006e
00750083
007e00a8
00920083
008f00a8
00930086
007f0085
007b008d
00820077
00c50095
00890068
00af009d
00ad009e
00bb008f
00e000c7
009d0090
009900f8
009d0082
00d600a0
0095008f
00aa00d5
00ad00da
00cd00a0
00a900a1
0083007d
008100b3
007e007d
009d00a2
00a9009a
008700a6
00780095
009a0095
0075008f
008a007f
00b0007e
00a20099
00820092
00a900a7
0096009a
008b0086
00a10099
00b1008f
009d009d
00ae00a1
00950086
008c0085
00bb007d
0083007b
007c00a1
00a1006a
009b0092
009b00f1
009000bf
00cd00a1
00b800af
00ab0076
00860099
00930089
00b300da
009d00a0
009100d8
008e00c7
009100ee
00a60091
00b100bd
0083009d
008b008d
007f00b9
008900a8
00ad00fd
00bb008b
009f00a8
00b1009f
009b008e
008a00a8
009e007e
009a009f
010e00a8
008e00bf
008a007f
007d008b
00ae008f
008f00b0
006f00dd
009e008b
009a0083
00ad00aa
00b8009a
00980092
00a80081
00b7006d
00890093
008d00ab
009e00b2
00b300b0
00b700a1
00b5009d
008e008e
00990092
009a0096
008f0096
0095009e
00af0086
008400b0
009f0098
00a00084
00890065
00bb0097
00bf00d8
00b5009f
00b8009f
009300ad
00890092
00b2008f
0099009e
00ad00c1
00be00a2
008e008f
00740091
009e00ad
009800b1
008700ca
00cd00a1
00d200a9
00720092
00ea00b5
008b0096
00c200be
0081008b
00a2009b
00af009d
009000ee
00e30098
00890092
009e00b3
00cf00a5
00b30116
009e00d0
009b005e
00b30064
009f007a
00b900ab
00dd00a6
00bb00a2
009700c3
007d007b
008900b1
007a008d
00ae008a
008100be
0097008f
00a000a2
006a0078
009800a9
00fa00a8
00a70085
00950095
009f00c0
00890090
00be00b2
009b00ad
009b00b2
00930085
00f5009e
00a200cb
00a100eb
008d00b3
00840099
0092008f
007d009d
00880097
009500a0
00c900a5
00af00c5
007e00a2
00930091
00fd009b
007a005c
00d900a8
0085006d
00930086
0075008d
00a30077
0098006c
0086009b
00800079
008500b3
008f0079
00b200a1
00650087
00a00068
006b00b0
00a5009d
00a10098
00b90112
00920079
008a009b
00aa00a6
007f00a3
007f0099
006d0086
0082007e
00c600a3
0095008f
00c5008c
00880093
00a90093
00790077
00c90082
00950073
00c60091
0095009e
007b00b9
00c50081
008f0083
00970083
007100b7
00970086
00a8006f
00d1008d
008d009f
008b00a7
0091007f
008b009e
00a100b3
00aa0100
00a500a9
00c300d3
00c800b8
00aa0099
009a00b8
00e100aa
00ba00d0
00b1008e
00e2007e
00d200cb
008c009f
00aa00b1
00770092
00a1008a
00a000ba
00830063
01290152
00e000b1
00c500bd
008b007d
007c007c
007d006d
009700ab
008a0099
00a00099
009500b0
00df0082
00b600c0
00d100ae
008f0095
00a00089
0095009f
009100a7
00af00a2
008500d6
00a80092
00f00093
00e2009e
00cb00d2
007d0081
00c2009e
009e00a2
0073008b
0091009a
0081008a
008f00a3
0083007e
00bd00b1
0083009f
008900b0
00750098
00b500ad
00c0009f
00b700a6
00df0092
008b00cd
00a500af
007d0092
00c60093
0088009d
0073008c
00b0008c
00c1006b
00aa007e
0080008f
009700c1
00680091
00730083
00860085
00830086
008f00bb
0099006f
00b00074
00c800d5
00cf00c1
007d00d2
009f00b9
00a200b8
008200a1
00ea00a0
0085007e
008200d9
00d60097
00dd00b0
00b000b0
00bd0095
00d600a7
00b30077
009f00c1
00b600c2
00d100d7
00b600a7
00bb0085
00960081
00810098
00a800a8
008e0064
008900be
00a90093
00a700a7
00ae00c7
00e700d7
00f900bd
00c800c3
00c200a5
00870091
0086008a
00b50098
0090007e
00a1008e
008d0084
00a800bd
008e0098
0097009d
008b00c9
00aa0076
0087008e
00c80084
00a900c1
00a900b1
009f00c6
007a00b1
00840078
00a800be
00c900a0
00ad00c8
00b100ad
00ef007b
00ab00b1
00b300c7
0079007f
007b0096
00a30089
007e0066
007900a1
008a0082
00c200a6
00a900b2
00c300b7
00d300da
009500ae
009500c5
00b00093
004c0086
008d00a1
00690093
009200a0
009e0066
00750098
00750095
009d00b0
00c100ad
0082008f
009e00c3
00a00089
008100ba
009800a1
00990078
008d00a5
00b8007f
009b009d
009f008c
007d0099
008b0086
00c0008a
00a20091
009200a6
009a0071
009d0068
009b00a0
00a300b1
009500ba
00ba0098
00db00c9
008000a9
00a6008e
00a60086
007f0086
00b6009a
009100a9
009300a5
00ba00ae
0087009b
008200a7
00b600af
00a500b9
009f00a7
007e0096
009d0099
00a90076
008900b6
009e0090
00be008e
00aa00a5
00a000d2
00d100ca
009000c0
00a500a1
00b90091
00b100b3
00a700a6
00900083
00be009d
009f00ad
00a3008b
00a000be
00c200b2
00ad00e3
00980081
00830097
00990095
009600ae
007800c1
00a1008b
00be0085
00cb0082
00850098
008500d5
00bd0085
00b500a6
00b6008d
009e0083
00a7008f
0096006e
00b500a0
00b6009b
00860088
00bb00b1
00b700a8
006f0099
008f0083
00b100ce
00b50079
009300df
008b00ca
00d700d9
009d0099
00a800ba
00c500d9
00d3009b
00c700af
00c60096
011200a3
00a300b0
00b900ba
00cd00ad
009800a2
00cb0076
00ae0085
00790099
00a600a2
009a00a1
00bd007c
00a10092
00b2007f
00c8009d
00c90110
008b00c5
00830088
007f0088
008f0086
007500a1
00a2006f
009f007e
011000e7
009200d1
008c0082
00a600a5
00890083
00c8008a
008d0071
00780060
007300aa
009f0077
006f0095
00bf008e
007e008c
00aa0098
007d0092
00a7009a
00d800d3
00b900bd
008c00b8
00cf0093
0097008d
009100a3
009b0092
00a10089
00ab009e
00a200aa
00b00081
00b700c9
00aa0092
0087008b
006f0077
00a20078
007d0093
00b100db
010000c9
00a200b3
00960092
00e800b5
008300ab
0086006b
00af0092
009f0092
00a00081
00960083
0095009b
008d0071
00bf00a1
0099009f
0092007e
00a70099
008f00bf
00d600b9
00a900a2
00cd00cf
00a100a6
00c30084
0093006d
009e009d
00870095
00d000b6
00d000f2
00760091
00ae0092
00c000be
009600be
0096008b
009600e3
00980092
00a8008d
0098009d
00cb00d9
00b7008b
009b007a
006e0077
00910085
007c006e
009d0066
00d30087
00aa009b
0082010d
009e00a2
00ad00e7
00ce0093
00ae007b
00dd0087
00cb00ad
008400b1
010f00a3
00c000ad
00b600b0
00a10089
00930077
008e0106
008300a0
008a007f
008900ba
0087006d
00970066
00b1006f
0086007c
007a00b3
008800c9
00a000b7
00970075
00b100b5
007e007c
007b009f
00900095
00c80091
00730061
00960063
00f600ab
00ab00a2
00af009e
0096009e
009a00b2
009800c7
00ba00c0
009e00b5
00b00127
008e0092
00ad00ad
00ad00d5
00980089
00a000ab
00a0008b
00db00b8
00850093
00a70096
00b200c0
009600a3
00a6007c
007c00a3
009a0073
0095008d
007e0079
00760096
00b60082
008e0097
00a80066
008e00ab
009100b7
007d0082
006d0091
00be0095
009e00d0
009900a7
00ae00aa
0092008a
00a10084
00a30080
00a70065
00bf00c9
00b600cb
00b5008f
008e0098
00810071
0095006b
007700a3
00960098
00860073
00b50099
009e00db
00ab009f
00990077
00a50091
009500e8
007f0083
00b600b8
00bb009d
00be00a1
00b000ae
00a00079
008f009d
008c0089
00ee007a
00d00098
00a600b5
00ba008d
00de00b2
008200b0
009a00b5
00ab0091
0087005f
00990084
00cf006d
00bf008e
00c100b1
007500b2
00a9009f
00960088
008e0076
00aa0083
008300a3
007900ba
00970070
007a0090
006a007c
00a00073
00a80076
008800a7
0091008a
007d009d
00870096
00a90075
008e0095
00890088
0071008b
009f00be
00ae00bd
0097008b
00a1007c
007e00bb
00bd00c5
00a0009e
009f008d
00aa00a5
00cb00a2
008d009a
00a00098
00c00083
008800a9
00a100b7
008c0090
00c80084
00b30091
00a70097
00790084
0092008e
008d008e
008900ab
009d0088
00ba0097
00b70081
009e00a1
009e00b2
00a800d2
00a70099
00a00099
00b300ab
00960066
00a6007a
008f008f
008c00b0
00b200a7
008500b5
00af00a3
0091007f
00b1008a
00b3009e
00b80093
008c00a7
00a00098
00b90092
00a50093
00fa00cf
00cd007f
009200f6
009e00a2
00c900b1
00990098
011b00d1
00b50099
00aa00a8
008d008f
0089009e
008700d0
00b00092
0093009e
00c100af
00ff008e
008a00a6
00be00cf
007600f7
00a50074
00be0086
00800093
008f008a
009a006a
007400ab
007700b3
00b200b3
009100a6
00a7008c
00e700d1
009300b3
009300a7
00990091
008500d7
00a9008b
007f00bf
00a200d5
00a00098
007d009d
00ae009d
00af0083
009d0066
009e0109
00b70096
00b00086
00db00d8
00960078
00d1009d
00a9007a
009e00a0
0090007e
00b300ca
009a005d
00bb009a
009700a3
00a300a9
00a200bb
008200a2
009700ab
00b50095
008c00a7
009700c2
009800b2
008d008b
007a0083
00db0081
00cb0095
00d5009b
00eb0097
0075009a
00a100c5
00ae00a6
007e0063
006f008f
00990069
006f0074
0089007a
007f006a
0071008b
00a2008d
00a800ae
00a100a5
00a70093
00b60095
00b0008c
00920099
00b7009d
00ae00a5
00b200a6
00710097
009f00a8
009f00ab
00b000b8
00bf00b2
009500a8
008400bf
00a500c8
008d0089
00bd00a6
007700aa
00b8008d
00d200bd
00c700c5
00b300ba
00a2005d
00e000ad
009f00b6
00910095
00a900af
0089009e
009a0081
008d00c1
00b000df
0082008c
00b80089
00890097
008500aa
00a0006d
009b00a8
00ad00d7
0083005f
008c0071
009700e6
00a30087
00c1008b
009a0097
0092007d
0092008b
007e00d3
009d00c6
009d00a0
008b0087
007d00c8
008700b5
009500bf
00a9008c
0179009d
009800aa
00c900b7
00c6008a
00d900ab
009a00a5
009d00e7
00eb00d6
009d00c3
008200a1
00d6008e
009a007d
008a0075
009a00a3
008a0080
007d009b
00970077
00870099
00a8008f
009a00a6
008d0077
0083008f
007a0075
00950095
00a700b0
00a700a0
008900ea
008200af
009300ad
008200a9
009a00aa
00b20091
008600a5
00a300a8
00cd009f
00ae009e
00ab00cb
008b0089
00a300ae
008300ab
008d0079
008e00b1
009e00b3
00ad0092
00b6009d
00b900a1
00b00084
00ad007d
00a70084
00b2009e
008b0099
00e50072
008d009f
00920089
00b60084
0087008a
00960095
0077008b
009700a0
008700a2
00a30092
00970095
008700a5
007f009b
0081005e
009e008f
009800db
009600d2
00a30099
00bd00d0
00810086
00ba0080
0079005a
00810087
009b0076
007700a6
00a100a1
00890085
00830084
0081009e
00d500a8
00c3010b
00c900eb
00c200d1
011a008b
00e70096
009a008b
008f0071
00a600b0
00880099
00e200af
00d200cd
00af0098
00a100ba
00c300b6
00a80095
00c100bf
00bf00b9
00a500a3
00b600a0
009d00ba
00db00a2
00cd00a2
009900c9
00b500b8
00c900c9
009a00b8
009700df
009b00a6
009d009d
00b30081
00a70086
00a20086
00ba0097
0097007e
00d70083
00c600a9
008c00a6
00aa00a9
007b008b
00990088
00df008b
008d0082
007e00b0
009700c0
007a00ab
009900b7
00c30096
00d50059
008d00aa
00c700bf
009e00b0
0072008f
008f0073
00a3009f
008d00b7
007300a0
009600b7
008f00ba
008e00a9
009f008f
00920093
009b009d
00a70083
009b0083
009d008e
00c6009a
009500a5
008b00b2
00bd00a6
00a200b3
00af00b9
00a200db
00870082
00a3008a
00e10076
00a100b2
009a00c8
00930093
007c00ab
00af00e0
00bd00a9
00a200be
007b00ae
009a0085
00a000a3
009e00c2
00bd0072
0071005e
00d6008c
007b0098
006f006d
0087008c
009200a7
00810073
007a0097
00a900b0
010200c2
00ce0096
009a00a2
00b5008d
009200a8
00ae00c2
009100a9
009300a1
00a900b6
00b7007f
00b700a6
00ad00a3
00a800a8
006f00a3
006300b2
0091007e
008a00aa
007d0077
00b00092
007e0087
00820087
0099009b
007a0097
008d006d
00b3006e
00a100c7
008400a3
00980097
00d90093
0095009b
00a9009e
00a1009d
008500c0
00a70083
009d009a
007200b9
00eb00b3
008e00c6
00a2007f
00760075
00a50085
00b300aa
009f00a6
008600b6
008a009a
0097008d
007b0073
00a10086
00bf0081
00c500c1
00af00c2
009e00b1
00a1009f
00ad00a7
00c8009e
0083008b
00990095
007700b9
00a900be
00a300a2
0092008c
00810081
0103008e
00c1007c
00d600b8
007500a9
007e00a9
009800ab
009a007e
00a60089
00830091
00c0008e
00a8008e
009f009e
00b500b9
009700ad
00bd0092
009700a7
00b9007f
007f00b0
00d0009b
009d00bb
00960092
007d00ad
009e00e8
00a700c1
00c600b3
007d006b
00a80091
007d0073
0083009d
006e009f
009800c9
00840095
0088008d
00a900cd
0072009b
00a00061
008800b9
009e00ad
009900a6
0098009a
00a10097
009b0089
00be00c2
009900a8
0090009f
009b00c0
00a50096
009200bb
0098008d
00a30084
00c10085
00d300c9
00d800a9
00a1009a
009600bd
0073009f
00ca0096
007d0062
00b500a1
00ae009b
008e009a
00bb00c3
007a009f
00690099
007a0095
0099009e
00ad006d
009500b8
009600af
00a6007f
00830091
00900097
006f009b
00870061
00b50112
0089009e
00c000b8
009d006c
00d200ba
00a100ce
00d900a8
00ad00ab
006700a3
007700b6
008e00a8
008600c1
007600a1
00890074
00c600dd
00ab0076
008f00a3
00ad0091
008f009b
009f009a
007d008a
009e00ba
009e0091
00710079
0096008e
00a5006e
00790071
0074008e
00660073
00920091
00910082
008d0073
008700ae
00c30082
007c00aa
00ad007c
009e0085
007a008d
00be006b
009f008b
00c2009a
008e008f
00cd00d7
00c300ae
00a90093
00880085
00dd0078
00aa00ae
009e0077
00ca009f
00ba0095
00c90082
00a9009d
00e300c3
00bb00aa
008b0086
00870096
00b300bd
00d600e9
00ef00b5
00a9008e
00ae0089
008600a0
0081009d
00b600a8
00b80080
008100a7
00a900ab
00ab009a
0075007d
00770089
0085005f
006d0087
00ba00a1
00b1009e
009d009d
00c500a8
008a0089
00a50099
00b80091
006a0070
00ab00a5
010000b2
0097009e
00e500a7
00a60089
0093008f
008b011e
00870086
00730087
00730090
009500ab
00a70089
008800a2
00a30096
0072007a
00a10085
00860086
00cd00a6
00a800cf
00d90096
0084009f
00b300be
00c3007a
00a10087
00ab007e
00b200b3
0099009e
00ab00c3
00a900bd
00b70096
007f0080
00810095
00b3008a
00aa00aa
00cd00be
00c800ee
0090009b
0083007a
008d0065
00b30068
00d100b7
00b20084
00da00c6
00c800b8
00ad0095
00890081
00a9007e
008c00ab
0096008a
00a00096
009000af
009d00af
00c5007d
00d9009a
00a70067
00c700c0
00a00093
00a3008f
008b009b
007e00a8
007700e2
009200a0
00ba007f
00b500d5
00a700a6
00c600a7
00a70095
008e00d8
009f00ad
00b700c5
0087009d
00af007d
00d20095
008c00a2
00b20089
00a500ff
008f00e8
009500ab
009d007d
009f0065
00a70083
00b600b1
008a0093
00bf00b6
00730089
00910088
00c2008c
009a00a5
007b0092
009f0092
0102009a
007f00e7
00a70081
007f00c3
00a20098
00b700db
009500b8
009d00d3
00be007a
00a100d5
009100b5
009a0092
00870086
00bd00be
00990082
00b90091
0098009d
008d00b3
0092009f
009b008b
007600b9
00810084
007f008b
00c600af
007f00d1
009500bb
008e0096
00b20078
006d009f
0095009b
008a00be
00ad00a0
00bf00af
00b0008d
00720090
00a80087
00c50062
00a3008f
00da00d9
0098007e
009b0098
007f0085
007b0087
00950090
009800b7
00d1006f
0096008b
00c800a6
00b200ab
00af00b2
00b000b5
00e800af
009900cb
0081006b
00af00b1
00ba00b5
00d000a7
00dd00cf
00c600a8
00ba00d8
009000c7
009600b9
00a20089
00b5008a
00cb00c7
00d9008b
00a20089
00c90086
00a30072
00b900d8
00ca00c8
00ae0091
0097009b
00ae00a5
00960083
00a7009e
00d3008d
0087008d
008a00a0
0099006c
00a000a5
009a00c3
00b70089
00b1009d
00b10079
00c6008b
00ae009d
00bb00a6
00bb008e
008f0099
00a50093
00a2006f
00b300a7
007e0069
006e0085
00790092
00af00b1
00a700c9
009b0081
00b100a3
00b70095
00850081
00ba0082
008d0090
00990091
00ae009b
00d20077
008a009a
00620087
00e00092
00be0099
00ae008c
009900aa
00aa00a9
00b7007f
009b0098
00700091
00ab0093
00bf0090
00b200d6
00aa00a6
00a30090
008700ad
009d008d
00c00055
00c10076
00aa00a3
009f00b0
00fe0097
01000091
009f008d
00a100bb
008f00ef
008f00a7
0084009b
0098009a
007f00ab
00d300b0
0092009d
007e0083
008d005d
00a90075
00a00073
00a7008f
00b600a0
008500a0
00a0009d
008200bb
006a007b
009b008a
00840096
00a8008c
00b2007d
008900ce
00a600a7
009e007b
009d00ae
00d70098
00c200bb
00a700a5
00af00d8
009600be
00a20081
009300a6
00a50087
00cf0099
007b0086
00b200bd
007700d7
00ae0088
008b00ab
009200a8
009b0098
00b60097
00ae00b0
009900c3
00aa00f2
009200aa
00a900bd
008e0081
009d0092
00a200c0
009300cd
00be00ba
00bf00a6
009b0099
009f0095
009200ab
0092006b
00a000a0
009b00a1
00be00b3
009e0083
00b2009a
009300ae
00c80093
00b500b9
00b100b2
009200be
00930081
00630098
009b00a1
00d600da
007e0088
00b0006b
00c100ba
00c700ae
00da008d
009500a1
008b00b6
00a6009d
00a000b3
0099007d
00b600bb
009e0095
00c200b5
00d9008d
009b0084
009800aa
009d00c5
009d00aa
00c600ea
008900da
00bf00e8
00a10099
009100b0
0077009e
00a90082
00a300b6
007b0092
0090008d
00ea0075
00a60098
00da0095
00c200bf
00a100c5
00790069
008b006b
006b007b
00910098
009e0092
0092007a
00710083
00b2008c
00a9006d
00980095
00860098
00ad00a9
007d006d
00aa0076
00970065
0095006e
00a30080
00b000d5
00b000ab
0088009b
00890083
0078009e
007c0079
009f0082
009800aa
008e0098
008200b1
00970080
0096009e
0079009a
006c0097
0089007b
00b6009f
0074007e
0084009f
00b000c9
0091008b
007900a9
00aa0099
008700af
0074009d
00ae0095
00ab008d
009b00b2
00a300ab
00cb0091
00af00ae
00cb00b1
007100b5
0071008e
00920083
008e008a
00ea0081
00bb0096
0071008a
00ab00a6
008e006a
00e700a3
00a100ae
00d00071
00c20090
008300b1
00c600c1
00e000bf
00650063
00d60081
007d00b2
00a80075
00950082
00960073
0081007d
00a20066
005f006d
007b0096
00b5008e
00c30098
009700b6
00a300ad
008e00a2
00a8007b
00b7008a
00a7008b
009a0079
00b60079
00be00b1
008c0073
00a300b3
008e008b
00a80070
009500ab
00a200a1
00cd00bf
00b90099
00ae00b0
009100c0
00a6009f
009d0095
00a100bb
009700a1
0091008e
00bd00b3
008600b0
008900c5
007600aa
00ca00f5
00890079
00a200c5
00920096
008a00c0
00c200aa
009900ba
00ab00be
007c005e
00b100b9
00b80091
009d0093
00b900a3
0098008a
00a700a1
00b2007f
008b0079
00a10082
00b80095
009100a0
00e700ad
00a7007f
00b60097
00c100bb
007500a3
009f00af
00980092
00930095
00c100a6
006300b6
008a007a
0089009a
00d900c0
00af00a2
008a0092
00b500bd
009d00ab
008e0092
00d800b0
00b700ab
008b007a
00c7007f
007d007b
0081008e
008e00a0
00b50081
007d0083
00cb00b0
0086007a
008700bb
00790067
008f00c6
00a200d7
00850079
009200a3
00890083
009800a6
00ae00a8
00730071
00ab009d
00ae00b8
00bf009d
009d00ab
00ba0097
00c900f6
00ba00c9
00a100a1
00a100eb
00cd0092
010300a9
00d500be
009200f6
008e0066
009b009b
00c10095
006a0087
00a500a7
007d00bb
0079007a
00b8008a
009b0098
00a200ca
00ab00a5
0096009d
00a600be
009300df
00bb007f
008700a6
008f0084
009d0088
009a00b2
00a5008d
008200aa
007800a8
00960099
00ad00ab
00b90065
008e0087
00a60086
00650077
0070007d
009600a0
00ae00b3
00710079
008b0096
00b70095
012e00bd
00be00ab
009a00b2
00ae00b8
00720095
008a00ae
00a70069
00b900b1
008e009d
00a00085
00860081
008e009e
007900f6
0067006a
00b10097
00bd0098
00b1008a
009700b2
00bd00c0
009f008a
00c30086
00830085
007f0097
00a0009b
00960098
00ab00a7
00760095
00920097
00870066
009f0074
008500b1
009d00a0
00960090
009100b6
00890087
00a6009a
00950090
008d0092
00b70080
00f10091
009b009b
008100b9
00e600a8
00a300a1
008900c3
0098009a
007700b0
006b008d
00b800cd
00a1006c
009e0096
009300c1
00a9008d
00a90081
00a700b6
00a500c6
00c700ba
00b700a9
00a80086
009d00ae
00ca00bf
009600bf
008f008e
00c9007f
00b00087
00bf0091
00b900ca
009100a6
00920093
00920085
0088007e
00970095
00ad009a
00b300cd
00e500d6
009f00e2
009b00b1
009a00a1
00b300a1
0075007b
009f0098
00a9008e
00b5007e
00830091
0072009f
00810075
00b300c2
00830083
008a006d
00a20083
00a000b5
00da00aa
00c10097
00b900a6
0091007f
009b0071
00bb0092
00bf00af
00b700a7
00b900a9
00c500a8
00b00085
00c700c3
009b00dd
00b800ae
00b900da
00ee00aa
00cb0082
009e0086
00950071
007500ea
00c30066
0091008e
00700072
0077008e
008b0075
009f00b5
00ab0092
00aa0089
00ed00a5
009f00e3
00900097
00aa007f
007d00b1
00c30098
00a90099
00ad006b
008a00ba
0089008a
00810086
00870085
00a80092
00750076
00930079
007f0085
00c000ad
00c900b8
00cd009b
00910091
00af00a0
00ae008d
00a2008c
00a30092
007a006e
00a300a8
00a1007b
00a600b1
007b00a8
007500a9
00b7008d
008f006f
00960077
00b900db
007b008b
009a009e
008e0079
0097006e
009b009e
00780083
00e300a3
0108008d
00a100a9
00b000e3
00a600d0
009100a6
00d20090
00c5008d
00a000af
009d00a3
00a10095
00ca0099
009e00b5
007900a9
00b000a7
00a3005b
008000c3
00980073
009d0092
007d007f
00760096
00710085
00a900a0
01150102
009d006c
00b200cd
00c600be
007f0084
009e0098
00a100ba
00d500af
00d600cb
008a0082
0090007e
00b60071
009e0081
00970099
00c6008b
00a600a7
00960092
00ae00d6
008d009f
00e700b9
009e00b7
00c500b7
00d500c7
009900b0
00790081
00880078
00b0007d
00960098
0077008e
00ad008e
007e00e1
00bf00a8
00a60096
00aa009e
0091008d
009100a0
00a800c1
00990083
008200d8
00a700c6
00c200b0
00af00c3
008b008e
009100aa
00ba0096
00c100a5
009600a3
007d00a3
00890062
00970078
00990090
00770095
009e00bd
00b3007e
00a1008a
00a000bb
00d7007d
00880086
00b50096
009b00ca
00aa00b3
008b00a8
008b009f
009e008c
00710067
007a0093
00830086
008700ab
009b0087
00870080
00a00095
009a0092
00af0081
00960087
0073006f
00a500a3
00a00082
00a900a8
00760082
00860088
008e0079
009e0071
00a100c3
00b500a3
009f0082
008f00b2
009f006b
0099008f
0092006b
00a300af
00ab00be
00b500b0
0087009b
00c10096
00890093
00d300a1
009f0099
00860093
00e800d0
008c009b
00c000d1
00a500c1
00a600a0
009200a5
009a0077
009700a0
00d70089
00b5009f
00a900b5
009d0081
00aa0091
008600a8
009d00a6
00e20087
008b00a2
00ba0093
009b009d
009e007f
008f00a7
00810086
0095008a
00f7009a
00b300b8
009700a2
008300a9
009d0097
00bb007d
00b60089
00fb009f
00b6008d
00c500cf
00b100a9
0099008a
009f00ab
00af00eb
00ef00e7
009f0083
00a000c3
009100c3
00b300a8
009f00a8
007a00c0
008c0086
009100a2
008a0095
00ae009d
00a6008b
008d00c7
009a00c6
00910087
009300b9
009100f5
008900a3
009d008f
009800a0
009900b0
009200a5
00f3008b
00e90091
00a200a5
009b008a
00b80079
00bf00ab
00ab0099
0092009b
00a200a1
008200ae
00b800a1
0092007a
007e007d
008200b8
00a900af
00a700ca
00cf00a5
00c700b8
00e500b0
0070009e
00ad00af
00a200d9
009f009f
00a500ae
00b3009e
00870096
00c200ab
008f006d
00860079
008500b0
0096007b
007b00b9
00890096
00b200a6
006a00b1
008500be
007f0072
00820086
008a0099
00e100b6
00af0098
0090009f
008e007b
00ea00d5
00b00085
00d3008a
00a000a8
00c1009e
00b500a1
00e700cf
00a800c8
00ca009e
00970095
006e009b
00d100a3
00970091
00ce0083
008e0097
008100bd
008a006e
00c700c7
00c2007c
007a007d
009100af
00a60085
00a30074
0093008e
00b300ba
009f008d
00c300a0
009d0083
00c600cf
009300aa
00a000b8
007f00bf
009e00ad
0083007d
00a100b5
00be007a
00ab00cf
00a200b5
008600a9
008600be
00b10098
009f0097
00b800af
00b000b1
00a5008b
009d0095
00b900c6
008e0082
00af0077
00ad00b5
00980082
009b0084
00b80099
00910082
008f008d
0086009d
009a0077
0096007f
00ce0084
00ba00a5
009500bb
0082009e
00890083
00a600bf
009e0083
00ad007f
00a700cd
00ca0091
0085009d
007d0097
007700ab
00af00a0
00c700ab
006c0083
008300b2
0073008d
0085008b
007f0089
009e00b7
00a90086
009b007b
00a20077
00b6008e
0096007e
00c80093
00bb0098
00e10090
00ab00ad
008d0066
0089006f
00ae00b6
008b0099
008e009f
00850097
00be00d5
00a80099
0087009b
00830079
00c600a1
00810095
008a0086
00c00097
00ad0095
00a200bf
00b3006e
00aa00e7
009200d0
009900b6
007d00a3
009500c6
008100c7
00d20091
00b6007e
00a1007a
00950092
0095008a
008500c6
00970081
00a30089
009e009d
009e0088
00840092
008500ce
009f00a2
00c00112
009000ee
009100ab
00cf00b2
006a008d
00ba009b
008c00a9
009a009d
008b0086
007d0092
00be008e
00b20083
00a9008b
00820084
00b80079
009a009e
00be00a6
00ab00b0
00c8009f
008a0087
009d00a9
00bb0081
00b5009f
00a500ef
007d00aa
008700c1
00c1009d
009000a8
008b008d
0085007d
007e00b6
00d000a3
00a200b1
00d00093
0092007b
008300d2
009100b6
008600a0
0081007c
006d0098
007600bf
008600a5
009a0093
00770092
00830083
008b00ce
00b50085
00c300d6
00a200a8
00a200cf
00e500b2
00ae0098
0073009a
00a0007d
00a200aa
00870076
00e000a7
008300b6
00630089
00ad0067
008a008e
009600a8
008f00a8
0088008d
00b700d7
00bd009d
00ca0092
009a0078
008a00a8
00ad0085
00c80095
00b2008f
009300a5
009600b8
00c200b7
00a600d0
00b80089
00b6009b
00aa00b6
00d500a6
00b1008f
008f008e
00a2009e
00ad00a9
007d0063
00a9007b
0085008e
008500a7
00a8008a
009d0093
009d0091
007c008a
00a2007f
00b300b7
00ba00b5
008e0088
009300a0
009d0099
00e000a3
008500ab
0086005a
0082009e
00850075
00830086
00a7007f
008e00c1
009a007f
00be0097
00a90057
009b008c
009e00ab
008b00d9
00bf0096
00be0092
00ad00d6
00b600db
006d008b
00780070
00710099
00a500df
00a900a7
00a800a8
00a000ad
00c6007d
00b5008d
00a50098
00a000d2
00c20059
00ba00f1
00ae0089
00b5007d
008e008d
009e00bb
0093007d
0090009d
00a800ae
00ae00a2
00bb00b6
00c000ba
009800d6
007b007f
00c1008a
008d008c
008300a5
00910093
006f0099
009a006a
0086007d
00910097
00c900d0
00aa010d
00ad00b9
00b90076
007e008a
009800bd
0088007f
00c700ae
00a900c7
00a200a3
009d00ab
009a00c9
00c600b6
00df0096
00c900a3
008e007c
0098008f
00b50075
007d0092
00b90083
00c300a5
00b7009f
00c70097
00af0079
009900bb
00a3008d
0089008e
00d8009d
00820095
007c0095
00a300ae
0092006f
007f0095
008d00e9
00b70098
00ea00a9
00b100ad
009e00b2
00930086
009d0083
00a10086
008800b8
009f00be
00c300a8
00e500b5
00aa009a
007400ca
00cf0098
00aa00a5
00bb00a2
008600a0
00a300b7
00b800aa
00c200a3
009900d9
00d9008f
00b2006b
009f0082
009900a3
009a00aa
00b000b5
00b800a2
00b800af
0081009b
007b00cb
008500b3
008b00bd
00810089
008500bd
008d009a
009800e2
00ae00c5
008900b6
00930097
00a50092
0091009e
00b7008c
00dd008a
00d1009b
00900075
009f0092
008800b1
008a009b
00870074
0098009d
009200b3
00be00c9
00a50073
00b10089
008d00c2
00aa0099
009700b0
00b70091
008c0093
00bd009f
008e00df
00a7007d
009100ae
00da00d2
00a3009d
00ca00a9
00c3009d
00d300a2
008d005d
00970081
008f00a9
0081008b
00980062
0096007a
00bd0073
008f0085
00b9006c
008800a1
00b300c5
009100c0
00c5009f
00c00092
009d00b2
00d500bf
00890071
00d600af
00980129
00aa0084
00ba0093
009f0089
008e00b7
00a500ab
008b008b
009e00a8
00c900d1
00ae00c7
008800e2
00b6008a
009800a5
0079006e
00a30097
007400a1
009f008d
00a700a1
009800a0
008b00a2
006e00b7
00840091
00b600af
00a0008d
009200a3
009b00b7
00a5008d
00cf00b2
0084008e
00a800da
00d000f9
00910072
00a6008d
009600c0
008f0071
00850092
009f00dd
009300ab
00ae0091
00bb0065
009b006f
00be007c
00a000ad
00c90093
00c50092
009900b9
00bb00b0
00b700b2
008900b1
00b900bd
009300e0
00ea00c5
00f500e9
00bf00e2
007d0085
008e0089
00a500ae
00b600c6
00a8008b
00af00de
00d100b6
00b50099
00f700a7
00ab008c
008d009e
00b300ed
00a900b3
009700d0
009f00aa
00c100b3
00890099
00b30092
00c300b8
00f000b0
00f6008e
008900c2
00ab00b8
00b10097
008b00c5
00c300c7
00980088
008b00ab
0092009e
008e0092
008d009f
0071009b
00bf0096
008700cd
009d00c2
00930071
008300a5
00b9009d
00910090
00990096
00b10078
007900aa
008f006b
009b00b8
00b7009a
00870097
00a500eb
009e009a
0082007d
009200ae
008a0098
007b00ab
007f0087
008c0076
008e009f
00b1007d
008900bf
009700ca
0108008f
00a300c2
00ca008d
00b500ad
00b100b6
00be00b5
00a700a2
00c50083
00b700b3
006c00a8
008b00b9
00dd00a5
00a500d9
00a300a3
00840095
00aa00ab
00ae007f
00aa00c5
008a00c1
0089008a
008d0085
00960099
00a70095
00f20086
009e0087
00d100be
00d200d8
009300a2
00c600ad
009d0092
009f00a7
009d00a1
009b00a6
00850098
008f008f
00b80087
00a60090
00a50095
008d0057
00a300c0
008e0085
009b00be
009b00ae
008700f9
00b3007b
00ba00af
00b900a1
00b8007e
00a200a5
006b00bd
009a00c3
007600b7
00b300a8
00bb0088
007e006b
00780065
008e008d
00bb00ad
01230082
007a00ba
00b600c3
00ad00b2
00a0007b
00d30097
008700bd
00a200b9
00ee00c8
00af0091
009800b1
0093009d
00c6009d
009a007d
007b008b
00c50095
00910070
009900b2
008600a0
008600ae
00960078
007b0088
00a100b5
00a300f3
00c900b7
00860089
00960097
00b80093
00b80097
00c0008e
009300a0
00ad0099
0091008f
00a3008e
0093007a
00cb00a0
00730065
00a20080
00ba008b
00c50093
00cd00c5
00a800ab
0087008e
00c700a0
00ce009f
00d100ce
00930093
00ad009d
00a100ae
00a90097
008e0093
00a900af
0076007e
00a9007e
008d0095
011900ae
00d7009d
009200ab
0071009a
009b00ae
00850088
010300c6
007900f1
00d300a7
00950081
009e00b0
00720072
007f007d
00b600e5
00d500c5
008f00a7
00b6008f
009f008c
00a8007e
0081009b
00b500c1
009b0097
00c50084
00b100a0
00a300a2
009200b8
00830095
009b00ab
008d0097
00cb00bf
00860081
00900072
00930090
00730081
00890096
009300b0
0091006f
00a50099
0075008d
00980095
007f0082
00a6006e
00a600d0
0077009b
007d00c2
00ea005b
008500a2
00b800a5
00c000b2
00cb0085
009800a9
00c300ba
00ca00b3
009d00db
0082007f
0092009f
00b100e3
00bd00e1
007900b0
00b000a9
00aa0095
008100c5
00a1008f
007d007a
009d00aa
009d007a
00a100ab
00c800bb
00de0093
009e0069
00e300d3
00bb009b
009f0092
009a00ab
00920098
009b00a0
00a20086
00900099
008e006f
00de007d
008800fa
00a20077
00bd008b
00980077
0087007d
00b60087
00a300d8
009300a3
00a60085
00920087
009b00a8
00ae00a7
007a009a
00d90079
00bd008d
00a5008e
0085008e
00910096
00a700b6
00930098
008a008c
008a015e
00860087
008900a2
00950085
00a10092
00af0095
009100c6
009b009d
006f00a1
00850083
00a700ae
009300a2
007a0093
00b500b7
0089008f
00a70092
01320052
00df0135
0077009d
005e006e
0087007a
00800066
008f0089
008000aa
008600b0
007500ae
007a00d1
009f0091
009600b1
0099009d
00970093
008b0081
008d005e
00fb00c6
00800082
00820092
00d1007a
009e0083
00800097
00730095
00870087
00a100bd
00d1007e
00c3008f
00ca008a
009800ab
00d100a8
00c200aa
008a0093
00de0063
0090009d
00a900ca
00cd00b8
00c5008b
008700b0
00c90099
0072005a
0092008f
00b70081
00c600d5
00880074
00a3009b
00ae00c3
00b90096
008f0063
0077007c
00b300a1
007b00a9
00b000c1
00ae0095
009800da
00cb00a7
00b3008e
008e0099
009b0101
00a000ab
009f0090
00a20092
00b000bd
00dd00a2
00a10075
00c300b7
009800f3
008600b8
00b2007d
009700af
007900b2
008000ad
0098009a
008e009a
00980084
008800b7
00a3009a
00a000d6
009900d0
009b00cd
00a000c3
00af0090
009d00a0
00990081
0088008f
00a000e3
009f00a6
00950099
00c200e9
00870077
01090077
009300c1
009800b2
00aa00d7
00e000ee
00c600ca
00d1006c
00860092
007c009a
009200aa
008700a2
00ce00b2
008a009e
00b800a8
0082008a
00c600a2
008300a8
009500b5
00a200ad
009d00f5
009d009f
00cf00bf
0095008a
00a7009b
00a900ba
00cb0076
00aa00bb
009b00bd
00a50082
009f009b
009b0080
00a900a9
0082007b
00900090
008c007c
00ff0088
008d00a6
00b800ad
0074005d
006b005b
007a009a
00db00ad
00ae0092
00990092
00850095
00a6009f
007300c3
008900ab
008e0085
00c500bb
009800a7
00b00091
0069008b
007f00a8
005d006e
009700b3
0096007c
0061008e
00720083
008d0092
008f0096
006200b1
008c0088
007a009e
009d00a3
0095008d
008b0090
00770092
00b30093
00930070
0079009a
00c000dd
0095009d
009b00c1
00dd00b0
0084008b
00c90099
00b8009a
00c700ef
00b300b0
00bb00bb
00cd00b6
00f500f3
00e700cf
00c300d6
00b900c0
00cd006f
00a100cb
009f0113
00a1009e
008f00b7
007f00a2
008e007e
007f0079
00950092
007900b5
00a000c5
009a00e0
008c0092
00970087
00a00076
008f009a
006e00cf
00c500a5
008d00b2
0090009f
0093008d
008f0086
00e70096
00a800cb
007d00c1
009b007f
008800f5
007200bd
00a100b1
007e008e
007d00c9
00bf00c1
00af009a
00910096
008f00c0
00bf0097
00b100bd
008200cb
00a20090
00890089
009600a2
009d0092
008500cb
00b0007f
009d008d
008600c2
00cd009f
009a007d
00da0080
0086006b
008a006e
0076006b
009300da
00a300b5
00df00b8
00a100c7
00a0008a
00a000d6
008a008e
00aa00b6
009b00a3
009500a6
009100e3
00d300b5
0086007b
00a3008d
009a0097
00850070
00c300a7
0089009f
00b300a2
00ad008f
009e0072
008e007a
008300a0
009e00f5
00c8009e
00a600b0
007f008b
008c00ca
007c00b9
0080009a
00a300aa
00930077
00a7007e
00ad00b9
00b70098
00b200d7
00ae0076
008d00b5
00a20093
00860092
00c00098
009000c6
009f00a1
008d00ad
008300a5
009700b2
00b500bb
00aa00a2
00a200bf
00b000bf
00be008a
00b10086
008500c6
00870077
00830069
00750097
006f008c
00bb00af
00cb00d3
009100b8
00950085
00b100a5
00a90096
009b009f
00b700a5
00d000b0
00a700b1
008e0095
009e00be
00af00a3
00d000d9
008900e0
00b00086
00df0096
00ff00b1
00c100f1
00a9008e
00c000b2
00c70086
00990086
00a8010d
00ce00c1
00b900b5
00a800df
0089008f
00ae0088
009f008a
00c000a9
008b00ab
008e00b1
008c0077
00a50097
007600a5
007a00fa
008e009f
00b50077
00b200a1
00a600ab
007b006d
00b000b5
00d6008a
00da00af
008a00a9
00a000c8
00d1006b
00aa00a1
00b20092
008d00ab
008c0092
00aa007c
008b009e
00ba008b
00b00090
00bd00ab
00ad00ca
008500b5
00a1009e
00d600a7
00b900a0
00bf00a6
009300b3
009f009a
008900a2
007a00ba
00920091
00f500a5
00b7008f
00a700a3
008700ba
008e009f
00820096
00650093
008c00a1
009d0088
00b800b6
00bb00b3
009a00b6
009f0091
00a30095
00b300e3
00c80083
00ef0085
00ce007f
00850092
009500e1
008a00d2
00950098
008600ab
00c6008e
00a70089
00a2007d
00ce00af
0075008a
00870081
00c500a7
00690098
009900b2
00b700bf
007a00bb
00c500b6
009b009b
009200ee
00ab009b
009d008e
00c20099
00b70070
00920076
0078008b
00c8006e
0095008e
00bf008d
00b100e7
007b006a
008b00a3
0097009b
007f0099
008a00af
009700a2
007f00a8
00c80098
007d0076
0096008a
00ad00a5
00a6008a
00b90083
00ef00c9
00a300d1
009e00b1
00a900f8
008f0090
009700c6
00c000be
00a700cd
00f600bb
00ab00a8
009b0101
008d009b
00a30085
00b600aa
00ca00ba
0090008f
009500aa
0079008f
00ae0092
0092008f
0091007b
0079007f
008d0096
00830086
0083006b
009200a6
008a0089
0097006e
007d0080
00b500bb
00d800ae
009e007e
00a600aa
007a0092
00e50096
008d00b7
00b20098
009800c3
00c700af
00d9009a
00c700c5
008d00a9
00ca008b
008100a9
00c100f6
00fd00a1
008600ca
00750078
007d0091
008b009a
00990083
00bd00a2
009700f8
009b00a9
008e0091
008b0091
00c100b6
0095007a
009a00a5
0091006a
00a5009e
00a700c0
008200c6
00af00d8
009b0099
0091008e
009b00a6
00820079
0083009d
009300b0
00a000a0
008900af
00ca009b
009b007d
00b500d8
009a0085
00b90069
00ad0099
00a7009f
00c600b1
009d00b0
009b00f0
00aa00a9
00890077
00ae00a3
00a100de
00a2008e
009d00a8
00a100a5
00a000a6
009a009e
00810072
008c0092
00bd00ba
00d60086
009e00aa
008f00aa
00ad00bd
00a800bf
00a50098
008a00de
00c50092
008e00b1
00b600e0
00af00a2
00b300c6
008700a9
00bd0140
008600c3
00c000f1
00ee00aa
00b100e9
00d6009a
008b0098
008b00a0
007b0073
00bf007c
009700bb
008f00a5
008200a9
00a30096
009e0077
00a700b5
00e600a3
00a70089
00a90083
00cf008f
00d10083
008100c9
00910086
006a00ad
00a10087
00ad00c0
00c300d7
00920091
008d00b8
00cf0080
00a500ab
00af008e
00ab008f
00920079
00cb0090
0099009d
009100a3
00a50086
00c0009b
00b7009a
00b600c2
009000b3
00b30099
009d00d1
01100099
00bf00b2
009f0089
008f00b6
008a00a9
009b0096
008e0085
00af007f
00990099
008300bf
00830081
00b30082
00cd0076
00bb008a
008e007b
00960093
008500d5
009d0079
00a80089
008c007a
0084006c
00c200a2
00a3008f
00eb009a
00c5008e
00c300a7
006c009d
007a0083
00a70083
009700aa
007f00a7
00cd008b
00b000ce
00a8009e
008200b3
009f007c
00b000ad
00a200a1
00e0008e
009f0073
009900a7
00ab009f
00a200b6
00830098
0079007e
00a500a6
009200ab
00980083
0087009e
00b600a9
00890098
007800a7
00e2008b
009700a2
00c5007f
00b500c9
009b0096
009d009b
00660092
008a00a5
00a8007e
00b90097
00b700a6
00d200a6
00c800a9
00d000c8
009900d6
009900b1
008e0065
006e00a9
00b100a3
00fb00c2
009e00f3
009700b0
00c50082
009100bf
00ea0127
00b000d1
00a00102
007b007e
00a30087
007900b0
0093009a
00980092
00850086
007f00b6
00aa0080
00c200ab
0093009d
00ce00b2
00ad0083
00ae009f
00b30082
006e008c
00c600b8
00c800a0
0087009f
00b50092
009500c3
009200af
0081007e
0091007e
007500a1
005f007e
0077008f
0081006d
00a9006a
007d00b2
0090009d
00960090
00ad0082
00b900cb
008b00ed
008c00f2
00d60097
010500bb
00a00076
00be00a6
009100b6
00a1007d
00b800a7
00bd008d
00ad00a9
00bf00ad
0092007a
00750068
007c00b8
00a0007a
00aa007e
00e0008d
00b200e1
00a9009b
00900060
009200a5
00b50089
00c000ce
00ae00e1
00a00095
008500a8
00a60093
009e007b
00ea00c5
00c800c0
009e00bf
009f00a7
00b200ab
009d00aa
00910084
00ab007d
00eb00ad
00a20097
009d00ad
00c30091
008b00b0
00a90099
00890082
0084009d
00af0087
00b1008d
00a300c8
00b500a7
008a00a6
009f00ad
008a0096
00850099
00b70092
00a700c0
00b200ae
00b900b3
00b0008b
00bb00b0
009900a0
00a8009f
00af00b2
00b700ba
00c7008d
00b90086
009100ae
00a100ae
008f00e6
008500a5
007700c1
00be0095
00980140
00d300ea
00d500ca
008b009e
009800d1
00da00d8
008100d2
00e200c3
00b500c7
00c100a0
00ce00ad
008d00a9
009600a2
009a00c1
00e00087
00b80099
00a200b3
008a0089
006d00bd
0095007c
00920075
00980096
00c600b9
00b600f5
007a0084
00970090
007f0079
00a10084
0071009d
00860087
008900b5
0095008f
00db00ba
00d80092
00870083
009a0087
00e70091
0092008b
00c100b1
00a6008d
0099009a
009a008d
0089007d
008b00a5
00aa0090
0099009b
00a900b8
00b20098
008d00a8
00a600ba
008a008a
009d009f
00750090
00970083
00ae00a0
00b500ad
00a600a7
00a00088
00990087
00820084
008c0091
00980091
00af0071
00ad0092
00da0088
00b600bb
009d00a9
0118008a
00de00be
00a70088
010100b5
00d10139
006e00a7
00730097
008a00b8
0097007b
00b8007e
00a900a2
007e0077
00df0074
009100ae
00960095
00a100a1
00b000bb
00b700b5
00a00082
00be009f
00a7007d
00b600fd
007900a0
00a900b2
00ab00a5
00960085
006e008a
00790091
00be00a0
008900cf
00b100b5
00a6008e
009d007c
008d0076
00850054
006c00b0
0077008e
00b8007e
00c8009b
00b300ce
009600ef
009000c9
00890076
00b10063
00ad00c3
00a70089
00c000c1
008d00a6
00a600a3
008200a6
00e500db
008f0097
00bb00a1
00c800b0
00fe00be
00c20097
008700e9
00aa00c9
00b60099
00820093
00d10096
00a3008f
008e00c7
00a000bb
009800c3
008f00af
007f0083
00c00098
0083007e
008400c7
00b300b5
00ee00a5
0092008e
009e008e
00c00065
00aa005e
00d100b8
009700b1
00d000c6
00c2009a
007700e7
009b0075
0089006d
0125015b
00980102
009a00b0
00b50093
007800ad
00a10085
0066007a
009300a3
00cb00ae
00890096
00b300c1
00b1008e
00b900a6
00a100c2
00be00a8
00760062
008a0086
007100b7
0091008a
00810081
009200b5
00a5008f
00950087
00b600e7
009e00a0
0098009e
00b3007d
00dd0086
00c300a9
00ae00d6
00a500c0
011800fd
00a30080
010800c8
009900e0
00a9008d
00af00a6
00f300b3
00b300b1
008d0075
012200db
007b00ee
00df0092
00870086
00790091
00b50073
008b0062
00810084
00b0008b
00b200a7
00aa008a
008a0099
00930091
00af0093
00c1008d
00ca00d6
0080006e
0086006e
00810072
00bb0112
007f007b
00d30088
00f2008a
007e0076
00a900a9
00af0090
00ea00c3
00a7009d
009f00a7
00b7007f
008a0088
00820061
0091008d
00960082
0093008d
0084007a
00780091
00a50085
00750095
008f0069
009b00b3
00c500b9
00a20093
00d0008a
00cd00b8
00a1009e
0097009b
009300b7
008b0095
008800c5
00a70098
00a200a5
00cd00b6
00da00ad
00ae00bb
00a9007a
008a0085
00910097
00890086
00a00092
007a0090
00830085
0078009a
00a600a7
010b009b
008400dd
00a600a2
008800d7
00bb00a9
0085008e
00b100af
00820069
00b20097
009100a1
00bd009f
00960099
0097007e
008b009e
008600a2
0086006e
00890087
00a5008b
0092009a
00780099
00930089
00a600b6
00bd0099
00a50093
00a50083
00bb0091
006d0099
00cd007f
009d008c
00a8008c
00b3007b
00bf0096
00a900b8
00b800c2
00d800eb
00b200c0
00b700a2
00cd00e2
00c80089
007b007a
00af00a8
009f00ab
009f0091
00b700a1
006e0096
008e00e2
009300cb
0082008e
00b90074
00820096
008e008a
0087007e
00db00aa
00a600c9
009b009e
008c008b
00a600e1
007e00bb
00c600a3
00a600a0
00b600e5
00990099
00c00081
00b8008f
008f009a
0087007f
00ae008a
00c200ad
00a600b3
00bf00e5
00bb009b
00c000d2
007e0093
00cf0087
00970098
00c100ee
009a0084
00b30099
009d00a2
0098006f
00800074
008d0076
0079008b
009800bb
00bd00ef
00a30085
00a500d3
00920063
00db00c3
008a006f
009500ae
0076006e
007e0090
009f0076
008d0081
008b00bf
007200c2
00bf007a
008a0085
00990099
009900a9
00d1009b
00b7008a
008e00ae
00af0085
00b700cb
00e10087
00b000c0
008a0075
00780097
00b6008f
00a00083
009f0089
009200c0
009f00ae
0093007c
009a0092
00a80086
00960081
00a600cd
00a5009b
00ae0082
00920092
009200bb
00b30077
009e00b7
00a800c6
00800076
00b7008d
008b00a3
00ad00ad
009800b0
0087009d
007a00ca
008f007a
00a7005a
007600be
00b800e1
009b00b3
00da00a8
008300a7
00b8009e
007b0098
00aa00ab
008300a9
00d2009d
009800a0
009900c2
00cb008f
00c800b3
00b70083
007f006a
009e00c6
009a00ce
008e008f
010f009e
00a30096
00a300b0
009700a1
0084008b
00aa0073
00cd00be
00b100a9
00af008a
008e00aa
00d900f7
00a900b9
00a600a2
00780071
00970089
00a3007a
008000b8
006b00b2
0091007a
00bd007f
00bf0080
0077007e
006d008d
00c300be
00a90092
00b300a6
00b60092
00e7008e
00a0007b
009100c2
008600a6
00af00c0
00bd009a
007d00cf
00a900a2
008d0087
0099006f
00b900b5
00960092
00a200a1
00a000ef
008f008e
00cf00cd
0091008f
00930089
00c200b8
008e0073
00b2008d
009e008d
00a200a1
00b500a7
009000ee
00870086
008c0071
00ce008d
008600b6
00a10096
00b900c0
00af00c2
009600c5
00d200b2
00d60093
008800df
008100c0
008d00f9
00b600a9
00d700a5
009f00c2
008f0079
00c30095
009a009e
00bb009d
009700a8
00ae00a1
00970087
008900a6
0091009a
00ae0077
00960075
009b00a9
00a800ae
00b500a3
00a30090
007e00c6
00910097
007b0079
008e0096
009900da
00a100a5
009b008b
008600aa
00d000ba
00ad00a0
00e200be
0087009e
009f009d
008a00a2
0084006d
007e008f
00830079
00d600b9
00ab0089
00cb00b8
00c0008e
009500a2
009a0096
00930093
00970079
00870084
00af0099
00d10070
00d200a8
00a500af
00aa00b0
009d00a1
00ba008d
00dd005e
006e0070
00af00b9
00b000d1
009a00ad
00a200ca
00ab0092
00710095
0088007d
008f008e
00bf00a1
009100cb
008900c6
00a900ba
00b800b8
00a2008e
00a80097
00870082
00a10090
00ad00a7
00b1009f
00ad007c
00b2008c
00a1009a
00b900fb
006b00e8
00da00af
008b00a8
00ed009f
00bf009f
012e00cf
00e500d7
00b7007d
008e0089
009f008d
00800095
008a008a
008100bd
00a300b9
00a900bf
008900b0
008b00a2
00770089
009b007d
00a90095
009300a9
006c0099
00a30081
00c10063
00b700c0
007a0112
00ad00a7
00c7009e
009e0075
008f00a5
00af0076
0085008a
00a200aa
00a100cf
008b00b6
0096008a
00910097
0093009d
00aa0091
00a70093
008b0079
00770097
00a60089
009e00b3
00be0062
00a5009f
0097009e
00930086
006e0096
00ca00a0
00be009f
00bb00a3
00e600bb
009a0098
00730093
008700c1
00a80093
00d800de
00a10098
00d100b7
00aa00a5
00ad009e
00df00c1
00cb00c2
00fa0099
009b0092
009500ab
008b00b3
0087007a
009a0092
00ce0082
00910080
00a900b6
00a300a1
00c100a6
00db00b6
008900ad
00f900aa
0089008a
00bf00a9
009f006c
008900a8
00a900a6
00a000be
013b00c5
00b500a7
009b00c6
009e00c3
00d900b8
008b0099
00960083
00a8007f
00e500ca
00b100ab
009500a3
00e900dd
00c8008a
006d0084
00be0072
00920087
00a000a8
008b00eb
00a300a2
0095005e
00a1009d
00930095
005b007b
009e00a9
007e0086
007d0093
005a007a
00820088
00f80083
009f008f
00de00ef
00aa00ef
00b800a3
006e009d
007e00b9
00820091
006800c8
009b007b
009e008f
00a10098
0085008f
00ad0091
00650085
009800e2
007e007a
00b700d0
00aa00b2
009b0099
00bf007a
00980091
00b500a8
0085007d
00b50099
00c50072
00930081
00ad008b
0099009f
00a600c8
00c100b7
008e00a8
00660091
00cd00bd
00ad00bd
00b2009a
00be009f
00c500a3
009800bb
00a30077
00b80099
00930090
008600af
00a0009b
00930086
0086007b
008100b2
00ab00a3
00a00090
00a5008a
009d00b6
00dd008b
00b600b1
00d00095
009a00c1
00aa00a6
00d0007c
00a700aa
008100b0
00bb00b9
008f0079
009a00a0
0077009b
00a9008d
00a90085
009200a1
00b600b0
009800a1
00870092
00a300ad
009700a6
0076006d
00b10082
00ae008f
00b2008d
00a90097
009a008c
00930088
007800b6
00750072
007500cb
00b100b0
00a800c0
009200e9
00a800db
00d800c0
008200b6
007a007f
009900d9
00b50086
00d600b0
00d100cf
007a0095
007700a3
00be008e
00960089
00780082
008900a6
009700d2
00ef007c
008c00eb
009a00a9
00af0072
00d70277
007e00c1
008a007f
00a800ad
00af009f
00d500ad
00f600e2
00a600b7
00910085
0093009a
00b20098
009500a9
009100ae
00a50099
009b0097
00aa00b2
009900a9
007d009b
0089008c
0087008c
00a2008e
00a00093
009e0084
0092009b
00c000b2
00a10086
009600ae
007f0085
00d800e8
00ab00af
00c900ad
009600d3
00950063
006a0091
00b50080
00b100cb
008600a7
009f009f
00aa00a2
00a30075
008a00b0
007800a9
008f0098
00ef0102
00ae00ab
008b0097
008600df
00d0008e
00760086
00ad0087
008a00ca
00bf00b3
00b3009e
00d2010d
00e000a9
009200b2
009e0083
008e006a
00980089
008a00b8
00b900c0
00c800e0
009e00c3
0075007f
0085007d
0091009d
0077007b
00840078
007a00a8
008e0087
008c009a
008e006d
00880096
00ce0072
0095009a
00c500aa
00e20086
00b200a8
00870096
007f0080
007e0087
008e008b
0093008d
00660096
00cf00be
00bd00c1
00c50093
00a30096
00b90059
012500b9
009700f2
00bb00d5
00a800a7
00a20097
007200b2
00770098
00e600ab
009a009b
00a50095
008d007a
00c800a6
00bd0078
00be009a
00b200b9
009700c1
00ae00a6
009900aa
00ab00aa
009100cf
00a900a6
00c5007b
009300b9
008b0097
008e0068
00ba0062
00b9009b
00cb00a3
00a2009d
00b100a9
0096009a
00a600d2
008d0092
00ad009e
009800a1
009200b1
00b000a3
00c100a9
00a700b9
00770065
009d0086
00d800c2
008600c0
00ae00af
00e500c2
007f00d5
00a20087
00ad00a2
00e900b8
00a500ba
00cb00a2
00bd00e7
008500a5
00d90093
007300b8
00550085
008d0086
00a10096
00aa0119
00d300d0
00b6008b
008e008e
009e0081
0092007a
00da00d6
00c800e5
008100c8
00b30098
009e00a0
00d00081
009d00be
0080009a
009600c0
009200a1
009200fe
0097009e
00be009d
009600b5
0097007a
00a300d1
009e008a
009300d9
00870082
007c00dd
00ae0096
008c00b9
0108009f
00e0007c
008e0096
00b100b3
009d009e
00b900b1
009a0099
009d00b5
00b100a2
00c00076
00b8007c
008700d6
00b60099
00b5006f
00c800b6
00c100ad
00a9008d
00a3009d
00a500af
00a000a2
008d009d
00b600ee
00cd009a
007800ba
00bd00a1
00ee01f0
00d300c3
00ea0102
00bb00e0
009b0093
008d00d7
00bb00a0
00c000c6
00bf00b3
009f007d
00bf0098
008b0097
00a600aa
009b00b0
00a0007c
00b7009e
0097007d
00ce007a
00a0009e
00a800b9
008500b7
008600c7
008a00a2
00860077
008a00b0
008a00a9
00af008a
007a00a3
00d000a5
00a800c3
00a0007f
00c500a9
00ae0085
008100d9
009f00bd
00d900cb
00b900d3
00b200a5
00a100af
008e0086
00790085
00c8008e
00a700ad
0098008c
00c30093
009d0097
009500b9
00a3009b
007d00aa
008b0093
008d009b
009300b8
01270099
0077008e
00c200b1
0083008f
0113009b
00a300b2
016200ae
00e000af
00e300ba
00b1009b
00cb00d9
008700a9
009a0074
009f008b
00be00a7
00a600b6
00ab009f
00b500e8
00a3008b
008b0095
013b0127
009b00ca
00a800cf
00e7008b
00a100c6
00c700bf
00b200bd
00cd00e0
00660069
00a300b8
008c009d
008d00cf
00a600a1
009f0083
00730097
008700ba
0089008b
008d0096
00a300b6
009500a8
00700082
00950087
009800a8
00a30098
00af008b
0096008e
00df00a1
00bb00a0
00c600a5
00be007e
0095009d
00830085
00960075
00910091
00e800a7
007a00b0
00a000a7
00b600ad
00c800a3
00960096
00a70069
00b90081
00a600ad
00b7009a
00c50078
009600d1
00a0008c
00850088
00b10075
006b0072
00b20087
00a200a1
00d700a8
009200ba
00a3007f
00960072
00ae00d8
00920093
008000e9
00b300aa
00970078
009b007e
009f00a3
00a00091
00a7007f
00b9008b
007d0092
00da0085
00a30097
00d800b2
009600a0
00b90091
0096008c
00ce00bb
00b00076
009600a3
008d0099
00b70083
009e008a
00970092
008c00a1
00dd008b
00a60092
00b100ae
00b700b0
00720098
008a0086
007f0083
00730074
00b300b2
007700d7
007d0078
009100a2
009500a7
00a7008e
00a1008a
00d10099
007e0097
00a000d3
00a600aa
009600bf
00900081
00d200b8
00d10085
00e8006e
00a30081
00a50088
00ae00df
00c600e9
00a000a9
007300b1
00aa00bd
008b00b5
009b008b
00a800a3
00c700a9
00a200aa
00aa0092
00bf0088
00870097
00960077
00f200b1
00bf00ad
008d00d1
00ca00aa
0091009b
00950072
0088008a
00a200e1
008500b1
00830076
00ca00b2
00930086
009b00ae
00c1008c
00a600a9
007c006e
008c0095
009d0073
007e00b5
008a008f
009d009a
006900b6
008600c2
008b0063
00a6006a
008e009b
00b800b6
00bb00bd
00920097
009800a3
00c200b0
0091008f
009300a9
009e00a3
00c90084
009a00a1
007e0082
008300b5
00ae0096
008b0072
007200d2
008600a7
008e00c9
00a000af
00890091
009700a9
009d00ae
00990086
00a50076
00df00c9
00990099
00910085
009500b7
007200ab
00a300d1
00790089
00be0088
00cd00b6
008c00c2
00a70090
00a50095
00920079
008c0083
008a0069
00850095
007c009e
00800078
00880076
00930073
007e007e
009d0076
00980069
00aa0083
009d00bb
00af00db
00b500c7
00990095
00d100b7
00c100b6
008c0089
00950092
009a008d
00a60092
008700c6
00d000a0
00e7009e
00ab0076
00ae006b
009f005f
009b009b
0092008a
00b300b0
00b20089
00a0009e
007900af
00aa00b8
00a80071
00af00ea
009000d6
00b000c5
00a100cb
00910083
00ab0074
00880079
00d90088
0096008c
0099008d
00b200be
009300d1
00a50092
009a00a7
00c8007a
00a500a6
008100a5
0090009b
00b50085
00a100c6
00ae0095
00d50091
00810070
00a00089
00a600a3
009b0085
00ab00a5
00b300c7
0089008b
008d009b
00920086
00b800a8
00f60087
00a900c3
00b100c8
00af00a3
007e00a8
00a800a3
00a5008a
00c000b0
00c30095
00b700ad
009100a6
00c5009b
008d0087
007e0099
00df00b0
00a000c2
00960096
009d0095
008b0092
008600a8
00c500ad
00b200a7
00ae0086
00ce00b7
00e200b2
00b500af
00930081
00b100aa
009d0091
00c900a6
00850098
009200c7
0093009e
009100a8
009f0089
007a006b
008f007b
0065007a
00f8009b
01450150
007d00ba
008a0096
009b00a2
007c0083
008c0086
0089005e
00b30085
00e800ba
00b100bd
00a50086
0093006f
00860088
00770071
00a7008b
00810089
0082008a
00ae00cb
00f30092
00d900a9
00df00a0
008600a5
00930098
00750086
009b007a
009b00a3
00d800a7
0082006e
00b100c1
00a900a7
00b50092
00a3007f
0092008d
009700a0
00a600bf
00be00b8
00b70093
00de0097
009900d7
00a80089
00950091
008600d2
00a900a0
0087009a
008800ab
007200b7
007d0097
0085008d
00e800db
0077009b
008c0099
008c0085
00a50095
009e00a2
007e0087
00a60092
00eb0095
00a800c9
00c000cd
00a8008b
00b50085
00730099
006b009a
00a3008d
00a000e5
007100ae
00b0008f
00860081
00720089
00ca008b
00bf007e
009100b7
00840093
00bd00ae
00b30097
00b5009a
00bb009b
009300b7
00920096
009e0099
007b00a9
0092008d
009300b9
008700ad
008b00a8
00ca0089
00d10089
00c80085
00cb0084
00ad009e
00c800ae
007d0098
008400b8
009f00d0
009d008b
00b600bd
00800075
006d0096
007a00a5
00b70091
008a00e6
009a0085
00cb00bf
008300a0
00630092
00a100c8
00be0091
008300be
00df0082
00e300a3
009700a8
00b2008a
00d700a3
00b600c3
00ee00bb
009200c0
009200be
007a00b3
008a0093
007e0088
0092009a
00db0086
0079008a
008b00bb
00a1009e
00b800ad
008300bb
0099009b
00b000ad
007d0082
00ba0085
00a30082
00a0008e
007f0089
008100c7
00b1005f
00c000cf
00a600c9
00a000a0
00d800a5
0092009a
008f00b0
0093009b
00c300c3
00db009e
00c800db
008300be
009d00ae
00c300b2
00ad00e1
00c200f1
00800069
00920092
007500a0
00bb0095
007e00b3
008a008f
007e0098
007600a8
00ab0081
00a6009a
00b0008c
00a20098
00ae00b9
00a8008a
00ca0098
008f0098
00ba008b
00c2009a
00b6008c
00ce008e
009200ad
00b1009d
00af00bb
008e00cd
00880074
00bf008b
00ad00c0
00950099
009d00b0
008d00c8
00ad009a
00a50091
0071006f
00bf0076
00aa00a5
008500a2
00c700b2
0097007a
00800073
007e00b1
007a00a7
00c90072
00d500b7
00af0099
00b700bd
008f00d5
00b2008b
00b600a6
008a00b8
007e0087
00b300cf
008a00b2
00910098
00ab00ca
010300ae
009700d1
00830084
006b0089
00aa0076
00a600a2
008200a7
009500ad
00b900f0
012300c1
007b008f
00a70099
00ae00a3
00bb00b9
008e00a0
008300c9
00ad00a0
009e009d
00b70089
009f008e
007e0091
00a200ab
009f00a5
00cb008b
00bf00a8
00d0008c
00920092
008a00c3
00af0083
00a2009e
00b2007f
00a000b3
007700c6
00b00086
009800c8
00bd006f
00ab0098
00e300aa
00ab0085
00a500aa
0081008f
007e0091
008e006c
00a1008b
009900ba
00e700ae
00be0082
00c2008b
00c800b2
00c6007e
00dd01a5
00d600c2
01020106
00bb00b2
00b500aa
00c100ca
00e300b7
00b800df
00870071
008c0096
007e009d
009a00a7
00b0009f
009a00e0
009200b1
0090008a
0063009e
00a000b7
00a000ba
00da00ce
009100af
008e00be
0089008e
00a700bd
00ab0087
00890099
0092008f
008b0092
00ae007f
00c7007e
00990089
00b000a1
009e00a3
00ad0092
009100af
008300a8
009700e6
0095009f
00ab00a7
008700ae
008e009d
00e60096
007b00a5
00a70091
00a300a3
00ca00c9
00c100cb
00b2008a
009b0096
009300a1
00aa0076
00c500a3
008e00a6
00a100ba
00a80091
00c20081
00ed0071
00a300b3
0098007f
009900b6
010f0102
009b00ad
008e00b1
00c700c6
009b00b5
007b0082
008d00a2
00cd009a
00a2009e
00b00083
00c600a1
00ad008e
00a000a5
00f300b7
00ae00d5
00b200a9
00c100d3
008300ef
00870082
0096007a
007400a3
00b20087
00c600a8
008d0083
0093009f
00770089
00a60099
00730079
008b0068
00950088
00cd00c2
009b00c2
00aa00fb
008c00ad
008100a2
007a00a2
0081009e
00f600ab
008f007b
00ab008b
008b00bb
00950085
008d00c9
007b00ba
009100a3
00a200b1
00b80091
008b0081
00ae0074
00ab00be
00770097
00a10083
0082009e
0089009b
00b500a3
00a100b3
009b00af
00a600da
0073006d
00bf00b5
00a0007e
009b006d
00d500a3
009b00b1
00a300cd
008900c3
009b00a3
00a2009f
008e00a0
00a2009e
00a7008b
00d600d0
009100e6
008800ae
00b100b1
00890082
00730057
00bd00b2
007c0086
009d009a
007000af
008f0095
009a0075
00b9008e
007c0076
00c200f0
00b300dd
00b600a6
009500a5
009b00a7
00860076
008a0087
00880061
00a10089
00c300a2
009b0083
00a100c7
00c700c9
00ba0098
00b50097
00ba0088
00b70088
00920099
00c300a8
00af00c2
00a900ba
00c90084
00d30099
00960078
00880084
007d0082
00b900e1
008500a0
00ad0092
00810092
0091008e
009700b6
00bb009e
008b00fe
00b000a3
00ae00bb
00870095
00aa00ae
00a80089
009d0063
007a007b
00b5007f
00ad00a1
00ad008c
00990085
00640088
008f008d
00840085
00b600bb
009d00a8
00c600b3
00ba00a6
00a500c0
00930086
00bd008d
0099008d
00a900a6
00ab008a
00a000b9
009500a6
009e00b1
00ee00c3
00a800bd
0096008f
00a200bb
00c8009e
00ce00aa
00a100c9
00a900c2
009600bd
00a1007d
00df00e9
00b800b8
0076008a
007b00a5
00db008a
00b300db
00aa00bf
00c100ad
00a500d3
00aa0082
00b500a8
00a000b1
00b700a9
006700bf
00860097
00850067
00b50119
00a700b0
00d50092
00a500bd
009300b1
00c900d0
00ae00ae
009d00a2
00b8007e
009600b2
0092007e
008f00d6
00d300a5
009500b0
00ad0075
00870098
00ba009b
00720080
009e007e
009b009d
00a200bb
00d500e5
00eb00c2
00b90096
008b007f
00bd0099
00d3008b
00c80095
00ab009f
009600e2
0084007d
008a008f
00b600a8
0098009e
00cd00c7
00a900c3
009e0083
00da00d9
00a200ba
008700a6
009500a1
00b70096
009300c1
007100b1
00b000b2
00aa00e0
00ad0098
00c80098
009d00b7
009e0073
00820071
00da0089
0093009d
009300b5
00ad0099
00b900c9
00790095
00b90083
007f00a2
00820099
007d00a2
00a80082
007d008a
009a00a8
00a2006f
008b0085
00a90075
00be007b
00c70093
00920075
00a7009f
007f00bd
00890083
010500b2
00d100b2
00a200be
00ab00a9
00ae008f
008b00a6
00b1009e
00b10075
00830077
00b100a8
00db009d
008600be
00af00bd
00a50073
008e0080
0086008c
00a500aa
00b200aa
00aa009e
009800ce
0098007e
00ab009a
00b800a0
009100a1
00a600fb
0089008f
008e0086
006f00a2
00820083
007b009d
006b0079
0068007e
0095007c
00800071
00be0091
0076008f
00810095
00820098
00c100e2
007f0083
00a900a0
00ae00ab
008e00c7
008500b6
008700c2
007f0084
00830085
007b0086
00b300af
009b00b1
00a300d3
00aa0092
00a800a9
00b3008a
00950091
0079008d
00ad00a3
00aa009b
00b300a0
00c7008b
0093007b
00a3008d
008800a5
00880087
00ce00a7
00b000dd
00aa00b0
009300c0
009700ed
00aa00a3
00a300a6
006d0065
00ae0092
009b00ab
00b800af
00c000a1
00bf0085
008300bb
00ce00a1
00cb0081
012700d0
007a016e
008c0093
008f008b
009d0086
008d0082
0086006d
008a006c
00e100aa
00ad0101
00b20098
00a100a6
007b008d
0081007b
00a10071
008600a7
008c00a7
0089009b
00be00c6
009700bb
00b8008d
00930080
008d0074
00e300a1
00800085
0085008f
00a700b5
00bf009e
00960097
00a500aa
00a500bb
00aa0077
00ba0082
009b00c9
00a000c2
008d00ae
0098007e
00a1009f
008e00b8
00a90079
008f008e
009e009f
00ad00a5
008700ab
00a700b6
008900a7
00bd0086
008a00d7
00860085
0092007c
00a10096
00b900bd
00fe009a
00ab00ca
00f100b5
00690074
009e00a1
009900c3
00ab00a7
00810095
009e00a0
0099007c
007d008b
008f008b
009f009d
008d00b0
00a500ae
007e00ab
00950090
00a60077
008900b3
0101007d
0079009b
010e00e2
00c300d8
00ae00a3
00cd00b7
00a5008e
006e0083
00a00087
00a0008b
010000f1
00ad009b
00980092
009500b2
00a20087
008f0098
007d0093
009b0082
007d00c0
00af00d7
00a10095
009200b5
0089007e
007600a3
00960077
00a1009f
00cb00a8
00ae008e
008e009a
00b100d0
007a0097
007f007b
006a0083
00ab0074
00a900b2
00a5009e
008f00ef
00ca00b2
00b700c6
00870090
00830072
00f300ad
00bb00e1
009900a1
00b800b2
00a000c7
008700a6
007e008a
006e008a
00a000a3
00a60089
00c9008b
009700be
009700ba
00980097
008c0098
00f50066
00d800ff
009300e9
007c009e
00880099
007d0058
009100a0
00860064
00950095
009d00d2
0092008e
009300db
009500ae
006f008f
009300a9
009700a9
007d00a1
00c00082
00bf0099
00be00a7
00c0009e
008f00a6
00b600a5
00bf00b9
00b30090
007e008b
00f10076
00a800b2
00a7009d
00c0009b
008b00b6
00bd00ce
009b00b7
0079007b
0087007d
008a0106
00800095
00c800e2
00a200e7
00cb0087
009a009b
00a900cf
00c3008a
00b800b6
00bd0081
00b50096
008f0093
00a00093
00810092
00ca0092
00ce0087
007d007a
00a100c3
00c6008d
00870099
00a90073
00af0087
009e00bf
00a00092
00c70080
008d0083
009800a7
009700c7
008000a2
00d5006d
00c7008e
00720083
00a700ab
008b00ad
008a0071
008f0099
00b30082
0073005d
007d0087
009b0097
00ab0098
00ae0092
00a800a2
008f0095
0077008b
009600b3
00b90090
00b900ab
00b9007f
00b2007f
00b7008c
008700aa
00b50099
008b007d
00b30083
00af0082
00bf0098
00af0075
00cd0092
00da00c0
00a10097
007d0064
00960097
00b900a7
00c100e7
00ce00a5
00d00086
00ba00be
00c000bf
00c30085
0096007b
009a009d
006100d3
008900bf
00910091
00ad00c7
00c000a5
015000bd
00e500b2
009b00f1
008d007a
00d500a3
00ed00c6
00d10095
00c000da
00930058
00a600c3
007600af
00930091
007500bb
00b80073
00760074
00890098
00b100c0
00a000b1
00b00096
007200ca
008a00a6
00900090
00af00aa
00a00095
008b00be
0079008e
00c300d7
008e00af
00da00b8
00b000a1
009300b6
009d0085
006a0068
00ca00c8
00b000a5
008a00a7
00b800a6
0081007e
00bd008d
00ad00af
008b0085
00b10086
00b0009b
009700a2
00be00d8
00a100ef
00b70092
00a2009e
009a0092
00da007d
00b80087
00b300b2
009a008b
00db00a0
00c700b1
007f00b6
009d006d
006f0095
00d3007e
007300b6
00840092
00b3009d
00c600dd
00d000c7
00980097
009f00c6
00a900c7
00c900c1
009f00ab
00ca00c5
007f0095
00b7008f
0089006d
00990097
00900085
008b0079
00ae009e
00970095
009200a5
00a90089
00960073
00bd00c5
00b00091
00ad00c2
008000b8
009100ab
00a9009f
009f00b7
00a200ba
009300e2
00cb009d
00cd0096
0090008e
00ad00b7
00aa0089
00a70082
007d007a
0089006b
008f0098
00ae00b0
00ad00a0
00ca00d6
009100cb
00cb009a
008300a1
009e0086
009800a6
00a900d0
00e100ad
00d200c5
009500d5
00b600c0
00b7006d
010100aa
00830107
00810096
00b70085
00c500af
009a008a
008c006e
00b600a0
0085008d
00bb00b1
007500c8
00ab008a
00b600bb
00ba0096
008200a9
00970077
00ea00de
008a00e0
009b00ae
00a10098
00a200d6
009300a6
005900af
00770072
007b0086
008e0088
009b00ad
00e500a9
009e00b0
009e00be
00970096
00d90082
00ad00b1
0087009a
009700af
007500b2
00af009d
009100a9
00890091
00ba009e
00930082
008d009a
00a3008a
0099008c
00a5007b
00ad00a0
009e0095
00b90099
007f0083
008900b3
008a008a
0117009a
00c30095
009700a9
00d700ce
00900066
009600a3
00b800cf
00c500c5
00a600b6
009f008c
009300a7
007b007e
008b00b6
009b0092
009a0085
0087008c
00b000c1
0098009b
0088007f
00be0092
00920087
008d0091
00a100a0
00a70096
009500b6
009a00ef
00b200c0
008a00af
008000b9
008b00a0
0078009b
00a700ca
00af00e6
0099008a
008d008e
00850075
00830093
009100bb
00a800af
008c0099
0089009a
00bb0091
00970099
00b80092
00a2008f
00c600a0
0081007d
00dd00a6
008a00a5
009f00a2
008f00af
009d0095
00990079
00c700b3
00ba0099
00be008f
010600af
00930097
0081007a
00c80090
009f0084
00830092
00ad008c
009900cf
00bf00b3
009f00a7
00a60083
00a20099
007a0085
0087007a
0099006e
00c800ab
00950085
008f0096
008b007f
00a6006e
00b6007f
009800b0
008e00c0
009e00b5
00b600c1
00c2009a
00d100f2
00a000ca
00b20085
00a2006f
00c8007d
00b600ad
00ae00bb
009800b9
008d00a7
00be008b
008200b9
00860084
00880096
007f00a7
008a0095
0079008b
00990097
008f008f
00a700a6
00a30086
009a00a0
00b8009e
00ad0098
00ab00b1
00bd00b6
008400a9
00c7009e
0077007e
00b600f1
00c6008f
00a700af
0091007a
008500b2
00850090
00690065
00b10093
008e0091
006d0098
009100a5
00980091
006c009a
00a1007e
00a20085
00b7009f
00d300ab
00a50076
00aa00a2
00af00a1
00e80086
00a800da
00e200fe
009700b9
00e700f5
00a00092
00a0008a
007f008b
00da0085
0092008a
00930097
00d8007d
00b900be
00b60093
00bd009f
00ba00c5
009b00b0
008f0098
00bf008f
00ee0118
00a100d2
009d00a9
0092009d
007e00ed
009e008b
00a300ba
0099006b
00a200a2
00910092
00ae00b5
00b000f8
00e000b7
009700b9
007d00b9
00700079
00bf006f
00a80095
00d100a1
00af00aa
00ca00a8
00bf00d3
00bf00b2
0085007d
00bf0096
00b300a6
00b600d1
009600ad
00ea00cd
00aa0092
009600b5
008600df
00a10077
00d300aa
00a800b9
01120093
00b200e0
008e00a5
00ae00b5
00a5008d
00a500b6
00ba00d0
00c500d2
00c3008a
00ad0082
00bd008e
007f0092
00b80069
00da00da
00a800f9
008c0073
009600c3
008600c5
00630093
008f008e
006f007a
00bd00a8
00fa0095
00bb009f
009200a8
008300a9
00680080
009a0082
00b00099
00a800ca
009a007f
0093007d
00b80075
00eb00a6
008e0091
009b00a3
008d00a7
009100a9
009e008f
009b008e
00b8008d
007b0099
00800090
00900082
008f0075
009900b0
00b500b6
00cd00a3
00a100b1
00c3009d
00990095
009200a6
00d20092
00a500b5
007a00c0
00c50088
0093009d
008a0086
011a008e
00b100aa
0095007e
00a900a6
00690098
007a00a0
00850092
007e0095
00990076
00900093
008a00a5
008800a7
009a007f
00c100be
008a00b2
009f00b2
0091009a
00a700a0
008a0077
00a0008a
00d70089
009200b0
00a800a9
009a00b1
00a8009e
0099008f
00a00079
008400be
00a20086
00ad0098
00a100ae
00f10096
00a2009e
0097009b
00820078
0093008b
00a300b3
00c500de
009d009f
00ba00b9
00a800bb
00a00095
009d008d
00b100b5
009d0078
00a10083
00a200a6
00710085
00800082
006d0077
009600a9
008e00bd
009b0097
00a900a5
00e000a7
00d800d7
008a007d
00a6008f
00b70099
00950073
00b900af
009800d7
00a00087
009200a2
00b00097
00cd0091
0092007f
008b00dd
00aa00d3
00b30093
00ab009d
00c2009a
009d009b
00950084
00a2007b
00b50087
00b60090
00cf00c2
00ca00ad
00a80088
00de00d2
009900a2
00890072
00b50077
00e500b0
00ad00a1
00b70083
00be0098
00e2008f
007f00a7
0092005a
00a000c8
00bf00ba
009700df
00aa00a9
00b50096
007400a6
00d100bd
00a300d3
008b00a3
009d00dd
00970080
00b100d1
008b00cf
00b600a9
009100c8
00870077
010000d3
0087008a
009a0092
00930092
00b500c5
008c0085
009b009e
00d5006e
008e0096
008200ab
008000a7
007500b7
00b100cb
00a100f2
008d00a2
00aa0082
00ab0090
009b00d0
00a90093
00920081
009900ba
0096008d
009d009f
009f005f
00c0006f
00b60076
00a100a3
00f900ab
00d50099
00b300a3
00af00de
009a00cf
00b9007b
00b5008e
00c3008d
00bf00c1
008500a0
008f00fb
00dd0087
009300b3
009200cf
00ca00a9
00a30093
007e00c3
009100cb
009b0093
008f008a
00790091
006e00c2
00b0006d
00c000c3
00a600b3
00cb00c2
00c00080
009e00a2
009100e1
00a50089
009800a3
009200d2
008700a5
00ba00b6
00b300a3
00b10096
008700a2
009900ab
008a00aa
00c800a0
00b500ce
00850123
00a60082
00a900b9
0084009a
00b900bf
009e0099
00ae00b9
00d800b6
00ba009b
00b900ba
007d00a0
009e00b0
007a009a
0093009a
0098008c
00d30099
0105008f
00b600ca
00c70091
00b10076
00c300d1
00960089
00c800cf
007200a2
00af00db
00b900af
00860086
008f0067
00850069
00aa00c9
009e00e9
00b100ea
00a100ae
008900c8
00a7008d
0093008b
009200c5
00d2008a
00d900b7
00b000ba
00aa00a6
009700d3
0098008b
009f0082
00c5006d
00d30096
00a600b2
009300be
009100bb
007b00a3
00b2008b
00a00093
00b7005e
01110088
00af00a2
006e00a2
00c000d8
00c30099
00b200ea
00c50083
00a200b7
008800b2
00ba00af
00b300b3
009200b8
008100d0
00850092
009e00ce
00bf0091
00df00b3
00d200b0
006e0098
00d500e8
007700f8
00ae007a
008d0085
008c00b5
00d10096
00c500ee
009900a1
00ad0087
009100b9
00da008e
00fd005d
010f00df
00be00f2
007a00a7
008b00a0
00820092
0092009e
0078009a
0098008c
00b20097
00ba0088
00a6007f
00ad0076
008f009b
00f700d9
00bb008e
00970093
008d0093
00a300c6
00be00b0
00d100a0
00950091
009b00d9
00ab00a9
00dd0081
008300a8
00d200ae
00e6008e
00aa008c
00a700ab
00a900b0
0089009d
00a60065
00ab0096
00ce00b5
00a50084
007e0086
009300b7
00880086
0098008e
008a0078
00a20084
00960093
00960083
00a1008f
00c200b6
009b006d
00860099
00ab00ba
007b00c9
00750086
007a0087
0080007f
008a00b1
008a0096
00970091
00c0007a
00810096
008e008e
00850081
00830092
00c2007d
0084009b
007f007d
00a70062
008b00c0
00b500b8
008200b2
009f0086
00d000c0
00d100aa
00950092
00a200a8
009d0069
00aa0089
00a700b1
007d006d
007400c6
00c10091
009b0098
009d0093
008c0083
00930097
0087009f
00a800be
00930072
00850093
0086009d
00a1007c
00a700c7
009e00d2
00a2009f
008b00b5
00a9008e
0087008a
009600a3
009700a6
00a50092
00c50092
00ba009f
00c100bd
00b1008b
00c90091
009700de
00f200f6
00ba0077
008e00c0
008c0080
00a000b1
00c000b3
00f60091
00b20096
007e009e
00de00ce
007500c3
007700a0
0081009a
008f007b
00c70082
0095007e
0081007c
00770069
01060085
008e00b7
00c200bf
00c000a2
00dd00a6
00a60091
009b005e
00b10092
00820085
00d90101
008b0091
00c2006f
007f008b
00810079
00a30093
009e00e7
009e00df
008700dd
00b600c1
007200b0
008f0076
008b0098
00980083
00a50081
00a5008a
00920087
00a00095
00b500a7
00b10097
0085008d
0110008e
00c60095
00710091
009d009b
009e00c0
00d800ae
008f00b6
00c8009d
0092009f
00970083
008800cb
007f009d
00960095
00de008e
00a700cf
00a800b7
00c200b8
008e00c5
00a00089
007a0096
008600f9
0097009f
00ab0092
00a100e7
00760083
007d00b8
00b200b8
009b00d6
008f0079
007a007b
007e0086
00870087
00c000a2
00910090
00c6009a
00760080
00bd007e
0096008a
00720081
00d20081
008e00a8
008b009e
00b3009f
00a0007c
008e00aa
007b00a3
0091008b
0079009f
009f0088
00a300b3
00870098
007f0084
00ab008f
00980079
00910079
00850073
009e0077
00e600d1
00c5016b
00b800a1
009a0093
007a0076
007900b5
006d009f
00760067
009b00b5
0079008a
006a00b0
009e0099
00920085
0096009b
0071006d
00920072
00db0087
008f0091
009e009e
00ca0093
00c100bb
007d00ab
00ae0091
00a600c6
0090008b
00e200c6
009600c6
00d900bd
00c6006b
008e0096
009b00a5
008a005a
00a2006a
008f00c2
00c7009e
009d00c7
00b600a7
00a200b5
009e0099
009900ab
00a00097
00c600c7
00b500b7
00a6009d
00b500a9
008100a6
008800c8
00910089
006b00b1
00b60082
00b50088
00950118
00a300c8
00d000be
00b7009f
010e0167
00960086
00990085
006500a2
00c500c2
00d500be
00be009a
00b50112
00ce0096
00710079
00b50099
008d0083
009800a8
0079009d
00ab008c
00b100b5
0098008a
00950086
009800a6
00b30093
007f00b9
009200c6
008f00ba
008e0091
009e007c
00cd0096
008300bf
00b10088
009500bf
009200c8
006900a1
00d80089
008a0076
00c20092
00d100a9
009a00b7
00ba008c
00a5009b
00b70079
009b00a8
00990093
00b8008a
009e00a2
00d8008e
00a700bb
008600a1
00a0008b
008d00af
007b0069
007c009a
00ff00c0
009700cb
00ba0098
00b200b9
008b00bf
00ba0086
00900081
00a50096
00790066
00750091
00870085
009900b3
009300a2
006e0079
0087008d
00e100f1
00c20113
008900b1
0097008d
00a600af
00c7006d
0095009f
0088005d
00b50079
009500aa
0099007f
00b30090
008900a3
008f009d
00ab00c8
0115005b
013e00b9
00a10121
008f006c
00a800d7
007f00a7
007e009d
0087007b
008500a7
009200a9
00810098
0099008d
00a50082
00c700be
0099008f
00de0093
00a700ab
009300b5
009600a2
00d80087
008300a3
007b00cd
009f0088
00b200af
00850099
00f000a0
00c500d7
00d100b7
00bf00d3
00b700a2
008400c0
00bb0089
00890073
010f00db
00a700ba
00d30081
006a0083
00a3006f
009b00aa
00c60068
0098007c
007f0083
0092008e
008700ba
00d200d5
00a80096
007e00b9
009f008e
00a6009d
008a0083
00a70095
007300a9
00b200af
008700ca
00a100b2
008600bb
00a10072
009500a6
00930092
009200a3
00ad00ad
008d0085
007d00be
00b60086
016700fb
007200ce
00a30083
00b7009f
009f008d
009100a0
00c200c5
00a7008d
0092009f
00a900a6
00bf00b3
009e00a2
00f8009f
00a100a1
00b800b3
00a50075
008900a7
00a00099
008b009a
008d008a
00a600a0
008600db
00a90091
007e009e
00c0008a
0092008d
00d200e7
009300a6
009000b3
009d00da
00a20097
007e009e
00ae0088
00c90090
00840070
00b1009d
00970091
0095009b
00a700a6
00c800a2
0097008e
007100b2
0097006b
009800ba
0081008b
008f009b
008f0098
00af00a3
00d600cb
00ab00a6
00e600b5
009100a5
00b700de
009e00af
00900109
010f00f6
007500ce
007a005f
00a2007f
008500c9
009b00ab
00a10087
009a00c6
00a60095
007f0081
00a300af
00ae00aa
00a90098
00d800a1
009900b5
00c7007f
00860092
009e0069
00a800d7
00a100a7
00bf00b5
00ed00d5
00ad00c7
007d00af
00ae0076
00880071
00d0007a
008700b0
007f00a2
00a9007e
011100a6
00b20097
007a00b7
008100a2
009d008f
009a008e
00ad0086
007e008e
009500a1
00ae0096
009d008a
009900a6
007900d7
00a600b5
008400ce
00b60130
00ab00a5
00b100a8
00c600b3
00860085
00a5008a
00df009b
00a600a0
00b500a2
00b300a3
00b5006f
007700b3
00740063
006b008a
00d3007a
00810095
008700ad
00a5008f
009500f7
008700a7
00a80073
00bd0073
00a0008f
009a008b
00f000a7
00ba0095
00880071
006f0081
008d006b
010000a2
00a1008d
009b0084
00b80081
008100b3
00af009a
008a0086
009300af
008e00a5
00c80086
00b0009f
00a20075
00ca00a3
00970093
00c50096
008f0092
00bf0095
00c100ad
00a200a6
00b80096
00b000a9
00d300ba
00cd0098
006f0089
00b300af
00b5009a
00810108
008100b7
008d00d0
0078008b
00890091
00c60077
00ab00a2
009d00b1
00b70095
00a000ad
009000ab
00c9008e
00b00095
00d200ad
008e00cb
007f00a5
00ae00cd
00840095
00a3008d
008e0086
00d600b3
010f00a1
00b7007d
009100c6
008e0086
00ae00c5
00970075
009900b8
00990090
00c7008b
008400a3
00c300a8
00a100d9
007c008e
00a500bb
008d0093
008b00af
008c008b
013000c6
00870099
007b007e
00ba00c7
007d008e
009e0087
009b009b
00e900be
00860078
00b2010b
00aa008a
00ad00a9
00b20098
00b100a9
009b008f
00850082
00e7006e
00a000a1
00ed00c9
007f0105
007e0096
00cf00b7
00a8008c
00c00082
009a00a9
006f00ff
00ca009a
009b009b
009f008d
00bf00bf
00c300ae
00ce009f
00880078
00a200af
009800c8
00a900b0
007e0099
00a80087
008500a9
0091008b
0099007c
0080009d
00a6007f
00a600a1
00800092
00860097
009900b8
006f009d
006d00a9
0093008f
00ae009e
0081008d
008e00a7
008700ab
00880087
00820062
0089008a
00b000be
00d100c0
011900cd
00ae0095
008b009b
00aa009a
00ab0072
00e5009e
008f00af
008600bf
00b1008a
008f008f
009a008c
00c700c2
00b0007a
009200b1
0093008d
00a30092
008b007c
009d0097
0099007d
00a6008a
009500c3
0085006f
00a10090
00b500b0
00970096
00c000c8
009800ad
00a00082
00e90080
00990073
008e0091
00ef00ab
009a00bd
009800aa
009900ce
00b600b2
0081008f
008d009a
00c500b0
00ae00cf
00c500a5
00db0096
00a000d9
008b008e
00a10098
00ae00c1
00bf009d
00ce0089
00cb0092
00900092
009800a3
00a500c5
007b0073
00b0008a
008b00b8
00c30082
00a100a0
00ad00bf
007f0095
007a007f
00ab008d
00930087
007d009d
007f00b7
007e007f
008f006c
009a0072
009900de
00b0008c
00a3007e
00a700dd
00df00ae
009b0089
00ad00b0
00910091
00960087
007c0083
00e300a2
00a300c6
009100a7
00ab0099
00b200aa
009100b0
00ae009f
007d0092
00a300b3
00b700d5
009800d1
0084009f
00c500e1
00730088
00a500b6
00900090
009b00b6
00a80071
007c00b3
00a700b3
009a0081
008b008d
00a900a0
009b00a8
009500ab
00a000b6
00ff00f8
00c300d0
00a2009a
00970091
007000bd
0096008d
008e00aa
007700b3
00b0008d
008b006b
008f009e
00a100a8
00a300e1
00900064
00a60088
00fa00ce
00a900af
00ad008a
009d00b0
0098009d
00be00a3
00b00091
00ae00b6
008900a1
00ab00a2
00a800b9
00d600a9
00cb0116
009a00b1
006d00a5
009d008f
00a9008c
00bd008d
00b700d1
008e006b
0073009a
009100af
008d0071
00d600af
00ae00a2
00be00c3
009b00cb
00bb0093
009a0083
00830086
00b8008b
00a30081
00930079
007d00c1
00a500a2
008f00a3
009a00a3
00c100bf
0097008c
00950081
008900ab
00a300ce
008b00c3
0072009e
00b000a7
00de008c
009800a6
008500a5
00a000a5
00a80097
00ca0088
00830090
007500d0
00770097
00740071
00950079
00ad00a0
00cb00f2
00ea010f
00bf00a7
009a0085
008900a0
00a900a7
008f008c
00790085
008b0092
00c000d2
00a90095
009a00c9
009300a9
00ab008b
00b000b3
00970097
009d00b7
009b0091
00ca00a0
00b50093
00b50087
00b00072
00bd00ba
00a7009b
008b0091
008d009d
00a20098
00740080
00ab00a6
00e5013b
008a008d
00710079
006b0066
00870089
00710061
0069006d
005f0080
00900079
00c6006f
009b00d9
00aa009b
009e00b0
00bf00c3
00b200b0
00c100ba
00b100b2
00890069
00bb0081
00c7009b
00ab00d5
00cf00b8
00df0099
00b3009b
009300b5
00da009d
00c9009a
009a00a8
008a009e
00aa006f
00860083
008c0092
00c700a9
00e200a0
0098009e
008a00a2
0092008e
00750072
008100b5
0079008f
00b80077
00850095
00a00098
00d200b2
00cf00a6
00bb00c0
00900092
007900b3
00ad007a
00b60083
00950090
00b700c8
00b80098
00ce007b
008300a9
00a600a9
009000be
00cb008a
00a20091
009f0099
008f0096
007f008d
007900cf
00d3009f
00690065
00e700c6
009100af
008a00a7
0095006f
00b5008e
007a00b8
0079007f
00820077
00a100af
00d000a6
0095009e
00a800c1
00910085
00850075
009600e7
00fb00af
009100c8
00ad009e
00a200b7
009b0095
00a300ae
009d00bf
00bd0092
00c8007c
00ab0072
00b0006e
006e0095
009300a7
009a0080
00be009b
00ab0078
008e0071
008a0097
00d900af
00be0096
00d0007f
00be00bf
00b70080
00a3007b
0086006e
008e0083
00b30092
009a00ce
010a00cd
008a00ad
007c0087
008c00ae
00ad006e
00d500ae
00ad009a
00860071
00a3006e
008100a6
009300a1
00800089
009e0078
0095009b
0098009b
00bd00ad
00a70084
00a3008d
009b0096
007a00b8
007a0070
010a00af
008800d0
007e00b6
009b00a6
006b00a9
007f0092
008c0063
009300a8
00b700b6
00a9009d
00ca00ab
00b00093
008500ad
00b9008a
00a90081
009900ae
00b700a3
00950096
00ae00b2
00b1009e
00a800e8
00a000a6
00a90096
00930070
00ad0081
00b300b5
00a5008f
0087009a
00ad00ae
00c100ba
00b10093
007a0087
00a700c6
00850092
00a2007d
00900069
00ab00a9
009b009d
00bf00ad
00ce00d2
00ab00b2
00b10098
00c800c2
00b900be
00b9010a
00e600f0
00f8010b
009f008b
00b10096
00a200b7
00e000b5
00b200bb
008f00a3
009500bb
00c100b9
00c60079
008300d2
00f90088
00e100e2
00a800bd
009a0084
00f6009e
00f600ba
00730087
00d600c6
00a700d8
011900a3
00a100e7
009f00a9
00d000ab
00b200cf
00920085
0072009b
00e200aa
009900a7
00960089
0082008e
00af0081
00a1009a
00970088
00a70098
009f0089
00b900c2
00c600b3
00a000b1
0072008a
00b50093
009d005f
009b00be
0089008a
00a600af
00b80090
008200c5
008100cd
00810093
00a300ad
00b80078
00ce009e
00a90092
00db0086
00ab0098
00c3008b
00920099
00ad0080
00d20086
00a00080
009200f6
00d000b0
009a00b8
009000b6
008b0079
008900af
00aa0079
00c200a1
009600c2
00ca00bd
00980086
008d0078
007e00ad
00a600d6
00b100aa
00be00cf
00b300d1
009200df
009800a3
00f000c1
006f0077
00b200c5
009e0099
009a0089
008e00bb
00be00a9
008f00ab
00d800c6
00a00085
008c006e
008c0082
009a0072
00910097
0083007d
00d60096
00a100a0
007d00b0
008c00b5
007a00c1
00d900e9
00a800cb
00c600af
0090008f
00c9007c
007700a6
00c8007a
00a30083
008e00d7
00c60087
0077008b
00c90097
008f00ba
00bd0082
0076007f
00ab0095
00ae00c8
0105008d
009500a9
008200a7
00a700b8
00910083
009d0080
00970097
009b009e
00af00bf
00bf008e
008e00a1
00b60092
00b700a8
008400a2
00bb0082
00c7009e
00a000aa
009500b1
009f00a8
009900c6
008b0081
00a50081
00a500a6
00c300c9
00a200a8
00b60091
00990097
009300b7
00860083
008d008d
0097007e
00c600a9
00c300d3
00b700a1
008400a8
00b500b8
009e007f
0090008d
00a70097
00af009b
008a008c
007800a1
0093008e
00a8009f
008f0096
00b30091
00bf0098
008c0084
00ae00cb
00a500cd
00df0106
008e00a6
00c5009d
00a70097
007a00d2
00ce011e
00be00c1
009e0096
00b900c2
008000c7
00a10091
008900a5
008d00a2
00ea00c3
00c300bb
00a20090
01270081
006b00c0
00c100a6
00be00a8
00bb00c5
00a200be
00c70099
00ad0084
00a100a3
008200c8
00a100a3
008b007d
00b700a3
00be00af
009700cb
009b0090
008b00ae
009300b5
0065009e
00860061
009e00a5
00ae008f
00a20093
009f00bd
00a30086
007700d8
00d20079
009e009e
0082008d
0093009f
00790098
00aa00b2
00d20098
00a300d2
00ed00d8
0084008d
0096006c
0080007a
00a500c9
00c900ab
009d00a7
00a600ab
009200a6
007f0056
007e0070
00c5009e
00b300aa
009300ae
00b800b3
0085008b
00ab00f1
00a90092
00bf0092
00a30086
00c800ad
00ce00a3
00cd00b2
00a20093
008f008e
008a009a
008200b7
00910083
00f2007d
00b800ad
008f00a8
0081008b
00a000af
0081008e
00b8009b
00f800c5
00cd00a9
00c30097
006300ab
008a0086
00790086
00870067
00a80085
008200a5
008f00be
009f00ae
0087009e
00ad0095
007700b8
0086009a
0071008f
009500b8
00a00098
00bd00ce
00bf00bd
00b000d2
00b000a3
00bf00b6
009f00f0
007200d1
00c8009a
00f80093
008e00c3
00af00ba
009300ba
0093008e
009b0079
00dd007f
0097008d
00ad00ae
00cb00ff
00d5008d
00b60098
012300c8
01420108
00ba00ad
00b20099
007b00c1
00970097
00c000bd
0108008a
00aa0097
00a80087
006c0099
008a0097
00d0009a
00ae00ca
00a00096
009700d1
00b90069
00a60098
00e900cd
00eb00b0
00a6009b
008500b2
00750086
009a009d
00fe00a9
0091008a
00ba009d
00bb008b
00c7009a
009f00b2
00ba00a8
009e0087
00a800da
008c0071
009b00b2
00a0009e
00b800f0
008f008c
009d00ca
009100b6
008b00a6
00b100a6
00b6008a
008d007f
00b70072
009200a6
007b00da
007f0087
00a300c1
008700b8
00ce00d1
00b700d5
00c200d2
00aa0075
00d10096
008f00a6
00870077
009f0082
00b10092
00920099
00ab0082
008700a6
00d20091
00b20085
0093008f
00bd00b6
00850096
00b900b6
00a8009f
008a00ae
009500a1
007e006b
00b10093
00e600a9
00cd0095
00b500a3
009b009f
00aa009e
00ce00c2
009200a2
00960073
009700a5
008200aa
008d0075
009a0082
00ae0080
00610081
008b00a5
0076009d
0081008d
00c1010e
00a100a6
00db00bb
008f0097
006600b1
00920076
00780062
008200ab
0073006e
00ce0095
008900a8
007b0095
008b00ba
0086009f
00870068
007800a2
008e0099
009e00c3
00a800b1
009800a5
007800c0
00a100b3
00a600c7
006a0099
00b10071
00b70085
00ae008f
00cd0082
008200c8
00ad0091
008400b1
00cb00a9
00b2009e
00eb009e
00e600df
007500f9
00a1008b
00e200ca
0080007a
006d0075
00890083
008e008e
009f009d
0097009f
009e00bd
008b0086
00670067
009000db
00c100ab
00870095
00c900bf
008f00de
0086009a
008d0085
0083007b
00980091
008a007d
00860076
007c0070
00aa007b
00c10079
00a600a7
009f0092
00b30093
008700b3
00da009a
008e00c3
00990092
00a7007d
00ab009a
0092008f
00cd009f
008a0074
00a800b7
009600c6
00a000b3
00af007d
008f00a3
00920091
00f9009b
009500bd
0074008a
008e00da
00c90098
00c000b1
008300e1
00a00086
00900089
00bf008d
008700a2
00a9009b
00a700c3
007c0102
00850092
008c0083
0079008a
0092006a
009a00af
008500f3
00a70101
00bd008b
00a800d7
00b100c5
00750095
007f00ad
00920086
00af00ad
00c00098
00d300ad
009800a7
00c0008d
00d100ae
0091009e
00a200b8
009600c1
008b0081
00920089
00af0081
00820070
00980096
00e200c6
009800aa
009b009d
00a700ab
00b80087
00980073
0091008d
00830081
00cd00ba
00ae00db
013900bd
00ba00a7
00af009f
0095009f
00bd008b
007b0075
00b60089
00cf00b5
00a8007f
007000a9
00b3009e
009800cb
0077009d
008500a6
00cd0072
00dd00aa
009b00b8
008100d9
00c0009e
00a30083
00890069
009b0089
00c100df
00a900fd
00ad00b0
00a80099
0097009f
009a0086
0083006e
008a0095
008500ba
0096009f
009b007d
008900a7
00810096
00920075
008700a2
00c00085
00a80091
00c30092
00ad00e3
009d00a5
00c1009d
008100ae
00950083
00df0097
009900b1
00e700c8
00aa00bf
009700ab
007b00a3
00a9008d
00aa0077
00dd010d
0091008a
009600d8
008800b2
00ab009e
00a600b9
00a6008f
00e2009e
0077008b
008e008f
00a300b6
009f0082
00b100a7
00f800ad
00cb009e
00960082
0097007d
00b500ab
00ad00cd
00a900c1
00dd00a1
007a00a7
00750083
0113005d
00970080
00ce00ba
00ca00b2
00cb00c5
00980091
009e0089
00bb00b6
008800b0
0096008f
00b100ab
00bf0095
009a00a5
00aa0085
00aa00d6
00af00bb
00ab00a6
00800091
008300ce
00db00b9
00810092
00870096
00990098
00a7007e
00a0008b
009a009b
009600aa
00be008d
00c300a5
008b0099
009b009f
00950081
008e006e
008000d3
00ca009f
007e007b
006a0087
007200b1
0082007f
007e0079
00c60081
00640076
0073008e
008100fa
008d0091
009e007b
00950087
00a100e3
00780098
009600b2
009f00d1
00c900f3
00d900aa
00f200b8
007000b8
00a900c9
007b00d5
00930086
00dd0083
009900a8
00a2009f
0092009e
00ba0091
00d500b1
006d008a
00c500a7
0097008c
00b500a2
009d00a5
00d30086
008f00c9
00810093
00c8008e
007000a5
00730086
00a00091
00b70086
00670088
007700a2
009a0096
00a2005f
00f000ba
00890155
00a200a6
00a80088
00780092
007b008e
00810086
00a900a2
00ae006f
008f008f
009500c7
00e000c1
009b00c2
008200a2
009d00b1
007d00b3
00bb0098
00d200c8
00bf008f
0097007f
00c500a9
00ad008a
009800a0
007000ce
008c008a
00ab00a8
009900dd
009e00d9
00a000a9
00ca0089
0092007d
00a80096
00a50074
009300b0
00a80076
00fb00c7
00a3007f
009f00a6
008a00a6
00b800a3
00b70098
009600b8
00a5009d
00a2009d
00af0081
009700a2
00b80097
008d00a6
00980072
008d00c5
00770081
00b7009f
00970092
00b600aa
00a700a3
0097005d
012300de
008700b1
0089009b
00bb009a
009200b8
008e009f
00980081
008f006c
00ce00aa
00a100a2
007b007a
007f0096
009d007d
0091007d
009e007d
007a0071
009a0096
00ab00a1
00cf00bb
00ad00b8
009a0099
008b0089
007f007b
00ae0069
00d8010e
007a00c3
00c100ce
00b000af
00bd006f
00c500b2
0080008e
007900a8
00ce0070
00780098
009700a6
00a9007b
008d0097
00a200a2
00aa0077
00b500cb
00a900a1
00a9008d
009e00b2
0085009e
008e009f
00ab0093
00b50075
0090009d
00ba0097
00cd00a2
009600e2
0102009e
00b900ba
0083008f
00ab0089
008700ab
007d008f
00ba009a
00aa0098
009b00b3
009e0083
009e009f
009700be
00d60135
00c30099
009b0099
00cd009f
008d0099
009100d8
00cb00b1
00a900b0
00da00e1
00a300d7
007d0099
0089008c
00c00092
00c2009f
009600c9
00920107
00a90081
00b200b0
00b10086
00ba00a2
00950099
00a000a7
00780092
00a3008e
00a30093
00a70067
0090008c
006e00a9
00ab00df
00a20083
00b00095
0092008b
00a70099
00a5009b
009500a1
00af00c2
009700cb
009900b9
00cf00a8
009100c7
00830082
00890087
00ea00aa
00a800c3
00ad009f
009e00a7
009000af
00b7007d
00a60085
008300c8
00960081
009300b3
007000a7
00cf008b
00bd0097
00b1009d
0089007d
009b00af
00b70096
008d0092
00910081
00ae0088
0099009a
00b900bd
00890075
013b00d5
008d0101
008500ab
00b30090
008c0079
008300ae
00770095
00a60071
00dd0096
00a600a2
008f006c
00a3007f
006b0089
007c0077
0082008e
00ae006b
00b600a6
00ad0084
00aa00a7
00eb00ba
00ae0086
00b5009d
00ab009f
00810070
007d0096
008e00b6
00a60093
00db00c3
00bd00bf
00ce00a6
00a10083
0095008d
00e00095
009b00b7
007700a6
009100b1
007b00b5
00ea0093
00840076
0079008d
00fa00a9
007c0086
009700a9
0098007e
00a200a0
00ae00a0
007e0087
0091008a
009100ab
00b7008f
00d70083
00c100ef
008a0089
009900c7
009b0083
00a10083
00bb008b
00b200b0
00ad00b6
009000ba
009a00bf
00af0085
008100be
00750050
00a70082
009e00a5
00a000b0
00c000d0
0097008b
00a800a5
007b009e
008f007e
007b008d
009800a8
009b00aa
008f0086
009f0093
007200a0
008e009b
007b00a1
00ad00a9
00a10099
0087009a
00d100ab
0086008e
00bd0085
00690086
00660073
00ba009f
008b0091
00b900d9
00d90099
00b20099
0081009b
008a008f
0074006e
007e00c8
0086009a
00860081
00ba00cd
00a7008c
00970089
00ae008a
007f0087
00b600ab
00a100b8
00cf009e
00bd00e8
00ea00ee
00b10083
00c70096
00a00079
014900ef
008a00de
00a10098
00ab009d
007700ba
009d009d
005e009b
00760079
008600a5
00f000a8
00c00093
00cd00a6
00a700a9
00700075
00a1009d
0077007a
00af00c5
00b2009f
00b100a8
00ce00ff
0081008f
010500a1
009f00ad
00710070
00a5009b
00950086
0099009b
007e0093
00850087
009800a2
007e008d
00d50092
00a00085
008b007c
009100f8
00a000a1
008d00a5
0099008c
009800b7
00a200ad
00a700ca
00d100a7
0098009b
009e007d
00a00096
008800dd
00a900c2
00950087
00900097
00e20087
008e00b7
00c500bf
008600b5
00c6007c
008e00a8
00b60091
00890085
008e00a9
009200a3
00ab00a6
00d000b1
00f1007f
008a00a2
009a0070
00ef00bf
00a500eb
007800b6
009300a7
00bb0098
00850099
007900c2
009f0162
00f10089
00ed0092
00c9008d
009200c9
009d0083
009800bd
009900b8
006800b5
00af00c3
009a00ed
00a90115
009300e6
00bb00b7
00b50098
0077007e
00bd00b9
00a0008c
008b0095
00950095
00a70087
008e00a8
00920085
00b900a3
00960076
00c500b0
00ae0089
008e00c6
007b00a9
00ba0089
006d0092
00e100ce
00920098
00a80084
007d00ab
00a500b5
00b3008f
008a00a3
008a00a1
007500b5
007a0070
009900a5
00a700ba
009700c6
009500b5
008b00be
00aa007f
00850086
00880077
008a008d
00b80095
009a0098
00ae00c9
009600b5
00e70093
00910092
009500ae
008a00a3
00860078
00a700c1
0097008f
00ad00a1
008d0082
00c3008f
00ab007c
009f007d
0089006b
00920077
008a00a2
00a300e5
008700ae
009700b6
0084007f
00730099
0097009d
00920089
00a2009a
00a0009d
0097009a
00920086
00e80075
008d00e7
009b00ca
00a2009a
00a800ae
00ae007a
00910092
0086009f
00820083
00b600a5
00a1008c
00bb00a6
0089007f
008700a7
009900b0
008300aa
00a0006b
0096006b
00e90091
00b0008b
006c00b5
00a6009d
00a7007b
00be0098
00760079
00a10092
00b600ad
008e00af
00a900b6
00b30080
00b6007c
008d00a1
0098008b
00c60088
00b90085
0079009d
009f0087
00b300a0
00c800b9
009b0091
009300b9
00a50083
009e0099
009800aa
00a600b8
00b600c1
00a600a0
007700c6
0097008d
00a00069
0091008f
008f0079
0071009f
00a80077
00a600b9
0081009a
00bb00ab
009f00ce
009900d7
00a1009e
00910095
006e00a0
007f0093
0081006b
007c0065
00a2008e
00a000d0
006f0092
008300ce
00ca0088
00b100dd
00bb0097
00b0009a
00a800a2
00b900b2
00c9009f
00c800a3
00ba00df
009900a9
00a300a8
00ab006b
00ca00a9
007e0086
00ca0097
00b600b0
0095008a
00780070
007f0084
00b7009b
0112008f
0098008b
00910082
00950092
00920098
007b00a3
008600bb
009d008c
009800a7
00a000a2
00ce00a2
00c800cd
00950092
00b800a6
00a2008e
008300af
00b500d0
0086008c
00b000f3
008c0099
00ad0096
009b0076
00ba00a6
00880099
00890087
008e0085
009100bb
008a00c2
00c300a7
00a800d0
00b700d2
0063006d
01270100
008f00f9
007f008b
008a008d
00960085
00870099
00910096
00b200a7
00730084
00f8009b
00b000b9
00cd00b8
00ab009e
00aa00ae
00990092
00ee00b6
00d000bd
00a30091
0095010f
00d900a6
0105009d
00b500ab
00ef00b7
0072008d
00720099
00b100b2
00d700bb
00ae00a1
00b1009f
007f00c2
00820081
00890095
00d2009d
007b0075
009e008b
00b50091
009a0066
00af0090
00c50099
00b00075
00a100ba
00d600c9
00a0008d
00a800de
00e8007d
00c70099
00a800f1
00850074
0083005c
00ae00db
009800a8
008f00c0
009000b5
00680092
00a600ad
006a007f
00be00a5
00c600dd
00c700fa
00aa0096
00be00a6
007d00be
006e00aa
007d0086
008b0098
0096007d
009300ae
00a20093
007d009f
007100ba
008d00ae
00a30078
00830096
00ab00bf
00b900b5
00d800d6
00bf00a6
006b00b2
00a8009f
00b20062
00b8009b
00a20099
009a00a3
00cd00d6
00a80095
00b800ad
009f00e1
0072006c
00dd00d7
00890099
00ad00a2
007f00c9
00a70082
00a800db
006f0092
00ad00a0
00aa0087
00b20097
008800a7
009600bf
007b00c0
00d900a5
009f00b3
00930082
00ad0072
00b600ce
00b900aa
00e200e0
009800c5
007d0083
00960082
009f0062
011300b2
00d600a3
009900a8
00ae00c1
00a500a1
006b0097
0096009e
008d0078
00890075
007e00a8
008d009e
008400b1
008e0081
00870097
0097007b
0093006c
00800099
00aa00ad
00bd00ba
00bb00aa
00b6008f
0084009f
0085008b
00a90090
00a200bf
009b0091
00de00b1
0097008f
00c300c9
008f00a9
00d20098
00a50082
00900096
008f0086
00c900ae
00a3009e
009e00bd
00a70096
008100b0
00820081
00a300ce
00bd00a2
00be00a1
008700cd
00b100a1
007700a9
007f00c1
0090006e
00af0089
00ab0091
007d00bf
0086009f
00af009a
008f0093
00a000da
0097007b
00920075
0099007e
00850084
008f00b0
00930093
0098008f
008100ca
00bb008b
007d00ad
007d0090
00ab00ad
00b30089
00ee00b6
00a8006a
00c000a7
00820086
009b0091
00b000be
00a700be
00850089
008f007e
00830098
008a00a0
009f0083
0084008b
00c200a0
00c000b7
00a500c7
00f9009b
00b700ab
00a20096
0084007b
008e0093
00a80085
00aa00ae
0093009b
00c00086
009a009f
00840093
00830092
007900a2
009700b8
00a50099
00b600d1
00b600c5
0093009e
009f00ce
00a50092
0092009d
009d0096
00c800eb
00a600a2
00c30091
008d009f
00ab00ba
0081009b
009100b0
00a600b1
00c800a6
00be00a8
00a300c2
009500a7
00a9007a
007e00aa
008a008b
00970096
00b100d8
00b100a6
007700b1
00770081
008f0096
00b600be
00b2007d
00ab00bd
00df00bd
00b000d2
00b100b0
00960086
00b6007e
00d70082
00fa0091
00b3009b
00be00f8
00c000c1
00bf00b8
00a90096
0099009a
008900a6
00ab00c1
008300a6
00d1009f
006e0093
00c900ca
008600b7
00950097
00950082
00cb008d
00a300d1
00c500e3
009500ab
00a300a8
00a800a6
00b00096
009b00bb
00a7007a
0089008e
0091007b
007b00e5
009100bb
009b0083
008a00e0
00b30085
00750096
00be00bf
00c7009a
009100a3
008700ae
00960082
008f008a
008f0085
00bf00ab
009b00f0
009500b3
00a300d2
00b3009e
00ad00a8
009d0086
007b0095
00920082
00a300a3
00b900ad
00ed00b5
008900a5
009b00db
00910089
009b0061
009d0098
008300ab
00850097
006b009b
007e0089
008e0087
007e00a3
0089008a
00810091
00a10091
009f008b
00d90074
00af0077
00a70079
00a80097
00980085
009d00fe
00760098
00cd009d
007a0093
008f009e
00be0091
00a50082
0085005e
00b500a9
00b50099
00e500e9
00c500d1
00ad00e1
00a800ad
007d009b
009e00ab
00c500f6
00790085
009b0084
009e00af
00a90080
00cb008a
00860069
0081007b
00aa0076
00aa00aa
008f00cf
008400c9
00ca009b
00810085
007700b7
00800091
00810086
008e0090
00bf00ab
009f00ee
00ae00ba
008a009f
00970075
00a1008f
00a80091
00900092
008000a7
0089007a
008300d2
007400a9
0081007c
007d00b2
009500c1
008d00c1
008f00a7
006d00b3
007700ad
00ab0087
009e007d
008100df
00ad0097
00b900b3
008600ae
00a000a7
00e8009a
009100c1
00db00be
00a3006d
009800de
00a300a2
0077009b
009a008b
00a900a3
00a80087
00ab0073
00b000aa
00a000a0
00ba009b
00b700b8
00e200a7
00a100ae
00c000a8
009100af
008e007d
0085008c
0077009d
008a0090
00a800b6
00a900a8
008e0085
00c800ed
007f0098
009200b8
00c600a9
00a500f8
00bd00d2
009100a2
009e0092
007f00b7
009f0078
00a200c3
00a300d0
00fa00d2
00af00be
00b800cd
00a3009e
009300a9
00a80068
009d00fa
00b600b2
009a008b
00c600c2
00aa0088
00b20090
009e00a3
00ae006f
009a00aa
00aa00d3
00bb0089
008c00be
00ad00ce
009f00b5
00b50095
008e0086
00ab0092
009f009b
007100b9
00b800fb
005f00b5
00b000a5
00e900aa
009d00a1
00bb008d
009a00d3
00ef010e
00b000c7
00a800b1
00a50099
00c500b8
009e00a3
00c20076
00f900e6
00b100c3
00e10091
00ae0096
008d0092
00930076
007100c5
007f008f
00c9008a
00b60081
00990091
008b00c0
00c500b7
009600a8
006c009b
009f00bd
00a0009d
00b900db
00c0009d
00d100a5
00ab007a
00bf007b
00920087
00a60096
007e00bf
0102009f
009d009d
008900a7
00a60099
00c90081
007200d6
0079009d
00cd00d2
00a3009f
00b000b1
00de008c
009700af
006400ad
00960077
007000ad
00a90092
007b0091
009b009d
009800a1
00be00aa
00c200a5
0099007e
009a00a1
00cb0083
008d0099
008a00ba
008400c8
00a80081
00c700ce
008d0082
009200c5
00b0008f
00d200c2
008700a8
00d80091
00bd0093
00a10081
0091007e
00a10082
00cf0099
00a20098
0091008e
00cb00d6
00ba0098
008e0087
00e500c7
00b60092
00eb0096
0096007d
008d00a1
00ab0081
00cb00fa
009100b1
00c10093
008f00aa
009200af
00de008d
00b600c5
009600a9
00a30099
00990097
00a3005c
00790086
00a000e0
00aa00aa
00ad008f
00d50092
0075009f
008b009f
00fb007b
00a00091
00ad00a7
00d700b3
00a500a8
009f0097
00c900c7
00a6008e
00b30082
00b200fb
00a00086
00ad0096
0089007d
009f009b
00750095
0095007b
00760096
008d00a6
00e0009a
009300da
00ad00a2
00780090
00b30097
00970071
00b8008e
009d00aa
009a00b7
0087009e
00aa00b9
00a20082
00a60092
00a800b2
009200c2
00c30086
00c300b2
008e00c1
00b80095
0082008a
00a80087
0096009e
007e0077
008500a5
0096009f
00b1007f
00d10084
0087006e
009200bb
009800a5
00ad00fe
00910099
00ca00b3
00a80098
0098009a
00e20087
00ae009e
0083008c
00650075
008500a5
00a80113
00b200aa
00d300a8
00a300ca
0097008e
009e0089
00ca00b6
00c500bb
00830097
008800c8
0087007f
009b009b
00e000bd
00cb00d1
008d00a0
009a008b
00c200ca
00b500d6
00dd00a8
009a00a2
009500d3
00ab006b
008a0097
00c2009a
00af00c1
00a200a9
00c0008d
00a5008d
00a30087
00c00098
00aa009b
00aa0086
00b100be
00c000ad
0089011b
00c60097
009100a6
00b10086
00a800b1
00970087
009600cf
00b5009a
00a300b7
00c100b0
00810075
009800ab
0095009f
00a300ae
00e700c9
00c100ca
00f200d2
009100cb
009d00b3
00a500b7
00a100af
00a900e2
00cf00cd
00d6009d
008900bb
00c00091
00a000d8
007d00a6
0090006b
0091006d
009f009b
00ca008a
00b20096
00bf00b6
008c00a2
008a0098
007a0082
00a800ad
00ba008f
009d00b1
009700c8
009f00b2
008500dd
00b200c5
009b0079
00c70091
00800084
00a9007b
0073008d
00af0086
00a50081
00b600b1
00830081
00ab0076
00a70088
008b008b
00b30093
00a800be
009b00b3
00e000bf
0066008a
00a3009a
00920097
009e00d1
00a800df
00a6008a
00b600a5
00b3008f
009a009a
008a007d
00b7009b
00c200a1
00a600b6
008a007a
008a00ab
006f009b
0098009a
00af009b
009f008b
00950095
00a600bd
00b30089
008f007d
0092007f
0061007b
00a8007f
00850097
00c000c2
007f00b7
008300a6
009e0082
007b009b
008b0079
00ce00d5
00a000a0
00b900a7
00a70098
00a0009f
008b00c6
00c10096
00bd007a
00aa0089
00ae00c6
00af00bd
009d00d7
00ab00ca
007700bb
008100a9
0098008f
008f007b
00b90090
007d00b0
00c70096
00ab0098
008500bf
00870082
0086008b
00d20083
00a000a5
00f700b1
008f009b
00980093
00a500b3
008a0099
0098009d
008d009b
00aa008c
00b000b7
00b200b0
00a700e9
009b0099
00a7009d
00a60070
00950082
00a300a5
00c200a3
010900bb
008b00a5
009a0086
008f00b0
00f1007e
00c80073
00a00095
008a009b
00970089
008400af
00960081
008e0086
00af0075
00e600ca
008600a0
007b00f6
009800be
009800ba
00b6009b
007d009a
007100c1
0093008c
008f00a2
00b100d6
00de00d6
009a0085
00b600db
008f00af
00890066
00710084
00c90092
00c300a3
00bb00db
00c700ee
009300a0
00b5009f
00770073
00790089
00b70099
00b20079
00a1009a
00a3009d
009800aa
00a500a8
00b5009a
007a0091
0096009f
00c800a9
00be00a9
00bf009e
00a500b8
00a0008d
00aa0074
009a00bd
00aa00ba
00ae00b8
00b900ae
009b009e
008800b3
009200b9
00980066
007600d8
00da0097
009a00c8
00c700c7
008e00d5
009800b5
008f007e
00a60073
00d10089
00d300d8
00d20087
00a900bb
0099009f
00810087
00980098
00a6008b
00e000a7
00d200a8
00ab00a1
00be006f
009200a0
008600fe
00910079
00cb0095
00a3009e
00910096
009f006e
00b20096
009100c1
00ba00fd
00ae009f
009200bb
00b200c9
00a70093
00aa009e
00720077
00960072
0099008a
00820072
0052008c
00c200b5
00a900a6
00cb00c5
00c200c2
00a000b8
00a000a6
009d00a7
0087006d
00690075
00b300c8
00ba00b2
00c500a3
009300d0
00b300c7
00a8009b
00820086
009f0098
00a9008a
00a80082
00960082
00a000ad
00a20083
00a300b1
00770068
00c100f6
00a80098
00810091
007600b1
006900b0
00a7008e
00c50089
00af00a0
008b007f
00a600ad
00cd00ad
00bb00c9
00d900bd
00a700a7
008700b5
0077008e
00c50093
00a00088
009a0095
00b000a3
00a2009b
008e00a8
0097008b
008b0095
0098008f
009b0092
00c100b0
00d700a2
00e100ba
009e00a1
0086008e
007d00a0
009a009f
00890091
00c600c3
00a100d3
00b100eb
00920077
00a300a6
00a7008d
00a200cf
00b80095
00e300c1
00630089
00b900c9
0093008a
00830091
00ae0075
00ef00ba
00aa0160
0086008e
007b008e
0096009b
00770085
00670071
009000ca
007f0086
00a7009b
00a80091
00960087
008b00c1
00aa0098
00b700a0
00a50080
00b30088
00c20099
00600090
00b600ad
00a3009d
00a800a2
009500a8
00b000d1
0091006e
00980098
008f00aa
00d800a6
009800c9
0091009e
00ca00a1
00970096
00be00d0
006f00ce
009f008a
009e007a
009a00a0
00b7008f
007b0099
00b600bb
009b007b
00b50092
009b0089
00b100a9
00e80097
00e700d1
00da00cb
0092006d
009e0098
00db0092
00d30080
008300a2
009a00ae
00b900ab
00ab0092
00780059
014000e8
008a0157
008a00c0
00910081
007e0092
006b008f
00830091
00ba00ca
00b7006f
00ae0091
00f00089
007f00a0
008700b8
009500ab
00b20099
00b8006f
00c800c0
00990086
00b70079
00c000a6
007a00ad
00d10086
00bb00a2
007f0085
00980087
00a500b6
00c300cf
00b700aa
010d00c5
008c00d2
00a600b0
0092007b
00f2008d
00a100ce
00f300d7
00c300a6
00a80106
00be008e
007c00a7
00aa006a
0080008a
00e900ae
00d000e6
008e00cd
009d00b6
00e30096
007700a0
00ae0077
009b00a9
00a0009e
008b0082
0097008a
009e0093
009b009b
007900aa
00a50061
009b00aa
009800dd
009d00a5
00950095
00ab0099
00860087
0086006e
00de008e
008d0082
009100d7
00b0009f
00af0092
00a80091
00ab00ca
008700cd
00a00089
008a0073
00a10091
00db00b0
00b600a3
0095009e
00c700ea
00ea0088
0095008a
008500c3
00cd008a
008700c8
008400a6
00aa007e
009f0098
00980089
00b000a0
00b9008d
00d00099
00920070
00a1008b
008700b6
00a00092
00a10066
00960091
00ab0095
00bd00c8
00730083
00cd009e
00b300ce
00e700b3
009700d3
00a700a0
009e0086
00b500d8
00c00084
008900bb
009500b7
0073008f
008b0085
00a60066
00ad0099
00890091
008f0089
00c30092
00750081
0081009a
00d500af
0097007d
00af00b7
00c70095
009600ad
00990081
009d0087
00b000b0
008a0091
0097007e
00a60075
009a009e
00d800c1
00da00cb
00d000a6
009f008a
00db00bb
00c600be
006400af
00de00be
009b00c7
00b1008e
00d600ad
00b000ba
00c700cd
00a80054
0091008e
00a20087
00ca009e
008900a9
007d00b9
009200ce
0092007e
009d00a3
00bb00bf
00d60099
00f00099
00bb00b2
00c30087
00a200ad
00aa007a
00af00a0
00a500a2
00ad00a6
00a00089
00800085
008c006f
00bd007b
00a500c6
008d007e
0070009a
006500bf
007a0092
00ae00b1
00a700b0
009e0097
00ab0095
009b008f
009f00b0
00a10091
00a100da
009900b2
012700b0
008900ca
00ab00be
00cd00b3
00d30087
00c2009f
00da00a7
00a800cf
009100a1
00a900b3
00b100c8
009200d3
00ba0087
00b500b8
00cd00ea
009200eb
009b009e
00a80096
0081008c
00a900a5
00820081
009000b9
00db00bd
00870088
0090009a
00c300a2
00ae00e5
00990078
008300a3
00c900b5
00d2009b
00a800c5
00c500a3
008b00c0
0093008a
00990069
00a300a6
00b50099
00b70083
0072009e
00ae009d
00af005d
008f0073
008a007e
009000a2
010e0082
00c000ce
008b00a5
009d00a2
00c300d3
00c800c6
00aa009a
00a5008d
00d20059
008900a1
008a00a1
0086007f
00950089
00a700c5
00ab008d
00ff00f1
00a700a5
009e00b2
00a30093
00b2008d
009b0073
0096008e
009b007a
00e10079
009e00ce
00be00a2
00990099
00c800af
00c100b7
009d010d
008900ca
00e30088
007e009e
00760077
0088007f
00710095
008500aa
00730079
009e0096
00a100a1
00c000aa
008d0096
00a500a9
00ab00cb
00d300fd
00b7008e
00c0007a
007600af
00b500ae
00870085
007e00a3
006500bb
008100a1
009200b5
009a006f
00a600a1
00b10087
00b800d9
00a500a7
009a009d
0089009f
00860096
00ae0085
00e3009d
009a00fd
009900a2
007f008b
00e600b9
008100c5
00bb0095
007e00a7
009a008e
00bb00b7
00bd00eb
00e700b6
00cb007d
00c8009a
00ff00e1
008c006b
00a9007b
00e50081
00bf00b2
00c500a6
008500c0
007300a0
008f0090
006b009e
0099006d
00a000b2
00a600a3
00c200b8
00c500c6
00950083
00a500cb
007e0077
007d00b3
007d009a
009d00aa
006a009b
0093008e
008400b2
009f0097
00a8006b
008b00bf
00c300f6
00d200d3
00ba00a8
009a00ae
008e00c1
0069007d
008f0091
00aa00a7
00a6008d
009300a0
009100bb
00be00de
008f0091
008600a2
009f0077
009e008d
00b0008d
00a000b5
00dd00a3
00a1009e
007c008a
00a100ab
00950091
0088007d
008e00c2
00b300aa
007200bf
00bd00ee
009500b9
009d00a6
00880085
00c6006c
00b30088
00ce0085
00a700a5
007d00ce
009a00a0
00c000a2
009b009b
0089007b
00a000c5
0095007f
00b10095
00c800cb
011600e2
009e0096
007d008a
00b500b6
00ae00af
00aa009e
00a900df
008900b1
00790098
00a500ae
00960091
008b0092
00b600b1
00830098
00b700b9
00900098
00ae00a5
00b30086
00970068
00ca009d
009d0091
00a700a0
00920083
00b1007f
00a8009b
009b0088
00b80079
00a90099
00c500a5
00bd009d
008800de
009700ca
00cd0087
00b600a3
00a500bd
00ae00c1
00bf008f
009a00ce
00b9009d
00b5009e
00bd00c7
006b0097
009b0083
00a6009d
007f00b8
008b00df
009d0076
008f00ab
009e00dd
008700c0
008f0078
00b00092
008300f5
00cd00d5
009900a7
008f00af
00cf0098
00820078
007a00a5
0074007b
00bd00ab
00b9007d
00b100b5
009f007f
00a7008a
009e0092
009a005a
00a500c3
00d300c2
00da00f9
008100ca
008b0095
00e000d7
00ad0061
00770073
00ad0085
00cf00b5
00910096
00a8008b
00c300a0
009200a2
00950081
00d9007c
009a008b
00a200ab
008d00b2
008f00b3
00a500b5
009200a6
00aa00ba
00a1006a
008b00ca
009600aa
00d0009a
00a500a5
00a50091
0087008a
00910079
00af00b7
00a60096
00ab00be
009b00d5
00c900ba
009e00b6
00b200ae
00aa00bf
00ca008f
00aa00a6
009d00a5
00a200a6
00bf00ba
009800e0
0092008f
00ca00b2
008f008f
00ab008b
00c20090
00be0085
009600cd
00b900a0
0092009e
00b000a9
0089009b
008200db
00ad00cd
00f600d3
0088009f
00750106
00930073
00c0009e
007c00b9
00950085
008b00af
009d00dd
00c900b1
009500ad
00b300ad
009a009d
007b007a
008e0099
00b60093
00950086
00aa0090
00b100b1
00b000aa
00a70072
009e0083
00930097
009d00ea
00ad00dd
009d00b5
00c300cd
00a800ce
00a600bd
0075006a
00800062
009a0093
00c60089
00bd009f
008700b8
00b900b1
008e0091
008d0063
008e007a
00cd0093
00c000a7
00e500b8
00a100c3
00ba00a5
008e00c5
007f0095
00850077
00ad007c
009300a5
009300ad
00b900d7
00c0008e
00a800b1
00860065
008d009e
00d600ab
00fb00b1
00b200b1
00a500b9
008d00b6
0095009f
00820085
00a00065
00c900b5
00db0096
00cd00ae
00d20091
008f0085
0099008c
0075009e
00c800ca
009900e3
00d80086
00c70108
00bb0082
007e00a3
007b008f
009100b5
009600a5
00cd009d
00af0097
00b8008a
00aa00dd
009900dd
00b100be
00ce0090
00a700de
00970099
00800077
00a30099
009d0087
00a700a0
00a100b3
007f00a3
008700c6
00a70086
00a700d5
00a000ed
009e00d0
008d00af
00990080
00b10080
00c300b9
00720067
007e00aa
009b0099
008100af
00bd00af
00bb00ab
008b00a0
009b008a
00a80096
00ad00e0
00a300ae
008a00d9
00b6007f
00a900c0
008b0085
00b300e8
00b3008e
00910092
00bb00ad
00b900a9
00b20074
008500b7
0078005a
00d700f3
009b0080
009b006f
009a008a
00a300af
00890095
006f0079
00850075
009f007b
00a100a3
00a000b0
00cb00ba
00aa00b6
008e00bb
00b9008b
007a008a
00b00085
00970091
009300b0
009a0095
00ad009e
009b0099
00d800bf
009800a2
009f005b
00a100c3
00ff00a8
00930079
00ab00ca
007a009d
00870093
0093009d
00af0085
0091009b
00c000c0
009a00b9
009a00a6
008b008a
00a30087
0074007c
007b0084
00be00af
00ed00ad
00fe00aa
009e009f
0093009d
00920080
009b0082
00d20091
0096009b
0083008c
009a00be
008b0089
008d009e
00b600b7
00f300bf
00ae0099
00d300a2
010200b3
00ba009e
00be00c6
00a900b2
009900cf
007e0082
00df00aa
009f0088
00c700bf
00c200c1
00a90098
00ba00b9
00ae0089
0092005a
00e800e7
00750096
00900077
009d0085
0071009f
00af0073
00aa0087
00b00089
009d0093
00c600b9
00d000cd
00eb00a2
00770099
00b800a5
00b5008e
0090008e
0078009f
0085009f
009000b0
008d00a3
006a009e
00a600ba
0091008b
009b00ae
00be009d
00d600a7
009900bd
009000b3
009e008e
00960098
009300b1
0077008a
009f007f
00d100b6
00c000ab
00960086
00b800d8
00750080
009d0097
009e0063
00830069
009e009b
00a20091
00bf009f
00de00af
00ba00bd
00bb00ba
008b008b
00a90087
00ab00cf
009e00cf
00880092
009000b9
00ae006e
00a60091
00a90081
00b300a3
009700ab
00b8009b
00a100bf
00b9009f
009f0071
00870088
00aa00c5
00c300e2
00800095
009800af
0087009a
0099009f
00b90087
00ae00b1
0076005f
00a5009d
009500c7
00df00c8
00a700a1
00a5009f
00a000ab
00b100ad
00a1006c
009a0093
00af00d1
00af007e
00c600cd
00830097
00aa00c1
00a30081
0097008c
009600a1
00c30091
00a700c5
008e00d0
00a800a9
00af009e
00880089
00b500de
00a60092
00df0091
009900a6
00950095
00c000ad
00cd0085
0097009f
00bf00a2
009300bd
009600a5
00840091
009b0087
00ba009e
008b0091
009a00a0
0089007f
00bd00c3
009700ae
00be0089
00c1009a
009b009e
00a60096
007a009a
00b50050
00a10098
006e00ab
00a6006f
00a9008a
007e00ae
00be009b
00ae0066
006e0088
00af0093
012300e2
009b00bb
00ee00aa
008100b0
00a8009f
00c00095
007b00ae
00990086
00f500cb
00920090
00db0095
009f00ae
00d100cb
009f00c9
012e00f1
008f009a
00990119
00c700ae
007c00c2
00ce00d7
00c800de
00bb009d
0069009e
00ab00be
009e00c8
009f00a1
00a10095
00c1010b
00be008f
00a2009a
007f008e
00c600e1
00be00b5
008e00b8
00a100a1
009a008f
00a9008a
00b900aa
00bb007f
008a00d1
00c500a9
00b80096
00b100bd
00a600cb
008d0092
00ed00a8
00a70092
00a800c8
00b700bd
00b30097
009800d0
009e0093
00a80087
008200c7
010000b0
009a00a1
00a900ad
008d00c3
008b00b6
00c30091
00a600a8
00db00cb
008d0098
008900a8
00e6009b
00c60099
00bf00b3
00c10095
007c008e
008f00a0
00970093
008d005d
009a00b3
00b300c1
008300ce
009300e7
00d500a9
009d0098
00d0008b
00a1009b
007a00c6
00a7006b
009900c3
00b1009d
00760083
00960098
00860075
008d00cd
00a20075
00cd0095
007d0085
00a000a8
0074008e
00610093
0091007f
00d100b3
00cb0083
00e900ca
00cd00b9
00b6009d
00990091
0096007a
00920097
00c300a2
00a2008e
00810089
008d0076
007e0077
00af007c
009f00af
00c50093
00b30076
00cb00b0
008f0096
00d80089
00cf00c3
008600aa
0093009e
00ad0091
007f00b0
00ce00b5
00aa00d2
0106008f
00aa00af
008400bf
00cb00ae
008300a2
00920082
008c00c2
009700d9
00a200e7
00e5008d
00d700ed
008f00c3
00840092
00ab009d
00a600d9
008f00b0
008500ca
008d00a5
0086007e
008e0095
00ab0098
009f0075
008c0089
007900b1
00d8008d
00a500a7
00be006b
009e00a3
0086008c
00e200b7
00b00095
00b100b7
00a5009a
00a3009a
009900ab
00bd00b5
00710062
00ad00da
00b5009b
00d100a9
00df00d2
00c80079
00a00089
00a100a3
00990056
00ef00e8
00930086
00860088
00850089
00a2008e
006c008c
00cd007d
0082007d
00a700bb
00d100cf
00b800e5
008100ca
008f00ab
0068008b
00bf008d
009f00bb
00b500a9
00c300b9
00af0090
00990091
009300bd
00b00095
0079008b
00bd006c
00bd009b
00d60090
00fa00c6
00b000cd
00c600a0
008f00a2
009300be
00b900d8
00be0111
00c100e3
00d600ba
00a500aa
00a000a6
00f500cb
00fd00e9
00af0086
0072008f
009a0088
009d00b6
00ab00ab
00cf00ed
00be009e
00af00b2
0093006c
0081007e
00b200b7
009100a2
00a70089
00c70093
00a700b8
00920093
008000a1
009b0095
00ad009d
00a50084
008400a1
012200d3
0089008b
00a50085
00b30060
0078008f
008d00a7
00af00e2
009600c1
009600a6
00c800ab
00b300c2
008f00aa
00980087
00a500ba
009600b5
00cd00bf
00b100a2
006f009b
007f0083
00be008d
0096008a
00ab0097
00ab00b9
00b100b0
009700a5
00a30092
009600ab
00a300a6
00930074
009d009f
00a100d5
0087009a
00ae00d2
00920093
009a0085
00b5009d
00f300a9
008600a6
009a00d5
007e0090
007d0096
0079008b
008d00ab
00890081
0091006e
008000c7
00b300eb
00af0098
009b00aa
00c10092
00b80083
007b0099
00ad00aa
00c50098
00c000a9
00a800c5
00870095
008d0095
00cb0078
0097009e
0086008e
00d300ae
00c900a0
00a000a8
008c009f
0096008e
00bd00a1
007d00a1
00870083
00ad00d9
00ad00ce
009e0095
009b00c7
009a00b5
007e00c3
008a0076
00a70086
007700a6
00e0008a
00b200e7
00ba00b7
009000c9
009f008b
006f007e
006c00bf
00c5006e
00a500b8
00c60087
009200ae
008f00a9
00920088
006d006a
008d00c5
00ab00a3
009000ad
00d20093
0089008b
00a100a2
00c500c2
0097006f
00ae00cd
0091009e
009b00a8
0082008b
00890098
00910088
009d00a1
00a60091
00b300b2
00d600c7
00900099
007400dd
00a300b8
00ae0095
008d0084
00830095
00bf00e2
00c10093
00a70098
00c600f2
00c7009a
00b600cf
00b50097
00a500af
00860082
00ab009d
00a000b3
00bb00b2
00b600bf
00a20097
00cb0099
00ee00c0
008600b9
00a200af
008f0085
00ca00a7
00980074
009a008c
009d00c2
008e00a3
00bb0095
00ba00b1
009f008f
008800d8
00a600b2
00a0007f
00a600a3
009b006a
00b7009f
00b9009d
00c9008e
00cb00d3
00ca008e
008d0097
00d000a6
00c1009a
00aa0071
008f008a
00a500a5
00be00b0
00b70092
009200b8
00b500a3
008e00b8
0085009d
009800b8
007b00ae
009100af
00d60075
00c300bb
00e600b3
00970092
0089007f
00840083
008600e2
007400af
00b800a5
00b20085
00a000ce
00770061
00a300f8
00930073
00a30089
00a8008f
00cb00ca
009a008e
00af0091
0091008d
00bb0092
00a000c6
00a700bd
008900b5
00a200b0
009600c1
00c9008a
00ae007e
009800dd
00ba0089
00df00d9
00d2008a
007400cf
00a30088
00a90085
00b60083
010300b3
009900db
009000c1
008f00cf
00990081
0093006e
00a2008a
008d009a
0097008d
00b600d3
00a900bd
007200b3
00a80073
00a500ae
00700095
0077008e
00c000aa
00f20085
00bd0096
009a0081
00a500a1
00820095
00a50091
00d00068
00ca00ce
00b30081
00a900a9
00a700a5
00750087
0079007d
00a8008b
00b8007b
00b100dd
00a500ab
00c7008c
00d700c0
009b00af
008e00c5
008e0083
00bb008b
00a200a9
008d0087
007400bd
008700ba
00b200cb
00af00b1
00cb0090
00e800b0
00a900c6
00fe009a
00b3009a
008500d2
008a00a1
00de00b8
009f00d6
00a70073
00740074
00e3009b
00aa00a1
00ae00f0
00b0009d
008e00a5
00cf00b0
00c30086
009e0092
00b200a2
009300ca
00aa0093
00f3008f
00ae0092
00a6008e
008f0083
00f600c7
00a200aa
00a200c2
00d50098
00a700ff
00a00082
009800b8
011f00a7
009d0081
006e0096
00ab00a7
00c90092
00b300b6
00c900af
00a6009b
00910079
00dd00a7
008800b1
00b90095
00ba008d
00f600ab
00900089
00b8008b
0095007b
0080008c
009a00aa
00fe00bf
00a700ca
008f00b9
009800b2
00890087
00aa007e
00a9008a
00840098
008b0070
008200b6
009e009b
009a0096
00c200b6
0097006b
008f007f
00a9009b
008b009b
00b600c6
0085008e
00c90095
008d00b1
00af00bb
0095009b
00b700a3
00b600a1
008900a2
00d700ca
00950095
00b30092
009e0086
009a00c2
0097007e
006d00b5
00a6009e
00a100b0
00930091
008900dd
008d007c
00dd00b8
00a300c0
009e0087
00b700d1
00e0009e
00950087
00b70072
009b0096
00900092
00b300bb
0087008c
00820082
00a00089
008e0096
00980092
006500be
00aa0084
008a00ab
00730072
00a80072
00a100b8
00cd00b7
007c00a3
00930063
00d800a9
00e700be
00bb00f7
009b00b2
008400bd
00b100a1
009a00b3
00910088
00f700c5
00ef00a2
00bb008a
009900c0
00be0076
00a200c1
00b300ae
00b70075
008f00ad
00a5007f
00c800a7
00b500e9
00ed00c1
00ba008b
009800a5
00920083
00b600a1
00ca0079
009f00a7
00bb010e
009f008b
00b5008a
00ab0097
008d007a
00a300a2
00b800ae
00ca00d8
00ae00b6
009e00c8
00c50082
00b5007f
008e0089
00c100af
00b8008d
00a500ae
009100a8
00830106
00a6008b
008e00aa
00aa00a2
00ca0092
00b900f9
00bb008e
00e100bb
009300a6
00aa00a6
00a300bf
00a60098
00d60069
00cf0099
009f00d8
00bd00f6
00ab00e2
00970085
009a009d
009b0099
008e00a8
009700d2
00d800bd
00de00a6
00ca009b
00970089
008e009f
0073008d
00d0009e
00c2010b
00f800c9
00b800c5
009700bb
008900a3
009d0077
00a500b3
00aa008d
00ca010d
009f008b
00ad0096
00c0008d
009d00a8
00970091
006b0072
00a500a1
00a00097
00b100c1
00a00125
00aa0092
0095008a
00ad0075
00c000a0
00ca0076
009e0082
009e00a5
00ad0089
009800cd
00af0092
008700d2
008e006d
009500b8
00d300c9
0095008d
00b800fa
00990097
00aa007d
0073009e
00b000a9
00ae00a1
009800a7
00b8008d
00d300a6
00c600a9
00900087
00e300c7
00c30081
00ab00ab
00bb00bb
00c600b9
00b900ad
00a600b8
009e009d
00c000b2
00a10073
00960093
00990068
00b600ae
00b2009b
009d00a8
00bb0092
00a20087
0087006d
00d0009a
00b8007f
008700a1
00eb0075
00cd00c9
009500ba
00950099
008d0096
00ae0092
00c500a8
007d00d2
00b100bf
00a500b0
0089009b
009e00b9
00c80072
008d00a7
006d00d5
008800be
00e0008e
00a10093
00bf00af
00a300a6
00c70084
006e0077
00870082
009200a6
00710093
00ab00a1
00ae0098
00b100a0
00d800b1
00bb009d
00d600a7
00a600b7
00d0009f
00a900b6
009d00b7
00aa00c3
009e00b7
00bb0086
00b100b0
00b100a5
00ab00ae
00bd00cd
009f009d
009d008e
00970078
00b30071
00c700d2
00ce00bb
009f00c7
009900a9
00a800ba
00b10085
006d005e
008000fb
00b500b8
00af00aa
009d00c0
00a500a2
008400f5
009d0097
0086006b
009d008d
00bf009d
00b200a1
010900c2
00c300ba
00f50092
0089007b
007f0098
0073007e
0084008c
00a5009f
009f0099
00ba00c5
00b30099
00c6007f
00910082
00ba00fd
00c8009e
00980090
00ad008b
008f00d5
007100b3
00a00072
0073006e
007f007b
0093009b
008900db
007c009e
008500f6
00af008d
00c500ae
0097008c
0079008a
007b00aa
009b00ab
00af00ad
00ae00c0
010900dd
00980098
00a3009b
00650098
00950083
00870098
008c0090
009f00a8
00ce00bf
009f00a0
00a2005f
00b3007b
00a500a9
00d500ba
00c200c1
009800e2
00850084
009e0077
0087009e
00860091
007e0078
008500cb
00c10077
009b009f
00af0097
008f0080
009500a6
00b50093
00be00ed
00ab00b6
00b30087
00a100a8
009700ae
008a0085
008500a3
009a0086
009e0086
00a600b3
00a700c3
00d10083
00a700d3
00a100b9
009f0093
00850074
0092009e
00ab009e
009a00a5
00be00ab
008d00ed
00780089
00720076
008f00c9
00970086
008e00da
008b0098
009500c8
00850097
00a90072
00770078
00840098
008e00b1
00ab0090
008600d6
00aa00a0
009b00ca
00a800b6
00a2007e
009e0060
00be00cf
00a00092
00b300ba
00b300b2
00a000a9
0098007f
0079007e
00b50092
00a700a8
00a200b5
00a500af
00930085
007d00ad
009a00ba
006f0087
00b80083
00a0008f
007e008c
00c700a0
009f00a1
007b00bb
00b6009a
009f0087
0092007c
009900b5
00a700ea
0081008e
008a00ee
00a50074
008200ba
007500e8
007f0085
00c500ae
00c100b9
00970091
00c2009e
00b100c6
00a700ea
006f009e
00a20079
00d600d8
0109009e
009d008e
00b800c0
00b6008b
00c100b3
008800aa
00a000ae
0098008a
009100a1
0075008d
008600a3
008e009b
009a00ad
00750087
00b7007e
00a100e7
00ed00b5
009e00a2
00ba00bf
009200af
0097007f
00a900b0
00760087
008a008d
009d0092
006300ad
00ae007f
009800a2
00a7008f
00a90081
007e00a9
00b5009b
00a50097
00c3008f
00cd009f
00a50092
00a00093
009a008e
00910091
00bb00b0
00bf009e
0099009f
00bd00ad
008400a5
00760088
009500c8
00740074
00a90078
009900b0
00960096
00a8007f
00790082
00b000b5
008a008e
009b00b8
00a800d8
00cf00a1
00c600ce
007200c6
009b0091
00a2009d
00650081
007e00c5
007a007f
00990096
009b00a0
00ae007c
00b60085
0067008f
00770072
00a80096
00d000de
00e000e5
009900c7
0081009d
00bf00ae
008d00a3
008c008d
009f009e
00e700e0
00db0093
00a800b0
007100bd
00c000dd
008300ae
00810090
008e006a
00d70092
00c100d1
00bb00de
00d000a0
008b009e
009700a3
00950085
008a008f
009b00c1
00e700a5
00c600cb
009b00b9
009a0096
009300d2
00a5007a
00d00097
008a00a3
00c60083
00760081
00a9008f
00990086
00960082
00a70092
009e0091
008d00aa
00ab0082
00b200ab
00d900c2
00e100b2
00a50085
00970159
00a70081
006a0098
00a50099
008c0092
009d0095
00c800a2
00ed00b1
0095007f
00b30089
00a300c3
00c0009e
009f00b0
009900b2
009500c7
0082008d
008a00fb
007f007f
008300a2
00a1009e
00960095
009200b2
00e300f1
009e00b6
00f200cf
00c30089
00bf0098
009600c5
009b00f2
00d60099
00e300d1
00db011d
008f009f
00de00a9
00c900e2
00f600d5
00f300a3
00c500a8
00d700b0
00bf0082
0097007c
00bd008e
00d500a5
00a70098
00b500d3
009900ab
0086007d
0096008d
0078006f
00a800a2
0087009f
0091008e
00b5009a
00a2008d
008e0099
00a00098
00b6007e
00d300c6
00da009e
00a000a8
00a000a6
009e00a1
009f00a8
008a0080
00a50089
00c30075
00a800ae
00a000a2
009e00a2
00c000aa
00ce00b3
0099008b
00930084
00ca0076
008f00fe
00ae00e6
00b500d1
008800ad
009d008b
009b0091
007e0079
00e90079
00cb007b
008c0088
00b3008b
009b00a6
009200cb
00a7008d
009a006f
009d00e1
00800096
00cb00de
00c300b8
00c700a0
00a9008a
00b10082
00b90082
009800be
00da0098
00af009e
008000c8
008100d0
0090009e
00a500be
008500af
007c007d
00a800c7
009800ca
00aa00b6
00a100a2
0099008c
00a300a1
00780087
00c500bb
00af00b5
00bb00c0
00b00090
00c2009d
009300a3
00980099
008a0069
00be009e
00bf00b2
00a900d8
00a5009f
0087009b
00a1008b
009b009a
0092008d
00b9009f
007f00b5
00aa0083
00aa0099
007200ae
00aa0090
008c00a6
00740070
008e007b
00ad0095
00ad00a6
0088007e
008f0095
009e00b2
008d0067
007f0065
00a300ed
0079006d
00960086
009e0091
007e008a
00a500a9
00880074
008900a8
007f0085
00750089
00cb00a1
00aa00a6
007600ca
008100e0
00a30097
00de006f
00b800a7
0097009d
00c000c5
009800a9
00aa00c7
009e0087
00b100a2
00ae0076
00da0085
00a5008e
009100a1
007f0099
009500a6
008700a0
009300c5
0102008e
01060105
008900cf
00a5006e
007700c5
0095007d
007f008e
00c6008a
00aa0087
00ba0075
00b7009d
00b30092
007e009e
00b2008a
009f0092
009f008f
00b70080
00820074
007e00ae
00ea00cd
009200a0
009600c6
009b008c
009500b5
008f007f
00730083
008f0081
007f00c5
00aa00f0
009b009d
008e00b2
00ae00a6
009d0062
0090009b
007e0091
00920091
009e008b
008300a6
00ad009a
0085009e
0092007a
00ad0098
00bb00ce
00b2007a
009e009e
00ae0093
009f00b5
00960088
00a6008c
008900c0
00860095
00c300a8
00a300bb
00b0009e
007100ad
00b1008e
00800076
008e0072
009d0078
00a300a8
00d300b9
008e00da
008d00b5
007c0098
00890073
009900a2
00b600af
00b00095
006400c8
00b20096
00a1008f
00b80092
009b0079
009100a6
00a700a2
009900be
008600d9
009f0079
00b1008f
008e0081
00a20079
00750098
00b900a3
009900a5
00c6006c
008200aa
00b100a7
00870096
009a006e
00b9008f
00a600c0
00b500e7
00aa00a5
00a20098
00b200ba
009700a6
007e0077
009600db
00b70092
00a100ce
00a800f6
00730092
007700ca
0082009e
007e0087
00be0080
00a700cb
00a500ab
00c000e8
00950084
00a10095
00df0092
007e0064
00b1006b
00c2009b
00b700df
00a60097
00c900b5
009a00cd
00ab00ba
00bb007d
00750079
00bb00e3
00ca00ae
009500a6
00ab00ce
008900b8
008b0073
00ca00f1
00c6009a
009300a5
00be00ba
00ff00c0
00ba00d5
012300e0
00e00135
0091007e
00a50090
0099009b
00b300be
00c700ae
009300a3
007000a0
00c10099
0081006d
00b700df
00b300a2
0096009f
00c000a7
009900a7
009600b2
008f00ad
00820079
009d00aa
00b30093
00ab00a7
008f009b
0084007f
007d008d
008a0095
00810093
00a500b5
00b30089
00cf00e5
00e700ea
009700e2
008c00a1
007900aa
00970081
009e009d
009d009d
00ba0096
00a600e6
008700a5
00b800eb
008700a9
00870087
00930076
00b300d2
00ca0090
00c000bb
00db007e
00f2008d
009e00ad
00850071
00b600a9
00a70076
00d300d8
00a500a9
00ad00aa
0091007b
00a7006d
0095006f
00a8008d
0092009b
007b0092
008c0098
008a008e
00a10089
007900cd
00e1007e
00a10080
00a900c6
00c10085
00a200c9
00c200a0
00c30095
009f00ab
00a0007c
008900a3
009f0081
009e0088
00a7009f
00a6008b
0090007b
0095007e
009b008f
00b80097
00cf00cf
008a0101
00a80097
00a300c6
00aa00a6
00c5009f
00840093
007c0064
00b10079
00ae00d6
00b800a9
008600af
007d00a9
00850087
007e0068
00d100a1
00970097
008e00ad
00880096
009e009a
00a50093
009000c3
00c80089
00790075
007b00c9
00920099
00870093
00ad008b
010100a9
00dd00dd
00800082
00730080
00a000a6
00d300c2
008b00cb
00c100b0
00b600b0
009a0084
006b0086
009a005f
01450087
0086011d
00a1007f
009d00a3
00730082
0097008e
00a30059
00920087
009b008c
009a00c5
009500be
009d00fe
01010097
00a1009b
008b008b
00890071
00950095
00a700b2
009600c8
009e00b8
00af00c1
007b00e1
008a0093
00c30097
00be0078
00870089
009200ae
00930097
00ad009f
009a00bb
0088008f
009900a8
00bb009e
00c200d8
009800b6
0093009b
008a00a2
009d0075
00b300b3
0082008f
007800b3
00bb00a5
00b600a8
00de009b
00ae00be
00c000ef
0081008d
0092007e
009900bd
009b0088
00c100cb
00be0098
009700de
008e0073
00bd0085
00af0071
00a6007e
00bf00b0
00cf0099
0097008f
009700ab
00b80080
007f0069
00ae00c0
008d008a
00cd008a
007e0074
007700ae
008e0086
006a0089
0097008c
00c600bb
008f007b
009800b6
009e00cb
009d009e
006a00ab
0092008f
00c90084
00b30089
008f00aa
00fe0077
00890089
00bf00b2
00870091
00bd00e1
008f00a5
009a00a1
00c7007f
00a000a7
00f300b7
009f00d9
00d200ad
00d00095
00ad009b
00970067
0095009f
00e600a5
00ae00ab
011900bb
00b30082
009a0097
00830074
008a0083
00c000b1
00b3009a
008000b1
00af0092
00ae00d7
007e00a6
00760061
00990075
00cd0087
009f00b7
00c500b1
00cf00c8
008b00a0
006b00ce
00850092
00c00099
00bb00a1
00be0097
008f0090
009f0081
00a90076
008b0088
00c60081
00ab0074
00b90097
00a2007e
00760097
009800b3
00d9008b
00eb0086
00b600a0
009200d9
00c200f5
00c300a3
00a000ce
009d00be
008100ca
008400a7
008e0071
00860098
00a700a1
007d00a6
00bd009f
009e007e
00790098
008c0093
00a3007a
008700b2
00a000b7
00c700dd
00e10093
00a90096
00a10097
008f00a8
00b600a0
006b00a7
00b000ce
008f00b8
00870086
00c500a1
00de00c3
009800a0
00980086
00f600d0
00a200f9
00f900be
00c700e8
009b008a
008a0081
00a1008e
00ab0086
00da0083
00b300a7
008100b8
00bd007e
00cb008f
00910096
00cb00ad
0077008b
00a200a0
00a50097
00c900c0
009b00ee
00be00a8
00bd00b0
00a00093
00ad0073
00a9008b
00b100a0
00a90097
00bf0082
00b600b3
009200b6
0092008b
008a0085
009a00b1
00a00074
00c90085
00a3008a
00cd00a2
00af00b9
00730095
008d00a2
008f007b
00c200b3
00b70087
008900ea
00b7009b
00bf00c1
009d00b0
009a0077
007c00c0
009a00b9
00c900e5
00ae00a5
00c80076
00b8009b
008e0084
00930088
00ba009f
00d30092
0096008e
00c20092
008500a1
007400a8
0083006e
006e0095
009b008e
009f00a3
00b300a7
009e006d
00b800b5
00e20087
008a0082
00b10063
00c1009e
00ae00c2
00b600d2
007f00d8
00af0083
00af0088
00a8009e
00a300c0
00a300a0
009d008b
008a00b5
00e500b6
008700b0
007d00b3
0097007d
00c00093
00a000c6
00eb00e6
00e900c7
00df00ba
009600a0
008700a8
00900099
00c20084
00c800fe
00eb00a3
00c600d0
0075009b
00a70092
006a0086
00820095
00c2005e
009a00a9
00a90078
008600a9
00ea0082
00c600a3
0087008e
00a00093
00b500e7
00f70140
007d00d7
00ba00c1
00b2007f
00b300b1
00a10108
00e900cf
0084007f
00a200bb
00e200be
008a009f
00d300a2
008a00ef
008200b7
00760082
00800087
00be00cf
009e00df
00760071
00b600a2
00910084
009700c3
00890073
00a10095
00a600a3
00a60093
009200bb
00d2007c
00a500a9
008b00b2
00a800e9
00b50084
00990099
009e0095
00c30091
00a500ed
009f00d3
00ad00c2
01150089
00bb0099
0093008d
007b008f
00c200d3
009800de
00a50090
00d20085
00b8009b
009d0089
00f0007f
00e100a8
009800d0
007e00d8
009800a6
00b900c6
009e0077
007e00b2
00910066
00a500c1
00ae007e
00aa009d
00e2008b
00870088
009900ce
00b0007b
00da00c0
00a200e8
00e100c0
007700c5
008700a0
00720095
0093008d
00b20056
009b00a7
00d500ef
00c70078
00cf00bf
00a900c6
00bf00bb
008100ae
008f0074
00f100b6
009a011d
00b10086
00a800a3
00d200ba
008c0071
0073008e
00ab0097
00a0007d
00ed00ba
00c600be
008900e7
00dd00bb
00b30091
00de010a
00a50073
0097007f
00b900ab
00c700c6
00b20090
00b1009e
007c0089
00be00c0
009b00a0
00890073
0087008a
00a100aa
008c00d3
00b10096
00a2009b
00ee00cd
00bd00bd
007900b1
00ab0075
00b500ce
008b00d0
009f00ad
00b900a6
00b700d0
009f0097
009a00a6
009800a6
00ba0089
00ba007a
00a200bf
00a700d0
00ae0099
00a8008d
00730092
009200a3
00bf0098
00be00ab
00b200a6
008f0077
00d000a6
00a8008f
008c0092
00af0075
009100ab
008900a2
00be0093
00a10081
00c30099
00750097
009f008c
00a900a5
009a009b
009600ad
00af00cd
008d0073
00890093
006d00a0
0147009a
00bf00c0
009800ab
009300d6
009b0081
007900b1
0099009d
008f0089
009d00a0
00a200b0
007600a8
00a8009b
009600a1
00ab00ef
009700a5
007f009a
00a000a3
00a30096
00a500b9
00b200c9
00aa00ae
0083008a
008000bb
007f0073
00950096
00a20085
009b0091
00a6007b
00b00085
009200bb
00a0008b
00a10097
00b300b2
00bf009b
009900c5
00aa00c9
008700d3
009700cf
007f007f
00bf0079
00c700aa
00ca00c3
00bb00f8
00d5009a
00ad0113
0085009a
008b0092
0062004e
00a000a6
00e200c0
00a100d1
00bb0093
007700b7
00c800b6
00900098
007b0082
009200a8
007c00a6
00af0073
009a00aa
0082008a
008500a7
00880079
008c0071
009700ae
009600c1
009900a5
00ad00ba
00aa00a5
00ba0078
00910098
008e0076
00b800a7
00d7009f
00d1008c
00a80096
00a200aa
009900a5
00ae0083
00750080
0083007b
00cd0089
009a009a
00e100d7
007e009d
008a00b7
008500da
00b9006f
00a90097
00c200a3
00b300d3
00b1008b
00cf0092
00b800c8
009500b3
00860082
009a008e
00c600ba
00a3009d
00af0083
00b2009e
00c500a6
00950084
0078008b
00a2007a
00900076
00bd00e1
00f30083
008800a6
006500a0
009a00a1
0073007b
00c00103
00850081
00780064
00a20061
00860062
00a60073
009f0076
00a800bb
00aa00a0
0096009a
00ed0092
0105008e
00aa00b1
00ad0101
00a700a3
007a008d
008f0090
00ee0096
00b300ae
009100a3
008200a5
009200a1
00b10095
00a5008e
0080007b
00a300af
00a70085
0090008a
00a300c1
0085009d
009f00ba
00b60066
00b500ae
00a50093
00a100a7
009e008a
00ca0089
007800ab
008b0071
00a70099
009200a5
00e30099
008f00de
00ca00ab
00a70098
00a500be
00b8006d
00a9008c
007a0065
008f00a3
008300cd
00a600c1
00bb00c6
00a7009a
00d70095
0093008d
00d600ae
009600b9
009d0090
007200cf
00b700b6
008d007e
00bf0092
00950089
00ad0089
00ee00c0
009f00d0
00930098
00a60097
00b9007e
009600a0
00910099
00af0097
0099008a
00c50093
00c300d2
008500dd
0099008e
00a60071
00a200b0
00a3008a
00a8008d
009600b7
009000cd
00ae00a2
009b008c
009300ce
00a20067
008700c1
00ad008d
00d000c3
00b000d0
00ce00a0
00b500c1
009500bd
00780098
00c0008e
00de00b8
00ea00b5
00b300bb
00860092
00b900b0
008d00b6
00c30079
00ba00a1
00af0086
007f00be
009d0074
00a600cf
0085006b
00bd008f
00bd0091
00ce0093
00a700b0
00ae009a
00ab00b5
009e0097
00ae0084
00890083
00cd0067
008f00c6
00a20099
009f00c0
00a90091
00a90086
00b900b0
00c50095
00a80079
00ce00a0
00c10097
00b200a9
00750092
00b900b8
00a90093
0091009e
00c50070
00d1006d
009900a0
00b500aa
00b900e6
00ae007d
00e2009d
00ae007d
008d0066
007e00c9
00e100c9
00fe00c7
009f009d
009a0099
00ab0092
007b007e
007800b1
008a0081
00f0007d
00950092
00fb009a
009700ba
009d0099
009b00a5
007f007d
00a0006f
009b00bf
00af00c8
00b100ba
0089008f
00be00bd
00920082
011b008f
008300b0
007200b3
007600eb
00bd009b
00ba00b0
009b0088
00ce008f
00b100c0
00920097
00b10082
00e900cf
008a00bf
009200a3
00820096
0092009b
008f0087
00b700c3
009200ce
0087008c
008c0079
009a0095
00a9007c
00a800a0
006e0080
007600d2
00b000bf
00ba00e2
00970096
007a00de
0089007e
00a70085
00c80066
00b100c6
00a300bb
00980073
00cb009f
00b800d6
00a500a0
0064007b
00880076
007f0062
00c8009e
008a00c5
00b000d5
0097008e
009800ab
00820097
0096009e
00850085
00f900b7
008b008d
00a00081
00c30097
0085009a
008a00c6
01060101
00ae0081
00d300d0
008d00a6
00b100b7
00b300b9
00b600d7
010000d1
0093006d
00ad00a6
00b100b1
00aa00ba
00c0009e
00d20089
00ab00a7
00990082
00a90089
00ce0092
009f00c8
00a500a8
00cd00c9
008f008a
00ad00a7
007e0075
0085008d
00c90081
00bd009d
008c00c7
009b00b3
0099009d
0079008d
0095007d
00d1009b
00a80081
00b500a8
00bd00be
008600c9
00a300a9
00e500a3
00850092
00c10079
00c800e5
00a5008e
00bb009a
008d00a7
00970092
00ae00af
00760097
00be0061
00cb00c9
00a20140
00a800a8
00cd00d0
00790097
008f0099
008b008e
00aa007b
00a200bb
008800aa
007900a0
00bd00c3
00bb00a8
0092009b
00d600a5
00840091
00a200a0
0107009b
00a6009b
00950085
00c0008a
009200a2
00b800a3
009800a0
007400b1
009b00b6
00ee00a2
009100c3
00910081
00eb00e5
008e00a5
00a20088
009900d3
00ad007c
009100c5
00aa0092
00a500ae
00d10082
00a9008b
007e0067
008f008a
009d0085
00a90097
007200b9
00bf00bb
00c3009a
0086009a
009d0092
009700e5
00c600dd
00e000ca
00d500ca
009700ad
0099008d
0089009a
008a0078
008b009b
00920095
008900a2
008c00bb
009f00a9
00a100a0
00960095
00980080
00890079
007a00aa
00b900bd
00b90093
00b10091
008500d5
00790098
007a0085
009b0082
009a0097
00910095
009d008f
008a00dd
009f008d
008f008d
00a50099
00bf007d
00b00092
008000b0
00cb00ab
008000e8
00aa009a
00bb0096
00980062
00a000b5
00a3007a
00a70071
009e00af
008e008e
00990087
0097008e
009a00c3
008300da
00a500c0
00ad0095
00a900a8
009f00b2
00aa00b0
006a00c0
007a0083
00910066
00a900a6
00a60092
009d00cd
0091006f
00b100aa
009500ba
009a0076
00860075
008b00a0
00ea008e
00aa00b2
00d100cb
00b700c8
00990082
009f0077
00cb00cf
00b900bb
00a00116
008b00af
00bb00a7
00b00085
00af007f
007b0089
00a600aa
009f00aa
00910099
00ad00d7
00b7007d
00950093
0090006d
00ab0077
00870089
00900098
00a50081
008900ad
00bb008a
00d20096
008400a8
00720077
008100e1
009200e2
00b1009f
0075007e
00b60083
008f0093
009d00aa
008b0067
00ad00e0
00c5008a
00c600b0
00a60115
00ae00d5
00d800a0
007d0080
0098006b
0085007a
00ad0090
00b3008a
00c200b8
00c700bb
009300b2
00b1008f
00d80096
009f00d8
00ba00b8
00ab00e7
00aa00a2
008b00a9
008900c1
00d70098
006b0059
00a500a2
007b00a1
008f00bd
00b5009a
00750099
007900c9
009e0077
00910080
008100a9
00ab00d1
00d00091
00b800a1
00a00092
008e00a1
008a0098
009700ed
009900a5
0091007d
0099009b
009a009d
009b0091
009900a0
00a90095
0080006b
00a0008a
00af00bb
00bb00a8
00c000af
009200d8
008900a8
0074006e
009100a1
00b600bb
008f00b8
008d0098
009b009b
00a600cb
00db00b0
009300d0
00bd00de
008000ba
009d009e
009f008f
009700ad
00b600a7
00f600e8
00a2009d
00b60083
009900a6
009200b6
009900a6
007d00de
00b70085
00ba0098
00950098
00c10081
0077008a
00b2009e
00f90102
00b1014b
009f00a5
00aa0097
009f0075
00f500a6
00b7009a
009100c3
008e00aa
007b0075
007f008f
009e00b0
009b00cd
00d600cd
00b0007d
00ba00aa
00bd0090
00900118
00a700b3
00e300f1
00b200c8
00a5006c
00ab00ba
00b800be
00c100a5
00ab00bf
00b0008d
0092007c
0088008a
00a70082
00b9008d
009e00c5
008a007e
010600f5
00c300cf
00aa00d6
00810099
008f0081
00c800aa
00ba009f
009a00b7
009900b0
00690088
00b1009b
009a00b7
00910096
00ae0087
00af00a6
0099008b
007b00b2
00da009a
00980097
00af00b9
00b2008d
009800a1
00870093
008e00bd
00930091
009600b1
009f00ad
009b0091
00b80076
0081009f
00a700d9
009f009a
00ab00e5
009d00a8
00c100f1
00a9008e
00a900af
00a300b1
00b900b9
009800a0
00af00a8
00a300a5
008f00a8
008800ed
008c008b
009e0084
00be00be
00b1008b
00c500e8
009500ba
009a0072
009100b3
0073009a
00b200bf
00aa008a
008600c1
00a100a2
00d30093
00ab009e
00aa00a6
00930091
00a000a5
00a300c8
00a500c2
00be007d
00800091
00990081
0076008d
008a00a6
008e00cd
008f0085
0089008f
006d00c0
0097009b
00850087
00b30098
00a30095
008b007d
00ad00a9
00b600a6
00ab007e
008900b5
00b30096
009a00ae
007a006f
00ba0088
00ba00bb
00d90110
00af00a5
00aa00b7
007600c1
00a700de
00a90063
0081007a
00990089
0089009a
009700aa
00c0007c
00b80076
00ed00ad
008b007d
00930076
0096007e
00a900de
00b200b3
00a900c3
009200a6
009b0091
008800a8
0099007d
00b20090
00960081
00c000b5
00b8009d
00a000c2
00a600a9
00ad0050
00bd0091
009700af
00ba00c6
00b00096
00d500b2
0086009a
007b00b5
0085008f
00ad00b6
00b200be
00b500a7
009f00a7
008e00c5
00bf0098
007400b1
0095006e
00c900a8
00c300b2
008d00a1
009700d8
00b30092
009a00a8
008e00a0
007c005b
009d007f
00750076
00a100b0
00c5008e
00b1007f
00910099
00890082
00840073
00820096
00960081
00ab00bb
00fb00a6
009a00a8
009a00c6
008c00a1
008a0082
00860075
00d700e1
00c8008e
00ab0085
009f009a
007d0098
00a30099
00d900a7
006c0096
0091006a
009700ab
009f00c5
00b000a8
00c3009d
00c30090
0096008a
00a600b5
00c100b6
00a90080
008e0096
0079008e
00a100f0
007c00b8
009d007f
009f00b6
00a600a1
00bb00b2
00a500a7
00960088
006e0093
00a20098
00b60068
008a0091
00b200a8
00c000eb
010900a9
00b80107
00a000b9
00a700a1
00c90071
00790085
00a00098
009500a0
00cb0083
009d00c7
0091009d
00b90082
006f00a5
00870077
00ab0095
009b00be
00a300c5
012b0089
00ab0099
007e00ab
00ae0083
00cd008d
009d008d
00c100c8
00c100ab
00d700a9
00a5009a
00af0085
00a900a1
00e70083
00a200be
009300a6
008f008e
00d70098
00d0009d
00ba00b1
009e008e
00ae00a9
00b3009e
00a200ca
00b300a9
00c3009f
009100b1
0082007f
00ae0072
00c6009d
00fd008a
00a70098
00c30086
00a0007f
008f00a7
00890099
00c2008c
00810091
00b000cd
00b500af
009200c3
00bb009d
008a00c0
00a100a7
008c00aa
00b0009a
009300a8
009900ae
008f00e0
009800e5
009e00b8
00a8006f
0072008d
00ab0083
009700a5
009f00b7
00a7009f
00a800a7
00960096
0077007e
00950086
00930093
00810087
00db0077
00a800a7
009d00a5
0091009e
00ae008f
01270182
00f300eb
00ab009e
00b20095
00fe00fa
011d00c7
00d300cf
01060120
00760087
00ae00b2
00d600b6
00c10109
009d009f
007b00fe
00bd00c8
00a50070
0077008a
00ad00b1
00ad009d
00c100c7
008e00ff
00d000b5
0095009a
008f008d
007f0093
0076008b
0076008c
0092009e
008900d9
007f0075
0081008a
00780089
009b0093
007a009a
008200ab
00a200ae
00da00b1
00a200b3
00b80087
008600a8
009000a8
00d6008d
00f100a2
00d700d3
007d00a1
00d800da
00af00ab
009e00e6
00dd00e3
00d5007e
00b200ae
008300d6
009000ae
00ab0093
009f0093
00cf0098
009a006b
008500b8
00c300a0
00960081
00d3006f
009900b9
009800ae
00a100bf
006700ce
00ca0083
00d0009b
00d700cd
00c200cb
00d200a9
00b0009f
009f009b
00b2009f
0077007b
008d00ae
0083008e
00d70087
007300ae
00a80098
00ab00a9
00b2008d
00910075
00ae00a3
00fe0079
00c100aa
00990096
008f0096
008f00b1
00b900b2
009000a3
00a200a7
00b2009f
009d0095
00a2009a
008d00b7
009f0084
00910088
00ae0098
00cb00c1
00b100a6
00a800d9
00bf00b0
00be009f
00950078
007c0085
00bb00b3
00c000a0
008d00ce
00b300a9
009900b2
00ce00a9
00c50080
00da0093
008f0099
00a000ea
00bd0099
0098009a
00c1008b
00a30096
00bd0093
00bb008b
00ab0090
00d700da
008f009b
00a2009f
00c70099
00950090
00c000b7
009e0073
00db0072
00b70093
009700a6
009200d5
00c200b9
0092008e
00a50087
009a00a2
00a200a8
00b50090
008a00d1
009900e3
00990092
00ab00b0
008100da
009e0087
008700d2
00c700bb
00cb0099
00aa00bb
00c6009e
007900c2
007e0095
00b10091
00a100aa
00d000b1
00a800c8
00bb0082
009f0091
00d000a6
00a500c1
0080009d
007f00e7
008200d2
0089009e
00d5008f
00a200d9
00840095
009700a8
0091006f
00950077
00c1007b
00c700a9
00a600d6
00ab00c2
0099009b
008300a8
008a0085
009b0093
00ed00a9
00ad00cb
009900a2
00be009f
00c500b3
008600ad
007c008e
007b0086
00ae0087
00c900b0
00a100ae
009e00c3
0098009a
00a5008f
00a500ae
00ae00af
0100008d
00e600ad
009b00e0
00b000ab
00a9008d
009e00be
00a30083
00b60096
009d008f
00ab009a
01000091
00c10077
00b500a9
006c007e
007f008a
00c100a9
009e00b0
008e009f
00b9009f
00c100a5
00b800b5
00970087
008a0081
009b00d1
00fd008b
00bb00c7
00a000b5
008d0099
00b80096
009a009a
00ff0127
00f000a8
007c0092
00dd008d
00900081
00b500c0
00dd007f
00ba00c7
00920088
00750075
00e200c0
008800be
009d00ad
007e00c0
008500a2
00bd008e
00d50083
00d800d8
00c500a5
008700bf
00a9007d
007b00ab
009f008c
00930083
00a600a5
012700d8
00aa010b
009e009f
008e0089
00b700af
009f00a0
0082009a
00a80077
00c2009d
00aa00a6
009300bd
007900b1
00970072
00ae008b
00b5007f
0093007b
011300a8
009a00b1
009a00a2
00b900d0
009800a1
00a90076
009d00b5
00a10089
0098008e
00a2008f
00c20096
009200b5
00830099
007e00a1
00b600a2
00790080
00aa008c
00ba00a8
012200aa
00b900cb
00a00090
009d00c8
008c0096
00c2005e
00a60092
009b009f
00d900a5
00a200d8
009300e3
007700b3
007700bf
00a800d7
009300ce
00c000b7
00750092
00bf0083
008300d7
00d000c5
00cb00b3
0091009a
009b008e
008e00c2
0091007f
009200bd
007100a3
00a000b7
00b600b1
007d008e
007d0081
00d80093
00b900a7
008c0098
00a200bd
00c7007a
008700b1
009b0057
00ae00b2
006e0086
00af0095
00830082
0087006d
00870079
00810083
00ab006d
00ad0095
00cb00cd
00b900be
00980092
00970091
00b60082
00b100a3
009900b6
00980073
00aa0072
008600aa
009500d7
00aa00af
00ae0086
009900b0
00650055
008c0098
0096009d
00c50085
009100cf
00a900b0
008e00b2
00800089
007600a0
009f00c7
00d500a0
00c200cf
00d100c7
007f00b2
00610097
00c800ad
00db0092
007d0079
009b00a1
007d0088
00ab009b
00a900a3
00fa00c9
00e70113
00a70067
008a0091
00d30093
00a700b9
007a0087
009500ca
008c00c0
00a20092
0084008b
00a6009e
00f60095
00ce009d
00aa007f
00ad009f
00b2008a
009a00ad
006d008b
00960082
009b0087
00a100b5
00b500cb
008f00a2
00b10096
00a7009f
00a0007e
009100ad
00b20098
009d0098
00a700c9
008300aa
009800d7
007500a6
009200a9
009100e5
00a5008d
00e000ae
00bb0099
00b800ab
00920089
0086008c
00a9006a
00b1007c
00b60079
008f009f
00c5009d
007500af
00b200bb
00c900a8
009d008f
007600a6
00ab0097
00c000b8
009200c7
008f00ca
00a800a9
00a10087
007900ab
008b008a
00c500a9
009e00ab
00a10092
00ab009e
00880085
00af00c3
008b006e
005e0091
009e009b
009b00cd
007e0106
00ba00ae
0077009b
00710075
0099009a
0082009a
00ad00f5
010200be
008600eb
00b600c1
00620091
00d100b8
008100a5
0087006d
00d70082
00c50098
00c00085
00c300a0
009100d5
00770092
009d00cf
00c800bf
0095008e
00cb0071
007900a0
00990086
00ab00b1
00ad00af
00990072
006b007d
00820086
011800bf
00b000a1
009b00f2
008c009e
008b0093
00a900ba
00d20097
00cb00b9
009e00c0
009900b0
00b70093
009b00a1
008300a9
007e0095
007700c2
00bf00b9
00950084
00a000a1
009a0085
008900af
009d00a9
009d00e7
008300b6
00b70086
009f00a6
00b30087
00ba00e2
009100b5
00ae009d
00ab0067
00fd00bb
009e00e8
008b009e
008d007a
008d008f
00710085
0073005d
009a008a
00950098
009200b3
0089009a
00db008f
00c30088
00d500c8
00930098
00c30075
009500c3
007d00a8
008f00c2
00b300bb
008c009e
00810095
009300a2
009e009e
00c1008e
00a800b9
00f600a7
00aa009f
00850087
00ab0099
009300d3
00870092
00b7008a
00980097
00bb0089
00b100ab
009b00e2
007d0081
00b500ba
009b006d
009500c8
006e00bb
00b200b3
008b00c9
00ae00b9
009a00ba
00920097
00b900b1
00a300b1
014e00be
008a006a
007800a1
00d100a2
00a9008f
007a00ae
008f007d
0075008a
00c10088
008900cf
0087008e
00a1006b
009300d1
00a90084
0077005c
00b00098
009500be
009e0091
00d300a7
009a0086
0093009e
00c100ba
00780087
0088008e
00870088
0095009d
00d800a6
00d1008e
007400b5
00910099
00bd01b5
008a00cb
00b80071
008e0080
00c5007c
00b30096
00b5009a
008600c0
0093009f
00b000a8
00b70099
00760087
00df0098
00a3007a
00b10091
008b0098
00920087
009b00a2
00a10091
009500e3
00c2009f
00a700ae
00c600a6
009d0099
006e0080
007900b0
01ae009d
00b30127
00a500a6
00ad0098
006e009b
00790097
007e0097
0093008e
008b0088
00a500a7
00bb00e7
006800a0
0093009d
00b700b7
008700a3
006f00a8
008e00a3
00ad009b
00af008a
00ab0092
00c900c5
009f00a2
00a6009e
00b0008b
00eb00f7
00bb00db
00a500b8
009200f5
00c00098
008e00b6
009800a3
008c00da
007e007e
006f007d
006d00bf
008c009f
007d007e
00bf00bb
0082009b
008100ad
009900ad
009700a0
00a600a7
009b0095
00d8008c
0092008f
008a006a
00730062
00b7007b
00be00c1
00a000a8
00a300bb
00bf0091
00980097
00ae0088
00a9007f
00ad00c5
00bf00fd
008a00b5
00aa009a
00a700a5
00a2007f
00750078
00a30082
00810098
009b007a
00c900b6
00bb0081
009000a6
00a100b0
009b0096
007f0093
009f00a8
008b00a5
00b1008e
00a80075
00d700b2
00d600d0
00bf0099
008f008a
00870088
00a50091
009a007e
008c00a3
00bd00b7
00a300b1
00ce0067
00b100b9
00b60077
008700a0
00a60095
0090008e
009f00a9
00ab0083
00c50095
00c10089
00a600ba
00d900f2
00c700af
00ad00cb
009f00a8
00a500ad
00890086
009a0076
00b300a8
0091009e
008a0092
00a800d0
00a0009b
007f00aa
00b1007e
00c100f0
0089009d
008f00a8
00a300ab
007f0085
00b90097
0083008b
00860098
00c300b9
00a300cf
008600cb
00c200eb
00ad00fb
006e009a
0092009f
00b600a8
00b8008a
00a100d7
00a30093
009f007c
008b008d
008f00ae
00b50071
0090008e
00af0098
00b700a5
011f009d
00a800c5
00c800a8
007200ad
009b00a9
00ae009a
007e00ab
008d00b1
00c500ae
00b200be
00b000cd
00c10092
009500dd
00ad00c3
00950095
008d0073
009a0096
00b000c6
00ca0090
009f00d9
00ae00a7
008f009a
00a900a0
00ae00b2
009300d2
00a10086
007d00bd
00a70095
00860097
008b005e
00ad00b6
00c300ae
00a300c5
00bd00b1
00a6008a
007600a5
00bb008d
008b0056
00df00a3
0084011d
006f0084
007c00a3
007d006d
00930087
008c0054
00b300b8
00a00087
00c000a7
009d009f
00d90090
00aa00a3
00b600d2
00f700b8
00ab007b
00950096
008b00cf
006600cf
009300a6
0093009b
008a00a9
00730082
00a50073
00cf00aa
009d00ca
00a50092
007b0079
00d8008a
00c500a9
00c7008a
00900083
00d90093
00810096
00c2009f
00b900ce
00ed00ce
009500cb
00ad0092
00c20076
00c200a8
00a800d9
009a00d0
008400d2
00a100a9
008a00a7
008300ae
0092007a
00a60072
00b500d1
00b300d9
00ae00aa
009100c5
00c600b2
00b300a7
009d00a8
008f00c8
008d00b1
00b000a9
00a300a8
00b500d1
009d007d
00a3008a
00980084
0098008d
00c3009a
00a80101
00bd0095
00d6009e
008f008f
0089008f
00ab00c3
00ea007b
009d00b2
00b7009b
008b00e9
00e300c3
007b00c0
008a00aa
009d0070
009d00a3
008b0092
008b00db
00920092
00cf008d
00a700a2
008d0081
009e008e
00c100dd
007f00b6
00a800a2
00d000e7
008200a9
00a800ad
009a008d
00c500a8
00a300da
008300bb
00af00a0
00870078
00a600b1
008c009f
00c100ca
00890092
00e20074
00a20096
00a0009d
00ad0092
00e50099
0091008f
007b0096
00c1009e
00e20099
0098007c
008b009d
00980092
00cd008f
00860085
0095009b
007e00b9
00a8007a
00ba0092
00a30080
00db00b3
007a00b7
00970099
008c0089
008300a7
00d10077
00a100bd
00d600a9
00b600ad
00ba00dd
007d00a1
009900a8
0080009a
011000a5
00a20098
008f00c7
00770096
00a80098
009200b0
00990097
008a0086
009e0073
00fd00a5
00b800b6
00d70099
008300d3
008c0081
008d00d5
00a600bf
00b3007f
009d00c6
00870085
00a20096
00900099
00c80071
006b00a5
0092008a
009300a0
00a700a8
00a600bb
00a000a7
00850093
00aa0095
00b200a0
008a005c
00990077
00af0089
00c000a9
008e00d2
00a200f6
007d0087
009d00e3
009700b8
00a900ca
008f00b5
00ca009f
00b500a6
008400ca
00a600af
009f00a6
008500ab
00bb0070
009700de
00b600aa
00bd00d1
00c2008a
008400c0
00d900b5
00da0099
00b90080
00a70093
00bf00b6
00a90087
009e0079
00a5009d
00c0009e
0070006e
00b3009d
00890086
00c600aa
008500d2
008700a1
009100a2
00a00099
010d00ab
008d00c5
00870096
00af00e2
008e0099
00b00091
009a00ad
0083009f
00770080
00bf0088
00e500d2
008100e0
00c900a8
0085009b
009900c1
007d0083
00a80079
00ee00a6
00a700ae
00a700ed
00c100a8
00db0099
009900b6
008f007b
00b70091
00c300b2
00b00076
00b50097
00fb0092
00a700d1
006e009f
00b10087
00b3008e
00d6007e
0127008a
008d00ba
009e00b8
00c9009b
007a008f
008b0093
00790050
00cf00cf
008e00bd
00860086
006b009f
0084007d
0096009d
00a80083
008f008e
00a300a6
00a200a5
009d00a1
008b00dd
009f00d9
007000a6
00a50100
0089007f
00890077
009800b5
00c200bb
008500ca
00bd009f
00b2008e
008200a6
00e10072
00f800d3
00920127
007900c8
008f0096
00800085
00a000a6
00860083
007b0093
00cf009f
00ab00e0
00b6009f
008f0093
00bf00bf
00a500bf
0092007e
00ae0096
009300b6
0097008d
00ae0096
009100b7
008900bf
008100ab
009000c2
008a0091
009600a6
00e90078
00ad00c8
01070080
008d00b6
009900a5
00ab00a2
00840082
00730095
00b60092
00aa00cb
008b00a0
00ad0084
008200b6
00aa0093
00ae009a
008c009a
00a10079
009d009e
00a200e2
00c000a5
00a6008d
009900d2
007a0072
00d000b1
00ab0085
00b600cd
00bd00bb
008400c5
00b300df
00990097
00b300a2
0090008e
009b00b0
00c60082
00c800a9
00ae00a3
008e0091
00ce006f
008f005d
00810076
00b500bd
008a00c1
009900a2
00b800a5
009900db
00b200ab
00a10097
00ad00c7
008d00a9
00910086
009d00c2
00a70092
00890087
00710091
007e0091
00a60098
0090009e
009800ae
008f00ba
00b100bd
008e00b7
009700c1
00840058
00a5009a
007e00b7
00990125
00c90091
009e00a6
00970087
00a80070
00a100b7
00a800f7
00d8008e
00b300b7
00aa00ae
00f1009a
012900ad
00b300e8
00820080
006f008f
007700a5
009100ad
00930064
006b00c7
00af009d
00a8009b
00d0008d
008000e1
009d00de
00af00c0
00950086
00a8009e
008e00a0
00a3009a
007c0065
00d500a2
008b00b7
0093009a
00b3008e
00b300a2
00ad009b
00cb00b3
00ad009d
00d2008f
009e00ce
00a700c8
009100c9
00b100b7
009500aa
0081008e
009a0078
00cd00b6
00de00a9
00cb00a7
00bb00b8
007f009b
00d700b8
00910099
00a9008d
00bf010a
00aa00dd
00c900a0
007c00b1
008f0099
008b00a8
00820081
007f0075
00a8008d
00950093
00c100a9
009f009d
007f00b6
00890084
00ae00ab
009b0098
008600c1
00b5008e
010700c1
00b500bb
00960082
00930093
009200f3
009700c0
00a80091
00ad00aa
007a0096
00a00093
00c900b2
00980096
00be00c0
00c00076
00a80095
00ab0093
00a60074
008b00c2
00c000b5
0087009a
008300a9
00960087
007d008c
00770071
00890083
009f0099
00a3009f
00d300af
00690074
00ba007a
00970083
00ca00bb
00aa00d6
009900c5
00a500d9
008e007f
00a300a6
00b3006a
00a100c3
009e00a3
00b100cd
00aa00b5
00c8007d
008d00b5
008f0091
0085006e
0075007a
009f0098
00d000af
00dd00d8
00a500c1
00a30095
009700de
008a006b
00930087
00880089
00be0090
00c60097
00cd00a5
00ae00da
00920132
00a5007b
009100a2
008f0077
00ad008b
007b006f
00ab006d
007d007f
00a8008f
008e006d
00af00b7
008d009b
00b600b6
009d0091
007400a9
008d00c5
009b00a9
00a30097
00770082
00c00079
00b9007e
00ae00a8
0086007f
00a900d2
00c30087
00690067
00ad00be
0085008e
007400b2
008a00b7
007f0086
00820074
0087007d
00b30093
00eb00c3
00a9009d
00c8008b
007e00cd
008100c7
00780082
0074008f
007f007c
009700c3
009100be
00ae00be
0099008e
00c600d2
0091008d
009900af
00ad009d
009800ba
00a80085
00850080
008d00da
00b800c6
00fd00c0
009e00ba
009f0093
008900c7
00970099
00be008a
009d00b7
00f00085
009700d0
00970085
00ab0078
008a00bf
008a0098
008f0086
00d000a8
0083009a
00a100a2
00cd007b
0095007b
00aa009a
00b5008d
00a700c6
007900d0
008900ab
00a500cd
007300ab
00c300a6
00b200c2
008a0099
00e500a0
008e00b3
00a300cd
00850071
00d000bb
00930089
00bb00a2
00a8007d
009a00b8
00b200a3
00c70095
007f00b9
0092008e
008d0067
00d500a0
00b1007d
00cd00bf
00ff00a6
008e008d
009300b0
0082007e
00af0087
00c80085
00c800c8
009d008a
008c00b5
00960081
00c600cd
009200b8
008b0098
0063007e
00aa00ad
00a800a8
00a500d1
00d1008a
009a0096
009900a1
00890062
00d50085
00be00b1
008e00da
00d100cb
00a900b7
00930091
008f00b5
00cd0097
00a30095
00b200d6
009d0081
00cf007e
0089006f
0081007e
00850072
00b500d3
00a700b8
00a500a6
00b700ae
009500ae
00b9008c
00de00b1
00e100ab
0075006f
00a70070
00a200a8
00f900af
00da00b0
009e00a7
007b0096
00a200de
00e200c0
0115009f
012000b9
00d900b2
00db00a3
00c300b1
00d700d6
00f700ad
00e800b3
00790077
0099007e
00b70092
009a0085
009b0096
00ba0091
00af00d1
00950087
00b90079
00af00a0
00e00091
00d200d5
008f00b1
00d6007e
009e0085
007900b8
006d0087
00a6008d
00ab009e
00a3008a
00a800b5
00a60091
0093009d
009f0073
0083009d
00d600a1
009a0097
00a100a6
008600c0
00b200aa
00ae00df
00960056
009600d9
00710072
00ab00ad
009f00af
00ab0081
00790092
0099007a
0098009f
008d00ab
00a600b6
00a300de
009a00a5
00760096
006e00da
007b00b7
008a0079
00e50096
00eb00f3
00c100b2
00e500f3
00af00ad
00b90099
008e00ad
008d007b
007b0098
00c1009e
00980079
00aa00ce
00a600e7
009600a5
00a9008f
009a008d
00b500b5
00a80093
007e00b8
00980072
00bf0090
00d0009f
00bd009e
00b8008b
00f80127
009900a1
00a6008a
008900ab
00c10092
007f00b2
008b0069
00a60062
009900a1
00a9008c
00c30105
00c90099
00960095
00bb00b3
00e200c7
00aa00d5
00670072
00b50078
009900ab
00e20084
00b90097
008600ad
007600c6
00b60078
009500a9
00b700a1
00a90096
00e00095
00a70091
009500aa
00c500a1
00af0088
00c300af
009a00b7
00cf00b0
00b000a7
009b0098
008a00a5
00d600d9
00a20083
007d007e
00a600b8
00b000c1
00e2009a
007600e3
009f00c3
008300c9
0070007f
009f007d
009800a9
00b200d6
00d300c1
00a800a2
00a100cd
008900d2
0081006b
00b90079
00a900ca
00af00a5
007e00b1
00b700c3
0099007d
007900a3
00a300a9
00ae008c
00a20089
00fe00b9
00ad00b0
007b008a
00cb0089
00aa00a3
00950066
00970079
008600a2
007f00b0
00b100b1
00ab007e
00a800ad
008e00cf
0086006c
009b00b1
008c00bb
009200b1
008c00c3
0075008c
00bf00b1
00a100a7
00a70083
00900099
00b000a1
00c9009b
00b900af
009f00c1
008f00b5
009b00d1
00630083
00aa0070
00aa00ba
00a0009b
00a700a3
00ba00b7
00ae009d
008900d7
0085007a
00c00085
00c20079
00a0009f
00ba0099
008500b3
009000ba
008f009e
0056007e
00a50082
00c1009e
00d0007d
00a20085
007a00cb
00ab007e
007c008c
00d70092
006b00ae
00bf00a3
00b2008f
009600dd
008800bd
00aa008e
00b70097
00b50074
00b00083
00a500f9
009f00d7
00d80106
00870087
00bf00ad
009b00b3
00b60096
008a00a7
00990083
00c90089
00c900ab
009d009a
009f00d3
00b600e0
00730087
00cb00b9
00af00a0
00d30099
00a7009f
00b80070
009f00ba
007a00e2
007b00bf
00830099
0098008f
007a0092
00b8009e
0089009a
007e0085
009b00c9
00b70080
00a900f5
007a0089
008600a1
0099007e
00aa00b6
00a200b2
00af009f
00770092
008100b8
007d0086
008800e0
009a009f
008d00bf
009a009a
00a300db
009800d0
007d0084
007f00bb
00ae00d6
00cb00cf
00b20089
00a20075
00da00c0
00860075
00a300c5
009900a2
00b2008d
011900b9
00dd0081
00a600a1
007c0087
009b006b
0090009b
00b200a6
009700b2
00a100ad
00bf00b1
00b0007a
00bb0071
0078007a
00b000a5
00ba009f
009a00b0
00b5008d
006a008d
008a00b8
00830091
00aa0074
00a30088
00e200c9
00d3008a
00920086
00ae00a1
007100af
0092009e
00aa0081
00ea00a9
00d900b1
00e000ad
009700ae
00900089
007100a3
00df00ad
00950067
00850089
00c10098
00ee00c9
00ae00da
00ba00ba
00a60072
008d00be
0091007d
00a60096
00a1008e
00a200b3
00ae00a6
00a500a0
009d00a0
009500a1
00b0007a
00b500bb
008c00a9
00c200b1
00c80091
009d0083
00990099
009700b6
007e007c
009200b6
00c300cb
00ad00ca
00fa00a8
00da00af
00dd0098
00b90088
009b0075
00a10086
008d008c
00a700a8
007e0095
00990087
00a2008c
007e008d
00a6007f
00e000b0
00ce0098
00a3008a
00900099
00c00092
00800084
007d007e
0099006a
00880093
011600a1
00d7008d
00b800c2
007200e8
008d00bb
00ae00a5
009200bb
00920092
009100b6
00a300c3
0099009f
008f00aa
00a100c2
00be00b9
00b700a0
008f00ab
00a000b7
00be00b7
00bd00b8
00c8007a
007a008f
007700a7
0081009a
00a100e8
009800a0
009700b1
00ca00b5
008d0071
00a00079
00cd00c8
00760071
00a700c1
00b100a1
00a000a9
00ae00a1
008a009f
009000b0
009b008a
00bf008a
007e0091
0087007d
00a1009e
00960095
00b10093
007b0098
009e0083
00ad009f
00b60088
00b900a2
00aa00c0
008900c9
00cb00ab
00b0008b
00d600a2
00ba0089
00bf00bf
00b500d7
00c600c7
00820092
00990093
008f00a6
00890060
009d008e
00c500eb
00c5010d
00c500f5
00ae00d0
00a500b3
009900ce
00b800a7
005a006d
00ba0091
007a0099
007b008e
008b0092
007f0096
0079008d
008500a7
009d00a6
009f00a3
00c500b0
008400cb
00b200d5
00b30096
008300c0
00be0074
008a0093
00aa009f
00e700ea
009600a0
008b009d
00950092
00820093
00b500b1
0081004f
00a70099
00f2009f
00a600da
00ad00bd
00ce008b
00ae008b
00a8009e
007f008c
00a0009a
007a008b
00870095
00860091
00b600a1
00910085
007a008a
00920084
00b3008c
00b100b0
010d0092
009600ce
00d100b2
008c0090
00cf0091
008a0078
0092005b
00ce007d
009300d1
00a70088
00870090
008100c0
00aa0098
009d00a3
00cf00c8
00a60095
00f700be
00c90098
009000c6
00af00b1
00aa008e
00820074
00bb0089
008b00a6
00a30084
00b6009a
00bf008e
00cf0091
009b00ca
008f0090
00fe0083
00a5008f
00b700b6
009b008f
00b000c1
00ee00d1
00a000d2
009e0075
00d100b8
00ba00ce
00910081
00b700b2
009500a3
0089007e
00af0076
009b007b
0079009b
007b0097
00b100b8
00b900a8
008b0097
0097007f
008600cf
007a008d
009300a9
00a000a2
00b900e9
00ea00d2
009a0127
0079010f
00a9007e
00a30084
007500a0
00bf00b7
009d00fa
00cf00c3
00a8009d
008c008e
00be009b
006d007c
00b000b2
00c500bb
008c008a
00f2008f
00ae0083
00aa00d5
008600b1
0070007b
008f007d
009100db
00e200b1
00c700a2
009600b6
009800ab
00be00ad
0076008c
00c300b9
00b500aa
00db0116
00ce00a2
0099009a
009d007b
00d20085
0075006e
00a5008a
008f008f
00ca00ce
00a00098
00a6009e
00bb00a9
00870097
00740075
008100a8
00a000c7
00ab009e
008600b9
009a00c6
00ae007d
008100a0
00ab0061
00e90096
008800a6
00ae008d
007f009d
009200c7
00aa0087
00a30098
00bd00a9
009e00d0
00c900ab
00720090
00960086
008a00bb
00b000c8
00b1008a
00d900e8
00860098
009b008b
00ad00af
00a800ab
00950085
00a600a5
00b100a1
00ad00aa
009900ab
00a800a3
00b7008f
008d00b8
00a700e1
00b20089
00b70084
0083009d
00af0095
009500a6
00ad00cf
00b200c8
00ab00b5
008d0082
00db00cb
008100a0
008e00a3
00c30087
00b100ae
00bb00a9
008f00b0
008800be
00b300bd
00930069
007f007c
00a900a9
00b200a9
00b30099
007800d2
00fd00c1
00be00d7
00c3007d
0086008e
00ab00a2
00e200be
009f008d
00d20081
00830076
007e0089
00c10155
008a00a2
00b30093
00b200a9
013e00b5
008700b7
00ad00b2
00aa00c7
00a000d2
008d006b
00a000d1
009e00bd
00d3008e
00b00088
00cf00c2
00b500a8
00750083
00d200c9
00a600ae
009800d2
008900ca
00990090
00a600c5
00ae00b1
008a00a6
008500f5
00a9009d
00ed008a
00a100bb
008b00aa
007d00ba
00b50080
00a8008c
00a200a5
00bb00ab
00c300a9
00a600b9
00830091
00810080
007c0085
0091008c
00a300d0
009900ad
00a100cb
00a800ad
008c00ab
009d00aa
009f0088
00910083
00a00084
00a800c0
00c700cd
00c50099
00a90089
00a200d0
007a00a5
00a5006f
009f0073
00b300ae
008d00a2
00a5009d
00c6007d
0086009b
009000a1
00a00082
008b0088
00e900d1
009500a2
00a9008c
00b000a8
009a00b6
00b80099
00c300a5
00a30092
009b00cf
00ca00b9
007d008a
00a3007f
009100b2
008b007e
00aa00a8
007c00a6
009a0099
00ba00ee
00ff00af
009700ae
00bd0083
00730093
00710067
00a20076
00ba00ae
00ca00b8
00bb00e6
00f900c0
009600c7
0098009d
00b200db
00b700a7
00980085
00bf009b
00a0009e
008d0093
009e00a9
00c2008e
0123008f
00be0083
007e009f
008d0085
008100d8
00ad00c5
00cb00a8
00c000c2
009e006a
007e0089
00a00087
00a800ad
00a200d0
00af00ad
00a50093
00a00083
00930069
009600a0
008900a0
00bd00ab
00ad00a3
00b50073
0081009e
00cf0098
00f900a1
00a300a3
00c800b9
00c10090
008700ab
00ab0081
00b300ca
009a0098
0070005e
00a30092
006f0083
00a500a0
009b0082
00cb00b9
007700a2
0096008b
00a80087
00c8009f
00b600a6
00a90100
0099007a
00b200ad
009500ba
00a900b7
00b10069
00730092
00d0009a
00d000ae
00ae009a
007500c5
0097008c
00920093
007a0070
00890071
00be00aa
00b700ab
00fb00b8
00aa00b5
00bb00b7
008700b1
00a5009d
00770083
00910089
009e00b3
009000d3
008e008e
00a100ce
00c30089
007a0095
00a50077
00d00090
00980087
00980099
00b000b0
008a00a1
00a200b3
00a2008c
00a10084
00b9008d
00a000ce
00b200b6
009b00d0
00cf0092
00a20081
007d007a
009a009b
00b30081
00a500b3
00a000b9
010d0089
009200ae
00e200c8
00c00091
009900e0
00bd008d
009800a0
00d200cf
009500c3
009500e3
00d30090
00830086
0097009a
009900a0
00a30096
00a70080
00b10093
00950065
00ba00ab
00c00093
00960097
008b0093
00770080
008900be
00c500c0
00c20089
007900a1
0081008d
00b7007b
00a90092
009b007f
00ae0089
009500b3
00860073
00ad006e
00900079
007a0099
009800a5
009b0075
00a100be
008f0078
00c00069
00ba00e3
00f70098
008400bd
007b0093
00ae00a8
00b6007f
00a60098
00bb00a5
00c200c0
007a0071
007b00ad
00b600cb
00cf00bf
00aa00ab
008100aa
00bb00a1
00ba007c
0075008b
0086005e
00cf00c1
00ab009f
009b00ae
007600a5
009300da
008a0076
0098009a
00b20098
009000b7
00950095
008e008e
00bf00a3
0087008d
00d2008b
008e0077
009e0082
00a200c2
00f200a9
00a300be
00e500d9
00b80096
00920060
00a0005a
00af00d9
00d90084
00c70092
00d900a7
00bf00ae
009300a8
007e0083
007f008e
00930092
00a90099
007b0095
00b2008d
00c60085
00a600a2
006b00a2
007d0082
00ca0077
00a00083
009300ad
00a300af
00a200df
00b000b7
00a5008d
00830070
007f0095
00bd007d
00a700ae
00ae0091
00bd009d
00890099
00c50092
0096008e
008400c9
00aa00be
00b600b6
00c3008d
008d00b7
00a2009f
008d00af
0081008d
00af00b2
00b500ab
00c8009e
0084008d
008f009f
00a00087
00730090
00890096
00b100ce
00ae0093
009d0092
00c900db
00980086
00a7008d
00d20091
007d0070
00aa00a3
009f00ae
00af00c0
009a00bd
009800bd
008b0092
0087008b
007d0068
00c900aa
00da00c7
00b50092
00ae008c
00c000aa
00990089
00930089
00930061
006c0079
008e007f
008f0074
00b100ae
00ce0062
00e0007a
00a000d6
009600ce
007e00a2
007e00ae
00c90096
009700a0
008d0098
00ae0097
00840093
0095008d
00d10083
00aa008a
00b100a5
009d009a
00bd00be
00ae00b6
00c2007f
008a0085
00980089
008b009a
00a2007d
008d0095
008a00ba
008a0097
00be007f
00890077
00ba0099
00810072
009700af
008a007b
008d009b
00a80073
00aa0095
00ba0070
00cd00df
009e009d
00aa008d
009d009e
009300aa
00af009d
009d00a2
01450084
00a600b3
007900d7
00b000af
009700a3
007a0080
00b700e1
009b0101
0086008d
009500b7
00b90087
00ad0097
0098009b
00a20085
008500a1
00b00095
00c70079
00a300a2
00ae00c0
00b000ba
009900f7
00b7009e
00c00093
00bd0093
007a00ad
00c00093
00c60073
00b300a9
009800bd
00b7009f
0098007d
00b000e2
008a0079
0093007f
00a70071
00ce0089
00a30077
00af009f
007400a8
00a700b1
00c10098
00aa0088
008b009f
00c10088
007c008d
011500b3
00d70097
008f0097
009600ad
0075009d
009700b9
00a3007c
00bd00a8
00ca00a6
007400c7
00b600a8
0091008f
00a7008c
00aa00d3
00a200c0
0098009f
00b300a3
00a9008a
009b009d
008a00a3
00c1005b
00b500a8
00ad00b2
008e00a9
008c00c2
008c009e
00b800d2
00a6009b
010500eb
00b800b6
00de0095
00810080
0093009e
008f00a6
009500b8
008200a3
00960099
00aa00b3
008a00c6
00a3009f
00a000a2
009900a0
008700c6
00bf0083
009a0079
0098009d
00a300ab
00e50099
00ee00ae
00ae00be
00920085
00990083
0086008b
009200a0
0088008e
008600a1
009f009b
009f007c
00d80099
007e0086
00a30071
009100e5
009000a2
00b000c1
009100bd
006f00c8
00a000c3
0096008b
008e00a3
00a000f9
00af00cd
00c100c7
009a00b7
00c6008a
009d00fd
009b0077
00a0006b
008700b7
010a008a
010500a9
00a5007f
00c700b1
009a00ad
01120090
009a0083
00c200a0
00b600c0
00ad007e
008b00b1
00a300b9
00b7008d
0095008e
00a8008b
00e000a5
009f00ba
00e3009e
009800a8
00930085
00a20095
0088008d
009600a3
00d7007a
008100c2
009900c2
00a30089
00b100fb
008f00a1
007e00a2
00ce008e
00830089
007500a6
00d7008f
008200b8
00830097
00b9006d
009d0081
00cd00aa
009d0092
009500b8
00d3006a
00a200a8
00930097
008000aa
006b006c
00c50071
00c1007b
009b0093
00df00b8
008b0092
009100a2
00a0006e
008100c3
00a80089
008900a8
00a30096
00f200d7
009f00b3
0085008d
00d8009f
008b00d2
00be00b6
00aa00ae
00a700d0
00a300a1
00ad0096
00cf00b0
0098007f
00d5006b
00b800a2
00e7008f
007900da
00cb00a8
007e00ce
007f00ae
006f0078
009200af
00b6007a
008700cd
00bd008f
00a7008d
00a200a7
00a70105
008d0096
009d006f
00a700b2
009600b5
0092008e
00f600a2
00b5008d
00ad007a
00680071
009d00a8
00a00082
009b00c3
00a800ba
00b200eb
008600b0
00db009a
009800a9
008500c2
00f500d2
00b800cf
009a009a
00c5008a
00920086
007a0091
00b20077
0083007d
0074009f
00ba0097
00d800a9
00a500b6
009e0097
00d3007e
007c008f
00ba0079
00950099
00ed0070
00ea00c9
00a3008a
009f0098
008b00c7
00910087
00b0008a
00b10083
00ad00b5
008200a7
008700c0
009a00a9
00de009b
00b1006f
00870081
00cb00ba
009b00a5
009000a6
009e00cb
006a00a8
00bb0076
007300a2
00b200a5
007e0101
00870077
008a0090
00a0009d
00c9008e
00b000a5
00ab0099
009800af
009e00ae
00a300a2
008f00df
00c90075
009a009a
0089009b
0084006b
00af009d
008400a2
00bf00b0
009d0090
00bf009f
009e00a0
008700cb
00d6009e
00d6009f
009900ab
00e500a7
00ce009b
00a500b8
00a800b0
00830097
00970097
009b00b5
00dd008b
00e300cb
00ca00aa
00c3009d
00c900c9
00990095
00a10093
007a008e
00ab0090
00bf00b1
00f50093
00dd00ae
009e00d2
00a800bd
008a008b
007f00a7
00c600bd
0081009a
00d100ca
009100c6
008b009e
00c200d5
00a200a9
00d1009f
0098007f
00b300a5
008e00a3
00af00a9
00ba0092
009900ad
00a300a1
00ee00a7
009600c5
00a90093
00a300a7
00e60088
00a50097
00c500af
00c600a9
007c0088
00d000ad
008a00aa
00b700c8
00c300b0
00990083
009300bb
007400a3
008a00be
00bf008f
00b100b0
009000c8
00ce00a7
00cf00b5
00a60087
00870079
009d0083
00a2008a
00d500b5
011100c2
00b600bf
00de00ab
008800b5
00850091
009f0089
00af0085
00840078
00a800be
0078009e
007d00bb
008a009b
00a700a1
00a60098
0065008a
0081009f
00910093
00b0009f
0081008d
00d700a1
009500b0
00a20089
00b60083
00820096
009800a0
00aa00d5
00990091
009e00c1
00b3009e
00a80091
009100af
0093009d
00a500be
00a800a6
00ce00af
007700be
00ad00af
0098008e
00c600a5
009d0086
00b900e1
00a50075
00b2009b
0092009d
00930099
009b0073
00da00ad
00aa008b
00d30118
00cb0098
009900b3
00950082
00e00093
00de0090
00ab0073
009a00da
00e200b8
008300a6
00a100b7
00b80085
009800a2
00ba0097
009b0087
00de009d
00970086
007100a6
00a200c3
0081009b
009f008c
00d000a5
009300a7
00ab0082
00da007f
00d70084
010d0092
00a900ad
00e100b3
008c0067
00a500a5
00a6008b
00a000b0
009d00c3
008b008b
008100aa
00a100c8
00670078
0091008b
00c800ef
00a200a5
00d500d0
008500bb
00d000b1
00890068
009b0088
00a300be
00a600a5
00b800b0
00ab009b
009e0096
0066006f
008e00bb
009b008a
009d008b
009b008a
00a80083
00a90089
00a500b7
009500a8
00a600aa
0091005b
00ab00ad
00d000ae
00be009a
010900d7
00990096
009600c2
00a700bd
0093009a
00d900c0
00bd0077
00b90097
00aa00ce
00aa0095
009300c3
00b500a7
007f008b
00db0083
009a00a6
00aa00a8
00c10087
008b007e
00760083
0092009f
00920098
0081007f
00f30096
00d100ba
00b900af
00c100b5
00b60093
0098007e
00870077
00a300a5
00c100a1
008300be
00ae0093
008d008a
009200b8
007c0082
0089005a
0085006c
009900c5
00f100a1
00c300ab
00a600a0
00b900af
008d00a7
009e00d2
00a800cd
009e00a9
008700c1
008700a2
00b500a3
00a50097
00c300a1
00d200a7
00a9009f
007b00c5
00a500b2
009a008d
010d00be
00de0109
00d90145
009e006d
00a100a6
00f700ad
0091009b
00f80099
00a200d3
00a700a1
00890067
007100b9
009b009d
008b00bd
009f009f
009900b5
00920093
00bf007d
007700b3
00860075
009a0089
00a900a8
00920095
00c100b8
00b500d0
00c700ce
00a80095
009e00a9
00aa00a2
009f00ae
00a6009a
00c000ea
00a00099
00800093
0066007a
00870073
00a100ae
00bb00a1
00a000c0
00a600cb
00a100a8
0075008d
008100b0
007b0076
00c10082
00b500a2
00aa00ba
00c200c5
009600cb
00a00081
008900a7
0075009d
009200a0
008600aa
00f000ad
00a60096
00a1008a
00c300a0
00ad0096
008f0062
00c800b0
00af00d2
00ca009e
009f0098
00970081
007d007b
00920078
0073007d
00b500a2
009700d7
00be0093
008e00b3
009f009e
009e00a0
009b00ab
00a30063
00db0079
00c6008f
00950088
00950091
009f009e
009f0085
00eb008d
00d10087
00c100a7
00b5009e
007e008a
0098009d
008e00b6
00c200f5
00ad009e
00d90066
0075008b
00aa00d1
009700b2
00b500cf
00b000cd
00a100c8
00860098
007e0074
0096006d
00be007d
00c800b6
009200ba
008100b3
0099009a
008100ba
00c6006a
00cf0098
00a1008b
008a0089
005d0079
00d900ad
008800a6
0086007d
00b10065
00b300c5
007d008a
008200b0
00720098
008300b0
00900075
00e00099
00880089
008a0086
00c600cd
00be010b
009500ca
008600bb
00a200e3
00ae0086
00820086
00e70084
00bb008b
00b700ee
00a100bd
00de008b
008a009d
00df00a2
00990093
00be00ba
00aa00a3
00aa00b8
00e100c7
00e3011f
00b900d1
0085008d
00a80074
008500ba
00b100ab
00c30097
008f009f
009b008b
00a100d0
0087009f
00830071
008b00b7
00b6008b
00ca009e
0092009a
00b0006f
008000d7
00a8008b
0065009a
00de007c
00c600d8
00c700a0
00c700b3
00a800b0
00ae00a5
00b00086
009f0083
00d8008a
00ae0081
00b100c7
00a200b0
00ba00a5
00950087
007700a1
00b70089
008a0096
00a300b7
00b000e7
00ae00a2
00a900c9
00c300c6
008f008d
00b30069
008200c5
00a700bb
00d900ae
00900093
009200c2
009500c2
00a2007b
00f20066
010800ba
00e7016e
00a700a9
00a6006f
005e00a8
007d00b2
00a90088
013000a9
00c10099
0090008f
00ab009b
00d200a7
009200a3
0091008f
00a2007f
009b0072
0084007a
009700b2
009a00a2
009500a6
009500b0
00af00b0
00a500c8
00c5007f
00870085
00a900c5
00ba00a5
00f800a2
00a700b5
00cf0099
007f009a
00920085
00c300a5
00ab008b
008800b5
00a900aa
00760096
0072009b
006c0099
009700a9
00e20103
00cd009b
00a200e1
007b0095
009d00a3
00990087
008100ae
00890095
00a800c6
00930087
007600a0
009e0082
007b00a2
00c0007a
007b0088
0093006b
00b6008b
00b000b1
00a2009a
009b00b6
009900b0
007b00d3
00820092
00890075
00f80086
00c1007d
008300c8
00cd00b9
008e00b9
00a700bf
00b2006c
00830079
007f00a0
00a7008a
00cb00a6
007d0076
006b00b0
008b0092
007a007f
009b00cb
0091007f
00a000ad
008c00b6
007d00aa
00b900d2
00a600a8
00a6008a
00a500aa
007e0092
008500b1
008f0108
00cb00c8
00d500b3
00c000e1
009100b6
00c3008f
00ad008b
00ad009b
00d000a3
00c600af
00c00099
00a100b7
00c0009a
009f0085
008e00a0
00b2009d
00e2008b
0099009a
00a00098
00870098
009e0090
006f0084
00c300db
008200b3
009e00a6
008c00a2
00950089
00a800a6
00b0008f
00ae00e5
00d50060
009900b8
009000a7
00a500d0
00c700a5
00df00d8
00c800c7
0098006a
00a900c8
00930085
00af00ad
00f300be
00a200a5
008a009a
006f008e
00a100a0
00a6008c
00c5009e
00a800af
00b200e5
009f00ce
00a6009d
0095009d
00a20083
0088009a
00b00097
00a8009f
00aa0093
009f009b
00b20082
00890099
00a8009e
00a500a1
00ab0095
00be00a8
008700d5
00b500c0
007b0085
00aa00b0
00720085
00c2008b
00ab00ad
00a300a2
009300d0
009500f9
009000a5
008f0087
007600d7
009a0086
00980092
00aa00a6
00aa00a5
00b9008a
00980089
00af00da
009b0073
00ad0084
00b700a7
0097009a
00bf00a7
008200b9
009e008e
009900da
00920087
00b7009a
00e20097
008300a6
008100a5
00b5008f
007600a1
009f007c
008700e0
00ae0096
00d2009f
00ad0092
009a00bd
010900aa
00ab009a
009200a6
009500b7
0088009f
00ab009f
00ba00b3
00e300b1
009000ae
008d00c2
009700b2
0083006a
0090007a
00ad00a2
00ca00b3
009300a9
00d700ab
00a500bf
0081007d
00a2006a
00bd0099
00d900d8
00b300db
00cd00a7
00a6007e
009100bb
00d6007f
00990098
007f00d5
00be00d7
00830097
00b1008b
00ab0085
00ce00af
007c0079
008d0087
00c700b9
00d800da
009a00b8
008700a3
00aa0082
0075009a
009500a1
00a6008e
00ca00d5
009b00a3
00ca008e
00a500d3
00c00097
0092009a
009700a0
007a0063
006d0095
00a200aa
00c500a1
009d00ca
009e00ae
00c70096
006f0092
008900ba
008a00b6
00b5008a
00b300c9
00b90105
00b100ba
0083009f
00b000c0
009e0071
008500b1
00b2008f
008e0087
009200ae
00970092
007c0098
00af0091
00cd0082
00a00087
00bd00bb
00cd00db
00a00099
008400b9
00960095
00960099
009e00ce
00c300a7
00ad00a6
00b200a3
009800b7
008b00d2
00a100d9
00c000b0
00980096
00d100a1
00920098
00ad00a2
00d20092
008700b2
009700a9
00770083
00ab007e
009f00c8
00c0008b
00920080
008100e1
00b80098
00ad008c
00700095
00930080
009300b3
007e008a
009e00b6
008a0080
00ad00ef
00c800bd
007d00c3
00aa0098
00a80097
00a100ab
00d000b5
00a600ad
006900e2
00a2008b
00a90081
009e0074
00b1009b
00ce00e6
008c00ae
00a800b8
00bd009a
00a9007b
008b0088
00920073
00870091
0095009a
00a300a1
00c800af
008d009b
00aa00b3
00aa00a7
008f0098
00c3009e
007e0091
009f008c
00db00d0
00a500a7
00d600cb
00d90091
00910089
00d5009b
00a500d6
008e00a5
00a000a5
008d0080
007d009a
00910099
009a0069
009200ae
00920093
009300b9
00c100ab
009500a6
00c50096
008900bf
00a100e8
00ad00a6
00a50096
00e30092
00cd00c2
007d009b
00a90091
008d0099
007a00a6
009b0099
00bb00b3
00900093
008700a6
00b200b1
00a70096
00b1008e
00830086
00d900c6
008f00a7
00a6008f
00a500bd
00860098
007e00bf
008500a9
008700b6
009d009a
007a009e
00d2008a
006c00a0
00a6007f
00c300d3
0097008c
00ef00a0
00a100a3
009500a2
009a00bb
009200b9
008a0095
009e00ae
007900a2
00860071
009600c0
00b80089
00a20098
00a10087
008100a6
009500b5
00a000be
00680087
008a0077
00a9009f
009b0089
011200d1
008800a5
00a7009e
0095008b
00b70069
00950097
008700ad
00b2008a
00ad006e
00930085
00a200a8
0091009e
010e00c6
00970075
012b00c3
00a60092
00d50099
00cb0092
00e100fa
00a700a5
007a0071
00b600b7
007d0084
009800a8
00dd00a5
008700ae
006e007a
00aa007f
00a9006e
009e007e
008d00ae
008b008a
008e00a8
008f00ad
00b600ce
0091008a
00fa008f
00bf0085
007c009a
008500a9
00b600d3
00910098
00c300d5
00b800b2
007d005c
008f007a
009f00c0
008e00d6
00b300a6
009800c7
00850082
008900b0
00960085
0091005e
008b007d
00bb00be
00b900e5
00a800a9
00b1008f
008900c7
00b50095
00c90095
00b8007d
008f00a6
00a9008f
00a100c3
00a700ab
009b00c7
00b6013e
006b0075
007b00a1
00c000b9
00e7009a
00b700b1
00b200fb
009700ad
00920097
009e00b8
00cd00ca
00a200c8
00a200b7
00d600cf
00a20074
00b20086
00b700ae
006c0086
008b0098
00b900b0
00a000b1
00bf00bf
00b600da
00bd009e
008c0076
00ae00aa
009700b0
00a200a6
00ae008a
008200af
009500a3
00af0098
00930053
00760097
008600bb
00a300a2
009300b2
008100a8
006b00a7
009b0087
009500a6
00c600a9
009300bb
00bf00a6
00b200b8
009a009f
009900ae
0089008f
00ed0067
00a30076
008100ce
00980078
00af008c
009a007d
00720095
00c7008d
00890066
008300ca
007900bb
00a300aa
008e00c5
00e60084
00b000a2
00ae006f
00ce008c
0097007a
00c20079
00a700b9
009700b9
00b50079
00a70092
009200c7
009000a0
00930087
010e00b8
00ca00bb
006e00ce
009100b0
009900af
009e00b5
00750070
008a0085
00890092
00e000b2
00980096
00b0008e
008e00c1
009f010d
007d0098
00c70064
00990084
00b000eb
00a500dd
007b00b3
009b00aa
007d0073
007f00a3
00a200ca
008f00c5
00bf0082
00aa0095
009d00b2
009d008f
00a000a2
00d5007f
00830093
007a009f
00a100b9
00a90090
00be00b3
009300af
00bd00a7
009600a6
009e007f
00c5007b
00d800c3
00aa00a5
00810090
00b10093
008d0098
00d000b3
008e009f
00d700ae
00b200b7
00d500ad
00c500ab
00c300d0
00df0109
008900b8
00b800a8
00c30086
007e0096
00b200ca
00a1008d
00c500eb
007d0085
00c2006d
01060098
00850095
00850097
006900e0
00c90095
009e0096
00970098
00b600d1
00830064
00a200a2
009e0069
00bd008f
00d200ae
00a900ae
00c600cd
008100a5
008b0095
00b000a3
00b700ad
00a800b2
00910095
00910097
00820098
00810086
009e00fb
00aa00af
00b100b9
00e6008b
00a2009b
00c3009a
00c70092
008b0082
00790086
009a0082
00c800b1
00ad00a3
00b80095
00a5009b
00b3009a
00e700e8
00be0097
009f0093
00c9008e
00d1008b
00a800b1
00d500b6
010f00da
00930069
009a006f
00ba0085
00a600aa
009800c2
00b200aa
0074009f
006f0097
00a0009d
00c000d1
009f0092
00a60093
009a00ad
00990087
0091009e
00b60092
00a7006f
00ab00a2
00b000a1
00a300e8
009600b2
009e009b
00960086
00bb0097
008f0077
00b10085
00c90076
00ae00a0
009300e5
00910078
00bd008c
0091006f
00ae00a3
009800bb
009100db
00b000aa
00bf00bf
00a200d0
009800b1
00a200a0
00a10079
008800aa
00e800a2
0097008d
00a8007b
00820083
008300bb
00d70099
008a0069
009b00c2
008d00b0
00b500bd
0096007e
00ad009d
00960097
007d008f
00810080
00b900a2
00db00cd
00bf00ad
009900b9
00980115
00b100c7
008b00ae
00ab009d
00a00091
00ba008c
00b900aa
009d00af
008700e3
00bb00b6
009b007a
00bf00ba
0099008c
00de00bf
00e100c3
00ab00c0
00d200b3
00a000a5
00e800be
007e0099
00de00a5
00af00de
00830093
007f00f1
007b00b1
00d0008a
008b00af
00960083
009e00be
00920083
00fb00c8
00a600c3
009b00a0
00960089
00b900a5
00ad0086
00b9008f
009a00c8
00930093
008a0098
00ee009e
00a300c0
00e500b3
00cf00a5
00a2008d
00b500ad
00b800fb
009600c2
00bd00b0
00930096
00a600cd
0092007c
00c20088
009d0083
00b5009d
00af00ea
009600b7
00ad00a6
009300ab
0087006f
006e007d
00a80076
00a00096
007e0086
00d60079
009d0099
00b700b9
009d0087
00b80090
00a100d7
00a8008f
00bb00ab
00b600a8
00ba00dd
0093008d
00cd0097
008e007f
00c700a9
00a800b5
00ab00a9
008f0099
00a80092
00ad00e2
00920099
008000ce
00b100cd
00cd00b2
00af0096
009700aa
00990093
00b20091
006d009e
00c8007e
00b600a3
00cf00b3
00a000b8
00b200a5
00b6007b
008100b9
0085007a
00c6009d
00be00e3
00c6009f
00af0091
0077008b
009e008c
008d0086
00b80066
00a00095
00b900b9
0084009a
008d00c1
008f00a9
0089007f
00e7009a
00a800a8
00c700a3
00d900b1
007e00b1
00ab009b
0090009e
00b800c6
00990095
009700bf
00aa0097
00b600a6
00a500cd
00b30099
009e00ba
00ae009b
008200a0
0083007f
0096007d
0090007c
008f00b0
009700a0
00790097
008000b2
00b100aa
007b0092
008e00fb
0093008c
00b600b9
00e100b5
00ab0098
00a800ae
00960077
00a30085
00c70083
008900d2
00a50098
00eb00a2
00ab00af
00a500a0
00b50099
009d0056
0092008a
008b0096
009900aa
00a800b2
007b0092
00a800af
00a00090
0098006f
00a80090
00a200ad
008e00d0
00920099
00aa0088
00b500a7
00a10092
00880065
009100d5
008400d1
00910093
009900d1
008f009f
00ab0071
009500ad
00a80097
00860097
009b00b6
00cb0099
008d00a9
00ad00ad
009d006e
00c200d3
00b00086
0080007b
009800bb
00c700a6
00b900c7
00a500c3
00a0009a
008e0092
00bd00c5
007d00de
009600c0
0081010d
009600d0
00a100b7
00be00a7
00c200ae
009b0090
008900e0
00ee0099
00a3008d
00990098
00a700ab
00be00ad
008e00ad
0095007a
00b500b9
009a0095
00b2008d
008e008e
008100a2
008100a3
006d007b
007300ba
00a300ba
00960087
00df00d5
00b5008c
009800de
00cd0096
00a0008b
00ad00af
00f1009d
009900bb
00ae00be
00e00097
007d0096
00890081
00810085
007d006f
00d3008e
00ce0092
008e0098
00cb00b9
00c800b1
008100a3
008b0085
00b00079
0082008a
007a00a6
008b00ab
00a3008b
00a000a2
00a700a7
008600a6
008e0088
00b2008f
009900c8
00a20091
009b0070
00b200aa
009500a8
008a008f
00ae009d
00c700a8
009700ca
00bd0079
00bb0095
0095009f
009700b8
00a10066
0091008f
00930083
00c700b1
00ab00b1
00aa00af
00a20088
009d009f
00d20091
00750093
0091008f
00a7009d
00930092
008f0092
00b500b8
00a800a8
00a500ab
00830098
009700aa
00b700c2
00bd00e5
007600a6
00cf0098
009b0096
006c00ab
009d007b
00b5007c
008d008c
009700a8
0095009b
00720067
0079009a
0077008c
00960082
014500b3
009700b6
009e008c
008600b7
00e100d0
00a70087
00a500bb
009d007b
00e2007b
009f00c2
00bb0090
00bb0089
00a700c6
00970089
009300af
00710084
0086008f
00b300c0
008c00b5
00da0097
00a500a9
00a600a3
00a300a1
00c200c0
00830079
008d00a0
0092008f
00b7008d
00a200ba
008100b1
009300b0
00730071
008500aa
010e008e
009200a6
00cf00d1
00ca00a3
007d009b
00bf00a7
008d0077
00db00c6
00a80079
00b800e0
00ad00b8
009800b9
008b00b5
0086007f
00810073
00c8007a
009200a1
00b0009e
00b300b1
00b9009b
00ab00a9
00c600c9
009e0089
00d9008a
00a6009d
008f00b5
00b300a3
00d70093
009a009f
008a0099
00a9008c
00c30098
00b000ab
00b100b1
00c10096
00a700b1
00be0097
00b300a6
00910096
009f0086
00990096
009a0070
00e200db
00860097
00c100ad
00b800a5
008d006d
00bf00c7
00b7008b
0099007e
008a0069
007000d3
0080008f
009200ab
00960066
00990099
00910087
009b0095
00a200fb
008e00a9
00710087
009b00a2
0081008b
007100a9
00860098
00950098
00a300cd
00c300b1
00cb00a7
00920077
00b30081
008a00a5
009500a9
00b300c8
00850081
00b600a2
00cb009d
00aa00b2
00970082
00af0099
00c500aa
007100a1
00ba008f
00bd00a3
008a00d5
009d007d
006b0086
00c70096
008c0091
00ab0092
008e0074
00ad008e
009e008f
00800081
0099007b
0087007f
008600a3
00d500aa
008a0080
009200c5
008700a3
00a30070
00960083
00ae0076
009a0074
009f00d3
00bb0092
00760089
00a300d2
00a10087
00b3008f
0086008b
009200ab
009d0091
008e0098
00990087
008b00c8
009100af
00a00057
0089009f
00c700a0
00a000a5
009900a9
00ba00ad
009a00ae
00ab0090
00bd00a7
00ae00a5
008800e5
008100b5
009b0080
00920095
00b100a9
00ae00d7
00890095
009700de
008d0092
008d00c8
00ad00d7
00a300ba
009300a2
00b60098
00710062
007e0072
015b00c3
00a700bd
008d00a8
00cf009a
007f0093
007e0092
0091007b
00ab009d
00c0008d
0091009f
00a9007c
008f0091
00a300bd
00830095
00a00089
00a600a1
00b600b2
009100a3
0097007e
00d900d2
008f00ca
007e00ce
00820071
008900a5
00870077
00e700bd
00ba00b6
00dd00b6
00ae0088
00720099
007600a8
00a00090
00920082
00910075
008300b9
006e0093
00b000a6
00ad00a1
00b90089
008a006d
00d000a6
009100b5
00de0092
007e00ae
007a009d
00a300b8
00ce0073
00cf00b8
009300a8
00a800a0
00a100f7
00b900ba
00cd009b
006e006a
0081007a
00b00066
00d200b3
009100c5
008e009a
00b90095
009200da
00a0009d
00870098
009e0073
00d70098
00d60080
00b200a7
00790098
00bb00ad
008d0097
00cb00d0
00eb00bb
00ae008e
009300b8
008100a0
00bd00aa
008900b5
0092007a
00830078
00fa008a
008a00a8
009800bb
0087008b
0065007b
00de008a
009b0092
00d000c6
00d2007a
00b300a7
00a500bd
0096009b
008b00db
00b100a6
009f0085
0109007d
00af009d
00ae00a8
00a70091
00d900ab
00bd00c7
00df0099
008800f7
00830092
008e0076
00f7009b
00b300bf
00da0099
008f00b9
00a600ae
00a70092
00840096
00cd0092
00b200b2
0089007e
009800a3
00c9009e
00b800a9
00b100a3
009a007b
00a700c6
00810099
0082009d
00a30082
00a3008f
009300ae
007f009b
0083009b
00b0007d
00ea008b
00b600a5
00c60089
008600b0
008a00b3
00ab0091
00860071
00de00cf
009b00a7
00960089
00ad00ba
009a00c3
009f00a5
007a008a
008b0087
008c0092
01050097
0095009b
00a500bb
007f00a5
0086008d
00ad00a3
007b008b
00ad00cf
00840097
00a000a8
0090009e
00c00082
007b0097
009e009e
008b006e
00ad00d0
00a00099
00c2008e
008d007f
0086009a
009b0078
0097008b
009a0079
00eb00c2
00b7008c
00a60099
00c20086
008d0085
00a900b9
009300f1
00fd006d
00b7012e
007b0079
00990089
00860099
00910079
00960098
0067008d
00850098
00d3007d
008500cf
00f1009d
00cb0092
00b20093
00b9007a
007300c9
009f0097
00a600b6
00bf00b6
00b00095
00c50075
007400b8
00b2009d
008a00ad
00b20092
006900ab
00900083
00cb00a9
00a20095
008600c3
00ab00bb
00ce00a7
008600b7
009b0079
0087009f
0098009b
008a009d
0087008e
00c800b9
009900c0
00910073
00b9007b
0093008b
00ad00b6
00bd00b2
00c0008a
00e000ab
00b500e8
00910091
00a200bf
009e0092
0078009d
00890093
00750092
00a700b0
009d00b1
009f0083
00830077
00830081
00b70071
009700ba
008b00be
00a1009b
007600a5
00ae007c
00ab009e
00a800c6
00af00a2
009200a1
00b90096
008b0082
0093008f
0078006a
00990095
00760085
007b007d
00ae0082
007c007b
0086007b
00800087
00a300cb
009e0090
008c009a
009a0099
00bb00b6
00c200af
008100ae
00970099
00980078
00bd0073
009a00af
00c800a1
00bd00bb
00b800a8
00b200a3
00ae0096
0098005b
00c900b7
008a0076
00ab00b5
009a00c8
008d009e
009b008c
009d0091
008e007b
00a8008c
00c0009a
00b2007e
0093008e
00750083
00900074
00a900bf
00b30073
00b200c0
00b20102
00af009b
00bb00c2
009f009d
00800088
007f00a1
009000d1
00d200bf
00a900f9
00cb00a0
008a00a9
00ae00d7
00a00081
008800b0
00910069
007f00b6
00b200b3
007e009a
00a700ab
00c5008b
00870092
00d0008f
009f00ab
00bf0089
00a300a5
008e0087
00a100d6
00a500b1
00a000a6
00b500bf
009300a6
008f0071
00a200a7
00950089
007a0095
009500d6
008400ad
007e0078
00de0092
0096009b
009a00af
007b00b8
00b6008e
00a700b1
00b700ae
00b800cd
008e00b8
00960092
009e008f
009b0092
00af0083
008e008a
009700a0
00af008b
00b1009f
00960077
00a900c2
00c900c0
00bf008b
009f00b8
00ae00cd
009500af
00810077
00890083
00d6008b
009d00a9
00e800c3
009100c5
009600a9
0099008e
00a90065
00db0091
00ea00c5
00a000aa
00a8009b
009b008a
00bb00a0
00b700e0
00b10072
00810083
00a7009b
00b300b5
00c600a9
00850091
00d800b2
00a00095
009a0098
00750088
00a00088
009800aa
00aa008a
00790091
00c200ad
00ce00a8
006f0084
00870085
00d100ed
00e100bf
008000e3
009300c5
008500b9
00a500c0
00a300aa
00dd00a1
008900a0
00b8009e
00ab008a
009800a9
00a600aa
00a700d6
0091006c
00cb006d
00a0008d
00e60125
008f00e8
0099008c
00a7007c
00ed008d
00840072
00a000e6
00a500ce
00b000b9
00a900b6
007e00a6
0090009a
00a30098
008d007b
00ad0089
00a1008e
00a900b3
008f00d2
009200a3
009900f2
009200aa
007d008a
009b00b7
009500f3
0088007e
009f009a
007f0095
0095009f
00ae0080
00a60095
00840096
00b7007b
0089007d
0095009b
00c700b1
00b80093
00a0008f
0085009a
009a009a
00b100b1
00a7008e
00a0007c
00a000b3
008f00a7
00be008d
009b0080
00a10085
0084008b
00b000a2
00ba00dd
00a600a7
008d00bd
008a007b
00c700d1
00c500be
008300e3
008e00b6
00bb00ae
00ab00b2
011100d9
00a300a5
007b0092
00a900a3
007d0095
007300b8
005700a5
009a008b
007e0081
0095007b
007f0079
008d00b3
008100d3
007d007e
00a50091
00cf00c9
009900b1
00980099
00a20096
00d700aa
009700b3
008a009e
008800ad
00a70083
00ae00a6
00970095
00b3008b
00c30099
00ab0093
00b300ae
00a30090
00970096
00e00090
009f00a8
00910059
00a50092
00ae00f1
00da0073
00aa008f
00bb0092
008800c9
008a008d
00ae00d2
008300a6
00ee00c6
0085009b
00a70095
00c800ae
00c80099
00c000a3
00c700a2
00ce00e6
00d800cb
00a900b0
00a6008c
009700ae
0087008e
00d50088
00760086
007a0077
00b50092
00b800a5
0087009a
00e20086
00900087
00a000ce
00c9007e
00ca00aa
00b300a8
00ab00a8
009000a5
007800a1
008b00ad
00be0087
00820087
009600b8
00b5009b
00b500b5
00ab00b2
009d008b
007f00d9
00bf00bb
00be007c
00e800aa
00a700c2
00a000aa
00970082
0099008d
009900b9
00a000a5
00a30057
009700b0
008e00a1
00890095
00b900ad
00990093
009f009b
006300b2
0091008f
00750098
008800b5
00c50099
00b900aa
0099009a
00db00b1
00b3008d
00a90097
00b800b7
009f0078
0096007a
00bf008f
008400bb
00c90087
00890071
00760075
009100a5
00ae008c
00a800a9
00ad0098
00910082
00a2009e
00790086
00960087
00a70098
00d900f7
0090009e
009300b2
008a008e
00770076
009200aa
007e0089
008600b0
009b0083
00e90091
00b900ad
00b600e1
00c800c0
00800076
008400a6
009b00a5
008500c2
011d00a9
00ce0096
008800a1
0100008b
009800a7
008b008d
008a0078
00b500db
00ad00c8
00b000a9
008b0093
00a100a5
00860087
00920068
00ad007d
00b300a5
00b000fd
00cf0088
00ab0093
009800a0
00b80099
008d0061
00920096
009f0097
00ad00df
00cb00a0
009700be
00c3009d
009b008e
007500b7
00ad0086
00b200a7
007d00af
008200f3
0091008c
009200a2
00ab00b2
00aa00a9
00a60095
00ae00cb
00a900ad
00af00af
009500d6
00aa00da
009f00ce
00860067
009b006b
00a7009b
0101009d
00a700be
00ae00ce
00a1008e
00b2006a
00ba008a
008200c5
00a0009d
00d800a3
009e008d
010900cd
00c600a1
009d009b
00a00099
0098007d
00920088
00b80091
00b90083
00b60085
008f0080
0074009b
008e008e
00d30095
00ab00b1
009f0085
00bd00d5
00b600b6
009000b3
009000bb
007b00a1
008d007f
00920078
00cf00bd
00d800a1
008b0093
00a30091
009a00a3
00920096
00a20092
00af00a5
009a00d7
0096009b
00d6007d
00b900af
00830098
009d0060
00a500ba
009b008d
00d500be
00b300ba
00b80095
008e0091
00ce0069
00810067
00a700a6
007e0097
00a1008a
00c80097
00be00c8
0092009b
006c0067
00a8008b
00c30083
00cf00c7
009d00af
0091009b
008200ad
00a700c7
0084008b
0098005e
00d200b9
00920093
0091007f
00be006d
00870096
00920086
007b007f
00aa007e
009f00af
00a500a2
00c700a3
00a900d3
00a600ad
009700c0
00c600a7
00a700ad
008100a3
00a800c1
00d80091
008d0092
00910097
0093009f
008300b1
00960115
00ab0082
009600a1
0092009e
00910090
00b6008d
00b100b0
00a70091
0072008e
00b300c6
00960099
00ca00c3
009200bf
009200c9
009f0081
0086008d
00a200b7
00a20090
00610075
00a90082
0081007f
008a0077
006d00dd
00880095
0092006d
00c00090
00c7008f
008f00ad
00960092
00e800c7
008b00b8
00a200a3
00f700a5
009600ca
00af00f9
009a00b6
0087009f
00bb009b
009300c9
009200cf
00a90086
00ae00ad
00b30089
00db0087
009800ba
008100a0
00b3009a
00cf00a5
008d0097
0090008a
007e00b5
00b3009a
00990105
00a1008d
00e00091
00a80095
008300a7
00cb008e
00aa00c5
00a1007c
00960092
009a0081
00af00af
00930083
0091006b
00b80092
00a20093
00970073
00840078
008c00cf
00930087
00810093
00a5008a
00870089
00e000b3
00a100c7
0096009e
00bd009e
008f00a9
008b00a0
00c700b0
009a0087
00a300a5
00aa0078
00c200b6
00c200d7
00ad00aa
00cd00a1
0080007d
00bf00d6
0084009a
009e00a7
00c7008c
008600d8
00920101
0084007b
00720099
00b60142
009b00a5
00a9007e
008d0099
00870091
00990092
008500a6
009e0071
008e00b0
008f00c3
00bf0099
00eb0097
008d00ca
008400b1
00980095
00bf0085
00ca00be
009500da
008c0097
009300bf
00a80097
00af0091
008a00b6
00b60099
009600a0
009600a1
00a1008f
00cf00cb
00a000a2
00d3008f
00c80092
008d00a3
008e007d
009b0086
008e0087
0090009a
00970089
00a30085
007a00af
00a60076
00aa00c2
008900b9
00a0008f
009300aa
007d0097
009e00a7
00b900a1
00b3007a
00a00088
008a00a7
00d200b2
0087008e
006c009b
007c0091
009d006f
00810075
00b300c0
00840096
009500a0
00b1007e
00b00088
008e009d
00970082
008b00ae
00b500ea
00e100f7
00c10091
008c00af
00a0009f
009700c0
00ab00a5
008a0064
00a30092
00a00096
00900088
0090008a
009700c5
008e007f
008b0087
00c7008d
0091009b
00aa00a8
00810089
00a50092
00ca00bf
00b900b9
00a5009e
009b00aa
00c300a7
00b0009d
007200ad
009f00c5
00bf008f
008100a2
0086009a
00850084
008d009a
00c300d9
00fd00ab
00a100b7
00a200c1
007e009f
008c00a9
00c60068
009e00d1
00ab00ba
006600ae
00c100dd
009900b3
007c0076
00af0084
00be0087
0077009a
00a000a9
00bb00b6
009900b8
009200a5
0093007c
00b3009e
008f006f
006d0097
00a5008e
00a700d3
00a00117
00b7009d
009b0099
00c0009d
009600b0
007b009b
00980082
00d0009a
009d00a3
009800db
00c100a9
00c60095
00a30067
00bb00a9
009500aa
00b800b8
00ba00a5
00ca0099
00a2009f
008600a2
009900ab
00a2009b
00b300a2
009200b5
009300c3
00b000de
008a00c0
00c900b7
00cd007a
00ad00aa
00c700bb
00bf0084
00dd00b9
008f00af
00d0008d
009e00c3
0083008f
0090006a
00c800bf
00b000be
00d500a6
008200af
00d60089
00af00aa
009f00fa
0093008d
00870081
00720074
008300d7
00a700af
007d00b3
009e0067
00a00073
010700c2
009f00a6
00910083
00d60075
008d00c0
00a800d7
00a70092
00c70098
00cd00ce
009d00c9
00a300ba
00a700bd
00a30092
008d0093
0097008e
008e00ab
00ce006e
00b70091
00c10086
00a9009b
00b1008f
00a800a5
00a60098
00e20090
0091009e
008c00af
00a000a1
008b00a2
00810087
00a5008d
00a000a6
009f00fb
00930082
00bf00b2
00cf00a6
00f500b7
00b800b8
00bb00c6
00950095
00ad0078
00c00098
009b0091
009500a7
00c800b2
009300b0
008a0087
008500cb
00990096
00a700b2
00a600a2
00a900c6
00760080
009900a8
008e00a5
00a30084
00a10067
00af0096
00a200ba
00c7009a
00b70086
00c0007f
00da00b0
007600c7
00b000cb
008c00a6
00ea0092
008600c0
0079007b
00b300b1
00b000be
00bd00b1
009e00a0
011100b1
008200d1
00d900a1
00ab00a6
00b00085
00b000a9
008d0079
009b0072
00a2009d
00a2006e
00ad00b2
006e009b
006700ab
00920088
007f00aa
00720066
00b7007b
00ad00da
00b7009f
00a700b2
00aa00af
00ae00a2
00a90073
00f1008d
00830065
00a5009d
00b8008e
00cb0077
009700c1
00de00c7
00aa0088
006a0067
00b600cb
009500cf
00a600a5
00ae0095
010000a0
00920082
00810078
00b70089
00ba0092
00b8009f
00b300d7
010300a7
00ae00a5
00a200a2
008e00e0
00970091
00a5007b
009800aa
00b300ae
00a60083
00a000ee
009a00a7
009800da
00850075
00aa00b3
009600ab
00a600be
00b100c7
00ab00c9
00a80096
00a6007e
008a00a2
00980081
00b80075
00b800df
009d00a8
00b30092
007f0081
00a3009b
00a20065
00950091
00ab0098
009900ad
008a0088
009100a7
0075008e
00ad0085
00920081
009300bd
009800b6
009700b6
008a00a9
008f00c2
009e008b
00810080
006e0077
00840070
00b2009d
00b300c7
008a00bb
009a0083
00970073
008000a5
008600b1
00a00098
009100b6
00cf00a6
009b00d2
00aa00ba
009b0093
00890073
0090008d
00b20071
00a3008e
008f0089
009500a2
00af0097
00c600aa
00830079
00980095
00a500c2
00a600e6
00a60082
00b60097
007100b1
00a0009d
007d009e
00bd010f
008300a5
00ee00c7
00d500ca
00a600c3
00bd00fb
00aa0109
00cd00c2
00ae0064
009200a5
00d2009e
009900a2
00ea00a3
008f00a0
00a000a6
00ca0075
008d007f
0098005d
00d000b8
00d300ae
009700d6
00ad0090
00b00083
008b0089
008d0079
009900cb
00980099
00b200a7
00990091
007e0090
00aa0081
008e0091
00c200a7
00d100ad
00a500a0
008a00c7
00b800b1
00a30096
008e0068
00a90096
008a0082
00d700a3
009e008e
008000da
009d00bd
008d0097
00b90095
007500cb
00f3005b
00a7009f
00b200ca
00b8009b
00a300c1
00ce0088
008a00b7
00b200a5
009e008f
00aa006a
009600be
00dd0093
008100b6
00b100b5
008700a6
009000ab
008500a1
009f0089
008500cf
009800b3
00fb00c1
007f00aa
00af006f
00c100c3
00b50087
007b00a6
00ce0093
00ae00be
009d009b
00a7008b
00a7009e
00f9008b
008e008c
00f9008d
00a3008d
009600a2
00a700a7
009b00c3
009f0095
0099009d
00690092
00e100c2
00c500c0
009b0102
009100bb
007b00ad
00b9008f
0081008f
00990099
007700de
009100b2
00b500bb
00be00b7
00cb00a5
00cf009b
009700cf
009900a8
007b00b3
00890089
00a10087
00bb009e
008e0093
007b0072
008000a0
009800d9
00950086
00c200c0
00b1008d
008800b6
009a00b5
00c80097
009d008f
00d9008e
00ca00cd
00af00a8
00b300b2
008100b0
009d00af
00ad0080
00b20073
006f008c
00aa008e
00dd00e7
00c000c0
00a300a8
00b20095
00ba009b
00a8009b
00a900ba
008800b1
00960099
00a100a2
007f00b5
00af0093
00af00c3
009a0093
0086007d
00930075
008c009f
00ea00d9
009200df
007a00be
009e0086
006a0092
00ba0086
00a10079
00910092
00d20081
00ca00c7
00b300df
00c500a9
00a10088
009e0078
009200a9
00a100da
008b00d7
008c00a6
007e0076
006100ab
00af007f
007a00b8
00890076
00950083
00e0009a
00c200a3
00e800af
00aa009a
00970093
00980092
00ba00c1
0097006e
0095007f
00930089
008600a0
007e00aa
00c0006d
00b6006e
00b600d9
009900a6
00a8009d
00900093
009a0095
00930095
00ab0073
007e0097
009a0099
00ef0098
008a00b5
00ad00b3
00f500d1
00af00a9
009e00a9
008e006f
009e009f
009d00c3
007300bf
00bb009b
00a000b3
008b007a
009a0088
00ba0086
0093008d
00f700a8
00b300e7
009b009a
00a0009a
00880097
009200a6
00ae0082
00f10066
00b300b2
00b10093
00a20093
008e0096
008a00b5
008d007e
006b00af
0093008b
007b00a3
00b600a6
00720091
00ba006b
008e0082
008a0095
00c70089
00a3007f
00a500a8
00af00c2
00e800ba
00c000aa
009a00a0
00a7009b
0099006d
00a900b7
00b200d1
00b6009f
00a1009a
009b008e
008200a2
00b900a9
009700b9
00d70089
00b80091
00af0096
00ae00ab
007a0079
007f009e
00950087
00ae00f1
00b50091
00a800c9
009e00c0
008b00aa
009800ca
00d600ad
00db00d8
00a00076
00b900bd
00b000c5
00a700aa
00bb0099
00980093
00b700d2
00970083
0092006b
00950090
00c7008b
00860097
0085009d
00ca009f
00ab008c
00a3009e
007c0079
009200b9
008e007e
008100b3
008f00fa
009b00a6
00970078
00b0008c
00be00a6
00a500a1
00c3008c
00a5007c
00a900da
008e00b2
00b90076
0082008d
00950060
00cd0098
00c20092
00c600bd
00b700c1
009b00b0
00b80091
00b20085
00c00097
008f0082
00a80077
00c10081
00aa00b2
00bd0097
011b00bb
00c600b8
00b60087
00b3009f
008600cf
008a00f6
00a300a0
0092009d
00c6008f
009f00a7
00a2007b
00ae00b6
009a008b
00cd00b0
0092009a
009f007c
009800b7
009300bd
00a1007e
008200c2
00920086
00c200a1
00920073
009e00a9
00b000e6
00c300a8
