015e0147
013b0210
01790185
012100a3
00da00d8
00fd00be
00df0099
00ed00b6
008f00b3
0072008b
006a006b
008200a0
0090007a
008c0075
009e00a6
0075005e
02920190
01390157
017e014e
013b011b
01420169
01350165
01400160
018e01eb
00b5009f
00ab00a5
00da00bd
010a00b1
009500c1
00ce00b0
009b00af
00a700a1
008f01c5
00c500ca
008a007f
00720079
00770087
006a0069
00740077
006d007a
014b00e1
012900a3
013500c5
00ff00d5
00cd00a9
010100b8
00d900fb
00f500f9
0105013e
011d010b
01120159
01470127
01950125
00f2012b
0109014b
01350139
00e80129
01130155
00ae00f9
00c500e6
00e100ab
00a200ad
00a600a9
00b00067
00c80160
01670192
00f60103
00bb0098
00b800b9
008100be
00a600bb
00af00ba
01d702c0
0189019e
0137023e
01350147
0120016e
01520159
0165019b
015b015b
00a70140
00c0011a
007600e7
00a10096
006b0074
0082005b
0096006f
00830086
00d000f7
00d10170
01110145
00c50159
0106012e
00e20122
011f00e2
00d500f9
00b300e9
00b500e9
00e800ba
00dd00ab
00ef00ba
00e100c3
00d800f0
009d00c3
01b70145
013b01b2
00e5015e
0152016b
00f900e1
00dd0107
00c600f3
00f000f1
00df0189
00cb0107
009e00c9
009800de
009700b9
009200e5
009100a7
00dd00b8
00be011a
00d800ff
00a700df
00bd00ce
00eb00c8
00af00ba
00d10132
00ea00c5
010d00bf
00b700d0
00ba00b1
009b00d0
0082008a
00a50081
009600b6
00c7009b
00a200b6
00cd00af
00f200e5
00f500bd
00c600ed
010800db
00ea00aa
00cf00cf
00ea0252
00f700da
007100b1
007200e8
009d007a
007d00a3
0083006f
009e0081
009500d9
00c800a2
00b30095
00a700cb
00b800b0
00f3009d
00ad0098
00b20083
00d30187
00cd00c8
011800ea
013500ed
011d00e6
00e200c3
00f100c6
00dd00d5
00aa00af
00bd009e
00b5009d
009a009a
008300d9
00a100bd
00a200b3
00b500a0
00f600df
012500ed
00eb012b
01120137
00cd0101
00de00f5
00d60106
010a0147
00a80082
010000f8
00a00098
00ce00e0
00970089
00e600ce
00be00aa
00ad00fd
00830071
011e00e1
00cd009b
008e0091
00a000d2
009900a6
006c008c
009f00a1
0091027b
008e0090
00aa00a9
00ca007b
00900083
007f0095
00bb00ae
009f0097
00c700ae
00b500d6
00cf00c0
00a200cd
00a200b6
00b000c1
00a700cd
00c6009b
00f100f7
01490117
0127011a
0165010e
00c300c3
011700eb
00d6012e
0130013b
00fe00d0
00d900d5
00d600d3
00b60105
013500ce
01100116
00fa00f7
010900df
012902b2
01600100
014500f1
0140011d
013000f0
01190119
0159012e
01290135
00dd013b
00b200ed
00b800a0
00d000af
00b00127
00e700c8
01050108
00ea00e0
00f501a9
00c00113
00d100c7
010300ee
011900b7
00ff011f
01300117
00fd0147
00ae009b
00f60122
00dd00e7
00c600b3
00ad00ab
00a700b3
00b300b8
009a00bf
00cf010e
00b10096
00ab00ea
00c500e2
00c800ba
00a300bf
00a90099
00a70103
009500e2
009900b1
00b70092
009e0090
009a0091
00b300a2
00cb00f3
00df0089
013e0167
01290150
01e0011a
01290150
01490189
01770119
01210115
015b0160
0106012b
00fb0101
012700d5
00c700f0
00ca00cd
00ce00ff
011d00f7
00f100df
00ed0137
017200dd
009e00bf
00930088
0089008c
009500a8
0085009f
00a000a7
01e9038e
01c50172
0109013b
01470182
017700ee
016b0155
01ce0159
01650132
00ce00a9
011900bb
009f00c1
00d60100
00ef00c3
010a00c6
00f900b7
00e700fa
009a007d
009b009e
00b10090
009a009d
007c00af
00930085
00a1009e
008500a7
01e20140
01f901fb
008b0132
00a700d2
00f000a3
00bf00e0
00be00df
009e00f7
011f00d0
00cd0115
00ee00c3
00de0132
00e900c0
011700c2
00df0127
00fb0125
00f600be
0157015e
00e700df
00e200e0
00b000c7
00b80116
00a200ff
00e500df
021000d9
021e01d9
00a300c9
009b0109
00d7009d
00c70095
00d90083
007b00a6
014b011e
00de00eb
00f000eb
010600f5
01080112
00f200e9
00db010b
010d0109
0139010d
011100b3
00ef0119
00ee00ee
00e700c8
01080105
00d30110
00d600b9
01c000a0
01e5021b
00b600d1
008a0091
00cd00ad
00950082
0085008c
00a0008b
00d3007b
00eb00c9
009300cf
00720096
0078009d
006a0086
008d0077
00ad0085
01c700cf
018e0239
00eb00d5
00e200dd
00b100aa
007600e2
00ae00bb
00cf0149
00c50152
00e70160
00f900d3
00f7012b
00f200f6
00f600e7
013700c2
010500b5
009500ca
00dd0152
00aa00b1
00bd008d
009300a8
00b50096
009300f9
009a00a3
00ea019b
0113011e
011a00fd
01050152
01170117
0107015e
01370125
015e010d
00d300cf
01210108
00e20106
00ce00f9
011200e9
00ef0102
00bf00fb
00a800c3
015b007f
01f701d5
009f0139
00b800ba
0081007f
0091006c
008d0099
008200b5
00e600e5
00e100d7
00d600f7
00d600be
00c5010a
00e500eb
00fa0115
014500f7
00e000d1
00c000a7
00d200ce
012b0125
00ab009a
00ee00a7
00d600dd
00be00ca
00b2008d
00b600d6
00b300b3
00b700dd
00bd00a0
00aa00b8
00b200b3
00890097
00a200c5
008200b0
00eb00bb
00a8009f
00bb00b9
009100c0
00c100e5
00d900b1
012500c9
00d200de
00f00100
015e00f0
00f000d1
00f300fd
010f013b
00f9014b
01100115
00b900f2
011500ef
010e012b
011800fe
012300fe
00c80129
00ee0132
00a300d1
00b000ae
010800c1
00f900d1
00e8009b
00c1010e
01110110
00d100da
017e0190
01070116
01070123
00d100fe
013e0110
013200ed
01400132
018b0122
01e5016e
010600f5
01220152
00e80106
011000ff
01470103
014b010d
00de0130
01670119
01080170
0127012e
01370117
013e0167
01520122
016701ab
0187013b
01100207
00e10103
00f200dd
014700c9
00c300c5
013700e0
0152010e
00e000c3
01600185
015200dd
011a00e0
0140014b
010e0108
00c7012e
01a50162
01a7016b
00ba00cb
00a600b5
00be00d8
00ae00a8
00f800e1
00a800b3
00c500ad
00d500d0
00b100a7
00c900b0
009700af
00b100b9
00bd009d
009e00c7
009100d2
008000a0
00cf012e
014000fb
00e500fd
00eb0132
011800fe
00e80103
01400107
00ea0101
011b0142
009a00f7
00ee00f3
013500ef
013b00dd
01520115
015900fd
013b00d0
01620187
00e800f3
011f00cb
010d0107
01000106
0127012e
01020108
011d0127
01160121
011700da
010f00f1
00fd0101
0172010d
00f7010b
014e00e2
00e000e0
0122008f
00bf0129
008a00ab
00810081
008100ad
00690098
0071008d
00690093
012500d0
00e300ad
009800f2
00ab00b5
00a90098
00a800e0
00c000cd
00ae00b9
00ae009a
00d800e0
00bf00d3
00cd00d9
012500c3
00a100df
00bd00c6
00c100aa
01220087
01b70199
00ab012e
00ab00ae
008d00b5
00d90082
00a300ab
008100b8
00fb0127
00d80102
00ee00e2
00c10103
00db00eb
00de00b5
00e2011e
010d00e8
0127007b
00d80122
00d100c0
00a8009f
00a7009f
00be009f
00860076
00950093
00df0092
00b100bb
00a200e6
00b700bd
00b90091
00a70087
009d0106
00a700d3
00d800ef
012300b0
011300f6
00cd010f
013b00d6
00ea00cd
00f600e2
00fa00c9
01d00235
01690113
013b010e
012b013b
0105015e
01850149
015e0162
017b0132
00eb009b
011801bb
008e012e
00990078
00ce00d5
007c0083
009e00de
008d00af
010601b7
00ef0118
008f00db
00b800a3
009b00bf
009800b5
00950090
00a9007f
0123017b
011f011d
01550129
012e013e
011800a8
01100115
010e0147
010e0127
00b800d7
00990085
00ce00d0
00c50139
00bf00b0
00c5009f
009b0099
00db0102
00d300f5
00ea0129
011700ee
00e200f2
00f000e9
00d600da
00ca012b
010a00d9
00df0107
010200e3
014900e0
00d1014e
01620121
00f60110
011d012e
01450175
01390118
018201a0
019001c0
011b010a
016e0125
010b012b
00f600ff
01150105
00d800d0
00c300ff
00e100b9
00ce00ba
00e900e6
00cf00c1
00cb00de
012000b3
01050385
018e0160
010e018b
01c70106
00f00123
011500d6
016700f6
00e000f0
00f00127
00d800e7
010300e2
010200fa
00c600db
009a00df
01050123
011d00c5
00ff0116
00bd00cf
00bf00a2
00cf00e1
011200a6
011e00d8
010d00e6
00fa00de
00a80162
00d700db
01090102
012000cf
00ea00ba
00f700d1
00d200d8
00e9009d
01ab00a6
01350202
00bf0150
00b90097
00b200a6
00a900b5
0090007f
00d20087
0132014e
00c100c6
0110012b
00eb00e8
01570199
010d0109
014e0142
013200ce
01c902e5
01de0152
02770135
01f90197
015501cb
01a90155
026901a2
02600202
00f901d5
00d300b6
00af00ee
00e700de
00cf0101
00ef010e
00ed0129
012b00e0
010b0162
00c10113
00d70118
00b70137
00ed00f1
011f011b
0111017b
01590195
00ad011b
00c100ca
00e90113
00b8007f
00c0008f
00f300c0
00a0009f
009700bd
010800e1
013e00e9
00d600e9
00e900b9
00b500fd
010b00f5
00df00e2
00f50152
00ca00d3
00ff0092
00f700cb
00c300a6
00e900da
00c900cd
00be00de
009f00b8
00d600cd
00b100ae
00aa00b8
00c800f0
00d30107
00d900ae
00dd00c5
00cd00dd
00f20187
01390147
013900de
01670169
012b011a
01970107
013e0155
01690157
00c300de
009b00b8
010200ab
00ca00b7
00db00c8
012000a3
00c100ab
00c100fa
00e000dd
00e300ee
00cd012b
00d700dd
00ea0130
00b700af
00ea00e9
010e00c2
00e90132
012500eb
00f30113
01750116
00f500ee
00e900d3
00fe0137
00d200c1
00a600b8
00d500aa
00a200ad
00b200b5
00ba0083
009f00a5
00a3009f
0092009d
00f700ee
00d200e6
00e700bf
00e10100
01010092
00b800da
00db00f3
00f100a8
00ea010d
011200d8
010800cf
00e80106
00cd00e3
00db00f5
01270155
011b00d0
00790069
01160072
007102ee
0071005d
005d0065
00730069
00810092
00720056
00f70101
00ad00ad
00a900ca
00b100a9
00cd00b5
00d7009d
00b50092
00b800fb
00c000d3
009900ab
009700bd
00f2008e
00d900be
00e700aa
00c500da
00b900bb
00d9006c
00b000fd
00ab00c9
00bf00ba
00af0091
00a500e0
008d0091
009500b0
007f0092
00ca00c9
007e00b1
0096007e
00e9009f
0091009e
00a80097
00a600ae
010f0109
011800fe
00f6017e
00ee00eb
00cd010e
00cf00aa
00d500e3
00fb00d2
013e010a
00be0157
010d00f6
019900db
01690106
01a00130
00fb0123
016b00f0
0087007e
014b0077
007b0257
0075007f
00630074
00840076
006d0073
00670076
00d800e0
012300d9
00ad00c5
00c50118
00bb00c6
00ca00df
00c900cf
00e100f6
00a200b6
00c700c3
00ca00a3
00f200d2
00d200f3
00cf00d5
00a100a1
00f300c2
010100c8
00f20105
011d00ce
00e100c3
00bf00ab
008b00d6
00d300bf
00c300cd
00bd00d2
00c90099
00ea00ef
00dd00d9
00ee00f9
013900fd
00bf00e2
011000d8
01400135
00ae00a3
00c800cb
00d600ea
010d011e
011000db
010d011f
010300e5
00ba00cb
00d6010a
00d300c9
013500c3
00c90097
0149009b
00a200c2
00ce00be
00970120
00de0130
00f700a8
00de00de
008e00db
00e200e1
00bb0115
00ba010b
014501ae
00b100e0
00f00121
00f90119
00c10155
010500e5
012e0137
012b013e
00eb00db
00e500e6
00cd00bb
00fb00c8
00f900c1
00f90132
00c000c3
00f700f6
016e0237
00bb010e
01b200f9
012900e2
00f5016b
0125013e
014e0180
00f80147
00fb00e1
00df00c8
00bd00b7
00e500b1
013000c9
014900da
010d00f6
011000ff
010901a7
010f0113
010e013b
00d100fd
00ed0101
010b00e2
00fb00f0
012b0112
011300e2
008500c7
00ca00af
00d90120
00b200eb
00f300b0
011800c7
00c800ea
00b500ab
00ba006d
009600a7
00c100ad
00ff00ed
008100a0
009e00bd
00da007f
01110055
012e00c3
00720257
006b0086
00590077
008600a3
006a0077
0065006c
011f0111
00ed00c5
01020159
00dd00f9
010900f1
00cf015e
00ff0129
00e600ee
00d70123
010200e1
011000ed
00fd0103
01350110
00ed00d7
01230109
00dd00fd
017e0239
019b016b
014701b2
01450147
0160016b
0199015b
0170013e
016e0167
0118008d
00a200ef
008f0101
00c70119
00cd011a
00c700b7
00d1009e
016000b3
00c300d2
00c000c1
0097009e
00d500c7
009700ae
00b100ff
00a300ed
00ca009a
017500e2
01fb01de
00c700cf
010800e1
011500f3
00cf0102
00fd00db
013b0110
00f200fd
00d600eb
00e8010b
00cd00bf
00d300cb
00e8011b
010200dd
00f800d2
0132013e
00be00db
01420137
00f80125
011b0147
013e015b
00e50155
01a90190
00590079
010900c1
00890220
00920080
0092008a
0088006a
00710072
007700a0
010b00ce
00be00e2
00e200a6
00b100af
009f00f0
00b800bb
00c70132
00dd00ea
01750169
01790162
016b0182
01820111
01550121
01400103
017e01de
01a50190
00d00125
00c000af
009300a2
00b300ab
00c200be
00cf00bf
009300d6
00c500ce
01070202
015200fa
00a50103
00c500e7
009800c7
00b800c8
009d00ae
00e000b3
00d300d3
009300c8
00b700ea
00a900b5
00b800de
00ad00b3
009e00b7
00e900c7
00bb00b5
00a300c8
00ba00c6
00ba00c6
00eb00d6
00d100c1
00b300fb
008900a5
0113015b
0116010e
01600145
0121015b
018e016b
016b0121
01b9011f
01290182
00c3011f
009200d5
009700d0
009900a1
008600c8
00bb00ad
008f009e
009f00e2
013b00fd
00e800ff
01000118
00e70170
011800e8
0130010d
012b00f5
00e90103
00d9016e
00c20103
00db00aa
00d500bf
00d700a1
00d100f1
00bd00b0
00e300aa
012300c8
0115010b
00f500d2
00d300f0
00b700b5
00f100b1
00ef00f5
00e70108
010e00d9
0107010f
00f80103
00c600f7
00d900d6
00e800b3
011e00e3
010100c6
00cd00c0
011800e7
00d900d2
00a90107
00ce0119
014200f1
010000ef
00d500ea
01920130
00da010a
00da0139
00d600c8
00f000db
00d900c6
00e500d9
00fd010a
00e600f2
00c30107
00e100ea
00ee00e1
010f0180
011b00e3
01470110
012100cf
010f0155
00b800d7
00fb00c9
00ef00de
00db00c0
00d100f9
00aa00df
00e200fb
00ae00b5
00bf00aa
00ca00de
00be00e0
00c700b6
009800b8
00ba0102
00cf0098
0192012b
015e00c3
010700b8
010700eb
009200d7
00fd014e
01120102
00c70102
00b100b3
00ad00eb
00a600a2
00c100ce
00d000e0
00c300c5
00ef00e9
00a100bf
019b0182
013e014b
011f0227
013e0140
01300160
015b015b
017b01a2
0142010f
00c5006a
00dd013e
007700ad
00820072
0082007c
00aa0059
00660078
0086006e
00cd00ce
00b100bb
00b800be
00f800b8
00cf00fa
00bb00e0
00dd00d8
00c500be
00e8020b
012b00f0
00f100ce
00f2010f
00e500db
0111010f
00dd0135
013200e9
00f300c6
00e500de
00e700ff
00ee00ad
010300d5
00c600d5
00dd00af
00c300eb
00bb00d7
00fb00a1
01370152
012b0125
01110147
00f0012b
0167010b
012700e7
00dd00e6
00cf0137
00d500d1
00b000ea
00c000cb
010b010b
013900fa
00e800d6
00f300d8
00d9011d
00ed00d3
00bd00ad
00db00f7
00eb00ba
00f700f8
00cf00d1
00ca010d
00cd00c6
00d000ca
008200e6
00a00088
00a500a7
00b600c0
00a800ae
00c50111
00ee00ae
00fe00c7
00de00d2
00f100be
00ef00c5
00ee00d7
00c700d0
016201d5
015700e9
015701c0
01520162
013201b7
016e0159
01290157
016e017e
00960090
00df00f8
010300b8
00a000d0
00a7009a
00b900a1
00bb00bf
009300da
00bb00c2
00aa00c8
00b800a7
00a200ea
00a600b8
00a700c1
00a100cf
00f700af
00cb00b9
00d900c5
00e900de
00b700eb
00aa00d3
00ce0089
00c800b2
00d000b6
00f30135
009100db
009d00c0
00ab00ba
00be00c7
00a300cf
00b200e0
00cd0098
01450123
00c00120
00ce0125
01050149
00d1012b
01080115
0129011a
011e014b
00d00089
00bf00bf
00b2009e
00a800fb
00ab00c2
009900ba
009900cf
009900aa
00a201de
008e00a5
00aa0150
00fe0076
00b70089
00b70098
00980097
00b900b8
0170013b
00e100e8
00f300f1
01400107
00f600f9
017000f6
01020140
012e0132
00d100cd
010d00d1
00c100d2
00c700a5
00bb00ce
008f0098
00c80099
00b100df
00ad00b9
00b700e6
009d008b
00ad00d9
00950084
00920084
00980097
00930079
01060149
017b0142
01350127
013b0101
015e0199
011e00f6
0172016b
019700e3
00e000eb
00d900a3
00fd009a
00a600b6
00c00111
00ff0103
00a200c5
00e700f2
00e500ed
00b10092
00a300a0
00d000b6
00c100a2
009e0092
008e00be
00c200f1
01350195
011d00e0
010e00aa
00b8010d
010700f2
00f500f7
012e0120
0129013b
011a02ce
012500ed
013b01ce
013e011b
01350145
01200145
010b00e1
00fb00ae
01300127
01060111
014b0165
01230175
0115010a
0127013b
00fe0127
01290162
011f00b6
00d700e0
00a600ef
009b00cb
009900e7
00f800ea
00a500a1
009600db
01230109
00b300ee
00d800dd
014000eb
010100f7
011700fd
00c90116
01030106
009700db
01180113
00be009a
009200a2
00a100b8
00a800ae
00ba00e5
00a200b7
00cd00a7
00a800a5
00da009d
00bf00db
00d800a7
00e000d6
00d300ed
00e80127
00cd01b7
00c90106
00c30147
00d300be
00bf00c7
00b600f2
0087009d
00b700ca
015e014b
013e013e
01350123
0132010e
017b0169
012201b2
010f01e7
01cb0130
01230130
00b800b9
00c100c9
00f100ae
00b500b8
00c3010b
011d00ee
014000bd
0139025b
01370159
00da01e9
017e0112
0107011a
00e90167
01770137
01350145
01bb0269
02b201ce
011f01d9
021e0190
01b5019b
019501d2
02120152
021701a9
01060160
00e800c5
00ae00bd
00bb00e9
01060165
01850100
010a010f
00c3013e
00e1012e
00e2009a
00dd00a1
00c500af
00e50117
010100db
012900b0
012900ba
01d00108
011300d3
00cd0152
00ea00c6
00ca0130
00ff0106
010d00f5
00ce0157
011800e9
00e00093
00fa0149
00ba00f7
00d700ba
00c700c7
00e500ca
00d500ea
01a50139
01700170
0182014e
01170155
01b90199
018b017e
01ee019e
019001fb
00c90192
011600b8
00ae00ad
009a007f
009f00a6
00ae0081
00d20087
00a00091
013e012b
0127010e
011300c5
00cd0107
00e0010d
00c300cb
010d00ab
011500ce
00cf00e1
011900f2
00f100c7
00e000ea
00eb010d
00db0101
00e900d3
00b900a1
009700b5
00ad0096
00e200b2
00b200d9
009b0098
00b600b7
00ce00c1
00b700e0
012001a0
01920199
00d60150
013700f7
013000fb
00eb0115
00da010a
00dd00ce
00b5006b
00ba00b1
009900ce
00a200da
00a700ad
00ab0100
00f30095
00d900a6
009600c0
009e00b3
00b60117
00b900c7
00c500df
00e600bd
00b90098
00bf00e3
010800bf
010600ff
010300fe
00de00db
00f300e7
010500c9
012b00ce
00c500d9
01cb0097
01d201e7
00de019e
00ab0091
00ba00af
00980089
007b00c7
00ba0095
00c600e7
009200b9
00d500eb
00cd00eb
009b00bf
00a600b6
00de00d6
00e200be
01770129
024e020e
00df00df
00e000ca
00e700e0
00a800c7
00a600eb
00b000a6
00d300b2
00cb00c7
00e500fa
011b00a8
00db00fa
00ca00c8
00de00dd
00f000c9
00c500e6
009d00af
00cb00d6
00be00d3
009d00b1
00bd00d5
00bb00e8
009500da
00f00100
00a7011b
00ca00cf
010600f2
00c200a8
00a200cb
00b50091
00c700df
010f01f9
012b00a1
00c700de
00db00b9
00c100a0
011300bb
010600fa
011000d3
00b100c1
00b700ca
00e800c7
010a00c3
00980099
00ae00da
00c000c0
009a00e6
01000149
00a200f3
012b00d9
0112010b
00d60102
012500f7
00ef0122
00e100f3
00f300f8
00c700d5
01520122
00ee011b
00fb0125
00c9011d
00ff00cf
011e00e0
00b000bf
00f700e5
00bd0142
00c100e0
00a00100
00f100c6
00b800da
009d00c8
010a00c1
00ed00fa
00d70135
00c900ad
00f500c8
00c100f5
00dd00cf
0118010b
010a01d2
01b20182
01490142
01850123
0179013e
014b0149
01900169
017e0117
00bf00df
00dd00d9
010200f5
00c800f9
014900de
00eb010a
00d600df
00f200b9
00e00088
00bd00bf
00be0111
00d50125
0107013e
00e200f1
012e00c1
00e30115
01230121
010a00ef
00ba0100
00ed00e6
00cd00b0
01270110
00fd0101
010200c0
01ae019b
0189012e
016e01be
01620167
01c2014e
01c20159
01c5017b
01a001a5
00e30145
015000ef
00f30112
014b00fd
00bf00db
00fa0139
00f6014e
00e80179
01770169
00df00c3
012e016e
01070129
00ee00fa
00e0011d
013500c5
011d00fa
00de00d6
00d100d9
009600c8
00f100cf
00b500d7
00b600e9
00de00d5
00d30101
01820175
00c200ca
00e2011a
011900e0
00e700ed
00d700ef
018200cb
0137011a
012b0147
0113010f
010900cf
00c300e5
00f80100
011d011d
016e0111
014700e7
00f30170
00e900d0
012b00de
00ed0139
00e5011d
00c90137
015700be
00d70113
00af008f
00ea00e2
006d00ae
00b6006e
00970086
006d006e
009900a6
00690064
013901ab
00c600f0
00f700ef
00f500bb
00ae00db
00f30105
00ff00d8
00ce00e9
00e200a7
00ca00a1
00f900f0
00ad00f3
00a30113
00c900cd
00be00fe
00a700c6
00a5010b
008f0099
00880129
007c0097
007e0092
007d00af
00b60105
00c500c3
0155012b
01470119
00e3013e
011700d5
00eb00f1
00e600e9
00e70117
00f000e2
00f000c9
00d900e7
00bb0106
011b00a7
00ea00fa
00fd00d9
00c60110
00e80142
00ae00a3
00f900de
00b100d8
00eb00df
00f000c3
00c800c8
00f000f2
00cb00d1
011f01a5
00ce00e2
0101013e
00c50118
00c50149
00f3013b
00eb00e7
011b00e9
00b100c6
00ee00da
010000b6
00eb00ee
00f300e2
00d100ae
00ad010b
00cd00cf
00d5012e
00f800e9
00ce00d6
00fe00cf
00c200d1
00f800a0
00ea00da
01320106
01320199
015500e1
00a90115
00db00f8
010d0115
01370100
010100fe
00e500fa
01820112
0159019b
014b0129
01350145
01100160
01420142
01300130
010b0129
0121013e
00fb011d
01600152
01690100
01130101
01890125
010a0127
01e90127
00b00065
00d80101
007900ae
0080009b
00630071
008e00b8
00740063
0071008a
00de0086
00d700ce
00ad00c8
010800e1
00af00b6
00c90106
00b800db
00cf00e2
00f300eb
00de00a5
00d300da
010200c7
00e3011a
01200142
00ff00ba
010000c0
00de00e8
00cd00b6
00e800db
00cb00f9
01350105
015000ef
00d10150
00b900cd
00d3017b
00a200db
00d2010b
00c000d6
00ff00f8
00cf00c9
00de00ad
00a600f2
013b0155
00ee0117
010000d0
00df00ed
011300df
00aa0139
011300e9
010b00ea
00da0123
01290132
010200f2
010100d8
01230127
010000d5
010f00c6
00f700f6
00f1018b
00ff0112
00e70149
0165011b
014501b5
0157010b
01590170
01850123
01570130
00f30095
00af0100
00ce00ca
00c60098
00bf00e6
010700e0
00f80109
01c90145
011d0137
01120172
018b012e
017e0172
01d20160
019b017e
025b01a2
00c800da
009700e7
00ea009f
00ea00cb
00c900c7
00b900dd
00d100b7
00cf00c0
00ad011e
00e900b1
008e00b9
009d00a1
007f00d8
00c200b5
009b009d
00c100a9
009900f0
00fb00c5
006300b0
0082008a
0093008f
009300b9
00b10093
008a007d
010500eb
00b7014e
00b600ba
00f7010e
00af00c1
00f5007e
00ef00ea
009f0107
01300170
019e0162
0116011d
01500140
0160012e
01350135
01200118
013b0147
00d10132
016000e2
011d011e
010800e9
00ef00f0
00e900e0
01400129
01090147
01190149
00b10096
00a100ea
00cf009f
00a20091
00bf0097
00e100b7
00c500b2
008e0145
00dd00eb
00c900ee
00a900d7
00b50082
009b00b5
008400b7
00b100c3
00d70075
00a8009a
009600b5
00a700d3
0077009a
00860119
009a009a
009200ad
0139010e
00ef00a1
00fd00f8
00e000e8
00ff0105
00c200f5
00a50110
01150139
00bf00d2
00f600c8
00a700d1
00e600c9
012100ce
00e900b5
00af00d7
00ef00f3
01160101
00ae009f
00d700f1
00bb00f6
00c9010a
00c600de
00c000d8
00bd00c2
00d000c0
00ab00a8
00990096
00ae0086
008700e3
00d000b2
00ab0110
00b900a3
01320088
00be00b6
00c900cb
00c800b1
00c600b7
007f00d3
008d009f
00c000c0
00f70185
00f600fe
00de00e8
00f500d6
0100011e
011d0102
00f600fb
012300f6
0123018b
014500d3
00fa00ba
00e30123
00df0116
01290107
013b014b
019e00f7
00d200bf
00c000ab
010500b7
00c500d3
010e00a6
00db00ff
00c70106
00ad00ca
00ea00cb
00c600a2
00b900c0
00fa0103
00ad00e8
00aa00c2
00df00be
00ef00cd
00e10101
00fd00ce
00d000c7
00eb00eb
008e00e1
00a800e7
009b00e0
00dd00b3
01390182
00d200db
00bb00d1
00d700b9
00b300b5
00f800d5
00f000e8
00d100dd
00f9011b
00e70103
01110172
010e00f7
00ff0102
01770150
012e0140
01230169
00db0108
00bf00c5
00ce00a3
00ad00c7
00eb00dd
012200e5
00e800ab
00af00dd
00f8011d
00a600c5
00bd00ae
00e200e1
00b900c0
00d700eb
00d500db
00cb0112
01490185
00bd00ab
00b200ee
00bf00cb
00e300e5
00f200dd
00e800d9
00e60118
010a0102
00e500d2
00ba00c6
01150110
00c300db
010300f7
010200cf
013900f8
010000e6
00a100ab
0095007d
00ae0097
00b300b3
00cb00ba
00a80097
00ca00bd
01470145
00df00a5
00ed00c2
00ee00fd
011900fb
01160125
0147010f
01320135
00e001c7
01020111
0112014b
011b00e5
013700d1
0108016b
01570118
016b0115
01490167
017e00ea
0142010a
010f0202
012e0157
01300157
015b014b
01ce018b
012700eb
00b70099
00e3013e
00da00cf
00e30106
00cf00e5
00f500f5
010100c1
00a6009a
010100bd
00d000d1
00a900b9
00be0093
009600c8
00a300cf
00b100c0
00a2009d
00d300f6
00da00e6
009e00eb
00a800c3
00b80089
00a700a7
010800d0
00b30179
009d007c
00ba0093
00860097
00d100ae
00d000a2
00a70086
00c30091
0139014e
014700e9
011200f6
0122017e
01300150
012b0159
01110170
016b0137
007200a1
006e008d
006b0092
008d0091
0069009b
00890079
0071008f
0095008f
017b0159
015700bb
010300e1
0108011e
012900d3
012700fd
01b20177
015200f2
0137016b
012700ee
00d200f1
00b100c1
00c500db
01150159
00c00112
01110145
00b700a3
009300c8
00b10085
00a800af
00a800b3
008500b3
009600aa
00a80079
00c100db
00b800d6
00ce00cd
00e500e1
00d60116
00e300b0
00a700c3
00c900ae
0177018b
00c20170
015e0108
0160012b
00f60162
01270135
01690162
01800139
00f1016b
0139011b
012e011a
01220167
00d7011f
01250135
00bf00ed
00f0010d
00d70167
00fa00fe
010b00f3
011f00c8
00c100fb
011200f9
012000fe
00e500fe
008800b1
00ed00ab
00c0012e
00c800e7
011e00cb
00da00b0
00bf0127
00d600a5
0122018e
00a9009f
00df00de
012000e3
010a00d7
00db00db
012b00d1
00cd0101
00fe0135
01320127
00c200cd
009700de
00ab00a7
00f000c0
00d600a6
00d300c8
00fb00ea
00b900e3
00f100fd
012900c0
011d00eb
00fd010b
00eb00db
011100da
00fe00a3
00e700af
00ad00e6
00b900b5
00be00c9
00b700e3
00b600e3
00da011f
00f100f7
00b30123
00bb011b
00ff00f2
00d300b9
01190167
01400152
010b0108
009b0099
006e008e
0085007b
00a600a5
00b9007a
00890097
006c008a
00a50078
011001e5
01870132
00ea018e
010200f3
01570100
015e00fb
01350157
00ff0160
00eb00ef
00b000b6
00fd0111
00b700e1
00d900cd
00e100f3
00d5012e
010b00f2
01210105
011a00c5
011900da
00ce00e3
00d2012b
00c90107
015500d6
01420129
01070111
00f300f0
00ee0129
00c100ef
00d200e9
00ce00af
00d100c2
00a500de
00f70189
00c8008f
00d100cf
00b200e0
00b6009b
00bb00f7
00b000bd
009100cb
00d100d2
00f300d1
00bd00b3
00d700d9
00b100dd
012e0117
00d6009e
01160116
00db0110
00f700cf
00cf00d0
00bd00b3
00eb00be
00f300e6
00de00e5
00b800cb
01400187
013e0189
01750195
01370175
01320187
022001ab
01110170
011e0132
00a300bd
00dd010b
00d100c9
00e700d1
00d300d9
00d900c3
00c800ba
00ca00dd
00f50142
011200ae
00e500c7
010700b1
00ff00f3
00ed0108
00ef00f8
011000ed
0227028e
01250132
01200135
0172019b
0150016e
0192013b
01de0172
018701be
00f80135
00ea0155
00f200b0
013e00f8
00e300d6
0142011f
012b0117
00db0109
0145012e
00eb0102
00df011f
012100c5
013000e3
011500f8
01110110
01070140
00990090
0086008f
00a200cd
00c0007b
00ae008d
00ba00ba
0088008f
00a300aa
00de01e9
0120011e
0189012b
00ff0187
0120014b
00d90101
012b0125
0109013b
014000c1
00f500e3
00db00ed
00e600de
00d500f0
00e80122
00bb011d
00fe011b
016501cb
01d500f9
010500fe
011200df
013200f5
01210127
01670160
01220149
01e201b9
00fe014b
0105015b
00f20116
01060122
012701d5
01e700fd
016b0152
00fa00f7
00f900c0
016200f6
00fa013b
00fa00fe
011700d2
00e200bf
01000111
014901be
01030150
0140011a
012900cf
01170160
00d100cf
0105010d
00a200eb
00f000fb
00f20107
01180118
018700d3
015b0106
01490125
00cf00ff
01230109
00fa008f
00e1009e
00d900b7
00bb0092
00b700bd
00a000de
00740073
00a2009e
010a016b
015001c7
01170152
012e012b
013e0112
0113012e
0165010d
012b0189
00d90107
009f00d1
00a600b9
009d009d
00a100d9
00cd00d7
00e200e3
010200ba
00b00099
00bb00bd
008500ae
00d100b5
00c100d8
00a700c3
00b800af
009900b0
00b500d9
008600a7
00a600ad
008200da
00bb00b3
00b500ca
00ca0098
00980111
00f500f2
00db00c5
00c100ca
00ba00cb
00f80100
00ee0096
00e00101
00b500f5
00f50117
00ea00c6
00c100e9
010d012e
00cd00f7
00f500e7
011900d6
00a800f8
00e1014b
0129010a
0129014b
011e00d6
011300d2
00fd00de
00c50106
00ce011a
01520120
016900e9
013900bd
01350127
010000f1
01320169
0139010f
00de013e
009f00a9
00da00e2
00ad00e7
00de00d1
00fb00bb
00de00f0
00ea008d
00c900f2
00e900d5
00f900d5
015b00d7
00da00dd
00ed0129
011d0102
00e800e6
00fa00c6
010800b8
00da00da
00a600c1
007e00d9
00c100af
00d900cb
00b300c9
010200ba
00d300c6
009800e2
00c70083
00d600ca
00d700b3
00e500c7
008f00df
00f70106
00ab008e
00ce00e7
00b60119
009100b8
00c800d9
009700cb
00ab00c8
00a700bd
00db0137
012700ca
00f50102
00f000f6
00f900ce
016200fd
012200c5
010600d6
00c800ce
00aa00ad
00a600a7
00bd00cd
00c600b1
00c600bb
00c700be
00e600f3
00a800e8
00af00a2
00dd00ed
010600d0
00a700c7
00a0009f
009d00a8
00e60139
010d00f1
00c600ea
00f300ea
00c700d1
00fe00bb
00c00103
00df00e6
010a010e
016200f1
00ed013e
013500c7
0135014e
01550165
01220102
00f7018e
01030135
019901b9
01600142
017201a0
0116014b
01870139
01a70187
01190195
016901b2
009600cf
00f600ad
00d500f9
00d900b1
010200ca
00e90092
00a300ad
00b200c6
01210132
00d2010b
00bf0132
00d100f7
00ed00db
00db00c5
00d600ce
00b00107
017901c7
00f500ea
01320113
01150123
013b012e
0152015b
00f30142
00fd010d
011101a9
00dd00ea
00ca00af
00ed00bf
00a300fd
00cd00c6
00c600b7
00e500b9
00f200d9
009900df
00e300b9
00d300fe
00fa00d5
010b00cf
00b700ee
00d700c9
00e60189
008e00af
00d000f2
00d300bb
00b500eb
013e00d0
00f80149
0119011e
01770169
010f00fa
00e201e0
01090130
014b0150
01870170
00fb015e
01420185
010900d5
0096008d
00af00b7
00b900be
00a300d7
00a100e5
00ee00b9
011100b7
008b0077
00a200d6
00ab00ba
00cb00c5
00a9009e
009f00df
00c1009d
008500eb
01c201ce
01970187
017901b7
011b0159
020b0175
01920195
01f00197
01490175
00e100e5
011000e3
01320118
00ef00fe
00de0108
010b00c0
00ed00d6
00f50150
0097009d
00c300b9
00d200f9
00fb0123
00f700e0
00c900af
00e100a2
00b50118
00e20106
011a0112
013e00f9
018b0110
01600150
00f6013b
016900e2
00e000e7
01d001b9
01290145
012e0111
01350112
01220149
012b0172
016e0169
011000fe
010600e9
00e00101
00fd0109
012700fd
012b015e
00eb010f
01970103
00f10165
019b0192
01170137
00f7012b
00ee010d
00d60149
01700165
01390152
01070145
00d70137
00f90122
00a90102
010300f3
00d600ed
010900df
011100ed
011800df
00c200e3
00c1009f
009900a9
00b1009e
00b300d9
00ae00b1
00a500a2
00c500d2
019b019e
014e0108
013b0121
01bb0150
01b9013e
01920182
012e0139
01890187
00cb00fe
00bf00e1
009b009a
00c900b1
00f500ca
00be00e6
01090097
00e100f5
007900b2
00960096
00a600b7
007c0064
00960087
00830087
00aa0073
0072007c
00bf0119
00d200b8
00e200b0
010200b7
00d60140
00eb00f9
00fe00e5
010200bb
011b01de
01350149
01170119
014e016e
013b0185
0165016b
01700135
014e015b
010501ce
00d100d7
00ce010e
00fa0103
00d1010d
010500b7
00f100de
010000d3
00e300de
00e600f0
00c300dd
00d200dd
00d100b9
01080118
00f80100
010200cd
00fa00d6
011000ef
015900cd
01000110
00f900a5
00d80152
00cb00c6
00aa00f2
01520137
01520103
01060129
01420100
010b0130
010100ff
01050132
00ef00d3
01d50170
00f7010d
01620187
0108016b
01400132
015e0150
014b019e
01720189
00f001a5
00ed00c6
00c100b0
0129010e
00c700db
00e900d5
010f00ce
00d30125
00b70142
00e500a3
00c000d6
00a60097
00b800ae
00a000b5
00c200a2
00b800c0
00b700e7
010000d9
00a000df
009200a8
008b00be
00b70093
00ae0086
008100a7
00c000bf
00ba00e8
00b20118
00ca00d5
00c200ff
010500f1
00f200d8
00e200f0
00df0117
00a300b9
00d100e2
008e00b3
00a000bb
00e100f8
00e700b8
00d000cd
00b1007f
012900ea
009d00b5
00c000c0
00a9008e
009e009e
00b700a2
00c20097
0100013b
00d60189
00e900ca
00bd00d7
00ea00f7
00a600e7
00fe00cd
011600e1
0160013e
010a00cd
01750129
014000f5
010b014e
0119010e
012000dd
0149014e
012700d0
00dd00c8
00e500ff
013e0120
013b010a
011500e6
01150122
012900eb
00f60150
01160107
013700c8
01210109
00f60130
01190112
0103011e
015500e2
00cd00c8
011300ad
00e900c1
0159010b
00de00ce
00ef00af
012300fe
00f000cb
00b9011e
013900ef
00ea00fe
00ca017e
014e00dd
00de00a5
00e300de
00d20129
00b1008d
00650068
00810074
00c30081
009d0079
00a60099
00980073
00790098
012e0182
00c500d6
00ee00f0
00d900da
01210102
01100132
00e700f5
00fe00cf
00d10170
008d0080
008100ab
00ab009d
00c60083
00a5008c
00c600fd
009f00db
011100ff
00f3010b
00a100bf
011500d5
00f700a1
00b100d6
00ce00af
00bb00c9
015e017e
00eb017b
012b0165
0150011e
013900e0
01390145
012b0125
01160135
00fe00d9
00c800b3
00f000fb
00d900ef
010000ee
010000ad
00bf0100
010f014e
00d100cb
00d500e1
00ed00d2
00b200ba
00ee00c5
00ea010d
00b1009e
00c000d6
00b8008d
00ab00de
00aa00b8
009b009d
008000e6
00b80135
008f00a2
00a6008e
01a90189
01b90177
015e016e
01820170
013b0119
013201a7
016901a2
019501ab
00d200a0
00a900c0
00cb00cb
00ba00db
011f00ca
00e200fe
010300f5
00dd0109
00ff0157
009700ba
00be00c2
00db00eb
00f200cd
00b800ad
00c100b5
00c300c0
016701f5
01300170
01600139
01210170
01a00130
01490180
0169012b
01820152
012500d5
00eb00e7
00c7014e
010700d2
00f200c0
014200d6
013b0123
010d00d9
01190155
00d000a1
00d900d2
00cd00bb
00e500cd
00b60101
00d700cb
009a0103
00d60095
010500c5
008d00b9
00a000d2
00bb00a5
008b0096
00d800ce
009800bb
00c200c0
00c00081
00a3008a
00b600a8
00d600ad
011100ad
00d900bd
00cf00d5
00d60135
00df00f9
00ef00b0
00a30107
00a700af
00bb0107
00e30101
00c300e1
00e80130
00cf0125
00e1011a
00de00ee
00c10112
00c900c3
00c500de
00fd00bb
009d00c1
00c700e2
00bf0113
010500fb
00cd00b3
00ce00c1
00bd00b1
00d000b7
00ef0116
00d900e5
00f900ef
00f600d5
00db00fe
00d700e3
00f000f1
0142013b
0147017e
011a0111
013b011b
00e90112
017b013b
0147018b
0197018b
01f701bb
01370118
011f0149
0149013e
0145010e
01320165
01f5015e
01b70175
018001e0
011d0117
00d600e8
011f00f1
00de0115
016700cb
011700ff
00ed0150
00fd00d8
012900eb
01770103
0160014e
0121010e
01170111
010100fd
010d0116
01550103
0152010d
011300e0
01210150
01220113
0101011f
014900dd
0182011a
00ea014b
011900ed
0108012b
00df00e9
011a0102
011b0101
011000f2
012900ef
01350107
00a1009e
00b000d9
00ba00da
00da0105
014000c8
00af00d5
00b900ed
012500b8
00c00109
00d30090
015900a9
00a20097
00e300c3
00ce0096
00cd00a5
009a00f7
00d200bd
00b600a9
00ad00de
00c900c2
00ca00ed
009200a9
010500d3
00ad00bd
011801ae
01010137
013900b5
01060135
01120172
013500f5
013b014e
01030135
007900b8
007b0074
00ae00c7
00ae0093
008c0077
00bf00ab
008e0098
0092007a
00ce00b5
00df009a
012100c3
00a30093
00de0097
00e600c9
013700c9
00c200e7
00d500be
009500a8
00a0009d
009700cd
00c200d3
00da00d3
00d600a3
00c700a7
00ea00c6
0123011e
0175013b
01290165
0165010f
012b0140
015b014b
01500155
00d700ce
011f00b7
00b900d1
00f30106
00ea00ba
00c70105
00f500b8
00bf0120
010e0289
01470152
01030140
01620100
01050118
00f80110
01750107
01000139
008a007d
010500f9
00ba00a6
00c100c5
00d800be
00ab00c9
010200c7
00e500b3
00d300d0
00d100a0
008600bb
00a900bb
00be00a1
008300c1
00b90097
0097008b
00b800a3
00b200cf
011a00c8
00b900b6
00db0109
00e100c1
00ee00e8
00eb00f8
00ca0086
00ea00c7
00a10091
009f00de
00930096
007a0089
009700a7
00a200a0
012b00be
00ef00da
00d100d6
013200c9
00f000e9
00e50108
00ef00de
01300101
00e500e0
00e900d2
010b00e9
00f200c2
00e800e9
010100c1
014e00da
00a500e5
01470145
014900ef
010f0107
017b0172
01420127
01190149
013e0137
011a0106
016b012e
010f00fa
01190103
01650119
01200129
00d20127
01250130
01870139
017b0117
014b0129
013b0137
01a700f0
0109011a
01000103
00fa0190
015e0155
012000e6
010300bd
00e900f9
014b00f6
00ee011f
00e500fe
01070149
012e0119
00ef00d0
00e900be
011500f6
00bf00ad
00d80129
00e700f1
00db00fb
00fe00ca
00bb006a
00e000f7
00a00092
00b100a0
00820127
00b800e1
00c60097
008700c2
012e0147
00ef00d7
01470145
0157012b
0132017e
018200e0
01250127
017e0111
00a000b9
00bd009a
00bb00a3
00e600d0
00b3009a
00bf00c1
00db0103
00e300cd
00d20135
010e00e3
00ed00cf
010f01a2
019e0140
01690116
00e60129
00f90177
0118012e
00ff00f0
0130012e
0185013e
016b0135
01220145
00f60177
01800155
00e20120
00b600a2
00ad0092
011500c6
00be00b3
009800a2
008000da
00b600de
00dd00ca
00d8008e
00a300a9
009e00a7
009e00bb
00b300c3
00df00c0
00b700a5
00b00111
00f100b3
00f30100
00d800b6
00e700bf
010000d9
00f600f9
00bf00cf
015e01e2
011000df
013e00fd
00ea00f1
00d800eb
010300f7
01520113
012b00ff
00830081
011e0098
00b2010a
00c500e3
00f100a8
00a000b8
00d500d2
00a9008f
00bb00b0
00b000b6
012100da
00cd00c6
00e000c1
00b700c2
00c200c2
011000be
00b800ba
00be00ef
01180169
00de0118
01070111
00e500f8
011500c2
0132011b
014901a2
00e900fd
013b0139
0182012e
01720147
01320159
014000ff
01080195
00b200da
00b000b9
00ca00ab
00c700c7
009500e8
010500fa
00c800ce
00ca00a3
00ef0108
012900b9
00d900f9
00c800f0
00d800f9
00e500b0
00ee0129
00fd00df
01f5014b
01080160
01550182
019201a9
01400109
0135014e
015e0149
0132017b
00fb00ff
00ce00d1
00a300ad
00d500af
00ae0107
00f300cb
00f000b7
00c700ea
00fe0140
0121013b
013200e1
01320132
01320145
00dd00e6
0101012e
01500180
01060116
00f800f3
012300f3
00e10113
00d500d1
00d2010b
017b00cd
00f30109
00b900ea
00bb0097
00c800a6
00ed00b3
00b700f2
00ef00c6
00d500e0
00e000a8
00d700c8
012900db
00bf0113
00ce00b3
015200cd
00da00e0
00fd0130
00fb0106
00f90157
00c50130
00c900d1
00c50123
00a70099
00aa00b3
00d100fa
0111017e
00ee00cf
011e00d0
00c300e2
00e300c7
011f00cf
01120137
011100e3
00bf0142
01850249
012701a2
01090130
018e0189
01a20180
01cb0195
01670162
01ce0179
00c900c0
00e600f9
00c30110
00c900ed
00d10118
00f700e8
00b600ca
00d200b3
00d300fa
00f70125
00e200f8
0118011f
01320187
00f20135
012e010f
00f90132
01450269
01590160
00f70142
00f50111
012500f3
01550137
0132013e
013700f1
015e0152
012b00c9
00e300a9
00f000d6
01010129
00dd010a
014000e1
010f0130
008f00c2
00ed00ea
00dd00f3
00d900be
00ca00e0
00d200c6
00da00ca
00c500d5
00f500fa
00c600d3
00d9010e
00fd00c0
00f600c8
00e300e0
01390108
00d10118
00e00147
00e000ff
00ff0113
00f50122
013e00d0
00f5010f
011d0127
01010101
00970107
00c700b8
00ee0112
00cb00b7
010000f9
010100d7
00ce00d9
00e900f3
00fa0129
00de00fd
016200ce
010900fd
00f80103
019000e2
01190135
015e0127
010a0109
00cf00aa
00bb00d3
00fe00c1
00aa0100
00e50101
00db00ea
00e80106
00f900df
0125016b
00eb00e2
01450121
00e800e3
013500b8
00e600ff
00f60142
00af00ed
00c100df
00b100f0
00de00ea
00cf00e8
00cd00fb
00fb00d2
00e000d3
00c200a5
00ae00b5
00af00e0
010300a1
00d700c1
00cb00e5
00a7010f
00a800a3
01170093
00ad00be
00d500d2
010a00f2
00fb00af
00ed00c8
00e100b3
00d300c7
00ba00aa
00de00cd
00ae00b0
00db00bd
00a100b3
011200cf
012e00b0
00d900e9
009b01a9
00bd00a0
00a60127
00a600b6
0086008e
009200c8
00b000a3
009f00b5
01300169
00cb0109
012e00e7
00fd00d3
012500d7
01720123
011a0111
011d0185
02800147
016200f1
01370120
012e0175
01670113
01180165
011e0197
014b0122
011700df
00f900c8
00fd00d3
010500d8
00d500cd
00c5010b
011e00b6
00db00ed
00ff01a5
00dd00eb
00e30175
00d000c3
009900d1
00e800cf
00bd00ba
00c800d9
00f300de
00be00d9
00c100f3
00d500cb
00f000e3
014b010b
00d500e8
00ea0100
011a0125
00ce00c0
012100c5
00e600fa
00e9014e
00e200c3
010100f7
00e700b3
00eb0147
009000b7
00ad00a2
00b500f5
00b500ea
00b600a9
00eb00cd
00a700e1
009500b5
00e1010b
010500d2
00ae00e1
008a00c0
00b000d1
00b500b2
00ed00b8
00ba0067
0120010f
00920095
0061008b
00b80090
00670085
006b0082
00920079
00d50139
00cd00c9
00c500ef
00db00ea
00e000c9
00c900fd
00bf0098
00f500b1
00ef00cb
010f010b
01190172
00ef0113
00eb0102
00d70100
01210107
00f20179
00c500a5
00c3008e
00c600da
00ce00cb
00df00be
00b80112
00c30100
00d900de
0150014e
009100b6
00f800c5
00b200b8
00e800ca
00ca00d1
010500df
00bb00cb
01500142
010900e2
01290101
01370160
010600ea
0120011a
01520130
014500ee
010001a2
012200ea
018b01b2
013500e8
010e0160
014b0107
0137013b
016700f0
00e90177
00db00bb
013500d3
00ea0121
00de00d8
00c900f7
00d1010b
00da00f6
00c200e8
00ba0105
007c00c2
008f00a0
009900bd
009200b5
006600b1
008b008e
010d0189
01290119
0121010d
01570100
011600f3
01a20119
01220180
01450119
027b0217
016e0135
00f70157
0199011b
016e0142
018b0159
01b50160
01620137
013701eb
010501ce
00f50110
00d50145
01950192
00ee0160
01390123
0172010b
0120012b
00ea00ba
00d900f0
00ca00c1
00f000f5
00ca0101
00d8015b
00b20112
013e0142
01500100
01850142
0175014b
01500152
01270165
0150019e
01db0140
0199013e
01470142
00e60129
013900f1
014700e5
01100122
011800f7
00ff00ea
011b01ce
012900ee
0127014b
01590169
01750149
013e0185
01520189
01520180
00b70071
00d30105
009a00b8
00c6009e
00b000a0
009500a1
007b00a2
008c00a0
016500c3
014b0187
00ba011d
00b300a9
009a008f
009500b2
00800091
009300a5
00eb017e
012900f8
0129013e
00fb0109
011e010b
014e00fd
01470195
01500123
01270187
017901d5
01520115
00f300e1
01d50132
01350170
012100fe
01420129
01270100
00f500e8
010e0107
014e00fb
012700bb
017500f9
01320170
01390145
010e013b
0182011a
01060115
01690105
00fa010e
013900f5
00da00fa
00fa016b
011201b2
017b0145
01000118
00fa00ee
017200d8
01250130
0125010d
0189015e
00d700a1
00cb0101
00b300a3
009e0099
00990086
00a5009d
008d009d
009900c3
00da0145
010f00e1
00b8008d
00ea00f8
009e00f6
00b100fa
00ce00c6
00c000ed
00e000fb
011000f1
01100111
010d0122
00f300fd
0117010b
00f000e6
01400118
015b010f
010000fd
01010119
01020132
0103013e
01150187
019e011f
016501b9
00a200ae
010700d1
00c100d8
00d800a7
00b5008f
00b000d9
009a0096
00cf0098
012300ca
00cd00c8
00d800e5
00b700d2
00b500e3
00bf00a7
00af00ce
00e000c8
00fb0121
00d100c3
00c000bd
011600f1
00c20125
00db00ce
00df00ee
00b700f2
012e00f7
00db0122
00d800d2
00d700f0
00e200c8
011700d2
00d900ef
00a600c0
018b016e
00fe010d
01210152
01650149
01020152
014701b9
01570159
019001a9
01c00120
01180103
00f3013e
00f600f5
00f20139
01300103
01270159
00f700fe
020b01ab
0147015b
019e0135
011301de
016901b7
017e018b
01990152
0175018e
00f800b9
00df00f8
00d700df
00d900f9
00bb00b6
00e800c2
00df00cf
00ad011b
00ee00b1
00b600aa
00c300d6
00d200e7
00dd00f7
00b300f6
00ea0100
00a600e9
012700bd
00d500db
00d200bf
00d900d3
00a300d9
00e7011d
00da00e2
00e600d0
00d000de
00cf00f7
00f80149
01030102
00b600d3
00e600fe
00ef0137
00db0107
01160140
012b0169
01130150
01390160
0113011b
01180101
010a0120
01090130
0110012e
010000df
00d500d7
00d000b7
010a00b6
00c100e5
01790145
00f90152
017001a2
01750112
01b901a0
010d0111
01470106
015201db
015b0135
01400167
00e200d8
00d700ed
00b2009e
010f00c1
00bb00be
00c50093
00aa00ae
00d50087
01210139
00be00df
00a100ff
00dd00de
00e80095
00df0106
00ce00fb
00e700a2
015b0108
00ab00bb
00a200cf
00d900e6
00ad00e5
00e900b1
00da00e7
00ed00ee
012900d5
00f90120
00f300fe
01130129
01350139
00bd0113
012b00e5
01120122
00fd0162
010200fb
017901d0
0172011d
017e01b9
017001db
019201d7
01b901c2
009d0090
00a500a8
00e00083
00ce00b2
00bd0105
008700aa
00ab00c7
00d50081
00de018b
00a800cf
00d900e0
00c200cf
00ab00e3
00b200d6
00ca00c5
00e700fe
01060117
010800b0
00f200de
00d600ce
012500d5
00bd00e7
014200d5
00f500d3
013e01eb
01ae0170
01450179
015b0185
019500fe
0135015e
01b70127
012b0135
012e00c5
00bf00d2
00fe00ed
013000cd
00e800ae
013700fe
00d300e8
01110100
00bf009d
01220116
00d30115
00d600c6
00c700e1
00e000e6
00ca00c3
00d000f1
00ba00ab
00b800d5
00a30112
00a90091
008400b6
009300ad
008700f3
008500ad
00d300c7
00af00a5
010600fd
00b70095
00af00c3
009a0159
00d200ad
00be0099
00f8015b
00f800f8
010d0130
010b00e0
00fe00ee
00de0113
01500130
01720172
013e01b5
012b00eb
00ee00e2
00bb00da
00bf0115
00ed00bd
01000100
00db00f6
00eb00e8
00d300a5
00f200e5
00d00157
00c300ea
012200e8
013b0101
01010102
00db00e1
00f700dd
00b90100
00ca00de
00f300f0
00ce00e0
00fe010e
00b100e9
0112015b
00c900e5
00af00d5
00a600d2
00b900df
00cf0165
00f300ed
00fb00cf
017b00e0
00cd00b7
0121013e
00df0117
00da00f8
00f500ea
00e7010a
0107010f
00b600c9
00d300a9
012300b3
011d0135
010900eb
00e8011f
010a00df
01370142
009300a5
008300ab
00c500d6
00be00b7
00a500ce
00ed00a7
0091009a
009f00b9
00d800fa
00ff007d
01080109
01520102
013b0132
00ea0152
01250121
01170100
00910096
00b300a7
00a000c6
00bb00e5
00d10096
00a100fa
00bd00a3
00d100aa
013901c9
01990127
01170152
0177011b
014b0139
0109012b
01570185
01250170
00a200ab
00c300dd
00ca00b9
00d000e2
00d500ce
00cb00d9
00e60092
01090085
01c9012b
00ff0137
00ea00d1
013b00ed
00f600ef
00e70132
00f90100
01200145
0121018e
00bd00af
015200c7
012200c8
00a800e2
00e50107
00ea011e
01420120
01600197
014e0157
01320103
01490123
011e011d
015501a5
012e018e
0187014e
01850280
00d800a6
010501a9
00f900cf
012900df
00f700f6
010d00d2
0117011d
01bb0182
010b0125
01400160
01210117
011a0118
01250120
01d90130
014e0169
00e70093
00ca00f9
009800e3
00d000b2
00cd00a6
00cb00bf
009200b2
009a00ba
01800209
01250135
014b0162
01950189
019b0189
01a90197
018b01e2
01450195
019000e1
010600c0
01020123
00c300d1
00d800f0
00e000cd
00c500cb
00b50107
00c300c1
00c700e7
008800b5
00d200a0
00bd00d6
00be00c3
00f200ed
00cb00e8
017001e5
01080160
01370139
015200e8
013e0177
0129014e
013e019b
0110017b
00f100ed
00ff0100
00c100e0
00de0125
013e0100
00d10108
012500db
00d100c5
00f70172
010200f2
00fe0137
00e600d9
00eb00ff
00f800b6
00f000f1
00e600bf
00db00db
00c500cb
00c700b1
00ba0107
00a700bb
008b00ba
00ab00d0
00bb00af
00bf00d2
009b00a9
00af00b2
00af00d7
00a700b2
00aa00bf
010000f3
00b80079
014700f0
00c6012b
00e000ea
013e0135
0145012b
01060101
011600b7
00e30165
00ef00d7
00c300ca
00b700ab
00c700e1
00c600de
00da00e1
00b6011d
009f00cf
00e000bd
00de00b9
010900d3
00da00e0
00c600ee
00d7010f
00b6010b
00a600e0
010a00e7
00f700c1
00ef00f9
00d90102
011b00de
010300d8
00c7010d
00f100eb
00d000e3
00d300d3
00db00ce
00fd00cf
00f800c8
00d70123
00b500d1
00b800bf
00e10140
00d600c9
00ef00cf
00c900e6
009800aa
00c50100
00c000ee
010000d0
00aa00df
00b80086
00f300a7
00bb00c3
00c600e3
00cf00a5
00b900ba
00db00d7
0172015b
0102011d
01750135
010b0152
01080127
01470102
01850165
014500fd
00ff0249
00dd00e1
00ed01a9
00e800f0
01050113
00d90117
011f00e9
00d300fe
01850132
010a0103
015e011e
011600fd
00f70180
010900f9
0149011e
0150013e
01200142
00c900b2
00a900c6
00d6008f
011100a8
00a300e3
00ef0132
00b6010a
00ff00f3
00b8009b
00bf00ca
00e200f8
00eb00dd
00bf00d7
00bd00bb
00e100f0
00d100c2
00c000f2
009b008d
00cb00b8
00c700ed
00bd00aa
00d000fd
00d100cb
009d00cd
00e900ca
00f600f3
009d00ee
00e30110
00a900d6
00ab00d9
00e000ca
00c100b8
00ab0102
00d300c0
00c700c9
00d600ba
00af00b3
00db00cf
00bd00d2
012b0225
01450140
011a01cb
0172012e
01800109
014e0145
018e0167
01770140
00e8010d
00ca0115
00c300c2
00ab00b3
0099010f
00c900a6
008500b7
00db009e
012b0169
013500a3
00d800c1
00b200d7
00df00d6
00e900ce
0142010f
00e20107
007a007e
010d00c0
00a802c5
006e00cb
00830075
008f007b
00c00099
00730063
00dd01b5
01400187
00d60139
019200f0
00bd00e7
014700c0
011d0109
00c000f5
00c30139
00da00c2
00be0087
00d500be
00be00dd
00de009d
00e100a1
00d300c6
00c100d5
008d00c3
009a00ab
00b700b9
00c700d2
00ba00a8
00ad00b3
00c500ad
00fe00e5
0100010e
010800f0
00f00127
010500f2
010d0115
0142011b
011e00ff
00f100a2
00bf00c0
013700f6
00b70117
00f500b1
00e300eb
00bd00cd
011200f8
014201d5
010b0121
010b0140
014000d1
011101a5
01320139
010801a9
01020125
013000e9
00dd011f
00bb0106
01120107
010e00f9
00e20142
012700e6
01000115
0199015b
012b014e
00f90123
01200192
0127011d
0170016e
016e0179
01ce0132
00ef00dd
00dd00e8
00df00d0
01690118
00af0106
00af00e5
00cb0102
00cd0118
00e900b8
00fd00d2
00c700de
00d000cb
00d900d9
00e000f1
00d800b3
012500c8
01f70189
012501a7
01320195
0147018e
016e0139
01ee011e
01620149
01320207
00c800a9
00ab00b1
009a00af
00c3009e
00d000b7
00c200df
01120089
00c700a6
00f700c9
01190101
010900f3
00e200f2
014500f9
00e800fe
00ca0100
00d90130
00b500a9
00a200c7
00c300bb
00b500c5
00cf00e8
00e200d0
00b000d0
00d300b1
015001a9
01110170
01370195
011800f3
00d100f2
0157011a
016e0102
01030162
0113013b
00c100d1
00cf009b
009b00ef
00f100c1
00ab0102
00d500b6
00f600c9
00d20150
012500f7
00e800d9
00fb010b
00fe009a
010300ef
00f800f9
00c100dd
00c500d8
00dd00be
010700a8
00d70142
00d30119
00e50111
00ab00d3
00b900b3
00d00106
00d600b2
011200c7
00ca0099
00fa00c9
00f100dd
00d700f5
00f300fa
016201e5
01150129
01620129
01900150
01690162
01ee0149
014b01b0
01600197
016701d9
00c500f8
00b2010f
00d300b8
00ba0127
01030145
01070150
0100010d
00cf00a1
00d900d5
011300bb
010700c7
00c700bb
00a900fe
00cf00e5
00e300db
00d600be
00e100ab
00be00b7
010600c3
00d800f2
00be00c9
00cb00bf
00a000a9
018901e0
01350140
01470160
016001a9
01290189
01fb013b
01720139
0190014b
01550172
018b013e
01350169
0139011b
014b017e
01490129
0150014b
0147013e
011500ed
00b900ab
00e800d7
00fa00d7
00c700eb
00e500da
00c500b2
012200db
012200f5
014500dd
00c7010b
00cb00f8
00f700eb
00e300ed
00f000e0
00e700d6
00cf01a9
00cd00f2
012e0121
011200f8
01790101
0139010e
01450102
012100ef
009b006f
00b300eb
009600a0
00b700a8
00ca00af
009800a9
00c300b7
009f0095
00d100d8
00fa00c2
014b00c8
00c80142
00cb00fb
00e3011e
00d800a8
00c200e6
010f009a
00ce00fd
00d300a2
00f800b2
00c9008f
010800bb
00f000d8
00e100bd
017701cb
012e0132
012e0170
01520110
01010147
016e0132
0149016b
017b01ee
00d20117
00bd00ce
00db011e
00f900b1
00b5009a
00c000b6
00ff00be
00ba00af
011f014b
013e0147
01700102
013700ed
011500e3
010000fa
00eb0121
01770118
00b200cb
00f500c9
00fb00da
00c700f5
012500d8
00db0122
00e600bd
00c200b3
00ba00e7
00bd00bd
009e00bb
00b50112
00a700a8
00d100c0
00c800cf
00e100c8
008500a2
00ab008f
007b00ae
008d0095
0099009f
00bd0092
007e0070
00990089
00cd0160
011000b1
00be00f3
00da00c5
008c00f2
00b20102
00aa00b8
00a900b6
00c90088
00c200ae
00b100ef
00d700e8
00d8010a
00d100ee
00be00f1
011800df
014901a5
01800162
016b0113
013b010d
01130142
0132010d
0116012b
010e0137
017b00ed
019e0101
00e70147
01320106
010500fa
015500f1
0157012b
00eb0142
00e00140
00f50132
017200f3
012e010f
01600121
01520132
01750127
01200109
00ae00d9
00be00ca
00ba012b
00d600e8
00c800eb
00cf00f3
00af00d0
00e100b8
00aa0113
009f008c
00d30096
00ee00a5
00b3009e
00a500f8
00e500ef
00b700da
00e70149
00d1009a
00aa00e0
00b800bb
00cd00d8
013e00ae
00be00c7
010f0091
00eb012b
00db00b9
00e800e1
00af00d3
010000d3
00c100e1
00e300c6
010300f1
009b00dd
00f700c3
00d200e2
00d70106
00c900c0
00be00c3
00a300b5
00a600ba
00b70092
00db00bd
00c200b1
00ba00a9
00a1007d
008300b1
00a900b0
0098008d
01a701f9
016e012b
016501c5
015501e7
0160019e
0162016b
015b0152
01210182
00f50111
00fa009d
00c600aa
00de0129
00eb00c2
00f700e0
00aa00d6
00d500cf
015e0150
00eb0120
00c700cf
011f00ce
00f900e0
01090140
00e6012e
017b010d
0102016e
00e500c6
00f90123
011200f3
00fe0127
00e200df
011e00d8
00ea00db
015501b2
01470175
01030132
010d010b
01970150
01420110
010f0169
018e011f
00cd011f
00e000c0
00cd00a2
00ae0105
00dd00b2
00ea00ea
00e000ca
00fb010b
00de00ea
00f700be
00bb00aa
010000ba
00c0009e
00d500ce
00b500aa
00b7010d
00ca00a7
00d200bd
00ea00d5
00db00e2
00bd00d0
00cb00c8
00b800b9
00be00e2
011200bb
009700f0
00d500df
00ae00de
00c900a6
010500c0
00ee00ee
00f100fb
01670155
0152012b
0149013e
017e0139
01ab016e
0172013e
01a90190
0190019b
012e0129
00e500b3
00d600c5
00a700d1
00ba0097
012700c5
00e700ca
00e900cf
00ed011b
00db00e9
010000f5
011d0103
010200d8
010a00ea
00df014b
012500d8
00b50169
011f00db
010700db
00ca0135
00b100d9
00cb00d3
00d300c5
00ed00d1
00cf00fa
00d200d1
011800f6
00d200e0
00c000dd
00ab0129
00f100ce
00d60150
014e0180
00f800e8
00fe00df
00f900d5
00f700ea
01590101
016e0132
01750110
00e900d7
00d800ce
00cd00cb
00c3013e
00c00101
00c500db
00d300e6
00d100ca
016b0182
01be0129
01550160
01f501a0
01600172
01de014b
01c90195
01670197
01b2019b
019901a9
012e017e
01650118
01b001d2
019b0187
016b014e
01c501c2
00b3011f
00a100cf
00be00c9
009f00e2
010f00db
00a200f3
00d100f2
00e100c9
00c20111
00d900f0
00b800bf
013900eb
00c000e5
00d90129
00cf0113
00e30105
011801b2
015e0149
01150167
01550185
01350170
0157014e
01920116
01020135
00f200db
00b20095
00cb0122
00e300dd
00fd00fb
010a00ba
00c30119
00eb0137
00c70098
00d100bb
00f900cf
00ce00d7
010100e6
00e900ba
00dd00ab
010d00c0
00af008e
00b200b3
00c800b7
00ad00e6
00d600ee
00c300d0
00bd0137
00bd00a9
01570139
00c80142
010d00e3
00d5012b
013500d3
00fd0106
013b0157
00f200dd
00fb00c5
00e000c7
00b500b8
00d100ce
00b0008f
00ca00e8
00a600e7
009b00db
00c2008a
00d500db
00c200a7
00e200ed
00cb0102
00d900c6
00f100d1
00d700da
01a2011e
01210132
01160127
01290130
0129016b
018201c5
01390172
01a7015e
00880097
00b000b1
00a300b8
00e1011a
00b600d1
00b300ae
00b2009a
00b30087
00bb00fe
00be008b
00a500d0
00a800e6
00cf00e8
00c500c6
00d200b0
00e6014b
00d30091
009500d5
00d900bb
00bd007f
00a900ae
00e500af
009800c1
00d200d3
016700e6
00d200d6
00c900bd
00f80127
010500d9
010d0140
00db00e0
01100109
012501c5
01d00140
01620205
012b0185
01a9017e
010a0165
01d001a2
010d0130
00e900bf
00e900bd
00fb0139
010f0100
00e300ab
00d50125
010d00f5
00ce00fb
00dd0078
00f500e6
00b60095
008400a0
00a60071
00850085
007b008b
0083006c
00d20106
00b90087
00c900ae
009a00ab
00c3009e
00cf00d2
00df00ae
00d100c3
00800086
010f0099
00b100c0
012e009a
00b300c7
00cb0095
009000a1
00c000c2
00f20109
00df00c1
00b100da
00ce00d3
00c200ca
00f30102
00c500d7
009300b5
019b0140
01cb00f7
012e0121
01a700e5
01030102
017901c0
01290120
00f80150
010a0111
010000f2
013000cf
00da00ed
011300d7
010300b6
010700e1
00b800b2
00eb00c5
00d700b9
00f800c5
00e700e5
00f500e2
010300b7
00ab00d9
00c30111
00ae0159
00a000b3
009b00d2
00a200a7
00a300b7
00c600a7
008700a0
00a600b5
009600f9
00b300b5
00cb00bd
00e100b3
00cd00de
00be00c0
00ef00e5
00c2009b
01de01d5
01720108
015b0145
0155013b
014b01a5
01c5015e
01620177
01de01a0
00d90165
00f800c2
009100d6
010600db
00e5010f
00f5010a
00d500e9
00f300d1
00c3008d
00dd00dd
00de0092
00ca00f5
00cb00a2
00cf00ba
00c90098
00a30116
00a30111
00aa0095
00a00066
00b700c3
00950081
00d0008e
0079008d
0095009b
00c30069
00a900db
009f00d6
00b700b2
00c8009e
00b90095
008b00b1
009500ab
0137013b
00ef0132
011e013e
01920139
018500df
016200ce
013200fb
00fa0135
008f0052
00c100c6
009300b7
00a9008f
00ae00c3
00a5008b
00810085
008f008e
00b300e8
00fd0119
00b200ee
011700ce
00e20115
00e70107
00e50107
013700c5
00d600a6
009b00b0
009300bb
009900ce
00960091
00990077
007500a8
008d00aa
008e00bf
00b700a6
00aa00b7
009e00b0
00b100ba
00b600c8
00bd00a5
00cf00aa
00c000c3
008700ad
00910099
00a2009d
009800cd
00ae008f
00b2008c
00950085
00fa00de
00db00e7
011e00af
00ea00fa
009300d1
010f0123
00dd00ee
00f900f0
00a700c6
00a50096
00b000b8
00a90099
009800ab
00cb00bb
00a600b5
008f00c1
00dd00e6
00e900fa
00e70125
00ce00e1
00db010f
012b00e0
01060110
00cd0120
00ca00ce
00e100d8
0107009e
00e800e9
00f900cf
00b100bf
011200ad
00dd009b
00c200be
00d900ce
00ed00c5
00ae011a
00a600a1
00b500ae
00b500e1
00eb00c9
016b01e5
01e50190
01770219
01e5015b
01690152
01500130
012e0199
01670185
00aa009b
00b6009e
009e00a7
009300bd
00bf00d9
00ee00ab
00cb00b9
00b90086
00b000ae
00cd00d9
00d500db
009900e8
00d500ca
00b700a5
0087007b
00c700d9
01ce0169
01920159
012b014e
01800160
011600f5
015b0152
014901c7
01490139
00f30152
00c20150
00c100e0
00f100d7
00e800e9
00f200e1
011d0111
00d800b2
00d900a2
010600d5
00bd008b
00c30098
00f6010d
00b90111
00cf00b5
012000d7
01490149
01790112
00e700da
00ff0122
00c800d8
0112012b
017700ee
01590119
00c300c9
00d500d3
00d100c8
010600ed
00c800f9
00d300c1
00df00fe
00c800c1
00de00c0
00b100b0
00d100d8
00a700e5
00d0012b
00b900b3
00b800b7
011700b6
00d300ea
00bd00e1
00ef0111
00f900bb
00bd00fa
012b0113
00ca00df
00c50100
00e00095
00cb00d0
00ef00dd
00f500d2
00df00fa
00ae00df
00ee00e3
010d00e5
00c00209
00c700e8
00c800e5
00db010a
00b800d3
0099011f
00ed00e3
00d500a3
00c10100
013500e9
010b0119
01270117
011300f8
010600da
012e00eb
01400115
016901ce
01790179
01b00160
0145015e
017e0162
0177014e
01c50142
01650167
01080159
01650155
016e01ab
01200127
014001d2
01450172
0145011d
012500fb
01700219
010b010e
00ea01f0
011d00e8
0135011b
011300ce
014200f2
018b0170
00c700e6
00b700a9
00bb0107
00b800be
013e00c7
00da00ae
00af00b0
00f900f0
00f800ad
01050107
00d2010f
00ab00ba
00ce0092
0079009a
00a80097
00b70098
00d70090
00dd00a6
00ea012b
00b000e6
00da00c8
00d30106
00b200dd
013500c8
01820265
01470102
01520125
0167018b
01420135
01c00187
01290157
01470147
00cf00ae
00b200b9
00f200a5
00dd00cf
00ea00d3
00c700a1
010e00ee
00d500bd
00b200c7
00b600bf
00c300af
00dd00e2
00d600f5
00a000c2
00c2009e
00d20106
00b20102
00de00bd
010000a2
009a00ae
00ea00e5
00b200c2
00d100e3
00e00127
015b01f9
01ce0149
01eb0155
019b019e
01890170
01570152
013201a7
015e01d2
0119013e
00bf00b2
00e90106
016900e7
01250129
01820109
01020125
01080109
011501fb
00e600ba
00c300c9
015000da
00b200fd
011000f7
014e0135
00d70157
00f9011b
00e900ab
00ea00b5
00d200d2
00fb00e9
009900f7
00b900f3
00bd00d0
00e0010f
00f7009f
00c600db
00b200fe
010b00d1
00db00c5
00f900ed
01390107
009500a5
00aa009e
00b0009e
00b200e3
00a500b0
00b70096
00c100a0
008500af
00b70099
012200df
00d600de
00e100ef
00b800f2
00d300a0
00d900d8
00c800b9
01c50159
014b0139
015e011f
013b017e
0135013e
01820149
019501a2
01f70189
019201b7
00fd00f9
024901f0
01690119
01720147
01370170
015e0165
01470135
00ae008d
00b0009b
008300e0
00a200b3
00ba00f5
00ab00a7
00890092
00b6008f
015b021e
0130018b
014001ae
01bb00d9
011b0177
01290101
01b20129
010701f0
00eb00ea
00dd00c3
00b500e5
00da00df
011800f9
00e700f1
00ce00c2
00f700eb
016e01be
0125010e
01490137
01b901a2
010f016e
01ee01ab
00ed0175
01a90162
00a100d3
00ad00d9
00b300a1
00b300d1
00a800c6
009e00ba
00a000ae
00b30089
00f000f2
00bb00ed
01370127
013200da
00f30100
010e00e1
00c20150
00ed0110
00d800b6
00c900c5
00d00091
00d500ce
00b100d8
00dd00f6
00ee0103
00cd00c1
00b300fa
00d700c2
00ef00bb
00fa00ca
00c600ea
011100ef
011000fe
00ea00e0
00e100a7
00ba0096
00ed00bd
00cd00b9
00d500be
00af00aa
00a200b5
00bb00cd
00fa0132
00de00c0
00e300b5
013200f6
00f50113
00c300e0
016e00fa
01090100
00e0008e
00a300d5
00b900f9
00b900c8
009600df
00bb00ba
010500a7
00ba00e8
015901a7
013201f7
013e0172
014b01ab
016701ab
012e0155
01bb016b
01650169
00aa0102
00b000cb
00bd00a8
00dd00d1
00df00cd
00a1009f
00ba00ef
00b700d0
010600fb
00eb00e3
00b2010f
00b60095
00a3008e
008c00b9
009500a1
00e300a7
00eb00ad
00cd00e0
00ab00a6
00ba00bd
013200a8
00c500f7
00e200d0
00bf0113
00a60097
00a100cb
00ae0095
00af00e0
00fa00b3
00a900ce
008b00a2
00ba0092
00e600e3
00f300e9
00fa00c2
00ed00ea
013000c1
00ca00e7
00da00e2
011800df
00df00e1
012b00cf
00d00132
00f300fa
00cd014e
01150127
00eb0109
00fd013b
0108011d
00de0110
0197014e
00fd0162
00f500df
00f600fb
00f70105
00ed00f5
00ee00e0
009700da
00b20132
00d800db
00f600d5
00d700f5
012b00f8
00a6011b
00c600dd
00c800ce
00e90109
010b00d1
00cf00d1
00e500bb
00bd0108
00ce00ba
009500c8
00ca00d1
00b20116
00c900ae
00a700d5
00b10082
00ae00af
00ae00b0
00e2007e
00ef00e6
009100ba
00a9007f
009b0098
00c100ab
00b5008e
009e009a
01a501be
01d9012b
0180014e
01720185
01670150
02150125
015e01ab
01e501e5
01a90207
00ff00fa
0152018b
01b9018e
014501a2
0160013b
013901c5
01b001b5
00c8020b
0169013e
0132010f
012e011e
012e011f
019b00f8
00ed00fd
00f700df
00c900a0
00a70099
00b700af
009e00b9
009f00d6
008f00a3
00cb010d
00be00b7
00e100be
011200f3
00d600fa
00bd00f6
00d60101
00d900b6
00d10107
00d100e5
00910097
00d000d7
009800b2
00c900de
009300b2
007f00a0
009500b6
00b500c2
00f700e6
00d000d1
014900d1
00c200fa
015b0112
00c30103
00df015b
00d20109
00df017b
00ff0108
012700fe
0106010a
0107011d
01000160
0135011e
01200179
009200f0
00a200b5
00910092
00990088
009000cb
008e0061
009700b0
008f008e
010200f0
00d100dd
01050101
00fe0110
0100014b
015700ee
010e00d9
00fb013b
00de012e
00970095
008e00bb
00e800fe
00ab00a7
00a600a9
00f800e3
00e100ae
009d00cf
00f000a7
011700ca
00af00c5
00ed00d9
00b300db
00ae00f2
00ca00a6
00ee00db
00d50139
00ea011d
010d00eb
0109010e
00f500f8
011300f6
00fb00c3
00b10080
00d200f5
007200c7
0091008e
00930080
0071008a
0065005d
00670071
00da00b2
00d60132
00ab0101
0080006e
00920093
00a0006a
00780081
00850072
00af0093
00e800ff
00b500f6
011700b8
00a900ae
009e00a6
00c000e0
00d600eb
00d60160
00ef0123
00ba00c6
00d80092
00b500b8
00b700a6
01400103
00f200de
013e011f
01650127
01520110
0142012e
01300165
011800e5
00f000df
01070165
00aa00c1
00e000aa
00f000a1
00d3008f
0083008e
009200a6
00c0007e
00a500a5
00c50108
00c500bf
010300ed
00ba00ee
00a000b9
00b200c6
00ef00e8
00c70097
01570112
00e900d8
00e500de
011500d0
00a80113
00ee00ed
00fb015b
00c800eb
01a0020e
01050165
0180017b
015701b9
015b0167
017e01fb
017501d2
01ae01e5
00b3011b
00c500cf
00ad00a1
00a50099
0096008e
009e0065
009b00ad
008700a1
009a009a
00c500b7
00cb00d9
01110100
00ab00ba
00d800cb
00c60088
00b600e7
01490111
013900f3
00c00159
013b00fe
01490127
00f90130
00fe00f6
0109010e
00a700b2
00d00137
00e5009b
00c100d2
008a00c9
00bf00d3
009500a6
00df00c2
00db00a8
00a000be
00d800e0
00ca00ae
00aa00e5
00bb0095
00cb00d2
00be00ad
00e300b8
00b900e3
00c0009f
00d100e9
00e200ab
00d000ce
00f500b6
00e000bb
00a800c3
01060127
012e00f7
00cb0100
012900ed
00bb00b3
00e000de
00eb00d7
013000ce
00ca00fd
012b00c6
0100011b
011200fa
01420113
01490105
017b0179
00a50108
00a8008e
00aa00d5
00bb00d7
00e000e7
00d200ae
00a30110
00b300b0
00ca0112
008f0105
00cd00d6
00fd00c6
00b00102
00ea00bd
00e100ed
00c900d2
01150101
013e00fd
012500d7
00d9013b
010f0142
01370167
01320109
013b011e
013b00ea
013e0105
00f600d0
00c900e7
00e20129
010900d6
00df0103
01320140
02170135
01420137
0152015b
01a501d2
017b0169
019e0195
016b01a2
01c901a2
00da00b5
009a009e
00ef00df
00b000d3
00c700cf
00e9008e
00d000b1
00ab00d1
019001a7
015b0132
011801d9
01a701b9
010d013e
01c00117
012b0123
0182014b
010100fd
00db00d2
00e200d5
00d90102
011800d3
00fb00e2
010100ee
00ef00f8
00d000b5
00cf00d2
00b100b1
010100bb
00c300bf
00b700bf
00df00ae
00cb00ba
0099008f
00fd0102
008900a6
00920087
009900a6
00c80089
00d000db
00a6006e
013700c1
00c900d2
011500ba
00c600e2
00c500da
00e30108
00eb00cf
011f00ba
00d500f8
012e00db
00da00c7
00dd00ce
00ca00db
00d8013e
00de0107
00ed00b6
00a10100
011500f1
00ef0117
00ce00b9
00d800de
011f00f9
00b200b7
00f700bf
00a200e5
010500e8
00f200f1
00d500e0
009d0122
00b700ad
00e3013e
00df00ce
00bd00b2
014000c0
00d500a8
009a00b6
00f300b9
00d000d7
00c900ae
009b00bd
018b0140
00fa00eb
013b0129
0125014e
01390155
00ff012b
0125011b
019b0107
00e600e2
00c000eb
00b5011d
00df00e8
00df00e8
0110014e
010f00fd
00dd00ea
00c3009b
0123011b
00ae00f6
008200c0
00c50099
00c7007e
00a30083
00c600a5
00c500e0
00a900fb
01090099
00fd00a8
00dd00a8
00b300af
00b700d2
00e800d3
008100b0
009500d5
008700db
00b300a0
008d008a
009f0090
010100a6
007b0073
00f601db
012e016e
013700ee
01490115
00ff0130
00bf00fb
012000f9
00e10129
011e0118
013b00e3
0113012b
00d8014b
01110142
01010175
00f90137
00d8010a
01b70120
00c70110
011100cb
00c900ee
00e800f7
010f0117
015700e5
0149012b
00ba00b0
00fe00df
00e600a5
00d900cf
00b600ed
008b00b7
00b700d0
00aa00b6
018701ae
014000ed
01590127
010b0108
00f6014e
01770135
01720170
01500172
00d800f6
010000c6
00df00e1
013e0113
00e300ff
010100f6
01090107
012500f7
00bd0091
00c700cd
00b900f6
00e800d6
00c800b0
00de00d6
00b000e0
00b300aa
009b00f8
007f00aa
00b70093
00960093
0097009f
008d0095
00bd008f
007d00bf
0145019e
00ce00e0
012200cd
00e300f1
00f900da
00d600d0
011000e2
0117010a
017b014e
011d00d5
01030155
0110016e
0162015e
01120227
016901c0
01720172
019e010d
018b0125
00f30199
00fd00ce
0130012e
00e700c9
0111016e
010f0107
00b300c5
00a900ad
00b100a8
010900ae
00ee00b9
00c200b7
00c100f0
00d60102
00aa0107
008900bd
00b6008e
00ae00ae
009a00e5
00b800a2
009a00c7
00a70099
01370135
00df0111
018200d6
00de00c7
011200c0
00e80105
01870125
01320132
010d00b2
011700bb
00d10097
01120118
00ba00d3
00f000d9
00fe00de
00d600ef
00ba00bd
00f800b3
00bf00da
00f800b9
00b60113
00fa00e2
00b60116
00ce00d8
01720195
00ce00fe
010900f6
00db00fb
011e0121
014700e1
016b00ea
01950147
014b011e
00b80100
00fd00fe
01100137
0139010a
01700129
01800135
0109010b
0122010d
00df0132
00e200ff
00ef00f2
00e10140
00c10122
011a00f5
00e5019e
00f300b9
00af00b1
00db00db
010600b5
00ad00c1
00b900f0
00da00eb
00c500a7
017200cb
00dd00f1
00cf00ef
00ce00be
011a00d5
00e600fe
00fd010a
00ce00d1
00fd0127
012b0135
0105011d
011300ef
011900ef
00e90135
00ff010b
00ed010a
013e01f0
018001e5
01350195
01a00160
015e0160
01ce01db
01650169
0175020e
00a100ab
00cb00bd
00d90102
00b600ba
00d600cd
00a900ab
00d100bb
00ba00b1
00a200d3
00d700ba
00f100e1
00ba00ff
00a300f6
00d200db
00ca00cf
00b20110
00de010d
0117013e
0159017b
01050165
01290162
01390112
00cd0125
013200e3
01990249
016e014b
01c20159
014e012e
01970169
01870192
01c2016e
02000169
008e00a2
009d00b0
009300e3
00c80093
00b700e2
00890086
0099007a
007e00b5
00a900b9
00b500c5
00cd00af
00e900ab
00df00b1
00a900b5
0099009d
00a700bb
01920232
012e0232
01320159
0200013e
01370169
013501d2
017b011b
01400150
00e5010e
00c500e0
01060110
00ba00f9
00f100d5
00c700c8
00c700b9
00d800cb
00b3007e
008900c9
00a100b7
008700a0
009900de
00b600a1
008700b7
008700ad
00a800ab
00b200c0
009b00a0
00df00a5
00a8012b
013000b5
00e200b7
00c800fa
00ba0056
01160130
00830088
009d009d
0095007c
0073007a
006500ad
0080008a
00d200de
00b500c3
00d000d8
00f2010b
00ce00e0
00e200f9
011d00c6
009500dd
010200b8
00c300d9
00b500ed
00f500c9
00f600bd
00d800e9
00cd00be
00d200c2
00d200a9
00f900df
00d500ed
00d000af
00b800f8
00d800f3
00ba00c8
00f800d1
00f8008f
00af00f0
00a500b3
00f500cf
00a800a2
008600df
009600b0
00c300b1
0116011e
00f800c3
00bd00c7
00a2010b
00cf00db
00c500da
00ed0099
00cb00c0
00d600af
00b300cb
00ef00b3
00e200b5
00db00b6
00b300ab
00cd00bf
011500bf
00f700f5
00870099
00a700d0
00ba00c2
00c500da
00bb0110
00a100eb
00be00cb
016701be
01a50145
019e0150
0135013b
01750150
0180010e
01890169
01a20187
00ab009a
00c500be
00bb00da
00cd00c6
00ed00bd
011d0140
0115008f
00d600c9
012200df
00d200f3
00b800ad
00d300ee
00ca00af
00ea00ed
0157013e
00f3013e
00c300f2
00be0098
010f00a6
00d300d5
00bb00db
00eb00b7
00ef00ff
00a600b0
00bb008d
00bf00d1
00c600b1
00b200c0
010000bf
00e00111
009600a0
00d30098
00af00de
00be00db
00ab00bd
00c800e9
00b000bb
009800bd
00bd00c8
00d000c8
00ff0155
008a0099
00d000a5
00bb0077
008b00c2
00dd00d1
00e000da
00e200ef
00bd007b
00f700fb
00fe00ad
00b000d0
00d200b9
010500a5
00af00b1
00a000cd
00ce00dd
00ca0092
00f0008b
00cd00e5
011300b8
00b600d6
00d1011b
00ca00f8
00a000ad
011300da
009700a0
0096010a
00be00c9
009f00ba
00e60106
00cb009e
00ee00d2
010600be
011200f6
00ca00ea
011900b7
011100b6
011f0103
00d700d1
01c70170
018b0123
01020189
012b0112
016b016e
01270187
0187014e
018e0197
00ea00e1
00eb0101
00af00e5
00a700c7
00d500d7
00f500c3
011a00ed
00db0113
00bf00b2
009e0092
008e0091
008700cf
00a70099
00980096
006c00bf
00a9006a
01070103
00d100ef
00c1012e
00fb00c6
011700b8
012500d6
00ea00f2
00e300eb
00f10125
009700b9
00c700b6
00ed0112
00e100bd
00db009e
010900d8
00e00118
00c900ab
00c500d3
00d000a5
00c100c0
00b60095
00e600c1
010b00d3
009500c3
011600f7
00d100d1
00ed00e2
00db010d
01890139
010b00f9
00e9011b
014700ee
015001e5
00d7011a
01350180
019b0115
01490130
0159012e
01100110
011801c7
015701ab
01650129
01420155
016700f1
0197014b
01400112
01100132
0142015b
00b70150
008700ca
00d500bb
012000df
00da00b2
00bd00e8
00cf00e1
010b00b8
0157014e
016500dd
00fd00da
00e3011a
00c900e0
00ef00d1
010f00da
00ff00fb
00b2009b
00d800c2
012b00fa
00be009d
00c900e3
00e700ba
00fa00e1
010500b8
0123015e
01370122
01600111
015b0147
0121012b
01e2019e
01ab0139
01790162
01b0015e
0120017b
01990189
01550137
0160019e
017e0179
0170012b
0180016b
00ab0087
00cf00a6
009700a7
00ae00ba
009300c3
00a300de
008f0106
009100b7
018201b9
014b011f
019b0139
01670125
01970142
0159015e
01cb01be
02200192
011f0139
01130106
00f600e3
00f900c8
00ce00cd
00e1012b
00fd010a
010b0100
00df00d5
00d600f1
00ae00a6
007d00ad
00b300b1
00e200a9
00ce00e7
00bf00d3
00d6011b
00d900b7
010e00c0
00fe00e5
00e100d3
00c00100
00c90101
009e0121
012b0113
00ed00dd
00b10123
00db00ce
014200be
00d0014e
00f100f5
00db00ea
00d6011a
00c000cd
00e600d7
00de012b
00d200fe
00a600fa
00c000bd
010000fd
01400162
00e100fa
01d90177
0121010a
01820152
012e0177
012b0137
011d0179
017e0149
015e0132
01770155
01300149
0137013b
016e0190
01220182
01850177
010e00a0
00d600b3
00c600ce
00e300de
00d200ee
00bf0100
012300b2
00c700e2
010700e1
00ca00f1
00e300c7
00dd00ea
00d000e0
00f100dd
00c50105
00fa00d9
00cf01c5
00cf00e3
011000f5
01250103
013200be
00e000cb
017e013e
00fe00d1
00a8008b
010200f2
00a900ae
011000b6
00c300be
00cf00a7
00a600f0
00ab00b0
009b009e
007c00bb
009100ab
00b100a5
007c00a5
008d0098
008f0091
007a0083
00b600b3
00cf00a6
00c80099
00d000e8
00bf00a7
008f00d8
00c7009e
00d10092
017b01eb
015b0119
00e30195
011b00f5
01000159
01a50130
011a012e
013b0172
00d500b8
00ae00ba
0123011b
00fe011e
00fe0127
013900fd
00c800d5
00d50140
009100a0
009100cb
008c00dd
00fe00b0
00b900f0
00ee00c6
00ce009f
00eb00d1
00ef00f2
00f000c8
00c900a2
00ce00b9
009e00c6
012500d8
00a300b8
00ed00e2
00ea011e
00df0095
00d000d1
00ef00d1
00d20085
00bb00ca
00b300ba
00c500b3
00c200d5
00c100b2
00bf00b7
00cf00a2
00a600bd
00dd00be
00b200b2
009700f2
00ab00b2
0129013b
00f100e5
00f900c3
00e100d6
013b00b9
00b800dd
00bd00ca
010d00f7
013b013e
010200fb
012b00f1
014e0137
00ee0110
011600f8
010d018e
0105010a
02190118
00e3010a
013900fd
011a012b
013200e3
00f600fb
00fd00e6
017e0130
00bd0192
00c900a5
00ad00b9
010100f7
00f300e8
014000ff
00ea0107
01030101
00c500f2
00e500c7
00c300d8
00f800c2
012900ef
011200fb
00e300c3
00e800e1
00b100e8
00f900c5
00f000f1
009e00b1
00b000e3
00b00129
010000ca
00d1008e
00b900bd
00da009e
00c600e0
00cd00c0
00ef00f6
00cf00fb
00fe00b7
01350129
01200129
01250117
00eb00fb
011e010a
01520139
014000d9
011a0132
00c600d6
010f0092
00e500cd
00e300de
00bb00df
00b600a2
00ab00c1
00df00e9
012200d9
00c70108
00e200da
00ef00d2
016000fa
014000cd
011800f3
01200101
01db0257
0165012b
0159013b
01ce01d7
016b0165
01c20160
018501e5
01450132
00e900ce
008e008d
00a800c1
00ce00b9
00cb00b2
00ab00ed
00d000ad
009700ca
00e2017e
00f50152
00c600ce
00cb00c1
00cd00e3
01130142
01250140
00f2010d
00f0012e
012e00cd
00d90111
00fd00c2
00cf012e
00d00112
00ed00d7
00db0152
011800b7
013e00b1
00c300b1
00e200e5
00e30157
00bf00e0
00d300c5
00c500fd
010000ab
00ca0095
009e00d0
00c6006d
008700db
00880073
00c00081
00a700b8
008e00b0
00b7009a
00b100ea
00d100c7
00df009f
00dd00c0
00da00e0
00b800eb
010000ef
00d900ed
009900be
00a80129
010300d0
00be00db
00db00c3
00c600c8
00e800db
00d000f7
00b300d1
00ca00d6
00be00cf
00ff00d5
00de00da
00cb00c2
00ab009e
00e300b2
00d900ef
00b80092
00c500f1
00b000ca
00ba00a6
00c900ea
012700c9
00eb00f3
00f10130
0160012e
00e800fe
0142014b
00d90109
011d0111
00cf00c5
00b700b5
00a200ef
01000091
00a600c2
011e00e0
00e900cf
010600c9
0111013b
013b0110
01180142
01500142
0122015b
015e0175
01b90157
01420127
018e01d2
01770137
01190115
019e015e
016e0179
010f010a
016001f5
01770165
00bd00d1
00d8009a
00a800e3
0097009e
00d600af
00b900ae
00ab00c5
00d800c2
01650162
01950199
016701f2
017001c5
01ab01be
018e018e
01970190
01a90157
00c500c5
00d700c5
00d300de
011d010e
00ff00de
00e100d2
00d800d6
01090103
00b50089
00b800ab
00bb00d8
00c200e9
00c100d0
009600f9
00da009b
010600d9
00af00d2
00d000bd
00b60102
00c200cf
00a100c6
00d700d8
00f700af
00b300af
00b000d9
00b000ab
00a500c3
00d000f2
007500b3
00a500ad
00b100a9
00b000bd
00c500a7
00b6009d
00b60105
00c500c3
00c500aa
00be00af
00fd00d9
00c200cf
00e000e6
00b800b8
00c000b3
00d200af
00c200a5
00c100c9
00e000d6
012b00e7
00b600af
00a7009b
00ab0118
00a6009e
00b500c3
00bd00c2
00cb00d3
00ba00d1
00a800bd
00d800e1
00e500d7
00c700a3
00b300fa
009e00ba
00ee00c8
00a000d1
00d800fd
00ff00d3
00c600da
00ee00da
00ce00e0
00fa0103
00c100c2
00f00111
014e0130
01060120
01590189
01550109
010900c3
017900fd
0167015b
012701a9
00aa0095
00d500bf
009a00aa
00c800d9
00c600f6
00f700c1
00c600da
00c300d3
00ee00fa
00e600f8
00bd00e9
00e200e9
010000ed
010a00bd
00fd00cb
00d800db
00c8012b
00d7009a
00d600f0
00e200b8
00ca00c8
00d700b2
00f100ca
00b700a7
014e0111
011000c1
00c600df
00e600ed
00f600b3
00f80130
01090111
0122011a
00ed0112
00fe00d8
011a012b
00dd00f6
00c800bd
011a00d6
01070137
00fd00e5
01030118
00e10109
0113010e
00f200ea
014200f2
01350109
00ee011e
00f90121
00e800e1
00d500ae
00cf00e5
00a800a0
00b900b5
00b300a1
00ae00b6
00a300c8
00d60118
015900dd
00fd00e6
00d300c0
0107013b
01060123
012b00db
00f800c9
00c700c1
00da0106
00ae00a5
00d700b7
00a100ae
00ed0087
009900c0
00c200e2
017701a2
011b01db
01b0016e
01570177
01250189
01c7011e
017b014e
01400162
020b01c7
01250119
01100170
016b0142
016b0189
01120177
01700123
011e0199
00bb00d7
009600c9
00b700ce
00df00bf
00f50099
00ab00c1
00bf008f
00db00af
00d60130
006a0095
007900b7
00b50091
00900067
00870099
00c800c2
008000a7
013500fa
00f500ca
0118010f
00db00ab
013e00b1
013000f2
010100d1
00f600d2
010000ba
00c50078
00ee00e2
00c300a8
00c700db
00c100ad
00e100af
00d100d5
00f6019b
00f0011e
00fa017e
00ed010e
013500f8
0129012b
01180192
01300172
0102009f
010d0102
00f300ca
00cd011d
00d3011e
00df010d
00d300c1
00be00f8
00b6012e
00a700b5
00bb0118
009800f6
00da00bb
00ba00a0
00e000b3
00ce0102
00b800f8
00e500d5
00fa00d0
00f3011b
01130103
00d10120
012e00fb
010500c9
010700d3
00b100c6
00c300a3
00df00b9
00ba00a7
013000d5
00cd00bf
011100c8
010901b9
00eb00c2
00d500a8
00a3009f
00c300b5
00ca0162
01320112
01350127
00f1009a
00ba00c2
00aa00e2
00bd00c2
00b300a9
00b900f3
00a700eb
00db00d3
00ad00c9
00c600f5
00ef00cf
00db00b2
00d9011a
00d200f5
00c700d7
00b800d9
017201a0
0116013b
01170140
01500145
010500ff
01590125
01110192
00fa011e
00b8009a
00d1009f
00920087
00a100bf
009200bd
00ce0093
00bb00af
00b000ae
01500239
01200100
011a0103
01230112
01370202
0147011d
01cb0111
01b20159
00e800e6
00c200ae
00f80111
00f200d2
00e3010f
0100009e
00be00c6
00ae00f9
00d500df
00d500ea
00be00e3
00fe00ce
00ba0129
00c500ed
00d800d6
00ad00cd
009a0085
00cb00b0
00b1011b
00fe00ea
00be00ff
00f900b0
00b200a3
00fe00a3
014e018b
01170182
01420175
01a501a0
015700de
014b012e
01200179
0159017b
00980103
00ce008e
00c3012b
00d500c3
00ee00d6
00b100af
00e700c7
00c900a3
019501ab
013b0108
01300137
02050152
01520149
01c7014b
01bb0170
00e3015e
00c300d2
00c800dd
00ba00f5
00bb00f3
00d600c1
00dd00df
011000b3
011600b1
0139010e
00f500a9
00cd00d8
010d00e1
00c300e6
00b900e7
00da011d
00c80132
00ba00bd
00d700af
00b700be
00a9009d
00a9008a
00ba0097
008e00a8
009600a5
00cb0129
00de00b9
014900fd
01370139
00e000d0
00f60116
00ed00f8
012b0145
013e0187
01850195
014e01a2
01170197
01700162
02650169
014e0147
014b0167
00e800b0
00cb00fd
00be00a8
00e10100
00bb0116
00bf00b9
00f7011b
00d3010b
01290129
00fb012b
00fa00fa
00cf00dd
00ce016e
00d000c6
00f30106
00e30122
00f800ba
00fb00da
010d00bf
00d900db
00fb00c2
00e800be
00f700f0
01420111
00a800aa
007600c2
00da00aa
00b200a0
00b200b5
00aa00ba
00ad00a6
00ba00e5
00da00f7
00ca00a0
00bd00a2
00d500a0
00df00ee
009d00b1
00c300fd
00c10102
00fb00e2
00d50145
00ff00b8
00c500b8
00d700e7
00dd00b6
00f80099
00c600ba
00b7006b
011000ee
00b90140
00c2009b
00870067
00990085
008c00a6
00680071
017b01ab
0139015b
0180011d
01300129
013b016b
017501c7
01550135
0157011e
00cd00ce
00f500d6
00c000d1
00d000a6
00d500af
0109013e
00d900cd
010000a9
00cb0169
00e3010f
012700ed
0123011a
011a00b1
00f000df
00d100da
00c800db
0127012b
00ce00e1
00f50129
013000d9
011000ef
00e30115
01300129
01400123
0119011a
00d100f6
00ef00f0
00c900bd
010f00de
00de00cb
019700cb
010a0117
010f00ab
00bf00e5
011d00d3
00db00c6
00e700c6
00cd00b8
00b900ad
00d700c3
01450172
011700c3
01390123
00f5013b
01200105
013500f9
01320111
01090150
00d800b5
00d100c6
011600c9
00b900b8
00d300fd
00ce010b
00e100c3
00e7012e
00d900a2
00d500b2
00c300d3
00f000c8
00e800f8
012b00ae
012000e6
00df00d9
01300150
00e00097
00e000ed
00a800ba
00f100f5
00ef00ce
00fd00ee
00ea00fb
01030099
00c100b9
019900cf
00cd00d5
00bd00af
00c800a9
00d600d8
00ee011d
00b200d3
00f700c9
012000e9
00c200ba
00c700ea
00fb00a7
00b500ca
00ca00ab
00c20170
00de0097
010b00b7
00f00105
00e900e8
00e200d7
010b00d8
010f0119
010300d2
0132011f
00cb00cf
00c300e6
00c100e2
00b900be
00f700d9
00ce00f7
01520285
0155015b
01230182
01a0013b
01cb0139
0125017e
01a501b2
01a50182
00d100b2
00b900d6
00b700cd
01100122
00c900df
00ee00c6
00c90116
014700bf
00e7013b
00c300eb
010d00f2
01020111
01350159
010e00cf
00e20127
00ca0127
00d800d9
00b000c1
00e100af
00af00ae
00b30116
00b500af
00eb00b2
00b900af
00d000c6
00a200cb
00a000c8
00d500f7
00c300b0
00c300b6
00ad00d5
00fe00db
00df0119
00be00b1
00db00c5
00d700a9
00da009e
00d800c8
00d700d3
00d80106
00a700f3
011800b0
00a600c1
00bb00a8
00e900b8
00f100d5
00c7010a
013200f7
016501e9
012001ae
01850189
01a00162
01290165
01b00172
015201d5
01a901ae
010b0139
00f000b3
010300c6
010300df
00ea00d0
011600d8
011900fe
011a00cf
00a100c8
00b500da
010000c8
00d900a7
00ab00b8
00ce00ba
00f600b2
008d00a7
00b1009b
00b700ae
009100fd
009a00c1
00cb008e
00aa00a9
00a100b9
007800b0
00fa01e0
00b700b2
00cb00d5
00fe0140
00e700e2
00e300b1
00ce00ee
00f70101
01320160
00d200a9
01090130
00cd0115
011200ef
00c500e5
00fb0127
01060111
00d300e0
00b600d8
00ba00b6
00d30097
00b300b5
00ef00ad
00d800c9
00a000bf
01350162
00f3012b
01190123
012b0129
012e015b
00fd014b
0123010f
00d80122
01100162
01050116
01290105
00ff0108
013e0119
011b00eb
00e200fa
0125016e
00a800a2
00b500cb
00e200c5
00cb00e1
00c00103
00b800e3
011a00ff
00d300ab
00db00b2
00e900ab
00a200f0
00dd00b2
00b600be
011600ab
00f100e8
00c600ad
00ed016b
008f00e5
00c5009d
00bd0097
00a500d7
00c200e1
011900ca
012b00fb
00b10099
00ba00a9
00b300ad
00e600d1
00c500d9
00d800b6
00cd0089
00a50095
00ff00f7
00d700ba
00c200c3
00f000d5
010a00b7
00e900c7
00c600d3
00fb009e
00b00107
00a30095
007a009e
00d100e9
00af00b0
009800eb
00c0009f
00c000e8
014900f2
00c700db
00d900ca
00ca00df
00d100aa
00bd0102
00f700db
00e000c3
00c000c9
00b900bb
00c600e8
00f900f3
011700fd
00dd00c9
00c60102
00ff0127
00e200b7
00d500bb
009600bb
00b70115
00b800cd
00e50105
00da00d8
00e600f3
00ab00e1
00b500b7
00df00d0
00c300a1
008e009e
008300db
009e00cf
009a008e
020b02c0
012e01a7
013e00db
01bb01cb
01400137
018b017e
021e022e
01a20157
008700fb
00df00ce
00d200f6
00d200af
00ca00c8
00f700ab
010b00f8
00d000a0
00d80110
008f00bf
00d500b7
010100c1
00df011a
00c100b2
00de0122
00e00116
00a900b5
00b000aa
00a9009b
011100c3
00d600ae
00c700b3
00bb0095
00aa00bb
01a001eb
012b0147
00f20180
01590113
00f50130
00f60117
015200fe
0132010a
010200de
01010149
015200fb
0116010b
00fb00ea
00d800fd
010000ef
014b00bf
01320210
0167013e
01250145
01110113
012e00f9
00fd00e1
010e00f1
01470169
010500ee
00fd00b7
00f800c0
00ae00ae
010e0106
00dd00e7
00e100bf
00d600e3
00f000d5
00cb00a2
00a200b7
00ae00bb
00b100c5
00c800c3
00d700ed
00b100c8
00c90106
00f000c7
00e500ce
00cf00bb
00c700ab
00c600ba
014200d1
00d000b3
00ca0113
00aa00a1
00b00090
00c10084
00be00ad
00c00100
00c700d0
009600db
0081007e
00d10088
007a0085
0081007b
007c0068
007200b9
007b0083
0082006b
00c00072
00ad00bf
0088008b
008400aa
008100bb
008e00b9
008f0091
007500a7
00c800a9
01050102
00ef00da
00bd00d2
00a500e2
00b900a6
00a200b9
00dd00c7
00ce00b5
008a00da
009b00cf
00d00092
00b500a1
00a200c0
00c80093
00d700eb
012e0107
012500e6
00ae00bd
00d200f3
00c500af
00d800d9
00b800cb
00f70106
016b01b2
01920170
015b0185
014e021b
01690235
01c201b7
01a2015e
01c90249
0127010e
00d700e1
00e200bf
00f100f2
00f500c0
010d00d1
00d200f5
00ee0106
00eb010b
011500ce
00e80107
01100119
013b00f0
00f600da
014700f6
015b0122
00a200c3
010600bd
00aa0127
00ca00b6
00cf00e0
00c600bd
00c000ed
00f000da
01090190
00d200e0
00c900d0
00a900a2
00d900a1
00f3009d
00f200f1
011500c8
00b600f3
00b80101
00ca00b8
00e100c0
00af00af
00ca00ed
00a000c3
00c700d2
01320157
01590192
013e0189
01550105
01520127
00bd010a
013e00e3
01400139
00cb009a
010000f0
00e600c8
00f100d0
00b900a1
00c900d0
00bf00ce
00d700d1
00c100b2
00b500f8
00b000d5
00b200a6
00b200a3
00d800bd
009a00ab
00ad008f
00b600d5
00ed00ab
00a500c8
00d7010d
00e200a7
00c600d3
009f00bd
00c600d1
010600dd
00ce00de
00f100af
00e800be
00f1010a
00da00d9
00c200e5
00cf011b
00db00dd
00f3010d
0107011d
00cd00e0
00e300d7
00fb00f3
00e200f0
01020159
00f800d2
00f7009f
00eb00c3
010100c5
00be00ba
00bd00d0
00fb00d3
00cb00bb
01f001a9
015b0140
015b0170
016500fb
014b0149
0132015b
01570132
01600125
01450187
01450185
018b0167
01470120
011801d2
01690197
01b5010e
01270192
011f00ee
00af0093
00c900d2
00e700b7
00b500d5
00b100ae
011d00ad
00d30129
01300152
00f90130
01350118
011a010b
011600f8
015900f8
0110017e
0111010e
008300a3
00920085
0071008b
00bd0076
009f00a0
00b10075
007e0065
006f00b0
00b30097
00a900b0
008700bb
0085009e
00c700be
00d6009b
008500d5
00da00de
00d9007a
011900ad
00e700d5
00a50147
00a600db
007e00b7
00d100d2
00ce00e0
0085009f
00ba00a6
00c200a5
00b3010f
00bf00a6
00a100a3
00b500c9
00b800f3
00a9008f
00d200a0
00c900a9
00ca0097
00b6008d
008f00d3
009500f1
00a600c7
00be00d9
00f200bd
00a700c5
009900e1
00a600bf
00fa009e
00ed00b9
00e600c7
00b900f9
011a00f2
010e00b3
00e200cb
010000f8
010000fd
00aa00bb
00c500cb
00c700b3
00f500be
00d300d8
00b500ab
00dd0086
00b700c9
00b900c7
009300e9
00c700a7
00da00d1
00a7008a
0103009d
00c100a8
00db00d1
00f600c9
00bf0118
00a500da
00b000a5
00b6008b
00b200db
0096009b
00c500c5
00e700af
00ba00c0
00d800f9
00960079
00de0086
00b100c6
00d700b9
00d000c5
00af00cf
00de00c1
00d100e3
00f900bd
00ce00e0
00ff012e
00e50110
00bf00bf
00d100f2
00c300bf
00dd00fe
00b900a0
00b300e6
00af00c9
00e300ae
00b300d0
00d80081
00a300b7
00b80105
00ce00ce
00b60101
0102009d
00ae00e1
016000c8
00c80145
00ca00c5
01890150
012900b9
00ff009a
00a600ae
00b200d2
00c10123
00e600de
00e3010e
011f018b
011e019e
0147015e
013b0192
012b0149
01c90137
01750152
01550160
00e10109
00e500e0
00e800f7
00ff0110
00db00bf
00f60177
014e0100
00d300ca
009700d3
009d0087
00bd00a0
009300da
009d0096
007b00c5
009a00a8
008c0095
00d900c8
00a600c6
00a100c6
00bd00da
00c300a9
00b6009a
009300b1
010000bd
00d300c0
00c000c6
010300d1
00e800de
00a600f2
00b900da
00c500d6
00e000d9
012701a2
012b0122
00f5014b
01320195
0132011b
014b012e
01420107
01590189
00d800e9
00dd00db
00e800d1
00e600d1
00b800e8
00c200fb
01020119
01070118
00e900e7
00a50099
00d800a3
009100b5
010000a9
00df0099
00cb0098
00a2008a
00d200d3
00c8008a
00d800dd
00a500ae
008d00c3
00bd00aa
00e60096
00c30084
00980090
00b000ea
00a700be
009500b5
00f200a9
00aa00bb
00b200d8
00920089
010700ae
0088007f
00b100d5
009b00ae
00af00c0
011600c3
00db00c0
00d500bb
00a50080
00df00ad
009200e9
009700d6
00ba0084
00a6009d
00cd00bb
00a8007e
01290147
00d700dd
00ba00f9
00dd00eb
00df00b3
010b00a8
010d00ff
010f00fa
01370215
00d90172
01220130
01370155
0152012e
01290142
01500140
01100106
013e0135
00d600df
01600129
00ed00ea
013900f9
010901ab
00fa0137
01200106
00e80119
011a011e
010a011a
014b00f3
00ad0105
011700fb
010f0122
0172010f
0105012e
00d000f2
00e000da
00f100e2
00be00e3
00c300fa
00e300e9
00ef00f7
00ea00da
00e600e7
015500cb
010300fd
00c300e7
011700b8
010700b7
00b900e7
016b013e
00ee00fd
00ee0152
010a0135
01670102
0107011b
0140012e
01070127
00af00af
00c700d7
00d900c6
00b000f0
00c300b9
009e00b6
012500dd
00c000f5
011d0175
00b600b5
00de00e1
00e000fa
00aa00ae
00d5011b
00ed0106
01420089
00ca00b0
00e600c1
00e600b8
011a00be
00c300c7
00dd00ca
00e500e1
00f300f7
00ed00ee
00af00ae
00de00f6
01110101
00fe00f1
00fd0105
00de00f3
01100145
00db00eb
00c600ce
00c70147
00a800c9
00ee00b0
00b800d8
00c80140
00c300ad
011e0159
01490170
00e900fa
010600de
01060101
0120013b
013b0142
01070127
017700be
00f700e8
00d100fe
00e80137
014e012b
013500e9
01750123
01350103
009f0111
0097009d
00aa00ab
009600db
00be00bb
00a300cf
011800b5
00a000c6
00ca00bb
00dd00da
00fb00ea
00c80105
00b100ab
00e70123
011700c8
00c100c6
010b02e9
00e0015e
00c1010a
01620140
00d20135
00e900d3
00f900f0
00e900d7
00ed00db
00f500d7
00fb00ba
012b00f2
00f500a5
00ea00bf
00c100c0
00c10147
011e0129
00b800ce
00e100ce
00c900d5
00b500b1
013000c1
00cd00de
00bf0110
00d100b3
00cf00a7
00c500d5
00da00d6
00e700a6
00bb00c2
00c70119
010700d8
01060103
00c100ae
00b800b3
00d700af
00b700f0
009a00a8
009f00ee
00a7007b
009e00cf
00b100a6
00ce009a
0099009f
00aa00f2
00d300aa
00e300e3
00a300c3
00b800d6
00e200b3
00d2008a
010f00ef
00d600f7
00d200bb
00de00a6
00cf00bb
00e500ef
00ba00c7
00b100df
00c200c3
012700bf
016200ef
011500c8
00da0122
00bb00a5
00da00c0
00cd00a5
00ba0096
009b00c7
00ca00d6
00a800c8
00b700b5
00e800f1
008e009f
00c200a9
00d200ba
009d00a2
00c800ce
00b7008f
00bb00d1
00cd0159
00f9015e
00ea0121
00fe00fd
010000e9
00d600ba
010a0109
00e500c8
00f200c1
00e3011e
00ee00df
012e00b1
00ce00bf
00b700e2
00c30118
00eb0112
00c300e3
00d500f1
00a700e1
009e00bf
008d00af
00f6008e
00d100bb
00cd0130
0112009a
009000b6
00ff010a
00b700c8
00b60127
00eb00d7
00e500d5
00d600fa
01800123
010000f5
00d901c5
00c90100
00f2010f
00f5015b
00f501a2
00df0112
00d00162
00ba00bb
00ad00cb
0091008b
006300ae
0097009f
00860095
009900ba
00b000a8
00b300cd
00b600b0
00c600ce
009e00e0
00e90096
00a900b1
00f100a6
0118016e
01230102
012e00d2
00fe013b
0116010b
0127010a
010b0123
014500db
009e00cb
009200d2
008f0073
00990097
00930090
00be007d
007c008f
0098008b
00c100df
01010100
01620137
00e900d8
013000b2
011b00e5
014b00c2
01320187
009900a1
00a100c6
00bb0122
00ab00e3
010000cb
00bd00b5
00d900df
00e800de
00e600d0
011000f5
00da00d2
00f100fe
00c300c6
013000e5
00ca00da
010900d2
00c800b0
00cb00c6
00d700bd
00c800b8
00ba00c9
00c100d3
00b500b2
00e900d9
00a90092
007b00b0
00b100b1
00cf00c0
00a70092
00aa00b2
00e300d5
00810095
00ae00cf
010900e3
00b000c2
00d300b5
014200cf
00cf010e
00ef00e5
00af00fe
00e000fa
00f900bb
010000c5
00ce00f1
00ef00cd
00ca00bd
00e800a6
00de0139
00d20077
009d00c7
00d200c0
00d9008b
008900e6
00bb00cf
00a900db
0092007e
00e300c5
00a100e9
00ce00a1
00e200c0
009800b8
009700a0
00dd00b0
01100081
00a700b3
00ba00d1
010e009b
00b20098
00a600a9
009000a0
00be00a8
00b5006d
00b100fa
00e3011b
00c6009e
00d200ff
00b500b8
00a900e7
00d500f7
01080107
01020157
00d0008a
00e900b9
00a500a6
00e700ae
00d700f0
00d800f2
00f10169
00ee0098
00f600eb
011000e8
00ee00e7
00db00d9
00d500e0
00d000a8
00b500d2
00fa0071
00b7008a
00e300d7
00cf0092
00c000b6
00bd009f
00a300b0
0084009b
00ba0073
00b800fe
009500a2
00a20073
009e00a8
009b008d
00a5007e
009900a5
00d000b2
00ba00c6
00ba00db
00b500df
00c600a9
00b600d7
00c10097
00ae00b6
00a900fa
00f6014e
00da0113
01070145
00f700db
00f200e2
00e300d7
00d200cf
010b00ff
0129010b
00fa00ee
00f00139
011b0139
010d00f1
00cb00ee
00d20149
00c3009d
009f0093
009500ab
01000081
00a700be
00a600b2
00ba00bf
0074008f
00e600a3
0142013b
00c900eb
00e100da
00b50127
00fd00b5
011500e0
00cb00f9
00a300cf
00cd00b7
00af00a3
0109009e
00c0008e
008500b2
00b500b5
00b900ae
00b900f8
00ee00b6
00aa00a9
009b00e0
00a200d7
00d800eb
00d500e8
00a500ed
00fe00d0
01130101
00ed00f7
00c7011e
00ff00fa
010a0129
01020157
010b010b
00e90129
010d0107
00fa0112
00c80137
00d600a9
010900d6
011100d0
0135011f
00da0089
0096008e
00a30125
00af00cf
00a000ea
00bb008f
00a600b0
00f800a8
00ae00e1
00a2009f
00a500cf
00f80082
00c600c7
00b900df
00af0096
00d30083
00e000c0
00ad00d6
00bb00b6
00ce00c6
00a700eb
00c600be
00b600d7
00c20092
00e90118
00ce00ab
008f00ca
00f800d0
00f300e7
01090110
00d800df
010000ef
006e00b8
00c90098
0092009b
009b0085
00b5009f
0086008a
007c0095
008c0076
011f01eb
013500cb
012901fb
0125016e
0132016b
0150014b
0162014b
0150011b
018e01ae
019000fb
01060127
0145016b
0169012e
0185016e
01500169
00eb0145
00cd00a5
00a100c1
00c700d7
00c200de
00db00c5
00b300ed
00b800c5
008b00c7
01650205
01030140
01de0111
0121011b
014e011b
00e6010e
01220137
00fa0129
00ae00d3
008e0082
009b009a
00a300cb
008b00c3
00a10087
008e008f
00a30098
00c6012b
00c300c1
00e300ae
00e200d7
00f700f9
010100fe
01470123
010500df
011d0175
010f0179
010b010e
011d010d
01270130
01ae0159
012e0152
012b00cd
00af00f8
00b900c2
00b300c1
00e100c9
00c100ca
00a80096
00b800d8
00ad00a0
00f2010b
00e30125
00bf010b
00ee00cf
00d00127
00d700e8
00d200fd
00de00f0
0093007c
00d700a5
009e008f
00d100b5
00ce00a7
00bb0095
00c500f9
009d00d2
013b0172
01750132
017e0192
0179014b
017e0150
01200162
019e014b
0155016e
00eb0145
00d80108
00be00fe
00f000c1
00af00e6
00e70101
012500df
00de00d3
00b200f0
00e500ce
00e100be
00fd0101
0113011e
01370179
00e50116
00f200f8
00c300e2
00be00f9
00ed00de
00ea0130
00bb010e
014000f9
00b90116
00f300be
01700127
00b800ba
00df0129
00ca00f5
00d300ba
00d100d6
00f500de
015b00ee
01470182
00f10089
00e20098
00ef0106
00be00f8
010d00bf
011b00fb
010b0137
009500ba
009600b8
00f500c9
00cf00cf
00be00d1
00a7007d
00b500c3
00c500a3
008f0098
00b100d0
009f0098
009e00cb
00b300b9
00a000a2
009b00bb
00ce00ca
00b800aa
00e500f2
00bd00af
00e600ab
00b300c6
00b900bd
00b1010b
00ef00d8
00a700af
009100fb
00c3010f
00f000b8
00bd00b3
00ad009e
009700c1
009b00a7
00fe0169
017e0149
00ef012e
0130011b
013b0125
01490152
01490135
015b00e1
00ba00ce
00c0008b
00ba00bd
00d000df
00a100c1
00b900f0
00be00bb
00c30099
01320149
00c30100
010100eb
00f900da
00e300d0
011300ff
01270145
00ff00bb
017501fe
0105011e
0165018e
0147013e
010600c8
011f0125
011f011f
0172014b
00a800ce
00d1009d
00dd009a
00b600be
00b200b2
00a100bf
00be00d9
00ae00c2
00c300a7
00d3009a
00bb00b1
00cd00e1
00c8008e
008000ad
00b200c9
00cd00c5
00c800c2
009f009f
00c900f7
00d800c7
00db00b7
00b100ed
00ba00d0
010800dd
00e200d2
00be00c5
00de00aa
00dd008d
00bf009e
014000d6
00f800a3
00b000b5
009800a2
008900b3
00b80111
00c3008a
00b000aa
00a200bb
008e00f6
00bf00ef
011a00d9
00a0008b
00a700fa
00cd00b8
00b500b9
00dd00bb
00c500f8
00f8010b
00ee00d7
013900ca
012b0106
010300c3
00e700ff
00d200fd
00eb00c2
010f0102
00ad00ad
00de00c1
00a700a6
008f00c3
00d300de
00b700cf
008500a6
00c700a6
00a700b7
00ce00b8
00cf00a8
00d200d2
00c800c3
00b500bb
009f00f8
00cb00da
00d70145
00ca00ce
00af007d
008a00a2
00b000be
00ce00db
009800b0
00cf00a6
00d70071
00de00f5
00c80119
00d000a1
00b900cf
00cb00b5
00de00a5
00a900d1
01ae01cb
01400137
014e0135
01320145
017b01a0
01180167
014e0172
01400177
00af00c9
00960127
00bf00a6
00a80097
00ce00ce
00cd00a9
00a300b2
00a60095
00a0009a
00f9009d
00e800d7
00a100bb
00b700be
00af00b5
00b200c1
00c300a9
021901a7
0189016e
018b019b
015901c0
01550179
01ae0108
01b20177
018701c7
00d100c5
011300f7
01080102
00f700fd
00b600c3
00bd00ef
012700d6
00de00ce
00b900d9
00bb00cd
010d00f7
00b100bd
014500d1
00cd00db
00d50162
00fb00b6
00e700c1
00db00fd
01d0012b
016000f8
0142013b
012700d1
00e500db
010f00ce
00b100aa
00b500c6
00fa00b6
00e8014b
011900f1
00d000d7
010300f7
00d000d8
01a700fe
00d100c7
00de00e7
00f6011d
00dd00d1
010100e5
00e70105
00f900e0
00780095
00c000d7
00f000e3
00e700ae
00e900b9
00b000ed
009500ad
00930088
00aa0092
00ee00e5
00c800a8
011300c6
00b700a6
00a900b6
00a200a6
008700ae
01200130
00a70107
00bf00cf
00bb00df
00e00125
00cd00ee
01550102
012700e3
00ce00ab
00a800b9
00b900ea
00a700c2
00c10150
00c60099
00ba00af
00cb00c9
01350150
00d800d8
00c50122
010b00e9
00ae00bf
00e100d2
00e700c1
00f800a9
00d600fb
00d300fa
0111011a
0150013b
00e10102
00f00155
00f900ee
00a800fe
00d100de
010600e0
00cf00d6
00b000cf
00ca00d6
011200e6
010700f6
00bb00b5
01290162
00cf0115
010600f6
00ce00f2
00ed00fa
00ea011e
012e00d9
00ea0132
00c20072
00d90105
00ed009a
00f600d8
00d100e6
00c60135
00d600c9
00d800d7
00cb00d0
00cf00ab
00c900ce
00d500ca
00f200a8
00c700ee
00f90121
00fb00f3
00af006b
00e800a6
00df00f0
00a600af
009e0095
00d30073
009f0091
00c80092
00f000fd
00a300c3
00b80099
00ce00d7
009300d6
00b800e7
00b70097
00a900ea
00db00dd
00ad00db
00e500ca
00e800eb
00d200e8
00d200c5
00c000d2
00da00d0
00ee00f8
00d100e6
010600b5
00c200f8
00be00b2
00a500db
00cb00a0
00b20095
01200103
00c700fe
00c000c8
00b300e6
00b800ed
010f00e9
0137011e
0127012e
011800de
00ef0118
01550130
0113012b
01770149
010f00ed
00e10106
016e00ff
009f00e3
00ff00e0
00a000ad
009700b9
00cf00c0
009d00a8
00a500a9
00b900e7
011a00ca
00bf0105
00ed00df
00bd0095
009b0112
00cd00c8
00d100d1
00a300db
018000db
015700b5
01070111
01320121
00ef00d8
018b00ce
00df0149
01220115
00a80091
009300c3
00ae00c0
00a600d3
00aa00e1
009800a2
00a10086
00c10093
01570120
00e900e7
013e0127
015000f8
017900e3
00fe013e
013501b2
01450150
00b7009e
00b000d1
00af00db
00ce00b2
00a900ca
00b100aa
00c900a6
00c500a3
014900d8
01060108
010f010e
010700ff
010d00e9
012200ed
00c300db
00e500e6
00e300f0
00ee0107
00c900cd
00c500ae
00cb00f0
00c500d9
010900ea
00e700c7
00eb00bd
00d700a3
00c700f1
00b200e8
00b200d1
00b300e8
00f000de
00c00118
00c500be
010600eb
00e50116
01620109
0118012b
00ef00eb
012500de
016b00e7
00c10135
00b300b9
00be0095
00fe00b2
010500a2
00b70085
00b800d7
00e600a9
00b300a3
00c000c1
009b00b6
00bb00a8
00b100a5
00d700c6
00d2009f
00a900e0
00d800ee
00c100b7
00f500b3
00f500d8
00e300e5
00b800d2
01230096
00cd00f9
00eb0169
00f100a9
00c9009b
00da00ef
00d900ce
00c700db
01320149
00ef00fb
01590135
00ea0119
00e7014b
00f200d5
00f5010d
013700e0
00ea00ef
00d50105
00cf007f
00e000f7
00c600b1
009500c2
00b0008d
00aa00b0
00d500a3
00ae00c5
00e601de
00b200cb
00a9008e
009a00f9
00b300a3
00af00e8
00a20096
00a500a5
012300c9
00d500e1
00a000db
00d800d3
009f00d5
00ab0099
00ad00a6
00a600ad
00a7009f
00b0009d
008e00b5
00c600b6
00d100a3
00b7006e
009900c2
00ba0097
00c70106
01060169
00fd011a
015200fd
00d6012b
012b00d0
00ff0127
01270115
00f900ad
00f70103
009100ca
00b7009b
00c1010d
00d20102
010d00fe
010100d8
00cb00ba
0147010d
00da00d5
010e00e3
00d60121
00de00fa
012300e3
00ef010e
00d500f2
00c200f5
00ce010e
00ff00b8
00f2013b
00c500af
00e600f2
00f80121
00dd013b
01320106
011d0107
0139014e
016e00e2
0127010f
00f90157
01220149
01c201b9
0155011e
0107014b
01d001c9
016501a9
0179020b
015701a2
01770145
00cb00ee
00d300f5
00ed0108
012200e9
00ea0122
00d800e6
0135011b
00f5011e
00d300b5
00ca00d1
00c100c6
00bb00bf
00ea00e5
00bf009b
00c300ca
00b500ce
007d00e6
007a00af
009d00c9
0090008b
00e5008b
009d007c
0085009b
00a50091
009e007e
00d20113
00d1009f
00c300c0
007100ce
00830096
00a500b2
00c200ae
0091010b
00de00ca
008b00b1
00ca00b1
007b00b0
00a800bd
00a2009a
009900a3
01300140
00ca00bb
00fe00d9
01210125
00ea00e2
01290109
011300df
011d01f5
00f700f8
010e00c5
00ee0117
012300d9
013e0113
01060109
010f00fd
016500ed
00c500a6
00b800b9
00e10092
00d600d9
00e200a9
00a900e7
00b500b8
00df0095
008f00aa
00f300e0
00db00db
00a900b2
00b900ab
00a900c6
00e900c1
00de00cb
00b800e5
00d000a6
00c300aa
009e00c0
00d900d6
00dd00c6
00d500ed
00be00bb
00b80093
008900a6
00c60099
009100aa
00ab00a0
009e00a9
00980096
00af0099
00d300b6
00db00da
00e800c3
00cd0129
00d200f3
00dd00da
00d600a6
00e900d7
00b600cb
00d300ff
00db00d2
00e100c7
00c200d3
010300da
00ce00c3
00ed00d1
00b1008f
00b900d0
008d00fe
00ad00c9
00a500d7
00bf00b2
00c000b6
009b009d
009300db
00d700e7
00b0009f
00b100e2
00aa00a9
00bb00b5
00ae00a5
00a8009a
00e60103
00bd008f
00d900d0
00c900bb
00fd00ad
00e800c9
00d300ea
00f100e7
00e001eb
008e009d
00bd0152
00ed007f
00790089
009900a6
009a00a6
00ad008d
011a00e2
00a800b0
009600af
00b700bb
00b70096
00e300cd
0109009d
00b500d3
00b90109
00e200ae
00e700c0
011800d3
00cf00e1
00c300ef
00ea00cd
00df00e0
00c100b5
00ef00bf
00b500b7
00fb00f3
010900c1
00cf00c6
00c3014b
00c300bf
009900be
00bd00e9
00ce00ca
00a800bd
00ef00fb
00b700ab
008b00c8
010d00d0
00c600db
00c300b0
00f500e8
00d000ce
00ca00f1
00d700e5
00e100cf
00c900d1
010500cf
00b30132
00d700a0
009500b0
00ba00c1
008800b5
008700af
00b500d6
00dd00f1
00cb00dd
01e50135
00e100e3
008d00de
011700bb
00c900d8
00b800f5
00d300d9
009a00da
00a500d3
00a300ad
00ce013b
00bb00eb
00d000f8
011100c3
00e80139
013200e3
01010109
0111011f
01090110
00ee00be
01150140
00ed00ff
021001d7
01420108
0182016e
01870175
017e018e
0165016e
0155017e
018200f1
0180017b
012e00fb
016b0140
01b001d2
01870189
01d00189
01a70139
017701bb
00e900ef
00cd00cd
009d00b1
00b300a6
00c90098
00e100bd
00c800e3
00fe00b2
011800f5
00f000f0
00b600a6
00d00150
00e100b8
00b100f3
00e80108
00d800db
00a900ab
00cb00e9
00c200af
00b300b7
00f900ab
00ae00ad
009a00b6
00b100d1
011800d5
009e00cf
00ee00ca
00cd00b1
00f900f9
00cf010d
011200a6
00f70122
00e5007f
00bd00cb
00be00ed
00dd011b
00c100e6
00ff00af
00e800d9
00bd0096
00d50152
01370112
00e800dd
01550142
00f300f0
01690120
00f20132
013b0106
00b90097
00e800c6
00a700ca
00860071
00910074
008b008b
006f0092
007a0085
01370107
0101008e
00be00c7
00b100bf
010300bf
00ce00cf
00d200b7
00e300b1
014500f8
012200d9
00d200f6
00ce0117
01190115
00f800fd
00d500ca
013200d2
00a8008f
00ce00a5
01000092
009f00a7
00ea00b5
00ba00ae
0096009a
00bd0084
00b70096
00bd009a
00a60098
00b500a3
00c90093
0082006f
00850096
00bb008f
00ae00a7
011300ad
00a5012e
00ca00f8
00bf00d5
00ab0096
00c000c1
010e00b6
009b00a3
00c800f5
00db00d3
00a600d6
00e900d7
008200c7
00be00c2
00e200b9
00d800c8
00990095
009600ad
009100ba
00ff00e0
00e900b5
00da00b1
00d500b7
015e01a0
013e00e8
0155016b
00e90175
01200179
01c9013e
013b0172
011d0116
00f60220
00f90110
011300e1
011500e9
00af00d9
00e900c5
01250149
011600e8
00a100a5
012100c6
00a000dd
00e500b7
00ca00aa
00c200bd
00b8007d
00d000bd
01590180
013901a5
01470165
015e0167
01230129
01020149
01490147
01550140
00b50092
00d900cf
00fe00f1
00ad00ab
00c500c7
00ab00d0
00ba00a6
00c600b7
013b0140
011100bb
018900a2
00ea00fe
00fe00fd
00e20106
00ea00fd
00bb0102
012b0157
01ae0108
014b0167
0129016e
016b01e2
01800187
01250149
01320160
00b900ca
00fe00bb
00b200e9
00e10155
00f800a7
00f500cd
00de00d2
00d800ef
00cd00ba
009a0081
00cd00b8
00b800cd
009b00e0
00db00a1
00b600a9
00eb00a1
019201b5
019b0107
00f30110
014900f3
011d013b
01690132
0149011f
01620165
009a0101
009b00a5
009d0095
00a600ad
008d006b
009900c3
008e009a
00d900a2
00d100b6
00d800fd
00d800dd
008700ba
00c000c8
00ba018e
00c200b3
00f200da
00ab00bf
00cb00de
00bb00c1
00c500b8
012700f2
011d00b5
00d800e6
00d20102
00f800ed
00cd0087
013b00f8
00bd00fb
00a000bf
016200eb
00ea00e5
01010137
01370142
0074009a
00d600c7
00c300d8
00cb00db
00a500e3
00bb00d3
00b500aa
010900b9
00ee0127
009d00ca
00cf00fb
010100ff
00b8010d
00d90102
00d1009d
00c000ea
00b000b3
00cf0117
00de00f5
009700c6
009b00c8
00d7009b
00d200b1
00de0083
00e100a0
00bb00b9
009e00a9
00bf009d
00c800b2
00b50083
00ae00b5
00db0103
01500100
00e900f5
0127011d
01490160
010d0115
01650118
0162016e
008000cf
0093008d
00a200af
00870076
00a800ad
00b500a7
00810083
009900b0
01420150
012300d9
01020185
01d0013e
01270165
01080139
014e01bb
01600115
01890180
00f30142
00f30113
011d0170
00f500fb
012900ed
01190149
00f000de
00ce00e3
010300df
00c800f8
00f000d9
00c800f3
00f800bf
00b300f9
0101010a
00d200b1
00c600bd
00b300aa
00c80113
00ba00f3
00b100b1
00a500cf
00c100bf
00c200e0
00ad00a1
00d500cb
011d00d7
00bb00db
010500ce
00d100b9
00d300cb
00d80098
00e500d5
00ed011a
00a600ae
00d300d5
00c100cb
00f300a6
00cd009f
00d20121
00e0010e
010200ee
010500c1
00cb00da
012000f6
00bb00e3
00c000a5
00e5009b
008500bf
00d20099
00bb00c3
00f100b0
00b100d2
00d100ae
00ae00b0
00bf008e
00ce0129
00a70125
00a100a2
00fe00db
009600a7
009000a5
00a600a5
0149018b
015700fe
012e0113
010b0102
013900f9
00fa010b
00fb0130
01720180
00c2009b
00a500be
00bf00d2
00a900cb
009300e2
008f00b6
00b000ca
007e009b
01010140
00f500e2
00e200dd
00e5015e
01270162
0122012b
00eb00c8
01070112
00b100a3
00ba00a9
00c700a7
00ce00b8
00a100ea
00c000d9
00c200bf
00b200ce
00ce00d0
00be00d9
00e300e3
00fd00d7
00f10100
00e700d0
00d30120
010000f2
011000d9
00ce00e5
00c90111
0101010a
01100102
00d300e9
00ca00e9
00d700d6
00bd0090
00b300b8
00c9009a
009d0086
00fb00a8
00da00a2
00a1009d
00a00091
00ab00e5
00b000bf
00e900d2
00cb00ad
00ae0098
00e200d5
00a800aa
00b500da
01250142
014e0108
011e0117
00fd0149
013e018b
010f0112
01b00127
01130179
00f300d6
010300c8
00d600e5
00f900c7
00f30152
00fd00c2
00c000f2
00d000e9
00dd00aa
00b6010b
00fb010f
010100bb
00e70113
013b0159
00bf00dd
015900d1
00bd00f1
00c800c3
00c000b5
00d900f3
00fd00c6
00e700e3
01150108
00f700eb
00890086
008b00c8
00a300a7
00a500be
00d6008e
00ad00ae
00cf00aa
00aa00b8
00f50180
010b00d1
01160103
00c60125
00eb0187
013e0118
00ee0149
0145010a
01020140
00c100ae
00d500b2
00da00cb
00c000ae
00e300d7
010600f0
010200db
00a60089
00d600aa
00d500a0
00c300f1
00ff00ae
00ab00ff
00db00b5
00f600f0
01090118
010a00f9
01090135
010100e9
00e50159
01590117
00f500eb
015b00e0
012100ba
00ca00e2
00d20108
00f00185
01210102
00ff00ed
00b000ea
00d3010f
00c000fb
00d500bf
00d300d1
010000eb
00b3010a
00cf00da
00be00d3
00c600c5
010800bb
012700f9
00f000eb
00d200be
00c200a7
011000a7
00e800e3
00b700e0
010100d8
00e200d6
00e800af
00f900dd
010900af
00d100cf
00ca00cb
012500cf
00b20095
00bf010f
00c300ba
00e500bd
00c900d6
00ff00d1
00fb00b3
00cf00b7
00bf01e9
00900095
008b0155
00e8007a
00840081
0082009b
008f0062
00c100b8
010000d0
00b000a0
00ba00d0
00e900d5
010000e8
00cd00b2
00ad0109
00d700ce
009b009d
00b100d5
00de0095
00b20097
007900ba
00d600d6
00ba00a5
00c700b0
0190018e
0170010e
01470129
01550152
01750162
018201ce
017b019b
01370149
00d00073
00c700d3
00c000be
00e800a9
00de008f
00d100f0
00b500eb
008b0087
009800ed
00f600ad
00c800c5
00bf00dd
00e600f8
011900ce
00e600bd
00ad00e7
00f900f9
00f800c8
012100be
011200e2
010700f9
011700f6
010000ce
011200f5
010300db
00e10085
00c900ea
00dd009b
011d00b8
00dd00c0
00b200b9
00b90098
0106010d
011f00fd
012e00f1
00e100ee
01170177
0112016b
0102012e
00fa0142
00aa009f
00a900aa
00c500a8
00b100a1
00f800cb
00d200cb
00c6009e
009d009a
00df0102
00c700ab
00e800f3
01070155
00b60092
013500f9
00ae00d6
010500c3
006700b7
008500e5
00fb00c0
00a200a9
008f00ad
009b00be
00bb00ba
009700a7
00b500e2
00b200e5
00a200e3
010f0152
00d600ef
00e000d3
00c200ca
00d100c3
00af00b7
00d800e9
00a600d2
00f000b5
00e600b1
011900ee
00ce00d2
00dd00d2
00a900c2
00c30091
00f200b7
00a500c5
010500c0
00e900e8
00b600f6
00b200ba
00ad00a6
00df00f0
011a010e
00ca010b
00e000c8
010a0122
010800c0
010100ad
008600a5
00dd00b8
00c900a0
00e20099
00ad00ce
00fa0095
00bd00bf
00eb00c7
01c00155
01210135
016e010d
012b0162
01450152
01650135
0190015b
01e90110
00a600f8
00d300c6
00a70098
00af00a9
00a500aa
00c000af
007300f8
00b800cf
00c300af
00bf00be
01090090
00c300cb
00a700d5
00a700f6
00ca00e2
00ab00c5
00b500a5
00b600e7
00af00e9
00de00b7
00c600e9
00e900c6
00cb00e7
00f100c2
01700150
00e800ed
00d70152
00e700c5
011600d5
01190107
01070145
01770147
011500f9
0147012b
011a0109
00ed0100
01450139
010a00f9
0172012e
00f10199
00df010b
00c900ee
00ae00f5
00da0130
00d100bf
00b80100
0098010a
011000aa
00c000ad
0101009d
00ee00cd
00c500fd
00c300be
00c300d1
00b700ca
00cb00db
00a80087
00a300ba
00ba00af
00ca00d0
00e200b0
00b800e3
008c00da
009a00d1
00dd0082
00c300ab
00cd00c3
00be00ae
009600f8
00cd00de
00d800b2
008f00bd
00d800e8
00c900d8
010100eb
00c000c8
00d200c7
00d200e1
01160098
012500ee
00ab0093
00c200c6
00b500d1
009f00b2
00d300a2
008d00a3
009200e1
00a500be
012501b5
013000f3
00f30116
00e10132
00ee00fb
01130119
01770159
00be0102
01950215
01420110
015201c5
01850210
013b0199
01b70169
015201a7
017001b9
01200180
01520140
01720152
01450135
015200f3
012e0135
014500f7
011f0157
00be00e6
00ab0086
00b200bb
00d800a2
00c900ca
00a100b0
00c80091
00d800be
011900f9
00d300e3
009200be
010f00b7
00f300bd
00c00107
00ba00b2
012b00d1
00d800c9
00aa00e3
00fa00b9
00ae0101
00de00bf
00c600bf
00d700cf
00bf00c6
00e300ae
00a200f0
00ba00a7
00c300a8
00e0016e
009800a3
00a500ee
00d700ab
013b015b
00ff00e1
01420109
01170120
01520119
016b011d
01970129
01390109
00de00ab
00ed00ba
00e800cd
010700d2
00a20130
00b100e3
00cd00de
00e700ce
00bf00ae
00d600d7
00bf00ff
00d700d9
00ca00d7
00ce00b2
008900a9
00b900aa
00b300d6
00c1008e
00b200aa
00e600a5
00b80093
009700b0
011300a1
00af00aa
00d50130
00c8009d
00e500c7
00f20092
00b100b2
00e500b5
00ea011a
00f200b0
00de0222
00df00d1
00ea00e3
00bf00d2
00d80110
00d10130
00e600eb
00f000e6
00ea0127
00de00c1
00cd00ee
011d00da
011501b9
00e800aa
01250145
01210177
00df00c0
00ab0105
00d300bf
00ea00fd
00f300b0
00f700ea
01090109
00d30108
00e800d3
00a200ad
00bb00c7
00e100d7
00d500ee
011700ef
00ce00ab
00d900b2
00a7011a
00db00a3
00f900de
00ed00e2
009f00b6
00e100c9
00d800ae
00b900de
00d200ae
00a500d9
00a500b2
00b200b5
00df0109
007f0093
00a300a8
00b900b7
00f900ff
0087010b
00f300b0
00bf00a2
011900a6
00e60123
010000af
00e10107
0072009f
00930079
009200cf
00e00080
008100b7
009e00a5
009900b5
00ab008e
009b00cf
009e0089
0095008f
00ae0095
009600c3
00ad008a
009d006e
00a30096
009900c9
0117010a
00cd00d3
00e300c9
00f20145
012b00fe
00fd00e0
00cb00f6
00be00ba
00fb00e5
00c200a5
011300ad
010b00b8
00d000c8
00ce00be
00c100f3
009200ae
00c3012e
00d500e0
00bd00a0
00c900c7
00bd00bd
00c900c0
009800a8
00b200c7
00db00c7
008600c7
00bb009b
00b0009b
00b50099
00a600c6
009300a5
00e5013b
00b900d8
01160125
00c700d9
00e800d1
014900db
00e10117
011e0105
009f008d
00e700d1
007600eb
009a00ad
00a60084
00ff0092
00ae0093
008b0097
00ad00ae
00b000a1
008b00b7
00d300cb
00df00c8
00c300a8
00c500a8
00b300d1
00bb0108
00c200a3
00c50091
00c50096
00b90096
0081009a
00d80095
00aa0089
00ca00e7
009e00aa
00de00d8
00c000d3
008900aa
00bf00c8
011200ff
00ea00de
00a30127
00f000c5
00ba013b
00c200e6
00c300f5
00ca00ca
012100ba
00d50105
00b7012e
00dd00a7
00f800da
00dd00b8
00d100d5
012e00bf
00d600dd
00da00da
00f10185
00e000c9
00d600c2
011200be
011100d5
00c800b3
00e800cd
010700cf
006d00be
008f00c7
00c000c0
00c2009d
00b900cb
00e800b1
00bf008b
008700bd
00d700e6
009f012b
011000d0
00c700f5
00bd0152
00ca0111
00b700c2
014500e3
008700ab
008d00a0
00b200b5
008900a1
007f00ba
00730088
0078008b
009a0085
00a800be
00ae0098
00c300d1
00e200c2
00b100b5
008f00bd
0097009b
00a500b5
00b700f1
00f5009b
00e900d1
00b900a6
00d300d2
012e0109
00bb00ad
00b000a2
00a100de
00ae00cf
00ba00a2
00b000a1
010e009e
009f00ad
00d300aa
00c800ff
012e00da
00d600ae
00c100ab
015200bd
00ef0130
01210117
00c200e0
00e8013e
00ba009f
00c60092
00bd00b9
00ba00d1
00b000c5
00b500a9
00e000ea
00d3009d
00b600a0
00e200b5
00b500ab
00bb00e8
00dd00e0
00ca00d2
00fa00b6
00d600e5
007900c0
00c700d9
00de012e
00bf00b9
00b500c1
00c500b3
00d700b2
00e30127
00a800ae
00ce00ef
00b100bf
00aa00d2
00ba00b1
00b000ee
00c200d6
00b900ee
00d60140
00ad00b7
00b500e9
00aa008f
00d300cf
00a100d9
00a100a3
00e100b1
01100108
00a90100
00f000f3
00e600f3
00da00de
012700ea
00e700eb
00b700c0
00a600fb
00be00e1
010b00d2
00e600e8
014b00d8
00f7009e
00de00ed
00cf00c9
00fb00ce
009700b0
008a00b7
00b3009a
00b900b5
00f300b1
00b600a2
008d0081
010200bf
00e6009f
00d000ff
00d300a8
00bf00bd
010d00c9
00d00097
00a200ba
00f200fb
00e6010d
00f00101
0110012b
00ef011f
00b300dd
00d600bd
011900c5
00990086
00a800aa
009b009f
008d0079
00c70096
008300c2
007c0093
00cf00a6
00ce00d3
00f200ae
0098008d
00b000b9
009d00b8
00ee00a8
00ad00c3
00d600f3
019b00d3
014e0129
0135015b
01490145
01d2019b
01b2014b
01230155
00e7012e
00e000ee
00f30127
00d1013b
00ea00da
012e012b
00c00112
00d70119
00ff00d5
0139018e
009200b7
008a00b9
00b700d0
00ea00c5
00c700db
00b800f3
00de0117
00e50118
010a00a0
00ed00db
015700cb
00d1010a
0105011a
01600150
01370137
0177012e
01110155
011a014b
01230159
01470103
01180157
016e011f
011a00db
01010162
00b700e8
00c10117
00d500e8
011600c9
011600e2
010b010b
01050142
01870152
0139013e
014700e3
014e015e
01470123
0113018b
014e014b
01600142
00e700c6
008d008a
0095007f
00a900ce
00dd009a
00b800cd
00f200f3
00eb00a3
00c800aa
00c200be
00af00bf
009e00b3
00da00dd
00a70096
00bd00c1
00d00097
01900150
00b60140
00c200c1
00fe00f1
01600100
013000ea
013b017b
010f014e
00c900f1
009500e1
010300c8
00b500b7
00be009d
00ba008e
00b00090
00e700c6
007a00ae
008b008e
00b20073
009a00d3
00bd0077
0087008b
00910075
009e006b
00ed00e6
00fb00ed
00ca00b9
00d70177
00ce00bf
011d00dd
011e00dd
00d800f1
007d00bd
00b200b7
008600b8
00b20093
008500c3
007b008f
006d008d
00bb00bb
0130012e
00e100e3
00f700fd
010e011e
00ff00d1
01400110
01400157
012b0111
00d300bf
012e009f
00bd00ce
00d500a1
00dd009b
00b90108
00c2010e
00f600de
00fa016e
00c800c6
00ed00c6
00bf0098
00ba00c7
00ab00c3
00be00b5
00d000fe
00c60112
00f30140
00fb00e2
00d3011b
015e00d2
011f0100
01300142
00da00dd
009a00c7
009700b6
00b200b1
00ef010b
009300c5
00e200cf
00a10084
00df00d9
00ed00dd
00ce00f3
00fd00c2
00df00d3
00f10118
00e70132
01350142
01130132
00b800a7
00d700ba
00cf00b1
00ee0096
00b700ab
00a500a7
00e50090
00e000bb
01250170
01170125
015901a5
00fa019e
013b017b
0140016e
014b0150
012b011d
00e500f6
00d00086
00a000d1
00d100c6
00bd00b5
00cd00a9
00dd00ca
00d300b2
00a300bf
00b700d0
008e009d
00a600b0
008100c5
00a600ad
008900a0
00c20082
0095007e
00cf010f
00a600ea
00d300f7
0090009a
00930106
00b80099
00c500a1
00a800b9
00b200ca
00cf00ce
00da00c8
00b300e1
00a300d6
00d500b5
00bd00a6
00fe017b
011700cb
014b00eb
012b0103
011a00e6
010e00d7
00f9010f
011500d2
00f100d0
0160017e
01450101
0182010f
01030123
01030139
01450147
01450130
00d700d7
00f600c9
00cd0102
00c70116
00f10129
00d800c6
00d200c9
014b00f7
029701ae
011d014e
01720147
01b201bb
01370172
01b701b2
01bb0187
01b00157
012e0120
00c5013b
01250152
00ee011e
010b0108
01020139
011f00d3
00f80123
0137012b
00b200f7
00d300e2
00d600d7
00d6008e
00ba00dd
00ef00ea
00cf00ba
00bd00d3
00d700ce
00de0129
015900f9
012700d9
00c000c5
00b900e8
00c1011f
00af00a0
00ab00c9
009e009e
00c00092
00d30075
00990097
00b100a3
0092008d
00b00120
00cd00b8
00b200f5
00c900ba
00b900d3
00dd00ca
010100d8
00fa00c7
009700de
00bd00a0
00bf00a7
00ce00ea
00b200d0
00a200df
00d000c6
009f00cd
0077009a
00910098
00f00096
00ea0078
00d100b9
008e0095
009b007a
00ab008e
00c100a5
00f300d2
010300a3
00b800bd
00cd00d5
00c100eb
00a200a8
00da0120
00f90169
00b7009a
00cb00c6
00b200c3
00ed00b5
00e500ba
00cd00f0
00ea00f6
00ce0097
00ea00ca
009500a0
013700b5
00b800e8
00ce00e6
010b00f5
00da00e1
00c000b5
00ee0119
00850096
00cb00e5
009000ba
00e100b0
008900dd
00d800b3
00d900c1
00d000a6
00cb011d
00a100cf
00c30107
00c0008f
011000d1
00ea00ae
007600a9
00b900ca
00c10081
00dd00a9
00bf00c6
00c700b6
008300cb
00a80098
00d600c6
00ef0105
00c300eb
00b800db
00fd0100
010e00d6
011200de
00ce00ff
01060083
00eb0125
00f800ba
00f60110
00eb0098
00eb00bf
00e500a6
00a100b7
00a700e7
00a60096
009d00bd
008000a0
00b800aa
008f009b
00bb00c7
00b200ab
008a00b1
00ab00a1
00b20096
00b300a6
00a000a8
00a200e0
009a0080
00c100bb
00f800ea
00e900f5
010b00fa
00dd0115
012e0117
00a100da
00f10106
00e60102
00d200f1
009e0100
00c900e0
00aa0120
00e300c1
00cf00bb
009900ce
00c800da
00d500e7
01080127
00da00bf
00ef00e9
00c000cb
00d900ca
00c100f6
00bd00ff
00ee009a
00ca00bb
00b100be
00ba00cb
008e00bd
009f00ca
00a90098
00a000ab
00e600a7
009f00d6
00f70098
00c700d1
00e70118
00ea0115
00c200d1
00b100b2
00e8011e
00b900ca
011900f2
00dd00b0
00de00c3
010100e2
00e10120
00f500f6
0175011d
021b012e
017b0177
01a0015b
018901ae
0169012b
0195017e
01c901f9
00c8009e
00920099
00e600a3
010f00ae
008a00b8
009e00ab
00ae00e3
00b800ae
00bb00b3
00c7009e
00bf00bd
00ad00b3
00e700ba
00c300c9
00a300e8
00c600cf
009e008a
00ba00a2
00bd00d5
012e00a3
00cb00b9
010b00b3
00a300a5
00b700d5
00af0085
00f800c5
00c700c6
00d100b2
00be008b
00a700cd
00b3009e
00c900c1
010300af
00aa00a1
00dd00d9
00cd00e9
00ae00bf
00ce00b7
012e00c2
00ba00fb
00b000fb
00a7009e
00b200af
00b500b5
00a800b2
009900a8
00ad00a0
009d00b7
00b000b0
00df00e5
00e000c1
00be0125
00d100d9
010e00de
011900fa
00c200c6
011d00b5
011600e8
015500d1
00e2013e
00d100ea
01070132
00eb00c7
012900d2
00fd00c8
00ca0091
008d00c3
00c800a3
00b800f0
00b300a7
00ea00e2
00e000b6
00930085
00ca00cd
00ae00b8
00f10095
00b700c2
008d00bf
00aa0099
00e100a2
00e8011e
00f900e0
00f200d5
013900d8
010200d2
00e90109
00e800d2
00b800e0
00e300a9
00f300b5
00cb00db
00b000de
00b000b6
00c300cf
00ad00d9
00d300cf
00c600ad
00ad009a
00ad00ad
00a600c8
00b800b5
00c200ad
00d600e2
008d0092
00bb00bf
00a800af
00de00f6
00ba00ea
00d200cf
00d600a9
00a8012b
00a600b8
0155014b
00c50106
01250140
011201b5
01180160
013001a7
0180015e
01100190
00a8009a
009900a9
00bd0112
00b100b5
00af011a
008e0095
00af0097
00c000bb
00bd00b0
00c700d3
00db00fd
00ae0098
00c100ad
00d500ce
00c600ee
00a300f6
01d001b2
01390195
0149012b
0123012e
018b0180
01470125
01a5014b
01920192
00c500e6
00bb00c0
00a800f0
00e800f0
00a900ba
00bf00cb
008d0097
00a700e2
00b200f9
00d800bb
009500a8
00b300f2
00af00d9
00af008c
00f600aa
00aa009f
010700c3
00c9012e
00ff00f8
009a00f5
010d00f5
00f800c5
00d600f7
01620108
01320150
00f30110
00c800d0
00c800b1
00d9012e
010800ee
00f100c2
00fd00ea
01010149
00d700f6
010e00e9
011a00d0
011f00db
010500da
0135013b
0129015e
00db0107
00de00de
00a600eb
00cd00c6
009300e9
00d200b3
00b100be
008d00af
009700f6
008e00c5
00b200a8
00ad008b
00ed0092
00cb0093
00b00096
00b7009b
00c100c3
013500d3
00ce00b7
00bf00e1
00b300c6
00bd0091
00a700a6
00a0010b
00970095
009f008a
00a7006f
00a000a7
009700ab
00ad00a2
007b00a6
00a30092
01150137
01370145
012e0135
00ee00eb
01770135
01180118
00e100fa
019000fb
00c200ea
00da00bd
010300c7
00ef00c8
00d90106
00cd0125
00fa0108
00c20100
00b500b8
00c200ea
008300b9
00cb00bd
00a100c9
00be0085
009a00a8
00ad00ae
010200e9
010100ea
010b0147
00f30121
00da00ee
00f200fb
00c7012e
00eb00f6
00f00135
00c00103
012700d1
010100f9
011500be
017b0102
00f00122
00d70132
02020170
00da0113
01390118
012700e0
0112013b
011e0157
016b0135
01020132
011600cf
00de00c1
01270111
00b300b2
00d500ff
014e00d0
010500c9
01270155
00a80093
00b700db
00d700d0
00de00b3
00b1008f
00b200ad
00b300a6
00a90097
00b700dd
00cb00c7
00b000e8
00bb00a0
00d000a1
00c800dd
00e700d2
00bb00e0
00a500c6
00b600dd
00c200a8
00a600c9
009e00c3
009500ad
00a900b8
00ad00c8
00a0009f
00ed00fa
00ee00d6
00c300fd
00d900ee
00df0135
00eb009e
00ba00b0
00de011a
00bb00bf
00ab00e0
00af0099
00d30097
00aa00d3
00cd00b7
00da00a9
00a700bd
01020107
00d100e1
00d700fa
00e800e1
00f80111
00bf00c0
00d30098
010f00f6
0130015b
01520130
010d017b
01520122
01070129
015b0142
012e00ed
00d0014b
01290100
017900b1
012900f9
011d010a
0145013b
01290152
0123012b
019b0162
016b0127
00fd01e0
015e0160
01890167
019901c0
0172017e
016001b7
00fe00bf
00b500c2
00fd013e
00d200c1
00f600b7
00c900ee
010e00d2
00d800e8
00df00ee
00e500e3
00ed00e3
010100d9
00be00e5
00f2014b
00df00f0
00b100a0
00d700ce
00c20122
00f300ca
00c700e5
00fa0121
011f0129
012500e1
00ed00ff
00cf0075
00ca00ea
00be00b6
009200c5
00c60091
00f500a2
00e000a2
009500ca
00c300cd
00e900ba
00ca00d2
00e90116
00b30095
00900105
00ad00bf
009000b5
0100007e
00d7010b
008a00c1
009d0085
0087008a
008100a2
0096007c
006b006b
00eb007f
00c30101
00d0010d
00c800cb
00a800d8
00d300c7
00e900be
00bb00c9
0149020e
016b0132
01770152
01ae0172
018e0180
013b0180
01590132
015b0160
013200f5
00da00e1
00ce00ff
00be00e8
00df0106
010d00c7
00f9012e
01350102
00a300ad
009d0091
00920077
00960085
008e00ab
007d0095
00960076
009e0095
017e0177
01150130
01390179
010d011b
0177017e
015200fd
01230199
01420149
00f10125
00cd00b3
00ba00d1
00c800ed
00fa00aa
00b700ce
010700ef
00da00f0
009b0100
00a700a9
00b000b1
00c300c0
009300be
009800a9
00d100e1
009300ce
00a100e1
009900b2
009f00d1
00cb0098
00ad00b5
009e0090
007900bb
0090008d
00bd008e
00d000b2
00d900b7
00ab00ad
00a800b6
00a9009d
00bf009a
00ae00a1
00b90083
00d10110
0093009e
00a90086
009600de
00830095
00a900d2
00a500ca
00fb00de
00e0009b
010a0107
011000eb
00b300f9
00c7010f
00fb00ee
00d8013e
0165013b
01490116
01bb015e
0197014b
0132019e
011e01d9
01c70149
01490150
00c300ba
00b200c1
00e90095
00ee012e
00c80112
00fa00da
00c500c0
00d200d0
010b00c0
00b900e8
00cb00e8
00c60152
011e00bd
00ab00db
013700a7
00f300fb
00af00b3
00c000a3
00eb00c1
00d700d8
00e2011a
00ba00b6
00c300e8
012b00f1
008600aa
00b000c8
00b00098
00a200c3
00a800be
009e00b8
00ab00ba
00b600b3
01290149
00e600ed
010b00e2
00ca00a7
00d500de
01590103
014b018b
0175013b
0189015e
01000125
0135014e
01590179
01f70160
0182016e
01ab015e
015e0117
009d00b8
009e00b9
00a300b0
00ae0091
00a100a8
008f0082
008100ad
00930081
00d900e6
01000096
01150099
00c600bb
010200c5
00c100f6
00b100dd
00b100d0
009b00d0
009a00ad
008b0075
008700f1
008100c1
00990093
00b90099
00c500d7
0089007b
00b100b2
00a800f1
00af00c2
0093009d
00c700a8
00a300a8
008300a9
00d800cf
008600a1
00a000f3
00ef00d9
00ff00f2
00e2012e
012200c7
012b00a7
008900e5
009800ca
00d100aa
010600b8
009700b8
00b100a6
00ab00d6
00ab00ca
00c500c3
00be0139
00ed0106
00b100de
00b800c0
00c300db
00cf00f8
00d800bf
00a000cd
010000f0
00e10109
00cf00bd
00b600e7
00ee00b2
00ca00c2
00c300f8
00af00ab
00a200a9
00d100a1
00fa00e0
00d100c5
00b600fa
00e300f3
00d60101
00cb00c8
00e300e9
016900be
013700b6
00e000f7
00f80109
0135012b
00ed0118
00cf00d0
00b100b9
0113011a
00a200c8
00cf0093
00ce00d0
00d700de
00d1009a
00b800e0
00a200ad
00d700e1
00b100c3
00d90118
009f0135
00e100a6
00e300cb
00d000af
00ce00a0
00a500e3
00d500b5
009600b7
00b3009f
00a80135
00cd00b2
00b000ff
00f000b5
009b00a6
00ab00d9
009700aa
00c700b3
00b9009f
00b500cb
00e300af
00e700de
00f80107
00ce00fb
00e700c6
00da00e0
00e800e6
012000d0
00c90132
00e2011d
00f80159
00ff00c6
01100100
00fb010a
010200e8
00ce00f8
014200ad
00d000be
00da011e
010b010a
0123009b
00fb0101
014700e0
00e500fe
00e100ad
00a700d8
00f000d6
010300e3
00ff00e7
00fa00c2
00d2010f
00c200c2
00d700d2
00a000d9
00b300a9
00d100cb
00b000e9
00bb00a7
00d30092
00b800cf
00bf00d2
00ae00a8
009a0096
00be00d2
009a00e8
00f500df
00b800c6
00e100d1
00f500c8
00cd00a5
00e500d5
00eb00ea
00f50101
011b00df
010b00fb
00f7011a
0130011b
0125015b
011a0152
01890105
01de0137
0119010e
01390165
00e70115
02220172
01a00112
014b013b
01870147
019e0179
01400177
016e0135
013e01b5
00ea00e2
00aa00ab
00d600b9
00c200e7
00ce00c0
00e200c8
00e500d1
00fb0112
01670159
00e30121
00f800ee
011700e7
00f8011a
013500e5
0125011b
0150017b
013000e2
010e00c8
01400119
012700db
010b011f
01c200fe
015e0159
011d0120
00e700ce
00d000d2
00ef00f3
01570117
00ea013b
00e70150
01100125
00c300d5
00db00f3
011300ce
011e00b9
00cd00c2
00d900d8
00b000cd
00eb00c8
00b000c7
00db0135
00da00e9
010600dd
00ca00c2
00e800f9
00fd012b
00ef00d7
00f500fa
00bb00cd
00a700da
00b30093
00c300c5
00bd009f
00d600a6
00ab00ba
00ce0091
00a700bd
00b2008d
00e000e3
00d300d5
00a700e1
00c000d7
00cb013e
00d700e9
00c700ba
009500b3
00b500a9
00ab00c2
00b80096
00ce00ca
00b800ed
00bf00e0
00e6009f
010d00c8
00bb00d3
00fa00d1
00ee00b1
00c5012b
00da00c6
00b700b9
013e00f2
00b500d9
00d300b6
00b800c5
00b10097
00b200c7
00cf00e3
00d900e1
00e60079
008900a9
00f3008a
00b10098
00ae00e5
008b0084
00770077
008f00cf
00e801c0
011000ad
00fe00e1
00cb0129
013900ee
01230101
01010108
0105017b
009d00b8
00dd00cf
00b100c7
00e100ca
00d700f8
00c300d9
009800c1
00e800b1
00ca0095
012900e0
00da008f
00d100aa
00b500b0
00c300d2
00af00ae
00d200aa
01420139
010a00df
00d900de
01350119
01120105
01a5010f
00de0118
00f6010e
00b60091
00df00e2
00fb00ff
00bd00a1
010200f9
00b500b5
00de00ce
00c800f8
00d50057
00bd008e
00d600b1
00b500b8
00c70093
00b800b2
009900a6
0097009f
00c90117
00a800bb
00c700c3
00d900a9
00c700c0
00e7010a
00db0145
01490102
010a00ef
00a80098
00d500be
00e700d2
00c00089
00b000ba
00ef00b9
00ed00f3
00c600d1
00a500e8
00d100b0
00c800c0
00930116
00cf00b1
00ff00ad
00a900db
012b0137
00ca0118
00fa00fd
01400120
013e00e0
019200db
015900e3
010f0119
00be0177
012700de
00af0137
00eb00f7
00e100da
00b00129
00e2011a
00d10167
010d0155
00f700dd
00cf0097
00e0010b
00b000fb
012900d5
00e600e0
00e70130
00870125
00bf0100
00c600a3
008300d3
00f10099
00c000d6
00aa00ed
00cf00af
00af0075
00b800bd
00d800bd
00a900e3
009200a8
00c8008c
00e20093
00e70095
011900b8
00af00a6
00a7009a
00d000b0
00b70083
00e00101
00ba00cf
00c8011b
00e300b7
00e000bd
00ad00d7
00ba00a2
00e5009b
00ad00b1
00b300a1
008200c1
00a100b2
010100e7
00e900ef
00950127
00f800e2
00fa00fa
00c800b9
00f000e9
00ea00f1
00db00f9
00e90092
011000f1
00bd00c1
00df0106
010700eb
00b900be
00eb0111
00cb00cb
00f000ba
010200fe
00e500ca
00d100e9
00c300f8
00de0112
00e600e9
00a6007a
009a009a
00ea00df
008700f3
00bd00bd
008600a7
007e007c
00a5008b
011d00c6
00e100de
009f0109
00c300cd
00d000fe
00c000b3
012e00f5
010e00da
00ed0093
00cd007d
00cd00e0
00d20106
00e000c8
01090112
00d100c9
01290175
019e0137
01420117
00fb00f5
01080149
0150013b
012700f7
01170121
0167019e
01cb0127
0129014b
010f01ab
0200017b
01420120
01470169
013e0149
00e000a7
00c000b0
008d0090
00da00c9
00b000b9
009300a0
00c000b7
00c000a3
014001f2
01220189
011801e7
01750172
0182015b
01820187
014b0189
01c501c9
010e00d2
00b200b1
00d700f0
00ff00ce
00e900fa
009f00e0
00fd00ce
00ef00df
010a00d6
014b009e
00d800d9
00d300f2
00ce00c1
00f90129
00e800dd
00f900eb
00a800c7
00d700fa
00b000b1
00b900ab
00be00c0
00e000a1
00b500c1
00bf00b9
00cf00ad
0096011a
00e7009a
00c8009e
00b600ad
00cf00a7
00a900bd
00a20086
00ae00cd
00df00bf
00d1011b
00c600a9
010000e5
00bf00bb
00b700e7
01170091
00b800d9
00ba008d
00bf00bf
00de00d6
00c000f2
00b900b8
00ef00a7
00a5009d
01900137
011100e7
01590125
00d60100
011e019b
01720142
01a20192
0132013b
0160010a
00ae00a9
00c100a5
00bd00ed
010800d0
01470116
00f800f2
00c50109
00f300eb
00fd00fa
00f300d7
011900fa
011e0100
00bb00c6
00d300c8
00f200c1
00da00fa
00ce0092
00d7009d
010d0101
00ce00ca
00e900b3
00d800bd
00e000cb
00b800c6
00c10092
00d800d1
00cf00c0
00cd00d3
00f8009f
00d500ab
00d30100
00ab00e1
00d800a0
00c800eb
00ad00a1
00d500b6
00b500d7
00b500c3
00ae009f
012000ae
011b00d9
01250115
01000110
011d0142
013200e7
00d20100
01000101
00ee00b6
010a00cf
00dd00a8
00d900d9
00c70117
00d800dd
00ba010a
00fe00bb
00b9007b
00a90092
009700b5
00720113
00ba00a2
00e100cf
00740095
00a500bd
00ce00e0
009800db
00d200ca
00e000c0
00e6010e
00d000cb
00e800eb
014900ce
00d600e3
00a600b1
00c1009a
00c300cd
00c700d0
00db00a3
00e100c9
00cf00eb
010a01b7
00f60119
01020105
0127012e
01090139
00fe0149
01770108
013e0127
00d200f7
00a8007f
00ad00bb
00b300c1
00c00091
00d300d3
009f00d5
00e200f7
01420103
009d00b8
010600c0
00e20101
00db0137
00d300ee
00f300f5
01350113
015701b9
01300159
01800132
014b0125
0116016e
01ae0177
014201a9
0145011d
00ed009b
00ae00a1
00a600d2
00b500a5
00c800f3
010d00c8
00ce00a3
009900c0
00b900c3
009a009a
00a500c3
00a100be
00cb00cb
00e900af
00a300a5
009b00b7
0081007a
00be008a
00cd00a7
00910127
00d500e2
00a300b9
00b000b3
00a800bf
00f000ca
00d900dd
00f200a6
00d000d6
00ea0096
010a00d9
00c900f1
00960111
013200fe
0195014e
010a010e
010600da
00e700d5
015b00e1
01750140
01a700f9
01190119
00d500e9
01130159
00eb00dd
013700bf
00fd00f6
00c5010f
00e70162
013e0199
01b90167
017901f9
014e0160
011a01a9
016e01a0
014e010e
0165017b
00c300a3
008200a3
00c200ab
00ca0097
009e00ea
00ae00b0
00c300a3
00a200b9
00c000db
00c600f0
00c000f6
00c900b6
01180113
01000108
013900ee
010500da
007f00eb
00b20099
00a300b3
008900c0
00af008d
00a800b0
009b00bf
008a00a0
009600e0
009f00a1
00cf00d8
010f00d2
00ae00e0
009e00b0
00cd00ce
00ae009f
00b700e9
00ce00c1
009500d7
00a600b2
009f00d6
00b200ad
011d00ef
00ba00a2
00d10199
00d50107
00cb00ab
00cd00d1
00eb0102
00c000f2
00ea00e7
00e800d7
00990125
008c00be
008300b8
008b00cb
00a700a2
00b2009e
00b80099
00cd00d3
00cb00c7
014500bb
00da00e2
00a80098
008e00c9
00d900c9
00b300ed
00c100c2
009e0099
00aa0113
00cb00cd
009500b2
00a2010a
00b000f0
0096008e
00c800c3
009700c2
00f300a8
00ca009a
010100bf
00ce008d
0099006f
00a20097
00a100b2
009200de
00d900a2
008d0122
00a800a6
00b900ee
00ad00af
00db00b7
00a8009b
0182011e
010500ff
018700f5
012b00f9
01800139
0139014b
01290167
01600140
008d00d3
00ab00ce
009800ba
00930093
00b600bf
009200df
00cb00d3
00c200af
009700fe
009800be
00fa00b0
00b600c5
00bb00a8
00d2009e
00e000c7
00b300be
00b90092
011a00c1
00c0008b
00ba00b5
00a900a9
00d500c7
00b200ef
00c900ab
00950091
00a800b3
00b500de
009800ab
009800a1
00b200d0
009500de
00d700b0
014000f2
00ba013e
010700f0
00cb00f6
00a200c8
013000b0
00e100ce
00ef0100
00e700d0
00ee00b8
00a200f8
00ef00f3
00e300c0
00ba00c1
010500da
00a500b6
009f00a2
00b20091
00b300d6
008e00ba
00ab00ba
00bb00a6
00e300c8
00b00097
010200aa
00b900b2
00b50081
00b90095
00cf00c1
00e1009f
008e008f
00a600b5
00a200a0
00c700a9
00b600c6
00bb00b7
00ce00f7
00a000bd
007800de
00d100bb
00d800ab
00cd00e0
00dd00c3
00ea00f9
010100f6
00ba00be
00db00c8
00ea00c3
008b00a1
00cb008a
00a3009e
00a100a6
00cb00b6
00f200c2
00b000b5
009b0098
00db00ab
00d200fd
00db00dd
00b900b3
00d300c5
0098009d
00ee00c2
00c900eb
00b8015e
00c60100
00eb00c7
00cf010d
00d500ca
00d300ba
00cb00dd
00b600da
00de0120
00db00c8
00d90099
00e300b3
00e500b0
00d500d6
00cf00fd
00d8011f
010301a2
011a00de
00ef0116
013e015b
01290106
01320115
00f500f1
014e0147
00e800f2
00ed00ea
00ea00df
011d00f2
00f700d2
013200f2
011300dd
00b800f0
011600f5
00d000ed
010f010e
011300d7
0107010e
0157012e
011b00e8
018000f1
00d6010f
00da00a7
00d700bd
012b00e7
00d500ff
00b200d5
00e20111
00f500c3
0096009a
00cf008b
00c800c6
009800c9
00cd00c3
016500a6
00b200b9
00c0008b
00ae0106
00a1009e
00cd00b3
00b500b8
008600b0
00ba00b5
00ca009f
00c200af
00cf00f5
010d00ce
00f700c3
00f000e5
00d200f3
00d300bf
00ce00f2
00e60108
00b90093
009800cb
00a700bd
008d007a
00ba00a0
00de00c5
00a50093
00a10097
00f100bd
007b0087
00f300ba
00f500c6
00b200bf
00ad00b2
00d500e6
00b300a5
00c300b0
00e900cb
00bd00d0
00b2010d
00bf00cd
00c300c3
00a200c6
00f700b5
010b0252
00f800fd
00bb00f6
01c000b9
00b000bb
00a500d5
00c00118
00f200fd
00b70093
00e100ab
00a700c0
00f200e2
009e00ef
00c200a1
009d00cd
008900d6
008a009a
00a500af
00a00095
009e00c3
00a80092
00c800af
00b100d2
00b700aa
01600149
01c9013b
01be011e
016501a0
015e01b7
01770127
011e015e
012b014b
015900b8
00f10120
010f00df
0130011f
00fb0132
011a00e5
00ee00cf
01060110
00600099
00c500a3
00af009d
008e0076
00b900ae
009e0087
008f00a2
006d00a1
00ce0100
00c7010b
011e012b
00f7010e
00e00112
017700ed
00c80107
00e700c6
008300df
007f00b9
00b2009d
007600a8
00be00a8
00ce00d2
00b600f0
00a000f3
009d0090
00bd00a9
00cf00d5
009b00af
00a000c6
00b000f3
00a200cb
00d100d0
00d9009d
00a70105
008500c1
00c200d9
00da00ab
00bb00d5
00d700bd
00d300cd
00ea00f6
00d700a8
00dd00f0
01080129
00c000bf
00f500d5
013901b7
012100d6
00a900d8
00b20095
00cf00ae
00a000b2
00a600cb
00b900ba
008d00b8
009a0096
00f200e3
013000bb
00c90147
00f60106
013e010e
010b011e
0162011d
00c20118
009d00cd
011800b1
00a200d8
00aa0120
00b500cd
009f00cd
00b000bf
00bb00a3
012300ae
00b200b1
00fb00cf
00bb0088
00b900c0
00e600e7
00ca0107
00fe00b1
009200bd
00be00b9
0095009b
00eb008f
009500dd
00a100b3
009800d0
00af00d5
00e70109
00e000cb
00d700e6
00d60120
0137013b
00e30106
00f30110
011a0127
00a500ad
00be008b
00ae00e6
00b60098
00c900c1
00db00cb
00c500b8
00c800a3
00e00172
00e200ca
00db010d
00e600da
00e300ed
0115010a
00f50103
00bb0139
00d70098
00b70090
00c100df
009d0087
00d200c1
009000ae
00f000b6
009b00b3
00cd00c8
00be00fa
010300da
00d600f5
00b300e0
00cb00f1
00c100d6
00b800ce
00ef00c2
00dd00b5
00ee00d9
009500ba
00af00ae
00f600a0
00af00dd
00b100f9
00d500c8
010f00b5
00c30100
00b10137
00b500f0
00f900ff
00ce00d5
00d200b7
010200a9
00d800d8
00bf00f1
01150132
012b00d9
00d100c5
00da011e
00d70110
00cb00ba
009500ab
00d700bb
00c50089
00bb00a7
009d00e8
00d500c8
00d1009d
009800a5
00aa009e
007a009f
00a20087
009200a3
008900c9
009000d1
008e007a
009d0098
00cd00af
00b900ab
00b700ae
00ee00d8
00cd00e9
00aa00e8
00fb00d3
008600d8
00bd00b0
008a00b2
009500a5
00a800a0
00ef00af
00ca00b7
00a200ca
00e700d0
00b300af
00a600a8
00b800d7
00e600c7
00db00bf
00b700d1
00eb00dd
00af0073
00ab00a2
00c800c9
00c700af
00a300c3
00c100ce
00930093
00950081
01b90113
00e0009e
00df00ea
00eb00c2
00c600b5
00c300b1
010d010d
00d600c6
01900187
013b0123
01290150
013b014b
01420170
01400185
012b0137
013701ae
00b100ab
00e500d8
00a000be
00a500b6
009900a1
00a30096
00b6007a
006e009a
008800b2
00b300c2
009a008a
00c50093
00bf00c2
00af00a7
008400a8
00fd008e
00e300b0
00b100c2
00e600d5
009f00a7
00af009d
00a00089
009f00cb
00b500ad
00ff00ce
00f000cf
00e900cb
00c600e0
00fd00cf
00da00a7
00a500f9
00bd00c9
00e000bf
00c500a9
00f000cd
00b00076
00b70098
00c000ba
00de00b6
00d200bd
00ad009e
009100ea
00b300a7
00a900a5
00bf00b5
00b800d8
009e00c7
00d0009d
01110109
00e7011b
011800a1
00e500df
010b0123
00c900db
01120100
00c80113
00f500b0
010600be
00d900d1
00e500af
00b600c6
00e100c5
00b800d3
00bf00f9
00b500a2
00b70093
009f00f3
010900b3
00bf00a0
00b800da
009e00a1
010000a5
0109015e
015000eb
012b00d6
015b00cd
01820123
00e3010f
010d0130
011501a2
00de0118
012100c3
00a700b5
00d000c5
00bf00e7
00bf00ab
00db00cf
00f20112
00810113
008b009f
00e600a5
00c10083
009d0095
00cd00c6
00b7009d
00a300b8
00cb0120
00ce00b0
00ee00b7
00da00bb
00a000c7
00b800b9
00c700af
00c100e1
00e7010a
00df00ba
010200ff
00db00f6
00db00e1
014b00f9
00e8011f
00f200f5
017b0165
01690115
0177019e
01000118
019e0123
014b0101
01210192
01120108
00a1009f
00af0076
00a20096
00c300be
009a00b1
008f00a0
0082008d
0095008a
00f20125
00ce00fe
01470105
010e016b
00ce00ef
00f50102
01150149
01350106
00a3008b
00db00f9
00a000e3
00be009f
008e009d
009b00a8
008c00d9
00bf009f
00b800fa
00c000a9
00c9009e
00ee0129
00e100a1
00bd00d5
00bd0105
00ca00cb
00ce00c3
00d70100
010d00d0
00f300da
00e600f6
00f500d0
011a010f
00f900ee
013700f0
01000099
00a800aa
00bf00de
00cf0100
00d30111
00d900d5
00fd0110
011b00d5
01250137
00d100d2
013e0157
00f1012e
012b00d3
012000de
01220118
009d00ab
009d00bb
008d0093
00ab009f
00c300b0
009200a2
00a30096
0097007e
010200ef
015500d9
00cb0117
00e800be
00ed0135
00c200e1
00f900ce
00ba00fa
00d000bf
00a500c2
00d80086
00ad00a3
009300f0
00d200a1
009900a2
00af00b0
00a800b3
00b000bd
00cb00a9
008600b0
00cd00ba
00a3006a
00a700a2
009100a5
015e0147
015b0140
01200132
00ff0102
018e0121
01300113
01300147
01160190
00b900b8
00b700cf
00a000d0
00a3009b
00af00a5
00d500a5
009600c1
00d50085
009900f8
00ba008d
009d00cf
009e00da
009100ab
00ab009e
00a70101
008e00da
0145013e
01a90111
01090169
010a0180
01270132
0182012e
01590150
01300152
00f6017b
00d10123
00e800b9
00f800f0
011600d8
01520108
01060130
01020121
01b00185
01000145
01a00175
01400112
00e000f0
013b00c5
00d300db
00d90122
00b30097
00dd00f8
009900cb
00be00cb
00b900bd
00a100c1
00a30112
00c300a7
00e600f1
00b100c8
00af00b9
00d900c2
009d0110
00e100ad
00c100e8
00a800d8
00c7007f
009a00a8
00a100d5
00b300c3
00ae00a9
00f200a2
009f00be
00e2009e
00ce00c8
00b700b7
009600e7
00c500d0
00da0082
00f500b0
00a200f7
00d3009d
007f0074
0187011d
00b000aa
00d10098
00c900db
00a90098
0089009e
009d0073
00db00aa
00e600fd
00cf00b8
00ce0100
01270106
01020118
00e800c9
00e30137
006e008a
008900af
009300d2
00a2008f
00b0008a
009b008b
00990095
00c300a7
00d10127
010100cf
013700ee
00fe00c6
012b00d8
00e00177
00be0108
00d5013b
00d200bb
00d100ca
00e600e5
00ba00cf
00ed00cf
011f00ed
00ca00e7
010e00d0
00d300ee
00910085
00b500b2
00ef00c3
00b500df
00be00c3
00bd0099
00a900ad
00c50095
00e800e9
009e0100
008e008a
009900d8
00bb009f
00ae0099
00b000c1
009a0098
00d500aa
008700c6
009200ba
00a50097
00ba0097
00ca00a7
00bb009b
00c700c6
00ba00cb
00ad00e2
00e100c6
00ee00ba
00b600cb
013700bd
00c300ba
00a500c0
00ab00b2
00a100b3
00b900a2
009e00aa
00c50082
008f0079
00cb0082
009e0105
00af007c
00ae00c6
00b700a3
010900c9
00c300db
00b800d7
00bb00c9
00ae00a2
00d100be
00c000ca
00da00d6
00c700db
00d500c2
00a300b2
00980095
009f00a2
00a200d0
00fe0135
00da00cf
00f600e1
00db00f1
00b800ba
00c500d7
00c900ca
00c800c0
00a600b6
00f300bf
00b0009b
016000e5
010f0101
00d100d1
01450205
01750102
01320100
014b016b
018e014e
017b018b
01120142
014200f7
00a100d2
009e00a9
00ce00c2
008900b3
00ce00b7
00b200b3
009000a1
009b0085
007d009a
00980078
007700a2
00c300a3
008a0087
00970085
007c007f
006d00a7
011200b3
00ca00ca
00c50098
00a20117
008700c2
00ed00b9
00b900a3
00d20102
00af0079
009800ad
011f00e9
00b300c2
00c800eb
00c800b5
00b300b2
00d500ae
018b0205
00db00cd
01320187
012e0172
00e60139
012b0179
014201b5
01370122
00b300b0
009300a6
00b200c6
00e500b6
008b00a1
00d0008e
00a8008f
007f00ae
00f600c9
00bd00ef
01160172
0119014e
011500e0
01090140
00ea00d5
010e00fe
00db011d
00fa00b8
00af00d9
00e000c7
00f800eb
012500d1
017700cd
00cf00f6
00fa00a6
00c300d8
00d200e7
00d100cd
00f100a2
00d60113
00f300e7
00cf00d1
00c200a6
009300ed
00ef00da
01450139
00d80106
00d100d5
00ff00ba
00f000f3
00b200a8
012500b2
00d100aa
00b5009d
009b00a8
008600b2
008b009d
00af00ae
009e00bb
008a00c2
00b8007b
00cd0099
00c00106
00a30093
009600c0
009d00cd
00970060
00d300ca
00a50106
008900c0
00be00a9
00860083
00a600ae
0099008a
00e70150
0169015b
013e0121
010e014b
0147013b
01370129
00d90192
01350110
00eb0116
00d80111
00f600ce
00ee0150
010f0116
01160127
01070127
01020108
00b100b0
00a000c7
00aa00a3
00b600e6
009600c5
00a900a6
00a70096
00d700b8
00ef0159
00b700ae
0135010a
00ce00b3
00d000ce
00cf00db
016200f1
010f00ff
010e00a2
00ca00f0
00c80102
00da00ce
00a30112
00ae00d6
00f800c8
013000f3
00d700f8
00ba0097
013000cd
00dd00bb
010800d9
0125012e
00f60115
00e500d7
018700e7
01c70149
01320139
011601a7
00da00f5
01200145
013e0162
018e018e
00c50096
00bf00c0
00d900c9
00f500e8
00c100c2
00a9013b
00b600e3
00cb00b8
00f30160
012500ca
00c300bb
00ee00b1
00c7009a
00f300c5
00a500d1
00bf00d0
00b10082
00ba00b8
00c100db
00c6009e
009b00a3
008600be
00d200b2
00b000a2
00da00d2
00aa00ed
00e100de
00e000fd
00d700cf
010b00f1
011900fa
00d500db
00c3008a
00c20099
00c500d3
00dd00db
013500e2
009a00ba
00bb0116
00b300c6
00b700c8
012200c9
00b300f9
00ba00d7
00bd00b2
009f009a
00aa00ea
00b900ae
00c500d1
00ea00e8
011d00e9
00c200f2
00ed00d2
00dd00f8
00d1010f
01320137
00a700b5
00ee009f
00b800ab
00cb00b7
008900aa
007500bb
00b200b2
00900093
00b80088
00bd00db
008c00e7
00a600bd
00d200a5
00d200af
00a1008f
009d00d2
00b800c1
00a200c1
00d800c0
00ef00e3
00e600b0
010200cd
00e600dd
00c300be
00da00d3
0095009e
00e300e0
00b200d6
00a200a2
00cb00da
00ce00a7
00b300ae
0089009a
00c30125
00be00bf
00cb0097
00a900b2
00cd00ae
009500a5
008d0097
00d1010e
00a900c5
00c600b5
00bb00df
00d800c5
00be0086
00e100dd
00ab00ab
00db00db
00e60118
00c800c0
00d600c1
00f50099
00a200bd
00d800df
00bf00cf
00da007f
00de00fa
00a000d8
00ae0115
009100a3
009500ae
00c500b3
008e0092
0070009b
00b00091
007c0098
00b600b6
00ae00f3
00660087
007e009f
007f0089
00b500d9
00c800b6
0090008d
00a500c0
00a900c1
009e00c7
009b00e7
00ab00c2
00b900c8
00aa013b
00ba00d0
00ae00d2
00b00098
00c0008f
00c700b6
00c900be
00f80145
00c500de
00e800de
00aa0105
00f80132
00cd00db
015200fd
011800d6
00de0099
00c000cd
010d0115
00f200e5
010700c9
00e100f7
00ba00c3
00c600c2
00aa00ad
00960100
00db00df
008200db
00c600be
00b30103
00e700e7
00cf00af
014000e1
00c900f5
00ef00ae
012200a1
00c900e1
00ad00ca
009100b1
00b600cd
00b000c7
00bb00af
00d300d9
00a800c9
008a00e8
00ad00ad
009f00a1
00ba00d5
00f2009e
012300ca
00cf00bf
00e600da
00d90092
00ee009e
00e700fd
009f00a6
00af011e
00c600c1
009600a6
00eb00d8
009f00e2
00d600cb
009d00b8
00d300a0
00f600e6
00cb00bf
00c300be
009300b6
00c200b3
010200d7
00f200ce
00ce00c1
00e000cb
00f100cf
0152011b
00b70116
00c80119
00cd00e5
00ef0111
012100f8
012100ee
00d800bb
00e900e2
00df00b5
00ce00ee
00db00ed
00c500d7
00e800ba
00a800e5
00d600a6
00b500c2
00b60097
009d00af
009f009e
00ad0096
00c20098
00e200de
010b00d2
00b200d6
010300f1
010b00a9
00e100fa
00c200cf
00a8010b
01090140
00f700ab
00f900e0
00e000ee
00e100db
00f80102
00f200e1
00d00116
00b800bf
00bd00c5
00df00c8
009e00e5
00b100c0
00da00e2
00da00bf
009300bb
00c000b0
00d500c5
00a600c7
00d100bd
00ab00fd
00d100d5
00a8012b
00a700eb
00e000d9
00ea00dd
00f5011b
011000e1
00ef00f2
00ab00d7
00be00ed
012500e0
009a00f1
00f700d1
01350090
00ce00b9
00a700df
00cb00d5
00e900cd
00cd009f
014200c3
013000e9
00dd010a
00ca00ea
00fe0122
00ee0107
010200ff
00e800ea
01120105
00d700ba
00dd00a2
00ca00ca
00f500c5
00be00ef
013900ee
00c30100
010200a8
00e700b9
00ab00c9
00c000b7
00a200b9
00bd00c8
00ae00a5
00ad00ad
00bd0091
00da00a9
00be00bb
00d100db
00ba00df
00e600e2
00fd00bf
00e30101
008500eb
00c500bb
00ba00e6
00db00ba
00b80096
008a00c8
00ad00b3
009900d1
008b0091
00da00b8
00b000f2
009d0118
00a700d8
009d00a1
00ba009d
009000a1
00920107
00fd00f0
00e500e7
00e000d5
00e000c3
00dd00c8
013000d8
00cf0083
00aa0093
00d300d5
00c600aa
010600a9
00a500be
00d3009d
00f1008e
00a80099
00c500ef
00b50081
009100af
00a000c8
00d300d3
00d2012b
009800c7
00c600b2
00bf00b7
00d90100
00d90099
0099009e
00a1009b
00b800af
00c100cd
009800c3
00a900c2
00be00a2
009000b3
00c600c2
00c100be
00a6008b
008900ad
00960091
00a600ba
009300ad
00d800ab
00ae00bb
00dd0099
00bb00ad
00e2009a
00c80127
00e800d2
00b500e6
00b500c9
00fb0119
00bf011f
00d500ca
00ce00a3
00ef00c7
00d9009d
00db00c5
00d100d5
00bd009f
00a700ce
00c100d0
00ba00b2
00c900a8
00da00c1
00a9010a
00b800c1
00b7007e
009600ab
00b5009e
00a000dd
00a200aa
00ca0115
00e900aa
00aa00cd
00e000b2
00bf00eb
00ef00e6
00ae00a8
00ce00c5
00a1009f
00a80085
00bb00f3
00c700ba
00ca00a5
00af0090
00a800d8
00ba00a2
00c600c7
00ed0099
00d600d2
006f00a5
00b000f0
00b500b6
011300d1
00d000b2
00e200c9
00bd00fb
00c100bd
011100f1
00ee00ed
00f700eb
00c500f8
00e200df
00d9010f
00b300c0
00d600bd
00c70139
00db00e9
00b800a9
00d200be
00a70109
00ed00d3
00910088
00d300d3
00cd008a
00d600db
00c00117
00d200d3
00e800da
00a100c7
009b0091
00f300ad
00d000e1
0098008e
00aa00bb
00e200b0
00b20095
00d600a0
00b000ad
009600a2
00a200ad
00c600b5
00a200da
00ea009f
00d000c9
00cd0108
009e00e9
00a0009b
014500c1
00de00bb
00ef00c3
00ef00ce
00f2014b
01670177
00eb00cf
00ba00aa
010100b6
01130110
00f500a8
013000fe
013b00f2
00ab008b
00b200b0
00ea00d2
00ab007d
009100cd
00bd0081
00ab00ad
00ad00ab
01090115
00d500a1
00ce0111
00be010d
00c200d5
00d000f8
015500eb
00e00135
00be00c9
011200c3
00b900ba
00d500bf
00ba0096
00d300c0
00f000a0
00b90112
017b018b
00e80197
0172018b
01990170
01ae015e
01c0015b
01ae018b
01300132
00ca00a3
00ef00f6
00b600d6
00e500d0
00bd00e3
00ee00cb
00aa00d3
00b000b1
013b0160
013e00a3
00b200c1
00e700b2
00c500eb
00eb010e
012100e8
00c60110
009100bd
009200c7
00dd0085
00a000b7
00ae0095
008500bd
007600bd
00c70096
009b0098
008c0099
0081009b
0098008e
00c5007d
00d100a5
00c600b0
009f00ab
00870092
00d700b6
00ed00e7
00cd00bb
00a200a9
00e00091
00820082
00ab00af
00a900d6
00fe0097
00c900eb
00bd0110
00dd00b0
00d600ae
010700eb
00ce00ed
007c0108
00a700b5
00b300bb
00a000b7
010200ce
00ab00a3
00e300c3
00ad00a8
00a100e0
00be00a1
00bd00a5
008100b2
00a100be
00ca00d1
009f00a8
009200a2
009100c1
009700a6
00e9007f
00da00be
00c200cd
0082009b
009d00e2
008900a3
010500e0
00e2012e
00c600df
016e00df
00e800ff
012700f1
014000eb
00f200d6
00da0105
00f300e9
00b100f9
00f900a9
010500ff
00b000e0
00d300f3
00ad009f
00d60096
00c200e0
00c700b5
00a900e9
00ad00ca
010300d2
00a2009b
00a900ad
00ab0099
00c600c6
00da00da
00c000e8
00b100c1
00a000ce
00aa00d0
00b600f2
00c700c8
00cf00d0
00c200b7
00fd00cb
00e300bf
00bb00cb
00db00c3
00b600d2
00c300f2
00c600d2
00ae00c5
009e00b9
00a600d9
00d200c9
00b80117
00da00ca
008600cb
00fe0093
00c000ce
00a300b5
00bf00c8
00be00c7
00e30099
00b300c6
0095007d
00ff00c5
00ae00f3
00cf00cb
0083009b
008e0081
00ab00d0
00ab00a5
00d500a2
00b600d0
00e800b9
00e300f2
00c900b8
00e300a9
00ce0111
00f100af
00b3006a
00ca00fa
00b200a3
00f500c8
00b100e2
00ce00d1
00bf0096
009500ae
01be01b2
00b800cf
00e900f5
00ff00a9
00b100cb
011900f3
011f0118
01550120
008800c7
00b900b5
00f600d6
00b800b6
00e100d6
00ce00e3
00c500f1
00ad00ce
00a900be
00bf0085
007e00bd
00b300b0
007700ca
009500b5
00950077
007f00a8
00c500d0
00b00089
009d00b8
00b5008b
00d3009b
00c600a7
009a00bd
00a800d8
008e0087
00eb0098
00b100bd
00bf0095
00b700b8
00ba00aa
00d800a7
00c9008f
00e70159
00c9010b
00ff00ff
01620106
010b00da
00c100eb
00d500f1
00e800d7
01200122
00ea0107
00a800e8
01390101
011d0113
01000108
013e0102
01070120
00b6009b
00ba008b
00c300c7
00db00d7
00d800c0
00a300ae
01070099
00c700aa
00b500f0
007f00aa
009100c2
009200c5
00c100ce
00c500ce
00b7008d
00ab00a3
00ee009e
00a300dd
00db00e2
01180135
00e200f0
00d900e9
00eb00d6
00b9015e
00d0009d
00ab00d0
00f900a0
00c100ba
00bb0115
009500b8
00bd008e
00b500ce
00b800bf
00f200b3
00d90147
00cd00fb
00cf0180
010a0155
01190109
010d00e2
008f00e3
00e300a2
00830092
00af00a1
008700a5
00be00cb
007f00bd
009100a6
00aa009e
00db00a3
00ae009b
00d700fe
00bd00c0
011800f9
00c300cd
00f700b9
009300cf
00ab009f
00de00a2
00bb00a5
008e00ab
00d900d0
00a600b6
00a700f2
00a5009d
00a60087
00bb00cb
00c000c1
00b200b1
00a6008a
010100ae
00bb00bf
0120013e
00c800f7
00b00092
00cd00f7
00d300b1
00d9009f
00c600c7
00f000cb
00b700db
008e00be
00c1008b
00c800ad
00d300b5
00a100d9
00a300d9
00ad00b6
0137014e
01a700e2
01030132
0167014e
017b0157
01a50175
01ce0150
0167019e
00ce00ef
00ef00cd
00f7010d
00f8013b
0159010e
00d3010f
00f900bf
01250135
00a000e9
00840099
009d00de
00c500b1
00ed0089
00da00c0
007b00e7
00eb0096
00ba00ce
00a600ae
00ba00ce
00e7009a
00e700e8
00b100b3
00a100d0
00e700dd
00ce0113
00f50115
01270117
00ff00dd
00f900d1
011600e3
011800c7
00fb00db
01290190
01150110
01570119
01920142
01970155
018b017b
0125016b
01890172
00a200c5
009700d0
00d800db
00be00d0
009500d5
00d5009d
00d300e7
00fa00b5
00ae00c9
00b200aa
00bb00ad
00b300d2
00c600c8
009e00a0
009d00a8
008e00d9
00a900bd
00e20120
00ff012e
00920087
00c000d3
00d000f2
00a800e8
00e800b2
00b900e1
008e00a3
00a6007b
00b000a1
00b6009f
00e000c1
010a00b1
00b80084
00a300c0
00a600b3
00c800aa
00b000d9
00cb00aa
009200b1
00b700db
00b60090
01670123
00ed00f5
00d80084
011500d9
010300f0
00ff0109
01250116
01450142
01b001de
014e0149
01220135
01520129
0152019b
01990155
01be014e
01470189
00e6009d
00bf00d8
00e700a7
00bd00b6
012000e9
011200c8
00a700fd
00cf00bf
00e100b2
00e900f8
00ee0111
00b000e8
00bb0119
00a100cf
00b700f9
00e000f1
009000c5
007e00a9
00cd00a0
00a900ed
009600dd
00cb00a8
00870097
009a00a1
00e90106
00b60135
00d600c9
012b013e
00da00d7
00b300c1
00ea00cb
00ea00d6
00920091
00c100b3
00e100a2
00c600e3
00c200ae
008100c2
007b00ae
00ce00aa
00d000b3
00c900e2
00a600cb
009b00d3
00c900c9
00f700ae
00c500ba
009e00db
007d00b6
00b100ae
00ce008b
00a700bb
00bd0097
00bb0099
00b500b8
008f00b3
00d000e7
00ca00c3
009b00b0
00f700a3
00aa00aa
009600b6
009a00bd
0098008e
00c20084
00e7007a
008a00e9
009d00a0
00a200c3
00a7008e
00bf009e
00a90099
00d500a2
00c60119
010900b0
00fa0106
00fd0101
00b20121
00cf00f8
00ba014b
010d0160
010800dd
011f00cf
01cb0129
010500f6
00ca00cd
01320103
00fb011e
008300e9
00a300c7
00ce00a9
00cf00a8
00c200f1
00a100d8
00dd00c0
009500ca
00b50117
009b00a8
01030086
009a009e
008f00e9
010f00b6
01650115
010b00b5
00cf006f
013b00b5
00be00c2
009800f6
00ae00ee
00b800aa
009800b7
00950091
008300a1
00c200e9
009700d1
00a100b7
00c600af
00790098
00af0096
00a100a8
00e800b6
00e500a0
00c600a2
00de00ba
00a100d6
00c700bd
00b50096
00ce00d0
00a300a3
00ca00c3
00d000d6
013700c6
010b00c0
00de00a7
00e000c0
00a000d8
00e000bd
008a00b5
00e800cf
0084008a
00c200b2
0092009a
00a300e0
00d200dd
009e006b
00b800b2
00c200e6
00d80091
010000ae
00a200c5
00a200c0
00ba00d5
00a300d1
00bd0098
00d600cf
009200a0
00bd00b9
00a900cf
00da00b8
00a6007f
007c00ad
009e0097
00a3007e
00b2008d
00990081
007d00b3
0091005f
00a9007a
010f00f7
010d00e6
0170010d
0113013b
01420175
016b0139
013e0152
01850162
00d2014b
00d900ae
013b00ef
00fd00ee
00e300f2
0107010d
00f600d3
00f9014b
00d300c7
00c50139
00f200d7
010e00c9
00bd00b5
012100d9
00ad00ba
00b2009f
00d300c8
00e700e6
00cf010f
009a00ab
00a900f2
00dd00e2
009500af
00bf00d9
00b000ae
00c300b9
00c500cf
00bd00fd
010b00b7
010a00b3
010900ba
00ce00c3
00f10106
00c200ae
00b700c3
00b100e1
00ea00a1
010a00b2
01160091
00dd00d0
008a009a
00ae0089
00a500ff
00ae0073
00960083
00b6009d
00890099
007a006a
011d00fe
00e90111
00df010b
00fa0137
014e00f0
00d50101
00e700d5
00ff0112
00c700b6
00df011e
00de00a5
00a300aa
00cb010a
00d700ab
00b700b2
00f700c2
00ce00b6
00b100aa
008b009b
00a00086
00a300a0
00ca0089
009300aa
00a7009f
009900b3
00bb00e5
009e0086
00a50089
00c800ca
00a600bf
00d20099
00a500df
00ad00c7
00b200b2
00d9008f
00d00097
00a700d6
00ff00bf
00c50119
00c300ca
009b006e
00ef00d5
00ad00b6
00830085
00970093
00c80091
008400b8
00770082
00a10086
00c700d5
00b100a0
00f30099
00aa00be
007f00a3
00a7008d
0081008f
00af00eb
00c500eb
00ce00b6
00e800c2
00a700b2
008f00e5
00a500b0
00e30096
00d30115
00b100e3
00c800dd
00af00c2
00cf00e1
00e900ee
010700d0
00f200f3
007f006b
00bf00dd
00b900ab
009100af
0095009d
009f009a
00b100a0
007b00b9
00b500a0
009100d8
00e600b8
010d00b0
00e200ba
00dd0119
00ab00ed
00c800d8
00a900ab
00d900fb
00b800ed
009200eb
00d80089
00b300c0
00b200b2
00af00b0
008500a1
00aa009d
00b700a3
00b500db
00b30096
009300b1
00a500a1
008800d7
01cb01de
0139014e
0157010b
018901db
01370189
017201b5
015e014b
01de0217
00c60101
009100d9
009b009f
008f00ba
00b800b9
00a90089
00ea00b6
00d800d0
009200ee
00af00f9
00c200ae
00a300c2
00b900ab
00af00f8
00c2009d
00a600b1
00d100d2
00ee00fe
010800c3
00c000eb
00fe00b3
00c900ba
00d300c6
00d900fa
00b300c3
00bb00dd
00f600b3
00c300b8
00ca00ca
00b0008a
010100b3
010d00bd
009b00b7
00de00ad
00a2008f
008e00ad
00e10091
009600de
00bf008b
00a000a5
010300ee
00d100ff
00e800e7
011000ce
00de0142
00d5012b
00f90110
00e50127
013000d7
00d500da
01230132
00e500e7
011b0160
01080165
0129010f
01060149
00dd00be
00c800b9
012900c3
010100d9
00d000ed
00d800f9
012e00e9
00b30106
011e017e
010e00aa
00d50113
00f600c8
00f500cb
00f500e1
00f300eb
00fe00b5
00a100ae
00f500bf
00b900bd
00c700a9
00cb00c7
00a600b5
009d009a
009e0089
00a9009d
00b800ad
00b1012e
00c900b7
00b900b3
00b000cb
00a300c6
00ee00bb
009f00d2
00cf00e5
00fe00c7
00d300d1
00bb00c8
011b00f6
00c800e5
00d30097
008300a7
00a100b6
00f700a2
00b200b1
009800af
00ae00c2
00ca00d5
0087009d
00ca0099
009700cd
00e300da
00ed00ba
00e500ce
00fe00c1
00e200c5
00b500c6
00f200b5
00d900a9
010e00d3
00dd0110
00dd0095
00c200d0
00e800a2
00f700e1
00d100b9
00c10092
00ce00b2
00de00ce
00ce00ca
00c100b6
00d700e6
009900e2
00c800aa
00ca00be
00d900c9
00aa00a8
00a600b2
007b009e
009100aa
00e300a0
00d300f5
00be00d6
00d900e8
00ed00aa
00d90127
011d00da
013700ce
011e00e8
00ae00c0
00cf00c5
00b500b6
00e700bd
00cf00c3
00b100d7
009100dd
00d900b6
00ef007a
011800f7
009800ca
00c600b6
00870092
00ae007b
0080007d
00780079
00b900d6
00a1009d
00d70067
00e700b0
00b900cb
00dd00c5
00a100df
00cb00a2
010a00f0
00d300b9
00ca00e1
00c300cd
00d00120
00ef00fd
00c700fa
00ef00f8
00b500ab
00ba00e6
00b900f5
00fa00bd
013e00de
00b100cb
00cf00d0
00ce00e1
00bf00eb
00e200a8
00a900ce
00b100bd
01100110
00ca00ee
00e800d6
00aa00c3
00c60100
00e600e6
009600e1
00b200be
00a800cd
00db00c7
010100e5
00f200ee
00c60135
00b800e0
00d50129
00f00109
00e100aa
00d800d2
00c700cf
00b200ee
00c000b1
00e600ba
00b100be
00f100bd
00a300b8
00ba00ab
00bf0095
00a000b8
009200be
008b008a
00a300ad
009e008a
00af00c0
00e30092
00db00b1
008c00c1
010a00c7
00e500e9
00c600d3
00ae00d2
00de0132
00bf00ad
00c900c0
00b7011b
00a800c0
00a800be
00a500a9
00e000cd
00d600f3
010e0130
00c700ed
00c800a8
00fe0157
00b30091
00d100b1
00e600de
00b00103
00d60102
01210103
00e800e5
00f9014e
015e00c8
01300112
0139016b
017b00eb
01570180
01520135
01070157
00b300b0
00db00b0
00c2014b
008e00d5
00d800b0
011000ce
00f100c8
00ca00c3
00c000b9
00ab00ae
00d2008b
009f010f
00970101
00ab00ea
008c00e1
00dd00d3
00fe008b
00bd0117
00b200d3
00b2008b
00910096
007f00ea
0098007e
00650075
00b900ad
00c700bf
00c600bf
010100ab
00d800ca
00b700de
00d900bf
00f100e1
00a60095
00a900cb
00c200aa
00e600a9
00d300c1
00a500fb
00c500a7
009700b5
00ad00a1
00af00da
00de00d0
00c50110
00f300a8
00a800ab
00d800c9
00e200c2
00cf00c6
00a500b8
00ba00bd
009600b3
00b700bb
00d100b8
00a20095
008600c9
00dd00dd
014b00d1
00fe00f0
011100c1
00d900f8
00cb00c1
00c100e9
00c300ff
00a50103
00bb00c1
009d00cd
00ad00aa
00d10096
00c60098
008200a3
00bf00d1
009f00b7
00b100aa
00ad00c2
00b800e8
00ee00d5
00c70095
00b60098
00aa00b8
00ba007f
00aa009d
00ca00d7
009100d7
00b8011e
00a600b6
00b800c8
00aa00bd
00e600ea
013500b9
00d000df
00be00dd
010200e6
00c000ea
00f500cd
00d200f3
00e200ad
00b600c3
011f00cf
01090112
00cf0120
00d100b8
00d800c8
00d800b6
008e00b5
00b200d1
00da00f2
008600c5
00d100a1
00c50113
008600df
00a100c1
011900da
00ae00a9
00c20107
00b600cd
011e00bb
00c800bb
00db010e
00b600ff
00eb009b
009500c5
009800bd
00df00fa
00d500c6
00b6009a
00d700b9
00af00ab
00de00e0
00c700b9
00c30096
00c500a0
00c100c9
00c700de
00ae00aa
00b000f0
00db00c7
00ca00b2
012900d5
010a00e9
011d012b
00b60110
00e200e3
00db00b7
00b1009a
00c80110
00ef00d1
00c00101
00f200d2
00b00099
00af00cf
00ce00e0
00e700ea
00b300a9
008200a0
00f000f2
00d800ca
011700fb
011f00e9
00ef00df
009f00b6
00bf00b0
00ba00d8
00a300a9
00ca00f6
01020096
00c600fe
00c500b8
010e01eb
012e011e
011100fe
014b012b
01420182
01720199
0155012e
01b900f5
008100a1
00e0009e
00c800a7
008d00d2
00b900a0
00b7008d
00d10098
009100b2
00d3014e
00f1016e
00a100be
00da00fb
00f300e2
0113013e
0112011d
00eb0117
009100d0
00c600c2
00a900b6
00b2009a
00b500b5
00b3009a
00950095
00a1008f
00a300a9
00a700c3
00c600a5
00f500b7
00a200bb
00ae00c1
00b500ef
008900d9
00f100f0
00fa00bd
00f3009f
010700e0
00f800ed
00e50175
0100010b
013e0142
008100aa
00c8008d
00a900b1
00e100bb
00d200da
009200a3
009b00af
00be0098
00b700bd
00d200de
00b5009e
00b3009a
00b800f1
00be00c6
00ab00ab
00e200b5
00a600d8
00aa00f3
00c800c3
010100a6
00f000e0
010800fd
00d800d9
009d00a6
00a700cb
009500c8
009d00e1
00c70099
00e300ee
00a0007b
00a700ba
0098009e
00fb00db
00c100ca
00bb00d8
00cf00e9
00cb00d1
00fd00fe
00db00e7
00fd00f3
008600a8
009a0082
00bb00b6
00a500ba
009f00bb
00d000b2
00af00af
009900a3
00e30105
010300d1
00c500f1
00ee00e3
011e0111
00db00e7
0109011e
012b0120
010500c9
00980092
00c700b0
00cb0091
010100d3
00c600d2
00e900c3
00fa010f
00ba0112
00b500ba
00d700bd
00f300e1
010900c7
00df009f
00ff00f7
00c800fb
00b200e6
009700c7
008c00b3
00bb00a3
00bd00a6
00aa00a9
0095008b
00ea00db
00b20087
011100ae
00da0084
00ce008a
00b800b3
00a900cb
00c2009d
00b30096
014e027b
0125012b
00fa015b
014b0120
013b0165
014e011b
015700cd
01290103
00cd00fd
00e000d7
00d600ba
00fe00e1
00a900a7
00f600d5
00f800e5
00e900c1
014e0110
00d70129
011100fe
00f600fe
00ef0112
00f900c9
014e0145
00f50167
008400b1
00c300d3
00b000f6
00c700e8
00bb00d9
00c300a8
00ed00d2
00a0007d
00a300b0
00aa00d0
00a200a9
00ed00b0
00df00b9
00a500b0
00c3009b
00ef00bf
00e100a8
00b5008d
00e700ad
00b100c8
00bb0097
00ea0105
00c5009b
00eb00cb
01160120
00d100a2
00d70118
00d300f5
00b900db
00f600b1
00e700dd
00e6010e
00fd0139
00aa0121
00ed00b5
00b100d6
00f900d9
00f500f1
011b0102
0105015e
009b009d
009100a1
00ba009a
00b800d3
00c200bd
00d700aa
00f600da
010600b5
011d00eb
009d00a3
00d300da
00e90142
00c600df
00eb013e
00ff00cf
011100a9
010201d5
010b0101
01320152
01720100
01300147
01420137
00fd0130
00f50113
009100ff
00c80098
00b300b0
00b100c7
00a000be
008700c1
010e00aa
00d600cb
00a300a1
00df00ff
00cb009f
00bf011b
00ce00ca
00ad0142
00c300d8
00d100f6
00920096
00d600c7
00ad00fb
00bf00ba
00b70085
010500c1
00b600cb
00c100c2
00b00081
00a300b2
00b500a5
00e000a0
00bb00b5
00aa00c0
009b00de
00c60092
00aa00e0
00a900dd
00b600fa
00ed00c2
00b5011a
00be00ba
00e800c5
00d300c7
00bf00cb
00b700d2
011f00fd
00db00bf
00f900af
00cd00c0
00bf00b7
00c900ea
018701cb
010a0116
01220140
011f0147
013b0155
01bb011e
01500159
0140010f
00a100e1
00ab0091
00b700ad
00b200c8
00d000a2
00a900b5
00bb00ca
00cf0091
00bd008d
00e00109
00a300a9
00b6010e
00be00d7
00d500a5
00c300db
00b500c2
00c30081
00e8010f
00b3011b
00c300c8
00de00d3
00f800ee
00c800c5
012b00c9
0085009b
00b50090
00bf00d3
00d600b6
00aa0092
009700ba
009a0097
00ad0097
008600bd
00c700ae
00ba009e
009500ba
008900ad
008500ae
0092008f
010a0092
012500d9
00fd00e3
014000ed
00fb015e
012500f3
00f000df
00f90130
00ba0107
00a000ea
01090083
00d60123
00c700ca
00ae00be
00b700e5
009b00fd
00d800b3
00e100f1
00bf0106
00ee00f2
009d00f2
00be00ae
00f700c8
00d800d2
00cb00d0
00b300e7
00ab008b
00bf00c1
00ad00ba
009e00a9
00a1008f
0097009f
00830081
00e30102
00b000d8
00f700bf
00c00149
00b700c7
00ce00e5
00d300d1
00f90132
00c6006f
00bb00e9
00a9009d
010300da
00d300ae
00bf0097
00be00bd
00d000d0
01d2015b
01a20179
016e01a5
01cb015e
01060139
0115016e
01770175
01470137
009e00c2
00c500a1
00b1009a
00be0072
00b300c3
008a00b7
009700b5
009300b5
00e300b6
00df00af
00c000b1
00e800b0
00ae00c5
00a900d6
00a000ff
00c000b9
012300a9
00e000e8
00db00d0
00d700ed
011800c1
013900a6
00b700af
00c7010d
00a70080
00cd0137
009100aa
00af00e1
00c000a3
00c70097
00de0095
00cd00b0
00d500be
00e600d7
00e600dd
00d000af
00f90111
010b0130
00ea00c1
00bf00d3
00cd00b2
00f300be
00ca00c8
00cb00c1
00e500b6
012e00f1
00c700aa
00aa00b6
00d200c6
00a300c1
00bb00ed
00d800c3
00d100ba
00d000f0
00c800af
00be00a8
00cb00c0
00b60081
00960098
00d500d1
00ae00b0
00ae00c7
00b600b0
00970092
00c500cd
00d500dd
00c700b6
00d900b7
00a60092
00b000a3
009300e0
009500ad
00920092
00a1009f
00c900aa
008c008a
00b80098
0075009d
00a9008d
00ae00aa
00a60087
00a60093
00a600b6
00dd00c0
00a800b5
00fd00e8
00b300a9
00a7009e
00e200cd
009f009e
00d100c7
00d200c0
00f200fb
00f000d9
00d100e1
00d600b3
00a300f3
007300d8
00e1009b
008700a9
009300a3
009d00a0
00a000ba
00c000a5
012001b7
011e0137
0139027b
01060113
019b00e1
014b0135
01590125
00dd012b
00ba00b9
00d900d5
00be00c9
00d100d3
00e500af
00aa00d1
00ca00ba
00d00130
0129010a
012200f3
01160125
013e0127
01420125
012e0123
01600135
01620147
00bf008f
009a00ce
00ce010b
00ca00a8
009a00c3
0110009d
00aa00d1
009200b0
00e700a2
00b000b8
00bf0092
00cb00c2
00cb00c1
011200ed
00e200b9
00cd0120
00b000a8
00b200c0
010000c7
00f300b9
00c700cb
00f100db
010300c2
00bf00d2
00ef00d6
00af00b7
00d500c3
00f90102
00e300b2
010e00c5
00c200ce
00b900c5
011700bf
00c100c9
00b000b5
00c800b3
00d600c0
013e00de
00d900e6
00b600d8
00cb00e2
00ca00c8
00a200f7
00b100bd
00e600d2
010500cd
00f300f2
00f000da
00ee010f
00fd00d3
00c9012b
010900e8
00f600c8
011a0102
01250112
00d800da
00be009e
00c200d1
00e500ae
009700c6
00b700e0
00c000b3
00bd0135
00b200b5
01490120
00cf011a
00b800ca
009300b9
00c80101
00f600db
00eb010f
00e10122
00da008c
013900da
00c900f9
00c00113
00dd00b9
00f100b9
009b00b6
00e000a3
00ba00a6
008b009b
00d500b3
00c600a5
009200d9
00c5009b
00be00cf
00a800b6
00e500a6
00b900e1
00a900be
00a80101
009d00bb
00b1009f
00cd00b2
009600a0
00ef00b9
00b600b2
00e000d7
00e700ca
00d600b3
0108008e
00f60101
010500b6
00db0082
00a800a7
007a008f
00ab0092
008d00b9
00a3008f
00850071
00800083
00c10110
00c1009d
00bf00f6
00f300b8
00d500ba
00a300f1
00e200c2
00d700e6
00a300e1
00a7009f
009900d7
008a0088
008600c2
009300c6
00a9008c
00b300a5
00fd00f0
010300cb
00c600da
00ed00c3
00da00e3
00fe00ab
00f100ee
00de00ca
00c30103
00be00b7
00a900c8
00c70093
009200aa
009600b0
00d800ed
00bb00a8
00db0083
00e300da
00a800ce
00bb00c5
00d500d1
00b200d2
009a00d2
00c000c3
00c200b6
00a30099
00d100a7
00bf00d1
00de00d7
00b600b3
008f00ca
011300da
00f10095
00f00097
00b300c2
00b800cf
00d800ae
00ce00a8
00e300b9
00b300c3
00c0009a
017b00e8
00be0130
00ee0122
00c500e2
00b300d2
00da00d2
010100df
0091008d
00a900a5
009300a7
009000a2
008600eb
009900bd
009e0091
008d0072
008f0070
00af0087
008300a1
00aa00b8
00a600aa
00b700ab
00e500b6
00b900f7
00f800fd
00d300f1
00db00d1
00ce0100
009d00d7
00b600e5
00eb00c6
00b7009f
00be00c0
00ce00d2
00c500c5
00f600cd
00b800fd
010f0085
00db00b8
00c100f0
00e70096
00db00ae
00e700c2
00ca00dd
011200ef
00b300de
00ef00cd
00dd0090
00c3006d
00ce00e6
00a00135
009700a5
00850077
009900c8
008500ab
007000b3
009f00b1
00c70098
00a600b5
00a000a6
00b10092
00a300b0
009b0097
00a100a1
00c900d3
00f600ab
00de0102
00da00ae
014b00ea
00e100fd
00e70103
00da00fe
00b200d5
00b900cd
00ca00af
00b300d5
00c300c6
00bb00b8
00ce00be
00be00a8
00d000c7
00a900a8
00c800be
00aa00c2
009e00c0
00f900d7
009f008e
00b200dd
01770137
01670170
013500c9
018b0159
01270175
016001c2
010e017e
010f0100
00e200cb
00d000e8
00c10105
00b800bf
00d20101
00ab00d9
011700af
010d00f1
00ce00e0
00ae00e9
00e900bf
00e700b7
00be00c1
00d300f0
00cf00c9
00c500ee
00e7009a
00b500c1
00de00f0
00c800bd
011700b0
00c600db
00c600b2
00b200ad
00ce00dd
00cf00ed
00b900d5
00cf00f6
00f300fe
00b300bf
00cd0109
00c000bf
00a000af
00d100a7
00e200cd
00d000b3
00ba00f5
00e900c5
00ae00c6
00a000d2
011b0119
013b0098
00e30125
00b600ae
00c500cd
00c200f2
00bb00da
00a500d6
00b100ba
0107012e
00d300d7
011d00df
00ed00c9
00c200d0
00c000cd
00c000bd
00c60155
009600ce
00d000ad
00b200aa
00ad00ba
00dd00b0
00e700c1
00c00160
00c500ab
00bf00b5
00dd00db
00b500e5
00cb0125
00f30115
00b200ed
00fa00bb
00fd00af
00b900b5
00c700d2
00c300ae
00f200c7
00e000ba
00f700cd
00b500c7
00b60095
00bf007f
00bd00e0
008d00bd
00ae008e
00a600a8
0076008a
009500b8
00d200c0
00be010a
00c100b7
00cb00d7
00b700da
00dd00c9
00ae00d5
00c700bd
00f500c6
01270092
00db00db
011b0101
00ee00e7
00f90127
0117019b
01220101
008400d5
008b00a5
007700e7
00a10084
009e00a0
0091009b
008400bb
00b00092
008c009d
00aa009b
00a000a7
00b100c7
00a900b3
00a50097
009f008f
00b1008b
00ee00ce
00c800b8
009f0115
00a100d0
00db00a5
00e700b6
00bf00ba
00ff00cd
00d900ef
00c000ab
00a300ad
0119008b
00bf0079
00e300cd
00b600e1
00b90127
00b30090
00f500fb
00cb00c8
011e00b0
009900c1
00aa0089
00d600a6
00af00a1
013b012e
010000d5
012500aa
00b000b8
00d100b7
00b300c9
00c500c6
012100f7
01200068
00c300f5
009b0102
00db007e
007300a7
00ab0086
007b0084
007b006d
00ad00c6
00900079
00b700ad
00be00cf
00ef00a3
00a700bf
008a00e0
00c100c6
00df00d1
00bb00d0
00930090
00b100d1
00d600de
00c000a7
00fe00b2
00f900ae
008100ea
00ad00c7
00af008e
00d900aa
00aa00a3
008500c5
00b1008d
00c10096
00df00dd
00910099
00b300a0
00e000bd
00d100c5
00e200c8
00ba008d
00b800d1
00d5009a
00b700cd
00cd00af
00d100be
009f00b8
00f300de
00ca00e0
00e500d8
012300fa
01390155
01050160
01650185
01320189
014b0145
00f80157
015b013e
0091009d
00ff00c9
00d20095
011600aa
009800ad
008200da
00b8008e
00c200ae
00f30097
009d00e5
00e9010a
00bf00b1
00fa00bf
00d300ca
00f60118
010f00f8
00ad00b7
00a600a8
009800b2
00ab00cb
00a800cd
009f00ae
00d900d2
00eb008f
0107017e
00a3011d
00ea010f
00c200ad
010a00c5
012200ea
00a200ba
00f00137
00e3010d
00d300f6
00e200d2
00bf00ae
00d3009e
00cb0115
00b100b0
010500d6
00b700a7
00920106
008e00bf
00a300a7
00d000b1
009b00db
00a500cd
009d00d3
009f00e2
00d30139
012e00ad
00cb00cb
00a800d1
00a600b1
010f016e
010300a9
00f10103
00eb00c9
00c800bb
00bd00d2
00f20110
017500f0
00e60108
00d2010b
00b600f3
00ce00a9
00cd00c9
009200c5
00e700d0
00ee00f1
00e000b3
00f5010f
00d0009b
00ba00b7
00ba00e9
00c600aa
01770115
010100ca
00c70137
00d100d2
00bf00df
00b90102
00b700de
00ba00a1
00970096
00ce00bf
00ee00c2
00d500b1
01490132
01150117
00e20137
010200ba
00e3009d
018e014e
0145014e
012500fd
00e300f1
00d500c6
00df010b
00c100aa
00ee00a8
00e200d1
00aa00d3
00d500e6
00ff010f
00b100e5
00e700b6
00b6009f
00c600d6
00c90127
00dd0135
00f20120
00ad0093
009e00c1
008f00aa
009900a1
00ba00f3
008d00af
00af00c3
00b20092
00f100fe
00a900d5
00dd0142
00e000cf
00d500eb
00df00df
00f1011a
00d800f9
00fb0115
01180130
00f800ff
00e200ed
01160102
00f50102
00eb00f8
010500c6
00de00d8
00ce00f9
00f000cb
00df00cd
00c500b0
00e200e5
010a015b
00b700f2
00ba00e0
00a600c8
00b200ab
00c300b2
00ae0086
00be00d5
00ab00a9
00ad009a
00ce008b
00e60110
00f900e9
00d100f9
00d00109
00ed00b0
00a600c9
00aa00ba
00b10095
008d00ab
00b700cd
00ea00a1
008900c7
00af00d0
00d800b9
00c300af
010e0093
00d100fb
00e300e3
00b5008f
00b300e9
00b100bf
00db0115
00d700bf
00cd00e0
00b800d3
00ab00a5
00e500db
008700d0
009500e0
012b00f3
01450116
010e00bf
00bf00cd
00f100fd
01350125
00c6013e
010000df
01a00101
012500f0
008d00b1
009900d7
00d300a0
00b200d7
00a300d7
009600d8
00cd009a
009600b7
00bb00b7
008b00a7
00f300b6
00a500c2
00c100a8
00c100b1
008900b7
008500d5
00fb0118
00f600a6
009b00d3
00eb00d7
00db00f6
012e00ef
00e20125
00d500e0
00a2009e
00c700a6
00bd00a7
00a00096
00e200d0
00b7014b
00a700c5
00a900c2
009100bd
00cd00b5
008f00ce
009d0096
00e800a6
009100c5
007300f2
008e0095
008f0091
00c200be
00ca00d2
00bd00d0
00b90119
00a700c5
00cf00b1
00e100a6
00a6009b
009f00a1
00c900cf
00a300c8
00da00aa
008900b7
00b600dd
00b800c3
00fa00ed
00be009a
00d200b1
00e700d0
00ef00cd
011200d3
012200e8
01080111
00920101
00e600b3
00d500e6
009b00ff
00a200a9
00cb0092
00cd00c0
00c500b0
00d20098
012b00c0
00ad00d0
00f2012e
00bb00c8
00ab00ea
00af00e5
00c900b5
00db0165
00b900c6
00ca00ca
00cb00fb
00bb009b
01190096
00f800cf
011300ad
00d90082
00fe00b9
00ad00ba
00a9009f
008300a0
00ad00bf
00c800bb
0093010b
01300106
00c20107
00ca00d6
00ff0140
00f200e0
016000cf
014700fe
00ea00fa
008a00b3
00b200b7
00a700bf
008b009f
009700e2
009d0095
009200c7
00880088
009a0086
010100ba
00a900b3
00c300d0
009a00a7
006e0095
008600aa
009a007a
008500cb
009600b0
009d00c0
00a70087
00a3009e
008c00ce
00a600a2
00aa0083
008a00a6
008b00a9
00af00aa
00a600c8
009900df
009a00db
00a500d2
00c800b3
00d700df
00d100af
00d700b2
00cf00c3
00c600e0
00ef00bd
00ef0111
00e500cd
00b30109
009e00cd
00ab009d
00b50075
00b8009f
00ba00bd
008700ab
00b600ae
02150140
013e015e
01190157
010e0159
01550113
01bb01ab
01690172
01d00199
00bb0090
00e800c5
010d0129
010300f0
00f000c0
00ce00e3
01130100
00d200ed
01030180
00f800c9
00bd015e
013500d0
00c700e0
00d200b9
00f700f5
00ea00d7
00a900ed
00ab00bf
00c900c8
00a300ba
00b3008b
00bd00e7
00d900a2
00f700c2
00bd00c9
00b600d8
00a100aa
00ad00d9
010000bd
00d600ef
0108010a
00eb00d8
00cb00cb
013700c5
010b00db
00f70137
0115010f
011100ee
00d90107
00c300f2
00ba00c1
00e700c5
009600b3
00a100b9
010000c6
009f00ae
00b1009b
00920090
00e300f5
009f00b9
00a900b0
00c200e2
00ed00cf
0076007e
00b90093
010e0075
010300d0
00b900f6
00ee00c0
011e00c9
00f300ca
00d800e7
00da00f5
012e0121
009e008b
008300a7
00af0086
008e0097
00b50097
00c100ba
008b0097
008400ef
00ee00cb
009f00b7
00ab00cf
010300db
011100d8
00f200d9
00bf00f9
010000e8
00db00f1
00d10093
00c20093
00b300d6
00b600b5
007e00b2
00e600b8
00b000f2
008900c7
00a000af
00ae00a8
00eb0098
00c300cd
00b100c5
00bd00ce
00a300d1
00b500f9
00a600a9
009800a8
011700ee
010f00b7
00e300f1
00cd00b5
00e5012e
00b200e2
010e00ba
012700ba
00c000c9
00af00ce
00c500aa
008d00e2
009a00c8
00c2009d
012e00eb
00d300e5
00cd00e6
0099009a
00b300fa
00c800a0
00f700aa
0087008b
009600dd
011800b1
00fa00d9
009e00bd
00ad008f
00a900a1
009700b1
009f0085
00a100d1
00b700ee
00be00a2
00c10087
00a50093
00a500b3
008d0095
00d5009e
00b500b2
00ab00cb
009a00dd
00a800dd
00b7009e
00a200ea
00ab00f7
00e100d6
00e7011b
00c000a7
00db00b1
00d800be
008100ab
00af00aa
00e70106
00fa0187
00c50149
01350150
01670157
011d0140
01010170
013901ab
017501cb
00cd00b9
00ef0109
00d30109
00bd00ef
00c900b6
00b900b1
00b600fd
00b6009e
00ce00d6
014e00ad
00d900d7
00fa00bb
00f700d3
00fa014b
00df00fa
00a200f3
011a00bd
00df0119
01210121
011500bf
00f000ff
012b0130
00ff0140
012200cd
00f9010e
008f0097
00cb00a9
00a800a9
00ce00a8
00ae00f0
00bf00a1
00b200e3
008c0082
00bb00c7
00da00b9
00df00d6
00bb00b8
00e500e6
00f000a6
00fd00a9
010b00e0
00d20091
00af00db
00d500a9
00af00a3
00f700c2
012900c5
0103009a
00c600f7
008b00cd
00de00ae
010a00c7
009900e7
00c000c8
010500c3
00f700d5
012300fb
00fa0108
00ed00e1
00de0119
00fd00df
00f60095
00c300e8
01300137
00dd00c2
00a500d3
00c700f3
014700a7
00cf00b3
00e900ef
00f1011a
0125015b
00ab00b3
00cd0089
0092009b
009200ba
00860101
009f0095
00a700a5
00980089
00f20129
009b00fa
00a000e3
00bb00c0
00b0010d
00c300f5
00d300c3
01320113
00c500e8
00b900a7
009800af
011a00a0
00d900d6
00aa00d3
00f200aa
00d200a1
00980089
00ea00be
00b00096
00ad009f
00af00aa
00790098
008500c2
009800bf
00ad00b2
00ea00c1
00d200ab
00e000d0
011900ce
0118012b
00da00da
00ca00bd
00ce00e6
00bb0090
00d800b0
009000cf
00be00c6
00e7008d
00b600d8
00d10092
009800a1
00a600c0
009500d3
00c900d3
00bb00be
00c0008b
008800bf
00ad007d
00ff00db
0078008f
00d700fa
00aa00de
00ae00fa
00b500d5
00b600ef
00ef00e1
00a300da
00b30093
00dd00c2
00a200a5
00990093
00d800a9
009b00e3
00b100ea
00f00117
00f100e2
01300103
00e00110
00fb0108
00fb012e
011f0149
01020106
01270103
00c900d5
00e800fb
01550121
00d100e1
00a80107
010700d6
010600de
00960092
00e8010d
00dd00d5
00e200a7
00ca00c6
00b300aa
009800a0
00d600cd
0087007c
00b8008d
00aa00c3
00a100ca
00cd00a5
00ba00b1
009900e2
009a00b9
00ef00d7
00a700e0
00fe00b7
010b00b1
012300b5
011100f3
00db0152
00d00160
009500e8
00d300b6
009600d3
009f00d3
00c000b9
00c800d0
00a900a3
00cb00c2
00aa009e
00dd0088
00bb008b
00d800c2
00c200aa
009800b1
009100b2
00aa00a9
00af00d9
00af009d
00b7009e
00c6007d
00fa00d3
00df00e2
00b200ad
00e700a9
00a100a7
00bb00bb
00ad0079
00b500e1
00e200b7
00a800b2
007f009a
00a600b0
00e001f5
010a0102
013b00d7
0142011b
013e010f
017200ee
015700ea
0129015e
015700e3
00c800c1
00d000e2
00ab00b1
00ff009d
010100c3
00e200e1
00f100f0
01220159
00ad011b
00fb015b
010200d7
00f500f5
00ff010b
00fb012e
00db0137
01470197
0139013e
01b501c9
01690157
014501a0
016b016e
018e01cb
018e0165
012700d3
00ad00c2
013000aa
00ad00e8
00a600af
00bd00bd
00e900a0
00c60102
00d000c6
00a700a6
00b600ea
00ad00f5
00a200ed
00ea00f0
00b700c8
00b200d3
00b600ca
00be00af
00d600e8
00db00a2
00bb00a0
01090125
014e00da
00b900c0
012100cb
00b1008d
0097007b
00b60096
00c200e7
00aa00aa
011d0093
00c700cd
01000145
00b50132
008b00a8
00bf00bb
01010108
00eb00d7
00e20101
01170107
008f00bf
00d50096
00b100c7
00c00090
009a00c0
00cd00cf
00ae009e
00af00d3
014900e9
010900a6
00c700a9
00df010e
00b600e1
01570109
010900b2
01270116
00c700b1
00c900c0
00a60093
010f00eb
00c000ab
00bb00c9
00a600b9
00a200bf
009d00b6
00c100ae
009800af
00b20087
011b008b
00a800b6
00bb00a9
00bd00b9
00c800b9
00a800d1
00d3009b
01200112
00e700b7
009900ae
00f500a8
010d00ca
00c100e6
00e000d5
00ee00e5
00b800e5
010000c1
010000fd
00a500b9
00bd010f
011d0107
013b00e0
011d00ff
00be00af
00af00b8
00aa009f
00d700ea
00f700dd
0105011e
00e500e6
00ea00e8
00c80100
014700e7
00f80159
00d50159
00e10121
00c300a6
00c50081
00c100b8
00c10092
00b700a6
00ab00f6
008500b2
00890086
00b100ab
014500d3
00fd00f2
00c900e8
00dd00e3
00c30116
00e200d2
011600d3
00ab00e5
009a00a0
00c700ea
00da00d2
00cf00a7
00bb00b3
012900dd
00e200cb
00cf00dd
00b20102
00d900ee
00d9009b
00d100c3
00d300d7
00e800fd
00de00c2
008a00b5
009e00a5
00a50096
00e2009f
00d70088
00f600b0
00b900aa
00a000b2
00fa016e
00ba00cb
00c70108
00da00f5
00f300a3
00e000da
01070109
00d500ae
0070007f
013900f7
008a0107
00b90073
00db0087
00970099
00a700ba
00b9009b
00be00ba
009b00dd
00d000dd
00ef0095
00b300a9
00d800ea
010d00e7
00e500db
00cb00cf
00ee0100
00cf00dd
00f700e7
00d60103
0115009e
0092010b
00fe00d2
00ea00ea
00bb00bb
00af00cd
00f30116
00f200cd
00c700c7
00d800da
00b900eb
00ce00a3
00c3009a
00a900ce
00d600d7
00a800b3
00c300f0
00af00a2
00d200bb
01270075
009d00f0
00a200ce
009d00b8
00e20093
0082009d
008f0096
006d0088
00d300d7
00dd00e8
00f3009e
00cf00c5
00db00ae
00e000ad
00e300c6
00d000bf
008a007f
00e10132
00b8008f
00ba0099
0093009f
0092007b
00af00aa
00a50089
011900c0
007e009b
00a700fa
00d000c0
00b200ee
00c600b0
00d600cb
00da00b9
00d0008c
008200ed
009e0087
00d500ad
00a800b5
009700bb
00b20097
00bd00ad
00de00c2
009300cb
00a30097
00be00b7
00de00b6
00aa00c0
0086009a
00a6009d
00f100cb
00bd00c9
00bb0092
00c600bb
009e0098
00db00f6
009f00c8
00b000a7
00f2011a
00b6009e
011500cd
00ab00bf
00b100e9
00f300f9
00ed00f0
010900c8
00a800eb
00a200e0
00d700a5
00f900ab
007600d9
00b600b0
00c200ae
00cf00cd
00b300b8
00cb00d0
00c500b0
00a300f1
00ea00ef
00ef00a9
00c700bf
011500ba
009d00e5
009300c2
00c500b2
00c900eb
008e008d
008a0098
00a500bd
00910099
00eb007e
019700d1
00dd011f
009600bf
009900ea
00a70086
00860090
00aa00b3
007e0082
00ab00cb
00d600bb
00ba00b9
00dd00d6
00b800ad
00c300b6
00f300a5
008c00a2
009e00d0
011100bb
00ab00ae
009700a1
00b300d5
00b2009b
00a70083
013e0142
01ab0137
013b0182
018b0189
013901c2
01350179
01a20137
018e013e
00ba00b3
00850093
00d600c5
00d500cd
00b700d1
00cb00c8
011100a6
010700a0
009800b8
008f00c2
00a100c3
00a200b9
009b0081
00b100be
009a009f
009100bf
011000fe
010600ef
0150012e
010d011d
01570145
01400129
010800f3
00ea019e
00c100d2
00cf00d6
01110137
00f000f5
00c800e9
00ef00ed
010500d3
00d100e7
0083008d
00c0011f
00cb00d7
00b700d0
00bf00c8
00ef00b8
009700a6
007f00d9
0102010b
00db0101
00de00b5
01350160
01350120
0132010d
011d013e
011900f3
00d100be
00ab00e2
009500c6
00d000c7
00b800af
009b00c3
00d600ba
00c9010a
009600e6
00c100c9
00ef00d1
00f600dd
00d300bb
011300c1
00d000aa
00d200ae
00a0008e
009d0082
00df0096
00a100fe
00b90091
00a6009f
00a80077
00af00d9
00de0130
00cd00b8
00ad00cf
00fd00f5
00c500d2
00df00ea
00ee00c1
00d90132
00ab0097
009b0072
00b200a6
008500a1
008400a0
009100d8
00bf00a3
00af009a
00c900c8
00d2011a
00e200f6
00b600e2
010100c2
00d30108
00af00b3
00b1009e
009200c6
00d700a5
00e200e8
00d5009b
008200a1
00b00097
00b200b0
00c300af
01a701db
0119014e
015b0179
01720137
01470187
016b0142
01c20159
01720167
011900d3
01100172
010a00d2
00e70140
011d011a
00f1010a
00cf00c7
010000e5
011900a8
00d900d2
008e0127
00b300b8
00d200c9
009800b5
00820079
008f0098
00b200e1
00f900e0
010100a0
00d800fe
00a900f7
00e900ca
00f80100
008900d6
00ae00f1
00e000e5
011800cd
00dd00f1
00d800d9
010a00e0
00c30135
00f700aa
00c20096
00b300ee
00ad008e
00b000a0
00e300c0
00af00c7
00b7009b
00b600ae
00af00b7
010700b2
007e01fe
00750096
00a80081
0083009b
00af0089
0095007d
00fa0147
008b009a
00d000bd
00cb00b6
00b100a3
00d600db
00f700b7
010800a2
009200f6
00b600d6
00b500b8
00c300ad
00a20091
009e00b0
009e00ae
00af00a3
00ef0110
010b00ca
00dd00d3
00af00d1
00eb0135
00ff00e0
00aa00d8
00e0014b
00ba00b3
00b300ad
00a800b7
00dd00b8
009e00fb
007e008b
00b100b2
00d000ae
009700e7
009200c5
00c900ad
00980099
00b300d6
00b800e5
009a00ad
0087009a
00a6009d
0096008a
009700b3
009e0081
00a100a9
00d100c3
00d500d1
00a200c1
01c901a9
01d00121
01d20165
0112010a
017001c9
01500165
016501d9
019e01a7
00cf00c0
00ae00b6
00a200c7
00a900b7
00a500dd
00a500d8
009d00ad
00d100b3
009b0093
00db0095
009b00f9
009f00e7
00ae00ab
00d500ed
008500c0
00b300c0
0137015e
00f60111
01130169
00c600f6
00d30189
011800e8
0113010e
0150015b
00c900e6
00de00c9
00c900b3
011b00af
00b200a7
00c300d3
00da00f1
00ea00c7
008100bd
00bb0092
00ab00d0
00c6009d
00b1009d
00bd00a6
00e7008f
009300eb
00ae00b7
00d30099
009e00da
009600bd
00a900ad
00e600b6
008c00c2
00bb00a6
00d300d2
00ca00ad
00f100cd
010b00d9
010000b7
00c8008d
00de0100
00fa00cb
00b7008d
00b500d0
00a300cb
00d00127
00c00096
00da00fe
00e300be
009f00f8
008a008d
00a600c0
00ba00ad
00a700cf
00c3008e
008d00ba
00a9009d
008b007f
012b00de
011d00cf
00a700e5
00ee009a
00c900ff
00b300de
00d700f8
00c2010a
009000b6
00c800e0
00ae012e
00a1009f
009e009e
00a700a0
0088008b
00c60098
00ae0092
011300b2
00c70102
00ab00ba
00a000cb
00d000ae
00bf00aa
00b7009e
01270101
00cf0089
00c600f3
00c700d1
00ea00bf
00aa00a7
0101010d
013b00b0
00d600ab
00a900ad
00a600c7
00c700b2
00ca00c6
00df00bd
00e200ab
00ca0122
00af0099
00eb00f3
009200b6
00b900e3
00b70098
00d700b0
00a200d1
00c300b0
009f00c1
00a00095
009e0106
008200a5
008a009e
010300e8
009b00ab
00a600ff
00a9012e
010700f7
010000ad
00c700c3
00d000c9
00bd00d7
00cf00cf
00d900f3
00ea00c5
00a800a9
00ab00ad
009900bd
00a900d3
00b600b0
00b800b3
00af00b1
00a800e5
00ba00af
00cd0096
009800be
00a10088
00a800e5
00e30089
00910097
00b800ca
00cb009e
00b6008d
009f009f
0091008c
00aa00a9
00c500ad
00a600b7
00b300c6
010a00c6
00c1011a
00c700c1
00a100ab
00d900c2
00d700ad
00b60091
00fe00e0
00b50135
00f200f2
00d30100
013000ea
00ff00e9
00f600d9
00b100d7
00d000ae
00bd00d2
00d000d0
00f00135
00fd00c8
00b600a3
00c300d2
00d900b2
00c30135
00eb008e
00e10089
00bb00b5
00dd00c2
012000c1
00fa00d9
00de00f2
00a300ba
00bd009f
009000b5
00ce00cf
009f009a
00a5011a
00c600eb
00ce009e
00ee012b
00a600d5
00c000d0
00a30110
0120011b
00e800f5
00a900fe
00bf00cf
010f018e
01000125
00e90125
00b700f8
00c700ed
010600ab
00ea00db
00f000e7
00e50110
011200ce
013900d5
00a000f1
00d60127
00f000e2
00f00115
00e300a7
00b500b1
00ba00df
00c600c1
009500e8
00bf00c8
00c200b0
00b600bd
00ad0089
011f00db
0101008f
00b800e5
00ce00b3
00be0100
00b700bd
012e00c7
010d00bf
008400e2
009e00a6
009600a8
00de00ce
009900a1
009b00b9
00a600db
009e00a9
00970083
010a0097
00a700b5
00c100a9
00d600bd
00830099
00c800c9
00920093
009f00cb
00a700b6
00bd00df
00c200ce
009900b3
00c800c6
00be00e7
00a800ba
00a700ab
00de00b0
010200b6
00e10110
00c800a8
00b700b5
00c600c7
00bb0085
00c8010a
00b90111
00e50137
015700c8
00b000be
00ba00d3
009e00aa
00e500c7
00e200da
00ae0095
00de00d3
00aa00a2
00c20106
00e500c5
00f500d7
00c300bf
00be00dd
010f00e9
00c200cb
00c700a9
00e100d0
00cd00ad
00d60089
006700ab
00f00150
00e000bf
00b700b9
00d800b5
00da00c5
00fe00be
00f600f8
00e900ca
00ef00e3
00980082
008700c1
009f00ab
009a009a
008300b2
007c009b
008a00c2
00810086
00a70089
009b007c
00b000ad
008500a2
00a000af
00ae0086
008f008a
009300be
0081009b
00b9008f
00b600a9
009100a8
00b500b2
0088008f
007d00bd
013700a3
00b60118
00c000ca
00aa0115
00de00de
009e00d1
00d20096
00c300de
00890095
00af0099
009600cf
00a900ba
00b300ce
00e000ca
00db00cd
00990099
00fe00d5
0160007e
00e80101
00a200f5
00d000d2
00d100e2
00f3010b
00e500c3
00a00072
00da0090
00e800c5
00bb00d2
009f00e1
00d70096
009e00a6
00b500b5
00bb00de
010600cf
011600e0
00db00e8
012e013b
00d50130
010a0102
011d00c9
00cd00c3
00a100bf
00a10096
00b7008f
0092009a
00a200ad
00d500af
010a0099
00b300e5
00c600be
011e00b9
0127011a
00f600e8
00ea00e5
00b900c0
00de00be
010f013e
00d100ce
01250142
00fd00fb
011a0169
01370175
0123013e
010b0125
00b9009e
00ba00b9
00e100ed
00c000d3
00a8010e
007d0097
00ab00a8
00de0095
010b00e1
00c600e9
00e50125
010500d0
00e500f7
013b0116
010500fa
00c70117
00c10098
00c90095
00ca00af
00b200b9
00ca00c5
00a500a1
00b000da
00a700b3
009b008f
00be00b2
00ba00e1
00d600b9
00a6008e
00a900aa
008f0099
00a70083
00c90096
00fd00e5
00ca00c1
00a700fe
00920096
00d200a1
0085009e
009e0089
00b80109
00d00097
00ca00f6
00ab00a5
00a300b3
00ae00ed
008e00e1
00a800bb
007d0102
00930083
00b70095
00b1009e
00a700c1
007700c1
00db00a2
00ee00ba
00e5010f
00a200b1
00cd00be
00db0101
00e200d1
00c600a5
00e200e9
00c500d3
00d100d3
00aa00c2
00be00ef
00b800b9
00f200b9
00eb0107
00b800c3
00b9009a
00c20085
00ba00d2
00db00ef
00d000e3
00e900d1
00b800c9
00b500c2
00c200d7
008f00b1
00b100bd
00ce00e5
00be00cb
00b300f6
00ad00b9
00c50098
00890089
00cb00bd
00d90083
00bf00c2
00ab00c8
00b7009d
00d500d6
008400c8
00b200b2
00ab00c1
00a300bb
009d00dd
00a100d2
00cb00b8
009200b2
00a900d5
00d000b3
01d50187
01450107
014e0127
014e0149
01300123
015b01b7
01650139
01de018e
012700fa
00ee00c5
00c100c7
00e700f5
00b200fd
010900d9
0101010d
00fd00e1
010900e9
00b10099
00d70122
00b100a7
00c700c8
00ba0103
00d200d6
00c600cb
00c300fa
009e00da
00a000ba
00c6008b
009d00c7
009500b5
00a8009b
0091009e
00c600d9
00a900b5
00b700c8
011f00bb
00e300c2
00e600c8
00cd0090
00ce00e0
00e200a1
008800bf
00f700e6
00f700d3
010000e8
00c100d1
009f00f8
00c600e2
00fe0101
00ca00a0
00aa0109
00a100e7
008d00a2
0115009b
00c700d3
013500de
00d600a7
00b70100
00ad00a7
00b200c8
00cd00a8
00b8009d
00a700a8
00e200e2
00e20135
00f200f8
00e500d7
011e00b9
0116008e
00d700eb
00da00cd
00d8012e
00d000e6
00d500b3
00e800f3
012100b9
01150130
00f60125
00c600cd
00d8012b
00ba00d2
00a600cf
00dd00c8
00fb0095
00b6008a
00b50077
00c30091
00be00a9
00e5009b
00d500ff
00d10116
00ee00b3
00c300dd
00a100a5
00cf00b2
00c300d7
008f00dd
00b700a8
00b500a9
00dd00b7
00b800a7
008700a7
00ba0099
00b600ab
00c600bb
00a100ad
00d100b5
00d500a2
00d800f2
00a30120
011a00d7
00d50121
00b500c2
010900ad
00bd00c0
00aa00cb
00d2011e
00df00d9
01030102
00b000b8
012300f6
00ab0093
00fd0120
00d300c8
00ce00c8
00cd00c5
00f600fd
00ed00be
00f100d5
00ce00a8
00a900a6
00dd00af
009100b9
00d600c7
00cd00b3
00a8009a
00a6007f
00cb00eb
009b00ba
00f500b0
00ab0099
009000b0
009e00a7
00a5009a
00d80092
00d600c8
00c500b2
00ba00d3
00d000a8
00ce00c0
00d800b7
00b700c8
00d30095
00a700f6
00d600af
00d700d2
00c600ef
00d000eb
00b200be
00c800ce
00810095
009f00a1
00ab00b3
00c3009b
00a600a5
009e00c3
00b0008b
009300b3
009e00ce
00d900cd
00d800e7
00be00c8
00a800d3
00d800ff
00a700a1
00ff00b8
00cf00bb
00e500d0
00c300c0
00bf00d3
00a30116
00ee0113
00d100e5
011500d0
00b100ba
00fe00d7
009a00b1
012000ca
00d700ae
00cb00f6
00ce00be
00f700cb
00be0108
0099009e
00a200d0
008600c1
00da00c7
00e600ee
00d900ce
00a600cf
00ae00ce
00d30096
00da012b
00d900f1
00cd0132
00e600f2
00f70109
010000e2
00ce00a6
0097009b
00a2008d
00a800a0
00dd00b8
00ae00bf
00b800aa
00ae00c1
009a0086
00c700ee
00a600c5
00c200ad
008d008f
00d500c2
00a500b2
00ad008f
00de00ef
00c5011a
00ca00c0
00ee00da
00c30107
00ab010b
00f300c7
010600de
01700257
014b0169
01770118
01290105
01fb01fb
014e01a7
0172010f
01ab0125
011a01fb
0139018e
01400165
016b01ab
01470116
015b0189
01e901ab
016e0105
00ff00f7
00d900b5
00d500c2
00a100a1
00a700a8
00ed0093
00e80127
00af00c8
00a80098
00e000b9
00bb00ab
00ce00a1
00d100e0
00ff00e2
00b000c8
00d500cd
00fd00ab
00bf0101
00eb00dd
00f000b8
00b700aa
012900a0
010900be
00d000f2
008800a7
00c200f6
00a000e6
00c100a0
0085008e
00900095
008a0075
00780099
00ef009e
009600b9
00d900ef
00f200c2
00da00eb
00da00ef
00b100e7
00990082
00f60152
009200cb
00b600cd
00c00110
008e00c0
00f000a5
00ab00db
00ff00fa
00dd0123
00bd00ed
00d9009f
00c000c5
00c6014e
00c200ba
00dd00a1
00de00df
00f700bb
00ee008f
00da00ba
00b100a3
009a0095
011f00a5
00c3009f
009900fd
01010096
00c000b8
00b800e7
00ae00e3
00a90109
00c900c5
00bf00ea
00e600a2
007a00b1
00b30085
009d0083
00a800bd
00ba009a
00c9008b
00ae00d2
008100c8
00ae0093
00df008b
00b700b5
00ce0098
00cb009f
00d200c8
00aa00d9
00a600a1
00c800b1
00e1009f
00f7009b
00a30092
00bd00aa
00d500ae
008400ae
009100a3
00a100aa
00da00ae
00ae010a
00bd00df
00b800b2
00c700aa
00b100d8
00c900a6
00fe00c7
00ed00a5
00a100a7
00c80102
00d3010e
011600f2
00c700d2
00f700d0
009100d1
00cb00a6
009e00f1
00ba007f
00b000db
00e10098
00a7008b
00b1008d
00ca039b
009900a0
00bf01c0
00860082
00850095
00b300ba
00c30096
00be00ae
00db00cd
00cb00b0
00ab0073
00d900c9
00b900cb
00d300b1
00e500b0
00a100df
010f0101
00a60092
008100aa
00ad00a0
00b600b8
00c700db
00af00d6
01220102
00e000a2
00b500d0
0083008b
008d008d
007e00b2
00990091
008100b3
00820099
01000152
010300c2
00c800d1
0147010d
01100118
010d0105
014b0137
0145013b
00d300a1
00eb00b0
00be00b8
00f0010b
00f600a1
00f800d8
010500d2
01130129
00da00ab
00bb00be
00be00e2
009200b9
00cd00a6
00aa00b1
00b000b7
00d70099
00a70097
009e00ae
00d800c0
00aa0125
00b100c8
00b900f5
00aa00a8
00aa00ea
00d900bf
00e700be
00cb00db
00f0011d
00bf00be
00c600c1
00f80119
00ff00d0
00e100d7
014e0122
00e500e2
010800e3
00a500f1
00d100e5
010500df
00f600e1
009300cd
00a20095
00a0010e
00d900ef
00ae00bd
00a600a5
009200bb
00aa0093
008400a6
00e000e1
00ce00f2
007a00d3
00c100aa
007400b6
009900af
00b10096
00b2009a
00d300e0
00e800c3
00e30121
00ee00e7
00c70090
00f900a1
00c700af
009500de
00c500eb
00b000b2
00de00b5
00c800cf
00a300a0
00a600c2
00980085
00b500da
00c9009e
00b800b3
0097009a
00da00ba
00eb00f0
00b800a8
00ad00d3
008b00c1
009200a2
00c2009f
00cd0107
00910086
00a100ed
00b500a8
00be00ca
01010180
018b00e3
00ed0110
00f0017e
0118012e
01650190
01570122
013e012b
00c00082
00c00098
00b500b3
00a10100
00ab00ab
00950086
00a500c5
009d00cd
00f300d5
00a100bb
00cd0110
00a100ee
00c800af
00ae0089
00e100c5
00d100b6
00d50091
00eb00aa
00d300ba
00a20102
009600e5
009700b9
00b000d1
009d0137
00f100b8
00ca00ee
013200fb
00fe0137
00ef00e7
012b00fd
00c000d1
00e000a3
012300e5
00da00a7
00960155
00c300b1
00ea00e3
00fa00a1
00af00bd
00b800e9
009700a1
00ab00b0
00ee00f5
00a000c3
00a200a0
00ab00c0
00a800b9
008500d1
00b000c8
00a500c8
00b30108
009d00b5
00a300bf
00cb00c2
00d100fd
010200c1
00b1009a
00a700c3
00b500c0
00ca00ca
00f800e0
009b00a3
00a20098
00c100c8
00ce00b7
00c8011d
010900b9
00d000e6
00dd00c2
00ef00b9
00d500f5
00c200e3
00a6008d
015900d0
009f00dd
00b000b5
00b200ad
00c900b6
00c0008f
009700c3
00bb00a0
00be0087
009800eb
00ce00ce
00b1008d
00be0108
00b300d8
009900b5
00f6010a
00d300b8
00d900b7
00f300b7
00d900a0
00e90092
00c600c3
00b60093
00ed00d6
00d100c5
00f700c5
00e5011b
00f200c2
00e000f8
00f000d8
00de00fe
014700ee
00ad00f0
00fa00e8
00f800df
00ef00db
011d012e
00cf0120
010100e0
00e900db
00bd00ae
00d100e3
00d600cf
00ba00da
00b300ea
00a200da
010900a9
00a5008b
00e100a3
00f600cf
00b500a1
00be00a8
010500ad
00e200b3
00aa011a
008e0092
00d30089
00bb00b9
00af00c0
009300d2
008f00ad
00c700f1
00c5006d
009b00b2
015e0106
00a80118
010300ea
00cb00d0
00b300c5
00b900be
00b600d5
008d00e3
009b0083
010f00c7
00b600bb
00b200d6
00f600fb
00af00b1
009b0080
00ab009e
00c9009d
00b900b5
00a900fb
00f100c8
00ba00eb
00ae00c3
009f00b5
01550180
0111016e
01d20182
0192015b
017701db
016b0185
015901a9
01c50160
00ad00ad
012000f3
00cd0100
00e60145
00bf00ce
010900d1
00a800c0
00a600cb
00cb0082
00a7010b
00c500ba
00d1009f
00c700b1
009e008f
009100bf
00e100b8
00bf00af
011700c2
00d000be
00cd00f6
00cb00ea
00bd00da
00f0013e
00ba00d9
00cd00f2
00dd0095
00b100d5
00c100d5
00cd009e
00a500e6
00d700d8
00cf00c1
00e000be
00aa008d
00c700b7
008300af
010d00b9
00ae00c9
00e800de
00c500c6
00e50077
00c600cd
00be00ce
009900d0
00a000a8
007d0099
00bd00c0
009e00b7
00a600aa
009e00aa
00a300c0
00a600a1
00d2009e
009500a2
00aa008e
00c800a7
014e0145
01080132
00ea00da
012500d6
010f0107
011500f1
00e200f8
0101011a
010d0115
00a200e3
00c100ba
00a300ad
00da00d2
00f700b3
00e000ef
00b600a0
00d100dd
00e000c7
00b800c3
00cb00fd
00c700d9
012900df
00db00e2
00fd00e6
00b700d5
00c700b8
00a900aa
00a100e5
00b200d5
00d3009d
00cf00ee
00c100cf
00e60082
00bb00b3
00b20097
00b100af
00d500dd
00a30090
00af009d
00950087
00860085
00ae0072
00b2008d
009500b2
009800be
00c200b0
00d5009a
00830096
00de00e8
0110008c
00da00db
014900ef
00d800bb
00c500c2
00cd013b
00f700c9
00e700bb
00c000d2
00a600d3
00ce010d
00c200d0
00c700d2
00d300fd
009600c1
011b00ae
008a00e1
00dd008f
00aa00df
00c300a5
00db00b0
00870129
00f800eb
00eb00f9
00d80111
00c6010f
010e00f1
011e00ed
00b300b9
00e80139
013500ee
00a700c1
00900085
00be00a7
00a8009e
00a300a0
00af0095
00b1008c
00b000ae
010f0120
011700bb
012100ef
017b0145
01600116
0127011b
00ea017b
00fd0116
010a0139
00d800d1
01100112
0139011f
013900c1
01090103
012e0167
012e0137
010b01a7
00c500de
00f600d5
00bf010f
00b900a5
00e800ef
00fd00db
00f30106
00d300af
00b2009e
00b20090
00de0109
012000b9
009700c0
00ae00a1
00c300b5
015700e8
00f30139
00d60118
00f300ff
00f00130
011e0140
012500d2
00f600e2
00d10098
00d600ce
00bb00db
010b00fd
00ff00f8
00c20101
00d200db
00eb00c7
008f00aa
00a700af
008d0093
009200bd
008d0095
00b9008a
008300b1
009b008d
00af00c9
00d700bd
00cd00eb
00d200df
00d70113
00b100b0
00cb010d
00be00c5
009d00d6
00cd0098
00a700e3
00c00092
00dd012e
00cb00c7
00ae00ca
00be00d3
00b20092
00d500d8
00bb00d5
00b700d8
00ee00f5
00cb00c2
00b900a3
00b2010a
00d700a2
009b0087
0092009f
00aa00d0
00cd00b1
00a700c7
00ba00b2
00b5009d
009a0092
01470102
00de0121
00b90085
00ab00c8
00950088
007b00a7
009b00c8
00af00da
00a800bd
00da0122
00c100be
010a00c3
00b900ba
00d30115
00d500e1
019e013b
00ea0149
00f800e9
010f0137
010100df
00e9011a
01320125
00e5014b
01770195
01070159
01300102
010300f6
01650185
01990150
017200f1
01670100
00f000c0
00df00d7
00f600fd
00ea00ca
011000ee
00a900c9
00bb00b0
012b010d
00fa0197
00b200cf
00e700a9
00af00a2
00a600c0
00b200d9
00c000c7
012500c8
00b000be
00d100c2
00cd0102
00aa00bf
00ce010e
00bd00d9
00a800d8
00c500bf
00b5007b
00b100ed
012b00a3
00ae00b3
00a100b0
00be00d9
00a200a9
00cb00a8
00d100c5
00a30078
008100a2
00b800d3
00a200a1
00c500b6
00c200d5
011500d6
01300105
00dd00c0
01080137
00e500e6
01300135
010100e8
00eb0108
00c200f5
009d00c8
00df00c2
00a5012e
00cf00a7
00c200aa
00da00af
009900d2
00c200d5
00c000b1
00af00c0
00c90091
00da00e0
008600a6
00ad00b5
00b600b9
00a2008f
00da00ab
012000e5
00fa00f7
00b300b8
00ad00c6
00b200e0
00ce0092
00cb00c8
00b500db
009f00af
00900097
00ad009a
00bd0092
00ba00a8
00dd0087
00d300c2
00f100e6
00f00137
00b000fb
00d300b3
00d000ee
015b00ed
010900e9
011200e5
00ab00a1
00f700b3
00b700fd
00e100d2
00c700bb
00b000b9
00d100a8
00d100b6
01370132
00e800e3
00a000bf
009d00f3
00f600c8
00ea00c8
00d700da
010200be
00ce00c1
008a00dd
00cb0098
00ab00c2
008d00a9
00d300cd
008f00d8
00cd00be
011300bd
00eb00f5
00b7009d
00b700d9
00bf00c1
010200e7
00cb0125
00c700b7
00a50078
00d00091
008900af
00a800a9
009d00a6
00b2009f
00d80080
009e00cf
008600c0
00a500c1
009f00d2
00bf00b5
00a600ab
00aa0130
00e600a9
009100d9
008500a1
00b900df
00a100b2
007800a2
00a0008e
0092006f
00e500b1
008f007b
00e700ab
00de00c3
00a300b1
00d2010d
00be00bf
00ef00cf
00d000ca
00b800b6
008a00d5
00c00089
00a5006b
00bb0092
00a700b9
00a3009e
008900b6
009d00a8
00dd0099
00e300bf
00a300b9
00ea00ca
00cb00cf
00fd00e2
00b100ab
00d10099
008c00c8
009f00a6
007a008e
00bf00b8
00c10083
00ce00ba
007f00b3
009000ab
00ad00c1
00af00c5
00bd0115
00c700ed
00d000a2
00d100bd
00a700ef
00d700db
00aa00af
009b0083
00b900d7
00b200a9
009300aa
00b20098
00b100bd
00ad00d2
007f0097
00d2008a
00b300d5
00c800ab
007b00d1
00a800ad
009b00d6
009b00be
0093009a
00b9007f
00b700ab
00db00b7
00890091
008b00eb
00af00b6
008700a2
00aa009f
009b00a5
00ad00c2
00a600b1
00a60099
00a200b3
006d00be
008b00a2
00ad006d
00c600e8
012000a6
00b300d6
00bf00d3
00ad00bb
00b900b6
00d500b7
00c500a5
00cf00ed
00e50125
00c500de
00b500cd
00ce00b8
00d20099
00b000e3
00b300aa
00b200d3
00bd00d8
00b600c2
00be009a
011700b7
00e000da
008d00ee
009900a6
00f800bb
00e600a9
00c100ba
00b300b1
00ce00d0
00a700be
00b100c6
009900a9
009a00e5
00dd00c2
00a90099
00c600d3
009b00c0
00a900bd
00a500a3
00a200d5
00ab0090
00b10091
009200c7
00bb00b8
00d200da
00c800c6
00f500ad
00c50087
010d00e5
00f500aa
00c00102
00c900cf
00b50100
00c500d6
00da00cd
00d000e0
00e700c2
00ee00e9
00ef00e8
00bb00e5
00a800b6
009500b2
00b800c3
008600cd
00b3009d
00af00a0
009e00a0
00d900e8
00cd00da
009000b3
00ba00b7
010200a8
00e200db
00b00092
00e900f7
00bd009b
00a100ba
009900d9
00c800c3
009100b3
009e00c2
00ea00b5
00c6008a
00a0009d
00a600a5
00bf00a7
00a000a9
00de0127
011e0115
00ae00b1
00ea007b
00c10091
00a100a5
00da00b2
00af00c3
010500db
00bd00b5
00ca00ca
00b200b9
00df00b2
00c200a7
00bd00d5
00fd00af
00e900de
00aa00d2
009b00c6
00ea00a9
00dd00c3
00cb00b1
00a600a5
009f0119
00a600e7
00b900bb
00dd00b7
00b300af
00d70105
00ff00e0
010e00b1
00d800cd
00cb00ee
00a5009e
00b800c0
00ad0099
009d00b2
00a50099
00cb00de
00bd00bd
00850089
00ea00a5
00aa00b5
00910099
00b80080
009a010a
009a009e
0098007f
008800a7
00d300b2
00bf00b1
00ca00c2
00c600ab
00d500b6
00c20097
008a00cd
009700a2
00b300f1
00d000d1
00eb00c0
00c600b3
00a80096
008a00af
00c3009b
009a00af
00ab00d1
008c00c9
00a600d7
00bf00ab
00a700e9
00a200bf
009500ad
011100ce
00a700d6
00ce00d6
00b100d3
00e200e6
00d1009b
00b600ce
00c100e0
00af00a5
015500c7
009d00dd
00cd00bb
00e800d8
00a500e6
010200bb
00ad00cf
009700c8
00c700cf
00aa00cf
009f00aa
00f7009a
009300a2
00a300d1
00ba00bf
01590182
01080192
014501b5
01650123
01650140
01eb01a5
0177014e
0102014b
00a700a9
00d000b7
00a000b9
00d200a8
00c100d2
00de00c0
00b70099
00d7009b
00ed0093
00b200ab
00cf00d2
00ce00c6
009000a0
009e00b5
00c200aa
009300a8
00ef00d2
009d00d3
009f0099
009600aa
00b900be
009f00c5
00c300f0
009600a9
00b500ad
00c600c0
00ce00a6
00d200ca
00ab00e9
00d200d9
00cd00c9
00af00d9
00a9009a
00cf00a5
00a200ed
00ba00be
00b000a0
00b600b9
00a3008c
00860072
00f700bf
00d300a6
00cd0097
00bf00a5
009f00d5
008700b1
00c10103
00b200c2
008f008e
00a000c2
009b0098
0088009e
009e0075
00960086
00870086
006e007e
00da00b0
00c200a6
00c800c2
00ad0130
00cb00d2
00b600a6
008900e8
009900af
014501b7
00be0125
00be00e5
00e800b8
00ce00cd
00b200ed
01720135
013e00f7
006a00af
00c700a2
00a100a5
0082009e
00bd0087
009b00c7
007e0098
009b009a
00b500cf
00bd00b1
00a600e1
00ef0096
00ba00af
00d20095
00b600ca
00f500e2
010e010b
00a200e2
00b000b5
00da00ca
00c700af
00d600b2
00d200c7
00f200f5
009b0098
00a700b3
00a100a1
009b00d9
009e00a3
00b90098
00c7009f
00ab008b
00f600e2
00c000dd
013b00e8
00d300e2
011f00c0
010200bf
00e900fb
00ca0112
00f600a9
00a5009f
00c800b8
00da00f6
00ba00ea
009700d2
00b200c2
00c900da
00b300a3
00bb0091
00c30096
00c9009a
00c10099
00b000a1
00cf00c8
00b30089
00b700f0
00bf00cd
00e300cf
00b50105
00ea00a2
00f30105
00c300c1
011600f3
00c100ce
00ed00ea
014500e5
00d30110
00c800bf
00d000dd
00d100e3
00c70099
00cb0068
00d7011b
00a100a3
00bf0066
006b0069
00830058
006f006e
00920073
009800df
00c800a3
00c600a2
00a300ab
00be009e
00a0008e
00b8009d
01450095
009800a0
00d200ad
00c100b5
008a00b2
008d00e6
009b0088
00d600e3
009200ba
00b700b0
00e700c7
00cd00be
00f70107
010800f7
00a30120
00bb00e7
00c700d7
00f600d7
011500e6
01300106
0189014b
00e100ea
010900ff
0175011d
00ff00fe
00f30137
00fa0100
013000f6
01030149
00db010d
011d00d5
00cf011f
010900e2
00b000d3
00a200a7
00a200eb
00e500d9
00cf0099
00d000e9
011200e7
012300ad
00d100d5
00890095
00d300e8
009a0147
00e700c3
00d800b5
00cb0110
00c00135
009000a0
00b500a5
00c200d5
00d50092
00b700b7
009100bd
00b100c8
009b007b
00a30092
00ae008a
00a60098
00c200a9
00c30097
0079009a
009200b9
00c800a2
00910075
00d800e3
009e00b8
00c70096
00f80083
00a800b1
007e00c0
00c800ba
00a300b8
00ef008e
00be00af
00b200b6
00a300bd
00a800f3
008d00a9
00b2008e
00f300b1
00f800b7
00e000b8
00d800b7
00ab00e8
00df00b5
00a100f1
00ea00c6
0117011d
00e700ca
010a00ff
00e6010a
00e60140
012500ca
00f700e8
01110113
015000d0
00d500db
00b800bf
00e600bb
00ef00a3
011f00c5
00aa00ff
00ef0098
00da0086
010700e9
00de00cf
00e500cf
00d100b5
00ab00c0
00d500c3
00c300be
010b00a6
00b500b3
00c500ce
00a200a1
00a800be
008b009d
00a900f1
00a500be
00b500e1
00930118
00e100a7
00b900e1
00ce00d8
00e600ee
00e800ef
00e600ce
00e90139
00d90088
00ba00ca
00990119
00cd00bd
00df00c3
00de0119
00db0103
009e0066
00bb008e
00a600ab
00e100af
007b00f1
00b700dd
007f00ca
007a00ad
01890235
01390155
0125015e
0129012b
013e013b
00de0179
017e018e
01a7013e
00a800ab
00bd00ce
009800f1
00cf00b5
008c00c5
00af00b2
0091008e
00b900c0
010a0112
01180122
00ea00e0
01030135
01010111
00e60132
00e200e8
00bb0106
00b200c5
010300e2
00c900b2
015b00cd
00b300fd
00c800ff
011200ee
00e600c8
00a90125
011b00e9
00c700ab
00b000fb
00950099
00b700c9
00d500aa
00cb00a6
009800ae
00ba00e5
00a000b6
00ae0078
00ef00f3
00890093
0098009d
00af00c0
009b009b
00d600b2
00a50095
00a000a6
009a0097
0099010b
00c700a9
00b50073
008b00c6
00a700c5
009d00c9
00b800d2
00a100ae
00ba009f
00ce0090
00ba007b
00bf00c9
008e00ba
00ab00c7
00aa00ca
00b1009e
00ce00d0
00a900ae
009300bf
00db00a7
0089009f
00d60093
00c700e9
010300be
00c300c9
00ba00b7
00ab00f9
01110149
00c0014b
00f700ce
00c80145
01020100
011a00d9
00d000d2
00e200f8
0073009b
00ce00b1
00a500a3
00b900ba
00b700a7
00cf00bb
00a0009f
00a9008d
00da00ed
00ef0105
0129009b
014500db
011f00d9
00d200d0
00f300f6
00d90117
012300fe
018200cb
00db0108
00de00d8
00ed00f2
011800d7
00e2010a
014500f0
008100ca
00c30081
009d00b8
00e700af
008100c7
009f00d8
00ad0085
009d008a
00e00132
011200b7
011800a1
00b800c7
00b700ab
011e00c6
00cf00d9
00cd00e9
0125015b
013b014e
0109011f
01020189
01130179
01420142
01670155
01020152
00a300ae
00c8009b
00b300ba
0149008d
00a600b8
00fe00ad
00ae00b2
00a500c5
00f0010d
00f600eb
00c5010f
016500fa
013000ab
011a0100
00ba00f0
00e500fe
00f700e5
011600e5
00ed00fe
00e100cd
015000e8
012b0101
00f60115
016700c2
008e00b3
00b600ee
00ca0090
00d200c8
00d200aa
00e200b3
00f800b3
00c6008f
00f000e8
00e300ce
01250113
01060132
011000f6
00eb0110
00c500f3
01490103
00ca00f8
00f800ef
01090115
00d900a0
01520129
010a00f6
012e0109
00f000fb
01170100
00f50120
017000f3
00e10120
014000ed
00f900dd
00e100cb
00ca00f9
01570103
00cd00ce
010500f6
00d50180
00f700cf
00da0106
00fa0142
00cf0113
00b500d7
009500aa
00da00c6
00a100e8
00930093
009d00ce
00d0009a
009800a2
00bd0120
009800b5
009a00a9
00c600bb
00f600c5
00bf00b5
00c000fd
00c700da
00a70106
00ff00d5
00ba00b7
009a00d3
00cf00c7
00e800b5
00d700d7
00c000b5
00de00ae
00cd00ab
00e300b5
00e800e1
00e100d1
00c600c9
00de00cd
00be00c7
00c800e8
00a500c3
00d200bf
00d0009f
00ed009e
00f000a5
00c60108
00c000c7
00af0078
00850097
01210092
00c8009e
00fd00bb
00e800b7
00bd00f7
00e000a6
013900cb
00a000b9
010000e2
00ad00ef
00d900e8
00c30127
008b00d8
012500ad
009300c5
00a30099
00b200c8
00b0009b
00910098
00be00a2
00ab009e
00c100ab
019900e5
011200c0
00ad00ef
00a000c8
00a8009f
00ae013e
010300bd
00b00129
01190155
00a00111
00c20142
00d70132
00e900e2
01160107
013b00e2
00e20100
00910087
00d000ef
00b800ca
00b800c8
00d2009e
00d600b6
00a300bd
008900c3
00a60088
00a2007b
00af00c5
009f00a5
00c500db
00c00092
00790097
009700b3
00ef00f6
00ab0108
00d300e0
00b0011f
00c900e0
011d00ef
01000125
00d00108
011100d9
00f200b9
014000e9
00d700d8
01050121
00cd00e0
01000145
00de0110
013b010b
00a500d0
00ee00e0
00aa00ca
00e600f1
00df00d6
010a00fb
00eb00c9
010f00fb
009100d2
00a500a2
00b30081
00a500d7
00ab00bb
00de00c5
00bb00e3
00a1012e
00bd0102
00b900e0
00db0072
00f700f8
00cb00da
00ce00c0
00e000e5
01270165
00ff00f2
0157013e
0119013e
01590135
0170011a
01200152
0106010b
00c80096
00fd00eb
00b100e7
00b200f8
00d600eb
00f200e2
00cf00ca
00e70129
00d50087
00c50103
00ea00e2
00b100e1
00a000fd
00a500ab
00c700be
00b800d5
00ed007f
00bf0108
009d00e2
00cb00cf
00d100b8
00c500a8
00e90119
010e00ea
008e00b0
012300fa
009900d1
00a700cb
00c0009d
008a009e
009e00b0
009d00a7
016e013b
01150103
0102013b
011501b0
016b0147
015e0155
018001f5
015b0180
011300a9
00c8008a
00de0115
00b000e0
00cf00c5
00aa00ae
00c700ca
010a00b1
00c900b0
00e200cb
00c600b0
00b700e6
00ef009a
00fd0101
01180109
00df00e0
00f300c6
00d200c2
00db00d1
00cb00e0
00a800fb
00b000f6
00c600cb
00ab00e0
009700c7
00b700b3
00d000b5
00b200c3
00d9009e
00c800a0
00f500ca
008b00a0
008b0099
009a00b8
00e000a9
009e0093
010a00d7
009b00c7
00b60085
008500a8
00b800b3
008c00c0
00bf00be
00d100b8
00ad00b5
00c300c6
008b00ab
00d000c8
012e0127
00cd00a6
00e100b5
00d300de
00cd00cb
00d800d3
00f300f6
010700f8
009100b9
00c900c1
009b00cd
00b8009b
00a600c3
00a500aa
00af00be
009200c9
01100109
00ae00b6
00db00e6
00b900d3
011800f8
011600a0
00e10132
014700db
00bb00b2
011e00fe
00e900d3
00b100b2
00f0009f
00ba0115
00d80100
00d50097
00df0123
00c200fa
00fa00c0
00c100f2
00d700c2
00e300ee
00d700d7
010300c7
00b600ba
00b800a2
00dd00b0
009100b3
00b500a0
00d700a0
00950089
00e100bb
00ae0103
00b700ab
00e100bd
00fd00e9
007a00db
00bb00dd
00d900d7
009b00d1
00a200bb
00a600aa
009a00a0
00a7009d
00b700a3
00bb00b6
00990093
008a008d
00b600a7
00f200c6
009e00f3
00ee00d8
00a600d2
00e600be
009b0088
008d00f0
00d800a5
00e600c7
00e000b9
00c500b2
011a00d3
00ae00d6
00dd013b
00b200be
00cb00cb
00bd00da
00c800c5
00d7010e
00c000cd
00d900e2
00b600cb
008600c8
00820081
00c5009a
00e200ab
00ae00a9
00b500bf
009a00de
00bd00b6
009a007f
00c100cf
00d200c5
00c900b8
00cd00be
00ad010f
00a900b2
00b300cb
00cb00c9
0123013b
010a00eb
0135010b
012b0157
011e0123
014b0147
01650145
01e9019b
00d300fa
00f10096
00d700bb
00a000b5
00b6009f
00c200ea
00a200b7
00c000d8
008200be
00ba0085
00af0095
00af00da
00ca00b8
00bb0089
009b00a5
00f20097
007f0099
00c000c9
00c30098
00b10090
00c70093
008300c8
008500a6
00aa009b
015e00f8
01720109
00ed0135
01720121
013b0147
013e0135
01950187
01450142
00ab009b
009e009d
00b800ae
00f500a2
00ab00b3
00e500c0
00a3009d
014700a6
009600cf
00970083
008100a7
009700c3
008900ca
009800a0
009a0086
00ab008e
00c600db
00a5008e
009e0082
00e200a5
009e00c5
00d500d5
00a600c5
00df00a7
010300a1
00e000af
00c2011f
00c900ea
00d000eb
00ef0095
00be00f3
00d100fe
00de00e3
009f009a
00f500b1
008d00af
00b70096
00f000bd
00e10103
00db011f
00b80130
00b800bf
00b200b6
00c600b7
00f800ed
00d700a0
00b500f0
014200c5
00de00a8
00b60100
00e700de
00c900f0
010800cd
00d20106
00f700af
01300115
010f008f
00fd016e
010800dd
013000f7
00b70149
00d100b5
010f00db
00e000c5
00ba00c1
01250100
00da00c1
0135011e
0130012b
01150129
00f100b2
010b0127
00aa009e
00ff009e
00a900af
009f00b8
009700ce
00970093
00ca009b
008f009f
01670140
013900e8
01e50129
011601c9
012e010d
01870169
017b00f2
01570157
008f00c7
00a30093
00a500a9
00a100c5
00c600a8
009f00c0
00ae0092
00980089
00e500c5
00b0009f
00c200a3
00a900ab
00c000e6
00cd0099
00a800b7
00d100ce
00a700d7
00ea0097
00b200c7
00cf009f
009500a3
00b700a3
00a30093
00b000c5
00830106
00a30099
00bf0097
00b50076
0090008f
008e00da
00a100a6
00e2009f
007d0095
00b100c6
00d700c3
00b100ed
00a100b3
009800b6
00c7009b
00950089
00dd010f
00c600c6
00f300b6
00a500d8
00e100c5
00c50100
00cb00e9
00a600d5
00e300af
00ef00c6
00c10099
009800b0
00e700da
0098009b
00a50093
008200b9
01370099
010300ed
00c100e1
00d100eb
00fb0139
00e500bd
00ed00e8
00d100eb
00f100b9
00cf00bd
00b700d7
00c300b3
00f60130
00c900e2
00eb00cf
00fa00de
015500e8
0160018e
00b600ff
00be00cd
008f00ae
00e100cd
013e00e5
00d600c3
00b900ce
00d2009e
00cf0113
00d500d9
011500c2
00e200d5
00f500e0
00c700c1
00cd00a1
00c700c6
00ab00a6
00e500a9
00c800b0
00bd00ea
00cd00e2
00b800b0
00bb00b1
011800c0
009e00c0
00f100ad
00bd00f0
011800d9
00f70102
00ef00c1
016e00e2
00c800e5
010f00e1
00f900e9
012100dd
00fb0110
00e8013e
013b00f7
00b700d1
00c700a3
00aa00da
00d900b1
00cb00ce
00d300a7
00c000cb
00fe00ee
00ff01be
01190113
00dd00df
00d20102
010f0101
00ed00d0
011800eb
00c800f1
00f7012b
00b80102
00c300ed
00df00cb
012e00f5
018900b9
010b0119
01170127
00ad00a6
00a800a3
00ae00b5
00a100be
00b50115
00cd00f7
00b200a2
00b800c1
00b2008d
00ab00e2
00e100e2
00e800e1
00a700e8
0108009a
00bf00b2
0089009a
00a0008a
00ad0097
00df00be
007d00c8
00ca00a1
00cb00eb
00f200ad
00a900bf
00c800a9
00a9011f
00d700ca
00e200a3
00b100a0
00a300a2
009a00af
00a8009f
013000f1
00b700de
00a8009d
00d200d5
00cb0097
00c600b9
00ba00e3
00dd00fa
00f30127
00a500ca
00c90096
00ae00c5
00d100cf
00d60097
00b300af
00a300c3
015b00f9
008d0119
00d50102
00c300c5
00bb00a9
00cf00df
00aa00e1
00b700cd
00c300ba
00bd00a9
00b700a1
00b700ab
008900b1
00ed00e9
00b300e6
00c800bd
015200c3
00e700c2
00bb00d8
00e000f1
00ea00a6
00c100d7
00de00e8
00c600d1
00f000e6
00ab00a1
00e5009e
00c000d8
00b800b1
00cf00a8
00f300a8
00fd00f8
00dd0096
00da00c7
00bd00b7
010200ce
00a600f3
009900a7
00c00093
00960095
00bb0088
011500e3
00ba00ad
00d800b3
009e00d7
00bb00c3
00e1009f
00ca00a2
011d010e
00e000e7
010800eb
00e10116
00c200f0
01030132
015b011a
01060155
00ae00a9
00b200d2
00ce00b1
00ae00b1
00af012b
00c700c5
008a00a6
00b800b2
00dd00f1
00f700d7
00ca011f
012500ea
00f200b9
00cb00c0
01150125
00cd0125
00b50092
00a20139
011100b9
009e00ce
00b200d3
00c600ce
00a300b5
00c200b8
00aa0095
00af00e7
00e900aa
00c500d2
008b00aa
00b500bd
00a300b6
00b700a1
00eb017b
00b900af
00c200f9
00bf011f
008800f7
011200c7
00fa00c3
00e900aa
01290101
00d500d3
014b00d3
00c30130
010800bf
00cb011b
00eb00f8
012e0100
007900a3
00bd0090
00cd00a2
00b200ea
00b800aa
00af00d2
011a00c7
00a500ae
00b700f1
009f0109
00aa00a5
00af009b
00d700ba
009200bd
008e00cd
00bd00be
00b00147
00bf0118
00a000a9
00d800bb
00df00d5
00c600c8
00a10125
00c200aa
0139012e
00bb00eb
00c90112
010a00ab
00f6013e
00f100c6
011200fe
01180139
00de0085
00d000da
00dd00e2
00f300c3
00e900b5
008d00eb
00e200d5
00b9008d
009e008b
00c70079
00d70086
00c100be
00b800b8
00ce00a9
00e700ae
00a00099
013e013b
01090147
00cb00e7
00f000e5
00f1012e
01490118
012500d8
012e00f6
00d700fa
00ca00df
014000e5
00db00da
00fd0120
013e00f9
00e20127
00f30101
00c90108
012b00d7
01820140
00eb011d
0118010a
012b0112
00f6014b
00f1015e
00be00a7
00b500bb
010f00ea
00c70116
0110012b
00e200cd
00c200c6
00f100d9
011f00da
011900e3
010a010f
0120010b
00ca010f
00e9012e
01820152
01160125
00fe0179
00f700ea
00c000a6
00ad00c0
00c900ce
00d000c3
01520100
00db0129
00d700ef
011600f1
010600f7
00e5014b
00cf00f0
00e100b9
00d200ce
010000bd
00aa00ae
009600a8
008700b0
00b600b1
00cf00e8
009900ae
00a900e3
00cd00a1
009300ab
01050096
00a100da
00bb00c3
00b300b9
00af00d7
009500cd
008900d0
0110008f
010b009f
00fb00df
00b900c1
00a700d9
00a700c1
00d200b9
00c100d3
00d500ca
00ff0099
00a300ca
00c2013b
008d00c0
00c600b3
00be00de
00b80108
00b000f6
00b100b8
00d900ea
00b900cd
00cb00b8
00a200b8
00c200cf
012b0095
009000aa
00b300c7
008b00a8
00ab0099
00a7009f
00b800af
00e80089
00e600af
00a5009d
00a700bf
00d000b3
00b500a5
009b008f
00e600ba
00b100a2
00ab00be
010a00e0
009f00a5
00bd0127
00c000b9
010200df
00b60101
00c800ee
00e900a8
00c300e9
00df00de
00d200c5
00b5007a
00a800d0
00c800c5
00ea0097
00a800fd
009f0096
009900eb
008b00be
00a600a0
00d6010b
00930095
009500c1
00c600a9
00df00f6
00ce00f5
0132010b
015b0142
010100d7
010900db
0139010a
014200f8
00ee00ab
01070115
01670106
011f00fd
0135010e
0120010b
00dd0118
011800ce
00bb00b6
009d00db
00da00c7
00a900a5
00b800d1
00f200bd
00df00dd
010300af
00f500a6
010b0093
00ba00c0
00e3012e
00db00d5
00bb00ca
00f200f5
00ad00c8
00d800a5
00e700b1
00e10132
00fb0135
00b000e0
00f000db
00f700c9
00fa00f1
00b80093
00e300d7
009700ba
00ae00c0
00e700e5
008f00c8
00b300ae
0092009f
00ea00ce
00b800c2
00d900b1
00bd00c5
00b6008a
00b60088
00ab00a1
00e000c8
014000da
00c500b7
00c700b1
00fb00e1
00db00ad
010700b9
00e200e2
00e700d1
00ca0098
00ba00b3
009b00b9
00d500a2
010100da
00dd0111
010800f1
00d100e0
00b700c7
007e00a6
00b600a5
00e1009f
00b300ab
00cf00cb
00b000c5
00b300b0
00b7011d
00f200ab
00cd00bd
00d70129
00a600e5
00c900bb
00f60130
00b000e0
00de0092
00c200c0
00cd00e6
009900ab
00da00c5
008d00b5
00a700ee
00ca00d2
00e000aa
00e300f1
009e00a2
00bd00bd
00d9009d
00bb00d6
00d200b7
00b900ad
0082009b
00a600b1
009d00b6
00c600c2
00be00a1
00ce00d3
00b70099
008b00a5
00ce016b
00c5009b
00df00e6
00b900ba
00c800a5
00c800c7
00c70112
00dd00ae
00c500b3
00da0079
00a600ad
00a000ee
00df00bb
00ce00cb
00c300a1
00d200b1
009f009b
00ed00d1
009f010b
00aa00c7
00e20097
00c300c6
00b500be
00d000a8
00f9010b
009200a0
00b600bd
009a00df
00b600d1
012200c7
011500bf
00bd0117
00dd0080
0102012b
00bb011a
00fb009e
0096009e
00b800c0
008f00e2
00b300e7
00f70182
00e700ae
00e100b6
00cf018b
00f90109
00e500ed
011100e1
00f700c8
00da00b0
00850083
00cf00e0
00e600e0
00f10097
00f100c0
00c800d6
00a200c0
00e700d3
009800df
00d90095
00b200d6
00c900c2
00b600c2
010f00d0
00d100c2
00aa00a3
009e00d7
00fa0093
00ba00c6
009b00c5
00d100e9
009f00a5
007b00cb
00be00d9
009200b0
00bf00a6
00ff00e3
009800ca
008e00ea
00b100cd
00b200b0
00de0090
00e000db
0115010a
00c900dd
00d800fa
00d300c5
00da0108
00ee00a5
00a10075
00d900fb
00af00d5
00c900ad
009f00d8
009b0088
0080009d
00c1007d
00d20085
00db00ed
00a700ab
011300a8
009d0092
00cb00b5
008f00ab
00b300a0
00e60149
00cf0111
00cb00c0
00d900aa
00f300d2
00d500d3
010f00ef
00e10119
00c3010f
009900df
00b000c6
00d600e9
00cd00c5
00ed00ce
00fa00cf
0116010a
009700a5
010900ef
00c800e6
00b900a7
00b700b8
00bd00a9
00a700c1
009800c3
0095008e
00ee00a5
00c000b0
00d100b8
00c600a5
008e00e0
008700c6
00ad00a8
009e00c8
00d100bb
00c00082
0091008c
00ab00f9
00b20085
00a300ad
008f00d1
0088009e
00c500bd
009900aa
00dd00bb
00a900e7
0099008b
00be00b8
009a00c1
00d200c1
00bf00a9
00aa00c1
00d5007a
008f00a8
00cf008d
00db0122
00b300bb
00b5014b
00b200a7
0090008f
00ca00a0
00b800de
00e100c7
00df008d
00bb00b8
00e10122
0097008e
00e700c3
00d600e8
00cb008d
00ba00b5
00e900c5
00b800aa
00b30097
00c10098
00a90096
00a80099
00a500a1
00c100a6
00bb00cd
00ba00ae
00a6008d
00f80139
00e200ae
009200a2
009800ca
00bb0088
00cf008f
00990093
00af00a1
00e200dd
00aa00ea
00850089
008f00ad
00bd007f
007a00d2
009200d7
012b00ab
00f700e5
008e009a
00cb00c8
00c300a7
00b700b9
00b100c8
00e200a2
00ad00c3
00df0097
00bb009b
00b700b5
00cf00d0
00d1008c
00ce0095
00c300c6
010d00a7
009e00a7
007f00b1
00d300f8
00b900c2
00e600c9
00d10099
00e000cb
00b300a7
00e000c9
00c100c5
00d000b9
00cd009a
00bb00f3
00b700aa
00c500c6
00dd00f2
00af0085
00d500b9
00c800c9
00b1009a
00c300d3
00c100e0
00c700ed
010600e3
00ab00a2
00d800c1
00b100a9
00b300b6
00a000b7
00cb00c5
00b900a7
009d00ab
00f600d1
00d50096
00ab00ba
009600af
009300a9
010100a8
009d00a9
00b000b2
00ba00d5
00c300b7
00b300d2
00b700f9
00d500cd
00d200bb
00d100c7
00c200af
00f2012b
01500152
00f600df
01070115
00e900e5
011600f8
00cb00ff
009500aa
00b700b7
00a5009d
00a100e0
00aa00ea
00ab00a7
00a7009a
00a60087
00ae00ba
00c900ae
00b300da
00c9008e
00ae00fa
00a000b1
00860098
007a00bf
00ae00f9
007d00ae
009f00da
00b1009f
00c000d2
010b00a0
00a9009d
009600af
01b001be
01900170
018b0157
019b016b
01de0162
01e0017b
024e0159
0199018e
010600ff
011900e8
016200f2
01160103
00d50117
00f800e9
01010137
010200ee
00cd0087
00af00e9
00cf00b6
00bb00aa
00dd00d3
00d600b9
00d100f0
00c900bb
00cd00bb
00c200b3
00fb009e
00b900c2
00d500d7
00c000a8
00b300d6
00c000d6
00c00098
00a600a3
00e900be
00b600e5
00b000b9
00c500c1
00910099
00bf008f
00d800af
00a000bf
00ef00be
00bf00b6
00e300ca
00bf00b2
00b500a0
00e200d2
006f00cd
00b10096
00f2008f
00a7009d
009500a1
00ae00a9
00910098
0098009d
00fb00e8
00a100c2
00b000d0
00c0010d
00aa00cf
00a000ce
00a100d1
00be00c6
00c70109
00b900ff
010100ee
00fe00bb
00c600e2
00f200e9
00f100cb
00f100da
00b600d8
00ca00b8
009100c8
00c900ed
00c000bd
00a70093
00ea00b0
008a00d8
011100c3
00b300a2
00cd00c1
00b7009e
00c600c0
00c900d9
009f00c6
00c500b6
00e500c3
00c700d0
00de011b
010600db
013b00f1
00bf00e7
010d00d0
00e70112
00cf00ff
00d200ba
00db00ca
00eb00be
00d200be
00c100d1
010800e3
011100fe
00b700d5
00ca009b
00c200dd
00a500d5
00c300ce
011900d7
00b800c2
010a00d3
009d0103
00b500ef
00aa00ba
00ee00b3
00c100e8
00fb00ab
010d00be
011100f7
00a70095
012900fe
00c300b2
00c800d3
00f300c9
00b700c5
00f50096
00a200a9
010000fe
00a300b2
00a900ae
00da00ea
00da00bb
00b100ab
00fa00c1
00fb00e1
00ab0095
00c500c0
00970096
0098009a
009600dd
009600c1
00a7009b
00950096
00c2009e
009b00ba
00d000ad
00a300a7
00af00b5
00bd00af
009d0091
00f000bd
00cd0082
00f700dd
00e000e5
00a60098
009d00f9
008600a0
007a00ab
008600a8
0115018e
01970177
01b20172
01ce014b
01790118
01fe01ce
01f7017b
01450175
00a000bb
009f00a2
00a900c0
00e600df
00a900bd
00b600ce
008d00c1
00a100af
009a0099
009100a3
00c000c2
00b800c7
00e000d8
00a10097
00e600db
00fd00c8
00c700e8
00e10093
00b600c1
00a100e0
00c500bb
009200c1
00df00ca
00a800b3
00a000d1
00c9009b
00b300d9
009d00e6
00cb00eb
00bd00bd
00b600f1
00ad00bf
00e200cb
00be00e6
00d900b2
00e200e6
00c800fa
010500d9
010500d5
013000d5
00ce00d0
00c100db
00c100d7
00c9009a
00b100bf
00d200b3
009d00b3
00c100d6
009d00a2
010e00ad
00a100e1
00e900e5
009a00b1
00c800ba
00d000a8
00a800ab
00a20093
00ca0106
008900e1
00a60078
007d0083
00970087
009e006c
009600ff
00a800b7
009d00ab
009700b0
009f00b7
0119009d
00e800bb
00b200ab
00a700d1
00d3010d
00d10092
00c200e8
00bb00d8
00eb00b9
00f700e5
010f00f9
00fd010f
00e30085
00cd00d1
00c300d2
00c100d8
009d00b0
00d000de
00eb00d8
00cf00cd
009700a5
00d0011b
00b900ba
00c500d8
00b7008e
00c600ab
00ad00a0
00a500b2
01390118
00f600f5
00b500d2
00b200b9
00c3009e
00be00c8
010f0105
00f200f5
014000ee
00be00e9
00cd0107
00e500c3
00e000ca
00c2009d
00fa0103
00f500db
00fd0093
011500a8
00b700c2
009600be
008c00ee
00ad00ca
00d200e5
010700a5
00b700aa
00a700b1
00b100de
00e600a7
00ca00cd
00de00eb
00a200c2
00bb0092
00e200be
00ba00a2
00bf011f
00f700b2
00b500ea
00ef00db
00c50106
00be00cd
00a300a9
00a900b2
00e3009f
00990084
00be00ab
011600ba
00c600b9
00e00099
0132012b
00a900c0
00e700a3
00ad0098
00d100b6
00c300b3
00c700d7
011700d7
00970072
00ae00db
00d000cd
01190088
00e30079
00af0083
00ab00ae
00e2009d
00c300c7
009b00e7
00f700dd
00c200b6
00af00f7
00e100eb
00a900ed
012500cd
00a80091
00d200ad
00be00b2
00af00c3
00a800cd
00c600cd
009e008f
00d600eb
00b000d9
00b20093
00c80092
009b00bf
00d8007f
00ab0096
007e00ea
00c000ab
00a90096
00ae00e6
00a100c3
00db00d9
00bf00cf
00c000c2
008200c6
00870095
009a00ae
007700a8
009200c7
009a009a
00bb007d
0064009d
0086007f
007b008a
00f600f6
00eb0122
00e600f8
00d900c0
00bf00f7
010800e6
008f00d7
00fa0106
00a600a6
00b100be
00b500c5
00d700d0
00c000a0
009600ae
008c00ab
00d500cb
00ba0116
00c500a2
00f200a2
00b000c5
00c700ab
00a500e9
00d500c5
00bf00b5
00a900a2
00d0009b
00a000c3
008d0099
009100c8
008f0097
00900092
00b700d0
008d00d2
0088008f
00bb00a5
009800b5
009b00c3
008c00bf
00c60083
00d300ab
00e80115
010d00d0
019000cd
00d200e8
00df00d9
00f300fe
013e0111
00f700d2
00e20169
00b1009a
00e1010e
00d300a0
00f900d7
00da0099
010f00e9
010f00eb
00b300c7
00cd0099
00be0097
009f00b8
009e00c3
00ea010d
00a500a6
009200ee
01f5018b
0179013e
01c00165
01a901b0
016500fd
01a001f7
018701a0
016901d7
00d900e3
013b0142
010f00eb
00c7011e
01390116
01160112
00c70170
01350157
014e00f9
014001c9
013700ea
010e00eb
00f600ce
00c10117
011f014e
011500fa
00bf009d
00aa00de
00ce00eb
00c300c3
00c900cf
00c1010d
00db00c0
00ce00f5
00880091
009700be
00d900c9
00a000a9
00b900a3
00c5009a
00a200db
00a800e0
008d00eb
00aa00c3
00b800ad
00c600f7
00b900b3
008b00a1
00c0009e
00b8009f
00f200d7
014b0129
01470120
012000fb
01080185
01190132
00da011a
00e500b6
00cf00a1
00ab00b2
00b600df
00de0090
00b800b8
00aa00a9
00780096
00bb0085
00d900c3
00f500b1
00c700d1
00eb00c1
00da00d6
00fe00a9
00c20098
00b500fd
00b5010f
00e6008f
00da00ea
00c100d6
00c000fb
01090101
00e00117
00ff00b1
00c90099
00b200c0
00b300c2
00b600b5
00f900b2
00c800d6
00f900cf
00ae008e
00bb0092
00c300ce
00c600ef
0119009e
00a900c0
00f000b3
00be00e0
00c900e7
00c700a2
00e80092
00c700d6
009900d6
00a800b0
00bb00ae
009200e2
008e00b5
00a1009a
00ab0099
00ba00b6
00d300b8
009e00a8
00c600a1
00a70090
00a3009a
00ce00d0
00d300cd
00c6008c
00bf0079
00c300cd
013500f9
010a00bd
00e900c9
011800b1
00ce00c0
00d000e7
00f100ef
00ea00fe
012500eb
00e00113
010900c3
00c800a0
00ef00bd
00bb0103
00f300ed
009800e5
00d000ed
00bb00b9
00ce00ba
00eb0100
00ab00b6
0145010e
00f800b5
00c600d8
010100e2
010b00d6
0140012b
00cb00c2
00c900e9
00a600cf
00a800c5
0109009e
00ed00fe
011500df
00f000b8
00b50079
00d500d9
009b00a6
00a100a9
00d000a8
00ca0083
007600ae
008f00aa
00a90093
00c100c3
00bb0089
00a500b8
00d500b5
00ab008e
00ad00af
009800d9
009800e2
008f00a3
00c50082
00b900a1
00aa0089
00b900ae
00b1009e
00b10083
008500d7
00e2008f
00ba0091
00df00b6
00c6008e
00b300b9
008d00d9
008e00c7
011000ce
00be00da
00aa00b7
010100e1
00c800a8
009b00f6
00cf00ca
00ab00ea
00f90157
00e10095
00fa00d5
00e200f8
00b300c7
014200c1
01160123
00f30130
00a700d3
00a200a0
00ab00de
00a30092
008c00a2
00980085
00b500be
00d000ab
00e100bb
00c900da
00b30113
009a00b5
00c1009b
00df00c8
00c900e9
00a600d7
0092009d
00ab0108
00a900f8
00b8009b
00c300ca
00b900a9
00bb00ca
00d0008a
00cf00bd
011d00f9
00e500e3
00d800d7
01550105
00fe0149
015700ef
01000116
00a70093
00c500bd
00ba0105
00f900da
009500d2
00b200ae
00bf00b6
00a000a2
0105018e
00ee0150
00df00ba
00e100b9
00af0102
012500e7
00c500c7
00d800e8
00c800cb
008c00ab
00b000a7
00c50099
00d6009d
008b008d
00c800b8
00b100c2
00c500f1
00b500ea
00b000bf
00cb0107
00b000e8
00bb00bb
009700ba
00c300b9
00920096
00bf00b0
00d300e5
00f900ae
00fb00b9
00ae00cf
00e000c1
00d000be
008a0096
00d2012e
00de00b3
007e00c8
00d500cd
00c600f0
00dd00d0
00a800ca
00d300e1
00fa00aa
00d2010b
009d00b0
00a60107
00a300d7
00d900af
00b70096
009b00b5
00aa008d
00bb00a5
00b2009f
00d500f1
009600a3
00cf00bf
00920097
00a80087
014900e7
00af00ff
00c700a9
00c2009d
00b600ad
009100c3
00950096
007600a1
009e0085
00ad0083
00c8007f
007c00ce
00b60068
009e00af
00b500bd
00cd0097
00b600fa
00dd00e2
00d1010a
00b900da
009a00b6
00e300d5
00c900dd
00ab009b
00ce00c1
009e009d
00aa00b3
00b500be
009700b1
00cf00c1
00bb00a3
011100d3
010100cf
010e0130
00e600d7
00db00d5
010d00e1
013700e8
0109012e
010a0142
00d50100
00de00de
00e800e6
00d300db
00f700da
00ea00c8
0137012e
0142010b
01200101
014500da
010700e3
01500159
011600f9
00c0013b
010e00fe
00d50132
00ae00d6
00e700aa
00d900d6
00c700cf
00f7010d
010800f6
00d500d9
0085007a
010600cd
00ad00fb
00aa00a9
00d8008a
00c000c9
00720081
008b0095
00cf00ff
010600eb
00b000cf
00af00fe
00a000dd
00c50113
011100e1
012200b7
00e800b3
00d2010f
00b10087
00db00bb
009600c6
00b500a2
00dd00a2
009f0090
011e00e8
009a00d2
00ae00da
00c90099
009200aa
00b80098
00b800a5
00ea00d5
010d0103
00e900e8
00da00c1
00d900c5
00db00a9
00f500de
008a00ce
00f000c5
009d008d
00cb00be
00e900f7
00b300bd
00a700a3
00bf00a5
009f00b3
00a900b7
00d900cf
00a9008b
00b000ff
00ed011e
00c900f3
00bf013b
00a100c8
00ce00b5
008200c8
00ab006a
00bd0095
00b500b8
00c200a9
00de00c1
00af00b1
008500e3
00c100cf
012200d7
011e00cd
009b0107
00e000e5
00b800b6
010a00e6
010f00c6
00f100f7
00ad0101
00cf00b5
00cb00f5
00e0012e
011b010a
00d00108
00e50121
019501b9
01750175
01320152
0127012e
00fa013e
01690189
011501c5
012b0111
009600ce
00d500a6
00d200c1
00c800b8
00cf00c5
010600bf
00da00d2
00ef00c7
00eb00cd
0102013e
00c60120
00fb011e
00ef0118
0117011e
00fa00f3
00e20100
00f600e1
012e0105
012b010d
00f30102
00ca0109
00dd0135
00d10140
00f800e9
009b0086
00e100e5
00bb0118
00bd00b6
00d800e0
00d200b3
009600af
008600ab
009a0086
00ca00c9
00de00bf
00d600ee
010200b2
009e00be
00bb00c1
00a600ad
014900d7
00c900d0
00ca00b8
00ee00c5
00b500b7
013b00c0
011a015b
00da00fb
00e10135
00da00a5
010a00e1
012b00c1
010600b2
00d900d2
01150111
01370109
009e00be
008e00bb
00d600a1
00d200b0
009900a9
0099009d
008c00d6
00ca00ad
0081007f
01400132
008f00a0
00a500b9
00bd00d1
008c00b5
009e00a2
00930075
00b500a8
00de00d0
00e600ca
00fe00b7
00b300b5
00d20096
00b700c5
009e00b2
00d30095
00cb00ad
00ce00c9
00fd0101
00f10112
00ea00ff
00b500d8
010300bb
00a600cf
00d000b5
00f5009d
00b000e0
009b00c5
009800fd
00ab00c2
00c10090
00c100e7
00d500b5
00d800fe
00cb00da
00db00c9
00c80111
00d200ae
00a600c9
00ae007f
0123010a
00bb00ab
008d0098
00b90095
00ad00b8
00a000a5
00920095
00c600d7
00db00cb
00ce00b1
00ff00e3
010600da
00cb00e8
00ca00b3
0142010e
0112021b
017e017b
01770222
01450180
01c20125
010901be
01d20160
01300155
008d0099
00b900a5
00c200a9
00ef00bd
007a00d1
00e900b5
00a200b1
007600b7
00c300d1
00df00a5
00a000e1
0122010b
00c000c6
00b900e3
009300bd
01230082
013b0119
00dd00bd
009300de
00e800c0
00be00c1
00c2010d
011600eb
00fa0129
00be00af
00d000c9
00dd00f9
00c700c9
00d000cb
00e900a7
00ca00b9
00c900ee
00a60092
00e900ca
00c900bd
00ea00ad
00c800bd
00f300ce
00c3009b
00ba00ba
00a1014b
00a800c2
00cf00cf
00d800c2
00c000c9
00c100b1
00c50132
00a600d1
00960089
00e600db
00ba009f
00a000a7
00cf00a1
009b00de
00af00e0
00a8009d
00d900a9
00bb00b0
00f100bb
00d7009e
00ed00c0
008900c1
009700cb
00a5008d
017e0169
00fd0110
011601c9
01590149
01500142
014b0169
015b0182
01950185
00e9007f
00c600aa
00ce0087
009f00b5
00b700bf
00b6009b
00a30103
00b80098
00a300b9
00d500e9
00f600ab
00a800d1
00d200e9
00db00b1
00ee0152
009b00d1
00c000bb
00d000cd
00d600b8
00eb013b
00b800e5
00cd00b2
00c500c6
00da00c8
00b700af
010b00b0
00c300ab
00a900c8
00ad00eb
009500b7
00ae009d
00fb00b8
009a00ce
00a100ae
00b800aa
00df00a9
00aa00fe
00a600a7
00b100f0
009200be
00a200d2
010000be
00ce00f1
009500b0
00a100bd
008700a0
00c700c6
011100bf
009300c5
009d009a
00d000a8
00c600c5
00ce00b3
00b800ab
00b900f1
00aa00d7
00b700bf
00ce00e2
00ba00e1
00bb00d2
00b800a7
00ae00d9
008e00c7
00bb00be
00b000be
013b0101
00e500d5
0118010e
01370111
01420150
013b00fa
00f100e9
00d200ed
00a100a0
00d900b3
00d000a1
00da00c8
00d800dd
00bb00b5
00c900af
00ea00d1
00bb00df
009d00f2
00f700f1
00ab00bf
00fb00c2
00c70105
00d800d3
009e00d2
00a700da
00b000bb
00d200b0
00a50098
006c0097
009f009b
00a200b3
00920084
00c500d0
00c600f8
00d300f6
00d100b1
00ad008e
008f00e5
00b700b5
00e500c1
00930096
00a80089
008700a9
009d0079
00da0129
009d008e
00cd00b5
009a0096
00d20086
00fe00b9
00c600c8
00b200fd
00d000c6
0095009e
00b300ae
00d900ee
00f2009a
00e900be
00cf00ef
00bf010b
00e70127
010100ee
010700fb
00c800d3
00ae00a0
00d100aa
008e00ca
00f60095
00aa00a9
00bd00ce
00ee00c1
0119015e
00a600b9
010b00df
00fa00be
013b00ee
00bf00d5
00e600e8
00fa011d
00aa00af
00ed00a6
00ba009a
00ad0099
007a0097
00840080
00a000bb
009300ab
00d600b0
00d000cd
00ce00f8
00cd0096
00b800c7
00d300b0
00e200a8
00cd00e9
0155016b
016500ee
01420169
010d013e
01150179
018e0152
0137014e
01570129
00b10098
00e500ae
00a700a7
00d100af
00aa00ee
00af00bb
00ea00c6
00d500ed
01290139
00e300f8
00f700f1
01090122
00e900df
011900d3
00e700f9
010500e8
00e2009d
00b60105
00e300ca
00bf00cd
015200df
00d600cb
00b900a6
00b200e7
00ed0102
00a20092
00b60100
00d500f6
00a900bd
01100103
00f300ee
013000e9
012700a3
00ba00f8
009700eb
00b000dd
00c600ba
00bb009e
00ba00e6
00c900b6
00bf009f
00c100c3
00b900c5
009f00c0
00a700b1
00d700d1
00ad009f
00b800e0
00b600a8
00cd00a2
00a10095
00a000c8
00a700b6
00ce009e
009d00a2
00a00083
00d50149
00e5008f
00e100bf
00cf0092
00d300c2
00c600c9
00c000f6
00c100ed
00bd00c0
00e600d1
00b300f8
00f900b9
00b000b2
015200ad
00e600c5
00e100b1
00970099
00b700ca
00a700c6
00ce00af
00c600e3
00a100d2
00ab00a1
00c500ba
00fe0091
00c800da
00ce00ba
00e0009b
00ca00f9
00b500d6
00a20099
00d200c9
010800a6
00e100b9
014b00e5
00af00ea
00bd010d
010600e0
011000f9
012b0106
008100a1
007e007b
008700ad
00af0081
009a009f
00c70076
00cd00a0
008000a3
018700b6
00d0009e
00bf00d0
00cd00b8
00c800b2
00f700b1
00c000cd
01050115
00b700ad
00d300e1
00b300bb
00ce00ba
00a500ad
00b200ef
00cd008e
00d300e5
00c200a9
00ed00d8
00c200b1
00d600c5
00a900b7
00b900c2
010600c9
00bf00f3
01250139
00fa011b
012700e9
00be00c8
01120142
01220140
01620110
01650129
00fb00a0
00aa00b0
00b000ad
00d300d8
00b20091
00af00c5
00bd00a1
00d200cd
00ee00a8
00d800cb
00cb00a9
00d300b9
00ee00ce
00ef00ab
009b010d
00c000bf
00c701a5
011d00d9
00a600a9
00ab009d
00bf00b2
00b900f5
009600df
00e500fa
00cb00ee
00ad00bb
00d200e1
010f011b
00df00d7
00c500c7
00d000dd
00de0116
00a000b5
00b70079
00a200df
008c0098
009700e7
00d800bd
00dd00bd
00e200a0
00a10092
00d700ef
00cb00d1
00930078
00aa00a2
00af00c5
007200c3
0095009b
00e200a5
00c300c2
00f900d2
00d900d9
012b00e0
00cb0092
011d00fb
010700e9
00bb007e
00ce00fb
00b100da
00c700a6
00d0009a
009d00bd
009100bd
00b900d5
013200c3
00f800cb
00b700db
00c000ae
00f000f8
00bb00c7
00b200eb
00d600b9
009d00c8
00ca00c9
00a500ee
009900d3
00f900c6
00d300ba
00c600c1
00d100bb
01bb0135
01160149
01320182
016e0165
01b50132
01700106
012e00f7
01e0012b
010a00df
00eb00ea
012700d9
00b800a9
00e000f9
011200d9
0105012e
00fb018b
00f000f0
00c000e8
00d7011d
011d00ce
010700f2
00d800c1
00e000ca
00c10159
0125010d
01670111
013900c1
00f20118
00d300ed
01350110
011f0132
01350147
00970091
00a900ee
00de00c3
00e6007c
00af00c9
00bd0097
00be00af
008600b3
00d20057
00c5016b
00a600ae
009d00b7
00af00ee
00d90098
00be0073
009600a9
00be007b
011d00fa
00de00bb
00b80127
010100cd
007a00e5
009100a5
00b80099
0118013b
00a000aa
00c200ba
00a000aa
00e800e3
00af00a9
00f700da
00d10112
00ba00d1
013900dd
00d100e3
010200dd
01190132
00a600a3
00c900d3
00f500bf
00c100d6
00b6009f
00c1009e
00ce0095
00a600ae
0091008a
00a700ee
00a700bf
01690098
00a000e7
00cb00b6
00a000d8
00b500b9
00b300d8
00a9008b
00a50092
009800ad
00ff0105
00cb009d
00db00e7
011500ba
00cf00d6
00fb00e0
00d90095
009a00ee
00dd00a9
00a700b9
00980097
00c6008b
009500c0
00f5008f
00b200a1
009000a5
00d800eb
008b00ab
007d0098
00a0009f
007e00a6
008f0095
009e0090
00be00ef
00cd00ba
00b100fa
00c300ab
00cb009e
00cf00ef
00d00127
010900ef
00fb00fe
00e500cb
00d300d9
00b000b0
00f800ba
00e800d6
00d600b3
00c700cf
00c000da
00fd00e8
01170122
015b00fa
00df00ad
00b30169
01120150
0123010e
00b6009f
011000a3
009d00b1
00d100b9
00f200ad
010d00af
00b30103
00c600bd
008500a3
00b70097
00a800b8
009e0099
00b700e3
00b50097
00f200d1
009500c3
01050170
011500e6
00a800e2
00ba010d
00db011f
00e700ee
01060117
010f0139
00c200e0
00a1007d
008e00b6
00da00ba
00ca00d8
00a700be
00c800bb
00a700eb
009600ce
00be00b6
00a90090
007e00b6
005e0059
006d007a
00810072
008d0083
00b200a2
00a800a6
00aa00ca
00c500e1
00fd00ad
00a000a7
00ca00c0
00b9009f
00ca00a2
00e200d6
00f800a7
00d100ed
00fb00ba
00e600c9
00c600a8
00b600e3
0103011e
011800ff
00e900c2
00b100b5
00bd00d8
00db00da
012700cf
010b011f
00d30119
00a300eb
00da00bb
00c600e1
00c700bb
00a500f6
00a700c0
00d500d2
00f500e8
00e700cf
00ea0105
00cd00ef
010900f1
00da00e7
00f100f5
00db00d2
00b6009d
00c2009d
00d800d1
010a00c2
009200cf
00a600c2
00d900b3
00b800a1
00ab00b8
008900cf
00ab00c3
00c600b6
00ad00b5
00d300e6
00a300a2
009a00c3
008b0097
00d1008c
00ad00b1
00b900b2
00d3006f
00c10087
00d100d2
00cd0092
00d20096
00a700a5
00d800ba
009e00c8
00d200b8
00bd00e3
00c800c3
00d700bb
00a6008d
00fd008e
00b000d0
00bb00bb
00a80098
009a009e
00c800a0
00b60096
00ef00a1
00eb00e2
00e700c0
00e70129
010900e3
00ea00dd
00c000c8
00d500cd
00af0095
00b500b6
009300a2
00af00d1
009800ae
00c200c0
00aa00b5
00bb009b
006c00be
00f80086
008800b2
007e0096
008f00a8
00bf008d
00890060
00af008e
00aa009f
00b300a6
0089007b
00a800e0
00a800b6
00a600f0
00bf00b6
00ba0097
00d300ae
00a900eb
00d300ed
00df00ab
00c500b6
00c90091
00db00b5
00af00c6
00ed00ef
00b200a0
00c600a9
00d500a6
00c600a1
00ad00bb
00ee00dd
00bd0100
00c800d5
010200d0
00b300cd
00bf00d6
00a800aa
00ad00ce
00eb0112
00ea00b5
0110010a
00e60082
00d2010a
00ff0140
00ae00b7
00a500fa
00f700e1
010700f8
01060091
012500db
014000d3
00b000bd
010e00f1
007900ca
008f00ae
00aa009a
01920187
01500189
019b01b5
01450165
019e01eb
01b90127
01750165
01b00125
00a700ae
00de00af
00c500b6
00d80098
0098008e
00b800b5
00a6009d
00b200a0
01500185
010700b2
00d10117
00c50101
0142010d
00fb00e7
011b0112
01370120
009b00c7
00a600c9
0098009e
009e0099
009200b5
00b600da
00c300d3
00a900d5
00b100e0
00ee00cb
00a300a3
009e00b7
00e600a2
00c100b6
00d300ef
00b500bb
00fb010e
00a700f7
00b10175
00d500f9
010f00fa
00ce00f1
00d50102
00f900e7
01370147
00ef00dd
010b00f0
00d100dd
00ab00df
00d30106
00fd00be
011d00d6
009900ce
01130096
009f00c9
00b700b6
009200a6
00bb0085
00a2009a
008d00a2
00bd0091
00cf0100
00a700bb
008d00e6
00e200b0
00bd00c3
00d600b3
00b300c1
00b200e2
00c900d3
00aa00fe
00b700c6
00a700e2
00ab00b2
00ee00e7
011800b7
009e00c2
00e100ea
00e70097
00cf00d7
00cf00b0
00c700d0
009500c5
009e00cf
00ce0113
00ca00de
00b300a8
00b500d3
00d000d5
00f0008f
00eb00ca
00b200c9
00aa00d0
00ae00c9
00a000e1
00d200a2
00d700e9
00b100c9
00da0080
00b90095
010e009d
00aa00a7
00d600d5
00b200c6
00de00c6
00d300a1
010d00f3
00d800c2
00cd00d7
00a5009b
00a90086
00c80081
00cd00b3
009d0097
00b300e5
00ad0089
010500d1
00bd00e7
00d1008b
00be00a7
00bd0101
00e00118
00de00ae
00eb00b0
013b00f0
0121018e
0150010b
014b0129
0150013e
013b013e
014500e9
011500ce
00a900fa
0085008e
00c800ae
00c200a3
00d200be
011d00d5
00af00ba
00c8012b
010900cb
00f000d9
011300bf
00cf011d
00e900b7
011e0157
00e700e6
00f700d3
00e500d8
00df00a7
007d00e0
00b700bd
00eb0105
011600b8
00f200d7
00ea00ee
010d00a9
009a00a0
00d200b5
00ae0147
00a000e2
00c200c1
00c700d2
00c000df
0093008e
00bf00ab
008a00d3
00af00b2
00aa00b6
008d00a7
00bf00ae
00af00d1
00a20081
00a3009b
00be00c8
00900095
008a00e0
008200c6
00be0093
00c900c1
00de00a5
00b600aa
00af00a1
00e800a9
011300b1
00c000e6
00aa0097
00a700b1
017b0165
00fd0117
0137015b
0197017e
018900fe
018701be
01370157
01500179
01ee00fd
011700cd
01b70105
01120137
015701db
0192010a
01b50169
01b5015b
01220140
00ed00d5
00ab00de
009f0099
00b500a7
00a800c1
010900ce
010d00c1
00b700e8
010500e0
00cb00e0
00e500b8
011600a5
00c200a6
00c200af
00f800ca
00d900b7
00f100db
00ff00e5
011900fb
00fd00ad
00d70107
00bd00cd
00ba00ab
017701a2
012001c7
016b0159
0165017e
01570170
015e01b5
01670199
0157014e
00f300e3
00ae00df
00a200fb
013500e9
00de00dd
00d500be
00b80123
00c900fa
01110100
00ca008a
00e800a7
010500c1
00d100ba
00bd0106
00f200e0
00dd00ef
00d900b3
009a008f
00c200b8
010d0121
00af00d8
008300c2
00a9009d
00c000b5
009e009d
007500c8
00b200a6
00b700b3
00ed00a9
00a300a2
009d0095
009e00d1
010a0200
012b0145
00f30162
00f900f9
01890119
00f000b8
013500fe
00ef0172
010a0089
009a0099
009500a3
00de00ed
009200a9
009e00c3
008d008e
009b0090
00ee00e9
009f0095
00f700c7
00ca00f2
00a900c5
00ae00c7
00b700f1
00c100bf
00ae00a5
00910085
00b2007f
009d00b5
00af0097
00d700a2
008c009f
00b700c2
00ab0098
00b500ab
00b900ca
00e300d8
00c20102
00a200d3
00bb00ae
009e00a5
007200ad
00b5009d
00a900c1
00b3009d
00d100be
00a100b6
00be008b
010f00ab
009700bf
008e00aa
00dd00b6
0093009a
009e009e
00d500c3
00ca00b6
009d00af
00960096
00cd00c0
00c800c0
00ea00b1
00d1009e
00cd0106
00bb00b5
00a300af
009300b2
009f00d6
00ba00d3
00c500ed
011f00f7
009900af
00d900db
010600dd
01790149
011e00e2
00e6012e
010000fa
00db011b
014e010b
01120129
0110012e
00a7007d
00c500ba
00ce009f
00b000a2
00a500a3
00c500b7
00b2008e
00a80092
00a0009d
00a300c3
009b00a8
00cb00c7
00ce00c0
00ad00be
00b000e1
00c500b6
00ca00bf
00c100a2
00bf00c9
00c200c8
00a6009d
00a700b5
00bd00af
00bd00af
01600107
008f0113
00c600c0
009e00e6
00bf00a0
012b00ba
00ea00c8
00e600d8
00ba00bf
009e00bb
008a0097
012e00ca
00ba00d6
00b300c1
00cd00a7
00a600b6
00be00c0
00dd00db
00d200d0
00bd00a2
011900b0
00a700dd
00d100d1
00d300b9
00db00f0
00b70096
00e000a1
00b500c8
00b900c5
00d300a1
008600ae
00b900b9
00a500a8
00cb00fd
012500af
010500bd
00f30095
00c3009b
00da009b
00a700b6
00fa00fe
009a00ed
00c7015b
008b00a5
00c700ab
00bd00d9
00f600db
00d200fb
00a0008d
00a600e6
009b00d1
00be00b1
00e600de
00bf008a
00e00099
00bd00de
00dd0074
00d300a0
00a000b2
00910086
008b00d6
00d000ba
00ab0099
00e100b2
00a300a8
00b600ae
00a60088
009b00cd
00a800b1
00c200aa
00b600bf
00ed008d
00aa00ba
00af009e
00df0100
00b100d3
00b5009b
00a300a1
00be00c3
00f700c0
00e000f9
00f90125
00f30107
01160140
01450103
00ff00fb
012e00ff
010b00d1
00ca0100
00e500c5
00be00cf
00a300b8
009e00c9
00a700ad
00cf00b1
00c900a9
00e200e5
00ca00e3
00d800c2
011800ea
00db00c6
00e800d1
00f900f6
014b0127
007b00be
00f20097
00f8009b
00d9009d
0098009b
00b500ea
009a00ad
00c000bf
00900084
00b30115
008200aa
0093006e
007d00aa
0089009b
00ad0097
0075008e
0097009f
00e20095
00b100a6
00bd00a6
00ae00af
00cf008e
00aa00a7
00bd0119
00d300aa
00e900d3
00d10113
00f200c8
00bb00dd
00b100d3
00e700ae
00d900ff
013500c7
00dd00cb
01100079
00c100ad
009d0092
00a600c3
010e00ed
00a2009a
006e00c1
008e008f
00c500b7
009700b5
00af0098
009f00c7
00a3007f
00d600bd
011700e2
00a700c0
00eb00be
00ed00ab
00e200a1
00e100c6
00fe00e2
00e700c7
010e00bb
00d800d5
00e1010e
00dd00ba
00e0009b
00b500cb
00cd00b5
00a600b2
007800bf
00c10082
009f00d3
00c3008e
007d00b7
00fd0093
007d009a
00ab00a1
00a8008f
00e5009d
009600d6
00dd00d5
00a600bd
008900b7
00c800ce
00a000a7
01200172
012e00bb
00fe0118
015700f6
016000ed
01090132
01230152
013e0106
008b00b1
008900ed
00b50077
007b0071
00850092
009d0087
00d20092
009500a1
008e0084
00d2008c
00e200c9
00d000b5
00af00f6
008200bb
00e600d9
00ab00e6
00d6006f
0130011a
00900109
008a0099
008900ab
00ae00a5
00a30086
00790083
00ee00aa
00f20115
00c600c9
00ea00ca
00cd011d
00c800e0
00db00d6
00da00c8
00bf00b7
00f700c1
00e700e8
00fb00eb
01060117
00c100c6
010d00c7
00fb0125
013000dd
00ca00a0
00d800e7
00b10112
00b600ce
00e900e5
00d800fe
00db00c3
00f600fd
012300e7
00ae00f9
009d008f
009100d2
009100b9
010900b3
00cd00d9
00be0079
00ae00c6
00f500cd
00fb00ba
009e00a9
00a700a0
00bd0109
00cb00b5
00ae006e
00b3009f
008b00a9
00a70099
009f00ad
009100a0
008300ae
00d500bb
00f700ef
00ab00af
00a800d5
00a800db
00b50087
00b700c2
00f30108
00b300cd
009a00e2
009f00b7
009800da
00c000ab
00c800ee
01270118
00fb00ca
010500d5
00dd00f3
00f5008e
00d900b2
010000c1
00e600ae
010e00d3
00c900c8
00f500d3
00c0009f
00bd00b7
00a100b5
00a7007c
00aa008d
00a0009b
00c00089
008200ad
00c200aa
00ff00cb
00de00c1
00c900e1
00bd00c8
009f00cb
00d300fa
00a700b1
00be007a
00fb0132
00ad00d9
00d800f7
00ca00d6
00bb00cb
00a2009e
009800a3
00e100fb
00b000cb
00aa00b1
00b500ad
00b300a8
00f600c8
00e000de
00f700a6
010800ee
00ce00d6
00e600e1
00cd00fa
00eb00ee
00df00dd
00f700fb
00fd00d0
009d00a7
0098008d
00d700ce
00ad00c0
009a00a3
0099009f
00c500d6
008d0096
00d200cb
00ad00da
00da00be
00d500a7
00ba00c3
00c100a5
00e7009a
00c300aa
00fe00a0
00cb00a8
00b500b3
009d0118
00af00bf
00c500b2
009700a5
009a0081
00b300ba
00e000d0
009e0085
00b000a8
00b500e5
00ae00bb
00a20086
00ab00d1
00f600b7
00f900b3
00f60108
015700f6
01390149
00b70111
012700c5
012700e2
00ba01e0
00fe00e3
00ff00d6
00cd009a
00b200b5
00de00af
00d000d7
00bf00e5
00ea0137
00da00a8
00d500ca
008c00b6
00a600cf
00c800c1
010000c9
00c500e0
00df0097
00b1009e
00b600cb
009b00b6
00ce00d2
00bd008d
009800b7
00a900a5
00b800d0
00a0009b
00c30097
00a500ba
00b2009e
00c000a2
00b100ce
00a600e7
009000a2
00f100b0
00de00d0
00b700e9
00b200be
00f600c0
00a800d6
00b300c6
0082008d
00790097
00a800a8
008100b8
00a20096
008900a3
008d009f
00ce00ee
007e0089
008e00c0
00a500ae
009d00db
00c800a7
009200a0
00d300a7
00cf00c9
00b800c0
00ed00c6
00be00d7
00e800cb
00bb00cd
00c300c6
009200aa
00d600a3
00ca00b8
009f00b6
009b00a7
009e00f6
00ca00f8
00a900a9
00ce00d3
009100a3
00d700e3
00ae0086
00c100b9
00d100e3
00a600df
00cf00af
00d500f7
010500e1
008b00ae
00aa0098
00b500aa
0095009f
00a900a6
00a100b6
00c30090
008600f0
00c300d6
010f0107
00d00160
00cb00a9
00d700b6
00df0137
00e200e5
009b00a2
00fe00ff
01130175
00c90108
00df00db
00e900f8
00e000fa
018b011f
00fa00d6
00a100b1
00c100c6
00c300e3
013000c8
00fd00b5
00f300d1
009500ad
00ca009b
010700ce
010d00a1
00cf00cb
00ea00aa
00db00c9
00f500c1
00b800e0
00ef012b
010500f0
00e600b3
010100ce
00f200ef
01020120
01270120
00d800e8
00e20135
00ce010b
00b600b2
00d500aa
00d100d2
011200c8
00ca00bd
00ee0103
00e8009f
010700a0
012300d6
00ea00e8
00c10098
00ba00c7
00c00115
00aa00be
00c200d0
00b900c9
00d600a0
009a00b5
00b300e0
00bd00b3
00a200a6
009200d1
00a500c9
00d900c1
015900b0
01030135
00c000ce
00af00b7
00a60096
00820080
00950092
00d80102
009600e5
00a500af
00e900f0
00eb00d8
00b800dd
00c000ee
00c700e7
00a80087
00e00119
00a600e9
00d300f2
00db00d5
00e700c3
009a00a5
00be00ed
00d00081
00e30150
00bf00c3
00a200a1
009b008e
00c700ab
00910096
007c0093
01c9014b
00d000c7
00e300cf
00a60137
00e900da
00af00e6
00ef0120
011e0105
00f100bd
009f00a9
00b800a8
00d30099
00b300a7
00c900df
012900b3
009000b9
00b000b2
00bd00ab
00c100ee
00b200ae
00b500ae
00b600ad
009800b7
00a700bf
009800af
00d800e0
011b00a6
00d600c6
00cf00dd
010700b0
00c100be
009a00b2
00cf00d0
00c90105
00bb00ea
00e500c6
00e500cd
00cb00de
00d60139
00cb00c6
00ea007e
00ce0090
00c300a7
00be00b2
00a0009e
00e500ce
00ab0086
00c800b1
011a01b9
0147014b
01170170
016701be
016001bb
019b015b
0155014e
01820165
00f8009b
00af00f1
00ce00d2
00c300bb
00b300eb
00de00ae
00c600d5
00a600b6
00cd0127
00a900e9
00a200af
00ef00a6
00e10091
00c5009e
00be00e6
009500d2
008b00a9
00a300b0
009e00bf
012000b8
013200d0
00e600ab
009900c8
00ae008a
00cd008f
009d00d6
00f700c1
00d500de
00e500aa
00c000f3
00b100ee
00ab00a0
00a100ab
00c800cd
00cb00d9
00bf00f5
00a700de
00af00d0
00ae009d
00d30100
00e900b0
00cd00ab
00c000bd
00c600af
00da00a6
009b00b6
011f00c1
009600be
0121014b
011000ad
00b800da
00c2009d
00830103
00d600ff
00a6010d
00d700d5
00bb00bf
00c200e5
00aa00a0
00b900f0
00ce00b7
00b90157
00d200ad
00ba009d
011900e3
015e010f
01190149
00d000da
00db0103
011b00e3
00c00101
00e0012e
00a50101
00a000c0
00de00f5
00e200e6
00d800b1
00bb00cd
00e700e7
00c700b9
009300c2
009b00bf
00c20125
00c300c0
00b3009a
009e00a1
009900d9
009200b3
00da00ff
00e000d5
00b500be
00bb0132
009d00e8
00c800ca
00c700db
00c800dd
00bd0059
00be00d9
00a7008d
007f00ab
00670079
006f0068
007d008f
0076006b
00d200f0
00c700b0
009b00eb
009000b7
00ed00b0
00b500ad
00d700d5
00cb00f9
008900ad
00ca00b6
00920095
00a200c5
00a900b8
00dd00c7
008a009f
008a00b2
00c50091
00d200cb
00ae00b3
00a500e5
00ba00d8
009a00a3
009500c7
00af00b0
00d500cd
00bd009d
00bd00a9
00cd00b5
00af00ed
00a000d5
00a100c1
00d500b6
00f700e0
009e0132
00d700a2
009800c1
00a0009a
00ce00f7
00d0009f
00d200af
00f700d5
00c8009e
00cd00f6
00cd00d8
00b300bd
00fb00db
00f0012b
011e00f2
00ab00a6
009a00aa
00a500a6
009300b8
00a700b2
009f00d6
008000d3
009200ab
013900fa
009900f8
00b300f6
00c100b2
009b00b2
00b000f2
00b60109
00e8011f
00e500db
00ab00ff
00a80116
010300b3
00d100e5
00ea00f6
00f800e8
00bf00fd
008600ce
00b100da
00ae00c7
009500f0
00ab008d
00ca00ad
008900c7
00b7009d
00cd0083
00cf009f
00e100d5
00c90082
00b700ab
00e100a5
009300b0
00a600a0
011900ab
00d500b5
00e300e3
0127010f
00e700da
00dd00bb
00f6010f
00d300da
009f00f1
00ad0077
00a900bd
00a300ae
00c9009b
00e200aa
00d500ca
00a300cd
00d000ba
00fe00f9
00cd00a3
009a0109
00ce00c6
00f8010b
00de009a
00df00a8
00e00095
00da00e0
010a00c7
00fd0137
01090142
00fa00e7
0118012e
00d100eb
00ab008b
00cd00d9
00ca00d2
00c200d2
00a900ce
009e00ab
009e00b5
00b800c3
00ce00c2
00a900cf
00c900bb
00e600b8
00f800e1
00e700df
00a800e8
00a700be
00e000c2
00b000db
00af0092
009a008f
00a5009a
00a800a1
00aa00e9
00b800b6
00d800e8
00fd0115
00c20109
01110102
011500fa
0112011b
01170105
010500eb
00c300e5
00af00b1
00c5009e
009f00b6
00d500c9
00ca00ea
00d600e1
00cb009f
00d7008a
013500da
00b600bb
00b200b0
00cd00b6
00ff00b8
00c80098
00b9009f
009e00b5
00c900bf
00c000b1
00b100f7
00d900af
00c100ed
00df00c0
008500e0
00a30093
00a000ed
00c500a1
00b100f9
00c000d3
00a300b0
00dd00cb
009a0096
00920091
011e009d
00b900b5
00a900a8
00a200c7
00c8009f
008a00bd
00af008a
0108010d
00fd00e1
01200132
01650139
00f10115
00ef0145
00d700e7
00df00f2
007200a9
00d200f6
00b200ea
007d007a
00ae0091
00c100a9
009700a6
00d800d2
00a200d6
00c100ba
00df00b8
00dd00d3
00b000ea
00fd00a6
01060121
00ee00f6
00ce00d3
009a00c0
009500dd
00da0103
00a900e7
00ea00e1
010b00c6
00c600ba
