00720075
009b008a
00bf00e1
011d0120
00690058
00ae008e
009e00b6
00c000d9
008300e3
00b600af
009100d8
00a3008a
00aa00b6
00a200a9
006b0065
005f006c
00350038
00700049
002f003b
00c1008f
005d0037
006a0038
004300b3
00430090
0045009b
00370086
0063005d
0083006c
0085009a
00a00083
003e0075
002e0070
00760075
00ab0118
006d008c
00ef009f
00af00be
008500b9
009d00bb
00b200c0
01ae00ff
008d0082
011000bf
00b70078
008c009b
00970182
006900c8
009e00c5
0087006a
0083009e
00ff0081
00c60082
00f8008e
0091005a
00ca0102
006500a8
013e00f3
00e7006d
01b900fd
02600182
0084007c
00e30130
006a007b
006a006a
005c004b
004a0057
008e007e
004f0043
0055004a
0046004c
011f00a3
00330032
00820091
004f003b
00df0129
00c200b1
004b0075
00630055
0030006e
0059004f
0063005e
0057005b
006c0056
0083005e
0067007d
0044006d
00ed009d
00720058
00660064
00690065
010e00ca
0172016e
005f005c
00700063
005f0052
006b005b
008d006a
00de0097
00710068
00e9009e
007b0079
009a00b2
0063008e
00c20090
00750079
00c70089
008e0081
00890090
00a7008f
0063005b
009800a7
007d0085
00550074
00530049
009a00a9
015000f5
006e005a
00b5007a
008d0075
00b30139
008c0073
011a00e5
006d0070
0087006d
00cb00e8
006c0110
0066008d
005e0075
005d006a
0075008d
00a80087
008500b8
008a006c
006f006e
00d600fe
009f007a
00880060
00a8007e
00cd00d7
010000c3
00730074
006a006b
008d007a
00880097
004a0052
0077006b
007d009e
0165016e
0052004e
009a0098
00a90076
01320127
008600ab
00b100b7
005f0073
004f0076
007e00b8
006e0053
0076007b
00980087
004a006a
00530055
00630057
004f003b
00610078
00520044
007c0072
004c0054
00520054
006c0073
009500c5
007c0073
004f0067
008b004c
004d008b
0067006b
00760062
007500a0
00800083
00670081
00750082
00620095
008b00ca
004e0073
008500bf
007900aa
00d900b3
013000fd
007f008d
009e00a3
00a50088
007e0076
00570052
007e0070
00b80096
00f20113
0073006d
007d009f
004c0072
0098009f
005b005e
00980076
00b60092
007d0067
009900a9
006a0055
006f0063
0080006f
008e0064
0059005b
0049005f
005b0062
0072006d
004a0067
0062008c
00560045
0077008c
004b004a
009900bb
00f500db
00480055
010200ba
0049006f
005a006b
005c005b
00730077
00780070
008e0056
00600082
00960081
00a800b8
00760093
00640067
006f0088
006a00b1
00c300ff
00790083
0067006e
00850084
007e0079
0063006f
005c0062
00b60083
0071008b
006e005b
006e0072
00bd00ad
008d0068
00710099
006200b1
00c800f2
00d5011b
0066008a
009a0061
0071006e
0064005b
0067006c
0086006b
00b300a8
019900eb
00b80076
008a0084
00aa00eb
00b20087
005500fa
01190090
008e0085
00af0099
0088007b
00f100ea
0071005a
007a0072
0091008d
0099008d
006d0066
007c0079
009a0069
0079006a
00820085
007e0070
00690066
00980086
00c900c6
00c000fd
005d0092
00460093
00860089
007e00b6
005b0055
0092009f
0084007b
00f7007f
009b0069
009f008b
00e2011f
00c800c8
00880073
00a20081
00a5007c
009d0101
00820098
005f0061
0076007d
00740069
00570077
007500a5
0062006b
00b20097
0080008a
00a20079
008e0085
009f009b
0081007b
0071008e
00aa00ef
00d80090
00be00af
006e005e
00770070
00980095
008f00ad
0112011d
00730070
00aa0099
00b60093
00b00132
00610059
00bb00ba
0092008a
00b100b0
0093006c
007f006e
00a200a1
00560056
00ce00c7
00be00c2
007c005d
00a500c6
007e0086
0093009e
0064007a
009e00c7
009f005d
00a200c5
00910097
00bd009f
00740074
008a007a
00ad0107
0060006d
009800b8
0087008e
00730062
0077003c
00800082
006c0066
00c60051
00480045
010200eb
0057003e
008f00e1
00620068
00e300ad
00b00150
0063004b
00770081
006b0051
005d006a
006b0053
0057004d
00e50067
00e80091
0091005f
00650053
01c200e7
00d300aa
00ae00c9
008f00ce
01290187
00ce0182
00670082
010100aa
00750069
0075005d
006c006c
00630052
00560065
006e006e
005a0059
00530050
01050097
004d0063
00aa0095
00610065
00d5010f
01390110
005d0067
005b0050
00820054
005f004d
0032004a
00410041
00920075
003c005e
003e0052
00510043
013900b2
003f0039
009e00a1
0036004c
0160011f
009d0127
004f0057
006a0069
0035003d
00350038
004e00a5
0077006f
0093009d
00ba008a
008e0063
00920071
004d004f
00880085
003c003e
00900069
00430073
003b0057
0075008e
005700a9
00800071
00660063
00ae005f
0071003c
00590056
0073005f
00980074
006f0045
00f100f9
00500069
00a8011b
00580075
00a10085
008f0157
0080006f
02570252
00690056
005b0085
004b004a
0041004e
005d0069
005c0056
00890093
0041003b
014200d7
00440041
006800b8
0045003b
00d80108
009500b0
00510046
00c60076
0040004b
00560032
00790085
00860095
00b9009d
01a7018e
00980082
00c000c6
011e00ea
010700f3
00b500c1
013200e0
00c20092
00aa00be
00b900d3
012b00b8
00ce00c2
007c0093
00520031
00510051
00be0072
007800a9
003d004e
00640087
007b007d
007d007d
00560055
006300a1
0080008b
00690050
00af0078
004d00c7
00720059
00730071
008d0092
00b500db
0083007e
00a100c0
00650067
01000097
00640059
00af00c6
00b00097
009500c7
007b007e
009e006a
0087009d
0063006d
009e00af
00a00091
0071006b
009f00b3
00be0089
00760083
00920071
0091007e
0093006b
00770092
0084006a
007a0096
009f00dd
00b600b1
005f0086
0068005d
007b0074
00780098
005f004e
006e0076
007d00ad
00b200f9
0064004b
006e0092
00620069
00930062
00520052
0083006f
007e009d
00600060
007a0077
007e0056
007b006d
0062005a
00630064
00b900cb
008a008a
00a6009a
0083009b
00c200a7
005a004a
00b1008a
0061006f
00d000be
0079008a
00830096
00aa00a6
006e0066
00970078
006b009e
01400149
014901e7
010f00f1
013e015b
01950139
01e900f6
01770192
019e01b9
017901d7
0162017b
016e0147
01700187
016901a9
0147018e
01850132
015b0162
0083006e
00b700d8
008c007f
00ad0085
00920075
00a200b9
00550074
00aa0098
00750067
00de009b
00aa0090
00880071
009300b6
004d0050
009d0092
008900ae
0098006d
009f00c8
0095005f
007f009d
00d200d9
00d60091
00660077
00be00aa
006f005b
00a0007a
00970087
0085008b
00950084
00650066
00b30073
009e008a
006a006e
007a005d
00a70095
00720066
008f0076
0076006c
0069007f
00780045
004f006e
0080004b
010000b5
007d0061
00400072
00680069
0069004c
004f0069
00760086
005e0067
008700c0
006d0067
00880083
0070006f
00690067
00690066
00860085
006b007d
00aa00b5
00790087
008f006d
00830065
00610077
0071006a
0062008e
00970108
00800072
00950095
00a00087
008c00b8
00720053
00920083
008b007f
009a00c0
00a20098
00860083
0095008d
00660077
00b00092
007b0076
00650067
00da00ae
00b100a9
01720182
004b0067
008e00b9
00660067
00cf00cd
009800a3
012b00c8
007a0090
0082008f
009500b2
00730074
00810079
009300ab
007b0063
00730071
008b0075
00820073
008e0088
0091007d
0093007a
0083006d
0086008e
00620061
009d0106
00d30177
00530056
00830058
007d006e
00860066
00950059
005e0075
00a500f9
0088006a
007400a7
00720060
009d006f
007a006b
00690071
007100b8
00c800ad
007500b8
00660075
00830077
00780075
00610076
00760097
00d500d6
00720093
00990093
007f00a0
00a500b9
007c0059
009a007a
008b0068
00f000a5
0085008e
007d0082
00b900ad
006b008a
00c700ab
00a300e5
0087006a
00ad00d7
00740073
007f0089
00b30085
00a000ad
006d0062
008800a6
0075005e
00c10087
0085009a
006600b3
0081007a
00720075
008f00aa
00930099
00540069
007f0093
006a0083
00be009d
005d0067
00a700ad
0072007b
00960098
009b007b
00a60084
009a0096
007b008e
00a10095
00790098
009600a2
007e00a1
007400a6
00be0097
00b6009e
00760069
006f00a9
007e00a0
00930052
0070008d
005a008a
008d0089
00b10099
0064007f
00830091
00610072
0081007e
008b007c
007d008e
00ae00a7
00860072
007b0088
008f0085
007d00b5
00790069
0067007a
007b0095
006f009f
012b0089
00b500a8
008d00ae
006c0072
00850089
00aa006b
0079007d
007b008a
009500b7
006b0060
00860089
00720083
009d0069
00540065
0072008a
00620087
011a00f7
00a90086
007c0062
0093006a
0071006e
007c0067
00830081
00980072
00a30098
00a20072
00950092
005a0072
007f006b
0076006b
007f007f
009b00de
00b700a3
006f00ba
00750082
00770067
009d0076
006e0077
0075007e
00aa00af
00980099
00980099
0088009d
00a00072
00680059
00960090
0057007b
008b00a1
00ab007b
00ae0073
0078007a
0067005e
00900076
008b00b0
007f0073
006d005e
010900b5
006a0063
009800ad
00770083
00850070
00770075
0091006a
007e009b
00bb00a0
009e00b5
008e0087
00710085
005e0087
0074006b
00500077
0086007d
009d008a
00b8009b
00770076
00a300b3
00c50069
00ab00aa
00590084
0084009d
00e30089
00650051
00af00a1
00760065
00650058
006c0077
009d0086
006a00a8
00da00cd
005e005c
0095006e
008d006b
008d006a
006c0085
007100d6
00750079
008e00a5
00a50082
0075005e
00710062
007e005a
00890082
005d0067
00b200b2
00640072
008700b5
00730082
00b30089
00ab0077
008c008f
00bf00b6
00aa0090
00b500d8
00b800af
00ae008b
005f0075
006a006d
00960071
00650063
007c0071
00bf00c0
0085006d
00710086
00920093
007b0075
006d0079
008a006b
007a0085
00f90076
008c0055
0091008f
00a20075
004e0062
00750081
00630069
00b600ca
009f00a5
009700b2
009700a3
009600b1
005b0047
009a0076
009e0070
00a700a7
0092008a
007b0091
008a00a5
008500cf
0099008c
00a8006a
0071006a
006a006a
009e00e8
007b008a
00710076
0095008e
00620079
0086007f
00660068
00620070
00ab0087
007c006a
0095006d
005e0075
0068006a
006a0077
006f007e
00710085
011300ca
007d0097
009f007d
0072007e
00590054
006900ad
00770082
00870084
009f009a
00740086
0088008d
006e005a
0061005d
007b0081
007f00a3
007c0095
0086007b
006600b0
007a0090
00a600a6
00d500be
00630089
0086005f
008e0064
00c600a9
011500ee
005c0081
00680074
00a00064
00730073
008e0084
00c700ba
009b0087
008e00ce
00920091
009f0097
00580068
00b1008f
00870089
008d009e
00ae00b0
007700a5
008e00ab
0066005b
008d0073
007a00aa
00910070
0051005e
00750077
006a0052
006a0064
00770066
009700b3
006b0075
007900a9
007a0070
00cd0101
00c10121
00620077
00af0074
00620071
0084007a
00920089
007e0079
0091008e
00670056
006d0099
0073005a
00a30079
007a0082
00700076
005e0065
00c800e6
00c3014b
0077007c
00590050
006c0065
0051007d
008f0078
0061006f
00ce00ad
009d0073
009b008d
0075006e
007a0066
00710069
00950072
008b009e
007800d6
008e0065
00780067
006e0070
00930061
0057006c
00730076
00a200bf
00760073
009e0095
005d007a
00c10083
00a30061
009a00a8
0072005e
0081009b
009700e0
00960076
009500af
0064008f
0099009d
00a2007f
005f0079
00980073
00a800ab
0072006f
00ba008a
00720061
0065004f
006a009f
009f00aa
00960069
00c700c1
007b0065
00500071
006f007b
009b006b
0066006d
008f0087
008300dd
008000a5
00be005f
008b0096
008700d8
00690082
00870075
007d0067
006a00d5
00c800b0
00910086
007d0071
0071006b
009a009a
00a100ba
008d0086
00ba009e
007f0075
0077009d
005c0087
0092008b
01020083
00660073
00a00090
0080007d
00a6007e
014b00cd
00980095
004f0055
00a1005b
00770075
006d0082
00510078
00c700c0
00a10072
008c0087
008a006d
008a0076
005f0076
0063005e
00850066
00d500b9
00690067
00850074
008d0065
008100a0
0071006a
00760068
00790087
0147010f
00800096
007a009f
008a0082
006a0071
00650077
00690081
006e006d
00c500a6
00780096
00730074
0086005a
007e006b
0065006f
00920081
00d300bf
0088008f
0077009f
00820083
009e00d7
00430057
00ea00dd
007d007f
009e00a7
007700d3
006f006f
00d300c5
00660053
009f0077
009800af
00620088
00d500c6
0061006e
00ff00e8
005f0063
00e100fb
0059006e
00cf00c2
005a006b
00f500c9
007f0093
00500048
0106011b
004f0066
0086008b
00b900a3
005a005b
00bd00c3
00e90127
0130015e
004f005a
013500bf
00450049
00de00d0
00600067
00f800e0
007d008e
005d0079
00dd0137
00450076
0098008c
00c10083
008d006b
005b007d
009e00ce
00820065
008d0095
00890082
006f0096
007d0085
007f005d
007b008c
007a0093
00660075
00620085
00750069
005a0089
008a0092
00710081
00c100f2
0085009b
00aa00dd
007e0099
00db00d0
0071006a
00bf0096
0073007d
00aa00d9
008e0082
00690055
00c700b1
00620074
00b70081
0081008e
00690076
010500d3
008800ad
00a100a0
00910078
009d009b
00640050
009100c2
005b0071
00c000a5
00750081
00730077
00a200f7
005b0082
00a7008a
00950081
00950071
00670074
00610082
005d0061
00850090
00760086
00730062
00670092
008b0077
00af00aa
00b700b0
00d500f1
00800072
00960061
0092007c
006a007e
00720085
00900079
0092008c
00a30065
00e900a6
006f00a2
007c0057
0081005c
00780078
00710089
00cf00b1
009d0086
0061006f
007100a6
006b008b
005e0063
00860075
00860081
0073008f
005b00aa
0077008b
006a0076
008e00d9
0065006e
0073008f
008b0072
00a000b0
00d600c3
0078006e
0085007f
007d00b0
00770064
008e005e
0087006d
00c200bb
00730066
009500c3
00720077
0099006e
005b006f
00970085
00730071
00c80085
00960075
00690062
00530078
0078007d
00a10087
0085005d
0062006e
007d0072
007c00a7
00770098
00970075
0077006d
006c0089
00860080
0079008a
00d8009a
00db00fa
007b009d
006e005d
00640072
006f0092
007d0079
007f008e
00b800c5
007b0090
00910098
008f00be
006b0055
00a50081
00ab0076
00dd00a6
008a00a3
007c007a
008e0098
0093007a
0083007f
009100c0
0061005c
00960087
006f0096
00cb00f3
00b6005d
00ff00be
0066006b
00ba00c8
004f0061
013500c9
008b006a
00660045
00e500f6
0057006a
0093008e
00ab00c2
006f0073
008800da
00f60091
0067009e
00a70091
0089008b
00620065
006f00b7
008f005d
00a000ae
00b100bf
00790085
007b006a
009f0072
00710095
00890077
007e007c
0093009b
00790088
006d0062
00960080
0075006f
006700a1
00720075
00dd007b
0092009a
00ca00b0
00c800f2
0091008b
00610052
006a006a
00750071
0095008d
00a50093
00860080
00810085
00b9006e
00a700b3
008200a2
0071009a
007e0075
009f00b6
00c000dd
00c300d2
007800a9
00510057
007f0066
009a0093
006b00a2
00d300dd
0081008d
00af00c2
00610063
010000d7
006f0056
00e700c0
0099005e
00a600c1
0072006d
005a0054
00b700f1
00520073
00bb00ab
00ae00f7
0063006d
00a000cf
00be0085
00b700be
00860066
00b800fd
0080006a
00eb009e
007c0098
00a8008c
008a0095
005b007a
00ba00a7
004c006a
00760088
00990091
005d0065
00e700ad
005f005b
01c000d3
00620076
010300c2
0055005a
00be00e6
00430049
00ce0099
0085009e
005c0067
00ee00c2
004f0067
009600bd
007900b2
009e00aa
008e00a2
00870073
007b0081
00b700a3
00c50097
007e006a
00b8007f
00a70093
008a008c
00fd00b9
00a800c5
009b0075
007d0079
00b50076
007e008d
00830081
00b60081
006d00b8
007d008e
009300d2
00d00080
006a0077
0089007d
009a007e
008b0096
00a0009b
00620059
009d007e
00570095
009a0079
00920074
005f0078
009100c6
006c009a
013200e7
005f006a
00c500e1
0057004d
0103008c
004e006f
009100b6
00900071
00550063
00c30092
0061004b
006b007b
009200ab
008700a9
008f00c7
00930098
00970066
00b60062
00a60072
0054005b
00c2008a
00810076
006f0096
009500a6
009e008a
008e007b
00540052
0090008c
00bd0086
007a0071
00b700d8
0082006d
00810070
00cf008b
00ab00a3
00610081
008d008f
005d0078
009200a8
00b700a9
0092009d
0082009a
005f0069
009a009e
00ba00a6
00af0090
007a006d
00df00a2
00910079
007e0093
0069007a
005f005b
007f0077
009f0066
00890091
008900df
00740077
006b006f
00790073
007f0086
0070008e
003d003c
007f0056
009d00a2
01b00160
003c0039
00eb0055
00450049
010d015e
004b0041
00990127
009e003e
004c0048
01520130
004f0066
006e006a
00410064
0090007b
00a800c3
007a007f
00bb0093
006d0079
00a100ed
007d0059
00a90090
0071008d
007300d0
008900b1
007200b9
00950086
005b0066
00cf007e
00b7007a
007f005f
0072009a
00cb00f7
006f0079
00900081
0076006d
0062006a
008900a7
00990077
00910092
00aa008b
006500a3
006e0096
004b0077
007b0061
00a60066
0067006a
0067006a
00a8009f
00720076
008d0099
0066006a
005e005d
005d006d
0086005f
00690064
00dd00e5
00a0008e
007d0085
004f005f
00580081
006e00a9
005e0062
00a10075
00cb00b1
006c0092
00760091
00820064
007d006b
00690076
005e0060
00600065
010700fb
00bd0074
007a0060
00880073
00590079
004f0065
00510067
006d0066
00c100d0
00480081
008d009a
005e0063
00670097
00680082
007b0080
00630069
00c2010e
0071007a
00500066
008b007b
006e0065
007c0062
00a00082
00cd008f
0071009d
0066008a
006f007f
00a1008c
009d005e
009a0098
007a0082
009a009d
00c300a6
008600a8
009d00b5
00530065
00b0009b
009600a8
007b0087
00a9009d
006f007d
007300d3
00880098
00aa0087
00810061
00a50091
00860082
009d008e
00a9008a
00ba00a3
00ba0077
0075005d
007c0089
008000aa
00aa00a8
00aa009e
008e0069
006d008d
006f0075
007b00af
006b0052
0084007c
005e0051
009200ab
009700ea
009d00cd
007d00ae
005f006b
0083009a
0082006e
003f0046
00e600b6
0058004b
024e0197
00470050
01320116
004a004a
01700152
00720079
01020111
004e005f
004e0047
016b01d2
005d0056
00c800c2
009f00b6
00830084
00ca00b9
007d0079
00c600b5
009e0083
00af00ca
008f0081
00bf00fa
00b70085
00da00db
00c20085
006c0098
009a00ce
006d0053
009100a7
00a5009b
00640065
008e00dd
00700075
01270145
0062008d
00e900e1
0077003a
00ca0119
0056005d
010700f1
006c0099
00470045
00c300f2
00480055
008700a6
00b00082
007e007e
007f008c
009e008e
0088006d
00c60087
0095007e
00530043
007900af
00760076
00a3009d
00a3008c
0076007f
009500b2
0073006e
00a5008f
0089009f
007d0059
006f0077
008100c2
00750085
00920085
007600da
00c7009a
007b0072
00ab0060
009e00a2
00960099
0086008f
00a20077
0085007c
009b0081
00cb00ba
00590056
00d700af
0071007d
00b80129
00600058
00f000f1
0075005f
00b200e2
00880068
00b000b8
008e0080
00680058
00e200c9
005c0073
00b20086
008a00c1
00770062
00680068
00af0102
005d008a
007a006f
006d0075
00860077
00650069
005d007f
007a0089
00c500c2
00740082
0077006a
0072007c
0091006a
00cb0075
007c0073
008900fe
00810081
009100c3
0099008d
008d00a0
0085005d
00960080
006a005c
009e00a7
00ca00a8
00a9007f
00950075
00540059
0082009b
00c1008d
00710074
00b100d9
009a00ad
006d00b6
00a800a2
00de00d2
0046004d
00c200e2
00ab007a
00a600b8
007f006e
00730045
00c100d1
006f0099
009f009f
00ab00a1
00650077
00ba00bf
00820060
00cd00a9
006e0069
00e000cd
004a0058
013200be
005a003d
00b500b7
006c0076
00400061
00c200c0
004e0060
00be00a8
00b1009e
00760071
00b1008b
0088009d
00c60061
00b30089
0096009a
0067005f
00d00093
00900076
008800b9
009800b2
007a0097
008d00d6
00870084
00990099
00cf00a8
0090008a
00d600b5
00960076
00be0087
0093006d
00af00ef
0067005a
00bb0071
005f0077
0099009d
009d009e
00a00092
00a200d2
006c005a
00870071
00850070
006e0072
00650062
00e200bf
00750065
008a006f
0060008d
00750056
006f0066
00670079
00a200a9
00dd00d2
005a008d
00630064
00a80082
0085006c
0073006d
006b0053
00be00d9
00ad0071
015e00f7
0069006a
00d500b1
006b0033
00c800c1
0075006d
00ce0093
0067005e
004e0053
00e500de
006100a6
008500b5
00c900a5
004a005b
009f00ca
0042004c
013b0169
00510047
011d00d8
005c004c
01620129
006d0055
013e010f
00570079
0043004f
01890150
00520043
0075005d
007b007b
0057007b
00c500cb
00810073
009300c9
00820081
00af00a5
0067005a
00cd00a8
007d0076
00de00a6
00910089
006d0065
00a200be
005a006d
008200de
00c000ba
008c00bd
00a200dd
0068005d
0066008e
007100a1
00a6009f
006b00a3
00aa0098
00c30095
009300a0
00fd009d
009800b1
00a10090
0089005e
00ad007d
0082007f
0044004d
0088009d
00510060
01d00149
004c004d
012900f7
00590047
014b017b
00770053
0140011a
00570051
002f002f
0175017b
0043005b
009d0083
0093008b
006b0074
0076006b
009700aa
009100be
008200a7
0089008b
009e0072
006b0064
00690074
006f007c
00db00ee
00780076
005a006b
0058005f
00630091
0087009e
008a006f
00b100a0
008d0079
009f007d
008e0089
00820077
00690070
00a8008a
007f008e
00900079
009f0097
00b2009e
00a90087
005b007a
0077008a
0088007e
00470040
008700af
00750073
01be01ce
00370052
011b012b
0039004b
0140011e
004c0062
013501bb
00740069
00580057
01b00190
004b0046
00980097
008300a5
00470046
00db006f
00550071
01800147
00560063
01060122
00520043
01270129
004f0045
014e0127
0061005e
003b003f
01ab01a5
00660057
0075008c
008c0093
0056004d
00a600c7
00650056
019b0180
0069005e
01110105
0061004e
013b0113
00520043
010e011e
005e0064
003d003a
017e0185
0060005b
006e00a1
00830095
003f0051
00be008f
005a0081
016201c0
004e0062
00eb00e8
0051005a
01270125
004f0051
01230155
00870057
00500043
0189014b
0055004a
00990092
009a009d
00520044
00a100b1
00430045
018201a2
00670045
00be00ef
003b0053
010a0127
00480056
00c90157
00520058
00450033
016901be
004a0080
00c30080
00810074
0052005a
00b700fb
0063006d
00c800f9
004e005f
00cd00d3
005a0062
00b500b2
00520045
00af00ce
00790067
0067004a
00cb00ef
00610051
009500a9
00910095
0060008a
00be00a3
007a00c5
008a0078
00840092
00a2007b
009f0056
0082009b
00720086
009100c0
008b00b6
00b100d5
009a009a
005f0069
006500a6
00a5008d
003d003c
00990086
004f0055
01450165
0033005f
010a0123
004e004a
018701a0
0056004e
010f0102
0055005a
0039003d
01c90177
003d0045
007500a7
0063007e
00790081
00c0007a
007e0093
007100a1
006a007d
009d0084
00660062
008c0075
006e0086
00a5007e
00c500e5
00a8008f
008700ae
00570052
00720089
00b70084
00570059
00a100ed
00580063
01370195
004e004e
0140014b
004e0049
01450130
00600042
01110108
00610044
0043003f
017501b2
005d003c
00580086
007d0077
006b006d
0065005a
00d8009b
005d0066
0087008b
005a0079
00aa007e
0056005d
00910090
0074009a
01050129
006f008b
00710061
00790085
006b0076
00690089
0071006d
00b6009f
007b0061
00eb00b5
005c0063
00cb0125
004e0049
00c30135
005c005f
00b2011b
00960086
00600039
00d000aa
00590052
009b0093
008a0092
0062007a
00fa00f3
005f0056
00e10157
005e0066
010100ff
004d003e
00be00c7
0061005a
00a700d0
00980074
00520066
00d500df
004f0059
008700c9
00ce00f7
006f0038
00dd00ab
00630067
01850147
004a0049
01000139
00560037
0129015b
00520052
0139011b
00670076
004f0055
01b5019b
00520053
00890090
00780082
00520060
00b000aa
0067005e
01620147
00430047
01520123
00360041
0105010e
00450042
011600e7
007f0083
0059004a
0155017e
00650053
007100b9
0091008b
00ab0099
00f90139
007e007c
009200b9
007d0096
00d2008e
00730053
00c900da
0064005e
009700a3
00a8008e
00650099
009f00a1
005f006b
0093008d
00e90095
00450057
008d00db
0045004e
016701e0
00390059
01290106
0040003b
014e01a2
00590035
0150011d
00590051
003a004b
017b0155
005f0041
00b5007f
00740092
005a0072
007d00af
00ca00c8
00bf00f9
005f006d
011b00b5
00960069
00e700da
006f0052
00c000e8
007d0086
004e004e
00f000ce
00520089
007c0063
007c009b
004c0048
00920085
0048004b
017e017b
0046003b
01180149
005f0041
01210172
00410053
01160112
00690056
00390036
01400167
003d004d
00850080
007e007f
00400033
00c700a3
00550055
01400165
0052005e
0119011a
004a0039
013e015e
004f003f
011900ff
004f0060
003e0033
01a001b9
00420063
00850063
008b0089
00400060
00b000b2
006b0060
015e0160
005b0052
013e00d8
004c0037
01550155
00440074
012100c0
00510063
00530035
01ae0199
003a0045
00860086
00770080
004f0050
00cf00bf
0051005e
015201fe
0052006b
011900f2
003d0044
01470160
0052004d
010200ee
0096004e
00590034
018901a9
00550066
00ab009e
009f00a3
0056005a
008600e7
00770067
01490160
005a0050
00e60140
0061005a
00d500de
00610056
01300125
0071007a
0043003d
01470115
0049005f
009300a0
0095007a
004d0055
00ad0096
00560055
018001ab
004b0051
010000f8
00530043
0147014e
004c0063
011d012e
00490060
005d0052
01ce0177
00520055
007100a7
00980080
008e0076
00870097
00700067
0062007b
008d008b
0089009b
0060006d
007600b0
00c10095
008b008a
00bf009e
00c300cb
009e006f
00720058
006600ae
007a007b
0067005d
009900c6
0059005e
00d300cd
00710075
009f011d
004b0043
00c7010b
0068006d
00d000ef
00670075
004b0058
00bf00ff
006700a2
00b8009f
00a00103
003d003f
00af0087
0074007f
014b01fb
00520058
00e500ef
00390051
00f60170
003f004b
012100f8
005d0067
0040003b
01890167
004f003c
008e006b
006b0079
00730076
009e0095
007e0082
009d008b
009900b5
00c00097
0062005a
00a800c3
006d0072
00d200ab
0074009a
0071005f
009b0097
00670090
00aa00a0
00b7008d
003e005b
009a0091
005e0055
01620162
0071004b
01550111
0055004b
014b0167
004a004f
013000ff
007c0075
00490043
013b0120
003e0054
006a006d
0077007d
005f0081
00ce00e5
00730075
00e90097
00760065
00c500ea
005a004c
008d00ef
0053005b
00c1009a
00d60068
00600056
00f800a8
005e00bb
00b900b8
00f600c7
005c0080
00910091
00b800c6
006d0077
00830087
009100cd
0079006f
00960088
005e0067
00d70095
007200c3
008e0057
006b009a
006900ae
00910088
00730087
006a0043
00d300f7
0055006e
0147019b
0056004e
013000f1
00750063
01990106
004d0051
012e0127
0069006a
0052003c
017001be
004d0060
00840086
008d0075
004c0046
009b00a2
005f0057
01b20162
00430043
01100123
003f0045
014b0142
005e006b
01320101
00620064
00430040
013e01b2
0042005d
00d30088
00770087
00490042
007b008d
004b006f
01a501ae
004b0052
00e50103
00430040
01420125
0042004e
00ee010b
00730066
00510045
016b0147
003d006a
00810085
0091005e
00450043
008d008e
00630059
010e0167
00560041
0139016b
0041004d
01220139
004a0038
012700e7
00720060
004f0040
017201a0
0051004d
00a30090
008b0085
003f004b
00c000cf
0064004e
01e901b0
004b004c
013500f7
003f0049
014e013b
00390051
011200e7
00520057
004a0039
01590185
00420041
008d007b
007e008f
004f004a
00c700a3
00670059
0145011b
006e0043
00d300fe
005a0047
01800105
004a004d
012b0113
0061005a
00460066
017b0179
0063005a
00710097
008a00a9
00470046
00b10090
004d003b
015b017b
0053004e
00f900cd
00410044
014e0147
005d0053
01600127
00560050
003c0043
01ab0202
00540061
007d007a
00620095
005b005d
00b500b7
007f0063
00ce010d
00730064
00a10159
006b0067
00df00b5
00750071
00b000ea
007d0077
00530047
013000f9
005e0057
00ea00af
00c000a8
005f0043
0071009a
006d005a
018b018e
00410061
00dd0127
003f0044
01390140
00560048
01080116
00670056
00460037
016e015e
00410044
00d1006c
00770096
00730072
00af013b
007e006a
00de00d1
0057005e
00c300e9
0063004b
00af00b9
00660053
00c000cd
007f0061
006a006e
00b100a5
00530056
008f0096
00b5008b
00930063
00ef00b0
00a90089
0079007b
0085006e
00a80081
005d0071
009e00a1
0081007b
008500d0
0093009f
0074006f
009700b2
00610091
008e00a6
008b0098
00480034
0087009a
0063004f
01300199
00440058
01300121
003d003f
0192013b
00400059
01200142
006f005a
00440051
01ab0185
0043004e
007d0099
006f0088
007e005e
00ce00fb
0083007b
008900d9
00720087
00a800a3
007c0098
00900085
00b10069
0092006e
00c300a0
00860097
00b30095
00750060
009800c9
009800ab
007e0071
011800b1
0097006f
010200bb
00800077
00b900c7
0072005e
00be00de
0070007d
00c000de
005900b7
00510059
00d900df
005e0056
00a500b5
0083007f
005d005a
006e00a6
00710066
01400155
00480058
00df0145
004b004e
01a20150
00560049
00f90115
004d0079
0049003b
01700197
00490078
007f008d
008b00b9
00410050
00a9008f
0047004d
01500187
00480049
012e00f2
003f0053
011f0147
00550046
01210132
007e006e
00510062
01890199
0072004f
00990093
006a0083
00430047
009300a9
00550074
015501a2
0046003e
01070149
00450045
0147014b
00520046
016e018b
00610063
00490052
01390179
0058003f
0075007f
00690079
006e0089
00f300c1
006f0078
00c100c9
0071009d
00c80117
00510051
00e200c6
0069005f
00b2009b
00620096
0042006d
009800a0
005e0077
00bd00af
00cf00a5
004d0054
008d00c8
00700047
01a00192
0044004d
00dd0121
006e0048
015b014b
0041005d
0130012b
0063004e
0041004d
01970169
0044004d
007d008a
00760089
005b0086
00ba00b8
0067007c
00c900f9
008b0060
00d900c2
007e004b
010100a8
006e0066
00ef00bb
007d0086
0044006c
00c700aa
007d004b
00900099
00ab0095
0039004a
00da00b0
00460062
01e9016e
00470046
010700c7
00490049
00ee012b
00470040
01200123
00460045
003d0032
01500195
005b004b
0072007c
006a0075
009f00b2
00b900a7
007a005d
007f0096
007e0089
00cb0095
005f004e
00c300b6
00c30061
00af009d
00a200b8
007200ad
00990086
00710063
007900f6
00a0009f
00630076
00d500c1
0073009d
00d300b6
006d004f
00b700b8
00760056
00e000c1
0050006d
00a700c6
00930083
004e0061
00c600df
00530054
00c70086
009d0097
007f00a6
008e0095
00bd00be
00730095
00980093
00c30097
00790072
006b007e
00800081
00a9008e
00ad0096
00730073
00680075
006b0072
0085006c
006d0083
00490046
00960096
00550058
01320135
0062003b
014b010d
004b0036
01490179
00510047
013e00ff
00540054
003d0045
01a90169
00560051
00890072
009100c5
0037004a
00c300b7
00500065
01f701c0
00710045
01490140
00490036
015e00e8
003b0051
00fb0110
0047005d
003e0055
013901c0
006d0049
006d006a
00720085
0052003c
009700a5
00450059
0129015e
004b003f
012b011b
00570056
013e0130
00460053
0116013e
0052006d
00510060
0162017e
0043009a
00970099
00b70086
0052003f
009f00b3
00760061
0160018b
00590065
012900ef
003f0073
01100127
004c0044
01200120
00a5005d
004f0045
01550140
003a004f
00750074
009b0071
0054005f
00bf00c2
0043004b
013e01a9
004d0058
011f011e
00390049
010b014e
004e0075
014500ee
0084005a
004d003c
017e0152
00550053
007b0091
00a30081
0095005c
0097009b
00b00091
00800095
00cb0091
00a00090
00880066
00a00092
006a005b
008f00a5
00b200a2
009000b1
00850098
007b005d
00ab009f
009200b9
0047005b
00a100ce
0039003b
01890160
0047004c
0135011b
004b004e
01920155
00520045
0113016b
00700063
00430044
018901f7
004b0043
00910079
00990091
00420056
00ce0089
00570056
00db0105
005e0051
011a0102
0053003f
00c600e8
00380042
00ca00ae
006f005f
0067004a
00bd00d6
0070004a
00cf0096
00a6009e
004e0041
009e00e6
00680058
01970189
0056003d
014200e6
00490039
017b015e
0048004a
01160152
006f0062
003e0036
01600165
004f0052
00ad0099
00540093
0064006c
00de00d9
006e0064
015e0119
007f0071
0132012b
00580047
00c800dd
00560062
00f600b9
00700093
00530072
00a900b7
0052006c
00c000b7
00b200c3
00860089
011100cd
0098008d
008f0092
007d005e
0100009f
005d004f
00ab00c1
00620073
00ca00b1
008c00bf
005e004f
009e00c3
004a0055
00b700d3
00b80086
004d0054
009f008a
007a00ba
01b000f5
00590058
00ff00e7
003e0055
00f50111
00590053
015e010e
0053005e
003f0035
013901cb
004a005b
009d006b
007a007e
008300a5
00fb00c0
007d0098
00b60089
00700060
00ba0079
006e0066
00a80089
00910068
00bb0081
009a0075
00710073
00b300b9
007a0066
00b100b5
00d600c3
00370044
00b300cd
00560062
01670165
003c004f
010d011d
0043005d
0115018e
00550043
01570165
00570043
0048003c
01590199
00560050
00b8009d
008700bd
00560048
00b300e5
0057004b
01590129
00510048
00ff0115
003d0051
00ff01a0
0044003c
01010130
0051005e
00390037
01a201db
004e0055
006d0092
0096006f
004c004b
00b500d9
00420056
010b01b2
003d0045
012700f9
0043003e
019e0135
00400057
01130120
00590048
004e002e
01b001c5
004f0048
00870083
00a9008b
00700082
00b900ab
007e0054
00ed00d2
006b0074
00d7010a
00550079
009d00d0
004e0064
00980098
006f0061
005a005d
010d00b7
004e005a
00a100e2
00e80091
00440043
008500c8
005f004f
014e0177
00420046
01170175
004e003f
01160139
00630045
012b013e
006c0065
004c003d
013e01b2
00480043
0079007f
009b0095
004d0045
00eb00e3
0046003e
0182016e
005f004f
00ff0155
00550041
010e0130
0052004f
00fa013b
0055004c
004c0041
01890155
00560056
00dd0085
0082008b
00660042
008700e1
00510057
01390172
00480059
012e0120
0054004a
013000fb
005a0064
015e0139
0067005e
00540044
015901a0
004b005e
00a30085
00a2007a
007f006a
00a60079
00ad00b2
00680079
00a00085
007f0065
009f007b
006e006d
0095006f
007d006f
00bb00d7
009e0090
007d0077
007e005b
00770060
00a10096
007f008b
009f0082
00870074
0096007f
007f00d9
009a008f
008e0061
00770076
009f0077
00740099
008d0093
009700a9
0080008f
009b0071
00ab0093
00a70085
004d004a
009300c6
004a0046
01e00132
00450053
011e0125
0046004e
01970175
003f005b
0142013b
004f0040
005d0041
017b0205
003e0056
00cf009b
00980080
003a004c
009b00ef
004b0042
01520150
00460047
00f600cb
004a003f
01700127
002f003f
01570121
006d0048
00320036
014b0217
00440045
0060008a
0091009f
00440049
008300bd
005e005f
014b015b
003d005b
011700fd
00410056
01a2013b
004f003e
01270103
005d005d
00350031
0170017e
00490037
008f0075
007b0062
007c0072
00df0123
0084006d
00be00e1
00650071
00d600db
0058006c
00cd00cb
0063006e
00dd00b1
00780084
005a0058
00c9009f
006e005d
008e00b6
009a0097
004a0063
008a0093
00600067
00f00155
0076005a
00fa0102
00480053
00ea00cd
0063005e
00b000dd
006a005e
00510044
01300119
00630077
00d500a2
00a300c5
0052004d
00b200a8
00650066
01500139
0050002f
01030102
004f0047
01080149
0056004f
01720113
00530058
006c0030
01a50209
0042005b
009300a5
008d008f
0040005c
007f00b2
00550043
01470185
0047003f
014700e6
00430041
01d50147
003f0052
01150118
004f0053
003c003d
01920160
005e0051
005d00a9
007c008b
006d006c
00570093
009700b2
006a0068
00920085
0072005b
007d008d
0063005a
006000b6
007e0067
00e100c9
008900a6
005b007c
00750056
006c0064
0072007a
005f0069
009e00e2
005c0084
00bd00b6
0071006f
00af0105
00530053
009f00df
0065005e
00dd00d5
00860075
0053004b
008a00cd
00540072
00b700b0
00e000bb
0081006a
00bb00e7
007d0071
00c1009f
0070006e
00f300c1
00630052
00b300eb
005b0071
00e000b1
0068008e
0056006b
00cb009b
00620078
00e600dd
00b100e0
006900a1
00eb00fb
005d0069
00bf009a
0067007b
00f20118
004b0049
00b000ea
0071008f
00ab00ce
00760085
005d006a
00ba00a8
006f0055
009f00cf
00e900a1
00810089
015700a3
006d00c6
0075009d
009d008f
00bb009a
0070005a
009e008c
00610073
008b00de
0071009d
00990065
00d0008a
0079006e
00ab0086
00a800ca
004a0056
00a900ef
00550063
0150013e
0052004a
011300e0
0056005c
01470125
003b0060
014200f7
0065005b
00490040
01920180
00510062
00820077
00820073
00a2006a
00cf00e2
0085008d
007b008d
0069006f
00c800ae
00510059
00be0098
005e0066
00bd00da
00700081
00610044
00a600e2
006e005a
00d300d7
00cb00e3
006b0064
00e700f7
00880080
00c100a8
0084009d
00f000c9
003d003e
00de00ae
0076006e
00b900b3
00760079
005d0056
00b200ab
00630067
00bb00b6
00b300cd
0056006c
00dd0129
00830085
00a700aa
0069007b
00a300b1
003d0043
00c800b5
007e0059
00d000a7
00520087
00490056
00aa00f9
00710055
00bd00b3
00c700a5
0049004e
00a900a2
0051004a
0167014b
0048006e
011d00eb
005c007e
01a00169
004b005d
00bf0147
00690067
003c004d
016e0175
004e0066
00a5009d
00b1009a
00780071
007f0073
00c300bf
0081006e
0098007c
00750081
006e0063
00770073
008e0091
00740075
00e300af
00620074
0059006f
006e0067
00720061
00540075
00550052
00a9008c
00590086
01690160
003d003d
01300132
00410045
017b015e
00560063
01650106
0061006d
00340034
01c201ee
004a0051
0064007c
00760086
0049004d
00f300c6
00630063
014501b9
004f004b
00f0012e
0059004b
01cb0135
00520067
01490123
00670069
00390043
01e50170
004e006c
00d20089
00730087
008500a3
00ba011f
00890080
007600a6
008e006a
00bf00ce
0061005b
00c800fa
0077006a
00ba0093
00870082
005b007b
009e00ae
0062005c
00a1008f
00a600a6
00630041
00c600a8
00490035
01990180
00450033
013500e5
007c0048
01b701ab
006d0053
01150117
00430045
0056004d
02390265
00430061
00ad0085
008a00aa
0081008f
00a300e7
00760083
008f00d3
00a50095
009200bd
004f003e
00c900d8
007f005a
00b8009d
00de00b6
0099008e
008c0081
005d0062
009900c1
009700a6
00640079
00bb00f7
00900089
00a900c5
00760068
00c3012e
00610055
00d200a6
00840065
00af00a5
008f0089
0066005d
00e300a6
00660070
00bd009e
009600a3
0046005a
007a00b3
00420049
017e01be
00440039
015e0106
00570041
016e0150
00410059
010000f3
005a0059
00500042
01d50212
004c0047
008a0082
007d008a
00550072
00c300c0
00530070
014b012e
0061005a
0170010f
0052004b
01590118
00380041
00f900f6
007b0072
00650051
012e012e
005e0083
009500c0
009d0086
007d0061
010e00ce
0097009d
0087009f
006b0091
00de00bf
0051006b
00b800c3
004e005e
009d00b7
007b00bb
00640064
00d20090
006c0077
00920096
009e00ad
0066004b
00ba00e1
0048003e
018701ae
00490053
00f9012e
004d005f
01320199
0075004f
01890107
004c0058
0049003c
015b01c2
0051003d
00a10095
009a007b
00650057
00db00b7
00710089
00aa00e9
00570084
00bd00ea
005d006d
00d9011e
00570071
00a2009d
007f00a3
0058006b
00b500ab
00680051
00cb008f
00a00098
007f0093
00df0121
00960089
00d900d2
007d008e
00dd00f1
0067005f
00b600f9
0086006a
00ce0105
005f007d
0065004d
009600a1
00750057
011b00b7
010100d2
006f008a
010500cd
0080006e
008600cb
0082006b
00d600b7
004d004c
00bb00a9
0072008a
008700b1
00980093
008c007f
009d00bd
00580063
00bf00bf
00af00aa
006d0059
00db00ea
005f006b
00bf00bd
0098008d
00de0115
005d0056
009900e9
005b004e
00ba00b3
00870081
00580066
00aa00a9
005c005a
00cf00f2
00d900dd
00500059
00d300bd
00450049
01400172
0046003d
01110150
003f003c
01180165
00550042
01120122
007f006e
005c003d
01c00167
004b0045
007b008d
008f009e
00770076
012b00ee
005e007f
009600d6
008a0099
00d800f9
00450041
00a900c1
004d005e
00c600c0
007b007b
0042005b
00eb00e6
00590083
00c100a5
011800a1
004f0050
00c800eb
006b004a
01a901ee
004a0049
0122011f
00620045
0140010b
004f0056
011a012b
00510051
003b0040
016b0189
00450045
008e007a
00b50077
00960088
00c300cd
00830089
009300a6
008b0083
008e0089
0052006a
009200ab
00590056
00e200a1
008500a3
00650056
00920082
008f007d
00ad0093
009b00b2
006300a1
00bd00f5
00840092
00d500ff
00760085
00ce00d2
0070004e
00e300c8
00560058
00fa00c2
00810087
0059005f
00de00ae
00810079
00c1008f
009b0096
008f0095
00be00b5
0078006b
009b00a3
005a0098
00a800ca
00530064
00a7008d
00710049
00d20095
00800075
006f006c
00ab008f
006c0073
00b800bf
00990092
00630077
00670079
00b30100
006a00b8
008200aa
0077007a
00570069
007a0071
005b006a
007f008b
008d006e
008f00c6
008a0091
008100a0
006f0079
00660083
005a0049
00e300e5
005c0078
0189017e
0047004f
00dd00fe
00690045
0127014b
004a004e
010a0122
0053005f
00440041
01ab0179
00670054
00a80070
006d0083
006b0079
00ee0102
006d0079
00b800bd
005f0065
00f20100
00590047
012b00f7
0080005d
00b3008a
00740081
0055003b
00ab00cb
00400043
00ca008f
00c000c1
003a0044
00b9009a
0040005f
018e0199
0045005b
010b0129
00550061
01820179
00530076
012b0137
0057004d
00390043
018b01f9
004e004c
00a20076
007d007c
0050005a
00da00b7
007200a2
01420202
004a0061
00f60117
005b006c
010f017b
007b005d
010a0135
00760066
0055004e
01f70150
0049003d
00850072
006d008a
003c0046
009200eb
003e0041
015b0162
00430045
012700c1
004a0048
01390195
005e004d
011e0125
0062003f
003c003e
01de014b
00540049
00a100b9
00d70091
004a0037
00c500a1
005b0055
01770139
00430041
010e013e
004c005e
015e0180
006e0061
00f90122
0056005f
00460050
01c501d7
00450059
00b700ae
00850083
0068006d
00d700ea
0062006e
00f900ce
005d0069
011e0135
00570053
00c800ea
004f0059
00b000f6
005e0099
004a0097
00d200b6
005a0066
00a500bf
00ba00d9
003f0042
009e0091
005b0044
01ab023e
0051003b
00c20105
00470049
01cb01db
00410040
01450102
004d0055
00330051
01d50245
003b004b
0079007f
00860065
0064008b
00db0106
00830072
00b100f5
005b0069
00fa0111
0051004e
00ed00e1
00780066
009800a5
00760086
006f0078
00ad009f
005d0065
00d900a2
00d300fd
0077008a
00e70113
00720077
00c50099
006b005b
00ba00d7
0066005c
00be00bf
00730051
009900a2
008e006f
006c0061
00b00091
006f0070
00c60095
00aa00b3
008a0081
00860089
00a0009b
0076007c
00af007a
00a1008f
006c006f
009a008a
008a0073
009100b6
0083008e
008d007a
008e00bd
007d0076
006f0087
008b00ae
00580056
00d700e6
009e008a
00b600bd
0045005b
012000d7
004b0063
00b6009f
005f004c
008f0099
0078006e
00600044
00c200dd
003f0043
00c30087
00aa0098
009900a9
008a00d3
0091009b
0079006b
008a006e
00ad0099
00670069
009b00d0
007e0059
00870089
008e0081
00b300a5
00ba0077
0075005a
008c0070
00990087
005b0040
00a700b5
00620054
01a70152
003d005e
00ff0137
00510037
015e0177
00650063
01230152
00540051
003d0042
016b01c9
004e0045
00b300ba
00c100f9
00750085
00b100cd
0090006e
00b200b2
008b00a6
00fe00ae
0057005e
011900db
0073007b
00c800de
00700082
005b006a
00ae0091
007a005a
00b50097
00c2009d
003f004a
00b10098
004e0053
0137012b
00440040
01000119
004c004a
01400142
00470043
013b0142
00510056
004a0043
01a001d9
00520045
007d0077
007a0086
006c0092
00e20101
0063005e
010300f7
006d008a
00fb0117
00600053
00c500c5
0072005c
00ed00f0
007f0077
0064005e
00ca00b0
00520077
00ef00cf
00a200ea
004c003f
00b2008a
00330044
016001a0
003c0048
00f500f6
00550059
01b001b7
003f0041
011f0137
00560043
00430032
01ee021e
004b004e
0087007f
00800076
0059005b
00c100c7
0082005d
0118012b
00550046
0157012b
0060005d
0120012e
005f005a
00f90112
00560061
005d0058
019901a0
004b0047
009a009b
009a0095
005b0083
00e200be
00820091
009200ea
0064005b
00c800b6
0091007e
00b700b3
005b0054
00c100c1
0089006e
007a0051
00c800c1
00470056
00a30099
009600ad
00510043
008500a3
0042003e
01d501d5
0037004a
00db0107
006c004b
0180019b
007a0044
0119010e
00520039
0065003a
01f2025b
003b0054
008d0075
00710089
00760068
00cf00d1
0059004a
00b500c7
0067007a
00b200df
0056004b
00ce00c7
0062005b
00ca00e6
00690084
0055005b
00c100aa
00750059
00d50099
00c7009a
006f0078
005e00a2
00da00b1
006f009e
00a6009a
0084008e
0073007e
006b0055
00670062
006a00a0
00c300bd
0086008d
007e0079
0092006f
007c006c
00650089
009e0081
00b800c5
0082008e
00720091
007d00af
00cd00db
00670065
00a70074
007c0072
00af00bf
00970099
008a0075
009d00ad
009a0063
009b0092
008c009d
003c0049
00a00078
004c004c
01750149
00400042
011f0145
003a0065
017901d9
00750063
017200c9
0039006a
0046002f
020001ae
004f005b
00a10092
007a0090
00430031
00a500c8
00460056
014201c2
00520056
01160116
0057003f
01a20167
00440053
01180145
00470055
003b003b
019e0229
00460054
008d00da
008a006d
006a008b
009900d6
0081008e
008c008f
0099008a
00ad00b7
00650065
009300bd
00a0007d
009a0096
00b200a0
007a009a
009200a8
005a007e
009b007a
008e00be
00470048
00ae00a9
0059005b
01770235
003e003f
010300f6
005c0051
01b5016b
00520057
0127011f
005a006a
003c003b
021b018b
00380045
007b007e
00b900a0
00450039
008700ad
00420048
01a50182
00560046
00fb0140
0044004a
014b01a9
005e004d
012b0190
00610051
0041003c
01a701e0
00570033
009100b3
00b10072
00a80092
00d300b5
009f007f
0077008f
0084007a
008d00a5
00710061
00ae00b5
00780066
009700a3
009500b1
00750076
008b0081
00910068
00a0009e
00e70093
004b0040
00af0092
00550038
022001a5
005a0051
00b500e2
00610055
01800179
004e003d
010d0118
00500059
00440047
02320237
004f003c
007e0083
00690054
0059008e
00a500da
00790070
00b3009b
005b0071
00dd00c2
005a0049
00b500cb
00620055
00c700d6
006c0079
00420064
00cd00a5
00760059
00bf00c5
00c100ed
00650075
012b00ee
007b00a7
00a200ad
00730083
00d6010f
00510043
00c800da
0068005f
00af00af
00660076
0042005c
00d300a6
00690089
00a600b0
00c100a9
00360047
00a70083
00450047
01c70160
00430056
011f00e1
00520042
01bb0145
00490051
01210189
004e0054
0038003b
026501f9
00580063
008a00b1
008c0078
0062007f
01230102
007e004c
00b100a6
0074006b
00b300d8
0066004c
00d300a3
00650044
00d80123
008e0079
0062005f
00ca00c9
0054005b
00d100e7
00cd0101
003d0052
00a500c0
00480035
01690165
0032005e
011f0190
00410051
01d7017e
00590048
016e0152
00490044
003d0030
02490172
00600044
00a600e6
0085007f
00960101
00650092
011900dd
01790118
014e00a3
00ae0075
00c901b9
00e6010e
013701ab
008100bb
01ee0132
01c0017b
00ad00e1
0169019e
007f0087
00ae008e
00500069
00c500d9
00770067
00c300b2
00540054
012b00de
004e004b
00d200cb
0076005d
009d00a7
00870069
0055004f
00aa00e9
0066004a
00a500a3
00b800be
007d0086
00ad00c5
00840091
00a0006c
00a1007d
00e500a6
0056005a
00a3007a
00720073
00d700ab
009a00ab
008c007f
00b600ab
00660061
00b200b0
009200a6
0067007a
00bf00d9
00660092
0095009e
005a0077
00c800b1
00590064
00b100b8
0062004f
00a000ad
00a50095
008e0069
009200e8
00670081
00ae00c3
008f00b5
00620065
00f8011a
0062009a
008300fa
00630056
00f00122
0057005d
010300dd
00540069
00af00c3
0086006a
0052004f
008900e9
006a005c
00aa00ae
00e7008f
006c006b
007f0071
00a700cb
006b007b
00d600a6
0062008b
00660065
00620077
0076009d
005d0089
00b000c9
00690068
0061005c
0073005f
00820063
007a0064
005e0082
011e010d
0057005b
00a700b9
006b005c
014700b6
0069006d
00f600d1
0072005a
00f200c6
00700082
006e0045
009b00aa
005a0068
00c000a0
009f009e
00860055
009f00bb
007f0092
017000d8
00620043
011e00ad
0076004a
00e5009f
00650063
00f900c3
00960061
0059004b
00b700b6
005e00c9
00850068
009e00b5
003b003a
00990083
00410040
014701b2
0042004e
00ef00e3
0039003a
01ab01a2
003a004b
00f000fb
004a0034
00420040
02690219
0043004f
0073007d
00690071
0067007a
00570064
00c200c6
00520065
008e007b
005b0080
00660065
0069006a
00700089
006e0073
00b000db
00a80083
00a60076
007a0091
00620065
00620085
0076007a
011900ea
006d006b
00b800db
006f0080
00ca00ba
00650052
00e200de
004c0067
00e500c7
00ad0089
00610049
00b20098
005c0053
009300ca
00b000b7
007400a8
01350107
008e00ab
00c100a8
00620067
01270099
00620036
00a900ba
0063007a
00b3009a
009f0085
004f005f
009e0083
006a0060
00920097
00c700cd
008b0078
00c700e2
0075007b
008600c8
008c006b
010800e7
004c004b
00c000ff
0052005b
00c500a6
007100ab
00620073
00b100ab
00810085
00c000c1
00eb00a3
007f007b
009d008e
00ad00d0
00a60075
007e00a2
00bb008e
0062005f
0090008e
005d0091
00df009f
00b60085
006b0067
00d3009a
005d009d
00b100a0
00bb00b7
0082007a
0112011f
00670067
00af00a6
007a006e
00e300f5
0062004a
00ce00a5
0069008c
011e008f
00c6008b
005b005d
00b200b9
007a006f
00be00bf
00c600c1
006a0067
00c90103
00590068
00cf00b8
006b0079
011600fb
004e004e
00a700d6
00500067
00f000b2
007b006c
004e004f
00dd00c2
006d005d
00c600c7
00960096
00790080
00cb00c7
007f0096
007b009e
008e0091
00e20098
006f005f
00c300ab
005f006b
00a900bb
009500ad
005c007f
00af00c5
00880066
008e012b
009e0097
0061005e
01090107
00750066
00e500b5
006f008f
00e60125
0066003a
00b700ad
005e0042
00a100c8
0090007f
005a004f
00d300a3
00550051
00d200c1
00bb00af
00960095
00eb00c9
0099008e
00820085
0072009d
00a700a6
0066004b
00a600c5
007a0055
00a3009b
008c008c
00a2007f
00840071
006c0066
009900b6
00d000ca
00710066
00b600c9
0076005e
00930069
00b7009d
00c100a9
006a0077
00ca00d8
006b0081
00b000b5
00b000b3
00630066
00b800be
00790054
00c000a3
008f00b0
007b008e
006b00d5
00ce00c5
0087007e
008b009f
009e00a7
00780079
008b00b2
006d0072
00790082
00a9008f
00a5007f
007c00a1
0073005f
0077008c
008a00a2
00770098
00ed00d7
007300a1
00a90092
00b60095
00a900bd
00650055
00b000a0
00b2005f
00b1009f
00910073
006a0070
00b600b0
00750071
00ed0096
00c000c7
008c007d
009b00ba
005b008c
00b80083
00960091
00a200a1
006b0064
00d200a2
006d006c
00a800c8
008100a9
0080008a
009d00b8
005d0063
00a90099
009b0092
006b0079
010600c8
00c600a1
008c0085
00810092
00bf00c8
004d003d
00c600ca
0084006e
009b00a2
00960082
0061005f
00c700aa
007d0085
00db009b
00a70088
00800096
011e00ea
004d005c
00ab0098
005f0065
00de00e6
0055006b
009f00bb
00480046
00b50101
00d2006c
00490055
00cb0098
006c00a5
009300ab
00a800ca
00830071
00ba00f7
00790072
008a00bf
00820078
00e000b1
00550057
00a100bb
0086006b
00b700b2
00bd0067
00750050
00ae00df
00760054
00c000d8
00b300b8
007d0075
011e0142
00600061
00f10096
0081004f
00fe010a
00670051
00b100e0
00770063
00d600a8
008d008e
005b007d
009f00b7
00510073
00b300c6
00eb00c7
007f0067
00a700ed
00a700b3
00860077
0086008f
00c000ab
0072006a
00a10093
009d0070
008800f1
00e3009f
007d006e
00b900ab
00820075
00bd0093
009900b1
00320031
007e00b9
00440048
019701fe
00400045
010600eb
0041006c
014e0187
0040004a
01300132
0046003c
0038003b
024901c2
003e005c
007d006c
00c30075
00800087
00ba00e5
00990080
0077009e
00a8007f
00a1009f
0065003b
00a300a0
00860078
00c000a6
009100bf
0085009d
008a00af
006b0078
00af00bb
008f00bf
00790067
00fe00e1
00620056
00c700cf
008a0067
015900e5
0052005d
00ba00c0
00830052
00f900c7
006b007b
004a005b
00bb00a0
006c0091
00ab00b7
00a800ee
007b007d
00e200fa
006a0060
009e00d8
0077007d
00cf00ca
00390060
00b300ba
006b0055
00bd00ad
00520069
007d0053
00d800ab
006600c1
00fe00d2
00d90129
00b80065
011500f8
00aa0089
0097007f
00c50077
00f000a1
00490051
00c70092
004d0068
00d200ae
00730087
006d0066
00c10082
0078008f
00ce00a7
00c600c9
008f0060
009200a9
009d0097
007e00af
007700be
007a00e1
00540086
00c200a9
00aa00a1
00c5007f
00be00a8
00970098
00a6008c
00730086
009d0097
00990098
008c006e
00bd0103
004f0079
00b5009a
009a0083
012e00e5
00400047
00f300c6
00730062
00b800e0
0060007f
00530053
00b500a6
005d0053
00be00e9
00eb011b
0043005a
00720085
00370045
01a2023b
00460055
011a00d7
004b0044
01c001a0
004f0039
01020121
0044004e
00430039
02520212
004a0048
005d006f
008f0060
0079005f
00c300ff
007b0062
010b00d0
0069007d
00b700d1
006d0040
00cd00a0
006b0040
00ab00b3
00610088
004f004f
00b600c9
00780048
00c900f2
00d100d0
009a0078
00a000a1
009600ba
007f008a
009a00ab
008f008b
0063005c
007800a0
009b004e
008b00a1
009200af
00a7008b
007c007e
00bb0074
007f0072
00710076
00920073
00ef00f0
00850056
00ed00f3
00750079
00c000d7
003a007d
00f300e5
00490060
00db00a1
0092006c
006b0055
00a900b2
008600a5
00ad00c3
00fd00ce
00950087
011f0162
007e0082
00a1008b
006e0087
010100f7
0065004c
00d80106
0056004f
00a00072
00780078
007e0067
00ad009e
00650095
0096007b
00b200b8
0065006b
010d00b2
00640067
00b600d6
00660062
0129010b
00430054
00bd00c3
006b004d
00a500b0
0075007a
004f004a
00d800c6
008f0046
00da00d1
00d500ae
004e005f
012b0125
0093006e
00b500ab
007a0070
00f90127
0041006f
00a600b0
006c0063
00d000b3
00620078
0067004d
00a000d8
007d007a
00db00d9
00ba00af
0080006e
00d600df
00b3007f
00850083
00830085
00b700a6
004a004e
0099007e
00930061
00af0095
00910072
00850053
00c30072
007b0051
00e300a9
00a9009d
0097006c
010600d9
006d00aa
007b00a8
0080007d
00b200cd
00510051
00ad00a9
006f0076
00a100a5
00850081
009a005d
00c500bb
0089005c
008d00a2
00bf00af
00870075
014900d6
00a30099
0095008f
00790091
00a200d7
00560061
00a80097
004d0052
009100c5
0067006f
006f0056
00d0009a
006a0071
00c200f5
00d000c6
00820061
00fa00d0
00750073
009900e0
0078007f
010e0116
00510042
00a300cd
00510064
00a900bd
0099005f
004d0054
00b100db
0051006d
00ca00be
00a700c2
009600a2
00c300f0
007d0070
00b500a7
0089006b
00d000c5
0053005a
00a700fd
007e005a
00c1008d
009a0076
00630066
010900be
005b0064
00a300aa
00b900b3
006b0072
00f60177
006f006b
00c500ae
006c0073
00c900db
003f0048
00e300e5
00690050
00c900aa
00860082
00620051
00c700c2
009a005a
00cb00d1
00c800c5
004d0063
00fb00fd
0054005d
009b008a
0065004f
00fd0113
004a0040
00da00ee
004e0066
00a100b3
006d005f
005b004b
009d00a3
004e0051
00ae00ea
00b300ba
008e0063
00f300d8
00920081
008e009f
006900a9
00bd009b
00510063
009b007d
005f008a
00e80097
008b006b
005f006d
00a200d0
0068005a
00e800c7
008c009d
00660069
00bd00e2
005d0073
00c1009f
006f0061
00bd00f2
00530057
00a500af
005c0077
00e700de
006d007b
00550067
00fa00cd
009e005d
00de00a2
00c900de
005d007f
011f00d7
00790066
00e100c5
00930092
00d300a7
0058004f
00ea00ab
00470044
00c700f6
00ab0089
0042006e
00c300b9
006b008a
00a200c9
00eb00f1
009e0086
00b300c5
008b007d
00920087
0085007d
00a900c9
007e0060
00d100be
008700a5
009d0083
00a300a5
005d00a9
008d0064
008b00a3
00b900b9
00aa00a7
0079007a
00e100e1
007d0079
00c000c5
00790068
015500af
00510044
009e00a5
005d0054
008a00bd
006f0086
005b004f
00af009e
005f0062
00a500ea
009b00c2
006e007d
00b700f9
00820071
009600a8
006e008b
00a800a1
00590053
00b300a6
008300a8
00b70077
009b00a2
00600089
00af00eb
0069004f
00b600aa
00960099
008d0063
0123010f
006d007d
00a900a8
00840081
00ce0140
00420047
00e60091
00700057
00c100d1
008300a9
007d005c
00d000c1
00740076
00a000a5
008900d7
0066005e
008e0089
0086007f
00890078
009e00b0
008200a7
005d003f
008b0095
006b0074
007800b3
00be00a5
008e006f
00840070
008f009d
0087008f
00750096
00a5009a
01170109
0056005a
00ba00ab
005b005a
00c300c0
00580063
00bd00d7
005f0052
00e60093
00660072
005c005d
00c900ae
005c004f
00ca00ae
00c700f1
00590083
00d600e6
006a0069
00c500a9
008e0070
00e600fa
0061003d
00db00bf
005a0055
00bd00d1
00670083
0043005e
00f60103
005d0075
00d800b2
00b000a7
0097007f
00b700d1
008f0091
00980075
00a600a3
00a500d0
00830062
009300a2
005e008c
00b600eb
00a300b3
0066007d
00aa00e2
0067007d
00b200af
009000a9
00450032
00e900b5
003b0029
004e0095
00310027
008a009f
004e00bb
00ba03fb
00410028
00850056
005401a9
006c0111
00660075
00360023
006f0210
008a01d0
0079007c
00c900c9
006b008e
00830066
00890085
00cd00ee
007a008f
00a20099
00820088
009300db
009e0075
008d0093
0095007f
006c0051
009700b3
00ad0090
0072005b
00d7012b
003c0049
00a1009b
00460061
00c000eb
0034005a
013e01be
00390046
00e000f5
00a9005f
00a00049
00850095
00520047
00c500f8
00c000df
007e00a5
00aa0074
00f3008e
00760061
0070009f
00670072
00690076
0089006b
008d0078
00990087
00b50076
00a10087
00650071
007b005f
00810095
00970085
00760072
014200d6
005b0079
00b60111
007d00ab
00ab011d
005a0049
010b00b6
00520067
00b500ba
00820072
00510053
00a600a9
004c0061
008c00a6
00b000fe
007d0089
00ca00c3
00e100ad
008f007c
00c100a0
008900c8
00770093
00970098
0061006b
00a80089
00b8009b
0076009d
00bd00a2
00850062
00770072
008800a7
008c008b
00ee00cd
00a600a3
0092005d
00a20097
00e0009a
00690053
00930097
00890093
00b30093
009a0098
006b006f
0086009d
006e0079
00ae00b2
008700a0
00610066
00e90150
0082009a
00cb00ba
009f0080
010300e3
004b0053
00e200a2
007a0049
00a700ab
0098008e
00500066
00d000f8
00870068
00b500e7
00b000bd
007b0079
010600e6
007d008d
00870077
008e0098
00fd00a1
006a003e
00a800c8
00590046
00aa00ab
009200a8
00690062
007f00a1
0067007d
008c00ab
00a300a7
00960075
00e800b1
008d008c
008500b3
008f00a7
00d100c3
006b005f
00cf0092
00490086
00a300b7
008d0071
00670067
0091009e
005e0072
008f00c0
00b800af
007a007d
010d00ee
0076006f
00b000bd
006a0086
00de011a
00420054
00e200b3
005e008f
00a000ce
0057006d
004b0056
00e500b9
00500061
00d100ab
00b100ea
00840081
008700ad
00f20097
007b007e
00c300b6
00730069
00730077
008f006f
00660066
009f00ab
009d0097
006b0090
00800074
0052006b
00650059
00920064
00730089
00f500e7
0056007d
00c200b7
006300a1
00b900fb
005e005e
00db00a8
004d0065
00cf00bb
0072006f
004e0055
00c800a5
005d005d
00e0011a
00d300b7
00770082
00f700ae
009e009f
008e00a2
00970081
00c000a7
0059004d
00d1007d
008c0099
00ae00de
00a100a5
0077006a
00c800a0
005e0092
00a900b0
00bb00a7
00580056
00b7010e
00570043
00ae00b3
004f0057
00d000b6
003d006a
01500227
003b0035
011000a2
006c0072
0057006b
00d100ae
0040003b
009f01a7
00c80180
007e00af
013900dd
00700065
00b1009d
0089005d
00b2009d
00480069
00b600e2
00580060
00df00b9
007600a1
007e0080
00b30102
007600c0
009200ab
00a800aa
00950085
00de00bb
008f0077
006b00a7
006d009a
00af00be
0078005e
00aa00a5
00690069
00c300a8
008d0066
00840072
009b00b0
007200b6
00df00b2
00d20089
00620053
00ee00c6
008c008f
00c700d1
0075009b
00dd013e
0054005e
00e6009e
006b0067
00c000ba
00ad0073
004f0077
00e000a5
0069007a
009300aa
00bb00a2
005c006d
010800c0
00640089
00a600cb
006b0086
00d100f8
006d007a
00bd00cf
0051004f
00ce00a6
00740072
00610060
009b00e5
00620057
00eb00ff
00ce00a5
00710089
010f0135
00790074
00730093
007e0086
011e00d6
00550053
00bd00d3
0062005e
012900b9
00870087
005e0047
00a100b5
004f006c
00a00082
00ba00af
006f006e
00eb00f9
0053007e
00c200c8
007e007b
011a011a
004d0057
00e100e3
0052005a
00be00bb
0091007a
00690062
00c6011e
0069004e
009e00f2
00b600a5
00480049
00a00102
002b0031
005d005d
00290030
008b0081
00530045
02bb0207
00280032
00910063
011100ba
00c10078
0090007a
00210025
008900c9
00a300d1
00620062
00f600e5
0077006a
00b30098
00690085
00ef00f8
005b004f
00d800c5
004c0043
00b700bf
0092008d
0087004a
00ba00b3
0054006e
00b200dd
00af00b8
007f0078
0127011f
0062006d
008900c6
00670086
00cb00ba
00470049
00a600c5
0061005d
00c800e5
0080007c
00560069
00d700b6
0063005e
00e2009f
00ad00c2
007a00a7
009e00bf
009b00af
006b007d
00960093
00b3007f
005d0077
0071006b
008b007b
008e0086
00cb00b7
009f008d
006f0088
007b008a
00750081
0082006e
007c0061
00ff00e6
00770067
008600af
00aa0069
00d800be
004d0044
00a70115
00750045
00e000bf
007f0064
005c0064
00af00dd
0056006e
00c000d0
00aa00b2
00950079
00bd00a1
00a6005a
00960076
00790084
010900a8
005a006b
0082008d
007d0065
008a00a0
00ca0091
006f008c
00a1009f
00820075
009a00a2
00d5009a
005a008b
00ef00f7
00670072
00e300b5
0076006f
00f600d9
0047003c
00ed00d2
00570053
00d100a6
005a0082
0040004b
00a800ae
0061006f
00b300ad
00e700c1
0096007d
00f700b9
007a0087
0096009f
00730089
00f0008a
005e0056
009e0087
00680067
00a700b3
0081009e
00670068
009e0112
00590058
00a900b1
00b6009d
0084009e
00f900ee
00620071
00cd00cb
00860080
013b00e9
0075004e
00d800a3
004f0053
00b700c3
008e0080
0059006a
00c200d8
006b005f
009f00d0
00ad00df
006f00c1
0139012b
00980077
00ab00a3
00890089
00c000a0
0051005f
00bf008b
0056005b
009e00bb
00830081
0067005d
00c100a5
00600076
009800e6
00af00a3
006e0083
00c80197
00640081
0095009d
007b0072
00a800a6
004d003f
00bb00b9
00610068
00f600a5
00950092
005d0053
00ca00e2
0076006f
00d500c0
011600a7
005e0074
00ed010e
0082007a
00b60092
007e0092
00e900df
004b005c
00a800d0
00520062
00ed008d
0076007e
006f0065
00aa00ca
00470066
00e200ea
00cd0099
006f007e
00a000a8
00c000bd
008b0087
009200bd
00a1009b
004e0055
0091009d
007a00ab
007a00b7
008a00a5
006a0077
009700a2
00980067
007f00a9
009200a2
005a0086
00d500d0
008c008e
009a00b1
00aa0071
00a000d3
0067006d
00a000be
007a0076
00f0008d
00a50098
00710067
00b100a1
006a0073
00850091
009e0090
0073006b
00de0119
005c0085
009100b3
0078009d
00f20106
006c0052
00e100a3
007b006b
00d200a6
0095007a
006c004e
00a600d0
00730055
00a80112
00c200b2
00780099
01230121
007d0071
009700d6
00630079
00d300c2
0056003d
00a100c2
006f009b
00b100c2
00930093
00580070
00b200a7
00620067
00d900ca
00aa00ae
006b007d
00e300eb
00650097
008b00a8
005a008b
00c700d1
00740061
00d600c1
00520054
00f000f0
007c006d
00670043
00b6009e
00630045
00c000bf
00de008c
008c008d
01160167
007f0089
00930086
00790073
00cf00b3
00660057
009f0093
0040004e
009f00a1
009b0076
0070005d
00da00ae
0073005c
00d900a9
00b200c0
00a2008b
00f500f2
0075008a
00a700d6
00890084
00cd00e2
008c0065
00c60092
0052005d
00d800ef
0079006e
00660057
00bd0112
0059006a
00a200b0
00b30099
006c0092
00c50101
007e0093
008e0086
00810082
009d00b1
0061005b
00b8009b
005e0077
00e100a0
00c0009e
0077005b
00a000a1
006f0061
00a300b7
008d00ab
007b0081
011d00c8
00540069
00a200b6
00770062
00d300b5
00550070
00b600c3
004f0065
00df00e1
00820067
00560044
00c100cf
007200a8
00ba0100
00eb00be
006e006f
011000ee
00c50099
008e0086
007c0072
0098010d
00630071
009d00b3
005f006a
00a200a7
00960071
00680073
00a800d6
00900080
00c200ab
009d00b6
00610062
00d900cf
00860086
00b600a8
006c0092
00f0012b
0053005d
00c200b0
00740066
00c3011a
0083007a
0055005d
00ea00c3
004f0055
00ba00c0
00a100a8
00670086
00db00eb
0080008f
00af0092
007a008c
008700b6
0056006e
00cd00a3
0069007b
00af00e9
00810095
005c0082
00b300a6
00790086
009500af
00a700a5
007d0089
00ed00e1
0074008b
008300a3
0083009f
00a800c3
00590042
00860099
0077007b
009100c1
00860091
0065005f
009200a6
0068006a
007300bb
00a10099
0087008a
014200ea
00760079
008900a7
00800097
00af00d6
0046005d
00d100c5
00480082
00b800e7
006900a1
004c0051
00a200d9
005e0090
00c900b3
00c700a9
00880077
014700e2
0083009d
00a80071
006900b3
00ef0125
0075005a
00a60089
005d006f
00c8008f
00820070
0069005d
00c800c1
006d004d
00cf00ab
00dd00a1
00920073
00d20099
007d00b1
00b90074
009100a1
00860098
00700072
0077009a
00980087
007100b0
0080007b
006b0079
009a00a8
0072006a
008500a8
00810079
008d006c
0107015b
00950081
007000ca
00610064
00c200d3
004e004b
00d900cb
00620087
00c500c8
005c008a
003a004e
00b000ce
004f0063
00b300ae
00e600bf
008a0092
00ca00ab
00d2008e
00a2009a
008c0090
00c50091
003e004d
00ba009d
00760085
009900c1
007b008f
006c006c
009a00a7
007b006d
00e80098
00c20079
004d0072
015200f2
0056005b
00a90075
007a0066
012200c5
003c0041
0129012b
00520055
00a000e3
00990067
0083004d
009d0083
00450043
0091014b
00aa00e6
006100ae
006a0066
00d60108
006e00a1
00d300c6
00760087
007d0062
006000b0
00820092
00a7008b
008d008f
008700a3
005e0061
00610052
00770076
007a0069
00850051
010d00ca
0093007b
007700c8
006a0069
00bb00ef
004f0072
00ce00c1
005b0069
00c800b5
006300aa
005a006b
00fd0096
00620084
00b600c9
0121010a
00a5009f
014500f7
00640072
00ae009f
0092006b
00d700ee
00320054
00bf00b5
005a0053
00b70096
00a90071
005a0057
00bb00a9
00520066
00b200b5
00b800af
00750075
00d700f5
0083005f
00a100b5
00710069
00ef00dd
00480054
00b600e8
0053005d
00e300a2
008c008f
004e0051
00d600ce
004e007a
00d500d7
00ea00b9
0072008e
00d200d6
0090009b
009a0085
00770076
00c90107
005c003e
00cf00ad
00550088
00d800b8
007e0082
006f0065
00bd00d5
006d006a
00c500ab
00a500e8
00820064
00a60071
00b700bd
007f00a1
0086008d
0088008e
0066005d
00710080
006d0062
007a0087
00ae00bd
0070005d
00660077
0059007f
00720086
0078008a
00820075
00d50120
009f005b
00d100ce
00ae006d
00d800b1
006c0052
00c0009f
006a006f
00d6009e
00720099
006e006f
00c100b2
0075008d
00bb00ba
009d00e5
00820072
00a8007b
00c60098
00660081
00c500a5
00910098
0073007f
008a0092
00650085
007a0081
00da00a9
00850084
007a007e
0074007a
00870092
00ab008f
006d0083
00ff0122
005f0091
00960085
0051005f
01400119
004a0045
0129009d
003f0061
00a700bd
00660085
003c0055
00aa0097
00780056
00ee00db
00e800c6
007c0073
00f6017b
0070007c
00c100a3
00720052
00db0107
004f0052
00a300b3
00590062
00f100d0
008300a1
003c0059
00a300b7
006b0063
00d300f8
00c100e0
0085008c
00ff00ff
0072005d
007f009d
007e008f
00d700cb
0057004b
00f900d5
0049006b
00d20100
0066006e
005a005a
00a100fb
006e0050
00f700d7
00cb00e2
006b005e
011100ee
007d004d
007900a6
007d0064
00e100d2
00630057
00b2010b
00790066
00c800c8
008e0082
005a0072
00bd00d9
0052003e
00b200d0
010200eb
006f0077
00f000f0
0071007d
00de00a2
007a007c
00e300b5
00670051
012e0091
007b007d
00d900af
006c0071
0068004c
009b00d7
006a0069
00cd0098
00ab00a2
0063007f
013900f3
005a0079
00ab00b7
005d006e
00b00100
00520083
00f600bd
0083006a
00c3009a
0099008a
007a0062
00a3008e
00510060
00d100ed
00ea00df
006a004f
00be0121
006600ad
009b009b
00710063
009d00c2
004a0053
00dd00aa
00740067
00e80115
007d0075
0046004d
00b300a2
005e004f
00d600ca
00e600e0
007c0071
01080102
008100af
00850096
007a0086
00a500be
003d0050
00e900c2
0055005e
00a600d1
00830077
00570055
00a800d2
00660075
009900af
00b100c2
008d00b3
00c10091
008b0091
00870076
00b700e1
0092007d
007e0083
00bd009d
008e0085
008100b7
007a007c
007500a2
00ba00e7
00710084
00b50069
009b008f
0089006c
00e9012b
0080008b
009e0092
00720077
00f000d1
00410041
00c300cd
00520068
00c900ef
00670075
007c0043
00bf00ed
005f0044
00ce0099
00c000a8
009d0069
00d700ee
00810064
008f00a1
00720068
010600c8
0071003b
00bf00bb
00690059
00c300c1
00780072
0053005f
00b3009e
00620060
00d600d1
00b800cb
0083006e
010f00c5
00b00072
00720087
00880095
00ea0102
005d005b
00e200bf
00630063
00ca00af
0088007f
00600072
00be00a8
00650071
00ee00c8
00a500b8
008b007b
00e200b5
004f0073
00a10097
00760062
00d500eb
00540046
00c600d8
005d0055
00aa00aa
008f007d
00610050
00dd00a1
005e0057
00ba00ca
00cb009f
00790071
01100130
0069006a
00b20106
006a006e
010200ab
00660041
00b30097
0066006f
00b900a8
0062008a
00590069
00f000a2
005f005d
00d200a6
010200bd
0075005f
01160167
00810079
008c00b7
006b0086
008b00e6
00730063
00d000c8
00660068
00c50092
007e0089
007f0042
00c600d0
00610069
00df00be
009600e5
0071007b
00b800bd
009b00bf
007b00a6
0093007a
008400ae
005e005a
008300ab
00620085
00b900aa
007e00a6
007d0066
00cd00af
006e009a
00ad0083
00cd0082
0077006e
00c8012e
00610072
00b5009d
00950073
00b20109
00460046
00f100d9
0077006d
00bf00ad
00730082
00510051
00a200ad
0057004d
00cf00b8
00f300a2
007600a1
00f50118
00930091
008d00b0
007a007c
00d600b8
005b0045
009a00f0
007a005d
00c100b8
00790082
006f004d
00cb00a5
00710052
00e900ca
01080097
00ba0076
008a0079
00b1009e
0091006f
008f00d8
008b008e
008d0063
007d007e
00690065
00a10091
00a20096
00870078
008a00a5
007a0063
005f00a0
007c0077
008b0097
007700b5
008300a7
0081007b
00b800b3
007c0081
004f004f
00770077
00990083
009b0096
00ad009d
00870096
009d007d
00810071
00ab008a
00870086
005a0077
010a00e9
005f0061
00c500c7
00610057
00d000d6
00760052
010d00db
004e0067
00a000cb
008700a3
00750044
00e900cf
005b0047
00db00e7
010500df
007c0093
00c900e2
008b007c
00770069
00960085
00d90112
006a0071
00a500b8
005f0059
008000b5
0082008d
00810076
00a300bd
00670062
00b100d8
00970097
009600a6
00c300a2
00c800a5
00630082
008e0092
009a009d
00560059
00ba0072
006100a2
00b800be
00d300b2
0085009e
00ad00a8
00a60071
008f00c0
00a0006d
009b008d
00cd00c5
00930082
0093008f
0095009b
00c70110
005e0043
00d100a3
005d007f
00b100b9
0075008f
00520066
009200a3
006e0067
00d90098
009300f2
0061007f
00f30132
00770072
009a00d9
005e0071
00c9010a
00650072
00b300e8
0082004e
00b000a2
00830085
0051006e
010b00c0
00480057
00b3008f
00c100b7
00730095
012000d1
008c0072
00a70096
0081006d
00c900ee
0049004b
00a2009f
00660077
010e00d6
0063007e
004e005d
00e5009d
0065006e
00f600da
00cf00fb
006b0075
01100142
0079006f
00960089
00600096
00c000ee
0034004f
00b600dd
005c0069
00c700c6
00a20076
005b0053
00cb00e3
006b0062
008900b6
00b200a9
00a3006a
00f80112
006a007f
008800bd
007e0072
00ca00c8
0056006f
012b00dd
006e0077
00b700ea
007d0079
0062006b
00bf00ad
00500070
00b800f9
00f000ba
00770082
0086006a
00b0008e
006e0071
00b700b9
00710096
008c0083
007c0076
006b0073
00890070
00a300a1
00aa007a
007d0069
005e007f
00620072
006d0063
00750058
012500d0
0063006d
00d100b2
007b0077
00ba00ca
0042004a
00c80101
006a0071
00d600bf
007600a5
00660053
00d800ed
0054008a
010200c9
00f200d6
007400a9
00af00c0
00b7008f
00a90079
0082008d
00b1008e
008a0051
0087008b
0072008a
008800e5
00880086
007f008b
00b7009b
00660087
00950089
009900b5
007a008b
011f00d2
007e0097
008f00bb
008d0076
00b000eb
0052003f
009500fa
00690070
00c900e8
00810073
0073005a
00e600c2
00780060
00bb008c
00bd0073
0087007a
008f00b3
00a200bd
00a800ab
00b200a0
009b008b
0065003d
009800c0
0081005f
009a00a9
008e008b
005b0071
00ae0080
006d007a
007a008a
00870087
0089008a
0101013b
0075005a
00b700a2
00770061
00e700e7
0069004f
00bf00c8
0052005b
00b300cd
006a0075
0052004e
00dd00cd
00530055
00a900f0
00bf00bb
00720076
00d700f1
005e0063
00720089
0070006f
00e700ed
00500055
010300b1
0060005f
00c000a7
00b30081
00910051
00eb00b2
004d005f
011d00b8
009a00be
0066007d
013e00f8
004f0071
00950086
0074008a
00d900c5
00510062
00e300d6
007e0063
00db00bf
005e00c7
006b0065
00e200b8
0067005f
00c700f0
00d300c1
007b0079
00bb00d1
007a0085
00ad009e
00bf008b
00b00092
005c0065
00d20095
007b0063
00cd00ab
009600ad
005c0054
009600a6
0053006d
008f007e
00b600a3
00760087
00f80117
005e0072
00b50082
007a0070
00dd00bb
0063005b
00b700a5
007c005b
00f200a6
006f0092
0085004e
00ca00d0
005b005c
00e800aa
00be00bd
007d007d
010900ee
00790066
00a100a3
0098007f
013e0112
00650045
00f500ae
00800067
00d100b9
0086008d
005f0064
00c700d7
00670063
008600cf
00bf00e8
00570092
00aa00a2
00660092
00a00081
008c00af
00a5009e
004a0069
009900a7
007600aa
00c5008e
009a00a0
006900a1
00c7009f
006d0089
00840090
008a0089
0085006d
010600da
00590069
00cb00c6
00780091
00f70127
0057007c
00cf00d7
00600073
00b100c6
007400a3
00630048
00d100bf
006f0050
00c900bb
00b800c3
0072006e
0139011b
0054005d
00b00096
007e006d
00d500dd
00640042
00b000b6
0057005b
009e00c3
006b006e
003d0041
00dd00d0
004f0062
00e800c1
00d600a3
00700071
00b600a0
0082009f
007600a5
007c0086
007f00a2
006d005d
009d009e
008b0059
00850098
00a200f0
00920076
00c50097
006d008a
0093009d
00830090
00660096
01120109
007f008d
00dd008b
005a0054
00e300bd
0039004f
00bb0108
005c0055
00b9010f
00750065
0061005f
00b900bd
00870064
00f10097
00c900c2
0091006a
012b0129
00800072
00a900a9
00a50085
00bf00b5
00530073
00ba00ae
00630065
0097012e
0087007f
00510058
00ab00ba
005b0051
00c600d1
00c000e1
00770095
00c000e0
00890077
00a500d3
007d009b
00c300d5
004a0052
00e000c7
005b004d
00ad00e9
00a50070
006a005e
010200ae
006c0055
00be00ad
00c900b0
00650085
010200e7
00790071
009d00a3
007f0066
00e700d1
005d005b
00be00b7
0085004d
00ab00df
008f0080
0097005b
009a00d3
0060004d
00c700c8
00c700c7
006e0073
014200fe
00760054
00bb00b7
00640086
00f600f6
0031004a
00c900c9
007a007d
00cd00c9
007f0091
00620054
00d90093
0064005d
00e30125
00df00d8
0059006b
00de00c2
005e007c
00b30071
0078007b
00f100e3
00720054
00e800b7
004d004d
00b700d8
00860063
00660061
00c600a6
00570062
00b600c7
00ce00de
00750082
013500f1
007a007f
008300a6
00970067
00e000e3
0046003f
00c200c6
0073006b
00d800aa
008d0081
004b0061
00ad00c7
004b005d
00f600d9
00c100e5
005a0075
00cb0103
007500a0
00a50065
00b2007e
009600b6
0078004e
00e000be
006c0079
0097009a
00750082
00730072
00aa00ef
00820051
00a800c3
00eb00de
008a0052
013000de
008b006a
00d600bf
00760056
010a00f2
0052005d
00bd00cf
0053004c
00d000c8
0083008d
005a0056
009a00c1
0057004d
00af00c0
009b010d
006f0079
010d00ee
007d008e
00a100a8
008f0099
00ea00f9
00720051
009200ad
005d0055
00c900be
00a9007c
00820077
00c500b7
005a005f
00e600b3
010800c1
0085007b
012e00f0
00700059
007e00a1
007a0083
013500e7
00560065
009e00dd
005c005e
00fe00b7
008a0083
00570066
00bd00be
005b0076
00b800c1
009800b7
007a0074
0088009f
00e700dd
0078005b
007a007f
0064009e
006b0061
00a00081
0091008e
0090007f
00bd00c2
006c0077
006e007d
006a006a
008d0083
006e0087
007f0073
01010100
009f0099
00c7009b
0091006a
00e30113
004d004b
00b000e3
005d0055
00af00d7
00760076
00630051
00ae00c2
00500054
00c000b3
00a200fa
006e0090
01080142
00920055
00d50097
0098009d
00eb00e9
00430053
00d800bb
0067006a
00bf00b8
007e006f
00620052
00c30093
0061006f
009800a9
00a900b1
006e009b
00f800c8
00750075
0068008b
008b0083
00ea00d3
00700060
008900c8
00670056
00b100aa
00870073
00620088
00b900bd
00650058
00c200af
00da00d3
00a3007a
011000c6
008700a0
007c00da
00810085
00d20101
006b0047
00c500e8
00700058
00c90093
00740082
00450060
00a70091
005e0061
00ca0098
00e3009d
00850077
00650076
00af00b1
006b0081
00780076
00bb0077
0070005b
0083006d
008d007a
007b006f
00b500b3
00560082
00b00081
006e0073
00720076
007b0082
008b009d
008200b9
00980087
0098006b
00b800a2
0095007e
005d0076
00ad0072
007d0072
009d0087
009d007d
008b007c
008700ab
005e0063
00930093
008d009f
008d0081
00d10109
00800084
00850096
006e0090
00d60103
006d0051
010100af
00790065
00d000ed
005400a0
004e0058
011700c5
00830050
00aa00c2
00b300d9
0071007d
01400149
0069007a
008a00d2
00630087
00b000bb
003c004a
00a700ba
005a0066
00ba00a0
0072007b
00610056
00810082
0076005a
00a100ce
00c700df
00970070
00fa010d
006c0059
00b100b7
00650086
00b200f1
00470045
00d000b7
0067005d
00da0113
0098007c
005c005d
00cd0099
00480066
00b800c5
00da00cf
00990087
00ed00f0
007b00a5
009900df
009200bb
00ba00bd
00600049
00a600de
005d006b
00c600c0
008600aa
005e004e
00de00b9
006c005b
00fa00b7
00ae0085
0085008f
012700a6
00860079
00dd0074
007a0089
009e00b3
00500052
011900af
006d006f
00c600b1
007c0091
0085005e
00c600c1
006a0073
009d00be
00c300c1
00660099
00f3011e
00690074
00960096
0072007a
00b900eb
005a0051
00bd00e8
0073004d
00d6011a
008200c0
00520076
009d00b8
00510056
008b0112
00e30101
0071006f
00d90127
008e006f
009900a7
00660085
00ed00c9
00510056
00e800e3
0067006b
00ae00da
00980092
005d004c
010000c7
0057005b
00d900c7
00d100e0
0097007e
00d90105
0083007e
00ae0092
007f0092
00db00b8
00580052
00bf00cb
00700071
00a500c5
0088009e
004d005e
00bb0088
009e0093
00c700b1
00dd00a1
008b008c
00aa0137
009700a9
009b0084
00e1008d
00bb00b2
004f0066
00a20099
0070006a
00bd00cb
00700095
00840079
00d500b5
009f006e
00f1007a
009a00c2
0085006f
008f00a5
0085009e
00af00a7
00a300a9
009600a9
00690077
00a60082
0087006a
00aa00c6
00840091
00870059
008d007f
006f007e
007600b8
00a6007c
00860060
00bf009e
00810095
008f0099
008100b9
00a00098
007e0060
009f00c8
008d0089
00770080
009000d5
0081009f
00a600b7
006b0056
00aa0082
00c000c6
007d006f
00ad008f
00960071
00a600cb
00a80092
009200c7
005a004b
008600b3
007300b2
00a800a7
00b10093
0081005f
00890093
007d0089
0095006a
00950099
0067006c
01090100
008b00d0
008e0092
0059007d
00a200d1
004a0049
00bd00b0
00510068
009500ba
0093008b
0059004e
00dd00a6
00660095
00c700fe
00a500a9
009b0058
011a010b
0076007d
009f00d7
006e0077
00c500ce
004e0044
00ea00d2
00620073
010500a6
00aa006b
004f004d
00d900b8
006d008b
00f300d8
00f90107
006d0087
00ae00f9
009600b9
00860089
00a10087
00980097
00690078
008f007b
0065007d
00cb00b3
008a00b0
006c006a
00c0008a
008a009a
009e007f
0087008c
0061007d
011900da
008f006b
00a8009e
008b0073
00e00125
003e0041
00b800ee
0064006d
009d0108
006b0089
006c0064
00df00f3
004b006a
00d900c8
010800a1
007a005d
0078008b
007d007d
0072005d
00880081
006f0099
006c0068
00820078
0077007f
00840074
009500c0
00650087
00660079
00890089
00810065
007e00b1
00800077
01010122
00860084
0071007c
009b0075
010100c7
0061006b
00b600d6
00730068
00be00a6
00730099
0064006a
009900ba
00650052
010800c6
00b000d6
009100a5
00ea0113
00590066
00a600b6
00660084
00d000b5
006d0062
00ca0108
006a005f
00c100a0
008c00ab
006c0067
00de00d8
00620072
00cf00ff
00c200b5
0049009e
01220135
0071006e
00af00b0
0087007d
009700d6
00500051
00a700d5
0075006d
00b800a7
00600078
0066007a
00d200db
0064006e
00ab00f5
00b100ef
00810062
0097008e
00900092
008e0067
00be009d
0093006a
0082007f
0074007b
00680081
00990081
009200b0
00820098
00980088
007a0081
00a1006f
00930065
0078009e
00f100fa
0067006e
008c009f
007e007f
00d200a0
005e005b
00db00b5
00610042
010800b9
007b006a
0063006b
009700ba
00820062
00d200b6
00c200fb
0083006d
01010182
007f004b
00a3007e
0074006a
011b00b3
005b004d
00aa00ee
005b0046
00e100ea
0093006a
005b0051
009a00b7
0056005b
010a00be
00c900d7
006f007b
012200f3
007a0072
00bd00b7
007200a1
010a00e8
0063005d
00d800ad
0053006a
010f0093
00860080
005b007d
0092008c
007a0063
00b200c0
00c200b9
008a0086
0123010b
00a10072
00a700cb
006b007d
012b00bb
0046004e
00d600af
00610052
00b700a7
0077007d
006f006e
009500a9
006e006a
00a30109
009f00b0
00570083
011700e3
0062005b
00cb00b2
00750071
00df00dd
004d0042
00ca00cd
005f006b
00fb00f1
009a007a
005a004f
00c300b0
0059007e
00f800d0
00bd00de
006b007e
00bf00ee
008a009e
00760080
00d200c9
00a000b6
00790098
00a3008f
0076007e
007700cb
009a007c
008f005d
00b60087
009b0063
007b00c2
007c0083
0075007e
0085007d
00b10098
0087008d
008f009a
008e0089
00710059
006d006e
0072008d
006d007e
009800aa
0081006a
007b0066
007a0063
008f0091
0077007f
00860064
01050107
008b0067
00e300e3
0075007f
010a00ca
0051004e
00b100bf
007a0058
00dd0095
006a0099
00540058
009b00aa
00710071
00bf00c8
00a7008f
00b90086
00cb0109
00660089
00b10082
00ae00ae
008e00e9
0043004a
009f00b6
0048005e
00d500b0
00830064
00740054
00be00b1
00600058
00ad00ca
00a800cd
00710091
010300e9
00710084
00b00087
0069007e
00d000d2
00500061
011200a2
00910071
009f00ed
0095007f
006d0065
00bf0092
005f0073
008900fb
00ab0107
00730088
0150012b
0078006b
010200ce
00850084
00cb00d1
004c0054
00c600b7
00640063
00c90121
00770084
0053005f
00a30097
00980054
00e80130
00fa00e6
007e0083
010f0130
0072006a
0087008b
00680081
00db00d8
006b006e
00d000e9
0062005b
00c200c5
00590087
0089005d
00cd00db
00510074
00b300b9
011a00c7
00720069
00d000e7
00980074
00e100ae
009e0091
00d200f8
00770073
00f300c6
00920079
008e00c5
0095008d
0055004a
00c000a3
00600053
00cd00ae
009100cd
00720075
0129010f
0097006e
00d000b9
00770097
00fa00e0
00370052
00ce00f2
0071005b
00cf00b9
008b0073
00570062
00ab00e0
00650050
00d500a8
00d900a5
0076006e
00c100e6
0073008a
00a9008a
009200a3
00b1008b
0055004b
00d600bb
006d006f
008800a3
006c00b7
00980063
009100a8
0088005d
008600c3
00a1009e
005f0071
010b012b
0066005a
008f00d7
00890067
00ed00e1
0063004d
00d200cf
00690063
00c500ca
006a0067
004b004f
00bb00ba
005f0088
00bf00ea
010000ae
0069006b
011800e8
00990062
00a7009b
007b0084
00e100d9
005d0051
00f700bb
00480063
00bb00da
00920063
005e005b
00ad009b
00570062
009a00e5
00c900d7
007a0054
00780091
009900c0
00a5008f
008b0076
00830079
00840086
00a00093
00aa00ff
00af0093
00b600ed
00d8009b
00a900c1
007a008f
007f006d
0066008d
007e0065
00c700fb
006e0089
0098009f
007e0093
010a009f
004e004c
00eb0096
00690069
00b30100
0063008a
0040006d
009500a3
00810076
00c800aa
00b100be
00a50088
00980090
007c0086
007b008e
00d200a5
00bb0083
00650086
00c300a3
0071006a
00b70082
008c009b
00ae009f
00d500a3
0091006b
0092009e
008e00ae
00a10070
00b80097
009600b3
006f0079
009800a0
00ca00a6
00720078
00850093
00850072
009600b9
00a300b1
00610072
00bd00bf
00710071
00c8007b
008700bb
0077006b
00f10120
006a0084
009a007d
0067007c
00bf00e7
0049005b
010100be
005a0050
00aa00c8
0073008b
0085004f
00ba00b7
006d0075
00e3009d
00cd00d1
0077007b
011d00db
007f008e
007c00b0
0072008c
00f0010b
004b0049
00b500b3
00890086
00d900c5
0095007e
0059007a
00df00a2
005d0068
00d300ca
00e500cd
00610085
00f60102
00870091
00cb00ba
0099006f
00a100e1
00590057
00bb00e1
005f0051
00a100be
006b007d
004e0037
00d000f0
0045006a
00c600be
00e800dd
005e0075
00d000f8
00820084
00a100cb
0075007d
00d300b2
00530047
00bf00b7
005d0073
008b00e8
0061007e
005d005b
00e900fb
0076006a
00da00c9
01130102
00ae0081
00fa0100
00720084
00c20098
007b008d
00e700c9
0051006d
00b600ca
00890058
00ea00ad
00860091
006a0059
00e800bb
0071006f
011700eb
00cd00a6
0088006d
011a013e
00890072
00870078
0073008e
00ba00cf
004f0047
00e500b7
00530078
00bd00a9
007700be
0064004c
010000ca
00670072
00b300aa
00d700fd
007d0066
010500f2
00720089
00c100bb
0072008f
00e000e8
00430055
008c00cd
005a0065
00da0086
00990085
00630048
00bd00c9
0063007b
00d900cd
00b800d3
007b0064
01000117
0072008e
00c200af
00670081
00e000c6
0055004e
00e30100
00460059
00bf00dd
00720076
005e003e
00fe009d
00680075
010100d8
00ca00ef
008d0085
011800f0
008f0067
007900ae
007f008b
00e20106
00610079
00f900c2
00600067
008a00d9
008f0076
005b0066
00ca009a
005b0056
00a60099
00b500ca
00850059
0155012b
00680089
00a8008f
00710077
00d100b0
006d005c
00a50123
0079005a
00ce00ba
00990067
00490055
009a00aa
0080008a
00da00ca
00b700d2
0069005e
00f900bf
0081007e
00c30085
0071006f
010800d6
004c0063
00e30117
0083006d
00db00c2
008e006c
005a006a
00e700ae
0063005b
00b700aa
00a600b1
00610062
00e500e6
008d0090
009600c6
00730089
00b600cd
00570059
01060129
00630057
00c900df
007e008e
00620041
00ae00e6
006e0079
00e000bd
00be00b6
00750084
00f100e5
0097006a
007a0089
00860071
00c80102
00740049
00b900f6
006e0052
00bd00ba
00750098
005a006b
00c700d1
007c006a
009300e2
00c100d0
00900088
00df00ad
007d00b9
00a9009b
009900a3
00ce00ad
00650065
00b500b0
00650068
00b200c2
00c700b0
007e007e
00ab00c6
0072008b
00aa00c1
00ba009e
009f007f
00f00129
006d00bf
00c600a9
00720086
00e800cf
005d0060
00d000d2
007d0081
00d2008a
006b007b
00560051
010d00aa
0057005b
008900c0
00c50098
008a0073
00fa00bd
00b50086
00b10079
00b7007e
00d900bb
004f0057
00b900cf
0062006d
009300c6
008d009a
0057006a
00a300b2
007b006c
00a900a5
00bd0099
0066007d
01390118
00810066
00a50099
0081009b
00c300be
0056005f
00b200e5
00590081
00d600af
008a0085
004e0056
00d300ab
0074005f
010300c9
00f600b2
009d006b
01230123
0076007c
00a300b5
0098007e
00da00f2
0061004b
00b800c8
004d005b
00c800af
00610087
004a004b
00d600bd
004e0053
00eb00c3
00f000ab
00570078
00ea010b
007e0067
008a007f
007c007c
00a100d2
00530040
00d800ef
0059007b
00a700b8
007d009b
0054004b
011000c2
00700050
00da00af
00cf00e7
00ba006f
00db00ea
00890080
00b500b8
00970088
011500db
0052004b
00a300cf
0072005d
00b100c5
00800085
00550058
00ad00c1
006e0062
00bd00a6
00b800c9
0062005e
01110115
0073006e
00a500a7
00770076
00ad00ae
00680073
00c300b6
00590063
00c900d8
008f008a
006b004f
00ce00d2
004d0067
00d900d0
00920105
00750058
00d70132
00a80077
008f00c9
00ba0086
00bf00ce
0040004b
00d700b9
005f0072
00d500a7
00790074
00670060
00ab00c6
008a0071
00c000d6
00b800c9
008f0061
007b008e
00b000ba
0081009b
00ba00d6
0067009d
005f0053
008000a9
008500be
00860086
00e300a8
007b009e
00820086
0072006e
00790098
007f0095
006f0067
00ef010b
00860086
00cf0086
007b0071
00c900c9
00700079
007900c6
00690062
009f00a0
00950092
007d005b
00c300ad
005f006c
011700cb
00c200c3
006f006c
00d70102
00700068
00a500b7
00a00096
00fd00dd
005d0059
00ff00e0
00760075
00c800b3
00840066
0062005a
00e1013e
005f006a
00c300a2
00d200ad
0072009f
0101011a
00870077
009f0095
009100af
00ef012e
00440045
00d900f0
006c007a
00a500c7
00bb0081
004d008e
00af0074
006a006d
00c0008f
009900a3
00a00081
00b2009a
0097008f
008a008a
00850090
0072008b
0057007f
0089008d
00a20088
00650089
00d900b0
00690087
00da008e
006d0082
00710066
007e0093
00850081
00c80106
00720071
00be0082
006b0098
00e00106
0056006f
00b500aa
00ad004b
00ad00b7
00930092
00690045
00ef00c1
0059005e
009500b2
00e200b8
00970071
013000fb
007e0057
00c10098
008b0092
00c800c9
00630053
00c500bf
00660086
00d300c8
0065007a
004d004e
00b50084
005e005f
00c300c6
00a70093
0095006a
009b00b7
009300c8
00920087
0083009a
009f00d2
004e007d
007f00a1
00a80090
0077009a
00b7006a
008a0068
009f00bb
007c008f
00ae00a5
007f00af
0073007a
008f0073
008700eb
00700082
008200aa
0079006f
006a0073
00a20076
007a007f
0096008d
00bf0096
00800056
00710077
006a005f
009f006d
00770073
006e00a1
01180119
007a004b
0095008d
00870077
00fa0109
00430043
00d500f0
00530072
011700d6
0071006b
00690062
00b000e0
00690069
012200f3
00ce00be
0056006c
01060102
007e005e
00bb00be
007c0081
00b300e2
005a0056
00eb010d
0057007a
00cb00ce
00610089
005a005d
00c900ba
007b0061
00da009d
009b009a
0092005c
010b00c8
006d0077
009d00d3
009900ab
00de00fa
005e0050
00e100c9
006e005e
00e000d9
00840098
006e005b
00a000a7
006a0055
008e00a5
00a600c8
008b007f
00ef0105
008e0066
008c00ba
008e0089
00e000e0
005e004d
00bb00d1
00860055
00a100a5
006a0098
006b0053
00b600b3
00690059
00ba00c0
00b500e3
007e0073
00c0009e
0099007f
006f0087
008900a0
009a00a0
007d007b
00850095
0088007f
00bb0098
0081007c
00660078
00ab00a8
006a0061
007e00ad
0089008a
00900087
00af009b
006b0089
00890090
00cf007a
009900d9
007a0077
007d00d5
00a3009a
009200b7
007800c1
006b00a0
0064007e
008b006a
00a600aa
008e00a3
007d0089
00fd0109
007a007f
0097008b
0061005d
00c700bb
00530057
00c100d1
008e0054
00d800bf
007b007d
005d0063
00d500cf
005f0065
00b800f2
00e200d1
006d008e
00ef00f5
0075009d
00b30087
00cb00a8
00c500a7
00450047
00f000a3
00610067
00a700c0
00a70069
00620056
00f10098
006f005d
00be00f2
00ae00b9
0077008b
00fd012b
0065008b
00810082
0084008d
010d00b9
00470054
00bd00d9
007d0091
00d800d1
006c00ab
00720061
00a000d7
00560062
007e00b9
00a000af
0083009f
00e500e0
008300a0
009b00b2
00c10096
00b300bd
004e006b
00970087
006b007b
00a600ad
00710092
005e0067
00a100ed
006a005b
00d200a9
00b20087
00870067
009700ca
009b008d
007400ab
008d00b5
00a60087
0069008b
00a100c3
007a0057
00c70087
00a000ab
006f009a
00c300a8
0090006a
00b800bd
00970077
00860085
00ba00e8
00a60095
007a008f
00b700a7
00ab0092
005d005e
00c700a6
00620079
00dd0093
007700aa
006a0085
009a00b1
00590067
00ae00a6
00bf00e0
00770079
013700c2
005f0064
00b100be
0097007b
00db00e5
0065005b
00b700c8
005b004f
0108009a
0071006f
0042004d
00a20099
005d008d
00c300c2
011a011f
0099006c
010100ff
00860067
008600a6
009b007e
00c900b8
005c005d
00be00c3
004e0049
00a100e0
00b600a6
00760050
009600a1
00560075
00d000b0
00b300ee
008a0086
00b700da
007c007e
009f0099
009b00b6
00c10103
005a0066
0096008d
00760051
00ad00aa
00c5007c
00570065
00c800b9
0079005c
009d00df
00b200ba
007c0073
00f700c9
00970086
0081009d
00cb008b
010200aa
0086005a
00b500d0
008d008f
00cd00c7
0076006f
006c0075
00b300ca
006000a7
00c100c7
00ab00d6
007b00b9
00d20111
00710072
00a8009b
0076006c
00e800e9
004a003c
00bb009e
0076006a
00aa00ed
00810088
005f0062
00bb0091
007a0069
010b00a7
009900ab
00770082
01130135
004f006f
00cf009a
00550060
00ee0142
00520042
00e000ba
0058006b
00d8009f
00b5005d
00410043
00d300d9
0077006a
00ef00f0
00f800bb
00ab0067
014200e8
00c20070
00a3008a
00a20089
011600c5
0041004e
00e200eb
006f007c
009f00dd
006400b5
004f005c
00c5012e
006c0064
00ce00f8
012000d5
00730066
012900f9
005f0062
00a100b5
0065008a
00de00b5
00540063
00ca0123
0076008e
00d200e5
00820072
00840051
010d00ca
00870061
00c300cb
00ba0091
006d0086
00a300e8
00710079
009600ba
00a9009a
00d500bb
00570056
00c6009a
0067006d
00f300b2
00820077
006c0069
009200a5
0069008a
009700a6
00a90092
00590069
009a009b
0079008e
00760083
00b100b8
00960085
00920084
008f0087
007e0066
00760074
009900bb
009f00a6
00ba0083
006e007e
00760079
00aa0085
00a10074
00ff0111
005d0063
008b0097
008a006f
00b80112
004e006d
00b800e2
006a0071
00eb009d
00950081
005e0051
00ba00bd
0062006f
00bd00a0
00be00b0
0067005e
018b00ea
00630075
009d00be
006100a8
010600e7
005d003c
00c700d2
005b0056
00b100e9
006c0075
00520056
00ad00eb
005e0072
00f600d2
00b600ef
00640072
0086009d
00a6009b
00a1008d
00c000bd
00980098
007e0055
007e0097
00870063
0089009a
009700a6
00790075
00860080
004f0066
008d0082
008200ad
00910095
00d500d5
0066009a
00d600cb
00aa0085
00f3009e
0075003b
00d00097
00550071
00a200c9
009700a1
004f008a
00bd00a5
0074005f
00d000c0
009300c0
0063006e
011a0113
00610072
00be00d3
0066007b
00be00c0
0045003f
00b600ba
00520071
009d00f3
0072008b
00440079
010200e8
006a0067
00e000a3
00c700f0
00730081
010f00df
00840083
009600a2
00860087
00ca00d2
0066004e
00b000af
00710056
00a600d0
00920061
005f005b
009700d7
006f0064
00b200a1
00d100c0
008b009f
00fb00df
0086007d
008000b3
00a00082
00f90101
004e0050
00d200b9
0056005e
00c100a3
006f00b2
005c0066
00c500b0
006a005d
011e00b6
00ab00b0
005b0096
00ad015b
007e007e
00bd0085
00920098
00d100ab
00540045
00b700cd
00830070
00f700b5
0097007f
006d006a
009d007e
0054005b
008a00b3
009f0098
0075007e
00c800d9
0085007d
00cf00c3
00910090
00d100df
005b004f
00d700bd
00550079
00f200b5
007f0087
00490069
008900c5
0079005e
011600d3
00ee00e2
005a0078
00b10096
007c008a
009a00b2
00bb00ad
00980083
007e007b
0093008f
006d0063
008f0087
009b00b0
006900b0
008c0087
0069007e
006d0091
009500a5
009d006e
00f100d9
00980086
00a0008a
00980075
009d00af
00570067
00b600d6
0078007f
00f00090
008d007d
006e004a
00d500bb
00820079
00c600c5
00ae00cf
007e0078
01100115
006a0076
008e00aa
00760092
00ca00fe
00580046
011100c6
00610063
00cd00ab
0073006e
005c006b
009300d0
006d0066
00fa00ed
00c800a5
0079007e
00ed0103
006e007f
00b900a8
007c0093
00d000ce
0049003d
00d000c9
00660086
00b700d5
00670073
005b003f
00b200d0
00580061
00be00d6
009a00d5
0080006d
00e700e2
00870095
009d00c1
005b0091
00b600b1
0051004a
00b700c3
00630081
00b300b2
007d007e
00630057
00c100ab
007e0065
00a1009b
00c800c5
007b0076
011a010e
007a0088
009200bf
007f0099
00e200b6
0047004d
00de0106
0072006d
00b300c7
00720092
00520041
00eb00aa
007a0052
00ff008f
00a200c5
008b0071
00d900e1
00800086
0093006e
007f00c0
00b000e8
00690042
00c900a2
008f007f
010700a9
008a008c
005a0059
00b300be
005e0086
009f00be
009900ef
008f0061
01290113
007d0080
00d60084
00930067
00de00b2
004b0050
00b900cd
00770067
00a600b8
00af0076
00850076
00f100a8
005c0081
00b1009d
00dd00be
007d0092
012200fd
006e0077
00a300b1
008c0075
00eb00b0
005f0052
00cf00de
005e0051
00c100c9
0089008b
00560055
00c800d7
00670045
00ce00ae
00fa009e
006e0072
00fd00ff
00770076
00b800c7
008c00a1
00c200c7
0055004e
00cd00ba
00820073
00bd00a8
007b0097
00710069
00980093
0082006d
01130096
00c700b3
007e0074
00b000df
0093006f
00fd00c0
007a00ae
00d50095
0075005a
010000c8
00820074
00c600ca
00920093
007f0059
009300d5
007d0067
00cd007f
00df00fe
006d0087
00e500d9
00720069
008a00a3
00a6008d
00e700bf
005a005d
00b600c1
0069008e
00d900b8
00760091
0057005e
00cf00a7
006d0092
00de00cf
00b200a3
00590081
00e300d8
008a007a
007d009a
0080009f
00e100cb
0072005f
00ad009e
00870065
009000a1
008e00cd
0079007d
00910096
006d004e
009f00b0
00c5008f
00730072
00ad0075
00810091
008a00a7
008500de
00b000b8
0053006a
008d009e
00960065
00d300bf
00a00092
008e008d
00a00080
0061006f
00a8009b
00a600a6
00720085
00e1011b
0079006d
00a600c1
005d0062
00ee010f
00550052
00b800d5
005d0071
00b100d3
0079006e
0058005d
008f00de
00470065
011200e6
00bd00d3
00870077
00c900e8
007d007c
009e009d
008d0091
00b900af
0062004c
009900f9
005f006a
00cb00d7
005e0082
00640059
00ad00a3
00750055
00c6009a
00b800aa
006e0079
012e010e
00540070
00a200c2
00610080
00ba014e
004b0068
00de009e
00560075
00bb00b8
007a0087
0067005b
00db00e5
00750063
00d100f8
011d00fb
007f0078
00c9009b
007b00a3
009100b8
00be00a1
009900ad
00620048
00b300b1
007f006d
00a000bf
00790093
00570074
00a600c6
0077007d
009d008d
00d300ad
00830076
00ee00e7
006b006d
0098008a
0066007e
00d700c5
00550083
00c300af
007e0059
00bb00ef
00a3007a
004a006d
00be00a5
006d0057
00bf00bf
011a0105
00920093
01110122
00690086
00a3007e
008f0083
00ae00cb
004d003d
00bb00c6
007b00a2
011f00b8
00a3007b
005a0056
0092009a
0075008b
00b600a7
00ce00b2
006a0099
014200cd
00730097
00a900c9
007f009b
00ad00da
005c0059
010600a6
00560076
00b200b8
00590077
00670067
00cf00d1
007f005c
00ed00b8
00c100e9
005d0073
00a80097
006f0096
00800081
00bd00ad
00ad00ed
0060007b
008a0095
0066007a
00c700a6
008c0091
008a008d
008e009d
0071006f
0088009d
009700fe
007a0069
011300de
006d0081
009b0095
0079008d
009600ad
004f0059
00c500c9
006d0065
00c700d6
00870078
005f004d
009500e1
0052006e
00d700c2
00ca00cb
005e0081
017700a9
007a006c
008500d5
006e0069
00c800a0
00450047
00cf00ad
0064007b
00b100da
00750089
00560057
008700be
00610055
00bb00ab
009a00b5
00650066
00e300fa
0090007a
008a006e
007d00b1
00b300a0
004d0051
00a30090
00610056
00f300b6
007300ee
0052009b
009f009e
005b0055
00c600b1
00cf00c3
009b007b
00df00fb
0083006a
008600b2
00700085
012e00b1
0056006c
00c500dd
007b005a
00ed00e0
006f006e
00660044
00a300ad
0057005d
013200b2
010f0112
007e007a
00d200f0
0080008a
007500ba
00660099
00c500b5
005c0071
008500fd
00750076
00ed009b
00800080
00490048
00dd00d5
00810065
00d100ba
00b900c2
0079007a
012e00d8
007f0099
009700ae
006a0085
00ae00b3
00710072
00b200dd
006a005a
00a700db
006200c0
00560059
00a200c2
00990066
00be00a9
00b800d5
00560057
007c00b9
00500063
00ba006f
00af006f
009d007f
00be00a8
008f0077
00590072
0074008a
00740087
00860075
0097008e
00b50113
005d0069
006b00a1
00ab0081
0095007a
009700b3
00890088
00b1009b
00b20093
0071005f
00b000c3
005b008d
00b20096
00a000a8
0063008f
00890086
0076005e
00770076
007a0099
009100a2
012e011f
0074007b
00c900d5
0065007d
00d100e1
0056006c
00cb00c1
0055007d
00ca00b3
00820089
004d005c
011500c6
00690067
00d000d0
00c000c0
00860079
00f900e6
00690074
007700f8
0078005b
00c800f1
0041004d
00d100c7
00630057
00d300af
007c0075
00870053
00be00af
0056006f
00d200d5
00ee00b9
00610068
00ea00ee
006b0076
007d0086
006d008e
00cb00ed
005e005f
01160092
00770062
00de0095
0075008e
005a0055
00a00103
0071006b
00cb0099
00aa00c2
00970084
014e00f6
008b00a7
009a0097
0090008d
00b000db
00720058
00b500a9
0067006d
00b0009f
007f00a7
008a007b
00fd00ce
00770084
00fd00bf
00c500bd
00890052
007d006f
00910077
00840087
008300a2
007000b6
00610083
007d0073
00690077
00a90097
009b009f
006e00bd
0087008f
00b80065
0086007a
0095009f
00a60062
00ad00f3
006b0076
006e0087
007f0075
00b800ef
00510066
00c000b7
0086006f
00b5008f
008d00ad
006e0052
00b300aa
005e007e
00e30092
00a300b3
00750064
00d600e1
005f0072
007f00b1
008a007b
00cd00d2
004b0063
00d100e8
004f0051
00bd00e2
00810066
0045005b
009000ba
00520058
00b200b7
00cf00c5
007a0071
00d50102
0083006b
00b50083
009100a5
00c300db
00480054
00c10096
008c0079
011500eb
0084007c
00680057
00ad00b7
0069005d
00a200db
010800d8
006e0079
01250102
00860066
00b9008d
009a0087
00d000ba
005e006d
012900b2
0055005a
00b800b5
007f0087
00730052
00c800a6
00740065
00cb00ba
00d200d7
00a90087
00e200a3
008a0081
00890082
0092008a
00b600de
00600045
00da00ca
00860069
00a60096
00aa0086
00520066
00cb00df
00750070
00a200a0
00ab00da
007a0055
00ea00c0
006b00a5
0116008c
00ab006b
009d00b0
006f0052
00af00e8
00670069
00b900c2
0096008f
005a0074
00b700a8
00890063
00a8009b
00a800bd
0070008f
00a200e3
007800bd
008300b2
008e0087
00a300cb
0060005c
00e500ae
005b005f
009900c3
009e00c6
006c00a3
00b900ef
006e0062
00950098
00b300b7
0092007c
00980091
00890092
009300ab
008b00d3
007d006e
00560059
00aa00a7
007b006d
00d0008f
008e00ab
008a0058
0092009a
00a10071
009e00a9
010300a3
006d0071
011200ba
007100aa
00eb006d
00af009e
00da00ce
00490049
00ab00b2
005b005f
00e300c1
0087009b
0073005a
0098011a
0063005b
009800b1
00af00e8
00960076
009f00aa
00bf007b
00c700a7
00a70095
00a1007d
00530059
00b60092
00710095
007e008c
009f00b2
007700a0
00b60075
006f00a1
00820085
008e0097
00910070
00cf00df
0067005d
008d00ad
008d009b
00ed00db
004d0054
00e500d0
00560077
010f00fd
009b007f
00560052
00d800d9
0055005e
00d800be
010700ee
00760082
00970077
007c00a6
00720098
009b00a2
00b1008f
00540071
00850097
00930060
007d006f
009b00cf
008800a0
006c008e
00980089
00730097
00a1007b
00760071
01070130
008b0069
00a300b6
0082007f
00c200be
00550051
012500c0
00630065
00c800de
0091009b
005e0065
00c100c6
00640054
0101011d
00db00cf
008b0079
00be00cd
007d0067
00950071
008a009d
00d900e0
0067004a
00d800ee
00650078
00ca00c7
00970073
00710045
00e60097
007d0062
00ae00d7
00cd00ed
00970067
00f200ab
0099008f
0086007a
0092008d
009a008f
00760071
00b3008b
00860082
00df00b8
00a10086
006d00a2
007700aa
006e007a
008e007e
009900a2
00810074
0098008d
009100ae
00830067
00ab007d
007e0092
004f006b
00a700a7
00b80073
00d900a2
00ce00b0
00aa00b8
007900b9
00830062
00820084
00a80078
00650069
00e60113
0075006c
007700d1
0084007d
00f000b0
00490065
00cb00b8
0062005a
00d500a7
006c0059
004f0056
00af00af
007d0052
00d0008d
00d600eb
00800067
00a100a7
00b700a5
007e00b3
00c900c5
009300e6
006e006d
008f00ae
00710059
00c900eb
006900ad
005f005d
00c000a6
006d0061
00b000a5
00a500a9
006b008f
009a00b7
00a60088
007a0093
008400a6
00c900b0
008e0059
00a10092
00890079
009a00af
007c008a
008e0059
00c100d8
00ae0077
008a00ae
009900ba
00690075
00ca00de
007a0087
008600c5
00b60082
00cb00c2
006e0075
009a00eb
00810070
00c500f5
0075009f
00960067
00ba009b
00800074
00d900a1
00db00ee
0076007d
010100fa
0071007e
008c00ca
00740053
011600b1
0068005a
00c90105
00560066
00b300e5
00780089
00530050
00e100d8
00750082
010600cb
00b000b1
0098008e
00a000a1
00860095
00a00070
00b200be
00a100f0
0071004c
00a50083
00970077
008f009e
00b800a0
00920057
00960083
0056005d
008100ab
006a007e
007d006b
00db00e6
00af00b8
0095006d
009a009a
00bb00b7
00690071
008700a3
0072009f
009800a1
00810091
006c00a3
00d800ae
006700b6
009100b3
009e00b8
007e009d
00ba00b9
009f00e7
00ba0079
009d0083
00af00ae
003f0055
00aa008a
0061006f
00d300a3
0098008e
0066005a
00b000aa
00710097
008a009b
00a500b9
008d006d
011d0177
008a0072
00b000a6
00720071
010100b2
0054005d
00ce0091
00620077
00c800c7
007b0080
00420061
00bb00b5
004b0079
00cb00a9
010b00df
007c0081
00bb0117
00ad009a
009500a1
008a008a
00e700a6
007a005c
00e900c3
00750079
00d20090
0075008b
00670062
009f0097
00820096
00860091
00a700e6
007a0096
015200c9
0075008e
008f00a6
009a0089
00b000b7
007e0063
00b5009e
00790095
00c300c7
007c00a8
006b0066
009800d9
0062005d
00bb00c8
00bf00b9
00990060
00f70120
00680065
00b10076
007f0083
00e900ba
006f003d
00c200b8
0060005f
00db00cb
006c0071
004f0066
0121008b
00540074
00d900d6
00ae00b6
008a00a2
00a200a7
00c10099
008b0083
0081009d
00af00ad
00630091
00830087
008e006d
009f008d
00b700d7
0077007d
007e00a8
0073006c
0092006d
00930072
00840084
012e0123
0077007c
007e0093
008b007f
00ce00cb
00670046
00f100d5
0062005f
00c6009b
00850071
00600069
00de00a0
007e005b
00a30107
00b000e9
00a60091
00b000de
00840085
00c300a2
007e00af
007a009e
0048004a
00b900c1
00610049
00a50108
0079008f
0054006f
00a200c1
00730078
00b50097
00d0008e
00700076
00dd00bb
008a0092
00a500a7
00960091
00fb00a7
005a004d
009a00c6
007b0071
00c6009f
00760090
005c0062
00a3009d
006f0066
00b100a6
009e00de
00690079
0099006e
00a800bb
00a70072
009500b5
00b20092
004d0049
006b0095
00690072
0088006e
00bf00a3
00830072
008b0076
00770061
006a005e
00960073
00560099
00c900da
005f0066
00a80081
007f0081
010200ae
0085005d
009500aa
00910052
00a200b5
006f0073
00530071
00c300c7
0068008a
00e500a2
00f100cd
00a30079
00bd00d9
0086007e
00b50089
0066008f
00c700bd
00a3005e
00c500a5
005c0086
00d0009d
00790066
00630065
00d000a6
005f008f
00bb00e7
009b00ab
00720093
012700d9
00b80082
009700d7
007b00a5
010100a6
00530059
00c3010f
008e007a
00af00c0
00bd0092
0059008c
00ca00e3
00720072
007e00cd
00d20096
00690069
00e60086
0074009a
007c0073
00870097
008200c7
00640064
008900eb
0092007d
00af008f
0071007e
007e0067
008f0092
007c0061
00c200a3
00bf00b2
00740071
011700c0
00730079
00a300bf
006d005a
00a800c1
004a005d
00cd00a8
00550066
00b9009a
00920085
00590053
00be00bd
004a0065
00b300c6
00b100e3
0076004f
011b00df
00620084
00c70083
00920088
00ed00be
00560083
009700de
0073009a
00e200b3
00a60099
0055005d
009900b3
005f0069
00b200ed
00a700b2
0088007b
009300a8
00970085
00960089
008900a0
00ab00a3
00620062
007a00c2
00670070
008e0096
008f007d
007f00a5
009600b9
00650066
009b0084
00a5009d
00810073
00bf0093
008a007f
00710091
00890086
00980088
005d0047
00c100a8
00660092
00a80083
00a900a7
0075007b
00aa0083
00620079
009600b3
00910086
0075006e
010600fe
008c008e
00de009d
0099006c
010900bd
00580049
00fa00ae
00670089
00d700a6
009600b7
005b006a
009900b1
0062005a
00c100fb
009800bd
006b0096
00cd00c2
00b200df
008300d2
008d0085
0082008b
007d007c
00b7009a
007e00c2
00a600b3
00aa009d
005b007f
00b800aa
005e007d
00990083
00890075
00710070
00ae00e9
0087008e
008a0081
0099009e
006e00a0
0047005b
008d006d
0074006a
00b900ca
007300c9
006e006f
008d0088
00830072
0090008e
00820086
007f0086
00a500b9
0095007e
0076007b
00aa00bd
00c200c9
004e005a
00ba0093
005f0076
00c80086
0085009d
006c0059
009700af
00750082
00850092
00a000ba
008b00b9
008f00c6
00ce0087
008b0075
00da0089
008b008e
004f0083
00930091
0078007d
008500c1
00d20096
007a0084
0088008e
007f0062
0099006a
009d00bb
0072008f
00c900ba
00950099
007f0097
00c10098
00e8009e
00610067
008300c6
007d006a
00b9009e
00930080
007b0096
009300b1
00a6006b
008300ae
00a30086
00b10083
00ed00e0
00b8007e
009f0083
00860061
00c700c7
004b0069
00c100d7
005f0087
008d00b9
00a10095
0065005e
00c70096
0075009e
00a000a7
00d800c6
0080006b
009800b9
00e70092
0087007a
00bb009e
007f009b
004e0070
0089009b
009f007f
008e0098
008a0097
00890076
007f0082
0062007f
00a300a0
00a0008e
00730074
00ce00e0
0085007a
00740091
008f0087
011600d9
0057004b
00d60129
0085006b
00c800a9
006b007b
00640055
00930096
00650079
00cb00cd
008e0102
0085006f
010700e8
00a300a5
008a00b2
00970083
00c100e6
003b0057
00ce00d1
00620052
00be0093
007c0068
0049004f
00be00db
006b0072
00d600b6
00c900ff
00810065
00fa0119
006e0085
00a900c6
0098007e
00e00109
0056005a
00b900e5
0065005c
00c800a2
00690089
00530051
00bb00e7
0072005b
00c300db
00d900ad
00950083
00d200d5
00a1007a
00a700b9
00720093
00ea00b6
00630042
00da0092
00800071
00c600b3
009e009d
004e006b
00df008e
00750066
00a100aa
00e900b6
00660083
013200c5
0092008b
00ba00a3
008e008f
00c500ba
004d0057
009300a0
0081006b
00c8009d
009e0095
00560061
008b00b9
006d007f
00a100ae
009f00e8
0073009f
00b50079
007e0087
007b00a6
008d0098
008900de
00750062
00880087
00810087
007800b1
008b00aa
00610072
00a70088
00840062
00710082
008a009a
00660083
00c900ba
008e00a9
006d0082
00a8009a
009d00c9
00720057
00b0009a
00610065
00c60096
0079006a
007c0070
00b800bf
006c0065
00860093
00930093
008700b8
00e000fb
00c60095
008a00ab
00760099
00da00a0
006e005f
008f00fa
00630075
00b600c8
006d006e
006b007d
00a5009d
0090007f
00af00c5
00b100a5
00710069
00ad00a9
00a600a5
008200a6
00890091
00ce00db
0076005e
009100b2
00ab0084
008d007a
008900a3
007f0076
00b000ca
00860073
0084008b
00b70085
008a006a
00f500db
00910082
00d50089
007a00a1
00da008f
00720078
00a300c5
00850083
009100a5
0084006a
00620047
00fa00d0
0075005c
00b10095
00b500a3
00670061
00c300c2
00a2008d
006900bf
009a0087
00b8008f
00630060
00f200d1
0085005b
00c200c7
00a0008e
00720065
00a000db
0069007d
00a300d1
00b900bd
006b007f
010000c9
00950092
0085006e
00a700c9
009300d7
00630051
00d300a7
007a0061
00ad00a5
00870072
006b006a
00c8009f
005f0071
00c200bf
00e500b6
009b009a
010f00ea
00830095
00760086
0076008e
00b800f5
00640063
009e00c9
0061007c
00ae00b8
00710069
00640063
00bb00b7
005d006c
00860096
00a2009a
00a50083
009200a0
008d00d8
009300a3
00a300ba
007f0065
004f005c
00850082
008e0076
0081007a
009e00a0
00890088
00810097
007f00a6
00850080
00830069
007d009a
00c500f2
007100a6
00b900a9
00cf009b
00d500d5
003c0059
00db0106
00690061
00b60099
00a100a8
0066007f
00ab00c5
00710060
00b300df
010600a5
007d0085
00ca010a
00720087
00a200a9
0069006e
012500e8
003f004d
00b600a3
00690079
00cb00b3
006e00ab
00800051
00c100b2
005b0060
00bf00dd
00b000db
00a30070
00ce0117
007d007b
008500d5
008a00d1
00a500e9
005a0062
009b0092
007a00a7
00b600b2
009300a9
00670057
009e00e6
00620075
00d500b9
00aa00d2
00b9009a
010700df
00f20078
009d00c2
00890087
00d900be
0074006b
010900ce
006e005e
00a0008f
00c30085
0089005d
00bf0095
007d0097
0092006f
0087009b
005b0078
017700ff
006a0096
00a7008d
008800ad
00b000ae
004b0056
00d600ba
006f007b
009b00e0
00980090
00650063
00e500a5
00580078
00a000cd
00cb00b3
00690072
00ba00ae
00ab006b
008200a2
00980098
00bd00bf
006c004b
009600a0
008a008b
008f009f
00900089
00660059
00ed009b
006b0066
00a70088
00c80099
008a0070
009500b8
00c20073
00a60076
00ae00ab
008f007e
0055004d
00a20095
0064007e
00a2008a
0086009e
007f0071
00a2008a
005b0086
00b20089
00880083
007f0079
00bd00ad
008f0087
007900a2
00a3008f
00bf009e
005f0057
009600b7
009900a0
008600cf
008d0083
007d0082
00960075
00720076
00a6008d
006c0076
0085006c
00f30106
0073008a
00920080
00860093
00c100d6
00750046
00c200bd
005e004b
00ab0095
0071006d
0057006c
00d500ba
005f0072
010f00bf
00fa00d5
007f0078
00a70095
009e009b
0087008d
008b0095
00ab00bb
005b005f
008300d7
006b009a
00d200b9
007100a1
007a0075
007a00b2
008a006f
00b5007e
007200b6
0078009d
009500a9
009e0087
00850082
008e00a9
010a00c2
004c005f
00a70096
006b0065
00d500c0
00ba00b5
00960089
009d0097
0061007b
00aa00a1
00be00b5
00550070
00ab00ff
007b0098
00ab00cb
009300aa
009f00d7
003a007f
00be00e0
00630056
00bd00d3
006e0083
005a005c
00f900b7
005d0075
00a800a3
00ca00e0
007f007e
00d300c1
00740090
0084008f
00b300b0
00af00b5
0062004d
009700f2
008e0072
00b7009e
00960081
006b006f
00c000be
0071007c
00920095
010500ca
00700065
011d00c6
007d007f
00ce0078
00950075
00aa00c0
0066004b
00d100c5
00590065
00a500b9
0079008d
005e0059
00c000cd
006d0053
00da00bb
011200a1
007500aa
00ef0118
005e0091
009100cb
0070006d
00a300ce
005a0050
00c700c3
00570066
00cb00d5
00860087
004d005d
00ae00df
00660053
00ef00dd
00b900c1
00700099
00b20103
00ad0098
00b10081
00850093
00be0095
0071005e
009f00d0
00720069
00a20076
00a60071
006d0069
00b2009b
007b0069
0079008c
00d6007d
00660070
00c000ce
00710083
007c007c
008d009f
00b000c5
005e0076
008a008c
00570066
00b0009a
009e0076
00760076
00bb009b
00850066
008a00ce
009300b5
009d0085
009100c3
00ab008b
0097005f
00a100b6
00780096
0098008d
00870099
00a00075
008a009f
00ba00a3
0092007c
00ae00c2
005f0093
006b0086
0083007e
00860076
00bb00e7
00950073
00a1009e
0082006e
009900e9
004b0067
00d60084
00a70069
009a00b2
007f006d
00660067
00db0087
00620073
00bb00bd
008b0116
00810075
00890082
009900b9
0089009a
009d00aa
0095009d
0073004f
009e0097
006d0071
00840060
00a900a5
007a008c
009b00c8
005c0061
008a006b
006d0077
0077007b
00d500c1
0097007a
00d90097
008b00be
00c200c0
00870059
00ae00b1
007b006e
00b700be
0085008f
00750065
00c000d2
00880084
00be009b
008700bf
006d00a8
00f300ea
009b0076
00980099
006700b9
00d600ed
00570045
00c100bd
007a0062
00b700cf
00730076
0067005c
00ae00b9
00690082
00bb00d5
00d600e0
00720059
00d700cf
0069008f
00930079
009e008e
00c90091
00520057
00ba00e3
00790083
00bb0098
009700ad
007a0070
00e60097
006b0066
00a7008d
00cb00aa
009f0068
00bd0096
00ae0087
006b0092
00b7008e
00a600b5
006f0074
0099007a
008e006f
008d00b2
008e0089
006a006e
008d0098
0070006d
006700c9
00b1009e
0092006e
014000de
0087007b
00b200b8
009d00a0
00f600d8
005f0045
012200b9
008f00a7
009300ba
00680066
005e0060
008e010d
006e008b
00b900c5
00ad00bd
00870063
00ee00cd
00960081
008500a9
007e0077
00a100d7
00670073
011a00be
006f006e
00b900b8
0082008f
006d0077
00cd008e
006b006f
00ce00d8
00a700c0
00ab008f
00a500b7
009a00a1
00a6007e
006600ed
009900b3
006f0061
00a10089
007e0089
00b7007d
0095009a
006d0075
007b00c8
00630065
009100a7
00a30097
00710066
00a90105
008a0088
00b000ca
0064006b
00da009e
0045005a
00c900c5
005f0079
00b000fe
0091006f
005d0054
00a300a2
006a006d
00cf00aa
00a000cd
00790087
00d500f3
00890087
0092008b
00a00089
00c900e1
0067005b
00a200d1
004f006a
00bf008c
00a00069
00530078
008e00b8
00660067
00c9008a
008200bd
006f0075
00e000e1
007c0081
0085008f
008a0088
00a300eb
00500051
00cb0099
00790092
00d900db
00b500c2
0062004f
009f0093
00760081
00b800e5
009b00b1
00610083
0091007e
00b700b6
0077007e
00b2009d
008d008b
005b0063
009e009d
0077008a
008b00a0
009a00ab
007c00b2
007e0068
00890074
00ad00a0
00750097
0060008d
00f800ef
00ad0071
009f0096
0079007d
010b011b
0050005e
00ad00e9
005d005b
00d10105
00860079
003f004e
00b300cb
004c0070
00cf00bd
00cb00a9
006b0057
00cb0093
00a900a7
00ab00b3
007f009d
00bb0098
0056007c
00ae00ae
00550069
009100aa
00a8008e
00810069
00c00086
00710075
00b0007f
008a007e
0076006d
00e300c7
008f0075
00c700a3
0087008a
00d500a7
003e005a
00c500e2
005a0067
00e600ad
008b0069
0052007f
008600ca
00730073
009100e7
00ca00d9
007f0069
00f90122
00960066
00b600a6
00a90076
00e700bf
005c0052
00c700c3
00800060
00a700f6
0081009a
005f009b
00c6008d
00630058
00dd00d6
009a009a
0087008b
00b600c5
00bf009b
009000a9
008e007e
00c000a5
004e005f
00b7007f
0061008a
009300a2
00920081
009a0095
00c200a5
007a006e
0090007d
008f007b
007d0099
009500d5
0096008a
00770095
008b0076
011800cb
0076005d
008700b5
0092007a
00de00b0
00be0072
00850085
00e500ba
0077006f
008b0087
00b10098
00930097
009700cb
00b100ed
00c500a2
00ae00cb
007100d8
004d0075
00820099
005a007a
009300c7
00ab00c1
008b004f
007e00b1
008e0064
0078007d
008a0082
0084008a
00cf00d6
007f007f
009f00b6
00b3006a
00aa00ee
00580061
00a300cb
006b008b
00bb00ad
008700be
00720061
009f00eb
006d0059
00c300b5
00d300b3
00850098
00d100c3
00840089
00880098
008b006b
00cd0101
004b005b
009100a0
0081008f
00a700a1
00bd0077
0062008d
00b900af
008e007b
00c100b1
008700a3
0072009d
00ae00c1
00990087
00830081
009900b6
00a500b1
004e007a
00b300ad
0069008b
00790093
00c10086
0058005f
00be00b8
008f005e
00af0081
00df00c1
00560081
00ef00d1
007a0077
006f0084
007d0085
010000a6
00510070
00d900c3
00710079
009e00c2
00930064
0069004b
00ca00d0
005e005b
00b00091
00af00b1
00900068
00d200d5
007500a5
0092009a
008f00b6
00d900c9
006f0036
00b100a5
0059009d
00b2008b
00ca009a
006f007b
00b100d7
007c0073
009700b8
00b1009f
00570055
00c30129
00950076
00950087
007b0099
010700fa
005d0079
00dd009b
005d0059
009d00c5
00850080
00700056
009f00cb
00630090
00cf00ee
00c500b2
0078006d
00f700ee
007e008a
010300a7
008300a0
00b700c2
00450049
00eb00b5
008a005e
00b100a7
008b0060
005b006a
00a200c9
007d0085
00ae00a3
009a00ca
006a006e
00f600be
006a00b0
008700c5
007f0088
00b200b9
00560061
009b007d
00660071
008b00aa
008400c3
0069007f
009f0092
0075007e
007900a2
00bf008d
0090008e
007100a3
008a009f
00820099
008f00a2
00970088
00590079
009f007f
007a0066
0089006b
009500b0
00a0008a
00860083
0081006d
00970087
008300a1
00750089
0093009a
00a70083
00720096
00880098
0096009b
00810064
0088006d
00810098
007700ab
00ab0085
00650085
009d0096
0062006f
009200bb
00b500a7
0071006f
00f500de
008e0085
009f0087
00b20089
00cd00b0
004a006e
00cf00b6
00710069
00d200d0
0091008e
00630077
00d800c0
00660069
009f00d3
00ae00aa
00850091
009e009a
009e0087
00750080
007d0085
00970095
006b005d
009b00b3
008700a6
008700b7
00be00ab
006a0066
00c200a1
00980080
00890084
00be0092
00b10061
00fa00ea
0075007b
00aa0092
00730071
00b700cb
003a006d
00c000ab
0084006f
00b600b2
007a0073
004f0073
00a300eb
005f006f
00d100ed
00a700d7
0085008a
00820099
008f0096
00a50072
00a0008c
00dd0077
00750058
00a500df
0093006d
009500ab
00be00a7
007d0077
00ed00a2
00690067
0096007e
00730079
005e007d
011500cb
00670062
00b200a2
007f0077
012e0132
003e006d
00db00ab
006f0059
00b300f7
00770085
00580058
00fb0091
00750067
00c100e0
00a600a5
00860064
00bf00a0
0090007f
00b60076
00a2008d
00ae00f8
005d006a
00a6008b
006f006d
00bb00cb
0092007a
00690065
008e00aa
00b7006c
008b009a
00b90098
00990075
00b700b6
008e00a6
0086007e
008a007a
00ad00d6
00620065
00970087
00930067
00d00089
007f0089
0063008d
00b500b8
0070006b
008f008c
00b300a8
006b0077
00f200ca
00750095
00b000cd
009500b3
00d100e1
00560042
00c30098
006b0075
014000ab
007f00ad
007e006c
00a30092
0065007e
00a80086
00dd00ae
005b0071
010a00cf
006b007f
0096008a
008d008b
009d00de
007a0051
008f00f0
00860072
00b600e5
006e00d3
00770087
00d80087
008a008e
00c6007b
00b000a5
006b0095
00c700b5
008b0088
00850076
00d000be
00b60096
00560067
007d00c3
00650056
00da0095
006b009f
0061007a
00870096
00550072
00ba00c8
00f300a3
00a10091
007e009a
009900a6
00950052
00cb007d
008b00ab
005e0067
00810090
00670086
00b60098
008600a9
006d008b
00c60075
00830072
0097006a
0084009f
007e009b
00e80103
00810088
00930083
008100a2
00c600d9
00560065
00ae00ef
00760070
00b2009b
0088006e
009e0058
00c200aa
007b0097
00bd00d0
00bb00e9
0062007d
00df00ea
00760095
008b0093
0095007f
00e200d9
00470057
00e100e5
005e0073
00af00bb
006d006f
00670069
00bf0096
0075007d
00c1009f
00f900e1
007a0065
00d50103
007a00c7
009b009d
009d006b
00a800d3
0065004c
00ef00d7
0070006d
01180122
006f0062
004d004f
009f0098
0069006f
00a900c0
00b200d2
0067006a
010100f7
00800086
009f00a8
006a006b
00d900d8
00490042
00d800c0
00800063
00e20091
007a0096
004c0053
00e300a6
005e0063
008d008f
00c000c8
0089006f
00b100a0
008f009d
006e008f
00ce008c
00b30096
004a0043
00c50093
007c006d
00c3008e
00aa00af
00660086
006e00ca
005a008b
00af00b1
00a800a3
006f007c
008f009a
00a700bb
008e007f
00c7009a
008300af
00830057
00760098
00910082
0083006f
007e00fb
007b0098
006f0069
007e007b
007a007f
00820084
00700073
00c300a5
00a700d6
00990086
0095008a
00b100a7
00420083
009700d0
00660061
008600b9
008900c1
0087005f
0093007b
006d006f
00aa00ef
009e00c9
00650080
00da00e6
007b009b
00a000c9
00700068
00e000bb
00700060
00ce00d2
007a0075
00db00a8
0082007d
00670065
00a800b0
0061005f
00ae00c3
00c700a8
007900a6
00c100f9
00ae00a5
00b5008d
00760091
00b000f1
005b004b
00b20092
00b3008f
009e00c1
0093009a
006f0096
009700e8
009d006e
00a1009f
00f9007a
00690093
00b300d8
009800bb
007d00b0
0093007b
00bd00ca
004b004d
00e000a0
00710086
00c300a2
00910074
00580073
00ae00a6
00860089
00bb0093
00c90097
00ad0065
00a000c8
0082007c
00990097
008b00af
00cd00e7
003d0047
00ff00b9
00720060
009e00b3
00930092
005f005c
00a000a1
009d008d
00b80088
00b000a1
006b0081
008d00db
00b200bd
00920087
009800a1
00a900b7
00660068
00a50079
0072007d
008b00a8
006e00a0
0066006a
00a20083
0077006f
008f00a0
009300a8
00620073
00db00da
008600a3
008d0093
008e0087
00c2009e
006d006e
00bb008f
004d0066
00a700c3
0093008f
00870088
00a200b9
0071007c
00a500bd
00ae0097
008a006a
00b300bd
00cb0082
00c50082
00b00092
00910070
0062003f
0076009d
006c0069
008200af
00b000c9
00820065
00a800a5
00870062
009b00a8
0098008e
00760079
00db00f5
008a008a
00ad00f1
00bd00ab
00b100ab
00670056
009e008e
005b0083
009300c5
00b5008f
00500056
00bb008c
008a0076
00e500c9
00b900cd
00910075
00fa00d3
008b006d
00ba00c5
0075009e
00b800af
005d004d
00f100b2
00830072
00c6009b
00920080
00700056
00a600df
00790088
00a20086
00a70098
007b0075
00d200ad
00b0008e
00840093
00950072
011700c5
00550089
00a300c3
00650086
00e800e8
007e008d
007b0069
00ba0145
006d0076
00a9008a
009000e5
007b007e
00ad009e
00f30089
008600a9
00c00097
009d0096
005a0056
00a000a0
0083008e
00b300c0
00a60095
00660057
008f0095
0082007e
0098006f
0096008c
00720072
00f500f3
009d008f
00b100cd
007a006b
00bb00c3
00500048
00c300dd
0052006a
00ae009e
00760077
00600067
009700a9
007d007d
00aa00df
00c9008f
00780079
00f600d2
0095009e
009700aa
00c200a2
00cb008e
0051004a
00c600b3
00540069
00be009e
007700e8
00570075
00ad00c1
006f0089
00a5007f
00d200ab
00770089
00a600f6
00a10072
0095008d
007d0087
009300c9
0067005f
00f500da
0077009b
00a800ad
00b90085
0071007e
00a600ba
0062007d
00ce00a8
00860096
0075007e
00d100d2
008d0084
00850095
008f008f
00bd008e
008b0069
009300c0
00640051
00b10095
00a50090
006d007b
007a00d0
008b0075
00c200a3
0102009d
006b0085
008a00ae
008900ba
00b8006d
00740093
00790089
005700c3
00be0076
0080007a
00ee00a9
008b008f
00900071
0066008a
0070005e
0099008f
007300ad
00720086
009e0081
009f00d2
0073006f
00990099
007d008e
005c007e
0089008e
00b700c1
008500a3
00c10095
008d0098
00910092
0076006b
006f0086
00ad0075
00790064
01030149
0077006d
00c50093
006e0098
00fe0096
004d006d
00a100f7
00640090
009000e8
0086008f
00870071
00e700a3
0056006b
00c800d0
00bb00d7
00720078
00cb00b1
008d0090
00b50086
009e00b2
00ca00c7
0047004f
00ad00ab
008e006e
00b600b3
009b007b
00610078
00b60075
0072006b
009f008e
009500a3
00720097
00960089
0084009e
00730077
00a9008e
008100bd
005e0084
008f0098
0092008b
009200a8
00be0086
007e0083
008c007f
00810075
008a0086
00b10086
007e0081
011d00d1
00680065
00bd00c0
00be0081
00d900b0
004a003c
010a009e
006f008c
00a90090
009a005c
005a005a
00a2008a
00760077
00de00e7
00e300c3
007d0082
009d00c7
00b30099
008f00a7
009700d9
008f009b
005a0067
008e009a
005f0072
00a70075
008d0089
006800a0
00b200af
0095006f
00960083
00a7007c
00890061
00c000d3
00a20066
00800077
008e007a
00cb00d2
00580062
00b000da
00a6006f
00d200d5
009f00a7
006b0077
008700d5
00690080
00b500a2
00c500cd
0099007d
009800ad
009f00dd
00a0007e
00970093
00ae0093
00590048
0072009d
007d006a
008400bb
0098007b
0057007c
009500d3
00650086
009200bb
0086006f
00960091
010700f9
0056006d
00910092
007100a1
012900e3
004a005c
00b600d3
00610069
012300d9
0073008c
007b006f
00d000fb
006e005d
00dd00fe
010d00e9
00830059
00be00e5
00ca0085
00be0083
007f00bd
008d00d0
0065006a
008700d5
00610072
011a00b6
00a0009a
00830079
00c600a5
006c0068
00ae00c1
00a8009d
006b008c
00c900ee
00aa0096
00ae008b
00920080
00a300b6
0063004d
00d200e9
006b0059
008f00d3
0072009d
005a006a
00ad00aa
00550070
00b500a5
00ba00c2
00830093
00910086
00b500c5
00690096
00e90083
007d00c5
004b005d
00840077
007b0091
00980078
00c700a6
00ca0092
00810092
007e0063
00a10086
008a008a
00800086
0090007c
008500c9
00930097
00ad00b1
008e0089
00a20081
00c200b9
00720077
00840095
008b0098
0077008d
00ad00a9
0067005b
008f00a1
0079006f
0066006e
00eb00c1
00740071
00a30091
00a9009d
00c500be
00470045
0127010f
0053007d
00c900f5
008d007c
0056004e
009500dd
00530073
00ab00bf
0098009e
00870092
00be00ce
00a60093
00a70091
009f007b
00ee00d3
004f0057
00cd00dd
00790061
00b300a1
00c70071
005f006f
00c300b1
005f0069
00db00cf
0096009f
009100ab
00a800a3
009300a1
00650083
00970085
00830076
00570063
008a0099
0073009f
006a00af
00a20099
008d00af
00d00095
0092006a
007d0082
00a600bb
0087007d
00fa009b
00a000b0
009a008f
009e0082
00c20081
004b0054
009700be
007d007f
00ad006e
00ae0080
0079006a
00c6009e
005d007e
009e008c
00b800ad
008f008f
00b300a3
00ad00ae
00ae00aa
00c500a3
00dd00a3
00720061
009100da
009e007f
009b009e
00a70091
006b0078
008a00ad
00710075
00b00084
00af0072
0072006e
00b900da
00870086
0076007d
009e00a5
00c300ee
00500061
00c60095
00680077
009700c5
00960078
00770070
00f500cd
00790083
008300a1
008700c5
00a00071
00d000f5
009900a8
00aa0087
007c00a8
00ae00ae
0045004b
00a1009d
00760073
00f100af
008d008f
00650058
00a700bd
0086008d
00ef00c8
008c008b
008c007e
009300a5
00a600af
0091006e
00a1008d
007f008c
005e0068
009200a8
00620073
00b0009e
009b00cf
007e0077
007a00d9
0072007f
00a30096
009d008d
00710096
00b200a5
009200b6
0080009b
00b500a9
00960098
00590051
00c9009b
0080008a
007b00a9
008a0098
00660067
00bb007e
00730067
008f00a7
0092007c
00830066
00b100dd
008b0098
00ad009f
008a00a5
00cd00c0
00480050
009000d6
007f006f
00c300cf
0097008e
006a0065
00a80112
006e007f
0077007f
00b600aa
006d007f
00960097
00ad00b5
00ba0070
00b10091
00a2009a
00980053
0063006e
008b0077
008c00a2
00a800aa
009200ae
009800af
009a006d
00850086
007d0073
00650093
00b200c9
00a5008a
008f007d
009900a0
00c300e6
005f0063
00bd00b1
009a0080
00a00092
0076009e
0081007b
00be00b0
0082005d
009f009d
00be0095
00860067
00800081
00a700a5
00c200ab
00cd00ab
008e0089
0060006e
00b50096
0075008f
007b009d
008a00ab
0080007b
009d008e
0071005b
0092006d
00a50085
00a5007d
00ab00de
00890076
007b008f
0095009b
00aa00a7
006c005f
00b100a5
005a006d
00de00b2
00930087
00720079
01080090
007b0065
008b00b7
00a100a2
0076008b
00f200a7
00cf0092
00710070
008c009b
00a100a3
006a0067
0097008a
007d0065
00d30081
009d0083
00620051
00990092
0063006d
00a2007f
00c600a3
0077008b
00ae009b
008c0098
007a00a8
008e008b
008b0098
00450051
00d100a0
0068006d
00c20099
007c007f
00630071
009e00c9
00790071
00a100b2
008f00a2
00790099
009800a3
008800b8
0082008d
0082009d
00af0089
00550057
006e007f
00830088
007b007f
00c600b7
00b0005e
008200a2
00710081
006f0079
009a0083
0097008a
00b90095
00b8009b
008a008e
00a10097
009200a0
00810067
00960083
0052008f
00bb008e
009f0090
0086007a
009200bf
00750053
008600b2
009b00dd
0099009e
00b600a7
00b0009f
00920075
00a700c3
00910093
00710076
00a900d3
00780071
007a00a8
00c0008d
004f007e
00ba008b
0062007e
009300d1
009200b7
0089008d
00ab0092
007d00ae
00910070
00ad009a
00b700c7
006e0059
008a009b
007b007a
00860096
009800db
007f0058
00950091
007a0060
0088008d
00920090
00810093
00be00a5
00cd0095
008b0085
00c000a7
00ba00fa
00590060
009900a7
00870068
00a100af
009a0072
00810064
006e00b6
006800b7
00a50085
00d1007e
00850090
00bd008b
00c500b9
007100a0
008e009a
008d009d
006d006f
00a6008f
0060006b
008700a1
008d00c5
005e007b
0092006a
00890085
008b0087
00700089
007e0095
00850074
00a6009d
00a8007f
00ab008d
008f009b
005d0061
00920097
005d0085
00a8007f
00a300a3
0093005b
009800aa
006d0079
007100ca
0091009b
0082009b
00b900a5
00ba009b
008a0071
006c00b7
00870098
005f0051
00a30077
008d0096
00a100a3
009e0091
009d008a
008600ce
006e0065
008f008d
009d008f
008d0066
00a000e5
009d0076
00820074
006d00a1
00f000b6
00730059
00b100a5
0081007d
009e00af
009100b8
0076007e
00b80093
009e007e
0070007e
00a0009a
008b006c
00b800ea
009d00b8
009a00ba
00ba0091
00cf00a5
00420059
00770097
00860081
00da00b3
00800071
006b0063
00d100bb
00560080
00af00b8
009a00be
0082006a
008a0089
0099008b
009e0084
010700bd
00aa00e0
00a80085
00a20086
00ad00a5
009e00a9
00d70080
00880069
00a200af
008a0062
00900097
00c9008f
00d1009a
00920091
00bb008a
00b90089
009d007b
008500ed
00790052
00ad00a3
00980071
008f00c3
00a70092
00890066
00bd0079
00a50071
00b20092
009600ab
00b3008a
00d00109
009600ab
009d0096
009e00af
00cd00de
00590053
008700a0
00760069
00d200bb
007e00aa
00610065
00bf00b1
005a0069
009e008d
00950090
0067008e
00f200b9
007f008d
00ae0085
00930097
00a600c7
005e0056
009800a3
007f008e
00a000c2
00ae00d7
00950063
00a700cf
00630079
00c8009f
00870097
0079009a
009e00a2
009d00d0
00a600b1
00aa00be
009200c3
00740079
009800a5
00710063
0092009d
007f0083
005f0067
00b5009a
00650076
00770087
00800081
006c0075
00e0008d
00a200ab
00a00091
00a700a1
008a0093
006f0060
00a60085
009f007e
008200a5
00aa00a8
0078006e
00a700b7
007a0077
008100a2
007700e2
00910074
00a200d0
00ea00b8
00a70089
00990095
008c00bd
0062004e
00b500a2
00670072
00d000de
007d0099
0069006e
008d00ad
006d0069
0072008d
00aa0082
0099009a
009b00c8
00c80081
00d2006a
00ad00ae
00ab0092
005b005b
008b0085
00ae007a
00d000b8
00810069
008c007f
009a00a9
0059008d
00850098
009000ab
00760051
008800a8
00a60097
007b00ae
00ca008b
00700090
00630072
00960081
007b008a
0087007c
009800a5
0089008a
00c200b1
006d0070
007f0069
008b0082
00850083
0087007a
00bf008b
009900a2
009800a0
007a0077
00720071
00bf008e
0075006e
0095008d
00af0093
008b0099
006d0079
006b0052
005d007d
00690085
00610063
00c2010b
006100bd
00b200be
00ad008b
00de00c8
00650044
00b100c1
006f0070
00a600ca
00a8006d
00510045
009a0106
008a0063
00ad00b3
00b900ae
00690085
00ef009a
00bf0099
00860079
00bb00bb
0071008f
006f005e
0086008a
00920092
009d008d
0085009d
006c006b
009900d1
007b0070
008f009b
00930087
007f0066
00b1008d
009200dd
00b1008f
00aa0083
00d20081
006b0047
00c20096
00660086
00c50084
009700b6
00890074
00c300f0
008f007a
008e00c3
00e70092
00730069
010d0130
0069008f
0090007e
00700078
00e000d2
0043004b
00c000b9
00590056
010100e7
006f0078
00590065
00ca0096
005e0068
00d10097
00b00129
008f0077
00c80099
008e0085
00740099
00bd00a8
00ae00c3
007f009e
00950087
005a0082
00c800b2
007b008a
006e008b
009100a1
00860077
008a00ba
00a100a6
0083009b
009100d2
008500e5
00b80083
00920091
0082008d
00660071
0097007d
0099006b
00ab00b1
008a0081
009500b6
00a1009a
0085008d
007d00b9
00b000a3
00600095
008d0083
00ab00a5
0097007d
009a009e
008b0089
00560060
00860075
00570068
0093006d
009f008d
00620069
00830082
006e0095
00670090
00a100b0
00790067
00e200f2
008500a2
00bd008e
009e0087
00e300b8
005d004d
00f000ee
00610067
00c100bb
00850086
00620068
009f00ad
006d0069
00a800a1
00af00a5
006a00a0
00f200da
00850081
00a90074
007f0083
011b00c3
004b0052
00a300c0
00790054
00a800c3
007a0077
00690056
00a200b3
0062008e
00ca00ed
009b0101
007a006f
00cf00d7
009b0072
00850092
0082008e
009d00a1
00520037
00c000c2
006a0066
00a500c3
00b8008b
0061006c
00aa0096
00700051
009200a7
00b600b3
005a009d
00e90105
008300a2
009d00c0
0093008d
00b100ae
0055004d
00c2008f
008a006e
00b500c7
008a0072
007a0055
00c900be
0063005f
00b500ae
00c200c8
00a7005d
00a90108
009500a0
00770067
00a80092
009500b5
005f0050
00af00b1
00750065
006f00cb
00be008d
00580067
00b800bf
00b2006c
00a300a6
0092008a
008d008d
00da00c9
008900a0
0092008e
0083007a
008d00db
00580071
00a100ce
00990085
00d8007b
00870089
0063008b
009900a2
00620064
00b100d9
00c000fd
0069008b
008100af
00830092
00960085
00b200c1
009a00a3
00870057
00a5009a
0087007e
00910086
00860097
005e00af
00810092
007a005f
006200b7
008200b1
00820062
00a5009a
00bb00b6
00b1009a
00f200a9
00ce00b0
0082006b
00b1005e
009900a7
00cd009e
009700a5
00870066
009700b3
00700074
00980098
00980087
006c0080
00cd00d1
00800085
0098009f
008d0083
00c600ff
0051005a
00bb00b9
007a006b
00df00ab
007900bd
0069005e
008a00d2
0073006c
00c900b7
010000b7
00a0007d
00e600f0
008d0076
009b0091
007d0084
009300a0
00760076
009f009e
005d0082
00a800b6
00a10093
00590067
00c900ba
00760071
00b300af
00970095
0078006d
00a000b1
007d009b
00870097
009600c7
00990098
0069006a
00a200bb
005e007f
00a60098
009500a8
00880077
00840085
006c008e
00aa007b
00ae00ba
007d0071
00f100e5
00e6008a
00c200a0
009b0091
00b000b0
005b0056
00d7009f
00610065
00ad00b3
008d0087
00710071
009700b2
005e0069
00c8009b
00a1008a
007f00a1
00860093
009500a9
00b20080
00af00a6
0080008f
006b00a7
008e0076
00720075
008f00dd
00c7007b
00b20099
0088005f
005b0099
0068007e
006c008d
007f0083
00ab0096
0087009e
009a00a6
00b90085
00c90095
00600087
00ab00ad
00850081
00b2009a
006e00c0
0060005c
00a900dd
006e007c
009e00b6
00b80084
006c0074
00e800f9
008500ae
00c000b7
009f00d1
00a800ad
0059005c
00b7007d
0051006f
00ba00b7
00ae00c1
00990050
011300ba
008f006e
00890093
00d300b0
00c80097
00a00062
0097009f
00c0009a
008b0096
00790092
005a0061
007e007f
00ca00b6
00a50070
009d00ef
00a10085
007a008f
004b0096
009000a2
007f0099
0079006f
008d006d
00a200b0
008b008d
00a700a5
00850082
005b005a
0071008f
00740078
00c00082
00a50098
00710067
00a7008c
00520074
00a300a6
0097007d
0086008b
009e00c2
009b00a0
00c20087
00fb00b9
00ab008c
00430051
0087009f
006b00a7
00a600df
0079009f
0076005b
00960091
00890071
009300ae
009000a7
00ab006f
00ab00a8
00a60099
008a00af
00c5008e
00b20091
007b0073
00af00ab
006f00a8
00a90072
00b6008a
00680085
00a7009a
008f0073
00d8007d
00a5009f
007e007d
00b300b2
009100a5
008a0075
009f00aa
00b800f8
0063004a
00ca00ba
00650080
00a3009f
00930087
007f005a
00bf0091
005d0072
00770088
00ce00a5
00b3006d
00ab00b8
00870091
00a5007e
00a800b0
00d0008c
00550059
00a700bb
0083005c
00c800a3
00a2008b
006c0097
00b600ea
00850086
00aa00a7
009e00b7
00720076
00d500ce
006b0073
008e00cf
008800be
00d800af
00690053
00e5008f
0080007b
00d90098
0082008c
006a004f
00b100e6
00610089
009f00be
00b800a5
00690096
006d008a
009500b2
008a007e
008b0081
007e009b
007d0090
00ce009d
007d0098
00c80092
00990097
0079006e
00bb0081
00710082
00770089
00a60086
007c005f
00fd00b6
008d00c2
00790087
008100a9
00e900bd
005e006b
009b00b0
00750078
00b200c1
0097006b
005d006c
009f00b3
00710069
00d100a9
00e50099
0075006e
008600a3
0103009b
009500b7
008f008c
00a100aa
0058006c
00a2007d
00900075
007a00ab
00b800c6
00a20096
0072007e
0066006a
00850082
009700d5
00770091
00fe0107
00750071
009800ab
008a0089
00db00ff
005e003b
00c70090
004e006a
00f700b1
00910078
007d0071
00af008d
00610057
00c000a2
00d800ab
00990076
00c800c7
008f008b
00960088
0081007e
00fb00b7
008a007b
007c00b6
007c0088
008100e8
008e0079
006b0093
00cd00cb
006a0081
00a70092
00b300b9
007a0099
00a00091
00a10095
00830082
009a009f
00ad00da
00760051
00a200a6
007b007a
00ae0093
00bf0092
00860067
00d600c2
007f0075
009e0095
00900087
00a80098
00a80092
00a600b8
00950073
00990083
0086008d
005b0077
00710099
00780095
00b600a5
00b60091
006600a5
008c0089
005a0073
00860096
00a300af
00750063
00fb00ea
00830075
00a300a7
006d0099
00d700d9
003d005f
00c900eb
0061004a
009900c6
00a60089
005f0057
00ca008f
004d007a
009300b5
00ad00be
00610081
00b20105
0074007e
00770079
008e0072
00e000b2
004d0049
009d00bf
007d0068
00ca00c1
00aa009e
00650057
00a20111
0068006b
010800c7
00a600b0
0070008b
00bb0086
009e0071
00aa0062
00e100ba
009600ab
00620054
00980083
00870096
008e00b0
0097008e
0073008f
006800aa
008f0091
00670078
004f009f
006d008d
0085008a
008400b6
00830069
008100a2
00a900b7
00790087
00ab00a6
00a500a7
00b2008d
008100ce
007c008b
00b20087
00660090
0088007a
00b300a3
009600de
00c800b6
00900099
008a007e
00b80081
00be00b2
0066006b
008500c0
00860086
008d0097
00a800a5
007b0053
009d0096
00880079
00a2007f
00930085
00950084
00bf00b5
00cb0097
00850081
009b007d
00a00082
005e0050
00b7007e
008100ad
00a600c8
008d00ae
006a0071
008e00c1
006f007f
00aa0080
00c300a9
0079006b
00e700f1
00ad00a0
007700c2
007b0082
00c200d1
00700043
009b00c8
007f0078
00a300ba
006b00ab
0048006b
00c700ce
0062008f
00bd00ba
00e600aa
008e0082
0081006a
01190088
00c00089
00ca0095
007e0091
0063006b
009f007a
00670062
0090008d
00b80089
0081007e
007c007a
0087006e
0096006a
00750079
00980097
00ba009a
009a00a1
008f008d
00e600f3
00cd0083
0051005e
009500b3
009500a5
0085009e
008a0095
0064006d
00c5008b
00730076
009a00c5
009a0092
007d0076
00aa00b2
008e00ab
007a0097
00b30073
00ae008b
0095007a
0081008a
00ad007c
009e00cb
00b1008b
0073006a
00c70096
00910079
009b0081
00ad00b0
007e0080
00d0011f
00ab007f
009600a3
00be00ca
010600a5
005f006e
00a20074
008c0092
00bf008d
00b0008f
0069007e
00cb00f6
00620093
009200c7
0099007f
006d006a
0061009a
00a90096
0083007d
00c300ab
008600cb
00670087
00640080
007f0077
007c0077
00ae00be
006c00a0
00970076
006f0071
00a80077
00790067
009d00ad
00c300b0
008d00ce
0081007d
0091007d
00b300bf
00710063
00b200b6
00650079
009e0096
00950086
007d0098
009d00a7
007f00a6
007e008f
0086009f
00820062
00f100a7
009700a2
009300a1
007f00a3
0082009f
00680072
00a300ad
00760095
009300af
00950092
00730088
009a0079
007d0076
00a00078
009700ae
00980082
011700f9
007b0087
00b700a0
00830071
00ae00be
007f0058
00e600c7
008e007f
00ae00b2
00790069
00930063
00aa009a
00620059
00cf00ab
00cb00c2
00930077
00b8008b
0095008b
00920071
008b00c2
009000af
00590078
00980096
007f009d
00920092
00a20090
00860091
00810092
009e0081
007c006e
00980087
006f0072
00e200ba
009b00ca
00690060
0071008a
00b700e8
00520053
00d90082
0084006e
00b700af
008a0096
004a0075
010900c0
00690077
00c200a8
00b000de
0079009e
007700c3
009300a9
00e20091
009100ad
00ae00a3
00660049
00a000da
0098006e
008e00a5
00b200af
0069006f
009600b6
006a0075
00930086
0088006f
008e0075
00c800a0
00ad00b3
00890061
00a200bb
00c900ca
005f0056
00ae00eb
00660076
009e00de
00ab00a5
006a0059
00f100a9
006d005e
00a300b0
008100bd
009e0095
007e00d1
008b0081
009f0082
009a0071
00bd00c8
0065006b
00a100af
0077006e
010000af
00a80097
0063005f
008d009a
006a007b
0084008f
008100a9
008c005a
0071008e
009200a5
00aa007d
00ad009a
0093007f
0081007f
00760091
008a00a7
0080007a
00da00b8
00af0086
00640072
0057006b
006e0085
007f0083
00790077
008600ab
0098007d
00750063
00b00095
009700a8
006e0050
00850077
00c0008a
007d0075
00a500ab
008c00ab
00a70076
0073007f
005e0069
00920087
00700095
00f60117
0072008f
00760086
008a00b5
00e300c6
005d006e
00c100e1
00790097
00b500ca
00710092
0067006b
009a00e0
00a7007e
00ca00a7
00760082
0075007b
00bb00ba
00a00096
0082009f
00b900aa
00830089
00730063
00ae0072
00780073
0086008f
00a70081
00890075
00a70073
007700d8
0074007b
00860099
007a0075
00e000ad
00b300c1
008900a9
008f00d5
00a100a8
0058004e
00be00d1
00620061
00a500c6
009900a1
00960074
008e00c8
007a007b
0077008a
00d100b5
007f0087
008700d6
008e0077
009d0075
00a700ed
00b100b3
00550063
00b90087
009a0063
0070008d
00a80098
00600068
00a200a9
0089005f
006e007b
0071005e
007e00a6
00750085
0097006c
007f0098
009200b0
00870090
006d005e
007a007b
007a00b9
00950083
00ad0069
006a0084
006e0092
008c007a
008c0093
00960096
006a008c
005f0082
007c00be
00860083
00de0098
008b008f
007f0061
00720064
00b3007d
00aa00b2
010e00ad
0087008f
005e007d
008b007f
005d0098
00740072
00910070
00b70089
007f00c5
006b007e
00750097
00b900a0
00660061
007d008c
00980089
00de0095
007200ab
009e008f
00cb00be
007900a2
00a70093
0098008d
00990063
00ab008e
009700ca
00be009d
00a00065
00a700b5
007d006d
00af00bd
007b00a0
00ad009b
00a30075
007a0077
00b50075
0079006f
009100aa
00d200aa
006a0080
008700b0
00a80093
00810075
007e00b5
008200a2
00740047
008700af
007a009d
00a20099
008600b3
008c008b
0075006a
0099007c
008900a1
0092007b
00890099
00a2005c
007a00b0
0082007b
00930088
007900a3
005f0068
00960086
006e0096
008b007d
009300c5
00bb008b
0075006d
007e009d
005c0086
007f0081
0068008f
00a0009a
00af0086
0099009a
009300a3
00b500a3
00a3006a
00ad007d
009f00c6
008d0085
00ab009f
0076009b
008200a6
00990098
008e008b
0089007f
008d007a
0081009b
008e00a1
00810078
00b10091
006f0093
0073009d
00a0007c
007a006d
00bb006c
00db00a9
00870066
00960091
007f0079
007e007d
0086008b
008b0073
00c9008a
008d009a
00b30085
00ab009f
0098009b
006d0066
007d009f
00a2007d
0088009a
00d60085
0075009d
009b0093
00960068
00850090
0095008a
006d007d
011a00ae
00b000a1
008c009d
00b70097
00cb00d0
005f004e
00df0086
0057006c
00a1008b
007f0096
00650060
008f009f
0075006d
00ab00b7
00a8008a
00840089
011d00d3
0087009a
0079009a
00910088
00a900b8
004a0055
00d600ae
0092007f
012000d0
007900a0
005b0047
00a200d3
00610074
007f009d
00de00f2
00870079
00d600db
00820082
008e00ab
00ea00aa
00b3009f
005f004e
00c60084
00580082
009b00b9
008e008b
005f0071
008200a6
00760071
008700cd
008a0085
005e007e
00af00c8
00970095
00950095
0062008f
00c200bd
00560061
009f00e5
0067005b
009200e5
007500e5
00750070
009a0092
008d009a
00c000b6
00bf00be
0073007b
008e00b9
009b009d
008a0076
00ba009d
008d00c3
006f005f
00a00088
00920076
008f00b8
008b00b8
008a0092
009b0072
0061005a
00810089
00a8008e
0088006d
00ab00d8
008a009f
008a00c0
0089008e
009900ae
00430050
00aa00cd
007900dd
00bd009d
00890084
00580096
00fe00a6
0068007e
009f00c0
00b00089
00a50074
00ed00aa
00980081
00b300bf
00ae006f
00e500b6
0055005b
008e00c9
00780082
00bf008f
007a0098
006d0066
00b700b5
00590069
00c00095
009100a1
0080007d
0075008a
00bd00b7
00740080
00a00087
00a70079
005f005b
008d008b
006a006b
008f009f
010000be
0076008d
00a300ad
00830059
00840075
00a9009f
00720096
010700f3
0082008a
00c6008e
00760089
00f600f1
0051005a
00c900ef
00630070
009200cf
0081008b
0079005c
00bf00a3
004b009d
00a700bf
00e600c7
0090008d
0099007b
009e009f
008d0087
008b0090
00b20082
006e0089
00b300a6
007a006b
007100a1
009200a7
008f00a9
006e0085
0083007f
00650086
0091008a
00770069
00bf00a5
00d3009d
007700a6
008b0076
009f008d
0055004e
00a600e0
005e0072
00b500d7
00920099
006b0061
009700a8
006c0087
00960095
00b600b3
0098007a
00af0079
00d30088
00720074
009e00a2
00ae0089
00710065
00930069
008000a1
00820079
00b200ab
008d008e
007c008e
007f0081
00a50086
007f006b
007f0062
00e200a8
008f00a2
00960089
00650096
00d900a1
006e0067
00b50097
0087007b
00990093
0083008a
0069007b
00ab00be
00aa0071
00e500ad
009f00de
0085008e
00f9009b
00b000a9
00a2008f
00b00099
009b0099
00730059
00a500a3
00660071
00cb008b
00910098
00a9009e
009300aa
007f0085
00990087
008a00b3
0079006d
00b200ae
007d0073
00a90087
00bf0085
00b000c2
00660050
00a300b0
008f0083
007e009a
009200b8
007c008f
00750098
008b0063
0096007e
008d0083
00b700b8
00d0009b
009e0095
007700d3
00a5009a
00c200b2
0053003d
0095008a
007c007a
00ae009e
00880087
00990072
00b300aa
009b0093
009100c9
008b009b
0067006e
00e00120
0096006a
0096008d
00760082
00dd00a3
005b004b
009800ab
006a0081
00de00bd
006900a1
0050005d
00fb00b5
0078006d
00d900ce
00d200d2
0091007b
007a0086
008d00b3
0083008f
00ca00b0
009a0093
0062004a
0074009b
0076006a
00a100ab
00950084
0083009d
008100c1
007c0079
00830099
0095008d
00870093
00ca00d6
00b200b0
007b007d
0089008b
00840097
007c0060
007e00a3
00680083
009a00a3
0076008e
007300a9
00810097
00750092
00bf00b0
007e0089
00890070
00af0097
00d200a5
00890089
00830095
009600c8
00610056
00950097
006b0077
00720085
00c700d5
008d0089
00770073
007d0082
0099008e
00890078
00b3008e
00b000b2
008500a1
008e0079
0098008d
009e00e8
005f0062
00c90090
00720067
007600da
00a0009d
007b0063
00ca00aa
00760093
00a000c3
009b008a
00c600a3
00c50087
00ad00bf
00870096
007e0089
00af0084
00660061
00930095
00730089
008600a0
008600b6
006e0072
00cb00c8
006c007a
00730077
00b300a8
007e009e
00aa0078
00db00ca
009e0072
00a9009f
00a7008a
00700063
00a100dd
008a0090
007f008f
008500d7
0082006e
00860059
0077006a
00a700a0
00850071
0080007f
0089008f
00aa00a8
00c90099
00a70095
00850074
005a0069
0081008b
00820081
00a500a2
00e7008c
007c008f
008e0087
00660061
00870077
008c0090
007c0093
007d0099
00ad00ba
0095009f
0096008f
007e00a5
0055005d
00920072
0068007d
009000c6
008d00d2
006d0092
0082009f
00590063
0078007a
0087006b
00930098
00b8009b
00a000a6
00b00093
008700a8
00950098
00530073
00b000a7
00660082
009a007f
00ba00a6
00600096
00c20099
007f0074
009a007e
00980092
007e0089
00d600a7
008f0092
009b009d
00a600b9
00bf00b3
00600060
007f00a7
006e0069
00890086
008d00a8
007b0089
009a0092
00710086
00990092
00a000a0
00650071
00a700dd
00bb00c9
0092007d
00c90105
00a200a3
00740065
006b0096
007d0084
00ab007b
009700af
0068006e
00b0007f
005f0072
00a1007a
007f00a1
006100aa
00fa0118
008b009a
00b30080
007300a9
00b300ba
0059006b
00c0008d
0075005c
00ee009b
00ab0087
00650071
00bd00ad
00670096
007e0087
00a0008a
00730083
00780095
007f009a
0066009a
00d900c9
008e008d
0073009b
00960075
00760079
00a70075
00c60086
006b0081
00890098
00700081
009f00b2
00760097
009f0074
00800081
009500ad
008e006f
00a000da
008e0068
00620075
0081008f
00770090
0070008f
009b0096
0083007f
0086007f
0081007e
0092006f
00780069
00850086
008500a9
009d0099
006f0073
009b00a2
009b008b
00800055
006e0068
00a900a3
0091009e
009e00a7
005a0062
00a80072
005c005f
009d0086
00990092
00820082
009d00be
008f00a6
008e0091
008900b0
00860079
00800062
00830092
00790072
007d00bf
00bf008c
00740077
00b80095
00710066
008e0097
00b5008e
0077007e
00a600d8
007d0080
008b009a
009a00c6
00a00096
00600051
00a600c5
007e006a
00ae00a2
0096006c
00800061
00bb009b
008b0096
009b00af
0092007e
00600087
015b0102
008a005d
00790093
00840075
00af00aa
004e0049
010700a2
0066006b
00aa00ad
008f008a
004c0062
00d800b5
004f0071
00a200a3
00c600de
007f0096
008a009f
00950096
008d0085
00870092
00a300a0
006b0062
00b60093
006d007e
008b0075
00d6008d
0066007d
00ae0098
00750095
00c500a7
006e009b
009600ab
00b7008b
00970081
00870097
008b00b8
00a7009a
006c005f
008f008b
007b0079
00a00080
008900bd
007e009a
00770079
0056007f
0083008e
00a90086
00670077
009f0068
0142008a
007e0090
00ba00bd
008500af
00710067
0099008c
0074007a
0091007d
00a20089
00b0007a
009300a0
006b0077
00530079
00a1008f
00980089
00ab00b2
008b007f
008100af
00c300b9
00a80099
0077007d
00970086
00970071
00b500af
008500a3
00610076
0084009f
006b0071
0087007c
00840077
00970088
009d009b
00ab008f
00650080
00850087
007a0095
00720071
00a6006d
00750081
00ab009d
00cd0082
008f0072
00c5007e
00670070
008700b1
00730071
00830074
008f0095
009200a6
0072006b
007b0082
0081008c
007e008f
007a0089
00810095
007a007c
00b80091
007e005a
006300ae
00860072
006e00b7
00aa00a0
007f0075
00c300fd
00d50084
0092007d
00a0008a
009300ab
00850077
00d000b0
007200a6
00b8009f
0080008d
005b006e
00aa009a
00930063
00a200c5
00c500a7
009b00be
008f0085
00720081
008200aa
0083008a
00a6008f
0052006f
007d00ad
007e0076
008a008e
009a008f
00920071
00ce00b1
00790062
0084009b
00b90074
008300aa
00a800db
00a500a3
00860079
008800b0
008c007f
004c0075
006b0075
00bf0077
00840098
00a700a2
009b0071
00d20098
00750076
00b50087
009a00a2
00700087
00e100dd
00a60092
009b0088
00a1009b
00a7009d
00730067
00a900c1
00590061
008d00c1
0088009e
0077006a
00c800ab
0063005f
00b20093
00db009b
00660050
009200a6
0085005c
007a0089
0079007d
00650093
005e006e
00960083
00540077
00970099
0096009a
00660068
008d0061
008f00e8
00910073
0066007f
009500a0
00880083
00bf00ea
00820086
00c600a7
008c0085
006c006a
00910083
007f0065
00af0074
0083009e
008a00ae
00a900ae
00670063
00760084
00730077
00a6007d
00b500d3
006a0081
009a007e
00ce0097
00c0008f
0053005b
00eb00d7
007e0080
009200b8
0071006c
00700070
00b800c1
00680095
008e00f9
00ba00af
005d0063
00fd00a3
0076006c
007f00c0
00970086
00ce00c2
00820053
00a900dd
0085008a
00c000a7
007f006c
00730069
00a500a7
007b0057
00a200af
00eb0077
00780089
00ba008b
008200a7
00980071
00aa00a9
009e00ae
00430054
00720081
00800073
0072007b
009300c6
00770078
008900b0
007f0091
008f0083
0085007c
00a3009a
00ce00d0
0096007d
008d00a0
00ba00a2
00af00a2
005b0051
00be00b1
0083007d
00bd008d
00a50084
007d0082
009300b2
00890073
00ed00d6
00a200b5
00620085
00c200b0
00e300be
007300a0
009d00a1
00c9009e
004d0047
00c300a1
00610059
00be0086
007e0099
00760062
00df00b0
007a007b
00a300b1
00aa0097
00660082
00c10085
00b00086
008d0076
009200ad
00be008a
0099007a
008200bb
0092007a
008b0101
00820096
00ae005e
00be009b
0081007b
00c60093
00a8006f
00b3007f
0087009d
008600af
009e006e
00a5008d
006a0099
005e006d
00890062
0093006a
007b00b8
00c60092
00b5007b
0081008f
008e006b
00880099
0097005b
0054007b
011700d8
006b0096
007f009a
0090006b
00b800b8
0061007c
00af0102
005e0080
00b600b3
00640079
0071005b
011e00c7
009e006a
00ca00a8
00cb00c3
008a008d
00a600b7
00b6008e
008a0069
007a00a8
0087006d
005e005d
00ab008d
007b0078
008e0065
0080009e
00650075
008600a1
00850095
0081006e
00910098
0075007b
007e0097
00a6009d
00a90082
00af007b
00ab0096
005e0062
00860092
007c009f
008e00a3
00ab0087
00750081
00c100d8
00690099
009500a1
008d00ab
008a0075
00c600b9
0092008d
0089008e
008a008a
00830092
0066005d
0087008a
007a00a0
007100a1
00b000c0
0065007f
00b900a1
006f0082
009500b5
008d006c
00a10065
00a700c0
00b300ad
0095007f
009200a2
00c5009e
00550068
00a7009d
00890068
00f300dd
009d008a
006d0089
007700ab
00980066
008b00ad
0068008b
00890077
00c800de
0078009f
00980093
009300b8
00bb00b3
004d0052
00b000b0
005d0063
011900b7
008900b2
00700067
009f00ab
0081008d
00a600ad
00f100ee
007e0059
00df00c3
00b30096
009f00da
00920092
00a600b1
004f0066
00af009f
0064005a
00b10095
00950086
0067006c
009600a8
005f0092
0091009b
006d00d2
007500a9
00710086
009900a9
007f0079
00aa00a3
00820098
006e0076
008600a5
0076008a
0091007a
00b50098
007100a1
00700083
00990071
00a1009b
008e0082
0096006e
008b00ae
009500af
00920082
00a7008f
00a700ab
00660056
00860095
0062006a
0080008e
00960089
00800073
008b00b7
008e0072
0081009e
008300ad
006a0070
00c800db
007a00b7
0082007a
008100bb
00d1009d
005a005b
008600d7
008d0082
008f00e0
00ad008c
00620086
00c900ba
008b0072
009a00c3
00860097
007c006d
009b00d1
00a30098
008e0073
00a600c0
007c0083
0060005d
009d00a1
006d006c
00a90078
00750092
005e005e
00fe008b
009a00a5
008a00de
00c6008d
0096006d
00ad00ca
00bb00af
00b30079
00b5009b
00a90079
0070006a
009d00ae
00ba0079
00a70087
007a007e
0074005f
00a100bd
008b0075
007700a5
0089008f
00a00070
007b007e
00930087
009700a3
008a00cf
00860089
005f007e
008a0084
0082006a
00b10093
00b200d9
00ab0099
00b5008e
00630080
006e00ad
008b009b
008b0065
00c700ab
00ad0075
00a20074
00de00ca
007800ae
0051005b
009900ba
0081007e
00c800ae
007800d5
007f00da
00b500a8
006c0082
00a0007d
00cf008d
00850092
008500cb
008300ae
0075006f
00ae00d2
009100ba
00490052
0085007e
00690052
009000c1
00b10073
0065005a
00af00ad
007b0073
008900a1
00a80091
00790079
00af0092
007d0086
009a0055
00aa008d
00890098
004b005d
008d00d5
00860057
0087008c
00af00c3
0075006b
007d00cf
00a300a5
008300a0
00a1006e
0077007a
009f00b7
00ae00ee
00ab0089
009b00b2
009e0083
0053004e
00ab008a
00830093
00e80097
00c800a0
00770097
008100e5
0074006b
00b000aa
00a9007a
008000aa
00b800f8
009b009f
00a20082
00760092
00a80092
00590061
009200ca
00650081
00d600b2
008b0082
007d0079
00a000bb
007d009d
00820075
0089007c
00710077
00a30089
008e0093
008800ad
00a3008d
00ae00c8
00720097
00a80095
00850064
00b80099
009600eb
007f0075
00790092
007e0063
009f0089
009a009e
00860071
009600b5
00990092
00680093
00c300b3
00900099
004a0057
006e006b
00890097
007d0097
00ad008f
007e008b
0083006a
006d0083
007b0063
007f00a5
00a50082
006f0076
00ba00a7
00c2008b
00d10084
00b20099
0081005e
009b00bb
0062006b
00b7009e
0078009e
0066008a
009d0078
0083007d
00700099
00790070
00710069
008b0087
00ba00cb
00910088
00a700cf
00660077
0079005a
006e0076
007d009d
0073007d
00bd00d6
0075006b
00900083
00850076
00720083
007f0092
008700a8
00fd00dd
007b007c
00a300bd
008900b2
00c300b9
00670046
00870100
0085005b
00c300ba
00850087
00530083
00b500b0
00620095
00af0076
00a1009d
008600a1
00a20096
00d500a2
0084008e
00a800b5
00cb00a3
005e0051
008b009f
00810087
009300a0
00a900b0
0073006f
009e00a5
0076007a
0098007f
00a200be
006b008b
00ad00b8
00a300ae
007a007b
00be00a8
00a50088
00620058
006f0085
006f008b
00ae0087
008300af
007200af
0091008a
007d0077
0074008b
0099007b
008a0054
00bb00c6
00980079
004f0075
009b00ae
008e00a6
0060006e
00b2005e
007c0073
008e007f
00ae00db
0073009d
007a008b
00990078
007b0095
00ab006e
006b007f
00af010d
00a9008a
00960093
00cb00a5
00b700a5
00560056
00c1008e
0050005c
00c60096
0087007e
0071004e
00bf006c
00690074
00c30086
00ca00d2
00750061
008a00aa
008d00a5
008f0081
00bb00a0
009200ad
006d0055
00a70087
00690078
009200b2
00af00be
0082006b
00a500ae
008f0075
007200a8
00a600b7
007e0095
00a000be
00b90099
007a009d
00c600ab
00a200ad
00670048
009200a3
008f0081
0065009e
009e00c0
00510073
0087007a
0082005b
00af0091
00ad0084
009e0066
00b1009e
00a700a9
00990091
009a0066
00d300bf
00570057
007c0099
00630069
00a700a0
009800ab
00930079
006f0096
008f006f
0080007b
00860096
00790072
00680099
00a50095
0080006d
00b0009d
007a00ba
0059005c
00a5008b
0052005e
009f00a5
00a5008c
007f00a7
00a800bb
00a20098
00a2008c
007600a6
006e0099
0108009a
00af0087
00d90098
009b00a8
00d600c8
004e0071
00ca00a0
00790071
007e00a1
008700a5
0057008c
009200c9
00560063
00d100d9
00af00aa
00610067
00bf00c9
00690092
00a000d7
007c0090
00df00cd
006c0053
00e900ab
00690075
00b900c8
00700082
00670056
008e00a2
00550073
00a800c2
00980096
0070006f
00b900ce
00a60087
00b5005e
00ae00a8
0081008f
005c0074
009b0087
00560073
008c00a0
00b00091
008a00a0
00850075
0073006f
00c30093
007a009a
00d10086
00a000b2
008300af
0076009d
009800b5
00ba00b7
005a0052
00c20098
0081008e
00a0008b
00af00c2
008600a1
00c90081
0073007e
006d008b
008b00a0
00750080
00b000ad
009900b6
007f007f
00a00086
00c100a0
0067007f
00a800b8
006f0072
00a70091
009700b8
005c0065
00be0095
006100a2
00a1007e
00790076
0066006d
00a600ad
0085009b
00900072
009200b1
00870097
00720063
00c300a5
00d20061
009d0097
00af0096
00a3008d
00ad00b1
00820073
00a7007c
008600b6
006e008c
00a00086
00e70089
00920097
008f00aa
00c0007d
0065005f
008e0073
00970052
00790097
00ab0091
0071007e
00790095
00750099
0083008a
00750075
009f00a5
00830092
00a1007e
00760086
00a200d0
006900b3
007f0067
009e008e
0076006a
0081008a
00980090
00650091
0080009b
009d008a
007a008a
00b10088
005f0082
0086006d
009900bd
00a00073
00a000ba
0081007a
00890059
00af008c
0050007c
00970092
00a30096
00720067
007d00b0
0076007c
00960083
00740071
0095006f
00880084
00c300b9
007d007d
00bb009a
0089008b
007d005d
00990087
008b007d
00a000a3
009100a9
00790083
00650088
00770064
00950093
00860081
008e00a2
007d00ba
008a00ae
00a1007d
00ab00bb
00c60087
00510071
00b000ad
00710071
00bb008f
00b70093
007d007a
00d70096
0073007c
009d0071
009800ba
006b0087
0076007d
00bd00af
00a00063
00aa00dd
0076005f
00560079
00d0005f
007f00ad
007d009d
008d0099
009f009a
007e0085
00790079
00890091
00be0095
0089006d
009600a9
009000a5
00da00b6
007b00aa
009300bf
00650055
00a500a0
0087008b
00f6009d
00a2006c
00890075
007a0081
00530065
008d00a6
00a50081
008900aa
00ae00c3
007b00b1
007400b8
00cb0070
00b90097
00820059
0087008a
00b60077
00b900b3
0093009a
00790071
00a1007b
007f0083
00b90065
00a6009b
00830074
008f006a
00a1008e
008e007f
00af0084
009e008d
00560051
008d00b5
0067006a
008a00af
00a0009e
00680081
00910076
007c0059
009f00b1
008c00a0
00930065
00d200ae
0098008e
006f009f
0093008a
00df00ba
0065007f
009100be
00730068
00b200b9
006b007a
00610097
00b900d0
00720059
00a600d9
00aa00a6
00910087
008f00a0
00ce008d
0078008c
00c30097
00750088
00620044
00a100c0
00860075
00bb00c8
00c50089
00a50089
00a70075
00760057
0092008a
007e008a
006e007f
008700b1
00a5009a
00760071
007f0081
00840099
006a0056
00860087
0096008b
00a900a8
009e00a9
00900097
00f2008e
0067007b
009200af
00a600a2
00890092
00ce009d
00a00093
0093009a
007f00a5
009800f1
004d0055
0080007e
006d006e
00bb00ab
0086008e
007a006e
00b0009a
006d0072
00e700c9
009e00b2
00890088
009e00ab
00bb009f
00a7008d
00b9009f
009b008d
00570046
00bf008a
00b7007e
007d00a5
0092007a
008d005d
00ab0079
007d005e
008400c3
0088008b
006e008e
007a0092
00990099
007e007e
00ad0097
00890099
009d0062
007a007f
00790075
00d800a1
009800ad
008e0074
00b200a5
005f005f
00820069
00bf0084
0086007e
008e00a9
0080008c
0090007c
00b00091
008b00d1
006b0050
009f009a
0080009b
00a700d0
00a000d5
006a0063
00b500a3
00740073
00b10093
0097007a
009900bd
00a500d7
008a00ad
00770073
008b007e
00b200d9
003f0051
00a10084
00720070
00dd0088
008300a2
0087006d
009e00df
007c0082
007f00be
009600a7
00840097
00c2008b
0095007f
008000a6
00a5009b
009500ba
005d0077
00dd007c
007f0082
009e0097
00a900c5
009700ab
009a008d
00820084
009800a3
00900098
00820073
00a2008e
00a7009d
0089007e
009700a9
00720081
00a80069
008b007e
0077006b
00d00099
00a500a2
005f0073
007f007b
008b005a
006600a5
008b0078
0062007c
00e800ed
00b0008a
008b00a5
00ae00a7
00d100dd
006f006e
00b20090
00790065
00b20097
007e008d
00690071
00af00d0
00750063
00c300c8
00a700b0
00810092
009d00bd
009d0095
0073006f
00ae00b2
00c3008a
00710076
00ab00a9
006b0077
009b006e
00d600a3
0091007f
00a100aa
005c0085
00ad008d
008f008e
006d008b
00a70110
00820095
0090006d
00810087
00980099
005b0056
00b600bd
007a0077
00960127
008b007f
00490057
00c7007b
0098007f
00bb00a9
00990090
00860095
00ae00ba
00950091
00810071
006e00a6
009600a6
006d004d
009f008a
005c0073
008e0075
00be0082
006e0059
00b50099
004f007b
008e007b
007a0068
00680089
00d00103
009f0095
007d0081
00a5007d
00be00ed
0061006c
00c10097
0091005b
00c800a6
00aa007a
00870061
00920095
0073008c
008400b0
00d800a8
00820095
00b9007e
009600a0
00720092
00ab0096
007300ad
00620062
00a00083
00850074
00780092
008900a0
00b7008a
007e00a1
006a006f
00920078
007f008b
0076007b
00a70092
00a200aa
008e008b
00810079
008f00a5
005d005c
008f0078
008a0071
0071007d
007500bd
00980072
008800a6
00650098
0071008b
00a60097
007e00a0
00a500bb
009d00a6
00ab00a6
00b900d6
007d00b8
004a0050
0095007f
0084008e
009700c3
00ab006f
00930066
008000b0
0079008a
00a7007d
009d009a
00b700a1
00d300a1
008c0087
00820097
009f0085
008e0084
005d0053
00830098
007000a2
00d500b9
009d0082
007e0091
00a300bf
00690095
008a0089
009900a2
0071009d
00d10073
009b0095
008b0097
00a600c5
008e00a2
0057007c
00a100a3
009a0079
00b900b8
008f00a9
00660087
00a2009b
00670077
009500b5
00850092
006f008a
00960091
00aa008f
00890093
00a8008a
008e008e
007d006a
00ba0097
00760075
0087008e
00970096
006f007a
009700b7
0096007f
00a100a6
009100b2
007d007c
008d00b1
009d00c3
00850096
00a900a1
009e008a
006f0089
00cb007b
00910071
008200ab
008b00ae
00830089
00b20079
00b8007a
009700c5
0072008b
0095006a
00b200ab
00c70091
009200ae
008d00ad
008d00b1
004f0065
00a300b9
00810089
00ab008d
00850072
00a8005a
00ab00ae
005a0089
00830095
00b800a2
00960080
00dd0099
008800a8
00860071
009500b2
00a00081
00900056
007e0092
00870078
00a60093
009900c2
006a007e
00b100a0
005c0077
006b007d
0089009f
008a008b
00aa009e
00a9009a
00890099
008d00a2
009b00a9
005b008e
007500a9
00890071
00db0072
008300ab
007f006d
00c10097
00720097
00a900a6
0086009f
007e0067
00ce00e6
0077007d
008000a1
0087007b
009300d2
00570072
00aa00b6
0073005d
00d500c9
006b0064
00700063
008500ee
00720091
009500e9
00b900b2
006b0087
00b200bf
0076009d
008000a9
008d00bf
00900086
00660077
008b0085
0072007a
00b8009b
00930095
0065007b
00c30092
005a00a3
006c00ab
00800082
00890085
00dd00c9
008900b8
009800b3
0099008d
00c90089
00750075
009200b1
00770076
00860082
00cd0069
00900088
00970092
005d006d
009f0082
00ad008f
008a007d
008d00a5
00aa00af
006a0077
00910075
0092009a
009b004f
00a500aa
008b0070
009f00a3
00900072
00640063
00a200ad
00a50081
007d0098
00870075
00640071
009a0097
006f006a
00ae0093
006a0061
00670099
0057005b
006d00a3
00570077
007b007f
0063006a
0078005a
007d008b
005c00b7
0093006c
006d0076
0075007b
00a600a3
0093008d
007e006d
0084007b
00c000ae
00660060
00a6006f
00670072
008500aa
00a300b3
007e0096
00a20098
00560091
00a6008f
00c50079
008e0086
00a70099
00fa00b6
008f006e
009b008a
00a5009f
008e0052
00a60085
006a0080
00c600b9
00af00b9
008c0058
00ab0096
00880075
007700a9
009300ba
00920097
00c60117
008d00ba
00910087
00af00b2
00b600bb
006a0086
00ad00af
0060006d
00e500a2
009700a2
00590070
009f00bb
006b006a
00c700d7
00a300b8
00950083
00bd0096
00780075
009b00cf
009e0083
00aa00da
00760091
00b3007e
006d006f
00a1009b
008e009a
0093005d
009300cf
006e009b
009700b6
009f00e8
00aa0077
00a6009e
009e00a3
00790080
008700c0
00a500cf
004e0053
00b000d2
00a900b7
00ad00ba
0099008a
00830066
00a20079
00810098
0083007e
007b0089
008a0084
00d5007f
00a600c5
0099007d
009d007a
008600b9
005b0071
007900a3
007d00bf
009200f1
00cb00b3
00a100c5
00840092
0062007b
0065005a
00860082
00790070
008500be
009e0092
005f0077
008500a3
009600cb
0053005a
00730070
005b006a
008e008e
00c300c6
007200b0
00c10095
009b0093
007e00b0
007e0076
0089008e
00be00c3
0077009b
009a007e
009b009f
009a00b1
005a0057
00b300f5
006b0075
00b700b7
00a0009a
00620072
00f00097
008f008b
00e7009a
009b00bf
0092007f
00b000a5
009f00b1
0074009b
00b10091
008e0097
009d0083
007f006d
00b800a0
009800a8
00b500d1
00b7009e
0095008f
0063008a
00a2008e
00920083
0082007b
00a80098
00780083
00830073
008900cf
00de0075
005a007d
009b008b
007e007a
00970091
008b00ba
007c0069
007d0088
00970086
00d00092
007100ab
0083008d
00b10093
00c5008f
008c006f
009b00c6
00b10089
00590076
009f0087
008c0051
00a1009f
008a0098
00890081
007f0081
0068006c
0090009f
009b0076
007c0096
00f30130
007b0073
00a6009e
00780077
00c700d0
004a0059
00b9009d
00850077
00cf00e8
007d0099
0058005d
00bb0095
006a006e
009f00a1
00a3009a
007a0099
00840082
007e00cd
00920069
00b000aa
00920095
006f005e
0077008b
00840075
00a8008a
008f0092
00bf0069
007500bd
00ba0065
007e00ad
009800bf
008f0091
00b10082
00a600b1
00600076
00b60082
00ba00b6
004d0060
0093008e
005d0065
00a10087
009f008b
005f0065
009500b7
008b006e
007d009a
00b20089
005d0090
00bb00a3
007d00b2
006f00a7
00890092
00ad008e
00870082
0085008b
005f0069
00d1008b
00a100a8
007a006b
00a100a1
00670095
0080008d
00760087
0079007f
00800082
00ae00a6
008f0087
008f00e8
00a90075
0067006e
00a30092
00710075
0077007b
00c20091
0095006e
00ab00a6
006d0070
00830084
008c00b3
009a009a
0092008f
00af00a2
007f007b
009f008e
00960097
006d0067
00870073
00730069
0075009a
00bb008a
008600b3
0097008d
007b0075
0086005b
00890083
00780091
009e009e
007700a3
00ae009a
00c500b3
008d009d
0085005d
00ad0077
008a0092
0091009a
00a900cd
007e0082
0085007f
006c0085
009e0081
00910082
008600a5
008300c8
00ad00a1
00a50086
00b600bf
007c00c7
00750065
00870081
00730071
00ba0088
00a3008b
00890079
00710078
00750089
00aa0095
008d006f
00820085
00a10077
00930093
00a1008f
009d0085
008300ae
006d0099
00a80093
0072009a
009e0092
00ae00c9
0057006a
00ab005d
00560051
008a0077
009200af
00630077
00bf00c6
007c0083
009d00a8
00bb00a0
00bd00d0
004d0062
00e10086
006000a9
00e100e7
00920067
00850069
00b200c6
00680067
007d0092
008300b8
0073007d
00d700c5
00500076
007d0092
0096008f
00af0092
00520063
00d200c0
0067006f
00a60081
00a20081
004b0070
00a700d5
008100b7
00b20089
00c200bb
00a1007c
00c800b1
009e009f
009d0086
008500b6
00b700b9
005b0061
00d100b8
00710062
00ce0093
0081009a
006e0057
00a900af
00740055
00af00d1
009200b2
00720097
008d0090
008300a9
00980079
007e00b6
0083007f
005e0059
007d0076
009e0059
00a50084
00a100a0
0062006d
007f00a5
008b006d
00810072
007f0064
0085008b
00a100ae
00830098
0096005b
00b600c3
008200a1
004d0080
005e0096
008a0085
00b30085
00a5008a
0086006f
00a1007e
007f0064
00740092
0075008f
008c0093
00cb0097
00a700a6
0086006a
00a500bb
009800b9
00620047
007a008a
0098008c
00870097
00b1008f
005e0071
006f0099
007e0082
00a1007c
00920093
00790069
00870091
008d0095
005f006c
00a500c0
00680085
00900074
008b0090
008d0072
00b30085
009200af
00b8007c
0078008e
009f0064
006e00ba
009d008d
004c009d
00d800c6
0087009f
009700b0
007b006b
00b000ba
005c006a
00b100d5
00630067
00aa00ce
008b0091
0063006d
00bb0095
007b005d
00a800a7
00de00c0
00650069
00ab007b
00a50086
006e0076
00be0091
009d0086
004a0055
007a0098
00990085
00d500a3
00a200b0
0066008b
008e00a2
00750081
00b800a2
007c00b6
0072008f
00910099
00900097
0081006c
008900a7
0083007e
005f004a
0073008f
006a0062
00840081
009b007d
00720075
00820077
007b0069
00870070
008b0070
00710062
00aa00c6
008b0081
008500b6
009a00af
009500af
00540056
00b600b0
005f0091
00b30097
00ae0092
006e0059
00a600a3
006f008a
00ad00d5
00a50091
005b008a
009900a5
00b200a9
007d007b
008a0091
009600c0
00570076
007c00ab
0061007a
009200b2
009600b9
007b009f
0097006d
0066007d
008d00b2
008d0078
