50414d51
00000001
00000100
00000080
0000000a
00000010
25060100
00000004
25060900
00000004
25060000
00000004
0000e000
00000000
00000000
00000000
00000000
00000000
00000000
00000000
00000000
00000000
00000000
00000000
00000000
00000000
00000000
00000000
00000000
00000000
00000000
00000000
00000000
00000000
00000000
00000000
00000000
00000000
00000000
00000000
00000000
00000000
00000000
00000000
00000000
00000000
00000000
00000000
00000000
00000000
00000000
00000000
00000000
00000000
00000000
00000000
00000000
00000000
00000000
00000000
00000000
00000000
00000000
00000000
0000003b
00000006
00000005
00000001
00000005
00000020
00000000
ffffffff
25060900
00000004
00000030
00000000
0000000c
00000000
00000000
00000000
00000004
00000000
00000000
00000000
00000000
00000000
00000000
00000000
00000002
00000002
00000c00
00000400
00000000
00000000
00000000
00000000
0000003c
00000001
00000013
00000001
00000005
00000018
00000000
ffffffff
25060940
00000004
00001000
00000000
00000400
00000000
00000000
00000000
00000004
00000000
00000000
00000000
00000000
00000000
00000000
00000000
00000002
00000002
00000c00
00000400
00000000
00000000
00000000
00000000
0000003d
00000002
00000010
00000002
00000007
00000004
00000040
0000003e
08200000
00000004
00180000
00000000
00000c00
00000400
00000000
00000000
00000200
00000000
00000000
00000000
00000000
00000000
00000000
00000000
00000005
00000002
00000000
00000c00
00000000
00000000
00000000
00000000
0000003e
00000003
00000011
00000002
00000005
00000010
00000000
ffffffff
08380000
00000004
00018000
00000000
00000c00
00000010
00000000
00000000
00000020
00000000
00000002
00000000
00000000
00000000
00000000
00000000
00000005
00000002
00000000
00000c00
00000000
00000000
00000000
00000000
0000003f
00000002
00000010
00000002
00000007
00000004
00000040
00000040
08400000
00000004
00180000
00000000
00000c00
00000400
00000000
00000000
00000200
00000000
00000000
00000000
00000000
00000000
00000000
00000000
00000006
00000002
00000000
00000c00
00000000
00000000
00000000
00000000
00000040
00000003
00000011
00000002
00000005
00000010
00000000
ffffffff
08580000
00000004
00018000
00000000
00000c00
00000010
00000000
00000000
00000020
00000000
00000002
00000000
00000000
00000000
00000000
00000000
00000006
00000002
00000000
00000c00
00000000
00000000
00000000
00000000
00000041
00000004
00000013
00000001
00000009
00000018
00000000
ffffffff
25061940
00000004
00003000
00000000
00000c00
00000000
00000000
00000000
00000004
00000000
00000000
00000000
00000000
00000000
00000000
00000000
00000005
00000002
00000000
00000c00
00000000
00000000
00000000
00000000
00000042
00000004
00000013
00000001
00000009
00000018
00000000
ffffffff
25064940
00000004
00003000
00000000
00000c00
00000000
00000000
00000000
00000004
00000000
00000000
00000000
00000000
00000000
00000000
00000000
00000006
00000002
00000000
00000c00
00000000
00000000
00000000
00000000
00000043
00000005
00000013
00000001
00000015
00000018
00000000
ffffffff
25067940
00000004
00003000
00000000
00000c00
00000000
00000000
00000000
00000004
00000000
00000000
00000000
00000000
00000000
00000000
00000000
00000005
00000002
00000000
00000c00
00000000
00000000
00000000
00000000
00000044
00000005
00000013
00000001
00000015
00000018
00000000
ffffffff
2506a940
00000004
00003000
00000000
00000c00
00000000
00000000
00000000
00000004
00000000
00000000
00000000
00000000
00000000
00000000
00000000
00000006
00000002
00000000
00000c00
00000000
00000000
00000000
00000000
00000000
00000000
00000000
00000000
00000000
00000000
00000000
00000000
00000000
00000000
00000000
00000000
00000000
00000000
00000000
00000000
00000000
00000000
00000000
00000000
00000000
00000000
00000000
00000000
00000000
00000000
00000000
00000000
00000000
00000000
00000000
00000000
00000000
00000000
00000000
00000000
00000000
00000000
00000000
00000000
00000000
00000000
00000000
00000000
00000000
00000000
00000000
00000000
00000000
00000000
00000000
00000000
00000000
00000000
00000000
00000000
00000000
00000000
00000000
00000000
00000000
00000000
00000000
00000000
00000000
00000000
00000000
00000000
00000000
00000000
00000000
00000000
00000000
00000000
00000000
00000000
00000000
00000000
00000000
00000000
00000000
00000000
00000000
00000000
00000000
00000000
00000000
00000000
00000000
00000000
00000000
00000000
00000000
00000000
00000000
00000000
00000000
00000000
00000000
00000000
00000000
00000000
00000000
00000000
00000000
00000000
00000000
00000000
00000000
00000000
00000000
00000000
00000000
00000000
00000000
00000000
00000000
00000000
00000000
00000000
00000000
00000000
00000000
00000000
00000000
00000000
00000000
00000000
00000000
00000000
00000000
00000000
00000000
00000000
00000000
00000000
00000000
00000000
00000000
00000000
00000000
00000000
00000000
00000000
00000000
00000000
00000000
00000000
00000000
00000000
00000000
00000000
00000000
00000000
00000000
00000000
00000000
00000000
00000000
00000000
00000000
00000000
00000000
00000000
00000000
00000000
00000000
00000000
00000000
00000000
00000000
00000000
00000000
00000000
00000000
00000000
00000000
00000000
00000000
00000000
00000000
00000000
00000000
00000000
00000000
00000000
00000000
00000000
00000000
00000000
00000000
00000000
00000002
00000c00
00000400
00000040
00000010
08200000
08380000
08400000
08580000
00000005
00000006
00000002
00000000
00000000
00000000
00000000
ffffd27a
00000000
fffff880
ffffbdb0
000012cc
fffff7a5
fffffb09
ffffbb0f
fffffdf9
0000177c
fffff2de
000000cf
ffffd3f0
00000000
00000fe1
ffffec54
ffff5f6c
0000228b
ffffee7f
fffffeda
fffffcfb
00000000
fffffb3a
ffffc98c
000017d9
00000b77
fffff7de
000002b6
fffffd08
000006bf
0000059b
fffffb26
00000180
0000283f
fffff9b3
00000000
00000beb
0000084a
000000b7
fffff597
0000052e
ffffd101
fffff522
00000804
ffffff86
00000281
000020dd
fffffc85
fffff25e
ffffff6a
fffffedd
000001b2
ffffe5fe
ffffe9e2
fffffa49
fffffb17
fffff2fd
fffffb4a
fffff5e5
0000045d
0000029d
fffff9f9
ffffe576
0000020f
fffff80e
000001ea
fffff63e
00000327
0000100c
fffff1f5
00000633
000000d7
00000616
fffff6c9
00000601
0000036d
fffffd37
fffff8e3
00000c79
0000064c
fffffb95
00000e3b
000000a0
fffff940
0000065f
fffff857
fffffe68
00001957
fffff938
ffffd9f4
000006b1
fffff05d
000005af
fffffb62
fffff451
00000ab3
ffffe110
000005ea
fffff859
ffffff60
000004b6
00000529
ffffffd0
fffffb9b
ffffff1f
ffffff7e
000003b3
000008aa
fffff5dd
fffff827
fffffb3a
fffff961
ffffef6f
0000049f
fffff0f0
fffff3c0
00001164
fffff964
00000684
fffff333
fffffb2b
ffffe9ec
fffffc63
fffffa86
000005c2
fffffe39
fffff9bc
00000500
000008b1
00000af9
00000751
fffffe8c
ffffffcd
000004ba
00000219
fffff964
fffff831
fffffafd
fffff870
000007c5
fffffea5
000002d1
000000c2
ffffe790
000003a0
00000135
000004f2
000000de
fffff9d5
0000088b
00000db5
0000180c
0000002d
fffff5a2
fffff7ab
00000036
fffffce0
00000be0
00000320
000000d3
fffff2c0
fffff92c
fffff8fd
0000043f
fffff00b
000012e9
00000215
00000393
fffff9f7
fffff0f9
fffff9a6
000001c5
00000154
ffffecd8
0000011d
000000b0
fffffa39
ffffff2f
fffff779
fffffcc0
ffffe797
fffffbfb
fffff97a
ffffed55
0000107c
000001dd
000002ec
000013d7
000005b5
fffffda2
fffff610
fffff8e1
00000000
fffffadc
fffffd7c
fffff962
fffffed9
fffffd80
000005ba
fffff6d1
000003ea
0000034b
fffff189
fffffd57
000005e5
fffff961
fffff741
000002a4
fffffe27
00000156
fffff503
fffffa73
fffffff6
000000e6
0000001e
00000872
fffff7e4
ffffff74
ffffee99
0000065d
fffff830
fffff829
00000455
00000e08
ffffff1d
fffff5d1
fffff523
ffffed2c
fffff6fc
000006ef
00000374
00000c29
fffffdba
ffffffd9
fffff942
fffffcb5
000004d6
00000711
00001196
fffffcba
000001f7
fffffa91
0000024d
00001214
ffffff26
fffff628
fffff5a6
00000012
fffff1aa
0000030b
00000a30
00000bff
00000d1a
00000afc
ffffed3f
00000878
fffffafe
fffffda3
00000548
ffffff14
00000f12
000005aa
000007d8
fffff9ad
000001a7
00000e66
fffffa50
00000516
000004e2
00000379
ffffffdd
fffff1ae
000002ee
000004d8
ffffe8f2
fffff5e8
fffffa30
0001c774
00000082
00000234
fffffbdd
00000463
fffffc37
fffffd6f
fffff9db
fffffdfd
fffffbd3
0000016b
fffff933
fffffedc
00000c55
fffff070
fffff4d9
ffffff81
fffffed3
ffffffeb
fffffc36
fffffcfe
fffff945
00000514
00000072
fffffcd6
fffff881
fffff82a
0000052d
000000b8
0000061f
00000314
fffff664
00000c84
ffffffc8
fffff749
0000045f
0000087e
000001c5
000005ae
000004b3
00000609
fffff47f
fffffad2
fffffcfc
fffffb3b
ffffff17
000002aa
00000720
fffffd40
fffffbfb
0000046e
fffff238
000006e9
fffffa48
ffffffd6
00000100
fffff7f7
fffffe41
00000133
fffff518
00000365
fffff300
ffffffc5
00000dbf
fffff762
00000683
00000020
000003b6
00000194
fffff6c3
0000024a
fffff126
fffff750
0000031b
fffffff4
fffffd15
fffffbdd
00000619
fffffa06
00000545
00000ee8
fffff8ae
fffff299
fffffcb9
0000060d
fffffd29
000005e7
fffffc03
fffffa6b
fffff7bd
00000547
000002bc
0000068a
00000608
fffffb96
fffffad9
00000153
fffffd66
000008e3
000001b5
00000946
fffff641
0000001e
00000a81
00000009
ffffffdb
0000005b
00000b20
fffff957
00000b61
fffff35a
0000072b
ffffee4d
00000495
00000273
fffff389
000001e8
fffff331
ffffff0d
00000023
fffff3a0
fffff47f
000000a5
00000318
fffffc49
fffffeac
fffffe53
fffffae0
00000121
00000a80
fffffeb2
000009b9
000001d9
fffff7b7
000006d4
fffffd59
fffffb0d
000002d2
fffffdeb
ffffed7e
000007b8
ffffff64
fffffc1e
00000683
000001ed
000004b9
fffffeff
ffffff6a
00001057
fffffd99
0000061b
000006d1
fffffe1c
000007a1
00000345
00000f86
000001ed
00000201
ffffffd9
000000d4
0000042a
fffffaac
00000945
0000066f
fffffceb
ffffffa0
fffff74f
000004a0
fffffb19
000001ea
fffff587
00000321
00000009
ffffee37
fffffba6
fffffa56
fffff590
00000028
fffff763
fffff9cc
0000013d
00000223
0000063b
00000472
fffff89d
00000299
fffff1b5
fffff69b
00000153
fffff450
000005b6
0000016d
fffffcc2
fffffd35
00000553
fffff6c0
00000259
00000385
00000371
fffffb74
0000010d
fffffcfd
fffffeb0
000002c3
fffff675
fffff9b9
000003a3
fffff63e
000002cf
fffffb2c
fffffc1b
00000495
000004ce
00000142
0000040b
000002f2
fffffd2a
fffff6a5
0000001b
00000358
00000345
fffff7e1
fffff600
00000bcd
fffff1da
0000090f
fffff9e3
00000341
00000040
fffff93e
fffff985
fffff9e3
0000044e
fffff7be
fffff924
fffff946
ffffffeb
fffffcc9
fffffa47
0000015f
000009e4
000004e6
00000e09
fffffddc
ffffffc5
0000022c
000000cb
000005e4
00000b6f
fffff97c
000001f8
fffffea5
00000185
fffff16a
0000012f
fffff575
fffff95e
fffffb45
00000614
00000414
00001110
fffffd0b
fffffbd3
0000007d
fffff8a8
fffff5fe
fffffb86
000004ba
fffffdf9
fffffe7a
fffffb7d
00000cb3
fffffbfb
fffffc37
0000074a
fffffbb3
fffffbb1
00000301
000008e8
0000014f
000008cc
fffffdd3
fffffe0c
000005cb
fffffc41
fffffea8
fffff6fc
000000d1
fffff8f2
fffffedd
00000776
fffff248
fffffd04
0000048e
000000a1
ffffff54
fffff6e6
fffff814
fffffbfa
00000414
00000c3f
00000a18
0000083f
0000032e
00000436
00000637
000005bd
000003a1
fffffbc0
fffffd07
00000294
fffffdaa
0000005f
fffffb43
fffff6bf
fffff920
00000523
fffffd48
00000248
0000008b
fffffce0
ffffffe4
fffffeea
000003ac
fffffd8a
fffff2cc
00000580
fffffadd
000001cf
00000297
fffff83d
00000a67
ffffffb6
fffffa47
fffffee6
fffff796
fffffeff
00000782
fffffd2d
fffffe6c
0000014f
fffffc35
00000610
fffff2cb
00000557
fffffde9
000009ed
00000451
fffffeeb
fffffed7
000006fe
fffffed3
000006df
000004c9
fffff947
0000054e
ffffff35
00000156
fffffca3
000004c2
00000332
000006de
00000e2b
fffffbf2
00000690
fffffa52
fffffcc4
00000dc1
fffffc30
fffff663
ffffffc5
fffff8c2
fffffd48
0000001e
00000bea
fffffd81
fffff772
fffffd4a
0000063f
fffffba9
fffffc7e
0000053a
fffffc2e
000002b0
0000027c
fffff980
0000066c
0000030d
00000071
fffff67a
0000031e
0000083d
00000762
fffff8be
fffffc37
fffff8ea
fffffbf4
000000a5
0000000a
00000c86
000010a3
fffffa75
fffff90c
000004e6
fffff909
00000a64
fffff77e
fffff7b1
fffffe26
fffff5fc
000003c9
0000079a
fffffeb6
00000839
ffffffa3
fffff106
000008d9
fffffbb8
00000adf
fffff84f
fffffd73
fffff9e0
fffffd57
000000df
fffffff6
fffff531
fffff947
00000434
000005ba
00000039
00000522
00000392
fffffaa7
fffffe6c
fffff925
000009f2
fffffdb8
fffffb41
fffff8b6
fffffbe7
00001095
fffffa00
0000028b
000002ba
fffff773
ffffffb3
0000097d
0000055b
ffffff08
fffffdc7
0000051c
ffffff4d
000008ea
00000475
000004d3
00000470
fffff6e0
00000114
0000096a
00000248
0000012e
00000b9a
0000096a
000000df
00000305
0000021d
ffffff0d
0000055b
00000000
000001a7
fffffae7
000004f5
00000406
000001e9
00000875
00000281
00000144
ffffff7d
fffffdfe
fffffa34
00000e3a
fffffbe8
fffffcd9
fffffd60
ffffff8c
00000568
000000b3
ffffff96
000008ff
000004b4
ffffef8f
fffff700
0000004c
fffff3ea
000006f7
fffff21b
00000502
fffffc6b
0000093a
fffff553
0000063d
0000000b
fffff5bb
fffffb2a
fffff47a
00000161
fffffd03
fffff4be
00000b5a
000002b9
fffff9aa
00000949
00000235
ffffffb9
00000491
000004d1
00000cf6
0000046e
fffff23c
fffffabd
00000666
000012a7
fffffddf
fffff021
00000548
fffffc5b
fffffea2
fffff598
fffffd94
ffffff61
fffffeb4
000003b3
00000812
0000069d
0000000b
ffffffea
00000631
00000254
000006c0
00000bc0
000001c4
fffffc1d
fffff6de
fffffe60
fffffae6
fffffc17
0000052b
fffff6a9
0000010a
fffff049
fffffaf0
fffffacf
0000045e
0000066f
fffffcd1
00000338
00000562
00000157
00000867
fffff4ac
fffffb61
00000162
00000648
fffffed2
fffff773
00000343
0000000a
fffff405
00000147
0000047f
000008ea
00000d51
fffff9f5
fffffdea
fffff5d5
fffff7ba
00000535
fffffa48
fffff7c2
000009e3
fffffe7a
fffff98d
00000370
00000929
000004b3
fffffc5f
000003f0
000000ce
00000029
fffff32c
ffffffe9
00000cba
fffffa0e
fffff877
000002fa
00000216
fffffce8
00000153
000007ca
000003e3
0000017f
0000018d
fffff05b
000009ae
00000138
fffff8dd
000017b4
fffffe46
fffffaea
fffff1ba
00000370
00000374
fffff277
00000403
fffff1b6
ffffffe7
fffffe6c
fffff803
000006c5
fffff850
fffffdc6
fffff668
ffffff03
0000057d
000007d3
0000046e
fffff94a
000005d4
000007e0
00000dbe
fffffa45
fffffe4d
fffff57a
fffffe62
fffff466
00000b5f
000001ea
00000083
ffffff68
00000646
fffffc0d
fffff291
000001e8
fffffbe4
fffffe85
00000035
00000538
fffffd1c
fffff6d8
fffffc16
fffffa20
fffffe49
fffffcb4
fffffc5f
00000000
ffffff84
00000c0c
fffffaa2
00000808
000007e3
fffff56e
fffffa26
00000b29
00000835
fffff9db
fffffaff
00000048
fffff4e8
fffffe22
fffffd6a
fffff900
fffff96b
00000a01
000003f5
000003e3
fffffab0
000004f7
fffffdd6
fffff8e8
000006c5
fffff54a
fffff3bb
0000084d
0000013d
fffffe26
fffff918
00000190
00000127
fffffc82
0000024a
000004fd
0000009e
fffff820
000001d4
0000025b
fffffa3e
fffffc22
fffff701
000005f6
fffffdf6
fffffbba
000008c2
fffff85a
000004e0
0000049c
fffffb59
00000173
000007df
fffffdb3
ffffef5d
ffffffb9
fffffbc8
00000175
00000703
000009b2
fffffc97
00000658
00000c48
00000c6a
fffffa20
00000a19
00000124
00000bbb
0000025d
ffffea74
fffffeba
000001ee
fffff850
fffff98a
fffffcb1
fffffe20
00000704
0000019f
fffffa19
00000016
0000005f
00000c84
fffff9fc
000002f5
fffffc0b
fffffc7f
fffff653
ffffff89
fffff9f2
000001dd
00000335
fffff882
00000000
00000000
00000000
00000000
00000000
00000000
00000000
00000000
00000000
00000000
00000000
00000000
00000000
00000000
00000000
00000000
00000000
00000000
00000000
00000000
00000000
00000000
00000000
00000000
00000000
00000000
00000000
00000000
00000000
00000000
00000000
00000000
00000000
00000000
00000000
00000000
00000000
00000000
00000000
00000000
00000000
00000000
00000000
00000000
00000000
00000000
00000000
00000000
00000000
00000000
00000000
00000000
00000000
00000000
00000000
00000000
00000000
00000000
00000000
00000000
00000000
00000000
00000000
00000000
00000000
00000000
00000000
00000000
00000000
00000000
00000000
00000000
00000000
00000000
00000000
00000000
00000000
00000000
00000000
00000000
00000000
00000000
00000000
00000000
00000000
00000000
00000000
00000000
00000000
00000000
00000000
00000000
00000000
00000000
00000000
00000000
00000000
00000000
00000000
00000000
00000000
00000000
00000000
00000000
00000000
00000000
00000000
00000000
00000000
00000000
00000000
00000000
00000000
00000000
00000000
00000000
00000000
00000000
00000000
00000000
00000000
00000000
00000000
00000000
00000000
00000000
00000000
00000000
00000000
00000000
00000000
00000000
00000000
00000000
00000000
00000000
00000000
00000000
00000000
00000000
00000000
00000000
00000000
00000000
00000000
00000000
00000000
00000000
00000000
00000000
00000000
00000000
00000000
00000000
00000000
00000000
00000000
00000000
00000000
00000000
00000000
00000000
00000000
00000000
00000000
00000000
00000000
00000000
00000000
00000000
00000000
00000000
00000000
00000000
00000000
00000000
00000000
00000000
00000000
00000000
00000000
00000000
00000000
00000000
00000000
00000000
00000000
00000000
00000000
00000000
00000000
00000000
00000000
00000000
00000000
00000000
00000000
00000000
00000000
00000000
00000000
00000000
00000000
00000000
00000000
00000000
00000000
00000000
00000000
00000000
00000000
00000000
00000000
00000000
00000000
00000000
00000000
00000000
00000000
00000000
00000000
00000000
00000000
00000000
00000000
00000000
00000000
00000000
00000000
00000000
00000000
00000000
00000000
00000000
00000000
00000000
00000000
00000000
00000000
00000000
00000000
00000000
00000000
00000000
00000000
00000000
00000000
00000000
00000000
00000000
00000000
00000000
00000000
00000000
00000000
00000000
00000000
00000000
00000000
00000000
00000000
00000000
00000000
00000000
00000000
00000000
00000000
00000000
00000000
00000000
00000000
00000000
00000000
00000000
00000000
00000000
00000000
00000000
00000000
00000000
00000000
00000000
00000000
00000000
00000000
00000000
00000000
00000000
00000000
00000000
00000000
00000000
00000000
00000000
00000000
00000000
00000000
00000000
00000000
00000000
00000000
00000000
00000000
00000000
00000000
00000000
00000000
00000000
00000000
00000000
00000000
00000000
00000000
00000000
00000000
00000000
00000000
00000000
00000000
00000000
00000000
00000000
00000000
00000000
00000000
00000000
00000000
00000000
00000000
00000000
00000000
00000000
00000000
00000000
00000000
00000000
00000000
00000000
00000000
00000000
00000000
00000000
00000000
00000000
00000000
00000000
00000000
00000000
00000000
00000000
00000000
00000000
00000000
00000000
00000000
00000000
00000000
00000000
00000000
00000000
00000000
00000000
00000000
00000000
00000000
00000000
00000000
00000000
00000000
00000000
00000000
00000000
00000000
00000000
00000000
00000000
00000000
00000000
00000000
00000000
00000000
00000000
00000000
00000000
00000000
00000000
00000000
00000000
00000000
00000000
00000000
00000000
00000000
00000000
00000000
00000000
00000000
00000000
00000000
00000000
00000000
00000000
00000000
00000000
00000000
00000000
00000000
00000000
00000000
00000000
00000000
00000000
00000000
00000000
00000000
00000000
00000000
00000000
00000000
00000000
00000000
00000000
00000000
00000000
00000000
00000000
00000000
00000000
00000000
00000000
00000000
00000000
00000000
00000000
00000000
00000000
00000000
00000000
00000000
00000000
00000000
00000000
00000000
00000000
00000000
00000000
00000000
00000000
00000000
00000000
00000000
00000000
00000000
00000000
00000000
00000000
00000000
00000000
00000000
00000000
00000000
00000000
00000000
00000000
00000000
00000000
00000000
00000000
00000000
00000000
00000000
00000000
00000000
00000000
00000000
00000000
00000000
00000000
00000000
00000000
00000000
00000000
00000000
00000000
00000000
00000000
00000000
00000000
00000000
00000000
00000000
00000000
00000000
00000000
00000000
00000000
00000000
00000000
00000000
00000000
00000000
00000000
00000000
00000000
00000000
00000000
00000000
00000000
00000000
00000000
00000000
00000000
00000000
00000000
00000000
00000000
00000000
00000000
00000000
00000000
00000000
00000000
00000000
00000000
00000000
00000000
00000000
00000000
00000000
00000000
00000000
00000000
00000000
00000000
00000000
00000000
00000000
00000000
00000000
00000000
00000000
00000000
00000000
00000000
00000000
00000000
00000000
00000000
00000000
00000000
00000000
00000000
00000000
00000000
00000000
00000000
00000000
00000000
00000000
00000000
00000000
00000000
00000000
00000000
00000000
00000000
00000000
00000000
00000000
00000000
00000000
00000000
00000000
00000000
00000000
00000000
00000000
00000000
00000000
00000000
00000000
00000000
00000000
00000000
00000000
00000000
00000000
00000000
00000000
00000000
00000000
00000000
00000000
00000000
00000000
00000000
00000000
00000000
00000000
00000000
00000000
00000000
00000000
00000000
00000000
00000000
00000000
00000000
00000000
00000000
00000000
00000000
00000000
00000000
00000000
00000000
00000000
00000000
00000000
00000000
00000000
00000000
00000000
00000000
00000000
00000000
00000000
00000000
00000000
00000000
00000000
00000000
00000000
00000000
00000000
00000000
00000000
00000000
00000000
00000000
00000000
00000000
00000000
00000000
00000000
00000000
00000000
00000000
00000000
00000000
00000000
00000000
00000000
00000000
00000000
00000000
00000000
00000000
00000000
00000000
00000000
00000000
00000000
00000000
00000000
00000000
00000000
00000000
00000000
00000000
00000000
00000000
00000000
00000000
00000000
00000000
00000000
00000000
00000000
00000000
00000000
00000000
00000000
00000000
00000000
00000000
00000000
00000000
00000000
00000000
00000000
00000000
00000000
00000000
00000000
00000000
00000000
00000000
00000000
00000000
00000000
00000000
00000000
00000000
00000000
00000000
00000000
00000000
00000000
00000000
00000000
00000000
00000000
00000000
00000000
00000000
00000000
00000000
00000000
00000000
00000000
00000000
00000000
00000000
00000000
00000000
00000000
00000000
00000000
00000000
00000000
00000000
00000000
00000000
00000000
00000000
00000000
00000000
00000000
00000000
00000000
00000000
00000000
00000000
00000000
00000000
00000000
00000000
00000000
00000000
00000000
00000000
00000000
00000000
00000000
00000000
00000000
00000000
00000000
00000000
00000000
00000000
00000000
00000000
00000000
00000000
00000000
00000000
00000000
00000000
00000000
00000000
00000000
00000000
00000000
00000000
00000000
00000000
00000000
00000000
00000000
00000000
00000000
00000000
00000000
00000000
00000000
00000000
00000000
00000000
00000000
00000000
00000000
00000000
00000000
00000000
00000000
00000000
00000000
00000000
00000000
00000000
00000000
00000000
00000000
00000000
00000000
00000000
00000000
00000000
00000000
00000000
00000000
00000000
00000000
00000000
00000000
00000000
00000000
00000000
00000000
00000000
00000000
00000000
00000000
00000000
00000000
00000000
00000000
00000000
00000000
00000000
00000000
00000000
00000000
00000000
00000000
00000000
00000000
00000000
00000000
00000000
00000000
00000000
00000000
00000000
00000000
00000000
00000000
00000000
00000000
00000000
00000000
00000000
00000000
00000000
00000000
00000000
00000000
00000000
00000000
00000000
00000000
00000000
00000000
00000000
00000000
00000000
00000000
00000000
00000000
00000000
00000000
00000000
00000000
00000000
00000000
00000000
00000000
00000000
00000000
00000000
00000000
00000000
00000000
00000000
00000000
00000000
00000000
00000000
00000000
00000000
00000000
00000000
00000000
00000000
00000000
00000000
00000000
00000000
00000000
00000000
00000000
00000000
00000000
00000000
00000000
00000000
00000000
00000000
00000000
00000000
00000000
00000000
00000000
00000000
00000000
00000000
00000000
00000000
00000000
00000000
00000000
00000000
00000000
00000000
00000000
00000000
00000000
00000000
00000000
00000000
00000000
00000000
00000000
00000000
00000000
00000000
00000000
00000000
00000000
00000000
00000000
00000000
00000000
00000000
00000000
00000000
00000000
00000000
00000000
00000000
00000000
00000000
00000000
00000000
00000000
00000000
00000000
00000000
00000000
00000000
00000000
00000000
00000000
00000000
00000000
00000000
00000000
00000000
00000000
00000000
00000000
00000000
00000000
00000000
00000000
00000000
00000000
00000000
00000000
00000000
00000000
00000000
00000000
00000000
00000000
00000000
00000000
00000000
00000000
00000000
00000000
00000000
00000000
00000000
00000000
00000000
00000000
00000000
00000000
00000000
00000000
00000000
00000000
00000000
00000000
00000000
00000000
00000000
00000000
00000000
00000000
00000000
00000000
00000000
00000000
00000000
00000000
00000000
00000000
00000000
00000000
00000000
00000000
00000000
00000000
00000000
00000000
00000000
00000000
00000000
00000000
00000000
00000000
00000000
00000000
00000000
00000000
00000000
00000000
00000000
00000000
00000000
00000000
00000000
00000000
00000000
00000000
00000000
00000000
00000000
00000000
00000000
00000000
00000000
00000000
00000000
00000000
00000000
00000000
00000000
00000000
00000000
00000000
00000000
00000000
00000000
00000000
00000000
00000000
00000000
00000000
00000000
00000000
00000000
00000000
00000000
00000000
00000000
00000000
00000000
00000000
00000000
00000000
00000000
00000000
00000000
00000000
00000000
00000000
00000000
00000000
00000000
00000000
00000000
00000000
00000000
00000000
00000000
00000000
00000000
00000000
00000000
00000000
00000000
00000000
00000000
00000000
00000000
00000000
00000000
00000000
00000000
00000000
00000000
00000000
00000000
00000000
00000000
00000000
00000000
00000000
00000000
00000000
00000000
00000000
00000000
00000000
00000000
00000000
00000000
00000000
00000000
00000000
00000000
00000000
00000000
00000000
00000000
00000000
00000000
00000000
00000000
00000000
00000000
00000000
00000000
00000000
00000000
00000000
00000000
00000000
00000000
00000000
00000000
00000000
00000000
00000000
00000000
00000000
00000000
00000000
00000000
00000000
00000000
00000000
00000000
00000000
00000000
00000000
00000000
00000000
00000000
00000000
00000000
00000000
00000000
00000000
00000000
00000000
00000000
00000000
00000000
00000000
00000000
00000000
00000000
00000000
00000000
00000000
00000000
00000000
00000000
00000000
00000000
00000000
00000000
00000000
00000000
00000000
00000000
00000000
00000000
00000000
00000000
00000000
00000000
00000000
00000000
00000000
00000000
00000000
00000000
00000000
00000000
00000000
00000000
00000000
00000000
00000000
00000000
00000000
00000000
00000000
00000000
00000000
00000000
00000000
00000000
00000000
00000000
00000000
00000000
00000000
00000000
00000000
00000000
00000000
00000000
00000000
00000000
00000000
00000000
00000000
00000000
00000000
00000000
00000000
00000000
00000000
00000000
00000000
00000000
00000000
00000000
00000000
00000000
00000000
00000000
00000000
00000000
00000000
00000000
00000000
00000000
00000000
00000000
00000000
00000000
00000000
00000000
00000000
00000000
00000000
00000000
00000000
00000000
00000000
00000000
00000000
00000000
00000000
00000000
00000000
00000000
00000000
00000000
00000000
00000000
00000000
00000000
00000000
00000000
00000000
00000000
00000000
00000000
00000000
00000000
00000000
00000000
00000000
00000000
00000000
00000000
00000000
00000000
00000000
00000000
00000000
00000000
00000000
00000000
00000000
00000000
00000000
00000000
00000000
00000000
00000000
00000000
00000000
00000000
00000000
00000000
00000000
00000000
00000000
00000000
00000000
00000000
00000000
00000000
00000000
00000000
00000000
00000000
00000000
00000000
00000000
00000000
00000000
00000000
00000000
00000000
00000000
00000000
00000000
00000000
00000000
00000000
00000000
00000000
00000000
00000000
00000000
00000000
00000000
00000000
00000000
00000000
00000000
00000000
00000000
00000000
00000000
00000000
00000000
00000000
00000000
00000000
00000000
00000000
00000000
00000000
00000000
00000000
00000000
00000000
00000000
00000000
00000000
00000000
00000000
00000000
00000000
00000000
00000000
00000000
00000000
00000000
00000000
00000000
00000000
00000000
00000000
00000000
00000000
00000000
00000000
00000000
00000000
00000000
00000000
00000000
00000000
00000000
00000000
00000000
00000000
00000000
00000000
00000000
00000000
00000000
00000000
00000000
00000000
00000000
00000000
00000000
00000000
00000000
00000000
00000000
00000000
00000000
00000000
00000000
00000000
00000000
00000000
00000000
00000000
00000000
00000000
00000000
00000000
00000000
00000000
00000000
00000000
00000000
00000000
00000000
00000000
00000000
00000000
00000000
00000000
00000000
00000000
00000000
00000000
00000000
00000000
00000000
00000000
00000000
00000000
00000000
00000000
00000000
00000000
00000000
00000000
00000000
00000000
00000000
00000000
00000000
00000000
00000000
00000000
00000000
00000000
00000000
00000000
00000000
00000000
00000000
00000000
00000000
00000000
00000000
00000000
00000000
00000000
00000000
00000000
00000000
00000000
00000000
00000000
00000000
00000000
00000000
00000000
00000000
00000000
00000000
00000000
00000000
00000000
00000000
00000000
00000000
00000000
00000000
00000000
00000000
00000000
00000000
00000000
00000000
00000000
00000000
00000000
00000000
00000000
00000000
00000000
00000000
00000000
00000000
00000000
00000000
00000000
00000000
00000000
00000000
00000000
00000000
00000000
00000000
00000000
00000000
00000000
00000000
00000000
00000000
00000000
00000000
00000000
00000000
00000000
00000000
00000000
00000000
00000000
00000000
00000000
00000000
00000000
00000000
00000000
00000000
00000000
00000000
00000000
00000000
00000000
00000000
00000000
00000000
00000000
00000000
00000000
00000000
00000000
00000000
00000000
00000000
00000000
00000000
00000000
00000000
00000000
00000000
00000000
00000000
00000000
00000000
00000000
00000000
00000000
00000000
00000000
00000000
00000000
00000000
00000000
00000000
00000000
00000000
00000000
00000000
00000000
00000000
00000000
00000000
00000000
00000000
00000000
00000000
00000000
00000000
00000000
00000000
00000000
00000000
00000000
00000000
00000000
00000000
00000000
00000000
00000000
00000000
00000000
00000000
00000000
00000000
00000000
00000000
00000000
00000000
00000000
00000000
00000000
00000000
00000000
00000000
00000000
00000000
00000000
00000000
00000000
00000000
00000000
00000000
00000000
00000000
00000000
00000000
00000000
00000000
00000000
00000000
00000000
00000000
00000000
00000000
00000000
00000000
00000000
00000000
00000000
00000000
00000000
00000000
00000000
00000000
00000000
00000000
00000000
00000000
00000000
00000000
00000000
00000000
00000000
00000000
00000000
00000000
00000000
00000000
00000000
00000000
00000000
00000000
00000000
00000000
00000000
00000000
00000000
00000000
00000000
00000000
00000000
00000000
00000000
00000000
00000000
00000000
00000000
00000000
00000000
00000000
00000000
00000000
00000000
00000000
00000000
00000000
00000000
00000000
00000000
00000000
00000000
00000000
00000000
00000000
00000000
00000000
00000000
00000000
00000000
00000000
00000000
00000000
00000000
00000000
00000000
00000000
00000000
00000000
00000000
00000000
00000000
00000000
00000000
00000000
00000000
00000000
00000000
00000000
00000000
00000000
00000000
00000000
00000000
00000000
00000000
00000000
00000000
00000000
00000000
00000000
00000000
00000000
00000000
00000000
00000000
00000000
00000000
00000000
00000000
00000000
00000000
00000000
00000000
00000000
00000000
00000000
00000000
00000000
00000000
00000000
00000000
00000000
00000000
00000000
00000000
00000000
00000000
00000000
00000000
00000000
00000000
00000000
00000000
00000000
00000000
00000000
00000000
00000000
00000000
00000000
00000000
00000000
00000000
00000000
00000000
00000000
00000000
00000000
00000000
00000000
00000000
00000000
00000000
00000000
00000000
00000000
00000000
00000000
00000000
00000000
00000000
00000000
00000000
00000000
00000000
00000000
00000000
00000000
00000000
00000000
00000000
00000000
00000000
00000000
00000000
00000000
00000000
00000000
00000000
00000000
00000000
00000000
00000000
00000000
00000000
00000000
00000000
00000000
00000000
00000000
00000000
00000000
00000000
00000000
00000000
00000000
00000000
00000000
00000000
00000000
00000000
00000000
00000000
00000000
00000000
00000000
00000000
00000000
00000000
00000000
00000000
00000000
00000000
00000000
00000000
00000000
00000000
00000000
00000000
00000000
00000000
00000000
00000000
00000000
00000000
00000000
00000000
00000000
00000000
00000000
00000000
00000000
00000000
00000000
00000000
00000000
00000000
00000000
00000000
00000000
00000000
00000000
00000000
00000000
00000000
00000000
00000000
00000000
00000000
00000000
00000000
00000000
00000000
00000000
00000000
00000000
00000000
00000000
00000000
00000000
00000000
00000000
00000000
00000000
00000000
00000000
00000000
00000000
00000000
00000000
00000000
00000000
00000000
00000000
00000000
00000000
00000000
00000000
00000000
00000000
00000000
00000000
00000000
00000000
00000000
00000000
00000000
00000000
00000000
00000000
00000000
00000000
00000000
00000000
00000000
00000000
00000000
00000000
00000000
00000000
00000000
00000000
00000000
00000000
00000000
00000000
00000000
00000000
00000000
00000000
00000000
00000000
00000000
00000000
00000000
00000000
00000000
00000000
00000000
00000000
00000000
00000000
00000000
00000000
00000000
00000000
00000000
00000000
00000000
00000000
00000000
00000000
00000000
00000000
00000000
00000000
00000000
00000000
00000000
00000000
00000000
00000000
00000000
00000000
00000000
00000000
00000000
00000000
00000000
00000000
00000000
00000000
00000000
00000000
00000000
00000000
00000000
00000000
00000000
00000000
00000000
00000000
00000000
00000000
00000000
00000000
00000000
00000000
00000000
00000000
00000000
00000000
00000000
00000000
00000000
00000000
00000000
00000000
00000000
00000000
00000000
00000000
00000000
00000000
00000000
00000000
00000000
00000000
00000000
00000000
00000000
00000000
00000000
00000000
00000000
00000000
00000000
00000000
00000000
00000000
00000000
00000000
00000000
00000000
00000000
00000000
00000000
00000000
00000000
00000000
00000000
00000000
00000000
00000000
00000000
00000000
00000000
00000000
00000000
00000000
00000000
00000000
00000000
00000000
00000000
00000000
00000000
00000000
00000000
00000000
00000000
00000000
00000000
00000000
00000000
00000000
00000000
00000000
00000000
00000000
00000000
00000000
00000000
00000000
00000000
00000000
00000000
00000000
00000000
00000000
00000000
00000000
00000000
00000000
00000000
00000000
00000000
00000000
00000000
00000000
00000000
00000000
00000000
00000000
00000000
00000000
00000000
00000000
00000000
00000000
00000000
00000000
00000000
00000000
00000000
00000000
00000000
00000000
00000000
00000000
00000000
00000000
00000000
00000000
00000000
00000000
00000000
00000000
00000000
00000000
00000000
00000000
00000000
00000000
00000000
00000000
00000000
00000000
00000000
00000000
00000000
00000000
00000000
00000000
00000000
00000000
00000000
00000000
00000000
00000000
00000000
00000000
00000000
00000000
00000000
00000000
00000000
00000000
00000000
00000000
00000000
00000000
00000000
00000000
00000000
00000000
00000000
00000000
00000000
00000000
00000000
00000000
00000000
00000000
00000000
00000000
00000000
00000000
00000000
00000000
00000000
00000000
00000000
00000000
00000000
00000000
00000000
00000000
00000000
00000000
00000000
00000000
00000000
00000000
00000000
00000000
00000000
00000000
00000000
00000000
00000000
00000000
00000000
00000000
00000000
00000000
00000000
00000000
00000000
00000000
00000000
00000000
00000000
00000000
00000000
00000000
00000000
00000000
00000000
00000000
00000000
00000000
00000000
00000000
00000000
00000000
00000000
00000000
00000000
00000000
00000000
00000000
00000000
00000000
00000000
00000000
00000000
00000000
00000000
00000000
00000000
00000000
00000000
00000000
00000000
00000000
00000000
00000000
00000000
00000000
00000000
00000000
00000000
00000000
00000000
00000000
00000000
00000000
00000000
00000000
00000000
00000000
00000000
00000000
00000000
00000000
00000000
00000000
00000000
00000000
00000000
00000000
00000000
00000000
00000000
00000000
00000000
00000000
00000000
00000000
00000000
00000000
00000000
00000000
00000000
00000000
00000000
00000000
00000000
00000000
00000000
00000000
00000000
00000000
00000000
00000000
00000000
00000000
00000000
00000000
00000000
00000000
00000000
00000000
00000000
00000000
00000000
00000000
00000000
00000000
00000000
00000000
00000000
00000000
00000000
00000000
00000000
00000000
00000000
00000000
00000000
00000000
00000000
00000000
00000000
00000000
00000000
00000000
00000000
00000000
00000000
00000000
00000000
00000000
00000000
00000000
00000000
00000000
00000000
00000000
00000000
00000000
00000000
00000000
00000000
00000000
00000000
00000000
00000000
00000000
00000000
00000000
00000000
00000000
00000000
00000000
00000000
00000000
00000000
00000000
00000000
00000000
00000000
00000000
00000000
00000000
00000000
00000000
00000000
00000000
00000000
00000000
00000000
00000000
00000000
00000000
00000000
00000000
00000000
00000000
00000000
00000000
00000000
00000000
00000000
00000000
00000000
00000000
00000000
00000000
00000000
00000000
00000000
00000000
00000000
00000000
00000000
00000000
00000000
00000000
00000000
00000000
00000000
00000000
00000000
00000000
00000000
00000000
00000000
00000000
00000000
00000000
00000000
00000000
00000000
00000000
00000000
00000000
00000000
00000000
00000000
00000000
00000000
00000000
00000000
00000000
00000000
00000000
00000000
00000000
00000000
00000000
00000000
00000000
00000000
00000000
00000000
00000000
00000000
00000000
00000000
00000000
00000000
00000000
00000000
00000000
00000000
00000000
00000000
00000000
00000000
00000000
00000000
00000000
00000000
00000000
00000000
00000000
00000000
00000000
00000000
00000000
00000000
00000000
00000000
00000000
00000000
00000000
00000000
00000000
00000000
00000000
00000000
00000000
00000000
00000000
00000000
00000000
00000000
00000000
00000000
00000000
00000000
00000000
00000000
00000000
00000000
00000000
00000000
00000000
00000000
00000000
00000000
00000000
00000000
00000000
00000000
00000000
00000000
00000000
00000000
00000000
00000000
00000000
00000000
00000000
00000000
00000000
00000000
00000000
00000000
00000000
00000000
00000000
00000000
00000000
00000000
00000000
00000000
00000000
00000000
00000000
00000000
00000000
00000000
00000000
00000000
00000000
00000000
00000000
00000000
00000000
00000000
00000000
00000000
00000000
00000000
00000000
00000000
00000000
00000000
00000000
00000000
00000000
00000000
00000000
00000000
00000000
00000000
00000000
00000000
00000000
00000000
00000000
00000000
00000000
00000000
00000000
00000000
00000000
00000000
00000000
00000000
00000000
00000000
00000000
00000000
00000000
00000000
00000000
00000000
00000000
00000000
00000000
00000000
00000000
00000000
00000000
00000000
00000000
00000000
00000000
00000000
00000000
00000000
00000000
00000000
00000000
00000000
00000000
00000000
00000000
00000000
00000000
00000000
00000000
00000000
00000000
00000000
00000000
00000000
00000000
00000000
00000000
00000000
00000000
00000000
00000000
00000000
00000000
00000000
00000000
00000000
00000000
00000000
00000000
00000000
00000000
00000000
00000000
00000000
00000000
00000000
00000000
00000000
00000000
00000000
00000000
00000000
00000000
00000000
00000000
00000000
00000000
00000000
00000000
00000000
00000000
00000000
00000000
00000000
00000000
00000000
00000000
00000000
00000000
00000000
00000000
00000000
00000000
00000000
00000000
00000000
00000000
00000000
00000000
00000000
00000000
00000000
00000000
00000000
00000000
00000000
00000000
00000000
00000000
00000000
00000000
00000000
00000000
00000000
00000000
00000000
00000000
00000000
00000000
00000000
00000000
00000000
00000000
00000000
00000000
00000000
00000000
00000000
00000000
00000000
00000000
00000000
00000000
00000000
00000000
00000000
00000000
00000000
00000000
00000000
00000000
00000000
00000000
00000000
00000000
00000000
00000000
00000000
00000000
00000000
00000000
00000000
00000000
00000000
00000000
00000000
00000000
00000000
00000000
00000000
00000000
00000000
00000000
00000000
00000000
00000000
00000000
00000000
00000000
00000000
00000000
00000000
00000000
00000000
00000000
00000000
00000000
00000000
00000000
00000000
00000000
00000000
00000000
00000000
00000000
00000000
00000000
00000000
00000000
00000000
00000000
00000000
00000000
00000000
00000000
00000000
00000000
00000000
00000000
00000000
00000000
00000000
00000000
00000000
00000000
00000000
00000000
00000000
00000000
00000000
00000000
00000000
00000000
00000000
00000000
00000000
00000000
00000000
00000000
00000000
00000000
00000000
00000000
00000000
00000000
00000000
00000000
00000000
00000000
00000000
00000000
00000000
00000000
00000000
00000000
00000000
00000000
00000000
00000000
00000000
00000000
00000000
00000000
00000000
00000000
00000000
00000000
00000000
00000000
00000000
00000000
00000000
00000000
00000000
00000000
00000000
00000000
00000000
00000000
00000000
00000000
00000000
00000000
00000000
00000000
00000000
00000000
00000000
00000000
00000000
00000000
00000000
00000000
00000000
00000000
00000000
00000000
00000000
00000000
00000000
00000000
00000000
00000000
00000000
00000000
00000000
00000000
00000000
00000000
00000000
00000000
00000000
00000000
00000000
00000000
00000000
00000000
00000000
00000000
00000000
00000000
00000000
00000000
00000000
00000000
00000000
00000000
00000000
00000000
00000000
00000000
00000000
00000000
00000000
00000000
00000000
00000000
00000000
00000000
00000000
00000000
00000000
00000000
00000000
00000000
00000000
00000000
00000000
00000000
00000000
00000000
00000000
00000000
00000000
00000000
00000000
00000000
00000000
00000000
00000000
00000000
00000000
00000000
00000000
00000000
00000000
00000000
00000000
00000000
00000000
00000000
00000000
00000000
00000000
00000000
00000000
00000000
00000000
00000000
00000000
00000000
00000000
00000000
00000000
00000000
00000000
00000000
00000000
00000000
00000000
00000000
00000000
00000000
00000000
00000000
00000000
00000000
00000000
00000000
00000000
00000000
00000000
00000000
00000000
00000000
00000000
00000000
00000000
00000000
00000000
00000000
00000000
00000000
00000000
00000000
00000000
00000000
00000000
00000000
00000000
00000000
00000000
00000000
00000000
00000000
00000000
00000000
00000000
00000000
00000000
00000000
00000000
00000000
00000000
00000000
00000000
00000000
00000000
00000000
00000000
00000000
00000000
00000000
00000000
00000000
00000000
00000000
00000000
00000000
00000000
00000000
00000000
00000000
00000000
00000000
00000000
00000000
00000000
00000000
00000000
00000000
00000000
00000000
00000000
00000000
00000000
00000000
00000000
00000000
00000000
00000000
00000000
00000000
00000000
00000000
00000000
00000000
00000000
00000000
00000000
00000000
00000000
00000000
00000000
00000000
00000000
00000000
00000000
00000000
00000000
00000000
00000000
00000000
00000000
00000000
00000000
00000000
00000000
00000000
00000000
00000000
00000000
00000000
00000000
00000000
00000000
00000000
00000000
00000000
00000000
00000000
00000000
00000000
00000000
00000000
00000000
00000000
00000000
00000000
00000000
00000000
00000000
00000000
00000000
00000000
00000000
00000000
00000000
00000000
00000000
00000000
00000000
00000000
00000000
00000000
00000000
00000000
00000000
00000000
00000000
00000000
00000000
00000000
00000000
00000000
00000000
00000000
00000000
00000000
00000000
00000000
00000000
00000000
00000000
00000000
00000000
00000000
00000000
00000000
00000000
00000000
00000000
00000000
00000000
00000000
00000000
00000000
00000000
00000000
00000000
00000000
00000000
00000000
00000000
00000000
00000000
00000000
00000000
00000000
00000000
00000000
00000000
00000000
00000000
00000000
00000000
00000000
00000000
00000000
00000000
00000000
00000000
00000000
00000000
00000000
00000000
00000000
00000000
00000000
00000000
00000000
00000000
00000000
00000000
00000000
00000000
00000000
00000000
00000000
00000000
00000000
00000000
00000000
00000000
00000000
00000000
00000000
00000000
00000000
00000000
00000000
00000000
00000000
00000000
00000000
00000000
00000000
00000000
00000000
00000000
00000000
00000000
00000000
00000000
00000000
00000000
00000000
00000000
00000000
00000000
00000000
00000000
00000000
00000000
00000000
00000000
00000000
00000000
00000000
00000000
00000000
00000000
00000000
00000000
00000000
00000000
00000000
00000000
00000000
00000000
00000000
00000000
00000000
00000000
00000000
00000000
00000000
00000000
00000000
00000000
00000000
00000000
00000000
00000000
00000000
00000000
00000000
00000000
00000000
00000000
00000000
00000000
00000000
00000000
00000000
00000000
00000000
00000000
00000000
00000000
00000000
00000000
00000000
00000000
00000000
00000000
00000000
00000000
00000000
00000000
00000000
00000000
00000000
00000000
00000000
00000000
00000000
00000000
00000000
00000000
00000000
00000000
00000000
00000000
00000000
00000000
00000000
00000000
00000000
00000000
00000000
00000000
00000000
00000000
00000000
00000000
00000000
00000000
00000000
00000000
00000000
00000000
00000000
00000000
00000000
00000000
00000000
00000000
00000000
00000000
00000000
00000000
00000000
00000000
00000000
00000000
00000000
00000000
00000000
00000000
00000000
00000000
00000000
00000000
00000000
00000000
00000000
00000000
00000000
00000000
00000000
00000000
00000000
00000000
00000000
00000000
00000000
00000000
00000000
00000000
00000000
00000000
00000000
00000000
00000000
00000000
00000000
00000000
00000000
00000000
00000000
00000000
00000000
00000000
00000000
00000000
00000000
00000000
00000000
00000000
00000000
00000000
00000000
00000000
00000000
00000000
00000000
00000000
00000000
00000000
00000000
00000000
00000000
00000000
00000000
00000000
00000000
00000000
00000000
00000000
00000000
00000000
00000000
00000000
00000000
00000000
00000000
00000000
00000000
00000000
00000000
00000000
00000000
00000000
00000000
00000000
00000000
00000000
00000000
00000000
00000000
00000000
00000000
00000000
00000000
00000000
00000000
00000000
00000000
00000000
00000000
00000000
00000000
00000000
00000000
00000000
00000000
00000000
00000000
00000000
00000000
00000000
00000000
00000000
00000000
00000000
00000000
00000000
00000000
00000000
00000000
00000000
00000000
00000000
00000000
00000000
00000000
00000000
00000000
00000000
00000000
00000000
00000000
00000000
00000000
00000000
00000000
00000000
00000000
00000000
00000000
00000000
00000000
00000000
00000000
00000000
00000000
00000000
00000000
00000000
00000000
00000000
00000000
00000000
00000000
00000000
00000000
00000000
00000000
00000000
00000000
00000000
00000000
00000000
00000000
00000000
00000000
00000000
00000000
00000000
00000000
00000000
00000000
00000000
00000000
00000000
00000000
00000000
00000000
00000000
00000000
00000000
00000000
00000000
00000000
00000000
00000000
00000000
00000000
00000000
00000000
00000000
00000000
00000000
00000000
00000000
00000000
00000000
00000000
00000000
00000000
00000000
00000000
00000000
00000000
00000000
00000000
00000000
00000000
00000000
00000000
00000000
00000000
00000000
00000000
00000000
00000000
00000000
00000000
00000000
00000000
00000000
00000000
00000000
00000000
00000000
00000000
00000000
00000000
00000000
00000000
00000000
00000000
00000000
00000000
00000000
00000000
00000000
00000000
00000000
00000000
00000000
00000000
00000000
00000000
00000000
00000000
00000000
00000000
00000000
00000000
00000000
00000000
00000000
00000000
00000000
00000000
00000000
00000000
00000000
00000000
00000000
00000000
00000000
00000000
00000000
00000000
00000000
00000000
00000000
00000000
00000000
00000000
00000000
00000000
00000000
00000000
00000000
00000000
00000000
00000000
00000000
00000000
00000000
00000000
00000000
00000000
00000000
00000000
00000000
00000000
00000000
00000000
00000000
00000000
00000000
00000000
00000000
00000000
00000000
00000000
00000000
00000000
00000000
00000000
00000000
00000000
00000000
00000000
00000000
00000000
00000000
00000000
00000000
00000000
00000000
00000000
00000000
00000000
00000000
00000000
00000000
00000000
00000000
00000000
00000000
00000000
00000000
00000000
00000000
00000000
00000000
00000000
00000000
00000000
00000000
00000000
00000000
00000000
00000000
00000000
00000000
00000000
00000000
00000000
00000000
00000000
00000000
00000000
00000000
00000000
00000000
00000000
00000000
00000000
00000000
00000000
00000000
00000000
00000000
00000000
00000000
00000000
00000000
00000000
00000000
00000000
00000000
00000000
00000000
00000000
00000000
00000000
00000000
00000000
00000000
00000000
00000000
00000000
00000000
00000000
00000000
00000000
00000000
00000000
00000000
00000000
00000000
00000000
00000000
00000000
00000000
00000000
00000000
00000000
00000000
00000000
00000000
00000000
00000000
00000000
00000000
00000000
00000000
00000000
00000000
00000000
00000000
00000000
00000000
00000000
00000000
00000000
00000000
00000000
00000000
00000000
00000000
00000000
00000000
00000000
00000000
00000000
00000000
00000000
00000000
00000000
00000000
00000000
00000000
00000000
00000000
00000000
00000000
00000000
00000000
00000000
00000000
00000000
00000000
00000000
00000000
00000000
00000000
00000000
00000000
00000000
00000000
00000000
00000000
00000000
00000000
00000000
00000000
00000000
00000000
00000000
00000000
00000000
00000000
00000000
00000000
00000000
00000000
00000000
00000000
00000000
00000000
00000000
00000000
00000000
00000000
00000000
00000000
00000000
00000000
00000000
00000000
00000000
00000000
00000000
00000000
00000000
00000000
00000000
00000000
00000000
00000000
00000000
00000000
00000000
00000000
00000000
00000000
00000000
00000000
00000000
00000000
00000000
00000000
00000000
00000000
00000000
00000000
00000000
00000000
00000000
00000000
00000000
00000000
00000000
00000000
00000000
00000000
00000000
00000000
00000000
00000000
00000000
00000000
00000000
00000000
00000000
00000000
00000000
00000000
00000000
00000000
00000000
00000000
00000000
00000000
00000000
00000000
00000000
00000000
00000000
00000000
00000000
00000000
00000000
00000000
00000000
00000000
00000000
00000000
00000000
00000000
00000000
00000000
00000000
00000000
00000000
00000000
00000000
00000000
00000000
00000000
00000000
00000000
00000000
00000000
00000000
00000000
00000000
00000000
00000000
00000000
00000000
00000000
00000000
00000000
00000000
00000000
00000000
00000000
00000000
00000000
00000000
00000000
00000000
00000000
00000000
00000000
00000000
00000000
00000000
00000000
00000000
00000000
00000000
00000000
00000000
00000000
00000000
00000000
00000000
00000000
00000000
00000000
00000000
00000000
00000000
00000000
00000000
00000000
00000000
00000000
00000000
00000000
00000000
00000000
00000000
00000000
00000000
00000000
00000000
00000000
00000000
00000000
00000000
00000000
00000000
00000000
00000000
00000000
00000000
00000000
00000000
00000000
00000000
00000000
00000000
00000000
00000000
00000000
00000000
00000000
00000000
00000000
00000000
00000000
00000000
00000000
00000000
00000000
00000000
00000000
00000000
00000000
00000000
00000000
00000000
00000000
00000000
00000000
00000000
00000000
00000000
00000000
00000000
00000000
00000000
00000000
00000000
00000000
00000000
00000000
00000000
00000000
00000000
00000000
00000000
00000000
00000000
00000000
00000000
00000000
00000000
00000000
00000000
00000000
00000000
00000000
00000000
00000000
00000000
00000000
00000000
00000000
00000000
00000000
00000000
00000000
00000000
00000000
00000000
00000000
00000000
00000000
00000000
00000000
00000000
00000000
00000000
00000000
00000000
00000000
00000000
00000000
00000000
00000000
00000000
00000000
00000000
00000000
00000000
00000000
00000000
00000000
00000000
00000000
00000000
00000000
00000000
00000000
00000000
00000000
00000000
00000000
00000000
00000000
00000000
00000000
00000000
00000000
00000000
00000000
00000000
00000000
00000000
00000000
00000000
00000000
00000000
00000000
00000000
00000000
00000000
00000000
00000000
00000000
00000000
00000000
00000000
00000000
00000000
00000000
00000000
00000000
00000000
00000000
00000000
00000000
00000000
00000000
00000000
00000000
00000000
00000000
00000000
00000000
00000000
00000000
00000000
00000000
00000000
00000000
00000000
00000000
00000000
00000000
00000000
00000000
00000000
00000000
00000000
00000000
00000000
00000000
00000000
00000000
00000000
00000000
00000000
00000000
00000000
00000000
00000000
00000000
00000000
00000000
00000000
00000000
00000000
00000000
00000000
00000000
00000000
00000000
00000000
00000000
00000000
00000000
00000000
00000000
00000000
00000000
00000000
00000000
00000000
00000000
00000000
00000000
00000000
00000000
00000000
00000000
00000000
00000000
00000000
00000000
00000000
00000000
00000000
00000000
00000000
00000000
00000000
00000000
00000000
00000000
00000000
00000000
00000000
00000000
00000000
00000000
00000000
00000000
00000000
00000000
00000000
00000000
00000000
00000000
00000000
00000000
00000000
00000000
00000000
00000000
00000000
00000000
00000000
00000000
00000000
00000000
00000000
00000000
00000000
00000000
00000000
00000000
00000000
00000000
00000000
00000000
00000000
00000000
00000000
00000000
00000000
00000000
00000000
00000000
00000000
00000000
00000000
00000000
00000000
00000000
00000000
00000000
00000000
00000000
00000000
00000000
00000000
00000000
00000000
00000000
00000000
00000000
00000000
00000000
00000000
00000000
00000000
00000000
00000000
00000000
00000000
00000000
00000000
00000000
00000000
00000000
00000000
00000000
00000000
00000000
00000000
00000000
00000000
00000000
00000000
00000000
00000000
00000000
00000000
00000000
00000000
00000000
00000000
00000000
00000000
00000000
00000000
00000000
00000000
00000000
00000000
00000000
00000000
00000000
00000000
00000000
00000000
00000000
00000000
00000000
00000000
00000000
00000000
00000000
00000000
00000000
00000000
00000000
00000000
00000000
00000000
00000000
00000000
00000000
00000000
00000000
00000000
00000000
00000000
00000000
00000000
00000000
00000000
00000000
00000000
00000000
00000000
00000000
00000000
00000000
00000000
00000000
00000000
00000000
00000000
00000000
00000000
00000000
00000000
00000000
00000000
00000000
00000000
00000000
00000000
00000000
00000000
00000000
00000000
00000000
00000000
00000000
00000000
00000000
00000000
00000000
00000000
00000000
00000000
00000000
00000000
00000000
00000000
00000000
00000000
00000000
00000000
00000000
00000000
00000000
00000000
00000000
00000000
00000000
00000000
00000000
00000000
00000000
00000000
00000000
00000000
00000000
00000000
00000000
00000000
00000000
00000000
00000000
00000000
00000000
00000000
00000000
00000000
00000000
00000000
00000000
00000000
00000000
00000000
00000000
00000000
00000000
00000000
00000000
00000000
00000000
00000000
00000000
00000000
00000000
00000000
00000000
00000000
00000000
00000000
00000000
00000000
00000000
00000000
00000000
00000000
00000000
00000000
00000000
00000000
00000000
00000000
00000000
00000000
00000000
00000000
00000000
00000000
00000000
00000000
00000000
00000000
00000000
00000000
00000000
00000000
00000000
00000000
00000000
00000000
00000000
00000000
00000000
00000000
00000000
00000000
00000000
00000000
00000000
00000000
00000000
00000000
00000000
00000000
00000000
00000000
00000000
00000000
00000000
00000000
00000000
00000000
00000000
00000000
00000000
00000000
00000000
00000000
00000000
00000000
00000000
00000000
00000000
00000000
00000000
00000000
00000000
00000000
00000000
00000000
00000000
00000000
00000000
00000000
00000000
00000000
00000000
00000000
00000000
00000000
00000000
00000000
00000000
00000000
00000000
00000000
00000000
00000000
00000000
00000000
00000000
00000000
00000000
00000000
00000000
00000000
00000000
00000000
00000000
00000000
00000000
00000000
00000000
00000000
00000000
00000000
00000000
00000000
00000000
00000000
00000000
00000000
00000000
00000000
00000000
00000000
00000000
00000000
00000000
00000000
00000000
00000000
00000000
00000000
00000000
00000000
00000000
00000000
00000000
00000000
00000000
00000000
00000000
00000000
00000000
00000000
00000000
00000000
00000000
00000000
00000000
00000000
00000000
00000000
00000000
00000000
00000000
00000000
00000000
00000000
00000000
00000000
00000000
00000000
00000000
00000000
00000000
00000000
00000000
00000000
00000000
00000000
00000000
00000000
00000000
00000000
00000000
00000000
00000000
00000000
00000000
00000000
00000000
00000000
00000000
00000000
00000000
00000000
00000000
00000000
00000000
00000000
00000000
00000000
00000000
00000000
00000000
00000000
00000000
00000000
00000000
00000000
00000000
00000000
00000000
00000000
00000000
00000000
00000000
00000000
00000000
00000000
00000000
00000000
00000000
00000000
00000000
00000000
00000000
00000000
00000000
00000000
00000000
00000000
00000000
00000000
00000000
00000000
00000000
00000000
00000000
00000000
00000000
00000000
00000000
00000000
00000000
00000000
00000000
00000000
00000000
00000000
00000000
00000000
00000000
00000000
00000000
00000000
00000000
00000000
00000000
00000000
00000000
00000000
00000000
00000000
00000000
00000000
00000000
00000000
00000000
00000000
00000000
00000000
00000000
00000000
00000000
00000000
00000000
00000000
00000000
00000000
00000000
00000000
00000000
00000000
00000000
00000000
00000000
00000000
00000000
00000000
00000000
00000000
00000000
00000000
00000000
00000000
00000000
00000000
00000000
00000000
00000000
00000000
00000000
00000000
00000000
00000000
00000000
00000000
00000000
00000000
00000000
00000000
00000000
00000000
00000000
00000000
00000000
00000000
00000000
00000000
00000000
00000000
00000000
00000000
00000000
00000000
00000000
00000000
00000000
00000000
00000000
00000000
00000000
00000000
00000000
00000000
00000000
00000000
00000000
00000000
00000000
00000000
00000000
00000000
00000000
00000000
00000000
00000000
00000000
00000000
00000000
00000000
00000000
00000000
00000000
00000000
00000000
00000000
00000000
00000000
00000000
00000000
00000000
00000000
00000000
00000000
00000000
00000000
00000000
00000000
00000000
00000000
00000000
00000000
00000000
00000000
00000000
00000000
00000000
00000000
00000000
00000000
00000000
00000000
00000000
00000000
00000000
00000000
00000000
00000000
00000000
00000000
00000000
00000000
00000000
00000000
00000000
00000000
00000000
00000000
00000000
00000000
00000000
00000000
00000000
00000000
00000000
00000000
00000000
00000000
00000000
00000000
00000000
00000000
00000000
00000000
00000000
00000000
00000000
00000000
00000000
00000000
00000000
00000000
00000000
00000000
00000000
00000000
00000000
00000000
00000000
00000000
00000000
00000000
00000000
00000000
00000000
00000000
00000000
00000000
00000000
00000000
00000000
00000000
00000000
00000000
00000000
00000000
00000000
00000000
00000000
00000000
00000000
00000000
00000000
00000000
00000000
00000000
00000000
00000000
00000000
00000000
00000000
00000000
00000000
00000000
00000000
00000000
00000000
00000000
00000000
00000000
00000000
00000000
00000000
00000000
00000000
00000000
00000000
00000000
00000000
00000000
00000000
00000000
00000000
00000000
00000000
00000000
00000000
00000000
00000000
00000000
00000000
00000000
00000000
00000000
00000000
00000000
00000000
00000000
00000000
00000000
00000000
00000000
00000000
00000000
00000000
00000000
00000000
00000000
00000000
00000000
00000000
00000000
00000000
00000000
00000000
00000000
00000000
00000000
00000000
00000000
00000000
00000000
00000000
00000000
00000000
00000000
00000000
00000000
00000000
00000000
00000000
00000000
00000000
00000000
00000000
00000000
00000000
00000000
00000000
00000000
00000000
00000000
00000000
00000000
00000000
00000000
00000000
00000000
00000000
00000000
00000000
00000000
00000000
00000000
00000000
00000000
00000000
00000000
00000000
00000000
00000000
00000000
00000000
00000000
00000000
00000000
00000000
00000000
00000000
00000000
00000000
00000000
00000000
00000000
00000000
00000000
00000000
00000000
00000000
00000000
00000000
00000000
00000000
00000000
00000000
00000000
00000000
00000000
00000000
00000000
00000000
00000000
00000000
00000000
00000000
00000000
00000000
00000000
00000000
00000000
00000000
00000000
00000000
00000000
00000000
00000000
00000000
00000000
00000000
00000000
00000000
00000000
00000000
00000000
00000000
00000000
00000000
00000000
00000000
00000000
00000000
00000000
00000000
00000000
00000000
00000000
00000000
00000000
00000000
00000000
00000000
00000000
00000000
00000000
00000000
00000000
00000000
00000000
00000000
00000000
00000000
00000000
00000000
00000000
00000000
00000000
00000000
00000000
00000000
00000000
00000000
00000000
00000000
00000000
00000000
00000000
00000000
00000000
00000000
00000000
00000000
00000000
00000000
00000000
00000000
00000000
00000000
00000000
00000000
00000000
00000000
00000000
00000000
00000000
00000000
00000000
00000000
00000000
00000000
00000000
00000000
00000000
00000000
00000000
00000000
00000000
00000000
00000000
00000000
00000000
00000000
00000000
00000000
00000000
00000000
00000000
00000000
00000000
00000000
00000000
00000000
00000000
00000000
00000000
00000000
00000000
00000000
00000000
00000000
00000000
00000000
00000000
00000000
00000000
00000000
00000000
00000000
00000000
00000000
00000000
00000000
00000000
00000000
00000000
00000000
00000000
00000000
00000000
00000000
00000000
00000000
00000000
00000000
00000000
00000000
00000000
00000000
00000000
00000000
00000000
00000000
00000000
00000000
00000000
00000000
00000000
00000000
00000000
00000000
00000000
00000000
00000000
00000000
00000000
00000000
00000000
00000000
00000000
00000000
00000000
00000000
00000000
00000000
00000000
00000000
00000000
00000000
00000000
00000000
00000000
00000000
00000000
00000000
00000000
00000000
00000000
00000000
00000000
00000000
00000000
00000000
00000000
00000000
00000000
00000000
00000000
00000000
00000000
00000000
00000000
00000000
00000000
00000000
00000000
00000000
00000000
00000000
00000000
00000000
00000000
00000000
00000000
00000000
00000000
00000000
00000000
00000000
00000000
00000000
00000000
00000000
00000000
00000000
00000000
00000000
00000000
00000000
00000000
00000000
00000000
00000000
00000000
00000000
00000000
00000000
00000000
00000000
00000000
00000000
00000000
00000000
00000000
00000000
00000000
00000000
00000000
00000000
00000000
00000000
00000000
00000000
00000000
00000000
00000000
00000000
00000000
00000000
00000000
00000000
00000000
00000000
00000000
00000000
00000000
00000000
00000000
00000000
00000000
00000000
00000000
00000000
00000000
00000000
00000000
00000000
00000000
00000000
00000000
00000000
00000000
00000000
00000000
00000000
00000000
00000000
00000000
00000000
00000000
00000000
00000000
00000000
00000000
00000000
00000000
00000000
00000000
00000000
00000000
00000000
00000000
00000000
00000000
00000000
00000000
00000000
00000000
00000000
00000000
00000000
00000000
00000000
00000000
00000000
00000000
00000000
00000000
00000000
00000000
00000000
00000000
00000000
00000000
00000000
00000000
00000000
00000000
00000000
00000000
00000000
00000000
00000000
00000000
00000000
00000000
00000000
00000000
00000000
00000000
00000000
00000000
00000000
00000000
00000000
00000000
00000000
00000000
00000000
00000000
00000000
00000000
00000000
00000000
00000000
00000000
00000000
00000000
00000000
00000000
00000000
00000000
00000000
00000000
00000000
00000000
00000000
00000000
00000000
00000000
00000000
00000000
00000000
00000000
00000000
00000000
00000000
00000000
00000000
00000000
00000000
00000000
00000000
00000000
00000000
00000000
00000000
00000000
00000000
00000000
00000000
00000000
00000000
00000000
00000000
00000000
00000000
00000000
00000000
00000000
00000000
00000000
00000000
00000000
00000000
00000000
00000000
00000000
00000000
00000000
00000000
00000000
00000000
00000000
00000000
00000000
00000000
00000000
00000000
00000000
00000000
00000000
00000000
00000000
00000000
00000000
00000000
00000000
00000000
00000000
00000000
00000000
00000000
00000000
00000000
00000000
00000000
00000000
00000000
00000000
00000000
00000000
00000000
00000000
00000000
00000000
00000000
00000000
00000000
00000000
00000000
00000000
00000000
00000000
00000000
00000000
00000000
00000000
00000000
00000000
00000000
00000000
00000000
00000000
00000000
00000000
00000000
00000000
00000000
00000000
00000000
00000000
00000000
00000000
00000000
00000000
00000000
00000000
00000000
00000000
00000000
00000000
00000000
00000000
00000000
00000000
00000000
00000000
00000000
00000000
00000000
00000000
00000000
00000000
00000000
00000000
00000000
00000000
00000000
00000000
00000000
00000000
00000000
00000000
00000000
00000000
00000000
00000000
00000000
00000000
00000000
00000000
00000000
00000000
00000000
00000000
00000000
00000000
00000000
00000000
00000000
00000000
00000000
00000000
00000000
00000000
00000000
00000000
00000000
00000000
00000000
00000000
00000000
00000000
00000000
00000000
00000000
00000000
00000000
00000000
00000000
00000000
00000000
00000000
00000000
00000000
00000000
00000000
00000000
00000000
00000000
00000000
00000000
00000000
00000000
00000000
00000000
00000000
00000000
00000000
00000000
00000000
00000000
00000000
00000000
00000000
00000000
00000000
00000000
00000000
00000000
00000000
00000000
00000000
00000000
00000000
00000000
00000000
00000000
00000000
00000000
00000000
00000000
00000000
00000000
00000000
00000000
00000000
00000000
00000000
00000000
00000000
00000000
00000000
00000000
00000000
00000000
00000000
00000000
00000000
00000000
00000000
00000000
00000000
00000000
00000000
00000000
00000000
00000000
00000000
00000000
00000000
00000000
00000000
00000000
00000000
00000000
00000000
00000000
00000000
00000000
00000000
00000000
00000000
00000000
00000000
00000000
00000000
00000000
00000000
00000000
00000000
00000000
00000000
00000000
00000000
00000000
00000000
00000000
00000000
00000000
00000000
00000000
00000000
00000000
00000000
00000000
00000000
00000000
00000000
00000000
00000000
00000000
00000000
00000000
00000000
00000000
00000000
00000000
00000000
00000000
00000000
00000000
00000000
00000000
00000000
00000000
00000000
00000000
00000000
00000000
00000000
00000000
00000000
00000000
00000000
00000000
00000000
00000000
00000000
00000000
00000000
00000000
00000000
00000000
00000000
00000000
00000000
00000000
00000000
00000000
00000000
00000000
00000000
00000000
00000000
00000000
00000000
00000000
00000000
00000000
00000000
00000000
00000000
00000000
00000000
00000000
00000000
00000000
00000000
00000000
00000000
00000000
00000000
00000000
00000000
00000000
00000000
00000000
00000000
00000000
00000000
00000000
00000000
00000000
00000000
00000000
00000000
00000000
00000000
00000000
00000000
00000000
00000000
00000000
00000000
00000000
00000000
00000000
00000000
00000000
00000000
00000000
00000000
00000000
00000000
00000000
00000000
00000000
00000000
00000000
00000000
00000000
00000000
00000000
00000000
00000000
00000000
00000000
00000000
00000000
00000000
00000000
00000000
00000000
00000000
00000000
00000000
00000000
00000000
00000000
00000000
00000000
00000000
00000000
00000000
00000000
00000000
00000000
00000000
00000000
00000000
00000000
00000000
00000000
00000000
00000000
00000000
00000000
00000000
00000000
00000000
00000000
00000000
00000000
00000000
00000000
00000000
00000000
00000000
00000000
00000000
00000000
00000000
00000000
00000000
00000000
00000000
00000000
00000000
00000000
00000000
00000000
00000000
00000000
00000000
00000000
00000000
00000000
00000000
00000000
00000000
00000000
00000000
00000000
00000000
00000000
00000000
00000000
00000000
00000000
00000000
00000000
00000000
00000000
00000000
00000000
00000000
00000000
00000000
00000000
00000000
00000000
00000000
00000000
00000000
00000000
00000000
00000000
00000000
00000000
00000000
00000000
00000000
00000000
00000000
00000000
00000000
00000000
00000000
00000000
00000000
00000000
00000000
00000000
00000000
00000000
00000000
00000000
00000000
00000000
00000000
00000000
00000000
00000000
00000000
00000000
00000000
00000000
00000000
00000000
00000000
00000000
00000000
00000000
00000000
00000000
00000000
00000000
00000000
00000000
00000000
00000000
00000000
00000000
00000000
00000000
00000000
00000000
00000000
00000000
00000000
00000000
00000000
00000000
00000000
00000000
00000000
00000000
00000000
00000000
00000000
00000000
00000000
00000000
00000000
00000000
00000000
00000000
00000000
00000000
00000000
00000000
00000000
00000000
00000000
00000000
00000000
00000000
00000000
00000000
00000000
00000000
00000000
00000000
00000000
00000000
00000000
00000000
00000000
00000000
00000000
00000000
00000000
00000000
00000000
00000000
00000000
00000000
00000000
00000000
00000000
00000000
00000000
00000000
00000000
00000000
00000000
00000000
00000000
00000000
00000000
00000000
00000000
00000000
00000000
00000000
00000000
00000000
00000000
00000000
00000000
00000000
00000000
00000000
00000000
00000000
00000000
00000000
00000000
00000000
00000000
00000000
00000000
00000000
00000000
00000000
00000000
00000000
00000000
00000000
00000000
00000000
00000000
00000000
00000000
00000000
00000000
00000000
00000000
00000000
00000000
00000000
00000000
00000000
00000000
00000000
00000000
00000000
00000000
00000000
00000000
00000000
00000000
00000000
00000000
00000000
00000000
00000000
00000000
00000000
00000000
00000000
00000000
00000000
00000000
00000000
00000000
00000000
00000000
00000000
00000000
00000000
00000000
00000000
00000000
00000000
00000000
00000000
00000000
00000000
00000000
00000000
00000000
00000000
00000000
00000000
00000000
00000000
00000000
00000000
00000000
00000000
00000000
00000000
00000000
00000000
00000000
00000000
00000000
00000000
00000000
00000000
00000000
00000000
00000000
00000000
00000000
00000000
00000000
00000000
00000000
00000000
00000000
00000000
00000000
00000000
00000000
00000000
00000000
00000000
00000000
00000000
00000000
00000000
00000000
00000000
00000000
00000000
00000000
00000000
00000000
00000000
00000000
00000000
00000000
00000000
00000000
00000000
00000000
00000000
00000000
00000000
00000000
00000000
00000000
00000000
00000000
00000000
00000000
00000000
00000000
00000000
00000000
00000000
00000000
00000000
00000000
00000000
00000000
00000000
00000000
00000000
00000000
00000000
00000000
00000000
00000000
00000000
00000000
00000000
00000000
00000000
00000000
00000000
00000000
00000000
00000000
00000000
00000000
00000000
00000000
00000000
00000000
00000000
00000000
00000000
00000000
00000000
00000000
00000000
00000000
00000000
00000000
00000000
00000000
00000000
00000000
00000000
00000000
00000000
00000000
00000000
00000000
00000000
00000000
00000000
00000000
00000000
00000000
00000000
00000000
00000000
00000000
00000000
00000000
00000000
00000000
00000000
00000000
00000000
00000000
00000000
00000000
00000000
00000000
00000000
00000000
00000000
00000000
00000000
00000000
00000000
00000000
00000000
00000000
00000000
00000000
00000000
00000000
00000000
00000000
00000000
00000000
00000000
00000000
00000000
00000000
00000000
00000000
00000000
00000000
00000000
00000000
00000000
00000000
00000000
00000000
fffff942
ffffedbe
ffffd877
ffffdad4
ffffdce0
000019ba
ffffe3f1
00000046
ffffe6a0
ffffdc33
ffffc668
ffffec1e
fffff1e0
0000070c
00000338
ffffc330
fffff600
fffffb63
ffffcbff
ffffcf7d
00000edd
fffff92e
ffffe9e6
fffffdf9
000014dd
ffffc7dc
000000cc
00000a27
ffffe406
0000020a
ffffd420
fffff538
ffffe9f1
fffffe41
fffff72a
fffff90d
ffffb67d
00000150
0000082d
0000179f
fffffec6
ffffb5af
ffffe0e4
fffff35b
ffffe1ae
ffffc741
ffffdedb
ffffe9d3
ffffe65c
ffffb92e
fffffc7e
fffffd8c
ffffece0
ffffe8c2
ffffe7a4
ffffbfc6
fffff979
0000088b
fffffd8b
ffffd507
fffffb91
0000043a
ffffd2dd
ffffee0c
fffff4fd
ffffc359
ffffcefe
ffffeaca
ffffe5c5
0000190d
ffffd266
fffff838
ffffd43b
fffffd0c
fffff8bf
ffffbad2
fffffa5f
fffff70c
ffffe703
ffffc858
00000aab
0000097e
ffffe04b
ffffd247
ffffc848
ffffeb4a
ffffdc19
fffff229
ffffe048
00000369
ffffc813
ffffb8a4
ffffe064
ffffea3b
fffff5b8
ffffc041
fffff181
ffffe73c
ffffe982
0000017b
00000bfe
ffffe924
ffffecc6
ffffd12a
fffff2ff
00001aaf
0000001f
0000041c
ffffe1b8
fffff589
ffffe527
ffffb6dc
ffffc22f
ffffede1
ffffef49
fffffb92
ffffd9cb
ffffed06
000008ec
fffff891
00000f32
00000444
ffffcb4c
fffffca6
fffffcdd
ffffb1e8
ffffb5b9
fffffc0c
ffffc949
ffffd715
ffffe58f
ffffd2f7
ffffca37
ffffd5f4
fffff03c
0000050f
ffffe329
ffffcb48
fffff855
ffffdfb2
fffff9ef
ffffeedd
ffffbdcb
fffff9a2
ffffea6c
ffffef54
ffffe244
fffffbda
000012eb
00000933
ffffef21
fffff427
ffffcd15
ffffd814
ffffddc8
00000550
ffffe655
ffffe5bd
fffffb6d
fffffca3
ffffc9c1
ffffe475
ffffedcb
fffff734
00000105
ffffd072
ffffe1e8
ffffe306
fffff978
ffffeac8
fffffc0c
ffffdd00
00000161
fffff4a8
fffff04b
0000061b
0000002a
ffffd491
fffff4b2
00000936
00000c2c
ffffcb00
fffff256
fffff939
000007db
00000f59
fffffaa1
ffffffc6
fffff752
0000062d
ffffdb7b
00000e28
ffffe691
00000284
ffffc338
fffff5bd
ffffd78d
0000020d
ffffd155
ffffed6f
ffffca2d
000017ce
fffffaf3
0000051b
000007cc
ffffdbd9
000013bd
ffffecaa
ffffd31d
ffffe475
ffffe9c3
ffffe6f3
ffffe84a
ffffeefe
fffff5fd
ffffff3d
ffffd3b0
fffff6e8
fffff052
ffffe665
ffffc75f
ffffdbb9
ffffeedb
fffff6d9
ffffc3ce
fffffd3d
fffff7a7
fffffe13
ffffe51a
ffffb5c2
ffffd5f0
fffff55e
fffffa8d
ffffc94f
fffff020
ffffcbd6
ffffe04a
ffffcfdc
ffffde78
fffff45e
fffff747
ffffeda1
ffffea26
ffffef90
ffffd4ab
ffffff2a
fffff395
ffffed91
ffffc490
ffffc32c
ffffeea9
fffff8e5
ffffc319
fffff920
ffffe0cf
000001f4
fffffc23
fffffd68
ffffd904
fffff4bc
ffffcd59
ffffe1a9
ffffe655
ffffb59d
fffff1ac
ffffe7a4
ffffff3f
fffff0ac
fffff5db
ffffe9ca
fffffae0
fffff9b6
ffffecc5
ffffda99
ffffb4ee
fffffe47
fffff8a8
ffffa887
00000971
00000300
fffffacd
fffff903
fffff7db
ffffca1d
ffffcbf3
ffffcbb9
fffff2b9
0000055e
fffff4d2
ffffeeaf
ffffef92
0000123e
fffff1cc
ffffe9be
00001fcd
00000191
ffffd9b1
ffffe435
ffffca2d
ffffe970
fffff7f1
fffff693
ffffeba6
ffffeefa
ffffe56c
fffffd54
00000e50
00000026
fffff6fc
ffffebac
fffff10f
ffffef5a
ffffea55
fffff531
ffffeb20
ffffd379
ffffe0dd
fffffac7
ffffed3b
fffff278
ffffd7ed
ffffec49
ffffe91d
fffff194
ffffeda6
ffffde09
000002c5
fffff6fd
00000746
ffffeeca
ffffd929
ffffdf67
ffffe8b8
ffffe499
fffff0ce
fffff286
000007e4
ffffdde8
fffff746
ffffcb61
ffffcc02
fffff3f0
00000601
ffffc266
ffffeca3
fffff8d1
ffffd7d0
fffff2c2
fffffaf6
fffff268
fffff4f5
ffffda08
ffffefa9
ffffe62a
ffffee32
fffff852
ffffbbfe
ffffe0b7
fffff995
ffffd3e6
fffff9c8
fffffbb5
000002eb
ffffb6ee
ffffff3d
fffff27a
ffffbd51
ffffd974
ffffdf35
00000649
ffffe255
ffffecf9
fffff5a6
fffff8d5
00000b2b
fffff7ad
ffffd8e8
fffff531
0000150a
ffffdacb
ffffe868
ffffeb4a
ffffcb72
fffff7f7
fffff3c6
ffffffd3
fffff24d
fffff7d4
0000004d
fffff87f
ffffef41
fffff51c
ffffefab
00000780
fffffc6f
000002a4
ffffd566
ffffdc9d
fffff605
ffffd1fa
ffffd556
fffff479
ffffe186
ffffdd92
ffffc54f
00000050
ffffe1db
fffff370
fffff179
fffff31a
fffff62f
fffff1b6
ffffec94
fffffe02
ffffc01f
0000159d
ffffedbd
000001c2
fffff428
fffffed2
00001da2
fffff793
fffff747
ffffd708
ffffc784
ffffd113
fffff64a
fffff149
000006f6
fffff546
fffff628
ffffe7ac
fffff8b0
ffffecbf
000006d2
fffff8ea
fffff77f
ffffe64c
00000c6c
ffffeee8
ffffd090
00000002
ffffd29c
ffffecf5
ffffea84
fffff7e3
ffffdb5e
ffffcf2b
ffffed5d
ffffef06
000005a6
ffffeb4f
ffffea5d
ffffeba2
fffff0d9
ffffed47
fffffc3c
fffff188
ffffff1b
fffffd26
ffffbff2
ffffed52
ffffe22b
ffffcebf
fffff452
fffff783
fffff9b1
ffffdbaa
fffffc30
ffffd6ba
ffffc441
fffff9a1
ffffe2a4
ffffd8b6
ffffbd93
ffffac58
ffffdecf
ffffe17b
ffffe4be
ffffb63d
fffff54a
ffffe98c
ffffdc74
ffffd76c
fffffb4e
ffffe3cc
ffffbc2e
fffffde5
00000033
ffffd193
ffffe3de
ffffd917
ffffec9d
ffffbebf
fffff879
ffffd405
fffff7ab
ffffb583
fffff6fe
00000159
ffffe9f1
0000029d
fffff449
ffffc14b
ffffc862
ffffece3
fffff3f5
ffffe986
ffffd754
fffff005
ffffecd4
ffffed6a
ffffe308
ffffff1e
ffffe137
ffffed20
ffffe769
000004e1
fffffb38
ffffe4dd
ffffeb6c
ffffd97b
fffff4fe
ffffffd3
ffffceb0
000005ec
fffff8e1
ffffb0ce
ffffeb11
00000618
fffff691
fffff6b4
ffffeb34
00000971
ffffe65d
ffffe1f8
fffff779
ffffec4a
fffff3e5
ffffec70
fffff659
ffffe83c
fffff14e
00001014
fffff26d
fffffd1b
ffffd43f
ffffec6c
ffffe975
ffffc587
ffffee96
ffffeac6
fffff068
fffffd29
fffff41f
ffffef84
ffffedd9
ffffee33
ffffda1c
fffff23d
ffffe2b5
ffffe797
fffffc87
ffffe661
fffff8d2
fffffaa6
fffff1f6
ffffe6e3
00000263
fffff360
ffffe11c
ffffc29f
ffffef3b
ffffefc1
ffffc105
ffffefc9
ffffd5d0
ffffed49
000009ba
00000327
fffff6f7
fffff566
00001414
ffffed1c
fffff071
fffff079
fffff01a
ffffd716
ffffe8c2
ffffc7bc
fffff863
ffffdda7
fffff68f
ffffe9af
ffffe768
fffff47a
ffffead4
ffffd8af
ffffcab7
00000e58
00000020
ffffce69
ffffebe8
fffffbb1
fffff513
ffffda3f
ffffea36
fffffb3b
ffffe5ed
fffff96c
00000dc6
ffffea86
fffffa37
fffff3d1
ffffd986
fffff225
fffff6ea
fffff6c0
ffffe2ce
fffff579
fffff159
fffffef7
ffffe6e8
fffffa49
00000e51
fffff1aa
fffff05e
ffffefdc
ffffeb03
fffffd20
ffffe79a
fffffa62
fffff4e3
ffffe3ee
fffff0d6
fffff09c
ffffefeb
fffff55c
ffffebbe
fffffe07
ffffd94c
fffff70b
00000dd6
ffffeb92
fffffdb6
fffff645
fffffd08
000001f0
ffffd257
ffffdc12
ffffeec0
ffffe50c
ffffe7bd
fffff9e5
ffffef7d
fffff5fe
fffff7f3
ffffee3f
fffff591
fffff203
fffff75b
ffffff68
fffff97c
fffff5fe
ffffe0dd
fffff80a
ffffa923
fffff958
fffff54e
ffffe9b8
ffffe921
fffffb66
ffffdfd5
ffffe2db
fffff3ad
fffff610
ffffeaac
000009ad
ffffb855
fffff3fc
fffffb14
fffff30a
ffffef20
ffffd33f
fffff4bf
fffffd88
fffff3d5
ffffda13
ffffcaa6
fffff9ca
ffffcbcf
fffff715
000000f5
00000480
fffff5fb
ffffe9dc
fffffb06
ffffea55
fffffa7d
ffffebcc
ffffd3ea
ffffd83a
ffffe25d
00000048
ffffc40c
ffffe7c4
fffffd02
ffffda84
ffffedc9
fffffc49
fffff84e
00000846
00000c7a
fffffc79
000003f7
ffffec08
ffffec75
ffffb988
fffffd88
ffffffb3
fffff69d
fffffe87
ffffd6f4
fffff42f
fffff983
fffff2c0
ffffc59f
ffffc6c9
ffffe8e9
ffffd9bf
fffff6a7
000002f5
ffffe0ab
fffff338
fffffcb4
fffff8b4
fffff795
fffff01d
fffff4ab
fffff1ce
ffffd287
ffffeaa0
fffffeaf
ffffe4c1
ffffee45
fffff869
ffffe26e
ffffeaa2
fffff2c3
ffffe7f1
fffff7b7
fffff69d
fffff1fc
ffffc1ac
ffffe6ff
ffffebc3
fffff529
fffff85d
fffff710
fffffb5f
ffffd78d
0000016b
ffffeed6
0000009b
ffffee2e
fffff3de
fffff4df
ffffe3de
00000277
fffff8d1
fffff797
ffffe730
ffffdcd9
fffff019
fffff576
ffffdf69
ffffd478
ffffdb73
fffff28e
ffffe6cb
ffffedf2
ffffe75b
fffff64e
ffffe91a
fffff19f
ffffd753
fffff6af
fffff359
fffffef5
00000780
ffffc69a
00000117
fffff2f5
000008c5
ffffeca8
fffff9b3
000008ac
ffffe663
ffffffff
ffffe150
fffff0d8
000007c3
fffff73f
fffff97b
ffffe83f
ffffe0bc
fffff00f
fffffc0c
00000c2e
fffff52d
fffffa0c
fffff028
fffff6d5
ffffec95
fffff1f6
ffffd437
00000797
fffff2b9
ffffed7f
0000064b
ffffe81b
ffffca01
ffffeef8
00000152
ffffee39
fffffb29
000004ba
fffff183
fffff6e8
000001c9
fffff8be
000003a1
ffffd412
000000f3
fffff154
ffffd7c5
fffff1ae
00000336
000004ea
ffffee1e
fffffcb0
ffffdc1f
000002fe
fffff81d
fffff106
fffffece
000001db
000004ff
fffff906
ffffdb61
ffffe09e
ffffed31
ffffca33
fffffdce
000001a2
ffffebe1
000001d3
ffffed22
ffffdde8
fffff410
fffff89b
00000213
fffffa8b
ffffe844
ffffe63f
00000992
fffff856
fffffcd1
fffff695
0000007e
ffffec58
fffff50e
ffffe682
fffffdbd
ffffe3aa
ffffe252
fffff7da
0000074e
fffff538
fffffea3
fffffe03
fffff0e6
ffffec9a
fffff5ed
ffffef5b
ffffe9e3
fffff395
ffffe9fa
fffff91f
ffffdc20
ffffd298
00000d45
ffffd7f9
ffffe3dc
ffffe06e
fffff757
fffff4ca
ffffeeb5
fffffc9b
ffffea19
fffff5df
ffffea4f
fffff016
fffff640
ffffe208
00000fed
ffffec4b
000006ea
fffff05e
fffffde8
fffffa86
fffffc1b
fffffc1a
ffffdb59
ffffe966
fffffb0f
fffffe74
fffff7c8
ffffd769
fffff514
fffff414
ffffeed4
ffffe75c
ffffc660
fffff262
fffff7c5
fffffd7c
fffff07d
ffffdd0d
ffffed03
fffff79f
ffffe96d
fffffb24
ffffee88
ffffedde
0000072f
000002da
ffffcde2
fffff32b
ffffff28
ffffe81a
fffff819
fffff4cb
ffffec26
ffffd7f7
fffffbf4
ffffe87d
ffffebaa
ffffd0ed
ffffe64f
fffff7c4
fffff8c5
fffff7f5
ffffcddc
fffffb97
fffff0b5
fffffe96
fffffdfa
000004dc
ffffe006
fffff2af
00000c77
fffff57a
ffffe392
fffff771
fffff1b4
0000016e
ffffe60e
fffff363
ffffd94b
00000136
ffffe5ee
fffff955
ffffffba
ffffff8e
ffffea7e
fffff587
ffffb595
ffffdfb1
ffffd8fd
ffffe56b
ffffd9cb
fffff8ac
ffffdf4c
fffff416
fffffee9
fffff2ab
fffff97b
fffffe29
fffff5c7
fffff5cd
ffffe3f1
000013bc
ffffdaea
ffffd70b
ffffcddc
fffff693
fffff4bd
000004f0
ffffd4c3
fffff186
ffffd8e8
ffffd503
fffff93a
ffffefd0
fffff74e
fffff9d6
00000b2c
fffffde6
ffffe0c7
ffffe6af
fffffb14
fffff48c
fffff759
0000019a
ffffcb17
ffffe580
fffffd4e
fffff994
ffffdc87
fffff2d7
ffffed2b
fffffa70
fffff4a8
fffffb6e
ffffd681
fffff6b2
ffffe7e8
ffffe581
ffffded7
fffff4a9
00000274
000002f6
00000543
fffff378
ffffe4d1
ffffbe7f
ffffeed4
fffff3ac
ffffe2f7
0000035f
fffff791
fffff74f
00000355
fffff5b8
00000288
ffffe2f3
ffffecc5
fffffb76
ffffeed9
ffffc58f
ffffe5f4
ffffdfb4
fffff69c
ffffe8dd
fffff63a
fffff955
fffff5bb
fffff303
ffffee3f
ffffbe84
ffffc593
fffffda1
ffffe9c8
fffff978
fffff649
ffffefde
fffff92a
ffffe986
00000920
fffff799
fffff92a
fffff0bd
ffffeea6
ffffe728
fffff11c
ffffe278
ffffebe1
ffffefad
ffffe94b
ffffebd5
fffff90e
ffffec71
fffff4f3
fffff0ec
fffff8e2
fffff4b3
ffffd6dd
ffffed28
ffffd88d
fffff085
fffffbb5
fffff9d4
00000d1e
ffffdfa3
fffff85f
ffffd5c5
ffffecfc
fffffb45
0000003a
ffffe59f
ffffe617
ffffbda4
00000a4c
ffffe9d5
ffffef0b
fffff9cb
ffffeed7
ffffff62
ffffe996
fffff223
ffffebe7
ffffc12f
fffff4d7
ffffec58
ffffe15d
fffff0aa
ffffef0b
ffffd5ea
fffff577
ffffd0c2
fffff0f5
000000ce
ffffd10d
fffffba1
fffffc16
ffffef95
fffff6ae
ffffe64d
fffff9b2
fffff9c2
fffffe1d
0000046c
fffff289
fffff8f8
fffffe11
fffffc07
fffffa21
fffffcd1
fffff3cd
ffffe123
fffff69e
fffff356
fffff30f
000005d5
fffff775
000002e3
fffff882
ffffdb65
ffffd46a
ffffef8b
ffffd4ac
fffffb5d
fffff258
fffff9a3
00000076
ffffeaab
fffff27e
fffff6ab
ffffe705
fffff1d6
ffffcf41
ffffe9ab
fffffa6a
ffffef8c
000000c5
ffffef6c
fffffec5
ffffed5c
fffff613
fffffa4a
ffffdf30
fffff6f9
ffffea2a
ffffe4c2
ffffdfa7
ffffef55
ffffed40
ffffd645
fffff396
ffffd3a3
ffffcd23
00000198
00000ae3
ffffe405
ffffee1a
ffffc3c0
fffff339
fffffea9
ffffef07
000009a4
000003b2
ffffe2a0
fffffc30
fffff064
ffffb759
fffffd28
fffffef8
fffff0a8
fffffb1d
fffff46c
ffffeddf
ffffdd6e
000008a5
ffffcc84
00000453
fffff6e9
ffffe125
ffffe87f
ffffdcb4
fffffe72
ffffeecc
fffff47a
ffffe788
fffff599
ffffefaf
ffffff76
ffffe78d
ffffeeba
000007f7
ffffee95
fffff583
fffff50c
ffffe831
ffffcf1a
ffffffbe
ffffd6e8
fffff31f
ffffeb9c
ffffe9ac
ffffec76
fffff301
ffffeec1
fffff0da
ffffe499
000009fe
fffffba4
ffffe42b
ffffcc9f
fffff9f3
ffffd409
fffffd44
ffffe988
ffffe70c
ffffe6c1
ffffec5d
00000631
ffffdd09
fffff6e2
ffffee98
ffffdfdb
ffffdac8
ffffd3c6
ffffd229
ffffeb56
fffff76f
fffffc27
ffffeed8
ffffdfa4
ffffe85c
ffffddf0
ffffe877
fffff251
ffffdb46
ffffeae9
000003a3
fffff84d
ffffea81
ffffe6ca
fffff9ab
ffffffc5
ffffefb0
00000229
00000792
fffff163
ffffde05
00000af2
fffff76e
fffff5bb
fffff699
ffffdaf5
ffffebdb
ffffedc0
fffffc71
fffff76d
fffffef4
fffff66e
fffff553
fffff558
fffff0b7
fffff9ec
00000890
ffffe710
ffffe70a
ffffe268
fffff032
ffffeba9
ffffebe5
fffffbe2
ffffef96
00000648
ffffef21
fffff47b
fffff546
fffffce0
ffffe612
ffffe444
fffff26e
0000037c
fffff93a
ffffe120
ffffd0cd
fffffaa6
ffffe683
fffffb34
ffffef8e
00000056
ffffcdb5
000004b8
fffff490
ffffe9d4
ffffde65
ffffdc8a
ffffda7c
00000819
fffffe10
ffffe88d
ffffec50
ffffdf75
ffffede2
000004b7
ffffe1b1
fffffb4b
ffffd31d
ffffc4a3
ffffc8ab
000003dc
fffff833
00000477
fffffacd
fffff1c1
ffffe3ae
fffff14f
fffff095
ffffeeb0
ffffeec1
ffffde10
fffff3e6
fffff4f4
fffff9cc
fffff211
ffffc6fd
ffffde14
fffff8f0
ffffffc7
fffff10f
000002c4
000003ff
0000052d
000009cf
ffffeb3d
fffff984
000007da
fffff243
fffff9da
ffffea6c
ffffdda8
ffffd473
fffff9ee
fffff4da
00000060
ffffbf3c
fffffcf9
ffffd2fb
fffff163
0000034a
ffffe3cb
ffffe88e
fffff74d
fffff0ce
ffffdc91
ffffe9e9
0000003d
fffff55c
fffff7fd
fffff4d9
ffffe034
fffff333
ffffdb4e
fffffc6e
ffffbdfa
fffff7c1
fffff4ce
0000008e
fffffbff
ffffde53
ffffdfc2
ffffe173
ffffeeb6
ffffe76a
ffffdca4
ffffeb07
fffff905
ffffb69a
ffffc8dc
fffff3e2
fffffe93
ffffeed6
fffff01d
fffff5ae
000001b8
ffffe8c1
00000229
ffffebda
ffffedea
ffffd973
ffffce30
ffffde74
ffffffbd
fffff51f
ffffd8be
fffff747
fffff3dc
00000737
0000144f
ffffd7db
00000031
ffffe4cf
fffff074
ffffdd75
ffffdf86
ffffe8cf
ffffde58
fffff991
fffff81b
ffffe86d
fffffaae
fffff8a1
fffff974
fffffa25
fffffc91
fffffe9e
fffff222
fffffcb4
fffff6f5
0000053f
ffffeb95
ffffe6b0
ffffc6fd
ffffe526
ffffe332
ffffeb7e
00000114
fffff527
fffffb91
ffffe0c4
ffffdcae
fffff07d
ffffe224
fffff4e6
ffffe994
ffffdd92
fffffcff
fffff726
fffff547
ffffc3b6
ffffe37d
fffffb52
ffffed63
ffffea6e
ffffda25
ffffed6b
ffffe43c
ffffb68f
fffffacb
ffffed5e
ffffea37
ffffcdf1
ffffe779
ffffd984
ffffd820
ffffe686
fffff6b5
ffffe952
fffff6c2
fffff7d1
ffffecfb
ffffeff0
0000013d
ffffc514
00000059
000001fe
0000018c
ffffd09d
ffffb2b9
ffffeb52
fffff115
ffffcf27
ffffbddb
00000027
fffff0fa
ffffda28
ffffed3d
ffffe641
fffffb3e
fffff7d1
ffffb65a
000009c0
ffffd7f0
ffffef9b
fffff296
ffffedea
ffffd188
00000462
fffff61c
ffffe2af
ffffe2d3
ffffeab5
00000015
fffff3b5
ffffd643
00000ab1
00000577
ffffd196
ffffcd52
fffff7af
ffffd37b
fffff47a
00000287
fffffad3
ffffcb8a
ffffed0b
ffffdee5
000004da
fffff82c
fffff966
000003ef
ffffeb7e
ffffda4e
00000083
ffffed70
fffff647
fffffc2d
00000343
ffffd756
fffffac4
ffffdf44
fffff17e
ffffd79e
fffff8bd
ffffe05c
ffffee8f
fffff7c6
ffffdc44
00000162
fffff087
ffffcdde
ffffde82
fffff5af
ffffd740
ffffcd38
fffff463
ffffc1a7
ffffff70
fffff460
ffffe4bf
ffffedf7
ffffee77
fffff342
fffff0de
ffffef07
ffffd627
fffffdb4
ffffe5e0
fffffc09
fffff81e
fffff78e
ffffdfdd
ffffdfb5
ffffd6a2
ffffd501
fffff1d6
ffffd7a4
ffffbf25
ffffffca
fffffde5
fffff83b
ffffdf22
fffff003
fffff87d
ffffddc1
fffff614
ffffeb69
ffffeb64
fffff376
ffffd7e9
fffffa6c
ffffff96
ffffcbf1
ffffdf43
ffffd274
00000212
ffffefb0
fffffdc7
00000c0e
ffffd87d
ffffe5d8
fffff30b
fffffa70
000000f0
ffffcc96
fffffec8
00000247
fffff989
ffffd124
ffffd8c0
ffffc49b
fffff6d5
ffffbf22
ffffedca
fffff1fb
ffffe3e8
fffffe3d
00000a6b
ffffe457
fffff1e6
ffffe294
ffffeb54
ffffd857
ffffe82d
000000c6
fffffe84
ffffefaa
fffff776
ffffe701
fffff1f7
fffff4a4
ffffd3bf
fffffbee
ffffedfa
fffffd24
ffffff9a
fffff245
ffffc08d
ffffe29a
0000025c
ffffdacd
ffffd713
fffff780
fffffd31
ffffdb99
fffff0a6
fffff793
fffff59c
fffffdba
ffffd99a
ffffe59a
ffffbbde
ffffe64a
fffff78e
ffffdc5e
ffffffd1
fffff794
ffffcd33
fffffece
fffffbf8
fffff910
fffff007
ffffe1ad
ffffdb19
ffffc84f
fffff360
ffffd872
fffff3d9
ffffc5d0
ffffea82
ffffdf2a
fffffcaa
fffff4cc
fffffa03
ffffee7e
fffff208
ffffb54a
ffffe931
ffffe2fb
ffffd918
fffffb47
ffffce21
fffff7b7
fffff64e
ffffd1de
ffffefd9
ffffdb76
ffffe212
ffffce26
ffffe78f
ffffc697
ffffeb86
ffffef58
fffffd71
ffffe112
ffffec0b
ffffea16
ffffccb9
fffff60d
ffffcc88
fffff15a
ffffad51
ffffca5c
fffff624
ffffb79b
ffffd016
ffffdd35
ffffec4d
ffffefec
fffff8b3
ffffe0df
ffffd260
ffffe05f
ffffe054
fffffad8
ffffdcf5
0000011c
fffff69e
fffff624
ffffdb11
ffffe279
ffffca9d
00000149
ffffd455
ffffdbb8
000002cc
ffffc9a9
fffffa5d
ffffffe2
ffffc0c1
ffffd95f
fffff15c
fffffc22
fffffe7f
ffffeb78
ffffdd6d
ffffe102
ffffd00d
ffffdb23
ffffca62
ffffe36e
0000014c
ffffd9dd
fffffa03
fffffb6a
ffffed46
ffffd6a3
ffffd3c0
ffffed37
00000abb
ffffd2fc
fffff1bc
0000018c
ffffde09
ffffc920
ffffed9b
fffffa8f
ffffdca4
ffffc985
fffff8e5
ffffda4a
ffffdca3
ffffcf55
ffffd49e
fffff17d
ffffbc4b
ffffcc55
ffffd676
fffffd5d
ffffb1c2
fffff8d6
ffffc5a9
fffffc0a
00000337
ffffef55
ffffee90
fffffb1c
fffff611
ffffc069
ffffe700
fffff80f
ffffefda
0000001b
00000358
ffffd135
ffffe22f
fffff9c0
fffff58b
fffffcb4
00000488
00000684
ffffe265
ffffddd4
ffffb9be
ffffcea1
ffffd243
fffff2ad
ffffb662
ffffef54
ffffeba1
ffffcce3
0000005f
fffff2e7
ffffda2c
000002e6
ffffd266
000007f9
ffffe1fb
ffffd463
ffffcfa0
fffff43f
ffffd19c
ffffee63
ffffc215
ffffef44
ffffe6fa
ffffee86
00000ac6
ffffe63b
ffffc543
fffff3d5
ffffefe9
fffff252
ffffdc54
fffffe30
00000483
ffffd772
ffffe6bb
fffffedc
ffffca71
ffffc781
fffff767
fffffd4d
ffffea66
fffff61a
ffffda48
ffffb9e6
ffffb680
ffffceb3
fffff503
ffffef40
fffff0f8
fffff6ee
ffffe308
ffffefa8
ffffc9b4
ffffdc71
ffffcfb0
ffffda6f
fffffde2
ffffedc8
fffff8af
ffffeb9b
ffffceaf
ffffe100
ffffe284
ffffe495
ffffccdc
ffffdb8d
ffffec2a
fffffe9d
ffffc2bc
ffffc37f
000000e0
ffffdf41
ffffdfbb
ffffe613
ffffe409
ffffbe01
ffffc379
fffff9fd
ffffce12
ffffcceb
ffffdab7
ffffd4dd
ffffc390
ffffbfcb
ffffd040
ffffe7c4
ffffefbc
ffffe285
ffffd5df
ffffe020
ffffd565
fffff83a
ffffdb9e
ffffbc77
ffffec9e
ffffe8aa
ffffbde9
ffffd121
ffffbdca
ffffd6be
ffffaea9
ffffd7c9
ffffb76b
ffffe23c
fffff4da
0000011e
ffffe0c9
ffffea58
ffffdf2c
ffffd4f1
ffffe975
ffffbcde
ffffe464
ffffff71
ffffc795
ffffee77
00000a3d
fffff2a9
ffffaf07
00000188
ffffdcec
ffffd37e
ffffdeb1
ffffbc08
000007e6
ffffed01
ffffff01
ffffc665
ffffd754
ffffd47e
ffffea48
ffffea89
ffffc0c1
fffffc07
ffffe668
ffffee66
0000065f
ffffb27f
fffff543
ffffdefb
ffffd5f9
ffffc4e2
ffffeff3
fffff0d0
ffffd8a8
ffffea3f
fffff419
ffffedaa
ffffcff7
ffffe192
fffff925
ffffd9bf
fffff606
ffffd9f2
000000f1
ffffe8ea
fffff11c
ffffc9c5
ffffcf8a
fffffb97
fffffc77
ffffd7b7
ffffb449
ffffdfaa
ffffbdb0
ffffd958
ffffd52a
ffffcf63
ffffef95
ffffcae1
ffffdd76
00000664
ffffc97f
ffffdc5a
ffffb84c
ffffdd7f
fffffec6
ffffcdf9
ffffecfa
ffffde86
ffffd01c
ffffc20b
ffffd2e0
ffffd765
ffffc720
00000d3e
ffffb210
ffffd715
ffffcf7f
ffffdd06
ffffe4b9
ffffd24f
ffffdff0
ffffe07d
ffffddce
ffffd57f
ffffd6db
ffffb613
fffff0b6
ffffee83
ffffbe3b
ffffe2b3
ffffdf44
ffffe4d3
ffffd4f9
ffffd42a
ffffc4ec
ffffce44
ffffc39d
ffffc485
ffffbd42
ffffebd0
ffffdb5d
ffffd4a6
ffffdef4
ffffe6bb
ffffe2ee
ffffd971
ffffcfb6
ffffd708
ffffc1f5
ffffc459
ffffd87a
000006df
ffffda74
fffff890
ffffd20a
ffffb746
ffffc652
fffffc77
fffffa46
ffffe219
ffffd389
ffffe686
ffffe2fa
fffff4c3
ffffc886
fffffb3c
ffffce0c
ffffeeaf
ffffde28
ffffdde2
ffffbb51
fffff010
ffffd4d9
ffffb508
ffffcbe0
00000181
ffffca4a
ffffcbf7
ffffd27d
ffffd866
ffffcbec
ffffffbf
fffffbc2
fffff13f
ffffcb05
ffffc7e7
ffffca70
ffffdeb0
ffffd654
000002b8
ffffc3f5
ffffd909
fffff579
ffffd895
ffffdc49
fffff8c9
ffffcbcd
ffffcfb2
ffffae59
ffffcd0b
ffffc80f
ffffed74
ffffe0ce
fffff1a1
ffffe12a
ffffdcb5
ffffd040
ffffdc5d
ffffde20
ffffbeaa
ffffdd60
ffffd61c
ffffb1bc
fffff19f
ffffc1e6
ffffdede
ffffd4bc
ffffd4aa
ffffbeb7
ffffd1c8
ffffcd93
ffffd29f
ffffce7f
ffffb595
ffffc5bb
ffffeb9b
ffffd23a
ffffd2ca
ffffcf0f
ffffc732
ffffd4bb
ffffe10d
ffffc736
ffffec48
ffffd0d5
ffffe231
ffffc615
ffffe0c6
ffffeee3
ffffc899
ffffb8db
ffffc8a1
ffffc188
ffffcec0
ffffbcd8
ffffecf9
ffffb87c
ffffe3f0
ffffcd65
ffffe79e
ffffeaee
ffffcb55
ffffd2dc
ffffe623
ffffc6dc
ffffce81
ffffdd22
fffff57d
ffffe845
fffffe61
ffffca82
ffffdbd9
ffffd505
ffffdd4a
ffffe07f
ffffd917
ffffc92a
ffffd9b7
fffffd56
fffff46b
ffffd98d
fffffb79
ffffd98f
ffffdc3f
ffffe11d
ffffda07
ffffc8d8
ffffcba0
ffffcf53
fffff676
ffffe84f
ffffbb46
ffffdd9a
fffffb2f
ffffca35
ffffee4f
ffffddce
ffffe7fd
0000074f
ffffe52f
00000395
ffffd2db
ffffda0c
ffffb8b8
ffffe10d
00000224
ffffca68
ffffd077
ffffe9b4
ffffbe52
ffffdbc3
ffffe4f6
ffffe866
fffff4f6
ffffd340
ffffc98a
ffffb811
0000051b
ffffdc92
ffffe413
ffffd5ce
fffff165
ffffdb7a
ffffe784
ffffdbd4
ffffe91b
ffffccbf
ffffbf42
ffffcd58
ffffef79
000004d4
fffff47f
ffffc2d8
ffffdf1c
ffffcb2b
ffffe9b0
ffffe237
ffffe0b3
ffffc291
ffffdd33
ffffc468
fffff2a1
ffffb985
ffffe9bc
ffffd133
ffffd9ae
ffffaa4e
ffffd239
ffffe06d
ffffc797
ffffc971
ffffcfa5
ffffd9cd
ffffde7d
ffffe00d
ffffd3ba
ffffd543
ffffddc7
ffffc9e8
ffffdd1c
ffffdeae
ffffe0b4
ffffdfe1
ffffbb62
ffffd9b3
ffffcd45
ffffcfd6
ffffc767
ffffc960
fffff573
ffffd16e
ffffe358
fffff836
ffffdd1c
ffffe809
ffffc392
ffffd3d9
ffffdbbb
ffffd730
ffffda0f
ffffd18b
ffffb485
ffffcc78
ffffb686
ffffdc6d
ffffc55d
ffffc37a
ffffd162
ffffbc51
ffffe14a
ffffeb22
ffffe1f2
ffffda62
ffffdde2
fffff61b
ffffd421
ffffc08a
ffffcfeb
ffffc8db
ffffc2c5
ffffc117
ffffc623
0000035e
fffff09c
ffffe114
ffffc632
ffffe1b5
ffffd971
ffffcf24
ffffe41c
ffffd6ca
ffffd588
ffffce2b
ffffda2e
ffffeaf4
fffff3bc
ffffce85
ffffc0c7
ffffd995
ffffa85e
ffffcecf
ffffca01
ffffc5a0
ffffd92f
ffffcfc4
ffffc73a
fffff05a
ffffd688
ffffe0c2
ffffc2c7
ffffbd70
ffffe0dd
ffffda6a
ffffd7d9
ffffd2bb
ffffd133
fffff1a6
ffffd71d
ffffd3ba
ffffb803
ffffbaab
ffffd74e
ffffec18
ffffc26b
ffffdaa0
ffffdbb5
ffffe562
ffffdad3
ffffeed7
ffffc5a3
ffffc459
ffffd8da
ffffcb54
ffffd8cb
ffffce09
ffffe586
ffffcf32
ffffe943
ffffc5b1
ffffcd7d
fffff616
ffffd9df
fffff7a3
ffffd90e
ffffdddb
ffffc954
ffffe0fd
ffffc779
ffffcc5b
ffffd054
ffffb635
ffffcd53
fffff4ff
ffffbfcb
ffffce53
ffffc91b
ffffb738
ffffd4c3
ffffd5a4
ffffd0ff
ffffc93b
ffffd011
ffffbe0c
ffffe611
ffffdefa
ffffcca6
ffffe19f
ffffbe3b
ffffcea8
ffffe55b
ffffe3ea
ffffccde
ffffdb1d
ffffc445
ffffd440
ffffdf64
ffffc8b0
ffffd591
ffffccd1
ffffca38
ffffcca9
ffffe3eb
ffffc944
ffffc778
ffffcedf
ffffcab7
ffffe1a0
ffffc2e2
ffffba31
ffffd022
ffffda20
ffffc9ad
ffffecb9
ffffd199
ffffca27
ffffddd1
ffffc8b4
ffffd10e
ffffcdf5
ffffcdaf
ffffe83d
ffffcbba
ffffbcc8
ffffc918
ffffdcff
ffffee50
ffffc33b
ffffe613
ffffd238
ffffdd88
ffffe561
ffffda80
ffffe6f9
ffffc863
ffffcf90
ffffc437
ffffd804
ffffb47f
ffffbdda
ffffce0e
ffffcdae
ffffdd5e
fffff552
ffffded0
ffffd6ce
fffff2a0
ffffe10a
ffffd6fa
ffffc5e6
ffffb41a
ffffcf3d
ffffcaf3
ffffe424
ffffcb35
ffffdf75
ffffc348
ffffdcb1
ffffda7a
ffffce45
ffffc6cf
ffffd1b7
ffffd404
ffffaf4a
ffffc4aa
ffffcc23
ffffe0ad
ffffdc4b
ffffdb0e
ffffcbc2
ffffd5f6
ffffd1f2
ffffc9ff
ffffcd8b
ffffd433
ffffda43
ffffd5e2
ffffdd88
ffffd202
ffffc9d1
ffffdbca
ffffdb27
ffffba7c
ffffbaa9
ffffcc22
ffffb359
fffff580
ffffca72
ffffd68a
ffffa5a6
fffff638
ffffe211
ffffd92b
ffffd52b
ffffc118
ffffc17c
ffffcd88
ffffbf93
ffffd8a6
ffffcf62
ffffc8ad
ffffd25b
ffffd008
ffffc11f
ffffcb28
ffffbf5f
ffffcfd5
ffffc658
ffffdf0a
ffffd3fc
ffffe505
ffffe61c
ffffc830
ffffc5d5
ffffbdbf
ffffc5e0
ffffdd50
ffffdca0
ffffcbe4
ffffd885
ffffddc6
ffffe4b5
ffffccc7
ffffe1fb
ffffd2a1
ffffe02b
ffffcd86
ffffc2c4
ffffe464
ffffc3ec
ffffdc48
ffffd36d
ffffc536
ffffc8d6
ffffdba5
ffffeae5
ffffc61b
ffffd9fb
ffffd80d
ffffd078
ffffd1db
ffffbd23
ffffd92c
ffffc86e
ffffc921
ffffb04c
ffffdadd
ffffc494
ffffb64a
ffffd576
ffffc007
ffffb87c
ffffcb3a
ffffd157
ffffd83c
ffffd123
ffffc150
ffffca00
ffffbd55
ffffdae2
ffffd205
fffff718
ffffd80c
ffffcf53
ffffc600
ffffe2f2
ffffd4e5
ffffcdba
ffffbb03
ffffe32f
ffffcd56
ffffb8f6
ffffe441
ffffd4d0
ffffe6b1
ffffc9af
ffffd368
ffffc991
ffffcdba
ffffd9a8
ffffca35
ffffbf13
ffffe00e
ffffc5d9
ffffd475
ffffc60c
ffffddf7
ffffc58a
ffffd96e
ffffc1cb
ffffe0cf
ffffef13
ffffec31
ffffbe22
ffffdb10
ffffd2f3
ffffd435
ffffc0f7
ffffe771
ffffda30
ffffc691
ffffd03c
ffffbab9
ffffddcc
ffffdc3b
ffffd270
ffffcbed
ffffc63f
ffffddc8
ffffc0ef
ffffd7bb
ffffc080
ffffcd60
ffffc9d9
ffffdf0c
ffffdb4e
ffffe557
ffffe249
ffffcb84
ffffc9de
ffffc9d2
ffffc105
ffffcc6a
ffffd1bd
ffffceb0
ffffe230
ffffc1d8
ffffde45
ffffc5f3
ffffbb5b
ffffc96b
ffffc899
ffffda59
ffffdd0a
ffffcae3
ffffe532
ffffd7b0
ffffd4d8
ffffd33f
ffffca34
ffffcf95
ffffdd7b
fffff2f0
ffffd02c
ffffc4a0
ffffce02
ffffbce3
ffffd29e
ffffc8d8
ffffd402
ffffe270
ffffc969
ffffd905
ffffef4f
ffffc45a
ffffc362
ffffce6c
ffffeed8
ffffb8ee
ffffb755
ffffcd3a
ffffdc87
ffffdf22
ffffe4c5
ffffe65f
ffffe576
ffffcfa2
ffffbe3e
ffffc463
ffffc6fd
ffffcae6
ffffcd3e
ffffedf2
ffffd1a4
ffffbab0
ffffdc88
ffffd7f7
ffffdb5d
ffffebf2
ffffd821
ffffd7f9
ffffd96b
ffffd677
ffffd783
ffffc9ee
ffffd8a9
ffffe467
ffffe62d
ffffdcb4
ffffd014
ffffd4be
ffffceae
ffffcac3
ffffc54b
ffffb6aa
ffffca3f
ffffd93c
ffffd5d9
ffffc0f4
ffffece8
ffffce7a
ffffdcfb
ffffdef3
ffffb73d
ffffd652
ffffde99
ffffc470
ffffd0cf
ffffced7
ffffd1a5
ffffdbd4
ffffd4c0
ffffb88d
ffffd536
ffffcf15
fffff060
ffffdaa0
ffffe50e
ffffc46b
ffffe294
ffffc9a9
ffffb85e
ffffca0b
ffffd103
ffffd217
ffffc9e3
ffffcdbd
ffffd832
ffffc7a2
ffffc058
ffffd59a
ffffbeac
ffffb098
ffffdec0
ffffca64
ffffd5f3
ffffd989
ffffcdfb
ffffda5f
ffffca38
ffffd763
ffffcbab
ffffc506
ffffba66
ffffcef9
ffffdbe6
ffffcecf
ffffe1a6
ffffcd9d
ffffddb9
ffffcecd
ffffc4dd
ffffd543
ffffd382
ffffeb8a
ffffb895
ffffe196
ffffc2c1
ffffd3c7
ffffc3c9
ffffc8ca
ffffd62d
ffffcc92
ffffd5dd
ffffd9d7
ffffd32f
ffffc22e
ffffcbf3
ffffd5ef
ffffc0c7
ffffc069
ffffcd6e
ffffcda6
ffffc0d9
ffffd480
ffffbfa6
ffffd998
ffffcf6f
ffffc52c
ffffbed3
fffff34f
ffffe952
ffffc01b
ffffd31f
ffffbc34
ffffc270
ffffcfc6
fffff397
ffffdb54
ffffd5ef
ffffd5cb
ffffc7de
ffffe4fa
ffffe171
ffffb756
ffffdee7
ffffd8ba
ffffbdbe
ffffc3a7
ffffd5ec
ffffe634
ffffc5a9
ffffdd73
ffffc9b1
ffffc580
ffffd396
ffffd5c3
ffffd009
ffffc5e9
ffffb516
ffffcc6a
ffffcfc7
ffffc838
ffffdcb6
ffffbb5d
ffffdcd1
ffffd0f7
ffffc5c2
ffffdca5
ffffe3bc
ffffc4d8
ffffddd0
ffffe24c
ffffc9ff
ffffc6e6
ffffe8d6
ffffd822
ffffbb25
ffffc629
ffffc304
ffffdf3a
ffffb150
ffffd163
ffffcf88
ffffc7ba
ffffe97b
ffffd023
ffffdf20
ffffbdf3
ffffd0f5
ffffc280
ffffd6b5
ffffe31c
ffffbca0
ffffcf50
ffffd844
fffff6e3
ffffd498
ffffd86b
ffffde98
ffffcbf0
ffffe100
ffffde36
ffffc191
ffffd5ab
ffffccfa
ffffd34c
ffffd700
ffffcf63
ffffd3e0
ffffdbc6
ffffb94f
ffffd8ca
ffffc1b6
ffffc968
ffffc771
ffffe378
ffffbbc4
ffffc5e0
ffffcf83
ffffda31
ffffcdcd
ffffdbb0
ffffda22
ffffc611
ffffd624
ffffd96c
ffffd0ae
ffffdd46
ffffc8a4
ffffce2c
ffffd543
ffffd7d2
ffffc903
ffffdc60
ffffc418
ffffda5c
ffffed8d
ffffc9ff
ffffd721
ffffd265
ffffcfdc
ffffc7aa
ffffd4c0
ffffbccc
ffffc815
ffffdeec
ffffdaf2
ffffdbbd
ffffdd09
ffffd87e
ffffd8ca
ffffdc76
ffffbeed
ffffdad6
ffffd65a
ffffd410
ffffdc67
ffffd32b
ffffd80a
ffffc074
ffffb5f9
ffffba42
ffffc5bd
ffffc8f9
ffffd7d2
ffffbe4c
ffffd23b
ffffd809
ffffb869
ffffc9b1
ffffd7ff
ffffeca1
ffffe108
ffffc586
ffffc3cb
ffffc57e
ffffb912
ffffcfd7
ffffeec8
ffffc8b3
ffffece5
ffffd610
ffffd827
ffffe4d3
ffffbbf0
fffff064
ffffd1c0
ffffc679
ffffca48
ffffd04d
ffffc868
ffffe12c
ffffc97b
ffffc66b
ffffd453
ffffe223
ffffd947
ffffc7dc
ffffbc8a
ffffd51b
ffffc040
ffffca7e
ffffea7c
ffffc895
ffffc8d4
ffffd34f
ffffde3b
ffffdb93
ffffbc2a
ffffd506
ffffb4da
ffffcf6b
ffffcb2a
ffffdbc1
ffffb13a
ffffe91d
ffffde8b
ffffc65e
ffffd4e7
ffffbe7a
ffffc120
ffffd084
ffffd607
ffffec1f
ffffd472
ffffe915
ffffdea1
ffffd968
ffffc6e8
ffffe853
ffffc7b4
ffffbf40
ffffd675
ffffdfba
ffffc2f5
ffffcd7c
ffffc5eb
ffffcd62
ffffcf00
ffffc585
ffffd952
ffffca5f
ffffdf78
ffffd51c
ffffe28c
ffffe1bd
ffffbe99
ffffcbc6
ffffe0af
ffffd88e
ffffc201
ffffd92e
ffffc811
ffffcc03
ffffca64
ffffcc95
ffffc7e3
ffffc637
ffffc2c1
ffffdcb4
ffffc355
ffffc881
ffffd2df
ffffd6d6
ffffde38
ffffafd2
ffffd23e
ffffd70a
ffffc3af
ffffc1df
ffffc765
ffffe2e1
ffffc7c5
ffffda45
ffffd789
ffffde6a
ffffe786
ffffc270
ffffb998
ffffd035
ffffcc9c
ffffe509
ffffba46
ffffce00
ffffc56f
ffffd412
ffffdaf1
ffffc432
ffffd0e7
ffffccc2
ffffde25
ffffdc15
ffffc52c
ffffd499
ffffd308
ffffe00f
ffffebb1
ffffd97d
ffffdfe3
ffffc57b
ffffc8d2
ffffd2ce
ffffbe4a
ffffc1f6
ffffe7c9
ffffc933
ffffc9ba
ffffd073
ffffdba2
ffffb0ff
ffffde21
ffffdec4
ffffef17
ffffe4c5
ffffcb8b
ffffc6b7
ffffdf66
ffffcde8
ffffcb5b
ffffd3a9
ffffc81e
ffffdc1e
ffffdf51
ffffc6ec
ffffd5fe
ffffc56f
ffffc205
ffffca41
ffffc031
ffffd0a7
ffffd68b
ffffbdfd
ffffbdef
ffffb92c
ffffcf9f
ffffdf0f
ffffdd14
ffffdeec
ffffd28a
ffffd6db
ffffcae8
ffffd205
ffffdd40
ffffc8a4
ffffdcda
ffffdb99
ffffc663
ffffcb96
ffffc688
ffffcb35
ffffb748
ffffdf00
ffffdc9e
ffffe399
ffffc221
ffffd01e
ffffd8fe
ffffc2f3
ffffc86d
ffffd190
ffffc413
000013aa
000010f2
0000110c
0000168d
fffff338
0000070f
ffffe2c9
0000091c
ffffefe4
ffffec81
0000211d
000001b5
ffffff43
00000451
fffff3cd
0000060d
fffff9a8
000002d7
fffffdec
ffffec9b
fffffb85
000005d4
00000a74
fffff34b
00000248
00001396
00000e6d
ffffff1d
00001710
00000eb2
ffffec82
fffffa7d
fffff91a
fffff9ef
0000004b
fffffc74
fffffe76
fffff6a0
fffff7cd
000001fd
fffff9c1
ffffe510
fffffe64
00000598
00000123
00000c58
0000187c
fffffc75
fffff296
ffffddf0
fffffac9
fffffe26
0000054a
fffffae9
0000028b
ffffbc21
00001125
fffffcfb
ffffffb4
00002d0b
fffffcaf
ffffebda
fffffd02
fffff9d2
fffffb0d
0000075f
00001159
fffff665
ffffea9b
fffff64f
00001226
00000c05
000010a7
000005f2
fffff419
fffff28e
00000442
000000f3
0000015b
0000082c
fffffc6a
ffffff2d
00000059
00000727
0000114e
00001098
fffff77f
fffff699
fffff9b6
00000565
000010a0
000002c2
000000d0
fffff881
000001d1
0000080a
fffffcb9
fffffcef
0000078c
00000645
00000803
000006e5
fffff902
fffff729
0000082c
fffff518
000000eb
000011f0
fffffae8
fffffa39
0000097c
ffffdef8
000004b6
fffffcd5
fffffd13
000003bf
0000028a
fffffcc7
0000052d
000004da
0000024e
fffff383
00001ae6
00000421
0000004a
fffff546
00001c14
00000663
00002938
ffffff53
fffffd67
fffff6ed
00000308
00000754
000004d2
00000b51
000002ee
fffff228
000005d9
0000036e
0000042d
000008ec
0000031a
0000066c
fffff9e3
fffffce4
00000838
0000002d
fffffbc7
00000b00
fffffecf
0000017a
fffffd7c
000000d3
00000bb3
ffffff94
ffffff49
000008f8
00000486
000000cc
0000015b
000002e2
0000033b
fffff7ad
000000eb
fffffe89
fffff8be
fffffe04
000007b2
0000011a
00000049
000005b6
fffffc86
00000d0e
fffffdfa
000005d2
000003ff
0000079d
fffffe84
fffffdf3
fffffa85
fffff7f2
0000060d
fffff8f9
00000723
ffffff84
fffff1de
00000e77
fffffdab
fffff4e3
ffffff31
0000022b
000003f5
000006e0
ffffff32
fffffb0b
00000771
000007e1
fffff8b3
00000261
fffffc0d
00000518
0000199d
0000079e
0000035d
0000023f
00000273
fffff714
000004e3
fffffa7a
fffffe4d
00000bde
fffff4ec
ffffff54
00000a98
00000348
fffff7e2
00000225
fffff4e4
00000de2
00000acf
fffffff3
fffff57f
ffffff82
fffff6b0
fffff55b
fffff715
000003a5
00000a58
000008fd
0000002d
fffffd1e
00000ba3
000004fc
ffffe5aa
fffff930
000007d9
00001bf9
000002a1
000007ee
fffff905
00000957
00000206
000001f6
fffffdc9
0000018b
0000078a
fffff456
fffff958
000002ef
fffffb4d
fffff871
fffffab2
00000079
ffffface
fffffcec
fffff23f
00000240
fffff758
000001a3
0000051f
0000064d
fffffa18
ffffda53
fffffa9c
ffffff0b
fffff7f6
fffff9ba
fffff6c1
000001e4
fffffe00
0000078e
fffff6d5
fffffc31
0000058c
fffffb79
0000123b
ffffd389
fffff0e6
ffffffe2
fffffcf1
fffff851
00000874
fffff97c
fffffe19
fffffe0c
fffff794
00000b9c
000002b9
0000021b
fffff875
fffffaa1
fffff8c0
00000029
00000a96
fffffbe8
00000603
ffffffbc
00000e93
fffff914
000001a8
0000063c
0000002d
000002b0
fffff9dc
000002fe
fffffe7c
00001424
00000929
00000224
00001266
0000063a
000001d4
000006de
fffff965
ffffff15
fffffe15
000004a4
0000039f
ffffffb9
00000229
00001247
00000bce
000008c5
fffffad4
fffff043
ffffffd5
00001827
fffff3a3
00000018
0000015a
00000d15
fffff089
000007fc
fffff818
fffffe4b
0000075d
000002d1
fffffbc8
00000575
00000b41
00000709
fffff39f
fffffc33
fffffe95
fffffe16
00000760
fffff6fd
0000076e
00000e91
fffff91e
00000053
fffff8aa
ffffff98
00000f99
fffffa11
0000104d
ffffff9e
00000f84
ffffff1b
00000e77
00000288
00001124
ffffe376
00000344
fffffc7d
fffff246
ffffff37
fffffe99
fffffdc8
fffff8c4
000003a7
fffffd03
00000721
fffff4d5
00000394
fffffe47
000005f1
00000d2b
fffff611
00000072
fffff48b
fffffe56
000002b1
ffffffbc
000003be
fffffdb9
fffff7b4
0000025b
fffff8db
0000022a
0000005c
0000043c
ffffff43
000000bb
000000df
fffffb73
fffff32d
fffff157
00000113
000001df
00000083
fffffcbc
fffff71a
fffffe46
0000006c
00000e26
fffff95b
0000009e
00000423
fffffb71
00000a00
00000367
fffff187
00000b97
fffff9bd
fffffe58
000004b7
fffff2e0
fffffd05
000001cf
00000840
0000007c
000003e8
00000645
000001b3
00000518
00000d39
fffffe6f
fffffe20
fffffda2
0000032c
00000479
fffffea5
fffffc1b
fffff3ce
00000755
ffffeb8d
fffffbe0
fffff82b
fffffd82
000005cf
0000015e
fffff66b
000009dc
00000252
ffffff16
00000a4b
fffffc7c
fffff222
fffffef6
0000027a
00000677
fffff9c3
fffff9c2
00000bca
000006a1
fffff82b
00000170
0000009a
fffff908
fffffc26
0000003d
00000426
fffffefd
00000655
00000990
0000021d
0000014a
fffff8df
fffffc33
fffff749
fffff898
00000ebe
fffffcb5
0000114c
00000421
0000032d
fffff360
fffff7be
fffffa64
fffffc4a
fffff8b1
fffff2ab
fffffefc
fffffdae
0000029d
fffff74c
fffffb9a
fffff1ae
ffffefd3
fffff216
00000035
ffffed18
00000784
ffffea6d
00000827
fffff865
00000d03
0000018c
fffffe96
ffffeaac
000004a9
fffff148
ffffe9b6
00000383
fffff7ca
fffffb16
000003c2
fffffc38
fffffce3
ffffff1f
fffffc2c
0000081b
00000566
000001aa
00000f54
fffffb00
000001ec
fffff8a8
fffffbdd
fffff7e2
000001ca
000002e5
ffffff10
fffff51a
00000675
00001efe
00000f56
ffffff63
fffff659
0000004d
000004d5
fffffc4d
fffffd25
00000239
0000080c
000005c8
000009dd
000003c2
fffff40d
000007d5
000006ee
00000458
00000723
fffff943
fffff99f
ffffff71
fffff723
ffffdf53
ffffffb7
fffff7e5
00000065
fffffe74
fffffd92
fffff7a1
0000003c
00000b01
00000390
0000001f
00000c5f
00000747
fffff8a0
00000ba3
fffffa2c
fffff925
0000020f
0000010a
00000d0a
fffff77c
fffffb8c
00000551
0000014a
000004d2
fffff8bf
fffff73f
fffff877
fffff840
ffffe983
000005c8
fffffd78
fffffad1
0000045f
fffff7fd
000003d9
000002ac
0000003f
fffff9fd
00000f67
fffffd8f
ffffff74
00000586
0000045d
fffffe73
fffffa09
00000a74
00000988
00000a0c
000009ec
ffffffd0
00000020
fffffee5
ffffff70
000001c2
0000100e
fffffd24
00000c07
00000069
fffff7f0
fffffc3e
fffffb37
ffffef09
000000ac
000003ec
000005f3
0000016b
fffff701
fffffca3
fffffca0
fffff961
fffffc7a
000000ed
00000481
0000017a
000001e6
00000124
00000bc7
00000514
000006e3
000002af
fffff8ad
00000816
fffff440
fffff469
00000751
fffffa90
fffff04c
fffffb5b
0000015e
fffff889
00000228
00000311
ffffec45
fffffbbf
fffff8ec
fffffa7c
ffffffee
00000157
00000459
000004d0
fffffdcc
000003e5
fffffe80
00000b0b
00000162
fffffea7
000009f0
fffffa19
000006b4
00000202
fffffc42
fffffe99
00000099
fffffdfd
fffffb4a
fffffd23
000040c3
ffffff0e
fffff6f1
fffffc69
fffff590
fffffdc2
00000663
000002cf
fffffcc3
0000047e
00000235
00000e8a
fffffeea
fffffde3
00001545
fffff99b
000003c1
ffffff3d
00000f3b
0000002d
000002af
00000737
00000086
fffff93c
00000dd2
00000959
0000033b
ffffffe7
fffff59a
ffffffe5
0000073d
fffffa78
000003c7
00000185
0000091c
00000a5a
fffff315
0000080a
fffff55e
fffffa71
00000f5f
00000247
fffffe00
fffffc11
00000448
0000073d
0000057b
fffff367
fffffa0a
0000078a
fffffd12
00000a48
fffff8a1
00000b94
fffff843
00000ab7
fffff63c
fffff1c9
fffff361
fffffc36
000004eb
ffffeda5
fffff840
000006f3
000003bf
00000dda
fffff89c
fffffff0
000002ec
0000024a
fffffad3
000003fe
fffff95d
fffffcdb
ffffeaae
fffffd6c
ffffffa3
00000297
0000001c
fffffc99
fffff6c5
00000087
0000011c
000004c7
fffffefd
fffffe02
00000431
fffffd7e
fffffd8a
00000419
0000090d
fffff8c3
000009ea
000000ca
fffffa74
000004f1
fffff59b
00000552
000001ef
fffff74d
000002ee
00000069
fffffc2d
fffffbcf
000002f9
00000a4b
000001fe
00000349
fffffc3f
000000f7
fffffae2
0000039c
fffffc9e
00000c30
fffff6ec
fffffa2d
fffff4ab
fffffed2
fffffab7
fffffd1a
fffffadc
000004ea
00000ecf
00000ced
000003ac
fffffd28
fffffdcb
fffff9da
fffffcf2
fffffeb6
00000d5d
ffffff28
fffff54a
ffffff0b
000002c3
000003af
00000685
fffff6d9
00000164
000002b5
00000358
fffffbcb
fffffcae
000004c8
fffffc5a
00000a44
00000a56
fffffa06
00000080
fffff914
00000182
fffffed3
fffffa2b
fffffad4
fffff3cb
fffffd30
0000045a
fffffe0c
00000104
00000866
000019d6
ffffff48
fffffbcc
fffff05c
fffff7f0
fffffb64
00000517
0000016c
00000027
00000701
00000a6e
00000b22
fffff4cf
fffffc4d
fffffe3b
fffffec6
000001d9
00000545
fffff0ba
ffffed29
000019ab
fffffe1d
0000075c
fffffa70
00001a27
00000397
00000447
fffffb25
ffffee0d
000009cd
000000c1
0000037b
fffffd74
0000057b
ffffffca
fffffec7
00000548
00000148
fffffc9d
00000615
ffffff51
00000411
fffff970
fffffdff
00000046
fffffd8c
000002b3
000003d5
00000754
000001d3
ffffff95
00000693
000008b1
00000b81
00000278
fffff91c
fffff639
fffff9b1
000003dd
fffff560
00000900
fffffec6
fffff2ab
00000645
fffff033
000001c1
0000048c
00000269
ffffffc1
00000027
00000340
fffff87e
00000606
000001fd
fffffb9c
00000187
00000364
fffff839
0000045f
fffffe43
ffffff63
fffffedb
fffffcec
fffff643
000000a6
fffff80b
0000002a
00000342
fffffda2
00000656
000005a6
fffffb59
0000005b
fffffb84
fffff8b7
0000088a
fffffc5a
fffffef0
fffff4a5
fffffa1e
fffffd1c
fffffb5e
fffffc7a
fffff8bb
000006a5
fffff257
00000793
fffffda9
00000214
fffffade
000002ec
ffffff47
fffffa28
00000412
fffffa4a
fffffef0
0000067f
000004a8
00000b9b
00000086
ffffff17
000000eb
fffffc18
fffffabd
fffff848
fffff992
000003d2
ffffff90
fffff1fa
fffffb77
00000fdf
fffff8d9
ffffffaa
fffffe11
fffffb71
00000787
fffffd27
00000125
00000125
00000b78
fffffe0a
000009b9
fffff7e9
0000027d
000004f8
fffffa37
fffffe58
fffffb27
fffff8cc
000004c6
000006a4
00000c16
00000162
fffffbdd
0000016c
ffffff1e
fffff195
00000626
0000076a
fffff9c1
00000564
000003ec
fffffad9
ffffff2e
fffffd21
00000101
0000025d
fffffe62
00000ad8
fffff102
00000131
00000316
00000276
fffff61a
00000133
0000022f
00001115
00000661
fffff737
fffffa42
fffffe3b
0000122c
fffffee9
fffffb1a
fffffd28
000001d1
fffffad4
000004cc
0000047b
fffff82b
fffff840
ffffff93
00000be7
fffffa8d
00000276
000009bc
000004d5
fffff71c
0000019c
fffffb3d
fffffa53
fffff485
fffffdc2
0000036f
000008d8
fffffe23
fffffa84
fffffa11
ffffff77
fffffc70
0000172b
0000032c
00000e0a
00000069
fffff774
000004ca
00001dda
fffffb3d
000003b9
ffffffe1
00000b16
ffffef8e
fffff72c
000001e5
00000453
0000036d
fffffab4
000003cc
00000254
000006d5
00000396
fffffd0b
fffff842
fffffd95
fffffc40
fffff7aa
fffffcb1
00000192
000011b3
fffff863
ffffff12
fffffb72
fffffaf4
00000787
fffffea9
0000001a
000008ee
00000358
00000599
fffff882
0000009b
fffff53c
00000234
fffffe72
fffff978
0000013a
00000159
fffff4b4
fffff8ae
0000044e
000005ff
ffffff51
ffffff1b
fffff8dd
000002e2
fffff823
00000732
00000436
fffff689
00000015
00000261
00000beb
ffffffee
000008af
fffffbd8
00000fb2
ffffffb7
000005cb
fffff803
fffff7a8
fffff9fa
fffffba2
fffffe1b
000008aa
fffffb8a
fffff89b
0000076d
0000015c
ffffffc0
fffffaef
fffffd9e
0000027a
00000412
00000815
fffff6ac
00000104
000006e6
fffffa43
fffffc86
000002d3
00000693
fffffae9
000000e9
fffffaf0
000000d6
fffffffa
ffffff7d
fffffda3
000003a3
00001229
00000bb3
fffffab5
fffff9f0
00000a3b
000001ac
00000505
fffffbf7
fffff74e
000004ab
fffffa17
0000016d
fffff8ad
fffffe7e
00000905
fffffa8c
fffff4e3
00000885
0000005f
fffff770
fffffd75
00000856
fffffd7e
fffffee3
0000039d
0000024d
fffffd43
000005b3
fffffeca
000000a7
fffffde7
fffffca6
fffffafa
ffffface
fffffb5f
0000060b
fffffd08
000000ad
ffffef6b
0000020c
0000024c
fffff3f9
00000006
fffff9e3
fffffe9c
fffffdb1
0000010d
fffff7f4
00000cbe
fffffa02
fffff9ef
fffffde2
00000361
00000054
0000056a
00000aac
000006ca
fffffe37
fffffca0
fffff940
000000f4
ffffffd9
fffff89e
0000037b
fffffeda
fffffe47
fffff7e6
0000055b
000000fd
000002c1
fffff971
00000fac
00000850
fffffd51
00000394
00000447
00000110
fffff876
000002de
fffffcda
fffffc0b
fffffe87
0000051e
fffffc9f
fffff680
00000062
00000455
fffffe62
000006f3
000008b1
000003c1
0000067d
fffffefa
fffffc26
0000085a
fffffebd
000003d9
0000023a
00000702
fffffc26
ffffffad
fffffeef
00000594
000000d6
000000ab
00000020
fffffd9e
fffffe1b
00000792
000000bb
fffff496
00000964
fffffc4a
fffffdcb
0000026a
fffffdd6
ffffe90c
fffffa05
000003e6
0000011a
ffffff57
fffffe8d
fffffe05
fffffe21
000009fb
0000007b
00000492
00000a74
fffffc9c
000006ef
00000221
0000013c
000009fe
00000207
fffffe48
000002ab
fffffe74
00000404
fffffc41
fffffb6b
fffffb1d
fffff941
fffff9a5
0000016b
000002ef
00000270
0000000e
000007d0
ffffff77
0000000c
fffffa95
0000024c
0000090f
00000188
00000d72
00000483
000002af
ffffff74
00000958
0000050f
0000011b
00000446
ffffff08
00000137
fffffba8
fffff97f
00000625
fffffeda
000003c2
000005a1
fffffbe8
000002dc
0000090d
00000139
000006c4
00000140
000000a6
fffff6cb
fffff00c
000006e1
ffffff9c
fffff47c
fffffca2
fffffdf7
fffff968
0000011b
ffffde05
fffffd1c
00000509
ffffee71
fffffd36
fffffe5f
fffffbc4
00000464
fffffad2
0000068b
fffffe3c
0000006a
fffffeba
ffffeabe
0000042b
fffffbe8
000001e1
00000157
00000949
fffffe19
ffffff98
00000ae1
00000200
fffffe1a
fffffc0c
fffffe0e
00000337
00000e10
000004b5
00000e02
fffffd86
000003f2
000009bf
0000031a
000002d7
fffffdd0
fffffe33
0000062b
000003da
000003d9
000006ef
00000ed8
000002f6
00000602
00000252
ffffe65e
00000301
00000617
fffff78f
00001660
000018b3
fffffedd
fffffac2
ffffffd6
00000fd8
00000288
fffff767
000000e5
fffffe20
fffffc4a
000000f1
00000356
fffffbf2
0000011b
ffffef16
fffff51d
fffff154
fffff6fe
fffffe95
00000e95
0000004b
000008f2
ffffff58
fffffeda
000007e5
fffff8fa
00000c48
fffffe15
00000328
0000034e
fffffd4b
ffffff04
0000025d
fffffc86
fffffcc6
00000438
fffffec8
00000320
fffffc05
fffff850
fffff5d0
fffff428
000002f3
00000351
fffff4c9
fffff90a
000008cc
fffffde7
000003c6
00000564
fffffba5
fffff260
fffff8e2
000001b3
ffffffdb
fffffbf8
ffffff9c
00000499
fffffe2b
ffffff67
ffffff38
fffff952
0000042b
00000194
fffffe7e
000005ec
fffffee4
fffffed4
fffffc40
fffffd7f
000006a6
0000013b
ffffff92
fffff27a
0000026d
0000050a
0000006e
fffff8c9
00000630
0000078e
fffffb32
fffff93b
00000359
fffffc1c
00000434
fffffe39
fffff93a
fffff913
000002bf
00000882
00000473
fffffbf1
00000ba1
00000399
fffffc7b
fffff462
000006a6
fffff7b6
fffff52a
ffffffea
fffffe48
fffffeef
000000be
fffff9b6
000001fc
fffffd7c
0000021e
000004b3
0000030c
00000347
fffff66a
00000062
fffffcfa
00000658
00000268
000004c7
ffffff26
fffff6e8
00003599
fffff66b
fffffcaa
fffff7e5
0000017d
ffffea4e
fffffc6a
fffff553
000006a6
00000198
fffffd91
fffffb70
000000be
ffffff65
000003bc
fffffd9a
fffffb99
fffffe85
00000b26
fffff2d9
fffffe43
fffff64d
fffffade
00000328
fffff6c5
00000ab5
fffff651
fffffaf1
00000612
fffffc10
ffffe6fb
fffff82c
ffffff2e
fffff594
fffffc71
00000ab3
00000618
000002e2
00001478
fffff892
fffff249
fffffa29
fffffd8f
000001c2
000004a0
fffff759
ffffff49
000006b6
0000022f
00000552
fffff8aa
0000073c
fffffcf6
fffff810
00000305
00000bd1
00000018
0000007e
00000171
00000e6f
000009f6
fffff88f
fffff93b
ffffff4a
000003b1
fffffd8c
00000285
00000519
fffffdf2
ffffff43
000004d2
fffff797
00000364
fffff629
00000106
00000842
fffffa89
fffffd13
000000c7
00000139
000007c5
00000424
fffffa89
00000168
fffffc94
000001ea
00000564
000002dc
000005a6
fffff084
fffffed4
000003eb
000007ef
fffffefb
fffffac9
fffffc38
0000056a
fffffd9c
fffffc43
0000184d
ffffff6a
00000b2e
000012ec
0000064a
000000fb
fffff636
00000063
ffffff63
fffffe20
0000001a
fffff6c0
000003ff
fffff816
00000003
fffff921
fffffaa7
fffffbc2
fffffdae
00000250
fffffcf8
fffffaab
fffff6a4
00000408
000004b4
fffffdc2
00000566
fffffed7
00000cbd
fffffe90
0000091a
000009b6
fffffe22
00000a38
000004bf
ffffff7a
fffffe81
fffffe02
0000013f
fffff896
fffff89d
ffffff09
fffffd35
fffff60d
fffffe63
fffffa7f
00000402
0000074e
000002a8
fffffd60
00000180
000004ae
00000029
00000a5f
fffffd6c
fffffdf8
fffff7b7
0000023c
fffff77a
ffffff61
fffff041
fffffc45
fffffd52
00000457
0000021a
fffff660
0000049c
00000014
fffff9d0
0000139f
fffffe3c
00000142
00000164
000003c6
fffff98b
fffff67e
fffffca2
00000543
00000716
00000120
00000296
fffffead
ffffff9c
000000ce
00000232
000000ee
fffffa2d
fffffaf8
00000433
fffffd10
fffff980
000006fb
00000360
ffffff06
fffffcef
0000085e
00000404
00000016
ffffff59
000000d8
000001b8
fffffece
fffffc91
fffff964
fffffdd8
fffffd30
0000066b
000001bf
00000174
fffffa96
ffffff08
00000353
fffff4fc
00000176
00000571
fffffbe4
fffffa55
000000b0
ffffffa6
fffffed5
fffffba5
fffff4de
fffffad0
fffffaeb
fffffcc0
ffffff56
00000154
0000035e
0000088d
0000088d
000003be
fffffb6d
000004e7
fffffacc
ffffffbd
000010ae
fffff8ce
fffff9a3
fffffdb0
00000248
0000016c
fffffb6e
fffff98f
fffffbe8
000002df
0000076d
fffffc8b
fffffd46
000001d5
fffffa2e
fffff651
fffffc19
00000248
fffffd62
00000be2
fffffc83
fffffcbd
fffff3a7
fffffcba
00000f30
00000cf2
ffffff1f
00000508
fffffdaf
00000527
fffffa71
00000557
ffffffdd
000001cf
000006a7
00000133
ffffff84
0000035a
fffffd69
fffffa14
000002b9
00000b91
fffffd40
fffffcf9
0000044b
000002fa
000000e1
00000566
fffff8ca
0000001a
fffff69f
fffff90c
000002b2
0000009d
000000b3
fffffb3e
000002e8
fffffc06
0000034c
fffffb61
fffffff6
00000045
0000058b
ffffff2f
fffffa23
fffff812
fffffe5c
00000568
fffffa8e
fffffe98
fffffd85
fffff791
fffff8fb
0000026d
000004b3
ffffffa2
fffffb10
000002b7
fffffb2e
fffffa09
000004b5
fffffc67
00000454
000006b6
000003bc
00000216
000001a8
00000432
000004db
00000834
00000a29
00000228
fffffd41
fffff765
00000153
000000f4
0000044f
fffffe94
fffffd78
0000020e
00000140
000004ad
00000333
fffffb35
00000206
0000028e
00000672
fffff2fd
fffffce5
00000317
00000015
fffff714
00000591
fffff8b0
0000057c
fffffdf0
00000232
fffffd55
fffffedb
fffffd78
000001aa
fffffdfd
000007d5
0000031c
00000160
000009ff
0000025b
00000210
fffff960
000003c3
fffffafd
00000c73
fffffc73
000008aa
fffff994
fffffbca
fffffc7c
fffff9c0
fffffa3b
fffff63f
00000746
fffffe61
000006c1
ffffff11
0000036b
00000a9f
00000483
fffffbcf
00000360
fffffd8a
fffffbd0
fffffb7a
fffffb45
fffffdbf
0000006a
00000569
00000461
000005a2
000006a1
00000d78
000001a7
fffff535
00000252
0000012c
00000f6a
ffffff05
000000e9
fffffad1
fffff934
00000437
fffff5f7
00000313
fffffc50
000004ed
fffff960
0000003c
000018c3
00000360
fffffdd7
fffffc87
00000381
fffffd36
ffffff86
00000e30
fffff68e
00000905
00000543
000001bd
000009ee
fffffcc9
fffffbe9
fffffc4f
fffffbbe
00000867
fffffbae
00000dec
000009a7
fffff8b5
0000016f
00000359
000003ec
00000c83
00000009
ffffff56
fffffb72
0000093e
000000d1
fffffd8d
fffffb9c
000006eb
fffffcdc
fffffb17
00000212
00000259
fffff90b
fffffba8
00000498
0000032e
000001d3
00000020
0000016c
fffffc9d
fffff37d
000001bb
fffff7d2
0000024f
00000541
00000670
fffffcff
0000067f
000004a7
000008ae
0000018f
0000001b
fffffe16
000007ad
00000173
fffff87c
fffffe5e
fffffa33
00000651
fffffcc5
ffffff8e
0000060c
00000779
00000068
fffffd53
00000060
ffffffb8
fffffb0d
000005bd
00000372
000000b1
0000002c
0000011f
ffffffd8
000004b1
000005e2
000003fe
fffff66f
fffff576
000001a2
fffffcb1
0000023f
00000687
fffffe59
fffff804
fffff647
00000cf5
0000075a
fffffefd
fffffeb8
fffff85e
fffffb8b
00000150
ffffff2a
fffffccd
000003ad
000003e0
fffffc7f
000003d2
0000093b
00000860
000000f1
ffffff48
000001e6
fffffe38
fffff980
fffffce1
fffffc0e
fffff649
fffff6fa
0000026f
fffffe1d
fffffff5
fffffc0d
fffffda6
fffffc3b
00000766
ffffff54
000004d2
fffffa5c
fffff923
fffffc50
ffffffff
000002fb
0000023a
0000013c
fffffc92
fffff867
00000a8e
ffffffe6
00000752
fffff94a
fffffbe0
00000347
ffffff2d
0000064f
00000205
fffff168
fffffaf4
000000c5
000001e2
fffffd3f
fffffffc
000008b7
fffffb8e
00000480
00000c7c
000000e3
fffffe80
fffffa0f
fffffe60
fffffe24
000000cd
fffffda4
00000107
fffffaa7
fffffd1f
00000130
000002ec
00000299
fffff5e1
fffffbf9
fffff493
fffffb90
00000663
fffffb2c
000004d5
fffffc34
00000818
fffffab3
fffff9e4
fffffa24
fffff9da
fffffc2f
fffff121
0000081a
ffffffa6
000000a0
000008fe
fffffc38
fffffad5
000000ec
000004a7
000005a2
fffffd8c
000003c9
000000f7
000004c9
fffffa8f
000008ad
fffff6cc
00000428
fffff82c
fffffe6a
fffffd2f
000006d7
fffff955
00000315
00000230
00000577
000002bc
fffffef2
0000084c
fffffca8
fffffffd
00000357
00000167
ffffff39
fffffea9
fffffe60
fffff65c
fffffbe5
000007b7
0000006d
00000c34
ffffff41
000006d2
ffffff0e
fffff53f
000001e3
ffffff7f
fffffccb
ffffffb0
fffff811
fffff6c5
000000a0
0000052d
fffff730
ffffeeb0
fffffcb3
fffffae1
fffff911
ffffff00
00000bf2
fffffb6c
00000a9c
0000058e
0000038e
fffffd73
fffffa77
fffff9eb
fffffd94
fffffad5
0000056b
fffffd31
fffffacc
fffff85f
fffff4a6
000000b8
ffffffb8
fffffbad
000005c6
0000016a
00000a43
fffffd7c
ffffff81
fffffe74
fffffd39
fffffb92
0000084f
00000822
fffffb9e
fffffbaa
fffff803
fffff556
fffffc81
fffff950
00000134
fffffe55
000003e9
00000444
0000041c
fffff878
fffffa61
000003f7
fffffe85
fffff8d6
00000727
000001ef
fffff564
000000c0
fffffc25
fffffee5
fffff92b
fffffa73
000007af
00000061
00000431
fffffb5b
000007ca
0000012c
0000001b
000001a4
fffffe0e
000002db
fffffb28
fffffdf3
00000463
fffff676
fffff8df
fffff916
0000019e
00000281
0000016d
fffff8bd
000008f0
0000053e
000001ae
fffff20f
000008e0
fffff4bf
0000030b
fffffc23
fffffe43
fffffa65
000008a8
fffffce0
0000079a
fffffd1a
000008db
00000030
ffffffeb
000003d5
fffffea0
000009d5
ffffffbb
fffffa24
ffffff7d
000002bf
000006df
ffffe350
000004c7
fffff53b
fffff8c1
ffffff47
fffff848
000000c7
fffff619
00000405
00000466
fffffd17
fffffee4
fffffa53
000007d4
fffffd51
fffffe17
000002e8
0000011c
fffffd25
0000022a
fffff8f0
000004bb
0000046f
0000078f
0000039f
0000069f
fffff8fb
00000855
00000a33
fffff994
000000f6
fffff959
00000567
fffffae0
000004d8
fffff688
fffffce0
00000086
fffff6f8
fffffe5f
fffffb02
fffffba4
fffff6f9
00000477
ffffffc0
0000030e
fffffcc3
fffff778
0000000e
fffff9ca
fffffef5
0000023c
00000426
fffffc55
000004d2
ffffffc8
0000095c
fffffedf
fffffdd8
00000469
fffff6a4
000004bd
00000612
fffffa73
fffffef7
fffffb86
fffffddc
00000498
00000498
fffff437
00000275
00000216
00000347
000002ae
0000008d
0000019a
00000213
000002c0
fffffdd6
00000973
fffffb65
fffffa21
fffff84d
00000397
000005da
fffff2e2
0000032f
00000291
0000051c
fffffc49
fffff9b0
00000151
00000735
ffffe039
00000411
000002ff
fffffd97
0000012b
fffff65e
000007b0
000003c4
00000455
fffffce9
00000710
fffffb89
fffffd53
fffffda6
fffff927
0000067c
0000034b
fffffd87
ffffffba
00000210
00000842
fffffd54
fffffc07
fffffdaa
00000489
000002d9
fffffedc
00000458
fffff7b1
0000023b
00000311
00000862
0000094d
fffffe2f
fffffc85
000000e0
ffffff0b
fffff150
fffff8fe
fffffd4c
00000428
00000349
000007cb
000002ed
fffff562
00000889
00000437
000001fd
fffff977
000000b1
00000192
fffffe29
fffff881
000000aa
fffffb78
ffffff9d
fffffd5c
000004e4
000002b2
00000057
00000acf
00000658
fffffc6a
00000aa9
fffffcc4
00000842
fffffcfe
fffffc99
ffffff79
ffffffd4
00000300
ffffed0c
00000444
fffffa8c
fffff7fe
fffffd6a
0000042f
fffffd95
fffffeae
000001d3
00000068
fffff497
00000462
fffff8b8
00000023
0000085c
0000062a
00000ab8
fffffd5b
0000002d
00000ddd
fffff86a
fffff803
fffffdb2
fffffff2
fffff80e
0000020c
000000d4
fffff81d
000001cf
0000093e
fffff723
fffffc9f
fffffd83
fffffbbe
fffff7c4
00000614
fffffaf2
fffffa05
000002ac
000001a0
fffffe63
fffff9d9
fffffe88
fffff7a3
00000686
ffffffef
00000216
00000183
00000533
fffff477
fffffbfe
fffffcde
000003f9
fffffa4a
00000431
ffffeefa
00000162
fffff71f
fffff524
00000555
fffffd13
fffff71a
00000567
fffff809
fffffd96
00000291
000000ac
fffffb5c
fffffa39
fffffd0a
000008d3
fffff57c
000004e8
00000d82
fffffdb5
00000084
0000056a
fffff818
0000012d
fffffb76
fffffc3a
0000013d
00000307
00000791
fffff728
00000297
00000302
ffffff74
00000078
00000840
fffffe11
00000a5c
fffffd40
ffffff84
0000026a
00000040
0000078e
fffffc15
0000010c
00000558
0000057d
fffff76d
fffffa75
00000a56
fffffd1b
00000758
000004ee
000001a9
00000a05
fffff596
000003ae
fffffd82
000004f1
fffff533
ffffffc9
000002c9
fffffd67
fffff9d3
000001ef
00000005
00000c1a
000003ab
000001db
fffff9a3
00000a18
fffff940
ffffff0f
000003ba
00000171
0000061b
0000034f
000007a3
00000662
fffffc53
00000577
00000870
fffffd9d
000003a8
ffffffb7
fffffbf3
00000132
000001fd
000000e6
fffff91b
fffffac5
00000220
fffffdcf
fffff7ec
fffff8e0
fffffd46
0000031d
0000029c
0000004b
00000943
fffff72d
00000287
ffffff19
00000ac7
00000052
0000051a
fffffd57
fffffc04
000003da
fffffa01
0000053b
00000536
000004a8
00000207
00000172
fffff66d
fffff9c1
0000075d
00000287
00000021
fffffd68
fffff99c
00000532
fffffcaa
00000237
ffffeb59
000000b1
00000599
00000899
000000f2
fffffec6
fffff828
ffffff3e
000006c3
00000732
000005df
0000023d
ffffff98
fffff79e
fffffdea
fffffea8
0000046a
fffffcec
0000035a
000007af
fffffa33
ffffffc1
0000096b
0000040f
000004f0
00000369
00000072
fffffb0a
0000022a
0000000c
fffff92e
fffffa09
fffff92a
000005e2
fffffb84
000003e3
0000048e
000001b3
00000003
fffffe1a
fffffa6d
fffff914
fffffd03
00000143
ffffff70
00000432
ffffff49
fffffdcf
000003a4
fffffcf3
00000616
0000076a
ffffffa3
fffffe5e
000008f5
ffffff17
fffffab7
fffffff7
fffff7ed
ffffff6b
000005d0
00000083
fffff5f8
fffffdc9
00000111
fffffccb
fffff9b9
00000440
000002f5
000001b9
fffffc05
00000193
000000b3
fffffcd5
00000492
00000a87
fffff386
fffffc1e
000000db
fffffc0a
000000dd
0000008b
00000796
00000790
fffffaa9
fffffad1
fffffdae
fffff9fc
000001c4
fffffb59
00000125
fffffc9c
0000081f
00000210
0000002a
00000829
fffff8a2
00000c78
fffffee1
0000022e
fffff6b2
000002bd
fffffb08
00000bcc
fffffc43
ffffffd1
0000096f
00000814
fffff3c9
00000708
00000362
fffffd44
0000030b
0000004f
00001086
fffffb22
00000727
fffffc5f
fffff969
00000404
00000236
fffff9c3
00000217
fffff99c
fffff868
fffff7a2
ffffffbc
00000192
fffffd8b
fffffba3
ffffffd3
fffff6d9
000003f1
000001df
00000632
00000a61
fffffd2c
00000383
fffffa92
0000017a
000007cc
fffffc74
000001d7
0000078e
fffff81e
00000535
fffffbde
0000027e
fffffe76
00000812
fffffe1d
000006df
000003b5
000000ad
fffffe6a
fffff410
fffffa67
00000d1b
fffffc71
fffffee0
ffffefb8
00000069
000007c6
fffffe97
00000173
00000a9f
ffffff24
fffffd57
000001bf
fffffedf
0000044f
fffffc36
000008b3
000001c7
000004fc
fffffb53
00000050
00000342
fffffa48
0000016c
fffffcab
00000151
ffffff6c
fffff943
fffffc9b
0000019f
fffff8dc
fffffede
0000041f
fffff928
00000e1f
000001eb
ffffffeb
fffffcd9
000009a4
fffff8c0
fffffe28
00000028
00000062
fffffcfe
0000009d
00000470
000000f0
fffffe44
fffffe2f
00000a08
00000872
fffffeb2
fffff571
0000027b
0000028f
fffffc95
ffffff8a
0000032e
000001ee
000006bf
000004ab
000001a3
00000aab
000000f4
fffff8fa
000000ac
00000329
00000e55
fffff967
fffffa67
000001f8
00000755
000002e4
000000b9
00000a27
fffff99f
0000073f
fffffcdb
fffffb63
fffffd8c
fffffc2a
ffffffd7
fffffb7e
00000480
000002f2
fffffb28
000006f6
00000176
fffffb3e
fffffb73
fffffa58
fffffda9
fffffe97
ffffff09
0000060b
0000013f
fffffeb9
ffffff61
000004b2
000003b9
fffffcaf
000005b3
ffffea4e
ffffff75
00000661
0000099f
0000072a
000008d1
fffffa36
fffffbbf
00000461
00000505
0000015f
fffffa6e
00000660
ffffff4b
00000058
fffffe60
fffffb6b
fffffa0b
00000003
fffff941
0000040d
fffffd64
fffff8d5
0000082c
000004eb
fffffe54
fffffb95
00000906
fffffea3
00000501
fffffd9b
fffff4e2
ffffff86
fffffeef
000003c3
fffffee9
000003bb
00000309
000002ee
fffffe0c
fffffe88
fffffb4f
fffff75a
fffffd0b
00000854
0000028b
0000064c
000007ff
000005a4
fffffe72
00000700
fffffe94
ffffff1a
000007be
ffffffd6
fffffe60
fffff5e8
fffffd7c
000008de
00000739
00000273
0000048a
fffffa71
00000827
fffffbdd
00000b40
00000418
0000003a
fffffe65
fffffef4
00000452
fffff688
fffffd6c
fffff8dd
000001b0
fffff913
fffffcfc
000005e1
00000244
000002b8
fffffcb8
fffffe30
fffff347
fffffff2
fffffd6b
fffff498
000008cc
fffff8ea
fffffec9
00000483
fffffd35
000003ca
fffffcd3
0000042e
0000006f
fffffd83
fffffb70
00000695
00000af3
fffffdca
00000576
fffffdcc
0000081d
000004ab
0000075b
0000039a
fffffe8c
fffffeb2
00000472
000003a2
fffffe14
00000035
00000335
ffffff61
000001fb
fffffe64
000002db
00000dee
fffffc00
fffffaf7
0000024f
ffffff97
fffff65e
000007d0
fffff9a2
00000028
000001b0
fffffebd
0000004c
00000bd9
fffffc91
fffffd76
00000093
fffffdfc
ffffff60
ffffff5e
fffff944
0000014a
000000f4
00000023
00000160
00000367
fffff57c
00000d87
00000801
00000909
fffffc86
00000417
fffffd69
00000007
fffffecb
ffffff54
fffffce2
fffffb2a
000001a7
00000755
000000fb
fffffedd
0000024a
00000657
00000538
0000074e
00000250
00000745
00000605
fffffe44
fffffc69
0000067d
000003bd
fffffe87
fffffa6c
ffffffbc
fffffc49
fffffb83
0000046e
fffffd6f
fffff847
00000151
00000414
00000208
fffffc50
00000716
fffffca8
00000972
fffffb36
fffffd26
00000645
fffff802
00001076
00000058
fffffcb7
fffffd61
00000933
fffffcc6
fffffd6d
fffff6e1
00000094
fffffea8
000001d8
fffffc4b
fffffb8c
0000056d
fffff387
00000229
ffffff71
ffffff15
fffff8e9
fffffc4f
fffffaf8
ffffff01
fffffcdd
fffff6a5
00000467
00000446
000001dd
0000034d
fffff90c
000005e6
000007e0
fffff6db
000000f6
fffffb11
fffffc5c
fffffa89
00000ccf
ffffffbb
00000484
fffffac0
00000225
000003c7
00000028
0000048c
fffffcab
000005ea
00000b42
0000032a
00000000
00000000
00000000
00000000
00000000
00000000
00000000
00000000
00000000
00000000
00000000
00000000
00000000
00000000
00000000
00000000
00000000
00000000
00000000
00000000
00000000
00000000
00000000
00000000
00000000
00000000
00000000
00000000
00000000
00000000
00000000
00000000
00000000
00000000
00000000
00000000
00000000
00000000
00000000
00000000
00000000
00000000
00000000
00000000
00000000
00000000
00000000
00000000
00000000
00000000
00000000
00000000
00000000
00000000
00000000
00000000
00000000
00000000
00000000
00000000
00000000
00000000
00000000
00000000
00000000
00000000
00000000
00000000
00000000
00000000
00000000
00000000
00000000
00000000
00000000
00000000
00000000
00000000
00000000
00000000
00000000
00000000
00000000
00000000
00000000
00000000
00000000
00000000
00000000
00000000
00000000
00000000
00000000
00000000
00000000
00000000
00000000
00000000
00000000
00000000
00000000
00000000
00000000
00000000
00000000
00000000
00000000
00000000
00000000
00000000
00000000
00000000
00000000
00000000
00000000
00000000
00000000
00000000
00000000
00000000
00000000
00000000
00000000
00000000
00000000
00000000
00000000
00000000
00000000
00000000
00000000
00000000
00000000
00000000
00000000
00000000
00000000
00000000
00000000
00000000
00000000
00000000
00000000
00000000
00000000
00000000
00000000
00000000
00000000
00000000
00000000
00000000
00000000
00000000
00000000
00000000
00000000
00000000
00000000
00000000
00000000
00000000
00000000
00000000
00000000
00000000
00000000
00000000
00000000
00000000
00000000
00000000
00000000
00000000
00000000
00000000
00000000
00000000
00000000
00000000
00000000
00000000
00000000
00000000
00000000
00000000
00000000
00000000
00000000
00000000
00000000
00000000
00000000
00000000
00000000
00000000
00000000
00000000
00000000
00000000
00000000
00000000
00000000
00000000
00000000
00000000
00000000
00000000
00000000
00000000
00000000
00000000
00000000
00000000
00000000
00000000
00000000
00000000
00000000
00000000
00000000
00000000
00000000
00000000
00000000
00000000
00000000
00000000
00000000
00000000
00000000
00000000
00000000
00000000
00000000
00000000
00000000
00000000
00000000
00000000
00000000
00000000
00000000
00000000
00000000
00000000
00000000
00000000
00000000
00000000
00000000
00000000
00000000
00000000
00000000
00000000
00000000
00000000
00000000
00000000
00000000
00000000
00000000
00000000
00000000
00000000
00000000
00000000
00000000
00000000
00000000
00000000
00000000
00000000
00000000
00000000
00000000
00000000
00000000
00000000
00000000
00000000
00000000
00000000
00000000
00000000
00000000
00000000
00000000
00000000
00000000
00000000
00000000
00000000
00000000
00000000
00000000
00000000
00000000
00000000
00000000
00000000
00000000
00000000
00000000
00000000
00000000
00000000
00000000
00000000
00000000
00000000
00000000
00000000
00000000
00000000
00000000
00000000
00000000
00000000
00000000
00000000
00000000
00000000
00000000
00000000
00000000
00000000
00000000
00000000
00000000
00000000
00000000
00000000
00000000
00000000
00000000
00000000
00000000
00000000
00000000
00000000
00000000
00000000
00000000
00000000
00000000
00000000
00000000
00000000
00000000
00000000
00000000
00000000
00000000
00000000
00000000
00000000
00000000
00000000
00000000
00000000
00000000
00000000
00000000
00000000
00000000
00000000
00000000
00000000
00000000
00000000
00000000
00000000
00000000
00000000
00000000
00000000
00000000
00000000
00000000
00000000
00000000
00000000
00000000
00000000
00000000
00000000
00000000
00000000
00000000
00000000
00000000
00000000
00000000
00000000
00000000
00000000
00000000
00000000
00000000
00000000
00000000
00000000
00000000
00000000
00000000
00000000
00000000
00000000
00000000
00000000
00000000
00000000
00000000
00000000
00000000
00000000
00000000
00000000
00000000
00000000
00000000
00000000
00000000
00000000
00000000
00000000
00000000
00000000
00000000
00000000
