50414d51
00000001
00000100
00000080
00000006
00000010
15070100
00000004
15070900
00000004
15070000
00000004
0000e000
00000000
00000000
00000000
00000000
00000000
00000000
00000000
00000000
00000000
00000000
00000000
00000000
00000000
00000000
00000000
00000000
00000000
00000000
00000000
00000000
00000000
00000000
00000000
00000000
00000000
00000000
00000000
00000000
00000000
00000000
00000000
00000000
00000000
00000000
00000000
00000000
00000000
00000000
00000000
00000000
00000000
00000000
00000000
00000000
00000000
00000000
00000000
00000000
00000000
00000000
00000000
00000045
00000006
00000005
00000001
00000005
00000020
00000000
ffffffff
15070900
00000004
00000034
00000000
0000000d
00000000
00000000
00000000
00000004
00000000
00000000
00000000
00000000
00000000
00000000
00000000
00000003
00000001
00000c00
00000401
00000000
00000000
00000000
00000000
00000046
00000001
00000013
00000001
00000005
00000018
00000000
ffffffff
15070940
00000004
00003000
00000000
00000c00
00000000
00000000
00000000
00000004
00000000
00000000
00000000
00000000
00000000
00000000
00000000
00000005
00000001
00000000
00000c00
00000000
00000000
00000000
00000000
00000047
00000001
00000013
00000001
00000005
00000018
00000000
ffffffff
15073940
00000004
00003000
00000000
00000c00
00000000
00000000
00000000
00000004
00000000
00000000
00000000
00000000
00000000
00000000
00000000
00000006
00000001
00000000
00000c00
00000000
00000000
00000000
00000000
00000048
00000009
00000019
00000001
00000005
00000010
00000000
ffffffff
15076940
00000004
00001004
00000000
00000401
00000000
00000000
00000000
00000004
00000000
00000000
00000000
00000000
00000000
00000000
00000000
00000003
00000001
00000c00
00000401
00000000
00000000
00000000
00000000
00000049
00000004
00000013
00000001
00000009
00000018
00000000
ffffffff
15077980
00000004
00003000
00000000
00000c00
00000000
00000000
00000000
00000004
00000000
00000000
00000000
00000000
00000000
00000000
00000000
00000003
00000001
00000c00
00000401
00000000
00000000
00000000
00000000
0000004a
00000005
00000013
00000001
00000015
00000018
00000000
ffffffff
1507a980
00000004
00003000
00000000
00000c00
00000000
00000000
00000000
00000004
00000000
00000000
00000000
00000000
00000000
00000000
00000000
00000003
00000001
00000c00
00000401
00000000
00000000
00000000
00000000
00000000
00000000
00000000
00000000
00000000
00000000
00000000
00000000
00000000
00000000
00000000
00000000
00000000
00000000
00000000
00000000
00000000
00000000
00000000
00000000
00000000
00000000
00000000
00000000
00000000
00000000
00000000
00000000
00000000
00000000
00000000
00000000
00000000
00000000
00000000
00000000
00000000
00000000
00000000
00000000
00000000
00000000
00000000
00000000
00000000
00000000
00000000
00000000
00000000
00000000
00000000
00000000
00000000
00000000
00000000
00000000
00000000
00000000
00000000
00000000
00000000
00000000
00000000
00000000
00000000
00000000
00000000
00000000
00000000
00000000
00000000
00000000
00000000
00000000
00000000
00000000
00000000
00000000
00000000
00000000
00000000
00000000
00000000
00000000
00000000
00000000
00000000
00000000
00000000
00000000
00000000
00000000
00000000
00000000
00000000
00000000
00000000
00000000
00000000
00000000
00000000
00000000
00000000
00000000
00000000
00000000
00000000
00000000
00000000
00000000
00000000
00000000
00000000
00000000
00000000
00000000
00000000
00000000
00000000
00000000
00000000
00000000
00000000
00000000
00000000
00000000
00000000
00000000
00000000
00000000
00000000
00000000
00000000
00000000
00000000
00000000
00000000
00000000
00000000
00000000
00000000
00000000
00000000
00000000
00000000
00000000
00000000
00000000
00000000
00000000
00000000
00000000
00000000
00000000
00000000
00000000
00000000
00000000
00000000
00000000
00000000
00000000
00000000
00000000
00000000
00000000
00000000
00000000
00000000
00000000
00000000
00000000
00000000
00000000
00000000
00000000
00000000
00000000
00000000
00000000
00000000
00000000
00000000
00000000
00000000
00000000
00000000
00000000
00000000
00000000
00000000
00000000
00000000
00000000
00000000
00000000
00000000
00000000
00000000
00000000
00000000
00000000
00000000
00000000
00000000
00000000
00000000
00000000
00000000
00000000
00000000
00000000
00000000
00000000
00000000
00000000
00000000
00000000
00000000
00000000
00000000
00000000
00000000
00000000
00000000
00000000
00000000
00000000
00000000
00000000
00000000
00000000
00000000
00000000
00000000
00000000
00000000
00000000
00000000
00000000
00000000
00000000
00000000
00000000
00000000
00000000
00000000
00000000
00000000
00000000
00000000
00000000
00000000
00000000
00000000
00000000
00000000
00000000
00000000
00000000
00000000
00000000
00000000
00000000
00000000
00000000
00000000
00000000
00000000
00000000
00000000
00000000
00000000
00000000
00000000
00000000
00000000
00000000
00000000
00000000
00000000
00000000
00000000
00000000
00000000
00000000
00000000
00000000
00000000
00000000
00000000
00000000
00000000
00000000
00000000
00000000
00000000
00000000
00000000
00000000
00000000
00000000
00000000
00000000
00000000
00000000
00000000
00000000
00000000
00000000
00000000
00000000
00000000
00000000
00000000
00000000
00000000
00000000
00000000
00000000
00000001
00000c00
00000401
00000018
0000000c
00000018
0000000c
00000010
00000010
00000006
fffffff8
00000008
00000003
00000000
00000000
00000000
ffffdc09
00000b3d
ffffe71f
ffffd086
ffffd121
ffffe194
ffffd8d9
00000fa8
ffffeb8d
ffffd23b
ffffe029
ffffd951
0000127b
000014f7
ffffd36c
ffffed81
fffff2c8
ffffe79e
ffffd0b4
ffffdac7
fffff156
ffffe4f1
000006ed
ffffd337
ffffc5f4
ffffec49
ffffe9f6
ffffec82
ffffd58d
ffffdf4f
ffffd193
fffff18f
fffff525
fffffcb5
fffff423
ffffdb10
fffff90e
ffff8a32
ffffc1f0
00000d0a
00001299
ffffc7ac
fffff5ae
00000590
ffffd8e4
000011a2
fffff910
fffffe86
ffffef41
ffffe88a
ffffe41c
ffffb91f
ffffef20
ffffd24b
ffffac86
0000056d
ffffe916
ffffd04b
ffffec20
ffffdec7
fffff442
ffffc68c
ffffd975
ffffcc1f
ffffbe9a
ffffaaa7
ffffdf62
000003f8
ffffe0b0
ffffe14d
ffffcf80
ffffeda7
ffffddb9
ffffd34b
ffffac8f
00000442
ffffb037
00000e73
ffffd983
ffffe70d
00002796
00001320
00000443
fffff7e9
00000ea3
ffffac03
fffffe67
ffffd9d8
fffff391
00000ef6
fffffda9
0000064b
ffffd736
ffffe478
ffffd1e4
ffffc268
ffffe508
ffffe42e
ffffea13
ffffc7a9
ffffb058
ffffeb0b
ffffc782
ffffe860
fffffd61
ffffe448
ffffb5bf
ffffef10
ffffcba8
ffffd27d
ffff95e8
ffffe076
ffffd984
ffffc7bc
00000e8b
fffff764
ffffca33
ffffd6e1
00000765
ffffff6d
fffff9bd
ffffbff9
fffff4c7
ffffe910
ffffe826
ffffe276
0000030c
ffffe19b
ffffdf25
fffff14e
fffff3a6
ffffdc82
fffff39c
ffffcb33
ffffb98d
fffff63b
ffffcc8a
ffffe218
ffffdaea
ffffe341
00001132
fffff787
0000052a
ffffd8e0
fffffef9
000006ae
ffffc16a
ffffc2a0
ffffeb73
ffffe2a0
ffffe982
ffffbe9c
ffffdef2
ffffdd99
ffffe818
0000240d
ffffffdd
ffffc0dd
ffffe75d
ffffe620
ffffca27
ffffd3d2
ffffc7ba
ffffbe44
ffffa0cc
ffffd9a4
ffffeace
ffffeddb
ffffa1ff
ffffe920
000007d5
fffffbd4
ffffff9e
fffff961
0000277b
fffff691
fffff521
ffffcede
fffff3ce
ffffd7ba
ffffee54
fffff137
ffffeee7
ffffe5d2
ffff947c
ffffa858
fffff7f7
ffffc464
ffffbed3
ffffffc5
ffffec8e
ffffbedd
fffff215
fffff837
ffffe8d1
fffff877
ffffe93a
ffffcea6
ffffddc6
fffff762
ffff9ceb
fffffc32
ffffe419
ffffc9d0
ffffd121
00000356
ffffe708
fffff92c
ffffe6c2
ffffff21
ffffee4f
ffffeceb
ffffed09
ffffcab0
0000023b
fffff240
ffffd605
fffffd04
ffffa937
ffffeaf8
ffffbad1
fffff148
ffffe064
fffff7c5
fffff0bd
ffffd69c
ffffef2a
ffffea0a
fffff484
ffffa7f7
fffff043
fffff8ad
000008b0
fffffdcd
0000071e
ffffeba0
fffffcec
0000072e
00000670
fffff94b
fffff38e
fffffae9
fffff46a
ffffc61c
ffffc636
ffffd897
fffff31a
ffffd0bd
00000393
ffffc5b0
ffffdaec
0000152a
fffffb53
fffff12a
ffffc0ac
fffff199
ffffed53
ffffb759
fffffcd0
000002f3
ffffabfe
ffffb846
ffffd38d
ffffc52a
ffffa404
ffffed9b
ffffeb65
ffffe338
ffffe811
fffff134
fffff71b
fffff12d
ffffe7dc
fffff437
ffffa986
fffff13e
ffffe6cf
ffffbb0b
ffffc633
ffffef64
ffffff49
ffffca13
ffffe058
fffffb81
ffffa809
ffffe51e
fffff501
ffffc46e
ffffa084
ffffe186
ffffef53
ffffc6a5
00000851
ffffcda5
fffffd6f
fffffb51
ffffffa0
fffff00a
ffffe3c7
ffffbbc0
ffffe382
0000116c
ffffe465
ffffce63
ffffcfa0
ffffef73
ffffa750
fffff13b
fffff1fa
fffff1e0
fffffc9e
ffffbf23
ffffff3f
ffffdf0f
ffffd688
fffff97f
ffffde4a
fffffcc6
ffffe89f
000001cf
ffffc1aa
ffff8db9
fffff702
fffffda0
ffffec8c
ffffec4c
fffff581
000000cc
fffffe54
fffff9cf
ffffee6e
ffffb4fe
fffff57a
ffffe666
00000c5e
fffff06d
fffff6b0
ffffc269
ffffd546
ffffbd63
ffffd740
ffffce7e
ffffa6e3
fffffdc2
00000500
ffffdf46
ffffa555
ffffb645
ffffed90
ffffd2c8
fffff5b7
fffffd66
00001b11
ffffde14
fffff10a
ffffc846
ffffa34f
fffff023
fffff261
ffffe392
00000386
0000080c
fffff082
ffffdb37
fffffc66
0000053b
ffffebfc
ffffc562
ffffe669
ffffdbb7
ffffe924
fffff165
ffffff2f
fffff330
ffffeb65
fffff859
0000023c
00000234
ffffad73
fffff3df
fffff0bb
000009fa
ffffd571
ffffb911
ffffe781
fffffd3a
fffff8e6
ffffeec6
ffffe5d7
ffffcc29
fffffb1d
ffffecc2
fffff60b
ffffcc85
ffffe8ac
ffffd801
00000143
fffffb9b
fffffefd
ffffc7d5
ffffd3f7
ffffdbdb
ffffcb8c
00000463
fffffd9b
ffffef98
fffff9e1
ffffeffb
ffffd0d4
ffffc5f7
ffffc8bb
ffffdf4c
fffff57f
00000246
ffffdd1f
fffff23a
ffffe47c
ffffbb5f
fffff27d
ffffe29a
ffffcc9d
ffffe1ce
fffff0b4
ffffb473
ffffe994
ffffde17
fffff34f
ffffeeb3
ffffefa5
ffffa973
ffffc5ec
ffffead9
ffffe722
ffffdf7c
ffffd6bd
000019e9
ffffed85
ffffadb8
ffffd121
ffffbecd
fffffd14
ffffd83e
fffffa14
ffffbfba
ffffb3b9
fffff8f4
000002a0
ffffe230
ffffc910
ffffd555
fffff20f
fffff2c5
ffffe274
fffff0b8
ffffe5f1
ffff8e1d
ffffec49
000001ae
ffffbcf3
fffff55f
ffff6160
ffffe8f9
00000247
ffffe236
fffff4bf
ffffcdf4
ffffe441
fffff9a3
ffffe2c4
00000d0c
fffff9c8
fffffa96
ffffe539
0000138c
ffffc180
000002c8
ffffebaa
ffffbd92
ffffeb10
ffffd0a3
fffff19b
000007cb
ffffe72a
fffff4b9
fffff07f
ffffa936
fffff67a
ffffd265
fffff200
ffffedb6
fffff460
ffffbc6f
fffff04e
fffffae4
fffff802
ffffd027
fffff67c
fffff383
fffff5be
fffff4ae
ffffa7a9
fffff297
ffffe01d
ffffb8e0
ffffeaed
ffffdc9d
fffff1b9
ffffb581
fffffb63
ffffd296
00000018
fffffe95
000003c9
ffffea01
fffffe94
ffffe20b
ffffeb8f
fffff5b1
fffff4d6
ffffe402
ffffdd7f
ffffee99
ffffff10
fffff2a1
ffffe2a2
ffffb06c
ffffdcfd
ffffdfaa
ffffe49c
ffffff19
ffffc00e
fffffd68
000000cd
ffffeb7e
ffffe447
ffffc759
ffffd5ad
ffff8c9c
fffff602
00000047
ffffe965
ffffffff
000001f9
fffff190
fffffa0e
ffffce19
000005cb
fffffb11
ffffe53a
ffffd854
ffff98e3
fffffa55
00000c05
00000102
ffffda83
fffffee7
ffffb383
ffffc37b
fffff5b5
fffff284
ffffdf7a
ffffe1b5
ffffe7bc
ffffc91f
ffffe785
ffffd3b4
fffff265
ffffde83
ffffe4ff
fffff3fc
fffff067
ffffdb74
ffffddd8
fffff71c
ffffd775
ffffaab6
ffffe489
ffffefa1
ffffffbc
ffffec26
0000111c
fffff64c
fffff81a
fffffecd
ffffdb63
fffff373
fffff183
00000608
fffff35d
ffffc410
ffffeffb
ffffc957
ffffdf40
fffffff8
fffffd4b
fffff9c8
fffffb6e
fffff88e
ffffedd4
0000016e
fffff7d7
ffffe81a
ffffed01
ffffe6f5
ffffa7e9
ffffe80a
ffffcfd7
fffff420
fffffbb6
0000055d
fffff11a
fffff9e6
fffff917
fffff0bc
fffff312
ffffa6f9
000000b5
000007c0
fffff34e
ffffbe6f
ffffee07
ffffd5fc
ffffd7f4
ffffc105
fffffa39
ffffdcb4
ffffb8c0
ffffe680
ffffe9a8
fffff440
ffffe8c8
ffffe05c
ffffe7ae
ffffe80e
00001801
fffff52e
ffffc2fd
fffffc2f
00000821
000009f7
ffffc798
ffffeb48
00000856
ffffcf0e
fffff9d8
fffff23e
0000000f
ffffe453
ffffe011
fffffc22
ffffe87e
ffffe1c2
fffff8cb
fffffeee
ffffeb23
ffffbde3
fffff926
ffffec64
ffffc885
ffffa52d
ffffcf2f
fffff4bf
ffffe613
ffffed32
ffffc026
ffffadde
fffffbc6
ffffb18a
fffff29f
fffffe94
fffff9ae
ffff9fde
ffffe4b5
fffffa12
ffffa3ef
ffffe941
00000d0b
000007b8
00000c96
ffffffb8
ffffed29
ffffd9a2
ffffe632
fffff948
fffff912
ffffe331
fffff19d
000002ed
ffffb72d
ffffeaa1
ffffd3d9
fffffd7c
ffffd57d
fffff14e
ffffe0d4
fffff603
ffffe6bc
fffffbf7
ffffdd8d
ffffeb70
ffffd58c
ffffa563
fffffa25
ffffa662
ffffd0f2
ffffebc8
fffff6db
fffff176
ffffde71
ffffb0b9
ffffead4
ffffed59
ffffd476
00001765
000005a4
00000411
ffffef86
ffffd4a3
ffffd4c4
ffffe190
ffffea29
fffff21d
fffff5dc
ffffa67f
000004aa
ffffd494
ffffd42a
ffffea0c
fffffd80
fffffecc
ffffeed9
ffffc208
ffffe6b1
fffff47d
ffffb0dc
fffffc0b
ffffc4c4
fffffb66
ffffd6cf
ffffdb8e
ffffda49
ffffdb7a
ffffeae0
00000a59
ffffa4fa
ffffed88
ffffd417
ffffa76e
fffffbcc
00000ca2
fffff604
ffffe914
ffffe4fd
ffffc026
ffffefed
ffffb405
ffffe69e
ffffc107
000005ff
ffffcb1c
fffffcd4
ffffe1c5
ffffde91
0000129e
fffffddf
fffffde4
ffffd13f
ffffe626
fffffab9
00000c6a
ffffe737
fffff691
000006b7
fffff372
fffff6a7
fffff807
ffffa88f
fffff7df
ffffa404
ffffd94b
ffffedf9
fffffb54
fffff8e9
fffff32b
00000295
ffffee86
00000349
fffff668
fffffb51
ffffed3d
ffffff90
fffff021
ffffd95b
ffffb4dd
ffffd674
fffff982
ffffe87b
ffffef25
00000283
000000bc
fffffc24
fffffca2
fffffb8e
ffffba37
00000bd8
ffffc97c
ffffd353
fffffe03
ffffaa7d
ffffd8df
ffffb39e
00000e2b
ffffe4b5
ffffd99e
ffffc497
000003fc
ffffe5d7
fffff7ba
ffffea96
00000561
ffffe0a4
fffff96c
00000abb
fffffa06
ffffbe4f
fffff870
00000aa5
ffffc7e7
ffff99d7
fffffebe
00000111
ffffcb2b
000003a2
ffffd334
00000179
ffffe0d4
ffffab3f
00000370
fffffffa
fffff9b6
fffff68e
ffffed09
ffffd300
fffff94a
ffffc1c1
ffffce5c
ffff9d97
ffffbaee
ffffdd0f
fffff3ae
ffffebe7
00000b2b
ffff9aee
ffffd3d9
ffffb322
0000042c
ffffd6cb
fffff87b
ffff97fc
0000032a
fffff3f5
ffffd375
ffffa9ef
ffffe6bb
ffffb266
fffff84f
fffffe20
0000088e
ffffd0cd
00001446
ffffc77a
fffff796
ffffd9fe
ffff8a8a
ffffd429
ffffdfe8
ffffb895
ffffb375
ffffea21
ffffc415
ffffd3c3
ffffbfa7
ffffdc74
fffff9e1
fffff65a
ffffb9ca
ffffd532
000002c0
00001479
ffffd672
ffffe649
ffffb092
ffff9a92
fffff7cf
ffffd3b7
fffff04d
00000974
fffffedd
ffffdc08
ffffe8fb
fffffe07
ffffbf2a
ffffdf93
000001eb
00000b2b
ffffe480
ffffd736
ffffdbc8
ffffe7d6
fffff803
ffffb25e
ffffe8b6
ffffd19c
ffffc3ca
00000181
ffffe1b4
0000001d
ffffdd61
ffffd8fe
ffffc514
ffffda7c
000008e3
ffffb770
ffffeb8a
ffffb082
ffffe542
ffffac0b
ffffa642
ffffa3ea
ffffa2c7
ffffde68
ffffbcd8
ffffaa34
ffffd530
ffffd03f
000003e4
000009cf
ffffe366
fffff90e
ffffbc42
fffff127
ffffcdf8
ffffeca1
fffffbda
fffffdf5
fffff358
ffffc9fd
fffff087
ffffbb6a
fffffcbd
ffffa5d1
ffffe62d
ffff96b4
ffffe04c
ffffb82c
fffffd1a
ffffdc3d
fffff15c
ffffdcec
fffffe03
ffffc2a7
ffffcd8d
ffffd30b
fffff83b
fffff0d1
fffffcf4
ffffd15f
ffffd5c3
ffff7317
ffff95ef
ffffb3a3
ffffd644
fffff7f6
ffffd858
ffffe72c
ffffebb6
ffffefbb
fffff048
000001d5
ffffe8ad
ffffe4f1
000002ae
ffffc062
ffffc5a5
ffffc5ff
ffffec80
ffffda70
ffffe2da
ffffc0f9
ffffdcbb
ffffa592
ffffe0c6
ffffd92f
ffffaf6a
ffffd914
ffffffec
ffffe149
ffffc731
ffffe9ce
ffffcd9e
ffffca52
ffffd147
fffff9b7
ffffa6b2
ffffe9da
ffffda71
ffffb630
ffffcd30
ffffce8f
ffffc67c
ffffdc27
ffffc64c
00000332
ffffe074
ffffe3c9
ffffbbed
ffffa191
ffffc2f0
ffffa215
fffff4d0
ffffb954
ffffb5dd
fffff9bf
ffffe34c
ffffa7a1
000002d8
ffffc8f6
fffffa3f
ffffbd71
ffffb614
ffffc495
fffff5bc
ffffc063
ffff9c43
ffffc8f0
ffffdf1b
ffffb585
ffff93fe
ffffda8e
ffffc391
fffff651
ffffe6b8
ffffc15f
ffffd479
ffffe4b9
ffffffe4
fffff1fd
fffff99f
00000628
ffffcee5
ffffbead
ffffc8dd
fffffa56
ffffeb7d
ffffe7e3
ffffe09d
ffffc5b6
ffffeb19
ffffd252
00000b4c
ffff9901
ffffc0db
ffffc01b
ffffe23e
ffffacab
ffffd502
ffffd1d4
ffffc6a2
ffffe19e
ffffc722
ffffd7b5
ffffcec7
fffff12f
ffffdb8e
fffffdaa
000001e6
ffffd604
ffffac69
ffffd344
ffffbe36
ffff9be2
ffffc23d
ffffca34
ffffe1dc
ffffe29b
fffffc27
fffff49d
ffffd684
0000122c
ffffdb7f
000000d0
ffffb1fa
ffffd979
ffffbe5c
ffffcc5c
ffffd7a9
ffffd17a
fffff455
fffffb67
ffffc381
ffffe084
ffffcf31
ffffdf0f
0000005e
ffffd07e
ffffb46b
ffffeeaa
ffffb7fa
ffffe656
ffffbec3
ffffcffd
ffffd12e
ffffc7ca
ffffdd55
fffff2b5
ffffeaab
ffffe329
ffffc663
ffffe7b9
ffffffb3
ffffd1dc
ffffe1eb
ffffef1a
ffffeef2
ffffe838
ffffcf4f
ffffec78
ffffd514
fffff4fe
ffffc74c
ffffd03f
ffffde8a
ffffc21d
fffff9b7
ffffec6d
ffffd26a
ffff92a4
ffffc22a
ffffeae4
ffffeb16
ffffd3b5
ffffe7aa
fffff674
ffffc541
fffff378
ffffe378
ffffd401
ffffcc90
ffffcbd0
00000194
fffffbc8
fffff394
ffffe887
ffffc02b
ffffc313
ffffe35d
ffffefb5
ffffeef2
ffffb4d2
ffffd1fb
ffffd1f5
ffffb026
ffffee73
fffffba2
ffffebb0
ffffb227
ffffb406
ffff9c53
ffffb6d0
ffffdb9d
ffffb5d5
ffffd130
ffffd265
ffffd4a2
ffffab62
ffffb607
ffffb729
ffffb289
fffffa79
ffffe2b3
ffffc852
ffffbeaa
ffffe80d
ffffbf7a
ffffb2f0
ffffb26e
ffffb242
fffff519
ffffeed7
000009a2
ffffd0aa
ffffe141
ffffbb4f
ffffedfb
ffffd832
00000620
ffffe33f
fffffe9a
ffffcb16
ffffbb80
ffffef76
fffff367
ffffddb7
ffffd92f
ffffbc51
ffffbff1
ffffdd09
ffffe6f0
ffffc65f
ffffcf44
ffff94bd
ffffffd4
ffffb19a
ffffb6ce
ffffd92e
ffff982f
ffffd98a
fffff48d
ffffddce
fffff427
ffffc8ab
ffffef53
fffff909
ffffdc0f
ffffc94c
ffffb6e5
ffffcef1
ffffdcbd
ffffb79f
ffffe312
fffff0e9
ffffd58d
fffffcc9
ffffd6b2
ffffc180
ffffc45f
ffffb1e2
ffffcf9e
ffffadb8
ffffe8ce
fffff3c9
ffffea1f
ffffbb78
00000df9
ffffb3f1
ffff7e62
ffffc908
ffffe441
ffffe28e
ffffe70d
ffffb0b2
fffff34f
ffffcd91
ffffcfff
ffffeafd
ffffe14d
ffffcad6
ffffdf14
ffffd525
ffffcc50
fffffa52
ffffd16a
ffff750e
ffffd15b
ffffebf9
ffffbdcc
ffffa5c4
ffffce99
fffff4de
fffffb52
ffffdfaa
ffffd10a
ffffa337
ffffe042
ffffdac8
ffffc4dc
ffffcf28
ffffc5a7
ffffda83
ffffbf5a
ffffa0c2
fffff28b
ffffb1c0
ffffff02
ffffdcfc
ffffcbd0
ffffafd2
ffffce5a
ffffdd6b
ffffe22a
ffffdc01
ffffd7fa
ffffd37a
ffffb8ba
ffffd759
ffffa90f
ffffe561
ffffdb0c
ffffc2da
ffffe7a5
ffffd62e
ffffcc3a
ffffa299
ffffc639
ffffc06d
ffffb83f
ffffe820
ffffdc2a
ffffe4d9
ffffeef1
ffffefa6
ffffe207
ffffb2e1
fffff7d0
ffffc233
ffffa33e
00000c74
ffffea2d
ffffe3e1
fffff4c6
ffffe23e
ffffa957
ffffe57b
ffffe38d
fffff58f
ffffbdde
ffffdd30
ffffc761
ffff9ac6
ffffd03a
ffffdd98
ffffcb71
ffffa47d
ffffcdb9
ffffc83b
fffff34b
ffffd28d
ffffa668
ffffc99a
ffffd67b
ffffc90d
ffffc72f
ffffefa8
ffffdfad
ffffed89
ffffb4a3
ffffd5b1
ffffd1ff
ffffe668
fffffaca
ffffb78d
ffffaf90
ffffc19d
ffffd857
ffffc38e
ffff96b8
ffffd0b0
ffffb22d
ffffb793
ffffd938
ffffd44e
ffffb71d
ffffda3f
ffffd7e8
ffffd906
ffffc48f
ffffbd51
ffffdc2f
ffffc3ea
fffffa61
ffffc9a0
fffff8cc
ffffdc95
ffffcdc7
ffffab7c
ffffd85f
ffffc120
ffffc397
fffff473
ffff8979
fffff2ea
ffffd23b
fffffac9
ffffa8eb
ffffab24
ffffdb2a
ffffb192
ffff8f01
ffffb1d5
ffffb846
ffffdbb0
ffff96c4
ffffd1ad
ffffc19d
ffffcfff
ffffdfc8
ffffe5bf
fffffcab
00000859
ffffad3a
ffffbf90
ffffc117
ffffd5b8
ffffb5dd
ffffb9d7
ffffd69b
ffff9c15
ffffbdba
ffffc978
ffffe02c
ffffcfbb
ffffcb6c
ffffc97b
ffffc16d
fffff548
ffff9a08
ffffbb3d
ffffda80
00000681
ffffc1df
ffffc878
ffffb2d1
ffffad0c
ffffacd4
ffff8ecb
ffffc750
ffffde5f
ffffda3b
ffff9ee3
ffffe650
ffffd584
ffffa550
ffffd174
ffffeac4
ffffd66b
ffffc9d6
ffff9849
fffff111
ffffc004
ffffadc6
ffffd4eb
ffffd658
ffffbcca
ffff9bb3
ffffd271
ffffd40a
ffffbc86
ffffd7f6
ffffca7d
ffffc05c
ffff9ebb
ffffdf2d
ffffc437
ffffb0ac
ffffda4d
ffffa301
ffff9922
ffffdae6
ffffcc13
ffffce75
ffffb7fe
ffffcf34
ffff9e97
ffffc123
ffffbb56
000003c0
ffffd303
ffffd13a
ffffe536
ffffcf25
fffff682
ffffb4ac
ffffea09
ffffb3da
ffffeffc
ffffb8b1
ffffa4c8
ffffb6b3
ffffc61d
ffffc425
ffffa5b2
ffffbf2a
ffffd599
ffffe7b3
ffffcb11
ffffc7ca
ffffb8cf
ffffc3b0
ffffd9eb
ffffac43
ffffb9f6
ffffea36
ffffb50a
ffffbfe8
ffffdccf
ffffc075
fffff514
ffffed76
ffff68f6
ffffd4a6
ffffd978
ffffe1dd
ffffc902
ffffee59
ffffc2fd
ffffd05b
ffffeb31
ffffdee8
ffffe752
ffffe08d
ffffc1a2
ffffbc25
ffff9f3a
ffffac13
ffffcdc2
ffffbde8
ffffac8c
ffffa4d5
ffffe296
ffffc3eb
ffffb5b5
ffffc1e7
ffff88c4
ffffb060
ffffc3fa
ffffb904
ffffe3d1
ffffc2b4
ffffc73a
ffffd6e9
fffff344
ffffc24c
ffffcc7d
ffffb8a4
ffffe509
ffffdf27
ffffbed8
ffff7400
ffffb35f
ffffb2c2
ffffae2b
ffffc925
ffffea64
ffffbd88
fffff2de
ffffcb18
ffffcfac
ffffb9f2
ffffd69e
ffffe71e
ffffeb4b
ffffb92e
ffffaa93
ffffc76f
ffffe3b7
ffffcaa5
ffffdb11
ffffc9ae
ffffa77b
ffffd2a6
ffffda17
ffffd6a3
ffffcb3b
ffffeb91
ffffc070
ffffcfb8
ffffd162
ffffe65c
ffffe311
ffffbcc7
ffffb6d6
ffffbef7
ffffc1b3
ffffbdfb
ffffed5b
ffffb1a0
ffffef50
ffffd1fa
ffffd7ab
ffffdb42
ffffce33
ffffdd9e
ffffc43b
ffffaaae
ffffde0b
ffffc0cf
ffffa0ce
ffffdb0a
ffffd9f8
ffffdea0
ffffb423
ffffe398
ffffb277
ffffd478
ffffbd35
ffffd116
ffffdf08
ffffb7d9
ffffdabc
ffffd3be
ffffa373
ffffbf95
ffffc185
ffffd31b
ffffb8f0
ffffb4de
fffff4bd
ffffd873
00000668
ffffb4fe
ffffb495
ffffec6d
ffffb63a
ffffb010
ffffe779
ffffea3d
ffffaf3c
ffffad9a
ffffed9c
ffff863e
ffffdc0c
ffff94b6
ffffba8a
ffffee95
ffffcae8
ffffbfe6
fffffc97
ffffdb73
ffffc9bc
ffffdf26
ffffca6b
ffffe097
ffffacf4
ffff9bbe
ffffd491
ffffd331
0000008c
ffffa850
000005d4
fffff030
ffffbe47
ffffaa84
ffffd20e
ffffd78e
ffffc6c0
ffffdfac
fffff7db
ffffc263
ffffe840
ffffce0f
ffffb352
ffffe583
ffffa91f
ffffbb49
ffffcea2
ffffbfc9
ffffad61
ffffe48e
ffffc959
ffffd6ec
ffffc32a
ffffd7aa
ffff7f0f
ffffef77
fffff0c0
ffffda8b
ffffe8c0
ffffac6b
ffffc361
ffffd2db
ffffcc22
ffffe264
ffffb041
ffffd599
ffffc961
ffffb2fb
ffffd84b
ffffc41e
ffffb818
ffffb3d4
ffffbb20
ffffad31
ffffb08d
ffffc209
ffffdf8c
ffffcf9f
ffff9fea
ffffb4a8
ffffc67f
ffffba84
ffffc426
000013e3
ffffb9db
ffffffbf
ffffe9c7
ffffd90f
ffffc8a5
fffff009
ffffd2d3
ffffd872
ffffebf1
ffffea1e
ffffe4a4
ffffd05e
ffffdb40
ffffd309
ffffd8f7
ffffa3b2
fffff214
ffffb62e
ffffb8cb
ffffce44
ffffc2e1
ffffc73f
fffff5ff
ffffd909
ffffb3e4
ffffeb05
ffffe63c
ffffb917
ffffbb48
ffff975f
ffffcb89
ffffe5b3
ffffe52b
ffffc9c6
ffffd284
ffffa5e2
ffffc57c
ffffe17f
ffffdfc3
ffffc79b
ffffc69d
ffffabc7
ffffaae0
ffffdb0e
ffffe4b1
ffffcf14
ffffda51
ffffd941
ffffe8ce
ffffd95e
ffffbc61
ffffa4a2
ffffd289
ffffb554
ffffd555
ffffbcfd
ffffe149
ffffc11a
ffffb432
fffff4d7
ffffe76a
ffffca9c
ffffc8aa
ffffd04f
fffff5dd
ffffb997
ffffbbe9
ffffc7d4
ffffb727
ffffb916
ffffefb5
ffffc2d9
ffffe8c6
ffffbb0d
ffffb3fa
ffffaef2
ffffd094
ffffc413
ffffbf9b
ffffbff6
ffffbd1f
ffffdbea
ffffc4fd
ffffc87b
ffffbce9
ffff979c
ffffc17b
ffffdeaf
ffffda15
ffffab6e
ffffd933
ffffafcd
ffffba58
ffffb974
ffffcd4a
ffffb552
ffffbe7f
ffffc299
ffff934f
fffff233
ffffeaf4
ffffc666
ffffd7e8
ffffbfdb
ffffcabd
ffffcdbc
ffffaa05
ffffc519
ffffbfd9
ffffb9ce
ffffd9f2
ffffc524
ffffb7e4
ffffa810
ffffc842
ffffc15b
ffffe6a7
ffffd67b
ffffe3fa
fffffb30
ffffaa21
ffffab08
fffff8d0
ffffa73a
ffffe41a
ffffaf84
ffffbd36
ffffbeea
ffffc515
ffffbbba
ffffe087
ffffde65
ffffd7ff
ffffc4b3
ffffc245
ffffd010
ffffbdfc
fffff798
ffffd922
ffffc9e4
ffffdc87
ffffd5e9
ffffe665
fffff228
ffffce1f
ffffc07f
ffffd662
ffff97d1
ffffd46a
ffffd443
fffff83b
ffff9521
ffffd820
ffffd303
ffffb548
ffffe8ed
ffffbae2
ffffbc36
ffffac58
ffffa9c1
ffffc23f
ffffdeb9
ffffe872
ffffc2f3
ffffc3d1
ffffc74d
ffffae11
ffffbca4
fffff898
ffffec7a
ffffe343
ffffb0e8
ffffac0d
ffffdd2a
ffffc5ba
ffffc1cc
ffffae1e
ffffca3c
ffffca5b
ffffbaf1
ffffdbf6
ffffe788
ffffde12
ffffb710
ffffee4f
ffffb5e9
ffffb6f4
ffffc6a9
ffffb35b
ffffb092
ffffc439
ffffc6f5
ffffd694
ffffe8e1
ffffd482
ffffd0f9
ffffb828
ffffc7de
ffffc580
ffffb204
ffff9dfa
fffffa7c
ffffbc28
ffffe8ac
ffffaa50
ffff9e4a
ffffdf74
ffffceef
ffffb6e0
ffffd0c4
ffffa535
ffffe3aa
ffffbade
ffffcfaa
ffff9339
ffffa051
ffffc706
ffffb498
ffffb67b
ffffd34f
ffffe8a4
ffffcd8b
ffffb53a
ffffda0e
ffffd088
ffffd47a
ffffcc50
ffffe4fe
ffffd1b8
ffffc377
ffffea53
ffffb427
ffffaed8
ffffb174
ffffce48
ffff97e5
ffffdf9c
ffff7fb3
ffffcaa9
ffffd813
ffffaf84
ffffd705
ffffb6ac
ffffa426
ffffea32
ffffd58d
ffffc499
ffffa3fa
ffffbc1b
ffffad6f
ffffb485
ffffd292
ffffc411
ffffe0b9
ffffcd8b
ffffd0a8
ffffd3f8
ffffc869
ffffcaeb
ffffbea1
ffffe079
ffffcac6
fffff1be
ffffbd9f
ffffbc06
ffffc74f
ffffc8cc
ffffcff8
ffffc982
ffffc65c
ffffc35e
ffffe791
ffffc8b7
ffffc02a
ffffd5a9
ffffe362
ffffc551
ffffb37f
fffffba9
ffffd403
ffffcdab
ffffe026
ffffb850
ffffb877
ffffe26c
ffffc160
ffffc561
ffffd880
ffffa3e5
ffffb2cb
ffffa873
ffff9e3d
ffffc3c1
ffff9dfb
ffffdf61
ffffce6e
ffffe5b6
ffffe19c
ffffc71e
ffffaed7
ffffba21
ffffbf1a
ffffabcc
ffffa8f5
ffffb691
ffffde6b
ffffb9fd
ffffc53a
ffffeb5b
ffffc77d
ffffc1ae
ffffa3e9
ffffc95e
ffffe3f2
ffffb4fd
ffffe5c8
ffffc4a3
ffffc7b0
ffffaa6d
ffffa13f
ffffa73e
ffffc227
ffffccac
ffffd1c8
ffffcf11
ffffeae0
ffffdaad
ffffcd5e
ffffc334
ffffa2e3
ffffc793
ffffbc80
ffffc54e
ffffd0ad
ffffb3c7
ffff9e86
ffffc227
ffffd74f
ffffac0e
ffffa312
ffffbbe6
ffffa26a
ffffb406
ffffec1e
ffffa842
ffffb8ed
ffffcd40
ffffcabf
ffffb9b7
ffffc32b
ffffb42f
ffff9276
ffffc90f
ffffb8c5
ffffc550
ffffa13a
ffffc151
ffffbf19
ffff9596
ffffc2c2
ffffd8b7
ffffb8e8
ffffb67e
ffffdf26
ffffee1c
ffffd019
ffffa81d
ffffd065
ffffe947
ffffb4f5
ffffcdb7
ffffd710
ffffb423
ffffcd85
ffffe97e
ffffc26f
fffffa03
ffffb03a
ffffd36b
ffffc80d
ffffc571
ffffc114
ffffbe56
ffffc3cf
ffffb38a
ffffd141
ffffedf6
ffffcc79
ffffc304
ffffbe3c
ffffc4cf
ffffc926
ffffca93
ffffb3d9
ffffcccb
ffffb78a
ffffc5cb
ffffc1f6
ffffce9f
fffffad5
ffffd9ed
ffffced9
ffffb870
ffffd4b6
ffffc346
ffffb40e
ffffe3a5
ffff68a9
ffffd551
ffffcd3d
ffffc48a
ffffca58
ffffb548
ffffb5bf
ffffd54f
ffffba4c
ffffc4cc
fffff028
ffffd0ac
ffffacd5
ffffbc4f
ffffb9bd
ffffa9b0
ffffbda9
ffffe193
ffffdc92
ffffbff9
ffffd3f4
ffffc6bc
ffffb191
ffffa973
ffffbb32
ffffbf21
ffffd64d
ffffd9b9
ffffdac6
ffffeebb
ffffaf13
ffffc8bf
ffffc3c7
ffffa957
ffffa0de
ffffd82b
ffffb47b
ffffe184
ffffb27a
ffffa7a7
ffff9f24
ffffc309
ffffd7d2
ffffd914
ffffd73f
ffffb60c
ffffdee1
ffff9c27
ffff6a6b
ffffc99e
ffffd8b7
ffffa3a4
ffff9e23
ffffbc36
ffffe54e
ffffb694
ffffc2f7
ffffc6ce
ffffc22b
ffffc133
ffff86e4
ffffc37a
ffffa83e
ffffc849
ffffbd6b
ffffd5ee
ffffd579
ffffb76e
ffffd3ed
ffffd4d1
ffffb3f4
ffffbb33
ffffb113
ffffab27
ffffd1d9
ffffcc69
ffffc7c6
ffffb8b4
ffffc0bb
ffffd1a6
ffffe467
ffffae7b
ffffea82
ffffd26c
ffffc08c
ffffbdc3
ffffc006
ffffa9c3
ffffbcd6
ffffc640
fffff690
ffffcc3e
ffffb8be
ffffc14a
ffffb8c2
ffffc1d6
ffffc666
ffff9fca
ffffa9b2
ffffc594
ffffbbe3
ffffbfc2
ffffccbe
ffffe80d
ffffe89d
ffffefc9
ffffb5bf
ffffb724
ffffc99c
ffffc33c
ffffc582
ffffcecf
ffffa8bf
ffffe8b4
ffffdc51
ffffb19e
ffffde4d
ffffc3d6
ffffbce8
ffffb62e
ffffc378
ffffcd66
ffffbb41
ffffc161
ffffc619
ffffdecf
ffffc338
ffffd4a6
ffffb2d9
ffffeaef
ffffe72d
ffffc988
ffffa480
ffffe379
ffffae4f
ffffde12
ffffc712
ffffcb47
ffffafbb
ffffbd06
ffffbe61
ffffb81d
ffffd04e
ffffd2b3
ffffb660
ffffd8e3
ffffcf03
ffffd042
ffffb135
ffffbd98
ffffbfd3
ffffc61c
ffffb574
ffffcf4d
ffffd778
ffffcf07
ffffb47c
ffffaef4
ffffd76e
ffffaad8
ffffdbf5
ffffc273
fffff387
ffffa4e2
ffffe1ee
ffffda3c
ffffacf1
ffffb497
ffffcb54
ffffc222
ffffc79c
ffffe5c7
ffffcd0b
ffffad67
ffffb0b4
ffff9886
ffffd75d
fffffab8
ffffbcfa
ffffbcff
ffff9777
ffffb59d
ffffc64e
ffffc0cf
ffffd74b
ffffc0bd
ffffb4fa
ffffb433
ffffccb9
ffffa773
ffffbc04
ffffc396
ffffc506
ffffc248
ffffafab
ffffae21
ffffba49
ffffc85c
ffffbe4e
ffffda77
ffffbec1
ffff8e31
ffffadd3
ffffbdc9
ffffb24f
fffff186
ffffc36e
ffffbd3c
ffffc52a
ffffb964
ffffbcbc
ffffde73
ffffa983
ffffb898
ffffa470
ffffc441
ffffbadd
ffffb372
ffffdc64
ffffc755
ffffd3a6
ffffbc4c
ffffc735
ffffdace
ffff9e15
ffffa505
ffffc0ae
ffffaba9
ffffbe84
ffffa8d6
ffffb537
ffffe9f7
ffffabf7
ffffd8ce
ffffd114
fffff9cd
ffffb84d
ffffd621
ffffc907
ffffbd2d
ffffbbed
ffffb081
ffffa9ba
ffffd9af
ffffd330
ffffc1f9
ffffaef5
ffffd97a
fffff439
ffffbb2e
ffffae8c
ffffd14b
ffffecca
ffffcf3e
ffffadcd
ffffc7ed
ffffd1a4
ffffd142
ffffbc85
ffffca99
ffffd034
ffffb505
ffffe1fa
ffffe449
ffffce8e
ffffb049
ffffc05d
ffffae9e
ffffa0ba
ffffbb64
ffffc1ff
ffffd056
ffffbdef
ffffaa11
ffffb7f5
ffffe3f5
ffffc9c2
ffffcf66
ffffe2e6
ffffcf3a
ffffc3c2
ffffe16e
ffffe8df
ffffed5a
ffffb92c
ffffaabf
ffffc815
ffffbd89
ffffc54c
fffff18e
ffffe9a3
ffffb88e
ffffd8d0
ffffe9fa
ffffd3fe
ffffc9bf
ffffa8e7
ffffd7c5
ffffb87f
ffffc9ba
ffffe252
ffffc2a1
ffffb1fd
ffffce47
fffff07d
ffffd9e6
ffffbad6
ffffb47a
ffff91b2
ffffa504
ffffc92f
ffffcf03
ffffc363
ffffe63d
ffffac41
ffffd022
ffffab36
ffffb44b
ffffbe0d
ffffc13c
ffffc1d4
ffffc276
ffffb252
ffffad79
ffffb7f1
ffffb3ff
ffffd77d
ffffc28c
ffffc8e4
ffffae00
ffffd906
ffffa98f
ffffc5ca
ffff802d
ffffb10c
ffffdd14
ffffda8f
ffffdde3
ffffe302
ffffe157
ffff9c35
ffffc737
ffffac36
fffffa5c
ffffb38b
ffffbd01
ffffb970
ffffb23b
ffffb25e
ffffbb2c
ffffb8db
ffffbdc1
ffffd5f2
ffffb145
ffffb842
ffffb33e
ffffbccc
ffffa0f0
ffffeb8e
ffffc70d
ffffc1fb
ffff9f4a
ffffb1d6
ffffbcfc
ffffe136
ffffbb0d
ffffaf18
ffffe464
ffff9999
ffffb2b1
ffffc3ad
ffffd224
ffffcc9b
ffffd6ff
ffffae06
ffffb092
ffffd495
ffffb356
ffffaf30
ffffaf6c
ffffc5cc
ffffaae0
ffffc5d0
ffffbb4c
ffffd008
ffffb73a
ffffc9db
ffffba4f
ffffc698
ffff984f
ffffb218
ffffe25b
ffffb79b
ffffbafa
ffffb600
ffffc0d4
ffffaf69
ffffa248
ffffbce2
ffffb889
ffffc3ac
ffffec08
ffffc1c6
ffff999a
ffffb5b7
ffffb0d6
ffffd1f2
ffffaffa
ffff9ebf
ffffbfa2
ffffd493
ffffcf31
ffffb601
ffffa0dc
ffffb7a1
ffff9d51
ffffb85c
ffffb568
ffffcd8b
ffffadfb
ffffde5a
ffffb0f5
ffffc092
ffffc1a7
ffff9d6f
ffffbe83
ffffe31a
ffffc430
ffffb263
ffff9d1f
ffffe095
fffff685
ffffd6c8
ffff8ffd
ffffab2f
ffffb084
ffffdbf0
ffffc431
ffffb2b1
ffffcdbc
ffffc594
ffffb65f
ffffb1e4
ffffced5
ffffd500
ffffa527
ffff97a1
ffffb895
ffffbd71
ffffb0da
ffffae68
fffff4b5
ffffb6f2
ffffbc95
ffffbbfe
ffff8cc2
ffffb6b7
ffffc242
ffffd881
ffffca02
ffffbe9f
ffffe459
ffffa630
ffffad08
ffffc061
ffffc0d7
ffffa4f9
ffffca98
ffffbe38
ffffd2e6
ffffa644
ffffce43
ffffbb70
ffffd597
ffffb3a3
ffffb05f
ffffa156
ffffc27e
ffffc9bc
ffffc362
ffffe7d0
ffffacf3
ffffb381
ffffb0e9
ffff95d0
ffffa79c
ffff9172
ffffcb05
ffffaa3b
ffffa142
ffffd8e0
ffffbb92
ffffa780
ffffaf53
ffffbca8
fffff574
ffffb70d
ffffbc64
ffffd271
ffffd053
ffffea05
ffffae7f
ffffda74
ffffb2ff
ffff9f3a
ffffcba4
ffffdb68
ffffb214
fffff3e1
ffffbc57
ffffda92
ffffc954
ffffa0f9
ffffbf2f
ffffe598
ffffdad8
ffff91a5
ffffd373
ffffceb9
ffffcd37
ffffd2f6
ffffe23f
ffffe5cf
ffffc4b3
ffffb2de
ffffdd7b
ffffc530
ffffcc10
fffff220
ffffc3af
ffffba6c
ffffa8df
ffffd665
ffffcb2f
ffffb787
ffffc00b
ffffa526
ffffc3be
ffffc595
ffff8385
ffffad55
ffffb886
ffffcb4b
ffffb3d0
ffffa5d0
ffffcaa2
ffffaea6
ffffbe8d
ffffe2a2
ffff9b91
ffffadb9
ffffaf49
ffffbf30
ffffbd78
ffffa60d
ffffc610
ffffb95a
ffffc529
ffffb66c
ffff97c6
ffffdcb9
ffffd234
ffffb19e
ffffcb56
ffffde3d
ffffd2e3
ffffc99b
ffffb11c
ffffb2b9
ffffd31d
ffffd977
ffffa7a0
ffffb947
ffffd40f
ffffbd6c
ffffc35f
ffffccb1
ffffca0e
ffffa5d3
ffffc4d5
ffffc13b
ffffa911
ffffb81c
ffffa6a0
ffffbe36
ffffd348
ffffab99
ffffcd9d
ffffc215
ffffb0e4
ffffc959
ffffa46c
ffffcbc1
ffffa26a
ffffb54a
ffffdf68
ffffb875
ffffcf96
ffffb72a
ffffcabe
ffffde62
ffffc8fc
ffffbdcb
ffffa8a4
ffffd0ff
ffffb30e
ffffc547
ffffb0d3
ffff9265
ffff9e0d
ffffb697
ffffd485
ffffbfa2
ffffbe47
ffffaf3e
ffffa7ff
ffffc33b
ffffce06
ffffad58
ffffc3a2
ffffb810
ffffb229
ffffb8c0
ffffa7a9
ffffb765
ffffb69b
ffffae43
ffffc732
ffffd740
ffff99f4
ffffac55
ffffa938
ffffb99e
ffffbfff
ffffb3a4
ffffad53
ffffc412
ffffaf94
ffffaab4
ffffbcde
ffffcd3e
ffffd470
ffffba2f
ffffa89c
ffffbe2c
ffffb78c
ffffb07d
ffffd47a
ffffd8e2
ffffddf2
ffffea2b
ffffc893
ffffb867
ffffbce3
ffffad97
ffffa7a5
ffffb78e
ffff9f84
ffffc599
ffffb39b
ffffe0fa
ffff9b6f
ffffcd88
ffffa990
ffffbaef
ffffb574
ffffa99b
fffffbd0
ffffcf27
ffffbe44
ffffb759
ffff9baf
ffffb4a9
ffffb0c8
ffffbade
ffffd592
ffffa266
ffffb1c9
ffffbfc1
ffff9e73
ffffcd81
ffffb9a8
ffffadc5
ffffd0ce
ffffbd8d
ffffb7f9
ffffc91b
ffffbd83
ffffb5a6
ffff95ce
ffffb088
ffffb6ae
ffffa23f
ffffbe89
ffff9a86
ffffdb81
ffffa554
ffffa10d
ffffd6a6
ffff975b
ffff9591
ffffad2d
ffffc05c
ffffb797
ffffb1e8
ffffcd5f
ffffce33
ffffa034
ffffd7d5
ffffd5a8
ffff9314
ffffcdb5
ffffbb4b
ffffd036
ffffb0b9
ffffab12
ffffb93f
ffffa380
ffffb5b9
ffffb30f
ffffcb82
ffffd4a6
ffffbf71
ffffab6a
ffffab00
ffffb79f
ffffb09c
ffffb546
ffffa949
ffffc826
ffffdb13
ffffbd83
ffffb514
ffffca3a
ffffd12d
ffffad92
ffffb96d
ffffc5de
ffff9b2c
ffffca7e
ffffa713
ffffb86d
ffffb838
ffffa79b
ffffab4f
ffffd250
ffffe0df
ffffca8b
ffffb6fb
ffffdc79
ffffccba
ffffd0f2
ffffe06d
ffff9482
ffffbe67
ffffb888
ffffc1a1
ffffb956
ffffbf81
ffffbcc5
ffffc753
ffffb441
ffffb5d7
ffffd4a6
ffffac71
ffffb241
ffffc8e6
ffffcaf4
ffffa434
ffffa3ed
ffffcabb
ffffcb23
ffffa117
ffffe744
ffffb4d8
ffffb941
ffffb41c
ffffa0c6
ffffb5b8
ffffc511
ffffa9ae
ffffb7e0
ffff9943
ffffd10b
ffffdae5
ffffca5b
ffffc132
ffffdc39
ffffbe02
ffffce30
ffffcaf7
ffffabad
ffffcd78
ffffcb88
ffffd4c1
ffff9f37
ffffb617
ffffc23b
ffffbb37
ffffb01b
ffffb943
ffffcf57
ffffabf6
fffff51c
ffffba8c
ffffb151
ffffd69c
ffffd1a2
ffffd9e1
ffffc405
ffffa629
ffffa339
ffffb22b
ffffb43b
ffffb89f
ffffbcd2
ffff9c6f
ffffb333
ffffb88e
ffffb151
ffffaa89
ffffd21b
ffffd000
ffffb702
ffffc895
ffffe4dd
ffff961e
ffffb5c5
ffffac4f
ffffcdd0
ffffb4f2
ffffb6f7
ffffccba
ffffc9b9
ffffcb10
ffffc3f2
ffffa555
ffffb272
ffffc849
ffffb5e9
ffff954f
ffffd2c8
ffffbd6e
ffffc4c0
ffffa0fb
ffffcc74
ffffc242
ffffb387
ffffcd47
ffffc5a8
ffffb44f
ffffb961
ffffb2ce
ffffabae
ffffc6f2
ffffd3f5
ffffacc3
ffffcb62
ffffb065
ffffe95a
ffffa68e
ffffce02
ffffba65
ffffc6cd
ffffc2a6
ffffa803
ffff9930
ffffcd65
ffffc710
ffffb5ca
ffffc384
ffffbb83
ffffc0cb
ffff9678
ffffcc92
ffffcc21
ffff8a7a
ffffb0d4
ffffd685
ffffbd68
ffffacfd
ffffbb95
ffffbf47
ffffa96a
ffff9c9d
ffffa710
ffffcc92
ffffbb2b
ffffc57e
ffffc99d
ffffc731
ffffd93a
ffffb10d
ffffc0f9
ffffd617
ffffb72a
ffffb212
ffffbbce
ffffb0d7
ffffa3b0
ffffcfda
ffffc7ea
ffffc1b3
ffffd53a
000005dd
ffffd492
ffff8d0d
ffffba61
ffffd3e5
ffffc258
ffffc823
ffffcc1f
ffffe885
ffffb5c8
ffffddd9
ffff8c96
ffffae12
ffffe513
ffffc1ba
ffffb287
ffffa5c3
ffffb840
ffffc0cc
ffffc912
ffffdad2
ffffcfef
ffffc9b5
ffffd04a
ffffb71e
ffffbdbc
ffffb9ea
ffffd0ac
ffffaadc
ffffa691
ffffc2e6
ffffcf67
ffff9b1d
ffffb011
ffffd3a4
ffffad97
ffff977a
ffffc9cb
ffffc352
ffffc529
ffffb879
ffffcbee
ffffb752
ffffa1c7
ffffac93
ffffc592
ffffaeaa
ffffb8df
ffffbebe
ffffea93
ffffc12f
ffffc21b
ffffc89a
ffffd92a
ffffb837
ffffceb7
ffff9228
ffffacca
ffffc0ed
ffff9ac3
ffff9815
ffffaba2
ffffbd28
ffffc7e8
ffffdd0a
ffffa753
ffffce9c
ffffd5fb
ffffc752
00000d90
fffffdfe
ffffedef
00000165
000010e6
fffffb76
fffff2d7
fffffebd
00001949
0000105b
00000c14
fffff03e
ffffff0e
00000229
fffff236
fffffdf6
000007f6
000001d8
fffff22a
fffff8ad
00000348
00000cdf
0000034c
00000da5
fffff500
00002240
fffff843
00000a1f
00000581
00000425
fffff3b1
fffffbf0
000001ee
00000c88
fffffc8a
fffff190
000006d1
000004ff
ffffeb1a
000001f5
fffffa42
fffff794
00000637
0000166a
fffff33c
fffffaaa
000005fd
fffffe23
00000b5a
0000214b
fffffde0
ffffe507
fffff735
fffff810
fffff2d8
fffffedf
000006cf
fffffdf3
000007a3
000008b0
00001130
000002e2
ffffff49
000007ef
00000b0a
ffffec0f
0000019b
0000019a
0000065b
00001a47
fffff2b2
ffffef54
00000970
000007a9
00000edc
00000b02
ffffff68
000006aa
000006e9
0000041f
ffffffcd
0000044d
000001ee
000001fb
fffffc9f
0000076b
00000200
ffffe0de
000000d2
fffffe6a
fffff916
00000634
00002587
fffffece
fffffee1
000001f1
000001b2
00000239
fffffc4b
00000aa2
000022f0
00001772
00000c61
fffffae5
ffffe21b
fffff03d
000002e9
ffffe660
fffffee6
fffff1f0
000021c7
fffffd54
00000836
000005b1
fffff04d
fffffc8f
ffffe9ee
fffff6b6
0000053c
00000f02
fffff28b
fffffdca
fffffe63
ffffff78
fffff21d
fffff6c5
ffffed89
0000034b
0000013d
fffff52f
fffffacc
000017da
fffffd7a
00000645
ffffef31
fffff156
00001245
0000092a
fffffddd
00000c4e
ffffe4b8
00000188
fffff40d
fffff73a
fffffd07
ffffffde
00000323
fffffd6a
0000008e
000005bb
fffff5d8
fffff785
0000022f
fffff970
00000a69
fffffcc1
00000295
fffff9b9
000010e9
00000ce6
fffff50e
fffffc9d
000007ed
000014b4
000001b8
fffff95b
fffff106
fffff5ba
ffffff6e
00000efb
000005b7
000003fa
00000934
000000a3
fffff88b
00000130
00000185
fffffc41
00000065
00000357
fffffd24
0000027d
fffffbe0
000000af
ffffff8e
00000505
0000075f
00000551
ffffff37
fffffdba
000002b2
00000b99
fffff7fe
00000af8
fffff90f
fffffe1b
00000381
0000088b
00000914
ffffffa4
0000062e
fffff7a4
00000918
0000077a
00000217
ffffdf5c
00000722
0000089a
fffffa16
ffffff78
0000070d
fffff57a
000003eb
ffffff73
fffffdca
fffffae4
fffffdf5
fffffaa0
000013c4
00000213
fffffd65
000006c9
ffffff33
fffffbcb
000003bb
00000b49
00000a41
fffffaf6
000006ca
0000008c
fffff50e
ffffecb9
0000111a
fffffa48
fffff857
000009a9
0000091f
ffffff8c
0000168f
fffff0fb
0000048b
000003e8
00000702
fffffda6
fffff615
fffff931
00000371
000008a0
fffffce3
fffffec5
000001eb
fffff6ad
fffffcd2
fffffa65
00001068
00000165
0000080a
00000d8b
fffffd0e
000001de
fffff396
fffff7be
fffff3f8
fffff2b1
fffff22b
00000604
fffff91e
00000943
fffffe9b
00000164
fffff67e
0000059f
fffffba7
fffff6dd
000003b0
0000037e
fffff379
00000346
ffffffac
ffffe8e8
00000403
00000431
ffffffc6
fffffd6b
00000630
00000258
fffff915
fffff959
fffff78b
fffffb42
0000008d
0000058c
fffff975
fffff423
000008e8
000003de
00000872
fffffd73
0000057c
00000db8
fffffcb1
fffff2ac
fffff5b4
fffffb43
fffff659
00000c4d
fffff406
00000647
ffffff76
000002b1
0000071e
fffffdbb
000003d5
fffff4ec
000007f3
fffffa2c
fffffdff
00001132
fffffad2
ffffff97
000011bb
fffffa94
ffffeee3
ffffe8a4
0000047d
fffffd9d
000007f2
fffff9d3
00000da2
fffff6d0
ffffff59
fffff211
00000a61
00000265
0000031d
fffffef5
fffff3a3
00000e59
fffffbe7
00000518
00000493
0000003b
fffff5fe
fffff751
ffffff1d
ffffff2a
fffffe53
0000134b
ffffebac
000007c6
000004c4
ffffff09
fffff6a6
fffffde7
000006f7
00000b95
fffffc2d
fffffed9
fffff3a5
ffffff81
fffff480
fffffb19
fffff910
000007d6
00000079
0000053d
00000ce0
fffff604
fffffb71
00000197
fffffa8f
00000959
00000baa
ffffee83
fffff957
00000250
000003da
fffff690
00000c9a
fffffa0d
0000014e
00001d9a
00000a9f
000000d0
fffff61f
00000a15
fffff92a
0000062d
fffffdee
000002d8
fffffbb7
00000577
ffffeada
00000711
fffff2c9
fffffb87
fffffebd
fffffc59
fffffbfd
fffffef0
ffffff9d
0000046e
0000029e
000004ac
fffff421
fffff068
ffffffc1
fffffc2d
fffffbfb
000003d4
00000dc1
000005ba
000005f6
00000030
0000074f
00001979
0000065c
00000d95
000001e0
0000003a
ffffff7d
000002cf
00000222
fffffd23
fffffce9
0000219e
0000029b
00000750
0000099c
00000406
00000921
fffff97d
fffffc56
ffffe986
fffff4c3
fffff6b1
000003fa
ffffef62
fffffaa5
00002bcd
00000413
fffffb60
000007cb
fffff9b8
fffffac8
fffff02a
fffffa9b
fffff424
fffff722
00000ade
000000ba
fffffc29
0000034e
00000e03
000002af
00000281
000009d3
fffff958
000000aa
0000000c
00001aa7
000004bd
fffff180
fffffe93
fffffba0
000002ab
0000019d
ffffff3c
00000a3b
ffffee3b
fffffe7b
fffffa54
00000a21
fffffdf8
fffff0af
fffffaf0
fffffebc
ffffe22f
00000440
fffff1f7
ffffffcb
fffff432
000007b1
fffff871
000003d0
fffffc93
00000cee
fffff6c7
fffff883
000003ef
fffffbf9
0000202d
00000a04
00000a38
fffffe31
00000d7f
fffffa01
fffff9b5
fffffcab
000004f8
0000046b
fffffad7
00000003
fffff629
fffffaa6
00000433
00000c8e
000011c4
fffffc81
0000025e
fffffb64
fffffc9a
ffffffbf
0000062f
000002fc
fffff6f3
0000013c
00000520
ffffffa8
00000557
fffff999
fffff4bf
000003e1
fffffc60
fffffedd
fffff86f
000004d5
00000076
ffffffd6
00000472
fffff551
fffffcd2
000002ab
000003bd
000007fa
fffffa4b
fffff564
00000962
fffffce9
fffffd1c
fffffbee
fffff64c
fffff9be
000009df
fffff6e6
00000490
00002738
fffffd03
0000022c
00000bee
fffffb48
00000a38
000004a9
fffff8bc
000002fd
fffffd3f
fffff129
0000074d
00000434
000009a1
000005c7
000001d1
00000c86
fffff049
000001c8
0000044f
ffffff38
ffffff6f
fffff14d
fffff8ae
fffffab1
00000842
fffffd15
fffffabb
fffff7d2
fffffffe
0000040c
fffff180
0000010f
000001a3
fffffa75
00000ac7
000009fb
00000081
fffffdbf
fffffaf6
000003d0
fffffdfd
fffffc21
000007fa
000000e6
0000009e
fffffc15
00000393
fffffe6d
0000045b
ffffff8a
00000623
00000047
fffffc25
fffffc25
fffffbaa
fffffebd
000005ff
fffff6af
fffffa55
fffffda4
fffffd2c
fffff831
000000d2
000001b8
0000025e
00000148
000000ab
fffffeb1
ffffec60
0000047e
fffffb59
fffff74f
fffffbe9
0000083b
fffff4df
000008aa
fffffac9
fffffe64
fffffd11
000003dd
fffffa29
fffffef4
000000dc
fffffab2
fffff7ac
ffffff03
fffffc4f
0000053e
00000733
fffff8cb
000009ad
00000473
fffffebc
000000b6
fffff09c
00000542
0000027d
ffffce22
fffffca1
fffffd4e
ffffe9dd
ffffffee
fffff736
fffff955
00000ac0
00000681
0000053f
ffffff33
fffff186
00000483
000003f6
00001620
fffffd2f
fffffd38
fffff5d3
fffff74e
fffffc71
fffffc80
0000007c
ffffff91
000002b3
000005aa
fffffb4b
fffffb14
fffffb1c
00000b8f
00000b0b
fffffc27
fffffad8
0000011b
fffffff1
00000afd
000004a6
fffffca7
0000057d
0000096b
00000328
ffffefa0
00000066
fffff7c8
fffffbeb
000009b4
00000cd6
ffffeaf1
0000018c
fffffb9f
00000a65
00000883
fffff523
fffff45f
fffffa84
ffffff4d
0000189e
00000362
fffff68f
00000550
fffffcee
00000762
0000030c
000002b8
00000a84
00000292
00000311
00000b28
00000ae4
00000023
00000672
000005af
fffff621
fffff642
000001b5
000009ae
fffff48c
00000197
fffffe4c
fffffbc2
fffff7d3
fffffb48
fffffec9
ffffff7a
0000041a
ffffffc6
ffffff92
0000007c
000003ae
fffffa88
fffffa6c
fffffff4
fffffaf7
ffffe9d2
fffffa70
00000752
00000060
00001a60
fffffd06
ffffe99a
00000117
fffff8fa
ffffffb7
000007b5
fffff7da
00000235
00000c01
fffffd55
00000e63
fffff9d2
fffff743
fffffa5b
000009a2
00000b15
000011a3
fffffa31
000005a8
fffff9b1
000002c6
ffffff06
00000aab
00000515
fffffa8c
00000033
fffffb62
00000693
ffffff9f
fffffeb8
00000104
fffffe04
00000481
00000471
fffffffc
000002a0
0000029f
ffffefff
00000a79
00000092
fffffcd0
00001107
000000ad
000007c7
000005f9
fffff21b
fffff9db
00000777
fffff7ec
fffffa92
0000047f
0000023b
fffffb61
fffffb82
0000031e
fffff8df
00000900
fffffa47
00000cf7
00000778
0000037a
0000053a
fffff8d0
00000021
ffffeecb
fffffc7d
000002f0
fffff8c1
0000030c
00001120
000001e8
fffffb42
00000825
00000892
ffffee52
0000006e
ffffff41
fffffe0e
fffff7f2
00000178
00000090
fffffcff
00000112
000010b9
00000828
fffffb95
000004a4
fffff9d6
fffffb7d
fffffbb9
fffff9af
00000a72
0000095d
00000358
00000b8f
000009f3
000009d5
00001de0
000001b9
fffffad2
0000085e
fffff4fd
fffffa20
00000132
000001a8
0000018a
ffffffb1
00000121
fffffef5
fffff637
fffff98c
ffffea19
0000193c
00000140
fffff9ca
fffff6bb
00000560
00000126
fffff5ca
fffffff3
00000b64
ffffff2b
ffffff8d
fffff0bc
fffffbce
00000291
00000a22
00000892
fffffc26
000002e0
fffff70b
ffffff3f
000003c7
00000014
fffffbb9
0000008e
00000cdf
0000063c
fffffdc7
fffffa7d
fffffeb2
fffff7d4
00000b58
0000093e
fffffdb9
000008c1
fffffc4a
000003ea
fffff367
fffffcd4
000003ac
00000a14
fffff9c9
fffff389
00000357
00000a7a
0000018b
00000be8
000000ae
fffff408
00000562
00000789
000000a0
ffffff74
fffffcd1
00000265
fffff6e2
00000c36
00000462
00000863
00000134
fffffbed
00000181
000000dd
00000253
0000054f
00000d1d
fffff6a0
fffffc3a
00000b60
fffff923
fffffe2e
fffffea2
00000254
00000cf3
fffffc2f
0000020f
00000239
0000022f
0000002f
ffffea5d
00000675
fffff6ce
00000edf
fffff64d
fffff995
fffffeb1
fffffc34
fffff5dd
00000030
00000db7
0000082d
00000146
fffffbac
00000014
ffffff16
fffffb26
fffffdd9
000003cc
fffffb6c
000021dd
fffff917
ffffffa6
00000b6e
fffffcfa
fffffb78
00000851
00000565
000004f2
00000113
00000316
0000087f
00000332
000007bd
0000000d
0000045e
000010d8
fffff97a
ffffc31f
00000663
00000978
fffffa5e
fffffd5c
fffffb7b
000006df
fffff60c
00000a8c
fffffb39
ffffe9ef
fffff8a9
0000103d
ffffdf30
ffffffed
00001596
fffffb3c
000001d7
00000714
000003bf
fffffc37
fffffbd2
00000584
00000611
000013a4
fffffd60
fffffa2c
00000ea6
fffffacb
fffff754
000000c1
fffff629
fffff9c4
00000225
000006d7
fffffec3
000009a3
fffffb2e
fffffce4
00000205
ffffff87
fffffbb5
ffffff37
fffffabd
00000e2f
0000002b
00000636
000007d8
fffff907
000002ec
fffffc30
000009e0
fffffa14
fffffcb7
fffff807
fffff9bd
fffffab5
fffff40f
ffffff06
00000328
00000cb1
000002d3
fffffce7
fffffe50
00000105
000003dd
fffff3cd
fffff6ab
ffffd494
0000062e
fffffd80
000002a9
0000082d
000003e7
fffffcce
fffff532
fffff688
fffffe77
fffff6c9
fffff5a0
00001239
000002a0
00000575
00000247
fffff56a
fffffe44
000016f6
fffff4f4
00000da6
000000de
00000d83
fffffa51
00000147
fffff256
000004fd
fffff356
fffffc86
fffffd80
fffff8f0
000004b6
00000028
00000002
000006d7
000002c4
ffffef3c
0000008f
000007b8
fffffe6e
fffffa58
00000457
fffff92f
000002db
00000e27
0000080d
fffffff4
fffffc93
fffff5e9
fffff917
00000738
fffff460
fffffef6
000003c2
ffffffd2
00000821
0000054d
0000115f
ffffff47
fffffc60
fffff5df
ffffff0a
00001207
ffffffb0
fffff9c0
000002cd
ffffff29
fffff8ac
00000037
00000fd3
00000a9c
00001b9d
000001f7
fffff295
0000053d
00000119
0000028b
fffff7aa
fffffe8d
fffff5ce
000004bb
ffffffaa
ffffed1a
00000231
fffff7cb
fffffc81
00000066
fffffeef
00000228
00000cb6
000004d4
00000321
00000654
fffff377
fffff917
fffffa61
00000486
00000364
0000055a
fffffb05
000008b9
ffffff04
00000e02
fffffc56
fffff789
00000586
fffffb7d
00000bf2
000005a7
00000b64
fffffe91
ffffff0d
fffffc19
fffffb39
fffffc7c
0000047b
fffffcad
00000b35
fffff4ea
fffffeb8
fffff752
00000cd1
0000129f
00000746
fffff899
fffffb69
000001d2
fffffc74
fffffb5f
fffff70f
fffffa77
00000162
0000062d
0000035a
fffffa92
ffffffdc
0000044f
fffff85c
00000ca5
ffffef0d
00000496
fffffe5b
fffffa4b
fffffd77
0000137f
ffffff05
00000bb5
fffff872
fffff1f6
fffffa8c
fffffcc3
fffffff6
0000023d
fffffd37
fffff6b2
ffffe823
fffff7a5
fffff7ac
fffffde3
fffffb3b
000001cc
0000065a
00000080
000000c0
000006d3
fffffbbe
000006ca
fffffe52
fffffe94
fffffc94
ffffe66d
fffffc48
00000029
0000194b
ffffff00
000013c1
ffffffb3
00000933
000007dd
000004de
00000402
fffffdce
00000635
000009ae
000004d1
00000591
00000475
fffff4b8
fffffb6e
fffffbd2
fffffef6
fffffb0b
fffffbee
000005f2
0000023c
fffffe90
fffffecc
000003e7
ffffff5b
00001448
fffff83c
fffff694
fffffe27
fffffb3f
00000adf
fffffdc0
ffffffef
fffff376
000025d8
fffff787
fffffb47
00000406
0000054f
ffffea00
0000024f
00000acc
fffffb8c
fffffb4d
ffffffd7
fffff738
fffff9fa
fffffe91
000005cd
000002fd
fffff4b3
ffffd201
00000a32
ffffffd2
ffffff48
0000028e
000001f5
00000715
fffffa61
fffffd10
000003a1
ffffff30
fffff01d
0000012d
000006a9
00000a7b
fffff8d9
fffffe7b
00000079
fffff557
00000b92
000003e5
fffffd7e
fffffed2
fffffbbe
fffffc0a
000003f6
00000199
fffffaa3
fffff751
ffffff20
fffffce5
00000d7a
fffffa1f
fffffff2
fffffb07
fffffa08
00000e78
0000016a
fffffa73
000001cb
0000082a
fffffbc7
00000019
fffff965
00000428
fffff92b
fffffce1
00000386
00000858
0000178f
fffffb20
000006c5
00001abd
fffffb17
00000598
fffffd29
fffffcf4
fffffb3d
0000013f
00001d4c
fffff49b
000004dd
00000436
0000044e
00000281
fffffe2a
fffff914
fffffd1f
fffff8dd
0000068e
fffffc4f
fffffdd3
0000033f
fffff8ae
000005ea
fffffe6c
0000059d
00000017
fffff5bf
fffffb95
00000ab6
fffff996
000001ef
fffffe51
fffff925
fffff4fe
ffffff90
fffffb03
0000018b
00000cc5
0000098e
0000016e
00000324
0000020f
0000058e
00000142
00000c01
fffffe78
00000bf8
0000010c
000000e7
fffff4e8
000001ee
000001ec
00000851
ffffff9d
fffffcea
0000032a
ffffff46
fffff37b
0000005e
0000022a
fffffc3d
fffffff1
00000633
ffffff83
fffffab0
000008dd
00000140
fffff018
fffffbf3
000005c8
00000a0a
fffffd60
00000089
fffff5e3
00000708
fffffb8a
ffffff80
000006e7
fffffc1e
ffffee6d
fffff7ab
000002f7
fffff8c6
00000213
0000066b
fffffe70
000011a3
00000e93
0000049e
00000cdc
fffffcca
00000b9c
000003e0
fffff8c4
ffffffbe
0000067a
0000026a
ffffffcc
000005a2
00000479
000009da
fffff71c
fffffaf4
fffffbed
fffff5f1
ffffffbf
fffffd44
00000ba3
0000057a
fffff03b
000003f1
00000666
0000040d
0000032a
00000155
fffffd3c
00000329
00000291
000001ed
000004a1
fffffe66
fffffa50
000008ce
fffff5d4
0000099b
000004cb
000009eb
000009ff
000008d7
fffffc39
fffffea5
fffffd4c
0000022b
fffffbb6
00000580
000001d5
0000066f
fffffe52
fffff8ec
fffffc5f
00000d76
00000871
fffff871
fffffaf1
0000019b
ffffffa9
fffff32b
00000fdd
00000bfc
fffffe1a
00003c9c
fffff685
0000021e
0000008a
00000678
000005f8
00000572
fffffc63
ffffff59
fffffdaf
0000016b
fffff538
00000361
fffff4ad
000002dd
fffffb0a
00000381
0000044b
fffff990
0000037a
00000866
0000063b
0000015b
00000148
ffffe94d
fffffa85
fffffd1a
fffffb94
fffff4d2
000003cd
fffff918
000000a3
00000351
000001e7
00001abc
fffff9f2
000008ef
fffffd67
fffffe82
000008b8
fffffe00
fffffb7e
0000073e
fffffe4d
00000391
fffffafd
fffff78f
00000c81
000001cb
000001b6
fffffa6e
000005c9
fffffd66
ffffff51
fffff5b0
00000053
000001bd
fffff725
fffff577
fffff702
00000a71
00001522
0000049a
fffffcb5
fffffdc1
00000125
fffffc77
fffffd8b
fffffd78
0000080e
fffffbdc
fffff860
000000b2
000003bf
000006e8
00000000
000004a8
00000ad0
fffff75a
0000090a
0000012f
fffffa70
000008f1
fffffc38
fffffe7f
fffffd0e
fffffcb0
000001ac
fffffb82
fffffccb
000002ad
fffff883
fffff3f7
00000455
fffffa52
fffffc3b
000002f9
fffff721
000001bc
00000293
fffffd13
00000f74
ffffd9a1
00000233
fffff4e4
000007f6
fffffbc2
000001e8
00000061
0000097f
ffffff01
fffff3de
fffff48a
00000d77
fffff22e
000000d8
fffffd5a
fffffc8c
fffffdc2
00001500
00000a3b
fffffd58
fffffaf6
fffff034
fffffcbc
fffff653
000001ee
fffff99a
000013bb
0000045c
00000403
0000041d
0000082f
fffff93e
00000116
fffffa5b
fffffa62
00000ba7
fffffc04
0000019f
fffff590
fffff335
ffffff82
fffff9a6
fffff557
00000754
00000469
00000ce1
000003b1
fffffae4
0000043a
fffffd38
ffffffaf
fffff750
000005f1
ffffc545
0000001e
0000136e
0000042f
0000077d
00000a32
00000a59
0000038d
000008e7
fffffe7f
fffffb76
fffffe38
0000018c
fffff6d4
fffff925
00000bc6
ffffe3b6
ffffff85
00001214
ffffeda9
000008dd
00000141
000004b8
000000ff
fffffd04
000008fb
000004e8
fffffd17
fffff5f2
ffffffae
fffffcbb
fffff6cc
00000523
fffffa06
fffff7d7
ffffffe0
0000019b
0000011f
00000ca5
0000015c
fffff436
fffff678
00000a83
00001143
fffffba1
0000050d
000009d6
fffffc35
fffffc13
00000a54
fffff92a
fffff153
fffff79b
00000862
fffffbc2
00000659
00000b4c
fffffe09
0000077d
00000d83
0000042a
fffffe38
000004d8
ffffedfc
000007e0
0000083e
fffff087
fffffae2
00000ba0
00000022
0000073d
000002bd
00000c19
fffff34e
000001ef
fffff488
00000720
00000703
00000084
fffff290
000007e5
00000457
fffff8ea
00000ad3
fffff991
0000068a
00000272
fffff8b4
fffffb18
0000007a
00000048
fffffffb
0000080e
fffffcfe
fffffff0
00000014
000005da
000000b5
000008fb
00000045
fffffc8d
fffffe3a
00000ab7
fffff63d
000012d2
000005f0
0000015c
00000115
fffffda3
0000050f
0000021c
fffffebc
fffffa2d
000009ad
0000084d
fffff77e
00001299
ffffff7c
ffffff0c
fffff96e
00000681
000000a7
fffffdf1
000009a0
00000f7f
fffff60a
000005cc
fffffb83
0000046b
ffffffa9
00000027
000006ee
fffffc02
fffffae8
0000087c
0000026a
fffffcc2
ffffef03
00000683
000007bb
00001037
000005a1
00000f45
fffffef2
00000822
fffffdd7
000002fe
00000ced
fffffb09
000012a5
fffffdcf
0000029c
fffffc3f
fffffcdc
00000113
0000152e
ffffffbb
fffffbb3
fffff81d
00000512
000005b3
fffff4ed
0000056b
000000eb
fffff77b
fffff5f2
00001755
00000950
000006d2
000008dc
000001b9
fffffa69
00000710
000015d9
00000639
00001154
000012df
00000c14
fffffecc
0000018e
fffff9ff
0000053a
fffffbad
fffff734
0000013d
fffff061
fffff68e
fffffe61
fffffbe2
fffff9f8
0000004b
000004ac
fffffb8d
fffff748
00000143
fffff8a6
00000460
000002d0
0000010d
fffffdc4
00000910
00000435
fffff8b8
fffffc00
00000906
000010d6
000000da
00000354
fffff588
00000413
fffffbe4
000009a0
fffffece
fffffeb8
ffffeff8
0000033c
000003eb
fffffdb6
00000195
0000002e
fffffe4f
fffffa13
00000820
fffff8ba
fffff0a6
00000526
fffff969
00000232
000002f0
fffffbe3
0000123b
00000c6b
fffff6b2
fffffc2e
00000e42
fffffd1d
fffff7cd
000005cb
fffff156
fffff83a
00000291
fffffb95
fffffa6f
00000461
ffffff6f
000003d3
fffffc99
ffffff90
fffffaca
00000784
fffffaae
fffff1a1
00000475
fffffa73
fffff9d6
fffff4a6
00000337
fffffea0
ffffff6b
000008e0
00000e49
fffffb2a
fffffdfb
fffffb6e
0000005f
fffffd57
00000b93
00000086
fffff778
ffffff33
fffffdc9
0000025d
0000032c
000005fb
fffffcc3
fffff9dd
0000011c
00000ad4
000008f2
000004c1
fffffdda
000003b3
fffffc5e
fffffd7a
00000108
fffff6ef
000006fa
000005a6
000002bd
fffffbf2
fffffff8
fffffb4d
00000b43
00000627
00000a9f
000000b8
fffffb21
fffffee6
00000496
0000057d
00000486
fffffc04
00000d52
00000381
ffffffd5
fffff865
00000089
00000f56
fffffb92
fffffaea
000002d0
000004a9
fffffc3f
fffffd19
fffff568
0000018d
000008b9
fffff66c
fffff652
000007bb
fffffd62
0000143e
00000e02
fffff2fd
fffffe90
000002b6
000000e0
fffffb32
00000c41
0000029d
fffff875
fffffe9e
fffffdf8
0000033e
fffff6bf
fffffa71
fffff5a0
0000017b
00000105
fffff851
00000018
fffffba3
0000012e
00000401
fffffd7a
fffffff2
0000108b
fffffca4
ffffff90
fffffc53
00000754
ffffff42
00000580
0000057d
ffffd9fd
fffffdd5
fffffb6e
fffffd4f
000001f0
fffff736
0000018c
00000f9e
00000776
fffffb6b
00000db6
fffffec7
fffff2ee
000001c6
000007d8
fffffc90
0000075a
00000053
fffff8d8
00000a6b
fffffd5b
fffff673
fffffc4e
0000031a
000002e8
00000548
0000005b
fffff7dc
fffff84f
fffffd0b
fffffa25
fffffa6f
fffff9c2
fffff604
00000774
fffffe7a
000006cd
000005e0
fffffeb5
0000089e
fffffe35
00000393
fffffbd1
fffff9b9
fffffc07
fffff9af
0000090e
fffffd0e
fffff9bb
ffffff0f
fffffd1e
fffff391
fffffdeb
fffff4b0
00000907
000009fc
ffffffcf
00000016
00001468
ffffff9a
00000805
0000034a
fffff591
00000895
fffff9f2
fffffd2a
fffffae3
ffffff5c
000009c3
0000065d
fffff6de
ffffff92
ffffffe6
fffff95c
000006be
fffff75e
fffff6b6
00000427
fffff6ef
00000112
0000062a
fffff39b
00000865
fffffc87
fffffabb
00000a4f
00000054
00000a69
000001bc
00000f96
fffffc41
fffffb8b
000003ef
fffff852
fffff309
0000096a
0000091e
fffffcbc
fffff9db
fffff350
fffffac8
000004f0
00000c31
000002e1
ffffff1a
fffff825
fffff897
fffffd6b
000003f1
000000e8
0000000c
00000122
0000037f
fffff849
00000820
fffffa33
fffff6df
0000121b
00000eae
0000019e
fffff9f4
000003b5
0000067f
fffffbbe
fffffe47
fffffecf
00000402
00000565
000000ae
ffffff83
00000144
fffff4d5
00000631
00000796
fffff707
00000912
000001d3
ffffffd2
00000b03
fffffcba
000003bc
fffffb66
000009f5
fffffd14
00000185
fffffdbb
fffff21d
00000db0
ffffffb2
fffffde5
00000b19
00000f76
fffffd6a
000004a1
fffffb1c
0000075e
fffff854
fffffe19
fffffce6
fffffb1c
00000502
0000044e
fffff8e8
0000081d
fffffecc
000000c3
0000005c
fffffd55
000006b1
0000056b
000009f3
000003bc
fffffbb4
fffffc2b
fffff467
fffffd45
fffffb04
000008d5
fffff316
fffffb4c
000020fe
00000721
000004b4
0000004e
ffffeccb
fffff81c
ffffe9aa
ffffed71
000002e2
fffffd30
000003cd
fffffd92
fffffd6e
fffffd47
0000069a
fffff8d3
fffffd93
fffffa29
fffffb9a
00000509
fffff2bf
00000242
00000362
fffffae8
ffffffcd
0000011c
fffffb65
000008a3
0000000f
00000715
00000651
fffff7df
00000859
fffff7e3
00000377
00000375
fffffb5c
00001172
0000023c
fffffaf0
ffffff01
fffff692
fffff741
ffffffc1
fffffdfc
00001c2c
ffffff62
00000289
fffff6b5
00000068
fffff973
00000689
fffff611
fffffe04
fffffd4a
fffff609
fffffe3d
0000098a
000000be
00000563
fffff77d
000001e4
fffff6bf
000006e5
fffffd4e
000009a5
fffff872
0000094e
fffff580
ffffffde
fffff60c
000003b8
fffffdf1
00000f00
00000727
000011ee
fffffce2
00000639
fffff79a
000005c4
00000086
fffffd1d
000000fa
ffffffe4
fffffd91
fffffcbe
fffff3fd
00000b3b
fffffc45
fffffb9d
0000058b
000001e8
fffffb9e
00000808
0000046e
000006b6
fffff512
000002df
fffffcfd
000001f6
ffffff0d
fffffa6a
fffff904
0000099b
00000a1c
fffffc8d
fffffb8d
fffffc0c
fffffe76
00000930
ffffffab
0000023e
ffffff32
ffffff8b
fffffcb8
ffffff7f
ffffef83
fffff771
fffffdbf
000008c5
fffff68d
000005d1
fffffd12
fffffd91
fffffd13
fffffe84
fffff5ed
fffffa0c
0000061a
00000166
fffffc57
000002df
fffffeef
fffff880
0000011b
000002a4
fffff760
0000012a
ffffffee
fffffc8f
fffff57d
fffff466
0000031b
fffffd05
00000182
000001b7
00000b75
00000106
fffffbb5
fffff9cd
000002dd
ffffe87c
000004f6
000008aa
fffffbd3
00000524
fffff954
000000a6
fffffbf5
ffffeff6
0000052d
fffff817
fffffdbe
ffffff97
fffffbfa
00000574
00000871
fffffc37
000005b8
00000045
fffff6c6
00000137
fffffe63
00000509
fffffbc9
000000f0
fffff42e
000004a5
fffff811
000005aa
000000d4
fffffd92
000000ab
000003d3
0000088f
0000003c
00000983
00000a16
fffffc7d
0000263d
00000218
fffff952
fffffdf7
00000835
0000041f
00000521
fffff71f
ffffffc1
fffffe11
ffffee1b
000006a5
00000415
000004d3
fffff889
fffff806
0000087d
fffffe91
fffffb7f
fffff298
fffffe0c
0000059e
fffffbd5
00000902
fffffb5a
fffffa0c
0000082d
ffffff6d
00000142
00000217
fffffb6e
fffff73e
000001af
00000489
000014f6
fffffee6
ffffffa6
00000475
0000036d
fffffc5a
fffff93e
00000366
fffffde1
fffff62e
fffff9c5
00000164
0000034f
00000111
00000521
0000004e
0000024a
000001ed
0000000a
0000000c
000008d6
fffff454
000000a4
000002d2
00000baf
fffff959
00000ac2
fffffb36
ffffff97
00000c7f
fffff877
0000027a
ffffff0b
fffffbf4
fffffc57
fffffeb7
fffff936
00000d63
0000004d
000003da
000004f5
00000553
fffffb21
00000a11
fffffcb1
0000033f
fffffdf6
fffffd00
00000122
00000d8b
00001413
00000655
00000261
000005a8
ffffff96
fffff57e
00000bb7
fffffb14
fffff996
fffffc07
ffffff27
fffffbf3
00000468
fffff9bc
fffffa42
fffff7ec
0000015c
0000084d
fffff171
ffffef47
0000064b
00000354
00000a7c
fffffe8a
00000e61
fffff245
00000a5b
fffff54c
fffffb2f
fffffc84
fffff696
fffffffc
ffffffcd
00000346
00000019
fffff69a
fffffdfa
000004a2
fffffc85
000005c9
fffffb8c
fffff744
00000a2c
fffff946
00000e2f
ffffeae6
ffffffec
00000244
fffffa3b
fffff9e2
00000c85
00000322
000000d1
fffff774
fffffb80
00000afa
fffff8ee
ffffefcc
fffffda6
ffffefdb
00000839
000000a5
fffff630
00000171
0000027a
00000738
00000dac
00000a74
00000ec7
00000248
00000438
fffff834
000002fc
fffff61f
0000047c
000004a5
0000029b
000000cc
0000061e
fffff81c
0000128b
fffffd5d
00000a22
ffffef30
fffffe70
000001a9
0000041b
00000192
fffffc50
000001cc
00000178
00000321
fffff842
00000054
00000657
fffffcf4
fffffe6b
fffffc57
ffffffbb
fffffacc
fffffd08
fffffe51
00000d7c
fffffdce
fffff5b6
fffff05f
ffffeb53
ffffff56
00000586
fffff3fa
000003c6
00000ee8
fffff7ae
000009dd
00000016
fffff61b
00000261
00000149
fffff7d6
00000e53
00000382
00000be4
fffffd0a
fffff927
fffff959
fffffe00
ffffff2b
000003d6
fffff0e8
000000d3
fffff13e
fffffe83
ffffff1e
fffffc6f
fffffd70
fffff8d8
fffff4fd
fffff92d
00000647
fffff068
fffffb53
00000017
00000306
ffffef60
000002bf
fffffe5a
fffffa70
ffffffab
00000245
00000058
000002c2
000003af
00000b80
fffffc2f
fffff3a0
0000024d
000004a0
fffff828
fffff441
00000981
000001ef
00000cab
fffff6d5
000001fe
0000002c
ffffffdd
ffffff76
000012eb
fffffe24
000004ac
00000864
ffffff49
00000750
fffff92a
fffff311
fffffce3
fffffeb3
fffff29c
fffffc20
fffffd0b
0000046e
ffffff0f
fffff989
00000532
00000a15
fffff7da
000000c9
fffff8e3
000001aa
00000b55
0000097a
0000005a
fffffa87
000002a6
00000169
0000059b
fffffa30
00000edc
fffff727
00000446
0000009e
fffffcd1
fffffb22
0000024e
fffff89f
000006cb
00000f3f
fffff60d
fffff848
fffffd55
0000040a
00000f4a
0000011d
000006bf
00000176
fffff2e3
fffffc94
00000062
00000253
fffffa49
00000d9b
000000a6
00000661
fffffc4b
00000530
fffff1c4
000005d2
fffffe46
00000bb4
ffffff66
fffffb96
0000036a
fffff3a4
000006e9
fffff42f
fffffa61
fffff26a
0000040f
fffffec9
fffffaa1
fffff566
00000f97
00000246
00000552
00000bfc
fffff385
0000094a
000005de
fffffb76
0000022c
000004bb
ffffeb1b
fffffe9a
fffff439
fffff9cf
00000799
fffffea5
000040d7
fffffee7
fffff9bd
00000ee8
fffffc62
000003f2
000009ea
00000abb
00000209
00000264
fffffa46
0000149a
fffff781
000002f7
0000006a
fffffdca
fffffc94
00000783
00000753
fffffa01
ffffec97
00000d58
fffffd52
ffffe623
fffffabc
00000577
00000350
fffffcce
000003bf
fffffa31
00000257
00000092
0000007c
fffff441
fffff654
fffff8a9
000001e5
fffffe0e
fffffa50
fffff64a
fffff4de
ffffff12
ffffef7c
fffffdbd
0000000b
fffffd2e
fffffb64
fffff1e0
00000607
fffffdba
ffffe9a9
000007ad
00000218
0000076a
00000c5a
00000659
0000065f
fffffd81
fffffe51
0000115e
fffffe20
ffffff94
00000511
fffff85c
fffffb16
0000037e
fffff868
000008f7
fffffaa4
fffff817
fffffc2c
00000d85
ffffe2c8
fffff448
0000037b
ffffff79
fffff78c
0000003d
0000009d
00000148
fffff9af
fffffc26
fffffd3e
00000545
00000623
ffffed9e
fffffce0
fffffc06
fffffbdf
00000dc1
fffffe80
fffffd7b
00000e66
000004ce
fffff86f
fffff787
fffffe82
fffffd05
fffff3ec
ffffff7e
fffffc96
000009f7
000003f0
00000d0b
00000784
fffffd41
000003fa
000007ec
fffffa58
00000483
000001ee
fffffbcb
fffff6c4
fffffcd2
fffff950
00001359
000003b0
000008e7
00004759
00000196
00000c22
ffffffae
fffff974
000001ae
0000066c
fffffb99
fffffc1e
0000035f
fffffc51
0000054e
fffff8ad
00000d14
fffffdd1
fffff7a3
00000150
ffffff90
00000b86
fffff5a4
000007cc
fffffa60
00000dda
ffffed86
00000032
0000079b
000006c9
fffff50d
fffff729
00000c80
000003ec
00000306
fffffabb
fffffd5e
fffff545
ffffffe4
fffff839
fffffef1
fffff58a
fffffd8e
fffffe05
ffffe7d2
00000440
000000ff
000002df
000001f7
fffff97f
ffffffd2
fffffce3
fffff3b7
00000351
0000050a
ffffff7f
000003a7
fffff91c
fffff348
000006b7
00000608
fffff24b
0000041b
00000a24
00000888
fffffef8
000001f4
ffffffa2
fffffb62
0000014f
00000797
ffffff7d
fffffd6d
fffffa85
000009d0
fffffd41
fffff737
fffff329
fffff56c
fffff1a3
fffff4b7
000000e8
00000b0b
fffff31a
00000137
ffffff80
00000226
fffff72d
00000d60
fffff887
ffffff43
fffffe2d
fffff224
ffffff1b
00000725
fffff9b7
fffff958
0000053b
0000030f
000000ad
fffffc20
0000081a
00000368
00000ef7
000002ce
00000402
00000579
00000202
000003f1
fffff672
fffffd56
000007fd
00000b57
00000320
fffff988
000009d2
000004ae
000009f4
fffffc62
0000064f
000003db
fffffb03
fffffc90
fffffece
000019aa
00000d16
00000921
fffff9b2
00000448
0000051b
fffffc67
fffff04e
ffffffc5
fffffb03
fffff2b7
00000044
ffffff61
000001b7
00000094
00000775
0000040a
0000029a
00000008
fffff550
fffff2ef
000017c5
fffffbd6
00000218
000000cc
0000079f
fffffa19
00000267
fffff667
0000071b
00000afb
00000bf6
00000048
fffff98b
000007ed
000007fb
000000ec
fffffd94
00000112
fffff913
ffffff05
fffffb02
00000ef7
000004b8
fffff5b4
00000b76
fffff7be
fffffebf
0000026c
000005fc
fffffcb0
fffffa95
0000036e
00000fae
fffff8f5
fffffff3
000000c7
0000002b
0000056f
fffffb6b
fffff9b3
000004a8
00000fe2
fffffce0
0000045e
00000372
000002f7
fffffac7
fffffbcd
fffffca9
00000a90
ffffffa7
0000024d
000002d7
fffffb96
fffff29c
fffffad7
00000591
fffff813
00000413
fffffc26
fffff657
fffffae0
fffffe3f
000003dd
fffffd8a
0000048c
fffffac9
0000039f
000007f3
ffffff84
00000485
fffffafc
00000647
fffffe54
fffff4eb
fffffd76
00000cd7
000002f2
00000912
fffff4e7
fffff9d5
fffff930
fffff419
0000049d
00000940
fffff342
00000462
00000262
00000104
0000019f
00000b61
fffffdbd
00000097
00000029
000005e8
fffffce3
ffffff87
fffffaa2
fffff94a
000009f8
ffffffe9
fffffcdf
fffffea3
00000030
00000583
00000ba8
00000705
fffffdd1
fffff837
000009fb
fffff788
000002c0
fffffbd0
000003b2
00000441
0000028c
ffffff05
000001d0
fffff79b
fffffd6b
ffffff99
00000070
0000006c
00000033
fffffa58
00000572
000000dd
000000fe
ffffffa1
00000016
00000016
00000017
00000017
00000017
00000018
00000018
00000019
00000019
00000019
0000001a
0000001a
0000001b
0000001b
0000001b
0000001c
0000001c
0000001d
0000001d
0000001e
0000001e
0000001f
0000001f
0000001f
00000020
00000020
00000021
00000022
00000022
00000023
00000023
00000024
00000024
00000025
00000025
00000026
00000027
00000027
00000028
00000028
00000029
0000002a
0000002a
0000002b
0000002c
0000002c
0000002d
0000002e
0000002f
0000002f
00000030
00000031
00000032
00000032
00000033
00000034
00000035
00000036
00000036
00000037
00000038
00000039
0000003a
0000003b
0000003c
0000003d
0000003e
0000003f
00000040
00000041
00000042
00000043
00000044
00000045
00000046
00000047
00000048
00000049
0000004a
0000004b
0000004d
0000004e
0000004f
00000050
00000052
00000053
00000054
00000055
00000057
00000058
0000005a
0000005b
0000005c
0000005e
0000005f
00000061
00000062
00000064
00000065
00000067
00000069
0000006a
0000006c
0000006e
0000006f
00000071
00000073
00000075
00000077
00000078
0000007a
0000007c
0000007e
00000080
00000082
00000084
00000086
00000089
0000008b
0000008d
0000008f
00000091
00000094
00000096
00000098
0000009b
0000009d
000000a0
000000a2
000000a5
000000a7
000000aa
000000ac
000000af
000000b2
000000b5
000000b8
000000ba
000000bd
000000c0
000000c3
000000c6
000000ca
000000cd
000000d0
000000d3
000000d7
000000da
000000dd
000000e1
000000e4
000000e8
000000ec
000000ef
000000f3
000000f7
000000fb
000000ff
00000103
00000107
0000010b
0000010f
00000113
00000117
0000011c
00000120
00000125
00000129
0000012e
00000133
00000138
0000013d
00000141
00000147
0000014c
00000151
00000156
0000015b
00000161
00000166
0000016c
00000172
00000178
0000017d
00000183
00000189
00000190
00000196
0000019c
000001a3
000001a9
000001b0
000001b7
000001bd
000001c4
000001cc
000001d3
000001da
000001e1
000001e9
000001f1
000001f8
00000200
00000208
00000210
00000219
00000221
00000229
00000232
0000023b
00000244
0000024d
00000256
0000025f
00000269
00000272
0000027c
00000286
00000290
0000029a
000002a5
000002af
000002ba
000002c5
000002d0
000002db
000002e7
000002f2
000002fe
0000030a
00000316
00000322
0000032f
0000033b
00000348
00000355
00000363
00000370
0000037e
0000038c
0000039a
000003a8
000003b7
000003c5
000003d4
000003e3
000003f3
00000403
00000412
00000423
00000433
00000444
00000455
00000466
00000477
00000489
0000049b
000004ad
000004bf
000004d2
000004e5
000004f9
0000050c
00000520
00000535
00000549
0000055e
00000573
00000589
0000059e
000005b5
000005cb
000005e2
000005f9
00000611
00000628
00000641
00000659
00000672
0000068b
000006a5
000006bf
000006da
000006f5
00000710
0000072c
00000748
00000764
00000781
0000079e
000007bc
000007da
000007f9
00000818
00000838
00000858
00000878
00000899
000008bb
000008dd
000008ff
00000922
00000946
0000096a
0000098e
000009b3
000009d9
000009ff
00000a26
00000a4d
00000a75
00000a9d
00000ac6
00000af0
00000b1a
00000b45
00000b70
00000b9c
00000bc9
00000bf6
00000c24
00000c53
00000c82
00000cb2
00000ce2
00000d14
00000d46
00000d78
00000dac
00000de0
00000e15
00000e4a
00000e81
00000eb8
00000ef0
00000f28
00000f62
00000f9c
00000fd7
00001013
00001050
0000108d
000010cb
0000110b
0000114b
0000118c
000011cd
00001210
00001254
00001298
000012de
00001324
0000136b
000013b4
000013fd
00001447
00001492
000014de
0000152c
0000157a
000015c9
00001619
0000166b
000016bd
00001710
00001765
000017ba
00001811
00001869
000018c2
0000191c
00001977
000019d3
00001a31
00001a8f
00001aef
00001b50
00001bb2
00001c16
00001c7a
00001ce0
00001d47
00001db0
00001e19
00001e84
00001ef0
00001f5e
00001fcc
0000203c
000020ae
00002121
00002195
0000220a
00002281
000022f9
00002372
000023ed
00002469
000024e7
00002566
000025e6
00002668
000026ec
00002770
000027f6
0000287e
00002907
00002992
00002a1e
00002aab
00002b3a
00002bcb
00002c5d
00002cf0
00002d85
00002e1b
00002eb3
00002f4d
00002fe8
00003084
00003123
000031c2
00003263
00003306
000033aa
00003450
000034f7
000035a0
0000364a
000036f6
000037a3
00003852
00003903
000039b5
00003a68
00003b1e
00003bd4
00003c8c
00003d46
00003e01
00003ebe
00003f7c
0000403c
000040fd
000041c0
00004284
0000434a
00004411
000044d9
000045a3
0000466f
0000473c
0000480a
000048da
000049ab
00004a7e
00004b52
00004c27
00004cfe
00004dd6
00004eaf
00004f8a
00005066
00005143
00005221
00005301
000053e2
000054c4
000055a8
0000568c
00005772
00005859
00005941
00005a2a
00005b14
00005bff
00005cec
00005dd9
00005ec7
00005fb6
000060a7
00006198
0000628a
0000637c
00006470
00006565
0000665a
00006750
00006847
0000693f
00006a37
00006b30
00006c29
00006d23
00006e1e
00006f19
00007015
00007111
0000720e
0000730b
00007409
00007507
00007605
00007704
00007803
00007902
00007a01
00007b01
00007c00
00007d00
00007e00
00007f00
00008000
00008100
00008200
00008300
00008400
000084ff
000085ff
000086fe
000087fd
000088fc
000089fb
00008af9
00008bf7
00008cf5
00008df2
00008eef
00008feb
000090e7
000091e2
000092dd
000093d7
000094d0
000095c9
000096c1
000097b9
000098b0
000099a6
00009a9b
00009b90
00009c84
00009d76
00009e68
00009f59
0000a04a
0000a139
0000a227
0000a314
0000a401
0000a4ec
0000a5d6
0000a6bf
0000a7a7
0000a88e
0000a974
0000aa58
0000ab3c
0000ac1e
0000acff
0000addf
0000aebd
0000af9a
0000b076
0000b151
0000b22a
0000b302
0000b3d9
0000b4ae
0000b582
0000b655
0000b726
0000b7f6
0000b8c4
0000b991
0000ba5d
0000bb27
0000bbef
0000bcb6
0000bd7c
0000be40
0000bf03
0000bfc4
0000c084
0000c142
0000c1ff
0000c2ba
0000c374
0000c42c
0000c4e2
0000c598
0000c64b
0000c6fd
0000c7ae
0000c85d
0000c90a
0000c9b6
0000ca60
0000cb09
0000cbb0
0000cc56
0000ccfa
0000cd9d
0000ce3e
0000cedd
0000cf7c
0000d018
0000d0b3
0000d14d
0000d1e5
0000d27b
0000d310
0000d3a3
0000d435
0000d4c6
0000d555
0000d5e2
0000d66e
0000d6f9
0000d782
0000d80a
0000d890
0000d914
0000d998
0000da1a
0000da9a
0000db19
0000db97
0000dc13
0000dc8e
0000dd07
0000dd7f
0000ddf6
0000de6b
0000dedf
0000df52
0000dfc4
0000e034
0000e0a2
0000e110
0000e17c
0000e1e7
0000e250
0000e2b9
0000e320
0000e386
0000e3ea
0000e44e
0000e4b0
0000e511
0000e571
0000e5cf
0000e62d
0000e689
0000e6e4
0000e73e
0000e797
0000e7ef
0000e846
0000e89b
0000e8f0
0000e943
0000e995
0000e9e7
0000ea37
0000ea86
0000ead4
0000eb22
0000eb6e
0000ebb9
0000ec03
0000ec4c
0000ec95
0000ecdc
0000ed22
0000ed68
0000edac
0000edf0
0000ee33
0000ee74
0000eeb5
0000eef5
0000ef35
0000ef73
0000efb0
0000efed
0000f029
0000f064
0000f09e
0000f0d8
0000f110
0000f148
0000f17f
0000f1b6
0000f1eb
0000f220
0000f254
0000f288
0000f2ba
0000f2ec
0000f31e
0000f34e
0000f37e
0000f3ad
0000f3dc
0000f40a
0000f437
0000f464
0000f490
0000f4bb
0000f4e6
0000f510
0000f53a
0000f563
0000f58b
0000f5b3
0000f5da
0000f601
0000f627
0000f64d
0000f672
0000f696
0000f6ba
0000f6de
0000f701
0000f723
0000f745
0000f767
0000f788
0000f7a8
0000f7c8
0000f7e8
0000f807
0000f826
0000f844
0000f862
0000f87f
0000f89c
0000f8b8
0000f8d4
0000f8f0
0000f90b
0000f926
0000f941
0000f95b
0000f975
0000f98e
0000f9a7
0000f9bf
0000f9d8
0000f9ef
0000fa07
0000fa1e
0000fa35
0000fa4b
0000fa62
0000fa77
0000fa8d
0000faa2
0000fab7
0000facb
0000fae0
0000faf4
0000fb07
0000fb1b
0000fb2e
0000fb41
0000fb53
0000fb65
0000fb77
0000fb89
0000fb9a
0000fbab
0000fbbc
0000fbcd
0000fbdd
0000fbee
0000fbfd
0000fc0d
0000fc1d
0000fc2c
0000fc3b
0000fc49
0000fc58
0000fc66
0000fc74
0000fc82
0000fc90
0000fc9d
0000fcab
0000fcb8
0000fcc5
0000fcd1
0000fcde
0000fcea
0000fcf6
0000fd02
0000fd0e
0000fd19
0000fd25
0000fd30
0000fd3b
0000fd46
0000fd51
0000fd5b
0000fd66
0000fd70
0000fd7a
0000fd84
0000fd8e
0000fd97
0000fda1
0000fdaa
0000fdb3
0000fdbc
0000fdc5
0000fdce
0000fdd7
0000fddf
0000fde7
0000fdf0
0000fdf8
0000fe00
0000fe08
0000fe0f
0000fe17
0000fe1f
0000fe26
0000fe2d
0000fe34
0000fe3c
0000fe43
0000fe49
0000fe50
0000fe57
0000fe5d
0000fe64
0000fe6a
0000fe70
0000fe77
0000fe7d
0000fe83
0000fe88
0000fe8e
0000fe94
0000fe9a
0000fe9f
0000fea5
0000feaa
0000feaf
0000feb4
0000feb9
0000febf
0000fec3
0000fec8
0000fecd
0000fed2
0000fed7
0000fedb
0000fee0
0000fee4
0000fee9
0000feed
0000fef1
0000fef5
0000fef9
0000fefd
0000ff01
0000ff05
0000ff09
0000ff0d
0000ff11
0000ff14
0000ff18
0000ff1c
0000ff1f
0000ff23
0000ff26
0000ff29
0000ff2d
0000ff30
0000ff33
0000ff36
0000ff3a
0000ff3d
0000ff40
0000ff43
0000ff46
0000ff48
0000ff4b
0000ff4e
0000ff51
0000ff54
0000ff56
0000ff59
0000ff5b
0000ff5e
0000ff60
0000ff63
0000ff65
0000ff68
0000ff6a
0000ff6c
0000ff6f
0000ff71
0000ff73
0000ff75
0000ff77
0000ff7a
0000ff7c
0000ff7e
0000ff80
0000ff82
0000ff84
0000ff86
0000ff88
0000ff89
0000ff8b
0000ff8d
0000ff8f
0000ff91
0000ff92
0000ff94
0000ff96
0000ff97
0000ff99
0000ff9b
0000ff9c
0000ff9e
0000ff9f
0000ffa1
0000ffa2
0000ffa4
0000ffa5
0000ffa6
0000ffa8
0000ffa9
0000ffab
0000ffac
0000ffad
0000ffae
0000ffb0
0000ffb1
0000ffb2
0000ffb3
0000ffb5
0000ffb6
0000ffb7
0000ffb8
0000ffb9
0000ffba
0000ffbb
0000ffbc
0000ffbd
0000ffbe
0000ffbf
0000ffc0
0000ffc1
0000ffc2
0000ffc3
0000ffc4
0000ffc5
0000ffc6
0000ffc7
0000ffc8
0000ffc9
0000ffca
0000ffca
0000ffcb
0000ffcc
0000ffcd
0000ffce
0000ffce
0000ffcf
0000ffd0
0000ffd1
0000ffd1
0000ffd2
0000ffd3
0000ffd4
0000ffd4
0000ffd5
0000ffd6
0000ffd6
0000ffd7
0000ffd8
0000ffd8
0000ffd9
0000ffd9
0000ffda
0000ffdb
0000ffdb
0000ffdc
0000ffdc
0000ffdd
0000ffdd
0000ffde
0000ffde
0000ffdf
0000ffe0
0000ffe0
0000ffe1
0000ffe1
0000ffe1
0000ffe2
0000ffe2
0000ffe3
0000ffe3
0000ffe4
0000ffe4
0000ffe5
0000ffe5
0000ffe5
0000ffe6
0000ffe6
0000ffe7
0000ffe7
0000ffe7
0000ffe8
0000ffe8
0000ffe9
0000ffe9
0000ffe9
0000ffea
0000ffea
00000000
00000000
00000000
00000000
00000000
00000000
00000000
00000000
00000000
00000000
00000000
00000000
00000000
00000000
00000000
00000000
00000000
00000000
00000000
00000000
00000000
00000000
00000000
00000000
00000000
00000000
00000000
00000000
00000000
00000000
00000000
00000000
00000000
00000000
00000000
00000000
00000000
00000000
00000000
00000000
00000000
00000000
00000000
00000000
00000000
00000000
00000000
00000000
00000000
00000000
00000000
00000000
00000000
00000000
00000000
00000000
00000000
00000000
00000000
00000000
00000000
00000000
00000000
00000000
00000000
00000000
00000000
00000000
00000000
00000000
00000000
00000000
00000000
00000000
00000000
00000000
00000000
00000000
00000000
00000000
00000000
00000000
00000000
00000000
00000000
00000000
00000000
00000000
00000000
00000000
00000000
00000000
00000000
00000000
00000000
00000000
00000000
00000000
00000000
00000000
00000000
00000000
00000000
00000000
00000000
00000000
00000000
00000000
00000000
00000000
00000000
00000000
00000000
00000000
00000000
00000000
00000000
00000000
00000000
00000000
00000000
00000000
00000000
00000000
00000000
00000000
00000000
00000000
00000000
00000000
00000000
00000000
00000000
00000000
00000000
00000000
00000000
00000000
00000000
00000000
00000000
00000000
00000000
00000000
00000000
00000000
00000000
00000000
00000000
00000000
00000000
00000000
00000000
00000000
00000000
00000000
00000000
00000000
00000000
00000000
00000000
00000000
00000000
00000000
00000000
00000000
00000000
00000000
00000000
00000000
00000000
00000000
00000000
00000000
00000000
00000000
00000000
00000000
00000000
00000000
00000000
00000000
00000000
00000000
00000000
00000000
00000000
00000000
00000000
00000000
00000000
00000000
00000000
00000000
00000000
00000000
00000000
00000000
00000000
00000000
00000000
00000000
00000000
00000000
00000000
00000000
00000000
00000000
00000000
00000000
00000000
00000000
00000000
00000000
00000000
00000000
00000000
00000000
00000000
00000000
00000000
00000000
00000000
00000000
00000000
00000000
00000000
00000000
00000000
00000000
00000000
00000000
00000000
00000000
00000000
00000000
00000000
00000000
00000000
00000000
00000000
00000000
00000000
00000000
00000000
00000000
00000000
00000000
00000000
00000000
00000000
00000000
00000000
00000000
00000000
00000000
00000000
00000000
00000000
00000000
00000000
00000000
00000000
00000000
00000000
00000000
00000000
00000000
00000000
00000000
00000000
00000000
00000000
00000000
00000000
00000000
00000000
00000000
00000000
00000000
00000000
00000000
00000000
00000000
00000000
00000000
00000000
00000000
00000000
00000000
00000000
00000000
00000000
00000000
00000000
00000000
00000000
00000000
00000000
00000000
00000000
00000000
00000000
00000000
00000000
00000000
00000000
00000000
00000000
00000000
00000000
00000000
00000000
00000000
00000000
00000000
00000000
00000000
00000000
00000000
00000000
00000000
00000000
00000000
00000000
00000000
00000000
00000000
00000000
00000000
00000000
00000000
00000000
00000000
00000000
00000000
00000000
00000000
00000000
00000000
00000000
00000000
00000000
00000000
00000000
00000000
00000000
00000000
00000000
00000000
00000000
00000000
00000000
00000000
00000000
00000000
00000000
00000000
00000000
00000000
00000000
00000000
00000000
00000000
00000000
00000000
00000000
00000000
00000000
00000000
00000000
00000000
00000000
00000000
00000000
00000000
00000000
00000000
00000000
00000000
00000000
00000000
00000000
00000000
00000000
00000000
00000000
00000000
00000000
00000000
00000000
00000000
00000000
00000000
00000000
00000000
00000000
00000000
00000000
00000000
00000000
00000000
00000000
00000000
00000000
00000000
00000000
00000000
00000000
00000000
00000000
00000000
00000000
00000000
00000000
00000000
00000000
00000000
00000000
00000000
00000000
00000000
00000000
00000000
00000000
00000000
00000000
00000000
00000000
00000000
00000000
00000000
00000000
00000000
00000000
00000000
00000000
00000000
00000000
00000000
00000000
00000000
00000000
00000000
00000000
00000000
00000000
00000000
00000000
00000000
00000000
00000000
00000000
00000000
00000000
00000000
00000000
00000000
00000000
00000000
00000000
00000000
00000000
00000000
00000000
00000000
00000000
00000000
00000000
00000000
00000000
00000000
00000000
00000000
00000000
00000000
00000000
00000000
00000000
00000000
00000000
00000000
00000000
00000000
00000000
00000000
00000000
00000000
00000000
00000000
00000000
00000000
00000000
00000000
00000000
00000000
00000000
00000000
00000000
00000000
00000000
00000000
00000000
00000000
00000000
00000000
00000000
00000000
00000000
00000000
00000000
00000000
00000000
00000000
00000000
00000000
00000000
00000000
00000000
00000000
00000000
00000000
00000000
00000000
00000000
00000000
00000000
00000000
00000000
00000000
00000000
00000000
00000000
00000000
00000000
00000000
00000000
00000000
00000000
00000000
00000000
00000000
00000000
00000000
00000000
00000000
00000000
00000000
00000000
00000000
00000000
00000000
00000000
00000000
00000000
00000000
00000000
00000000
00000000
00000000
00000000
00000000
00000000
00000000
00000000
00000000
00000000
00000000
00000000
00000000
00000000
00000000
00000000
00000000
00000000
00000000
00000000
00000000
00000000
00000000
00000000
00000000
00000000
00000000
00000000
00000000
00000000
00000000
00000000
00000000
00000000
00000000
00000000
00000000
00000000
00000000
00000000
00000000
00000000
00000000
00000000
00000000
00000000
00000000
00000000
00000000
00000000
00000000
00000000
00000000
00000000
00000000
00000000
00000000
00000000
00000000
00000000
00000000
00000000
00000000
00000000
00000000
00000000
00000000
00000000
00000000
00000000
00000000
00000000
00000000
00000000
00000000
00000000
00000000
00000000
00000000
00000000
00000000
00000000
00000000
00000000
00000000
00000000
00000000
00000000
00000000
00000000
00000000
00000000
00000000
00000000
00000000
00000000
00000000
00000000
00000000
00000000
00000000
00000000
00000000
00000000
00000000
00000000
00000000
00000000
00000000
00000000
00000000
00000000
00000000
00000000
00000000
00000000
00000000
00000000
00000000
00000000
00000000
00000000
00000000
00000000
00000000
00000000
00000000
00000000
00000000
00000000
00000000
00000000
00000000
00000000
00000000
00000000
00000000
00000000
00000000
00000000
00000000
00000000
00000000
00000000
00000000
00000000
00000000
00000000
00000000
00000000
00000000
00000000
00000000
00000000
00000000
00000000
00000000
00000000
00000000
00000000
00000000
00000000
00000000
00000000
00000000
00000000
00000000
00000000
00000000
00000000
00000000
00000000
00000000
00000000
00000000
00000000
00000000
00000000
00000000
00000000
00000000
00000000
00000000
00000000
00000000
00000000
00000000
00000000
00000000
00000000
00000000
00000000
00000000
00000000
00000000
00000000
00000000
00000000
00000000
00000000
00000000
00000000
00000000
00000000
00000000
00000000
00000000
00000000
00000000
00000000
00000000
00000000
00000000
00000000
00000000
00000000
00000000
00000000
00000000
00000000
00000000
00000000
00000000
00000000
00000000
00000000
00000000
00000000
00000000
00000000
00000000
00000000
00000000
00000000
00000000
00000000
00000000
00000000
00000000
00000000
00000000
00000000
00000000
00000000
00000000
00000000
00000000
00000000
00000000
00000000
00000000
00000000
00000000
00000000
00000000
00000000
00000000
00000000
00000000
00000000
00000000
00000000
00000000
00000000
00000000
00000000
00000000
00000000
00000000
00000000
00000000
00000000
00000000
00000000
00000000
00000000
00000000
00000000
00000000
00000000
00000000
00000000
00000000
00000000
00000000
00000000
00000000
00000000
00000000
00000000
00000000
00000000
00000000
00000000
00000000
00000000
00000000
00000000
00000000
00000000
00000000
00000000
00000000
00000000
00000000
00000000
00000000
00000000
00000000
00000000
00000000
00000000
00000000
00000000
00000000
00000000
00000000
00000000
00000000
00000000
00000000
00000000
00000000
00000000
00000000
00000000
00000000
00000000
00000000
00000000
00000000
00000000
00000000
00000000
00000000
00000000
00000000
00000000
00000000
00000000
00000000
00000000
00000000
00000000
00000000
00000000
00000000
00000000
00000000
00000000
00000000
00000000
00000000
00000000
00000000
00000000
00000000
00000000
00000000
00000000
00000000
00000000
00000000
00000000
00000000
00000000
00000000
00000000
00000000
00000000
00000000
00000000
00000000
00000000
00000000
00000000
00000000
00000000
00000000
00000000
00000000
00000000
00000000
00000000
00000000
00000000
00000000
00000000
00000000
00000000
00000000
00000000
00000000
00000000
00000000
00000000
00000000
00000000
00000000
00000000
00000000
00000000
00000000
00000000
00000000
00000000
00000000
00000000
00000000
00000000
00000000
00000000
00000000
00000000
00000000
00000000
00000000
00000000
00000000
00000000
00000000
00000000
00000000
00000000
00000000
00000000
00000000
00000000
00000000
00000000
00000000
00000000
00000000
00000000
00000000
00000000
00000000
00000000
00000000
00000000
00000000
00000000
00000000
00000000
00000000
00000000
00000000
00000000
00000000
00000000
00000000
00000000
00000000
00000000
00000000
00000000
00000000
00000000
00000000
00000000
00000000
00000000
00000000
00000000
00000000
00000000
00000000
00000000
00000000
00000000
00000000
00000000
00000000
00000000
00000000
00000000
00000000
00000000
00000000
00000000
00000000
00000000
00000000
00000000
00000000
00000000
00000000
00000000
00000000
00000000
00000000
00000000
00000000
00000000
00000000
00000000
00000000
00000000
00000000
00000000
00000000
00000000
00000000
00000000
00000000
00000000
00000000
00000000
00000000
00000000
00000000
00000000
00000000
00000000
00000000
00000000
00000000
00000000
00000000
00000000
00000000
00000000
00000000
00000000
00000000
00000000
00000000
00000000
00000000
00000000
00000000
00000000
00000000
00000000
00000000
00000000
00000000
00000000
00000000
00000000
00000000
00000000
00000000
00000000
00000000
00000000
00000000
00000000
00000000
00000000
00000000
00000000
00000000
00000000
00000000
00000000
00000000
00000000
00000000
00000000
00000000
00000000
00000000
00000000
00000000
00000000
00000000
00000000
00000000
00000000
00000000
00000000
00000000
00000000
00000000
00000000
00000000
00000000
00000000
00000000
00000000
00000000
00000000
00000000
00000000
00000000
00000000
00000000
00000000
00000000
00000000
00000000
00000000
00000000
00000000
00000000
00000000
00000000
00000000
00000000
00000000
00000000
00000000
00000000
00000000
00000000
00000000
00000000
00000000
00000000
00000000
00000000
00000000
00000000
00000000
00000000
00000000
00000000
00000000
00000000
00000000
00000000
00000000
00000000
00000000
00000000
00000000
00000000
00000000
00000000
00000000
00000000
00000000
00000000
00000000
00000000
00000000
00000000
00000000
00000000
00000000
00000000
00000000
00000000
00000000
00000000
00000000
00000000
00000000
00000000
00000000
00000000
00000000
00000000
00000000
00000000
00000000
00000000
00000000
00000000
00000000
00000000
00000000
00000000
00000000
00000000
00000000
00000000
00000000
00000000
00000000
00000000
00000000
00000000
00000000
00000000
00000000
00000000
00000000
00000000
00000000
00000000
00000000
00000000
00000000
00000000
00000000
00000000
00000000
00000000
00000000
00000000
00000000
00000000
00000000
00000000
00000000
00000000
00000000
00000000
00000000
00000000
00000000
00000000
00000000
00000000
00000000
00000000
00000000
00000000
00000000
00000000
00000000
00000000
00000000
00000000
00000000
00000000
00000000
00000000
00000000
00000000
00000000
00000000
00000000
00000000
00000000
00000000
00000000
00000000
00000000
00000000
00000000
00000000
00000000
00000000
00000000
00000000
00000000
00000000
00000000
00000000
00000000
00000000
00000000
00000000
00000000
00000000
00000000
00000000
00000000
00000000
00000000
00000000
00000000
00000000
00000000
00000000
00000000
00000000
00000000
00000000
00000000
00000000
00000000
00000000
00000000
00000000
00000000
00000000
00000000
00000000
00000000
00000000
00000000
00000000
00000000
00000000
00000000
00000000
00000000
00000000
00000000
00000000
00000000
00000000
00000000
00000000
00000000
00000000
00000000
00000000
00000000
00000000
00000000
00000000
00000000
00000000
00000000
00000000
00000000
00000000
00000000
00000000
00000000
00000000
00000000
00000000
00000000
00000000
00000000
00000000
00000000
00000000
00000000
00000000
00000000
00000000
00000000
00000000
00000000
00000000
00000000
00000000
00000000
00000000
00000000
00000000
00000000
00000000
00000000
00000000
00000000
00000000
00000000
00000000
00000000
00000000
00000000
00000000
00000000
00000000
00000000
00000000
00000000
00000000
00000000
00000000
00000000
00000000
00000000
00000000
00000000
00000000
00000000
00000000
00000000
00000000
00000000
00000000
00000000
00000000
00000000
00000000
00000000
00000000
00000000
00000000
00000000
00000000
00000000
00000000
00000000
00000000
00000000
00000000
00000000
00000000
00000000
00000000
00000000
00000000
00000000
00000000
00000000
00000000
00000000
00000000
00000000
00000000
00000000
00000000
00000000
00000000
00000000
00000000
00000000
00000000
00000000
00000000
00000000
00000000
00000000
00000000
00000000
00000000
00000000
00000000
00000000
00000000
00000000
00000000
00000000
00000000
00000000
00000000
00000000
00000000
00000000
00000000
00000000
00000000
00000000
00000000
00000000
00000000
00000000
00000000
00000000
00000000
00000000
00000000
00000000
00000000
00000000
00000000
00000000
00000000
00000000
00000000
00000000
00000000
00000000
00000000
00000000
00000000
00000000
00000000
00000000
00000000
00000000
00000000
00000000
00000000
00000000
00000000
00000000
00000000
00000000
00000000
00000000
00000000
00000000
00000000
00000000
00000000
00000000
00000000
00000000
00000000
00000000
00000000
00000000
00000000
00000000
00000000
00000000
00000000
00000000
00000000
00000000
00000000
00000000
00000000
00000000
00000000
00000000
00000000
00000000
00000000
00000000
00000000
00000000
00000000
00000000
00000000
00000000
00000000
00000000
00000000
00000000
00000000
00000000
00000000
00000000
00000000
00000000
00000000
00000000
00000000
00000000
00000000
00000000
00000000
00000000
00000000
00000000
00000000
00000000
00000000
00000000
00000000
00000000
00000000
00000000
00000000
00000000
00000000
00000000
00000000
00000000
00000000
00000000
00000000
00000000
00000000
00000000
00000000
00000000
00000000
00000000
00000000
00000000
00000000
00000000
00000000
00000000
00000000
00000000
00000000
00000000
00000000
00000000
00000000
00000000
00000000
00000000
00000000
00000000
00000000
00000000
00000000
00000000
00000000
00000000
00000000
00000000
00000000
00000000
00000000
00000000
00000000
00000000
00000000
00000000
00000000
00000000
00000000
00000000
00000000
00000000
00000000
00000000
00000000
00000000
00000000
00000000
00000000
00000000
00000000
00000000
00000000
00000000
00000000
00000000
00000000
00000000
00000000
00000000
00000000
00000000
00000000
00000000
00000000
00000000
00000000
00000000
00000000
00000000
00000000
00000000
00000000
00000000
00000000
00000000
00000000
00000000
00000000
00000000
00000000
00000000
00000000
00000000
00000000
00000000
00000000
00000000
00000000
00000000
00000000
00000000
00000000
00000000
00000000
00000000
00000000
00000000
00000000
00000000
00000000
00000000
00000000
00000000
00000000
00000000
00000000
00000000
00000000
00000000
00000000
00000000
00000000
00000000
00000000
00000000
00000000
00000000
00000000
00000000
00000000
00000000
00000000
00000000
00000000
00000000
00000000
00000000
00000000
00000000
00000000
00000000
00000000
00000000
00000000
00000000
00000000
00000000
00000000
00000000
00000000
00000000
00000000
00000000
00000000
00000000
00000000
00000000
00000000
00000000
00000000
00000000
00000000
00000000
00000000
00000000
00000000
00000000
00000000
00000000
00000000
00000000
00000000
00000000
00000000
00000000
00000000
00000000
00000000
00000000
00000000
00000000
00000000
00000000
00000000
00000000
00000000
00000000
00000000
00000000
00000000
00000000
00000000
00000000
00000000
00000000
00000000
00000000
00000000
00000000
00000000
00000000
00000000
00000000
00000000
00000000
00000000
00000000
00000000
00000000
00000000
00000000
00000000
00000000
00000000
00000000
00000000
00000000
00000000
00000000
00000000
00000000
00000000
00000000
00000000
00000000
00000000
00000000
00000000
00000000
00000000
00000000
00000000
00000000
00000000
00000000
00000000
00000000
00000000
00000000
00000000
00000000
00000000
00000000
00000000
00000000
00000000
00000000
00000000
00000000
00000000
00000000
00000000
00000000
00000000
00000000
00000000
00000000
00000000
00000000
00000000
00000000
00000000
00000000
00000000
00000000
00000000
00000000
00000000
00000000
00000000
00000000
00000000
00000000
00000000
00000000
00000000
00000000
00000000
00000000
00000000
00000000
00000000
00000000
00000000
00000000
00000000
00000000
00000000
00000000
00000000
00000000
00000000
00000000
00000000
00000000
00000000
00000000
00000000
00000000
00000000
00000000
00000000
00000000
00000000
00000000
00000000
00000000
00000000
00000000
00000000
00000000
00000000
00000000
00000000
00000000
00000000
00000000
00000000
00000000
00000000
00000000
00000000
00000000
00000000
00000000
00000000
00000000
00000000
00000000
00000000
00000000
00000000
00000000
00000000
00000000
00000000
00000000
00000000
00000000
00000000
00000000
00000000
00000000
00000000
00000000
00000000
00000000
00000000
00000000
00000000
00000000
00000000
00000000
00000000
00000000
00000000
00000000
00000000
00000000
00000000
00000000
00000000
00000000
00000000
00000000
00000000
00000000
00000000
00000000
00000000
00000000
00000000
00000000
00000000
00000000
00000000
00000000
00000000
00000000
00000000
00000000
00000000
00000000
00000000
00000000
00000000
00000000
00000000
00000000
00000000
00000000
00000000
00000000
00000000
00000000
00000000
00000000
00000000
00000000
00000000
00000000
00000000
00000000
00000000
00000000
00000000
00000000
00000000
00000000
00000000
00000000
00000000
00000000
00000000
00000000
00000000
00000000
00000000
00000000
00000000
00000000
00000000
00000000
00000000
00000000
00000000
00000000
00000000
00000000
00000000
00000000
00000000
00000000
00000000
00000000
00000000
00000000
00000000
00000000
00000000
00000000
00000000
00000000
00000000
00000000
00000000
00000000
00000000
00000000
00000000
00000000
00000000
00000000
00000000
00000000
00000000
00000000
00000000
00000000
00000000
00000000
00000000
00000000
00000000
00000000
00000000
00000000
00000000
00000000
00000000
00000000
00000000
00000000
00000000
00000000
00000000
00000000
00000000
00000000
00000000
00000000
00000000
00000000
00000000
00000000
00000000
00000000
00000000
00000000
00000000
00000000
00000000
00000000
00000000
00000000
00000000
00000000
00000000
00000000
00000000
00000000
00000000
00000000
00000000
00000000
00000000
00000000
00000000
00000000
00000000
00000000
00000000
00000000
00000000
00000000
00000000
00000000
00000000
00000000
00000000
00000000
00000000
00000000
00000000
00000000
00000000
00000000
00000000
00000000
00000000
00000000
00000000
00000000
00000000
00000000
00000000
00000000
00000000
00000000
00000000
00000000
00000000
00000000
00000000
00000000
00000000
00000000
00000000
00000000
00000000
00000000
00000000
00000000
00000000
00000000
00000000
00000000
00000000
00000000
00000000
00000000
00000000
00000000
00000000
00000000
00000000
00000000
00000000
00000000
00000000
00000000
00000000
00000000
00000000
00000000
00000000
00000000
00000000
00000000
00000000
00000000
00000000
00000000
00000000
00000000
00000000
00000000
00000000
00000000
00000000
00000000
00000000
00000000
00000000
00000000
00000000
00000000
00000000
00000000
00000000
00000000
00000000
00000000
00000000
00000000
00000000
00000000
00000000
00000000
00000000
00000000
00000000
00000000
00000000
00000000
00000000
00000000
00000000
00000000
00000000
00000000
00000000
00000000
00000000
00000000
00000000
00000000
00000000
00000000
00000000
00000000
00000000
00000000
00000000
00000000
00000000
00000000
00000000
00000000
00000000
00000000
00000000
00000000
00000000
00000000
00000000
00000000
00000000
00000000
00000000
00000000
00000000
00000000
00000000
00000000
00000000
00000000
00000000
00000000
00000000
00000000
00000000
00000000
00000000
00000000
00000000
00000000
00000000
00000000
00000000
00000000
00000000
00000000
00000000
00000000
00000000
00000000
00000000
00000000
00000000
00000000
00000000
00000000
00000000
00000000
00000000
00000000
00000000
00000000
00000000
00000000
00000000
00000000
00000000
00000000
00000000
00000000
00000000
00000000
00000000
00000000
00000000
00000000
00000000
00000000
00000000
00000000
00000000
00000000
00000000
00000000
00000000
00000000
00000000
00000000
00000000
00000000
00000000
00000000
00000000
00000000
00000000
00000000
00000000
00000000
00000000
00000000
00000000
00000000
00000000
00000000
00000000
00000000
00000000
00000000
00000000
00000000
00000000
00000000
00000000
00000000
00000000
00000000
00000000
00000000
00000000
00000000
00000000
00000000
00000000
00000000
00000000
00000000
00000000
00000000
00000000
00000000
00000000
00000000
00000000
00000000
00000000
00000000
00000000
00000000
00000000
00000000
00000000
00000000
00000000
00000000
00000000
00000000
00000000
00000000
00000000
00000000
00000000
00000000
00000000
00000000
00000000
00000000
00000000
00000000
00000000
00000000
00000000
00000000
00000000
00000000
00000000
00000000
00000000
00000000
00000000
00000000
00000000
00000000
00000000
00000000
00000000
00000000
00000000
00000000
00000000
00000000
00000000
00000000
00000000
00000000
00000000
00000000
00000000
00000000
00000000
00000000
00000000
00000000
00000000
00000000
00000000
00000000
00000000
00000000
00000000
00000000
00000000
00000000
00000000
00000000
00000000
00000000
00000000
00000000
00000000
00000000
00000000
00000000
00000000
00000000
00000000
00000000
00000000
00000000
00000000
00000000
00000000
00000000
00000000
00000000
00000000
00000000
00000000
00000000
00000000
00000000
00000000
00000000
00000000
00000000
00000000
00000000
00000000
00000000
00000000
00000000
00000000
00000000
00000000
00000000
00000000
00000000
00000000
00000000
00000000
00000000
00000000
00000000
00000000
00000000
00000000
00000000
00000000
00000000
00000000
00000000
00000000
00000000
00000000
00000000
00000000
00000000
00000000
00000000
00000000
00000000
00000000
00000000
00000000
00000000
00000000
00000000
00000000
00000000
00000000
00000000
00000000
00000000
00000000
00000000
00000000
00000000
00000000
00000000
00000000
00000000
00000000
00000000
00000000
00000000
00000000
00000000
00000000
00000000
00000000
00000000
00000000
00000000
00000000
00000000
00000000
00000000
00000000
00000000
00000000
00000000
00000000
00000000
00000000
00000000
00000000
00000000
00000000
00000000
00000000
00000000
00000000
00000000
00000000
00000000
00000000
00000000
00000000
00000000
00000000
00000000
00000000
00000000
00000000
00000000
00000000
00000000
00000000
00000000
00000000
00000000
00000000
00000000
00000000
00000000
00000000
00000000
00000000
00000000
00000000
00000000
00000000
00000000
00000000
00000000
00000000
00000000
00000000
00000000
00000000
00000000
00000000
00000000
00000000
00000000
00000000
00000000
00000000
00000000
00000000
00000000
00000000
00000000
00000000
00000000
00000000
00000000
00000000
00000000
00000000
00000000
00000000
00000000
00000000
00000000
00000000
00000000
00000000
00000000
00000000
00000000
00000000
00000000
00000000
00000000
00000000
00000000
00000000
00000000
00000000
00000000
00000000
00000000
00000000
00000000
00000000
00000000
00000000
00000000
00000000
00000000
00000000
00000000
00000000
00000000
00000000
00000000
00000000
00000000
00000000
00000000
00000000
00000000
00000000
00000000
00000000
00000000
00000000
00000000
00000000
00000000
00000000
00000000
00000000
00000000
00000000
00000000
00000000
00000000
00000000
00000000
00000000
00000000
00000000
00000000
00000000
00000000
00000000
00000000
00000000
00000000
00000000
00000000
00000000
00000000
00000000
00000000
00000000
00000000
00000000
00000000
00000000
00000000
00000000
00000000
00000000
00000000
00000000
00000000
00000000
00000000
00000000
00000000
00000000
00000000
00000000
00000000
00000000
00000000
00000000
00000000
00000000
00000000
00000000
00000000
00000000
00000000
00000000
00000000
00000000
00000000
00000000
00000000
00000000
00000000
00000000
00000000
00000000
00000000
00000000
00000000
00000000
00000000
00000000
00000000
00000000
00000000
00000000
00000000
00000000
00000000
00000000
00000000
00000000
00000000
00000000
00000000
00000000
00000000
00000000
00000000
00000000
00000000
00000000
00000000
00000000
00000000
00000000
00000000
00000000
00000000
00000000
00000000
00000000
00000000
00000000
00000000
00000000
00000000
00000000
00000000
00000000
00000000
00000000
00000000
00000000
00000000
00000000
00000000
00000000
00000000
00000000
00000000
00000000
00000000
00000000
00000000
00000000
00000000
00000000
00000000
00000000
00000000
00000000
00000000
00000000
00000000
00000000
00000000
00000000
00000000
00000000
00000000
00000000
00000000
00000000
00000000
00000000
00000000
00000000
00000000
00000000
00000000
00000000
00000000
00000000
00000000
00000000
00000000
00000000
00000000
00000000
00000000
00000000
00000000
00000000
00000000
00000000
00000000
00000000
00000000
00000000
00000000
00000000
00000000
00000000
00000000
00000000
00000000
00000000
00000000
00000000
00000000
00000000
00000000
00000000
00000000
00000000
00000000
00000000
00000000
00000000
00000000
00000000
00000000
00000000
00000000
00000000
00000000
00000000
00000000
00000000
00000000
00000000
00000000
00000000
00000000
00000000
00000000
00000000
00000000
00000000
00000000
00000000
00000000
00000000
00000000
00000000
00000000
00000000
00000000
00000000
00000000
00000000
00000000
00000000
00000000
00000000
00000000
00000000
00000000
00000000
00000000
00000000
00000000
00000000
00000000
00000000
00000000
00000000
00000000
00000000
00000000
00000000
00000000
00000000
00000000
00000000
00000000
00000000
00000000
00000000
00000000
00000000
00000000
00000000
00000000
00000000
00000000
00000000
00000000
00000000
00000000
00000000
00000000
00000000
00000000
00000000
00000000
00000000
00000000
00000000
00000000
00000000
00000000
00000000
00000000
00000000
00000000
00000000
00000000
00000000
00000000
00000000
00000000
00000000
00000000
00000000
00000000
00000000
00000000
00000000
00000000
00000000
00000000
00000000
00000000
00000000
00000000
00000000
00000000
00000000
00000000
00000000
00000000
00000000
00000000
00000000
00000000
00000000
00000000
00000000
00000000
00000000
00000000
00000000
00000000
00000000
00000000
00000000
00000000
00000000
00000000
00000000
00000000
00000000
00000000
00000000
00000000
00000000
00000000
00000000
00000000
00000000
00000000
00000000
00000000
00000000
00000000
00000000
00000000
00000000
00000000
00000000
00000000
00000000
00000000
00000000
00000000
00000000
00000000
00000000
00000000
00000000
00000000
00000000
00000000
00000000
00000000
00000000
00000000
00000000
00000000
00000000
00000000
00000000
00000000
00000000
00000000
00000000
00000000
00000000
00000000
00000000
00000000
00000000
00000000
00000000
00000000
00000000
00000000
00000000
00000000
00000000
00000000
00000000
00000000
00000000
00000000
00000000
00000000
00000000
00000000
00000000
00000000
00000000
00000000
00000000
00000000
00000000
00000000
00000000
00000000
00000000
00000000
00000000
00000000
00000000
00000000
00000000
00000000
00000000
00000000
00000000
00000000
00000000
00000000
00000000
00000000
00000000
00000000
00000000
00000000
00000000
00000000
00000000
00000000
00000000
00000000
00000000
00000000
00000000
00000000
00000000
00000000
00000000
00000000
00000000
00000000
00000000
00000000
00000000
00000000
00000000
fffffd17
ffffff0e
000004de
ffffffcc
fffffd78
0000011d
0000028d
ffffff19
fffff8f9
fffffd75
fffffd17
0000031b
ffffff2b
0000023a
0000023d
00000090
fffffe00
ffffff80
00000207
00000183
ffffff24
fffffc99
000000dd
fffffdcd
00000109
fffff67b
00000226
fffffd2f
ffffff0a
ffffff07
000001da
0000010e
ffffff8e
fffffed7
000000d5
00000300
fffffed6
fffffff9
000001a7
0000011a
fffffaec
000000db
fffffe9d
0000048e
00000282
fffffb94
fffffefb
00000015
fffffce9
fffff6dd
0000008c
00000167
00000269
0000013b
0000005f
ffffffc6
fffffe20
0000004b
fffffddc
fffffdfd
fffffbe8
ffffffb9
00000024
ffffff0a
ffffff42
00000084
ffffff9e
00000039
fffffe74
fffff98f
000001db
000004a1
fffffdde
fffffec4
ffffff94
000001a7
00000005
00000449
fffffea0
fffffee2
ffffff8b
000003f4
0000004a
ffffff9f
fffffdca
ffffffcb
ffffffe7
0000063b
ffffffcc
fffffeef
00000078
00000174
fffff90b
00000050
0000002c
ffffffd7
ffffff8d
ffffff6b
00000106
fffffeea
fffffed0
fffff97c
fffffec1
00000169
00000243
00000419
ffffffde
000006f8
00000021
00000233
ffffffb1
000000a5
fffffe5d
ffffff6c
fffff5d6
000000af
0000027e
000001b5
0000017c
ffffffbb
00000220
00000028
0000005f
00000025
000003d3
00000254
fffffe14
ffffff30
ffffffb5
000002d4
00000146
ffffface
0000009d
ffffff42
000000e5
00000327
fffffdbd
fffffdb8
00000072
fffffcda
ffffea20
ffffffb3
fffffdc2
000001b9
00000017
fffffff7
ffffffc2
00000036
ffffffd8
fffffe8a
000002cf
00000091
ffffff7d
00000176
fffffd29
fffff962
fffffffd
00000077
fffffb6c
fffffc85
0000013c
0000008d
ffffff31
fffffea0
fffffff9
00000156
00000428
000002d2
00000002
fffffbd5
000001ba
ffffff8c
ffffffe3
ffffffe5
ffffef09
ffffffc0
ffffffa6
00000081
ffffffe7
ffffff5f
000000c8
ffffff58
00000122
ffffffd1
00000000
ffffffe2
fffffe9a
ffffff87
0000000d
00000004
ffffff40
ffffff36
0000020d
fffffdf6
000001e8
00000057
ffffff07
fffffed6
fffffdf4
00000012
ffffffeb
000000e1
fffffda6
ffffff2c
ffffffaf
fffffc41
fffffe12
fffffe8b
00000198
00000003
fffffe10
000002ef
fffffeea
00000010
ffffffd5
0000014e
0000005c
00000074
ffffff86
ffffff6b
00000025
fffffe38
00000031
000000cf
ffffff02
fffffdf8
fffffd32
00000165
fffffe66
fffffffc
000002ed
0000036e
000005e0
0000005d
fffffdee
fffffd4a
ffffff33
ffffffe0
00000572
0000027f
fffffee3
ffffff79
fffffe56
00000038
000000f1
0000014f
ffffff25
fffffebc
ffffff9d
0000001d
ffffff99
fffff640
00000065
0000017a
fffffec6
ffffffa3
fffffdc7
ffffff5a
00000043
00000030
00000057
00000069
000001f3
00000137
00000040
fffffe57
000001ed
fffffda1
00000061
ffffffa2
000001eb
fffffe84
0000012e
0000022f
ffffffe9
ffffff15
00000360
ffffffd0
00000007
0000064d
ffffffe9
ffffff88
0000000d
00000050
ffffffdc
ffffff62
00000197
00000096
00000021
0000012b
ffffffd9
ffffff75
fffffdde
0000018c
ffffff57
ffffff84
ffffffe6
000000af
fffffe96
ffffff2f
000000d9
fffff521
000002b3
000000a3
0000015d
fffffca7
00000042
fffffe59
00000023
ffffff4d
ffffff54
00000028
ffffffe9
00000293
fffffe90
000000f2
00000074
fffffe70
0000016a
fffffff9
fffffe9d
00000008
0000037e
0000019d
fffffec1
000000a9
fffffe38
ffffffd7
ffffff53
0000016f
0000002e
00000099
fffffdaa
ffffff5a
000001a4
00000047
00000296
fffffed7
000000b5
ffffffab
ffffff27
fffffff8
00000037
00000090
ffffffd7
00000032
00000008
ffffff1e
0000059b
fffffec5
fffffef1
00000012
fffff2a6
00000079
fffffe2a
fffffecc
00000011
0000004f
0000032a
00000020
fffffe98
fffffe77
000001d9
fffffe5a
fffffff3
000000fe
fffffc69
000000eb
0000013b
ffffffa9
00000183
fffffd8b
ffffffb4
0000045a
000001dd
ffffff94
00000049
ffffff4e
ffffff9f
0000016e
ffffffa7
00000c04
fffffe25
fffffff5
000002b1
ffffff33
00000131
fffffe4f
0000008c
ffffffa6
0000008d
fffffe7b
00000497
ffffff20
000003a6
000000d9
fffffff2
0000006e
0000001f
0000001b
00000010
ffffff0f
ffffffb0
000000ba
000000d1
00000433
00000009
00000107
00000096
ffffffa3
fffffe8a
fffffea9
fffffea9
00000003
fffffe64
fffff979
fffffe56
ffffff37
ffffff86
fffffff1
00000010
ffffff4d
ffffff6e
0000001e
000000da
fffff864
ffffff5b
fffffdfd
fffffd62
ffffffe6
ffffff23
000001cd
00000100
0000054d
0000020b
fffff368
fffffee6
0000007f
000000cd
fffffd04
ffffffa9
000000e2
fffffed2
00000072
00000035
000002bc
ffffff85
000002fa
000000f2
fffffe1f
ffffffd0
000000f7
ffffff2a
fffffc46
ffffff47
fffffffc
fffffd45
ffffffa1
fffffff5
fffffffd
ffffffe8
fffffeb0
fffffee6
0000005b
00000104
ffffffa5
ffffff94
0000001f
fffffd68
fffff5f7
0000003d
000000cc
fffffd51
fffffe15
0000012e
ffffff85
0000005a
000001ea
fffffed1
00000210
0000000d
fffffc71
fffffde7
000001c3
fffffefb
00000014
fffffd42
00000172
000001ed
fffffee9
000000f5
fffffe07
fffffd53
fffffe9e
00000057
fffffe0e
00000144
0000018b
000000bc
fffffed5
ffffffe6
0000014d
ffffffff
00000082
0000017e
ffffff16
fffffcbd
ffffff38
0000006f
ffffffa1
fffffffc
00000024
fffffff7
fffffe48
ffffffdf
00000240
ffffffa8
fffffedc
00000014
fffffe9d
0000016e
00000312
ffffffe3
000000eb
00000049
00000042
fffffeee
ffffffe3
0000000a
ffffffe0
000000c4
0000003d
00000011
fffffef5
fffffded
00000091
000001de
fffffff3
000000ac
fffffff9
00000122
00000000
ffffff97
fffffd6f
00000160
ffffff66
0000085b
00000063
ffffff6c
fffffdb8
0000000c
fffffe82
00000260
ffffffc3
ffffff62
00000017
00000097
ffffff62
ffffff10
fffffd8e
fffffea3
ffffff8c
fffffc94
000001ae
ffffff83
ffffff4b
00000033
00000021
000003e0
000001c3
0000016c
fffffe40
000000a7
00000110
00000187
00000000
fffffef1
000003f2
fffffffd
ffffff8a
fffffb98
fffffdb2
fffffe23
fffffffb
0000007a
0000013e
ffffff01
ffffff8c
000000f3
ffffff50
ffffffc2
ffffffee
000000ea
ffffffff
0000001f
ffffff50
0000000e
fffffee6
ffffffec
ffffffd1
000000bc
0000012e
00000059
fffffe5f
00000035
0000018c
00000055
000000ae
000000e8
00000028
ffffff8c
ffffffa1
ffffffc8
ffffffd2
00000053
0000006b
00000019
fffffe9b
00000224
00000046
fffffdbb
000001f9
fffffe5a
00000064
0000003d
000000a4
ffffffcd
00000192
0000004a
ffffffcb
00000175
000001fd
00000045
00000102
0000066e
fffffe5a
00000098
fffffefa
0000016a
ffffff7c
ffffffed
00000447
000001b7
ffffffa8
000007c1
000000dc
fffffffe
000005be
00000004
000000f0
000001d5
fffffd55
fffffedc
ffffffd4
00000039
000000f4
ffffff3c
fffffee4
fffffdad
0000000e
00000062
0000025e
00000251
000000fd
00000041
fffffffc
0000000c
ffffffe7
fffffe93
00000033
000000c8
00000012
fffffcf5
fffffe54
00000012
0000016c
0000009f
fffffffb
000005ed
fffffff5
000000ee
fffffee5
fffffd77
ffffff79
000002c9
ffffffe5
00000220
ffffff97
ffffff89
fffffc67
00000371
ffffffe3
000000c3
fffffd48
fffffdf0
0000025d
00000324
0000009b
00000027
fffff91e
ffffff69
0000002f
ffffff33
00000010
fffffee7
ffffff27
ffffff70
fffffd3f
ffffff68
ffffffe4
fffffce7
fffffcfe
fffffffa
000007a8
0000012d
fffffe97
000002a3
ffffffb5
fffffe5b
000002d2
ffffff8e
0000006f
000000ed
0000002b
ffffff36
00000034
00000016
fffffedd
00000004
00000003
ffffffde
ffffffb5
0000017b
00000150
00000000
0000008b
000001f9
000000b0
fffffeab
ffffffeb
fffffaa1
000000a1
00000645
00000076
00000022
00000014
fffffeba
0000002d
ffffffbf
00000688
00000094
fffffc0a
000001a1
000000a3
00000186
ffffff9b
fffffd07
fffffeab
fffffeb5
ffffff57
0000008f
ffffff4f
00000039
00000970
ffffffaf
00000056
fffffff8
0000013e
ffffff17
ffffffcc
00000059
ffffffc9
ffffff7f
fffffee3
ffffff11
00000000
fffffff0
ffffff80
0000004b
fffffdef
ffffffd7
00000065
fffffd09
ffffffd4
000000ad
fffffe5c
fffffe6d
0000014f
ffffff11
0000023d
00000013
fffffec9
ffffff8f
00000031
000000cf
ffffff7e
000001f6
fffffd88
ffffff84
0000004d
ffffff34
ffffffab
ffffff5f
00000065
00000010
000001e2
00000090
ffffffd4
0000002f
ffffff68
ffffff51
00000132
0000013f
fffffe62
ffffff3e
fffffd86
ffffffe2
00000024
00000089
fffffe6a
ffffffa4
ffffffe8
fffffeaa
ffffffd6
fffffee3
fffffe83
fffffe0e
ffffff85
00000010
0000002b
ffffffda
000000be
00000152
fffffe7d
00000029
fffffd33
ffffffbc
0000012b
fffffffa
ffffffba
00000116
fffffdae
000001c1
000000fa
ffffffe8
ffffffc7
fffffffa
00000004
ffffffc0
00000041
000002bc
fffffcfc
00000040
fffffbdf
fffffff3
ffffff15
000001af
ffffff07
fffffffd
fffffee4
00000003
fffffe25
00000005
0000001f
00000094
000000c4
ffffffdb
00000369
fffffebe
fffffc31
ffffffb5
000001be
00000027
fffffffb
fffffffc
00000105
fffffff8
ffffff7c
fffffe41
00000031
000000e7
00000017
000001c8
fffffe3a
fffffe09
0000001f
fffffe7c
ffffffa7
000003eb
00000246
000000d9
ffffffdf
ffffffe3
00000130
0000020b
ffffff1b
000003fc
fffffff2
fffffd71
ffffffcf
000000b1
ffffff9f
fffffe3a
0000000a
ffffffbe
000000d5
ffffff8e
000001f0
fffffcad
ffffff2c
ffffffaf
ffffffab
0000009c
ffffffdf
0000000a
ffffff6c
00000004
fffffd0d
000001d6
00000057
fffffda9
fffffd92
00000016
00000061
ffffffeb
fffffc93
0000001a
fffffff5
fffffff5
fffffff6
fffffff5
00000157
ffffffd6
00000197
fffffddc
fffffead
fffffd73
00000056
000000a5
0000009d
fffffff3
fffffe31
fffffdb6
ffffffdb
00000042
fffffffb
0000001a
0000014a
00000020
ffffffa6
00000017
fffff6e3
00000010
00000015
ffffff6c
0000003f
000000fa
fffffdd5
fffffece
ffffffb6
ffffffe9
ffffff9a
fffffea5
ffffff68
fffffdf4
fffffffe
ffffff59
fffffd0a
00000005
0000008c
ffffffbe
fffffe4e
00000111
00000081
0000013b
fffffe15
000002b1
fffffd2e
ffffffb6
00000619
000001f0
00000179
0000026b
00000001
fffffdf7
00000153
ffffff9f
fffffe36
ffffffb7
000000d4
00000015
fffffea9
fffffecc
ffffff5b
00000083
00000003
fffffc68
00000084
00000266
ffffffe7
0000011c
000000ee
ffffffa8
ffffffda
00000057
fffffe04
00000038
00000065
ffffffba
0000000b
000000ee
00000013
ffffff6c
fffffc92
fffffff4
ffffffa0
ffffffdf
00000093
fffffff3
000000e2
ffffff7b
00000043
00000084
00000209
00000023
ffffff7d
00000147
00000024
ffffffcc
ffffff6e
ffffffc0
000000af
0000001f
fffffffc
ffffff96
000002d4
00000068
00000059
fffffebb
00000035
ffffff6e
fffffdc9
ffffffb3
00000089
000002d6
00000008
00000065
00000178
fffffd9f
fffffd7f
ffffffd2
ffffff6c
ffffffab
000002f3
0000007a
fffffa7a
00000107
fffffc37
ffffffdd
00000661
0000000f
ffffffe7
000000fb
fffffebf
0000005c
00000098
00000061
000000b0
fffffed7
fffffffc
ffffffff
ffffff12
ffffff45
0000038a
fffffff6
0000007c
00000047
00000029
ffffff4d
00000074
fffffff7
fffffede
ffffff17
00000002
000000dc
00000112
0000019c
fffffeb2
fffff5fe
00000038
00000018
00000001
fffffe61
ffffffa5
fffffde0
00000022
0000008c
00000265
0000001e
fffffe7a
00000013
000000dd
ffffff59
fffffffd
00000110
fffffffd
fffffba5
ffffff79
fffff89c
ffffffdd
000001e8
ffffff37
ffffffe3
ffffff6f
0000021b
00000067
0000029d
ffffff8b
00000017
0000002e
ffffffaa
0000020d
000000f2
ffffffe4
0000004a
ffffffb3
fffffc75
ffffff2c
ffffff47
ffffff5f
000001cd
00000195
00000071
ffffff48
ffffff0d
ffffff29
00000009
ffffff4d
00000046
fffffc1d
00000099
00000252
fffffed3
00000069
fffffd0f
fffffe8c
fffffe1e
0000002d
0000001d
ffffffcc
0000008c
000000db
fffffec4
0000003e
ffffff13
000002d2
00000058
00000260
ffffff75
fffffd22
fffffee1
00000040
00000143
ffffffc8
000000fd
0000002c
0000005d
00000011
ffffffef
fffffeb2
ffffffd9
000000d0
00000005
ffffff44
00000034
ffffff6e
000000cf
ffffffd3
0000003c
00000172
00000043
fffffeac
00000044
ffffff2c
0000004b
00000088
00000034
000000bd
00000002
000000df
00000068
00000248
00000161
0000024e
00000198
ffffff84
00000138
ffffffec
ffffff42
fffffff8
ffffffcb
fffffe4f
000000f5
fffffea8
0000001a
0000001a
000000c1
000006f1
0000005a
fffffffa
ffffffca
00000001
ffffff49
00000003
fffffe2d
ffffffeb
ffffff08
ffffff0f
0000007e
fffffe82
fffffef8
fffffeb1
ffffff0c
ffffff0b
00000138
00000037
00000092
0000003a
0000003d
00000108
fffffe6b
ffffff9c
00000021
00000038
ffffffb2
0000000e
ffffff3f
00000115
00000048
00000082
00000127
fffffcff
00000021
fffffff5
00000082
ffffffe3
000000e8
0000013a
fffffefc
fffffe90
000000c4
ffffff6e
fffffe9b
000000a2
0000014f
0000000a
00000103
00000166
0000003f
ffffff4a
ffffff90
000001b5
00000022
fffffe7a
0000000c
0000000b
fffffff2
ffffffbc
fffffe5e
000000b3
000000b2
ffffff76
00000003
000003d0
ffffffc1
ffffff68
fffffe8b
000000aa
0000004f
fffffff7
0000002a
fffffd12
ffffffdb
00000013
00000042
00000082
00000021
ffffff79
ffffffa4
00000159
000001dd
0000002a
00000081
ffffff4f
00000115
00000000
00000153
0000013e
fffffed1
ffffff9c
000000fe
ffffffc7
ffffffdc
00000066
fffffffe
00000054
fffffeda
0000017b
000000d0
ffffff08
fffffdbb
fffffa20
00000030
fffffeb4
fffffddd
00000016
000002fc
000000ca
000000ca
0000011b
ffffffb0
ffffff4c
00000307
fffffec0
ffffff0f
ffffffb8
ffffff71
0000002f
00000014
00000069
00000197
ffffff38
00000011
00000048
ffffffa9
000001ce
ffffff13
00000008
ffffff62
fffffffb
00000119
00000070
fffffd16
00000186
ffffff77
00000012
00000135
000001b0
0000001e
000000ae
ffffffec
ffffff95
ffffff43
ffffffba
ffffffbc
fffffffb
ffffff2f
fffffff3
ffffff6b
0000004d
fffffe01
fffffff3
ffffffd0
0000021c
ffffff9f
ffffffd4
ffffff78
00000015
00000044
ffffff89
00000014
00000231
ffffffeb
ffffffb7
00000019
00000002
ffffff86
0000000a
00000141
fffffff5
ffffffaf
00000278
0000008d
ffffffdc
ffffffbb
0000008d
fffffffb
0000000f
ffffffbe
00000039
0000001b
ffffffef
00000097
00000159
0000012f
ffffff4c
000001ed
ffffffce
00000218
0000000b
fffffec2
fffffee7
ffffff2f
ffffff6d
0000002c
fffffde9
fffffff3
00000078
00000007
fffffe71
ffffffa8
00000006
ffffff61
ffffffa7
fffffdc4
00000019
0000004a
000000d6
fffffd8b
00000005
00000049
ffffff8d
ffffffd7
00000073
fffffff9
ffffff5d
ffffff14
ffffff5a
fffffffb
000000bd
ffffff72
fffffff3
ffffffb5
fffffeb6
0000004a
000000a0
ffffffe9
000002ac
ffffff4e
ffffffdb
fffffe4c
fffffe37
ffffff73
0000000b
00000036
00000072
ffffffdd
000000d0
ffffff5f
ffffffdd
ffffffe9
00000064
0000009e
00000020
fffffd42
ffffffda
00000014
0000010e
ffffffce
0000000b
000000a2
fffffdcd
ffffffd5
00000025
fffffc7e
fffffec2
ffffffa9
ffffffeb
fffffe49
ffffff2c
fffffed9
00000027
0000002e
00000017
ffffff9e
0000008e
ffffffef
00000087
ffffffbb
0000006f
ffffffee
ffffffb3
0000011e
ffffff0c
ffffff05
ffffff5e
ffffffee
ffffffe3
00000499
00000027
00000028
0000013b
0000007a
ffffffb9
00000183
fffffff3
ffffff3d
ffffff78
ffffffea
00000107
fffffe38
000000a4
00000028
fffffd9d
0000002a
000000a5
fffffdfa
00000065
ffffff08
00000135
000000a8
ffffff3d
fffffff9
fffffff3
000000b9
ffffff9e
00000012
00000003
00000297
fffffff8
ffffffec
000000b3
0000000b
0000004f
ffffff18
fffffee6
fffffed0
00000044
00000039
ffffffca
000000df
00000032
00000050
ffffff95
00000116
000001ca
fffffff3
fffffffc
ffffffba
00000000
ffffffdb
fffffed3
0000026a
ffffff6b
ffffffb4
000000a5
fffffebc
00000034
00000045
000000cb
000000eb
ffffffe9
0000001d
00000052
ffffff4f
000000dd
00000280
ffffff85
0000001f
00000098
ffffff66
0000019e
ffffffcb
ffffff49
00000037
fffffdd1
000005cc
ffffff69
000002d2
ffffff81
00000032
ffffffde
fffffff8
ffffff60
00000046
00000071
0000031b
fffffded
0000029a
ffffffd2
0000005a
000000c5
00000032
ffffff74
fffffdae
00000032
00000014
0000034a
000000a9
0000023f
ffffffeb
000001a3
ffffff3f
ffffff44
ffffffbe
ffffff64
fffffe19
00000054
ffffffc6
000000ec
00000019
ffffff2e
0000004e
ffffffbd
0000008a
0000008a
0000001d
0000013a
fffffd70
ffffffaf
ffffffd0
fffffc67
ffffffd4
0000002c
fffffed8
000000c5
00000002
00000042
fffffe5d
0000003a
fffffff9
ffffffd6
ffffffc4
fffffdf4
fffffecf
ffffff40
ffffffa9
fffffe1d
0000002a
00000110
00000034
ffffffa0
00000044
00000014
fffffe05
0000048e
fffffffd
ffffff96
fffffc11
fffffd9d
ffffffea
ffffffe1
ffffffd8
0000008e
ffffff20
fffffed5
0000008d
000000d0
00000016
0000006e
0000005c
fffffea3
00000024
00000078
00000004
ffffffe2
fffffff7
fffffcb3
ffffffda
0000022a
000000cb
fffffe04
fffffff3
00000130
fffffea8
fffffdfb
0000010b
0000001c
ffffff20
00000114
000001ce
0000021f
ffffffb7
000000bd
ffffff4d
ffffff8f
00000060
ffffff5a
ffffff54
ffffffd5
0000001a
ffffffdb
0000009e
ffffff61
fffffe0f
00000228
00000013
ffffff81
fffffffc
ffffff98
ffffffc2
00000baf
000000ae
fffffffc
0000032c
fffffe9a
ffffff41
ffffffdc
0000021e
fffffe79
fffffec9
000001f4
fffffd26
000000ec
fffffea0
ffffff9c
0000016e
00000016
ffffffe0
fffffffc
00000000
fffffeee
0000003f
00000001
fffffffb
fffffeda
fffffff8
fffffd80
ffffffed
0000002d
0000001a
ffffffe5
00000129
fffffaf9
fffffe6c
ffffffd9
ffffffd4
0000000c
ffffff88
ffffff7a
0000004c
00000095
ffffff11
ffffffc6
00000038
fffffc20
00000022
00000021
00000156
fffffeb7
ffffffd2
00000067
ffffff68
ffffffb4
0000018f
ffffffbf
000000c6
ffffffb9
00000015
fffffffd
ffffffb6
000000ec
00000164
ffffff08
ffffffbe
00000077
000003b7
ffffffa7
ffffff89
fffffe5a
ffffffbb
ffffff34
00000049
ffffff56
00000098
ffffffd4
ffffff79
00000028
fffffd4b
00000030
ffffffd1
00000045
00000032
ffffffc4
fffffe16
00000007
00000045
00000013
ffffff9b
fffffead
0000023c
ffffffda
ffffffd1
00000048
0000008e
fffffec2
fffffecf
ffffffb4
ffffff67
ffffffdc
0000000a
fffffe30
fffff9e7
ffffff66
fffffcb4
fffffea8
fffffe9a
00000028
fffffff6
0000008a
ffffffa0
0000003b
000001c8
ffffffe3
000000c6
00000036
0000002b
00000050
000001a2
fffffff2
fffffec9
00000092
00000038
fffffff7
00000148
ffffffe7
ffffff46
fffffff7
00000024
ffffff60
ffffff9e
0000006e
000000f7
fffffdeb
fffffcce
ffffffec
ffffffbb
0000017c
ffffffbb
000000cc
fffffe17
00000022
00000047
000002d9
ffffff20
fffffefd
0000004c
ffffffe2
fffffff7
00000004
000000ff
fffffea5
00000159
00000021
ffffff03
0000010c
ffffffe7
ffffff2f
0000003c
fffffee5
ffffffa7
0000003a
0000004e
fffffcb3
000000cb
000000ad
ffffff81
00000175
0000003c
ffffffd7
000000c9
0000018c
fffffee1
00000005
ffffffe4
000000c2
0000000a
00000067
ffffffc5
00000099
0000019e
ffffffbe
00000131
000001ad
00000291
ffffffd9
00000060
00000006
ffffff94
fffffe9b
00000030
00000011
00000066
fffffff6
0000007a
fffffcc9
ffffffe9
00000143
0000000a
00000039
ffffffc8
ffffffe1
ffffffeb
00000076
0000005f
ffffffb1
ffffffba
ffffffe0
fffffee0
0000004b
ffffffd3
00000088
0000000c
ffffffbb
00000082
ffffff03
fffffff4
fffffff5
00000066
00000000
00000037
fffffe30
fffffe4b
fffffea1
fffffff8
000000fb
00000028
ffffff3a
ffffff53
fffffece
0000009b
fffffedf
ffffff07
00000001
0000003d
fffffffb
fffffdf6
0000000b
00000131
fffffffd
ffffff76
000000b6
00000018
000001f1
ffffffed
ffffffd6
000002ab
000001af
ffffff51
0000000c
fffffeca
ffffff95
0000008b
00000039
ffffffc4
ffffffc9
0000009e
fffffe32
ffffff91
000000ca
00000029
00000023
ffffff37
00000110
00000171
000000aa
ffffffe9
ffffffe6
000000d0
fffffffc
0000007a
ffffffe3
ffffffaa
000000af
00000001
fffffeca
00000097
0000001c
00000055
ffffffb5
00000016
ffffff17
ffffff48
00000926
0000001b
0000003b
000000ae
ffffffd9
000000cf
ffffffb3
ffffffb6
ffffffb6
0000001b
ffffffd0
0000001a
0000002c
ffffff94
fffffef1
000000ea
fffffe31
fffffff7
00000039
ffffff6c
0000002e
00000042
00000016
ffffffdb
ffffff54
ffffffb6
fffffff7
00000241
000000c6
0000003b
0000001b
0000009a
0000019f
0000006d
fffffe04
00000022
ffffff4e
ffffffd9
00000005
ffffffd0
00000024
ffffff8d
000000a2
000000db
0000011c
0000014f
fffffed8
0000003e
0000001b
00000018
0000002d
00000121
0000004e
00000074
ffffffdf
ffffff33
00000009
ffffffff
ffffffa5
00000006
ffffffdc
ffffffdd
000002e3
ffffffce
00000050
0000005c
00000097
00000008
ffffff2f
ffffffbc
00000011
0000000b
00000001
0000009a
ffffffe4
000000a8
000000a3
fffffff6
000000bd
ffffffca
ffffffad
00000092
fffffe07
000000f3
000000bf
ffffffc4
fffffff3
fffffd20
ffffffec
fffffdf7
000000af
0000002f
ffffff7e
00000220
0000010c
fffffe90
ffffffb0
00000087
000000a1
0000012b
00000064
ffffffac
fffffef6
ffffffe2
00000022
0000022b
000000eb
00000036
ffffffbc
ffffffeb
fffffffe
ffffffde
ffffffdb
000000f6
ffffff9b
0000008a
000000b8
fffffd92
fffffe03
ffffffac
000000d1
ffffffcf
fffffee5
0000005b
00000011
0000004f
fffffffc
ffffff11
ffffffe9
0000000b
ffffffdb
0000007c
ffffffb9
fffffeb0
0000007e
ffffff31
ffffff82
00000006
ffffffaf
00000032
ffffffcc
0000001d
ffffff59
000000b8
ffffffab
00000029
0000024c
fffffeaa
00000002
0000000d
ffffff5b
fffffeeb
00000076
ffffff11
00000102
fffffdfa
0000003e
00000033
00000043
0000001d
ffffffeb
ffffff2c
0000004c
fffffdff
0000000b
fffffffb
fffffffe
00000038
fffffebd
fffffef0
fffffe28
ffffffd5
00000101
0000000b
00000009
0000004c
000000f8
ffffffd7
0000002d
00000048
fffff74a
ffffffab
ffffff9c
fffffff8
00000188
0000009a
00000017
00000191
ffffffef
0000004a
ffffffc1
0000006e
00000072
00000021
fffffee8
00000137
00000019
00000056
00000027
ffffffdd
00000203
ffffffb8
ffffffa8
00000042
00000003
ffffffd4
00000135
ffffffba
fffffffb
fffffee3
ffffff88
00000087
ffffff66
00000033
ffffffc8
ffffffab
000000f9
fffffddb
ffffffe2
00000062
0000000d
000000bc
000000d7
00000000
0000000c
fffffd68
00000009
ffffffd1
00000129
ffffffe3
000001ca
fffffe3d
00000070
00000018
0000004b
000000d4
00000029
fffffeb5
fffffffb
fffffe83
000001d6
ffffffee
0000021c
ffffff69
0000002b
ffffff8f
000000a3
fffffecb
0000009b
00000002
000000ef
ffffff24
0000002c
fffffd72
ffffffb9
fffffafe
000000d9
ffffff51
00000028
fffffe84
fffffffb
000000a7
ffffffe7
00000003
00000014
00000034
000000cf
ffffff71
00000089
000000b1
ffffffbe
ffffffa0
00000099
fffffed8
ffffffd7
ffffff91
000000c7
ffffffba
00000021
ffffffba
0000002d
000000c3
0000004b
ffffffb1
fffffe1c
00000016
000000f4
00000051
00000060
ffffffd2
00000015
ffffff8a
00000005
00000004
00000062
0000000a
000001a7
00000247
00000048
ffffffbd
00000054
fffffff1
0000008a
00000056
0000002e
00000017
00000018
00000042
ffffff6b
ffffffe5
000000ad
ffffffc9
0000000b
0000004f
ffffffdc
fffffff1
00000084
ffffffe6
00000001
00000046
00000059
0000005b
ffffffd4
0000004e
ffffffe6
ffffffa5
ffffff38
fffffffe
00000021
00000067
ffffffe4
00000620
ffffff94
ffffff73
00000061
ffffffb9
00000069
ffffffd9
00000019
000000d0
ffffffe7
000000b0
00000020
00000004
000000e1
ffffff75
fffffe9c
0000003a
ffffff6e
fffffff1
0000001f
fffffffa
0000001e
ffffffdc
00000048
fffffffa
00000083
fffffeb5
00000038
fffffee6
ffffffe0
00000061
fffffff7
ffffff50
ffffff15
fffffffc
ffffff6d
ffffffa7
00000016
fffff851
ffffffa9
00000086
00000010
fffffe5d
ffffff04
ffffffb4
00000047
00000009
00000089
0000027a
ffffffcc
ffffff94
ffffff43
0000011d
0000007d
ffffff08
00000034
00000031
00000358
00000082
ffffff3f
00000024
ffffff58
00000025
00000017
ffffff85
0000000b
ffffffd1
ffffffdc
0000001d
0000006f
ffffff90
ffffff7f
fffffd11
00000048
0000000c
ffffff9e
ffffff27
00000100
000001dd
ffffffd2
0000000e
00000101
00000066
ffffffdf
ffffff23
ffffffb3
ffffffbd
fffffff0
ffffff5d
ffffffae
fffffffe
ffffffff
fffffe56
00000097
ffffffed
ffffff4b
ffffff0b
0000003f
fffffe92
00000147
00000015
ffffff4b
00000051
fffffffb
00000004
00000070
00000080
0000001b
000001d2
ffffffa0
fffffff4
ffffffe5
ffffffcb
ffffffa6
0000005f
ffffff37
00000044
ffffffe0
0000000f
00000026
fffffff4
fffffd78
fffffe61
ffffff51
ffffffed
fffffee4
00000002
000000fa
fffffff7
0000002c
00000169
000000d0
00000031
00000107
fffffeec
00000013
00000092
00000039
ffffffcd
ffffffab
000000e9
000000e3
ffffffc3
ffffffe0
ffffff64
00000013
ffffff10
00000270
ffffffa1
00000089
00000030
00000037
00000025
00000001
00000005
ffffffbd
ffffffff
00000058
00000020
fffffedc
00000032
ffffffd0
0000012b
00000018
ffffff9b
00000093
fffffdcb
0000029c
00000003
ffffffee
00000032
00000107
ffffff82
ffffffe5
fffffff9
000000cb
0000001e
fffffefa
00000068
0000024e
0000001c
000001c8
ffffff8b
fffffff0
00000019
fffffff2
ffffff61
ffffffa6
ffffff38
ffffff87
fffffee6
ffffffec
ffffffed
0000007d
ffffffd9
000000d8
fffffec0
ffffffa3
fffffff8
fffffff6
ffffffc9
00000136
ffffff60
00000009
ffffff47
000002d2
00000037
ffffffec
ffffffef
ffffffec
0000000c
ffffffe8
ffffffef
ffffff98
0000003c
ffffffec
ffffffc6
00000039
0000001f
0000000c
00000004
00000151
00000042
00000010
ffffffd4
00000087
0000022b
000002d7
00000022
00000004
ffffffcf
00000296
ffffffab
ffffff6c
00000115
ffffff17
ffffffff
0000005d
ffffffad
ffffffc7
00000028
ffffffdc
ffffffd2
ffffff3c
0000001a
00000036
0000018e
00000018
0000000d
ffffffc5
00000015
fffffff6
0000012d
00000049
00000019
0000003d
000000aa
00000025
00000051
00000080
ffffff88
0000004c
00000088
fffffffe
ffffff84
00000057
ffffffa2
00000018
000000f7
00000003
ffffffec
fffffffe
ffffffc6
ffffff97
ffffff07
0000010a
0000005c
ffffffe8
ffffffd6
00000011
00000042
ffffffee
ffffffc6
ffffffae
00000025
ffffff9b
fffffffd
00000000
00000004
fffffed3
0000006b
ffffffc7
ffffff7b
0000001c
fffffef3
000001e5
00000067
000000a3
0000000c
00000031
00000077
000000a0
ffffffd5
0000003a
00000064
fffffeef
fffffee8
00000020
fffffff1
000001e1
ffffffa8
ffffffeb
fffffe75
fffffff3
000000b3
ffffff93
ffffffa5
fffffe82
00000084
ffffff6e
000001fb
ffffff9c
ffffffec
000000d2
0000006a
ffffffdf
0000002b
fffffec5
fffffe33
0000007b
0000008e
0000000d
ffffffa7
fffffe97
ffffffff
ffffffcd
ffffffed
0000018b
00000023
fffffffe
ffffffbb
0000002e
ffffff16
ffffffd5
ffffffec
0000001c
ffffffd4
000000fe
ffffffa0
00000008
fffffee6
00000008
00000067
ffffffd7
0000001e
fffffe7b
000001d5
00000033
00000198
ffffff12
00000031
00000096
0000005f
ffffff67
ffffffa3
fffffef0
ffffffbb
000000a7
fffffe77
ffffff9f
00000060
ffffffba
ffffff78
0000006b
0000001f
000000e6
00000025
ffffff9f
00000007
fffffbad
0000002d
0000002b
fffffe15
00000049
ffffffdc
fffffeed
ffffffcc
ffffffc1
fffffff5
0000003f
fffffb21
0000006e
ffffff96
fffffffa
00000041
000000ca
ffffff31
ffffff86
00000023
000002df
ffffff7b
0000003e
000000e7
00000009
ffffffed
ffffffd8
00000089
ffffffbb
00000062
ffffffec
fffffffc
fffffff5
0000018b
00000048
000000a0
ffffffe7
00000012
0000004a
00000037
00000089
0000000a
00000082
00000039
fffffffd
00000007
00000020
00000056
ffffffad
00000029
000000e6
ffffffc6
ffffffd1
ffffffc1
ffffffae
ffffff9b
ffffff2f
0000006b
00000017
ffffff99
0000001f
00000005
ffffffd3
00000149
000000f7
ffffff34
0000021e
ffffff0f
00000045
0000007f
0000001d
ffffffb3
00000169
0000002b
ffffffad
00000005
00000210
ffffffff
ffffffeb
fffffff8
0000005c
0000002b
00000011
ffffff66
ffffff26
00000138
00000026
0000000c
0000002c
ffffff85
00000015
00000070
ffffffc1
ffffffd2
0000008a
0000001e
00000031
00000029
0000005c
00000013
00000038
ffffff81
ffffff94
ffffff29
ffffffaa
00000006
ffffffdc
ffffffa1
00000018
ffffffb2
fffffffa
000000e3
0000002e
0000000c
00000138
ffffffd0
fffffff7
ffffffbd
fffffacf
ffffffec
ffffff8c
0000000a
000000df
fffffff9
fffffecb
000000c6
00000007
ffffff8f
00000036
ffffff3c
00000041
ffffffa8
0000001d
00000026
fffffff1
00000004
fffffea1
000001c3
ffffff73
00000026
ffffffa3
000000e4
fffffffe
ffffffab
ffffffd6
00000123
000001d6
ffffff32
ffffffd4
ffffffa8
000000c9
00000014
00000092
00000002
00000017
0000001e
00000039
0000001f
00000019
00000088
ffffffe3
ffffffd8
ffffff4e
ffffffc6
0000004e
0000000a
00000063
000001d2
ffffff32
fffffff5
00000008
ffffffd0
00000089
000000aa
ffffff87
ffffffa0
0000015c
ffffffd4
ffffff8c
fffffe8c
00000007
ffffffed
0000000a
00000089
fffffff9
ffffffdc
0000000f
0000004d
00000015
fffffd56
0000001d
00000076
00000086
0000002a
000000a3
00000104
fffffffa
ffffff73
00000022
ffffffd2
0000001a
ffffffc1
000000ac
fffffd1b
0000007d
00000019
00000036
00000061
0000001d
ffffff26
00000111
00000018
ffffffc3
ffffffc1
fffffff5
00000021
ffffff93
ffffff87
ffffff96
ffffff5c
ffffffc6
ffffffce
ffffffa3
ffffff66
000001f0
0000003a
ffffffd6
ffffffcc
ffffffe1
00000044
ffffff80
ffffffb5
ffffffe0
00000024
ffffffad
ffffffdc
00000020
00000086
0000002b
fffffec8
fffffea1
fffffd9c
0000000e
ffffffcf
ffffffdb
00000077
000000ac
00000002
0000009f
00000178
fffffff8
0000000d
fffffff7
fffffffa
ffffff39
ffffffd1
fffffffa
fffffffe
000000af
0000012a
ffffffa0
00000084
ffffffd5
fffffff7
ffffff06
0000008c
ffffffe6
00000082
ffffffba
ffffffb3
fffffed2
fffffff4
0000002f
ffffff0e
ffffffb9
ffffffbf
0000000c
ffffffdb
00000063
00000018
00000068
ffffffa9
fffffff3
00000155
fffffedf
0000005d
0000001b
ffffffdb
ffffff8d
00000007
000000ab
ffffff93
ffffffec
0000003e
00000002
fffffff3
fffffffe
ffffffae
00000051
00000027
fffffff1
ffffffa8
00000063
ffffffbf
ffffffae
ffffffad
00000085
000000d4
0000001e
ffffff34
0000000f
ffffffe3
ffffffe5
00000042
00000077
00000017
ffffff37
000000d0
ffffffae
000000aa
fffffdea
000000dc
00000002
ffffffc8
00000068
ffffffa3
0000008a
ffffff8f
fffffdd1
00000005
fffffefc
00000006
ffffffcf
00000070
000000dd
00000018
ffffffbe
ffffffda
ffffff53
0000012f
00000146
000000f8
00000151
ffffff56
ffffff90
000000d3
ffffffc2
ffffffa6
fffffff9
fffffff7
ffffff0e
00000050
fffffffe
fffffffe
ffffff07
00000017
00000001
00000097
0000008f
ffffff16
00000001
00000061
00000010
ffffffff
ffffffd8
fffffeed
ffffffc7
0000001c
00000087
fffffd3c
000000a5
ffffffc8
00000070
ffffff44
ffffffc9
ffffffa7
00000001
fffffff2
000000a2
00000007
00000001
fffffffc
fffffff9
fffffffa
0000013f
ffffffe1
ffffffe2
ffffffd2
00000009
00000000
00000000
00000000
00000000
00000000
00000000
00000000
00000000
00000000
00000000
00000000
00000000
00000000
00000000
00000000
00000000
00000000
00000000
00000000
00000000
00000000
00000000
00000000
00000000
00000000
00000000
00000000
00000000
00000000
00000000
00000000
00000000
00000000
00000000
00000000
00000000
00000000
00000000
00000000
00000000
00000000
00000000
00000000
00000000
00000000
00000000
00000000
00000000
00000000
00000000
00000000
00000000
00000000
00000000
00000000
00000000
00000000
00000000
00000000
00000000
00000000
00000000
00000000
00000000
00000000
00000000
00000000
00000000
00000000
00000000
00000000
00000000
00000000
00000000
00000000
00000000
00000000
00000000
00000000
00000000
00000000
00000000
00000000
00000000
00000000
00000000
00000000
00000000
00000000
00000000
00000000
00000000
00000000
00000000
00000000
00000000
00000000
00000000
00000000
00000000
00000000
00000000
00000000
00000000
00000000
00000000
00000000
00000000
00000000
00000000
00000000
00000000
00000000
00000000
00000000
00000000
00000000
00000000
00000000
00000000
00000000
00000000
00000000
00000000
00000000
00000000
00000000
00000000
00000000
00000000
00000000
00000000
00000000
00000000
00000000
00000000
00000000
00000000
00000000
00000000
00000000
00000000
00000000
00000000
00000000
00000000
00000000
00000000
00000000
00000000
00000000
00000000
00000000
00000000
00000000
00000000
00000000
00000000
00000000
00000000
00000000
00000000
00000000
00000000
00000000
00000000
00000000
00000000
00000000
00000000
00000000
00000000
00000000
00000000
00000000
00000000
00000000
00000000
00000000
00000000
00000000
00000000
00000000
00000000
00000000
00000000
00000000
00000000
00000000
00000000
00000000
00000000
00000000
00000000
00000000
00000000
00000000
00000000
00000000
00000000
00000000
00000000
00000000
00000000
00000000
00000000
00000000
00000000
00000000
00000000
00000000
00000000
00000000
00000000
00000000
00000000
00000000
00000000
00000000
00000000
00000000
00000000
00000000
00000000
00000000
00000000
00000000
00000000
00000000
00000000
00000000
00000000
00000000
00000000
00000000
00000000
00000000
00000000
00000000
00000000
00000000
00000000
00000000
00000000
00000000
00000000
00000000
00000000
00000000
00000000
00000000
00000000
00000000
00000000
00000000
00000000
00000000
00000000
00000000
00000000
00000000
00000000
00000000
00000000
00000000
00000000
00000000
00000000
00000000
00000000
00000000
00000000
00000000
00000000
00000000
00000000
00000000
00000000
00000000
00000000
00000000
00000000
00000000
00000000
00000000
00000000
00000000
00000000
00000000
00000000
00000000
00000000
00000000
00000000
00000000
00000000
00000000
00000000
00000000
00000000
00000000
00000000
00000000
00000000
00000000
00000000
00000000
00000000
00000000
00000000
00000000
00000000
00000000
00000000
00000000
00000000
00000000
00000000
00000000
00000000
00000000
00000000
00000000
00000000
00000000
00000000
00000000
00000000
00000000
00000000
00000000
00000000
00000000
00000000
00000000
00000000
00000000
00000000
00000000
00000000
00000000
00000000
00000000
00000000
00000000
00000000
00000000
00000000
00000000
00000000
00000000
00000000
00000000
00000000
00000000
00000000
00000000
00000000
00000000
00000000
00000000
00000000
00000000
00000000
00000000
00000000
00000000
00000000
00000000
00000000
00000000
00000000
00000000
00000000
00000000
00000000
00000000
00000000
00000000
00000000
00000000
00000000
00000000
00000000
00000000
00000000
00000000
00000000
00000000
00000000
00000000
00000000
00000000
00000000
00000000
00000000
00000000
00000000
00000000
00000000
00000000
00000000
00000000
00000000
00000000
00000000
00000000
00000000
00000000
00000000
00000000
00000000
00000000
00000000
00000000
00000000
