50414d51
00000001
00000100
00000080
00000006
00000010
25070100
00000004
25070900
00000004
25070000
00000004
0000e000
00000000
00000000
00000000
00000000
00000000
00000000
00000000
00000000
00000000
00000000
00000000
00000000
00000000
00000000
00000000
00000000
00000000
00000000
00000000
00000000
00000000
00000000
00000000
00000000
00000000
00000000
00000000
00000000
00000000
00000000
00000000
00000000
00000000
00000000
00000000
00000000
00000000
00000000
00000000
00000000
00000000
00000000
00000000
00000000
00000000
00000000
00000000
00000000
00000000
00000000
00000000
00000045
00000006
00000005
00000001
00000005
00000020
00000000
ffffffff
25070900
00000004
00000034
00000000
0000000d
00000000
00000000
00000000
00000004
00000000
00000000
00000000
00000000
00000000
00000000
00000000
00000003
00000002
00000c00
00000401
00000000
00000000
00000000
00000000
00000046
00000001
00000013
00000001
00000005
00000018
00000000
ffffffff
25070940
00000004
00003000
00000000
00000c00
00000000
00000000
00000000
00000004
00000000
00000000
00000000
00000000
00000000
00000000
00000000
00000005
00000002
00000000
00000c00
00000000
00000000
00000000
00000000
00000047
00000001
00000013
00000001
00000005
00000018
00000000
ffffffff
25073940
00000004
00003000
00000000
00000c00
00000000
00000000
00000000
00000004
00000000
00000000
00000000
00000000
00000000
00000000
00000000
00000006
00000002
00000000
00000c00
00000000
00000000
00000000
00000000
00000048
00000009
00000019
00000001
00000005
00000010
00000000
ffffffff
25076940
00000004
00001004
00000000
00000401
00000000
00000000
00000000
00000004
00000000
00000000
00000000
00000000
00000000
00000000
00000000
00000003
00000002
00000c00
00000401
00000000
00000000
00000000
00000000
00000049
00000004
00000013
00000001
00000009
00000018
00000000
ffffffff
25077980
00000004
00003000
00000000
00000c00
00000000
00000000
00000000
00000004
00000000
00000000
00000000
00000000
00000000
00000000
00000000
00000003
00000002
00000c00
00000401
00000000
00000000
00000000
00000000
0000004a
00000005
00000013
00000001
00000015
00000018
00000000
ffffffff
2507a980
00000004
00003000
00000000
00000c00
00000000
00000000
00000000
00000004
00000000
00000000
00000000
00000000
00000000
00000000
00000000
00000003
00000002
00000c00
00000401
00000000
00000000
00000000
00000000
00000000
00000000
00000000
00000000
00000000
00000000
00000000
00000000
00000000
00000000
00000000
00000000
00000000
00000000
00000000
00000000
00000000
00000000
00000000
00000000
00000000
00000000
00000000
00000000
00000000
00000000
00000000
00000000
00000000
00000000
00000000
00000000
00000000
00000000
00000000
00000000
00000000
00000000
00000000
00000000
00000000
00000000
00000000
00000000
00000000
00000000
00000000
00000000
00000000
00000000
00000000
00000000
00000000
00000000
00000000
00000000
00000000
00000000
00000000
00000000
00000000
00000000
00000000
00000000
00000000
00000000
00000000
00000000
00000000
00000000
00000000
00000000
00000000
00000000
00000000
00000000
00000000
00000000
00000000
00000000
00000000
00000000
00000000
00000000
00000000
00000000
00000000
00000000
00000000
00000000
00000000
00000000
00000000
00000000
00000000
00000000
00000000
00000000
00000000
00000000
00000000
00000000
00000000
00000000
00000000
00000000
00000000
00000000
00000000
00000000
00000000
00000000
00000000
00000000
00000000
00000000
00000000
00000000
00000000
00000000
00000000
00000000
00000000
00000000
00000000
00000000
00000000
00000000
00000000
00000000
00000000
00000000
00000000
00000000
00000000
00000000
00000000
00000000
00000000
00000000
00000000
00000000
00000000
00000000
00000000
00000000
00000000
00000000
00000000
00000000
00000000
00000000
00000000
00000000
00000000
00000000
00000000
00000000
00000000
00000000
00000000
00000000
00000000
00000000
00000000
00000000
00000000
00000000
00000000
00000000
00000000
00000000
00000000
00000000
00000000
00000000
00000000
00000000
00000000
00000000
00000000
00000000
00000000
00000000
00000000
00000000
00000000
00000000
00000000
00000000
00000000
00000000
00000000
00000000
00000000
00000000
00000000
00000000
00000000
00000000
00000000
00000000
00000000
00000000
00000000
00000000
00000000
00000000
00000000
00000000
00000000
00000000
00000000
00000000
00000000
00000000
00000000
00000000
00000000
00000000
00000000
00000000
00000000
00000000
00000000
00000000
00000000
00000000
00000000
00000000
00000000
00000000
00000000
00000000
00000000
00000000
00000000
00000000
00000000
00000000
00000000
00000000
00000000
00000000
00000000
00000000
00000000
00000000
00000000
00000000
00000000
00000000
00000000
00000000
00000000
00000000
00000000
00000000
00000000
00000000
00000000
00000000
00000000
00000000
00000000
00000000
00000000
00000000
00000000
00000000
00000000
00000000
00000000
00000000
00000000
00000000
00000000
00000000
00000000
00000000
00000000
00000000
00000000
00000000
00000000
00000000
00000000
00000000
00000000
00000000
00000000
00000000
00000000
00000000
00000000
00000000
00000000
00000000
00000000
00000000
00000000
00000000
00000000
00000000
00000000
00000000
00000000
00000000
00000000
00000000
00000000
00000000
00000000
00000000
00000000
00000000
00000000
00000000
00000000
00000000
00000002
00000c00
00000401
00000018
0000000c
00000018
0000000c
00000010
00000010
00000006
fffffff8
00000008
00000003
00000000
00000000
00000000
fffff2fd
ffffeca0
ffffcb39
ffffd743
ffffdc80
00001876
ffffcd70
0000018d
ffffe94b
ffffde7e
ffffc5b3
ffffebfd
fffff0b4
fffff7e3
fffffebf
ffffcc00
ffffef0b
00000188
ffffca09
ffffcb71
00000d65
ffffeaf0
ffffe4e9
fffffbfc
00001608
ffffb91f
0000040d
00000c54
ffffd7de
00000603
ffffca91
fffff424
ffffe9c7
ffffe7bb
fffff6f7
fffff89a
ffffba6f
fffffa04
00000524
0000202b
fffff348
ffffbe9c
ffffe6b2
00000013
ffffe04c
ffffbe7b
ffffcee5
ffffeafe
ffffe7e3
ffffb981
000004cd
000009ff
ffffebee
ffffe339
ffffda18
ffffa109
fffff734
00000a43
fffff79e
ffffd6b5
fffff4a5
ffffebb4
ffffc2e2
ffffefef
fffff2f0
ffffbb06
ffffd675
ffffddfb
ffffdd38
00001952
ffffd5fc
fffffafc
ffffd67d
fffffedb
fffff62a
ffffbbec
fffff82f
ffffefd5
ffffde70
ffffc3f2
00000e64
000014b4
ffffdb7e
ffffc5da
ffffc8f1
ffffce48
ffffe1ca
fffff974
ffffec7d
00000392
ffffcd4b
ffffaec8
ffffee35
00000848
fffff3ca
ffffb8dc
ffffeeca
ffffed41
fffff46e
fffff95e
000009ce
ffffeb4c
ffffe206
ffffcd8a
fffff746
0000185c
00000692
fffff5a1
ffffddfb
fffff285
ffffe31a
ffffb6e8
ffffb7fb
ffffebce
ffffef6a
000001f6
ffffdc5a
ffffed0d
0000147c
fffff94e
000010b1
00000464
ffffc670
fffff747
ffffe866
ffffb0a9
ffffbb12
fffffae0
ffffaf5d
ffffd4cb
ffffe8fa
ffffcd3d
ffffc466
ffffc7bb
fffff2f5
000008dc
ffffe4de
ffffbdd8
fffffa0f
ffffe187
00000181
ffffeeed
ffffbbef
000018db
ffffe81a
ffffed1e
ffffe02a
fffffbc2
00000aa4
0000033c
ffffef67
ffffefaf
ffffc771
ffffcd15
ffffdd0a
fffffe10
ffffe0f9
ffffde59
fffffd55
fffff3e4
ffffcc2c
ffffddd0
ffffecf0
ffffeaf3
fffff34c
ffffd844
ffffe3ad
ffffe411
fffffb94
ffffe8f1
fffff9e1
ffffd4db
0000016a
fffff11d
ffffef41
0000000a
fffff721
ffffd242
ffffe91b
000009b8
0000126a
ffffbaba
fffffe9a
fffffe76
fffffed0
00001178
fffffb41
fffff39f
ffffec56
00000017
ffffd408
0000013d
ffffebcb
000000ab
ffffb282
fffff4f5
ffffddbd
00000222
ffffd501
ffffea94
ffffc2f9
000018b6
fffffddb
00000024
000006e7
ffffcbe8
0000164e
ffffeb0e
ffffc44a
ffffdc0e
ffffec55
ffffe980
ffffea0c
ffffebf1
fffff5e2
00000403
ffffdeea
fffffb7c
ffffeaa8
ffffe3c0
ffffc46e
ffffd3fb
ffffee07
fffff96b
ffffbfb6
00000099
fffff943
fffff53f
ffffe165
ffffb491
ffffcdd2
fffff5f5
fffff980
ffffc7c0
fffff3ca
ffffca12
ffffe300
ffffcfca
ffffd4d4
fffffb25
fffff949
fffff4dd
ffffe9f7
fffff0de
ffffd232
fffffd33
fffff6aa
fffff3dc
ffffbff4
ffffc250
ffffedbd
fffff71d
ffffc2a0
fffff68f
ffffd92f
00000083
fffffb72
0000089b
ffffdf82
fffff0d2
ffffd1c6
ffffdff4
ffffdb4f
ffffb085
ffffefa3
ffffeccb
fffff6b5
fffff004
fffff5ea
ffffe6bc
fffff449
ffffe8df
ffffef9a
ffffd703
ffffb849
00000064
fffff47e
ffffa063
00000b7a
fffffed8
fffff7cb
fffff887
fffffb20
ffffb982
ffffc939
ffffd4a3
ffffee9f
000006a9
fffff692
ffffe9fe
ffffe76e
0000178d
ffffee84
ffffe7bf
0000225a
fffff78a
ffffce80
ffffd817
ffffc7cd
ffffee1f
ffffed81
fffff74a
ffffdeb2
ffffee1c
ffffe76e
fffffb1a
000002d7
fffffa39
ffffed09
ffffebfd
fffff1f9
fffff143
fffff043
fffff9de
ffffe80f
ffffd1a2
ffffe223
fffffc93
ffffe91a
fffff436
ffffd75a
ffffe23b
ffffe43a
ffffe8b6
ffffe680
ffffd1ea
0000053b
fffff616
000004e1
ffffe9a7
ffffd8d3
ffffdcbb
ffffdf76
ffffe541
fffff080
ffffee8b
00000334
ffffd962
fffff13f
ffffc841
ffffbfa5
fffff74f
000002d5
ffffbffb
fffff0f0
fffff1db
ffffda0f
fffff29e
fffff9f7
fffff09b
fffff146
ffffd770
ffffef5d
ffffe3ac
ffffea7d
fffffca8
ffffbb65
ffffe78a
fffff88a
ffffcf63
0000085a
fffffdbc
fffffe4c
ffffb3f8
ffffffbc
fffff40a
ffffc052
ffffe08b
ffffd753
00000624
ffffe24a
ffffe0ab
ffffefca
fffff394
00000364
fffff6a5
ffffd82e
fffff856
00001b53
ffffdb22
ffffe3bd
ffffe7b3
ffffc6f5
fffff825
fffff686
0000009a
fffff396
fffff910
ffffff6d
fffff19f
ffffe4d6
fffff101
ffffebe3
fffff794
00000088
0000002e
ffffe36f
ffffdecc
ffffee86
ffffd0f5
ffffcea1
fffff361
ffffe410
ffffe139
ffffc8d2
fffffd06
ffffe866
fffff18f
ffffef45
ffffeeea
fffff0a8
ffffe79b
ffffe902
00000238
ffffbd39
00001865
ffffeb35
000000d7
fffff4a2
fffffd6a
00002067
fffff0d5
fffff924
ffffdc58
ffffc22b
ffffd14a
ffffefe1
fffffb26
000004d4
ffffecae
fffff230
ffffe141
fffff48a
ffffee12
00000517
fffff602
fffff3ef
ffffe558
00001486
ffffe994
ffffcd76
fffffbb8
ffffd6a6
fffff0ee
ffffec57
fffffabe
ffffd548
ffffd94f
fffff437
fffff947
000004db
ffffeca7
fffff512
ffffed89
ffffef70
ffffed9d
fffffefe
fffff4d1
fffffdf0
0000000d
ffffade5
ffffeaf8
ffffdb27
ffffc4b0
ffffed77
fffff185
fffff869
ffffdb56
fffff48f
ffffcd24
ffffc072
fffffe40
ffffe6bd
ffffd390
ffffbc18
ffffa966
ffffdb4e
ffffde2d
ffffe523
ffffa93f
fffff8e2
ffffe0a5
ffffd514
ffffdb16
fffff1a0
ffffe2f8
ffffb94a
fffff2a2
00000117
ffffbe72
ffffe2d2
ffffe2e7
ffffed29
ffffbc51
0000032f
ffffc8a5
fffff59d
ffffb2c0
fffff909
fffffa40
ffffe4b2
ffffffda
fffff493
ffffad80
ffffbf56
ffffebd1
fffff3fd
ffffe218
ffffd594
ffffebfc
ffffe6ea
ffffeb5a
ffffddcd
00000048
ffffe41b
fffff59b
fffff27d
00000645
fffff8c1
ffffe2a7
ffffeb2f
ffffdff5
fffff0d8
fffffe8f
ffffc2a9
00000aea
fffffc16
ffffac46
ffffec73
0000009e
fffff2bb
fffff8e0
ffffea8a
fffffd89
ffffeeb5
ffffe51c
fffffba8
ffffea43
fffff4da
ffffebb3
fffff73c
ffffdfe1
fffff686
00001150
fffff0c5
000002e7
ffffd33a
ffffec8b
ffffe78b
ffffc79e
ffffee20
fffff130
ffffe584
ffffffc3
fffff558
ffffed60
ffffe874
fffff09d
ffffe314
fffff0ac
ffffde71
ffffdd2d
fffffbe7
ffffeaed
fffffb29
fffff3e0
ffffee76
ffffe9f0
fffffe57
fffff019
ffffd935
ffffbcdf
fffff26e
fffffb31
ffffb22c
fffff445
ffffdf8c
fffff173
0000136b
fffff17e
fffffc7d
fffff936
00001276
ffffea31
ffffea41
fffff1a7
fffff251
ffffd0f0
ffffeb61
ffffcc9c
0000004d
ffffdc14
fffff31f
ffffed8e
ffffe8c3
00000140
ffffec2c
ffffd13d
ffffca96
00000b79
fffff2dc
ffffdc93
ffffeb5f
fffffd8d
fffff9a3
ffffcded
ffffeab6
fffff35f
ffffed0c
fffff909
000010ee
ffffe821
fffff30c
fffff762
ffffcfb3
fffff202
fffff070
fffff8df
ffffdfbe
fffff84c
ffffeffa
fffffe49
ffffe8d2
fffffafc
0000136c
fffff074
ffffe549
fffff9c9
ffffebc5
fffffaa1
ffffeb16
ffffeecb
fffff21b
ffffe834
ffffec81
ffffeaef
fffff47f
fffff8b6
ffffe9ca
fffffb20
ffffd7f6
fffff993
000003c8
ffffec7d
fffffa6b
fffff2f0
fffff2b5
fffff7fa
ffffd43d
ffffd610
ffffe8b8
ffffe7f1
ffffe54f
fffff4b9
ffffeabe
fffff415
fffffdcb
ffffe4e7
fffff057
ffffef78
fffff4a9
000001f8
fffff7bb
fffff56b
ffffd505
ffffecda
ffff9bd1
fffffbae
fffff5c3
ffffe9bd
ffffe17c
00000005
ffffe344
ffffd8b1
fffff032
fffff8dd
ffffe67c
0000110e
ffffac33
fffff651
fffffdc9
fffff4b8
ffffedde
ffffd042
ffffeefa
ffffff58
fffff825
ffffd7f3
ffffc505
fffff9f5
ffffd444
fffff8a8
fffffe9a
000006cf
fffff90c
ffffefa5
fffff555
ffffe563
fffff200
ffffe7d9
ffffc92c
ffffda2c
ffffe24e
00000225
ffffb870
ffffe9d4
fffffd7a
ffffd0ed
ffffeba1
00000337
ffffec4a
00000867
0000132c
fffff869
00000b25
ffffee5c
ffffe33b
ffffb648
fffff6b6
0000054a
ffffff74
fffff035
ffffd11c
ffffed52
fffffd86
ffffee94
ffffbff1
ffffe44b
ffffed04
ffffda4f
fffff073
ffffff8f
ffffd3b3
fffff00c
fffffb93
fffff148
fffff3b5
fffff002
ffffeb62
fffff3b2
ffffda8e
ffffe615
fffff730
ffffe7d3
fffff0eb
fffff066
ffffdcca
ffffed0b
ffffea40
ffffdec7
fffff1f1
fffff915
fffff652
ffffbed7
ffffe0d6
ffffeac5
fffff764
fffff44a
fffff90a
fffffa6f
ffffd6c8
00000196
ffffec10
fffffb7f
fffff3c6
fffff968
fffff115
ffffd8d0
00000136
000003d7
fffff7d5
ffffe363
ffffde2b
fffff2a8
fffff64c
ffffde67
ffffd1b9
ffffcf76
fffff075
ffffe6fe
fffff4a8
ffffe4f0
fffff3d2
ffffe49a
fffff667
ffffcd90
fffff85c
fffff60c
fffffd42
00001570
ffffbf54
fffffb47
fffffc70
000009bf
ffffe7a2
fffff8ea
0000076a
ffffe324
0000048b
ffffe3a8
fffff4bd
00000499
fffff7f5
ffffecaa
ffffe2a8
ffffdefd
ffffecb1
fffffa2d
0000117e
fffff573
0000015e
fffff03c
fffffafe
ffffee8c
ffffeebb
ffffd3e9
00000970
fffff1b3
fffff4c4
00000291
ffffefd1
ffffbbe6
fffff057
fffff52c
fffff403
fffff903
00000c37
fffff371
fffffb91
000000b9
ffffff87
fffffc4c
ffffe1bb
fffffc6e
ffffef78
ffffddf2
fffff449
ffffff39
00000351
fffff1e6
fffff9ac
ffffd0b3
fffffc15
fffff7e1
ffffed27
000001c9
00000201
00000a2f
fffffe28
ffffd180
ffffe49c
fffff1eb
ffffc8fe
fffffca6
00000286
ffffed29
0000031f
fffff7dd
ffffdc5c
ffffeb91
fffff82a
0000073c
fffffbee
ffffe733
ffffec70
0000067d
fffff842
00000125
fffff304
fffffdf2
ffffe363
ffffed9c
ffffe785
0000085b
ffffe4cb
ffffe395
fffff4e1
00000844
fffffa94
ffffff07
fffff980
fffff202
ffffe187
fffff9d3
ffffe20e
ffffee6c
ffffec8f
ffffe4ff
fffff626
ffffe4e8
ffffccbc
0000126d
ffffe693
ffffe52e
ffffd45f
fffff115
fffff3ef
ffffeda2
00000391
ffffed6b
fffff614
ffffeb53
ffffec45
fffff533
ffffe6ce
000014a4
ffffe73b
00000169
ffffebf4
fffffe6e
fffff9e8
fffff69f
fffff561
ffffe645
ffffe53f
fffffd56
fffff539
fffff209
ffffe52b
ffffef3a
ffffee1c
ffffec42
ffffeae6
ffffbc74
ffffee7a
fffff8c2
ffffff1f
fffff295
ffffe250
ffffec3c
fffff9e8
fffff19b
fffffba9
fffff20b
ffffef38
fffffc54
fffffc4d
ffffcd08
fffffb22
fffff84a
ffffeee2
fffff522
fffff618
ffffe94a
ffffd280
fffffcf6
ffffe0d6
ffffedb9
ffffca33
ffffedb3
ffffef97
fffff7af
fffffdcf
ffffc754
fffff969
ffffee54
fffffc84
000006dc
000004c9
ffffd5e1
ffffef36
00000978
fffff412
ffffea07
fffff9cf
fffff679
ffffffa4
ffffe49c
fffff290
ffffd5e2
0000095b
ffffe15b
fffff19e
000002a7
000007dd
ffffe99a
fffff365
ffffb5f4
ffffdea8
ffffce89
ffffe1af
ffffdfba
fffff90b
ffffda7c
fffff7fb
fffff5ed
fffff064
fffffa91
fffff96b
ffffeee2
fffff539
ffffd7b1
000010f0
ffffd4a7
ffffdec0
ffffce83
fffff04c
ffffe97a
0000024c
ffffda12
fffff431
ffffcd2c
ffffd73a
fffff6ed
ffffe655
fffff57d
ffffef53
00000fbf
fffffe89
ffffdff3
fffff1ec
fffff2f7
fffff40d
fffff2d2
fffffed5
ffffc9b5
ffffe526
fffff5d8
fffff596
ffffda51
fffff563
fffff244
fffffbb1
ffffedb0
fffff363
ffffd293
ffffea7e
ffffe1c2
ffffe22c
ffffdcb5
fffff933
fffffd04
fffff894
fffffe86
fffff407
ffffe81d
ffffbc90
fffff009
fffff1fb
ffffda95
00000292
fffffbca
ffffefd8
fffffe14
fffff389
0000063c
ffffd3a3
ffffebbc
fffffcd4
ffffed81
ffffc06f
ffffe3e0
ffffe120
fffff963
ffffdb70
fffffbf9
fffff6df
fffff653
fffff808
fffff2ca
ffffc13c
ffffc0ae
fffffcf6
ffffe73d
fffff812
ffffef1b
ffffef93
ffffebdf
ffffe5ac
000003bd
ffffefb2
fffffb86
fffff02f
ffffec9e
ffffe799
fffff402
ffffe42a
ffffe95f
ffffed8e
ffffdffa
fffff35b
fffffc18
fffff24a
fffff7d1
ffffee6b
fffff2e5
fffff4fc
ffffd81c
fffff33f
ffffd9eb
ffffec10
fffff8e6
fffffae2
00000c45
ffffe39e
fffff83c
ffffd2db
fffff064
fffff645
ffffffa4
ffffe423
ffffe259
ffffc07e
00000739
ffffe975
ffffed20
fffff270
ffffe6f3
0000000a
ffffe6ce
ffffed49
fffff297
ffffb090
ffffef5d
ffffe9f2
ffffee7e
ffffed4d
ffffeb81
ffffcfca
fffffaa7
ffffc27b
fffff11e
000004f6
ffffcf9e
fffff962
fffffb07
fffff063
fffff827
ffffde58
fffff925
fffffcf5
00000051
00000a15
fffff559
fffff6a2
fffffa84
fffffa3c
fffff60f
ffffff12
ffffee72
ffffe08c
fffff1dc
fffff32c
fffff4b3
000004e1
ffffee6d
ffffff16
fffff532
ffffd5d6
ffffd38c
fffff455
ffffd3cf
fffff499
fffff948
ffffe6e7
ffffffc5
ffffe84e
fffff007
fffff7c5
ffffe353
ffffef7b
ffffd246
ffffe889
fffff35a
fffff08d
fffffa4b
ffffebb5
fffff931
ffffed6a
fffff4b7
fffffa3c
ffffe3c8
ffffec16
fffff651
ffffda4f
ffffdca6
ffffe291
ffffecb3
ffffd4f2
ffffefea
ffffcf4d
ffffcb64
000004ab
00000daf
ffffe721
ffffeb0d
ffffbeab
ffffeed6
000001f7
fffff378
00000c5b
00000700
ffffe938
fffffac7
ffffefb9
ffffba27
fffffc62
fffffa72
ffffeabb
fffffbea
fffff0da
ffffe351
ffffd5fd
0000013f
ffffc82d
0000093e
fffffca2
ffffe521
ffffe63f
ffffcfc4
fffffdf5
ffffeb73
fffff7b1
ffffea38
fffff460
ffffeff3
fffff4b1
ffffe48d
ffffedcb
00000a2f
ffffe6bf
fffff56b
fffff84b
ffffe8be
ffffce8f
ffffff8f
ffffd6a7
fffff4c3
ffffebe9
ffffe8a0
ffffee4e
fffff149
ffffedac
fffff138
ffffe8cc
000008ba
fffffcf8
ffffe771
ffffcc8c
fffff90b
ffffd1ed
fffffff0
ffffe3f1
ffffe179
ffffdfe4
ffffeb52
fffffec9
ffffd878
fffffaea
ffffed37
ffffd510
ffffd130
ffffcf13
ffffce97
ffffe1e8
ffffff2b
fffffd64
ffffe540
ffffe33c
ffffee5c
ffffde9f
ffffe8f5
ffffed1f
ffffcd3d
ffffe7d6
0000053b
fffffdab
ffffe9c1
ffffe0bb
fffff58d
00000006
ffffef06
000003c9
0000008c
ffffea8d
ffffe2b5
00000f76
fffff4e0
fffff333
fffff37d
ffffdedc
ffffe820
fffff1f8
00000381
fffff5a2
ffffff24
fffff8e0
fffff1c1
fffff13a
ffffec9e
fffff6ec
0000078e
fffff020
ffffebc7
ffffe7a2
fffff24d
ffffec08
ffffe99c
fffffdbc
ffffea89
00000b43
fffff0fb
fffff368
fffff165
fffff8df
ffffe334
ffffe3b5
fffff5c6
00000310
fffffc7b
ffffdded
ffffcdb3
fffffa90
ffffefea
fffffd85
ffffedbd
fffff6eb
ffffcb9f
00000427
fffff549
ffffe99b
ffffdc69
ffffdb2c
ffffd80b
00000722
fffff823
ffffeb0d
ffffe03a
ffffd95d
ffffed12
00000cea
ffffdda9
000005e1
ffffd2d4
ffffc4a1
ffffc86f
fffff7f1
fffff567
0000052a
fffff944
fffff259
ffffdc6c
fffff672
ffffec09
fffff062
ffffee65
ffffe121
fffff558
fffff6bd
fffff588
fffff1c1
ffffc94e
ffffdf4f
fffff877
fffffacf
ffffefbb
000003af
000003f7
0000031b
000003ca
ffffe679
fffff5d7
00000621
ffffefd7
fffff981
ffffe612
ffffdb73
ffffd5dd
fffff819
fffff446
fffffbbd
ffffbbfa
fffffd70
ffffca4c
ffffee50
fffffe70
ffffdbc1
ffffe676
fffff5bd
fffff13b
ffffdbd4
ffffee70
ffffff26
fffff4e5
fffffaec
fffffb72
ffffdcaa
fffff522
ffffe402
fffffe0b
ffffc115
fffff380
fffff660
ffffffed
000001be
ffffd1e5
ffffdc99
ffffd9b3
ffffed01
ffffe564
ffffde86
ffffe568
fffff9a3
ffffb710
ffffc434
fffff092
00000318
ffffea28
ffffef43
fffff53a
fffffe0d
fffff47c
fffffe18
fffff13e
fffffe00
ffffd6c9
ffffc042
ffffdcec
ffffff3e
fffff225
ffffd647
fffffcd1
fffff64e
000006db
000011fe
ffffc92b
fffff5c8
ffffdef8
ffffe6ca
ffffd22c
ffffea7a
ffffe63c
ffffd5de
ffffff51
ffffeff7
ffffe334
fffff673
fffff6d7
fffffb05
0000068d
00000658
fffffe51
fffff100
00000134
fffff550
00000747
ffffe935
ffffe081
ffffc541
ffffe0fc
ffffe03e
ffffebe9
00000787
fffff760
fffff7e3
ffffe77a
ffffdb65
ffffee23
ffffe2f4
ffffee0a
ffffebe4
ffffd3ef
fffff932
fffffedf
ffffe9f3
ffffbcf9
ffffe098
fffff8da
ffffe4c4
ffffe787
ffffd422
ffffe843
ffffe5be
ffffbc01
fffff540
ffffe6db
ffffe37c
ffffcdba
ffffe6ec
ffffd245
ffffd737
ffffdd34
fffffa4a
ffffe155
fffff4e1
fffff45b
ffffe426
fffff4ef
00000119
ffffac3e
fffffab7
000005d9
00000049
ffffd085
ffffb4df
ffffe2f8
fffff182
ffffcb48
ffffc2e5
fffffaa3
fffff225
ffffd3ce
ffffe89d
ffffddfc
fffff321
fffff8ec
ffffb9c5
000003f6
ffffd5d8
fffff70a
ffffed9c
ffffe702
ffffcb13
000006f6
fffff658
ffffdb81
ffffd86a
ffffee2e
fffff975
fffff38c
ffffd7f9
00000de2
0000005d
ffffce14
ffffc3b9
fffff328
ffffcd5e
fffff530
000002d6
fffff785
ffffc81b
ffffe282
ffffe048
00000226
fffff775
fffffb21
00000555
ffffeb6a
ffffd695
fffffcfe
ffffe905
fffff6cb
fffff79d
0000074c
ffffc730
fffffafb
ffffdfaf
fffff07e
ffffd0ec
fffff82c
ffffdd8d
fffff3e6
fffff722
ffffe10b
0000000e
ffffeee5
ffffc7df
ffffdb9d
ffffeea1
ffffdcab
ffffc773
fffff299
ffffb79f
fffffb76
fffff2ec
ffffe411
fffff290
fffff3e1
fffff579
ffffeeb9
fffff25b
ffffd4f1
ffffff2c
ffffe7c3
fffff5af
00000029
fffff249
ffffe3a2
ffffe184
ffffd937
ffffcfd2
fffff204
ffffd8ee
ffffbadc
fffffcfc
ffffff99
fffff0cb
ffffd397
ffffedc6
fffffbe6
ffffde3b
fffff62a
ffffea7c
ffffe055
fffff3f8
ffffdb4c
fffffa0b
0000047f
ffffc00a
ffffd6c5
ffffc742
fffff96a
ffffedf5
fffff82e
00000803
ffffc9a6
ffffd3b1
fffff5d6
fffff94c
0000009d
ffffcb30
000002c1
00000089
ffffef3c
ffffca3c
ffffd597
ffffc2dd
ffffff67
ffffb8ca
ffffe570
fffff295
ffffe5ac
fffff77e
00000d41
ffffe710
ffffef1e
ffffe401
ffffe996
ffffc082
ffffe060
ffffff95
ffffff06
ffffef1b
fffffa6d
ffffe38f
fffff2ac
fffff7c4
ffffcfe8
000000af
ffffe9a6
fffff5ba
fffffe53
ffffee6f
ffffc255
ffffdc08
fffffe63
ffffda31
ffffda37
fffffba5
fffff544
ffffe321
ffffed58
00000289
fffff333
fffff654
ffffd101
ffffe28d
ffffbe46
ffffdfd8
fffff391
ffffe745
fffffe66
fffff1b8
ffffd440
fffffaca
00000003
fffff4ad
fffff0f2
ffffe5c9
ffffd632
ffffbd6d
fffffac7
ffffe04a
fffff136
ffffb6a7
ffffe74a
ffffddf7
00000080
fffff294
fffffa82
ffffe76c
fffff047
ffffb613
ffffe565
ffffdd5d
ffffdbef
fffffb21
ffffbfe3
fffffb33
fffff8f4
ffffc4e3
ffffe923
ffffd952
ffffe25f
ffffc927
ffffeac2
ffffbb25
ffffec65
ffffe9c1
000000c0
ffffe0b4
ffffeb3e
ffffed83
ffffcc1b
fffffc7d
ffffc867
ffffebfd
ffffb08c
ffffc638
fffff528
ffffb6a2
ffffd24f
ffffe1a3
fffff1b1
ffffe5af
fffff69a
ffffe779
ffffcf3d
ffffd8dc
ffffe326
fffffe3e
ffffdff6
fffff7d4
fffff370
fffff39f
ffffda6e
ffffdbee
ffffd0b8
fffff759
ffffcf92
ffffe459
fffff953
ffffcef3
fffff71f
fffffd02
ffffba49
ffffd9b9
fffff49d
fffff2db
fffffd77
ffffee37
ffffd783
ffffdb17
ffffca17
ffffdc62
ffffcaf8
ffffe463
0000028e
ffffd50a
fffffc99
fffff608
fffff203
ffffda34
ffffc84d
fffff513
00000892
ffffd5ce
fffff87f
fffffeba
ffffd44f
ffffd2df
fffff0d8
fffffcf6
ffffcee6
ffffc422
fffff619
ffffd89f
ffffe15f
ffffcfcb
ffffcb79
fffff36d
ffffc1e0
ffffc9ca
ffffd755
fffff993
ffffaa3c
fffff001
ffffbec4
ffffff4e
fffffe57
ffffe439
fffff32b
fffff044
fffff3c5
ffffc7ab
ffffe4d2
fffff27d
fffff23d
fffffeb3
fffffac6
ffffca61
ffffe499
fffff8b3
ffffe9c8
fffffc50
000002ee
00000218
ffffd97d
ffffddb9
ffffba04
ffffdaf9
ffffc7bd
ffffeef7
ffffbdd9
ffffeeff
ffffea39
ffffce39
fffffd1b
fffff8ed
ffffce9c
00000259
ffffcac8
00000452
ffffd70c
ffffd109
ffffc157
ffffee68
ffffd206
ffffedbe
ffffc3df
ffffe015
ffffe457
ffffe60f
000000b8
ffffd13d
ffffbf95
ffffeec8
fffff259
fffff502
ffffd7f1
fffffc62
0000050b
ffffd74a
ffffe74b
fffffd8a
ffffc947
ffffd50c
fffff634
fffffdd8
ffffec17
fffff8c2
ffffd7bc
ffffa6a9
ffffb61b
ffffce1a
fffff121
ffffea16
fffff48a
fffff934
ffffd5b4
ffffebc9
ffffc68d
ffffde44
ffffcea0
ffffc8b4
ffffff21
fffff27c
fffff037
ffffd8d7
ffffc9ef
ffffe528
ffffe653
ffffe69b
ffffce97
ffffde93
ffffdcda
fffffdd5
ffffbeb8
ffffc095
000000e5
ffffd4c4
ffffd885
ffffe0fe
ffffdc41
ffffb681
ffffbafd
fffffe96
ffffce2f
ffffc792
ffffdbc0
ffffcedf
ffffbea4
ffffc5c3
ffffcbe7
ffffee04
fffff1b0
ffffe43d
ffffcfb9
ffffebe5
ffffd857
fffff431
ffffe1c7
ffffba27
ffffe7e6
ffffdb18
ffffb6a9
ffffd2de
ffffb801
ffffd5e9
ffffa8ae
ffffd19e
ffffba2f
ffffde8c
fffff214
ffffff76
ffffda69
ffffe74e
ffffd784
ffffbce0
ffffea62
ffffbcd8
ffffe396
ffffff4a
ffffbcbb
ffffe813
00000961
ffffebdf
ffffb279
fffffd61
ffffde76
ffffd45a
ffffddbf
ffffb8bf
00000506
ffffe70d
fffffd5f
ffffca79
ffffd7fe
ffffd015
ffffd9eb
ffffe3e2
ffffb72b
fffffda0
ffffe38c
ffffefd2
00000783
ffffb540
ffffee39
ffffddca
ffffd75a
ffffcc4c
fffff6f6
ffffebdb
ffffd110
ffffe853
fffff3d0
fffff069
ffffcf27
ffffe281
fffff98e
ffffc97f
ffffee7a
ffffd429
00000106
ffffe707
fffff009
ffffc1ef
ffffd781
fffffc04
fffff632
ffffd2ea
ffffb801
ffffd92c
ffffb953
ffffd765
ffffcdeb
ffffc965
ffffee03
ffffcc12
ffffd2f8
0000027e
ffffc2ed
ffffd5b5
ffffb20f
ffffe261
0000027a
ffffca8a
ffffefad
ffffdf1e
ffffcc35
ffffc1f8
ffffd59a
ffffd974
ffffc1fc
00000189
ffffad22
ffffdc80
ffffca05
ffffdca2
ffffe7c7
ffffc5d0
ffffdf71
ffffda48
ffffdddb
ffffda94
ffffd408
ffffc180
ffffe8ce
ffffe6fd
ffffb919
ffffde21
ffffd89f
ffffded4
ffffd368
ffffd2f9
ffffc662
ffffcb8e
ffffc671
ffffbcec
ffffb382
ffffec8d
ffffcd3d
ffffd39c
ffffd337
ffffd92b
ffffe682
ffffd677
ffffcffd
ffffcc1a
ffffc1d7
ffffc450
ffffd66a
000006f3
ffffdea4
fffffac2
ffffcb96
ffffb738
ffffc45b
fffffac7
fffff922
ffffd76d
ffffd85c
ffffe3cf
ffffe034
fffffa12
ffffb844
fffff089
ffffcbf7
ffffe5b1
ffffddd3
ffffd9d3
ffffc313
ffffe942
ffffcf63
ffffab68
ffffcd8e
ffffff87
ffffb8e3
ffffca9f
ffffcf3a
ffffd335
ffffc649
fffffd37
fffff9ec
ffffece6
ffffc387
ffffd054
ffffca23
ffffe2b0
ffffce32
00000055
ffffc68c
ffffc54b
fffff09e
ffffcb0d
ffffd7ce
fffff8bc
ffffc1e2
ffffc5b6
ffffa72e
ffffc65b
ffffbfde
ffffe2b6
ffffe9aa
ffffecfe
ffffe417
ffffe29b
ffffcf78
ffffd2c6
ffffdfc6
ffffb97b
ffffdaf0
ffffd744
ffffb166
ffffe554
ffffb975
ffffd645
ffffd03a
ffffcac5
ffffc1ac
ffffd2b9
ffffc151
ffffd963
ffffcb3d
ffffbb0e
ffffc311
ffffec80
ffffd002
ffffd457
ffffc716
ffffc3c8
ffffd3f9
ffffd653
ffffc082
ffffe747
ffffd783
ffffcd6c
ffffc176
ffffd7aa
ffffefe8
ffffc440
ffffb1c4
ffffcacf
ffffbb9a
ffffcdb4
ffffbea3
ffffebeb
ffffbe7f
ffffe2b6
ffffc2e7
ffffec40
ffffebda
ffffcefb
ffffd16b
ffffddb3
ffffbf60
ffffcdfe
ffffe394
fffff2cd
ffffe840
fffffdc4
ffffb6f0
ffffd799
ffffde6e
ffffdade
ffffdee0
ffffd14a
ffffc577
ffffd487
fffffa74
fffff902
ffffda1a
fffff91f
ffffd7fd
ffffd63e
ffffe476
ffffe1f7
ffffc1ea
ffffc5c9
ffffd02d
fffffa74
ffffe60b
ffffc0d4
ffffd5d9
fffffdb4
ffffd0e9
ffffebbc
ffffde7f
ffffec02
00000519
ffffe5e6
00000692
ffffcb58
ffffd0f8
ffffb13d
ffffd6b1
fffffd36
ffffc3dc
ffffcab8
ffffdc41
ffffc2b9
ffffdb4a
ffffedca
ffffeb21
fffff881
ffffd552
ffffcbeb
ffffbad4
00000511
ffffdc4d
ffffe4c5
ffffe490
ffffee98
ffffcf0d
ffffe582
ffffd55e
ffffe0d8
ffffcd23
ffffb8d5
ffffd012
fffff240
0000044f
fffff1cc
ffffbd0e
ffffd7b1
ffffc774
ffffed05
ffffdb32
ffffdea7
ffffc7e1
ffffcf9f
ffffca33
fffff1aa
ffffb949
ffffe2de
ffffcf9e
ffffd6f5
ffffaf96
ffffcf9b
ffffe046
ffffc171
ffffca90
ffffd46f
ffffd9d3
ffffd14d
ffffdfb1
ffffc99e
ffffd3da
ffffdc17
ffffce7f
ffffd3a4
ffffe094
ffffe7d5
ffffd9f7
ffffb978
ffffd7d7
ffffca5c
ffffd465
ffffbf78
ffffbf5a
fffff373
ffffd160
ffffdae9
fffff463
ffffd390
ffffe8be
ffffc04e
ffffd486
ffffd907
ffffd2fd
ffffe2df
ffffcf59
ffffb1c3
ffffce58
ffffb7ab
ffffdf58
ffffc653
ffffb87b
ffffc23a
ffffb809
ffffdecf
ffffd8d1
ffffdaaf
ffffddb8
ffffde30
fffff1a7
ffffd651
ffffb02c
ffffc5a9
ffffc3fc
ffffb8ec
ffffb535
ffffc265
fffffe31
fffff6c6
ffffdb2e
ffffbe62
ffffd78e
ffffd78b
ffffc721
ffffd98a
ffffd453
ffffd174
ffffcb60
ffffd832
ffffe08d
fffff2c0
ffffd512
ffffc063
ffffde8f
ffffac34
ffffc83c
ffffc598
ffffc750
ffffd606
ffffcc90
ffffc544
ffffee81
ffffd8f6
ffffdbdd
ffffc724
ffffb79a
ffffd8ba
ffffd6c9
ffffd2c4
ffffccd8
ffffcc2d
ffffe4b3
ffffd1a3
ffffd229
ffffb886
ffffaff2
ffffd6f7
ffffe36a
ffffc5fc
ffffd7ab
ffffdf8f
ffffe354
ffffd910
ffffef39
ffffbe37
ffffbb69
ffffdbd5
ffffce33
ffffd070
ffffd56f
ffffdfbc
ffffc824
ffffe22e
ffffbfed
ffffbe56
ffffe801
ffffdd48
fffff319
ffffd484
ffffde41
ffffc8bb
ffffcd2e
ffffc555
ffffc989
ffffc81b
ffffac69
ffffd1a8
ffffee5b
ffffb817
ffffd035
ffffc670
ffffac2a
ffffd198
ffffc55e
ffffcd61
ffffd267
ffffd1ec
ffffb91a
ffffda3f
ffffd93e
ffffd210
ffffe1bf
ffffc202
ffffd892
ffffe181
fffff012
ffffbf94
ffffdfeb
ffffc1ee
ffffcf3e
ffffe0d3
ffffc5f8
ffffcd12
ffffcd06
ffffc5f5
ffffcf27
ffffe9a9
ffffbd90
ffffc50b
ffffd0cd
ffffc388
ffffdb7e
ffffbac0
ffffb341
ffffcda7
ffffd260
ffffc9a7
ffffe881
ffffd27e
ffffcb20
ffffe146
ffffcdb4
ffffd03d
ffffc548
ffffc9d2
ffffe8f6
ffffc111
ffffb82a
ffffc77a
ffffe2d6
fffff0fc
ffffc710
ffffdcb2
ffffd07e
ffffd7d4
ffffe500
ffffd98d
fffff611
ffffc605
ffffd039
ffffcac1
ffffdaa9
ffffa4d9
ffffbdca
ffffcd7d
ffffcd3c
ffffe754
fffff5bf
ffffe1cf
ffffc760
fffff263
ffffd38d
ffffd4c9
ffffb465
ffffb5b9
ffffc33d
ffffc251
ffffe38a
ffffc26a
ffffda72
ffffb9b3
ffffd386
ffffdc6f
ffffd152
ffffbdb5
ffffde48
ffffd401
ffffb55b
ffffc274
ffffd229
ffffdb15
ffffdb2c
ffffd1cf
ffffc844
ffffd605
ffffd14c
ffffcef5
ffffc681
ffffd775
ffffd63f
ffffd40e
ffffd7a3
ffffd35d
ffffcdbd
ffffd963
ffffce86
ffffb7de
ffffb835
ffffca4a
ffffac0c
fffff4d5
ffffcf60
ffffccf5
ffffa478
fffff332
ffffdde5
ffffde01
ffffe0e1
ffffb4d8
ffffbe8b
ffffc7a8
ffffbb75
ffffd077
ffffce3a
ffffc0c3
ffffd213
ffffcbf8
ffffc0c9
ffffc556
ffffb880
ffffced8
ffffbef6
ffffdd5b
ffffcfcd
ffffde4c
ffffed91
ffffbe11
ffffc7d8
ffffbb18
ffffbdc2
ffffd59f
ffffe6d4
ffffce3e
ffffd7bd
ffffda99
ffffe23c
ffffcfc4
ffffdf66
ffffd5d5
ffffdfad
ffffc665
ffffc4d9
ffffe008
ffffbf4d
ffffda57
ffffd1c3
ffffbf7b
ffffc08d
ffffd121
ffffe80f
ffffc1e4
ffffd2c1
ffffca7c
ffffd2a6
ffffc927
ffffb8c1
ffffd362
ffffc4c8
ffffc031
ffffb333
ffffd49d
ffffcb05
ffffb720
ffffd2f2
ffffbc8d
ffffb732
ffffd0d3
ffffcabf
ffffd685
ffffcf26
ffffc420
ffffc163
ffffb334
ffffd5f6
ffffd031
ffffec96
ffffdd2e
ffffcc25
ffffbe1a
ffffd9b5
ffffcdd4
ffffc337
ffffb9d5
ffffea6c
ffffcf72
ffffb173
ffffde46
ffffd4ff
ffffe861
ffffc563
ffffd554
ffffc7ee
ffffcfe7
ffffe272
ffffc70a
ffffbc3d
ffffda00
ffffba46
ffffd228
ffffc11d
ffffe618
ffffbd1e
ffffd7d4
ffffc086
ffffd685
ffffe8c8
ffffe58a
ffffb67b
ffffdade
ffffd3d9
ffffcf52
ffffb591
ffffe369
ffffd7d5
ffffc0d0
ffffd535
ffffbd47
ffffdeaf
ffffda8d
ffffd04a
ffffcfa3
ffffc096
ffffd7c3
ffffc764
ffffdd87
ffffbf3c
ffffc36e
ffffcbab
ffffd608
ffffd698
ffffd4fc
ffffe5fc
ffffca56
ffffbf64
ffffc81a
ffffbb41
ffffc57c
ffffd223
ffffc1cf
ffffe38b
ffffbf78
ffffddd1
ffffb5b2
ffffb261
ffffc834
ffffc033
ffffdf91
ffffd216
ffffbd89
ffffdff1
ffffc859
ffffcb83
ffffc852
ffffc6ac
ffffcc93
ffffd5c6
ffffeb1d
ffffcd9f
ffffbe8c
ffffcba7
ffffb50f
ffffc987
ffffca83
ffffc72e
ffffe034
ffffbffc
ffffd978
fffff4c6
ffffbbf5
ffffbe88
ffffc7de
ffffebed
ffffb45b
ffffb6c3
ffffc776
ffffdd86
ffffd4c3
ffffe444
ffffe3e8
ffffe2ef
ffffcd42
ffffbfff
ffffcc2b
ffffb185
ffffc657
ffffc190
ffffeb3d
ffffd15b
ffffc0e6
ffffdfa4
ffffd322
ffffda02
ffffe923
ffffd3aa
ffffe186
ffffdb8c
ffffc55e
ffffcc77
ffffc435
ffffd292
ffffd9e8
ffffe1e4
ffffde3e
ffffd6af
ffffc4d7
ffffcb8c
ffffc95d
ffffc286
ffffab64
ffffc31b
ffffdb3d
ffffcb6f
ffffc02a
ffffec65
ffffc5c5
ffffd47c
ffffdafd
ffffb641
ffffd80c
ffffd838
ffffcc15
ffffd0f7
ffffc723
ffffd35a
ffffe1be
ffffcf49
ffffc1f0
ffffd48f
ffffcdc8
ffffeebb
ffffd579
ffffd911
ffffc60d
ffffdfbf
ffffcbc5
ffffb7c4
ffffcf5f
ffffc9b2
ffffcff0
ffffce2a
ffffc95d
ffffcfa8
ffffc06d
ffffba18
ffffc747
ffffb8a6
ffffaa05
ffffe6b7
ffffc1d1
ffffd722
ffffd206
ffffc855
ffffd82b
ffffc7e0
ffffd7a4
ffffcb5e
ffffcd72
ffffb93d
ffffcbff
ffffd90c
ffffd1a9
ffffde0c
ffffc833
ffffdb0e
ffffd690
ffffc465
ffffd3cb
ffffcf7e
ffffe8f0
ffffb3d1
ffffdb2f
ffffb9f0
ffffd013
ffffc533
ffffbbe0
ffffd278
ffffcf87
ffffd050
ffffd738
ffffce64
ffffbc1c
ffffbf94
ffffd5be
ffffbeaf
ffffc6ca
ffffc7bb
ffffc4d4
ffffc08d
ffffd6a7
ffffc23a
ffffd0f8
ffffcc0e
ffffbe34
ffffbe81
ffffed62
ffffe580
ffffba0f
ffffcaac
ffffb88c
ffffb755
ffffda50
fffff03d
ffffce25
ffffcaf4
ffffd8b9
ffffc7c4
ffffea60
ffffdd5b
ffffbd2b
ffffd832
ffffd7d8
ffffbb81
ffffc892
ffffdd9d
ffffdae1
ffffc124
ffffe221
ffffc1b2
ffffc3c9
ffffc4f2
ffffcd17
ffffcf8a
ffffc5f4
ffffa4e2
ffffcd73
ffffcd69
ffffc82e
ffffd4bb
ffffbc43
ffffdb1c
ffffcd54
ffffbe3b
ffffd8de
ffffdcd6
ffffc652
ffffe1c7
ffffde5f
ffffd8ac
ffffbba9
ffffed72
ffffd215
ffffb53d
ffffcd74
ffffc36f
ffffd905
ffffbaac
ffffd093
ffffc6ae
ffffc1b5
ffffe4c4
ffffd09e
ffffd9a0
ffffc136
ffffd072
ffffc523
ffffd39d
ffffe0cb
ffffc2b8
ffffd2e8
ffffcd0f
ffffe773
ffffdded
ffffdc40
ffffdb47
ffffcb06
ffffde95
ffffd74b
ffffbc7c
ffffd3bc
ffffc777
ffffc89e
ffffd454
ffffda6f
ffffcc5a
ffffd971
ffffb548
ffffd097
ffffb7ee
ffffc7ff
ffffc6b3
ffffe446
ffffb782
ffffc3bb
ffffc5c3
ffffd6ee
ffffc224
ffffd344
ffffd59b
ffffc2eb
ffffcf4e
ffffd31f
ffffce13
ffffd261
ffffbdbf
ffffcd19
ffffca2c
ffffc4f7
ffffc4a7
ffffd934
ffffbc0d
ffffd066
ffffe71d
ffffc5ca
ffffcfb8
ffffd0f5
ffffce8d
ffffcf91
ffffde07
ffffb3dc
ffffc9a7
ffffda21
ffffd2be
ffffd763
ffffdab9
ffffd7d3
ffffd6ee
ffffdacd
ffffbbe8
ffffd977
ffffd0aa
ffffcd70
ffffe095
ffffc981
ffffdc8e
ffffbe16
ffffb162
ffffb494
ffffcebf
ffffc3ee
ffffca01
ffffbc8e
ffffd6b1
ffffd90b
ffffbf63
ffffc063
ffffd4aa
ffffef6c
ffffd832
ffffcdb6
ffffb43c
ffffbcf3
ffffbae2
ffffd488
ffffe301
ffffbb55
ffffec21
ffffd3db
ffffd781
ffffe06d
ffffbaa6
ffffe74c
ffffd291
ffffb719
ffffcb0e
ffffcace
ffffbab8
ffffdaac
ffffc032
ffffc1ef
ffffd124
ffffe792
ffffd88f
ffffc496
ffffb149
ffffd6d6
ffffb7e6
ffffc5d2
ffffea38
ffffc806
ffffbdc0
ffffd371
ffffd5a1
ffffde2a
ffffab48
ffffcca5
ffffb709
ffffcff1
ffffd00b
ffffd4a1
ffffb6fd
ffffe620
ffffdee5
ffffc138
ffffcba4
ffffbf32
ffffbdf4
ffffcfdf
ffffd641
ffffe7d4
ffffdb6b
ffffd5b3
ffffd334
ffffd7b7
ffffc4f0
ffffeb0e
ffffc9c6
ffffbefe
ffffcffd
ffffd818
ffffbe84
ffffca7e
ffffbfd0
ffffbb6e
ffffbe2b
ffffbe7f
ffffd70d
ffffcd76
ffffdac5
ffffd1f9
ffffda3a
ffffe14d
ffffb824
ffffc903
ffffe8c6
ffffd24f
ffffc1ae
ffffd9ab
ffffcd2c
ffffcaa8
ffffc27d
ffffcaf1
ffffc0db
ffffc744
ffffbb2a
ffffe319
ffffc3b3
ffffc49e
ffffd36a
ffffcd16
ffffe476
ffffac0c
ffffd8e8
ffffccb5
ffffc669
ffffb8ce
ffffcbfb
ffffd9fd
ffffbe6e
ffffdaf0
ffffcfdc
ffffd736
ffffe857
ffffc267
ffffb021
ffffc49f
ffffc91c
ffffdf1f
ffffbfdd
ffffcf1d
ffffc522
ffffd250
ffffdae8
ffffc1ae
ffffd1b9
ffffca25
ffffd9dd
ffffd2c4
ffffb82d
ffffcc68
ffffda81
ffffe1e6
fffff28a
ffffcace
ffffd657
ffffbd27
ffffc302
ffffcd2a
ffffbf12
ffffce9b
ffffe769
ffffcbd6
ffffc189
ffffc893
ffffd1f1
ffffaaae
ffffd7df
ffffe131
ffffe8e1
ffffe381
ffffc884
ffffc3e2
ffffd7e6
ffffcdb3
ffffc669
ffffcf38
ffffcc3c
ffffd5bd
ffffda08
ffffc58f
ffffd45b
ffffc095
ffffbea2
ffffcd3c
ffffbd44
ffffd0dd
ffffd643
ffffba8a
ffffc226
ffffac5e
ffffc507
ffffe003
ffffdc94
ffffe028
ffffccd2
ffffcdc9
ffffcf72
ffffcadb
ffffd54b
ffffb9d2
ffffd5d2
ffffd4d9
ffffcdce
ffffbf03
ffffc669
ffffbe99
ffffb1d0
ffffdb7a
ffffdd61
ffffdd21
ffffbd69
ffffcdd1
ffffd8c3
ffffba43
ffffc57d
ffffd330
ffffc2cb
00002339
0000136e
00000e3e
00001ac5
fffff571
0000073f
ffffdf93
00000869
ffffed00
ffffec67
00002722
fffffc4d
fffffdb5
0000025a
fffff185
000005f1
000000ce
00000214
fffffd99
ffffec2a
000002f9
00000456
000012da
fffff7fa
00000448
00001929
0000171a
00000482
00001802
0000172a
ffffed4d
fffff6e4
fffffd44
000001f3
00000230
ffffffb2
00000655
fffff809
fffff927
00000614
fffffd6d
ffffd6a9
fffffea0
000006e0
0000077e
000008cd
00002ae8
fffffd33
fffff70b
ffffdc87
fffff9b4
fffffc28
000007d7
fffffa04
ffffff2b
ffff9d12
00000806
fffffb73
00000055
000020b4
000002de
ffffe8d4
fffffa38
fffffc09
fffff8ea
000004de
00000e66
ffffef87
ffffed7d
00000041
00001ca6
000014a4
0000110c
fffffd42
fffff98c
ffffe849
00000bb6
00000a77
fffffe75
00000787
fffffb15
fffffb20
fffffeb9
0000052a
00001245
00001384
ffffe829
fffff4ce
fffffe28
0000019c
00001045
fffffb31
00000675
fffffde3
00000026
000009b9
fffffa38
fffff829
00000d54
ffffff95
000009b2
0000071f
fffffde9
fffff8af
0000062f
fffff372
0000005b
000007d0
000000be
fffff34a
00000ab0
ffffd913
00000055
fffff915
fffffd59
00000ee2
fffffef3
fffffc32
00000b0d
00000533
ffffff2e
fffff7fa
00001394
0000019b
00000117
fffff439
000020bc
00000282
000047f0
00000022
00000069
fffff0db
000000f8
00000325
000001e3
00000bf9
fffff7ce
fffff263
000008ba
fffff0fb
0000027f
00000985
00000172
fffffe3a
fffffb52
fffff63e
00000a39
0000076d
fffff94f
00000f3f
fffff522
000000c1
ffffff02
00000471
00001468
ffffffda
0000036f
00001312
0000003e
0000012e
00000537
fffffd63
00000466
fffff912
fffffc48
fffff98f
fffff1b7
00000100
000008a2
fffffd25
0000052a
000004d9
fffff785
00000eae
00000187
000005d5
00000335
00000478
fffff6d8
0000015b
fffffd59
fffff653
000007a5
fffff9eb
00000ade
fffff6bc
ffffecaf
0000095e
000003e3
ffffefab
000003bb
00000290
000002fa
000007f9
000002df
fffff54e
00001214
00000255
fffff9b1
0000055f
0000004c
00000442
00001965
000001d4
000005ea
000008e6
00000876
fffff5c7
000002a0
fffffcc3
000002cb
00000983
fffff81e
fffffdc5
00000368
000003ec
00000636
00000209
fffff6f0
00000783
00000966
0000035a
fffffa8d
fffff9a4
fffff7ba
fffff8c9
fffff5ff
fffffc95
00000756
0000072c
fffffd05
fffffcd1
00000975
000008ca
ffffeb58
fffffac9
000005f5
00002710
000002b4
00000888
fffff90c
0000033e
0000042a
000005d8
0000029d
0000002e
00000115
fffff5c4
fffffac5
0000028e
fffffde6
fffff921
fffff89f
000000b0
fffffbf6
00000554
fffff309
0000016f
fffff0d4
ffffffab
0000057b
000003ff
fffff4c5
ffffc2e5
fffff53a
fffffc6c
fffff7cd
fffffad8
fffffbd1
fffffea2
fffff7da
00001060
fffff3ef
000002ee
00000649
000000df
00001017
ffffc7dc
ffffe62c
00000025
fffffaf8
ffffff95
000006df
fffffb08
ffffffce
fffffc4d
000001a6
000007c7
fffffe7f
00000196
fffffb29
fffffb9f
fffff8a8
00000025
0000075f
fffffabc
00000595
000001f6
00000b3b
fffff4f1
000007ca
0000096f
fffffe82
fffffc64
fffff685
0000070c
0000021a
00001414
0000033a
00000449
000010a5
00000345
0000006a
000006cb
00000214
fffffce7
ffffffb5
00000743
00000ad6
0000007b
00000509
0000219d
00000f07
00000388
fffffc0a
fffffc31
fffff706
00001619
fffff330
fffffb50
fffffc49
000001b4
ffffece3
00000465
fffffee1
000001dd
00000421
00000354
fffff4de
0000077f
00000800
0000067d
fffff3a3
fffff90a
fffff6bd
fffffe18
0000058e
fffff7df
000009d0
00000f4d
00000087
fffffc32
fffffb70
0000000d
000010af
fffffab6
00000f9a
000002af
0000126f
00000250
00001103
fffffe74
0000114d
ffffe2e9
000003c4
fffffe63
fffff832
00000278
fffff956
fffffeca
fffffa4c
0000042e
000001f9
0000069f
ffffee35
fffffdb6
fffff601
00000b24
00000d67
fffff9e5
0000030a
fffff486
fffffc88
000001c2
0000033e
000007bc
0000004d
fffff5bf
000002ad
fffff46f
00000246
00000253
000009a7
fffffcf1
0000024e
00000267
fffffcfa
fffff777
fffff111
ffffffc7
fffffe5a
fffff9b9
fffffb5a
fffff81d
fffffc51
000006c7
00000fef
fffffb93
fffffbd5
000009a3
fffffe48
00000936
000002bb
fffff12f
00000930
fffff889
00000275
fffffe79
fffff3d3
fffffead
0000067e
000008a9
ffffff18
00000752
00000424
000000bb
000005b9
00000f19
fffffb39
ffffff0c
00000015
00000607
0000004e
fffffe45
fffffa79
fffff15e
0000041f
ffffe5ca
fffffdf6
fffff722
00000295
000005a2
0000038e
fffff5ab
0000089a
00000309
ffffff5a
00000d4a
00000154
ffffecf5
ffffff72
00000140
000008ff
fffffb15
fffff976
00000ba7
0000007d
fffff64b
000000f8
0000075c
fffff49c
fffff176
ffffff4a
000002eb
0000004e
00000230
000010d3
000001e3
00000274
fffff8f3
0000010e
fffff1b3
fffff756
00000b15
fffff9b3
00000a79
00000a1c
000005fe
fffff523
fffffb1e
ffffff3d
000000a7
fffff88b
fffff953
fffffc7a
fffffaf3
fffffe4b
fffffb1b
fffff9ec
ffffe910
fffff403
fffff5db
ffffffb5
ffffede5
000009f5
ffffe627
00000568
fffff8c5
00001034
fffffcb7
000002de
ffffec2d
0000036c
00000278
ffffe512
00000a60
fffff49a
fffffa46
00000937
fffffd31
fffffa9e
ffffff05
fffffb44
00000b61
000005bb
fffffe5f
00001182
fffff94b
0000006b
fffff60a
fffffb27
fffff72d
00000481
000002bd
000002e8
fffff744
000002f6
00001b18
00000a08
000003ff
fffff01f
ffffff43
00000505
ffffff40
fffff941
ffffff49
00000a28
000003b7
000004f8
000001b1
fffff624
00000586
00000a60
000004c5
00000880
fffff681
fffff6e8
000001c8
fffff82a
ffffe44d
00000186
fffffa25
000001d6
fffffe38
fffff99e
fffff6db
fffffa72
0000079a
000009b3
fffffbf6
000006e2
000001a8
fffff519
00000828
fffff767
fffff584
fffffc16
000004c9
000008f9
fffff87a
fffffc9d
000008af
0000041c
00000235
fffffa25
fffff9dd
fffff2d8
fffff58a
ffffe44b
00000590
fffffd47
ffffff69
00000532
fffff3f1
000004be
00000020
000005a8
fffff37a
00000be8
fffffe49
fffffd05
000005ad
fffffc9a
fffffb38
fffffbff
00000da3
00000a7a
000007e7
0000083f
fffffea2
00000369
fffffcec
fffff7bc
00000375
0000106a
fffffde8
00000e13
fffffd85
ffffea64
ffffff24
fffffb77
fffff98c
fffffe33
000003ba
00000101
00000370
fffff256
0000018a
0000042c
fffffd09
fffffad0
00000033
000006db
0000018b
fffffc9b
ffffff59
00000863
00000701
000005b9
00000418
fffffb9a
00000679
fffff597
fffffb1d
00000b49
fffffdaa
ffffed6f
fffffc73
000000bc
fffff943
00000256
00000752
ffffe54b
fffff7f7
fffffa57
ffffff87
00001290
00000102
0000020c
000008c5
fffffb45
00000538
fffffd5e
00000768
000001cd
00000344
000008cc
fffffae3
0000043f
00000455
fffffbb0
000006f6
ffffff0a
fffffec2
fffffd6d
fffffc36
000042e6
fffffce7
fffff338
fffffd88
fffff663
fffff432
00000045
00000361
fffff94e
0000048b
000001d7
00000cb3
fffffcd0
00000328
00000f52
fffffd98
00000243
000002e3
00000f0b
00000407
00000084
000009df
fffffd7f
fffffb89
0000105c
00000539
000001b6
fffff87d
fffffc70
00000129
00000a70
fffffbd9
000004f4
ffffff03
00000ec7
00000ae5
fffff7f2
0000040e
fffff56b
fffff831
00000ff2
000002f9
000001c6
fffffd04
000001e0
00000435
000007e4
fffffa16
fffffb92
00000b29
ffffffdb
00000c7c
fffff9ae
00000b92
fffff39f
0000084f
fffff73f
fffff0b9
fffffa4e
fffffc91
000002eb
fffff755
fffff82c
00000307
0000063c
00001246
fffff6f7
00000475
00000373
000000bc
fffff884
00000421
0000003b
fffffecb
ffffe6bf
fffffb18
fffff837
ffffff77
0000015d
fffffe82
fffff51e
000001e5
000002b8
00000c48
00000039
00000147
00000463
00000206
fffffcd8
fffffef1
00000081
fffff603
00000c2e
00000126
fffffb5a
0000060f
fffff1e6
000005de
0000076e
fffff8fa
fffffdca
fffffed9
ffffff09
fffffdaf
000002b1
0000071c
00000291
00000364
fffffa77
00000537
fffff99f
ffffff19
fffffb34
00000d08
fffff9c2
fffffaf1
fffff0f7
00000412
fffff9b5
fffffc62
0000022c
00000c37
00001087
000009ca
0000030e
0000028f
fffffc0f
fffff7dc
fffffaca
000002b3
00000a50
fffffe5a
fffff8e7
000000be
0000076e
00000484
0000086e
fffff941
00000208
00000255
ffffff49
fffff89b
fffff86a
0000079e
fffff935
00000a61
00000da3
fffffcfd
00000429
fffff993
0000025b
fffffec9
00000486
fffffc78
fffff6d3
fffff931
0000046b
ffffffb0
00000202
000008f9
00002140
00000145
ffffff9b
fffff71b
fffff579
fffff7a9
fffffba0
ffffff02
fffffda1
000002de
00000ae0
00000e2f
fffff159
00000088
fffffbc2
0000011b
00000081
000000f9
ffffea94
ffffe982
00002333
fffff9b0
00000394
fffffd90
00001ce0
00000485
00000040
fffff9ff
ffffe42c
00000bd6
ffffff89
000005ae
000000c7
000006d8
00000200
00000002
00000862
00000210
fffffd9d
000001d4
fffff810
000003ec
fffffa7a
000005e6
fffffa55
fffffc5f
00000372
fffffa17
000005ae
000002cc
000002da
000009c7
00000758
00000a77
fffffeb5
fffff39b
fffff78a
00000109
0000058a
fffff682
00000cab
fffffeee
fffff4da
000009de
ffffe619
000000ce
000003d0
fffffc21
0000059a
fffffd42
fffffd16
fffffb15
000008af
000000ca
fffffbbb
00000479
00000204
fffffc82
0000023f
0000065e
fffffbb9
000000ca
fffffd98
fffff751
00000339
fffff7ad
fffffcf6
00000982
000003be
000004f6
fffffda0
fffff9d1
00000064
fffff91e
fffff8e2
00000603
fffffc52
fffffe1b
fffff54b
fffff921
fffffb25
fffffe00
fffffdd6
fffff4ea
00000614
fffff53d
00000b8d
00000355
00000188
fffffc09
fffffe91
00000324
fffff948
000006c4
fffffd0b
0000068e
000004d8
000004ec
00000c9a
fffffb03
0000072e
0000007b
fffffd4b
fffff89f
fffffcc0
fffff4e9
000005f7
000001a1
ffffeeeb
fffffe9f
00000e4e
fffff9a3
00000372
fffffb73
fffffd28
00000681
ffffff90
ffffff1c
00000203
00000dd4
000000f1
00000522
fffff4df
fffffa12
00000294
fffffd51
fffffcc4
fffffc06
fffff89d
00000667
00000367
000001b1
000001d2
000001a7
00000313
fffffd58
fffff079
00000122
00000987
fffffd81
00000605
000001e1
fffffba2
fffffde5
ffffff0b
ffffff8d
fffffec8
fffff940
0000017a
fffff310
0000055e
ffffffbd
0000050c
fffffab3
000003ab
0000016b
00001202
00000670
fffff6d5
fffff986
fffffd3e
000022d0
fffffdb6
fffffbb8
fffffd39
00000259
fffff67a
000001dd
0000076b
fffff784
fffffc2e
fffffbf7
000007e4
fffffd1d
ffffff1a
00000bea
00000a09
fffff877
000001c4
fffffc24
fffff78e
fffff595
fffffd72
0000077c
0000076a
fffffcf7
fffffe03
fffffde9
000000b8
fffffb46
00000ff4
00000391
00000fbd
000000ca
fffff6f5
00000529
00001c58
fffffe3a
000002d0
fffffd12
00000c39
ffffeb8d
fffff763
0000020a
000003ad
000005bd
fffffaad
fffffcda
ffffff2b
00000565
00000aa8
fffff857
fffff5f3
fffffff6
00000135
fffffaba
fffffa12
00000447
00001289
fffff81a
fffff738
fffffc56
ffffff09
00000a80
fffffcb6
0000071f
000007b9
00000166
000002c0
fffff4ba
00000343
fffff598
00000026
ffffff6b
fffff8f8
fffffec6
00000188
fffff8e5
fffff80e
00000095
000008b5
fffffe2c
fffffe43
fffffc97
ffffffde
fffff82b
00000639
0000007a
fffff70c
fffffa7f
fffffd3a
0000093f
0000019b
00000b42
fffffc20
00001139
fffffbee
000005c3
fffffcdc
fffff722
fffff7b8
00000049
00000294
000003db
fffffb26
fffff97c
000003df
fffffd9b
fffffe91
fffffe31
00000339
00000000
0000026e
0000018d
fffff619
00000467
00000691
fffffd64
fffffeea
ffffffcf
000004a0
fffffc00
fffffe7f
fffffb00
000005d5
00000224
00000307
ffffffc3
000003cb
00001200
00001035
fffffb41
fffffc21
00000828
000003bc
000001ea
fffffdc1
fffffc20
000007d5
000000b1
000007a6
fffffa47
fffffadc
000007e5
fffff94a
fffff99b
00000753
000003c4
fffffaa3
fffffb33
000000fb
000002bf
fffffbe7
00000179
00000306
000000cc
000004a5
000001d3
000002f9
fffffd22
fffff846
fffffc2e
fffffe48
fffff4f1
000007a2
000001bf
fffffdbd
fffff3c6
00000539
0000016a
fffff8ab
ffffffd3
00000000
000001fe
fffffd8c
00000009
fffffab1
000010eb
fffff8ca
fffffc2a
00000058
ffffff48
fffffe6b
0000068c
0000081f
000004ce
ffffffdf
fffffe3c
fffff8a7
000004f3
ffffff4c
fffff7cd
0000029d
fffffd4b
00000267
fffffbe5
0000053c
0000065f
000005be
fffffae3
00000f91
000001b9
0000030b
00000110
00000763
000000b2
fffff47e
0000014d
fffffdf1
000000a0
fffffd10
0000041d
fffff529
fffff87e
fffffe48
ffffff3d
ffffffdd
00000107
0000054f
fffffd91
ffffff2c
fffffe66
fffffa95
ffffff42
00000066
000002d8
00000459
0000022e
000002d9
fffffd48
0000042f
00000298
000005c3
00000724
00000308
fffffefc
00000090
000004ef
0000019b
fffff83b
0000006c
fffffe1f
000001c6
fffffe3b
fffffc7c
ffffecb1
fffff813
00000531
0000053b
000001bc
fffffdcc
ffffff38
fffffe44
00000f5d
00000657
00000022
00000bd2
fffffbcb
00000367
000002c9
000000c5
000007ab
ffffff6c
fffffc3c
000000b7
fffffcce
000009f6
fffffddb
fffffa09
fffffad2
fffff764
ffffffc0
000001c6
00000038
fffffe2c
00000652
0000067d
fffffeac
000003af
fffff931
000001f7
00000657
fffffe7a
00000b12
000002c6
00000692
00000184
000008e1
00000840
fffffe8f
ffffffa7
000001bd
000004c3
fffffc9a
fffffa0f
00000342
000000e0
0000043b
00000560
fffffdbe
000002fe
0000034f
00000684
00000b39
fffffd98
fffffdf2
fffff7d2
ffffef56
0000056b
fffffb31
fffff7e9
fffffe38
00000014
fffffbbf
000002e0
ffffda55
fffffb58
00000420
fffff08b
ffffff9a
fffffd20
fffff7f1
000001c4
fffff4d2
000004d4
000001d7
0000001b
ffffffaf
fffff259
00000368
fffff5d0
00000178
00000336
000009a9
fffffef7
fffffd60
00000946
00000073
fffffbec
fffffdee
ffffff6e
000005e9
00000d66
000005af
00000bb2
0000020f
00000635
00000698
ffffff50
00000321
0000011b
fffffe9e
00000541
00000239
000004cd
000006c0
00000e3e
00000568
000001c5
000004aa
ffffea29
000004a2
000008a2
fffffc58
0000103c
00001ce7
fffffbe9
fffffa4e
fffffe71
0000103f
0000066b
fffffffb
00000193
fffffa83
fffffcc2
00000507
000003cf
ffffff31
0000007b
ffffee11
fffff62c
ffffea29
fffffb21
00000454
0000083b
000001f4
00000486
0000038e
00000059
00000716
fffff8bd
00000ca5
fffffcc6
000003c4
000003f1
ffffff4f
fffffc63
00000052
fffffd0a
fffff9c1
ffffff09
fffffe51
00000282
fffff991
fffffa89
fffff829
fffff5ea
ffffff5b
0000012e
fffffc19
fffff8b9
00000546
000001ed
0000039b
000004e9
fffffe04
fffff42f
fffffa79
000000ed
fffffa17
fffffc51
00000484
00000688
ffffff58
00000029
00000010
fffff3e8
00000321
000003ca
000002b5
000006d0
000005f7
000001a0
00000787
fffffdb4
00000782
000004ae
fffffba5
fffff400
000007a3
00000159
0000028a
fffffbc3
00000138
0000044b
fffffc36
fffff9f2
00000422
fffffd98
0000057f
ffffff11
fffffe2a
fffff5d8
000005e6
00000bc7
00000443
fffffd90
00000aa7
00000010
fffff921
fffff3fe
0000021e
fffffad9
fffff9aa
fffffdd3
fffffdf9
0000000e
00000171
fffffe52
ffffff96
fffffeb2
0000036e
ffffff6f
00000921
0000029a
fffff60e
ffffff93
fffffb0f
00000693
000006c9
ffffff43
fffffe8d
fffff692
00004bc8
fffff79d
fffffcd2
fffff9af
fffffdac
ffffefa0
fffffbd8
fffff664
0000073d
00000128
fffff9f1
fffffdb5
fffffecb
0000030b
0000049f
fffff8ac
0000003a
fffffb4f
000009ba
fffff591
fffffca8
fffff880
fffff71e
ffffff14
fffff19e
00000b75
fffff3fd
fffffeda
00000c32
fffffa41
ffffde26
fffffcba
00000067
fffff660
ffffff77
00000d65
00000759
0000041a
000011a5
fffffc6b
fffff4a3
fffffb6e
ffffff36
00000122
0000016a
fffff4ed
000000db
000006c0
ffffffec
00000a99
fffffd5b
000009c8
fffffce8
fffff711
000001aa
00000810
fffffd57
fffffea6
000002f9
0000093e
00000819
fffffde3
fffffd18
ffffff27
000004ba
ffffffff
000003e6
000006a9
fffffe44
ffffff65
00000872
fffff529
0000050e
fffff714
000004d2
00000bf9
fffffc93
fffffeb9
00000333
0000034d
0000034f
0000008c
fffffa59
0000009a
fffffcca
fffffb40
00000567
00000474
000006c2
fffff1e6
fffffbdb
0000072f
000007fd
00000001
fffff9b7
fffffd8b
0000053c
fffffea6
fffffe42
000016b0
fffffe24
00000cf2
00000fd6
000002cc
fffffecb
fffffc21
0000036f
fffffea2
000001a8
fffffc5c
fffffa2a
000002d8
fffff679
00000258
fffffb2a
fffffc5f
ffffff1a
fffffecf
0000032e
ffffff0b
00000036
fffffa9f
0000041f
0000060e
00000760
0000047a
ffffff84
00000d0d
fffffdb7
0000067a
00000a8c
fffffedc
0000058c
000003d9
fffffe52
fffffe26
fffffc5e
fffffe8b
fffffc09
fffff874
00000404
0000038a
fffff744
fffffd7f
fffff752
0000042a
0000032b
0000021a
fffffc80
fffffda8
000004a0
0000046e
00000607
fffffd0d
fffffd0c
fffff700
fffffe0c
fffff691
000001b8
fffff5ba
fffff77d
fffffa68
0000033d
0000033f
fffff96d
ffffff8b
fffffcc2
fffffc93
00001775
00000247
fffffcf1
000001ad
00000541
fffff8ac
fffff581
fffff9a8
00000bdc
00000769
0000026a
fffffd3c
00000251
ffffffec
000002b2
fffffe74
ffffffa6
fffffe1d
fffffccf
000003f2
000001df
fffffbc6
000005a0
ffffffad
00000583
fffffde5
000008a6
000006b8
0000037e
fffff9d4
fffffea2
0000067a
000002bd
fffffd2f
fffff78a
0000004b
fffffc9c
0000075a
0000008d
00000361
fffff833
fffff9e2
0000040a
fffff6d2
00000518
ffffff1c
fffffff5
fffffc92
ffffff7d
fffffe39
fffffd12
fffffde1
fffffb77
0000005e
fffffa4f
fffff927
fffffcd7
fffffada
00000547
00000629
000006e9
000003a4
fffff8a4
00000486
fffffa17
fffffff5
00000d64
fffff8d3
fffffacc
fffffc39
00000273
fffffd2c
fffffaa0
fffffbfa
fffffbd9
0000037f
000008a4
fffffbf2
fffffd62
ffffffdb
fffffa74
fffff7bb
fffffdcf
0000019d
fffffd32
00000d49
fffffce8
fffff8ae
fffff720
00000136
0000160f
00000952
00000131
0000046b
fffffc52
00000c2a
fffffc9a
000005e4
000003d3
000003b5
0000075a
fffffebd
0000011b
00000168
fffffbda
fffffa71
0000010b
000008d3
0000002d
fffffec9
fffffec5
000005b1
00000037
0000030b
fffff7bc
0000041e
fffff9c1
fffffc6f
fffffd99
fffffe10
0000005d
fffffc0b
0000066e
fffffa02
00000420
fffff933
0000006d
00000138
000006af
0000020d
fffffc81
fffff84a
0000011b
00000503
fffff9b4
fffffe80
fffff9ba
fffff87c
fffffdd1
0000024b
00000466
00000099
00000180
000004d4
fffff5d8
fffffcf5
00000656
fffffac7
000001ef
000003da
0000062d
0000023e
00000171
000001e8
00000602
00000ac8
000005df
000001fc
fffffd11
fffffc16
00000143
ffffff8b
000000a5
0000036b
fffff985
ffffffc7
fffffe82
00000587
000003bf
fffff8da
fffffdd5
000000fb
000005de
fffff1f0
fffffe6c
0000048c
fffffe78
00000081
0000025d
fffff3ea
00000223
000004ec
0000033f
fffff92d
000002f0
fffffc5d
0000015f
ffffff4e
000005c6
000000a1
000001ab
000005e5
0000025a
00000724
fffff761
00000569
fffff93a
00000bc8
fffff8eb
0000083e
fffff600
ffffff8a
000000cb
000001dc
fffff93a
fffff96f
0000073d
000003e9
00000556
ffffff70
00000273
00000aaf
0000045b
00000173
000003ec
00000154
fffffdaf
fffffca3
fffff7d3
ffffff94
000005e2
000007c9
0000032f
00000100
00000590
00000dcf
fffffe6f
fffff70f
00000064
ffffff2c
00000b16
fffffcd3
fffffdc8
0000026d
fffff92d
00000455
fffff1c6
00000702
fffffe6e
00000378
fffff5c5
0000034b
00001226
00000a00
fffffefc
fffffa70
ffffffe9
fffffc02
fffffed4
00000929
fffff830
00000491
000002e2
fffffc16
000007ad
fffffd52
fffffea0
fffff874
fffff9bc
000006da
fffffb68
000007f4
00000985
fffff730
0000004f
fffffe3d
00000355
00000b23
fffffdda
fffffe90
fffff9a6
00000374
0000034d
0000004e
fffffd61
00000907
fffffd0a
fffffe4b
000004d7
000007b3
fffffa9d
fffffb88
0000017a
00000551
00000223
00000185
000002d3
fffffa66
fffff7d7
00000199
fffffaf1
00000233
00000321
000004ef
000001bb
0000085c
000003fc
00000daa
0000034f
00000064
000000bf
00000536
0000019c
fffff9ef
fffffe27
fffff491
00000910
fffffb8f
fffff82b
000004a3
00000727
0000019b
fffffb8d
000000e3
ffffffff
fffffc99
00000621
000004bc
000002bd
0000006b
00000087
000009d1
00000369
000006a9
00000043
fffff83b
fffff3b8
fffffeae
000002a2
00000113
00000540
fffffdcf
fffff4de
fffffa4e
000008e9
00000564
000001de
0000009e
fffffa6d
fffffce0
000000e9
fffffd48
00000076
000001ee
00000427
fffff84d
000004fe
000008c0
000007cb
fffffaa0
00000003
fffffee1
fffffe8c
fffff59a
fffff9a0
fffffe63
fffff5ed
fffff67e
fffffdc2
fffffef3
000002b9
fffffe37
fffffd32
fffffc1f
000009f5
000002fb
00000879
fffff91e
fffffd91
00000037
00000477
000001c1
00000527
ffffffa0
fffffefa
fffff941
000008f9
fffff74f
fffffffd
fffffb6f
fffffc7b
ffffff22
fffff781
00000298
fffffe77
fffff238
fffffa62
000004c8
0000034c
00000395
000007dc
00000540
fffffd26
00000b18
00000ef1
fffffc59
fffffd3e
fffff7e4
fffffd9a
fffffe4e
000005dc
fffffe09
000000ba
fffff8df
fffffdf7
fffffc96
fffffb85
000001e8
fffff9fc
fffff9e9
fffff7fb
fffffa24
000004c7
fffffa2e
000005e0
fffff6e3
000004be
fffffadd
fffffb25
fffffb9d
fffffa20
000001d9
fffff1f8
00000613
fffffc9e
fffffe9b
000009b2
ffffff16
fffff315
fffffff3
000000f9
00000145
fffffa25
000000eb
fffffd4b
0000092c
fffff967
00000ce9
fffff7d6
000000a2
fffff47a
fffffd4c
ffffffc3
00000540
fffff994
000000dd
000005d5
00000185
000002a2
fffffd48
00000736
fffffba3
00000369
00000495
00000200
fffffe15
fffffb14
ffffff24
fffff92b
fffffd9e
00000a33
000000eb
0000068e
fffff86d
000008fd
00000179
fffffa86
ffffffcf
fffffe4d
fffffad3
fffffd43
fffff3e0
fffff71e
000000d6
00000803
fffff4db
fffff445
0000060e
fffff897
fffffd01
000003f3
000007ab
0000005e
0000041f
000005b9
000003eb
000003ae
fffff8e7
fffff89e
fffffcc7
fffffc7a
00000735
ffffff76
fffffb3c
fffff8ca
fffff5a6
ffffff77
fffffe37
fffffef7
ffffff4f
ffffff67
000007d8
ffffff74
00000244
ffffff39
fffffc46
fffffde1
00000548
000006d6
00000130
fffffde7
fffffc89
fffff69d
fffff9a4
fffff69d
00000467
00000238
000007c3
00000514
00000639
fffff9ca
fffff89d
000006cb
ffffffb7
fffff4c5
000008fa
000000d6
fffff744
000003fc
fffffd08
00000044
fffff951
fffffbc4
000007be
fffffebf
00000219
fffffc3c
000005bc
fffffd51
000002b9
000000ff
000001a5
00000187
00000139
00000121
fffffcef
fffff61f
fffff5f3
fffffda3
00000068
0000020f
0000024e
fffffe62
00000877
000004de
000006fc
ffffefc8
0000090f
fffff66e
ffffff1b
fffff9fe
00000022
fffffbcd
00000719
fffffdc3
000003bd
00000179
000007e3
0000020c
fffffe3a
00000281
fffffd9c
00000a8c
000001e5
fffff855
fffffbb8
0000032a
000002e8
ffffe256
fffffee0
fffff216
fffffdee
fffffcb6
fffff62f
ffffff71
fffff9b2
000002a3
000005d3
fffffde3
fffffe12
fffffbc6
000006c1
fffffae7
00000111
0000037b
0000003a
0000017a
ffffffde
fffff891
000002ea
00000336
000007e8
00000529
000004d9
fffffab2
000004a1
0000079b
fffffa48
00000502
fffffbd0
0000020f
fffff8f5
0000088a
fffffb2a
fffffdb3
fffffdf4
fffffc40
fffffcb8
fffffb63
fffffbe0
fffffa2f
0000034e
00000022
ffffff60
fffffbdc
ffffede3
000001d9
fffffc59
fffffbea
fffffdaf
000006f5
fffffcfa
000005bf
fffff8db
00000915
000002fb
fffffe0f
000004d1
fffff7a5
00000985
0000055e
fffff635
fffffa72
fffffce5
00000103
fffffe16
00000550
fffff606
000001b3
00000302
0000055a
000002d9
fffff968
0000018b
00000307
0000007e
0000019d
000005c4
fffffc9d
fffff970
fffff4e7
000005d9
000004c3
ffffeee8
000001b5
00000404
00000473
ffffff31
fffffc54
ffffff52
00000e02
ffffdf8f
ffffff39
00000102
fffffb9c
fffffd97
fffff6a3
000005a2
000001e0
ffffff83
fffffa99
0000062f
ffffff4b
fffffd13
fffffc73
fffffc2f
000003fe
000005b5
fffffb60
00000161
ffffffb7
00000417
ffffff68
fffff9b0
ffffff0e
0000054b
000000b4
00000130
0000021e
fffff8bd
000003f1
00000189
000004df
000006a1
fffffcd4
fffffc84
00000182
0000049a
ffffefbe
fffff903
fffffacb
000006c8
000003b3
00000566
0000067c
fffff3b1
00000a2f
000000f0
0000045b
fffff62e
00000350
000001b2
ffffff07
fffffdbc
000001ea
fffffb91
000000bf
fffffa29
000000fd
000002f4
00000243
00000ae1
0000017b
fffffcd9
000007c7
00000407
00000a09
000000b0
fffffcfa
000002e8
fffffeae
000004a8
fffff900
0000026e
fffff67a
fffff924
fffff996
000000aa
ffffff9a
fffffd56
00000637
000001e7
fffff241
00000525
fffffc8d
00000266
0000005c
00000316
00000a9e
fffff863
0000021b
000010b1
fffffb5d
fffffacd
fffffb8e
0000038a
fffff89e
00000205
fffffdf1
fffffeae
ffffffba
000005b3
fffff872
fffffad5
fffffeb5
fffff97c
fffff3da
00000754
fffffd22
fffff99e
0000030c
000003c2
fffff6a7
fffff6aa
0000034d
fffff9d1
0000083a
fffffc0f
00000085
fffffd74
0000014f
fffff634
fffff49e
fffffb70
0000066c
fffffadb
fffffedf
fffff258
fffffedc
fffffa39
fffffae1
00000306
fffffe1f
fffff9de
000001e2
fffff8f7
fffffe7f
00000217
ffffffaf
fffffd82
0000000c
fffffb6d
00000cae
fffff539
0000039b
00000b12
000001b9
00000377
000001c4
fffff4ef
ffffff5d
fffff842
fffffca8
0000026f
000006e8
00000092
fffffb1a
ffffffe7
00000476
fffffe6c
fffffdc5
00000a03
000000f6
00000a37
fffff95f
0000057f
00000505
fffffc9d
00000882
fffffcba
00000189
000003f4
000004d8
fffff75c
fffffa7a
00000850
fffffde5
000002cf
00000b4a
000004d4
00000b64
fffff3c1
00000528
ffffff5f
00000436
fffff6a2
fffffe97
0000003a
fffffb22
fffffc79
0000021e
fffffc68
00000cc2
000003e5
000000cc
fffff8bb
00000b8d
fffff8fc
ffffff51
0000044f
ffffff06
0000073e
000004d7
000006fb
000003a5
fffff9dc
0000067c
000004b7
fffffc07
000005e2
fffffdd8
fffffaab
00000336
000000e4
000002b8
fffffa5e
fffffd5c
000004da
0000018c
fffff25b
fffff7c4
000000ac
000001ba
000002e9
fffffc9f
00000859
fffff44a
fffffe86
00000050
00000876
ffffff60
00000240
fffffd22
fffffc5b
000002b1
fffffa57
0000065e
00000536
000003e4
0000060c
fffffecf
fffffa6f
fffff9ea
000007b3
00000383
000004ca
fffffd7f
fffff976
00000835
fffffe89
000002ec
ffffed61
00000248
000008a3
000005e7
fffffed8
ffffff7a
fffff824
fffffa57
0000080a
000004b4
00000709
fffffff7
0000003d
fffff6b1
ffffff98
0000028f
000005c7
fffffe03
0000057b
0000097d
fffffb80
ffffff8b
00000a5c
fffffeaa
00000812
000001ab
00000200
fffffb8d
00000685
ffffff9c
fffff6a7
fffffa43
fffff938
00000521
fffffb41
fffffecf
00000822
0000010d
ffffffe1
ffffff72
fffff9fe
fffffbbf
fffff76b
fffffc88
00000203
00000513
ffffffa8
ffffffc5
00000464
fffffbe3
0000060f
0000039e
fffffa39
000001c1
00000554
ffffffcf
fffff96d
ffffffda
fffff739
00000366
00000935
000002e1
fffff6ef
fffff869
00000306
fffffe26
fffffa05
00000951
00000172
fffffeb4
fffffa8d
0000018e
0000021a
fffffa66
000003a0
00000975
ffffef72
fffffb2b
ffffff23
fffffa25
000000de
00000325
00000641
000005a6
fffff4f4
fffffb86
fffffa0c
fffffd02
ffffffa5
fffffc65
0000030e
0000027c
00000307
000001cf
fffffff2
00000a12
fffff856
00000a0a
00000236
000001cd
fffff8c6
ffffff5e
fffffedf
000005ef
fffffe2a
000003a2
00000420
0000059d
fffff46f
00000a55
ffffff23
fffffcd6
000004da
0000005c
00000ead
fffffd97
0000069c
fffffdb9
fffff8bb
fffffe90
00000252
fffffa53
fffffcc9
fffff655
fffffbf1
fffff782
00000111
0000002a
fffff961
fffffe2f
0000015a
fffffa93
0000026a
000005a8
000002f0
000007dc
fffffbeb
00000685
fffffd93
0000029a
00000322
fffffe41
00000189
000007be
fffffabe
0000056d
fffff80c
000002ca
fffffd49
00000666
ffffff10
00000966
00000459
fffffe29
fffffcae
fffff233
fffffc61
000008cd
fffffdc1
fffff8c2
fffff039
000000d0
00000ae4
000001bc
00000006
00000cc7
000003d4
fffffc58
000001a5
00000108
0000035d
fffffff1
00000cc3
0000020f
000006ec
fffffd42
000000f0
00000053
ffffff81
fffffe34
fffffc45
00000391
00000124
fffff810
fffffe06
0000068c
fffff979
000000d0
00000583
fffff652
00000998
000004aa
00000323
00000193
00000bc0
fffff8f8
fffffd75
00000559
0000001f
fffffe16
000001a2
000001c0
fffffe42
fffffde5
fffffece
000009f3
00000c6e
ffffffc2
fffffad3
ffffffe3
fffffe76
fffffc19
00000191
00000577
0000036a
0000015e
000005e1
000001a8
000009a9
000005d8
fffff90f
00000252
fffffec8
000009fe
fffff76b
ffffefed
000000c7
000008aa
0000029e
ffffff6e
00000aa9
fffffd35
000005d1
000004a3
0000056e
000002e2
fffff729
00000307
ffffff42
00000858
00000468
fffffad8
000005d8
fffffb7e
fffffcf9
fffff9b2
fffffc19
fffff9e8
fffffcec
ffffff47
ffffff75
fffffff5
00000419
00000462
0000022a
0000044a
fffffe25
fffffcca
ffffe8dd
00000492
000003f6
00000840
0000065e
00000720
fffffb0c
fffffe77
000003c1
00000467
000001e4
fffffc60
000003fa
fffffd67
ffffff3e
fffffc59
fffffcaa
fffffa56
000000ec
fffff873
000005dc
fffffdba
fffff616
0000079e
000007d5
000000fc
fffffaa2
00000914
000000be
00000092
fffffd51
fffff860
00000090
fffffdb0
0000027a
ffffffed
000006f5
fffffff2
00000128
fffffb03
00000039
fffffb71
fffff46c
fffffd7c
00000783
fffffce7
00000273
0000090b
00000332
0000007a
000001b0
0000019f
fffffd78
0000022b
fffffec6
fffff8da
fffff6e9
fffffd28
000006d2
000005c5
fffffff4
0000055c
fffffd1f
0000042a
fffffa69
00000a24
00000015
0000025e
000000dd
fffffd69
00000207
fffff8a7
fffff792
fffffd24
00000056
fffff989
ffffff63
00000407
00000521
000000c9
fffff96a
0000004b
fffff6c5
ffffff8f
fffffeba
fffff6d2
000002d5
fffff811
fffffc98
0000029a
00000081
00000177
ffffff80
0000032d
fffffd5b
fffffcb6
fffffd44
000004d5
00000685
fffffe79
0000049d
ffffff62
00000967
fffffbe1
000005a4
00000242
000001f5
fffffc25
000008db
00000158
fffffd80
000002e7
ffffff9d
00000095
0000001b
fffffe00
00000640
00000c78
fffffab2
fffffbc8
000000d8
00000014
fffff7d7
00000424
fffffb43
fffffadc
000004ad
00000088
fffffd40
0000085c
fffffb4d
fffffd27
0000012d
fffffe2e
ffffffd3
ffffff6c
fffff941
0000036b
000002e3
000002b4
000003c1
ffffff73
fffff9d9
00000ce3
00000432
00000cff
fffffe65
000004f2
fffffde6
00000147
fffffd01
fffffe32
00000024
fffff945
0000015c
00000884
000001a3
00000369
0000058a
00000a6f
000003a2
0000078c
0000067d
00000522
000007fe
fffffdab
fffffe7c
000003bf
0000014f
fffffe6c
fffffb54
00000178
fffffad5
fffffcab
ffffff1a
fffffc36
fffff97e
fffffc1f
ffffff81
00000216
fffffb2a
0000047e
fffffa3c
00000347
fffffe6d
00000109
000001a6
fffffb58
00000de2
fffffea8
fffffafd
fffffaef
000006b6
fffffd15
fffffc64
fffffacc
00000400
fffffeaa
fffffdb8
fffffeff
fffffb70
0000040b
ffffefcb
ffffff53
0000013f
ffffffbd
fffff6ea
0000000f
fffff58e
00000240
fffffebb
fffff5af
00000627
000005b3
0000086a
0000035b
fffff43a
0000018f
000006db
fffff5b8
000000ef
fffffd76
ffffff76
fffffcf3
000008c1
0000006f
00000635
fffffce6
0000053e
000004de
fffffcf8
0000010d
fffff8f7
00000b6d
00000d16
00000902
00000016
00000016
00000017
00000017
00000017
00000018
00000018
00000019
00000019
00000019
0000001a
0000001a
0000001b
0000001b
0000001b
0000001c
0000001c
0000001d
0000001d
0000001e
0000001e
0000001f
0000001f
0000001f
00000020
00000020
00000021
00000022
00000022
00000023
00000023
00000024
00000024
00000025
00000025
00000026
00000027
00000027
00000028
00000028
00000029
0000002a
0000002a
0000002b
0000002c
0000002c
0000002d
0000002e
0000002f
0000002f
00000030
00000031
00000032
00000032
00000033
00000034
00000035
00000036
00000036
00000037
00000038
00000039
0000003a
0000003b
0000003c
0000003d
0000003e
0000003f
00000040
00000041
00000042
00000043
00000044
00000045
00000046
00000047
00000048
00000049
0000004a
0000004b
0000004d
0000004e
0000004f
00000050
00000052
00000053
00000054
00000055
00000057
00000058
0000005a
0000005b
0000005c
0000005e
0000005f
00000061
00000062
00000064
00000065
00000067
00000069
0000006a
0000006c
0000006e
0000006f
00000071
00000073
00000075
00000077
00000078
0000007a
0000007c
0000007e
00000080
00000082
00000084
00000086
00000089
0000008b
0000008d
0000008f
00000091
00000094
00000096
00000098
0000009b
0000009d
000000a0
000000a2
000000a5
000000a7
000000aa
000000ac
000000af
000000b2
000000b5
000000b8
000000ba
000000bd
000000c0
000000c3
000000c6
000000ca
000000cd
000000d0
000000d3
000000d7
000000da
000000dd
000000e1
000000e4
000000e8
000000ec
000000ef
000000f3
000000f7
000000fb
000000ff
00000103
00000107
0000010b
0000010f
00000113
00000117
0000011c
00000120
00000125
00000129
0000012e
00000133
00000138
0000013d
00000141
00000147
0000014c
00000151
00000156
0000015b
00000161
00000166
0000016c
00000172
00000178
0000017d
00000183
00000189
00000190
00000196
0000019c
000001a3
000001a9
000001b0
000001b7
000001bd
000001c4
000001cc
000001d3
000001da
000001e1
000001e9
000001f1
000001f8
00000200
00000208
00000210
00000219
00000221
00000229
00000232
0000023b
00000244
0000024d
00000256
0000025f
00000269
00000272
0000027c
00000286
00000290
0000029a
000002a5
000002af
000002ba
000002c5
000002d0
000002db
000002e7
000002f2
000002fe
0000030a
00000316
00000322
0000032f
0000033b
00000348
00000355
00000363
00000370
0000037e
0000038c
0000039a
000003a8
000003b7
000003c5
000003d4
000003e3
000003f3
00000403
00000412
00000423
00000433
00000444
00000455
00000466
00000477
00000489
0000049b
000004ad
000004bf
000004d2
000004e5
000004f9
0000050c
00000520
00000535
00000549
0000055e
00000573
00000589
0000059e
000005b5
000005cb
000005e2
000005f9
00000611
00000628
00000641
00000659
00000672
0000068b
000006a5
000006bf
000006da
000006f5
00000710
0000072c
00000748
00000764
00000781
0000079e
000007bc
000007da
000007f9
00000818
00000838
00000858
00000878
00000899
000008bb
000008dd
000008ff
00000922
00000946
0000096a
0000098e
000009b3
000009d9
000009ff
00000a26
00000a4d
00000a75
00000a9d
00000ac6
00000af0
00000b1a
00000b45
00000b70
00000b9c
00000bc9
00000bf6
00000c24
00000c53
00000c82
00000cb2
00000ce2
00000d14
00000d46
00000d78
00000dac
00000de0
00000e15
00000e4a
00000e81
00000eb8
00000ef0
00000f28
00000f62
00000f9c
00000fd7
00001013
00001050
0000108d
000010cb
0000110b
0000114b
0000118c
000011cd
00001210
00001254
00001298
000012de
00001324
0000136b
000013b4
000013fd
00001447
00001492
000014de
0000152c
0000157a
000015c9
00001619
0000166b
000016bd
00001710
00001765
000017ba
00001811
00001869
000018c2
0000191c
00001977
000019d3
00001a31
00001a8f
00001aef
00001b50
00001bb2
00001c16
00001c7a
00001ce0
00001d47
00001db0
00001e19
00001e84
00001ef0
00001f5e
00001fcc
0000203c
000020ae
00002121
00002195
0000220a
00002281
000022f9
00002372
000023ed
00002469
000024e7
00002566
000025e6
00002668
000026ec
00002770
000027f6
0000287e
00002907
00002992
00002a1e
00002aab
00002b3a
00002bcb
00002c5d
00002cf0
00002d85
00002e1b
00002eb3
00002f4d
00002fe8
00003084
00003123
000031c2
00003263
00003306
000033aa
00003450
000034f7
000035a0
0000364a
000036f6
000037a3
00003852
00003903
000039b5
00003a68
00003b1e
00003bd4
00003c8c
00003d46
00003e01
00003ebe
00003f7c
0000403c
000040fd
000041c0
00004284
0000434a
00004411
000044d9
000045a3
0000466f
0000473c
0000480a
000048da
000049ab
00004a7e
00004b52
00004c27
00004cfe
00004dd6
00004eaf
00004f8a
00005066
00005143
00005221
00005301
000053e2
000054c4
000055a8
0000568c
00005772
00005859
00005941
00005a2a
00005b14
00005bff
00005cec
00005dd9
00005ec7
00005fb6
000060a7
00006198
0000628a
0000637c
00006470
00006565
0000665a
00006750
00006847
0000693f
00006a37
00006b30
00006c29
00006d23
00006e1e
00006f19
00007015
00007111
0000720e
0000730b
00007409
00007507
00007605
00007704
00007803
00007902
00007a01
00007b01
00007c00
00007d00
00007e00
00007f00
00008000
00008100
00008200
00008300
00008400
000084ff
000085ff
000086fe
000087fd
000088fc
000089fb
00008af9
00008bf7
00008cf5
00008df2
00008eef
00008feb
000090e7
000091e2
000092dd
000093d7
000094d0
000095c9
000096c1
000097b9
000098b0
000099a6
00009a9b
00009b90
00009c84
00009d76
00009e68
00009f59
0000a04a
0000a139
0000a227
0000a314
0000a401
0000a4ec
0000a5d6
0000a6bf
0000a7a7
0000a88e
0000a974
0000aa58
0000ab3c
0000ac1e
0000acff
0000addf
0000aebd
0000af9a
0000b076
0000b151
0000b22a
0000b302
0000b3d9
0000b4ae
0000b582
0000b655
0000b726
0000b7f6
0000b8c4
0000b991
0000ba5d
0000bb27
0000bbef
0000bcb6
0000bd7c
0000be40
0000bf03
0000bfc4
0000c084
0000c142
0000c1ff
0000c2ba
0000c374
0000c42c
0000c4e2
0000c598
0000c64b
0000c6fd
0000c7ae
0000c85d
0000c90a
0000c9b6
0000ca60
0000cb09
0000cbb0
0000cc56
0000ccfa
0000cd9d
0000ce3e
0000cedd
0000cf7c
0000d018
0000d0b3
0000d14d
0000d1e5
0000d27b
0000d310
0000d3a3
0000d435
0000d4c6
0000d555
0000d5e2
0000d66e
0000d6f9
0000d782
0000d80a
0000d890
0000d914
0000d998
0000da1a
0000da9a
0000db19
0000db97
0000dc13
0000dc8e
0000dd07
0000dd7f
0000ddf6
0000de6b
0000dedf
0000df52
0000dfc4
0000e034
0000e0a2
0000e110
0000e17c
0000e1e7
0000e250
0000e2b9
0000e320
0000e386
0000e3ea
0000e44e
0000e4b0
0000e511
0000e571
0000e5cf
0000e62d
0000e689
0000e6e4
0000e73e
0000e797
0000e7ef
0000e846
0000e89b
0000e8f0
0000e943
0000e995
0000e9e7
0000ea37
0000ea86
0000ead4
0000eb22
0000eb6e
0000ebb9
0000ec03
0000ec4c
0000ec95
0000ecdc
0000ed22
0000ed68
0000edac
0000edf0
0000ee33
0000ee74
0000eeb5
0000eef5
0000ef35
0000ef73
0000efb0
0000efed
0000f029
0000f064
0000f09e
0000f0d8
0000f110
0000f148
0000f17f
0000f1b6
0000f1eb
0000f220
0000f254
0000f288
0000f2ba
0000f2ec
0000f31e
0000f34e
0000f37e
0000f3ad
0000f3dc
0000f40a
0000f437
0000f464
0000f490
0000f4bb
0000f4e6
0000f510
0000f53a
0000f563
0000f58b
0000f5b3
0000f5da
0000f601
0000f627
0000f64d
0000f672
0000f696
0000f6ba
0000f6de
0000f701
0000f723
0000f745
0000f767
0000f788
0000f7a8
0000f7c8
0000f7e8
0000f807
0000f826
0000f844
0000f862
0000f87f
0000f89c
0000f8b8
0000f8d4
0000f8f0
0000f90b
0000f926
0000f941
0000f95b
0000f975
0000f98e
0000f9a7
0000f9bf
0000f9d8
0000f9ef
0000fa07
0000fa1e
0000fa35
0000fa4b
0000fa62
0000fa77
0000fa8d
0000faa2
0000fab7
0000facb
0000fae0
0000faf4
0000fb07
0000fb1b
0000fb2e
0000fb41
0000fb53
0000fb65
0000fb77
0000fb89
0000fb9a
0000fbab
0000fbbc
0000fbcd
0000fbdd
0000fbee
0000fbfd
0000fc0d
0000fc1d
0000fc2c
0000fc3b
0000fc49
0000fc58
0000fc66
0000fc74
0000fc82
0000fc90
0000fc9d
0000fcab
0000fcb8
0000fcc5
0000fcd1
0000fcde
0000fcea
0000fcf6
0000fd02
0000fd0e
0000fd19
0000fd25
0000fd30
0000fd3b
0000fd46
0000fd51
0000fd5b
0000fd66
0000fd70
0000fd7a
0000fd84
0000fd8e
0000fd97
0000fda1
0000fdaa
0000fdb3
0000fdbc
0000fdc5
0000fdce
0000fdd7
0000fddf
0000fde7
0000fdf0
0000fdf8
0000fe00
0000fe08
0000fe0f
0000fe17
0000fe1f
0000fe26
0000fe2d
0000fe34
0000fe3c
0000fe43
0000fe49
0000fe50
0000fe57
0000fe5d
0000fe64
0000fe6a
0000fe70
0000fe77
0000fe7d
0000fe83
0000fe88
0000fe8e
0000fe94
0000fe9a
0000fe9f
0000fea5
0000feaa
0000feaf
0000feb4
0000feb9
0000febf
0000fec3
0000fec8
0000fecd
0000fed2
0000fed7
0000fedb
0000fee0
0000fee4
0000fee9
0000feed
0000fef1
0000fef5
0000fef9
0000fefd
0000ff01
0000ff05
0000ff09
0000ff0d
0000ff11
0000ff14
0000ff18
0000ff1c
0000ff1f
0000ff23
0000ff26
0000ff29
0000ff2d
0000ff30
0000ff33
0000ff36
0000ff3a
0000ff3d
0000ff40
0000ff43
0000ff46
0000ff48
0000ff4b
0000ff4e
0000ff51
0000ff54
0000ff56
0000ff59
0000ff5b
0000ff5e
0000ff60
0000ff63
0000ff65
0000ff68
0000ff6a
0000ff6c
0000ff6f
0000ff71
0000ff73
0000ff75
0000ff77
0000ff7a
0000ff7c
0000ff7e
0000ff80
0000ff82
0000ff84
0000ff86
0000ff88
0000ff89
0000ff8b
0000ff8d
0000ff8f
0000ff91
0000ff92
0000ff94
0000ff96
0000ff97
0000ff99
0000ff9b
0000ff9c
0000ff9e
0000ff9f
0000ffa1
0000ffa2
0000ffa4
0000ffa5
0000ffa6
0000ffa8
0000ffa9
0000ffab
0000ffac
0000ffad
0000ffae
0000ffb0
0000ffb1
0000ffb2
0000ffb3
0000ffb5
0000ffb6
0000ffb7
0000ffb8
0000ffb9
0000ffba
0000ffbb
0000ffbc
0000ffbd
0000ffbe
0000ffbf
0000ffc0
0000ffc1
0000ffc2
0000ffc3
0000ffc4
0000ffc5
0000ffc6
0000ffc7
0000ffc8
0000ffc9
0000ffca
0000ffca
0000ffcb
0000ffcc
0000ffcd
0000ffce
0000ffce
0000ffcf
0000ffd0
0000ffd1
0000ffd1
0000ffd2
0000ffd3
0000ffd4
0000ffd4
0000ffd5
0000ffd6
0000ffd6
0000ffd7
0000ffd8
0000ffd8
0000ffd9
0000ffd9
0000ffda
0000ffdb
0000ffdb
0000ffdc
0000ffdc
0000ffdd
0000ffdd
0000ffde
0000ffde
0000ffdf
0000ffe0
0000ffe0
0000ffe1
0000ffe1
0000ffe1
0000ffe2
0000ffe2
0000ffe3
0000ffe3
0000ffe4
0000ffe4
0000ffe5
0000ffe5
0000ffe5
0000ffe6
0000ffe6
0000ffe7
0000ffe7
0000ffe7
0000ffe8
0000ffe8
0000ffe9
0000ffe9
0000ffe9
0000ffea
0000ffea
00000000
00000000
00000000
00000000
00000000
00000000
00000000
00000000
00000000
00000000
00000000
00000000
00000000
00000000
00000000
00000000
00000000
00000000
00000000
00000000
00000000
00000000
00000000
00000000
00000000
00000000
00000000
00000000
00000000
00000000
00000000
00000000
00000000
00000000
00000000
00000000
00000000
00000000
00000000
00000000
00000000
00000000
00000000
00000000
00000000
00000000
00000000
00000000
00000000
00000000
00000000
00000000
00000000
00000000
00000000
00000000
00000000
00000000
00000000
00000000
00000000
00000000
00000000
00000000
00000000
00000000
00000000
00000000
00000000
00000000
00000000
00000000
00000000
00000000
00000000
00000000
00000000
00000000
00000000
00000000
00000000
00000000
00000000
00000000
00000000
00000000
00000000
00000000
00000000
00000000
00000000
00000000
00000000
00000000
00000000
00000000
00000000
00000000
00000000
00000000
00000000
00000000
00000000
00000000
00000000
00000000
00000000
00000000
00000000
00000000
00000000
00000000
00000000
00000000
00000000
00000000
00000000
00000000
00000000
00000000
00000000
00000000
00000000
00000000
00000000
00000000
00000000
00000000
00000000
00000000
00000000
00000000
00000000
00000000
00000000
00000000
00000000
00000000
00000000
00000000
00000000
00000000
00000000
00000000
00000000
00000000
00000000
00000000
00000000
00000000
00000000
00000000
00000000
00000000
00000000
00000000
00000000
00000000
00000000
00000000
00000000
00000000
00000000
00000000
00000000
00000000
00000000
00000000
00000000
00000000
00000000
00000000
00000000
00000000
00000000
00000000
00000000
00000000
00000000
00000000
00000000
00000000
00000000
00000000
00000000
00000000
00000000
00000000
00000000
00000000
00000000
00000000
00000000
00000000
00000000
00000000
00000000
00000000
00000000
00000000
00000000
00000000
00000000
00000000
00000000
00000000
00000000
00000000
00000000
00000000
00000000
00000000
00000000
00000000
00000000
00000000
00000000
00000000
00000000
00000000
00000000
00000000
00000000
00000000
00000000
00000000
00000000
00000000
00000000
00000000
00000000
00000000
00000000
00000000
00000000
00000000
00000000
00000000
00000000
00000000
00000000
00000000
00000000
00000000
00000000
00000000
00000000
00000000
00000000
00000000
00000000
00000000
00000000
00000000
00000000
00000000
00000000
00000000
00000000
00000000
00000000
00000000
00000000
00000000
00000000
00000000
00000000
00000000
00000000
00000000
00000000
00000000
00000000
00000000
00000000
00000000
00000000
00000000
00000000
00000000
00000000
00000000
00000000
00000000
00000000
00000000
00000000
00000000
00000000
00000000
00000000
00000000
00000000
00000000
00000000
00000000
00000000
00000000
00000000
00000000
00000000
00000000
00000000
00000000
00000000
00000000
00000000
00000000
00000000
00000000
00000000
00000000
00000000
00000000
00000000
00000000
00000000
00000000
00000000
00000000
00000000
00000000
00000000
00000000
00000000
00000000
00000000
00000000
00000000
00000000
00000000
00000000
00000000
00000000
00000000
00000000
00000000
00000000
00000000
00000000
00000000
00000000
00000000
00000000
00000000
00000000
00000000
00000000
00000000
00000000
00000000
00000000
00000000
00000000
00000000
00000000
00000000
00000000
00000000
00000000
00000000
00000000
00000000
00000000
00000000
00000000
00000000
00000000
00000000
00000000
00000000
00000000
00000000
00000000
00000000
00000000
00000000
00000000
00000000
00000000
00000000
00000000
00000000
00000000
00000000
00000000
00000000
00000000
00000000
00000000
00000000
00000000
00000000
00000000
00000000
00000000
00000000
00000000
00000000
00000000
00000000
00000000
00000000
00000000
00000000
00000000
00000000
00000000
00000000
00000000
00000000
00000000
00000000
00000000
00000000
00000000
00000000
00000000
00000000
00000000
00000000
00000000
00000000
00000000
00000000
00000000
00000000
00000000
00000000
00000000
00000000
00000000
00000000
00000000
00000000
00000000
00000000
00000000
00000000
00000000
00000000
00000000
00000000
00000000
00000000
00000000
00000000
00000000
00000000
00000000
00000000
00000000
00000000
00000000
00000000
00000000
00000000
00000000
00000000
00000000
00000000
00000000
00000000
00000000
00000000
00000000
00000000
00000000
00000000
00000000
00000000
00000000
00000000
00000000
00000000
00000000
00000000
00000000
00000000
00000000
00000000
00000000
00000000
00000000
00000000
00000000
00000000
00000000
00000000
00000000
00000000
00000000
00000000
00000000
00000000
00000000
00000000
00000000
00000000
00000000
00000000
00000000
00000000
00000000
00000000
00000000
00000000
00000000
00000000
00000000
00000000
00000000
00000000
00000000
00000000
00000000
00000000
00000000
00000000
00000000
00000000
00000000
00000000
00000000
00000000
00000000
00000000
00000000
00000000
00000000
00000000
00000000
00000000
00000000
00000000
00000000
00000000
00000000
00000000
00000000
00000000
00000000
00000000
00000000
00000000
00000000
00000000
00000000
00000000
00000000
00000000
00000000
00000000
00000000
00000000
00000000
00000000
00000000
00000000
00000000
00000000
00000000
00000000
00000000
00000000
00000000
00000000
00000000
00000000
00000000
00000000
00000000
00000000
00000000
00000000
00000000
00000000
00000000
00000000
00000000
00000000
00000000
00000000
00000000
00000000
00000000
00000000
00000000
00000000
00000000
00000000
00000000
00000000
00000000
00000000
00000000
00000000
00000000
00000000
00000000
00000000
00000000
00000000
00000000
00000000
00000000
00000000
00000000
00000000
00000000
00000000
00000000
00000000
00000000
00000000
00000000
00000000
00000000
00000000
00000000
00000000
00000000
00000000
00000000
00000000
00000000
00000000
00000000
00000000
00000000
00000000
00000000
00000000
00000000
00000000
00000000
00000000
00000000
00000000
00000000
00000000
00000000
00000000
00000000
00000000
00000000
00000000
00000000
00000000
00000000
00000000
00000000
00000000
00000000
00000000
00000000
00000000
00000000
00000000
00000000
00000000
00000000
00000000
00000000
00000000
00000000
00000000
00000000
00000000
00000000
00000000
00000000
00000000
00000000
00000000
00000000
00000000
00000000
00000000
00000000
00000000
00000000
00000000
00000000
00000000
00000000
00000000
00000000
00000000
00000000
00000000
00000000
00000000
00000000
00000000
00000000
00000000
00000000
00000000
00000000
00000000
00000000
00000000
00000000
00000000
00000000
00000000
00000000
00000000
00000000
00000000
00000000
00000000
00000000
00000000
00000000
00000000
00000000
00000000
00000000
00000000
00000000
00000000
00000000
00000000
00000000
00000000
00000000
00000000
00000000
00000000
00000000
00000000
00000000
00000000
00000000
00000000
00000000
00000000
00000000
00000000
00000000
00000000
00000000
00000000
00000000
00000000
00000000
00000000
00000000
00000000
00000000
00000000
00000000
00000000
00000000
00000000
00000000
00000000
00000000
00000000
00000000
00000000
00000000
00000000
00000000
00000000
00000000
00000000
00000000
00000000
00000000
00000000
00000000
00000000
00000000
00000000
00000000
00000000
00000000
00000000
00000000
00000000
00000000
00000000
00000000
00000000
00000000
00000000
00000000
00000000
00000000
00000000
00000000
00000000
00000000
00000000
00000000
00000000
00000000
00000000
00000000
00000000
00000000
00000000
00000000
00000000
00000000
00000000
00000000
00000000
00000000
00000000
00000000
00000000
00000000
00000000
00000000
00000000
00000000
00000000
00000000
00000000
00000000
00000000
00000000
00000000
00000000
00000000
00000000
00000000
00000000
00000000
00000000
00000000
00000000
00000000
00000000
00000000
00000000
00000000
00000000
00000000
00000000
00000000
00000000
00000000
00000000
00000000
00000000
00000000
00000000
00000000
00000000
00000000
00000000
00000000
00000000
00000000
00000000
00000000
00000000
00000000
00000000
00000000
00000000
00000000
00000000
00000000
00000000
00000000
00000000
00000000
00000000
00000000
00000000
00000000
00000000
00000000
00000000
00000000
00000000
00000000
00000000
00000000
00000000
00000000
00000000
00000000
00000000
00000000
00000000
00000000
00000000
00000000
00000000
00000000
00000000
00000000
00000000
00000000
00000000
00000000
00000000
00000000
00000000
00000000
00000000
00000000
00000000
00000000
00000000
00000000
00000000
00000000
00000000
00000000
00000000
00000000
00000000
00000000
00000000
00000000
00000000
00000000
00000000
00000000
00000000
00000000
00000000
00000000
00000000
00000000
00000000
00000000
00000000
00000000
00000000
00000000
00000000
00000000
00000000
00000000
00000000
00000000
00000000
00000000
00000000
00000000
00000000
00000000
00000000
00000000
00000000
00000000
00000000
00000000
00000000
00000000
00000000
00000000
00000000
00000000
00000000
00000000
00000000
00000000
00000000
00000000
00000000
00000000
00000000
00000000
00000000
00000000
00000000
00000000
00000000
00000000
00000000
00000000
00000000
00000000
00000000
00000000
00000000
00000000
00000000
00000000
00000000
00000000
00000000
00000000
00000000
00000000
00000000
00000000
00000000
00000000
00000000
00000000
00000000
00000000
00000000
00000000
00000000
00000000
00000000
00000000
00000000
00000000
00000000
00000000
00000000
00000000
00000000
00000000
00000000
00000000
00000000
00000000
00000000
00000000
00000000
00000000
00000000
00000000
00000000
00000000
00000000
00000000
00000000
00000000
00000000
00000000
00000000
00000000
00000000
00000000
00000000
00000000
00000000
00000000
00000000
00000000
00000000
00000000
00000000
00000000
00000000
00000000
00000000
00000000
00000000
00000000
00000000
00000000
00000000
00000000
00000000
00000000
00000000
00000000
00000000
00000000
00000000
00000000
00000000
00000000
00000000
00000000
00000000
00000000
00000000
00000000
00000000
00000000
00000000
00000000
00000000
00000000
00000000
00000000
00000000
00000000
00000000
00000000
00000000
00000000
00000000
00000000
00000000
00000000
00000000
00000000
00000000
00000000
00000000
00000000
00000000
00000000
00000000
00000000
00000000
00000000
00000000
00000000
00000000
00000000
00000000
00000000
00000000
00000000
00000000
00000000
00000000
00000000
00000000
00000000
00000000
00000000
00000000
00000000
00000000
00000000
00000000
00000000
00000000
00000000
00000000
00000000
00000000
00000000
00000000
00000000
00000000
00000000
00000000
00000000
00000000
00000000
00000000
00000000
00000000
00000000
00000000
00000000
00000000
00000000
00000000
00000000
00000000
00000000
00000000
00000000
00000000
00000000
00000000
00000000
00000000
00000000
00000000
00000000
00000000
00000000
00000000
00000000
00000000
00000000
00000000
00000000
00000000
00000000
00000000
00000000
00000000
00000000
00000000
00000000
00000000
00000000
00000000
00000000
00000000
00000000
00000000
00000000
00000000
00000000
00000000
00000000
00000000
00000000
00000000
00000000
00000000
00000000
00000000
00000000
00000000
00000000
00000000
00000000
00000000
00000000
00000000
00000000
00000000
00000000
00000000
00000000
00000000
00000000
00000000
00000000
00000000
00000000
00000000
00000000
00000000
00000000
00000000
00000000
00000000
00000000
00000000
00000000
00000000
00000000
00000000
00000000
00000000
00000000
00000000
00000000
00000000
00000000
00000000
00000000
00000000
00000000
00000000
00000000
00000000
00000000
00000000
00000000
00000000
00000000
00000000
00000000
00000000
00000000
00000000
00000000
00000000
00000000
00000000
00000000
00000000
00000000
00000000
00000000
00000000
00000000
00000000
00000000
00000000
00000000
00000000
00000000
00000000
00000000
00000000
00000000
00000000
00000000
00000000
00000000
00000000
00000000
00000000
00000000
00000000
00000000
00000000
00000000
00000000
00000000
00000000
00000000
00000000
00000000
00000000
00000000
00000000
00000000
00000000
00000000
00000000
00000000
00000000
00000000
00000000
00000000
00000000
00000000
00000000
00000000
00000000
00000000
00000000
00000000
00000000
00000000
00000000
00000000
00000000
00000000
00000000
00000000
00000000
00000000
00000000
00000000
00000000
00000000
00000000
00000000
00000000
00000000
00000000
00000000
00000000
00000000
00000000
00000000
00000000
00000000
00000000
00000000
00000000
00000000
00000000
00000000
00000000
00000000
00000000
00000000
00000000
00000000
00000000
00000000
00000000
00000000
00000000
00000000
00000000
00000000
00000000
00000000
00000000
00000000
00000000
00000000
00000000
00000000
00000000
00000000
00000000
00000000
00000000
00000000
00000000
00000000
00000000
00000000
00000000
00000000
00000000
00000000
00000000
00000000
00000000
00000000
00000000
00000000
00000000
00000000
00000000
00000000
00000000
00000000
00000000
00000000
00000000
00000000
00000000
00000000
00000000
00000000
00000000
00000000
00000000
00000000
00000000
00000000
00000000
00000000
00000000
00000000
00000000
00000000
00000000
00000000
00000000
00000000
00000000
00000000
00000000
00000000
00000000
00000000
00000000
00000000
00000000
00000000
00000000
00000000
00000000
00000000
00000000
00000000
00000000
00000000
00000000
00000000
00000000
00000000
00000000
00000000
00000000
00000000
00000000
00000000
00000000
00000000
00000000
00000000
00000000
00000000
00000000
00000000
00000000
00000000
00000000
00000000
00000000
00000000
00000000
00000000
00000000
00000000
00000000
00000000
00000000
00000000
00000000
00000000
00000000
00000000
00000000
00000000
00000000
00000000
00000000
00000000
00000000
00000000
00000000
00000000
00000000
00000000
00000000
00000000
00000000
00000000
00000000
00000000
00000000
00000000
00000000
00000000
00000000
00000000
00000000
00000000
00000000
00000000
00000000
00000000
00000000
00000000
00000000
00000000
00000000
00000000
00000000
00000000
00000000
00000000
00000000
00000000
00000000
00000000
00000000
00000000
00000000
00000000
00000000
00000000
00000000
00000000
00000000
00000000
00000000
00000000
00000000
00000000
00000000
00000000
00000000
00000000
00000000
00000000
00000000
00000000
00000000
00000000
00000000
00000000
00000000
00000000
00000000
00000000
00000000
00000000
00000000
00000000
00000000
00000000
00000000
00000000
00000000
00000000
00000000
00000000
00000000
00000000
00000000
00000000
00000000
00000000
00000000
00000000
00000000
00000000
00000000
00000000
00000000
00000000
00000000
00000000
00000000
00000000
00000000
00000000
00000000
00000000
00000000
00000000
00000000
00000000
00000000
00000000
00000000
00000000
00000000
00000000
00000000
00000000
00000000
00000000
00000000
00000000
00000000
00000000
00000000
00000000
00000000
00000000
00000000
00000000
00000000
00000000
00000000
00000000
00000000
00000000
00000000
00000000
00000000
00000000
00000000
00000000
00000000
00000000
00000000
00000000
00000000
00000000
00000000
00000000
00000000
00000000
00000000
00000000
00000000
00000000
00000000
00000000
00000000
00000000
00000000
00000000
00000000
00000000
00000000
00000000
00000000
00000000
00000000
00000000
00000000
00000000
00000000
00000000
00000000
00000000
00000000
00000000
00000000
00000000
00000000
00000000
00000000
00000000
00000000
00000000
00000000
00000000
00000000
00000000
00000000
00000000
00000000
00000000
00000000
00000000
00000000
00000000
00000000
00000000
00000000
00000000
00000000
00000000
00000000
00000000
00000000
00000000
00000000
00000000
00000000
00000000
00000000
00000000
00000000
00000000
00000000
00000000
00000000
00000000
00000000
00000000
00000000
00000000
00000000
00000000
00000000
00000000
00000000
00000000
00000000
00000000
00000000
00000000
00000000
00000000
00000000
00000000
00000000
00000000
00000000
00000000
00000000
00000000
00000000
00000000
00000000
00000000
00000000
00000000
00000000
00000000
00000000
00000000
00000000
00000000
00000000
00000000
00000000
00000000
00000000
00000000
00000000
00000000
00000000
00000000
00000000
00000000
00000000
00000000
00000000
00000000
00000000
00000000
00000000
00000000
00000000
00000000
00000000
00000000
00000000
00000000
00000000
00000000
00000000
00000000
00000000
00000000
00000000
00000000
00000000
00000000
00000000
00000000
00000000
00000000
00000000
00000000
00000000
00000000
00000000
00000000
00000000
00000000
00000000
00000000
00000000
00000000
00000000
00000000
00000000
00000000
00000000
00000000
00000000
00000000
00000000
00000000
00000000
00000000
00000000
00000000
00000000
00000000
00000000
00000000
00000000
00000000
00000000
00000000
00000000
00000000
00000000
00000000
00000000
00000000
00000000
00000000
00000000
00000000
00000000
00000000
00000000
00000000
00000000
00000000
00000000
00000000
00000000
00000000
00000000
00000000
00000000
00000000
00000000
00000000
00000000
00000000
00000000
00000000
00000000
00000000
00000000
00000000
00000000
00000000
00000000
00000000
00000000
00000000
00000000
00000000
00000000
00000000
00000000
00000000
00000000
00000000
00000000
00000000
00000000
00000000
00000000
00000000
00000000
00000000
00000000
00000000
00000000
00000000
00000000
00000000
00000000
00000000
00000000
00000000
00000000
00000000
00000000
00000000
00000000
00000000
00000000
00000000
00000000
00000000
00000000
00000000
00000000
00000000
00000000
00000000
00000000
00000000
00000000
00000000
00000000
00000000
00000000
00000000
00000000
00000000
00000000
00000000
00000000
00000000
00000000
00000000
00000000
00000000
00000000
00000000
00000000
00000000
00000000
00000000
00000000
00000000
00000000
00000000
00000000
00000000
00000000
00000000
00000000
00000000
00000000
00000000
00000000
00000000
00000000
00000000
00000000
00000000
00000000
00000000
00000000
00000000
00000000
00000000
00000000
00000000
00000000
00000000
00000000
00000000
00000000
00000000
00000000
00000000
00000000
00000000
00000000
00000000
00000000
00000000
00000000
00000000
00000000
00000000
00000000
00000000
00000000
00000000
00000000
00000000
00000000
00000000
00000000
00000000
00000000
00000000
00000000
00000000
00000000
00000000
00000000
00000000
00000000
00000000
00000000
00000000
00000000
00000000
00000000
00000000
00000000
00000000
00000000
00000000
00000000
00000000
00000000
00000000
00000000
00000000
00000000
00000000
00000000
00000000
00000000
00000000
00000000
00000000
00000000
00000000
00000000
00000000
00000000
00000000
00000000
00000000
00000000
00000000
00000000
00000000
00000000
00000000
00000000
00000000
00000000
00000000
00000000
00000000
00000000
00000000
00000000
00000000
00000000
00000000
00000000
00000000
00000000
00000000
00000000
00000000
00000000
00000000
00000000
00000000
00000000
00000000
00000000
00000000
00000000
00000000
00000000
00000000
00000000
00000000
00000000
00000000
00000000
00000000
00000000
00000000
00000000
00000000
00000000
00000000
00000000
00000000
00000000
00000000
00000000
00000000
00000000
00000000
00000000
00000000
00000000
00000000
00000000
00000000
00000000
00000000
00000000
00000000
00000000
00000000
00000000
00000000
00000000
00000000
00000000
00000000
00000000
00000000
00000000
00000000
00000000
00000000
00000000
00000000
00000000
00000000
00000000
00000000
00000000
00000000
00000000
00000000
00000000
00000000
00000000
00000000
00000000
00000000
00000000
00000000
00000000
00000000
00000000
00000000
00000000
00000000
00000000
00000000
00000000
00000000
00000000
00000000
00000000
00000000
00000000
00000000
00000000
00000000
00000000
00000000
00000000
00000000
00000000
00000000
00000000
00000000
00000000
00000000
00000000
00000000
00000000
00000000
00000000
00000000
00000000
00000000
00000000
00000000
00000000
00000000
00000000
00000000
00000000
00000000
00000000
00000000
00000000
00000000
00000000
00000000
00000000
00000000
00000000
00000000
00000000
00000000
00000000
00000000
00000000
00000000
00000000
00000000
00000000
00000000
00000000
00000000
00000000
00000000
00000000
00000000
00000000
00000000
00000000
00000000
00000000
00000000
00000000
00000000
00000000
00000000
00000000
00000000
00000000
00000000
00000000
00000000
00000000
00000000
00000000
00000000
00000000
00000000
00000000
00000000
00000000
00000000
00000000
00000000
00000000
00000000
00000000
00000000
00000000
00000000
00000000
00000000
00000000
00000000
00000000
00000000
00000000
00000000
00000000
00000000
00000000
00000000
00000000
00000000
00000000
00000000
00000000
00000000
00000000
00000000
00000000
00000000
00000000
00000000
00000000
00000000
00000000
00000000
00000000
00000000
00000000
00000000
00000000
00000000
00000000
00000000
00000000
00000000
00000000
00000000
00000000
00000000
00000000
00000000
00000000
00000000
00000000
00000000
00000000
00000000
00000000
00000000
00000000
00000000
00000000
00000000
00000000
00000000
00000000
00000000
00000000
00000000
00000000
00000000
00000000
00000000
00000000
00000000
00000000
00000000
00000000
00000000
00000000
00000000
00000000
00000000
00000000
00000000
00000000
00000000
00000000
00000000
00000000
00000000
00000000
00000000
00000000
00000000
00000000
00000000
00000000
00000000
00000000
00000000
00000000
00000000
00000000
00000000
00000000
00000000
00000000
00000000
00000000
00000000
00000000
00000000
00000000
00000000
00000000
00000000
00000000
00000000
00000000
00000000
00000000
00000000
00000000
00000000
00000000
00000000
00000000
00000000
00000000
00000000
00000000
00000000
00000000
00000000
00000000
00000000
00000000
00000000
00000000
00000000
00000000
00000000
00000000
00000000
00000000
00000000
00000000
00000000
00000000
00000000
00000000
00000000
00000000
00000000
00000000
00000000
00000000
00000000
00000000
00000000
00000000
00000000
00000000
00000000
00000000
00000000
00000000
00000000
00000000
00000000
00000000
00000000
00000000
00000000
00000000
00000000
00000000
00000000
00000000
00000000
00000000
00000000
00000000
00000000
00000000
00000000
00000000
00000000
00000000
00000000
00000000
00000000
00000000
00000000
00000000
00000000
00000000
00000000
00000000
00000000
00000000
00000000
00000000
00000000
00000000
00000000
00000000
00000000
00000000
00000000
00000000
00000000
00000000
00000000
00000000
00000000
00000000
00000000
00000000
00000000
00000000
00000000
00000000
00000000
00000000
00000000
00000000
00000000
00000000
00000000
00000000
00000000
00000000
00000000
00000000
00000000
00000000
00000000
00000000
00000000
00000000
00000000
00000000
00000000
00000000
00000000
00000000
00000000
00000000
00000000
00000000
00000000
00000000
00000000
00000000
00000000
00000000
00000000
00000000
00000000
00000000
00000000
00000000
00000000
00000000
00000000
00000000
00000000
00000000
00000000
00000000
00000000
00000000
00000000
00000000
00000000
00000000
00000000
00000000
00000000
00000000
00000000
00000000
00000000
00000000
00000000
00000000
00000000
00000000
00000000
00000000
00000000
00000000
00000000
00000000
00000000
00000000
00000000
00000000
00000000
00000000
00000000
00000000
00000000
00000000
00000000
00000000
00000000
00000000
00000000
00000000
00000000
00000000
00000000
00000000
00000000
00000000
00000000
00000000
00000000
00000000
00000000
00000000
00000000
00000000
00000000
00000000
00000000
00000000
00000000
00000000
00000000
00000000
00000000
00000000
00000000
00000000
00000000
00000000
00000000
00000000
00000000
00000000
00000000
00000000
00000000
00000000
00000000
00000000
00000000
00000000
00000000
00000000
00000000
00000000
00000000
00000000
00000000
00000000
00000000
00000000
00000000
00000000
00000000
00000000
00000000
00000000
00000000
00000000
00000000
00000000
00000000
00000000
00000000
00000000
00000000
00000000
00000000
00000000
00000000
00000000
00000000
00000000
00000000
00000000
00000000
00000000
00000000
00000000
00000000
00000000
00000000
00000000
00000000
00000000
00000000
00000000
00000000
00000000
00000000
00000000
00000000
00000000
00000000
00000000
00000000
00000000
00000000
00000000
00000000
00000000
00000000
00000000
00000000
00000000
00000000
00000000
00000000
00000000
00000000
00000000
00000000
00000000
00000000
00000000
00000000
00000000
00000000
00000000
00000000
00000000
00000000
00000000
00000000
00000000
00000000
00000000
00000000
00000000
00000000
00000000
00000000
00000000
00000000
00000000
00000000
00000000
00000000
00000000
00000000
00000000
00000000
00000000
00000000
00000000
00000000
00000000
00000000
00000000
00000000
00000000
00000000
00000000
00000000
00000000
00000000
00000000
00000000
00000000
00000000
00000000
00000000
00000000
00000000
00000000
00000000
00000000
00000000
00000000
00000000
00000000
00000000
00000000
00000000
00000000
00000000
00000000
00000000
00000000
00000000
00000000
00000000
00000000
00000000
00000000
00000000
00000000
00000000
00000000
00000000
00000000
00000000
00000000
00000000
00000000
00000000
00000000
00000000
00000000
00000000
00000000
00000000
00000000
00000000
00000000
00000000
00000000
00000000
00000000
00000000
00000000
00000000
00000000
00000000
00000000
00000000
00000000
00000000
00000000
00000000
00000000
00000000
00000000
00000000
00000000
00000000
00000000
00000000
00000000
00000000
00000000
00000000
00000000
00000000
00000000
00000000
00000000
00000000
00000000
00000000
00000000
00000000
00000000
00000000
00000000
00000000
00000000
00000000
00000000
00000000
00000000
00000000
00000000
00000000
00000000
00000000
00000000
00000000
00000000
00000000
00000000
00000000
00000000
00000000
00000000
00000000
00000000
00000000
00000000
00000000
00000000
00000000
00000000
00000000
00000000
00000000
00000000
00000000
00000000
00000000
00000000
00000000
00000000
00000000
00000000
00000000
00000000
00000000
00000000
00000000
00000000
00000000
00000000
00000000
00000000
00000000
00000000
00000000
00000000
00000000
00000000
00000000
00000000
00000000
00000000
00000000
00000000
00000000
00000000
00000000
00000000
00000000
00000000
00000000
00000000
00000000
00000000
00000000
00000000
00000000
00000000
00000000
00000000
00000000
00000000
00000000
00000000
00000000
00000000
00000000
00000000
00000000
00000000
00000000
00000000
00000000
00000000
00000000
00000000
00000000
00000000
00000000
00000000
00000000
00000000
00000000
00000000
00000000
00000000
00000000
00000000
00000000
00000000
00000000
00000000
00000000
00000000
00000000
00000000
00000000
00000000
00000000
00000000
00000000
00000000
00000000
00000000
00000000
00000000
00000000
00000000
00000000
00000000
00000000
00000000
00000000
00000000
00000000
00000000
00000000
00000000
00000000
00000000
00000000
00000000
00000000
00000000
00000000
00000000
00000000
00000000
00000000
00000000
00000000
00000000
00000000
00000000
00000000
00000000
00000000
00000000
00000000
00000000
00000000
00000000
00000000
00000000
00000000
00000000
00000000
00000000
00000000
00000000
00000000
00000000
00000000
00000000
00000000
00000000
00000000
00000000
00000000
00000000
00000000
00000000
00000000
00000000
00000000
00000000
00000000
00000000
00000000
00000000
00000000
00000000
00000000
00000000
00000000
00000000
00000000
00000000
00000000
00000000
00000000
00000000
00000000
00000000
00000000
00000000
00000000
00000000
00000000
00000000
00000000
00000000
00000000
00000000
00000000
00000000
00000000
00000000
00000000
00000000
00000000
00000000
00000000
00000000
00000000
00000000
00000000
00000000
00000000
00000000
00000000
00000000
00000000
00000000
00000000
00000000
00000000
00000000
00000000
00000000
00000000
00000000
00000000
00000000
00000000
00000000
00000000
00000000
00000000
00000000
00000000
00000000
00000000
00000000
00000000
00000000
00000000
00000000
00000000
00000000
00000000
00000000
00000000
00000000
00000000
00000000
00000000
00000000
00000000
00000000
00000000
00000000
00000000
00000000
00000000
00000000
00000000
00000000
00000000
00000000
00000000
00000000
00000000
00000000
00000000
00000000
00000000
00000000
00000000
00000000
00000000
00000000
00000000
00000000
00000000
00000000
00000000
00000000
00000000
00000000
00000000
00000000
00000000
00000000
00000000
00000000
00000000
00000000
00000000
00000000
00000000
00000000
00000000
00000000
00000000
00000000
00000000
00000000
00000000
00000000
00000000
00000000
00000000
00000000
00000000
00000000
00000000
00000000
00000000
00000000
00000000
00000000
00000000
fffff731
fffffa90
fffffe52
fffffb0b
0000024c
0000091b
00000430
0000006c
0000053d
00000481
fffffc59
00000107
0000009c
ffffff8c
0000008c
ffffff47
ffffffc7
0000001a
00000044
0000025c
000001bd
fffffec9
fffffb03
000000e2
000004b4
fffffeb1
00000348
0000025e
fffffb7e
00000528
00000221
00000230
000000c1
ffffff77
ffffff8d
0000000d
ffffffa5
00000137
fffffeb9
00000ac8
000000a2
000002c6
0000005f
00000003
fffffe34
ffffff68
fffffa1c
000000c7
00000276
000001e3
fffffeea
fffffe6f
fffffdce
00000187
0000002a
0000018b
fffffe61
fffffe16
ffffffef
fffffa0b
ffffff53
00000678
0000007a
00000112
000001c7
ffffffb8
fffffd66
000003bd
0000041e
00000055
fffffaea
fffffd43
fffffcec
00000018
00000165
0000016c
fffffdd1
fffffd2f
0000005a
ffffff59
fffffcd9
fffffb0b
00000045
ffffff85
fffffe0a
fffffd68
000005e8
000001d5
00000083
00000032
fffffdec
00000026
fffffe37
ffffff50
fffffff6
ffffff80
00000194
0000022c
fffffcd7
00000011
000003d8
fffffe05
00000085
000000f1
fffffec3
fffff054
00000016
fffffe40
ffffffd4
00000338
fffffd49
000001d7
fffffffb
000001ec
000000b9
000000f7
00000039
0000010d
00000b12
ffffff23
ffffff5d
fffffebf
fffffe1c
ffffffad
ffffffb2
00000069
fffffe21
ffffffa9
fffffdae
fffffffa
ffffffe2
000001ef
ffffffea
ffffffae
ffffff86
00000432
00000224
000000e2
fffffead
000003b4
0000001f
fffffd63
ffffffe9
fffffdba
00000146
000002b1
fffffd8a
ffffff24
fffffd0d
000001b1
000002f6
ffffffcb
00000019
ffffff70
fffffb80
00000002
ffffff29
fffffba7
fffffffb
ffffffb6
ffffff5c
00000096
fffffec6
000001ef
000000ea
0000013b
000003b2
ffffffbd
fffffef9
000000ca
ffffff31
ffffff2d
ffffff9b
fffffc27
ffffff95
00000001
ffffff59
ffffff4e
00000283
00000088
fffffdad
0000008b
ffffffae
00000047
ffffff9c
fffff86c
00000271
fffffdb8
fffffeec
fffffff4
ffffff62
0000001a
ffffff2c
0000002b
ffffffe4
00000278
fffffbed
0000002a
00000114
fffffe82
fffffff9
0000056b
fffffe69
00000002
0000018c
fffffeeb
00000971
000002d7
ffffffc5
000000b1
ffffff39
fffffd5d
0000022f
0000009f
ffffff3f
0000008d
fffffe8c
ffffffc0
00000288
fffffe0f
ffffff2b
ffffff71
00000180
0000010b
00000096
ffffffdd
000001ab
000000c6
fffffe2f
ffffffb3
00000063
000000b2
fffffe76
ffffff1b
00000501
00000094
fffffe7c
fffffa7f
ffffff8a
fffffee5
00000127
ffffff40
fffffed7
fffffe76
ffffff98
fffffffc
ffffffc5
00000277
00000060
ffffffcb
00000094
00000162
0000009a
ffffffdb
000000cc
00000015
00000196
0000007c
00000393
00000016
ffffff2a
ffffff0b
0000025a
0000021a
000002ee
000000fe
000001b6
00000162
000000eb
0000005e
000001ef
fffffb82
00000340
ffffff76
ffffffaf
00000002
fffffc34
000000dd
fffff38b
fffffffe
000000f7
00000013
ffffff1b
00000043
00000005
000000a1
ffffff8c
000001f4
00000050
ffffff8f
00000152
fffffac2
00000203
fffffff5
00000e28
00000107
ffffff40
ffffffa1
fffffedc
00000307
fffffdd7
fffffe1d
00000058
000000fd
00000297
ffffff16
00000033
fffffd03
ffffff1b
fffffece
fffffbb4
ffffff24
ffffffe3
fffffef2
ffffff6e
00000079
00000012
ffffff4e
fffffd05
ffffffe2
ffffff12
fffff790
fffffc15
ffffff06
00000111
00000096
fffffe4b
fffffb39
fffffdbe
0000014e
000000b8
ffffffa0
00000483
fffffed6
0000004c
ffffff7d
00000074
ffffff55
000002eb
ffffff38
ffffff6e
fffffeb5
fffffed0
00000080
00000274
0000007d
fffffee0
0000020b
fffffe7d
fffffbf2
ffffffdc
000000b6
0000013b
fffffffc
fffffb5b
0000007f
ffffff15
ffffff45
fffffcb0
ffffffad
0000058e
0000001a
ffffff20
0000012f
fffffff7
00000063
00000091
ffffff67
0000013b
ffffffb9
0000016d
fffffefb
ffffff77
fffffe62
fffffde9
0000007b
000001ea
fffffdf7
0000135c
00000149
ffffff37
00000324
00000057
ffffffab
ffffff50
00000025
ffffffed
000001be
fffffff3
000002fe
ffffff67
ffffff62
fffffd4c
00000098
00000009
00000003
000000c7
000001f8
00000418
00000008
00000039
0000018e
00000133
000001ef
00000063
ffffff6d
fffffb99
00000126
00000121
fffffd5b
00000075
fffffd80
ffffff3f
fffffee7
ffffff6a
fffff6a4
ffffff50
fffffff5
000002dd
00000019
00000b9f
fffffdb6
00000027
fffffe6c
ffffffab
ffffffe4
fffffe72
fffffe0b
ffffff2c
00000044
fffffffa
fffffe85
ffffffed
00000079
fffffefc
0000032f
ffffff00
000006e9
fffffdf3
00000272
ffffffaa
ffffff58
ffffff5a
000002bd
fffffd9d
ffffff95
0000001c
fffffd60
ffffffae
0000032b
ffffffe7
ffffffa6
fffffdf1
0000015b
000001c7
fffffccb
fffffffc
0000023f
fffffff0
00000002
00000058
0000040d
00000026
ffffffbd
ffffffea
ffffff6e
fffffced
ffffff9a
ffffff6c
000000e6
ffffffec
000000bd
00000257
fffffe34
00000060
ffffffbe
fffffde1
fffffea1
000002e2
0000001d
00000022
ffffffd7
00000146
00000163
000000eb
00000149
00000016
0000013e
ffffffc9
0000018b
00000307
00000297
00000014
00000118
00000116
000002be
fffffecc
00000046
fffffd3b
0000007c
ffffff3f
00000017
ffffff32
ffffffed
000001df
fffffd1e
000002bf
0000016c
fffffe65
000000c8
00000176
00000045
00000110
00000019
fffffe85
0000005c
fffffb8c
fffffe6e
ffffffed
00000288
0000015a
0000021b
fffffecf
ffffffe1
ffffffc3
fffffc09
ffffffae
ffffff3e
fffffd34
00000013
00000401
00000021
fffffe9b
0000000d
000001d9
00000030
fffffecd
fffffef7
fffffeda
ffffff87
000001fb
fffffead
fffffdcf
000003d9
fffffdbf
ffffff0f
00000177
ffffff81
00000221
000002c7
ffffff93
0000018b
ffffff83
00000003
00000170
0000028c
00000187
fffffdfc
fffffd89
00000113
fffffe6a
ffffffa1
00000139
fffffdb8
0000011c
0000028c
00000113
fffffeab
ffffff8f
00000202
000000ab
ffffff76
fffffef3
ffffffb7
00000038
00000175
00000318
000002bc
ffffe60d
fffffe8c
00000044
00000019
0000048e
0000035b
fffffeae
fffffff7
fffffe8f
000001db
fffffca9
00000036
fffffff8
fffffec8
000000d7
00000151
0000011a
0000008d
fffffd12
fffffed1
ffffff0f
ffffff57
ffffff25
000000ab
00000249
ffffffc1
fffffd5c
00000046
fffffc13
0000009b
000005fb
00000025
fffffc6f
000001c7
00000072
ffffff41
ffffffdb
ffffff1d
000003a8
ffffffbb
ffffff02
0000008b
00000165
fffffffd
fffffe1d
ffffffcb
fffffcd1
0000002c
fffffdc8
fffffee6
fffffe68
ffffff6c
00000138
fffffe3b
000002a9
00000157
fffffcdc
000000a7
0000045f
000000a1
ffffffcb
000000e0
ffffff8e
fffffed2
fffffc7a
0000023c
000000d1
0000001e
fffffb4f
ffffffcf
ffffffa8
fffffe72
0000014e
fffffe91
000000b1
fffffe45
ffffff7f
ffffff38
ffffff6f
0000015a
fffffede
fffffed2
00000103
00000074
0000002f
00000047
00000070
0000010c
ffffff33
0000005c
000002d2
000000af
0000025f
fffffffe
ffffffee
ffffff57
000001cc
ffffff36
ffffff81
00000a0e
00000016
ffffff53
ffffff03
0000008f
ffffff60
ffffff95
fffffbe2
ffffffeb
ffffffe7
fffffe20
00000039
000000b0
fffffd45
ffffff11
ffffffed
fffffe12
0000009b
ffffffaf
fffffda5
0000011b
fffffeb9
00000044
fffffe65
fffffdc6
00000204
0000004a
00000089
00000228
fffffed7
ffffff8f
ffffff80
ffffffab
ffffff7a
00000164
00000745
00000114
fffffdef
fffffcf2
00000009
ffffff6e
00000151
00000239
00000035
fffffdc4
0000014b
00000437
00000068
000000f0
ffffffca
00000240
0000022b
ffffff62
fffffe54
ffffffc0
0000017b
fffffecd
ffffff96
ffffffce
000001d3
fffffee3
ffffffef
0000004b
0000052d
0000014e
00000192
00000025
ffffffa3
00000066
00000262
ffffff79
ffffff3e
fffffd29
fffffff1
ffffffc8
ffffff10
ffffffdc
000000c3
0000004b
ffffffe6
0000025f
fffffdeb
ffffffd5
000000d8
00000050
000003ea
ffffff4a
fffffe32
00000128
00000094
00000039
fffffff6
ffffffb0
ffffff7c
fffffe2a
ffffff69
ffffff23
0000012e
fffffecc
000000f8
00000020
00000148
fffffc77
00000177
00000156
000003a2
fffffef0
00000158
00000077
ffffff9a
fffffd59
fffffeb4
00000a66
ffffffc9
ffffffad
00000064
fffffcc9
0000016e
ffffff87
000002f0
0000006c
fffffeda
ffffffce
fffffe44
000000bd
fffffe66
000001e2
ffffff7b
ffffff74
00000033
0000011b
fffff9c9
fffffe48
ffffffb3
fffffd37
fffffe32
000000d3
fffffedc
00000110
000000e5
00000050
fffffef2
ffffffb1
00000277
00000068
fffffed2
00000012
ffffff84
fffffe76
00001152
ffffffaf
0000000c
ffffffcb
00000027
000000da
00000116
00000019
000000a4
ffffff59
fffffd6a
ffffffa9
fffffe54
ffffffdc
000000ad
ffffffd6
fffffff2
ffffffd0
000005f8
fffffeae
00000256
fffffd5e
ffffffcd
0000005e
fffff87a
fffffed4
fffffff9
00000090
fffffda2
fffffcb3
fffffff3
fffffeeb
ffffffd5
fffffe19
ffffffa0
00000000
ffffff10
ffffff70
000000aa
00000071
00000177
00000025
00000160
ffffffa4
00000176
000000ff
ffffff0f
fffffe11
fffffe83
ffffff48
ffffff56
00000329
fffffef7
ffffffb0
00000035
00000330
00000216
ffffffd6
fffffe9e
0000029e
fffffc7c
00000048
0000026b
fffffd64
0000033e
000000b4
fffffef9
00000106
ffffff11
000000b8
000000b4
0000015e
00000112
ffffffc7
000000ec
fffffec2
ffffff70
000000cc
ffffff65
00000673
00000129
00000009
000000ab
00000068
ffffff7f
000001bc
000000b0
fffffd73
ffffff02
ffffff9f
0000008a
00000196
ffffffe5
000001e0
000001f3
fffffe53
00000107
0000001d
000002f1
00000135
00000021
00000081
0000008a
00000316
ffffff0e
000002c9
fffffea3
ffffff24
ffffff95
00000067
00000025
ffffff9a
000000df
fffffec1
000000d0
fffffe7e
fffffef4
fffffea4
fffffe07
0000006e
fffffe43
ffffffdd
0000004e
0000020b
000000e0
00000227
ffffff9e
ffffffd6
000002d0
00000060
fffffe9c
fffffe5a
00000097
000000cf
000000c6
0000027a
0000001a
0000003f
ffffffaf
fffffd11
fffffffd
fffffea9
000002cf
0000010e
000000f7
000000a8
000000d6
ffffffa4
fffffdc1
fffffe3c
ffffff28
ffffffec
ffffff93
ffffffc7
ffffff3c
000000a1
000002a6
ffffffc4
fffffe31
0000008c
fffffe62
ffffffbc
000000b7
00000094
00000037
00000015
ffffff0a
00000126
ffffffa8
000001bc
fffffe91
00000012
00000063
00000111
ffffff1f
ffffffd1
fffffca9
fffffeac
00000274
00000174
000000bf
000018ef
00000019
00000105
000000b8
ffffff69
00000248
ffffff88
ffffffbd
000000f0
00000103
000000e2
fffffe3e
00000096
00000034
fffffcf5
fffffed3
00000216
ffffff8f
0000009a
00000259
00000295
000000a4
fffffe5b
fffffec0
00000041
0000005a
00000017
ffffffd3
00000149
ffffff05
ffffff0a
fffffbf1
ffffffd6
ffffff37
ffffff69
fffff863
00000019
ffffff4f
ffffff51
fffffdfd
000005b3
000000c4
ffffff6f
ffffffba
fffffe81
0000014f
00000085
0000002d
ffffff67
fffffdd0
000001a1
000001e4
00000002
ffffffe8
00000064
00000082
fffffed6
fffffc87
00000224
0000025f
00000103
00000042
0000015e
000000e4
ffffff24
fffffdec
ffffff9c
ffffff41
000002b6
ffffff25
000002dc
fffffff5
00000023
000001ba
00000021
ffffff9b
0000015c
00000231
ffffffda
fffffdfe
00000058
0000006e
000000b0
00000009
0000015d
ffffff28
0000003f
0000024a
00000104
0000006f
fffffd84
ffffffa7
ffffffdf
00000103
fffffbb1
0000004c
00000196
000000de
00000279
0000021c
ffffffec
00000000
fffffef5
00000157
000001a4
ffffffdd
000000a5
00000066
0000007f
ffffff1b
00000000
ffffffa8
ffffffc8
000000cc
fffffed8
0000012c
0000005d
0000002e
00000006
fffffec2
000000bf
00000057
000000d9
ffffff7e
00000005
0000013e
0000000d
ffffff33
fffffd70
fffffd99
00000107
0000001c
fffffdc0
ffffff19
ffffff81
0000008f
000000e8
00000160
ffffffcf
ffffffc9
0000014e
000000e7
fffffeb7
00000196
0000010b
fffffe49
ffffff5f
00000175
00000009
ffffffbb
ffffff43
000000c9
ffffff9f
ffffff2d
ffffffe0
fffffeb9
ffffff8d
ffffff35
0000006b
00000227
000000a4
0000007a
00000295
fffffede
ffffff8c
000000a0
0000029b
fffffef0
ffffffb0
000001d7
0000000c
00000000
ffffff76
00000056
fffffffe
ffffff1c
00000a29
000001f7
00000110
fffffffa
00000032
ffffffe5
fffffe63
00000447
00000146
00000009
0000003d
000001fc
ffffffba
00000012
0000012e
ffffff45
0000004d
ffffff5d
0000010c
ffffff12
00000041
ffffff67
fffffe1b
fffffe86
ffffff8a
ffffff2e
ffffffd9
ffffff8e
ffffffce
0000023c
ffffffa3
0000007d
ffffffd4
000000b0
fffffeed
000002fc
fffffcdf
00000076
0000002c
00000006
ffffffb7
ffffff49
00000008
00000026
0000005f
00000184
00000034
ffffffe4
ffffff41
fffffecb
ffffff6d
ffffff37
ffffff0f
ffffffa3
ffffff4a
ffffff49
fffffec8
ffffff88
00000000
ffffffda
fffffec7
ffffff9d
00000228
fffffffc
0000005c
ffffffc2
0000007d
0000009a
000002e3
00000115
ffffff4d
fffffeb0
fffffff4
0000002a
00000034
00000071
fffffbcc
fffffe8c
fffffff6
fffffcbd
00000089
ffffff12
00000087
fffffff2
fffffddf
00000023
000000d7
00000000
000000df
00000150
fffffff6
000001a7
00000150
fffff9f8
0000000e
ffffff8f
fffffff2
0000006b
fffffe41
fffffe53
ffffffd6
ffffff2d
0000002d
ffffffa8
fffffe5b
00000066
fffffcf0
ffffff6d
000001e8
ffffff97
fffffd87
fffffdbc
0000005e
00000018
ffffff85
ffffffaf
000000f1
fffffd34
ffffff23
ffffffc8
fffffee3
ffffff11
00000094
ffffff39
ffffff45
000000ae
fffffee6
0000008c
00000044
00000127
00000481
ffffff9c
00000154
000001aa
00000036
00000002
000000f6
ffffff35
00000838
000000fa
ffffff37
fffffbc9
00000013
000000cc
000001ef
ffffffa6
00000317
000002b2
ffffff95
00000005
0000000c
00000138
ffffffa4
000001f0
ffffffaa
0000009a
fffffe63
00000043
00000092
fffffe07
ffffffe0
00000118
00000092
00000023
fffffeab
fffffd35
fffffeba
fffffcf7
ffffffc7
fffffe8c
fffffecd
00000017
ffffff27
00000024
ffffffce
0000008e
0000004b
fffffeb4
fffffe85
00000340
fffffe8c
ffffffb6
fffffec1
000004a0
ffffff2f
fffffe63
000000de
fffffe1f
fffffe45
0000004d
000000a4
0000006d
ffffff3e
fffffea1
00000001
ffffffa6
00000171
000000b0
fffffe9d
ffffffe6
00000030
ffffffef
00000232
00000228
00000504
00000143
ffffffc0
ffffff61
ffffff85
ffffff08
fffffffd
00000005
fffffee8
00000193
fffffd75
000000e5
fffffefe
ffffff18
0000002f
00000094
fffffffc
00000042
000001a8
ffffffe5
00000078
ffffff51
00000177
0000004f
000001d9
00000090
0000002b
ffffffee
000000b5
00000087
fffffed5
fffffff4
ffffff12
ffffff1f
0000002d
00000286
fffffe92
000000c9
000000a4
000000cf
fffffef2
fffffe3c
0000001a
fffffff4
fffffffb
0000021f
ffffffef
fffffefa
ffffff4e
fffffe8d
fffffec5
ffffffc9
000001d9
ffffff75
ffffffa0
fffffec3
ffffffd4
000002b5
0000021f
ffffffa0
ffffff63
00000062
ffffffb3
fffffef8
0000010f
fffffe3f
ffffff2c
00000076
fffffe80
00000032
00000082
00000296
fffffe60
fffffcb3
ffffff4b
00000069
ffffffa3
fffffffb
0000006e
000002e3
ffffffa1
0000015a
000001b9
0000005d
0000008e
fffffffc
ffffffe9
00000061
0000001c
00000055
ffffff8d
00000027
fffffe95
ffffff84
00000236
00000010
00000135
fffffe78
fffffe65
00000031
00000055
ffffffab
fffffde4
00000129
ffffff50
fffffff1
00000056
000000b1
0000010e
00000281
ffffff25
ffffffe7
000000d9
00000097
00000032
ffffff2a
fffffef3
000001d5
fffffff5
00000040
0000015a
000001d4
000000ae
00000210
00000267
0000001b
fffffc33
fffffd90
0000028a
00000038
fffffca1
000000f0
00000847
0000009f
0000003f
ffffffe4
00000011
fffffeda
fffffe2a
ffffff7a
fffffbf7
ffffffa7
0000023b
00000077
00000032
ffffffba
00000019
00000230
ffffffe3
0000014e
00000005
fffffe17
00000039
fffffd4d
000000a3
000001bb
00000076
ffffff32
0000005a
00000052
ffffff34
fffffea1
fffffe7d
00000078
000000b4
0000002c
fffffed9
ffffffff
fffffeed
ffffff53
0000005d
0000002a
fffffe24
00000117
fffffeb9
0000006e
ffffff69
fffffcfd
000000e2
00000052
ffffff38
ffffff41
ffffff17
ffffffdc
000000f8
fffffffc
000000e0
0000010e
00000006
fffffedd
fffffe3f
0000037a
000000d1
fffffefc
fffffdf1
ffffffff
0000005a
00000035
ffffffef
0000005b
00000048
fffff9bc
00000035
fffffd0a
fffffc92
ffffff38
00000049
000000ef
ffffff47
00000035
00000043
00000043
0000010f
ffffffb7
00000191
ffffff5a
000000e6
fffffede
00000019
00000032
ffffff4d
00000028
00000001
000000a2
00000062
0000001a
fffffdfd
ffffff7e
00000015
fffffeef
0000000a
ffffffaa
fffffd31
00000049
fffffe84
ffffff3d
ffffff08
00000080
000000fc
00000060
00000118
0000008e
ffffff07
fffffff4
00000042
000000ad
00000141
fffffeee
ffffff32
ffffff98
0000007f
fffffff2
fffffeb6
ffffff04
ffffffb3
000000d0
0000003c
000001ee
00000018
000001ec
ffffffa6
00000136
000001ee
0000016f
ffffff1b
00000046
000001a2
00000018
0000007a
000000dc
fffffe71
ffffff76
000000bf
ffffff8b
ffffffbf
000001e7
000001c0
000000dd
00000000
fffffe43
ffffff5c
000000bc
ffffff95
00000001
ffffffa1
0000005e
00000017
00000016
000000dd
ffffff1a
00000007
00000111
ffffff32
00000016
fffffe86
00000018
fffffdb1
fffffe82
ffffff3f
000000cd
00000019
ffffff2b
ffffff86
00000041
00000259
fffffff1
000000d8
ffffff33
ffffffd8
ffffffcd
0000022e
000001b2
00000018
0000023b
fffffe94
0000003f
00000001
00000055
0000000d
0000007e
00000019
00000033
0000010a
fffffffb
000000e1
000001b4
000000d2
00000160
fffffee5
fffffe51
ffffff0b
ffffff4b
000001e3
ffffffc3
00000169
00000002
fffffcb1
000001be
00000112
000000cf
ffffffa4
0000008f
000000bf
0000010b
000000af
ffffff85
fffffe41
00000058
00000024
00000007
0000014b
00000211
00000029
ffffff8e
00000085
fffffd3c
00000058
00000199
00000109
ffffffae
000001e5
fffffe67
ffffffe3
ffffff0a
000000f2
fffffd84
0000005a
fffffea7
0000014a
ffffff59
fffffeab
0000000c
ffffffd0
ffffffc7
00000118
0000007a
ffffffdb
ffffff3a
fffffff6
0000003b
0000004c
ffffff32
fffffff9
ffffff3f
000000a7
ffffff8b
00000127
00000092
0000000f
00000085
fffffff9
00000015
ffffffaf
0000018f
fffffef8
000001d1
ffffffe5
ffffffe0
fffffe40
ffffff7a
000000e4
0000004d
ffffffd9
ffffff6d
000001a3
00000044
000001bc
000000c3
ffffffc8
00000028
ffffff1f
ffffffdd
ffffffeb
fffffefe
00000108
000000d5
ffffff96
0000016d
ffffff76
ffffff7c
ffffff7e
ffffff9c
ffffffce
00000026
ffffff4e
000001a5
fffffeec
ffffffb4
00000039
00000114
ffffffce
00000020
fffffff1
ffffff2f
000001ae
0000000f
fffffff7
ffffff2c
ffffffbc
000001f4
0000008c
ffffffc6
fffffee2
0000016a
ffffffb6
ffffff28
0000006a
fffffff6
ffffffbe
00000211
ffffff89
ffffffb0
ffffff19
00000133
ffffff72
00000013
fffffff0
00000017
fffffe78
ffffffd3
ffffff9b
ffffff01
ffffff96
fffffe03
000000d4
fffffec3
000000eb
fffffebf
00000030
fffffde7
000002af
00000016
ffffffe9
ffffff81
000001cf
000001c2
ffffff07
ffffff1a
fffffed5
00000009
ffffffd5
ffffff37
00000020
ffffffc1
ffffff3e
ffffffac
00000080
00000027
00000077
00000004
ffffff37
ffffff38
ffffff52
ffffffdd
ffffff9f
fffffeb6
00000030
00000276
ffffffe5
00000037
fffffe6f
000000e3
0000006c
ffffff6b
000001b0
ffffffc2
000003e9
fffffe8a
00000012
ffffff74
00000081
ffffff6a
ffffff93
fffffe7f
0000000e
00000146
00000005
00000010
0000003d
fffffd84
00000175
ffffffb6
ffffff31
0000003e
fffffe08
0000000e
00000015
0000020f
fffffda2
fffffe1a
0000002c
ffffff65
fffffdcf
00000177
ffffffee
00000017
0000009a
fffffcfd
00000029
0000002a
00000134
ffffff82
ffffff54
ffffffeb
00000020
ffffff60
000000c2
00000075
00000165
ffffffaa
0000017c
00000101
ffffffba
ffffff59
ffffff8f
ffffff94
ffffff95
00000188
000001f9
ffffff92
000000b3
ffffff72
ffffff7e
ffffff75
ffffff86
fffffe9a
00000021
fffffc4d
ffffff1c
fffffff8
ffffffdc
ffffff6e
ffffffa6
000000f7
00000017
00000243
ffffff86
000000d4
00000108
ffffff7d
fffffe07
ffffffce
000000b5
00000013
00000000
00000099
ffffffc5
fffffecd
0000003a
fffffff3
ffffffdb
fffffdb9
ffffff94
ffffff79
fffffff4
0000018c
000000f7
ffffffef
ffffffec
ffffffc4
ffffff69
0000007b
00000309
00000087
fffffde5
fffffee7
ffffff94
ffffffdf
000000eb
0000003d
ffffffbf
000000bc
fffffff9
ffffff8e
ffffff33
000001c6
ffffff2f
fffffe9a
ffffff3f
000000a3
ffffffff
00000012
0000000e
000002e2
000000d0
00000042
0000019f
000001e1
0000009a
00000030
ffffff9c
00000037
00000037
00000056
fffffe32
000000c9
fffffe08
000000f1
0000004a
fffffffd
ffffff9c
ffffffc2
ffffff1f
00000011
00000032
000001bc
fffffdd8
00000150
00000000
00000137
0000006d
0000003b
000001e9
ffffff7b
00000020
000003cf
000000c9
ffffffdf
ffffff93
fffffff2
ffffff97
ffffff66
00000065
fffffe36
fffffe93
0000004a
0000006d
00000243
00000033
0000003e
ffffff56
0000007f
ffffffe7
ffffffed
00000032
0000004f
0000012f
ffffffc7
00000121
00000113
000000a2
0000008b
ffffffe5
0000008d
ffffff95
0000024f
fffffeae
0000016d
00000141
0000011a
000000d2
ffffffb5
00000352
ffffffad
000000b4
00000042
ffffffa6
0000003d
000000b0
00000002
ffffffdc
ffffffda
00000075
ffffffda
00000034
fffffe2b
000000c6
ffffff43
000000ac
ffffffd2
000001a3
00000073
00000005
ffffff8d
00000110
ffffffd8
ffffff91
ffffff96
ffffff82
00000059
ffffff71
000000d2
ffffff13
ffffff99
ffffffed
00000038
00000049
0000001c
00000077
000000aa
ffffff50
ffffffc4
ffffff75
0000021b
fffffd82
ffffffcc
000000d3
0000000b
0000001e
000000ae
000000b3
0000030b
00000270
fffffff2
ffffff9e
00000213
000002b3
fffffec0
000001bb
00000072
ffffffa2
fffffeb5
fffffff2
ffffff4a
fffffed8
ffffff56
ffffff4d
00000145
000001ee
000000ce
00000047
ffffff54
00000013
000000af
000001ed
000000c5
00000018
0000001e
00000027
00000031
00000023
fffffdd1
ffffffe6
ffffff64
ffffffce
00000070
00000050
ffffffcf
fffffec0
ffffffe7
0000002d
00000066
00000207
00000084
000001f7
fffffec9
ffffff60
fffffe99
ffffff1f
ffffff3e
00000059
fffffea6
fffffe88
00000013
000002ed
fffffd8c
ffffffe2
00000251
ffffff50
000000b7
fffffff7
00000057
0000009a
fffffe04
ffffffcf
ffffff75
0000003c
fffffeeb
00000045
ffffff3e
ffffffca
ffffff9e
ffffffd7
ffffffd4
ffffffdf
000000cc
00000084
00000288
00000054
ffffffec
ffffffee
ffffffad
00000063
ffffff58
ffffff71
fffffed2
0000033f
fffffea6
00000245
00000018
000000fb
fffffff8
00000090
fffffed5
00000089
fffffefb
ffffffb3
ffffff94
ffffff9d
00000033
ffffff93
0000002b
ffffff44
ffffff88
00000128
000000e5
ffffff3f
ffffff87
0000082d
00000014
00000257
00000067
00000086
00000279
00000013
0000003b
ffffffa6
ffffffb6
0000007e
0000002f
00000036
ffffff75
00000040
ffffffc0
ffffff53
fffffff3
ffffffaa
00000007
000001f0
ffffff7a
ffffffe4
ffffff43
ffffff8d
ffffffbf
0000003b
ffffffa0
ffffff97
0000012f
fffffef2
00000048
ffffff9d
00000150
ffffff26
000000f6
00000062
0000004f
00000072
000000a0
0000011c
0000010a
000000fe
ffffffc1
fffffff8
00000004
0000006d
000001aa
ffffffd1
000000a5
00000081
00000036
fffffe17
00000097
fffffec7
000000b6
ffffff8f
ffffff6b
0000005a
ffffff3d
0000010b
fffffed4
fffffe96
0000017e
000000dd
00000028
fffffff7
0000005a
fffffea1
000000f0
ffffffae
ffffff4a
fffffea2
ffffff71
000001cb
ffffffe5
ffffffd2
ffffffe5
ffffffc9
ffffff29
00000097
0000018e
00000127
fffffe87
ffffffa7
00000122
ffffff88
ffffff1b
fffffee5
00000022
000000d6
00000012
fffffe35
000002f4
00000015
ffffffe5
0000001f
0000005e
00000290
ffffffb8
ffffffba
0000000c
00000026
ffffff11
00000010
00000060
0000008e
00000096
ffffffca
fffffed6
000000e9
ffffffc9
00000012
ffffffad
0000001d
0000018e
00000040
ffffffa0
ffffffd4
ffffffe7
ffffffb4
000001c2
ffffffa0
ffffffce
ffffff62
ffffff60
00000070
000000f8
ffffffe7
ffffff95
00000261
00000097
0000011a
ffffff9e
ffffffda
ffffff4b
fffffefb
0000015d
fffffd33
ffffffda
ffffff7c
00000268
ffffff91
ffffffc1
00000016
00000040
ffffff78
00000055
fffffff6
00000096
ffffffc0
ffffff38
ffffffc7
fffffd9c
ffffffc8
00000097
fffffdf3
ffffff32
fffffdd3
ffffffef
0000006f
ffffffaa
00000046
ffffffe9
00000074
ffffffaf
00000137
000001db
0000016b
ffffffd5
0000000a
000000ae
fffffefe
ffffffad
00000093
ffffffc5
00000049
ffffffce
ffffffe8
ffffffc0
fffffdd1
00000069
ffffffa8
fffffc5b
000000b1
00000056
00000103
ffffff6a
00000051
ffffffd6
00000051
00000046
0000000e
ffffff22
000000c8
000000ea
00000031
000000e4
0000012b
fffffea1
00000083
0000010e
ffffff6c
ffffff65
00000137
000001dd
ffffff8e
0000004d
ffffff96
00000071
fffffffc
00000096
ffffffd1
0000013d
00000036
00000122
fffffe89
0000012a
00000046
00000093
00000013
00000096
0000004c
ffffff8f
00000040
00000074
ffffffb6
000000da
0000001c
ffffffcf
00000004
00000056
ffffffff
00000103
fffffe36
00000275
ffffff01
ffffff45
ffffffd3
ffffffcd
ffffffe2
000001ec
0000002b
00000107
000000a1
ffffff80
fffffe44
ffffffeb
00000128
00000004
fffffef0
00000026
00000032
fffffd9d
ffffffee
fffffdec
00000102
ffffff9c
ffffffa1
00000081
fffffdac
00000042
ffffffc1
ffffff8c
ffffff3b
000000ef
00000048
fffffea5
00000030
ffffffcb
ffffff8d
ffffff30
fffffeac
00000096
ffffff2d
00000009
ffffffcc
0000015e
00000029
fffffff5
000000ac
0000004e
ffffffd6
00000024
fffffdbc
ffffff70
ffffffc7
0000019e
fffffe94
00000075
00000023
ffffff70
00000014
ffffff9c
fffffea6
ffffff06
ffffffde
00000166
fffffee3
fffffeb2
0000005d
fffffefc
00000038
000000c2
ffffff30
ffffffe9
ffffffd5
00000123
00000025
ffffff3e
ffffffe2
000003a3
00000084
ffffffdf
ffffffdf
ffffff79
000000ee
fffffdc9
0000008a
0000004d
fffffff2
fffffed4
00000007
ffffff6b
00000089
00000045
ffffff88
0000005b
fffffe86
fffffeee
ffffff70
ffffff25
00000016
0000010c
0000009d
fffffe47
ffffffc1
ffffff98
0000004d
00000128
fffffe85
00000040
ffffff37
00000219
ffffffd6
ffffff1d
ffffffa8
0000001b
00000014
0000009c
00000173
ffffff6e
fffffef1
ffffffaf
00000000
fffffff9
000000ad
00000018
ffffff9b
ffffffa1
00000079
ffffff6e
fffffedf
00000077
0000000b
fffffeb7
0000003c
fffffdc4
ffffffc9
ffffffdd
00000089
ffffffb8
0000000a
00000110
00000092
000001a1
ffffffa1
000000f2
00000046
ffffff82
ffffffed
00000003
00000027
0000003f
00000032
000000dc
000000c6
ffffffa8
fffffead
00000016
0000000f
ffffff70
0000004b
ffffff41
ffffffde
0000008c
ffffffdd
fffffe83
00000007
0000007e
00000009
0000016a
ffffff50
fffffd71
ffffff87
0000023c
0000019a
ffffffb9
0000003a
00000085
fffffe8b
ffffffb5
00000053
0000013e
ffffffb7
ffffffd0
000000aa
ffffff9b
ffffff3c
00000071
00000066
0000002e
000000b2
ffffffef
ffffff1e
ffffff6a
ffffff0c
0000024d
00000034
00000120
00000092
0000000b
00000088
ffffffb2
ffffff99
ffffff3f
ffffffc0
00000001
fffffe4e
000000ff
fffffd3f
ffffff9d
ffffffa5
000000ae
00000026
00000022
ffffffb5
00000040
ffffff98
ffffff69
ffffff40
00000140
fffffe8a
00000010
0000002c
ffffff84
fffffffb
ffffffa2
000000a6
ffffff7c
0000006c
0000011d
00000026
ffffff8e
00000095
0000009b
00000122
00000086
00000072
ffffffde
fffffff7
00000102
00000069
ffffffdc
00000121
ffffff90
ffffff80
ffffff84
fffffee7
00000121
ffffffbc
00000082
ffffffdb
ffffff8e
00000028
ffffffe8
fffffec9
000000bb
ffffff38
00000179
ffffff9f
00000029
ffffff8c
0000002a
ffffff5c
ffffff93
0000002f
0000004b
00000104
000000a9
ffffff4c
00000055
000000e0
0000010d
fffffff1
fffffcf7
ffffff8a
ffffffff
fffffe86
ffffffce
0000002c
ffffffaa
ffffffb9
ffffff8d
00000001
fffffd84
ffffffca
fffffe10
0000009b
fffffff0
fffffff0
00000017
0000001a
00000064
ffffff34
ffffffc2
0000009b
0000007f
ffffff7d
0000008e
ffffffed
ffffff4d
0000015a
ffffff18
ffffffe8
ffffff98
ffffffcb
fffffec7
00000131
00000027
fffffee3
fffffffc
00000020
ffffffae
ffffff9e
0000002a
00000085
00000045
fffffe0f
ffffff43
00000011
000000cb
00000001
00000032
00000054
ffffffb1
ffffffb0
ffffff81
ffffffdd
ffffff8a
ffffff90
fffffe99
fffffed2
00000087
ffffffa9
0000001c
fffffe61
00000214
0000014f
ffffffe0
fffffee8
ffffff49
00000021
fffffdb1
00000096
ffffff52
fffffeef
fffffeff
ffffffd2
00000172
ffffffb2
00000013
fffffe9c
ffffff17
000000a1
fffffed5
00000032
00000070
0000004f
00000066
00000097
000000cc
00000008
0000000b
00000001
ffffff3f
ffffffa6
ffffffa6
ffffff41
00000027
00000071
000003ad
ffffff66
ffffff60
ffffff76
ffffff32
ffffff31
00000072
00000023
ffffff41
ffffffbc
ffffffb9
000000fa
ffffffa1
0000005d
0000001c
0000007d
00000077
00000148
fffffff6
000000d6
fffffecd
0000005b
000001db
fffffe6c
fffffe87
ffffffd1
0000011b
ffffff74
ffffffda
ffffffea
00000058
000001d5
fffffff0
00000080
ffffffd6
00000000
ffffffb5
00000001
ffffffe6
0000008e
fffffffc
000000d4
00000244
0000002d
ffffff72
00000086
ffffff55
fffffe44
ffffff95
fffffffa
ffffffe4
ffffffe8
0000006d
ffffff72
00000012
00000200
0000017c
00000087
fffffe59
ffffffac
00000003
ffffff29
00000022
ffffff83
000000a4
ffffff6d
fffffffb
ffffffd3
ffffffee
00000063
ffffff72
0000016a
000000be
0000001a
fffffff0
00000052
0000000e
fffffee1
ffffff79
fffffff2
00000112
fffffff2
0000021d
00000003
00000028
0000006e
ffffff98
00000121
00000094
ffffffe0
ffffffdd
ffffffa8
00000009
ffffff9e
0000002f
00000037
00000062
ffffff22
fffffe39
00000052
ffffff30
00000019
fffffe3a
0000005f
fffffe6e
ffffffc0
ffffffdd
0000008c
fffffe53
ffffffe8
00000049
ffffffcb
00000005
fffffff6
fffffffe
0000005d
ffffff31
fffffd6b
000000d0
000000dc
ffffffcb
fffffffe
000000df
fffffedc
000000bb
00000066
ffffff0f
ffffffee
00000051
ffffff53
0000008c
00000036
ffffffe2
0000001a
0000000b
0000000c
00000098
ffffff71
ffffffa2
ffffff4a
ffffffe5
0000001b
000000c5
fffffec1
ffffffc8
fffffe6b
00000053
ffffffaa
00000070
ffffffd2
0000008e
0000007e
fffffffd
0000003a
ffffffe1
ffffff16
ffffff9e
ffffffc1
ffffff3e
ffffff0c
ffffff70
fffffe6c
ffffff7e
ffffff37
ffffff18
00000077
0000003d
ffffffcf
ffffffd6
00000052
0000012b
ffffffa0
00000098
00000098
0000000e
00000050
000000d5
00000044
00000011
ffffff6d
00000094
ffffffa7
0000009a
ffffff7e
0000000a
ffffffce
ffffff98
0000014a
fffffc6f
00000024
0000006e
000000f6
ffffff20
00000048
0000007f
000000a3
ffffff4b
00000045
00000035
0000002a
00000055
ffffffb9
00000211
0000000a
ffffffd1
0000000b
00000081
fffffffe
0000004a
ffffffcc
0000004d
0000023d
fffffe84
ffffff49
fffffee7
ffffff87
0000015b
ffffffbb
ffffffa1
000001ce
ffffffd7
00000054
00000009
0000004b
ffffff69
fffffffb
fffffeaf
000000b2
fffffed4
ffffffaf
00000064
ffffffcb
00000063
fffffef2
fffffde4
ffffff43
00000000
00000000
00000000
00000000
00000000
00000000
00000000
00000000
00000000
00000000
00000000
00000000
00000000
00000000
00000000
00000000
00000000
00000000
00000000
00000000
00000000
00000000
00000000
00000000
00000000
00000000
00000000
00000000
00000000
00000000
00000000
00000000
00000000
00000000
00000000
00000000
00000000
00000000
00000000
00000000
00000000
00000000
00000000
00000000
00000000
00000000
00000000
00000000
00000000
00000000
00000000
00000000
00000000
00000000
00000000
00000000
00000000
00000000
00000000
00000000
00000000
00000000
00000000
00000000
00000000
00000000
00000000
00000000
00000000
00000000
00000000
00000000
00000000
00000000
00000000
00000000
00000000
00000000
00000000
00000000
00000000
00000000
00000000
00000000
00000000
00000000
00000000
00000000
00000000
00000000
00000000
00000000
00000000
00000000
00000000
00000000
00000000
00000000
00000000
00000000
00000000
00000000
00000000
00000000
00000000
00000000
00000000
00000000
00000000
00000000
00000000
00000000
00000000
00000000
00000000
00000000
00000000
00000000
00000000
00000000
00000000
00000000
00000000
00000000
00000000
00000000
00000000
00000000
00000000
00000000
00000000
00000000
00000000
00000000
00000000
00000000
00000000
00000000
00000000
00000000
00000000
00000000
00000000
00000000
00000000
00000000
00000000
00000000
00000000
00000000
00000000
00000000
00000000
00000000
00000000
00000000
00000000
00000000
00000000
00000000
00000000
00000000
00000000
00000000
00000000
00000000
00000000
00000000
00000000
00000000
00000000
00000000
00000000
00000000
00000000
00000000
00000000
00000000
00000000
00000000
00000000
00000000
00000000
00000000
00000000
00000000
00000000
00000000
00000000
00000000
00000000
00000000
00000000
00000000
00000000
00000000
00000000
00000000
00000000
00000000
00000000
00000000
00000000
00000000
00000000
00000000
00000000
00000000
00000000
00000000
00000000
00000000
00000000
00000000
00000000
00000000
00000000
00000000
00000000
00000000
00000000
00000000
00000000
00000000
00000000
00000000
00000000
00000000
00000000
00000000
00000000
00000000
00000000
00000000
00000000
00000000
00000000
00000000
00000000
00000000
00000000
00000000
00000000
00000000
00000000
00000000
00000000
00000000
00000000
00000000
00000000
00000000
00000000
00000000
00000000
00000000
00000000
00000000
00000000
00000000
00000000
00000000
00000000
00000000
00000000
00000000
00000000
00000000
00000000
00000000
00000000
00000000
00000000
00000000
00000000
00000000
00000000
00000000
00000000
00000000
00000000
00000000
00000000
00000000
00000000
00000000
00000000
00000000
00000000
00000000
00000000
00000000
00000000
00000000
00000000
00000000
00000000
00000000
00000000
00000000
00000000
00000000
00000000
00000000
00000000
00000000
00000000
00000000
00000000
00000000
00000000
00000000
00000000
00000000
00000000
00000000
00000000
00000000
00000000
00000000
00000000
00000000
00000000
00000000
00000000
00000000
00000000
00000000
00000000
00000000
00000000
00000000
00000000
00000000
00000000
00000000
00000000
00000000
00000000
00000000
00000000
00000000
00000000
00000000
00000000
00000000
00000000
00000000
00000000
00000000
00000000
00000000
00000000
00000000
00000000
00000000
00000000
00000000
00000000
00000000
00000000
00000000
00000000
00000000
00000000
00000000
00000000
00000000
00000000
00000000
00000000
00000000
00000000
00000000
00000000
00000000
00000000
00000000
00000000
00000000
00000000
00000000
00000000
00000000
00000000
00000000
00000000
00000000
00000000
00000000
00000000
00000000
00000000
00000000
00000000
00000000
00000000
00000000
00000000
00000000
00000000
00000000
00000000
00000000
00000000
00000000
00000000
00000000
00000000
00000000
00000000
00000000
00000000
00000000
00000000
00000000
