50414d51
00000001
00000100
00000080
0000000a
00000010
15060100
00000004
15060900
00000004
15060000
00000004
0000e000
00000000
00000000
00000000
00000000
00000000
00000000
00000000
00000000
00000000
00000000
00000000
00000000
00000000
00000000
00000000
00000000
00000000
00000000
00000000
00000000
00000000
00000000
00000000
00000000
00000000
00000000
00000000
00000000
00000000
00000000
00000000
00000000
00000000
00000000
00000000
00000000
00000000
00000000
00000000
00000000
00000000
00000000
00000000
00000000
00000000
00000000
00000000
00000000
00000000
00000000
00000000
0000003b
00000006
00000005
00000001
00000005
00000020
00000000
ffffffff
15060900
00000004
00000030
00000000
0000000c
00000000
00000000
00000000
00000004
00000000
00000000
00000000
00000000
00000000
00000000
00000000
00000002
00000001
00000c00
00000400
00000000
00000000
00000000
00000000
0000003c
00000001
00000013
00000001
00000005
00000018
00000000
ffffffff
15060940
00000004
00001000
00000000
00000400
00000000
00000000
00000000
00000004
00000000
00000000
00000000
00000000
00000000
00000000
00000000
00000002
00000001
00000c00
00000400
00000000
00000000
00000000
00000000
0000003d
00000002
00000010
00000002
00000007
00000004
00000040
0000003e
07200000
00000004
00180000
00000000
00000c00
00000400
00000000
00000000
00000200
00000000
00000000
00000000
00000000
00000000
00000000
00000000
00000005
00000001
00000000
00000c00
00000000
00000000
00000000
00000000
0000003e
00000003
00000011
00000002
00000005
00000010
00000000
ffffffff
07380000
00000004
00018000
00000000
00000c00
00000010
00000000
00000000
00000020
00000000
00000002
00000000
00000000
00000000
00000000
00000000
00000005
00000001
00000000
00000c00
00000000
00000000
00000000
00000000
0000003f
00000002
00000010
00000002
00000007
00000004
00000040
00000040
07400000
00000004
00180000
00000000
00000c00
00000400
00000000
00000000
00000200
00000000
00000000
00000000
00000000
00000000
00000000
00000000
00000006
00000001
00000000
00000c00
00000000
00000000
00000000
00000000
00000040
00000003
00000011
00000002
00000005
00000010
00000000
ffffffff
07580000
00000004
00018000
00000000
00000c00
00000010
00000000
00000000
00000020
00000000
00000002
00000000
00000000
00000000
00000000
00000000
00000006
00000001
00000000
00000c00
00000000
00000000
00000000
00000000
00000041
00000004
00000013
00000001
00000009
00000018
00000000
ffffffff
15061940
00000004
00003000
00000000
00000c00
00000000
00000000
00000000
00000004
00000000
00000000
00000000
00000000
00000000
00000000
00000000
00000005
00000001
00000000
00000c00
00000000
00000000
00000000
00000000
00000042
00000004
00000013
00000001
00000009
00000018
00000000
ffffffff
15064940
00000004
00003000
00000000
00000c00
00000000
00000000
00000000
00000004
00000000
00000000
00000000
00000000
00000000
00000000
00000000
00000006
00000001
00000000
00000c00
00000000
00000000
00000000
00000000
00000043
00000005
00000013
00000001
00000015
00000018
00000000
ffffffff
15067940
00000004
00003000
00000000
00000c00
00000000
00000000
00000000
00000004
00000000
00000000
00000000
00000000
00000000
00000000
00000000
00000005
00000001
00000000
00000c00
00000000
00000000
00000000
00000000
00000044
00000005
00000013
00000001
00000015
00000018
00000000
ffffffff
1506a940
00000004
00003000
00000000
00000c00
00000000
00000000
00000000
00000004
00000000
00000000
00000000
00000000
00000000
00000000
00000000
00000006
00000001
00000000
00000c00
00000000
00000000
00000000
00000000
00000000
00000000
00000000
00000000
00000000
00000000
00000000
00000000
00000000
00000000
00000000
00000000
00000000
00000000
00000000
00000000
00000000
00000000
00000000
00000000
00000000
00000000
00000000
00000000
00000000
00000000
00000000
00000000
00000000
00000000
00000000
00000000
00000000
00000000
00000000
00000000
00000000
00000000
00000000
00000000
00000000
00000000
00000000
00000000
00000000
00000000
00000000
00000000
00000000
00000000
00000000
00000000
00000000
00000000
00000000
00000000
00000000
00000000
00000000
00000000
00000000
00000000
00000000
00000000
00000000
00000000
00000000
00000000
00000000
00000000
00000000
00000000
00000000
00000000
00000000
00000000
00000000
00000000
00000000
00000000
00000000
00000000
00000000
00000000
00000000
00000000
00000000
00000000
00000000
00000000
00000000
00000000
00000000
00000000
00000000
00000000
00000000
00000000
00000000
00000000
00000000
00000000
00000000
00000000
00000000
00000000
00000000
00000000
00000000
00000000
00000000
00000000
00000000
00000000
00000000
00000000
00000000
00000000
00000000
00000000
00000000
00000000
00000000
00000000
00000000
00000000
00000000
00000000
00000000
00000000
00000000
00000000
00000000
00000000
00000000
00000000
00000000
00000000
00000000
00000000
00000000
00000000
00000000
00000000
00000000
00000000
00000000
00000000
00000000
00000000
00000000
00000000
00000000
00000000
00000000
00000000
00000000
00000000
00000000
00000000
00000000
00000000
00000000
00000000
00000000
00000000
00000000
00000000
00000000
00000000
00000000
00000000
00000000
00000000
00000000
00000000
00000000
00000000
00000000
00000000
00000000
00000000
00000000
00000000
00000000
00000000
00000000
00000000
00000000
00000000
00000000
00000000
00000001
00000c00
00000400
00000040
00000010
07200000
07380000
07400000
07580000
00000005
00000006
00000002
00000000
00000000
00000000
00000000
ffffa1c0
00002e3d
ffffff68
ffffac22
000017a3
00000615
fffffe5e
ffffa186
fffff304
00001c29
ffffe63a
0000006d
ffffaef3
ffffd196
000015a8
ffffeebe
ffff1cc8
00002625
ffffeb26
000005fc
fffffb33
fffffdfb
fffff83a
ffff8c26
00001b46
00001b2a
fffffe9a
ffffe6ed
fffffc6f
fffff87e
fffff972
fffffd76
00000c13
00003dd7
fffff5e3
00000000
00000f6f
000006ce
0000016d
fffffade
0000022d
ffffc18f
00000088
ffffff51
fffffda1
ffffff2f
000012c6
fffffc65
fffff7d7
ffffff6c
fffffa3a
0000005c
00000133
ffffe5cc
fffff73d
fffffbbf
000002cd
fffffbbc
fffff05c
00000328
00000386
fffffc20
ffffe955
fffffe53
fffffa82
0000086f
fffff515
fffff73d
00001ec7
fffff519
00000078
000008ba
000009eb
000002e1
00000898
fffffc61
fffffb98
fffff9b5
00000232
00000f59
00000383
000018b7
000001af
fffffccd
ffffff46
fffffa9a
fffffd48
00001d74
fffffdc2
0000222d
000004f5
000001db
000000c2
fffff34e
ffffef59
000006b2
00000000
00000c92
fffff42b
000000d3
00000ec1
ffffffd1
00000996
fffff610
fffffde2
0000026b
00000508
00000b11
fffff5af
fffffdc2
fffff830
fffffa46
ffffe67c
fffff227
ffffea76
fffff905
fffffe87
000006f9
00000764
00000e75
fffffcb1
fffff5d8
000000d1
fffffa95
fffffb98
ffffff48
fffff99b
00000aa0
000008b3
00001336
000009b9
fffff3cb
fffff728
000003e3
000001ef
ffffffb5
fffffacd
ffffff44
fffff82e
00000cdc
00000384
000005ed
fffffcbe
ffffe370
000006ce
00000304
0000057e
fffffb2f
fffff7c3
00000815
00001677
000021f6
fffff71e
fffff584
fffff5da
00000929
fffffe87
00000de8
00000354
fffffe0e
ffffec6f
fffffb15
fffffb4d
00000b9f
ffffefd3
00000819
0000041e
0000030e
fffff807
ffffe7bc
fffff898
000005f3
ffffff2b
ffffea92
fffffecd
fffffdd2
fffffd34
fffffda3
fffff287
fffffb24
ffffdf99
fffffd44
fffff67a
ffffe1a2
000012c3
000004af
000003fb
0000182e
000004fa
fffff7a3
fffff0e5
fffff38d
fffffad8
fffff921
fffffe5a
fffff8a3
00000367
fffffaf3
0000060e
fffff174
fffffd82
000007e8
ffffed2a
fffffb03
00000440
fffff820
ffffee5b
000004d8
fffffb0d
00000739
ffffefd8
ffffff27
fffffa19
00000552
000001d7
fffff6b1
fffffaf7
fffff5f4
ffffe998
000002a0
fffff449
fffff95b
fffffebe
00001373
fffffff2
fffff293
fffff496
ffffe978
fffffdfe
00000663
000005f6
00001083
fffffe87
ffffff87
fffff382
fffff673
0000052c
00000c8d
00000a44
00000658
00000433
fffffb51
00000293
00000f52
fffffa51
fffff35d
fffff28b
fffffcb3
fffff2fc
fffffea1
00001424
000004b2
00000c0a
000009d7
ffffe6e8
00000088
ffffff65
00000774
000008b3
fffffd79
00000827
00000974
00000d74
000007d8
fffffe1e
00001395
fffffe01
00000bee
000008f4
0000038a
00000150
fffff28b
0000012d
0000056f
ffffe8de
fffff7b7
fffff9a9
00023ccd
0000034f
00000040
00000407
000002d0
fffff46f
00000ac2
ffffeedd
fffffe2c
fffffa2a
0000035d
fffffdf5
fffffd2f
000002ae
fffff27c
fffff61d
fffffbca
fffffaa4
fffff5ae
fffff982
fffffe42
000006e9
000007d0
fffffc24
ffffff0c
fffffbdd
fffff3e7
00000477
000002d3
00000634
000004cc
0000000c
00000c2f
00000318
fffffd42
000002f8
00000520
000007da
fffffe62
fffffc64
000004de
fffffc60
fffff92e
fffffbb0
fffff8c6
fffff7c4
fffffe9a
000005a0
ffffff85
ffffffbf
00000302
ffffecf8
000007eb
fffffa2b
fffffa37
fffff975
fffff403
fffffa93
fffffee4
fffffa37
00000135
fffffdf3
0000014e
000006a0
00000271
000007f6
00000053
ffffff1f
00000295
fffffed5
00000802
ffffefed
fffffa8a
00000297
ffffffda
ffffff9f
fffff89b
0000051d
000001a0
000001c7
000009d7
0000002c
fffffd42
fffff6ea
00000040
fffffe56
fffffd28
fffff874
0000016b
fffff6c7
000003c5
000008b7
fffffd99
000006c0
00000067
fffffa77
000000b4
fffffea4
00000ec5
fffffc9c
00000fc4
fffff68b
fffffc6f
00001035
fffffb1d
fffff891
00000908
00000794
fffffca0
ffffff0f
ffffef33
000002dc
ffffee5f
000009da
00000461
fffff306
00000ec6
00000198
fffff5ce
fffff3bc
fffff686
fffffbb4
00001392
fffffb35
0000048e
000000f0
00000000
fffff19a
000004b0
0000082b
ffffff5d
00000a49
fffffa5c
ffffeb0e
00000cb6
00000389
ffffff5a
fffffe45
00000cda
fffff46e
000006dd
fffffa78
00000423
ffffff54
00000a20
00000571
fffffc2b
00000a37
fffff9d6
0000033b
ffffff9c
000012ad
fffffe81
00000775
0000041c
00000a88
0000068d
000006bb
fffffc05
fffffca2
000003a3
fffff391
000009ad
fffffe2f
fffffa65
00000726
000003dd
00000cd2
fffffe34
fffffb4e
fffffa06
0000081a
fffffeb7
ffffe85b
0000032a
00000259
fffffbbf
fffffb65
fffffb41
fffff615
fffffa45
00000a76
00000237
00000c9f
fffff3a0
fffffd6c
ffffeefa
fffff4ee
fffff70d
fffff650
00000c6f
fffff78b
ffffff2e
000002ff
fffffec2
00000052
ffffff52
fffffa8c
000003ae
fffffe17
0000040f
00000021
fffffbd0
00000372
fffff5d0
fffff8b5
000008f2
fffff9f3
fffffb6d
fffffb12
fffff89e
000001ad
0000043f
fffffc1b
fffffed9
00000156
fffff679
0000015b
fffffd2a
00000c62
fffffc64
fffffc6d
fffff9f4
0000085c
fffff75d
000007d7
fffff996
fffffe2d
fffffbfc
0000015e
fffffd08
00000199
00000332
fffff9df
fffff921
fffffa79
fffff8f9
fffff000
fffffeb7
00000208
0000068d
000005c0
00000e9c
ffffff33
0000027e
00000de2
fffff9dc
fffffea1
0000058b
00000808
000000b8
00000a5c
00000660
fffffce7
ffffff41
fffff9a2
000001db
fffff374
fffffb4f
00000336
00000bfa
ffffffdb
fffffbe8
0000028f
fffffba1
fffff7f6
fffff944
fffffe10
fffffd83
ffffffb4
00000164
00000f43
fffff89c
fffff58c
00000a73
fffff97d
fffff82c
fffffa36
fffffa42
00000422
fffffdec
fffff853
fffffc04
00000391
fffff4ec
fffffcfa
fffff61e
fffffd47
fffff56a
00000138
000008ec
fffff1da
fffff6e0
00000121
00000918
ffffff14
fffffe67
fffff6d5
fffffeb1
00000405
fffffe66
ffffff4e
0000035d
00000aef
00000455
00000517
00000456
0000004a
00000169
0000064a
000003be
000001d5
000003d1
000001aa
fffffca6
fffff201
00000333
fffff311
00000057
0000013f
ffffff02
0000031a
fffffcb9
00000765
ffffff6e
fffff9d2
00000bd2
00000685
0000080b
000006db
fffffe6a
ffffff2c
fffff828
fffff939
fffffd15
fffffc29
fffffe7f
0000036a
fffffb21
fffff398
00000112
000009ef
fffffeb1
fffffe35
000000c0
fffff99e
00000716
000003f5
fffffd7b
fffff695
00000043
0000048e
00000902
000006ef
fffffa22
00000508
fffff9f4
000004a7
fffffb03
fffff277
00000a9b
ffffffdb
00000f8e
fffffdf8
fffffdc4
000000ea
fffffecd
00000ca9
fffff5aa
fffff28d
000003fd
fffff8a3
fffffb9d
fffff92c
00000059
fffffc8f
fffffc94
0000021a
000003b1
fffffc54
ffffff44
0000085e
fffffdab
000000d6
000000be
000000dd
00000d0a
ffffffe6
ffffff0d
ffffffb7
000000df
000006b2
00000e6d
0000017f
0000013c
00000091
fffffcb9
0000018c
00000326
00000c32
00000752
fffffe28
fffff475
fffffc5d
00000024
0000043a
fffffac4
fffffe72
fffff814
fffffdb1
000007ee
0000004c
ffffff35
00000a07
fffff940
fffff27f
0000048e
fffffe08
fffffecd
000002b6
fffff390
fffffea1
000001f6
fffffe36
0000039a
ffffff12
fffffce0
000002ed
00000a2d
00000198
00000256
00000b9d
ffffff00
0000003d
fffff838
000007af
000000c9
000000ff
fffff6d1
000000eb
0000128e
0000046f
00000151
0000061c
fffff923
fffffd5c
000005c4
000001ab
fffff7ee
00000284
000004de
00000165
fffffeae
000006f8
00000172
00001422
fffffa78
00000911
00000026
0000064f
000004f0
00000296
00000a3b
00000732
00000abe
00000336
fffff998
00000e62
ffffff4d
00000071
0000015c
0000086b
00000463
0000041d
00001648
000000ab
00000632
fffff423
fffff78e
000003d6
00001277
00000393
fffffdb1
000001d7
0000075b
000009ec
fffff71b
fffffca1
00000809
000004ae
ffffea85
00000306
fffffe72
fffffde3
000001e3
fffff037
000006a4
00000904
00000642
ffffffa5
fffff4ef
00000733
fffff14a
fffff614
fffff862
fffff56d
fffff5c4
fffff384
00000cfb
000000d0
fffff227
fffffc38
ffffff83
ffffffb2
000006dc
0000072d
0000008e
000005bf
fffff8d9
fffff690
0000063c
00001290
fffff66c
fffff42b
000005f0
0000074e
fffffe9a
fffff7b8
00000261
0000031a
0000074f
000002de
00000933
000003cc
fffff8d4
000006f4
fffff2b0
00000aa7
00000359
fffffb62
00000786
ffffff16
fffff1f3
00001da1
fffffcf3
000004db
0000042f
fffffb46
000000cb
fffffe31
fffff597
0000063c
00000108
000009cc
00000086
000007b7
000002fe
00000b2f
00000508
ffffed66
000005fc
00000a76
00000c32
fffffff1
fffff10b
fffffed6
ffffffe6
fffffbe6
00000c25
00000b8c
00000efe
000002cd
fffff904
00000cf1
fffff95d
fffffd06
00000611
fffff162
fffff72b
00000488
000008d7
fffff324
00000572
0000076e
fffffea9
fffff6d9
00000bb4
fffffbea
fffffbeb
fffff792
fffff943
00000f7f
000000d0
fffff809
fffffed1
000004b0
fffffe68
fffffcb9
00000739
fffffcda
000009c4
ffffff16
fffff96e
000000d0
0000012c
fffffea9
00001970
00000201
fffff727
00000544
00000691
000003b6
ffffff99
000004a6
fffff1fb
fffffaf1
fffffba1
fffff89f
fffff87d
fffffc2f
00000822
fffff3bc
fffffc03
000001f1
000003aa
ffffefe1
00000108
0000124b
000007d8
fffffcae
fffffbab
fffff77d
ffffff61
fffffee2
00000955
000006b1
00000351
0000038a
fffff408
000006cf
000004a7
fffff7f6
ffffffe1
00000688
000003dc
00000050
0000005c
0000081f
fffff526
fffff815
00000097
fffff8cb
000005e8
fffff588
fffff843
fffffc0c
000006ea
fffff739
0000126d
000002fb
fffffe1c
00000398
0000009b
00001190
00000173
000003af
fffff232
fffffe3a
fffffece
fffffa9a
fffff0b1
fffffea1
000004ee
fffff7a8
00000585
ffffff47
fffff752
fffffc12
ffffff9e
000000ee
fffff6e7
fffffdb2
fffffe3a
fffff2a9
00000375
0000039d
fffff1df
00000608
0000019e
fffff9b1
000005fc
000003b6
fffffa01
fffff7f7
fffffef8
fffff3cc
fffff4aa
fffffeb5
00000460
fffffca4
fffff66e
00000b70
fffffec0
00000422
fffff0c4
fffff807
fffffcbe
00000782
00000121
fffff7ba
fffff961
fffffd80
fffffdac
000005e0
fffff4bf
ffffff4d
00000742
fffffd82
000005a9
fffff9cc
fffffcc9
ffffff4a
00000677
0000037c
fffff480
fffffd52
0000019f
fffff816
fffffd63
00000463
fffffbbb
00000373
fffff437
00000226
fffffa30
000009d4
000004be
fffff94e
fffffc37
00000693
fffffcf1
00000918
00000025
ffffff17
fffff11f
000006fe
000003d9
00000000
00000000
00000000
00000000
00000000
00000000
00000000
00000000
00000000
00000000
00000000
00000000
00000000
00000000
00000000
00000000
00000000
00000000
00000000
00000000
00000000
00000000
00000000
00000000
00000000
00000000
00000000
00000000
00000000
00000000
00000000
00000000
00000000
00000000
00000000
00000000
00000000
00000000
00000000
00000000
00000000
00000000
00000000
00000000
00000000
00000000
00000000
00000000
00000000
00000000
00000000
00000000
00000000
00000000
00000000
00000000
00000000
00000000
00000000
00000000
00000000
00000000
00000000
00000000
00000000
00000000
00000000
00000000
00000000
00000000
00000000
00000000
00000000
00000000
00000000
00000000
00000000
00000000
00000000
00000000
00000000
00000000
00000000
00000000
00000000
00000000
00000000
00000000
00000000
00000000
00000000
00000000
00000000
00000000
00000000
00000000
00000000
00000000
00000000
00000000
00000000
00000000
00000000
00000000
00000000
00000000
00000000
00000000
00000000
00000000
00000000
00000000
00000000
00000000
00000000
00000000
00000000
00000000
00000000
00000000
00000000
00000000
00000000
00000000
00000000
00000000
00000000
00000000
00000000
00000000
00000000
00000000
00000000
00000000
00000000
00000000
00000000
00000000
00000000
00000000
00000000
00000000
00000000
00000000
00000000
00000000
00000000
00000000
00000000
00000000
00000000
00000000
00000000
00000000
00000000
00000000
00000000
00000000
00000000
00000000
00000000
00000000
00000000
00000000
00000000
00000000
00000000
00000000
00000000
00000000
00000000
00000000
00000000
00000000
00000000
00000000
00000000
00000000
00000000
00000000
00000000
00000000
00000000
00000000
00000000
00000000
00000000
00000000
00000000
00000000
00000000
00000000
00000000
00000000
00000000
00000000
00000000
00000000
00000000
00000000
00000000
00000000
00000000
00000000
00000000
00000000
00000000
00000000
00000000
00000000
00000000
00000000
00000000
00000000
00000000
00000000
00000000
00000000
00000000
00000000
00000000
00000000
00000000
00000000
00000000
00000000
00000000
00000000
00000000
00000000
00000000
00000000
00000000
00000000
00000000
00000000
00000000
00000000
00000000
00000000
00000000
00000000
00000000
00000000
00000000
00000000
00000000
00000000
00000000
00000000
00000000
00000000
00000000
00000000
00000000
00000000
00000000
00000000
00000000
00000000
00000000
00000000
00000000
00000000
00000000
00000000
00000000
00000000
00000000
00000000
00000000
00000000
00000000
00000000
00000000
00000000
00000000
00000000
00000000
00000000
00000000
00000000
00000000
00000000
00000000
00000000
00000000
00000000
00000000
00000000
00000000
00000000
00000000
00000000
00000000
00000000
00000000
00000000
00000000
00000000
00000000
00000000
00000000
00000000
00000000
00000000
00000000
00000000
00000000
00000000
00000000
00000000
00000000
00000000
00000000
00000000
00000000
00000000
00000000
00000000
00000000
00000000
00000000
00000000
00000000
00000000
00000000
00000000
00000000
00000000
00000000
00000000
00000000
00000000
00000000
00000000
00000000
00000000
00000000
00000000
00000000
00000000
00000000
00000000
00000000
00000000
00000000
00000000
00000000
00000000
00000000
00000000
00000000
00000000
00000000
00000000
00000000
00000000
00000000
00000000
00000000
00000000
00000000
00000000
00000000
00000000
00000000
00000000
00000000
00000000
00000000
00000000
00000000
00000000
00000000
00000000
00000000
00000000
00000000
00000000
00000000
00000000
00000000
00000000
00000000
00000000
00000000
00000000
00000000
00000000
00000000
00000000
00000000
00000000
00000000
00000000
00000000
00000000
00000000
00000000
00000000
00000000
00000000
00000000
00000000
00000000
00000000
00000000
00000000
00000000
00000000
00000000
00000000
00000000
00000000
00000000
00000000
00000000
00000000
00000000
00000000
00000000
00000000
00000000
00000000
00000000
00000000
00000000
00000000
00000000
00000000
00000000
00000000
00000000
00000000
00000000
00000000
00000000
00000000
00000000
00000000
00000000
00000000
00000000
00000000
00000000
00000000
00000000
00000000
00000000
00000000
00000000
00000000
00000000
00000000
00000000
00000000
00000000
00000000
00000000
00000000
00000000
00000000
00000000
00000000
00000000
00000000
00000000
00000000
00000000
00000000
00000000
00000000
00000000
00000000
00000000
00000000
00000000
00000000
00000000
00000000
00000000
00000000
00000000
00000000
00000000
00000000
00000000
00000000
00000000
00000000
00000000
00000000
00000000
00000000
00000000
00000000
00000000
00000000
00000000
00000000
00000000
00000000
00000000
00000000
00000000
00000000
00000000
00000000
00000000
00000000
00000000
00000000
00000000
00000000
00000000
00000000
00000000
00000000
00000000
00000000
00000000
00000000
00000000
00000000
00000000
00000000
00000000
00000000
00000000
00000000
00000000
00000000
00000000
00000000
00000000
00000000
00000000
00000000
00000000
00000000
00000000
00000000
00000000
00000000
00000000
00000000
00000000
00000000
00000000
00000000
00000000
00000000
00000000
00000000
00000000
00000000
00000000
00000000
00000000
00000000
00000000
00000000
00000000
00000000
00000000
00000000
00000000
00000000
00000000
00000000
00000000
00000000
00000000
00000000
00000000
00000000
00000000
00000000
00000000
00000000
00000000
00000000
00000000
00000000
00000000
00000000
00000000
00000000
00000000
00000000
00000000
00000000
00000000
00000000
00000000
00000000
00000000
00000000
00000000
00000000
00000000
00000000
00000000
00000000
00000000
00000000
00000000
00000000
00000000
00000000
00000000
00000000
00000000
00000000
00000000
00000000
00000000
00000000
00000000
00000000
00000000
00000000
00000000
00000000
00000000
00000000
00000000
00000000
00000000
00000000
00000000
00000000
00000000
00000000
00000000
00000000
00000000
00000000
00000000
00000000
00000000
00000000
00000000
00000000
00000000
00000000
00000000
00000000
00000000
00000000
00000000
00000000
00000000
00000000
00000000
00000000
00000000
00000000
00000000
00000000
00000000
00000000
00000000
00000000
00000000
00000000
00000000
00000000
00000000
00000000
00000000
00000000
00000000
00000000
00000000
00000000
00000000
00000000
00000000
00000000
00000000
00000000
00000000
00000000
00000000
00000000
00000000
00000000
00000000
00000000
00000000
00000000
00000000
00000000
00000000
00000000
00000000
00000000
00000000
00000000
00000000
00000000
00000000
00000000
00000000
00000000
00000000
00000000
00000000
00000000
00000000
00000000
00000000
00000000
00000000
00000000
00000000
00000000
00000000
00000000
00000000
00000000
00000000
00000000
00000000
00000000
00000000
00000000
00000000
00000000
00000000
00000000
00000000
00000000
00000000
00000000
00000000
00000000
00000000
00000000
00000000
00000000
00000000
00000000
00000000
00000000
00000000
00000000
00000000
00000000
00000000
00000000
00000000
00000000
00000000
00000000
00000000
00000000
00000000
00000000
00000000
00000000
00000000
00000000
00000000
00000000
00000000
00000000
00000000
00000000
00000000
00000000
00000000
00000000
00000000
00000000
00000000
00000000
00000000
00000000
00000000
00000000
00000000
00000000
00000000
00000000
00000000
00000000
00000000
00000000
00000000
00000000
00000000
00000000
00000000
00000000
00000000
00000000
00000000
00000000
00000000
00000000
00000000
00000000
00000000
00000000
00000000
00000000
00000000
00000000
00000000
00000000
00000000
00000000
00000000
00000000
00000000
00000000
00000000
00000000
00000000
00000000
00000000
00000000
00000000
00000000
00000000
00000000
00000000
00000000
00000000
00000000
00000000
00000000
00000000
00000000
00000000
00000000
00000000
00000000
00000000
00000000
00000000
00000000
00000000
00000000
00000000
00000000
00000000
00000000
00000000
00000000
00000000
00000000
00000000
00000000
00000000
00000000
00000000
00000000
00000000
00000000
00000000
00000000
00000000
00000000
00000000
00000000
00000000
00000000
00000000
00000000
00000000
00000000
00000000
00000000
00000000
00000000
00000000
00000000
00000000
00000000
00000000
00000000
00000000
00000000
00000000
00000000
00000000
00000000
00000000
00000000
00000000
00000000
00000000
00000000
00000000
00000000
00000000
00000000
00000000
00000000
00000000
00000000
00000000
00000000
00000000
00000000
00000000
00000000
00000000
00000000
00000000
00000000
00000000
00000000
00000000
00000000
00000000
00000000
00000000
00000000
00000000
00000000
00000000
00000000
00000000
00000000
00000000
00000000
00000000
00000000
00000000
00000000
00000000
00000000
00000000
00000000
00000000
00000000
00000000
00000000
00000000
00000000
00000000
00000000
00000000
00000000
00000000
00000000
00000000
00000000
00000000
00000000
00000000
00000000
00000000
00000000
00000000
00000000
00000000
00000000
00000000
00000000
00000000
00000000
00000000
00000000
00000000
00000000
00000000
00000000
00000000
00000000
00000000
00000000
00000000
00000000
00000000
00000000
00000000
00000000
00000000
00000000
00000000
00000000
00000000
00000000
00000000
00000000
00000000
00000000
00000000
00000000
00000000
00000000
00000000
00000000
00000000
00000000
00000000
00000000
00000000
00000000
00000000
00000000
00000000
00000000
00000000
00000000
00000000
00000000
00000000
00000000
00000000
00000000
00000000
00000000
00000000
00000000
00000000
00000000
00000000
00000000
00000000
00000000
00000000
00000000
00000000
00000000
00000000
00000000
00000000
00000000
00000000
00000000
00000000
00000000
00000000
00000000
00000000
00000000
00000000
00000000
00000000
00000000
00000000
00000000
00000000
00000000
00000000
00000000
00000000
00000000
00000000
00000000
00000000
00000000
00000000
00000000
00000000
00000000
00000000
00000000
00000000
00000000
00000000
00000000
00000000
00000000
00000000
00000000
00000000
00000000
00000000
00000000
00000000
00000000
00000000
00000000
00000000
00000000
00000000
00000000
00000000
00000000
00000000
00000000
00000000
00000000
00000000
00000000
00000000
00000000
00000000
00000000
00000000
00000000
00000000
00000000
00000000
00000000
00000000
00000000
00000000
00000000
00000000
00000000
00000000
00000000
00000000
00000000
00000000
00000000
00000000
00000000
00000000
00000000
00000000
00000000
00000000
00000000
00000000
00000000
00000000
00000000
00000000
00000000
00000000
00000000
00000000
00000000
00000000
00000000
00000000
00000000
00000000
00000000
00000000
00000000
00000000
00000000
00000000
00000000
00000000
00000000
00000000
00000000
00000000
00000000
00000000
00000000
00000000
00000000
00000000
00000000
00000000
00000000
00000000
00000000
00000000
00000000
00000000
00000000
00000000
00000000
00000000
00000000
00000000
00000000
00000000
00000000
00000000
00000000
00000000
00000000
00000000
00000000
00000000
00000000
00000000
00000000
00000000
00000000
00000000
00000000
00000000
00000000
00000000
00000000
00000000
00000000
00000000
00000000
00000000
00000000
00000000
00000000
00000000
00000000
00000000
00000000
00000000
00000000
00000000
00000000
00000000
00000000
00000000
00000000
00000000
00000000
00000000
00000000
00000000
00000000
00000000
00000000
00000000
00000000
00000000
00000000
00000000
00000000
00000000
00000000
00000000
00000000
00000000
00000000
00000000
00000000
00000000
00000000
00000000
00000000
00000000
00000000
00000000
00000000
00000000
00000000
00000000
00000000
00000000
00000000
00000000
00000000
00000000
00000000
00000000
00000000
00000000
00000000
00000000
00000000
00000000
00000000
00000000
00000000
00000000
00000000
00000000
00000000
00000000
00000000
00000000
00000000
00000000
00000000
00000000
00000000
00000000
00000000
00000000
00000000
00000000
00000000
00000000
00000000
00000000
00000000
00000000
00000000
00000000
00000000
00000000
00000000
00000000
00000000
00000000
00000000
00000000
00000000
00000000
00000000
00000000
00000000
00000000
00000000
00000000
00000000
00000000
00000000
00000000
00000000
00000000
00000000
00000000
00000000
00000000
00000000
00000000
00000000
00000000
00000000
00000000
00000000
00000000
00000000
00000000
00000000
00000000
00000000
00000000
00000000
00000000
00000000
00000000
00000000
00000000
00000000
00000000
00000000
00000000
00000000
00000000
00000000
00000000
00000000
00000000
00000000
00000000
00000000
00000000
00000000
00000000
00000000
00000000
00000000
00000000
00000000
00000000
00000000
00000000
00000000
00000000
00000000
00000000
00000000
00000000
00000000
00000000
00000000
00000000
00000000
00000000
00000000
00000000
00000000
00000000
00000000
00000000
00000000
00000000
00000000
00000000
00000000
00000000
00000000
00000000
00000000
00000000
00000000
00000000
00000000
00000000
00000000
00000000
00000000
00000000
00000000
00000000
00000000
00000000
00000000
00000000
00000000
00000000
00000000
00000000
00000000
00000000
00000000
00000000
00000000
00000000
00000000
00000000
00000000
00000000
00000000
00000000
00000000
00000000
00000000
00000000
00000000
00000000
00000000
00000000
00000000
00000000
00000000
00000000
00000000
00000000
00000000
00000000
00000000
00000000
00000000
00000000
00000000
00000000
00000000
00000000
00000000
00000000
00000000
00000000
00000000
00000000
00000000
00000000
00000000
00000000
00000000
00000000
00000000
00000000
00000000
00000000
00000000
00000000
00000000
00000000
00000000
00000000
00000000
00000000
00000000
00000000
00000000
00000000
00000000
00000000
00000000
00000000
00000000
00000000
00000000
00000000
00000000
00000000
00000000
00000000
00000000
00000000
00000000
00000000
00000000
00000000
00000000
00000000
00000000
00000000
00000000
00000000
00000000
00000000
00000000
00000000
00000000
00000000
00000000
00000000
00000000
00000000
00000000
00000000
00000000
00000000
00000000
00000000
00000000
00000000
00000000
00000000
00000000
00000000
00000000
00000000
00000000
00000000
00000000
00000000
00000000
00000000
00000000
00000000
00000000
00000000
00000000
00000000
00000000
00000000
00000000
00000000
00000000
00000000
00000000
00000000
00000000
00000000
00000000
00000000
00000000
00000000
00000000
00000000
00000000
00000000
00000000
00000000
00000000
00000000
00000000
00000000
00000000
00000000
00000000
00000000
00000000
00000000
00000000
00000000
00000000
00000000
00000000
00000000
00000000
00000000
00000000
00000000
00000000
00000000
00000000
00000000
00000000
00000000
00000000
00000000
00000000
00000000
00000000
00000000
00000000
00000000
00000000
00000000
00000000
00000000
00000000
00000000
00000000
00000000
00000000
00000000
00000000
00000000
00000000
00000000
00000000
00000000
00000000
00000000
00000000
00000000
00000000
00000000
00000000
00000000
00000000
00000000
00000000
00000000
00000000
00000000
00000000
00000000
00000000
00000000
00000000
00000000
00000000
00000000
00000000
00000000
00000000
00000000
00000000
00000000
00000000
00000000
00000000
00000000
00000000
00000000
00000000
00000000
00000000
00000000
00000000
00000000
00000000
00000000
00000000
00000000
00000000
00000000
00000000
00000000
00000000
00000000
00000000
00000000
00000000
00000000
00000000
00000000
00000000
00000000
00000000
00000000
00000000
00000000
00000000
00000000
00000000
00000000
00000000
00000000
00000000
00000000
00000000
00000000
00000000
00000000
00000000
00000000
00000000
00000000
00000000
00000000
00000000
00000000
00000000
00000000
00000000
00000000
00000000
00000000
00000000
00000000
00000000
00000000
00000000
00000000
00000000
00000000
00000000
00000000
00000000
00000000
00000000
00000000
00000000
00000000
00000000
00000000
00000000
00000000
00000000
00000000
00000000
00000000
00000000
00000000
00000000
00000000
00000000
00000000
00000000
00000000
00000000
00000000
00000000
00000000
00000000
00000000
00000000
00000000
00000000
00000000
00000000
00000000
00000000
00000000
00000000
00000000
00000000
00000000
00000000
00000000
00000000
00000000
00000000
00000000
00000000
00000000
00000000
00000000
00000000
00000000
00000000
00000000
00000000
00000000
00000000
00000000
00000000
00000000
00000000
00000000
00000000
00000000
00000000
00000000
00000000
00000000
00000000
00000000
00000000
00000000
00000000
00000000
00000000
00000000
00000000
00000000
00000000
00000000
00000000
00000000
00000000
00000000
00000000
00000000
00000000
00000000
00000000
00000000
00000000
00000000
00000000
00000000
00000000
00000000
00000000
00000000
00000000
00000000
00000000
00000000
00000000
00000000
00000000
00000000
00000000
00000000
00000000
00000000
00000000
00000000
00000000
00000000
00000000
00000000
00000000
00000000
00000000
00000000
00000000
00000000
00000000
00000000
00000000
00000000
00000000
00000000
00000000
00000000
00000000
00000000
00000000
00000000
00000000
00000000
00000000
00000000
00000000
00000000
00000000
00000000
00000000
00000000
00000000
00000000
00000000
00000000
00000000
00000000
00000000
00000000
00000000
00000000
00000000
00000000
00000000
00000000
00000000
00000000
00000000
00000000
00000000
00000000
00000000
00000000
00000000
00000000
00000000
00000000
00000000
00000000
00000000
00000000
00000000
00000000
00000000
00000000
00000000
00000000
00000000
00000000
00000000
00000000
00000000
00000000
00000000
00000000
00000000
00000000
00000000
00000000
00000000
00000000
00000000
00000000
00000000
00000000
00000000
00000000
00000000
00000000
00000000
00000000
00000000
00000000
00000000
00000000
00000000
00000000
00000000
00000000
00000000
00000000
00000000
00000000
00000000
00000000
00000000
00000000
00000000
00000000
00000000
00000000
00000000
00000000
00000000
00000000
00000000
00000000
00000000
00000000
00000000
00000000
00000000
00000000
00000000
00000000
00000000
00000000
00000000
00000000
00000000
00000000
00000000
00000000
00000000
00000000
00000000
00000000
00000000
00000000
00000000
00000000
00000000
00000000
00000000
00000000
00000000
00000000
00000000
00000000
00000000
00000000
00000000
00000000
00000000
00000000
00000000
00000000
00000000
00000000
00000000
00000000
00000000
00000000
00000000
00000000
00000000
00000000
00000000
00000000
00000000
00000000
00000000
00000000
00000000
00000000
00000000
00000000
00000000
00000000
00000000
00000000
00000000
00000000
00000000
00000000
00000000
00000000
00000000
00000000
00000000
00000000
00000000
00000000
00000000
00000000
00000000
00000000
00000000
00000000
00000000
00000000
00000000
00000000
00000000
00000000
00000000
00000000
00000000
00000000
00000000
00000000
00000000
00000000
00000000
00000000
00000000
00000000
00000000
00000000
00000000
00000000
00000000
00000000
00000000
00000000
00000000
00000000
00000000
00000000
00000000
00000000
00000000
00000000
00000000
00000000
00000000
00000000
00000000
00000000
00000000
00000000
00000000
00000000
00000000
00000000
00000000
00000000
00000000
00000000
00000000
00000000
00000000
00000000
00000000
00000000
00000000
00000000
00000000
00000000
00000000
00000000
00000000
00000000
00000000
00000000
00000000
00000000
00000000
00000000
00000000
00000000
00000000
00000000
00000000
00000000
00000000
00000000
00000000
00000000
00000000
00000000
00000000
00000000
00000000
00000000
00000000
00000000
00000000
00000000
00000000
00000000
00000000
00000000
00000000
00000000
00000000
00000000
00000000
00000000
00000000
00000000
00000000
00000000
00000000
00000000
00000000
00000000
00000000
00000000
00000000
00000000
00000000
00000000
00000000
00000000
00000000
00000000
00000000
00000000
00000000
00000000
00000000
00000000
00000000
00000000
00000000
00000000
00000000
00000000
00000000
00000000
00000000
00000000
00000000
00000000
00000000
00000000
00000000
00000000
00000000
00000000
00000000
00000000
00000000
00000000
00000000
00000000
00000000
00000000
00000000
00000000
00000000
00000000
00000000
00000000
00000000
00000000
00000000
00000000
00000000
00000000
00000000
00000000
00000000
00000000
00000000
00000000
00000000
00000000
00000000
00000000
00000000
00000000
00000000
00000000
00000000
00000000
00000000
00000000
00000000
00000000
00000000
00000000
00000000
00000000
00000000
00000000
00000000
00000000
00000000
00000000
00000000
00000000
00000000
00000000
00000000
00000000
00000000
00000000
00000000
00000000
00000000
00000000
00000000
00000000
00000000
00000000
00000000
00000000
00000000
00000000
00000000
00000000
00000000
00000000
00000000
00000000
00000000
00000000
00000000
00000000
00000000
00000000
00000000
00000000
00000000
00000000
00000000
00000000
00000000
00000000
00000000
00000000
00000000
00000000
00000000
00000000
00000000
00000000
00000000
00000000
00000000
00000000
00000000
00000000
00000000
00000000
00000000
00000000
00000000
00000000
00000000
00000000
00000000
00000000
00000000
00000000
00000000
00000000
00000000
00000000
00000000
00000000
00000000
00000000
00000000
00000000
00000000
00000000
00000000
00000000
00000000
00000000
00000000
00000000
00000000
00000000
00000000
00000000
00000000
00000000
00000000
00000000
00000000
00000000
00000000
00000000
00000000
00000000
00000000
00000000
00000000
00000000
00000000
00000000
00000000
00000000
00000000
00000000
00000000
00000000
00000000
00000000
00000000
00000000
00000000
00000000
00000000
00000000
00000000
00000000
00000000
00000000
00000000
00000000
00000000
00000000
00000000
00000000
00000000
00000000
00000000
00000000
00000000
00000000
00000000
00000000
00000000
00000000
00000000
00000000
00000000
00000000
00000000
00000000
00000000
00000000
00000000
00000000
00000000
00000000
00000000
00000000
00000000
00000000
00000000
00000000
00000000
00000000
00000000
00000000
00000000
00000000
00000000
00000000
00000000
00000000
00000000
00000000
00000000
00000000
00000000
00000000
00000000
00000000
00000000
00000000
00000000
00000000
00000000
00000000
00000000
00000000
00000000
00000000
00000000
00000000
00000000
00000000
00000000
00000000
00000000
00000000
00000000
00000000
00000000
00000000
00000000
00000000
00000000
00000000
00000000
00000000
00000000
00000000
00000000
00000000
00000000
00000000
00000000
00000000
00000000
00000000
00000000
00000000
00000000
00000000
00000000
00000000
00000000
00000000
00000000
00000000
00000000
00000000
00000000
00000000
00000000
00000000
00000000
00000000
00000000
00000000
00000000
00000000
00000000
00000000
00000000
00000000
00000000
00000000
00000000
00000000
00000000
00000000
00000000
00000000
00000000
00000000
00000000
00000000
00000000
00000000
00000000
00000000
00000000
00000000
00000000
00000000
00000000
00000000
00000000
00000000
00000000
00000000
00000000
00000000
00000000
00000000
00000000
00000000
00000000
00000000
00000000
00000000
00000000
00000000
00000000
00000000
00000000
00000000
00000000
00000000
00000000
00000000
00000000
00000000
00000000
00000000
00000000
00000000
00000000
00000000
00000000
00000000
00000000
00000000
00000000
00000000
00000000
00000000
00000000
00000000
00000000
00000000
00000000
00000000
00000000
00000000
00000000
00000000
00000000
00000000
00000000
00000000
00000000
00000000
00000000
00000000
00000000
00000000
00000000
00000000
00000000
00000000
00000000
00000000
00000000
00000000
00000000
00000000
00000000
00000000
00000000
00000000
00000000
00000000
00000000
00000000
00000000
00000000
00000000
00000000
00000000
00000000
00000000
00000000
00000000
00000000
00000000
00000000
00000000
00000000
00000000
00000000
00000000
00000000
00000000
00000000
00000000
00000000
00000000
00000000
00000000
00000000
00000000
00000000
00000000
00000000
00000000
00000000
00000000
00000000
00000000
00000000
00000000
00000000
00000000
00000000
00000000
00000000
00000000
00000000
00000000
00000000
00000000
00000000
00000000
00000000
00000000
00000000
00000000
00000000
00000000
00000000
00000000
00000000
00000000
00000000
00000000
00000000
00000000
00000000
00000000
00000000
00000000
00000000
00000000
00000000
00000000
00000000
00000000
00000000
00000000
00000000
00000000
00000000
00000000
00000000
00000000
00000000
00000000
00000000
00000000
00000000
00000000
00000000
00000000
00000000
00000000
00000000
00000000
00000000
00000000
00000000
00000000
00000000
00000000
00000000
00000000
00000000
00000000
00000000
00000000
00000000
00000000
00000000
00000000
00000000
00000000
00000000
00000000
00000000
00000000
00000000
00000000
00000000
00000000
00000000
00000000
00000000
00000000
00000000
00000000
00000000
00000000
00000000
00000000
00000000
00000000
00000000
00000000
00000000
00000000
00000000
00000000
00000000
00000000
00000000
00000000
00000000
00000000
00000000
00000000
00000000
00000000
00000000
00000000
00000000
00000000
00000000
00000000
00000000
00000000
00000000
00000000
00000000
00000000
00000000
00000000
00000000
00000000
00000000
00000000
00000000
00000000
00000000
00000000
00000000
00000000
00000000
00000000
00000000
00000000
00000000
00000000
00000000
00000000
00000000
00000000
00000000
00000000
00000000
00000000
00000000
00000000
00000000
00000000
00000000
00000000
00000000
00000000
00000000
00000000
00000000
00000000
00000000
00000000
00000000
00000000
00000000
00000000
00000000
00000000
00000000
00000000
00000000
00000000
00000000
00000000
00000000
00000000
00000000
00000000
00000000
00000000
00000000
00000000
00000000
00000000
00000000
00000000
00000000
00000000
00000000
00000000
00000000
00000000
00000000
00000000
00000000
00000000
00000000
00000000
00000000
00000000
00000000
00000000
00000000
00000000
00000000
00000000
00000000
00000000
00000000
00000000
00000000
00000000
00000000
00000000
00000000
00000000
00000000
00000000
00000000
00000000
00000000
00000000
00000000
00000000
00000000
00000000
00000000
00000000
00000000
00000000
00000000
00000000
00000000
00000000
00000000
00000000
00000000
00000000
00000000
00000000
00000000
00000000
00000000
00000000
00000000
00000000
00000000
00000000
00000000
00000000
00000000
00000000
00000000
00000000
00000000
00000000
00000000
00000000
00000000
00000000
00000000
00000000
00000000
00000000
00000000
00000000
00000000
00000000
00000000
00000000
00000000
00000000
00000000
00000000
00000000
00000000
00000000
00000000
00000000
00000000
00000000
00000000
00000000
00000000
00000000
00000000
00000000
00000000
00000000
00000000
00000000
00000000
00000000
00000000
00000000
00000000
00000000
00000000
00000000
00000000
00000000
00000000
00000000
00000000
00000000
00000000
00000000
00000000
00000000
00000000
00000000
00000000
00000000
00000000
00000000
00000000
00000000
00000000
00000000
00000000
00000000
00000000
00000000
00000000
00000000
00000000
00000000
00000000
00000000
00000000
00000000
00000000
00000000
00000000
00000000
00000000
00000000
00000000
00000000
00000000
00000000
00000000
00000000
00000000
00000000
00000000
00000000
00000000
00000000
00000000
00000000
00000000
00000000
00000000
00000000
00000000
00000000
00000000
00000000
00000000
00000000
00000000
00000000
00000000
00000000
00000000
00000000
00000000
00000000
00000000
00000000
00000000
00000000
00000000
00000000
00000000
00000000
00000000
00000000
00000000
00000000
00000000
00000000
00000000
00000000
00000000
00000000
00000000
00000000
00000000
00000000
00000000
00000000
00000000
00000000
00000000
00000000
00000000
00000000
00000000
00000000
00000000
00000000
00000000
00000000
00000000
00000000
00000000
00000000
00000000
00000000
00000000
00000000
00000000
00000000
00000000
00000000
00000000
00000000
00000000
00000000
00000000
00000000
00000000
00000000
00000000
00000000
00000000
00000000
00000000
00000000
00000000
00000000
00000000
00000000
00000000
00000000
00000000
00000000
00000000
00000000
00000000
00000000
00000000
00000000
00000000
00000000
00000000
00000000
00000000
00000000
00000000
00000000
00000000
00000000
00000000
00000000
00000000
00000000
00000000
00000000
00000000
00000000
00000000
00000000
00000000
00000000
00000000
00000000
00000000
00000000
00000000
00000000
00000000
00000000
00000000
00000000
00000000
00000000
00000000
00000000
00000000
00000000
00000000
00000000
00000000
00000000
00000000
00000000
00000000
00000000
00000000
00000000
00000000
00000000
00000000
00000000
00000000
00000000
00000000
00000000
00000000
00000000
00000000
00000000
00000000
00000000
00000000
00000000
00000000
00000000
00000000
00000000
00000000
00000000
00000000
00000000
00000000
00000000
00000000
00000000
00000000
00000000
00000000
00000000
00000000
00000000
00000000
00000000
00000000
00000000
00000000
00000000
00000000
00000000
00000000
00000000
00000000
00000000
00000000
00000000
00000000
00000000
00000000
00000000
00000000
00000000
00000000
00000000
00000000
00000000
00000000
00000000
00000000
00000000
00000000
00000000
00000000
00000000
00000000
00000000
00000000
00000000
00000000
00000000
00000000
00000000
00000000
00000000
00000000
00000000
00000000
00000000
00000000
00000000
00000000
00000000
00000000
00000000
00000000
00000000
00000000
00000000
00000000
00000000
00000000
00000000
00000000
00000000
00000000
00000000
00000000
00000000
00000000
00000000
00000000
00000000
00000000
00000000
00000000
00000000
00000000
00000000
00000000
00000000
00000000
00000000
00000000
00000000
00000000
00000000
00000000
00000000
00000000
00000000
00000000
00000000
00000000
00000000
00000000
00000000
00000000
00000000
00000000
00000000
00000000
00000000
00000000
00000000
00000000
00000000
00000000
00000000
00000000
00000000
00000000
00000000
00000000
00000000
00000000
00000000
00000000
00000000
00000000
00000000
00000000
00000000
00000000
00000000
00000000
00000000
00000000
00000000
00000000
00000000
00000000
00000000
00000000
00000000
00000000
00000000
00000000
00000000
00000000
00000000
00000000
00000000
00000000
00000000
00000000
00000000
00000000
00000000
00000000
00000000
00000000
00000000
00000000
00000000
00000000
00000000
00000000
00000000
00000000
00000000
00000000
00000000
00000000
00000000
00000000
00000000
00000000
00000000
00000000
00000000
00000000
00000000
00000000
00000000
00000000
00000000
00000000
00000000
00000000
00000000
00000000
00000000
00000000
00000000
00000000
00000000
00000000
00000000
00000000
00000000
00000000
00000000
00000000
00000000
00000000
00000000
00000000
00000000
00000000
00000000
00000000
00000000
00000000
00000000
00000000
00000000
00000000
00000000
00000000
00000000
00000000
00000000
00000000
00000000
00000000
00000000
00000000
00000000
00000000
00000000
00000000
00000000
00000000
00000000
00000000
00000000
00000000
00000000
00000000
00000000
00000000
00000000
00000000
00000000
00000000
00000000
00000000
00000000
00000000
00000000
00000000
00000000
00000000
00000000
00000000
00000000
00000000
00000000
00000000
00000000
00000000
00000000
00000000
00000000
00000000
00000000
00000000
00000000
00000000
00000000
00000000
00000000
00000000
00000000
00000000
00000000
00000000
00000000
00000000
00000000
00000000
00000000
00000000
00000000
00000000
00000000
00000000
00000000
00000000
00000000
00000000
00000000
00000000
00000000
00000000
00000000
00000000
00000000
00000000
00000000
00000000
00000000
00000000
00000000
00000000
00000000
00000000
00000000
00000000
00000000
00000000
00000000
00000000
00000000
00000000
00000000
00000000
00000000
00000000
00000000
00000000
00000000
00000000
00000000
00000000
00000000
00000000
00000000
00000000
00000000
00000000
00000000
00000000
00000000
00000000
00000000
00000000
00000000
00000000
00000000
00000000
00000000
00000000
00000000
00000000
00000000
00000000
00000000
00000000
00000000
00000000
00000000
00000000
00000000
00000000
00000000
00000000
00000000
00000000
00000000
00000000
00000000
00000000
00000000
00000000
00000000
00000000
00000000
00000000
00000000
00000000
00000000
00000000
00000000
00000000
00000000
00000000
00000000
00000000
00000000
00000000
00000000
00000000
00000000
00000000
00000000
00000000
00000000
00000000
00000000
00000000
00000000
00000000
00000000
00000000
00000000
00000000
00000000
00000000
00000000
00000000
00000000
00000000
00000000
00000000
00000000
00000000
00000000
00000000
00000000
00000000
00000000
00000000
00000000
00000000
00000000
00000000
00000000
00000000
00000000
00000000
00000000
00000000
00000000
00000000
00000000
00000000
00000000
00000000
00000000
00000000
00000000
00000000
00000000
00000000
00000000
00000000
00000000
00000000
00000000
00000000
00000000
00000000
00000000
00000000
00000000
00000000
00000000
00000000
00000000
00000000
00000000
00000000
00000000
00000000
00000000
00000000
00000000
00000000
00000000
00000000
00000000
00000000
00000000
00000000
00000000
00000000
00000000
00000000
00000000
00000000
00000000
00000000
00000000
00000000
00000000
00000000
00000000
00000000
00000000
00000000
00000000
00000000
00000000
00000000
00000000
00000000
00000000
00000000
00000000
00000000
00000000
00000000
00000000
00000000
00000000
00000000
00000000
00000000
00000000
00000000
00000000
00000000
00000000
00000000
00000000
00000000
00000000
00000000
00000000
00000000
00000000
00000000
00000000
00000000
00000000
00000000
00000000
00000000
00000000
00000000
00000000
00000000
00000000
00000000
00000000
00000000
00000000
00000000
00000000
00000000
00000000
00000000
00000000
00000000
00000000
00000000
00000000
00000000
00000000
00000000
00000000
00000000
00000000
00000000
00000000
00000000
00000000
00000000
00000000
00000000
00000000
00000000
00000000
00000000
00000000
00000000
00000000
00000000
00000000
00000000
00000000
00000000
00000000
00000000
00000000
00000000
00000000
00000000
00000000
00000000
00000000
00000000
00000000
00000000
00000000
00000000
00000000
00000000
00000000
00000000
00000000
00000000
00000000
00000000
00000000
00000000
00000000
00000000
00000000
00000000
00000000
00000000
00000000
00000000
00000000
00000000
00000000
00000000
00000000
00000000
00000000
00000000
00000000
00000000
00000000
00000000
00000000
00000000
00000000
00000000
00000000
00000000
00000000
00000000
00000000
00000000
00000000
00000000
00000000
00000000
00000000
00000000
00000000
00000000
00000000
00000000
00000000
00000000
00000000
00000000
00000000
00000000
00000000
00000000
00000000
00000000
00000000
00000000
00000000
00000000
00000000
00000000
00000000
00000000
00000000
00000000
00000000
00000000
00000000
00000000
00000000
00000000
00000000
00000000
00000000
00000000
00000000
00000000
00000000
00000000
00000000
00000000
00000000
00000000
00000000
00000000
00000000
00000000
00000000
00000000
00000000
00000000
00000000
00000000
00000000
00000000
00000000
00000000
00000000
00000000
00000000
00000000
00000000
00000000
00000000
00000000
00000000
00000000
00000000
00000000
00000000
00000000
00000000
00000000
00000000
00000000
00000000
00000000
00000000
00000000
00000000
00000000
00000000
00000000
00000000
00000000
00000000
00000000
00000000
00000000
00000000
00000000
00000000
00000000
00000000
00000000
00000000
00000000
00000000
00000000
00000000
00000000
00000000
00000000
00000000
00000000
00000000
00000000
00000000
00000000
00000000
00000000
00000000
00000000
00000000
00000000
00000000
00000000
00000000
00000000
00000000
00000000
00000000
00000000
00000000
00000000
00000000
00000000
00000000
00000000
00000000
00000000
00000000
00000000
00000000
00000000
00000000
00000000
00000000
00000000
00000000
00000000
00000000
00000000
00000000
00000000
00000000
00000000
00000000
00000000
00000000
00000000
00000000
00000000
00000000
00000000
00000000
00000000
00000000
00000000
00000000
00000000
00000000
00000000
00000000
00000000
00000000
00000000
00000000
00000000
00000000
00000000
00000000
00000000
00000000
00000000
00000000
00000000
00000000
00000000
00000000
00000000
00000000
00000000
00000000
00000000
00000000
00000000
00000000
00000000
00000000
00000000
00000000
00000000
00000000
00000000
00000000
00000000
00000000
00000000
00000000
00000000
00000000
00000000
00000000
00000000
00000000
00000000
00000000
00000000
00000000
00000000
00000000
00000000
00000000
00000000
00000000
00000000
00000000
00000000
00000000
00000000
00000000
00000000
00000000
00000000
00000000
00000000
00000000
00000000
00000000
00000000
00000000
00000000
00000000
00000000
00000000
00000000
00000000
00000000
00000000
00000000
00000000
00000000
00000000
00000000
00000000
00000000
00000000
00000000
00000000
00000000
00000000
00000000
00000000
00000000
00000000
00000000
00000000
00000000
00000000
00000000
00000000
00000000
00000000
00000000
00000000
00000000
00000000
00000000
00000000
00000000
00000000
00000000
00000000
00000000
00000000
00000000
00000000
00000000
00000000
00000000
00000000
00000000
00000000
00000000
00000000
00000000
00000000
00000000
00000000
00000000
00000000
00000000
00000000
00000000
00000000
00000000
00000000
00000000
00000000
00000000
00000000
00000000
00000000
00000000
00000000
00000000
00000000
00000000
00000000
00000000
00000000
00000000
00000000
00000000
00000000
00000000
00000000
00000000
00000000
00000000
00000000
00000000
00000000
00000000
00000000
00000000
00000000
00000000
00000000
00000000
00000000
00000000
00000000
00000000
00000000
00000000
00000000
00000000
00000000
00000000
00000000
00000000
00000000
00000000
00000000
00000000
00000000
00000000
00000000
00000000
00000000
00000000
00000000
00000000
00000000
00000000
00000000
00000000
00000000
00000000
00000000
00000000
00000000
00000000
00000000
00000000
00000000
00000000
00000000
00000000
00000000
00000000
00000000
00000000
00000000
00000000
00000000
00000000
00000000
00000000
00000000
00000000
00000000
00000000
00000000
00000000
00000000
00000000
00000000
00000000
00000000
00000000
00000000
00000000
00000000
00000000
00000000
00000000
00000000
00000000
00000000
00000000
00000000
00000000
00000000
00000000
00000000
00000000
00000000
00000000
00000000
00000000
00000000
00000000
00000000
00000000
00000000
00000000
00000000
00000000
00000000
00000000
00000000
00000000
00000000
00000000
00000000
00000000
00000000
00000000
00000000
00000000
00000000
00000000
00000000
00000000
00000000
00000000
00000000
00000000
00000000
00000000
00000000
00000000
00000000
00000000
00000000
00000000
00000000
00000000
00000000
00000000
00000000
00000000
00000000
00000000
00000000
00000000
00000000
00000000
00000000
00000000
00000000
00000000
00000000
00000000
00000000
00000000
00000000
00000000
00000000
00000000
00000000
00000000
00000000
00000000
00000000
00000000
00000000
00000000
00000000
00000000
00000000
00000000
00000000
00000000
00000000
00000000
00000000
00000000
00000000
00000000
00000000
00000000
00000000
00000000
00000000
00000000
00000000
00000000
00000000
00000000
00000000
00000000
00000000
00000000
00000000
00000000
00000000
00000000
00000000
00000000
00000000
00000000
00000000
00000000
00000000
00000000
00000000
00000000
00000000
00000000
00000000
00000000
00000000
00000000
00000000
00000000
00000000
00000000
00000000
00000000
00000000
00000000
00000000
00000000
00000000
00000000
00000000
00000000
00000000
00000000
00000000
00000000
00000000
00000000
00000000
00000000
00000000
00000000
00000000
00000000
00000000
00000000
00000000
00000000
00000000
00000000
00000000
00000000
00000000
00000000
00000000
00000000
00000000
00000000
00000000
00000000
00000000
00000000
00000000
00000000
00000000
00000000
00000000
00000000
00000000
00000000
00000000
00000000
00000000
00000000
00000000
00000000
00000000
00000000
00000000
00000000
00000000
00000000
00000000
00000000
00000000
00000000
00000000
00000000
00000000
00000000
00000000
00000000
00000000
00000000
00000000
00000000
00000000
00000000
00000000
00000000
00000000
00000000
00000000
00000000
00000000
00000000
00000000
00000000
00000000
00000000
00000000
00000000
00000000
00000000
00000000
00000000
00000000
00000000
00000000
00000000
00000000
00000000
00000000
00000000
00000000
00000000
00000000
00000000
00000000
00000000
00000000
00000000
00000000
00000000
00000000
00000000
00000000
00000000
00000000
00000000
00000000
00000000
00000000
00000000
00000000
00000000
00000000
00000000
00000000
00000000
00000000
00000000
00000000
00000000
00000000
00000000
00000000
00000000
00000000
00000000
00000000
00000000
00000000
00000000
00000000
00000000
00000000
00000000
00000000
00000000
00000000
00000000
00000000
00000000
00000000
00000000
00000000
00000000
00000000
00000000
00000000
00000000
00000000
00000000
00000000
00000000
00000000
00000000
00000000
00000000
00000000
00000000
00000000
00000000
00000000
00000000
00000000
00000000
00000000
00000000
00000000
00000000
00000000
00000000
00000000
00000000
00000000
00000000
00000000
00000000
00000000
00000000
00000000
00000000
00000000
00000000
00000000
00000000
00000000
00000000
00000000
00000000
00000000
00000000
00000000
00000000
00000000
00000000
00000000
00000000
00000000
00000000
00000000
00000000
00000000
00000000
00000000
00000000
00000000
00000000
00000000
00000000
00000000
00000000
00000000
00000000
00000000
00000000
00000000
00000000
00000000
00000000
00000000
00000000
00000000
00000000
00000000
00000000
00000000
00000000
00000000
00000000
00000000
00000000
00000000
00000000
00000000
00000000
00000000
00000000
00000000
00000000
00000000
00000000
00000000
00000000
00000000
00000000
00000000
00000000
00000000
00000000
00000000
00000000
00000000
00000000
00000000
00000000
00000000
00000000
00000000
00000000
00000000
00000000
00000000
00000000
00000000
00000000
00000000
00000000
00000000
00000000
00000000
00000000
00000000
00000000
00000000
00000000
00000000
00000000
00000000
00000000
00000000
00000000
00000000
00000000
00000000
00000000
00000000
00000000
00000000
00000000
00000000
00000000
00000000
00000000
00000000
00000000
00000000
00000000
00000000
00000000
00000000
00000000
00000000
00000000
00000000
00000000
00000000
00000000
00000000
00000000
00000000
00000000
00000000
00000000
00000000
00000000
00000000
00000000
00000000
00000000
00000000
00000000
00000000
00000000
00000000
00000000
00000000
00000000
00000000
00000000
00000000
00000000
00000000
00000000
00000000
00000000
00000000
00000000
00000000
00000000
00000000
00000000
00000000
00000000
00000000
00000000
00000000
00000000
00000000
00000000
00000000
00000000
00000000
00000000
00000000
00000000
00000000
00000000
00000000
00000000
00000000
00000000
00000000
00000000
00000000
00000000
00000000
00000000
00000000
00000000
00000000
00000000
00000000
00000000
00000000
00000000
00000000
00000000
00000000
00000000
00000000
00000000
00000000
00000000
00000000
00000000
00000000
00000000
00000000
00000000
00000000
00000000
00000000
00000000
00000000
00000000
00000000
00000000
00000000
00000000
00000000
00000000
00000000
00000000
00000000
00000000
00000000
00000000
00000000
00000000
00000000
00000000
00000000
00000000
00000000
00000000
00000000
00000000
00000000
00000000
00000000
00000000
00000000
00000000
00000000
00000000
00000000
00000000
00000000
00000000
00000000
00000000
00000000
00000000
00000000
00000000
00000000
00000000
00000000
00000000
00000000
00000000
00000000
00000000
00000000
00000000
00000000
00000000
00000000
00000000
00000000
00000000
00000000
00000000
00000000
00000000
00000000
00000000
00000000
00000000
00000000
00000000
00000000
00000000
00000000
00000000
00000000
00000000
00000000
00000000
00000000
00000000
00000000
00000000
00000000
00000000
00000000
00000000
00000000
00000000
00000000
00000000
00000000
00000000
00000000
00000000
00000000
00000000
00000000
00000000
00000000
00000000
00000000
00000000
00000000
00000000
00000000
00000000
00000000
00000000
00000000
00000000
00000000
00000000
00000000
00000000
00000000
00000000
00000000
00000000
00000000
00000000
00000000
00000000
00000000
00000000
00000000
00000000
00000000
00000000
00000000
00000000
00000000
00000000
00000000
00000000
00000000
00000000
00000000
00000000
00000000
00000000
00000000
00000000
00000000
00000000
00000000
00000000
00000000
00000000
00000000
00000000
00000000
00000000
00000000
00000000
00000000
00000000
00000000
00000000
00000000
00000000
00000000
00000000
00000000
00000000
00000000
00000000
00000000
00000000
00000000
00000000
00000000
00000000
00000000
00000000
00000000
00000000
00000000
00000000
00000000
00000000
00000000
00000000
00000000
00000000
00000000
00000000
00000000
00000000
00000000
00000000
00000000
00000000
00000000
00000000
00000000
00000000
00000000
00000000
00000000
00000000
00000000
00000000
00000000
00000000
00000000
00000000
00000000
00000000
00000000
00000000
00000000
00000000
00000000
00000000
00000000
00000000
00000000
00000000
00000000
00000000
00000000
00000000
00000000
00000000
00000000
00000000
00000000
00000000
00000000
00000000
00000000
00000000
00000000
00000000
00000000
00000000
00000000
00000000
00000000
00000000
00000000
00000000
00000000
00000000
00000000
00000000
00000000
00000000
00000000
00000000
00000000
00000000
00000000
00000000
00000000
00000000
00000000
00000000
00000000
00000000
00000000
00000000
00000000
00000000
00000000
00000000
00000000
00000000
00000000
00000000
00000000
00000000
00000000
00000000
00000000
00000000
00000000
00000000
00000000
00000000
00000000
00000000
00000000
00000000
00000000
00000000
00000000
00000000
00000000
00000000
00000000
00000000
00000000
00000000
00000000
00000000
00000000
00000000
00000000
00000000
00000000
00000000
00000000
00000000
00000000
00000000
00000000
00000000
00000000
00000000
00000000
00000000
00000000
00000000
00000000
00000000
00000000
00000000
00000000
00000000
00000000
00000000
00000000
00000000
00000000
00000000
00000000
00000000
00000000
00000000
00000000
00000000
00000000
00000000
00000000
00000000
00000000
00000000
00000000
00000000
00000000
00000000
00000000
00000000
00000000
00000000
00000000
00000000
00000000
00000000
00000000
00000000
00000000
00000000
00000000
00000000
00000000
00000000
00000000
00000000
00000000
00000000
00000000
00000000
00000000
00000000
00000000
00000000
00000000
00000000
00000000
00000000
00000000
00000000
00000000
00000000
00000000
00000000
00000000
00000000
00000000
00000000
00000000
00000000
00000000
00000000
00000000
00000000
00000000
00000000
00000000
00000000
00000000
00000000
00000000
00000000
00000000
00000000
00000000
00000000
00000000
00000000
00000000
00000000
00000000
00000000
00000000
00000000
00000000
00000000
00000000
00000000
00000000
00000000
00000000
00000000
00000000
00000000
00000000
00000000
00000000
00000000
00000000
00000000
00000000
00000000
00000000
00000000
00000000
00000000
00000000
00000000
00000000
00000000
00000000
00000000
00000000
00000000
00000000
00000000
00000000
00000000
00000000
00000000
00000000
00000000
00000000
00000000
00000000
00000000
00000000
00000000
00000000
00000000
00000000
00000000
00000000
00000000
00000000
00000000
00000000
00000000
00000000
00000000
00000000
00000000
00000000
00000000
00000000
00000000
00000000
00000000
00000000
00000000
00000000
00000000
00000000
00000000
00000000
00000000
00000000
00000000
00000000
00000000
00000000
00000000
00000000
00000000
00000000
00000000
00000000
00000000
00000000
00000000
00000000
00000000
00000000
00000000
00000000
00000000
00000000
00000000
00000000
00000000
00000000
00000000
00000000
00000000
00000000
00000000
00000000
00000000
00000000
00000000
00000000
00000000
00000000
00000000
00000000
00000000
00000000
00000000
00000000
00000000
00000000
00000000
00000000
00000000
00000000
00000000
00000000
00000000
00000000
00000000
00000000
00000000
00000000
00000000
00000000
00000000
00000000
00000000
00000000
00000000
00000000
00000000
00000000
00000000
00000000
00000000
00000000
00000000
00000000
00000000
00000000
00000000
00000000
00000000
00000000
00000000
00000000
00000000
00000000
00000000
00000000
00000000
00000000
00000000
00000000
00000000
00000000
00000000
00000000
00000000
00000000
00000000
00000000
00000000
00000000
00000000
00000000
00000000
00000000
00000000
00000000
00000000
00000000
00000000
00000000
00000000
00000000
00000000
00000000
00000000
00000000
00000000
00000000
00000000
00000000
00000000
00000000
00000000
00000000
00000000
00000000
00000000
00000000
00000000
00000000
00000000
00000000
00000000
00000000
00000000
00000000
00000000
00000000
00000000
00000000
00000000
00000000
00000000
00000000
00000000
00000000
00000000
00000000
00000000
00000000
00000000
00000000
00000000
00000000
00000000
00000000
00000000
00000000
00000000
00000000
00000000
00000000
00000000
00000000
00000000
00000000
00000000
00000000
00000000
00000000
00000000
00000000
00000000
00000000
00000000
00000000
00000000
00000000
00000000
00000000
00000000
00000000
00000000
00000000
00000000
00000000
00000000
00000000
00000000
00000000
00000000
00000000
00000000
00000000
00000000
00000000
00000000
00000000
00000000
00000000
00000000
00000000
00000000
00000000
00000000
00000000
00000000
00000000
00000000
00000000
00000000
00000000
00000000
00000000
00000000
00000000
00000000
00000000
00000000
00000000
00000000
00000000
00000000
00000000
00000000
00000000
00000000
00000000
00000000
00000000
00000000
00000000
00000000
00000000
00000000
00000000
00000000
00000000
00000000
00000000
00000000
00000000
00000000
00000000
00000000
00000000
00000000
00000000
00000000
00000000
00000000
00000000
00000000
00000000
00000000
00000000
00000000
00000000
00000000
00000000
00000000
00000000
00000000
00000000
00000000
00000000
00000000
00000000
00000000
00000000
00000000
00000000
00000000
00000000
00000000
00000000
00000000
00000000
00000000
00000000
00000000
00000000
00000000
00000000
00000000
00000000
00000000
00000000
00000000
00000000
00000000
00000000
00000000
00000000
00000000
00000000
00000000
00000000
00000000
00000000
00000000
00000000
00000000
00000000
00000000
00000000
00000000
00000000
00000000
00000000
00000000
00000000
00000000
00000000
00000000
00000000
00000000
00000000
00000000
00000000
00000000
00000000
00000000
00000000
00000000
00000000
00000000
00000000
00000000
00000000
00000000
00000000
00000000
00000000
00000000
00000000
00000000
00000000
00000000
00000000
00000000
00000000
00000000
00000000
00000000
00000000
00000000
00000000
00000000
00000000
00000000
00000000
00000000
00000000
00000000
00000000
00000000
00000000
00000000
00000000
00000000
00000000
00000000
00000000
00000000
00000000
00000000
00000000
00000000
00000000
00000000
00000000
00000000
00000000
00000000
00000000
00000000
00000000
00000000
00000000
00000000
00000000
00000000
00000000
00000000
00000000
00000000
00000000
00000000
00000000
00000000
00000000
00000000
00000000
00000000
00000000
00000000
00000000
00000000
00000000
00000000
00000000
00000000
00000000
00000000
00000000
00000000
00000000
00000000
00000000
00000000
00000000
00000000
00000000
00000000
00000000
00000000
00000000
00000000
00000000
00000000
00000000
00000000
00000000
00000000
00000000
00000000
00000000
00000000
00000000
00000000
00000000
00000000
00000000
00000000
00000000
00000000
00000000
00000000
00000000
00000000
00000000
00000000
00000000
00000000
00000000
00000000
00000000
00000000
00000000
00000000
00000000
00000000
00000000
00000000
00000000
00000000
00000000
00000000
00000000
00000000
00000000
00000000
00000000
00000000
00000000
00000000
00000000
00000000
00000000
00000000
00000000
00000000
00000000
00000000
00000000
00000000
00000000
00000000
00000000
00000000
00000000
00000000
00000000
00000000
00000000
00000000
00000000
00000000
00000000
00000000
00000000
00000000
00000000
00000000
00000000
00000000
00000000
00000000
00000000
00000000
00000000
00000000
00000000
00000000
00000000
00000000
00000000
00000000
00000000
00000000
00000000
00000000
00000000
00000000
00000000
00000000
00000000
00000000
00000000
00000000
00000000
00000000
00000000
00000000
00000000
00000000
00000000
00000000
00000000
00000000
00000000
00000000
00000000
00000000
00000000
00000000
00000000
00000000
00000000
00000000
00000000
00000000
00000000
00000000
00000000
00000000
00000000
00000000
00000000
00000000
00000000
00000000
00000000
00000000
00000000
00000000
00000000
00000000
00000000
00000000
00000000
00000000
00000000
00000000
00000000
00000000
00000000
00000000
00000000
00000000
00000000
00000000
00000000
00000000
00000000
00000000
00000000
00000000
00000000
00000000
00000000
00000000
00000000
00000000
00000000
00000000
00000000
00000000
00000000
00000000
00000000
00000000
00000000
00000000
00000000
00000000
00000000
00000000
00000000
00000000
00000000
00000000
00000000
00000000
00000000
00000000
00000000
00000000
00000000
00000000
00000000
00000000
00000000
00000000
00000000
00000000
00000000
00000000
00000000
00000000
00000000
00000000
00000000
00000000
00000000
00000000
00000000
00000000
00000000
00000000
00000000
00000000
00000000
00000000
00000000
00000000
00000000
00000000
00000000
00000000
00000000
00000000
00000000
00000000
00000000
00000000
00000000
00000000
00000000
00000000
00000000
00000000
00000000
00000000
00000000
00000000
00000000
00000000
00000000
00000000
00000000
00000000
00000000
00000000
00000000
00000000
00000000
00000000
00000000
00000000
00000000
00000000
00000000
00000000
00000000
00000000
00000000
00000000
00000000
00000000
00000000
00000000
00000000
00000000
00000000
00000000
00000000
00000000
00000000
00000000
00000000
00000000
00000000
00000000
00000000
00000000
00000000
00000000
00000000
00000000
00000000
00000000
00000000
00000000
00000000
00000000
00000000
00000000
00000000
00000000
00000000
00000000
00000000
00000000
00000000
00000000
00000000
00000000
00000000
00000000
00000000
00000000
00000000
00000000
00000000
00000000
00000000
00000000
00000000
00000000
00000000
00000000
00000000
00000000
00000000
00000000
00000000
00000000
00000000
00000000
00000000
00000000
00000000
00000000
00000000
00000000
00000000
00000000
00000000
00000000
00000000
00000000
00000000
00000000
00000000
00000000
00000000
00000000
00000000
00000000
00000000
00000000
00000000
00000000
00000000
00000000
00000000
00000000
00000000
00000000
00000000
00000000
00000000
00000000
00000000
00000000
00000000
00000000
00000000
00000000
00000000
00000000
00000000
00000000
00000000
00000000
00000000
00000000
00000000
00000000
00000000
00000000
00000000
00000000
00000000
00000000
00000000
00000000
00000000
00000000
00000000
00000000
00000000
00000000
00000000
00000000
00000000
00000000
00000000
00000000
00000000
00000000
00000000
00000000
00000000
00000000
00000000
00000000
00000000
00000000
00000000
00000000
00000000
00000000
00000000
00000000
00000000
00000000
00000000
00000000
00000000
00000000
00000000
00000000
00000000
00000000
00000000
00000000
00000000
00000000
00000000
00000000
00000000
00000000
00000000
00000000
00000000
00000000
00000000
00000000
00000000
00000000
00000000
00000000
00000000
00000000
00000000
00000000
00000000
00000000
00000000
00000000
00000000
00000000
00000000
00000000
00000000
00000000
00000000
00000000
00000000
00000000
00000000
00000000
00000000
00000000
00000000
00000000
00000000
00000000
00000000
00000000
00000000
00000000
00000000
00000000
00000000
00000000
00000000
00000000
00000000
00000000
00000000
00000000
00000000
00000000
00000000
00000000
00000000
00000000
00000000
00000000
00000000
00000000
00000000
00000000
00000000
00000000
00000000
00000000
00000000
00000000
00000000
00000000
00000000
00000000
00000000
00000000
00000000
00000000
00000000
00000000
00000000
00000000
00000000
00000000
00000000
00000000
00000000
00000000
00000000
00000000
00000000
00000000
00000000
00000000
00000000
00000000
00000000
00000000
00000000
00000000
00000000
00000000
00000000
00000000
00000000
00000000
00000000
00000000
00000000
00000000
00000000
00000000
00000000
00000000
00000000
00000000
00000000
00000000
00000000
00000000
00000000
00000000
00000000
00000000
00000000
00000000
00000000
00000000
00000000
00000000
00000000
00000000
00000000
00000000
00000000
00000000
00000000
00000000
00000000
00000000
00000000
00000000
00000000
00000000
00000000
00000000
00000000
00000000
00000000
00000000
00000000
00000000
00000000
00000000
00000000
00000000
00000000
00000000
00000000
00000000
00000000
00000000
00000000
00000000
00000000
00000000
00000000
00000000
00000000
00000000
00000000
00000000
00000000
00000000
00000000
00000000
00000000
00000000
00000000
ffffddd6
00000ba5
ffffe681
ffffd19b
ffffd337
ffffe39b
ffffd82e
00000da4
ffffe965
ffffce63
ffffe171
ffffd7a9
000015bf
00001590
ffffce14
ffffeb73
fffff175
ffffe6da
ffffd3b4
ffffd9b0
fffff1a7
ffffe449
0000038b
ffffd470
ffffc698
ffffe87b
ffffe6f1
ffffecbc
ffffd421
ffffe0d6
ffffd287
ffffed74
fffff2b9
fffffb22
fffff2d3
ffffd88f
fffff884
ffff855e
ffffbf18
00000bbc
000014f7
ffffcab7
fffff563
00000723
ffffdb79
00001504
fffff939
fffffd6d
fffff0f1
ffffe5fc
ffffe70d
ffffb604
fffff01f
ffffd4ea
ffffaba6
000004be
ffffeb15
ffffcbef
ffffea8b
ffffdd15
fffff3be
ffffc4bf
ffffd9ea
ffffccf6
ffffbfb5
ffffa680
ffffe00a
00000464
ffffe37c
ffffe5e6
ffffce68
fffff10d
ffffde09
ffffd464
ffffaf94
00000569
ffffab7e
00000d37
ffffdb10
ffffe584
0000277d
0000134d
00000212
fffff1e5
00000eeb
ffffaac2
fffffca5
ffffd6cc
fffff46f
00000d9e
fffffe43
00000830
ffffd620
ffffe59c
ffffd266
ffffc43f
ffffe852
ffffe42f
ffffeac4
ffffcb24
ffffb169
ffffe9c4
ffffc918
ffffe894
fffffc4f
ffffe20d
ffffb51c
ffffef53
ffffccea
ffffd145
ffff91db
ffffdf6d
ffffd93e
ffffcb20
00000f4b
fffff534
ffffc9b1
ffffd6d8
00000733
ffffff25
fffff85a
ffffc145
fffff443
ffffe8b4
ffffe8c0
ffffe1a5
000002ac
ffffe24e
ffffdf57
fffff16f
fffff4a7
ffffd9a9
fffff4fd
ffffcc76
ffffbe31
fffff6ae
ffffcc76
ffffdfa2
ffffdaef
ffffe61d
000010de
fffff940
000003cd
ffffd7c9
fffffe8e
000006b0
ffffc18c
ffffbf72
ffffebcc
ffffe4f9
ffffe92e
ffffbe5e
ffffe149
ffffdf2f
ffffe8f3
00002350
fffffef3
ffffbe43
ffffe923
ffffe6ef
ffffc9c9
ffffd152
ffffcb64
ffffbf82
ffff9e34
ffffdc1b
ffffe9a3
ffffee0d
ffffa0d4
ffffea3f
00000a1d
fffff9f2
fffffd87
fffff673
000025cb
fffff5a1
fffff56e
ffffcd51
fffff343
ffffd7e8
ffffefd0
fffff0f9
ffffef1b
ffffe647
ffff93d0
ffffa6e8
fffff7c2
ffffc439
ffffc580
fffffefe
ffffec78
ffffbf3d
fffff3ac
fffff8d3
ffffe9c3
fffff8a9
ffffeb99
ffffd04e
ffffdd68
fffff6b6
ffff9e42
fffffa6b
ffffe807
ffffce6e
ffffd03e
000003ef
ffffe834
fffff62e
ffffe7d9
fffffdce
fffff05c
ffffea63
ffffedad
ffffca8c
0000026b
fffff2ba
ffffd5f7
fffffe1d
ffffa9b0
ffffeb35
ffffbbf0
fffff2be
ffffdeab
fffff5f0
fffff195
ffffd5e3
ffffef32
ffffeb1b
fffff367
ffffaed2
fffff00a
fffff6a1
00000a85
ffffff02
0000052d
ffffec1d
fffffcea
000006a6
0000066f
fffffae6
fffff16b
fffffce9
fffff51a
ffffc43e
ffffc44d
ffffd927
ffffefd4
ffffce95
000004a4
ffffc53c
ffffd8e1
00001397
fffffc4d
ffffef04
ffffc187
ffffefb7
ffffec69
ffffb656
fffffd06
0000040f
ffffad8d
ffffb6cf
ffffd659
ffffc141
ffffa209
ffffee77
ffffea0e
ffffe424
ffffe75e
fffff266
fffff97a
fffff049
ffffe9ae
fffff497
ffffa838
ffffef4c
ffffe898
ffffbbc6
ffffc687
ffffef5b
00000118
ffffc712
ffffe157
fffffd1c
ffffa555
ffffe603
fffff440
ffffc16a
ffffa056
ffffe32e
ffffed30
ffffc41c
000008df
ffffd2cc
fffffd98
fffffb17
00000236
fffff3e0
ffffe61b
ffffbba8
ffffe59a
0000151f
ffffe25a
ffffcd33
ffffcdb6
ffffeed3
ffffa585
fffff0d6
fffff574
fffff129
fffffb7a
ffffc0d3
fffffcce
ffffde41
ffffd7ad
fffff920
ffffdd83
fffffe94
ffffeb29
ffffff6c
ffffc11e
ffff8953
fffff7c8
fffffe13
ffffedf0
ffffed4d
fffff50b
ffffffc3
fffffdde
fffffa6e
ffffeda0
ffffb2fb
fffff4a4
ffffe608
00000eea
fffff2bd
fffff88f
ffffc148
ffffd376
ffffbcc6
ffffd59c
ffffcc49
ffffad0d
fffffc9e
000004f6
ffffdedd
ffffa5d6
ffffb6f2
ffffed0c
ffffd2d6
fffff609
ffffffbb
00001b2a
ffffdde2
fffff186
ffffc6f4
ffffa3db
fffff08d
fffff1c6
ffffe1cd
0000058a
0000060d
ffffee48
ffffdcdb
fffffb79
0000080c
ffffec17
ffffc7ab
ffffe5c7
ffffde45
ffffe843
fffff06c
000001c1
fffff490
ffffea31
fffffa5a
00000144
0000008d
ffffacc5
fffff476
fffff202
000008ad
ffffd595
ffffb92f
ffffe7e9
fffffcec
fffff80f
ffffefa7
ffffe721
ffffcba7
fffff933
fffff08d
fffff66d
ffffccbc
ffffe8ce
ffffdb9c
000002af
fffffa54
ffffff43
ffffc7f3
ffffd073
ffffdc2c
ffffcdcf
00000623
fffffd29
ffffef0c
fffffa33
fffff0c4
ffffd1c6
ffffc282
ffffc292
ffffe038
fffff775
00000297
ffffdc04
fffff20d
ffffe4d1
ffffbae0
fffff3a4
ffffe34b
ffffcca2
ffffe0ae
fffff008
ffffb1fe
ffffe8f6
ffffde6a
fffff808
ffffee55
fffff008
ffffaa37
ffffc658
ffffeb52
ffffe7fd
ffffe31d
ffffd31a
00001a10
ffffe974
ffffadab
ffffd2c7
ffffc0ff
fffffd6e
ffffd894
fffff9e5
ffffbf30
ffffb61f
fffff7e8
00000302
ffffe0e3
ffffc8ca
ffffd3f5
ffffef74
fffff470
ffffe15f
ffffefed
ffffe56d
ffff8b05
ffffebb8
00000000
ffffbb9e
fffff45c
ffff5d62
ffffea99
00000320
ffffe3c8
fffff5b1
ffffcec5
ffffe4b0
fffffbbd
ffffe277
00000da6
fffff9d2
fffffacb
ffffe4f0
00001424
ffffc686
000005d6
ffffec12
ffffbf7a
ffffeb28
ffffd161
fffff170
00000bbf
ffffe617
fffff2c9
fffff159
ffffa6f9
fffff68c
ffffd1bf
fffff467
ffffef0a
fffff2f3
ffffbeb0
ffffeba4
fffffaf4
fffff747
ffffd2f4
fffff610
fffff322
fffff4e3
fffff59c
ffffa8b9
fffff299
ffffdf9c
ffffbc94
ffffe7f1
ffffe074
fffff20d
ffffb487
fffffb3a
ffffd732
00000233
fffffd42
00000250
ffffe9d6
fffffd30
ffffe340
ffffedcb
fffff713
fffff4cd
ffffe6da
ffffdcd4
ffffef66
fffffe53
fffff3e6
ffffe387
ffffaff8
ffffdc66
ffffe1fd
ffffe3fd
00000042
ffffbbc8
fffffdb8
00000021
ffffed16
ffffe410
ffffc3ad
ffffd54e
ffff8c01
fffff6d2
0000032f
ffffeaba
00000023
00000003
fffff2c5
fffff820
ffffcfc1
000005ee
fffffa76
ffffe423
ffffd78d
ffff987c
fffff8ce
0000091a
000002c1
ffffda3c
fffffbc8
ffffb0fa
ffffc327
fffff674
fffff2d0
ffffe14d
ffffe52e
ffffe769
ffffcc97
ffffeab7
ffffd4ca
fffff32d
ffffde98
ffffe46c
fffff421
fffff129
ffffdaf6
ffffdda9
fffff643
ffffd93f
ffffa8ec
ffffe591
ffffedd2
0000009c
ffffed59
0000134a
fffff8a0
fffff77c
ffffff0b
ffffdaaa
fffff5a3
fffff05b
000006d8
fffff332
ffffbf0e
fffff08b
ffffcb4f
ffffe0b7
ffffffc6
fffffc53
fffff937
fffff83a
fffff8a5
ffffee37
ffffff9f
fffff76c
ffffe744
ffffef6e
ffffe6ad
ffffa619
ffffec35
ffffd0e9
fffff4bd
fffffbd0
00000483
fffff579
fffffb66
fffff91a
ffffefd8
fffff471
ffffa2d8
0000022e
000007ea
fffff423
ffffbbe5
ffffef43
ffffd720
ffffd71b
ffffc18a
fffffbd9
ffffddd8
ffffbbb0
ffffe9ca
ffffe66a
fffff6cf
ffffe7d4
ffffdb83
ffffe7f5
ffffe5a6
00001730
fffff518
ffffc22a
fffffb48
0000089e
00000a41
ffffc897
ffffeb56
00000a1b
ffffd140
fffffa7c
fffff366
ffffff11
ffffe3bb
ffffe039
fffffb9d
ffffe978
ffffe203
fffff79d
fffffed6
ffffecf4
ffffc15c
fffff761
ffffec1e
ffffca31
ffffa3e6
ffffd101
fffff3f0
ffffe59b
ffffebbc
ffffbe69
ffffb04a
fffffb78
ffffb6e1
fffff30e
fffffea2
fffffbab
ffff9d7a
ffffe341
fffffd24
ffffa02e
ffffe7bb
00000cc7
000006e0
00000b98
fffffed3
fffff22f
ffffd7b6
ffffe44d
fffffbdf
fffffa05
ffffe3f9
fffff180
00000327
ffffb7cd
ffffeca5
ffffd368
fffffb97
ffffd7bb
fffff1bd
ffffe360
fffff7af
ffffe882
fffffdfe
ffffdd22
ffffe880
ffffd457
ffffa51c
fffffa00
ffffa3f0
ffffcfdd
ffffebe3
fffff4e6
fffff09b
ffffdf5a
ffffaee6
ffffe974
ffffedf3
ffffd617
000017c3
000005cd
000002f8
fffff188
ffffd9e0
ffffd573
ffffe2bf
ffffe987
fffff224
fffff408
ffffa2e2
000002cc
ffffd24f
ffffd49c
ffffe922
fffffe8f
00000013
ffffee74
ffffc2d3
ffffe67b
fffff38b
ffffb49e
fffffc4e
ffffc7d0
fffffa4e
ffffda8d
ffffde29
ffffd801
ffffdafb
ffffeb96
00000ac5
ffffa162
ffffeb88
ffffd277
ffffa4b2
fffffbd2
00000ce4
fffff7ef
ffffe922
ffffe6b4
ffffbe60
fffff1c2
ffffb288
ffffe89e
ffffc336
00000657
ffffcb06
fffffcb8
ffffdf70
ffffdce1
000011b3
fffffbf1
fffffc98
ffffcec2
ffffe546
fffffaed
00000e07
ffffe6d9
fffff621
000005fd
fffff448
fffff8af
fffff7f8
ffffadc0
fffffa17
ffffa464
ffffd9c1
fffff063
fffffa71
fffff97a
fffff2bb
000001a2
ffffed35
000003cf
fffff5d0
fffffcaf
fffff025
0000005b
fffff07c
ffffd8ca
ffffba61
ffffd427
fffffad2
ffffe7f2
ffffeda0
000004fc
00000070
fffff9ca
fffffc82
fffffce8
ffffb7b0
00000b1a
ffffca4a
ffffd458
ffffff5f
ffffa9f2
ffffd642
ffffafe3
00000d2f
ffffe480
ffffd8ad
ffffc24e
00000176
ffffe614
fffff84d
ffffe952
000006b3
ffffe4a0
fffffa00
00000c22
fffff86a
ffffbbca
fffff8d3
00000b10
ffffc69b
ffff9b77
fffffd96
000000b0
ffffcac1
00000357
ffffd52f
00000617
ffffdf22
ffffa8ff
000002d8
ffffffa8
fffff721
fffff664
fffff144
ffffd277
fffff8d5
ffffc096
ffffca33
ffff9b11
ffffb93b
ffffdc41
fffff55a
ffffef9a
00000b61
ffff9866
ffffd5f3
ffffb7c4
0000040a
ffffd604
fffff71e
ffff97c1
ffffffc9
fffff166
ffffd2b8
ffffaad5
ffffe81d
ffffb23e
fffffafc
ffffff09
00000add
ffffcfef
0000148d
ffffc806
fffff51a
ffffdcbf
ffff87fa
ffffd51d
ffffe375
ffffbd59
ffffb39c
ffffeba9
ffffc4f1
ffffd592
ffffbee2
ffffdf0c
fffffc3d
fffff2c3
ffffb905
ffffd3cf
0000020a
000015b1
ffffd91e
ffffe92a
ffffadf1
ffff9630
fffff828
ffffd1de
fffff1e5
00000a51
00000055
ffffda8d
ffffeb73
ffffff5e
ffffbe6e
ffffe0a1
000000b7
00000ae0
ffffe4f1
ffffd90b
ffffdb54
ffffed5b
fffff73a
ffffb05e
ffffe812
ffffcf7d
ffffc01e
0000019c
ffffe265
00000120
ffffd95a
ffffd87c
ffffc50c
ffffdb22
00000779
ffffb91f
ffffe96d
ffffb0a0
ffffe47a
ffffa812
ffffa7eb
ffffa079
ffffa298
ffffdfee
ffffbfb5
ffffad37
ffffd539
ffffd0b3
0000014e
00000a0a
ffffe615
fffff75c
ffffb8e1
fffff2c7
ffffcc0f
ffffedba
fffffd0d
fffffde8
fffff4d0
ffffc7f8
ffffef55
ffffbbf8
fffffced
ffffa1c8
ffffe4dd
ffff9c89
ffffe2ab
ffffb941
fffffef5
ffffdce7
fffff2a8
ffffdd60
fffffcd3
ffffc17f
ffffcc7d
ffffd211
fffffb04
fffff0d6
fffffd39
ffffced2
ffffd323
ffff7090
ffff97f5
ffffb56b
ffffdb9e
fffff8ec
ffffda9f
ffffea51
ffffeaea
ffffefab
fffff3b5
000000b9
ffffe903
ffffe5e1
0000041d
ffffbf7f
ffffc541
ffffc5ab
ffffedb1
ffffdb5d
ffffe180
ffffc28d
ffffdb65
ffffa595
ffffe1b9
ffffdcf4
ffffaf95
ffffdd16
000000fe
ffffe044
ffffc8ac
ffffe610
ffffd100
ffffcabf
ffffd07a
fffff9e8
ffffa6bc
ffffe7c9
ffffdc7e
ffffb5fc
ffffcb22
ffffd0d8
ffffc7f7
ffffddc6
ffffc8fd
00000229
ffffe1a4
ffffe3e9
ffffbc63
ffffa137
ffffc459
ffffa7bf
fffff35b
ffffb793
ffffb5e8
fffff8d1
ffffe437
ffffa766
00000488
ffffc547
fffffcfa
ffffbf20
ffffb796
ffffc3d2
fffff561
ffffc44a
ffff9f77
ffffc8f6
ffffdf74
ffffb551
ffff94b1
ffffd95e
ffffc12b
fffff9c8
ffffe52f
ffffbb94
ffffd5da
ffffea00
00000221
fffff092
fffffb30
000005a6
ffffceda
ffffbe58
ffffc5f8
fffff8b8
ffffece4
ffffe7a1
ffffe3a6
ffffc654
ffffedb9
ffffd015
00000ab5
ffff98d6
ffffc24b
ffffc0a0
ffffe11e
ffffab26
ffffd70f
ffffd152
ffffc89b
ffffe34a
ffffc97b
ffffd723
ffffd110
ffffefe0
ffffd9a8
fffffec1
0000037c
ffffd29b
ffffa873
ffffd28b
ffffc200
ffff9d9a
ffffc614
ffffcc18
ffffe4fc
ffffe33f
fffffdd7
fffff542
ffffdaf3
00001271
ffffdea2
fffffd05
ffffb250
ffffd695
ffffbb97
ffffcf76
ffffd78a
ffffcff5
fffff359
fffffcfc
ffffc0b5
ffffdd1b
ffffce57
ffffddb2
0000020b
ffffd618
ffffb2f7
ffffee8f
ffffba4d
ffffe9ff
ffffbc4c
ffffce68
ffffd051
ffffca03
ffffde11
ffffeef1
ffffe927
ffffe155
ffffc946
ffffe6d7
fffffe73
ffffd1b3
ffffe682
ffffee97
ffffefbe
ffffe6b2
ffffd244
ffffeb58
ffffd56e
fffff372
ffffc490
ffffcf4f
ffffde7f
ffffbf22
fffff98f
ffffefb2
ffffd7a5
ffff8d6c
ffffbef1
ffffecff
ffffeae6
ffffd35b
ffffea2b
fffff598
ffffc51e
fffff3a1
ffffe4ab
ffffd3f0
ffffcdb0
ffffca01
000002fe
fffffc38
fffff439
ffffe834
ffffc0c2
ffffc3a5
ffffe7cb
fffff1c2
ffffee97
ffffb5e9
ffffd1ad
ffffd455
ffffad30
ffffefbd
fffffcda
ffffeaea
ffffb119
ffffb365
ffff9c18
ffffb685
ffffdbe8
ffffb549
ffffcfae
ffffd57c
ffffd45a
ffffaaa9
ffffb671
ffffb537
ffffaeeb
fffffaa2
ffffe361
ffffc891
ffffc277
ffffe9ae
ffffc578
ffffb12c
ffffb2d5
ffffb0ec
fffff6b5
ffffee24
00000a55
ffffd0f0
ffffe1bf
ffffb9bd
ffffed71
ffffd8aa
00000597
ffffe35b
ffffff2a
ffffca60
ffffbbea
ffffee9c
fffff3d8
ffffde11
ffffd8ef
ffffbc94
ffffc0b3
ffffde77
ffffe7d4
ffffc5fb
ffffd05e
ffff9447
fffffe23
ffffb02f
ffffba90
ffffde5e
ffff98a7
ffffd826
fffff317
ffffdca2
fffff34d
ffffc6cc
ffffef74
fffff60c
ffffda30
ffffccf2
ffffb6d1
ffffce6a
ffffdb9a
ffffb975
ffffe27e
ffffee01
ffffd77f
fffffcb7
ffffd4f7
ffffc293
ffffc4cd
ffffb116
ffffd3eb
ffffac30
ffffe6d5
fffff649
ffffeaaf
ffffb96b
00000f52
ffffb43b
ffff7956
ffffc7f6
ffffe40b
ffffe24f
ffffe602
ffffb063
fffff452
ffffd00d
ffffce3b
ffffe919
ffffe348
ffffc93b
ffffdcb3
ffffd813
ffffcd32
fffff90c
ffffd0ef
ffff6e6b
ffffd43f
ffffec18
ffffb88d
ffffa538
ffffd1bc
fffff6a5
fffffaa4
ffffdd4f
ffffcf65
ffffa104
ffffe3de
ffffd81d
ffffc4c5
ffffcff8
ffffc73a
ffffd723
ffffbf85
ffff9f8a
fffff346
ffffac1f
ffffff4e
ffffdf2b
ffffccf4
ffffb169
ffffce77
ffffdf2e
ffffe0e3
ffffdc5f
ffffda37
ffffd464
ffffb6c8
ffffd9ec
ffffa92f
ffffe535
ffffdc86
ffffc2e9
ffffe7c5
ffffd927
ffffcd97
ffffa546
ffffc82b
ffffbfc2
ffffba0c
ffffe717
ffffdb49
ffffe3f9
ffffefb2
ffffef0c
ffffe4e3
ffffaed1
fffff8c8
ffffc187
ffffa64f
00000cc3
ffffe9b8
ffffe7ca
fffff504
ffffe459
ffffa7ca
ffffe675
ffffe327
fffff510
ffffb9a1
ffffdc99
ffffc79e
ffff97e6
ffffcd92
ffffdb04
ffffcde2
ffffa32f
ffffd0be
ffffc8e2
fffff1e4
ffffcee5
ffffa43f
ffffc92b
ffffd5f1
ffffc956
ffffc6a4
ffffefe7
ffffdd72
ffffed5b
ffffb23d
ffffd05c
ffffd0fe
ffffe975
fffffa39
ffffb9e9
ffffb212
ffffc19a
ffffd69f
ffffbf2f
ffff933a
ffffd09a
ffffafd0
ffffb556
ffffdcf3
ffffd133
ffffbac9
ffffda6d
ffffd76e
ffffd761
ffffc8a2
ffffbd40
ffffdd25
ffffc1d9
fffffc59
ffffcbbc
fffff809
ffffde4c
ffffcc9c
ffffabed
ffffd704
ffffbeb2
ffffc074
fffff393
ffff86b3
fffff244
ffffd2de
fffff9fa
ffffa77e
ffffad3b
ffffdcca
ffffb1bd
ffff926a
ffffb347
ffffb335
ffffdc97
ffff9636
ffffcf23
ffffc537
ffffcf19
ffffdffe
ffffe0fb
fffffbcb
0000080a
ffffab1b
ffffbf6d
ffffc41c
ffffd388
ffffb31e
ffffbaba
ffffd0f5
ffff9e7b
ffffbdc6
ffffcd28
ffffde8d
ffffce59
ffffcb0a
ffffca5d
ffffbf5e
fffff6f6
ffff99af
ffffbde5
ffffdab3
0000083f
ffffc280
ffffc7ff
ffffaf06
ffffa986
ffffb076
ffff8872
ffffcbad
ffffe0fb
ffffd70f
ffff9ee5
ffffe860
ffffd57d
ffffa45a
ffffd134
ffffeaf3
ffffd853
ffffcdd7
ffff9477
fffff36c
ffffbe37
ffffb215
ffffd849
ffffd7ef
ffffbc8f
ffff9d10
ffffd251
ffffd3e9
ffffb93b
ffffd1fa
ffffd04d
ffffbfc2
ffffa391
ffffdedf
ffffc5bd
ffffb19c
ffffd9dd
ffffa0d2
ffff9919
ffffdbff
ffffc996
ffffd176
ffffba23
ffffd0cd
ffffa105
ffffc391
ffffbb47
00000539
ffffd042
ffffd758
ffffe66f
ffffd0ed
fffff69c
ffffb6e1
ffffeb3b
ffffb26d
fffff19f
ffffb9ed
ffffa21b
ffffb4d7
ffffc3a5
ffffc55b
ffffa5fe
ffffc15f
ffffd2f3
ffffe818
ffffce7a
ffffc58c
ffffba15
ffffc914
ffffd88a
ffffa8a6
ffffb9d3
ffffe738
ffffb227
ffffc11d
ffffe061
ffffbef1
fffff682
ffffeadc
ffff67fe
ffffd46b
ffffdcaf
ffffe06c
ffffcaa7
ffffefcd
ffffc4ac
ffffd006
ffffeacd
ffffdfe6
ffffe531
ffffe19c
ffffc088
ffffbb05
ffffa2b8
ffffac7a
ffffd324
ffffc273
ffffadb8
ffffa8c0
ffffe685
ffffc4cf
ffffb64e
ffffc1a4
ffff888e
ffffb483
ffffc528
ffffbc4d
ffffe5eb
ffffc559
ffffc890
ffffda8c
fffff5a3
ffffc642
ffffcb46
ffffb7f7
ffffe305
ffffe1f6
ffffbf4a
ffff738a
ffffb121
ffffb3fc
ffffadf5
ffffc665
ffffe9f4
ffffbcb7
fffff300
ffffca1a
ffffcec9
ffffba5e
ffffd4e9
ffffe657
ffffe9d2
ffffb797
ffffa961
ffffc96c
ffffe42a
ffffc940
ffffdbc7
ffffc7c3
ffffab91
ffffd177
ffffdba0
ffffd3f7
ffffcc46
ffffead7
ffffc842
ffffcde7
ffffd239
ffffe31b
ffffe114
ffffbc77
ffffb638
ffffbd6f
ffffc2b6
ffffbde5
ffffebd9
ffffb2f3
fffff15b
ffffd192
ffffd70c
ffffde5c
ffffcb1b
ffffd9be
ffffc468
ffffa813
ffffdcb2
ffffc1cb
ffffa1f4
ffffd775
ffffd922
ffffdd11
ffffb136
ffffe355
ffffb3cb
ffffd604
ffffbc8b
ffffd326
ffffe129
ffffb823
ffffd8c3
ffffd271
ffffa7ac
ffffbe7a
ffffc035
ffffd3f1
ffffb673
ffffb59e
fffff808
ffffda5f
000007db
ffffb4b9
ffffb30b
ffffe97b
ffffb975
ffffad0f
ffffe543
ffffea23
ffffb3e7
ffffac42
ffffeee5
ffff838d
ffffd9bc
ffff9195
ffffb930
ffffedba
ffffc963
ffffbeb3
fffff974
ffffdde7
ffffc91a
ffffdd01
ffffca6c
ffffe2ef
ffffad23
ffff9c7a
ffffd247
ffffd2ff
fffffcb6
ffffa924
000002aa
fffff13e
ffffba9f
ffffaa9a
ffffd2e3
ffffd55a
ffffc91f
ffffe164
fffff7fd
ffffc239
ffffe87f
ffffd0b2
ffffb4f1
ffffe572
ffffadf3
ffffbe24
ffffced7
ffffc103
ffffabba
ffffe4d5
ffffc81c
ffffd7f5
ffffc1d3
ffffd816
ffff7c31
fffff168
fffff3f0
ffffda92
ffffe97d
ffffa9b9
ffffc5cc
ffffd258
ffffcdaf
ffffe1c0
ffffad61
ffffd93c
ffffc993
ffffb0a2
ffffd90f
ffffc421
ffffb622
ffffb3cd
ffffb888
ffffacb1
ffffaeb6
ffffbf37
ffffe5fc
ffffcc24
ffff9cae
ffffb389
ffffc2e0
ffffb825
ffffc353
00001527
ffffb985
ffffff74
ffffeaab
ffffd9ac
ffffc87b
ffffec3b
ffffd2b5
ffffd9f6
ffffed5b
ffffeed2
ffffe88e
ffffcd5a
ffffd884
ffffd5c5
ffffd4fc
ffff9c93
fffff1b3
ffffb44c
ffffbac9
ffffce5b
ffffc204
ffffc654
fffff545
ffffd486
ffffb22a
ffffecf1
ffffe58c
ffffb59b
ffffbf1d
ffff93c6
ffffce03
ffffe8c0
ffffe682
ffffcf11
ffffd75f
ffffa2f3
ffffc4bd
ffffe26a
ffffe0fe
ffffcbe7
ffffc91b
ffffac5b
ffffaaac
ffffdbbd
ffffe426
ffffce82
ffffd748
ffffd8db
ffffe8f3
ffffd989
ffffbe71
ffffa82e
ffffd53c
ffffb38d
ffffd427
ffffbbb2
ffffe217
ffffc06b
ffffb752
fffff688
ffffe93b
ffffcf58
ffffc8e5
ffffd1f2
fffff53c
ffffb97e
ffffb8de
ffffc97f
ffffb5ef
ffffb61d
fffff02d
ffffc078
ffffe821
ffffba65
ffffb578
ffffa9bb
ffffd1d5
ffffc574
ffffbc5a
ffffc139
ffffbbe8
ffffdb81
ffffc3d0
ffffca8d
ffffbc83
ffff9c6f
ffffbfa0
ffffdfac
ffffdacd
ffffaa25
ffffdd5a
ffffb1da
ffffbd7b
ffffb9be
ffffcc98
ffffbbf9
ffffbc89
ffffc022
ffff9896
fffff209
ffffeb9e
ffffc64c
ffffd7a0
ffffb9d5
ffffc84b
ffffcde1
ffffaca5
ffffc361
ffffbf33
ffffb948
ffffd92c
ffffc697
ffffbef8
ffffa93d
ffffcb1d
ffffc062
ffffe696
ffffd9eb
ffffe4a8
fffffebb
ffffac26
ffffa981
fffff673
ffffa3e9
ffffe25a
ffffacec
ffffbcdc
ffffc31e
ffffc529
ffffbdbb
ffffe3aa
ffffdd22
ffffd5ce
ffffc77c
ffffc6ed
ffffd344
ffffc152
fffff78c
ffffd985
ffffc991
ffffdd9b
ffffd6dd
ffffe5b1
fffff25d
ffffd0d0
ffffc234
ffffda3b
ffff9439
ffffd370
ffffd10e
fffff9f8
ffff94b4
ffffd92c
ffffd205
ffffb38a
ffffe7f6
ffffb83e
ffffc0a9
ffffad81
ffffad14
ffffc074
ffffe085
ffffe717
ffffc006
ffffc631
ffffc7c3
ffffaff3
ffffbb20
fffff54c
ffffecdc
ffffe3b6
ffffb0f6
ffffaa13
ffffdda0
ffffc5bc
ffffc2d3
ffffb0b0
ffffcd79
ffffc77f
ffffb94c
ffffda13
ffffe76b
ffffdd06
ffffb514
fffff2fe
ffffb560
ffffb452
ffffc420
ffffaf22
ffffb21d
ffffc3b6
ffffc7a2
ffffd693
ffffe688
ffffd79d
ffffd275
ffffbaae
ffffc6ac
ffffc7ca
ffffb160
ffff9f87
fffffb99
ffffbab7
ffffea33
ffffab7c
ffff9cf4
ffffde31
ffffcdf1
ffffb881
ffffd421
ffffa612
ffffe235
ffffb90e
ffffcdb9
ffff9101
ffffa431
ffffc3ed
ffffb1a5
ffffba90
ffffd9ea
ffffe89b
ffffcae3
ffffb61c
ffffd9a0
ffffd134
ffffd3fd
ffffcea2
ffffe588
ffffd356
ffffc2df
ffffebc6
ffffb406
ffffb0f2
ffffb332
ffffcd47
ffff9638
ffffdfe6
ffff7e20
ffffc991
ffffd8b9
ffffafb4
ffffd654
ffffbb05
ffffa5bc
ffffed49
ffffd214
ffffc573
ffff9e5c
ffffb7a7
ffffaef4
ffffb1b9
ffffd7a5
ffffc3c9
ffffddd8
ffffccee
ffffd158
ffffd57c
ffffc3eb
ffffcafa
ffffbbd8
ffffe264
ffffcb14
fffff0b1
ffffbe96
ffffbb33
ffffc6f1
ffffc757
ffffd192
ffffc8fd
ffffc6a2
ffffbf6a
ffffea8c
ffffc810
ffffc086
ffffd67f
ffffe85a
ffffc5ea
ffffb3e9
fffffcf8
ffffd51d
ffffcc73
ffffe0ad
ffffb6f2
ffffb788
ffffe267
ffffc19f
ffffc652
ffffd73f
ffff9b6a
ffffb4d0
ffffabd9
ffffa0a4
ffffbe5d
ffff9ccd
ffffdf68
ffffca4e
ffffe711
ffffe0fc
ffffc628
ffffae2f
ffffb8bd
ffffc10c
ffffada3
ffffad8d
ffffb5c6
ffffe089
ffffb9bf
ffffc12b
ffffec90
ffffc9ac
ffffc100
ffffa504
ffffc838
ffffe848
ffffb2ac
ffffe8c0
ffffc42b
ffffc6bb
ffffa827
ffffa059
ffffa29a
ffffc1ad
ffffcb84
ffffd304
ffffce78
ffffeaf1
ffffdd21
ffffca4d
ffffc268
ffffa209
ffffc961
ffffba0a
ffffc434
ffffd1e5
ffffb2fc
ffff9ce7
ffffc3c5
ffffd979
ffffac2a
ffffa3f3
ffffb975
ffff9f55
ffffb417
ffffeb27
ffffa575
ffffbb34
ffffcd13
ffffcc66
ffffb91b
ffffc551
ffffb054
ffff90e8
ffffc45e
ffffb782
ffffc530
ffffa6d8
ffffc459
ffffbb1e
ffff98be
ffffbff6
ffffda12
ffffb64b
ffffb907
ffffdfd5
ffffeb5b
ffffd328
ffffaa5b
ffffcf1a
ffffecfd
ffffb4f2
ffffccee
ffffd8b9
ffffb3c4
ffffccbc
ffffe8f5
ffffc4db
fffffe1d
ffffb06f
ffffd334
ffffc7d2
ffffbf8b
ffffbeb9
ffffbb7f
ffffc334
ffffb1e2
ffffd039
ffffeb07
ffffcb71
ffffc346
ffffc0bf
ffffc6e7
ffffcc9f
ffffcb44
ffffb170
ffffce7d
ffffb78f
ffffc572
ffffc1a8
ffffcba2
fffff986
ffffdbda
ffffd024
ffffbc9b
ffffd37c
ffffc510
ffffb69f
ffffe4e0
ffff648a
ffffd02c
ffffc88c
ffffc2ce
ffffcafa
ffffb5f3
ffffb615
ffffd6e9
ffffbc07
ffffc38f
ffffee1a
ffffd32a
ffffa911
ffffbdf2
ffffb84e
ffffab1f
ffffc124
ffffe015
ffffe089
ffffc0b2
ffffd5b6
ffffc720
ffffadd6
ffffabff
ffffb7a9
ffffc0f2
ffffd67f
ffffd96a
ffffd7af
ffffef7e
ffffab0d
ffffc910
ffffc214
ffffaad7
ffffa397
ffffd8be
ffffb44c
ffffde1e
ffffb13a
ffffa5fc
ffff9fb8
ffffc40e
ffffd5c7
ffffda2b
ffffd8ef
ffffb41f
ffffded6
ffff9a40
ffff65e7
ffffcaca
ffffd8a8
ffffa709
ffff9e32
ffffbc41
ffffe4d7
ffffb637
ffffc72e
ffffc58e
ffffc0e7
ffffba91
ffff82f8
ffffc100
ffffab4c
ffffca14
ffffbe35
ffffd94f
ffffd6f6
ffffbfd5
ffffd32f
ffffd536
ffffb72c
ffffbd92
ffffade8
ffffa9cb
ffffd3db
ffffccd9
ffffcd5a
ffffb938
ffffbfd6
ffffd220
ffffe556
ffffad3b
ffffeb9b
ffffd222
ffffc0e2
ffffbd29
ffffbef7
ffffa87e
ffffc00e
ffffcb0e
fffff62e
ffffd06b
ffffb92a
ffffc03e
ffffb9bc
ffffc037
ffffc865
ffffa10f
ffffa589
ffffc710
ffffbc80
ffffc121
ffffcb15
ffffeab5
ffffe981
fffff11e
ffffb3d8
ffffb90b
ffffcba5
ffffc274
ffffc46f
ffffcdc6
ffffa85e
ffffea10
ffffdb20
ffffb210
ffffe043
ffffc0ef
ffffb8e7
ffffb800
ffffc06a
ffffcf1b
ffffbbea
ffffc1fd
ffffc697
ffffdee8
ffffc38f
ffffd067
ffffb213
ffffe60f
ffffe8e7
ffffc973
ffffa5fa
ffffe1b1
ffffac65
ffffda86
ffffc516
ffffca33
ffffb047
ffffbb54
ffffbca5
ffffb67f
ffffcf7c
ffffd0fe
ffffb4f4
ffffdc39
ffffce78
ffffcd79
ffffb013
ffffbd26
ffffbedb
ffffcb90
ffffb3f1
ffffce3f
ffffd679
ffffcb0f
ffffb04f
ffffae25
ffffd943
ffffa7ff
ffffd8b3
ffffc2c9
fffff539
ffffa5d1
ffffe512
ffffdc56
ffffad0f
ffffb4b2
ffffcbd2
ffffbee3
ffffc872
ffffe5f8
ffffce70
ffffaeaa
ffffb30b
ffff9d26
ffffd1b9
fffff817
ffffbcd3
ffffb7ce
ffff9a12
ffffb6e4
ffffc7e0
ffffc3fe
ffffd91c
ffffbc20
ffffb781
ffffb639
ffffcddd
ffffa3e9
ffffbbd3
ffffc6d1
ffffc339
ffffc4ca
ffffb60d
ffffaabd
ffffbf03
ffffc97f
ffffc013
ffffd93e
ffffc0a9
ffff8e29
ffffaef6
ffffbe14
ffffb57f
fffff285
ffffc0a7
ffffc039
ffffc47b
ffffb85e
ffffbc86
ffffde26
ffffa86c
ffffb7d8
ffffa245
ffffc463
ffffbe7f
ffffafd8
ffffdbd2
ffffc757
ffffd6a8
ffffbb93
ffffc674
ffffd869
ffff9e08
ffffa233
ffffb9da
ffffac2c
ffffbf0e
ffffa808
ffffb5fc
ffffe9fc
ffffa851
ffffd884
ffffcfb1
fffffb57
ffffb5d4
ffffd7e1
ffffcc78
ffffbd15
ffffb9a3
ffffb196
ffffad37
ffffda4f
ffffd92b
ffffc216
ffffafd9
ffffd755
fffff771
ffffc0a9
ffffb2b6
ffffd2ee
ffffedf4
ffffcdf2
ffffac59
ffffc48c
ffffd163
ffffd469
ffffbb98
ffffc8c8
ffffcfef
ffffb546
ffffe33c
ffffe342
ffffc7ea
ffffb198
ffffbc78
ffffb103
ffffa175
ffffbc5d
ffffc0a2
ffffd1a7
ffffc142
ffffac32
ffffbbba
ffffe3ca
ffffc71d
ffffcd9c
ffffe34f
ffffd138
ffffc483
ffffe291
ffffea9b
ffffe927
ffffb7e2
ffffa976
ffffc848
ffffbd9f
ffffc1b9
ffffefa1
ffffe53b
ffffb7fe
ffffd809
ffffe840
ffffd207
ffffcb4f
ffffacb6
ffffd4fd
ffffb925
ffffc91e
ffffe4a3
ffffbf98
ffffb23d
ffffd034
ffffeea3
ffffe0da
ffffbaee
ffffb366
ffff8f6c
ffffa489
ffffc94e
ffffcd94
ffffc0dc
ffffe9cf
ffffa7b6
ffffd47a
ffffaebb
ffffb3ac
ffffbc4e
ffffbfc4
ffffc1cd
ffffc2db
ffffb382
ffffafd0
ffffba8f
ffffb984
ffffd7f1
ffffc3c8
ffffc8af
ffffadb0
ffffd5ef
ffffab2f
ffffc77a
ffff81c5
ffffac97
ffffde85
ffffdc90
ffffe0c9
ffffde00
ffffe0f0
ffff9a3e
ffffc8ef
ffffac3c
fffffa3e
ffffb511
ffffb8d7
ffffb829
ffffadf2
ffffb57f
ffffba31
ffffbda6
ffffba14
ffffd870
ffffb2c3
ffffb71e
ffffb1cf
ffffb9aa
ffff9e5f
ffffe7e0
ffffc47f
ffffc13f
ffffa133
ffffaf43
ffffbbc7
ffffe4b5
ffffb7bb
ffffafb3
ffffe366
ffff9b22
ffffb0ab
ffffc7bc
ffffce01
ffffce88
ffffda48
ffffaf9e
ffffb152
ffffd81c
ffffae38
ffffaf5d
ffffadc6
ffffc644
ffffac71
ffffc8bf
ffffb992
ffffce68
ffffb76f
ffffcb42
ffffb9cd
ffffc95b
ffff9ad8
ffffb09b
ffffe3db
ffffb661
ffffb8fd
ffffbb41
ffffc1da
ffffac11
ffff9eca
ffffbc3d
ffffbabc
ffffc08e
ffffef7b
ffffc2be
ffff9cb2
ffffb24e
ffffb5a7
ffffd153
ffffb08a
ffffa1dc
ffffbfc9
ffffd455
ffffce99
ffffb49a
ffffa2af
ffffbb67
ffff9a4c
ffffbd53
ffffb558
ffffcfd1
ffffaec4
ffffdcab
ffffb29d
ffffc035
ffffc12a
ffffa12e
ffffbbb5
ffffe5bb
ffffc0b1
ffffb518
ffff9e7f
ffffe005
fffff70d
ffffd725
ffff8da8
ffffa983
ffffaf7b
ffffdb9b
ffffc495
ffffaf60
ffffcd55
ffffc476
ffffb6c0
ffffad89
ffffcf59
ffffd26c
ffffa44c
ffff9482
ffffb8ed
ffffbb8f
ffffb029
ffffafae
fffff23d
ffffb9c2
ffffbe36
ffffbabc
ffff8759
ffffb5fd
ffffc3a6
ffffd7bf
ffffce2c
ffffc37d
ffffe3cb
ffffa6b0
ffffaafe
ffffbd7d
ffffbeb5
ffffa472
ffffcffc
ffffbc9b
ffffd468
ffffa608
ffffccc9
ffffbe23
ffffd6d9
ffffb622
ffffb22f
ffffa1d2
ffffbfe7
ffffcb91
ffffc094
ffffe73a
ffffaac3
ffffb1fc
ffffb534
ffff9523
ffffa8ab
ffff9216
ffffc620
ffffabca
ffffa167
ffffd6c7
ffffb913
ffffa6a9
ffffb72c
ffffbb8f
fffff6af
ffffb508
ffffbd5e
ffffd35a
ffffcd9c
ffffe8c3
ffffae8e
ffffdc59
ffffb2e2
ffff9cb8
ffffcea6
ffffd714
ffffb2e2
fffff376
ffffba33
ffffda47
ffffc5d4
ffffa528
ffffbae6
ffffe78f
ffffda9f
ffff916f
ffffd26a
ffffcdfc
ffffcaf2
ffffd5c3
ffffe353
ffffe203
ffffc568
ffffb700
ffffde10
ffffc6be
ffffcddf
fffff29a
ffffc20e
ffffb776
ffffa96d
ffffd87d
ffffcc67
ffffbc24
ffffc1c3
ffffa3d8
ffffca2a
ffffc437
ffff82d7
ffffaf51
ffffb5d1
ffffc8a7
ffffb4b7
ffffa765
ffffcb67
ffffb2dd
ffffc0ee
ffffe17b
ffff9a6e
ffffae62
ffffafa2
ffffbadc
ffffbe44
ffffa99a
ffffc25b
ffffb48a
ffffc55c
ffffb575
ffff9443
ffffdc14
ffffd520
ffffb522
ffffccf2
ffffdf41
ffffd341
ffffcb93
ffffae2b
ffffb338
ffffd3c7
ffffda26
ffffa9eb
ffffbb0f
ffffd407
ffffbbbc
ffffc9c5
ffffcbba
ffffc6b9
ffffa273
ffffc5d3
ffffc2e7
ffffa9f8
ffffb677
ffffa8b7
ffffbdc9
ffffd36f
ffffa7e5
ffffcdd7
ffffc355
ffffb364
ffffcce4
ffffa487
ffffcaa3
ffffa63b
ffffb5fe
ffffe387
ffffba3d
ffffcc36
ffffb45b
ffffcd3c
ffffdfc2
ffffc853
ffffc14f
ffffac2f
ffffd020
ffffaf35
ffffc702
ffffb0d1
ffff9127
ffff9fd4
ffffb7b1
ffffd72f
ffffbc62
ffffc2af
ffffb0d6
ffffa689
ffffc538
ffffcdce
ffffaecd
ffffc2f6
ffffb8e8
ffffaf9f
ffffb632
ffffa621
ffffba09
ffffb604
ffffaf53
ffffc69a
ffffd48f
ffff99cd
ffffab3f
ffffa8d6
ffffba2d
ffffbd5d
ffffb2d1
ffffad1f
ffffc5bf
ffffae56
ffffaa64
ffffbcb2
ffffce73
ffffd2cb
ffffb7b7
ffffab24
ffffc1e9
ffffb915
ffffb3c1
ffffd544
ffffdcad
ffffda77
ffffed86
ffffc795
ffffbea1
ffffc0b8
ffffae36
ffffa83c
ffffb85f
ffff9eb8
ffffc5ed
ffffb466
ffffdd7f
ffff9c01
ffffcbab
ffffa8bf
ffffbb12
ffffaf36
ffffaabb
fffffe43
ffffd0e2
ffffbb60
ffffb59d
ffff97e6
ffffb463
ffffb1c2
ffffb691
ffffd9c8
ffffa0c6
ffffb0f2
ffffc11c
ffff9cbd
ffffce3f
ffffba58
ffffb20d
ffffd352
ffffbe5f
ffffb4eb
ffffc861
ffffbe2f
ffffb406
ffff998f
ffffb5a5
ffffb7c9
ffffa32a
ffffbd90
ffff97af
ffffd76b
ffffa4d2
ffffa00d
ffffd844
ffff9830
ffff9760
ffffaecb
ffffc123
ffffb490
ffffb16a
ffffcaa5
ffffcc52
ffff9f16
ffffd6bd
ffffd6e2
ffff8e00
ffffca62
ffffbac7
ffffd11b
ffffad39
ffffab25
ffffb43a
ffffa0ce
ffffb883
ffffb5af
ffffcb5e
ffffd1f4
ffffbbc5
ffffa847
ffffa8df
ffffb4f6
ffffb247
ffffb10b
ffffa937
ffffc534
ffffdccf
ffffc240
ffffb7a8
ffffcae4
ffffd1b5
ffffaada
ffffb9c4
ffffc460
ffff9aa9
ffffca72
ffffa7b8
ffffbafb
ffffb61d
ffffa748
ffffab93
ffffd757
ffffdf0c
ffffca93
ffffba96
ffffddb3
ffffca04
ffffd5c5
ffffde98
ffff9437
ffffbc31
ffffb8db
ffffc2d5
ffffbc85
ffffc0ba
ffffbc67
ffffc558
ffffb0b5
ffffb138
ffffd39b
ffffab76
ffffb2ae
ffffc890
ffffcaa1
ffff9ee3
ffffa1e9
ffffcad9
ffffca13
ffffa2b7
ffffe49a
ffffb473
ffffb993
ffffb505
ffff9d09
ffffb9d4
ffffc8ad
ffffaad4
ffffb755
ffff95ad
ffffcc01
ffffe02e
ffffc869
ffffc302
ffffdba0
ffffbc8f
ffffccda
ffffc90b
ffffa8af
ffffcf07
ffffcdf9
ffffd474
ffffa3df
ffffb70e
ffffc365
ffffbef8
ffffb06d
ffffba9b
ffffce94
ffffae12
fffff2b8
ffffb9d7
ffffae7b
ffffd51f
ffffd059
ffffde85
ffffc6f8
ffffa87c
ffffa2e1
ffffaf73
ffffb448
ffffb4b2
ffffbeec
ffff9b5c
ffffb73a
ffffb592
ffffafd6
ffffab26
ffffd62f
ffffcfda
ffffb7a1
ffffc77c
ffffe441
ffff96cf
ffffb821
ffffa9e7
ffffcf22
ffffb602
ffffb698
ffffcbcb
ffffccf9
ffffca72
ffffc4fe
ffffa5f0
ffffb1d8
ffffc9b1
ffffb500
ffff9a47
ffffd627
ffffc450
ffffc51a
ffffa38a
ffffcb41
ffffc2f5
ffffb657
ffffce39
ffffc887
ffffb4a0
ffffbb0b
ffffb28b
ffffad41
ffffc7ae
ffffda79
ffffab11
ffffcda5
ffffac47
ffffeaef
ffffa3ba
ffffcce8
ffffb6ff
ffffc372
ffffc2e2
ffffa970
ffff9a30
ffffcf1a
ffffc8de
ffffb786
ffffc468
ffffbcab
ffffc335
ffff9617
ffffcd79
ffffcb6e
ffff897b
ffffacdc
ffffd646
ffffbc30
ffffab7a
ffffbcfa
ffffc197
ffffa835
ffff9a91
ffffa771
ffffcc35
ffffbc7e
ffffc3f6
ffffcae6
ffffc82b
ffffda42
ffffb473
ffffc0c9
ffffd512
ffffb552
ffffb372
ffffbe1d
ffffad42
ffffa535
ffffcae5
ffffc57b
ffffc21f
ffffd65a
000007d2
ffffd2df
ffff918f
ffffb7d8
ffffd41f
ffffc22e
ffffcaf8
ffffca2f
ffffe65c
ffffb4e6
ffffde55
ffff8a42
ffffb114
ffffe7a1
ffffbe55
ffffaf72
ffffa259
ffffbcc1
ffffbfb0
ffffcc0e
ffffdf61
ffffcdf5
ffffcb12
ffffd39e
ffffba62
ffffbb08
ffffb933
ffffd447
ffffa9ae
ffffaa98
ffffc4b8
ffffcdea
ffff9917
ffffb277
ffffd238
ffffad13
ffff94af
ffffcc8c
ffffc404
ffffc5a1
ffffb7a1
ffffcadb
ffffbd4a
ffffa111
ffffadca
ffffcb15
ffffb07d
ffffbc05
ffffbd73
ffffec10
ffffc23f
ffffc1b0
ffffc762
ffffd7dc
ffffb708
ffffcd94
ffff921a
ffffabc5
ffffbd9e
ffff9db1
ffff9c76
ffffad82
ffffbf3a
ffffc91a
ffffdb99
ffffa60e
ffffceec
ffffd2fd
ffffc4d0
00000e1e
fffffe30
ffffedcb
0000015f
0000101e
fffffc74
fffff353
ffffff78
00001910
000010bb
00000bad
fffff019
ffffffc1
00000187
fffff157
fffffe49
000007cd
000001e4
fffff2e2
fffff8cd
00000466
00000ca5
000003a6
00000d50
fffff50d
00002274
fffff89e
00000999
000005ef
00000335
fffff45f
fffffc00
00000256
00000d0b
fffffc79
fffff142
0000069d
000004d7
ffffead4
00000289
fffffa8f
fffff64b
0000080d
00001602
fffff372
fffff97c
00000589
fffffeef
00000b15
00001fa9
fffffde6
ffffe456
fffff7ae
fffff815
ffffef65
ffffff33
00000742
fffffe9a
00000608
000009d0
0000121d
0000052e
ffffffe8
00000548
000009fe
ffffea4d
0000008b
000001b0
0000059f
00001ae6
fffff34d
ffffef1f
0000099a
00000683
00000fa7
00000c2f
ffffff96
0000068a
000005f4
000002b9
ffffff1a
0000057c
000003ad
000001f8
fffffc3c
000005d6
00000191
ffffdfce
00000148
fffffd89
fffff7be
0000052a
0000249e
fffffe5e
fffffec4
000001ea
00000189
0000030f
fffffc0b
000009b2
0000239a
00001653
00000c2c
fffffa4c
ffffe175
fffff081
00000380
ffffe616
fffffeb8
fffff2cc
0000239d
fffffd3d
0000089a
00000583
ffffefcc
fffffcd9
ffffea78
fffff8c2
00000614
00000f4a
fffff35d
fffffda2
fffffea1
fffffe21
fffff175
fffff5c1
ffffeee0
00000336
00000196
fffff355
fffffa54
0000162c
fffffdcc
00000672
ffffef01
fffff10c
000012e8
000009b1
ffffff75
00000c66
ffffe426
000001cf
fffff4eb
fffff756
fffffca8
00000117
000003f1
fffffce8
00000261
0000041d
fffff46c
fffff841
00000195
fffff7a3
00000a16
fffffc7f
00000451
fffffbb6
000010e4
00000b13
fffff74f
fffffc32
000009c0
00001552
00000184
fffff885
ffffeec3
fffff481
fffffd4f
00000e63
00000596
00000513
000007b8
00000076
fffff872
00000075
0000011c
fffffc31
ffffffa6
000002b0
fffffd91
00000323
fffffddf
00000027
fffffe14
0000039d
000005cc
000001c8
fffffefe
fffffdf4
0000039a
00000c00
fffff7d1
00000b2c
fffff969
fffffdc1
000004a2
000006b1
00000bc6
fffffea4
0000068b
fffff88a
0000080d
000009f3
00000283
ffffde83
00000807
00000993
fffff977
fffffe7f
00000942
fffff3ae
0000033f
ffffff36
fffffd9c
fffffa61
fffffd20
fffffa66
0000137e
00000225
fffffe02
000007df
fffffec5
fffffb1d
0000038f
00000a3f
00000bb8
fffffceb
00000708
00000015
fffff56b
ffffedb4
000011fb
fffffa2b
fffff7a4
000008d0
0000096e
fffffe53
000016d4
fffff062
00000440
0000036e
00000894
fffffcc7
fffff5d6
fffffaab
000002f6
0000086a
fffffc69
fffffef2
000001ef
fffff657
fffffd5f
fffff8cc
00000f86
00000119
000007e8
00000e6d
fffffe27
00000215
fffff51b
fffff8b4
fffff3cb
fffff29e
fffff199
0000072f
fffffa5e
000008cc
fffffcaa
000001ff
fffff81f
00000479
fffffcbb
fffff7d2
0000042f
00000280
fffff1d5
000002df
fffffdfa
ffffe7c3
000005ec
00000430
fffffe21
fffffd63
0000061e
000001dd
fffffad3
fffffb6c
fffff990
fffffdb9
fffffedc
00000636
fffff8eb
fffff28a
000008e3
000002eb
00000906
fffffdc4
00000563
00000d21
fffffc98
fffff2ff
fffff4a6
fffff90e
fffff762
00000d16
fffff539
000005b3
ffffff98
00000268
00000972
ffffff80
00000389
fffff458
000008e6
fffffa42
fffffe36
000011ec
fffffa30
ffffff8a
00001227
fffff97a
ffffedf9
ffffeaa6
0000060f
fffffd8d
00000819
fffff8e2
00000cf8
fffff703
fffffefa
fffff356
00000a43
0000001a
0000046f
fffffe0e
fffff492
00000cd9
fffff99e
0000044f
00000529
ffffff03
fffff81a
fffff53f
00000000
0000012c
fffffe18
00001127
ffffecca
00000b22
0000058a
0000000f
fffff5be
ffffff4f
000007a6
00000d0d
ffffffe1
fffffeb9
fffff30f
fffffd1e
fffff4b0
fffffb56
fffffa95
00000805
fffffff5
0000070a
00000c66
fffff77f
fffffe2e
0000005d
fffff9fd
000009c9
00000b86
ffffee36
fffffa0a
00000330
00000402
fffff7dc
00000b00
fffffadb
00000187
00001cfc
00000a98
000001cd
fffff7f7
00000a24
fffff872
00000526
fffffce3
0000027d
fffffcd4
00000657
ffffe98e
0000070a
fffff0a8
fffffba6
fffffd0e
fffffda2
fffffcca
fffffea7
ffffff47
000005ec
000001a5
00000372
fffff495
ffffefca
00000051
fffffdae
fffffb27
000002f9
00000b2e
000005af
000006f4
ffffffc1
00000761
0000188e
00000700
00000e86
00000206
00000225
ffffff95
0000038d
0000038d
fffffcf5
fffffcc8
000022de
000002a5
000005e7
00000889
0000051c
000009c0
fffffafe
fffffc6e
ffffe9ff
fffff51f
fffff80c
000003cf
ffffef49
fffffaa5
00002be1
000004b9
fffffc3c
000007da
fffffb1c
fffffafa
fffff1b4
fffff9e6
fffff448
fffff767
00000962
ffffffa4
fffffc71
00000507
00000d76
00000234
00000299
00000abf
fffff884
0000005a
00000155
000018a8
0000065b
fffff0d2
fffffe2f
fffffc08
000003d5
0000024b
ffffff3d
00000957
ffffee76
ffffff44
fffff930
0000096d
fffffdf4
ffffeec5
fffffb9a
fffffdb1
ffffe253
0000040f
fffff14c
ffffffba
fffff717
000005dd
fffff8fd
0000029b
fffffd45
00000e1e
fffff6f0
fffff757
00000551
fffffc99
000020e8
00000719
000008e5
ffffff56
00000d1d
fffff8d3
fffffbd0
fffffceb
0000061a
00000633
fffff9e9
000000f3
fffff6a5
fffff9d9
0000043a
00000c65
0000122b
fffffb42
00000367
fffffced
fffffc4b
000000b7
00000689
0000037f
fffff794
0000009e
00000685
0000004f
0000049a
fffffb1c
fffff5b8
000003e1
fffffd94
fffffdb2
fffff8f6
00000527
ffffff67
00000099
00000486
fffff2d6
fffffe28
00000226
000004b2
00000875
fffff8fa
fffff5a3
0000085c
fffffc62
fffffc18
fffffa37
fffff619
fffffb56
00000a74
fffff6fe
000003b5
00002767
fffffd11
00000232
00000b8e
fffff9cb
00000887
00000371
fffff8da
0000036e
fffffa4f
fffff143
00000784
0000036a
00000a65
00000598
000001bc
00000dda
fffff0dc
000002e9
00000211
ffffff7c
ffffff5f
fffff213
fffff92c
fffff90b
00000787
fffffd36
fffffb89
fffff782
0000004f
00000470
fffff258
000001ad
00000161
fffffb82
0000094f
0000094b
000000a7
fffffecf
fffffb87
000003b6
fffffedf
fffff9f2
0000064f
0000022f
00000062
fffffd05
0000041b
ffffff6d
00000380
fffffef6
000006ca
00000124
fffffae1
fffffe18
fffff8b6
fffffe99
00000756
fffff616
fffffaa8
fffffaf3
fffffe36
fffff6ad
0000011d
000001e6
0000019f
fffffee7
fffffe8d
fffffe52
ffffed25
00000320
fffffc39
fffff7bc
fffffd70
000008d1
fffff574
000007aa
fffff9b4
fffffe20
fffffce5
00000183
fffff95a
fffffdba
000002b5
fffff9b1
fffff78b
fffffdbb
fffffab7
00000476
0000079a
fffffa85
0000093c
0000049c
fffffe70
ffffff19
ffffeea3
000005a8
0000011e
ffffcde4
fffffd77
fffffd54
ffffe855
00000036
fffff956
fffffa1c
00000a6d
0000072a
00000592
ffffffc8
fffff271
000003c5
0000048e
00001565
fffffcc0
fffffe3e
fffff777
fffff6ba
fffffd04
fffffbc2
000001fa
ffffff5e
000002af
00000549
fffffab3
ffffface
fffffa56
00000b43
00000b48
fffffd0c
fffffc1c
00000028
0000004f
00000ad8
00000420
fffffa9b
0000061f
00000721
000003a6
ffffeecd
0000023a
fffff83a
fffffd1a
00000b51
000010b7
ffffea82
000000dd
fffffcb1
00000abd
0000073f
fffff509
fffff52e
fffffa4b
0000025d
000019e1
0000033c
fffff78a
0000068c
fffffc09
000007a6
00000344
0000045c
00000936
000002be
00000203
00000add
00000b1f
ffffff9d
0000069b
000007c0
fffff486
fffff6d3
000001ba
000009da
fffff3c9
0000016a
ffffff6c
fffffabb
fffff7e4
fffffd6e
fffffcad
fffffff4
000003c4
00000098
000000bf
00000086
000004d2
fffffa65
fffff8b7
ffffffe2
fffff9b4
ffffea7c
fffff96e
000005f9
00000172
000019cd
fffffe1d
ffffe80d
000001f9
fffffa3d
0000010e
000008e1
fffff8d6
000001b1
00000c1c
fffffd52
00000e9a
fffffa02
fffff6b1
fffffb72
000008ba
00000b10
000011f8
fffff9c0
00000668
fffff9df
0000025f
fffffd5f
00000992
0000065e
fffffa12
fffffdbb
fffffc3e
000006ef
0000003f
fffffe6a
00000106
fffffd8f
000003c5
00000608
ffffffa3
00000328
00000302
fffff229
00000974
000000ba
fffffc46
00001316
0000004e
00000733
00000717
fffff239
fffff9b3
0000073e
fffff66a
fffffb87
0000052b
000002ef
fffffc85
fffffa98
000004d1
fffffa7b
00000a23
fffff8e2
00000cd6
00000630
00000307
00000655
fffff68d
fffffeee
fffff072
fffffd83
00000381
fffff9c7
000002bd
00000f43
00000331
fffffa5f
00000b60
000007bd
ffffee10
00000135
ffffff92
fffffdc1
fffff762
00000212
000000de
fffffd1d
0000000a
00001107
00000762
fffffa45
000004dd
fffff8c3
fffffaa1
fffffb21
fffffb11
00000ae8
00000891
00000321
00000be3
000009a0
00000a4e
00001e90
000000c9
fffffb49
00000921
fffff43d
fffffa10
00000164
fffffe9d
ffffffc3
ffffff35
fffffee0
ffffff44
fffff625
fffffa5f
ffffe92b
00001ac5
000001ec
fffff974
fffff6c1
0000062b
000000bd
fffff588
ffffff5b
00000b54
fffffe07
00000111
fffff14b
fffffc70
0000035e
000008be
00000a2d
fffffcaf
000001de
fffff6cc
fffffe18
00000628
000000b3
fffffc75
000000bd
00000dff
00000563
fffffe31
fffff908
ffffffef
fffff6c7
000009a4
00000874
fffffe8f
000008d0
fffffe91
000003d0
fffff2d7
fffffdf0
00000329
00000bdb
fffff83f
fffff57c
000004e1
0000097e
000001c5
00000d42
fffffedc
fffff1ea
000003bb
000005c9
fffffea5
0000000c
fffffd21
0000036c
fffff5b6
00000965
000005f7
00000910
000001db
fffffce8
000000fa
0000009f
00000280
000004c1
00000e80
fffff877
fffffc27
00000b60
fffff7ea
fffffd92
ffffff88
000003f8
00000b6a
fffffc21
00000488
000000e2
ffffffe9
fffffebc
ffffe94e
000006d4
fffff864
00000e45
fffff82f
fffffb2e
fffffdf0
fffffc3d
fffff406
fffffed9
00000c97
00000723
000000fc
fffffab2
00000074
fffffe21
fffffa15
fffffe44
000004a4
fffffae1
000024b6
fffff9f1
ffffffa7
00000b69
fffffdab
fffffabe
00000956
0000061d
0000048a
00000132
00000517
000007fb
00000186
0000068a
00000120
000002c6
00000ed5
fffff9c3
ffffc449
000008cb
000009d4
fffff9b7
fffffd89
fffffb73
00000678
fffff552
00000ad4
fffffb21
ffffea60
fffff8d4
000011ef
ffffdf27
00000225
00001705
fffffbe9
000002c0
00000785
00000319
fffffcb9
fffffd3d
00000530
00000813
00001303
fffffc59
fffffa55
00000f5d
fffff9ae
fffff8a4
00000149
fffff65a
fffff7cd
000002a5
0000072b
ffffff11
00000b0e
fffffbd5
fffffd6f
0000021b
ffffff30
fffffba1
ffffff32
fffff9a2
00000de9
00000066
00000797
0000051d
fffff8f6
0000029e
fffffd1e
00000856
fffff868
fffffbbc
fffff86e
fffff832
fffffbd9
fffff408
fffffe66
00000378
00000c26
0000032c
ffffff2a
fffffec9
00000082
00000424
fffff4c7
fffff8d5
ffffd451
000003d3
ffffff12
000003c4
000007d4
00000386
fffffcd6
fffff54f
fffff5a0
ffffffcf
fffff7b1
fffff676
000011b9
000003ac
000004c7
000002f2
fffff50d
ffffff2b
00001642
fffff4de
00000e5f
ffffffae
00000e08
fffffa24
000000eb
fffff3ae
000005a0
ffffefb4
fffffda0
fffffe0f
fffff90a
000003ac
ffffffee
ffffffb8
00000405
0000015a
ffffeef8
00000210
000007e9
fffffe23
fffffc51
000003c1
fffffac7
0000016b
00000d4d
00000848
ffffff4c
fffffd5f
fffff616
fffff98a
00000783
fffff535
fffffe03
00000362
00000238
000007eb
0000066d
000011af
0000017a
fffffba8
fffff4fe
ffffffb6
00001273
ffffff48
fffff95c
000003b7
ffffffdb
fffff8bd
ffffff76
00001045
00000a81
00001c42
000002aa
fffff65b
00000456
0000020e
00000348
fffff7fb
ffffff6e
fffff6c8
0000071f
fffffefd
ffffedf9
00000191
fffff730
fffffd4a
00000021
fffffe3c
000000ad
00000cbc
00000475
00000338
000005f8
fffff1a1
fffff961
fffff9fa
00000452
00000326
00000940
fffffa8d
000004bd
000000ff
00000fcd
fffffbff
fffff832
0000056a
fffffb99
00000aa3
000004ed
00000b9c
00000008
ffffff87
fffffaf8
fffffaef
fffffd60
00000506
fffffb3c
00000afc
fffff45e
fffffe61
fffff7f6
00000af5
00001327
000006b2
fffffa64
fffffa70
0000027c
fffffab7
fffffbed
fffff6e5
fffffa58
fffffd6b
000006a5
000002ca
fffff7fc
fffffee0
000004fe
fffff5c7
00000d03
ffffed8e
00000557
fffffe15
fffffb44
fffffee7
0000126f
ffffffb5
00000d9a
fffff91d
fffff118
fffffbd3
fffffd5d
0000002d
0000035f
fffffd85
fffff77d
ffffe4d4
fffff83f
fffff775
fffffdd7
fffffc17
000002df
00000673
00000127
00000160
000006b5
fffffa43
0000086d
fffffe52
fffffe24
fffffb42
ffffe661
fffffc33
ffffff90
00001afc
ffffff46
000013ec
fffffed4
0000092b
00000581
00000658
0000043a
fffffdbc
000006f9
00000778
00000594
00000608
00000621
fffff44b
fffffa05
fffffc74
000000e0
fffffbc6
fffffcfe
000006e0
00000254
fffffe6b
fffffddb
000004a5
00000063
00001450
fffff6fa
fffff7a5
ffffff86
fffffc2a
00000abb
fffffe25
ffffffea
fffff28c
000028d8
fffff88f
fffffc32
000003a6
00000575
ffffe84b
0000010e
000009c5
fffffc0b
fffffcdf
fffffeeb
fffff62b
fffffa78
fffffc06
00000575
0000023d
fffff5e7
ffffd2f8
000009ec
00000047
fffffe65
000000f9
000002c9
00000668
fffff959
fffffdf3
00000452
fffffe4f
ffffef9c
00000202
000004ae
00000c04
fffff8ae
ffffffa0
fffffe8f
fffff502
00000c98
00000502
fffffd96
fffffed0
fffff97e
fffffc5d
00000460
00000314
fffffb8f
fffff4a9
fffffff0
fffffc58
00000e14
fffffaa1
fffffdd2
fffff9d1
fffffa43
00001117
0000020c
fffffa0e
0000019b
0000082b
fffffd04
00000238
fffff9a6
0000032b
fffffa57
fffffc58
0000037f
00000844
000018b6
fffff9c8
00000757
00001769
fffffb4c
000005e6
fffffda9
fffffbc0
fffffc3e
00000246
00001b2a
fffff75c
00000452
000002cd
000003c4
00000371
fffffcd8
fffffa08
fffffda8
fffff794
000004c4
fffffaa6
fffffcd7
000003f9
fffffa29
000005c1
fffffc02
000004ad
00000175
fffff6ae
fffffc5a
00000bb7
fffff7dd
00000098
ffffff39
fffff814
fffff466
ffffffac
fffffb22
0000020a
00000d87
00000a83
0000015f
00000135
00000364
00000821
00000140
00000ed2
fffffdcc
00000994
000001f8
000000ba
fffff735
00000213
000001c0
000007f3
fffffec0
fffffe31
000002c9
fffffec8
fffff275
00000106
000002c6
fffffd57
0000006e
0000051b
000000dc
fffff9d2
0000066f
00000268
ffffefbf
fffffba0
00000654
000008c7
fffffcea
000002c0
fffff514
000007a7
fffffb17
fffffe8e
000006e7
fffffb68
ffffef3a
fffff67a
000000b4
fffff7a8
00000208
000006fa
ffffff07
000011f0
00000ebf
00000582
00000bce
fffffb64
00000bc2
0000037c
fffff874
ffffffb4
0000066b
000002e2
ffffffaa
00000507
0000059e
00000932
fffff720
fffffb66
fffffd21
fffff4d2
00000223
fffffd9d
00000acf
00000732
fffff16e
00000500
00000682
00000636
00000294
000000c9
fffffeab
00000296
0000021c
00000185
000004a8
ffffff3f
fffff9f0
00000756
fffff6cf
00000a0b
0000075d
000009d2
00000acf
00000906
ffffffcc
fffffe16
fffffdca
00000219
fffffae8
000004b1
0000021b
00000294
fffffe05
fffff8da
fffffc07
00000d55
00000695
fffff5e0
fffffa7f
00000182
ffffff56
fffff377
00001144
00000ad9
ffffff1c
00003b97
fffff59b
00000260
fffffff7
000008bc
0000061d
00000510
fffffa06
ffffff24
fffffc62
00000027
fffff501
000002bf
fffff6c2
0000053e
fffffaa1
00000306
000003c5
fffff9fe
00000352
00000677
000005fe
fffffea0
00000171
ffffe986
fffffa98
ffffff46
fffffa78
fffff5ca
00000351
fffff9cd
000000ae
000002b3
00000258
000019a4
fffff984
0000097f
fffffc25
fffffe69
00000a48
fffffda4
fffffc78
00000571
0000007e
0000047f
fffffb62
fffff9c9
00000baf
0000000c
00000387
fffff961
000007aa
fffffcc0
fffffde1
fffff5a8
ffffffa4
00000124
fffff787
fffff6c4
fffff652
00000984
000015e1
00000476
ffffffa5
fffffb63
000000dd
fffffc68
fffffb19
fffffd56
00000a4a
fffffb37
fffff7a8
000001fc
00000535
00000685
fffffce8
00000534
00000a63
fffff894
0000079b
000002c0
fffff9eb
00000746
fffffabf
fffffcbf
fffffcf2
fffffd38
00000085
fffffd38
fffffb8b
000002e3
fffff99e
fffff44e
0000052c
fffff9a7
fffffd72
00000391
fffff7e9
ffffff08
ffffffe1
fffffd7d
00000e70
ffffdcc2
000000bd
fffff683
0000074e
fffffac1
00000335
ffffff02
0000082c
ffffffd0
fffff2ec
fffff565
00000d5b
fffff057
ffffff13
ffffff50
fffffb65
fffffce6
0000152a
000009be
fffffc43
fffffacb
ffffefe5
fffffd5c
fffff618
0000010d
fffff8d2
000014be
00000442
000004e1
000005d6
0000082c
fffff928
000001d6
fffffa02
fffffb7b
00000acc
fffffb89
0000018b
fffff4ff
fffff381
00000073
fffffa5e
fffff489
0000087b
000001e2
00000c27
000004fd
fffff9e8
00000519
fffffcc9
000000dd
fffff7a9
00000715
ffffc2e8
000000fa
0000160c
00000543
000007f4
00000966
00000a6b
00000421
00000a24
ffffff46
fffff9f8
00000016
00000289
fffff84d
fffff994
00000da8
ffffe33c
00000058
00001153
ffffeca1
00000749
ffffffaf
000004cd
00000310
fffffe0a
000009b9
00000373
fffffd1e
fffff5d6
00000020
fffffdcb
fffff53b
00000682
fffffb38
fffff6bc
00000068
ffffffef
00000155
00000d0b
00000050
fffff447
fffff81c
00000aaf
00001199
fffffa98
0000049e
00000af1
fffffd50
fffffba3
00000aea
fffffa3c
fffff368
fffff768
000008c6
fffffb81
00000717
00000c17
fffffe60
000004d9
00000f07
000001d9
fffffca2
0000050f
ffffeebe
0000085a
000006e5
ffffefe1
fffff704
00000b8d
ffffffdf
00000643
000001af
00000ba8
fffff124
00000329
fffff3a7
000007e0
00000800
00000310
fffff401
0000076a
00000376
fffff955
00000a5a
fffffacc
0000055c
0000020e
fffff924
fffffb9d
0000010c
0000028e
ffffffe3
00000828
fffffc58
fffffe7e
fffffe97
00000581
00000371
00000985
000001d0
fffffb53
fffffd51
000007be
fffff5dc
0000133e
00000530
00000319
000001b6
fffffe05
000002d0
00000202
fffffce4
fffff8d0
00000872
00000927
fffff758
0000123a
fffffd5b
fffffe53
fffffc72
000006ea
ffffffb2
fffffd16
000008fd
000011a2
fffff7ba
00000660
fffffb86
000005b2
fffffe98
fffffffc
000006dd
fffffd76
fffffaa2
00000980
00000319
fffffcf9
ffffefc6
000005fb
00000720
0000104d
00000692
00000ee7
ffffff71
000009ac
ffffffbf
000003ae
00000cc9
fffffc81
000012cc
fffffb3f
0000024e
fffffbd9
fffffde8
ffffffc3
0000146e
00000096
fffffcc5
fffff86d
000005d8
000008eb
fffff516
000007b7
ffffffb9
fffff6e4
fffff6ac
00001639
00000880
00000607
000009a3
00000184
fffff98c
000006c3
00001529
00000351
00001191
0000140e
00000eb6
fffffd0b
0000018e
fffffb36
0000058b
fffffa85
fffff804
0000014d
ffffeee7
fffff8d8
fffffdf0
fffffac2
fffffa4d
fffffee0
0000033e
fffffbf5
fffff68f
0000013e
fffff89d
000003a6
00000152
000002af
fffffd65
0000090a
00000331
fffffa3a
fffffd4d
00000867
000011c3
00000013
00000491
fffff75e
0000041b
fffffc94
00000a4c
ffffffed
fffffe28
fffff0f0
000003c5
0000045a
fffffd2a
00000277
ffffff40
ffffffce
fffff81d
000006ba
fffffa07
ffffedcd
000004f9
fffffa82
00000188
00000291
fffffaf4
00001278
000009f0
fffff6ad
fffffe73
00000f51
ffffff49
fffff746
000003c2
fffff054
fffff7f5
000002e8
fffffaa9
fffffba8
0000050b
fffffef2
000003ea
fffffc88
0000009f
fffffa12
00000753
fffff837
fffff16c
0000035c
fffffa0a
fffffacf
fffff1a6
000001df
fffffe70
fffffea9
00000a71
00000e1f
fffffaea
fffffd4f
fffffb22
ffffff4d
fffffd2b
00000c5a
0000018d
fffff70b
fffffec3
fffffe43
000000d5
000001ff
00000618
fffffcaf
fffffb41
000001d8
00000cb2
00000912
00000542
fffffd94
000004fa
fffffaad
fffffb71
0000011d
fffff7bc
00000746
000004c1
000001e0
fffffb1d
00000008
fffff849
00000ad0
0000071c
00000a2a
0000010c
fffffb27
fffffee6
00000407
00000639
000003e7
fffffad2
00000ca4
000001ce
0000005b
fffff8bb
fffffefb
00000ef8
fffff992
fffffbbd
000005e6
000005b8
fffffe81
ffffff91
fffff4d5
0000025d
000009fc
fffff5c5
fffff5f7
00000910
fffffc3d
000012c5
00000e1a
fffff17b
000000a8
00000232
0000020f
fffffa10
00000bdd
00000174
fffff937
ffffff7c
fffffdbd
00000208
fffff852
fffffa98
fffffa02
00000157
00000141
fffff87c
ffffff07
fffffd37
00000224
00000128
fffffe0f
0000009c
00001132
ffffff1e
ffffff67
fffffd3d
0000081f
ffffffea
000004ff
00000332
ffffd883
fffffdf7
fffffb4e
fffffc84
00000221
fffff878
000000ff
000012c1
00000727
fffff9fb
00000e80
fffffea4
fffff4fb
00000287
000005c9
fffffba7
00000756
000000da
fffff704
00000973
fffffcc8
fffff744
fffffd73
00000477
00000291
000005ef
00000027
fffff877
fffff86a
fffffc98
fffff824
fffff9b1
fffff9da
fffff7f3
0000074c
fffffe28
000006b9
00000600
00000057
000009be
fffffca3
00000195
fffffbc1
fffff89b
fffffa87
fffff938
00000a7b
fffffb43
fffffa68
000000b8
ffffff6e
fffff239
fffffe22
fffff41f
000008e9
000009a4
ffffff53
00000043
00001451
0000000b
000006d4
00000398
fffff827
00000605
fffffb00
fffffd6a
fffffb99
ffffff99
000009ad
000007ac
fffff5b2
000000b2
ffffffca
fffffb51
000005d0
fffff546
fffff9bc
0000041d
fffff5c2
ffffffc5
000006f9
fffff344
000008ff
fffffbf1
fffffdc7
00000b42
ffffff9a
00000a6f
0000037b
0000109b
fffffc64
fffffc27
00000434
fffff6d3
fffff135
00000acb
0000098e
fffffdcb
fffff98e
fffff5b3
fffffcb0
00000535
00000bd0
00000267
0000012d
fffff8a4
fffff6f6
ffffff81
000003d5
00000026
00000208
000000a5
0000050e
fffffaa6
00000a28
fffffb47
fffff5f9
000013cb
00000e3d
00000173
fffffa04
00000348
00000579
fffffe4d
fffffdaf
fffffe31
00000540
00000273
00000125
0000011d
ffffff94
fffff439
0000020a
000007ba
fffff725
00000a14
0000026f
fffffede
0000097d
fffffcdb
00000347
fffffbfb
00000a86
ffffff16
0000007f
fffffda0
fffff35d
00000f16
ffffff43
fffffef2
00000af4
00000f48
fffffd60
0000049d
fffffd4e
0000057a
fffff73c
fffffda5
fffffff8
fffffcdc
00000609
00000692
fffff635
0000090c
fffffd8b
ffffffc0
0000006b
fffffb3d
00000557
00000519
00000c3e
000004c5
fffffb8c
fffffbf3
fffff352
ffffff52
fffffc3a
0000087c
fffff5b6
fffff8a5
00001fb4
00000973
00000349
ffffff5e
ffffec45
fffff807
ffffeb6a
ffffee9d
00000220
fffffae4
00000397
fffffc06
fffffb94
fffffd64
000003b1
fffff7f9
fffffb16
fffffa87
fffffcd6
00000a0e
fffff0fa
00000107
0000032c
fffffbfe
ffffff27
00000112
fffffb33
00000994
ffffff2b
00000986
00000523
fffff7bc
00000987
fffff8d7
000002e7
00000302
fffffb49
00001061
000001fd
fffffa1d
ffffff62
fffff5fa
fffff83f
fffffe8f
fffffc82
00001b2b
ffffff8a
0000021a
fffff720
0000013b
fffff9d9
000005ad
fffff6a2
fffffd2d
fffffe40
fffff5cf
fffffc5e
00000b5d
ffffff80
00000347
fffff8f3
ffffff88
fffff60f
00000429
fffffbf6
00000a1d
fffff872
00000822
fffff80c
00000132
fffff3e5
000002c7
fffffe92
00000fe2
00000511
000011d3
fffffc86
000006b3
fffff6e2
000004ed
000000eb
fffffdd5
00000107
fffffea8
ffffff01
fffffcec
fffff300
0000093f
fffffc22
fffffcb5
0000062a
00000299
fffffb65
000008bd
000004b3
000004c6
fffff527
0000032c
fffffbac
000001fc
0000003a
fffff862
fffff4ca
00000757
00000802
fffff98d
fffffc25
fffffd24
ffffffd9
00000920
ffffff2f
000003b6
fffffedc
00000050
fffffe00
ffffff13
fffff167
fffff74c
fffffcbc
00000955
fffff41d
000006c1
fffffcd5
fffffd34
fffffc7c
fffffe99
fffff5aa
fffff832
0000055d
000002e7
fffffc9f
000002d4
fffffe83
fffffa6b
000001a4
0000018a
fffff8c3
000002b1
ffffff3e
fffffe65
fffff666
fffff661
00000334
fffffe0b
00000157
00000281
00000a4a
00000011
fffff9c2
fffffb97
00000258
ffffe9f8
000004ff
00000956
fffffd00
0000056e
fffff84e
000001b2
fffff7fd
ffffeeaa
00000643
fffff767
fffffe3e
000000c2
fffffd5e
000002e9
0000086c
fffffb6b
0000059a
000000d3
fffff725
0000030a
000000df
000004e8
fffffafd
fffffed3
fffff51b
0000036b
fffff8c9
000003a7
00000038
fffffc22
ffffff3b
0000032c
0000084a
0000018e
00000844
00000a5a
fffffd5d
00002565
00000175
fffff938
fffffda3
0000064c
00000440
000004b6
fffff732
ffffff61
fffffdc2
ffffedb3
00000792
0000048d
000004d2
fffff5d2
fffff96e
000009e3
fffffeca
fffffb0d
fffff0dd
fffffc35
00000483
fffffcea
000006d0
fffffb24
fffff8f7
000007dd
fffffd19
0000016a
0000021f
fffffc55
fffff703
0000012b
000004f4
0000128f
fffffee7
ffffff62
00000336
00000500
fffffbdf
fffffa12
0000021a
fffffd2b
fffff726
fffffa05
00000018
000002b5
00000024
00000732
0000026a
000003f1
0000052b
fffffd97
fffffffc
000008fa
fffff538
ffffff4f
000003d6
00000b6c
fffffa57
00000b60
fffffcb3
00000053
00000a6a
fffff7bb
00000040
fffffe12
fffffdfb
fffffcb3
fffffebe
fffff790
00000eb8
ffffff35
00000414
00000426
000004be
fffff9b9
00000976
fffffe05
0000030e
00000023
fffffea5
00000385
00000c2f
00001220
00000769
000000a0
00000393
ffffff91
fffff3ec
00000b2a
fffffc3a
fffffaee
fffffb35
00000008
fffffd85
00000377
fffffa04
fffff9b8
fffff9bd
00000215
000006d5
fffff33f
fffff032
000005c6
0000040c
00000835
fffffd4b
00000e7d
fffff1b4
00000b4d
fffff684
fffffc8c
fffffabd
fffff661
ffffffb3
0000010e
0000045a
000000c4
fffff867
fffffe56
000004bd
fffffc78
000005cb
fffffa92
fffff85f
000007b1
fffffb55
00001025
ffffeaa5
0000030d
00000141
fffff95b
fffff9ad
00000cb2
000002d4
fffffe97
fffff85a
fffffb23
00000a58
fffff934
ffffee0e
fffffa4a
fffff167
000006c2
00000000
fffff7a5
0000030d
00000424
00000745
00000e28
00000ac9
00000eb7
00000200
000005e1
fffffa27
0000040c
fffff83e
0000068b
000003bd
00000308
00000125
0000021f
fffff7e2
0000130a
fffffbd1
00000aaf
ffffee82
00000143
00000383
00000383
ffffff5b
fffffca6
00000290
ffffff53
0000059f
fffff89b
0000009b
000005e0
fffffceb
ffffff9d
fffffb07
000000a6
fffff83f
fffffa1e
fffffd88
00000e1b
fffffbcd
fffff6ec
fffff12c
ffffeabe
ffffff4b
00000485
fffff2c8
00000378
00000ea8
fffff8fa
00000a7f
ffffffac
fffff635
00000229
0000016c
fffffaa8
00000e8e
000002b5
00000adc
fffffbf4
fffff8dc
fffff89e
fffffed7
ffffff0b
0000042f
fffff153
0000021b
ffffefe6
fffffd5e
fffffeed
fffffd47
fffffc6f
fffff9fe
fffff282
fffff95d
0000063b
fffff033
fffffb20
fffffed4
00000314
fffff02d
000000e0
fffffe55
fffffae9
ffffffac
0000034e
ffffffe5
000002fb
000003ce
00000aea
fffffd5d
fffff1c0
0000009b
000004dd
fffff9c1
fffff379
00000920
00000217
00000f50
fffff79d
000001fd
fffffe35
00000002
fffffe27
00001386
fffffc50
0000035e
0000088c
ffffffb1
000008bb
fffff9bf
fffff0fe
fffffe9b
fffffcd0
fffff288
fffff9d0
fffffe10
000003a9
00000026
fffff846
0000051a
00000a5e
fffffa6f
000000c4
fffffa82
0000046e
00000d5f
0000080e
ffffff82
fffffa93
0000034d
000000d8
000004a3
fffff8f8
00000e0a
fffff85a
000004b0
ffffffaf
fffffc9c
fffff9c5
0000049f
fffff7ec
0000070f
000011b1
fffff669
fffff90e
fffffc64
000001d2
00000db7
00000096
00000740
00000290
fffff194
fffffc93
ffffffb6
000001e3
fffffa46
00000de0
000000aa
00000519
fffffc8b
000005d2
fffff301
0000048e
ffffff71
000009ec
fffffebd
fffffbc2
00000343
fffff5f7
0000088a
fffff2df
fffffa78
fffff239
000004b1
fffffd78
fffff99a
fffff62c
00000dd6
000000e8
0000063b
00000b10
fffff288
00000a06
00000536
fffffa27
00000233
00000414
ffffea0f
ffffff10
fffff414
fffff957
000008bb
fffffec9
00003efd
ffffff3e
fffffa2b
00000fd2
fffffc17
000002e3
000009ba
00000a60
000002ff
00000040
fffffad5
000016b5
fffff8a4
00000281
00000128
fffffd7a
fffffe54
0000060d
00000633
fffffb86
ffffeb43
00000d45
fffffea9
ffffe710
fffff840
000003b1
0000021b
fffffdbe
000002f0
fffffaa5
000000d1
00000079
ffffff7c
fffff362
fffff6e0
fffff8e7
0000038a
ffffff29
fffff9ee
fffff4b1
fffff5d5
fffffec5
ffffed38
fffffc82
ffffff7d
fffffeb4
fffffce1
fffff107
00000878
fffffc89
ffffe8d8
00000911
000001f2
00000672
00000cd2
00000756
0000089d
fffffe29
fffffdc9
00001301
00000036
0000001d
000005a6
fffff95f
fffffca7
0000023d
fffff8c5
00000813
fffffa35
fffff799
fffffc7d
00000b62
ffffe23c
fffff732
000002c2
ffffff41
fffff6e2
ffffff6e
00000270
000002ef
fffffa26
fffffd27
fffffc10
00000666
000004bd
ffffecd1
fffffb31
fffffb2d
fffffdfe
00000edb
fffffd53
fffffe00
000010f3
000005a0
fffff8d4
fffff894
fffffebb
fffffb33
fffff449
ffffff8d
fffffcea
00000978
000002db
00000cbb
000006b0
ffffff99
000002b2
00000825
fffffc4c
00000357
0000001f
fffffc71
fffff82b
fffffcd3
fffffa2f
00001484
00000582
00000906
00004729
000001b9
00000ccf
0000002b
fffff7e9
0000013b
0000055d
fffffb1b
fffffbfa
000003ec
fffffd38
00000557
fffff8bc
00000d52
fffffdb3
fffff621
00000143
0000000a
00000c32
fffff5fc
0000063c
fffffb68
00000bf8
ffffeb77
ffffffee
000006db
000006ae
fffff417
fffff72b
00000bb6
000003c8
0000029a
fffffaef
000000bb
fffff543
ffffffb9
fffff8bf
ffffffb6
fffff569
fffffd5c
fffffe29
ffffe87d
000003bf
0000018b
00000384
0000025a
fffffabf
0000003c
ffffff90
fffff3c2
000002a6
00000559
00000030
000005f2
fffff9b9
fffff3bc
000006c6
0000059d
fffff1bf
0000047a
00000bb9
000009b3
fffffe1e
00000382
fffffff2
fffffbb7
00000285
0000073f
ffffff3f
fffffdeb
fffffae1
00000a09
fffffe89
fffff881
fffff2eb
fffff5b2
fffff180
fffff59a
fffffe50
00000c42
ffffefe5
000003b0
000001e2
000003f5
fffff4a5
00000d49
fffff9b0
fffffe4a
fffffe2c
fffff367
ffffff00
000007b7
fffff8f6
fffff96f
000004f4
0000029e
000000e3
fffffbb1
00000838
00000199
00000c47
00000291
0000039c
00000633
000000a7
00000504
fffff81e
fffffe51
0000067d
00000c8b
0000052f
fffff996
00000974
000004c8
00000a26
fffffdf6
0000054f
000005bf
fffffb8a
fffffb91
fffffee3
000019e0
00000d71
000008ff
fffffa96
0000033f
00000434
fffffbb1
ffffef53
0000000a
fffff9eb
fffff24e
0000005d
ffffff5c
0000024c
00000073
000006a9
000002cb
000002a8
0000000c
fffff5e8
fffff2bf
00001740
fffffbd8
000002c3
fffffdea
000008b0
fffffc22
000002dd
fffff5b2
000006f9
00000adb
00000e97
000000d7
fffff799
00000784
000007c5
000002ed
fffffd96
0000004b
fffff82e
fffffecf
fffffaff
00000d0c
00000535
fffff44c
00000c50
fffff8e7
000001af
00000346
00000539
ffffff51
fffff98e
000004d8
0000107a
fffff93a
fffffff1
ffffff34
fffffe60
00000261
fffffb85
fffff9d5
00000504
00000f9d
ffffff38
00000454
0000044a
000002f5
fffffb7b
fffffc78
fffffbe5
000009a6
00000262
0000016f
00000397
fffffaf4
fffff2fd
fffffa8f
0000065f
fffff836
00000200
fffff9ce
fffff6f4
fffffa68
fffffd68
000002e4
fffffe07
00000544
fffffa2e
0000041d
000007e5
ffffff8d
00000397
fffffe35
0000058d
ffffff2c
fffff4a6
fffffc1b
00000da6
00000124
00000aae
fffff574
fffffcaf
fffffd0a
fffff408
000004e5
00000a47
fffff431
000004c2
00000210
0000009d
00000129
00000c58
fffffcad
ffffffb5
00000152
00000537
fffffc32
fffffcd5
fffffa71
fffff9a8
00000bb5
ffffff85
fffffc34
fffffdce
0000007b
0000039a
00000c9e
0000084d
fffffd87
fffff8ba
00000a8d
fffff604
00000252
fffffa4f
000002cb
00000341
000001ec
00000072
00000129
fffff6cb
fffffffd
ffffff55
0000011b
000000ca
fffffee5
fffffa67
000005cf
0000027b
000000d1
fffffea6
00000000
00000000
00000000
00000000
00000000
00000000
00000000
00000000
00000000
00000000
00000000
00000000
00000000
00000000
00000000
00000000
00000000
00000000
00000000
00000000
00000000
00000000
00000000
00000000
00000000
00000000
00000000
00000000
00000000
00000000
00000000
00000000
00000000
00000000
00000000
00000000
00000000
00000000
00000000
00000000
00000000
00000000
00000000
00000000
00000000
00000000
00000000
00000000
00000000
00000000
00000000
00000000
00000000
00000000
00000000
00000000
00000000
00000000
00000000
00000000
00000000
00000000
00000000
00000000
00000000
00000000
00000000
00000000
00000000
00000000
00000000
00000000
00000000
00000000
00000000
00000000
00000000
00000000
00000000
00000000
00000000
00000000
00000000
00000000
00000000
00000000
00000000
00000000
00000000
00000000
00000000
00000000
00000000
00000000
00000000
00000000
00000000
00000000
00000000
00000000
00000000
00000000
00000000
00000000
00000000
00000000
00000000
00000000
00000000
00000000
00000000
00000000
00000000
00000000
00000000
00000000
00000000
00000000
00000000
00000000
00000000
00000000
00000000
00000000
00000000
00000000
00000000
00000000
00000000
00000000
00000000
00000000
00000000
00000000
00000000
00000000
00000000
00000000
00000000
00000000
00000000
00000000
00000000
00000000
00000000
00000000
00000000
00000000
00000000
00000000
00000000
00000000
00000000
00000000
00000000
00000000
00000000
00000000
00000000
00000000
00000000
00000000
00000000
00000000
00000000
00000000
00000000
00000000
00000000
00000000
00000000
00000000
00000000
00000000
00000000
00000000
00000000
00000000
00000000
00000000
00000000
00000000
00000000
00000000
00000000
00000000
00000000
00000000
00000000
00000000
00000000
00000000
00000000
00000000
00000000
00000000
00000000
00000000
00000000
00000000
00000000
00000000
00000000
00000000
00000000
00000000
00000000
00000000
00000000
00000000
00000000
00000000
00000000
00000000
00000000
00000000
00000000
00000000
00000000
00000000
00000000
00000000
00000000
00000000
00000000
00000000
00000000
00000000
00000000
00000000
00000000
00000000
00000000
00000000
00000000
00000000
00000000
00000000
00000000
00000000
00000000
00000000
00000000
00000000
00000000
00000000
00000000
00000000
00000000
00000000
00000000
00000000
00000000
00000000
00000000
00000000
00000000
00000000
00000000
00000000
00000000
00000000
00000000
00000000
00000000
00000000
00000000
00000000
00000000
00000000
00000000
00000000
00000000
00000000
00000000
00000000
00000000
00000000
00000000
00000000
00000000
00000000
00000000
00000000
00000000
00000000
00000000
00000000
00000000
00000000
00000000
00000000
00000000
00000000
00000000
00000000
00000000
00000000
00000000
00000000
00000000
00000000
00000000
00000000
00000000
00000000
00000000
00000000
00000000
00000000
00000000
00000000
00000000
00000000
00000000
00000000
00000000
00000000
00000000
00000000
00000000
00000000
00000000
00000000
00000000
00000000
00000000
00000000
00000000
00000000
00000000
00000000
00000000
00000000
00000000
00000000
00000000
00000000
00000000
00000000
00000000
00000000
00000000
00000000
00000000
00000000
00000000
00000000
00000000
00000000
00000000
00000000
00000000
00000000
00000000
00000000
00000000
00000000
00000000
00000000
00000000
00000000
00000000
00000000
00000000
00000000
00000000
00000000
00000000
00000000
00000000
00000000
00000000
00000000
00000000
00000000
00000000
00000000
00000000
00000000
00000000
00000000
00000000
00000000
00000000
00000000
00000000
00000000
00000000
00000000
00000000
00000000
00000000
00000000
00000000
00000000
00000000
00000000
00000000
00000000
00000000
00000000
00000000
00000000
00000000
00000000
00000000
00000000
00000000
00000000
00000000
00000000
00000000
00000000
00000000
00000000
00000000
00000000
00000000
00000000
00000000
00000000
00000000
00000000
00000000
00000000
00000000
00000000
00000000
00000000
00000000
00000000
