50414d51
00000001
00000100
00000080
0000000a
00000010
15060100
00000004
15060900
00000004
15060000
00000004
0000e000
00000000
00000000
00000000
00000000
00000000
00000000
00000000
00000000
00000000
00000000
00000000
00000000
00000000
00000000
00000000
00000000
00000000
00000000
00000000
00000000
00000000
00000000
00000000
00000000
00000000
00000000
00000000
00000000
00000000
00000000
00000000
00000000
00000000
00000000
00000000
00000000
00000000
00000000
00000000
00000000
00000000
00000000
00000000
00000000
00000000
00000000
00000000
00000000
00000000
00000000
00000000
0000003b
00000006
00000005
00000001
00000005
00000020
00000000
ffffffff
15060900
00000004
00000030
00000000
0000000c
00000000
00000000
00000000
00000004
00000000
00000000
00000000
00000000
00000000
00000000
00000000
00000002
00000001
00000c00
00000400
00000000
00000000
00000000
00000000
0000003c
00000001
00000013
00000001
00000005
00000018
00000000
ffffffff
15060940
00000004
00001000
00000000
00000400
00000000
00000000
00000000
00000004
00000000
00000000
00000000
00000000
00000000
00000000
00000000
00000002
00000001
00000c00
00000400
00000000
00000000
00000000
00000000
0000003d
00000002
00000010
00000002
00000007
00000004
00000040
0000003e
07200000
00000004
00180000
00000000
00000c00
00000400
00000000
00000000
00000200
00000000
00000000
00000000
00000000
00000000
00000000
00000000
00000005
00000001
00000000
00000c00
00000000
00000000
00000000
00000000
0000003e
00000003
00000011
00000002
00000005
00000010
00000000
ffffffff
07380000
00000004
00018000
00000000
00000c00
00000010
00000000
00000000
00000020
00000000
00000002
00000000
00000000
00000000
00000000
00000000
00000005
00000001
00000000
00000c00
00000000
00000000
00000000
00000000
0000003f
00000002
00000010
00000002
00000007
00000004
00000040
00000040
07400000
00000004
00180000
00000000
00000c00
00000400
00000000
00000000
00000200
00000000
00000000
00000000
00000000
00000000
00000000
00000000
00000006
00000001
00000000
00000c00
00000000
00000000
00000000
00000000
00000040
00000003
00000011
00000002
00000005
00000010
00000000
ffffffff
07580000
00000004
00018000
00000000
00000c00
00000010
00000000
00000000
00000020
00000000
00000002
00000000
00000000
00000000
00000000
00000000
00000006
00000001
00000000
00000c00
00000000
00000000
00000000
00000000
00000041
00000004
00000013
00000001
00000009
00000018
00000000
ffffffff
15061940
00000004
00003000
00000000
00000c00
00000000
00000000
00000000
00000004
00000000
00000000
00000000
00000000
00000000
00000000
00000000
00000005
00000001
00000000
00000c00
00000000
00000000
00000000
00000000
00000042
00000004
00000013
00000001
00000009
00000018
00000000
ffffffff
15064940
00000004
00003000
00000000
00000c00
00000000
00000000
00000000
00000004
00000000
00000000
00000000
00000000
00000000
00000000
00000000
00000006
00000001
00000000
00000c00
00000000
00000000
00000000
00000000
00000043
00000005
00000013
00000001
00000015
00000018
00000000
ffffffff
15067940
00000004
00003000
00000000
00000c00
00000000
00000000
00000000
00000004
00000000
00000000
00000000
00000000
00000000
00000000
00000000
00000005
00000001
00000000
00000c00
00000000
00000000
00000000
00000000
00000044
00000005
00000013
00000001
00000015
00000018
00000000
ffffffff
1506a940
00000004
00003000
00000000
00000c00
00000000
00000000
00000000
00000004
00000000
00000000
00000000
00000000
00000000
00000000
00000000
00000006
00000001
00000000
00000c00
00000000
00000000
00000000
00000000
00000000
00000000
00000000
00000000
00000000
00000000
00000000
00000000
00000000
00000000
00000000
00000000
00000000
00000000
00000000
00000000
00000000
00000000
00000000
00000000
00000000
00000000
00000000
00000000
00000000
00000000
00000000
00000000
00000000
00000000
00000000
00000000
00000000
00000000
00000000
00000000
00000000
00000000
00000000
00000000
00000000
00000000
00000000
00000000
00000000
00000000
00000000
00000000
00000000
00000000
00000000
00000000
00000000
00000000
00000000
00000000
00000000
00000000
00000000
00000000
00000000
00000000
00000000
00000000
00000000
00000000
00000000
00000000
00000000
00000000
00000000
00000000
00000000
00000000
00000000
00000000
00000000
00000000
00000000
00000000
00000000
00000000
00000000
00000000
00000000
00000000
00000000
00000000
00000000
00000000
00000000
00000000
00000000
00000000
00000000
00000000
00000000
00000000
00000000
00000000
00000000
00000000
00000000
00000000
00000000
00000000
00000000
00000000
00000000
00000000
00000000
00000000
00000000
00000000
00000000
00000000
00000000
00000000
00000000
00000000
00000000
00000000
00000000
00000000
00000000
00000000
00000000
00000000
00000000
00000000
00000000
00000000
00000000
00000000
00000000
00000000
00000000
00000000
00000000
00000000
00000000
00000000
00000000
00000000
00000000
00000000
00000000
00000000
00000000
00000000
00000000
00000000
00000000
00000000
00000000
00000000
00000000
00000000
00000000
00000000
00000000
00000000
00000000
00000000
00000000
00000000
00000000
00000000
00000000
00000000
00000000
00000000
00000000
00000000
00000000
00000000
00000000
00000000
00000000
00000000
00000000
00000000
00000000
00000000
00000000
00000000
00000000
00000000
00000000
00000000
00000000
00000000
00000001
00000c00
00000400
00000040
00000010
07200000
07380000
07400000
07580000
00000005
00000006
00000002
00000000
00000000
00000000
00000000
ffffb07e
0000175e
fffff869
ffffa625
000019d8
00000bdd
fffff884
ffff9a35
ffffeda0
0000185a
fffff0dc
fffff987
ffffbb79
ffffe220
00001356
fffff83e
ffff5b5b
00001d2f
fffff237
ffffffc5
fffff75d
fffffb3e
fffff8f2
ffffa30c
00001852
000011ab
00000196
ffff94ff
fffffd44
fffffb3d
fffff270
00000097
00000a22
00003f3d
fffff8e8
00000000
00000e45
00000c31
fffffec8
fffff480
00000aaa
ffffc4b6
0000058a
000006ce
fffffc70
0000030f
00002161
fffffd81
fffff3c5
0000081f
fffffc25
0000000e
000002c5
ffffe66a
fffff1da
fffffa88
00000117
ffffff83
ffffee68
00000725
00000516
fffffef9
fffff03a
fffffb5e
fffff42a
00000b91
fffff666
0000001e
00000e85
fffff570
fffffe80
000000bd
000006b0
0000012f
00000dbc
00000404
fffffcdb
fffff790
000003a6
00000195
000003cd
0000111f
000001de
00000060
fffff91b
fffff823
fffff74f
00001a71
fffff43f
0000260a
00000049
ffffff10
fffffb4d
fffff48b
ffffee8f
0000111e
00000000
00000a81
fffff15e
fffffa1a
ffffff6b
00000238
00000804
fffff4dd
fffff815
0000038a
000006a3
0000095d
fffff431
fffff429
fffffbf6
ffffed8a
ffffeacf
fffffd88
ffffea65
fffffcee
00000028
fffffa3b
0000062c
00000d40
fffffdfa
fffff075
fffffec4
fffffaa8
fffff8ce
ffffffcc
fffffc10
00000883
00000df9
00000fd1
00000451
fffff9c4
ffffff57
0000011d
fffffe95
00000082
fffffa3a
fffffb1a
fffff9b6
00000871
000001aa
00000788
fffff7cd
ffffe080
000004a9
000003e9
000004e4
fffff8cd
fffff88d
000005e5
000010c9
00001fb4
fffffe7b
fffff3a9
fffff5b4
00000c1f
00000275
000010a4
000005bd
ffffff79
ffffea48
fffff9d8
fffff9bb
00000664
ffffedef
00000d39
00000504
0000008f
00000000
ffffee5f
fffff7e8
000005aa
ffffffdd
ffffecb0
0000007c
000000fd
fffff991
0000019a
fffff474
fffffbee
ffffe365
fffff974
fffff91c
ffffe4e3
000011d0
00000989
00000503
00001488
000005df
fffffa01
ffffec76
fffff437
fffffc00
fffffbdd
fffffdf4
fffff615
000001de
fffff812
000004fc
fffff2f0
fffff9ee
00000931
ffffec2e
fffff9cb
0000046f
fffff874
fffff197
000003ba
0000023b
00000ca0
fffff2f0
fffffda9
fffffd79
000006d9
fffffcfa
fffff759
fffff600
fffffd5f
ffffec43
00000c0f
fffff1e6
fffff595
fffffd34
000010ec
0000017c
fffff0f4
fffff391
ffffeb21
fffffec2
000009ae
00000521
000006ec
ffffff74
fffffeda
fffff282
fffffd10
00000482
00000c8a
00000e13
fffffdaf
fffffcf9
fffffa96
ffffffde
000011bb
ffffff35
fffff214
fffff2c5
0000004e
fffff0a5
fffff5d9
00001094
00001241
00000608
000009b5
ffffe901
0000056d
000000e6
0000037f
00000a33
ffffff8f
00000703
000006db
00000e5a
ffffff45
00000000
0000111b
fffffb2b
0000093b
00000900
00000672
fffffe0c
fffff22a
00000393
00000312
ffffe7da
fffffe13
fffffa1e
000213e2
fffffe57
00000253
0000031f
0000026d
fffff763
000009d3
fffff33a
fffffde3
000007df
fffffcef
fffffdde
00000445
00000475
ffffef17
fffff564
000003a1
fffffa84
00000186
fffff5fd
ffffff2e
fffffd67
ffffff74
fffffb1a
0000009d
ffffffce
fffff74b
00000745
00000304
ffffff20
000003c6
fffffc0b
00000ce8
00000721
fffff8be
0000059f
ffffffd1
000007b6
00000050
000001c7
00000467
fffffe84
fffffcfa
fffffc20
fffff8aa
fffff6cc
ffffff24
00000909
00000399
fffffbd5
000005de
ffffe8bb
fffffafe
fffffd44
000001c3
fffffba4
fffff3ae
fffffe3c
fffffbae
fffff842
000002f1
fffffb24
ffffff56
00000aa5
00000731
00000b63
000002dd
fffffebd
00000875
fffffcc8
00000a1e
fffff50b
fffffb23
fffffe34
fffffe38
fffffd4b
00000186
00000741
fffffcbd
000001b1
00000cdd
fffffabb
fffffbdc
fffff6aa
fffffec4
fffffb8d
ffffff72
fffff9be
0000053e
fffff23d
0000011b
ffffffaf
fffffd33
000009a7
ffffffcd
fffff3c5
fffffc0e
00000396
00000d7b
00000052
00000fdf
fffff3cc
fffffb84
00001485
0000006e
fffffab5
000005de
0000070d
fffffe7e
0000033a
ffffee51
00000164
fffffbf6
00000473
000002f3
fffff6f8
00000bbc
fffff493
fffff61b
00000091
fffff25c
fffff819
000009f5
00000419
fffffd55
0000000b
0000004e
fffff291
fffffef0
000007b0
fffffe31
00000dc2
fffff8a1
fffff1b6
000007db
fffffdc5
fffffc72
ffffff4c
00000652
fffff411
0000076c
fffffa9b
00000506
0000071b
00000772
00000348
fffffce5
0000074b
00000069
0000060b
fffffcc3
00000c27
fffff57a
000005ca
00000401
00000d92
00000ac7
00000776
0000004e
fffffcb8
00000354
fffffc08
00000269
000000dd
fffff72f
000007b4
fffffe69
000005e3
fffff961
fffff9f4
fffff6df
00000445
fffffdc6
ffffe796
fffffc33
fffffc2a
fffffe9a
fffffec8
fffffeaa
fffff8bf
00000174
00000cb3
00000495
00000473
fffff60c
00000041
ffffeb0b
fffff442
fffffb54
ffffed72
00000a5e
ffffff0f
fffffde0
fffffe1c
ffffff39
000001d7
fffffded
fffff5a0
000002d5
fffffad7
00000234
000001fa
fffffa50
ffffff45
fffff06a
fffff907
00000bb0
fffff70d
fffff7a0
fffffd0c
fffffabd
000006ad
00000553
fffff6f8
000002aa
0000071a
fffff599
fffffd5b
fffff8ca
fffffc4c
fffffa7a
ffffffba
fffffaae
00000dbf
fffff89c
00000919
fffff894
ffffff1c
fffffbc5
fffffbe6
fffffadd
fffffb98
fffffd44
fffff26e
fffff637
fffff85f
fffff9ce
fffff34b
fffffe31
00000282
00000501
00000356
00000974
fffffe2a
00000331
00000a1b
0000003b
00000128
00000a37
000000cf
fffffb2e
0000023e
fffffdc1
fffff99e
fffffc3d
fffff87d
fffffd54
fffff277
fffffda8
fffffec8
00000b4b
fffffe74
fffffe7c
00000019
fffff660
fffff651
fffffe3a
fffffbff
fffffc7d
fffffa46
fffff884
00000e1d
fffffa33
fffffa16
0000120a
0000007e
fffff947
00000335
fffffb51
0000070a
000003dd
fffff437
fffffc72
fffffe54
fffff392
fffffe86
fffffe15
0000017b
ffffecbc
0000010e
00000b2d
fffff2be
fffffee3
00000495
00000a7c
fffffc9b
fffffc8d
fffff36c
00000831
00000875
0000068f
000005cc
00000419
00000c58
00000525
000004a9
000007e8
000003f7
fffffc48
00000596
00000362
fffffd04
00000938
000002bf
00000802
fffff416
00000183
fffff725
0000000c
fffff5d9
fffffd27
fffffeaa
fffffd79
0000074b
00000168
fffff343
000001fa
fffffc27
0000025a
00000244
00000234
00000477
fffff573
fffff52b
ffffffd5
000003f9
fffffa31
000007ff
fffffa78
fffff83a
0000055b
00000633
fffffb10
fffffce2
00000359
ffffff1c
00000863
000003ff
00000372
fffff8e8
00000083
000005e4
000005b2
0000059a
fffffde7
00000793
fffffdcf
fffffd55
fffff7a8
fffffb58
00000c55
ffffff64
000006db
fffffe57
fffffb8b
fffff50e
fffff7e1
00000c7c
fffffbbd
fffff583
fffffe19
fffffa52
ffffff51
fffff9a3
00000527
fffffd41
fffffa69
00000155
0000044d
fffff51e
0000049f
00000c3c
fffffc3b
fffffcd3
000000a2
00000322
0000071f
fffffc54
0000005b
ffffff1f
00000561
00000400
00000ce0
fffffff2
fffffba5
fffffb9e
fffffc89
00000310
00000401
00000eba
000009db
ffffff6a
ffffebc2
fffffed5
00000517
000008d0
fffffb80
fffffd57
fffffb0b
fffff31b
0000031a
00000748
fffffe82
00000a4e
fffffa41
ffffedb3
00000590
0000029e
0000028b
000002cb
fffff593
fffffba9
000001dd
fffffcec
00000e25
fffff784
fffff952
000002f2
fffffc20
00000420
000002ec
0000049b
fffffc1d
000000c1
00000072
000005ad
00000439
fffff2c6
fffff4d2
000003be
00000e88
00000542
0000009e
000006e9
ffffff94
000000bf
000008e9
0000089d
fffffea9
000007d6
000006d3
000000ce
000003f4
000005f0
000003a0
00000ca8
fffff4de
000001fd
000003e2
fffffee0
0000073e
00000071
ffffff78
000001f1
0000077b
00000759
fffffb54
000009f5
000001de
fffffe2b
fffffb85
00000334
00000a2b
ffffffc7
00000e80
fffff9a3
fffff98a
fffff930
fffffe80
0000053c
000015be
000001cb
fffffac9
00000520
fffffae7
000002e8
fffffe76
0000032e
0000056b
000000be
fffff900
fffffe3d
fffffbe1
fffffcaa
ffffffe2
fffff3be
00000817
0000033a
00000aee
fffff952
fffffd49
fffffd77
fffff874
fffff38f
fffff69a
fffffd31
fffff665
fffff3bb
00000933
0000050a
fffff2b5
fffffe5b
000000d4
0000010f
0000083a
00000245
00000397
ffffff5a
fffffd28
ffffef1b
000006f4
00001397
fffff5a7
ffffefbd
00000237
0000006e
fffffef1
fffff064
fffff9af
000003ab
000003b0
00000e27
00000816
00000200
fffff8f5
fffffe97
fffff7d7
fffffa4d
00000641
0000016d
fffffdb4
fffffe77
fffff901
00000da2
fffff7fe
00000319
000004db
ffffffe6
0000039e
fffff924
fffff9a3
0000009b
000000d4
0000007c
fffffc00
000006e4
00000292
0000038e
000006db
ffffe635
000001c0
00000b04
00000b1d
fffff7f8
fffff74a
00000649
fffffdfd
fffffaea
00000d46
000003a1
00000775
00000fe7
fffffab7
00000972
fffff32b
fffffa41
00000db9
fffff332
fffff659
000001ae
00000174
fffff527
0000055e
00000524
ffffffd4
fffffcd1
00000876
fffffb54
fffff695
fffff70c
00000165
00000d98
fffffdd8
fffff59e
0000002c
000005bd
fffffcc5
fffffe00
00000594
00000c19
00000a85
fffffe2d
fffff275
fffffd39
fffff5c1
ffffff52
000011f7
00000000
fffff3b5
ffffff82
fffffde7
000006e9
fffff7dc
000008d0
fffff4a1
ffffffb5
000001d7
fffffe53
fffffa29
fffffac1
00000679
fffffb03
fffffbfe
00000420
ffffffe0
fffff006
000001d0
00000435
00000b63
000003e9
fffff710
fffffbd2
fffffd2e
fffffb33
fffffd87
00001130
fffffb76
000005ef
fffffbb0
00000d53
fffffca4
fffff95a
00000288
ffffff30
00000a4b
000004de
00000e61
000008dd
fffff70b
fffffa63
00000927
00000512
fffffff1
fffff685
fffff777
fffff894
00000adc
fffff210
00000f41
00000afa
00000371
000004d3
0000013d
000005cf
000000f1
fffffe65
fffff0dc
fffffafe
fffff9dc
fffffa81
fffff704
fffff922
0000028d
0000047c
00000113
00000060
00000279
fffffb49
fffff223
fffffce2
fffff40e
fffffc7a
fffffeb7
fffffced
fffff821
fffffe2f
fffffa44
000001d5
fffffdf2
fffffbcf
00000658
fffffc6f
fffffac8
fffffb3e
000002c9
fffffa28
ffffef98
ffffffa5
000008c4
fffff80b
fffffad7
00000840
fffff652
ffffff05
fffff252
ffffffb6
000002a9
000006d8
fffffbb5
fffff257
fffffb3a
000004c2
000002f7
fffffea7
ffffff7e
000001b3
000009ed
00000679
00000ff8
fffffa98
00000591
fffffc7d
00000df1
0000092d
fffff41f
fffffcb1
fffff978
0000001d
fffffbda
fffffa91
fffffa6f
fffffec6
fffff70b
0000000e
ffffff8b
00000db9
000005bd
fffff75a
0000056f
000001e5
fffffd78
fffffd5e
ffffff7b
00000178
fffff377
000002aa
00000037
00000000
00000000
00000000
00000000
00000000
00000000
00000000
00000000
00000000
00000000
00000000
00000000
00000000
00000000
00000000
00000000
00000000
00000000
00000000
00000000
00000000
00000000
00000000
00000000
00000000
00000000
00000000
00000000
00000000
00000000
00000000
00000000
00000000
00000000
00000000
00000000
00000000
00000000
00000000
00000000
00000000
00000000
00000000
00000000
00000000
00000000
00000000
00000000
00000000
00000000
00000000
00000000
00000000
00000000
00000000
00000000
00000000
00000000
00000000
00000000
00000000
00000000
00000000
00000000
00000000
00000000
00000000
00000000
00000000
00000000
00000000
00000000
00000000
00000000
00000000
00000000
00000000
00000000
00000000
00000000
00000000
00000000
00000000
00000000
00000000
00000000
00000000
00000000
00000000
00000000
00000000
00000000
00000000
00000000
00000000
00000000
00000000
00000000
00000000
00000000
00000000
00000000
00000000
00000000
00000000
00000000
00000000
00000000
00000000
00000000
00000000
00000000
00000000
00000000
00000000
00000000
00000000
00000000
00000000
00000000
00000000
00000000
00000000
00000000
00000000
00000000
00000000
00000000
00000000
00000000
00000000
00000000
00000000
00000000
00000000
00000000
00000000
00000000
00000000
00000000
00000000
00000000
00000000
00000000
00000000
00000000
00000000
00000000
00000000
00000000
00000000
00000000
00000000
00000000
00000000
00000000
00000000
00000000
00000000
00000000
00000000
00000000
00000000
00000000
00000000
00000000
00000000
00000000
00000000
00000000
00000000
00000000
00000000
00000000
00000000
00000000
00000000
00000000
00000000
00000000
00000000
00000000
00000000
00000000
00000000
00000000
00000000
00000000
00000000
00000000
00000000
00000000
00000000
00000000
00000000
00000000
00000000
00000000
00000000
00000000
00000000
00000000
00000000
00000000
00000000
00000000
00000000
00000000
00000000
00000000
00000000
00000000
00000000
00000000
00000000
00000000
00000000
00000000
00000000
00000000
00000000
00000000
00000000
00000000
00000000
00000000
00000000
00000000
00000000
00000000
00000000
00000000
00000000
00000000
00000000
00000000
00000000
00000000
00000000
00000000
00000000
00000000
00000000
00000000
00000000
00000000
00000000
00000000
00000000
00000000
00000000
00000000
00000000
00000000
00000000
00000000
00000000
00000000
00000000
00000000
00000000
00000000
00000000
00000000
00000000
00000000
00000000
00000000
00000000
00000000
00000000
00000000
00000000
00000000
00000000
00000000
00000000
00000000
00000000
00000000
00000000
00000000
00000000
00000000
00000000
00000000
00000000
00000000
00000000
00000000
00000000
00000000
00000000
00000000
00000000
00000000
00000000
00000000
00000000
00000000
00000000
00000000
00000000
00000000
00000000
00000000
00000000
00000000
00000000
00000000
00000000
00000000
00000000
00000000
00000000
00000000
00000000
00000000
00000000
00000000
00000000
00000000
00000000
00000000
00000000
00000000
00000000
00000000
00000000
00000000
00000000
00000000
00000000
00000000
00000000
00000000
00000000
00000000
00000000
00000000
00000000
00000000
00000000
00000000
00000000
00000000
00000000
00000000
00000000
00000000
00000000
00000000
00000000
00000000
00000000
00000000
00000000
00000000
00000000
00000000
00000000
00000000
00000000
00000000
00000000
00000000
00000000
00000000
00000000
00000000
00000000
00000000
00000000
00000000
00000000
00000000
00000000
00000000
00000000
00000000
00000000
00000000
00000000
00000000
00000000
00000000
00000000
00000000
00000000
00000000
00000000
00000000
00000000
00000000
00000000
00000000
00000000
00000000
00000000
00000000
00000000
00000000
00000000
00000000
00000000
00000000
00000000
00000000
00000000
00000000
00000000
00000000
00000000
00000000
00000000
00000000
00000000
00000000
00000000
00000000
00000000
00000000
00000000
00000000
00000000
00000000
00000000
00000000
00000000
00000000
00000000
00000000
00000000
00000000
00000000
00000000
00000000
00000000
00000000
00000000
00000000
00000000
00000000
00000000
00000000
00000000
00000000
00000000
00000000
00000000
00000000
00000000
00000000
00000000
00000000
00000000
00000000
00000000
00000000
00000000
00000000
00000000
00000000
00000000
00000000
00000000
00000000
00000000
00000000
00000000
00000000
00000000
00000000
00000000
00000000
00000000
00000000
00000000
00000000
00000000
00000000
00000000
00000000
00000000
00000000
00000000
00000000
00000000
00000000
00000000
00000000
00000000
00000000
00000000
00000000
00000000
00000000
00000000
00000000
00000000
00000000
00000000
00000000
00000000
00000000
00000000
00000000
00000000
00000000
00000000
00000000
00000000
00000000
00000000
00000000
00000000
00000000
00000000
00000000
00000000
00000000
00000000
00000000
00000000
00000000
00000000
00000000
00000000
00000000
00000000
00000000
00000000
00000000
00000000
00000000
00000000
00000000
00000000
00000000
00000000
00000000
00000000
00000000
00000000
00000000
00000000
00000000
00000000
00000000
00000000
00000000
00000000
00000000
00000000
00000000
00000000
00000000
00000000
00000000
00000000
00000000
00000000
00000000
00000000
00000000
00000000
00000000
00000000
00000000
00000000
00000000
00000000
00000000
00000000
00000000
00000000
00000000
00000000
00000000
00000000
00000000
00000000
00000000
00000000
00000000
00000000
00000000
00000000
00000000
00000000
00000000
00000000
00000000
00000000
00000000
00000000
00000000
00000000
00000000
00000000
00000000
00000000
00000000
00000000
00000000
00000000
00000000
00000000
00000000
00000000
00000000
00000000
00000000
00000000
00000000
00000000
00000000
00000000
00000000
00000000
00000000
00000000
00000000
00000000
00000000
00000000
00000000
00000000
00000000
00000000
00000000
00000000
00000000
00000000
00000000
00000000
00000000
00000000
00000000
00000000
00000000
00000000
00000000
00000000
00000000
00000000
00000000
00000000
00000000
00000000
00000000
00000000
00000000
00000000
00000000
00000000
00000000
00000000
00000000
00000000
00000000
00000000
00000000
00000000
00000000
00000000
00000000
00000000
00000000
00000000
00000000
00000000
00000000
00000000
00000000
00000000
00000000
00000000
00000000
00000000
00000000
00000000
00000000
00000000
00000000
00000000
00000000
00000000
00000000
00000000
00000000
00000000
00000000
00000000
00000000
00000000
00000000
00000000
00000000
00000000
00000000
00000000
00000000
00000000
00000000
00000000
00000000
00000000
00000000
00000000
00000000
00000000
00000000
00000000
00000000
00000000
00000000
00000000
00000000
00000000
00000000
00000000
00000000
00000000
00000000
00000000
00000000
00000000
00000000
00000000
00000000
00000000
00000000
00000000
00000000
00000000
00000000
00000000
00000000
00000000
00000000
00000000
00000000
00000000
00000000
00000000
00000000
00000000
00000000
00000000
00000000
00000000
00000000
00000000
00000000
00000000
00000000
00000000
00000000
00000000
00000000
00000000
00000000
00000000
00000000
00000000
00000000
00000000
00000000
00000000
00000000
00000000
00000000
00000000
00000000
00000000
00000000
00000000
00000000
00000000
00000000
00000000
00000000
00000000
00000000
00000000
00000000
00000000
00000000
00000000
00000000
00000000
00000000
00000000
00000000
00000000
00000000
00000000
00000000
00000000
00000000
00000000
00000000
00000000
00000000
00000000
00000000
00000000
00000000
00000000
00000000
00000000
00000000
00000000
00000000
00000000
00000000
00000000
00000000
00000000
00000000
00000000
00000000
00000000
00000000
00000000
00000000
00000000
00000000
00000000
00000000
00000000
00000000
00000000
00000000
00000000
00000000
00000000
00000000
00000000
00000000
00000000
00000000
00000000
00000000
00000000
00000000
00000000
00000000
00000000
00000000
00000000
00000000
00000000
00000000
00000000
00000000
00000000
00000000
00000000
00000000
00000000
00000000
00000000
00000000
00000000
00000000
00000000
00000000
00000000
00000000
00000000
00000000
00000000
00000000
00000000
00000000
00000000
00000000
00000000
00000000
00000000
00000000
00000000
00000000
00000000
00000000
00000000
00000000
00000000
00000000
00000000
00000000
00000000
00000000
00000000
00000000
00000000
00000000
00000000
00000000
00000000
00000000
00000000
00000000
00000000
00000000
00000000
00000000
00000000
00000000
00000000
00000000
00000000
00000000
00000000
00000000
00000000
00000000
00000000
00000000
00000000
00000000
00000000
00000000
00000000
00000000
00000000
00000000
00000000
00000000
00000000
00000000
00000000
00000000
00000000
00000000
00000000
00000000
00000000
00000000
00000000
00000000
00000000
00000000
00000000
00000000
00000000
00000000
00000000
00000000
00000000
00000000
00000000
00000000
00000000
00000000
00000000
00000000
00000000
00000000
00000000
00000000
00000000
00000000
00000000
00000000
00000000
00000000
00000000
00000000
00000000
00000000
00000000
00000000
00000000
00000000
00000000
00000000
00000000
00000000
00000000
00000000
00000000
00000000
00000000
00000000
00000000
00000000
00000000
00000000
00000000
00000000
00000000
00000000
00000000
00000000
00000000
00000000
00000000
00000000
00000000
00000000
00000000
00000000
00000000
00000000
00000000
00000000
00000000
00000000
00000000
00000000
00000000
00000000
00000000
00000000
00000000
00000000
00000000
00000000
00000000
00000000
00000000
00000000
00000000
00000000
00000000
00000000
00000000
00000000
00000000
00000000
00000000
00000000
00000000
00000000
00000000
00000000
00000000
00000000
00000000
00000000
00000000
00000000
00000000
00000000
00000000
00000000
00000000
00000000
00000000
00000000
00000000
00000000
00000000
00000000
00000000
00000000
00000000
00000000
00000000
00000000
00000000
00000000
00000000
00000000
00000000
00000000
00000000
00000000
00000000
00000000
00000000
00000000
00000000
00000000
00000000
00000000
00000000
00000000
00000000
00000000
00000000
00000000
00000000
00000000
00000000
00000000
00000000
00000000
00000000
00000000
00000000
00000000
00000000
00000000
00000000
00000000
00000000
00000000
00000000
00000000
00000000
00000000
00000000
00000000
00000000
00000000
00000000
00000000
00000000
00000000
00000000
00000000
00000000
00000000
00000000
00000000
00000000
00000000
00000000
00000000
00000000
00000000
00000000
00000000
00000000
00000000
00000000
00000000
00000000
00000000
00000000
00000000
00000000
00000000
00000000
00000000
00000000
00000000
00000000
00000000
00000000
00000000
00000000
00000000
00000000
00000000
00000000
00000000
00000000
00000000
00000000
00000000
00000000
00000000
00000000
00000000
00000000
00000000
00000000
00000000
00000000
00000000
00000000
00000000
00000000
00000000
00000000
00000000
00000000
00000000
00000000
00000000
00000000
00000000
00000000
00000000
00000000
00000000
00000000
00000000
00000000
00000000
00000000
00000000
00000000
00000000
00000000
00000000
00000000
00000000
00000000
00000000
00000000
00000000
00000000
00000000
00000000
00000000
00000000
00000000
00000000
00000000
00000000
00000000
00000000
00000000
00000000
00000000
00000000
00000000
00000000
00000000
00000000
00000000
00000000
00000000
00000000
00000000
00000000
00000000
00000000
00000000
00000000
00000000
00000000
00000000
00000000
00000000
00000000
00000000
00000000
00000000
00000000
00000000
00000000
00000000
00000000
00000000
00000000
00000000
00000000
00000000
00000000
00000000
00000000
00000000
00000000
00000000
00000000
00000000
00000000
00000000
00000000
00000000
00000000
00000000
00000000
00000000
00000000
00000000
00000000
00000000
00000000
00000000
00000000
00000000
00000000
00000000
00000000
00000000
00000000
00000000
00000000
00000000
00000000
00000000
00000000
00000000
00000000
00000000
00000000
00000000
00000000
00000000
00000000
00000000
00000000
00000000
00000000
00000000
00000000
00000000
00000000
00000000
00000000
00000000
00000000
00000000
00000000
00000000
00000000
00000000
00000000
00000000
00000000
00000000
00000000
00000000
00000000
00000000
00000000
00000000
00000000
00000000
00000000
00000000
00000000
00000000
00000000
00000000
00000000
00000000
00000000
00000000
00000000
00000000
00000000
00000000
00000000
00000000
00000000
00000000
00000000
00000000
00000000
00000000
00000000
00000000
00000000
00000000
00000000
00000000
00000000
00000000
00000000
00000000
00000000
00000000
00000000
00000000
00000000
00000000
00000000
00000000
00000000
00000000
00000000
00000000
00000000
00000000
00000000
00000000
00000000
00000000
00000000
00000000
00000000
00000000
00000000
00000000
00000000
00000000
00000000
00000000
00000000
00000000
00000000
00000000
00000000
00000000
00000000
00000000
00000000
00000000
00000000
00000000
00000000
00000000
00000000
00000000
00000000
00000000
00000000
00000000
00000000
00000000
00000000
00000000
00000000
00000000
00000000
00000000
00000000
00000000
00000000
00000000
00000000
00000000
00000000
00000000
00000000
00000000
00000000
00000000
00000000
00000000
00000000
00000000
00000000
00000000
00000000
00000000
00000000
00000000
00000000
00000000
00000000
00000000
00000000
00000000
00000000
00000000
00000000
00000000
00000000
00000000
00000000
00000000
00000000
00000000
00000000
00000000
00000000
00000000
00000000
00000000
00000000
00000000
00000000
00000000
00000000
00000000
00000000
00000000
00000000
00000000
00000000
00000000
00000000
00000000
00000000
00000000
00000000
00000000
00000000
00000000
00000000
00000000
00000000
00000000
00000000
00000000
00000000
00000000
00000000
00000000
00000000
00000000
00000000
00000000
00000000
00000000
00000000
00000000
00000000
00000000
00000000
00000000
00000000
00000000
00000000
00000000
00000000
00000000
00000000
00000000
00000000
00000000
00000000
00000000
00000000
00000000
00000000
00000000
00000000
00000000
00000000
00000000
00000000
00000000
00000000
00000000
00000000
00000000
00000000
00000000
00000000
00000000
00000000
00000000
00000000
00000000
00000000
00000000
00000000
00000000
00000000
00000000
00000000
00000000
00000000
00000000
00000000
00000000
00000000
00000000
00000000
00000000
00000000
00000000
00000000
00000000
00000000
00000000
00000000
00000000
00000000
00000000
00000000
00000000
00000000
00000000
00000000
00000000
00000000
00000000
00000000
00000000
00000000
00000000
00000000
00000000
00000000
00000000
00000000
00000000
00000000
00000000
00000000
00000000
00000000
00000000
00000000
00000000
00000000
00000000
00000000
00000000
00000000
00000000
00000000
00000000
00000000
00000000
00000000
00000000
00000000
00000000
00000000
00000000
00000000
00000000
00000000
00000000
00000000
00000000
00000000
00000000
00000000
00000000
00000000
00000000
00000000
00000000
00000000
00000000
00000000
00000000
00000000
00000000
00000000
00000000
00000000
00000000
00000000
00000000
00000000
00000000
00000000
00000000
00000000
00000000
00000000
00000000
00000000
00000000
00000000
00000000
00000000
00000000
00000000
00000000
00000000
00000000
00000000
00000000
00000000
00000000
00000000
00000000
00000000
00000000
00000000
00000000
00000000
00000000
00000000
00000000
00000000
00000000
00000000
00000000
00000000
00000000
00000000
00000000
00000000
00000000
00000000
00000000
00000000
00000000
00000000
00000000
00000000
00000000
00000000
00000000
00000000
00000000
00000000
00000000
00000000
00000000
00000000
00000000
00000000
00000000
00000000
00000000
00000000
00000000
00000000
00000000
00000000
00000000
00000000
00000000
00000000
00000000
00000000
00000000
00000000
00000000
00000000
00000000
00000000
00000000
00000000
00000000
00000000
00000000
00000000
00000000
00000000
00000000
00000000
00000000
00000000
00000000
00000000
00000000
00000000
00000000
00000000
00000000
00000000
00000000
00000000
00000000
00000000
00000000
00000000
00000000
00000000
00000000
00000000
00000000
00000000
00000000
00000000
00000000
00000000
00000000
00000000
00000000
00000000
00000000
00000000
00000000
00000000
00000000
00000000
00000000
00000000
00000000
00000000
00000000
00000000
00000000
00000000
00000000
00000000
00000000
00000000
00000000
00000000
00000000
00000000
00000000
00000000
00000000
00000000
00000000
00000000
00000000
00000000
00000000
00000000
00000000
00000000
00000000
00000000
00000000
00000000
00000000
00000000
00000000
00000000
00000000
00000000
00000000
00000000
00000000
00000000
00000000
00000000
00000000
00000000
00000000
00000000
00000000
00000000
00000000
00000000
00000000
00000000
00000000
00000000
00000000
00000000
00000000
00000000
00000000
00000000
00000000
00000000
00000000
00000000
00000000
00000000
00000000
00000000
00000000
00000000
00000000
00000000
00000000
00000000
00000000
00000000
00000000
00000000
00000000
00000000
00000000
00000000
00000000
00000000
00000000
00000000
00000000
00000000
00000000
00000000
00000000
00000000
00000000
00000000
00000000
00000000
00000000
00000000
00000000
00000000
00000000
00000000
00000000
00000000
00000000
00000000
00000000
00000000
00000000
00000000
00000000
00000000
00000000
00000000
00000000
00000000
00000000
00000000
00000000
00000000
00000000
00000000
00000000
00000000
00000000
00000000
00000000
00000000
00000000
00000000
00000000
00000000
00000000
00000000
00000000
00000000
00000000
00000000
00000000
00000000
00000000
00000000
00000000
00000000
00000000
00000000
00000000
00000000
00000000
00000000
00000000
00000000
00000000
00000000
00000000
00000000
00000000
00000000
00000000
00000000
00000000
00000000
00000000
00000000
00000000
00000000
00000000
00000000
00000000
00000000
00000000
00000000
00000000
00000000
00000000
00000000
00000000
00000000
00000000
00000000
00000000
00000000
00000000
00000000
00000000
00000000
00000000
00000000
00000000
00000000
00000000
00000000
00000000
00000000
00000000
00000000
00000000
00000000
00000000
00000000
00000000
00000000
00000000
00000000
00000000
00000000
00000000
00000000
00000000
00000000
00000000
00000000
00000000
00000000
00000000
00000000
00000000
00000000
00000000
00000000
00000000
00000000
00000000
00000000
00000000
00000000
00000000
00000000
00000000
00000000
00000000
00000000
00000000
00000000
00000000
00000000
00000000
00000000
00000000
00000000
00000000
00000000
00000000
00000000
00000000
00000000
00000000
00000000
00000000
00000000
00000000
00000000
00000000
00000000
00000000
00000000
00000000
00000000
00000000
00000000
00000000
00000000
00000000
00000000
00000000
00000000
00000000
00000000
00000000
00000000
00000000
00000000
00000000
00000000
00000000
00000000
00000000
00000000
00000000
00000000
00000000
00000000
00000000
00000000
00000000
00000000
00000000
00000000
00000000
00000000
00000000
00000000
00000000
00000000
00000000
00000000
00000000
00000000
00000000
00000000
00000000
00000000
00000000
00000000
00000000
00000000
00000000
00000000
00000000
00000000
00000000
00000000
00000000
00000000
00000000
00000000
00000000
00000000
00000000
00000000
00000000
00000000
00000000
00000000
00000000
00000000
00000000
00000000
00000000
00000000
00000000
00000000
00000000
00000000
00000000
00000000
00000000
00000000
00000000
00000000
00000000
00000000
00000000
00000000
00000000
00000000
00000000
00000000
00000000
00000000
00000000
00000000
00000000
00000000
00000000
00000000
00000000
00000000
00000000
00000000
00000000
00000000
00000000
00000000
00000000
00000000
00000000
00000000
00000000
00000000
00000000
00000000
00000000
00000000
00000000
00000000
00000000
00000000
00000000
00000000
00000000
00000000
00000000
00000000
00000000
00000000
00000000
00000000
00000000
00000000
00000000
00000000
00000000
00000000
00000000
00000000
00000000
00000000
00000000
00000000
00000000
00000000
00000000
00000000
00000000
00000000
00000000
00000000
00000000
00000000
00000000
00000000
00000000
00000000
00000000
00000000
00000000
00000000
00000000
00000000
00000000
00000000
00000000
00000000
00000000
00000000
00000000
00000000
00000000
00000000
00000000
00000000
00000000
00000000
00000000
00000000
00000000
00000000
00000000
00000000
00000000
00000000
00000000
00000000
00000000
00000000
00000000
00000000
00000000
00000000
00000000
00000000
00000000
00000000
00000000
00000000
00000000
00000000
00000000
00000000
00000000
00000000
00000000
00000000
00000000
00000000
00000000
00000000
00000000
00000000
00000000
00000000
00000000
00000000
00000000
00000000
00000000
00000000
00000000
00000000
00000000
00000000
00000000
00000000
00000000
00000000
00000000
00000000
00000000
00000000
00000000
00000000
00000000
00000000
00000000
00000000
00000000
00000000
00000000
00000000
00000000
00000000
00000000
00000000
00000000
00000000
00000000
00000000
00000000
00000000
00000000
00000000
00000000
00000000
00000000
00000000
00000000
00000000
00000000
00000000
00000000
00000000
00000000
00000000
00000000
00000000
00000000
00000000
00000000
00000000
00000000
00000000
00000000
00000000
00000000
00000000
00000000
00000000
00000000
00000000
00000000
00000000
00000000
00000000
00000000
00000000
00000000
00000000
00000000
00000000
00000000
00000000
00000000
00000000
00000000
00000000
00000000
00000000
00000000
00000000
00000000
00000000
00000000
00000000
00000000
00000000
00000000
00000000
00000000
00000000
00000000
00000000
00000000
00000000
00000000
00000000
00000000
00000000
00000000
00000000
00000000
00000000
00000000
00000000
00000000
00000000
00000000
00000000
00000000
00000000
00000000
00000000
00000000
00000000
00000000
00000000
00000000
00000000
00000000
00000000
00000000
00000000
00000000
00000000
00000000
00000000
00000000
00000000
00000000
00000000
00000000
00000000
00000000
00000000
00000000
00000000
00000000
00000000
00000000
00000000
00000000
00000000
00000000
00000000
00000000
00000000
00000000
00000000
00000000
00000000
00000000
00000000
00000000
00000000
00000000
00000000
00000000
00000000
00000000
00000000
00000000
00000000
00000000
00000000
00000000
00000000
00000000
00000000
00000000
00000000
00000000
00000000
00000000
00000000
00000000
00000000
00000000
00000000
00000000
00000000
00000000
00000000
00000000
00000000
00000000
00000000
00000000
00000000
00000000
00000000
00000000
00000000
00000000
00000000
00000000
00000000
00000000
00000000
00000000
00000000
00000000
00000000
00000000
00000000
00000000
00000000
00000000
00000000
00000000
00000000
00000000
00000000
00000000
00000000
00000000
00000000
00000000
00000000
00000000
00000000
00000000
00000000
00000000
00000000
00000000
00000000
00000000
00000000
00000000
00000000
00000000
00000000
00000000
00000000
00000000
00000000
00000000
00000000
00000000
00000000
00000000
00000000
00000000
00000000
00000000
00000000
00000000
00000000
00000000
00000000
00000000
00000000
00000000
00000000
00000000
00000000
00000000
00000000
00000000
00000000
00000000
00000000
00000000
00000000
00000000
00000000
00000000
00000000
00000000
00000000
00000000
00000000
00000000
00000000
00000000
00000000
00000000
00000000
00000000
00000000
00000000
00000000
00000000
00000000
00000000
00000000
00000000
00000000
00000000
00000000
00000000
00000000
00000000
00000000
00000000
00000000
00000000
00000000
00000000
00000000
00000000
00000000
00000000
00000000
00000000
00000000
00000000
00000000
00000000
00000000
00000000
00000000
00000000
00000000
00000000
00000000
00000000
00000000
00000000
00000000
00000000
00000000
00000000
00000000
00000000
00000000
00000000
00000000
00000000
00000000
00000000
00000000
00000000
00000000
00000000
00000000
00000000
00000000
00000000
00000000
00000000
00000000
00000000
00000000
00000000
00000000
00000000
00000000
00000000
00000000
00000000
00000000
00000000
00000000
00000000
00000000
00000000
00000000
00000000
00000000
00000000
00000000
00000000
00000000
00000000
00000000
00000000
00000000
00000000
00000000
00000000
00000000
00000000
00000000
00000000
00000000
00000000
00000000
00000000
00000000
00000000
00000000
00000000
00000000
00000000
00000000
00000000
00000000
00000000
00000000
00000000
00000000
00000000
00000000
00000000
00000000
00000000
00000000
00000000
00000000
00000000
00000000
00000000
00000000
00000000
00000000
00000000
00000000
00000000
00000000
00000000
00000000
00000000
00000000
00000000
00000000
00000000
00000000
00000000
00000000
00000000
00000000
00000000
00000000
00000000
00000000
00000000
00000000
00000000
00000000
00000000
00000000
00000000
00000000
00000000
00000000
00000000
00000000
00000000
00000000
00000000
00000000
00000000
00000000
00000000
00000000
00000000
00000000
00000000
00000000
00000000
00000000
00000000
00000000
00000000
00000000
00000000
00000000
00000000
00000000
00000000
00000000
00000000
00000000
00000000
00000000
00000000
00000000
00000000
00000000
00000000
00000000
00000000
00000000
00000000
00000000
00000000
00000000
00000000
00000000
00000000
00000000
00000000
00000000
00000000
00000000
00000000
00000000
00000000
00000000
00000000
00000000
00000000
00000000
00000000
00000000
00000000
00000000
00000000
00000000
00000000
00000000
00000000
00000000
00000000
00000000
00000000
00000000
00000000
00000000
00000000
00000000
00000000
00000000
00000000
00000000
00000000
00000000
00000000
00000000
00000000
00000000
00000000
00000000
00000000
00000000
00000000
00000000
00000000
00000000
00000000
00000000
00000000
00000000
00000000
00000000
00000000
00000000
00000000
00000000
00000000
00000000
00000000
00000000
00000000
00000000
00000000
00000000
00000000
00000000
00000000
00000000
00000000
00000000
00000000
00000000
00000000
00000000
00000000
00000000
00000000
00000000
00000000
00000000
00000000
00000000
00000000
00000000
00000000
00000000
00000000
00000000
00000000
00000000
00000000
00000000
00000000
00000000
00000000
00000000
00000000
00000000
00000000
00000000
00000000
00000000
00000000
00000000
00000000
00000000
00000000
00000000
00000000
00000000
00000000
00000000
00000000
00000000
00000000
00000000
00000000
00000000
00000000
00000000
00000000
00000000
00000000
00000000
00000000
00000000
00000000
00000000
00000000
00000000
00000000
00000000
00000000
00000000
00000000
00000000
00000000
00000000
00000000
00000000
00000000
00000000
00000000
00000000
00000000
00000000
00000000
00000000
00000000
00000000
00000000
00000000
00000000
00000000
00000000
00000000
00000000
00000000
00000000
00000000
00000000
00000000
00000000
00000000
00000000
00000000
00000000
00000000
00000000
00000000
00000000
00000000
00000000
00000000
00000000
00000000
00000000
00000000
00000000
00000000
00000000
00000000
00000000
00000000
00000000
00000000
00000000
00000000
00000000
00000000
00000000
00000000
00000000
00000000
00000000
00000000
00000000
00000000
00000000
00000000
00000000
00000000
00000000
00000000
00000000
00000000
00000000
00000000
00000000
00000000
00000000
00000000
00000000
00000000
00000000
00000000
00000000
00000000
00000000
00000000
00000000
00000000
00000000
00000000
00000000
00000000
00000000
00000000
00000000
00000000
00000000
00000000
00000000
00000000
00000000
00000000
00000000
00000000
00000000
00000000
00000000
00000000
00000000
00000000
00000000
00000000
00000000
00000000
00000000
00000000
00000000
00000000
00000000
00000000
00000000
00000000
00000000
00000000
00000000
00000000
00000000
00000000
00000000
00000000
00000000
00000000
00000000
00000000
00000000
00000000
00000000
00000000
00000000
00000000
00000000
00000000
00000000
00000000
00000000
00000000
00000000
00000000
00000000
00000000
00000000
00000000
00000000
00000000
00000000
00000000
00000000
00000000
00000000
00000000
00000000
00000000
00000000
00000000
00000000
00000000
00000000
00000000
00000000
00000000
00000000
00000000
00000000
00000000
00000000
00000000
00000000
00000000
00000000
00000000
00000000
00000000
00000000
00000000
00000000
00000000
00000000
00000000
00000000
00000000
00000000
00000000
00000000
00000000
00000000
00000000
00000000
00000000
00000000
00000000
00000000
00000000
00000000
00000000
00000000
00000000
00000000
00000000
00000000
00000000
00000000
00000000
00000000
00000000
00000000
00000000
00000000
00000000
00000000
00000000
00000000
00000000
00000000
00000000
00000000
00000000
00000000
00000000
00000000
00000000
00000000
00000000
00000000
00000000
00000000
00000000
00000000
00000000
00000000
00000000
00000000
00000000
00000000
00000000
00000000
00000000
00000000
00000000
00000000
00000000
00000000
00000000
00000000
00000000
00000000
00000000
00000000
00000000
00000000
00000000
00000000
00000000
00000000
00000000
00000000
00000000
00000000
00000000
00000000
00000000
00000000
00000000
00000000
00000000
00000000
00000000
00000000
00000000
00000000
00000000
00000000
00000000
00000000
00000000
00000000
00000000
00000000
00000000
00000000
00000000
00000000
00000000
00000000
00000000
00000000
00000000
00000000
00000000
00000000
00000000
00000000
00000000
00000000
00000000
00000000
00000000
00000000
00000000
00000000
00000000
00000000
00000000
00000000
00000000
00000000
00000000
00000000
00000000
00000000
00000000
00000000
00000000
00000000
00000000
00000000
00000000
00000000
00000000
00000000
00000000
00000000
00000000
00000000
00000000
00000000
00000000
00000000
00000000
00000000
00000000
00000000
00000000
00000000
00000000
00000000
00000000
00000000
00000000
00000000
00000000
00000000
00000000
00000000
00000000
00000000
00000000
00000000
00000000
00000000
00000000
00000000
00000000
00000000
00000000
00000000
00000000
00000000
00000000
00000000
00000000
00000000
00000000
00000000
00000000
00000000
00000000
00000000
00000000
00000000
00000000
00000000
00000000
00000000
00000000
00000000
00000000
00000000
00000000
00000000
00000000
00000000
00000000
00000000
00000000
00000000
00000000
00000000
00000000
00000000
00000000
00000000
00000000
00000000
00000000
00000000
00000000
00000000
00000000
00000000
00000000
00000000
00000000
00000000
00000000
00000000
00000000
00000000
00000000
00000000
00000000
00000000
00000000
00000000
00000000
00000000
00000000
00000000
00000000
00000000
00000000
00000000
00000000
00000000
00000000
00000000
00000000
00000000
00000000
00000000
00000000
00000000
00000000
00000000
00000000
00000000
00000000
00000000
00000000
00000000
00000000
00000000
00000000
00000000
00000000
00000000
00000000
00000000
00000000
00000000
00000000
00000000
00000000
00000000
00000000
00000000
00000000
00000000
00000000
00000000
00000000
00000000
00000000
00000000
00000000
00000000
00000000
00000000
00000000
00000000
00000000
00000000
00000000
00000000
00000000
00000000
00000000
00000000
00000000
00000000
00000000
00000000
00000000
00000000
00000000
00000000
00000000
00000000
00000000
00000000
00000000
00000000
00000000
00000000
00000000
00000000
00000000
00000000
00000000
00000000
00000000
00000000
00000000
00000000
00000000
00000000
00000000
00000000
00000000
00000000
00000000
00000000
00000000
00000000
00000000
00000000
00000000
00000000
00000000
00000000
00000000
00000000
00000000
00000000
00000000
00000000
00000000
00000000
00000000
00000000
00000000
00000000
00000000
00000000
00000000
00000000
00000000
00000000
00000000
00000000
00000000
00000000
00000000
00000000
00000000
00000000
00000000
00000000
00000000
00000000
00000000
00000000
00000000
00000000
00000000
00000000
00000000
00000000
00000000
00000000
00000000
00000000
00000000
00000000
00000000
00000000
00000000
00000000
00000000
00000000
00000000
00000000
00000000
00000000
00000000
00000000
00000000
00000000
00000000
00000000
00000000
00000000
00000000
00000000
00000000
00000000
00000000
00000000
00000000
00000000
00000000
00000000
00000000
00000000
00000000
00000000
00000000
00000000
00000000
00000000
00000000
00000000
00000000
00000000
00000000
00000000
00000000
00000000
00000000
00000000
00000000
00000000
00000000
00000000
00000000
00000000
00000000
00000000
00000000
00000000
00000000
00000000
00000000
00000000
00000000
00000000
00000000
00000000
00000000
00000000
00000000
00000000
00000000
00000000
00000000
00000000
00000000
00000000
00000000
00000000
00000000
00000000
00000000
00000000
00000000
00000000
00000000
00000000
00000000
00000000
00000000
00000000
00000000
00000000
00000000
00000000
00000000
00000000
00000000
00000000
00000000
00000000
00000000
00000000
00000000
00000000
00000000
00000000
00000000
00000000
00000000
00000000
00000000
00000000
00000000
00000000
00000000
00000000
00000000
00000000
00000000
00000000
00000000
00000000
00000000
00000000
00000000
00000000
00000000
00000000
00000000
00000000
00000000
00000000
00000000
00000000
00000000
00000000
00000000
00000000
00000000
00000000
00000000
00000000
00000000
00000000
00000000
00000000
00000000
00000000
00000000
00000000
00000000
00000000
00000000
00000000
00000000
00000000
00000000
00000000
00000000
00000000
00000000
00000000
00000000
00000000
00000000
00000000
00000000
00000000
00000000
00000000
00000000
00000000
00000000
00000000
00000000
00000000
00000000
00000000
00000000
00000000
00000000
00000000
00000000
00000000
00000000
00000000
00000000
00000000
00000000
00000000
00000000
00000000
00000000
00000000
00000000
00000000
00000000
00000000
00000000
00000000
00000000
00000000
00000000
00000000
00000000
00000000
00000000
00000000
00000000
00000000
00000000
00000000
00000000
00000000
00000000
00000000
00000000
00000000
00000000
00000000
00000000
00000000
00000000
00000000
00000000
00000000
00000000
00000000
00000000
00000000
00000000
00000000
00000000
00000000
00000000
00000000
00000000
00000000
00000000
00000000
00000000
00000000
00000000
00000000
00000000
00000000
00000000
00000000
00000000
00000000
00000000
00000000
00000000
00000000
00000000
00000000
00000000
00000000
00000000
00000000
00000000
00000000
00000000
00000000
00000000
00000000
00000000
00000000
00000000
00000000
00000000
00000000
00000000
00000000
00000000
00000000
00000000
00000000
00000000
00000000
00000000
00000000
00000000
00000000
00000000
00000000
00000000
00000000
00000000
00000000
00000000
00000000
00000000
00000000
00000000
00000000
00000000
00000000
00000000
00000000
00000000
00000000
00000000
00000000
00000000
00000000
00000000
00000000
00000000
00000000
00000000
00000000
00000000
00000000
00000000
00000000
00000000
00000000
00000000
00000000
00000000
00000000
00000000
00000000
00000000
00000000
00000000
00000000
00000000
00000000
00000000
00000000
00000000
00000000
00000000
00000000
00000000
00000000
00000000
00000000
00000000
00000000
00000000
00000000
00000000
00000000
00000000
00000000
00000000
00000000
00000000
00000000
00000000
00000000
00000000
00000000
00000000
00000000
00000000
00000000
00000000
00000000
00000000
00000000
00000000
00000000
00000000
00000000
00000000
00000000
00000000
00000000
00000000
00000000
00000000
00000000
00000000
00000000
00000000
00000000
00000000
00000000
00000000
00000000
00000000
00000000
00000000
00000000
00000000
00000000
00000000
00000000
00000000
00000000
00000000
00000000
00000000
00000000
00000000
00000000
00000000
00000000
00000000
00000000
00000000
00000000
00000000
00000000
00000000
00000000
00000000
00000000
00000000
00000000
00000000
00000000
00000000
00000000
00000000
00000000
00000000
00000000
00000000
00000000
00000000
00000000
00000000
00000000
00000000
00000000
00000000
00000000
00000000
00000000
00000000
00000000
00000000
00000000
00000000
00000000
00000000
00000000
00000000
00000000
00000000
00000000
00000000
00000000
00000000
00000000
00000000
00000000
00000000
00000000
00000000
00000000
00000000
00000000
00000000
00000000
00000000
00000000
00000000
00000000
00000000
00000000
00000000
00000000
00000000
00000000
00000000
00000000
00000000
00000000
00000000
00000000
00000000
00000000
00000000
00000000
00000000
00000000
00000000
00000000
00000000
00000000
00000000
00000000
00000000
00000000
00000000
00000000
00000000
00000000
00000000
00000000
00000000
00000000
00000000
00000000
00000000
00000000
00000000
00000000
00000000
00000000
00000000
00000000
00000000
00000000
00000000
00000000
00000000
00000000
00000000
00000000
00000000
00000000
00000000
00000000
00000000
00000000
00000000
00000000
00000000
00000000
00000000
00000000
00000000
00000000
00000000
00000000
00000000
00000000
00000000
00000000
00000000
00000000
00000000
00000000
00000000
00000000
00000000
00000000
00000000
00000000
00000000
00000000
00000000
00000000
00000000
00000000
00000000
00000000
00000000
00000000
00000000
00000000
00000000
00000000
00000000
00000000
00000000
00000000
00000000
00000000
00000000
00000000
00000000
00000000
00000000
00000000
00000000
00000000
00000000
00000000
00000000
00000000
00000000
00000000
00000000
00000000
00000000
00000000
00000000
00000000
00000000
00000000
00000000
00000000
00000000
00000000
00000000
00000000
00000000
00000000
00000000
00000000
00000000
00000000
00000000
00000000
00000000
00000000
00000000
00000000
00000000
00000000
00000000
00000000
00000000
00000000
00000000
00000000
00000000
00000000
00000000
00000000
00000000
00000000
00000000
00000000
00000000
00000000
00000000
00000000
00000000
00000000
00000000
00000000
00000000
00000000
00000000
00000000
00000000
00000000
00000000
00000000
00000000
00000000
00000000
00000000
00000000
00000000
00000000
00000000
00000000
00000000
00000000
00000000
00000000
00000000
00000000
00000000
00000000
00000000
00000000
00000000
00000000
00000000
00000000
00000000
00000000
00000000
00000000
00000000
00000000
00000000
00000000
00000000
00000000
00000000
00000000
00000000
00000000
00000000
00000000
00000000
00000000
00000000
00000000
00000000
00000000
00000000
00000000
00000000
00000000
00000000
00000000
00000000
00000000
00000000
00000000
00000000
00000000
00000000
00000000
00000000
00000000
00000000
00000000
00000000
00000000
00000000
00000000
00000000
00000000
00000000
00000000
00000000
00000000
00000000
00000000
00000000
00000000
00000000
00000000
00000000
00000000
00000000
00000000
00000000
00000000
00000000
00000000
00000000
00000000
00000000
00000000
00000000
00000000
00000000
00000000
00000000
00000000
00000000
00000000
00000000
00000000
00000000
00000000
00000000
00000000
00000000
00000000
00000000
00000000
00000000
00000000
00000000
00000000
00000000
00000000
00000000
00000000
00000000
00000000
00000000
00000000
00000000
00000000
00000000
00000000
00000000
00000000
00000000
00000000
00000000
00000000
00000000
00000000
00000000
00000000
00000000
00000000
00000000
00000000
00000000
00000000
00000000
00000000
00000000
00000000
00000000
00000000
00000000
00000000
00000000
00000000
00000000
00000000
00000000
00000000
00000000
00000000
00000000
00000000
00000000
00000000
00000000
00000000
00000000
00000000
00000000
00000000
00000000
00000000
00000000
00000000
00000000
00000000
00000000
00000000
00000000
00000000
00000000
00000000
00000000
00000000
00000000
00000000
00000000
00000000
00000000
00000000
00000000
00000000
00000000
00000000
00000000
00000000
00000000
00000000
00000000
00000000
00000000
00000000
00000000
00000000
00000000
00000000
00000000
00000000
00000000
00000000
00000000
00000000
00000000
00000000
00000000
00000000
00000000
00000000
00000000
00000000
00000000
00000000
00000000
00000000
00000000
00000000
00000000
00000000
00000000
00000000
00000000
00000000
00000000
00000000
00000000
00000000
00000000
00000000
00000000
00000000
00000000
00000000
00000000
00000000
00000000
00000000
00000000
00000000
00000000
00000000
00000000
00000000
00000000
00000000
00000000
00000000
00000000
00000000
00000000
00000000
00000000
00000000
00000000
00000000
00000000
00000000
00000000
00000000
00000000
00000000
00000000
00000000
00000000
00000000
00000000
00000000
00000000
00000000
00000000
00000000
00000000
00000000
00000000
00000000
00000000
00000000
00000000
00000000
00000000
00000000
00000000
00000000
00000000
00000000
00000000
00000000
00000000
00000000
00000000
00000000
00000000
00000000
00000000
00000000
00000000
00000000
00000000
00000000
00000000
00000000
00000000
00000000
00000000
00000000
00000000
00000000
00000000
00000000
00000000
00000000
00000000
00000000
00000000
00000000
00000000
00000000
00000000
00000000
00000000
00000000
00000000
00000000
00000000
00000000
00000000
00000000
00000000
00000000
00000000
00000000
00000000
00000000
00000000
00000000
00000000
00000000
00000000
00000000
00000000
00000000
00000000
00000000
00000000
00000000
00000000
00000000
00000000
00000000
00000000
00000000
00000000
00000000
00000000
00000000
00000000
00000000
00000000
00000000
00000000
00000000
00000000
00000000
00000000
00000000
00000000
00000000
00000000
00000000
00000000
00000000
00000000
00000000
00000000
00000000
00000000
00000000
00000000
00000000
00000000
00000000
00000000
00000000
00000000
00000000
00000000
00000000
00000000
00000000
00000000
00000000
00000000
00000000
00000000
00000000
00000000
00000000
00000000
00000000
00000000
00000000
00000000
00000000
00000000
00000000
00000000
00000000
00000000
00000000
00000000
00000000
00000000
00000000
00000000
00000000
00000000
00000000
00000000
00000000
00000000
00000000
00000000
00000000
00000000
00000000
00000000
00000000
00000000
00000000
00000000
00000000
00000000
00000000
00000000
00000000
00000000
00000000
00000000
00000000
00000000
00000000
00000000
00000000
00000000
00000000
00000000
00000000
00000000
00000000
00000000
00000000
00000000
00000000
00000000
00000000
00000000
00000000
00000000
00000000
00000000
00000000
00000000
00000000
00000000
00000000
00000000
00000000
00000000
00000000
00000000
00000000
00000000
00000000
00000000
00000000
00000000
00000000
00000000
00000000
00000000
00000000
00000000
00000000
00000000
00000000
00000000
00000000
00000000
00000000
00000000
00000000
00000000
00000000
00000000
00000000
00000000
00000000
00000000
00000000
00000000
00000000
00000000
00000000
00000000
00000000
00000000
00000000
00000000
00000000
00000000
00000000
00000000
00000000
00000000
00000000
00000000
00000000
00000000
00000000
00000000
00000000
00000000
00000000
00000000
00000000
00000000
00000000
00000000
00000000
00000000
00000000
00000000
00000000
00000000
00000000
00000000
00000000
00000000
00000000
00000000
00000000
00000000
00000000
00000000
00000000
00000000
00000000
00000000
00000000
00000000
00000000
00000000
00000000
00000000
00000000
00000000
00000000
00000000
00000000
00000000
00000000
00000000
00000000
00000000
00000000
00000000
00000000
00000000
00000000
00000000
00000000
00000000
00000000
00000000
00000000
00000000
00000000
00000000
00000000
00000000
00000000
00000000
00000000
00000000
00000000
00000000
00000000
00000000
00000000
00000000
00000000
00000000
00000000
00000000
00000000
00000000
00000000
00000000
00000000
00000000
00000000
00000000
00000000
00000000
00000000
00000000
00000000
00000000
00000000
00000000
00000000
00000000
00000000
00000000
00000000
00000000
00000000
00000000
00000000
00000000
00000000
00000000
00000000
00000000
00000000
00000000
00000000
00000000
00000000
00000000
00000000
00000000
00000000
00000000
00000000
00000000
00000000
00000000
00000000
00000000
00000000
00000000
00000000
00000000
00000000
00000000
00000000
00000000
00000000
00000000
00000000
00000000
00000000
00000000
00000000
00000000
00000000
00000000
00000000
00000000
00000000
00000000
00000000
00000000
00000000
00000000
00000000
00000000
00000000
00000000
00000000
00000000
00000000
00000000
00000000
00000000
00000000
00000000
00000000
00000000
00000000
00000000
00000000
00000000
00000000
00000000
00000000
00000000
00000000
00000000
00000000
00000000
00000000
00000000
00000000
00000000
00000000
00000000
00000000
00000000
00000000
00000000
00000000
00000000
00000000
00000000
00000000
00000000
00000000
00000000
00000000
00000000
00000000
00000000
00000000
00000000
00000000
00000000
00000000
00000000
00000000
00000000
00000000
00000000
00000000
00000000
00000000
00000000
00000000
00000000
00000000
00000000
00000000
00000000
00000000
00000000
00000000
00000000
00000000
00000000
00000000
00000000
00000000
00000000
00000000
00000000
00000000
00000000
00000000
00000000
00000000
00000000
00000000
00000000
00000000
00000000
00000000
00000000
00000000
00000000
00000000
00000000
00000000
00000000
00000000
00000000
00000000
00000000
00000000
00000000
00000000
00000000
00000000
00000000
00000000
00000000
00000000
00000000
00000000
00000000
00000000
00000000
00000000
00000000
00000000
00000000
00000000
00000000
00000000
00000000
00000000
00000000
00000000
00000000
00000000
00000000
00000000
00000000
00000000
00000000
00000000
00000000
00000000
00000000
00000000
00000000
00000000
00000000
00000000
00000000
00000000
00000000
00000000
00000000
00000000
00000000
00000000
00000000
00000000
00000000
00000000
00000000
00000000
00000000
00000000
00000000
00000000
00000000
00000000
00000000
00000000
00000000
00000000
00000000
00000000
00000000
00000000
00000000
00000000
00000000
00000000
00000000
00000000
00000000
00000000
00000000
00000000
00000000
00000000
00000000
00000000
00000000
00000000
00000000
00000000
00000000
00000000
00000000
00000000
00000000
00000000
00000000
00000000
00000000
00000000
00000000
00000000
00000000
00000000
00000000
00000000
00000000
00000000
00000000
00000000
00000000
00000000
00000000
00000000
00000000
00000000
00000000
00000000
00000000
00000000
00000000
00000000
00000000
00000000
00000000
00000000
00000000
00000000
00000000
00000000
00000000
00000000
00000000
00000000
00000000
00000000
00000000
00000000
00000000
00000000
00000000
00000000
00000000
00000000
00000000
00000000
00000000
00000000
00000000
00000000
00000000
00000000
00000000
00000000
00000000
00000000
00000000
00000000
00000000
00000000
00000000
00000000
00000000
00000000
00000000
00000000
00000000
00000000
00000000
00000000
00000000
00000000
00000000
00000000
00000000
00000000
00000000
00000000
00000000
00000000
00000000
00000000
00000000
00000000
00000000
00000000
00000000
00000000
00000000
00000000
00000000
00000000
00000000
00000000
00000000
00000000
00000000
00000000
00000000
00000000
00000000
00000000
00000000
00000000
00000000
00000000
00000000
00000000
00000000
00000000
00000000
00000000
00000000
00000000
00000000
00000000
00000000
00000000
00000000
00000000
00000000
00000000
00000000
00000000
00000000
00000000
00000000
00000000
00000000
00000000
00000000
00000000
00000000
00000000
00000000
00000000
00000000
00000000
00000000
00000000
00000000
00000000
00000000
00000000
00000000
00000000
00000000
00000000
00000000
00000000
00000000
00000000
00000000
00000000
00000000
00000000
00000000
00000000
00000000
00000000
00000000
00000000
00000000
00000000
00000000
00000000
00000000
00000000
00000000
00000000
00000000
00000000
00000000
00000000
00000000
00000000
00000000
00000000
00000000
00000000
00000000
00000000
00000000
00000000
00000000
00000000
00000000
00000000
00000000
00000000
00000000
00000000
00000000
00000000
00000000
00000000
00000000
00000000
00000000
00000000
00000000
00000000
00000000
00000000
00000000
00000000
00000000
00000000
00000000
00000000
00000000
00000000
00000000
00000000
00000000
00000000
00000000
00000000
00000000
00000000
00000000
00000000
00000000
00000000
00000000
00000000
00000000
00000000
00000000
00000000
00000000
00000000
00000000
00000000
00000000
00000000
00000000
00000000
00000000
00000000
00000000
00000000
00000000
00000000
00000000
00000000
00000000
00000000
00000000
00000000
00000000
00000000
00000000
00000000
00000000
00000000
00000000
00000000
00000000
00000000
00000000
00000000
00000000
00000000
00000000
00000000
00000000
00000000
00000000
00000000
00000000
00000000
00000000
00000000
00000000
00000000
00000000
00000000
00000000
00000000
00000000
00000000
00000000
00000000
00000000
00000000
00000000
00000000
00000000
00000000
00000000
00000000
00000000
00000000
00000000
00000000
00000000
00000000
00000000
00000000
00000000
00000000
00000000
00000000
00000000
00000000
00000000
00000000
00000000
00000000
00000000
00000000
00000000
00000000
00000000
00000000
00000000
00000000
00000000
00000000
00000000
00000000
00000000
00000000
00000000
00000000
00000000
00000000
00000000
00000000
00000000
00000000
00000000
00000000
00000000
00000000
00000000
00000000
00000000
00000000
00000000
00000000
00000000
00000000
00000000
00000000
00000000
00000000
00000000
00000000
00000000
00000000
00000000
00000000
00000000
00000000
00000000
00000000
00000000
00000000
00000000
00000000
00000000
00000000
00000000
00000000
00000000
00000000
00000000
00000000
00000000
00000000
00000000
00000000
00000000
00000000
00000000
00000000
00000000
00000000
00000000
00000000
00000000
00000000
00000000
00000000
00000000
00000000
00000000
00000000
00000000
00000000
00000000
00000000
00000000
00000000
00000000
00000000
00000000
00000000
00000000
00000000
00000000
00000000
00000000
00000000
00000000
00000000
00000000
00000000
00000000
00000000
00000000
00000000
00000000
00000000
00000000
00000000
00000000
00000000
00000000
00000000
00000000
00000000
00000000
00000000
00000000
00000000
00000000
00000000
00000000
00000000
00000000
00000000
00000000
00000000
00000000
00000000
00000000
00000000
00000000
00000000
00000000
00000000
00000000
00000000
00000000
00000000
00000000
00000000
00000000
00000000
00000000
00000000
00000000
00000000
00000000
00000000
00000000
00000000
00000000
00000000
00000000
00000000
00000000
00000000
00000000
00000000
00000000
00000000
00000000
00000000
00000000
00000000
00000000
00000000
00000000
00000000
00000000
00000000
00000000
00000000
00000000
00000000
00000000
00000000
00000000
00000000
00000000
00000000
00000000
00000000
00000000
00000000
00000000
00000000
00000000
00000000
00000000
00000000
00000000
00000000
00000000
00000000
00000000
00000000
00000000
00000000
00000000
00000000
00000000
00000000
00000000
00000000
00000000
00000000
00000000
00000000
00000000
00000000
00000000
00000000
00000000
00000000
00000000
00000000
00000000
00000000
00000000
00000000
00000000
00000000
00000000
00000000
00000000
00000000
00000000
00000000
00000000
00000000
00000000
00000000
00000000
00000000
00000000
00000000
00000000
00000000
00000000
00000000
00000000
00000000
00000000
00000000
00000000
00000000
00000000
00000000
00000000
00000000
00000000
00000000
00000000
00000000
00000000
00000000
00000000
00000000
00000000
00000000
00000000
00000000
00000000
00000000
00000000
00000000
00000000
00000000
00000000
00000000
00000000
00000000
00000000
00000000
00000000
00000000
00000000
00000000
00000000
00000000
00000000
00000000
00000000
00000000
00000000
00000000
00000000
00000000
00000000
00000000
00000000
00000000
00000000
00000000
00000000
00000000
00000000
00000000
00000000
00000000
00000000
00000000
00000000
00000000
00000000
00000000
00000000
00000000
00000000
00000000
00000000
00000000
00000000
00000000
00000000
00000000
00000000
00000000
00000000
00000000
00000000
00000000
00000000
00000000
00000000
00000000
00000000
00000000
00000000
00000000
00000000
00000000
00000000
00000000
00000000
00000000
00000000
00000000
00000000
00000000
00000000
00000000
00000000
00000000
00000000
00000000
00000000
00000000
00000000
00000000
00000000
00000000
00000000
00000000
00000000
00000000
00000000
00000000
00000000
00000000
00000000
00000000
00000000
00000000
00000000
00000000
00000000
00000000
00000000
00000000
00000000
00000000
00000000
00000000
00000000
00000000
00000000
00000000
00000000
00000000
00000000
00000000
00000000
00000000
00000000
00000000
00000000
00000000
00000000
00000000
00000000
00000000
00000000
00000000
00000000
00000000
00000000
00000000
00000000
00000000
00000000
00000000
00000000
00000000
00000000
00000000
00000000
00000000
00000000
00000000
00000000
00000000
00000000
00000000
00000000
00000000
00000000
00000000
00000000
00000000
00000000
00000000
00000000
00000000
00000000
00000000
00000000
00000000
00000000
00000000
00000000
00000000
00000000
00000000
00000000
00000000
00000000
00000000
00000000
00000000
00000000
00000000
00000000
00000000
00000000
00000000
00000000
00000000
00000000
00000000
00000000
00000000
00000000
00000000
00000000
00000000
00000000
00000000
00000000
00000000
00000000
00000000
00000000
00000000
00000000
00000000
00000000
00000000
00000000
00000000
00000000
00000000
00000000
00000000
00000000
00000000
00000000
00000000
00000000
00000000
00000000
00000000
00000000
00000000
00000000
00000000
00000000
00000000
00000000
00000000
00000000
00000000
00000000
00000000
00000000
00000000
00000000
00000000
00000000
00000000
00000000
00000000
00000000
00000000
00000000
00000000
00000000
00000000
00000000
00000000
00000000
00000000
00000000
00000000
00000000
00000000
00000000
00000000
00000000
00000000
00000000
00000000
00000000
00000000
00000000
00000000
00000000
00000000
00000000
00000000
00000000
00000000
00000000
00000000
00000000
00000000
00000000
00000000
00000000
00000000
00000000
00000000
00000000
00000000
00000000
00000000
00000000
00000000
00000000
00000000
00000000
00000000
00000000
00000000
00000000
00000000
00000000
00000000
00000000
00000000
00000000
00000000
00000000
00000000
00000000
00000000
00000000
00000000
00000000
00000000
00000000
00000000
00000000
00000000
00000000
00000000
00000000
00000000
00000000
00000000
00000000
00000000
00000000
00000000
00000000
00000000
00000000
00000000
00000000
00000000
00000000
00000000
00000000
00000000
00000000
00000000
00000000
00000000
00000000
00000000
00000000
00000000
00000000
00000000
00000000
00000000
00000000
00000000
00000000
00000000
00000000
00000000
00000000
00000000
00000000
00000000
00000000
00000000
00000000
00000000
00000000
00000000
00000000
00000000
00000000
00000000
00000000
00000000
00000000
00000000
00000000
00000000
00000000
00000000
00000000
00000000
00000000
00000000
00000000
00000000
00000000
00000000
00000000
00000000
00000000
00000000
00000000
00000000
00000000
00000000
00000000
00000000
00000000
00000000
00000000
00000000
00000000
00000000
00000000
00000000
00000000
00000000
00000000
00000000
00000000
00000000
00000000
00000000
00000000
00000000
00000000
00000000
00000000
00000000
00000000
00000000
00000000
00000000
00000000
00000000
00000000
00000000
00000000
00000000
00000000
00000000
00000000
00000000
00000000
00000000
00000000
00000000
00000000
00000000
00000000
00000000
00000000
00000000
00000000
00000000
00000000
00000000
00000000
00000000
00000000
00000000
00000000
00000000
00000000
00000000
00000000
00000000
00000000
00000000
00000000
00000000
00000000
00000000
00000000
00000000
00000000
00000000
00000000
00000000
00000000
00000000
00000000
00000000
00000000
00000000
00000000
00000000
00000000
00000000
00000000
00000000
00000000
00000000
00000000
00000000
00000000
00000000
00000000
00000000
00000000
00000000
00000000
00000000
00000000
00000000
00000000
00000000
00000000
00000000
00000000
00000000
00000000
00000000
00000000
00000000
00000000
00000000
00000000
00000000
00000000
00000000
00000000
00000000
00000000
00000000
00000000
00000000
00000000
00000000
00000000
00000000
00000000
00000000
00000000
00000000
00000000
00000000
00000000
00000000
00000000
00000000
00000000
00000000
00000000
00000000
00000000
00000000
00000000
00000000
00000000
00000000
00000000
00000000
00000000
00000000
00000000
00000000
00000000
00000000
00000000
00000000
00000000
00000000
00000000
00000000
00000000
00000000
00000000
00000000
00000000
00000000
00000000
00000000
00000000
00000000
00000000
00000000
00000000
00000000
00000000
00000000
00000000
00000000
00000000
00000000
00000000
00000000
00000000
00000000
00000000
00000000
00000000
00000000
00000000
00000000
00000000
00000000
00000000
00000000
00000000
00000000
00000000
00000000
00000000
00000000
00000000
00000000
00000000
00000000
00000000
00000000
00000000
00000000
00000000
00000000
00000000
00000000
00000000
00000000
00000000
00000000
00000000
00000000
00000000
00000000
00000000
00000000
00000000
00000000
00000000
00000000
00000000
00000000
00000000
00000000
00000000
00000000
00000000
00000000
00000000
00000000
00000000
00000000
00000000
00000000
00000000
00000000
00000000
00000000
00000000
00000000
00000000
00000000
00000000
00000000
00000000
00000000
00000000
00000000
00000000
00000000
00000000
00000000
ffffdce1
00000eb4
ffffe55b
ffffd931
ffffd116
ffffddb0
ffffd24d
00000ff7
ffffe0b1
ffffe7af
ffffd721
ffffd5e6
00001041
00001cd8
ffffddd5
ffffe3b3
fffff057
fffff96c
ffffd75f
ffffd750
ffffec64
ffffe707
00000810
ffffda39
ffffce52
ffffe69a
fffff297
ffffedb5
ffffd933
ffffd69e
ffffc703
fffff090
fffff576
fffff287
ffffeabe
ffffe37c
fffffa3b
ffffb3da
ffffb92d
00000dad
000013aa
ffffc66e
fffff2d6
fffff92b
ffffd61d
0000172b
0000057b
fffffeb5
fffff504
ffffe635
ffffe015
ffffcabf
ffffff2f
ffffd334
ffffac5e
000004d2
ffffe56b
ffffd441
ffffec1b
ffffe43c
fffff44c
ffffca1b
ffffdca9
ffffdf6e
ffffbd26
ffffbddd
ffffdabe
fffffbe5
fffff5a4
ffffdf8d
ffffd3a9
ffffe72d
ffffe235
ffffcf81
ffffb3bc
00000434
ffffc330
00000c30
ffffd5bb
fffff1c2
00001346
0000098c
0000085e
ffffe0ba
00000dde
ffffbe00
fffffe18
ffffd3ed
fffffa37
ffffffde
fffff87e
fffff72f
ffffd214
ffffe87a
ffffd66f
ffffbf20
ffffe50b
ffffe4a6
fffffdaf
ffffc913
ffffae17
fffff25f
ffffc3e9
ffffe974
fffff191
ffffec39
ffffc8c6
ffffefaa
ffffcb16
ffffd0bf
ffffb922
ffffdfca
ffffd6b4
ffffc7a9
00000728
fffff522
ffffc447
ffffda44
ffffffac
00000274
000000bb
ffffc734
ffffeda4
ffffe898
ffffe6b1
ffffd992
fffffec0
ffffeff3
ffffe09b
fffff9cf
fffff864
ffffe6be
fffffa45
ffffcbee
ffffc868
fffff854
ffffd17c
ffffe581
ffffe8aa
ffffe51e
00001075
fffff027
fffff9cc
ffffd33f
fffff9cd
000004d9
ffffc275
ffffd524
fffffc79
ffffe4f7
ffffe460
ffffbc85
ffffe369
ffffdfb7
ffffe94a
000022d2
fffffc6b
ffffd611
ffffe976
ffffeed4
ffffd9b0
ffffd697
ffffcda2
ffffbebe
ffffa2db
ffffe3e8
ffffe787
ffffed84
ffffca1f
ffffecf4
0000061e
fffff7d8
fffff6e0
fffff8c4
000019be
00000090
fffffcc2
ffffccb6
00000bf6
ffffe091
fffff059
fffff578
fffff061
ffffe21e
ffffa9b9
ffffafa0
fffff0f8
ffffda66
ffffc115
fffff1a1
ffffe4e2
ffffc153
fffffa32
00000010
ffffe888
fffffa34
fffff40a
ffffd394
ffffe534
fffff75a
ffffa61f
fffff0d1
ffffe3b9
ffffcd51
ffffd8a2
000001e1
0000000d
fffff9c5
ffffeba2
00000004
ffffeb48
ffffef09
fffff575
ffffc939
000005ce
ffffeeae
ffffd3fd
fffffb0f
ffffbf6a
ffffdb7f
ffffb9a5
fffff611
ffffdfd5
fffff4b2
fffff167
ffffdf6d
fffff3b2
fffff2e2
fffff31b
ffffad98
fffff6c9
fffff3c6
fffffff8
fffffb3a
00000288
ffffe91a
fffffc44
fffffa70
00000642
fffffe7c
fffff10b
fffff414
ffffef62
ffffd27a
ffffca07
ffffe002
fffff939
ffffc7ab
00000211
ffffc991
ffffe549
0000174c
fffff9a7
fffff576
ffffd2d3
fffff49a
ffffe9ed
ffffbd57
00000340
00000516
ffffb8fd
ffffb6bf
ffffd8f2
ffffd070
ffffbe99
ffffebd1
ffffef41
ffffe49e
fffff1af
fffff959
fffffc6e
ffffefd5
ffffea51
fffff277
ffffbd36
fffff4e0
ffffe51b
ffffbe4d
ffffcdbc
fffff7f5
fffff77c
ffffd52f
ffffed59
fffffcc0
ffffaf6a
ffffe98e
fffff0b5
ffffd02c
ffffbd43
ffffe5a9
fffff2e6
ffffc709
00000839
ffffc97d
fffffb43
fffffb56
fffff915
ffffe8d7
ffffe2cf
ffffbf78
ffffde06
00000b36
ffffea2a
ffffcfd2
ffffd9d9
ffffeb56
ffffaed6
fffff3d0
ffffed12
fffff6dd
00000270
ffffc028
fffffc43
ffffe400
ffffd97b
fffff5fd
ffffe1c0
fffff933
ffffed50
fffffbd8
ffffcf4e
ffffa6ad
fffff4be
ffffff07
ffffed95
ffffea4d
fffff35d
00000012
fffffe32
fffffe78
fffff013
ffffb5cf
ffffed64
ffffe96c
0000061f
fffff1e0
fffff453
ffffca30
ffffdeeb
ffffcde3
ffffd4df
ffffd080
ffffad71
fffffe68
000004c3
ffffe85a
ffffb06d
ffffc802
ffffe619
ffffd7d2
fffff18a
00000330
000007f0
ffffda39
fffff557
ffffd54d
ffffb332
fffff514
fffff814
ffffec57
00000317
00000811
fffff0bf
ffffed6e
fffffc22
0000005b
fffff052
ffffd3ae
ffffecae
ffffd6b7
fffff145
ffffeb8c
fffff72e
ffffefc3
ffffe915
fffffde8
ffffff63
ffffff19
ffffc0d8
fffff39c
fffff4c9
0000001c
ffffd4d9
ffffbd72
ffffeae8
00000519
fffff76a
ffffe8fa
ffffe622
ffffda62
fffffb0b
ffffecce
fffffdde
ffffccfc
ffffebfc
ffffdba4
00000696
fffffe03
0000024e
ffffcae6
ffffd8d5
ffffd0ec
ffffcfc9
00000506
000001ea
fffffb94
fffff193
fffff1b3
ffffd754
ffffd0dd
ffffc954
ffffdea2
fffff538
000004c1
ffffdcac
fffff138
ffffe60c
ffffc2a8
ffffef51
ffffe1a8
ffffbd62
ffffdd7e
fffff6fe
ffffc6d5
ffffe973
ffffdc13
fffff784
ffffda91
fffff92a
ffffbca2
ffffbe2e
ffffe334
fffff0e2
ffffe9bb
ffffd0ba
00001605
ffffe5db
ffffc3c0
ffffd3b4
ffffc648
fffff8ea
ffffd2ae
fffffcd9
ffffd24f
ffffb774
fffffc10
fffffae4
ffffe0d8
ffffce5a
ffffdd68
00000170
fffff4fc
ffffe37b
fffff280
ffffe868
ffffa528
ffffecb9
fffff768
ffffc9f2
fffff5cd
ffff93b9
ffffec11
fffffab6
ffffe2d4
fffff6a4
ffffd9da
ffffea66
fffffa02
ffffe27a
00000b9c
fffffd75
fffffa92
ffffe756
00000e4b
ffffd80a
fffffbb0
fffff10b
ffffc0aa
fffff622
ffffd4ea
fffff523
00000191
ffffeba0
fffff1f2
ffffec54
ffffa926
fffff84e
ffffda87
ffffed88
ffffe97e
fffff31c
ffffba2d
fffff1e8
fffffaf0
fffff8b5
ffffe84e
fffff161
fffffa53
fffffa59
fffff712
ffffbc7f
ffffed00
ffffe6c5
ffffb55f
ffffec4b
ffffe313
fffff1ed
ffffbe32
fffffbeb
ffffd5b0
fffffc10
fffffe21
ffffff6c
ffffeac7
fffffec8
ffffe107
ffffe9cc
fffff572
fffff28c
ffffe4eb
ffffdbce
ffffefbc
fffffaf7
fffffd28
ffffdaab
ffffb891
ffffde0b
ffffe36f
ffffe5ef
000001da
ffffd575
fffff863
00000068
ffffebe1
ffffe8aa
ffffca83
ffffed86
ffffa229
ffffefe8
fffff2dc
ffffe7f9
fffff3b1
0000017e
ffffeba0
fffffadf
ffffd807
000000e4
fffff807
ffffe136
ffffdfce
ffffa0fc
fffffa15
fffffec5
fffffccc
ffffe71e
000000e8
ffffb39c
ffffc728
fffff949
ffffedb2
fffff34f
ffffe1db
ffffe585
ffffd34a
ffffefbd
ffffdd89
fffff4e7
ffffe5d3
ffffe705
fffff3f1
ffffeb4b
ffffe0cd
ffffe93c
fffffa34
ffffdaf9
ffffbffd
ffffe198
fffff198
fffff8fe
ffffeb6a
0000071b
ffffefee
fffffa3b
fffffeeb
ffffdfd6
fffff6a2
fffff88f
00000261
fffff3fc
ffffd6f6
fffff127
ffffd5b2
ffffdc64
00000676
0000032d
fffff738
fffff803
fffff3e1
fffff9e1
ffffffef
fffff66b
ffffefe0
fffff12c
fffff711
ffffb024
ffffed4d
ffffc846
ffffeefa
0000018a
00000cb3
fffff3f7
fffffb74
fffff499
ffffe12f
fffff716
ffffc18c
000001c0
0000011a
fffff721
ffffc4f2
00000157
ffffe77d
ffffd7c8
ffffc61c
fffff7ac
ffffe3ff
ffffbf45
ffffe4b8
ffffee13
ffffec07
ffffe5af
ffffe7db
ffffe97d
ffffe5d5
00000e6f
fffff929
ffffc0d7
fffffb33
fffffe52
00000594
ffffd37d
fffff0b9
00000868
ffffd47c
fffff856
fffff22f
000004cf
ffffeb3d
ffffdf51
fffff7aa
ffffe848
ffffde31
ffffed42
000004ec
ffffee07
ffffc2ac
fffff04b
ffffec04
ffffd421
ffffa2a3
ffffd9dc
fffff244
ffffe766
ffffeccb
ffffcf4a
ffffb900
0000037b
ffffab5b
fffff0f9
000002ef
fffff8db
ffffac0c
ffffe51e
fffff5f3
ffffb1aa
ffffe551
0000071e
000004aa
fffffdc9
ffffffbf
fffff170
ffffd8ca
ffffe472
ffffecae
ffffefcd
ffffe270
fffff527
00000206
ffffbacd
ffffdb33
ffffcd6d
fffffd70
ffffd94f
fffff203
ffffe97a
0000013a
ffffe3ae
fffff758
ffffe6c3
ffffe26a
ffffdd29
ffffa6ba
00000010
ffffa3c5
ffffcb2a
ffffe842
fffff4f2
ffffeeb5
ffffe040
ffffb6a0
ffffea5a
ffffe9d2
ffffd369
000003a9
fffffe92
00000192
ffffef0a
ffffd1e5
ffffcbd4
ffffd822
ffffed6a
ffffed99
ffffef39
ffffba15
fffffe65
ffffd08b
ffffdb3b
fffff1f8
fffff905
fffffae1
fffff12b
ffffc78b
ffffe8e2
fffff62b
ffffb144
fffff89d
ffffbe59
fffff9a8
ffffdf8b
ffffd866
ffffc08f
ffffdedd
ffffe91f
00000a9d
ffff9f99
fffff79f
ffffd111
ffffbcfb
fffff50d
00000b19
fffff528
ffffe9d1
ffffe05f
ffffc92d
ffffe8e4
ffffaf50
ffffec68
ffffc4fa
fffffdfa
ffffe1d0
fffffa75
ffffe46b
ffffe252
00000fbf
fffff14b
fffffca6
ffffe131
ffffe7d2
fffffef1
000000b0
ffffe761
fffff570
000003c3
ffffe8b8
fffff447
fffff933
ffffac9f
fffff7a2
ffffaa09
ffffe55f
ffffee31
fffff21b
ffffee01
fffff6a2
00000379
000002cc
fffffded
fffff861
fffffa7c
ffffeec1
fffffd88
ffffee59
ffffdcf6
ffffb26b
ffffcf1e
fffffb30
fffff339
fffff4ca
fffffbe5
fffffed9
fffffe48
fffff97b
0000005a
ffffce28
00000f19
ffffc812
ffffded0
ffffe9f9
ffffab5c
ffffd5d3
ffffb9d0
00000b9b
ffffe6fd
fffff225
ffffd85d
fffffa8c
ffffec28
fffffd92
ffffedb0
00000236
ffffe2f6
fffff911
000007a1
00000268
ffffc3ec
fffff59e
0000027c
ffffdeb6
ffffa276
fffffd48
fffff945
ffffd66b
fffff2b8
ffffd816
fffffdb5
ffffe187
ffffc802
00000a61
fffffa65
fffff3cd
fffff032
ffffedfb
ffffd7ee
fffff3a0
ffffcf21
ffffcf4f
ffffa2e5
ffffc4c9
ffffeaf4
fffff6be
ffffe6fa
000004a6
ffffafc8
ffffd830
ffffb106
0000032a
ffffe880
fffffb7c
ffffa36f
00000103
ffffeefc
ffffc6ee
ffffb91a
ffffe91b
ffffb4c9
fffff795
fffffc44
0000054a
ffffea27
000009a1
ffffc261
fffffac0
ffffd2e3
ffff9583
ffffd699
ffffe7a3
ffffc578
ffffc5dc
ffffe737
ffffc611
ffffd876
ffffc6d3
ffffe03f
fffff9cc
ffffead7
ffffbfb6
ffffe26e
0000051a
000014e7
ffffdb45
ffffe9ae
ffffb52a
ffffa35a
fffff569
ffffda61
ffffeb9f
fffffd95
000001e8
ffffd601
ffffe39e
0000028e
ffffc7d9
ffffe2fa
fffff271
000008a3
ffffeb1e
ffffcbd5
ffffd9ff
fffffdc5
fffff966
ffffbbca
ffffeee5
ffffd97a
ffffcc66
0000052a
ffffddc4
fffff8a3
ffffe3e8
ffffdf5e
ffffc5d4
ffffde47
00000517
ffffc402
ffffdf5e
ffffac0b
ffffe6d6
ffffc157
ffff9948
ffffb3b7
ffffb7a3
ffffdac6
ffffbd09
ffffb2b9
ffffd430
ffffdccc
000002a5
000005b0
ffffee1f
fffff501
ffffc269
fffff093
ffffbfdc
00000140
fffff5c1
fffffb1f
000001e6
ffffce57
fffff12b
ffffc66a
fffffb72
ffffb972
ffffe73c
ffffa591
ffffe135
ffffc3d6
fffffcea
ffffe04a
ffffeef4
ffffd7db
fffff74c
ffffcc09
ffffc8e5
ffffd643
fffff442
fffff712
fffff88a
ffffdd87
ffffdd2e
ffff7576
ffffb163
ffffb786
ffffd400
fffff4c9
ffffd184
fffff52b
ffffe333
ffffedfe
fffff50f
fffffb75
ffffed8b
ffffe7c5
fffffc4d
ffffca39
ffffcdaa
ffffc9f6
ffffeb75
ffffd7c2
fffff0e4
ffffc2be
ffffdd25
ffffb166
ffffec9f
ffffd5ac
ffffb3c1
ffffd3d3
fffffe32
ffffd8e3
ffffc1b5
fffff1db
ffffcb6c
ffffd4e3
ffffde6a
fffffcab
ffffad49
fffff229
ffffe0d1
ffffb7cd
ffffd100
ffffd562
ffffd110
ffffd852
ffffbf55
fffffa67
ffffdad4
ffffe0b3
ffffc787
ffffaffb
ffffc951
ffffb0b5
fffff84b
ffffc407
ffffd96e
00000088
ffffe9b8
ffffb5f7
00000097
ffffd236
fffff985
ffffb853
ffffb6bc
ffffca11
fffff2be
ffffc1fd
ffffaf42
ffffdea5
ffffeb0b
ffffb3ec
ffffa447
ffffe188
ffffc81c
fffff85e
ffffd7cd
ffffc979
ffffd1f5
ffffe220
fffffd2c
fffff954
00000240
fffff8b8
ffffc8d9
ffffc42e
ffffcc3e
fffff54a
fffff627
ffffde0f
ffffdce2
ffffca64
fffff02a
ffffd445
00000207
ffff9f1b
ffffcc4b
ffffb827
ffffeb36
ffffa977
ffffd4f9
ffffd59e
ffffcd6e
ffffeb48
ffffcf11
ffffdef9
ffffcca8
fffff0c2
ffffee63
fffffb9d
fffffe6e
ffffd8c0
ffffb082
ffffd9b8
ffffbcab
ffffab7d
ffffbca3
ffffeac1
ffffe05b
ffffe1e9
fffffa13
fffff91e
ffffd896
000002a3
ffffd589
fffff95b
ffffa91a
ffffde52
ffffc69f
ffffd341
ffffd978
ffffd2aa
00000c37
fffff379
ffffc82f
ffffe53f
ffffdaa5
ffffdfe0
000005c7
ffffcc6c
ffffbe88
fffff54f
ffffb69d
ffffe89c
ffffc9ab
ffffd105
ffffdcb4
ffffd60a
ffffe6ba
ffffeb62
fffff0dc
ffffea02
ffffd557
ffffece0
fffff7ac
ffffd5ba
ffffed15
ffffe67c
ffffe81b
fffff0bc
ffffcee5
ffffe716
ffffd04a
fffff911
ffffd036
ffffd267
ffffde55
ffffc9bd
fffff9c1
ffffe629
ffffcb1a
ffffafe1
ffffbea2
ffffe944
ffffe87b
ffffd217
fffff2c1
fffff798
ffffcd83
fffff1e8
ffffeb86
ffffd1be
ffffc2a8
ffffca34
ffffff01
00000897
fffffceb
ffffe6fa
ffffcbee
ffffcd43
ffffecee
fffff1fb
ffffebc2
ffffc5cc
ffffd09b
ffffd631
ffffc3a3
fffff7ec
fffffb65
ffffe78f
ffffb7c5
ffffb39c
ffffb9a6
ffffbd9b
ffffdca4
ffffd349
ffffce87
ffffdc56
ffffd606
ffffb2ee
ffffb74b
ffffc8ca
ffffbc4b
fffffa53
ffffe159
ffffc86f
ffffb784
fffffe7d
ffffb954
ffffb01d
ffffab79
ffffc2e3
ffffeae6
ffffebf4
fffffa34
ffffcef0
ffffe2b3
ffffbebd
fffff875
ffffd628
fffffbdb
ffffe75b
fffff83c
ffffcaac
ffffb99a
ffffe624
fffff486
ffffe092
ffffdb84
ffffc220
ffffc117
ffffd913
ffffe360
ffffc63f
ffffd6b7
ffffb8c8
0000053f
ffffb7d0
ffffb728
ffffdda4
ffffa358
ffffe2b0
fffff3f1
ffffde05
ffffe08b
ffffd1fc
ffffec21
ffffefd8
ffffd988
ffffd006
ffffbc28
ffffcd17
ffffe0c6
ffffc624
ffffe740
fffff78a
ffffe19d
fffff7a5
ffffd76f
ffffc15c
ffffc945
ffffb7b5
ffffd78d
ffffae19
ffffe928
fffff95d
ffffe57b
ffffc4c3
00000903
ffffbd28
ffff9e00
ffffe348
ffffea4e
ffffe9b9
ffffe668
ffffb893
fffff7c1
ffffe07d
ffffdccd
fffff1b7
ffffeb0a
ffffc8cb
ffffdb90
ffffd66e
ffffcf8f
00000080
ffffdaf0
ffffa7de
ffffd4b8
ffffee26
ffffc022
ffffa673
ffffd566
fffff425
fffff234
ffffdae2
ffffd78f
ffffb7cc
ffffe688
ffffda17
ffffcaff
ffffcd7f
ffffc154
ffffe0a8
ffffbfb0
ffffab2a
fffff16c
ffffb3b9
fffff9a1
ffffd36a
ffffbfab
ffffb853
ffffd0e9
ffffe90f
ffffe705
ffffe169
ffffddb0
ffffdaa7
ffffba62
ffffd9f5
ffffa8df
ffffea6a
ffffd94c
ffffcec6
ffffefa3
ffffcf27
ffffcc36
ffffa161
ffffc328
ffffcaff
ffffb5cb
ffffe677
ffffd8b9
ffffe3e5
ffffe199
fffff0e1
ffffde4f
ffffbbff
fffffe43
ffffc85e
ffffb8f4
ffffff7b
ffffe3e8
ffffe1ce
ffffedfc
ffffe41d
ffffcb8c
ffffd988
ffffe90b
fffff7f5
ffffbc01
ffffe977
ffffce08
ffffa441
ffffd310
ffffe3ab
ffffce5d
ffffb46a
ffffd6c2
ffffd005
ffffe242
ffffdb6a
ffffbdb1
ffffd679
ffffd0bb
ffffc60b
ffffc5ec
ffffe363
ffffe593
ffffdaa5
ffffb7e8
ffffdbbf
ffffd801
ffffe7b4
fffffe42
ffffbeef
ffffb0ab
ffffc948
ffffd884
ffffc354
ffffb156
ffffcc5a
ffffc6ac
ffffca10
ffffe40f
ffffd062
ffffc601
ffffeba9
ffffda3d
ffffdba9
ffffccab
ffffc73d
ffffd842
ffffbf1c
fffff03f
ffffc970
00000017
ffffe433
ffffceeb
ffffb2d6
ffffd987
ffffd381
ffffd7c2
fffff7d5
ffff92bd
ffffebec
ffffe3f3
ffffdd71
ffffad69
ffffaf51
ffffe8f0
ffffb193
ffff96d6
ffffbe71
ffffb956
fffffae1
ffff9e9a
ffffd15f
ffffc5c1
ffffda70
ffffe525
ffffd523
fffffe7a
fffffb92
ffffb74d
ffffb8fd
ffffc534
ffffd4d3
ffffb94f
ffffb550
ffffe354
ffffa538
ffffca1c
ffffc48d
ffffe482
ffffc9a9
ffffee29
ffffd006
ffffccfa
fffff7a1
ffff9453
ffffbf79
ffffdca1
00000c67
ffffcc49
ffffd1c1
ffffb6d7
ffffac08
ffffb462
ffffadf4
ffffcac0
ffffe465
ffffd8c7
ffffb12d
fffff1bd
ffffd944
ffffbddf
ffffdc5b
ffffe9a8
ffffca21
ffffc645
ffffafda
fffff7da
ffffc421
ffffbc18
ffffcd13
ffffde3b
ffffcab1
ffffa069
ffffc6f5
ffffdee4
ffffd5d6
ffffe2bf
ffffd650
ffffc618
ffffa6a2
ffffe510
ffffcfb7
ffffab9e
ffffd933
ffffae15
ffff9ef2
ffffd894
ffffd92a
ffffd198
ffffcfbe
ffffd46e
ffffb22e
ffffd42d
ffffbd4c
fffffc27
ffffd225
ffffcbd6
ffffedb7
ffffd4f0
fffff70b
ffffb8d5
ffffef05
ffffc127
ffffe9fa
ffffc945
ffffc52f
ffffb989
ffffc722
ffffc915
ffffb116
ffffc904
ffffe13f
ffffdb4d
ffffe01d
ffffd870
ffffbce1
ffffc53d
ffffe2dc
ffff9c96
ffffc1c4
ffffe448
ffffc43a
ffffc1da
ffffdf1c
ffffcc71
000005fd
fffff0b9
ffff8f08
ffffcc1f
ffffd82a
ffffdfa9
ffffc99e
fffffb7f
ffffc231
ffffc918
ffffe856
ffffe64e
ffffe04d
ffffd6e9
ffffca09
ffffba39
ffffb344
ffffb0ae
ffffd467
ffffb7e5
ffffb69a
ffffb497
ffffe174
ffffcec4
ffffc881
ffffcd86
ffffa24e
ffffab21
ffffc7c0
ffffc9d3
ffffe8e7
ffffc42c
ffffc658
ffffe895
fffff00a
ffffc12b
ffffcaba
ffffc465
ffffdddd
ffffe43d
ffffcbaf
ffff7a36
ffffba65
ffffb27e
ffffae68
ffffdf47
ffffe9c4
ffffc89d
fffff8d4
ffffcae4
ffffca6c
ffffc385
ffffd1df
ffffede3
ffffecaf
ffffb8b6
ffffbd0d
ffffcf35
ffffe3c2
ffffd9b3
ffffdd96
ffffc76e
ffffb21b
ffffda26
ffffda21
ffffd916
ffffc4ca
ffffe8a1
ffffd0d3
ffffc840
ffffd43c
ffffe189
fffff862
ffffd231
ffffb7f9
ffffbfaa
ffffcf29
ffffb63a
fffff087
ffffbb33
fffffd25
ffffd8f8
ffffd6bb
ffffd608
ffffdd09
ffffe068
ffffdd63
ffffb19c
ffffe0ab
ffffc360
ffffaa6d
ffffdd47
ffffdfc2
ffffe53f
ffffc06c
ffffe4c9
ffffc650
ffffd234
ffffc1a4
ffffd990
ffffdfa5
ffffb95b
ffffd826
ffffcf86
ffffa12b
ffffc212
ffffc93b
ffffcde5
ffffc6ee
ffffc81d
fffff60b
ffffdcdb
00000403
ffffb520
ffffbf48
ffffecce
ffffc259
ffffcc59
ffffebe0
ffffe828
ffffb046
ffffac60
ffffe4ed
ffffa6cf
ffffe161
ffffb523
ffffbb98
ffffe69d
ffffd34d
ffffd8fe
fffff02c
ffffdba0
ffffc7e9
ffffdac7
ffffd002
ffffdb14
ffffabe2
ffff8ec2
ffffcd5c
ffffd4d3
fffffbfd
ffffcc73
fffffd78
fffff309
ffffc2ed
ffffb6ed
ffffdb87
ffffe138
ffffc40c
ffffd6a8
000005c7
ffffca91
fffff0e2
ffffd9de
ffffbc8e
ffffddd9
ffffb2da
ffffc816
ffffd1e3
ffffc823
ffffb50a
ffffe792
ffffd84d
ffffe8c8
ffffc848
ffffd584
ffffab4a
fffff179
fffff8a8
ffffddae
ffffe852
ffffbf48
ffffbe01
ffffd219
ffffcf58
ffffeabe
ffffb758
ffffe85f
ffffc507
ffffb257
ffffdb67
ffffcae0
ffffd2f9
ffffbe2c
ffffce24
ffffc974
ffffc63b
ffffd015
ffffd880
ffffdcb4
ffffb5aa
ffffbe37
ffffcae5
ffffc8fa
ffffc8e4
ffffee11
ffffbe4f
fffff75d
ffffecdf
ffffde20
ffffd26b
fffff44d
ffffd82f
fffff16a
ffffec7a
ffffe12b
ffffdc90
ffffd201
ffffef8d
ffffd91b
ffffd9bc
ffffb732
fffff2fc
ffffb37d
ffffc472
ffffd8e8
ffffc03e
ffffc1d5
fffff028
ffffd90e
ffffd1f8
ffffecb5
ffffedd6
ffffc164
ffffbc77
ffffa989
ffffd135
ffffe4c4
ffffe181
ffffcd3c
ffffe114
ffffa7e0
ffffc126
ffffe783
ffffdc12
ffffced3
ffffd0bd
ffffbb6a
ffffb498
ffffd987
ffffe35e
ffffd357
ffffd931
ffffd3e2
ffffd97c
ffffd648
ffffd156
ffffa7ba
ffffcdd2
ffffb6ad
ffffd2e2
ffffc60c
ffffe94d
ffffc256
ffffbc46
000001fd
ffffead3
ffffcebb
ffffd01d
ffffd045
fffff844
ffffbb98
ffffcc80
ffffc69f
ffffc757
ffffbbab
fffffc79
ffffc551
ffffde9b
ffffbeed
ffffb94b
ffffb519
ffffcd8e
ffffc4e1
ffffc5c2
ffffc193
ffffbc76
ffffed1a
ffffce09
ffffd512
ffffc2f6
ffffad79
ffffc3df
ffffddec
ffffdfa5
ffffb323
ffffd4f9
ffffc154
ffffc1d9
ffffc184
ffffcd2c
ffffb19e
ffffca0a
ffffc669
ffff95b1
ffffe8d6
fffff3fe
ffffcbe3
ffffe1da
ffffc589
ffffc706
ffffd9be
ffffb8f1
ffffd4fa
ffffcc0b
ffffbe80
ffffd91a
ffffcf2a
ffffc052
ffffc259
ffffc6ad
ffffc6d4
ffffe563
ffffd877
ffffdec1
fffff13a
ffffcd65
ffffc65f
fffffbc6
ffffa448
ffffe3b9
ffffbfe3
ffffbf81
ffffc42d
ffffd0b8
ffffbcc0
ffffe193
ffffe22a
ffffe86b
ffffc396
ffffc50d
ffffdba9
ffffc1ed
ffffdda6
ffffdfd9
ffffc5dc
ffffd76a
ffffde3d
ffffe90f
ffffefa2
ffffe663
ffffc499
ffffda74
ffffa91b
ffffd915
ffffd7bf
fffffb70
ffffaac0
ffffe462
ffffdb07
ffffc263
ffffee3d
ffffce99
ffffbda6
ffffb28e
ffffa9a7
ffffc92f
ffffdcb8
ffffebba
ffffce33
ffffc5be
ffffc81d
ffffb0a3
ffffc5fe
ffffec8e
000006ee
ffffdef1
ffffaa11
ffffceb0
ffffdc8c
ffffc547
ffffc6dd
ffffb289
ffffc8d9
ffffd1ef
ffffc849
ffffdab9
ffffe460
ffffd8c6
ffffba4f
fffff297
ffffb304
ffffbff7
ffffc716
ffffae15
ffffc06b
ffffc9c3
ffffd4d4
ffffd9dd
ffffd909
ffffd7bd
ffffca68
ffffb36c
ffffd504
ffffc486
ffffab5c
ffffb360
fffff914
ffffc72e
ffffecc4
ffffad0e
ffffa074
ffffea7b
ffffca1b
ffffb833
ffffd5e7
ffffb939
ffffe3fb
ffffc397
ffffda5e
ffffabf3
ffffc403
ffffc674
ffffbe63
ffffabbb
ffffd2a9
ffffdbea
ffffc795
ffffbcc5
ffffda89
ffffcdf8
ffffdaf7
ffffd0b9
ffffe70d
ffffd77e
ffffc89e
ffffe6e4
ffffb9c2
ffffabcc
ffffb9d2
ffffcc10
ffffa20b
ffffe7a6
ffff99fc
ffffd0dc
ffffd3dc
ffffb371
ffffda07
ffffb70a
ffffadb9
ffffedd1
ffffdcb1
ffffce1d
ffffaeee
ffffb7e1
ffffb084
ffffb8a0
ffffcf30
ffffcb97
ffffe9c5
ffffd180
ffffcfec
ffffdbcb
ffffd0eb
ffffcb42
ffffc045
ffffe307
ffffd33f
fffff840
ffffb8cb
ffffbabe
ffffca26
000004c1
ffffc733
ffffcdeb
ffffce5b
ffffd916
ffffe610
ffffca5f
ffffbdd4
ffffdc41
ffffe93d
ffffccc0
ffffae5e
fffff222
ffffd67a
ffffd9b7
ffffe0a7
ffffc893
ffffcbd2
ffffe7a5
ffffc693
ffffbdef
ffffca3d
ffffbbad
ffffc2a3
ffffabd7
ffffa989
ffffd261
ffffab1a
ffffe6ff
ffffd6b7
fffff068
ffffdf21
ffffcc56
ffffb925
ffffc8d5
ffffb673
ffffa782
ffffaa6b
ffffba07
ffffe0a9
ffffb73e
ffffcfd4
ffffe5a2
ffffc691
ffffb7a5
ffffb085
ffffd668
ffffe8c3
ffffc1a0
ffffe4ca
ffffc3d6
ffffcf84
ffffbe5c
ffffb1d7
ffffb6d3
ffffc081
ffffd73c
ffffda98
ffffc5c7
ffffeace
ffffd13f
ffffce81
ffffc81b
ffffb3f4
ffffc3c9
ffffbabc
ffffc222
ffffd7f5
ffffb6db
ffffa476
ffffc8c7
ffffd50d
ffffb17d
ffffb852
ffffc906
ffffbe31
ffffcb61
ffffe203
ffffbcdc
ffffc88a
ffffd2bf
ffffc48e
ffffd37d
ffffd875
ffffaf77
ffff9bbb
ffffdef8
ffffc81a
ffffc33e
ffffabc9
ffffc18c
ffffbdd9
ffff92ed
ffffc6c3
ffffdb57
ffffc930
ffffbf2d
ffffe1aa
ffffeb96
ffffd795
ffffa770
ffffd19c
ffffecea
ffffc082
ffffd18c
ffffe29f
ffffbfb8
ffffc8de
ffffe5f2
ffffc608
fffff5d7
ffffbc51
ffffd8fa
ffffd2df
ffffc236
ffffc97b
ffffc26d
ffffdd93
ffffbbcf
ffffcf8c
ffffdcde
ffffbefb
ffffc618
ffffba87
ffffbf25
ffffd407
ffffdcce
ffffc5a9
ffffcf01
ffffb12d
ffffc608
ffffcce6
ffffd261
fffff6f9
ffffd921
ffffd8fb
ffffb7db
ffffd951
ffffd357
ffffc71d
ffffee87
ffff8506
ffffe0fe
ffffe2da
ffffddb4
ffffcee7
ffffc027
ffffbbf3
ffffd50e
ffffc381
ffffb8bf
fffff143
ffffd669
ffffb301
ffffc601
ffffb3d2
ffffc0e3
ffffbbd0
ffffe4e1
ffffe455
ffffc5b9
ffffe350
ffffca37
ffffbcc6
ffffab9b
ffffd376
ffffc8fe
ffffcd82
ffffd9af
ffffeff0
ffffdfa5
ffffb4d6
ffffc815
ffffb800
ffffb6e4
ffffa43b
ffffe002
ffffac93
ffffe253
ffffc476
ffffc283
ffffa35c
ffffc9a9
ffffd2bc
ffffe58d
ffffd1a0
ffffbdc6
ffffda44
ffff9b2d
ffff9f1c
ffffc9a5
ffffd30e
ffffaa78
ffffa68f
ffffca2a
ffffe58d
ffffce0b
ffffd068
ffffd47b
ffffb6c9
ffffccb3
ffffaab5
ffffc27b
ffffa4c6
ffffcb2a
ffffbe16
ffffd0ba
ffffe08b
ffffc6a9
ffffd50e
ffffddc0
ffffc48f
ffffbf9c
ffffbfe3
ffffae58
fffff722
ffffcb7c
ffffd644
ffffc264
ffffc5d6
ffffd64b
ffffea43
ffffbb2c
ffffe13f
ffffca2d
ffffc355
ffffc1b2
ffffc21f
ffffabd5
ffffc511
ffffc5d6
fffff7c5
ffffcd24
ffffc23e
ffffc9c6
ffffbc88
ffffcbc8
ffffdb89
ffffa34b
ffffa863
ffffd97c
ffffc8d2
ffffc273
ffffd119
ffffd86d
ffffe6b1
ffffed62
ffffc5bc
ffffb9be
ffffc3b6
ffffd0ad
ffffd3ba
ffffc915
ffffa638
ffffe507
ffffd4e7
ffffb887
ffffe6e0
ffffcc23
ffffc14a
ffffaec4
ffffc726
ffffd418
ffffbfb4
ffffcc8e
ffffda72
ffffd622
ffffbd57
ffffd1c8
ffffc3c5
ffffeb71
ffffda41
ffffd340
ffffae7b
ffffdaff
ffffb547
ffffde0d
ffffcdfb
ffffcd01
ffffb318
ffffb223
ffffbdbe
ffffb774
ffffe2f9
ffffd6b0
ffffbbb9
ffffd946
ffffcc7b
ffffd936
ffffc7c2
ffffc844
ffffbc06
ffffc899
ffffc47f
ffffcdd2
ffffd190
ffffd4dd
ffffc6e4
ffffb9b2
ffffd47a
ffffa9a4
ffffe5d5
ffffbc3c
00000116
ffffaa2e
ffffe720
ffffcf64
ffffb78b
ffffb71b
ffffd2e8
ffffdfd5
ffffd720
ffffe713
ffffcc61
ffffb37f
ffffb96d
ffff9ae3
ffffd367
fffff80b
ffffbeac
ffffbbfa
ffff9f76
ffffc408
ffffc51e
ffffd481
ffffcb45
ffffbaf0
ffffb807
ffffc711
ffffce32
ffffb113
ffffc27c
ffffc557
ffffd008
ffffbfca
ffffaccf
ffffb1c4
ffffb9c0
ffffc92b
ffffb55f
ffffe1bf
ffffbb79
ffff9168
ffffb580
ffffd35b
ffffbb6f
ffffede1
ffffd2ed
ffffb5bd
ffffcc5f
ffffb5e5
ffffb86f
ffffdf44
ffffa940
ffffbc99
ffffb83c
ffffc945
ffffbf8b
ffffb92e
ffffdba1
ffffc58e
ffffe013
ffffc3dc
ffffcec1
ffffdc3b
ffffabbe
ffffabcf
ffffc625
ffffb7f1
ffffc26a
ffffb156
ffffbb86
ffffea88
ffffb27c
ffffe229
ffffd1fe
fffff577
ffffd4a1
000003a0
ffffc799
ffffc67f
ffffc321
ffffbc42
ffffbb0a
ffffd74b
ffffdf01
ffffc834
ffffc32c
ffffdeed
fffff225
ffffcb7c
ffffafb7
ffffd7e7
ffffe820
ffffd06b
ffffb1b6
ffffe46c
ffffd1e8
ffffd087
ffffc7f8
ffffc6c3
ffffd3ec
ffffb0cd
ffffdb41
ffffe7ef
ffffd4cd
ffffa5f9
ffffcace
ffffbd18
ffffbde4
ffffbe70
ffffcc6b
ffffd009
ffffbd7f
ffffa8ce
ffffb18a
ffffeefc
ffffd534
ffffcb45
ffffe91e
ffffd092
ffffcc19
ffffe2b6
ffffe6cb
ffffdda1
ffffb8ed
ffffb3b2
ffffcf36
ffffbb2e
ffffc92b
fffff155
ffffff0f
ffffc5b2
ffffdf3e
ffffeb74
ffffdb35
ffffd47b
ffffafb6
ffffdc45
ffffbe2c
ffffc66d
ffffea32
ffffbfac
ffffc58e
ffffce95
fffff118
ffffe352
ffffca07
ffffc3ab
ffff8d97
ffffb038
ffffce57
ffffce21
ffffc654
ffffe94f
ffffb632
ffffce62
ffffb127
ffffbf35
ffffc5c6
ffffb32a
ffffd186
ffffcb04
ffffb659
ffffbbf2
ffffbbe3
ffffc3f7
ffffd3d5
ffffc571
ffffd495
ffffa84b
ffffd40a
ffffb438
ffffcbc2
ffffa11b
ffffb69b
ffffd809
ffffd853
ffffdeb9
ffffda95
ffffe84c
ffffa42b
ffffc4a5
ffffc098
fffff3cb
ffffb254
ffffc110
ffffbd8c
ffffae32
ffffbf27
ffffb401
ffffbeda
ffffc41b
ffffd6d8
ffffb5ed
ffffb5f4
ffffb830
ffffcd62
ffffa614
ffffe7f8
ffffcbb7
ffffd0d1
ffff9cd5
ffffcb02
ffffbbc2
ffffe444
ffffc107
ffffae12
ffffeeca
ffffaeb5
ffffb434
ffffc8fc
ffffc91e
ffffce81
ffffe033
ffffb1fd
ffffba36
ffffdd01
ffffce81
ffffbbf8
ffffb8fe
ffffe054
ffffb411
ffffd16c
ffffc0c8
ffffcddb
ffffc295
ffffd03a
ffffcb49
ffffcbd5
ffffa0d5
ffffac80
ffffe5b0
ffffb4fd
ffffb968
ffffbcf0
ffffbd1e
ffffb1c7
ffffae4b
ffffbac5
ffffb9b8
ffffc80c
ffffdf37
ffffeaa5
ffff9e08
ffffbf4f
ffffa6b0
ffffd292
ffffb7bf
ffffa814
ffffca4a
ffffccaf
ffffcd9b
ffffbe9b
ffffa9f2
ffffc64f
ffff9ee4
ffffb7c1
ffffc0a2
ffffd46e
ffffc513
ffffe4b7
ffffb506
ffffb84b
ffffcb58
ffffa5bb
ffffc3be
fffff1d4
ffffcc08
ffffb654
ffff9d74
ffffe452
fffff740
ffffd4f6
ffffb645
ffffbf05
ffffa726
ffffe134
ffffc629
ffffd316
ffffc942
ffffc416
ffffc7f1
ffffcb7e
ffffd3b0
ffffda18
ffffa8ed
ffff8eaf
ffffc114
ffffd00f
ffffabc7
ffffbbda
ffffe198
ffffc2d3
ffffbe50
ffffc6ee
ffffa237
ffffc67d
ffffc7f0
ffffe20f
ffffca41
ffffcb1d
ffffe465
ffffb75a
ffffb7e4
ffffcd1a
ffffc5a7
ffffaa55
ffffce46
ffffb8ba
ffffcc17
ffffaa21
ffffd72c
ffffb949
ffffd2ac
ffffc0a8
ffffada5
ffffb535
ffffd497
ffffbee9
ffffcd80
ffffe4e7
ffffa08b
ffffbdc1
ffffbed9
ffffb079
ffffbcd5
ffffac4c
ffffc75c
ffffb105
ffffac20
ffffd8c0
ffffc73b
ffffb265
ffffad19
ffffbf97
ffffef34
ffffbe2e
ffffbec4
ffffd3ad
ffffd12b
fffff0e2
ffffbff2
ffffd491
ffffc51e
ffffa9d0
ffffd43d
ffffde87
ffffb434
fffff4e6
ffffb57a
ffffd68a
ffffc87e
ffff9fa0
ffffbc52
fffff499
ffffceaf
ffff8fef
ffffc8b2
000007d6
ffffd308
ffffce45
ffffe7ce
ffffef8f
ffffcd6f
ffffb836
ffffe2fa
ffffcafd
ffffd006
ffffd02a
ffffce55
ffffd08d
ffffaee7
ffffcb6a
ffffd104
ffffbbae
ffffc876
ffffadb1
ffffcf79
ffffcd13
ffff825e
ffffb9cf
ffffc44c
ffffdafd
ffffb37f
ffff9f9d
ffffca37
ffffb761
ffffc11b
ffffed6d
ffffa17b
ffffbc21
ffffae02
ffffc81d
ffffbda4
ffffacfa
ffffc79b
ffffc14b
ffffc864
ffffc9e5
ffffa1b5
ffffdcce
ffffd408
ffffbacf
ffffc61b
ffffd8a5
ffffd5a0
ffffcce6
ffffaa66
ffffc13d
ffffd8ef
ffffe649
ffffa8d8
ffffc27b
ffffcf9f
ffffbd17
ffffd054
ffffca85
ffffdff5
ffffc56f
ffffc336
ffffc372
ffffaab6
ffffaed7
ffffa1b0
ffffbfa5
ffffd338
ffffb403
ffffd473
ffffbd19
ffffbfc5
ffffc422
ffffa9c6
ffffc289
ffffb1e8
ffffc574
ffffec4a
ffffbc63
ffffd3b9
ffffb93c
ffffcc1f
ffffdd51
ffffc627
ffffba4b
ffffaba1
ffffe519
ffffb702
ffffbdfc
ffffba1c
ffffa759
ffffa975
ffffba29
ffffc977
ffffc812
ffffc555
ffffb9e6
ffffbd44
ffffbe9b
ffffd523
ffffb408
ffffcdfe
ffffbd88
ffffb6ad
ffffc982
ffffa554
ffffb73f
ffffc265
ffffc057
ffffd78c
ffffdb46
ffff99c7
ffffb720
ffffb9ad
ffffbc44
ffffbebc
ffffbcb1
ffffabb2
ffffcb70
ffffa88b
ffffa86f
ffffc4ba
ffffc04c
ffffce35
ffffc97a
ffffa23a
ffffb958
ffffbe5b
ffffb675
ffffd03b
ffffc6b1
ffffe1e5
ffffe349
ffffc86f
ffffbd0d
ffffc607
ffffb99d
ffffb204
ffffbfe5
ffffab21
ffffc3bd
ffffba94
ffffddca
ffffb8e2
ffffc620
ffffb2d2
ffffbcf9
ffffb273
ffffbc3b
fffffc98
ffffcb3d
ffffc18c
ffffbd48
ffffa3dd
ffffb649
ffffbace
ffffc114
ffffd40e
ffffb6a9
ffffbafb
ffffbf5e
ffffa101
ffffced8
ffffbfe3
ffffb6ea
ffffca2a
ffffcd54
ffffba8c
ffffcb49
ffffc781
ffffc0a7
ffff9b48
ffffaedf
ffffb643
ffffa2eb
ffffc24b
ffffaad5
ffffdb18
ffffa445
ffffaee9
ffffe5bd
ffffa5f2
ffffa73c
ffffb285
ffffbf04
ffffc691
ffffbe59
ffffd6e8
ffffd175
ffffb2f3
ffffdd8f
ffffd434
ffffab2e
ffffd5d2
ffffbc0a
ffffd534
ffffb3da
ffffb73d
ffffc4c4
ffffb191
ffffc5b7
ffffb300
ffffd0dc
ffffde96
ffffcc5e
ffffb546
ffffb62a
ffffbdd6
ffffbc3b
ffffc0bd
ffffbe2e
ffffcdef
ffffcb74
ffffbcbc
ffffb882
ffffdd5c
ffffca97
ffffb372
ffffb0f5
ffffc472
ffffb222
ffffd117
ffffc720
ffffc2a5
ffffb9d4
ffffaa33
ffffb0cb
ffffd19b
ffffe0d2
ffffd18e
ffffb725
ffffe13a
ffffd2f9
ffffcf02
ffffdb5a
ffffa583
ffffc32d
ffffbaa3
ffffc1a7
ffffb57b
ffffc343
ffffbee4
ffffcde6
ffffb3c5
ffffbad5
ffffd54f
ffffbc27
ffffc21d
ffffcd63
ffffd3a8
ffffac3b
ffffac5c
ffffcdc8
ffffc9bd
ffffb954
ffffe01c
ffffbebf
ffffb9a6
ffffbce0
ffffaf0b
ffffb92a
ffffc6e5
ffffb0a3
ffffb8b3
ffffac4f
ffffdf42
ffffe5bb
ffffcdbb
ffffc59d
ffffd980
ffffce6d
ffffc996
ffffcdd5
ffffb737
ffffd554
ffffcbe0
ffffd33b
ffffa3d6
ffffb2fd
ffffc7b6
ffffcd1f
ffffb0d0
ffffbb89
ffffd5c8
ffffb7d3
fffff862
ffffbfc1
ffffba20
ffffce92
ffffd03f
ffffdf39
ffffca42
ffffc146
ffffb153
ffffb9c9
ffffb86e
ffffae4a
ffffb8cc
ffffafd9
ffffba11
ffffbb10
ffffb2f0
ffffaafc
ffffca18
ffffd359
ffffbd0e
ffffce0b
ffffeb86
ffff9523
ffffbcb7
ffffb692
ffffd492
ffffbf08
ffffbc78
ffffe554
ffffd04e
ffffce02
ffffca27
ffffaddd
ffffcafd
ffffc6c2
ffffb884
ffffad5d
ffffc0e7
ffffbe9a
ffffce0d
ffffad92
ffffcf96
ffffbe42
ffffb90b
ffffd329
ffffc666
ffffb9e0
ffffb9c9
ffffb7b9
ffffb56a
ffffcfab
ffffd4ad
ffffb083
ffffcce7
ffffb503
ffffe8a2
ffffb210
ffffcd9d
ffffb061
ffffc833
ffffc3ec
ffffa786
ffff9fbe
ffffcf2a
ffffc9a9
ffffb8d6
ffffdf37
ffffbca3
ffffbf41
ffff9365
ffffc58a
ffffd400
ffff944c
ffffb339
ffffd465
ffffc3f5
ffffb059
ffffc21a
ffffc928
ffffbd7d
ffff9ce8
ffffaee5
ffffcd85
ffffc2ce
ffffc3e1
ffffd660
ffffcc4f
ffffdebc
ffffb1f2
ffffc368
ffffc803
ffffb7b3
ffffb725
ffffb4ec
ffffb260
ffffb094
ffffd0e2
ffffd331
ffffcc64
ffffda4b
000003c8
ffffd6d7
ffff9dfc
ffffbc5a
ffffd765
ffffd2de
ffffca70
ffffc8bd
ffffebf6
ffffb284
ffffdfbd
ffffa8b2
ffffbbe2
ffffe834
ffffd485
ffffb558
ffffbc1e
ffffbadb
ffffc44f
ffffc2a2
ffffe381
ffffd0a7
ffffc26c
ffffcd28
ffffc0e8
ffffc365
ffffc135
ffffd754
ffffb42b
ffffadb6
ffffc67a
ffffd017
ffffa492
ffffbb3a
ffffe4ef
ffffae20
ffffae66
ffffc976
ffffc362
ffffdd15
ffffba36
ffffcf3a
ffffc100
ffffa875
ffffa92a
ffffcf10
ffffae75
ffffb7fd
ffffc9a6
fffffcf6
ffffd112
ffffc1d2
ffffc965
ffffdc02
ffffb59a
ffffd8ff
ffffa41c
ffffb550
ffffc38f
ffffa70f
ffff990b
ffffb34f
ffffbe97
ffffd167
ffffdf44
ffffabfd
ffffcd99
ffffcfe5
ffffc6ac
00000c03
00000043
ffffedc7
fffffb8d
00001225
fffff996
fffff21c
fffffeba
00001862
00000f51
00000d40
fffff0c0
ffffff5d
00000140
fffff491
fffffd1c
00000870
0000018a
fffff31e
fffff6cc
0000034d
00000c50
000001bd
00000be3
fffff450
00002276
fffff991
00000a4f
0000049c
00000733
fffff253
fffff9b6
00000179
000009c3
fffff90a
fffff1eb
0000051b
ffffff19
ffffeafc
000003c6
fffffa9a
fffff7e7
0000050a
00001401
fffff176
fffffaed
ffffff06
ffffff5c
00000d3e
00001ccb
fffffed0
ffffea55
0000016d
fffff73a
fffff1f9
fffffe02
00000412
00000090
000006c2
00000cca
00000bf6
fffffe30
fffffbb7
00000a7d
0000093c
ffffefe2
00000373
000001e2
000005b8
000016b1
ffffef90
fffff127
00000449
000006b2
00000c29
000007b1
fffffc3b
00000416
00000b2f
000003a3
000007b1
fffff4b6
fffffea4
00000473
fffffe1b
0000062d
000001d5
ffffeac2
0000035b
fffffdbb
fffffbb8
0000005f
00001a3a
0000005e
00000116
00000413
00000002
00000739
fffffccf
00000922
00002117
00000adf
00000df4
fffffbed
fffff32a
fffff374
00000012
ffffed43
000003be
fffff107
0000203d
fffffec6
0000093c
000004f7
fffff577
fffffbf8
ffffeece
fffffb90
000009e8
00000ea7
fffff8ac
fffffe56
fffffd2c
fffffd57
fffff4d2
ffffeccb
ffffee28
00000543
000000ab
fffffc56
00000075
00000420
fffffb0d
00000231
ffffefe3
fffff5b6
000010d1
ffffffe4
fffffe18
00000c70
ffffeff4
000000dc
fffff426
fffff6b6
000000d4
ffffffdb
0000058f
0000003e
fffffa1e
00000394
fffffd1d
fffff616
000003e0
fffffb0a
0000027d
fffffc3e
ffffff83
fffffaed
00000c64
00001235
fffffa1b
fffffdee
0000051b
00001139
00000457
fffffd70
fffff927
fffffb2b
fffffd69
00000c02
000001d6
0000009a
000006eb
fffffffc
fffff88a
fffff9eb
fffffe6e
fffff992
00000301
00000591
fffffb0f
00000136
ffffff8a
000000ba
00000101
000009bb
00000994
00000830
ffffff9a
00000227
00000053
00000e04
fffff9e7
0000026f
fffff8fe
fffffdb8
00000699
0000056d
00000d00
0000038c
00000161
000003a7
00000655
00000130
00000940
ffffe2ba
0000074d
000008df
fffff609
fffffe39
00000541
00000100
fffffe90
00000326
fffffcba
fffffbc4
fffffdaf
fffff9a8
00001709
00000429
fffff75c
00000617
00000511
fffffd65
0000041c
0000096e
00000a9d
fffffc59
00000325
fffffbf0
fffff923
fffffc3a
000016b1
fffff40a
fffffef0
00000d71
000008c7
0000037e
00000a6e
fffff21a
ffffff83
0000032d
000006ad
ffffff50
fffff8ac
fffffd87
00000613
00000827
fffff7ba
fffffea9
000003a9
fffffbda
fffffbac
fffffa2e
0000081f
000001e0
0000050d
000007f0
fffffd88
000000cc
fffff420
fffff757
fffff3a9
ffffec25
fffffa87
000007eb
fffffddb
00000e19
0000026d
ffffff7b
fffff24e
0000054f
fffff069
fffff76c
00000a1a
0000020b
fffff42a
000005f2
fffffd76
fffff629
000005bc
0000035b
00000254
000002e4
00000460
00000436
fffff8f8
fffff9b3
fffffbc4
fffffb2c
ffffffe2
0000098f
0000009c
fffff4f5
00000c12
000001ae
000004f2
0000005b
ffffffb9
00000656
fffffd3f
fffff481
fffff352
fffffa5e
fffffa8c
00000de0
fffff23d
000001be
fffffedd
000001ae
00000491
fffffdc5
0000006f
fffff43f
00000575
fffffa41
fffffafc
00000f71
fffff867
fffffaa2
00000f94
fffff6cb
fffff991
ffffea12
0000014b
fffff8f0
00000617
fffff98e
00000bb6
fffff5d0
00000467
ffffeaca
00000d33
000006c1
0000039a
0000016c
fffff45f
00000ced
00000129
fffff998
00000550
000003eb
fffff460
ffffefcb
fffff8e3
0000055f
000002c1
000012c3
ffffed7a
00000288
000000e0
00000144
fffff393
fffffdcb
00000adc
00000ea9
ffffff25
00000001
fffffaaa
ffffff45
0000004c
fffff86a
fffff94e
000008aa
0000057a
00000200
00000aa9
fffff33f
00000353
0000079d
fffffd87
000007d4
00000ba6
fffff5af
fffffe4b
00000110
000000cf
ffffff8b
00000b13
0000018c
000002dd
00001ac4
00000942
00000173
fffffb3b
000005be
fffffb39
0000068c
000003b3
00000524
fffffbd3
fffffb4b
ffffe9da
00000892
fffff344
fffffdb9
fffffa64
0000005c
fffffe85
ffffff70
fffffedf
00000263
ffffffed
fffffe04
fffff5a5
fffff45a
fffffd20
fffff8fc
fffffe07
000006e6
00000443
00000301
0000042a
00000614
00000bf8
0000145e
000000ae
00000a3d
000008f6
fffffe7d
fffffc20
000004eb
00000259
00000ad8
fffffe2f
00000b69
0000053c
000006e2
000003e6
0000043a
000009f2
fffffd08
00000283
fffff12b
fffff6de
fffffa0b
000000e3
fffff76a
fffff8a6
0000264f
00000469
fffff8b2
00000328
fffff027
fffff937
fffff3fd
fffffb92
fffff66c
fffffb6a
00000ec1
000001f2
fffff492
000000db
00000219
000006b2
00000271
000011ba
fffff8b5
0000005b
fffffd90
0000169c
000009b8
ffffedea
fffffc3b
fffffce4
0000012c
ffffff21
fffffbd8
00000884
fffff3ff
0000007d
fffffab6
00000b66
000000a5
fffff860
fffffdef
fffffef2
ffffe37f
00000332
fffff1fa
00000912
fffff684
0000092f
fffff960
000002f2
fffffa25
00000a7d
fffff866
fffffa39
000001cb
ffffffff
00001ec6
00000b60
000005f6
fffffe63
00000a80
fffffa16
fffff9c1
fffffe6d
ffffff5c
fffff9cb
fffff92e
fffffded
fffff5cb
00000111
fffff9d3
000008a8
00000d3d
fffff8ea
00000409
fffffaf8
fffff82a
fffffe03
00000489
0000014a
fffff353
00000470
00000144
ffffffdd
0000005e
fffffc75
fffff622
fffffff9
0000021a
fffffbde
fffff9a4
fffffc7f
000002b3
000001a6
000000e8
fffff681
fffff8a7
000001d0
000003f8
000002c8
ffffff31
fffffabf
00000363
fffffafc
fffffc49
fffffcc8
fffff4b4
fffff9ad
000004f4
fffff560
000006e4
000022b4
fffffd97
00000255
00000599
fffff807
000001a6
00000672
fffff932
0000030b
fffffd86
fffff506
0000070b
fffffd13
00000766
00000a6c
fffffe4a
0000035f
fffff373
00000429
0000059b
0000037a
000006f6
ffffef13
fffff343
fffffb3a
000007a3
fffffb4d
fffffb90
fffffd57
fffffd00
00000726
ffffefcf
fffffe77
0000031e
fffff6e6
00000a45
0000072e
fffffc70
fffffd5d
000000ce
00000381
fffffeff
fffffc3d
000005ad
ffffff94
0000031e
fffffee3
0000035e
00000111
0000023f
fffff8c2
000005d0
fffffd95
fffffc5d
fffffc5e
fffff8f5
fffffeb3
00000309
fffffbf6
fffffabf
fffffeb9
fffffab0
fffffaf0
fffffea7
0000015e
0000009c
000003d8
000003f2
fffffc5a
ffffed55
0000062d
ffffffd0
fffffc0a
fffffc90
00000dfe
fffff4ac
0000063b
fffffc42
ffffff53
00000137
fffff3b3
fffff7f9
00000441
fffffdc1
fffffe1d
0000000b
00000608
00000242
00000575
00000bc9
fffff630
0000077b
00000617
ffffffa0
000007bc
fffffcac
ffffff6c
000001e2
ffffcd6e
fffffb78
fffffd2a
fffff0a4
0000030d
fffffa5f
fffff5a9
0000085f
00000729
0000050e
0000013e
fffff63e
00000618
00000049
000008a2
fffffdc2
fffffca2
fffff6c5
fffff60d
fffffc39
fffffdbd
fffffe9e
0000057f
000003aa
000004ad
fffffa64
ffffff93
00000049
00000bab
00000d9c
fffffdd7
fffffc64
0000055e
000004ae
00000333
00000354
000003a7
00000439
00000694
fffffef7
ffffefa2
fffffe66
fffffced
fffffb0f
00000c3d
00000702
fffffa13
00000454
fffffba6
00000f53
00000dfb
ffffef41
000006eb
fffff8ed
fffff61f
00001165
fffffe2f
fffff7a0
00000855
fffffcee
00000881
000000fc
00000765
000008f7
00000383
000005a9
00000e1d
000009b7
fffffb0a
0000060e
0000064e
fffff94a
fffff7e4
00000285
00001121
fffff5d8
0000000a
fffffa11
000000ab
fffffbb7
fffff879
000001c8
fffffd8e
fffffc6f
fffffc57
fffffd49
00000166
00000131
fffffaf6
fffffc0d
fffffd67
fffff6ae
ffffec72
fffff95b
00000916
fffff3f0
000001ce
fffffe79
ffffea3d
ffffffe9
fffff444
fffffd0c
000001e0
fffff298
000000ca
00000af6
fffffeab
000004f1
fffff585
fffffc86
fffffd5a
00000b0c
00000e58
00000e01
fffffd39
0000084f
fffffa96
000001d5
00000310
000003be
00000797
fffff986
000000b5
fffff841
000002fd
fffffe9f
fffffda8
00000269
fffffd0c
00000620
00000335
00000408
0000024f
fffffc28
fffff255
00000779
fffffd71
fffffb2f
00001427
000004a8
00000377
000004cf
fffff423
fffff8a9
00000a67
fffff559
fffffa67
000006e5
0000050c
fffff874
fffff9a7
ffffffe1
fffff413
000009be
000001b2
000009d1
000004e5
0000012e
00000587
fffff99b
000003ae
fffff163
ffffff89
00000425
fffffb69
000003d7
0000120b
00000351
fffffca6
00000429
00000948
fffff5bb
00000111
fffffc19
ffffffe7
fffffac3
fffffee8
00000016
ffffffb7
fffffe9f
00001262
00000409
fffffe29
000006ad
fffffa83
fffffb30
fffffe03
fffff8bc
00000441
000009c0
000001e0
000009c9
00000345
000008c4
00001ccf
000003a4
fffff973
00000759
fffff50f
fffffa7a
000002bb
000003e6
00000253
ffffffcc
000002d6
ffffff41
fffffc24
00000283
ffffe44e
00001424
00000050
fffff9b0
fffff632
000006fd
0000032a
fffff8f1
fffffcac
000000fb
fffffc4e
000001b1
fffff4fa
ffffffa1
ffffffbe
00000972
00000370
00000200
000001c2
fffff878
0000061b
00000725
fffffc81
fffffee1
000002a7
00000f4c
00000695
0000030c
fffff2c5
fffffad1
ffffff26
00000c85
00000905
ffffff3e
00000900
fffff9ba
0000053c
fffff974
fffffb83
0000000e
0000022b
fffffaa2
fffff9e9
0000019b
0000082a
00000148
00000b9e
00000334
fffff4c9
0000063c
00000aa7
ffffff07
fffffb17
fffffbd1
fffffdf4
fffff8db
0000047c
0000023a
000005cd
0000055a
fffffa5e
000001c9
00000126
ffffff41
000004d7
000002ea
fffff8b8
fffffc5d
000008b5
fffff8d6
ffffffb1
fffffd93
000005f8
000007cb
fffff9d3
00000324
ffffffe2
0000009f
ffffff55
ffffefde
00000648
fffffd3a
000010b6
fffff80b
fffffb1b
000000c2
fffffb2b
fffff2e1
fffffda8
000005dd
0000077b
00000371
fffffe65
fffffa59
0000030f
ffffff12
fffffbc6
000000a2
000002e3
000024f1
fffff6fc
fffffa9f
00000a06
000001ee
ffffff6d
00000357
fffffbb8
00000063
0000005b
0000013e
00000a81
0000039d
00000692
fffffe29
000006a4
00000ab4
fffffd83
ffffd6f3
000007f2
00000771
fffff898
0000008e
000003d6
0000054c
fffff591
000007b7
fffffd0f
ffffe5bc
fffff6d2
00000d28
ffffe81b
fffffef4
00001313
fffffaaa
000002b0
00000958
0000036e
fffff68c
fffff80e
0000029e
0000016c
00000ed7
0000017d
fffffb08
00001290
fffffba8
fffff5a7
000005fa
fffffa8e
fffffd27
fffffe5a
000004b2
ffffff6b
000002b1
ffffffae
fffff910
00000457
0000028c
fffffbeb
ffffff3b
fffffd40
00001383
00000291
000002ca
ffffff71
fffff754
000001c1
fffffdc9
00000741
fffff7ac
fffffc12
fffff898
fffffcc7
ffffffaf
fffff58b
000003b6
00000067
000010bf
0000038a
fffffc95
fffffd48
000001ed
00000261
fffff2d4
fffff101
ffffe478
00000d7f
fffff732
fffffdef
000003cd
00000850
fffffbbe
fffff5f5
fffff8a0
fffffc38
fffff7b8
fffff87b
00000fbd
ffffffee
fffffe6d
000003ec
fffff41c
ffffff58
000014e7
fffff903
00000e1c
000000b2
000006a3
fffffbcf
fffffdfb
fffff4a6
00000742
fffff209
fffffb30
fffff73f
fffffaf1
fffffd0f
ffffff45
0000019b
00000d72
00000254
fffff0db
fffffe7b
0000085e
00000169
fffff649
fffffe77
fffffda2
0000061f
00000bcb
0000029a
000002b7
0000014d
fffffb13
fffff8c2
000008cd
fffff5dd
fffffd62
0000004f
fffffb9b
00000926
00000871
0000103f
000002f6
00000099
fffff925
0000037b
000008f0
000005b3
fffffb27
00000016
ffffff7c
fffffcb3
00000065
00000d3e
000009e9
00001ec3
000001ba
fffff177
00000075
0000001f
000008fb
fffff9e0
000000ea
0000006f
000005d1
0000016b
ffffeedb
0000019c
fffff7c1
fffffda9
000001bd
00000385
00000409
00000420
000009dd
000002af
000003bc
fffff55a
fffffc3d
fffff897
0000046a
000002de
000000f8
fffff88b
000006fb
000001f0
000004f0
fffffc5b
fffff8e4
000004d2
fffffdee
000008ac
00000839
00000810
fffffe94
00000068
0000004b
fffffbb0
fffff9e2
0000085a
ffffff8b
00000c59
fffffdab
fffffe02
fffff709
00000dc6
00001068
000005be
fffff528
fffffb3a
00000234
fffffd93
ffffff25
fffffa59
fffffb90
000001cf
00000717
ffffff38
fffffa57
0000008c
fffffe20
fffff9d1
00000f6a
ffffe935
00000ad2
ffffff9d
0000006a
000000a5
000015f4
fffffe34
00000de2
fffffbf3
fffffb7a
00000186
fffffc80
ffffffc0
fffffd16
fffffe41
fffff52c
ffffe2fe
fffff701
fffff93e
fffffba1
ffffff9a
fffffeb6
0000024d
ffffff79
fffffbe5
00000502
fffffe32
000003a6
fffff3f8
00000310
000002f2
fffff049
fffffaa2
00000294
00000fbe
000003dd
00000ccd
ffffffc7
000001ef
00000689
000003bb
fffffd94
fffffe9d
000003ef
00000a4b
00000048
000003a8
00000467
fffffa3e
fffffc58
fffff9d9
fffffd7f
fffff687
000000f7
0000044b
00000198
fffffa19
00000670
00000245
00000207
00001180
fffff6f2
fffff2da
00000100
fffffaaf
00000858
ffffffa9
ffffff10
fffff071
00002645
fffff4a0
fffff9ba
000004f4
0000075d
ffffeafb
0000055a
00000a40
fffffc77
fffffb99
0000001c
fffff883
fffff7cd
fffffd28
0000063e
00000518
fffff69b
ffffd883
00000d6e
fffffd85
00000240
000002d5
000001e8
fffffb99
fffff868
fffffa70
00000012
0000041a
fffff179
000000b4
00000371
00000f84
fffff604
fffffb28
fffffdce
fffff536
000008a3
0000064c
fffffea8
00000033
000001c5
fffffbf0
000001ad
000001e6
ffffff0d
fffffd13
fffffc25
fffffcd3
00000e37
000000ca
0000009a
fffff927
fffff5c6
000009e4
fffff738
fffff84e
0000065e
000005c8
fffffc5d
fffff388
fffffd10
0000032c
fffffdb9
fffffb12
000005e7
00000915
00001218
fffffa90
0000047d
00001b7e
fffffd7b
00000569
fffffc07
fffffe47
fffffaff
fffffeee
00001f63
fffffb20
00000574
000005f4
00000284
00000252
ffffff4a
fffff480
fffffdf4
fffff8c4
00000246
fffffa5c
ffffff7e
ffffffa6
fffff793
00000766
00000217
00000b88
000001e9
fffff1e1
fffffc4b
00000c9b
fffffef9
0000018a
fffffe41
fffffc6b
fffff2bb
00000245
fffffcc6
0000027a
0000089d
00000a42
fffffc58
fffff948
ffffff63
00000704
fffff983
0000092b
fffffacd
00000266
00000340
000005b5
fffff0d1
00000425
00000265
00000483
fffffe52
ffffff55
000005e7
000000fb
ffffec56
00000204
fffffee3
fffffce1
00000038
00000784
fffffd36
fffffe62
00000957
00000204
fffff2bd
0000013f
0000067a
00000a8f
fffffd6d
00000475
fffff3a9
0000043a
0000021c
000000ba
000004a8
fffffbc2
fffff041
fffffaf2
00000058
fffffcf3
0000033a
0000089b
fffffc0b
0000101b
00000e2b
000004d4
00000c31
fffffd00
000005cf
000003f4
fffff81b
00000159
00000381
fffffcd0
fffff882
0000015f
000002ab
00000b41
fffff824
fffff941
fffffd59
fffff357
00000095
fffffd02
00000782
000004c4
ffffeac2
fffffac9
000007fc
000005f6
fffffe95
00000906
0000000b
00000717
00000b57
000009b1
000002b7
ffffff2e
fffffee4
000003c6
fffffca6
00000c6a
000007a9
00000a60
00000a33
0000078f
fffffe15
0000018c
ffffff94
fffff4b0
fffffee4
0000045f
00000276
000008cf
fffff4fb
fffffc3b
fffffd85
00000cb6
00000cab
00000086
fffffabc
0000023e
0000052a
fffff2c4
00000ab2
00000bee
ffffff2e
00003a04
fffff36b
00000274
00000481
00000448
0000044c
000001bd
fffffff0
fffffb31
fffffcf1
000003a5
ffffeccd
fffffe07
fffff987
ffffff19
ffffff3d
000003dd
000005ac
fffff842
00000289
00000c26
000006e6
0000077f
000001d6
ffffe974
fffff792
fffffbe2
fffffa6a
fffffc42
000002cf
fffff836
000002ce
0000056f
fffffefa
00000dff
fffff70d
00000a82
fffffcf7
000003b2
00000a61
fffffc93
fffffab9
000004d2
000001d5
00000349
ffffff35
fffffb9c
000007c9
0000007d
ffffff90
fffffe1b
00000279
fffffee5
fffffd2a
fffff659
fffffc21
ffffff09
fffff542
fffff97d
fffff6e8
00000935
00000fae
00000153
fffff996
000000db
00000029
fffffb7a
fffffc2e
fffffe17
00000e70
fffff6d3
fffff648
000002a7
00000542
00000bad
fffffdab
000002c6
00000cc6
fffff881
000007a2
00000525
fffff83a
00000682
fffff881
fffffdbe
fffff97f
fffffa67
fffffb75
fffffa58
fffffe84
000005fc
fffff76b
fffff6c8
0000014a
fffff8cc
fffffe1d
ffffff3a
fffff3b0
00000680
00000986
fffff8c6
00000f1f
ffffddee
00000265
fffff603
000007c1
ffffff7e
fffffef8
fffffe99
000007fd
ffffffd5
ffffefcd
fffff995
00000969
fffff083
00000196
fffff77c
fffff9a7
fffffdba
000014e2
00000944
fffffee6
fffff890
fffff066
fffffda9
fffff5eb
000009fe
fffff8cf
00001308
0000052a
00000a3a
00000476
000006ba
fffff709
000000a8
fffffc96
00000007
0000077c
fffffcb6
00000385
fffff7e1
fffff8c5
fffffbce
fffff4bf
fffff868
0000040e
000005ed
0000085d
00000411
fffffcff
000004f5
00000015
0000040e
fffff60e
000003bc
ffffcaca
0000051e
00000e90
00000406
00000c96
00000811
00000c9b
000004b9
000006cc
fffff6a5
fffffb7c
fffffe9d
000003af
fffff675
fffff9af
00000492
ffffe935
00000263
00000bcd
ffffec21
0000086b
00000381
000006d3
00000686
fffff616
0000047a
fffffefe
fffffa74
fffff99d
fffffea8
00000063
fffffdf3
00000401
fffffa2e
fffff645
00000290
00000389
0000007c
00000c8e
ffffff7f
fffff775
fffff9c6
00000c8b
00001266
fffffe56
fffffea3
00000497
fffffe3c
fffff7fb
000005fe
fffffa01
fffff052
fffffb80
000009ce
fffffbff
000007b2
00000a44
fffff968
000004fb
00000dd9
00000448
fffffefa
0000037e
ffffecd2
0000029a
00000b9e
fffff238
fffff9e0
00000c89
ffffff52
000002e4
fffffd73
00000a04
fffff9d7
fffffee0
fffff703
00000661
00000539
fffffea5
fffff605
0000054e
000003de
fffffc7c
00000a37
fffffa79
0000043a
00000044
fffff583
fffff6ad
fffffe54
fffffb1c
000002e8
000009c1
00000402
00000572
fffffd35
0000058d
fffffd2e
000008df
0000012d
fffff8e8
fffffe39
00000fd6
fffff2df
00000dee
0000019c
0000004e
0000000a
fffffe54
00000447
ffffffdd
ffffff4c
fffff6ed
00000b28
0000081f
fffff2f7
00001268
0000019f
000004dd
fffff55d
00000371
fffff96a
000002d8
000008c0
00000c5b
fffff90a
00000889
fffffa33
00000a37
0000046b
00000383
00000046
fffff7bb
fffffd9c
0000048c
0000002c
fffff6f4
ffffec91
fffffec8
00000691
000001ae
00000013
00000f07
ffffff98
000008d6
fffffbf3
000002f8
000010a2
fffff7fe
00000d15
fffffe83
00000505
fffff90a
fffffcbd
0000022d
000010b0
000001ba
fffffc08
fffffd59
0000036d
fffff937
fffff35f
000008cc
ffffffb4
fffffaf6
fffff4a9
00001926
0000069a
00000858
0000077b
000001c8
00000313
ffffffd2
00001222
00000a0b
00000df0
0000109a
0000089a
000001ad
00000140
fffff961
000003ac
fffff93a
fffff795
0000089d
ffffed58
fffff655
fffffbc0
00000155
fffffef6
fffffd02
00000686
fffff89f
fffffd49
00000b2b
fffffd91
000004ae
ffffff2e
ffffff54
00000152
00000836
00000126
fffffd22
fffffee8
00000151
0000146a
fffffd2b
0000071a
fffff4d1
0000035a
fffff6bd
0000071c
0000010c
ffffff8d
fffff674
0000067a
00000326
ffffffd0
00000172
fffffddd
fffff81d
fffff6c2
0000033b
fffff51b
fffff2a4
00000105
fffffff0
00000294
fffffe63
fffff7fe
00000fe7
00000be0
fffff444
fffffdd7
0000081b
fffffe1b
fffffb1b
0000056a
ffffec67
fffff7fc
00000114
fffff9db
fffffa96
00000617
ffffffd0
00000836
fffffa67
000002c7
fffffb02
00000221
fffff67c
fffff61a
00000912
fffffa4e
fffffd16
fffff498
000005ff
fffffc9e
fffffb29
0000050c
0000107e
000002fd
000000a7
fffff870
00000374
00000011
0000084d
0000036f
fffff9cd
fffffc88
ffffff35
00000503
00000404
0000031d
fffffb89
fffff8e8
00000633
00000830
0000097a
0000011b
fffffb02
0000017e
fffffe4f
fffff8f0
ffffff3c
fffff9ed
00000885
00000a71
000007f1
fffff910
fffffef3
fffff8a4
000008ef
0000071f
000009ea
000001fd
fffffab8
ffffff60
000008c7
0000079f
fffffc08
fffff91d
0000106d
00000619
fffffc5b
fffffa4a
fffffaf8
00001070
fffff60a
fffffdfd
000004ac
fffffe64
fffffc6b
fffffe5d
fffff515
00000196
000006f9
fffff78f
fffffb24
00000455
fffffbce
00001976
000009d1
fffffb00
fffffc00
000002a7
fffffc19
fffffd78
00000cc1
00000338
fffffa18
fffffe66
fffffe03
00000404
fffff594
fffffc5c
fffff482
ffffff79
00000136
fffff24f
0000009d
000000bb
0000013a
000005cd
fffffe22
fffffbb8
00000d61
fffffbef
fffff946
fffff90d
0000031d
ffffffe1
00000260
0000054b
ffffdb6a
fffffce4
fffffea9
fffffa1e
00000292
fffff5b1
000000a2
00000964
00000764
fffffc6e
000006d9
fffffe9c
fffff054
00000713
00000238
fffffa79
00000852
fffffe21
fffffa27
00000a28
fffffe7b
fffff9b2
fffffa99
ffffff3c
00000512
000003cf
fffffb60
ffffff77
fffff673
fffffb9d
fffff9e4
fffff947
fffffc88
fffff5e7
00000b22
fffffc74
0000051a
fffffe67
0000025a
000007fb
fffffb82
000001f3
fffffe68
fffffed2
ffffff97
fffffec9
00000633
fffff9c7
ffffff73
0000008f
fffff8da
fffff42c
ffffffe7
fffff55c
000006e6
0000069b
fffffd81
fffffc51
00000f86
00000380
00000743
0000053d
fffff6fd
000002db
fffff7a1
fffff931
fffffea1
fffffd79
00000d3a
000001f7
fffff8d7
00000004
0000011b
fffff7ba
00000588
fffff813
fffff72b
00000222
fffff888
00000105
000008a4
fffff2fb
000005d6
ffffff95
fffffe9f
0000097f
fffffab2
00000807
fffffe5a
0000105f
fffffb8b
fffffc16
00000311
fffffc22
fffff5e1
00000d35
0000074b
fffffd42
fffff8cd
fffff6c4
fffffc6e
00000705
00000e27
000000c2
fffff96e
fffff8e8
fffff993
fffffef6
fffffcce
0000001f
fffffb31
fffffb7a
00000518
fffff778
0000064b
fffff78f
fffff9bb
0000131d
00000a58
fffffdcc
fffff99a
ffffff76
000002dc
fffffc4d
fffffada
fffffecc
00000c97
000003b5
fffffedc
0000014c
00000025
fffff96a
000002de
000004e1
0000007b
00000a65
000000b8
fffffd9a
000008ac
fffffb5d
000001d4
fffff84b
000008e3
000000ac
ffffffdb
fffffe6d
fffff91d
00000a71
ffffff5a
fffff917
00000845
000009af
fffffdf1
00000546
fffffd1d
00000959
fffff690
fffffdd6
fffff9cd
fffff656
00000418
000003be
fffffe5f
ffffffc4
fffffb48
000000f3
ffffff69
0000041f
0000043b
fffffe7b
00000e8f
000001c8
fffffe34
fffffb46
ffffee23
fffff73e
fffff983
00000808
fffff7d0
ffffffb9
00001ec3
0000074d
0000017b
00000243
ffffeead
fffff7e7
ffffef8e
fffff1f1
000008dc
fffffd5e
fffffd89
000005a0
000000b4
000000ef
000006f5
fffffce8
fffffa3f
fffffb46
fffffca2
0000030f
fffff144
0000023f
00000113
fffff6e0
000002b7
fffffeba
fffff6bb
000007a0
00000022
000007db
0000033b
fffff9b2
0000044b
fffffa11
000000ee
000003c8
fffff923
00000ac9
000003e2
0000047c
000000da
fffffa35
fffffac6
0000027c
fffffac9
00000eb9
fffffdac
000002b4
fffff515
0000023a
fffff9d8
0000075d
fffff715
0000036f
fffffd08
fffff893
ffffff32
000004be
000000a0
0000049c
fffff41c
000002ca
fffff64f
000004d3
fffffe9a
00000714
fffffb67
00000f2f
fffffdad
00000153
ffffef07
0000028c
fffffe2f
00000b0e
000005c0
00001384
fffffbcd
000001f0
fffff91c
00000450
00000083
ffffff25
fffffd59
000003ad
00000086
fffffebf
fffff4c3
00000fb2
fffffc99
fffff840
000002ac
fffffffd
fffff92b
00000a3c
000002a0
00000a06
fffff703
00000211
00000005
000000d1
ffffff39
fffffa80
fffff5d7
000004a7
000008ba
fffffd03
fffff8fd
fffffb9f
fffff88e
00000aed
00000254
0000042c
fffffc5d
fffffef1
fffff98e
fffffdfb
fffff449
fffff609
fffffd52
0000050a
fffff764
00000482
fffff99a
00000206
ffffff86
0000003e
fffff52a
fffff8a4
00000381
00000628
fffff7dd
00000802
fffffead
fffffb0d
00000161
000003b9
fffff187
fffffa34
00000142
00000122
fffff7bc
fffff855
00000231
fffffc04
0000012f
000005de
00000c7a
00000508
fffffbcd
fffffc0d
000002f2
ffffe664
000003b4
00000331
fffff5f4
0000074a
fffffc11
00000183
fffffc35
fffff62c
000001f9
fffff855
00000089
fffffa70
fffff69a
00000254
0000075e
fffff4b9
0000052a
00000125
fffff264
0000002e
fffffc21
000007ce
ffffffc7
fffffef0
fffff587
00000403
fffff5f5
0000038c
00000572
fffffdd0
fffffea8
00000260
00000b93
0000008b
0000067f
fffff455
fffffe5d
00001986
00000395
fffffb98
000003f0
00000a3b
000004ce
000007f3
fffff555
000000c1
ffffff56
ffffeead
000007a0
000005f0
00000067
fffff913
fffff3f1
000006bd
00000375
fffff9ca
ffffef59
00000434
0000062b
fffffc0f
00000391
fffffc97
000009ea
00000531
00000237
ffffff92
00000193
ffffff30
fffff21d
ffffff94
00000687
00000d28
000001a0
00000180
000005f2
fffffe0b
fffffa26
fffff86e
ffffffbb
fffffc9a
fffffadc
fffffb14
000001c7
00000093
0000028f
00000901
ffffffe6
fffffff8
000002a5
000001a5
ffffff6c
00000b52
fffff24a
fffffb98
000005ed
00000bd2
fffffb1f
000006cc
fffffa58
00000578
00000c5d
fffff69a
00000675
0000016e
fffff862
ffffff24
ffffffd0
fffffaad
00000b2c
fffffeae
fffffef9
ffffff14
fffffcc5
fffff9b4
00000af2
fffffd2b
000007ec
fffffa3f
fffffcdd
00000048
0000029c
00001334
000009dd
ffffff78
0000019b
fffff657
fffff2d5
00000d9f
fffff4d2
fffff9d2
fffff943
000003fc
ffffff7e
0000010b
fffffb72
fffffb72
fffff90b
00000a01
000004bd
ffffeecd
fffff078
000004c0
000002ac
00000981
fffffb89
000010bf
fffff3b1
00000b2a
fffff08d
fffff849
fffff7fd
fffff487
00000263
00000486
00000762
fffffebc
fffff536
fffffed1
00000341
00000089
00000374
fffffb63
fffff90d
000002a9
fffffc46
0000113a
ffffede2
000001c3
00000378
fffffa3c
fffff57b
00000a07
00000543
00000257
fffffbdb
ffffface
00000adf
fffff54e
ffffee91
fffffe71
ffffecc1
0000059b
fffffefc
fffff4f7
000001fc
000009dd
0000093c
00000ac0
000009b3
00001024
000000f3
0000090b
fffff8af
00000420
fffffbd6
000005a6
fffffe73
fffffff4
00000068
0000035a
fffff8d1
0000113c
fffffe29
000008c0
ffffef09
0000022d
00000189
ffffff15
000000f6
fffffca9
000002c7
ffffff75
00000179
fffffdfb
000001cb
0000017c
fffffed9
fffffe9e
fffffa34
00000282
fffffc7d
ffffff01
00000361
000009f3
fffffe31
fffff4f9
fffff747
ffffedfc
0000008b
000006d5
fffff3f9
00000372
00000a04
fffffda7
00000e9f
000001cd
fffffe0b
00000561
fffffd7c
fffff9fd
0000107b
000003b4
0000051e
000002e3
ffffff16
fffff73d
fffffc4a
fffffcb4
0000084c
ffffebb2
0000030d
ffffef8f
000001e4
0000003b
ffffff5e
fffffbe6
ffffff14
fffff51d
fffffee8
00000948
fffff6dc
fffffbf3
00000060
ffffffb6
ffffede2
fffffe13
fffffe09
ffffffab
ffffff8b
00000745
fffffef2
ffffff80
00000427
00000a0c
fffffc6a
fffff383
0000048b
0000008d
fffffaba
fffffd9d
00000b09
00000057
00000722
fffff6d3
00000998
ffffff07
0000025d
fffffa27
00001234
fffff3f8
000002f7
00000265
0000009f
0000041e
fffffe25
fffff7b3
fffffa06
000001a2
fffff35c
ffffff20
00000222
000003b4
fffffcbc
fffffbae
00000aaa
00000c7c
fffff6e7
fffffe56
fffff794
00000385
00000e22
000001fa
fffffecd
fffffc90
00000404
fffffda1
00000a87
fffff737
00000e2d
fffff58e
00000604
0000021e
0000017a
000000ce
0000052a
fffff4be
00000889
0000099a
fffffdbc
fffffb31
fffffd29
000004cd
00000e89
00000051
00000549
000001e6
ffffecdf
fffffce5
0000015f
fffffb41
fffffee9
00000b2e
fffffed7
00000540
fffffa9d
000000fa
fffff1d1
00000182
ffffff3f
00000099
fffffd07
fffffe65
0000039a
fffffd08
0000053b
fffffacc
fffff767
fffff6b7
000002b0
fffffddc
fffffbbf
fffffb6e
0000098c
0000036c
00000346
00000570
fffff495
0000051b
000006f6
fffffcb5
000001d4
000004bb
ffffef31
fffffdab
fffff798
00000141
00000911
00000576
00003bd9
000007c5
fffff6d4
0000091a
fffff7df
000002c2
00000953
00000caa
00000305
0000057b
fffffc93
00000fc5
fffff22a
fffffe15
ffffffd1
000001f8
fffffd74
000004de
00000759
fffffd93
fffff31b
00000c21
fffffd74
ffffe646
fffffd18
000008ba
fffffeda
fffffae1
000005c1
00000050
000005e6
ffffff83
fffffb2c
fffff7f3
fffffd95
fffffa69
ffffff18
fffff869
fffffd86
fffff91d
fffff443
0000065d
fffff527
ffffff79
fffffd92
fffffcff
fffff70f
fffffb66
00000704
fffffbf7
ffffed6c
00000679
fffffd7c
0000064c
00000ed9
000008db
ffffff7e
fffffee1
fffffadd
00000e92
fffff9f5
fffffe49
000008e3
fffff64c
ffffff0c
0000075a
fffffa49
00000952
ffffff58
fffff6ef
fffffa5f
000005df
ffffe65f
fffffd86
00000163
fffffe47
fffff906
fffffdda
00000443
00000124
fffff97a
fffffefd
00000818
00000592
000007eb
ffffee3b
fffffc79
fffff882
fffffb75
00000e60
00000091
fffff93a
00000cf6
000006ed
fffffbc3
fffff2d2
fffffeb9
000000f4
fffff68b
fffffef3
000001f3
0000075d
00000022
00000704
000000df
fffffc40
000006ff
fffffe43
00000235
00000512
ffffffb1
fffffb86
fffff635
fffffb4d
fffffa4d
00000726
00000cca
00000ace
00003a9a
ffffff1c
000007c4
000000ea
fffffa5a
00000385
000008e4
fffffc33
000002be
000002d7
fffffd70
00000564
fffffeb2
0000078d
fffffd9d
ffffeee9
0000017d
00000241
000004e3
fffff58e
0000044d
fffff752
00000b56
ffffec0a
00000233
000008e9
00000616
fffff19f
fffff77c
00000d0c
000004b7
00000262
fffffafb
000003ca
fffff332
000002d8
fffff70f
fffffe9c
fffff278
fffffb98
fffff91c
ffffe938
00000142
000001f8
000001df
000003ee
fffff7aa
fffffff8
fffff971
fffff2d3
000001b2
00000326
0000006d
00000079
fffff68b
fffff18b
000004d2
000007b5
fffff919
000003c8
00000794
0000071e
fffffcaf
00000189
ffffff16
fffffe9a
0000065d
fffffd9d
00000267
fffffd4d
fffffae0
00000897
fffffd98
fffff978
fffff517
fffff3e0
fffff27c
fffff428
fffffdc6
0000095c
fffff259
000001ef
000000af
000002d1
fffff802
000009e4
fffffed5
00000154
00000387
fffff073
fffffcee
0000082a
fffff7ff
fffff93f
000004f6
00000294
00000053
fffffd7d
0000063a
000002df
00000d44
fffffc6d
000004c8
00000693
00000466
000001d9
fffff736
0000046d
00000dd7
000005be
00000012
fffff5db
00000bec
0000062c
000010b3
fffffe70
000008cd
0000058e
fffffdac
fffffacf
0000013d
000017de
000008fd
00000c4b
fffffcdd
000001f0
00000433
ffffff2f
ffffef18
fffffd10
00000311
fffff3af
00000517
0000004d
0000017b
fffffe61
00000949
0000028e
000008f6
fffffb2e
fffffd2a
fffff1c9
00001fba
fffffe4e
fffffcf7
000000b7
fffffe59
fffff89f
fffffed4
fffff60d
000007bd
000008f4
00000f6b
ffffffab
fffffa58
0000051b
000008fb
fffffffc
fffffad3
000001db
fffffff8
00000351
fffff876
00000a13
0000052c
fffff6fe
0000079e
fffff617
fffff9e6
0000031c
0000005a
fffffbf1
fffff782
000004d4
0000107d
fffff704
00000261
00000089
000004bc
00000595
fffffaf1
fffffdb4
00000623
00000e0b
fffff4b0
0000053f
00000720
ffffff86
fffffc26
fffff74c
fffffbd4
00000a05
fffffe49
00000307
fffffa71
fffff971
fffff734
fffff7e7
00000456
fffff81c
00000325
0000030a
fffff6a4
fffff846
0000041e
0000050c
fffffee0
00000386
fffff9aa
00000119
00000a6f
fffffa30
fffffdf2
fffffd8d
000009c4
fffffbf8
fffff2aa
fffff9e6
00000e60
fffffea5
00000407
fffff45d
fffff530
fffff84f
fffff6c4
00000459
00000805
fffff7de
0000002d
00000550
000005cb
ffffff97
000009fe
fffffcaf
fffffd02
0000025f
000002e2
0000013c
000002a6
fffffa94
fffffd79
0000061f
ffffff82
fffffd24
0000024f
000001e8
00000669
00000921
000006da
00000331
fffff9dd
00000c6e
fffff941
00000236
ffffff58
00000491
0000069b
ffffffca
0000022f
00000274
fffff7f3
fffffc17
fffffe7a
fffffd31
fffffc30
00000276
fffffbf3
0000049f
000002fc
00000254
fffffdd2
00000000
00000000
00000000
00000000
00000000
00000000
00000000
00000000
00000000
00000000
00000000
00000000
00000000
00000000
00000000
00000000
00000000
00000000
00000000
00000000
00000000
00000000
00000000
00000000
00000000
00000000
00000000
00000000
00000000
00000000
00000000
00000000
00000000
00000000
00000000
00000000
00000000
00000000
00000000
00000000
00000000
00000000
00000000
00000000
00000000
00000000
00000000
00000000
00000000
00000000
00000000
00000000
00000000
00000000
00000000
00000000
00000000
00000000
00000000
00000000
00000000
00000000
00000000
00000000
00000000
00000000
00000000
00000000
00000000
00000000
00000000
00000000
00000000
00000000
00000000
00000000
00000000
00000000
00000000
00000000
00000000
00000000
00000000
00000000
00000000
00000000
00000000
00000000
00000000
00000000
00000000
00000000
00000000
00000000
00000000
00000000
00000000
00000000
00000000
00000000
00000000
00000000
00000000
00000000
00000000
00000000
00000000
00000000
00000000
00000000
00000000
00000000
00000000
00000000
00000000
00000000
00000000
00000000
00000000
00000000
00000000
00000000
00000000
00000000
00000000
00000000
00000000
00000000
00000000
00000000
00000000
00000000
00000000
00000000
00000000
00000000
00000000
00000000
00000000
00000000
00000000
00000000
00000000
00000000
00000000
00000000
00000000
00000000
00000000
00000000
00000000
00000000
00000000
00000000
00000000
00000000
00000000
00000000
00000000
00000000
00000000
00000000
00000000
00000000
00000000
00000000
00000000
00000000
00000000
00000000
00000000
00000000
00000000
00000000
00000000
00000000
00000000
00000000
00000000
00000000
00000000
00000000
00000000
00000000
00000000
00000000
00000000
00000000
00000000
00000000
00000000
00000000
00000000
00000000
00000000
00000000
00000000
00000000
00000000
00000000
00000000
00000000
00000000
00000000
00000000
00000000
00000000
00000000
00000000
00000000
00000000
00000000
00000000
00000000
00000000
00000000
00000000
00000000
00000000
00000000
00000000
00000000
00000000
00000000
00000000
00000000
00000000
00000000
00000000
00000000
00000000
00000000
00000000
00000000
00000000
00000000
00000000
00000000
00000000
00000000
00000000
00000000
00000000
00000000
00000000
00000000
00000000
00000000
00000000
00000000
00000000
00000000
00000000
00000000
00000000
00000000
00000000
00000000
00000000
00000000
00000000
00000000
00000000
00000000
00000000
00000000
00000000
00000000
00000000
00000000
00000000
00000000
00000000
00000000
00000000
00000000
00000000
00000000
00000000
00000000
00000000
00000000
00000000
00000000
00000000
00000000
00000000
00000000
00000000
00000000
00000000
00000000
00000000
00000000
00000000
00000000
00000000
00000000
00000000
00000000
00000000
00000000
00000000
00000000
00000000
00000000
00000000
00000000
00000000
00000000
00000000
00000000
00000000
00000000
00000000
00000000
00000000
00000000
00000000
00000000
00000000
00000000
00000000
00000000
00000000
00000000
00000000
00000000
00000000
00000000
00000000
00000000
00000000
00000000
00000000
00000000
00000000
00000000
00000000
00000000
00000000
00000000
00000000
00000000
00000000
00000000
00000000
00000000
00000000
00000000
00000000
00000000
00000000
00000000
00000000
00000000
00000000
00000000
00000000
00000000
00000000
00000000
00000000
00000000
00000000
00000000
00000000
00000000
00000000
00000000
00000000
00000000
00000000
00000000
00000000
00000000
00000000
00000000
00000000
00000000
00000000
00000000
00000000
00000000
00000000
00000000
00000000
00000000
00000000
00000000
00000000
00000000
00000000
00000000
00000000
00000000
00000000
00000000
00000000
00000000
00000000
00000000
00000000
00000000
00000000
00000000
00000000
00000000
00000000
00000000
00000000
00000000
00000000
00000000
00000000
00000000
00000000
00000000
00000000
00000000
00000000
00000000
00000000
00000000
00000000
00000000
00000000
00000000
00000000
00000000
00000000
00000000
