50414d51
00000001
00000100
00000080
00000006
00000010
05070100
00000004
05070900
00000004
05070000
00000004
0000e000
00000000
00000000
00000000
00000000
00000000
00000000
00000000
00000000
00000000
00000000
00000000
00000000
00000000
00000000
00000000
00000000
00000000
00000000
00000000
00000000
00000000
00000000
00000000
00000000
00000000
00000000
00000000
00000000
00000000
00000000
00000000
00000000
00000000
00000000
00000000
00000000
00000000
00000000
00000000
00000000
00000000
00000000
00000000
00000000
00000000
00000000
00000000
00000000
00000000
00000000
00000000
00000045
00000006
00000005
00000001
00000005
00000020
00000000
ffffffff
05070900
00000004
00000034
00000000
0000000d
00000000
00000000
00000000
00000004
00000000
00000000
00000000
00000000
00000000
00000000
00000000
00000003
00000000
00000c00
00000401
00000000
00000000
00000000
00000000
00000046
00000001
00000013
00000001
00000005
00000018
00000000
ffffffff
05070940
00000004
00003000
00000000
00000c00
00000000
00000000
00000000
00000004
00000000
00000000
00000000
00000000
00000000
00000000
00000000
00000005
00000000
00000000
00000c00
00000000
00000000
00000000
00000000
00000047
00000001
00000013
00000001
00000005
00000018
00000000
ffffffff
05073940
00000004
00003000
00000000
00000c00
00000000
00000000
00000000
00000004
00000000
00000000
00000000
00000000
00000000
00000000
00000000
00000006
00000000
00000000
00000c00
00000000
00000000
00000000
00000000
00000048
00000009
00000019
00000001
00000005
00000010
00000000
ffffffff
05076940
00000004
00001004
00000000
00000401
00000000
00000000
00000000
00000004
00000000
00000000
00000000
00000000
00000000
00000000
00000000
00000003
00000000
00000c00
00000401
00000000
00000000
00000000
00000000
00000049
00000004
00000013
00000001
00000009
00000018
00000000
ffffffff
05077980
00000004
00003000
00000000
00000c00
00000000
00000000
00000000
00000004
00000000
00000000
00000000
00000000
00000000
00000000
00000000
00000003
00000000
00000c00
00000401
00000000
00000000
00000000
00000000
0000004a
00000005
00000013
00000001
00000015
00000018
00000000
ffffffff
0507a980
00000004
00003000
00000000
00000c00
00000000
00000000
00000000
00000004
00000000
00000000
00000000
00000000
00000000
00000000
00000000
00000003
00000000
00000c00
00000401
00000000
00000000
00000000
00000000
00000000
00000000
00000000
00000000
00000000
00000000
00000000
00000000
00000000
00000000
00000000
00000000
00000000
00000000
00000000
00000000
00000000
00000000
00000000
00000000
00000000
00000000
00000000
00000000
00000000
00000000
00000000
00000000
00000000
00000000
00000000
00000000
00000000
00000000
00000000
00000000
00000000
00000000
00000000
00000000
00000000
00000000
00000000
00000000
00000000
00000000
00000000
00000000
00000000
00000000
00000000
00000000
00000000
00000000
00000000
00000000
00000000
00000000
00000000
00000000
00000000
00000000
00000000
00000000
00000000
00000000
00000000
00000000
00000000
00000000
00000000
00000000
00000000
00000000
00000000
00000000
00000000
00000000
00000000
00000000
00000000
00000000
00000000
00000000
00000000
00000000
00000000
00000000
00000000
00000000
00000000
00000000
00000000
00000000
00000000
00000000
00000000
00000000
00000000
00000000
00000000
00000000
00000000
00000000
00000000
00000000
00000000
00000000
00000000
00000000
00000000
00000000
00000000
00000000
00000000
00000000
00000000
00000000
00000000
00000000
00000000
00000000
00000000
00000000
00000000
00000000
00000000
00000000
00000000
00000000
00000000
00000000
00000000
00000000
00000000
00000000
00000000
00000000
00000000
00000000
00000000
00000000
00000000
00000000
00000000
00000000
00000000
00000000
00000000
00000000
00000000
00000000
00000000
00000000
00000000
00000000
00000000
00000000
00000000
00000000
00000000
00000000
00000000
00000000
00000000
00000000
00000000
00000000
00000000
00000000
00000000
00000000
00000000
00000000
00000000
00000000
00000000
00000000
00000000
00000000
00000000
00000000
00000000
00000000
00000000
00000000
00000000
00000000
00000000
00000000
00000000
00000000
00000000
00000000
00000000
00000000
00000000
00000000
00000000
00000000
00000000
00000000
00000000
00000000
00000000
00000000
00000000
00000000
00000000
00000000
00000000
00000000
00000000
00000000
00000000
00000000
00000000
00000000
00000000
00000000
00000000
00000000
00000000
00000000
00000000
00000000
00000000
00000000
00000000
00000000
00000000
00000000
00000000
00000000
00000000
00000000
00000000
00000000
00000000
00000000
00000000
00000000
00000000
00000000
00000000
00000000
00000000
00000000
00000000
00000000
00000000
00000000
00000000
00000000
00000000
00000000
00000000
00000000
00000000
00000000
00000000
00000000
00000000
00000000
00000000
00000000
00000000
00000000
00000000
00000000
00000000
00000000
00000000
00000000
00000000
00000000
00000000
00000000
00000000
00000000
00000000
00000000
00000000
00000000
00000000
00000000
00000000
00000000
00000000
00000000
00000000
00000000
00000000
00000000
00000000
00000000
00000000
00000000
00000000
00000000
00000000
00000000
00000000
00000000
00000000
00000000
00000000
00000000
00000000
00000000
00000000
00000000
00000000
00000000
00000000
00000000
00000000
00000000
00000000
00000000
00000000
00000c00
00000401
00000018
0000000c
00000018
0000000c
00000010
00000010
00000006
fffffff8
00000008
00000003
00000000
00000000
00000000
ffffdb79
0000007a
00001191
fffff772
ffffeecd
fffffedd
ffffdca5
fffffb31
00000abb
00000533
fffff206
ffffdf5c
fffff373
00001017
fffff28e
fffff52b
000003d8
fffff771
fffffed0
000004a7
fffff3e0
00000068
ffffe501
fffffadb
fffffec9
fffff3d2
000003f5
fffff794
ffffe7a9
ffffdb7c
ffffecd2
ffffe8de
fffff9d4
fffffeb3
fffffa96
ffffdaaa
fffff819
0000092e
fffffea2
fffffd51
000006a8
00000703
ffffe5da
fffff7e9
00000a26
ffffeea1
00000a28
fffff059
fffffde9
000007b2
ffffe751
ffffe74f
ffffe626
ffffffae
0000090d
fffff291
fffff6a0
fffffe3d
00000489
fffff8a8
fffff9ff
fffff1a5
ffffea6b
ffffd8ca
ffffd0ef
fffff187
ffffe681
0000008d
fffffc35
ffffe5b1
fffff7c0
ffffe10c
ffffeb81
fffffe17
000006a5
fffffb25
00000165
000001fe
0000019c
fffffd1d
ffffff0a
ffffef4e
ffffea8e
00000883
ffffdfa1
fffffbc1
fffff298
fffff345
fffffb49
ffffed5f
ffffc932
ffffdeeb
fffffb1e
fffff1c1
000008b6
fffff68c
ffffeae4
fffff624
ffffdf17
fffff8ab
ffffead8
0000031b
fffff741
fffff65d
00000740
fffff2b3
ffffe327
fffff401
ffffefa3
ffffe22e
00000946
ffffff67
ffffe748
fffff972
fffff58b
fffffdac
ffffe39c
0000058e
ffffff6a
fffffc07
fffff386
00001623
fffff4d9
fffffd62
00000381
ffffe704
fffff85c
fffff11e
fffff18e
ffffe880
00000c21
fffff83d
0000077b
fffff21f
fffff97b
ffffd81e
fffffc12
fffffe38
000006fc
ffffe5ed
fffff4c1
000001e1
fffffe1b
ffffd031
00001788
fffff44e
ffffff4a
00000401
fffff32c
fffff00f
ffffebbc
ffffeae0
000001b6
fffff43b
ffffebfd
ffffec01
fffff539
ffffffc6
fffff081
ffffe482
ffffed1d
fffff099
00000070
fffff68d
fffff626
0000005a
fffff812
ffffe83c
fffff55e
fffff39e
0000057d
ffffd513
ffffff3c
fffff4b5
fffff96f
fffff544
ffffdd00
fffffffd
ffffcdc7
ffffec9c
fffffecb
000007db
ffffe896
000001af
ffffefeb
ffffe198
ffffc681
ffffd4e0
fffff399
ffffe2f4
fffffb0f
fffff6fb
ffffd321
ffffd999
fffffc87
ffffcd74
ffffc8bc
fffff98a
ffffdeaf
ffffe94f
fffff729
ffffd90f
00000111
fffff876
000005a3
fffffd0b
fffffa25
00002b19
fffffbfd
fffff2f2
000006d3
ffffeeb2
ffffff89
fffff67f
ffffebd0
ffffe4ad
fffff4da
fffff686
ffffeb16
fffff3e8
fffff556
fffffa13
ffffda78
fffff6e9
ffffff74
fffff37f
ffffdd8c
000008a4
ffffe365
ffffe558
fffffe9b
ffffef09
ffffead0
fffff7bb
fffff764
fffff5de
fffff3a5
ffffead9
ffffef91
ffffecbf
fffffa14
fffff3a7
ffffdd74
fffff2cf
ffffe308
ffffceef
fffff6ef
fffffb7d
fffff31c
fffff80f
fffff1b4
ffffd22e
fffff447
ffffeafd
fffff3e3
ffffe5b6
fffff454
ffffeed5
fffff73d
00000376
ffffe293
ffffed6e
fffff926
fffff43b
0000006d
ffffec74
fffff438
fffff124
fffffb5f
fffffd5e
000001ff
fffff466
ffffec6a
fffffe15
fffffcfe
fffff8c7
ffffe574
fffff522
ffffef6b
fffff76b
fffff8c5
fffffbf9
fffff853
ffffd94c
ffffe0b2
fffff521
fffffb52
fffffcb2
fffff4b3
fffff171
0000035c
fffff74b
ffffe8df
fffff9cc
fffff6d6
ffffde03
ffffe81b
ffffe93c
fffffc8f
fffffba7
fffff4e0
fffff993
fffffa66
fffff3bb
0000036e
fffffa43
ffffe00a
ffffe686
ffffffb2
00000d83
fffff202
fffff1cc
fffff1ac
fffff57b
fffffc58
ffffe548
00000640
ffffd6ee
fffff972
ffffdb35
ffffed1a
ffffe9d7
ffffec09
fffff75e
fffff1c4
ffffef13
000002fa
ffffd98c
ffffffd3
ffffff61
fffff3fe
fffff9f0
fffffc14
ffffdb3b
fffff1f2
fffff6d3
00000839
0000096d
fffffc5b
fffff6c8
ffffd8b4
fffffd57
fffffab2
fffffab9
fffff1e0
ffffdbfe
fffff72f
fffffe65
ffffdc96
ffffdf05
00000062
fffff37c
ffffd842
ffffe8bc
fffffd8e
ffffcb39
ffffe700
fffff718
ffffe5a9
ffffe841
ffffedc5
fffff38f
fffff7b4
fffffe12
fffffa59
fffffbe5
fffff75f
fffff1d9
ffffe4f3
ffffefaa
ffffed3d
ffffee66
ffffd6ee
ffffde31
ffffd932
00000ac8
fffffd7b
fffffa4d
fffffc29
fffff077
fffff73d
ffffe303
ffffe9db
fffff19f
ffffec62
fffffb9b
fffff5f6
ffffdac7
000001e1
fffffeb4
fffff224
fffffa50
fffffbc7
fffffcec
ffffd705
ffffee09
fffff650
ffffea5a
fffff661
fffff2b9
00000637
fffffd31
ffffeeee
ffffeb6c
ffffedaa
ffffed85
ffffd6fa
ffffe6ed
ffffe6ee
fffff15c
ffffe614
fffff23d
fffff673
fffff815
fffff951
ffffe6f9
fffff9fc
00000029
fffffb98
ffffe974
000001b8
ffffe3bd
fffffd76
fffff9f3
00000654
fffff856
fffff88b
fffff368
ffffe365
ffffde0d
ffffccca
ffffdf83
fffff71e
fffffbb7
ffffe8ec
fffffc26
ffffece5
ffffe911
0000034c
fffff266
fffff3b7
fffff894
fffff77d
fffff2a4
ffffe765
ffffec86
fffff216
fffff949
ffffe291
fffff7ce
ffffdf0f
fffff86e
fffff47e
fffff79b
000003e3
fffff13b
ffffee46
fffff867
fffff25a
ffffc763
fffff42f
fffffc0d
ffffdd6e
ffffe9fd
fffffefb
ffffd8f4
fffff510
fffff1dd
fffffc76
fffff9e8
ffffffad
ffffef85
fffff8b5
ffffe9fe
ffffd5f2
fffff52b
ffffce01
ffffee06
ffffee46
fffff9f3
ffffff5c
fffffe62
fffffd37
ffffe85a
ffffefba
fffff5a7
fffff91d
ffffe433
ffffffd2
ffffef9d
fffffcc1
ffffd212
fffff47d
fffff6dd
ffffd8cd
ffffe3cf
ffffd248
fffffeb1
00001148
fffff98a
ffffcc8f
ffffefd4
ffffe585
ffffe4b9
fffff688
fffffdfe
fffff08d
ffffd798
ffffeb8b
fffff612
fffff5dd
fffff82d
ffffe206
000001e3
ffffd173
fffff9ab
fffffbdc
ffffed58
ffffeff1
ffffdae6
ffffe940
ffffdf84
fffffd7d
00000047
ffffe47d
ffffe99f
ffffe6ab
fffff90c
ffffedcc
fffff793
ffffc9d3
fffffc26
fffff5b2
fffff6d4
fffffe65
ffffec28
fffff5a5
fffff166
fffffae1
fffff083
ffffebb4
fffff462
fffffe25
ffffe3f9
0000013d
ffffdbcc
0000004f
fffff0ff
ffffeb71
ffffec28
fffff055
ffffeeb2
fffffe6b
ffffcb98
ffffedcd
fffff6bb
ffffdb29
fffff9f2
ffffe006
fffff743
fffff826
ffffeac8
fffff6c2
fffffdf1
ffffe618
ffffe437
fffff155
fffffeeb
fffff294
ffffd0a8
ffffe5d1
fffffb6c
fffff7bf
fffff65d
fffff239
fffff67a
ffffe2e1
ffffff21
fffff421
000002d6
fffff25a
ffffdf6d
fffffdd9
ffffecb4
ffffe84d
0000007e
ffffdfc0
ffffd5c3
fffffece
00000135
ffffe218
fffff39d
ffffe986
fffff904
ffffdcfb
000003ba
ffffeab6
fffffc3b
fffff45e
ffffd786
fffff7ba
ffffe365
fffff94d
ffffd3f5
ffffdfbc
fffff4ee
fffffb6a
ffffdddb
fffff8fe
fffffcfa
fffff553
ffffd0ab
fffff7e5
ffffe8e4
fffff669
0000026c
fffff38f
ffffdc1f
fffffda9
ffffe3d0
fffff7bf
fffff4dd
fffff412
00000319
fffffc01
ffffea1b
0000036b
ffffed85
ffffd48f
fffff2e4
ffffe60f
ffffe69e
ffffdec2
ffffe4d3
fffff58c
fffff3de
fffffd0e
ffffd5c4
00000b4b
fffff1b0
000006a7
fffff5f0
ffffe259
fffffde5
ffffe68c
fffff4bd
fffffc92
ffffe2dd
ffffcb84
fffff7d9
ffffff27
fffff434
ffffed2f
fffffb27
fffff38f
00000158
fffffb48
fffff20c
fffff38f
ffffedf9
ffffd687
ffffeeb7
ffffff1b
fffff370
fffff57e
fffffaff
ffffe7d4
ffffeb59
00000133
ffffe9ff
ffffe8d4
ffffc873
ffffee75
fffff406
fffff817
fffff6f8
ffffebe6
fffffb93
ffffe701
fffffe0f
fffff515
fffffe8b
fffff28b
fffff68a
ffffeafc
fffffce5
00000353
ffffc633
fffff1c2
fffffa47
ffffe363
fffff10a
fffffd03
fffff05f
000003b0
fffffbe7
fffff81e
fffff220
ffffc818
ffffe120
ffffcbbf
ffffdba4
ffffe11a
fffffbed
00000292
00000172
ffffd9c6
fffffad2
fffffcc6
fffff638
ffffde72
ffffdf62
fffff30d
fffff07f
fffff953
00000bec
000001a2
ffffd020
ffffdec4
000000f0
ffffcf54
fffffc95
ffffe013
fffff35a
fffff237
fffffc50
fffff840
fffff5ff
fffff30a
fffff545
ffffdf51
fffff40b
ffffe557
fffff9ca
fffffd18
0000097e
fffff88e
ffffed1e
ffffdd27
000001ab
fffffd38
00000216
ffffca09
ffffc0de
ffffe17b
fffff448
ffffeb13
fffffe7f
fffff74c
ffffee12
fffff390
ffffedaa
fffff4b0
fffff64e
fffff42c
000001ca
000001e8
fffff920
0000038a
ffffe774
000002ea
fffff4be
fffff105
ffffd3a8
fffff3de
fffffc5b
ffffdc49
fffffd86
fffff40f
00000495
ffffff75
fffffa70
00000315
fffffb5e
fffff53b
fffff641
ffffdd39
fffff948
ffffe417
fffff36e
00000062
fffffa3c
ffffe92d
fffffcdd
fffffb6b
ffffed57
fffff853
fffff02d
fffff6c6
fffff64c
000017ac
fffff7a0
ffffef3d
fffff3c4
ffffdbf2
fffffc64
ffffe6c3
ffffed4c
000001e6
fffff57e
fffff2f7
ffffde8b
ffffeeb5
fffff8b8
fffffa12
fffff722
fffff44b
fffffbdf
fffff11e
ffffea09
fffff4d3
fffff961
fffff152
fffff667
ffffdc5e
fffff938
fffffc8a
fffff53c
ffffd02b
fffff7d5
fffffdd4
ffffdb4b
00000076
fffff9dd
fffffbe4
fffffbe8
fffff197
fffff10d
ffffeb64
fffff64e
fffff7a5
fffff7d4
fffff390
ffffdb80
fffffc05
0000049b
ffffeeca
fffff7c9
fffff359
fffffead
fffff7d0
fffff332
ffffff32
fffff854
ffffe78c
fffffb18
fffff94c
fffff982
fffff7dd
fffff6ed
ffffdf8c
ffffeed9
ffffd52a
fffff637
ffffd9b2
fffff86d
ffffe16f
ffffd31c
fffff8d4
ffffc7b0
ffffe592
fffff0c1
0000006d
fffff353
ffffff41
ffffdc25
ffffd63e
fffff910
ffffec9c
ffffe500
fffff37b
fffff6d2
fffff69d
ffffc5d4
fffffab8
fffff4e7
fffff9bf
fffff965
fffff09d
fffff30c
ffffedc4
ffffe36b
fffff2b9
fffff57b
fffff354
fffffa2b
fffff618
ffffff35
fffff3b4
ffffeb1e
00000388
fffff54d
ffffec3b
fffff7cb
fffff580
fffffda5
fffff30c
00000c39
fffffcd7
ffffe539
000000d1
ffffd61e
ffffd77a
000004d7
ffffd99e
fffff2c5
fffffa4d
000000a2
00000337
fffff594
fffff891
fffff8fc
fffffcb8
fffffa30
ffffe99c
fffff405
ffffff1f
fffff286
ffffe1a5
fffffaab
fffff74f
fffff12f
ffffea8a
00000632
ffffd8aa
ffffc9de
fffff991
fffff948
ffffdc69
fffff419
ffffe1a6
fffff60d
fffff11d
ffffec94
fffff4ca
00000132
fffffb26
fffff9c8
ffffde47
fffff5e4
ffffedf6
fffff69e
fffff255
fffffee6
ffffe285
fffff4d6
ffffdde8
fffffa20
00000272
ffffeff5
fffff856
ffffc02e
fffff902
fffffbe1
fffffa1a
fffff1b2
fffffc8d
fffff6cb
fffffdac
ffffea7e
00000430
fffff13c
ffffe575
fffff329
fffffa0e
ffffd61b
fffff3b9
fffff5b4
fffffccc
fffff45a
ffffed9f
00000fe3
fffff4fc
ffffe4ba
fffffbb4
fffffc03
fffff92b
fffff1ea
fffff16f
fffff2b1
ffffd88f
ffffef15
fffffae0
fffff744
fffff610
fffff8f6
fffffba8
ffffd8b1
ffffeb9e
ffffff0e
fffff8d6
ffffef36
fffff975
ffffee66
00000551
fffff744
00000397
fffff938
fffffed8
ffffea7b
fffff0b5
fffffae3
ffffffed
fffff78e
0000070b
ffffeb73
fffff849
ffffefe0
fffffd44
fffff75c
fffff7ce
fffff8de
00000472
00000049
fffff2ff
fffff490
fffff4b7
ffffe9c7
000004fa
ffffefe1
fffff606
ffffcde7
ffffffda
fffffc13
fffffdb5
ffffebcf
ffffe7df
fffff242
ffffd4de
ffffe277
fffffc6b
fffffeb0
fffffcda
fffff171
000002e9
fffff8a3
fffff5c2
fffffe71
fffff4df
000000b7
fffffd3e
fffffe65
fffffdbf
fffff8b4
fffff99e
fffff5c3
ffffef4b
ffffe1af
fffff4c6
0000001d
fffff4f7
fffff87f
ffffcb5a
00000268
fffffb17
fffff0bf
000001f7
fffff7a3
fffff379
fffff66c
ffffdff5
ffffe1b6
ffffd97f
fffff34a
fffff23a
fffff9ac
fffff979
fffffd19
fffff8d9
fffff673
fffffb17
0000011d
fffff1aa
00000024
fffff28c
fffff011
fffffbee
ffffebb8
00000179
ffffff4e
0000004e
fffff6b7
000003ba
fffff694
fffff841
ffffdfad
fffff3b6
fffff765
fffff1ae
ffffe7a6
ffffed14
fffff63f
ffffe567
fffff2b5
ffffeac5
0000016f
ffffe1cb
00000a72
fffff826
fffffc40
fffff96a
00000388
ffffea3d
fffff9b4
fffffe94
fffffca2
fffff448
fffffe73
fffff8e0
ffffea88
000005c8
ffffe4cf
fffff5ea
ffffe440
fffff990
00000596
fffff427
00000381
fffffbe1
000002c3
fffffb2f
fffff6d1
fffff9fb
ffffc920
ffffde58
fffffbb2
ffffda25
ffffedbb
000000bf
ffffe5d5
fffff081
ffffeca9
fffff8f6
ffffda61
fffff3d3
fffffc96
fffff7e4
fffff5dc
fffff94c
ffffec00
ffffefff
fffffe94
fffff93f
ffffe8e6
fffffb47
fffff1bf
ffffd6da
000002b2
fffffcc0
fffff5ad
fffffd41
fffffb1d
fffff56d
ffffeba7
ffffff9d
fffff986
000002ba
fffff944
ffffdaa2
fffffea5
0000015b
ffffc81f
ffffe8ec
fffff828
ffffefb5
fffff3bb
ffffec39
fffff450
000005e9
ffffef98
000001d0
fffff588
fffff6b2
fffffa1e
ffffe830
000001ed
fffff07a
fffffd79
fffff3ae
000000c1
fffffe16
fffffe22
ffffe323
fffffb2b
fffff6cc
fffff246
fffff9a0
ffffe691
000003fc
ffffec6e
fffff352
fffff965
fffff3c6
ffffd791
fffffaac
fffff705
fffff8be
ffffef01
fffff0f9
fffff82a
fffffd69
fffff7c5
fffff50e
fffff426
fffff3b7
fffff318
fffff53f
ffffdcee
fffff211
0000069b
fffff53c
ffffff86
fffff8ad
fffffe86
fffff882
00000002
fffffc9a
fffff103
fffff6f9
fffff6e7
fffff7f5
00000002
fffffbaf
fffff530
ffffcd80
fffff522
00000262
fffff765
000000b2
fffff8be
fffff62c
000004b7
00000073
ffffe2f2
ffffe55f
ffffed3f
fffffb8a
fffff539
fffffd3d
ffffec96
fffffa22
ffffeace
00000339
fffff7cc
ffffed2d
fffff687
fffff8b8
fffffdfb
fffffc59
ffffff85
ffffd59e
ffffef54
fffffaaa
ffffdd5f
ffffff65
fffff946
ffffe7f3
0000029d
fffffb45
ffffedbb
fffff51d
fffff1e5
fffffb8a
0000084c
fffff6b2
fffff39e
ffffed48
fffff4dc
fffff6d5
fffff5ba
ffffdaee
fffff3c6
fffff9ab
ffffffbf
fffff989
fffffff3
fffff32e
fffffef7
fffffb86
ffffef7a
fffff939
ffffe863
fffffa6b
fffff2fe
ffffeb1b
fffffd3b
ffffff96
ffffdec8
ffffef6e
fffffa82
fffff3a0
fffffe55
fffff748
fffff354
fffff3a3
ffffd6e9
fffff00b
fffff7a5
fffffe01
fffff852
000007b0
ffffcbf5
00000058
fffffc8e
ffffe9e6
fffff5ec
fffff95e
fffffc87
fffff72b
ffffedc3
fffffa80
fffffa7f
fffff9ae
fffff45d
fffff3c4
0000000e
fffff7b1
fffffc30
ffffda7b
fffffde9
fffff402
fffff5b5
fffff70d
ffffe35e
fffffea6
ffffeff1
fffffb84
fffff847
fffffe43
ffffff09
ffffed9d
ffffbd59
ffffcf61
fffff88d
fffffea3
000000f4
fffffcb8
ffffeb3f
fffff2f2
0000055b
fffff4d8
fffff54e
0000007f
fffff0f2
fffff178
fffff524
fffff200
fffff982
fffff5b8
fffff361
fffff5b4
fffff91c
fffff98f
0000019a
fffff9ad
ffffde4e
0000060b
fffffb6b
fffff028
fffff938
ffffe508
fffff600
fffff490
fffff019
fffffd44
fffffa81
fffffb07
fffffc81
fffff9f7
ffffe31b
fffff8e4
fffff9bb
00000034
fffff2bf
000005fb
000002b6
fffff6c7
fffffa39
fffff615
ffffeadf
fffffb46
fffffa00
ffffe215
fffff432
ffffef3f
fffff961
ffffd661
fffffcbd
fffff69d
fffff1fa
fffffbbb
000001c6
fffff708
fffff8fb
fffff47b
fffff5cf
fffff847
fffff782
0000024f
fffff457
fffff19d
fffff62f
0000044a
ffffd78b
fffff39a
fffffa47
fffffb12
fffffa11
fffff396
ffffee0a
0000004c
ffffe08f
fffff9c6
fffffebf
ffffeeca
fffffb7d
ffffffee
fffff8aa
fffffabc
000000f9
fffffb8a
000000ed
fffff9bb
fffff72f
fffffa68
fffff629
fffff91c
fffffafb
fffff57d
fffff6a7
fffff759
ffffef32
fffff071
fffff2ef
fffffdc6
ffffe969
fffffcfb
fffff49a
fffff62a
fffff809
fffffbf7
fffff2ee
fffff704
fffff999
fffff80c
00000063
ffffe5cf
fffffb3c
fffffa95
fffff225
ffffef44
fffffc4c
fffffdb6
fffff321
fffff6d2
fffffa86
fffffdb9
fffff8a0
fffff991
00000088
fffff13c
fffff269
fffff854
ffffe913
000003f9
fffffe43
fffffb52
ffffeecd
fffff2c3
ffffeb40
fffffd64
fffff2e0
fffff058
fffff502
fffff47c
fffffea0
ffffeae2
fffffc61
ffffe169
ffffefb2
fffff000
fffffeb3
fffffb22
0000038a
fffffa37
ffffed0e
ffffc9c4
ffffed46
fffff409
ffffd25e
fffffc07
fffff9a6
fffff5e9
ffffff08
fffff4b2
fffff793
ffffdef4
fffff444
fffff7a7
fffffe3d
fffffa02
fffff824
ffffd15e
fffff711
00000178
fffff244
fffff6a0
fffff610
fffff404
fffffd14
fffff3b9
fffff940
ffffeda4
fffff50c
fffff837
fffffdf6
fffff605
fffff2c8
ffffe3e5
fffff5ed
ffffed8a
fffffe3a
fffff142
ffffe754
ffffe402
ffffe35d
fffffec0
ffffec07
ffffea00
fffffe72
fffff886
fffff44d
fffff92f
ffffff60
0000021a
fffff76f
fffff946
fffffb94
ffffedf0
fffff5ea
fffff9de
ffffec2c
fffffd7c
fffff799
fffffae9
fffffec2
fffff5a8
fffffbff
ffffead0
fffffcfd
fffff6fd
fffff46c
fffffc7c
000002aa
fffff7d9
fffff319
fffffb0e
fffffae0
fffff9ac
fffff571
ffffea94
ffffd89a
fffffb4d
ffffd25c
fffff002
fffffc7a
fffff670
00000069
fffff8bb
fffffcf4
0000043a
fffff0eb
fffff97c
fffff490
fffff584
fffffae2
ffffdf16
fffff2da
fffffc7d
ffffebf8
ffffeed2
ffffe7fc
fffff9b5
ffffef27
ffffd2a3
fffffa55
fffffb90
fffff617
fffff656
fffffb34
fffffa79
ffffd191
fffffd38
fffffa68
fffff7ee
ffffff5d
fffff2d0
000000ba
fffff8f7
000003a1
fffffedc
fffff6fc
000007e0
ffffeb05
fffff387
ffffeb56
fffff73f
fffffe1e
fffff766
fffff6d2
fffff810
fffffd9a
fffffc8c
fffffaea
fffffe52
fffff9b5
fffff8ae
fffff318
ffffe342
fffff94c
fffff923
fffffc11
fffffe3d
fffff43d
fffff696
00000022
fffffe7b
fffff662
ffffd7c8
0000046a
ffffefa2
ffffeb54
fffffe7d
fffffe82
fffff425
fffffd90
fffff9c2
00000037
fffff49e
fffff759
fffff4aa
fffff552
0000012b
fffff99a
fffff440
fffff87b
fffff919
fffffc8c
fffff2b9
00000129
fffff785
fffffb43
000004f7
fffff8f5
00000345
fffffac3
fffff9e4
fffff382
fffff5e2
ffffd729
fffffd17
fffffd1b
fffffb31
00000539
fffffb76
fffff613
fffff8aa
0000057c
ffffebd1
ffffdce2
0000052a
fffff150
fffff27d
ffffe00c
ffffce8a
00000029
fffff514
000004c2
ffffeef2
fffffe22
fffff7f1
ffffef35
fffff9bd
fffff6f2
fffff41b
fffffee2
ffffec83
000000a3
fffff362
fffff2db
ffffecac
fffff521
fffff99b
ffffff6c
ffffffd1
fffffc48
fffffa5b
fffffcf4
fffff7a0
fffff106
fffffb7e
fffff4ea
fffffdd8
fffff8c3
fffffdc7
fffff844
fffffc5a
fffffb04
fffff8d5
fffffcbd
ffffbc91
fffff6ac
fffff8ec
fffffc25
fffffe2e
ffffce4e
000005bb
fffff64c
fffff999
fffff2a3
000006e1
fffff70a
fffffdc6
fffff769
ffffe71e
ffffee3e
fffff625
fffffa8a
ffffe7ac
fffffa2b
ffffe440
fffffdd1
fffffd9a
fffff999
fffffeac
fffff729
fffffc5c
fffff5e3
fffff505
000001eb
fffff67e
fffffb74
fffff9e9
fffff9dc
fffffb83
fffffb14
fffffdd6
fffff9a3
fffffdfc
fffff498
fffff61b
fffff48f
fffff732
fffff84c
fffff982
fffff1c5
fffffe23
ffffee22
fffffea8
fffff542
fffff71e
ffffeebc
fffff939
fffff7a2
ffffea21
fffffc23
fffff23b
fffff534
ffffff89
fffffbe2
fffff875
fffffcac
fffff6f6
00000365
fffffd9d
000004b9
fffff524
fffff3d1
fffffaee
fffff6ec
ffffff00
fffffd15
fffffa35
fffffd19
fffffa8f
00000536
fffff7a0
fffff5f0
ffffff34
fffffefb
fffffdd2
ffffff34
ffffefd0
000001ba
ffffd891
00000411
fffff2bf
fffff567
00000005
fffffdce
fffffaea
fffff162
fffff3dd
fffffc66
fffff156
fffff6e9
fffffe6d
fffff415
fffff0ab
ffffed57
000001a6
000006dd
fffffc84
fffffa49
fffff427
fffff4d0
fffff922
fffffe4b
fffff58b
ffffdf59
fffff0a5
fffffe16
ffffeaab
fffff816
fffffe01
fffff2b2
fffffd8a
ffffef8e
fffff652
fffff9e1
fffffa8d
000006e5
ffffd462
ffffe964
fffffa19
000005a0
ffffe278
ffffd61b
fffff7b2
fffffaf8
ffffed82
fffffaff
fffff777
ffffea18
ffffca0f
ffffeb76
fffff99b
fffff5e3
fffff725
fffff9b3
fffffcea
fffff7f6
ffffface
fffff5de
fffff8e7
fffff759
fffff5c5
fffffbb4
000002a3
fffff85e
fffffa79
fffffd20
fffff8a4
fffff7b5
fffff8ec
fffffb9f
ffffe952
fffff7e5
fffff5e3
00000072
fffff503
fffffaf9
fffffb86
ffffefa4
fffff84c
ffffffcd
fffff4e2
fffff84f
fffffc36
fffffc29
fffff902
fffff6c3
fffffe2b
00000179
000004f0
fffff6f1
ffffdd4e
ffffffce
fffffd55
fffff6ca
000009e8
fffff2ae
ffffed25
ffffeb64
fffff65a
fffffd78
ffffed5e
fffffc3a
fffffd2e
fffff782
ffffede5
fffffc76
0000092b
fffff7b3
ffffe620
fffff98a
00000337
fffff799
fffff52f
fffff960
00000154
fffff2d5
fffff98a
fffff09a
fffffa4d
fffff63e
fffff9a3
fffff7fc
ffffe3e6
fffffc2c
fffffc9a
000005b9
fffff6d9
fffff999
fffffd0d
fffff9a0
ffffebe4
fffff900
fffffe5e
fffff6b1
fffff7b2
fffff5a5
fffffe07
fffff087
fffffc33
fffff534
fffff537
fffff7fe
fffff5ae
fffff230
fffff0fd
fffff503
ffffe970
fffff6f6
fffffd11
fffff028
fffffa86
fffff6aa
fffff931
fffff2f9
0000061e
fffff83f
fffff731
fffffa41
ffffeaca
fffff0ea
00000334
ffffe1a7
fffff5d5
fffff2b2
fffffa01
fffffe1e
fffffc71
fffff872
fffff7c0
fffffd60
fffffc1a
ffffdecf
fffff9e5
fffff962
0000015d
fffff795
ffffef26
fffffb3f
ffffdc7f
fffff816
fffffbd7
0000004a
fffffaf5
fffffca4
fffff8e7
fffff7a2
000005d1
fffff602
fffffe7a
ffffed6b
ffffe74d
fffffaf2
fffff2d8
fffff40b
fffff3de
fffff216
fffff63b
fffffc37
fffffae7
fffff1ee
fffff8e9
fffff9a5
fffff78c
fffff93a
ffffcc52
fffff96d
fffff14c
fffffa3f
fffffec2
fffffeb3
fffff9e8
fffffbbb
fffffe70
fffff05f
fffffc7f
fffff771
000001d8
fffff5b8
fffff9c0
000005d8
fffff9af
fffff9db
fffff617
fffff458
fffff745
00000020
fffffc09
fffff9f9
fffff78e
fffffade
fffff4dd
fffff7bc
fffffadf
fffffd82
fffffd43
fffff753
000001ab
fffff748
fffff920
ffffe424
fffff755
fffff853
fffff2d5
0000068f
ffffff6c
fffffc70
fffff941
fffff789
fffffc1a
fffffb4b
fffffa37
fffff4c5
00000168
fffff5aa
fffffd46
fffff8dc
fffff625
ffffff1c
fffff9cd
00000113
fffff9be
fffff39d
fffff6fc
000001d7
fffff7fa
ffffdb39
fffffba4
fffff5fc
fffffd40
fffff4a9
fffff554
fffffb73
fffff59f
fffff4e1
ffffe94b
fffff91e
fffff4a4
fffff677
fffffaa7
fffff6ca
fffffa85
fffff965
ffffe142
fffff8c0
fffff4ad
fffff1ba
00000135
fffffc13
fffff257
fffffa97
ffffff71
fffff54a
fffff606
ffffee66
fffffa9c
0000012f
fffff75f
fffffceb
fffff1e3
fffffb08
fffffbaa
fffff8fd
fffffaa6
fffff355
000002f1
00000030
fffffe7c
fffff687
fffff0bd
ffffd1e5
0000044b
ffffe4e2
fffff351
fffff806
fffff8a3
fffff288
fffff2af
ffffe918
fffff393
fffffac7
fffff70e
fffffa4c
fffff923
ffffecdd
fffff9ee
fffff706
fffffa0b
fffffbfc
fffff7d1
ffffd92a
00000059
fffff1b6
fffffc31
fffffe51
fffffdf3
fffffeaf
fffff868
fffffb50
fffff920
fffff5f4
fffffa0a
fffffe4d
ffffffd2
fffff5e8
fffff7ce
fffff4e3
fffff8d2
fffff93a
fffff409
fffff851
ffffea98
fffff57e
fffffdab
fffff600
fffff7d0
fffffe36
fffffb98
ffffe3b4
fffffaa5
ffffe475
ffffcbc5
fffffc68
ffffeed1
fffff3d3
fffffa91
fffff182
ffffff9c
fffff7f8
0000004b
fffffa21
fffff789
fffff9cd
fffff5b9
fffff19e
fffff216
fffff3d9
00000703
000002c0
fffff017
fffff6f8
ffffff67
fffff4c4
fffffcc3
fffff722
000000a7
ffffff13
fffff7ea
fffffbb9
fffffc21
fffff610
ffffffed
fffffd44
fffff4c8
ffffee87
fffff637
fffff4f0
0000014c
fffffe5f
fffff0b9
ffffc751
ffffff77
fffff530
ffffedc2
ffffe911
fffffd40
fffff00d
000004d3
fffff0d4
fffff4f9
fffff9f5
fffff78f
ffffea4b
fffff729
ffffe37c
ffffecce
fffffb62
fffffa96
ffffee5f
fffffa9a
fffffa8f
fffffc54
fffff622
ffffe083
fffff9aa
ffffffb2
fffffaa3
ffffe967
fffff7d5
fffff8f4
fffff17c
fffffbb7
fffff1f3
fffffa83
fffff761
fffff2f0
fffff97c
fffff288
fffffd8f
fffff9e4
fffff9f9
fffffaa5
fffffa7f
ffffe7de
0000010c
fffffb0d
fffff8d4
fffffb23
fffff47e
ffffff0a
fffff884
000000ca
fffff225
fffff91c
fffff4ee
fffff368
fffff7bb
000003a2
fffffd1a
fffff243
fffffc1a
fffff0a7
fffff5e0
00000172
fffffa18
fffffaa6
fffffae0
00000005
fffffe03
fffff74b
fffff5dd
fffff876
fffff699
fffff323
fffffaf9
fffffa69
ffffee9d
00000235
fffffa46
fffff7d7
ffffffc5
ffffff8d
000004f6
fffff239
fffffeab
fffffb30
fffff1b8
fffffd97
fffffb8a
fffff636
ffffdc71
fffff818
fffff98a
fffffb13
00000085
0000015a
00000323
0000016f
ffffef84
fffff976
fffff8af
fffff8a8
ffffefce
00000235
ffffff2e
00000453
fffffc84
00000043
ffffefb0
fffff455
fffffd25
fffff495
fffff782
fffff088
000003bd
fffff697
fffff0e3
00000155
fffffc12
ffffdf64
ffffcf0c
fffff91e
fffffdd8
fffffab8
fffff74e
fffff2ba
fffff5a6
fffffd4a
fffffdb8
fffff4b6
fffff726
fffffc68
fffffc1d
ffffee81
fffff9d8
ffffec24
ffffe326
fffff0e2
fffff543
fffffb09
fffff647
fffff539
fffff0ca
00000039
fffff3d8
ffffdfa1
fffff7b4
fffffe23
fffff751
fffff0a0
00000427
fffff407
ffffee43
fffff814
fffffca7
fffffe95
fffffd8f
fffffc4a
fffffac9
fffffa56
fffff8a3
fffffb86
00000206
fffff235
fffff92a
fffffac8
fffffd41
ffffff57
fffff6c5
fffff5d9
fffffdf4
fffff48f
fffffc0c
ffffc795
ffffe977
00000004
fffff00d
fffffd7d
00000184
fffff60f
fffff8f5
fffff960
fffff8d5
ffffee7c
fffff639
fffff84f
fffffd9d
fffff40a
fffffcb8
fffff902
fffff536
fffff53b
ffffef94
fffff5be
fffff8dc
fffffc3e
fffffc53
fffff90a
fffff4ce
fffff975
fffffd97
fffffea7
fffff8f7
fffffd5d
fffff843
ffffecae
ffffd79c
fffff4ed
fffff649
fffff5c8
fffffe58
fffffced
ffffea38
fffffdac
fffffac1
0000033a
ffffffd5
fffff6e5
ffffffc0
fffff14a
ffffffd0
fffff60e
ffffee95
000000b1
fffffaf9
fffffdee
fffff1c9
fffff8aa
fffff212
00000174
000004f0
fffffa5d
fffffb81
fffffdd9
ffffff23
fffffa86
fffff660
fffffb89
fffff572
fffff286
fffffd0c
fffff12d
fffff4cb
fffffa79
fffff3eb
fffff81b
fffff924
000007aa
fffffaf9
00000093
fffffcda
fffff5ba
fffff82c
fffffa6e
fffff229
fffffbfc
fffffbf4
ffffdba3
fffffdb4
fffffb51
fffff9b3
000002dc
fffffe1b
0000024d
fffff6d4
fffff577
fffff98a
fffffe46
fffffaaf
fffff92d
fffff657
ffffef70
fffff65d
fffff909
ffffe5c6
ffffff7d
fffffde1
fffff594
fffff444
fffff850
fffff48d
fffff498
fffff97c
00000b87
fffffb6d
fffff4b4
fffffedf
fffff9cb
fffffb6c
fffff1da
fffff6fe
fffff749
fffffc98
fffffe67
fffff516
fffffb3a
ffffcbd8
fffff81c
000002a9
fffffbeb
fffffba9
fffffbac
fffffba3
00000010
fffff901
fffff466
00000303
fffff4cb
00000587
fffff796
fffff4a4
fffffcdd
fffff040
ffffff76
fffff4b5
fffff057
fffff54b
fffff0e5
ffffe911
fffffaf0
ffffe33b
fffff05c
fffff8f8
fffff775
00000203
fffff7ce
fffff489
fffffc18
fffff430
fffff3d3
fffff978
fffff9de
fffffb05
fffff84e
ffffea2a
fffff881
fffffe76
00000492
ffffe04a
fffff0aa
ffffeb43
fffffb22
fffff2b7
ffffe865
fffffbc0
fffff89c
0000016c
fffff1af
fffff5fb
fffffbce
fffff827
fffffcc9
fffff32a
fffff25a
0000013f
fffff7b6
fffffbd8
fffffd3b
fffff727
fffff410
0000008f
fffff9ec
fffffae5
ffffe9fa
fffff80a
fffff6b3
fffff7cb
fffff128
ffffff9f
fffff6c4
fffff56d
000004ea
ffffe4c0
fffffabe
fffff80f
fffffc0c
fffff2bb
fffff860
ffffe519
fffff8c8
fffff5b8
fffff8c2
fffffc51
fffffb38
000000cd
ffffff6d
fffffe11
fffff36b
ffffec4d
fffff4dd
fffff7f5
fffff6a7
fffff8d3
fffffd6a
ffffff7d
fffff693
fffff8f1
fffffdf4
fffff935
fffff776
fffff3cc
fffff717
fffffad7
fffffaa7
ffffe852
fffffd66
fffffe20
0000003d
fffff792
fffff68d
fffffb91
00000466
fffff387
fffff678
fffff5e1
fffffc31
fffffb3f
fffffda4
fffff92e
fffffedd
fffffc23
fffffd36
fffff389
fffff9f8
fffff9ab
ffffecfc
fffff5ff
ffffec23
fffff6ee
fffff939
fffff38c
fffffd27
fffff173
000003e2
fffff671
fffff76b
fffffad7
fffff7f0
ffffee02
fffffb03
000001c8
00000713
fffff39a
ffffff29
fffffa68
fffff476
fffff303
0000021a
fffff5b6
fffff60c
fffff69e
ffffeee4
fffff81f
fffffdcc
fffffea8
fffffc2f
000001a1
fffffc4d
fffffea9
fffff20a
fffffaff
fffff4b6
fffffb05
000001ae
fffff2ff
fffff833
fffff44e
fffffba6
fffff3d8
fffffc9a
fffff914
fffff76c
fffffe94
0000014a
fffffc7f
fffffb5e
ffffff72
fffff01e
fffffa06
fffffad3
ffffffe4
00000313
fffffdf4
fffff82e
fffffe84
ffffeb25
fffff14a
0000034b
fffffc6f
ffffdba5
fffff1c2
fffff96f
fffff660
fffff5ce
fffffd6a
fffffe70
fffffcaa
fffff1bd
fffff892
00000501
fffff2bc
000002fe
fffffb12
fffffe78
ffffff41
fffff28b
fffff440
00000071
00000276
ffffca9e
fffff93d
fffff38b
fffffad4
fffff4f3
fffffbf8
ffffff3c
fffffb59
fffffd99
fffff9b3
fffff63d
000001d2
fffffd57
fffff430
fffff6b5
fffff4a2
fffffa79
00000046
fffff59e
fffffebe
ffffffb7
fffff23d
fffff494
fffff3fe
fffff53a
fffff9fa
ffffeb45
fffffa4b
fffffcfb
fffff17a
fffff3d2
fffff5e2
fffffd27
fffffcbe
ffffd7b9
fffff320
fffff0a0
0000052a
fffffed9
ffffed2c
fffff697
fffffff7
000007b2
ffffecf1
ffffff51
0000069e
fffffb0b
ffffefaf
fffffe69
fffff886
ffffff29
fffffc6e
fffffe29
fffffddb
fffff5a5
fffff65e
ffffef51
0000016c
ffffff36
fffffa16
fffffab6
ffffed72
fffff653
ffffff85
fffffa7f
fffff9bf
fffff7b2
fffff5a1
00000161
fffff624
ffffeffc
fffff698
fffffd9c
fffff879
fffffe12
ffffef0d
ffffefd4
fffff271
fffff991
fffffab1
fffff43b
ffffff7a
ffffff44
ffffff5e
0000038a
fffff65e
fffff430
00000228
fffff546
ffffd462
fffff756
fffff7f9
fffff5b2
ffffffe2
fffffdf1
fffffe9a
ffffecb2
fffffb82
fffff4a7
fffff9e3
fffffec9
fffff090
fffff530
fffff950
fffffa41
ffffc839
fffff9fe
fffff7a6
fffff010
fffff96b
00000251
fffffaf5
fffffc0a
fffff9cb
ffffe477
ffffff9d
fffffed8
00000017
fffffe30
fffff95a
fffffec0
fffff5e2
fffffbe2
ffffed50
fffffabc
ffffff43
fffff2e4
0000003d
fffff35b
000002ea
fffff44b
fffffa7b
ffffe20f
000000d3
fffffcc0
ffffd61e
fffff9e8
fffff64c
fffffb2e
fffffa22
fffff962
00000129
fffffeac
fffffb80
fffff6a9
fffffbdb
fffff4bb
fffff849
fffff377
fffffe8b
fffffc0b
ffffff9f
fffff23c
fffff0b5
fffff3ad
fffff880
fffff65f
fffffbdf
fffffae8
fffff734
fffff7b8
fffff490
fffff602
ffffe100
fffff2f8
fffff0dd
ffffeeac
0000004c
fffffc74
ffffffdc
fffffc32
fffff6fb
fffffc45
fffff5d3
00000059
ffffff4a
00000718
fffff6b3
fffffa68
000000f8
fffffb6e
fffffcba
fffff2a2
fffffaf0
fffffcdf
fffffa35
fffff70d
fffff69e
fffff38f
fffff193
ffffff1d
fffff7cf
fffff7f2
fffff70e
fffffa86
fffff0af
fffff9c7
fffff9d9
fffff3b2
fffff63e
ffffff17
fffff1ea
fffff8da
fffffb37
ffffde24
fffff859
fffffa89
fffffa07
fffff920
0000000e
fffff118
fffff78d
ffffffa3
fffff947
fffff59d
fffff1a5
00000159
fffffc30
fffff8bb
fffff1e6
ffffe5fd
fffff5bc
ffffe8de
ffffff91
fffff942
fffffa54
fffffe2c
fffff8fa
ffffdfa6
ffffcf65
ffffff55
fffff6bc
fffff716
ffffdf6a
fffff929
fffff6fb
fffff736
fffff359
ffffebfc
fffff608
ffffee4c
fffff063
0000016b
fffff707
fffff6b1
fffffdf2
fffff829
fffff3cc
fffff71c
fffff385
fffff14d
fffff2b2
fffff5c5
fffffdf0
fffff0ec
fffffbbf
fffff68a
0000026a
00000286
fffff97e
ffffff63
ffffef72
fffffc93
fffff5e2
fffff9d6
fffff399
fffff6b3
fffff2e8
fffffb78
fffffb08
00000633
fffff314
ffffec8d
fffffcbc
00000406
fffff439
fffff338
000006db
fffff3d6
fffff6de
fffff37e
fffffcc5
fffff737
000000fc
fffff9f4
fffff79d
fffff3d4
fffffa25
fffffbf9
fffffb8d
fffffc4d
fffff974
fffff437
fffff8cf
fffff521
fffff3b0
ffffec88
fffff950
fffff2a3
fffff6ec
fffffde3
00000486
fffff7d0
fffff773
fffffde9
fffff5a8
fffffc1a
fffffcee
000001a0
fffff3c8
00000089
fffffab7
ffffed79
00000368
fffff780
fffffc9e
ffffff06
fffffbdc
fffff6b6
000003e6
fffff43c
fffff522
fffff673
fffff51c
fffffbd6
fffff49b
ffffdcb4
fffff227
ffffec0f
fffff97d
fffffabb
fffffc39
fffffede
ffffff1f
fffff013
fffff1a3
fffff9ea
fffff80a
fffff2b1
fffffdef
fffffa56
0000037d
fffffaa8
fffff91b
fffff913
ffffec44
fffff6b8
000000b7
fffffd95
fffff581
fffffa9a
fffff934
ffffff6e
fffff47c
fffffcd6
fffffa7d
fffff9be
fffff7b2
fffff711
fffffc07
fffff5e8
fffff5fd
fffff9ec
fffff477
ffffeeae
fffffaa3
fffff6b7
00000579
000014ac
fffff4f9
000001e8
fffffb11
fffffba4
00000960
000000dd
fffff693
000001d2
fffffe50
000000f3
ffffff3c
fffffab0
0000029e
00000037
fffff693
fffffcaa
fffffc56
00001074
fffffc53
fffffedb
ffffff81
fffffabd
000001bd
00000715
00000238
00000772
fffff28b
fffff850
fffff877
fffff733
00000059
00000491
fffff800
fffff5be
000000d9
fffffecc
0000039e
000001fb
ffffff51
00000277
fffffd10
0000047e
00000781
000000c2
000002fb
ffffff59
00000dc8
0000018c
ffffff70
000006e9
fffffcd7
fffffc7c
000001c8
00000100
00000270
fffffc72
00000118
fffffb5d
00000491
fffffb75
000005cd
000001d9
00000027
ffffffe7
00000921
00000325
fffffe2d
00000546
fffffe28
0000009e
00000263
ffffffc5
fffffe9f
fffff9c0
ffffffbb
00000222
00000291
000003cc
fffff751
0000037b
fffffb15
000011b3
fffff9b2
fffff7ae
0000054d
00000024
000000d4
00000c08
fffffe55
fffffcb5
fffffb85
0000058a
00000069
00000006
000007bc
000017b5
00000396
fffff4d6
000000c9
00000398
fffffe2b
0000023e
fffffe7d
00000a46
000008ab
0000006e
fffffa0a
fffffac8
0000020e
fffff177
fffffaf4
fffffda8
fffffe28
fffffc61
00000059
fffffc34
0000008a
fffff8be
0000022b
00000413
fffff201
fffff9ad
00000116
000001b3
fffffdf4
fffffc22
000000c8
000000b9
fffffaa2
fffff88b
000001a6
000000bb
000002d3
0000027d
00000170
0000067f
00000078
fffffe6a
fffffcb6
fffffe35
0000001c
000002ac
000002df
fffff681
ffffff70
000001cb
0000067d
00000784
fffffc70
fffffaf0
000001e2
00000668
00000301
00000747
fffff8b7
0000015b
00000352
fffffe31
fffffc4b
000002cb
0000072b
fffffbe2
fffffbaa
fffffcc3
fffff980
00000028
00000265
ffffff5b
fffff20a
000000e8
000002b1
fffff5f4
fffff8f4
0000012f
fffffea3
fffffc69
000009d7
ffffd2dd
00000239
000005d2
fffffe63
fffffb62
0000074a
0000036e
000001d0
00000033
00000183
0000016c
0000017a
00000119
0000020d
00000448
fffffd21
fffff950
000005d1
fffff2ce
ffffeb14
0000016a
00000566
fffffec1
fffff35a
00000a70
000000a3
fffffdaa
00000813
fffffacb
00001061
fffffd7b
ffffffbf
000000ea
fffffe76
fffff554
000002da
fffffd77
fffffb9d
fffffd6e
000005ce
00000065
fffffd0f
ffffff4a
fffff40a
ffffff41
000002d3
fffffd04
00000307
000000b3
000006b0
000000e0
00000487
000003ac
fffffb5c
000001cc
fffffe03
ffffffbb
00000082
00000ae8
0000002e
fffffc12
fffffbe6
fffffbb5
0000046e
fffffbf4
fffffce0
fffffd2b
fffffa2a
00000378
00000036
00000530
00000380
fffffb1b
fffff799
00000031
fffff884
00000486
fffffd21
fffffeb4
0000033a
00000163
00000588
00000120
00000552
fffff849
fffffecc
00000600
000004e1
000004fd
0000015b
fffffb72
fffffd8f
fffffba6
00000338
000007d1
000003fa
fffff68e
fffffedc
fffffb5d
00000886
fffffeab
0000051e
00000069
0000058e
fffff782
0000075f
fffffe1f
fffffedc
000003f2
fffffb9f
00000094
fffffcf5
ffffff76
00000347
fffffe63
fffffe2d
0000031b
000003de
0000018c
00000221
fffffecb
ffffff54
fffff64d
fffff989
000003df
0000007a
ffffff8e
fffff186
fffffa1d
00000451
fffffe37
ffffe7e5
ffffffcd
ffffff76
fffffc64
ffffff61
000005d6
fffffdbd
000005a1
00000667
fffffb5a
ffffffcb
ffffff98
fffffe89
fffffb10
0000012d
ffffff7f
000001bb
00000ca2
0000048a
0000023e
ffffff28
0000009e
00001161
00000135
fffffcc1
00000092
fffff7ee
fffff8a0
00000916
fffffdc2
00000095
000005a1
fffffd39
fffffefb
00000797
fffffef3
000002f2
000004cb
00000383
fffffdf3
fffffec4
fffffc43
ffffffc7
fffffe33
fffffbed
fffff63a
000003ab
000000b4
0000097a
000005b7
ffffff93
fffffd7a
00000c8f
00000697
00000ab6
0000012f
fffff804
00000455
000001c1
0000064b
00000607
00000491
0000007b
0000010c
0000014e
00000291
fffffded
ffffff02
00000356
00000204
fffffed4
00000316
00000038
ffffffd8
fffffd50
ffffff31
00000137
fffffb74
00000322
00000f49
000001b9
fffffe7b
ffffff2c
000002a3
0000054c
00000065
0000020f
ffffffec
00000415
fffffa88
fffff9ca
000004af
0000085d
000004b3
00000298
00000387
fffffe5f
fffffc60
fffffaab
fffffe51
fffffe4e
fffffeec
fffff99f
fffffc8e
000008ed
000000af
fffffe77
fffffe37
000003b3
ffffff81
fffffdde
fffffee3
fffffe5f
0000044e
fffffb11
0000074b
fffffec3
000003d2
00000078
fffffe03
0000055f
fffff967
fffffc44
fffffc0e
00000148
0000074b
ffffff80
fffff8f7
fffffd14
fffffb20
fffffd94
0000038f
fffffb21
00000a06
0000045d
000003f8
0000018a
fffff7af
fffffd17
00000776
0000010c
00000411
00000141
000004c9
ffffff76
fffffb1c
fffffd98
00000419
00000189
0000028f
0000009b
fffffeac
fffffd83
000002b0
fffffe94
00000038
0000038c
fffff881
fffffea3
0000122b
fffffb22
fffffcc9
00000335
000006cf
0000015b
0000037e
fffff69e
00000a4a
000000d6
fffffcba
00000078
fffffd4a
0000034b
fffffb69
00000184
00000094
ffffff41
ffffff2e
fffffe41
fffffda9
fffffada
000003f5
fffff965
000002de
fffffd4d
00000104
00000568
000002c8
fffff927
0000012d
00000512
fffffcc2
000004da
fffffca7
000003e2
fffff9bc
0000046b
ffffff04
fffffa15
fffff68c
000002a7
fffffcd9
fffffc15
00000439
00000ad0
fffffc12
fffffde7
ffffffd2
fffffc64
000004f5
ffffff68
000004f5
fffffeeb
fffffad6
fffffd60
fffffc08
fffffbf4
ffffff89
fffffe39
000001ca
fffffd30
fffffdf6
00000098
00000416
00000195
00000494
fffffb79
00000103
ffffe77c
fffffef9
0000008c
ffffffc4
fffffd36
fffffcef
00000561
fffffdca
fffffc59
ffffff0b
fffffa67
0000007c
fffffcee
fffff812
000002d7
fffffe77
fffffa0e
00000023
fffffa57
0000022c
00000281
0000020a
00000725
00000284
000002db
fffffdb5
fffffc68
0000012b
fffffb40
0000006b
0000091d
fffff875
ffffff5d
fffff9f1
fffff89e
000002dc
0000003f
0000036b
00000685
00000108
fffff167
00000b9b
fffffc10
00000433
ffffff04
fffffef0
00000ddc
000000c9
ffffffcf
fffffda4
0000025f
fffff7aa
000003e9
fffff885
00000454
ffffff25
0000039e
000004e9
000002b0
000000e8
fffffe89
000001e6
00000818
fffffff4
fffffd91
fffffd64
fffff993
0000001a
00000303
000004bd
fffffefa
fffffd5d
000001d2
00000312
000003cf
fffffd56
ffffff86
0000075d
0000074b
000005c9
ffffffd5
000001d4
000004c4
fffffc8f
fffffd4b
00000587
fffffeca
ffffff0d
fffffe01
fffffe36
000001a3
ffffffdd
ffffff6a
fffffc0d
ffffff73
0000016e
0000048a
000004ea
0000053d
fffffb25
ffffffe0
00000056
000003c4
0000098a
fffff89a
0000047c
0000012a
fffffdb8
0000071c
fffffba0
00000281
000004fd
fffff977
000002fd
0000012a
fffffea1
000006fd
0000038a
fffffe7c
fffffea8
000003de
fffff9b7
fffffa57
fffffca4
0000006f
000007c5
fffffee9
fffffbff
fffffc04
fffffd84
fffffb5f
000002c7
000002a3
fffffaa6
fffffb18
00000000
fffffbbd
000000b6
fffffbdd
fffffcea
000001ae
000003ae
00000078
fffffc62
fffffff6
fffffd67
fffffdb8
000007ca
fffffb1f
ffffff99
000005a7
fffffa0a
000001de
000006f9
ffffff4c
ffffffd5
0000037f
000000ac
fffffe04
0000015f
ffffff1b
00000236
00000183
0000027c
fffffc81
000008dc
fffffd4a
000009f1
0000077b
fffffb5c
0000052e
0000012c
fffffee7
fffffb4e
fffffb12
00000239
fffffc35
ffffffd0
ffffff44
ffffff52
000002ff
fffffd7f
00000434
fffffad1
fffffd6f
fffffb25
fffff956
ffffffe6
ffffff6c
ffffe1f6
fffffb8d
ffffff42
00000289
0000047b
fffffc89
000000df
fffffeda
0000018e
fffff5df
fffff9e2
fffffdce
fffffce1
fffffd00
0000017f
fffff852
fffffd75
00000757
ffffff06
fffffeeb
00000097
fffff8ad
fffffe0c
fffffe70
000002a8
0000020c
ffffffa2
ffffff6a
fffffe04
0000066b
0000051d
000007a7
fffff92e
ffffe0bc
ffffff4d
0000085f
00000339
0000005e
000000bd
fffffded
00000247
ffffff52
00000459
ffffff3b
fffffa70
00000202
0000050b
00000472
fffffa26
000002b9
fffffd5f
0000012e
fffffd03
fffffe51
fffffdd6
fffffda2
00000ba0
fffffaac
fffffed5
fffffd9d
fffffd3b
00000210
fffffc66
0000036b
00000576
fffffcc9
fffffca2
fffffbb3
ffffff94
0000018b
fffffd2c
000003bb
fffffb87
fffffcf5
00000009
fffffacc
fffff92e
00000733
00000268
00000405
ffffffa1
ffffff38
fffffdd7
fffffcf7
fffff8f9
fffffc1e
fffffd80
ffffff20
fffffb1e
000006c0
ffffff66
fffffe63
fffffc03
ffffff47
fffffc7a
000006d8
fffffd31
00000517
ffffff08
00000312
fffffe04
fffffe91
000000f3
000002e1
0000011b
fffffae6
ffffff31
0000033a
0000043d
fffffd83
fffffc44
000000eb
000001bb
00000360
0000022d
fffff91d
fffffa5d
fffffeba
000007a0
fffffbf6
00000053
0000098d
fffffe35
fffffe4b
fffffd1c
fffffe6c
fffffcc9
fffffede
fffffd46
0000007b
fffffb5c
0000077b
000003be
fffffc55
00000278
fffffa5c
fffffb4f
0000038e
ffffffba
fffff962
fffffcf1
fffff5c4
fffffb3e
000006ee
fffffeeb
fffff826
00000111
00000542
fffffdfa
fffffc19
fffff575
000000c8
000002fc
fffffc00
fffff433
fffff813
0000028f
fffffb1a
000002e0
0000004a
fffffd26
000001dd
00000012
00000486
0000086d
fffffe5d
fffffd0a
fffffeb3
000000f7
ffffffcb
fffff8d8
0000016e
fffffc5c
fffff906
ffffff9a
fffffcd4
000009cc
fffff9e5
000000e3
00000670
00000382
fffffd54
fffffc4f
00000227
fffffda2
0000033f
0000038a
00000058
fffffe52
00000070
00000067
0000039a
fffff781
fffffe8b
ffffff8c
00000312
fffffad2
fffff74b
fffffce3
fffffae1
0000033e
000000c4
0000016f
fffffc63
00000709
fffffade
00000280
fffffaf4
00000342
000000bc
fffffe1b
fffffd5b
000000d6
000000f8
0000051f
fffffaeb
0000008d
00000614
fffffa57
fffffc20
fffff68d
000001cf
000007d7
00000168
fffffe12
ffffff67
fffffb40
fffff96b
fffffd82
00000058
0000007f
000006ef
00000122
fffffa58
00000651
00000190
00000116
000002a9
ffffff23
ffffff6b
000002a7
fffffe6e
00000e53
00000385
fffffcfe
0000075a
fffffc39
fffff567
000001f0
000007af
ffffff0a
fffffdc2
fffffb84
00000212
fffff974
fffffb08
fffffddb
00000242
fffffec8
0000007a
ffffff36
fffffdfb
00000683
00000998
fffffd71
00000548
00000046
00000628
00000e33
fffffad6
fffffb66
00000125
fffffdfc
fffffba1
00000447
ffffffc8
fffffe42
fffffdd9
ffffff2e
0000026f
fffffa95
00000091
00000814
0000029f
fffffd42
ffffffbc
fffffc50
fffffe80
0000013f
fffffc33
00000182
fffffc2c
000000a9
fffffe2d
fffffa53
fffffdc9
000003d5
000003ff
000000bd
0000048e
fffffd34
fffffa89
00000bae
fffff83c
00000157
fffffbf1
000001dd
ffffffb9
00000088
fffffaa9
ffffff49
0000036d
fffffa60
0000015d
fffffac3
fffff8c4
00000199
00000193
000001f4
00000296
fffffffa
fffff8a6
fffffbb2
ffffff3b
fffff9bd
00000150
000003dc
000004d1
0000008d
ffffffe6
fffff8c8
fffffca0
fffffa93
fffffb62
fffffb47
fffffe57
fffffe5a
fffff72f
000002ce
00000092
fffffd41
fffffcfb
fffffd66
000000ef
fffffaa8
ffffff7b
fffffdc2
fffffb8f
00000268
fffff9f9
0000020f
0000059b
000006e0
fffffb94
fffffe14
000001d2
fffffb22
00000151
fffffd86
000000a7
0000015d
00000234
00000157
ffffff67
000003a0
000000e8
ffffff10
fffffecc
fffffe5e
0000005a
fffff94e
00000b97
fffff78a
00000154
000003c3
fffffd35
fffffcbf
0000077d
ffffffa6
fffffe7f
000001d7
00000003
000005c2
fffffda8
fffffee9
00000099
fffffe4a
fffff758
000000d1
fffffb63
000000cd
fffffe57
000003b0
ffffff8c
fffffe51
fffffe63
00000056
000001c2
00000574
0000000d
000001ef
fffffccd
00000112
fffffeb8
fffffda6
fffffd15
000004c7
00000508
000000af
00000129
fffffefd
00000504
000004b6
00000674
fffffde5
fffffff6
000000e8
0000082f
00000104
fffffef5
00000019
fffffa93
00000679
fffff47b
ffffff8f
fffffec8
ffffff06
00000009
0000054f
ffffffa1
ffffff4d
000008b9
fffffe29
fffffa10
fffffbf3
000001dd
fffff89f
fffff7a2
fffffb17
00000104
00000554
ffffff25
fffff919
fffffd45
00000002
00000391
00000294
ffffffb3
000003f8
0000079f
000002b4
000007e9
ffffff7a
000000e7
fffffac2
0000088e
fffffebe
fffff6c8
fffff837
00000153
00000243
000004d5
00000771
00000053
00000528
000000af
0000013c
00000057
00000280
0000052a
000000e7
fffffcde
fffffefd
fffffa57
000004dd
fffffa78
000002ff
fffffe23
fffff5fb
fffffb6c
fffffff7
00000086
0000001e
fffffe30
00000254
00000014
fffffb96
00000849
000001df
0000064d
0000041f
0000015e
000003bc
00000888
fffffa01
00000667
0000032e
00000312
ffffd1d0
fffffcff
00000550
000009d2
000000c3
fffffe64
fffff81d
000003ad
fffffaff
fffff7c6
00000182
fffff966
0000084e
0000049d
fffffdb2
ffffff93
00000130
000000e0
0000016d
000004b5
fffffe67
000003d3
fffffe8e
fffffde9
fffffc7e
fffff4f3
fffffd8f
ffffffbb
00000190
ffffff7d
fffffddf
000001ca
fffffe67
fffffbec
000005fa
fffffbba
fffffb35
fffffff7
00000054
000002eb
ffffff0c
fffffe85
ffffff55
fffff9cb
ffffff56
fffffe47
fffffd42
00000335
000001c4
fffffccf
00000060
00000262
ffffffaf
000000f0
000003ff
00000543
fffff9fe
00000189
fffffa08
fffffd96
000005cb
fffffb21
ffffffc6
ffffff75
fffffde5
0000015c
fffffb0b
0000009e
000000de
fffffff3
fffffb4d
fffffb89
fffffc48
00000ab3
fffff8fb
00002378
fffffca5
ffffd3a8
fffffdf0
00000710
000002b9
fffffba6
000004ac
fffffc51
fffffefb
fffffb97
000003e8
fffffcc5
fffffc6d
00000330
00000386
fffffce9
ffffff5b
fffffc3a
ffffff81
0000033a
fffffe05
00000190
000004ff
fffffb9f
00000189
0000029e
000000a4
ffffff0c
00000006
000019c7
000004e2
00000111
ffffff89
000002c3
fffffd6e
0000045d
fffffc63
fffffd7e
fffffeed
fffffd53
0000004d
fffff81f
fffffe1b
ffffffeb
000014e5
0000063c
ffffff71
ffffffb3
00000234
fffffe4a
00000405
fffffa10
ffffffad
ffffffd6
fffffc3f
00000089
0000058a
00000471
fffffe0a
0000017b
fffffb41
fffffc66
00000049
ffffff1c
000006b7
fffffef3
fffff822
0000041e
0000009c
0000044e
00001a66
0000037a
fffffcfd
0000002f
fffff99e
00000029
fffffc3f
fffffc6f
fffffc58
00000163
ffffffec
000003e1
fffffeb3
00000919
000003f1
fffffec4
0000036a
000000c8
0000031b
00001a92
000000ad
00000005
0000028e
00000060
fffffc42
000001ec
00000102
fffffc19
0000009b
ffffffbb
fffffcd7
00000404
fffff625
0000025e
00000166
00000426
fffffef6
000003c4
0000028c
000000d6
000004c5
000000c2
000002b3
00000001
fffffd61
00000523
fffffe51
000003c2
00000064
0000020f
00000212
fffffe3d
fffffa11
000006a7
000003de
fffffaa2
00000381
fffffb70
000005c9
fffffd60
ffffff04
fffffb8d
00000555
fffff75c
0000038e
000000e1
000002ea
fffffdfd
fffffc98
0000030e
00000052
ffffff70
00000277
ffffff29
0000003b
000006e1
fffffef3
fffffd31
0000018f
00000196
000002a0
00000169
ffffffc6
000004e5
fffffbf9
0000014d
fffffce9
fffffe19
00000209
00000178
ffffffce
fffffd24
000001d3
000007dc
00000378
00000418
fffffd5b
000004a0
000000c7
fffffcf6
fffff59b
fffffe03
00000210
fffff5f4
0000009a
00000405
00000435
00000050
0000066d
00000123
00000249
000001b7
000001fa
fffffe2a
00000335
fffffdb8
000000d0
0000041f
fffffe98
ffffff79
fffffe73
000001a1
fffffd5e
00000369
000003fe
00000277
000004af
0000037f
ffffe95a
fffffb66
fffffb91
fffffd25
fffffc36
0000035b
fffffbe3
000002b3
00000561
fffff9dd
ffffff5a
fffffb04
fffff936
000003a1
000011b4
000006d2
fffffe8c
0000034e
ffffffac
000000b0
fffffac8
000000b4
00000206
fffff9f3
ffffffcc
000001a4
000005bb
000001c2
fffffbaf
fffffdad
00000364
fffffc71
fffff798
00000077
000004cb
fffffce7
fffffdda
000000ec
00000276
fffffbe3
00000137
00000160
00000700
000000a0
fffffec2
fffff6d3
0000013a
000000c9
00000530
00000202
fffffd9e
000002f5
00000077
000003c0
fffffea9
00000f97
000005ae
fffffd37
00000699
0000009f
000004d7
00000029
ffffffb5
000001f3
00000516
fffffd6f
fffffefa
00000080
fffffe81
fffff8d2
000000db
fffffd83
000005fb
fffffd4f
fffffc2c
fffff9a7
fffffd39
fffffe7b
00000557
fffffaa0
ffffff47
00000b03
fffffc84
fffffe62
fffffe5f
00000045
ffffff0a
fffffe8d
fffffeb3
fffffe42
000001e0
fffffd28
000001c0
fffffe1d
00000275
ffffff05
0000035f
000001e0
fffffa90
ffffffbc
00000347
00000676
fffff7fc
00000387
fffff705
ffffff33
fffffcc2
fffffd36
000003db
0000014f
fffffeca
0000017f
00000015
000001fa
000001fd
ffffff16
fffffb93
0000025e
fffffc21
fffffc65
000001c1
000002f1
ffffffda
000001a5
fffff99c
fffffd31
000001b1
ffffff3a
0000011c
000000dc
00000058
fffff9d9
00000261
fffff912
fffffef6
0000004e
fffffd32
ffffff5b
0000027b
fffff8d9
fffffc09
fffffc3e
ffffff2f
ffffffba
000000ae
fffffe9f
fffff2b9
fffffc72
0000041f
ffffff19
0000074f
ffffff82
000000e2
0000052a
fffffdb1
fffffca4
0000004f
fffff83a
fffffe46
0000011d
fffffda0
fffff6e8
000001be
ffffffcd
00000226
fffffffc
ffffff78
ffffff92
ffffff1c
ffffff85
ffffffeb
0000031a
fffff9d0
000000b4
00000309
00000468
0000013f
00000146
00000542
ffffffaf
0000024d
fffffcf2
ffffffd1
00000233
fffffeff
fffffb79
fffffb99
0000047b
00000289
0000051e
00000249
00000921
fffffe00
fffff8d9
000004aa
ffffff1b
00000143
00000494
fffffc4f
ffffff13
0000032a
000000ca
000001c1
ffffffc9
0000015b
fffffd3f
fffff807
000001ba
00000013
fffff9fb
000001e4
fffffe91
fffffa29
000000bf
fffffb30
00000086
000003fa
000004c5
fffffe45
0000021c
00000539
fffffbdf
ffffff2d
fffffcbc
fffffd67
00000548
0000010a
fffffc9b
fffffa85
00000318
fffffb2f
fffffda6
fffff9c2
fffffc60
fffffeb8
0000058a
ffffff34
fffffbb1
ffffffcb
fffffde0
ffffff44
fffffdb6
fffff9ee
0000089b
0000085c
fffffc1c
ffffffc0
fffffb23
000002cf
000000e9
00000529
00000103
00000052
ffffff3c
0000029b
000000aa
fffffde0
fffffbfd
000000b3
fffffe12
ffffff47
fffffd6d
0000037e
00000239
0000035c
fffffd89
00000076
00000309
000002c5
ffffffdc
00000697
ffffff87
00000383
000000f9
000002ae
0000034c
fffffeb8
00000347
ffffffbe
ffffff30
0000033a
fffffe43
00000579
fffffdfc
00000498
000005e0
00000309
0000033b
00000a29
fffffdd5
00000384
00000095
000000aa
00000458
00000e10
fffffbee
fffffb6e
fffffc31
ffffffe5
fffffd21
ffffffe2
00000086
00000208
0000045f
fffffbb5
fffffce1
00000184
fffffb7a
fffffda2
fffffcfa
fffffc26
00000182
fffff999
fffff9ab
fffff834
fffff949
fffffeee
fffffb41
00000395
000000a6
00000001
ffffff63
0000024c
0000046c
fffffe5f
00000465
0000037e
000002d7
ffffffb9
0000004f
0000003a
00000431
fffffdad
00000a02
00000351
00000887
00000930
fffffdb5
00000270
fffff941
fffff9b3
ffffff42
fffffae9
fffffc9d
00000468
fffffd83
fffffd9d
fffffd0a
0000038e
ffffff7d
fffffc61
fffff9fa
000001dc
00000048
00000833
0000036c
00000155
fffffd68
ffffff08
ffffff03
00000495
000003dc
ffffff96
00000014
ffffff7d
000003b6
fffffe8b
fffffecd
000002d3
fffffc10
fffffe7f
0000055f
ffffffd4
fffffa5a
000000ea
0000022d
000001e6
fffffdd5
fffffe73
fffffcb1
00000100
0000033a
ffffff26
fffff95e
00000190
00000021
000003ca
000002cd
fffff934
00000ea1
000000e7
fffffdb1
fffffe52
fffffa8a
fffffb8d
ffffff9d
000000fe
00000599
fffffea2
fffff984
fffffdd6
fffffb8a
0000018a
000002ed
fffffc01
fffffe14
00000379
000001b7
000006b5
fffff830
ffffff20
fffffb48
ffffeef2
000000de
0000012a
fffffdb6
00000054
fffffd98
000004a2
fffffc91
0000049f
00000325
ffffffab
fffffbe4
0000041a
000003f6
fffff929
fffffbc1
ffffffb9
fffffce2
000004a3
ffffff31
000008e7
000003c4
fffff310
0000030a
fffffdd0
fffffa07
ffffffe2
ffffff6f
000004ed
fffffd7c
fffffca7
0000006f
00000260
ffffff0a
fffffd16
fffffecd
000003ce
00000856
000000fd
fffff691
ffffff58
00000016
fffff6dd
0000009f
000005ff
fffffdaf
000001ba
000006be
0000006b
fffffa51
fffffe82
00000055
000003dc
000000b0
000004bf
000002b3
00000005
fffff85a
ffffff1e
000000ab
00000227
fffffe34
000001bc
ffffff6e
00000023
00000233
0000016e
000002fb
fffffecc
fffffddb
000001f0
000003ac
000001f5
0000006b
ffffff13
00000164
ffffff2f
00000328
fffffb0d
fffffc64
00000210
fffffe85
0000022b
fffffde0
000001f8
fffff9fd
fffffbfd
0000035e
00000053
fffffc7b
0000033d
00000296
fffffae0
fffffc53
ffffffa7
fffffd42
fffffb1e
fffffcb1
fffffbaf
ffffffbf
00000458
fffffec8
000002f9
ffffffe5
00000185
00000527
ffffff01
ffffff17
fffffe96
ffffff01
fffffe07
fffffc5f
fffffcbe
00000021
00000081
000002f5
fffffd5a
000001eb
0000000d
0000006e
000008bb
0000018d
fffff77b
0000009d
00000328
00000157
fffffd1a
ffffff56
00000340
000001a7
00000545
fffffb66
fffffdf6
ffffff8f
fffffb6a
fffffc06
fffffff7
0000048c
fffffe81
00000267
ffffff06
fffffd08
ffffff7f
0000034d
fffffcce
ffffff9a
fffffe26
fffffc0d
fffffdcd
000002a2
fffffdf5
fffffe3b
00000399
000005d1
fffffcc4
fffffc28
000002e3
0000033f
fffffbf7
ffffff04
0000023f
fffffd6e
fffffbd4
fffffb5b
fffffa5e
fffffe85
ffffffac
fffffdd5
00000089
ffffff4e
ffffffbe
fffffdb7
fffffb20
ffffff19
00000354
ffffff33
000000cf
0000046d
fffffce2
fffffddf
0000022c
000003b5
fffffe9d
fffffa9c
00000068
fffffb72
fffffc74
000003ec
ffffff0d
fffffd10
00000a9c
fffffbbc
000001b1
00000758
0000029d
fffffb8b
fffffb93
fffffba1
000000db
0000008b
00000250
000007c6
0000021f
00000487
fffffff5
000001a0
fffffeb4
00000661
000000aa
fffffd0e
fffffdd1
000003c7
00000273
000003bb
ffffff34
0000013b
fffffd44
ffffff17
fffffe66
00000015
00000224
ffffff79
000000e1
fffffd37
000000e3
fffffd58
ffffff16
00000179
fffffe8b
fffff871
fffffc77
00000176
000007f1
0000059d
0000064b
0000009e
00000531
000003ff
0000022b
000004e8
0000026b
00000271
ffffff25
fffffed1
00000298
fffffe74
fffffe88
ffffff32
0000027b
fffffff9
00000532
fffffd77
fffff82f
0000008e
00000592
fffffbed
ffffffa8
fffffe3a
fffffdf2
00000168
fffffd43
0000059c
0000128b
00000426
fffff7b3
00000172
ffffff99
fffffaef
ffffff34
000001cb
000001fd
000001db
00000a9e
fffffdac
0000037f
00000905
fffffa02
00000218
000003cd
00000432
0000008e
fffff9c0
fffffa9e
0000015e
fffffd0e
00000303
000002f1
000009f2
00000009
fffffedc
0000067c
fffffbec
000004f0
000000ef
fffffc94
00000547
fffffbd0
fffffd9d
fffffd25
ffffff02
ffffffcc
0000055a
fffffeab
fffffc08
fffffb64
fffffb27
00000195
0000046d
00000048
fffffd58
ffffff8e
fffffecf
fffffbfc
000000a1
0000016e
fffffbb8
fffffd72
fffff8bd
000000da
000006c4
fffffe7e
000003f0
fffff9cd
000009c8
fffffe8b
fffffdf4
fffffcc7
00000388
00000423
ffffff47
fffffff1
00000175
00000346
00000347
000003e3
00000038
000002bd
00000019
fffffc99
fffffdaf
fffffd62
00000478
00000135
000005d2
000002f5
ffffff17
0000032e
00000494
0000120d
fffffb5e
000000b2
0000062a
0000065a
fffffb45
00000295
ffffff91
00000001
fffffea6
fffff9b2
000003e5
fffffe32
fffffbf9
fffffea0
000004db
fffffab0
fffffb03
ffffffa4
00000024
0000006e
000000f3
00000564
fffffccf
fffffdd0
00000753
00000210
0000061e
ffffffc5
fffff61e
ffffff9a
fffffdca
fffffcbf
fffff875
fffffd9d
fffffdf0
0000018a
fffffcae
000000cb
fffffeaa
0000026b
00000384
fffffd6e
0000009f
ffffffb5
fffffff2
fffffd5f
fffffd6e
00000732
00000278
fffffbd4
000000c5
fffff989
fffffc4e
000002c7
fffff5a9
fffffbde
0000064f
ffffff60
000001b7
0000034c
fffffe8b
fffff887
ffffffdc
000001cc
ffffff43
fffffd74
fffffd39
fffffec5
fffffeaf
fffffae5
000000ef
00000494
000006a7
00000541
00000043
000002c6
0000050c
00000343
fffffe6e
000002bf
0000013c
0000023e
ffffff11
000001ca
000001c6
00000039
00000299
fffffda9
00000216
0000040b
0000017d
0000021b
fffffdee
fffffdf5
00000025
fffffd59
00000340
fffffd37
fffffbd0
fffffb6b
ffffffc3
00000466
0000008e
ffffe3f3
fffff9c6
000002bf
00000170
fffffe4d
fffffddc
0000004d
00000483
fffffd33
fffffd3b
0000059c
00000bea
fffffac6
ffffffea
ffffff06
000006da
fffffe95
fffffc01
00000122
000006a6
0000033c
000000da
fffffb0b
0000006d
000002ed
000000b6
fffffdb7
000001ad
ffffff69
00000218
000002f2
fffffde1
00001ceb
00000275
ffffff46
0000030e
0000002b
fffff9d9
ffffff49
ffffffd3
fffffca1
ffffffc0
000004be
fffffc60
0000057b
fffffcdf
fffffd69
00000320
fffffc0b
fffffef7
fffffd9c
00000315
ffffffac
000003d3
00000330
fffffebc
0000022a
ffffff80
000000c7
00000328
fffffd97
00000301
00000411
fffffbcf
00000174
fffffffc
fffffac4
00000136
000001d3
000001c1
00000120
00000d54
00000017
fffffc6e
ffffffb3
00000421
000001b8
000001be
fffffe83
00000070
00000489
0000029b
fffffd03
fffffe53
000000f3
000005be
0000030a
0000068b
00000359
fffffa33
00000156
fffffa8d
fffff7bd
fffff9c7
000000bd
0000001c
000005b3
ffffff0f
00000448
fffffc43
fffffe66
00000229
000005cf
00000265
00000491
0000016b
fffffaa7
00000190
00000278
0000015c
000000e8
fffffd0a
0000023e
000000fa
fffffe08
0000044d
fffffd4f
000008d3
000002ea
fffffd25
fffffd14
000003f5
000002fa
0000046b
ffffffe6
00000567
fffffe5b
0000044b
000000a0
fffffeb8
000005df
000002c7
fffffde5
fffffe6d
fffffdfd
fffffb83
fffffbc2
fffffaf5
0000058a
fffffe68
00000140
00000167
00000580
fffffc31
000002cf
fffff9b0
000007fe
0000022c
fffffc73
000000d7
ffffff37
000006da
000002b0
000003e3
000000c9
00000468
00000366
0000000d
0000017f
000002e6
ffffffab
000005ad
fffffd8b
fffffd42
0000066d
00000022
000001fa
0000015d
00000305
00000368
0000001a
fffffc2c
00000416
000000bf
0000031e
fffffd4b
ffffff47
fffffae3
fffffeba
00000241
fffffd7f
000002f7
fffffd43
000000a5
fffffc5f
00000695
fffffb16
fffffae7
000006c9
ffffff35
0000071a
fffffcc6
000003a0
ffffff21
0000019c
fffffaaa
00000122
fffffd79
ffffff80
fffffa43
fffff8fc
fffffdd0
00000236
0000027e
000005b2
fffffeaa
00000173
00000486
00000321
fffffddc
000006e6
fffffe81
ffffffe7
000006d4
fffff674
00000656
0000009d
00000098
000005b8
fffffe87
00000473
000000bd
fffffebc
fffff972
0000017c
000007c8
00000011
fffff22e
00000564
000007d3
000003d0
00000167
000001a2
00000266
000005a7
00000370
00000301
000001fa
000001f2
fffffabd
fffffc29
ffffff07
ffffff4e
fffff3ec
00000272
00000754
fffff934
000004d0
00000269
fffffec8
0000036f
000001b1
fffff745
0000018c
fffffe6c
000000f8
fffffb94
ffffffd1
ffffff8b
000001e0
fffffa68
000002ad
0000019a
ffffffee
00000344
00000459
ffffff6a
00000069
fffffdbc
0000039a
ffffff35
ffffffd5
000002d9
0000010a
fffff99a
fffff97c
000000c6
fffffc5e
00000646
0000030e
000003df
000004f5
00000183
0000058d
fffffb5e
00000282
fffffe8c
fffffc3a
fffffb08
fffffcc3
0000080e
00000600
00000320
00000281
000007d7
fffffcf8
fffffacd
fffffdbe
00000533
fffffd98
fffffbd6
fffffd38
fffffc3f
000001bb
00000023
fffffe59
fffffd38
fffffed4
000003bb
fffff818
000005bf
fffff538
00000088
ffffffaf
fffffa65
fffffe3d
fffffd71
0000063b
fffffe7e
fffffdee
00000690
fffffda6
fffffc9a
fffffc2a
fffffe63
fffffc18
fffff8ad
fffffd33
fffff62d
000002ed
00000274
00000374
fffffe94
0000052c
fffff8d9
fffff3d2
ffffffc2
000004bd
00000948
fffffedb
fffffd88
fffffe71
00000713
ffffffdb
fffffd7f
0000070e
fffffdf9
00000901
ffffffaf
fffff831
fffffc04
fffffc2a
000000ab
ffffffdc
000003d2
fffffded
000002d8
fffffeed
0000032a
000002d5
fffffdd8
00000035
ffffff2e
00000071
00000391
000003b1
00000295
ffffff1d
ffffff30
000004a5
ffffff8c
0000014b
fffffe25
00000471
ffffffd4
00000589
00000318
00000229
ffffff54
fffffe82
000003b7
fffffb9d
00000537
fffffb01
fffffd7f
fffffa13
fffffe90
0000018b
00000152
fffffd32
00000353
0000030b
00000305
fffffbcf
00000380
fffff830
ffffff0e
fffff9de
000000a9
00000345
000000bb
ffffff36
ffffffb8
0000015f
fffffb36
00000522
000004b8
00000567
fffffd88
fffffac1
fffffda6
ffffff27
000000cb
0000019f
00000468
fffffbdc
fffffdaf
fffffe55
0000034a
00000155
fffffd28
0000011b
ffffffb2
0000020b
0000060d
fffffcc1
00000279
000006b0
00000277
0000000b
fffffe6d
fffffabe
fffffe42
fffffc78
000002bf
00000628
0000015d
fffffb2f
fffffd35
ffffff7d
0000048f
000001ea
0000005c
00000354
fffffe70
000009a8
00000435
fffffcca
fffffc6f
0000053d
ffffff27
fffff6d0
ffffff34
fffffe91
ffffff63
000007b0
fffffceb
fffff8c2
00000315
00000210
fffffe6c
fffffccf
00000157
fffffcd3
0000021e
000000d6
000002ea
fffffcf6
fffffe92
ffffffea
fffffedf
0000004d
ffffffd6
fffffeb2
fffffdb7
fffffb68
ffffff8c
fffffdaa
00000154
ffffff65
ffffff0b
fffffe86
00000252
fffffd8a
00000299
0000070f
0000000d
000003a0
fffffeaa
fffffc86
000005dc
fffffc71
fffffa15
00000309
fffffd99
fffffe47
ffffff2b
00000155
00000058
fffff8aa
fffff9a7
fffffefa
000000c3
00000334
ffffffb8
000004a5
000009a6
fffffb81
00000647
00000466
00000723
0000008c
0000037e
fffff9d3
fffffe23
fffffe11
ffffffb4
ffffff7c
000002a3
00000386
ffffff3e
fffffea5
ffffff6a
000001bc
000002b1
fffffcf2
00000e00
fffffb5d
fffffb03
fffffc66
000003f2
fffffdf3
0000002b
fffffea8
00000085
00000255
fffffed3
ffffff87
fffffec3
0000020b
fffffe59
000001af
fffff602
000003aa
00000138
fffffcad
fffffb44
00000685
00000173
fffffe9e
000007ca
fffffcce
fffffde8
fffff818
00000434
ffffffdd
0000025e
0000035b
fffffae3
0000023c
ffffff3b
fffffa66
fffffeb3
000000c7
0000014c
fffffbf2
fffffda2
fffffe4d
fffff887
ffffffb7
000000a3
ffffffe7
000004c7
000002ea
0000016c
00000547
000005d5
fffffdca
fffffd80
00000542
000002e8
ffffff95
000002b0
ffffff8b
00000608
000000e7
0000033a
ffffff43
ffffff30
fffff98f
ffffff5f
fffffd9e
0000030a
ffffff12
ffffff43
0000024c
000001b2
000002c8
fffffe9a
00000524
0000027f
ffffffad
fffffd47
fffff9f8
fffffee7
fffffe59
000003ec
000002fa
000002da
fffffd33
00000156
ffffff0a
fffff57e
00000049
0000019f
fffff84c
ffffff67
00000088
ffffffe6
0000046e
000000aa
00000089
000003bf
fffffc60
fffffad1
000005d2
0000006a
ffffffab
fffffbe1
fffffbd4
fffffd21
fffffd64
fffffd7a
fffffff9
0000051f
000005c3
000004a6
00000111
0000049f
ffffffde
fffffa04
ffffff20
00000186
fffffc4c
ffffffe9
0000033f
fffff76d
fffffd83
fffff8d4
ffffff62
fffffcb3
00000092
fffffff2
fffff9f6
fffff8b0
00000023
000003a4
000002dc
00000064
0000030b
fffffc42
fffffa33
ffffffa5
000004c9
00000005
00000050
000001dc
00000699
000000b6
ffffffec
00000305
00000226
ffffff79
fffffac8
00000056
ffffff1c
0000024f
00000449
00000656
00000101
000003b7
000000fe
00000176
ffffffbb
fffffda8
0000069b
00000057
00000020
0000027d
fffff938
000004cb
fffff8d8
fffffbcc
fffffcc4
00000326
fffffd78
fffffe6b
000002c9
fffff9c1
fffffcf6
fffffbf4
fffff9c6
fffffda0
0000019b
ffffffc5
0000073e
00000510
000006d3
ffffedc8
000003ad
00000016
00000016
00000017
00000017
00000017
00000018
00000018
00000019
00000019
00000019
0000001a
0000001a
0000001b
0000001b
0000001b
0000001c
0000001c
0000001d
0000001d
0000001e
0000001e
0000001f
0000001f
0000001f
00000020
00000020
00000021
00000022
00000022
00000023
00000023
00000024
00000024
00000025
00000025
00000026
00000027
00000027
00000028
00000028
00000029
0000002a
0000002a
0000002b
0000002c
0000002c
0000002d
0000002e
0000002f
0000002f
00000030
00000031
00000032
00000032
00000033
00000034
00000035
00000036
00000036
00000037
00000038
00000039
0000003a
0000003b
0000003c
0000003d
0000003e
0000003f
00000040
00000041
00000042
00000043
00000044
00000045
00000046
00000047
00000048
00000049
0000004a
0000004b
0000004d
0000004e
0000004f
00000050
00000052
00000053
00000054
00000055
00000057
00000058
0000005a
0000005b
0000005c
0000005e
0000005f
00000061
00000062
00000064
00000065
00000067
00000069
0000006a
0000006c
0000006e
0000006f
00000071
00000073
00000075
00000077
00000078
0000007a
0000007c
0000007e
00000080
00000082
00000084
00000086
00000089
0000008b
0000008d
0000008f
00000091
00000094
00000096
00000098
0000009b
0000009d
000000a0
000000a2
000000a5
000000a7
000000aa
000000ac
000000af
000000b2
000000b5
000000b8
000000ba
000000bd
000000c0
000000c3
000000c6
000000ca
000000cd
000000d0
000000d3
000000d7
000000da
000000dd
000000e1
000000e4
000000e8
000000ec
000000ef
000000f3
000000f7
000000fb
000000ff
00000103
00000107
0000010b
0000010f
00000113
00000117
0000011c
00000120
00000125
00000129
0000012e
00000133
00000138
0000013d
00000141
00000147
0000014c
00000151
00000156
0000015b
00000161
00000166
0000016c
00000172
00000178
0000017d
00000183
00000189
00000190
00000196
0000019c
000001a3
000001a9
000001b0
000001b7
000001bd
000001c4
000001cc
000001d3
000001da
000001e1
000001e9
000001f1
000001f8
00000200
00000208
00000210
00000219
00000221
00000229
00000232
0000023b
00000244
0000024d
00000256
0000025f
00000269
00000272
0000027c
00000286
00000290
0000029a
000002a5
000002af
000002ba
000002c5
000002d0
000002db
000002e7
000002f2
000002fe
0000030a
00000316
00000322
0000032f
0000033b
00000348
00000355
00000363
00000370
0000037e
0000038c
0000039a
000003a8
000003b7
000003c5
000003d4
000003e3
000003f3
00000403
00000412
00000423
00000433
00000444
00000455
00000466
00000477
00000489
0000049b
000004ad
000004bf
000004d2
000004e5
000004f9
0000050c
00000520
00000535
00000549
0000055e
00000573
00000589
0000059e
000005b5
000005cb
000005e2
000005f9
00000611
00000628
00000641
00000659
00000672
0000068b
000006a5
000006bf
000006da
000006f5
00000710
0000072c
00000748
00000764
00000781
0000079e
000007bc
000007da
000007f9
00000818
00000838
00000858
00000878
00000899
000008bb
000008dd
000008ff
00000922
00000946
0000096a
0000098e
000009b3
000009d9
000009ff
00000a26
00000a4d
00000a75
00000a9d
00000ac6
00000af0
00000b1a
00000b45
00000b70
00000b9c
00000bc9
00000bf6
00000c24
00000c53
00000c82
00000cb2
00000ce2
00000d14
00000d46
00000d78
00000dac
00000de0
00000e15
00000e4a
00000e81
00000eb8
00000ef0
00000f28
00000f62
00000f9c
00000fd7
00001013
00001050
0000108d
000010cb
0000110b
0000114b
0000118c
000011cd
00001210
00001254
00001298
000012de
00001324
0000136b
000013b4
000013fd
00001447
00001492
000014de
0000152c
0000157a
000015c9
00001619
0000166b
000016bd
00001710
00001765
000017ba
00001811
00001869
000018c2
0000191c
00001977
000019d3
00001a31
00001a8f
00001aef
00001b50
00001bb2
00001c16
00001c7a
00001ce0
00001d47
00001db0
00001e19
00001e84
00001ef0
00001f5e
00001fcc
0000203c
000020ae
00002121
00002195
0000220a
00002281
000022f9
00002372
000023ed
00002469
000024e7
00002566
000025e6
00002668
000026ec
00002770
000027f6
0000287e
00002907
00002992
00002a1e
00002aab
00002b3a
00002bcb
00002c5d
00002cf0
00002d85
00002e1b
00002eb3
00002f4d
00002fe8
00003084
00003123
000031c2
00003263
00003306
000033aa
00003450
000034f7
000035a0
0000364a
000036f6
000037a3
00003852
00003903
000039b5
00003a68
00003b1e
00003bd4
00003c8c
00003d46
00003e01
00003ebe
00003f7c
0000403c
000040fd
000041c0
00004284
0000434a
00004411
000044d9
000045a3
0000466f
0000473c
0000480a
000048da
000049ab
00004a7e
00004b52
00004c27
00004cfe
00004dd6
00004eaf
00004f8a
00005066
00005143
00005221
00005301
000053e2
000054c4
000055a8
0000568c
00005772
00005859
00005941
00005a2a
00005b14
00005bff
00005cec
00005dd9
00005ec7
00005fb6
000060a7
00006198
0000628a
0000637c
00006470
00006565
0000665a
00006750
00006847
0000693f
00006a37
00006b30
00006c29
00006d23
00006e1e
00006f19
00007015
00007111
0000720e
0000730b
00007409
00007507
00007605
00007704
00007803
00007902
00007a01
00007b01
00007c00
00007d00
00007e00
00007f00
00008000
00008100
00008200
00008300
00008400
000084ff
000085ff
000086fe
000087fd
000088fc
000089fb
00008af9
00008bf7
00008cf5
00008df2
00008eef
00008feb
000090e7
000091e2
000092dd
000093d7
000094d0
000095c9
000096c1
000097b9
000098b0
000099a6
00009a9b
00009b90
00009c84
00009d76
00009e68
00009f59
0000a04a
0000a139
0000a227
0000a314
0000a401
0000a4ec
0000a5d6
0000a6bf
0000a7a7
0000a88e
0000a974
0000aa58
0000ab3c
0000ac1e
0000acff
0000addf
0000aebd
0000af9a
0000b076
0000b151
0000b22a
0000b302
0000b3d9
0000b4ae
0000b582
0000b655
0000b726
0000b7f6
0000b8c4
0000b991
0000ba5d
0000bb27
0000bbef
0000bcb6
0000bd7c
0000be40
0000bf03
0000bfc4
0000c084
0000c142
0000c1ff
0000c2ba
0000c374
0000c42c
0000c4e2
0000c598
0000c64b
0000c6fd
0000c7ae
0000c85d
0000c90a
0000c9b6
0000ca60
0000cb09
0000cbb0
0000cc56
0000ccfa
0000cd9d
0000ce3e
0000cedd
0000cf7c
0000d018
0000d0b3
0000d14d
0000d1e5
0000d27b
0000d310
0000d3a3
0000d435
0000d4c6
0000d555
0000d5e2
0000d66e
0000d6f9
0000d782
0000d80a
0000d890
0000d914
0000d998
0000da1a
0000da9a
0000db19
0000db97
0000dc13
0000dc8e
0000dd07
0000dd7f
0000ddf6
0000de6b
0000dedf
0000df52
0000dfc4
0000e034
0000e0a2
0000e110
0000e17c
0000e1e7
0000e250
0000e2b9
0000e320
0000e386
0000e3ea
0000e44e
0000e4b0
0000e511
0000e571
0000e5cf
0000e62d
0000e689
0000e6e4
0000e73e
0000e797
0000e7ef
0000e846
0000e89b
0000e8f0
0000e943
0000e995
0000e9e7
0000ea37
0000ea86
0000ead4
0000eb22
0000eb6e
0000ebb9
0000ec03
0000ec4c
0000ec95
0000ecdc
0000ed22
0000ed68
0000edac
0000edf0
0000ee33
0000ee74
0000eeb5
0000eef5
0000ef35
0000ef73
0000efb0
0000efed
0000f029
0000f064
0000f09e
0000f0d8
0000f110
0000f148
0000f17f
0000f1b6
0000f1eb
0000f220
0000f254
0000f288
0000f2ba
0000f2ec
0000f31e
0000f34e
0000f37e
0000f3ad
0000f3dc
0000f40a
0000f437
0000f464
0000f490
0000f4bb
0000f4e6
0000f510
0000f53a
0000f563
0000f58b
0000f5b3
0000f5da
0000f601
0000f627
0000f64d
0000f672
0000f696
0000f6ba
0000f6de
0000f701
0000f723
0000f745
0000f767
0000f788
0000f7a8
0000f7c8
0000f7e8
0000f807
0000f826
0000f844
0000f862
0000f87f
0000f89c
0000f8b8
0000f8d4
0000f8f0
0000f90b
0000f926
0000f941
0000f95b
0000f975
0000f98e
0000f9a7
0000f9bf
0000f9d8
0000f9ef
0000fa07
0000fa1e
0000fa35
0000fa4b
0000fa62
0000fa77
0000fa8d
0000faa2
0000fab7
0000facb
0000fae0
0000faf4
0000fb07
0000fb1b
0000fb2e
0000fb41
0000fb53
0000fb65
0000fb77
0000fb89
0000fb9a
0000fbab
0000fbbc
0000fbcd
0000fbdd
0000fbee
0000fbfd
0000fc0d
0000fc1d
0000fc2c
0000fc3b
0000fc49
0000fc58
0000fc66
0000fc74
0000fc82
0000fc90
0000fc9d
0000fcab
0000fcb8
0000fcc5
0000fcd1
0000fcde
0000fcea
0000fcf6
0000fd02
0000fd0e
0000fd19
0000fd25
0000fd30
0000fd3b
0000fd46
0000fd51
0000fd5b
0000fd66
0000fd70
0000fd7a
0000fd84
0000fd8e
0000fd97
0000fda1
0000fdaa
0000fdb3
0000fdbc
0000fdc5
0000fdce
0000fdd7
0000fddf
0000fde7
0000fdf0
0000fdf8
0000fe00
0000fe08
0000fe0f
0000fe17
0000fe1f
0000fe26
0000fe2d
0000fe34
0000fe3c
0000fe43
0000fe49
0000fe50
0000fe57
0000fe5d
0000fe64
0000fe6a
0000fe70
0000fe77
0000fe7d
0000fe83
0000fe88
0000fe8e
0000fe94
0000fe9a
0000fe9f
0000fea5
0000feaa
0000feaf
0000feb4
0000feb9
0000febf
0000fec3
0000fec8
0000fecd
0000fed2
0000fed7
0000fedb
0000fee0
0000fee4
0000fee9
0000feed
0000fef1
0000fef5
0000fef9
0000fefd
0000ff01
0000ff05
0000ff09
0000ff0d
0000ff11
0000ff14
0000ff18
0000ff1c
0000ff1f
0000ff23
0000ff26
0000ff29
0000ff2d
0000ff30
0000ff33
0000ff36
0000ff3a
0000ff3d
0000ff40
0000ff43
0000ff46
0000ff48
0000ff4b
0000ff4e
0000ff51
0000ff54
0000ff56
0000ff59
0000ff5b
0000ff5e
0000ff60
0000ff63
0000ff65
0000ff68
0000ff6a
0000ff6c
0000ff6f
0000ff71
0000ff73
0000ff75
0000ff77
0000ff7a
0000ff7c
0000ff7e
0000ff80
0000ff82
0000ff84
0000ff86
0000ff88
0000ff89
0000ff8b
0000ff8d
0000ff8f
0000ff91
0000ff92
0000ff94
0000ff96
0000ff97
0000ff99
0000ff9b
0000ff9c
0000ff9e
0000ff9f
0000ffa1
0000ffa2
0000ffa4
0000ffa5
0000ffa6
0000ffa8
0000ffa9
0000ffab
0000ffac
0000ffad
0000ffae
0000ffb0
0000ffb1
0000ffb2
0000ffb3
0000ffb5
0000ffb6
0000ffb7
0000ffb8
0000ffb9
0000ffba
0000ffbb
0000ffbc
0000ffbd
0000ffbe
0000ffbf
0000ffc0
0000ffc1
0000ffc2
0000ffc3
0000ffc4
0000ffc5
0000ffc6
0000ffc7
0000ffc8
0000ffc9
0000ffca
0000ffca
0000ffcb
0000ffcc
0000ffcd
0000ffce
0000ffce
0000ffcf
0000ffd0
0000ffd1
0000ffd1
0000ffd2
0000ffd3
0000ffd4
0000ffd4
0000ffd5
0000ffd6
0000ffd6
0000ffd7
0000ffd8
0000ffd8
0000ffd9
0000ffd9
0000ffda
0000ffdb
0000ffdb
0000ffdc
0000ffdc
0000ffdd
0000ffdd
0000ffde
0000ffde
0000ffdf
0000ffe0
0000ffe0
0000ffe1
0000ffe1
0000ffe1
0000ffe2
0000ffe2
0000ffe3
0000ffe3
0000ffe4
0000ffe4
0000ffe5
0000ffe5
0000ffe5
0000ffe6
0000ffe6
0000ffe7
0000ffe7
0000ffe7
0000ffe8
0000ffe8
0000ffe9
0000ffe9
0000ffe9
0000ffea
0000ffea
00000000
00000000
00000000
00000000
00000000
00000000
00000000
00000000
00000000
00000000
00000000
00000000
00000000
00000000
00000000
00000000
00000000
00000000
00000000
00000000
00000000
00000000
00000000
00000000
00000000
00000000
00000000
00000000
00000000
00000000
00000000
00000000
00000000
00000000
00000000
00000000
00000000
00000000
00000000
00000000
00000000
00000000
00000000
00000000
00000000
00000000
00000000
00000000
00000000
00000000
00000000
00000000
00000000
00000000
00000000
00000000
00000000
00000000
00000000
00000000
00000000
00000000
00000000
00000000
00000000
00000000
00000000
00000000
00000000
00000000
00000000
00000000
00000000
00000000
00000000
00000000
00000000
00000000
00000000
00000000
00000000
00000000
00000000
00000000
00000000
00000000
00000000
00000000
00000000
00000000
00000000
00000000
00000000
00000000
00000000
00000000
00000000
00000000
00000000
00000000
00000000
00000000
00000000
00000000
00000000
00000000
00000000
00000000
00000000
00000000
00000000
00000000
00000000
00000000
00000000
00000000
00000000
00000000
00000000
00000000
00000000
00000000
00000000
00000000
00000000
00000000
00000000
00000000
00000000
00000000
00000000
00000000
00000000
00000000
00000000
00000000
00000000
00000000
00000000
00000000
00000000
00000000
00000000
00000000
00000000
00000000
00000000
00000000
00000000
00000000
00000000
00000000
00000000
00000000
00000000
00000000
00000000
00000000
00000000
00000000
00000000
00000000
00000000
00000000
00000000
00000000
00000000
00000000
00000000
00000000
00000000
00000000
00000000
00000000
00000000
00000000
00000000
00000000
00000000
00000000
00000000
00000000
00000000
00000000
00000000
00000000
00000000
00000000
00000000
00000000
00000000
00000000
00000000
00000000
00000000
00000000
00000000
00000000
00000000
00000000
00000000
00000000
00000000
00000000
00000000
00000000
00000000
00000000
00000000
00000000
00000000
00000000
00000000
00000000
00000000
00000000
00000000
00000000
00000000
00000000
00000000
00000000
00000000
00000000
00000000
00000000
00000000
00000000
00000000
00000000
00000000
00000000
00000000
00000000
00000000
00000000
00000000
00000000
00000000
00000000
00000000
00000000
00000000
00000000
00000000
00000000
00000000
00000000
00000000
00000000
00000000
00000000
00000000
00000000
00000000
00000000
00000000
00000000
00000000
00000000
00000000
00000000
00000000
00000000
00000000
00000000
00000000
00000000
00000000
00000000
00000000
00000000
00000000
00000000
00000000
00000000
00000000
00000000
00000000
00000000
00000000
00000000
00000000
00000000
00000000
00000000
00000000
00000000
00000000
00000000
00000000
00000000
00000000
00000000
00000000
00000000
00000000
00000000
00000000
00000000
00000000
00000000
00000000
00000000
00000000
00000000
00000000
00000000
00000000
00000000
00000000
00000000
00000000
00000000
00000000
00000000
00000000
00000000
00000000
00000000
00000000
00000000
00000000
00000000
00000000
00000000
00000000
00000000
00000000
00000000
00000000
00000000
00000000
00000000
00000000
00000000
00000000
00000000
00000000
00000000
00000000
00000000
00000000
00000000
00000000
00000000
00000000
00000000
00000000
00000000
00000000
00000000
00000000
00000000
00000000
00000000
00000000
00000000
00000000
00000000
00000000
00000000
00000000
00000000
00000000
00000000
00000000
00000000
00000000
00000000
00000000
00000000
00000000
00000000
00000000
00000000
00000000
00000000
00000000
00000000
00000000
00000000
00000000
00000000
00000000
00000000
00000000
00000000
00000000
00000000
00000000
00000000
00000000
00000000
00000000
00000000
00000000
00000000
00000000
00000000
00000000
00000000
00000000
00000000
00000000
00000000
00000000
00000000
00000000
00000000
00000000
00000000
00000000
00000000
00000000
00000000
00000000
00000000
00000000
00000000
00000000
00000000
00000000
00000000
00000000
00000000
00000000
00000000
00000000
00000000
00000000
00000000
00000000
00000000
00000000
00000000
00000000
00000000
00000000
00000000
00000000
00000000
00000000
00000000
00000000
00000000
00000000
00000000
00000000
00000000
00000000
00000000
00000000
00000000
00000000
00000000
00000000
00000000
00000000
00000000
00000000
00000000
00000000
00000000
00000000
00000000
00000000
00000000
00000000
00000000
00000000
00000000
00000000
00000000
00000000
00000000
00000000
00000000
00000000
00000000
00000000
00000000
00000000
00000000
00000000
00000000
00000000
00000000
00000000
00000000
00000000
00000000
00000000
00000000
00000000
00000000
00000000
00000000
00000000
00000000
00000000
00000000
00000000
00000000
00000000
00000000
00000000
00000000
00000000
00000000
00000000
00000000
00000000
00000000
00000000
00000000
00000000
00000000
00000000
00000000
00000000
00000000
00000000
00000000
00000000
00000000
00000000
00000000
00000000
00000000
00000000
00000000
00000000
00000000
00000000
00000000
00000000
00000000
00000000
00000000
00000000
00000000
00000000
00000000
00000000
00000000
00000000
00000000
00000000
00000000
00000000
00000000
00000000
00000000
00000000
00000000
00000000
00000000
00000000
00000000
00000000
00000000
00000000
00000000
00000000
00000000
00000000
00000000
00000000
00000000
00000000
00000000
00000000
00000000
00000000
00000000
00000000
00000000
00000000
00000000
00000000
00000000
00000000
00000000
00000000
00000000
00000000
00000000
00000000
00000000
00000000
00000000
00000000
00000000
00000000
00000000
00000000
00000000
00000000
00000000
00000000
00000000
00000000
00000000
00000000
00000000
00000000
00000000
00000000
00000000
00000000
00000000
00000000
00000000
00000000
00000000
00000000
00000000
00000000
00000000
00000000
00000000
00000000
00000000
00000000
00000000
00000000
00000000
00000000
00000000
00000000
00000000
00000000
00000000
00000000
00000000
00000000
00000000
00000000
00000000
00000000
00000000
00000000
00000000
00000000
00000000
00000000
00000000
00000000
00000000
00000000
00000000
00000000
00000000
00000000
00000000
00000000
00000000
00000000
00000000
00000000
00000000
00000000
00000000
00000000
00000000
00000000
00000000
00000000
00000000
00000000
00000000
00000000
00000000
00000000
00000000
00000000
00000000
00000000
00000000
00000000
00000000
00000000
00000000
00000000
00000000
00000000
00000000
00000000
00000000
00000000
00000000
00000000
00000000
00000000
00000000
00000000
00000000
00000000
00000000
00000000
00000000
00000000
00000000
00000000
00000000
00000000
00000000
00000000
00000000
00000000
00000000
00000000
00000000
00000000
00000000
00000000
00000000
00000000
00000000
00000000
00000000
00000000
00000000
00000000
00000000
00000000
00000000
00000000
00000000
00000000
00000000
00000000
00000000
00000000
00000000
00000000
00000000
00000000
00000000
00000000
00000000
00000000
00000000
00000000
00000000
00000000
00000000
00000000
00000000
00000000
00000000
00000000
00000000
00000000
00000000
00000000
00000000
00000000
00000000
00000000
00000000
00000000
00000000
00000000
00000000
00000000
00000000
00000000
00000000
00000000
00000000
00000000
00000000
00000000
00000000
00000000
00000000
00000000
00000000
00000000
00000000
00000000
00000000
00000000
00000000
00000000
00000000
00000000
00000000
00000000
00000000
00000000
00000000
00000000
00000000
00000000
00000000
00000000
00000000
00000000
00000000
00000000
00000000
00000000
00000000
00000000
00000000
00000000
00000000
00000000
00000000
00000000
00000000
00000000
00000000
00000000
00000000
00000000
00000000
00000000
00000000
00000000
00000000
00000000
00000000
00000000
00000000
00000000
00000000
00000000
00000000
00000000
00000000
00000000
00000000
00000000
00000000
00000000
00000000
00000000
00000000
00000000
00000000
00000000
00000000
00000000
00000000
00000000
00000000
00000000
00000000
00000000
00000000
00000000
00000000
00000000
00000000
00000000
00000000
00000000
00000000
00000000
00000000
00000000
00000000
00000000
00000000
00000000
00000000
00000000
00000000
00000000
00000000
00000000
00000000
00000000
00000000
00000000
00000000
00000000
00000000
00000000
00000000
00000000
00000000
00000000
00000000
00000000
00000000
00000000
00000000
00000000
00000000
00000000
00000000
00000000
00000000
00000000
00000000
00000000
00000000
00000000
00000000
00000000
00000000
00000000
00000000
00000000
00000000
00000000
00000000
00000000
00000000
00000000
00000000
00000000
00000000
00000000
00000000
00000000
00000000
00000000
00000000
00000000
00000000
00000000
00000000
00000000
00000000
00000000
00000000
00000000
00000000
00000000
00000000
00000000
00000000
00000000
00000000
00000000
00000000
00000000
00000000
00000000
00000000
00000000
00000000
00000000
00000000
00000000
00000000
00000000
00000000
00000000
00000000
00000000
00000000
00000000
00000000
00000000
00000000
00000000
00000000
00000000
00000000
00000000
00000000
00000000
00000000
00000000
00000000
00000000
00000000
00000000
00000000
00000000
00000000
00000000
00000000
00000000
00000000
00000000
00000000
00000000
00000000
00000000
00000000
00000000
00000000
00000000
00000000
00000000
00000000
00000000
00000000
00000000
00000000
00000000
00000000
00000000
00000000
00000000
00000000
00000000
00000000
00000000
00000000
00000000
00000000
00000000
00000000
00000000
00000000
00000000
00000000
00000000
00000000
00000000
00000000
00000000
00000000
00000000
00000000
00000000
00000000
00000000
00000000
00000000
00000000
00000000
00000000
00000000
00000000
00000000
00000000
00000000
00000000
00000000
00000000
00000000
00000000
00000000
00000000
00000000
00000000
00000000
00000000
00000000
00000000
00000000
00000000
00000000
00000000
00000000
00000000
00000000
00000000
00000000
00000000
00000000
00000000
00000000
00000000
00000000
00000000
00000000
00000000
00000000
00000000
00000000
00000000
00000000
00000000
00000000
00000000
00000000
00000000
00000000
00000000
00000000
00000000
00000000
00000000
00000000
00000000
00000000
00000000
00000000
00000000
00000000
00000000
00000000
00000000
00000000
00000000
00000000
00000000
00000000
00000000
00000000
00000000
00000000
00000000
00000000
00000000
00000000
00000000
00000000
00000000
00000000
00000000
00000000
00000000
00000000
00000000
00000000
00000000
00000000
00000000
00000000
00000000
00000000
00000000
00000000
00000000
00000000
00000000
00000000
00000000
00000000
00000000
00000000
00000000
00000000
00000000
00000000
00000000
00000000
00000000
00000000
00000000
00000000
00000000
00000000
00000000
00000000
00000000
00000000
00000000
00000000
00000000
00000000
00000000
00000000
00000000
00000000
00000000
00000000
00000000
00000000
00000000
00000000
00000000
00000000
00000000
00000000
00000000
00000000
00000000
00000000
00000000
00000000
00000000
00000000
00000000
00000000
00000000
00000000
00000000
00000000
00000000
00000000
00000000
00000000
00000000
00000000
00000000
00000000
00000000
00000000
00000000
00000000
00000000
00000000
00000000
00000000
00000000
00000000
00000000
00000000
00000000
00000000
00000000
00000000
00000000
00000000
00000000
00000000
00000000
00000000
00000000
00000000
00000000
00000000
00000000
00000000
00000000
00000000
00000000
00000000
00000000
00000000
00000000
00000000
00000000
00000000
00000000
00000000
00000000
00000000
00000000
00000000
00000000
00000000
00000000
00000000
00000000
00000000
00000000
00000000
00000000
00000000
00000000
00000000
00000000
00000000
00000000
00000000
00000000
00000000
00000000
00000000
00000000
00000000
00000000
00000000
00000000
00000000
00000000
00000000
00000000
00000000
00000000
00000000
00000000
00000000
00000000
00000000
00000000
00000000
00000000
00000000
00000000
00000000
00000000
00000000
00000000
00000000
00000000
00000000
00000000
00000000
00000000
00000000
00000000
00000000
00000000
00000000
00000000
00000000
00000000
00000000
00000000
00000000
00000000
00000000
00000000
00000000
00000000
00000000
00000000
00000000
00000000
00000000
00000000
00000000
00000000
00000000
00000000
00000000
00000000
00000000
00000000
00000000
00000000
00000000
00000000
00000000
00000000
00000000
00000000
00000000
00000000
00000000
00000000
00000000
00000000
00000000
00000000
00000000
00000000
00000000
00000000
00000000
00000000
00000000
00000000
00000000
00000000
00000000
00000000
00000000
00000000
00000000
00000000
00000000
00000000
00000000
00000000
00000000
00000000
00000000
00000000
00000000
00000000
00000000
00000000
00000000
00000000
00000000
00000000
00000000
00000000
00000000
00000000
00000000
00000000
00000000
00000000
00000000
00000000
00000000
00000000
00000000
00000000
00000000
00000000
00000000
00000000
00000000
00000000
00000000
00000000
00000000
00000000
00000000
00000000
00000000
00000000
00000000
00000000
00000000
00000000
00000000
00000000
00000000
00000000
00000000
00000000
00000000
00000000
00000000
00000000
00000000
00000000
00000000
00000000
00000000
00000000
00000000
00000000
00000000
00000000
00000000
00000000
00000000
00000000
00000000
00000000
00000000
00000000
00000000
00000000
00000000
00000000
00000000
00000000
00000000
00000000
00000000
00000000
00000000
00000000
00000000
00000000
00000000
00000000
00000000
00000000
00000000
00000000
00000000
00000000
00000000
00000000
00000000
00000000
00000000
00000000
00000000
00000000
00000000
00000000
00000000
00000000
00000000
00000000
00000000
00000000
00000000
00000000
00000000
00000000
00000000
00000000
00000000
00000000
00000000
00000000
00000000
00000000
00000000
00000000
00000000
00000000
00000000
00000000
00000000
00000000
00000000
00000000
00000000
00000000
00000000
00000000
00000000
00000000
00000000
00000000
00000000
00000000
00000000
00000000
00000000
00000000
00000000
00000000
00000000
00000000
00000000
00000000
00000000
00000000
00000000
00000000
00000000
00000000
00000000
00000000
00000000
00000000
00000000
00000000
00000000
00000000
00000000
00000000
00000000
00000000
00000000
00000000
00000000
00000000
00000000
00000000
00000000
00000000
00000000
00000000
00000000
00000000
00000000
00000000
00000000
00000000
00000000
00000000
00000000
00000000
00000000
00000000
00000000
00000000
00000000
00000000
00000000
00000000
00000000
00000000
00000000
00000000
00000000
00000000
00000000
00000000
00000000
00000000
00000000
00000000
00000000
00000000
00000000
00000000
00000000
00000000
00000000
00000000
00000000
00000000
00000000
00000000
00000000
00000000
00000000
00000000
00000000
00000000
00000000
00000000
00000000
00000000
00000000
00000000
00000000
00000000
00000000
00000000
00000000
00000000
00000000
00000000
00000000
00000000
00000000
00000000
00000000
00000000
00000000
00000000
00000000
00000000
00000000
00000000
00000000
00000000
00000000
00000000
00000000
00000000
00000000
00000000
00000000
00000000
00000000
00000000
00000000
00000000
00000000
00000000
00000000
00000000
00000000
00000000
00000000
00000000
00000000
00000000
00000000
00000000
00000000
00000000
00000000
00000000
00000000
00000000
00000000
00000000
00000000
00000000
00000000
00000000
00000000
00000000
00000000
00000000
00000000
00000000
00000000
00000000
00000000
00000000
00000000
00000000
00000000
00000000
00000000
00000000
00000000
00000000
00000000
00000000
00000000
00000000
00000000
00000000
00000000
00000000
00000000
00000000
00000000
00000000
00000000
00000000
00000000
00000000
00000000
00000000
00000000
00000000
00000000
00000000
00000000
00000000
00000000
00000000
00000000
00000000
00000000
00000000
00000000
00000000
00000000
00000000
00000000
00000000
00000000
00000000
00000000
00000000
00000000
00000000
00000000
00000000
00000000
00000000
00000000
00000000
00000000
00000000
00000000
00000000
00000000
00000000
00000000
00000000
00000000
00000000
00000000
00000000
00000000
00000000
00000000
00000000
00000000
00000000
00000000
00000000
00000000
00000000
00000000
00000000
00000000
00000000
00000000
00000000
00000000
00000000
00000000
00000000
00000000
00000000
00000000
00000000
00000000
00000000
00000000
00000000
00000000
00000000
00000000
00000000
00000000
00000000
00000000
00000000
00000000
00000000
00000000
00000000
00000000
00000000
00000000
00000000
00000000
00000000
00000000
00000000
00000000
00000000
00000000
00000000
00000000
00000000
00000000
00000000
00000000
00000000
00000000
00000000
00000000
00000000
00000000
00000000
00000000
00000000
00000000
00000000
00000000
00000000
00000000
00000000
00000000
00000000
00000000
00000000
00000000
00000000
00000000
00000000
00000000
00000000
00000000
00000000
00000000
00000000
00000000
00000000
00000000
00000000
00000000
00000000
00000000
00000000
00000000
00000000
00000000
00000000
00000000
00000000
00000000
00000000
00000000
00000000
00000000
00000000
00000000
00000000
00000000
00000000
00000000
00000000
00000000
00000000
00000000
00000000
00000000
00000000
00000000
00000000
00000000
00000000
00000000
00000000
00000000
00000000
00000000
00000000
00000000
00000000
00000000
00000000
00000000
00000000
00000000
00000000
00000000
00000000
00000000
00000000
00000000
00000000
00000000
00000000
00000000
00000000
00000000
00000000
00000000
00000000
00000000
00000000
00000000
00000000
00000000
00000000
00000000
00000000
00000000
00000000
00000000
00000000
00000000
00000000
00000000
00000000
00000000
00000000
00000000
00000000
00000000
00000000
00000000
00000000
00000000
00000000
00000000
00000000
00000000
00000000
00000000
00000000
00000000
00000000
00000000
00000000
00000000
00000000
00000000
00000000
00000000
00000000
00000000
00000000
00000000
00000000
00000000
00000000
00000000
00000000
00000000
00000000
00000000
00000000
00000000
00000000
00000000
00000000
00000000
00000000
00000000
00000000
00000000
00000000
00000000
00000000
00000000
00000000
00000000
00000000
00000000
00000000
00000000
00000000
00000000
00000000
00000000
00000000
00000000
00000000
00000000
00000000
00000000
00000000
00000000
00000000
00000000
00000000
00000000
00000000
00000000
00000000
00000000
00000000
00000000
00000000
00000000
00000000
00000000
00000000
00000000
00000000
00000000
00000000
00000000
00000000
00000000
00000000
00000000
00000000
00000000
00000000
00000000
00000000
00000000
00000000
00000000
00000000
00000000
00000000
00000000
00000000
00000000
00000000
00000000
00000000
00000000
00000000
00000000
00000000
00000000
00000000
00000000
00000000
00000000
00000000
00000000
00000000
00000000
00000000
00000000
00000000
00000000
00000000
00000000
00000000
00000000
00000000
00000000
00000000
00000000
00000000
00000000
00000000
00000000
00000000
00000000
00000000
00000000
00000000
00000000
00000000
00000000
00000000
00000000
00000000
00000000
00000000
00000000
00000000
00000000
00000000
00000000
00000000
00000000
00000000
00000000
00000000
00000000
00000000
00000000
00000000
00000000
00000000
00000000
00000000
00000000
00000000
00000000
00000000
00000000
00000000
00000000
00000000
00000000
00000000
00000000
00000000
00000000
00000000
00000000
00000000
00000000
00000000
00000000
00000000
00000000
00000000
00000000
00000000
00000000
00000000
00000000
00000000
00000000
00000000
00000000
00000000
00000000
00000000
00000000
00000000
00000000
00000000
00000000
00000000
00000000
00000000
00000000
00000000
00000000
00000000
00000000
00000000
00000000
00000000
00000000
00000000
00000000
00000000
00000000
00000000
00000000
00000000
00000000
00000000
00000000
00000000
00000000
00000000
00000000
00000000
00000000
00000000
00000000
00000000
00000000
00000000
00000000
00000000
00000000
00000000
00000000
00000000
00000000
00000000
00000000
00000000
00000000
00000000
00000000
00000000
00000000
00000000
00000000
00000000
00000000
00000000
00000000
00000000
00000000
00000000
00000000
00000000
00000000
00000000
00000000
00000000
00000000
00000000
00000000
00000000
00000000
00000000
00000000
00000000
00000000
00000000
00000000
00000000
00000000
00000000
00000000
00000000
00000000
00000000
00000000
00000000
00000000
00000000
00000000
00000000
00000000
00000000
00000000
00000000
00000000
00000000
00000000
00000000
00000000
00000000
00000000
00000000
00000000
00000000
00000000
00000000
00000000
00000000
00000000
00000000
00000000
00000000
00000000
00000000
00000000
00000000
00000000
00000000
00000000
00000000
00000000
00000000
00000000
00000000
00000000
00000000
00000000
00000000
00000000
00000000
00000000
00000000
00000000
00000000
00000000
00000000
00000000
00000000
00000000
00000000
00000000
00000000
00000000
00000000
00000000
00000000
00000000
00000000
00000000
00000000
00000000
00000000
00000000
00000000
00000000
00000000
00000000
00000000
00000000
00000000
00000000
00000000
00000000
00000000
00000000
00000000
00000000
00000000
00000000
00000000
00000000
00000000
00000000
00000000
00000000
00000000
00000000
00000000
00000000
00000000
00000000
00000000
00000000
00000000
00000000
00000000
00000000
00000000
00000000
00000000
00000000
00000000
00000000
00000000
00000000
00000000
00000000
00000000
00000000
00000000
00000000
00000000
00000000
00000000
00000000
00000000
00000000
00000000
00000000
00000000
00000000
00000000
00000000
00000000
00000000
00000000
00000000
00000000
00000000
00000000
00000000
00000000
00000000
00000000
00000000
00000000
00000000
00000000
00000000
00000000
00000000
00000000
00000000
00000000
00000000
00000000
00000000
00000000
00000000
00000000
00000000
00000000
00000000
00000000
00000000
00000000
00000000
00000000
00000000
00000000
00000000
00000000
00000000
00000000
00000000
00000000
00000000
00000000
00000000
00000000
00000000
00000000
00000000
00000000
00000000
00000000
00000000
00000000
00000000
00000000
00000000
00000000
00000000
00000000
00000000
00000000
00000000
00000000
00000000
00000000
00000000
00000000
00000000
00000000
00000000
00000000
00000000
00000000
00000000
00000000
00000000
00000000
00000000
00000000
00000000
00000000
00000000
00000000
00000000
00000000
00000000
00000000
00000000
00000000
00000000
00000000
00000000
00000000
00000000
00000000
00000000
00000000
00000000
00000000
00000000
00000000
00000000
00000000
00000000
00000000
00000000
00000000
00000000
00000000
00000000
00000000
00000000
00000000
00000000
00000000
00000000
00000000
00000000
00000000
00000000
00000000
00000000
00000000
00000000
00000000
00000000
00000000
00000000
00000000
00000000
00000000
00000000
00000000
00000000
00000000
00000000
00000000
00000000
00000000
00000000
00000000
00000000
00000000
00000000
00000000
00000000
00000000
00000000
00000000
00000000
00000000
00000000
00000000
00000000
00000000
00000000
00000000
00000000
00000000
00000000
00000000
00000000
00000000
00000000
00000000
00000000
00000000
00000000
00000000
00000000
00000000
00000000
00000000
00000000
00000000
00000000
00000000
00000000
00000000
00000000
00000000
00000000
00000000
00000000
00000000
00000000
00000000
00000000
00000000
00000000
00000000
00000000
00000000
00000000
00000000
00000000
00000000
00000000
00000000
00000000
00000000
00000000
00000000
00000000
00000000
00000000
00000000
00000000
00000000
00000000
00000000
00000000
00000000
00000000
00000000
00000000
00000000
00000000
00000000
00000000
00000000
00000000
00000000
00000000
00000000
00000000
00000000
00000000
00000000
00000000
00000000
00000000
00000000
00000000
00000000
00000000
00000000
00000000
00000000
00000000
00000000
00000000
00000000
00000000
00000000
00000000
00000000
00000000
00000000
00000000
00000000
00000000
00000000
00000000
00000000
00000000
00000000
00000000
00000000
00000000
00000000
00000000
00000000
00000000
00000000
00000000
00000000
00000000
00000000
00000000
00000000
00000000
00000000
00000000
00000000
00000000
00000000
00000000
00000000
00000000
00000000
00000000
00000000
00000000
00000000
00000000
00000000
00000000
00000000
00000000
00000000
00000000
00000000
00000000
00000000
00000000
00000000
00000000
00000000
00000000
00000000
00000000
00000000
00000000
00000000
00000000
00000000
00000000
00000000
00000000
00000000
00000000
00000000
00000000
00000000
00000000
00000000
00000000
00000000
00000000
00000000
00000000
00000000
00000000
00000000
00000000
00000000
00000000
00000000
00000000
00000000
00000000
00000000
00000000
00000000
00000000
00000000
00000000
00000000
00000000
00000000
00000000
00000000
00000000
00000000
00000000
00000000
00000000
00000000
00000000
00000000
00000000
00000000
00000000
00000000
00000000
00000000
00000000
00000000
00000000
00000000
00000000
00000000
00000000
00000000
00000000
00000000
00000000
00000000
00000000
00000000
00000000
00000000
00000000
00000000
00000000
00000000
00000000
00000000
00000000
00000000
00000000
00000000
00000000
00000000
00000000
00000000
00000000
00000000
00000000
00000000
00000000
00000000
00000000
00000000
00000000
00000000
00000000
00000000
00000000
00000000
00000000
00000000
00000000
00000000
00000000
00000000
00000000
00000000
00000000
00000000
00000000
00000000
00000000
00000000
00000000
00000000
00000000
00000000
00000000
00000000
00000000
00000000
00000000
00000000
00000000
00000000
00000000
00000000
00000000
00000000
00000000
00000000
00000000
00000000
00000000
00000000
00000000
00000000
00000000
00000000
00000000
00000000
00000000
00000000
00000000
00000000
00000000
00000000
00000000
00000000
00000000
00000000
00000000
00000000
00000000
00000000
00000000
00000000
00000000
00000000
00000000
00000000
00000000
00000000
00000000
00000000
00000000
00000000
00000000
00000000
00000000
00000000
00000000
00000000
00000000
00000000
00000000
00000000
00000000
00000000
00000000
00000000
00000000
00000000
00000000
00000000
00000000
00000000
00000000
00000000
00000000
00000000
00000000
00000000
00000000
00000000
00000000
00000000
00000000
00000000
00000000
00000000
00000000
00000000
00000000
00000000
00000000
00000000
00000000
00000000
00000000
00000000
00000000
00000000
00000000
00000000
00000000
00000000
00000000
00000000
00000000
00000000
00000000
00000000
00000000
00000000
00000000
00000000
00000000
00000000
00000000
00000000
00000000
00000000
00000000
00000000
00000000
00000000
00000000
00000000
00000000
00000000
00000000
00000000
00000000
00000000
00000000
00000000
00000000
00000000
00000000
00000000
00000000
00000000
00000000
00000000
00000000
00000000
00000000
00000000
00000000
00000000
00000000
00000000
00000000
00000000
00000000
00000000
00000000
00000000
00000000
00000000
00000000
00000000
00000000
00000000
00000000
00000000
00000000
00000000
00000000
00000000
00000000
00000000
00000000
00000000
00000000
00000000
00000000
00000000
00000000
00000000
00000000
00000000
00000000
00000000
00000000
00000000
00000000
00000000
00000000
00000000
00000000
00000000
00000000
00000000
00000000
00000000
00000000
00000000
00000000
00000000
00000000
00000000
00000000
00000000
00000000
00000000
00000000
00000000
00000000
00000000
00000000
00000000
00000000
00000000
00000000
00000000
00000000
00000000
00000000
00000000
00000000
00000000
00000000
00000000
00000000
00000000
00000000
00000000
00000000
00000000
00000000
00000000
00000000
00000000
00000000
00000000
00000000
00000000
00000000
00000000
00000000
00000000
00000000
00000000
00000000
00000000
00000000
00000000
00000000
00000000
00000000
00000000
00000000
00000000
00000000
00000000
00000000
00000000
00000000
00000000
00000000
00000000
00000000
00000000
00000000
00000000
00000000
00000000
00000000
00000000
00000000
00000000
00000000
00000000
00000000
00000000
00000000
00000000
00000000
00000000
00000000
00000000
00000000
00000000
00000000
00000000
00000000
00000000
00000000
00000000
00000000
00000000
00000000
00000000
00000000
00000000
00000000
00000000
00000000
00000000
00000000
00000000
00000000
00000000
00000000
00000000
00000000
00000000
00000000
00000000
00000000
00000000
00000000
00000000
00000000
00000000
00000000
00000000
00000000
00000000
00000000
00000000
00000000
00000000
00000000
00000000
00000000
00000000
00000000
00000000
00000000
00000000
00000000
00000000
00000000
00000000
00000000
00000000
00000000
00000000
00000000
00000000
00000000
00000000
00000000
00000000
00000000
00000000
00000000
00000000
00000000
00000000
00000000
00000000
00000000
00000000
00000000
00000000
00000000
00000000
00000000
00000000
00000000
00000000
00000000
00000000
00000000
fffffb9f
ffffffd5
00000191
000000fa
00000130
ffffffad
ffffffcf
00000135
000000ce
ffffffae
ffffffc1
0000002d
0000014f
000001ec
fffffff2
00000228
ffffff8d
000000b9
ffffff68
ffffff63
00000047
fffffffe
00000162
ffffffc4
ffffffbd
ffffff76
00000108
000002a0
0000021b
00000198
0000026f
ffffffe7
ffffff49
00000050
00000171
ffffffd3
00000039
00000154
ffffffeb
0000000d
0000009e
ffffff37
fffffece
fffffe91
00000050
ffffff2d
ffffffba
fffffc55
ffffffe7
ffffffd5
fffffe20
000000db
000000f2
fffffffb
0000005c
ffffff62
000000bf
fffffff1
ffffff40
ffffff2f
000000b2
fffffe7c
ffffff7b
fffffff8
00000003
fffffd9f
ffffff27
fffffff7
ffffff72
0000007e
ffffffe1
ffffff6b
00000010
00000013
fffffe6e
00000008
00000018
0000002b
00000033
000000b5
ffffffe5
00000155
fffffb17
fffffde3
000001fb
ffffff63
fffffff6
ffffffcb
fffffe7c
00000075
0000005b
0000010b
ffffff48
ffffffe4
00000002
fffffe5f
fffff95c
ffffff38
00000297
ffffffdc
ffffff01
ffffffce
ffffff8c
00000052
000002d8
fffffdce
ffffffe3
0000016f
0000016b
ffffff7b
fffffa9b
00000017
000000a2
0000004d
000000cf
fffffff9
000000f8
0000001c
00000021
ffffffc3
ffffff00
fffff07f
00000175
ffffffeb
00000034
0000008d
000000b4
ffffffcb
ffffffcf
00000179
fffffc24
ffffffb1
00000035
ffffff47
ffffff98
ffffffba
ffffff4c
fffffff9
ffffff94
000000e1
0000006a
00000001
ffffffd9
ffffff96
fffff4a6
00000022
fffffff6
000000e9
fffffe20
000000f4
00000169
ffffff79
0000005c
ffffff48
fffffdf9
00000207
ffffffb0
fffffff9
0000007b
000000f8
ffffff3a
fffffe19
fffffff1
000000e9
000000b3
ffffffed
fffffff8
ffffff57
00000025
00000365
0000002e
ffffff8a
0000003c
000001a5
ffffffce
0000004f
000000ca
fffffffe
000005e2
ffffff62
ffffffc9
ffffff82
00000143
00000067
ffffff12
ffffff8d
fffffffb
ffffffbd
ffffffa7
ffffff9f
ffffffdb
ffffff94
ffffff4f
00000092
000000a5
ffffff3f
00000165
00000361
ffffffac
fffffe82
00000040
0000027a
0000005b
ffffffe2
ffffff84
ffffff52
000000c8
0000294d
00000046
00000010
0000003c
0000006c
00000027
ffffff65
000000b4
00000127
00000097
fffffec6
ffffffe3
000000b6
00000029
000001cd
00000027
ffffff6a
0000000c
ffffff41
ffffffd7
00000249
ffffffc6
fffffece
ffffffd8
00000143
ffffff80
00000062
0000000d
ffffffe3
fffffd52
fffffff3
0000010f
00000123
000000a5
fffffeea
000000e8
000000c8
000000b8
000000cc
ffffff49
fffffff9
fffffeb6
ffffff58
00000146
0000014d
fffffff4
00000215
fffffee6
000000c4
0000004e
ffffff1e
ffffffb8
000000a9
ffffffb7
fffffe85
0000014f
00000049
00000014
fffffea3
fffffecf
ffffffa4
00000090
0000002f
ffffffb6
ffffff3c
fffffdd1
ffffffc6
000000ce
00000033
0000013b
fffffe0a
0000005c
fffffefb
ffffffed
ffffff63
0000018e
fffffe8b
00000074
00000043
ffffff81
00000068
ffffffdd
000000cc
fffffff0
ffffff58
00000071
00000049
ffffff5c
ffffff1f
ffffff94
ffffff69
0000001d
00000014
00000241
00000109
ffffff70
ffffffe2
fffffff2
00000222
00000167
fffffed6
00000004
fffff1c5
0000000d
00000023
000000f0
00000023
ffffff68
00000098
0000014f
fffffed2
000000c2
0000000b
0000001c
00000067
0000015f
ffffffc4
00000021
ffffff87
00000148
ffffff18
fffffffc
00000004
ffffffd9
fffffd50
ffffffde
000000ae
ffffffda
000001aa
fffffda0
00000372
00000039
ffffffe1
fffffee7
00000036
00000024
fffffef3
00000045
ffffff5e
ffffff07
ffffffd4
00000072
00000049
fffffff4
0000000e
00000058
0000011f
000000b0
ffffff91
ffffffcf
fffffe15
fffffe78
0000001d
000000b2
fffffcee
fffffeb8
ffffff64
ffffffd3
000000e6
ffffff24
ffffff8c
fffffe56
fffffe5d
fffffebb
ffffffde
ffffffce
ffffffb3
ffffff7e
ffffff13
00000012
ffffff82
ffffffc9
00000050
ffffff61
fffffff1
0000000b
000000b2
00000039
ffffffdb
000000fe
ffffff5a
000000f3
ffffffee
00000064
0000001f
ffffffb2
ffffff89
ffffffed
ffffff6e
00000004
fffffede
0000012b
00000191
00000115
ffffff54
fffffeb6
ffffff46
ffffff05
00000073
000000aa
00000172
00000075
00000071
00000049
000001a1
000000bb
fffffe54
ffffffe3
0000006a
00000046
00000004
0000000f
00000097
ffffffef
0000006b
ffffffaf
000000c2
000001b8
00000039
ffffff50
ffffffe2
00000083
fffffec8
000000d3
000000e1
000000cb
ffffffd9
fffffdfb
0000000d
000001f7
000000cd
ffffff72
0000009e
ffffff21
000000de
fffffe06
fffffee4
fffffee9
ffffff92
00000221
0000007b
fffffe1f
ffffffcc
ffffff0e
ffffffc5
fffffedf
0000001a
ffffff55
000000a1
fffffedf
ffffffb8
ffffff59
fffffff0
00000051
00000044
ffffff65
00000065
fffffffe
ffffff4d
000001b6
00000059
fffffe35
000000c1
00000008
ffffff21
fffffecb
ffffff9f
ffffff61
00000226
fffffea5
ffffffc5
000000e6
ffffffed
0000000d
ffffffd7
0000005d
ffffff96
ffffffd7
0000002a
00000023
00000074
00000003
00000162
ffffffa3
00000103
ffffff52
0000008d
ffffffcd
fffffe9b
ffffff91
00000044
000000f2
ffffff2e
00000066
fffffeb2
000000e3
fffffefa
00000151
ffffffbd
00000042
0000011a
000002a0
ffffff6c
000000b0
000000bb
fffffef2
000000ad
00000097
00000055
00000005
000000fe
fffffea9
0000001f
fffffea1
00000041
0000005f
fffffffa
00000109
0000011d
00000020
0000004d
ffffff81
0000008c
00000039
ffffffef
ffffff17
ffffffac
ffffffc7
00000144
ffffffc6
00000670
00000023
ffffffda
00000010
000000a9
0000002b
fffffe9a
ffffffe9
000000c7
fffffffd
0000017a
ffffffdd
000000db
0000021d
ffffff38
00000012
000000b4
fffffff6
0000012d
ffffff8a
ffffff9d
ffffff83
fffffe91
ffffff87
ffffff34
00000079
00000037
ffffffb0
0000013d
ffffffe4
ffffffb3
000001e7
00000017
0000019c
000000e9
ffffff72
fffffff2
ffffff1f
fffffe9e
ffffffbc
00000063
fffffd34
ffffff9f
fffffeef
0000003b
00000011
fffffc23
ffffffc8
ffffffff
0000008f
ffffff95
0000004d
00000027
000001db
fffffef2
0000003c
ffffff61
fffffeea
00000059
ffffffbf
00000027
ffffff8d
fffffe7d
00000002
000000a0
0000006e
00000110
fffffff9
ffffff4d
ffffff6a
0000003a
00000074
ffffffd8
ffffff4e
ffffff70
00000082
00000021
fffffe6d
00000098
fffffe96
00000009
ffffffe0
fffffec5
000000a9
0000009f
fffffead
ffffffdf
0000001a
0000008d
ffffffc9
ffffff8c
00000005
00000025
0000010d
00000025
ffffffab
fffffecf
fffffee6
fffffebd
00000067
00000005
00000028
ffffff04
00000264
0000019f
fffffee1
ffffffed
0000009c
fffffe57
0000006b
ffffff5e
ffffff68
0000013e
ffffffec
ffffffb8
00000061
ffffff18
ffffff22
ffffffef
0000002b
ffffff01
00000189
00000190
0000009b
ffffffe1
ffffffca
00000044
000000e5
00000086
000000ad
00000148
0000001b
ffffff44
00000178
00000083
00000000
00000106
ffffffde
000000d9
000000dd
ffffffcc
ffffff00
fffffff9
000000d3
00000000
000000a8
0000007a
fffffdd4
0000006e
fffffff4
ffffff76
0000018b
ffffffb9
fffffe33
0000002f
00000003
ffffff12
00000016
00000039
ffffffbe
0000003b
ffffffc5
ffffffa0
ffffffb3
000000bf
fffffdd8
0000004d
000000db
0000005a
000000ee
ffffff4c
ffffffe4
0000003c
00000114
0000012a
ffffff72
00000102
00000007
ffffffa0
fffffff6
ffffff91
00000094
00000020
000000b7
0000003e
00000127
000001a3
00000006
0000000f
0000058d
000000f8
0000002f
ffffff6c
fffffef4
000000d4
ffffffc5
0000002e
ffffffdf
fffffc21
00000118
0000009b
000000b2
ffffffd5
ffffffe1
ffffff78
00000048
ffffff74
0000003d
00000041
ffffffd6
00000054
00000063
0000006d
ffffff59
ffffff6e
00000016
00000020
00000079
00000060
00000052
fffffeb2
ffffff2a
00000888
ffffffee
fffffe0c
ffffff26
fffffff0
ffffffd2
00000035
ffffff82
0000000c
fffffef5
ffffffdf
00000017
ffffffb5
00000087
ffffff73
00000155
ffffff6a
00000095
ffffffcd
000000c5
0000006a
fffffff9
00000059
fffffcc6
00000078
00000024
000000a8
00000081
ffffff71
000000bf
ffffff45
00000696
000000a1
000000ea
0000010b
00000017
ffffffd8
000000c3
fffffef7
ffffffb7
000000ae
fffffffd
00000131
000001df
fffffeb9
ffffffa2
ffffff2e
00000016
00000016
00000090
000000d7
000001a0
000000a4
000000a7
0000002f
0000010d
fffffedd
0000000e
0000005d
00000093
00000023
00000039
fffffe90
fffffff5
ffffff36
0000001b
ffffffa7
00000083
00000060
ffffffbb
ffffff62
ffffffc8
000000f9
00000032
ffffff51
ffffff89
ffffff97
00000105
ffffffd2
ffffff93
ffffffdd
ffffff95
000001b6
00000023
0000003b
fffffded
00000086
fffffff2
fffffe73
00000057
0000005a
000000ae
0000006d
0000008e
0000003e
0000008c
ffffffe9
00000125
fffffecf
ffffff59
0000005f
ffffff58
0000017f
ffffffef
ffffff1f
00000001
0000016f
0000008c
000001bd
00000150
fffffe2c
00000044
0000019e
ffffffc7
ffffff82
00000047
000000e7
000001aa
ffffffde
ffffff35
000000ff
00000342
0000020a
ffffff5a
00000119
ffffff4a
fffffff4
0000009d
fffffff4
fffffffb
fffffebf
00000107
0000005e
000000d3
0000003f
ffffffc8
00000003
000001c8
000000be
00000052
000001d9
fffffffd
0000008f
fffffe2b
fffffef1
ffffffd2
fffffe61
ffffff7c
fffffff2
ffffff97
ffffff85
0000006c
ffffff70
ffffffac
fffffff2
00000076
ffffffe5
fffffffd
ffffff16
0000021d
00000034
00000017
ffffff30
00000170
fffffdfd
0000009b
00000090
ffffff7a
ffffffdf
ffffffaf
000000dc
fffffe3f
0000011d
ffffff58
00000166
ffffff3e
00000007
0000003e
0000006a
ffffffcf
ffffffc9
fffffe95
0000010f
ffffffdc
ffffffcb
0000016d
000000e5
00000226
ffffffba
000000a5
ffffff9e
0000005a
0000000b
000000d0
000000be
0000005f
ffffffe9
fffffff3
fffffe90
ffffffec
00000193
000000ef
ffffff96
ffffffb6
ffffff56
00000021
0000001a
ffffff5a
00000059
fffffeb5
ffffff2b
000000d3
00000556
000000de
000002c8
ffffffc6
ffffff28
00000029
00000094
0000012d
ffffff79
00000142
00000159
0000004a
ffffff8c
00000043
ffffffea
00000017
00000064
fffffe32
ffffffb9
00000072
fffffe8f
fffffff4
fffffe4c
000002bd
00000108
ffffff6d
ffffffce
00000012
00000137
fffffedc
00000007
00000001
0000006b
ffffffc7
ffffff51
000000fe
ffffffd8
ffffff5e
ffffff7b
00000086
0000000b
ffffff6a
fffffffc
ffffffb0
000000e4
ffffffa5
0000010f
0000001e
0000007e
0000013c
0000004a
fffffffb
ffffff91
fffffff3
fffffebc
000000c2
00000165
fffffe05
000001f5
ffffffdd
00000029
ffffffd5
00000012
0000000d
000000f4
00000028
ffffffd7
0000014b
00000007
00000069
00000058
ffffffe5
ffffffb8
ffffffb0
ffffff6d
00000001
000001d4
00000100
ffffffff
00000172
ffffffc3
ffffff8b
00000063
ffffffed
00000006
ffffff87
000000a8
00000155
000000fb
00000120
00000069
00000054
0000022d
ffffff48
ffffffe8
00000072
0000003f
00000073
ffffffcd
000000b1
fffffffb
00000095
fffffffb
ffffff64
0000019d
ffffffc5
fffffe6f
00000054
00000018
fffffffb
ffffff9e
ffffff5e
ffffffb9
00000075
ffffffd8
ffffffaa
ffffff8f
ffffffa6
00000029
fffffeff
ffffffce
0000003f
0000004d
00000074
00000004
000001a8
000004fa
00000195
ffffffdc
ffffff61
ffffffa8
000000e7
fffffecf
00000003
00000024
ffffff90
ffffffff
fffffefe
000000a6
ffffffc4
ffffffd7
00000060
00000240
ffffffde
ffffff0e
ffffffce
ffffffcc
ffffff95
fffffff5
00000037
00000055
fffffff2
ffffffcf
fffffec2
fffffffe
ffffff9a
000000e2
00000006
00000057
000000a0
000000d0
ffffff2c
fffffef6
ffffffd5
ffffffe3
00000031
fffffee7
ffffff37
fffffe33
00000091
00000000
ffffffd9
fffffdba
ffffffdf
00000045
fffffffb
ffffff81
ffffff68
00000291
00000008
00000028
00000038
fffffffd
ffffffef
0000000f
ffffffef
fffffe8b
00000061
0000003d
ffffffd2
ffffffcf
0000020a
00000190
00000154
ffffffc0
fffffe83
00000033
fffffe7d
000000bc
00000000
ffffff33
ffffff76
0000000b
fffffee8
0000007c
ffffff47
ffffff6c
00000020
00000005
0000004b
ffffff87
00000052
00000130
0000019c
ffffffa9
ffffffa2
fffffeb3
0000010a
ffffffe8
fffffeba
ffffffe3
ffffffb3
ffffffef
ffffffa6
fffffef2
ffffffd7
000000da
00000044
0000010e
ffffffa2
00000110
ffffff50
00000072
00000271
00000122
00000002
ffffffe2
fffffff8
ffffff8d
ffffff78
ffffffff
000000c9
ffffffa2
ffffffa9
00000000
ffffff9c
ffffffa3
ffffff3c
fffffe3c
00000123
00000000
ffffffa0
ffffff4c
000005f7
000000b0
0000006c
fffffe0b
00000004
00000048
000001b5
0000009e
ffffffed
00000218
ffffff9a
000001d4
ffffff00
fffffef2
0000002e
0000001e
ffffffd2
ffffffc1
00000028
ffffff18
00000071
ffffff31
00000041
0000001f
0000005a
0000002a
0000006c
00000012
ffffffc8
0000001d
0000000a
ffffffb3
00000070
ffffffa4
ffffff3e
0000012e
00000117
00000002
fffffff5
000000f2
00000032
0000005c
0000002f
0000016e
00000023
00000061
00000092
ffffff38
ffffffb7
00000006
fffffff0
fffffffe
00000014
fffffff8
ffffff84
fffffe92
00000102
ffffff93
000000dd
0000009a
fffffe65
00000062
00000000
00000020
00000092
ffffffce
00000137
fffffff8
ffffffd3
00000003
00000127
000000d2
000000ff
fffffde9
00000069
fffff981
ffffff00
00000564
fffffffa
ffffff52
ffffff3d
000000f4
ffffff3b
0000005b
00000034
00000137
ffffff71
00000076
00000091
ffffff3f
ffffff24
fffffffe
00000020
00000065
0000001a
ffffffcd
00000079
ffffffa7
fffffefc
0000011d
ffffffef
ffffff4b
ffffffec
0000002c
ffffffff
ffffff3e
fffffea8
ffffffee
00000010
ffffff81
0000001a
00000022
00000055
000000b2
00000045
ffffff7a
ffffffee
000001c7
fffffff8
00000005
fffffa89
fffffe91
00000024
0000000c
ffffff82
0000006c
ffffff1b
00000101
0000000d
fffffffd
00000099
ffffffe0
0000013d
ffffff73
00000087
ffffffc0
0000013f
000000c9
ffffffee
0000003c
ffffff79
00000026
00000108
ffffff99
ffffffe8
fffffee8
fffffb64
ffffff73
fffffffb
fffffff4
fffffe96
00000003
000000c7
00000087
000000ca
ffffff9d
00000002
ffffff68
00000052
fffffdd2
fffffeed
00000034
ffffff61
ffffffed
ffffff5a
fffff924
ffffffeb
00000000
ffffff7a
ffffffef
000000e2
ffffff93
ffffffd0
000000c4
0000000b
00000010
000000d1
ffffff21
fffffe81
ffffff8e
ffffffa8
ffffff63
00000022
ffffff6e
ffffff60
ffffffc5
0000000b
ffffffd1
ffffff93
ffffffff
000000b7
ffffff60
00000000
ffffff54
fffffff2
00000010
ffffffc0
fffffff2
000000f0
fffffea7
ffffff70
00000129
ffffff68
0000009a
fffffeb3
0000008d
00000032
00000136
fffffe92
0000022b
ffffffc5
ffffffc1
ffffffc0
00000078
000000bc
ffffff6c
fffffff6
00000024
ffffff7f
00000022
fffffff4
00000015
00000047
0000005b
ffffffc7
ffffff97
ffffff49
ffffffdb
00000003
fffffec6
000000d4
ffffffd0
00000034
00000057
ffffffac
00000006
0000000d
000000bb
ffffffaa
fffffdd6
0000007b
ffffffca
00000054
fffffebc
ffffffcd
000000d8
000000c8
00000080
ffffff73
0000024f
ffffffdb
ffffffd5
fffffed2
fffffff7
fffffe68
ffffffb1
ffffff62
ffffffee
ffffffbe
ffffffc6
ffffff85
000000a1
ffffffe8
fffffedb
00000056
00000014
0000002b
ffffffbd
00000094
ffffffe6
ffffff10
ffffff84
fffffee8
ffffff2b
0000046b
0000003d
000000ad
00000089
00000090
ffffff51
ffffffcd
ffffff4f
fffffedd
00000154
00000027
00000069
000001a7
ffffff64
fffffb13
fffffe6f
00000045
ffffffcd
00000012
ffffffd3
0000015b
ffffffd8
ffffff70
00000051
0000000d
ffffff8e
fffffe83
ffffff8d
00000029
000000a5
ffffff0f
0000002a
00000183
ffffffe3
ffffff30
0000000f
ffffffd9
ffffffd1
ffffff96
0000007d
ffffffa9
ffffffb2
fffffeea
ffffffd3
00000017
000001c9
ffffffd5
fffffff8
fffffed7
ffffffc7
000000a9
ffffffbf
ffffffe7
ffffff1c
00000021
00000168
fffffeea
000000b0
ffffff23
ffffffea
ffffff3a
fffffff6
00000014
ffffffa0
ffffff5c
00000065
00000046
fffffff3
00000051
ffffffe8
ffffffd9
00000037
000000e4
000000b6
0000009f
0000017c
0000009f
00000034
fffffec2
00000158
00000012
fffffced
000000f3
00000071
00000042
ffffffed
00000026
00000036
00000027
00000060
ffffff99
0000005d
ffffffbf
00000048
ffffffcd
00000024
ffffff5b
fffffff6
0000015d
fffffffe
ffffff6f
000000d1
00000046
ffffff47
fffffd40
00000039
000000cb
000000c6
ffffff39
ffffffed
0000003d
ffffffb0
fffffffc
ffffffdc
ffffffcf
0000001f
00000038
ffffff9f
000000b0
000000e4
ffffff8d
ffffff82
00000006
ffffffd2
00000055
000000ab
ffffffa5
ffffffff
fffffff3
ffffffd0
ffffffef
ffffff08
ffffff5a
000001ec
0000000c
fffffffc
000000ac
0000000b
ffffff9c
fffffff3
000000ec
000000be
00000031
0000000f
00000006
00000038
00000329
000000a4
ffffff4d
00000016
fffffe27
fffffffb
ffffffd3
ffffff58
ffffff96
00000094
00000008
00000111
00000044
ffffffba
00000086
000001af
ffffffdb
00000004
ffffffb9
ffffffff
00000010
00000017
00000028
ffffffe7
00000005
ffffff50
fffffed7
ffffffd0
ffffff3a
fffffef3
ffffffd5
00000001
fffffecc
fffffff2
ffffff5e
0000002b
00000008
ffffff66
00000028
000000ee
0000010c
ffffffd9
ffffff4b
0000001a
ffffff6f
fffffdb7
0000008e
000001a4
ffffff41
00000004
fffffffe
ffffff87
00000089
00000014
ffffff61
ffffffca
ffffffc9
0000000c
ffffffea
0000007c
00000084
ffffffae
fffffffe
000000cb
ffffffab
00000021
0000005b
ffffffd7
000000d5
fffffff1
ffffffc9
ffffff5d
ffffffa2
ffffff8c
ffffff29
0000010c
ffffffc8
000000aa
0000002b
fffffef2
ffffffb8
000000ef
00000130
ffffff8f
00000151
0000005a
0000019f
0000003a
00000016
ffffff1c
00000008
000000df
00000005
00000077
0000002b
ffffffda
00000148
fffffef2
fffffeb3
0000009a
00000007
000000a2
ffffffd2
ffffffda
ffffffb1
ffffffc3
ffffffee
0000002d
ffffff79
ffffffe0
00000058
0000010a
fffffff6
00000088
00000007
00000095
ffffff4b
ffffff63
ffffff6f
0000007b
ffffffdf
ffffffad
ffffff4a
00000008
ffffffe7
0000000d
ffffff5c
ffffffe8
ffffff73
00000063
00000016
0000008d
0000000f
00000032
ffffff91
0000005b
ffffffd5
0000002a
ffffff50
ffffff84
ffffff92
0000009c
fffffe02
00000079
ffffffea
fffffffb
fffffff5
ffffffe4
fffffc37
ffffffc4
000000e1
ffffff74
00000006
000000a6
ffffffff
fffffff7
ffffffba
fffffed9
00000108
00000050
ffffff9a
000000ee
0000001c
000000b8
00000107
ffffff95
ffffffa7
fffffe5c
000000c1
000000fc
00000041
00000119
ffffff63
fffffff7
ffffffff
00000024
ffffff62
ffffffc0
00000074
ffffff2d
ffffffcb
ffffff48
00000005
ffffffea
fffffff3
ffffff58
00000054
0000029e
ffffff70
fffffda0
fffffe9e
ffffff86
ffffff62
00000131
00000139
00000019
00000168
00000072
ffffff21
000000b0
00000044
000000d3
ffffff6e
0000001c
000000bc
000000f5
ffffffd6
fffffff2
fffffee2
ffffff40
ffffffc4
00000083
00000036
0000001d
00000068
ffffff4c
0000000f
fffffffe
00000017
ffffff47
00000040
00000024
ffffff38
000000c0
00000054
00000013
0000000a
000000c0
ffffffe3
ffffff68
ffffffa6
00000003
0000005c
0000009b
ffffffe5
ffffffa8
00000025
00000160
ffffffea
00000001
000000ac
ffffff6c
00000182
ffffffe9
ffffffee
0000007a
ffffff52
00000161
0000013d
0000001b
ffffffca
ffffff97
00000060
000000ad
0000002c
000000e0
ffffff92
ffffffb6
fffffe88
0000005f
ffffff10
ffffffb9
000000bd
00000185
00000033
000000c8
ffffff44
ffffffc8
ffffffcf
0000009b
fffffff3
00000084
ffffff41
000000a6
fffffecc
ffffffaa
00000008
ffffff22
ffffff28
ffffff5d
00000092
000000ae
00000013
00000089
ffffffc6
0000002b
fffffe45
ffffff28
000000bf
ffffff30
0000003a
0000015d
00000006
0000001b
fffffee7
000000a5
000000e2
ffffffe6
ffffff57
00000032
0000003e
00000052
ffffff75
fffffe40
ffffffd5
0000025c
ffffffd9
fffffffb
000001d8
ffffffe8
fffffe55
0000009d
00000030
fffffe52
ffffffe8
00000170
0000003a
fffffffb
ffffff9e
ffffffdf
ffffff15
ffffffcb
ffffffff
000001c4
00000023
ffffffe3
00000018
00000059
ffffff86
00000012
fffffff8
ffffff96
ffffffd6
00000006
00000029
00000033
ffffffa9
ffffff48
0000006b
ffffffe8
0000000a
ffffff9d
00000038
ffffff94
0000013d
000000dd
ffffff80
00000061
ffffff88
00000038
ffffffbc
0000018e
000000b2
ffffff75
ffffffef
00000097
ffffff9a
ffffff93
00000157
0000008b
00000003
0000001b
000000c2
00000062
00000033
00000011
ffffff93
0000003d
0000002e
00000005
ffffffc2
0000011b
00000028
00000024
0000004e
0000003c
00000065
fffffffc
0000005a
fffffffa
ffffffe6
ffffff9a
0000009c
ffffffa1
fffffffe
fffffff8
ffffff50
ffffffb1
ffffff88
ffffffe0
ffffff76
ffffffa6
00000093
0000001f
ffffff2f
00000067
ffffffe7
00000075
00000057
00000016
0000007d
0000007f
00000001
fffffef1
ffffffee
ffffff76
00000013
00000083
0000001b
ffffffe9
00000080
fffffffc
0000004a
000000f5
00000073
00000028
00000063
0000005f
ffffff92
fffffebb
00000041
000000e7
ffffff59
ffffff9a
000000e4
0000003a
ffffff61
0000006f
000000fb
000000fc
000000ca
0000004e
0000000b
0000005b
ffffffde
0000001f
0000000f
00000097
ffffffcf
00000018
ffffff27
0000001c
fffffffc
fffffeff
000000ad
00000096
ffffffb2
00000024
00000046
00000078
ffffffe4
00000099
0000006a
ffffff53
00000022
000000b9
00000110
fffffff9
ffffffec
fffffe73
ffffff4e
000000af
ffffff53
00000128
ffffffca
ffffffe5
ffffff96
fffffe08
ffffff76
fffffec1
00000002
ffffffc7
00000043
ffffff10
ffffffe3
000000d0
00000056
ffffff3a
ffffffa0
ffffff96
00000027
ffffffc1
fffffff8
0000003c
0000002b
fffffffe
ffffffde
00000005
ffffffd6
00000059
ffffffd9
00000094
00000023
ffffffed
00000002
000001a9
000000ad
ffffffa9
fffffe9d
ffffff0e
fffffe7d
ffffffe3
fffffe90
ffffff1a
ffffffda
fffffeee
ffffff89
ffffffde
00000019
0000004e
ffffffa2
00000067
0000002d
00000014
ffffff52
00000001
ffffff44
000000a9
00000018
ffffffe5
0000000c
0000009d
00000011
00000047
00000074
ffffffa2
000000b3
fffffea5
000004ef
00000063
00000238
ffffffb4
00000001
0000012d
00000012
ffffffa2
0000000a
fffffff2
fffffdf9
00000045
ffffffa0
fffffe0b
00000003
ffffffd6
ffffff1e
fffffed9
ffffffe1
00000172
ffffffc6
ffffffef
000000c8
ffffffb3
fffffff3
fffffdba
fffffffd
00000050
ffffff7d
00000118
000000da
ffffffc0
000000ca
ffffff2f
000000d1
000000a9
00000094
00000041
0000000e
ffffff55
0000002f
00000115
000000a5
000000af
ffffffd6
ffffff09
ffffffee
0000006c
00000001
0000002a
0000011d
ffffffe1
ffffffc0
0000011e
0000004c
000001e0
ffffffe0
fffffea6
00000060
ffffff5b
00000191
ffffff4f
0000003a
00000050
00000073
ffffff7e
fffffee0
fffffff9
00000001
ffffffbe
ffffff93
ffffff3a
ffffffe2
fffffff5
00000011
fffffff9
00000093
00000089
000000a5
ffffff22
00000027
ffffff85
ffffff3e
00000018
ffffff26
fffffefd
000000d9
000000b2
ffffffe7
ffffff2a
00000000
00000046
ffffff7b
00000018
ffffffff
00000048
00000193
ffffff7b
00000042
00000119
ffffffe6
ffffff49
00000103
00000009
00000001
00000006
ffffffe3
fffffff6
ffffff4e
000000d4
00000026
ffffff1e
ffffff8e
fffffeaa
0000000b
00000198
0000000d
fffffff6
ffffffdb
ffffff2f
ffffffe3
0000008f
ffffffbf
00000097
ffffffdb
0000005c
0000002d
ffffffe9
ffffff9b
fffffff0
ffffffff
00000003
0000009f
00000035
fffffe51
ffffff83
0000011c
00000019
0000015a
000000fb
0000001e
0000011c
000000fa
ffffff23
0000001b
ffffffe4
ffffff8b
0000004a
000001e2
00000008
ffffffdc
0000000c
00000098
00000090
0000001f
00000023
00000166
ffffffda
fffffeb7
fffffe4b
fffffe9a
fffffff0
ffffffa2
fffffeeb
ffffff41
0000006a
00000004
ffffffb3
ffffff77
0000002e
ffffffe6
ffffffa5
fffffff0
00000061
0000008f
ffffff6d
ffffff3e
ffffffdc
ffffffe9
00000025
00000035
fffffffa
00000062
ffffff6b
00000055
ffffffb8
0000012c
0000000a
ffffff66
fffffff4
00000091
0000014a
ffffff66
ffffffe9
00000065
0000003b
fffffff8
fffffebf
ffffffff
000000be
ffffff97
00000097
00000122
00000003
00000029
fffffece
00000063
000000dc
ffffffca
ffffff8a
ffffff39
ffffffeb
000000d9
ffffffe7
ffffff55
ffffffce
00000081
ffffffb5
0000000f
ffffffc9
ffffff7f
0000007d
fffffb45
ffffffd4
00000007
ffffff79
fffffffc
00000122
00000033
00000008
000000c7
0000000d
fffffef4
0000002d
ffffff85
000000de
0000002c
ffffff92
ffffff8f
00000001
0000007e
fffffff9
00000015
fffffffa
ffffff4f
00000058
0000000c
00000011
fffffff3
ffffff2f
0000006d
ffffff3a
00000031
ffffff41
ffffffca
00000000
00000054
fffffff7
ffffffbd
ffffff9f
ffffffdd
fffffcff
fffffffa
0000004c
00000014
ffffff0a
ffffffc0
ffffff93
00000047
ffffffec
00000158
ffffffa7
fffffff2
00000026
ffffffca
fffffeed
ffffff8f
fffffe50
ffffffa1
000000a4
ffffffb6
0000005d
00000108
000000fd
00000012
fffffffe
00000070
00000031
ffffff09
0000009a
00000014
ffffffb3
ffffff04
ffffff7d
fffffec1
ffffffb2
000000e9
ffffff95
fffffff5
ffffffea
ffffffcc
000000b4
ffffff96
ffffffc5
00000075
ffffff4c
fffffeb2
fffffeea
ffffff51
00000018
00000075
ffffff83
ffffff3b
ffffff18
00000005
ffffff7c
00000014
ffffff05
ffffffeb
00000027
fffffee8
00000040
0000003c
0000002f
0000003c
00000088
fffffffd
000000dd
fffffeae
ffffffd6
ffffffb5
00000048
fffffeed
000000e5
ffffffc0
000001b0
ffffffde
ffffff7d
000000f2
ffffffcf
00000035
fffffe1d
ffffffa3
ffffff01
ffffffca
ffffff3d
ffffff53
00000000
ffffffb6
ffffff51
00000009
fffffea4
00000098
00000072
ffffff01
fffffffb
ffffffa3
ffffff9e
ffffff74
ffffffd7
00000004
000000ea
fffffee8
ffffffca
ffffff98
000000af
00000033
00000097
0000003a
0000001a
000000a6
ffffff5a
0000004f
ffffffe1
00000053
fffffe5b
0000013f
ffffffcb
fffffeaf
00000016
ffffff6f
000000a7
ffffff21
fffffffc
ffffffc0
000000b8
ffffffaf
00000079
0000001a
00000119
000001da
00000006
ffffff8a
ffffff6f
00000102
00000059
ffffffcc
ffffff26
ffffffa9
0000008a
fffffebb
00000064
00000004
fffffe7c
000001ae
ffffff5a
ffffffeb
00000003
ffffffe5
00000015
fffffee6
ffffffcb
0000004a
0000013e
ffffffb0
fffffea4
fffffffe
00000038
fffffede
fffffea5
ffffffc5
ffffffc3
ffffffad
ffffff6b
fffffedb
ffffff88
ffffff94
ffffff75
ffffffda
0000004a
fffffff8
00000030
00000025
00000171
00000061
fffffe34
00000171
fffffef0
ffffffbf
00000027
ffffffc3
ffffffb6
0000004c
ffffffd5
00000020
ffffffc3
000000ad
00000007
00000020
ffffff97
00000191
ffffff73
ffffffbb
00000004
ffffffbb
fffffedc
ffffffeb
ffffffe9
00000073
ffffff83
00000026
0000000b
ffffff9f
0000000f
fffffe48
00000196
fffffffa
00000087
fffffe84
ffffff3c
00000044
fffffee6
ffffffac
fffffed7
00000145
ffffff88
00000017
00000027
00000086
ffffffd3
ffffff2d
ffffffc2
ffffff32
ffffffab
fffffe2b
00000066
ffffffb6
00000090
ffffff08
00000092
0000007d
000000ab
0000005b
ffffffb4
fffffff9
00000011
ffffffe2
0000001d
ffffff8a
00000022
fffffe77
000001a4
ffffffed
00000000
ffffff69
0000001b
0000007a
ffffffb9
0000006c
0000008a
000000be
0000003b
000000b9
000000fe
00000043
000000d6
0000019c
00000035
00000075
ffffffb9
ffffff5d
ffffff61
ffffffbe
fffffeb2
ffffff45
00000196
00000002
ffffffe4
fffffda6
00000045
fffffff7
ffffffde
ffffff31
00000006
0000009c
ffffff0b
00000077
ffffff01
00000001
000000f7
00000046
0000009c
ffffffdb
fffffffd
ffffffb5
0000007f
ffffff68
00000040
ffffff8b
00000006
0000007a
fffffffd
00000001
ffffffe3
ffffff2a
ffffff1c
ffffff69
00000022
00000039
ffffff51
00000009
ffffffa9
00000072
ffffff05
00000003
ffffff7e
ffffff6a
ffffff75
0000002e
ffffffb8
ffffffdf
00000138
fffffee8
00000001
ffffff41
000001a6
00000007
00000061
ffffffd3
000000c2
ffffffd7
ffffff73
ffffffec
0000006a
ffffffcf
0000007d
00000036
0000014d
ffffffd2
00000026
fffffffb
0000001e
00000009
ffffff9e
00000105
ffffffec
ffffff53
ffffff25
0000007a
0000012c
ffffffe4
0000002f
ffffffc9
ffffffa9
ffffffb2
000000c0
00000021
00000074
ffffff1d
ffffffa9
00000075
ffffffd8
00000012
fffffff7
ffffffdd
00000010
0000004d
fffffe94
ffffff68
00000000
0000005b
000000e3
00000058
000000ab
ffffff63
fffffffa
ffffffea
00000033
000000c7
0000000f
fffffeed
ffffffb3
fffffffc
ffffff1d
0000005b
fffffe66
ffffff60
00000055
0000008b
fffffefa
0000003a
00000183
fffffff0
00000030
00000011
fffffecb
000000ce
00000016
ffffffe4
00000001
00000015
00000086
fffffff3
000000b3
ffffffc2
ffffffc4
ffffff99
00000011
0000005c
ffffffff
00000046
00000007
00000009
0000002f
00000091
ffffffe1
0000000a
00000069
ffffffcb
00000021
0000001f
00000039
ffffff9d
ffffffe8
ffffffe5
ffffff25
fffffffd
ffffff97
0000004f
000000a3
fffffe8e
00000027
000000a4
fffffff6
0000009d
00000075
00000034
ffffffc2
ffffffed
000000d2
000000da
00000034
ffffffda
ffffff3f
0000000f
fffffedd
fffffd95
0000012f
fffffe45
0000000a
ffffff4b
ffffffff
ffffffa1
00000143
00000031
0000006c
ffffffff
00000002
000000b5
ffffff43
0000001c
fffffff5
00000012
ffffffd7
ffffff50
00000068
fffffec5
000000b0
00000103
000000c0
ffffff09
00000088
fffffffe
00000041
ffffffe6
ffffff86
0000002a
00000020
00000031
ffffffae
00000067
ffffffa3
00000046
ffffff0d
ffffffc9
0000006c
00000115
fffffecf
ffffffcb
00000035
fffffeac
fffffffe
0000008c
0000018b
fffffff3
00000005
ffffff79
ffffff1f
ffffffc6
ffffffc3
00000022
00000174
00000059
ffffffd3
ffffffa4
0000000d
00000065
0000003f
00000067
0000000c
ffffffd9
00000003
ffffffe6
ffffff64
ffffffb6
fffffec0
ffffff03
00000073
00000080
fffffeb5
ffffff30
00000017
ffffff43
0000001f
00000047
ffffffd0
ffffff53
0000000b
00000026
0000018f
00000020
00000095
ffffff34
0000003c
00000029
ffffffdc
ffffff8c
ffffffad
0000004b
0000006a
00000036
0000000d
0000000d
000001a3
0000001a
0000005d
ffffff63
ffffff46
ffffff67
000000b4
ffffffd6
00000020
fffffd92
ffffffed
ffffff8c
000000b5
ffffffea
ffffffdf
00000006
00000125
ffffffd6
ffffffe3
ffffff14
00000054
0000010b
0000002e
ffffffef
00000010
000000fe
000000a0
00000051
0000004f
00000042
00000001
fffffec6
fffffefe
fffffeee
ffffffbd
fffffeb7
00000005
00000185
0000002e
ffffffe7
ffffff67
00000004
ffffff5b
00000086
0000008e
000000c3
0000000d
ffffffd2
ffffffdc
ffffffff
000000d6
00000207
00000004
ffffff48
ffffffbb
fffffffd
ffffffa8
000000c7
ffffff34
00000015
fffffee6
fffffffe
ffffffed
ffffffca
fffffe75
ffffffd8
00000005
ffffff29
ffffffa6
00000012
0000008b
fffffffd
00000006
ffffff61
fffffee1
ffffff04
ffffffcf
ffffff0f
fffffff0
ffffffc9
fffffff7
00000053
fffffee1
fffffff1
fffffff7
ffffff7b
ffffffd8
ffffffaa
0000019a
00000096
0000008b
fffffff1
00000098
00000024
ffffff99
000000fc
00000097
000000d2
000000ad
00000085
ffffffa6
00000009
fffffe49
fffffe9b
ffffff0a
000003cd
000000bc
00000000
00000000
00000000
00000000
00000000
00000000
00000000
00000000
00000000
00000000
00000000
00000000
00000000
00000000
00000000
00000000
00000000
00000000
00000000
00000000
00000000
00000000
00000000
00000000
00000000
00000000
00000000
00000000
00000000
00000000
00000000
00000000
00000000
00000000
00000000
00000000
00000000
00000000
00000000
00000000
00000000
00000000
00000000
00000000
00000000
00000000
00000000
00000000
00000000
00000000
00000000
00000000
00000000
00000000
00000000
00000000
00000000
00000000
00000000
00000000
00000000
00000000
00000000
00000000
00000000
00000000
00000000
00000000
00000000
00000000
00000000
00000000
00000000
00000000
00000000
00000000
00000000
00000000
00000000
00000000
00000000
00000000
00000000
00000000
00000000
00000000
00000000
00000000
00000000
00000000
00000000
00000000
00000000
00000000
00000000
00000000
00000000
00000000
00000000
00000000
00000000
00000000
00000000
00000000
00000000
00000000
00000000
00000000
00000000
00000000
00000000
00000000
00000000
00000000
00000000
00000000
00000000
00000000
00000000
00000000
00000000
00000000
00000000
00000000
00000000
00000000
00000000
00000000
00000000
00000000
00000000
00000000
00000000
00000000
00000000
00000000
00000000
00000000
00000000
00000000
00000000
00000000
00000000
00000000
00000000
00000000
00000000
00000000
00000000
00000000
00000000
00000000
00000000
00000000
00000000
00000000
00000000
00000000
00000000
00000000
00000000
00000000
00000000
00000000
00000000
00000000
00000000
00000000
00000000
00000000
00000000
00000000
00000000
00000000
00000000
00000000
00000000
00000000
00000000
00000000
00000000
00000000
00000000
00000000
00000000
00000000
00000000
00000000
00000000
00000000
00000000
00000000
00000000
00000000
00000000
00000000
00000000
00000000
00000000
00000000
00000000
00000000
00000000
00000000
00000000
00000000
00000000
00000000
00000000
00000000
00000000
00000000
00000000
00000000
00000000
00000000
00000000
00000000
00000000
00000000
00000000
00000000
00000000
00000000
00000000
00000000
00000000
00000000
00000000
00000000
00000000
00000000
00000000
00000000
00000000
00000000
00000000
00000000
00000000
00000000
00000000
00000000
00000000
00000000
00000000
00000000
00000000
00000000
00000000
00000000
00000000
00000000
00000000
00000000
00000000
00000000
00000000
00000000
00000000
00000000
00000000
00000000
00000000
00000000
00000000
00000000
00000000
00000000
00000000
00000000
00000000
00000000
00000000
00000000
00000000
00000000
00000000
00000000
00000000
00000000
00000000
00000000
00000000
00000000
00000000
00000000
00000000
00000000
00000000
00000000
00000000
00000000
00000000
00000000
00000000
00000000
00000000
00000000
00000000
00000000
00000000
00000000
00000000
00000000
00000000
00000000
00000000
00000000
00000000
00000000
00000000
00000000
00000000
00000000
00000000
00000000
00000000
00000000
00000000
00000000
00000000
00000000
00000000
00000000
00000000
00000000
00000000
00000000
00000000
00000000
00000000
00000000
00000000
00000000
00000000
00000000
00000000
00000000
00000000
00000000
00000000
00000000
00000000
00000000
00000000
00000000
00000000
00000000
00000000
00000000
00000000
00000000
00000000
00000000
00000000
00000000
00000000
00000000
00000000
00000000
00000000
00000000
00000000
00000000
00000000
00000000
00000000
00000000
00000000
00000000
00000000
00000000
00000000
00000000
00000000
00000000
00000000
00000000
00000000
00000000
00000000
00000000
00000000
00000000
00000000
00000000
00000000
00000000
00000000
00000000
00000000
00000000
00000000
00000000
00000000
00000000
00000000
00000000
00000000
00000000
00000000
00000000
00000000
00000000
00000000
00000000
00000000
00000000
00000000
00000000
00000000
00000000
00000000
00000000
00000000
00000000
