cycle,run,start,busy,done,error,saturation,state,norm_state,sum_busy,sum_done,sqrt_busy,sqrt_done,div_busy,div_done,apply_busy,apply_done,sum_index,apply_index
0,1,0,0,0,0,0,0,0,0,0,0,0,0,0,0,0,0x000,0x000
1,1,1,0,0,0,0,0,0,0,0,0,0,0,0,0,0,0x000,0x000
2,1,0,1,0,0,0,1,0,0,0,0,0,0,0,0,0,0x000,0x000
3,1,0,1,0,0,0,2,1,0,0,0,0,0,0,0,0,0x000,0x000
4,1,0,1,0,0,0,2,2,1,0,0,0,0,0,0,0,0x000,0x000
5,1,0,1,0,0,0,2,2,1,0,0,0,0,0,0,0,0x001,0x000
6,1,0,1,0,0,0,2,2,1,0,0,0,0,0,0,0,0x002,0x000
7,1,0,1,0,0,0,2,2,1,0,0,0,0,0,0,0,0x003,0x000
8,1,0,1,0,0,0,2,2,1,0,0,0,0,0,0,0,0x004,0x000
9,1,0,1,0,0,0,2,2,1,0,0,0,0,0,0,0,0x005,0x000
10,1,0,1,0,0,0,2,2,1,0,0,0,0,0,0,0,0x006,0x000
11,1,0,1,0,0,0,2,2,1,0,0,0,0,0,0,0,0x007,0x000
12,1,0,1,0,0,0,2,2,1,0,0,0,0,0,0,0,0x008,0x000
13,1,0,1,0,0,0,2,2,1,0,0,0,0,0,0,0,0x009,0x000
14,1,0,1,0,0,0,2,2,1,0,0,0,0,0,0,0,0x00a,0x000
15,1,0,1,0,0,0,2,2,1,0,0,0,0,0,0,0,0x00b,0x000
16,1,0,1,0,0,0,2,2,1,0,0,0,0,0,0,0,0x00c,0x000
17,1,0,1,0,0,0,2,2,1,0,0,0,0,0,0,0,0x00d,0x000
18,1,0,1,0,0,0,2,2,1,0,0,0,0,0,0,0,0x00e,0x000
19,1,0,1,0,0,0,2,2,1,0,0,0,0,0,0,0,0x00f,0x000
20,1,0,1,0,0,0,2,2,1,0,0,0,0,0,0,0,0x010,0x000
21,1,0,1,0,0,0,2,2,1,0,0,0,0,0,0,0,0x011,0x000
22,1,0,1,0,0,0,2,2,1,0,0,0,0,0,0,0,0x012,0x000
23,1,0,1,0,0,0,2,2,1,0,0,0,0,0,0,0,0x013,0x000
24,1,0,1,0,0,0,2,2,1,0,0,0,0,0,0,0,0x014,0x000
25,1,0,1,0,0,0,2,2,1,0,0,0,0,0,0,0,0x015,0x000
26,1,0,1,0,0,0,2,2,1,0,0,0,0,0,0,0,0x016,0x000
27,1,0,1,0,0,0,2,2,1,0,0,0,0,0,0,0,0x017,0x000
28,1,0,1,0,0,0,2,2,1,0,0,0,0,0,0,0,0x018,0x000
29,1,0,1,0,0,0,2,2,1,0,0,0,0,0,0,0,0x019,0x000
30,1,0,1,0,0,0,2,2,1,0,0,0,0,0,0,0,0x01a,0x000
31,1,0,1,0,0,0,2,2,1,0,0,0,0,0,0,0,0x01b,0x000
32,1,0,1,0,0,0,2,2,1,0,0,0,0,0,0,0,0x01c,0x000
33,1,0,1,0,0,0,2,2,1,0,0,0,0,0,0,0,0x01d,0x000
34,1,0,1,0,0,0,2,2,1,0,0,0,0,0,0,0,0x01e,0x000
35,1,0,1,0,0,0,2,2,1,0,0,0,0,0,0,0,0x01f,0x000
36,1,0,1,0,0,0,2,2,1,0,0,0,0,0,0,0,0x020,0x000
37,1,0,1,0,0,0,2,2,1,0,0,0,0,0,0,0,0x021,0x000
38,1,0,1,0,0,0,2,2,1,0,0,0,0,0,0,0,0x022,0x000
39,1,0,1,0,0,0,2,2,1,0,0,0,0,0,0,0,0x023,0x000
40,1,0,1,0,0,0,2,2,1,0,0,0,0,0,0,0,0x024,0x000
41,1,0,1,0,0,0,2,2,1,0,0,0,0,0,0,0,0x025,0x000
42,1,0,1,0,0,0,2,2,1,0,0,0,0,0,0,0,0x026,0x000
43,1,0,1,0,0,0,2,2,1,0,0,0,0,0,0,0,0x027,0x000
44,1,0,1,0,0,0,2,2,1,0,0,0,0,0,0,0,0x028,0x000
45,1,0,1,0,0,0,2,2,1,0,0,0,0,0,0,0,0x029,0x000
46,1,0,1,0,0,0,2,2,1,0,0,0,0,0,0,0,0x02a,0x000
47,1,0,1,0,0,0,2,2,1,0,0,0,0,0,0,0,0x02b,0x000
48,1,0,1,0,0,0,2,2,1,0,0,0,0,0,0,0,0x02c,0x000
49,1,0,1,0,0,0,2,2,1,0,0,0,0,0,0,0,0x02d,0x000
50,1,0,1,0,0,0,2,2,1,0,0,0,0,0,0,0,0x02e,0x000
51,1,0,1,0,0,0,2,2,1,0,0,0,0,0,0,0,0x02f,0x000
52,1,0,1,0,0,0,2,2,1,0,0,0,0,0,0,0,0x030,0x000
53,1,0,1,0,0,0,2,2,1,0,0,0,0,0,0,0,0x031,0x000
54,1,0,1,0,0,0,2,2,1,0,0,0,0,0,0,0,0x032,0x000
55,1,0,1,0,0,0,2,2,1,0,0,0,0,0,0,0,0x033,0x000
56,1,0,1,0,0,0,2,2,1,0,0,0,0,0,0,0,0x034,0x000
57,1,0,1,0,0,0,2,2,1,0,0,0,0,0,0,0,0x035,0x000
58,1,0,1,0,0,0,2,2,1,0,0,0,0,0,0,0,0x036,0x000
59,1,0,1,0,0,0,2,2,1,0,0,0,0,0,0,0,0x037,0x000
60,1,0,1,0,0,0,2,2,1,0,0,0,0,0,0,0,0x038,0x000
61,1,0,1,0,0,0,2,2,1,0,0,0,0,0,0,0,0x039,0x000
62,1,0,1,0,0,0,2,2,1,0,0,0,0,0,0,0,0x03a,0x000
63,1,0,1,0,0,0,2,2,1,0,0,0,0,0,0,0,0x03b,0x000
64,1,0,1,0,0,0,2,2,1,0,0,0,0,0,0,0,0x03c,0x000
65,1,0,1,0,0,0,2,2,1,0,0,0,0,0,0,0,0x03d,0x000
66,1,0,1,0,0,0,2,2,1,0,0,0,0,0,0,0,0x03e,0x000
67,1,0,1,0,0,0,2,2,1,0,0,0,0,0,0,0,0x03f,0x000
68,1,0,1,0,0,0,2,2,1,0,0,0,0,0,0,0,0x040,0x000
69,1,0,1,0,0,0,2,2,1,0,0,0,0,0,0,0,0x041,0x000
70,1,0,1,0,0,0,2,2,1,0,0,0,0,0,0,0,0x042,0x000
71,1,0,1,0,0,0,2,2,1,0,0,0,0,0,0,0,0x043,0x000
72,1,0,1,0,0,0,2,2,1,0,0,0,0,0,0,0,0x044,0x000
73,1,0,1,0,0,0,2,2,1,0,0,0,0,0,0,0,0x045,0x000
74,1,0,1,0,0,0,2,2,1,0,0,0,0,0,0,0,0x046,0x000
75,1,0,1,0,0,0,2,2,1,0,0,0,0,0,0,0,0x047,0x000
76,1,0,1,0,0,0,2,2,1,0,0,0,0,0,0,0,0x048,0x000
77,1,0,1,0,0,0,2,2,1,0,0,0,0,0,0,0,0x049,0x000
78,1,0,1,0,0,0,2,2,1,0,0,0,0,0,0,0,0x04a,0x000
79,1,0,1,0,0,0,2,2,1,0,0,0,0,0,0,0,0x04b,0x000
80,1,0,1,0,0,0,2,2,1,0,0,0,0,0,0,0,0x04c,0x000
81,1,0,1,0,0,0,2,2,1,0,0,0,0,0,0,0,0x04d,0x000
82,1,0,1,0,0,0,2,2,1,0,0,0,0,0,0,0,0x04e,0x000
83,1,0,1,0,0,0,2,2,1,0,0,0,0,0,0,0,0x04f,0x000
84,1,0,1,0,0,0,2,2,1,0,0,0,0,0,0,0,0x050,0x000
85,1,0,1,0,0,0,2,2,1,0,0,0,0,0,0,0,0x051,0x000
86,1,0,1,0,0,0,2,2,1,0,0,0,0,0,0,0,0x052,0x000
87,1,0,1,0,0,0,2,2,1,0,0,0,0,0,0,0,0x053,0x000
88,1,0,1,0,0,0,2,2,1,0,0,0,0,0,0,0,0x054,0x000
89,1,0,1,0,0,0,2,2,1,0,0,0,0,0,0,0,0x055,0x000
90,1,0,1,0,0,0,2,2,1,0,0,0,0,0,0,0,0x056,0x000
91,1,0,1,0,0,0,2,2,1,0,0,0,0,0,0,0,0x057,0x000
92,1,0,1,0,0,0,2,2,1,0,0,0,0,0,0,0,0x058,0x000
93,1,0,1,0,0,0,2,2,1,0,0,0,0,0,0,0,0x059,0x000
94,1,0,1,0,0,0,2,2,1,0,0,0,0,0,0,0,0x05a,0x000
95,1,0,1,0,0,0,2,2,1,0,0,0,0,0,0,0,0x05b,0x000
96,1,0,1,0,0,0,2,2,1,0,0,0,0,0,0,0,0x05c,0x000
97,1,0,1,0,0,0,2,2,1,0,0,0,0,0,0,0,0x05d,0x000
98,1,0,1,0,0,0,2,2,1,0,0,0,0,0,0,0,0x05e,0x000
99,1,0,1,0,0,0,2,2,1,0,0,0,0,0,0,0,0x05f,0x000
100,1,0,1,0,0,0,2,2,1,0,0,0,0,0,0,0,0x060,0x000
101,1,0,1,0,0,0,2,2,1,0,0,0,0,0,0,0,0x061,0x000
102,1,0,1,0,0,0,2,2,1,0,0,0,0,0,0,0,0x062,0x000
103,1,0,1,0,0,0,2,2,1,0,0,0,0,0,0,0,0x063,0x000
104,1,0,1,0,0,0,2,2,1,0,0,0,0,0,0,0,0x064,0x000
105,1,0,1,0,0,0,2,2,1,0,0,0,0,0,0,0,0x065,0x000
106,1,0,1,0,0,0,2,2,1,0,0,0,0,0,0,0,0x066,0x000
107,1,0,1,0,0,0,2,2,1,0,0,0,0,0,0,0,0x067,0x000
108,1,0,1,0,0,0,2,2,1,0,0,0,0,0,0,0,0x068,0x000
109,1,0,1,0,0,0,2,2,1,0,0,0,0,0,0,0,0x069,0x000
110,1,0,1,0,0,0,2,2,1,0,0,0,0,0,0,0,0x06a,0x000
111,1,0,1,0,0,0,2,2,1,0,0,0,0,0,0,0,0x06b,0x000
112,1,0,1,0,0,0,2,2,1,0,0,0,0,0,0,0,0x06c,0x000
113,1,0,1,0,0,0,2,2,1,0,0,0,0,0,0,0,0x06d,0x000
114,1,0,1,0,0,0,2,2,1,0,0,0,0,0,0,0,0x06e,0x000
115,1,0,1,0,0,0,2,2,1,0,0,0,0,0,0,0,0x06f,0x000
116,1,0,1,0,0,0,2,2,1,0,0,0,0,0,0,0,0x070,0x000
117,1,0,1,0,0,0,2,2,1,0,0,0,0,0,0,0,0x071,0x000
118,1,0,1,0,0,0,2,2,1,0,0,0,0,0,0,0,0x072,0x000
119,1,0,1,0,0,0,2,2,1,0,0,0,0,0,0,0,0x073,0x000
120,1,0,1,0,0,0,2,2,1,0,0,0,0,0,0,0,0x074,0x000
121,1,0,1,0,0,0,2,2,1,0,0,0,0,0,0,0,0x075,0x000
122,1,0,1,0,0,0,2,2,1,0,0,0,0,0,0,0,0x076,0x000
123,1,0,1,0,0,0,2,2,1,0,0,0,0,0,0,0,0x077,0x000
124,1,0,1,0,0,0,2,2,1,0,0,0,0,0,0,0,0x078,0x000
125,1,0,1,0,0,0,2,2,1,0,0,0,0,0,0,0,0x079,0x000
126,1,0,1,0,0,0,2,2,1,0,0,0,0,0,0,0,0x07a,0x000
127,1,0,1,0,0,0,2,2,1,0,0,0,0,0,0,0,0x07b,0x000
128,1,0,1,0,0,0,2,2,1,0,0,0,0,0,0,0,0x07c,0x000
129,1,0,1,0,0,0,2,2,1,0,0,0,0,0,0,0,0x07d,0x000
130,1,0,1,0,0,0,2,2,1,0,0,0,0,0,0,0,0x07e,0x000
131,1,0,1,0,0,0,2,2,1,0,0,0,0,0,0,0,0x07f,0x000
132,1,0,1,0,0,0,2,2,1,0,0,0,0,0,0,0,0x080,0x000
133,1,0,1,0,0,0,2,2,1,0,0,0,0,0,0,0,0x081,0x000
134,1,0,1,0,0,0,2,2,1,0,0,0,0,0,0,0,0x082,0x000
135,1,0,1,0,0,0,2,2,1,0,0,0,0,0,0,0,0x083,0x000
136,1,0,1,0,0,0,2,2,1,0,0,0,0,0,0,0,0x084,0x000
137,1,0,1,0,0,0,2,2,1,0,0,0,0,0,0,0,0x085,0x000
138,1,0,1,0,0,0,2,2,1,0,0,0,0,0,0,0,0x086,0x000
139,1,0,1,0,0,0,2,2,1,0,0,0,0,0,0,0,0x087,0x000
140,1,0,1,0,0,0,2,2,1,0,0,0,0,0,0,0,0x088,0x000
141,1,0,1,0,0,0,2,2,1,0,0,0,0,0,0,0,0x089,0x000
142,1,0,1,0,0,0,2,2,1,0,0,0,0,0,0,0,0x08a,0x000
143,1,0,1,0,0,0,2,2,1,0,0,0,0,0,0,0,0x08b,0x000
144,1,0,1,0,0,0,2,2,1,0,0,0,0,0,0,0,0x08c,0x000
145,1,0,1,0,0,0,2,2,1,0,0,0,0,0,0,0,0x08d,0x000
146,1,0,1,0,0,0,2,2,1,0,0,0,0,0,0,0,0x08e,0x000
147,1,0,1,0,0,0,2,2,1,0,0,0,0,0,0,0,0x08f,0x000
148,1,0,1,0,0,0,2,2,1,0,0,0,0,0,0,0,0x090,0x000
149,1,0,1,0,0,0,2,2,1,0,0,0,0,0,0,0,0x091,0x000
150,1,0,1,0,0,0,2,2,1,0,0,0,0,0,0,0,0x092,0x000
151,1,0,1,0,0,0,2,2,1,0,0,0,0,0,0,0,0x093,0x000
152,1,0,1,0,0,0,2,2,1,0,0,0,0,0,0,0,0x094,0x000
153,1,0,1,0,0,0,2,2,1,0,0,0,0,0,0,0,0x095,0x000
154,1,0,1,0,0,0,2,2,1,0,0,0,0,0,0,0,0x096,0x000
155,1,0,1,0,0,0,2,2,1,0,0,0,0,0,0,0,0x097,0x000
156,1,0,1,0,0,0,2,2,1,0,0,0,0,0,0,0,0x098,0x000
157,1,0,1,0,0,0,2,2,1,0,0,0,0,0,0,0,0x099,0x000
158,1,0,1,0,0,0,2,2,1,0,0,0,0,0,0,0,0x09a,0x000
159,1,0,1,0,0,0,2,2,1,0,0,0,0,0,0,0,0x09b,0x000
160,1,0,1,0,0,0,2,2,1,0,0,0,0,0,0,0,0x09c,0x000
161,1,0,1,0,0,0,2,2,1,0,0,0,0,0,0,0,0x09d,0x000
162,1,0,1,0,0,0,2,2,1,0,0,0,0,0,0,0,0x09e,0x000
163,1,0,1,0,0,0,2,2,1,0,0,0,0,0,0,0,0x09f,0x000
164,1,0,1,0,0,0,2,2,1,0,0,0,0,0,0,0,0x0a0,0x000
165,1,0,1,0,0,0,2,2,1,0,0,0,0,0,0,0,0x0a1,0x000
166,1,0,1,0,0,0,2,2,1,0,0,0,0,0,0,0,0x0a2,0x000
167,1,0,1,0,0,0,2,2,1,0,0,0,0,0,0,0,0x0a3,0x000
168,1,0,1,0,0,0,2,2,1,0,0,0,0,0,0,0,0x0a4,0x000
169,1,0,1,0,0,0,2,2,1,0,0,0,0,0,0,0,0x0a5,0x000
170,1,0,1,0,0,0,2,2,1,0,0,0,0,0,0,0,0x0a6,0x000
171,1,0,1,0,0,0,2,2,1,0,0,0,0,0,0,0,0x0a7,0x000
172,1,0,1,0,0,0,2,2,1,0,0,0,0,0,0,0,0x0a8,0x000
173,1,0,1,0,0,0,2,2,1,0,0,0,0,0,0,0,0x0a9,0x000
174,1,0,1,0,0,0,2,2,1,0,0,0,0,0,0,0,0x0aa,0x000
175,1,0,1,0,0,0,2,2,1,0,0,0,0,0,0,0,0x0ab,0x000
176,1,0,1,0,0,0,2,2,1,0,0,0,0,0,0,0,0x0ac,0x000
177,1,0,1,0,0,0,2,2,1,0,0,0,0,0,0,0,0x0ad,0x000
178,1,0,1,0,0,0,2,2,1,0,0,0,0,0,0,0,0x0ae,0x000
179,1,0,1,0,0,0,2,2,1,0,0,0,0,0,0,0,0x0af,0x000
180,1,0,1,0,0,0,2,2,1,0,0,0,0,0,0,0,0x0b0,0x000
181,1,0,1,0,0,0,2,2,1,0,0,0,0,0,0,0,0x0b1,0x000
182,1,0,1,0,0,0,2,2,1,0,0,0,0,0,0,0,0x0b2,0x000
183,1,0,1,0,0,0,2,2,1,0,0,0,0,0,0,0,0x0b3,0x000
184,1,0,1,0,0,0,2,2,1,0,0,0,0,0,0,0,0x0b4,0x000
185,1,0,1,0,0,0,2,2,1,0,0,0,0,0,0,0,0x0b5,0x000
186,1,0,1,0,0,0,2,2,1,0,0,0,0,0,0,0,0x0b6,0x000
187,1,0,1,0,0,0,2,2,1,0,0,0,0,0,0,0,0x0b7,0x000
188,1,0,1,0,0,0,2,2,1,0,0,0,0,0,0,0,0x0b8,0x000
189,1,0,1,0,0,0,2,2,1,0,0,0,0,0,0,0,0x0b9,0x000
190,1,0,1,0,0,0,2,2,1,0,0,0,0,0,0,0,0x0ba,0x000
191,1,0,1,0,0,0,2,2,1,0,0,0,0,0,0,0,0x0bb,0x000
192,1,0,1,0,0,0,2,2,1,0,0,0,0,0,0,0,0x0bc,0x000
193,1,0,1,0,0,0,2,2,1,0,0,0,0,0,0,0,0x0bd,0x000
194,1,0,1,0,0,0,2,2,1,0,0,0,0,0,0,0,0x0be,0x000
195,1,0,1,0,0,0,2,2,1,0,0,0,0,0,0,0,0x0bf,0x000
196,1,0,1,0,0,0,2,2,1,0,0,0,0,0,0,0,0x0c0,0x000
197,1,0,1,0,0,0,2,2,1,0,0,0,0,0,0,0,0x0c1,0x000
198,1,0,1,0,0,0,2,2,1,0,0,0,0,0,0,0,0x0c2,0x000
199,1,0,1,0,0,0,2,2,1,0,0,0,0,0,0,0,0x0c3,0x000
200,1,0,1,0,0,0,2,2,1,0,0,0,0,0,0,0,0x0c4,0x000
201,1,0,1,0,0,0,2,2,1,0,0,0,0,0,0,0,0x0c5,0x000
202,1,0,1,0,0,0,2,2,1,0,0,0,0,0,0,0,0x0c6,0x000
203,1,0,1,0,0,0,2,2,1,0,0,0,0,0,0,0,0x0c7,0x000
204,1,0,1,0,0,0,2,2,1,0,0,0,0,0,0,0,0x0c8,0x000
205,1,0,1,0,0,0,2,2,1,0,0,0,0,0,0,0,0x0c9,0x000
206,1,0,1,0,0,0,2,2,1,0,0,0,0,0,0,0,0x0ca,0x000
207,1,0,1,0,0,0,2,2,1,0,0,0,0,0,0,0,0x0cb,0x000
208,1,0,1,0,0,0,2,2,1,0,0,0,0,0,0,0,0x0cc,0x000
209,1,0,1,0,0,0,2,2,1,0,0,0,0,0,0,0,0x0cd,0x000
210,1,0,1,0,0,0,2,2,1,0,0,0,0,0,0,0,0x0ce,0x000
211,1,0,1,0,0,0,2,2,1,0,0,0,0,0,0,0,0x0cf,0x000
212,1,0,1,0,0,0,2,2,1,0,0,0,0,0,0,0,0x0d0,0x000
213,1,0,1,0,0,0,2,2,1,0,0,0,0,0,0,0,0x0d1,0x000
214,1,0,1,0,0,0,2,2,1,0,0,0,0,0,0,0,0x0d2,0x000
215,1,0,1,0,0,0,2,2,1,0,0,0,0,0,0,0,0x0d3,0x000
216,1,0,1,0,0,0,2,2,1,0,0,0,0,0,0,0,0x0d4,0x000
217,1,0,1,0,0,0,2,2,1,0,0,0,0,0,0,0,0x0d5,0x000
218,1,0,1,0,0,0,2,2,1,0,0,0,0,0,0,0,0x0d6,0x000
219,1,0,1,0,0,0,2,2,1,0,0,0,0,0,0,0,0x0d7,0x000
220,1,0,1,0,0,0,2,2,1,0,0,0,0,0,0,0,0x0d8,0x000
221,1,0,1,0,0,0,2,2,1,0,0,0,0,0,0,0,0x0d9,0x000
222,1,0,1,0,0,0,2,2,1,0,0,0,0,0,0,0,0x0da,0x000
223,1,0,1,0,0,0,2,2,1,0,0,0,0,0,0,0,0x0db,0x000
224,1,0,1,0,0,0,2,2,1,0,0,0,0,0,0,0,0x0dc,0x000
225,1,0,1,0,0,0,2,2,1,0,0,0,0,0,0,0,0x0dd,0x000
226,1,0,1,0,0,0,2,2,1,0,0,0,0,0,0,0,0x0de,0x000
227,1,0,1,0,0,0,2,2,1,0,0,0,0,0,0,0,0x0df,0x000
228,1,0,1,0,0,0,2,2,1,0,0,0,0,0,0,0,0x0e0,0x000
229,1,0,1,0,0,0,2,2,1,0,0,0,0,0,0,0,0x0e1,0x000
230,1,0,1,0,0,0,2,2,1,0,0,0,0,0,0,0,0x0e2,0x000
231,1,0,1,0,0,0,2,2,1,0,0,0,0,0,0,0,0x0e3,0x000
232,1,0,1,0,0,0,2,2,1,0,0,0,0,0,0,0,0x0e4,0x000
233,1,0,1,0,0,0,2,2,1,0,0,0,0,0,0,0,0x0e5,0x000
234,1,0,1,0,0,0,2,2,1,0,0,0,0,0,0,0,0x0e6,0x000
235,1,0,1,0,0,0,2,2,1,0,0,0,0,0,0,0,0x0e7,0x000
236,1,0,1,0,0,0,2,2,1,0,0,0,0,0,0,0,0x0e8,0x000
237,1,0,1,0,0,0,2,2,1,0,0,0,0,0,0,0,0x0e9,0x000
238,1,0,1,0,0,0,2,2,1,0,0,0,0,0,0,0,0x0ea,0x000
239,1,0,1,0,0,0,2,2,1,0,0,0,0,0,0,0,0x0eb,0x000
240,1,0,1,0,0,0,2,2,1,0,0,0,0,0,0,0,0x0ec,0x000
241,1,0,1,0,0,0,2,2,1,0,0,0,0,0,0,0,0x0ed,0x000
242,1,0,1,0,0,0,2,2,1,0,0,0,0,0,0,0,0x0ee,0x000
243,1,0,1,0,0,0,2,2,1,0,0,0,0,0,0,0,0x0ef,0x000
244,1,0,1,0,0,0,2,2,1,0,0,0,0,0,0,0,0x0f0,0x000
245,1,0,1,0,0,0,2,2,1,0,0,0,0,0,0,0,0x0f1,0x000
246,1,0,1,0,0,0,2,2,1,0,0,0,0,0,0,0,0x0f2,0x000
247,1,0,1,0,0,0,2,2,1,0,0,0,0,0,0,0,0x0f3,0x000
248,1,0,1,0,0,0,2,2,1,0,0,0,0,0,0,0,0x0f4,0x000
249,1,0,1,0,0,0,2,2,1,0,0,0,0,0,0,0,0x0f5,0x000
250,1,0,1,0,0,0,2,2,1,0,0,0,0,0,0,0,0x0f6,0x000
251,1,0,1,0,0,0,2,2,1,0,0,0,0,0,0,0,0x0f7,0x000
252,1,0,1,0,0,0,2,2,1,0,0,0,0,0,0,0,0x0f8,0x000
253,1,0,1,0,0,0,2,2,1,0,0,0,0,0,0,0,0x0f9,0x000
254,1,0,1,0,0,0,2,2,1,0,0,0,0,0,0,0,0x0fa,0x000
255,1,0,1,0,0,0,2,2,1,0,0,0,0,0,0,0,0x0fb,0x000
256,1,0,1,0,0,0,2,2,1,0,0,0,0,0,0,0,0x0fc,0x000
257,1,0,1,0,0,0,2,2,1,0,0,0,0,0,0,0,0x0fd,0x000
258,1,0,1,0,0,0,2,2,1,0,0,0,0,0,0,0,0x0fe,0x000
259,1,1,1,0,0,0,2,2,1,0,0,0,0,0,0,0,0x0ff,0x000
260,1,0,1,0,0,0,2,2,1,0,0,0,0,0,0,0,0x100,0x000
261,1,0,1,0,0,0,2,2,1,0,0,0,0,0,0,0,0x101,0x000
262,1,0,1,0,0,0,2,2,1,0,0,0,0,0,0,0,0x102,0x000
263,1,0,1,0,0,0,2,2,1,0,0,0,0,0,0,0,0x103,0x000
264,1,0,1,0,0,0,2,2,1,0,0,0,0,0,0,0,0x104,0x000
265,1,0,1,0,0,0,2,2,1,0,0,0,0,0,0,0,0x105,0x000
266,1,0,1,0,0,0,2,2,1,0,0,0,0,0,0,0,0x106,0x000
267,1,0,1,0,0,0,2,2,1,0,0,0,0,0,0,0,0x107,0x000
268,1,0,1,0,0,0,2,2,1,0,0,0,0,0,0,0,0x108,0x000
269,1,0,1,0,0,0,2,2,1,0,0,0,0,0,0,0,0x109,0x000
270,1,0,1,0,0,0,2,2,1,0,0,0,0,0,0,0,0x10a,0x000
271,1,0,1,0,0,0,2,2,1,0,0,0,0,0,0,0,0x10b,0x000
272,1,0,1,0,0,0,2,2,1,0,0,0,0,0,0,0,0x10c,0x000
273,1,0,1,0,0,0,2,2,1,0,0,0,0,0,0,0,0x10d,0x000
274,1,0,1,0,0,0,2,2,1,0,0,0,0,0,0,0,0x10e,0x000
275,1,0,1,0,0,0,2,2,1,0,0,0,0,0,0,0,0x10f,0x000
276,1,0,1,0,0,0,2,2,1,0,0,0,0,0,0,0,0x110,0x000
277,1,0,1,0,0,0,2,2,1,0,0,0,0,0,0,0,0x111,0x000
278,1,0,1,0,0,0,2,2,1,0,0,0,0,0,0,0,0x112,0x000
279,1,0,1,0,0,0,2,2,1,0,0,0,0,0,0,0,0x113,0x000
280,1,0,1,0,0,0,2,2,1,0,0,0,0,0,0,0,0x114,0x000
281,1,0,1,0,0,0,2,2,1,0,0,0,0,0,0,0,0x115,0x000
282,1,0,1,0,0,0,2,2,1,0,0,0,0,0,0,0,0x116,0x000
283,1,0,1,0,0,0,2,2,1,0,0,0,0,0,0,0,0x117,0x000
284,1,0,1,0,0,0,2,2,1,0,0,0,0,0,0,0,0x118,0x000
285,1,0,1,0,0,0,2,2,1,0,0,0,0,0,0,0,0x119,0x000
286,1,0,1,0,0,0,2,2,1,0,0,0,0,0,0,0,0x11a,0x000
287,1,0,1,0,0,0,2,2,1,0,0,0,0,0,0,0,0x11b,0x000
288,1,0,1,0,0,0,2,2,1,0,0,0,0,0,0,0,0x11c,0x000
289,1,0,1,0,0,0,2,2,1,0,0,0,0,0,0,0,0x11d,0x000
290,1,0,1,0,0,0,2,2,1,0,0,0,0,0,0,0,0x11e,0x000
291,1,0,1,0,0,0,2,2,1,0,0,0,0,0,0,0,0x11f,0x000
292,1,0,1,0,0,0,2,2,1,0,0,0,0,0,0,0,0x120,0x000
293,1,0,1,0,0,0,2,2,1,0,0,0,0,0,0,0,0x121,0x000
294,1,0,1,0,0,0,2,2,1,0,0,0,0,0,0,0,0x122,0x000
295,1,0,1,0,0,0,2,2,1,0,0,0,0,0,0,0,0x123,0x000
296,1,0,1,0,0,0,2,2,1,0,0,0,0,0,0,0,0x124,0x000
297,1,0,1,0,0,0,2,2,1,0,0,0,0,0,0,0,0x125,0x000
298,1,0,1,0,0,0,2,2,1,0,0,0,0,0,0,0,0x126,0x000
299,1,0,1,0,0,0,2,2,1,0,0,0,0,0,0,0,0x127,0x000
300,1,0,1,0,0,0,2,2,1,0,0,0,0,0,0,0,0x128,0x000
301,1,0,1,0,0,0,2,2,1,0,0,0,0,0,0,0,0x129,0x000
302,1,0,1,0,0,0,2,2,1,0,0,0,0,0,0,0,0x12a,0x000
303,1,0,1,0,0,0,2,2,1,0,0,0,0,0,0,0,0x12b,0x000
304,1,0,1,0,0,0,2,2,1,0,0,0,0,0,0,0,0x12c,0x000
305,1,0,1,0,0,0,2,2,1,0,0,0,0,0,0,0,0x12d,0x000
306,1,0,1,0,0,0,2,2,1,0,0,0,0,0,0,0,0x12e,0x000
307,1,0,1,0,0,0,2,2,1,0,0,0,0,0,0,0,0x12f,0x000
308,1,0,1,0,0,0,2,2,1,0,0,0,0,0,0,0,0x130,0x000
309,1,0,1,0,0,0,2,2,1,0,0,0,0,0,0,0,0x131,0x000
310,1,0,1,0,0,0,2,2,1,0,0,0,0,0,0,0,0x132,0x000
311,1,0,1,0,0,0,2,2,1,0,0,0,0,0,0,0,0x133,0x000
312,1,0,1,0,0,0,2,2,1,0,0,0,0,0,0,0,0x134,0x000
313,1,0,1,0,0,0,2,2,1,0,0,0,0,0,0,0,0x135,0x000
314,1,0,1,0,0,0,2,2,1,0,0,0,0,0,0,0,0x136,0x000
315,1,0,1,0,0,0,2,2,1,0,0,0,0,0,0,0,0x137,0x000
316,1,0,1,0,0,0,2,2,1,0,0,0,0,0,0,0,0x138,0x000
317,1,0,1,0,0,0,2,2,1,0,0,0,0,0,0,0,0x139,0x000
318,1,0,1,0,0,0,2,2,1,0,0,0,0,0,0,0,0x13a,0x000
319,1,0,1,0,0,0,2,2,1,0,0,0,0,0,0,0,0x13b,0x000
320,1,0,1,0,0,0,2,2,1,0,0,0,0,0,0,0,0x13c,0x000
321,1,0,1,0,0,0,2,2,1,0,0,0,0,0,0,0,0x13d,0x000
322,1,0,1,0,0,0,2,2,1,0,0,0,0,0,0,0,0x13e,0x000
323,1,0,1,0,0,0,2,2,1,0,0,0,0,0,0,0,0x13f,0x000
324,1,0,1,0,0,0,2,2,1,0,0,0,0,0,0,0,0x140,0x000
325,1,0,1,0,0,0,2,2,1,0,0,0,0,0,0,0,0x141,0x000
326,1,0,1,0,0,0,2,2,1,0,0,0,0,0,0,0,0x142,0x000
327,1,0,1,0,0,0,2,2,1,0,0,0,0,0,0,0,0x143,0x000
328,1,0,1,0,0,0,2,2,1,0,0,0,0,0,0,0,0x144,0x000
329,1,0,1,0,0,0,2,2,1,0,0,0,0,0,0,0,0x145,0x000
330,1,0,1,0,0,0,2,2,1,0,0,0,0,0,0,0,0x146,0x000
331,1,0,1,0,0,0,2,2,1,0,0,0,0,0,0,0,0x147,0x000
332,1,0,1,0,0,0,2,2,1,0,0,0,0,0,0,0,0x148,0x000
333,1,0,1,0,0,0,2,2,1,0,0,0,0,0,0,0,0x149,0x000
334,1,0,1,0,0,0,2,2,1,0,0,0,0,0,0,0,0x14a,0x000
335,1,0,1,0,0,0,2,2,1,0,0,0,0,0,0,0,0x14b,0x000
336,1,0,1,0,0,0,2,2,1,0,0,0,0,0,0,0,0x14c,0x000
337,1,0,1,0,0,0,2,2,1,0,0,0,0,0,0,0,0x14d,0x000
338,1,0,1,0,0,0,2,2,1,0,0,0,0,0,0,0,0x14e,0x000
339,1,0,1,0,0,0,2,2,1,0,0,0,0,0,0,0,0x14f,0x000
340,1,0,1,0,0,0,2,2,1,0,0,0,0,0,0,0,0x150,0x000
341,1,0,1,0,0,0,2,2,1,0,0,0,0,0,0,0,0x151,0x000
342,1,0,1,0,0,0,2,2,1,0,0,0,0,0,0,0,0x152,0x000
343,1,0,1,0,0,0,2,2,1,0,0,0,0,0,0,0,0x153,0x000
344,1,0,1,0,0,0,2,2,1,0,0,0,0,0,0,0,0x154,0x000
345,1,0,1,0,0,0,2,2,1,0,0,0,0,0,0,0,0x155,0x000
346,1,0,1,0,0,0,2,2,1,0,0,0,0,0,0,0,0x156,0x000
347,1,0,1,0,0,0,2,2,1,0,0,0,0,0,0,0,0x157,0x000
348,1,0,1,0,0,0,2,2,1,0,0,0,0,0,0,0,0x158,0x000
349,1,0,1,0,0,0,2,2,1,0,0,0,0,0,0,0,0x159,0x000
350,1,0,1,0,0,0,2,2,1,0,0,0,0,0,0,0,0x15a,0x000
351,1,0,1,0,0,0,2,2,1,0,0,0,0,0,0,0,0x15b,0x000
352,1,0,1,0,0,0,2,2,1,0,0,0,0,0,0,0,0x15c,0x000
353,1,0,1,0,0,0,2,2,1,0,0,0,0,0,0,0,0x15d,0x000
354,1,0,1,0,0,0,2,2,1,0,0,0,0,0,0,0,0x15e,0x000
355,1,0,1,0,0,0,2,2,1,0,0,0,0,0,0,0,0x15f,0x000
356,1,0,1,0,0,0,2,2,1,0,0,0,0,0,0,0,0x160,0x000
357,1,0,1,0,0,0,2,2,1,0,0,0,0,0,0,0,0x161,0x000
358,1,0,1,0,0,0,2,2,1,0,0,0,0,0,0,0,0x162,0x000
359,1,0,1,0,0,0,2,2,1,0,0,0,0,0,0,0,0x163,0x000
360,1,0,1,0,0,0,2,2,1,0,0,0,0,0,0,0,0x164,0x000
361,1,0,1,0,0,0,2,2,1,0,0,0,0,0,0,0,0x165,0x000
362,1,0,1,0,0,0,2,2,1,0,0,0,0,0,0,0,0x166,0x000
363,1,0,1,0,0,0,2,2,1,0,0,0,0,0,0,0,0x167,0x000
364,1,0,1,0,0,0,2,2,1,0,0,0,0,0,0,0,0x168,0x000
365,1,0,1,0,0,0,2,2,1,0,0,0,0,0,0,0,0x169,0x000
366,1,0,1,0,0,0,2,2,1,0,0,0,0,0,0,0,0x16a,0x000
367,1,0,1,0,0,0,2,2,1,0,0,0,0,0,0,0,0x16b,0x000
368,1,0,1,0,0,0,2,2,1,0,0,0,0,0,0,0,0x16c,0x000
369,1,0,1,0,0,0,2,2,1,0,0,0,0,0,0,0,0x16d,0x000
370,1,0,1,0,0,0,2,2,1,0,0,0,0,0,0,0,0x16e,0x000
371,1,0,1,0,0,0,2,2,1,0,0,0,0,0,0,0,0x16f,0x000
372,1,0,1,0,0,0,2,2,1,0,0,0,0,0,0,0,0x170,0x000
373,1,0,1,0,0,0,2,2,1,0,0,0,0,0,0,0,0x171,0x000
374,1,0,1,0,0,0,2,2,1,0,0,0,0,0,0,0,0x172,0x000
375,1,0,1,0,0,0,2,2,1,0,0,0,0,0,0,0,0x173,0x000
376,1,0,1,0,0,0,2,2,1,0,0,0,0,0,0,0,0x174,0x000
377,1,0,1,0,0,0,2,2,1,0,0,0,0,0,0,0,0x175,0x000
378,1,0,1,0,0,0,2,2,1,0,0,0,0,0,0,0,0x176,0x000
379,1,0,1,0,0,0,2,2,1,0,0,0,0,0,0,0,0x177,0x000
380,1,0,1,0,0,0,2,2,1,0,0,0,0,0,0,0,0x178,0x000
381,1,0,1,0,0,0,2,2,1,0,0,0,0,0,0,0,0x179,0x000
382,1,0,1,0,0,0,2,2,1,0,0,0,0,0,0,0,0x17a,0x000
383,1,0,1,0,0,0,2,2,1,0,0,0,0,0,0,0,0x17b,0x000
384,1,0,1,0,0,0,2,2,1,0,0,0,0,0,0,0,0x17c,0x000
385,1,0,1,0,0,0,2,2,1,0,0,0,0,0,0,0,0x17d,0x000
386,1,0,1,0,0,0,2,2,1,0,0,0,0,0,0,0,0x17e,0x000
387,1,0,1,0,0,0,2,2,1,0,0,0,0,0,0,0,0x17f,0x000
388,1,0,1,0,0,0,2,2,1,0,0,0,0,0,0,0,0x180,0x000
389,1,0,1,0,0,0,2,2,1,0,0,0,0,0,0,0,0x181,0x000
390,1,0,1,0,0,0,2,2,1,0,0,0,0,0,0,0,0x182,0x000
391,1,0,1,0,0,0,2,2,1,0,0,0,0,0,0,0,0x183,0x000
392,1,0,1,0,0,0,2,2,1,0,0,0,0,0,0,0,0x184,0x000
393,1,0,1,0,0,0,2,2,1,0,0,0,0,0,0,0,0x185,0x000
394,1,0,1,0,0,0,2,2,1,0,0,0,0,0,0,0,0x186,0x000
395,1,0,1,0,0,0,2,2,1,0,0,0,0,0,0,0,0x187,0x000
396,1,0,1,0,0,0,2,2,1,0,0,0,0,0,0,0,0x188,0x000
397,1,0,1,0,0,0,2,2,1,0,0,0,0,0,0,0,0x189,0x000
398,1,0,1,0,0,0,2,2,1,0,0,0,0,0,0,0,0x18a,0x000
399,1,0,1,0,0,0,2,2,1,0,0,0,0,0,0,0,0x18b,0x000
400,1,0,1,0,0,0,2,2,1,0,0,0,0,0,0,0,0x18c,0x000
401,1,0,1,0,0,0,2,2,1,0,0,0,0,0,0,0,0x18d,0x000
402,1,0,1,0,0,0,2,2,1,0,0,0,0,0,0,0,0x18e,0x000
403,1,0,1,0,0,0,2,2,1,0,0,0,0,0,0,0,0x18f,0x000
404,1,0,1,0,0,0,2,2,1,0,0,0,0,0,0,0,0x190,0x000
405,1,0,1,0,0,0,2,2,1,0,0,0,0,0,0,0,0x191,0x000
406,1,0,1,0,0,0,2,2,1,0,0,0,0,0,0,0,0x192,0x000
407,1,0,1,0,0,0,2,2,1,0,0,0,0,0,0,0,0x193,0x000
408,1,0,1,0,0,0,2,2,1,0,0,0,0,0,0,0,0x194,0x000
409,1,0,1,0,0,0,2,2,1,0,0,0,0,0,0,0,0x195,0x000
410,1,0,1,0,0,0,2,2,1,0,0,0,0,0,0,0,0x196,0x000
411,1,0,1,0,0,0,2,2,1,0,0,0,0,0,0,0,0x197,0x000
412,1,0,1,0,0,0,2,2,1,0,0,0,0,0,0,0,0x198,0x000
413,1,0,1,0,0,0,2,2,1,0,0,0,0,0,0,0,0x199,0x000
414,1,0,1,0,0,0,2,2,1,0,0,0,0,0,0,0,0x19a,0x000
415,1,0,1,0,0,0,2,2,1,0,0,0,0,0,0,0,0x19b,0x000
416,1,0,1,0,0,0,2,2,1,0,0,0,0,0,0,0,0x19c,0x000
417,1,0,1,0,0,0,2,2,1,0,0,0,0,0,0,0,0x19d,0x000
418,1,0,1,0,0,0,2,2,1,0,0,0,0,0,0,0,0x19e,0x000
419,1,0,1,0,0,0,2,2,1,0,0,0,0,0,0,0,0x19f,0x000
420,1,0,1,0,0,0,2,2,1,0,0,0,0,0,0,0,0x1a0,0x000
421,1,0,1,0,0,0,2,2,1,0,0,0,0,0,0,0,0x1a1,0x000
422,1,0,1,0,0,0,2,2,1,0,0,0,0,0,0,0,0x1a2,0x000
423,1,0,1,0,0,0,2,2,1,0,0,0,0,0,0,0,0x1a3,0x000
424,1,0,1,0,0,0,2,2,1,0,0,0,0,0,0,0,0x1a4,0x000
425,1,0,1,0,0,0,2,2,1,0,0,0,0,0,0,0,0x1a5,0x000
426,1,0,1,0,0,0,2,2,1,0,0,0,0,0,0,0,0x1a6,0x000
427,1,0,1,0,0,0,2,2,1,0,0,0,0,0,0,0,0x1a7,0x000
428,1,0,1,0,0,0,2,2,1,0,0,0,0,0,0,0,0x1a8,0x000
429,1,0,1,0,0,0,2,2,1,0,0,0,0,0,0,0,0x1a9,0x000
430,1,0,1,0,0,0,2,2,1,0,0,0,0,0,0,0,0x1aa,0x000
431,1,0,1,0,0,0,2,2,1,0,0,0,0,0,0,0,0x1ab,0x000
432,1,0,1,0,0,0,2,2,1,0,0,0,0,0,0,0,0x1ac,0x000
433,1,0,1,0,0,0,2,2,1,0,0,0,0,0,0,0,0x1ad,0x000
434,1,0,1,0,0,0,2,2,1,0,0,0,0,0,0,0,0x1ae,0x000
435,1,0,1,0,0,0,2,2,1,0,0,0,0,0,0,0,0x1af,0x000
436,1,0,1,0,0,0,2,2,1,0,0,0,0,0,0,0,0x1b0,0x000
437,1,0,1,0,0,0,2,2,1,0,0,0,0,0,0,0,0x1b1,0x000
438,1,0,1,0,0,0,2,2,1,0,0,0,0,0,0,0,0x1b2,0x000
439,1,0,1,0,0,0,2,2,1,0,0,0,0,0,0,0,0x1b3,0x000
440,1,0,1,0,0,0,2,2,1,0,0,0,0,0,0,0,0x1b4,0x000
441,1,0,1,0,0,0,2,2,1,0,0,0,0,0,0,0,0x1b5,0x000
442,1,0,1,0,0,0,2,2,1,0,0,0,0,0,0,0,0x1b6,0x000
443,1,0,1,0,0,0,2,2,1,0,0,0,0,0,0,0,0x1b7,0x000
444,1,0,1,0,0,0,2,2,1,0,0,0,0,0,0,0,0x1b8,0x000
445,1,0,1,0,0,0,2,2,1,0,0,0,0,0,0,0,0x1b9,0x000
446,1,0,1,0,0,0,2,2,1,0,0,0,0,0,0,0,0x1ba,0x000
447,1,0,1,0,0,0,2,2,1,0,0,0,0,0,0,0,0x1bb,0x000
448,1,0,1,0,0,0,2,2,1,0,0,0,0,0,0,0,0x1bc,0x000
449,1,0,1,0,0,0,2,2,1,0,0,0,0,0,0,0,0x1bd,0x000
450,1,0,1,0,0,0,2,2,1,0,0,0,0,0,0,0,0x1be,0x000
451,1,0,1,0,0,0,2,2,1,0,0,0,0,0,0,0,0x1bf,0x000
452,1,0,1,0,0,0,2,2,1,0,0,0,0,0,0,0,0x1c0,0x000
453,1,0,1,0,0,0,2,2,1,0,0,0,0,0,0,0,0x1c1,0x000
454,1,0,1,0,0,0,2,2,1,0,0,0,0,0,0,0,0x1c2,0x000
455,1,0,1,0,0,0,2,2,1,0,0,0,0,0,0,0,0x1c3,0x000
456,1,0,1,0,0,0,2,2,1,0,0,0,0,0,0,0,0x1c4,0x000
457,1,0,1,0,0,0,2,2,1,0,0,0,0,0,0,0,0x1c5,0x000
458,1,0,1,0,0,0,2,2,1,0,0,0,0,0,0,0,0x1c6,0x000
459,1,0,1,0,0,0,2,2,1,0,0,0,0,0,0,0,0x1c7,0x000
460,1,0,1,0,0,0,2,2,1,0,0,0,0,0,0,0,0x1c8,0x000
461,1,0,1,0,0,0,2,2,1,0,0,0,0,0,0,0,0x1c9,0x000
462,1,0,1,0,0,0,2,2,1,0,0,0,0,0,0,0,0x1ca,0x000
463,1,0,1,0,0,0,2,2,1,0,0,0,0,0,0,0,0x1cb,0x000
464,1,0,1,0,0,0,2,2,1,0,0,0,0,0,0,0,0x1cc,0x000
465,1,0,1,0,0,0,2,2,1,0,0,0,0,0,0,0,0x1cd,0x000
466,1,0,1,0,0,0,2,2,1,0,0,0,0,0,0,0,0x1ce,0x000
467,1,0,1,0,0,0,2,2,1,0,0,0,0,0,0,0,0x1cf,0x000
468,1,0,1,0,0,0,2,2,1,0,0,0,0,0,0,0,0x1d0,0x000
469,1,0,1,0,0,0,2,2,1,0,0,0,0,0,0,0,0x1d1,0x000
470,1,0,1,0,0,0,2,2,1,0,0,0,0,0,0,0,0x1d2,0x000
471,1,0,1,0,0,0,2,2,1,0,0,0,0,0,0,0,0x1d3,0x000
472,1,0,1,0,0,0,2,2,1,0,0,0,0,0,0,0,0x1d4,0x000
473,1,0,1,0,0,0,2,2,1,0,0,0,0,0,0,0,0x1d5,0x000
474,1,0,1,0,0,0,2,2,1,0,0,0,0,0,0,0,0x1d6,0x000
475,1,0,1,0,0,0,2,2,1,0,0,0,0,0,0,0,0x1d7,0x000
476,1,0,1,0,0,0,2,2,1,0,0,0,0,0,0,0,0x1d8,0x000
477,1,0,1,0,0,0,2,2,1,0,0,0,0,0,0,0,0x1d9,0x000
478,1,0,1,0,0,0,2,2,1,0,0,0,0,0,0,0,0x1da,0x000
479,1,0,1,0,0,0,2,2,1,0,0,0,0,0,0,0,0x1db,0x000
480,1,0,1,0,0,0,2,2,1,0,0,0,0,0,0,0,0x1dc,0x000
481,1,0,1,0,0,0,2,2,1,0,0,0,0,0,0,0,0x1dd,0x000
482,1,0,1,0,0,0,2,2,1,0,0,0,0,0,0,0,0x1de,0x000
483,1,0,1,0,0,0,2,2,1,0,0,0,0,0,0,0,0x1df,0x000
484,1,0,1,0,0,0,2,2,1,0,0,0,0,0,0,0,0x1e0,0x000
485,1,0,1,0,0,0,2,2,1,0,0,0,0,0,0,0,0x1e1,0x000
486,1,0,1,0,0,0,2,2,1,0,0,0,0,0,0,0,0x1e2,0x000
487,1,0,1,0,0,0,2,2,1,0,0,0,0,0,0,0,0x1e3,0x000
488,1,0,1,0,0,0,2,2,1,0,0,0,0,0,0,0,0x1e4,0x000
489,1,0,1,0,0,0,2,2,1,0,0,0,0,0,0,0,0x1e5,0x000
490,1,0,1,0,0,0,2,2,1,0,0,0,0,0,0,0,0x1e6,0x000
491,1,0,1,0,0,0,2,2,1,0,0,0,0,0,0,0,0x1e7,0x000
492,1,0,1,0,0,0,2,2,1,0,0,0,0,0,0,0,0x1e8,0x000
493,1,0,1,0,0,0,2,2,1,0,0,0,0,0,0,0,0x1e9,0x000
494,1,0,1,0,0,0,2,2,1,0,0,0,0,0,0,0,0x1ea,0x000
495,1,0,1,0,0,0,2,2,1,0,0,0,0,0,0,0,0x1eb,0x000
496,1,0,1,0,0,0,2,2,1,0,0,0,0,0,0,0,0x1ec,0x000
497,1,0,1,0,0,0,2,2,1,0,0,0,0,0,0,0,0x1ed,0x000
498,1,0,1,0,0,0,2,2,1,0,0,0,0,0,0,0,0x1ee,0x000
499,1,0,1,0,0,0,2,2,1,0,0,0,0,0,0,0,0x1ef,0x000
500,1,0,1,0,0,0,2,2,1,0,0,0,0,0,0,0,0x1f0,0x000
501,1,0,1,0,0,0,2,2,1,0,0,0,0,0,0,0,0x1f1,0x000
502,1,0,1,0,0,0,2,2,1,0,0,0,0,0,0,0,0x1f2,0x000
503,1,0,1,0,0,0,2,2,1,0,0,0,0,0,0,0,0x1f3,0x000
504,1,0,1,0,0,0,2,2,1,0,0,0,0,0,0,0,0x1f4,0x000
505,1,0,1,0,0,0,2,2,1,0,0,0,0,0,0,0,0x1f5,0x000
506,1,0,1,0,0,0,2,2,1,0,0,0,0,0,0,0,0x1f6,0x000
507,1,0,1,0,0,0,2,2,1,0,0,0,0,0,0,0,0x1f7,0x000
508,1,0,1,0,0,0,2,2,1,0,0,0,0,0,0,0,0x1f8,0x000
509,1,0,1,0,0,0,2,2,1,0,0,0,0,0,0,0,0x1f9,0x000
510,1,0,1,0,0,0,2,2,1,0,0,0,0,0,0,0,0x1fa,0x000
511,1,0,1,0,0,0,2,2,1,0,0,0,0,0,0,0,0x1fb,0x000
512,1,0,1,0,0,0,2,2,1,0,0,0,0,0,0,0,0x1fc,0x000
513,1,0,1,0,0,0,2,2,1,0,0,0,0,0,0,0,0x1fd,0x000
514,1,0,1,0,0,0,2,2,1,0,0,0,0,0,0,0,0x1fe,0x000
515,1,0,1,0,0,0,2,2,1,0,0,0,0,0,0,0,0x1ff,0x000
516,1,0,1,0,0,0,2,2,1,0,0,0,0,0,0,0,0x200,0x000
517,1,0,1,0,0,0,2,2,1,0,0,0,0,0,0,0,0x201,0x000
518,1,0,1,0,0,0,2,2,1,0,0,0,0,0,0,0,0x202,0x000
519,1,0,1,0,0,0,2,2,1,0,0,0,0,0,0,0,0x203,0x000
520,1,0,1,0,0,0,2,2,1,0,0,0,0,0,0,0,0x204,0x000
521,1,0,1,0,0,0,2,2,1,0,0,0,0,0,0,0,0x205,0x000
522,1,0,1,0,0,0,2,2,1,0,0,0,0,0,0,0,0x206,0x000
523,1,0,1,0,0,0,2,2,1,0,0,0,0,0,0,0,0x207,0x000
524,1,0,1,0,0,0,2,2,1,0,0,0,0,0,0,0,0x208,0x000
525,1,0,1,0,0,0,2,2,1,0,0,0,0,0,0,0,0x209,0x000
526,1,0,1,0,0,0,2,2,1,0,0,0,0,0,0,0,0x20a,0x000
527,1,0,1,0,0,0,2,2,1,0,0,0,0,0,0,0,0x20b,0x000
528,1,0,1,0,0,0,2,2,1,0,0,0,0,0,0,0,0x20c,0x000
529,1,0,1,0,0,0,2,2,1,0,0,0,0,0,0,0,0x20d,0x000
530,1,0,1,0,0,0,2,2,1,0,0,0,0,0,0,0,0x20e,0x000
531,1,0,1,0,0,0,2,2,1,0,0,0,0,0,0,0,0x20f,0x000
532,1,0,1,0,0,0,2,2,1,0,0,0,0,0,0,0,0x210,0x000
533,1,0,1,0,0,0,2,2,1,0,0,0,0,0,0,0,0x211,0x000
534,1,0,1,0,0,0,2,2,1,0,0,0,0,0,0,0,0x212,0x000
535,1,0,1,0,0,0,2,2,1,0,0,0,0,0,0,0,0x213,0x000
536,1,0,1,0,0,0,2,2,1,0,0,0,0,0,0,0,0x214,0x000
537,1,0,1,0,0,0,2,2,1,0,0,0,0,0,0,0,0x215,0x000
538,1,0,1,0,0,0,2,2,1,0,0,0,0,0,0,0,0x216,0x000
539,1,0,1,0,0,0,2,2,1,0,0,0,0,0,0,0,0x217,0x000
540,1,0,1,0,0,0,2,2,1,0,0,0,0,0,0,0,0x218,0x000
541,1,0,1,0,0,0,2,2,1,0,0,0,0,0,0,0,0x219,0x000
542,1,0,1,0,0,0,2,2,1,0,0,0,0,0,0,0,0x21a,0x000
543,1,0,1,0,0,0,2,2,1,0,0,0,0,0,0,0,0x21b,0x000
544,1,0,1,0,0,0,2,2,1,0,0,0,0,0,0,0,0x21c,0x000
545,1,0,1,0,0,0,2,2,1,0,0,0,0,0,0,0,0x21d,0x000
546,1,0,1,0,0,0,2,2,1,0,0,0,0,0,0,0,0x21e,0x000
547,1,0,1,0,0,0,2,2,1,0,0,0,0,0,0,0,0x21f,0x000
548,1,0,1,0,0,0,2,2,1,0,0,0,0,0,0,0,0x220,0x000
549,1,0,1,0,0,0,2,2,1,0,0,0,0,0,0,0,0x221,0x000
550,1,0,1,0,0,0,2,2,1,0,0,0,0,0,0,0,0x222,0x000
551,1,0,1,0,0,0,2,2,1,0,0,0,0,0,0,0,0x223,0x000
552,1,0,1,0,0,0,2,2,1,0,0,0,0,0,0,0,0x224,0x000
553,1,0,1,0,0,0,2,2,1,0,0,0,0,0,0,0,0x225,0x000
554,1,0,1,0,0,0,2,2,1,0,0,0,0,0,0,0,0x226,0x000
555,1,0,1,0,0,0,2,2,1,0,0,0,0,0,0,0,0x227,0x000
556,1,0,1,0,0,0,2,2,1,0,0,0,0,0,0,0,0x228,0x000
557,1,0,1,0,0,0,2,2,1,0,0,0,0,0,0,0,0x229,0x000
558,1,0,1,0,0,0,2,2,1,0,0,0,0,0,0,0,0x22a,0x000
559,1,0,1,0,0,0,2,2,1,0,0,0,0,0,0,0,0x22b,0x000
560,1,0,1,0,0,0,2,2,1,0,0,0,0,0,0,0,0x22c,0x000
561,1,0,1,0,0,0,2,2,1,0,0,0,0,0,0,0,0x22d,0x000
562,1,0,1,0,0,0,2,2,1,0,0,0,0,0,0,0,0x22e,0x000
563,1,0,1,0,0,0,2,2,1,0,0,0,0,0,0,0,0x22f,0x000
564,1,0,1,0,0,0,2,2,1,0,0,0,0,0,0,0,0x230,0x000
565,1,0,1,0,0,0,2,2,1,0,0,0,0,0,0,0,0x231,0x000
566,1,0,1,0,0,0,2,2,1,0,0,0,0,0,0,0,0x232,0x000
567,1,0,1,0,0,0,2,2,1,0,0,0,0,0,0,0,0x233,0x000
568,1,0,1,0,0,0,2,2,1,0,0,0,0,0,0,0,0x234,0x000
569,1,0,1,0,0,0,2,2,1,0,0,0,0,0,0,0,0x235,0x000
570,1,0,1,0,0,0,2,2,1,0,0,0,0,0,0,0,0x236,0x000
571,1,0,1,0,0,0,2,2,1,0,0,0,0,0,0,0,0x237,0x000
572,1,0,1,0,0,0,2,2,1,0,0,0,0,0,0,0,0x238,0x000
573,1,0,1,0,0,0,2,2,1,0,0,0,0,0,0,0,0x239,0x000
574,1,0,1,0,0,0,2,2,1,0,0,0,0,0,0,0,0x23a,0x000
575,1,0,1,0,0,0,2,2,1,0,0,0,0,0,0,0,0x23b,0x000
576,1,0,1,0,0,0,2,2,1,0,0,0,0,0,0,0,0x23c,0x000
577,1,0,1,0,0,0,2,2,1,0,0,0,0,0,0,0,0x23d,0x000
578,1,0,1,0,0,0,2,2,1,0,0,0,0,0,0,0,0x23e,0x000
579,1,0,1,0,0,0,2,2,1,0,0,0,0,0,0,0,0x23f,0x000
580,1,0,1,0,0,0,2,2,1,0,0,0,0,0,0,0,0x240,0x000
581,1,0,1,0,0,0,2,2,1,0,0,0,0,0,0,0,0x241,0x000
582,1,0,1,0,0,0,2,2,1,0,0,0,0,0,0,0,0x242,0x000
583,1,0,1,0,0,0,2,2,1,0,0,0,0,0,0,0,0x243,0x000
584,1,0,1,0,0,0,2,2,1,0,0,0,0,0,0,0,0x244,0x000
585,1,0,1,0,0,0,2,2,1,0,0,0,0,0,0,0,0x245,0x000
586,1,0,1,0,0,0,2,2,1,0,0,0,0,0,0,0,0x246,0x000
587,1,0,1,0,0,0,2,2,1,0,0,0,0,0,0,0,0x247,0x000
588,1,0,1,0,0,0,2,2,1,0,0,0,0,0,0,0,0x248,0x000
589,1,0,1,0,0,0,2,2,1,0,0,0,0,0,0,0,0x249,0x000
590,1,0,1,0,0,0,2,2,1,0,0,0,0,0,0,0,0x24a,0x000
591,1,0,1,0,0,0,2,2,1,0,0,0,0,0,0,0,0x24b,0x000
592,1,0,1,0,0,0,2,2,1,0,0,0,0,0,0,0,0x24c,0x000
593,1,0,1,0,0,0,2,2,1,0,0,0,0,0,0,0,0x24d,0x000
594,1,0,1,0,0,0,2,2,1,0,0,0,0,0,0,0,0x24e,0x000
595,1,0,1,0,0,0,2,2,1,0,0,0,0,0,0,0,0x24f,0x000
596,1,0,1,0,0,0,2,2,1,0,0,0,0,0,0,0,0x250,0x000
597,1,0,1,0,0,0,2,2,1,0,0,0,0,0,0,0,0x251,0x000
598,1,0,1,0,0,0,2,2,1,0,0,0,0,0,0,0,0x252,0x000
599,1,0,1,0,0,0,2,2,1,0,0,0,0,0,0,0,0x253,0x000
600,1,0,1,0,0,0,2,2,1,0,0,0,0,0,0,0,0x254,0x000
601,1,0,1,0,0,0,2,2,1,0,0,0,0,0,0,0,0x255,0x000
602,1,0,1,0,0,0,2,2,1,0,0,0,0,0,0,0,0x256,0x000
603,1,0,1,0,0,0,2,2,1,0,0,0,0,0,0,0,0x257,0x000
604,1,0,1,0,0,0,2,2,1,0,0,0,0,0,0,0,0x258,0x000
605,1,0,1,0,0,0,2,2,1,0,0,0,0,0,0,0,0x259,0x000
606,1,0,1,0,0,0,2,2,1,0,0,0,0,0,0,0,0x25a,0x000
607,1,0,1,0,0,0,2,2,1,0,0,0,0,0,0,0,0x25b,0x000
608,1,0,1,0,0,0,2,2,1,0,0,0,0,0,0,0,0x25c,0x000
609,1,0,1,0,0,0,2,2,1,0,0,0,0,0,0,0,0x25d,0x000
610,1,0,1,0,0,0,2,2,1,0,0,0,0,0,0,0,0x25e,0x000
611,1,0,1,0,0,0,2,2,1,0,0,0,0,0,0,0,0x25f,0x000
612,1,0,1,0,0,0,2,2,1,0,0,0,0,0,0,0,0x260,0x000
613,1,0,1,0,0,0,2,2,1,0,0,0,0,0,0,0,0x261,0x000
614,1,0,1,0,0,0,2,2,1,0,0,0,0,0,0,0,0x262,0x000
615,1,0,1,0,0,0,2,2,1,0,0,0,0,0,0,0,0x263,0x000
616,1,0,1,0,0,0,2,2,1,0,0,0,0,0,0,0,0x264,0x000
617,1,0,1,0,0,0,2,2,1,0,0,0,0,0,0,0,0x265,0x000
618,1,0,1,0,0,0,2,2,1,0,0,0,0,0,0,0,0x266,0x000
619,1,0,1,0,0,0,2,2,1,0,0,0,0,0,0,0,0x267,0x000
620,1,0,1,0,0,0,2,2,1,0,0,0,0,0,0,0,0x268,0x000
621,1,0,1,0,0,0,2,2,1,0,0,0,0,0,0,0,0x269,0x000
622,1,0,1,0,0,0,2,2,1,0,0,0,0,0,0,0,0x26a,0x000
623,1,0,1,0,0,0,2,2,1,0,0,0,0,0,0,0,0x26b,0x000
624,1,0,1,0,0,0,2,2,1,0,0,0,0,0,0,0,0x26c,0x000
625,1,0,1,0,0,0,2,2,1,0,0,0,0,0,0,0,0x26d,0x000
626,1,0,1,0,0,0,2,2,1,0,0,0,0,0,0,0,0x26e,0x000
627,1,0,1,0,0,0,2,2,1,0,0,0,0,0,0,0,0x26f,0x000
628,1,0,1,0,0,0,2,2,1,0,0,0,0,0,0,0,0x270,0x000
629,1,0,1,0,0,0,2,2,1,0,0,0,0,0,0,0,0x271,0x000
630,1,0,1,0,0,0,2,2,1,0,0,0,0,0,0,0,0x272,0x000
631,1,0,1,0,0,0,2,2,1,0,0,0,0,0,0,0,0x273,0x000
632,1,0,1,0,0,0,2,2,1,0,0,0,0,0,0,0,0x274,0x000
633,1,0,1,0,0,0,2,2,1,0,0,0,0,0,0,0,0x275,0x000
634,1,0,1,0,0,0,2,2,1,0,0,0,0,0,0,0,0x276,0x000
635,1,0,1,0,0,0,2,2,1,0,0,0,0,0,0,0,0x277,0x000
636,1,0,1,0,0,0,2,2,1,0,0,0,0,0,0,0,0x278,0x000
637,1,0,1,0,0,0,2,2,1,0,0,0,0,0,0,0,0x279,0x000
638,1,0,1,0,0,0,2,2,1,0,0,0,0,0,0,0,0x27a,0x000
639,1,0,1,0,0,0,2,2,1,0,0,0,0,0,0,0,0x27b,0x000
640,1,0,1,0,0,0,2,2,1,0,0,0,0,0,0,0,0x27c,0x000
641,1,0,1,0,0,0,2,2,1,0,0,0,0,0,0,0,0x27d,0x000
642,1,0,1,0,0,0,2,2,1,0,0,0,0,0,0,0,0x27e,0x000
643,1,0,1,0,0,0,2,2,1,0,0,0,0,0,0,0,0x27f,0x000
644,1,0,1,0,0,0,2,2,1,0,0,0,0,0,0,0,0x280,0x000
645,1,0,1,0,0,0,2,2,1,0,0,0,0,0,0,0,0x281,0x000
646,1,0,1,0,0,0,2,2,1,0,0,0,0,0,0,0,0x282,0x000
647,1,0,1,0,0,0,2,2,1,0,0,0,0,0,0,0,0x283,0x000
648,1,0,1,0,0,0,2,2,1,0,0,0,0,0,0,0,0x284,0x000
649,1,0,1,0,0,0,2,2,1,0,0,0,0,0,0,0,0x285,0x000
650,1,0,1,0,0,0,2,2,1,0,0,0,0,0,0,0,0x286,0x000
651,1,0,1,0,0,0,2,2,1,0,0,0,0,0,0,0,0x287,0x000
652,1,0,1,0,0,0,2,2,1,0,0,0,0,0,0,0,0x288,0x000
653,1,0,1,0,0,0,2,2,1,0,0,0,0,0,0,0,0x289,0x000
654,1,0,1,0,0,0,2,2,1,0,0,0,0,0,0,0,0x28a,0x000
655,1,0,1,0,0,0,2,2,1,0,0,0,0,0,0,0,0x28b,0x000
656,1,0,1,0,0,0,2,2,1,0,0,0,0,0,0,0,0x28c,0x000
657,1,0,1,0,0,0,2,2,1,0,0,0,0,0,0,0,0x28d,0x000
658,1,0,1,0,0,0,2,2,1,0,0,0,0,0,0,0,0x28e,0x000
659,1,0,1,0,0,0,2,2,1,0,0,0,0,0,0,0,0x28f,0x000
660,1,0,1,0,0,0,2,2,1,0,0,0,0,0,0,0,0x290,0x000
661,1,0,1,0,0,0,2,2,1,0,0,0,0,0,0,0,0x291,0x000
662,1,0,1,0,0,0,2,2,1,0,0,0,0,0,0,0,0x292,0x000
663,1,0,1,0,0,0,2,2,1,0,0,0,0,0,0,0,0x293,0x000
664,1,0,1,0,0,0,2,2,1,0,0,0,0,0,0,0,0x294,0x000
665,1,0,1,0,0,0,2,2,1,0,0,0,0,0,0,0,0x295,0x000
666,1,0,1,0,0,0,2,2,1,0,0,0,0,0,0,0,0x296,0x000
667,1,0,1,0,0,0,2,2,1,0,0,0,0,0,0,0,0x297,0x000
668,1,0,1,0,0,0,2,2,1,0,0,0,0,0,0,0,0x298,0x000
669,1,0,1,0,0,0,2,2,1,0,0,0,0,0,0,0,0x299,0x000
670,1,0,1,0,0,0,2,2,1,0,0,0,0,0,0,0,0x29a,0x000
671,1,0,1,0,0,0,2,2,1,0,0,0,0,0,0,0,0x29b,0x000
672,1,0,1,0,0,0,2,2,1,0,0,0,0,0,0,0,0x29c,0x000
673,1,0,1,0,0,0,2,2,1,0,0,0,0,0,0,0,0x29d,0x000
674,1,0,1,0,0,0,2,2,1,0,0,0,0,0,0,0,0x29e,0x000
675,1,0,1,0,0,0,2,2,1,0,0,0,0,0,0,0,0x29f,0x000
676,1,0,1,0,0,0,2,2,1,0,0,0,0,0,0,0,0x2a0,0x000
677,1,0,1,0,0,0,2,2,1,0,0,0,0,0,0,0,0x2a1,0x000
678,1,0,1,0,0,0,2,2,1,0,0,0,0,0,0,0,0x2a2,0x000
679,1,0,1,0,0,0,2,2,1,0,0,0,0,0,0,0,0x2a3,0x000
680,1,0,1,0,0,0,2,2,1,0,0,0,0,0,0,0,0x2a4,0x000
681,1,0,1,0,0,0,2,2,1,0,0,0,0,0,0,0,0x2a5,0x000
682,1,0,1,0,0,0,2,2,1,0,0,0,0,0,0,0,0x2a6,0x000
683,1,0,1,0,0,0,2,2,1,0,0,0,0,0,0,0,0x2a7,0x000
684,1,0,1,0,0,0,2,2,1,0,0,0,0,0,0,0,0x2a8,0x000
685,1,0,1,0,0,0,2,2,1,0,0,0,0,0,0,0,0x2a9,0x000
686,1,0,1,0,0,0,2,2,1,0,0,0,0,0,0,0,0x2aa,0x000
687,1,0,1,0,0,0,2,2,1,0,0,0,0,0,0,0,0x2ab,0x000
688,1,0,1,0,0,0,2,2,1,0,0,0,0,0,0,0,0x2ac,0x000
689,1,0,1,0,0,0,2,2,1,0,0,0,0,0,0,0,0x2ad,0x000
690,1,0,1,0,0,0,2,2,1,0,0,0,0,0,0,0,0x2ae,0x000
691,1,0,1,0,0,0,2,2,1,0,0,0,0,0,0,0,0x2af,0x000
692,1,0,1,0,0,0,2,2,1,0,0,0,0,0,0,0,0x2b0,0x000
693,1,0,1,0,0,0,2,2,1,0,0,0,0,0,0,0,0x2b1,0x000
694,1,0,1,0,0,0,2,2,1,0,0,0,0,0,0,0,0x2b2,0x000
695,1,0,1,0,0,0,2,2,1,0,0,0,0,0,0,0,0x2b3,0x000
696,1,0,1,0,0,0,2,2,1,0,0,0,0,0,0,0,0x2b4,0x000
697,1,0,1,0,0,0,2,2,1,0,0,0,0,0,0,0,0x2b5,0x000
698,1,0,1,0,0,0,2,2,1,0,0,0,0,0,0,0,0x2b6,0x000
699,1,0,1,0,0,0,2,2,1,0,0,0,0,0,0,0,0x2b7,0x000
700,1,0,1,0,0,0,2,2,1,0,0,0,0,0,0,0,0x2b8,0x000
701,1,0,1,0,0,0,2,2,1,0,0,0,0,0,0,0,0x2b9,0x000
702,1,0,1,0,0,0,2,2,1,0,0,0,0,0,0,0,0x2ba,0x000
703,1,0,1,0,0,0,2,2,1,0,0,0,0,0,0,0,0x2bb,0x000
704,1,0,1,0,0,0,2,2,1,0,0,0,0,0,0,0,0x2bc,0x000
705,1,0,1,0,0,0,2,2,1,0,0,0,0,0,0,0,0x2bd,0x000
706,1,0,1,0,0,0,2,2,1,0,0,0,0,0,0,0,0x2be,0x000
707,1,0,1,0,0,0,2,2,1,0,0,0,0,0,0,0,0x2bf,0x000
708,1,0,1,0,0,0,2,2,1,0,0,0,0,0,0,0,0x2c0,0x000
709,1,0,1,0,0,0,2,2,1,0,0,0,0,0,0,0,0x2c1,0x000
710,1,0,1,0,0,0,2,2,1,0,0,0,0,0,0,0,0x2c2,0x000
711,1,0,1,0,0,0,2,2,1,0,0,0,0,0,0,0,0x2c3,0x000
712,1,0,1,0,0,0,2,2,1,0,0,0,0,0,0,0,0x2c4,0x000
713,1,0,1,0,0,0,2,2,1,0,0,0,0,0,0,0,0x2c5,0x000
714,1,0,1,0,0,0,2,2,1,0,0,0,0,0,0,0,0x2c6,0x000
715,1,0,1,0,0,0,2,2,1,0,0,0,0,0,0,0,0x2c7,0x000
716,1,0,1,0,0,0,2,2,1,0,0,0,0,0,0,0,0x2c8,0x000
717,1,0,1,0,0,0,2,2,1,0,0,0,0,0,0,0,0x2c9,0x000
718,1,0,1,0,0,0,2,2,1,0,0,0,0,0,0,0,0x2ca,0x000
719,1,0,1,0,0,0,2,2,1,0,0,0,0,0,0,0,0x2cb,0x000
720,1,0,1,0,0,0,2,2,1,0,0,0,0,0,0,0,0x2cc,0x000
721,1,0,1,0,0,0,2,2,1,0,0,0,0,0,0,0,0x2cd,0x000
722,1,0,1,0,0,0,2,2,1,0,0,0,0,0,0,0,0x2ce,0x000
723,1,0,1,0,0,0,2,2,1,0,0,0,0,0,0,0,0x2cf,0x000
724,1,0,1,0,0,0,2,2,1,0,0,0,0,0,0,0,0x2d0,0x000
725,1,0,1,0,0,0,2,2,1,0,0,0,0,0,0,0,0x2d1,0x000
726,1,0,1,0,0,0,2,2,1,0,0,0,0,0,0,0,0x2d2,0x000
727,1,0,1,0,0,0,2,2,1,0,0,0,0,0,0,0,0x2d3,0x000
728,1,0,1,0,0,0,2,2,1,0,0,0,0,0,0,0,0x2d4,0x000
729,1,0,1,0,0,0,2,2,1,0,0,0,0,0,0,0,0x2d5,0x000
730,1,0,1,0,0,0,2,2,1,0,0,0,0,0,0,0,0x2d6,0x000
731,1,0,1,0,0,0,2,2,1,0,0,0,0,0,0,0,0x2d7,0x000
732,1,0,1,0,0,0,2,2,1,0,0,0,0,0,0,0,0x2d8,0x000
733,1,0,1,0,0,0,2,2,1,0,0,0,0,0,0,0,0x2d9,0x000
734,1,0,1,0,0,0,2,2,1,0,0,0,0,0,0,0,0x2da,0x000
735,1,0,1,0,0,0,2,2,1,0,0,0,0,0,0,0,0x2db,0x000
736,1,0,1,0,0,0,2,2,1,0,0,0,0,0,0,0,0x2dc,0x000
737,1,0,1,0,0,0,2,2,1,0,0,0,0,0,0,0,0x2dd,0x000
738,1,0,1,0,0,0,2,2,1,0,0,0,0,0,0,0,0x2de,0x000
739,1,0,1,0,0,0,2,2,1,0,0,0,0,0,0,0,0x2df,0x000
740,1,0,1,0,0,0,2,2,1,0,0,0,0,0,0,0,0x2e0,0x000
741,1,0,1,0,0,0,2,2,1,0,0,0,0,0,0,0,0x2e1,0x000
742,1,0,1,0,0,0,2,2,1,0,0,0,0,0,0,0,0x2e2,0x000
743,1,0,1,0,0,0,2,2,1,0,0,0,0,0,0,0,0x2e3,0x000
744,1,0,1,0,0,0,2,2,1,0,0,0,0,0,0,0,0x2e4,0x000
745,1,0,1,0,0,0,2,2,1,0,0,0,0,0,0,0,0x2e5,0x000
746,1,0,1,0,0,0,2,2,1,0,0,0,0,0,0,0,0x2e6,0x000
747,1,0,1,0,0,0,2,2,1,0,0,0,0,0,0,0,0x2e7,0x000
748,1,0,1,0,0,0,2,2,1,0,0,0,0,0,0,0,0x2e8,0x000
749,1,0,1,0,0,0,2,2,1,0,0,0,0,0,0,0,0x2e9,0x000
750,1,0,1,0,0,0,2,2,1,0,0,0,0,0,0,0,0x2ea,0x000
751,1,0,1,0,0,0,2,2,1,0,0,0,0,0,0,0,0x2eb,0x000
752,1,0,1,0,0,0,2,2,1,0,0,0,0,0,0,0,0x2ec,0x000
753,1,0,1,0,0,0,2,2,1,0,0,0,0,0,0,0,0x2ed,0x000
754,1,0,1,0,0,0,2,2,1,0,0,0,0,0,0,0,0x2ee,0x000
755,1,0,1,0,0,0,2,2,1,0,0,0,0,0,0,0,0x2ef,0x000
756,1,0,1,0,0,0,2,2,1,0,0,0,0,0,0,0,0x2f0,0x000
757,1,0,1,0,0,0,2,2,1,0,0,0,0,0,0,0,0x2f1,0x000
758,1,0,1,0,0,0,2,2,1,0,0,0,0,0,0,0,0x2f2,0x000
759,1,0,1,0,0,0,2,2,1,0,0,0,0,0,0,0,0x2f3,0x000
760,1,0,1,0,0,0,2,2,1,0,0,0,0,0,0,0,0x2f4,0x000
761,1,0,1,0,0,0,2,2,1,0,0,0,0,0,0,0,0x2f5,0x000
762,1,0,1,0,0,0,2,2,1,0,0,0,0,0,0,0,0x2f6,0x000
763,1,0,1,0,0,0,2,2,1,0,0,0,0,0,0,0,0x2f7,0x000
764,1,0,1,0,0,0,2,2,1,0,0,0,0,0,0,0,0x2f8,0x000
765,1,0,1,0,0,0,2,2,1,0,0,0,0,0,0,0,0x2f9,0x000
766,1,0,1,0,0,0,2,2,1,0,0,0,0,0,0,0,0x2fa,0x000
767,1,0,1,0,0,0,2,2,1,0,0,0,0,0,0,0,0x2fb,0x000
768,1,0,1,0,0,0,2,2,1,0,0,0,0,0,0,0,0x2fc,0x000
769,1,0,1,0,0,0,2,2,1,0,0,0,0,0,0,0,0x2fd,0x000
770,1,0,1,0,0,0,2,2,1,0,0,0,0,0,0,0,0x2fe,0x000
771,1,0,1,0,0,0,2,2,1,0,0,0,0,0,0,0,0x2ff,0x000
772,1,0,1,0,0,0,2,2,1,0,0,0,0,0,0,0,0x300,0x000
773,1,0,1,0,0,0,2,2,1,0,0,0,0,0,0,0,0x301,0x000
774,1,0,1,0,0,0,2,2,1,0,0,0,0,0,0,0,0x302,0x000
775,1,0,1,0,0,0,2,2,1,0,0,0,0,0,0,0,0x303,0x000
776,1,0,1,0,0,0,2,2,1,0,0,0,0,0,0,0,0x304,0x000
777,1,0,1,0,0,0,2,2,1,0,0,0,0,0,0,0,0x305,0x000
778,1,0,1,0,0,0,2,2,1,0,0,0,0,0,0,0,0x306,0x000
779,1,0,1,0,0,0,2,2,1,0,0,0,0,0,0,0,0x307,0x000
780,1,0,1,0,0,0,2,2,1,0,0,0,0,0,0,0,0x308,0x000
781,1,0,1,0,0,0,2,2,1,0,0,0,0,0,0,0,0x309,0x000
782,1,0,1,0,0,0,2,2,1,0,0,0,0,0,0,0,0x30a,0x000
783,1,0,1,0,0,0,2,2,1,0,0,0,0,0,0,0,0x30b,0x000
784,1,0,1,0,0,0,2,2,1,0,0,0,0,0,0,0,0x30c,0x000
785,1,0,1,0,0,0,2,2,1,0,0,0,0,0,0,0,0x30d,0x000
786,1,0,1,0,0,0,2,2,1,0,0,0,0,0,0,0,0x30e,0x000
787,1,0,1,0,0,0,2,2,1,0,0,0,0,0,0,0,0x30f,0x000
788,1,0,1,0,0,0,2,2,1,0,0,0,0,0,0,0,0x310,0x000
789,1,0,1,0,0,0,2,2,1,0,0,0,0,0,0,0,0x311,0x000
790,1,0,1,0,0,0,2,2,1,0,0,0,0,0,0,0,0x312,0x000
791,1,0,1,0,0,0,2,2,1,0,0,0,0,0,0,0,0x313,0x000
792,1,0,1,0,0,0,2,2,1,0,0,0,0,0,0,0,0x314,0x000
793,1,0,1,0,0,0,2,2,1,0,0,0,0,0,0,0,0x315,0x000
794,1,0,1,0,0,0,2,2,1,0,0,0,0,0,0,0,0x316,0x000
795,1,0,1,0,0,0,2,2,1,0,0,0,0,0,0,0,0x317,0x000
796,1,0,1,0,0,0,2,2,1,0,0,0,0,0,0,0,0x318,0x000
797,1,0,1,0,0,0,2,2,1,0,0,0,0,0,0,0,0x319,0x000
798,1,0,1,0,0,0,2,2,1,0,0,0,0,0,0,0,0x31a,0x000
799,1,0,1,0,0,0,2,2,1,0,0,0,0,0,0,0,0x31b,0x000
800,1,0,1,0,0,0,2,2,1,0,0,0,0,0,0,0,0x31c,0x000
801,1,0,1,0,0,0,2,2,1,0,0,0,0,0,0,0,0x31d,0x000
802,1,0,1,0,0,0,2,2,1,0,0,0,0,0,0,0,0x31e,0x000
803,1,0,1,0,0,0,2,2,1,0,0,0,0,0,0,0,0x31f,0x000
804,1,0,1,0,0,0,2,2,1,0,0,0,0,0,0,0,0x320,0x000
805,1,0,1,0,0,0,2,2,1,0,0,0,0,0,0,0,0x321,0x000
806,1,0,1,0,0,0,2,2,1,0,0,0,0,0,0,0,0x322,0x000
807,1,0,1,0,0,0,2,2,1,0,0,0,0,0,0,0,0x323,0x000
808,1,0,1,0,0,0,2,2,1,0,0,0,0,0,0,0,0x324,0x000
809,1,0,1,0,0,0,2,2,1,0,0,0,0,0,0,0,0x325,0x000
810,1,0,1,0,0,0,2,2,1,0,0,0,0,0,0,0,0x326,0x000
811,1,0,1,0,0,0,2,2,1,0,0,0,0,0,0,0,0x327,0x000
812,1,0,1,0,0,0,2,2,1,0,0,0,0,0,0,0,0x328,0x000
813,1,0,1,0,0,0,2,2,1,0,0,0,0,0,0,0,0x329,0x000
814,1,0,1,0,0,0,2,2,1,0,0,0,0,0,0,0,0x32a,0x000
815,1,0,1,0,0,0,2,2,1,0,0,0,0,0,0,0,0x32b,0x000
816,1,0,1,0,0,0,2,2,1,0,0,0,0,0,0,0,0x32c,0x000
817,1,0,1,0,0,0,2,2,1,0,0,0,0,0,0,0,0x32d,0x000
818,1,0,1,0,0,0,2,2,1,0,0,0,0,0,0,0,0x32e,0x000
819,1,0,1,0,0,0,2,2,1,0,0,0,0,0,0,0,0x32f,0x000
820,1,0,1,0,0,0,2,2,1,0,0,0,0,0,0,0,0x330,0x000
821,1,0,1,0,0,0,2,2,1,0,0,0,0,0,0,0,0x331,0x000
822,1,0,1,0,0,0,2,2,1,0,0,0,0,0,0,0,0x332,0x000
823,1,0,1,0,0,0,2,2,1,0,0,0,0,0,0,0,0x333,0x000
824,1,0,1,0,0,0,2,2,1,0,0,0,0,0,0,0,0x334,0x000
825,1,0,1,0,0,0,2,2,1,0,0,0,0,0,0,0,0x335,0x000
826,1,0,1,0,0,0,2,2,1,0,0,0,0,0,0,0,0x336,0x000
827,1,0,1,0,0,0,2,2,1,0,0,0,0,0,0,0,0x337,0x000
828,1,0,1,0,0,0,2,2,1,0,0,0,0,0,0,0,0x338,0x000
829,1,0,1,0,0,0,2,2,1,0,0,0,0,0,0,0,0x339,0x000
830,1,0,1,0,0,0,2,2,1,0,0,0,0,0,0,0,0x33a,0x000
831,1,0,1,0,0,0,2,2,1,0,0,0,0,0,0,0,0x33b,0x000
832,1,0,1,0,0,0,2,2,1,0,0,0,0,0,0,0,0x33c,0x000
833,1,0,1,0,0,0,2,2,1,0,0,0,0,0,0,0,0x33d,0x000
834,1,0,1,0,0,0,2,2,1,0,0,0,0,0,0,0,0x33e,0x000
835,1,0,1,0,0,0,2,2,1,0,0,0,0,0,0,0,0x33f,0x000
836,1,0,1,0,0,0,2,2,1,0,0,0,0,0,0,0,0x340,0x000
837,1,0,1,0,0,0,2,2,1,0,0,0,0,0,0,0,0x341,0x000
838,1,0,1,0,0,0,2,2,1,0,0,0,0,0,0,0,0x342,0x000
839,1,0,1,0,0,0,2,2,1,0,0,0,0,0,0,0,0x343,0x000
840,1,0,1,0,0,0,2,2,1,0,0,0,0,0,0,0,0x344,0x000
841,1,0,1,0,0,0,2,2,1,0,0,0,0,0,0,0,0x345,0x000
842,1,0,1,0,0,0,2,2,1,0,0,0,0,0,0,0,0x346,0x000
843,1,0,1,0,0,0,2,2,1,0,0,0,0,0,0,0,0x347,0x000
844,1,0,1,0,0,0,2,2,1,0,0,0,0,0,0,0,0x348,0x000
845,1,0,1,0,0,0,2,2,1,0,0,0,0,0,0,0,0x349,0x000
846,1,0,1,0,0,0,2,2,1,0,0,0,0,0,0,0,0x34a,0x000
847,1,0,1,0,0,0,2,2,1,0,0,0,0,0,0,0,0x34b,0x000
848,1,0,1,0,0,0,2,2,1,0,0,0,0,0,0,0,0x34c,0x000
849,1,0,1,0,0,0,2,2,1,0,0,0,0,0,0,0,0x34d,0x000
850,1,0,1,0,0,0,2,2,1,0,0,0,0,0,0,0,0x34e,0x000
851,1,0,1,0,0,0,2,2,1,0,0,0,0,0,0,0,0x34f,0x000
852,1,0,1,0,0,0,2,2,1,0,0,0,0,0,0,0,0x350,0x000
853,1,0,1,0,0,0,2,2,1,0,0,0,0,0,0,0,0x351,0x000
854,1,0,1,0,0,0,2,2,1,0,0,0,0,0,0,0,0x352,0x000
855,1,0,1,0,0,0,2,2,1,0,0,0,0,0,0,0,0x353,0x000
856,1,0,1,0,0,0,2,2,1,0,0,0,0,0,0,0,0x354,0x000
857,1,0,1,0,0,0,2,2,1,0,0,0,0,0,0,0,0x355,0x000
858,1,0,1,0,0,0,2,2,1,0,0,0,0,0,0,0,0x356,0x000
859,1,0,1,0,0,0,2,2,1,0,0,0,0,0,0,0,0x357,0x000
860,1,0,1,0,0,0,2,2,1,0,0,0,0,0,0,0,0x358,0x000
861,1,0,1,0,0,0,2,2,1,0,0,0,0,0,0,0,0x359,0x000
862,1,0,1,0,0,0,2,2,1,0,0,0,0,0,0,0,0x35a,0x000
863,1,0,1,0,0,0,2,2,1,0,0,0,0,0,0,0,0x35b,0x000
864,1,0,1,0,0,0,2,2,1,0,0,0,0,0,0,0,0x35c,0x000
865,1,0,1,0,0,0,2,2,1,0,0,0,0,0,0,0,0x35d,0x000
866,1,0,1,0,0,0,2,2,1,0,0,0,0,0,0,0,0x35e,0x000
867,1,0,1,0,0,0,2,2,1,0,0,0,0,0,0,0,0x35f,0x000
868,1,0,1,0,0,0,2,2,1,0,0,0,0,0,0,0,0x360,0x000
869,1,0,1,0,0,0,2,2,1,0,0,0,0,0,0,0,0x361,0x000
870,1,0,1,0,0,0,2,2,1,0,0,0,0,0,0,0,0x362,0x000
871,1,0,1,0,0,0,2,2,1,0,0,0,0,0,0,0,0x363,0x000
872,1,0,1,0,0,0,2,2,1,0,0,0,0,0,0,0,0x364,0x000
873,1,0,1,0,0,0,2,2,1,0,0,0,0,0,0,0,0x365,0x000
874,1,0,1,0,0,0,2,2,1,0,0,0,0,0,0,0,0x366,0x000
875,1,0,1,0,0,0,2,2,1,0,0,0,0,0,0,0,0x367,0x000
876,1,0,1,0,0,0,2,2,1,0,0,0,0,0,0,0,0x368,0x000
877,1,0,1,0,0,0,2,2,1,0,0,0,0,0,0,0,0x369,0x000
878,1,0,1,0,0,0,2,2,1,0,0,0,0,0,0,0,0x36a,0x000
879,1,0,1,0,0,0,2,2,1,0,0,0,0,0,0,0,0x36b,0x000
880,1,0,1,0,0,0,2,2,1,0,0,0,0,0,0,0,0x36c,0x000
881,1,0,1,0,0,0,2,2,1,0,0,0,0,0,0,0,0x36d,0x000
882,1,0,1,0,0,0,2,2,1,0,0,0,0,0,0,0,0x36e,0x000
883,1,0,1,0,0,0,2,2,1,0,0,0,0,0,0,0,0x36f,0x000
884,1,0,1,0,0,0,2,2,1,0,0,0,0,0,0,0,0x370,0x000
885,1,0,1,0,0,0,2,2,1,0,0,0,0,0,0,0,0x371,0x000
886,1,0,1,0,0,0,2,2,1,0,0,0,0,0,0,0,0x372,0x000
887,1,0,1,0,0,0,2,2,1,0,0,0,0,0,0,0,0x373,0x000
888,1,0,1,0,0,0,2,2,1,0,0,0,0,0,0,0,0x374,0x000
889,1,0,1,0,0,0,2,2,1,0,0,0,0,0,0,0,0x375,0x000
890,1,0,1,0,0,0,2,2,1,0,0,0,0,0,0,0,0x376,0x000
891,1,0,1,0,0,0,2,2,1,0,0,0,0,0,0,0,0x377,0x000
892,1,0,1,0,0,0,2,2,1,0,0,0,0,0,0,0,0x378,0x000
893,1,0,1,0,0,0,2,2,1,0,0,0,0,0,0,0,0x379,0x000
894,1,0,1,0,0,0,2,2,1,0,0,0,0,0,0,0,0x37a,0x000
895,1,0,1,0,0,0,2,2,1,0,0,0,0,0,0,0,0x37b,0x000
896,1,0,1,0,0,0,2,2,1,0,0,0,0,0,0,0,0x37c,0x000
897,1,0,1,0,0,0,2,2,1,0,0,0,0,0,0,0,0x37d,0x000
898,1,0,1,0,0,0,2,2,1,0,0,0,0,0,0,0,0x37e,0x000
899,1,0,1,0,0,0,2,2,1,0,0,0,0,0,0,0,0x37f,0x000
900,1,0,1,0,0,0,2,2,1,0,0,0,0,0,0,0,0x380,0x000
901,1,0,1,0,0,0,2,2,1,0,0,0,0,0,0,0,0x381,0x000
902,1,0,1,0,0,0,2,2,1,0,0,0,0,0,0,0,0x382,0x000
903,1,0,1,0,0,0,2,2,1,0,0,0,0,0,0,0,0x383,0x000
904,1,0,1,0,0,0,2,2,1,0,0,0,0,0,0,0,0x384,0x000
905,1,0,1,0,0,0,2,2,1,0,0,0,0,0,0,0,0x385,0x000
906,1,0,1,0,0,0,2,2,1,0,0,0,0,0,0,0,0x386,0x000
907,1,0,1,0,0,0,2,2,1,0,0,0,0,0,0,0,0x387,0x000
908,1,0,1,0,0,0,2,2,1,0,0,0,0,0,0,0,0x388,0x000
909,1,0,1,0,0,0,2,2,1,0,0,0,0,0,0,0,0x389,0x000
910,1,0,1,0,0,0,2,2,1,0,0,0,0,0,0,0,0x38a,0x000
911,1,0,1,0,0,0,2,2,1,0,0,0,0,0,0,0,0x38b,0x000
912,1,0,1,0,0,0,2,2,1,0,0,0,0,0,0,0,0x38c,0x000
913,1,0,1,0,0,0,2,2,1,0,0,0,0,0,0,0,0x38d,0x000
914,1,0,1,0,0,0,2,2,1,0,0,0,0,0,0,0,0x38e,0x000
915,1,0,1,0,0,0,2,2,1,0,0,0,0,0,0,0,0x38f,0x000
916,1,0,1,0,0,0,2,2,1,0,0,0,0,0,0,0,0x390,0x000
917,1,0,1,0,0,0,2,2,1,0,0,0,0,0,0,0,0x391,0x000
918,1,0,1,0,0,0,2,2,1,0,0,0,0,0,0,0,0x392,0x000
919,1,0,1,0,0,0,2,2,1,0,0,0,0,0,0,0,0x393,0x000
920,1,0,1,0,0,0,2,2,1,0,0,0,0,0,0,0,0x394,0x000
921,1,0,1,0,0,0,2,2,1,0,0,0,0,0,0,0,0x395,0x000
922,1,0,1,0,0,0,2,2,1,0,0,0,0,0,0,0,0x396,0x000
923,1,0,1,0,0,0,2,2,1,0,0,0,0,0,0,0,0x397,0x000
924,1,0,1,0,0,0,2,2,1,0,0,0,0,0,0,0,0x398,0x000
925,1,0,1,0,0,0,2,2,1,0,0,0,0,0,0,0,0x399,0x000
926,1,0,1,0,0,0,2,2,1,0,0,0,0,0,0,0,0x39a,0x000
927,1,0,1,0,0,0,2,2,1,0,0,0,0,0,0,0,0x39b,0x000
928,1,0,1,0,0,0,2,2,1,0,0,0,0,0,0,0,0x39c,0x000
929,1,0,1,0,0,0,2,2,1,0,0,0,0,0,0,0,0x39d,0x000
930,1,0,1,0,0,0,2,2,1,0,0,0,0,0,0,0,0x39e,0x000
931,1,0,1,0,0,0,2,2,1,0,0,0,0,0,0,0,0x39f,0x000
932,1,0,1,0,0,0,2,2,1,0,0,0,0,0,0,0,0x3a0,0x000
933,1,0,1,0,0,0,2,2,1,0,0,0,0,0,0,0,0x3a1,0x000
934,1,0,1,0,0,0,2,2,1,0,0,0,0,0,0,0,0x3a2,0x000
935,1,0,1,0,0,0,2,2,1,0,0,0,0,0,0,0,0x3a3,0x000
936,1,0,1,0,0,0,2,2,1,0,0,0,0,0,0,0,0x3a4,0x000
937,1,0,1,0,0,0,2,2,1,0,0,0,0,0,0,0,0x3a5,0x000
938,1,0,1,0,0,0,2,2,1,0,0,0,0,0,0,0,0x3a6,0x000
939,1,0,1,0,0,0,2,2,1,0,0,0,0,0,0,0,0x3a7,0x000
940,1,0,1,0,0,0,2,2,1,0,0,0,0,0,0,0,0x3a8,0x000
941,1,0,1,0,0,0,2,2,1,0,0,0,0,0,0,0,0x3a9,0x000
942,1,0,1,0,0,0,2,2,1,0,0,0,0,0,0,0,0x3aa,0x000
943,1,0,1,0,0,0,2,2,1,0,0,0,0,0,0,0,0x3ab,0x000
944,1,0,1,0,0,0,2,2,1,0,0,0,0,0,0,0,0x3ac,0x000
945,1,0,1,0,0,0,2,2,1,0,0,0,0,0,0,0,0x3ad,0x000
946,1,0,1,0,0,0,2,2,1,0,0,0,0,0,0,0,0x3ae,0x000
947,1,0,1,0,0,0,2,2,1,0,0,0,0,0,0,0,0x3af,0x000
948,1,0,1,0,0,0,2,2,1,0,0,0,0,0,0,0,0x3b0,0x000
949,1,0,1,0,0,0,2,2,1,0,0,0,0,0,0,0,0x3b1,0x000
950,1,0,1,0,0,0,2,2,1,0,0,0,0,0,0,0,0x3b2,0x000
951,1,0,1,0,0,0,2,2,1,0,0,0,0,0,0,0,0x3b3,0x000
952,1,0,1,0,0,0,2,2,1,0,0,0,0,0,0,0,0x3b4,0x000
953,1,0,1,0,0,0,2,2,1,0,0,0,0,0,0,0,0x3b5,0x000
954,1,0,1,0,0,0,2,2,1,0,0,0,0,0,0,0,0x3b6,0x000
955,1,0,1,0,0,0,2,2,1,0,0,0,0,0,0,0,0x3b7,0x000
956,1,0,1,0,0,0,2,2,1,0,0,0,0,0,0,0,0x3b8,0x000
957,1,0,1,0,0,0,2,2,1,0,0,0,0,0,0,0,0x3b9,0x000
958,1,0,1,0,0,0,2,2,1,0,0,0,0,0,0,0,0x3ba,0x000
959,1,0,1,0,0,0,2,2,1,0,0,0,0,0,0,0,0x3bb,0x000
960,1,0,1,0,0,0,2,2,1,0,0,0,0,0,0,0,0x3bc,0x000
961,1,0,1,0,0,0,2,2,1,0,0,0,0,0,0,0,0x3bd,0x000
962,1,0,1,0,0,0,2,2,1,0,0,0,0,0,0,0,0x3be,0x000
963,1,0,1,0,0,0,2,2,1,0,0,0,0,0,0,0,0x3bf,0x000
964,1,0,1,0,0,0,2,2,1,0,0,0,0,0,0,0,0x3c0,0x000
965,1,0,1,0,0,0,2,2,1,0,0,0,0,0,0,0,0x3c1,0x000
966,1,0,1,0,0,0,2,2,1,0,0,0,0,0,0,0,0x3c2,0x000
967,1,0,1,0,0,0,2,2,1,0,0,0,0,0,0,0,0x3c3,0x000
968,1,0,1,0,0,0,2,2,1,0,0,0,0,0,0,0,0x3c4,0x000
969,1,0,1,0,0,0,2,2,1,0,0,0,0,0,0,0,0x3c5,0x000
970,1,0,1,0,0,0,2,2,1,0,0,0,0,0,0,0,0x3c6,0x000
971,1,0,1,0,0,0,2,2,1,0,0,0,0,0,0,0,0x3c7,0x000
972,1,0,1,0,0,0,2,2,1,0,0,0,0,0,0,0,0x3c8,0x000
973,1,0,1,0,0,0,2,2,1,0,0,0,0,0,0,0,0x3c9,0x000
974,1,0,1,0,0,0,2,2,1,0,0,0,0,0,0,0,0x3ca,0x000
975,1,0,1,0,0,0,2,2,1,0,0,0,0,0,0,0,0x3cb,0x000
976,1,0,1,0,0,0,2,2,1,0,0,0,0,0,0,0,0x3cc,0x000
977,1,0,1,0,0,0,2,2,1,0,0,0,0,0,0,0,0x3cd,0x000
978,1,0,1,0,0,0,2,2,1,0,0,0,0,0,0,0,0x3ce,0x000
979,1,0,1,0,0,0,2,2,1,0,0,0,0,0,0,0,0x3cf,0x000
980,1,0,1,0,0,0,2,2,1,0,0,0,0,0,0,0,0x3d0,0x000
981,1,0,1,0,0,0,2,2,1,0,0,0,0,0,0,0,0x3d1,0x000
982,1,0,1,0,0,0,2,2,1,0,0,0,0,0,0,0,0x3d2,0x000
983,1,0,1,0,0,0,2,2,1,0,0,0,0,0,0,0,0x3d3,0x000
984,1,0,1,0,0,0,2,2,1,0,0,0,0,0,0,0,0x3d4,0x000
985,1,0,1,0,0,0,2,2,1,0,0,0,0,0,0,0,0x3d5,0x000
986,1,0,1,0,0,0,2,2,1,0,0,0,0,0,0,0,0x3d6,0x000
987,1,0,1,0,0,0,2,2,1,0,0,0,0,0,0,0,0x3d7,0x000
988,1,0,1,0,0,0,2,2,1,0,0,0,0,0,0,0,0x3d8,0x000
989,1,0,1,0,0,0,2,2,1,0,0,0,0,0,0,0,0x3d9,0x000
990,1,0,1,0,0,0,2,2,1,0,0,0,0,0,0,0,0x3da,0x000
991,1,0,1,0,0,0,2,2,1,0,0,0,0,0,0,0,0x3db,0x000
992,1,0,1,0,0,0,2,2,1,0,0,0,0,0,0,0,0x3dc,0x000
993,1,0,1,0,0,0,2,2,1,0,0,0,0,0,0,0,0x3dd,0x000
994,1,0,1,0,0,0,2,2,1,0,0,0,0,0,0,0,0x3de,0x000
995,1,0,1,0,0,0,2,2,1,0,0,0,0,0,0,0,0x3df,0x000
996,1,0,1,0,0,0,2,2,1,0,0,0,0,0,0,0,0x3e0,0x000
997,1,0,1,0,0,0,2,2,1,0,0,0,0,0,0,0,0x3e1,0x000
998,1,0,1,0,0,0,2,2,1,0,0,0,0,0,0,0,0x3e2,0x000
999,1,0,1,0,0,0,2,2,1,0,0,0,0,0,0,0,0x3e3,0x000
1000,1,0,1,0,0,0,2,2,1,0,0,0,0,0,0,0,0x3e4,0x000
1001,1,0,1,0,0,0,2,2,1,0,0,0,0,0,0,0,0x3e5,0x000
1002,1,0,1,0,0,0,2,2,1,0,0,0,0,0,0,0,0x3e6,0x000
1003,1,0,1,0,0,0,2,2,1,0,0,0,0,0,0,0,0x3e7,0x000
1004,1,0,1,0,0,0,2,2,1,0,0,0,0,0,0,0,0x3e8,0x000
1005,1,0,1,0,0,0,2,2,1,0,0,0,0,0,0,0,0x3e9,0x000
1006,1,0,1,0,0,0,2,2,1,0,0,0,0,0,0,0,0x3ea,0x000
1007,1,0,1,0,0,0,2,2,1,0,0,0,0,0,0,0,0x3eb,0x000
1008,1,0,1,0,0,0,2,2,1,0,0,0,0,0,0,0,0x3ec,0x000
1009,1,0,1,0,0,0,2,2,1,0,0,0,0,0,0,0,0x3ed,0x000
1010,1,0,1,0,0,0,2,2,1,0,0,0,0,0,0,0,0x3ee,0x000
1011,1,0,1,0,0,0,2,2,1,0,0,0,0,0,0,0,0x3ef,0x000
1012,1,0,1,0,0,0,2,2,1,0,0,0,0,0,0,0,0x3f0,0x000
1013,1,0,1,0,0,0,2,2,1,0,0,0,0,0,0,0,0x3f1,0x000
1014,1,0,1,0,0,0,2,2,1,0,0,0,0,0,0,0,0x3f2,0x000
1015,1,0,1,0,0,0,2,2,1,0,0,0,0,0,0,0,0x3f3,0x000
1016,1,0,1,0,0,0,2,2,1,0,0,0,0,0,0,0,0x3f4,0x000
1017,1,0,1,0,0,0,2,2,1,0,0,0,0,0,0,0,0x3f5,0x000
1018,1,0,1,0,0,0,2,2,1,0,0,0,0,0,0,0,0x3f6,0x000
1019,1,0,1,0,0,0,2,2,1,0,0,0,0,0,0,0,0x3f7,0x000
1020,1,0,1,0,0,0,2,2,1,0,0,0,0,0,0,0,0x3f8,0x000
1021,1,0,1,0,0,0,2,2,1,0,0,0,0,0,0,0,0x3f9,0x000
1022,1,0,1,0,0,0,2,2,1,0,0,0,0,0,0,0,0x3fa,0x000
1023,1,0,1,0,0,0,2,2,1,0,0,0,0,0,0,0,0x3fb,0x000
1024,1,0,1,0,0,0,2,2,1,0,0,0,0,0,0,0,0x3fc,0x000
1025,1,0,1,0,0,0,2,2,1,0,0,0,0,0,0,0,0x3fd,0x000
1026,1,0,1,0,0,0,2,2,1,0,0,0,0,0,0,0,0x3fe,0x000
1027,1,0,1,0,0,0,2,2,1,0,0,0,0,0,0,0,0x3ff,0x000
1028,1,0,1,0,0,0,2,2,0,1,0,0,0,0,0,0,0x000,0x000
1029,1,0,1,0,0,0,2,3,0,0,0,0,0,0,0,0,0x000,0x000
1030,1,0,1,0,0,0,2,4,0,0,1,0,0,0,0,0,0x000,0x000
1031,1,0,1,0,0,0,2,4,0,0,1,0,0,0,0,0,0x000,0x000
1032,1,0,1,0,0,0,2,4,0,0,1,0,0,0,0,0,0x000,0x000
1033,1,0,1,0,0,0,2,4,0,0,1,0,0,0,0,0,0x000,0x000
1034,1,0,1,0,0,0,2,4,0,0,1,0,0,0,0,0,0x000,0x000
1035,1,0,1,0,0,0,2,4,0,0,1,0,0,0,0,0,0x000,0x000
1036,1,0,1,0,0,0,2,4,0,0,1,0,0,0,0,0,0x000,0x000
1037,1,0,1,0,0,0,2,4,0,0,1,0,0,0,0,0,0x000,0x000
1038,1,0,1,0,0,0,2,4,0,0,1,0,0,0,0,0,0x000,0x000
1039,1,0,1,0,0,0,2,4,0,0,1,0,0,0,0,0,0x000,0x000
1040,1,0,1,0,0,0,2,4,0,0,1,0,0,0,0,0,0x000,0x000
1041,1,0,1,0,0,0,2,4,0,0,1,0,0,0,0,0,0x000,0x000
1042,1,0,1,0,0,0,2,4,0,0,1,0,0,0,0,0,0x000,0x000
1043,1,0,1,0,0,0,2,4,0,0,1,0,0,0,0,0,0x000,0x000
1044,1,0,1,0,0,0,2,4,0,0,1,0,0,0,0,0,0x000,0x000
1045,1,0,1,0,0,0,2,4,0,0,1,0,0,0,0,0,0x000,0x000
1046,1,0,1,0,0,0,2,4,0,0,1,0,0,0,0,0,0x000,0x000
1047,1,0,1,0,0,0,2,4,0,0,1,0,0,0,0,0,0x000,0x000
1048,1,0,1,0,0,0,2,4,0,0,1,0,0,0,0,0,0x000,0x000
1049,1,0,1,0,0,0,2,4,0,0,1,0,0,0,0,0,0x000,0x000
1050,1,0,1,0,0,0,2,4,0,0,1,0,0,0,0,0,0x000,0x000
1051,1,0,1,0,0,0,2,4,0,0,1,0,0,0,0,0,0x000,0x000
1052,1,0,1,0,0,0,2,4,0,0,1,0,0,0,0,0,0x000,0x000
1053,1,0,1,0,0,0,2,4,0,0,1,0,0,0,0,0,0x000,0x000
1054,1,0,1,0,0,0,2,4,0,0,0,1,0,0,0,0,0x000,0x000
1055,1,0,1,0,0,0,2,5,0,0,0,0,0,0,0,0,0x000,0x000
1056,1,0,1,0,0,0,2,6,0,0,0,0,1,0,0,0,0x000,0x000
1057,1,0,1,0,0,0,2,6,0,0,0,0,1,0,0,0,0x000,0x000
1058,1,0,1,0,0,0,2,6,0,0,0,0,1,0,0,0,0x000,0x000
1059,1,0,1,0,0,0,2,6,0,0,0,0,1,0,0,0,0x000,0x000
1060,1,0,1,0,0,0,2,6,0,0,0,0,1,0,0,0,0x000,0x000
1061,1,0,1,0,0,0,2,6,0,0,0,0,1,0,0,0,0x000,0x000
1062,1,0,1,0,0,0,2,6,0,0,0,0,1,0,0,0,0x000,0x000
1063,1,0,1,0,0,0,2,6,0,0,0,0,1,0,0,0,0x000,0x000
1064,1,0,1,0,0,0,2,6,0,0,0,0,1,0,0,0,0x000,0x000
1065,1,0,1,0,0,0,2,6,0,0,0,0,1,0,0,0,0x000,0x000
1066,1,0,1,0,0,0,2,6,0,0,0,0,1,0,0,0,0x000,0x000
1067,1,0,1,0,0,0,2,6,0,0,0,0,1,0,0,0,0x000,0x000
1068,1,0,1,0,0,0,2,6,0,0,0,0,1,0,0,0,0x000,0x000
1069,1,0,1,0,0,0,2,6,0,0,0,0,1,0,0,0,0x000,0x000
1070,1,0,1,0,0,0,2,6,0,0,0,0,1,0,0,0,0x000,0x000
1071,1,0,1,0,0,0,2,6,0,0,0,0,1,0,0,0,0x000,0x000
1072,1,0,1,0,0,0,2,6,0,0,0,0,1,0,0,0,0x000,0x000
1073,1,0,1,0,0,0,2,6,0,0,0,0,1,0,0,0,0x000,0x000
1074,1,0,1,0,0,0,2,6,0,0,0,0,1,0,0,0,0x000,0x000
1075,1,0,1,0,0,0,2,6,0,0,0,0,1,0,0,0,0x000,0x000
1076,1,0,1,0,0,0,2,6,0,0,0,0,1,0,0,0,0x000,0x000
1077,1,0,1,0,0,0,2,6,0,0,0,0,1,0,0,0,0x000,0x000
1078,1,0,1,0,0,0,2,6,0,0,0,0,1,0,0,0,0x000,0x000
1079,1,0,1,0,0,0,2,6,0,0,0,0,1,0,0,0,0x000,0x000
1080,1,0,1,0,0,0,2,6,0,0,0,0,0,1,0,0,0x000,0x000
1081,1,0,1,0,0,0,2,7,0,0,0,0,0,0,0,0,0x000,0x000
1082,1,0,1,0,0,0,2,8,0,0,0,0,0,0,1,0,0x000,0x000
1083,1,0,1,0,0,0,2,8,0,0,0,0,0,0,1,0,0x000,0x001
1084,1,0,1,0,0,0,2,8,0,0,0,0,0,0,1,0,0x000,0x002
1085,1,0,1,0,0,0,2,8,0,0,0,0,0,0,1,0,0x000,0x003
1086,1,0,1,0,0,0,2,8,0,0,0,0,0,0,1,0,0x000,0x004
1087,1,0,1,0,0,0,2,8,0,0,0,0,0,0,1,0,0x000,0x005
1088,1,0,1,0,0,0,2,8,0,0,0,0,0,0,1,0,0x000,0x006
1089,1,0,1,0,0,0,2,8,0,0,0,0,0,0,1,0,0x000,0x007
1090,1,0,1,0,0,0,2,8,0,0,0,0,0,0,1,0,0x000,0x008
1091,1,0,1,0,0,0,2,8,0,0,0,0,0,0,1,0,0x000,0x009
1092,1,0,1,0,0,0,2,8,0,0,0,0,0,0,1,0,0x000,0x00a
1093,1,0,1,0,0,0,2,8,0,0,0,0,0,0,1,0,0x000,0x00b
1094,1,0,1,0,0,0,2,8,0,0,0,0,0,0,1,0,0x000,0x00c
1095,1,0,1,0,0,0,2,8,0,0,0,0,0,0,1,0,0x000,0x00d
1096,1,0,1,0,0,0,2,8,0,0,0,0,0,0,1,0,0x000,0x00e
1097,1,0,1,0,0,0,2,8,0,0,0,0,0,0,1,0,0x000,0x00f
1098,1,0,1,0,0,0,2,8,0,0,0,0,0,0,1,0,0x000,0x010
1099,1,0,1,0,0,0,2,8,0,0,0,0,0,0,1,0,0x000,0x011
1100,1,0,1,0,0,0,2,8,0,0,0,0,0,0,1,0,0x000,0x012
1101,1,0,1,0,0,0,2,8,0,0,0,0,0,0,1,0,0x000,0x013
1102,1,0,1,0,0,0,2,8,0,0,0,0,0,0,1,0,0x000,0x014
1103,1,0,1,0,0,0,2,8,0,0,0,0,0,0,1,0,0x000,0x015
1104,1,0,1,0,0,0,2,8,0,0,0,0,0,0,1,0,0x000,0x016
1105,1,0,1,0,0,0,2,8,0,0,0,0,0,0,1,0,0x000,0x017
1106,1,0,1,0,0,0,2,8,0,0,0,0,0,0,1,0,0x000,0x018
1107,1,0,1,0,0,0,2,8,0,0,0,0,0,0,1,0,0x000,0x019
1108,1,0,1,0,0,0,2,8,0,0,0,0,0,0,1,0,0x000,0x01a
1109,1,0,1,0,0,0,2,8,0,0,0,0,0,0,1,0,0x000,0x01b
1110,1,0,1,0,0,0,2,8,0,0,0,0,0,0,1,0,0x000,0x01c
1111,1,0,1,0,0,0,2,8,0,0,0,0,0,0,1,0,0x000,0x01d
1112,1,0,1,0,0,0,2,8,0,0,0,0,0,0,1,0,0x000,0x01e
1113,1,0,1,0,0,0,2,8,0,0,0,0,0,0,1,0,0x000,0x01f
1114,1,0,1,0,0,0,2,8,0,0,0,0,0,0,1,0,0x000,0x020
1115,1,0,1,0,0,0,2,8,0,0,0,0,0,0,1,0,0x000,0x021
1116,1,0,1,0,0,0,2,8,0,0,0,0,0,0,1,0,0x000,0x022
1117,1,0,1,0,0,0,2,8,0,0,0,0,0,0,1,0,0x000,0x023
1118,1,0,1,0,0,0,2,8,0,0,0,0,0,0,1,0,0x000,0x024
1119,1,0,1,0,0,0,2,8,0,0,0,0,0,0,1,0,0x000,0x025
1120,1,0,1,0,0,0,2,8,0,0,0,0,0,0,1,0,0x000,0x026
1121,1,0,1,0,0,0,2,8,0,0,0,0,0,0,1,0,0x000,0x027
1122,1,0,1,0,0,0,2,8,0,0,0,0,0,0,1,0,0x000,0x028
1123,1,0,1,0,0,0,2,8,0,0,0,0,0,0,1,0,0x000,0x029
1124,1,0,1,0,0,0,2,8,0,0,0,0,0,0,1,0,0x000,0x02a
1125,1,0,1,0,0,0,2,8,0,0,0,0,0,0,1,0,0x000,0x02b
1126,1,0,1,0,0,0,2,8,0,0,0,0,0,0,1,0,0x000,0x02c
1127,1,0,1,0,0,0,2,8,0,0,0,0,0,0,1,0,0x000,0x02d
1128,1,0,1,0,0,0,2,8,0,0,0,0,0,0,1,0,0x000,0x02e
1129,1,0,1,0,0,0,2,8,0,0,0,0,0,0,1,0,0x000,0x02f
1130,1,0,1,0,0,0,2,8,0,0,0,0,0,0,1,0,0x000,0x030
1131,1,0,1,0,0,0,2,8,0,0,0,0,0,0,1,0,0x000,0x031
1132,1,0,1,0,0,0,2,8,0,0,0,0,0,0,1,0,0x000,0x032
1133,1,0,1,0,0,0,2,8,0,0,0,0,0,0,1,0,0x000,0x033
1134,1,0,1,0,0,0,2,8,0,0,0,0,0,0,1,0,0x000,0x034
1135,1,0,1,0,0,0,2,8,0,0,0,0,0,0,1,0,0x000,0x035
1136,1,0,1,0,0,0,2,8,0,0,0,0,0,0,1,0,0x000,0x036
1137,1,0,1,0,0,0,2,8,0,0,0,0,0,0,1,0,0x000,0x037
1138,1,0,1,0,0,0,2,8,0,0,0,0,0,0,1,0,0x000,0x038
1139,1,0,1,0,0,0,2,8,0,0,0,0,0,0,1,0,0x000,0x039
1140,1,0,1,0,0,0,2,8,0,0,0,0,0,0,1,0,0x000,0x03a
1141,1,0,1,0,0,0,2,8,0,0,0,0,0,0,1,0,0x000,0x03b
1142,1,0,1,0,0,0,2,8,0,0,0,0,0,0,1,0,0x000,0x03c
1143,1,0,1,0,0,0,2,8,0,0,0,0,0,0,1,0,0x000,0x03d
1144,1,0,1,0,0,0,2,8,0,0,0,0,0,0,1,0,0x000,0x03e
1145,1,0,1,0,0,0,2,8,0,0,0,0,0,0,1,0,0x000,0x03f
1146,1,0,1,0,0,0,2,8,0,0,0,0,0,0,1,0,0x000,0x040
1147,1,0,1,0,0,0,2,8,0,0,0,0,0,0,1,0,0x000,0x041
1148,1,0,1,0,0,0,2,8,0,0,0,0,0,0,1,0,0x000,0x042
1149,1,0,1,0,0,0,2,8,0,0,0,0,0,0,1,0,0x000,0x043
1150,1,0,1,0,0,0,2,8,0,0,0,0,0,0,1,0,0x000,0x044
1151,1,0,1,0,0,0,2,8,0,0,0,0,0,0,1,0,0x000,0x045
1152,1,0,1,0,0,0,2,8,0,0,0,0,0,0,1,0,0x000,0x046
1153,1,0,1,0,0,0,2,8,0,0,0,0,0,0,1,0,0x000,0x047
1154,1,0,1,0,0,0,2,8,0,0,0,0,0,0,1,0,0x000,0x048
1155,1,0,1,0,0,0,2,8,0,0,0,0,0,0,1,0,0x000,0x049
1156,1,0,1,0,0,0,2,8,0,0,0,0,0,0,1,0,0x000,0x04a
1157,1,0,1,0,0,0,2,8,0,0,0,0,0,0,1,0,0x000,0x04b
1158,1,0,1,0,0,0,2,8,0,0,0,0,0,0,1,0,0x000,0x04c
1159,1,0,1,0,0,0,2,8,0,0,0,0,0,0,1,0,0x000,0x04d
1160,1,0,1,0,0,0,2,8,0,0,0,0,0,0,1,0,0x000,0x04e
1161,1,0,1,0,0,0,2,8,0,0,0,0,0,0,1,0,0x000,0x04f
1162,1,0,1,0,0,0,2,8,0,0,0,0,0,0,1,0,0x000,0x050
1163,1,0,1,0,0,0,2,8,0,0,0,0,0,0,1,0,0x000,0x051
1164,1,0,1,0,0,0,2,8,0,0,0,0,0,0,1,0,0x000,0x052
1165,1,0,1,0,0,0,2,8,0,0,0,0,0,0,1,0,0x000,0x053
1166,1,0,1,0,0,0,2,8,0,0,0,0,0,0,1,0,0x000,0x054
1167,1,0,1,0,0,0,2,8,0,0,0,0,0,0,1,0,0x000,0x055
1168,1,0,1,0,0,0,2,8,0,0,0,0,0,0,1,0,0x000,0x056
1169,1,0,1,0,0,0,2,8,0,0,0,0,0,0,1,0,0x000,0x057
1170,1,0,1,0,0,0,2,8,0,0,0,0,0,0,1,0,0x000,0x058
1171,1,0,1,0,0,0,2,8,0,0,0,0,0,0,1,0,0x000,0x059
1172,1,0,1,0,0,0,2,8,0,0,0,0,0,0,1,0,0x000,0x05a
1173,1,0,1,0,0,0,2,8,0,0,0,0,0,0,1,0,0x000,0x05b
1174,1,0,1,0,0,0,2,8,0,0,0,0,0,0,1,0,0x000,0x05c
1175,1,0,1,0,0,0,2,8,0,0,0,0,0,0,1,0,0x000,0x05d
1176,1,0,1,0,0,0,2,8,0,0,0,0,0,0,1,0,0x000,0x05e
1177,1,0,1,0,0,0,2,8,0,0,0,0,0,0,1,0,0x000,0x05f
1178,1,0,1,0,0,0,2,8,0,0,0,0,0,0,1,0,0x000,0x060
1179,1,0,1,0,0,0,2,8,0,0,0,0,0,0,1,0,0x000,0x061
1180,1,0,1,0,0,0,2,8,0,0,0,0,0,0,1,0,0x000,0x062
1181,1,0,1,0,0,0,2,8,0,0,0,0,0,0,1,0,0x000,0x063
1182,1,0,1,0,0,0,2,8,0,0,0,0,0,0,1,0,0x000,0x064
1183,1,0,1,0,0,0,2,8,0,0,0,0,0,0,1,0,0x000,0x065
1184,1,0,1,0,0,0,2,8,0,0,0,0,0,0,1,0,0x000,0x066
1185,1,0,1,0,0,0,2,8,0,0,0,0,0,0,1,0,0x000,0x067
1186,1,0,1,0,0,0,2,8,0,0,0,0,0,0,1,0,0x000,0x068
1187,1,0,1,0,0,0,2,8,0,0,0,0,0,0,1,0,0x000,0x069
1188,1,0,1,0,0,0,2,8,0,0,0,0,0,0,1,0,0x000,0x06a
1189,1,0,1,0,0,0,2,8,0,0,0,0,0,0,1,0,0x000,0x06b
1190,1,0,1,0,0,0,2,8,0,0,0,0,0,0,1,0,0x000,0x06c
1191,1,0,1,0,0,0,2,8,0,0,0,0,0,0,1,0,0x000,0x06d
1192,1,0,1,0,0,0,2,8,0,0,0,0,0,0,1,0,0x000,0x06e
1193,1,0,1,0,0,0,2,8,0,0,0,0,0,0,1,0,0x000,0x06f
1194,1,0,1,0,0,0,2,8,0,0,0,0,0,0,1,0,0x000,0x070
1195,1,0,1,0,0,0,2,8,0,0,0,0,0,0,1,0,0x000,0x071
1196,1,0,1,0,0,0,2,8,0,0,0,0,0,0,1,0,0x000,0x072
1197,1,0,1,0,0,0,2,8,0,0,0,0,0,0,1,0,0x000,0x073
1198,1,0,1,0,0,0,2,8,0,0,0,0,0,0,1,0,0x000,0x074
1199,1,0,1,0,0,0,2,8,0,0,0,0,0,0,1,0,0x000,0x075
1200,1,0,1,0,0,0,2,8,0,0,0,0,0,0,1,0,0x000,0x076
1201,1,0,1,0,0,0,2,8,0,0,0,0,0,0,1,0,0x000,0x077
1202,1,0,1,0,0,0,2,8,0,0,0,0,0,0,1,0,0x000,0x078
1203,1,0,1,0,0,0,2,8,0,0,0,0,0,0,1,0,0x000,0x079
1204,1,0,1,0,0,0,2,8,0,0,0,0,0,0,1,0,0x000,0x07a
1205,1,0,1,0,0,0,2,8,0,0,0,0,0,0,1,0,0x000,0x07b
1206,1,0,1,0,0,0,2,8,0,0,0,0,0,0,1,0,0x000,0x07c
1207,1,0,1,0,0,0,2,8,0,0,0,0,0,0,1,0,0x000,0x07d
1208,1,0,1,0,0,0,2,8,0,0,0,0,0,0,1,0,0x000,0x07e
1209,1,0,1,0,0,0,2,8,0,0,0,0,0,0,1,0,0x000,0x07f
1210,1,0,1,0,0,0,2,8,0,0,0,0,0,0,1,0,0x000,0x080
1211,1,0,1,0,0,0,2,8,0,0,0,0,0,0,1,0,0x000,0x081
1212,1,0,1,0,0,0,2,8,0,0,0,0,0,0,1,0,0x000,0x082
1213,1,0,1,0,0,0,2,8,0,0,0,0,0,0,1,0,0x000,0x083
1214,1,0,1,0,0,0,2,8,0,0,0,0,0,0,1,0,0x000,0x084
1215,1,0,1,0,0,0,2,8,0,0,0,0,0,0,1,0,0x000,0x085
1216,1,0,1,0,0,0,2,8,0,0,0,0,0,0,1,0,0x000,0x086
1217,1,0,1,0,0,0,2,8,0,0,0,0,0,0,1,0,0x000,0x087
1218,1,0,1,0,0,0,2,8,0,0,0,0,0,0,1,0,0x000,0x088
1219,1,0,1,0,0,0,2,8,0,0,0,0,0,0,1,0,0x000,0x089
1220,1,0,1,0,0,0,2,8,0,0,0,0,0,0,1,0,0x000,0x08a
1221,1,0,1,0,0,0,2,8,0,0,0,0,0,0,1,0,0x000,0x08b
1222,1,0,1,0,0,0,2,8,0,0,0,0,0,0,1,0,0x000,0x08c
1223,1,0,1,0,0,0,2,8,0,0,0,0,0,0,1,0,0x000,0x08d
1224,1,0,1,0,0,0,2,8,0,0,0,0,0,0,1,0,0x000,0x08e
1225,1,0,1,0,0,0,2,8,0,0,0,0,0,0,1,0,0x000,0x08f
1226,1,0,1,0,0,0,2,8,0,0,0,0,0,0,1,0,0x000,0x090
1227,1,0,1,0,0,0,2,8,0,0,0,0,0,0,1,0,0x000,0x091
1228,1,0,1,0,0,0,2,8,0,0,0,0,0,0,1,0,0x000,0x092
1229,1,0,1,0,0,0,2,8,0,0,0,0,0,0,1,0,0x000,0x093
1230,1,0,1,0,0,0,2,8,0,0,0,0,0,0,1,0,0x000,0x094
1231,1,0,1,0,0,0,2,8,0,0,0,0,0,0,1,0,0x000,0x095
1232,1,0,1,0,0,0,2,8,0,0,0,0,0,0,1,0,0x000,0x096
1233,1,0,1,0,0,0,2,8,0,0,0,0,0,0,1,0,0x000,0x097
1234,1,0,1,0,0,0,2,8,0,0,0,0,0,0,1,0,0x000,0x098
1235,1,0,1,0,0,0,2,8,0,0,0,0,0,0,1,0,0x000,0x099
1236,1,0,1,0,0,0,2,8,0,0,0,0,0,0,1,0,0x000,0x09a
1237,1,0,1,0,0,0,2,8,0,0,0,0,0,0,1,0,0x000,0x09b
1238,1,0,1,0,0,0,2,8,0,0,0,0,0,0,1,0,0x000,0x09c
1239,1,0,1,0,0,0,2,8,0,0,0,0,0,0,1,0,0x000,0x09d
1240,1,0,1,0,0,0,2,8,0,0,0,0,0,0,1,0,0x000,0x09e
1241,1,0,1,0,0,0,2,8,0,0,0,0,0,0,1,0,0x000,0x09f
1242,1,0,1,0,0,0,2,8,0,0,0,0,0,0,1,0,0x000,0x0a0
1243,1,0,1,0,0,0,2,8,0,0,0,0,0,0,1,0,0x000,0x0a1
1244,1,0,1,0,0,0,2,8,0,0,0,0,0,0,1,0,0x000,0x0a2
1245,1,0,1,0,0,0,2,8,0,0,0,0,0,0,1,0,0x000,0x0a3
1246,1,0,1,0,0,0,2,8,0,0,0,0,0,0,1,0,0x000,0x0a4
1247,1,0,1,0,0,0,2,8,0,0,0,0,0,0,1,0,0x000,0x0a5
1248,1,0,1,0,0,0,2,8,0,0,0,0,0,0,1,0,0x000,0x0a6
1249,1,0,1,0,0,0,2,8,0,0,0,0,0,0,1,0,0x000,0x0a7
1250,1,0,1,0,0,0,2,8,0,0,0,0,0,0,1,0,0x000,0x0a8
1251,1,0,1,0,0,0,2,8,0,0,0,0,0,0,1,0,0x000,0x0a9
1252,1,0,1,0,0,0,2,8,0,0,0,0,0,0,1,0,0x000,0x0aa
1253,1,0,1,0,0,0,2,8,0,0,0,0,0,0,1,0,0x000,0x0ab
1254,1,0,1,0,0,0,2,8,0,0,0,0,0,0,1,0,0x000,0x0ac
1255,1,0,1,0,0,0,2,8,0,0,0,0,0,0,1,0,0x000,0x0ad
1256,1,0,1,0,0,0,2,8,0,0,0,0,0,0,1,0,0x000,0x0ae
1257,1,0,1,0,0,0,2,8,0,0,0,0,0,0,1,0,0x000,0x0af
1258,1,0,1,0,0,0,2,8,0,0,0,0,0,0,1,0,0x000,0x0b0
1259,1,0,1,0,0,0,2,8,0,0,0,0,0,0,1,0,0x000,0x0b1
1260,1,0,1,0,0,0,2,8,0,0,0,0,0,0,1,0,0x000,0x0b2
1261,1,0,1,0,0,0,2,8,0,0,0,0,0,0,1,0,0x000,0x0b3
1262,1,0,1,0,0,0,2,8,0,0,0,0,0,0,1,0,0x000,0x0b4
1263,1,0,1,0,0,0,2,8,0,0,0,0,0,0,1,0,0x000,0x0b5
1264,1,0,1,0,0,0,2,8,0,0,0,0,0,0,1,0,0x000,0x0b6
1265,1,0,1,0,0,0,2,8,0,0,0,0,0,0,1,0,0x000,0x0b7
1266,1,0,1,0,0,0,2,8,0,0,0,0,0,0,1,0,0x000,0x0b8
1267,1,0,1,0,0,0,2,8,0,0,0,0,0,0,1,0,0x000,0x0b9
1268,1,0,1,0,0,0,2,8,0,0,0,0,0,0,1,0,0x000,0x0ba
1269,1,0,1,0,0,0,2,8,0,0,0,0,0,0,1,0,0x000,0x0bb
1270,1,0,1,0,0,0,2,8,0,0,0,0,0,0,1,0,0x000,0x0bc
1271,1,0,1,0,0,0,2,8,0,0,0,0,0,0,1,0,0x000,0x0bd
1272,1,0,1,0,0,0,2,8,0,0,0,0,0,0,1,0,0x000,0x0be
1273,1,0,1,0,0,0,2,8,0,0,0,0,0,0,1,0,0x000,0x0bf
1274,1,0,1,0,0,0,2,8,0,0,0,0,0,0,1,0,0x000,0x0c0
1275,1,0,1,0,0,0,2,8,0,0,0,0,0,0,1,0,0x000,0x0c1
1276,1,0,1,0,0,0,2,8,0,0,0,0,0,0,1,0,0x000,0x0c2
1277,1,0,1,0,0,0,2,8,0,0,0,0,0,0,1,0,0x000,0x0c3
1278,1,0,1,0,0,0,2,8,0,0,0,0,0,0,1,0,0x000,0x0c4
1279,1,0,1,0,0,0,2,8,0,0,0,0,0,0,1,0,0x000,0x0c5
1280,1,0,1,0,0,0,2,8,0,0,0,0,0,0,1,0,0x000,0x0c6
1281,1,0,1,0,0,0,2,8,0,0,0,0,0,0,1,0,0x000,0x0c7
1282,1,0,1,0,0,0,2,8,0,0,0,0,0,0,1,0,0x000,0x0c8
1283,1,0,1,0,0,0,2,8,0,0,0,0,0,0,1,0,0x000,0x0c9
1284,1,0,1,0,0,0,2,8,0,0,0,0,0,0,1,0,0x000,0x0ca
1285,1,0,1,0,0,0,2,8,0,0,0,0,0,0,1,0,0x000,0x0cb
1286,1,0,1,0,0,0,2,8,0,0,0,0,0,0,1,0,0x000,0x0cc
1287,1,0,1,0,0,0,2,8,0,0,0,0,0,0,1,0,0x000,0x0cd
1288,1,0,1,0,0,0,2,8,0,0,0,0,0,0,1,0,0x000,0x0ce
1289,1,0,1,0,0,0,2,8,0,0,0,0,0,0,1,0,0x000,0x0cf
1290,1,0,1,0,0,0,2,8,0,0,0,0,0,0,1,0,0x000,0x0d0
1291,1,0,1,0,0,0,2,8,0,0,0,0,0,0,1,0,0x000,0x0d1
1292,1,0,1,0,0,0,2,8,0,0,0,0,0,0,1,0,0x000,0x0d2
1293,1,0,1,0,0,0,2,8,0,0,0,0,0,0,1,0,0x000,0x0d3
1294,1,0,1,0,0,0,2,8,0,0,0,0,0,0,1,0,0x000,0x0d4
1295,1,0,1,0,0,0,2,8,0,0,0,0,0,0,1,0,0x000,0x0d5
1296,1,0,1,0,0,0,2,8,0,0,0,0,0,0,1,0,0x000,0x0d6
1297,1,0,1,0,0,0,2,8,0,0,0,0,0,0,1,0,0x000,0x0d7
1298,1,0,1,0,0,0,2,8,0,0,0,0,0,0,1,0,0x000,0x0d8
1299,1,0,1,0,0,0,2,8,0,0,0,0,0,0,1,0,0x000,0x0d9
1300,1,0,1,0,0,0,2,8,0,0,0,0,0,0,1,0,0x000,0x0da
1301,1,0,1,0,0,0,2,8,0,0,0,0,0,0,1,0,0x000,0x0db
1302,1,0,1,0,0,0,2,8,0,0,0,0,0,0,1,0,0x000,0x0dc
1303,1,0,1,0,0,0,2,8,0,0,0,0,0,0,1,0,0x000,0x0dd
1304,1,0,1,0,0,0,2,8,0,0,0,0,0,0,1,0,0x000,0x0de
1305,1,0,1,0,0,0,2,8,0,0,0,0,0,0,1,0,0x000,0x0df
1306,1,0,1,0,0,0,2,8,0,0,0,0,0,0,1,0,0x000,0x0e0
1307,1,0,1,0,0,0,2,8,0,0,0,0,0,0,1,0,0x000,0x0e1
1308,1,0,1,0,0,0,2,8,0,0,0,0,0,0,1,0,0x000,0x0e2
1309,1,0,1,0,0,0,2,8,0,0,0,0,0,0,1,0,0x000,0x0e3
1310,1,0,1,0,0,0,2,8,0,0,0,0,0,0,1,0,0x000,0x0e4
1311,1,0,1,0,0,0,2,8,0,0,0,0,0,0,1,0,0x000,0x0e5
1312,1,0,1,0,0,0,2,8,0,0,0,0,0,0,1,0,0x000,0x0e6
1313,1,0,1,0,0,0,2,8,0,0,0,0,0,0,1,0,0x000,0x0e7
1314,1,0,1,0,0,0,2,8,0,0,0,0,0,0,1,0,0x000,0x0e8
1315,1,0,1,0,0,0,2,8,0,0,0,0,0,0,1,0,0x000,0x0e9
1316,1,0,1,0,0,0,2,8,0,0,0,0,0,0,1,0,0x000,0x0ea
1317,1,0,1,0,0,0,2,8,0,0,0,0,0,0,1,0,0x000,0x0eb
1318,1,0,1,0,0,0,2,8,0,0,0,0,0,0,1,0,0x000,0x0ec
1319,1,0,1,0,0,0,2,8,0,0,0,0,0,0,1,0,0x000,0x0ed
1320,1,0,1,0,0,0,2,8,0,0,0,0,0,0,1,0,0x000,0x0ee
1321,1,0,1,0,0,0,2,8,0,0,0,0,0,0,1,0,0x000,0x0ef
1322,1,0,1,0,0,0,2,8,0,0,0,0,0,0,1,0,0x000,0x0f0
1323,1,0,1,0,0,0,2,8,0,0,0,0,0,0,1,0,0x000,0x0f1
1324,1,0,1,0,0,0,2,8,0,0,0,0,0,0,1,0,0x000,0x0f2
1325,1,0,1,0,0,0,2,8,0,0,0,0,0,0,1,0,0x000,0x0f3
1326,1,0,1,0,0,0,2,8,0,0,0,0,0,0,1,0,0x000,0x0f4
1327,1,0,1,0,0,0,2,8,0,0,0,0,0,0,1,0,0x000,0x0f5
1328,1,0,1,0,0,0,2,8,0,0,0,0,0,0,1,0,0x000,0x0f6
1329,1,0,1,0,0,0,2,8,0,0,0,0,0,0,1,0,0x000,0x0f7
1330,1,0,1,0,0,0,2,8,0,0,0,0,0,0,1,0,0x000,0x0f8
1331,1,0,1,0,0,0,2,8,0,0,0,0,0,0,1,0,0x000,0x0f9
1332,1,0,1,0,0,0,2,8,0,0,0,0,0,0,1,0,0x000,0x0fa
1333,1,0,1,0,0,0,2,8,0,0,0,0,0,0,1,0,0x000,0x0fb
1334,1,0,1,0,0,0,2,8,0,0,0,0,0,0,1,0,0x000,0x0fc
1335,1,0,1,0,0,0,2,8,0,0,0,0,0,0,1,0,0x000,0x0fd
1336,1,0,1,0,0,0,2,8,0,0,0,0,0,0,1,0,0x000,0x0fe
1337,1,0,1,0,0,0,2,8,0,0,0,0,0,0,1,0,0x000,0x0ff
1338,1,0,1,0,0,0,2,8,0,0,0,0,0,0,1,0,0x000,0x100
1339,1,0,1,0,0,0,2,8,0,0,0,0,0,0,1,0,0x000,0x101
1340,1,0,1,0,0,0,2,8,0,0,0,0,0,0,1,0,0x000,0x102
1341,1,0,1,0,0,0,2,8,0,0,0,0,0,0,1,0,0x000,0x103
1342,1,0,1,0,0,0,2,8,0,0,0,0,0,0,1,0,0x000,0x104
1343,1,0,1,0,0,0,2,8,0,0,0,0,0,0,1,0,0x000,0x105
1344,1,0,1,0,0,0,2,8,0,0,0,0,0,0,1,0,0x000,0x106
1345,1,0,1,0,0,0,2,8,0,0,0,0,0,0,1,0,0x000,0x107
1346,1,0,1,0,0,0,2,8,0,0,0,0,0,0,1,0,0x000,0x108
1347,1,0,1,0,0,0,2,8,0,0,0,0,0,0,1,0,0x000,0x109
1348,1,0,1,0,0,0,2,8,0,0,0,0,0,0,1,0,0x000,0x10a
1349,1,0,1,0,0,0,2,8,0,0,0,0,0,0,1,0,0x000,0x10b
1350,1,0,1,0,0,0,2,8,0,0,0,0,0,0,1,0,0x000,0x10c
1351,1,0,1,0,0,0,2,8,0,0,0,0,0,0,1,0,0x000,0x10d
1352,1,0,1,0,0,0,2,8,0,0,0,0,0,0,1,0,0x000,0x10e
1353,1,0,1,0,0,0,2,8,0,0,0,0,0,0,1,0,0x000,0x10f
1354,1,0,1,0,0,0,2,8,0,0,0,0,0,0,1,0,0x000,0x110
1355,1,0,1,0,0,0,2,8,0,0,0,0,0,0,1,0,0x000,0x111
1356,1,0,1,0,0,0,2,8,0,0,0,0,0,0,1,0,0x000,0x112
1357,1,0,1,0,0,0,2,8,0,0,0,0,0,0,1,0,0x000,0x113
1358,1,0,1,0,0,0,2,8,0,0,0,0,0,0,1,0,0x000,0x114
1359,1,0,1,0,0,0,2,8,0,0,0,0,0,0,1,0,0x000,0x115
1360,1,0,1,0,0,0,2,8,0,0,0,0,0,0,1,0,0x000,0x116
1361,1,0,1,0,0,0,2,8,0,0,0,0,0,0,1,0,0x000,0x117
1362,1,0,1,0,0,0,2,8,0,0,0,0,0,0,1,0,0x000,0x118
1363,1,0,1,0,0,0,2,8,0,0,0,0,0,0,1,0,0x000,0x119
1364,1,0,1,0,0,0,2,8,0,0,0,0,0,0,1,0,0x000,0x11a
1365,1,0,1,0,0,0,2,8,0,0,0,0,0,0,1,0,0x000,0x11b
1366,1,0,1,0,0,0,2,8,0,0,0,0,0,0,1,0,0x000,0x11c
1367,1,0,1,0,0,0,2,8,0,0,0,0,0,0,1,0,0x000,0x11d
1368,1,0,1,0,0,0,2,8,0,0,0,0,0,0,1,0,0x000,0x11e
1369,1,0,1,0,0,0,2,8,0,0,0,0,0,0,1,0,0x000,0x11f
1370,1,0,1,0,0,0,2,8,0,0,0,0,0,0,1,0,0x000,0x120
1371,1,0,1,0,0,0,2,8,0,0,0,0,0,0,1,0,0x000,0x121
1372,1,0,1,0,0,0,2,8,0,0,0,0,0,0,1,0,0x000,0x122
1373,1,0,1,0,0,0,2,8,0,0,0,0,0,0,1,0,0x000,0x123
1374,1,0,1,0,0,0,2,8,0,0,0,0,0,0,1,0,0x000,0x124
1375,1,0,1,0,0,0,2,8,0,0,0,0,0,0,1,0,0x000,0x125
1376,1,0,1,0,0,0,2,8,0,0,0,0,0,0,1,0,0x000,0x126
1377,1,0,1,0,0,0,2,8,0,0,0,0,0,0,1,0,0x000,0x127
1378,1,0,1,0,0,0,2,8,0,0,0,0,0,0,1,0,0x000,0x128
1379,1,0,1,0,0,0,2,8,0,0,0,0,0,0,1,0,0x000,0x129
1380,1,0,1,0,0,0,2,8,0,0,0,0,0,0,1,0,0x000,0x12a
1381,1,0,1,0,0,0,2,8,0,0,0,0,0,0,1,0,0x000,0x12b
1382,1,0,1,0,0,0,2,8,0,0,0,0,0,0,1,0,0x000,0x12c
1383,1,0,1,0,0,0,2,8,0,0,0,0,0,0,1,0,0x000,0x12d
1384,1,0,1,0,0,0,2,8,0,0,0,0,0,0,1,0,0x000,0x12e
1385,1,0,1,0,0,0,2,8,0,0,0,0,0,0,1,0,0x000,0x12f
1386,1,0,1,0,0,0,2,8,0,0,0,0,0,0,1,0,0x000,0x130
1387,1,0,1,0,0,0,2,8,0,0,0,0,0,0,1,0,0x000,0x131
1388,1,0,1,0,0,0,2,8,0,0,0,0,0,0,1,0,0x000,0x132
1389,1,0,1,0,0,0,2,8,0,0,0,0,0,0,1,0,0x000,0x133
1390,1,0,1,0,0,0,2,8,0,0,0,0,0,0,1,0,0x000,0x134
1391,1,0,1,0,0,0,2,8,0,0,0,0,0,0,1,0,0x000,0x135
1392,1,0,1,0,0,0,2,8,0,0,0,0,0,0,1,0,0x000,0x136
1393,1,0,1,0,0,0,2,8,0,0,0,0,0,0,1,0,0x000,0x137
1394,1,0,1,0,0,0,2,8,0,0,0,0,0,0,1,0,0x000,0x138
1395,1,0,1,0,0,0,2,8,0,0,0,0,0,0,1,0,0x000,0x139
1396,1,0,1,0,0,0,2,8,0,0,0,0,0,0,1,0,0x000,0x13a
1397,1,0,1,0,0,0,2,8,0,0,0,0,0,0,1,0,0x000,0x13b
1398,1,0,1,0,0,0,2,8,0,0,0,0,0,0,1,0,0x000,0x13c
1399,1,0,1,0,0,0,2,8,0,0,0,0,0,0,1,0,0x000,0x13d
1400,1,0,1,0,0,0,2,8,0,0,0,0,0,0,1,0,0x000,0x13e
1401,1,0,1,0,0,0,2,8,0,0,0,0,0,0,1,0,0x000,0x13f
1402,1,0,1,0,0,0,2,8,0,0,0,0,0,0,1,0,0x000,0x140
1403,1,0,1,0,0,0,2,8,0,0,0,0,0,0,1,0,0x000,0x141
1404,1,0,1,0,0,0,2,8,0,0,0,0,0,0,1,0,0x000,0x142
1405,1,0,1,0,0,0,2,8,0,0,0,0,0,0,1,0,0x000,0x143
1406,1,0,1,0,0,0,2,8,0,0,0,0,0,0,1,0,0x000,0x144
1407,1,0,1,0,0,0,2,8,0,0,0,0,0,0,1,0,0x000,0x145
1408,1,0,1,0,0,0,2,8,0,0,0,0,0,0,1,0,0x000,0x146
1409,1,0,1,0,0,0,2,8,0,0,0,0,0,0,1,0,0x000,0x147
1410,1,0,1,0,0,0,2,8,0,0,0,0,0,0,1,0,0x000,0x148
1411,1,0,1,0,0,0,2,8,0,0,0,0,0,0,1,0,0x000,0x149
1412,1,0,1,0,0,0,2,8,0,0,0,0,0,0,1,0,0x000,0x14a
1413,1,0,1,0,0,0,2,8,0,0,0,0,0,0,1,0,0x000,0x14b
1414,1,0,1,0,0,0,2,8,0,0,0,0,0,0,1,0,0x000,0x14c
1415,1,0,1,0,0,0,2,8,0,0,0,0,0,0,1,0,0x000,0x14d
1416,1,0,1,0,0,0,2,8,0,0,0,0,0,0,1,0,0x000,0x14e
1417,1,0,1,0,0,0,2,8,0,0,0,0,0,0,1,0,0x000,0x14f
1418,1,0,1,0,0,0,2,8,0,0,0,0,0,0,1,0,0x000,0x150
1419,1,0,1,0,0,0,2,8,0,0,0,0,0,0,1,0,0x000,0x151
1420,1,0,1,0,0,0,2,8,0,0,0,0,0,0,1,0,0x000,0x152
1421,1,0,1,0,0,0,2,8,0,0,0,0,0,0,1,0,0x000,0x153
1422,1,0,1,0,0,0,2,8,0,0,0,0,0,0,1,0,0x000,0x154
1423,1,0,1,0,0,0,2,8,0,0,0,0,0,0,1,0,0x000,0x155
1424,1,0,1,0,0,0,2,8,0,0,0,0,0,0,1,0,0x000,0x156
1425,1,0,1,0,0,0,2,8,0,0,0,0,0,0,1,0,0x000,0x157
1426,1,0,1,0,0,0,2,8,0,0,0,0,0,0,1,0,0x000,0x158
1427,1,0,1,0,0,0,2,8,0,0,0,0,0,0,1,0,0x000,0x159
1428,1,0,1,0,0,0,2,8,0,0,0,0,0,0,1,0,0x000,0x15a
1429,1,0,1,0,0,0,2,8,0,0,0,0,0,0,1,0,0x000,0x15b
1430,1,0,1,0,0,0,2,8,0,0,0,0,0,0,1,0,0x000,0x15c
1431,1,0,1,0,0,0,2,8,0,0,0,0,0,0,1,0,0x000,0x15d
1432,1,0,1,0,0,0,2,8,0,0,0,0,0,0,1,0,0x000,0x15e
1433,1,0,1,0,0,0,2,8,0,0,0,0,0,0,1,0,0x000,0x15f
1434,1,0,1,0,0,0,2,8,0,0,0,0,0,0,1,0,0x000,0x160
1435,1,0,1,0,0,0,2,8,0,0,0,0,0,0,1,0,0x000,0x161
1436,1,0,1,0,0,0,2,8,0,0,0,0,0,0,1,0,0x000,0x162
1437,1,0,1,0,0,0,2,8,0,0,0,0,0,0,1,0,0x000,0x163
1438,1,0,1,0,0,0,2,8,0,0,0,0,0,0,1,0,0x000,0x164
1439,1,0,1,0,0,0,2,8,0,0,0,0,0,0,1,0,0x000,0x165
1440,1,0,1,0,0,0,2,8,0,0,0,0,0,0,1,0,0x000,0x166
1441,1,0,1,0,0,0,2,8,0,0,0,0,0,0,1,0,0x000,0x167
1442,1,0,1,0,0,0,2,8,0,0,0,0,0,0,1,0,0x000,0x168
1443,1,0,1,0,0,0,2,8,0,0,0,0,0,0,1,0,0x000,0x169
1444,1,0,1,0,0,0,2,8,0,0,0,0,0,0,1,0,0x000,0x16a
1445,1,0,1,0,0,0,2,8,0,0,0,0,0,0,1,0,0x000,0x16b
1446,1,0,1,0,0,0,2,8,0,0,0,0,0,0,1,0,0x000,0x16c
1447,1,0,1,0,0,0,2,8,0,0,0,0,0,0,1,0,0x000,0x16d
1448,1,0,1,0,0,0,2,8,0,0,0,0,0,0,1,0,0x000,0x16e
1449,1,0,1,0,0,0,2,8,0,0,0,0,0,0,1,0,0x000,0x16f
1450,1,0,1,0,0,0,2,8,0,0,0,0,0,0,1,0,0x000,0x170
1451,1,0,1,0,0,0,2,8,0,0,0,0,0,0,1,0,0x000,0x171
1452,1,0,1,0,0,0,2,8,0,0,0,0,0,0,1,0,0x000,0x172
1453,1,0,1,0,0,0,2,8,0,0,0,0,0,0,1,0,0x000,0x173
1454,1,0,1,0,0,0,2,8,0,0,0,0,0,0,1,0,0x000,0x174
1455,1,0,1,0,0,0,2,8,0,0,0,0,0,0,1,0,0x000,0x175
1456,1,0,1,0,0,0,2,8,0,0,0,0,0,0,1,0,0x000,0x176
1457,1,0,1,0,0,0,2,8,0,0,0,0,0,0,1,0,0x000,0x177
1458,1,0,1,0,0,0,2,8,0,0,0,0,0,0,1,0,0x000,0x178
1459,1,0,1,0,0,0,2,8,0,0,0,0,0,0,1,0,0x000,0x179
1460,1,0,1,0,0,0,2,8,0,0,0,0,0,0,1,0,0x000,0x17a
1461,1,0,1,0,0,0,2,8,0,0,0,0,0,0,1,0,0x000,0x17b
1462,1,0,1,0,0,0,2,8,0,0,0,0,0,0,1,0,0x000,0x17c
1463,1,0,1,0,0,0,2,8,0,0,0,0,0,0,1,0,0x000,0x17d
1464,1,0,1,0,0,0,2,8,0,0,0,0,0,0,1,0,0x000,0x17e
1465,1,0,1,0,0,0,2,8,0,0,0,0,0,0,1,0,0x000,0x17f
1466,1,0,1,0,0,0,2,8,0,0,0,0,0,0,1,0,0x000,0x180
1467,1,0,1,0,0,0,2,8,0,0,0,0,0,0,1,0,0x000,0x181
1468,1,0,1,0,0,0,2,8,0,0,0,0,0,0,1,0,0x000,0x182
1469,1,0,1,0,0,0,2,8,0,0,0,0,0,0,1,0,0x000,0x183
1470,1,0,1,0,0,0,2,8,0,0,0,0,0,0,1,0,0x000,0x184
1471,1,0,1,0,0,0,2,8,0,0,0,0,0,0,1,0,0x000,0x185
1472,1,0,1,0,0,0,2,8,0,0,0,0,0,0,1,0,0x000,0x186
1473,1,0,1,0,0,0,2,8,0,0,0,0,0,0,1,0,0x000,0x187
1474,1,0,1,0,0,0,2,8,0,0,0,0,0,0,1,0,0x000,0x188
1475,1,0,1,0,0,0,2,8,0,0,0,0,0,0,1,0,0x000,0x189
1476,1,0,1,0,0,0,2,8,0,0,0,0,0,0,1,0,0x000,0x18a
1477,1,0,1,0,0,0,2,8,0,0,0,0,0,0,1,0,0x000,0x18b
1478,1,0,1,0,0,0,2,8,0,0,0,0,0,0,1,0,0x000,0x18c
1479,1,0,1,0,0,0,2,8,0,0,0,0,0,0,1,0,0x000,0x18d
1480,1,0,1,0,0,0,2,8,0,0,0,0,0,0,1,0,0x000,0x18e
1481,1,0,1,0,0,0,2,8,0,0,0,0,0,0,1,0,0x000,0x18f
1482,1,0,1,0,0,0,2,8,0,0,0,0,0,0,1,0,0x000,0x190
1483,1,0,1,0,0,0,2,8,0,0,0,0,0,0,1,0,0x000,0x191
1484,1,0,1,0,0,0,2,8,0,0,0,0,0,0,1,0,0x000,0x192
1485,1,0,1,0,0,0,2,8,0,0,0,0,0,0,1,0,0x000,0x193
1486,1,0,1,0,0,0,2,8,0,0,0,0,0,0,1,0,0x000,0x194
1487,1,0,1,0,0,0,2,8,0,0,0,0,0,0,1,0,0x000,0x195
1488,1,0,1,0,0,0,2,8,0,0,0,0,0,0,1,0,0x000,0x196
1489,1,0,1,0,0,0,2,8,0,0,0,0,0,0,1,0,0x000,0x197
1490,1,0,1,0,0,0,2,8,0,0,0,0,0,0,1,0,0x000,0x198
1491,1,0,1,0,0,0,2,8,0,0,0,0,0,0,1,0,0x000,0x199
1492,1,0,1,0,0,0,2,8,0,0,0,0,0,0,1,0,0x000,0x19a
1493,1,0,1,0,0,0,2,8,0,0,0,0,0,0,1,0,0x000,0x19b
1494,1,0,1,0,0,0,2,8,0,0,0,0,0,0,1,0,0x000,0x19c
1495,1,0,1,0,0,0,2,8,0,0,0,0,0,0,1,0,0x000,0x19d
1496,1,0,1,0,0,0,2,8,0,0,0,0,0,0,1,0,0x000,0x19e
1497,1,0,1,0,0,0,2,8,0,0,0,0,0,0,1,0,0x000,0x19f
1498,1,0,1,0,0,0,2,8,0,0,0,0,0,0,1,0,0x000,0x1a0
1499,1,0,1,0,0,0,2,8,0,0,0,0,0,0,1,0,0x000,0x1a1
1500,1,0,1,0,0,0,2,8,0,0,0,0,0,0,1,0,0x000,0x1a2
1501,1,0,1,0,0,0,2,8,0,0,0,0,0,0,1,0,0x000,0x1a3
1502,1,0,1,0,0,0,2,8,0,0,0,0,0,0,1,0,0x000,0x1a4
1503,1,0,1,0,0,0,2,8,0,0,0,0,0,0,1,0,0x000,0x1a5
1504,1,0,1,0,0,0,2,8,0,0,0,0,0,0,1,0,0x000,0x1a6
1505,1,0,1,0,0,0,2,8,0,0,0,0,0,0,1,0,0x000,0x1a7
1506,1,0,1,0,0,0,2,8,0,0,0,0,0,0,1,0,0x000,0x1a8
1507,1,0,1,0,0,0,2,8,0,0,0,0,0,0,1,0,0x000,0x1a9
1508,1,0,1,0,0,0,2,8,0,0,0,0,0,0,1,0,0x000,0x1aa
1509,1,0,1,0,0,0,2,8,0,0,0,0,0,0,1,0,0x000,0x1ab
1510,1,0,1,0,0,0,2,8,0,0,0,0,0,0,1,0,0x000,0x1ac
1511,1,0,1,0,0,0,2,8,0,0,0,0,0,0,1,0,0x000,0x1ad
1512,1,0,1,0,0,0,2,8,0,0,0,0,0,0,1,0,0x000,0x1ae
1513,1,0,1,0,0,0,2,8,0,0,0,0,0,0,1,0,0x000,0x1af
1514,1,0,1,0,0,0,2,8,0,0,0,0,0,0,1,0,0x000,0x1b0
1515,1,0,1,0,0,0,2,8,0,0,0,0,0,0,1,0,0x000,0x1b1
1516,1,0,1,0,0,0,2,8,0,0,0,0,0,0,1,0,0x000,0x1b2
1517,1,0,1,0,0,0,2,8,0,0,0,0,0,0,1,0,0x000,0x1b3
1518,1,0,1,0,0,0,2,8,0,0,0,0,0,0,1,0,0x000,0x1b4
1519,1,0,1,0,0,0,2,8,0,0,0,0,0,0,1,0,0x000,0x1b5
1520,1,0,1,0,0,0,2,8,0,0,0,0,0,0,1,0,0x000,0x1b6
1521,1,0,1,0,0,0,2,8,0,0,0,0,0,0,1,0,0x000,0x1b7
1522,1,0,1,0,0,0,2,8,0,0,0,0,0,0,1,0,0x000,0x1b8
1523,1,0,1,0,0,0,2,8,0,0,0,0,0,0,1,0,0x000,0x1b9
1524,1,0,1,0,0,0,2,8,0,0,0,0,0,0,1,0,0x000,0x1ba
1525,1,0,1,0,0,0,2,8,0,0,0,0,0,0,1,0,0x000,0x1bb
1526,1,0,1,0,0,0,2,8,0,0,0,0,0,0,1,0,0x000,0x1bc
1527,1,0,1,0,0,0,2,8,0,0,0,0,0,0,1,0,0x000,0x1bd
1528,1,0,1,0,0,0,2,8,0,0,0,0,0,0,1,0,0x000,0x1be
1529,1,0,1,0,0,0,2,8,0,0,0,0,0,0,1,0,0x000,0x1bf
1530,1,0,1,0,0,0,2,8,0,0,0,0,0,0,1,0,0x000,0x1c0
1531,1,0,1,0,0,0,2,8,0,0,0,0,0,0,1,0,0x000,0x1c1
1532,1,0,1,0,0,0,2,8,0,0,0,0,0,0,1,0,0x000,0x1c2
1533,1,0,1,0,0,0,2,8,0,0,0,0,0,0,1,0,0x000,0x1c3
1534,1,0,1,0,0,0,2,8,0,0,0,0,0,0,1,0,0x000,0x1c4
1535,1,0,1,0,0,0,2,8,0,0,0,0,0,0,1,0,0x000,0x1c5
1536,1,0,1,0,0,0,2,8,0,0,0,0,0,0,1,0,0x000,0x1c6
1537,1,0,1,0,0,0,2,8,0,0,0,0,0,0,1,0,0x000,0x1c7
1538,1,0,1,0,0,0,2,8,0,0,0,0,0,0,1,0,0x000,0x1c8
1539,1,0,1,0,0,0,2,8,0,0,0,0,0,0,1,0,0x000,0x1c9
1540,1,0,1,0,0,0,2,8,0,0,0,0,0,0,1,0,0x000,0x1ca
1541,1,0,1,0,0,0,2,8,0,0,0,0,0,0,1,0,0x000,0x1cb
1542,1,0,1,0,0,0,2,8,0,0,0,0,0,0,1,0,0x000,0x1cc
1543,1,0,1,0,0,0,2,8,0,0,0,0,0,0,1,0,0x000,0x1cd
1544,1,0,1,0,0,0,2,8,0,0,0,0,0,0,1,0,0x000,0x1ce
1545,1,0,1,0,0,0,2,8,0,0,0,0,0,0,1,0,0x000,0x1cf
1546,1,0,1,0,0,0,2,8,0,0,0,0,0,0,1,0,0x000,0x1d0
1547,1,0,1,0,0,0,2,8,0,0,0,0,0,0,1,0,0x000,0x1d1
1548,1,0,1,0,0,0,2,8,0,0,0,0,0,0,1,0,0x000,0x1d2
1549,1,0,1,0,0,0,2,8,0,0,0,0,0,0,1,0,0x000,0x1d3
1550,1,0,1,0,0,0,2,8,0,0,0,0,0,0,1,0,0x000,0x1d4
1551,1,0,1,0,0,0,2,8,0,0,0,0,0,0,1,0,0x000,0x1d5
1552,1,0,1,0,0,0,2,8,0,0,0,0,0,0,1,0,0x000,0x1d6
1553,1,0,1,0,0,0,2,8,0,0,0,0,0,0,1,0,0x000,0x1d7
1554,1,0,1,0,0,0,2,8,0,0,0,0,0,0,1,0,0x000,0x1d8
1555,1,0,1,0,0,0,2,8,0,0,0,0,0,0,1,0,0x000,0x1d9
1556,1,0,1,0,0,0,2,8,0,0,0,0,0,0,1,0,0x000,0x1da
1557,1,0,1,0,0,0,2,8,0,0,0,0,0,0,1,0,0x000,0x1db
1558,1,0,1,0,0,0,2,8,0,0,0,0,0,0,1,0,0x000,0x1dc
1559,1,0,1,0,0,0,2,8,0,0,0,0,0,0,1,0,0x000,0x1dd
1560,1,0,1,0,0,0,2,8,0,0,0,0,0,0,1,0,0x000,0x1de
1561,1,0,1,0,0,0,2,8,0,0,0,0,0,0,1,0,0x000,0x1df
1562,1,0,1,0,0,0,2,8,0,0,0,0,0,0,1,0,0x000,0x1e0
1563,1,0,1,0,0,0,2,8,0,0,0,0,0,0,1,0,0x000,0x1e1
1564,1,0,1,0,0,0,2,8,0,0,0,0,0,0,1,0,0x000,0x1e2
1565,1,0,1,0,0,0,2,8,0,0,0,0,0,0,1,0,0x000,0x1e3
1566,1,0,1,0,0,0,2,8,0,0,0,0,0,0,1,0,0x000,0x1e4
1567,1,0,1,0,0,0,2,8,0,0,0,0,0,0,1,0,0x000,0x1e5
1568,1,0,1,0,0,0,2,8,0,0,0,0,0,0,1,0,0x000,0x1e6
1569,1,0,1,0,0,0,2,8,0,0,0,0,0,0,1,0,0x000,0x1e7
1570,1,0,1,0,0,0,2,8,0,0,0,0,0,0,1,0,0x000,0x1e8
1571,1,0,1,0,0,0,2,8,0,0,0,0,0,0,1,0,0x000,0x1e9
1572,1,0,1,0,0,0,2,8,0,0,0,0,0,0,1,0,0x000,0x1ea
1573,1,0,1,0,0,0,2,8,0,0,0,0,0,0,1,0,0x000,0x1eb
1574,1,0,1,0,0,0,2,8,0,0,0,0,0,0,1,0,0x000,0x1ec
1575,1,0,1,0,0,0,2,8,0,0,0,0,0,0,1,0,0x000,0x1ed
1576,1,0,1,0,0,0,2,8,0,0,0,0,0,0,1,0,0x000,0x1ee
1577,1,0,1,0,0,0,2,8,0,0,0,0,0,0,1,0,0x000,0x1ef
1578,1,0,1,0,0,0,2,8,0,0,0,0,0,0,1,0,0x000,0x1f0
1579,1,0,1,0,0,0,2,8,0,0,0,0,0,0,1,0,0x000,0x1f1
1580,1,0,1,0,0,0,2,8,0,0,0,0,0,0,1,0,0x000,0x1f2
1581,1,0,1,0,0,0,2,8,0,0,0,0,0,0,1,0,0x000,0x1f3
1582,1,0,1,0,0,0,2,8,0,0,0,0,0,0,1,0,0x000,0x1f4
1583,1,0,1,0,0,0,2,8,0,0,0,0,0,0,1,0,0x000,0x1f5
1584,1,0,1,0,0,0,2,8,0,0,0,0,0,0,1,0,0x000,0x1f6
1585,1,0,1,0,0,0,2,8,0,0,0,0,0,0,1,0,0x000,0x1f7
1586,1,0,1,0,0,0,2,8,0,0,0,0,0,0,1,0,0x000,0x1f8
1587,1,0,1,0,0,0,2,8,0,0,0,0,0,0,1,0,0x000,0x1f9
1588,1,0,1,0,0,0,2,8,0,0,0,0,0,0,1,0,0x000,0x1fa
1589,1,0,1,0,0,0,2,8,0,0,0,0,0,0,1,0,0x000,0x1fb
1590,1,0,1,0,0,0,2,8,0,0,0,0,0,0,1,0,0x000,0x1fc
1591,1,0,1,0,0,0,2,8,0,0,0,0,0,0,1,0,0x000,0x1fd
1592,1,0,1,0,0,0,2,8,0,0,0,0,0,0,1,0,0x000,0x1fe
1593,1,0,1,0,0,0,2,8,0,0,0,0,0,0,1,0,0x000,0x1ff
1594,1,0,1,0,0,0,2,8,0,0,0,0,0,0,1,0,0x000,0x200
1595,1,0,1,0,0,0,2,8,0,0,0,0,0,0,1,0,0x000,0x201
1596,1,0,1,0,0,0,2,8,0,0,0,0,0,0,1,0,0x000,0x202
1597,1,0,1,0,0,0,2,8,0,0,0,0,0,0,1,0,0x000,0x203
1598,1,0,1,0,0,0,2,8,0,0,0,0,0,0,1,0,0x000,0x204
1599,1,0,1,0,0,0,2,8,0,0,0,0,0,0,1,0,0x000,0x205
1600,1,0,1,0,0,0,2,8,0,0,0,0,0,0,1,0,0x000,0x206
1601,1,0,1,0,0,0,2,8,0,0,0,0,0,0,1,0,0x000,0x207
1602,1,0,1,0,0,0,2,8,0,0,0,0,0,0,1,0,0x000,0x208
1603,1,0,1,0,0,0,2,8,0,0,0,0,0,0,1,0,0x000,0x209
1604,1,0,1,0,0,0,2,8,0,0,0,0,0,0,1,0,0x000,0x20a
1605,1,0,1,0,0,0,2,8,0,0,0,0,0,0,1,0,0x000,0x20b
1606,1,0,1,0,0,0,2,8,0,0,0,0,0,0,1,0,0x000,0x20c
1607,1,0,1,0,0,0,2,8,0,0,0,0,0,0,1,0,0x000,0x20d
1608,1,0,1,0,0,0,2,8,0,0,0,0,0,0,1,0,0x000,0x20e
1609,1,0,1,0,0,0,2,8,0,0,0,0,0,0,1,0,0x000,0x20f
1610,1,0,1,0,0,0,2,8,0,0,0,0,0,0,1,0,0x000,0x210
1611,1,0,1,0,0,0,2,8,0,0,0,0,0,0,1,0,0x000,0x211
1612,1,0,1,0,0,0,2,8,0,0,0,0,0,0,1,0,0x000,0x212
1613,1,0,1,0,0,0,2,8,0,0,0,0,0,0,1,0,0x000,0x213
1614,1,0,1,0,0,0,2,8,0,0,0,0,0,0,1,0,0x000,0x214
1615,1,0,1,0,0,0,2,8,0,0,0,0,0,0,1,0,0x000,0x215
1616,1,0,1,0,0,0,2,8,0,0,0,0,0,0,1,0,0x000,0x216
1617,1,0,1,0,0,0,2,8,0,0,0,0,0,0,1,0,0x000,0x217
1618,1,0,1,0,0,0,2,8,0,0,0,0,0,0,1,0,0x000,0x218
1619,1,0,1,0,0,0,2,8,0,0,0,0,0,0,1,0,0x000,0x219
1620,1,0,1,0,0,0,2,8,0,0,0,0,0,0,1,0,0x000,0x21a
1621,1,0,1,0,0,0,2,8,0,0,0,0,0,0,1,0,0x000,0x21b
1622,1,0,1,0,0,0,2,8,0,0,0,0,0,0,1,0,0x000,0x21c
1623,1,0,1,0,0,0,2,8,0,0,0,0,0,0,1,0,0x000,0x21d
1624,1,0,1,0,0,0,2,8,0,0,0,0,0,0,1,0,0x000,0x21e
1625,1,0,1,0,0,0,2,8,0,0,0,0,0,0,1,0,0x000,0x21f
1626,1,0,1,0,0,0,2,8,0,0,0,0,0,0,1,0,0x000,0x220
1627,1,0,1,0,0,0,2,8,0,0,0,0,0,0,1,0,0x000,0x221
1628,1,0,1,0,0,0,2,8,0,0,0,0,0,0,1,0,0x000,0x222
1629,1,0,1,0,0,0,2,8,0,0,0,0,0,0,1,0,0x000,0x223
1630,1,0,1,0,0,0,2,8,0,0,0,0,0,0,1,0,0x000,0x224
1631,1,0,1,0,0,0,2,8,0,0,0,0,0,0,1,0,0x000,0x225
1632,1,0,1,0,0,0,2,8,0,0,0,0,0,0,1,0,0x000,0x226
1633,1,0,1,0,0,0,2,8,0,0,0,0,0,0,1,0,0x000,0x227
1634,1,0,1,0,0,0,2,8,0,0,0,0,0,0,1,0,0x000,0x228
1635,1,0,1,0,0,0,2,8,0,0,0,0,0,0,1,0,0x000,0x229
1636,1,0,1,0,0,0,2,8,0,0,0,0,0,0,1,0,0x000,0x22a
1637,1,0,1,0,0,0,2,8,0,0,0,0,0,0,1,0,0x000,0x22b
1638,1,0,1,0,0,0,2,8,0,0,0,0,0,0,1,0,0x000,0x22c
1639,1,0,1,0,0,0,2,8,0,0,0,0,0,0,1,0,0x000,0x22d
1640,1,0,1,0,0,0,2,8,0,0,0,0,0,0,1,0,0x000,0x22e
1641,1,0,1,0,0,0,2,8,0,0,0,0,0,0,1,0,0x000,0x22f
1642,1,0,1,0,0,0,2,8,0,0,0,0,0,0,1,0,0x000,0x230
1643,1,0,1,0,0,0,2,8,0,0,0,0,0,0,1,0,0x000,0x231
1644,1,0,1,0,0,0,2,8,0,0,0,0,0,0,1,0,0x000,0x232
1645,1,0,1,0,0,0,2,8,0,0,0,0,0,0,1,0,0x000,0x233
1646,1,0,1,0,0,0,2,8,0,0,0,0,0,0,1,0,0x000,0x234
1647,1,0,1,0,0,0,2,8,0,0,0,0,0,0,1,0,0x000,0x235
1648,1,0,1,0,0,0,2,8,0,0,0,0,0,0,1,0,0x000,0x236
1649,1,0,1,0,0,0,2,8,0,0,0,0,0,0,1,0,0x000,0x237
1650,1,0,1,0,0,0,2,8,0,0,0,0,0,0,1,0,0x000,0x238
1651,1,0,1,0,0,0,2,8,0,0,0,0,0,0,1,0,0x000,0x239
1652,1,0,1,0,0,0,2,8,0,0,0,0,0,0,1,0,0x000,0x23a
1653,1,0,1,0,0,0,2,8,0,0,0,0,0,0,1,0,0x000,0x23b
1654,1,0,1,0,0,0,2,8,0,0,0,0,0,0,1,0,0x000,0x23c
1655,1,0,1,0,0,0,2,8,0,0,0,0,0,0,1,0,0x000,0x23d
1656,1,0,1,0,0,0,2,8,0,0,0,0,0,0,1,0,0x000,0x23e
1657,1,0,1,0,0,0,2,8,0,0,0,0,0,0,1,0,0x000,0x23f
1658,1,0,1,0,0,0,2,8,0,0,0,0,0,0,1,0,0x000,0x240
1659,1,0,1,0,0,0,2,8,0,0,0,0,0,0,1,0,0x000,0x241
1660,1,0,1,0,0,0,2,8,0,0,0,0,0,0,1,0,0x000,0x242
1661,1,0,1,0,0,0,2,8,0,0,0,0,0,0,1,0,0x000,0x243
1662,1,0,1,0,0,0,2,8,0,0,0,0,0,0,1,0,0x000,0x244
1663,1,0,1,0,0,0,2,8,0,0,0,0,0,0,1,0,0x000,0x245
1664,1,0,1,0,0,0,2,8,0,0,0,0,0,0,1,0,0x000,0x246
1665,1,0,1,0,0,0,2,8,0,0,0,0,0,0,1,0,0x000,0x247
1666,1,0,1,0,0,0,2,8,0,0,0,0,0,0,1,0,0x000,0x248
1667,1,0,1,0,0,0,2,8,0,0,0,0,0,0,1,0,0x000,0x249
1668,1,0,1,0,0,0,2,8,0,0,0,0,0,0,1,0,0x000,0x24a
1669,1,0,1,0,0,0,2,8,0,0,0,0,0,0,1,0,0x000,0x24b
1670,1,0,1,0,0,0,2,8,0,0,0,0,0,0,1,0,0x000,0x24c
1671,1,0,1,0,0,0,2,8,0,0,0,0,0,0,1,0,0x000,0x24d
1672,1,0,1,0,0,0,2,8,0,0,0,0,0,0,1,0,0x000,0x24e
1673,1,0,1,0,0,0,2,8,0,0,0,0,0,0,1,0,0x000,0x24f
1674,1,0,1,0,0,0,2,8,0,0,0,0,0,0,1,0,0x000,0x250
1675,1,0,1,0,0,0,2,8,0,0,0,0,0,0,1,0,0x000,0x251
1676,1,0,1,0,0,0,2,8,0,0,0,0,0,0,1,0,0x000,0x252
1677,1,0,1,0,0,0,2,8,0,0,0,0,0,0,1,0,0x000,0x253
1678,1,0,1,0,0,0,2,8,0,0,0,0,0,0,1,0,0x000,0x254
1679,1,0,1,0,0,0,2,8,0,0,0,0,0,0,1,0,0x000,0x255
1680,1,0,1,0,0,0,2,8,0,0,0,0,0,0,1,0,0x000,0x256
1681,1,0,1,0,0,0,2,8,0,0,0,0,0,0,1,0,0x000,0x257
1682,1,0,1,0,0,0,2,8,0,0,0,0,0,0,1,0,0x000,0x258
1683,1,0,1,0,0,0,2,8,0,0,0,0,0,0,1,0,0x000,0x259
1684,1,0,1,0,0,0,2,8,0,0,0,0,0,0,1,0,0x000,0x25a
1685,1,0,1,0,0,0,2,8,0,0,0,0,0,0,1,0,0x000,0x25b
1686,1,0,1,0,0,0,2,8,0,0,0,0,0,0,1,0,0x000,0x25c
1687,1,0,1,0,0,0,2,8,0,0,0,0,0,0,1,0,0x000,0x25d
1688,1,0,1,0,0,0,2,8,0,0,0,0,0,0,1,0,0x000,0x25e
1689,1,0,1,0,0,0,2,8,0,0,0,0,0,0,1,0,0x000,0x25f
1690,1,0,1,0,0,0,2,8,0,0,0,0,0,0,1,0,0x000,0x260
1691,1,0,1,0,0,0,2,8,0,0,0,0,0,0,1,0,0x000,0x261
1692,1,0,1,0,0,0,2,8,0,0,0,0,0,0,1,0,0x000,0x262
1693,1,0,1,0,0,0,2,8,0,0,0,0,0,0,1,0,0x000,0x263
1694,1,0,1,0,0,0,2,8,0,0,0,0,0,0,1,0,0x000,0x264
1695,1,0,1,0,0,0,2,8,0,0,0,0,0,0,1,0,0x000,0x265
1696,1,0,1,0,0,0,2,8,0,0,0,0,0,0,1,0,0x000,0x266
1697,1,0,1,0,0,0,2,8,0,0,0,0,0,0,1,0,0x000,0x267
1698,1,0,1,0,0,0,2,8,0,0,0,0,0,0,1,0,0x000,0x268
1699,1,0,1,0,0,0,2,8,0,0,0,0,0,0,1,0,0x000,0x269
1700,1,0,1,0,0,0,2,8,0,0,0,0,0,0,1,0,0x000,0x26a
1701,1,0,1,0,0,0,2,8,0,0,0,0,0,0,1,0,0x000,0x26b
1702,1,0,1,0,0,0,2,8,0,0,0,0,0,0,1,0,0x000,0x26c
1703,1,0,1,0,0,0,2,8,0,0,0,0,0,0,1,0,0x000,0x26d
1704,1,0,1,0,0,0,2,8,0,0,0,0,0,0,1,0,0x000,0x26e
1705,1,0,1,0,0,0,2,8,0,0,0,0,0,0,1,0,0x000,0x26f
1706,1,0,1,0,0,0,2,8,0,0,0,0,0,0,1,0,0x000,0x270
1707,1,0,1,0,0,0,2,8,0,0,0,0,0,0,1,0,0x000,0x271
1708,1,0,1,0,0,0,2,8,0,0,0,0,0,0,1,0,0x000,0x272
1709,1,0,1,0,0,0,2,8,0,0,0,0,0,0,1,0,0x000,0x273
1710,1,0,1,0,0,0,2,8,0,0,0,0,0,0,1,0,0x000,0x274
1711,1,0,1,0,0,0,2,8,0,0,0,0,0,0,1,0,0x000,0x275
1712,1,0,1,0,0,0,2,8,0,0,0,0,0,0,1,0,0x000,0x276
1713,1,0,1,0,0,0,2,8,0,0,0,0,0,0,1,0,0x000,0x277
1714,1,0,1,0,0,0,2,8,0,0,0,0,0,0,1,0,0x000,0x278
1715,1,0,1,0,0,0,2,8,0,0,0,0,0,0,1,0,0x000,0x279
1716,1,0,1,0,0,0,2,8,0,0,0,0,0,0,1,0,0x000,0x27a
1717,1,0,1,0,0,0,2,8,0,0,0,0,0,0,1,0,0x000,0x27b
1718,1,0,1,0,0,0,2,8,0,0,0,0,0,0,1,0,0x000,0x27c
1719,1,0,1,0,0,0,2,8,0,0,0,0,0,0,1,0,0x000,0x27d
1720,1,0,1,0,0,0,2,8,0,0,0,0,0,0,1,0,0x000,0x27e
1721,1,0,1,0,0,0,2,8,0,0,0,0,0,0,1,0,0x000,0x27f
1722,1,0,1,0,0,0,2,8,0,0,0,0,0,0,1,0,0x000,0x280
1723,1,0,1,0,0,0,2,8,0,0,0,0,0,0,1,0,0x000,0x281
1724,1,0,1,0,0,0,2,8,0,0,0,0,0,0,1,0,0x000,0x282
1725,1,0,1,0,0,0,2,8,0,0,0,0,0,0,1,0,0x000,0x283
1726,1,0,1,0,0,0,2,8,0,0,0,0,0,0,1,0,0x000,0x284
1727,1,0,1,0,0,0,2,8,0,0,0,0,0,0,1,0,0x000,0x285
1728,1,0,1,0,0,0,2,8,0,0,0,0,0,0,1,0,0x000,0x286
1729,1,0,1,0,0,0,2,8,0,0,0,0,0,0,1,0,0x000,0x287
1730,1,0,1,0,0,0,2,8,0,0,0,0,0,0,1,0,0x000,0x288
1731,1,0,1,0,0,0,2,8,0,0,0,0,0,0,1,0,0x000,0x289
1732,1,0,1,0,0,0,2,8,0,0,0,0,0,0,1,0,0x000,0x28a
1733,1,0,1,0,0,0,2,8,0,0,0,0,0,0,1,0,0x000,0x28b
1734,1,0,1,0,0,0,2,8,0,0,0,0,0,0,1,0,0x000,0x28c
1735,1,0,1,0,0,0,2,8,0,0,0,0,0,0,1,0,0x000,0x28d
1736,1,0,1,0,0,0,2,8,0,0,0,0,0,0,1,0,0x000,0x28e
1737,1,0,1,0,0,0,2,8,0,0,0,0,0,0,1,0,0x000,0x28f
1738,1,0,1,0,0,0,2,8,0,0,0,0,0,0,1,0,0x000,0x290
1739,1,0,1,0,0,0,2,8,0,0,0,0,0,0,1,0,0x000,0x291
1740,1,0,1,0,0,0,2,8,0,0,0,0,0,0,1,0,0x000,0x292
1741,1,0,1,0,0,0,2,8,0,0,0,0,0,0,1,0,0x000,0x293
1742,1,0,1,0,0,0,2,8,0,0,0,0,0,0,1,0,0x000,0x294
1743,1,0,1,0,0,0,2,8,0,0,0,0,0,0,1,0,0x000,0x295
1744,1,0,1,0,0,0,2,8,0,0,0,0,0,0,1,0,0x000,0x296
1745,1,0,1,0,0,0,2,8,0,0,0,0,0,0,1,0,0x000,0x297
1746,1,0,1,0,0,0,2,8,0,0,0,0,0,0,1,0,0x000,0x298
1747,1,0,1,0,0,0,2,8,0,0,0,0,0,0,1,0,0x000,0x299
1748,1,0,1,0,0,0,2,8,0,0,0,0,0,0,1,0,0x000,0x29a
1749,1,0,1,0,0,0,2,8,0,0,0,0,0,0,1,0,0x000,0x29b
1750,1,0,1,0,0,0,2,8,0,0,0,0,0,0,1,0,0x000,0x29c
1751,1,0,1,0,0,0,2,8,0,0,0,0,0,0,1,0,0x000,0x29d
1752,1,0,1,0,0,0,2,8,0,0,0,0,0,0,1,0,0x000,0x29e
1753,1,0,1,0,0,0,2,8,0,0,0,0,0,0,1,0,0x000,0x29f
1754,1,0,1,0,0,0,2,8,0,0,0,0,0,0,1,0,0x000,0x2a0
1755,1,0,1,0,0,0,2,8,0,0,0,0,0,0,1,0,0x000,0x2a1
1756,1,0,1,0,0,0,2,8,0,0,0,0,0,0,1,0,0x000,0x2a2
1757,1,0,1,0,0,0,2,8,0,0,0,0,0,0,1,0,0x000,0x2a3
1758,1,0,1,0,0,0,2,8,0,0,0,0,0,0,1,0,0x000,0x2a4
1759,1,0,1,0,0,0,2,8,0,0,0,0,0,0,1,0,0x000,0x2a5
1760,1,0,1,0,0,0,2,8,0,0,0,0,0,0,1,0,0x000,0x2a6
1761,1,0,1,0,0,0,2,8,0,0,0,0,0,0,1,0,0x000,0x2a7
1762,1,0,1,0,0,0,2,8,0,0,0,0,0,0,1,0,0x000,0x2a8
1763,1,0,1,0,0,0,2,8,0,0,0,0,0,0,1,0,0x000,0x2a9
1764,1,0,1,0,0,0,2,8,0,0,0,0,0,0,1,0,0x000,0x2aa
1765,1,0,1,0,0,0,2,8,0,0,0,0,0,0,1,0,0x000,0x2ab
1766,1,0,1,0,0,0,2,8,0,0,0,0,0,0,1,0,0x000,0x2ac
1767,1,0,1,0,0,0,2,8,0,0,0,0,0,0,1,0,0x000,0x2ad
1768,1,0,1,0,0,0,2,8,0,0,0,0,0,0,1,0,0x000,0x2ae
1769,1,0,1,0,0,0,2,8,0,0,0,0,0,0,1,0,0x000,0x2af
1770,1,0,1,0,0,0,2,8,0,0,0,0,0,0,1,0,0x000,0x2b0
1771,1,0,1,0,0,0,2,8,0,0,0,0,0,0,1,0,0x000,0x2b1
1772,1,0,1,0,0,0,2,8,0,0,0,0,0,0,1,0,0x000,0x2b2
1773,1,0,1,0,0,0,2,8,0,0,0,0,0,0,1,0,0x000,0x2b3
1774,1,0,1,0,0,0,2,8,0,0,0,0,0,0,1,0,0x000,0x2b4
1775,1,0,1,0,0,0,2,8,0,0,0,0,0,0,1,0,0x000,0x2b5
1776,1,0,1,0,0,0,2,8,0,0,0,0,0,0,1,0,0x000,0x2b6
1777,1,0,1,0,0,0,2,8,0,0,0,0,0,0,1,0,0x000,0x2b7
1778,1,0,1,0,0,0,2,8,0,0,0,0,0,0,1,0,0x000,0x2b8
1779,1,0,1,0,0,0,2,8,0,0,0,0,0,0,1,0,0x000,0x2b9
1780,1,0,1,0,0,0,2,8,0,0,0,0,0,0,1,0,0x000,0x2ba
1781,1,0,1,0,0,0,2,8,0,0,0,0,0,0,1,0,0x000,0x2bb
1782,1,0,1,0,0,0,2,8,0,0,0,0,0,0,1,0,0x000,0x2bc
1783,1,0,1,0,0,0,2,8,0,0,0,0,0,0,1,0,0x000,0x2bd
1784,1,0,1,0,0,0,2,8,0,0,0,0,0,0,1,0,0x000,0x2be
1785,1,0,1,0,0,0,2,8,0,0,0,0,0,0,1,0,0x000,0x2bf
1786,1,0,1,0,0,0,2,8,0,0,0,0,0,0,1,0,0x000,0x2c0
1787,1,0,1,0,0,0,2,8,0,0,0,0,0,0,1,0,0x000,0x2c1
1788,1,0,1,0,0,0,2,8,0,0,0,0,0,0,1,0,0x000,0x2c2
1789,1,0,1,0,0,0,2,8,0,0,0,0,0,0,1,0,0x000,0x2c3
1790,1,0,1,0,0,0,2,8,0,0,0,0,0,0,1,0,0x000,0x2c4
1791,1,0,1,0,0,0,2,8,0,0,0,0,0,0,1,0,0x000,0x2c5
1792,1,0,1,0,0,0,2,8,0,0,0,0,0,0,1,0,0x000,0x2c6
1793,1,0,1,0,0,0,2,8,0,0,0,0,0,0,1,0,0x000,0x2c7
1794,1,0,1,0,0,0,2,8,0,0,0,0,0,0,1,0,0x000,0x2c8
1795,1,0,1,0,0,0,2,8,0,0,0,0,0,0,1,0,0x000,0x2c9
1796,1,0,1,0,0,0,2,8,0,0,0,0,0,0,1,0,0x000,0x2ca
1797,1,0,1,0,0,0,2,8,0,0,0,0,0,0,1,0,0x000,0x2cb
1798,1,0,1,0,0,0,2,8,0,0,0,0,0,0,1,0,0x000,0x2cc
1799,1,0,1,0,0,0,2,8,0,0,0,0,0,0,1,0,0x000,0x2cd
1800,1,0,1,0,0,0,2,8,0,0,0,0,0,0,1,0,0x000,0x2ce
1801,1,0,1,0,0,0,2,8,0,0,0,0,0,0,1,0,0x000,0x2cf
1802,1,0,1,0,0,0,2,8,0,0,0,0,0,0,1,0,0x000,0x2d0
1803,1,0,1,0,0,0,2,8,0,0,0,0,0,0,1,0,0x000,0x2d1
1804,1,0,1,0,0,0,2,8,0,0,0,0,0,0,1,0,0x000,0x2d2
1805,1,0,1,0,0,0,2,8,0,0,0,0,0,0,1,0,0x000,0x2d3
1806,1,0,1,0,0,0,2,8,0,0,0,0,0,0,1,0,0x000,0x2d4
1807,1,0,1,0,0,0,2,8,0,0,0,0,0,0,1,0,0x000,0x2d5
1808,1,0,1,0,0,0,2,8,0,0,0,0,0,0,1,0,0x000,0x2d6
1809,1,0,1,0,0,0,2,8,0,0,0,0,0,0,1,0,0x000,0x2d7
1810,1,0,1,0,0,0,2,8,0,0,0,0,0,0,1,0,0x000,0x2d8
1811,1,0,1,0,0,0,2,8,0,0,0,0,0,0,1,0,0x000,0x2d9
1812,1,0,1,0,0,0,2,8,0,0,0,0,0,0,1,0,0x000,0x2da
1813,1,0,1,0,0,0,2,8,0,0,0,0,0,0,1,0,0x000,0x2db
1814,1,0,1,0,0,0,2,8,0,0,0,0,0,0,1,0,0x000,0x2dc
1815,1,0,1,0,0,0,2,8,0,0,0,0,0,0,1,0,0x000,0x2dd
1816,1,0,1,0,0,0,2,8,0,0,0,0,0,0,1,0,0x000,0x2de
1817,1,0,1,0,0,0,2,8,0,0,0,0,0,0,1,0,0x000,0x2df
1818,1,0,1,0,0,0,2,8,0,0,0,0,0,0,1,0,0x000,0x2e0
1819,1,0,1,0,0,0,2,8,0,0,0,0,0,0,1,0,0x000,0x2e1
1820,1,0,1,0,0,0,2,8,0,0,0,0,0,0,1,0,0x000,0x2e2
1821,1,0,1,0,0,0,2,8,0,0,0,0,0,0,1,0,0x000,0x2e3
1822,1,0,1,0,0,0,2,8,0,0,0,0,0,0,1,0,0x000,0x2e4
1823,1,0,1,0,0,0,2,8,0,0,0,0,0,0,1,0,0x000,0x2e5
1824,1,0,1,0,0,0,2,8,0,0,0,0,0,0,1,0,0x000,0x2e6
1825,1,0,1,0,0,0,2,8,0,0,0,0,0,0,1,0,0x000,0x2e7
1826,1,0,1,0,0,0,2,8,0,0,0,0,0,0,1,0,0x000,0x2e8
1827,1,0,1,0,0,0,2,8,0,0,0,0,0,0,1,0,0x000,0x2e9
1828,1,0,1,0,0,0,2,8,0,0,0,0,0,0,1,0,0x000,0x2ea
1829,1,0,1,0,0,0,2,8,0,0,0,0,0,0,1,0,0x000,0x2eb
1830,1,0,1,0,0,0,2,8,0,0,0,0,0,0,1,0,0x000,0x2ec
1831,1,0,1,0,0,0,2,8,0,0,0,0,0,0,1,0,0x000,0x2ed
1832,1,0,1,0,0,0,2,8,0,0,0,0,0,0,1,0,0x000,0x2ee
1833,1,0,1,0,0,0,2,8,0,0,0,0,0,0,1,0,0x000,0x2ef
1834,1,0,1,0,0,0,2,8,0,0,0,0,0,0,1,0,0x000,0x2f0
1835,1,0,1,0,0,0,2,8,0,0,0,0,0,0,1,0,0x000,0x2f1
1836,1,0,1,0,0,0,2,8,0,0,0,0,0,0,1,0,0x000,0x2f2
1837,1,0,1,0,0,0,2,8,0,0,0,0,0,0,1,0,0x000,0x2f3
1838,1,0,1,0,0,0,2,8,0,0,0,0,0,0,1,0,0x000,0x2f4
1839,1,0,1,0,0,0,2,8,0,0,0,0,0,0,1,0,0x000,0x2f5
1840,1,0,1,0,0,0,2,8,0,0,0,0,0,0,1,0,0x000,0x2f6
1841,1,0,1,0,0,0,2,8,0,0,0,0,0,0,1,0,0x000,0x2f7
1842,1,0,1,0,0,0,2,8,0,0,0,0,0,0,1,0,0x000,0x2f8
1843,1,0,1,0,0,0,2,8,0,0,0,0,0,0,1,0,0x000,0x2f9
1844,1,0,1,0,0,0,2,8,0,0,0,0,0,0,1,0,0x000,0x2fa
1845,1,0,1,0,0,0,2,8,0,0,0,0,0,0,1,0,0x000,0x2fb
1846,1,0,1,0,0,0,2,8,0,0,0,0,0,0,1,0,0x000,0x2fc
1847,1,0,1,0,0,0,2,8,0,0,0,0,0,0,1,0,0x000,0x2fd
1848,1,0,1,0,0,0,2,8,0,0,0,0,0,0,1,0,0x000,0x2fe
1849,1,0,1,0,0,0,2,8,0,0,0,0,0,0,1,0,0x000,0x2ff
1850,1,0,1,0,0,0,2,8,0,0,0,0,0,0,1,0,0x000,0x300
1851,1,0,1,0,0,0,2,8,0,0,0,0,0,0,1,0,0x000,0x301
1852,1,0,1,0,0,0,2,8,0,0,0,0,0,0,1,0,0x000,0x302
1853,1,0,1,0,0,0,2,8,0,0,0,0,0,0,1,0,0x000,0x303
1854,1,0,1,0,0,0,2,8,0,0,0,0,0,0,1,0,0x000,0x304
1855,1,0,1,0,0,0,2,8,0,0,0,0,0,0,1,0,0x000,0x305
1856,1,0,1,0,0,0,2,8,0,0,0,0,0,0,1,0,0x000,0x306
1857,1,0,1,0,0,0,2,8,0,0,0,0,0,0,1,0,0x000,0x307
1858,1,0,1,0,0,0,2,8,0,0,0,0,0,0,1,0,0x000,0x308
1859,1,0,1,0,0,0,2,8,0,0,0,0,0,0,1,0,0x000,0x309
1860,1,0,1,0,0,0,2,8,0,0,0,0,0,0,1,0,0x000,0x30a
1861,1,0,1,0,0,0,2,8,0,0,0,0,0,0,1,0,0x000,0x30b
1862,1,0,1,0,0,0,2,8,0,0,0,0,0,0,1,0,0x000,0x30c
1863,1,0,1,0,0,0,2,8,0,0,0,0,0,0,1,0,0x000,0x30d
1864,1,0,1,0,0,0,2,8,0,0,0,0,0,0,1,0,0x000,0x30e
1865,1,0,1,0,0,0,2,8,0,0,0,0,0,0,1,0,0x000,0x30f
1866,1,0,1,0,0,0,2,8,0,0,0,0,0,0,1,0,0x000,0x310
1867,1,0,1,0,0,0,2,8,0,0,0,0,0,0,1,0,0x000,0x311
1868,1,0,1,0,0,0,2,8,0,0,0,0,0,0,1,0,0x000,0x312
1869,1,0,1,0,0,0,2,8,0,0,0,0,0,0,1,0,0x000,0x313
1870,1,0,1,0,0,0,2,8,0,0,0,0,0,0,1,0,0x000,0x314
1871,1,0,1,0,0,0,2,8,0,0,0,0,0,0,1,0,0x000,0x315
1872,1,0,1,0,0,0,2,8,0,0,0,0,0,0,1,0,0x000,0x316
1873,1,0,1,0,0,0,2,8,0,0,0,0,0,0,1,0,0x000,0x317
1874,1,0,1,0,0,0,2,8,0,0,0,0,0,0,1,0,0x000,0x318
1875,1,0,1,0,0,0,2,8,0,0,0,0,0,0,1,0,0x000,0x319
1876,1,0,1,0,0,0,2,8,0,0,0,0,0,0,1,0,0x000,0x31a
1877,1,0,1,0,0,0,2,8,0,0,0,0,0,0,1,0,0x000,0x31b
1878,1,0,1,0,0,0,2,8,0,0,0,0,0,0,1,0,0x000,0x31c
1879,1,0,1,0,0,0,2,8,0,0,0,0,0,0,1,0,0x000,0x31d
1880,1,0,1,0,0,0,2,8,0,0,0,0,0,0,1,0,0x000,0x31e
1881,1,0,1,0,0,0,2,8,0,0,0,0,0,0,1,0,0x000,0x31f
1882,1,0,1,0,0,0,2,8,0,0,0,0,0,0,1,0,0x000,0x320
1883,1,0,1,0,0,0,2,8,0,0,0,0,0,0,1,0,0x000,0x321
1884,1,0,1,0,0,0,2,8,0,0,0,0,0,0,1,0,0x000,0x322
1885,1,0,1,0,0,0,2,8,0,0,0,0,0,0,1,0,0x000,0x323
1886,1,0,1,0,0,0,2,8,0,0,0,0,0,0,1,0,0x000,0x324
1887,1,0,1,0,0,0,2,8,0,0,0,0,0,0,1,0,0x000,0x325
1888,1,0,1,0,0,0,2,8,0,0,0,0,0,0,1,0,0x000,0x326
1889,1,0,1,0,0,0,2,8,0,0,0,0,0,0,1,0,0x000,0x327
1890,1,0,1,0,0,0,2,8,0,0,0,0,0,0,1,0,0x000,0x328
1891,1,0,1,0,0,0,2,8,0,0,0,0,0,0,1,0,0x000,0x329
1892,1,0,1,0,0,0,2,8,0,0,0,0,0,0,1,0,0x000,0x32a
1893,1,0,1,0,0,0,2,8,0,0,0,0,0,0,1,0,0x000,0x32b
1894,1,0,1,0,0,0,2,8,0,0,0,0,0,0,1,0,0x000,0x32c
1895,1,0,1,0,0,0,2,8,0,0,0,0,0,0,1,0,0x000,0x32d
1896,1,0,1,0,0,0,2,8,0,0,0,0,0,0,1,0,0x000,0x32e
1897,1,0,1,0,0,0,2,8,0,0,0,0,0,0,1,0,0x000,0x32f
1898,1,0,1,0,0,0,2,8,0,0,0,0,0,0,1,0,0x000,0x330
1899,1,0,1,0,0,0,2,8,0,0,0,0,0,0,1,0,0x000,0x331
1900,1,0,1,0,0,0,2,8,0,0,0,0,0,0,1,0,0x000,0x332
1901,1,0,1,0,0,0,2,8,0,0,0,0,0,0,1,0,0x000,0x333
1902,1,0,1,0,0,0,2,8,0,0,0,0,0,0,1,0,0x000,0x334
1903,1,0,1,0,0,0,2,8,0,0,0,0,0,0,1,0,0x000,0x335
1904,1,0,1,0,0,0,2,8,0,0,0,0,0,0,1,0,0x000,0x336
1905,1,0,1,0,0,0,2,8,0,0,0,0,0,0,1,0,0x000,0x337
1906,1,0,1,0,0,0,2,8,0,0,0,0,0,0,1,0,0x000,0x338
1907,1,0,1,0,0,0,2,8,0,0,0,0,0,0,1,0,0x000,0x339
1908,1,0,1,0,0,0,2,8,0,0,0,0,0,0,1,0,0x000,0x33a
1909,1,0,1,0,0,0,2,8,0,0,0,0,0,0,1,0,0x000,0x33b
1910,1,0,1,0,0,0,2,8,0,0,0,0,0,0,1,0,0x000,0x33c
1911,1,0,1,0,0,0,2,8,0,0,0,0,0,0,1,0,0x000,0x33d
1912,1,0,1,0,0,0,2,8,0,0,0,0,0,0,1,0,0x000,0x33e
1913,1,0,1,0,0,0,2,8,0,0,0,0,0,0,1,0,0x000,0x33f
1914,1,0,1,0,0,0,2,8,0,0,0,0,0,0,1,0,0x000,0x340
1915,1,0,1,0,0,0,2,8,0,0,0,0,0,0,1,0,0x000,0x341
1916,1,0,1,0,0,0,2,8,0,0,0,0,0,0,1,0,0x000,0x342
1917,1,0,1,0,0,0,2,8,0,0,0,0,0,0,1,0,0x000,0x343
1918,1,0,1,0,0,0,2,8,0,0,0,0,0,0,1,0,0x000,0x344
1919,1,0,1,0,0,0,2,8,0,0,0,0,0,0,1,0,0x000,0x345
1920,1,0,1,0,0,0,2,8,0,0,0,0,0,0,1,0,0x000,0x346
1921,1,0,1,0,0,0,2,8,0,0,0,0,0,0,1,0,0x000,0x347
1922,1,0,1,0,0,0,2,8,0,0,0,0,0,0,1,0,0x000,0x348
1923,1,0,1,0,0,0,2,8,0,0,0,0,0,0,1,0,0x000,0x349
1924,1,0,1,0,0,0,2,8,0,0,0,0,0,0,1,0,0x000,0x34a
1925,1,0,1,0,0,0,2,8,0,0,0,0,0,0,1,0,0x000,0x34b
1926,1,0,1,0,0,0,2,8,0,0,0,0,0,0,1,0,0x000,0x34c
1927,1,0,1,0,0,0,2,8,0,0,0,0,0,0,1,0,0x000,0x34d
1928,1,0,1,0,0,0,2,8,0,0,0,0,0,0,1,0,0x000,0x34e
1929,1,0,1,0,0,0,2,8,0,0,0,0,0,0,1,0,0x000,0x34f
1930,1,0,1,0,0,0,2,8,0,0,0,0,0,0,1,0,0x000,0x350
1931,1,0,1,0,0,0,2,8,0,0,0,0,0,0,1,0,0x000,0x351
1932,1,0,1,0,0,0,2,8,0,0,0,0,0,0,1,0,0x000,0x352
1933,1,0,1,0,0,0,2,8,0,0,0,0,0,0,1,0,0x000,0x353
1934,1,0,1,0,0,0,2,8,0,0,0,0,0,0,1,0,0x000,0x354
1935,1,0,1,0,0,0,2,8,0,0,0,0,0,0,1,0,0x000,0x355
1936,1,0,1,0,0,0,2,8,0,0,0,0,0,0,1,0,0x000,0x356
1937,1,0,1,0,0,0,2,8,0,0,0,0,0,0,1,0,0x000,0x357
1938,1,0,1,0,0,0,2,8,0,0,0,0,0,0,1,0,0x000,0x358
1939,1,0,1,0,0,0,2,8,0,0,0,0,0,0,1,0,0x000,0x359
1940,1,0,1,0,0,0,2,8,0,0,0,0,0,0,1,0,0x000,0x35a
1941,1,0,1,0,0,0,2,8,0,0,0,0,0,0,1,0,0x000,0x35b
1942,1,0,1,0,0,0,2,8,0,0,0,0,0,0,1,0,0x000,0x35c
1943,1,0,1,0,0,0,2,8,0,0,0,0,0,0,1,0,0x000,0x35d
1944,1,0,1,0,0,0,2,8,0,0,0,0,0,0,1,0,0x000,0x35e
1945,1,0,1,0,0,0,2,8,0,0,0,0,0,0,1,0,0x000,0x35f
1946,1,0,1,0,0,0,2,8,0,0,0,0,0,0,1,0,0x000,0x360
1947,1,0,1,0,0,0,2,8,0,0,0,0,0,0,1,0,0x000,0x361
1948,1,0,1,0,0,0,2,8,0,0,0,0,0,0,1,0,0x000,0x362
1949,1,0,1,0,0,0,2,8,0,0,0,0,0,0,1,0,0x000,0x363
1950,1,0,1,0,0,0,2,8,0,0,0,0,0,0,1,0,0x000,0x364
1951,1,0,1,0,0,0,2,8,0,0,0,0,0,0,1,0,0x000,0x365
1952,1,0,1,0,0,0,2,8,0,0,0,0,0,0,1,0,0x000,0x366
1953,1,0,1,0,0,0,2,8,0,0,0,0,0,0,1,0,0x000,0x367
1954,1,0,1,0,0,0,2,8,0,0,0,0,0,0,1,0,0x000,0x368
1955,1,0,1,0,0,0,2,8,0,0,0,0,0,0,1,0,0x000,0x369
1956,1,0,1,0,0,0,2,8,0,0,0,0,0,0,1,0,0x000,0x36a
1957,1,0,1,0,0,0,2,8,0,0,0,0,0,0,1,0,0x000,0x36b
1958,1,0,1,0,0,0,2,8,0,0,0,0,0,0,1,0,0x000,0x36c
1959,1,0,1,0,0,0,2,8,0,0,0,0,0,0,1,0,0x000,0x36d
1960,1,0,1,0,0,0,2,8,0,0,0,0,0,0,1,0,0x000,0x36e
1961,1,0,1,0,0,0,2,8,0,0,0,0,0,0,1,0,0x000,0x36f
1962,1,0,1,0,0,0,2,8,0,0,0,0,0,0,1,0,0x000,0x370
1963,1,0,1,0,0,0,2,8,0,0,0,0,0,0,1,0,0x000,0x371
1964,1,0,1,0,0,0,2,8,0,0,0,0,0,0,1,0,0x000,0x372
1965,1,0,1,0,0,0,2,8,0,0,0,0,0,0,1,0,0x000,0x373
1966,1,0,1,0,0,0,2,8,0,0,0,0,0,0,1,0,0x000,0x374
1967,1,0,1,0,0,0,2,8,0,0,0,0,0,0,1,0,0x000,0x375
1968,1,0,1,0,0,0,2,8,0,0,0,0,0,0,1,0,0x000,0x376
1969,1,0,1,0,0,0,2,8,0,0,0,0,0,0,1,0,0x000,0x377
1970,1,0,1,0,0,0,2,8,0,0,0,0,0,0,1,0,0x000,0x378
1971,1,0,1,0,0,0,2,8,0,0,0,0,0,0,1,0,0x000,0x379
1972,1,0,1,0,0,0,2,8,0,0,0,0,0,0,1,0,0x000,0x37a
1973,1,0,1,0,0,0,2,8,0,0,0,0,0,0,1,0,0x000,0x37b
1974,1,0,1,0,0,0,2,8,0,0,0,0,0,0,1,0,0x000,0x37c
1975,1,0,1,0,0,0,2,8,0,0,0,0,0,0,1,0,0x000,0x37d
1976,1,0,1,0,0,0,2,8,0,0,0,0,0,0,1,0,0x000,0x37e
1977,1,0,1,0,0,0,2,8,0,0,0,0,0,0,1,0,0x000,0x37f
1978,1,0,1,0,0,0,2,8,0,0,0,0,0,0,1,0,0x000,0x380
1979,1,0,1,0,0,0,2,8,0,0,0,0,0,0,1,0,0x000,0x381
1980,1,0,1,0,0,0,2,8,0,0,0,0,0,0,1,0,0x000,0x382
1981,1,0,1,0,0,0,2,8,0,0,0,0,0,0,1,0,0x000,0x383
1982,1,0,1,0,0,0,2,8,0,0,0,0,0,0,1,0,0x000,0x384
1983,1,0,1,0,0,0,2,8,0,0,0,0,0,0,1,0,0x000,0x385
1984,1,0,1,0,0,0,2,8,0,0,0,0,0,0,1,0,0x000,0x386
1985,1,0,1,0,0,0,2,8,0,0,0,0,0,0,1,0,0x000,0x387
1986,1,0,1,0,0,0,2,8,0,0,0,0,0,0,1,0,0x000,0x388
1987,1,0,1,0,0,0,2,8,0,0,0,0,0,0,1,0,0x000,0x389
1988,1,0,1,0,0,0,2,8,0,0,0,0,0,0,1,0,0x000,0x38a
1989,1,0,1,0,0,0,2,8,0,0,0,0,0,0,1,0,0x000,0x38b
1990,1,0,1,0,0,0,2,8,0,0,0,0,0,0,1,0,0x000,0x38c
1991,1,0,1,0,0,0,2,8,0,0,0,0,0,0,1,0,0x000,0x38d
1992,1,0,1,0,0,0,2,8,0,0,0,0,0,0,1,0,0x000,0x38e
1993,1,0,1,0,0,0,2,8,0,0,0,0,0,0,1,0,0x000,0x38f
1994,1,0,1,0,0,0,2,8,0,0,0,0,0,0,1,0,0x000,0x390
1995,1,0,1,0,0,0,2,8,0,0,0,0,0,0,1,0,0x000,0x391
1996,1,0,1,0,0,0,2,8,0,0,0,0,0,0,1,0,0x000,0x392
1997,1,0,1,0,0,0,2,8,0,0,0,0,0,0,1,0,0x000,0x393
1998,1,0,1,0,0,0,2,8,0,0,0,0,0,0,1,0,0x000,0x394
1999,1,0,1,0,0,0,2,8,0,0,0,0,0,0,1,0,0x000,0x395
2000,1,0,1,0,0,0,2,8,0,0,0,0,0,0,1,0,0x000,0x396
2001,1,0,1,0,0,0,2,8,0,0,0,0,0,0,1,0,0x000,0x397
2002,1,0,1,0,0,0,2,8,0,0,0,0,0,0,1,0,0x000,0x398
2003,1,0,1,0,0,0,2,8,0,0,0,0,0,0,1,0,0x000,0x399
2004,1,0,1,0,0,0,2,8,0,0,0,0,0,0,1,0,0x000,0x39a
2005,1,0,1,0,0,0,2,8,0,0,0,0,0,0,1,0,0x000,0x39b
2006,1,0,1,0,0,0,2,8,0,0,0,0,0,0,1,0,0x000,0x39c
2007,1,0,1,0,0,0,2,8,0,0,0,0,0,0,1,0,0x000,0x39d
2008,1,0,1,0,0,0,2,8,0,0,0,0,0,0,1,0,0x000,0x39e
2009,1,0,1,0,0,0,2,8,0,0,0,0,0,0,1,0,0x000,0x39f
2010,1,0,1,0,0,0,2,8,0,0,0,0,0,0,1,0,0x000,0x3a0
2011,1,0,1,0,0,0,2,8,0,0,0,0,0,0,1,0,0x000,0x3a1
2012,1,0,1,0,0,0,2,8,0,0,0,0,0,0,1,0,0x000,0x3a2
2013,1,0,1,0,0,0,2,8,0,0,0,0,0,0,1,0,0x000,0x3a3
2014,1,0,1,0,0,0,2,8,0,0,0,0,0,0,1,0,0x000,0x3a4
2015,1,0,1,0,0,0,2,8,0,0,0,0,0,0,1,0,0x000,0x3a5
2016,1,0,1,0,0,0,2,8,0,0,0,0,0,0,1,0,0x000,0x3a6
2017,1,0,1,0,0,0,2,8,0,0,0,0,0,0,1,0,0x000,0x3a7
2018,1,0,1,0,0,0,2,8,0,0,0,0,0,0,1,0,0x000,0x3a8
2019,1,0,1,0,0,0,2,8,0,0,0,0,0,0,1,0,0x000,0x3a9
2020,1,0,1,0,0,0,2,8,0,0,0,0,0,0,1,0,0x000,0x3aa
2021,1,0,1,0,0,0,2,8,0,0,0,0,0,0,1,0,0x000,0x3ab
2022,1,0,1,0,0,0,2,8,0,0,0,0,0,0,1,0,0x000,0x3ac
2023,1,0,1,0,0,0,2,8,0,0,0,0,0,0,1,0,0x000,0x3ad
2024,1,0,1,0,0,0,2,8,0,0,0,0,0,0,1,0,0x000,0x3ae
2025,1,0,1,0,0,0,2,8,0,0,0,0,0,0,1,0,0x000,0x3af
2026,1,0,1,0,0,0,2,8,0,0,0,0,0,0,1,0,0x000,0x3b0
2027,1,0,1,0,0,0,2,8,0,0,0,0,0,0,1,0,0x000,0x3b1
2028,1,0,1,0,0,0,2,8,0,0,0,0,0,0,1,0,0x000,0x3b2
2029,1,0,1,0,0,0,2,8,0,0,0,0,0,0,1,0,0x000,0x3b3
2030,1,0,1,0,0,0,2,8,0,0,0,0,0,0,1,0,0x000,0x3b4
2031,1,0,1,0,0,0,2,8,0,0,0,0,0,0,1,0,0x000,0x3b5
2032,1,0,1,0,0,0,2,8,0,0,0,0,0,0,1,0,0x000,0x3b6
2033,1,0,1,0,0,0,2,8,0,0,0,0,0,0,1,0,0x000,0x3b7
2034,1,0,1,0,0,0,2,8,0,0,0,0,0,0,1,0,0x000,0x3b8
2035,1,0,1,0,0,0,2,8,0,0,0,0,0,0,1,0,0x000,0x3b9
2036,1,0,1,0,0,0,2,8,0,0,0,0,0,0,1,0,0x000,0x3ba
2037,1,0,1,0,0,0,2,8,0,0,0,0,0,0,1,0,0x000,0x3bb
2038,1,0,1,0,0,0,2,8,0,0,0,0,0,0,1,0,0x000,0x3bc
2039,1,0,1,0,0,0,2,8,0,0,0,0,0,0,1,0,0x000,0x3bd
2040,1,0,1,0,0,0,2,8,0,0,0,0,0,0,1,0,0x000,0x3be
2041,1,0,1,0,0,0,2,8,0,0,0,0,0,0,1,0,0x000,0x3bf
2042,1,0,1,0,0,0,2,8,0,0,0,0,0,0,1,0,0x000,0x3c0
2043,1,0,1,0,0,0,2,8,0,0,0,0,0,0,1,0,0x000,0x3c1
2044,1,0,1,0,0,0,2,8,0,0,0,0,0,0,1,0,0x000,0x3c2
2045,1,0,1,0,0,0,2,8,0,0,0,0,0,0,1,0,0x000,0x3c3
2046,1,0,1,0,0,0,2,8,0,0,0,0,0,0,1,0,0x000,0x3c4
2047,1,0,1,0,0,0,2,8,0,0,0,0,0,0,1,0,0x000,0x3c5
2048,1,0,1,0,0,0,2,8,0,0,0,0,0,0,1,0,0x000,0x3c6
2049,1,0,1,0,0,0,2,8,0,0,0,0,0,0,1,0,0x000,0x3c7
2050,1,0,1,0,0,0,2,8,0,0,0,0,0,0,1,0,0x000,0x3c8
2051,1,0,1,0,0,0,2,8,0,0,0,0,0,0,1,0,0x000,0x3c9
2052,1,0,1,0,0,0,2,8,0,0,0,0,0,0,1,0,0x000,0x3ca
2053,1,0,1,0,0,0,2,8,0,0,0,0,0,0,1,0,0x000,0x3cb
2054,1,0,1,0,0,0,2,8,0,0,0,0,0,0,1,0,0x000,0x3cc
2055,1,0,1,0,0,0,2,8,0,0,0,0,0,0,1,0,0x000,0x3cd
2056,1,0,1,0,0,0,2,8,0,0,0,0,0,0,1,0,0x000,0x3ce
2057,1,0,1,0,0,0,2,8,0,0,0,0,0,0,1,0,0x000,0x3cf
2058,1,0,1,0,0,0,2,8,0,0,0,0,0,0,1,0,0x000,0x3d0
2059,1,0,1,0,0,0,2,8,0,0,0,0,0,0,1,0,0x000,0x3d1
2060,1,0,1,0,0,0,2,8,0,0,0,0,0,0,1,0,0x000,0x3d2
2061,1,0,1,0,0,0,2,8,0,0,0,0,0,0,1,0,0x000,0x3d3
2062,1,0,1,0,0,0,2,8,0,0,0,0,0,0,1,0,0x000,0x3d4
2063,1,0,1,0,0,0,2,8,0,0,0,0,0,0,1,0,0x000,0x3d5
2064,1,0,1,0,0,0,2,8,0,0,0,0,0,0,1,0,0x000,0x3d6
2065,1,0,1,0,0,0,2,8,0,0,0,0,0,0,1,0,0x000,0x3d7
2066,1,0,1,0,0,0,2,8,0,0,0,0,0,0,1,0,0x000,0x3d8
2067,1,0,1,0,0,0,2,8,0,0,0,0,0,0,1,0,0x000,0x3d9
2068,1,0,1,0,0,0,2,8,0,0,0,0,0,0,1,0,0x000,0x3da
2069,1,0,1,0,0,0,2,8,0,0,0,0,0,0,1,0,0x000,0x3db
2070,1,0,1,0,0,0,2,8,0,0,0,0,0,0,1,0,0x000,0x3dc
2071,1,0,1,0,0,0,2,8,0,0,0,0,0,0,1,0,0x000,0x3dd
2072,1,0,1,0,0,0,2,8,0,0,0,0,0,0,1,0,0x000,0x3de
2073,1,0,1,0,0,0,2,8,0,0,0,0,0,0,1,0,0x000,0x3df
2074,1,0,1,0,0,0,2,8,0,0,0,0,0,0,1,0,0x000,0x3e0
2075,1,0,1,0,0,0,2,8,0,0,0,0,0,0,1,0,0x000,0x3e1
2076,1,0,1,0,0,0,2,8,0,0,0,0,0,0,1,0,0x000,0x3e2
2077,1,0,1,0,0,0,2,8,0,0,0,0,0,0,1,0,0x000,0x3e3
2078,1,0,1,0,0,0,2,8,0,0,0,0,0,0,1,0,0x000,0x3e4
2079,1,0,1,0,0,0,2,8,0,0,0,0,0,0,1,0,0x000,0x3e5
2080,1,0,1,0,0,0,2,8,0,0,0,0,0,0,1,0,0x000,0x3e6
2081,1,0,1,0,0,0,2,8,0,0,0,0,0,0,1,0,0x000,0x3e7
2082,1,0,1,0,0,0,2,8,0,0,0,0,0,0,1,0,0x000,0x3e8
2083,1,0,1,0,0,0,2,8,0,0,0,0,0,0,1,0,0x000,0x3e9
2084,1,0,1,0,0,0,2,8,0,0,0,0,0,0,1,0,0x000,0x3ea
2085,1,0,1,0,0,0,2,8,0,0,0,0,0,0,1,0,0x000,0x3eb
2086,1,0,1,0,0,0,2,8,0,0,0,0,0,0,1,0,0x000,0x3ec
2087,1,0,1,0,0,0,2,8,0,0,0,0,0,0,1,0,0x000,0x3ed
2088,1,0,1,0,0,0,2,8,0,0,0,0,0,0,1,0,0x000,0x3ee
2089,1,0,1,0,0,0,2,8,0,0,0,0,0,0,1,0,0x000,0x3ef
2090,1,0,1,0,0,0,2,8,0,0,0,0,0,0,1,0,0x000,0x3f0
2091,1,0,1,0,0,0,2,8,0,0,0,0,0,0,1,0,0x000,0x3f1
2092,1,0,1,0,0,0,2,8,0,0,0,0,0,0,1,0,0x000,0x3f2
2093,1,0,1,0,0,0,2,8,0,0,0,0,0,0,1,0,0x000,0x3f3
2094,1,0,1,0,0,0,2,8,0,0,0,0,0,0,1,0,0x000,0x3f4
2095,1,0,1,0,0,0,2,8,0,0,0,0,0,0,1,0,0x000,0x3f5
2096,1,0,1,0,0,0,2,8,0,0,0,0,0,0,1,0,0x000,0x3f6
2097,1,0,1,0,0,0,2,8,0,0,0,0,0,0,1,0,0x000,0x3f7
2098,1,0,1,0,0,0,2,8,0,0,0,0,0,0,1,0,0x000,0x3f8
2099,1,0,1,0,0,0,2,8,0,0,0,0,0,0,1,0,0x000,0x3f9
2100,1,0,1,0,0,0,2,8,0,0,0,0,0,0,1,0,0x000,0x3fa
2101,1,0,1,0,0,0,2,8,0,0,0,0,0,0,1,0,0x000,0x3fb
2102,1,0,1,0,0,0,2,8,0,0,0,0,0,0,1,0,0x000,0x3fc
2103,1,0,1,0,0,0,2,8,0,0,0,0,0,0,1,0,0x000,0x3fd
2104,1,0,1,0,0,0,2,8,0,0,0,0,0,0,1,0,0x000,0x3fe
2105,1,0,1,0,0,0,2,8,0,0,0,0,0,0,1,0,0x000,0x3ff
2106,1,0,1,0,0,0,2,8,0,0,0,0,0,0,0,1,0x000,0x000
2107,1,0,1,0,0,0,2,9,0,0,0,0,0,0,0,0,0x000,0x000
2108,1,0,0,1,0,0,3,0,0,0,0,0,0,0,0,0,0x000,0x000
2109,2,0,0,0,0,0,0,0,0,0,0,0,0,0,0,0,0x000,0x000
2110,2,0,0,0,0,0,0,0,0,0,0,0,0,0,0,0,0x000,0x000
2111,2,0,0,0,0,0,0,0,0,0,0,0,0,0,0,0,0x000,0x000
2112,2,0,0,0,0,0,0,0,0,0,0,0,0,0,0,0,0x000,0x000
2113,2,0,0,0,0,0,0,0,0,0,0,0,0,0,0,0,0x000,0x000
2114,2,0,0,0,0,0,0,0,0,0,0,0,0,0,0,0,0x000,0x000
2115,2,0,0,0,0,0,0,0,0,0,0,0,0,0,0,0,0x000,0x000
2116,2,0,0,0,0,0,0,0,0,0,0,0,0,0,0,0,0x000,0x000
2117,2,1,0,0,0,0,0,0,0,0,0,0,0,0,0,0,0x000,0x000
2118,2,0,1,0,0,0,1,0,0,0,0,0,0,0,0,0,0x000,0x000
2119,2,0,1,0,0,0,2,1,0,0,0,0,0,0,0,0,0x000,0x000
2120,2,0,1,0,0,0,2,2,1,0,0,0,0,0,0,0,0x000,0x000
2121,2,0,1,0,0,0,2,2,1,0,0,0,0,0,0,0,0x001,0x000
2122,2,0,1,0,0,0,2,2,1,0,0,0,0,0,0,0,0x002,0x000
2123,2,0,1,0,0,0,2,2,1,0,0,0,0,0,0,0,0x003,0x000
2124,2,0,1,0,0,0,2,2,1,0,0,0,0,0,0,0,0x004,0x000
2125,2,0,1,0,0,0,2,2,1,0,0,0,0,0,0,0,0x005,0x000
2126,2,0,1,0,0,0,2,2,1,0,0,0,0,0,0,0,0x006,0x000
2127,2,0,1,0,0,0,2,2,1,0,0,0,0,0,0,0,0x007,0x000
2128,2,0,1,0,0,0,2,2,1,0,0,0,0,0,0,0,0x008,0x000
2129,2,0,1,0,0,0,2,2,1,0,0,0,0,0,0,0,0x009,0x000
2130,2,0,1,0,0,0,2,2,1,0,0,0,0,0,0,0,0x00a,0x000
2131,2,0,1,0,0,0,2,2,1,0,0,0,0,0,0,0,0x00b,0x000
2132,2,0,1,0,0,0,2,2,1,0,0,0,0,0,0,0,0x00c,0x000
2133,2,0,1,0,0,0,2,2,1,0,0,0,0,0,0,0,0x00d,0x000
2134,2,0,1,0,0,0,2,2,1,0,0,0,0,0,0,0,0x00e,0x000
2135,2,0,1,0,0,0,2,2,1,0,0,0,0,0,0,0,0x00f,0x000
2136,2,0,1,0,0,0,2,2,1,0,0,0,0,0,0,0,0x010,0x000
2137,2,0,1,0,0,0,2,2,1,0,0,0,0,0,0,0,0x011,0x000
2138,2,0,1,0,0,0,2,2,1,0,0,0,0,0,0,0,0x012,0x000
2139,2,0,1,0,0,0,2,2,1,0,0,0,0,0,0,0,0x013,0x000
2140,2,0,1,0,0,0,2,2,1,0,0,0,0,0,0,0,0x014,0x000
2141,2,0,1,0,0,0,2,2,1,0,0,0,0,0,0,0,0x015,0x000
2142,2,0,1,0,0,0,2,2,1,0,0,0,0,0,0,0,0x016,0x000
2143,2,0,1,0,0,0,2,2,1,0,0,0,0,0,0,0,0x017,0x000
2144,2,0,1,0,0,0,2,2,1,0,0,0,0,0,0,0,0x018,0x000
2145,2,0,1,0,0,0,2,2,1,0,0,0,0,0,0,0,0x019,0x000
2146,2,0,1,0,0,0,2,2,1,0,0,0,0,0,0,0,0x01a,0x000
2147,2,0,1,0,0,0,2,2,1,0,0,0,0,0,0,0,0x01b,0x000
2148,2,0,1,0,0,0,2,2,1,0,0,0,0,0,0,0,0x01c,0x000
2149,2,0,1,0,0,0,2,2,1,0,0,0,0,0,0,0,0x01d,0x000
2150,2,0,1,0,0,0,2,2,1,0,0,0,0,0,0,0,0x01e,0x000
2151,2,0,1,0,0,0,2,2,1,0,0,0,0,0,0,0,0x01f,0x000
2152,2,0,1,0,0,0,2,2,1,0,0,0,0,0,0,0,0x020,0x000
2153,2,0,1,0,0,0,2,2,1,0,0,0,0,0,0,0,0x021,0x000
2154,2,0,1,0,0,0,2,2,1,0,0,0,0,0,0,0,0x022,0x000
2155,2,0,1,0,0,0,2,2,1,0,0,0,0,0,0,0,0x023,0x000
2156,2,0,1,0,0,0,2,2,1,0,0,0,0,0,0,0,0x024,0x000
2157,2,0,1,0,0,0,2,2,1,0,0,0,0,0,0,0,0x025,0x000
2158,2,0,1,0,0,0,2,2,1,0,0,0,0,0,0,0,0x026,0x000
2159,2,0,1,0,0,0,2,2,1,0,0,0,0,0,0,0,0x027,0x000
2160,2,0,1,0,0,0,2,2,1,0,0,0,0,0,0,0,0x028,0x000
2161,2,0,1,0,0,0,2,2,1,0,0,0,0,0,0,0,0x029,0x000
2162,2,0,1,0,0,0,2,2,1,0,0,0,0,0,0,0,0x02a,0x000
2163,2,0,1,0,0,0,2,2,1,0,0,0,0,0,0,0,0x02b,0x000
2164,2,0,1,0,0,0,2,2,1,0,0,0,0,0,0,0,0x02c,0x000
2165,2,0,1,0,0,0,2,2,1,0,0,0,0,0,0,0,0x02d,0x000
2166,2,0,1,0,0,0,2,2,1,0,0,0,0,0,0,0,0x02e,0x000
2167,2,0,1,0,0,0,2,2,1,0,0,0,0,0,0,0,0x02f,0x000
2168,2,0,1,0,0,0,2,2,1,0,0,0,0,0,0,0,0x030,0x000
2169,2,0,1,0,0,0,2,2,1,0,0,0,0,0,0,0,0x031,0x000
2170,2,0,1,0,0,0,2,2,1,0,0,0,0,0,0,0,0x032,0x000
2171,2,0,1,0,0,0,2,2,1,0,0,0,0,0,0,0,0x033,0x000
2172,2,0,1,0,0,0,2,2,1,0,0,0,0,0,0,0,0x034,0x000
2173,2,0,1,0,0,0,2,2,1,0,0,0,0,0,0,0,0x035,0x000
2174,2,0,1,0,0,0,2,2,1,0,0,0,0,0,0,0,0x036,0x000
2175,2,0,1,0,0,0,2,2,1,0,0,0,0,0,0,0,0x037,0x000
2176,2,0,1,0,0,0,2,2,1,0,0,0,0,0,0,0,0x038,0x000
2177,2,0,1,0,0,0,2,2,1,0,0,0,0,0,0,0,0x039,0x000
2178,2,0,1,0,0,0,2,2,1,0,0,0,0,0,0,0,0x03a,0x000
2179,2,0,1,0,0,0,2,2,1,0,0,0,0,0,0,0,0x03b,0x000
2180,2,0,1,0,0,0,2,2,1,0,0,0,0,0,0,0,0x03c,0x000
2181,2,0,1,0,0,0,2,2,1,0,0,0,0,0,0,0,0x03d,0x000
2182,2,0,1,0,0,0,2,2,1,0,0,0,0,0,0,0,0x03e,0x000
2183,2,0,1,0,0,0,2,2,1,0,0,0,0,0,0,0,0x03f,0x000
2184,2,0,1,0,0,0,2,2,1,0,0,0,0,0,0,0,0x040,0x000
2185,2,0,1,0,0,0,2,2,1,0,0,0,0,0,0,0,0x041,0x000
2186,2,0,1,0,0,0,2,2,1,0,0,0,0,0,0,0,0x042,0x000
2187,2,0,1,0,0,0,2,2,1,0,0,0,0,0,0,0,0x043,0x000
2188,2,0,1,0,0,0,2,2,1,0,0,0,0,0,0,0,0x044,0x000
2189,2,0,1,0,0,0,2,2,1,0,0,0,0,0,0,0,0x045,0x000
2190,2,0,1,0,0,0,2,2,1,0,0,0,0,0,0,0,0x046,0x000
2191,2,0,1,0,0,0,2,2,1,0,0,0,0,0,0,0,0x047,0x000
2192,2,0,1,0,0,0,2,2,1,0,0,0,0,0,0,0,0x048,0x000
2193,2,0,1,0,0,0,2,2,1,0,0,0,0,0,0,0,0x049,0x000
2194,2,0,1,0,0,0,2,2,1,0,0,0,0,0,0,0,0x04a,0x000
2195,2,0,1,0,0,0,2,2,1,0,0,0,0,0,0,0,0x04b,0x000
2196,2,0,1,0,0,0,2,2,1,0,0,0,0,0,0,0,0x04c,0x000
2197,2,0,1,0,0,0,2,2,1,0,0,0,0,0,0,0,0x04d,0x000
2198,2,0,1,0,0,0,2,2,1,0,0,0,0,0,0,0,0x04e,0x000
2199,2,0,1,0,0,0,2,2,1,0,0,0,0,0,0,0,0x04f,0x000
2200,2,0,1,0,0,0,2,2,1,0,0,0,0,0,0,0,0x050,0x000
2201,2,0,1,0,0,0,2,2,1,0,0,0,0,0,0,0,0x051,0x000
2202,2,0,1,0,0,0,2,2,1,0,0,0,0,0,0,0,0x052,0x000
2203,2,0,1,0,0,0,2,2,1,0,0,0,0,0,0,0,0x053,0x000
2204,2,0,1,0,0,0,2,2,1,0,0,0,0,0,0,0,0x054,0x000
2205,2,0,1,0,0,0,2,2,1,0,0,0,0,0,0,0,0x055,0x000
2206,2,0,1,0,0,0,2,2,1,0,0,0,0,0,0,0,0x056,0x000
2207,2,0,1,0,0,0,2,2,1,0,0,0,0,0,0,0,0x057,0x000
2208,2,0,1,0,0,0,2,2,1,0,0,0,0,0,0,0,0x058,0x000
2209,2,0,1,0,0,0,2,2,1,0,0,0,0,0,0,0,0x059,0x000
2210,2,0,1,0,0,0,2,2,1,0,0,0,0,0,0,0,0x05a,0x000
2211,2,0,1,0,0,0,2,2,1,0,0,0,0,0,0,0,0x05b,0x000
2212,2,0,1,0,0,0,2,2,1,0,0,0,0,0,0,0,0x05c,0x000
2213,2,0,1,0,0,0,2,2,1,0,0,0,0,0,0,0,0x05d,0x000
2214,2,0,1,0,0,0,2,2,1,0,0,0,0,0,0,0,0x05e,0x000
2215,2,0,1,0,0,0,2,2,1,0,0,0,0,0,0,0,0x05f,0x000
2216,2,0,1,0,0,0,2,2,1,0,0,0,0,0,0,0,0x060,0x000
2217,2,0,1,0,0,0,2,2,1,0,0,0,0,0,0,0,0x061,0x000
2218,2,0,1,0,0,0,2,2,1,0,0,0,0,0,0,0,0x062,0x000
2219,2,0,1,0,0,0,2,2,1,0,0,0,0,0,0,0,0x063,0x000
2220,2,0,1,0,0,0,2,2,1,0,0,0,0,0,0,0,0x064,0x000
2221,2,0,1,0,0,0,2,2,1,0,0,0,0,0,0,0,0x065,0x000
2222,2,0,1,0,0,0,2,2,1,0,0,0,0,0,0,0,0x066,0x000
2223,2,0,1,0,0,0,2,2,1,0,0,0,0,0,0,0,0x067,0x000
2224,2,0,1,0,0,0,2,2,1,0,0,0,0,0,0,0,0x068,0x000
2225,2,0,1,0,0,0,2,2,1,0,0,0,0,0,0,0,0x069,0x000
2226,2,0,1,0,0,0,2,2,1,0,0,0,0,0,0,0,0x06a,0x000
2227,2,0,1,0,0,0,2,2,1,0,0,0,0,0,0,0,0x06b,0x000
2228,2,0,1,0,0,0,2,2,1,0,0,0,0,0,0,0,0x06c,0x000
2229,2,0,1,0,0,0,2,2,1,0,0,0,0,0,0,0,0x06d,0x000
2230,2,0,1,0,0,0,2,2,1,0,0,0,0,0,0,0,0x06e,0x000
2231,2,0,1,0,0,0,2,2,1,0,0,0,0,0,0,0,0x06f,0x000
2232,2,0,1,0,0,0,2,2,1,0,0,0,0,0,0,0,0x070,0x000
2233,2,0,1,0,0,0,2,2,1,0,0,0,0,0,0,0,0x071,0x000
2234,2,0,1,0,0,0,2,2,1,0,0,0,0,0,0,0,0x072,0x000
2235,2,0,1,0,0,0,2,2,1,0,0,0,0,0,0,0,0x073,0x000
2236,2,0,1,0,0,0,2,2,1,0,0,0,0,0,0,0,0x074,0x000
2237,2,0,1,0,0,0,2,2,1,0,0,0,0,0,0,0,0x075,0x000
2238,2,0,1,0,0,0,2,2,1,0,0,0,0,0,0,0,0x076,0x000
2239,2,0,1,0,0,0,2,2,1,0,0,0,0,0,0,0,0x077,0x000
2240,2,0,1,0,0,0,2,2,1,0,0,0,0,0,0,0,0x078,0x000
2241,2,0,1,0,0,0,2,2,1,0,0,0,0,0,0,0,0x079,0x000
2242,2,0,1,0,0,0,2,2,1,0,0,0,0,0,0,0,0x07a,0x000
2243,2,0,1,0,0,0,2,2,1,0,0,0,0,0,0,0,0x07b,0x000
2244,2,0,1,0,0,0,2,2,1,0,0,0,0,0,0,0,0x07c,0x000
2245,2,0,1,0,0,0,2,2,1,0,0,0,0,0,0,0,0x07d,0x000
2246,2,0,1,0,0,0,2,2,1,0,0,0,0,0,0,0,0x07e,0x000
2247,2,0,1,0,0,0,2,2,1,0,0,0,0,0,0,0,0x07f,0x000
2248,2,0,1,0,0,0,2,2,1,0,0,0,0,0,0,0,0x080,0x000
2249,2,0,1,0,0,0,2,2,1,0,0,0,0,0,0,0,0x081,0x000
2250,2,0,1,0,0,0,2,2,1,0,0,0,0,0,0,0,0x082,0x000
2251,2,0,1,0,0,0,2,2,1,0,0,0,0,0,0,0,0x083,0x000
2252,2,0,1,0,0,0,2,2,1,0,0,0,0,0,0,0,0x084,0x000
2253,2,0,1,0,0,0,2,2,1,0,0,0,0,0,0,0,0x085,0x000
2254,2,0,1,0,0,0,2,2,1,0,0,0,0,0,0,0,0x086,0x000
2255,2,0,1,0,0,0,2,2,1,0,0,0,0,0,0,0,0x087,0x000
2256,2,0,1,0,0,0,2,2,1,0,0,0,0,0,0,0,0x088,0x000
2257,2,0,1,0,0,0,2,2,1,0,0,0,0,0,0,0,0x089,0x000
2258,2,0,1,0,0,0,2,2,1,0,0,0,0,0,0,0,0x08a,0x000
2259,2,0,1,0,0,0,2,2,1,0,0,0,0,0,0,0,0x08b,0x000
2260,2,0,1,0,0,0,2,2,1,0,0,0,0,0,0,0,0x08c,0x000
2261,2,0,1,0,0,0,2,2,1,0,0,0,0,0,0,0,0x08d,0x000
2262,2,0,1,0,0,0,2,2,1,0,0,0,0,0,0,0,0x08e,0x000
2263,2,0,1,0,0,0,2,2,1,0,0,0,0,0,0,0,0x08f,0x000
2264,2,0,1,0,0,0,2,2,1,0,0,0,0,0,0,0,0x090,0x000
2265,2,0,1,0,0,0,2,2,1,0,0,0,0,0,0,0,0x091,0x000
2266,2,0,1,0,0,0,2,2,1,0,0,0,0,0,0,0,0x092,0x000
2267,2,0,1,0,0,0,2,2,1,0,0,0,0,0,0,0,0x093,0x000
2268,2,0,1,0,0,0,2,2,1,0,0,0,0,0,0,0,0x094,0x000
2269,2,0,1,0,0,0,2,2,1,0,0,0,0,0,0,0,0x095,0x000
2270,2,0,1,0,0,0,2,2,1,0,0,0,0,0,0,0,0x096,0x000
2271,2,0,1,0,0,0,2,2,1,0,0,0,0,0,0,0,0x097,0x000
2272,2,0,1,0,0,0,2,2,1,0,0,0,0,0,0,0,0x098,0x000
2273,2,0,1,0,0,0,2,2,1,0,0,0,0,0,0,0,0x099,0x000
2274,2,0,1,0,0,0,2,2,1,0,0,0,0,0,0,0,0x09a,0x000
2275,2,0,1,0,0,0,2,2,1,0,0,0,0,0,0,0,0x09b,0x000
2276,2,0,1,0,0,0,2,2,1,0,0,0,0,0,0,0,0x09c,0x000
2277,2,0,1,0,0,0,2,2,1,0,0,0,0,0,0,0,0x09d,0x000
2278,2,0,1,0,0,0,2,2,1,0,0,0,0,0,0,0,0x09e,0x000
2279,2,0,1,0,0,0,2,2,1,0,0,0,0,0,0,0,0x09f,0x000
2280,2,0,1,0,0,0,2,2,1,0,0,0,0,0,0,0,0x0a0,0x000
2281,2,0,1,0,0,0,2,2,1,0,0,0,0,0,0,0,0x0a1,0x000
2282,2,0,1,0,0,0,2,2,1,0,0,0,0,0,0,0,0x0a2,0x000
2283,2,0,1,0,0,0,2,2,1,0,0,0,0,0,0,0,0x0a3,0x000
2284,2,0,1,0,0,0,2,2,1,0,0,0,0,0,0,0,0x0a4,0x000
2285,2,0,1,0,0,0,2,2,1,0,0,0,0,0,0,0,0x0a5,0x000
2286,2,0,1,0,0,0,2,2,1,0,0,0,0,0,0,0,0x0a6,0x000
2287,2,0,1,0,0,0,2,2,1,0,0,0,0,0,0,0,0x0a7,0x000
2288,2,0,1,0,0,0,2,2,1,0,0,0,0,0,0,0,0x0a8,0x000
2289,2,0,1,0,0,0,2,2,1,0,0,0,0,0,0,0,0x0a9,0x000
2290,2,0,1,0,0,0,2,2,1,0,0,0,0,0,0,0,0x0aa,0x000
2291,2,0,1,0,0,0,2,2,1,0,0,0,0,0,0,0,0x0ab,0x000
2292,2,0,1,0,0,0,2,2,1,0,0,0,0,0,0,0,0x0ac,0x000
2293,2,0,1,0,0,0,2,2,1,0,0,0,0,0,0,0,0x0ad,0x000
2294,2,0,1,0,0,0,2,2,1,0,0,0,0,0,0,0,0x0ae,0x000
2295,2,0,1,0,0,0,2,2,1,0,0,0,0,0,0,0,0x0af,0x000
2296,2,0,1,0,0,0,2,2,1,0,0,0,0,0,0,0,0x0b0,0x000
2297,2,0,1,0,0,0,2,2,1,0,0,0,0,0,0,0,0x0b1,0x000
2298,2,0,1,0,0,0,2,2,1,0,0,0,0,0,0,0,0x0b2,0x000
2299,2,0,1,0,0,0,2,2,1,0,0,0,0,0,0,0,0x0b3,0x000
2300,2,0,1,0,0,0,2,2,1,0,0,0,0,0,0,0,0x0b4,0x000
2301,2,0,1,0,0,0,2,2,1,0,0,0,0,0,0,0,0x0b5,0x000
2302,2,0,1,0,0,0,2,2,1,0,0,0,0,0,0,0,0x0b6,0x000
2303,2,0,1,0,0,0,2,2,1,0,0,0,0,0,0,0,0x0b7,0x000
2304,2,0,1,0,0,0,2,2,1,0,0,0,0,0,0,0,0x0b8,0x000
2305,2,0,1,0,0,0,2,2,1,0,0,0,0,0,0,0,0x0b9,0x000
2306,2,0,1,0,0,0,2,2,1,0,0,0,0,0,0,0,0x0ba,0x000
2307,2,0,1,0,0,0,2,2,1,0,0,0,0,0,0,0,0x0bb,0x000
2308,2,0,1,0,0,0,2,2,1,0,0,0,0,0,0,0,0x0bc,0x000
2309,2,0,1,0,0,0,2,2,1,0,0,0,0,0,0,0,0x0bd,0x000
2310,2,0,1,0,0,0,2,2,1,0,0,0,0,0,0,0,0x0be,0x000
2311,2,0,1,0,0,0,2,2,1,0,0,0,0,0,0,0,0x0bf,0x000
2312,2,0,1,0,0,0,2,2,1,0,0,0,0,0,0,0,0x0c0,0x000
2313,2,0,1,0,0,0,2,2,1,0,0,0,0,0,0,0,0x0c1,0x000
2314,2,0,1,0,0,0,2,2,1,0,0,0,0,0,0,0,0x0c2,0x000
2315,2,0,1,0,0,0,2,2,1,0,0,0,0,0,0,0,0x0c3,0x000
2316,2,0,1,0,0,0,2,2,1,0,0,0,0,0,0,0,0x0c4,0x000
2317,2,0,1,0,0,0,2,2,1,0,0,0,0,0,0,0,0x0c5,0x000
2318,2,0,1,0,0,0,2,2,1,0,0,0,0,0,0,0,0x0c6,0x000
2319,2,0,1,0,0,0,2,2,1,0,0,0,0,0,0,0,0x0c7,0x000
2320,2,0,1,0,0,0,2,2,1,0,0,0,0,0,0,0,0x0c8,0x000
2321,2,0,1,0,0,0,2,2,1,0,0,0,0,0,0,0,0x0c9,0x000
2322,2,0,1,0,0,0,2,2,1,0,0,0,0,0,0,0,0x0ca,0x000
2323,2,0,1,0,0,0,2,2,1,0,0,0,0,0,0,0,0x0cb,0x000
2324,2,0,1,0,0,0,2,2,1,0,0,0,0,0,0,0,0x0cc,0x000
2325,2,0,1,0,0,0,2,2,1,0,0,0,0,0,0,0,0x0cd,0x000
2326,2,0,1,0,0,0,2,2,1,0,0,0,0,0,0,0,0x0ce,0x000
2327,2,0,1,0,0,0,2,2,1,0,0,0,0,0,0,0,0x0cf,0x000
2328,2,0,1,0,0,0,2,2,1,0,0,0,0,0,0,0,0x0d0,0x000
2329,2,0,1,0,0,0,2,2,1,0,0,0,0,0,0,0,0x0d1,0x000
2330,2,0,1,0,0,0,2,2,1,0,0,0,0,0,0,0,0x0d2,0x000
2331,2,0,1,0,0,0,2,2,1,0,0,0,0,0,0,0,0x0d3,0x000
2332,2,0,1,0,0,0,2,2,1,0,0,0,0,0,0,0,0x0d4,0x000
2333,2,0,1,0,0,0,2,2,1,0,0,0,0,0,0,0,0x0d5,0x000
2334,2,0,1,0,0,0,2,2,1,0,0,0,0,0,0,0,0x0d6,0x000
2335,2,0,1,0,0,0,2,2,1,0,0,0,0,0,0,0,0x0d7,0x000
2336,2,0,1,0,0,0,2,2,1,0,0,0,0,0,0,0,0x0d8,0x000
2337,2,0,1,0,0,0,2,2,1,0,0,0,0,0,0,0,0x0d9,0x000
2338,2,0,1,0,0,0,2,2,1,0,0,0,0,0,0,0,0x0da,0x000
2339,2,0,1,0,0,0,2,2,1,0,0,0,0,0,0,0,0x0db,0x000
2340,2,0,1,0,0,0,2,2,1,0,0,0,0,0,0,0,0x0dc,0x000
2341,2,0,1,0,0,0,2,2,1,0,0,0,0,0,0,0,0x0dd,0x000
2342,2,0,1,0,0,0,2,2,1,0,0,0,0,0,0,0,0x0de,0x000
2343,2,0,1,0,0,0,2,2,1,0,0,0,0,0,0,0,0x0df,0x000
2344,2,0,1,0,0,0,2,2,1,0,0,0,0,0,0,0,0x0e0,0x000
2345,2,0,1,0,0,0,2,2,1,0,0,0,0,0,0,0,0x0e1,0x000
2346,2,0,1,0,0,0,2,2,1,0,0,0,0,0,0,0,0x0e2,0x000
2347,2,0,1,0,0,0,2,2,1,0,0,0,0,0,0,0,0x0e3,0x000
2348,2,0,1,0,0,0,2,2,1,0,0,0,0,0,0,0,0x0e4,0x000
2349,2,0,1,0,0,0,2,2,1,0,0,0,0,0,0,0,0x0e5,0x000
2350,2,0,1,0,0,0,2,2,1,0,0,0,0,0,0,0,0x0e6,0x000
2351,2,0,1,0,0,0,2,2,1,0,0,0,0,0,0,0,0x0e7,0x000
2352,2,0,1,0,0,0,2,2,1,0,0,0,0,0,0,0,0x0e8,0x000
2353,2,0,1,0,0,0,2,2,1,0,0,0,0,0,0,0,0x0e9,0x000
2354,2,0,1,0,0,0,2,2,1,0,0,0,0,0,0,0,0x0ea,0x000
2355,2,0,1,0,0,0,2,2,1,0,0,0,0,0,0,0,0x0eb,0x000
2356,2,0,1,0,0,0,2,2,1,0,0,0,0,0,0,0,0x0ec,0x000
2357,2,0,1,0,0,0,2,2,1,0,0,0,0,0,0,0,0x0ed,0x000
2358,2,0,1,0,0,0,2,2,1,0,0,0,0,0,0,0,0x0ee,0x000
2359,2,0,1,0,0,0,2,2,1,0,0,0,0,0,0,0,0x0ef,0x000
2360,2,0,1,0,0,0,2,2,1,0,0,0,0,0,0,0,0x0f0,0x000
2361,2,0,1,0,0,0,2,2,1,0,0,0,0,0,0,0,0x0f1,0x000
2362,2,0,1,0,0,0,2,2,1,0,0,0,0,0,0,0,0x0f2,0x000
2363,2,0,1,0,0,0,2,2,1,0,0,0,0,0,0,0,0x0f3,0x000
2364,2,0,1,0,0,0,2,2,1,0,0,0,0,0,0,0,0x0f4,0x000
2365,2,0,1,0,0,0,2,2,1,0,0,0,0,0,0,0,0x0f5,0x000
2366,2,0,1,0,0,0,2,2,1,0,0,0,0,0,0,0,0x0f6,0x000
2367,2,0,1,0,0,0,2,2,1,0,0,0,0,0,0,0,0x0f7,0x000
2368,2,0,1,0,0,0,2,2,1,0,0,0,0,0,0,0,0x0f8,0x000
2369,2,0,1,0,0,0,2,2,1,0,0,0,0,0,0,0,0x0f9,0x000
2370,2,0,1,0,0,0,2,2,1,0,0,0,0,0,0,0,0x0fa,0x000
2371,2,0,1,0,0,0,2,2,1,0,0,0,0,0,0,0,0x0fb,0x000
2372,2,0,1,0,0,0,2,2,1,0,0,0,0,0,0,0,0x0fc,0x000
2373,2,0,1,0,0,0,2,2,1,0,0,0,0,0,0,0,0x0fd,0x000
2374,2,0,1,0,0,0,2,2,1,0,0,0,0,0,0,0,0x0fe,0x000
2375,2,0,1,0,0,0,2,2,1,0,0,0,0,0,0,0,0x0ff,0x000
2376,2,0,1,0,0,0,2,2,1,0,0,0,0,0,0,0,0x100,0x000
2377,2,0,1,0,0,0,2,2,1,0,0,0,0,0,0,0,0x101,0x000
2378,2,0,1,0,0,0,2,2,1,0,0,0,0,0,0,0,0x102,0x000
2379,2,0,1,0,0,0,2,2,1,0,0,0,0,0,0,0,0x103,0x000
2380,2,0,1,0,0,0,2,2,1,0,0,0,0,0,0,0,0x104,0x000
2381,2,0,1,0,0,0,2,2,1,0,0,0,0,0,0,0,0x105,0x000
2382,2,0,1,0,0,0,2,2,1,0,0,0,0,0,0,0,0x106,0x000
2383,2,0,1,0,0,0,2,2,1,0,0,0,0,0,0,0,0x107,0x000
2384,2,0,1,0,0,0,2,2,1,0,0,0,0,0,0,0,0x108,0x000
2385,2,0,1,0,0,0,2,2,1,0,0,0,0,0,0,0,0x109,0x000
2386,2,0,1,0,0,0,2,2,1,0,0,0,0,0,0,0,0x10a,0x000
2387,2,0,1,0,0,0,2,2,1,0,0,0,0,0,0,0,0x10b,0x000
2388,2,0,1,0,0,0,2,2,1,0,0,0,0,0,0,0,0x10c,0x000
2389,2,0,1,0,0,0,2,2,1,0,0,0,0,0,0,0,0x10d,0x000
2390,2,0,1,0,0,0,2,2,1,0,0,0,0,0,0,0,0x10e,0x000
2391,2,0,1,0,0,0,2,2,1,0,0,0,0,0,0,0,0x10f,0x000
2392,2,0,1,0,0,0,2,2,1,0,0,0,0,0,0,0,0x110,0x000
2393,2,0,1,0,0,0,2,2,1,0,0,0,0,0,0,0,0x111,0x000
2394,2,0,1,0,0,0,2,2,1,0,0,0,0,0,0,0,0x112,0x000
2395,2,0,1,0,0,0,2,2,1,0,0,0,0,0,0,0,0x113,0x000
2396,2,0,1,0,0,0,2,2,1,0,0,0,0,0,0,0,0x114,0x000
2397,2,0,1,0,0,0,2,2,1,0,0,0,0,0,0,0,0x115,0x000
2398,2,0,1,0,0,0,2,2,1,0,0,0,0,0,0,0,0x116,0x000
2399,2,0,1,0,0,0,2,2,1,0,0,0,0,0,0,0,0x117,0x000
2400,2,0,1,0,0,0,2,2,1,0,0,0,0,0,0,0,0x118,0x000
2401,2,0,1,0,0,0,2,2,1,0,0,0,0,0,0,0,0x119,0x000
2402,2,0,1,0,0,0,2,2,1,0,0,0,0,0,0,0,0x11a,0x000
2403,2,0,1,0,0,0,2,2,1,0,0,0,0,0,0,0,0x11b,0x000
2404,2,0,1,0,0,0,2,2,1,0,0,0,0,0,0,0,0x11c,0x000
2405,2,0,1,0,0,0,2,2,1,0,0,0,0,0,0,0,0x11d,0x000
2406,2,0,1,0,0,0,2,2,1,0,0,0,0,0,0,0,0x11e,0x000
2407,2,0,1,0,0,0,2,2,1,0,0,0,0,0,0,0,0x11f,0x000
2408,2,0,1,0,0,0,2,2,1,0,0,0,0,0,0,0,0x120,0x000
2409,2,0,1,0,0,0,2,2,1,0,0,0,0,0,0,0,0x121,0x000
2410,2,0,1,0,0,0,2,2,1,0,0,0,0,0,0,0,0x122,0x000
2411,2,0,1,0,0,0,2,2,1,0,0,0,0,0,0,0,0x123,0x000
2412,2,0,1,0,0,0,2,2,1,0,0,0,0,0,0,0,0x124,0x000
2413,2,0,1,0,0,0,2,2,1,0,0,0,0,0,0,0,0x125,0x000
2414,2,0,1,0,0,0,2,2,1,0,0,0,0,0,0,0,0x126,0x000
2415,2,0,1,0,0,0,2,2,1,0,0,0,0,0,0,0,0x127,0x000
2416,2,0,1,0,0,0,2,2,1,0,0,0,0,0,0,0,0x128,0x000
2417,2,0,1,0,0,0,2,2,1,0,0,0,0,0,0,0,0x129,0x000
2418,2,0,1,0,0,0,2,2,1,0,0,0,0,0,0,0,0x12a,0x000
2419,2,0,1,0,0,0,2,2,1,0,0,0,0,0,0,0,0x12b,0x000
2420,2,0,1,0,0,0,2,2,1,0,0,0,0,0,0,0,0x12c,0x000
2421,2,0,1,0,0,0,2,2,1,0,0,0,0,0,0,0,0x12d,0x000
2422,2,0,1,0,0,0,2,2,1,0,0,0,0,0,0,0,0x12e,0x000
2423,2,0,1,0,0,0,2,2,1,0,0,0,0,0,0,0,0x12f,0x000
2424,2,0,1,0,0,0,2,2,1,0,0,0,0,0,0,0,0x130,0x000
2425,2,0,1,0,0,0,2,2,1,0,0,0,0,0,0,0,0x131,0x000
2426,2,0,1,0,0,0,2,2,1,0,0,0,0,0,0,0,0x132,0x000
2427,2,0,1,0,0,0,2,2,1,0,0,0,0,0,0,0,0x133,0x000
2428,2,0,1,0,0,0,2,2,1,0,0,0,0,0,0,0,0x134,0x000
2429,2,0,1,0,0,0,2,2,1,0,0,0,0,0,0,0,0x135,0x000
2430,2,0,1,0,0,0,2,2,1,0,0,0,0,0,0,0,0x136,0x000
2431,2,0,1,0,0,0,2,2,1,0,0,0,0,0,0,0,0x137,0x000
2432,2,0,1,0,0,0,2,2,1,0,0,0,0,0,0,0,0x138,0x000
2433,2,0,1,0,0,0,2,2,1,0,0,0,0,0,0,0,0x139,0x000
2434,2,0,1,0,0,0,2,2,1,0,0,0,0,0,0,0,0x13a,0x000
2435,2,0,1,0,0,0,2,2,1,0,0,0,0,0,0,0,0x13b,0x000
2436,2,0,1,0,0,0,2,2,1,0,0,0,0,0,0,0,0x13c,0x000
2437,2,0,1,0,0,0,2,2,1,0,0,0,0,0,0,0,0x13d,0x000
2438,2,0,1,0,0,0,2,2,1,0,0,0,0,0,0,0,0x13e,0x000
2439,2,0,1,0,0,0,2,2,1,0,0,0,0,0,0,0,0x13f,0x000
2440,2,0,1,0,0,0,2,2,1,0,0,0,0,0,0,0,0x140,0x000
2441,2,0,1,0,0,0,2,2,1,0,0,0,0,0,0,0,0x141,0x000
2442,2,0,1,0,0,0,2,2,1,0,0,0,0,0,0,0,0x142,0x000
2443,2,0,1,0,0,0,2,2,1,0,0,0,0,0,0,0,0x143,0x000
2444,2,0,1,0,0,0,2,2,1,0,0,0,0,0,0,0,0x144,0x000
2445,2,0,1,0,0,0,2,2,1,0,0,0,0,0,0,0,0x145,0x000
2446,2,0,1,0,0,0,2,2,1,0,0,0,0,0,0,0,0x146,0x000
2447,2,0,1,0,0,0,2,2,1,0,0,0,0,0,0,0,0x147,0x000
2448,2,0,1,0,0,0,2,2,1,0,0,0,0,0,0,0,0x148,0x000
2449,2,0,1,0,0,0,2,2,1,0,0,0,0,0,0,0,0x149,0x000
2450,2,0,1,0,0,0,2,2,1,0,0,0,0,0,0,0,0x14a,0x000
2451,2,0,1,0,0,0,2,2,1,0,0,0,0,0,0,0,0x14b,0x000
2452,2,0,1,0,0,0,2,2,1,0,0,0,0,0,0,0,0x14c,0x000
2453,2,0,1,0,0,0,2,2,1,0,0,0,0,0,0,0,0x14d,0x000
2454,2,0,1,0,0,0,2,2,1,0,0,0,0,0,0,0,0x14e,0x000
2455,2,0,1,0,0,0,2,2,1,0,0,0,0,0,0,0,0x14f,0x000
2456,2,0,1,0,0,0,2,2,1,0,0,0,0,0,0,0,0x150,0x000
2457,2,0,1,0,0,0,2,2,1,0,0,0,0,0,0,0,0x151,0x000
2458,2,0,1,0,0,0,2,2,1,0,0,0,0,0,0,0,0x152,0x000
2459,2,0,1,0,0,0,2,2,1,0,0,0,0,0,0,0,0x153,0x000
2460,2,0,1,0,0,0,2,2,1,0,0,0,0,0,0,0,0x154,0x000
2461,2,0,1,0,0,0,2,2,1,0,0,0,0,0,0,0,0x155,0x000
2462,2,0,1,0,0,0,2,2,1,0,0,0,0,0,0,0,0x156,0x000
2463,2,0,1,0,0,0,2,2,1,0,0,0,0,0,0,0,0x157,0x000
2464,2,0,1,0,0,0,2,2,1,0,0,0,0,0,0,0,0x158,0x000
2465,2,0,1,0,0,0,2,2,1,0,0,0,0,0,0,0,0x159,0x000
2466,2,0,1,0,0,0,2,2,1,0,0,0,0,0,0,0,0x15a,0x000
2467,2,0,1,0,0,0,2,2,1,0,0,0,0,0,0,0,0x15b,0x000
2468,2,0,1,0,0,0,2,2,1,0,0,0,0,0,0,0,0x15c,0x000
2469,2,0,1,0,0,0,2,2,1,0,0,0,0,0,0,0,0x15d,0x000
2470,2,0,1,0,0,0,2,2,1,0,0,0,0,0,0,0,0x15e,0x000
2471,2,0,1,0,0,0,2,2,1,0,0,0,0,0,0,0,0x15f,0x000
2472,2,0,1,0,0,0,2,2,1,0,0,0,0,0,0,0,0x160,0x000
2473,2,0,1,0,0,0,2,2,1,0,0,0,0,0,0,0,0x161,0x000
2474,2,0,1,0,0,0,2,2,1,0,0,0,0,0,0,0,0x162,0x000
2475,2,0,1,0,0,0,2,2,1,0,0,0,0,0,0,0,0x163,0x000
2476,2,0,1,0,0,0,2,2,1,0,0,0,0,0,0,0,0x164,0x000
2477,2,0,1,0,0,0,2,2,1,0,0,0,0,0,0,0,0x165,0x000
2478,2,0,1,0,0,0,2,2,1,0,0,0,0,0,0,0,0x166,0x000
2479,2,0,1,0,0,0,2,2,1,0,0,0,0,0,0,0,0x167,0x000
2480,2,0,1,0,0,0,2,2,1,0,0,0,0,0,0,0,0x168,0x000
2481,2,0,1,0,0,0,2,2,1,0,0,0,0,0,0,0,0x169,0x000
2482,2,0,1,0,0,0,2,2,1,0,0,0,0,0,0,0,0x16a,0x000
2483,2,0,1,0,0,0,2,2,1,0,0,0,0,0,0,0,0x16b,0x000
2484,2,0,1,0,0,0,2,2,1,0,0,0,0,0,0,0,0x16c,0x000
2485,2,0,1,0,0,0,2,2,1,0,0,0,0,0,0,0,0x16d,0x000
2486,2,0,1,0,0,0,2,2,1,0,0,0,0,0,0,0,0x16e,0x000
2487,2,0,1,0,0,0,2,2,1,0,0,0,0,0,0,0,0x16f,0x000
2488,2,0,1,0,0,0,2,2,1,0,0,0,0,0,0,0,0x170,0x000
2489,2,0,1,0,0,0,2,2,1,0,0,0,0,0,0,0,0x171,0x000
2490,2,0,1,0,0,0,2,2,1,0,0,0,0,0,0,0,0x172,0x000
2491,2,0,1,0,0,0,2,2,1,0,0,0,0,0,0,0,0x173,0x000
2492,2,0,1,0,0,0,2,2,1,0,0,0,0,0,0,0,0x174,0x000
2493,2,0,1,0,0,0,2,2,1,0,0,0,0,0,0,0,0x175,0x000
2494,2,0,1,0,0,0,2,2,1,0,0,0,0,0,0,0,0x176,0x000
2495,2,0,1,0,0,0,2,2,1,0,0,0,0,0,0,0,0x177,0x000
2496,2,0,1,0,0,0,2,2,1,0,0,0,0,0,0,0,0x178,0x000
2497,2,0,1,0,0,0,2,2,1,0,0,0,0,0,0,0,0x179,0x000
2498,2,0,1,0,0,0,2,2,1,0,0,0,0,0,0,0,0x17a,0x000
2499,2,0,1,0,0,0,2,2,1,0,0,0,0,0,0,0,0x17b,0x000
2500,2,0,1,0,0,0,2,2,1,0,0,0,0,0,0,0,0x17c,0x000
2501,2,0,1,0,0,0,2,2,1,0,0,0,0,0,0,0,0x17d,0x000
2502,2,0,1,0,0,0,2,2,1,0,0,0,0,0,0,0,0x17e,0x000
2503,2,0,1,0,0,0,2,2,1,0,0,0,0,0,0,0,0x17f,0x000
2504,2,0,1,0,0,0,2,2,1,0,0,0,0,0,0,0,0x180,0x000
2505,2,0,1,0,0,0,2,2,1,0,0,0,0,0,0,0,0x181,0x000
2506,2,0,1,0,0,0,2,2,1,0,0,0,0,0,0,0,0x182,0x000
2507,2,0,1,0,0,0,2,2,1,0,0,0,0,0,0,0,0x183,0x000
2508,2,0,1,0,0,0,2,2,1,0,0,0,0,0,0,0,0x184,0x000
2509,2,0,1,0,0,0,2,2,1,0,0,0,0,0,0,0,0x185,0x000
2510,2,0,1,0,0,0,2,2,1,0,0,0,0,0,0,0,0x186,0x000
2511,2,0,1,0,0,0,2,2,1,0,0,0,0,0,0,0,0x187,0x000
2512,2,0,1,0,0,0,2,2,1,0,0,0,0,0,0,0,0x188,0x000
2513,2,0,1,0,0,0,2,2,1,0,0,0,0,0,0,0,0x189,0x000
2514,2,0,1,0,0,0,2,2,1,0,0,0,0,0,0,0,0x18a,0x000
2515,2,0,1,0,0,0,2,2,1,0,0,0,0,0,0,0,0x18b,0x000
2516,2,0,1,0,0,0,2,2,1,0,0,0,0,0,0,0,0x18c,0x000
2517,2,0,1,0,0,0,2,2,1,0,0,0,0,0,0,0,0x18d,0x000
2518,2,0,1,0,0,0,2,2,1,0,0,0,0,0,0,0,0x18e,0x000
2519,2,0,1,0,0,0,2,2,1,0,0,0,0,0,0,0,0x18f,0x000
2520,2,0,1,0,0,0,2,2,1,0,0,0,0,0,0,0,0x190,0x000
2521,2,0,1,0,0,0,2,2,1,0,0,0,0,0,0,0,0x191,0x000
2522,2,0,1,0,0,0,2,2,1,0,0,0,0,0,0,0,0x192,0x000
2523,2,0,1,0,0,0,2,2,1,0,0,0,0,0,0,0,0x193,0x000
2524,2,0,1,0,0,0,2,2,1,0,0,0,0,0,0,0,0x194,0x000
2525,2,0,1,0,0,0,2,2,1,0,0,0,0,0,0,0,0x195,0x000
2526,2,0,1,0,0,0,2,2,1,0,0,0,0,0,0,0,0x196,0x000
2527,2,0,1,0,0,0,2,2,1,0,0,0,0,0,0,0,0x197,0x000
2528,2,0,1,0,0,0,2,2,1,0,0,0,0,0,0,0,0x198,0x000
2529,2,0,1,0,0,0,2,2,1,0,0,0,0,0,0,0,0x199,0x000
2530,2,0,1,0,0,0,2,2,1,0,0,0,0,0,0,0,0x19a,0x000
2531,2,0,1,0,0,0,2,2,1,0,0,0,0,0,0,0,0x19b,0x000
2532,2,0,1,0,0,0,2,2,1,0,0,0,0,0,0,0,0x19c,0x000
2533,2,0,1,0,0,0,2,2,1,0,0,0,0,0,0,0,0x19d,0x000
2534,2,0,1,0,0,0,2,2,1,0,0,0,0,0,0,0,0x19e,0x000
2535,2,0,1,0,0,0,2,2,1,0,0,0,0,0,0,0,0x19f,0x000
2536,2,0,1,0,0,0,2,2,1,0,0,0,0,0,0,0,0x1a0,0x000
2537,2,0,1,0,0,0,2,2,1,0,0,0,0,0,0,0,0x1a1,0x000
2538,2,0,1,0,0,0,2,2,1,0,0,0,0,0,0,0,0x1a2,0x000
2539,2,0,1,0,0,0,2,2,1,0,0,0,0,0,0,0,0x1a3,0x000
2540,2,0,1,0,0,0,2,2,1,0,0,0,0,0,0,0,0x1a4,0x000
2541,2,0,1,0,0,0,2,2,1,0,0,0,0,0,0,0,0x1a5,0x000
2542,2,0,1,0,0,0,2,2,1,0,0,0,0,0,0,0,0x1a6,0x000
2543,2,0,1,0,0,0,2,2,1,0,0,0,0,0,0,0,0x1a7,0x000
2544,2,0,1,0,0,0,2,2,1,0,0,0,0,0,0,0,0x1a8,0x000
2545,2,0,1,0,0,0,2,2,1,0,0,0,0,0,0,0,0x1a9,0x000
2546,2,0,1,0,0,0,2,2,1,0,0,0,0,0,0,0,0x1aa,0x000
2547,2,0,1,0,0,0,2,2,1,0,0,0,0,0,0,0,0x1ab,0x000
2548,2,0,1,0,0,0,2,2,1,0,0,0,0,0,0,0,0x1ac,0x000
2549,2,0,1,0,0,0,2,2,1,0,0,0,0,0,0,0,0x1ad,0x000
2550,2,0,1,0,0,0,2,2,1,0,0,0,0,0,0,0,0x1ae,0x000
2551,2,0,1,0,0,0,2,2,1,0,0,0,0,0,0,0,0x1af,0x000
2552,2,0,1,0,0,0,2,2,1,0,0,0,0,0,0,0,0x1b0,0x000
2553,2,0,1,0,0,0,2,2,1,0,0,0,0,0,0,0,0x1b1,0x000
2554,2,0,1,0,0,0,2,2,1,0,0,0,0,0,0,0,0x1b2,0x000
2555,2,0,1,0,0,0,2,2,1,0,0,0,0,0,0,0,0x1b3,0x000
2556,2,0,1,0,0,0,2,2,1,0,0,0,0,0,0,0,0x1b4,0x000
2557,2,0,1,0,0,0,2,2,1,0,0,0,0,0,0,0,0x1b5,0x000
2558,2,0,1,0,0,0,2,2,1,0,0,0,0,0,0,0,0x1b6,0x000
2559,2,0,1,0,0,0,2,2,1,0,0,0,0,0,0,0,0x1b7,0x000
2560,2,0,1,0,0,0,2,2,1,0,0,0,0,0,0,0,0x1b8,0x000
2561,2,0,1,0,0,0,2,2,1,0,0,0,0,0,0,0,0x1b9,0x000
2562,2,0,1,0,0,0,2,2,1,0,0,0,0,0,0,0,0x1ba,0x000
2563,2,0,1,0,0,0,2,2,1,0,0,0,0,0,0,0,0x1bb,0x000
2564,2,0,1,0,0,0,2,2,1,0,0,0,0,0,0,0,0x1bc,0x000
2565,2,0,1,0,0,0,2,2,1,0,0,0,0,0,0,0,0x1bd,0x000
2566,2,0,1,0,0,0,2,2,1,0,0,0,0,0,0,0,0x1be,0x000
2567,2,0,1,0,0,0,2,2,1,0,0,0,0,0,0,0,0x1bf,0x000
2568,2,0,1,0,0,0,2,2,1,0,0,0,0,0,0,0,0x1c0,0x000
2569,2,0,1,0,0,0,2,2,1,0,0,0,0,0,0,0,0x1c1,0x000
2570,2,0,1,0,0,0,2,2,1,0,0,0,0,0,0,0,0x1c2,0x000
2571,2,0,1,0,0,0,2,2,1,0,0,0,0,0,0,0,0x1c3,0x000
2572,2,0,1,0,0,0,2,2,1,0,0,0,0,0,0,0,0x1c4,0x000
2573,2,0,1,0,0,0,2,2,1,0,0,0,0,0,0,0,0x1c5,0x000
2574,2,0,1,0,0,0,2,2,1,0,0,0,0,0,0,0,0x1c6,0x000
2575,2,0,1,0,0,0,2,2,1,0,0,0,0,0,0,0,0x1c7,0x000
2576,2,0,1,0,0,0,2,2,1,0,0,0,0,0,0,0,0x1c8,0x000
2577,2,0,1,0,0,0,2,2,1,0,0,0,0,0,0,0,0x1c9,0x000
2578,2,0,1,0,0,0,2,2,1,0,0,0,0,0,0,0,0x1ca,0x000
2579,2,0,1,0,0,0,2,2,1,0,0,0,0,0,0,0,0x1cb,0x000
2580,2,0,1,0,0,0,2,2,1,0,0,0,0,0,0,0,0x1cc,0x000
2581,2,0,1,0,0,0,2,2,1,0,0,0,0,0,0,0,0x1cd,0x000
2582,2,0,1,0,0,0,2,2,1,0,0,0,0,0,0,0,0x1ce,0x000
2583,2,0,1,0,0,0,2,2,1,0,0,0,0,0,0,0,0x1cf,0x000
2584,2,0,1,0,0,0,2,2,1,0,0,0,0,0,0,0,0x1d0,0x000
2585,2,0,1,0,0,0,2,2,1,0,0,0,0,0,0,0,0x1d1,0x000
2586,2,0,1,0,0,0,2,2,1,0,0,0,0,0,0,0,0x1d2,0x000
2587,2,0,1,0,0,0,2,2,1,0,0,0,0,0,0,0,0x1d3,0x000
2588,2,0,1,0,0,0,2,2,1,0,0,0,0,0,0,0,0x1d4,0x000
2589,2,0,1,0,0,0,2,2,1,0,0,0,0,0,0,0,0x1d5,0x000
2590,2,0,1,0,0,0,2,2,1,0,0,0,0,0,0,0,0x1d6,0x000
2591,2,0,1,0,0,0,2,2,1,0,0,0,0,0,0,0,0x1d7,0x000
2592,2,0,1,0,0,0,2,2,1,0,0,0,0,0,0,0,0x1d8,0x000
2593,2,0,1,0,0,0,2,2,1,0,0,0,0,0,0,0,0x1d9,0x000
2594,2,0,1,0,0,0,2,2,1,0,0,0,0,0,0,0,0x1da,0x000
2595,2,0,1,0,0,0,2,2,1,0,0,0,0,0,0,0,0x1db,0x000
2596,2,0,1,0,0,0,2,2,1,0,0,0,0,0,0,0,0x1dc,0x000
2597,2,0,1,0,0,0,2,2,1,0,0,0,0,0,0,0,0x1dd,0x000
2598,2,0,1,0,0,0,2,2,1,0,0,0,0,0,0,0,0x1de,0x000
2599,2,0,1,0,0,0,2,2,1,0,0,0,0,0,0,0,0x1df,0x000
2600,2,0,1,0,0,0,2,2,1,0,0,0,0,0,0,0,0x1e0,0x000
2601,2,0,1,0,0,0,2,2,1,0,0,0,0,0,0,0,0x1e1,0x000
2602,2,0,1,0,0,0,2,2,1,0,0,0,0,0,0,0,0x1e2,0x000
2603,2,0,1,0,0,0,2,2,1,0,0,0,0,0,0,0,0x1e3,0x000
2604,2,0,1,0,0,0,2,2,1,0,0,0,0,0,0,0,0x1e4,0x000
2605,2,0,1,0,0,0,2,2,1,0,0,0,0,0,0,0,0x1e5,0x000
2606,2,0,1,0,0,0,2,2,1,0,0,0,0,0,0,0,0x1e6,0x000
2607,2,0,1,0,0,0,2,2,1,0,0,0,0,0,0,0,0x1e7,0x000
2608,2,0,1,0,0,0,2,2,1,0,0,0,0,0,0,0,0x1e8,0x000
2609,2,0,1,0,0,0,2,2,1,0,0,0,0,0,0,0,0x1e9,0x000
2610,2,0,1,0,0,0,2,2,1,0,0,0,0,0,0,0,0x1ea,0x000
2611,2,0,1,0,0,0,2,2,1,0,0,0,0,0,0,0,0x1eb,0x000
2612,2,0,1,0,0,0,2,2,1,0,0,0,0,0,0,0,0x1ec,0x000
2613,2,0,1,0,0,0,2,2,1,0,0,0,0,0,0,0,0x1ed,0x000
2614,2,0,1,0,0,0,2,2,1,0,0,0,0,0,0,0,0x1ee,0x000
2615,2,0,1,0,0,0,2,2,1,0,0,0,0,0,0,0,0x1ef,0x000
2616,2,0,1,0,0,0,2,2,1,0,0,0,0,0,0,0,0x1f0,0x000
2617,2,0,1,0,0,0,2,2,1,0,0,0,0,0,0,0,0x1f1,0x000
2618,2,0,1,0,0,0,2,2,1,0,0,0,0,0,0,0,0x1f2,0x000
2619,2,0,1,0,0,0,2,2,1,0,0,0,0,0,0,0,0x1f3,0x000
2620,2,0,1,0,0,0,2,2,1,0,0,0,0,0,0,0,0x1f4,0x000
2621,2,0,1,0,0,0,2,2,1,0,0,0,0,0,0,0,0x1f5,0x000
2622,2,0,1,0,0,0,2,2,1,0,0,0,0,0,0,0,0x1f6,0x000
2623,2,0,1,0,0,0,2,2,1,0,0,0,0,0,0,0,0x1f7,0x000
2624,2,0,1,0,0,0,2,2,1,0,0,0,0,0,0,0,0x1f8,0x000
2625,2,0,1,0,0,0,2,2,1,0,0,0,0,0,0,0,0x1f9,0x000
2626,2,0,1,0,0,0,2,2,1,0,0,0,0,0,0,0,0x1fa,0x000
2627,2,0,1,0,0,0,2,2,1,0,0,0,0,0,0,0,0x1fb,0x000
2628,2,0,1,0,0,0,2,2,1,0,0,0,0,0,0,0,0x1fc,0x000
2629,2,0,1,0,0,0,2,2,1,0,0,0,0,0,0,0,0x1fd,0x000
2630,2,0,1,0,0,0,2,2,1,0,0,0,0,0,0,0,0x1fe,0x000
2631,2,0,1,0,0,0,2,2,1,0,0,0,0,0,0,0,0x1ff,0x000
2632,2,0,1,0,0,0,2,2,1,0,0,0,0,0,0,0,0x200,0x000
2633,2,0,1,0,0,0,2,2,1,0,0,0,0,0,0,0,0x201,0x000
2634,2,0,1,0,0,0,2,2,1,0,0,0,0,0,0,0,0x202,0x000
2635,2,0,1,0,0,0,2,2,1,0,0,0,0,0,0,0,0x203,0x000
2636,2,0,1,0,0,0,2,2,1,0,0,0,0,0,0,0,0x204,0x000
2637,2,0,1,0,0,0,2,2,1,0,0,0,0,0,0,0,0x205,0x000
2638,2,0,1,0,0,0,2,2,1,0,0,0,0,0,0,0,0x206,0x000
2639,2,0,1,0,0,0,2,2,1,0,0,0,0,0,0,0,0x207,0x000
2640,2,0,1,0,0,0,2,2,1,0,0,0,0,0,0,0,0x208,0x000
2641,2,0,1,0,0,0,2,2,1,0,0,0,0,0,0,0,0x209,0x000
2642,2,0,1,0,0,0,2,2,1,0,0,0,0,0,0,0,0x20a,0x000
2643,2,0,1,0,0,0,2,2,1,0,0,0,0,0,0,0,0x20b,0x000
2644,2,0,1,0,0,0,2,2,1,0,0,0,0,0,0,0,0x20c,0x000
2645,2,0,1,0,0,0,2,2,1,0,0,0,0,0,0,0,0x20d,0x000
2646,2,0,1,0,0,0,2,2,1,0,0,0,0,0,0,0,0x20e,0x000
2647,2,0,1,0,0,0,2,2,1,0,0,0,0,0,0,0,0x20f,0x000
2648,2,0,1,0,0,0,2,2,1,0,0,0,0,0,0,0,0x210,0x000
2649,2,0,1,0,0,0,2,2,1,0,0,0,0,0,0,0,0x211,0x000
2650,2,0,1,0,0,0,2,2,1,0,0,0,0,0,0,0,0x212,0x000
2651,2,0,1,0,0,0,2,2,1,0,0,0,0,0,0,0,0x213,0x000
2652,2,0,1,0,0,0,2,2,1,0,0,0,0,0,0,0,0x214,0x000
2653,2,0,1,0,0,0,2,2,1,0,0,0,0,0,0,0,0x215,0x000
2654,2,0,1,0,0,0,2,2,1,0,0,0,0,0,0,0,0x216,0x000
2655,2,0,1,0,0,0,2,2,1,0,0,0,0,0,0,0,0x217,0x000
2656,2,0,1,0,0,0,2,2,1,0,0,0,0,0,0,0,0x218,0x000
2657,2,0,1,0,0,0,2,2,1,0,0,0,0,0,0,0,0x219,0x000
2658,2,0,1,0,0,0,2,2,1,0,0,0,0,0,0,0,0x21a,0x000
2659,2,0,1,0,0,0,2,2,1,0,0,0,0,0,0,0,0x21b,0x000
2660,2,0,1,0,0,0,2,2,1,0,0,0,0,0,0,0,0x21c,0x000
2661,2,0,1,0,0,0,2,2,1,0,0,0,0,0,0,0,0x21d,0x000
2662,2,0,1,0,0,0,2,2,1,0,0,0,0,0,0,0,0x21e,0x000
2663,2,0,1,0,0,0,2,2,1,0,0,0,0,0,0,0,0x21f,0x000
2664,2,0,1,0,0,0,2,2,1,0,0,0,0,0,0,0,0x220,0x000
2665,2,0,1,0,0,0,2,2,1,0,0,0,0,0,0,0,0x221,0x000
2666,2,0,1,0,0,0,2,2,1,0,0,0,0,0,0,0,0x222,0x000
2667,2,0,1,0,0,0,2,2,1,0,0,0,0,0,0,0,0x223,0x000
2668,2,0,1,0,0,0,2,2,1,0,0,0,0,0,0,0,0x224,0x000
2669,2,0,1,0,0,0,2,2,1,0,0,0,0,0,0,0,0x225,0x000
2670,2,0,1,0,0,0,2,2,1,0,0,0,0,0,0,0,0x226,0x000
2671,2,0,1,0,0,0,2,2,1,0,0,0,0,0,0,0,0x227,0x000
2672,2,0,1,0,0,0,2,2,1,0,0,0,0,0,0,0,0x228,0x000
2673,2,0,1,0,0,0,2,2,1,0,0,0,0,0,0,0,0x229,0x000
2674,2,0,1,0,0,0,2,2,1,0,0,0,0,0,0,0,0x22a,0x000
2675,2,0,1,0,0,0,2,2,1,0,0,0,0,0,0,0,0x22b,0x000
2676,2,0,1,0,0,0,2,2,1,0,0,0,0,0,0,0,0x22c,0x000
2677,2,0,1,0,0,0,2,2,1,0,0,0,0,0,0,0,0x22d,0x000
2678,2,0,1,0,0,0,2,2,1,0,0,0,0,0,0,0,0x22e,0x000
2679,2,0,1,0,0,0,2,2,1,0,0,0,0,0,0,0,0x22f,0x000
2680,2,0,1,0,0,0,2,2,1,0,0,0,0,0,0,0,0x230,0x000
2681,2,0,1,0,0,0,2,2,1,0,0,0,0,0,0,0,0x231,0x000
2682,2,0,1,0,0,0,2,2,1,0,0,0,0,0,0,0,0x232,0x000
2683,2,0,1,0,0,0,2,2,1,0,0,0,0,0,0,0,0x233,0x000
2684,2,0,1,0,0,0,2,2,1,0,0,0,0,0,0,0,0x234,0x000
2685,2,0,1,0,0,0,2,2,1,0,0,0,0,0,0,0,0x235,0x000
2686,2,0,1,0,0,0,2,2,1,0,0,0,0,0,0,0,0x236,0x000
2687,2,0,1,0,0,0,2,2,1,0,0,0,0,0,0,0,0x237,0x000
2688,2,0,1,0,0,0,2,2,1,0,0,0,0,0,0,0,0x238,0x000
2689,2,0,1,0,0,0,2,2,1,0,0,0,0,0,0,0,0x239,0x000
2690,2,0,1,0,0,0,2,2,1,0,0,0,0,0,0,0,0x23a,0x000
2691,2,0,1,0,0,0,2,2,1,0,0,0,0,0,0,0,0x23b,0x000
2692,2,0,1,0,0,0,2,2,1,0,0,0,0,0,0,0,0x23c,0x000
2693,2,0,1,0,0,0,2,2,1,0,0,0,0,0,0,0,0x23d,0x000
2694,2,0,1,0,0,0,2,2,1,0,0,0,0,0,0,0,0x23e,0x000
2695,2,0,1,0,0,0,2,2,1,0,0,0,0,0,0,0,0x23f,0x000
2696,2,0,1,0,0,0,2,2,1,0,0,0,0,0,0,0,0x240,0x000
2697,2,0,1,0,0,0,2,2,1,0,0,0,0,0,0,0,0x241,0x000
2698,2,0,1,0,0,0,2,2,1,0,0,0,0,0,0,0,0x242,0x000
2699,2,0,1,0,0,0,2,2,1,0,0,0,0,0,0,0,0x243,0x000
2700,2,0,1,0,0,0,2,2,1,0,0,0,0,0,0,0,0x244,0x000
2701,2,0,1,0,0,0,2,2,1,0,0,0,0,0,0,0,0x245,0x000
2702,2,0,1,0,0,0,2,2,1,0,0,0,0,0,0,0,0x246,0x000
2703,2,0,1,0,0,0,2,2,1,0,0,0,0,0,0,0,0x247,0x000
2704,2,0,1,0,0,0,2,2,1,0,0,0,0,0,0,0,0x248,0x000
2705,2,0,1,0,0,0,2,2,1,0,0,0,0,0,0,0,0x249,0x000
2706,2,0,1,0,0,0,2,2,1,0,0,0,0,0,0,0,0x24a,0x000
2707,2,0,1,0,0,0,2,2,1,0,0,0,0,0,0,0,0x24b,0x000
2708,2,0,1,0,0,0,2,2,1,0,0,0,0,0,0,0,0x24c,0x000
2709,2,0,1,0,0,0,2,2,1,0,0,0,0,0,0,0,0x24d,0x000
2710,2,0,1,0,0,0,2,2,1,0,0,0,0,0,0,0,0x24e,0x000
2711,2,0,1,0,0,0,2,2,1,0,0,0,0,0,0,0,0x24f,0x000
2712,2,0,1,0,0,0,2,2,1,0,0,0,0,0,0,0,0x250,0x000
2713,2,0,1,0,0,0,2,2,1,0,0,0,0,0,0,0,0x251,0x000
2714,2,0,1,0,0,0,2,2,1,0,0,0,0,0,0,0,0x252,0x000
2715,2,0,1,0,0,0,2,2,1,0,0,0,0,0,0,0,0x253,0x000
2716,2,0,1,0,0,0,2,2,1,0,0,0,0,0,0,0,0x254,0x000
2717,2,0,1,0,0,0,2,2,1,0,0,0,0,0,0,0,0x255,0x000
2718,2,0,1,0,0,0,2,2,1,0,0,0,0,0,0,0,0x256,0x000
2719,2,0,1,0,0,0,2,2,1,0,0,0,0,0,0,0,0x257,0x000
2720,2,0,1,0,0,0,2,2,1,0,0,0,0,0,0,0,0x258,0x000
2721,2,0,1,0,0,0,2,2,1,0,0,0,0,0,0,0,0x259,0x000
2722,2,0,1,0,0,0,2,2,1,0,0,0,0,0,0,0,0x25a,0x000
2723,2,0,1,0,0,0,2,2,1,0,0,0,0,0,0,0,0x25b,0x000
2724,2,0,1,0,0,0,2,2,1,0,0,0,0,0,0,0,0x25c,0x000
2725,2,0,1,0,0,0,2,2,1,0,0,0,0,0,0,0,0x25d,0x000
2726,2,0,1,0,0,0,2,2,1,0,0,0,0,0,0,0,0x25e,0x000
2727,2,0,1,0,0,0,2,2,1,0,0,0,0,0,0,0,0x25f,0x000
2728,2,0,1,0,0,0,2,2,1,0,0,0,0,0,0,0,0x260,0x000
2729,2,0,1,0,0,0,2,2,1,0,0,0,0,0,0,0,0x261,0x000
2730,2,0,1,0,0,0,2,2,1,0,0,0,0,0,0,0,0x262,0x000
2731,2,0,1,0,0,0,2,2,1,0,0,0,0,0,0,0,0x263,0x000
2732,2,0,1,0,0,0,2,2,1,0,0,0,0,0,0,0,0x264,0x000
2733,2,0,1,0,0,0,2,2,1,0,0,0,0,0,0,0,0x265,0x000
2734,2,0,1,0,0,0,2,2,1,0,0,0,0,0,0,0,0x266,0x000
2735,2,0,1,0,0,0,2,2,1,0,0,0,0,0,0,0,0x267,0x000
2736,2,0,1,0,0,0,2,2,1,0,0,0,0,0,0,0,0x268,0x000
2737,2,0,1,0,0,0,2,2,1,0,0,0,0,0,0,0,0x269,0x000
2738,2,0,1,0,0,0,2,2,1,0,0,0,0,0,0,0,0x26a,0x000
2739,2,0,1,0,0,0,2,2,1,0,0,0,0,0,0,0,0x26b,0x000
2740,2,0,1,0,0,0,2,2,1,0,0,0,0,0,0,0,0x26c,0x000
2741,2,0,1,0,0,0,2,2,1,0,0,0,0,0,0,0,0x26d,0x000
2742,2,0,1,0,0,0,2,2,1,0,0,0,0,0,0,0,0x26e,0x000
2743,2,0,1,0,0,0,2,2,1,0,0,0,0,0,0,0,0x26f,0x000
2744,2,0,1,0,0,0,2,2,1,0,0,0,0,0,0,0,0x270,0x000
2745,2,0,1,0,0,0,2,2,1,0,0,0,0,0,0,0,0x271,0x000
2746,2,0,1,0,0,0,2,2,1,0,0,0,0,0,0,0,0x272,0x000
2747,2,0,1,0,0,0,2,2,1,0,0,0,0,0,0,0,0x273,0x000
2748,2,0,1,0,0,0,2,2,1,0,0,0,0,0,0,0,0x274,0x000
2749,2,0,1,0,0,0,2,2,1,0,0,0,0,0,0,0,0x275,0x000
2750,2,0,1,0,0,0,2,2,1,0,0,0,0,0,0,0,0x276,0x000
2751,2,0,1,0,0,0,2,2,1,0,0,0,0,0,0,0,0x277,0x000
2752,2,0,1,0,0,0,2,2,1,0,0,0,0,0,0,0,0x278,0x000
2753,2,0,1,0,0,0,2,2,1,0,0,0,0,0,0,0,0x279,0x000
2754,2,0,1,0,0,0,2,2,1,0,0,0,0,0,0,0,0x27a,0x000
2755,2,0,1,0,0,0,2,2,1,0,0,0,0,0,0,0,0x27b,0x000
2756,2,0,1,0,0,0,2,2,1,0,0,0,0,0,0,0,0x27c,0x000
2757,2,0,1,0,0,0,2,2,1,0,0,0,0,0,0,0,0x27d,0x000
2758,2,0,1,0,0,0,2,2,1,0,0,0,0,0,0,0,0x27e,0x000
2759,2,0,1,0,0,0,2,2,1,0,0,0,0,0,0,0,0x27f,0x000
2760,2,0,1,0,0,0,2,2,1,0,0,0,0,0,0,0,0x280,0x000
2761,2,0,1,0,0,0,2,2,1,0,0,0,0,0,0,0,0x281,0x000
2762,2,0,1,0,0,0,2,2,1,0,0,0,0,0,0,0,0x282,0x000
2763,2,0,1,0,0,0,2,2,1,0,0,0,0,0,0,0,0x283,0x000
2764,2,0,1,0,0,0,2,2,1,0,0,0,0,0,0,0,0x284,0x000
2765,2,0,1,0,0,0,2,2,1,0,0,0,0,0,0,0,0x285,0x000
2766,2,0,1,0,0,0,2,2,1,0,0,0,0,0,0,0,0x286,0x000
2767,2,0,1,0,0,0,2,2,1,0,0,0,0,0,0,0,0x287,0x000
2768,2,0,1,0,0,0,2,2,1,0,0,0,0,0,0,0,0x288,0x000
2769,2,0,1,0,0,0,2,2,1,0,0,0,0,0,0,0,0x289,0x000
2770,2,0,1,0,0,0,2,2,1,0,0,0,0,0,0,0,0x28a,0x000
2771,2,0,1,0,0,0,2,2,1,0,0,0,0,0,0,0,0x28b,0x000
2772,2,0,1,0,0,0,2,2,1,0,0,0,0,0,0,0,0x28c,0x000
2773,2,0,1,0,0,0,2,2,1,0,0,0,0,0,0,0,0x28d,0x000
2774,2,0,1,0,0,0,2,2,1,0,0,0,0,0,0,0,0x28e,0x000
2775,2,0,1,0,0,0,2,2,1,0,0,0,0,0,0,0,0x28f,0x000
2776,2,0,1,0,0,0,2,2,1,0,0,0,0,0,0,0,0x290,0x000
2777,2,0,1,0,0,0,2,2,1,0,0,0,0,0,0,0,0x291,0x000
2778,2,0,1,0,0,0,2,2,1,0,0,0,0,0,0,0,0x292,0x000
2779,2,0,1,0,0,0,2,2,1,0,0,0,0,0,0,0,0x293,0x000
2780,2,0,1,0,0,0,2,2,1,0,0,0,0,0,0,0,0x294,0x000
2781,2,0,1,0,0,0,2,2,1,0,0,0,0,0,0,0,0x295,0x000
2782,2,0,1,0,0,0,2,2,1,0,0,0,0,0,0,0,0x296,0x000
2783,2,0,1,0,0,0,2,2,1,0,0,0,0,0,0,0,0x297,0x000
2784,2,0,1,0,0,0,2,2,1,0,0,0,0,0,0,0,0x298,0x000
2785,2,0,1,0,0,0,2,2,1,0,0,0,0,0,0,0,0x299,0x000
2786,2,0,1,0,0,0,2,2,1,0,0,0,0,0,0,0,0x29a,0x000
2787,2,0,1,0,0,0,2,2,1,0,0,0,0,0,0,0,0x29b,0x000
2788,2,0,1,0,0,0,2,2,1,0,0,0,0,0,0,0,0x29c,0x000
2789,2,0,1,0,0,0,2,2,1,0,0,0,0,0,0,0,0x29d,0x000
2790,2,0,1,0,0,0,2,2,1,0,0,0,0,0,0,0,0x29e,0x000
2791,2,0,1,0,0,0,2,2,1,0,0,0,0,0,0,0,0x29f,0x000
2792,2,0,1,0,0,0,2,2,1,0,0,0,0,0,0,0,0x2a0,0x000
2793,2,0,1,0,0,0,2,2,1,0,0,0,0,0,0,0,0x2a1,0x000
2794,2,0,1,0,0,0,2,2,1,0,0,0,0,0,0,0,0x2a2,0x000
2795,2,0,1,0,0,0,2,2,1,0,0,0,0,0,0,0,0x2a3,0x000
2796,2,0,1,0,0,0,2,2,1,0,0,0,0,0,0,0,0x2a4,0x000
2797,2,0,1,0,0,0,2,2,1,0,0,0,0,0,0,0,0x2a5,0x000
2798,2,0,1,0,0,0,2,2,1,0,0,0,0,0,0,0,0x2a6,0x000
2799,2,0,1,0,0,0,2,2,1,0,0,0,0,0,0,0,0x2a7,0x000
2800,2,0,1,0,0,0,2,2,1,0,0,0,0,0,0,0,0x2a8,0x000
2801,2,0,1,0,0,0,2,2,1,0,0,0,0,0,0,0,0x2a9,0x000
2802,2,0,1,0,0,0,2,2,1,0,0,0,0,0,0,0,0x2aa,0x000
2803,2,0,1,0,0,0,2,2,1,0,0,0,0,0,0,0,0x2ab,0x000
2804,2,0,1,0,0,0,2,2,1,0,0,0,0,0,0,0,0x2ac,0x000
2805,2,0,1,0,0,0,2,2,1,0,0,0,0,0,0,0,0x2ad,0x000
2806,2,0,1,0,0,0,2,2,1,0,0,0,0,0,0,0,0x2ae,0x000
2807,2,0,1,0,0,0,2,2,1,0,0,0,0,0,0,0,0x2af,0x000
2808,2,0,1,0,0,0,2,2,1,0,0,0,0,0,0,0,0x2b0,0x000
2809,2,0,1,0,0,0,2,2,1,0,0,0,0,0,0,0,0x2b1,0x000
2810,2,0,1,0,0,0,2,2,1,0,0,0,0,0,0,0,0x2b2,0x000
2811,2,0,1,0,0,0,2,2,1,0,0,0,0,0,0,0,0x2b3,0x000
2812,2,0,1,0,0,0,2,2,1,0,0,0,0,0,0,0,0x2b4,0x000
2813,2,0,1,0,0,0,2,2,1,0,0,0,0,0,0,0,0x2b5,0x000
2814,2,0,1,0,0,0,2,2,1,0,0,0,0,0,0,0,0x2b6,0x000
2815,2,0,1,0,0,0,2,2,1,0,0,0,0,0,0,0,0x2b7,0x000
2816,2,0,1,0,0,0,2,2,1,0,0,0,0,0,0,0,0x2b8,0x000
2817,2,0,1,0,0,0,2,2,1,0,0,0,0,0,0,0,0x2b9,0x000
2818,2,0,1,0,0,0,2,2,1,0,0,0,0,0,0,0,0x2ba,0x000
2819,2,0,1,0,0,0,2,2,1,0,0,0,0,0,0,0,0x2bb,0x000
2820,2,0,1,0,0,0,2,2,1,0,0,0,0,0,0,0,0x2bc,0x000
2821,2,0,1,0,0,0,2,2,1,0,0,0,0,0,0,0,0x2bd,0x000
2822,2,0,1,0,0,0,2,2,1,0,0,0,0,0,0,0,0x2be,0x000
2823,2,0,1,0,0,0,2,2,1,0,0,0,0,0,0,0,0x2bf,0x000
2824,2,0,1,0,0,0,2,2,1,0,0,0,0,0,0,0,0x2c0,0x000
2825,2,0,1,0,0,0,2,2,1,0,0,0,0,0,0,0,0x2c1,0x000
2826,2,0,1,0,0,0,2,2,1,0,0,0,0,0,0,0,0x2c2,0x000
2827,2,0,1,0,0,0,2,2,1,0,0,0,0,0,0,0,0x2c3,0x000
2828,2,0,1,0,0,0,2,2,1,0,0,0,0,0,0,0,0x2c4,0x000
2829,2,0,1,0,0,0,2,2,1,0,0,0,0,0,0,0,0x2c5,0x000
2830,2,0,1,0,0,0,2,2,1,0,0,0,0,0,0,0,0x2c6,0x000
2831,2,0,1,0,0,0,2,2,1,0,0,0,0,0,0,0,0x2c7,0x000
2832,2,0,1,0,0,0,2,2,1,0,0,0,0,0,0,0,0x2c8,0x000
2833,2,0,1,0,0,0,2,2,1,0,0,0,0,0,0,0,0x2c9,0x000
2834,2,0,1,0,0,0,2,2,1,0,0,0,0,0,0,0,0x2ca,0x000
2835,2,0,1,0,0,0,2,2,1,0,0,0,0,0,0,0,0x2cb,0x000
2836,2,0,1,0,0,0,2,2,1,0,0,0,0,0,0,0,0x2cc,0x000
2837,2,0,1,0,0,0,2,2,1,0,0,0,0,0,0,0,0x2cd,0x000
2838,2,0,1,0,0,0,2,2,1,0,0,0,0,0,0,0,0x2ce,0x000
2839,2,0,1,0,0,0,2,2,1,0,0,0,0,0,0,0,0x2cf,0x000
2840,2,0,1,0,0,0,2,2,1,0,0,0,0,0,0,0,0x2d0,0x000
2841,2,0,1,0,0,0,2,2,1,0,0,0,0,0,0,0,0x2d1,0x000
2842,2,0,1,0,0,0,2,2,1,0,0,0,0,0,0,0,0x2d2,0x000
2843,2,0,1,0,0,0,2,2,1,0,0,0,0,0,0,0,0x2d3,0x000
2844,2,0,1,0,0,0,2,2,1,0,0,0,0,0,0,0,0x2d4,0x000
2845,2,0,1,0,0,0,2,2,1,0,0,0,0,0,0,0,0x2d5,0x000
2846,2,0,1,0,0,0,2,2,1,0,0,0,0,0,0,0,0x2d6,0x000
2847,2,0,1,0,0,0,2,2,1,0,0,0,0,0,0,0,0x2d7,0x000
2848,2,0,1,0,0,0,2,2,1,0,0,0,0,0,0,0,0x2d8,0x000
2849,2,0,1,0,0,0,2,2,1,0,0,0,0,0,0,0,0x2d9,0x000
2850,2,0,1,0,0,0,2,2,1,0,0,0,0,0,0,0,0x2da,0x000
2851,2,0,1,0,0,0,2,2,1,0,0,0,0,0,0,0,0x2db,0x000
2852,2,0,1,0,0,0,2,2,1,0,0,0,0,0,0,0,0x2dc,0x000
2853,2,0,1,0,0,0,2,2,1,0,0,0,0,0,0,0,0x2dd,0x000
2854,2,0,1,0,0,0,2,2,1,0,0,0,0,0,0,0,0x2de,0x000
2855,2,0,1,0,0,0,2,2,1,0,0,0,0,0,0,0,0x2df,0x000
2856,2,0,1,0,0,0,2,2,1,0,0,0,0,0,0,0,0x2e0,0x000
2857,2,0,1,0,0,0,2,2,1,0,0,0,0,0,0,0,0x2e1,0x000
2858,2,0,1,0,0,0,2,2,1,0,0,0,0,0,0,0,0x2e2,0x000
2859,2,0,1,0,0,0,2,2,1,0,0,0,0,0,0,0,0x2e3,0x000
2860,2,0,1,0,0,0,2,2,1,0,0,0,0,0,0,0,0x2e4,0x000
2861,2,0,1,0,0,0,2,2,1,0,0,0,0,0,0,0,0x2e5,0x000
2862,2,0,1,0,0,0,2,2,1,0,0,0,0,0,0,0,0x2e6,0x000
2863,2,0,1,0,0,0,2,2,1,0,0,0,0,0,0,0,0x2e7,0x000
2864,2,0,1,0,0,0,2,2,1,0,0,0,0,0,0,0,0x2e8,0x000
2865,2,0,1,0,0,0,2,2,1,0,0,0,0,0,0,0,0x2e9,0x000
2866,2,0,1,0,0,0,2,2,1,0,0,0,0,0,0,0,0x2ea,0x000
2867,2,0,1,0,0,0,2,2,1,0,0,0,0,0,0,0,0x2eb,0x000
2868,2,0,1,0,0,0,2,2,1,0,0,0,0,0,0,0,0x2ec,0x000
2869,2,0,1,0,0,0,2,2,1,0,0,0,0,0,0,0,0x2ed,0x000
2870,2,0,1,0,0,0,2,2,1,0,0,0,0,0,0,0,0x2ee,0x000
2871,2,0,1,0,0,0,2,2,1,0,0,0,0,0,0,0,0x2ef,0x000
2872,2,0,1,0,0,0,2,2,1,0,0,0,0,0,0,0,0x2f0,0x000
2873,2,0,1,0,0,0,2,2,1,0,0,0,0,0,0,0,0x2f1,0x000
2874,2,0,1,0,0,0,2,2,1,0,0,0,0,0,0,0,0x2f2,0x000
2875,2,0,1,0,0,0,2,2,1,0,0,0,0,0,0,0,0x2f3,0x000
2876,2,0,1,0,0,0,2,2,1,0,0,0,0,0,0,0,0x2f4,0x000
2877,2,0,1,0,0,0,2,2,1,0,0,0,0,0,0,0,0x2f5,0x000
2878,2,0,1,0,0,0,2,2,1,0,0,0,0,0,0,0,0x2f6,0x000
2879,2,0,1,0,0,0,2,2,1,0,0,0,0,0,0,0,0x2f7,0x000
2880,2,0,1,0,0,0,2,2,1,0,0,0,0,0,0,0,0x2f8,0x000
2881,2,0,1,0,0,0,2,2,1,0,0,0,0,0,0,0,0x2f9,0x000
2882,2,0,1,0,0,0,2,2,1,0,0,0,0,0,0,0,0x2fa,0x000
2883,2,0,1,0,0,0,2,2,1,0,0,0,0,0,0,0,0x2fb,0x000
2884,2,0,1,0,0,0,2,2,1,0,0,0,0,0,0,0,0x2fc,0x000
2885,2,0,1,0,0,0,2,2,1,0,0,0,0,0,0,0,0x2fd,0x000
2886,2,0,1,0,0,0,2,2,1,0,0,0,0,0,0,0,0x2fe,0x000
2887,2,0,1,0,0,0,2,2,1,0,0,0,0,0,0,0,0x2ff,0x000
2888,2,0,1,0,0,0,2,2,1,0,0,0,0,0,0,0,0x300,0x000
2889,2,0,1,0,0,0,2,2,1,0,0,0,0,0,0,0,0x301,0x000
2890,2,0,1,0,0,0,2,2,1,0,0,0,0,0,0,0,0x302,0x000
2891,2,0,1,0,0,0,2,2,1,0,0,0,0,0,0,0,0x303,0x000
2892,2,0,1,0,0,0,2,2,1,0,0,0,0,0,0,0,0x304,0x000
2893,2,0,1,0,0,0,2,2,1,0,0,0,0,0,0,0,0x305,0x000
2894,2,0,1,0,0,0,2,2,1,0,0,0,0,0,0,0,0x306,0x000
2895,2,0,1,0,0,0,2,2,1,0,0,0,0,0,0,0,0x307,0x000
2896,2,0,1,0,0,0,2,2,1,0,0,0,0,0,0,0,0x308,0x000
2897,2,0,1,0,0,0,2,2,1,0,0,0,0,0,0,0,0x309,0x000
2898,2,0,1,0,0,0,2,2,1,0,0,0,0,0,0,0,0x30a,0x000
2899,2,0,1,0,0,0,2,2,1,0,0,0,0,0,0,0,0x30b,0x000
2900,2,0,1,0,0,0,2,2,1,0,0,0,0,0,0,0,0x30c,0x000
2901,2,0,1,0,0,0,2,2,1,0,0,0,0,0,0,0,0x30d,0x000
2902,2,0,1,0,0,0,2,2,1,0,0,0,0,0,0,0,0x30e,0x000
2903,2,0,1,0,0,0,2,2,1,0,0,0,0,0,0,0,0x30f,0x000
2904,2,0,1,0,0,0,2,2,1,0,0,0,0,0,0,0,0x310,0x000
2905,2,0,1,0,0,0,2,2,1,0,0,0,0,0,0,0,0x311,0x000
2906,2,0,1,0,0,0,2,2,1,0,0,0,0,0,0,0,0x312,0x000
2907,2,0,1,0,0,0,2,2,1,0,0,0,0,0,0,0,0x313,0x000
2908,2,0,1,0,0,0,2,2,1,0,0,0,0,0,0,0,0x314,0x000
2909,2,0,1,0,0,0,2,2,1,0,0,0,0,0,0,0,0x315,0x000
2910,2,0,1,0,0,0,2,2,1,0,0,0,0,0,0,0,0x316,0x000
2911,2,0,1,0,0,0,2,2,1,0,0,0,0,0,0,0,0x317,0x000
2912,2,0,1,0,0,0,2,2,1,0,0,0,0,0,0,0,0x318,0x000
2913,2,0,1,0,0,0,2,2,1,0,0,0,0,0,0,0,0x319,0x000
2914,2,0,1,0,0,0,2,2,1,0,0,0,0,0,0,0,0x31a,0x000
2915,2,0,1,0,0,0,2,2,1,0,0,0,0,0,0,0,0x31b,0x000
2916,2,0,1,0,0,0,2,2,1,0,0,0,0,0,0,0,0x31c,0x000
2917,2,0,1,0,0,0,2,2,1,0,0,0,0,0,0,0,0x31d,0x000
2918,2,0,1,0,0,0,2,2,1,0,0,0,0,0,0,0,0x31e,0x000
2919,2,0,1,0,0,0,2,2,1,0,0,0,0,0,0,0,0x31f,0x000
2920,2,0,1,0,0,0,2,2,1,0,0,0,0,0,0,0,0x320,0x000
2921,2,0,1,0,0,0,2,2,1,0,0,0,0,0,0,0,0x321,0x000
2922,2,0,1,0,0,0,2,2,1,0,0,0,0,0,0,0,0x322,0x000
2923,2,0,1,0,0,0,2,2,1,0,0,0,0,0,0,0,0x323,0x000
2924,2,0,1,0,0,0,2,2,1,0,0,0,0,0,0,0,0x324,0x000
2925,2,0,1,0,0,0,2,2,1,0,0,0,0,0,0,0,0x325,0x000
2926,2,0,1,0,0,0,2,2,1,0,0,0,0,0,0,0,0x326,0x000
2927,2,0,1,0,0,0,2,2,1,0,0,0,0,0,0,0,0x327,0x000
2928,2,0,1,0,0,0,2,2,1,0,0,0,0,0,0,0,0x328,0x000
2929,2,0,1,0,0,0,2,2,1,0,0,0,0,0,0,0,0x329,0x000
2930,2,0,1,0,0,0,2,2,1,0,0,0,0,0,0,0,0x32a,0x000
2931,2,0,1,0,0,0,2,2,1,0,0,0,0,0,0,0,0x32b,0x000
2932,2,0,1,0,0,0,2,2,1,0,0,0,0,0,0,0,0x32c,0x000
2933,2,0,1,0,0,0,2,2,1,0,0,0,0,0,0,0,0x32d,0x000
2934,2,0,1,0,0,0,2,2,1,0,0,0,0,0,0,0,0x32e,0x000
2935,2,0,1,0,0,0,2,2,1,0,0,0,0,0,0,0,0x32f,0x000
2936,2,0,1,0,0,0,2,2,1,0,0,0,0,0,0,0,0x330,0x000
2937,2,0,1,0,0,0,2,2,1,0,0,0,0,0,0,0,0x331,0x000
2938,2,0,1,0,0,0,2,2,1,0,0,0,0,0,0,0,0x332,0x000
2939,2,0,1,0,0,0,2,2,1,0,0,0,0,0,0,0,0x333,0x000
2940,2,0,1,0,0,0,2,2,1,0,0,0,0,0,0,0,0x334,0x000
2941,2,0,1,0,0,0,2,2,1,0,0,0,0,0,0,0,0x335,0x000
2942,2,0,1,0,0,0,2,2,1,0,0,0,0,0,0,0,0x336,0x000
2943,2,0,1,0,0,0,2,2,1,0,0,0,0,0,0,0,0x337,0x000
2944,2,0,1,0,0,0,2,2,1,0,0,0,0,0,0,0,0x338,0x000
2945,2,0,1,0,0,0,2,2,1,0,0,0,0,0,0,0,0x339,0x000
2946,2,0,1,0,0,0,2,2,1,0,0,0,0,0,0,0,0x33a,0x000
2947,2,0,1,0,0,0,2,2,1,0,0,0,0,0,0,0,0x33b,0x000
2948,2,0,1,0,0,0,2,2,1,0,0,0,0,0,0,0,0x33c,0x000
2949,2,0,1,0,0,0,2,2,1,0,0,0,0,0,0,0,0x33d,0x000
2950,2,0,1,0,0,0,2,2,1,0,0,0,0,0,0,0,0x33e,0x000
2951,2,0,1,0,0,0,2,2,1,0,0,0,0,0,0,0,0x33f,0x000
2952,2,0,1,0,0,0,2,2,1,0,0,0,0,0,0,0,0x340,0x000
2953,2,0,1,0,0,0,2,2,1,0,0,0,0,0,0,0,0x341,0x000
2954,2,0,1,0,0,0,2,2,1,0,0,0,0,0,0,0,0x342,0x000
2955,2,0,1,0,0,0,2,2,1,0,0,0,0,0,0,0,0x343,0x000
2956,2,0,1,0,0,0,2,2,1,0,0,0,0,0,0,0,0x344,0x000
2957,2,0,1,0,0,0,2,2,1,0,0,0,0,0,0,0,0x345,0x000
2958,2,0,1,0,0,0,2,2,1,0,0,0,0,0,0,0,0x346,0x000
2959,2,0,1,0,0,0,2,2,1,0,0,0,0,0,0,0,0x347,0x000
2960,2,0,1,0,0,0,2,2,1,0,0,0,0,0,0,0,0x348,0x000
2961,2,0,1,0,0,0,2,2,1,0,0,0,0,0,0,0,0x349,0x000
2962,2,0,1,0,0,0,2,2,1,0,0,0,0,0,0,0,0x34a,0x000
2963,2,0,1,0,0,0,2,2,1,0,0,0,0,0,0,0,0x34b,0x000
2964,2,0,1,0,0,0,2,2,1,0,0,0,0,0,0,0,0x34c,0x000
2965,2,0,1,0,0,0,2,2,1,0,0,0,0,0,0,0,0x34d,0x000
2966,2,0,1,0,0,0,2,2,1,0,0,0,0,0,0,0,0x34e,0x000
2967,2,0,1,0,0,0,2,2,1,0,0,0,0,0,0,0,0x34f,0x000
2968,2,0,1,0,0,0,2,2,1,0,0,0,0,0,0,0,0x350,0x000
2969,2,0,1,0,0,0,2,2,1,0,0,0,0,0,0,0,0x351,0x000
2970,2,0,1,0,0,0,2,2,1,0,0,0,0,0,0,0,0x352,0x000
2971,2,0,1,0,0,0,2,2,1,0,0,0,0,0,0,0,0x353,0x000
2972,2,0,1,0,0,0,2,2,1,0,0,0,0,0,0,0,0x354,0x000
2973,2,0,1,0,0,0,2,2,1,0,0,0,0,0,0,0,0x355,0x000
2974,2,0,1,0,0,0,2,2,1,0,0,0,0,0,0,0,0x356,0x000
2975,2,0,1,0,0,0,2,2,1,0,0,0,0,0,0,0,0x357,0x000
2976,2,0,1,0,0,0,2,2,1,0,0,0,0,0,0,0,0x358,0x000
2977,2,0,1,0,0,0,2,2,1,0,0,0,0,0,0,0,0x359,0x000
2978,2,0,1,0,0,0,2,2,1,0,0,0,0,0,0,0,0x35a,0x000
2979,2,0,1,0,0,0,2,2,1,0,0,0,0,0,0,0,0x35b,0x000
2980,2,0,1,0,0,0,2,2,1,0,0,0,0,0,0,0,0x35c,0x000
2981,2,0,1,0,0,0,2,2,1,0,0,0,0,0,0,0,0x35d,0x000
2982,2,0,1,0,0,0,2,2,1,0,0,0,0,0,0,0,0x35e,0x000
2983,2,0,1,0,0,0,2,2,1,0,0,0,0,0,0,0,0x35f,0x000
2984,2,0,1,0,0,0,2,2,1,0,0,0,0,0,0,0,0x360,0x000
2985,2,0,1,0,0,0,2,2,1,0,0,0,0,0,0,0,0x361,0x000
2986,2,0,1,0,0,0,2,2,1,0,0,0,0,0,0,0,0x362,0x000
2987,2,0,1,0,0,0,2,2,1,0,0,0,0,0,0,0,0x363,0x000
2988,2,0,1,0,0,0,2,2,1,0,0,0,0,0,0,0,0x364,0x000
2989,2,0,1,0,0,0,2,2,1,0,0,0,0,0,0,0,0x365,0x000
2990,2,0,1,0,0,0,2,2,1,0,0,0,0,0,0,0,0x366,0x000
2991,2,0,1,0,0,0,2,2,1,0,0,0,0,0,0,0,0x367,0x000
2992,2,0,1,0,0,0,2,2,1,0,0,0,0,0,0,0,0x368,0x000
2993,2,0,1,0,0,0,2,2,1,0,0,0,0,0,0,0,0x369,0x000
2994,2,0,1,0,0,0,2,2,1,0,0,0,0,0,0,0,0x36a,0x000
2995,2,0,1,0,0,0,2,2,1,0,0,0,0,0,0,0,0x36b,0x000
2996,2,0,1,0,0,0,2,2,1,0,0,0,0,0,0,0,0x36c,0x000
2997,2,0,1,0,0,0,2,2,1,0,0,0,0,0,0,0,0x36d,0x000
2998,2,0,1,0,0,0,2,2,1,0,0,0,0,0,0,0,0x36e,0x000
2999,2,0,1,0,0,0,2,2,1,0,0,0,0,0,0,0,0x36f,0x000
3000,2,0,1,0,0,0,2,2,1,0,0,0,0,0,0,0,0x370,0x000
3001,2,0,1,0,0,0,2,2,1,0,0,0,0,0,0,0,0x371,0x000
3002,2,0,1,0,0,0,2,2,1,0,0,0,0,0,0,0,0x372,0x000
3003,2,0,1,0,0,0,2,2,1,0,0,0,0,0,0,0,0x373,0x000
3004,2,0,1,0,0,0,2,2,1,0,0,0,0,0,0,0,0x374,0x000
3005,2,0,1,0,0,0,2,2,1,0,0,0,0,0,0,0,0x375,0x000
3006,2,0,1,0,0,0,2,2,1,0,0,0,0,0,0,0,0x376,0x000
3007,2,0,1,0,0,0,2,2,1,0,0,0,0,0,0,0,0x377,0x000
3008,2,0,1,0,0,0,2,2,1,0,0,0,0,0,0,0,0x378,0x000
3009,2,0,1,0,0,0,2,2,1,0,0,0,0,0,0,0,0x379,0x000
3010,2,0,1,0,0,0,2,2,1,0,0,0,0,0,0,0,0x37a,0x000
3011,2,0,1,0,0,0,2,2,1,0,0,0,0,0,0,0,0x37b,0x000
3012,2,0,1,0,0,0,2,2,1,0,0,0,0,0,0,0,0x37c,0x000
3013,2,0,1,0,0,0,2,2,1,0,0,0,0,0,0,0,0x37d,0x000
3014,2,0,1,0,0,0,2,2,1,0,0,0,0,0,0,0,0x37e,0x000
3015,2,0,1,0,0,0,2,2,1,0,0,0,0,0,0,0,0x37f,0x000
3016,2,0,1,0,0,0,2,2,1,0,0,0,0,0,0,0,0x380,0x000
3017,2,0,1,0,0,0,2,2,1,0,0,0,0,0,0,0,0x381,0x000
3018,2,0,1,0,0,0,2,2,1,0,0,0,0,0,0,0,0x382,0x000
3019,2,0,1,0,0,0,2,2,1,0,0,0,0,0,0,0,0x383,0x000
3020,2,0,1,0,0,0,2,2,1,0,0,0,0,0,0,0,0x384,0x000
3021,2,0,1,0,0,0,2,2,1,0,0,0,0,0,0,0,0x385,0x000
3022,2,0,1,0,0,0,2,2,1,0,0,0,0,0,0,0,0x386,0x000
3023,2,0,1,0,0,0,2,2,1,0,0,0,0,0,0,0,0x387,0x000
3024,2,0,1,0,0,0,2,2,1,0,0,0,0,0,0,0,0x388,0x000
3025,2,0,1,0,0,0,2,2,1,0,0,0,0,0,0,0,0x389,0x000
3026,2,0,1,0,0,0,2,2,1,0,0,0,0,0,0,0,0x38a,0x000
3027,2,0,1,0,0,0,2,2,1,0,0,0,0,0,0,0,0x38b,0x000
3028,2,0,1,0,0,0,2,2,1,0,0,0,0,0,0,0,0x38c,0x000
3029,2,0,1,0,0,0,2,2,1,0,0,0,0,0,0,0,0x38d,0x000
3030,2,0,1,0,0,0,2,2,1,0,0,0,0,0,0,0,0x38e,0x000
3031,2,0,1,0,0,0,2,2,1,0,0,0,0,0,0,0,0x38f,0x000
3032,2,0,1,0,0,0,2,2,1,0,0,0,0,0,0,0,0x390,0x000
3033,2,0,1,0,0,0,2,2,1,0,0,0,0,0,0,0,0x391,0x000
3034,2,0,1,0,0,0,2,2,1,0,0,0,0,0,0,0,0x392,0x000
3035,2,0,1,0,0,0,2,2,1,0,0,0,0,0,0,0,0x393,0x000
3036,2,0,1,0,0,0,2,2,1,0,0,0,0,0,0,0,0x394,0x000
3037,2,0,1,0,0,0,2,2,1,0,0,0,0,0,0,0,0x395,0x000
3038,2,0,1,0,0,0,2,2,1,0,0,0,0,0,0,0,0x396,0x000
3039,2,0,1,0,0,0,2,2,1,0,0,0,0,0,0,0,0x397,0x000
3040,2,0,1,0,0,0,2,2,1,0,0,0,0,0,0,0,0x398,0x000
3041,2,0,1,0,0,0,2,2,1,0,0,0,0,0,0,0,0x399,0x000
3042,2,0,1,0,0,0,2,2,1,0,0,0,0,0,0,0,0x39a,0x000
3043,2,0,1,0,0,0,2,2,1,0,0,0,0,0,0,0,0x39b,0x000
3044,2,0,1,0,0,0,2,2,1,0,0,0,0,0,0,0,0x39c,0x000
3045,2,0,1,0,0,0,2,2,1,0,0,0,0,0,0,0,0x39d,0x000
3046,2,0,1,0,0,0,2,2,1,0,0,0,0,0,0,0,0x39e,0x000
3047,2,0,1,0,0,0,2,2,1,0,0,0,0,0,0,0,0x39f,0x000
3048,2,0,1,0,0,0,2,2,1,0,0,0,0,0,0,0,0x3a0,0x000
3049,2,0,1,0,0,0,2,2,1,0,0,0,0,0,0,0,0x3a1,0x000
3050,2,0,1,0,0,0,2,2,1,0,0,0,0,0,0,0,0x3a2,0x000
3051,2,0,1,0,0,0,2,2,1,0,0,0,0,0,0,0,0x3a3,0x000
3052,2,0,1,0,0,0,2,2,1,0,0,0,0,0,0,0,0x3a4,0x000
3053,2,0,1,0,0,0,2,2,1,0,0,0,0,0,0,0,0x3a5,0x000
3054,2,0,1,0,0,0,2,2,1,0,0,0,0,0,0,0,0x3a6,0x000
3055,2,0,1,0,0,0,2,2,1,0,0,0,0,0,0,0,0x3a7,0x000
3056,2,0,1,0,0,0,2,2,1,0,0,0,0,0,0,0,0x3a8,0x000
3057,2,0,1,0,0,0,2,2,1,0,0,0,0,0,0,0,0x3a9,0x000
3058,2,0,1,0,0,0,2,2,1,0,0,0,0,0,0,0,0x3aa,0x000
3059,2,0,1,0,0,0,2,2,1,0,0,0,0,0,0,0,0x3ab,0x000
3060,2,0,1,0,0,0,2,2,1,0,0,0,0,0,0,0,0x3ac,0x000
3061,2,0,1,0,0,0,2,2,1,0,0,0,0,0,0,0,0x3ad,0x000
3062,2,0,1,0,0,0,2,2,1,0,0,0,0,0,0,0,0x3ae,0x000
3063,2,0,1,0,0,0,2,2,1,0,0,0,0,0,0,0,0x3af,0x000
3064,2,0,1,0,0,0,2,2,1,0,0,0,0,0,0,0,0x3b0,0x000
3065,2,0,1,0,0,0,2,2,1,0,0,0,0,0,0,0,0x3b1,0x000
3066,2,0,1,0,0,0,2,2,1,0,0,0,0,0,0,0,0x3b2,0x000
3067,2,0,1,0,0,0,2,2,1,0,0,0,0,0,0,0,0x3b3,0x000
3068,2,0,1,0,0,0,2,2,1,0,0,0,0,0,0,0,0x3b4,0x000
3069,2,0,1,0,0,0,2,2,1,0,0,0,0,0,0,0,0x3b5,0x000
3070,2,0,1,0,0,0,2,2,1,0,0,0,0,0,0,0,0x3b6,0x000
3071,2,0,1,0,0,0,2,2,1,0,0,0,0,0,0,0,0x3b7,0x000
3072,2,0,1,0,0,0,2,2,1,0,0,0,0,0,0,0,0x3b8,0x000
3073,2,0,1,0,0,0,2,2,1,0,0,0,0,0,0,0,0x3b9,0x000
3074,2,0,1,0,0,0,2,2,1,0,0,0,0,0,0,0,0x3ba,0x000
3075,2,0,1,0,0,0,2,2,1,0,0,0,0,0,0,0,0x3bb,0x000
3076,2,0,1,0,0,0,2,2,1,0,0,0,0,0,0,0,0x3bc,0x000
3077,2,0,1,0,0,0,2,2,1,0,0,0,0,0,0,0,0x3bd,0x000
3078,2,0,1,0,0,0,2,2,1,0,0,0,0,0,0,0,0x3be,0x000
3079,2,0,1,0,0,0,2,2,1,0,0,0,0,0,0,0,0x3bf,0x000
3080,2,0,1,0,0,0,2,2,1,0,0,0,0,0,0,0,0x3c0,0x000
3081,2,0,1,0,0,0,2,2,1,0,0,0,0,0,0,0,0x3c1,0x000
3082,2,0,1,0,0,0,2,2,1,0,0,0,0,0,0,0,0x3c2,0x000
3083,2,0,1,0,0,0,2,2,1,0,0,0,0,0,0,0,0x3c3,0x000
3084,2,0,1,0,0,0,2,2,1,0,0,0,0,0,0,0,0x3c4,0x000
3085,2,0,1,0,0,0,2,2,1,0,0,0,0,0,0,0,0x3c5,0x000
3086,2,0,1,0,0,0,2,2,1,0,0,0,0,0,0,0,0x3c6,0x000
3087,2,0,1,0,0,0,2,2,1,0,0,0,0,0,0,0,0x3c7,0x000
3088,2,0,1,0,0,0,2,2,1,0,0,0,0,0,0,0,0x3c8,0x000
3089,2,0,1,0,0,0,2,2,1,0,0,0,0,0,0,0,0x3c9,0x000
3090,2,0,1,0,0,0,2,2,1,0,0,0,0,0,0,0,0x3ca,0x000
3091,2,0,1,0,0,0,2,2,1,0,0,0,0,0,0,0,0x3cb,0x000
3092,2,0,1,0,0,0,2,2,1,0,0,0,0,0,0,0,0x3cc,0x000
3093,2,0,1,0,0,0,2,2,1,0,0,0,0,0,0,0,0x3cd,0x000
3094,2,0,1,0,0,0,2,2,1,0,0,0,0,0,0,0,0x3ce,0x000
3095,2,0,1,0,0,0,2,2,1,0,0,0,0,0,0,0,0x3cf,0x000
3096,2,0,1,0,0,0,2,2,1,0,0,0,0,0,0,0,0x3d0,0x000
3097,2,0,1,0,0,0,2,2,1,0,0,0,0,0,0,0,0x3d1,0x000
3098,2,0,1,0,0,0,2,2,1,0,0,0,0,0,0,0,0x3d2,0x000
3099,2,0,1,0,0,0,2,2,1,0,0,0,0,0,0,0,0x3d3,0x000
3100,2,0,1,0,0,0,2,2,1,0,0,0,0,0,0,0,0x3d4,0x000
3101,2,0,1,0,0,0,2,2,1,0,0,0,0,0,0,0,0x3d5,0x000
3102,2,0,1,0,0,0,2,2,1,0,0,0,0,0,0,0,0x3d6,0x000
3103,2,0,1,0,0,0,2,2,1,0,0,0,0,0,0,0,0x3d7,0x000
3104,2,0,1,0,0,0,2,2,1,0,0,0,0,0,0,0,0x3d8,0x000
3105,2,0,1,0,0,0,2,2,1,0,0,0,0,0,0,0,0x3d9,0x000
3106,2,0,1,0,0,0,2,2,1,0,0,0,0,0,0,0,0x3da,0x000
3107,2,0,1,0,0,0,2,2,1,0,0,0,0,0,0,0,0x3db,0x000
3108,2,0,1,0,0,0,2,2,1,0,0,0,0,0,0,0,0x3dc,0x000
3109,2,0,1,0,0,0,2,2,1,0,0,0,0,0,0,0,0x3dd,0x000
3110,2,0,1,0,0,0,2,2,1,0,0,0,0,0,0,0,0x3de,0x000
3111,2,0,1,0,0,0,2,2,1,0,0,0,0,0,0,0,0x3df,0x000
3112,2,0,1,0,0,0,2,2,1,0,0,0,0,0,0,0,0x3e0,0x000
3113,2,0,1,0,0,0,2,2,1,0,0,0,0,0,0,0,0x3e1,0x000
3114,2,0,1,0,0,0,2,2,1,0,0,0,0,0,0,0,0x3e2,0x000
3115,2,0,1,0,0,0,2,2,1,0,0,0,0,0,0,0,0x3e3,0x000
3116,2,0,1,0,0,0,2,2,1,0,0,0,0,0,0,0,0x3e4,0x000
3117,2,0,1,0,0,0,2,2,1,0,0,0,0,0,0,0,0x3e5,0x000
3118,2,0,1,0,0,0,2,2,1,0,0,0,0,0,0,0,0x3e6,0x000
3119,2,0,1,0,0,0,2,2,1,0,0,0,0,0,0,0,0x3e7,0x000
3120,2,0,1,0,0,0,2,2,1,0,0,0,0,0,0,0,0x3e8,0x000
3121,2,0,1,0,0,0,2,2,1,0,0,0,0,0,0,0,0x3e9,0x000
3122,2,0,1,0,0,0,2,2,1,0,0,0,0,0,0,0,0x3ea,0x000
3123,2,0,1,0,0,0,2,2,1,0,0,0,0,0,0,0,0x3eb,0x000
3124,2,0,1,0,0,0,2,2,1,0,0,0,0,0,0,0,0x3ec,0x000
3125,2,0,1,0,0,0,2,2,1,0,0,0,0,0,0,0,0x3ed,0x000
3126,2,0,1,0,0,0,2,2,1,0,0,0,0,0,0,0,0x3ee,0x000
3127,2,0,1,0,0,0,2,2,1,0,0,0,0,0,0,0,0x3ef,0x000
3128,2,0,1,0,0,0,2,2,1,0,0,0,0,0,0,0,0x3f0,0x000
3129,2,0,1,0,0,0,2,2,1,0,0,0,0,0,0,0,0x3f1,0x000
3130,2,0,1,0,0,0,2,2,1,0,0,0,0,0,0,0,0x3f2,0x000
3131,2,0,1,0,0,0,2,2,1,0,0,0,0,0,0,0,0x3f3,0x000
3132,2,0,1,0,0,0,2,2,1,0,0,0,0,0,0,0,0x3f4,0x000
3133,2,0,1,0,0,0,2,2,1,0,0,0,0,0,0,0,0x3f5,0x000
3134,2,0,1,0,0,0,2,2,1,0,0,0,0,0,0,0,0x3f6,0x000
3135,2,0,1,0,0,0,2,2,1,0,0,0,0,0,0,0,0x3f7,0x000
3136,2,0,1,0,0,0,2,2,1,0,0,0,0,0,0,0,0x3f8,0x000
3137,2,0,1,0,0,0,2,2,1,0,0,0,0,0,0,0,0x3f9,0x000
3138,2,0,1,0,0,0,2,2,1,0,0,0,0,0,0,0,0x3fa,0x000
3139,2,0,1,0,0,0,2,2,1,0,0,0,0,0,0,0,0x3fb,0x000
3140,2,0,1,0,0,0,2,2,1,0,0,0,0,0,0,0,0x3fc,0x000
3141,2,0,1,0,0,0,2,2,1,0,0,0,0,0,0,0,0x3fd,0x000
3142,2,0,1,0,0,0,2,2,1,0,0,0,0,0,0,0,0x3fe,0x000
3143,2,0,1,0,0,0,2,2,1,0,0,0,0,0,0,0,0x3ff,0x000
3144,2,0,1,0,0,0,2,2,0,1,0,0,0,0,0,0,0x000,0x000
3145,2,0,1,0,0,0,2,3,0,0,0,0,0,0,0,0,0x000,0x000
3146,2,0,1,0,0,0,2,4,0,0,1,0,0,0,0,0,0x000,0x000
3147,2,0,1,0,0,0,2,4,0,0,1,0,0,0,0,0,0x000,0x000
3148,2,0,1,0,0,0,2,4,0,0,1,0,0,0,0,0,0x000,0x000
3149,2,0,1,0,0,0,2,4,0,0,1,0,0,0,0,0,0x000,0x000
3150,2,0,1,0,0,0,2,4,0,0,1,0,0,0,0,0,0x000,0x000
3151,2,0,1,0,0,0,2,4,0,0,1,0,0,0,0,0,0x000,0x000
3152,2,0,1,0,0,0,2,4,0,0,1,0,0,0,0,0,0x000,0x000
3153,2,0,1,0,0,0,2,4,0,0,1,0,0,0,0,0,0x000,0x000
3154,2,0,1,0,0,0,2,4,0,0,1,0,0,0,0,0,0x000,0x000
3155,2,0,1,0,0,0,2,4,0,0,1,0,0,0,0,0,0x000,0x000
3156,2,0,1,0,0,0,2,4,0,0,1,0,0,0,0,0,0x000,0x000
3157,2,0,1,0,0,0,2,4,0,0,1,0,0,0,0,0,0x000,0x000
3158,2,0,1,0,0,0,2,4,0,0,1,0,0,0,0,0,0x000,0x000
3159,2,0,1,0,0,0,2,4,0,0,1,0,0,0,0,0,0x000,0x000
3160,2,0,1,0,0,0,2,4,0,0,1,0,0,0,0,0,0x000,0x000
3161,2,0,1,0,0,0,2,4,0,0,1,0,0,0,0,0,0x000,0x000
3162,2,0,1,0,0,0,2,4,0,0,1,0,0,0,0,0,0x000,0x000
3163,2,0,1,0,0,0,2,4,0,0,1,0,0,0,0,0,0x000,0x000
3164,2,0,1,0,0,0,2,4,0,0,1,0,0,0,0,0,0x000,0x000
3165,2,0,1,0,0,0,2,4,0,0,1,0,0,0,0,0,0x000,0x000
3166,2,0,1,0,0,0,2,4,0,0,1,0,0,0,0,0,0x000,0x000
3167,2,0,1,0,0,0,2,4,0,0,1,0,0,0,0,0,0x000,0x000
3168,2,0,1,0,0,0,2,4,0,0,1,0,0,0,0,0,0x000,0x000
3169,2,0,1,0,0,0,2,4,0,0,1,0,0,0,0,0,0x000,0x000
3170,2,0,1,0,0,0,2,4,0,0,0,1,0,0,0,0,0x000,0x000
3171,2,0,1,0,0,0,2,5,0,0,0,0,0,0,0,0,0x000,0x000
3172,2,0,1,0,0,0,2,6,0,0,0,0,1,0,0,0,0x000,0x000
3173,2,0,1,0,0,0,2,6,0,0,0,0,1,0,0,0,0x000,0x000
3174,2,0,1,0,0,0,2,6,0,0,0,0,1,0,0,0,0x000,0x000
3175,2,0,1,0,0,0,2,6,0,0,0,0,1,0,0,0,0x000,0x000
3176,2,0,1,0,0,0,2,6,0,0,0,0,1,0,0,0,0x000,0x000
3177,2,0,1,0,0,0,2,6,0,0,0,0,1,0,0,0,0x000,0x000
3178,2,0,1,0,0,0,2,6,0,0,0,0,1,0,0,0,0x000,0x000
3179,2,0,1,0,0,0,2,6,0,0,0,0,1,0,0,0,0x000,0x000
3180,2,0,1,0,0,0,2,6,0,0,0,0,1,0,0,0,0x000,0x000
3181,2,0,1,0,0,0,2,6,0,0,0,0,1,0,0,0,0x000,0x000
3182,2,0,1,0,0,0,2,6,0,0,0,0,1,0,0,0,0x000,0x000
3183,2,0,1,0,0,0,2,6,0,0,0,0,1,0,0,0,0x000,0x000
3184,2,0,1,0,0,0,2,6,0,0,0,0,1,0,0,0,0x000,0x000
3185,2,0,1,0,0,0,2,6,0,0,0,0,1,0,0,0,0x000,0x000
3186,2,0,1,0,0,0,2,6,0,0,0,0,1,0,0,0,0x000,0x000
3187,2,0,1,0,0,0,2,6,0,0,0,0,1,0,0,0,0x000,0x000
3188,2,0,1,0,0,0,2,6,0,0,0,0,1,0,0,0,0x000,0x000
3189,2,0,1,0,0,0,2,6,0,0,0,0,1,0,0,0,0x000,0x000
3190,2,0,1,0,0,0,2,6,0,0,0,0,1,0,0,0,0x000,0x000
3191,2,0,1,0,0,0,2,6,0,0,0,0,1,0,0,0,0x000,0x000
3192,2,0,1,0,0,0,2,6,0,0,0,0,1,0,0,0,0x000,0x000
3193,2,0,1,0,0,0,2,6,0,0,0,0,1,0,0,0,0x000,0x000
3194,2,0,1,0,0,0,2,6,0,0,0,0,1,0,0,0,0x000,0x000
3195,2,0,1,0,0,0,2,6,0,0,0,0,1,0,0,0,0x000,0x000
3196,2,0,1,0,0,0,2,6,0,0,0,0,0,1,0,0,0x000,0x000
3197,2,0,1,0,0,0,2,7,0,0,0,0,0,0,0,0,0x000,0x000
3198,2,0,1,0,0,0,2,8,0,0,0,0,0,0,1,0,0x000,0x000
3199,2,0,1,0,0,0,2,8,0,0,0,0,0,0,1,0,0x000,0x001
3200,2,0,1,0,0,0,2,8,0,0,0,0,0,0,1,0,0x000,0x002
3201,2,0,1,0,0,0,2,8,0,0,0,0,0,0,1,0,0x000,0x003
3202,2,0,1,0,0,0,2,8,0,0,0,0,0,0,1,0,0x000,0x004
3203,2,0,1,0,0,0,2,8,0,0,0,0,0,0,1,0,0x000,0x005
3204,2,0,1,0,0,0,2,8,0,0,0,0,0,0,1,0,0x000,0x006
3205,2,0,1,0,0,0,2,8,0,0,0,0,0,0,1,0,0x000,0x007
3206,2,0,1,0,0,0,2,8,0,0,0,0,0,0,1,0,0x000,0x008
3207,2,0,1,0,0,0,2,8,0,0,0,0,0,0,1,0,0x000,0x009
3208,2,0,1,0,0,0,2,8,0,0,0,0,0,0,1,0,0x000,0x00a
3209,2,0,1,0,0,0,2,8,0,0,0,0,0,0,1,0,0x000,0x00b
3210,2,0,1,0,0,0,2,8,0,0,0,0,0,0,1,0,0x000,0x00c
3211,2,0,1,0,0,0,2,8,0,0,0,0,0,0,1,0,0x000,0x00d
3212,2,0,1,0,0,0,2,8,0,0,0,0,0,0,1,0,0x000,0x00e
3213,2,0,1,0,0,0,2,8,0,0,0,0,0,0,1,0,0x000,0x00f
3214,2,0,1,0,0,0,2,8,0,0,0,0,0,0,1,0,0x000,0x010
3215,2,0,1,0,0,0,2,8,0,0,0,0,0,0,1,0,0x000,0x011
3216,2,0,1,0,0,0,2,8,0,0,0,0,0,0,1,0,0x000,0x012
3217,2,0,1,0,0,0,2,8,0,0,0,0,0,0,1,0,0x000,0x013
3218,2,0,1,0,0,0,2,8,0,0,0,0,0,0,1,0,0x000,0x014
3219,2,0,1,0,0,0,2,8,0,0,0,0,0,0,1,0,0x000,0x015
3220,2,0,1,0,0,0,2,8,0,0,0,0,0,0,1,0,0x000,0x016
3221,2,0,1,0,0,0,2,8,0,0,0,0,0,0,1,0,0x000,0x017
3222,2,0,1,0,0,0,2,8,0,0,0,0,0,0,1,0,0x000,0x018
3223,2,0,1,0,0,0,2,8,0,0,0,0,0,0,1,0,0x000,0x019
3224,2,0,1,0,0,0,2,8,0,0,0,0,0,0,1,0,0x000,0x01a
3225,2,0,1,0,0,0,2,8,0,0,0,0,0,0,1,0,0x000,0x01b
3226,2,0,1,0,0,0,2,8,0,0,0,0,0,0,1,0,0x000,0x01c
3227,2,0,1,0,0,0,2,8,0,0,0,0,0,0,1,0,0x000,0x01d
3228,2,0,1,0,0,0,2,8,0,0,0,0,0,0,1,0,0x000,0x01e
3229,2,0,1,0,0,0,2,8,0,0,0,0,0,0,1,0,0x000,0x01f
3230,2,0,1,0,0,0,2,8,0,0,0,0,0,0,1,0,0x000,0x020
3231,2,0,1,0,0,0,2,8,0,0,0,0,0,0,1,0,0x000,0x021
3232,2,0,1,0,0,0,2,8,0,0,0,0,0,0,1,0,0x000,0x022
3233,2,0,1,0,0,0,2,8,0,0,0,0,0,0,1,0,0x000,0x023
3234,2,0,1,0,0,0,2,8,0,0,0,0,0,0,1,0,0x000,0x024
3235,2,0,1,0,0,0,2,8,0,0,0,0,0,0,1,0,0x000,0x025
3236,2,0,1,0,0,0,2,8,0,0,0,0,0,0,1,0,0x000,0x026
3237,2,0,1,0,0,0,2,8,0,0,0,0,0,0,1,0,0x000,0x027
3238,2,0,1,0,0,0,2,8,0,0,0,0,0,0,1,0,0x000,0x028
3239,2,0,1,0,0,0,2,8,0,0,0,0,0,0,1,0,0x000,0x029
3240,2,0,1,0,0,0,2,8,0,0,0,0,0,0,1,0,0x000,0x02a
3241,2,0,1,0,0,0,2,8,0,0,0,0,0,0,1,0,0x000,0x02b
3242,2,0,1,0,0,0,2,8,0,0,0,0,0,0,1,0,0x000,0x02c
3243,2,0,1,0,0,0,2,8,0,0,0,0,0,0,1,0,0x000,0x02d
3244,2,0,1,0,0,0,2,8,0,0,0,0,0,0,1,0,0x000,0x02e
3245,2,0,1,0,0,0,2,8,0,0,0,0,0,0,1,0,0x000,0x02f
3246,2,0,1,0,0,0,2,8,0,0,0,0,0,0,1,0,0x000,0x030
3247,2,0,1,0,0,0,2,8,0,0,0,0,0,0,1,0,0x000,0x031
3248,2,0,1,0,0,0,2,8,0,0,0,0,0,0,1,0,0x000,0x032
3249,2,0,1,0,0,0,2,8,0,0,0,0,0,0,1,0,0x000,0x033
3250,2,0,1,0,0,0,2,8,0,0,0,0,0,0,1,0,0x000,0x034
3251,2,0,1,0,0,0,2,8,0,0,0,0,0,0,1,0,0x000,0x035
3252,2,0,1,0,0,0,2,8,0,0,0,0,0,0,1,0,0x000,0x036
3253,2,0,1,0,0,0,2,8,0,0,0,0,0,0,1,0,0x000,0x037
3254,2,0,1,0,0,0,2,8,0,0,0,0,0,0,1,0,0x000,0x038
3255,2,0,1,0,0,0,2,8,0,0,0,0,0,0,1,0,0x000,0x039
3256,2,0,1,0,0,0,2,8,0,0,0,0,0,0,1,0,0x000,0x03a
3257,2,0,1,0,0,0,2,8,0,0,0,0,0,0,1,0,0x000,0x03b
3258,2,0,1,0,0,0,2,8,0,0,0,0,0,0,1,0,0x000,0x03c
3259,2,0,1,0,0,0,2,8,0,0,0,0,0,0,1,0,0x000,0x03d
3260,2,0,1,0,0,0,2,8,0,0,0,0,0,0,1,0,0x000,0x03e
3261,2,0,1,0,0,0,2,8,0,0,0,0,0,0,1,0,0x000,0x03f
3262,2,0,1,0,0,0,2,8,0,0,0,0,0,0,1,0,0x000,0x040
3263,2,0,1,0,0,0,2,8,0,0,0,0,0,0,1,0,0x000,0x041
3264,2,0,1,0,0,0,2,8,0,0,0,0,0,0,1,0,0x000,0x042
3265,2,0,1,0,0,0,2,8,0,0,0,0,0,0,1,0,0x000,0x043
3266,2,0,1,0,0,0,2,8,0,0,0,0,0,0,1,0,0x000,0x044
3267,2,0,1,0,0,0,2,8,0,0,0,0,0,0,1,0,0x000,0x045
3268,2,0,1,0,0,0,2,8,0,0,0,0,0,0,1,0,0x000,0x046
3269,2,0,1,0,0,0,2,8,0,0,0,0,0,0,1,0,0x000,0x047
3270,2,0,1,0,0,0,2,8,0,0,0,0,0,0,1,0,0x000,0x048
3271,2,0,1,0,0,0,2,8,0,0,0,0,0,0,1,0,0x000,0x049
3272,2,0,1,0,0,0,2,8,0,0,0,0,0,0,1,0,0x000,0x04a
3273,2,0,1,0,0,0,2,8,0,0,0,0,0,0,1,0,0x000,0x04b
3274,2,0,1,0,0,0,2,8,0,0,0,0,0,0,1,0,0x000,0x04c
3275,2,0,1,0,0,0,2,8,0,0,0,0,0,0,1,0,0x000,0x04d
3276,2,0,1,0,0,0,2,8,0,0,0,0,0,0,1,0,0x000,0x04e
3277,2,0,1,0,0,0,2,8,0,0,0,0,0,0,1,0,0x000,0x04f
3278,2,0,1,0,0,0,2,8,0,0,0,0,0,0,1,0,0x000,0x050
3279,2,0,1,0,0,0,2,8,0,0,0,0,0,0,1,0,0x000,0x051
3280,2,0,1,0,0,0,2,8,0,0,0,0,0,0,1,0,0x000,0x052
3281,2,0,1,0,0,0,2,8,0,0,0,0,0,0,1,0,0x000,0x053
3282,2,0,1,0,0,0,2,8,0,0,0,0,0,0,1,0,0x000,0x054
3283,2,0,1,0,0,0,2,8,0,0,0,0,0,0,1,0,0x000,0x055
3284,2,0,1,0,0,0,2,8,0,0,0,0,0,0,1,0,0x000,0x056
3285,2,0,1,0,0,0,2,8,0,0,0,0,0,0,1,0,0x000,0x057
3286,2,0,1,0,0,0,2,8,0,0,0,0,0,0,1,0,0x000,0x058
3287,2,0,1,0,0,0,2,8,0,0,0,0,0,0,1,0,0x000,0x059
3288,2,0,1,0,0,0,2,8,0,0,0,0,0,0,1,0,0x000,0x05a
3289,2,0,1,0,0,0,2,8,0,0,0,0,0,0,1,0,0x000,0x05b
3290,2,0,1,0,0,0,2,8,0,0,0,0,0,0,1,0,0x000,0x05c
3291,2,0,1,0,0,0,2,8,0,0,0,0,0,0,1,0,0x000,0x05d
3292,2,0,1,0,0,0,2,8,0,0,0,0,0,0,1,0,0x000,0x05e
3293,2,0,1,0,0,0,2,8,0,0,0,0,0,0,1,0,0x000,0x05f
3294,2,0,1,0,0,0,2,8,0,0,0,0,0,0,1,0,0x000,0x060
3295,2,0,1,0,0,0,2,8,0,0,0,0,0,0,1,0,0x000,0x061
3296,2,0,1,0,0,0,2,8,0,0,0,0,0,0,1,0,0x000,0x062
3297,2,0,1,0,0,0,2,8,0,0,0,0,0,0,1,0,0x000,0x063
3298,2,0,1,0,0,0,2,8,0,0,0,0,0,0,1,0,0x000,0x064
3299,2,0,1,0,0,0,2,8,0,0,0,0,0,0,1,0,0x000,0x065
3300,2,0,1,0,0,0,2,8,0,0,0,0,0,0,1,0,0x000,0x066
3301,2,0,1,0,0,0,2,8,0,0,0,0,0,0,1,0,0x000,0x067
3302,2,0,1,0,0,0,2,8,0,0,0,0,0,0,1,0,0x000,0x068
3303,2,0,1,0,0,0,2,8,0,0,0,0,0,0,1,0,0x000,0x069
3304,2,0,1,0,0,0,2,8,0,0,0,0,0,0,1,0,0x000,0x06a
3305,2,0,1,0,0,0,2,8,0,0,0,0,0,0,1,0,0x000,0x06b
3306,2,0,1,0,0,0,2,8,0,0,0,0,0,0,1,0,0x000,0x06c
3307,2,0,1,0,0,0,2,8,0,0,0,0,0,0,1,0,0x000,0x06d
3308,2,0,1,0,0,0,2,8,0,0,0,0,0,0,1,0,0x000,0x06e
3309,2,0,1,0,0,0,2,8,0,0,0,0,0,0,1,0,0x000,0x06f
3310,2,0,1,0,0,0,2,8,0,0,0,0,0,0,1,0,0x000,0x070
3311,2,0,1,0,0,0,2,8,0,0,0,0,0,0,1,0,0x000,0x071
3312,2,0,1,0,0,0,2,8,0,0,0,0,0,0,1,0,0x000,0x072
3313,2,0,1,0,0,0,2,8,0,0,0,0,0,0,1,0,0x000,0x073
3314,2,0,1,0,0,0,2,8,0,0,0,0,0,0,1,0,0x000,0x074
3315,2,0,1,0,0,0,2,8,0,0,0,0,0,0,1,0,0x000,0x075
3316,2,0,1,0,0,0,2,8,0,0,0,0,0,0,1,0,0x000,0x076
3317,2,0,1,0,0,0,2,8,0,0,0,0,0,0,1,0,0x000,0x077
3318,2,0,1,0,0,0,2,8,0,0,0,0,0,0,1,0,0x000,0x078
3319,2,0,1,0,0,0,2,8,0,0,0,0,0,0,1,0,0x000,0x079
3320,2,0,1,0,0,0,2,8,0,0,0,0,0,0,1,0,0x000,0x07a
3321,2,0,1,0,0,0,2,8,0,0,0,0,0,0,1,0,0x000,0x07b
3322,2,0,1,0,0,0,2,8,0,0,0,0,0,0,1,0,0x000,0x07c
3323,2,0,1,0,0,0,2,8,0,0,0,0,0,0,1,0,0x000,0x07d
3324,2,0,1,0,0,0,2,8,0,0,0,0,0,0,1,0,0x000,0x07e
3325,2,0,1,0,0,0,2,8,0,0,0,0,0,0,1,0,0x000,0x07f
3326,2,0,1,0,0,0,2,8,0,0,0,0,0,0,1,0,0x000,0x080
3327,2,0,1,0,0,0,2,8,0,0,0,0,0,0,1,0,0x000,0x081
3328,2,0,1,0,0,0,2,8,0,0,0,0,0,0,1,0,0x000,0x082
3329,2,0,1,0,0,0,2,8,0,0,0,0,0,0,1,0,0x000,0x083
3330,2,0,1,0,0,0,2,8,0,0,0,0,0,0,1,0,0x000,0x084
3331,2,0,1,0,0,0,2,8,0,0,0,0,0,0,1,0,0x000,0x085
3332,2,0,1,0,0,0,2,8,0,0,0,0,0,0,1,0,0x000,0x086
3333,2,0,1,0,0,0,2,8,0,0,0,0,0,0,1,0,0x000,0x087
3334,2,0,1,0,0,0,2,8,0,0,0,0,0,0,1,0,0x000,0x088
3335,2,0,1,0,0,0,2,8,0,0,0,0,0,0,1,0,0x000,0x089
3336,2,0,1,0,0,0,2,8,0,0,0,0,0,0,1,0,0x000,0x08a
3337,2,0,1,0,0,0,2,8,0,0,0,0,0,0,1,0,0x000,0x08b
3338,2,0,1,0,0,0,2,8,0,0,0,0,0,0,1,0,0x000,0x08c
3339,2,0,1,0,0,0,2,8,0,0,0,0,0,0,1,0,0x000,0x08d
3340,2,0,1,0,0,0,2,8,0,0,0,0,0,0,1,0,0x000,0x08e
3341,2,0,1,0,0,0,2,8,0,0,0,0,0,0,1,0,0x000,0x08f
3342,2,0,1,0,0,0,2,8,0,0,0,0,0,0,1,0,0x000,0x090
3343,2,0,1,0,0,0,2,8,0,0,0,0,0,0,1,0,0x000,0x091
3344,2,0,1,0,0,0,2,8,0,0,0,0,0,0,1,0,0x000,0x092
3345,2,0,1,0,0,0,2,8,0,0,0,0,0,0,1,0,0x000,0x093
3346,2,0,1,0,0,0,2,8,0,0,0,0,0,0,1,0,0x000,0x094
3347,2,0,1,0,0,0,2,8,0,0,0,0,0,0,1,0,0x000,0x095
3348,2,0,1,0,0,0,2,8,0,0,0,0,0,0,1,0,0x000,0x096
3349,2,0,1,0,0,0,2,8,0,0,0,0,0,0,1,0,0x000,0x097
3350,2,0,1,0,0,0,2,8,0,0,0,0,0,0,1,0,0x000,0x098
3351,2,0,1,0,0,0,2,8,0,0,0,0,0,0,1,0,0x000,0x099
3352,2,0,1,0,0,0,2,8,0,0,0,0,0,0,1,0,0x000,0x09a
3353,2,0,1,0,0,0,2,8,0,0,0,0,0,0,1,0,0x000,0x09b
3354,2,0,1,0,0,0,2,8,0,0,0,0,0,0,1,0,0x000,0x09c
3355,2,0,1,0,0,0,2,8,0,0,0,0,0,0,1,0,0x000,0x09d
3356,2,0,1,0,0,0,2,8,0,0,0,0,0,0,1,0,0x000,0x09e
3357,2,0,1,0,0,0,2,8,0,0,0,0,0,0,1,0,0x000,0x09f
3358,2,0,1,0,0,0,2,8,0,0,0,0,0,0,1,0,0x000,0x0a0
3359,2,0,1,0,0,0,2,8,0,0,0,0,0,0,1,0,0x000,0x0a1
3360,2,0,1,0,0,0,2,8,0,0,0,0,0,0,1,0,0x000,0x0a2
3361,2,0,1,0,0,0,2,8,0,0,0,0,0,0,1,0,0x000,0x0a3
3362,2,0,1,0,0,0,2,8,0,0,0,0,0,0,1,0,0x000,0x0a4
3363,2,0,1,0,0,0,2,8,0,0,0,0,0,0,1,0,0x000,0x0a5
3364,2,0,1,0,0,0,2,8,0,0,0,0,0,0,1,0,0x000,0x0a6
3365,2,0,1,0,0,0,2,8,0,0,0,0,0,0,1,0,0x000,0x0a7
3366,2,0,1,0,0,0,2,8,0,0,0,0,0,0,1,0,0x000,0x0a8
3367,2,0,1,0,0,0,2,8,0,0,0,0,0,0,1,0,0x000,0x0a9
3368,2,0,1,0,0,0,2,8,0,0,0,0,0,0,1,0,0x000,0x0aa
3369,2,0,1,0,0,0,2,8,0,0,0,0,0,0,1,0,0x000,0x0ab
3370,2,0,1,0,0,0,2,8,0,0,0,0,0,0,1,0,0x000,0x0ac
3371,2,0,1,0,0,0,2,8,0,0,0,0,0,0,1,0,0x000,0x0ad
3372,2,0,1,0,0,0,2,8,0,0,0,0,0,0,1,0,0x000,0x0ae
3373,2,0,1,0,0,0,2,8,0,0,0,0,0,0,1,0,0x000,0x0af
3374,2,0,1,0,0,0,2,8,0,0,0,0,0,0,1,0,0x000,0x0b0
3375,2,0,1,0,0,0,2,8,0,0,0,0,0,0,1,0,0x000,0x0b1
3376,2,0,1,0,0,0,2,8,0,0,0,0,0,0,1,0,0x000,0x0b2
3377,2,0,1,0,0,0,2,8,0,0,0,0,0,0,1,0,0x000,0x0b3
3378,2,0,1,0,0,0,2,8,0,0,0,0,0,0,1,0,0x000,0x0b4
3379,2,0,1,0,0,0,2,8,0,0,0,0,0,0,1,0,0x000,0x0b5
3380,2,0,1,0,0,0,2,8,0,0,0,0,0,0,1,0,0x000,0x0b6
3381,2,0,1,0,0,0,2,8,0,0,0,0,0,0,1,0,0x000,0x0b7
3382,2,0,1,0,0,0,2,8,0,0,0,0,0,0,1,0,0x000,0x0b8
3383,2,0,1,0,0,0,2,8,0,0,0,0,0,0,1,0,0x000,0x0b9
3384,2,0,1,0,0,0,2,8,0,0,0,0,0,0,1,0,0x000,0x0ba
3385,2,0,1,0,0,0,2,8,0,0,0,0,0,0,1,0,0x000,0x0bb
3386,2,0,1,0,0,0,2,8,0,0,0,0,0,0,1,0,0x000,0x0bc
3387,2,0,1,0,0,0,2,8,0,0,0,0,0,0,1,0,0x000,0x0bd
3388,2,0,1,0,0,0,2,8,0,0,0,0,0,0,1,0,0x000,0x0be
3389,2,0,1,0,0,0,2,8,0,0,0,0,0,0,1,0,0x000,0x0bf
3390,2,0,1,0,0,0,2,8,0,0,0,0,0,0,1,0,0x000,0x0c0
3391,2,0,1,0,0,0,2,8,0,0,0,0,0,0,1,0,0x000,0x0c1
3392,2,0,1,0,0,0,2,8,0,0,0,0,0,0,1,0,0x000,0x0c2
3393,2,0,1,0,0,0,2,8,0,0,0,0,0,0,1,0,0x000,0x0c3
3394,2,0,1,0,0,0,2,8,0,0,0,0,0,0,1,0,0x000,0x0c4
3395,2,0,1,0,0,0,2,8,0,0,0,0,0,0,1,0,0x000,0x0c5
3396,2,0,1,0,0,0,2,8,0,0,0,0,0,0,1,0,0x000,0x0c6
3397,2,0,1,0,0,0,2,8,0,0,0,0,0,0,1,0,0x000,0x0c7
3398,2,0,1,0,0,0,2,8,0,0,0,0,0,0,1,0,0x000,0x0c8
3399,2,0,1,0,0,0,2,8,0,0,0,0,0,0,1,0,0x000,0x0c9
3400,2,0,1,0,0,0,2,8,0,0,0,0,0,0,1,0,0x000,0x0ca
3401,2,0,1,0,0,0,2,8,0,0,0,0,0,0,1,0,0x000,0x0cb
3402,2,0,1,0,0,0,2,8,0,0,0,0,0,0,1,0,0x000,0x0cc
3403,2,0,1,0,0,0,2,8,0,0,0,0,0,0,1,0,0x000,0x0cd
3404,2,0,1,0,0,0,2,8,0,0,0,0,0,0,1,0,0x000,0x0ce
3405,2,0,1,0,0,0,2,8,0,0,0,0,0,0,1,0,0x000,0x0cf
3406,2,0,1,0,0,0,2,8,0,0,0,0,0,0,1,0,0x000,0x0d0
3407,2,0,1,0,0,0,2,8,0,0,0,0,0,0,1,0,0x000,0x0d1
3408,2,0,1,0,0,0,2,8,0,0,0,0,0,0,1,0,0x000,0x0d2
3409,2,0,1,0,0,0,2,8,0,0,0,0,0,0,1,0,0x000,0x0d3
3410,2,0,1,0,0,0,2,8,0,0,0,0,0,0,1,0,0x000,0x0d4
3411,2,0,1,0,0,0,2,8,0,0,0,0,0,0,1,0,0x000,0x0d5
3412,2,0,1,0,0,0,2,8,0,0,0,0,0,0,1,0,0x000,0x0d6
3413,2,0,1,0,0,0,2,8,0,0,0,0,0,0,1,0,0x000,0x0d7
3414,2,0,1,0,0,0,2,8,0,0,0,0,0,0,1,0,0x000,0x0d8
3415,2,0,1,0,0,0,2,8,0,0,0,0,0,0,1,0,0x000,0x0d9
3416,2,0,1,0,0,0,2,8,0,0,0,0,0,0,1,0,0x000,0x0da
3417,2,0,1,0,0,0,2,8,0,0,0,0,0,0,1,0,0x000,0x0db
3418,2,0,1,0,0,0,2,8,0,0,0,0,0,0,1,0,0x000,0x0dc
3419,2,0,1,0,0,0,2,8,0,0,0,0,0,0,1,0,0x000,0x0dd
3420,2,0,1,0,0,0,2,8,0,0,0,0,0,0,1,0,0x000,0x0de
3421,2,0,1,0,0,0,2,8,0,0,0,0,0,0,1,0,0x000,0x0df
3422,2,0,1,0,0,0,2,8,0,0,0,0,0,0,1,0,0x000,0x0e0
3423,2,0,1,0,0,0,2,8,0,0,0,0,0,0,1,0,0x000,0x0e1
3424,2,0,1,0,0,0,2,8,0,0,0,0,0,0,1,0,0x000,0x0e2
3425,2,0,1,0,0,0,2,8,0,0,0,0,0,0,1,0,0x000,0x0e3
3426,2,0,1,0,0,0,2,8,0,0,0,0,0,0,1,0,0x000,0x0e4
3427,2,0,1,0,0,0,2,8,0,0,0,0,0,0,1,0,0x000,0x0e5
3428,2,0,1,0,0,0,2,8,0,0,0,0,0,0,1,0,0x000,0x0e6
3429,2,0,1,0,0,0,2,8,0,0,0,0,0,0,1,0,0x000,0x0e7
3430,2,0,1,0,0,0,2,8,0,0,0,0,0,0,1,0,0x000,0x0e8
3431,2,0,1,0,0,0,2,8,0,0,0,0,0,0,1,0,0x000,0x0e9
3432,2,0,1,0,0,0,2,8,0,0,0,0,0,0,1,0,0x000,0x0ea
3433,2,0,1,0,0,0,2,8,0,0,0,0,0,0,1,0,0x000,0x0eb
3434,2,0,1,0,0,0,2,8,0,0,0,0,0,0,1,0,0x000,0x0ec
3435,2,0,1,0,0,0,2,8,0,0,0,0,0,0,1,0,0x000,0x0ed
3436,2,0,1,0,0,0,2,8,0,0,0,0,0,0,1,0,0x000,0x0ee
3437,2,0,1,0,0,0,2,8,0,0,0,0,0,0,1,0,0x000,0x0ef
3438,2,0,1,0,0,0,2,8,0,0,0,0,0,0,1,0,0x000,0x0f0
3439,2,0,1,0,0,0,2,8,0,0,0,0,0,0,1,0,0x000,0x0f1
3440,2,0,1,0,0,0,2,8,0,0,0,0,0,0,1,0,0x000,0x0f2
3441,2,0,1,0,0,0,2,8,0,0,0,0,0,0,1,0,0x000,0x0f3
3442,2,0,1,0,0,0,2,8,0,0,0,0,0,0,1,0,0x000,0x0f4
3443,2,0,1,0,0,0,2,8,0,0,0,0,0,0,1,0,0x000,0x0f5
3444,2,0,1,0,0,0,2,8,0,0,0,0,0,0,1,0,0x000,0x0f6
3445,2,0,1,0,0,0,2,8,0,0,0,0,0,0,1,0,0x000,0x0f7
3446,2,0,1,0,0,0,2,8,0,0,0,0,0,0,1,0,0x000,0x0f8
3447,2,0,1,0,0,0,2,8,0,0,0,0,0,0,1,0,0x000,0x0f9
3448,2,0,1,0,0,0,2,8,0,0,0,0,0,0,1,0,0x000,0x0fa
3449,2,0,1,0,0,0,2,8,0,0,0,0,0,0,1,0,0x000,0x0fb
3450,2,0,1,0,0,0,2,8,0,0,0,0,0,0,1,0,0x000,0x0fc
3451,2,0,1,0,0,0,2,8,0,0,0,0,0,0,1,0,0x000,0x0fd
3452,2,0,1,0,0,0,2,8,0,0,0,0,0,0,1,0,0x000,0x0fe
3453,2,0,1,0,0,0,2,8,0,0,0,0,0,0,1,0,0x000,0x0ff
3454,2,0,1,0,0,0,2,8,0,0,0,0,0,0,1,0,0x000,0x100
3455,2,0,1,0,0,0,2,8,0,0,0,0,0,0,1,0,0x000,0x101
3456,2,0,1,0,0,0,2,8,0,0,0,0,0,0,1,0,0x000,0x102
3457,2,0,1,0,0,0,2,8,0,0,0,0,0,0,1,0,0x000,0x103
3458,2,0,1,0,0,0,2,8,0,0,0,0,0,0,1,0,0x000,0x104
3459,2,0,1,0,0,0,2,8,0,0,0,0,0,0,1,0,0x000,0x105
3460,2,0,1,0,0,0,2,8,0,0,0,0,0,0,1,0,0x000,0x106
3461,2,0,1,0,0,0,2,8,0,0,0,0,0,0,1,0,0x000,0x107
3462,2,0,1,0,0,0,2,8,0,0,0,0,0,0,1,0,0x000,0x108
3463,2,0,1,0,0,0,2,8,0,0,0,0,0,0,1,0,0x000,0x109
3464,2,0,1,0,0,0,2,8,0,0,0,0,0,0,1,0,0x000,0x10a
3465,2,0,1,0,0,0,2,8,0,0,0,0,0,0,1,0,0x000,0x10b
3466,2,0,1,0,0,0,2,8,0,0,0,0,0,0,1,0,0x000,0x10c
3467,2,0,1,0,0,0,2,8,0,0,0,0,0,0,1,0,0x000,0x10d
3468,2,0,1,0,0,0,2,8,0,0,0,0,0,0,1,0,0x000,0x10e
3469,2,0,1,0,0,0,2,8,0,0,0,0,0,0,1,0,0x000,0x10f
3470,2,0,1,0,0,0,2,8,0,0,0,0,0,0,1,0,0x000,0x110
3471,2,0,1,0,0,0,2,8,0,0,0,0,0,0,1,0,0x000,0x111
3472,2,0,1,0,0,0,2,8,0,0,0,0,0,0,1,0,0x000,0x112
3473,2,0,1,0,0,0,2,8,0,0,0,0,0,0,1,0,0x000,0x113
3474,2,0,1,0,0,0,2,8,0,0,0,0,0,0,1,0,0x000,0x114
3475,2,0,1,0,0,0,2,8,0,0,0,0,0,0,1,0,0x000,0x115
3476,2,0,1,0,0,0,2,8,0,0,0,0,0,0,1,0,0x000,0x116
3477,2,0,1,0,0,0,2,8,0,0,0,0,0,0,1,0,0x000,0x117
3478,2,0,1,0,0,0,2,8,0,0,0,0,0,0,1,0,0x000,0x118
3479,2,0,1,0,0,0,2,8,0,0,0,0,0,0,1,0,0x000,0x119
3480,2,0,1,0,0,0,2,8,0,0,0,0,0,0,1,0,0x000,0x11a
3481,2,0,1,0,0,0,2,8,0,0,0,0,0,0,1,0,0x000,0x11b
3482,2,0,1,0,0,0,2,8,0,0,0,0,0,0,1,0,0x000,0x11c
3483,2,0,1,0,0,0,2,8,0,0,0,0,0,0,1,0,0x000,0x11d
3484,2,0,1,0,0,0,2,8,0,0,0,0,0,0,1,0,0x000,0x11e
3485,2,0,1,0,0,0,2,8,0,0,0,0,0,0,1,0,0x000,0x11f
3486,2,0,1,0,0,0,2,8,0,0,0,0,0,0,1,0,0x000,0x120
3487,2,0,1,0,0,0,2,8,0,0,0,0,0,0,1,0,0x000,0x121
3488,2,0,1,0,0,0,2,8,0,0,0,0,0,0,1,0,0x000,0x122
3489,2,0,1,0,0,0,2,8,0,0,0,0,0,0,1,0,0x000,0x123
3490,2,0,1,0,0,0,2,8,0,0,0,0,0,0,1,0,0x000,0x124
3491,2,0,1,0,0,0,2,8,0,0,0,0,0,0,1,0,0x000,0x125
3492,2,0,1,0,0,0,2,8,0,0,0,0,0,0,1,0,0x000,0x126
3493,2,0,1,0,0,0,2,8,0,0,0,0,0,0,1,0,0x000,0x127
3494,2,0,1,0,0,0,2,8,0,0,0,0,0,0,1,0,0x000,0x128
3495,2,0,1,0,0,0,2,8,0,0,0,0,0,0,1,0,0x000,0x129
3496,2,0,1,0,0,0,2,8,0,0,0,0,0,0,1,0,0x000,0x12a
3497,2,0,1,0,0,0,2,8,0,0,0,0,0,0,1,0,0x000,0x12b
3498,2,0,1,0,0,0,2,8,0,0,0,0,0,0,1,0,0x000,0x12c
3499,2,0,1,0,0,0,2,8,0,0,0,0,0,0,1,0,0x000,0x12d
3500,2,0,1,0,0,0,2,8,0,0,0,0,0,0,1,0,0x000,0x12e
3501,2,0,1,0,0,0,2,8,0,0,0,0,0,0,1,0,0x000,0x12f
3502,2,0,1,0,0,0,2,8,0,0,0,0,0,0,1,0,0x000,0x130
3503,2,0,1,0,0,0,2,8,0,0,0,0,0,0,1,0,0x000,0x131
3504,2,0,1,0,0,0,2,8,0,0,0,0,0,0,1,0,0x000,0x132
3505,2,0,1,0,0,0,2,8,0,0,0,0,0,0,1,0,0x000,0x133
3506,2,0,1,0,0,0,2,8,0,0,0,0,0,0,1,0,0x000,0x134
3507,2,0,1,0,0,0,2,8,0,0,0,0,0,0,1,0,0x000,0x135
3508,2,0,1,0,0,0,2,8,0,0,0,0,0,0,1,0,0x000,0x136
3509,2,0,1,0,0,0,2,8,0,0,0,0,0,0,1,0,0x000,0x137
3510,2,0,1,0,0,0,2,8,0,0,0,0,0,0,1,0,0x000,0x138
3511,2,0,1,0,0,0,2,8,0,0,0,0,0,0,1,0,0x000,0x139
3512,2,0,1,0,0,0,2,8,0,0,0,0,0,0,1,0,0x000,0x13a
3513,2,0,1,0,0,0,2,8,0,0,0,0,0,0,1,0,0x000,0x13b
3514,2,0,1,0,0,0,2,8,0,0,0,0,0,0,1,0,0x000,0x13c
3515,2,0,1,0,0,0,2,8,0,0,0,0,0,0,1,0,0x000,0x13d
3516,2,0,1,0,0,0,2,8,0,0,0,0,0,0,1,0,0x000,0x13e
3517,2,0,1,0,0,0,2,8,0,0,0,0,0,0,1,0,0x000,0x13f
3518,2,0,1,0,0,0,2,8,0,0,0,0,0,0,1,0,0x000,0x140
3519,2,0,1,0,0,0,2,8,0,0,0,0,0,0,1,0,0x000,0x141
3520,2,0,1,0,0,0,2,8,0,0,0,0,0,0,1,0,0x000,0x142
3521,2,0,1,0,0,0,2,8,0,0,0,0,0,0,1,0,0x000,0x143
3522,2,0,1,0,0,0,2,8,0,0,0,0,0,0,1,0,0x000,0x144
3523,2,0,1,0,0,0,2,8,0,0,0,0,0,0,1,0,0x000,0x145
3524,2,0,1,0,0,0,2,8,0,0,0,0,0,0,1,0,0x000,0x146
3525,2,0,1,0,0,0,2,8,0,0,0,0,0,0,1,0,0x000,0x147
3526,2,0,1,0,0,0,2,8,0,0,0,0,0,0,1,0,0x000,0x148
3527,2,0,1,0,0,0,2,8,0,0,0,0,0,0,1,0,0x000,0x149
3528,2,0,1,0,0,0,2,8,0,0,0,0,0,0,1,0,0x000,0x14a
3529,2,0,1,0,0,0,2,8,0,0,0,0,0,0,1,0,0x000,0x14b
3530,2,0,1,0,0,0,2,8,0,0,0,0,0,0,1,0,0x000,0x14c
3531,2,0,1,0,0,0,2,8,0,0,0,0,0,0,1,0,0x000,0x14d
3532,2,0,1,0,0,0,2,8,0,0,0,0,0,0,1,0,0x000,0x14e
3533,2,0,1,0,0,0,2,8,0,0,0,0,0,0,1,0,0x000,0x14f
3534,2,0,1,0,0,0,2,8,0,0,0,0,0,0,1,0,0x000,0x150
3535,2,0,1,0,0,0,2,8,0,0,0,0,0,0,1,0,0x000,0x151
3536,2,0,1,0,0,0,2,8,0,0,0,0,0,0,1,0,0x000,0x152
3537,2,0,1,0,0,0,2,8,0,0,0,0,0,0,1,0,0x000,0x153
3538,2,0,1,0,0,0,2,8,0,0,0,0,0,0,1,0,0x000,0x154
3539,2,0,1,0,0,0,2,8,0,0,0,0,0,0,1,0,0x000,0x155
3540,2,0,1,0,0,0,2,8,0,0,0,0,0,0,1,0,0x000,0x156
3541,2,0,1,0,0,0,2,8,0,0,0,0,0,0,1,0,0x000,0x157
3542,2,0,1,0,0,0,2,8,0,0,0,0,0,0,1,0,0x000,0x158
3543,2,0,1,0,0,0,2,8,0,0,0,0,0,0,1,0,0x000,0x159
3544,2,0,1,0,0,0,2,8,0,0,0,0,0,0,1,0,0x000,0x15a
3545,2,0,1,0,0,0,2,8,0,0,0,0,0,0,1,0,0x000,0x15b
3546,2,0,1,0,0,0,2,8,0,0,0,0,0,0,1,0,0x000,0x15c
3547,2,0,1,0,0,0,2,8,0,0,0,0,0,0,1,0,0x000,0x15d
3548,2,0,1,0,0,0,2,8,0,0,0,0,0,0,1,0,0x000,0x15e
3549,2,0,1,0,0,0,2,8,0,0,0,0,0,0,1,0,0x000,0x15f
3550,2,0,1,0,0,0,2,8,0,0,0,0,0,0,1,0,0x000,0x160
3551,2,0,1,0,0,0,2,8,0,0,0,0,0,0,1,0,0x000,0x161
3552,2,0,1,0,0,0,2,8,0,0,0,0,0,0,1,0,0x000,0x162
3553,2,0,1,0,0,0,2,8,0,0,0,0,0,0,1,0,0x000,0x163
3554,2,0,1,0,0,0,2,8,0,0,0,0,0,0,1,0,0x000,0x164
3555,2,0,1,0,0,0,2,8,0,0,0,0,0,0,1,0,0x000,0x165
3556,2,0,1,0,0,0,2,8,0,0,0,0,0,0,1,0,0x000,0x166
3557,2,0,1,0,0,0,2,8,0,0,0,0,0,0,1,0,0x000,0x167
3558,2,0,1,0,0,0,2,8,0,0,0,0,0,0,1,0,0x000,0x168
3559,2,0,1,0,0,0,2,8,0,0,0,0,0,0,1,0,0x000,0x169
3560,2,0,1,0,0,0,2,8,0,0,0,0,0,0,1,0,0x000,0x16a
3561,2,0,1,0,0,0,2,8,0,0,0,0,0,0,1,0,0x000,0x16b
3562,2,0,1,0,0,0,2,8,0,0,0,0,0,0,1,0,0x000,0x16c
3563,2,0,1,0,0,0,2,8,0,0,0,0,0,0,1,0,0x000,0x16d
3564,2,0,1,0,0,0,2,8,0,0,0,0,0,0,1,0,0x000,0x16e
3565,2,0,1,0,0,0,2,8,0,0,0,0,0,0,1,0,0x000,0x16f
3566,2,0,1,0,0,0,2,8,0,0,0,0,0,0,1,0,0x000,0x170
3567,2,0,1,0,0,0,2,8,0,0,0,0,0,0,1,0,0x000,0x171
3568,2,0,1,0,0,0,2,8,0,0,0,0,0,0,1,0,0x000,0x172
3569,2,0,1,0,0,0,2,8,0,0,0,0,0,0,1,0,0x000,0x173
3570,2,0,1,0,0,0,2,8,0,0,0,0,0,0,1,0,0x000,0x174
3571,2,0,1,0,0,0,2,8,0,0,0,0,0,0,1,0,0x000,0x175
3572,2,0,1,0,0,0,2,8,0,0,0,0,0,0,1,0,0x000,0x176
3573,2,0,1,0,0,0,2,8,0,0,0,0,0,0,1,0,0x000,0x177
3574,2,0,1,0,0,0,2,8,0,0,0,0,0,0,1,0,0x000,0x178
3575,2,0,1,0,0,0,2,8,0,0,0,0,0,0,1,0,0x000,0x179
3576,2,0,1,0,0,0,2,8,0,0,0,0,0,0,1,0,0x000,0x17a
3577,2,0,1,0,0,0,2,8,0,0,0,0,0,0,1,0,0x000,0x17b
3578,2,0,1,0,0,0,2,8,0,0,0,0,0,0,1,0,0x000,0x17c
3579,2,0,1,0,0,0,2,8,0,0,0,0,0,0,1,0,0x000,0x17d
3580,2,0,1,0,0,0,2,8,0,0,0,0,0,0,1,0,0x000,0x17e
3581,2,0,1,0,0,0,2,8,0,0,0,0,0,0,1,0,0x000,0x17f
3582,2,0,1,0,0,0,2,8,0,0,0,0,0,0,1,0,0x000,0x180
3583,2,0,1,0,0,0,2,8,0,0,0,0,0,0,1,0,0x000,0x181
3584,2,0,1,0,0,0,2,8,0,0,0,0,0,0,1,0,0x000,0x182
3585,2,0,1,0,0,0,2,8,0,0,0,0,0,0,1,0,0x000,0x183
3586,2,0,1,0,0,0,2,8,0,0,0,0,0,0,1,0,0x000,0x184
3587,2,0,1,0,0,0,2,8,0,0,0,0,0,0,1,0,0x000,0x185
3588,2,0,1,0,0,0,2,8,0,0,0,0,0,0,1,0,0x000,0x186
3589,2,0,1,0,0,0,2,8,0,0,0,0,0,0,1,0,0x000,0x187
3590,2,0,1,0,0,0,2,8,0,0,0,0,0,0,1,0,0x000,0x188
3591,2,0,1,0,0,0,2,8,0,0,0,0,0,0,1,0,0x000,0x189
3592,2,0,1,0,0,0,2,8,0,0,0,0,0,0,1,0,0x000,0x18a
3593,2,0,1,0,0,0,2,8,0,0,0,0,0,0,1,0,0x000,0x18b
3594,2,0,1,0,0,0,2,8,0,0,0,0,0,0,1,0,0x000,0x18c
3595,2,0,1,0,0,0,2,8,0,0,0,0,0,0,1,0,0x000,0x18d
3596,2,0,1,0,0,0,2,8,0,0,0,0,0,0,1,0,0x000,0x18e
3597,2,0,1,0,0,0,2,8,0,0,0,0,0,0,1,0,0x000,0x18f
3598,2,0,1,0,0,0,2,8,0,0,0,0,0,0,1,0,0x000,0x190
3599,2,0,1,0,0,0,2,8,0,0,0,0,0,0,1,0,0x000,0x191
3600,2,0,1,0,0,0,2,8,0,0,0,0,0,0,1,0,0x000,0x192
3601,2,0,1,0,0,0,2,8,0,0,0,0,0,0,1,0,0x000,0x193
3602,2,0,1,0,0,0,2,8,0,0,0,0,0,0,1,0,0x000,0x194
3603,2,0,1,0,0,0,2,8,0,0,0,0,0,0,1,0,0x000,0x195
3604,2,0,1,0,0,0,2,8,0,0,0,0,0,0,1,0,0x000,0x196
3605,2,0,1,0,0,0,2,8,0,0,0,0,0,0,1,0,0x000,0x197
3606,2,0,1,0,0,0,2,8,0,0,0,0,0,0,1,0,0x000,0x198
3607,2,0,1,0,0,0,2,8,0,0,0,0,0,0,1,0,0x000,0x199
3608,2,0,1,0,0,0,2,8,0,0,0,0,0,0,1,0,0x000,0x19a
3609,2,0,1,0,0,0,2,8,0,0,0,0,0,0,1,0,0x000,0x19b
3610,2,0,1,0,0,0,2,8,0,0,0,0,0,0,1,0,0x000,0x19c
3611,2,0,1,0,0,0,2,8,0,0,0,0,0,0,1,0,0x000,0x19d
3612,2,0,1,0,0,0,2,8,0,0,0,0,0,0,1,0,0x000,0x19e
3613,2,0,1,0,0,0,2,8,0,0,0,0,0,0,1,0,0x000,0x19f
3614,2,0,1,0,0,0,2,8,0,0,0,0,0,0,1,0,0x000,0x1a0
3615,2,0,1,0,0,0,2,8,0,0,0,0,0,0,1,0,0x000,0x1a1
3616,2,0,1,0,0,0,2,8,0,0,0,0,0,0,1,0,0x000,0x1a2
3617,2,0,1,0,0,0,2,8,0,0,0,0,0,0,1,0,0x000,0x1a3
3618,2,0,1,0,0,0,2,8,0,0,0,0,0,0,1,0,0x000,0x1a4
3619,2,0,1,0,0,0,2,8,0,0,0,0,0,0,1,0,0x000,0x1a5
3620,2,0,1,0,0,0,2,8,0,0,0,0,0,0,1,0,0x000,0x1a6
3621,2,0,1,0,0,0,2,8,0,0,0,0,0,0,1,0,0x000,0x1a7
3622,2,0,1,0,0,0,2,8,0,0,0,0,0,0,1,0,0x000,0x1a8
3623,2,0,1,0,0,0,2,8,0,0,0,0,0,0,1,0,0x000,0x1a9
3624,2,0,1,0,0,0,2,8,0,0,0,0,0,0,1,0,0x000,0x1aa
3625,2,0,1,0,0,0,2,8,0,0,0,0,0,0,1,0,0x000,0x1ab
3626,2,0,1,0,0,0,2,8,0,0,0,0,0,0,1,0,0x000,0x1ac
3627,2,0,1,0,0,0,2,8,0,0,0,0,0,0,1,0,0x000,0x1ad
3628,2,0,1,0,0,0,2,8,0,0,0,0,0,0,1,0,0x000,0x1ae
3629,2,0,1,0,0,0,2,8,0,0,0,0,0,0,1,0,0x000,0x1af
3630,2,0,1,0,0,0,2,8,0,0,0,0,0,0,1,0,0x000,0x1b0
3631,2,0,1,0,0,0,2,8,0,0,0,0,0,0,1,0,0x000,0x1b1
3632,2,0,1,0,0,0,2,8,0,0,0,0,0,0,1,0,0x000,0x1b2
3633,2,0,1,0,0,0,2,8,0,0,0,0,0,0,1,0,0x000,0x1b3
3634,2,0,1,0,0,0,2,8,0,0,0,0,0,0,1,0,0x000,0x1b4
3635,2,0,1,0,0,0,2,8,0,0,0,0,0,0,1,0,0x000,0x1b5
3636,2,0,1,0,0,0,2,8,0,0,0,0,0,0,1,0,0x000,0x1b6
3637,2,0,1,0,0,0,2,8,0,0,0,0,0,0,1,0,0x000,0x1b7
3638,2,0,1,0,0,0,2,8,0,0,0,0,0,0,1,0,0x000,0x1b8
3639,2,0,1,0,0,0,2,8,0,0,0,0,0,0,1,0,0x000,0x1b9
3640,2,0,1,0,0,0,2,8,0,0,0,0,0,0,1,0,0x000,0x1ba
3641,2,0,1,0,0,0,2,8,0,0,0,0,0,0,1,0,0x000,0x1bb
3642,2,0,1,0,0,0,2,8,0,0,0,0,0,0,1,0,0x000,0x1bc
3643,2,0,1,0,0,0,2,8,0,0,0,0,0,0,1,0,0x000,0x1bd
3644,2,0,1,0,0,0,2,8,0,0,0,0,0,0,1,0,0x000,0x1be
3645,2,0,1,0,0,0,2,8,0,0,0,0,0,0,1,0,0x000,0x1bf
3646,2,0,1,0,0,0,2,8,0,0,0,0,0,0,1,0,0x000,0x1c0
3647,2,0,1,0,0,0,2,8,0,0,0,0,0,0,1,0,0x000,0x1c1
3648,2,0,1,0,0,0,2,8,0,0,0,0,0,0,1,0,0x000,0x1c2
3649,2,0,1,0,0,0,2,8,0,0,0,0,0,0,1,0,0x000,0x1c3
3650,2,0,1,0,0,0,2,8,0,0,0,0,0,0,1,0,0x000,0x1c4
3651,2,0,1,0,0,0,2,8,0,0,0,0,0,0,1,0,0x000,0x1c5
3652,2,0,1,0,0,0,2,8,0,0,0,0,0,0,1,0,0x000,0x1c6
3653,2,0,1,0,0,0,2,8,0,0,0,0,0,0,1,0,0x000,0x1c7
3654,2,0,1,0,0,0,2,8,0,0,0,0,0,0,1,0,0x000,0x1c8
3655,2,0,1,0,0,0,2,8,0,0,0,0,0,0,1,0,0x000,0x1c9
3656,2,0,1,0,0,0,2,8,0,0,0,0,0,0,1,0,0x000,0x1ca
3657,2,0,1,0,0,0,2,8,0,0,0,0,0,0,1,0,0x000,0x1cb
3658,2,0,1,0,0,0,2,8,0,0,0,0,0,0,1,0,0x000,0x1cc
3659,2,0,1,0,0,0,2,8,0,0,0,0,0,0,1,0,0x000,0x1cd
3660,2,0,1,0,0,0,2,8,0,0,0,0,0,0,1,0,0x000,0x1ce
3661,2,0,1,0,0,0,2,8,0,0,0,0,0,0,1,0,0x000,0x1cf
3662,2,0,1,0,0,0,2,8,0,0,0,0,0,0,1,0,0x000,0x1d0
3663,2,0,1,0,0,0,2,8,0,0,0,0,0,0,1,0,0x000,0x1d1
3664,2,0,1,0,0,0,2,8,0,0,0,0,0,0,1,0,0x000,0x1d2
3665,2,0,1,0,0,0,2,8,0,0,0,0,0,0,1,0,0x000,0x1d3
3666,2,0,1,0,0,0,2,8,0,0,0,0,0,0,1,0,0x000,0x1d4
3667,2,0,1,0,0,0,2,8,0,0,0,0,0,0,1,0,0x000,0x1d5
3668,2,0,1,0,0,0,2,8,0,0,0,0,0,0,1,0,0x000,0x1d6
3669,2,0,1,0,0,0,2,8,0,0,0,0,0,0,1,0,0x000,0x1d7
3670,2,0,1,0,0,0,2,8,0,0,0,0,0,0,1,0,0x000,0x1d8
3671,2,0,1,0,0,0,2,8,0,0,0,0,0,0,1,0,0x000,0x1d9
3672,2,0,1,0,0,0,2,8,0,0,0,0,0,0,1,0,0x000,0x1da
3673,2,0,1,0,0,0,2,8,0,0,0,0,0,0,1,0,0x000,0x1db
3674,2,0,1,0,0,0,2,8,0,0,0,0,0,0,1,0,0x000,0x1dc
3675,2,0,1,0,0,0,2,8,0,0,0,0,0,0,1,0,0x000,0x1dd
3676,2,0,1,0,0,0,2,8,0,0,0,0,0,0,1,0,0x000,0x1de
3677,2,0,1,0,0,0,2,8,0,0,0,0,0,0,1,0,0x000,0x1df
3678,2,0,1,0,0,0,2,8,0,0,0,0,0,0,1,0,0x000,0x1e0
3679,2,0,1,0,0,0,2,8,0,0,0,0,0,0,1,0,0x000,0x1e1
3680,2,0,1,0,0,0,2,8,0,0,0,0,0,0,1,0,0x000,0x1e2
3681,2,0,1,0,0,0,2,8,0,0,0,0,0,0,1,0,0x000,0x1e3
3682,2,0,1,0,0,0,2,8,0,0,0,0,0,0,1,0,0x000,0x1e4
3683,2,0,1,0,0,0,2,8,0,0,0,0,0,0,1,0,0x000,0x1e5
3684,2,0,1,0,0,0,2,8,0,0,0,0,0,0,1,0,0x000,0x1e6
3685,2,0,1,0,0,0,2,8,0,0,0,0,0,0,1,0,0x000,0x1e7
3686,2,0,1,0,0,0,2,8,0,0,0,0,0,0,1,0,0x000,0x1e8
3687,2,0,1,0,0,0,2,8,0,0,0,0,0,0,1,0,0x000,0x1e9
3688,2,0,1,0,0,0,2,8,0,0,0,0,0,0,1,0,0x000,0x1ea
3689,2,0,1,0,0,0,2,8,0,0,0,0,0,0,1,0,0x000,0x1eb
3690,2,0,1,0,0,0,2,8,0,0,0,0,0,0,1,0,0x000,0x1ec
3691,2,0,1,0,0,0,2,8,0,0,0,0,0,0,1,0,0x000,0x1ed
3692,2,0,1,0,0,0,2,8,0,0,0,0,0,0,1,0,0x000,0x1ee
3693,2,0,1,0,0,0,2,8,0,0,0,0,0,0,1,0,0x000,0x1ef
3694,2,0,1,0,0,0,2,8,0,0,0,0,0,0,1,0,0x000,0x1f0
3695,2,0,1,0,0,0,2,8,0,0,0,0,0,0,1,0,0x000,0x1f1
3696,2,0,1,0,0,0,2,8,0,0,0,0,0,0,1,0,0x000,0x1f2
3697,2,0,1,0,0,0,2,8,0,0,0,0,0,0,1,0,0x000,0x1f3
3698,2,0,1,0,0,0,2,8,0,0,0,0,0,0,1,0,0x000,0x1f4
3699,2,0,1,0,0,0,2,8,0,0,0,0,0,0,1,0,0x000,0x1f5
3700,2,0,1,0,0,0,2,8,0,0,0,0,0,0,1,0,0x000,0x1f6
3701,2,0,1,0,0,0,2,8,0,0,0,0,0,0,1,0,0x000,0x1f7
3702,2,0,1,0,0,0,2,8,0,0,0,0,0,0,1,0,0x000,0x1f8
3703,2,0,1,0,0,0,2,8,0,0,0,0,0,0,1,0,0x000,0x1f9
3704,2,0,1,0,0,0,2,8,0,0,0,0,0,0,1,0,0x000,0x1fa
3705,2,0,1,0,0,0,2,8,0,0,0,0,0,0,1,0,0x000,0x1fb
3706,2,0,1,0,0,0,2,8,0,0,0,0,0,0,1,0,0x000,0x1fc
3707,2,0,1,0,0,0,2,8,0,0,0,0,0,0,1,0,0x000,0x1fd
3708,2,0,1,0,0,0,2,8,0,0,0,0,0,0,1,0,0x000,0x1fe
3709,2,0,1,0,0,0,2,8,0,0,0,0,0,0,1,0,0x000,0x1ff
3710,2,0,1,0,0,0,2,8,0,0,0,0,0,0,1,0,0x000,0x200
3711,2,0,1,0,0,0,2,8,0,0,0,0,0,0,1,0,0x000,0x201
3712,2,0,1,0,0,0,2,8,0,0,0,0,0,0,1,0,0x000,0x202
3713,2,0,1,0,0,0,2,8,0,0,0,0,0,0,1,0,0x000,0x203
3714,2,0,1,0,0,0,2,8,0,0,0,0,0,0,1,0,0x000,0x204
3715,2,0,1,0,0,0,2,8,0,0,0,0,0,0,1,0,0x000,0x205
3716,2,0,1,0,0,0,2,8,0,0,0,0,0,0,1,0,0x000,0x206
3717,2,0,1,0,0,0,2,8,0,0,0,0,0,0,1,0,0x000,0x207
3718,2,0,1,0,0,0,2,8,0,0,0,0,0,0,1,0,0x000,0x208
3719,2,0,1,0,0,0,2,8,0,0,0,0,0,0,1,0,0x000,0x209
3720,2,0,1,0,0,0,2,8,0,0,0,0,0,0,1,0,0x000,0x20a
3721,2,0,1,0,0,0,2,8,0,0,0,0,0,0,1,0,0x000,0x20b
3722,2,0,1,0,0,0,2,8,0,0,0,0,0,0,1,0,0x000,0x20c
3723,2,0,1,0,0,0,2,8,0,0,0,0,0,0,1,0,0x000,0x20d
3724,2,0,1,0,0,0,2,8,0,0,0,0,0,0,1,0,0x000,0x20e
3725,2,0,1,0,0,0,2,8,0,0,0,0,0,0,1,0,0x000,0x20f
3726,2,0,1,0,0,0,2,8,0,0,0,0,0,0,1,0,0x000,0x210
3727,2,0,1,0,0,0,2,8,0,0,0,0,0,0,1,0,0x000,0x211
3728,2,0,1,0,0,0,2,8,0,0,0,0,0,0,1,0,0x000,0x212
3729,2,0,1,0,0,0,2,8,0,0,0,0,0,0,1,0,0x000,0x213
3730,2,0,1,0,0,0,2,8,0,0,0,0,0,0,1,0,0x000,0x214
3731,2,0,1,0,0,0,2,8,0,0,0,0,0,0,1,0,0x000,0x215
3732,2,0,1,0,0,0,2,8,0,0,0,0,0,0,1,0,0x000,0x216
3733,2,0,1,0,0,0,2,8,0,0,0,0,0,0,1,0,0x000,0x217
3734,2,0,1,0,0,0,2,8,0,0,0,0,0,0,1,0,0x000,0x218
3735,2,0,1,0,0,0,2,8,0,0,0,0,0,0,1,0,0x000,0x219
3736,2,0,1,0,0,0,2,8,0,0,0,0,0,0,1,0,0x000,0x21a
3737,2,0,1,0,0,0,2,8,0,0,0,0,0,0,1,0,0x000,0x21b
3738,2,0,1,0,0,0,2,8,0,0,0,0,0,0,1,0,0x000,0x21c
3739,2,0,1,0,0,0,2,8,0,0,0,0,0,0,1,0,0x000,0x21d
3740,2,0,1,0,0,0,2,8,0,0,0,0,0,0,1,0,0x000,0x21e
3741,2,0,1,0,0,0,2,8,0,0,0,0,0,0,1,0,0x000,0x21f
3742,2,0,1,0,0,0,2,8,0,0,0,0,0,0,1,0,0x000,0x220
3743,2,0,1,0,0,0,2,8,0,0,0,0,0,0,1,0,0x000,0x221
3744,2,0,1,0,0,0,2,8,0,0,0,0,0,0,1,0,0x000,0x222
3745,2,0,1,0,0,0,2,8,0,0,0,0,0,0,1,0,0x000,0x223
3746,2,0,1,0,0,0,2,8,0,0,0,0,0,0,1,0,0x000,0x224
3747,2,0,1,0,0,0,2,8,0,0,0,0,0,0,1,0,0x000,0x225
3748,2,0,1,0,0,0,2,8,0,0,0,0,0,0,1,0,0x000,0x226
3749,2,0,1,0,0,0,2,8,0,0,0,0,0,0,1,0,0x000,0x227
3750,2,0,1,0,0,0,2,8,0,0,0,0,0,0,1,0,0x000,0x228
3751,2,0,1,0,0,0,2,8,0,0,0,0,0,0,1,0,0x000,0x229
3752,2,0,1,0,0,0,2,8,0,0,0,0,0,0,1,0,0x000,0x22a
3753,2,0,1,0,0,0,2,8,0,0,0,0,0,0,1,0,0x000,0x22b
3754,2,0,1,0,0,0,2,8,0,0,0,0,0,0,1,0,0x000,0x22c
3755,2,0,1,0,0,0,2,8,0,0,0,0,0,0,1,0,0x000,0x22d
3756,2,0,1,0,0,0,2,8,0,0,0,0,0,0,1,0,0x000,0x22e
3757,2,0,1,0,0,0,2,8,0,0,0,0,0,0,1,0,0x000,0x22f
3758,2,0,1,0,0,0,2,8,0,0,0,0,0,0,1,0,0x000,0x230
3759,2,0,1,0,0,0,2,8,0,0,0,0,0,0,1,0,0x000,0x231
3760,2,0,1,0,0,0,2,8,0,0,0,0,0,0,1,0,0x000,0x232
3761,2,0,1,0,0,0,2,8,0,0,0,0,0,0,1,0,0x000,0x233
3762,2,0,1,0,0,0,2,8,0,0,0,0,0,0,1,0,0x000,0x234
3763,2,0,1,0,0,0,2,8,0,0,0,0,0,0,1,0,0x000,0x235
3764,2,0,1,0,0,0,2,8,0,0,0,0,0,0,1,0,0x000,0x236
3765,2,0,1,0,0,0,2,8,0,0,0,0,0,0,1,0,0x000,0x237
3766,2,0,1,0,0,0,2,8,0,0,0,0,0,0,1,0,0x000,0x238
3767,2,0,1,0,0,0,2,8,0,0,0,0,0,0,1,0,0x000,0x239
3768,2,0,1,0,0,0,2,8,0,0,0,0,0,0,1,0,0x000,0x23a
3769,2,0,1,0,0,0,2,8,0,0,0,0,0,0,1,0,0x000,0x23b
3770,2,0,1,0,0,0,2,8,0,0,0,0,0,0,1,0,0x000,0x23c
3771,2,0,1,0,0,0,2,8,0,0,0,0,0,0,1,0,0x000,0x23d
3772,2,0,1,0,0,0,2,8,0,0,0,0,0,0,1,0,0x000,0x23e
3773,2,0,1,0,0,0,2,8,0,0,0,0,0,0,1,0,0x000,0x23f
3774,2,0,1,0,0,0,2,8,0,0,0,0,0,0,1,0,0x000,0x240
3775,2,0,1,0,0,0,2,8,0,0,0,0,0,0,1,0,0x000,0x241
3776,2,0,1,0,0,0,2,8,0,0,0,0,0,0,1,0,0x000,0x242
3777,2,0,1,0,0,0,2,8,0,0,0,0,0,0,1,0,0x000,0x243
3778,2,0,1,0,0,0,2,8,0,0,0,0,0,0,1,0,0x000,0x244
3779,2,0,1,0,0,0,2,8,0,0,0,0,0,0,1,0,0x000,0x245
3780,2,0,1,0,0,0,2,8,0,0,0,0,0,0,1,0,0x000,0x246
3781,2,0,1,0,0,0,2,8,0,0,0,0,0,0,1,0,0x000,0x247
3782,2,0,1,0,0,0,2,8,0,0,0,0,0,0,1,0,0x000,0x248
3783,2,0,1,0,0,0,2,8,0,0,0,0,0,0,1,0,0x000,0x249
3784,2,0,1,0,0,0,2,8,0,0,0,0,0,0,1,0,0x000,0x24a
3785,2,0,1,0,0,0,2,8,0,0,0,0,0,0,1,0,0x000,0x24b
3786,2,0,1,0,0,0,2,8,0,0,0,0,0,0,1,0,0x000,0x24c
3787,2,0,1,0,0,0,2,8,0,0,0,0,0,0,1,0,0x000,0x24d
3788,2,0,1,0,0,0,2,8,0,0,0,0,0,0,1,0,0x000,0x24e
3789,2,0,1,0,0,0,2,8,0,0,0,0,0,0,1,0,0x000,0x24f
3790,2,0,1,0,0,0,2,8,0,0,0,0,0,0,1,0,0x000,0x250
3791,2,0,1,0,0,0,2,8,0,0,0,0,0,0,1,0,0x000,0x251
3792,2,0,1,0,0,0,2,8,0,0,0,0,0,0,1,0,0x000,0x252
3793,2,0,1,0,0,0,2,8,0,0,0,0,0,0,1,0,0x000,0x253
3794,2,0,1,0,0,0,2,8,0,0,0,0,0,0,1,0,0x000,0x254
3795,2,0,1,0,0,0,2,8,0,0,0,0,0,0,1,0,0x000,0x255
3796,2,0,1,0,0,0,2,8,0,0,0,0,0,0,1,0,0x000,0x256
3797,2,0,1,0,0,0,2,8,0,0,0,0,0,0,1,0,0x000,0x257
3798,2,0,1,0,0,0,2,8,0,0,0,0,0,0,1,0,0x000,0x258
3799,2,0,1,0,0,0,2,8,0,0,0,0,0,0,1,0,0x000,0x259
3800,2,0,1,0,0,0,2,8,0,0,0,0,0,0,1,0,0x000,0x25a
3801,2,0,1,0,0,0,2,8,0,0,0,0,0,0,1,0,0x000,0x25b
3802,2,0,1,0,0,0,2,8,0,0,0,0,0,0,1,0,0x000,0x25c
3803,2,0,1,0,0,0,2,8,0,0,0,0,0,0,1,0,0x000,0x25d
3804,2,0,1,0,0,0,2,8,0,0,0,0,0,0,1,0,0x000,0x25e
3805,2,0,1,0,0,0,2,8,0,0,0,0,0,0,1,0,0x000,0x25f
3806,2,0,1,0,0,0,2,8,0,0,0,0,0,0,1,0,0x000,0x260
3807,2,0,1,0,0,0,2,8,0,0,0,0,0,0,1,0,0x000,0x261
3808,2,0,1,0,0,0,2,8,0,0,0,0,0,0,1,0,0x000,0x262
3809,2,0,1,0,0,0,2,8,0,0,0,0,0,0,1,0,0x000,0x263
3810,2,0,1,0,0,0,2,8,0,0,0,0,0,0,1,0,0x000,0x264
3811,2,0,1,0,0,0,2,8,0,0,0,0,0,0,1,0,0x000,0x265
3812,2,0,1,0,0,0,2,8,0,0,0,0,0,0,1,0,0x000,0x266
3813,2,0,1,0,0,0,2,8,0,0,0,0,0,0,1,0,0x000,0x267
3814,2,0,1,0,0,0,2,8,0,0,0,0,0,0,1,0,0x000,0x268
3815,2,0,1,0,0,0,2,8,0,0,0,0,0,0,1,0,0x000,0x269
3816,2,0,1,0,0,0,2,8,0,0,0,0,0,0,1,0,0x000,0x26a
3817,2,0,1,0,0,0,2,8,0,0,0,0,0,0,1,0,0x000,0x26b
3818,2,0,1,0,0,0,2,8,0,0,0,0,0,0,1,0,0x000,0x26c
3819,2,0,1,0,0,0,2,8,0,0,0,0,0,0,1,0,0x000,0x26d
3820,2,0,1,0,0,0,2,8,0,0,0,0,0,0,1,0,0x000,0x26e
3821,2,0,1,0,0,0,2,8,0,0,0,0,0,0,1,0,0x000,0x26f
3822,2,0,1,0,0,0,2,8,0,0,0,0,0,0,1,0,0x000,0x270
3823,2,0,1,0,0,0,2,8,0,0,0,0,0,0,1,0,0x000,0x271
3824,2,0,1,0,0,0,2,8,0,0,0,0,0,0,1,0,0x000,0x272
3825,2,0,1,0,0,0,2,8,0,0,0,0,0,0,1,0,0x000,0x273
3826,2,0,1,0,0,0,2,8,0,0,0,0,0,0,1,0,0x000,0x274
3827,2,0,1,0,0,0,2,8,0,0,0,0,0,0,1,0,0x000,0x275
3828,2,0,1,0,0,0,2,8,0,0,0,0,0,0,1,0,0x000,0x276
3829,2,0,1,0,0,0,2,8,0,0,0,0,0,0,1,0,0x000,0x277
3830,2,0,1,0,0,0,2,8,0,0,0,0,0,0,1,0,0x000,0x278
3831,2,0,1,0,0,0,2,8,0,0,0,0,0,0,1,0,0x000,0x279
3832,2,0,1,0,0,0,2,8,0,0,0,0,0,0,1,0,0x000,0x27a
3833,2,0,1,0,0,0,2,8,0,0,0,0,0,0,1,0,0x000,0x27b
3834,2,0,1,0,0,0,2,8,0,0,0,0,0,0,1,0,0x000,0x27c
3835,2,0,1,0,0,0,2,8,0,0,0,0,0,0,1,0,0x000,0x27d
3836,2,0,1,0,0,0,2,8,0,0,0,0,0,0,1,0,0x000,0x27e
3837,2,0,1,0,0,0,2,8,0,0,0,0,0,0,1,0,0x000,0x27f
3838,2,0,1,0,0,0,2,8,0,0,0,0,0,0,1,0,0x000,0x280
3839,2,0,1,0,0,0,2,8,0,0,0,0,0,0,1,0,0x000,0x281
3840,2,0,1,0,0,0,2,8,0,0,0,0,0,0,1,0,0x000,0x282
3841,2,0,1,0,0,0,2,8,0,0,0,0,0,0,1,0,0x000,0x283
3842,2,0,1,0,0,0,2,8,0,0,0,0,0,0,1,0,0x000,0x284
3843,2,0,1,0,0,0,2,8,0,0,0,0,0,0,1,0,0x000,0x285
3844,2,0,1,0,0,0,2,8,0,0,0,0,0,0,1,0,0x000,0x286
3845,2,0,1,0,0,0,2,8,0,0,0,0,0,0,1,0,0x000,0x287
3846,2,0,1,0,0,0,2,8,0,0,0,0,0,0,1,0,0x000,0x288
3847,2,0,1,0,0,0,2,8,0,0,0,0,0,0,1,0,0x000,0x289
3848,2,0,1,0,0,0,2,8,0,0,0,0,0,0,1,0,0x000,0x28a
3849,2,0,1,0,0,0,2,8,0,0,0,0,0,0,1,0,0x000,0x28b
3850,2,0,1,0,0,0,2,8,0,0,0,0,0,0,1,0,0x000,0x28c
3851,2,0,1,0,0,0,2,8,0,0,0,0,0,0,1,0,0x000,0x28d
3852,2,0,1,0,0,0,2,8,0,0,0,0,0,0,1,0,0x000,0x28e
3853,2,0,1,0,0,0,2,8,0,0,0,0,0,0,1,0,0x000,0x28f
3854,2,0,1,0,0,0,2,8,0,0,0,0,0,0,1,0,0x000,0x290
3855,2,0,1,0,0,0,2,8,0,0,0,0,0,0,1,0,0x000,0x291
3856,2,0,1,0,0,0,2,8,0,0,0,0,0,0,1,0,0x000,0x292
3857,2,0,1,0,0,0,2,8,0,0,0,0,0,0,1,0,0x000,0x293
3858,2,0,1,0,0,0,2,8,0,0,0,0,0,0,1,0,0x000,0x294
3859,2,0,1,0,0,0,2,8,0,0,0,0,0,0,1,0,0x000,0x295
3860,2,0,1,0,0,0,2,8,0,0,0,0,0,0,1,0,0x000,0x296
3861,2,0,1,0,0,0,2,8,0,0,0,0,0,0,1,0,0x000,0x297
3862,2,0,1,0,0,0,2,8,0,0,0,0,0,0,1,0,0x000,0x298
3863,2,0,1,0,0,0,2,8,0,0,0,0,0,0,1,0,0x000,0x299
3864,2,0,1,0,0,0,2,8,0,0,0,0,0,0,1,0,0x000,0x29a
3865,2,0,1,0,0,0,2,8,0,0,0,0,0,0,1,0,0x000,0x29b
3866,2,0,1,0,0,0,2,8,0,0,0,0,0,0,1,0,0x000,0x29c
3867,2,0,1,0,0,0,2,8,0,0,0,0,0,0,1,0,0x000,0x29d
3868,2,0,1,0,0,0,2,8,0,0,0,0,0,0,1,0,0x000,0x29e
3869,2,0,1,0,0,0,2,8,0,0,0,0,0,0,1,0,0x000,0x29f
3870,2,0,1,0,0,0,2,8,0,0,0,0,0,0,1,0,0x000,0x2a0
3871,2,0,1,0,0,0,2,8,0,0,0,0,0,0,1,0,0x000,0x2a1
3872,2,0,1,0,0,0,2,8,0,0,0,0,0,0,1,0,0x000,0x2a2
3873,2,0,1,0,0,0,2,8,0,0,0,0,0,0,1,0,0x000,0x2a3
3874,2,0,1,0,0,0,2,8,0,0,0,0,0,0,1,0,0x000,0x2a4
3875,2,0,1,0,0,0,2,8,0,0,0,0,0,0,1,0,0x000,0x2a5
3876,2,0,1,0,0,0,2,8,0,0,0,0,0,0,1,0,0x000,0x2a6
3877,2,0,1,0,0,0,2,8,0,0,0,0,0,0,1,0,0x000,0x2a7
3878,2,0,1,0,0,0,2,8,0,0,0,0,0,0,1,0,0x000,0x2a8
3879,2,0,1,0,0,0,2,8,0,0,0,0,0,0,1,0,0x000,0x2a9
3880,2,0,1,0,0,0,2,8,0,0,0,0,0,0,1,0,0x000,0x2aa
3881,2,0,1,0,0,0,2,8,0,0,0,0,0,0,1,0,0x000,0x2ab
3882,2,0,1,0,0,0,2,8,0,0,0,0,0,0,1,0,0x000,0x2ac
3883,2,0,1,0,0,0,2,8,0,0,0,0,0,0,1,0,0x000,0x2ad
3884,2,0,1,0,0,0,2,8,0,0,0,0,0,0,1,0,0x000,0x2ae
3885,2,0,1,0,0,0,2,8,0,0,0,0,0,0,1,0,0x000,0x2af
3886,2,0,1,0,0,0,2,8,0,0,0,0,0,0,1,0,0x000,0x2b0
3887,2,0,1,0,0,0,2,8,0,0,0,0,0,0,1,0,0x000,0x2b1
3888,2,0,1,0,0,0,2,8,0,0,0,0,0,0,1,0,0x000,0x2b2
3889,2,0,1,0,0,0,2,8,0,0,0,0,0,0,1,0,0x000,0x2b3
3890,2,0,1,0,0,0,2,8,0,0,0,0,0,0,1,0,0x000,0x2b4
3891,2,0,1,0,0,0,2,8,0,0,0,0,0,0,1,0,0x000,0x2b5
3892,2,0,1,0,0,0,2,8,0,0,0,0,0,0,1,0,0x000,0x2b6
3893,2,0,1,0,0,0,2,8,0,0,0,0,0,0,1,0,0x000,0x2b7
3894,2,0,1,0,0,0,2,8,0,0,0,0,0,0,1,0,0x000,0x2b8
3895,2,0,1,0,0,0,2,8,0,0,0,0,0,0,1,0,0x000,0x2b9
3896,2,0,1,0,0,0,2,8,0,0,0,0,0,0,1,0,0x000,0x2ba
3897,2,0,1,0,0,0,2,8,0,0,0,0,0,0,1,0,0x000,0x2bb
3898,2,0,1,0,0,0,2,8,0,0,0,0,0,0,1,0,0x000,0x2bc
3899,2,0,1,0,0,0,2,8,0,0,0,0,0,0,1,0,0x000,0x2bd
3900,2,0,1,0,0,0,2,8,0,0,0,0,0,0,1,0,0x000,0x2be
3901,2,0,1,0,0,0,2,8,0,0,0,0,0,0,1,0,0x000,0x2bf
3902,2,0,1,0,0,0,2,8,0,0,0,0,0,0,1,0,0x000,0x2c0
3903,2,0,1,0,0,0,2,8,0,0,0,0,0,0,1,0,0x000,0x2c1
3904,2,0,1,0,0,0,2,8,0,0,0,0,0,0,1,0,0x000,0x2c2
3905,2,0,1,0,0,0,2,8,0,0,0,0,0,0,1,0,0x000,0x2c3
3906,2,0,1,0,0,0,2,8,0,0,0,0,0,0,1,0,0x000,0x2c4
3907,2,0,1,0,0,0,2,8,0,0,0,0,0,0,1,0,0x000,0x2c5
3908,2,0,1,0,0,0,2,8,0,0,0,0,0,0,1,0,0x000,0x2c6
3909,2,0,1,0,0,0,2,8,0,0,0,0,0,0,1,0,0x000,0x2c7
3910,2,0,1,0,0,0,2,8,0,0,0,0,0,0,1,0,0x000,0x2c8
3911,2,0,1,0,0,0,2,8,0,0,0,0,0,0,1,0,0x000,0x2c9
3912,2,0,1,0,0,0,2,8,0,0,0,0,0,0,1,0,0x000,0x2ca
3913,2,0,1,0,0,0,2,8,0,0,0,0,0,0,1,0,0x000,0x2cb
3914,2,0,1,0,0,0,2,8,0,0,0,0,0,0,1,0,0x000,0x2cc
3915,2,0,1,0,0,0,2,8,0,0,0,0,0,0,1,0,0x000,0x2cd
3916,2,0,1,0,0,0,2,8,0,0,0,0,0,0,1,0,0x000,0x2ce
3917,2,0,1,0,0,0,2,8,0,0,0,0,0,0,1,0,0x000,0x2cf
3918,2,0,1,0,0,0,2,8,0,0,0,0,0,0,1,0,0x000,0x2d0
3919,2,0,1,0,0,0,2,8,0,0,0,0,0,0,1,0,0x000,0x2d1
3920,2,0,1,0,0,0,2,8,0,0,0,0,0,0,1,0,0x000,0x2d2
3921,2,0,1,0,0,0,2,8,0,0,0,0,0,0,1,0,0x000,0x2d3
3922,2,0,1,0,0,0,2,8,0,0,0,0,0,0,1,0,0x000,0x2d4
3923,2,0,1,0,0,0,2,8,0,0,0,0,0,0,1,0,0x000,0x2d5
3924,2,0,1,0,0,0,2,8,0,0,0,0,0,0,1,0,0x000,0x2d6
3925,2,0,1,0,0,0,2,8,0,0,0,0,0,0,1,0,0x000,0x2d7
3926,2,0,1,0,0,0,2,8,0,0,0,0,0,0,1,0,0x000,0x2d8
3927,2,0,1,0,0,0,2,8,0,0,0,0,0,0,1,0,0x000,0x2d9
3928,2,0,1,0,0,0,2,8,0,0,0,0,0,0,1,0,0x000,0x2da
3929,2,0,1,0,0,0,2,8,0,0,0,0,0,0,1,0,0x000,0x2db
3930,2,0,1,0,0,0,2,8,0,0,0,0,0,0,1,0,0x000,0x2dc
3931,2,0,1,0,0,0,2,8,0,0,0,0,0,0,1,0,0x000,0x2dd
3932,2,0,1,0,0,0,2,8,0,0,0,0,0,0,1,0,0x000,0x2de
3933,2,0,1,0,0,0,2,8,0,0,0,0,0,0,1,0,0x000,0x2df
3934,2,0,1,0,0,0,2,8,0,0,0,0,0,0,1,0,0x000,0x2e0
3935,2,0,1,0,0,0,2,8,0,0,0,0,0,0,1,0,0x000,0x2e1
3936,2,0,1,0,0,0,2,8,0,0,0,0,0,0,1,0,0x000,0x2e2
3937,2,0,1,0,0,0,2,8,0,0,0,0,0,0,1,0,0x000,0x2e3
3938,2,0,1,0,0,0,2,8,0,0,0,0,0,0,1,0,0x000,0x2e4
3939,2,0,1,0,0,0,2,8,0,0,0,0,0,0,1,0,0x000,0x2e5
3940,2,0,1,0,0,0,2,8,0,0,0,0,0,0,1,0,0x000,0x2e6
3941,2,0,1,0,0,0,2,8,0,0,0,0,0,0,1,0,0x000,0x2e7
3942,2,0,1,0,0,0,2,8,0,0,0,0,0,0,1,0,0x000,0x2e8
3943,2,0,1,0,0,0,2,8,0,0,0,0,0,0,1,0,0x000,0x2e9
3944,2,0,1,0,0,0,2,8,0,0,0,0,0,0,1,0,0x000,0x2ea
3945,2,0,1,0,0,0,2,8,0,0,0,0,0,0,1,0,0x000,0x2eb
3946,2,0,1,0,0,0,2,8,0,0,0,0,0,0,1,0,0x000,0x2ec
3947,2,0,1,0,0,0,2,8,0,0,0,0,0,0,1,0,0x000,0x2ed
3948,2,0,1,0,0,0,2,8,0,0,0,0,0,0,1,0,0x000,0x2ee
3949,2,0,1,0,0,0,2,8,0,0,0,0,0,0,1,0,0x000,0x2ef
3950,2,0,1,0,0,0,2,8,0,0,0,0,0,0,1,0,0x000,0x2f0
3951,2,0,1,0,0,0,2,8,0,0,0,0,0,0,1,0,0x000,0x2f1
3952,2,0,1,0,0,0,2,8,0,0,0,0,0,0,1,0,0x000,0x2f2
3953,2,0,1,0,0,0,2,8,0,0,0,0,0,0,1,0,0x000,0x2f3
3954,2,0,1,0,0,0,2,8,0,0,0,0,0,0,1,0,0x000,0x2f4
3955,2,0,1,0,0,0,2,8,0,0,0,0,0,0,1,0,0x000,0x2f5
3956,2,0,1,0,0,0,2,8,0,0,0,0,0,0,1,0,0x000,0x2f6
3957,2,0,1,0,0,0,2,8,0,0,0,0,0,0,1,0,0x000,0x2f7
3958,2,0,1,0,0,0,2,8,0,0,0,0,0,0,1,0,0x000,0x2f8
3959,2,0,1,0,0,0,2,8,0,0,0,0,0,0,1,0,0x000,0x2f9
3960,2,0,1,0,0,0,2,8,0,0,0,0,0,0,1,0,0x000,0x2fa
3961,2,0,1,0,0,0,2,8,0,0,0,0,0,0,1,0,0x000,0x2fb
3962,2,0,1,0,0,0,2,8,0,0,0,0,0,0,1,0,0x000,0x2fc
3963,2,0,1,0,0,0,2,8,0,0,0,0,0,0,1,0,0x000,0x2fd
3964,2,0,1,0,0,0,2,8,0,0,0,0,0,0,1,0,0x000,0x2fe
3965,2,0,1,0,0,0,2,8,0,0,0,0,0,0,1,0,0x000,0x2ff
3966,2,0,1,0,0,0,2,8,0,0,0,0,0,0,1,0,0x000,0x300
3967,2,0,1,0,0,0,2,8,0,0,0,0,0,0,1,0,0x000,0x301
3968,2,0,1,0,0,0,2,8,0,0,0,0,0,0,1,0,0x000,0x302
3969,2,0,1,0,0,0,2,8,0,0,0,0,0,0,1,0,0x000,0x303
3970,2,0,1,0,0,0,2,8,0,0,0,0,0,0,1,0,0x000,0x304
3971,2,0,1,0,0,0,2,8,0,0,0,0,0,0,1,0,0x000,0x305
3972,2,0,1,0,0,0,2,8,0,0,0,0,0,0,1,0,0x000,0x306
3973,2,0,1,0,0,0,2,8,0,0,0,0,0,0,1,0,0x000,0x307
3974,2,0,1,0,0,0,2,8,0,0,0,0,0,0,1,0,0x000,0x308
3975,2,0,1,0,0,0,2,8,0,0,0,0,0,0,1,0,0x000,0x309
3976,2,0,1,0,0,0,2,8,0,0,0,0,0,0,1,0,0x000,0x30a
3977,2,0,1,0,0,0,2,8,0,0,0,0,0,0,1,0,0x000,0x30b
3978,2,0,1,0,0,0,2,8,0,0,0,0,0,0,1,0,0x000,0x30c
3979,2,0,1,0,0,0,2,8,0,0,0,0,0,0,1,0,0x000,0x30d
3980,2,0,1,0,0,0,2,8,0,0,0,0,0,0,1,0,0x000,0x30e
3981,2,0,1,0,0,0,2,8,0,0,0,0,0,0,1,0,0x000,0x30f
3982,2,0,1,0,0,0,2,8,0,0,0,0,0,0,1,0,0x000,0x310
3983,2,0,1,0,0,0,2,8,0,0,0,0,0,0,1,0,0x000,0x311
3984,2,0,1,0,0,0,2,8,0,0,0,0,0,0,1,0,0x000,0x312
3985,2,0,1,0,0,0,2,8,0,0,0,0,0,0,1,0,0x000,0x313
3986,2,0,1,0,0,0,2,8,0,0,0,0,0,0,1,0,0x000,0x314
3987,2,0,1,0,0,0,2,8,0,0,0,0,0,0,1,0,0x000,0x315
3988,2,0,1,0,0,0,2,8,0,0,0,0,0,0,1,0,0x000,0x316
3989,2,0,1,0,0,0,2,8,0,0,0,0,0,0,1,0,0x000,0x317
3990,2,0,1,0,0,0,2,8,0,0,0,0,0,0,1,0,0x000,0x318
3991,2,0,1,0,0,0,2,8,0,0,0,0,0,0,1,0,0x000,0x319
3992,2,0,1,0,0,0,2,8,0,0,0,0,0,0,1,0,0x000,0x31a
3993,2,0,1,0,0,0,2,8,0,0,0,0,0,0,1,0,0x000,0x31b
3994,2,0,1,0,0,0,2,8,0,0,0,0,0,0,1,0,0x000,0x31c
3995,2,0,1,0,0,0,2,8,0,0,0,0,0,0,1,0,0x000,0x31d
3996,2,0,1,0,0,0,2,8,0,0,0,0,0,0,1,0,0x000,0x31e
3997,2,0,1,0,0,0,2,8,0,0,0,0,0,0,1,0,0x000,0x31f
3998,2,0,1,0,0,0,2,8,0,0,0,0,0,0,1,0,0x000,0x320
3999,2,0,1,0,0,0,2,8,0,0,0,0,0,0,1,0,0x000,0x321
4000,2,0,1,0,0,0,2,8,0,0,0,0,0,0,1,0,0x000,0x322
4001,2,0,1,0,0,0,2,8,0,0,0,0,0,0,1,0,0x000,0x323
4002,2,0,1,0,0,0,2,8,0,0,0,0,0,0,1,0,0x000,0x324
4003,2,0,1,0,0,0,2,8,0,0,0,0,0,0,1,0,0x000,0x325
4004,2,0,1,0,0,0,2,8,0,0,0,0,0,0,1,0,0x000,0x326
4005,2,0,1,0,0,0,2,8,0,0,0,0,0,0,1,0,0x000,0x327
4006,2,0,1,0,0,0,2,8,0,0,0,0,0,0,1,0,0x000,0x328
4007,2,0,1,0,0,0,2,8,0,0,0,0,0,0,1,0,0x000,0x329
4008,2,0,1,0,0,0,2,8,0,0,0,0,0,0,1,0,0x000,0x32a
4009,2,0,1,0,0,0,2,8,0,0,0,0,0,0,1,0,0x000,0x32b
4010,2,0,1,0,0,0,2,8,0,0,0,0,0,0,1,0,0x000,0x32c
4011,2,0,1,0,0,0,2,8,0,0,0,0,0,0,1,0,0x000,0x32d
4012,2,0,1,0,0,0,2,8,0,0,0,0,0,0,1,0,0x000,0x32e
4013,2,0,1,0,0,0,2,8,0,0,0,0,0,0,1,0,0x000,0x32f
4014,2,0,1,0,0,0,2,8,0,0,0,0,0,0,1,0,0x000,0x330
4015,2,0,1,0,0,0,2,8,0,0,0,0,0,0,1,0,0x000,0x331
4016,2,0,1,0,0,0,2,8,0,0,0,0,0,0,1,0,0x000,0x332
4017,2,0,1,0,0,0,2,8,0,0,0,0,0,0,1,0,0x000,0x333
4018,2,0,1,0,0,0,2,8,0,0,0,0,0,0,1,0,0x000,0x334
4019,2,0,1,0,0,0,2,8,0,0,0,0,0,0,1,0,0x000,0x335
4020,2,0,1,0,0,0,2,8,0,0,0,0,0,0,1,0,0x000,0x336
4021,2,0,1,0,0,0,2,8,0,0,0,0,0,0,1,0,0x000,0x337
4022,2,0,1,0,0,0,2,8,0,0,0,0,0,0,1,0,0x000,0x338
4023,2,0,1,0,0,0,2,8,0,0,0,0,0,0,1,0,0x000,0x339
4024,2,0,1,0,0,0,2,8,0,0,0,0,0,0,1,0,0x000,0x33a
4025,2,0,1,0,0,0,2,8,0,0,0,0,0,0,1,0,0x000,0x33b
4026,2,0,1,0,0,0,2,8,0,0,0,0,0,0,1,0,0x000,0x33c
4027,2,0,1,0,0,0,2,8,0,0,0,0,0,0,1,0,0x000,0x33d
4028,2,0,1,0,0,0,2,8,0,0,0,0,0,0,1,0,0x000,0x33e
4029,2,0,1,0,0,0,2,8,0,0,0,0,0,0,1,0,0x000,0x33f
4030,2,0,1,0,0,0,2,8,0,0,0,0,0,0,1,0,0x000,0x340
4031,2,0,1,0,0,0,2,8,0,0,0,0,0,0,1,0,0x000,0x341
4032,2,0,1,0,0,0,2,8,0,0,0,0,0,0,1,0,0x000,0x342
4033,2,0,1,0,0,0,2,8,0,0,0,0,0,0,1,0,0x000,0x343
4034,2,0,1,0,0,0,2,8,0,0,0,0,0,0,1,0,0x000,0x344
4035,2,0,1,0,0,0,2,8,0,0,0,0,0,0,1,0,0x000,0x345
4036,2,0,1,0,0,0,2,8,0,0,0,0,0,0,1,0,0x000,0x346
4037,2,0,1,0,0,0,2,8,0,0,0,0,0,0,1,0,0x000,0x347
4038,2,0,1,0,0,0,2,8,0,0,0,0,0,0,1,0,0x000,0x348
4039,2,0,1,0,0,0,2,8,0,0,0,0,0,0,1,0,0x000,0x349
4040,2,0,1,0,0,0,2,8,0,0,0,0,0,0,1,0,0x000,0x34a
4041,2,0,1,0,0,0,2,8,0,0,0,0,0,0,1,0,0x000,0x34b
4042,2,0,1,0,0,0,2,8,0,0,0,0,0,0,1,0,0x000,0x34c
4043,2,0,1,0,0,0,2,8,0,0,0,0,0,0,1,0,0x000,0x34d
4044,2,0,1,0,0,0,2,8,0,0,0,0,0,0,1,0,0x000,0x34e
4045,2,0,1,0,0,0,2,8,0,0,0,0,0,0,1,0,0x000,0x34f
4046,2,0,1,0,0,0,2,8,0,0,0,0,0,0,1,0,0x000,0x350
4047,2,0,1,0,0,0,2,8,0,0,0,0,0,0,1,0,0x000,0x351
4048,2,0,1,0,0,0,2,8,0,0,0,0,0,0,1,0,0x000,0x352
4049,2,0,1,0,0,0,2,8,0,0,0,0,0,0,1,0,0x000,0x353
4050,2,0,1,0,0,0,2,8,0,0,0,0,0,0,1,0,0x000,0x354
4051,2,0,1,0,0,0,2,8,0,0,0,0,0,0,1,0,0x000,0x355
4052,2,0,1,0,0,0,2,8,0,0,0,0,0,0,1,0,0x000,0x356
4053,2,0,1,0,0,0,2,8,0,0,0,0,0,0,1,0,0x000,0x357
4054,2,0,1,0,0,0,2,8,0,0,0,0,0,0,1,0,0x000,0x358
4055,2,0,1,0,0,0,2,8,0,0,0,0,0,0,1,0,0x000,0x359
4056,2,0,1,0,0,0,2,8,0,0,0,0,0,0,1,0,0x000,0x35a
4057,2,0,1,0,0,0,2,8,0,0,0,0,0,0,1,0,0x000,0x35b
4058,2,0,1,0,0,0,2,8,0,0,0,0,0,0,1,0,0x000,0x35c
4059,2,0,1,0,0,0,2,8,0,0,0,0,0,0,1,0,0x000,0x35d
4060,2,0,1,0,0,0,2,8,0,0,0,0,0,0,1,0,0x000,0x35e
4061,2,0,1,0,0,0,2,8,0,0,0,0,0,0,1,0,0x000,0x35f
4062,2,0,1,0,0,0,2,8,0,0,0,0,0,0,1,0,0x000,0x360
4063,2,0,1,0,0,0,2,8,0,0,0,0,0,0,1,0,0x000,0x361
4064,2,0,1,0,0,0,2,8,0,0,0,0,0,0,1,0,0x000,0x362
4065,2,0,1,0,0,0,2,8,0,0,0,0,0,0,1,0,0x000,0x363
4066,2,0,1,0,0,0,2,8,0,0,0,0,0,0,1,0,0x000,0x364
4067,2,0,1,0,0,0,2,8,0,0,0,0,0,0,1,0,0x000,0x365
4068,2,0,1,0,0,0,2,8,0,0,0,0,0,0,1,0,0x000,0x366
4069,2,0,1,0,0,0,2,8,0,0,0,0,0,0,1,0,0x000,0x367
4070,2,0,1,0,0,0,2,8,0,0,0,0,0,0,1,0,0x000,0x368
4071,2,0,1,0,0,0,2,8,0,0,0,0,0,0,1,0,0x000,0x369
4072,2,0,1,0,0,0,2,8,0,0,0,0,0,0,1,0,0x000,0x36a
4073,2,0,1,0,0,0,2,8,0,0,0,0,0,0,1,0,0x000,0x36b
4074,2,0,1,0,0,0,2,8,0,0,0,0,0,0,1,0,0x000,0x36c
4075,2,0,1,0,0,0,2,8,0,0,0,0,0,0,1,0,0x000,0x36d
4076,2,0,1,0,0,0,2,8,0,0,0,0,0,0,1,0,0x000,0x36e
4077,2,0,1,0,0,0,2,8,0,0,0,0,0,0,1,0,0x000,0x36f
4078,2,0,1,0,0,0,2,8,0,0,0,0,0,0,1,0,0x000,0x370
4079,2,0,1,0,0,0,2,8,0,0,0,0,0,0,1,0,0x000,0x371
4080,2,0,1,0,0,0,2,8,0,0,0,0,0,0,1,0,0x000,0x372
4081,2,0,1,0,0,0,2,8,0,0,0,0,0,0,1,0,0x000,0x373
4082,2,0,1,0,0,0,2,8,0,0,0,0,0,0,1,0,0x000,0x374
4083,2,0,1,0,0,0,2,8,0,0,0,0,0,0,1,0,0x000,0x375
4084,2,0,1,0,0,0,2,8,0,0,0,0,0,0,1,0,0x000,0x376
4085,2,0,1,0,0,0,2,8,0,0,0,0,0,0,1,0,0x000,0x377
4086,2,0,1,0,0,0,2,8,0,0,0,0,0,0,1,0,0x000,0x378
4087,2,0,1,0,0,0,2,8,0,0,0,0,0,0,1,0,0x000,0x379
4088,2,0,1,0,0,0,2,8,0,0,0,0,0,0,1,0,0x000,0x37a
4089,2,0,1,0,0,0,2,8,0,0,0,0,0,0,1,0,0x000,0x37b
4090,2,0,1,0,0,0,2,8,0,0,0,0,0,0,1,0,0x000,0x37c
4091,2,0,1,0,0,0,2,8,0,0,0,0,0,0,1,0,0x000,0x37d
4092,2,0,1,0,0,0,2,8,0,0,0,0,0,0,1,0,0x000,0x37e
4093,2,0,1,0,0,0,2,8,0,0,0,0,0,0,1,0,0x000,0x37f
4094,2,0,1,0,0,0,2,8,0,0,0,0,0,0,1,0,0x000,0x380
4095,2,0,1,0,0,0,2,8,0,0,0,0,0,0,1,0,0x000,0x381
4096,2,0,1,0,0,0,2,8,0,0,0,0,0,0,1,0,0x000,0x382
4097,2,0,1,0,0,0,2,8,0,0,0,0,0,0,1,0,0x000,0x383
4098,2,0,1,0,0,0,2,8,0,0,0,0,0,0,1,0,0x000,0x384
4099,2,0,1,0,0,0,2,8,0,0,0,0,0,0,1,0,0x000,0x385
4100,2,0,1,0,0,0,2,8,0,0,0,0,0,0,1,0,0x000,0x386
4101,2,0,1,0,0,0,2,8,0,0,0,0,0,0,1,0,0x000,0x387
4102,2,0,1,0,0,0,2,8,0,0,0,0,0,0,1,0,0x000,0x388
4103,2,0,1,0,0,0,2,8,0,0,0,0,0,0,1,0,0x000,0x389
4104,2,0,1,0,0,0,2,8,0,0,0,0,0,0,1,0,0x000,0x38a
4105,2,0,1,0,0,0,2,8,0,0,0,0,0,0,1,0,0x000,0x38b
4106,2,0,1,0,0,0,2,8,0,0,0,0,0,0,1,0,0x000,0x38c
4107,2,0,1,0,0,0,2,8,0,0,0,0,0,0,1,0,0x000,0x38d
4108,2,0,1,0,0,0,2,8,0,0,0,0,0,0,1,0,0x000,0x38e
4109,2,0,1,0,0,0,2,8,0,0,0,0,0,0,1,0,0x000,0x38f
4110,2,0,1,0,0,0,2,8,0,0,0,0,0,0,1,0,0x000,0x390
4111,2,0,1,0,0,0,2,8,0,0,0,0,0,0,1,0,0x000,0x391
4112,2,0,1,0,0,0,2,8,0,0,0,0,0,0,1,0,0x000,0x392
4113,2,0,1,0,0,0,2,8,0,0,0,0,0,0,1,0,0x000,0x393
4114,2,0,1,0,0,0,2,8,0,0,0,0,0,0,1,0,0x000,0x394
4115,2,0,1,0,0,0,2,8,0,0,0,0,0,0,1,0,0x000,0x395
4116,2,0,1,0,0,0,2,8,0,0,0,0,0,0,1,0,0x000,0x396
4117,2,0,1,0,0,0,2,8,0,0,0,0,0,0,1,0,0x000,0x397
4118,2,0,1,0,0,0,2,8,0,0,0,0,0,0,1,0,0x000,0x398
4119,2,0,1,0,0,0,2,8,0,0,0,0,0,0,1,0,0x000,0x399
4120,2,0,1,0,0,0,2,8,0,0,0,0,0,0,1,0,0x000,0x39a
4121,2,0,1,0,0,0,2,8,0,0,0,0,0,0,1,0,0x000,0x39b
4122,2,0,1,0,0,0,2,8,0,0,0,0,0,0,1,0,0x000,0x39c
4123,2,0,1,0,0,0,2,8,0,0,0,0,0,0,1,0,0x000,0x39d
4124,2,0,1,0,0,0,2,8,0,0,0,0,0,0,1,0,0x000,0x39e
4125,2,0,1,0,0,0,2,8,0,0,0,0,0,0,1,0,0x000,0x39f
4126,2,0,1,0,0,0,2,8,0,0,0,0,0,0,1,0,0x000,0x3a0
4127,2,0,1,0,0,0,2,8,0,0,0,0,0,0,1,0,0x000,0x3a1
4128,2,0,1,0,0,0,2,8,0,0,0,0,0,0,1,0,0x000,0x3a2
4129,2,0,1,0,0,0,2,8,0,0,0,0,0,0,1,0,0x000,0x3a3
4130,2,0,1,0,0,0,2,8,0,0,0,0,0,0,1,0,0x000,0x3a4
4131,2,0,1,0,0,0,2,8,0,0,0,0,0,0,1,0,0x000,0x3a5
4132,2,0,1,0,0,0,2,8,0,0,0,0,0,0,1,0,0x000,0x3a6
4133,2,0,1,0,0,0,2,8,0,0,0,0,0,0,1,0,0x000,0x3a7
4134,2,0,1,0,0,0,2,8,0,0,0,0,0,0,1,0,0x000,0x3a8
4135,2,0,1,0,0,0,2,8,0,0,0,0,0,0,1,0,0x000,0x3a9
4136,2,0,1,0,0,0,2,8,0,0,0,0,0,0,1,0,0x000,0x3aa
4137,2,0,1,0,0,0,2,8,0,0,0,0,0,0,1,0,0x000,0x3ab
4138,2,0,1,0,0,0,2,8,0,0,0,0,0,0,1,0,0x000,0x3ac
4139,2,0,1,0,0,0,2,8,0,0,0,0,0,0,1,0,0x000,0x3ad
4140,2,0,1,0,0,0,2,8,0,0,0,0,0,0,1,0,0x000,0x3ae
4141,2,0,1,0,0,0,2,8,0,0,0,0,0,0,1,0,0x000,0x3af
4142,2,0,1,0,0,0,2,8,0,0,0,0,0,0,1,0,0x000,0x3b0
4143,2,0,1,0,0,0,2,8,0,0,0,0,0,0,1,0,0x000,0x3b1
4144,2,0,1,0,0,0,2,8,0,0,0,0,0,0,1,0,0x000,0x3b2
4145,2,0,1,0,0,0,2,8,0,0,0,0,0,0,1,0,0x000,0x3b3
4146,2,0,1,0,0,0,2,8,0,0,0,0,0,0,1,0,0x000,0x3b4
4147,2,0,1,0,0,0,2,8,0,0,0,0,0,0,1,0,0x000,0x3b5
4148,2,0,1,0,0,0,2,8,0,0,0,0,0,0,1,0,0x000,0x3b6
4149,2,0,1,0,0,0,2,8,0,0,0,0,0,0,1,0,0x000,0x3b7
4150,2,0,1,0,0,0,2,8,0,0,0,0,0,0,1,0,0x000,0x3b8
4151,2,0,1,0,0,0,2,8,0,0,0,0,0,0,1,0,0x000,0x3b9
4152,2,0,1,0,0,0,2,8,0,0,0,0,0,0,1,0,0x000,0x3ba
4153,2,0,1,0,0,0,2,8,0,0,0,0,0,0,1,0,0x000,0x3bb
4154,2,0,1,0,0,0,2,8,0,0,0,0,0,0,1,0,0x000,0x3bc
4155,2,0,1,0,0,0,2,8,0,0,0,0,0,0,1,0,0x000,0x3bd
4156,2,0,1,0,0,0,2,8,0,0,0,0,0,0,1,0,0x000,0x3be
4157,2,0,1,0,0,0,2,8,0,0,0,0,0,0,1,0,0x000,0x3bf
4158,2,0,1,0,0,0,2,8,0,0,0,0,0,0,1,0,0x000,0x3c0
4159,2,0,1,0,0,0,2,8,0,0,0,0,0,0,1,0,0x000,0x3c1
4160,2,0,1,0,0,0,2,8,0,0,0,0,0,0,1,0,0x000,0x3c2
4161,2,0,1,0,0,0,2,8,0,0,0,0,0,0,1,0,0x000,0x3c3
4162,2,0,1,0,0,0,2,8,0,0,0,0,0,0,1,0,0x000,0x3c4
4163,2,0,1,0,0,0,2,8,0,0,0,0,0,0,1,0,0x000,0x3c5
4164,2,0,1,0,0,0,2,8,0,0,0,0,0,0,1,0,0x000,0x3c6
4165,2,0,1,0,0,0,2,8,0,0,0,0,0,0,1,0,0x000,0x3c7
4166,2,0,1,0,0,0,2,8,0,0,0,0,0,0,1,0,0x000,0x3c8
4167,2,0,1,0,0,0,2,8,0,0,0,0,0,0,1,0,0x000,0x3c9
4168,2,0,1,0,0,0,2,8,0,0,0,0,0,0,1,0,0x000,0x3ca
4169,2,0,1,0,0,0,2,8,0,0,0,0,0,0,1,0,0x000,0x3cb
4170,2,0,1,0,0,0,2,8,0,0,0,0,0,0,1,0,0x000,0x3cc
4171,2,0,1,0,0,0,2,8,0,0,0,0,0,0,1,0,0x000,0x3cd
4172,2,0,1,0,0,0,2,8,0,0,0,0,0,0,1,0,0x000,0x3ce
4173,2,0,1,0,0,0,2,8,0,0,0,0,0,0,1,0,0x000,0x3cf
4174,2,0,1,0,0,0,2,8,0,0,0,0,0,0,1,0,0x000,0x3d0
4175,2,0,1,0,0,0,2,8,0,0,0,0,0,0,1,0,0x000,0x3d1
4176,2,0,1,0,0,0,2,8,0,0,0,0,0,0,1,0,0x000,0x3d2
4177,2,0,1,0,0,0,2,8,0,0,0,0,0,0,1,0,0x000,0x3d3
4178,2,0,1,0,0,0,2,8,0,0,0,0,0,0,1,0,0x000,0x3d4
4179,2,0,1,0,0,0,2,8,0,0,0,0,0,0,1,0,0x000,0x3d5
4180,2,0,1,0,0,0,2,8,0,0,0,0,0,0,1,0,0x000,0x3d6
4181,2,0,1,0,0,0,2,8,0,0,0,0,0,0,1,0,0x000,0x3d7
4182,2,0,1,0,0,0,2,8,0,0,0,0,0,0,1,0,0x000,0x3d8
4183,2,0,1,0,0,0,2,8,0,0,0,0,0,0,1,0,0x000,0x3d9
4184,2,0,1,0,0,0,2,8,0,0,0,0,0,0,1,0,0x000,0x3da
4185,2,0,1,0,0,0,2,8,0,0,0,0,0,0,1,0,0x000,0x3db
4186,2,0,1,0,0,0,2,8,0,0,0,0,0,0,1,0,0x000,0x3dc
4187,2,0,1,0,0,0,2,8,0,0,0,0,0,0,1,0,0x000,0x3dd
4188,2,0,1,0,0,0,2,8,0,0,0,0,0,0,1,0,0x000,0x3de
4189,2,0,1,0,0,0,2,8,0,0,0,0,0,0,1,0,0x000,0x3df
4190,2,0,1,0,0,0,2,8,0,0,0,0,0,0,1,0,0x000,0x3e0
4191,2,0,1,0,0,0,2,8,0,0,0,0,0,0,1,0,0x000,0x3e1
4192,2,0,1,0,0,0,2,8,0,0,0,0,0,0,1,0,0x000,0x3e2
4193,2,0,1,0,0,0,2,8,0,0,0,0,0,0,1,0,0x000,0x3e3
4194,2,0,1,0,0,0,2,8,0,0,0,0,0,0,1,0,0x000,0x3e4
4195,2,0,1,0,0,0,2,8,0,0,0,0,0,0,1,0,0x000,0x3e5
4196,2,0,1,0,0,0,2,8,0,0,0,0,0,0,1,0,0x000,0x3e6
4197,2,0,1,0,0,0,2,8,0,0,0,0,0,0,1,0,0x000,0x3e7
4198,2,0,1,0,0,0,2,8,0,0,0,0,0,0,1,0,0x000,0x3e8
4199,2,0,1,0,0,0,2,8,0,0,0,0,0,0,1,0,0x000,0x3e9
4200,2,0,1,0,0,0,2,8,0,0,0,0,0,0,1,0,0x000,0x3ea
4201,2,0,1,0,0,0,2,8,0,0,0,0,0,0,1,0,0x000,0x3eb
4202,2,0,1,0,0,0,2,8,0,0,0,0,0,0,1,0,0x000,0x3ec
4203,2,0,1,0,0,0,2,8,0,0,0,0,0,0,1,0,0x000,0x3ed
4204,2,0,1,0,0,0,2,8,0,0,0,0,0,0,1,0,0x000,0x3ee
4205,2,0,1,0,0,0,2,8,0,0,0,0,0,0,1,0,0x000,0x3ef
4206,2,0,1,0,0,0,2,8,0,0,0,0,0,0,1,0,0x000,0x3f0
4207,2,0,1,0,0,0,2,8,0,0,0,0,0,0,1,0,0x000,0x3f1
4208,2,0,1,0,0,0,2,8,0,0,0,0,0,0,1,0,0x000,0x3f2
4209,2,0,1,0,0,0,2,8,0,0,0,0,0,0,1,0,0x000,0x3f3
4210,2,0,1,0,0,0,2,8,0,0,0,0,0,0,1,0,0x000,0x3f4
4211,2,0,1,0,0,0,2,8,0,0,0,0,0,0,1,0,0x000,0x3f5
4212,2,0,1,0,0,0,2,8,0,0,0,0,0,0,1,0,0x000,0x3f6
4213,2,0,1,0,0,0,2,8,0,0,0,0,0,0,1,0,0x000,0x3f7
4214,2,0,1,0,0,0,2,8,0,0,0,0,0,0,1,0,0x000,0x3f8
4215,2,0,1,0,0,0,2,8,0,0,0,0,0,0,1,0,0x000,0x3f9
4216,2,0,1,0,0,0,2,8,0,0,0,0,0,0,1,0,0x000,0x3fa
4217,2,0,1,0,0,0,2,8,0,0,0,0,0,0,1,0,0x000,0x3fb
4218,2,0,1,0,0,0,2,8,0,0,0,0,0,0,1,0,0x000,0x3fc
4219,2,0,1,0,0,0,2,8,0,0,0,0,0,0,1,0,0x000,0x3fd
4220,2,0,1,0,0,0,2,8,0,0,0,0,0,0,1,0,0x000,0x3fe
4221,2,0,1,0,0,0,2,8,0,0,0,0,0,0,1,0,0x000,0x3ff
4222,2,0,1,0,0,0,2,8,0,0,0,0,0,0,0,1,0x000,0x000
4223,2,0,1,0,0,0,2,9,0,0,0,0,0,0,0,0,0x000,0x000
4224,2,0,0,1,0,0,3,0,0,0,0,0,0,0,0,0,0x000,0x000
