cycle,valid,ready,accepted,addr,data,kind,head,dim,last,write_count_before
0,1,0,0,0x0000000414100800,0xfffff592,0,0,0,0,0
1,1,0,0,0x0000000414100800,0xfffff592,0,0,0,0,0
2,1,0,0,0x0000000414100800,0xfffff592,0,0,0,0,0
3,1,0,0,0x0000000414100800,0xfffff592,0,0,0,0,0
4,1,0,0,0x0000000414100800,0xfffff592,0,0,0,0,0
5,1,0,0,0x0000000414100800,0xfffff592,0,0,0,0,0
6,1,0,0,0x0000000414100800,0xfffff592,0,0,0,0,0
7,1,1,1,0x0000000414100800,0xfffff592,0,0,0,0,0
8,1,1,1,0x0000000414100804,0x000004db,0,0,1,0,1
9,1,0,0,0x0000000414100808,0x000027a2,0,0,2,0,2
10,1,1,1,0x0000000414100808,0x000027a2,0,0,2,0,2
11,1,1,1,0x000000041410080c,0x0000094d,0,0,3,0,3
12,1,1,1,0x0000000414100810,0x000005e5,0,0,4,0,4
13,1,1,1,0x0000000414100814,0x00001757,0,0,5,0,5
14,1,1,1,0x0000000414100818,0x00000d7e,0,0,6,0,6
15,1,1,1,0x000000041410081c,0xffffd925,0,0,7,0,7
16,1,0,0,0x0000000414100820,0x0000004b,0,0,8,0,8
17,1,1,1,0x0000000414100820,0x0000004b,0,0,8,0,8
18,1,1,1,0x0000000414100824,0xfffffeb1,0,0,9,0,9
19,1,1,1,0x0000000414100828,0x00000d97,0,0,10,0,10
20,1,1,1,0x000000041410082c,0x000007d6,0,0,11,0,11
21,1,1,1,0x0000000414100830,0x00000b74,0,0,12,0,12
22,1,1,1,0x0000000414100834,0xffffe63e,0,0,13,0,13
23,1,0,0,0x0000000414100838,0xfffffbba,0,0,14,0,14
24,1,1,1,0x0000000414100838,0xfffffbba,0,0,14,0,14
25,1,1,1,0x000000041410083c,0xffffe9fd,0,0,15,0,15
26,1,1,1,0x0000000414100840,0x000016ab,0,0,16,0,16
27,1,0,0,0x0000000414100844,0xfffffc6e,0,0,17,0,17
28,1,1,1,0x0000000414100844,0xfffffc6e,0,0,17,0,17
29,1,1,1,0x0000000414100848,0xffffe9f1,0,0,18,0,18
30,1,0,0,0x000000041410084c,0xffffe467,0,0,19,0,19
31,1,1,1,0x000000041410084c,0xffffe467,0,0,19,0,19
32,1,1,1,0x0000000414100850,0x000012e5,0,0,20,0,20
33,1,1,1,0x0000000414100854,0xfffff394,0,0,21,0,21
34,1,1,1,0x0000000414100858,0x00000927,0,0,22,0,22
35,1,1,1,0x000000041410085c,0xfffff108,0,0,23,0,23
36,1,1,1,0x0000000414100860,0xffff9f9a,0,0,24,0,24
37,1,0,0,0x0000000414100864,0xfffffbbf,0,0,25,0,25
38,1,0,0,0x0000000414100864,0xfffffbbf,0,0,25,0,25
39,1,1,1,0x0000000414100864,0xfffffbbf,0,0,25,0,25
40,1,1,1,0x0000000414100868,0x0000064a,0,0,26,0,26
41,1,1,1,0x000000041410086c,0x00003d0d,0,0,27,0,27
42,1,1,1,0x0000000414100870,0x00000f65,0,0,28,0,28
43,1,1,1,0x0000000414100874,0x00000d23,0,0,29,0,29
44,1,0,0,0x0000000414100878,0xfffffa70,0,0,30,0,30
45,1,1,1,0x0000000414100878,0xfffffa70,0,0,30,0,30
46,1,1,1,0x000000041410087c,0x000009b4,0,0,31,0,31
47,1,1,1,0x0000000414100880,0x00001134,0,0,32,0,32
48,1,1,1,0x0000000414100884,0x000003d9,0,0,33,0,33
49,1,0,0,0x0000000414100888,0x0000261b,0,0,34,0,34
50,1,1,1,0x0000000414100888,0x0000261b,0,0,34,0,34
51,1,0,0,0x000000041410088c,0x000007fa,0,0,35,0,35
52,1,1,1,0x000000041410088c,0x000007fa,0,0,35,0,35
53,1,1,1,0x0000000414100890,0xfffff1ad,0,0,36,0,36
54,1,1,1,0x0000000414100894,0xfffff2c2,0,0,37,0,37
55,1,1,1,0x0000000414100898,0xfffff606,0,0,38,0,38
56,1,1,1,0x000000041410089c,0x00000403,0,0,39,0,39
57,1,1,1,0x00000004141008a0,0xfffff427,0,0,40,0,40
58,1,0,0,0x00000004141008a4,0xfffffba0,0,0,41,0,41
59,1,1,1,0x00000004141008a4,0xfffffba0,0,0,41,0,41
60,1,0,0,0x00000004141008a8,0xffffe9d0,0,0,42,0,42
61,1,1,1,0x00000004141008a8,0xffffe9d0,0,0,42,0,42
62,1,1,1,0x00000004141008ac,0x000000ae,0,0,43,0,43
63,1,1,1,0x00000004141008b0,0x00000b05,0,0,44,0,44
64,1,1,1,0x00000004141008b4,0xfffff987,0,0,45,0,45
65,1,0,0,0x00000004141008b8,0xffffffec,0,0,46,0,46
66,1,1,1,0x00000004141008b8,0xffffffec,0,0,46,0,46
67,1,1,1,0x00000004141008bc,0xfffff883,0,0,47,0,47
68,1,1,1,0x00000004141008c0,0x00000d08,0,0,48,0,48
69,1,1,1,0x00000004141008c4,0x00001962,0,0,49,0,49
70,1,1,1,0x00000004141008c8,0xfff58f40,0,0,50,0,50
71,1,0,0,0x00000004141008cc,0xffffea2b,0,0,51,0,51
72,1,0,0,0x00000004141008cc,0xffffea2b,0,0,51,0,51
73,1,1,1,0x00000004141008cc,0xffffea2b,0,0,51,0,51
74,1,1,1,0x00000004141008d0,0x00000252,0,0,52,0,52
75,1,1,1,0x00000004141008d4,0xfffff983,0,0,53,0,53
76,1,1,1,0x00000004141008d8,0x00000459,0,0,54,0,54
77,1,1,1,0x00000004141008dc,0xfffff4c0,0,0,55,0,55
78,1,1,1,0x00000004141008e0,0xfffff0a9,0,0,56,0,56
79,1,0,0,0x00000004141008e4,0xfffffaa3,0,0,57,0,57
80,1,1,1,0x00000004141008e4,0xfffffaa3,0,0,57,0,57
81,1,1,1,0x00000004141008e8,0x00001616,0,0,58,0,58
82,1,0,0,0x00000004141008ec,0x0000051f,0,0,59,0,59
83,1,1,1,0x00000004141008ec,0x0000051f,0,0,59,0,59
84,1,1,1,0x00000004141008f0,0xffff9e3f,0,0,60,0,60
85,1,1,1,0x00000004141008f4,0x0000039e,0,0,61,0,61
86,1,0,0,0x00000004141008f8,0xffffff69,0,0,62,0,62
87,1,1,1,0x00000004141008f8,0xffffff69,0,0,62,0,62
88,1,1,1,0x00000004141008fc,0x000002a7,0,0,63,0,63
89,1,1,1,0x0000000414100900,0xfffff1ad,0,0,64,0,64
90,1,1,1,0x0000000414100904,0xfffff9cb,0,0,65,0,65
91,1,1,1,0x0000000414100908,0x00002b5b,0,0,66,0,66
92,1,1,1,0x000000041410090c,0x0000061a,0,0,67,0,67
93,1,0,0,0x0000000414100910,0x0000044b,0,0,68,0,68
94,1,1,1,0x0000000414100910,0x0000044b,0,0,68,0,68
95,1,1,1,0x0000000414100914,0x00000d3c,0,0,69,0,69
96,1,1,1,0x0000000414100918,0xffffe797,0,0,70,0,70
97,1,1,1,0x000000041410091c,0x000024dc,0,0,71,0,71
98,1,1,1,0x0000000414100920,0xfffff3db,0,0,72,0,72
99,1,1,1,0x0000000414100924,0xfffff2a5,0,0,73,0,73
100,1,0,0,0x0000000414100928,0xfffff139,0,0,74,0,74
101,1,1,1,0x0000000414100928,0xfffff139,0,0,74,0,74
102,1,1,1,0x000000041410092c,0xffffed02,0,0,75,0,75
103,1,1,1,0x0000000414100930,0xffffc99c,0,0,76,0,76
104,1,0,0,0x0000000414100934,0xffffc941,0,0,77,0,77
105,1,1,1,0x0000000414100934,0xffffc941,0,0,77,0,77
106,1,1,1,0x0000000414100938,0xfffffa8f,0,0,78,0,78
107,1,0,0,0x000000041410093c,0x0000086a,0,0,79,0,79
108,1,1,1,0x000000041410093c,0x0000086a,0,0,79,0,79
109,1,1,1,0x0000000414100940,0xffffe703,0,0,80,0,80
110,1,1,1,0x0000000414100944,0x0000080e,0,0,81,0,81
111,1,1,1,0x0000000414100948,0xfffffcba,0,0,82,0,82
112,1,1,1,0x000000041410094c,0xffffe5ff,0,0,83,0,83
113,1,1,1,0x0000000414100950,0xfffffa4f,0,0,84,0,84
114,1,0,0,0x0000000414100954,0x000002cd,0,0,85,0,85
115,1,0,0,0x0000000414100954,0x000002cd,0,0,85,0,85
116,1,1,1,0x0000000414100954,0x000002cd,0,0,85,0,85
117,1,1,1,0x0000000414100958,0x00000bcf,0,0,86,0,86
118,1,1,1,0x000000041410095c,0x000000b8,0,0,87,0,87
119,1,1,1,0x0000000414100960,0x00006b67,0,0,88,0,88
120,1,1,1,0x0000000414100964,0x00000a14,0,0,89,0,89
121,1,0,0,0x0000000414100968,0xfffffaab,0,0,90,0,90
122,1,1,1,0x0000000414100968,0xfffffaab,0,0,90,0,90
123,1,1,1,0x000000041410096c,0x00001761,0,0,91,0,91
124,1,1,1,0x0000000414100970,0x00000504,0,0,92,0,92
125,1,1,1,0x0000000414100974,0xfffffec7,0,0,93,0,93
126,1,0,0,0x0000000414100978,0xfffff298,0,0,94,0,94
127,1,1,1,0x0000000414100978,0xfffff298,0,0,94,0,94
128,1,0,0,0x000000041410097c,0x00000110,0,0,95,0,95
129,1,1,1,0x000000041410097c,0x00000110,0,0,95,0,95
130,1,1,1,0x0000000414100980,0xffffe736,0,0,96,0,96
131,1,1,1,0x0000000414100984,0x0000084c,0,0,97,0,97
132,1,1,1,0x0000000414100988,0xffffc922,0,0,98,0,98
133,1,1,1,0x000000041410098c,0xfffffcef,0,0,99,0,99
134,1,1,1,0x0000000414100990,0x000004f7,0,0,100,0,100
135,1,0,0,0x0000000414100994,0xfffff5e1,0,0,101,0,101
136,1,1,1,0x0000000414100994,0xfffff5e1,0,0,101,0,101
137,1,0,0,0x0000000414100998,0xfffffbff,0,0,102,0,102
138,1,1,1,0x0000000414100998,0xfffffbff,0,0,102,0,102
139,1,1,1,0x000000041410099c,0x000008ad,0,0,103,0,103
140,1,1,1,0x00000004141009a0,0x000000ae,0,0,104,0,104
141,1,1,1,0x00000004141009a4,0x0000009a,0,0,105,0,105
142,1,0,0,0x00000004141009a8,0xffffed01,0,0,106,0,106
143,1,1,1,0x00000004141009a8,0xffffed01,0,0,106,0,106
144,1,1,1,0x00000004141009ac,0x00000245,0,0,107,0,107
145,1,1,1,0x00000004141009b0,0xfffff84c,0,0,108,0,108
146,1,1,1,0x00000004141009b4,0x000005ca,0,0,109,0,109
147,1,1,1,0x00000004141009b8,0x00000894,0,0,110,0,110
148,1,0,0,0x00000004141009bc,0x0000018d,0,0,111,0,111
149,1,0,0,0x00000004141009bc,0x0000018d,0,0,111,0,111
150,1,1,1,0x00000004141009bc,0x0000018d,0,0,111,0,111
151,1,1,1,0x00000004141009c0,0x000029f9,0,0,112,0,112
152,1,1,1,0x00000004141009c4,0x000006e5,0,0,113,0,113
153,1,1,1,0x00000004141009c8,0xfffff382,0,0,114,0,114
154,1,1,1,0x00000004141009cc,0x0003a472,0,0,115,0,115
155,1,1,1,0x00000004141009d0,0xfffffe41,0,0,116,0,116
156,1,0,0,0x00000004141009d4,0xffffff71,0,0,117,0,117
157,1,1,1,0x00000004141009d4,0xffffff71,0,0,117,0,117
158,1,1,1,0x00000004141009d8,0x000009a9,0,0,118,0,118
159,1,0,0,0x00000004141009dc,0xfffff0d3,0,0,119,0,119
160,1,1,1,0x00000004141009dc,0xfffff0d3,0,0,119,0,119
161,1,1,1,0x00000004141009e0,0xffffeb22,0,0,120,0,120
162,1,1,1,0x00000004141009e4,0xffffff10,0,0,121,0,121
163,1,0,0,0x00000004141009e8,0x000001f1,0,0,122,0,122
164,1,1,1,0x00000004141009e8,0x000001f1,0,0,122,0,122
165,1,1,1,0x00000004141009ec,0xfffffc08,0,0,123,0,123
166,1,1,1,0x00000004141009f0,0xfffffed2,0,0,124,0,124
167,1,1,1,0x00000004141009f4,0x00000840,0,0,125,0,125
168,1,1,1,0x00000004141009f8,0xfffff409,0,0,126,0,126
169,1,1,1,0x00000004141009fc,0xffffff4d,0,0,127,0,127
170,1,0,0,0x0000000414120800,0xfffff503,0,1,0,0,128
171,1,1,1,0x0000000414120800,0xfffff503,0,1,0,0,128
172,1,1,1,0x0000000414120804,0xffffb3cc,0,1,1,0,129
173,1,1,1,0x0000000414120808,0x00005ede,0,1,2,0,130
174,1,1,1,0x000000041412080c,0x00005139,0,1,3,0,131
175,1,1,1,0x0000000414120810,0xffffed79,0,1,4,0,132
176,1,1,1,0x0000000414120814,0xffffc1a5,0,1,5,0,133
177,1,0,0,0x0000000414120818,0x000017c6,0,1,6,0,134
178,1,1,1,0x0000000414120818,0x000017c6,0,1,6,0,134
179,1,1,1,0x000000041412081c,0xfffff019,0,1,7,0,135
180,1,1,1,0x0000000414120820,0x00000d33,0,1,8,0,136
181,1,0,0,0x0000000414120824,0x00001060,0,1,9,0,137
182,1,1,1,0x0000000414120824,0x00001060,0,1,9,0,137
183,1,1,1,0x0000000414120828,0xffffce5d,0,1,10,0,138
184,1,0,0,0x000000041412082c,0xffffff54,0,1,11,0,139
185,1,1,1,0x000000041412082c,0xffffff54,0,1,11,0,139
186,1,1,1,0x0000000414120830,0xfffffb62,0,1,12,0,140
187,1,1,1,0x0000000414120834,0xfffffb9b,0,1,13,0,141
188,1,1,1,0x0000000414120838,0x00000082,0,1,14,0,142
189,1,1,1,0x000000041412083c,0x00000310,0,1,15,0,143
190,1,1,1,0x0000000414120840,0xffffff98,0,1,16,0,144
191,1,0,0,0x0000000414120844,0x00000e3e,0,1,17,0,145
192,1,0,0,0x0000000414120844,0x00000e3e,0,1,17,0,145
193,1,1,1,0x0000000414120844,0x00000e3e,0,1,17,0,145
194,1,1,1,0x0000000414120848,0xfffffdb5,0,1,18,0,146
195,1,1,1,0x000000041412084c,0x0000126b,0,1,19,0,147
196,1,1,1,0x0000000414120850,0x0000035e,0,1,20,0,148
197,1,1,1,0x0000000414120854,0x0000298d,0,1,21,0,149
198,1,0,0,0x0000000414120858,0xfffff344,0,1,22,0,150
199,1,1,1,0x0000000414120858,0xfffff344,0,1,22,0,150
200,1,1,1,0x000000041412085c,0x00000a01,0,1,23,0,151
201,1,1,1,0x0000000414120860,0x00000d8d,0,1,24,0,152
202,1,1,1,0x0000000414120864,0x0000497e,0,1,25,0,153
203,1,0,0,0x0000000414120868,0xffffb849,0,1,26,0,154
204,1,1,1,0x0000000414120868,0xffffb849,0,1,26,0,154
205,1,0,0,0x000000041412086c,0xfffff02c,0,1,27,0,155
206,1,1,1,0x000000041412086c,0xfffff02c,0,1,27,0,155
207,1,1,1,0x0000000414120870,0x00000559,0,1,28,0,156
208,1,1,1,0x0000000414120874,0xffffe39f,0,1,29,0,157
209,1,1,1,0x0000000414120878,0xffffebcc,0,1,30,0,158
210,1,1,1,0x000000041412087c,0xfffffb0b,0,1,31,0,159
211,1,1,1,0x0000000414120880,0x00000225,0,1,32,0,160
212,1,0,0,0x0000000414120884,0xffffdaef,0,1,33,0,161
213,1,1,1,0x0000000414120884,0xffffdaef,0,1,33,0,161
214,1,0,0,0x0000000414120888,0xfffffe0b,0,1,34,0,162
215,1,1,1,0x0000000414120888,0xfffffe0b,0,1,34,0,162
216,1,1,1,0x000000041412088c,0x00003d9f,0,1,35,0,163
217,1,1,1,0x0000000414120890,0xffffcb81,0,1,36,0,164
218,1,1,1,0x0000000414120894,0xffffe9ff,0,1,37,0,165
219,1,0,0,0x0000000414120898,0x000042d8,0,1,38,0,166
220,1,1,1,0x0000000414120898,0x000042d8,0,1,38,0,166
221,1,1,1,0x000000041412089c,0xffffe769,0,1,39,0,167
222,1,1,1,0x00000004141208a0,0x00002b11,0,1,40,0,168
223,1,1,1,0x00000004141208a4,0x000028ad,0,1,41,0,169
224,1,1,1,0x00000004141208a8,0x00004562,0,1,42,0,170
225,1,0,0,0x00000004141208ac,0xffffcfd2,0,1,43,0,171
226,1,0,0,0x00000004141208ac,0xffffcfd2,0,1,43,0,171
227,1,1,1,0x00000004141208ac,0xffffcfd2,0,1,43,0,171
228,1,1,1,0x00000004141208b0,0xfffff2ed,0,1,44,0,172
229,1,1,1,0x00000004141208b4,0xffffd6f0,0,1,45,0,173
230,1,1,1,0x00000004141208b8,0xffffc7a9,0,1,46,0,174
231,1,1,1,0x00000004141208bc,0x000025e6,0,1,47,0,175
232,1,1,1,0x00000004141208c0,0xffffdfde,0,1,48,0,176
233,1,0,0,0x00000004141208c4,0x000037a8,0,1,49,0,177
234,1,1,1,0x00000004141208c4,0x000037a8,0,1,49,0,177
235,1,1,1,0x00000004141208c8,0xfffe234d,0,1,50,0,178
236,1,0,0,0x00000004141208cc,0x00000078,0,1,51,0,179
237,1,1,1,0x00000004141208cc,0x00000078,0,1,51,0,179
238,1,1,1,0x00000004141208d0,0x00002bd0,0,1,52,0,180
239,1,1,1,0x00000004141208d4,0x00000bb9,0,1,53,0,181
240,1,0,0,0x00000004141208d8,0x00001306,0,1,54,0,182
241,1,1,1,0x00000004141208d8,0x00001306,0,1,54,0,182
242,1,1,1,0x00000004141208dc,0xffffec0f,0,1,55,0,183
243,1,1,1,0x00000004141208e0,0x000021eb,0,1,56,0,184
244,1,1,1,0x00000004141208e4,0x00002b9c,0,1,57,0,185
245,1,1,1,0x00000004141208e8,0x000027ae,0,1,58,0,186
246,1,1,1,0x00000004141208ec,0x00000bb4,0,1,59,0,187
247,1,0,0,0x00000004141208f0,0x000010a3,0,1,60,0,188
248,1,1,1,0x00000004141208f0,0x000010a3,0,1,60,0,188
249,1,1,1,0x00000004141208f4,0x00000200,0,1,61,0,189
250,1,1,1,0x00000004141208f8,0x0000214f,0,1,62,0,190
251,1,1,1,0x00000004141208fc,0x00001bc3,0,1,63,0,191
252,1,1,1,0x0000000414120900,0xffffe4fa,0,1,64,0,192
253,1,1,1,0x0000000414120904,0x00003d1d,0,1,65,0,193
254,1,0,0,0x0000000414120908,0xffffb1ab,0,1,66,0,194
255,1,1,1,0x0000000414120908,0xffffb1ab,0,1,66,0,194
256,1,1,1,0x000000041412090c,0x0000448a,0,1,67,0,195
257,1,1,1,0x0000000414120910,0x00001d5f,0,1,68,0,196
258,1,0,0,0x0000000414120914,0xffffb65c,0,1,69,0,197
259,1,1,1,0x0000000414120914,0xffffb65c,0,1,69,0,197
260,1,1,1,0x0000000414120918,0xffffcb41,0,1,70,0,198
261,1,0,0,0x000000041412091c,0xffffe91a,0,1,71,0,199
262,1,1,1,0x000000041412091c,0xffffe91a,0,1,71,0,199
263,1,1,1,0x0000000414120920,0xfffff9e4,0,1,72,0,200
264,1,1,1,0x0000000414120924,0xffffefc9,0,1,73,0,201
265,1,1,1,0x0000000414120928,0x0000135d,0,1,74,0,202
266,1,1,1,0x000000041412092c,0x000001b9,0,1,75,0,203
267,1,1,1,0x0000000414120930,0xfffff719,0,1,76,0,204
268,1,0,0,0x0000000414120934,0x00000a61,0,1,77,0,205
269,1,0,0,0x0000000414120934,0x00000a61,0,1,77,0,205
270,1,1,1,0x0000000414120934,0x00000a61,0,1,77,0,205
271,1,1,1,0x0000000414120938,0xfffff495,0,1,78,0,206
272,1,1,1,0x000000041412093c,0xffffe772,0,1,79,0,207
273,1,1,1,0x0000000414120940,0x000004f8,0,1,80,0,208
274,1,1,1,0x0000000414120944,0x00000d28,0,1,81,0,209
275,1,0,0,0x0000000414120948,0x0000056a,0,1,82,0,210
276,1,1,1,0x0000000414120948,0x0000056a,0,1,82,0,210
277,1,1,1,0x000000041412094c,0xffffca26,0,1,83,0,211
278,1,1,1,0x0000000414120950,0x00001239,0,1,84,0,212
279,1,1,1,0x0000000414120954,0x00002678,0,1,85,0,213
280,1,0,0,0x0000000414120958,0x00000d9f,0,1,86,0,214
281,1,1,1,0x0000000414120958,0x00000d9f,0,1,86,0,214
282,1,0,0,0x000000041412095c,0xfffffe9c,0,1,87,0,215
283,1,1,1,0x000000041412095c,0xfffffe9c,0,1,87,0,215
284,1,1,1,0x0000000414120960,0xffff493a,0,1,88,0,216
285,1,1,1,0x0000000414120964,0x000013a3,0,1,89,0,217
286,1,1,1,0x0000000414120968,0x00001035,0,1,90,0,218
287,1,1,1,0x000000041412096c,0x00003e6d,0,1,91,0,219
288,1,1,1,0x0000000414120970,0xfffff5aa,0,1,92,0,220
289,1,0,0,0x0000000414120974,0x000007b4,0,1,93,0,221
290,1,1,1,0x0000000414120974,0x000007b4,0,1,93,0,221
291,1,0,0,0x0000000414120978,0x0000087f,0,1,94,0,222
292,1,1,1,0x0000000414120978,0x0000087f,0,1,94,0,222
293,1,1,1,0x000000041412097c,0xffffea15,0,1,95,0,223
294,1,1,1,0x0000000414120980,0xfffff538,0,1,96,0,224
295,1,1,1,0x0000000414120984,0x0000191a,0,1,97,0,225
296,1,0,0,0x0000000414120988,0xfffff73b,0,1,98,0,226
297,1,1,1,0x0000000414120988,0xfffff73b,0,1,98,0,226
298,1,1,1,0x000000041412098c,0xffffd8b1,0,1,99,0,227
299,1,1,1,0x0000000414120990,0xffffcdc7,0,1,100,0,228
300,1,1,1,0x0000000414120994,0xffffd9fd,0,1,101,0,229
301,1,1,1,0x0000000414120998,0x000041bd,0,1,102,0,230
302,1,0,0,0x000000041412099c,0xffffc512,0,1,103,0,231
303,1,0,0,0x000000041412099c,0xffffc512,0,1,103,0,231
304,1,1,1,0x000000041412099c,0xffffc512,0,1,103,0,231
305,1,1,1,0x00000004141209a0,0xffffdbd5,0,1,104,0,232
306,1,1,1,0x00000004141209a4,0x00002ba5,0,1,105,0,233
307,1,1,1,0x00000004141209a8,0x00003c08,0,1,106,0,234
308,1,1,1,0x00000004141209ac,0x00001ac9,0,1,107,0,235
309,1,1,1,0x00000004141209b0,0xffffe873,0,1,108,0,236
310,1,0,0,0x00000004141209b4,0x00003d37,0,1,109,0,237
311,1,1,1,0x00000004141209b4,0x00003d37,0,1,109,0,237
312,1,1,1,0x00000004141209b8,0xffffd8d0,0,1,110,0,238
313,1,0,0,0x00000004141209bc,0xffffc5f3,0,1,111,0,239
314,1,1,1,0x00000004141209bc,0xffffc5f3,0,1,111,0,239
315,1,1,1,0x00000004141209c0,0x00005c8a,0,1,112,0,240
316,1,1,1,0x00000004141209c4,0x00001a8e,0,1,113,0,241
317,1,0,0,0x00000004141209c8,0xfffff340,0,1,114,0,242
318,1,1,1,0x00000004141209c8,0xfffff340,0,1,114,0,242
319,1,1,1,0x00000004141209cc,0xfffe20c7,0,1,115,0,243
320,1,1,1,0x00000004141209d0,0x00000ef3,0,1,116,0,244
321,1,1,1,0x00000004141209d4,0x00002b45,0,1,117,0,245
322,1,1,1,0x00000004141209d8,0xffffc918,0,1,118,0,246
323,1,1,1,0x00000004141209dc,0x00002f7d,0,1,119,0,247
324,1,0,0,0x00000004141209e0,0xffffd381,0,1,120,0,248
325,1,1,1,0x00000004141209e0,0xffffd381,0,1,120,0,248
326,1,1,1,0x00000004141209e4,0x000021c8,0,1,121,0,249
327,1,1,1,0x00000004141209e8,0xffffdd53,0,1,122,0,250
328,1,1,1,0x00000004141209ec,0xffffca07,0,1,123,0,251
329,1,1,1,0x00000004141209f0,0xfffff11c,0,1,124,0,252
330,1,1,1,0x00000004141209f4,0x00002e13,0,1,125,0,253
331,1,0,0,0x00000004141209f8,0x000002b8,0,1,126,0,254
332,1,1,1,0x00000004141209f8,0x000002b8,0,1,126,0,254
333,1,1,1,0x00000004141209fc,0xffffe3b1,0,1,127,0,255
334,1,1,1,0x0000000414140800,0x00000615,0,2,0,0,256
335,1,0,0,0x0000000414140804,0x00000217,0,2,1,0,257
336,1,1,1,0x0000000414140804,0x00000217,0,2,1,0,257
337,1,1,1,0x0000000414140808,0xffffca92,0,2,2,0,258
338,1,0,0,0x000000041414080c,0x00000020,0,2,3,0,259
339,1,1,1,0x000000041414080c,0x00000020,0,2,3,0,259
340,1,1,1,0x0000000414140810,0xfffffb8d,0,2,4,0,260
341,1,1,1,0x0000000414140814,0x00000c9b,0,2,5,0,261
342,1,1,1,0x0000000414140818,0x00000c3f,0,2,6,0,262
343,1,1,1,0x000000041414081c,0x00000525,0,2,7,0,263
344,1,1,1,0x0000000414140820,0xfffff695,0,2,8,0,264
345,1,0,0,0x0000000414140824,0xfffffc39,0,2,9,0,265
346,1,0,0,0x0000000414140824,0xfffffc39,0,2,9,0,265
347,1,1,1,0x0000000414140824,0xfffffc39,0,2,9,0,265
348,1,1,1,0x0000000414140828,0xfffff141,0,2,10,0,266
349,1,1,1,0x000000041414082c,0x00000408,0,2,11,0,267
350,1,1,1,0x0000000414140830,0x00001be6,0,2,12,0,268
351,1,1,1,0x0000000414140834,0x000021d3,0,2,13,0,269
352,1,0,0,0x0000000414140838,0xfffff9e9,0,2,14,0,270
353,1,1,1,0x0000000414140838,0xfffff9e9,0,2,14,0,270
354,1,1,1,0x000000041414083c,0xfffff429,0,2,15,0,271
355,1,1,1,0x0000000414140840,0xfffff5f5,0,2,16,0,272
356,1,1,1,0x0000000414140844,0xfffffa47,0,2,17,0,273
357,1,0,0,0x0000000414140848,0xfffff466,0,2,18,0,274
358,1,1,1,0x0000000414140848,0xfffff466,0,2,18,0,274
359,1,0,0,0x000000041414084c,0x00000c5c,0,2,19,0,275
360,1,1,1,0x000000041414084c,0x00000c5c,0,2,19,0,275
361,1,1,1,0x0000000414140850,0xfffffd79,0,2,20,0,276
362,1,1,1,0x0000000414140854,0xffffeabb,0,2,21,0,277
363,1,1,1,0x0000000414140858,0x00000eac,0,2,22,0,278
364,1,1,1,0x000000041414085c,0xfffffbe1,0,2,23,0,279
365,1,1,1,0x0000000414140860,0xffffd22c,0,2,24,0,280
366,1,0,0,0x0000000414140864,0x000001e1,0,2,25,0,281
367,1,1,1,0x0000000414140864,0x000001e1,0,2,25,0,281
368,1,0,0,0x0000000414140868,0x000011cd,0,2,26,0,282
369,1,1,1,0x0000000414140868,0x000011cd,0,2,26,0,282
370,1,1,1,0x000000041414086c,0xfffffa1e,0,2,27,0,283
371,1,1,1,0x0000000414140870,0x000006fb,0,2,28,0,284
372,1,1,1,0x0000000414140874,0x00000a9d,0,2,29,0,285
373,1,0,0,0x0000000414140878,0x00000d01,0,2,30,0,286
374,1,1,1,0x0000000414140878,0x00000d01,0,2,30,0,286
375,1,1,1,0x000000041414087c,0xfffffe73,0,2,31,0,287
376,1,1,1,0x0000000414140880,0xfffff66f,0,2,32,0,288
377,1,1,1,0x0000000414140884,0x000005b8,0,2,33,0,289
378,1,1,1,0x0000000414140888,0xffffe70b,0,2,34,0,290
379,1,0,0,0x000000041414088c,0x0000029d,0,2,35,0,291
380,1,0,0,0x000000041414088c,0x0000029d,0,2,35,0,291
381,1,1,1,0x000000041414088c,0x0000029d,0,2,35,0,291
382,1,1,1,0x0000000414140890,0x00001396,0,2,36,0,292
383,1,1,1,0x0000000414140894,0xfffffdec,0,2,37,0,293
384,1,1,1,0x0000000414140898,0xffffff2a,0,2,38,0,294
385,1,1,1,0x000000041414089c,0xfffff5a5,0,2,39,0,295
386,1,1,1,0x00000004141408a0,0xffffefd9,0,2,40,0,296
387,1,0,0,0x00000004141408a4,0x000005cd,0,2,41,0,297
388,1,1,1,0x00000004141408a4,0x000005cd,0,2,41,0,297
389,1,1,1,0x00000004141408a8,0xffffe577,0,2,42,0,298
390,1,0,0,0x00000004141408ac,0x000002ca,0,2,43,0,299
391,1,1,1,0x00000004141408ac,0x000002ca,0,2,43,0,299
392,1,1,1,0x00000004141408b0,0x0000003f,0,2,44,0,300
393,1,1,1,0x00000004141408b4,0xfffff9d1,0,2,45,0,301
394,1,0,0,0x00000004141408b8,0x0000079e,0,2,46,0,302
395,1,1,1,0x00000004141408b8,0x0000079e,0,2,46,0,302
396,1,1,1,0x00000004141408bc,0x000004bf,0,2,47,0,303
397,1,1,1,0x00000004141408c0,0x00000018,0,2,48,0,304
398,1,1,1,0x00000004141408c4,0x00000b04,0,2,49,0,305
399,1,1,1,0x00000004141408c8,0xffef92bb,0,2,50,0,306
400,1,1,1,0x00000004141408cc,0xffffef72,0,2,51,0,307
401,1,0,0,0x00000004141408d0,0x00000b02,0,2,52,0,308
402,1,1,1,0x00000004141408d0,0x00000b02,0,2,52,0,308
403,1,1,1,0x00000004141408d4,0x000001f4,0,2,53,0,309
404,1,1,1,0x00000004141408d8,0x00000214,0,2,54,0,310
405,1,1,1,0x00000004141408dc,0xffffff8c,0,2,55,0,311
406,1,1,1,0x00000004141408e0,0xfffffd2c,0,2,56,0,312
407,1,1,1,0x00000004141408e4,0x0000001a,0,2,57,0,313
408,1,0,0,0x00000004141408e8,0xfffff457,0,2,58,0,314
409,1,1,1,0x00000004141408e8,0xfffff457,0,2,58,0,314
410,1,1,1,0x00000004141408ec,0xfffffb4c,0,2,59,0,315
411,1,1,1,0x00000004141408f0,0xfffffa4d,0,2,60,0,316
412,1,0,0,0x00000004141408f4,0xfffffec0,0,2,61,0,317
413,1,1,1,0x00000004141408f4,0xfffffec0,0,2,61,0,317
414,1,1,1,0x00000004141408f8,0x00000208,0,2,62,0,318
415,1,0,0,0x00000004141408fc,0x00000755,0,2,63,0,319
416,1,1,1,0x00000004141408fc,0x00000755,0,2,63,0,319
417,1,1,1,0x0000000414140900,0x000005ed,0,2,64,0,320
418,1,1,1,0x0000000414140904,0x00000b7e,0,2,65,0,321
419,1,1,1,0x0000000414140908,0xffffe820,0,2,66,0,322
420,1,1,1,0x000000041414090c,0x0000054a,0,2,67,0,323
421,1,1,1,0x0000000414140910,0xfffff9cf,0,2,68,0,324
422,1,0,0,0x0000000414140914,0xfffffc69,0,2,69,0,325
423,1,0,0,0x0000000414140914,0xfffffc69,0,2,69,0,325
424,1,1,1,0x0000000414140914,0xfffffc69,0,2,69,0,325
425,1,1,1,0x0000000414140918,0xffffe90f,0,2,70,0,326
426,1,1,1,0x000000041414091c,0xffffec61,0,2,71,0,327
427,1,1,1,0x0000000414140920,0xfffffcd8,0,2,72,0,328
428,1,1,1,0x0000000414140924,0x00000d91,0,2,73,0,329
429,1,0,0,0x0000000414140928,0x000000db,0,2,74,0,330
430,1,1,1,0x0000000414140928,0x000000db,0,2,74,0,330
431,1,1,1,0x000000041414092c,0xfffffbb1,0,2,75,0,331
432,1,1,1,0x0000000414140930,0x000019d2,0,2,76,0,332
433,1,1,1,0x0000000414140934,0x00005d7b,0,2,77,0,333
434,1,0,0,0x0000000414140938,0x000002c3,0,2,78,0,334
435,1,1,1,0x0000000414140938,0x000002c3,0,2,78,0,334
436,1,0,0,0x000000041414093c,0xfffffa33,0,2,79,0,335
437,1,1,1,0x000000041414093c,0xfffffa33,0,2,79,0,335
438,1,1,1,0x0000000414140940,0xfffffad9,0,2,80,0,336
439,1,1,1,0x0000000414140944,0x00000c63,0,2,81,0,337
440,1,1,1,0x0000000414140948,0x00000d17,0,2,82,0,338
441,1,1,1,0x000000041414094c,0x000014c7,0,2,83,0,339
442,1,1,1,0x0000000414140950,0xffffec13,0,2,84,0,340
443,1,0,0,0x0000000414140954,0x0000015c,0,2,85,0,341
444,1,1,1,0x0000000414140954,0x0000015c,0,2,85,0,341
445,1,0,0,0x0000000414140958,0x00000b79,0,2,86,0,342
446,1,1,1,0x0000000414140958,0x00000b79,0,2,86,0,342
447,1,1,1,0x000000041414095c,0xfffff85d,0,2,87,0,343
448,1,1,1,0x0000000414140960,0x0000a85f,0,2,88,0,344
449,1,1,1,0x0000000414140964,0xfffff8a6,0,2,89,0,345
450,1,0,0,0x0000000414140968,0xfffff01f,0,2,90,0,346
451,1,1,1,0x0000000414140968,0xfffff01f,0,2,90,0,346
452,1,1,1,0x000000041414096c,0x00000000,0,2,91,0,347
453,1,1,1,0x0000000414140970,0x000005f7,0,2,92,0,348
454,1,1,1,0x0000000414140974,0xfffff646,0,2,93,0,349
455,1,1,1,0x0000000414140978,0x00000dd1,0,2,94,0,350
456,1,0,0,0x000000041414097c,0x000004b4,0,2,95,0,351
457,1,0,0,0x000000041414097c,0x000004b4,0,2,95,0,351
458,1,1,1,0x000000041414097c,0x000004b4,0,2,95,0,351
459,1,1,1,0x0000000414140980,0x00002038,0,2,96,0,352
460,1,1,1,0x0000000414140984,0xfffff024,0,2,97,0,353
461,1,1,1,0x0000000414140988,0x00001c04,0,2,98,0,354
462,1,1,1,0x000000041414098c,0x00000f34,0,2,99,0,355
463,1,1,1,0x0000000414140990,0xffffeeba,0,2,100,0,356
464,1,0,0,0x0000000414140994,0xfffff9ad,0,2,101,0,357
465,1,1,1,0x0000000414140994,0xfffff9ad,0,2,101,0,357
466,1,1,1,0x0000000414140998,0x00000eb4,0,2,102,0,358
467,1,0,0,0x000000041414099c,0x00000862,0,2,103,0,359
468,1,1,1,0x000000041414099c,0x00000862,0,2,103,0,359
469,1,1,1,0x00000004141409a0,0xffffffc1,0,2,104,0,360
470,1,1,1,0x00000004141409a4,0xffffea64,0,2,105,0,361
471,1,0,0,0x00000004141409a8,0x000009f8,0,2,106,0,362
472,1,1,1,0x00000004141409a8,0x000009f8,0,2,106,0,362
473,1,1,1,0x00000004141409ac,0x000007b1,0,2,107,0,363
474,1,1,1,0x00000004141409b0,0x0000015c,0,2,108,0,364
475,1,1,1,0x00000004141409b4,0x000006ad,0,2,109,0,365
476,1,1,1,0x00000004141409b8,0x00000510,0,2,110,0,366
477,1,1,1,0x00000004141409bc,0xffffef41,0,2,111,0,367
478,1,0,0,0x00000004141409c0,0xfffff5fe,0,2,112,0,368
479,1,1,1,0x00000004141409c0,0xfffff5fe,0,2,112,0,368
480,1,1,1,0x00000004141409c4,0xfffffaf9,0,2,113,0,369
481,1,1,1,0x00000004141409c8,0xffffd964,0,2,114,0,370
482,1,1,1,0x00000004141409cc,0x0003fcfc,0,2,115,0,371
483,1,1,1,0x00000004141409d0,0xfffffafe,0,2,116,0,372
484,1,1,1,0x00000004141409d4,0xfffffcd2,0,2,117,0,373
485,1,0,0,0x00000004141409d8,0x00000e63,0,2,118,0,374
486,1,1,1,0x00000004141409d8,0x00000e63,0,2,118,0,374
487,1,1,1,0x00000004141409dc,0x00000364,0,2,119,0,375
488,1,1,1,0x00000004141409e0,0xffffff54,0,2,120,0,376
489,1,0,0,0x00000004141409e4,0xfffffd6b,0,2,121,0,377
490,1,1,1,0x00000004141409e4,0xfffffd6b,0,2,121,0,377
491,1,1,1,0x00000004141409e8,0x000001c7,0,2,122,0,378
492,1,0,0,0x00000004141409ec,0x0000058c,0,2,123,0,379
493,1,1,1,0x00000004141409ec,0x0000058c,0,2,123,0,379
494,1,1,1,0x00000004141409f0,0xfffffa61,0,2,124,0,380
495,1,1,1,0x00000004141409f4,0xfffffa85,0,2,125,0,381
496,1,1,1,0x00000004141409f8,0x00000533,0,2,126,0,382
497,1,1,1,0x00000004141409fc,0xffffe92a,0,2,127,0,383
498,1,1,1,0x0000000414160800,0xfffff3cf,0,3,0,0,384
499,1,0,0,0x0000000414160804,0xffffef30,0,3,1,0,385
500,1,0,0,0x0000000414160804,0xffffef30,0,3,1,0,385
501,1,1,1,0x0000000414160804,0xffffef30,0,3,1,0,385
502,1,1,1,0x0000000414160808,0x00000a20,0,3,2,0,386
503,1,1,1,0x000000041416080c,0xffffeefc,0,3,3,0,387
504,1,1,1,0x0000000414160810,0xffffeb1c,0,3,4,0,388
505,1,1,1,0x0000000414160814,0x000034c1,0,3,5,0,389
506,1,0,0,0x0000000414160818,0xffffef67,0,3,6,0,390
507,1,1,1,0x0000000414160818,0xffffef67,0,3,6,0,390
508,1,1,1,0x000000041416081c,0x00002577,0,3,7,0,391
509,1,1,1,0x0000000414160820,0xffffe51c,0,3,8,0,392
510,1,1,1,0x0000000414160824,0x00000fd2,0,3,9,0,393
511,1,0,0,0x0000000414160828,0x000010b5,0,3,10,0,394
512,1,1,1,0x0000000414160828,0x000010b5,0,3,10,0,394
513,1,0,0,0x000000041416082c,0xffffeec1,0,3,11,0,395
514,1,1,1,0x000000041416082c,0xffffeec1,0,3,11,0,395
515,1,1,1,0x0000000414160830,0x00000501,0,3,12,0,396
516,1,1,1,0x0000000414160834,0x00002cc2,0,3,13,0,397
517,1,1,1,0x0000000414160838,0xfffff221,0,3,14,0,398
518,1,1,1,0x000000041416083c,0xfffffc40,0,3,15,0,399
519,1,1,1,0x0000000414160840,0x0000206d,0,3,16,0,400
520,1,0,0,0x0000000414160844,0x00001b00,0,3,17,0,401
521,1,1,1,0x0000000414160844,0x00001b00,0,3,17,0,401
522,1,0,0,0x0000000414160848,0xfffff0ca,0,3,18,0,402
523,1,1,1,0x0000000414160848,0xfffff0ca,0,3,18,0,402
524,1,1,1,0x000000041416084c,0xffffe6fb,0,3,19,0,403
525,1,1,1,0x0000000414160850,0xfffff2f1,0,3,20,0,404
526,1,1,1,0x0000000414160854,0xfffff451,0,3,21,0,405
527,1,0,0,0x0000000414160858,0x00000c4c,0,3,22,0,406
528,1,1,1,0x0000000414160858,0x00000c4c,0,3,22,0,406
529,1,1,1,0x000000041416085c,0xffffdae1,0,3,23,0,407
530,1,1,1,0x0000000414160860,0xffffd9ca,0,3,24,0,408
531,1,1,1,0x0000000414160864,0x00001b51,0,3,25,0,409
532,1,1,1,0x0000000414160868,0xffffd50a,0,3,26,0,410
533,1,0,0,0x000000041416086c,0x000021de,0,3,27,0,411
534,1,0,0,0x000000041416086c,0x000021de,0,3,27,0,411
535,1,1,1,0x000000041416086c,0x000021de,0,3,27,0,411
536,1,1,1,0x0000000414160870,0xfffff5c8,0,3,28,0,412
537,1,1,1,0x0000000414160874,0x00001212,0,3,29,0,413
538,1,1,1,0x0000000414160878,0xffffd9bc,0,3,30,0,414
539,1,1,1,0x000000041416087c,0x00000fbb,0,3,31,0,415
540,1,1,1,0x0000000414160880,0xfffff966,0,3,32,0,416
541,1,0,0,0x0000000414160884,0x000003c4,0,3,33,0,417
542,1,1,1,0x0000000414160884,0x000003c4,0,3,33,0,417
543,1,1,1,0x0000000414160888,0x0000602c,0,3,34,0,418
544,1,0,0,0x000000041416088c,0x00001ee5,0,3,35,0,419
545,1,1,1,0x000000041416088c,0x00001ee5,0,3,35,0,419
546,1,1,1,0x0000000414160890,0x00000355,0,3,36,0,420
547,1,1,1,0x0000000414160894,0xffffeb13,0,3,37,0,421
548,1,0,0,0x0000000414160898,0x000070a0,0,3,38,0,422
549,1,1,1,0x0000000414160898,0x000070a0,0,3,38,0,422
550,1,1,1,0x000000041416089c,0xffffeb95,0,3,39,0,423
551,1,1,1,0x00000004141608a0,0xffffc637,0,3,40,0,424
552,1,1,1,0x00000004141608a4,0xfffffb44,0,3,41,0,425
553,1,1,1,0x00000004141608a8,0xffffb6eb,0,3,42,0,426
554,1,1,1,0x00000004141608ac,0xffffe34a,0,3,43,0,427
555,1,0,0,0x00000004141608b0,0xffffec1e,0,3,44,0,428
556,1,1,1,0x00000004141608b0,0xffffec1e,0,3,44,0,428
557,1,1,1,0x00000004141608b4,0xffffffff,0,3,45,0,429
558,1,1,1,0x00000004141608b8,0xffffe2f3,0,3,46,0,430
559,1,1,1,0x00000004141608bc,0xfffffd37,0,3,47,0,431
560,1,1,1,0x00000004141608c0,0xffffe896,0,3,48,0,432
561,1,1,1,0x00000004141608c4,0xffffcecb,0,3,49,0,433
562,1,0,0,0x00000004141608c8,0xfff1b770,0,3,50,0,434
563,1,1,1,0x00000004141608c8,0xfff1b770,0,3,50,0,434
564,1,1,1,0x00000004141608cc,0xfffff4ec,0,3,51,0,435
565,1,1,1,0x00000004141608d0,0x0000401c,0,3,52,0,436
566,1,0,0,0x00000004141608d4,0xffffe9be,0,3,53,0,437
567,1,1,1,0x00000004141608d4,0xffffe9be,0,3,53,0,437
568,1,1,1,0x00000004141608d8,0x00000376,0,3,54,0,438
569,1,0,0,0x00000004141608dc,0xffffebb3,0,3,55,0,439
570,1,1,1,0x00000004141608dc,0xffffebb3,0,3,55,0,439
571,1,1,1,0x00000004141608e0,0x00001806,0,3,56,0,440
572,1,1,1,0x00000004141608e4,0x000005f6,0,3,57,0,441
573,1,1,1,0x00000004141608e8,0xfffff43d,0,3,58,0,442
574,1,1,1,0x00000004141608ec,0xfffff363,0,3,59,0,443
575,1,1,1,0x00000004141608f0,0xfffff7ce,0,3,60,0,444
576,1,0,0,0x00000004141608f4,0xfffff9a8,0,3,61,0,445
577,1,0,0,0x00000004141608f4,0xfffff9a8,0,3,61,0,445
578,1,1,1,0x00000004141608f4,0xfffff9a8,0,3,61,0,445
579,1,1,1,0x00000004141608f8,0xffffffdf,0,3,62,0,446
580,1,1,1,0x00000004141608fc,0xfffff8af,0,3,63,0,447
581,1,1,1,0x0000000414160900,0xffffc3fc,0,3,64,0,448
582,1,1,1,0x0000000414160904,0x00001656,0,3,65,0,449
583,1,0,0,0x0000000414160908,0x00004fe8,0,3,66,0,450
584,1,1,1,0x0000000414160908,0x00004fe8,0,3,66,0,450
585,1,1,1,0x000000041416090c,0x000008b6,0,3,67,0,451
586,1,1,1,0x0000000414160910,0xfffffbc7,0,3,68,0,452
587,1,1,1,0x0000000414160914,0xffffc44b,0,3,69,0,453
588,1,0,0,0x0000000414160918,0xffffc20b,0,3,70,0,454
589,1,1,1,0x0000000414160918,0xffffc20b,0,3,70,0,454
590,1,0,0,0x000000041416091c,0xffffd0e0,0,3,71,0,455
591,1,1,1,0x000000041416091c,0xffffd0e0,0,3,71,0,455
592,1,1,1,0x0000000414160920,0x00000859,0,3,72,0,456
593,1,1,1,0x0000000414160924,0xffffe723,0,3,73,0,457
594,1,1,1,0x0000000414160928,0x00000fc4,0,3,74,0,458
595,1,1,1,0x000000041416092c,0x00002d89,0,3,75,0,459
596,1,1,1,0x0000000414160930,0x00006f57,0,3,76,0,460
597,1,0,0,0x0000000414160934,0x0000179d,0,3,77,0,461
598,1,1,1,0x0000000414160934,0x0000179d,0,3,77,0,461
599,1,0,0,0x0000000414160938,0xffffe613,0,3,78,0,462
600,1,1,1,0x0000000414160938,0xffffe613,0,3,78,0,462
601,1,1,1,0x000000041416093c,0xfffff129,0,3,79,0,463
602,1,1,1,0x0000000414160940,0x00000122,0,3,80,0,464
603,1,1,1,0x0000000414160944,0x00001726,0,3,81,0,465
604,1,0,0,0x0000000414160948,0x00002f23,0,3,82,0,466
605,1,1,1,0x0000000414160948,0x00002f23,0,3,82,0,466
606,1,1,1,0x000000041416094c,0xffffcf5a,0,3,83,0,467
607,1,1,1,0x0000000414160950,0x00001537,0,3,84,0,468
608,1,1,1,0x0000000414160954,0xfffff2e2,0,3,85,0,469
609,1,1,1,0x0000000414160958,0x00000f66,0,3,86,0,470
610,1,0,0,0x000000041416095c,0x00001637,0,3,87,0,471
611,1,0,0,0x000000041416095c,0x00001637,0,3,87,0,471
612,1,1,1,0x000000041416095c,0x00001637,0,3,87,0,471
613,1,1,1,0x0000000414160960,0x0000c828,0,3,88,0,472
614,1,1,1,0x0000000414160964,0xffffeed4,0,3,89,0,473
615,1,1,1,0x0000000414160968,0x000010e0,0,3,90,0,474
616,1,1,1,0x000000041416096c,0x00000ae6,0,3,91,0,475
617,1,1,1,0x0000000414160970,0xfffff506,0,3,92,0,476
618,1,0,0,0x0000000414160974,0xfffffcc2,0,3,93,0,477
619,1,1,1,0x0000000414160974,0xfffffcc2,0,3,93,0,477
620,1,1,1,0x0000000414160978,0xffffc528,0,3,94,0,478
621,1,0,0,0x000000041416097c,0xfffff921,0,3,95,0,479
622,1,1,1,0x000000041416097c,0xfffff921,0,3,95,0,479
623,1,1,1,0x0000000414160980,0x00002366,0,3,96,0,480
624,1,1,1,0x0000000414160984,0x00001653,0,3,97,0,481
625,1,0,0,0x0000000414160988,0xfffff5b8,0,3,98,0,482
626,1,1,1,0x0000000414160988,0xfffff5b8,0,3,98,0,482
627,1,1,1,0x000000041416098c,0xffffec22,0,3,99,0,483
628,1,1,1,0x0000000414160990,0xfffff5ee,0,3,100,0,484
629,1,1,1,0x0000000414160994,0x000006b8,0,3,101,0,485
630,1,1,1,0x0000000414160998,0x00000b87,0,3,102,0,486
631,1,1,1,0x000000041416099c,0x000004e7,0,3,103,0,487
632,1,0,0,0x00000004141609a0,0x00002805,0,3,104,0,488
633,1,1,1,0x00000004141609a0,0x00002805,0,3,104,0,488
634,1,1,1,0x00000004141609a4,0x0000014c,0,3,105,0,489
635,1,1,1,0x00000004141609a8,0xffffe2cc,0,3,106,0,490
636,1,1,1,0x00000004141609ac,0x00002d67,0,3,107,0,491
637,1,1,1,0x00000004141609b0,0x000011c8,0,3,108,0,492
638,1,1,1,0x00000004141609b4,0x00000a24,0,3,109,0,493
639,1,0,0,0x00000004141609b8,0xfffff83d,0,3,110,0,494
640,1,1,1,0x00000004141609b8,0xfffff83d,0,3,110,0,494
641,1,1,1,0x00000004141609bc,0xfffff880,0,3,111,0,495
642,1,1,1,0x00000004141609c0,0x00000408,0,3,112,0,496
643,1,0,0,0x00000004141609c4,0x00000b0b,0,3,113,0,497
644,1,1,1,0x00000004141609c4,0x00000b0b,0,3,113,0,497
645,1,1,1,0x00000004141609c8,0xffffff1d,0,3,114,0,498
646,1,0,0,0x00000004141609cc,0x0000100c,0,3,115,0,499
647,1,1,1,0x00000004141609cc,0x0000100c,0,3,115,0,499
648,1,1,1,0x00000004141609d0,0xfffffcc5,0,3,116,0,500
649,1,1,1,0x00000004141609d4,0x0000272d,0,3,117,0,501
650,1,1,1,0x00000004141609d8,0x0000231e,0,3,118,0,502
651,1,1,1,0x00000004141609dc,0xfffff01a,0,3,119,0,503
652,1,1,1,0x00000004141609e0,0xfffffb75,0,3,120,0,504
653,1,0,0,0x00000004141609e4,0xfffffe05,0,3,121,0,505
654,1,0,0,0x00000004141609e4,0xfffffe05,0,3,121,0,505
655,1,1,1,0x00000004141609e4,0xfffffe05,0,3,121,0,505
656,1,1,1,0x00000004141609e8,0x000007cb,0,3,122,0,506
657,1,1,1,0x00000004141609ec,0x0000063d,0,3,123,0,507
658,1,1,1,0x00000004141609f0,0xfffffe38,0,3,124,0,508
659,1,1,1,0x00000004141609f4,0x00000d47,0,3,125,0,509
660,1,0,0,0x00000004141609f8,0x000013b7,0,3,126,0,510
661,1,1,1,0x00000004141609f8,0x000013b7,0,3,126,0,510
662,1,1,1,0x00000004141609fc,0x000007fb,0,3,127,0,511
663,1,1,1,0x0000000414180800,0x000009c2,0,4,0,0,512
664,1,1,1,0x0000000414180804,0x000012e6,0,4,1,0,513
665,1,0,0,0x0000000414180808,0x000022bb,0,4,2,0,514
666,1,1,1,0x0000000414180808,0x000022bb,0,4,2,0,514
667,1,0,0,0x000000041418080c,0xfffff646,0,4,3,0,515
668,1,1,1,0x000000041418080c,0xfffff646,0,4,3,0,515
669,1,1,1,0x0000000414180810,0x000004d4,0,4,4,0,516
670,1,1,1,0x0000000414180814,0x0000120a,0,4,5,0,517
671,1,1,1,0x0000000414180818,0xffffef0a,0,4,6,0,518
672,1,1,1,0x000000041418081c,0x00001e3c,0,4,7,0,519
673,1,1,1,0x0000000414180820,0xfffff75f,0,4,8,0,520
674,1,0,0,0x0000000414180824,0x000013de,0,4,9,0,521
675,1,1,1,0x0000000414180824,0x000013de,0,4,9,0,521
676,1,0,0,0x0000000414180828,0x00001b96,0,4,10,0,522
677,1,1,1,0x0000000414180828,0x00001b96,0,4,10,0,522
678,1,1,1,0x000000041418082c,0xfffff996,0,4,11,0,523
679,1,1,1,0x0000000414180830,0x00000399,0,4,12,0,524
680,1,1,1,0x0000000414180834,0x00000052,0,4,13,0,525
681,1,0,0,0x0000000414180838,0x00000ba1,0,4,14,0,526
682,1,1,1,0x0000000414180838,0x00000ba1,0,4,14,0,526
683,1,1,1,0x000000041418083c,0x00000e91,0,4,15,0,527
684,1,1,1,0x0000000414180840,0xfffffcef,0,4,16,0,528
685,1,1,1,0x0000000414180844,0xfffff912,0,4,17,0,529
686,1,1,1,0x0000000414180848,0x000002dc,0,4,18,0,530
687,1,0,0,0x000000041418084c,0x000004cb,0,4,19,0,531
688,1,0,0,0x000000041418084c,0x000004cb,0,4,19,0,531
689,1,1,1,0x000000041418084c,0x000004cb,0,4,19,0,531
690,1,1,1,0x0000000414180850,0xfffffa1a,0,4,20,0,532
691,1,1,1,0x0000000414180854,0x000009ad,0,4,21,0,533
692,1,1,1,0x0000000414180858,0xfffffdc3,0,4,22,0,534
693,1,1,1,0x000000041418085c,0xffffeac9,0,4,23,0,535
694,1,1,1,0x0000000414180860,0x00005390,0,4,24,0,536
695,1,0,0,0x0000000414180864,0xffffedac,0,4,25,0,537
696,1,1,1,0x0000000414180864,0xffffedac,0,4,25,0,537
697,1,1,1,0x0000000414180868,0x00001d61,0,4,26,0,538
698,1,0,0,0x000000041418086c,0xfffff34d,0,4,27,0,539
699,1,1,1,0x000000041418086c,0xfffff34d,0,4,27,0,539
700,1,1,1,0x0000000414180870,0xfffffa0d,0,4,28,0,540
701,1,1,1,0x0000000414180874,0x000007e6,0,4,29,0,541
702,1,0,0,0x0000000414180878,0x00000534,0,4,30,0,542
703,1,1,1,0x0000000414180878,0x00000534,0,4,30,0,542
704,1,1,1,0x000000041418087c,0xffffeabe,0,4,31,0,543
705,1,1,1,0x0000000414180880,0x00000a7d,0,4,32,0,544
706,1,1,1,0x0000000414180884,0xfffffb18,0,4,33,0,545
707,1,1,1,0x0000000414180888,0xffffe62f,0,4,34,0,546
708,1,1,1,0x000000041418088c,0xfffffd7a,0,4,35,0,547
709,1,0,0,0x0000000414180890,0xffffcad1,0,4,36,0,548
710,1,1,1,0x0000000414180890,0xffffcad1,0,4,36,0,548
711,1,1,1,0x0000000414180894,0xfffffed8,0,4,37,0,549
712,1,1,1,0x0000000414180898,0x0000251d,0,4,38,0,550
713,1,1,1,0x000000041418089c,0xffffef6c,0,4,39,0,551
714,1,1,1,0x00000004141808a0,0x00000d90,0,4,40,0,552
715,1,1,1,0x00000004141808a4,0xfffff635,0,4,41,0,553
716,1,0,0,0x00000004141808a8,0xffffea6f,0,4,42,0,554
717,1,1,1,0x00000004141808a8,0xffffea6f,0,4,42,0,554
718,1,1,1,0x00000004141808ac,0xffffff28,0,4,43,0,555
719,1,1,1,0x00000004141808b0,0x00000683,0,4,44,0,556
720,1,0,0,0x00000004141808b4,0xffffffa9,0,4,45,0,557
721,1,1,1,0x00000004141808b4,0xffffffa9,0,4,45,0,557
722,1,1,1,0x00000004141808b8,0xffffe1e2,0,4,46,0,558
723,1,0,0,0x00000004141808bc,0x0000157c,0,4,47,0,559
724,1,1,1,0x00000004141808bc,0x0000157c,0,4,47,0,559
725,1,1,1,0x00000004141808c0,0xfffffabf,0,4,48,0,560
726,1,1,1,0x00000004141808c4,0xffffd18f,0,4,49,0,561
727,1,1,1,0x00000004141808c8,0x000a6649,0,4,50,0,562
728,1,1,1,0x00000004141808cc,0x00002125,0,4,51,0,563
729,1,1,1,0x00000004141808d0,0x000003f4,0,4,52,0,564
730,1,0,0,0x00000004141808d4,0xffffe70f,0,4,53,0,565
731,1,0,0,0x00000004141808d4,0xffffe70f,0,4,53,0,565
732,1,1,1,0x00000004141808d4,0xffffe70f,0,4,53,0,565
733,1,1,1,0x00000004141808d8,0x00000e6a,0,4,54,0,566
734,1,1,1,0x00000004141808dc,0x00000c2f,0,4,55,0,567
735,1,1,1,0x00000004141808e0,0xffffda32,0,4,56,0,568
736,1,1,1,0x00000004141808e4,0x000005ef,0,4,57,0,569
737,1,0,0,0x00000004141808e8,0xfffff88e,0,4,58,0,570
738,1,1,1,0x00000004141808e8,0xfffff88e,0,4,58,0,570
739,1,1,1,0x00000004141808ec,0xffffe191,0,4,59,0,571
740,1,1,1,0x00000004141808f0,0x000015be,0,4,60,0,572
741,1,1,1,0x00000004141808f4,0x0000228d,0,4,61,0,573
742,1,0,0,0x00000004141808f8,0x0000037f,0,4,62,0,574
743,1,1,1,0x00000004141808f8,0x0000037f,0,4,62,0,574
744,1,0,0,0x00000004141808fc,0x00000f5d,0,4,63,0,575
745,1,1,1,0x00000004141808fc,0x00000f5d,0,4,63,0,575
746,1,1,1,0x0000000414180900,0x0000187b,0,4,64,0,576
747,1,1,1,0x0000000414180904,0x00000e2a,0,4,65,0,577
748,1,1,1,0x0000000414180908,0x000057e1,0,4,66,0,578
749,1,1,1,0x000000041418090c,0x00000ad0,0,4,67,0,579
750,1,1,1,0x0000000414180910,0xffffff89,0,4,68,0,580
751,1,0,0,0x0000000414180914,0x00002fd6,0,4,69,0,581
752,1,1,1,0x0000000414180914,0x00002fd6,0,4,69,0,581
753,1,0,0,0x0000000414180918,0xffffed88,0,4,70,0,582
754,1,1,1,0x0000000414180918,0xffffed88,0,4,70,0,582
755,1,1,1,0x000000041418091c,0xffffc53f,0,4,71,0,583
756,1,1,1,0x0000000414180920,0xfffffa0f,0,4,72,0,584
757,1,1,1,0x0000000414180924,0xfffffde8,0,4,73,0,585
758,1,0,0,0x0000000414180928,0x0000116a,0,4,74,0,586
759,1,1,1,0x0000000414180928,0x0000116a,0,4,74,0,586
760,1,1,1,0x000000041418092c,0x000011f2,0,4,75,0,587
761,1,1,1,0x0000000414180930,0xffffabbc,0,4,76,0,588
762,1,1,1,0x0000000414180934,0xffffcb19,0,4,77,0,589
763,1,1,1,0x0000000414180938,0xfffff982,0,4,78,0,590
764,1,0,0,0x000000041418093c,0xfffffd1e,0,4,79,0,591
765,1,0,0,0x000000041418093c,0xfffffd1e,0,4,79,0,591
766,1,1,1,0x000000041418093c,0xfffffd1e,0,4,79,0,591
767,1,1,1,0x0000000414180940,0xffffe816,0,4,80,0,592
768,1,1,1,0x0000000414180944,0xffffe768,0,4,81,0,593
769,1,1,1,0x0000000414180948,0x0000123e,0,4,82,0,594
770,1,1,1,0x000000041418094c,0x00002278,0,4,83,0,595
771,1,1,1,0x0000000414180950,0xfffffc31,0,4,84,0,596
772,1,0,0,0x0000000414180954,0x00000cc7,0,4,85,0,597
773,1,1,1,0x0000000414180954,0x00000cc7,0,4,85,0,597
774,1,1,1,0x0000000414180958,0x0000094c,0,4,86,0,598
775,1,0,0,0x000000041418095c,0xfffff969,0,4,87,0,599
776,1,1,1,0x000000041418095c,0xfffff969,0,4,87,0,599
777,1,1,1,0x0000000414180960,0xffffb5bc,0,4,88,0,600
778,1,1,1,0x0000000414180964,0x00001c6a,0,4,89,0,601
779,1,0,0,0x0000000414180968,0x000000d8,0,4,90,0,602
780,1,1,1,0x0000000414180968,0x000000d8,0,4,90,0,602
781,1,1,1,0x000000041418096c,0xffffdee6,0,4,91,0,603
782,1,1,1,0x0000000414180970,0xfffff46e,0,4,92,0,604
783,1,1,1,0x0000000414180974,0x0000181b,0,4,93,0,605
784,1,1,1,0x0000000414180978,0x00000279,0,4,94,0,606
785,1,1,1,0x000000041418097c,0xfffffd62,0,4,95,0,607
786,1,0,0,0x0000000414180980,0xfffff372,0,4,96,0,608
787,1,1,1,0x0000000414180980,0xfffff372,0,4,96,0,608
788,1,1,1,0x0000000414180984,0x000000fc,0,4,97,0,609
789,1,1,1,0x0000000414180988,0x000005f6,0,4,98,0,610
790,1,1,1,0x000000041418098c,0xfffff777,0,4,99,0,611
791,1,1,1,0x0000000414180990,0xfffff1f4,0,4,100,0,612
792,1,1,1,0x0000000414180994,0xfffffaf7,0,4,101,0,613
793,1,0,0,0x0000000414180998,0x00000b44,0,4,102,0,614
794,1,1,1,0x0000000414180998,0x00000b44,0,4,102,0,614
795,1,1,1,0x000000041418099c,0xfffff9f8,0,4,103,0,615
796,1,1,1,0x00000004141809a0,0xfffff777,0,4,104,0,616
797,1,0,0,0x00000004141809a4,0xfffff43a,0,4,105,0,617
798,1,1,1,0x00000004141809a4,0xfffff43a,0,4,105,0,617
799,1,1,1,0x00000004141809a8,0xffffdcab,0,4,106,0,618
800,1,0,0,0x00000004141809ac,0x00000413,0,4,107,0,619
801,1,1,1,0x00000004141809ac,0x00000413,0,4,107,0,619
802,1,1,1,0x00000004141809b0,0x00000a07,0,4,108,0,620
803,1,1,1,0x00000004141809b4,0x000010d3,0,4,109,0,621
804,1,1,1,0x00000004141809b8,0x00000a85,0,4,110,0,622
805,1,1,1,0x00000004141809bc,0x0000195f,0,4,111,0,623
806,1,1,1,0x00000004141809c0,0xffffc6c4,0,4,112,0,624
807,1,0,0,0x00000004141809c4,0x00000e56,0,4,113,0,625
808,1,0,0,0x00000004141809c4,0x00000e56,0,4,113,0,625
809,1,1,1,0x00000004141809c4,0x00000e56,0,4,113,0,625
810,1,1,1,0x00000004141809c8,0x000000de,0,4,114,0,626
811,1,1,1,0x00000004141809cc,0x00002411,0,4,115,0,627
812,1,1,1,0x00000004141809d0,0xfffff52a,0,4,116,0,628
813,1,1,1,0x00000004141809d4,0x0000176a,0,4,117,0,629
814,1,0,0,0x00000004141809d8,0x00000091,0,4,118,0,630
815,1,1,1,0x00000004141809d8,0x00000091,0,4,118,0,630
816,1,1,1,0x00000004141809dc,0x00001a05,0,4,119,0,631
817,1,1,1,0x00000004141809e0,0xffffb48e,0,4,120,0,632
818,1,1,1,0x00000004141809e4,0x00000bf1,0,4,121,0,633
819,1,0,0,0x00000004141809e8,0xffffe087,0,4,122,0,634
820,1,1,1,0x00000004141809e8,0xffffe087,0,4,122,0,634
821,1,0,0,0x00000004141809ec,0xffffcf90,0,4,123,0,635
822,1,1,1,0x00000004141809ec,0xffffcf90,0,4,123,0,635
823,1,1,1,0x00000004141809f0,0x00003215,0,4,124,0,636
824,1,1,1,0x00000004141809f4,0x00001fc3,0,4,125,0,637
825,1,1,1,0x00000004141809f8,0xffffe395,0,4,126,0,638
826,1,1,1,0x00000004141809fc,0x00000965,0,4,127,0,639
827,1,1,1,0x00000004141a0800,0x00000656,0,5,0,0,640
828,1,0,0,0x00000004141a0804,0xfffff17c,0,5,1,0,641
829,1,1,1,0x00000004141a0804,0xfffff17c,0,5,1,0,641
830,1,0,0,0x00000004141a0808,0x00002d56,0,5,2,0,642
831,1,1,1,0x00000004141a0808,0x00002d56,0,5,2,0,642
832,1,1,1,0x00000004141a080c,0x000007bc,0,5,3,0,643
833,1,1,1,0x00000004141a0810,0xfffff526,0,5,4,0,644
834,1,1,1,0x00000004141a0814,0xffffd918,0,5,5,0,645
835,1,0,0,0x00000004141a0818,0xfffff00c,0,5,6,0,646
836,1,1,1,0x00000004141a0818,0xfffff00c,0,5,6,0,646
837,1,1,1,0x00000004141a081c,0x00000fa4,0,5,7,0,647
838,1,1,1,0x00000004141a0820,0xffffd59c,0,5,8,0,648
839,1,1,1,0x00000004141a0824,0xfffff508,0,5,9,0,649
840,1,1,1,0x00000004141a0828,0xfffffa53,0,5,10,0,650
841,1,0,0,0x00000004141a082c,0xffffe85f,0,5,11,0,651
842,1,0,0,0x00000004141a082c,0xffffe85f,0,5,11,0,651
843,1,1,1,0x00000004141a082c,0xffffe85f,0,5,11,0,651
844,1,1,1,0x00000004141a0830,0xfffff076,0,5,12,0,652
845,1,1,1,0x00000004141a0834,0x0000482c,0,5,13,0,653
846,1,1,1,0x00000004141a0838,0x0000043e,0,5,14,0,654
847,1,1,1,0x00000004141a083c,0x000021fb,0,5,15,0,655
848,1,1,1,0x00000004141a0840,0xffffd45c,0,5,16,0,656
849,1,0,0,0x00000004141a0844,0x00000054,0,5,17,0,657
850,1,1,1,0x00000004141a0844,0x00000054,0,5,17,0,657
851,1,1,1,0x00000004141a0848,0xffffe61e,0,5,18,0,658
852,1,0,0,0x00000004141a084c,0x00001519,0,5,19,0,659
853,1,1,1,0x00000004141a084c,0x00001519,0,5,19,0,659
854,1,1,1,0x00000004141a0850,0xfffff781,0,5,20,0,660
855,1,1,1,0x00000004141a0854,0xffffaf09,0,5,21,0,661
856,1,0,0,0x00000004141a0858,0xfffffe31,0,5,22,0,662
857,1,1,1,0x00000004141a0858,0xfffffe31,0,5,22,0,662
858,1,1,1,0x00000004141a085c,0x000003e5,0,5,23,0,663
859,1,1,1,0x00000004141a0860,0x000005c2,0,5,24,0,664
860,1,1,1,0x00000004141a0864,0x00002008,0,5,25,0,665
861,1,1,1,0x00000004141a0868,0x000012f9,0,5,26,0,666
862,1,1,1,0x00000004141a086c,0x00005acf,0,5,27,0,667
863,1,0,0,0x00000004141a0870,0x00000479,0,5,28,0,668
864,1,1,1,0x00000004141a0870,0x00000479,0,5,28,0,668
865,1,1,1,0x00000004141a0874,0xfffffcb3,0,5,29,0,669
866,1,1,1,0x00000004141a0878,0xffffedc9,0,5,30,0,670
867,1,1,1,0x00000004141a087c,0x00000347,0,5,31,0,671
868,1,1,1,0x00000004141a0880,0xfffff9f8,0,5,32,0,672
869,1,1,1,0x00000004141a0884,0xffffd273,0,5,33,0,673
870,1,0,0,0x00000004141a0888,0xffffed60,0,5,34,0,674
871,1,1,1,0x00000004141a0888,0xffffed60,0,5,34,0,674
872,1,1,1,0x00000004141a088c,0xfffff340,0,5,35,0,675
873,1,1,1,0x00000004141a0890,0xffffdb38,0,5,36,0,676
874,1,0,0,0x00000004141a0894,0xfffff1c9,0,5,37,0,677
875,1,1,1,0x00000004141a0894,0xfffff1c9,0,5,37,0,677
876,1,1,1,0x00000004141a0898,0xffffc302,0,5,38,0,678
877,1,0,0,0x00000004141a089c,0x000006ee,0,5,39,0,679
878,1,1,1,0x00000004141a089c,0x000006ee,0,5,39,0,679
879,1,1,1,0x00000004141a08a0,0xfffff6fe,0,5,40,0,680
880,1,1,1,0x00000004141a08a4,0x00000678,0,5,41,0,681
881,1,1,1,0x00000004141a08a8,0xffffb08f,0,5,42,0,682
882,1,1,1,0x00000004141a08ac,0xffffec51,0,5,43,0,683
883,1,1,1,0x00000004141a08b0,0xffffff6a,0,5,44,0,684
884,1,0,0,0x00000004141a08b4,0x000002e0,0,5,45,0,685
885,1,0,0,0x00000004141a08b4,0x000002e0,0,5,45,0,685
886,1,1,1,0x00000004141a08b4,0x000002e0,0,5,45,0,685
887,1,1,1,0x00000004141a08b8,0x00000537,0,5,46,0,686
888,1,1,1,0x00000004141a08bc,0x000001fd,0,5,47,0,687
889,1,1,1,0x00000004141a08c0,0x00000569,0,5,48,0,688
890,1,1,1,0x00000004141a08c4,0xffff8f5a,0,5,49,0,689
891,1,0,0,0x00000004141a08c8,0x000e0613,0,5,50,0,690
892,1,1,1,0x00000004141a08c8,0x000e0613,0,5,50,0,690
893,1,1,1,0x00000004141a08cc,0xfffff4db,0,5,51,0,691
894,1,1,1,0x00000004141a08d0,0x00001178,0,5,52,0,692
895,1,1,1,0x00000004141a08d4,0x00001cd2,0,5,53,0,693
896,1,0,0,0x00000004141a08d8,0x00000cb1,0,5,54,0,694
897,1,1,1,0x00000004141a08d8,0x00000cb1,0,5,54,0,694
898,1,0,0,0x00000004141a08dc,0x00003db6,0,5,55,0,695
899,1,1,1,0x00000004141a08dc,0x00003db6,0,5,55,0,695
900,1,1,1,0x00000004141a08e0,0x00004530,0,5,56,0,696
901,1,1,1,0x00000004141a08e4,0xffffcf05,0,5,57,0,697
902,1,1,1,0x00000004141a08e8,0x00003763,0,5,58,0,698
903,1,1,1,0x00000004141a08ec,0x0000276e,0,5,59,0,699
904,1,1,1,0x00000004141a08f0,0xffffc3fa,0,5,60,0,700
905,1,0,0,0x00000004141a08f4,0xffffcb90,0,5,61,0,701
906,1,1,1,0x00000004141a08f4,0xffffcb90,0,5,61,0,701
907,1,0,0,0x00000004141a08f8,0xffffc2cd,0,5,62,0,702
908,1,1,1,0x00000004141a08f8,0xffffc2cd,0,5,62,0,702
909,1,1,1,0x00000004141a08fc,0x0000435c,0,5,63,0,703
910,1,1,1,0x00000004141a0900,0x0000050b,0,5,64,0,704
911,1,1,1,0x00000004141a0904,0x0000015a,0,5,65,0,705
912,1,0,0,0x00000004141a0908,0xfffffff1,0,5,66,0,706
913,1,1,1,0x00000004141a0908,0xfffffff1,0,5,66,0,706
914,1,1,1,0x00000004141a090c,0xfffff007,0,5,67,0,707
915,1,1,1,0x00000004141a0910,0x00001316,0,5,68,0,708
916,1,1,1,0x00000004141a0914,0x000004ac,0,5,69,0,709
917,1,1,1,0x00000004141a0918,0x000002cd,0,5,70,0,710
918,1,0,0,0x00000004141a091c,0xffffeff2,0,5,71,0,711
919,1,0,0,0x00000004141a091c,0xffffeff2,0,5,71,0,711
920,1,1,1,0x00000004141a091c,0xffffeff2,0,5,71,0,711
921,1,1,1,0x00000004141a0920,0x00001bda,0,5,72,0,712
922,1,1,1,0x00000004141a0924,0x00000097,0,5,73,0,713
923,1,1,1,0x00000004141a0928,0xffffeb60,0,5,74,0,714
924,1,1,1,0x00000004141a092c,0x00003d30,0,5,75,0,715
925,1,1,1,0x00000004141a0930,0x00000608,0,5,76,0,716
926,1,0,0,0x00000004141a0934,0x000005b6,0,5,77,0,717
927,1,1,1,0x00000004141a0934,0x000005b6,0,5,77,0,717
928,1,1,1,0x00000004141a0938,0x00001d23,0,5,78,0,718
929,1,0,0,0x00000004141a093c,0xfffffbfc,0,5,79,0,719
930,1,1,1,0x00000004141a093c,0xfffffbfc,0,5,79,0,719
931,1,1,1,0x00000004141a0940,0xffffe163,0,5,80,0,720
932,1,1,1,0x00000004141a0944,0xffffd9c2,0,5,81,0,721
933,1,0,0,0x00000004141a0948,0xffffe746,0,5,82,0,722
934,1,1,1,0x00000004141a0948,0xffffe746,0,5,82,0,722
935,1,1,1,0x00000004141a094c,0x00001829,0,5,83,0,723
936,1,1,1,0x00000004141a0950,0x00000aa2,0,5,84,0,724
937,1,1,1,0x00000004141a0954,0xffffdc8d,0,5,85,0,725
938,1,1,1,0x00000004141a0958,0x00002eef,0,5,86,0,726
939,1,1,1,0x00000004141a095c,0xffffdab5,0,5,87,0,727
940,1,0,0,0x00000004141a0960,0xfffe91bd,0,5,88,0,728
941,1,1,1,0x00000004141a0960,0xfffe91bd,0,5,88,0,728
942,1,1,1,0x00000004141a0964,0xfffffcb7,0,5,89,0,729
943,1,1,1,0x00000004141a0968,0x0000147d,0,5,90,0,730
944,1,1,1,0x00000004141a096c,0x00001ed3,0,5,91,0,731
945,1,1,1,0x00000004141a0970,0xffffe927,0,5,92,0,732
946,1,1,1,0x00000004141a0974,0xffffdf22,0,5,93,0,733
947,1,0,0,0x00000004141a0978,0xfffff037,0,5,94,0,734
948,1,1,1,0x00000004141a0978,0xfffff037,0,5,94,0,734
949,1,1,1,0x00000004141a097c,0xffffee58,0,5,95,0,735
950,1,1,1,0x00000004141a0980,0x00002235,0,5,96,0,736
951,1,0,0,0x00000004141a0984,0x00000f58,0,5,97,0,737
952,1,1,1,0x00000004141a0984,0x00000f58,0,5,97,0,737
953,1,1,1,0x00000004141a0988,0x00002714,0,5,98,0,738
954,1,0,0,0x00000004141a098c,0x00000e69,0,5,99,0,739
955,1,1,1,0x00000004141a098c,0x00000e69,0,5,99,0,739
956,1,1,1,0x00000004141a0990,0xffffcea7,0,5,100,0,740
957,1,1,1,0x00000004141a0994,0xfffff4a4,0,5,101,0,741
958,1,1,1,0x00000004141a0998,0xffffd54d,0,5,102,0,742
959,1,1,1,0x00000004141a099c,0x000006f3,0,5,103,0,743
960,1,1,1,0x00000004141a09a0,0x00001ad5,0,5,104,0,744
961,1,0,0,0x00000004141a09a4,0x0000014e,0,5,105,0,745
962,1,0,0,0x00000004141a09a4,0x0000014e,0,5,105,0,745
963,1,1,1,0x00000004141a09a4,0x0000014e,0,5,105,0,745
964,1,1,1,0x00000004141a09a8,0xfffff97b,0,5,106,0,746
965,1,1,1,0x00000004141a09ac,0xfffff5ff,0,5,107,0,747
966,1,1,1,0x00000004141a09b0,0xfffff97a,0,5,108,0,748
967,1,1,1,0x00000004141a09b4,0x00000560,0,5,109,0,749
968,1,0,0,0x00000004141a09b8,0x000006e8,0,5,110,0,750
969,1,1,1,0x00000004141a09b8,0x000006e8,0,5,110,0,750
970,1,1,1,0x00000004141a09bc,0xffffff44,0,5,111,0,751
971,1,1,1,0x00000004141a09c0,0x0000278c,0,5,112,0,752
972,1,1,1,0x00000004141a09c4,0x000005dc,0,5,113,0,753
973,1,0,0,0x00000004141a09c8,0x00002974,0,5,114,0,754
974,1,1,1,0x00000004141a09c8,0x00002974,0,5,114,0,754
975,1,0,0,0x00000004141a09cc,0xfffbea94,0,5,115,0,755
976,1,1,1,0x00000004141a09cc,0xfffbea94,0,5,115,0,755
977,1,1,1,0x00000004141a09d0,0xffffed8b,0,5,116,0,756
978,1,1,1,0x00000004141a09d4,0x0000154f,0,5,117,0,757
979,1,1,1,0x00000004141a09d8,0xffffda87,0,5,118,0,758
980,1,1,1,0x00000004141a09dc,0x00002d33,0,5,119,0,759
981,1,1,1,0x00000004141a09e0,0x000013db,0,5,120,0,760
982,1,0,0,0x00000004141a09e4,0x00003cf6,0,5,121,0,761
983,1,1,1,0x00000004141a09e4,0x00003cf6,0,5,121,0,761
984,1,0,0,0x00000004141a09e8,0xffffbe0d,0,5,122,0,762
985,1,1,1,0x00000004141a09e8,0xffffbe0d,0,5,122,0,762
986,1,1,1,0x00000004141a09ec,0x00004cb6,0,5,123,0,763
987,1,1,1,0x00000004141a09f0,0x00004acd,0,5,124,0,764
988,1,1,1,0x00000004141a09f4,0xffffa93d,0,5,125,0,765
989,1,0,0,0x00000004141a09f8,0xffffbace,0,5,126,0,766
990,1,1,1,0x00000004141a09f8,0xffffbace,0,5,126,0,766
991,1,1,1,0x00000004141a09fc,0xffffb95f,0,5,127,0,767
992,1,1,1,0x00000004141c0800,0xffffff06,0,6,0,0,768
993,1,1,1,0x00000004141c0804,0xfffffbd7,0,6,1,0,769
994,1,1,1,0x00000004141c0808,0x0000002a,0,6,2,0,770
995,1,0,0,0x00000004141c080c,0xfffffdc6,0,6,3,0,771
996,1,0,0,0x00000004141c080c,0xfffffdc6,0,6,3,0,771
997,1,1,1,0x00000004141c080c,0xfffffdc6,0,6,3,0,771
998,1,1,1,0x00000004141c0810,0xfffffd10,0,6,4,0,772
999,1,1,1,0x00000004141c0814,0xfffffe6d,0,6,5,0,773
1000,1,1,1,0x00000004141c0818,0xfffffc61,0,6,6,0,774
1001,1,1,1,0x00000004141c081c,0xfffffb78,0,6,7,0,775
1002,1,1,1,0x00000004141c0820,0xfffffca2,0,6,8,0,776
1003,1,0,0,0x00000004141c0824,0xfffffc1d,0,6,9,0,777
1004,1,1,1,0x00000004141c0824,0xfffffc1d,0,6,9,0,777
1005,1,1,1,0x00000004141c0828,0xfffffc02,0,6,10,0,778
1006,1,0,0,0x00000004141c082c,0xffffff28,0,6,11,0,779
1007,1,1,1,0x00000004141c082c,0xffffff28,0,6,11,0,779
1008,1,1,1,0x00000004141c0830,0xffffef1a,0,6,12,0,780
1009,1,1,1,0x00000004141c0834,0x00001934,0,6,13,0,781
1010,1,0,0,0x00000004141c0838,0xfffffa3e,0,6,14,0,782
1011,1,1,1,0x00000004141c0838,0xfffffa3e,0,6,14,0,782
1012,1,1,1,0x00000004141c083c,0xfffff5d3,0,6,15,0,783
1013,1,1,1,0x00000004141c0840,0xfffff91c,0,6,16,0,784
1014,1,1,1,0x00000004141c0844,0xfffffde4,0,6,17,0,785
1015,1,1,1,0x00000004141c0848,0xfffff70b,0,6,18,0,786
1016,1,1,1,0x00000004141c084c,0x00000382,0,6,19,0,787
1017,1,0,0,0x00000004141c0850,0xfffff2dc,0,6,20,0,788
1018,1,1,1,0x00000004141c0850,0xfffff2dc,0,6,20,0,788
1019,1,1,1,0x00000004141c0854,0x00000c3b,0,6,21,0,789
1020,1,1,1,0x00000004141c0858,0x0000067c,0,6,22,0,790
1021,1,1,1,0x00000004141c085c,0x00000369,0,6,23,0,791
1022,1,1,1,0x00000004141c0860,0xffffc388,0,6,24,0,792
1023,1,1,1,0x00000004141c0864,0xfffffe4b,0,6,25,0,793
1024,1,0,0,0x00000004141c0868,0x0000096e,0,6,26,0,794
1025,1,1,1,0x00000004141c0868,0x0000096e,0,6,26,0,794
1026,1,1,1,0x00000004141c086c,0x00000322,0,6,27,0,795
1027,1,1,1,0x00000004141c0870,0xfffffa19,0,6,28,0,796
1028,1,0,0,0x00000004141c0874,0xfffff928,0,6,29,0,797
1029,1,1,1,0x00000004141c0874,0xfffff928,0,6,29,0,797
1030,1,1,1,0x00000004141c0878,0xfffffded,0,6,30,0,798
1031,1,0,0,0x00000004141c087c,0x0000053c,0,6,31,0,799
1032,1,1,1,0x00000004141c087c,0x0000053c,0,6,31,0,799
1033,1,1,1,0x00000004141c0880,0xfffff55b,0,6,32,0,800
1034,1,1,1,0x00000004141c0884,0xfffff7a3,0,6,33,0,801
1035,1,1,1,0x00000004141c0888,0x000003ec,0,6,34,0,802
1036,1,1,1,0x00000004141c088c,0x00000200,0,6,35,0,803
1037,1,1,1,0x00000004141c0890,0xfffff760,0,6,36,0,804
1038,1,0,0,0x00000004141c0894,0x00000b58,0,6,37,0,805
1039,1,0,0,0x00000004141c0894,0x00000b58,0,6,37,0,805
1040,1,1,1,0x00000004141c0894,0x00000b58,0,6,37,0,805
1041,1,1,1,0x00000004141c0898,0x0000002e,0,6,38,0,806
1042,1,1,1,0x00000004141c089c,0x000000df,0,6,39,0,807
1043,1,1,1,0x00000004141c08a0,0x00000391,0,6,40,0,808
1044,1,1,1,0x00000004141c08a4,0x00000a5c,0,6,41,0,809
1045,1,0,0,0x00000004141c08a8,0x000023eb,0,6,42,0,810
1046,1,1,1,0x00000004141c08a8,0x000023eb,0,6,42,0,810
1047,1,1,1,0x00000004141c08ac,0x000011db,0,6,43,0,811
1048,1,1,1,0x00000004141c08b0,0xfffffac7,0,6,44,0,812
1049,1,1,1,0x00000004141c08b4,0xfffffc3c,0,6,45,0,813
1050,1,0,0,0x00000004141c08b8,0xfffffba7,0,6,46,0,814
1051,1,1,1,0x00000004141c08b8,0xfffffba7,0,6,46,0,814
1052,1,0,0,0x00000004141c08bc,0xfffffff9,0,6,47,0,815
1053,1,1,1,0x00000004141c08bc,0xfffffff9,0,6,47,0,815
1054,1,1,1,0x00000004141c08c0,0xfffffdda,0,6,48,0,816
1055,1,1,1,0x00000004141c08c4,0x000002c3,0,6,49,0,817
1056,1,1,1,0x00000004141c08c8,0x000c3d31,0,6,50,0,818
1057,1,1,1,0x00000004141c08cc,0x00002a35,0,6,51,0,819
1058,1,1,1,0x00000004141c08d0,0xfffffda5,0,6,52,0,820
1059,1,0,0,0x00000004141c08d4,0xfffffcbd,0,6,53,0,821
1060,1,1,1,0x00000004141c08d4,0xfffffcbd,0,6,53,0,821
1061,1,0,0,0x00000004141c08d8,0x000002d3,0,6,54,0,822
1062,1,1,1,0x00000004141c08d8,0x000002d3,0,6,54,0,822
1063,1,1,1,0x00000004141c08dc,0xfffff74e,0,6,55,0,823
1064,1,1,1,0x00000004141c08e0,0x00000388,0,6,56,0,824
1065,1,1,1,0x00000004141c08e4,0x0000048f,0,6,57,0,825
1066,1,0,0,0x00000004141c08e8,0xfffff37c,0,6,58,0,826
1067,1,1,1,0x00000004141c08e8,0xfffff37c,0,6,58,0,826
1068,1,1,1,0x00000004141c08ec,0xfffff7cb,0,6,59,0,827
1069,1,1,1,0x00000004141c08f0,0xfffff919,0,6,60,0,828
1070,1,1,1,0x00000004141c08f4,0x0000061e,0,6,61,0,829
1071,1,1,1,0x00000004141c08f8,0xfffff978,0,6,62,0,830
1072,1,0,0,0x00000004141c08fc,0xfffff4a4,0,6,63,0,831
1073,1,0,0,0x00000004141c08fc,0xfffff4a4,0,6,63,0,831
1074,1,1,1,0x00000004141c08fc,0xfffff4a4,0,6,63,0,831
1075,1,1,1,0x00000004141c0900,0xfffffdc9,0,6,64,0,832
1076,1,1,1,0x00000004141c0904,0x0000017b,0,6,65,0,833
1077,1,1,1,0x00000004141c0908,0x00000eba,0,6,66,0,834
1078,1,1,1,0x00000004141c090c,0xfffffb68,0,6,67,0,835
1079,1,1,1,0x00000004141c0910,0x000000ea,0,6,68,0,836
1080,1,0,0,0x00000004141c0914,0xfffff84b,0,6,69,0,837
1081,1,1,1,0x00000004141c0914,0xfffff84b,0,6,69,0,837
1082,1,1,1,0x00000004141c0918,0x0000035e,0,6,70,0,838
1083,1,0,0,0x00000004141c091c,0x00000a85,0,6,71,0,839
1084,1,1,1,0x00000004141c091c,0x00000a85,0,6,71,0,839
1085,1,1,1,0x00000004141c0920,0xfffffafd,0,6,72,0,840
1086,1,1,1,0x00000004141c0924,0x0000000a,0,6,73,0,841
1087,1,0,0,0x00000004141c0928,0x00000624,0,6,74,0,842
1088,1,1,1,0x00000004141c0928,0x00000624,0,6,74,0,842
1089,1,1,1,0x00000004141c092c,0xfffffd5c,0,6,75,0,843
1090,1,1,1,0x00000004141c0930,0xfffff005,0,6,76,0,844
1091,1,1,1,0x00000004141c0934,0x00006238,0,6,77,0,845
1092,1,1,1,0x00000004141c0938,0xfffff7da,0,6,78,0,846
1093,1,1,1,0x00000004141c093c,0x00000811,0,6,79,0,847
1094,1,0,0,0x00000004141c0940,0x00000c90,0,6,80,0,848
1095,1,1,1,0x00000004141c0940,0x00000c90,0,6,80,0,848
1096,1,1,1,0x00000004141c0944,0x0000014c,0,6,81,0,849
1097,1,1,1,0x00000004141c0948,0x000004b8,0,6,82,0,850
1098,1,1,1,0x00000004141c094c,0x000016da,0,6,83,0,851
1099,1,1,1,0x00000004141c0950,0x00000532,0,6,84,0,852
1100,1,1,1,0x00000004141c0954,0x0000095a,0,6,85,0,853
1101,1,0,0,0x00000004141c0958,0xffffff2f,0,6,86,0,854
1102,1,1,1,0x00000004141c0958,0xffffff2f,0,6,86,0,854
1103,1,1,1,0x00000004141c095c,0xfffffac0,0,6,87,0,855
1104,1,1,1,0x00000004141c0960,0x000060a1,0,6,88,0,856
1105,1,0,0,0x00000004141c0964,0xfffffde6,0,6,89,0,857
1106,1,1,1,0x00000004141c0964,0xfffffde6,0,6,89,0,857
1107,1,1,1,0x00000004141c0968,0xfffffd75,0,6,90,0,858
1108,1,0,0,0x00000004141c096c,0x0000049a,0,6,91,0,859
1109,1,1,1,0x00000004141c096c,0x0000049a,0,6,91,0,859
1110,1,1,1,0x00000004141c0970,0x000000f3,0,6,92,0,860
1111,1,1,1,0x00000004141c0974,0x00000b1a,0,6,93,0,861
1112,1,1,1,0x00000004141c0978,0x000002f5,0,6,94,0,862
1113,1,1,1,0x00000004141c097c,0x00000123,0,6,95,0,863
1114,1,1,1,0x00000004141c0980,0x00001b1b,0,6,96,0,864
1115,1,0,0,0x00000004141c0984,0x000000d8,0,6,97,0,865
1116,1,0,0,0x00000004141c0984,0x000000d8,0,6,97,0,865
1117,1,1,1,0x00000004141c0984,0x000000d8,0,6,97,0,865
1118,1,1,1,0x00000004141c0988,0xffffdbe2,0,6,98,0,866
1119,1,1,1,0x00000004141c098c,0xfffffc54,0,6,99,0,867
1120,1,1,1,0x00000004141c0990,0x000010df,0,6,100,0,868
1121,1,1,1,0x00000004141c0994,0x000004cd,0,6,101,0,869
1122,1,0,0,0x00000004141c0998,0x000002f2,0,6,102,0,870
1123,1,1,1,0x00000004141c0998,0x000002f2,0,6,102,0,870
1124,1,1,1,0x00000004141c099c,0xfffffa09,0,6,103,0,871
1125,1,1,1,0x00000004141c09a0,0xfffff492,0,6,104,0,872
1126,1,1,1,0x00000004141c09a4,0x00000214,0,6,105,0,873
1127,1,0,0,0x00000004141c09a8,0xfffff53c,0,6,106,0,874
1128,1,1,1,0x00000004141c09a8,0xfffff53c,0,6,106,0,874
1129,1,0,0,0x00000004141c09ac,0x0000008b,0,6,107,0,875
1130,1,1,1,0x00000004141c09ac,0x0000008b,0,6,107,0,875
1131,1,1,1,0x00000004141c09b0,0x00000b18,0,6,108,0,876
1132,1,1,1,0x00000004141c09b4,0x00000968,0,6,109,0,877
1133,1,1,1,0x00000004141c09b8,0xfffffd9e,0,6,110,0,878
1134,1,1,1,0x00000004141c09bc,0xfffffc26,0,6,111,0,879
1135,1,1,1,0x00000004141c09c0,0xfffff591,0,6,112,0,880
1136,1,0,0,0x00000004141c09c4,0x00000130,0,6,113,0,881
1137,1,1,1,0x00000004141c09c4,0x00000130,0,6,113,0,881
1138,1,0,0,0x00000004141c09c8,0x0000394e,0,6,114,0,882
1139,1,1,1,0x00000004141c09c8,0x0000394e,0,6,114,0,882
1140,1,1,1,0x00000004141c09cc,0xfffca13e,0,6,115,0,883
1141,1,1,1,0x00000004141c09d0,0xfffffac2,0,6,116,0,884
1142,1,1,1,0x00000004141c09d4,0xfffffe74,0,6,117,0,885
1143,1,0,0,0x00000004141c09d8,0x00000203,0,6,118,0,886
1144,1,1,1,0x00000004141c09d8,0x00000203,0,6,118,0,886
1145,1,1,1,0x00000004141c09dc,0x000000bf,0,6,119,0,887
1146,1,1,1,0x00000004141c09e0,0x0000034e,0,6,120,0,888
1147,1,1,1,0x00000004141c09e4,0xfffff92e,0,6,121,0,889
1148,1,1,1,0x00000004141c09e8,0xfffffd70,0,6,122,0,890
1149,1,0,0,0x00000004141c09ec,0xfffffafe,0,6,123,0,891
1150,1,0,0,0x00000004141c09ec,0xfffffafe,0,6,123,0,891
1151,1,1,1,0x00000004141c09ec,0xfffffafe,0,6,123,0,891
1152,1,1,1,0x00000004141c09f0,0xffffffa3,0,6,124,0,892
1153,1,1,1,0x00000004141c09f4,0x000001bd,0,6,125,0,893
1154,1,1,1,0x00000004141c09f8,0xfffffe93,0,6,126,0,894
1155,1,1,1,0x00000004141c09fc,0x000000b0,0,6,127,0,895
1156,1,1,1,0x00000004141e0800,0x00000604,0,7,0,0,896
1157,1,0,0,0x00000004141e0804,0xfffff8fe,0,7,1,0,897
1158,1,1,1,0x00000004141e0804,0xfffff8fe,0,7,1,0,897
1159,1,1,1,0x00000004141e0808,0xfffffc75,0,7,2,0,898
1160,1,0,0,0x00000004141e080c,0xfffff72d,0,7,3,0,899
1161,1,1,1,0x00000004141e080c,0xfffff72d,0,7,3,0,899
1162,1,1,1,0x00000004141e0810,0xfffffa97,0,7,4,0,900
1163,1,1,1,0x00000004141e0814,0x00000e31,0,7,5,0,901
1164,1,0,0,0x00000004141e0818,0x000001fe,0,7,6,0,902
1165,1,1,1,0x00000004141e0818,0x000001fe,0,7,6,0,902
1166,1,1,1,0x00000004141e081c,0xffffe496,0,7,7,0,903
1167,1,1,1,0x00000004141e0820,0xffffeea4,0,7,8,0,904
1168,1,1,1,0x00000004141e0824,0xfffffac9,0,7,9,0,905
1169,1,1,1,0x00000004141e0828,0xfffff849,0,7,10,0,906
1170,1,1,1,0x00000004141e082c,0x000002f0,0,7,11,0,907
1171,1,0,0,0x00000004141e0830,0xfffffb47,0,7,12,0,908
1172,1,1,1,0x00000004141e0830,0xfffffb47,0,7,12,0,908
1173,1,1,1,0x00000004141e0834,0xfffff8dc,0,7,13,0,909
1174,1,1,1,0x00000004141e0838,0x0000015f,0,7,14,0,910
1175,1,1,1,0x00000004141e083c,0xfffffce9,0,7,15,0,911
1176,1,1,1,0x00000004141e0840,0xfffff0ae,0,7,16,0,912
1177,1,1,1,0x00000004141e0844,0x00000f2a,0,7,17,0,913
1178,1,0,0,0x00000004141e0848,0x00001196,0,7,18,0,914
1179,1,1,1,0x00000004141e0848,0x00001196,0,7,18,0,914
1180,1,1,1,0x00000004141e084c,0xfffff1ad,0,7,19,0,915
1181,1,1,1,0x00000004141e0850,0xfffff169,0,7,20,0,916
1182,1,0,0,0x00000004141e0854,0xfffff3e0,0,7,21,0,917
1183,1,1,1,0x00000004141e0854,0xfffff3e0,0,7,21,0,917
1184,1,1,1,0x00000004141e0858,0x000010a2,0,7,22,0,918
1185,1,0,0,0x00000004141e085c,0x00000093,0,7,23,0,919
1186,1,1,1,0x00000004141e085c,0x00000093,0,7,23,0,919
1187,1,1,1,0x00000004141e0860,0x00005716,0,7,24,0,920
1188,1,1,1,0x00000004141e0864,0xfffffefe,0,7,25,0,921
1189,1,1,1,0x00000004141e0868,0x0000074e,0,7,26,0,922
1190,1,1,1,0x00000004141e086c,0xfffff7a2,0,7,27,0,923
1191,1,1,1,0x00000004141e0870,0xfffffadb,0,7,28,0,924
1192,1,0,0,0x00000004141e0874,0x0000155a,0,7,29,0,925
1193,1,0,0,0x00000004141e0874,0x0000155a,0,7,29,0,925
1194,1,1,1,0x00000004141e0874,0x0000155a,0,7,29,0,925
1195,1,1,1,0x00000004141e0878,0x00000a61,0,7,30,0,926
1196,1,1,1,0x00000004141e087c,0xfffff91a,0,7,31,0,927
1197,1,1,1,0x00000004141e0880,0x00000fd9,0,7,32,0,928
1198,1,1,1,0x00000004141e0884,0xffffeed4,0,7,33,0,929
1199,1,0,0,0x00000004141e0888,0xfffff8a9,0,7,34,0,930
1200,1,1,1,0x00000004141e0888,0xfffff8a9,0,7,34,0,930
1201,1,1,1,0x00000004141e088c,0x00001467,0,7,35,0,931
1202,1,1,1,0x00000004141e0890,0xfffff404,0,7,36,0,932
1203,1,1,1,0x00000004141e0894,0xfffffb23,0,7,37,0,933
1204,1,0,0,0x00000004141e0898,0x0000272b,0,7,38,0,934
1205,1,1,1,0x00000004141e0898,0x0000272b,0,7,38,0,934
1206,1,0,0,0x00000004141e089c,0xfffff707,0,7,39,0,935
1207,1,1,1,0x00000004141e089c,0xfffff707,0,7,39,0,935
1208,1,1,1,0x00000004141e08a0,0x0000031f,0,7,40,0,936
1209,1,1,1,0x00000004141e08a4,0xfffffd6b,0,7,41,0,937
1210,1,1,1,0x00000004141e08a8,0xffffd8f2,0,7,42,0,938
1211,1,1,1,0x00000004141e08ac,0x000001f3,0,7,43,0,939
1212,1,1,1,0x00000004141e08b0,0x00000885,0,7,44,0,940
1213,1,0,0,0x00000004141e08b4,0xfffffb99,0,7,45,0,941
1214,1,1,1,0x00000004141e08b4,0xfffffb99,0,7,45,0,941
1215,1,0,0,0x00000004141e08b8,0xffffef79,0,7,46,0,942
1216,1,1,1,0x00000004141e08b8,0xffffef79,0,7,46,0,942
1217,1,1,1,0x00000004141e08bc,0x000004d5,0,7,47,0,943
1218,1,1,1,0x00000004141e08c0,0x000001fe,0,7,48,0,944
1219,1,1,1,0x00000004141e08c4,0x000043d4,0,7,49,0,945
1220,1,0,0,0x00000004141e08c8,0x000b0eb4,0,7,50,0,946
1221,1,1,1,0x00000004141e08c8,0x000b0eb4,0,7,50,0,946
1222,1,1,1,0x00000004141e08cc,0xfffffb7f,0,7,51,0,947
1223,1,1,1,0x00000004141e08d0,0xfffff61e,0,7,52,0,948
1224,1,1,1,0x00000004141e08d4,0x000007f0,0,7,53,0,949
1225,1,1,1,0x00000004141e08d8,0x00000314,0,7,54,0,950
1226,1,0,0,0x00000004141e08dc,0xffffec45,0,7,55,0,951
1227,1,0,0,0x00000004141e08dc,0xffffec45,0,7,55,0,951
1228,1,1,1,0x00000004141e08dc,0xffffec45,0,7,55,0,951
1229,1,1,1,0x00000004141e08e0,0x000000d3,0,7,56,0,952
1230,1,1,1,0x00000004141e08e4,0x000005c5,0,7,57,0,953
1231,1,1,1,0x00000004141e08e8,0x00000627,0,7,58,0,954
1232,1,1,1,0x00000004141e08ec,0x00001f59,0,7,59,0,955
1233,1,1,1,0x00000004141e08f0,0x00001422,0,7,60,0,956
1234,1,0,0,0x00000004141e08f4,0x00000458,0,7,61,0,957
1235,1,1,1,0x00000004141e08f4,0x00000458,0,7,61,0,957
1236,1,1,1,0x00000004141e08f8,0xfffffeae,0,7,62,0,958
1237,1,0,0,0x00000004141e08fc,0x00000259,0,7,63,0,959
1238,1,1,1,0x00000004141e08fc,0x00000259,0,7,63,0,959
1239,1,1,1,0x00000004141e0900,0x0000095d,0,7,64,0,960
1240,1,1,1,0x00000004141e0904,0x0000168f,0,7,65,0,961
1241,1,0,0,0x00000004141e0908,0x00001982,0,7,66,0,962
1242,1,1,1,0x00000004141e0908,0x00001982,0,7,66,0,962
1243,1,1,1,0x00000004141e090c,0x00000547,0,7,67,0,963
1244,1,1,1,0x00000004141e0910,0xfffff3dc,0,7,68,0,964
1245,1,1,1,0x00000004141e0914,0x00001b7e,0,7,69,0,965
1246,1,1,1,0x00000004141e0918,0x00002e0a,0,7,70,0,966
1247,1,1,1,0x00000004141e091c,0x00000163,0,7,71,0,967
1248,1,0,0,0x00000004141e0920,0x000000e3,0,7,72,0,968
1249,1,1,1,0x00000004141e0920,0x000000e3,0,7,72,0,968
1250,1,1,1,0x00000004141e0924,0x000018d7,0,7,73,0,969
1251,1,1,1,0x00000004141e0928,0xfffffe9e,0,7,74,0,970
1252,1,1,1,0x00000004141e092c,0xfffffc67,0,7,75,0,971
1253,1,1,1,0x00000004141e0930,0x00003208,0,7,76,0,972
1254,1,1,1,0x00000004141e0934,0xffffc562,0,7,77,0,973
1255,1,0,0,0x00000004141e0938,0x00000862,0,7,78,0,974
1256,1,1,1,0x00000004141e0938,0x00000862,0,7,78,0,974
1257,1,1,1,0x00000004141e093c,0xfffffbe8,0,7,79,0,975
1258,1,1,1,0x00000004141e0940,0xffffe65e,0,7,80,0,976
1259,1,0,0,0x00000004141e0944,0xfffffd9f,0,7,81,0,977
1260,1,1,1,0x00000004141e0944,0xfffffd9f,0,7,81,0,977
1261,1,1,1,0x00000004141e0948,0xfffff5d2,0,7,82,0,978
1262,1,0,0,0x00000004141e094c,0xffffe7e7,0,7,83,0,979
1263,1,1,1,0x00000004141e094c,0xffffe7e7,0,7,83,0,979
1264,1,1,1,0x00000004141e0950,0xfffff58b,0,7,84,0,980
1265,1,1,1,0x00000004141e0954,0x00001715,0,7,85,0,981
1266,1,1,1,0x00000004141e0958,0xfffffe0b,0,7,86,0,982
1267,1,1,1,0x00000004141e095c,0x00000376,0,7,87,0,983
1268,1,1,1,0x00000004141e0960,0xfffff3dd,0,7,88,0,984
1269,1,0,0,0x00000004141e0964,0xfffff399,0,7,89,0,985
1270,1,0,0,0x00000004141e0964,0xfffff399,0,7,89,0,985
1271,1,1,1,0x00000004141e0964,0xfffff399,0,7,89,0,985
1272,1,1,1,0x00000004141e0968,0xfffff058,0,7,90,0,986
1273,1,1,1,0x00000004141e096c,0x0000109d,0,7,91,0,987
1274,1,1,1,0x00000004141e0970,0x00001d30,0,7,92,0,988
1275,1,1,1,0x00000004141e0974,0xfffff5bf,0,7,93,0,989
1276,1,0,0,0x00000004141e0978,0x00000531,0,7,94,0,990
1277,1,1,1,0x00000004141e0978,0x00000531,0,7,94,0,990
1278,1,1,1,0x00000004141e097c,0xfffffbe7,0,7,95,0,991
1279,1,1,1,0x00000004141e0980,0xfffff275,0,7,96,0,992
1280,1,1,1,0x00000004141e0984,0x00000d7e,0,7,97,0,993
1281,1,0,0,0x00000004141e0988,0x00002f5a,0,7,98,0,994
1282,1,1,1,0x00000004141e0988,0x00002f5a,0,7,98,0,994
1283,1,0,0,0x00000004141e098c,0xfffffd6d,0,7,99,0,995
1284,1,1,1,0x00000004141e098c,0xfffffd6d,0,7,99,0,995
1285,1,1,1,0x00000004141e0990,0xfffff25e,0,7,100,0,996
1286,1,1,1,0x00000004141e0994,0xfffff20b,0,7,101,0,997
1287,1,1,1,0x00000004141e0998,0x0000046e,0,7,102,0,998
1288,1,1,1,0x00000004141e099c,0xffffe7a7,0,7,103,0,999
1289,1,1,1,0x00000004141e09a0,0x00000625,0,7,104,0,1000
1290,1,0,0,0x00000004141e09a4,0xfffffe9b,0,7,105,0,1001
1291,1,1,1,0x00000004141e09a4,0xfffffe9b,0,7,105,0,1001
1292,1,0,0,0x00000004141e09a8,0x00001952,0,7,106,0,1002
1293,1,1,1,0x00000004141e09a8,0x00001952,0,7,106,0,1002
1294,1,1,1,0x00000004141e09ac,0xffffff75,0,7,107,0,1003
1295,1,1,1,0x00000004141e09b0,0x000000f7,0,7,108,0,1004
1296,1,1,1,0x00000004141e09b4,0x00001123,0,7,109,0,1005
1297,1,0,0,0x00000004141e09b8,0xfffff6ee,0,7,110,0,1006
1298,1,1,1,0x00000004141e09b8,0xfffff6ee,0,7,110,0,1006
1299,1,1,1,0x00000004141e09bc,0x00001bd8,0,7,111,0,1007
1300,1,1,1,0x00000004141e09c0,0xffffe2df,0,7,112,0,1008
1301,1,1,1,0x00000004141e09c4,0xffffde98,0,7,113,0,1009
1302,1,1,1,0x00000004141e09c8,0x00001e2e,0,7,114,0,1010
1303,1,0,0,0x00000004141e09cc,0xfffc012e,0,7,115,0,1011
1304,1,0,0,0x00000004141e09cc,0xfffc012e,0,7,115,0,1011
1305,1,1,1,0x00000004141e09cc,0xfffc012e,0,7,115,0,1011
1306,1,0,0,0x00000004141e09d0,0xffffffc4,0,7,116,0,1012
1307,1,0,0,0x00000004141e09d0,0xffffffc4,0,7,116,0,1012
1308,1,1,1,0x00000004141e09d0,0xffffffc4,0,7,116,0,1012
1309,1,0,0,0x00000004141e09d4,0x00000e4d,0,7,117,0,1013
1310,1,0,0,0x00000004141e09d4,0x00000e4d,0,7,117,0,1013
1311,1,0,0,0x00000004141e09d4,0x00000e4d,0,7,117,0,1013
1312,1,0,0,0x00000004141e09d4,0x00000e4d,0,7,117,0,1013
1313,1,0,0,0x00000004141e09d4,0x00000e4d,0,7,117,0,1013
1314,1,0,0,0x00000004141e09d4,0x00000e4d,0,7,117,0,1013
1315,1,0,0,0x00000004141e09d4,0x00000e4d,0,7,117,0,1013
1316,1,0,0,0x00000004141e09d4,0x00000e4d,0,7,117,0,1013
1317,1,1,1,0x00000004141e09d4,0x00000e4d,0,7,117,0,1013
1318,1,0,0,0x00000004141e09d8,0x0000006c,0,7,118,0,1014
1319,1,0,0,0x00000004141e09d8,0x0000006c,0,7,118,0,1014
1320,1,1,1,0x00000004141e09d8,0x0000006c,0,7,118,0,1014
1321,1,0,0,0x00000004141e09dc,0xffffe6a5,0,7,119,0,1015
1322,1,0,0,0x00000004141e09dc,0xffffe6a5,0,7,119,0,1015
1323,1,1,1,0x00000004141e09dc,0xffffe6a5,0,7,119,0,1015
1324,1,0,0,0x00000004141e09e0,0x00000114,0,7,120,0,1016
1325,1,0,0,0x00000004141e09e0,0x00000114,0,7,120,0,1016
1326,1,1,1,0x00000004141e09e0,0x00000114,0,7,120,0,1016
1327,1,0,0,0x00000004141e09e4,0xfffff85e,0,7,121,0,1017
1328,1,0,0,0x00000004141e09e4,0xfffff85e,0,7,121,0,1017
1329,1,1,1,0x00000004141e09e4,0xfffff85e,0,7,121,0,1017
1330,1,0,0,0x00000004141e09e8,0x0000042b,0,7,122,0,1018
1331,1,0,0,0x00000004141e09e8,0x0000042b,0,7,122,0,1018
1332,1,0,0,0x00000004141e09e8,0x0000042b,0,7,122,0,1018
1333,1,0,0,0x00000004141e09e8,0x0000042b,0,7,122,0,1018
1334,1,0,0,0x00000004141e09e8,0x0000042b,0,7,122,0,1018
1335,1,1,1,0x00000004141e09e8,0x0000042b,0,7,122,0,1018
1336,1,0,0,0x00000004141e09ec,0xffffe9d8,0,7,123,0,1019
1337,1,0,0,0x00000004141e09ec,0xffffe9d8,0,7,123,0,1019
1338,1,1,1,0x00000004141e09ec,0xffffe9d8,0,7,123,0,1019
1339,1,0,0,0x00000004141e09f0,0xfffff8b8,0,7,124,0,1020
1340,1,0,0,0x00000004141e09f0,0xfffff8b8,0,7,124,0,1020
1341,1,1,1,0x00000004141e09f0,0xfffff8b8,0,7,124,0,1020
1342,1,0,0,0x00000004141e09f4,0xfffffbc1,0,7,125,0,1021
1343,1,0,0,0x00000004141e09f4,0xfffffbc1,0,7,125,0,1021
1344,1,1,1,0x00000004141e09f4,0xfffffbc1,0,7,125,0,1021
1345,1,0,0,0x00000004141e09f8,0xffffeadd,0,7,126,0,1022
1346,1,0,0,0x00000004141e09f8,0xffffeadd,0,7,126,0,1022
1347,1,0,0,0x00000004141e09f8,0xffffeadd,0,7,126,0,1022
1348,1,0,0,0x00000004141e09f8,0xffffeadd,0,7,126,0,1022
1349,1,0,0,0x00000004141e09f8,0xffffeadd,0,7,126,0,1022
1350,1,1,1,0x00000004141e09f8,0xffffeadd,0,7,126,0,1022
1351,1,0,0,0x00000004141e09fc,0x00000947,0,7,127,0,1023
1352,1,0,0,0x00000004141e09fc,0x00000947,0,7,127,0,1023
1353,1,0,0,0x00000004141e09fc,0x00000947,0,7,127,0,1023
1354,1,0,0,0x00000004141e09fc,0x00000947,0,7,127,0,1023
1355,1,0,0,0x00000004141e09fc,0x00000947,0,7,127,0,1023
1356,1,1,1,0x00000004141e09fc,0x00000947,0,7,127,0,1023
1357,1,0,0,0x0000000414200800,0x0000005c,1,0,0,0,1024
1358,1,0,0,0x0000000414200800,0x0000005c,1,0,0,0,1024
1359,1,1,1,0x0000000414200800,0x0000005c,1,0,0,0,1024
1360,1,0,0,0x0000000414200804,0x000000bd,1,0,1,0,1025
1361,1,0,0,0x0000000414200804,0x000000bd,1,0,1,0,1025
1362,1,1,1,0x0000000414200804,0x000000bd,1,0,1,0,1025
1363,1,0,0,0x0000000414200808,0xfffffffe,1,0,2,0,1026
1364,1,0,0,0x0000000414200808,0xfffffffe,1,0,2,0,1026
1365,1,1,1,0x0000000414200808,0xfffffffe,1,0,2,0,1026
1366,1,0,0,0x000000041420080c,0x00000023,1,0,3,0,1027
1367,1,0,0,0x000000041420080c,0x00000023,1,0,3,0,1027
1368,1,1,1,0x000000041420080c,0x00000023,1,0,3,0,1027
1369,1,0,0,0x0000000414200810,0xfffffeae,1,0,4,0,1028
1370,1,0,0,0x0000000414200810,0xfffffeae,1,0,4,0,1028
1371,1,1,1,0x0000000414200810,0xfffffeae,1,0,4,0,1028
1372,1,0,0,0x0000000414200814,0x000000d8,1,0,5,0,1029
1373,1,0,0,0x0000000414200814,0x000000d8,1,0,5,0,1029
1374,1,0,0,0x0000000414200814,0x000000d8,1,0,5,0,1029
1375,1,0,0,0x0000000414200814,0x000000d8,1,0,5,0,1029
1376,1,0,0,0x0000000414200814,0x000000d8,1,0,5,0,1029
1377,1,1,1,0x0000000414200814,0x000000d8,1,0,5,0,1029
1378,1,0,0,0x0000000414200818,0xffffff26,1,0,6,0,1030
1379,1,0,0,0x0000000414200818,0xffffff26,1,0,6,0,1030
1380,1,0,0,0x0000000414200818,0xffffff26,1,0,6,0,1030
1381,1,0,0,0x0000000414200818,0xffffff26,1,0,6,0,1030
1382,1,0,0,0x0000000414200818,0xffffff26,1,0,6,0,1030
1383,1,1,1,0x0000000414200818,0xffffff26,1,0,6,0,1030
1384,1,0,0,0x000000041420081c,0xfffffff6,1,0,7,0,1031
1385,1,0,0,0x000000041420081c,0xfffffff6,1,0,7,0,1031
1386,1,1,1,0x000000041420081c,0xfffffff6,1,0,7,0,1031
1387,1,0,0,0x0000000414200820,0x00000030,1,0,8,0,1032
1388,1,0,0,0x0000000414200820,0x00000030,1,0,8,0,1032
1389,1,1,1,0x0000000414200820,0x00000030,1,0,8,0,1032
1390,1,1,1,0x0000000414200824,0xffffffbc,1,0,9,0,1033
1391,1,0,0,0x0000000414200828,0xffffff6e,1,0,10,0,1034
1392,1,1,1,0x0000000414200828,0xffffff6e,1,0,10,0,1034
1393,1,1,1,0x000000041420082c,0xffffffbd,1,0,11,0,1035
1394,1,1,1,0x0000000414200830,0x00000384,1,0,12,0,1036
1395,1,0,0,0x0000000414200834,0xffffffd2,1,0,13,0,1037
1396,1,1,1,0x0000000414200834,0xffffffd2,1,0,13,0,1037
1397,1,1,1,0x0000000414200838,0x00000022,1,0,14,0,1038
1398,1,1,1,0x000000041420083c,0x0000016b,1,0,15,0,1039
1399,1,1,1,0x0000000414200840,0xffffffce,1,0,16,0,1040
1400,1,1,1,0x0000000414200844,0xffffff59,1,0,17,0,1041
1401,1,1,1,0x0000000414200848,0xfffffeff,1,0,18,0,1042
1402,1,0,0,0x000000041420084c,0x00000085,1,0,19,0,1043
1403,1,1,1,0x000000041420084c,0x00000085,1,0,19,0,1043
1404,1,1,1,0x0000000414200850,0x0000000c,1,0,20,0,1044
1405,1,1,1,0x0000000414200854,0xffffffc4,1,0,21,0,1045
1406,1,1,1,0x0000000414200858,0xffffff6e,1,0,22,0,1046
1407,1,1,1,0x000000041420085c,0x00000084,1,0,23,0,1047
1408,1,1,1,0x0000000414200860,0xffffff89,1,0,24,0,1048
1409,1,0,0,0x0000000414200864,0xffffff22,1,0,25,0,1049
1410,1,1,1,0x0000000414200864,0xffffff22,1,0,25,0,1049
1411,1,1,1,0x0000000414200868,0xffffff5a,1,0,26,0,1050
1412,1,1,1,0x000000041420086c,0x00000095,1,0,27,0,1051
1413,1,0,0,0x0000000414200870,0xffffff34,1,0,28,0,1052
1414,1,1,1,0x0000000414200870,0xffffff34,1,0,28,0,1052
1415,1,1,1,0x0000000414200874,0xfffffe81,1,0,29,0,1053
1416,1,0,0,0x0000000414200878,0x0000010e,1,0,30,0,1054
1417,1,1,1,0x0000000414200878,0x0000010e,1,0,30,0,1054
1418,1,1,1,0x000000041420087c,0xfffffffc,1,0,31,0,1055
1419,1,1,1,0x0000000414200880,0xffffff77,1,0,32,0,1056
1420,1,1,1,0x0000000414200884,0x000000ba,1,0,33,0,1057
1421,1,1,1,0x0000000414200888,0x00000090,1,0,34,0,1058
1422,1,1,1,0x000000041420088c,0xffffff5e,1,0,35,0,1059
1423,1,0,0,0x0000000414200890,0xffffffe8,1,0,36,0,1060
1424,1,0,0,0x0000000414200890,0xffffffe8,1,0,36,0,1060
1425,1,1,1,0x0000000414200890,0xffffffe8,1,0,36,0,1060
1426,1,1,1,0x0000000414200894,0x00000196,1,0,37,0,1061
1427,1,1,1,0x0000000414200898,0xffffffdf,1,0,38,0,1062
1428,1,1,1,0x000000041420089c,0xffffff83,1,0,39,0,1063
1429,1,1,1,0x00000004142008a0,0x00000094,1,0,40,0,1064
1430,1,0,0,0x00000004142008a4,0x00000064,1,0,41,0,1065
1431,1,1,1,0x00000004142008a4,0x00000064,1,0,41,0,1065
1432,1,1,1,0x00000004142008a8,0xffffff76,1,0,42,0,1066
1433,1,1,1,0x00000004142008ac,0xfffffefb,1,0,43,0,1067
1434,1,1,1,0x00000004142008b0,0xffffff7e,1,0,44,0,1068
1435,1,0,0,0x00000004142008b4,0x00000049,1,0,45,0,1069
1436,1,1,1,0x00000004142008b4,0x00000049,1,0,45,0,1069
1437,1,0,0,0x00000004142008b8,0x000000b9,1,0,46,0,1070
1438,1,1,1,0x00000004142008b8,0x000000b9,1,0,46,0,1070
1439,1,1,1,0x00000004142008bc,0x00000040,1,0,47,0,1071
1440,1,1,1,0x00000004142008c0,0x00000049,1,0,48,0,1072
1441,1,1,1,0x00000004142008c4,0xffffffaa,1,0,49,0,1073
1442,1,1,1,0x00000004142008c8,0xfffffecb,1,0,50,0,1074
1443,1,1,1,0x00000004142008cc,0x000000b2,1,0,51,0,1075
1444,1,0,0,0x00000004142008d0,0x00000061,1,0,52,0,1076
1445,1,1,1,0x00000004142008d0,0x00000061,1,0,52,0,1076
1446,1,0,0,0x00000004142008d4,0x0000014f,1,0,53,0,1077
1447,1,1,1,0x00000004142008d4,0x0000014f,1,0,53,0,1077
1448,1,1,1,0x00000004142008d8,0xffffff9c,1,0,54,0,1078
1449,1,1,1,0x00000004142008dc,0x0000011f,1,0,55,0,1079
1450,1,1,1,0x00000004142008e0,0x00000086,1,0,56,0,1080
1451,1,0,0,0x00000004142008e4,0x0000003c,1,0,57,0,1081
1452,1,1,1,0x00000004142008e4,0x0000003c,1,0,57,0,1081
1453,1,1,1,0x00000004142008e8,0x0000004b,1,0,58,0,1082
1454,1,1,1,0x00000004142008ec,0xfffffedb,1,0,59,0,1083
1455,1,1,1,0x00000004142008f0,0xffffff7d,1,0,60,0,1084
1456,1,1,1,0x00000004142008f4,0x00000039,1,0,61,0,1085
1457,1,0,0,0x00000004142008f8,0xffffffbb,1,0,62,0,1086
1458,1,0,0,0x00000004142008f8,0xffffffbb,1,0,62,0,1086
1459,1,1,1,0x00000004142008f8,0xffffffbb,1,0,62,0,1086
1460,1,1,1,0x00000004142008fc,0xfffffe86,1,0,63,0,1087
1461,1,1,1,0x0000000414200900,0xfffffed5,1,0,64,0,1088
1462,1,1,1,0x0000000414200904,0x0000006f,1,0,65,0,1089
1463,1,1,1,0x0000000414200908,0xffffff56,1,0,66,0,1090
1464,1,1,1,0x000000041420090c,0xffffffe8,1,0,67,0,1091
1465,1,0,0,0x0000000414200910,0x0000004b,1,0,68,0,1092
1466,1,1,1,0x0000000414200910,0x0000004b,1,0,68,0,1092
1467,1,1,1,0x0000000414200914,0x00000148,1,0,69,0,1093
1468,1,0,0,0x0000000414200918,0xfffffee2,1,0,70,0,1094
1469,1,1,1,0x0000000414200918,0xfffffee2,1,0,70,0,1094
1470,1,1,1,0x000000041420091c,0xfffffff4,1,0,71,0,1095
1471,1,1,1,0x0000000414200920,0x00000047,1,0,72,0,1096
1472,1,0,0,0x0000000414200924,0xffffffda,1,0,73,0,1097
1473,1,1,1,0x0000000414200924,0xffffffda,1,0,73,0,1097
1474,1,1,1,0x0000000414200928,0x000000b0,1,0,74,0,1098
1475,1,1,1,0x000000041420092c,0x0000009c,1,0,75,0,1099
1476,1,1,1,0x0000000414200930,0x00000006,1,0,76,0,1100
1477,1,1,1,0x0000000414200934,0xfffffa12,1,0,77,0,1101
1478,1,1,1,0x0000000414200938,0x00000017,1,0,78,0,1102
1479,1,0,0,0x000000041420093c,0x0000006e,1,0,79,0,1103
1480,1,1,1,0x000000041420093c,0x0000006e,1,0,79,0,1103
1481,1,1,1,0x0000000414200940,0xfffffefd,1,0,80,0,1104
1482,1,1,1,0x0000000414200944,0xffffffa4,1,0,81,0,1105
1483,1,1,1,0x0000000414200948,0xffffffce,1,0,82,0,1106
1484,1,1,1,0x000000041420094c,0x0000004e,1,0,83,0,1107
1485,1,1,1,0x0000000414200950,0x000000cc,1,0,84,0,1108
1486,1,0,0,0x0000000414200954,0xffffff63,1,0,85,0,1109
1487,1,1,1,0x0000000414200954,0xffffff63,1,0,85,0,1109
1488,1,1,1,0x0000000414200958,0x0000005a,1,0,86,0,1110
1489,1,1,1,0x000000041420095c,0xffffff5a,1,0,87,0,1111
1490,1,0,0,0x0000000414200960,0x00000068,1,0,88,0,1112
1491,1,1,1,0x0000000414200960,0x00000068,1,0,88,0,1112
1492,1,1,1,0x0000000414200964,0x00000135,1,0,89,0,1113
1493,1,0,0,0x0000000414200968,0x000000af,1,0,90,0,1114
1494,1,1,1,0x0000000414200968,0x000000af,1,0,90,0,1114
1495,1,1,1,0x000000041420096c,0x00000027,1,0,91,0,1115
1496,1,1,1,0x0000000414200970,0x000000c9,1,0,92,0,1116
1497,1,1,1,0x0000000414200974,0xffffff79,1,0,93,0,1117
1498,1,1,1,0x0000000414200978,0xffffffd5,1,0,94,0,1118
1499,1,1,1,0x000000041420097c,0x00000053,1,0,95,0,1119
1500,1,0,0,0x0000000414200980,0xfffffe28,1,0,96,0,1120
1501,1,0,0,0x0000000414200980,0xfffffe28,1,0,96,0,1120
1502,1,1,1,0x0000000414200980,0xfffffe28,1,0,96,0,1120
1503,1,1,1,0x0000000414200984,0xffffff2e,1,0,97,0,1121
1504,1,1,1,0x0000000414200988,0xffffff3d,1,0,98,0,1122
1505,1,1,1,0x000000041420098c,0xffffff60,1,0,99,0,1123
1506,1,1,1,0x0000000414200990,0xfffffee3,1,0,100,0,1124
1507,1,0,0,0x0000000414200994,0xfffffef7,1,0,101,0,1125
1508,1,1,1,0x0000000414200994,0xfffffef7,1,0,101,0,1125
1509,1,1,1,0x0000000414200998,0xffffff2d,1,0,102,0,1126
1510,1,1,1,0x000000041420099c,0x00000033,1,0,103,0,1127
1511,1,1,1,0x00000004142009a0,0x00000066,1,0,104,0,1128
1512,1,0,0,0x00000004142009a4,0xfffffee6,1,0,105,0,1129
1513,1,1,1,0x00000004142009a4,0xfffffee6,1,0,105,0,1129
1514,1,0,0,0x00000004142009a8,0x00000152,1,0,106,0,1130
1515,1,1,1,0x00000004142009a8,0x00000152,1,0,106,0,1130
1516,1,1,1,0x00000004142009ac,0xffffffdf,1,0,107,0,1131
1517,1,1,1,0x00000004142009b0,0x0000008a,1,0,108,0,1132
1518,1,1,1,0x00000004142009b4,0x00000077,1,0,109,0,1133
1519,1,1,1,0x00000004142009b8,0xffffff59,1,0,110,0,1134
1520,1,1,1,0x00000004142009bc,0x000000e6,1,0,111,0,1135
1521,1,0,0,0x00000004142009c0,0x00000130,1,0,112,0,1136
1522,1,1,1,0x00000004142009c0,0x00000130,1,0,112,0,1136
1523,1,0,0,0x00000004142009c4,0xfffffeb6,1,0,113,0,1137
1524,1,1,1,0x00000004142009c4,0xfffffeb6,1,0,113,0,1137
1525,1,1,1,0x00000004142009c8,0xffffff81,1,0,114,0,1138
1526,1,1,1,0x00000004142009cc,0xfffffe69,1,0,115,0,1139
1527,1,1,1,0x00000004142009d0,0xffffff96,1,0,116,0,1140
1528,1,0,0,0x00000004142009d4,0x0000002f,1,0,117,0,1141
1529,1,1,1,0x00000004142009d4,0x0000002f,1,0,117,0,1141
1530,1,1,1,0x00000004142009d8,0x000000ac,1,0,118,0,1142
1531,1,1,1,0x00000004142009dc,0xffffff0c,1,0,119,0,1143
1532,1,1,1,0x00000004142009e0,0x000000af,1,0,120,0,1144
1533,1,1,1,0x00000004142009e4,0x0000008e,1,0,121,0,1145
1534,1,0,0,0x00000004142009e8,0x0000005e,1,0,122,0,1146
1535,1,0,0,0x00000004142009e8,0x0000005e,1,0,122,0,1146
1536,1,1,1,0x00000004142009e8,0x0000005e,1,0,122,0,1146
1537,1,1,1,0x00000004142009ec,0xffffff67,1,0,123,0,1147
1538,1,1,1,0x00000004142009f0,0xfffffff2,1,0,124,0,1148
1539,1,1,1,0x00000004142009f4,0xfffffff7,1,0,125,0,1149
1540,1,1,1,0x00000004142009f8,0x00000034,1,0,126,0,1150
1541,1,1,1,0x00000004142009fc,0x00000076,1,0,127,0,1151
1542,1,0,0,0x0000000414220800,0x000001ce,1,1,0,0,1152
1543,1,1,1,0x0000000414220800,0x000001ce,1,1,0,0,1152
1544,1,1,1,0x0000000414220804,0xfffffbaf,1,1,1,0,1153
1545,1,0,0,0x0000000414220808,0x0000064a,1,1,2,0,1154
1546,1,1,1,0x0000000414220808,0x0000064a,1,1,2,0,1154
1547,1,1,1,0x000000041422080c,0x00000363,1,1,3,0,1155
1548,1,1,1,0x0000000414220810,0x000000a1,1,1,4,0,1156
1549,1,0,0,0x0000000414220814,0x000004fe,1,1,5,0,1157
1550,1,1,1,0x0000000414220814,0x000004fe,1,1,5,0,1157
1551,1,1,1,0x0000000414220818,0x000000b1,1,1,6,0,1158
1552,1,1,1,0x000000041422081c,0xfffff93b,1,1,7,0,1159
1553,1,1,1,0x0000000414220820,0x0000053e,1,1,8,0,1160
1554,1,1,1,0x0000000414220824,0xfffffdd3,1,1,9,0,1161
1555,1,1,1,0x0000000414220828,0xfffffb95,1,1,10,0,1162
1556,1,0,0,0x000000041422082c,0xffffff7c,1,1,11,0,1163
1557,1,1,1,0x000000041422082c,0xffffff7c,1,1,11,0,1163
1558,1,1,1,0x0000000414220830,0xfffffcf0,1,1,12,0,1164
1559,1,1,1,0x0000000414220834,0xfffffbad,1,1,13,0,1165
1560,1,1,1,0x0000000414220838,0xfffffe28,1,1,14,0,1166
1561,1,1,1,0x000000041422083c,0x00000143,1,1,15,0,1167
1562,1,1,1,0x0000000414220840,0x0000025c,1,1,16,0,1168
1563,1,0,0,0x0000000414220844,0x0000024c,1,1,17,0,1169
1564,1,1,1,0x0000000414220844,0x0000024c,1,1,17,0,1169
1565,1,1,1,0x0000000414220848,0xfffffd7e,1,1,18,0,1170
1566,1,1,1,0x000000041422084c,0xfffffd54,1,1,19,0,1171
1567,1,0,0,0x0000000414220850,0x000003e5,1,1,20,0,1172
1568,1,1,1,0x0000000414220850,0x000003e5,1,1,20,0,1172
1569,1,1,1,0x0000000414220854,0xfffffdd9,1,1,21,0,1173
1570,1,0,0,0x0000000414220858,0x00000312,1,1,22,0,1174
1571,1,1,1,0x0000000414220858,0x00000312,1,1,22,0,1174
1572,1,1,1,0x000000041422085c,0xfffffcf8,1,1,23,0,1175
1573,1,1,1,0x0000000414220860,0x00000365,1,1,24,0,1176
1574,1,1,1,0x0000000414220864,0xfffffece,1,1,25,0,1177
1575,1,1,1,0x0000000414220868,0x000004fc,1,1,26,0,1178
1576,1,1,1,0x000000041422086c,0x00000646,1,1,27,0,1179
1577,1,0,0,0x0000000414220870,0xfffffed4,1,1,28,0,1180
1578,1,0,0,0x0000000414220870,0xfffffed4,1,1,28,0,1180
1579,1,1,1,0x0000000414220870,0xfffffed4,1,1,28,0,1180
1580,1,1,1,0x0000000414220874,0xffffff49,1,1,29,0,1181
1581,1,1,1,0x0000000414220878,0xffffff35,1,1,30,0,1182
1582,1,1,1,0x000000041422087c,0xffffff2a,1,1,31,0,1183
1583,1,1,1,0x0000000414220880,0xfffffd21,1,1,32,0,1184
1584,1,0,0,0x0000000414220884,0x00000273,1,1,33,0,1185
1585,1,1,1,0x0000000414220884,0x00000273,1,1,33,0,1185
1586,1,1,1,0x0000000414220888,0x0000075d,1,1,34,0,1186
1587,1,1,1,0x000000041422088c,0xfffffe12,1,1,35,0,1187
1588,1,1,1,0x0000000414220890,0x00000123,1,1,36,0,1188
1589,1,0,0,0x0000000414220894,0xffffffe4,1,1,37,0,1189
1590,1,1,1,0x0000000414220894,0xffffffe4,1,1,37,0,1189
1591,1,0,0,0x0000000414220898,0x00000638,1,1,38,0,1190
1592,1,1,1,0x0000000414220898,0x00000638,1,1,38,0,1190
1593,1,1,1,0x000000041422089c,0x000000f4,1,1,39,0,1191
1594,1,1,1,0x00000004142208a0,0x00000323,1,1,40,0,1192
1595,1,1,1,0x00000004142208a4,0x00000747,1,1,41,0,1193
1596,1,1,1,0x00000004142208a8,0xfffffc22,1,1,42,0,1194
1597,1,1,1,0x00000004142208ac,0x0000025b,1,1,43,0,1195
1598,1,0,0,0x00000004142208b0,0x000004aa,1,1,44,0,1196
1599,1,1,1,0x00000004142208b0,0x000004aa,1,1,44,0,1196
1600,1,0,0,0x00000004142208b4,0xfffffeb1,1,1,45,0,1197
1601,1,1,1,0x00000004142208b4,0xfffffeb1,1,1,45,0,1197
1602,1,1,1,0x00000004142208b8,0xffffff5d,1,1,46,0,1198
1603,1,1,1,0x00000004142208bc,0xfffffcf5,1,1,47,0,1199
1604,1,1,1,0x00000004142208c0,0xffffffab,1,1,48,0,1200
1605,1,0,0,0x00000004142208c4,0xfffffcaa,1,1,49,0,1201
1606,1,1,1,0x00000004142208c4,0xfffffcaa,1,1,49,0,1201
1607,1,1,1,0x00000004142208c8,0xfffffe6e,1,1,50,0,1202
1608,1,1,1,0x00000004142208cc,0x00000075,1,1,51,0,1203
1609,1,1,1,0x00000004142208d0,0xffffffbc,1,1,52,0,1204
1610,1,1,1,0x00000004142208d4,0x0000026d,1,1,53,0,1205
1611,1,0,0,0x00000004142208d8,0xfffffb59,1,1,54,0,1206
1612,1,0,0,0x00000004142208d8,0xfffffb59,1,1,54,0,1206
1613,1,1,1,0x00000004142208d8,0xfffffb59,1,1,54,0,1206
1614,1,1,1,0x00000004142208dc,0x000005aa,1,1,55,0,1207
1615,1,1,1,0x00000004142208e0,0xfffffe9b,1,1,56,0,1208
1616,1,1,1,0x00000004142208e4,0x0000015b,1,1,57,0,1209
1617,1,1,1,0x00000004142208e8,0x000002aa,1,1,58,0,1210
1618,1,1,1,0x00000004142208ec,0x000000df,1,1,59,0,1211
1619,1,0,0,0x00000004142208f0,0x00000693,1,1,60,0,1212
1620,1,1,1,0x00000004142208f0,0x00000693,1,1,60,0,1212
1621,1,1,1,0x00000004142208f4,0xfffffad5,1,1,61,0,1213
1622,1,0,0,0x00000004142208f8,0x00000850,1,1,62,0,1214
1623,1,1,1,0x00000004142208f8,0x00000850,1,1,62,0,1214
1624,1,1,1,0x00000004142208fc,0xffffff4a,1,1,63,0,1215
1625,1,1,1,0x0000000414220900,0x0000026d,1,1,64,0,1216
1626,1,0,0,0x0000000414220904,0xfffffd2d,1,1,65,0,1217
1627,1,1,1,0x0000000414220904,0xfffffd2d,1,1,65,0,1217
1628,1,1,1,0x0000000414220908,0x0000006e,1,1,66,0,1218
1629,1,1,1,0x000000041422090c,0xfffffd46,1,1,67,0,1219
1630,1,1,1,0x0000000414220910,0xfffffdeb,1,1,68,0,1220
1631,1,1,1,0x0000000414220914,0xfffffe64,1,1,69,0,1221
1632,1,1,1,0x0000000414220918,0x00000046,1,1,70,0,1222
1633,1,0,0,0x000000041422091c,0xfffffecf,1,1,71,0,1223
1634,1,1,1,0x000000041422091c,0xfffffecf,1,1,71,0,1223
1635,1,1,1,0x0000000414220920,0x00000342,1,1,72,0,1224
1636,1,1,1,0x0000000414220924,0xfffff95f,1,1,73,0,1225
1637,1,1,1,0x0000000414220928,0xfffffd73,1,1,74,0,1226
1638,1,1,1,0x000000041422092c,0xfffff75f,1,1,75,0,1227
1639,1,1,1,0x0000000414220930,0x0000021b,1,1,76,0,1228
1640,1,0,0,0x0000000414220934,0x00000485,1,1,77,0,1229
1641,1,1,1,0x0000000414220934,0x00000485,1,1,77,0,1229
1642,1,1,1,0x0000000414220938,0x00000188,1,1,78,0,1230
1643,1,1,1,0x000000041422093c,0x000000bc,1,1,79,0,1231
1644,1,0,0,0x0000000414220940,0x000001f8,1,1,80,0,1232
1645,1,1,1,0x0000000414220940,0x000001f8,1,1,80,0,1232
1646,1,1,1,0x0000000414220944,0x0000018e,1,1,81,0,1233
1647,1,0,0,0x0000000414220948,0x000007b2,1,1,82,0,1234
1648,1,1,1,0x0000000414220948,0x000007b2,1,1,82,0,1234
1649,1,1,1,0x000000041422094c,0xfffffc47,1,1,83,0,1235
1650,1,1,1,0x0000000414220950,0x000000ba,1,1,84,0,1236
1651,1,1,1,0x0000000414220954,0xfffffe7b,1,1,85,0,1237
1652,1,1,1,0x0000000414220958,0xfffffec4,1,1,86,0,1238
1653,1,1,1,0x000000041422095c,0xfffffcac,1,1,87,0,1239
1654,1,0,0,0x0000000414220960,0xffffff0d,1,1,88,0,1240
1655,1,0,0,0x0000000414220960,0xffffff0d,1,1,88,0,1240
1656,1,1,1,0x0000000414220960,0xffffff0d,1,1,88,0,1240
1657,1,1,1,0x0000000414220964,0xfffffe8b,1,1,89,0,1241
1658,1,1,1,0x0000000414220968,0x00000133,1,1,90,0,1242
1659,1,1,1,0x000000041422096c,0xffffffda,1,1,91,0,1243
1660,1,1,1,0x0000000414220970,0x00000259,1,1,92,0,1244
1661,1,0,0,0x0000000414220974,0xfffffd62,1,1,93,0,1245
1662,1,1,1,0x0000000414220974,0xfffffd62,1,1,93,0,1245
1663,1,1,1,0x0000000414220978,0x000001a3,1,1,94,0,1246
1664,1,1,1,0x000000041422097c,0xfffffbda,1,1,95,0,1247
1665,1,1,1,0x0000000414220980,0x00000123,1,1,96,0,1248
1666,1,0,0,0x0000000414220984,0x000003a4,1,1,97,0,1249
1667,1,1,1,0x0000000414220984,0x000003a4,1,1,97,0,1249
1668,1,0,0,0x0000000414220988,0x00001103,1,1,98,0,1250
1669,1,1,1,0x0000000414220988,0x00001103,1,1,98,0,1250
1670,1,1,1,0x000000041422098c,0xfffffd09,1,1,99,0,1251
1671,1,1,1,0x0000000414220990,0xffffff04,1,1,100,0,1252
1672,1,1,1,0x0000000414220994,0xfffffecb,1,1,101,0,1253
1673,1,1,1,0x0000000414220998,0xfffff934,1,1,102,0,1254
1674,1,1,1,0x000000041422099c,0x000003b5,1,1,103,0,1255
1675,1,0,0,0x00000004142209a0,0xfffffde1,1,1,104,0,1256
1676,1,1,1,0x00000004142209a0,0xfffffde1,1,1,104,0,1256
1677,1,0,0,0x00000004142209a4,0xfffff8d6,1,1,105,0,1257
1678,1,1,1,0x00000004142209a4,0xfffff8d6,1,1,105,0,1257
1679,1,1,1,0x00000004142209a8,0x00000635,1,1,106,0,1258
1680,1,1,1,0x00000004142209ac,0x0000016a,1,1,107,0,1259
1681,1,1,1,0x00000004142209b0,0xfffffed9,1,1,108,0,1260
1682,1,0,0,0x00000004142209b4,0x000002b8,1,1,109,0,1261
1683,1,1,1,0x00000004142209b4,0x000002b8,1,1,109,0,1261
1684,1,1,1,0x00000004142209b8,0x000003bf,1,1,110,0,1262
1685,1,1,1,0x00000004142209bc,0xfffffdd1,1,1,111,0,1263
1686,1,1,1,0x00000004142209c0,0xfffffe38,1,1,112,0,1264
1687,1,1,1,0x00000004142209c4,0xfffffbc6,1,1,113,0,1265
1688,1,0,0,0x00000004142209c8,0x000004ee,1,1,114,0,1266
1689,1,0,0,0x00000004142209c8,0x000004ee,1,1,114,0,1266
1690,1,1,1,0x00000004142209c8,0x000004ee,1,1,114,0,1266
1691,1,1,1,0x00000004142209cc,0xffffffd1,1,1,115,0,1267
1692,1,1,1,0x00000004142209d0,0x00000237,1,1,116,0,1268
1693,1,1,1,0x00000004142209d4,0xfffffbc0,1,1,117,0,1269
1694,1,1,1,0x00000004142209d8,0xfffffd0b,1,1,118,0,1270
1695,1,1,1,0x00000004142209dc,0xfffffd71,1,1,119,0,1271
1696,1,0,0,0x00000004142209e0,0xfffffd22,1,1,120,0,1272
1697,1,1,1,0x00000004142209e0,0xfffffd22,1,1,120,0,1272
1698,1,1,1,0x00000004142209e4,0x0000067f,1,1,121,0,1273
1699,1,0,0,0x00000004142209e8,0x000003e9,1,1,122,0,1274
1700,1,1,1,0x00000004142209e8,0x000003e9,1,1,122,0,1274
1701,1,1,1,0x00000004142209ec,0xfffffc08,1,1,123,0,1275
1702,1,1,1,0x00000004142209f0,0x0000025f,1,1,124,0,1276
1703,1,0,0,0x00000004142209f4,0x000000ab,1,1,125,0,1277
1704,1,1,1,0x00000004142209f4,0x000000ab,1,1,125,0,1277
1705,1,1,1,0x00000004142209f8,0x000005a8,1,1,126,0,1278
1706,1,1,1,0x00000004142209fc,0xffffff6b,1,1,127,0,1279
1707,1,1,1,0x0000000414240800,0xffffffe4,1,2,0,0,1280
1708,1,1,1,0x0000000414240804,0xffffff7e,1,2,1,0,1281
1709,1,1,1,0x0000000414240808,0xffffff12,1,2,2,0,1282
1710,1,0,0,0x000000041424080c,0xfffffffa,1,2,3,0,1283
1711,1,1,1,0x000000041424080c,0xfffffffa,1,2,3,0,1283
1712,1,1,1,0x0000000414240810,0x0000002d,1,2,4,0,1284
1713,1,1,1,0x0000000414240814,0xfffffd86,1,2,5,0,1285
1714,1,1,1,0x0000000414240818,0xfffffeea,1,2,6,0,1286
1715,1,1,1,0x000000041424081c,0x00000130,1,2,7,0,1287
1716,1,1,1,0x0000000414240820,0xffffff91,1,2,8,0,1288
1717,1,0,0,0x0000000414240824,0xffffff30,1,2,9,0,1289
1718,1,1,1,0x0000000414240824,0xffffff30,1,2,9,0,1289
1719,1,1,1,0x0000000414240828,0xffffff64,1,2,10,0,1290
1720,1,1,1,0x000000041424082c,0x000000b6,1,2,11,0,1291
1721,1,0,0,0x0000000414240830,0x0000010e,1,2,12,0,1292
1722,1,1,1,0x0000000414240830,0x0000010e,1,2,12,0,1292
1723,1,1,1,0x0000000414240834,0xffffff09,1,2,13,0,1293
1724,1,0,0,0x0000000414240838,0x00000039,1,2,14,0,1294
1725,1,1,1,0x0000000414240838,0x00000039,1,2,14,0,1294
1726,1,1,1,0x000000041424083c,0xfffffede,1,2,15,0,1295
1727,1,1,1,0x0000000414240840,0xffffff79,1,2,16,0,1296
1728,1,1,1,0x0000000414240844,0x00000096,1,2,17,0,1297
1729,1,1,1,0x0000000414240848,0xffffff4b,1,2,18,0,1298
1730,1,1,1,0x000000041424084c,0x000000c9,1,2,19,0,1299
1731,1,0,0,0x0000000414240850,0x00000133,1,2,20,0,1300
1732,1,0,0,0x0000000414240850,0x00000133,1,2,20,0,1300
1733,1,1,1,0x0000000414240850,0x00000133,1,2,20,0,1300
1734,1,1,1,0x0000000414240854,0xffffffb3,1,2,21,0,1301
1735,1,1,1,0x0000000414240858,0x00000006,1,2,22,0,1302
1736,1,1,1,0x000000041424085c,0xffffffe8,1,2,23,0,1303
1737,1,1,1,0x0000000414240860,0x00000023,1,2,24,0,1304
1738,1,0,0,0x0000000414240864,0xffffffa2,1,2,25,0,1305
1739,1,1,1,0x0000000414240864,0xffffffa2,1,2,25,0,1305
1740,1,1,1,0x0000000414240868,0x000000b0,1,2,26,0,1306
1741,1,1,1,0x000000041424086c,0xffffff63,1,2,27,0,1307
1742,1,1,1,0x0000000414240870,0xfffffe2f,1,2,28,0,1308
1743,1,0,0,0x0000000414240874,0xffffffbd,1,2,29,0,1309
1744,1,1,1,0x0000000414240874,0xffffffbd,1,2,29,0,1309
1745,1,0,0,0x0000000414240878,0x00000045,1,2,30,0,1310
1746,1,1,1,0x0000000414240878,0x00000045,1,2,30,0,1310
1747,1,1,1,0x000000041424087c,0x0000010e,1,2,31,0,1311
1748,1,1,1,0x0000000414240880,0xffffff66,1,2,32,0,1312
1749,1,1,1,0x0000000414240884,0x000000e6,1,2,33,0,1313
1750,1,1,1,0x0000000414240888,0x00000089,1,2,34,0,1314
1751,1,1,1,0x000000041424088c,0xffffffb8,1,2,35,0,1315
1752,1,0,0,0x0000000414240890,0xffffff8e,1,2,36,0,1316
1753,1,1,1,0x0000000414240890,0xffffff8e,1,2,36,0,1316
1754,1,0,0,0x0000000414240894,0x000000eb,1,2,37,0,1317
1755,1,1,1,0x0000000414240894,0x000000eb,1,2,37,0,1317
1756,1,1,1,0x0000000414240898,0xffffff44,1,2,38,0,1318
1757,1,1,1,0x000000041424089c,0xfffffff2,1,2,39,0,1319
1758,1,1,1,0x00000004142408a0,0x00000037,1,2,40,0,1320
1759,1,0,0,0x00000004142408a4,0xffffff60,1,2,41,0,1321
1760,1,1,1,0x00000004142408a4,0xffffff60,1,2,41,0,1321
1761,1,1,1,0x00000004142408a8,0x00000061,1,2,42,0,1322
1762,1,1,1,0x00000004142408ac,0x00000015,1,2,43,0,1323
1763,1,1,1,0x00000004142408b0,0x0000017f,1,2,44,0,1324
1764,1,1,1,0x00000004142408b4,0xfffffee3,1,2,45,0,1325
1765,1,0,0,0x00000004142408b8,0x00000064,1,2,46,0,1326
1766,1,0,0,0x00000004142408b8,0x00000064,1,2,46,0,1326
1767,1,1,1,0x00000004142408b8,0x00000064,1,2,46,0,1326
1768,1,1,1,0x00000004142408bc,0x00000018,1,2,47,0,1327
1769,1,1,1,0x00000004142408c0,0x00000033,1,2,48,0,1328
1770,1,1,1,0x00000004142408c4,0x00000014,1,2,49,0,1329
1771,1,1,1,0x00000004142408c8,0x0000003d,1,2,50,0,1330
1772,1,1,1,0x00000004142408cc,0x000000d4,1,2,51,0,1331
1773,1,0,0,0x00000004142408d0,0x0000006f,1,2,52,0,1332
1774,1,1,1,0x00000004142408d0,0x0000006f,1,2,52,0,1332
1775,1,1,1,0x00000004142408d4,0xffffff44,1,2,53,0,1333
1776,1,0,0,0x00000004142408d8,0x0000005b,1,2,54,0,1334
1777,1,1,1,0x00000004142408d8,0x0000005b,1,2,54,0,1334
1778,1,1,1,0x00000004142408dc,0xffffffd9,1,2,55,0,1335
1779,1,1,1,0x00000004142408e0,0xffffff50,1,2,56,0,1336
1780,1,0,0,0x00000004142408e4,0x0000000a,1,2,57,0,1337
1781,1,1,1,0x00000004142408e4,0x0000000a,1,2,57,0,1337
1782,1,1,1,0x00000004142408e8,0x0000006d,1,2,58,0,1338
1783,1,1,1,0x00000004142408ec,0x0000001b,1,2,59,0,1339
1784,1,1,1,0x00000004142408f0,0x000000c5,1,2,60,0,1340
1785,1,1,1,0x00000004142408f4,0xffffff5d,1,2,61,0,1341
1786,1,1,1,0x00000004142408f8,0xfffffff5,1,2,62,0,1342
1787,1,0,0,0x00000004142408fc,0xffffff00,1,2,63,0,1343
1788,1,1,1,0x00000004142408fc,0xffffff00,1,2,63,0,1343
1789,1,1,1,0x0000000414240900,0xfffffed8,1,2,64,0,1344
1790,1,1,1,0x0000000414240904,0x00000025,1,2,65,0,1345
1791,1,1,1,0x0000000414240908,0x0000000f,1,2,66,0,1346
1792,1,1,1,0x000000041424090c,0xffffff65,1,2,67,0,1347
1793,1,1,1,0x0000000414240910,0xffffffc2,1,2,68,0,1348
1794,1,0,0,0x0000000414240914,0xffffff65,1,2,69,0,1349
1795,1,1,1,0x0000000414240914,0xffffff65,1,2,69,0,1349
1796,1,1,1,0x0000000414240918,0x00000091,1,2,70,0,1350
1797,1,1,1,0x000000041424091c,0xffffffc9,1,2,71,0,1351
1798,1,0,0,0x0000000414240920,0xffffff3c,1,2,72,0,1352
1799,1,1,1,0x0000000414240920,0xffffff3c,1,2,72,0,1352
1800,1,1,1,0x0000000414240924,0x00000009,1,2,73,0,1353
1801,1,0,0,0x0000000414240928,0xfffffff7,1,2,74,0,1354
1802,1,1,1,0x0000000414240928,0xfffffff7,1,2,74,0,1354
1803,1,1,1,0x000000041424092c,0xfffffffb,1,2,75,0,1355
1804,1,1,1,0x0000000414240930,0xffffff3d,1,2,76,0,1356
1805,1,1,1,0x0000000414240934,0x0000001a,1,2,77,0,1357
1806,1,1,1,0x0000000414240938,0xffffff05,1,2,78,0,1358
1807,1,1,1,0x000000041424093c,0x0000016d,1,2,79,0,1359
1808,1,0,0,0x0000000414240940,0xffffff00,1,2,80,0,1360
1809,1,0,0,0x0000000414240940,0xffffff00,1,2,80,0,1360
1810,1,1,1,0x0000000414240940,0xffffff00,1,2,80,0,1360
1811,1,1,1,0x0000000414240944,0x0000004a,1,2,81,0,1361
1812,1,1,1,0x0000000414240948,0xffffffa7,1,2,82,0,1362
1813,1,1,1,0x000000041424094c,0xfffffea3,1,2,83,0,1363
1814,1,1,1,0x0000000414240950,0xffffffc7,1,2,84,0,1364
1815,1,0,0,0x0000000414240954,0xffffffad,1,2,85,0,1365
1816,1,1,1,0x0000000414240954,0xffffffad,1,2,85,0,1365
1817,1,1,1,0x0000000414240958,0xffffff85,1,2,86,0,1366
1818,1,1,1,0x000000041424095c,0x00000093,1,2,87,0,1367
1819,1,1,1,0x0000000414240960,0x00000123,1,2,88,0,1368
1820,1,0,0,0x0000000414240964,0x00000097,1,2,89,0,1369
1821,1,1,1,0x0000000414240964,0x00000097,1,2,89,0,1369
1822,1,0,0,0x0000000414240968,0xffffff34,1,2,90,0,1370
1823,1,1,1,0x0000000414240968,0xffffff34,1,2,90,0,1370
1824,1,1,1,0x000000041424096c,0xffffffbd,1,2,91,0,1371
1825,1,1,1,0x0000000414240970,0xffffff8e,1,2,92,0,1372
1826,1,1,1,0x0000000414240974,0xffffff94,1,2,93,0,1373
1827,1,1,1,0x0000000414240978,0xffffff27,1,2,94,0,1374
1828,1,1,1,0x000000041424097c,0xffffff1d,1,2,95,0,1375
1829,1,0,0,0x0000000414240980,0x000000a2,1,2,96,0,1376
1830,1,1,1,0x0000000414240980,0x000000a2,1,2,96,0,1376
1831,1,0,0,0x0000000414240984,0x00000064,1,2,97,0,1377
1832,1,1,1,0x0000000414240984,0x00000064,1,2,97,0,1377
1833,1,1,1,0x0000000414240988,0x00000001,1,2,98,0,1378
1834,1,1,1,0x000000041424098c,0x000000c0,1,2,99,0,1379
1835,1,1,1,0x0000000414240990,0xfffffeab,1,2,100,0,1380
1836,1,0,0,0x0000000414240994,0x00000042,1,2,101,0,1381
1837,1,1,1,0x0000000414240994,0x00000042,1,2,101,0,1381
1838,1,1,1,0x0000000414240998,0x000000a8,1,2,102,0,1382
1839,1,1,1,0x000000041424099c,0xfffff446,1,2,103,0,1383
1840,1,1,1,0x00000004142409a0,0xfffffebf,1,2,104,0,1384
1841,1,1,1,0x00000004142409a4,0xffffffc6,1,2,105,0,1385
1842,1,0,0,0x00000004142409a8,0x00000010,1,2,106,0,1386
1843,1,0,0,0x00000004142409a8,0x00000010,1,2,106,0,1386
1844,1,1,1,0x00000004142409a8,0x00000010,1,2,106,0,1386
1845,1,1,1,0x00000004142409ac,0x00000078,1,2,107,0,1387
1846,1,1,1,0x00000004142409b0,0xfffffef6,1,2,108,0,1388
1847,1,1,1,0x00000004142409b4,0x00000005,1,2,109,0,1389
1848,1,1,1,0x00000004142409b8,0x00000016,1,2,110,0,1390
1849,1,1,1,0x00000004142409bc,0x00000023,1,2,111,0,1391
1850,1,0,0,0x00000004142409c0,0xffffffc1,1,2,112,0,1392
1851,1,1,1,0x00000004142409c0,0xffffffc1,1,2,112,0,1392
1852,1,1,1,0x00000004142409c4,0xffffffc5,1,2,113,0,1393
1853,1,0,0,0x00000004142409c8,0xfffffe8e,1,2,114,0,1394
1854,1,1,1,0x00000004142409c8,0xfffffe8e,1,2,114,0,1394
1855,1,1,1,0x00000004142409cc,0x0000014a,1,2,115,0,1395
1856,1,1,1,0x00000004142409d0,0x00000114,1,2,116,0,1396
1857,1,0,0,0x00000004142409d4,0x00000072,1,2,117,0,1397
1858,1,1,1,0x00000004142409d4,0x00000072,1,2,117,0,1397
1859,1,1,1,0x00000004142409d8,0xffffffee,1,2,118,0,1398
1860,1,1,1,0x00000004142409dc,0xfffffeb2,1,2,119,0,1399
1861,1,1,1,0x00000004142409e0,0x000000d4,1,2,120,0,1400
1862,1,1,1,0x00000004142409e4,0xfffffeed,1,2,121,0,1401
1863,1,1,1,0x00000004142409e8,0x0000007d,1,2,122,0,1402
1864,1,0,0,0x00000004142409ec,0xffffffd1,1,2,123,0,1403
1865,1,1,1,0x00000004142409ec,0xffffffd1,1,2,123,0,1403
1866,1,1,1,0x00000004142409f0,0xffffff9a,1,2,124,0,1404
1867,1,1,1,0x00000004142409f4,0x00000063,1,2,125,0,1405
1868,1,1,1,0x00000004142409f8,0xfffff83b,1,2,126,0,1406
1869,1,1,1,0x00000004142409fc,0xffffffc1,1,2,127,0,1407
1870,1,1,1,0x0000000414260800,0x0000009a,1,3,0,0,1408
1871,1,0,0,0x0000000414260804,0xfffffc57,1,3,1,0,1409
1872,1,1,1,0x0000000414260804,0xfffffc57,1,3,1,0,1409
1873,1,1,1,0x0000000414260808,0x00000097,1,3,2,0,1410
1874,1,1,1,0x000000041426080c,0xfffffa14,1,3,3,0,1411
1875,1,0,0,0x0000000414260810,0x00000095,1,3,4,0,1412
1876,1,1,1,0x0000000414260810,0x00000095,1,3,4,0,1412
1877,1,1,1,0x0000000414260814,0x00000450,1,3,5,0,1413
1878,1,0,0,0x0000000414260818,0x000004b2,1,3,6,0,1414
1879,1,1,1,0x0000000414260818,0x000004b2,1,3,6,0,1414
1880,1,1,1,0x000000041426081c,0xfffffe38,1,3,7,0,1415
1881,1,1,1,0x0000000414260820,0xfffffc60,1,3,8,0,1416
1882,1,1,1,0x0000000414260824,0x000001d4,1,3,9,0,1417
1883,1,1,1,0x0000000414260828,0xffffffd4,1,3,10,0,1418
1884,1,1,1,0x000000041426082c,0x00000147,1,3,11,0,1419
1885,1,0,0,0x0000000414260830,0x000003e0,1,3,12,0,1420
1886,1,0,0,0x0000000414260830,0x000003e0,1,3,12,0,1420
1887,1,1,1,0x0000000414260830,0x000003e0,1,3,12,0,1420
1888,1,1,1,0x0000000414260834,0xfffffeb3,1,3,13,0,1421
1889,1,1,1,0x0000000414260838,0xffffff38,1,3,14,0,1422
1890,1,1,1,0x000000041426083c,0x00000116,1,3,15,0,1423
1891,1,1,1,0x0000000414260840,0xfffffdab,1,3,16,0,1424
1892,1,0,0,0x0000000414260844,0xfffffe3e,1,3,17,0,1425
1893,1,1,1,0x0000000414260844,0xfffffe3e,1,3,17,0,1425
1894,1,1,1,0x0000000414260848,0xfffffedf,1,3,18,0,1426
1895,1,1,1,0x000000041426084c,0x0000000e,1,3,19,0,1427
1896,1,1,1,0x0000000414260850,0x0000048f,1,3,20,0,1428
1897,1,0,0,0x0000000414260854,0xfffffe65,1,3,21,0,1429
1898,1,1,1,0x0000000414260854,0xfffffe65,1,3,21,0,1429
1899,1,0,0,0x0000000414260858,0xfffffb6f,1,3,22,0,1430
1900,1,1,1,0x0000000414260858,0xfffffb6f,1,3,22,0,1430
1901,1,1,1,0x000000041426085c,0xfffffd38,1,3,23,0,1431
1902,1,1,1,0x0000000414260860,0xfffffba8,1,3,24,0,1432
1903,1,1,1,0x0000000414260864,0x0000077d,1,3,25,0,1433
1904,1,1,1,0x0000000414260868,0xfffffd9b,1,3,26,0,1434
1905,1,1,1,0x000000041426086c,0xffffff01,1,3,27,0,1435
1906,1,0,0,0x0000000414260870,0xfffffea4,1,3,28,0,1436
1907,1,1,1,0x0000000414260870,0xfffffea4,1,3,28,0,1436
1908,1,0,0,0x0000000414260874,0xfffffda7,1,3,29,0,1437
1909,1,1,1,0x0000000414260874,0xfffffda7,1,3,29,0,1437
1910,1,1,1,0x0000000414260878,0xfffffd23,1,3,30,0,1438
1911,1,1,1,0x000000041426087c,0x00000502,1,3,31,0,1439
1912,1,1,1,0x0000000414260880,0x000002b9,1,3,32,0,1440
1913,1,0,0,0x0000000414260884,0x000002f8,1,3,33,0,1441
1914,1,1,1,0x0000000414260884,0x000002f8,1,3,33,0,1441
1915,1,1,1,0x0000000414260888,0x00000090,1,3,34,0,1442
1916,1,1,1,0x000000041426088c,0xffffff9d,1,3,35,0,1443
1917,1,1,1,0x0000000414260890,0xffffff07,1,3,36,0,1444
1918,1,1,1,0x0000000414260894,0xfffffe88,1,3,37,0,1445
1919,1,0,0,0x0000000414260898,0xffffff36,1,3,38,0,1446
1920,1,0,0,0x0000000414260898,0xffffff36,1,3,38,0,1446
1921,1,1,1,0x0000000414260898,0xffffff36,1,3,38,0,1446
1922,1,1,1,0x000000041426089c,0x00000081,1,3,39,0,1447
1923,1,1,1,0x00000004142608a0,0x000003c7,1,3,40,0,1448
1924,1,1,1,0x00000004142608a4,0x00000169,1,3,41,0,1449
1925,1,1,1,0x00000004142608a8,0x00000151,1,3,42,0,1450
1926,1,1,1,0x00000004142608ac,0xffffffb9,1,3,43,0,1451
1927,1,0,0,0x00000004142608b0,0xffffffd4,1,3,44,0,1452
1928,1,1,1,0x00000004142608b0,0xffffffd4,1,3,44,0,1452
1929,1,1,1,0x00000004142608b4,0xfffffe91,1,3,45,0,1453
1930,1,0,0,0x00000004142608b8,0x00000290,1,3,46,0,1454
1931,1,1,1,0x00000004142608b8,0x00000290,1,3,46,0,1454
1932,1,1,1,0x00000004142608bc,0xffffffa9,1,3,47,0,1455
1933,1,1,1,0x00000004142608c0,0xfffffc79,1,3,48,0,1456
1934,1,0,0,0x00000004142608c4,0xffffffe9,1,3,49,0,1457
1935,1,1,1,0x00000004142608c4,0xffffffe9,1,3,49,0,1457
1936,1,1,1,0x00000004142608c8,0xfffff4fe,1,3,50,0,1458
1937,1,1,1,0x00000004142608cc,0x0000039f,1,3,51,0,1459
1938,1,1,1,0x00000004142608d0,0xfffffeac,1,3,52,0,1460
1939,1,1,1,0x00000004142608d4,0xfffffd38,1,3,53,0,1461
1940,1,1,1,0x00000004142608d8,0x00000063,1,3,54,0,1462
1941,1,0,0,0x00000004142608dc,0xffffff67,1,3,55,0,1463
1942,1,1,1,0x00000004142608dc,0xffffff67,1,3,55,0,1463
1943,1,1,1,0x00000004142608e0,0x00000317,1,3,56,0,1464
1944,1,1,1,0x00000004142608e4,0xffffff53,1,3,57,0,1465
1945,1,1,1,0x00000004142608e8,0xfffffdd8,1,3,58,0,1466
1946,1,1,1,0x00000004142608ec,0xfffffeca,1,3,59,0,1467
1947,1,1,1,0x00000004142608f0,0xffffffb7,1,3,60,0,1468
1948,1,0,0,0x00000004142608f4,0xfffffd30,1,3,61,0,1469
1949,1,1,1,0x00000004142608f4,0xfffffd30,1,3,61,0,1469
1950,1,1,1,0x00000004142608f8,0xfffffc7a,1,3,62,0,1470
1951,1,1,1,0x00000004142608fc,0xffffff2d,1,3,63,0,1471
1952,1,0,0,0x0000000414260900,0x00000441,1,3,64,0,1472
1953,1,1,1,0x0000000414260900,0x00000441,1,3,64,0,1472
1954,1,1,1,0x0000000414260904,0x000004ae,1,3,65,0,1473
1955,1,0,0,0x0000000414260908,0x00000341,1,3,66,0,1474
1956,1,1,1,0x0000000414260908,0x00000341,1,3,66,0,1474
1957,1,1,1,0x000000041426090c,0xfffffed8,1,3,67,0,1475
1958,1,1,1,0x0000000414260910,0x000002a8,1,3,68,0,1476
1959,1,1,1,0x0000000414260914,0x000000ed,1,3,69,0,1477
1960,1,1,1,0x0000000414260918,0x000000d6,1,3,70,0,1478
1961,1,1,1,0x000000041426091c,0x0000011c,1,3,71,0,1479
1962,1,0,0,0x0000000414260920,0x00000317,1,3,72,0,1480
1963,1,0,0,0x0000000414260920,0x00000317,1,3,72,0,1480
1964,1,1,1,0x0000000414260920,0x00000317,1,3,72,0,1480
1965,1,1,1,0x0000000414260924,0xfffffe7c,1,3,73,0,1481
1966,1,1,1,0x0000000414260928,0x000003a2,1,3,74,0,1482
1967,1,1,1,0x000000041426092c,0xffffff33,1,3,75,0,1483
1968,1,1,1,0x0000000414260930,0xfffffdc7,1,3,76,0,1484
1969,1,0,0,0x0000000414260934,0x0000019e,1,3,77,0,1485
1970,1,1,1,0x0000000414260934,0x0000019e,1,3,77,0,1485
1971,1,1,1,0x0000000414260938,0xfffffd88,1,3,78,0,1486
1972,1,1,1,0x000000041426093c,0xfffffe6a,1,3,79,0,1487
1973,1,1,1,0x0000000414260940,0xfffffdd3,1,3,80,0,1488
1974,1,0,0,0x0000000414260944,0xfffffdb9,1,3,81,0,1489
1975,1,1,1,0x0000000414260944,0xfffffdb9,1,3,81,0,1489
1976,1,0,0,0x0000000414260948,0xffffff75,1,3,82,0,1490
1977,1,1,1,0x0000000414260948,0xffffff75,1,3,82,0,1490
1978,1,1,1,0x000000041426094c,0xffffffe2,1,3,83,0,1491
1979,1,1,1,0x0000000414260950,0xffffff11,1,3,84,0,1492
1980,1,1,1,0x0000000414260954,0x00000074,1,3,85,0,1493
1981,1,1,1,0x0000000414260958,0xffffff13,1,3,86,0,1494
1982,1,1,1,0x000000041426095c,0xffffff84,1,3,87,0,1495
1983,1,0,0,0x0000000414260960,0xffffff47,1,3,88,0,1496
1984,1,1,1,0x0000000414260960,0xffffff47,1,3,88,0,1496
1985,1,0,0,0x0000000414260964,0xffffff36,1,3,89,0,1497
1986,1,1,1,0x0000000414260964,0xffffff36,1,3,89,0,1497
1987,1,1,1,0x0000000414260968,0xfffffe28,1,3,90,0,1498
1988,1,1,1,0x000000041426096c,0x00000324,1,3,91,0,1499
1989,1,1,1,0x0000000414260970,0x00000092,1,3,92,0,1500
1990,1,0,0,0x0000000414260974,0xfffffac6,1,3,93,0,1501
1991,1,1,1,0x0000000414260974,0xfffffac6,1,3,93,0,1501
1992,1,1,1,0x0000000414260978,0x000003b9,1,3,94,0,1502
1993,1,1,1,0x000000041426097c,0xffffff44,1,3,95,0,1503
1994,1,1,1,0x0000000414260980,0x000004f4,1,3,96,0,1504
1995,1,1,1,0x0000000414260984,0xffffff20,1,3,97,0,1505
1996,1,0,0,0x0000000414260988,0xfffffc92,1,3,98,0,1506
1997,1,0,0,0x0000000414260988,0xfffffc92,1,3,98,0,1506
1998,1,1,1,0x0000000414260988,0xfffffc92,1,3,98,0,1506
1999,1,1,1,0x000000041426098c,0xfffffeb6,1,3,99,0,1507
2000,1,1,1,0x0000000414260990,0xfffffcb5,1,3,100,0,1508
2001,1,1,1,0x0000000414260994,0x000001b1,1,3,101,0,1509
2002,1,1,1,0x0000000414260998,0x00000600,1,3,102,0,1510
2003,1,1,1,0x000000041426099c,0xfffffeaf,1,3,103,0,1511
2004,1,0,0,0x00000004142609a0,0xffffff2d,1,3,104,0,1512
2005,1,1,1,0x00000004142609a0,0xffffff2d,1,3,104,0,1512
2006,1,1,1,0x00000004142609a4,0x00000130,1,3,105,0,1513
2007,1,0,0,0x00000004142609a8,0x00000138,1,3,106,0,1514
2008,1,1,1,0x00000004142609a8,0x00000138,1,3,106,0,1514
2009,1,1,1,0x00000004142609ac,0x0000022f,1,3,107,0,1515
2010,1,1,1,0x00000004142609b0,0xfffffbcd,1,3,108,0,1516
2011,1,0,0,0x00000004142609b4,0xffffffde,1,3,109,0,1517
2012,1,1,1,0x00000004142609b4,0xffffffde,1,3,109,0,1517
2013,1,1,1,0x00000004142609b8,0x00000014,1,3,110,0,1518
2014,1,1,1,0x00000004142609bc,0x00000207,1,3,111,0,1519
2015,1,1,1,0x00000004142609c0,0xffffff12,1,3,112,0,1520
2016,1,1,1,0x00000004142609c4,0xfffffe43,1,3,113,0,1521
2017,1,1,1,0x00000004142609c8,0x0000028b,1,3,114,0,1522
2018,1,0,0,0x00000004142609cc,0xfffffde1,1,3,115,0,1523
2019,1,1,1,0x00000004142609cc,0xfffffde1,1,3,115,0,1523
2020,1,1,1,0x00000004142609d0,0x0000055f,1,3,116,0,1524
2021,1,1,1,0x00000004142609d4,0x00000238,1,3,117,0,1525
2022,1,1,1,0x00000004142609d8,0xfffffeb9,1,3,118,0,1526
2023,1,1,1,0x00000004142609dc,0xfffffb47,1,3,119,0,1527
2024,1,1,1,0x00000004142609e0,0xfffffced,1,3,120,0,1528
2025,1,0,0,0x00000004142609e4,0xfffffc59,1,3,121,0,1529
2026,1,1,1,0x00000004142609e4,0xfffffc59,1,3,121,0,1529
2027,1,1,1,0x00000004142609e8,0x000000fd,1,3,122,0,1530
2028,1,1,1,0x00000004142609ec,0xfffffa93,1,3,123,0,1531
2029,1,0,0,0x00000004142609f0,0x000001a1,1,3,124,0,1532
2030,1,1,1,0x00000004142609f0,0x000001a1,1,3,124,0,1532
2031,1,1,1,0x00000004142609f4,0xfffffa71,1,3,125,0,1533
2032,1,0,0,0x00000004142609f8,0x000003ae,1,3,126,0,1534
2033,1,1,1,0x00000004142609f8,0x000003ae,1,3,126,0,1534
2034,1,1,1,0x00000004142609fc,0x00000106,1,3,127,0,1535
2035,1,1,1,0x0000000414280800,0x0000003f,1,4,0,0,1536
2036,1,1,1,0x0000000414280804,0xfffff32c,1,4,1,0,1537
2037,1,1,1,0x0000000414280808,0x0000000e,1,4,2,0,1538
2038,1,1,1,0x000000041428080c,0x0000014d,1,4,3,0,1539
2039,1,0,0,0x0000000414280810,0x00000094,1,4,4,0,1540
2040,1,0,0,0x0000000414280810,0x00000094,1,4,4,0,1540
2041,1,1,1,0x0000000414280810,0x00000094,1,4,4,0,1540
2042,1,1,1,0x0000000414280814,0x00000199,1,4,5,0,1541
2043,1,1,1,0x0000000414280818,0x00000019,1,4,6,0,1542
2044,1,1,1,0x000000041428081c,0x00000006,1,4,7,0,1543
2045,1,1,1,0x0000000414280820,0x00000009,1,4,8,0,1544
2046,1,0,0,0x0000000414280824,0xffffff11,1,4,9,0,1545
2047,1,1,1,0x0000000414280824,0xffffff11,1,4,9,0,1545
2048,1,1,1,0x0000000414280828,0x00000000,1,4,10,0,1546
2049,1,1,1,0x000000041428082c,0xffffff62,1,4,11,0,1547
2050,1,1,1,0x0000000414280830,0x000001ff,1,4,12,0,1548
2051,1,0,0,0x0000000414280834,0xffffff9b,1,4,13,0,1549
2052,1,1,1,0x0000000414280834,0xffffff9b,1,4,13,0,1549
2053,1,0,0,0x0000000414280838,0x00000217,1,4,14,0,1550
2054,1,1,1,0x0000000414280838,0x00000217,1,4,14,0,1550
2055,1,1,1,0x000000041428083c,0x000000bc,1,4,15,0,1551
2056,1,1,1,0x0000000414280840,0xffffffe2,1,4,16,0,1552
2057,1,1,1,0x0000000414280844,0xffffffd8,1,4,17,0,1553
2058,1,1,1,0x0000000414280848,0x000000e6,1,4,18,0,1554
2059,1,1,1,0x000000041428084c,0x00000029,1,4,19,0,1555
2060,1,0,0,0x0000000414280850,0xfffffecc,1,4,20,0,1556
2061,1,1,1,0x0000000414280850,0xfffffecc,1,4,20,0,1556
2062,1,0,0,0x0000000414280854,0xffffffda,1,4,21,0,1557
2063,1,1,1,0x0000000414280854,0xffffffda,1,4,21,0,1557
2064,1,1,1,0x0000000414280858,0x00000001,1,4,22,0,1558
2065,1,1,1,0x000000041428085c,0x000000f2,1,4,23,0,1559
2066,1,1,1,0x0000000414280860,0xfffffe15,1,4,24,0,1560
2067,1,0,0,0x0000000414280864,0x00000001,1,4,25,0,1561
2068,1,1,1,0x0000000414280864,0x00000001,1,4,25,0,1561
2069,1,1,1,0x0000000414280868,0xfffffe47,1,4,26,0,1562
2070,1,1,1,0x000000041428086c,0xfffffe28,1,4,27,0,1563
2071,1,1,1,0x0000000414280870,0xfffffee1,1,4,28,0,1564
2072,1,1,1,0x0000000414280874,0xffffff83,1,4,29,0,1565
2073,1,0,0,0x0000000414280878,0x00000011,1,4,30,0,1566
2074,1,0,0,0x0000000414280878,0x00000011,1,4,30,0,1566
2075,1,1,1,0x0000000414280878,0x00000011,1,4,30,0,1566
2076,1,1,1,0x000000041428087c,0xfffffee5,1,4,31,0,1567
2077,1,1,1,0x0000000414280880,0x00000077,1,4,32,0,1568
2078,1,1,1,0x0000000414280884,0xfffffebc,1,4,33,0,1569
2079,1,1,1,0x0000000414280888,0x00000163,1,4,34,0,1570
2080,1,1,1,0x000000041428088c,0xffffff15,1,4,35,0,1571
2081,1,0,0,0x0000000414280890,0xfffffeec,1,4,36,0,1572
2082,1,1,1,0x0000000414280890,0xfffffeec,1,4,36,0,1572
2083,1,1,1,0x0000000414280894,0xfffffec5,1,4,37,0,1573
2084,1,0,0,0x0000000414280898,0x00000035,1,4,38,0,1574
2085,1,1,1,0x0000000414280898,0x00000035,1,4,38,0,1574
2086,1,1,1,0x000000041428089c,0x0000007f,1,4,39,0,1575
2087,1,1,1,0x00000004142808a0,0xffffff41,1,4,40,0,1576
2088,1,0,0,0x00000004142808a4,0xffffff11,1,4,41,0,1577
2089,1,1,1,0x00000004142808a4,0xffffff11,1,4,41,0,1577
2090,1,1,1,0x00000004142808a8,0x00000087,1,4,42,0,1578
2091,1,1,1,0x00000004142808ac,0xffffffd2,1,4,43,0,1579
2092,1,1,1,0x00000004142808b0,0x000001b5,1,4,44,0,1580
2093,1,1,1,0x00000004142808b4,0xfffffe98,1,4,45,0,1581
2094,1,1,1,0x00000004142808b8,0x0000004d,1,4,46,0,1582
2095,1,0,0,0x00000004142808bc,0x00000117,1,4,47,0,1583
2096,1,1,1,0x00000004142808bc,0x00000117,1,4,47,0,1583
2097,1,1,1,0x00000004142808c0,0xfffffeb3,1,4,48,0,1584
2098,1,1,1,0x00000004142808c4,0x00000096,1,4,49,0,1585
2099,1,1,1,0x00000004142808c8,0x00000013,1,4,50,0,1586
2100,1,1,1,0x00000004142808cc,0x000000d8,1,4,51,0,1587
2101,1,1,1,0x00000004142808d0,0x0000000e,1,4,52,0,1588
2102,1,0,0,0x00000004142808d4,0xffffffdc,1,4,53,0,1589
2103,1,1,1,0x00000004142808d4,0xffffffdc,1,4,53,0,1589
2104,1,1,1,0x00000004142808d8,0x000000f1,1,4,54,0,1590
2105,1,1,1,0x00000004142808dc,0xffffff8a,1,4,55,0,1591
2106,1,0,0,0x00000004142808e0,0x00000012,1,4,56,0,1592
2107,1,1,1,0x00000004142808e0,0x00000012,1,4,56,0,1592
2108,1,1,1,0x00000004142808e4,0xffffff96,1,4,57,0,1593
2109,1,0,0,0x00000004142808e8,0x00000033,1,4,58,0,1594
2110,1,1,1,0x00000004142808e8,0x00000033,1,4,58,0,1594
2111,1,1,1,0x00000004142808ec,0x000000f2,1,4,59,0,1595
2112,1,1,1,0x00000004142808f0,0xffffff87,1,4,60,0,1596
2113,1,1,1,0x00000004142808f4,0x00000052,1,4,61,0,1597
2114,1,1,1,0x00000004142808f8,0x00000059,1,4,62,0,1598
2115,1,1,1,0x00000004142808fc,0x0000002e,1,4,63,0,1599
2116,1,0,0,0x0000000414280900,0xfffffefd,1,4,64,0,1600
2117,1,0,0,0x0000000414280900,0xfffffefd,1,4,64,0,1600
2118,1,1,1,0x0000000414280900,0xfffffefd,1,4,64,0,1600
2119,1,1,1,0x0000000414280904,0x00000096,1,4,65,0,1601
2120,1,1,1,0x0000000414280908,0x0000004e,1,4,66,0,1602
2121,1,1,1,0x000000041428090c,0x00000032,1,4,67,0,1603
2122,1,1,1,0x0000000414280910,0x000000fe,1,4,68,0,1604
2123,1,0,0,0x0000000414280914,0x0000003d,1,4,69,0,1605
2124,1,1,1,0x0000000414280914,0x0000003d,1,4,69,0,1605
2125,1,1,1,0x0000000414280918,0x00000024,1,4,70,0,1606
2126,1,1,1,0x000000041428091c,0xffffff52,1,4,71,0,1607
2127,1,1,1,0x0000000414280920,0xffffffa7,1,4,72,0,1608
2128,1,0,0,0x0000000414280924,0xffffffd8,1,4,73,0,1609
2129,1,1,1,0x0000000414280924,0xffffffd8,1,4,73,0,1609
2130,1,0,0,0x0000000414280928,0xffffff2c,1,4,74,0,1610
2131,1,1,1,0x0000000414280928,0xffffff2c,1,4,74,0,1610
2132,1,1,1,0x000000041428092c,0x00000004,1,4,75,0,1611
2133,1,1,1,0x0000000414280930,0xffffff27,1,4,76,0,1612
2134,1,1,1,0x0000000414280934,0xfffffec5,1,4,77,0,1613
2135,1,1,1,0x0000000414280938,0x00000032,1,4,78,0,1614
2136,1,1,1,0x000000041428093c,0xffffffcb,1,4,79,0,1615
2137,1,0,0,0x0000000414280940,0x00000044,1,4,80,0,1616
2138,1,1,1,0x0000000414280940,0x00000044,1,4,80,0,1616
2139,1,0,0,0x0000000414280944,0x00000145,1,4,81,0,1617
2140,1,1,1,0x0000000414280944,0x00000145,1,4,81,0,1617
2141,1,1,1,0x0000000414280948,0xffffffa4,1,4,82,0,1618
2142,1,1,1,0x000000041428094c,0xffffffc1,1,4,83,0,1619
2143,1,1,1,0x0000000414280950,0xffffff76,1,4,84,0,1620
2144,1,0,0,0x0000000414280954,0x00000090,1,4,85,0,1621
2145,1,1,1,0x0000000414280954,0x00000090,1,4,85,0,1621
2146,1,1,1,0x0000000414280958,0x0000006c,1,4,86,0,1622
2147,1,1,1,0x000000041428095c,0x000001a9,1,4,87,0,1623
2148,1,1,1,0x0000000414280960,0x0000013f,1,4,88,0,1624
2149,1,1,1,0x0000000414280964,0xffffff2c,1,4,89,0,1625
2150,1,0,0,0x0000000414280968,0x00000140,1,4,90,0,1626
2151,1,0,0,0x0000000414280968,0x00000140,1,4,90,0,1626
2152,1,1,1,0x0000000414280968,0x00000140,1,4,90,0,1626
2153,1,1,1,0x000000041428096c,0x00000061,1,4,91,0,1627
2154,1,1,1,0x0000000414280970,0xffffff6c,1,4,92,0,1628
2155,1,1,1,0x0000000414280974,0xffffffe8,1,4,93,0,1629
2156,1,1,1,0x0000000414280978,0xfffffedf,1,4,94,0,1630
2157,1,1,1,0x000000041428097c,0x000000ff,1,4,95,0,1631
2158,1,0,0,0x0000000414280980,0xffffffd4,1,4,96,0,1632
2159,1,1,1,0x0000000414280980,0xffffffd4,1,4,96,0,1632
2160,1,1,1,0x0000000414280984,0x00000045,1,4,97,0,1633
2161,1,0,0,0x0000000414280988,0xffffff20,1,4,98,0,1634
2162,1,1,1,0x0000000414280988,0xffffff20,1,4,98,0,1634
2163,1,1,1,0x000000041428098c,0xffffffc8,1,4,99,0,1635
2164,1,1,1,0x0000000414280990,0xffffffb0,1,4,100,0,1636
2165,1,0,0,0x0000000414280994,0xffffffd1,1,4,101,0,1637
2166,1,1,1,0x0000000414280994,0xffffffd1,1,4,101,0,1637
2167,1,1,1,0x0000000414280998,0xfffffe4a,1,4,102,0,1638
2168,1,1,1,0x000000041428099c,0xfffffe64,1,4,103,0,1639
2169,1,1,1,0x00000004142809a0,0x00000090,1,4,104,0,1640
2170,1,1,1,0x00000004142809a4,0x00000022,1,4,105,0,1641
2171,1,1,1,0x00000004142809a8,0x00000068,1,4,106,0,1642
2172,1,0,0,0x00000004142809ac,0xffffff29,1,4,107,0,1643
2173,1,1,1,0x00000004142809ac,0xffffff29,1,4,107,0,1643
2174,1,1,1,0x00000004142809b0,0xffffffd3,1,4,108,0,1644
2175,1,1,1,0x00000004142809b4,0x000001a4,1,4,109,0,1645
2176,1,1,1,0x00000004142809b8,0xffffff82,1,4,110,0,1646
2177,1,1,1,0x00000004142809bc,0xffffff1f,1,4,111,0,1647
2178,1,1,1,0x00000004142809c0,0x000000c6,1,4,112,0,1648
2179,1,0,0,0x00000004142809c4,0xffffff5d,1,4,113,0,1649
2180,1,1,1,0x00000004142809c4,0xffffff5d,1,4,113,0,1649
2181,1,1,1,0x00000004142809c8,0x00000084,1,4,114,0,1650
2182,1,1,1,0x00000004142809cc,0xfffffd57,1,4,115,0,1651
2183,1,0,0,0x00000004142809d0,0x0000002a,1,4,116,0,1652
2184,1,1,1,0x00000004142809d0,0x0000002a,1,4,116,0,1652
2185,1,1,1,0x00000004142809d4,0xfffffef1,1,4,117,0,1653
2186,1,0,0,0x00000004142809d8,0xffffff3d,1,4,118,0,1654
2187,1,1,1,0x00000004142809d8,0xffffff3d,1,4,118,0,1654
2188,1,1,1,0x00000004142809dc,0x000000e4,1,4,119,0,1655
2189,1,1,1,0x00000004142809e0,0x0000003a,1,4,120,0,1656
2190,1,1,1,0x00000004142809e4,0xffffff5d,1,4,121,0,1657
2191,1,1,1,0x00000004142809e8,0x0000013a,1,4,122,0,1658
2192,1,1,1,0x00000004142809ec,0x00000040,1,4,123,0,1659
2193,1,0,0,0x00000004142809f0,0xffffff12,1,4,124,0,1660
2194,1,0,0,0x00000004142809f0,0xffffff12,1,4,124,0,1660
2195,1,1,1,0x00000004142809f0,0xffffff12,1,4,124,0,1660
2196,1,1,1,0x00000004142809f4,0x000000a8,1,4,125,0,1661
2197,1,1,1,0x00000004142809f8,0x000000dc,1,4,126,0,1662
2198,1,1,1,0x00000004142809fc,0xfffffe62,1,4,127,0,1663
2199,1,1,1,0x00000004142a0800,0xfffffd7c,1,5,0,0,1664
2200,1,0,0,0x00000004142a0804,0xfffffe0b,1,5,1,0,1665
2201,1,1,1,0x00000004142a0804,0xfffffe0b,1,5,1,0,1665
2202,1,1,1,0x00000004142a0808,0x00000151,1,5,2,0,1666
2203,1,1,1,0x00000004142a080c,0xffffff85,1,5,3,0,1667
2204,1,1,1,0x00000004142a0810,0xfffff653,1,5,4,0,1668
2205,1,0,0,0x00000004142a0814,0xffffff7c,1,5,5,0,1669
2206,1,1,1,0x00000004142a0814,0xffffff7c,1,5,5,0,1669
2207,1,0,0,0x00000004142a0818,0xffffffb8,1,5,6,0,1670
2208,1,1,1,0x00000004142a0818,0xffffffb8,1,5,6,0,1670
2209,1,1,1,0x00000004142a081c,0x0000003a,1,5,7,0,1671
2210,1,1,1,0x00000004142a0820,0xfffffb4c,1,5,8,0,1672
2211,1,1,1,0x00000004142a0824,0xfffffbce,1,5,9,0,1673
2212,1,1,1,0x00000004142a0828,0x00000273,1,5,10,0,1674
2213,1,1,1,0x00000004142a082c,0xffffffc2,1,5,11,0,1675
2214,1,0,0,0x00000004142a0830,0xffffffcc,1,5,12,0,1676
2215,1,1,1,0x00000004142a0830,0xffffffcc,1,5,12,0,1676
2216,1,0,0,0x00000004142a0834,0xfffffe60,1,5,13,0,1677
2217,1,1,1,0x00000004142a0834,0xfffffe60,1,5,13,0,1677
2218,1,1,1,0x00000004142a0838,0xffffff25,1,5,14,0,1678
2219,1,1,1,0x00000004142a083c,0x000002ac,1,5,15,0,1679
2220,1,1,1,0x00000004142a0840,0x000001aa,1,5,16,0,1680
2221,1,0,0,0x00000004142a0844,0xfffffde2,1,5,17,0,1681
2222,1,1,1,0x00000004142a0844,0xfffffde2,1,5,17,0,1681
2223,1,1,1,0x00000004142a0848,0x00000060,1,5,18,0,1682
2224,1,1,1,0x00000004142a084c,0xffffff72,1,5,19,0,1683
2225,1,1,1,0x00000004142a0850,0x0000045e,1,5,20,0,1684
2226,1,1,1,0x00000004142a0854,0x000001e4,1,5,21,0,1685
2227,1,0,0,0x00000004142a0858,0x0000005f,1,5,22,0,1686
2228,1,0,0,0x00000004142a0858,0x0000005f,1,5,22,0,1686
2229,1,1,1,0x00000004142a0858,0x0000005f,1,5,22,0,1686
2230,1,1,1,0x00000004142a085c,0xfffffcc3,1,5,23,0,1687
2231,1,1,1,0x00000004142a0860,0xffffffc7,1,5,24,0,1688
2232,1,1,1,0x00000004142a0864,0x000001f8,1,5,25,0,1689
2233,1,1,1,0x00000004142a0868,0x000001fa,1,5,26,0,1690
2234,1,1,1,0x00000004142a086c,0x000002ad,1,5,27,0,1691
2235,1,0,0,0x00000004142a0870,0xffffffdc,1,5,28,0,1692
2236,1,1,1,0x00000004142a0870,0xffffffdc,1,5,28,0,1692
2237,1,1,1,0x00000004142a0874,0xfffffd85,1,5,29,0,1693
2238,1,0,0,0x00000004142a0878,0xfffffe60,1,5,30,0,1694
2239,1,1,1,0x00000004142a0878,0xfffffe60,1,5,30,0,1694
2240,1,1,1,0x00000004142a087c,0x0000004e,1,5,31,0,1695
2241,1,1,1,0x00000004142a0880,0xfffffec6,1,5,32,0,1696
2242,1,0,0,0x00000004142a0884,0xfffffe09,1,5,33,0,1697
2243,1,1,1,0x00000004142a0884,0xfffffe09,1,5,33,0,1697
2244,1,1,1,0x00000004142a0888,0xfffffff1,1,5,34,0,1698
2245,1,1,1,0x00000004142a088c,0x0000005d,1,5,35,0,1699
2246,1,1,1,0x00000004142a0890,0x0000000e,1,5,36,0,1700
2247,1,1,1,0x00000004142a0894,0x000002b1,1,5,37,0,1701
2248,1,1,1,0x00000004142a0898,0xfffffe7e,1,5,38,0,1702
2249,1,0,0,0x00000004142a089c,0xfffffeec,1,5,39,0,1703
2250,1,1,1,0x00000004142a089c,0xfffffeec,1,5,39,0,1703
2251,1,1,1,0x00000004142a08a0,0x00000138,1,5,40,0,1704
2252,1,1,1,0x00000004142a08a4,0x000001fd,1,5,41,0,1705
2253,1,1,1,0x00000004142a08a8,0xfffffd87,1,5,42,0,1706
2254,1,1,1,0x00000004142a08ac,0xfffffe02,1,5,43,0,1707
2255,1,1,1,0x00000004142a08b0,0x000003f3,1,5,44,0,1708
2256,1,0,0,0x00000004142a08b4,0xffffff36,1,5,45,0,1709
2257,1,1,1,0x00000004142a08b4,0xffffff36,1,5,45,0,1709
2258,1,1,1,0x00000004142a08b8,0x00000142,1,5,46,0,1710
2259,1,1,1,0x00000004142a08bc,0xfffffda1,1,5,47,0,1711
2260,1,0,0,0x00000004142a08c0,0xfffffde1,1,5,48,0,1712
2261,1,1,1,0x00000004142a08c0,0xfffffde1,1,5,48,0,1712
2262,1,1,1,0x00000004142a08c4,0xffffff6c,1,5,49,0,1713
2263,1,0,0,0x00000004142a08c8,0xffffff83,1,5,50,0,1714
2264,1,1,1,0x00000004142a08c8,0xffffff83,1,5,50,0,1714
2265,1,1,1,0x00000004142a08cc,0xffffffaf,1,5,51,0,1715
2266,1,1,1,0x00000004142a08d0,0x00000064,1,5,52,0,1716
2267,1,1,1,0x00000004142a08d4,0xfffffd76,1,5,53,0,1717
2268,1,1,1,0x00000004142a08d8,0xfffffdd3,1,5,54,0,1718
2269,1,1,1,0x00000004142a08dc,0xffffffbf,1,5,55,0,1719
2270,1,0,0,0x00000004142a08e0,0xfffffd8a,1,5,56,0,1720
2271,1,0,0,0x00000004142a08e0,0xfffffd8a,1,5,56,0,1720
2272,1,1,1,0x00000004142a08e0,0xfffffd8a,1,5,56,0,1720
2273,1,1,1,0x00000004142a08e4,0xfffffd9a,1,5,57,0,1721
2274,1,1,1,0x00000004142a08e8,0x0000015a,1,5,58,0,1722
2275,1,1,1,0x00000004142a08ec,0xfffffce7,1,5,59,0,1723
2276,1,1,1,0x00000004142a08f0,0xffffffa1,1,5,60,0,1724
2277,1,0,0,0x00000004142a08f4,0xfffffe42,1,5,61,0,1725
2278,1,1,1,0x00000004142a08f4,0xfffffe42,1,5,61,0,1725
2279,1,1,1,0x00000004142a08f8,0xffffffb4,1,5,62,0,1726
2280,1,1,1,0x00000004142a08fc,0xffffffe5,1,5,63,0,1727
2281,1,1,1,0x00000004142a0900,0x0000007e,1,5,64,0,1728
2282,1,0,0,0x00000004142a0904,0x0000004c,1,5,65,0,1729
2283,1,1,1,0x00000004142a0904,0x0000004c,1,5,65,0,1729
2284,1,0,0,0x00000004142a0908,0xfffffe8e,1,5,66,0,1730
2285,1,1,1,0x00000004142a0908,0xfffffe8e,1,5,66,0,1730
2286,1,1,1,0x00000004142a090c,0xffffff01,1,5,67,0,1731
2287,1,1,1,0x00000004142a0910,0xffffffc6,1,5,68,0,1732
2288,1,1,1,0x00000004142a0914,0x000003bf,1,5,69,0,1733
2289,1,1,1,0x00000004142a0918,0x00000456,1,5,70,0,1734
2290,1,1,1,0x00000004142a091c,0xffffffa2,1,5,71,0,1735
2291,1,0,0,0x00000004142a0920,0x000000c1,1,5,72,0,1736
2292,1,1,1,0x00000004142a0920,0x000000c1,1,5,72,0,1736
2293,1,0,0,0x00000004142a0924,0x0000012f,1,5,73,0,1737
2294,1,1,1,0x00000004142a0924,0x0000012f,1,5,73,0,1737
2295,1,1,1,0x00000004142a0928,0x0000025f,1,5,74,0,1738
2296,1,1,1,0x00000004142a092c,0x0000012c,1,5,75,0,1739
2297,1,1,1,0x00000004142a0930,0xfffffff7,1,5,76,0,1740
2298,1,0,0,0x00000004142a0934,0xfffffe27,1,5,77,0,1741
2299,1,1,1,0x00000004142a0934,0xfffffe27,1,5,77,0,1741
2300,1,1,1,0x00000004142a0938,0x00000182,1,5,78,0,1742
2301,1,1,1,0x00000004142a093c,0xfffffe09,1,5,79,0,1743
2302,1,1,1,0x00000004142a0940,0x000001d0,1,5,80,0,1744
2303,1,1,1,0x00000004142a0944,0x00000083,1,5,81,0,1745
2304,1,0,0,0x00000004142a0948,0xfffffd97,1,5,82,0,1746
2305,1,0,0,0x00000004142a0948,0xfffffd97,1,5,82,0,1746
2306,1,1,1,0x00000004142a0948,0xfffffd97,1,5,82,0,1746
2307,1,1,1,0x00000004142a094c,0x000003ef,1,5,83,0,1747
2308,1,1,1,0x00000004142a0950,0x00000032,1,5,84,0,1748
2309,1,1,1,0x00000004142a0954,0x0000027b,1,5,85,0,1749
2310,1,1,1,0x00000004142a0958,0xfffff985,1,5,86,0,1750
2311,1,1,1,0x00000004142a095c,0xfffff968,1,5,87,0,1751
2312,1,0,0,0x00000004142a0960,0x000004b7,1,5,88,0,1752
2313,1,1,1,0x00000004142a0960,0x000004b7,1,5,88,0,1752
2314,1,1,1,0x00000004142a0964,0xfffffeef,1,5,89,0,1753
2315,1,0,0,0x00000004142a0968,0x00000034,1,5,90,0,1754
2316,1,1,1,0x00000004142a0968,0x00000034,1,5,90,0,1754
2317,1,1,1,0x00000004142a096c,0x00000020,1,5,91,0,1755
2318,1,1,1,0x00000004142a0970,0x000000ff,1,5,92,0,1756
2319,1,0,0,0x00000004142a0974,0xfffffbaf,1,5,93,0,1757
2320,1,1,1,0x00000004142a0974,0xfffffbaf,1,5,93,0,1757
2321,1,1,1,0x00000004142a0978,0x0000022a,1,5,94,0,1758
2322,1,1,1,0x00000004142a097c,0x000002fd,1,5,95,0,1759
2323,1,1,1,0x00000004142a0980,0xfffffe27,1,5,96,0,1760
2324,1,1,1,0x00000004142a0984,0x00000099,1,5,97,0,1761
2325,1,1,1,0x00000004142a0988,0x000001aa,1,5,98,0,1762
2326,1,0,0,0x00000004142a098c,0xffffffb9,1,5,99,0,1763
2327,1,1,1,0x00000004142a098c,0xffffffb9,1,5,99,0,1763
2328,1,1,1,0x00000004142a0990,0xfffffd74,1,5,100,0,1764
2329,1,1,1,0x00000004142a0994,0xfffffe80,1,5,101,0,1765
2330,1,1,1,0x00000004142a0998,0xfffffe78,1,5,102,0,1766
2331,1,1,1,0x00000004142a099c,0xfffffb85,1,5,103,0,1767
2332,1,1,1,0x00000004142a09a0,0x000001a2,1,5,104,0,1768
2333,1,0,0,0x00000004142a09a4,0x000001b3,1,5,105,0,1769
2334,1,1,1,0x00000004142a09a4,0x000001b3,1,5,105,0,1769
2335,1,1,1,0x00000004142a09a8,0xfffffe54,1,5,106,0,1770
2336,1,1,1,0x00000004142a09ac,0x0000021a,1,5,107,0,1771
2337,1,0,0,0x00000004142a09b0,0xffffff31,1,5,108,0,1772
2338,1,1,1,0x00000004142a09b0,0xffffff31,1,5,108,0,1772
2339,1,1,1,0x00000004142a09b4,0xffffff79,1,5,109,0,1773
2340,1,0,0,0x00000004142a09b8,0xffffff15,1,5,110,0,1774
2341,1,1,1,0x00000004142a09b8,0xffffff15,1,5,110,0,1774
2342,1,1,1,0x00000004142a09bc,0x00000315,1,5,111,0,1775
2343,1,1,1,0x00000004142a09c0,0x0000007f,1,5,112,0,1776
2344,1,1,1,0x00000004142a09c4,0xfffffcd1,1,5,113,0,1777
2345,1,1,1,0x00000004142a09c8,0x00000026,1,5,114,0,1778
2346,1,1,1,0x00000004142a09cc,0xffffff01,1,5,115,0,1779
2347,1,0,0,0x00000004142a09d0,0x000002e9,1,5,116,0,1780
2348,1,0,0,0x00000004142a09d0,0x000002e9,1,5,116,0,1780
2349,1,0,0,0x00000004142a09d0,0x000002e9,1,5,116,0,1780
2350,1,1,1,0x00000004142a09d0,0x000002e9,1,5,116,0,1780
2351,1,1,1,0x00000004142a09d4,0x0000059d,1,5,117,0,1781
2352,1,1,1,0x00000004142a09d8,0x00000057,1,5,118,0,1782
2353,1,0,0,0x00000004142a09dc,0x00000047,1,5,119,0,1783
2354,1,0,0,0x00000004142a09dc,0x00000047,1,5,119,0,1783
2355,1,1,1,0x00000004142a09dc,0x00000047,1,5,119,0,1783
2356,1,1,1,0x00000004142a09e0,0x000000aa,1,5,120,0,1784
2357,1,0,0,0x00000004142a09e4,0x0000019d,1,5,121,0,1785
2358,1,1,1,0x00000004142a09e4,0x0000019d,1,5,121,0,1785
2359,1,0,0,0x00000004142a09e8,0xffffffce,1,5,122,0,1786
2360,1,1,1,0x00000004142a09e8,0xffffffce,1,5,122,0,1786
2361,1,0,0,0x00000004142a09ec,0xffffff83,1,5,123,0,1787
2362,1,1,1,0x00000004142a09ec,0xffffff83,1,5,123,0,1787
2363,1,1,1,0x00000004142a09f0,0xffffffee,1,5,124,0,1788
2364,1,1,1,0x00000004142a09f4,0xfffffc5b,1,5,125,0,1789
2365,1,0,0,0x00000004142a09f8,0xfffffeb5,1,5,126,0,1790
2366,1,1,1,0x00000004142a09f8,0xfffffeb5,1,5,126,0,1790
2367,1,1,1,0x00000004142a09fc,0xfffffe79,1,5,127,0,1791
2368,1,0,0,0x00000004142c0800,0x0000009d,1,6,0,0,1792
2369,1,0,0,0x00000004142c0800,0x0000009d,1,6,0,0,1792
2370,1,0,0,0x00000004142c0800,0x0000009d,1,6,0,0,1792
2371,1,1,1,0x00000004142c0800,0x0000009d,1,6,0,0,1792
2372,1,1,1,0x00000004142c0804,0xffffff89,1,6,1,0,1793
2373,1,0,0,0x00000004142c0808,0xffffffca,1,6,2,0,1794
2374,1,1,1,0x00000004142c0808,0xffffffca,1,6,2,0,1794
2375,1,0,0,0x00000004142c080c,0xffffffd1,1,6,3,0,1795
2376,1,1,1,0x00000004142c080c,0xffffffd1,1,6,3,0,1795
2377,1,1,1,0x00000004142c0810,0xffffffa7,1,6,4,0,1796
2378,1,1,1,0x00000004142c0814,0x0000001d,1,6,5,0,1797
2379,1,1,1,0x00000004142c0818,0xffffffc9,1,6,6,0,1798
2380,1,1,1,0x00000004142c081c,0xffffffa2,1,6,7,0,1799
2381,1,0,0,0x00000004142c0820,0xffffff17,1,6,8,0,1800
2382,1,0,0,0x00000004142c0820,0xffffff17,1,6,8,0,1800
2383,1,1,1,0x00000004142c0820,0xffffff17,1,6,8,0,1800
2384,1,1,1,0x00000004142c0824,0xfffffefb,1,6,9,0,1801
2385,1,1,1,0x00000004142c0828,0xffffff9d,1,6,10,0,1802
2386,1,1,1,0x00000004142c082c,0xffffffe0,1,6,11,0,1803
2387,1,1,1,0x00000004142c0830,0x000000df,1,6,12,0,1804
2388,1,1,1,0x00000004142c0834,0x0000002f,1,6,13,0,1805
2389,1,0,0,0x00000004142c0838,0xffffffa9,1,6,14,0,1806
2390,1,1,1,0x00000004142c0838,0xffffffa9,1,6,14,0,1806
2391,1,1,1,0x00000004142c083c,0x0000000a,1,6,15,0,1807
2392,1,0,0,0x00000004142c0840,0x0000009d,1,6,16,0,1808
2393,1,1,1,0x00000004142c0840,0x0000009d,1,6,16,0,1808
2394,1,1,1,0x00000004142c0844,0xffffff9a,1,6,17,0,1809
2395,1,1,1,0x00000004142c0848,0xffffff8a,1,6,18,0,1810
2396,1,0,0,0x00000004142c084c,0xffffff96,1,6,19,0,1811
2397,1,1,1,0x00000004142c084c,0xffffff96,1,6,19,0,1811
2398,1,1,1,0x00000004142c0850,0x00000048,1,6,20,0,1812
2399,1,1,1,0x00000004142c0854,0xffffffbe,1,6,21,0,1813
2400,1,1,1,0x00000004142c0858,0xfffff7a9,1,6,22,0,1814
2401,1,1,1,0x00000004142c085c,0x0000004b,1,6,23,0,1815
2402,1,1,1,0x00000004142c0860,0x0000003f,1,6,24,0,1816
2403,1,0,0,0x00000004142c0864,0xffffffc7,1,6,25,0,1817
2404,1,1,1,0x00000004142c0864,0xffffffc7,1,6,25,0,1817
2405,1,1,1,0x00000004142c0868,0x00000014,1,6,26,0,1818
2406,1,1,1,0x00000004142c086c,0x00000005,1,6,27,0,1819
2407,1,1,1,0x00000004142c0870,0xffffffa7,1,6,28,0,1820
2408,1,1,1,0x00000004142c0874,0x0000004b,1,6,29,0,1821
2409,1,1,1,0x00000004142c0878,0xfffff0a0,1,6,30,0,1822
2410,1,0,0,0x00000004142c087c,0x00000098,1,6,31,0,1823
2411,1,1,1,0x00000004142c087c,0x00000098,1,6,31,0,1823
2412,1,1,1,0x00000004142c0880,0x00000056,1,6,32,0,1824
2413,1,1,1,0x00000004142c0884,0x000000e3,1,6,33,0,1825
2414,1,0,0,0x00000004142c0888,0xfffffffb,1,6,34,0,1826
2415,1,1,1,0x00000004142c0888,0xfffffffb,1,6,34,0,1826
2416,1,1,1,0x00000004142c088c,0xffffff58,1,6,35,0,1827
2417,1,0,0,0x00000004142c0890,0x00000052,1,6,36,0,1828
2418,1,1,1,0x00000004142c0890,0x00000052,1,6,36,0,1828
2419,1,1,1,0x00000004142c0894,0x00000518,1,6,37,0,1829
2420,1,1,1,0x00000004142c0898,0xffffffc0,1,6,38,0,1830
2421,1,1,1,0x00000004142c089c,0x00000038,1,6,39,0,1831
2422,1,1,1,0x00000004142c08a0,0xffffff56,1,6,40,0,1832
2423,1,1,1,0x00000004142c08a4,0x00000077,1,6,41,0,1833
2424,1,0,0,0x00000004142c08a8,0x0000002b,1,6,42,0,1834
2425,1,0,0,0x00000004142c08a8,0x0000002b,1,6,42,0,1834
2426,1,1,1,0x00000004142c08a8,0x0000002b,1,6,42,0,1834
2427,1,1,1,0x00000004142c08ac,0x00000012,1,6,43,0,1835
2428,1,1,1,0x00000004142c08b0,0xffffffb2,1,6,44,0,1836
2429,1,1,1,0x00000004142c08b4,0xffffffd4,1,6,45,0,1837
2430,1,1,1,0x00000004142c08b8,0xffffff3d,1,6,46,0,1838
2431,1,0,0,0x00000004142c08bc,0xffffff46,1,6,47,0,1839
2432,1,1,1,0x00000004142c08bc,0xffffff46,1,6,47,0,1839
2433,1,1,1,0x00000004142c08c0,0xffffff79,1,6,48,0,1840
2434,1,1,1,0x00000004142c08c4,0xffffff85,1,6,49,0,1841
2435,1,1,1,0x00000004142c08c8,0x00000019,1,6,50,0,1842
2436,1,0,0,0x00000004142c08cc,0xffffff13,1,6,51,0,1843
2437,1,1,1,0x00000004142c08cc,0xffffff13,1,6,51,0,1843
2438,1,0,0,0x00000004142c08d0,0x000000de,1,6,52,0,1844
2439,1,1,1,0x00000004142c08d0,0x000000de,1,6,52,0,1844
2440,1,1,1,0x00000004142c08d4,0x00000082,1,6,53,0,1845
2441,1,1,1,0x00000004142c08d8,0x00000050,1,6,54,0,1846
2442,1,1,1,0x00000004142c08dc,0x0000004e,1,6,55,0,1847
2443,1,1,1,0x00000004142c08e0,0x00000030,1,6,56,0,1848
2444,1,1,1,0x00000004142c08e4,0x0000001d,1,6,57,0,1849
2445,1,0,0,0x00000004142c08e8,0xffffffe2,1,6,58,0,1850
2446,1,1,1,0x00000004142c08e8,0xffffffe2,1,6,58,0,1850
2447,1,0,0,0x00000004142c08ec,0xfffffffb,1,6,59,0,1851
2448,1,1,1,0x00000004142c08ec,0xfffffffb,1,6,59,0,1851
2449,1,1,1,0x00000004142c08f0,0x00000011,1,6,60,0,1852
2450,1,1,1,0x00000004142c08f4,0x000000f3,1,6,61,0,1853
2451,1,1,1,0x00000004142c08f8,0xffffffb4,1,6,62,0,1854
2452,1,0,0,0x00000004142c08fc,0x00000027,1,6,63,0,1855
2453,1,1,1,0x00000004142c08fc,0x00000027,1,6,63,0,1855
2454,1,1,1,0x00000004142c0900,0xffffff8a,1,6,64,0,1856
2455,1,1,1,0x00000004142c0904,0x00000010,1,6,65,0,1857
2456,1,1,1,0x00000004142c0908,0x0000011a,1,6,66,0,1858
2457,1,1,1,0x00000004142c090c,0x0000001c,1,6,67,0,1859
2458,1,0,0,0x00000004142c0910,0xfffffff1,1,6,68,0,1860
2459,1,0,0,0x00000004142c0910,0xfffffff1,1,6,68,0,1860
2460,1,1,1,0x00000004142c0910,0xfffffff1,1,6,68,0,1860
2461,1,1,1,0x00000004142c0914,0x00000034,1,6,69,0,1861
2462,1,1,1,0x00000004142c0918,0xffffff57,1,6,70,0,1862
2463,1,1,1,0x00000004142c091c,0xffffff60,1,6,71,0,1863
2464,1,1,1,0x00000004142c0920,0xffffffff,1,6,72,0,1864
2465,1,1,1,0x00000004142c0924,0xfffffff8,1,6,73,0,1865
2466,1,0,0,0x00000004142c0928,0xffffffcf,1,6,74,0,1866
2467,1,1,1,0x00000004142c0928,0xffffffcf,1,6,74,0,1866
2468,1,1,1,0x00000004142c092c,0x00000119,1,6,75,0,1867
2469,1,0,0,0x00000004142c0930,0x00000195,1,6,76,0,1868
2470,1,1,1,0x00000004142c0930,0x00000195,1,6,76,0,1868
2471,1,1,1,0x00000004142c0934,0x00000072,1,6,77,0,1869
2472,1,1,1,0x00000004142c0938,0xffffffda,1,6,78,0,1870
2473,1,0,0,0x00000004142c093c,0xfffff868,1,6,79,0,1871
2474,1,1,1,0x00000004142c093c,0xfffff868,1,6,79,0,1871
2475,1,1,1,0x00000004142c0940,0xffffffac,1,6,80,0,1872
2476,1,1,1,0x00000004142c0944,0x00000056,1,6,81,0,1873
2477,1,1,1,0x00000004142c0948,0xffffffcd,1,6,82,0,1874
2478,1,1,1,0x00000004142c094c,0xffffffca,1,6,83,0,1875
2479,1,1,1,0x00000004142c0950,0xfffffff9,1,6,84,0,1876
2480,1,0,0,0x00000004142c0954,0xffffffe8,1,6,85,0,1877
2481,1,1,1,0x00000004142c0954,0xffffffe8,1,6,85,0,1877
2482,1,1,1,0x00000004142c0958,0xffffffd2,1,6,86,0,1878
2483,1,1,1,0x00000004142c095c,0x0000006d,1,6,87,0,1879
2484,1,1,1,0x00000004142c0960,0xffffffc4,1,6,88,0,1880
2485,1,1,1,0x00000004142c0964,0xffffffe0,1,6,89,0,1881
2486,1,1,1,0x00000004142c0968,0xffffffe0,1,6,90,0,1882
2487,1,0,0,0x00000004142c096c,0xffffffd7,1,6,91,0,1883
2488,1,1,1,0x00000004142c096c,0xffffffd7,1,6,91,0,1883
2489,1,1,1,0x00000004142c0970,0xffffffc7,1,6,92,0,1884
2490,1,1,1,0x00000004142c0974,0xfffffdac,1,6,93,0,1885
2491,1,0,0,0x00000004142c0978,0x000000a6,1,6,94,0,1886
2492,1,1,1,0x00000004142c0978,0x000000a6,1,6,94,0,1886
2493,1,1,1,0x00000004142c097c,0x000000d3,1,6,95,0,1887
2494,1,0,0,0x00000004142c0980,0xffffff8d,1,6,96,0,1888
2495,1,1,1,0x00000004142c0980,0xffffff8d,1,6,96,0,1888
2496,1,1,1,0x00000004142c0984,0xffffff48,1,6,97,0,1889
2497,1,1,1,0x00000004142c0988,0xfffffeca,1,6,98,0,1890
2498,1,1,1,0x00000004142c098c,0xffffffee,1,6,99,0,1891
2499,1,1,1,0x00000004142c0990,0x00000038,1,6,100,0,1892
2500,1,1,1,0x00000004142c0994,0xffffff67,1,6,101,0,1893
2501,1,0,0,0x00000004142c0998,0xffffffec,1,6,102,0,1894
2502,1,0,0,0x00000004142c0998,0xffffffec,1,6,102,0,1894
2503,1,1,1,0x00000004142c0998,0xffffffec,1,6,102,0,1894
2504,1,1,1,0x00000004142c099c,0xffffffab,1,6,103,0,1895
2505,1,1,1,0x00000004142c09a0,0xffffff6b,1,6,104,0,1896
2506,1,1,1,0x00000004142c09a4,0x0000005f,1,6,105,0,1897
2507,1,1,1,0x00000004142c09a8,0xffffffc9,1,6,106,0,1898
2508,1,0,0,0x00000004142c09ac,0x00000052,1,6,107,0,1899
2509,1,1,1,0x00000004142c09ac,0x00000052,1,6,107,0,1899
2510,1,1,1,0x00000004142c09b0,0xffffffb3,1,6,108,0,1900
2511,1,1,1,0x00000004142c09b4,0xffffff2e,1,6,109,0,1901
2512,1,1,1,0x00000004142c09b8,0xffffff9b,1,6,110,0,1902
2513,1,0,0,0x00000004142c09bc,0x00000006,1,6,111,0,1903
2514,1,1,1,0x00000004142c09bc,0x00000006,1,6,111,0,1903
2515,1,0,0,0x00000004142c09c0,0xffffffe3,1,6,112,0,1904
2516,1,1,1,0x00000004142c09c0,0xffffffe3,1,6,112,0,1904
2517,1,1,1,0x00000004142c09c4,0xfffffec1,1,6,113,0,1905
2518,1,1,1,0x00000004142c09c8,0x00000029,1,6,114,0,1906
2519,1,1,1,0x00000004142c09cc,0x00000024,1,6,115,0,1907
2520,1,1,1,0x00000004142c09d0,0xffffffec,1,6,116,0,1908
2521,1,1,1,0x00000004142c09d4,0xfffffef6,1,6,117,0,1909
2522,1,0,0,0x00000004142c09d8,0xfffffff3,1,6,118,0,1910
2523,1,1,1,0x00000004142c09d8,0xfffffff3,1,6,118,0,1910
2524,1,0,0,0x00000004142c09dc,0xffffff97,1,6,119,0,1911
2525,1,1,1,0x00000004142c09dc,0xffffff97,1,6,119,0,1911
2526,1,1,1,0x00000004142c09e0,0xffffffad,1,6,120,0,1912
2527,1,1,1,0x00000004142c09e4,0xffffffcf,1,6,121,0,1913
2528,1,1,1,0x00000004142c09e8,0x0000001d,1,6,122,0,1914
2529,1,0,0,0x00000004142c09ec,0xfffffe48,1,6,123,0,1915
2530,1,1,1,0x00000004142c09ec,0xfffffe48,1,6,123,0,1915
2531,1,1,1,0x00000004142c09f0,0x0000006b,1,6,124,0,1916
2532,1,1,1,0x00000004142c09f4,0x00000053,1,6,125,0,1917
2533,1,1,1,0x00000004142c09f8,0xffffffee,1,6,126,0,1918
2534,1,1,1,0x00000004142c09fc,0x00000022,1,6,127,0,1919
2535,1,0,0,0x00000004142e0800,0xffffffa9,1,7,0,0,1920
2536,1,0,0,0x00000004142e0800,0xffffffa9,1,7,0,0,1920
2537,1,1,1,0x00000004142e0800,0xffffffa9,1,7,0,0,1920
2538,1,1,1,0x00000004142e0804,0xffffff53,1,7,1,0,1921
2539,1,1,1,0x00000004142e0808,0xfffffeea,1,7,2,0,1922
2540,1,1,1,0x00000004142e080c,0x000000e1,1,7,3,0,1923
2541,1,1,1,0x00000004142e0810,0x00000089,1,7,4,0,1924
2542,1,1,1,0x00000004142e0814,0x0000025d,1,7,5,0,1925
2543,1,0,0,0x00000004142e0818,0xfffffeb1,1,7,6,0,1926
2544,1,1,1,0x00000004142e0818,0xfffffeb1,1,7,6,0,1926
2545,1,1,1,0x00000004142e081c,0xffffff56,1,7,7,0,1927
2546,1,0,0,0x00000004142e0820,0xffffff67,1,7,8,0,1928
2547,1,1,1,0x00000004142e0820,0xffffff67,1,7,8,0,1928
2548,1,1,1,0x00000004142e0824,0x00000069,1,7,9,0,1929
2549,1,1,1,0x00000004142e0828,0xffffff48,1,7,10,0,1930
2550,1,0,0,0x00000004142e082c,0xfffffebf,1,7,11,0,1931
2551,1,1,1,0x00000004142e082c,0xfffffebf,1,7,11,0,1931
2552,1,1,1,0x00000004142e0830,0xffffff3c,1,7,12,0,1932
2553,1,1,1,0x00000004142e0834,0x000000ad,1,7,13,0,1933
2554,1,1,1,0x00000004142e0838,0xffffffed,1,7,14,0,1934
2555,1,1,1,0x00000004142e083c,0xfffffe1e,1,7,15,0,1935
2556,1,1,1,0x00000004142e0840,0x000001d4,1,7,16,0,1936
2557,1,0,0,0x00000004142e0844,0xfffffe71,1,7,17,0,1937
2558,1,1,1,0x00000004142e0844,0xfffffe71,1,7,17,0,1937
2559,1,1,1,0x00000004142e0848,0xffffff02,1,7,18,0,1938
2560,1,1,1,0x00000004142e084c,0x0000009b,1,7,19,0,1939
2561,1,1,1,0x00000004142e0850,0x0000009d,1,7,20,0,1940
2562,1,1,1,0x00000004142e0854,0x000000e6,1,7,21,0,1941
2563,1,1,1,0x00000004142e0858,0xffffffc3,1,7,22,0,1942
2564,1,0,0,0x00000004142e085c,0x000000ad,1,7,23,0,1943
2565,1,1,1,0x00000004142e085c,0x000000ad,1,7,23,0,1943
2566,1,1,1,0x00000004142e0860,0xffffffca,1,7,24,0,1944
2567,1,1,1,0x00000004142e0864,0xfffffec5,1,7,25,0,1945
2568,1,0,0,0x00000004142e0868,0x00000123,1,7,26,0,1946
2569,1,1,1,0x00000004142e0868,0x00000123,1,7,26,0,1946
2570,1,1,1,0x00000004142e086c,0xffffff4c,1,7,27,0,1947
2571,1,0,0,0x00000004142e0870,0x000000ce,1,7,28,0,1948
2572,1,1,1,0x00000004142e0870,0x000000ce,1,7,28,0,1948
2573,1,1,1,0x00000004142e0874,0xffffff35,1,7,29,0,1949
2574,1,1,1,0x00000004142e0878,0xffffffda,1,7,30,0,1950
2575,1,1,1,0x00000004142e087c,0x000002c5,1,7,31,0,1951
2576,1,1,1,0x00000004142e0880,0x00000029,1,7,32,0,1952
2577,1,1,1,0x00000004142e0884,0xffffffca,1,7,33,0,1953
2578,1,0,0,0x00000004142e0888,0xffffff35,1,7,34,0,1954
2579,1,0,0,0x00000004142e0888,0xffffff35,1,7,34,0,1954
2580,1,1,1,0x00000004142e0888,0xffffff35,1,7,34,0,1954
2581,1,1,1,0x00000004142e088c,0xfffffec0,1,7,35,0,1955
2582,1,1,1,0x00000004142e0890,0x0000005d,1,7,36,0,1956
2583,1,1,1,0x00000004142e0894,0x00000053,1,7,37,0,1957
2584,1,1,1,0x00000004142e0898,0xfffffd6d,1,7,38,0,1958
2585,1,0,0,0x00000004142e089c,0x00000187,1,7,39,0,1959
2586,1,1,1,0x00000004142e089c,0x00000187,1,7,39,0,1959
2587,1,1,1,0x00000004142e08a0,0x0000011e,1,7,40,0,1960
2588,1,1,1,0x00000004142e08a4,0xfffffffd,1,7,41,0,1961
2589,1,1,1,0x00000004142e08a8,0x000000e0,1,7,42,0,1962
2590,1,0,0,0x00000004142e08ac,0xfffffda7,1,7,43,0,1963
2591,1,1,1,0x00000004142e08ac,0xfffffda7,1,7,43,0,1963
2592,1,0,0,0x00000004142e08b0,0x000000e8,1,7,44,0,1964
2593,1,1,1,0x00000004142e08b0,0x000000e8,1,7,44,0,1964
2594,1,1,1,0x00000004142e08b4,0x00000203,1,7,45,0,1965
2595,1,1,1,0x00000004142e08b8,0x00000055,1,7,46,0,1966
2596,1,1,1,0x00000004142e08bc,0xfffffc5d,1,7,47,0,1967
2597,1,1,1,0x00000004142e08c0,0x0000009b,1,7,48,0,1968
2598,1,1,1,0x00000004142e08c4,0xffffff2a,1,7,49,0,1969
2599,1,0,0,0x00000004142e08c8,0x000001e3,1,7,50,0,1970
2600,1,1,1,0x00000004142e08c8,0x000001e3,1,7,50,0,1970
2601,1,0,0,0x00000004142e08cc,0xffffffbf,1,7,51,0,1971
2602,1,1,1,0x00000004142e08cc,0xffffffbf,1,7,51,0,1971
2603,1,1,1,0x00000004142e08d0,0x00000005,1,7,52,0,1972
2604,1,1,1,0x00000004142e08d4,0xfffffd94,1,7,53,0,1973
2605,1,1,1,0x00000004142e08d8,0xffffff99,1,7,54,0,1974
2606,1,0,0,0x00000004142e08dc,0xffffff6b,1,7,55,0,1975
2607,1,1,1,0x00000004142e08dc,0xffffff6b,1,7,55,0,1975
2608,1,1,1,0x00000004142e08e0,0x000002ac,1,7,56,0,1976
2609,1,1,1,0x00000004142e08e4,0xffffffc8,1,7,57,0,1977
2610,1,1,1,0x00000004142e08e8,0xffffffd4,1,7,58,0,1978
2611,1,1,1,0x00000004142e08ec,0x00000208,1,7,59,0,1979
2612,1,0,0,0x00000004142e08f0,0xfffffc82,1,7,60,0,1980
2613,1,0,0,0x00000004142e08f0,0xfffffc82,1,7,60,0,1980
2614,1,1,1,0x00000004142e08f0,0xfffffc82,1,7,60,0,1980
2615,1,1,1,0x00000004142e08f4,0x00000166,1,7,61,0,1981
2616,1,1,1,0x00000004142e08f8,0x00000075,1,7,62,0,1982
2617,1,1,1,0x00000004142e08fc,0xfffffece,1,7,63,0,1983
2618,1,1,1,0x00000004142e0900,0xfffffddd,1,7,64,0,1984
2619,1,1,1,0x00000004142e0904,0xffffff57,1,7,65,0,1985
2620,1,0,0,0x00000004142e0908,0xffffffe0,1,7,66,0,1986
2621,1,1,1,0x00000004142e0908,0xffffffe0,1,7,66,0,1986
2622,1,1,1,0x00000004142e090c,0xffffffd5,1,7,67,0,1987
2623,1,0,0,0x00000004142e0910,0x00000186,1,7,68,0,1988
2624,1,1,1,0x00000004142e0910,0x00000186,1,7,68,0,1988
2625,1,1,1,0x00000004142e0914,0x0000003a,1,7,69,0,1989
2626,1,1,1,0x00000004142e0918,0xffffff90,1,7,70,0,1990
2627,1,0,0,0x00000004142e091c,0x0000016e,1,7,71,0,1991
2628,1,1,1,0x00000004142e091c,0x0000016e,1,7,71,0,1991
2629,1,1,1,0x00000004142e0920,0xfffffec9,1,7,72,0,1992
2630,1,1,1,0x00000004142e0924,0x00000191,1,7,73,0,1993
2631,1,1,1,0x00000004142e0928,0x00000199,1,7,74,0,1994
2632,1,1,1,0x00000004142e092c,0xfffffee1,1,7,75,0,1995
2633,1,1,1,0x00000004142e0930,0x0000009a,1,7,76,0,1996
2634,1,0,0,0x00000004142e0934,0xffffffbe,1,7,77,0,1997
2635,1,1,1,0x00000004142e0934,0xffffffbe,1,7,77,0,1997
2636,1,1,1,0x00000004142e0938,0xffffff3b,1,7,78,0,1998
2637,1,1,1,0x00000004142e093c,0xffffff1a,1,7,79,0,1999
2638,1,1,1,0x00000004142e0940,0xffffff49,1,7,80,0,2000
2639,1,1,1,0x00000004142e0944,0x00000095,1,7,81,0,2001
2640,1,1,1,0x00000004142e0948,0xfffffe15,1,7,82,0,2002
2641,1,0,0,0x00000004142e094c,0xfffffea8,1,7,83,0,2003
2642,1,1,1,0x00000004142e094c,0xfffffea8,1,7,83,0,2003
2643,1,1,1,0x00000004142e0950,0x0000023e,1,7,84,0,2004
2644,1,1,1,0x00000004142e0954,0xffffff21,1,7,85,0,2005
2645,1,0,0,0x00000004142e0958,0x000000ad,1,7,86,0,2006
2646,1,1,1,0x00000004142e0958,0x000000ad,1,7,86,0,2006
2647,1,1,1,0x00000004142e095c,0x0000009a,1,7,87,0,2007
2648,1,0,0,0x00000004142e0960,0x00000172,1,7,88,0,2008
2649,1,1,1,0x00000004142e0960,0x00000172,1,7,88,0,2008
2650,1,1,1,0x00000004142e0964,0xfffffe48,1,7,89,0,2009
2651,1,1,1,0x00000004142e0968,0xfffffed6,1,7,90,0,2010
2652,1,1,1,0x00000004142e096c,0xffffffa4,1,7,91,0,2011
2653,1,1,1,0x00000004142e0970,0xfffffec7,1,7,92,0,2012
2654,1,1,1,0x00000004142e0974,0x00000014,1,7,93,0,2013
2655,1,0,0,0x00000004142e0978,0x0000003b,1,7,94,0,2014
2656,1,0,0,0x00000004142e0978,0x0000003b,1,7,94,0,2014
2657,1,1,1,0x00000004142e0978,0x0000003b,1,7,94,0,2014
2658,1,1,1,0x00000004142e097c,0x000001d2,1,7,95,0,2015
2659,1,1,1,0x00000004142e0980,0xffffff95,1,7,96,0,2016
2660,1,1,1,0x00000004142e0984,0xffffffc5,1,7,97,0,2017
2661,1,1,1,0x00000004142e0988,0x00000031,1,7,98,0,2018
2662,1,0,0,0x00000004142e098c,0xfffffe8c,1,7,99,0,2019
2663,1,1,1,0x00000004142e098c,0xfffffe8c,1,7,99,0,2019
2664,1,1,1,0x00000004142e0990,0x0000016f,1,7,100,0,2020
2665,1,1,1,0x00000004142e0994,0xfffffed3,1,7,101,0,2021
2666,1,1,1,0x00000004142e0998,0x0000002c,1,7,102,0,2022
2667,1,0,0,0x00000004142e099c,0xffffff17,1,7,103,0,2023
2668,1,1,1,0x00000004142e099c,0xffffff17,1,7,103,0,2023
2669,1,0,0,0x00000004142e09a0,0x0000014c,1,7,104,0,2024
2670,1,1,1,0x00000004142e09a0,0x0000014c,1,7,104,0,2024
2671,1,1,1,0x00000004142e09a4,0x0000028d,1,7,105,0,2025
2672,1,1,1,0x00000004142e09a8,0x000000aa,1,7,106,0,2026
2673,1,1,1,0x00000004142e09ac,0x00000085,1,7,107,0,2027
2674,1,1,1,0x00000004142e09b0,0xffffff87,1,7,108,0,2028
2675,1,1,1,0x00000004142e09b4,0xffffff8d,1,7,109,0,2029
2676,1,0,0,0x00000004142e09b8,0xffffff4d,1,7,110,0,2030
2677,1,1,1,0x00000004142e09b8,0xffffff4d,1,7,110,0,2030
2678,1,0,0,0x00000004142e09bc,0x00000085,1,7,111,0,2031
2679,1,1,1,0x00000004142e09bc,0x00000085,1,7,111,0,2031
2680,1,1,1,0x00000004142e09c0,0x000000e7,1,7,112,0,2032
2681,1,1,1,0x00000004142e09c4,0x0000000d,1,7,113,0,2033
2682,1,1,1,0x00000004142e09c8,0x0000013d,1,7,114,0,2034
2683,1,0,0,0x00000004142e09cc,0xffffff98,1,7,115,0,2035
2684,1,1,1,0x00000004142e09cc,0xffffff98,1,7,115,0,2035
2685,1,1,1,0x00000004142e09d0,0x00000105,1,7,116,0,2036
2686,1,1,1,0x00000004142e09d4,0x0000005f,1,7,117,0,2037
2687,1,1,1,0x00000004142e09d8,0x0000001e,1,7,118,0,2038
2688,1,1,1,0x00000004142e09dc,0xffffffca,1,7,119,0,2039
2689,1,0,0,0x00000004142e09e0,0xfffffe89,1,7,120,0,2040
2690,1,0,0,0x00000004142e09e0,0xfffffe89,1,7,120,0,2040
2691,1,1,1,0x00000004142e09e0,0xfffffe89,1,7,120,0,2040
2692,1,1,1,0x00000004142e09e4,0x0000005f,1,7,121,0,2041
2693,1,1,1,0x00000004142e09e8,0x0000000d,1,7,122,0,2042
2694,1,1,1,0x00000004142e09ec,0x0000012c,1,7,123,0,2043
2695,1,1,1,0x00000004142e09f0,0xfffffd1e,1,7,124,0,2044
2696,1,1,1,0x00000004142e09f4,0xffffffd5,1,7,125,0,2045
2697,1,0,0,0x00000004142e09f8,0xfffffea4,1,7,126,0,2046
2698,1,1,1,0x00000004142e09f8,0xfffffea4,1,7,126,0,2046
2699,1,1,1,0x00000004142e09fc,0x00000038,1,7,127,1,2047
