cycle,start,busy,done,error,saturation,state,in_valid,in_ready,in_accept,in_index,gate_data,up_data,in_last,lut_index,sigmoid_q0_16,silu_gate_q12_12,out_index,out_valid,out_ready,out_accept,hidden_data,out_last,input_count,output_count,accepted_before
0,0,0,0,0,0,0,0,0,0,0x000,0,0,0,512,32768,0,0x000,0,0,0,0,0,0,0,0
1,1,0,0,0,0,0,0,0,0,0x000,0,0,0,512,32768,0,0x000,0,0,0,0,0,0,0,0
2,0,1,0,0,0,1,0,1,0,0x000,0,0,0,512,32768,0,0x000,0,0,0,0,0,0,0,0
3,0,1,0,0,0,1,0,1,0,0x000,0,0,0,512,32768,0,0x000,0,0,0,0,0,0,0,0
4,0,1,0,0,0,1,0,1,0,0x000,0,0,0,512,32768,0,0x000,0,0,0,0,0,0,0,0
5,0,1,0,0,0,1,0,1,0,0x000,0,0,0,512,32768,0,0x000,0,0,0,0,0,0,0,0
6,0,1,0,0,0,1,0,1,0,0x000,0,0,0,512,32768,0,0x000,0,0,0,0,0,0,0,0
7,0,1,0,0,0,1,0,1,0,0x000,0,0,0,512,32768,0,0x000,0,0,0,0,0,0,0,0
8,0,1,0,0,0,1,0,1,0,0x000,0,0,0,512,32768,0,0x000,0,0,0,0,0,0,0,0
9,0,1,0,0,0,1,0,1,0,0x000,0,0,0,512,32768,0,0x000,0,0,0,0,0,0,0,0
10,0,1,0,0,0,1,0,1,0,0x000,0,0,0,512,32768,0,0x000,0,0,0,0,0,0,0,0
11,0,1,0,0,0,1,0,1,0,0x000,0,0,0,512,32768,0,0x000,0,0,0,0,0,0,0,0
12,0,1,0,0,0,1,0,1,0,0x000,0,0,0,512,32768,0,0x000,0,0,0,0,0,0,0,0
13,0,1,0,0,0,1,0,1,0,0x000,0,0,0,512,32768,0,0x000,0,0,0,0,0,0,0,0
14,0,1,0,0,0,1,0,1,0,0x000,0,0,0,512,32768,0,0x000,0,0,0,0,0,0,0,0
15,0,1,0,0,0,1,0,1,0,0x000,0,0,0,512,32768,0,0x000,0,0,0,0,0,0,0,0
16,0,1,0,0,0,1,0,1,0,0x000,0,0,0,512,32768,0,0x000,0,0,0,0,0,0,0,0
17,0,1,0,0,0,1,0,1,0,0x000,0,0,0,512,32768,0,0x000,0,0,0,0,0,0,0,0
18,0,1,0,0,0,1,0,1,0,0x000,0,0,0,512,32768,0,0x000,0,0,0,0,0,0,0,0
19,0,1,0,0,0,1,0,1,0,0x000,0,0,0,512,32768,0,0x000,0,0,0,0,0,0,0,0
20,0,1,0,0,0,1,0,1,0,0x000,0,0,0,512,32768,0,0x000,0,0,0,0,0,0,0,0
21,0,1,0,0,0,1,1,1,1,0x000,-9351,5292,0,366,6074,-867,0x000,0,0,0,0,0,0,0,0
22,0,1,0,0,0,1,0,0,0,0x000,-9351,5292,0,366,6074,-867,0x000,1,0,0,-1121,0,1,0,0
23,0,1,0,0,0,1,1,0,0,0x001,122,-2823,0,514,33280,61,0x000,1,0,0,-1121,0,1,0,0
24,0,1,0,0,0,1,1,0,0,0x001,122,-2823,0,514,33280,61,0x000,1,0,0,-1121,0,1,0,0
25,0,1,0,0,0,1,1,0,0,0x001,122,-2823,0,514,33280,61,0x000,1,0,0,-1121,0,1,0,0
26,0,1,0,0,0,1,1,0,0,0x001,122,-2823,0,514,33280,61,0x000,1,0,0,-1121,0,1,0,0
27,0,1,0,0,0,1,1,0,0,0x001,122,-2823,0,514,33280,61,0x000,1,0,0,-1121,0,1,0,0
28,0,1,0,0,0,1,1,0,0,0x001,122,-2823,0,514,33280,61,0x000,1,0,0,-1121,0,1,0,0
29,0,1,0,0,0,1,1,0,0,0x001,122,-2823,0,514,33280,61,0x000,1,0,0,-1121,0,1,0,0
30,0,1,0,0,0,1,1,0,0,0x001,122,-2823,0,514,33280,61,0x000,1,0,0,-1121,0,1,0,0
31,0,1,0,0,0,1,1,0,0,0x001,122,-2823,0,514,33280,61,0x000,1,0,0,-1121,0,1,0,0
32,0,1,0,0,0,1,1,1,1,0x001,122,-2823,0,514,33280,61,0x000,1,1,1,-1121,0,1,0,0
33,0,1,0,0,0,1,1,1,1,0x002,4497,488,0,582,49092,3368,0x001,1,1,1,-43,0,2,1,1
34,0,1,0,0,0,1,1,0,0,0x003,-2190,-1263,0,478,24263,-811,0x002,1,0,0,401,0,3,2,2
35,0,1,0,0,0,1,1,1,1,0x003,-2190,-1263,0,478,24263,-811,0x002,1,1,1,401,0,3,2,2
36,0,1,0,0,0,1,1,1,1,0x004,-4403,-1116,0,443,16637,-1118,0x003,1,1,1,250,0,4,3,3
37,0,1,0,0,0,1,0,1,0,0x004,-4403,-1116,0,443,16637,-1118,0x004,1,1,1,304,0,5,4,4
38,0,1,0,0,0,1,1,1,1,0x005,-291,2400,0,507,31489,-140,0x004,0,0,0,304,0,5,5,5
39,0,1,0,0,0,1,1,1,1,0x006,-9051,221,0,371,6519,-901,0x005,1,1,1,-83,0,6,5,5
40,0,1,0,0,0,1,1,1,1,0x007,-1231,-2413,0,493,27939,-525,0x006,1,1,1,-49,0,7,6,6
41,0,1,0,0,0,1,1,1,1,0x008,2747,466,0,555,43380,1818,0x007,1,1,1,309,0,8,7,7
42,0,1,0,0,0,1,0,1,0,0x008,2747,466,0,555,43380,1818,0x008,1,1,1,206,0,9,8,8
43,0,1,0,0,0,1,0,1,0,0x008,2747,466,0,555,43380,1818,0x008,0,1,0,206,0,9,9,9
44,0,1,0,0,0,1,1,1,1,0x009,1331,-432,0,533,38096,773,0x008,0,1,0,206,0,9,9,9
45,0,1,0,0,0,1,1,0,0,0x00a,-3578,243,0,456,19282,-1053,0x009,1,0,0,-82,0,10,9,9
46,0,1,0,0,0,1,1,1,1,0x00a,-3578,243,0,456,19282,-1053,0x009,1,1,1,-82,0,10,9,9
47,0,1,0,0,0,1,0,1,0,0x00a,-3578,243,0,456,19282,-1053,0x00a,1,1,1,-63,0,11,10,10
48,0,1,0,0,0,1,1,1,1,0x00b,-8356,-196,0,381,7495,-956,0x00a,0,1,0,-63,0,11,11,11
49,0,1,0,0,0,1,1,1,1,0x00c,-3213,-1360,0,462,20582,-1010,0x00b,1,1,1,45,0,12,11,11
50,0,1,0,0,0,1,1,1,1,0x00d,4119,670,0,576,47911,3011,0x00c,1,1,1,335,0,13,12,12
51,0,1,0,0,0,1,1,1,1,0x00e,-3442,55,0,458,19710,-1036,0x00d,1,1,1,492,0,14,13,13
52,0,1,0,0,0,1,0,0,0,0x00e,-3442,55,0,458,19710,-1036,0x00e,1,0,0,-14,0,15,14,14
53,0,1,0,0,0,1,1,1,1,0x00f,-2773,-2413,0,469,22156,-938,0x00e,1,1,1,-14,0,15,14,14
54,0,1,0,0,0,1,1,1,1,0x010,984,-854,0,527,36591,549,0x00f,1,1,1,552,0,16,15,15
55,0,1,0,0,0,1,1,1,1,0x011,-2191,-938,0,478,24263,-812,0x010,1,1,1,-115,0,17,16,16
56,0,1,0,0,0,1,1,1,1,0x012,-304,4212,0,507,31489,-147,0x011,1,1,1,185,0,18,17,17
57,0,1,0,0,0,1,0,0,0,0x012,-304,4212,0,507,31489,-147,0x012,1,0,0,-152,0,19,18,18
58,0,1,0,0,0,1,1,1,1,0x013,1191,-941,0,531,37597,683,0x012,1,1,1,-152,0,19,18,18
59,0,1,0,0,0,1,1,0,0,0x014,-3104,-293,0,464,21025,-996,0x013,1,0,0,-157,0,20,19,19
60,0,1,0,0,0,1,1,1,1,0x014,-3104,-293,0,464,21025,-996,0x013,1,1,1,-157,0,20,19,19
61,0,1,0,0,0,1,1,1,1,0x015,104,-127,0,514,33280,52,0x014,1,1,1,71,0,21,20,20
62,0,1,0,0,0,1,0,1,0,0x015,104,-127,0,514,33280,52,0x015,1,1,1,-2,0,22,21,21
63,0,1,0,0,0,1,1,1,1,0x016,-6911,-1347,0,404,10230,-1079,0x015,0,1,0,-2,0,22,22,22
64,0,1,0,0,0,1,1,1,1,0x017,-1317,445,0,491,27440,-552,0x016,1,1,1,354,0,23,22,22
65,0,1,0,0,0,1,1,1,1,0x018,-311,1813,0,507,31489,-150,0x017,1,1,1,-60,0,24,23,23
66,0,1,0,0,0,1,1,0,0,0x019,-3118,568,0,463,20803,-990,0x018,1,0,0,-67,0,25,24,24
67,0,1,0,0,0,1,1,1,1,0x019,-3118,568,0,463,20803,-990,0x018,1,1,1,-67,0,25,24,24
68,0,1,0,0,0,1,1,1,1,0x01a,1013,1906,0,528,36843,569,0x019,1,1,1,-138,0,26,25,25
69,0,1,0,0,0,1,1,1,1,0x01b,-2156,-3445,0,478,24263,-799,0x01a,1,1,1,264,0,27,26,26
70,0,1,0,0,0,1,1,1,1,0x01c,-6231,-1968,0,415,11803,-1123,0x01b,1,1,1,672,0,28,27,27
71,0,1,0,0,0,1,1,1,1,0x01d,-9348,-1929,0,366,6074,-867,0x01c,1,1,1,539,0,29,28,28
72,0,1,0,0,0,1,0,1,0,0x01d,-9348,-1929,0,366,6074,-867,0x01d,1,1,1,408,0,30,29,29
73,0,1,0,0,0,1,1,1,1,0x01e,-4910,-2253,0,435,15134,-1134,0x01d,0,0,0,408,0,30,30,30
74,0,1,0,0,0,1,1,1,1,0x01f,-5922,89,0,419,12420,-1123,0x01e,1,1,1,623,0,31,30,30
75,0,1,0,0,0,1,1,1,1,0x020,-1580,1169,0,487,26448,-638,0x01f,1,1,1,-25,0,32,31,31
76,0,1,0,0,0,1,1,1,1,0x021,-333,-2048,0,507,31489,-161,0x020,1,1,1,-183,0,33,32,32
77,0,1,0,0,0,1,0,1,0,0x021,-333,-2048,0,507,31489,-161,0x021,1,1,1,80,0,34,33,33
78,0,1,0,0,0,1,1,1,1,0x022,-1386,-2626,0,490,27191,-576,0x021,0,1,0,80,0,34,34,34
79,0,1,0,0,0,1,1,1,1,0x023,-9558,217,0,363,5821,-849,0x022,1,1,1,369,0,35,34,34
80,0,1,0,0,0,1,1,0,0,0x024,-2023,-308,0,480,24743,-764,0x023,1,0,0,-45,0,36,35,35
81,0,1,0,0,0,1,1,1,1,0x024,-2023,-308,0,480,24743,-764,0x023,1,1,1,-45,0,36,35,35
82,0,1,0,0,0,1,0,1,0,0x024,-2023,-308,0,480,24743,-764,0x024,1,1,1,57,0,37,36,36
83,0,1,0,0,0,1,1,1,1,0x025,2350,926,0,549,41985,1505,0x024,0,1,0,57,0,37,37,37
84,0,1,0,0,0,1,1,1,1,0x026,-350,507,0,507,31489,-169,0x025,1,1,1,340,0,38,37,37
85,0,1,0,0,0,1,1,1,1,0x027,-687,-175,0,501,29959,-315,0x026,1,1,1,-21,0,39,38,38
86,0,1,0,0,0,1,1,1,1,0x028,1704,631,0,539,39579,1029,0x027,1,1,1,13,0,40,39,39
87,0,1,0,0,0,1,0,0,0,0x028,1704,631,0,539,39579,1029,0x028,1,0,0,158,0,41,40,40
88,0,1,0,0,0,1,1,1,1,0x029,1795,-752,0,540,39824,1090,0x028,1,1,1,158,0,41,40,40
89,0,1,0,0,0,1,1,1,1,0x02a,-6694,1150,0,407,10642,-1087,0x029,1,1,1,-201,0,42,41,41
90,0,1,0,0,0,1,1,1,1,0x02b,-2071,1921,0,480,24743,-782,0x02a,1,1,1,-306,0,43,42,42
91,0,1,0,0,0,1,1,1,1,0x02c,2598,194,0,553,42919,1701,0x02b,1,1,1,-367,0,44,43,43
92,0,1,0,0,0,1,0,1,0,0x02c,2598,194,0,553,42919,1701,0x02c,1,1,1,80,0,45,44,44
93,0,1,0,0,0,1,1,1,1,0x02d,-4447,763,0,443,16637,-1129,0x02c,0,1,0,80,0,45,45,45
94,0,1,0,0,0,1,0,0,0,0x02d,-4447,763,0,443,16637,-1129,0x02d,1,0,0,-211,0,46,45,45
95,0,1,0,0,0,1,1,1,1,0x02e,2600,-167,0,553,42919,1702,0x02d,1,1,1,-211,0,46,45,45
96,0,1,0,0,0,1,1,1,1,0x02f,-4007,3528,0,449,17827,-1090,0x02e,1,1,1,-70,0,47,46,46
97,0,1,0,0,0,1,0,1,0,0x02f,-4007,3528,0,449,17827,-1090,0x02f,1,1,1,-939,0,48,47,47
98,1,1,0,0,0,1,1,1,1,0x030,-535,396,0,504,30723,-251,0x02f,0,1,0,-939,0,48,48,48
99,0,1,0,0,0,1,1,1,1,0x031,1970,-144,0,543,40552,1218,0x030,1,1,1,-25,0,49,48,48
100,0,1,0,0,0,1,1,1,1,0x032,-6319,1769,0,413,11504,-1110,0x031,1,1,1,-43,0,50,49,49
101,0,1,0,0,0,1,1,0,0,0x033,-6321,-809,0,413,11504,-1110,0x032,1,0,0,-480,0,51,50,50
102,0,1,0,0,0,1,1,1,1,0x033,-6321,-809,0,413,11504,-1110,0x032,1,1,1,-480,0,51,50,50
103,0,1,0,0,0,1,1,0,0,0x034,-6618,-900,0,409,10923,-1104,0x033,1,0,0,219,0,52,51,51
104,0,1,0,0,0,1,1,1,1,0x034,-6618,-900,0,409,10923,-1104,0x033,1,1,1,219,0,52,51,51
105,0,1,0,0,0,1,1,1,1,0x035,-82,456,0,511,32512,-41,0x034,1,1,1,242,0,53,52,52
106,0,1,0,0,0,1,1,1,1,0x036,2317,256,0,548,41748,1475,0x035,1,1,1,-5,0,54,53,53
107,0,1,0,0,0,1,0,1,0,0x036,2317,256,0,548,41748,1475,0x036,1,1,1,92,0,55,54,54
108,0,1,0,0,0,1,1,1,1,0x037,-3439,624,0,458,19710,-1035,0x036,0,0,0,92,0,55,55,55
109,0,1,0,0,0,1,1,1,1,0x038,-2400,-910,0,475,23551,-863,0x037,1,1,1,-158,0,56,55,55
110,0,1,0,0,0,1,1,1,1,0x039,-451,280,0,505,30978,-214,0x038,1,1,1,191,0,57,56,56
111,0,1,0,0,0,1,0,1,0,0x039,-451,280,0,505,30978,-214,0x039,1,1,1,-15,0,58,57,57
112,0,1,0,0,0,1,0,1,0,0x039,-451,280,0,505,30978,-214,0x039,0,1,0,-15,0,58,58,58
113,0,1,0,0,0,1,1,1,1,0x03a,1161,-1187,0,530,37346,661,0x039,0,1,0,-15,0,58,58,58
114,0,1,0,0,0,1,1,1,1,0x03b,-1880,1169,0,483,25468,-731,0x03a,1,1,1,-192,0,59,58,58
115,0,1,0,0,0,1,1,0,0,0x03c,-1537,-1163,0,488,26695,-627,0x03b,1,0,0,-209,0,60,59,59
116,0,1,0,0,0,1,1,1,1,0x03c,-1537,-1163,0,488,26695,-627,0x03b,1,1,1,-209,0,60,59,59
117,0,1,0,0,0,1,0,1,0,0x03c,-1537,-1163,0,488,26695,-627,0x03c,1,1,1,178,0,61,60,60
118,0,1,0,0,0,1,1,1,1,0x03d,-3675,1485,0,455,19070,-1070,0x03c,0,1,0,178,0,61,61,61
119,0,1,0,0,0,1,1,1,1,0x03e,-5525,473,0,426,13559,-1144,0x03d,1,1,1,-388,0,62,61,61
120,0,1,0,0,0,1,1,1,1,0x03f,-10038,39,0,355,5191,-796,0x03e,1,1,1,-133,0,63,62,62
121,0,1,0,0,0,1,1,1,1,0x040,-12049,-25,0,324,3298,-607,0x03f,1,1,1,-8,0,64,63,63
122,0,1,0,0,0,1,0,0,0,0x040,-12049,-25,0,324,3298,-607,0x040,1,0,0,3,0,65,64,64
123,0,1,0,0,0,1,1,1,1,0x041,-3705,2337,0,454,18859,-1067,0x040,1,1,1,3,0,65,64,64
124,0,1,0,0,0,1,1,1,1,0x042,-6527,805,0,410,11066,-1103,0x041,1,1,1,-609,0,66,65,65
125,0,1,0,0,0,1,1,1,1,0x043,141,-467,0,514,33280,71,0x042,1,1,1,-217,0,67,66,66
126,0,1,0,0,0,1,1,0,0,0x044,-971,1350,0,497,28945,-429,0x043,1,0,0,-9,0,68,67,67
127,0,1,0,0,0,1,1,1,1,0x044,-971,1350,0,497,28945,-429,0x043,1,1,1,-9,0,68,67,67
128,0,1,0,0,0,1,0,1,0,0x044,-971,1350,0,497,28945,-429,0x044,1,1,1,-142,0,69,68,68
129,0,1,0,0,0,1,1,1,1,0x045,-6735,-472,0,407,10642,-1094,0x044,0,0,0,-142,0,69,69,69
130,0,1,0,0,0,1,1,1,1,0x046,-2112,158,0,479,24502,-790,0x045,1,1,1,126,0,70,69,69
131,0,1,0,0,0,1,1,1,1,0x047,-7924,611,0,388,8252,-998,0x046,1,1,1,-31,0,71,70,70
132,0,1,0,0,0,1,0,1,0,0x047,-7924,611,0,388,8252,-998,0x047,1,1,1,-149,0,72,71,71
133,0,1,0,0,0,1,1,1,1,0x048,-5247,-59,0,430,14243,-1141,0x047,0,1,0,-149,0,72,72,72
134,0,1,0,0,0,1,1,1,1,0x049,-489,-353,0,504,30723,-230,0x048,1,1,1,16,0,73,72,72
135,0,1,0,0,0,1,1,1,1,0x04a,1701,-1600,0,539,39579,1027,0x049,1,1,1,19,0,74,73,73
136,0,1,0,0,0,1,1,0,0,0x04b,-1243,-69,0,493,27939,-530,0x04a,1,0,0,-402,0,75,74,74
137,0,1,0,0,0,1,1,1,1,0x04b,-1243,-69,0,493,27939,-530,0x04a,1,1,1,-402,0,75,74,74
138,0,1,0,0,0,1,1,1,1,0x04c,357,546,0,518,34303,186,0x04b,1,1,1,8,0,76,75,75
139,0,1,0,0,0,1,1,1,1,0x04d,510,657,0,520,34813,270,0x04c,1,1,1,24,0,77,76,76
140,0,1,0,0,0,1,1,1,1,0x04e,412,972,0,518,34303,215,0x04d,1,1,1,43,0,78,77,77
141,0,1,0,0,0,1,1,1,1,0x04f,-739,-2223,0,500,29705,-335,0x04e,1,1,1,51,0,79,78,78
142,0,1,0,0,0,1,0,1,0,0x04f,-739,-2223,0,500,29705,-335,0x04f,1,1,1,181,0,80,79,79
143,0,1,0,0,0,1,1,1,1,0x050,-246,891,0,508,31744,-120,0x04f,0,0,0,181,0,80,80,80
144,0,1,0,0,0,1,1,1,1,0x051,-4274,-1259,0,445,17028,-1111,0x050,1,1,1,-27,0,81,80,80
145,0,1,0,0,0,1,0,1,0,0x051,-4274,-1259,0,445,17028,-1111,0x051,1,1,1,341,0,82,81,81
146,0,1,0,0,0,1,1,1,1,0x052,-5490,4531,0,426,13559,-1136,0x051,0,1,0,341,0,82,82,82
147,0,1,0,0,0,1,0,1,0,0x052,-5490,4531,0,426,13559,-1136,0x052,1,1,1,-1257,0,83,82,82
148,0,1,0,0,0,1,1,1,1,0x053,2179,-1614,0,546,41273,1372,0x052,0,1,0,-1257,0,83,83,83
149,0,1,0,0,0,1,1,0,0,0x054,-8287,-2130,0,383,7705,-975,0x053,1,0,0,-541,0,84,83,83
150,0,1,0,0,0,1,1,0,0,0x054,-8287,-2130,0,383,7705,-975,0x053,1,0,0,-541,0,84,83,83
151,0,1,0,0,0,1,1,1,1,0x054,-8287,-2130,0,383,7705,-975,0x053,1,1,1,-541,0,84,83,83
152,0,1,0,0,0,1,0,1,0,0x054,-8287,-2130,0,383,7705,-975,0x054,1,1,1,507,0,85,84,84
153,0,1,0,0,0,1,1,1,1,0x055,-1087,1357,0,495,28441,-472,0x054,0,1,0,507,0,85,85,85
154,0,1,0,0,0,1,1,1,1,0x056,-3432,36,0,458,19710,-1033,0x055,1,1,1,-157,0,86,85,85
155,0,1,0,0,0,1,1,1,1,0x057,-3259,212,0,461,20362,-1013,0x056,1,1,1,-10,0,87,86,86
156,0,1,0,0,0,1,1,1,1,0x058,-1207,3080,0,493,27939,-515,0x057,1,1,1,-53,0,88,87,87
157,0,1,0,0,0,1,0,0,0,0x058,-1207,3080,0,493,27939,-515,0x058,1,0,0,-388,0,89,88,88
158,0,1,0,0,0,1,1,1,1,0x059,-4769,-427,0,437,15500,-1128,0x058,1,1,1,-388,0,89,88,88
159,0,1,0,0,0,1,1,1,1,0x05a,-14030,-843,0,293,2072,-444,0x059,1,1,1,117,0,90,89,89
160,0,1,0,0,0,1,1,1,1,0x05b,-8469,-1147,0,380,7392,-956,0x05a,1,1,1,91,0,91,90,90
161,0,1,0,0,0,1,1,1,1,0x05c,-1250,1418,0,492,27689,-529,0x05b,1,1,1,267,0,92,91,91
162,0,1,0,0,0,1,0,1,0,0x05c,-1250,1418,0,492,27689,-529,0x05c,1,1,1,-184,0,93,92,92
163,0,1,0,0,0,1,1,1,1,0x05d,-3647,105,0,455,19070,-1062,0x05c,0,1,0,-184,0,93,93,93
164,0,1,0,0,0,1,1,0,0,0x05e,2230,6,0,547,41511,1412,0x05d,1,0,0,-28,0,94,93,93
165,0,1,0,0,0,1,1,1,1,0x05e,2230,6,0,547,41511,1412,0x05d,1,1,1,-28,0,94,93,93
166,0,1,0,0,0,1,1,1,1,0x05f,-2420,1980,0,474,23316,-861,0x05e,1,1,1,2,0,95,94,94
167,0,1,0,0,0,1,0,1,0,0x05f,-2420,1980,0,474,23316,-861,0x05f,1,1,1,-417,0,96,95,95
168,0,1,0,0,0,1,1,1,1,0x060,-5404,6069,0,428,13898,-1147,0x05f,0,1,0,-417,0,96,96,96
169,0,1,0,0,0,1,1,1,1,0x061,-2524,918,0,473,23082,-889,0x060,1,1,1,-1700,0,97,96,96
170,0,1,0,0,0,1,1,1,1,0x062,-8425,-2858,0,380,7392,-951,0x061,1,1,1,-200,0,98,97,97
171,0,1,0,0,0,1,1,0,0,0x063,-1877,201,0,483,25468,-730,0x062,1,0,0,663,0,99,98,98
172,0,1,0,0,0,1,1,0,0,0x063,-1877,201,0,483,25468,-730,0x062,1,0,0,663,0,99,98,98
173,0,1,0,0,0,1,1,1,1,0x063,-1877,201,0,483,25468,-730,0x062,1,1,1,663,0,99,98,98
174,0,1,0,0,0,1,1,1,1,0x064,-5416,920,0,427,13728,-1135,0x063,1,1,1,-36,0,100,99,99
175,0,1,0,0,0,1,1,1,1,0x065,795,-469,0,524,35831,434,0x064,1,1,1,-255,0,101,100,100
176,0,1,0,0,0,1,1,1,1,0x066,-2239,574,0,477,24025,-821,0x065,1,1,1,-50,0,102,101,101
177,0,1,0,0,0,1,0,1,0,0x066,-2239,574,0,477,24025,-821,0x066,1,1,1,-116,0,103,102,102
178,0,1,0,0,0,1,1,1,1,0x067,-2467,-387,0,473,23082,-869,0x066,0,0,0,-116,0,103,103,103
179,0,1,0,0,0,1,0,1,0,0x067,-2467,-387,0,473,23082,-869,0x067,1,1,1,82,0,104,103,103
180,0,1,0,0,0,1,1,1,1,0x068,1856,2630,0,541,40068,1134,0x067,0,1,0,82,0,104,104,104
181,0,1,0,0,0,1,1,1,1,0x069,-3405,2219,0,459,19926,-1036,0x068,1,1,1,728,0,105,104,104
182,0,1,0,0,0,1,0,1,0,0x069,-3405,2219,0,459,19926,-1036,0x069,1,1,1,-562,0,106,105,105
183,0,1,0,0,0,1,1,1,1,0x06a,-7385,110,0,397,9321,-1051,0x069,0,1,0,-562,0,106,106,106
184,0,1,0,0,0,1,1,1,1,0x06b,-3071,-1526,0,464,21025,-986,0x06a,1,1,1,-29,0,107,106,106
185,0,1,0,0,0,1,1,0,0,0x06c,-4189,-1336,0,447,17425,-1114,0x06b,1,0,0,367,0,108,107,107
186,0,1,0,0,0,1,1,1,1,0x06c,-4189,-1336,0,447,17425,-1114,0x06b,1,1,1,367,0,108,107,107
187,0,1,0,0,0,1,0,1,0,0x06c,-4189,-1336,0,447,17425,-1114,0x06c,1,1,1,363,0,109,108,108
188,0,1,0,0,0,1,1,1,1,0x06d,-7634,526,0,393,8833,-1029,0x06c,0,1,0,363,0,109,109,109
189,0,1,0,0,0,1,1,1,1,0x06e,2374,-3721,0,549,41985,1520,0x06d,1,1,1,-133,0,110,109,109
190,0,1,0,0,0,1,1,1,1,0x06f,-153,-1292,0,510,32256,-76,0x06e,1,1,1,-1381,0,111,110,110
191,0,1,0,0,0,1,1,1,1,0x070,-6328,-600,0,413,11504,-1111,0x06f,1,1,1,23,0,112,111,111
192,0,1,0,0,0,1,0,0,0,0x070,-6328,-600,0,413,11504,-1111,0x070,1,0,0,162,0,113,112,112
193,0,1,0,0,0,1,1,1,1,0x071,-1678,-472,0,486,26202,-671,0x070,1,1,1,162,0,113,112,112
194,0,1,0,0,0,1,1,1,1,0x072,-2677,-927,0,470,22386,-915,0x071,1,1,1,77,0,114,113,113
195,0,1,0,0,0,1,1,0,0,0x073,-596,89,0,503,30468,-278,0x072,1,0,0,207,0,115,114,114
196,0,1,0,0,0,1,1,1,1,0x073,-596,89,0,503,30468,-278,0x072,1,1,1,207,0,115,114,114
197,0,1,0,0,0,1,0,1,0,0x073,-596,89,0,503,30468,-278,0x073,1,1,1,-7,0,116,115,115
198,0,1,0,0,0,1,1,1,1,0x074,-7268,-972,0,398,9447,-1048,0x073,0,1,0,-7,0,116,116,116
199,0,1,0,0,0,1,1,0,0,0x075,1422,138,0,534,38345,832,0x074,1,0,0,248,0,117,116,116
200,0,1,0,0,0,1,1,1,1,0x075,1422,138,0,534,38345,832,0x074,1,1,1,248,0,117,116,116
201,0,1,0,0,0,1,1,1,1,0x076,-150,-1858,0,510,32256,-74,0x075,1,1,1,28,0,118,117,117
202,0,1,0,0,0,1,0,1,0,0x076,-150,-1858,0,510,32256,-74,0x076,1,1,1,33,0,119,118,118
203,0,1,0,0,0,1,1,1,1,0x077,-1017,555,0,496,28693,-446,0x076,0,1,0,33,0,119,119,119
204,0,1,0,0,0,1,1,1,1,0x078,-3194,1043,0,462,20582,-1004,0x077,1,1,1,-61,0,120,119,119
205,0,1,0,0,0,1,1,1,1,0x079,5667,-3583,0,601,52474,4537,0x078,1,1,1,-256,0,121,120,120
206,0,1,0,0,0,1,1,0,0,0x07a,-2855,-1619,0,467,21700,-946,0x079,1,0,0,-3969,0,122,121,121
207,0,1,0,0,0,1,1,1,1,0x07a,-2855,-1619,0,467,21700,-946,0x079,1,1,1,-3969,0,122,121,121
208,0,1,0,0,0,1,1,1,1,0x07b,-670,278,0,502,30213,-309,0x07a,1,1,1,373,0,123,122,122
209,0,1,0,0,0,1,1,1,1,0x07c,897,435,0,526,36338,497,0x07b,1,1,1,-21,0,124,123,123
210,0,1,0,0,0,1,1,1,1,0x07d,-6396,-524,0,412,11357,-1109,0x07c,1,1,1,52,0,125,124,124
211,0,1,0,0,0,1,1,1,1,0x07e,-1956,-990,0,481,24984,-746,0x07d,1,1,1,141,0,126,125,125
212,0,1,0,0,0,1,0,1,0,0x07e,-1956,-990,0,481,24984,-746,0x07e,1,1,1,180,0,127,126,126
213,0,1,0,0,0,1,0,1,0,0x07e,-1956,-990,0,481,24984,-746,0x07e,0,0,0,180,0,127,127,127
214,0,1,0,0,0,1,1,1,1,0x07f,-3810,200,0,452,18442,-1073,0x07e,0,1,0,180,0,127,127,127
215,0,1,0,0,0,1,1,1,1,0x080,-3698,185,0,454,18859,-1065,0x07f,1,1,1,-53,0,128,127,127
216,0,1,0,0,0,1,1,1,1,0x081,-6016,-1374,0,418,12264,-1126,0x080,1,1,1,-49,0,129,128,128
217,0,1,0,0,0,1,0,1,0,0x081,-6016,-1374,0,418,12264,-1126,0x081,1,1,1,377,0,130,129,129
218,0,1,0,0,0,1,1,1,1,0x082,3105,-1909,0,561,44733,2119,0x081,0,0,0,377,0,130,130,130
219,0,1,0,0,0,1,1,1,1,0x083,-1987,422,0,481,24984,-758,0x082,1,1,1,-988,0,131,130,130
220,0,1,0,0,0,1,1,0,0,0x084,1915,187,0,542,40310,1177,0x083,1,0,0,-79,0,132,131,131
221,0,1,0,0,0,1,1,1,1,0x084,1915,187,0,542,40310,1177,0x083,1,1,1,-79,0,132,131,131
222,0,1,0,0,0,1,0,1,0,0x084,1915,187,0,542,40310,1177,0x084,1,1,1,53,0,133,132,132
223,0,1,0,0,0,1,1,1,1,0x085,-3553,723,0,456,19282,-1046,0x084,0,1,0,53,0,133,133,133
224,0,1,0,0,0,1,1,1,1,0x086,-1669,637,0,486,26202,-668,0x085,1,1,1,-185,0,134,133,133
225,0,1,0,0,0,1,1,1,1,0x087,-10210,368,0,352,4971,-775,0x086,1,1,1,-104,0,135,134,134
226,0,1,0,0,0,1,1,1,1,0x088,-1006,1663,0,496,28693,-441,0x087,1,1,1,-70,0,136,135,135
227,0,1,0,0,0,1,0,0,0,0x088,-1006,1663,0,496,28693,-441,0x088,1,0,0,-180,0,137,136,136
228,0,1,0,0,0,1,1,1,1,0x089,-456,120,0,505,30978,-216,0x088,1,1,1,-180,0,137,136,136
229,0,1,0,0,0,1,1,1,1,0x08a,1788,-406,0,540,39824,1086,0x089,1,1,1,-7,0,138,137,137
230,0,1,0,0,0,1,0,1,0,0x08a,1788,-406,0,540,39824,1086,0x08a,1,1,1,-108,0,139,138,138
231,0,1,0,0,0,1,1,1,1,0x08b,-6675,-842,0,408,10782,-1099,0x08a,0,1,0,-108,0,139,139,139
232,0,1,0,0,0,1,0,1,0,0x08b,-6675,-842,0,408,10782,-1099,0x08b,1,1,1,225,0,140,139,139
233,0,1,0,0,0,1,1,1,1,0x08c,-2879,-459,0,467,21700,-954,0x08b,0,1,0,225,0,140,140,140
234,0,1,0,0,0,1,1,0,0,0x08d,481,28,0,520,34813,255,0x08c,1,0,0,106,0,141,140,140
235,0,1,0,0,0,1,1,1,1,0x08d,481,28,0,520,34813,255,0x08c,1,1,1,106,0,141,140,140
236,0,1,0,0,0,1,1,1,1,0x08e,-485,684,0,504,30723,-228,0x08d,1,1,1,1,0,142,141,141
237,0,1,0,0,0,1,0,1,0,0x08e,-485,684,0,504,30723,-228,0x08e,1,1,1,-39,0,143,142,142
238,0,1,0,0,0,1,1,1,1,0x08f,-12239,735,0,321,3155,-590,0x08e,0,1,0,-39,0,143,143,143
239,0,1,0,0,0,1,1,1,1,0x090,6024,-2431,0,606,53272,4896,0x08f,1,1,1,-106,0,144,143,143
240,0,1,0,0,0,1,1,1,1,0x091,-2994,-144,0,465,21249,-971,0x090,1,1,1,-2906,0,145,144,144
241,0,1,0,0,0,1,1,0,0,0x092,-182,459,0,509,32000,-89,0x091,1,0,0,34,0,146,145,145
242,0,1,0,0,0,1,1,1,1,0x092,-182,459,0,509,32000,-89,0x091,1,1,1,34,0,146,145,145
243,0,1,0,0,0,1,1,1,1,0x093,1025,1661,0,528,36843,576,0x092,1,1,1,-10,0,147,146,146
244,0,1,0,0,0,1,1,1,1,0x094,-3284,1924,0,461,20362,-1021,0x093,1,1,1,233,0,148,147,147
245,0,1,0,0,0,1,1,1,1,0x095,-4081,-912,0,448,17625,-1098,0x094,1,1,1,-480,0,149,148,148
246,0,1,0,0,0,1,1,1,1,0x096,-5188,-1296,0,431,14418,-1142,0x095,1,1,1,244,0,150,149,149
247,0,1,0,0,0,1,0,1,0,0x096,-5188,-1296,0,431,14418,-1142,0x096,1,1,1,361,0,151,150,150
248,0,1,0,0,0,1,1,1,1,0x097,-5408,482,0,428,13898,-1147,0x096,0,0,0,361,0,151,151,151
249,0,1,0,0,0,1,1,1,1,0x098,438,1640,0,519,34558,230,0x097,1,1,1,-135,0,152,151,151
250,0,1,0,0,0,1,1,1,1,0x099,-3013,769,0,465,21249,-977,0x098,1,1,1,92,0,153,152,152
251,0,1,0,0,0,1,1,1,1,0x09a,-5123,1863,0,432,14595,-1141,0x099,1,1,1,-184,0,154,153,153
252,0,1,0,0,0,1,0,1,0,0x09a,-5123,1863,0,432,14595,-1141,0x09a,1,1,1,-519,0,155,154,154
253,0,1,0,0,0,1,1,1,1,0x09b,-5119,-1865,0,432,14595,-1141,0x09a,0,1,0,-519,0,155,155,155
254,0,1,0,0,0,1,1,1,1,0x09c,-2759,347,0,469,22156,-933,0x09b,1,1,1,519,0,156,155,155
255,0,1,0,0,0,1,1,0,0,0x09d,-58,850,0,511,32512,-29,0x09c,1,0,0,-80,0,157,156,156
256,0,1,0,0,0,1,1,1,1,0x09d,-58,850,0,511,32512,-29,0x09c,1,1,1,-80,0,157,156,156
257,0,1,0,0,0,1,0,1,0,0x09d,-58,850,0,511,32512,-29,0x09d,1,1,1,-7,0,158,157,157
258,0,1,0,0,0,1,1,1,1,0x09e,-3967,-463,0,450,18031,-1092,0x09d,0,1,0,-7,0,158,158,158
259,0,1,0,0,0,1,1,1,1,0x09f,-7038,-949,0,402,9964,-1071,0x09e,1,1,1,123,0,159,158,158
260,0,1,0,0,0,1,1,1,1,0x0a0,-4835,715,0,436,15316,-1130,0x09f,1,1,1,248,0,160,159,159
261,0,1,0,0,0,1,1,1,1,0x0a1,-3943,1835,0,450,18031,-1085,0x0a0,1,1,1,-198,0,161,160,160
262,0,1,0,0,0,1,0,0,0,0x0a1,-3943,1835,0,450,18031,-1085,0x0a1,1,0,0,-487,0,162,161,161
263,0,1,0,0,0,1,1,1,1,0x0a2,112,-1054,0,514,33280,56,0x0a1,1,1,1,-487,0,162,161,161
264,0,1,0,0,0,1,0,0,0,0x0a2,112,-1054,0,514,33280,56,0x0a2,1,0,0,-15,0,163,162,162
265,0,1,0,0,0,1,1,1,1,0x0a3,-2419,-1110,0,474,23316,-861,0x0a2,1,1,1,-15,0,163,162,162
266,0,1,0,0,0,1,1,1,1,0x0a4,-2522,-829,0,473,23082,-889,0x0a3,1,1,1,233,0,164,163,163
267,0,1,0,0,0,1,0,1,0,0x0a4,-2522,-829,0,473,23082,-889,0x0a4,1,1,1,179,0,165,164,164
268,0,1,0,0,0,1,1,1,1,0x0a5,90,-1664,0,513,33024,45,0x0a4,0,1,0,179,0,165,165,165
269,0,1,0,0,0,1,1,0,0,0x0a6,-2030,40,0,480,24743,-767,0x0a5,1,0,0,-19,0,166,165,165
270,0,1,0,0,0,1,1,1,1,0x0a6,-2030,40,0,480,24743,-767,0x0a5,1,1,1,-19,0,166,165,165
271,0,1,0,0,0,1,1,1,1,0x0a7,-6084,613,0,417,12109,-1125,0x0a6,1,1,1,-8,0,167,166,166
272,0,1,0,0,0,1,0,1,0,0x0a7,-6084,613,0,417,12109,-1125,0x0a7,1,1,1,-169,0,168,167,167
273,0,1,0,0,0,1,1,1,1,0x0a8,-2722,-165,0,469,22156,-921,0x0a7,0,1,0,-169,0,168,168,168
274,0,1,0,0,0,1,1,1,1,0x0a9,-3170,-3574,0,462,20582,-996,0x0a8,1,1,1,37,0,169,168,168
275,0,1,0,0,0,1,1,1,1,0x0aa,1405,232,0,534,38345,822,0x0a9,1,1,1,869,0,170,169,169
276,0,1,0,0,0,1,1,0,0,0x0ab,-10989,689,0,340,4176,-701,0x0aa,1,0,0,46,0,171,170,170
277,0,1,0,0,0,1,1,1,1,0x0ab,-10989,689,0,340,4176,-701,0x0aa,1,1,1,46,0,171,170,170
278,0,1,0,0,0,1,1,1,1,0x0ac,-196,-2572,0,509,32000,-96,0x0ab,1,1,1,-118,0,172,171,171
279,0,1,0,0,0,1,1,1,1,0x0ad,-2891,-1804,0,467,21700,-958,0x0ac,1,1,1,60,0,173,172,172
280,0,1,0,0,0,1,1,1,1,0x0ae,-1681,303,0,486,26202,-673,0x0ad,1,1,1,421,0,174,173,173
281,0,1,0,0,0,1,0,1,0,0x0ae,-1681,303,0,486,26202,-673,0x0ae,1,1,1,-50,0,175,174,174
282,0,1,0,0,0,1,0,1,0,0x0ae,-1681,303,0,486,26202,-673,0x0ae,0,1,0,-50,0,175,175,175
283,0,1,0,0,0,1,1,1,1,0x0af,-2748,-349,0,469,22156,-930,0x0ae,0,0,0,-50,0,175,175,175
284,0,1,0,0,0,1,1,1,1,0x0b0,-8960,-919,0,372,6611,-904,0x0af,1,1,1,79,0,176,175,175
285,0,1,0,0,0,1,1,1,1,0x0b1,-3,2519,0,512,32768,-2,0x0b0,1,1,1,202,0,177,176,176
286,0,1,0,0,0,1,1,1,1,0x0b2,-12857,-11555,0,311,2717,-534,0x0b1,1,1,1,-2,0,178,177,177
287,0,1,0,0,0,1,0,0,0,0x0b2,-12857,-11555,0,311,2717,-534,0x0b2,1,0,0,1506,0,179,178,178
288,0,1,0,0,0,1,1,1,1,0x0b3,-4964,569,0,434,14952,-1133,0x0b2,1,1,1,1506,0,179,178,178
289,0,1,0,0,0,1,1,1,1,0x0b4,-309,1490,0,507,31489,-149,0x0b3,1,1,1,-158,0,180,179,179
290,0,1,0,0,0,1,1,0,0,0x0b5,2011,-413,0,543,40552,1244,0x0b4,1,0,0,-55,0,181,180,180
291,0,1,0,0,0,1,1,1,1,0x0b5,2011,-413,0,543,40552,1244,0x0b4,1,1,1,-55,0,181,180,180
292,0,1,0,0,0,1,0,1,0,0x0b5,2011,-413,0,543,40552,1244,0x0b5,1,1,1,-126,0,182,181,181
293,0,1,0,0,0,1,1,1,1,0x0b6,-5994,-1182,0,418,12264,-1122,0x0b5,0,1,0,-126,0,182,182,182
294,0,1,0,0,0,1,1,1,1,0x0b7,431,1866,0,519,34558,227,0x0b6,1,1,1,323,0,183,182,182
295,0,1,0,0,0,1,1,1,1,0x0b8,-4117,878,0,448,17625,-1108,0x0b7,1,1,1,103,0,184,183,183
296,0,1,0,0,0,1,1,1,1,0x0b9,-7784,464,0,390,8481,-1008,0x0b8,1,1,1,-238,0,185,184,184
297,0,1,0,0,0,1,0,0,0,0x0b9,-7784,464,0,390,8481,-1008,0x0b9,1,0,0,-115,0,186,185,185
298,0,1,0,0,0,1,0,1,0,0x0b9,-7784,464,0,390,8481,-1008,0x0b9,1,1,1,-115,0,186,185,185
299,0,1,0,0,0,1,1,1,1,0x0ba,-14719,51,0,282,1754,-394,0x0b9,0,1,0,-115,0,186,186,186
300,0,1,0,0,0,1,1,1,1,0x0bb,-11040,387,0,340,4176,-704,0x0ba,1,1,1,-5,0,187,186,186
301,0,1,0,0,0,1,1,1,1,0x0bc,-3175,364,0,462,20582,-998,0x0bb,1,1,1,-67,0,188,187,187
302,0,1,0,0,0,1,0,1,0,0x0bc,-3175,364,0,462,20582,-998,0x0bc,1,1,1,-89,0,189,188,188
303,0,1,0,0,0,1,1,1,1,0x0bd,-7436,378,0,396,9197,-1044,0x0bc,0,1,0,-89,0,189,189,189
304,0,1,0,0,0,1,1,0,0,0x0be,-1265,281,0,492,27689,-535,0x0bd,1,0,0,-97,0,190,189,189
305,0,1,0,0,0,1,1,1,1,0x0be,-1265,281,0,492,27689,-535,0x0bd,1,1,1,-97,0,190,189,189
306,0,1,0,0,0,1,1,1,1,0x0bf,-2309,525,0,476,23788,-839,0x0be,1,1,1,-37,0,191,190,190
307,0,1,0,0,0,1,0,1,0,0x0bf,-2309,525,0,476,23788,-839,0x0bf,1,1,1,-108,0,192,191,191
308,0,1,0,0,0,1,1,1,1,0x0c0,-11487,1096,0,333,3768,-661,0x0bf,0,1,0,-108,0,192,192,192
309,0,1,0,0,0,1,1,1,1,0x0c1,-9831,-735,0,358,5420,-814,0x0c0,1,1,1,-177,0,193,192,192
310,0,1,0,0,0,1,1,0,0,0x0c2,-889,-1712,0,498,29198,-397,0x0c1,1,0,0,146,0,194,193,193
311,0,1,0,0,0,1,1,0,0,0x0c2,-889,-1712,0,498,29198,-397,0x0c1,1,0,0,146,0,194,193,193
312,0,1,0,0,0,1,1,1,1,0x0c2,-889,-1712,0,498,29198,-397,0x0c1,1,1,1,146,0,194,193,193
313,0,1,0,0,0,1,1,1,1,0x0c3,-12940,1489,0,310,2677,-529,0x0c2,1,1,1,165,0,195,194,194
314,0,1,0,0,0,1,1,1,1,0x0c4,-14148,-3378,0,291,2010,-434,0x0c3,1,1,1,-193,0,196,195,195
315,0,1,0,0,0,1,0,1,0,0x0c4,-14148,-3378,0,291,2010,-434,0x0c4,1,1,1,357,0,197,196,196
316,0,1,0,0,0,1,1,1,1,0x0c5,-1654,-5356,0,486,26202,-662,0x0c4,0,1,0,357,0,197,197,197
317,0,1,0,0,0,1,0,1,0,0x0c5,-1654,-5356,0,486,26202,-662,0x0c5,1,1,1,865,0,198,197,197
318,0,1,0,0,0,1,1,1,1,0x0c6,-8529,362,0,379,7290,-949,0x0c5,0,0,0,865,0,198,198,198
319,0,1,0,0,0,1,1,1,1,0x0c7,-5809,1382,0,421,12738,-1130,0x0c6,1,1,1,-84,0,199,198,198
320,0,1,0,0,0,1,1,1,1,0x0c8,-2263,-319,0,477,24025,-830,0x0c7,1,1,1,-382,0,200,199,199
321,0,1,0,0,0,1,1,1,1,0x0c9,-9969,-3238,0,356,5266,-802,0x0c8,1,1,1,64,0,201,200,200
322,0,1,0,0,0,1,0,1,0,0x0c9,-9969,-3238,0,356,5266,-802,0x0c9,1,1,1,634,0,202,201,201
323,0,1,0,0,0,1,1,1,1,0x0ca,273,2672,0,516,33792,140,0x0c9,0,1,0,634,0,202,202,202
324,0,1,0,0,0,1,1,1,1,0x0cb,-1930,163,0,482,25226,-743,0x0ca,1,1,1,91,0,203,202,202
325,0,1,0,0,0,1,1,0,0,0x0cc,1443,-598,0,535,38593,849,0x0cb,1,0,0,-30,0,204,203,203
326,0,1,0,0,0,1,1,1,1,0x0cc,1443,-598,0,535,38593,849,0x0cb,1,1,1,-30,0,204,203,203
327,0,1,0,0,0,1,0,1,0,0x0cc,1443,-598,0,535,38593,849,0x0cc,1,1,1,-124,0,205,204,204
328,0,1,0,0,0,1,1,1,1,0x0cd,-757,2067,0,500,29705,-344,0x0cc,0,1,0,-124,0,205,205,205
329,0,1,0,0,0,1,1,1,1,0x0ce,-1499,-1333,0,489,26943,-617,0x0cd,1,1,1,-174,0,206,205,205
330,0,1,0,0,0,1,1,1,1,0x0cf,11033,4193,0,684,61360,10329,0x0ce,1,1,1,200,0,207,206,206
331,0,1,0,0,0,1,1,1,1,0x0d0,-1027,-645,0,496,28693,-450,0x0cf,1,1,1,10573,0,208,207,207
332,0,1,0,0,0,1,0,0,0,0x0d0,-1027,-645,0,496,28693,-450,0x0d0,1,0,0,70,0,209,208,208
333,0,1,0,0,0,1,1,0,0,0x0d1,-3342,-65,0,460,20143,-1028,0x0d0,1,0,0,70,0,209,208,208
334,0,1,0,0,0,1,1,1,1,0x0d1,-3342,-65,0,460,20143,-1028,0x0d0,1,1,1,70,0,209,208,208
335,0,1,0,0,0,1,1,1,1,0x0d2,1747,234,0,539,39579,1055,0x0d1,1,1,1,16,0,210,209,209
336,0,1,0,0,0,1,1,1,1,0x0d3,-4430,-394,0,443,16637,-1125,0x0d2,1,1,1,60,0,211,210,210
337,0,1,0,0,0,1,0,1,0,0x0d3,-4430,-394,0,443,16637,-1125,0x0d3,1,1,1,108,0,212,211,211
338,0,1,0,0,0,1,1,1,1,0x0d4,-119,-2732,0,510,32256,-59,0x0d3,0,1,0,108,0,212,212,212
339,0,1,0,0,0,1,1,0,0,0x0d5,-2433,730,0,474,23316,-866,0x0d4,1,0,0,39,0,213,212,212
340,0,1,0,0,0,1,1,1,1,0x0d5,-2433,730,0,474,23316,-866,0x0d4,1,1,1,39,0,213,212,212
341,0,1,0,0,0,1,1,1,1,0x0d6,-5168,-649,0,431,14418,-1137,0x0d5,1,1,1,-155,0,214,213,213
342,0,1,0,0,0,1,0,1,0,0x0d6,-5168,-649,0,431,14418,-1137,0x0d6,1,1,1,180,0,215,214,214
343,0,1,0,0,0,1,1,1,1,0x0d7,-6995,-1123,0,403,10096,-1078,0x0d6,0,1,0,180,0,215,215,215
344,0,1,0,0,0,1,1,1,1,0x0d8,-2854,-658,0,467,21700,-946,0x0d7,1,1,1,295,0,216,215,215
345,0,1,0,0,0,1,1,1,1,0x0d9,-2426,1486,0,474,23316,-864,0x0d8,1,1,1,151,0,217,216,216
346,0,1,0,0,0,1,1,0,0,0x0da,-5354,101,0,428,13898,-1136,0x0d9,1,0,0,-314,0,218,217,217
347,0,1,0,0,0,1,1,1,1,0x0da,-5354,101,0,428,13898,-1136,0x0d9,1,1,1,-314,0,218,217,217
348,0,1,0,0,0,1,1,1,1,0x0db,-3096,-753,0,464,21025,-994,0x0da,1,1,1,-29,0,219,218,218
349,0,1,0,0,0,1,0,1,0,0x0db,-3096,-753,0,464,21025,-994,0x0db,1,1,1,182,0,220,219,219
350,0,1,0,0,0,1,1,1,1,0x0dc,-2730,-182,0,469,22156,-923,0x0db,0,1,0,182,0,220,220,220
351,0,1,0,0,0,1,1,1,1,0x0dd,-1517,-3062,0,488,26695,-618,0x0dc,1,1,1,41,0,221,220,220
352,0,1,0,0,0,1,0,1,0,0x0dd,-1517,-3062,0,488,26695,-618,0x0dd,1,1,1,461,0,222,221,221
353,0,1,0,0,0,1,1,1,1,0x0de,-9608,-191,0,362,5739,-842,0x0dd,0,0,0,461,0,222,222,222
354,0,1,0,0,0,1,1,1,1,0x0df,-2327,723,0,476,23788,-845,0x0de,1,1,1,39,0,223,222,222
355,0,1,0,0,0,1,1,1,1,0x0e0,-140,-764,0,510,32256,-69,0x0df,1,1,1,-150,0,224,223,223
356,0,1,0,0,0,1,1,0,0,0x0e1,-3201,775,0,462,20582,-1006,0x0e0,1,0,0,12,0,225,224,224
357,0,1,0,0,0,1,1,1,1,0x0e1,-3201,775,0,462,20582,-1006,0x0e0,1,1,1,12,0,225,224,224
358,0,1,0,0,0,1,1,1,1,0x0e2,-8820,179,0,374,6799,-916,0x0e1,1,1,1,-191,0,226,225,225
359,0,1,0,0,0,1,1,1,1,0x0e3,2212,1712,0,547,41511,1401,0x0e2,1,1,1,-41,0,227,226,226
360,0,1,0,0,0,1,1,0,0,0x0e4,-7323,224,0,398,9447,-1056,0x0e3,1,0,0,585,0,228,227,227
361,0,1,0,0,0,1,1,1,1,0x0e4,-7323,224,0,398,9447,-1056,0x0e3,1,1,1,585,0,228,227,227
362,0,1,0,0,0,1,0,1,0,0x0e4,-7323,224,0,398,9447,-1056,0x0e4,1,1,1,-58,0,229,228,228
363,0,1,0,0,0,1,1,1,1,0x0e5,-6824,1159,0,405,10366,-1080,0x0e4,0,1,0,-58,0,229,229,229
364,0,1,0,0,0,1,1,1,1,0x0e6,-357,940,0,506,31233,-171,0x0e5,1,1,1,-306,0,230,229,229
365,0,1,0,0,0,1,1,1,1,0x0e7,-4343,-1188,0,444,16832,-1116,0x0e6,1,1,1,-40,0,231,230,230
366,0,1,0,0,0,1,0,1,0,0x0e7,-4343,-1188,0,444,16832,-1116,0x0e7,1,1,1,323,0,232,231,231
367,0,1,0,0,0,1,0,1,0,0x0e7,-4343,-1188,0,444,16832,-1116,0x0e7,0,0,0,323,0,232,232,232
368,0,1,0,0,0,1,1,1,1,0x0e8,-5424,460,0,427,13728,-1137,0x0e7,0,1,0,323,0,232,232,232
369,0,1,0,0,0,1,1,1,1,0x0e9,-2117,-509,0,479,24502,-792,0x0e8,1,1,1,-128,0,233,232,232
370,0,1,0,0,0,1,1,1,1,0x0ea,-2204,-69,0,478,24263,-816,0x0e9,1,1,1,98,0,234,233,233
371,0,1,0,0,0,1,1,1,1,0x0eb,-2594,130,0,471,22617,-896,0x0ea,1,1,1,13,0,235,234,234
372,0,1,0,0,0,1,0,1,0,0x0eb,-2594,130,0,471,22617,-896,0x0eb,1,1,1,-29,0,236,235,235
373,0,1,0,0,0,1,1,1,1,0x0ec,-3163,2792,0,463,20803,-1005,0x0eb,0,1,0,-29,0,236,236,236
374,0,1,0,0,0,1,1,0,0,0x0ed,-5415,46,0,427,13728,-1135,0x0ec,1,0,0,-686,0,237,236,236
375,0,1,0,0,0,1,1,1,1,0x0ed,-5415,46,0,427,13728,-1135,0x0ec,1,1,1,-686,0,237,236,236
376,0,1,0,0,0,1,1,1,1,0x0ee,-4207,-1006,0,446,17226,-1106,0x0ed,1,1,1,-13,0,238,237,237
377,0,1,0,0,0,1,0,1,0,0x0ee,-4207,-1006,0,446,17226,-1106,0x0ee,1,1,1,271,0,239,238,238
378,0,1,0,0,0,1,1,1,1,0x0ef,-4929,-1050,0,435,15134,-1139,0x0ee,0,1,0,271,0,239,239,239
379,0,1,0,0,0,1,1,0,0,0x0f0,-1516,-1099,0,488,26695,-618,0x0ef,1,0,0,291,0,240,239,239
380,0,1,0,0,0,1,1,1,1,0x0f0,-1516,-1099,0,488,26695,-618,0x0ef,1,1,1,291,0,240,239,239
381,0,1,0,0,0,1,1,0,0,0x0f1,-3161,1134,0,463,20803,-1004,0x0f0,1,0,0,165,0,241,240,240
382,0,1,0,0,0,1,1,1,1,0x0f1,-3161,1134,0,463,20803,-1004,0x0f0,1,1,1,165,0,241,240,240
383,0,1,0,0,0,1,0,1,0,0x0f1,-3161,1134,0,463,20803,-1004,0x0f1,1,1,1,-278,0,242,241,241
384,0,1,0,0,0,1,1,1,1,0x0f2,-8844,-1036,0,374,6799,-918,0x0f1,0,1,0,-278,0,242,242,242
385,0,1,0,0,0,1,1,1,1,0x0f3,-3377,-800,0,459,19926,-1027,0x0f2,1,1,1,232,0,243,242,242
386,0,1,0,0,0,1,1,1,1,0x0f4,-7416,-725,0,396,9197,-1041,0x0f3,1,1,1,200,0,244,243,243
387,0,1,0,0,0,1,0,1,0,0x0f4,-7416,-725,0,396,9197,-1041,0x0f4,1,1,1,184,0,245,244,244
388,0,1,0,0,0,1,1,1,1,0x0f5,-12561,-1494,0,316,2928,-562,0x0f4,0,0,0,184,0,245,245,245
389,0,1,0,0,0,1,1,1,1,0x0f6,-2321,888,0,476,23788,-843,0x0f5,1,1,1,204,0,246,245,245
390,0,1,0,0,0,1,1,1,1,0x0f7,-1155,54,0,494,28190,-497,0x0f6,1,1,1,-183,0,247,246,246
391,0,1,0,0,0,1,1,1,1,0x0f8,-3300,1328,0,460,20143,-1015,0x0f7,1,1,1,-7,0,248,247,247
392,0,1,0,0,0,1,0,1,0,0x0f8,-3300,1328,0,460,20143,-1015,0x0f8,1,1,1,-330,0,249,248,248
393,0,1,0,0,0,1,1,1,1,0x0f9,-2033,896,0,480,24743,-768,0x0f8,0,1,0,-330,0,249,249,249
394,0,1,0,0,0,1,1,1,1,0x0fa,-3660,-1253,0,455,19070,-1066,0x0f9,1,1,1,-168,0,250,249,249
395,0,1,0,0,0,1,1,0,0,0x0fb,-11730,-2151,0,329,3552,-636,0x0fa,1,0,0,326,0,251,250,250
396,0,1,0,0,0,1,1,1,1,0x0fb,-11730,-2151,0,329,3552,-636,0x0fa,1,1,1,326,0,251,250,250
397,0,1,0,0,0,1,0,1,0,0x0fb,-11730,-2151,0,329,3552,-636,0x0fb,1,1,1,333,0,252,251,251
398,0,1,0,0,0,1,1,1,1,0x0fc,-3001,49,0,465,21249,-974,0x0fb,0,1,0,333,0,252,252,252
399,0,1,0,0,0,1,1,1,1,0x0fd,-5379,-1916,0,428,13898,-1141,0x0fc,1,1,1,-12,0,253,252,252
400,0,1,0,0,0,1,0,1,0,0x0fd,-5379,-1916,0,428,13898,-1141,0x0fd,1,1,1,533,0,254,253,253
401,0,1,0,0,0,1,1,1,1,0x0fe,-3101,1158,0,464,21025,-995,0x0fd,0,1,0,533,0,254,254,254
402,0,1,0,0,0,1,0,0,0,0x0fe,-3101,1158,0,464,21025,-995,0x0fe,1,0,0,-282,0,255,254,254
403,0,1,0,0,0,1,1,1,1,0x0ff,-6730,-735,0,407,10642,-1093,0x0fe,1,1,1,-282,0,255,254,254
404,0,1,0,0,0,1,1,1,1,0x100,-2988,-332,0,465,21249,-969,0x0ff,1,1,1,196,0,256,255,255
405,0,1,0,0,0,1,1,1,1,0x101,-4395,826,0,443,16637,-1116,0x100,1,1,1,78,0,257,256,256
406,0,1,0,0,0,1,1,1,1,0x102,-2243,355,0,477,24025,-823,0x101,1,1,1,-226,0,258,257,257
407,0,1,0,0,0,1,0,1,0,0x102,-2243,355,0,477,24025,-823,0x102,1,1,1,-72,0,259,258,258
408,0,1,0,0,0,1,1,1,1,0x103,886,1416,0,526,36338,491,0x102,0,1,0,-72,0,259,259,259
409,0,1,0,0,0,1,1,0,0,0x104,-7533,288,0,394,8953,-1030,0x103,1,0,0,169,0,260,259,259
410,0,1,0,0,0,1,1,1,1,0x104,-7533,288,0,394,8953,-1030,0x103,1,1,1,169,0,260,259,259
411,0,1,0,0,0,1,1,1,1,0x105,-4754,1362,0,438,15686,-1138,0x104,1,1,1,-73,0,261,260,260
412,0,1,0,0,0,1,0,1,0,0x105,-4754,1362,0,438,15686,-1138,0x105,1,1,1,-379,0,262,261,261
413,0,1,0,0,0,1,1,1,1,0x106,-1754,-1975,0,485,25957,-695,0x105,0,1,0,-379,0,262,262,262
414,0,1,0,0,0,1,1,1,1,0x107,-3013,-308,0,465,21249,-977,0x106,1,1,1,335,0,263,262,262
415,0,1,0,0,0,1,1,1,1,0x108,109,1536,0,514,33280,55,0x107,1,1,1,73,0,264,263,263
416,0,1,0,0,0,1,1,0,0,0x109,-5004,1249,0,434,14952,-1142,0x108,1,0,0,20,0,265,264,264
417,0,1,0,0,0,1,1,1,1,0x109,-5004,1249,0,434,14952,-1142,0x108,1,1,1,20,0,265,264,264
418,0,1,0,0,0,1,1,1,1,0x10a,-3016,1277,0,465,21249,-978,0x109,1,1,1,-349,0,266,265,265
419,0,1,0,0,0,1,1,1,1,0x10b,-3804,347,0,453,18650,-1083,0x10a,1,1,1,-305,0,267,266,266
420,0,1,0,0,0,1,1,1,1,0x10c,-1185,-1166,0,493,27939,-506,0x10b,1,1,1,-92,0,268,267,267
421,0,1,0,0,0,1,1,1,1,0x10d,-674,-625,0,501,29959,-309,0x10c,1,1,1,144,0,269,268,268
422,0,1,0,0,0,1,0,1,0,0x10d,-674,-625,0,501,29959,-309,0x10d,1,1,1,47,0,270,269,269
423,0,1,0,0,0,1,1,1,1,0x10e,511,-1114,0,520,34813,271,0x10d,0,0,0,47,0,270,270,270
424,0,1,0,0,0,1,1,1,1,0x10f,-2970,824,0,466,21474,-974,0x10e,1,1,1,-74,0,271,270,270
425,0,1,0,0,0,1,1,0,0,0x110,-5014,2001,0,434,14952,-1144,0x10f,1,0,0,-196,0,272,271,271
426,0,1,0,0,0,1,1,1,1,0x110,-5014,2001,0,434,14952,-1144,0x10f,1,1,1,-196,0,272,271,271
427,0,1,0,0,0,1,0,1,0,0x110,-5014,2001,0,434,14952,-1144,0x110,1,1,1,-559,0,273,272,272
428,0,1,0,0,0,1,1,1,1,0x111,-491,1018,0,504,30723,-231,0x110,0,1,0,-559,0,273,273,273
429,0,1,0,0,0,1,1,1,1,0x112,-770,-2418,0,500,29705,-350,0x111,1,1,1,-58,0,274,273,273
430,0,1,0,0,0,1,1,0,0,0x113,-1849,-292,0,483,25468,-719,0x112,1,0,0,206,0,275,274,274
431,0,1,0,0,0,1,1,1,1,0x113,-1849,-292,0,483,25468,-719,0x112,1,1,1,206,0,275,274,274
432,0,1,0,0,0,1,0,1,0,0x113,-1849,-292,0,483,25468,-719,0x113,1,1,1,51,0,276,275,275
433,0,1,0,0,0,1,1,1,1,0x114,-6796,-1187,0,406,10503,-1090,0x113,0,1,0,51,0,276,276,276
434,0,1,0,0,0,1,0,1,0,0x114,-6796,-1187,0,406,10503,-1090,0x114,1,1,1,315,0,277,276,276
435,0,1,0,0,0,1,1,1,1,0x115,-2782,2182,0,469,22156,-941,0x114,0,1,0,315,0,277,277,277
436,0,1,0,0,0,1,1,1,1,0x116,-4245,-341,0,446,17226,-1116,0x115,1,1,1,-502,0,278,277,277
437,0,1,0,0,0,1,0,0,0,0x116,-4245,-341,0,446,17226,-1116,0x116,1,0,0,92,0,279,278,278
438,0,1,0,0,0,1,1,1,1,0x117,-2197,1310,0,478,24263,-814,0x116,1,1,1,92,0,279,278,278
439,0,1,0,0,0,1,1,1,1,0x118,-1851,105,0,483,25468,-720,0x117,1,1,1,-261,0,280,279,279
440,0,1,0,0,0,1,1,1,1,0x119,-1031,1422,0,496,28693,-452,0x118,1,1,1,-19,0,281,280,280
441,0,1,0,0,0,1,1,1,1,0x11a,-1965,-2174,0,481,24984,-750,0x119,1,1,1,-157,0,282,281,281
442,0,1,0,0,0,1,0,1,0,0x11a,-1965,-2174,0,481,24984,-750,0x11a,1,1,1,398,0,283,282,282
443,0,1,0,0,0,1,1,1,1,0x11b,-9908,1887,0,357,5342,-808,0x11a,0,1,0,398,0,283,283,283
444,0,1,0,0,0,1,1,0,0,0x11c,-8014,-481,0,387,8140,-996,0x11b,1,0,0,-373,0,284,283,283
445,0,1,0,0,0,1,1,1,1,0x11c,-8014,-481,0,387,8140,-996,0x11b,1,1,1,-373,0,284,283,283
446,0,1,0,0,0,1,1,1,1,0x11d,-2783,-292,0,469,22156,-941,0x11c,1,1,1,116,0,285,284,284
447,0,1,0,0,0,1,0,1,0,0x11d,-2783,-292,0,469,22156,-941,0x11d,1,1,1,67,0,286,285,285
448,0,1,0,0,0,1,1,1,1,0x11e,-1198,1010,0,493,27939,-511,0x11d,0,0,0,67,0,286,286,286
449,0,1,0,0,0,1,1,1,1,0x11f,-846,-1121,0,499,29451,-381,0x11e,1,1,1,-127,0,287,286,286
450,0,1,0,0,0,1,1,1,1,0x120,-2893,148,0,467,21700,-958,0x11f,1,1,1,104,0,288,287,287
451,0,1,0,0,0,1,0,0,0,0x120,-2893,148,0,467,21700,-958,0x120,1,0,0,-35,0,289,288,288
452,0,1,0,0,0,1,0,1,0,0x120,-2893,148,0,467,21700,-958,0x120,1,1,1,-35,0,289,288,288
453,0,1,0,0,0,1,1,1,1,0x121,-3727,-779,0,454,18859,-1073,0x120,0,1,0,-35,0,289,289,289
454,0,1,0,0,0,1,1,1,1,0x122,860,-138,0,525,36085,473,0x121,1,1,1,204,0,290,289,289
455,0,1,0,0,0,1,1,1,1,0x123,-2229,839,0,477,24025,-818,0x122,1,1,1,-16,0,291,290,290
456,0,1,0,0,0,1,1,1,1,0x124,-5921,-413,0,419,12420,-1123,0x123,1,1,1,-168,0,292,291,291
457,0,1,0,0,0,1,0,1,0,0x124,-5921,-413,0,419,12420,-1123,0x124,1,1,1,113,0,293,292,292
458,0,1,0,0,0,1,1,1,1,0x125,-1588,-467,0,487,26448,-641,0x124,0,0,0,113,0,293,293,293
459,0,1,0,0,0,1,1,1,1,0x126,-2346,795,0,475,23551,-844,0x125,1,1,1,73,0,294,293,293
460,0,1,0,0,0,1,1,1,1,0x127,-8701,990,0,376,6992,-929,0x126,1,1,1,-164,0,295,294,294
461,0,1,0,0,0,1,1,1,1,0x128,-6117,396,0,416,11955,-1116,0x127,1,1,1,-225,0,296,295,295
462,0,1,0,0,0,1,0,1,0,0x128,-6117,396,0,416,11955,-1116,0x128,1,1,1,-108,0,297,296,296
463,0,1,0,0,0,1,1,1,1,0x129,-5828,545,0,421,12738,-1133,0x128,0,1,0,-108,0,297,297,297
464,0,1,0,0,0,1,1,1,1,0x12a,-881,-309,0,498,29198,-393,0x129,1,1,1,-151,0,298,297,297
465,0,1,0,0,0,1,1,0,0,0x12b,-1113,-172,0,495,28441,-484,0x12a,1,0,0,29,0,299,298,298
466,0,1,0,0,0,1,1,1,1,0x12b,-1113,-172,0,495,28441,-484,0x12a,1,1,1,29,0,299,298,298
467,0,1,0,0,0,1,0,1,0,0x12b,-1113,-172,0,495,28441,-484,0x12b,1,1,1,20,0,300,299,299
468,0,1,0,0,0,1,0,1,0,0x12b,-1113,-172,0,495,28441,-484,0x12b,0,1,0,20,0,300,300,300
469,0,1,0,0,0,1,1,1,1,0x12c,-2848,-2483,0,468,21928,-953,0x12b,0,1,0,20,0,300,300,300
470,0,1,0,0,0,1,1,1,1,0x12d,-1645,-1655,0,486,26202,-658,0x12c,1,1,1,577,0,301,300,300
471,0,1,0,0,0,1,1,0,0,0x12e,-1434,991,0,490,27191,-595,0x12d,1,0,0,265,0,302,301,301
472,0,1,0,0,0,1,1,0,0,0x12e,-1434,991,0,490,27191,-595,0x12d,1,0,0,265,0,302,301,301
473,0,1,0,0,0,1,1,1,1,0x12e,-1434,991,0,490,27191,-595,0x12d,1,1,1,265,0,302,301,301
474,0,1,0,0,0,1,1,1,1,0x12f,-3141,122,0,463,20803,-998,0x12e,1,1,1,-144,0,303,302,302
475,0,1,0,0,0,1,1,1,1,0x130,878,-114,0,526,36338,486,0x12f,1,1,1,-30,0,304,303,303
476,0,1,0,0,0,1,1,1,1,0x131,-1469,-3706,0,489,26943,-604,0x130,1,1,1,-14,0,305,304,304
477,0,1,0,0,0,1,0,1,0,0x131,-1469,-3706,0,489,26943,-604,0x131,1,1,1,546,0,306,305,305
478,0,1,0,0,0,1,1,1,1,0x132,-8182,-1507,0,384,7812,-976,0x131,0,1,0,546,0,306,306,306
479,0,1,0,0,0,1,1,0,0,0x133,-6522,1105,0,410,11066,-1102,0x132,1,0,0,359,0,307,306,306
480,0,1,0,0,0,1,1,1,1,0x133,-6522,1105,0,410,11066,-1102,0x132,1,1,1,359,0,307,306,306
481,0,1,0,0,0,1,1,1,1,0x134,-78,-457,0,511,32512,-39,0x133,1,1,1,-298,0,308,307,307
482,0,1,0,0,0,1,0,1,0,0x134,-78,-457,0,511,32512,-39,0x134,1,1,1,4,0,309,308,308
483,0,1,0,0,0,1,1,1,1,0x135,3459,-6171,0,566,45826,2418,0x134,0,1,0,4,0,309,309,309
484,0,1,0,0,0,1,1,1,1,0x136,-3582,-51,0,456,19282,-1054,0x135,1,1,1,-3643,0,310,309,309
485,0,1,0,0,0,1,0,1,0,0x136,-3582,-51,0,456,19282,-1054,0x136,1,1,1,13,0,311,310,310
486,0,1,0,0,0,1,1,1,1,0x137,-3636,-138,0,455,19070,-1059,0x136,0,0,0,13,0,311,311,311
487,0,1,0,0,0,1,0,1,0,0x137,-3636,-138,0,455,19070,-1059,0x137,1,1,1,35,0,312,311,311
488,0,1,0,0,0,1,1,1,1,0x138,-3668,-924,0,455,19070,-1068,0x137,0,1,0,35,0,312,312,312
489,0,1,0,0,0,1,1,1,1,0x139,-2693,-159,0,470,22386,-920,0x138,1,1,1,240,0,313,312,312
490,0,1,0,0,0,1,1,1,1,0x13a,-936,1494,0,497,28945,-414,0x139,1,1,1,35,0,314,313,313
491,0,1,0,0,0,1,1,1,1,0x13b,-6840,-579,0,405,10366,-1082,0x13a,1,1,1,-152,0,315,314,314
492,0,1,0,0,0,1,0,1,0,0x13b,-6840,-579,0,405,10366,-1082,0x13b,1,1,1,152,0,316,315,315
493,0,1,0,0,0,1,1,1,1,0x13c,1600,1441,0,537,39088,954,0x13b,0,0,0,152,0,316,316,316
494,0,1,0,0,0,1,1,0,0,0x13d,-10514,1639,0,348,4692,-753,0x13c,1,0,0,335,0,317,316,316
495,0,1,0,0,0,1,1,1,1,0x13d,-10514,1639,0,348,4692,-753,0x13c,1,1,1,335,0,317,316,316
496,0,1,0,0,0,1,1,1,1,0x13e,-1678,-1190,0,486,26202,-671,0x13d,1,1,1,-302,0,318,317,317
497,0,1,0,0,0,1,0,1,0,0x13e,-1678,-1190,0,486,26202,-671,0x13e,1,1,1,194,0,319,318,318
498,0,1,0,0,0,1,1,1,1,0x13f,-9419,-53,0,365,5989,-861,0x13e,0,1,0,194,0,319,319,319
499,0,1,0,0,0,1,1,1,1,0x140,-4838,-104,0,436,15316,-1131,0x13f,1,1,1,11,0,320,319,319
500,0,1,0,0,0,1,1,0,0,0x141,-5673,-375,0,423,13062,-1131,0x140,1,0,0,28,0,321,320,320
501,0,1,0,0,0,1,1,1,1,0x141,-5673,-375,0,423,13062,-1131,0x140,1,1,1,28,0,321,320,320
502,0,1,0,0,0,1,0,1,0,0x141,-5673,-375,0,423,13062,-1131,0x141,1,1,1,103,0,322,321,321
503,0,1,0,0,0,1,1,1,1,0x142,-5111,-1264,0,432,14595,-1139,0x141,0,1,0,103,0,322,322,322
504,0,1,0,0,0,1,1,1,1,0x143,-2210,301,0,477,24025,-811,0x142,1,1,1,351,0,323,322,322
505,0,1,0,0,0,1,1,1,1,0x144,-3644,-129,0,455,19070,-1061,0x143,1,1,1,-60,0,324,323,323
506,0,1,0,0,0,1,1,1,1,0x145,-4333,443,0,444,16832,-1113,0x144,1,1,1,33,0,325,324,324
507,0,1,0,0,0,1,0,0,0,0x145,-4333,443,0,444,16832,-1113,0x145,1,0,0,-121,0,326,325,325
508,0,1,0,0,0,1,1,1,1,0x146,762,3234,0,524,35831,416,0x145,1,1,1,-121,0,326,325,325
509,0,1,0,0,0,1,1,1,1,0x147,-9844,1162,0,358,5420,-815,0x146,1,1,1,328,0,327,326,326
510,0,1,0,0,0,1,1,1,1,0x148,-45,574,0,511,32512,-23,0x147,1,1,1,-232,0,328,327,327
511,0,1,0,0,0,1,1,1,1,0x149,-159,-216,0,510,32256,-79,0x148,1,1,1,-4,0,329,328,328
512,0,1,0,0,0,1,0,1,0,0x149,-159,-216,0,510,32256,-79,0x149,1,1,1,4,0,330,329,329
513,0,1,0,0,0,1,1,1,1,0x14a,-3074,158,0,464,21025,-987,0x149,0,1,0,4,0,330,330,330
514,0,1,0,0,0,1,1,0,0,0x14b,-1552,4449,0,488,26695,-633,0x14a,1,0,0,-39,0,331,330,330
515,0,1,0,0,0,1,1,1,1,0x14b,-1552,4449,0,488,26695,-633,0x14a,1,1,1,-39,0,331,330,330
516,0,1,0,0,0,1,1,1,1,0x14c,-1004,309,0,496,28693,-440,0x14b,1,1,1,-688,0,332,331,331
517,0,1,0,0,0,1,0,0,0,0x14c,-1004,309,0,496,28693,-440,0x14c,1,0,0,-34,0,333,332,332
518,0,1,0,0,0,1,1,1,1,0x14d,-9413,-831,0,365,5989,-861,0x14c,1,1,1,-34,0,333,332,332
519,0,1,0,0,0,1,0,1,0,0x14d,-9413,-831,0,365,5989,-861,0x14d,1,1,1,174,0,334,333,333
520,0,1,0,0,0,1,1,1,1,0x14e,-3598,146,0,456,19282,-1059,0x14d,0,1,0,174,0,334,334,334
521,0,1,0,0,0,1,1,0,0,0x14f,-2349,-2066,0,475,23551,-845,0x14e,1,0,0,-38,0,335,334,334
522,0,1,0,0,0,1,1,1,1,0x14f,-2349,-2066,0,475,23551,-845,0x14e,1,1,1,-38,0,335,334,334
523,0,1,0,0,0,1,1,1,1,0x150,2105,-1888,0,545,41034,1318,0x14f,1,1,1,426,0,336,335,335
524,0,1,0,0,0,1,1,1,1,0x151,2413,2326,0,550,42220,1554,0x150,1,1,1,-608,0,337,336,336
525,0,1,0,0,0,1,1,1,1,0x152,-933,-574,0,497,28945,-413,0x151,1,1,1,882,0,338,337,337
526,0,1,0,0,0,1,1,1,1,0x153,-2360,149,0,475,23551,-849,0x152,1,1,1,57,0,339,338,338
527,0,1,0,0,0,1,0,1,0,0x153,-2360,149,0,475,23551,-849,0x153,1,1,1,-31,0,340,339,339
528,0,1,0,0,0,1,1,1,1,0x154,-10060,1441,0,355,5191,-797,0x153,0,0,0,-31,0,340,340,340
529,0,1,0,0,0,1,1,1,1,0x155,-681,-711,0,501,29959,-312,0x154,1,1,1,-281,0,341,340,340
530,0,1,0,0,0,1,1,1,1,0x156,-1358,-261,0,491,27440,-569,0x155,1,1,1,54,0,342,341,341
531,0,1,0,0,0,1,1,1,1,0x157,-1351,1943,0,491,27440,-566,0x156,1,1,1,36,0,343,342,342
532,0,1,0,0,0,1,0,1,0,0x157,-1351,1943,0,491,27440,-566,0x157,1,1,1,-269,0,344,343,343
533,0,1,0,0,0,1,1,1,1,0x158,-3616,-269,0,456,19282,-1064,0x157,0,1,0,-269,0,344,344,344
534,0,1,0,0,0,1,1,1,1,0x159,-9218,754,0,368,6249,-879,0x158,1,1,1,69,0,345,344,344
535,0,1,0,0,0,1,1,0,0,0x15a,-2257,1227,0,477,24025,-828,0x159,1,0,0,-162,0,346,345,345
536,0,1,0,0,0,1,1,1,1,0x15a,-2257,1227,0,477,24025,-828,0x159,1,1,1,-162,0,346,345,345
537,0,1,0,0,0,1,0,1,0,0x15a,-2257,1227,0,477,24025,-828,0x15a,1,1,1,-249,0,347,346,346
538,0,1,0,0,0,1,1,1,1,0x15b,-411,899,0,506,31233,-196,0x15a,0,1,0,-249,0,347,347,347
539,0,1,0,0,0,1,1,1,1,0x15c,-9066,-525,0,370,6428,-890,0x15b,1,1,1,-44,0,348,347,347
540,0,1,0,0,0,1,1,0,0,0x15d,-8443,-316,0,380,7392,-953,0x15c,1,0,0,114,0,349,348,348
541,0,1,0,0,0,1,1,1,1,0x15d,-8443,-316,0,380,7392,-953,0x15c,1,1,1,114,0,349,348,348
542,0,1,0,0,0,1,0,0,0,0x15d,-8443,-316,0,380,7392,-953,0x15d,1,0,0,73,0,350,349,349
543,0,1,0,0,0,1,1,1,1,0x15e,98,-957,0,514,33280,49,0x15d,1,1,1,73,0,350,349,349
544,0,1,0,0,0,1,1,1,1,0x15f,-3204,-57,0,462,20582,-1007,0x15e,1,1,1,-12,0,351,350,350
545,0,1,0,0,0,1,1,1,1,0x160,-10174,-461,0,353,5044,-784,0x15f,1,1,1,14,0,352,351,351
546,0,1,0,0,0,1,1,1,1,0x161,-5956,-1043,0,419,12420,-1129,0x160,1,1,1,88,0,353,352,352
547,0,1,0,0,0,1,0,1,0,0x161,-5956,-1043,0,419,12420,-1129,0x161,1,1,1,287,0,354,353,353
548,0,1,0,0,0,1,1,1,1,0x162,-626,-2502,0,502,30213,-289,0x161,0,1,0,287,0,354,354,354
549,0,1,0,0,0,1,1,0,0,0x163,-13511,939,0,301,2338,-483,0x162,1,0,0,176,0,355,354,354
550,0,1,0,0,0,1,1,1,1,0x163,-13511,939,0,301,2338,-483,0x162,1,1,1,176,0,355,354,354
551,0,1,0,0,0,1,1,1,1,0x164,-6400,180,0,412,11357,-1110,0x163,1,1,1,-111,0,356,355,355
552,0,1,0,0,0,1,0,1,0,0x164,-6400,180,0,412,11357,-1110,0x164,1,1,1,-49,0,357,356,356
553,0,1,0,0,0,1,0,1,0,0x164,-6400,180,0,412,11357,-1110,0x164,0,1,0,-49,0,357,357,357
554,0,1,0,0,0,1,1,1,1,0x165,-2280,2426,0,476,23788,-828,0x164,0,1,0,-49,0,357,357,357
555,0,1,0,0,0,1,1,1,1,0x166,-6743,1463,0,407,10642,-1095,0x165,1,1,1,-491,0,358,357,357
556,0,1,0,0,0,1,1,0,0,0x167,-6079,-109,0,417,12109,-1124,0x166,1,0,0,-392,0,359,358,358
557,0,1,0,0,0,1,1,1,1,0x167,-6079,-109,0,417,12109,-1124,0x166,1,1,1,-392,0,359,358,358
558,0,1,0,0,0,1,1,1,1,0x168,-4667,-646,0,439,15873,-1131,0x167,1,1,1,29,0,360,359,359
559,0,1,0,0,0,1,1,1,1,0x169,-3185,3215,0,462,20582,-1001,0x168,1,1,1,178,0,361,360,360
560,0,1,0,0,0,1,1,1,1,0x16a,-2124,1687,0,479,24502,-795,0x169,1,1,1,-786,0,362,361,361
561,0,1,0,0,0,1,1,1,1,0x16b,-494,2742,0,504,30723,-232,0x16a,1,1,1,-328,0,363,362,362
562,0,1,0,0,0,1,0,1,0,0x16b,-494,2742,0,504,30723,-232,0x16b,1,1,1,-156,0,364,363,363
563,0,1,0,0,0,1,1,1,1,0x16c,-1447,303,0,489,26943,-595,0x16b,0,0,0,-156,0,364,364,364
564,0,1,0,0,0,1,1,1,1,0x16d,-1051,-2044,0,496,28693,-461,0x16c,1,1,1,-45,0,365,364,364
565,0,1,0,0,0,1,1,1,1,0x16e,-2209,1109,0,477,24025,-810,0x16d,1,1,1,230,0,366,365,365
566,0,1,0,0,0,1,1,1,1,0x16f,-3623,449,0,455,19070,-1055,0x16e,1,1,1,-220,0,367,366,366
567,0,1,0,0,0,1,0,1,0,0x16f,-3623,449,0,455,19070,-1055,0x16f,1,1,1,-116,0,368,367,367
568,0,1,0,0,0,1,1,1,1,0x170,-6925,1611,0,404,10230,-1081,0x16f,0,1,0,-116,0,368,368,368
569,0,1,0,0,0,1,1,1,1,0x171,-4182,1543,0,447,17425,-1112,0x170,1,1,1,-426,0,369,368,368
570,0,1,0,0,0,1,0,0,0,0x171,-4182,1543,0,447,17425,-1112,0x171,1,0,0,-419,0,370,369,369
571,0,1,0,0,0,1,1,1,1,0x172,-4803,1169,0,437,15500,-1136,0x171,1,1,1,-419,0,370,369,369
572,0,1,0,0,0,1,0,1,0,0x172,-4803,1169,0,437,15500,-1136,0x172,1,1,1,-325,0,371,370,370
573,0,1,0,0,0,1,1,1,1,0x173,-4506,123,0,442,16444,-1131,0x172,0,1,0,-325,0,371,371,371
574,0,1,0,0,0,1,1,1,1,0x174,-10514,268,0,348,4692,-753,0x173,1,1,1,-34,0,372,371,371
575,0,1,0,0,0,1,1,1,1,0x175,-8655,334,0,377,7090,-937,0x174,1,1,1,-50,0,373,372,372
576,0,1,0,0,0,1,1,1,1,0x176,-9934,657,0,357,5342,-810,0x175,1,1,1,-77,0,374,373,373
577,0,1,0,0,0,1,0,0,0,0x176,-9934,657,0,357,5342,-810,0x176,1,0,0,-130,0,375,374,374
578,0,1,0,0,0,1,1,1,1,0x177,2760,-531,0,555,43380,1826,0x176,1,1,1,-130,0,375,374,374
579,0,1,0,0,0,1,1,1,1,0x178,-645,-254,0,502,30213,-298,0x177,1,1,1,-237,0,376,375,375
580,0,1,0,0,0,1,1,1,1,0x179,-1459,854,0,489,26943,-600,0x178,1,1,1,18,0,377,376,376
581,0,1,0,0,0,1,1,1,1,0x17a,-983,516,0,497,28945,-435,0x179,1,1,1,-126,0,378,377,377
582,0,1,0,0,0,1,0,1,0,0x17a,-983,516,0,497,28945,-435,0x17a,1,1,1,-55,0,379,378,378
583,0,1,0,0,0,1,1,1,1,0x17b,-3977,-300,0,450,18031,-1095,0x17a,0,1,0,-55,0,379,379,379
584,0,1,0,0,0,1,1,0,0,0x17c,-2243,790,0,477,24025,-823,0x17b,1,0,0,80,0,380,379,379
585,0,1,0,0,0,1,1,1,1,0x17c,-2243,790,0,477,24025,-823,0x17b,1,1,1,80,0,380,379,379
586,0,1,0,0,0,1,1,0,0,0x17d,-7421,56,0,396,9197,-1042,0x17c,1,0,0,-159,0,381,380,380
587,0,1,0,0,0,1,1,1,1,0x17d,-7421,56,0,396,9197,-1042,0x17c,1,1,1,-159,0,381,380,380
588,0,1,0,0,0,1,1,1,1,0x17e,-5669,-40,0,423,13062,-1130,0x17d,1,1,1,-15,0,382,381,381
589,0,1,0,0,0,1,1,1,1,0x17f,-3681,-688,0,454,18859,-1060,0x17e,1,1,1,11,0,383,382,382
590,0,1,0,0,0,1,1,1,1,0x180,-5022,-207,0,434,14952,-1146,0x17f,1,1,1,178,0,384,383,383
591,0,1,0,0,0,1,1,0,0,0x181,-1125,311,0,494,28190,-484,0x180,1,0,0,57,0,385,384,384
592,0,1,0,0,0,1,1,1,1,0x181,-1125,311,0,494,28190,-484,0x180,1,1,1,57,0,385,384,384
593,0,1,0,0,0,1,1,1,1,0x182,-2570,-1164,0,472,22849,-897,0x181,1,1,1,-37,0,386,385,385
594,0,1,0,0,0,1,1,1,1,0x183,-9529,802,0,363,5821,-847,0x182,1,1,1,254,0,387,386,386
595,0,1,0,0,0,1,1,1,1,0x184,481,3913,0,520,34813,255,0x183,1,1,1,-166,0,388,387,387
596,0,1,0,0,0,1,1,1,1,0x185,-332,441,0,507,31489,-160,0x184,1,1,1,243,0,389,388,388
597,0,1,0,0,0,1,0,1,0,0x185,-332,441,0,507,31489,-160,0x185,1,1,1,-18,0,390,389,389
598,0,1,0,0,0,1,1,1,1,0x186,-3548,-389,0,457,19495,-1056,0x185,0,0,0,-18,0,390,390,390
599,0,1,0,0,0,1,1,1,1,0x187,-1456,-212,0,489,26943,-599,0x186,1,1,1,100,0,391,390,390
600,0,1,0,0,0,1,1,1,1,0x188,-1081,675,0,495,28441,-470,0x187,1,1,1,31,0,392,391,391
601,0,1,0,0,0,1,1,1,1,0x189,-788,1356,0,500,29705,-358,0x188,1,1,1,-78,0,393,392,392
602,0,1,0,0,0,1,0,1,0,0x189,-788,1356,0,500,29705,-358,0x189,1,1,1,-119,0,394,393,393
603,0,1,0,0,0,1,1,1,1,0x18a,-10491,101,0,348,4692,-752,0x189,0,1,0,-119,0,394,394,394
604,0,1,0,0,0,1,0,1,0,0x18a,-10491,101,0,348,4692,-752,0x18a,1,1,1,-19,0,395,394,394
605,0,1,0,0,0,1,1,1,1,0x18b,-4599,527,0,440,16062,-1128,0x18a,0,0,0,-19,0,395,395,395
606,0,1,0,0,0,1,1,1,1,0x18c,-2480,-20,0,473,23082,-874,0x18b,1,1,1,-146,0,396,395,395
607,0,1,0,0,0,1,0,1,0,0x18c,-2480,-20,0,473,23082,-874,0x18c,1,1,1,4,0,397,396,396
608,0,1,0,0,0,1,1,1,1,0x18d,-5542,1045,0,425,13392,-1133,0x18c,0,1,0,4,0,397,397,397
609,0,1,0,0,0,1,1,0,0,0x18e,-2463,-1400,0,474,23316,-877,0x18d,1,0,0,-290,0,398,397,397
610,0,1,0,0,0,1,1,1,1,0x18e,-2463,-1400,0,474,23316,-877,0x18d,1,1,1,-290,0,398,397,397
611,0,1,0,0,0,1,1,1,1,0x18f,-3399,-1590,0,459,19926,-1034,0x18e,1,1,1,299,0,399,398,398
612,0,1,0,0,0,1,0,0,0,0x18f,-3399,-1590,0,459,19926,-1034,0x18f,1,0,0,401,0,400,399,399
613,0,1,0,0,0,1,1,1,1,0x190,1591,1199,0,537,39088,948,0x18f,1,1,1,401,0,400,399,399
614,0,1,0,0,0,1,1,1,1,0x191,-719,2141,0,501,29959,-329,0x190,1,1,1,277,0,401,400,400
615,0,1,0,0,0,1,1,1,1,0x192,-4370,1203,0,444,16832,-1123,0x191,1,1,1,-172,0,402,401,401
616,0,1,0,0,0,1,1,1,1,0x193,-5268,664,0,430,14243,-1145,0x192,1,1,1,-330,0,403,402,402
617,0,1,0,0,0,1,0,1,0,0x193,-5268,664,0,430,14243,-1145,0x193,1,1,1,-186,0,404,403,403
618,0,1,0,0,0,1,1,1,1,0x194,-4694,903,0,439,15873,-1137,0x193,0,1,0,-186,0,404,404,404
619,0,1,0,0,0,1,1,0,0,0x195,-4731,-417,0,438,15686,-1133,0x194,1,0,0,-251,0,405,404,404
620,0,1,0,0,0,1,1,1,1,0x195,-4731,-417,0,438,15686,-1133,0x194,1,1,1,-251,0,405,404,404
621,0,1,0,0,0,1,0,1,0,0x195,-4731,-417,0,438,15686,-1133,0x195,1,1,1,115,0,406,405,405
622,0,1,0,0,0,1,0,1,0,0x195,-4731,-417,0,438,15686,-1133,0x195,0,1,0,115,0,406,406,406
623,0,1,0,0,0,1,1,1,1,0x196,-10502,-928,0,348,4692,-752,0x195,0,1,0,115,0,406,406,406
624,0,1,0,0,0,1,1,1,1,0x197,-6419,-1365,0,412,11357,-1113,0x196,1,1,1,170,0,407,406,406
625,0,1,0,0,0,1,1,1,1,0x198,-6418,-431,0,412,11357,-1113,0x197,1,1,1,370,0,408,407,407
626,0,1,0,0,0,1,1,0,0,0x199,-3748,-434,0,453,18650,-1067,0x198,1,0,0,117,0,409,408,408
627,0,1,0,0,0,1,1,1,1,0x199,-3748,-434,0,453,18650,-1067,0x198,1,1,1,117,0,409,408,408
628,0,1,0,0,0,1,1,1,1,0x19a,-6636,-276,0,408,10782,-1092,0x199,1,1,1,113,0,410,409,409
629,0,1,0,0,0,1,1,1,1,0x19b,-3523,-1633,0,457,19495,-1048,0x19a,1,1,1,73,0,411,410,410
630,0,1,0,0,0,1,1,1,1,0x19c,-2445,-882,0,474,23316,-870,0x19b,1,1,1,417,0,412,411,411
631,0,1,0,0,0,1,1,1,1,0x19d,-2027,2285,0,480,24743,-766,0x19c,1,1,1,187,0,413,412,412
632,0,1,0,0,0,1,0,0,0,0x19d,-2027,2285,0,480,24743,-766,0x19d,1,0,0,-428,0,414,413,413
633,0,1,0,0,0,1,1,0,0,0x19e,-1711,175,0,485,25957,-678,0x19d,1,0,0,-428,0,414,413,413
634,0,1,0,0,0,1,1,1,1,0x19e,-1711,175,0,485,25957,-678,0x19d,1,1,1,-428,0,414,413,413
635,0,1,0,0,0,1,1,1,1,0x19f,-6407,-393,0,412,11357,-1111,0x19e,1,1,1,-29,0,415,414,414
636,0,1,0,0,0,1,1,1,1,0x1a0,-1540,-457,0,488,26695,-628,0x19f,1,1,1,106,0,416,415,415
637,0,1,0,0,0,1,0,1,0,0x1a0,-1540,-457,0,488,26695,-628,0x1a0,1,1,1,70,0,417,416,416
638,0,1,0,0,0,1,0,1,0,0x1a0,-1540,-457,0,488,26695,-628,0x1a0,0,1,0,70,0,417,417,417
639,0,1,0,0,0,1,1,1,1,0x1a1,41,947,0,513,33024,20,0x1a0,0,1,0,70,0,417,417,417
640,0,1,0,0,0,1,1,0,0,0x1a2,-1128,-127,0,494,28190,-486,0x1a1,1,0,0,4,0,418,417,417
641,0,1,0,0,0,1,1,1,1,0x1a2,-1128,-127,0,494,28190,-486,0x1a1,1,1,1,4,0,418,417,417
642,0,1,0,0,0,1,0,1,0,0x1a2,-1128,-127,0,494,28190,-486,0x1a2,1,1,1,15,0,419,418,418
643,0,1,0,0,0,1,1,1,1,0x1a3,-5772,-546,0,422,12899,-1137,0x1a2,0,1,0,15,0,419,419,419
644,0,1,0,0,0,1,1,1,1,0x1a4,440,-285,0,519,34558,232,0x1a3,1,1,1,151,0,420,419,419
645,0,1,0,0,0,1,1,1,1,0x1a5,-7235,-417,0,399,9574,-1057,0x1a4,1,1,1,-17,0,421,420,420
646,0,1,0,0,0,1,1,1,1,0x1a6,-650,1102,0,502,30213,-300,0x1a5,1,1,1,107,0,422,421,421
647,0,1,0,0,0,1,0,0,0,0x1a6,-650,1102,0,502,30213,-300,0x1a6,1,0,0,-81,0,423,422,422
648,0,1,0,0,0,1,1,1,1,0x1a7,-1549,-1263,0,488,26695,-631,0x1a6,1,1,1,-81,0,423,422,422
649,0,1,0,0,0,1,1,1,1,0x1a8,1620,1867,0,537,39088,966,0x1a7,1,1,1,194,0,424,423,423
650,0,1,0,0,0,1,1,1,1,0x1a9,-1962,-317,0,481,24984,-748,0x1a8,1,1,1,440,0,425,424,424
651,0,1,0,0,0,1,1,1,1,0x1aa,-1909,978,0,482,25226,-735,0x1a9,1,1,1,57,0,426,425,425
652,0,1,0,0,0,1,0,1,0,0x1aa,-1909,978,0,482,25226,-735,0x1aa,1,1,1,-176,0,427,426,426
653,0,1,0,0,0,1,1,1,1,0x1ab,-3224,120,0,462,20582,-1013,0x1aa,0,1,0,-176,0,427,427,427
654,0,1,0,0,0,1,1,0,0,0x1ac,-7323,-509,0,398,9447,-1056,0x1ab,1,0,0,-30,0,428,427,427
655,0,1,0,0,0,1,1,0,0,0x1ac,-7323,-509,0,398,9447,-1056,0x1ab,1,0,0,-30,0,428,427,427
656,0,1,0,0,0,1,1,1,1,0x1ac,-7323,-509,0,398,9447,-1056,0x1ab,1,1,1,-30,0,428,427,427
657,0,1,0,0,0,1,0,1,0,0x1ac,-7323,-509,0,398,9447,-1056,0x1ac,1,1,1,131,0,429,428,428
658,0,1,0,0,0,1,1,1,1,0x1ad,-8691,1375,0,376,6992,-928,0x1ac,0,1,0,131,0,429,429,429
659,0,1,0,0,0,1,1,1,1,0x1ae,-13110,-1689,0,307,2559,-512,0x1ad,1,1,1,-312,0,430,429,429
660,0,1,0,0,0,1,1,1,1,0x1af,-8317,-956,0,382,7600,-965,0x1ae,1,1,1,211,0,431,430,430
661,0,1,0,0,0,1,1,0,0,0x1b0,-2274,-1010,0,476,23788,-826,0x1af,1,0,0,225,0,432,431,431
662,0,1,0,0,0,1,1,1,1,0x1b0,-2274,-1010,0,476,23788,-826,0x1af,1,1,1,225,0,432,431,431
663,0,1,0,0,0,1,1,1,1,0x1b1,-1097,328,0,495,28441,-477,0x1b0,1,1,1,203,0,433,432,432
664,0,1,0,0,0,1,1,1,1,0x1b2,-5908,1867,0,420,12579,-1134,0x1b1,1,1,1,-39,0,434,433,433
665,0,1,0,0,0,1,1,1,1,0x1b3,-986,-128,0,497,28945,-436,0x1b2,1,1,1,-517,0,435,434,434
666,0,1,0,0,0,1,1,1,1,0x1b4,-4891,-1801,0,436,15316,-1144,0x1b3,1,1,1,13,0,436,435,435
667,0,1,0,0,0,1,0,1,0,0x1b4,-4891,-1801,0,436,15316,-1144,0x1b4,1,1,1,503,0,437,436,436
668,0,1,0,0,0,1,1,1,1,0x1b5,-5871,-748,0,420,12579,-1127,0x1b4,0,0,0,503,0,437,437,437
669,0,1,0,0,0,1,1,1,1,0x1b6,844,-1248,0,525,36085,464,0x1b5,1,1,1,205,0,438,437,437
670,0,1,0,0,0,1,1,1,1,0x1b7,-3482,-620,0,458,19710,-1048,0x1b6,1,1,1,-142,0,439,438,438
671,0,1,0,0,0,1,1,1,1,0x1b8,-3145,911,0,463,20803,-999,0x1b7,1,1,1,158,0,440,439,439
672,0,1,0,0,0,1,0,1,0,0x1b8,-3145,911,0,463,20803,-999,0x1b8,1,1,1,-223,0,441,440,440
673,0,1,0,0,0,1,1,1,1,0x1b9,-1900,-1247,0,482,25226,-732,0x1b8,0,1,0,-223,0,441,441,441
674,0,1,0,0,0,1,1,1,1,0x1ba,-2179,2566,0,478,24263,-807,0x1b9,1,1,1,222,0,442,441,441
675,0,1,0,0,0,1,1,0,0,0x1bb,-3420,1117,0,459,19926,-1040,0x1ba,1,0,0,-506,0,443,442,442
676,0,1,0,0,0,1,1,1,1,0x1bb,-3420,1117,0,459,19926,-1040,0x1ba,1,1,1,-506,0,443,442,442
677,0,1,0,0,0,1,0,1,0,0x1bb,-3420,1117,0,459,19926,-1040,0x1bb,1,1,1,-284,0,444,443,443
678,0,1,0,0,0,1,1,1,1,0x1bc,-6299,1016,0,414,11653,-1121,0x1bb,0,0,0,-284,0,444,444,444
679,0,1,0,0,0,1,1,1,1,0x1bd,-4986,394,0,434,14952,-1138,0x1bc,1,1,1,-279,0,445,444,444
680,0,1,0,0,0,1,1,1,1,0x1be,-3562,-2129,0,456,19282,-1049,0x1bd,1,1,1,-110,0,446,445,445
681,0,1,0,0,0,1,1,1,1,0x1bf,-1719,-745,0,485,25957,-681,0x1be,1,1,1,545,0,447,446,446
682,0,1,0,0,0,1,0,0,0,0x1bf,-1719,-745,0,485,25957,-681,0x1bf,1,0,0,123,0,448,447,447
683,0,1,0,0,0,1,1,1,1,0x1c0,-7535,1910,0,394,8953,-1030,0x1bf,1,1,1,123,0,448,447,447
684,0,1,0,0,0,1,1,1,1,0x1c1,-2098,268,0,479,24502,-785,0x1c0,1,1,1,-481,0,449,448,448
685,0,1,0,0,0,1,1,1,1,0x1c2,-8433,1041,0,380,7392,-952,0x1c1,1,1,1,-52,0,450,449,449
686,0,1,0,0,0,1,1,1,1,0x1c3,-1938,321,0,482,25226,-746,0x1c2,1,1,1,-242,0,451,450,450
687,0,1,0,0,0,1,0,1,0,0x1c3,-1938,321,0,482,25226,-746,0x1c3,1,1,1,-59,0,452,451,451
688,0,1,0,0,0,1,1,1,1,0x1c4,-2946,1225,0,466,21474,-966,0x1c3,0,1,0,-59,0,452,452,452
689,0,1,0,0,0,1,0,0,0,0x1c4,-2946,1225,0,466,21474,-966,0x1c4,1,0,0,-289,0,453,452,452
690,0,1,0,0,0,1,1,1,1,0x1c5,-2149,-138,0,478,24263,-796,0x1c4,1,1,1,-289,0,453,452,452
691,0,1,0,0,0,1,1,1,1,0x1c6,995,-1252,0,528,36843,559,0x1c5,1,1,1,26,0,454,453,453
692,0,1,0,0,0,1,0,1,0,0x1c6,995,-1252,0,528,36843,559,0x1c6,1,1,1,-171,0,455,454,454
693,0,1,0,0,0,1,1,1,1,0x1c7,-3781,-616,0,453,18650,-1076,0x1c6,0,1,0,-171,0,455,455,455
694,0,1,0,0,0,1,1,1,1,0x1c8,-4538,1049,0,441,16252,-1126,0x1c7,1,1,1,161,0,456,455,455
695,0,1,0,0,0,1,1,1,1,0x1c9,-1945,393,0,482,25226,-749,0x1c8,1,1,1,-289,0,457,456,456
696,0,1,0,0,0,1,1,0,0,0x1ca,-3494,655,0,457,19495,-1040,0x1c9,1,0,0,-72,0,458,457,457
697,0,1,0,0,0,1,1,1,1,0x1ca,-3494,655,0,457,19495,-1040,0x1c9,1,1,1,-72,0,458,457,457
698,0,1,0,0,0,1,1,1,1,0x1cb,-14493,155,0,286,1864,-413,0x1ca,1,1,1,-167,0,459,458,458
699,0,1,0,0,0,1,1,1,1,0x1cc,-3025,-340,0,465,21249,-981,0x1cb,1,1,1,-16,0,460,459,459
700,0,1,0,0,0,1,1,1,1,0x1cd,-1011,-637,0,496,28693,-443,0x1cc,1,1,1,81,0,461,460,460
701,0,1,0,0,0,1,1,0,0,0x1ce,-8850,688,0,374,6799,-919,0x1cd,1,0,0,68,0,462,461,461
702,0,1,0,0,0,1,1,1,1,0x1ce,-8850,688,0,374,6799,-919,0x1cd,1,1,1,68,0,462,461,461
703,0,1,0,0,0,1,1,0,0,0x1cf,-5635,-364,0,424,13226,-1138,0x1ce,1,0,0,-155,0,463,462,462
704,0,1,0,0,0,1,1,1,1,0x1cf,-5635,-364,0,424,13226,-1138,0x1ce,1,1,1,-155,0,463,462,462
705,0,1,0,0,0,1,1,1,1,0x1d0,-261,56,0,508,31744,-127,0x1cf,1,1,1,101,0,464,463,463
706,0,1,0,0,0,1,0,1,0,0x1d0,-261,56,0,508,31744,-127,0x1d0,1,1,1,-2,0,465,464,464
707,0,1,0,0,0,1,0,1,0,0x1d0,-261,56,0,508,31744,-127,0x1d0,0,1,0,-2,0,465,465,465
708,0,1,0,0,0,1,1,1,1,0x1d1,-9996,908,0,356,5266,-804,0x1d0,0,1,0,-2,0,465,465,465
709,0,1,0,0,0,1,1,1,1,0x1d2,-2800,-1919,0,468,21928,-937,0x1d1,1,1,1,-179,0,466,465,465
710,0,1,0,0,0,1,1,0,0,0x1d3,-3619,-349,0,455,19070,-1054,0x1d2,1,0,0,438,0,467,466,466
711,0,1,0,0,0,1,1,1,1,0x1d3,-3619,-349,0,455,19070,-1054,0x1d2,1,1,1,438,0,467,466,466
712,0,1,0,0,0,1,0,1,0,0x1d3,-3619,-349,0,455,19070,-1054,0x1d3,1,1,1,89,0,468,467,467
713,0,1,0,0,0,1,1,1,1,0x1d4,-906,4651,0,498,29198,-404,0x1d3,0,1,0,89,0,468,468,468
714,0,1,0,0,0,1,1,1,1,0x1d5,-1560,-1246,0,488,26695,-636,0x1d4,1,1,1,-459,0,469,468,468
715,0,1,0,0,0,1,1,1,1,0x1d6,-83,-823,0,511,32512,-42,0x1d5,1,1,1,193,0,470,469,469
716,0,1,0,0,0,1,1,1,1,0x1d7,-4219,821,0,446,17226,-1109,0x1d6,1,1,1,8,0,471,470,470
717,0,1,0,0,0,1,0,0,0,0x1d7,-4219,821,0,446,17226,-1109,0x1d7,1,0,0,-223,0,472,471,471
718,0,1,0,0,0,1,1,1,1,0x1d8,-1867,1743,0,483,25468,-726,0x1d7,1,1,1,-223,0,472,471,471
719,0,1,0,0,0,1,1,1,1,0x1d9,-5634,347,0,424,13226,-1138,0x1d8,1,1,1,-309,0,473,472,472
720,0,1,0,0,0,1,1,1,1,0x1da,-10766,894,0,344,4427,-728,0x1d9,1,1,1,-97,0,474,473,473
721,0,1,0,0,0,1,1,1,1,0x1db,-2773,-2402,0,469,22156,-938,0x1da,1,1,1,-159,0,475,474,474
722,0,1,0,0,0,1,0,1,0,0x1db,-2773,-2402,0,469,22156,-938,0x1db,1,1,1,550,0,476,475,475
723,0,1,0,0,0,1,0,1,0,0x1db,-2773,-2402,0,469,22156,-938,0x1db,0,1,0,550,0,476,476,476
724,0,1,0,0,0,1,1,1,1,0x1dc,-12799,2634,0,312,2758,-539,0x1db,0,0,0,550,0,476,476,476
725,0,1,0,0,0,1,1,1,1,0x1dd,-4602,214,0,440,16062,-1128,0x1dc,1,1,1,-347,0,477,476,476
726,0,1,0,0,0,1,1,1,1,0x1de,-4538,-838,0,441,16252,-1126,0x1dd,1,1,1,-59,0,478,477,477
727,0,1,0,0,0,1,0,1,0,0x1de,-4538,-838,0,441,16252,-1126,0x1de,1,1,1,230,0,479,478,478
728,0,1,0,0,0,1,1,1,1,0x1df,-1549,120,0,488,26695,-631,0x1de,0,1,0,230,0,479,479,479
729,0,1,0,0,0,1,1,1,1,0x1e0,-164,-694,0,509,32000,-81,0x1df,1,1,1,-19,0,480,479,479
730,0,1,0,0,0,1,1,1,1,0x1e1,-414,843,0,506,31233,-198,0x1e0,1,1,1,13,0,481,480,480
731,0,1,0,0,0,1,1,0,0,0x1e2,-713,-1175,0,501,29959,-326,0x1e1,1,0,0,-41,0,482,481,481
732,0,1,0,0,0,1,1,1,1,0x1e2,-713,-1175,0,501,29959,-326,0x1e1,1,1,1,-41,0,482,481,481
733,0,1,0,0,0,1,1,1,1,0x1e3,-6054,388,0,417,12109,-1119,0x1e2,1,1,1,93,0,483,482,482
734,0,1,0,0,0,1,1,1,1,0x1e4,-4166,148,0,447,17425,-1108,0x1e3,1,1,1,-106,0,484,483,483
735,0,1,0,0,0,1,1,1,1,0x1e5,-2649,-191,0,471,22617,-915,0x1e4,1,1,1,-41,0,485,484,484
736,0,1,0,0,0,1,1,1,1,0x1e6,-1763,-210,0,484,25712,-692,0x1e5,1,1,1,42,0,486,485,485
737,0,1,0,0,0,1,0,1,0,0x1e6,-1763,-210,0,484,25712,-692,0x1e6,1,1,1,35,0,487,486,486
738,0,1,0,0,0,1,1,1,1,0x1e7,-7117,-447,0,401,9832,-1068,0x1e6,0,0,0,35,0,487,487,487
739,0,1,0,0,0,1,1,1,1,0x1e8,-46,-599,0,511,32512,-23,0x1e7,1,1,1,116,0,488,487,487
740,0,1,0,0,0,1,0,1,0,0x1e8,-46,-599,0,511,32512,-23,0x1e8,1,1,1,3,0,489,488,488
741,0,1,0,0,0,1,1,1,1,0x1e9,-4195,-1318,0,446,17226,-1103,0x1e8,0,1,0,3,0,489,489,489
742,0,1,0,0,0,1,0,1,0,0x1e9,-4195,-1318,0,446,17226,-1103,0x1e9,1,1,1,354,0,490,489,489
743,0,1,0,0,0,1,1,1,1,0x1ea,-831,1013,0,499,29451,-374,0x1e9,0,1,0,354,0,490,490,490
744,0,1,0,0,0,1,1,1,1,0x1eb,-11758,-1691,0,328,3500,-628,0x1ea,1,1,1,-93,0,491,490,490
745,0,1,0,0,0,1,1,0,0,0x1ec,-2947,734,0,466,21474,-966,0x1eb,1,0,0,259,0,492,491,491
746,0,1,0,0,0,1,1,1,1,0x1ec,-2947,734,0,466,21474,-966,0x1eb,1,1,1,259,0,492,491,491
747,0,1,0,0,0,1,0,0,0,0x1ec,-2947,734,0,466,21474,-966,0x1ec,1,0,0,-174,0,493,492,492
748,0,1,0,0,0,1,1,1,1,0x1ed,-2339,-691,0,475,23551,-841,0x1ec,1,1,1,-174,0,493,492,492
749,0,1,0,0,0,1,1,1,1,0x1ee,-10035,260,0,355,5191,-795,0x1ed,1,1,1,141,0,494,493,493
750,0,1,0,0,0,1,1,1,1,0x1ef,-7217,1384,0,399,9574,-1055,0x1ee,1,1,1,-51,0,495,494,494
751,0,1,0,0,0,1,1,1,1,0x1f0,-11704,712,0,329,3552,-635,0x1ef,1,1,1,-357,0,496,495,495
752,0,1,0,0,0,1,0,0,0,0x1f0,-11704,712,0,329,3552,-635,0x1f0,1,0,0,-111,0,497,496,496
753,0,1,0,0,0,1,1,1,1,0x1f1,-335,-1753,0,507,31489,-161,0x1f0,1,1,1,-111,0,497,496,496
754,0,1,0,0,0,1,1,1,1,0x1f2,4424,301,0,581,48899,3300,0x1f1,1,1,1,68,0,498,497,497
755,0,1,0,0,0,1,1,1,1,0x1f3,-1654,1298,0,486,26202,-662,0x1f2,1,1,1,242,0,499,498,498
756,0,1,0,0,0,1,1,1,1,0x1f4,-13169,-830,0,306,2521,-507,0x1f3,1,1,1,-210,0,500,499,499
757,0,1,0,0,0,1,0,1,0,0x1f4,-13169,-830,0,306,2521,-507,0x1f4,1,1,1,102,0,501,500,500
758,0,1,0,0,0,1,1,1,1,0x1f5,-4140,1242,0,447,17425,-1101,0x1f4,0,1,0,102,0,501,501,501
759,0,1,0,0,0,1,1,0,0,0x1f6,-6779,-857,0,406,10503,-1087,0x1f5,1,0,0,-334,0,502,501,501
760,0,1,0,0,0,1,1,1,1,0x1f6,-6779,-857,0,406,10503,-1087,0x1f5,1,1,1,-334,0,502,501,501
761,0,1,0,0,0,1,1,1,1,0x1f7,-6983,994,0,403,10096,-1076,0x1f6,1,1,1,227,0,503,502,502
762,0,1,0,0,0,1,0,1,0,0x1f7,-6983,994,0,403,10096,-1076,0x1f7,1,1,1,-262,0,504,503,503
763,0,1,0,0,0,1,1,1,1,0x1f8,-2424,-1604,0,474,23316,-863,0x1f7,0,1,0,-262,0,504,504,504
764,0,1,0,0,0,1,1,1,1,0x1f9,-514,1131,0,504,30723,-241,0x1f8,1,1,1,337,0,505,504,504
765,0,1,0,0,0,1,1,1,1,0x1fa,-3955,-252,0,450,18031,-1089,0x1f9,1,1,1,-67,0,506,505,505
766,0,1,0,0,0,1,1,0,0,0x1fb,-10344,-1515,0,350,4830,-763,0x1fa,1,0,0,66,0,507,506,506
767,0,1,0,0,0,1,1,1,1,0x1fb,-10344,-1515,0,350,4830,-763,0x1fa,1,1,1,66,0,507,506,506
768,0,1,0,0,0,1,1,1,1,0x1fc,-5237,-2420,0,430,14243,-1139,0x1fb,1,1,1,282,0,508,507,507
769,0,1,0,0,0,1,1,1,1,0x1fd,-2542,679,0,472,22849,-887,0x1fc,1,1,1,672,0,509,508,508
770,0,1,0,0,0,1,1,0,0,0x1fe,-2595,-807,0,471,22617,-896,0x1fd,1,0,0,-148,0,510,509,509
771,0,1,0,0,0,1,1,1,1,0x1fe,-2595,-807,0,471,22617,-896,0x1fd,1,1,1,-148,0,510,509,509
772,0,1,0,0,0,1,0,1,0,0x1fe,-2595,-807,0,471,22617,-896,0x1fe,1,1,1,176,0,511,510,510
773,0,1,0,0,0,1,1,1,1,0x1ff,-2003,-1003,0,481,24984,-764,0x1fe,0,0,0,176,0,511,511,511
774,0,1,0,0,0,1,0,1,0,0x1ff,-2003,-1003,0,481,24984,-764,0x1ff,1,1,1,187,0,512,511,511
775,0,1,0,0,0,1,1,1,1,0x200,-7674,1081,0,392,8714,-1021,0x1ff,0,1,0,187,0,512,512,512
776,0,1,0,0,0,1,1,1,1,0x201,483,2768,0,520,34813,256,0x200,1,1,1,-270,0,513,512,512
777,0,1,0,0,0,1,0,1,0,0x201,483,2768,0,520,34813,256,0x201,1,1,1,173,0,514,513,513
778,0,1,0,0,0,1,1,1,1,0x202,-11917,-1006,0,326,3398,-618,0x201,0,1,0,173,0,514,514,514
779,0,1,0,0,0,1,1,1,1,0x203,-1621,-537,0,487,26448,-655,0x202,1,1,1,151,0,515,514,514
780,0,1,0,0,0,1,1,0,0,0x204,-1060,-46,0,495,28441,-461,0x203,1,0,0,85,0,516,515,515
781,0,1,0,0,0,1,1,1,1,0x204,-1060,-46,0,495,28441,-461,0x203,1,1,1,85,0,516,515,515
782,0,1,0,0,0,1,0,1,0,0x204,-1060,-46,0,495,28441,-461,0x204,1,1,1,5,0,517,516,516
783,0,1,0,0,0,1,1,1,1,0x205,-4776,-924,0,437,15500,-1130,0x204,0,1,0,5,0,517,517,517
784,0,1,0,0,0,1,1,1,1,0x206,-4111,1269,0,448,17625,-1106,0x205,1,1,1,254,0,518,517,517
785,0,1,0,0,0,1,1,1,1,0x207,-9498,-152,0,364,5904,-856,0x206,1,1,1,-343,0,519,518,518
786,0,1,0,0,0,1,1,1,1,0x208,-5824,1269,0,421,12738,-1132,0x207,1,1,1,31,0,520,519,519
787,0,1,0,0,0,1,0,0,0,0x208,-5824,1269,0,421,12738,-1132,0x208,1,0,0,-351,0,521,520,520
788,0,1,0,0,0,1,1,1,1,0x209,-8316,-277,0,382,7600,-965,0x208,1,1,1,-351,0,521,520,520
789,0,1,0,0,0,1,1,1,1,0x20a,-643,-1322,0,502,30213,-297,0x209,1,1,1,65,0,522,521,521
790,0,1,0,0,0,1,1,1,1,0x20b,71,-672,0,513,33024,35,0x20a,1,1,1,95,0,523,522,522
791,0,1,0,0,0,1,0,1,0,0x20b,71,-672,0,513,33024,35,0x20b,1,1,1,-6,0,524,523,523
792,0,1,0,0,0,1,0,1,0,0x20b,71,-672,0,513,33024,35,0x20b,0,1,0,-6,0,524,524,524
793,0,1,0,0,0,1,1,1,1,0x20c,-7043,-1016,0,402,9964,-1071,0x20b,0,0,0,-6,0,524,524,524
794,0,1,0,0,0,1,1,0,0,0x20d,-5729,-1036,0,422,12899,-1128,0x20c,1,0,0,265,0,525,524,524
795,0,1,0,0,0,1,1,1,1,0x20d,-5729,-1036,0,422,12899,-1128,0x20c,1,1,1,265,0,525,524,524
796,0,1,0,0,0,1,1,1,1,0x20e,-6485,-119,0,411,11211,-1110,0x20d,1,1,1,285,0,526,525,525
797,0,1,0,0,0,1,0,1,0,0x20e,-6485,-119,0,411,11211,-1110,0x20e,1,1,1,32,0,527,526,526
798,0,1,0,0,0,1,1,1,1,0x20f,-1780,-455,0,484,25712,-699,0x20e,0,1,0,32,0,527,527,527
799,0,1,0,0,0,1,1,1,1,0x210,-4660,458,0,439,15873,-1129,0x20f,1,1,1,77,0,528,527,527
800,0,1,0,0,0,1,1,1,1,0x211,-2157,-720,0,478,24263,-799,0x210,1,1,1,-127,0,529,528,528
801,0,1,0,0,0,1,1,0,0,0x212,-13869,-522,0,295,2136,-453,0x211,1,0,0,140,0,530,529,529
802,0,1,0,0,0,1,1,1,1,0x212,-13869,-522,0,295,2136,-453,0x211,1,1,1,140,0,530,529,529
803,0,1,0,0,0,1,1,1,1,0x213,-986,152,0,497,28945,-436,0x212,1,1,1,57,0,531,530,530
804,0,1,0,0,0,1,1,1,1,0x214,-2638,1046,0,471,22617,-911,0x213,1,1,1,-17,0,532,531,531
805,0,1,0,0,0,1,1,1,1,0x215,-2348,405,0,475,23551,-844,0x214,1,1,1,-233,0,533,532,532
806,0,1,0,0,0,1,1,1,1,0x216,-411,1172,0,506,31233,-196,0x215,1,1,1,-84,0,534,533,533
807,0,1,0,0,0,1,0,1,0,0x216,-411,1172,0,506,31233,-196,0x216,1,1,1,-57,0,535,534,534
808,0,1,0,0,0,1,0,1,0,0x216,-411,1172,0,506,31233,-196,0x216,0,0,0,-57,0,535,535,535
809,0,1,0,0,0,1,1,1,1,0x217,-5080,-1159,0,433,14773,-1146,0x216,0,1,0,-57,0,535,535,535
810,0,1,0,0,0,1,1,1,1,0x218,-2651,259,0,471,22617,-915,0x217,1,1,1,324,0,536,535,535
811,0,1,0,0,0,1,1,1,1,0x219,-3738,-6276,0,454,18859,-1076,0x218,1,1,1,-58,0,537,536,536
812,0,1,0,0,0,1,0,1,0,0x219,-3738,-6276,0,454,18859,-1076,0x219,1,1,1,1648,0,538,537,537
813,0,1,0,0,0,1,1,1,1,0x21a,-1311,-263,0,492,27689,-554,0x219,0,1,0,1648,0,538,538,538
814,0,1,0,0,0,1,1,1,1,0x21b,-3965,140,0,450,18031,-1091,0x21a,1,1,1,35,0,539,538,538
815,0,1,0,0,0,1,1,0,0,0x21c,-5196,-60,0,431,14418,-1144,0x21b,1,0,0,-38,0,540,539,539
816,0,1,0,0,0,1,1,0,0,0x21c,-5196,-60,0,431,14418,-1144,0x21b,1,0,0,-38,0,540,539,539
817,0,1,0,0,0,1,1,1,1,0x21c,-5196,-60,0,431,14418,-1144,0x21b,1,1,1,-38,0,540,539,539
818,0,1,0,0,0,1,1,1,1,0x21d,-2974,-714,0,466,21474,-975,0x21c,1,1,1,16,0,541,540,540
819,0,1,0,0,0,1,1,1,1,0x21e,-475,-785,0,505,30978,-225,0x21d,1,1,1,169,0,542,541,541
820,0,1,0,0,0,1,1,1,1,0x21f,-7175,1377,0,400,9702,-1063,0x21e,1,1,1,43,0,543,542,542
821,0,1,0,0,0,1,1,1,1,0x220,317,-566,0,517,34047,164,0x21f,1,1,1,-358,0,544,543,543
822,0,1,0,0,0,1,0,0,0,0x220,317,-566,0,517,34047,164,0x220,1,0,0,-23,0,545,544,544
823,0,1,0,0,0,1,1,1,1,0x221,-9268,-935,0,367,6161,-872,0x220,1,1,1,-23,0,545,544,544
824,0,1,0,0,0,1,1,1,1,0x222,79,-245,0,513,33024,39,0x221,1,1,1,199,0,546,545,545
825,0,1,0,0,0,1,0,1,0,0x222,79,-245,0,513,33024,39,0x222,1,1,1,-3,0,547,546,546
826,0,1,0,0,0,1,1,1,1,0x223,-3841,-1433,0,452,18442,-1081,0x222,0,1,0,-3,0,547,547,547
827,0,1,0,0,0,1,0,1,0,0x223,-3841,-1433,0,452,18442,-1081,0x223,1,1,1,378,0,548,547,547
828,0,1,0,0,0,1,1,1,1,0x224,-5263,124,0,430,14243,-1144,0x223,0,1,0,378,0,548,548,548
829,0,1,0,0,0,1,1,0,0,0x225,-5080,-786,0,433,14773,-1146,0x224,1,0,0,-35,0,549,548,548
830,0,1,0,0,0,1,1,1,1,0x225,-5080,-786,0,433,14773,-1146,0x224,1,1,1,-35,0,549,548,548
831,0,1,0,0,0,1,1,1,1,0x226,-4011,-2030,0,449,17827,-1092,0x225,1,1,1,219,0,550,549,549
832,0,1,0,0,0,1,0,1,0,0x226,-4011,-2030,0,449,17827,-1092,0x226,1,1,1,541,0,551,550,550
833,0,1,0,0,0,1,1,1,1,0x227,-4430,727,0,443,16637,-1125,0x226,0,1,0,541,0,551,551,551
834,0,1,0,0,0,1,1,1,1,0x228,-405,-393,0,506,31233,-194,0x227,1,1,1,-200,0,552,551,551
835,0,1,0,0,0,1,1,1,1,0x229,-13416,-1522,0,302,2374,-486,0x228,1,1,1,18,0,553,552,552
836,0,1,0,0,0,1,1,0,0,0x22a,-4659,35,0,439,15873,-1129,0x229,1,0,0,180,0,554,553,553
837,0,1,0,0,0,1,1,1,1,0x22a,-4659,35,0,439,15873,-1129,0x229,1,1,1,180,0,554,553,553
838,0,1,0,0,0,1,1,1,1,0x22b,-2373,-1449,0,475,23551,-853,0x22a,1,1,1,-10,0,555,554,554
839,0,1,0,0,0,1,1,0,0,0x22c,-9431,556,0,365,5989,-862,0x22b,1,0,0,301,0,556,555,555
840,0,1,0,0,0,1,1,1,1,0x22c,-9431,556,0,365,5989,-862,0x22b,1,1,1,301,0,556,555,555
841,0,1,0,0,0,1,1,1,1,0x22d,-1550,641,0,488,26695,-632,0x22c,1,1,1,-118,0,557,556,556
842,0,1,0,0,0,1,0,1,0,0x22d,-1550,641,0,488,26695,-632,0x22d,1,1,1,-99,0,558,557,557
843,0,1,0,0,0,1,1,1,1,0x22e,-8186,522,0,384,7812,-976,0x22d,0,0,0,-99,0,558,558,558
844,0,1,0,0,0,1,1,1,1,0x22f,-2237,1829,0,477,24025,-821,0x22e,1,1,1,-125,0,559,558,558
845,0,1,0,0,0,1,1,1,1,0x230,-2010,644,0,481,24984,-767,0x22f,1,1,1,-367,0,560,559,559
846,0,1,0,0,0,1,1,1,1,0x231,-5432,731,0,427,13728,-1138,0x230,1,1,1,-121,0,561,560,560
847,0,1,0,0,0,1,0,1,0,0x231,-5432,731,0,427,13728,-1138,0x231,1,1,1,-204,0,562,561,561
848,0,1,0,0,0,1,1,1,1,0x232,-2366,-587,0,475,23551,-851,0x231,0,1,0,-204,0,562,562,562
849,0,1,0,0,0,1,1,1,1,0x233,-527,-920,0,504,30723,-248,0x232,1,1,1,121,0,563,562,562
850,0,1,0,0,0,1,1,0,0,0x234,-6632,299,0,408,10782,-1092,0x233,1,0,0,55,0,564,563,563
851,0,1,0,0,0,1,1,1,1,0x234,-6632,299,0,408,10782,-1092,0x233,1,1,1,55,0,564,563,563
852,0,1,0,0,0,1,0,1,0,0x234,-6632,299,0,408,10782,-1092,0x234,1,1,1,-80,0,565,564,564
853,0,1,0,0,0,1,1,1,1,0x235,-7113,-1216,0,401,9832,-1068,0x234,0,1,0,-80,0,565,565,565
854,0,1,0,0,0,1,1,1,1,0x236,-3755,107,0,453,18650,-1069,0x235,1,1,1,317,0,566,565,565
855,0,1,0,0,0,1,1,1,1,0x237,-277,2333,0,508,31744,-135,0x236,1,1,1,-28,0,567,566,566
856,0,1,0,0,0,1,1,1,1,0x238,-3436,-1931,0,458,19710,-1034,0x237,1,1,1,-77,0,568,567,567
857,0,1,0,0,0,1,0,0,0,0x238,-3436,-1931,0,458,19710,-1034,0x238,1,0,0,487,0,569,568,568
858,0,1,0,0,0,1,1,1,1,0x239,-12120,-163,0,323,3250,-602,0x238,1,1,1,487,0,569,568,568
859,0,1,0,0,0,1,0,1,0,0x239,-12120,-163,0,323,3250,-602,0x239,1,1,1,23,0,570,569,569
860,0,1,0,0,0,1,1,1,1,0x23a,-6703,-1551,0,407,10642,-1089,0x239,0,1,0,23,0,570,570,570
861,0,1,0,0,0,1,1,1,1,0x23b,-1172,-1890,0,494,28190,-505,0x23a,1,1,1,412,0,571,570,570
862,0,1,0,0,0,1,0,0,0,0x23b,-1172,-1890,0,494,28190,-505,0x23b,1,0,0,233,0,572,571,571
863,0,1,0,0,0,1,1,1,1,0x23c,-2113,732,0,479,24502,-790,0x23b,1,1,1,233,0,572,571,571
864,0,1,0,0,0,1,1,0,0,0x23d,-2467,63,0,473,23082,-869,0x23c,1,0,0,-142,0,573,572,572
865,0,1,0,0,0,1,1,1,1,0x23d,-2467,63,0,473,23082,-869,0x23c,1,1,1,-142,0,573,572,572
866,0,1,0,0,0,1,1,1,1,0x23e,-3527,875,0,457,19495,-1050,0x23d,1,1,1,-14,0,574,573,573
867,0,1,0,0,0,1,0,1,0,0x23e,-3527,875,0,457,19495,-1050,0x23e,1,1,1,-225,0,575,574,574
868,0,1,0,0,0,1,1,1,1,0x23f,-2438,1669,0,474,23316,-868,0x23e,0,1,0,-225,0,575,575,575
869,0,1,0,0,0,1,1,1,1,0x240,-7455,264,0,396,9197,-1047,0x23f,1,1,1,-354,0,576,575,575
870,0,1,0,0,0,1,1,1,1,0x241,-223,-3737,0,509,32000,-109,0x240,1,1,1,-68,0,577,576,576
871,0,1,0,0,0,1,1,0,0,0x242,-3039,2971,0,465,21249,-986,0x241,1,0,0,99,0,578,577,577
872,0,1,0,0,0,1,1,1,1,0x242,-3039,2971,0,465,21249,-986,0x241,1,1,1,99,0,578,577,577
873,0,1,0,0,0,1,1,1,1,0x243,726,-1008,0,523,35577,394,0x242,1,1,1,-716,0,579,578,578
874,0,1,0,0,0,1,1,1,1,0x244,-3494,1075,0,457,19495,-1040,0x243,1,1,1,-97,0,580,579,579
875,0,1,0,0,0,1,1,1,1,0x245,-8339,-252,0,382,7600,-968,0x244,1,1,1,-273,0,581,580,580
876,0,1,0,0,0,1,0,1,0,0x245,-8339,-252,0,382,7600,-968,0x245,1,1,1,59,0,582,581,581
877,0,1,0,0,0,1,0,1,0,0x245,-8339,-252,0,382,7600,-968,0x245,0,1,0,59,0,582,582,582
878,0,1,0,0,0,1,1,1,1,0x246,-551,-272,0,503,30468,-257,0x245,0,0,0,59,0,582,582,582
879,0,1,0,0,0,1,1,1,1,0x247,-4940,3548,0,435,15134,-1141,0x246,1,1,1,17,0,583,582,582
880,0,1,0,0,0,1,1,1,1,0x248,-6067,201,0,417,12109,-1121,0x247,1,1,1,-989,0,584,583,583
881,0,1,0,0,0,1,1,1,1,0x249,126,-49,0,514,33280,63,0x248,1,1,1,-56,0,585,584,584
882,0,1,0,0,0,1,0,1,0,0x249,126,-49,0,514,33280,63,0x249,1,1,1,-1,0,586,585,585
883,0,1,0,0,0,1,1,1,1,0x24a,-8256,-604,0,383,7705,-971,0x249,0,1,0,-1,0,586,586,586
884,0,1,0,0,0,1,1,1,1,0x24b,-10813,607,0,343,4363,-720,0x24a,1,1,1,143,0,587,586,586
885,0,1,0,0,0,1,1,0,0,0x24c,-306,-2134,0,507,31489,-148,0x24b,1,0,0,-107,0,588,587,587
886,0,1,0,0,0,1,1,1,1,0x24c,-306,-2134,0,507,31489,-148,0x24b,1,1,1,-107,0,588,587,587
887,0,1,0,0,0,1,0,1,0,0x24c,-306,-2134,0,507,31489,-148,0x24c,1,1,1,77,0,589,588,588
888,0,1,0,0,0,1,1,1,1,0x24d,309,1001,0,517,34047,160,0x24c,0,1,0,77,0,589,589,589
889,0,1,0,0,0,1,1,1,1,0x24e,-7656,-1915,0,392,8714,-1018,0x24d,1,1,1,39,0,590,589,589
890,0,1,0,0,0,1,1,1,1,0x24f,-3171,1108,0,462,20582,-996,0x24e,1,1,1,475,0,591,590,590
891,0,1,0,0,0,1,1,1,1,0x250,-5754,-219,0,422,12899,-1133,0x24f,1,1,1,-270,0,592,591,591
892,0,1,0,0,0,1,0,0,0,0x250,-5754,-219,0,422,12899,-1133,0x250,1,0,0,60,0,593,592,592
893,0,1,0,0,0,1,0,1,0,0x250,-5754,-219,0,422,12899,-1133,0x250,1,1,1,60,0,593,592,592
894,0,1,0,0,0,1,1,1,1,0x251,-1788,926,0,484,25712,-702,0x250,0,1,0,60,0,593,593,593
895,0,1,0,0,0,1,1,1,1,0x252,-8965,1257,0,372,6611,-905,0x251,1,1,1,-159,0,594,593,593
896,0,1,0,0,0,1,1,1,1,0x253,954,688,0,527,36591,532,0x252,1,1,1,-278,0,595,594,594
897,0,1,0,0,0,1,0,1,0,0x253,954,688,0,527,36591,532,0x253,1,1,1,89,0,596,595,595
898,0,1,0,0,0,1,1,1,1,0x254,-5450,232,0,427,13728,-1142,0x253,0,1,0,89,0,596,596,596
899,0,1,0,0,0,1,1,0,0,0x255,-965,-375,0,497,28945,-427,0x254,1,0,0,-65,0,597,596,596
900,0,1,0,0,0,1,1,1,1,0x255,-965,-375,0,497,28945,-427,0x254,1,1,1,-65,0,597,596,596
901,0,1,0,0,0,1,1,1,1,0x256,-2978,486,0,465,21249,-966,0x255,1,1,1,39,0,598,597,597
902,0,1,0,0,0,1,0,1,0,0x256,-2978,486,0,465,21249,-966,0x256,1,1,1,-115,0,599,598,598
903,0,1,0,0,0,1,1,1,1,0x257,-10362,2072,0,350,4830,-764,0x256,0,1,0,-115,0,599,599,599
904,0,1,0,0,0,1,1,1,1,0x258,-2118,-12,0,479,24502,-792,0x257,1,1,1,-387,0,600,599,599
905,0,1,0,0,0,1,1,1,1,0x259,-7323,-623,0,398,9447,-1056,0x258,1,1,1,2,0,601,600,600
906,0,1,0,0,0,1,1,0,0,0x25a,-1715,-668,0,485,25957,-680,0x259,1,0,0,160,0,602,601,601
907,0,1,0,0,0,1,1,1,1,0x25a,-1715,-668,0,485,25957,-680,0x259,1,1,1,160,0,602,601,601
908,0,1,0,0,0,1,1,0,0,0x25b,-11275,-1645,0,336,3938,-678,0x25a,1,0,0,110,0,603,602,602
909,0,1,0,0,0,1,1,1,1,0x25b,-11275,-1645,0,336,3938,-678,0x25a,1,1,1,110,0,603,602,602
910,0,1,0,0,0,1,0,1,0,0x25b,-11275,-1645,0,336,3938,-678,0x25b,1,1,1,272,0,604,603,603
911,0,1,0,0,0,1,1,1,1,0x25c,-8260,26,0,383,7705,-972,0x25b,0,1,0,272,0,604,604,604
912,0,1,0,0,0,1,0,1,0,0x25c,-8260,26,0,383,7705,-972,0x25c,1,1,1,-7,0,605,604,604
913,0,1,0,0,0,1,1,1,1,0x25d,-2834,771,0,468,21928,-949,0x25c,0,0,0,-7,0,605,605,605
914,0,1,0,0,0,1,1,1,1,0x25e,-1174,1213,0,494,28190,-505,0x25d,1,1,1,-179,0,606,605,605
915,0,1,0,0,0,1,1,1,1,0x25f,-8741,-262,0,375,6895,-920,0x25e,1,1,1,-150,0,607,606,606
916,0,1,0,0,0,1,1,1,1,0x260,-1794,-675,0,484,25712,-704,0x25f,1,1,1,58,0,608,607,607
917,0,1,0,0,0,1,0,1,0,0x260,-1794,-675,0,484,25712,-704,0x260,1,1,1,116,0,609,608,608
918,0,1,0,0,0,1,1,1,1,0x261,-774,466,0,500,29705,-351,0x260,0,1,0,116,0,609,609,609
919,0,1,0,0,0,1,1,1,1,0x262,-2733,786,0,469,22156,-924,0x261,1,1,1,-40,0,610,609,609
920,0,1,0,0,0,1,1,0,0,0x263,-12117,975,0,323,3250,-601,0x262,1,0,0,-178,0,611,610,610
921,0,1,0,0,0,1,1,1,1,0x263,-12117,975,0,323,3250,-601,0x262,1,1,1,-178,0,611,610,610
922,0,1,0,0,0,1,0,1,0,0x263,-12117,975,0,323,3250,-601,0x263,1,1,1,-144,0,612,611,611
923,0,1,0,0,0,1,1,1,1,0x264,-2075,-682,0,480,24743,-784,0x263,0,1,0,-144,0,612,612,612
924,0,1,0,0,0,1,1,1,1,0x265,-5916,-122,0,420,12579,-1136,0x264,1,1,1,130,0,613,612,612
925,0,1,0,0,0,1,1,1,1,0x266,-2455,1885,0,474,23316,-874,0x265,1,1,1,33,0,614,613,613
926,0,1,0,0,0,1,1,1,1,0x267,620,1867,0,522,35323,334,0x266,1,1,1,-403,0,615,614,614
927,0,1,0,0,0,1,0,0,0,0x267,620,1867,0,522,35323,334,0x267,1,0,0,152,0,616,615,615
928,0,1,0,0,0,1,1,1,1,0x268,-3185,1481,0,462,20582,-1001,0x267,1,1,1,152,0,616,615,615
929,0,1,0,0,0,1,1,1,1,0x269,-9185,-43,0,368,6249,-876,0x268,1,1,1,-362,0,617,616,616
930,0,1,0,0,0,1,1,1,1,0x26a,-599,468,0,503,30468,-279,0x269,1,1,1,9,0,618,617,617
931,0,1,0,0,0,1,1,0,0,0x26b,-7216,1220,0,399,9574,-1055,0x26a,1,0,0,-32,0,619,618,618
932,0,1,0,0,0,1,1,1,1,0x26b,-7216,1220,0,399,9574,-1055,0x26a,1,1,1,-32,0,619,618,618
933,0,1,0,0,0,1,1,1,1,0x26c,-2113,-881,0,479,24502,-790,0x26b,1,1,1,-315,0,620,619,619
934,0,1,0,0,0,1,1,0,0,0x26d,-2851,-693,0,467,21700,-945,0x26c,1,0,0,169,0,621,620,620
935,0,1,0,0,0,1,1,1,1,0x26d,-2851,-693,0,467,21700,-945,0x26c,1,1,1,169,0,621,620,620
936,0,1,0,0,0,1,1,1,1,0x26e,-3054,1415,0,464,21025,-980,0x26d,1,1,1,159,0,622,621,621
937,0,1,0,0,0,1,0,1,0,0x26e,-3054,1415,0,464,21025,-980,0x26e,1,1,1,-339,0,623,622,622
938,0,1,0,0,0,1,1,1,1,0x26f,793,-310,0,524,35831,433,0x26e,0,1,0,-339,0,623,623,623
939,0,1,0,0,0,1,1,1,1,0x270,-1023,-243,0,496,28693,-448,0x26f,1,1,1,-33,0,624,623,623
940,0,1,0,0,0,1,1,1,1,0x271,-5605,-511,0,424,13226,-1132,0x270,1,1,1,26,0,625,624,624
941,0,1,0,0,0,1,1,0,0,0x272,875,-458,0,526,36338,485,0x271,1,0,0,141,0,626,625,625
942,0,1,0,0,0,1,1,1,1,0x272,875,-458,0,526,36338,485,0x271,1,1,1,141,0,626,625,625
943,0,1,0,0,0,1,1,1,1,0x273,-4731,419,0,438,15686,-1133,0x272,1,1,1,-55,0,627,626,626
944,0,1,0,0,0,1,0,1,0,0x273,-4731,419,0,438,15686,-1133,0x273,1,1,1,-116,0,628,627,627
945,0,1,0,0,0,1,1,1,1,0x274,-11121,-35,0,338,4055,-689,0x273,0,1,0,-116,0,628,628,628
946,0,1,0,0,0,1,1,1,1,0x275,-3356,-150,0,460,20143,-1032,0x274,1,1,1,5,0,629,628,628
947,0,1,0,0,0,1,0,1,0,0x275,-3356,-150,0,460,20143,-1032,0x275,1,1,1,37,0,630,629,629
948,0,1,0,0,0,1,1,1,1,0x276,-6641,-1011,0,408,10782,-1093,0x275,0,0,0,37,0,630,630,630
949,0,1,0,0,0,1,1,1,1,0x277,-6498,-141,0,410,11066,-1098,0x276,1,1,1,269,0,631,630,630
950,0,1,0,0,0,1,1,1,1,0x278,-8510,366,0,379,7290,-947,0x277,1,1,1,37,0,632,631,631
951,0,1,0,0,0,1,1,1,1,0x279,-6957,1162,0,403,10096,-1072,0x278,1,1,1,-85,0,633,632,632
952,0,1,0,0,0,1,0,1,0,0x279,-6957,1162,0,403,10096,-1072,0x279,1,1,1,-305,0,634,633,633
953,0,1,0,0,0,1,1,1,1,0x27a,-2676,1258,0,470,22386,-915,0x279,0,1,0,-305,0,634,634,634
954,0,1,0,0,0,1,1,0,0,0x27b,-3106,1341,0,463,20803,-986,0x27a,1,0,0,-282,0,635,634,634
955,0,1,0,0,0,1,1,0,0,0x27b,-3106,1341,0,463,20803,-986,0x27a,1,0,0,-282,0,635,634,634
956,0,1,0,0,0,1,1,1,1,0x27b,-3106,1341,0,463,20803,-986,0x27a,1,1,1,-282,0,635,634,634
957,0,1,0,0,0,1,0,1,0,0x27b,-3106,1341,0,463,20803,-986,0x27b,1,1,1,-323,0,636,635,635
958,0,1,0,0,0,1,1,1,1,0x27c,-754,-1243,0,500,29705,-342,0x27b,0,1,0,-323,0,636,636,636
959,0,1,0,0,0,1,1,1,1,0x27d,-10812,-32,0,343,4363,-720,0x27c,1,1,1,103,0,637,636,636
960,0,1,0,0,0,1,1,1,1,0x27e,2891,86,0,557,43836,1933,0x27d,1,1,1,5,0,638,637,637
961,0,1,0,0,0,1,0,1,0,0x27e,2891,86,0,557,43836,1933,0x27e,1,1,1,40,0,639,638,638
962,0,1,0,0,0,1,0,1,0,0x27e,2891,86,0,557,43836,1933,0x27e,0,0,0,40,0,639,639,639
963,0,1,0,0,0,1,1,1,1,0x27f,-3664,964,0,455,19070,-1067,0x27e,0,1,0,40,0,639,639,639
964,0,1,0,0,0,1,1,1,1,0x280,1703,2442,0,539,39579,1028,0x27f,1,1,1,-252,0,640,639,639
965,0,1,0,0,0,1,0,1,0,0x280,1703,2442,0,539,39579,1028,0x280,1,1,1,612,0,641,640,640
966,0,1,0,0,0,1,1,1,1,0x281,-2576,-1894,0,472,22849,-899,0x280,0,1,0,612,0,641,641,641
967,0,1,0,0,0,1,0,1,0,0x281,-2576,-1894,0,472,22849,-899,0x281,1,1,1,415,0,642,641,641
968,0,1,0,0,0,1,1,1,1,0x282,-7591,1148,0,393,8833,-1024,0x281,0,1,0,415,0,642,642,642
969,0,1,0,0,0,1,0,0,0,0x282,-7591,1148,0,393,8833,-1024,0x282,1,0,0,-287,0,643,642,642
970,0,1,0,0,0,1,1,1,1,0x283,-539,298,0,504,30723,-253,0x282,1,1,1,-287,0,643,642,642
971,0,1,0,0,0,1,1,1,1,0x284,-6516,-584,0,410,11066,-1101,0x283,1,1,1,-19,0,644,643,643
972,0,1,0,0,0,1,0,1,0,0x284,-6516,-584,0,410,11066,-1101,0x284,1,1,1,156,0,645,644,644
973,0,1,0,0,0,1,0,1,0,0x284,-6516,-584,0,410,11066,-1101,0x284,0,1,0,156,0,645,645,645
974,0,1,0,0,0,1,1,1,1,0x285,-2883,1820,0,467,21700,-955,0x284,0,1,0,156,0,645,645,645
975,0,1,0,0,0,1,1,1,1,0x286,-878,-1120,0,498,29198,-392,0x285,1,1,1,-425,0,646,645,645
976,0,1,0,0,0,1,1,0,0,0x287,-7459,641,0,395,9074,-1033,0x286,1,0,0,107,0,647,646,646
977,0,1,0,0,0,1,1,0,0,0x287,-7459,641,0,395,9074,-1033,0x286,1,0,0,107,0,647,646,646
978,0,1,0,0,0,1,1,1,1,0x287,-7459,641,0,395,9074,-1033,0x286,1,1,1,107,0,647,646,646
979,0,1,0,0,0,1,1,1,1,0x288,-13436,1277,0,302,2374,-487,0x287,1,1,1,-162,0,648,647,647
980,0,1,0,0,0,1,1,1,1,0x289,-2087,-1673,0,479,24502,-781,0x288,1,1,1,-152,0,649,648,648
981,0,1,0,0,0,1,0,1,0,0x289,-2087,-1673,0,479,24502,-781,0x289,1,1,1,318,0,650,649,649
982,0,1,0,0,0,1,0,1,0,0x289,-2087,-1673,0,479,24502,-781,0x289,0,1,0,318,0,650,650,650
983,0,1,0,0,0,1,1,1,1,0x28a,-217,765,0,509,32000,-106,0x289,0,0,0,318,0,650,650,650
984,0,1,0,0,0,1,1,1,1,0x28b,-3020,298,0,465,21249,-980,0x28a,1,1,1,-20,0,651,650,650
985,0,1,0,0,0,1,0,1,0,0x28b,-3020,298,0,465,21249,-980,0x28b,1,1,1,-72,0,652,651,651
986,0,1,0,0,0,1,1,1,1,0x28c,-4817,-351,0,437,15500,-1140,0x28b,0,1,0,-72,0,652,652,652
987,0,1,0,0,0,1,0,1,0,0x28c,-4817,-351,0,437,15500,-1140,0x28c,1,1,1,97,0,653,652,652
988,0,1,0,0,0,1,1,1,1,0x28d,-1241,1789,0,493,27939,-530,0x28c,0,1,0,97,0,653,653,653
989,0,1,0,0,0,1,0,1,0,0x28d,-1241,1789,0,493,27939,-530,0x28d,1,1,1,-232,0,654,653,653
990,0,1,0,0,0,1,1,1,1,0x28e,-3185,906,0,462,20582,-1001,0x28d,0,0,0,-232,0,654,654,654
991,0,1,0,0,0,1,1,1,1,0x28f,344,-388,0,517,34047,178,0x28e,1,1,1,-222,0,655,654,654
992,0,1,0,0,0,1,0,1,0,0x28f,344,-388,0,517,34047,178,0x28f,1,1,1,-17,0,656,655,655
993,0,1,0,0,0,1,0,1,0,0x28f,344,-388,0,517,34047,178,0x28f,0,1,0,-17,0,656,656,656
994,0,1,0,0,0,1,1,1,1,0x290,-1208,-344,0,493,27939,-515,0x28f,0,1,0,-17,0,656,656,656
995,0,1,0,0,0,1,0,1,0,0x290,-1208,-344,0,493,27939,-515,0x290,1,1,1,43,0,657,656,656
996,0,1,0,0,0,1,1,1,1,0x291,-3572,990,0,456,19282,-1051,0x290,0,1,0,43,0,657,657,657
997,0,1,0,0,0,1,0,0,0,0x291,-3572,990,0,456,19282,-1051,0x291,1,0,0,-255,0,658,657,657
998,0,1,0,0,0,1,1,1,1,0x292,-3185,-1609,0,462,20582,-1001,0x291,1,1,1,-255,0,658,657,657
999,0,1,0,0,0,1,1,1,1,0x293,-4615,-1449,0,440,16062,-1132,0x292,1,1,1,393,0,659,658,658
1000,0,1,0,0,0,1,1,0,0,0x294,-10617,-860,0,346,4557,-739,0x293,1,0,0,400,0,660,659,659
1001,0,1,0,0,0,1,1,1,1,0x294,-10617,-860,0,346,4557,-739,0x293,1,1,1,400,0,660,659,659
1002,0,1,0,0,0,1,0,1,0,0x294,-10617,-860,0,346,4557,-739,0x294,1,1,1,155,0,661,660,660
1003,0,1,0,0,0,1,1,1,1,0x295,-4425,111,0,443,16637,-1124,0x294,0,1,0,155,0,661,661,661
1004,0,1,0,0,0,1,1,0,0,0x296,-229,1989,0,508,31744,-111,0x295,1,0,0,-31,0,662,661,661
1005,0,1,0,0,0,1,1,1,1,0x296,-229,1989,0,508,31744,-111,0x295,1,1,1,-31,0,662,661,661
1006,0,1,0,0,0,1,1,1,1,0x297,-3216,-279,0,462,20582,-1011,0x296,1,1,1,-54,0,663,662,662
1007,0,1,0,0,0,1,0,1,0,0x297,-3216,-279,0,462,20582,-1011,0x297,1,1,1,68,0,664,663,663
1008,0,1,0,0,0,1,1,1,1,0x298,-2690,-1025,0,470,22386,-919,0x297,0,1,0,68,0,664,664,664
1009,0,1,0,0,0,1,0,1,0,0x298,-2690,-1025,0,470,22386,-919,0x298,1,1,1,229,0,665,664,664
1010,0,1,0,0,0,1,1,1,1,0x299,-1281,-1020,0,492,27689,-542,0x298,0,1,0,229,0,665,665,665
1011,0,1,0,0,0,1,1,0,0,0x29a,-6188,-636,0,415,11803,-1115,0x299,1,0,0,134,0,666,665,665
1012,0,1,0,0,0,1,1,1,1,0x29a,-6188,-636,0,415,11803,-1115,0x299,1,1,1,134,0,666,665,665
1013,0,1,0,0,0,1,0,1,0,0x29a,-6188,-636,0,415,11803,-1115,0x29a,1,1,1,173,0,667,666,666
1014,0,1,0,0,0,1,1,1,1,0x29b,-5287,-1185,0,429,14070,-1136,0x29a,0,1,0,173,0,667,667,667
1015,0,1,0,0,0,1,1,1,1,0x29c,307,711,0,517,34047,159,0x29b,1,1,1,328,0,668,667,667
1016,0,1,0,0,0,1,1,1,1,0x29d,-5633,675,0,424,13226,-1137,0x29c,1,1,1,27,0,669,668,668
1017,0,1,0,0,0,1,0,1,0,0x29d,-5633,675,0,424,13226,-1137,0x29d,1,1,1,-188,0,670,669,669
1018,0,1,0,0,0,1,1,1,1,0x29e,-5932,-1370,0,419,12420,-1125,0x29d,0,0,0,-188,0,670,670,670
1019,0,1,0,0,0,1,1,1,1,0x29f,-14221,-1256,0,290,1980,-430,0x29e,1,1,1,376,0,671,670,670
1020,0,1,0,0,0,1,1,1,1,0x2a0,-4491,0,0,442,16444,-1127,0x29f,1,1,1,131,0,672,671,671
1021,0,1,0,0,0,1,0,1,0,0x2a0,-4491,0,0,442,16444,-1127,0x2a0,1,1,1,0,0,673,672,672
1022,0,1,0,0,0,1,0,1,0,0x2a0,-4491,0,0,442,16444,-1127,0x2a0,0,1,0,0,0,673,673,673
1023,0,1,0,0,0,1,1,1,1,0x2a1,-3066,-1091,0,464,21025,-984,0x2a0,0,0,0,0,0,673,673,673
1024,0,1,0,0,0,1,1,1,1,0x2a2,-2025,182,0,480,24743,-765,0x2a1,1,1,1,262,0,674,673,673
1025,0,1,0,0,0,1,0,0,0,0x2a2,-2025,182,0,480,24743,-765,0x2a2,1,0,0,-34,0,675,674,674
1026,0,1,0,0,0,1,1,1,1,0x2a3,-2312,-1059,0,476,23788,-840,0x2a2,1,1,1,-34,0,675,674,674
1027,0,1,0,0,0,1,0,1,0,0x2a3,-2312,-1059,0,476,23788,-840,0x2a3,1,1,1,217,0,676,675,675
1028,0,1,0,0,0,1,1,1,1,0x2a4,-5146,-790,0,432,14595,-1147,0x2a3,0,1,0,217,0,676,676,676
1029,0,1,0,0,0,1,0,1,0,0x2a4,-5146,-790,0,432,14595,-1147,0x2a4,1,1,1,221,0,677,676,676
1030,0,1,0,0,0,1,1,1,1,0x2a5,-1133,430,0,494,28190,-488,0x2a4,0,1,0,221,0,677,677,677
1031,0,1,0,0,0,1,1,1,1,0x2a6,-6399,942,0,412,11357,-1109,0x2a5,1,1,1,-52,0,678,677,677
1032,0,1,0,0,0,1,0,0,0,0x2a6,-6399,942,0,412,11357,-1109,0x2a6,1,0,0,-256,0,679,678,678
1033,0,1,0,0,0,1,0,1,0,0x2a6,-6399,942,0,412,11357,-1109,0x2a6,1,1,1,-256,0,679,678,678
1034,0,1,0,0,0,1,1,1,1,0x2a7,-497,120,0,504,30723,-233,0x2a6,0,1,0,-256,0,679,679,679
1035,0,1,0,0,0,1,1,1,1,0x2a8,-2795,-926,0,468,21928,-936,0x2a7,1,1,1,-7,0,680,679,679
1036,0,1,0,0,0,1,1,1,1,0x2a9,-373,-10,0,506,31233,-178,0x2a8,1,1,1,211,0,681,680,680
1037,0,1,0,0,0,1,0,1,0,0x2a9,-373,-10,0,506,31233,-178,0x2a9,1,1,1,0,0,682,681,681
1038,0,1,0,0,0,1,1,1,1,0x2aa,-3445,-665,0,458,19710,-1037,0x2a9,0,1,0,0,0,682,682,682
1039,0,1,0,0,0,1,1,0,0,0x2ab,-2422,-584,0,474,23316,-862,0x2aa,1,0,0,168,0,683,682,682
1040,0,1,0,0,0,1,1,1,1,0x2ab,-2422,-584,0,474,23316,-862,0x2aa,1,1,1,168,0,683,682,682
1041,0,1,0,0,0,1,0,1,0,0x2ab,-2422,-584,0,474,23316,-862,0x2ab,1,1,1,122,0,684,683,683
1042,0,1,0,0,0,1,0,1,0,0x2ab,-2422,-584,0,474,23316,-862,0x2ab,0,1,0,122,0,684,684,684
1043,0,1,0,0,0,1,1,1,1,0x2ac,-5380,1994,0,428,13898,-1141,0x2ab,0,1,0,122,0,684,684,684
1044,0,1,0,0,0,1,1,1,1,0x2ad,-795,-1249,0,500,29705,-361,0x2ac,1,1,1,-556,0,685,684,684
1045,0,1,0,0,0,1,0,1,0,0x2ad,-795,-1249,0,500,29705,-361,0x2ad,1,1,1,110,0,686,685,685
1046,0,1,0,0,0,1,0,1,0,0x2ad,-795,-1249,0,500,29705,-361,0x2ad,0,0,0,110,0,686,686,686
1047,0,1,0,0,0,1,0,1,0,0x2ad,-795,-1249,0,500,29705,-361,0x2ad,0,1,0,110,0,686,686,686
1048,0,1,0,0,0,1,1,1,1,0x2ae,851,-103,0,525,36085,468,0x2ad,0,1,0,110,0,686,686,686
1049,0,1,0,0,0,1,0,1,0,0x2ae,851,-103,0,525,36085,468,0x2ae,1,1,1,-12,0,687,686,686
1050,0,1,0,0,0,1,1,1,1,0x2af,-14797,1447,0,281,1727,-390,0x2ae,0,1,0,-12,0,687,687,687
1051,0,1,0,0,0,1,1,1,1,0x2b0,-3646,-1526,0,455,19070,-1061,0x2af,1,1,1,-138,0,688,687,687
1052,0,1,0,0,0,1,0,1,0,0x2b0,-3646,-1526,0,455,19070,-1061,0x2b0,1,1,1,395,0,689,688,688
1053,0,1,0,0,0,1,0,1,0,0x2b0,-3646,-1526,0,455,19070,-1061,0x2b0,0,0,0,395,0,689,689,689
1054,0,1,0,0,0,1,1,1,1,0x2b1,-1465,478,0,489,26943,-603,0x2b0,0,1,0,395,0,689,689,689
1055,0,1,0,0,0,1,1,1,1,0x2b2,-7325,1785,0,398,9447,-1056,0x2b1,1,1,1,-71,0,690,689,689
1056,0,1,0,0,0,1,1,1,1,0x2b3,-3830,-180,0,452,18442,-1078,0x2b2,1,1,1,-461,0,691,690,690
1057,0,1,0,0,0,1,0,1,0,0x2b3,-3830,-180,0,452,18442,-1078,0x2b3,1,1,1,47,0,692,691,691
1058,0,1,0,0,0,1,1,1,1,0x2b4,-765,-43,0,500,29705,-347,0x2b3,0,1,0,47,0,692,692,692
1059,0,1,0,0,0,1,1,1,1,0x2b5,-4001,895,0,449,17827,-1089,0x2b4,1,1,1,3,0,693,692,692
1060,0,1,0,0,0,1,1,0,0,0x2b6,944,172,0,527,36591,527,0x2b5,1,0,0,-238,0,694,693,693
1061,0,1,0,0,0,1,1,1,1,0x2b6,944,172,0,527,36591,527,0x2b5,1,1,1,-238,0,694,693,693
1062,0,1,0,0,0,1,0,1,0,0x2b6,944,172,0,527,36591,527,0x2b6,1,1,1,22,0,695,694,694
1063,0,1,0,0,0,1,0,1,0,0x2b6,944,172,0,527,36591,527,0x2b6,0,1,0,22,0,695,695,695
1064,0,1,0,0,0,1,1,1,1,0x2b7,-1049,-508,0,496,28693,-460,0x2b6,0,1,0,22,0,695,695,695
1065,0,1,0,0,0,1,0,1,0,0x2b7,-1049,-508,0,496,28693,-460,0x2b7,1,1,1,57,0,696,695,695
1066,0,1,0,0,0,1,1,1,1,0x2b8,-2018,351,0,480,24743,-762,0x2b7,0,1,0,57,0,696,696,696
1067,0,1,0,0,0,1,0,0,0,0x2b8,-2018,351,0,480,24743,-762,0x2b8,1,0,0,-66,0,697,696,696
1068,0,1,0,0,0,1,1,1,1,0x2b9,-3552,-229,0,457,19495,-1057,0x2b8,1,1,1,-66,0,697,696,696
1069,0,1,0,0,0,1,0,0,0,0x2b9,-3552,-229,0,457,19495,-1057,0x2b9,1,0,0,59,0,698,697,697
1070,0,1,0,0,0,1,1,1,1,0x2ba,-14312,566,0,288,1921,-420,0x2b9,1,1,1,59,0,698,697,697
1071,0,1,0,0,0,1,1,1,1,0x2bb,-7904,387,0,389,8366,-1009,0x2ba,1,1,1,-59,0,699,698,698
1072,0,1,0,0,0,1,0,1,0,0x2bb,-7904,387,0,389,8366,-1009,0x2bb,1,1,1,-96,0,700,699,699
1073,0,1,0,0,0,1,0,1,0,0x2bb,-7904,387,0,389,8366,-1009,0x2bb,0,1,0,-96,0,700,700,700
1074,0,1,0,0,0,1,1,1,1,0x2bc,-13377,636,0,303,2410,-492,0x2bb,0,0,0,-96,0,700,700,700
1075,0,1,0,0,0,1,1,1,1,0x2bd,-9308,-895,0,367,6161,-876,0x2bc,1,1,1,-77,0,701,700,700
1076,0,1,0,0,0,1,1,1,1,0x2be,-7910,2268,0,388,8252,-996,0x2bd,1,1,1,191,0,702,701,701
1077,0,1,0,0,0,1,0,1,0,0x2be,-7910,2268,0,388,8252,-996,0x2be,1,1,1,-552,0,703,702,702
1078,0,1,0,0,0,1,1,1,1,0x2bf,-1043,-694,0,496,28693,-457,0x2be,0,1,0,-552,0,703,703,703
1079,0,1,0,0,0,1,1,1,1,0x2c0,658,2545,0,522,35323,354,0x2bf,1,1,1,77,0,704,703,703
1080,0,1,0,0,0,1,0,1,0,0x2c0,658,2545,0,522,35323,354,0x2c0,1,1,1,219,0,705,704,704
1081,0,1,0,0,0,1,0,1,0,0x2c0,658,2545,0,522,35323,354,0x2c0,0,0,0,219,0,705,705,705
1082,0,1,0,0,0,1,0,1,0,0x2c0,658,2545,0,522,35323,354,0x2c0,0,1,0,219,0,705,705,705
1083,0,1,0,0,0,1,1,1,1,0x2c1,370,1915,0,518,34303,193,0x2c0,0,1,0,219,0,705,705,705
1084,0,1,0,0,0,1,1,1,1,0x2c2,-9786,-1188,0,359,5498,-821,0x2c1,1,1,1,90,0,706,705,705
1085,0,1,0,0,0,1,0,1,0,0x2c2,-9786,-1188,0,359,5498,-821,0x2c2,1,1,1,238,0,707,706,706
1086,0,1,0,0,0,1,1,1,1,0x2c3,-1326,1326,0,491,27440,-556,0x2c2,0,1,0,238,0,707,707,707
1087,0,1,0,0,0,1,0,1,0,0x2c3,-1326,1326,0,491,27440,-556,0x2c3,1,1,1,-180,0,708,707,707
1088,0,1,0,0,0,1,1,1,1,0x2c4,-826,300,0,499,29451,-372,0x2c3,0,0,0,-180,0,708,708,708
1089,0,1,0,0,0,1,0,1,0,0x2c4,-826,300,0,499,29451,-372,0x2c4,1,1,1,-28,0,709,708,708
1090,0,1,0,0,0,1,1,1,1,0x2c5,-2504,-281,0,473,23082,-882,0x2c4,0,1,0,-28,0,709,709,709
1091,0,1,0,0,0,1,1,1,1,0x2c6,-8590,-1202,0,378,7190,-943,0x2c5,1,1,1,60,0,710,709,709
1092,0,1,0,0,0,1,0,0,0,0x2c6,-8590,-1202,0,378,7190,-943,0x2c6,1,0,0,276,0,711,710,710
1093,0,1,0,0,0,1,0,1,0,0x2c6,-8590,-1202,0,378,7190,-943,0x2c6,1,1,1,276,0,711,710,710
1094,0,1,0,0,0,1,1,1,1,0x2c7,-8350,-1262,0,382,7600,-969,0x2c6,0,1,0,276,0,711,711,711
1095,0,1,0,0,0,1,1,0,0,0x2c8,-3315,569,0,460,20143,-1019,0x2c7,1,0,0,298,0,712,711,711
1096,0,1,0,0,0,1,1,1,1,0x2c8,-3315,569,0,460,20143,-1019,0x2c7,1,1,1,298,0,712,711,711
1097,0,1,0,0,0,1,0,1,0,0x2c8,-3315,569,0,460,20143,-1019,0x2c8,1,1,1,-142,0,713,712,712
1098,0,1,0,0,0,1,1,1,1,0x2c9,-3969,-971,0,450,18031,-1092,0x2c8,0,1,0,-142,0,713,713,713
1099,0,1,0,0,0,1,1,1,1,0x2ca,-1709,-48,0,485,25957,-677,0x2c9,1,1,1,258,0,714,713,713
1100,0,1,0,0,0,1,1,1,1,0x2cb,3052,-188,0,560,44511,2072,0x2ca,1,1,1,7,0,715,714,714
1101,0,1,0,0,0,1,0,1,0,0x2cb,3052,-188,0,560,44511,2072,0x2cb,1,1,1,-96,0,716,715,715
1102,0,1,0,0,0,1,0,1,0,0x2cb,3052,-188,0,560,44511,2072,0x2cb,0,0,0,-96,0,716,716,716
1103,0,1,0,0,0,1,1,1,1,0x2cc,418,-174,0,519,34558,220,0x2cb,0,1,0,-96,0,716,716,716
1104,0,1,0,0,0,1,1,1,1,0x2cd,-12256,767,0,321,3155,-591,0x2cc,1,1,1,-10,0,717,716,716
1105,0,1,0,0,0,1,0,1,0,0x2cd,-12256,767,0,321,3155,-591,0x2cd,1,1,1,-111,0,718,717,717
1106,0,1,0,0,0,1,1,1,1,0x2ce,-8508,-641,0,379,7290,-947,0x2cd,0,1,0,-111,0,718,718,718
1107,0,1,0,0,0,1,0,1,0,0x2ce,-8508,-641,0,379,7290,-947,0x2ce,1,1,1,148,0,719,718,718
1108,0,1,0,0,0,1,1,1,1,0x2cf,240,1076,0,516,33792,123,0x2ce,0,1,0,148,0,719,719,719
1109,0,1,0,0,0,1,0,0,0,0x2cf,240,1076,0,516,33792,123,0x2cf,1,0,0,32,0,720,719,719
1110,0,1,0,0,0,1,1,1,1,0x2d0,-12460,-1327,0,317,2972,-566,0x2cf,1,1,1,32,0,720,719,719
1111,0,1,0,0,0,1,1,1,1,0x2d1,-875,-657,0,498,29198,-390,0x2d0,1,1,1,183,0,721,720,720
1112,0,1,0,0,0,1,0,1,0,0x2d1,-875,-657,0,498,29198,-390,0x2d1,1,1,1,62,0,722,721,721
1113,0,1,0,0,0,1,1,1,1,0x2d2,-8173,-1243,0,384,7812,-975,0x2d1,0,1,0,62,0,722,722,722
1114,0,1,0,0,0,1,0,1,0,0x2d2,-8173,-1243,0,384,7812,-975,0x2d2,1,1,1,295,0,723,722,722
1115,0,1,0,0,0,1,1,1,1,0x2d3,-3238,-1706,0,461,20362,-1007,0x2d2,0,0,0,295,0,723,723,723
1116,0,1,0,0,0,1,1,0,0,0x2d4,-3529,-26,0,457,19495,-1050,0x2d3,1,0,0,419,0,724,723,723
1117,0,1,0,0,0,1,1,1,1,0x2d4,-3529,-26,0,457,19495,-1050,0x2d3,1,1,1,419,0,724,723,723
1118,0,1,0,0,0,1,1,1,1,0x2d5,-944,-148,0,497,28945,-417,0x2d4,1,1,1,6,0,725,724,724
1119,0,1,0,0,0,1,1,1,1,0x2d6,-1984,-7690,0,481,24984,-757,0x2d5,1,1,1,15,0,726,725,725
1120,0,1,0,0,0,1,1,1,1,0x2d7,-2561,-1139,0,472,22849,-893,0x2d6,1,1,1,1421,0,727,726,726
1121,0,1,0,0,0,1,1,1,1,0x2d8,-3318,-190,0,460,20143,-1020,0x2d7,1,1,1,248,0,728,727,727
1122,0,1,0,0,0,1,0,1,0,0x2d8,-3318,-190,0,460,20143,-1020,0x2d8,1,1,1,47,0,729,728,728
1123,0,1,0,0,0,1,1,1,1,0x2d9,-2747,649,0,469,22156,-929,0x2d8,0,0,0,47,0,729,729,729
1124,0,1,0,0,0,1,1,1,1,0x2da,-8367,1147,0,381,7495,-957,0x2d9,1,1,1,-148,0,730,729,729
1125,0,1,0,0,0,1,1,1,1,0x2db,-3061,-887,0,464,21025,-983,0x2da,1,1,1,-268,0,731,730,730
1126,0,1,0,0,0,1,1,1,1,0x2dc,-6825,223,0,405,10366,-1080,0x2db,1,1,1,212,0,732,731,731
1127,0,1,0,0,0,1,0,1,0,0x2dc,-6825,223,0,405,10366,-1080,0x2dc,1,1,1,-59,0,733,732,732
1128,0,1,0,0,0,1,1,1,1,0x2dd,-1590,-294,0,487,26448,-642,0x2dc,0,1,0,-59,0,733,733,733
1129,0,1,0,0,0,1,1,1,1,0x2de,-744,398,0,500,29705,-338,0x2dd,1,1,1,46,0,734,733,733
1130,0,1,0,0,0,1,1,0,0,0x2df,2430,-2593,0,550,42220,1565,0x2de,1,0,0,-33,0,735,734,734
1131,0,1,0,0,0,1,1,1,1,0x2df,2430,-2593,0,550,42220,1565,0x2de,1,1,1,-33,0,735,734,734
1132,0,1,0,0,0,1,0,1,0,0x2df,2430,-2593,0,550,42220,1565,0x2df,1,1,1,-991,0,736,735,735
1133,0,1,0,0,0,1,1,1,1,0x2e0,-1906,-1566,0,482,25226,-734,0x2df,0,1,0,-991,0,736,736,736
1134,0,1,0,0,0,1,1,1,1,0x2e1,-4834,-562,0,436,15316,-1130,0x2e0,1,1,1,280,0,737,736,736
1135,0,1,0,0,0,1,1,1,1,0x2e2,-8921,-799,0,373,6705,-913,0x2e1,1,1,1,155,0,738,737,737
1136,0,1,0,0,0,1,1,1,1,0x2e3,427,-768,0,519,34558,225,0x2e2,1,1,1,178,0,739,738,738
1137,0,1,0,0,0,1,0,0,0,0x2e3,427,-768,0,519,34558,225,0x2e3,1,0,0,-43,0,740,739,739
1138,0,1,0,0,0,1,1,0,0,0x2e4,-712,383,0,501,29959,-326,0x2e3,1,0,0,-43,0,740,739,739
1139,0,1,0,0,0,1,1,1,1,0x2e4,-712,383,0,501,29959,-326,0x2e3,1,1,1,-43,0,740,739,739
1140,0,1,0,0,0,1,1,1,1,0x2e5,534,-1966,0,520,34813,283,0x2e4,1,1,1,-31,0,741,740,740
1141,0,1,0,0,0,1,1,1,1,0x2e6,-13815,-651,0,296,2168,-458,0x2e5,1,1,1,-136,0,742,741,741
1142,0,1,0,0,0,1,0,1,0,0x2e6,-13815,-651,0,296,2168,-458,0x2e6,1,1,1,72,0,743,742,742
1143,0,1,0,0,0,1,1,1,1,0x2e7,-16162,1879,0,259,1234,-305,0x2e6,0,1,0,72,0,743,743,743
1144,0,1,0,0,0,1,1,0,0,0x2e8,-7813,-250,0,390,8481,-1012,0x2e7,1,0,0,-140,0,744,743,743
1145,0,1,0,0,0,1,1,1,1,0x2e8,-7813,-250,0,390,8481,-1012,0x2e7,1,1,1,-140,0,744,743,743
1146,0,1,0,0,0,1,1,1,1,0x2e9,-3000,-277,0,465,21249,-973,0x2e8,1,1,1,61,0,745,744,744
1147,0,1,0,0,0,1,0,1,0,0x2e9,-3000,-277,0,465,21249,-973,0x2e9,1,1,1,65,0,746,745,745
1148,0,1,0,0,0,1,0,1,0,0x2e9,-3000,-277,0,465,21249,-973,0x2e9,0,1,0,65,0,746,746,746
1149,0,1,0,0,0,1,1,1,1,0x2ea,-5357,151,0,428,13898,-1137,0x2e9,0,1,0,65,0,746,746,746
1150,0,1,0,0,0,1,1,1,1,0x2eb,-385,-1875,0,506,31233,-184,0x2ea,1,1,1,-42,0,747,746,746
1151,0,1,0,0,0,1,1,0,0,0x2ec,-2228,-500,0,477,24025,-817,0x2eb,1,0,0,84,0,748,747,747
1152,0,1,0,0,0,1,1,1,1,0x2ec,-2228,-500,0,477,24025,-817,0x2eb,1,1,1,84,0,748,747,747
1153,0,1,0,0,0,1,1,1,1,0x2ed,-4590,-400,0,440,16062,-1125,0x2ec,1,1,1,99,0,749,748,748
1154,0,1,0,0,0,1,1,1,1,0x2ee,-3184,680,0,462,20582,-1000,0x2ed,1,1,1,109,0,750,749,749
1155,0,1,0,0,0,1,1,1,1,0x2ef,-4694,524,0,439,15873,-1137,0x2ee,1,1,1,-167,0,751,750,750
1156,0,1,0,0,0,1,1,1,1,0x2f0,-2896,-94,0,467,21700,-959,0x2ef,1,1,1,-146,0,752,751,751
1157,0,1,0,0,0,1,0,1,0,0x2f0,-2896,-94,0,467,21700,-959,0x2f0,1,1,1,22,0,753,752,752
1158,0,1,0,0,0,1,1,1,1,0x2f1,-2482,-150,0,473,23082,-875,0x2f0,0,0,0,22,0,753,753,753
1159,0,1,0,0,0,1,1,1,1,0x2f2,-3028,-508,0,465,21249,-982,0x2f1,1,1,1,32,0,754,753,753
1160,0,1,0,0,0,1,1,1,1,0x2f3,458,1643,0,519,34558,241,0x2f2,1,1,1,121,0,755,754,754
1161,0,1,0,0,0,1,1,0,0,0x2f4,488,1309,0,520,34813,259,0x2f3,1,0,0,96,0,756,755,755
1162,0,1,0,0,0,1,1,1,1,0x2f4,488,1309,0,520,34813,259,0x2f3,1,1,1,96,0,756,755,755
1163,0,1,0,0,0,1,1,1,1,0x2f5,-1760,1959,0,485,25957,-698,0x2f4,1,1,1,82,0,757,756,756
1164,0,1,0,0,0,1,1,1,1,0x2f6,906,-1746,0,526,36338,502,0x2f5,1,1,1,-334,0,758,757,757
1165,0,1,0,0,0,1,0,0,0,0x2f6,906,-1746,0,526,36338,502,0x2f6,1,0,0,-214,0,759,758,758
1166,0,1,0,0,0,1,1,1,1,0x2f7,-6284,-8004,0,414,11653,-1118,0x2f6,1,1,1,-214,0,759,758,758
1167,0,1,0,0,0,1,0,1,0,0x2f7,-6284,-8004,0,414,11653,-1118,0x2f7,1,1,1,2184,0,760,759,759
1168,0,1,0,0,0,1,1,1,1,0x2f8,746,-179,0,524,35831,407,0x2f7,0,1,0,2184,0,760,760,760
1169,0,1,0,0,0,1,1,1,1,0x2f9,-2882,2143,0,467,21700,-955,0x2f8,1,1,1,-18,0,761,760,760
1170,0,1,0,0,0,1,1,1,1,0x2fa,-3835,825,0,452,18442,-1080,0x2f9,1,1,1,-500,0,762,761,761
1171,0,1,0,0,0,1,1,1,1,0x2fb,-11352,94,0,335,3880,-673,0x2fa,1,1,1,-218,0,763,762,762
1172,0,1,0,0,0,1,0,0,0,0x2fb,-11352,94,0,335,3880,-673,0x2fb,1,0,0,-16,0,764,763,763
1173,0,1,0,0,0,1,1,1,1,0x2fc,-3106,189,0,463,20803,-986,0x2fb,1,1,1,-16,0,764,763,763
1174,0,1,0,0,0,1,1,1,1,0x2fd,-933,-531,0,497,28945,-413,0x2fc,1,1,1,-46,0,765,764,764
1175,0,1,0,0,0,1,1,1,1,0x2fe,-9143,583,0,369,6338,-885,0x2fd,1,1,1,53,0,766,765,765
1176,0,1,0,0,0,1,1,1,1,0x2ff,-634,-174,0,502,30213,-293,0x2fe,1,1,1,-126,0,767,766,766
1177,0,1,0,0,0,1,0,1,0,0x2ff,-634,-174,0,502,30213,-293,0x2ff,1,1,1,12,0,768,767,767
1178,0,1,0,0,0,1,1,1,1,0x300,-3057,1113,0,464,21025,-981,0x2ff,0,1,0,12,0,768,768,768
1179,0,1,0,0,0,1,1,0,0,0x301,1173,-197,0,530,37346,668,0x300,1,0,0,-267,0,769,768,768
1180,0,1,0,0,0,1,1,1,1,0x301,1173,-197,0,530,37346,668,0x300,1,1,1,-267,0,769,768,768
1181,0,1,0,0,0,1,1,1,1,0x302,-139,-1424,0,510,32256,-69,0x301,1,1,1,-33,0,770,769,769
1182,0,1,0,0,0,1,0,1,0,0x302,-139,-1424,0,510,32256,-69,0x302,1,1,1,23,0,771,770,770
1183,0,1,0,0,0,1,1,1,1,0x303,-1424,514,0,490,27191,-591,0x302,0,1,0,23,0,771,771,771
1184,0,1,0,0,0,1,1,0,0,0x304,789,1291,0,524,35831,431,0x303,1,0,0,-75,0,772,771,771
1185,0,1,0,0,0,1,1,1,1,0x304,789,1291,0,524,35831,431,0x303,1,1,1,-75,0,772,771,771
1186,0,1,0,0,0,1,1,0,0,0x305,-1186,1138,0,493,27939,-506,0x304,1,0,0,135,0,773,772,772
1187,0,1,0,0,0,1,1,1,1,0x305,-1186,1138,0,493,27939,-506,0x304,1,1,1,135,0,773,772,772
1188,0,1,0,0,0,1,1,1,1,0x306,-2757,-1498,0,469,22156,-933,0x305,1,1,1,-141,0,774,773,773
1189,0,1,0,0,0,1,1,1,1,0x307,-2495,697,0,473,23082,-879,0x306,1,1,1,341,0,775,774,774
1190,0,1,0,0,0,1,1,1,1,0x308,-8903,-673,0,373,6705,-911,0x307,1,1,1,-150,0,776,775,775
1191,0,1,0,0,0,1,1,1,1,0x309,-1720,302,0,485,25957,-682,0x308,1,1,1,149,0,777,776,776
1192,0,1,0,0,0,1,0,1,0,0x309,-1720,302,0,485,25957,-682,0x309,1,1,1,-51,0,778,777,777
1193,0,1,0,0,0,1,1,1,1,0x30a,-7145,-765,0,400,9702,-1058,0x309,0,0,0,-51,0,778,778,778
1194,0,1,0,0,0,1,1,1,1,0x30b,-3218,-431,0,462,20582,-1011,0x30a,1,1,1,197,0,779,778,778
1195,0,1,0,0,0,1,1,1,1,0x30c,98,-554,0,514,33280,49,0x30b,1,1,1,106,0,780,779,779
1196,0,1,0,0,0,1,1,1,1,0x30d,-1476,-606,0,489,26943,-607,0x30c,1,1,1,-7,0,781,780,780
1197,0,1,0,0,0,1,0,1,0,0x30d,-1476,-606,0,489,26943,-607,0x30d,1,1,1,89,0,782,781,781
1198,0,1,0,0,0,1,1,1,1,0x30e,-5843,2976,0,421,12738,-1136,0x30d,0,1,0,89,0,782,782,782
1199,0,1,0,0,0,1,0,1,0,0x30e,-5843,2976,0,421,12738,-1136,0x30e,1,1,1,-826,0,783,782,782
1200,0,1,0,0,0,1,1,1,1,0x30f,-803,-1364,0,499,29451,-361,0x30e,0,0,0,-826,0,783,783,783
1201,0,1,0,0,0,1,1,1,1,0x310,-1173,-299,0,494,28190,-505,0x30f,1,1,1,120,0,784,783,783
1202,0,1,0,0,0,1,0,1,0,0x310,-1173,-299,0,494,28190,-505,0x310,1,1,1,36,0,785,784,784
1203,0,1,0,0,0,1,1,1,1,0x311,-4777,-611,0,437,15500,-1130,0x310,0,1,0,36,0,785,785,785
1204,0,1,0,0,0,1,1,1,1,0x312,-1965,-709,0,481,24984,-750,0x311,1,1,1,168,0,786,785,785
1205,0,1,0,0,0,1,1,1,1,0x313,-4051,528,0,449,17827,-1102,0x312,1,1,1,129,0,787,786,786
1206,0,1,0,0,0,1,1,1,1,0x314,-2362,-922,0,475,23551,-849,0x313,1,1,1,-143,0,788,787,787
1207,0,1,0,0,0,1,0,0,0,0x314,-2362,-922,0,475,23551,-849,0x314,1,0,0,191,0,789,788,788
1208,0,1,0,0,0,1,1,1,1,0x315,-2484,875,0,473,23082,-875,0x314,1,1,1,191,0,789,788,788
1209,0,1,0,0,0,1,1,1,1,0x316,6060,1398,0,607,53427,4940,0x315,1,1,1,-187,0,790,789,789
1210,0,1,0,0,0,1,1,1,1,0x317,-2144,-823,0,479,24502,-802,0x316,1,1,1,1686,0,791,790,790
1211,0,1,0,0,0,1,1,1,1,0x318,-4291,-862,0,445,17028,-1115,0x317,1,1,1,161,0,792,791,791
1212,0,1,0,0,0,1,0,1,0,0x318,-4291,-862,0,445,17028,-1115,0x318,1,1,1,234,0,793,792,792
1213,0,1,0,0,0,1,1,1,1,0x319,-3132,-1101,0,463,20803,-995,0x318,0,1,0,234,0,793,793,793
1214,0,1,0,0,0,1,1,0,0,0x31a,-9230,-108,0,368,6249,-881,0x319,1,0,0,267,0,794,793,793
1215,0,1,0,0,0,1,1,1,1,0x31a,-9230,-108,0,368,6249,-881,0x319,1,1,1,267,0,794,793,793
1216,0,1,0,0,0,1,0,1,0,0x31a,-9230,-108,0,368,6249,-881,0x31a,1,1,1,23,0,795,794,794
1217,0,1,0,0,0,1,0,1,0,0x31a,-9230,-108,0,368,6249,-881,0x31a,0,1,0,23,0,795,795,795
1218,0,1,0,0,0,1,1,1,1,0x31b,-924,395,0,498,29198,-412,0x31a,0,1,0,23,0,795,795,795
1219,0,1,0,0,0,1,1,1,1,0x31c,-6461,-724,0,411,11211,-1106,0x31b,1,1,1,-40,0,796,795,795
1220,0,1,0,0,0,1,1,1,1,0x31d,-4788,955,0,437,15500,-1133,0x31c,1,1,1,195,0,797,796,796
1221,0,1,0,0,0,1,1,0,0,0x31e,486,-1145,0,520,34813,258,0x31d,1,0,0,-265,0,798,797,797
1222,0,1,0,0,0,1,1,1,1,0x31e,486,-1145,0,520,34813,258,0x31d,1,1,1,-265,0,798,797,797
1223,0,1,0,0,0,1,1,1,1,0x31f,-2690,-779,0,470,22386,-919,0x31e,1,1,1,-73,0,799,798,798
1224,0,1,0,0,0,1,1,1,1,0x320,-3337,9,0,460,20143,-1026,0x31f,1,1,1,174,0,800,799,799
1225,0,1,0,0,0,1,1,1,1,0x321,-8565,-1332,0,378,7190,-940,0x320,1,1,1,-3,0,801,800,800
1226,0,1,0,0,0,1,1,1,1,0x322,-4427,-1746,0,443,16637,-1124,0x321,1,1,1,305,0,802,801,801
1227,0,1,0,0,0,1,0,1,0,0x322,-4427,-1746,0,443,16637,-1124,0x322,1,1,1,479,0,803,802,802
1228,0,1,0,0,0,1,1,1,1,0x323,-1864,1843,0,483,25468,-725,0x322,0,0,0,479,0,803,803,803
1229,0,1,0,0,0,1,1,1,1,0x324,-1518,616,0,488,26695,-619,0x323,1,1,1,-327,0,804,803,803
1230,0,1,0,0,0,1,1,0,0,0x325,-2270,1029,0,477,24025,-833,0x324,1,0,0,-94,0,805,804,804
1231,0,1,0,0,0,1,1,1,1,0x325,-2270,1029,0,477,24025,-833,0x324,1,1,1,-94,0,805,804,804
1232,0,1,0,0,0,1,0,1,0,0x325,-2270,1029,0,477,24025,-833,0x325,1,1,1,-210,0,806,805,805
1233,0,1,0,0,0,1,0,1,0,0x325,-2270,1029,0,477,24025,-833,0x325,0,1,0,-210,0,806,806,806
1234,0,1,0,0,0,1,1,1,1,0x326,-2997,-95,0,465,21249,-972,0x325,0,1,0,-210,0,806,806,806
1235,0,1,0,0,0,1,1,0,0,0x327,-1057,-200,0,495,28441,-459,0x326,1,0,0,22,0,807,806,806
1236,0,1,0,0,0,1,1,1,1,0x327,-1057,-200,0,495,28441,-459,0x326,1,1,1,22,0,807,806,806
1237,0,1,0,0,0,1,0,1,0,0x327,-1057,-200,0,495,28441,-459,0x327,1,1,1,22,0,808,807,807
1238,0,1,0,0,0,1,1,1,1,0x328,-3810,-553,0,452,18442,-1073,0x327,0,1,0,22,0,808,808,808
1239,0,1,0,0,0,1,1,1,1,0x329,-5623,-777,0,424,13226,-1135,0x328,1,1,1,144,0,809,808,808
1240,0,1,0,0,0,1,1,1,1,0x32a,-2861,-1799,0,467,21700,-948,0x329,1,1,1,215,0,810,809,809
1241,0,1,0,0,0,1,1,1,1,0x32b,-1695,-994,0,486,26202,-678,0x32a,1,1,1,416,0,811,810,810
1242,0,1,0,0,0,1,0,0,0,0x32b,-1695,-994,0,486,26202,-678,0x32b,1,0,0,164,0,812,811,811
1243,0,1,0,0,0,1,1,1,1,0x32c,-3758,-640,0,453,18650,-1070,0x32b,1,1,1,164,0,812,811,811
1244,0,1,0,0,0,1,1,1,1,0x32d,-2457,-224,0,474,23316,-875,0x32c,1,1,1,167,0,813,812,812
1245,0,1,0,0,0,1,1,1,1,0x32e,-9122,-1250,0,369,6338,-883,0x32d,1,1,1,47,0,814,813,813
1246,0,1,0,0,0,1,1,1,1,0x32f,-1736,1728,0,485,25957,-688,0x32e,1,1,1,269,0,815,814,814
1247,0,1,0,0,0,1,0,1,0,0x32f,-1736,1728,0,485,25957,-688,0x32f,1,1,1,-291,0,816,815,815
1248,0,1,0,0,0,1,1,1,1,0x330,-886,-154,0,498,29198,-395,0x32f,0,1,0,-291,0,816,816,816
1249,0,1,0,0,0,1,1,0,0,0x331,-2756,-413,0,469,22156,-932,0x330,1,0,0,14,0,817,816,816
1250,0,1,0,0,0,1,1,1,1,0x331,-2756,-413,0,469,22156,-932,0x330,1,1,1,14,0,817,816,816
1251,0,1,0,0,0,1,1,1,1,0x332,-12245,-1021,0,321,3155,-590,0x331,1,1,1,93,0,818,817,817
1252,0,1,0,0,0,1,0,1,0,0x332,-12245,-1021,0,321,3155,-590,0x332,1,1,1,147,0,819,818,818
1253,0,1,0,0,0,1,1,1,1,0x333,-2091,-185,0,479,24502,-782,0x332,0,0,0,147,0,819,819,819
1254,0,1,0,0,0,1,1,1,1,0x334,-556,-902,0,503,30468,-259,0x333,1,1,1,35,0,820,819,819
1255,0,1,0,0,0,1,1,1,1,0x335,-9397,1752,0,365,5989,-859,0x334,1,1,1,57,0,821,820,820
1256,0,1,0,0,0,1,1,0,0,0x336,118,-719,0,514,33280,59,0x335,1,0,0,-368,0,822,821,821
1257,0,1,0,0,0,1,1,1,1,0x336,118,-719,0,514,33280,59,0x335,1,1,1,-368,0,822,821,821
1258,0,1,0,0,0,1,1,1,1,0x337,-1571,1303,0,487,26448,-634,0x336,1,1,1,-11,0,823,822,822
1259,0,1,0,0,0,1,1,1,1,0x338,-1052,-248,0,496,28693,-461,0x337,1,1,1,-202,0,824,823,823
1260,0,1,0,0,0,1,1,1,1,0x339,-1048,786,0,496,28693,-459,0x338,1,1,1,27,0,825,824,824
1261,0,1,0,0,0,1,1,1,1,0x33a,-3689,-508,0,454,18859,-1062,0x339,1,1,1,-89,0,826,825,825
1262,0,1,0,0,0,1,0,1,0,0x33a,-3689,-508,0,454,18859,-1062,0x33a,1,1,1,131,0,827,826,826
1263,0,1,0,0,0,1,1,1,1,0x33b,-3827,-367,0,452,18442,-1077,0x33a,0,0,0,131,0,827,827,827
1264,0,1,0,0,0,1,1,1,1,0x33c,-5276,243,0,430,14243,-1147,0x33b,1,1,1,96,0,828,827,827
1265,0,1,0,0,0,1,1,1,1,0x33d,-2482,737,0,473,23082,-875,0x33c,1,1,1,-69,0,829,828,828
1266,0,1,0,0,0,1,1,1,1,0x33e,-2139,283,0,479,24502,-800,0x33d,1,1,1,-158,0,830,829,829
1267,0,1,0,0,0,1,0,1,0,0x33e,-2139,283,0,479,24502,-800,0x33e,1,1,1,-56,0,831,830,830
1268,0,1,0,0,0,1,1,1,1,0x33f,-2092,-1306,0,479,24502,-783,0x33e,0,1,0,-56,0,831,831,831
1269,0,1,0,0,0,1,1,1,1,0x340,-3184,-207,0,462,20582,-1000,0x33f,1,1,1,249,0,832,831,831
1270,0,1,0,0,0,1,1,0,0,0x341,-9344,826,0,366,6074,-867,0x340,1,0,0,50,0,833,832,832
1271,0,1,0,0,0,1,1,1,1,0x341,-9344,826,0,366,6074,-867,0x340,1,1,1,50,0,833,832,832
1272,0,1,0,0,0,1,0,1,0,0x341,-9344,826,0,366,6074,-867,0x341,1,1,1,-175,0,834,833,833
1273,0,1,0,0,0,1,1,1,1,0x342,-1019,1085,0,496,28693,-447,0x341,0,1,0,-175,0,834,834,834
1274,0,1,0,0,0,1,1,1,1,0x343,1179,-637,0,530,37346,671,0x342,1,1,1,-119,0,835,834,834
1275,0,1,0,0,0,1,1,1,1,0x344,-4406,-956,0,443,16637,-1119,0x343,1,1,1,-105,0,836,835,835
1276,0,1,0,0,0,1,1,0,0,0x345,-2103,235,0,479,24502,-787,0x344,1,0,0,261,0,837,836,836
1277,0,1,0,0,0,1,1,0,0,0x345,-2103,235,0,479,24502,-787,0x344,1,0,0,261,0,837,836,836
1278,0,1,0,0,0,1,1,1,1,0x345,-2103,235,0,479,24502,-787,0x344,1,1,1,261,0,837,836,836
1279,0,1,0,0,0,1,1,1,1,0x346,-3239,443,0,461,20362,-1007,0x345,1,1,1,-46,0,838,837,837
1280,0,1,0,0,0,1,1,1,1,0x347,-339,864,0,507,31489,-163,0x346,1,1,1,-109,0,839,838,838
1281,0,1,0,0,0,1,1,1,1,0x348,-2096,557,0,479,24502,-784,0x347,1,1,1,-35,0,840,839,839
1282,0,1,0,0,0,1,0,1,0,0x348,-2096,557,0,479,24502,-784,0x348,1,1,1,-107,0,841,840,840
1283,0,1,0,0,0,1,1,1,1,0x349,-3278,-1763,0,461,20362,-1019,0x348,0,1,0,-107,0,841,841,841
1284,0,1,0,0,0,1,0,0,0,0x349,-3278,-1763,0,461,20362,-1019,0x349,1,0,0,438,0,842,841,841
1285,0,1,0,0,0,1,1,1,1,0x34a,-206,-1443,0,509,32000,-101,0x349,1,1,1,438,0,842,841,841
1286,0,1,0,0,0,1,1,1,1,0x34b,-1964,-326,0,481,24984,-749,0x34a,1,1,1,35,0,843,842,842
1287,0,1,0,0,0,1,0,1,0,0x34b,-1964,-326,0,481,24984,-749,0x34b,1,1,1,59,0,844,843,843
1288,0,1,0,0,0,1,1,1,1,0x34c,-6260,1952,0,414,11653,-1114,0x34b,0,1,0,59,0,844,844,844
1289,0,1,0,0,0,1,1,1,1,0x34d,-1256,-1034,0,492,27689,-531,0x34c,1,1,1,-531,0,845,844,844
1290,0,1,0,0,0,1,1,1,1,0x34e,-1716,83,0,485,25957,-680,0x34d,1,1,1,134,0,846,845,845
1291,0,1,0,0,0,1,1,0,0,0x34f,-1662,2445,0,486,26202,-665,0x34e,1,0,0,-14,0,847,846,846
1292,0,1,0,0,0,1,1,1,1,0x34f,-1662,2445,0,486,26202,-665,0x34e,1,1,1,-14,0,847,846,846
1293,0,1,0,0,0,1,1,1,1,0x350,-2083,-459,0,479,24502,-779,0x34f,1,1,1,-397,0,848,847,847
1294,0,1,0,0,0,1,1,1,1,0x351,-2323,-437,0,476,23788,-844,0x350,1,1,1,87,0,849,848,848
1295,0,1,0,0,0,1,1,1,1,0x352,-8308,-740,0,382,7600,-964,0x351,1,1,1,90,0,850,849,849
1296,0,1,0,0,0,1,1,1,1,0x353,-4391,-404,0,443,16637,-1115,0x352,1,1,1,174,0,851,850,850
1297,0,1,0,0,0,1,0,1,0,0x353,-4391,-404,0,443,16637,-1115,0x353,1,1,1,109,0,852,851,851
1298,0,1,0,0,0,1,1,1,1,0x354,-10966,-823,0,341,4237,-709,0x353,0,0,0,109,0,852,852,852
1299,0,1,0,0,0,1,1,0,0,0x355,-2505,-290,0,473,23082,-883,0x354,1,0,0,142,0,853,852,852
1300,0,1,0,0,0,1,1,1,1,0x355,-2505,-290,0,473,23082,-883,0x354,1,1,1,142,0,853,852,852
1301,0,1,0,0,0,1,0,1,0,0x355,-2505,-290,0,473,23082,-883,0x355,1,1,1,62,0,854,853,853
1302,0,1,0,0,0,1,0,1,0,0x355,-2505,-290,0,473,23082,-883,0x355,0,1,0,62,0,854,854,854
1303,0,1,0,0,0,1,1,1,1,0x356,-9806,-698,0,359,5498,-823,0x355,0,1,0,62,0,854,854,854
1304,0,1,0,0,0,1,1,1,1,0x357,-1939,123,0,482,25226,-747,0x356,1,1,1,140,0,855,854,854
1305,0,1,0,0,0,1,1,0,0,0x358,-7825,-1188,0,390,8481,-1013,0x357,1,0,0,-23,0,856,855,855
1306,0,1,0,0,0,1,1,1,1,0x358,-7825,-1188,0,390,8481,-1013,0x357,1,1,1,-23,0,856,855,855
1307,0,1,0,0,0,1,0,1,0,0x358,-7825,-1188,0,390,8481,-1013,0x358,1,1,1,293,0,857,856,856
1308,0,1,0,0,0,1,1,1,1,0x359,-11492,1915,0,332,3713,-652,0x358,0,1,0,293,0,857,857,857
1309,0,1,0,0,0,1,1,1,1,0x35a,-1836,958,0,483,25468,-714,0x359,1,1,1,-305,0,858,857,857
1310,0,1,0,0,0,1,1,1,1,0x35b,-14416,-939,0,287,1892,-417,0x35a,1,1,1,-167,0,859,858,858
1311,0,1,0,0,0,1,1,1,1,0x35c,-6766,632,0,406,10503,-1085,0x35b,1,1,1,95,0,860,859,859
1312,0,1,0,0,0,1,0,0,0,0x35c,-6766,632,0,406,10503,-1085,0x35c,1,0,0,-168,0,861,860,860
1313,0,1,0,0,0,1,1,1,1,0x35d,-3903,-1444,0,451,18236,-1087,0x35c,1,1,1,-168,0,861,860,860
1314,0,1,0,0,0,1,1,1,1,0x35e,109,-1201,0,514,33280,55,0x35d,1,1,1,383,0,862,861,861
1315,0,1,0,0,0,1,1,1,1,0x35f,-3245,910,0,461,20362,-1009,0x35e,1,1,1,-17,0,863,862,862
1316,0,1,0,0,0,1,1,1,1,0x360,-191,-70,0,509,32000,-94,0x35f,1,1,1,-225,0,864,863,863
1317,0,1,0,0,0,1,0,1,0,0x360,-191,-70,0,509,32000,-94,0x360,1,1,1,1,0,865,864,864
1318,0,1,0,0,0,1,0,1,0,0x360,-191,-70,0,509,32000,-94,0x360,0,1,0,1,0,865,865,865
1319,0,1,0,0,0,1,1,1,1,0x361,-9179,-1694,0,369,6338,-888,0x360,0,0,0,1,0,865,865,865
1320,0,1,0,0,0,1,1,1,1,0x362,-10690,-783,0,345,4492,-733,0x361,1,1,1,367,0,866,865,865
1321,0,1,0,0,0,1,1,1,1,0x363,-1776,-2620,0,484,25712,-697,0x362,1,1,1,140,0,867,866,866
1322,0,1,0,0,0,1,0,0,0,0x363,-1776,-2620,0,484,25712,-697,0x363,1,0,0,445,0,868,867,867
1323,0,1,0,0,0,1,1,1,1,0x364,-4964,-1218,0,434,14952,-1133,0x363,1,1,1,445,0,868,867,867
1324,0,1,0,0,0,1,1,1,1,0x365,-6912,1774,0,404,10230,-1079,0x364,1,1,1,336,0,869,868,868
1325,0,1,0,0,0,1,1,1,1,0x366,-3205,-277,0,462,20582,-1007,0x365,1,1,1,-468,0,870,869,869
1326,0,1,0,0,0,1,1,0,0,0x367,-2350,-2010,0,475,23551,-845,0x366,1,0,0,68,0,871,870,870
1327,0,1,0,0,0,1,1,1,1,0x367,-2350,-2010,0,475,23551,-845,0x366,1,1,1,68,0,871,870,870
1328,0,1,0,0,0,1,1,1,1,0x368,-2403,273,0,474,23316,-855,0x367,1,1,1,414,0,872,871,871
1329,0,1,0,0,0,1,1,1,1,0x369,-14892,1346,0,279,1675,-381,0x368,1,1,1,-57,0,873,872,872
1330,0,1,0,0,0,1,1,1,1,0x36a,-1352,-518,0,491,27440,-567,0x369,1,1,1,-126,0,874,873,873
1331,0,1,0,0,0,1,1,1,1,0x36b,-2841,-999,0,468,21928,-951,0x36a,1,1,1,71,0,875,874,874
1332,0,1,0,0,0,1,0,1,0,0x36b,-2841,-999,0,468,21928,-951,0x36b,1,1,1,231,0,876,875,875
1333,0,1,0,0,0,1,1,1,1,0x36c,-1601,-2699,0,487,26448,-647,0x36b,0,0,0,231,0,876,876,876
1334,0,1,0,0,0,1,1,1,1,0x36d,-1691,200,0,486,26202,-677,0x36c,1,1,1,426,0,877,876,876
1335,0,1,0,0,0,1,0,1,0,0x36d,-1691,200,0,486,26202,-677,0x36d,1,1,1,-34,0,878,877,877
1336,0,1,0,0,0,1,1,1,1,0x36e,-3939,764,0,450,18031,-1084,0x36d,0,1,0,-34,0,878,878,878
1337,0,1,0,0,0,1,0,1,0,0x36e,-3939,764,0,450,18031,-1084,0x36e,1,1,1,-203,0,879,878,878
1338,0,1,0,0,0,1,1,1,1,0x36f,-3316,-1024,0,460,20143,-1020,0x36e,0,1,0,-203,0,879,879,879
1339,0,1,0,0,0,1,1,1,1,0x370,-4668,-3021,0,439,15873,-1131,0x36f,1,1,1,255,0,880,879,879
1340,0,1,0,0,0,1,1,0,0,0x371,-7317,-2029,0,398,9447,-1055,0x370,1,0,0,834,0,881,880,880
1341,0,1,0,0,0,1,1,1,1,0x371,-7317,-2029,0,398,9447,-1055,0x370,1,1,1,834,0,881,880,880
1342,0,1,0,0,0,1,0,1,0,0x371,-7317,-2029,0,398,9447,-1055,0x371,1,1,1,522,0,882,881,881
1343,0,1,0,0,0,1,1,1,1,0x372,-3399,655,0,459,19926,-1034,0x371,0,1,0,522,0,882,882,882
1344,0,1,0,0,0,1,1,1,1,0x373,-2693,-1254,0,470,22386,-920,0x372,1,1,1,-166,0,883,882,882
1345,0,1,0,0,0,1,1,0,0,0x374,-3244,736,0,461,20362,-1008,0x373,1,0,0,281,0,884,883,883
1346,0,1,0,0,0,1,1,1,1,0x374,-3244,736,0,461,20362,-1008,0x373,1,1,1,281,0,884,883,883
1347,0,1,0,0,0,1,0,0,0,0x374,-3244,736,0,461,20362,-1008,0x374,1,0,0,-182,0,885,884,884
1348,0,1,0,0,0,1,1,1,1,0x375,-1493,74,0,489,26943,-614,0x374,1,1,1,-182,0,885,884,884
1349,0,1,0,0,0,1,1,1,1,0x376,-2536,-730,0,472,22849,-885,0x375,1,1,1,-12,0,886,885,885
1350,0,1,0,0,0,1,1,1,1,0x377,-203,477,0,509,32000,-100,0x376,1,1,1,157,0,887,886,886
1351,0,1,0,0,0,1,1,1,1,0x378,-3148,18,0,463,20803,-1000,0x377,1,1,1,-12,0,888,887,887
1352,0,1,0,0,0,1,0,1,0,0x378,-3148,18,0,463,20803,-1000,0x378,1,1,1,-5,0,889,888,888
1353,0,1,0,0,0,1,1,1,1,0x379,-5346,1158,0,428,13898,-1134,0x378,0,1,0,-5,0,889,889,889
1354,0,1,0,0,0,1,1,0,0,0x37a,904,2157,0,526,36338,501,0x379,1,0,0,-321,0,890,889,889
1355,0,1,0,0,0,1,1,1,1,0x37a,904,2157,0,526,36338,501,0x379,1,1,1,-321,0,890,889,889
1356,0,1,0,0,0,1,1,1,1,0x37b,-2739,-419,0,469,22156,-926,0x37a,1,1,1,263,0,891,890,890
1357,0,1,0,0,0,1,0,1,0,0x37b,-2739,-419,0,469,22156,-926,0x37b,1,1,1,94,0,892,891,891
1358,0,1,0,0,0,1,1,1,1,0x37c,-5061,-758,0,433,14773,-1141,0x37b,0,1,0,94,0,892,892,892
1359,0,1,0,0,0,1,1,1,1,0x37d,-2101,-333,0,479,24502,-786,0x37c,1,1,1,211,0,893,892,892
1360,0,1,0,0,0,1,1,1,1,0x37e,-2688,247,0,470,22386,-919,0x37d,1,1,1,63,0,894,893,893
1361,0,1,0,0,0,1,1,0,0,0x37f,-603,-53,0,503,30468,-281,0x37e,1,0,0,-56,0,895,894,894
1362,0,1,0,0,0,1,1,1,1,0x37f,-603,-53,0,503,30468,-281,0x37e,1,1,1,-56,0,895,894,894
1363,0,1,0,0,0,1,1,1,1,0x380,-3316,-1832,0,460,20143,-1020,0x37f,1,1,1,3,0,896,895,895
1364,0,1,0,0,0,1,1,1,1,0x381,3129,366,0,561,44733,2135,0x380,1,1,1,456,0,897,896,896
1365,0,1,0,0,0,1,1,1,1,0x382,-809,-932,0,499,29451,-364,0x381,1,1,1,190,0,898,897,897
1366,0,1,0,0,0,1,1,1,1,0x383,-6855,-1786,0,405,10366,-1085,0x382,1,1,1,82,0,899,898,898
1367,0,1,0,0,0,1,0,1,0,0x383,-6855,-1786,0,405,10366,-1085,0x383,1,1,1,473,0,900,899,899
1368,0,1,0,0,0,1,1,1,1,0x384,209,-102,0,515,33536,106,0x383,0,0,0,473,0,900,900,900
1369,0,1,0,0,0,1,0,0,0,0x384,209,-102,0,515,33536,106,0x384,1,0,0,-3,0,901,900,900
1370,0,1,0,0,0,1,1,0,0,0x385,-10722,-812,0,344,4427,-725,0x384,1,0,0,-3,0,901,900,900
1371,0,1,0,0,0,1,1,0,0,0x385,-10722,-812,0,344,4427,-725,0x384,1,0,0,-3,0,901,900,900
1372,0,1,0,0,0,1,1,1,1,0x385,-10722,-812,0,344,4427,-725,0x384,1,1,1,-3,0,901,900,900
1373,0,1,0,0,0,1,1,0,0,0x386,-10374,2508,0,350,4830,-765,0x385,1,0,0,143,0,902,901,901
1374,0,1,0,0,0,1,1,0,0,0x386,-10374,2508,0,350,4830,-765,0x385,1,0,0,143,0,902,901,901
1375,0,1,0,0,0,1,1,0,0,0x386,-10374,2508,0,350,4830,-765,0x385,1,0,0,143,0,902,901,901
1376,0,1,0,0,0,1,1,1,1,0x386,-10374,2508,0,350,4830,-765,0x385,1,1,1,143,0,902,901,901
1377,0,1,0,0,0,1,0,0,0,0x386,-10374,2508,0,350,4830,-765,0x386,1,0,0,-469,0,903,902,902
1378,0,1,0,0,0,1,1,0,0,0x387,1239,-1563,0,531,37597,710,0x386,1,0,0,-469,0,903,902,902
1379,0,1,0,0,0,1,1,0,0,0x387,1239,-1563,0,531,37597,710,0x386,1,0,0,-469,0,903,902,902
1380,0,1,0,0,0,1,1,1,1,0x387,1239,-1563,0,531,37597,710,0x386,1,1,1,-469,0,903,902,902
1381,0,1,0,0,0,1,1,0,0,0x388,-9826,227,0,358,5420,-813,0x387,1,0,0,-271,0,904,903,903
1382,0,1,0,0,0,1,1,0,0,0x388,-9826,227,0,358,5420,-813,0x387,1,0,0,-271,0,904,903,903
1383,0,1,0,0,0,1,1,0,0,0x388,-9826,227,0,358,5420,-813,0x387,1,0,0,-271,0,904,903,903
1384,0,1,0,0,0,1,1,1,1,0x388,-9826,227,0,358,5420,-813,0x387,1,1,1,-271,0,904,903,903
1385,0,1,0,0,0,1,1,0,0,0x389,-3387,1648,0,459,19926,-1030,0x388,1,0,0,-46,0,905,904,904
1386,0,1,0,0,0,1,1,0,0,0x389,-3387,1648,0,459,19926,-1030,0x388,1,0,0,-46,0,905,904,904
1387,0,1,0,0,0,1,1,0,0,0x389,-3387,1648,0,459,19926,-1030,0x388,1,0,0,-46,0,905,904,904
1388,0,1,0,0,0,1,1,1,1,0x389,-3387,1648,0,459,19926,-1030,0x388,1,1,1,-46,0,905,904,904
1389,0,1,0,0,0,1,1,0,0,0x38a,-1459,898,0,489,26943,-600,0x389,1,0,0,-415,0,906,905,905
1390,0,1,0,0,0,1,1,0,0,0x38a,-1459,898,0,489,26943,-600,0x389,1,0,0,-415,0,906,905,905
1391,0,1,0,0,0,1,1,0,0,0x38a,-1459,898,0,489,26943,-600,0x389,1,0,0,-415,0,906,905,905
1392,0,1,0,0,0,1,1,1,1,0x38a,-1459,898,0,489,26943,-600,0x389,1,1,1,-415,0,906,905,905
1393,0,1,0,0,0,1,1,0,0,0x38b,162,-684,0,515,33536,82,0x38a,1,0,0,-132,0,907,906,906
1394,0,1,0,0,0,1,1,0,0,0x38b,162,-684,0,515,33536,82,0x38a,1,0,0,-132,0,907,906,906
1395,0,1,0,0,0,1,1,0,0,0x38b,162,-684,0,515,33536,82,0x38a,1,0,0,-132,0,907,906,906
1396,0,1,0,0,0,1,1,0,0,0x38b,162,-684,0,515,33536,82,0x38a,1,0,0,-132,0,907,906,906
1397,0,1,0,0,0,1,1,0,0,0x38b,162,-684,0,515,33536,82,0x38a,1,0,0,-132,0,907,906,906
1398,0,1,0,0,0,1,1,0,0,0x38b,162,-684,0,515,33536,82,0x38a,1,0,0,-132,0,907,906,906
1399,0,1,0,0,0,1,1,0,0,0x38b,162,-684,0,515,33536,82,0x38a,1,0,0,-132,0,907,906,906
1400,0,1,0,0,0,1,1,1,1,0x38b,162,-684,0,515,33536,82,0x38a,1,1,1,-132,0,907,906,906
1401,0,1,0,0,0,1,1,0,0,0x38c,823,-945,0,525,36085,453,0x38b,1,0,0,-14,0,908,907,907
1402,0,1,0,0,0,1,1,0,0,0x38c,823,-945,0,525,36085,453,0x38b,1,0,0,-14,0,908,907,907
1403,0,1,0,0,0,1,1,0,0,0x38c,823,-945,0,525,36085,453,0x38b,1,0,0,-14,0,908,907,907
1404,0,1,0,0,0,1,1,1,1,0x38c,823,-945,0,525,36085,453,0x38b,1,1,1,-14,0,908,907,907
1405,0,1,0,0,0,1,1,0,0,0x38d,-2668,551,0,470,22386,-912,0x38c,1,0,0,-105,0,909,908,908
1406,0,1,0,0,0,1,1,0,0,0x38d,-2668,551,0,470,22386,-912,0x38c,1,0,0,-105,0,909,908,908
1407,0,1,0,0,0,1,1,0,0,0x38d,-2668,551,0,470,22386,-912,0x38c,1,0,0,-105,0,909,908,908
1408,0,1,0,0,0,1,1,1,1,0x38d,-2668,551,0,470,22386,-912,0x38c,1,1,1,-105,0,909,908,908
1409,0,1,0,0,0,1,1,0,0,0x38e,-1903,-606,0,482,25226,-733,0x38d,1,0,0,-123,0,910,909,909
1410,0,1,0,0,0,1,1,0,0,0x38e,-1903,-606,0,482,25226,-733,0x38d,1,0,0,-123,0,910,909,909
1411,0,1,0,0,0,1,1,0,0,0x38e,-1903,-606,0,482,25226,-733,0x38d,1,0,0,-123,0,910,909,909
1412,0,1,0,0,0,1,1,1,1,0x38e,-1903,-606,0,482,25226,-733,0x38d,1,1,1,-123,0,910,909,909
1413,0,1,0,0,0,1,1,0,0,0x38f,-1796,831,0,484,25712,-705,0x38e,1,0,0,108,0,911,910,910
1414,0,1,0,0,0,1,1,0,0,0x38f,-1796,831,0,484,25712,-705,0x38e,1,0,0,108,0,911,910,910
1415,0,1,0,0,0,1,1,0,0,0x38f,-1796,831,0,484,25712,-705,0x38e,1,0,0,108,0,911,910,910
1416,0,1,0,0,0,1,1,1,1,0x38f,-1796,831,0,484,25712,-705,0x38e,1,1,1,108,0,911,910,910
1417,0,1,0,0,0,1,0,0,0,0x38f,-1796,831,0,484,25712,-705,0x38f,1,0,0,-144,0,912,911,911
1418,0,1,0,0,0,1,1,0,0,0x390,-840,906,0,499,29451,-378,0x38f,1,0,0,-144,0,912,911,911
1419,0,1,0,0,0,1,1,0,0,0x390,-840,906,0,499,29451,-378,0x38f,1,0,0,-144,0,912,911,911
1420,0,1,0,0,0,1,1,1,1,0x390,-840,906,0,499,29451,-378,0x38f,1,1,1,-144,0,912,911,911
1421,0,1,0,0,0,1,1,0,0,0x391,-1488,88,0,489,26943,-612,0x390,1,0,0,-84,0,913,912,912
1422,0,1,0,0,0,1,1,0,0,0x391,-1488,88,0,489,26943,-612,0x390,1,0,0,-84,0,913,912,912
1423,0,1,0,0,0,1,1,0,0,0x391,-1488,88,0,489,26943,-612,0x390,1,0,0,-84,0,913,912,912
1424,0,1,0,0,0,1,1,0,0,0x391,-1488,88,0,489,26943,-612,0x390,1,0,0,-84,0,913,912,912
1425,0,1,0,0,0,1,1,0,0,0x391,-1488,88,0,489,26943,-612,0x390,1,0,0,-84,0,913,912,912
1426,0,1,0,0,0,1,1,0,0,0x391,-1488,88,0,489,26943,-612,0x390,1,0,0,-84,0,913,912,912
1427,0,1,0,0,0,1,1,0,0,0x391,-1488,88,0,489,26943,-612,0x390,1,0,0,-84,0,913,912,912
1428,0,1,0,0,0,1,1,1,1,0x391,-1488,88,0,489,26943,-612,0x390,1,1,1,-84,0,913,912,912
1429,0,1,0,0,0,1,1,0,0,0x392,-5732,-430,0,422,12899,-1129,0x391,1,0,0,-14,0,914,913,913
1430,0,1,0,0,0,1,1,0,0,0x392,-5732,-430,0,422,12899,-1129,0x391,1,0,0,-14,0,914,913,913
1431,0,1,0,0,0,1,1,0,0,0x392,-5732,-430,0,422,12899,-1129,0x391,1,0,0,-14,0,914,913,913
1432,0,1,0,0,0,1,1,1,1,0x392,-5732,-430,0,422,12899,-1129,0x391,1,1,1,-14,0,914,913,913
1433,0,1,0,0,0,1,1,0,0,0x393,-3067,112,0,464,21025,-984,0x392,1,0,0,118,0,915,914,914
1434,0,1,0,0,0,1,1,0,0,0x393,-3067,112,0,464,21025,-984,0x392,1,0,0,118,0,915,914,914
1435,0,1,0,0,0,1,1,0,0,0x393,-3067,112,0,464,21025,-984,0x392,1,0,0,118,0,915,914,914
1436,0,1,0,0,0,1,1,1,1,0x393,-3067,112,0,464,21025,-984,0x392,1,1,1,118,0,915,914,914
1437,0,1,0,0,0,1,0,0,0,0x393,-3067,112,0,464,21025,-984,0x393,1,0,0,-27,0,916,915,915
1438,0,1,0,0,0,1,1,0,0,0x394,-225,103,0,508,31744,-109,0x393,1,0,0,-27,0,916,915,915
1439,0,1,0,0,0,1,1,0,0,0x394,-225,103,0,508,31744,-109,0x393,1,0,0,-27,0,916,915,915
1440,0,1,0,0,0,1,1,1,1,0x394,-225,103,0,508,31744,-109,0x393,1,1,1,-27,0,916,915,915
1441,0,1,0,0,0,1,1,0,0,0x395,-3450,922,0,458,19710,-1038,0x394,1,0,0,-3,0,917,916,916
1442,0,1,0,0,0,1,1,0,0,0x395,-3450,922,0,458,19710,-1038,0x394,1,0,0,-3,0,917,916,916
1443,0,1,0,0,0,1,1,0,0,0x395,-3450,922,0,458,19710,-1038,0x394,1,0,0,-3,0,917,916,916
1444,0,1,0,0,0,1,1,1,1,0x395,-3450,922,0,458,19710,-1038,0x394,1,1,1,-3,0,917,916,916
1445,0,1,0,0,0,1,1,0,0,0x396,-7771,-2175,0,391,8597,-1020,0x395,1,0,0,-234,0,918,917,917
1446,0,1,0,0,0,1,1,0,0,0x396,-7771,-2175,0,391,8597,-1020,0x395,1,0,0,-234,0,918,917,917
1447,0,1,0,0,0,1,1,0,0,0x396,-7771,-2175,0,391,8597,-1020,0x395,1,0,0,-234,0,918,917,917
1448,0,1,0,0,0,1,1,1,1,0x396,-7771,-2175,0,391,8597,-1020,0x395,1,1,1,-234,0,918,917,917
1449,0,1,0,0,0,1,1,0,0,0x397,-1365,-373,0,491,27440,-572,0x396,1,0,0,541,0,919,918,918
1450,0,1,0,0,0,1,1,0,0,0x397,-1365,-373,0,491,27440,-572,0x396,1,0,0,541,0,919,918,918
1451,0,1,0,0,0,1,1,0,0,0x397,-1365,-373,0,491,27440,-572,0x396,1,0,0,541,0,919,918,918
1452,0,1,0,0,0,1,1,0,0,0x397,-1365,-373,0,491,27440,-572,0x396,1,0,0,541,0,919,918,918
1453,0,1,0,0,0,1,1,0,0,0x397,-1365,-373,0,491,27440,-572,0x396,1,0,0,541,0,919,918,918
1454,0,1,0,0,0,1,1,0,0,0x397,-1365,-373,0,491,27440,-572,0x396,1,0,0,541,0,919,918,918
1455,0,1,0,0,0,1,1,0,0,0x397,-1365,-373,0,491,27440,-572,0x396,1,0,0,541,0,919,918,918
1456,0,1,0,0,0,1,1,1,1,0x397,-1365,-373,0,491,27440,-572,0x396,1,1,1,541,0,919,918,918
1457,0,1,0,0,0,1,0,0,0,0x397,-1365,-373,0,491,27440,-572,0x397,1,0,0,52,0,920,919,919
1458,0,1,0,0,0,1,1,0,0,0x398,-2225,-116,0,477,24025,-816,0x397,1,0,0,52,0,920,919,919
1459,0,1,0,0,0,1,1,0,0,0x398,-2225,-116,0,477,24025,-816,0x397,1,0,0,52,0,920,919,919
1460,0,1,0,0,0,1,1,0,0,0x398,-2225,-116,0,477,24025,-816,0x397,1,0,0,52,0,920,919,919
1461,0,1,0,0,0,1,1,0,0,0x398,-2225,-116,0,477,24025,-816,0x397,1,0,0,52,0,920,919,919
1462,0,1,0,0,0,1,1,0,0,0x398,-2225,-116,0,477,24025,-816,0x397,1,0,0,52,0,920,919,919
1463,0,1,0,0,0,1,1,0,0,0x398,-2225,-116,0,477,24025,-816,0x397,1,0,0,52,0,920,919,919
1464,0,1,0,0,0,1,1,1,1,0x398,-2225,-116,0,477,24025,-816,0x397,1,1,1,52,0,920,919,919
1465,0,1,0,0,0,1,1,0,0,0x399,-3793,786,0,453,18650,-1080,0x398,1,0,0,23,0,921,920,920
1466,0,1,0,0,0,1,1,0,0,0x399,-3793,786,0,453,18650,-1080,0x398,1,0,0,23,0,921,920,920
1467,0,1,0,0,0,1,1,0,0,0x399,-3793,786,0,453,18650,-1080,0x398,1,0,0,23,0,921,920,920
1468,0,1,0,0,0,1,1,1,1,0x399,-3793,786,0,453,18650,-1080,0x398,1,1,1,23,0,921,920,920
1469,0,1,0,0,0,1,1,0,0,0x39a,-5494,-1326,0,426,13559,-1137,0x399,1,0,0,-208,0,922,921,921
1470,0,1,0,0,0,1,1,0,0,0x39a,-5494,-1326,0,426,13559,-1137,0x399,1,0,0,-208,0,922,921,921
1471,0,1,0,0,0,1,1,0,0,0x39a,-5494,-1326,0,426,13559,-1137,0x399,1,0,0,-208,0,922,921,921
1472,0,1,0,0,0,1,1,1,1,0x39a,-5494,-1326,0,426,13559,-1137,0x399,1,1,1,-208,0,922,921,921
1473,0,1,0,0,0,1,1,0,0,0x39b,1586,-2229,0,537,39088,945,0x39a,1,0,0,368,0,923,922,922
1474,0,1,0,0,0,1,1,0,0,0x39b,1586,-2229,0,537,39088,945,0x39a,1,0,0,368,0,923,922,922
1475,0,1,0,0,0,1,1,0,0,0x39b,1586,-2229,0,537,39088,945,0x39a,1,0,0,368,0,923,922,922
1476,0,1,0,0,0,1,1,1,1,0x39b,1586,-2229,0,537,39088,945,0x39a,1,1,1,368,0,923,922,922
1477,0,1,0,0,0,1,0,0,0,0x39b,1586,-2229,0,537,39088,945,0x39b,1,0,0,-515,0,924,923,923
1478,0,1,0,0,0,1,1,0,0,0x39c,-10070,-797,0,355,5191,-798,0x39b,1,0,0,-515,0,924,923,923
1479,0,1,0,0,0,1,1,0,0,0x39c,-10070,-797,0,355,5191,-798,0x39b,1,0,0,-515,0,924,923,923
1480,0,1,0,0,0,1,1,0,0,0x39c,-10070,-797,0,355,5191,-798,0x39b,1,0,0,-515,0,924,923,923
1481,0,1,0,0,0,1,1,0,0,0x39c,-10070,-797,0,355,5191,-798,0x39b,1,0,0,-515,0,924,923,923
1482,0,1,0,0,0,1,1,0,0,0x39c,-10070,-797,0,355,5191,-798,0x39b,1,0,0,-515,0,924,923,923
1483,0,1,0,0,0,1,1,0,0,0x39c,-10070,-797,0,355,5191,-798,0x39b,1,0,0,-515,0,924,923,923
1484,0,1,0,0,0,1,1,1,1,0x39c,-10070,-797,0,355,5191,-798,0x39b,1,1,1,-515,0,924,923,923
1485,0,1,0,0,0,1,1,0,0,0x39d,-13858,-1311,0,295,2136,-452,0x39c,1,0,0,155,0,925,924,924
1486,0,1,0,0,0,1,1,0,0,0x39d,-13858,-1311,0,295,2136,-452,0x39c,1,0,0,155,0,925,924,924
1487,0,1,0,0,0,1,1,0,0,0x39d,-13858,-1311,0,295,2136,-452,0x39c,1,0,0,155,0,925,924,924
1488,0,1,0,0,0,1,1,1,1,0x39d,-13858,-1311,0,295,2136,-452,0x39c,1,1,1,155,0,925,924,924
1489,0,1,0,0,0,1,1,0,0,0x39e,-1647,830,0,486,26202,-659,0x39d,1,0,0,144,0,926,925,925
1490,0,1,0,0,0,1,1,0,0,0x39e,-1647,830,0,486,26202,-659,0x39d,1,0,0,144,0,926,925,925
1491,0,1,0,0,0,1,1,0,0,0x39e,-1647,830,0,486,26202,-659,0x39d,1,0,0,144,0,926,925,925
1492,0,1,0,0,0,1,1,1,1,0x39e,-1647,830,0,486,26202,-659,0x39d,1,1,1,144,0,926,925,925
1493,0,1,0,0,0,1,1,0,0,0x39f,-1720,196,0,485,25957,-682,0x39e,1,0,0,-134,0,927,926,926
1494,0,1,0,0,0,1,1,0,0,0x39f,-1720,196,0,485,25957,-682,0x39e,1,0,0,-134,0,927,926,926
1495,0,1,0,0,0,1,1,0,0,0x39f,-1720,196,0,485,25957,-682,0x39e,1,0,0,-134,0,927,926,926
1496,0,1,0,0,0,1,1,1,1,0x39f,-1720,196,0,485,25957,-682,0x39e,1,1,1,-134,0,927,926,926
1497,0,1,0,0,0,1,0,0,0,0x39f,-1720,196,0,485,25957,-682,0x39f,1,0,0,-33,0,928,927,927
1498,0,1,0,0,0,1,1,0,0,0x3a0,-9111,367,0,370,6428,-894,0x39f,1,0,0,-33,0,928,927,927
1499,0,1,0,0,0,1,1,0,0,0x3a0,-9111,367,0,370,6428,-894,0x39f,1,0,0,-33,0,928,927,927
1500,0,1,0,0,0,1,1,1,1,0x3a0,-9111,367,0,370,6428,-894,0x39f,1,1,1,-33,0,928,927,927
1501,0,1,0,0,0,1,1,0,0,0x3a1,-3047,-925,0,464,21025,-978,0x3a0,1,0,0,-81,0,929,928,928
1502,0,1,0,0,0,1,1,0,0,0x3a1,-3047,-925,0,464,21025,-978,0x3a0,1,0,0,-81,0,929,928,928
1503,0,1,0,0,0,1,1,0,0,0x3a1,-3047,-925,0,464,21025,-978,0x3a0,1,0,0,-81,0,929,928,928
1504,0,1,0,0,0,1,1,1,1,0x3a1,-3047,-925,0,464,21025,-978,0x3a0,1,1,1,-81,0,929,928,928
1505,0,1,0,0,0,1,0,0,0,0x3a1,-3047,-925,0,464,21025,-978,0x3a1,1,0,0,220,0,930,929,929
1506,0,1,0,0,0,1,1,0,0,0x3a2,-7770,1801,0,391,8597,-1020,0x3a1,1,0,0,220,0,930,929,929
1507,0,1,0,0,0,1,1,0,0,0x3a2,-7770,1801,0,391,8597,-1020,0x3a1,1,0,0,220,0,930,929,929
1508,0,1,0,0,0,1,1,0,0,0x3a2,-7770,1801,0,391,8597,-1020,0x3a1,1,0,0,220,0,930,929,929
1509,0,1,0,0,0,1,1,0,0,0x3a2,-7770,1801,0,391,8597,-1020,0x3a1,1,0,0,220,0,930,929,929
1510,0,1,0,0,0,1,1,0,0,0x3a2,-7770,1801,0,391,8597,-1020,0x3a1,1,0,0,220,0,930,929,929
1511,0,1,0,0,0,1,1,0,0,0x3a2,-7770,1801,0,391,8597,-1020,0x3a1,1,0,0,220,0,930,929,929
1512,0,1,0,0,0,1,1,1,1,0x3a2,-7770,1801,0,391,8597,-1020,0x3a1,1,1,1,220,0,930,929,929
1513,0,1,0,0,0,1,1,0,0,0x3a3,-2547,-1314,0,472,22849,-889,0x3a2,1,0,0,-449,0,931,930,930
1514,0,1,0,0,0,1,1,0,0,0x3a3,-2547,-1314,0,472,22849,-889,0x3a2,1,0,0,-449,0,931,930,930
1515,0,1,0,0,0,1,1,0,0,0x3a3,-2547,-1314,0,472,22849,-889,0x3a2,1,0,0,-449,0,931,930,930
1516,0,1,0,0,0,1,1,1,1,0x3a3,-2547,-1314,0,472,22849,-889,0x3a2,1,1,1,-449,0,931,930,930
1517,0,1,0,0,0,1,0,0,0,0x3a3,-2547,-1314,0,472,22849,-889,0x3a3,1,0,0,285,0,932,931,931
1518,0,1,0,0,0,1,1,0,0,0x3a4,-3811,640,0,452,18442,-1073,0x3a3,1,0,0,285,0,932,931,931
1519,0,1,0,0,0,1,1,0,0,0x3a4,-3811,640,0,452,18442,-1073,0x3a3,1,0,0,285,0,932,931,931
1520,0,1,0,0,0,1,1,1,1,0x3a4,-3811,640,0,452,18442,-1073,0x3a3,1,1,1,285,0,932,931,931
1521,0,1,0,0,0,1,1,0,0,0x3a5,-4972,-1292,0,434,14952,-1135,0x3a4,1,0,0,-168,0,933,932,932
1522,0,1,0,0,0,1,1,0,0,0x3a5,-4972,-1292,0,434,14952,-1135,0x3a4,1,0,0,-168,0,933,932,932
1523,0,1,0,0,0,1,1,0,0,0x3a5,-4972,-1292,0,434,14952,-1135,0x3a4,1,0,0,-168,0,933,932,932
1524,0,1,0,0,0,1,1,1,1,0x3a5,-4972,-1292,0,434,14952,-1135,0x3a4,1,1,1,-168,0,933,932,932
1525,0,1,0,0,0,1,1,0,0,0x3a6,-2870,834,0,467,21700,-951,0x3a5,1,0,0,358,0,934,933,933
1526,0,1,0,0,0,1,1,0,0,0x3a6,-2870,834,0,467,21700,-951,0x3a5,1,0,0,358,0,934,933,933
1527,0,1,0,0,0,1,1,0,0,0x3a6,-2870,834,0,467,21700,-951,0x3a5,1,0,0,358,0,934,933,933
1528,0,1,0,0,0,1,1,1,1,0x3a6,-2870,834,0,467,21700,-951,0x3a5,1,1,1,358,0,934,933,933
1529,0,1,0,0,0,1,1,0,0,0x3a7,306,188,0,517,34047,158,0x3a6,1,0,0,-194,0,935,934,934
1530,0,1,0,0,0,1,1,0,0,0x3a7,306,188,0,517,34047,158,0x3a6,1,0,0,-194,0,935,934,934
1531,0,1,0,0,0,1,1,0,0,0x3a7,306,188,0,517,34047,158,0x3a6,1,0,0,-194,0,935,934,934
1532,0,1,0,0,0,1,1,1,1,0x3a7,306,188,0,517,34047,158,0x3a6,1,1,1,-194,0,935,934,934
1533,0,1,0,0,0,1,1,0,0,0x3a8,-1242,-485,0,493,27939,-530,0x3a7,1,0,0,7,0,936,935,935
1534,0,1,0,0,0,1,1,0,0,0x3a8,-1242,-485,0,493,27939,-530,0x3a7,1,0,0,7,0,936,935,935
1535,0,1,0,0,0,1,1,0,0,0x3a8,-1242,-485,0,493,27939,-530,0x3a7,1,0,0,7,0,936,935,935
1536,0,1,0,0,0,1,1,0,0,0x3a8,-1242,-485,0,493,27939,-530,0x3a7,1,0,0,7,0,936,935,935
1537,0,1,0,0,0,1,1,0,0,0x3a8,-1242,-485,0,493,27939,-530,0x3a7,1,0,0,7,0,936,935,935
1538,0,1,0,0,0,1,1,0,0,0x3a8,-1242,-485,0,493,27939,-530,0x3a7,1,0,0,7,0,936,935,935
1539,0,1,0,0,0,1,1,0,0,0x3a8,-1242,-485,0,493,27939,-530,0x3a7,1,0,0,7,0,936,935,935
1540,0,1,0,0,0,1,1,1,1,0x3a8,-1242,-485,0,493,27939,-530,0x3a7,1,1,1,7,0,936,935,935
1541,0,1,0,0,0,1,1,0,0,0x3a9,-1592,-677,0,487,26448,-643,0x3a8,1,0,0,62,0,937,936,936
1542,0,1,0,0,0,1,1,0,0,0x3a9,-1592,-677,0,487,26448,-643,0x3a8,1,0,0,62,0,937,936,936
1543,0,1,0,0,0,1,1,0,0,0x3a9,-1592,-677,0,487,26448,-643,0x3a8,1,0,0,62,0,937,936,936
1544,0,1,0,0,0,1,1,1,1,0x3a9,-1592,-677,0,487,26448,-643,0x3a8,1,1,1,62,0,937,936,936
1545,0,1,0,0,0,1,1,0,0,0x3aa,-8633,214,0,377,7090,-934,0x3a9,1,0,0,106,0,938,937,937
1546,0,1,0,0,0,1,1,0,0,0x3aa,-8633,214,0,377,7090,-934,0x3a9,1,0,0,106,0,938,937,937
1547,0,1,0,0,0,1,1,0,0,0x3aa,-8633,214,0,377,7090,-934,0x3a9,1,0,0,106,0,938,937,937
1548,0,1,0,0,0,1,1,1,1,0x3aa,-8633,214,0,377,7090,-934,0x3a9,1,1,1,106,0,938,937,937
1549,0,1,0,0,0,1,1,0,0,0x3ab,-2588,248,0,472,22849,-903,0x3aa,1,0,0,-49,0,939,938,938
1550,0,1,0,0,0,1,1,0,0,0x3ab,-2588,248,0,472,22849,-903,0x3aa,1,0,0,-49,0,939,938,938
1551,0,1,0,0,0,1,1,0,0,0x3ab,-2588,248,0,472,22849,-903,0x3aa,1,0,0,-49,0,939,938,938
1552,0,1,0,0,0,1,1,0,0,0x3ab,-2588,248,0,472,22849,-903,0x3aa,1,0,0,-49,0,939,938,938
1553,0,1,0,0,0,1,1,0,0,0x3ab,-2588,248,0,472,22849,-903,0x3aa,1,0,0,-49,0,939,938,938
1554,0,1,0,0,0,1,1,0,0,0x3ab,-2588,248,0,472,22849,-903,0x3aa,1,0,0,-49,0,939,938,938
1555,0,1,0,0,0,1,1,0,0,0x3ab,-2588,248,0,472,22849,-903,0x3aa,1,0,0,-49,0,939,938,938
1556,0,1,0,0,0,1,1,1,1,0x3ab,-2588,248,0,472,22849,-903,0x3aa,1,1,1,-49,0,939,938,938
1557,0,1,0,0,0,1,0,0,0,0x3ab,-2588,248,0,472,22849,-903,0x3ab,1,0,0,-55,0,940,939,939
1558,0,1,0,0,0,1,1,0,0,0x3ac,-4618,1311,0,440,16062,-1132,0x3ab,1,0,0,-55,0,940,939,939
1559,0,1,0,0,0,1,1,0,0,0x3ac,-4618,1311,0,440,16062,-1132,0x3ab,1,0,0,-55,0,940,939,939
1560,0,1,0,0,0,1,1,1,1,0x3ac,-4618,1311,0,440,16062,-1132,0x3ab,1,1,1,-55,0,940,939,939
1561,0,1,0,0,0,1,1,0,0,0x3ad,-2402,-1301,0,474,23316,-855,0x3ac,1,0,0,-363,0,941,940,940
1562,0,1,0,0,0,1,1,0,0,0x3ad,-2402,-1301,0,474,23316,-855,0x3ac,1,0,0,-363,0,941,940,940
1563,0,1,0,0,0,1,1,0,0,0x3ad,-2402,-1301,0,474,23316,-855,0x3ac,1,0,0,-363,0,941,940,940
1564,0,1,0,0,0,1,1,0,0,0x3ad,-2402,-1301,0,474,23316,-855,0x3ac,1,0,0,-363,0,941,940,940
1565,0,1,0,0,0,1,1,0,0,0x3ad,-2402,-1301,0,474,23316,-855,0x3ac,1,0,0,-363,0,941,940,940
1566,0,1,0,0,0,1,1,0,0,0x3ad,-2402,-1301,0,474,23316,-855,0x3ac,1,0,0,-363,0,941,940,940
1567,0,1,0,0,0,1,1,0,0,0x3ad,-2402,-1301,0,474,23316,-855,0x3ac,1,0,0,-363,0,941,940,940
1568,0,1,0,0,0,1,1,1,1,0x3ad,-2402,-1301,0,474,23316,-855,0x3ac,1,1,1,-363,0,941,940,940
1569,0,1,0,0,0,1,1,0,0,0x3ae,-3499,141,0,457,19495,-1041,0x3ad,1,0,0,271,0,942,941,941
1570,0,1,0,0,0,1,1,0,0,0x3ae,-3499,141,0,457,19495,-1041,0x3ad,1,0,0,271,0,942,941,941
1571,0,1,0,0,0,1,1,0,0,0x3ae,-3499,141,0,457,19495,-1041,0x3ad,1,0,0,271,0,942,941,941
1572,0,1,0,0,0,1,1,1,1,0x3ae,-3499,141,0,457,19495,-1041,0x3ad,1,1,1,271,0,942,941,941
1573,0,1,0,0,0,1,0,0,0,0x3ae,-3499,141,0,457,19495,-1041,0x3ae,1,0,0,-36,0,943,942,942
1574,0,1,0,0,0,1,1,0,0,0x3af,-282,1556,0,508,31744,-137,0x3ae,1,0,0,-36,0,943,942,942
1575,0,1,0,0,0,1,1,0,0,0x3af,-282,1556,0,508,31744,-137,0x3ae,1,0,0,-36,0,943,942,942
1576,0,1,0,0,0,1,1,1,1,0x3af,-282,1556,0,508,31744,-137,0x3ae,1,1,1,-36,0,943,942,942
1577,0,1,0,0,0,1,0,0,0,0x3af,-282,1556,0,508,31744,-137,0x3af,1,0,0,-53,0,944,943,943
1578,0,1,0,0,0,1,1,0,0,0x3b0,-7547,-1449,0,394,8953,-1032,0x3af,1,0,0,-53,0,944,943,943
1579,0,1,0,0,0,1,1,0,0,0x3b0,-7547,-1449,0,394,8953,-1032,0x3af,1,0,0,-53,0,944,943,943
1580,0,1,0,0,0,1,1,1,1,0x3b0,-7547,-1449,0,394,8953,-1032,0x3af,1,1,1,-53,0,944,943,943
1581,0,1,0,0,0,1,1,0,0,0x3b1,-2858,-992,0,467,21700,-947,0x3b0,1,0,0,365,0,945,944,944
1582,0,1,0,0,0,1,1,0,0,0x3b1,-2858,-992,0,467,21700,-947,0x3b0,1,0,0,365,0,945,944,944
1583,0,1,0,0,0,1,1,0,0,0x3b1,-2858,-992,0,467,21700,-947,0x3b0,1,0,0,365,0,945,944,944
1584,0,1,0,0,0,1,1,1,1,0x3b1,-2858,-992,0,467,21700,-947,0x3b0,1,1,1,365,0,945,944,944
1585,0,1,0,0,0,1,1,0,0,0x3b2,-8728,-2419,0,376,6992,-932,0x3b1,1,0,0,229,0,946,945,945
1586,0,1,0,0,0,1,1,0,0,0x3b2,-8728,-2419,0,376,6992,-932,0x3b1,1,0,0,229,0,946,945,945
1587,0,1,0,0,0,1,1,0,0,0x3b2,-8728,-2419,0,376,6992,-932,0x3b1,1,0,0,229,0,946,945,945
1588,0,1,0,0,0,1,1,1,1,0x3b2,-8728,-2419,0,376,6992,-932,0x3b1,1,1,1,229,0,946,945,945
1589,0,1,0,0,0,1,1,0,0,0x3b3,-1504,463,0,489,26943,-619,0x3b2,1,0,0,550,0,947,946,946
1590,0,1,0,0,0,1,1,0,0,0x3b3,-1504,463,0,489,26943,-619,0x3b2,1,0,0,550,0,947,946,946
1591,0,1,0,0,0,1,1,0,0,0x3b3,-1504,463,0,489,26943,-619,0x3b2,1,0,0,550,0,947,946,946
1592,0,1,0,0,0,1,1,0,0,0x3b3,-1504,463,0,489,26943,-619,0x3b2,1,0,0,550,0,947,946,946
1593,0,1,0,0,0,1,1,0,0,0x3b3,-1504,463,0,489,26943,-619,0x3b2,1,0,0,550,0,947,946,946
1594,0,1,0,0,0,1,1,0,0,0x3b3,-1504,463,0,489,26943,-619,0x3b2,1,0,0,550,0,947,946,946
1595,0,1,0,0,0,1,1,0,0,0x3b3,-1504,463,0,489,26943,-619,0x3b2,1,0,0,550,0,947,946,946
1596,0,1,0,0,0,1,1,1,1,0x3b3,-1504,463,0,489,26943,-619,0x3b2,1,1,1,550,0,947,946,946
1597,0,1,0,0,0,1,0,0,0,0x3b3,-1504,463,0,489,26943,-619,0x3b3,1,0,0,-70,0,948,947,947
1598,0,1,0,0,0,1,1,0,0,0x3b4,626,2007,0,522,35323,337,0x3b3,1,0,0,-70,0,948,947,947
1599,0,1,0,0,0,1,1,0,0,0x3b4,626,2007,0,522,35323,337,0x3b3,1,0,0,-70,0,948,947,947
1600,0,1,0,0,0,1,1,1,1,0x3b4,626,2007,0,522,35323,337,0x3b3,1,1,1,-70,0,948,947,947
1601,0,1,0,0,0,1,1,0,0,0x3b5,-4107,360,0,448,17625,-1105,0x3b4,1,0,0,165,0,949,948,948
1602,0,1,0,0,0,1,1,0,0,0x3b5,-4107,360,0,448,17625,-1105,0x3b4,1,0,0,165,0,949,948,948
1603,0,1,0,0,0,1,1,0,0,0x3b5,-4107,360,0,448,17625,-1105,0x3b4,1,0,0,165,0,949,948,948
1604,0,1,0,0,0,1,1,1,1,0x3b5,-4107,360,0,448,17625,-1105,0x3b4,1,1,1,165,0,949,948,948
1605,0,1,0,0,0,1,1,0,0,0x3b6,-1962,-494,0,481,24984,-748,0x3b5,1,0,0,-98,0,950,949,949
1606,0,1,0,0,0,1,1,0,0,0x3b6,-1962,-494,0,481,24984,-748,0x3b5,1,0,0,-98,0,950,949,949
1607,0,1,0,0,0,1,1,0,0,0x3b6,-1962,-494,0,481,24984,-748,0x3b5,1,0,0,-98,0,950,949,949
1608,0,1,0,0,0,1,1,1,1,0x3b6,-1962,-494,0,481,24984,-748,0x3b5,1,1,1,-98,0,950,949,949
1609,0,1,0,0,0,1,1,0,0,0x3b7,-16338,-153,0,257,1197,-299,0x3b6,1,0,0,90,0,951,950,950
1610,0,1,0,0,0,1,1,0,0,0x3b7,-16338,-153,0,257,1197,-299,0x3b6,1,0,0,90,0,951,950,950
1611,0,1,0,0,0,1,1,0,0,0x3b7,-16338,-153,0,257,1197,-299,0x3b6,1,0,0,90,0,951,950,950
1612,0,1,0,0,0,1,1,1,1,0x3b7,-16338,-153,0,257,1197,-299,0x3b6,1,1,1,90,0,951,950,950
1613,0,1,0,0,0,1,1,0,0,0x3b8,-1790,-1216,0,484,25712,-703,0x3b7,1,0,0,11,0,952,951,951
1614,0,1,0,0,0,1,1,0,0,0x3b8,-1790,-1216,0,484,25712,-703,0x3b7,1,0,0,11,0,952,951,951
1615,0,1,0,0,0,1,1,0,0,0x3b8,-1790,-1216,0,484,25712,-703,0x3b7,1,0,0,11,0,952,951,951
1616,0,1,0,0,0,1,1,1,1,0x3b8,-1790,-1216,0,484,25712,-703,0x3b7,1,1,1,11,0,952,951,951
1617,0,1,0,0,0,1,0,0,0,0x3b8,-1790,-1216,0,484,25712,-703,0x3b8,1,0,0,208,0,953,952,952
1618,0,1,0,0,0,1,1,0,0,0x3b9,-1055,-1685,0,496,28693,-462,0x3b8,1,0,0,208,0,953,952,952
1619,0,1,0,0,0,1,1,0,0,0x3b9,-1055,-1685,0,496,28693,-462,0x3b8,1,0,0,208,0,953,952,952
1620,0,1,0,0,0,1,1,0,0,0x3b9,-1055,-1685,0,496,28693,-462,0x3b8,1,0,0,208,0,953,952,952
1621,0,1,0,0,0,1,1,0,0,0x3b9,-1055,-1685,0,496,28693,-462,0x3b8,1,0,0,208,0,953,952,952
1622,0,1,0,0,0,1,1,0,0,0x3b9,-1055,-1685,0,496,28693,-462,0x3b8,1,0,0,208,0,953,952,952
1623,0,1,0,0,0,1,1,0,0,0x3b9,-1055,-1685,0,496,28693,-462,0x3b8,1,0,0,208,0,953,952,952
1624,0,1,0,0,0,1,1,1,1,0x3b9,-1055,-1685,0,496,28693,-462,0x3b8,1,1,1,208,0,953,952,952
1625,0,1,0,0,0,1,1,0,0,0x3ba,-1510,-638,0,488,26695,-616,0x3b9,1,0,0,190,0,954,953,953
1626,0,1,0,0,0,1,1,0,0,0x3ba,-1510,-638,0,488,26695,-616,0x3b9,1,0,0,190,0,954,953,953
1627,0,1,0,0,0,1,1,0,0,0x3ba,-1510,-638,0,488,26695,-616,0x3b9,1,0,0,190,0,954,953,953
1628,0,1,0,0,0,1,1,1,1,0x3ba,-1510,-638,0,488,26695,-616,0x3b9,1,1,1,190,0,954,953,953
1629,0,1,0,0,0,1,1,0,0,0x3bb,-3662,88,0,455,19070,-1066,0x3ba,1,0,0,95,0,955,954,954
1630,0,1,0,0,0,1,1,0,0,0x3bb,-3662,88,0,455,19070,-1066,0x3ba,1,0,0,95,0,955,954,954
1631,0,1,0,0,0,1,1,0,0,0x3bb,-3662,88,0,455,19070,-1066,0x3ba,1,0,0,95,0,955,954,954
1632,0,1,0,0,0,1,1,1,1,0x3bb,-3662,88,0,455,19070,-1066,0x3ba,1,1,1,95,0,955,954,954
1633,0,1,0,0,0,1,1,0,0,0x3bc,-883,127,0,498,29198,-394,0x3bb,1,0,0,-23,0,956,955,955
1634,0,1,0,0,0,1,1,0,0,0x3bc,-883,127,0,498,29198,-394,0x3bb,1,0,0,-23,0,956,955,955
1635,0,1,0,0,0,1,1,0,0,0x3bc,-883,127,0,498,29198,-394,0x3bb,1,0,0,-23,0,956,955,955
1636,0,1,0,0,0,1,1,1,1,0x3bc,-883,127,0,498,29198,-394,0x3bb,1,1,1,-23,0,956,955,955
1637,0,1,0,0,0,1,0,0,0,0x3bc,-883,127,0,498,29198,-394,0x3bc,1,0,0,-13,0,957,956,956
1638,0,1,0,0,0,1,1,0,0,0x3bd,-2357,1775,0,475,23551,-848,0x3bc,1,0,0,-13,0,957,956,956
1639,0,1,0,0,0,1,1,0,0,0x3bd,-2357,1775,0,475,23551,-848,0x3bc,1,0,0,-13,0,957,956,956
1640,0,1,0,0,0,1,1,1,1,0x3bd,-2357,1775,0,475,23551,-848,0x3bc,1,1,1,-13,0,957,956,956
1641,0,1,0,0,0,1,0,0,0,0x3bd,-2357,1775,0,475,23551,-848,0x3bd,1,0,0,-368,0,958,957,957
1642,0,1,0,0,0,1,0,0,0,0x3bd,-2357,1775,0,475,23551,-848,0x3bd,1,0,0,-368,0,958,957,957
1643,0,1,0,0,0,1,1,0,0,0x3be,-596,290,0,503,30468,-278,0x3bd,1,0,0,-368,0,958,957,957
1644,0,1,0,0,0,1,1,0,0,0x3be,-596,290,0,503,30468,-278,0x3bd,1,0,0,-368,0,958,957,957
1645,0,1,0,0,0,1,1,0,0,0x3be,-596,290,0,503,30468,-278,0x3bd,1,0,0,-368,0,958,957,957
1646,0,1,0,0,0,1,1,0,0,0x3be,-596,290,0,503,30468,-278,0x3bd,1,0,0,-368,0,958,957,957
1647,0,1,0,0,0,1,1,0,0,0x3be,-596,290,0,503,30468,-278,0x3bd,1,0,0,-368,0,958,957,957
1648,0,1,0,0,0,1,1,0,0,0x3be,-596,290,0,503,30468,-278,0x3bd,1,0,0,-368,0,958,957,957
1649,0,1,0,0,0,1,1,0,0,0x3be,-596,290,0,503,30468,-278,0x3bd,1,0,0,-368,0,958,957,957
1650,0,1,0,0,0,1,1,0,0,0x3be,-596,290,0,503,30468,-278,0x3bd,1,0,0,-368,0,958,957,957
1651,0,1,0,0,0,1,1,0,0,0x3be,-596,290,0,503,30468,-278,0x3bd,1,0,0,-368,0,958,957,957
1652,0,1,0,0,0,1,1,1,1,0x3be,-596,290,0,503,30468,-278,0x3bd,1,1,1,-368,0,958,957,957
1653,0,1,0,0,0,1,1,0,0,0x3bf,-5506,-1448,0,426,13559,-1140,0x3be,1,0,0,-20,0,959,958,958
1654,0,1,0,0,0,1,1,0,0,0x3bf,-5506,-1448,0,426,13559,-1140,0x3be,1,0,0,-20,0,959,958,958
1655,0,1,0,0,0,1,1,0,0,0x3bf,-5506,-1448,0,426,13559,-1140,0x3be,1,0,0,-20,0,959,958,958
1656,0,1,0,0,0,1,1,1,1,0x3bf,-5506,-1448,0,426,13559,-1140,0x3be,1,1,1,-20,0,959,958,958
1657,0,1,0,0,0,1,0,0,0,0x3bf,-5506,-1448,0,426,13559,-1140,0x3bf,1,0,0,403,0,960,959,959
1658,0,1,0,0,0,1,0,0,0,0x3bf,-5506,-1448,0,426,13559,-1140,0x3bf,1,0,0,403,0,960,959,959
1659,0,1,0,0,0,1,1,0,0,0x3c0,1072,1617,0,529,37095,606,0x3bf,1,0,0,403,0,960,959,959
1660,0,1,0,0,0,1,1,1,1,0x3c0,1072,1617,0,529,37095,606,0x3bf,1,1,1,403,0,960,959,959
1661,0,1,0,0,0,1,1,0,0,0x3c1,-3780,400,0,453,18650,-1076,0x3c0,1,0,0,239,0,961,960,960
1662,0,1,0,0,0,1,1,0,0,0x3c1,-3780,400,0,453,18650,-1076,0x3c0,1,0,0,239,0,961,960,960
1663,0,1,0,0,0,1,1,0,0,0x3c1,-3780,400,0,453,18650,-1076,0x3c0,1,0,0,239,0,961,960,960
1664,0,1,0,0,0,1,1,1,1,0x3c1,-3780,400,0,453,18650,-1076,0x3c0,1,1,1,239,0,961,960,960
1665,0,1,0,0,0,1,1,0,0,0x3c2,-6795,278,0,406,10503,-1089,0x3c1,1,0,0,-106,0,962,961,961
1666,0,1,0,0,0,1,1,0,0,0x3c2,-6795,278,0,406,10503,-1089,0x3c1,1,0,0,-106,0,962,961,961
1667,0,1,0,0,0,1,1,0,0,0x3c2,-6795,278,0,406,10503,-1089,0x3c1,1,0,0,-106,0,962,961,961
1668,0,1,0,0,0,1,1,1,1,0x3c2,-6795,278,0,406,10503,-1089,0x3c1,1,1,1,-106,0,962,961,961
1669,0,1,0,0,0,1,1,0,0,0x3c3,-3287,681,0,461,20362,-1022,0x3c2,1,0,0,-74,0,963,962,962
1670,0,1,0,0,0,1,1,0,0,0x3c3,-3287,681,0,461,20362,-1022,0x3c2,1,0,0,-74,0,963,962,962
1671,0,1,0,0,0,1,1,0,0,0x3c3,-3287,681,0,461,20362,-1022,0x3c2,1,0,0,-74,0,963,962,962
1672,0,1,0,0,0,1,1,1,1,0x3c3,-3287,681,0,461,20362,-1022,0x3c2,1,1,1,-74,0,963,962,962
1673,0,1,0,0,0,1,1,0,0,0x3c4,-1522,-221,0,488,26695,-620,0x3c3,1,0,0,-170,0,964,963,963
1674,0,1,0,0,0,1,1,0,0,0x3c4,-1522,-221,0,488,26695,-620,0x3c3,1,0,0,-170,0,964,963,963
1675,0,1,0,0,0,1,1,0,0,0x3c4,-1522,-221,0,488,26695,-620,0x3c3,1,0,0,-170,0,964,963,963
1676,0,1,0,0,0,1,1,0,0,0x3c4,-1522,-221,0,488,26695,-620,0x3c3,1,0,0,-170,0,964,963,963
1677,0,1,0,0,0,1,1,0,0,0x3c4,-1522,-221,0,488,26695,-620,0x3c3,1,0,0,-170,0,964,963,963
1678,0,1,0,0,0,1,1,0,0,0x3c4,-1522,-221,0,488,26695,-620,0x3c3,1,0,0,-170,0,964,963,963
1679,0,1,0,0,0,1,1,0,0,0x3c4,-1522,-221,0,488,26695,-620,0x3c3,1,0,0,-170,0,964,963,963
1680,0,1,0,0,0,1,1,1,1,0x3c4,-1522,-221,0,488,26695,-620,0x3c3,1,1,1,-170,0,964,963,963
1681,0,1,0,0,0,1,1,0,0,0x3c5,-10725,-149,0,344,4427,-725,0x3c4,1,0,0,33,0,965,964,964
1682,0,1,0,0,0,1,1,0,0,0x3c5,-10725,-149,0,344,4427,-725,0x3c4,1,0,0,33,0,965,964,964
1683,0,1,0,0,0,1,1,0,0,0x3c5,-10725,-149,0,344,4427,-725,0x3c4,1,0,0,33,0,965,964,964
1684,0,1,0,0,0,1,1,1,1,0x3c5,-10725,-149,0,344,4427,-725,0x3c4,1,1,1,33,0,965,964,964
1685,0,1,0,0,0,1,1,0,0,0x3c6,-3143,679,0,463,20803,-998,0x3c5,1,0,0,26,0,966,965,965
1686,0,1,0,0,0,1,1,0,0,0x3c6,-3143,679,0,463,20803,-998,0x3c5,1,0,0,26,0,966,965,965
1687,0,1,0,0,0,1,1,0,0,0x3c6,-3143,679,0,463,20803,-998,0x3c5,1,0,0,26,0,966,965,965
1688,0,1,0,0,0,1,1,1,1,0x3c6,-3143,679,0,463,20803,-998,0x3c5,1,1,1,26,0,966,965,965
1689,0,1,0,0,0,1,1,0,0,0x3c7,-2636,-402,0,471,22617,-910,0x3c6,1,0,0,-166,0,967,966,966
1690,0,1,0,0,0,1,1,0,0,0x3c7,-2636,-402,0,471,22617,-910,0x3c6,1,0,0,-166,0,967,966,966
1691,0,1,0,0,0,1,1,0,0,0x3c7,-2636,-402,0,471,22617,-910,0x3c6,1,0,0,-166,0,967,966,966
1692,0,1,0,0,0,1,1,1,1,0x3c7,-2636,-402,0,471,22617,-910,0x3c6,1,1,1,-166,0,967,966,966
1693,0,1,0,0,0,1,1,0,0,0x3c8,-820,3667,0,499,29451,-369,0x3c7,1,0,0,89,0,968,967,967
1694,0,1,0,0,0,1,1,0,0,0x3c8,-820,3667,0,499,29451,-369,0x3c7,1,0,0,89,0,968,967,967
1695,0,1,0,0,0,1,1,0,0,0x3c8,-820,3667,0,499,29451,-369,0x3c7,1,0,0,89,0,968,967,967
1696,0,1,0,0,0,1,1,1,1,0x3c8,-820,3667,0,499,29451,-369,0x3c7,1,1,1,89,0,968,967,967
1697,0,1,0,0,0,1,0,0,0,0x3c8,-820,3667,0,499,29451,-369,0x3c8,1,0,0,-331,0,969,968,968
1698,0,1,0,0,0,1,1,0,0,0x3c9,-2982,901,0,465,21249,-967,0x3c8,1,0,0,-331,0,969,968,968
1699,0,1,0,0,0,1,1,0,0,0x3c9,-2982,901,0,465,21249,-967,0x3c8,1,0,0,-331,0,969,968,968
1700,0,1,0,0,0,1,1,1,1,0x3c9,-2982,901,0,465,21249,-967,0x3c8,1,1,1,-331,0,969,968,968
1701,0,1,0,0,0,1,1,0,0,0x3ca,-4705,-770,0,438,15686,-1127,0x3c9,1,0,0,-213,0,970,969,969
1702,0,1,0,0,0,1,1,0,0,0x3ca,-4705,-770,0,438,15686,-1127,0x3c9,1,0,0,-213,0,970,969,969
1703,0,1,0,0,0,1,1,0,0,0x3ca,-4705,-770,0,438,15686,-1127,0x3c9,1,0,0,-213,0,970,969,969
1704,0,1,0,0,0,1,1,0,0,0x3ca,-4705,-770,0,438,15686,-1127,0x3c9,1,0,0,-213,0,970,969,969
1705,0,1,0,0,0,1,1,0,0,0x3ca,-4705,-770,0,438,15686,-1127,0x3c9,1,0,0,-213,0,970,969,969
1706,0,1,0,0,0,1,1,0,0,0x3ca,-4705,-770,0,438,15686,-1127,0x3c9,1,0,0,-213,0,970,969,969
1707,0,1,0,0,0,1,1,0,0,0x3ca,-4705,-770,0,438,15686,-1127,0x3c9,1,0,0,-213,0,970,969,969
1708,0,1,0,0,0,1,1,1,1,0x3ca,-4705,-770,0,438,15686,-1127,0x3c9,1,1,1,-213,0,970,969,969
1709,0,1,0,0,0,1,0,0,0,0x3ca,-4705,-770,0,438,15686,-1127,0x3ca,1,0,0,211,0,971,970,970
1710,0,1,0,0,0,1,1,0,0,0x3cb,4067,1882,0,576,47911,2973,0x3ca,1,0,0,211,0,971,970,970
1711,0,1,0,0,0,1,1,0,0,0x3cb,4067,1882,0,576,47911,2973,0x3ca,1,0,0,211,0,971,970,970
1712,0,1,0,0,0,1,1,1,1,0x3cb,4067,1882,0,576,47911,2973,0x3ca,1,1,1,211,0,971,970,970
1713,0,1,0,0,0,1,1,0,0,0x3cc,-2820,-967,0,468,21928,-944,0x3cb,1,0,0,1366,0,972,971,971
1714,0,1,0,0,0,1,1,0,0,0x3cc,-2820,-967,0,468,21928,-944,0x3cb,1,0,0,1366,0,972,971,971
1715,0,1,0,0,0,1,1,0,0,0x3cc,-2820,-967,0,468,21928,-944,0x3cb,1,0,0,1366,0,972,971,971
1716,0,1,0,0,0,1,1,1,1,0x3cc,-2820,-967,0,468,21928,-944,0x3cb,1,1,1,1366,0,972,971,971
1717,0,1,0,0,0,1,0,0,0,0x3cc,-2820,-967,0,468,21928,-944,0x3cc,1,0,0,222,0,973,972,972
1718,0,1,0,0,0,1,1,0,0,0x3cd,-6982,-2713,0,403,10096,-1076,0x3cc,1,0,0,222,0,973,972,972
1719,0,1,0,0,0,1,1,0,0,0x3cd,-6982,-2713,0,403,10096,-1076,0x3cc,1,0,0,222,0,973,972,972
1720,0,1,0,0,0,1,1,1,1,0x3cd,-6982,-2713,0,403,10096,-1076,0x3cc,1,1,1,222,0,973,972,972
1721,0,1,0,0,0,1,1,0,0,0x3ce,-1100,496,0,495,28441,-478,0x3cd,1,0,0,712,0,974,973,973
1722,0,1,0,0,0,1,1,0,0,0x3ce,-1100,496,0,495,28441,-478,0x3cd,1,0,0,712,0,974,973,973
1723,0,1,0,0,0,1,1,0,0,0x3ce,-1100,496,0,495,28441,-478,0x3cd,1,0,0,712,0,974,973,973
1724,0,1,0,0,0,1,1,1,1,0x3ce,-1100,496,0,495,28441,-478,0x3cd,1,1,1,712,0,974,973,973
1725,0,1,0,0,0,1,1,0,0,0x3cf,-1021,1967,0,496,28693,-448,0x3ce,1,0,0,-58,0,975,974,974
1726,0,1,0,0,0,1,1,0,0,0x3cf,-1021,1967,0,496,28693,-448,0x3ce,1,0,0,-58,0,975,974,974
1727,0,1,0,0,0,1,1,0,0,0x3cf,-1021,1967,0,496,28693,-448,0x3ce,1,0,0,-58,0,975,974,974
1728,0,1,0,0,0,1,1,1,1,0x3cf,-1021,1967,0,496,28693,-448,0x3ce,1,1,1,-58,0,975,974,974
1729,0,1,0,0,0,1,1,0,0,0x3d0,-1749,-246,0,485,25957,-693,0x3cf,1,0,0,-216,0,976,975,975
1730,0,1,0,0,0,1,1,0,0,0x3d0,-1749,-246,0,485,25957,-693,0x3cf,1,0,0,-216,0,976,975,975
1731,0,1,0,0,0,1,1,0,0,0x3d0,-1749,-246,0,485,25957,-693,0x3cf,1,0,0,-216,0,976,975,975
1732,0,1,0,0,0,1,1,0,0,0x3d0,-1749,-246,0,485,25957,-693,0x3cf,1,0,0,-216,0,976,975,975
1733,0,1,0,0,0,1,1,0,0,0x3d0,-1749,-246,0,485,25957,-693,0x3cf,1,0,0,-216,0,976,975,975
1734,0,1,0,0,0,1,1,0,0,0x3d0,-1749,-246,0,485,25957,-693,0x3cf,1,0,0,-216,0,976,975,975
1735,0,1,0,0,0,1,1,0,0,0x3d0,-1749,-246,0,485,25957,-693,0x3cf,1,0,0,-216,0,976,975,975
1736,0,1,0,0,0,1,1,0,0,0x3d0,-1749,-246,0,485,25957,-693,0x3cf,1,0,0,-216,0,976,975,975
1737,0,1,0,0,0,1,1,0,0,0x3d0,-1749,-246,0,485,25957,-693,0x3cf,1,0,0,-216,0,976,975,975
1738,0,1,0,0,0,1,1,0,0,0x3d0,-1749,-246,0,485,25957,-693,0x3cf,1,0,0,-216,0,976,975,975
1739,0,1,0,0,0,1,1,0,0,0x3d0,-1749,-246,0,485,25957,-693,0x3cf,1,0,0,-216,0,976,975,975
1740,0,1,0,0,0,1,1,1,1,0x3d0,-1749,-246,0,485,25957,-693,0x3cf,1,1,1,-216,0,976,975,975
1741,0,1,0,0,0,1,1,0,0,0x3d1,-3606,-574,0,456,19282,-1061,0x3d0,1,0,0,41,0,977,976,976
1742,0,1,0,0,0,1,1,0,0,0x3d1,-3606,-574,0,456,19282,-1061,0x3d0,1,0,0,41,0,977,976,976
1743,0,1,0,0,0,1,1,0,0,0x3d1,-3606,-574,0,456,19282,-1061,0x3d0,1,0,0,41,0,977,976,976
1744,0,1,0,0,0,1,1,1,1,0x3d1,-3606,-574,0,456,19282,-1061,0x3d0,1,1,1,41,0,977,976,976
1745,0,1,0,0,0,1,1,0,0,0x3d2,-3729,-1148,0,454,18859,-1074,0x3d1,1,0,0,148,0,978,977,977
1746,0,1,0,0,0,1,1,0,0,0x3d2,-3729,-1148,0,454,18859,-1074,0x3d1,1,0,0,148,0,978,977,977
1747,0,1,0,0,0,1,1,0,0,0x3d2,-3729,-1148,0,454,18859,-1074,0x3d1,1,0,0,148,0,978,977,977
1748,0,1,0,0,0,1,1,1,1,0x3d2,-3729,-1148,0,454,18859,-1074,0x3d1,1,1,1,148,0,978,977,977
1749,0,1,0,0,0,1,1,0,0,0x3d3,-3407,530,0,459,19926,-1036,0x3d2,1,0,0,301,0,979,978,978
1750,0,1,0,0,0,1,1,0,0,0x3d3,-3407,530,0,459,19926,-1036,0x3d2,1,0,0,301,0,979,978,978
1751,0,1,0,0,0,1,1,0,0,0x3d3,-3407,530,0,459,19926,-1036,0x3d2,1,0,0,301,0,979,978,978
1752,0,1,0,0,0,1,1,1,1,0x3d3,-3407,530,0,459,19926,-1036,0x3d2,1,1,1,301,0,979,978,978
1753,0,1,0,0,0,1,1,0,0,0x3d4,-10097,-1676,0,354,5117,-789,0x3d3,1,0,0,-135,0,980,979,979
1754,0,1,0,0,0,1,1,0,0,0x3d4,-10097,-1676,0,354,5117,-789,0x3d3,1,0,0,-135,0,980,979,979
1755,0,1,0,0,0,1,1,0,0,0x3d4,-10097,-1676,0,354,5117,-789,0x3d3,1,0,0,-135,0,980,979,979
1756,0,1,0,0,0,1,1,1,1,0x3d4,-10097,-1676,0,354,5117,-789,0x3d3,1,1,1,-135,0,980,979,979
1757,0,1,0,0,0,1,0,0,0,0x3d4,-10097,-1676,0,354,5117,-789,0x3d4,1,0,0,322,0,981,980,980
1758,0,1,0,0,0,1,1,0,0,0x3d5,-4331,-1272,0,444,16832,-1113,0x3d4,1,0,0,322,0,981,980,980
1759,0,1,0,0,0,1,1,0,0,0x3d5,-4331,-1272,0,444,16832,-1113,0x3d4,1,0,0,322,0,981,980,980
1760,0,1,0,0,0,1,1,0,0,0x3d5,-4331,-1272,0,444,16832,-1113,0x3d4,1,0,0,322,0,981,980,980
1761,0,1,0,0,0,1,1,0,0,0x3d5,-4331,-1272,0,444,16832,-1113,0x3d4,1,0,0,322,0,981,980,980
1762,0,1,0,0,0,1,1,0,0,0x3d5,-4331,-1272,0,444,16832,-1113,0x3d4,1,0,0,322,0,981,980,980
1763,0,1,0,0,0,1,1,0,0,0x3d5,-4331,-1272,0,444,16832,-1113,0x3d4,1,0,0,322,0,981,980,980
1764,0,1,0,0,0,1,1,1,1,0x3d5,-4331,-1272,0,444,16832,-1113,0x3d4,1,1,1,322,0,981,980,980
1765,0,1,0,0,0,1,1,1,1,0x3d6,-1312,-549,0,492,27689,-555,0x3d5,1,1,1,345,0,982,981,981
1766,0,1,0,0,0,1,1,1,1,0x3d7,-2236,578,0,477,24025,-820,0x3d6,1,1,1,74,0,983,982,982
1767,0,1,0,0,0,1,0,0,0,0x3d7,-2236,578,0,477,24025,-820,0x3d7,1,0,0,-116,0,984,983,983
1768,0,1,0,0,0,1,1,1,1,0x3d8,-2544,-312,0,472,22849,-887,0x3d7,1,1,1,-116,0,984,983,983
1769,0,1,0,0,0,1,1,1,1,0x3d9,-1802,122,0,484,25712,-707,0x3d8,1,1,1,67,0,985,984,984
1770,0,1,0,0,0,1,1,1,1,0x3da,-1112,-202,0,495,28441,-483,0x3d9,1,1,1,-22,0,986,985,985
1771,0,1,0,0,0,1,1,1,1,0x3db,-10063,-517,0,355,5191,-798,0x3da,1,1,1,23,0,987,986,986
1772,0,1,0,0,0,1,0,1,0,0x3db,-10063,-517,0,355,5191,-798,0x3db,1,1,1,100,0,988,987,987
1773,0,1,0,0,0,1,1,1,1,0x3dc,-5218,1667,0,430,14243,-1135,0x3db,0,1,0,100,0,988,988,988
1774,0,1,0,0,0,1,1,0,0,0x3dd,-242,2456,0,508,31744,-118,0x3dc,1,0,0,-462,0,989,988,988
1775,0,1,0,0,0,1,1,1,1,0x3dd,-242,2456,0,508,31744,-118,0x3dc,1,1,1,-462,0,989,988,988
1776,0,1,0,0,0,1,1,1,1,0x3de,-1834,-655,0,483,25468,-713,0x3dd,1,1,1,-71,0,990,989,989
1777,0,1,0,0,0,1,0,1,0,0x3de,-1834,-655,0,483,25468,-713,0x3de,1,1,1,114,0,991,990,990
1778,0,1,0,0,0,1,1,1,1,0x3df,-4298,1352,0,445,17028,-1117,0x3de,0,1,0,114,0,991,991,991
1779,0,1,0,0,0,1,1,1,1,0x3e0,-1675,70,0,486,26202,-670,0x3df,1,1,1,-369,0,992,991,991
1780,0,1,0,0,0,1,1,1,1,0x3e1,-4506,1576,0,442,16444,-1131,0x3e0,1,1,1,-12,0,993,992,992
1781,0,1,0,0,0,1,1,0,0,0x3e2,1361,3635,0,533,38096,791,0x3e1,1,0,0,-436,0,994,993,993
1782,0,1,0,0,0,1,1,0,0,0x3e2,1361,3635,0,533,38096,791,0x3e1,1,0,0,-436,0,994,993,993
1783,0,1,0,0,0,1,1,1,1,0x3e2,1361,3635,0,533,38096,791,0x3e1,1,1,1,-436,0,994,993,993
1784,0,1,0,0,0,1,1,1,1,0x3e3,-2236,-1322,0,477,24025,-820,0x3e2,1,1,1,701,0,995,994,994
1785,0,1,0,0,0,1,1,1,1,0x3e4,919,-1178,0,526,36338,509,0x3e3,1,1,1,264,0,996,995,995
1786,0,1,0,0,0,1,1,1,1,0x3e5,-1736,293,0,485,25957,-688,0x3e4,1,1,1,-147,0,997,996,996
1787,0,1,0,0,0,1,0,1,0,0x3e5,-1736,293,0,485,25957,-688,0x3e5,1,1,1,-50,0,998,997,997
1788,0,1,0,0,0,1,1,1,1,0x3e6,-296,-516,0,507,31489,-143,0x3e5,0,0,0,-50,0,998,998,998
1789,0,1,0,0,0,1,1,1,1,0x3e7,-5509,-1119,0,426,13559,-1140,0x3e6,1,1,1,18,0,999,998,998
1790,0,1,0,0,0,1,1,1,1,0x3e8,-3915,1095,0,451,18236,-1090,0x3e7,1,1,1,311,0,1000,999,999
1791,0,1,0,0,0,1,1,1,1,0x3e9,-1309,-56,0,492,27689,-554,0x3e8,1,1,1,-292,0,1001,1000,1000
1792,0,1,0,0,0,1,0,1,0,0x3e9,-1309,-56,0,492,27689,-554,0x3e9,1,1,1,7,0,1002,1001,1001
1793,0,1,0,0,0,1,1,1,1,0x3ea,-19,-446,0,512,32768,-10,0x3e9,0,1,0,7,0,1002,1002,1002
1794,0,1,0,0,0,1,0,1,0,0x3ea,-19,-446,0,512,32768,-10,0x3ea,1,1,1,1,0,1003,1002,1002
1795,0,1,0,0,0,1,1,1,1,0x3eb,-2162,-551,0,478,24263,-801,0x3ea,0,0,0,1,0,1003,1003,1003
1796,0,1,0,0,0,1,1,1,1,0x3ec,1803,-210,0,540,39824,1095,0x3eb,1,1,1,107,0,1004,1003,1003
1797,0,1,0,0,0,1,0,1,0,0x3ec,1803,-210,0,540,39824,1095,0x3ec,1,1,1,-57,0,1005,1004,1004
1798,0,1,0,0,0,1,1,1,1,0x3ed,-5261,623,0,430,14243,-1144,0x3ec,0,1,0,-57,0,1005,1005,1005
1799,0,1,0,0,0,1,1,1,1,0x3ee,-1975,-1387,0,481,24984,-753,0x3ed,1,1,1,-175,0,1006,1005,1005
1800,0,1,0,0,0,1,1,1,1,0x3ef,-4128,145,0,448,17625,-1111,0x3ee,1,1,1,254,0,1007,1006,1006
1801,0,1,0,0,0,1,1,1,1,0x3f0,-700,2068,0,501,29959,-320,0x3ef,1,1,1,-40,0,1008,1007,1007
1802,0,1,0,0,0,1,0,0,0,0x3f0,-700,2068,0,501,29959,-320,0x3f0,1,0,0,-162,0,1009,1008,1008
1803,0,1,0,0,0,1,1,1,1,0x3f1,-2212,671,0,477,24025,-811,0x3f0,1,1,1,-162,0,1009,1008,1008
1804,0,1,0,0,0,1,1,1,1,0x3f2,-2098,-702,0,479,24502,-785,0x3f1,1,1,1,-133,0,1010,1009,1009
1805,0,1,0,0,0,1,1,0,0,0x3f3,-1826,-68,0,483,25468,-710,0x3f2,1,0,0,134,0,1011,1010,1010
1806,0,1,0,0,0,1,1,1,1,0x3f3,-1826,-68,0,483,25468,-710,0x3f2,1,1,1,134,0,1011,1010,1010
1807,0,1,0,0,0,1,0,1,0,0x3f3,-1826,-68,0,483,25468,-710,0x3f3,1,1,1,11,0,1012,1011,1011
1808,0,1,0,0,0,1,1,1,1,0x3f4,1138,-944,0,530,37346,648,0x3f3,0,1,0,11,0,1012,1012,1012
1809,0,1,0,0,0,1,1,0,0,0x3f5,73,-384,0,513,33024,36,0x3f4,1,0,0,-150,0,1013,1012,1012
1810,0,1,0,0,0,1,1,1,1,0x3f5,73,-384,0,513,33024,36,0x3f4,1,1,1,-150,0,1013,1012,1012
1811,0,1,0,0,0,1,0,1,0,0x3f5,73,-384,0,513,33024,36,0x3f5,1,1,1,-4,0,1014,1013,1013
1812,0,1,0,0,0,1,0,1,0,0x3f5,73,-384,0,513,33024,36,0x3f5,0,1,0,-4,0,1014,1014,1014
1813,0,1,0,0,0,1,1,1,1,0x3f6,-3329,319,0,460,20143,-1024,0x3f5,0,1,0,-4,0,1014,1014,1014
1814,0,1,0,0,0,1,1,1,1,0x3f7,-2928,-973,0,466,21474,-960,0x3f6,1,1,1,-80,0,1015,1014,1014
1815,0,1,0,0,0,1,1,1,1,0x3f8,-2889,386,0,467,21700,-957,0x3f7,1,1,1,228,0,1016,1015,1015
1816,0,1,0,0,0,1,1,0,0,0x3f9,-5689,-980,0,423,13062,-1134,0x3f8,1,0,0,-91,0,1017,1016,1016
1817,0,1,0,0,0,1,1,1,1,0x3f9,-5689,-980,0,423,13062,-1134,0x3f8,1,1,1,-91,0,1017,1016,1016
1818,0,1,0,0,0,1,1,1,1,0x3fa,1274,169,0,532,37847,735,0x3f9,1,1,1,271,0,1018,1017,1017
1819,0,1,0,0,0,1,1,1,1,0x3fb,-4127,-467,0,448,17625,-1110,0x3fa,1,1,1,30,0,1019,1018,1018
1820,0,1,0,0,0,1,1,1,1,0x3fc,-2554,-1453,0,472,22849,-891,0x3fb,1,1,1,126,0,1020,1019,1019
1821,0,1,0,0,0,1,1,1,1,0x3fd,-12825,-567,0,312,2758,-540,0x3fc,1,1,1,316,0,1021,1020,1020
1822,0,1,0,0,0,1,0,1,0,0x3fd,-12825,-567,0,312,2758,-540,0x3fd,1,1,1,74,0,1022,1021,1021
1823,0,1,0,0,0,1,1,1,1,0x3fe,-38,981,0,511,32512,-19,0x3fd,0,0,0,74,0,1022,1022,1022
1824,0,1,0,0,0,1,1,1,1,0x3ff,-1005,1023,0,496,28693,-441,0x3fe,1,1,1,-5,0,1023,1022,1022
1825,0,1,0,0,0,1,1,1,1,0x400,-587,189,0,503,30468,-273,0x3ff,1,1,1,-111,0,1024,1023,1023
1826,0,1,0,0,0,1,1,1,1,0x401,-5169,1166,0,431,14418,-1138,0x400,1,1,1,-13,0,1025,1024,1024
1827,0,1,0,0,0,1,0,1,0,0x401,-5169,1166,0,431,14418,-1138,0x401,1,1,1,-324,0,1026,1025,1025
1828,0,1,0,0,0,1,0,1,0,0x401,-5169,1166,0,431,14418,-1138,0x401,0,0,0,-324,0,1026,1026,1026
1829,0,1,0,0,0,1,1,1,1,0x402,-6177,-716,0,415,11803,-1113,0x401,0,1,0,-324,0,1026,1026,1026
1830,0,1,0,0,0,1,1,0,0,0x403,-3518,-1399,0,457,19495,-1047,0x402,1,0,0,194,0,1027,1026,1026
1831,0,1,0,0,0,1,1,1,1,0x403,-3518,-1399,0,457,19495,-1047,0x402,1,1,1,194,0,1027,1026,1026
1832,0,1,0,0,0,1,0,1,0,0x403,-3518,-1399,0,457,19495,-1047,0x403,1,1,1,357,0,1028,1027,1027
1833,0,1,0,0,0,1,1,1,1,0x404,-11042,2990,0,339,4115,-694,0x403,0,1,0,357,0,1028,1028,1028
1834,0,1,0,0,0,1,1,1,1,0x405,-7561,-1988,0,394,8953,-1033,0x404,1,1,1,-507,0,1029,1028,1028
1835,0,1,0,0,0,1,1,1,1,0x406,-917,343,0,498,29198,-409,0x405,1,1,1,501,0,1030,1029,1029
1836,0,1,0,0,0,1,1,1,1,0x407,-336,-1039,0,507,31489,-162,0x406,1,1,1,-35,0,1031,1030,1030
1837,0,1,0,0,0,1,0,0,0,0x407,-336,-1039,0,507,31489,-162,0x407,1,0,0,41,0,1032,1031,1031
1838,0,1,0,0,0,1,1,1,1,0x408,-806,477,0,499,29451,-363,0x407,1,1,1,41,0,1032,1031,1031
1839,0,1,0,0,0,1,1,1,1,0x409,-3727,-71,0,454,18859,-1073,0x408,1,1,1,-43,0,1033,1032,1032
1840,0,1,0,0,0,1,1,1,1,0x40a,745,136,0,524,35831,407,0x409,1,1,1,18,0,1034,1033,1033
1841,0,1,0,0,0,1,1,1,1,0x40b,-1885,-1367,0,483,25468,-733,0x40a,1,1,1,13,0,1035,1034,1034
1842,0,1,0,0,0,1,0,1,0,0x40b,-1885,-1367,0,483,25468,-733,0x40b,1,1,1,244,0,1036,1035,1035
1843,0,1,0,0,0,1,1,1,1,0x40c,-2622,-183,0,471,22617,-905,0x40b,0,1,0,244,0,1036,1036,1036
1844,0,1,0,0,0,1,1,0,0,0x40d,-399,877,0,506,31233,-191,0x40c,1,0,0,40,0,1037,1036,1036
1845,0,1,0,0,0,1,1,1,1,0x40d,-399,877,0,506,31233,-191,0x40c,1,1,1,40,0,1037,1036,1036
1846,0,1,0,0,0,1,1,1,1,0x40e,-2849,-1440,0,467,21700,-944,0x40d,1,1,1,-41,0,1038,1037,1037
1847,0,1,0,0,0,1,0,1,0,0x40e,-2849,-1440,0,467,21700,-944,0x40e,1,1,1,331,0,1039,1038,1038
1848,0,1,0,0,0,1,1,1,1,0x40f,183,349,0,515,33536,93,0x40e,0,1,0,331,0,1039,1039,1039
1849,0,1,0,0,0,1,1,1,1,0x410,-706,-1341,0,501,29959,-323,0x40f,1,1,1,7,0,1040,1039,1039
1850,0,1,0,0,0,1,1,1,1,0x411,-411,-1852,0,506,31233,-196,0x410,1,1,1,105,0,1041,1040,1040
1851,0,1,0,0,0,1,1,0,0,0x412,-577,409,0,503,30468,-269,0x411,1,0,0,88,0,1042,1041,1041
1852,0,1,0,0,0,1,1,1,1,0x412,-577,409,0,503,30468,-269,0x411,1,1,1,88,0,1042,1041,1041
1853,0,1,0,0,0,1,1,1,1,0x413,-1868,403,0,483,25468,-726,0x412,1,1,1,-27,0,1043,1042,1042
1854,0,1,0,0,0,1,1,1,1,0x414,-1634,500,0,486,26202,-654,0x413,1,1,1,-72,0,1044,1043,1043
1855,0,1,0,0,0,1,1,1,1,0x415,-2621,662,0,471,22617,-905,0x414,1,1,1,-80,0,1045,1044,1044
1856,0,1,0,0,0,1,1,1,1,0x416,-4277,-6,0,445,17028,-1112,0x415,1,1,1,-147,0,1046,1045,1045
1857,0,1,0,0,0,1,0,1,0,0x416,-4277,-6,0,445,17028,-1112,0x416,1,1,1,1,0,1047,1046,1046
1858,0,1,0,0,0,1,1,1,1,0x417,-7761,-1882,0,391,8597,-1019,0x416,0,0,0,1,0,1047,1047,1047
1859,0,1,0,0,0,1,1,1,1,0x418,-2874,-1102,0,467,21700,-952,0x417,1,1,1,468,0,1048,1047,1047
1860,0,1,0,0,0,1,1,1,1,0x419,29,-197,0,512,32768,14,0x418,1,1,1,256,0,1049,1048,1048
1861,0,1,0,0,0,1,1,1,1,0x41a,-2825,-1603,0,468,21928,-946,0x419,1,1,1,-1,0,1050,1049,1049
1862,0,1,0,0,0,1,0,1,0,0x41a,-2825,-1603,0,468,21928,-946,0x41a,1,1,1,370,0,1051,1050,1050
1863,0,1,0,0,0,1,1,1,1,0x41b,-1921,336,0,482,25226,-740,0x41a,0,1,0,370,0,1051,1051,1051
1864,0,1,0,0,0,1,1,1,1,0x41c,-13478,988,0,301,2338,-481,0x41b,1,1,1,-61,0,1052,1051,1051
1865,0,1,0,0,0,1,1,0,0,0x41d,616,1233,0,522,35323,332,0x41c,1,0,0,-117,0,1053,1052,1052
1866,0,1,0,0,0,1,1,1,1,0x41d,616,1233,0,522,35323,332,0x41c,1,1,1,-117,0,1053,1052,1052
1867,0,1,0,0,0,1,0,1,0,0x41d,616,1233,0,522,35323,332,0x41d,1,1,1,99,0,1054,1053,1053
1868,0,1,0,0,0,1,1,1,1,0x41e,-1257,141,0,492,27689,-532,0x41d,0,1,0,99,0,1054,1054,1054
1869,0,1,0,0,0,1,1,1,1,0x41f,-3905,-26,0,451,18236,-1087,0x41e,1,1,1,-19,0,1055,1054,1054
1870,0,1,0,0,0,1,1,1,1,0x420,503,-1848,0,520,34813,267,0x41f,1,1,1,6,0,1056,1055,1055
1871,0,1,0,0,0,1,1,1,1,0x421,-2141,-864,0,479,24502,-801,0x420,1,1,1,-121,0,1057,1056,1056
1872,0,1,0,0,0,1,0,0,0,0x421,-2141,-864,0,479,24502,-801,0x421,1,0,0,168,0,1058,1057,1057
1873,0,1,0,0,0,1,1,1,1,0x422,-3207,-1389,0,462,20582,-1008,0x421,1,1,1,168,0,1058,1057,1057
1874,0,1,0,0,0,1,1,0,0,0x423,-2452,-1182,0,474,23316,-873,0x422,1,0,0,341,0,1059,1058,1058
1875,0,1,0,0,0,1,1,1,1,0x423,-2452,-1182,0,474,23316,-873,0x422,1,1,1,341,0,1059,1058,1058
1876,0,1,0,0,0,1,1,1,1,0x424,-8203,-1209,0,384,7812,-978,0x423,1,1,1,251,0,1060,1059,1059
1877,0,1,0,0,0,1,0,1,0,0x424,-8203,-1209,0,384,7812,-978,0x424,1,1,1,288,0,1061,1060,1060
1878,0,1,0,0,0,1,1,1,1,0x425,-7754,-425,0,391,8597,-1018,0x424,0,1,0,288,0,1061,1061,1061
1879,0,1,0,0,0,1,0,0,0,0x425,-7754,-425,0,391,8597,-1018,0x425,1,0,0,105,0,1062,1061,1061
1880,0,1,0,0,0,1,1,1,1,0x426,-9857,-422,0,358,5420,-816,0x425,1,1,1,105,0,1062,1061,1061
1881,0,1,0,0,0,1,1,1,1,0x427,-3254,-2257,0,461,20362,-1012,0x426,1,1,1,84,0,1063,1062,1062
1882,0,1,0,0,0,1,0,1,0,0x427,-3254,-2257,0,461,20362,-1012,0x427,1,1,1,557,0,1064,1063,1063
1883,0,1,0,0,0,1,1,1,1,0x428,-3526,718,0,457,19495,-1049,0x427,0,1,0,557,0,1064,1064,1064
1884,0,1,0,0,0,1,1,1,1,0x429,-1620,146,0,487,26448,-654,0x428,1,1,1,-184,0,1065,1064,1064
1885,0,1,0,0,0,1,1,1,1,0x42a,-1671,-703,0,486,26202,-669,0x429,1,1,1,-24,0,1066,1065,1065
1886,0,1,0,0,0,1,1,0,0,0x42b,-743,-773,0,500,29705,-337,0x42a,1,0,0,114,0,1067,1066,1066
1887,0,1,0,0,0,1,1,1,1,0x42b,-743,-773,0,500,29705,-337,0x42a,1,1,1,114,0,1067,1066,1066
1888,0,1,0,0,0,1,1,1,1,0x42c,-1831,-666,0,483,25468,-712,0x42b,1,1,1,63,0,1068,1067,1067
1889,0,1,0,0,0,1,1,1,1,0x42d,-2445,239,0,474,23316,-870,0x42c,1,1,1,115,0,1069,1068,1068
1890,0,1,0,0,0,1,1,1,1,0x42e,-1257,-1368,0,492,27689,-532,0x42d,1,1,1,-51,0,1070,1069,1069
1891,0,1,0,0,0,1,1,1,1,0x42f,285,-133,0,516,33792,146,0x42e,1,1,1,177,0,1071,1070,1070
1892,0,1,0,0,0,1,0,1,0,0x42f,285,-133,0,516,33792,146,0x42f,1,1,1,-5,0,1072,1071,1071
1893,0,1,0,0,0,1,1,1,1,0x430,-3670,-574,0,455,19070,-1068,0x42f,0,0,0,-5,0,1072,1072,1072
1894,0,1,0,0,0,1,1,1,1,0x431,36,-1137,0,513,33024,18,0x430,1,1,1,149,0,1073,1072,1072
1895,0,1,0,0,0,1,1,1,1,0x432,-3444,616,0,458,19710,-1036,0x431,1,1,1,-5,0,1074,1073,1073
1896,0,1,0,0,0,1,0,1,0,0x432,-3444,616,0,458,19710,-1036,0x432,1,1,1,-156,0,1075,1074,1074
1897,0,1,0,0,0,1,0,1,0,0x432,-3444,616,0,458,19710,-1036,0x432,0,0,0,-156,0,1075,1075,1075
1898,0,1,0,0,0,1,1,1,1,0x433,-4079,-1543,0,448,17625,-1097,0x432,0,1,0,-156,0,1075,1075,1075
1899,0,1,0,0,0,1,1,1,1,0x434,-1042,527,0,496,28693,-457,0x433,1,1,1,413,0,1076,1075,1075
1900,0,1,0,0,0,1,1,0,0,0x435,-5192,1435,0,431,14418,-1143,0x434,1,0,0,-59,0,1077,1076,1076
1901,0,1,0,0,0,1,1,1,1,0x435,-5192,1435,0,431,14418,-1143,0x434,1,1,1,-59,0,1077,1076,1076
1902,0,1,0,0,0,1,0,1,0,0x435,-5192,1435,0,431,14418,-1143,0x435,1,1,1,-401,0,1078,1077,1077
1903,0,1,0,0,0,1,1,1,1,0x436,377,1760,0,518,34303,197,0x435,0,1,0,-401,0,1078,1078,1078
1904,0,1,0,0,0,1,1,1,1,0x437,-178,-1132,0,509,32000,-87,0x436,1,1,1,84,0,1079,1078,1078
1905,0,1,0,0,0,1,1,1,1,0x438,78,-492,0,513,33024,39,0x437,1,1,1,24,0,1080,1079,1079
1906,0,1,0,0,0,1,1,1,1,0x439,-2377,466,0,475,23551,-855,0x438,1,1,1,-5,0,1081,1080,1080
1907,0,1,0,0,0,1,0,0,0,0x439,-2377,466,0,475,23551,-855,0x439,1,0,0,-98,0,1082,1081,1081
1908,0,1,0,0,0,1,1,1,1,0x43a,954,-1246,0,527,36591,532,0x439,1,1,1,-98,0,1082,1081,1081
1909,0,1,0,0,0,1,1,1,1,0x43b,-2412,337,0,474,23316,-859,0x43a,1,1,1,-162,0,1083,1082,1082
1910,0,1,0,0,0,1,1,1,1,0x43c,-1983,-634,0,481,24984,-756,0x43b,1,1,1,-71,0,1084,1083,1083
1911,0,1,0,0,0,1,1,1,1,0x43d,-8275,167,0,383,7705,-973,0x43c,1,1,1,117,0,1085,1084,1084
1912,0,1,0,0,0,1,0,1,0,0x43d,-8275,167,0,383,7705,-973,0x43d,1,1,1,-40,0,1086,1085,1085
1913,0,1,0,0,0,1,0,1,0,0x43d,-8275,167,0,383,7705,-973,0x43d,0,1,0,-40,0,1086,1086,1086
1914,0,1,0,0,0,1,1,1,1,0x43e,-3146,349,0,463,20803,-999,0x43d,0,0,0,-40,0,1086,1086,1086
1915,0,1,0,0,0,1,1,1,1,0x43f,-2203,564,0,478,24263,-816,0x43e,1,1,1,-86,0,1087,1086,1086
1916,0,1,0,0,0,1,1,1,1,0x440,-3666,343,0,455,19070,-1067,0x43f,1,1,1,-113,0,1088,1087,1087
1917,0,1,0,0,0,1,0,1,0,0x440,-3666,343,0,455,19070,-1067,0x440,1,1,1,-90,0,1089,1088,1088
1918,0,1,0,0,0,1,1,1,1,0x441,-6234,-153,0,415,11803,-1123,0x440,0,1,0,-90,0,1089,1089,1089
1919,0,1,0,0,0,1,1,1,1,0x442,-4844,928,0,436,15316,-1133,0x441,1,1,1,41,0,1090,1089,1089
1920,0,1,0,0,0,1,1,0,0,0x443,-2497,232,0,473,23082,-880,0x442,1,0,0,-257,0,1091,1090,1090
1921,0,1,0,0,0,1,1,0,0,0x443,-2497,232,0,473,23082,-880,0x442,1,0,0,-257,0,1091,1090,1090
1922,0,1,0,0,0,1,1,1,1,0x443,-2497,232,0,473,23082,-880,0x442,1,1,1,-257,0,1091,1090,1090
1923,0,1,0,0,0,1,1,1,1,0x444,-6809,-240,0,406,10503,-1092,0x443,1,1,1,-50,0,1092,1091,1091
1924,0,1,0,0,0,1,1,1,1,0x445,-3403,-308,0,459,19926,-1035,0x444,1,1,1,63,0,1093,1092,1092
1925,0,1,0,0,0,1,1,1,1,0x446,-5435,-418,0,427,13728,-1139,0x445,1,1,1,77,0,1094,1093,1093
1926,0,1,0,0,0,1,1,1,1,0x447,367,90,0,518,34303,192,0x446,1,1,1,116,0,1095,1094,1094
1927,0,1,0,0,0,1,0,1,0,0x447,367,90,0,518,34303,192,0x447,1,1,1,4,0,1096,1095,1095
1928,0,1,0,0,0,1,1,1,1,0x448,-7733,-1714,0,391,8597,-1015,0x447,0,0,0,4,0,1096,1096,1096
1929,0,1,0,0,0,1,1,1,1,0x449,2674,2967,0,554,43150,1760,0x448,1,1,1,424,0,1097,1096,1096
1930,0,1,0,0,0,1,0,1,0,0x449,2674,2967,0,554,43150,1760,0x449,1,1,1,1274,0,1098,1097,1097
1931,0,1,0,0,0,1,1,1,1,0x44a,-2010,-2166,0,481,24984,-767,0x449,0,1,0,1274,0,1098,1098,1098
1932,0,1,0,0,0,1,0,1,0,0x44a,-2010,-2166,0,481,24984,-767,0x44a,1,1,1,405,0,1099,1098,1098
1933,0,1,0,0,0,1,1,1,1,0x44b,-960,340,0,497,28945,-424,0x44a,0,1,0,405,0,1099,1099,1099
1934,0,1,0,0,0,1,1,1,1,0x44c,-1686,963,0,486,26202,-675,0x44b,1,1,1,-36,0,1100,1099,1099
1935,0,1,0,0,0,1,1,0,0,0x44d,904,-715,0,526,36338,501,0x44c,1,0,0,-159,0,1101,1100,1100
1936,0,1,0,0,0,1,1,1,1,0x44d,904,-715,0,526,36338,501,0x44c,1,1,1,-159,0,1101,1100,1100
1937,0,1,0,0,0,1,0,1,0,0x44d,904,-715,0,526,36338,501,0x44d,1,1,1,-88,0,1102,1101,1101
1938,0,1,0,0,0,1,1,1,1,0x44e,-5571,-833,0,425,13392,-1139,0x44d,0,1,0,-88,0,1102,1102,1102
1939,0,1,0,0,0,1,1,1,1,0x44f,-1612,1917,0,487,26448,-651,0x44e,1,1,1,231,0,1103,1102,1102
1940,0,1,0,0,0,1,1,1,1,0x450,-364,-90,0,506,31233,-174,0x44f,1,1,1,-305,0,1104,1103,1103
1941,0,1,0,0,0,1,1,1,1,0x451,-862,-385,0,499,29451,-388,0x450,1,1,1,3,0,1105,1104,1104
1942,0,1,0,0,0,1,0,0,0,0x451,-862,-385,0,499,29451,-388,0x451,1,0,0,36,0,1106,1105,1105
1943,0,1,0,0,0,1,1,0,0,0x452,-3000,471,0,465,21249,-973,0x451,1,0,0,36,0,1106,1105,1105
1944,0,1,0,0,0,1,1,1,1,0x452,-3000,471,0,465,21249,-973,0x451,1,1,1,36,0,1106,1105,1105
1945,0,1,0,0,0,1,1,1,1,0x453,-397,3,0,506,31233,-190,0x452,1,1,1,-112,0,1107,1106,1106
1946,0,1,0,0,0,1,1,1,1,0x454,-1824,1474,0,484,25712,-716,0x453,1,1,1,-1,0,1108,1107,1107
1947,0,1,0,0,0,1,0,1,0,0x454,-1824,1474,0,484,25712,-716,0x454,1,1,1,-258,0,1109,1108,1108
1948,0,1,0,0,0,1,1,1,1,0x455,-5496,-600,0,426,13559,-1138,0x454,0,1,0,-258,0,1109,1109,1109
1949,0,1,0,0,0,1,1,0,0,0x456,1480,-279,0,535,38593,871,0x455,1,0,0,166,0,1110,1109,1109
1950,0,1,0,0,0,1,1,1,1,0x456,1480,-279,0,535,38593,871,0x455,1,1,1,166,0,1110,1109,1109
1951,0,1,0,0,0,1,1,1,1,0x457,-6961,153,0,403,10096,-1073,0x456,1,1,1,-60,0,1111,1110,1110
1952,0,1,0,0,0,1,0,1,0,0x457,-6961,153,0,403,10096,-1073,0x457,1,1,1,-41,0,1112,1111,1111
1953,0,1,0,0,0,1,1,1,1,0x458,-2582,-438,0,472,22849,-901,0x457,0,1,0,-41,0,1112,1112,1112
1954,0,1,0,0,0,1,1,1,1,0x459,-7104,-2216,0,401,9832,-1066,0x458,1,1,1,96,0,1113,1112,1112
1955,0,1,0,0,0,1,1,1,1,0x45a,-1648,209,0,486,26202,-659,0x459,1,1,1,576,0,1114,1113,1113
1956,0,1,0,0,0,1,1,0,0,0x45b,1430,-1181,0,534,38345,836,0x45a,1,0,0,-34,0,1115,1114,1114
1957,0,1,0,0,0,1,1,1,1,0x45b,1430,-1181,0,534,38345,836,0x45a,1,1,1,-34,0,1115,1114,1114
1958,0,1,0,0,0,1,1,1,1,0x45c,-3033,205,0,465,21249,-984,0x45b,1,1,1,-242,0,1116,1115,1115
1959,0,1,0,0,0,1,1,1,1,0x45d,897,-425,0,526,36338,497,0x45c,1,1,1,-50,0,1117,1116,1116
1960,0,1,0,0,0,1,1,1,1,0x45e,-1055,944,0,496,28693,-462,0x45d,1,1,1,-52,0,1118,1117,1117
1961,0,1,0,0,0,1,1,1,1,0x45f,707,-116,0,523,35577,383,0x45e,1,1,1,-107,0,1119,1118,1118
1962,0,1,0,0,0,1,0,1,0,0x45f,707,-116,0,523,35577,383,0x45f,1,1,1,-11,0,1120,1119,1119
1963,0,1,0,0,0,1,1,1,1,0x460,-1233,-431,0,493,27939,-526,0x45f,0,0,0,-11,0,1120,1120,1120
1964,0,1,0,0,0,1,0,1,0,0x460,-1233,-431,0,493,27939,-526,0x460,1,1,1,55,0,1121,1120,1120
1965,0,1,0,0,0,1,1,1,1,0x461,-2351,-413,0,475,23551,-845,0x460,0,1,0,55,0,1121,1121,1121
1966,0,1,0,0,0,1,1,0,0,0x462,-1541,86,0,488,26695,-628,0x461,1,0,0,85,0,1122,1121,1121
1967,0,1,0,0,0,1,1,1,1,0x462,-1541,86,0,488,26695,-628,0x461,1,1,1,85,0,1122,1121,1121
1968,0,1,0,0,0,1,1,1,1,0x463,-14048,450,0,293,2072,-445,0x462,1,1,1,-14,0,1123,1122,1122
1969,0,1,0,0,0,1,1,1,1,0x464,-8616,1396,0,377,7090,-933,0x463,1,1,1,-49,0,1124,1123,1123
1970,0,1,0,0,0,1,1,0,0,0x465,-1102,13,0,495,28441,-479,0x464,1,0,0,-318,0,1125,1124,1124
1971,0,1,0,0,0,1,1,1,1,0x465,-1102,13,0,495,28441,-479,0x464,1,1,1,-318,0,1125,1124,1124
1972,0,1,0,0,0,1,0,1,0,0x465,-1102,13,0,495,28441,-479,0x465,1,1,1,-2,0,1126,1125,1125
1973,0,1,0,0,0,1,1,1,1,0x466,-9691,495,0,361,5657,-837,0x465,0,1,0,-2,0,1126,1126,1126
1974,0,1,0,0,0,1,1,1,1,0x467,-4677,-819,0,439,15873,-1133,0x466,1,1,1,-102,0,1127,1126,1126
1975,0,1,0,0,0,1,1,1,1,0x468,191,274,0,515,33536,97,0x467,1,1,1,226,0,1128,1127,1127
1976,0,1,0,0,0,1,1,1,1,0x469,-6699,-328,0,407,10642,-1088,0x468,1,1,1,6,0,1129,1128,1128
1977,0,1,0,0,0,1,0,0,0,0x469,-6699,-328,0,407,10642,-1088,0x469,1,0,0,87,0,1130,1129,1129
1978,0,1,0,0,0,1,1,1,1,0x46a,-3967,-602,0,450,18031,-1092,0x469,1,1,1,87,0,1130,1129,1129
1979,0,1,0,0,0,1,1,1,1,0x46b,-4951,-747,0,435,15134,-1144,0x46a,1,1,1,160,0,1131,1130,1130
1980,0,1,0,0,0,1,1,1,1,0x46c,-1802,1223,0,484,25712,-707,0x46b,1,1,1,208,0,1132,1131,1131
1981,0,1,0,0,0,1,0,1,0,0x46c,-1802,1223,0,484,25712,-707,0x46c,1,1,1,-212,0,1133,1132,1132
1982,0,1,0,0,0,1,0,1,0,0x46c,-1802,1223,0,484,25712,-707,0x46c,0,1,0,-212,0,1133,1133,1133
1983,0,1,0,0,0,1,1,1,1,0x46d,-9631,1288,0,362,5739,-844,0x46c,0,1,0,-212,0,1133,1133,1133
1984,0,1,0,0,0,1,1,0,0,0x46e,-3117,175,0,463,20803,-990,0x46d,1,0,0,-266,0,1134,1133,1133
1985,0,1,0,0,0,1,1,1,1,0x46e,-3117,175,0,463,20803,-990,0x46d,1,1,1,-266,0,1134,1133,1133
1986,0,1,0,0,0,1,1,1,1,0x46f,-874,297,0,498,29198,-390,0x46e,1,1,1,-43,0,1135,1134,1134
1987,0,1,0,0,0,1,0,1,0,0x46f,-874,297,0,498,29198,-390,0x46f,1,1,1,-29,0,1136,1135,1135
1988,0,1,0,0,0,1,1,1,1,0x470,-2076,-259,0,480,24743,-784,0x46f,0,1,0,-29,0,1136,1136,1136
1989,0,1,0,0,0,1,1,0,0,0x471,-2596,1284,0,471,22617,-896,0x470,1,0,0,49,0,1137,1136,1136
1990,0,1,0,0,0,1,1,1,1,0x471,-2596,1284,0,471,22617,-896,0x470,1,1,1,49,0,1137,1136,1136
1991,0,1,0,0,0,1,1,0,0,0x472,-1716,1206,0,485,25957,-680,0x471,1,0,0,-281,0,1138,1137,1137
1992,0,1,0,0,0,1,1,1,1,0x472,-1716,1206,0,485,25957,-680,0x471,1,1,1,-281,0,1138,1137,1137
1993,0,1,0,0,0,1,1,1,1,0x473,-5120,1652,0,432,14595,-1141,0x472,1,1,1,-201,0,1139,1138,1138
1994,0,1,0,0,0,1,1,1,1,0x474,-4097,-539,0,448,17625,-1102,0x473,1,1,1,-461,0,1140,1139,1139
1995,0,1,0,0,0,1,1,1,1,0x475,-364,-10,0,506,31233,-174,0x474,1,1,1,145,0,1141,1140,1140
1996,0,1,0,0,0,1,1,1,1,0x476,-1729,232,0,485,25957,-685,0x475,1,1,1,0,0,1142,1141,1141
1997,0,1,0,0,0,1,0,1,0,0x476,-1729,232,0,485,25957,-685,0x476,1,1,1,-39,0,1143,1142,1142
1998,0,1,0,0,0,1,0,1,0,0x476,-1729,232,0,485,25957,-685,0x476,0,0,0,-39,0,1143,1143,1143
1999,0,1,0,0,0,1,1,1,1,0x477,-5914,2095,0,420,12579,-1136,0x476,0,1,0,-39,0,1143,1143,1143
2000,0,1,0,0,0,1,1,1,1,0x478,-1209,260,0,493,27939,-516,0x477,1,1,1,-582,0,1144,1143,1143
2001,0,1,0,0,0,1,1,1,1,0x479,-3649,-267,0,455,19070,-1062,0x478,1,1,1,-33,0,1145,1144,1144
2002,0,1,0,0,0,1,0,1,0,0x479,-3649,-267,0,455,19070,-1062,0x479,1,1,1,69,0,1146,1145,1145
2003,0,1,0,0,0,1,1,1,1,0x47a,-10534,25,0,347,4624,-744,0x479,0,1,0,69,0,1146,1146,1146
2004,0,1,0,0,0,1,1,1,1,0x47b,690,-1389,0,523,35577,374,0x47a,1,1,1,-5,0,1147,1146,1146
2005,0,1,0,0,0,1,1,0,0,0x47c,-832,1657,0,499,29451,-374,0x47b,1,0,0,-127,0,1148,1147,1147
2006,0,1,0,0,0,1,1,1,1,0x47c,-832,1657,0,499,29451,-374,0x47b,1,1,1,-127,0,1148,1147,1147
2007,0,1,0,0,0,1,0,1,0,0x47c,-832,1657,0,499,29451,-374,0x47c,1,1,1,-152,0,1149,1148,1148
2008,0,1,0,0,0,1,1,1,1,0x47d,-2643,-2949,0,471,22617,-913,0x47c,0,1,0,-152,0,1149,1149,1149
2009,0,1,0,0,0,1,1,1,1,0x47e,-703,-113,0,501,29959,-322,0x47d,1,1,1,657,0,1150,1149,1149
2010,0,1,0,0,0,1,1,1,1,0x47f,-1251,-312,0,492,27689,-529,0x47e,1,1,1,8,0,1151,1150,1150
2011,0,1,0,0,0,1,1,1,1,0x480,-2707,-250,0,470,22386,-925,0x47f,1,1,1,40,0,1152,1151,1151
2012,0,1,0,0,0,1,0,0,0,0x480,-2707,-250,0,470,22386,-925,0x480,1,0,0,56,0,1153,1152,1152
2013,0,1,0,0,0,1,1,1,1,0x481,-5209,9,0,431,14418,-1146,0x480,1,1,1,56,0,1153,1152,1152
2014,0,1,0,0,0,1,1,1,1,0x482,-99,1359,0,510,32256,-49,0x481,1,1,1,-3,0,1154,1153,1153
2015,0,1,0,0,0,1,0,1,0,0x482,-99,1359,0,510,32256,-49,0x482,1,1,1,-17,0,1155,1154,1154
2016,0,1,0,0,0,1,1,1,1,0x483,-1658,-95,0,486,26202,-663,0x482,0,1,0,-17,0,1155,1155,1155
2017,0,1,0,0,0,1,0,1,0,0x483,-1658,-95,0,486,26202,-663,0x483,1,1,1,15,0,1156,1155,1155
2018,0,1,0,0,0,1,1,1,1,0x484,698,-179,0,523,35577,378,0x483,0,1,0,15,0,1156,1156,1156
2019,0,1,0,0,0,1,1,0,0,0x485,-1724,2233,0,485,25957,-683,0x484,1,0,0,-17,0,1157,1156,1156
2020,0,1,0,0,0,1,1,1,1,0x485,-1724,2233,0,485,25957,-683,0x484,1,1,1,-17,0,1157,1156,1156
2021,0,1,0,0,0,1,1,1,1,0x486,-9566,-471,0,363,5821,-850,0x485,1,1,1,-373,0,1158,1157,1157
2022,0,1,0,0,0,1,0,1,0,0x486,-9566,-471,0,363,5821,-850,0x486,1,1,1,97,0,1159,1158,1158
2023,0,1,0,0,0,1,1,1,1,0x487,-347,-1520,0,507,31489,-167,0x486,0,1,0,97,0,1159,1159,1159
2024,0,1,0,0,0,1,1,1,1,0x488,347,-1037,0,517,34047,180,0x487,1,1,1,61,0,1160,1159,1159
2025,0,1,0,0,0,1,1,1,1,0x489,-14305,477,0,288,1921,-420,0x488,1,1,1,-46,0,1161,1160,1160
2026,0,1,0,0,0,1,1,0,0,0x48a,-5908,-1889,0,420,12579,-1134,0x489,1,0,0,-49,0,1162,1161,1161
2027,0,1,0,0,0,1,1,1,1,0x48a,-5908,-1889,0,420,12579,-1134,0x489,1,1,1,-49,0,1162,1161,1161
2028,0,1,0,0,0,1,1,1,1,0x48b,-2008,-2142,0,481,24984,-766,0x48a,1,1,1,522,0,1163,1162,1162
2029,0,1,0,0,0,1,1,1,1,0x48c,-4171,-1257,0,447,17425,-1110,0x48b,1,1,1,400,0,1164,1163,1163
2030,0,1,0,0,0,1,1,1,1,0x48d,-3141,260,0,463,20803,-998,0x48c,1,1,1,340,0,1165,1164,1164
2031,0,1,0,0,0,1,1,1,1,0x48e,-5063,1364,0,433,14773,-1142,0x48d,1,1,1,-64,0,1166,1165,1165
2032,0,1,0,0,0,1,0,1,0,0x48e,-5063,1364,0,433,14773,-1142,0x48e,1,1,1,-381,0,1167,1166,1166
2033,0,1,0,0,0,1,1,1,1,0x48f,-2992,-219,0,465,21249,-971,0x48e,0,0,0,-381,0,1167,1167,1167
2034,0,1,0,0,0,1,1,1,1,0x490,1513,-1767,0,536,38841,896,0x48f,1,1,1,51,0,1168,1167,1167
2035,0,1,0,0,0,1,1,0,0,0x491,-4200,-699,0,446,17226,-1104,0x490,1,0,0,-387,0,1169,1168,1168
2036,0,1,0,0,0,1,1,1,1,0x491,-4200,-699,0,446,17226,-1104,0x490,1,1,1,-387,0,1169,1168,1168
2037,0,1,0,0,0,1,0,1,0,0x491,-4200,-699,0,446,17226,-1104,0x491,1,1,1,188,0,1170,1169,1169
2038,0,1,0,0,0,1,1,1,1,0x492,464,2,0,519,34558,244,0x491,0,1,0,188,0,1170,1170,1170
2039,0,1,0,0,0,1,1,1,1,0x493,-2680,913,0,470,22386,-916,0x492,1,1,1,0,0,1171,1170,1170
2040,0,1,0,0,0,1,1,0,0,0x494,-2382,660,0,475,23551,-856,0x493,1,0,0,-205,0,1172,1171,1171
2041,0,1,0,0,0,1,1,1,1,0x494,-2382,660,0,475,23551,-856,0x493,1,1,1,-205,0,1172,1171,1171
2042,0,1,0,0,0,1,0,1,0,0x494,-2382,660,0,475,23551,-856,0x494,1,1,1,-138,0,1173,1172,1172
2043,0,1,0,0,0,1,1,1,1,0x495,-1506,-77,0,488,26695,-614,0x494,0,1,0,-138,0,1173,1173,1173
2044,0,1,0,0,0,1,1,1,1,0x496,-6096,1016,0,417,12109,-1127,0x495,1,1,1,11,0,1174,1173,1173
2045,0,1,0,0,0,1,1,1,1,0x497,493,1951,0,520,34813,261,0x496,1,1,1,-280,0,1175,1174,1174
2046,0,1,0,0,0,1,1,1,1,0x498,-3974,692,0,450,18031,-1094,0x497,1,1,1,124,0,1176,1175,1175
2047,0,1,0,0,0,1,0,0,0,0x498,-3974,692,0,450,18031,-1094,0x498,1,0,0,-185,0,1177,1176,1176
2048,0,1,0,0,0,1,1,1,1,0x499,-647,2025,0,502,30213,-299,0x498,1,1,1,-185,0,1177,1176,1176
2049,0,1,0,0,0,1,0,1,0,0x499,-647,2025,0,502,30213,-299,0x499,1,1,1,-148,0,1178,1177,1177
2050,0,1,0,0,0,1,1,1,1,0x49a,-3154,-134,0,463,20803,-1002,0x499,0,1,0,-148,0,1178,1178,1178
2051,0,1,0,0,0,1,1,1,1,0x49b,193,231,0,515,33536,98,0x49a,1,1,1,32,0,1179,1178,1178
2052,0,1,0,0,0,1,0,1,0,0x49b,193,231,0,515,33536,98,0x49b,1,1,1,5,0,1180,1179,1179
2053,0,1,0,0,0,1,1,1,1,0x49c,-490,-1342,0,504,30723,-230,0x49b,0,1,0,5,0,1180,1180,1180
2054,0,1,0,0,0,1,1,0,0,0x49d,-478,2190,0,505,30978,-226,0x49c,1,0,0,75,0,1181,1180,1180
2055,0,1,0,0,0,1,1,1,1,0x49d,-478,2190,0,505,30978,-226,0x49c,1,1,1,75,0,1181,1180,1180
2056,0,1,0,0,0,1,1,1,1,0x49e,-7389,-322,0,397,9321,-1051,0x49d,1,1,1,-121,0,1182,1181,1181
2057,0,1,0,0,0,1,0,1,0,0x49e,-7389,-322,0,397,9321,-1051,0x49e,1,1,1,82,0,1183,1182,1182
2058,0,1,0,0,0,1,1,1,1,0x49f,-1237,-2360,0,493,27939,-528,0x49e,0,0,0,82,0,1183,1183,1183
2059,0,1,0,0,0,1,1,1,1,0x4a0,-2356,-1993,0,475,23551,-847,0x49f,1,1,1,304,0,1184,1183,1183
2060,0,1,0,0,0,1,1,1,1,0x4a1,-3514,339,0,457,19495,-1046,0x4a0,1,1,1,412,0,1185,1184,1184
2061,0,1,0,0,0,1,1,0,0,0x4a2,-1632,579,0,487,26448,-659,0x4a1,1,0,0,-87,0,1186,1185,1185
2062,0,1,0,0,0,1,1,1,1,0x4a2,-1632,579,0,487,26448,-659,0x4a1,1,1,1,-87,0,1186,1185,1185
2063,0,1,0,0,0,1,1,1,1,0x4a3,-6511,1237,0,410,11066,-1100,0x4a2,1,1,1,-94,0,1187,1186,1186
2064,0,1,0,0,0,1,1,1,1,0x4a4,1020,1905,0,528,36843,573,0x4a3,1,1,1,-333,0,1188,1187,1187
2065,0,1,0,0,0,1,1,1,1,0x4a5,-5010,83,0,434,14952,-1144,0x4a4,1,1,1,266,0,1189,1188,1188
2066,0,1,0,0,0,1,0,1,0,0x4a5,-5010,83,0,434,14952,-1144,0x4a5,1,1,1,-24,0,1190,1189,1189
2067,0,1,0,0,0,1,0,1,0,0x4a5,-5010,83,0,434,14952,-1144,0x4a5,0,1,0,-24,0,1190,1190,1190
2068,0,1,0,0,0,1,1,1,1,0x4a6,-3246,1320,0,461,20362,-1009,0x4a5,0,0,0,-24,0,1190,1190,1190
2069,0,1,0,0,0,1,1,1,1,0x4a7,-1691,175,0,486,26202,-677,0x4a6,1,1,1,-326,0,1191,1190,1190
2070,0,1,0,0,0,1,1,1,1,0x4a8,-3130,316,0,463,20803,-994,0x4a7,1,1,1,-29,0,1192,1191,1191
2071,0,1,0,0,0,1,1,1,1,0x4a9,-10351,87,0,350,4830,-763,0x4a8,1,1,1,-77,0,1193,1192,1192
2072,0,1,0,0,0,1,0,1,0,0x4a9,-10351,87,0,350,4830,-763,0x4a9,1,1,1,-17,0,1194,1193,1193
2073,0,1,0,0,0,1,1,1,1,0x4aa,-1364,640,0,491,27440,-572,0x4a9,0,1,0,-17,0,1194,1194,1194
2074,0,1,0,0,0,1,1,1,1,0x4ab,-2299,1322,0,476,23788,-835,0x4aa,1,1,1,-90,0,1195,1194,1194
2075,0,1,0,0,0,1,1,0,0,0x4ac,-1858,231,0,483,25468,-723,0x4ab,1,0,0,-270,0,1196,1195,1195
2076,0,1,0,0,0,1,1,1,1,0x4ac,-1858,231,0,483,25468,-723,0x4ab,1,1,1,-270,0,1196,1195,1195
2077,0,1,0,0,0,1,0,1,0,0x4ac,-1858,231,0,483,25468,-723,0x4ac,1,1,1,-41,0,1197,1196,1196
2078,0,1,0,0,0,1,1,1,1,0x4ad,-4351,-802,0,444,16832,-1118,0x4ac,0,1,0,-41,0,1197,1197,1197
2079,0,1,0,0,0,1,1,1,1,0x4ae,-3847,-259,0,452,18442,-1083,0x4ad,1,1,1,218,0,1198,1197,1197
2080,0,1,0,0,0,1,1,1,1,0x4af,-2006,-1449,0,481,24984,-765,0x4ae,1,1,1,68,0,1199,1198,1198
2081,0,1,0,0,0,1,1,0,0,0x4b0,-663,1245,0,502,30213,-306,0x4af,1,0,0,270,0,1200,1199,1199
2082,0,1,0,0,0,1,1,0,0,0x4b0,-663,1245,0,502,30213,-306,0x4af,1,0,0,270,0,1200,1199,1199
2083,0,1,0,0,0,1,1,1,1,0x4b0,-663,1245,0,502,30213,-306,0x4af,1,1,1,270,0,1200,1199,1199
2084,0,1,0,0,0,1,1,1,1,0x4b1,-2107,-1416,0,479,24502,-788,0x4b0,1,1,1,-94,0,1201,1200,1200
2085,0,1,0,0,0,1,1,1,1,0x4b2,-2802,767,0,468,21928,-938,0x4b1,1,1,1,272,0,1202,1201,1201
2086,0,1,0,0,0,1,1,1,1,0x4b3,-3034,-477,0,465,21249,-984,0x4b2,1,1,1,-176,0,1203,1202,1202
2087,0,1,0,0,0,1,0,1,0,0x4b3,-3034,-477,0,465,21249,-984,0x4b3,1,1,1,114,0,1204,1203,1203
2088,0,1,0,0,0,1,1,1,1,0x4b4,-3145,-2565,0,463,20803,-999,0x4b3,0,1,0,114,0,1204,1204,1204
2089,0,1,0,0,0,1,1,0,0,0x4b5,-3304,-1172,0,460,20143,-1016,0x4b4,1,0,0,625,0,1205,1204,1204
2090,0,1,0,0,0,1,1,1,1,0x4b5,-3304,-1172,0,460,20143,-1016,0x4b4,1,1,1,625,0,1205,1204,1204
2091,0,1,0,0,0,1,1,1,1,0x4b6,-2753,-9,0,469,22156,-931,0x4b5,1,1,1,290,0,1206,1205,1205
2092,0,1,0,0,0,1,0,1,0,0x4b6,-2753,-9,0,469,22156,-931,0x4b6,1,1,1,2,0,1207,1206,1206
2093,0,1,0,0,0,1,1,1,1,0x4b7,-8978,134,0,372,6611,-906,0x4b6,0,1,0,2,0,1207,1207,1207
2094,0,1,0,0,0,1,1,1,1,0x4b8,-3567,30,0,456,19282,-1050,0x4b7,1,1,1,-30,0,1208,1207,1207
2095,0,1,0,0,0,1,1,1,1,0x4b9,1691,-464,0,538,39334,1014,0x4b8,1,1,1,-8,0,1209,1208,1208
2096,0,1,0,0,0,1,1,0,0,0x4ba,-2756,596,0,469,22156,-932,0x4b9,1,0,0,-115,0,1210,1209,1209
2097,0,1,0,0,0,1,1,1,1,0x4ba,-2756,596,0,469,22156,-932,0x4b9,1,1,1,-115,0,1210,1209,1209
2098,0,1,0,0,0,1,1,1,1,0x4bb,-122,20,0,510,32256,-61,0x4ba,1,1,1,-136,0,1211,1210,1210
2099,0,1,0,0,0,1,1,1,1,0x4bc,-1875,-1130,0,483,25468,-729,0x4bb,1,1,1,-1,0,1212,1211,1211
2100,0,1,0,0,0,1,0,1,0,0x4bc,-1875,-1130,0,483,25468,-729,0x4bc,1,1,1,201,0,1213,1212,1212
2101,0,1,0,0,0,1,1,1,1,0x4bd,-378,2121,0,506,31233,-181,0x4bc,0,1,0,201,0,1213,1213,1213
2102,0,1,0,0,0,1,0,1,0,0x4bd,-378,2121,0,506,31233,-181,0x4bd,1,1,1,-94,0,1214,1213,1213
2103,0,1,0,0,0,1,1,1,1,0x4be,-1918,479,0,482,25226,-739,0x4bd,0,0,0,-94,0,1214,1214,1214
2104,0,1,0,0,0,1,1,0,0,0x4bf,2,1613,0,512,32768,1,0x4be,1,0,0,-87,0,1215,1214,1214
2105,0,1,0,0,0,1,1,1,1,0x4bf,2,1613,0,512,32768,1,0x4be,1,1,1,-87,0,1215,1214,1214
2106,0,1,0,0,0,1,1,1,1,0x4c0,-870,1055,0,498,29198,-388,0x4bf,1,1,1,0,0,1216,1215,1215
2107,0,1,0,0,0,1,0,1,0,0x4c0,-870,1055,0,498,29198,-388,0x4c0,1,1,1,-100,0,1217,1216,1216
2108,0,1,0,0,0,1,1,1,1,0x4c1,-3837,350,0,452,18442,-1080,0x4c0,0,1,0,-100,0,1217,1217,1217
2109,0,1,0,0,0,1,1,1,1,0x4c2,-2311,956,0,476,23788,-839,0x4c1,1,1,1,-93,0,1218,1217,1217
2110,0,1,0,0,0,1,1,0,0,0x4c3,-2329,2184,0,476,23788,-846,0x4c2,1,0,0,-196,0,1219,1218,1218
2111,0,1,0,0,0,1,1,1,1,0x4c3,-2329,2184,0,476,23788,-846,0x4c2,1,1,1,-196,0,1219,1218,1218
2112,0,1,0,0,0,1,0,1,0,0x4c3,-2329,2184,0,476,23788,-846,0x4c3,1,1,1,-452,0,1220,1219,1219
2113,0,1,0,0,0,1,1,1,1,0x4c4,-2059,-1535,0,480,24743,-778,0x4c3,0,1,0,-452,0,1220,1220,1220
2114,0,1,0,0,0,1,1,1,1,0x4c5,2,1639,0,512,32768,1,0x4c4,1,1,1,291,0,1221,1220,1220
2115,0,1,0,0,0,1,1,1,1,0x4c6,-1105,814,0,495,28441,-480,0x4c5,1,1,1,0,0,1222,1221,1221
2116,0,1,0,0,0,1,1,1,1,0x4c7,-2768,786,0,469,22156,-936,0x4c6,1,1,1,-96,0,1223,1222,1222
2117,0,1,0,0,0,1,0,0,0,0x4c7,-2768,786,0,469,22156,-936,0x4c7,1,0,0,-180,0,1224,1223,1223
2118,0,1,0,0,0,1,1,1,1,0x4c8,-12928,-11824,0,310,2677,-529,0x4c7,1,1,1,-180,0,1224,1223,1223
2119,0,1,0,0,0,1,1,1,1,0x4c9,-2782,-769,0,469,22156,-941,0x4c8,1,1,1,1527,0,1225,1224,1224
2120,0,1,0,0,0,1,1,1,1,0x4ca,610,1360,0,522,35323,328,0x4c9,1,1,1,176,0,1226,1225,1225
2121,0,1,0,0,0,1,1,1,1,0x4cb,-2203,2514,0,478,24263,-816,0x4ca,1,1,1,108,0,1227,1226,1226
2122,0,1,0,0,0,1,0,1,0,0x4cb,-2203,2514,0,478,24263,-816,0x4cb,1,1,1,-501,0,1228,1227,1227
2123,0,1,0,0,0,1,1,1,1,0x4cc,178,195,0,515,33536,91,0x4cb,0,1,0,-501,0,1228,1228,1228
2124,0,1,0,0,0,1,1,0,0,0x4cd,-1858,-412,0,483,25468,-723,0x4cc,1,0,0,4,0,1229,1228,1228
2125,0,1,0,0,0,1,1,1,1,0x4cd,-1858,-412,0,483,25468,-723,0x4cc,1,1,1,4,0,1229,1228,1228
2126,0,1,0,0,0,1,1,1,1,0x4ce,-2516,-2019,0,473,23082,-887,0x4cd,1,1,1,72,0,1230,1229,1229
2127,0,1,0,0,0,1,0,0,0,0x4ce,-2516,-2019,0,473,23082,-887,0x4ce,1,0,0,437,0,1231,1230,1230
2128,0,1,0,0,0,1,1,1,1,0x4cf,1207,941,0,531,37597,692,0x4ce,1,1,1,437,0,1231,1230,1230
2129,0,1,0,0,0,1,1,1,1,0x4d0,115,-1281,0,514,33280,58,0x4cf,1,1,1,158,0,1232,1231,1231
2130,0,1,0,0,0,1,1,1,1,0x4d1,-7438,-2106,0,396,9197,-1044,0x4d0,1,1,1,-19,0,1233,1232,1232
2131,0,1,0,0,0,1,1,0,0,0x4d2,-6817,386,0,405,10366,-1079,0x4d1,1,0,0,536,0,1234,1233,1233
2132,0,1,0,0,0,1,1,1,1,0x4d2,-6817,386,0,405,10366,-1079,0x4d1,1,1,1,536,0,1234,1233,1233
2133,0,1,0,0,0,1,1,1,1,0x4d3,-4801,-1690,0,437,15500,-1136,0x4d2,1,1,1,-102,0,1235,1234,1234
2134,0,1,0,0,0,1,0,1,0,0x4d3,-4801,-1690,0,437,15500,-1136,0x4d3,1,1,1,468,0,1236,1235,1235
2135,0,1,0,0,0,1,1,1,1,0x4d4,-1142,2126,0,494,28190,-492,0x4d3,0,1,0,468,0,1236,1236,1236
2136,0,1,0,0,0,1,1,1,1,0x4d5,-2759,1181,0,469,22156,-933,0x4d4,1,1,1,-256,0,1237,1236,1236
2137,0,1,0,0,0,1,0,1,0,0x4d5,-2759,1181,0,469,22156,-933,0x4d5,1,1,1,-270,0,1238,1237,1237
2138,0,1,0,0,0,1,1,1,1,0x4d6,-707,-590,0,501,29959,-324,0x4d5,0,0,0,-270,0,1238,1238,1238
2139,0,1,0,0,0,1,1,1,1,0x4d7,-4970,-109,0,434,14952,-1134,0x4d6,1,1,1,46,0,1239,1238,1238
2140,0,1,0,0,0,1,1,1,1,0x4d8,-1502,304,0,489,26943,-618,0x4d7,1,1,1,30,0,1240,1239,1239
2141,0,1,0,0,0,1,1,1,1,0x4d9,-5426,224,0,427,13728,-1137,0x4d8,1,1,1,-46,0,1241,1240,1240
2142,0,1,0,0,0,1,0,1,0,0x4d9,-5426,224,0,427,13728,-1137,0x4d9,1,1,1,-63,0,1242,1241,1241
2143,0,1,0,0,0,1,1,1,1,0x4da,825,365,0,525,36085,454,0x4d9,0,1,0,-63,0,1242,1242,1242
2144,0,1,0,0,0,1,1,1,1,0x4db,-2100,1205,0,479,24502,-786,0x4da,1,1,1,40,0,1243,1242,1242
2145,0,1,0,0,0,1,1,0,0,0x4dc,-4819,-409,0,437,15500,-1140,0x4db,1,0,0,-232,0,1244,1243,1243
2146,0,1,0,0,0,1,1,1,1,0x4dc,-4819,-409,0,437,15500,-1140,0x4db,1,1,1,-232,0,1244,1243,1243
2147,0,1,0,0,0,1,0,1,0,0x4dc,-4819,-409,0,437,15500,-1140,0x4dc,1,1,1,113,0,1245,1244,1244
2148,0,1,0,0,0,1,1,1,1,0x4dd,-2425,979,0,474,23316,-863,0x4dc,0,1,0,113,0,1245,1245,1245
2149,0,1,0,0,0,1,1,1,1,0x4de,-1864,-370,0,483,25468,-725,0x4dd,1,1,1,-207,0,1246,1245,1245
2150,0,1,0,0,0,1,1,0,0,0x4df,-517,-535,0,504,30723,-243,0x4de,1,0,0,65,0,1247,1246,1246
2151,0,1,0,0,0,1,1,1,1,0x4df,-517,-535,0,504,30723,-243,0x4de,1,1,1,65,0,1247,1246,1246
2152,0,1,0,0,0,1,0,0,0,0x4df,-517,-535,0,504,30723,-243,0x4df,1,0,0,31,0,1248,1247,1247
2153,0,1,0,0,0,1,1,1,1,0x4e0,-935,-898,0,497,28945,-413,0x4df,1,1,1,31,0,1248,1247,1247
2154,0,1,0,0,0,1,1,1,1,0x4e1,-123,-2829,0,510,32256,-61,0x4e0,1,1,1,90,0,1249,1248,1248
2155,0,1,0,0,0,1,1,1,1,0x4e2,-10850,-625,0,342,4299,-712,0x4e1,1,1,1,42,0,1250,1249,1249
2156,0,1,0,0,0,1,1,1,1,0x4e3,-4268,-69,0,445,17028,-1109,0x4e2,1,1,1,108,0,1251,1250,1250
2157,0,1,0,0,0,1,0,1,0,0x4e3,-4268,-69,0,445,17028,-1109,0x4e3,1,1,1,18,0,1252,1251,1251
2158,0,1,0,0,0,1,1,1,1,0x4e4,-1366,400,0,491,27440,-572,0x4e3,0,1,0,18,0,1252,1252,1252
2159,0,1,0,0,0,1,1,0,0,0x4e5,-8865,-131,0,373,6705,-907,0x4e4,1,0,0,-56,0,1253,1252,1252
2160,0,1,0,0,0,1,1,1,1,0x4e5,-8865,-131,0,373,6705,-907,0x4e4,1,1,1,-56,0,1253,1252,1252
2161,0,1,0,0,0,1,1,1,1,0x4e6,-155,-545,0,510,32256,-77,0x4e5,1,1,1,29,0,1254,1253,1253
2162,0,1,0,0,0,1,0,1,0,0x4e6,-155,-545,0,510,32256,-77,0x4e6,1,1,1,10,0,1255,1254,1254
2163,0,1,0,0,0,1,1,1,1,0x4e7,-1722,458,0,485,25957,-683,0x4e6,0,1,0,10,0,1255,1255,1255
2164,0,1,0,0,0,1,1,1,1,0x4e8,-6157,-409,0,416,11955,-1124,0x4e7,1,1,1,-77,0,1256,1255,1255
2165,0,1,0,0,0,1,1,1,1,0x4e9,669,-1044,0,522,35323,360,0x4e8,1,1,1,112,0,1257,1256,1256
2166,0,1,0,0,0,1,1,0,0,0x4ea,-1211,1530,0,493,27939,-517,0x4e9,1,0,0,-92,0,1258,1257,1257
2167,0,1,0,0,0,1,1,1,1,0x4ea,-1211,1530,0,493,27939,-517,0x4e9,1,1,1,-92,0,1258,1257,1257
2168,0,1,0,0,0,1,0,1,0,0x4ea,-1211,1530,0,493,27939,-517,0x4ea,1,1,1,-194,0,1259,1258,1258
2169,0,1,0,0,0,1,1,1,1,0x4eb,-4677,-1094,0,439,15873,-1133,0x4ea,0,1,0,-194,0,1259,1259,1259
2170,0,1,0,0,0,1,1,1,1,0x4ec,-2787,-1227,0,468,21928,-933,0x4eb,1,1,1,302,0,1260,1259,1259
2171,0,1,0,0,0,1,1,1,1,0x4ed,-3611,-9,0,456,19282,-1063,0x4ec,1,1,1,279,0,1261,1260,1260
2172,0,1,0,0,0,1,0,1,0,0x4ed,-3611,-9,0,456,19282,-1063,0x4ed,1,1,1,2,0,1262,1261,1261
2173,0,1,0,0,0,1,1,1,1,0x4ee,-1142,84,0,494,28190,-492,0x4ed,0,0,0,2,0,1262,1262,1262
2174,0,1,0,0,0,1,1,1,1,0x4ef,2124,747,0,545,41034,1329,0x4ee,1,1,1,-11,0,1263,1262,1262
2175,0,1,0,0,0,1,1,1,1,0x4f0,-2382,-244,0,475,23551,-856,0x4ef,1,1,1,242,0,1264,1263,1263
2176,0,1,0,0,0,1,1,1,1,0x4f1,-3170,-379,0,462,20582,-996,0x4f0,1,1,1,50,0,1265,1264,1264
2177,0,1,0,0,0,1,0,1,0,0x4f1,-3170,-379,0,462,20582,-996,0x4f1,1,1,1,92,0,1266,1265,1265
2178,0,1,0,0,0,1,1,1,1,0x4f2,-4792,-171,0,437,15500,-1134,0x4f1,0,1,0,92,0,1266,1266,1266
2179,0,1,0,0,0,1,1,1,1,0x4f3,-2852,-1589,0,467,21700,-945,0x4f2,1,1,1,47,0,1267,1266,1266
2180,0,1,0,0,0,1,1,0,0,0x4f4,-2347,-170,0,475,23551,-844,0x4f3,1,0,0,366,0,1268,1267,1267
2181,0,1,0,0,0,1,1,1,1,0x4f4,-2347,-170,0,475,23551,-844,0x4f3,1,1,1,366,0,1268,1267,1267
2182,0,1,0,0,0,1,0,1,0,0x4f4,-2347,-170,0,475,23551,-844,0x4f4,1,1,1,35,0,1269,1268,1268
2183,0,1,0,0,0,1,1,1,1,0x4f5,-2630,-441,0,471,22617,-908,0x4f4,0,1,0,35,0,1269,1269,1269
2184,0,1,0,0,0,1,1,1,1,0x4f6,-9490,-702,0,364,5904,-855,0x4f5,1,1,1,97,0,1270,1269,1269
2185,0,1,0,0,0,1,0,1,0,0x4f6,-9490,-702,0,364,5904,-855,0x4f6,1,1,1,146,0,1271,1270,1270
2186,0,1,0,0,0,1,1,1,1,0x4f7,-3130,821,0,463,20803,-994,0x4f6,0,1,0,146,0,1271,1271,1271
2187,0,1,0,0,0,1,0,0,0,0x4f7,-3130,821,0,463,20803,-994,0x4f7,1,0,0,-200,0,1272,1271,1271
2188,0,1,0,0,0,1,1,1,1,0x4f8,-1621,452,0,487,26448,-655,0x4f7,1,1,1,-200,0,1272,1271,1271
2189,0,1,0,0,0,1,1,1,1,0x4f9,-65,-817,0,511,32512,-33,0x4f8,1,1,1,-73,0,1273,1272,1272
2190,0,1,0,0,0,1,1,1,1,0x4fa,-1655,96,0,486,26202,-662,0x4f9,1,1,1,6,0,1274,1273,1273
2191,0,1,0,0,0,1,1,1,1,0x4fb,-13,610,0,512,32768,-7,0x4fa,1,1,1,-16,0,1275,1274,1274
2192,0,1,0,0,0,1,0,1,0,0x4fb,-13,610,0,512,32768,-7,0x4fb,1,1,1,-2,0,1276,1275,1275
2193,0,1,0,0,0,1,1,1,1,0x4fc,-3282,-81,0,461,20362,-1020,0x4fb,0,1,0,-2,0,1276,1276,1276
2194,0,1,0,0,0,1,1,0,0,0x4fd,-265,240,0,508,31744,-129,0x4fc,1,0,0,20,0,1277,1276,1276
2195,0,1,0,0,0,1,1,1,1,0x4fd,-265,240,0,508,31744,-129,0x4fc,1,1,1,20,0,1277,1276,1276
2196,0,1,0,0,0,1,1,0,0,0x4fe,-1146,1023,0,494,28190,-493,0x4fd,1,0,0,-8,0,1278,1277,1277
2197,0,1,0,0,0,1,1,1,1,0x4fe,-1146,1023,0,494,28190,-493,0x4fd,1,1,1,-8,0,1278,1277,1277
2198,0,1,0,0,0,1,1,1,1,0x4ff,-4230,1347,0,446,17226,-1112,0x4fe,1,1,1,-124,0,1279,1278,1278
2199,0,1,0,0,0,1,1,1,1,0x500,-1735,-1538,0,485,25957,-688,0x4ff,1,1,1,-366,0,1280,1279,1279
2200,0,1,0,0,0,1,1,1,1,0x501,-6045,393,0,418,12264,-1132,0x500,1,1,1,258,0,1281,1280,1280
2201,0,1,0,0,0,1,1,0,0,0x502,-1429,-1528,0,490,27191,-593,0x501,1,0,0,-109,0,1282,1281,1281
2202,0,1,0,0,0,1,1,1,1,0x502,-1429,-1528,0,490,27191,-593,0x501,1,1,1,-109,0,1282,1281,1281
2203,0,1,0,0,0,1,1,1,1,0x503,-3330,-618,0,460,20143,-1024,0x502,1,1,1,221,0,1283,1282,1282
2204,0,1,0,0,0,1,1,1,1,0x504,-5349,1483,0,428,13898,-1135,0x503,1,1,1,154,0,1284,1283,1283
2205,0,1,0,0,0,1,1,1,1,0x505,-709,-1247,0,501,29959,-325,0x504,1,1,1,-411,0,1285,1284,1284
2206,0,1,0,0,0,1,1,1,1,0x506,-106,-58,0,510,32256,-53,0x505,1,1,1,98,0,1286,1285,1285
2207,0,1,0,0,0,1,0,1,0,0x506,-106,-58,0,510,32256,-53,0x506,1,1,1,0,0,1287,1286,1286
2208,0,1,0,0,0,1,1,1,1,0x507,-8504,-139,0,379,7290,-946,0x506,0,0,0,0,0,1287,1287,1287
2209,0,1,0,0,0,1,1,1,1,0x508,-4242,-539,0,446,17226,-1116,0x507,1,1,1,32,0,1288,1287,1287
2210,0,1,0,0,0,1,1,1,1,0x509,-1406,348,0,490,27191,-584,0x508,1,1,1,146,0,1289,1288,1288
2211,0,1,0,0,0,1,1,1,1,0x50a,-3168,-1269,0,463,20803,-1006,0x509,1,1,1,-50,0,1290,1289,1289
2212,0,1,0,0,0,1,0,1,0,0x50a,-3168,-1269,0,463,20803,-1006,0x50a,1,1,1,311,0,1291,1290,1290
2213,0,1,0,0,0,1,1,1,1,0x50b,-427,158,0,505,30978,-202,0x50a,0,1,0,311,0,1291,1291,1291
2214,0,1,0,0,0,1,1,1,1,0x50c,-2232,222,0,477,24025,-819,0x50b,1,1,1,-8,0,1292,1291,1291
2215,0,1,0,0,0,1,1,0,0,0x50d,-3244,-13,0,461,20362,-1008,0x50c,1,0,0,-45,0,1293,1292,1292
2216,0,1,0,0,0,1,1,1,1,0x50d,-3244,-13,0,461,20362,-1008,0x50c,1,1,1,-45,0,1293,1292,1292
2217,0,1,0,0,0,1,0,1,0,0x50d,-3244,-13,0,461,20362,-1008,0x50d,1,1,1,3,0,1294,1293,1293
2218,0,1,0,0,0,1,1,1,1,0x50e,-3165,-1203,0,463,20803,-1005,0x50d,0,1,0,3,0,1294,1294,1294
2219,0,1,0,0,0,1,0,0,0,0x50e,-3165,-1203,0,463,20803,-1005,0x50e,1,0,0,295,0,1295,1294,1294
2220,0,1,0,0,0,1,1,1,1,0x50f,-10519,-1143,0,348,4692,-754,0x50e,1,1,1,295,0,1295,1294,1294
2221,0,1,0,0,0,1,1,1,1,0x510,-4085,-952,0,448,17625,-1099,0x50f,1,1,1,210,0,1296,1295,1295
2222,0,1,0,0,0,1,0,0,0,0x510,-4085,-952,0,448,17625,-1099,0x510,1,0,0,255,0,1297,1296,1296
2223,0,1,0,0,0,1,1,1,1,0x511,-2139,2739,0,479,24502,-800,0x510,1,1,1,255,0,1297,1296,1296
2224,0,1,0,0,0,1,1,1,1,0x512,-511,-1797,0,504,30723,-240,0x511,1,1,1,-535,0,1298,1297,1297
2225,0,1,0,0,0,1,1,1,1,0x513,-1966,9080,0,481,24984,-750,0x512,1,1,1,105,0,1299,1298,1298
2226,0,1,0,0,0,1,1,1,1,0x514,1968,-859,0,543,40552,1217,0x513,1,1,1,-1663,0,1300,1299,1299
2227,0,1,0,0,0,1,0,1,0,0x514,1968,-859,0,543,40552,1217,0x514,1,1,1,-256,0,1301,1300,1300
2228,0,1,0,0,0,1,1,1,1,0x515,-13323,-11352,0,304,2446,-498,0x514,0,1,0,-256,0,1301,1301,1301
2229,0,1,0,0,0,1,1,0,0,0x516,88,-528,0,513,33024,44,0x515,1,0,0,1380,0,1302,1301,1301
2230,0,1,0,0,0,1,1,1,1,0x516,88,-528,0,513,33024,44,0x515,1,1,1,1380,0,1302,1301,1301
2231,0,1,0,0,0,1,1,1,1,0x517,-882,1808,0,498,29198,-393,0x516,1,1,1,-6,0,1303,1302,1302
2232,0,1,0,0,0,1,0,1,0,0x517,-882,1808,0,498,29198,-393,0x517,1,1,1,-174,0,1304,1303,1303
2233,0,1,0,0,0,1,1,1,1,0x518,-5658,697,0,424,13226,-1142,0x517,0,1,0,-174,0,1304,1304,1304
2234,0,1,0,0,0,1,1,1,1,0x519,-2580,-1114,0,472,22849,-900,0x518,1,1,1,-195,0,1305,1304,1304
2235,0,1,0,0,0,1,1,1,1,0x51a,-1698,1196,0,485,25957,-673,0x519,1,1,1,244,0,1306,1305,1305
2236,0,1,0,0,0,1,0,0,0,0x51a,-1698,1196,0,485,25957,-673,0x51a,1,0,0,-197,0,1307,1306,1306
2237,0,1,0,0,0,1,0,1,0,0x51a,-1698,1196,0,485,25957,-673,0x51a,1,1,1,-197,0,1307,1306,1306
2238,0,1,0,0,0,1,1,1,1,0x51b,-889,-943,0,498,29198,-397,0x51a,0,1,0,-197,0,1307,1307,1307
2239,0,1,0,0,0,1,1,1,1,0x51c,-2261,-261,0,477,24025,-829,0x51b,1,1,1,91,0,1308,1307,1307
2240,0,1,0,0,0,1,1,1,1,0x51d,-4669,-1129,0,439,15873,-1131,0x51c,1,1,1,52,0,1309,1308,1308
2241,0,1,0,0,0,1,1,1,1,0x51e,-1408,1000,0,490,27191,-585,0x51d,1,1,1,311,0,1310,1309,1309
2242,0,1,0,0,0,1,0,0,0,0x51e,-1408,1000,0,490,27191,-585,0x51e,1,0,0,-143,0,1311,1310,1310
2243,0,1,0,0,0,1,1,0,0,0x51f,-1409,-827,0,490,27191,-585,0x51e,1,0,0,-143,0,1311,1310,1310
2244,0,1,0,0,0,1,1,1,1,0x51f,-1409,-827,0,490,27191,-585,0x51e,1,1,1,-143,0,1311,1310,1310
2245,0,1,0,0,0,1,1,1,1,0x520,-1618,-915,0,487,26448,-653,0x51f,1,1,1,118,0,1312,1311,1311
2246,0,1,0,0,0,1,1,1,1,0x521,-2979,816,0,465,21249,-966,0x520,1,1,1,145,0,1313,1312,1312
2247,0,1,0,0,0,1,0,1,0,0x521,-2979,816,0,465,21249,-966,0x521,1,1,1,-193,0,1314,1313,1313
2248,0,1,0,0,0,1,1,1,1,0x522,-3132,902,0,463,20803,-995,0x521,0,1,0,-193,0,1314,1314,1314
2249,0,1,0,0,0,1,1,1,1,0x523,14,-791,0,512,32768,7,0x522,1,1,1,-220,0,1315,1314,1314
2250,0,1,0,0,0,1,1,0,0,0x524,-2127,-165,0,479,24502,-796,0x523,1,0,0,-2,0,1316,1315,1315
2251,0,1,0,0,0,1,1,1,1,0x524,-2127,-165,0,479,24502,-796,0x523,1,1,1,-2,0,1316,1315,1315
2252,0,1,0,0,0,1,0,1,0,0x524,-2127,-165,0,479,24502,-796,0x524,1,1,1,32,0,1317,1316,1316
2253,0,1,0,0,0,1,0,1,0,0x524,-2127,-165,0,479,24502,-796,0x524,0,1,0,32,0,1317,1317,1317
2254,0,1,0,0,0,1,1,1,1,0x525,-976,-966,0,497,28945,-432,0x524,0,1,0,32,0,1317,1317,1317
2255,0,1,0,0,0,1,1,1,1,0x526,-9605,-127,0,362,5739,-842,0x525,1,1,1,101,0,1318,1317,1317
2256,0,1,0,0,0,1,1,1,1,0x527,-535,826,0,504,30723,-251,0x526,1,1,1,26,0,1319,1318,1318
2257,0,1,0,0,0,1,0,0,0,0x527,-535,826,0,504,30723,-251,0x527,1,0,0,-51,0,1320,1319,1319
2258,0,1,0,0,0,1,1,1,1,0x528,-3070,-507,0,464,21025,-985,0x527,1,1,1,-51,0,1320,1319,1319
2259,0,1,0,0,0,1,1,1,1,0x529,-2635,400,0,471,22617,-910,0x528,1,1,1,121,0,1321,1320,1320
2260,0,1,0,0,0,1,1,1,1,0x52a,-2291,1279,0,476,23788,-832,0x529,1,1,1,-89,0,1322,1321,1321
2261,0,1,0,0,0,1,1,1,1,0x52b,-7330,-1121,0,397,9321,-1043,0x52a,1,1,1,-260,0,1323,1322,1322
2262,0,1,0,0,0,1,0,1,0,0x52b,-7330,-1121,0,397,9321,-1043,0x52b,1,1,1,285,0,1324,1323,1323
2263,0,1,0,0,0,1,1,1,1,0x52c,-346,393,0,507,31489,-167,0x52b,0,1,0,285,0,1324,1324,1324
2264,0,1,0,0,0,1,1,0,0,0x52d,-4111,670,0,448,17625,-1106,0x52c,1,0,0,-17,0,1325,1324,1324
2265,0,1,0,0,0,1,1,0,0,0x52d,-4111,670,0,448,17625,-1106,0x52c,1,0,0,-17,0,1325,1324,1324
2266,0,1,0,0,0,1,1,1,1,0x52d,-4111,670,0,448,17625,-1106,0x52c,1,1,1,-17,0,1325,1324,1324
2267,0,1,0,0,0,1,0,1,0,0x52d,-4111,670,0,448,17625,-1106,0x52d,1,1,1,-181,0,1326,1325,1325
2268,0,1,0,0,0,1,1,1,1,0x52e,-1148,164,0,494,28190,-494,0x52d,0,1,0,-181,0,1326,1326,1326
2269,0,1,0,0,0,1,1,1,1,0x52f,-1977,-244,0,481,24984,-754,0x52e,1,1,1,-20,0,1327,1326,1326
2270,0,1,0,0,0,1,0,1,0,0x52f,-1977,-244,0,481,24984,-754,0x52f,1,1,1,44,0,1328,1327,1327
2271,0,1,0,0,0,1,1,1,1,0x530,-445,6,0,505,30978,-211,0x52f,0,0,0,44,0,1328,1328,1328
2272,0,1,0,0,0,1,0,1,0,0x530,-445,6,0,505,30978,-211,0x530,1,1,1,-1,0,1329,1328,1328
2273,0,1,0,0,0,1,1,1,1,0x531,-247,6599,0,508,31744,-120,0x530,0,1,0,-1,0,1329,1329,1329
2274,0,1,0,0,0,1,1,1,1,0x532,-4707,1250,0,438,15686,-1127,0x531,1,1,1,-194,0,1330,1329,1329
2275,0,1,0,0,0,1,1,1,1,0x533,-17063,273,0,245,995,-260,0x532,1,1,1,-344,0,1331,1330,1330
2276,0,1,0,0,0,1,1,1,1,0x534,-12447,-119,0,318,3017,-574,0x533,1,1,1,-18,0,1332,1331,1331
2277,0,1,0,0,0,1,0,1,0,0x534,-12447,-119,0,318,3017,-574,0x534,1,1,1,16,0,1333,1332,1332
2278,0,1,0,0,0,1,1,1,1,0x535,-1907,707,0,482,25226,-735,0x534,0,0,0,16,0,1333,1333,1333
2279,0,1,0,0,0,1,1,1,1,0x536,-349,-658,0,507,31489,-168,0x535,1,1,1,-127,0,1334,1333,1333
2280,0,1,0,0,0,1,1,1,1,0x537,244,1117,0,516,33792,125,0x536,1,1,1,26,0,1335,1334,1334
2281,0,1,0,0,0,1,1,1,1,0x538,-840,-925,0,499,29451,-378,0x537,1,1,1,34,0,1336,1335,1335
2282,0,1,0,0,0,1,0,1,0,0x538,-840,-925,0,499,29451,-378,0x538,1,1,1,85,0,1337,1336,1336
2283,0,1,0,0,0,1,1,1,1,0x539,-5313,-642,0,429,14070,-1141,0x538,0,1,0,85,0,1337,1337,1337
2284,0,1,0,0,0,1,1,1,1,0x53a,-3342,-275,0,460,20143,-1028,0x539,1,1,1,178,0,1338,1337,1337
2285,0,1,0,0,0,1,1,0,0,0x53b,1371,-685,0,533,38096,796,0x53a,1,0,0,69,0,1339,1338,1338
2286,0,1,0,0,0,1,1,1,1,0x53b,1371,-685,0,533,38096,796,0x53a,1,1,1,69,0,1339,1338,1338
2287,0,1,0,0,0,1,0,1,0,0x53b,1371,-685,0,533,38096,796,0x53b,1,1,1,-134,0,1340,1339,1339
2288,0,1,0,0,0,1,1,1,1,0x53c,-2856,77,0,467,21700,-946,0x53b,0,0,0,-134,0,1340,1340,1340
2289,0,1,0,0,0,1,1,1,1,0x53d,-2738,-2017,0,469,22156,-926,0x53c,1,1,1,-18,0,1341,1340,1340
2290,0,1,0,0,0,1,1,1,1,0x53e,127,-485,0,514,33280,64,0x53d,1,1,1,455,0,1342,1341,1341
2291,0,1,0,0,0,1,1,1,1,0x53f,-3854,-21,0,452,18442,-1085,0x53e,1,1,1,-8,0,1343,1342,1342
2292,0,1,0,0,0,1,0,0,0,0x53f,-3854,-21,0,452,18442,-1085,0x53f,1,0,0,5,0,1344,1343,1343
2293,0,1,0,0,0,1,1,1,1,0x540,-3720,5349,0,454,18859,-1071,0x53f,1,1,1,5,0,1344,1343,1343
2294,0,1,0,0,0,1,1,1,1,0x541,-2780,1596,0,469,22156,-940,0x540,1,1,1,-1399,0,1345,1344,1344
2295,0,1,0,0,0,1,1,1,1,0x542,-3584,-143,0,456,19282,-1055,0x541,1,1,1,-367,0,1346,1345,1345
2296,0,1,0,0,0,1,1,1,1,0x543,-1662,-77,0,486,26202,-665,0x542,1,1,1,36,0,1347,1346,1346
2297,0,1,0,0,0,1,0,1,0,0x543,-1662,-77,0,486,26202,-665,0x543,1,1,1,12,0,1348,1347,1347
2298,0,1,0,0,0,1,1,1,1,0x544,-2632,564,0,471,22617,-909,0x543,0,1,0,12,0,1348,1348,1348
2299,0,1,0,0,0,1,1,0,0,0x545,-3231,-438,0,462,20582,-1015,0x544,1,0,0,-126,0,1349,1348,1348
2300,0,1,0,0,0,1,1,1,1,0x545,-3231,-438,0,462,20582,-1015,0x544,1,1,1,-126,0,1349,1348,1348
2301,0,1,0,0,0,1,1,1,1,0x546,-2636,1029,0,471,22617,-910,0x545,1,1,1,108,0,1350,1349,1349
2302,0,1,0,0,0,1,0,1,0,0x546,-2636,1029,0,471,22617,-910,0x546,1,1,1,-229,0,1351,1350,1350
2303,0,1,0,0,0,1,1,1,1,0x547,-1764,-1520,0,484,25712,-693,0x546,0,1,0,-229,0,1351,1351,1351
2304,0,1,0,0,0,1,0,1,0,0x547,-1764,-1520,0,484,25712,-693,0x547,1,1,1,257,0,1352,1351,1351
2305,0,1,0,0,0,1,1,1,1,0x548,-1649,-83,0,486,26202,-660,0x547,0,1,0,257,0,1352,1352,1352
2306,0,1,0,0,0,1,1,0,0,0x549,410,-42,0,518,34303,214,0x548,1,0,0,13,0,1353,1352,1352
2307,0,1,0,0,0,1,1,1,1,0x549,410,-42,0,518,34303,214,0x548,1,1,1,13,0,1353,1352,1352
2308,0,1,0,0,0,1,1,1,1,0x54a,-1619,-961,0,487,26448,-654,0x549,1,1,1,-3,0,1354,1353,1353
2309,0,1,0,0,0,1,1,1,1,0x54b,-8626,137,0,377,7090,-934,0x54a,1,1,1,153,0,1355,1354,1354
2310,0,1,0,0,0,1,1,1,1,0x54c,1547,1418,0,536,38841,916,0x54b,1,1,1,-32,0,1356,1355,1355
2311,0,1,0,0,0,1,1,0,0,0x54d,-1173,1137,0,494,28190,-505,0x54c,1,0,0,317,0,1357,1356,1356
2312,0,1,0,0,0,1,1,1,1,0x54d,-1173,1137,0,494,28190,-505,0x54c,1,1,1,317,0,1357,1356,1356
2313,0,1,0,0,0,1,1,0,0,0x54e,-4056,-502,0,449,17827,-1104,0x54d,1,0,0,-141,0,1358,1357,1357
2314,0,1,0,0,0,1,1,1,1,0x54e,-4056,-502,0,449,17827,-1104,0x54d,1,1,1,-141,0,1358,1357,1357
2315,0,1,0,0,0,1,1,1,1,0x54f,-1736,379,0,485,25957,-688,0x54e,1,1,1,135,0,1359,1358,1358
2316,0,1,0,0,0,1,1,1,1,0x550,-6904,-1215,0,404,10230,-1078,0x54f,1,1,1,-64,0,1360,1359,1359
2317,0,1,0,0,0,1,0,1,0,0x550,-6904,-1215,0,404,10230,-1078,0x550,1,1,1,319,0,1361,1360,1360
2318,0,1,0,0,0,1,1,1,1,0x551,-2560,-922,0,472,22849,-893,0x550,0,1,0,319,0,1361,1361,1361
2319,0,1,0,0,0,1,1,1,1,0x552,-2928,73,0,466,21474,-960,0x551,1,1,1,201,0,1362,1361,1361
2320,0,1,0,0,0,1,1,0,0,0x553,-4071,-228,0,448,17625,-1095,0x552,1,0,0,-18,0,1363,1362,1362
2321,0,1,0,0,0,1,1,1,1,0x553,-4071,-228,0,448,17625,-1095,0x552,1,1,1,-18,0,1363,1362,1362
2322,0,1,0,0,0,1,0,1,0,0x553,-4071,-228,0,448,17625,-1095,0x553,1,1,1,60,0,1364,1363,1363
2323,0,1,0,0,0,1,1,1,1,0x554,-700,1719,0,501,29959,-320,0x553,0,1,0,60,0,1364,1364,1364
2324,0,1,0,0,0,1,1,1,1,0x555,-1407,-269,0,490,27191,-584,0x554,1,1,1,-135,0,1365,1364,1364
2325,0,1,0,0,0,1,1,1,1,0x556,-1273,-2014,0,492,27689,-538,0x555,1,1,1,38,0,1366,1365,1365
2326,0,1,0,0,0,1,1,1,1,0x557,-895,1054,0,498,29198,-399,0x556,1,1,1,264,0,1367,1366,1366
2327,0,1,0,0,0,1,0,0,0,0x557,-895,1054,0,498,29198,-399,0x557,1,0,0,-103,0,1368,1367,1367
2328,0,1,0,0,0,1,1,1,1,0x558,-1545,156,0,488,26695,-630,0x557,1,1,1,-103,0,1368,1367,1367
2329,0,1,0,0,0,1,1,1,1,0x559,-7397,1102,0,396,9197,-1039,0x558,1,1,1,-24,0,1369,1368,1368
2330,0,1,0,0,0,1,1,1,1,0x55a,-1820,6758,0,484,25712,-715,0x559,1,1,1,-280,0,1370,1369,1369
2331,0,1,0,0,0,1,1,1,1,0x55b,-1605,890,0,487,26448,-648,0x55a,1,1,1,-1180,0,1371,1370,1370
2332,0,1,0,0,0,1,0,1,0,0x55b,-1605,890,0,487,26448,-648,0x55b,1,1,1,-141,0,1372,1371,1371
2333,0,1,0,0,0,1,1,1,1,0x55c,52,-771,0,513,33024,26,0x55b,0,1,0,-141,0,1372,1372,1372
2334,0,1,0,0,0,1,1,0,0,0x55d,-3393,47,0,459,19926,-1032,0x55c,1,0,0,-5,0,1373,1372,1372
2335,0,1,0,0,0,1,1,1,1,0x55d,-3393,47,0,459,19926,-1032,0x55c,1,1,1,-5,0,1373,1372,1372
2336,0,1,0,0,0,1,1,1,1,0x55e,1531,-1634,0,536,38841,907,0x55d,1,1,1,-12,0,1374,1373,1373
2337,0,1,0,0,0,1,0,1,0,0x55e,1531,-1634,0,536,38841,907,0x55e,1,1,1,-362,0,1375,1374,1374
2338,0,1,0,0,0,1,0,1,0,0x55e,1531,-1634,0,536,38841,907,0x55e,0,1,0,-362,0,1375,1375,1375
2339,0,1,0,0,0,1,1,1,1,0x55f,694,41,0,523,35577,376,0x55e,0,1,0,-362,0,1375,1375,1375
2340,0,1,0,0,0,1,1,1,1,0x560,-2361,-961,0,475,23551,-849,0x55f,1,1,1,3,0,1376,1375,1375
2341,0,1,0,0,0,1,1,0,0,0x561,-1479,-913,0,489,26943,-609,0x560,1,0,0,199,0,1377,1376,1376
2342,0,1,0,0,0,1,1,1,1,0x561,-1479,-913,0,489,26943,-609,0x560,1,1,1,199,0,1377,1376,1376
2343,0,1,0,0,0,1,1,1,1,0x562,-2539,-936,0,472,22849,-886,0x561,1,1,1,135,0,1378,1377,1377
2344,0,1,0,0,0,1,1,1,1,0x563,-5409,355,0,427,13728,-1134,0x562,1,1,1,202,0,1379,1378,1378
2345,0,1,0,0,0,1,1,1,1,0x564,-1210,-20,0,493,27939,-516,0x563,1,1,1,-99,0,1380,1379,1379
2346,0,1,0,0,0,1,1,1,1,0x565,-1536,993,0,488,26695,-626,0x564,1,1,1,2,0,1381,1380,1380
2347,0,1,0,0,0,1,0,1,0,0x565,-1536,993,0,488,26695,-626,0x565,1,1,1,-152,0,1382,1381,1381
2348,0,1,0,0,0,1,1,1,1,0x566,-7659,-333,0,392,8714,-1019,0x565,0,0,0,-152,0,1382,1382,1382
2349,0,1,0,0,0,1,1,1,1,0x567,-3022,2329,0,465,21249,-980,0x566,1,1,1,82,0,1383,1382,1382
2350,0,1,0,0,0,1,1,1,1,0x568,-4289,1009,0,445,17028,-1115,0x567,1,1,1,-558,0,1384,1383,1383
2351,0,1,0,0,0,1,1,1,1,0x569,-1695,-316,0,486,26202,-678,0x568,1,1,1,-275,0,1385,1384,1384
2352,0,1,0,0,0,1,0,1,0,0x569,-1695,-316,0,486,26202,-678,0x569,1,1,1,52,0,1386,1385,1385
2353,0,1,0,0,0,1,1,1,1,0x56a,-10655,874,0,346,4557,-741,0x569,0,1,0,52,0,1386,1386,1386
2354,0,1,0,0,0,1,1,1,1,0x56b,-835,200,0,499,29451,-376,0x56a,1,1,1,-159,0,1387,1386,1386
2355,0,1,0,0,0,1,0,0,0,0x56b,-835,200,0,499,29451,-376,0x56b,1,0,0,-19,0,1388,1387,1387
2356,0,1,0,0,0,1,1,1,1,0x56c,-2403,795,0,474,23316,-855,0x56b,1,1,1,-19,0,1388,1387,1387
2357,0,1,0,0,0,1,0,0,0,0x56c,-2403,795,0,474,23316,-855,0x56c,1,0,0,-166,0,1389,1388,1388
2358,0,1,0,0,0,1,1,1,1,0x56d,-3590,6802,0,456,19282,-1057,0x56c,1,1,1,-166,0,1389,1388,1388
2359,0,1,0,0,0,1,1,1,1,0x56e,-1093,173,0,495,28441,-475,0x56d,1,1,1,-1756,0,1390,1389,1389
2360,0,1,0,0,0,1,1,1,1,0x56f,454,5,0,519,34558,239,0x56e,1,1,1,-21,0,1391,1390,1390
2361,0,1,0,0,0,1,1,1,1,0x570,-2296,654,0,476,23788,-834,0x56f,1,1,1,0,0,1392,1391,1391
2362,0,1,0,0,0,1,0,0,0,0x570,-2296,654,0,476,23788,-834,0x570,1,0,0,-134,0,1393,1392,1392
2363,0,1,0,0,0,1,1,1,1,0x571,-1797,96,0,484,25712,-706,0x570,1,1,1,-134,0,1393,1392,1392
2364,0,1,0,0,0,1,1,1,1,0x572,-2949,-958,0,466,21474,-967,0x571,1,1,1,-17,0,1394,1393,1393
2365,0,1,0,0,0,1,1,1,1,0x573,-2609,492,0,471,22617,-901,0x572,1,1,1,226,0,1395,1394,1394
2366,0,1,0,0,0,1,1,1,1,0x574,-1977,258,0,481,24984,-754,0x573,1,1,1,-109,0,1396,1395,1395
2367,0,1,0,0,0,1,0,1,0,0x574,-1977,258,0,481,24984,-754,0x574,1,1,1,-48,0,1397,1396,1396
2368,0,1,0,0,0,1,1,1,1,0x575,-2174,-999,0,478,24263,-805,0x574,0,1,0,-48,0,1397,1397,1397
2369,0,1,0,0,0,1,1,0,0,0x576,591,155,0,521,35068,316,0x575,1,0,0,196,0,1398,1397,1397
2370,0,1,0,0,0,1,1,1,1,0x576,591,155,0,521,35068,316,0x575,1,1,1,196,0,1398,1397,1397
2371,0,1,0,0,0,1,1,1,1,0x577,-2985,-69,0,465,21249,-968,0x576,1,1,1,11,0,1399,1398,1398
2372,0,1,0,0,0,1,0,1,0,0x577,-2985,-69,0,465,21249,-968,0x577,1,1,1,16,0,1400,1399,1399
2373,0,1,0,0,0,1,1,1,1,0x578,-3683,-809,0,454,18859,-1060,0x577,0,1,0,16,0,1400,1400,1400
2374,0,1,0,0,0,1,1,1,1,0x579,-2513,1028,0,473,23082,-886,0x578,1,1,1,209,0,1401,1400,1400
2375,0,1,0,0,0,1,1,1,1,0x57a,1098,-2523,0,529,37095,621,0x579,1,1,1,-223,0,1402,1401,1401
2376,0,1,0,0,0,1,1,0,0,0x57b,-10357,606,0,350,4830,-764,0x57a,1,0,0,-383,0,1403,1402,1402
2377,0,1,0,0,0,1,1,1,1,0x57b,-10357,606,0,350,4830,-764,0x57a,1,1,1,-383,0,1403,1402,1402
2378,0,1,0,0,0,1,1,1,1,0x57c,-3174,358,0,462,20582,-997,0x57b,1,1,1,-114,0,1404,1403,1403
2379,0,1,0,0,0,1,1,1,1,0x57d,-1465,1062,0,489,26943,-603,0x57c,1,1,1,-88,0,1405,1404,1404
2380,0,1,0,0,0,1,1,0,0,0x57e,-1262,-266,0,492,27689,-534,0x57d,1,0,0,-157,0,1406,1405,1405
2381,0,1,0,0,0,1,1,1,1,0x57e,-1262,-266,0,492,27689,-534,0x57d,1,1,1,-157,0,1406,1405,1405
2382,0,1,0,0,0,1,0,1,0,0x57e,-1262,-266,0,492,27689,-534,0x57e,1,1,1,34,0,1407,1406,1406
2383,0,1,0,0,0,1,1,1,1,0x57f,-1519,964,0,488,26695,-619,0x57e,0,0,0,34,0,1407,1407,1407
2384,0,1,0,0,0,1,1,1,1,0x580,-3178,652,0,462,20582,-999,0x57f,1,1,1,-146,0,1408,1407,1407
2385,0,1,0,0,0,1,1,1,1,0x581,-4598,214,0,440,16062,-1127,0x580,1,1,1,-160,0,1409,1408,1408
2386,0,1,0,0,0,1,1,1,1,0x582,76,1221,0,513,33024,38,0x581,1,1,1,-59,0,1410,1409,1409
2387,0,1,0,0,0,1,0,1,0,0x582,76,1221,0,513,33024,38,0x582,1,1,1,11,0,1411,1410,1410
2388,0,1,0,0,0,1,1,1,1,0x583,-8049,194,0,386,8030,-987,0x582,0,1,0,11,0,1411,1411,1411
2389,0,1,0,0,0,1,0,1,0,0x583,-8049,194,0,386,8030,-987,0x583,1,1,1,-47,0,1412,1411,1411
2390,0,1,0,0,0,1,1,1,1,0x584,-1594,691,0,487,26448,-644,0x583,0,0,0,-47,0,1412,1412,1412
2391,0,1,0,0,0,1,1,1,1,0x585,-321,1,0,507,31489,-155,0x584,1,1,1,-109,0,1413,1412,1412
2392,0,1,0,0,0,1,0,1,0,0x585,-321,1,0,507,31489,-155,0x585,1,1,1,-1,0,1414,1413,1413
2393,0,1,0,0,0,1,1,1,1,0x586,-4406,-671,0,443,16637,-1119,0x585,0,1,0,-1,0,1414,1414,1414
2394,0,1,0,0,0,1,1,1,1,0x587,-1155,1315,0,494,28190,-497,0x586,1,1,1,183,0,1415,1414,1414
2395,0,1,0,0,0,1,1,1,1,0x588,-18,-431,0,512,32768,-9,0x587,1,1,1,-160,0,1416,1415,1415
2396,0,1,0,0,0,1,1,1,1,0x589,-1878,962,0,483,25468,-730,0x588,1,1,1,0,0,1417,1416,1416
2397,0,1,0,0,0,1,0,0,0,0x589,-1878,962,0,483,25468,-730,0x589,1,0,0,-172,0,1418,1417,1417
2398,0,1,0,0,0,1,1,1,1,0x58a,-1348,100,0,491,27440,-565,0x589,1,1,1,-172,0,1418,1417,1417
2399,0,1,0,0,0,1,1,1,1,0x58b,249,527,0,516,33792,128,0x58a,1,1,1,-14,0,1419,1418,1418
2400,0,1,0,0,0,1,1,1,1,0x58c,-1142,530,0,494,28190,-492,0x58b,1,1,1,16,0,1420,1419,1419
2401,0,1,0,0,0,1,1,1,1,0x58d,237,-451,0,516,33792,122,0x58c,1,1,1,-64,0,1421,1420,1420
2402,0,1,0,0,0,1,0,1,0,0x58d,237,-451,0,516,33792,122,0x58d,1,1,1,-14,0,1422,1421,1421
2403,0,1,0,0,0,1,1,1,1,0x58e,-1605,-1519,0,487,26448,-648,0x58d,0,0,0,-14,0,1422,1422,1422
2404,0,1,0,0,0,1,1,0,0,0x58f,-2257,1703,0,477,24025,-828,0x58e,1,0,0,240,0,1423,1422,1422
2405,0,1,0,0,0,1,1,1,1,0x58f,-2257,1703,0,477,24025,-828,0x58e,1,1,1,240,0,1423,1422,1422
2406,0,1,0,0,0,1,0,1,0,0x58f,-2257,1703,0,477,24025,-828,0x58f,1,1,1,-345,0,1424,1423,1423
2407,0,1,0,0,0,1,0,1,0,0x58f,-2257,1703,0,477,24025,-828,0x58f,0,1,0,-345,0,1424,1424,1424
2408,0,1,0,0,0,1,1,1,1,0x590,-1432,990,0,490,27191,-595,0x58f,0,1,0,-345,0,1424,1424,1424
2409,0,1,0,0,0,1,1,1,1,0x591,-2519,-1374,0,473,23082,-888,0x590,1,1,1,-144,0,1425,1424,1424
2410,0,1,0,0,0,1,1,1,1,0x592,-1764,897,0,484,25712,-693,0x591,1,1,1,297,0,1426,1425,1425
2411,0,1,0,0,0,1,1,0,0,0x593,-1285,-1168,0,492,27689,-543,0x592,1,0,0,-152,0,1427,1426,1426
2412,0,1,0,0,0,1,1,1,1,0x593,-1285,-1168,0,492,27689,-543,0x592,1,1,1,-152,0,1427,1426,1426
2413,0,1,0,0,0,1,1,1,1,0x594,-2691,1481,0,470,22386,-920,0x593,1,1,1,154,0,1428,1427,1427
2414,0,1,0,0,0,1,1,1,1,0x595,-2393,-672,0,475,23551,-860,0x594,1,1,1,-333,0,1429,1428,1428
2415,0,1,0,0,0,1,1,1,1,0x596,-2215,-252,0,477,24025,-813,0x595,1,1,1,141,0,1430,1429,1429
2416,0,1,0,0,0,1,1,1,1,0x597,-4302,-1139,0,445,17028,-1118,0x596,1,1,1,50,0,1431,1430,1430
2417,0,1,0,0,0,1,0,1,0,0x597,-4302,-1139,0,445,17028,-1118,0x597,1,1,1,310,0,1432,1431,1431
2418,0,1,0,0,0,1,1,1,1,0x598,-3983,1365,0,450,18031,-1096,0x597,0,0,0,310,0,1432,1432,1432
2419,0,1,0,0,0,1,1,1,1,0x599,-3345,-2212,0,460,20143,-1029,0x598,1,1,1,-366,0,1433,1432,1432
2420,0,1,0,0,0,1,1,1,1,0x59a,-570,910,0,503,30468,-265,0x599,1,1,1,555,0,1434,1433,1433
2421,0,1,0,0,0,1,1,1,1,0x59b,-5783,225,0,422,12899,-1139,0x59a,1,1,1,-59,0,1435,1434,1434
2422,0,1,0,0,0,1,0,1,0,0x59b,-5783,225,0,422,12899,-1139,0x59b,1,1,1,-63,0,1436,1435,1435
2423,0,1,0,0,0,1,0,1,0,0x59b,-5783,225,0,422,12899,-1139,0x59b,0,1,0,-63,0,1436,1436,1436
2424,0,1,0,0,0,1,1,1,1,0x59c,-773,746,0,500,29705,-351,0x59b,0,1,0,-63,0,1436,1436,1436
2425,0,1,0,0,0,1,1,0,0,0x59d,-2918,-515,0,466,21474,-957,0x59c,1,0,0,-64,0,1437,1436,1436
2426,0,1,0,0,0,1,1,0,0,0x59d,-2918,-515,0,466,21474,-957,0x59c,1,0,0,-64,0,1437,1436,1436
2427,0,1,0,0,0,1,1,1,1,0x59d,-2918,-515,0,466,21474,-957,0x59c,1,1,1,-64,0,1437,1436,1436
2428,0,1,0,0,0,1,1,1,1,0x59e,-2518,-872,0,473,23082,-887,0x59d,1,1,1,120,0,1438,1437,1437
2429,0,1,0,0,0,1,1,1,1,0x59f,-2039,782,0,480,24743,-770,0x59e,1,1,1,188,0,1439,1438,1438
2430,0,1,0,0,0,1,1,1,1,0x5a0,-1033,82,0,496,28693,-453,0x59f,1,1,1,-148,0,1440,1439,1439
2431,0,1,0,0,0,1,1,1,1,0x5a1,-3346,-144,0,460,20143,-1029,0x5a0,1,1,1,-10,0,1441,1440,1440
2432,0,1,0,0,0,1,0,0,0,0x5a1,-3346,-144,0,460,20143,-1029,0x5a1,1,0,0,36,0,1442,1441,1441
2433,0,1,0,0,0,1,1,1,1,0x5a2,-2300,631,0,476,23788,-835,0x5a1,1,1,1,36,0,1442,1441,1441
2434,0,1,0,0,0,1,1,1,1,0x5a3,-1639,-215,0,486,26202,-656,0x5a2,1,1,1,-129,0,1443,1442,1442
2435,0,1,0,0,0,1,1,1,1,0x5a4,-2036,59,0,480,24743,-769,0x5a3,1,1,1,34,0,1444,1443,1443
2436,0,1,0,0,0,1,1,1,1,0x5a5,99,1761,0,514,33280,50,0x5a4,1,1,1,-12,0,1445,1444,1444
2437,0,1,0,0,0,1,0,1,0,0x5a5,99,1761,0,514,33280,50,0x5a5,1,1,1,21,0,1446,1445,1445
2438,0,1,0,0,0,1,1,1,1,0x5a6,-6705,-269,0,407,10642,-1089,0x5a5,0,1,0,21,0,1446,1446,1446
2439,0,1,0,0,0,1,1,0,0,0x5a7,-1220,-719,0,493,27939,-521,0x5a6,1,0,0,71,0,1447,1446,1446
2440,0,1,0,0,0,1,1,1,1,0x5a7,-1220,-719,0,493,27939,-521,0x5a6,1,1,1,71,0,1447,1446,1446
2441,0,1,0,0,0,1,1,1,1,0x5a8,-1387,399,0,490,27191,-576,0x5a7,1,1,1,91,0,1448,1447,1447
2442,0,1,0,0,0,1,0,1,0,0x5a8,-1387,399,0,490,27191,-576,0x5a8,1,1,1,-57,0,1449,1448,1448
2443,0,1,0,0,0,1,1,1,1,0x5a9,-3547,406,0,457,19495,-1056,0x5a8,0,1,0,-57,0,1449,1449,1449
2444,0,1,0,0,0,1,1,1,1,0x5aa,-4284,672,0,445,17028,-1114,0x5a9,1,1,1,-105,0,1450,1449,1449
2445,0,1,0,0,0,1,1,1,1,0x5ab,-948,361,0,497,28945,-419,0x5aa,1,1,1,-183,0,1451,1450,1450
2446,0,1,0,0,0,1,1,0,0,0x5ac,-586,-58,0,503,30468,-273,0x5ab,1,0,0,-37,0,1452,1451,1451
2447,0,1,0,0,0,1,1,1,1,0x5ac,-586,-58,0,503,30468,-273,0x5ab,1,1,1,-37,0,1452,1451,1451
2448,0,1,0,0,0,1,1,1,1,0x5ad,-3295,1253,0,461,20362,-1024,0x5ac,1,1,1,3,0,1453,1452,1452
2449,0,1,0,0,0,1,1,0,0,0x5ae,-2350,-1031,0,475,23551,-845,0x5ad,1,0,0,-314,0,1454,1453,1453
2450,0,1,0,0,0,1,1,1,1,0x5ae,-2350,-1031,0,475,23551,-845,0x5ad,1,1,1,-314,0,1454,1453,1453
2451,0,1,0,0,0,1,1,1,1,0x5af,-1402,333,0,490,27191,-582,0x5ae,1,1,1,212,0,1455,1454,1454
2452,0,1,0,0,0,1,0,1,0,0x5af,-1402,333,0,490,27191,-582,0x5af,1,1,1,-48,0,1456,1455,1455
2453,0,1,0,0,0,1,1,1,1,0x5b0,-583,-791,0,503,30468,-272,0x5af,0,0,0,-48,0,1456,1456,1456
2454,0,1,0,0,0,1,1,1,1,0x5b1,-1888,-487,0,483,25468,-734,0x5b0,1,1,1,52,0,1457,1456,1456
2455,0,1,0,0,0,1,1,1,1,0x5b2,-1647,521,0,486,26202,-659,0x5b1,1,1,1,87,0,1458,1457,1457
2456,0,1,0,0,0,1,1,1,1,0x5b3,136,376,0,514,33280,69,0x5b2,1,1,1,-84,0,1459,1458,1458
2457,0,1,0,0,0,1,0,1,0,0x5b3,136,376,0,514,33280,69,0x5b3,1,1,1,6,0,1460,1459,1459
2458,0,1,0,0,0,1,1,1,1,0x5b4,-3780,-50,0,453,18650,-1076,0x5b3,0,1,0,6,0,1460,1460,1460
2459,0,1,0,0,0,1,1,1,1,0x5b5,-3479,-732,0,458,19710,-1047,0x5b4,1,1,1,13,0,1461,1460,1460
2460,0,1,0,0,0,1,1,0,0,0x5b6,-1964,467,0,481,24984,-749,0x5b5,1,0,0,187,0,1462,1461,1461
2461,0,1,0,0,0,1,1,1,1,0x5b6,-1964,467,0,481,24984,-749,0x5b5,1,1,1,187,0,1462,1461,1461
2462,0,1,0,0,0,1,0,1,0,0x5b6,-1964,467,0,481,24984,-749,0x5b6,1,1,1,-86,0,1463,1462,1462
2463,0,1,0,0,0,1,1,1,1,0x5b7,-5869,2012,0,420,12579,-1127,0x5b6,0,1,0,-86,0,1463,1463,1463
2464,0,1,0,0,0,1,1,1,1,0x5b8,1017,888,0,528,36843,571,0x5b7,1,1,1,-554,0,1464,1463,1463
2465,0,1,0,0,0,1,1,1,1,0x5b9,-445,1048,0,505,30978,-211,0x5b8,1,1,1,123,0,1465,1464,1464
2466,0,1,0,0,0,1,1,1,1,0x5ba,-1198,-677,0,493,27939,-511,0x5b9,1,1,1,-54,0,1466,1465,1465
2467,0,1,0,0,0,1,0,0,0,0x5ba,-1198,-677,0,493,27939,-511,0x5ba,1,0,0,84,0,1467,1466,1466
2468,0,1,0,0,0,1,1,1,1,0x5bb,-4403,1184,0,443,16637,-1118,0x5ba,1,1,1,84,0,1467,1466,1466
2469,0,1,0,0,0,1,1,1,1,0x5bc,-3389,199,0,459,19926,-1031,0x5bb,1,1,1,-324,0,1468,1467,1467
2470,0,1,0,0,0,1,1,1,1,0x5bd,-5312,-778,0,429,14070,-1141,0x5bc,1,1,1,-51,0,1469,1468,1468
2471,0,1,0,0,0,1,1,1,1,0x5be,-668,-2661,0,502,30213,-308,0x5bd,1,1,1,216,0,1470,1469,1469
2472,0,1,0,0,0,1,0,0,0,0x5be,-668,-2661,0,502,30213,-308,0x5be,1,0,0,200,0,1471,1470,1470
2473,0,1,0,0,0,1,1,1,1,0x5bf,-3360,-509,0,460,20143,-1033,0x5be,1,1,1,200,0,1471,1470,1470
2474,0,1,0,0,0,1,0,0,0,0x5bf,-3360,-509,0,460,20143,-1033,0x5bf,1,0,0,128,0,1472,1471,1471
2475,0,1,0,0,0,1,1,1,1,0x5c0,-4008,528,0,449,17827,-1091,0x5bf,1,1,1,128,0,1472,1471,1471
2476,0,1,0,0,0,1,1,1,1,0x5c1,-2814,-2572,0,468,21928,-942,0x5c0,1,1,1,-141,0,1473,1472,1472
2477,0,1,0,0,0,1,0,1,0,0x5c1,-2814,-2572,0,468,21928,-942,0x5c1,1,1,1,591,0,1474,1473,1473
2478,0,1,0,0,0,1,1,1,1,0x5c2,-2948,154,0,466,21474,-966,0x5c1,0,1,0,591,0,1474,1474,1474
2479,0,1,0,0,0,1,1,1,1,0x5c3,-352,1029,0,507,31489,-170,0x5c2,1,1,1,-37,0,1475,1474,1474
2480,0,1,0,0,0,1,1,1,1,0x5c4,-5406,1077,0,428,13898,-1147,0x5c3,1,1,1,-43,0,1476,1475,1475
2481,0,1,0,0,0,1,1,0,0,0x5c5,-927,80,0,498,29198,-414,0x5c4,1,0,0,-302,0,1477,1476,1476
2482,0,1,0,0,0,1,1,1,1,0x5c5,-927,80,0,498,29198,-414,0x5c4,1,1,1,-302,0,1477,1476,1476
2483,0,1,0,0,0,1,1,1,1,0x5c6,-7831,1645,0,390,8481,-1014,0x5c5,1,1,1,-9,0,1478,1477,1477
2484,0,1,0,0,0,1,1,1,1,0x5c7,-4174,291,0,447,17425,-1110,0x5c6,1,1,1,-408,0,1479,1478,1478
2485,0,1,0,0,0,1,1,1,1,0x5c8,-4096,585,0,448,17625,-1102,0x5c7,1,1,1,-79,0,1480,1479,1479
2486,0,1,0,0,0,1,1,1,1,0x5c9,-333,439,0,507,31489,-161,0x5c8,1,1,1,-158,0,1481,1480,1480
2487,0,1,0,0,0,1,0,1,0,0x5c9,-333,439,0,507,31489,-161,0x5c9,1,1,1,-18,0,1482,1481,1481
2488,0,1,0,0,0,1,1,1,1,0x5ca,-1246,506,0,493,27939,-532,0x5c9,0,0,0,-18,0,1482,1482,1482
2489,0,1,0,0,0,1,1,1,1,0x5cb,906,-470,0,526,36338,502,0x5ca,1,1,1,-66,0,1483,1482,1482
2490,0,1,0,0,0,1,1,1,1,0x5cc,-1481,821,0,489,26943,-609,0x5cb,1,1,1,-58,0,1484,1483,1483
2491,0,1,0,0,0,1,0,1,0,0x5cc,-1481,821,0,489,26943,-609,0x5cc,1,1,1,-123,0,1485,1484,1484
2492,0,1,0,0,0,1,0,1,0,0x5cc,-1481,821,0,489,26943,-609,0x5cc,0,1,0,-123,0,1485,1485,1485
2493,0,1,0,0,0,1,1,1,1,0x5cd,-4850,-584,0,436,15316,-1134,0x5cc,0,1,0,-123,0,1485,1485,1485
2494,0,1,0,0,0,1,1,1,1,0x5ce,-13884,208,0,295,2136,-453,0x5cd,1,1,1,161,0,1486,1485,1485
2495,0,1,0,0,0,1,1,0,0,0x5cf,-4794,1055,0,437,15500,-1134,0x5ce,1,0,0,-24,0,1487,1486,1486
2496,0,1,0,0,0,1,1,1,1,0x5cf,-4794,1055,0,437,15500,-1134,0x5ce,1,1,1,-24,0,1487,1486,1486
2497,0,1,0,0,0,1,0,1,0,0x5cf,-4794,1055,0,437,15500,-1134,0x5cf,1,1,1,-293,0,1488,1487,1487
2498,0,1,0,0,0,1,1,1,1,0x5d0,-3063,-360,0,464,21025,-983,0x5cf,0,1,0,-293,0,1488,1488,1488
2499,0,1,0,0,0,1,1,1,1,0x5d1,-11682,-135,0,329,3552,-634,0x5d0,1,1,1,86,0,1489,1488,1488
2500,0,1,0,0,0,1,1,1,1,0x5d2,-1017,-397,0,496,28693,-446,0x5d1,1,1,1,20,0,1490,1489,1489
2501,0,1,0,0,0,1,1,1,1,0x5d3,-1626,417,0,487,26448,-657,0x5d2,1,1,1,43,0,1491,1490,1490
2502,0,1,0,0,0,1,0,0,0,0x5d3,-1626,417,0,487,26448,-657,0x5d3,1,0,0,-67,0,1492,1491,1491
2503,0,1,0,0,0,1,1,1,1,0x5d4,-2583,-674,0,472,22849,-901,0x5d3,1,1,1,-67,0,1492,1491,1491
2504,0,1,0,0,0,1,1,1,1,0x5d5,-248,873,0,508,31744,-121,0x5d4,1,1,1,148,0,1493,1492,1492
2505,0,1,0,0,0,1,1,1,1,0x5d6,-2894,1022,0,467,21700,-959,0x5d5,1,1,1,-26,0,1494,1493,1493
2506,0,1,0,0,0,1,1,1,1,0x5d7,-2157,631,0,478,24263,-799,0x5d6,1,1,1,-240,0,1495,1494,1494
2507,0,1,0,0,0,1,0,1,0,0x5d7,-2157,631,0,478,24263,-799,0x5d7,1,1,1,-124,0,1496,1495,1495
2508,0,1,0,0,0,1,0,1,0,0x5d7,-2157,631,0,478,24263,-799,0x5d7,0,1,0,-124,0,1496,1496,1496
2509,0,1,0,0,0,1,1,1,1,0x5d8,-8460,1199,0,380,7392,-955,0x5d7,0,0,0,-124,0,1496,1496,1496
2510,0,1,0,0,0,1,1,1,1,0x5d9,-3004,895,0,465,21249,-974,0x5d8,1,1,1,-280,0,1497,1496,1496
2511,0,1,0,0,0,1,1,1,1,0x5da,-2137,-5798,0,479,24502,-799,0x5d9,1,1,1,-213,0,1498,1497,1497
2512,0,1,0,0,0,1,0,1,0,0x5da,-2137,-5798,0,479,24502,-799,0x5da,1,1,1,1131,0,1499,1498,1498
2513,0,1,0,0,0,1,1,1,1,0x5db,-451,-1178,0,505,30978,-214,0x5da,0,1,0,1131,0,1499,1499,1499
2514,0,1,0,0,0,1,1,1,1,0x5dc,-1534,-1135,0,488,26695,-625,0x5db,1,1,1,61,0,1500,1499,1499
2515,0,1,0,0,0,1,1,1,1,0x5dd,-2012,-731,0,481,24984,-768,0x5dc,1,1,1,173,0,1501,1500,1500
2516,0,1,0,0,0,1,1,0,0,0x5de,-11938,-970,0,325,3348,-610,0x5dd,1,0,0,137,0,1502,1501,1501
2517,0,1,0,0,0,1,1,1,1,0x5de,-11938,-970,0,325,3348,-610,0x5dd,1,1,1,137,0,1502,1501,1501
2518,0,1,0,0,0,1,1,0,0,0x5df,-2287,859,0,476,23788,-831,0x5de,1,0,0,144,0,1503,1502,1502
2519,0,1,0,0,0,1,1,1,1,0x5df,-2287,859,0,476,23788,-831,0x5de,1,1,1,144,0,1503,1502,1502
2520,0,1,0,0,0,1,1,1,1,0x5e0,376,-1053,0,518,34303,196,0x5df,1,1,1,-175,0,1504,1503,1503
2521,0,1,0,0,0,1,1,1,1,0x5e1,-3516,691,0,457,19495,-1046,0x5e0,1,1,1,-51,0,1505,1504,1504
2522,0,1,0,0,0,1,0,1,0,0x5e1,-3516,691,0,457,19495,-1046,0x5e1,1,1,1,-177,0,1506,1505,1505
2523,0,1,0,0,0,1,1,1,1,0x5e2,-2400,1377,0,475,23551,-863,0x5e1,0,0,0,-177,0,1506,1506,1506
2524,0,1,0,0,0,1,1,1,1,0x5e3,-2544,-1571,0,472,22849,-887,0x5e2,1,1,1,-291,0,1507,1506,1506
2525,0,1,0,0,0,1,0,1,0,0x5e3,-2544,-1571,0,472,22849,-887,0x5e3,1,1,1,340,0,1508,1507,1507
2526,0,1,0,0,0,1,1,1,1,0x5e4,-3068,-166,0,464,21025,-985,0x5e3,0,1,0,340,0,1508,1508,1508
2527,0,1,0,0,0,1,0,1,0,0x5e4,-3068,-166,0,464,21025,-985,0x5e4,1,1,1,39,0,1509,1508,1508
2528,0,1,0,0,0,1,1,1,1,0x5e5,-748,-1276,0,500,29705,-340,0x5e4,0,1,0,39,0,1509,1509,1509
2529,0,1,0,0,0,1,1,1,1,0x5e6,-3143,-1738,0,463,20803,-998,0x5e5,1,1,1,105,0,1510,1509,1509
2530,0,1,0,0,0,1,1,0,0,0x5e7,-1728,929,0,485,25957,-685,0x5e6,1,0,0,423,0,1511,1510,1510
2531,0,1,0,0,0,1,1,1,1,0x5e7,-1728,929,0,485,25957,-685,0x5e6,1,1,1,423,0,1511,1510,1510
2532,0,1,0,0,0,1,0,1,0,0x5e7,-1728,929,0,485,25957,-685,0x5e7,1,1,1,-156,0,1512,1511,1511
2533,0,1,0,0,0,1,1,1,1,0x5e8,-4700,4532,0,439,15873,-1139,0x5e7,0,1,0,-156,0,1512,1512,1512
2534,0,1,0,0,0,1,1,1,1,0x5e9,-2804,1746,0,468,21928,-939,0x5e8,1,1,1,-1261,0,1513,1512,1512
2535,0,1,0,0,0,1,1,1,1,0x5ea,-1993,-372,0,481,24984,-760,0x5e9,1,1,1,-401,0,1514,1513,1513
2536,0,1,0,0,0,1,1,1,1,0x5eb,-522,846,0,504,30723,-245,0x5ea,1,1,1,69,0,1515,1514,1514
2537,0,1,0,0,0,1,0,0,0,0x5eb,-522,846,0,504,30723,-245,0x5eb,1,0,0,-51,0,1516,1515,1515
2538,0,1,0,0,0,1,1,1,1,0x5ec,-2555,-84,0,472,22849,-891,0x5eb,1,1,1,-51,0,1516,1515,1515
2539,0,1,0,0,0,1,1,1,1,0x5ed,-3384,176,0,459,19926,-1029,0x5ec,1,1,1,18,0,1517,1516,1516
2540,0,1,0,0,0,1,1,1,1,0x5ee,-7195,-1336,0,400,9702,-1066,0x5ed,1,1,1,-45,0,1518,1517,1517
2541,0,1,0,0,0,1,1,0,0,0x5ef,-2579,180,0,472,22849,-900,0x5ee,1,0,0,347,0,1519,1518,1518
2542,0,1,0,0,0,1,1,1,1,0x5ef,-2579,180,0,472,22849,-900,0x5ee,1,1,1,347,0,1519,1518,1518
2543,0,1,0,0,0,1,1,1,1,0x5f0,-4726,518,0,438,15686,-1132,0x5ef,1,1,1,-40,0,1520,1519,1519
2544,0,1,0,0,0,1,1,0,0,0x5f1,-454,-1549,0,505,30978,-215,0x5f0,1,0,0,-144,0,1521,1520,1520
2545,0,1,0,0,0,1,1,1,1,0x5f1,-454,-1549,0,505,30978,-215,0x5f0,1,1,1,-144,0,1521,1520,1520
2546,0,1,0,0,0,1,1,1,1,0x5f2,-3774,-52,0,453,18650,-1074,0x5f1,1,1,1,81,0,1522,1521,1521
2547,0,1,0,0,0,1,0,1,0,0x5f2,-3774,-52,0,453,18650,-1074,0x5f2,1,1,1,13,0,1523,1522,1522
2548,0,1,0,0,0,1,1,1,1,0x5f3,-6316,420,0,413,11504,-1109,0x5f2,0,1,0,13,0,1523,1523,1523
2549,0,1,0,0,0,1,1,1,1,0x5f4,-7166,1467,0,400,9702,-1061,0x5f3,1,1,1,-114,0,1524,1523,1523
2550,0,1,0,0,0,1,1,1,1,0x5f5,-7331,450,0,397,9321,-1043,0x5f4,1,1,1,-381,0,1525,1524,1524
2551,0,1,0,0,0,1,1,0,0,0x5f6,-320,-1105,0,507,31489,-154,0x5f5,1,0,0,-115,0,1526,1525,1525
2552,0,1,0,0,0,1,1,1,1,0x5f6,-320,-1105,0,507,31489,-154,0x5f5,1,1,1,-115,0,1526,1525,1525
2553,0,1,0,0,0,1,1,1,1,0x5f7,-5113,-595,0,432,14595,-1139,0x5f6,1,1,1,41,0,1527,1526,1526
2554,0,1,0,0,0,1,1,1,1,0x5f8,-5632,868,0,424,13226,-1137,0x5f7,1,1,1,165,0,1528,1527,1527
2555,0,1,0,0,0,1,1,1,1,0x5f9,-398,-911,0,506,31233,-190,0x5f8,1,1,1,-241,0,1529,1528,1528
2556,0,1,0,0,0,1,1,1,1,0x5fa,-1914,-2152,0,482,25226,-737,0x5f9,1,1,1,42,0,1530,1529,1529
2557,0,1,0,0,0,1,0,1,0,0x5fa,-1914,-2152,0,482,25226,-737,0x5fa,1,1,1,387,0,1531,1530,1530
2558,0,1,0,0,0,1,1,1,1,0x5fb,-2995,119,0,465,21249,-972,0x5fa,0,0,0,387,0,1531,1531,1531
2559,0,1,0,0,0,1,0,1,0,0x5fb,-2995,119,0,465,21249,-972,0x5fb,1,1,1,-29,0,1532,1531,1531
2560,0,1,0,0,0,1,1,1,1,0x5fc,-1745,1227,0,485,25957,-692,0x5fb,0,1,0,-29,0,1532,1532,1532
2561,0,1,0,0,0,1,1,1,1,0x5fd,-160,-793,0,510,32256,-79,0x5fc,1,1,1,-208,0,1533,1532,1532
2562,0,1,0,0,0,1,0,1,0,0x5fd,-160,-793,0,510,32256,-79,0x5fd,1,1,1,15,0,1534,1533,1533
2563,0,1,0,0,0,1,1,1,1,0x5fe,538,-550,0,520,34813,285,0x5fd,0,1,0,15,0,1534,1534,1534
2564,0,1,0,0,0,1,1,0,0,0x5ff,-2193,236,0,478,24263,-812,0x5fe,1,0,0,-39,0,1535,1534,1534
2565,0,1,0,0,0,1,1,0,0,0x5ff,-2193,236,0,478,24263,-812,0x5fe,1,0,0,-39,0,1535,1534,1534
2566,0,1,0,0,0,1,1,1,1,0x5ff,-2193,236,0,478,24263,-812,0x5fe,1,1,1,-39,0,1535,1534,1534
2567,0,1,0,0,0,1,0,1,0,0x5ff,-2193,236,0,478,24263,-812,0x5ff,1,1,1,-47,0,1536,1535,1535
2568,0,1,0,0,0,1,1,1,1,0x600,-1722,630,0,485,25957,-683,0x5ff,0,1,0,-47,0,1536,1536,1536
2569,0,1,0,0,0,1,1,1,1,0x601,-1132,-1053,0,494,28190,-487,0x600,1,1,1,-106,0,1537,1536,1536
2570,0,1,0,0,0,1,1,1,1,0x602,-4624,311,0,440,16062,-1134,0x601,1,1,1,125,0,1538,1537,1537
2571,0,1,0,0,0,1,1,1,1,0x603,-2582,352,0,472,22849,-901,0x602,1,1,1,-87,0,1539,1538,1538
2572,0,1,0,0,0,1,0,0,0,0x603,-2582,352,0,472,22849,-901,0x603,1,0,0,-78,0,1540,1539,1539
2573,0,1,0,0,0,1,1,1,1,0x604,-1570,1792,0,487,26448,-634,0x603,1,1,1,-78,0,1540,1539,1539
2574,0,1,0,0,0,1,1,1,1,0x605,-5076,160,0,433,14773,-1145,0x604,1,1,1,-278,0,1541,1540,1540
2575,0,1,0,0,0,1,1,1,1,0x606,-644,-318,0,502,30213,-297,0x605,1,1,1,-45,0,1542,1541,1541
2576,0,1,0,0,0,1,0,1,0,0x606,-644,-318,0,502,30213,-297,0x606,1,1,1,23,0,1543,1542,1542
2577,0,1,0,0,0,1,0,1,0,0x606,-644,-318,0,502,30213,-297,0x606,0,1,0,23,0,1543,1543,1543
2578,0,1,0,0,0,1,1,1,1,0x607,-2151,-2349,0,478,24263,-797,0x606,0,1,0,23,0,1543,1543,1543
2579,0,1,0,0,0,1,1,0,0,0x608,-1303,314,0,492,27689,-551,0x607,1,0,0,457,0,1544,1543,1543
2580,0,1,0,0,0,1,1,1,1,0x608,-1303,314,0,492,27689,-551,0x607,1,1,1,457,0,1544,1543,1543
2581,0,1,0,0,0,1,1,1,1,0x609,-318,201,0,507,31489,-153,0x608,1,1,1,-43,0,1545,1544,1544
2582,0,1,0,0,0,1,0,1,0,0x609,-318,201,0,507,31489,-153,0x609,1,1,1,-8,0,1546,1545,1545
2583,0,1,0,0,0,1,1,1,1,0x60a,-2648,1328,0,471,22617,-914,0x609,0,1,0,-8,0,1546,1546,1546
2584,0,1,0,0,0,1,1,1,1,0x60b,-1025,514,0,496,28693,-449,0x60a,1,1,1,-297,0,1547,1546,1546
2585,0,1,0,0,0,1,1,1,1,0x60c,-5424,-610,0,427,13728,-1137,0x60b,1,1,1,-57,0,1548,1547,1547
2586,0,1,0,0,0,1,1,0,0,0x60d,-771,757,0,500,29705,-350,0x60c,1,0,0,169,0,1549,1548,1548
2587,0,1,0,0,0,1,1,0,0,0x60d,-771,757,0,500,29705,-350,0x60c,1,0,0,169,0,1549,1548,1548
2588,0,1,0,0,0,1,1,1,1,0x60d,-771,757,0,500,29705,-350,0x60c,1,1,1,169,0,1549,1548,1548
2589,0,1,0,0,0,1,1,1,1,0x60e,-2307,119,0,476,23788,-838,0x60d,1,1,1,-65,0,1550,1549,1549
2590,0,1,0,0,0,1,1,1,1,0x60f,-2964,960,0,466,21474,-972,0x60e,1,1,1,-25,0,1551,1550,1550
2591,0,1,0,0,0,1,1,1,1,0x610,-900,-343,0,498,29198,-401,0x60f,1,1,1,-228,0,1552,1551,1551
2592,0,1,0,0,0,1,0,1,0,0x610,-900,-343,0,498,29198,-401,0x610,1,1,1,33,0,1553,1552,1552
2593,0,1,0,0,0,1,0,1,0,0x610,-900,-343,0,498,29198,-401,0x610,0,0,0,33,0,1553,1553,1553
2594,0,1,0,0,0,1,1,1,1,0x611,682,3991,0,523,35577,370,0x610,0,1,0,33,0,1553,1553,1553
2595,0,1,0,0,0,1,1,1,1,0x612,-2087,1454,0,479,24502,-781,0x611,1,1,1,360,0,1554,1553,1553
2596,0,1,0,0,0,1,1,1,1,0x613,-3303,-713,0,460,20143,-1016,0x612,1,1,1,-278,0,1555,1554,1554
2597,0,1,0,0,0,1,0,1,0,0x613,-3303,-713,0,460,20143,-1016,0x613,1,1,1,176,0,1556,1555,1555
2598,0,1,0,0,0,1,1,1,1,0x614,-1266,1689,0,492,27689,-535,0x613,0,1,0,176,0,1556,1556,1556
2599,0,1,0,0,0,1,1,1,1,0x615,-1312,159,0,492,27689,-555,0x614,1,1,1,-221,0,1557,1556,1556
2600,0,1,0,0,0,1,1,0,0,0x616,-1620,1239,0,487,26448,-654,0x615,1,0,0,-22,0,1558,1557,1557
2601,0,1,0,0,0,1,1,1,1,0x616,-1620,1239,0,487,26448,-654,0x615,1,1,1,-22,0,1558,1557,1557
2602,0,1,0,0,0,1,0,1,0,0x616,-1620,1239,0,487,26448,-654,0x616,1,1,1,-198,0,1559,1558,1558
2603,0,1,0,0,0,1,1,1,1,0x617,-2703,41,0,470,22386,-924,0x616,0,1,0,-198,0,1559,1559,1559
2604,0,1,0,0,0,1,1,1,1,0x618,-5484,-75,0,426,13559,-1135,0x617,1,1,1,-10,0,1560,1559,1559
2605,0,1,0,0,0,1,1,1,1,0x619,-10086,499,0,354,5117,-788,0x618,1,1,1,20,0,1561,1560,1560
2606,0,1,0,0,0,1,1,1,1,0x61a,-1203,1302,0,493,27939,-513,0x619,1,1,1,-96,0,1562,1561,1561
2607,0,1,0,0,0,1,0,0,0,0x61a,-1203,1302,0,493,27939,-513,0x61a,1,0,0,-164,0,1563,1562,1562
2608,0,1,0,0,0,1,1,1,1,0x61b,-11684,-657,0,329,3552,-634,0x61a,1,1,1,-164,0,1563,1562,1562
2609,0,1,0,0,0,1,1,1,1,0x61c,-4094,-262,0,448,17625,-1102,0x61b,1,1,1,101,0,1564,1563,1563
2610,0,1,0,0,0,1,0,0,0,0x61c,-4094,-262,0,448,17625,-1102,0x61c,1,0,0,70,0,1565,1564,1564
2611,0,1,0,0,0,1,1,1,1,0x61d,-902,128,0,498,29198,-402,0x61c,1,1,1,70,0,1565,1564,1564
2612,0,1,0,0,0,1,0,1,0,0x61d,-902,128,0,498,29198,-402,0x61d,1,1,1,-13,0,1566,1565,1565
2613,0,1,0,0,0,1,1,1,1,0x61e,-2448,-383,0,474,23316,-871,0x61d,0,1,0,-13,0,1566,1566,1566
2614,0,1,0,0,0,1,1,0,0,0x61f,105,-1838,0,514,33280,53,0x61e,1,0,0,81,0,1567,1566,1566
2615,0,1,0,0,0,1,1,1,1,0x61f,105,-1838,0,514,33280,53,0x61e,1,1,1,81,0,1567,1566,1566
2616,0,1,0,0,0,1,1,1,1,0x620,-1861,219,0,483,25468,-724,0x61f,1,1,1,-24,0,1568,1567,1567
2617,0,1,0,0,0,1,0,1,0,0x620,-1861,219,0,483,25468,-724,0x620,1,1,1,-39,0,1569,1568,1568
2618,0,1,0,0,0,1,1,1,1,0x621,-780,-637,0,500,29705,-354,0x620,0,1,0,-39,0,1569,1569,1569
2619,0,1,0,0,0,1,1,1,1,0x622,1082,1531,0,529,37095,612,0x621,1,1,1,55,0,1570,1569,1569
2620,0,1,0,0,0,1,1,1,1,0x623,-3861,-689,0,452,18442,-1087,0x622,1,1,1,228,0,1571,1570,1570
2621,0,1,0,0,0,1,1,0,0,0x624,-1668,-980,0,486,26202,-667,0x623,1,0,0,182,0,1572,1571,1571
2622,0,1,0,0,0,1,1,1,1,0x624,-1668,-980,0,486,26202,-667,0x623,1,1,1,182,0,1572,1571,1571
2623,0,1,0,0,0,1,1,1,1,0x625,-2928,-1625,0,466,21474,-960,0x624,1,1,1,159,0,1573,1572,1572
2624,0,1,0,0,0,1,1,1,1,0x626,-2684,-711,0,470,22386,-917,0x625,1,1,1,380,0,1574,1573,1573
2625,0,1,0,0,0,1,1,1,1,0x627,-1310,-389,0,492,27689,-554,0x626,1,1,1,159,0,1575,1574,1574
2626,0,1,0,0,0,1,1,1,1,0x628,-8426,1367,0,380,7392,-951,0x627,1,1,1,52,0,1576,1575,1575
2627,0,1,0,0,0,1,0,1,0,0x628,-8426,1367,0,380,7392,-951,0x628,1,1,1,-318,0,1577,1576,1576
2628,0,1,0,0,0,1,1,1,1,0x629,-3366,-1376,0,459,19926,-1024,0x628,0,0,0,-318,0,1577,1577,1577
2629,0,1,0,0,0,1,1,1,1,0x62a,-899,-185,0,498,29198,-401,0x629,1,1,1,344,0,1578,1577,1577
2630,0,1,0,0,0,1,1,1,1,0x62b,-5128,2819,0,432,14595,-1143,0x62a,1,1,1,18,0,1579,1578,1578
2631,0,1,0,0,0,1,1,1,1,0x62c,-4398,-892,0,443,16637,-1117,0x62b,1,1,1,-787,0,1580,1579,1579
2632,0,1,0,0,0,1,0,1,0,0x62c,-4398,-892,0,443,16637,-1117,0x62c,1,1,1,243,0,1581,1580,1580
2633,0,1,0,0,0,1,1,1,1,0x62d,-6148,-414,0,416,11955,-1122,0x62c,0,0,0,243,0,1581,1581,1581
2634,0,1,0,0,0,1,1,1,1,0x62e,-1611,-417,0,487,26448,-651,0x62d,1,1,1,113,0,1582,1581,1581
2635,0,1,0,0,0,1,1,0,0,0x62f,-4313,69,0,445,17028,-1121,0x62e,1,0,0,66,0,1583,1582,1582
2636,0,1,0,0,0,1,1,1,1,0x62f,-4313,69,0,445,17028,-1121,0x62e,1,1,1,66,0,1583,1582,1582
2637,0,1,0,0,0,1,0,1,0,0x62f,-4313,69,0,445,17028,-1121,0x62f,1,1,1,-19,0,1584,1583,1583
2638,0,1,0,0,0,1,1,1,1,0x630,-11613,-246,0,331,3658,-649,0x62f,0,1,0,-19,0,1584,1584,1584
2639,0,1,0,0,0,1,1,1,1,0x631,-1451,-371,0,489,26943,-597,0x630,1,1,1,38,0,1585,1584,1584
2640,0,1,0,0,0,1,1,1,1,0x632,-1136,-333,0,494,28190,-489,0x631,1,1,1,54,0,1586,1585,1585
2641,0,1,0,0,0,1,1,1,1,0x633,-2537,-446,0,472,22849,-885,0x632,1,1,1,39,0,1587,1586,1586
2642,0,1,0,0,0,1,0,0,0,0x633,-2537,-446,0,472,22849,-885,0x633,1,0,0,96,0,1588,1587,1587
2643,0,1,0,0,0,1,1,1,1,0x634,-2474,480,0,473,23082,-872,0x633,1,1,1,96,0,1588,1587,1587
2644,0,1,0,0,0,1,0,1,0,0x634,-2474,480,0,473,23082,-872,0x634,1,1,1,-103,0,1589,1588,1588
2645,0,1,0,0,0,1,1,1,1,0x635,-1228,-728,0,493,27939,-524,0x634,0,1,0,-103,0,1589,1589,1589
2646,0,1,0,0,0,1,1,1,1,0x636,-1415,448,0,490,27191,-588,0x635,1,1,1,93,0,1590,1589,1589
2647,0,1,0,0,0,1,0,1,0,0x636,-1415,448,0,490,27191,-588,0x636,1,1,1,-65,0,1591,1590,1590
2648,0,1,0,0,0,1,1,1,1,0x637,-11887,-483,0,326,3398,-617,0x636,0,1,0,-65,0,1591,1591,1591
2649,0,1,0,0,0,1,1,0,0,0x638,-712,629,0,501,29959,-326,0x637,1,0,0,72,0,1592,1591,1591
2650,0,1,0,0,0,1,1,1,1,0x638,-712,629,0,501,29959,-326,0x637,1,1,1,72,0,1592,1591,1591
2651,0,1,0,0,0,1,1,1,1,0x639,-1432,-251,0,490,27191,-595,0x638,1,1,1,-51,0,1593,1592,1592
2652,0,1,0,0,0,1,0,1,0,0x639,-1432,-251,0,490,27191,-595,0x639,1,1,1,36,0,1594,1593,1593
2653,0,1,0,0,0,1,1,1,1,0x63a,-2066,863,0,480,24743,-781,0x639,0,1,0,36,0,1594,1594,1594
2654,0,1,0,0,0,1,1,1,1,0x63b,-163,480,0,509,32000,-80,0x63a,1,1,1,-165,0,1595,1594,1594
2655,0,1,0,0,0,1,1,1,1,0x63c,-3376,-1392,0,459,19926,-1027,0x63b,1,1,1,-10,0,1596,1595,1595
2656,0,1,0,0,0,1,1,0,0,0x63d,186,-68,0,515,33536,95,0x63c,1,0,0,349,0,1597,1596,1596
2657,0,1,0,0,0,1,1,1,1,0x63d,186,-68,0,515,33536,95,0x63c,1,1,1,349,0,1597,1596,1596
2658,0,1,0,0,0,1,1,1,1,0x63e,-1801,839,0,484,25712,-707,0x63d,1,1,1,-2,0,1598,1597,1597
2659,0,1,0,0,0,1,1,1,1,0x63f,929,1654,0,527,36591,518,0x63e,1,1,1,-145,0,1599,1598,1598
2660,0,1,0,0,0,1,1,1,1,0x640,-292,-2052,0,507,31489,-141,0x63f,1,1,1,209,0,1600,1599,1599
2661,0,1,0,0,0,1,0,1,0,0x640,-292,-2052,0,507,31489,-141,0x640,1,1,1,70,0,1601,1600,1600
2662,0,1,0,0,0,1,0,1,0,0x640,-292,-2052,0,507,31489,-141,0x640,0,1,0,70,0,1601,1601,1601
2663,0,1,0,0,0,1,1,1,1,0x641,-2308,903,0,476,23788,-838,0x640,0,0,0,70,0,1601,1601,1601
2664,0,1,0,0,0,1,1,1,1,0x642,2016,-2299,0,544,40793,1254,0x641,1,1,1,-185,0,1602,1601,1601
2665,0,1,0,0,0,1,1,1,1,0x643,-5371,-205,0,428,13898,-1140,0x642,1,1,1,-704,0,1603,1602,1602
2666,0,1,0,0,0,1,1,1,1,0x644,-3193,-830,0,462,20582,-1003,0x643,1,1,1,57,0,1604,1603,1603
2667,0,1,0,0,0,1,0,1,0,0x644,-3193,-830,0,462,20582,-1003,0x644,1,1,1,203,0,1605,1604,1604
2668,0,1,0,0,0,1,1,1,1,0x645,-5290,-714,0,429,14070,-1136,0x644,0,1,0,203,0,1605,1605,1605
2669,0,1,0,0,0,1,1,1,1,0x646,-2241,987,0,477,24025,-822,0x645,1,1,1,198,0,1606,1605,1605
2670,0,1,0,0,0,1,1,0,0,0x647,-482,335,0,504,30723,-226,0x646,1,0,0,-199,0,1607,1606,1606
2671,0,1,0,0,0,1,1,1,1,0x647,-482,335,0,504,30723,-226,0x646,1,1,1,-199,0,1607,1606,1606
2672,0,1,0,0,0,1,0,1,0,0x647,-482,335,0,504,30723,-226,0x647,1,1,1,-19,0,1608,1607,1607
2673,0,1,0,0,0,1,1,1,1,0x648,-2202,-310,0,478,24263,-816,0x647,0,1,0,-19,0,1608,1608,1608
2674,0,1,0,0,0,1,1,1,1,0x649,-2350,383,0,475,23551,-845,0x648,1,1,1,61,0,1609,1608,1608
2675,0,1,0,0,0,1,1,1,1,0x64a,-2032,21,0,480,24743,-768,0x649,1,1,1,-80,0,1610,1609,1609
2676,0,1,0,0,0,1,1,1,1,0x64b,-614,506,0,502,30213,-284,0x64a,1,1,1,-4,0,1611,1610,1610
2677,0,1,0,0,0,1,0,0,0,0x64b,-614,506,0,502,30213,-284,0x64b,1,0,0,-36,0,1612,1611,1611
2678,0,1,0,0,0,1,0,1,0,0x64b,-614,506,0,502,30213,-284,0x64b,1,1,1,-36,0,1612,1611,1611
2679,0,1,0,0,0,1,1,1,1,0x64c,-884,509,0,498,29198,-394,0x64b,0,0,0,-36,0,1612,1612,1612
2680,0,1,0,0,0,1,1,1,1,0x64d,-1302,-234,0,492,27689,-551,0x64c,1,1,1,-49,0,1613,1612,1612
2681,0,1,0,0,0,1,1,1,1,0x64e,-430,-1133,0,505,30978,-204,0x64d,1,1,1,31,0,1614,1613,1613
2682,0,1,0,0,0,1,0,1,0,0x64e,-430,-1133,0,505,30978,-204,0x64e,1,1,1,56,0,1615,1614,1614
2683,0,1,0,0,0,1,1,1,1,0x64f,-1611,606,0,487,26448,-651,0x64e,0,1,0,56,0,1615,1615,1615
2684,0,1,0,0,0,1,1,0,0,0x650,-1874,-991,0,483,25468,-729,0x64f,1,0,0,-97,0,1616,1615,1615
2685,0,1,0,0,0,1,1,1,1,0x650,-1874,-991,0,483,25468,-729,0x64f,1,1,1,-97,0,1616,1615,1615
2686,0,1,0,0,0,1,1,1,1,0x651,-3304,-923,0,460,20143,-1016,0x650,1,1,1,176,0,1617,1616,1616
2687,0,1,0,0,0,1,0,1,0,0x651,-3304,-923,0,460,20143,-1016,0x651,1,1,1,228,0,1618,1617,1617
2688,0,1,0,0,0,1,1,1,1,0x652,-7358,449,0,397,9321,-1047,0x651,0,1,0,228,0,1618,1618,1618
2689,0,1,0,0,0,1,1,1,1,0x653,-1716,753,0,485,25957,-680,0x652,1,1,1,-115,0,1619,1618,1618
2690,0,1,0,0,0,1,1,1,1,0x654,-1757,-38,0,485,25957,-696,0x653,1,1,1,-126,0,1620,1619,1619
2691,0,1,0,0,0,1,1,0,0,0x655,-1007,421,0,496,28693,-441,0x654,1,0,0,6,0,1621,1620,1620
2692,0,1,0,0,0,1,1,1,1,0x655,-1007,421,0,496,28693,-441,0x654,1,1,1,6,0,1621,1620,1620
2693,0,1,0,0,0,1,1,1,1,0x656,-451,-1636,0,505,30978,-214,0x655,1,1,1,-46,0,1622,1621,1621
2694,0,1,0,0,0,1,1,1,1,0x657,-3011,-719,0,465,21249,-977,0x656,1,1,1,85,0,1623,1622,1622
2695,0,1,0,0,0,1,0,1,0,0x657,-3011,-719,0,465,21249,-977,0x657,1,1,1,171,0,1624,1623,1623
2696,0,1,0,0,0,1,1,1,1,0x658,-2410,433,0,474,23316,-858,0x657,0,1,0,171,0,1624,1624,1624
2697,0,1,0,0,0,1,0,1,0,0x658,-2410,433,0,474,23316,-858,0x658,1,1,1,-91,0,1625,1624,1624
2698,0,1,0,0,0,1,1,1,1,0x659,34,-198,0,513,33024,17,0x658,0,0,0,-91,0,1625,1625,1625
2699,0,1,0,0,0,1,1,1,1,0x65a,-389,284,0,506,31233,-186,0x659,1,1,1,-1,0,1626,1625,1625
2700,0,1,0,0,0,1,1,1,1,0x65b,-2462,220,0,474,23316,-876,0x65a,1,1,1,-13,0,1627,1626,1626
2701,0,1,0,0,0,1,1,1,1,0x65c,-10296,88,0,351,4900,-770,0x65b,1,1,1,-48,0,1628,1627,1627
2702,0,1,0,0,0,1,0,0,0,0x65c,-10296,88,0,351,4900,-770,0x65c,1,0,0,-17,0,1629,1628,1628
2703,0,1,0,0,0,1,1,1,1,0x65d,1130,-1575,0,530,37346,643,0x65c,1,1,1,-17,0,1629,1628,1628
2704,0,1,0,0,0,1,1,1,1,0x65e,-4190,609,0,447,17425,-1115,0x65d,1,1,1,-248,0,1630,1629,1629
2705,0,1,0,0,0,1,1,0,0,0x65f,-5292,-1774,0,429,14070,-1137,0x65e,1,0,0,-166,0,1631,1630,1630
2706,0,1,0,0,0,1,1,1,1,0x65f,-5292,-1774,0,429,14070,-1137,0x65e,1,1,1,-166,0,1631,1630,1630
2707,0,1,0,0,0,1,0,1,0,0x65f,-5292,-1774,0,429,14070,-1137,0x65f,1,1,1,492,0,1632,1631,1631
2708,0,1,0,0,0,1,1,1,1,0x660,-387,-266,0,506,31233,-185,0x65f,0,1,0,492,0,1632,1632,1632
2709,0,1,0,0,0,1,1,1,1,0x661,-382,78,0,506,31233,-183,0x660,1,1,1,12,0,1633,1632,1632
2710,0,1,0,0,0,1,1,1,1,0x662,-3035,-718,0,465,21249,-985,0x661,1,1,1,-4,0,1634,1633,1633
2711,0,1,0,0,0,1,1,1,1,0x663,-624,-165,0,502,30213,-288,0x662,1,1,1,172,0,1635,1634,1634
2712,0,1,0,0,0,1,0,0,0,0x663,-624,-165,0,502,30213,-288,0x663,1,0,0,11,0,1636,1635,1635
2713,0,1,0,0,0,1,1,1,1,0x664,-1598,635,0,487,26448,-645,0x663,1,1,1,11,0,1636,1635,1635
2714,0,1,0,0,0,1,1,1,1,0x665,55,-1831,0,513,33024,27,0x664,1,1,1,-100,0,1637,1636,1636
2715,0,1,0,0,0,1,1,1,1,0x666,-2914,-1015,0,466,21474,-955,0x665,1,1,1,-13,0,1638,1637,1637
2716,0,1,0,0,0,1,1,1,1,0x667,-2215,-962,0,477,24025,-813,0x666,1,1,1,236,0,1639,1638,1638
2717,0,1,0,0,0,1,0,1,0,0x667,-2215,-962,0,477,24025,-813,0x667,1,1,1,190,0,1640,1639,1639
2718,0,1,0,0,0,1,1,1,1,0x668,-2902,-209,0,467,21700,-961,0x667,0,1,0,190,0,1640,1640,1640
2719,0,1,0,0,0,1,1,0,0,0x669,-2734,-70,0,469,22156,-925,0x668,1,0,0,49,0,1641,1640,1640
2720,0,1,0,0,0,1,1,1,1,0x669,-2734,-70,0,469,22156,-925,0x668,1,1,1,49,0,1641,1640,1640
2721,0,1,0,0,0,1,1,1,1,0x66a,299,174,0,517,34047,155,0x669,1,1,1,15,0,1642,1641,1641
2722,0,1,0,0,0,1,0,1,0,0x66a,299,174,0,517,34047,155,0x66a,1,1,1,6,0,1643,1642,1642
2723,0,1,0,0,0,1,1,1,1,0x66b,-1638,-353,0,486,26202,-655,0x66a,0,1,0,6,0,1643,1643,1643
2724,0,1,0,0,0,1,1,1,1,0x66c,-3008,-3399,0,465,21249,-976,0x66b,1,1,1,56,0,1644,1643,1643
2725,0,1,0,0,0,1,1,0,0,0x66d,-1925,-910,0,482,25226,-741,0x66c,1,0,0,809,0,1645,1644,1644
2726,0,1,0,0,0,1,1,0,0,0x66d,-1925,-910,0,482,25226,-741,0x66c,1,0,0,809,0,1645,1644,1644
2727,0,1,0,0,0,1,1,1,1,0x66d,-1925,-910,0,482,25226,-741,0x66c,1,1,1,809,0,1645,1644,1644
2728,0,1,0,0,0,1,1,1,1,0x66e,-1767,1055,0,484,25712,-694,0x66d,1,1,1,164,0,1646,1645,1645
2729,0,1,0,0,0,1,0,1,0,0x66e,-1767,1055,0,484,25712,-694,0x66e,1,1,1,-179,0,1647,1646,1646
2730,0,1,0,0,0,1,1,1,1,0x66f,-884,-231,0,498,29198,-394,0x66e,0,1,0,-179,0,1647,1647,1647
2731,0,1,0,0,0,1,1,1,1,0x670,-3399,1871,0,459,19926,-1034,0x66f,1,1,1,22,0,1648,1647,1647
2732,0,1,0,0,0,1,0,1,0,0x670,-3399,1871,0,459,19926,-1034,0x670,1,1,1,-473,0,1649,1648,1648
2733,0,1,0,0,0,1,1,1,1,0x671,297,-126,0,517,34047,154,0x670,0,0,0,-473,0,1649,1649,1649
2734,0,1,0,0,0,1,1,1,1,0x672,-2171,226,0,478,24263,-804,0x671,1,1,1,-5,0,1650,1649,1649
2735,0,1,0,0,0,1,1,1,1,0x673,-1213,1322,0,493,27939,-518,0x672,1,1,1,-45,0,1651,1650,1650
2736,0,1,0,0,0,1,1,1,1,0x674,1271,-591,0,532,37847,734,0x673,1,1,1,-168,0,1652,1651,1651
2737,0,1,0,0,0,1,0,1,0,0x674,1271,-591,0,532,37847,734,0x674,1,1,1,-106,0,1653,1652,1652
2738,0,1,0,0,0,1,1,1,1,0x675,-1803,-860,0,484,25712,-708,0x674,0,1,0,-106,0,1653,1653,1653
2739,0,1,0,0,0,1,1,1,1,0x676,837,79,0,525,36085,460,0x675,1,1,1,148,0,1654,1653,1653
2740,0,1,0,0,0,1,1,0,0,0x677,-1341,-1990,0,491,27440,-562,0x676,1,0,0,8,0,1655,1654,1654
2741,0,1,0,0,0,1,1,1,1,0x677,-1341,-1990,0,491,27440,-562,0x676,1,1,1,8,0,1655,1654,1654
2742,0,1,0,0,0,1,0,1,0,0x677,-1341,-1990,0,491,27440,-562,0x677,1,1,1,273,0,1656,1655,1655
2743,0,1,0,0,0,1,1,1,1,0x678,-1564,-442,0,488,26695,-638,0x677,0,1,0,273,0,1656,1656,1656
2744,0,1,0,0,0,1,1,1,1,0x679,-3198,285,0,462,20582,-1005,0x678,1,1,1,68,0,1657,1656,1656
2745,0,1,0,0,0,1,1,1,1,0x67a,-2590,-608,0,472,22849,-903,0x679,1,1,1,-70,0,1658,1657,1657
2746,0,1,0,0,0,1,0,1,0,0x67a,-2590,-608,0,472,22849,-903,0x67a,1,1,1,134,0,1659,1658,1658
2747,0,1,0,0,0,1,0,1,0,0x67a,-2590,-608,0,472,22849,-903,0x67a,0,0,0,134,0,1659,1659,1659
2748,0,1,0,0,0,1,1,1,1,0x67b,-10455,-2328,0,349,4760,-760,0x67a,0,0,0,134,0,1659,1659,1659
2749,0,1,0,0,0,1,1,1,1,0x67c,-745,446,0,500,29705,-338,0x67b,1,1,1,431,0,1660,1659,1659
2750,0,1,0,0,0,1,1,1,1,0x67d,-741,-51,0,500,29705,-336,0x67c,1,1,1,-37,0,1661,1660,1660
2751,0,1,0,0,0,1,1,1,1,0x67e,-1231,550,0,493,27939,-525,0x67d,1,1,1,4,0,1662,1661,1661
2752,0,1,0,0,0,1,0,1,0,0x67e,-1231,550,0,493,27939,-525,0x67e,1,1,1,-71,0,1663,1662,1662
2753,0,1,0,0,0,1,1,1,1,0x67f,1337,-4,0,533,38096,777,0x67e,0,1,0,-71,0,1663,1663,1663
2754,0,1,0,0,0,1,1,0,0,0x680,-1162,-136,0,494,28190,-500,0x67f,1,0,0,-1,0,1664,1663,1663
2755,0,1,0,0,0,1,1,1,1,0x680,-1162,-136,0,494,28190,-500,0x67f,1,1,1,-1,0,1664,1663,1663
2756,0,1,0,0,0,1,1,1,1,0x681,-2541,-110,0,472,22849,-886,0x680,1,1,1,16,0,1665,1664,1664
2757,0,1,0,0,0,1,0,1,0,0x681,-2541,-110,0,472,22849,-886,0x681,1,1,1,23,0,1666,1665,1665
2758,0,1,0,0,0,1,1,1,1,0x682,-1878,-228,0,483,25468,-730,0x681,0,1,0,23,0,1666,1666,1666
2759,0,1,0,0,0,1,1,1,1,0x683,1404,-123,0,534,38345,821,0x682,1,1,1,40,0,1667,1666,1666
2760,0,1,0,0,0,1,1,1,1,0x684,-5167,-21,0,431,14418,-1137,0x683,1,1,1,-25,0,1668,1667,1667
2761,0,1,0,0,0,1,1,0,0,0x685,-8990,794,0,372,6611,-907,0x684,1,0,0,5,0,1669,1668,1668
2762,0,1,0,0,0,1,1,1,1,0x685,-8990,794,0,372,6611,-907,0x684,1,1,1,5,0,1669,1668,1668
2763,0,1,0,0,0,1,0,1,0,0x685,-8990,794,0,372,6611,-907,0x685,1,1,1,-176,0,1670,1669,1669
2764,0,1,0,0,0,1,1,1,1,0x686,1322,-1584,0,533,38096,768,0x685,0,1,0,-176,0,1670,1670,1670
2765,0,1,0,0,0,1,1,1,1,0x687,-3760,180,0,453,18650,-1071,0x686,1,1,1,-297,0,1671,1670,1670
2766,0,1,0,0,0,1,1,1,1,0x688,-3459,777,0,458,19710,-1041,0x687,1,1,1,-48,0,1672,1671,1671
2767,0,1,0,0,0,1,0,1,0,0x688,-3459,777,0,458,19710,-1041,0x688,1,1,1,-198,0,1673,1672,1672
2768,0,1,0,0,0,1,1,1,1,0x689,-8180,1128,0,384,7812,-976,0x688,0,0,0,-198,0,1673,1673,1673
2769,0,1,0,0,0,1,1,1,1,0x68a,-12662,319,0,314,2842,-550,0x689,1,1,1,-269,0,1674,1673,1673
2770,0,1,0,0,0,1,1,1,1,0x68b,41,326,0,513,33024,20,0x68a,1,1,1,-43,0,1675,1674,1674
2771,0,1,0,0,0,1,1,0,0,0x68c,-2796,1346,0,468,21928,-936,0x68b,1,0,0,1,0,1676,1675,1675
2772,0,1,0,0,0,1,1,1,1,0x68c,-2796,1346,0,468,21928,-936,0x68b,1,1,1,1,0,1676,1675,1675
2773,0,1,0,0,0,1,1,1,1,0x68d,1218,-81,0,531,37597,698,0x68c,1,1,1,-308,0,1677,1676,1676
2774,0,1,0,0,0,1,1,1,1,0x68e,-4366,589,0,444,16832,-1122,0x68d,1,1,1,-14,0,1678,1677,1677
2775,0,1,0,0,0,1,1,0,0,0x68f,-478,-782,0,505,30978,-226,0x68e,1,0,0,-162,0,1679,1678,1678
2776,0,1,0,0,0,1,1,1,1,0x68f,-478,-782,0,505,30978,-226,0x68e,1,1,1,-162,0,1679,1678,1678
2777,0,1,0,0,0,1,0,1,0,0x68f,-478,-782,0,505,30978,-226,0x68f,1,1,1,43,0,1680,1679,1679
2778,0,1,0,0,0,1,1,1,1,0x690,-2063,-47,0,480,24743,-779,0x68f,0,1,0,43,0,1680,1680,1680
2779,0,1,0,0,0,1,1,1,1,0x691,-4299,563,0,445,17028,-1117,0x690,1,1,1,8,0,1681,1680,1680
2780,0,1,0,0,0,1,0,1,0,0x691,-4299,563,0,445,17028,-1117,0x691,1,1,1,-154,0,1682,1681,1681
2781,0,1,0,0,0,1,1,1,1,0x692,-1603,-257,0,487,26448,-647,0x691,0,1,0,-154,0,1682,1682,1682
2782,0,1,0,0,0,1,0,0,0,0x692,-1603,-257,0,487,26448,-647,0x692,1,0,0,40,0,1683,1682,1682
2783,0,1,0,0,0,1,1,1,1,0x693,-2318,-1159,0,476,23788,-842,0x692,1,1,1,40,0,1683,1682,1682
2784,0,1,0,0,0,1,1,1,1,0x694,-3045,-1127,0,464,21025,-977,0x693,1,1,1,238,0,1684,1683,1683
2785,0,1,0,0,0,1,1,1,1,0x695,-286,1147,0,508,31744,-139,0x694,1,1,1,268,0,1685,1684,1684
2786,0,1,0,0,0,1,1,1,1,0x696,-4989,649,0,434,14952,-1139,0x695,1,1,1,-39,0,1686,1685,1685
2787,0,1,0,0,0,1,0,1,0,0x696,-4989,649,0,434,14952,-1139,0x696,1,1,1,-181,0,1687,1686,1686
2788,0,1,0,0,0,1,1,1,1,0x697,163,1310,0,515,33536,83,0x696,0,1,0,-181,0,1687,1687,1687
2789,0,1,0,0,0,1,1,0,0,0x698,-3230,585,0,462,20582,-1015,0x697,1,0,0,26,0,1688,1687,1687
2790,0,1,0,0,0,1,1,1,1,0x698,-3230,585,0,462,20582,-1015,0x697,1,1,1,26,0,1688,1687,1687
2791,0,1,0,0,0,1,1,1,1,0x699,-3365,2337,0,459,19926,-1024,0x698,1,1,1,-145,0,1689,1688,1688
2792,0,1,0,0,0,1,0,1,0,0x699,-3365,2337,0,459,19926,-1024,0x699,1,1,1,-585,0,1690,1689,1689
2793,0,1,0,0,0,1,1,1,1,0x69a,-4948,-512,0,435,15134,-1143,0x699,0,1,0,-585,0,1690,1690,1690
2794,0,1,0,0,0,1,1,0,0,0x69b,-2783,-1831,0,469,22156,-941,0x69a,1,0,0,142,0,1691,1690,1690
2795,0,1,0,0,0,1,1,1,1,0x69b,-2783,-1831,0,469,22156,-941,0x69a,1,1,1,142,0,1691,1690,1690
2796,0,1,0,0,0,1,1,0,0,0x69c,-1637,1194,0,486,26202,-655,0x69b,1,0,0,420,0,1692,1691,1691
2797,0,1,0,0,0,1,1,1,1,0x69c,-1637,1194,0,486,26202,-655,0x69b,1,1,1,420,0,1692,1691,1691
2798,0,1,0,0,0,1,1,1,1,0x69d,-148,-229,0,510,32256,-73,0x69c,1,1,1,-191,0,1693,1692,1692
2799,0,1,0,0,0,1,1,1,1,0x69e,-47,323,0,511,32512,-24,0x69d,1,1,1,4,0,1694,1693,1693
2800,0,1,0,0,0,1,1,1,1,0x69f,-952,1172,0,497,28945,-421,0x69e,1,1,1,-2,0,1695,1694,1694
2801,0,1,0,0,0,1,1,1,1,0x6a0,-1445,-945,0,489,26943,-595,0x69f,1,1,1,-121,0,1696,1695,1695
2802,0,1,0,0,0,1,0,1,0,0x6a0,-1445,-945,0,489,26943,-595,0x6a0,1,1,1,137,0,1697,1696,1696
2803,0,1,0,0,0,1,1,1,1,0x6a1,-780,-237,0,500,29705,-354,0x6a0,0,0,0,137,0,1697,1697,1697
2804,0,1,0,0,0,1,1,1,1,0x6a2,-2144,810,0,479,24502,-802,0x6a1,1,1,1,20,0,1698,1697,1697
2805,0,1,0,0,0,1,1,1,1,0x6a3,-3834,202,0,452,18442,-1079,0x6a2,1,1,1,-159,0,1699,1698,1698
2806,0,1,0,0,0,1,1,1,1,0x6a4,-1154,449,0,494,28190,-497,0x6a3,1,1,1,-54,0,1700,1699,1699
2807,0,1,0,0,0,1,0,1,0,0x6a4,-1154,449,0,494,28190,-497,0x6a4,1,1,1,-55,0,1701,1700,1700
2808,0,1,0,0,0,1,1,1,1,0x6a5,-2838,-55,0,468,21928,-950,0x6a4,0,1,0,-55,0,1701,1701,1701
2809,0,1,0,0,0,1,1,1,1,0x6a6,-552,347,0,503,30468,-257,0x6a5,1,1,1,12,0,1702,1701,1701
2810,0,1,0,0,0,1,1,0,0,0x6a7,-1853,-705,0,483,25468,-721,0x6a6,1,0,0,-22,0,1703,1702,1702
2811,0,1,0,0,0,1,1,1,1,0x6a7,-1853,-705,0,483,25468,-721,0x6a6,1,1,1,-22,0,1703,1702,1702
2812,0,1,0,0,0,1,0,1,0,0x6a7,-1853,-705,0,483,25468,-721,0x6a7,1,1,1,124,0,1704,1703,1703
2813,0,1,0,0,0,1,1,1,1,0x6a8,-569,-2041,0,503,30468,-265,0x6a7,0,1,0,124,0,1704,1704,1704
2814,0,1,0,0,0,1,0,1,0,0x6a8,-569,-2041,0,503,30468,-265,0x6a8,1,1,1,132,0,1705,1704,1704
2815,0,1,0,0,0,1,1,1,1,0x6a9,-1980,442,0,481,24984,-755,0x6a8,0,1,0,132,0,1705,1705,1705
2816,0,1,0,0,0,1,1,1,1,0x6aa,-934,19,0,497,28945,-413,0x6a9,1,1,1,-82,0,1706,1705,1705
2817,0,1,0,0,0,1,0,0,0,0x6aa,-934,19,0,497,28945,-413,0x6aa,1,0,0,-2,0,1707,1706,1706
2818,0,1,0,0,0,1,1,1,1,0x6ab,-1276,-1541,0,492,27689,-540,0x6aa,1,1,1,-2,0,1707,1706,1706
2819,0,1,0,0,0,1,1,1,1,0x6ac,-1835,484,0,483,25468,-714,0x6ab,1,1,1,203,0,1708,1707,1707
2820,0,1,0,0,0,1,1,1,1,0x6ad,-835,-367,0,499,29451,-376,0x6ac,1,1,1,-85,0,1709,1708,1708
2821,0,1,0,0,0,1,1,1,1,0x6ae,-17263,-1495,0,242,951,-251,0x6ad,1,1,1,33,0,1710,1709,1709
2822,0,1,0,0,0,1,0,1,0,0x6ae,-17263,-1495,0,242,951,-251,0x6ae,1,1,1,91,0,1711,1710,1710
2823,0,1,0,0,0,1,1,1,1,0x6af,-2388,191,0,475,23551,-859,0x6ae,0,1,0,91,0,1711,1711,1711
2824,0,1,0,0,0,1,1,0,0,0x6b0,-1812,-1232,0,484,25712,-711,0x6af,1,0,0,-41,0,1712,1711,1711
2825,0,1,0,0,0,1,1,1,1,0x6b0,-1812,-1232,0,484,25712,-711,0x6af,1,1,1,-41,0,1712,1711,1711
2826,0,1,0,0,0,1,1,1,1,0x6b1,-987,134,0,497,28945,-436,0x6b0,1,1,1,213,0,1713,1712,1712
2827,0,1,0,0,0,1,0,1,0,0x6b1,-987,134,0,497,28945,-436,0x6b1,1,1,1,-15,0,1714,1713,1713
2828,0,1,0,0,0,1,1,1,1,0x6b2,-466,1018,0,505,30978,-221,0x6b1,0,1,0,-15,0,1714,1714,1714
2829,0,1,0,0,0,1,1,1,1,0x6b3,-12722,1221,0,313,2800,-544,0x6b2,1,1,1,-55,0,1715,1714,1714
2830,0,1,0,0,0,1,1,1,1,0x6b4,1467,-443,0,535,38593,863,0x6b3,1,1,1,-163,0,1716,1715,1715
2831,0,1,0,0,0,1,0,0,0,0x6b4,1467,-443,0,535,38593,863,0x6b4,1,0,0,-94,0,1717,1716,1716
2832,0,1,0,0,0,1,0,1,0,0x6b4,1467,-443,0,535,38593,863,0x6b4,1,1,1,-94,0,1717,1716,1716
2833,0,1,0,0,0,1,1,1,1,0x6b5,-2484,540,0,473,23082,-875,0x6b4,0,1,0,-94,0,1717,1717,1717
2834,0,1,0,0,0,1,1,1,1,0x6b6,-1639,1337,0,486,26202,-656,0x6b5,1,1,1,-116,0,1718,1717,1717
2835,0,1,0,0,0,1,1,1,1,0x6b7,-3421,-1057,0,459,19926,-1041,0x6b6,1,1,1,-215,0,1719,1718,1718
2836,0,1,0,0,0,1,1,1,1,0x6b8,1761,-211,0,540,39824,1070,0x6b7,1,1,1,268,0,1720,1719,1719
2837,0,1,0,0,0,1,0,1,0,0x6b8,1761,-211,0,540,39824,1070,0x6b8,1,1,1,-56,0,1721,1720,1720
2838,0,1,0,0,0,1,1,1,1,0x6b9,-2294,-836,0,476,23788,-833,0x6b8,0,0,0,-56,0,1721,1721,1721
2839,0,1,0,0,0,1,1,1,1,0x6ba,-570,-665,0,503,30468,-265,0x6b9,1,1,1,170,0,1722,1721,1721
2840,0,1,0,0,0,1,1,0,0,0x6bb,-2199,1352,0,478,24263,-815,0x6ba,1,0,0,43,0,1723,1722,1722
2841,0,1,0,0,0,1,1,1,1,0x6bb,-2199,1352,0,478,24263,-815,0x6ba,1,1,1,43,0,1723,1722,1722
2842,0,1,0,0,0,1,0,1,0,0x6bb,-2199,1352,0,478,24263,-815,0x6bb,1,1,1,-270,0,1724,1723,1723
2843,0,1,0,0,0,1,1,1,1,0x6bc,-6370,266,0,412,11357,-1104,0x6bb,0,1,0,-270,0,1724,1724,1724
2844,0,1,0,0,0,1,1,1,1,0x6bd,-4546,-869,0,441,16252,-1128,0x6bc,1,1,1,-72,0,1725,1724,1724
2845,0,1,0,0,0,1,1,0,0,0x6be,-2523,-1403,0,473,23082,-889,0x6bd,1,0,0,239,0,1726,1725,1725
2846,0,1,0,0,0,1,1,1,1,0x6be,-2523,-1403,0,473,23082,-889,0x6bd,1,1,1,239,0,1726,1725,1725
2847,0,1,0,0,0,1,0,1,0,0x6be,-2523,-1403,0,473,23082,-889,0x6be,1,1,1,304,0,1727,1726,1726
2848,0,1,0,0,0,1,0,1,0,0x6be,-2523,-1403,0,473,23082,-889,0x6be,0,1,0,304,0,1727,1727,1727
2849,0,1,0,0,0,1,1,1,1,0x6bf,-1398,792,0,490,27191,-581,0x6be,0,1,0,304,0,1727,1727,1727
2850,0,1,0,0,0,1,1,1,1,0x6c0,-6228,-1233,0,415,11803,-1122,0x6bf,1,1,1,-113,0,1728,1727,1727
2851,0,1,0,0,0,1,1,1,1,0x6c1,-1493,-602,0,489,26943,-614,0x6c0,1,1,1,337,0,1729,1728,1728
2852,0,1,0,0,0,1,0,0,0,0x6c1,-1493,-602,0,489,26943,-614,0x6c1,1,0,0,90,0,1730,1729,1729
2853,0,1,0,0,0,1,1,1,1,0x6c2,-7104,-1598,0,401,9832,-1066,0x6c1,1,1,1,90,0,1730,1729,1729
2854,0,1,0,0,0,1,1,1,1,0x6c3,-559,-928,0,503,30468,-260,0x6c2,1,1,1,415,0,1731,1730,1730
2855,0,1,0,0,0,1,1,1,1,0x6c4,-614,-328,0,502,30213,-284,0x6c3,1,1,1,58,0,1732,1731,1731
2856,0,1,0,0,0,1,1,1,1,0x6c5,-1639,1418,0,486,26202,-656,0x6c4,1,1,1,22,0,1733,1732,1732
2857,0,1,0,0,0,1,0,1,0,0x6c5,-1639,1418,0,486,26202,-656,0x6c5,1,1,1,-228,0,1734,1733,1733
2858,0,1,0,0,0,1,1,1,1,0x6c6,-340,-204,0,507,31489,-164,0x6c5,0,1,0,-228,0,1734,1734,1734
2859,0,1,0,0,0,1,1,0,0,0x6c7,-2263,-1103,0,477,24025,-830,0x6c6,1,0,0,8,0,1735,1734,1734
2860,0,1,0,0,0,1,1,1,1,0x6c7,-2263,-1103,0,477,24025,-830,0x6c6,1,1,1,8,0,1735,1734,1734
2861,0,1,0,0,0,1,1,1,1,0x6c8,-932,-53,0,497,28945,-412,0x6c7,1,1,1,223,0,1736,1735,1735
2862,0,1,0,0,0,1,0,1,0,0x6c8,-932,-53,0,497,28945,-412,0x6c8,1,1,1,5,0,1737,1736,1736
2863,0,1,0,0,0,1,1,1,1,0x6c9,-2589,-544,0,472,22849,-903,0x6c8,0,0,0,5,0,1737,1737,1737
2864,0,1,0,0,0,1,1,1,1,0x6ca,-2811,-188,0,468,21928,-941,0x6c9,1,1,1,119,0,1738,1737,1737
2865,0,1,0,0,0,1,0,1,0,0x6ca,-2811,-188,0,468,21928,-941,0x6ca,1,1,1,43,0,1739,1738,1738
2866,0,1,0,0,0,1,1,1,1,0x6cb,491,-586,0,520,34813,260,0x6ca,0,0,0,43,0,1739,1739,1739
2867,0,1,0,0,0,1,0,1,0,0x6cb,491,-586,0,520,34813,260,0x6cb,1,1,1,-38,0,1740,1739,1739
2868,0,1,0,0,0,1,1,1,1,0x6cc,-2434,-1554,0,474,23316,-866,0x6cb,0,1,0,-38,0,1740,1740,1740
2869,0,1,0,0,0,1,1,1,1,0x6cd,-1164,2203,0,494,28190,-501,0x6cc,1,1,1,328,0,1741,1740,1740
2870,0,1,0,0,0,1,1,1,1,0x6ce,-1559,2140,0,488,26695,-636,0x6cd,1,1,1,-270,0,1742,1741,1741
2871,0,1,0,0,0,1,1,1,1,0x6cf,-1572,-996,0,487,26448,-635,0x6ce,1,1,1,-333,0,1743,1742,1742
2872,0,1,0,0,0,1,0,1,0,0x6cf,-1572,-996,0,487,26448,-635,0x6cf,1,1,1,154,0,1744,1743,1743
2873,0,1,0,0,0,1,1,1,1,0x6d0,-1149,-64,0,494,28190,-495,0x6cf,0,0,0,154,0,1744,1744,1744
2874,0,1,0,0,0,1,1,1,1,0x6d1,-1260,-1245,0,492,27689,-533,0x6d0,1,1,1,7,0,1745,1744,1744
2875,0,1,0,0,0,1,1,1,1,0x6d2,-554,719,0,503,30468,-258,0x6d1,1,1,1,162,0,1746,1745,1745
2876,0,1,0,0,0,1,1,1,1,0x6d3,-1629,233,0,487,26448,-658,0x6d2,1,1,1,-46,0,1747,1746,1746
2877,0,1,0,0,0,1,0,1,0,0x6d3,-1629,233,0,487,26448,-658,0x6d3,1,1,1,-38,0,1748,1747,1747
2878,0,1,0,0,0,1,1,1,1,0x6d4,-516,1321,0,504,30723,-242,0x6d3,0,1,0,-38,0,1748,1748,1748
2879,0,1,0,0,0,1,1,1,1,0x6d5,-2920,259,0,466,21474,-957,0x6d4,1,1,1,-79,0,1749,1748,1748
2880,0,1,0,0,0,1,1,0,0,0x6d6,-2533,82,0,472,22849,-884,0x6d5,1,0,0,-61,0,1750,1749,1749
2881,0,1,0,0,0,1,1,1,1,0x6d6,-2533,82,0,472,22849,-884,0x6d5,1,1,1,-61,0,1750,1749,1749
2882,0,1,0,0,0,1,0,1,0,0x6d6,-2533,82,0,472,22849,-884,0x6d6,1,1,1,-18,0,1751,1750,1750
2883,0,1,0,0,0,1,1,1,1,0x6d7,-2929,-196,0,466,21474,-960,0x6d6,0,1,0,-18,0,1751,1751,1751
2884,0,1,0,0,0,1,1,1,1,0x6d8,-2254,667,0,477,24025,-827,0x6d7,1,1,1,45,0,1752,1751,1751
2885,0,1,0,0,0,1,1,1,1,0x6d9,-1972,170,0,481,24984,-752,0x6d8,1,1,1,-135,0,1753,1752,1752
2886,0,1,0,0,0,1,1,0,0,0x6da,-1662,-544,0,486,26202,-665,0x6d9,1,0,0,-32,0,1754,1753,1753
2887,0,1,0,0,0,1,1,0,0,0x6da,-1662,-544,0,486,26202,-665,0x6d9,1,0,0,-32,0,1754,1753,1753
2888,0,1,0,0,0,1,1,1,1,0x6da,-1662,-544,0,486,26202,-665,0x6d9,1,1,1,-32,0,1754,1753,1753
2889,0,1,0,0,0,1,1,1,1,0x6db,-3643,-1027,0,455,19070,-1061,0x6da,1,1,1,88,0,1755,1754,1754
2890,0,1,0,0,0,1,1,1,1,0x6dc,-477,179,0,505,30978,-226,0x6db,1,1,1,266,0,1756,1755,1755
2891,0,1,0,0,0,1,1,1,1,0x6dd,-4574,-494,0,441,16252,-1135,0x6dc,1,1,1,-10,0,1757,1756,1756
2892,0,1,0,0,0,1,0,1,0,0x6dd,-4574,-494,0,441,16252,-1135,0x6dd,1,1,1,136,0,1758,1757,1757
2893,0,1,0,0,0,1,1,1,1,0x6de,-344,-185,0,507,31489,-166,0x6dd,0,1,0,136,0,1758,1758,1758
2894,0,1,0,0,0,1,1,0,0,0x6df,-2750,-659,0,469,22156,-930,0x6de,1,0,0,7,0,1759,1758,1758
2895,0,1,0,0,0,1,1,1,1,0x6df,-2750,-659,0,469,22156,-930,0x6de,1,1,1,7,0,1759,1758,1758
2896,0,1,0,0,0,1,1,1,1,0x6e0,-2274,894,0,476,23788,-826,0x6df,1,1,1,149,0,1760,1759,1759
2897,0,1,0,0,0,1,0,1,0,0x6e0,-2274,894,0,476,23788,-826,0x6e0,1,1,1,-181,0,1761,1760,1760
2898,0,1,0,0,0,1,1,1,1,0x6e1,-4420,569,0,443,16637,-1123,0x6e0,0,1,0,-181,0,1761,1761,1761
2899,0,1,0,0,0,1,0,1,0,0x6e1,-4420,569,0,443,16637,-1123,0x6e1,1,1,1,-157,0,1762,1761,1761
2900,0,1,0,0,0,1,1,1,1,0x6e2,-1735,860,0,485,25957,-688,0x6e1,0,1,0,-157,0,1762,1762,1762
2901,0,1,0,0,0,1,1,0,0,0x6e3,-2142,-631,0,479,24502,-801,0x6e2,1,0,0,-145,0,1763,1762,1762
2902,0,1,0,0,0,1,1,1,1,0x6e3,-2142,-631,0,479,24502,-801,0x6e2,1,1,1,-145,0,1763,1762,1762
2903,0,1,0,0,0,1,1,1,1,0x6e4,-5599,118,0,425,13392,-1145,0x6e3,1,1,1,123,0,1764,1763,1763
2904,0,1,0,0,0,1,1,1,1,0x6e5,-989,777,0,497,28945,-437,0x6e4,1,1,1,-33,0,1765,1764,1764
2905,0,1,0,0,0,1,1,1,1,0x6e6,-3525,709,0,457,19495,-1049,0x6e5,1,1,1,-83,0,1766,1765,1765
2906,0,1,0,0,0,1,1,1,1,0x6e7,-2764,-36,0,469,22156,-935,0x6e6,1,1,1,-182,0,1767,1766,1766
2907,0,1,0,0,0,1,0,1,0,0x6e7,-2764,-36,0,469,22156,-935,0x6e7,1,1,1,8,0,1768,1767,1767
2908,0,1,0,0,0,1,1,1,1,0x6e8,-119,1687,0,510,32256,-59,0x6e7,0,0,0,8,0,1768,1768,1768
2909,0,1,0,0,0,1,1,0,0,0x6e9,-1054,-121,0,496,28693,-462,0x6e8,1,0,0,-25,0,1769,1768,1768
2910,0,1,0,0,0,1,1,1,1,0x6e9,-1054,-121,0,496,28693,-462,0x6e8,1,1,1,-25,0,1769,1768,1768
2911,0,1,0,0,0,1,1,1,1,0x6ea,-1931,899,0,482,25226,-744,0x6e9,1,1,1,13,0,1770,1769,1769
2912,0,1,0,0,0,1,0,1,0,0x6ea,-1931,899,0,482,25226,-744,0x6ea,1,1,1,-164,0,1771,1770,1770
2913,0,1,0,0,0,1,1,1,1,0x6eb,-852,249,0,499,29451,-383,0x6ea,0,1,0,-164,0,1771,1771,1771
2914,0,1,0,0,0,1,1,1,1,0x6ec,-2314,686,0,476,23788,-840,0x6eb,1,1,1,-24,0,1772,1771,1771
2915,0,1,0,0,0,1,1,0,0,0x6ed,869,844,0,526,36338,481,0x6ec,1,0,0,-141,0,1773,1772,1772
2916,0,1,0,0,0,1,1,1,1,0x6ed,869,844,0,526,36338,481,0x6ec,1,1,1,-141,0,1773,1772,1772
2917,0,1,0,0,0,1,0,1,0,0x6ed,869,844,0,526,36338,481,0x6ed,1,1,1,99,0,1774,1773,1773
2918,0,1,0,0,0,1,1,1,1,0x6ee,-611,-328,0,502,30213,-282,0x6ed,0,1,0,99,0,1774,1774,1774
2919,0,1,0,0,0,1,1,1,1,0x6ef,1209,839,0,531,37597,693,0x6ee,1,1,1,22,0,1775,1774,1774
2920,0,1,0,0,0,1,1,1,1,0x6f0,-2780,-66,0,469,22156,-940,0x6ef,1,1,1,141,0,1776,1775,1775
2921,0,1,0,0,0,1,1,1,1,0x6f1,-3119,-208,0,463,20803,-991,0x6f0,1,1,1,15,0,1777,1776,1776
2922,0,1,0,0,0,1,0,0,0,0x6f1,-3119,-208,0,463,20803,-991,0x6f1,1,0,0,50,0,1778,1777,1777
2923,0,1,0,0,0,1,1,1,1,0x6f2,-1298,826,0,492,27689,-549,0x6f1,1,1,1,50,0,1778,1777,1777
2924,0,1,0,0,0,1,1,1,1,0x6f3,-2324,-445,0,476,23788,-844,0x6f2,1,1,1,-111,0,1779,1778,1778
2925,0,1,0,0,0,1,1,1,1,0x6f4,-256,1401,0,508,31744,-124,0x6f3,1,1,1,91,0,1780,1779,1779
2926,0,1,0,0,0,1,1,1,1,0x6f5,-747,-516,0,500,29705,-339,0x6f4,1,1,1,-43,0,1781,1780,1780
2927,0,1,0,0,0,1,0,1,0,0x6f5,-747,-516,0,500,29705,-339,0x6f5,1,1,1,42,0,1782,1781,1781
2928,0,1,0,0,0,1,1,1,1,0x6f6,-1483,1176,0,489,26943,-610,0x6f5,0,1,0,42,0,1782,1782,1782
2929,0,1,0,0,0,1,1,0,0,0x6f7,-743,1504,0,500,29705,-337,0x6f6,1,0,0,-176,0,1783,1782,1782
2930,0,1,0,0,0,1,1,1,1,0x6f7,-743,1504,0,500,29705,-337,0x6f6,1,1,1,-176,0,1783,1782,1782
2931,0,1,0,0,0,1,1,1,1,0x6f8,-1393,777,0,490,27191,-578,0x6f7,1,1,1,-124,0,1784,1783,1783
2932,0,1,0,0,0,1,0,0,0,0x6f8,-1393,777,0,490,27191,-578,0x6f8,1,0,0,-110,0,1785,1784,1784
2933,0,1,0,0,0,1,0,1,0,0x6f8,-1393,777,0,490,27191,-578,0x6f8,1,1,1,-110,0,1785,1784,1784
2934,0,1,0,0,0,1,1,1,1,0x6f9,1334,827,0,533,38096,775,0x6f8,0,1,0,-110,0,1785,1785,1785
2935,0,1,0,0,0,1,1,1,1,0x6fa,-2144,2601,0,479,24502,-802,0x6f9,1,1,1,156,0,1786,1785,1785
2936,0,1,0,0,0,1,1,0,0,0x6fb,-2576,-555,0,472,22849,-899,0x6fa,1,0,0,-510,0,1787,1786,1786
2937,0,1,0,0,0,1,1,1,1,0x6fb,-2576,-555,0,472,22849,-899,0x6fa,1,1,1,-510,0,1787,1786,1786
2938,0,1,0,0,0,1,1,1,1,0x6fc,-204,900,0,509,32000,-100,0x6fb,1,1,1,121,0,1788,1787,1787
2939,0,1,0,0,0,1,1,1,1,0x6fd,-261,149,0,508,31744,-127,0x6fc,1,1,1,-22,0,1789,1788,1788
2940,0,1,0,0,0,1,1,1,1,0x6fe,-558,170,0,503,30468,-260,0x6fd,1,1,1,-5,0,1790,1789,1789
2941,0,1,0,0,0,1,1,1,1,0x6ff,-204,1112,0,509,32000,-100,0x6fe,1,1,1,-11,0,1791,1790,1790
2942,0,1,0,0,0,1,0,1,0,0x6ff,-204,1112,0,509,32000,-100,0x6ff,1,1,1,-28,0,1792,1791,1791
2943,0,1,0,0,0,1,1,1,1,0x700,-4144,3600,0,447,17425,-1102,0x6ff,0,0,0,-28,0,1792,1792,1792
2944,0,1,0,0,0,1,1,1,1,0x701,442,-1042,0,519,34558,233,0x700,1,1,1,-969,0,1793,1792,1792
2945,0,1,0,0,0,1,1,1,1,0x702,-10095,-1170,0,354,5117,-789,0x701,1,1,1,-60,0,1794,1793,1793
2946,0,1,0,0,0,1,1,1,1,0x703,1041,-975,0,528,36843,585,0x702,1,1,1,225,0,1795,1794,1794
2947,0,1,0,0,0,1,0,1,0,0x703,1041,-975,0,528,36843,585,0x703,1,1,1,-140,0,1796,1795,1795
2948,0,1,0,0,0,1,1,1,1,0x704,-3393,-27,0,459,19926,-1032,0x703,0,1,0,-140,0,1796,1796,1796
2949,0,1,0,0,0,1,1,1,1,0x705,-2713,-735,0,470,22386,-927,0x704,1,1,1,6,0,1797,1796,1796
2950,0,1,0,0,0,1,0,0,0,0x705,-2713,-735,0,470,22386,-927,0x705,1,0,0,166,0,1798,1797,1797
2951,0,1,0,0,0,1,1,1,1,0x706,5,-30,0,512,32768,2,0x705,1,1,1,166,0,1798,1797,1797
2952,0,1,0,0,0,1,0,1,0,0x706,5,-30,0,512,32768,2,0x706,1,1,1,-1,0,1799,1798,1798
2953,0,1,0,0,0,1,1,1,1,0x707,-562,134,0,503,30468,-262,0x706,0,1,0,-1,0,1799,1799,1799
2954,0,1,0,0,0,1,1,1,1,0x708,-1302,520,0,492,27689,-551,0x707,1,1,1,-9,0,1800,1799,1799
2955,0,1,0,0,0,1,1,0,0,0x709,-3742,1119,0,454,18859,-1077,0x708,1,0,0,-70,0,1801,1800,1800
2956,0,1,0,0,0,1,1,1,1,0x709,-3742,1119,0,454,18859,-1077,0x708,1,1,1,-70,0,1801,1800,1800
2957,0,1,0,0,0,1,0,0,0,0x709,-3742,1119,0,454,18859,-1077,0x709,1,0,0,-295,0,1802,1801,1801
2958,0,1,0,0,0,1,1,1,1,0x70a,-3107,-1099,0,463,20803,-987,0x709,1,1,1,-295,0,1802,1801,1801
2959,0,1,0,0,0,1,1,1,1,0x70b,-922,-799,0,498,29198,-411,0x70a,1,1,1,264,0,1803,1802,1802
2960,0,1,0,0,0,1,1,1,1,0x70c,-3754,388,0,453,18650,-1069,0x70b,1,1,1,80,0,1804,1803,1803
2961,0,1,0,0,0,1,1,1,1,0x70d,-2327,-1158,0,476,23788,-845,0x70c,1,1,1,-102,0,1805,1804,1804
2962,0,1,0,0,0,1,0,1,0,0x70d,-2327,-1158,0,476,23788,-845,0x70d,1,1,1,238,0,1806,1805,1805
2963,0,1,0,0,0,1,1,1,1,0x70e,-403,-606,0,506,31233,-193,0x70d,0,1,0,238,0,1806,1806,1806
2964,0,1,0,0,0,1,1,0,0,0x70f,-3051,-774,0,464,21025,-979,0x70e,1,0,0,28,0,1807,1806,1806
2965,0,1,0,0,0,1,1,1,1,0x70f,-3051,-774,0,464,21025,-979,0x70e,1,1,1,28,0,1807,1806,1806
2966,0,1,0,0,0,1,1,1,1,0x710,-3925,-986,0,451,18236,-1093,0x70f,1,1,1,184,0,1808,1807,1807
2967,0,1,0,0,0,1,0,1,0,0x710,-3925,-986,0,451,18236,-1093,0x710,1,1,1,263,0,1809,1808,1808
2968,0,1,0,0,0,1,1,1,1,0x711,-4777,386,0,437,15500,-1130,0x710,0,1,0,263,0,1809,1809,1809
2969,0,1,0,0,0,1,1,1,1,0x712,422,-1639,0,519,34558,222,0x711,1,1,1,-107,0,1810,1809,1809
2970,0,1,0,0,0,1,1,1,1,0x713,1757,-1621,0,539,39579,1061,0x712,1,1,1,-89,0,1811,1810,1810
2971,0,1,0,0,0,1,1,0,0,0x714,-892,-1996,0,498,29198,-398,0x713,1,0,0,-420,0,1812,1811,1811
2972,0,1,0,0,0,1,1,1,1,0x714,-892,-1996,0,498,29198,-398,0x713,1,1,1,-420,0,1812,1811,1811
2973,0,1,0,0,0,1,1,1,1,0x715,-1463,-1719,0,489,26943,-602,0x714,1,1,1,193,0,1813,1812,1812
2974,0,1,0,0,0,1,1,1,1,0x716,-3033,-274,0,465,21249,-984,0x715,1,1,1,252,0,1814,1813,1813
2975,0,1,0,0,0,1,1,1,1,0x717,-2864,-1215,0,467,21700,-949,0x716,1,1,1,65,0,1815,1814,1814
2976,0,1,0,0,0,1,1,1,1,0x718,-1758,917,0,485,25957,-697,0x717,1,1,1,281,0,1816,1815,1815
2977,0,1,0,0,0,1,0,1,0,0x718,-1758,917,0,485,25957,-697,0x718,1,1,1,-157,0,1817,1816,1816
2978,0,1,0,0,0,1,1,1,1,0x719,-437,166,0,505,30978,-207,0x718,0,0,0,-157,0,1817,1817,1817
2979,0,1,0,0,0,1,1,1,1,0x71a,-2677,1,0,470,22386,-915,0x719,1,1,1,-9,0,1818,1817,1817
2980,0,1,0,0,0,1,1,1,1,0x71b,-8359,-157,0,381,7495,-956,0x71a,1,1,1,-1,0,1819,1818,1818
2981,0,1,0,0,0,1,1,1,1,0x71c,-3931,588,0,451,18236,-1094,0x71b,1,1,1,36,0,1820,1819,1819
2982,0,1,0,0,0,1,0,1,0,0x71c,-3931,588,0,451,18236,-1094,0x71c,1,1,1,-158,0,1821,1820,1820
2983,0,1,0,0,0,1,1,1,1,0x71d,-490,1132,0,504,30723,-230,0x71c,0,1,0,-158,0,1821,1821,1821
2984,0,1,0,0,0,1,0,1,0,0x71d,-490,1132,0,504,30723,-230,0x71d,1,1,1,-64,0,1822,1821,1821
2985,0,1,0,0,0,1,1,1,1,0x71e,-5461,-417,0,427,13728,-1144,0x71d,0,0,0,-64,0,1822,1822,1822
2986,0,1,0,0,0,1,1,1,1,0x71f,-2026,1125,0,480,24743,-765,0x71e,1,1,1,116,0,1823,1822,1822
2987,0,1,0,0,0,1,0,1,0,0x71f,-2026,1125,0,480,24743,-765,0x71f,1,1,1,-211,0,1824,1823,1823
2988,0,1,0,0,0,1,1,1,1,0x720,-511,894,0,504,30723,-240,0x71f,0,1,0,-211,0,1824,1824,1824
2989,0,1,0,0,0,1,1,1,1,0x721,-3406,727,0,459,19926,-1036,0x720,1,1,1,-53,0,1825,1824,1824
2990,0,1,0,0,0,1,1,1,1,0x722,-630,-71,0,502,30213,-291,0x721,1,1,1,-184,0,1826,1825,1825
2991,0,1,0,0,0,1,1,1,1,0x723,-4210,79,0,446,17226,-1107,0x722,1,1,1,5,0,1827,1826,1826
2992,0,1,0,0,0,1,0,0,0,0x723,-4210,79,0,446,17226,-1107,0x723,1,0,0,-22,0,1828,1827,1827
2993,0,1,0,0,0,1,1,1,1,0x724,-2478,58,0,473,23082,-873,0x723,1,1,1,-22,0,1828,1827,1827
2994,0,1,0,0,0,1,1,1,1,0x725,-1567,1073,0,488,26695,-639,0x724,1,1,1,-13,0,1829,1828,1828
2995,0,1,0,0,0,1,1,1,1,0x726,-1395,-595,0,490,27191,-579,0x725,1,1,1,-168,0,1830,1829,1829
2996,0,1,0,0,0,1,1,1,1,0x727,1765,2562,0,540,39824,1072,0x726,1,1,1,84,0,1831,1830,1830
2997,0,1,0,0,0,1,0,1,0,0x727,1765,2562,0,540,39824,1072,0x727,1,1,1,670,0,1832,1831,1831
2998,0,1,0,0,0,1,1,1,1,0x728,-11166,849,0,338,4055,-691,0x727,0,1,0,670,0,1832,1832,1832
2999,0,1,0,0,0,1,1,0,0,0x729,-5788,2183,0,422,12899,-1140,0x728,1,0,0,-144,0,1833,1832,1832
3000,0,1,0,0,0,1,1,1,1,0x729,-5788,2183,0,422,12899,-1140,0x728,1,1,1,-144,0,1833,1832,1832
3001,0,1,0,0,0,1,0,0,0,0x729,-5788,2183,0,422,12899,-1140,0x729,1,0,0,-608,0,1834,1833,1833
3002,0,1,0,0,0,1,0,1,0,0x729,-5788,2183,0,422,12899,-1140,0x729,1,1,1,-608,0,1834,1833,1833
3003,0,1,0,0,0,1,1,1,1,0x72a,-1511,2352,0,488,26695,-616,0x729,0,1,0,-608,0,1834,1834,1834
3004,0,1,0,0,0,1,1,1,1,0x72b,1440,-587,0,535,38593,847,0x72a,1,1,1,-354,0,1835,1834,1834
3005,0,1,0,0,0,1,1,1,1,0x72c,-7560,624,0,394,8953,-1033,0x72b,1,1,1,-122,0,1836,1835,1835
3006,0,1,0,0,0,1,1,0,0,0x72d,-10725,-1727,0,344,4427,-725,0x72c,1,0,0,-158,0,1837,1836,1836
3007,0,1,0,0,0,1,1,1,1,0x72d,-10725,-1727,0,344,4427,-725,0x72c,1,1,1,-158,0,1837,1836,1836
3008,0,1,0,0,0,1,1,1,1,0x72e,-2126,-1613,0,479,24502,-795,0x72d,1,1,1,305,0,1838,1837,1837
3009,0,1,0,0,0,1,1,1,1,0x72f,-1288,-190,0,492,27689,-545,0x72e,1,1,1,313,0,1839,1838,1838
3010,0,1,0,0,0,1,1,1,1,0x730,-4734,-1303,0,438,15686,-1134,0x72f,1,1,1,25,0,1840,1839,1839
3011,0,1,0,0,0,1,1,1,1,0x731,-1281,-867,0,492,27689,-542,0x730,1,1,1,360,0,1841,1840,1840
3012,0,1,0,0,0,1,0,1,0,0x731,-1281,-867,0,492,27689,-542,0x731,1,1,1,114,0,1842,1841,1841
3013,0,1,0,0,0,1,1,1,1,0x732,-2185,1128,0,478,24263,-809,0x731,0,0,0,114,0,1842,1842,1842
3014,0,1,0,0,0,1,1,1,1,0x733,-5608,-637,0,424,13226,-1132,0x732,1,1,1,-223,0,1843,1842,1842
3015,0,1,0,0,0,1,1,1,1,0x734,-13809,-611,0,296,2168,-457,0x733,1,1,1,176,0,1844,1843,1843
3016,0,1,0,0,0,1,1,1,1,0x735,-5258,-758,0,430,14243,-1143,0x734,1,1,1,68,0,1845,1844,1844
3017,0,1,0,0,0,1,0,1,0,0x735,-5258,-758,0,430,14243,-1143,0x735,1,1,1,211,0,1846,1845,1845
3018,0,1,0,0,0,1,0,1,0,0x735,-5258,-758,0,430,14243,-1143,0x735,0,1,0,211,0,1846,1846,1846
3019,0,1,0,0,0,1,1,1,1,0x736,-1637,910,0,486,26202,-655,0x735,0,1,0,211,0,1846,1846,1846
3020,0,1,0,0,0,1,1,0,0,0x737,-2589,-131,0,472,22849,-903,0x736,1,0,0,-146,0,1847,1846,1846
3021,0,1,0,0,0,1,1,1,1,0x737,-2589,-131,0,472,22849,-903,0x736,1,1,1,-146,0,1847,1846,1846
3022,0,1,0,0,0,1,0,1,0,0x737,-2589,-131,0,472,22849,-903,0x737,1,1,1,28,0,1848,1847,1847
3023,0,1,0,0,0,1,1,1,1,0x738,-2267,-927,0,477,24025,-832,0x737,0,1,0,28,0,1848,1848,1848
3024,0,1,0,0,0,1,1,0,0,0x739,-1613,-1542,0,487,26448,-651,0x738,1,0,0,188,0,1849,1848,1848
3025,0,1,0,0,0,1,1,1,1,0x739,-1613,-1542,0,487,26448,-651,0x738,1,1,1,188,0,1849,1848,1848
3026,0,1,0,0,0,1,1,1,1,0x73a,-790,476,0,500,29705,-359,0x739,1,1,1,245,0,1850,1849,1849
3027,0,1,0,0,0,1,0,0,0,0x73a,-790,476,0,500,29705,-359,0x73a,1,0,0,-42,0,1851,1850,1850
3028,0,1,0,0,0,1,1,1,1,0x73b,-2058,72,0,480,24743,-777,0x73a,1,1,1,-42,0,1851,1850,1850
3029,0,1,0,0,0,1,1,1,1,0x73c,-1330,2099,0,491,27440,-557,0x73b,1,1,1,-14,0,1852,1851,1851
3030,0,1,0,0,0,1,1,1,1,0x73d,-2594,876,0,471,22617,-896,0x73c,1,1,1,-286,0,1853,1852,1852
3031,0,1,0,0,0,1,1,1,1,0x73e,-1817,341,0,484,25712,-713,0x73d,1,1,1,-192,0,1854,1853,1853
3032,0,1,0,0,0,1,0,1,0,0x73e,-1817,341,0,484,25712,-713,0x73e,1,1,1,-60,0,1855,1854,1854
3033,0,1,0,0,0,1,1,1,1,0x73f,-2215,-664,0,477,24025,-813,0x73e,0,1,0,-60,0,1855,1855,1855
3034,0,1,0,0,0,1,1,0,0,0x740,-2619,-248,0,471,22617,-904,0x73f,1,0,0,131,0,1856,1855,1855
3035,0,1,0,0,0,1,1,1,1,0x740,-2619,-248,0,471,22617,-904,0x73f,1,1,1,131,0,1856,1855,1855
3036,0,1,0,0,0,1,1,1,1,0x741,-1100,-253,0,495,28441,-478,0x740,1,1,1,54,0,1857,1856,1856
3037,0,1,0,0,0,1,0,1,0,0x741,-1100,-253,0,495,28441,-478,0x741,1,1,1,29,0,1858,1857,1857
3038,0,1,0,0,0,1,1,1,1,0x742,675,1173,0,523,35577,366,0x741,0,1,0,29,0,1858,1858,1858
3039,0,1,0,0,0,1,1,1,1,0x743,-1954,988,0,481,24984,-745,0x742,1,1,1,104,0,1859,1858,1858
3040,0,1,0,0,0,1,1,1,1,0x744,-1415,-106,0,490,27191,-588,0x743,1,1,1,-180,0,1860,1859,1859
3041,0,1,0,0,0,1,1,0,0,0x745,-736,20,0,501,29959,-337,0x744,1,0,0,15,0,1861,1860,1860
3042,0,1,0,0,0,1,1,1,1,0x745,-736,20,0,501,29959,-337,0x744,1,1,1,15,0,1861,1860,1860
3043,0,1,0,0,0,1,1,1,1,0x746,-1884,-131,0,483,25468,-733,0x745,1,1,1,-2,0,1862,1861,1861
3044,0,1,0,0,0,1,1,1,1,0x747,-2123,950,0,479,24502,-794,0x746,1,1,1,23,0,1863,1862,1862
3045,0,1,0,0,0,1,1,1,1,0x748,-1812,-373,0,484,25712,-711,0x747,1,1,1,-185,0,1864,1863,1863
3046,0,1,0,0,0,1,1,1,1,0x749,-1121,-307,0,494,28190,-483,0x748,1,1,1,64,0,1865,1864,1864
3047,0,1,0,0,0,1,0,0,0,0x749,-1121,-307,0,494,28190,-483,0x749,1,0,0,36,0,1866,1865,1865
3048,0,1,0,0,0,1,1,0,0,0x74a,-5806,723,0,421,12738,-1129,0x749,1,0,0,36,0,1866,1865,1865
3049,0,1,0,0,0,1,1,1,1,0x74a,-5806,723,0,421,12738,-1129,0x749,1,1,1,36,0,1866,1865,1865
3050,0,1,0,0,0,1,1,1,1,0x74b,-2075,-1008,0,480,24743,-784,0x74a,1,1,1,-200,0,1867,1866,1866
3051,0,1,0,0,0,1,1,1,1,0x74c,-2589,-385,0,472,22849,-903,0x74b,1,1,1,192,0,1868,1867,1867
3052,0,1,0,0,0,1,0,1,0,0x74c,-2589,-385,0,472,22849,-903,0x74c,1,1,1,84,0,1869,1868,1868
3053,0,1,0,0,0,1,1,1,1,0x74d,114,1375,0,514,33280,57,0x74c,0,1,0,84,0,1869,1869,1869
3054,0,1,0,0,0,1,1,1,1,0x74e,-2813,-44,0,468,21928,-942,0x74d,1,1,1,19,0,1870,1869,1869
3055,0,1,0,0,0,1,1,0,0,0x74f,-1287,-1446,0,492,27689,-544,0x74e,1,0,0,10,0,1871,1870,1870
3056,0,1,0,0,0,1,1,1,1,0x74f,-1287,-1446,0,492,27689,-544,0x74e,1,1,1,10,0,1871,1870,1870
3057,0,1,0,0,0,1,0,1,0,0x74f,-1287,-1446,0,492,27689,-544,0x74f,1,1,1,192,0,1872,1871,1871
3058,0,1,0,0,0,1,1,1,1,0x750,-1146,234,0,494,28190,-493,0x74f,0,1,0,192,0,1872,1872,1872
3059,0,1,0,0,0,1,1,1,1,0x751,-4188,557,0,447,17425,-1114,0x750,1,1,1,-29,0,1873,1872,1872
3060,0,1,0,0,0,1,1,1,1,0x752,-1972,486,0,481,24984,-752,0x751,1,1,1,-152,0,1874,1873,1873
3061,0,1,0,0,0,1,1,1,1,0x753,-51,-555,0,511,32512,-26,0x752,1,1,1,-90,0,1875,1874,1874
3062,0,1,0,0,0,1,0,0,0,0x753,-51,-555,0,511,32512,-26,0x753,1,0,0,3,0,1876,1875,1875
3063,0,1,0,0,0,1,1,1,1,0x754,-2846,-397,0,468,21928,-953,0x753,1,1,1,3,0,1876,1875,1875
3064,0,1,0,0,0,1,1,1,1,0x755,-1969,-847,0,481,24984,-751,0x754,1,1,1,92,0,1877,1876,1876
3065,0,1,0,0,0,1,1,1,1,0x756,-970,256,0,497,28945,-429,0x755,1,1,1,155,0,1878,1877,1877
3066,0,1,0,0,0,1,1,1,1,0x757,-983,826,0,497,28945,-435,0x756,1,1,1,-27,0,1879,1878,1878
3067,0,1,0,0,0,1,0,1,0,0x757,-983,826,0,497,28945,-435,0x757,1,1,1,-88,0,1880,1879,1879
3068,0,1,0,0,0,1,1,1,1,0x758,-1790,-218,0,484,25712,-703,0x757,0,1,0,-88,0,1880,1880,1880
3069,0,1,0,0,0,1,0,0,0,0x758,-1790,-218,0,484,25712,-703,0x758,1,0,0,37,0,1881,1880,1880
3070,0,1,0,0,0,1,1,0,0,0x759,-2365,-1698,0,475,23551,-850,0x758,1,0,0,37,0,1881,1880,1880
3071,0,1,0,0,0,1,1,1,1,0x759,-2365,-1698,0,475,23551,-850,0x758,1,1,1,37,0,1881,1880,1880
3072,0,1,0,0,0,1,0,1,0,0x759,-2365,-1698,0,475,23551,-850,0x759,1,1,1,352,0,1882,1881,1881
3073,0,1,0,0,0,1,1,1,1,0x75a,-469,400,0,505,30978,-222,0x759,0,1,0,352,0,1882,1882,1882
3074,0,1,0,0,0,1,1,1,1,0x75b,377,33,0,518,34303,197,0x75a,1,1,1,-22,0,1883,1882,1882
3075,0,1,0,0,0,1,1,1,1,0x75c,1264,970,0,532,37847,729,0x75b,1,1,1,1,0,1884,1883,1883
3076,0,1,0,0,0,1,1,0,0,0x75d,-2319,717,0,476,23788,-842,0x75c,1,0,0,172,0,1885,1884,1884
3077,0,1,0,0,0,1,1,1,1,0x75d,-2319,717,0,476,23788,-842,0x75c,1,1,1,172,0,1885,1884,1884
3078,0,1,0,0,0,1,1,1,1,0x75e,-8882,-1740,0,373,6705,-909,0x75d,1,1,1,-148,0,1886,1885,1885
3079,0,1,0,0,0,1,1,1,1,0x75f,-50,3745,0,511,32512,-25,0x75e,1,1,1,386,0,1887,1886,1886
3080,0,1,0,0,0,1,1,1,1,0x760,-683,231,0,501,29959,-313,0x75f,1,1,1,-23,0,1888,1887,1887
3081,0,1,0,0,0,1,1,1,1,0x761,-2358,-591,0,475,23551,-848,0x760,1,1,1,-18,0,1889,1888,1888
3082,0,1,0,0,0,1,0,1,0,0x761,-2358,-591,0,475,23551,-848,0x761,1,1,1,122,0,1890,1889,1889
3083,0,1,0,0,0,1,1,1,1,0x762,2536,-430,0,552,42687,1651,0x761,0,0,0,122,0,1890,1890,1890
3084,0,1,0,0,0,1,1,1,1,0x763,-3410,-1398,0,459,19926,-1037,0x762,1,1,1,-174,0,1891,1890,1890
3085,0,1,0,0,0,1,1,1,1,0x764,-4827,-1139,0,437,15500,-1142,0x763,1,1,1,353,0,1892,1891,1891
3086,0,1,0,0,0,1,0,1,0,0x764,-4827,-1139,0,437,15500,-1142,0x764,1,1,1,317,0,1893,1892,1892
3087,0,1,0,0,0,1,0,1,0,0x764,-4827,-1139,0,437,15500,-1142,0x764,0,1,0,317,0,1893,1893,1893
3088,0,1,0,0,0,1,1,1,1,0x765,-5276,-99,0,430,14243,-1147,0x764,0,1,0,317,0,1893,1893,1893
3089,0,1,0,0,0,1,1,1,1,0x766,-2470,254,0,473,23082,-870,0x765,1,1,1,27,0,1894,1893,1893
3090,0,1,0,0,0,1,1,0,0,0x767,-648,1433,0,502,30213,-299,0x766,1,0,0,-54,0,1895,1894,1894
3091,0,1,0,0,0,1,1,1,1,0x767,-648,1433,0,502,30213,-299,0x766,1,1,1,-54,0,1895,1894,1894
3092,0,1,0,0,0,1,0,1,0,0x767,-648,1433,0,502,30213,-299,0x767,1,1,1,-105,0,1896,1895,1895
3093,0,1,0,0,0,1,1,1,1,0x768,-4770,-350,0,437,15500,-1129,0x767,0,0,0,-105,0,1896,1896,1896
3094,0,1,0,0,0,1,1,1,1,0x769,-966,-1660,0,497,28945,-427,0x768,1,1,1,96,0,1897,1896,1896
3095,0,1,0,0,0,1,1,1,1,0x76a,-722,-554,0,501,29959,-331,0x769,1,1,1,173,0,1898,1897,1897
3096,0,1,0,0,0,1,1,1,1,0x76b,-2174,-1142,0,478,24263,-805,0x76a,1,1,1,44,0,1899,1898,1898
3097,0,1,0,0,0,1,0,0,0,0x76b,-2174,-1142,0,478,24263,-805,0x76b,1,0,0,224,0,1900,1899,1899
3098,0,1,0,0,0,1,1,1,1,0x76c,-4635,394,0,440,16062,-1136,0x76b,1,1,1,224,0,1900,1899,1899
3099,0,1,0,0,0,1,1,1,1,0x76d,-906,749,0,498,29198,-404,0x76c,1,1,1,-110,0,1901,1900,1900
3100,0,1,0,0,0,1,1,1,1,0x76e,2347,-1023,0,549,41985,1503,0x76d,1,1,1,-74,0,1902,1901,1901
3101,0,1,0,0,0,1,1,1,1,0x76f,-2125,-492,0,479,24502,-795,0x76e,1,1,1,-376,0,1903,1902,1902
3102,0,1,0,0,0,1,0,1,0,0x76f,-2125,-492,0,479,24502,-795,0x76f,1,1,1,95,0,1904,1903,1903
3103,0,1,0,0,0,1,0,1,0,0x76f,-2125,-492,0,479,24502,-795,0x76f,0,1,0,95,0,1904,1904,1904
3104,0,1,0,0,0,1,1,1,1,0x770,-6624,889,0,409,10923,-1105,0x76f,0,0,0,95,0,1904,1904,1904
3105,0,1,0,0,0,1,1,1,1,0x771,-1654,439,0,486,26202,-662,0x770,1,1,1,-240,0,1905,1904,1904
3106,0,1,0,0,0,1,1,1,1,0x772,823,1717,0,525,36085,453,0x771,1,1,1,-71,0,1906,1905,1905
3107,0,1,0,0,0,1,0,1,0,0x772,823,1717,0,525,36085,453,0x772,1,1,1,189,0,1907,1906,1906
3108,0,1,0,0,0,1,1,1,1,0x773,-2151,-2000,0,478,24263,-797,0x772,0,1,0,189,0,1907,1907,1907
3109,0,1,0,0,0,1,1,1,1,0x774,-2769,-224,0,469,22156,-937,0x773,1,1,1,389,0,1908,1907,1907
3110,0,1,0,0,0,1,1,1,1,0x775,-1696,-1208,0,486,26202,-679,0x774,1,1,1,51,0,1909,1908,1908
3111,0,1,0,0,0,1,1,0,0,0x776,340,-4366,0,517,34047,176,0x775,1,0,0,200,0,1910,1909,1909
3112,0,1,0,0,0,1,1,1,1,0x776,340,-4366,0,517,34047,176,0x775,1,1,1,200,0,1910,1909,1909
3113,0,1,0,0,0,1,1,1,1,0x777,-3371,222,0,459,19926,-1025,0x776,1,1,1,-188,0,1911,1910,1910
3114,0,1,0,0,0,1,1,1,1,0x778,-1654,298,0,486,26202,-662,0x777,1,1,1,-56,0,1912,1911,1911
3115,0,1,0,0,0,1,1,1,1,0x779,-3942,-586,0,450,18031,-1085,0x778,1,1,1,-49,0,1913,1912,1912
3116,0,1,0,0,0,1,1,0,0,0x77a,-1459,84,0,489,26943,-600,0x779,1,0,0,155,0,1914,1913,1913
3117,0,1,0,0,0,1,1,1,1,0x77a,-1459,84,0,489,26943,-600,0x779,1,1,1,155,0,1914,1913,1913
3118,0,1,0,0,0,1,1,0,0,0x77b,-2498,-616,0,473,23082,-880,0x77a,1,0,0,-13,0,1915,1914,1914
3119,0,1,0,0,0,1,1,1,1,0x77b,-2498,-616,0,473,23082,-880,0x77a,1,1,1,-13,0,1915,1914,1914
3120,0,1,0,0,0,1,0,1,0,0x77b,-2498,-616,0,473,23082,-880,0x77b,1,1,1,132,0,1916,1915,1915
3121,0,1,0,0,0,1,1,1,1,0x77c,-1629,1186,0,487,26448,-658,0x77b,0,1,0,132,0,1916,1916,1916
3122,0,1,0,0,0,1,0,1,0,0x77c,-1629,1186,0,487,26448,-658,0x77c,1,1,1,-191,0,1917,1916,1916
3123,0,1,0,0,0,1,1,1,1,0x77d,-2052,-879,0,480,24743,-775,0x77c,0,1,0,-191,0,1917,1917,1917
3124,0,1,0,0,0,1,1,1,1,0x77e,-7194,1183,0,400,9702,-1066,0x77d,1,1,1,166,0,1918,1917,1917
3125,0,1,0,0,0,1,1,0,0,0x77f,-980,805,0,497,28945,-433,0x77e,1,0,0,-308,0,1919,1918,1918
3126,0,1,0,0,0,1,1,1,1,0x77f,-980,805,0,497,28945,-433,0x77e,1,1,1,-308,0,1919,1918,1918
3127,0,1,0,0,0,1,0,1,0,0x77f,-980,805,0,497,28945,-433,0x77f,1,1,1,-86,0,1920,1919,1919
3128,0,1,0,0,0,1,1,1,1,0x780,-870,-85,0,498,29198,-388,0x77f,0,1,0,-86,0,1920,1920,1920
3129,0,1,0,0,0,1,1,1,1,0x781,1465,-1052,0,535,38593,862,0x780,1,1,1,8,0,1921,1920,1920
3130,0,1,0,0,0,1,1,1,1,0x782,-2343,1050,0,475,23551,-842,0x781,1,1,1,-222,0,1922,1921,1921
3131,0,1,0,0,0,1,1,1,1,0x783,-1639,1014,0,486,26202,-656,0x782,1,1,1,-216,0,1923,1922,1922
3132,0,1,0,0,0,1,0,0,0,0x783,-1639,1014,0,486,26202,-656,0x783,1,0,0,-163,0,1924,1923,1923
3133,0,1,0,0,0,1,1,1,1,0x784,-755,-1751,0,500,29705,-343,0x783,1,1,1,-163,0,1924,1923,1923
3134,0,1,0,0,0,1,1,1,1,0x785,-1632,-1087,0,487,26448,-659,0x784,1,1,1,146,0,1925,1924,1924
3135,0,1,0,0,0,1,1,1,1,0x786,-5148,-71,0,432,14595,-1147,0x785,1,1,1,174,0,1926,1925,1925
3136,0,1,0,0,0,1,1,1,1,0x787,-1792,-798,0,484,25712,-704,0x786,1,1,1,19,0,1927,1926,1926
3137,0,1,0,0,0,1,0,1,0,0x787,-1792,-798,0,484,25712,-704,0x787,1,1,1,137,0,1928,1927,1927
3138,0,1,0,0,0,1,1,1,1,0x788,-418,1187,0,505,30978,-198,0x787,0,1,0,137,0,1928,1928,1928
3139,0,1,0,0,0,1,1,0,0,0x789,-2383,-207,0,475,23551,-857,0x788,1,0,0,-58,0,1929,1928,1928
3140,0,1,0,0,0,1,1,1,1,0x789,-2383,-207,0,475,23551,-857,0x788,1,1,1,-58,0,1929,1928,1928
3141,0,1,0,0,0,1,1,1,1,0x78a,-2126,2279,0,479,24502,-795,0x789,1,1,1,43,0,1930,1929,1929
3142,0,1,0,0,0,1,0,1,0,0x78a,-2126,2279,0,479,24502,-795,0x78a,1,1,1,-443,0,1931,1930,1930
3143,0,1,0,0,0,1,1,1,1,0x78b,-2651,964,0,471,22617,-915,0x78a,0,1,0,-443,0,1931,1931,1931
3144,0,1,0,0,0,1,1,1,1,0x78c,-505,-3312,0,504,30723,-237,0x78b,1,1,1,-216,0,1932,1931,1931
3145,0,1,0,0,0,1,1,1,1,0x78d,-3961,778,0,450,18031,-1090,0x78c,1,1,1,191,0,1933,1932,1932
3146,0,1,0,0,0,1,1,0,0,0x78e,-973,-560,0,497,28945,-430,0x78d,1,0,0,-208,0,1934,1933,1933
3147,0,1,0,0,0,1,1,1,1,0x78e,-973,-560,0,497,28945,-430,0x78d,1,1,1,-208,0,1934,1933,1933
3148,0,1,0,0,0,1,1,1,1,0x78f,-2764,-1529,0,469,22156,-935,0x78e,1,1,1,58,0,1935,1934,1934
3149,0,1,0,0,0,1,1,1,1,0x790,-2761,-30,0,469,22156,-934,0x78f,1,1,1,349,0,1936,1935,1935
3150,0,1,0,0,0,1,1,1,1,0x791,-2050,-145,0,480,24743,-774,0x790,1,1,1,6,0,1937,1936,1936
3151,0,1,0,0,0,1,1,1,1,0x792,-2642,1261,0,471,22617,-912,0x791,1,1,1,27,0,1938,1937,1937
3152,0,1,0,0,0,1,0,1,0,0x792,-2642,1261,0,471,22617,-912,0x792,1,1,1,-281,0,1939,1938,1938
3153,0,1,0,0,0,1,1,1,1,0x793,-3536,-644,0,457,19495,-1052,0x792,0,0,0,-281,0,1939,1939,1939
3154,0,1,0,0,0,1,0,1,0,0x793,-3536,-644,0,457,19495,-1052,0x793,1,1,1,165,0,1940,1939,1939
3155,0,1,0,0,0,1,1,1,1,0x794,-3843,-857,0,452,18442,-1082,0x793,0,1,0,165,0,1940,1940,1940
3156,0,1,0,0,0,1,1,1,1,0x795,-2813,111,0,468,21928,-942,0x794,1,1,1,226,0,1941,1940,1940
3157,0,1,0,0,0,1,0,1,0,0x795,-2813,111,0,468,21928,-942,0x795,1,1,1,-26,0,1942,1941,1941
3158,0,1,0,0,0,1,1,1,1,0x796,-5776,608,0,422,12899,-1137,0x795,0,1,0,-26,0,1942,1942,1942
3159,0,1,0,0,0,1,1,1,1,0x797,-2314,-246,0,476,23788,-840,0x796,1,1,1,-169,0,1943,1942,1942
3160,0,1,0,0,0,1,1,0,0,0x798,-751,-746,0,500,29705,-341,0x797,1,0,0,50,0,1944,1943,1943
3161,0,1,0,0,0,1,1,1,1,0x798,-751,-746,0,500,29705,-341,0x797,1,1,1,50,0,1944,1943,1943
3162,0,1,0,0,0,1,0,0,0,0x798,-751,-746,0,500,29705,-341,0x798,1,0,0,62,0,1945,1944,1944
3163,0,1,0,0,0,1,1,1,1,0x799,-4056,-307,0,449,17827,-1104,0x798,1,1,1,62,0,1945,1944,1944
3164,0,1,0,0,0,1,1,1,1,0x79a,-1402,974,0,490,27191,-582,0x799,1,1,1,82,0,1946,1945,1945
3165,0,1,0,0,0,1,1,1,1,0x79b,-2390,2134,0,475,23551,-859,0x79a,1,1,1,-139,0,1947,1946,1946
3166,0,1,0,0,0,1,1,1,1,0x79c,-1743,253,0,485,25957,-691,0x79b,1,1,1,-448,0,1948,1947,1947
3167,0,1,0,0,0,1,0,0,0,0x79c,-1743,253,0,485,25957,-691,0x79c,1,0,0,-43,0,1949,1948,1948
3168,0,1,0,0,0,1,1,1,1,0x79d,-3335,-2415,0,460,20143,-1026,0x79c,1,1,1,-43,0,1949,1948,1948
3169,0,1,0,0,0,1,1,1,1,0x79e,1566,-168,0,536,38841,928,0x79d,1,1,1,604,0,1950,1949,1949
3170,0,1,0,0,0,1,1,1,1,0x79f,-1985,22,0,481,24984,-757,0x79e,1,1,1,-39,0,1951,1950,1950
3171,0,1,0,0,0,1,0,1,0,0x79f,-1985,22,0,481,24984,-757,0x79f,1,1,1,-5,0,1952,1951,1951
3172,0,1,0,0,0,1,0,1,0,0x79f,-1985,22,0,481,24984,-757,0x79f,0,1,0,-5,0,1952,1952,1952
3173,0,1,0,0,0,1,1,1,1,0x7a0,-2255,-2339,0,477,24025,-827,0x79f,0,1,0,-5,0,1952,1952,1952
3174,0,1,0,0,0,1,1,0,0,0x7a1,-1471,159,0,489,26943,-605,0x7a0,1,0,0,472,0,1953,1952,1952
3175,0,1,0,0,0,1,1,1,1,0x7a1,-1471,159,0,489,26943,-605,0x7a0,1,1,1,472,0,1953,1952,1952
3176,0,1,0,0,0,1,1,1,1,0x7a2,-5430,1535,0,427,13728,-1138,0x7a1,1,1,1,-24,0,1954,1953,1953
3177,0,1,0,0,0,1,0,1,0,0x7a2,-5430,1535,0,427,13728,-1138,0x7a2,1,1,1,-427,0,1955,1954,1954
3178,0,1,0,0,0,1,1,1,1,0x7a3,-3862,-593,0,452,18442,-1087,0x7a2,0,1,0,-427,0,1955,1955,1955
3179,0,1,0,0,0,1,1,1,1,0x7a4,820,442,0,525,36085,451,0x7a3,1,1,1,157,0,1956,1955,1955
3180,0,1,0,0,0,1,1,1,1,0x7a5,-7769,1726,0,391,8597,-1020,0x7a4,1,1,1,48,0,1957,1956,1956
3181,0,1,0,0,0,1,1,0,0,0x7a6,-2603,107,0,471,22617,-899,0x7a5,1,0,0,-430,0,1958,1957,1957
3182,0,1,0,0,0,1,1,1,1,0x7a6,-2603,107,0,471,22617,-899,0x7a5,1,1,1,-430,0,1958,1957,1957
3183,0,1,0,0,0,1,1,1,1,0x7a7,-3406,-1455,0,459,19926,-1036,0x7a6,1,1,1,-24,0,1959,1958,1958
3184,0,1,0,0,0,1,1,1,1,0x7a8,-1535,-382,0,488,26695,-626,0x7a7,1,1,1,368,0,1960,1959,1959
3185,0,1,0,0,0,1,1,0,0,0x7a9,-482,85,0,504,30723,-226,0x7a8,1,0,0,58,0,1961,1960,1960
3186,0,1,0,0,0,1,1,1,1,0x7a9,-482,85,0,504,30723,-226,0x7a8,1,1,1,58,0,1961,1960,1960
3187,0,1,0,0,0,1,0,1,0,0x7a9,-482,85,0,504,30723,-226,0x7a9,1,1,1,-5,0,1962,1961,1961
3188,0,1,0,0,0,1,0,1,0,0x7a9,-482,85,0,504,30723,-226,0x7a9,0,0,0,-5,0,1962,1962,1962
3189,0,1,0,0,0,1,1,1,1,0x7aa,-911,988,0,498,29198,-406,0x7a9,0,1,0,-5,0,1962,1962,1962
3190,0,1,0,0,0,1,1,1,1,0x7ab,-1934,176,0,482,25226,-745,0x7aa,1,1,1,-98,0,1963,1962,1962
3191,0,1,0,0,0,1,1,1,1,0x7ac,-2112,1215,0,479,24502,-790,0x7ab,1,1,1,-33,0,1964,1963,1963
3192,0,1,0,0,0,1,0,1,0,0x7ac,-2112,1215,0,479,24502,-790,0x7ac,1,1,1,-235,0,1965,1964,1964
3193,0,1,0,0,0,1,1,1,1,0x7ad,-672,691,0,502,30213,-310,0x7ac,0,1,0,-235,0,1965,1965,1965
3194,0,1,0,0,0,1,1,1,1,0x7ae,-998,5,0,496,28693,-437,0x7ad,1,1,1,-53,0,1966,1965,1965
3195,0,1,0,0,0,1,1,0,0,0x7af,-8497,-1958,0,379,7290,-946,0x7ae,1,0,0,-1,0,1967,1966,1966
3196,0,1,0,0,0,1,1,1,1,0x7af,-8497,-1958,0,379,7290,-946,0x7ae,1,1,1,-1,0,1967,1966,1966
3197,0,1,0,0,0,1,0,1,0,0x7af,-8497,-1958,0,379,7290,-946,0x7af,1,1,1,452,0,1968,1967,1967
3198,0,1,0,0,0,1,1,1,1,0x7b0,-1563,-226,0,488,26695,-637,0x7af,0,1,0,452,0,1968,1968,1968
3199,0,1,0,0,0,1,1,1,1,0x7b1,-1694,171,0,486,26202,-678,0x7b0,1,1,1,35,0,1969,1968,1968
3200,0,1,0,0,0,1,1,1,1,0x7b2,349,551,0,517,34047,181,0x7b1,1,1,1,-29,0,1970,1969,1969
3201,0,1,0,0,0,1,1,1,1,0x7b3,-2155,-460,0,478,24263,-798,0x7b2,1,1,1,24,0,1971,1970,1970
3202,0,1,0,0,0,1,0,0,0,0x7b3,-2155,-460,0,478,24263,-798,0x7b3,1,0,0,89,0,1972,1971,1971
3203,0,1,0,0,0,1,1,1,1,0x7b4,-4314,444,0,445,17028,-1121,0x7b3,1,1,1,89,0,1972,1971,1971
3204,0,1,0,0,0,1,1,1,1,0x7b5,-1217,-146,0,493,27939,-519,0x7b4,1,1,1,-122,0,1973,1972,1972
3205,0,1,0,0,0,1,0,1,0,0x7b5,-1217,-146,0,493,27939,-519,0x7b5,1,1,1,18,0,1974,1973,1973
3206,0,1,0,0,0,1,1,1,1,0x7b6,-9089,35,0,370,6428,-892,0x7b5,0,1,0,18,0,1974,1974,1974
3207,0,1,0,0,0,1,0,1,0,0x7b6,-9089,35,0,370,6428,-892,0x7b6,1,1,1,-8,0,1975,1974,1974
3208,0,1,0,0,0,1,1,1,1,0x7b7,-2026,563,0,480,24743,-765,0x7b6,0,0,0,-8,0,1975,1975,1975
3209,0,1,0,0,0,1,1,0,0,0x7b8,-1065,366,0,495,28441,-463,0x7b7,1,0,0,-106,0,1976,1975,1975
3210,0,1,0,0,0,1,1,1,1,0x7b8,-1065,366,0,495,28441,-463,0x7b7,1,1,1,-106,0,1976,1975,1975
3211,0,1,0,0,0,1,1,1,1,0x7b9,74,763,0,513,33024,37,0x7b8,1,1,1,-42,0,1977,1976,1976
3212,0,1,0,0,0,1,0,1,0,0x7b9,74,763,0,513,33024,37,0x7b9,1,1,1,6,0,1978,1977,1977
3213,0,1,0,0,0,1,1,1,1,0x7ba,-1291,-308,0,492,27689,-546,0x7b9,0,1,0,6,0,1978,1978,1978
3214,0,1,0,0,0,1,1,1,1,0x7bb,-860,-549,0,499,29451,-387,0x7ba,1,1,1,41,0,1979,1978,1978
3215,0,1,0,0,0,1,1,1,1,0x7bc,-1817,496,0,484,25712,-713,0x7bb,1,1,1,51,0,1980,1979,1979
3216,0,1,0,0,0,1,1,0,0,0x7bd,-2142,940,0,479,24502,-801,0x7bc,1,0,0,-87,0,1981,1980,1980
3217,0,1,0,0,0,1,1,1,1,0x7bd,-2142,940,0,479,24502,-801,0x7bc,1,1,1,-87,0,1981,1980,1980
3218,0,1,0,0,0,1,1,1,1,0x7be,1489,501,0,535,38593,876,0x7bd,1,1,1,-184,0,1982,1981,1981
3219,0,1,0,0,0,1,1,1,1,0x7bf,-2558,107,0,472,22849,-892,0x7be,1,1,1,107,0,1983,1982,1982
3220,0,1,0,0,0,1,1,1,1,0x7c0,-390,-237,0,506,31233,-186,0x7bf,1,1,1,-24,0,1984,1983,1983
3221,0,1,0,0,0,1,1,1,1,0x7c1,-4757,356,0,438,15686,-1139,0x7c0,1,1,1,10,0,1985,1984,1984
3222,0,1,0,0,0,1,0,1,0,0x7c1,-4757,356,0,438,15686,-1139,0x7c1,1,1,1,-99,0,1986,1985,1985
3223,0,1,0,0,0,1,1,1,1,0x7c2,-6323,-209,0,413,11504,-1110,0x7c1,0,0,0,-99,0,1986,1986,1986
3224,0,1,0,0,0,1,1,1,1,0x7c3,-1294,808,0,492,27689,-547,0x7c2,1,1,1,56,0,1987,1986,1986
3225,0,1,0,0,0,1,1,1,1,0x7c4,-3368,-1267,0,459,19926,-1025,0x7c3,1,1,1,-108,0,1988,1987,1987
3226,0,1,0,0,0,1,1,1,1,0x7c5,-3061,-924,0,464,21025,-983,0x7c4,1,1,1,317,0,1989,1988,1988
3227,0,1,0,0,0,1,0,1,0,0x7c5,-3061,-924,0,464,21025,-983,0x7c5,1,1,1,221,0,1990,1989,1989
3228,0,1,0,0,0,1,1,1,1,0x7c6,-3106,528,0,463,20803,-986,0x7c5,0,1,0,221,0,1990,1990,1990
3229,0,1,0,0,0,1,1,1,1,0x7c7,-3562,-379,0,456,19282,-1049,0x7c6,1,1,1,-128,0,1991,1990,1990
3230,0,1,0,0,0,1,1,0,0,0x7c8,-2501,555,0,473,23082,-881,0x7c7,1,0,0,97,0,1992,1991,1991
3231,0,1,0,0,0,1,1,0,0,0x7c8,-2501,555,0,473,23082,-881,0x7c7,1,0,0,97,0,1992,1991,1991
3232,0,1,0,0,0,1,1,1,1,0x7c8,-2501,555,0,473,23082,-881,0x7c7,1,1,1,97,0,1992,1991,1991
3233,0,1,0,0,0,1,1,1,1,0x7c9,-969,-544,0,497,28945,-428,0x7c8,1,1,1,-120,0,1993,1992,1992
3234,0,1,0,0,0,1,1,1,1,0x7ca,-1305,504,0,492,27689,-552,0x7c9,1,1,1,56,0,1994,1993,1993
3235,0,1,0,0,0,1,1,1,1,0x7cb,-3602,-1539,0,456,19282,-1060,0x7ca,1,1,1,-68,0,1995,1994,1994
3236,0,1,0,0,0,1,1,1,1,0x7cc,-1815,-1027,0,484,25712,-713,0x7cb,1,1,1,398,0,1996,1995,1995
3237,0,1,0,0,0,1,0,0,0,0x7cc,-1815,-1027,0,484,25712,-713,0x7cc,1,0,0,178,0,1997,1996,1996
3238,0,1,0,0,0,1,1,1,1,0x7cd,-1627,862,0,487,26448,-657,0x7cc,1,1,1,178,0,1997,1996,1996
3239,0,1,0,0,0,1,0,1,0,0x7cd,-1627,862,0,487,26448,-657,0x7cd,1,1,1,-139,0,1998,1997,1997
3240,0,1,0,0,0,1,1,1,1,0x7ce,-2164,83,0,478,24263,-802,0x7cd,0,1,0,-139,0,1998,1998,1998
3241,0,1,0,0,0,1,1,1,1,0x7cf,-1734,-901,0,485,25957,-687,0x7ce,1,1,1,-17,0,1999,1998,1998
3242,0,1,0,0,0,1,0,1,0,0x7cf,-1734,-901,0,485,25957,-687,0x7cf,1,1,1,151,0,2000,1999,1999
3243,0,1,0,0,0,1,1,1,1,0x7d0,-13230,829,0,305,2483,-502,0x7cf,0,1,0,151,0,2000,2000,2000
3244,0,1,0,0,0,1,1,0,0,0x7d1,-1683,662,0,486,26202,-673,0x7d0,1,0,0,-102,0,2001,2000,2000
3245,0,1,0,0,0,1,1,1,1,0x7d1,-1683,662,0,486,26202,-673,0x7d0,1,1,1,-102,0,2001,2000,2000
3246,0,1,0,0,0,1,1,1,1,0x7d2,-3764,-1312,0,453,18650,-1072,0x7d1,1,1,1,-109,0,2002,2001,2001
3247,0,1,0,0,0,1,0,1,0,0x7d2,-3764,-1312,0,453,18650,-1072,0x7d2,1,1,1,343,0,2003,2002,2002
3248,0,1,0,0,0,1,1,1,1,0x7d3,-1473,-941,0,489,26943,-606,0x7d2,0,1,0,343,0,2003,2003,2003
3249,0,1,0,0,0,1,1,1,1,0x7d4,-318,-89,0,507,31489,-153,0x7d3,1,1,1,139,0,2004,2003,2003
3250,0,1,0,0,0,1,1,1,1,0x7d5,-333,-702,0,507,31489,-161,0x7d4,1,1,1,3,0,2005,2004,2004
3251,0,1,0,0,0,1,1,0,0,0x7d6,-1560,-1250,0,488,26695,-636,0x7d5,1,0,0,27,0,2006,2005,2005
3252,0,1,0,0,0,1,1,1,1,0x7d6,-1560,-1250,0,488,26695,-636,0x7d5,1,1,1,27,0,2006,2005,2005
3253,0,1,0,0,0,1,1,1,1,0x7d7,-1093,-847,0,495,28441,-475,0x7d6,1,1,1,194,0,2007,2006,2006
3254,0,1,0,0,0,1,1,0,0,0x7d8,-400,-1105,0,506,31233,-191,0x7d7,1,0,0,98,0,2008,2007,2007
3255,0,1,0,0,0,1,1,1,1,0x7d8,-400,-1105,0,506,31233,-191,0x7d7,1,1,1,98,0,2008,2007,2007
3256,0,1,0,0,0,1,0,1,0,0x7d8,-400,-1105,0,506,31233,-191,0x7d8,1,1,1,51,0,2009,2008,2008
3257,0,1,0,0,0,1,0,1,0,0x7d8,-400,-1105,0,506,31233,-191,0x7d8,0,1,0,51,0,2009,2009,2009
3258,0,1,0,0,0,1,1,1,1,0x7d9,-4001,-65,0,449,17827,-1089,0x7d8,0,0,0,51,0,2009,2009,2009
3259,0,1,0,0,0,1,1,1,1,0x7da,-897,1112,0,498,29198,-400,0x7d9,1,1,1,17,0,2010,2009,2009
3260,0,1,0,0,0,1,1,1,1,0x7db,-2191,-312,0,478,24263,-812,0x7da,1,1,1,-109,0,2011,2010,2010
3261,0,1,0,0,0,1,1,1,1,0x7dc,472,761,0,519,34558,248,0x7db,1,1,1,61,0,2012,2011,2011
3262,0,1,0,0,0,1,0,1,0,0x7dc,472,761,0,519,34558,248,0x7dc,1,1,1,46,0,2013,2012,2012
3263,0,1,0,0,0,1,1,1,1,0x7dd,-2632,-27,0,471,22617,-909,0x7dc,0,1,0,46,0,2013,2013,2013
3264,0,1,0,0,0,1,1,1,1,0x7de,-1600,389,0,487,26448,-646,0x7dd,1,1,1,5,0,2014,2013,2013
3265,0,1,0,0,0,1,1,0,0,0x7df,1496,1319,0,535,38593,880,0x7de,1,0,0,-62,0,2015,2014,2014
3266,0,1,0,0,0,1,1,1,1,0x7df,1496,1319,0,535,38593,880,0x7de,1,1,1,-62,0,2015,2014,2014
3267,0,1,0,0,0,1,0,1,0,0x7df,1496,1319,0,535,38593,880,0x7df,1,1,1,283,0,2016,2015,2015
3268,0,1,0,0,0,1,1,1,1,0x7e0,-1617,-255,0,487,26448,-653,0x7df,0,1,0,283,0,2016,2016,2016
3269,0,1,0,0,0,1,1,1,1,0x7e1,-1573,-233,0,487,26448,-635,0x7e0,1,1,1,40,0,2017,2016,2016
3270,0,1,0,0,0,1,1,1,1,0x7e2,-2537,-362,0,472,22849,-885,0x7e1,1,1,1,36,0,2018,2017,2017
3271,0,1,0,0,0,1,1,1,1,0x7e3,-2984,-255,0,465,21249,-968,0x7e2,1,1,1,78,0,2019,2018,2018
3272,0,1,0,0,0,1,0,0,0,0x7e3,-2984,-255,0,465,21249,-968,0x7e3,1,0,0,60,0,2020,2019,2019
3273,0,1,0,0,0,1,0,1,0,0x7e3,-2984,-255,0,465,21249,-968,0x7e3,1,1,1,60,0,2020,2019,2019
3274,0,1,0,0,0,1,1,1,1,0x7e4,-2235,-505,0,477,24025,-820,0x7e3,0,1,0,60,0,2020,2020,2020
3275,0,1,0,0,0,1,1,1,1,0x7e5,32,-929,0,513,33024,16,0x7e4,1,1,1,101,0,2021,2020,2020
3276,0,1,0,0,0,1,1,1,1,0x7e6,-1015,-834,0,496,28693,-445,0x7e5,1,1,1,-4,0,2022,2021,2021
3277,0,1,0,0,0,1,0,0,0,0x7e6,-1015,-834,0,496,28693,-445,0x7e6,1,0,0,90,0,2023,2022,2022
3278,0,1,0,0,0,1,1,1,1,0x7e7,-1543,33,0,488,26695,-629,0x7e6,1,1,1,90,0,2023,2022,2022
3279,0,1,0,0,0,1,1,0,0,0x7e8,-2162,129,0,478,24263,-801,0x7e7,1,0,0,-6,0,2024,2023,2023
3280,0,1,0,0,0,1,1,1,1,0x7e8,-2162,129,0,478,24263,-801,0x7e7,1,1,1,-6,0,2024,2023,2023
3281,0,1,0,0,0,1,1,1,1,0x7e9,-1314,757,0,491,27440,-551,0x7e8,1,1,1,-26,0,2025,2024,2024
3282,0,1,0,0,0,1,0,1,0,0x7e9,-1314,757,0,491,27440,-551,0x7e9,1,1,1,-102,0,2026,2025,2025
3283,0,1,0,0,0,1,1,1,1,0x7ea,-2851,-678,0,467,21700,-945,0x7e9,0,1,0,-102,0,2026,2026,2026
3284,0,1,0,0,0,1,1,1,1,0x7eb,-2116,491,0,479,24502,-792,0x7ea,1,1,1,156,0,2027,2026,2026
3285,0,1,0,0,0,1,1,1,1,0x7ec,-1313,13,0,491,27440,-550,0x7eb,1,1,1,-95,0,2028,2027,2027
3286,0,1,0,0,0,1,1,0,0,0x7ed,-638,110,0,502,30213,-295,0x7ec,1,0,0,-2,0,2029,2028,2028
3287,0,1,0,0,0,1,1,1,1,0x7ed,-638,110,0,502,30213,-295,0x7ec,1,1,1,-2,0,2029,2028,2028
3288,0,1,0,0,0,1,1,1,1,0x7ee,-701,2235,0,501,29959,-321,0x7ed,1,1,1,-8,0,2030,2029,2029
3289,0,1,0,0,0,1,1,1,1,0x7ef,-2221,397,0,477,24025,-815,0x7ee,1,1,1,-176,0,2031,2030,2030
3290,0,1,0,0,0,1,0,1,0,0x7ef,-2221,397,0,477,24025,-815,0x7ef,1,1,1,-79,0,2032,2031,2031
3291,0,1,0,0,0,1,1,1,1,0x7f0,427,-2181,0,519,34558,225,0x7ef,0,1,0,-79,0,2032,2032,2032
3292,0,1,0,0,0,1,0,1,0,0x7f0,427,-2181,0,519,34558,225,0x7f0,1,1,1,-120,0,2033,2032,2032
3293,0,1,0,0,0,1,1,1,1,0x7f1,-2232,157,0,477,24025,-819,0x7f0,0,0,0,-120,0,2033,2033,2033
3294,0,1,0,0,0,1,1,1,1,0x7f2,-1760,808,0,485,25957,-698,0x7f1,1,1,1,-32,0,2034,2033,2033
3295,0,1,0,0,0,1,1,1,1,0x7f3,-7132,343,0,401,9832,-1070,0x7f2,1,1,1,-138,0,2035,2034,2034
3296,0,1,0,0,0,1,1,1,1,0x7f4,-2219,-742,0,477,24025,-814,0x7f3,1,1,1,-90,0,2036,2035,2035
3297,0,1,0,0,0,1,0,1,0,0x7f4,-2219,-742,0,477,24025,-814,0x7f4,1,1,1,147,0,2037,2036,2036
3298,0,1,0,0,0,1,1,1,1,0x7f5,-1965,-170,0,481,24984,-750,0x7f4,0,1,0,147,0,2037,2037,2037
3299,0,1,0,0,0,1,1,1,1,0x7f6,-3371,832,0,459,19926,-1025,0x7f5,1,1,1,31,0,2038,2037,2037
3300,0,1,0,0,0,1,1,0,0,0x7f7,1679,423,0,538,39334,1007,0x7f6,1,0,0,-209,0,2039,2038,2038
3301,0,1,0,0,0,1,1,1,1,0x7f7,1679,423,0,538,39334,1007,0x7f6,1,1,1,-209,0,2039,2038,2038
3302,0,1,0,0,0,1,0,1,0,0x7f7,1679,423,0,538,39334,1007,0x7f7,1,1,1,103,0,2040,2039,2039
3303,0,1,0,0,0,1,1,1,1,0x7f8,-148,1349,0,510,32256,-73,0x7f7,0,1,0,103,0,2040,2040,2040
3304,0,1,0,0,0,1,1,1,1,0x7f9,-912,-1178,0,498,29198,-407,0x7f8,1,1,1,-25,0,2041,2040,2040
3305,0,1,0,0,0,1,1,1,1,0x7fa,-1727,-522,0,485,25957,-685,0x7f9,1,1,1,117,0,2042,2041,2041
3306,0,1,0,0,0,1,1,1,1,0x7fb,-2167,-113,0,478,24263,-803,0x7fa,1,1,1,87,0,2043,2042,2042
3307,0,1,0,0,0,1,0,0,0,0x7fb,-2167,-113,0,478,24263,-803,0x7fb,1,0,0,22,0,2044,2043,2043
3308,0,1,0,0,0,1,1,1,1,0x7fc,-998,-1174,0,496,28693,-437,0x7fb,1,1,1,22,0,2044,2043,2043
3309,0,1,0,0,0,1,1,1,1,0x7fd,-1205,-1018,0,493,27939,-514,0x7fc,1,1,1,125,0,2045,2044,2044
3310,0,1,0,0,0,1,1,1,1,0x7fe,-1481,-9,0,489,26943,-609,0x7fd,1,1,1,127,0,2046,2045,2045
3311,0,1,0,0,0,1,1,1,1,0x7ff,-2875,1164,0,467,21700,-952,0x7fe,1,1,1,1,0,2047,2046,2046
3312,0,1,0,0,0,1,0,1,0,0x7ff,-2875,1164,0,467,21700,-952,0x7ff,1,1,1,-271,0,2048,2047,2047
3313,0,1,0,0,0,1,1,1,1,0x800,360,-383,0,518,34303,188,0x7ff,0,1,0,-271,0,2048,2048,2048
3314,0,1,0,0,0,1,1,0,0,0x801,-2646,615,0,471,22617,-914,0x800,1,0,0,-18,0,2049,2048,2048
3315,0,1,0,0,0,1,1,1,1,0x801,-2646,615,0,471,22617,-914,0x800,1,1,1,-18,0,2049,2048,2048
3316,0,1,0,0,0,1,1,1,1,0x802,-698,-250,0,501,29959,-320,0x801,1,1,1,-138,0,2050,2049,2049
3317,0,1,0,0,0,1,0,1,0,0x802,-698,-250,0,501,29959,-320,0x802,1,1,1,19,0,2051,2050,2050
3318,0,1,0,0,0,1,1,1,1,0x803,-1828,-760,0,483,25468,-711,0x802,0,1,0,19,0,2051,2051,2051
3319,0,1,0,0,0,1,1,1,1,0x804,-2523,-129,0,473,23082,-889,0x803,1,1,1,131,0,2052,2051,2051
3320,0,1,0,0,0,1,1,1,1,0x805,-228,845,0,508,31744,-111,0x804,1,1,1,27,0,2053,2052,2052
3321,0,1,0,0,0,1,1,0,0,0x806,-1587,-818,0,487,26448,-641,0x805,1,0,0,-23,0,2054,2053,2053
3322,0,1,0,0,0,1,1,1,1,0x806,-1587,-818,0,487,26448,-641,0x805,1,1,1,-23,0,2054,2053,2053
3323,0,1,0,0,0,1,1,0,0,0x807,275,-102,0,516,33792,141,0x806,1,0,0,128,0,2055,2054,2054
3324,0,1,0,0,0,1,1,1,1,0x807,275,-102,0,516,33792,141,0x806,1,1,1,128,0,2055,2054,2054
3325,0,1,0,0,0,1,1,1,1,0x808,-1602,-474,0,487,26448,-647,0x807,1,1,1,-4,0,2056,2055,2055
3326,0,1,0,0,0,1,1,1,1,0x809,-3171,-1011,0,462,20582,-996,0x808,1,1,1,74,0,2057,2056,2056
3327,0,1,0,0,0,1,0,1,0,0x809,-3171,-1011,0,462,20582,-996,0x809,1,1,1,245,0,2058,2057,2057
3328,0,1,0,0,0,1,1,1,1,0x80a,-2308,-563,0,476,23788,-838,0x809,0,0,0,245,0,2058,2058,2058
3329,0,1,0,0,0,1,1,1,1,0x80b,471,674,0,519,34558,248,0x80a,1,1,1,115,0,2059,2058,2058
3330,0,1,0,0,0,1,1,1,1,0x80c,-2054,-523,0,480,24743,-776,0x80b,1,1,1,40,0,2060,2059,2059
3331,0,1,0,0,0,1,1,1,1,0x80d,-9415,-453,0,365,5989,-861,0x80c,1,1,1,99,0,2061,2060,2060
3332,0,1,0,0,0,1,0,1,0,0x80d,-9415,-453,0,365,5989,-861,0x80d,1,1,1,95,0,2062,2061,2061
3333,0,1,0,0,0,1,1,1,1,0x80e,-1116,921,0,495,28441,-485,0x80d,0,1,0,95,0,2062,2062,2062
3334,0,1,0,0,0,1,1,1,1,0x80f,-2564,1489,0,472,22849,-894,0x80e,1,1,1,-110,0,2063,2062,2062
3335,0,1,0,0,0,1,1,0,0,0x810,-704,-828,0,501,29959,-322,0x80f,1,0,0,-325,0,2064,2063,2063
3336,0,1,0,0,0,1,1,1,1,0x810,-704,-828,0,501,29959,-322,0x80f,1,1,1,-325,0,2064,2063,2063
3337,0,1,0,0,0,1,0,1,0,0x810,-704,-828,0,501,29959,-322,0x810,1,1,1,65,0,2065,2064,2064
3338,0,1,0,0,0,1,1,1,1,0x811,-2903,-984,0,467,21700,-962,0x810,0,1,0,65,0,2065,2065,2065
3339,0,1,0,0,0,1,1,1,1,0x812,-2732,739,0,469,22156,-924,0x811,1,1,1,231,0,2066,2065,2065
3340,0,1,0,0,0,1,1,1,1,0x813,-1165,831,0,494,28190,-502,0x812,1,1,1,-167,0,2067,2066,2066
3341,0,1,0,0,0,1,0,1,0,0x813,-1165,831,0,494,28190,-502,0x813,1,1,1,-102,0,2068,2067,2067
3342,0,1,0,0,0,1,0,1,0,0x813,-1165,831,0,494,28190,-502,0x813,0,0,0,-102,0,2068,2068,2068
3343,0,1,0,0,0,1,1,1,1,0x814,-2657,-1033,0,470,22386,-908,0x813,0,1,0,-102,0,2068,2068,2068
3344,0,1,0,0,0,1,1,1,1,0x815,-2847,-252,0,468,21928,-953,0x814,1,1,1,228,0,2069,2068,2068
3345,0,1,0,0,0,1,1,1,1,0x816,-5813,575,0,421,12738,-1130,0x815,1,1,1,58,0,2070,2069,2069
3346,0,1,0,0,0,1,1,0,0,0x817,-1762,-658,0,484,25712,-692,0x816,1,0,0,-159,0,2071,2070,2070
3347,0,1,0,0,0,1,1,1,1,0x817,-1762,-658,0,484,25712,-692,0x816,1,1,1,-159,0,2071,2070,2070
3348,0,1,0,0,0,1,1,1,1,0x818,-2908,-1068,0,467,21700,-963,0x817,1,1,1,111,0,2072,2071,2071
3349,0,1,0,0,0,1,1,0,0,0x819,-2441,-1189,0,474,23316,-869,0x818,1,0,0,251,0,2073,2072,2072
3350,0,1,0,0,0,1,1,1,1,0x819,-2441,-1189,0,474,23316,-869,0x818,1,1,1,251,0,2073,2072,2072
3351,0,1,0,0,0,1,1,1,1,0x81a,-1369,-1442,0,491,27440,-574,0x819,1,1,1,252,0,2074,2073,2073
3352,0,1,0,0,0,1,0,1,0,0x81a,-1369,-1442,0,491,27440,-574,0x81a,1,1,1,202,0,2075,2074,2074
3353,0,1,0,0,0,1,1,1,1,0x81b,-2358,-379,0,475,23551,-848,0x81a,0,1,0,202,0,2075,2075,2075
3354,0,1,0,0,0,1,1,1,1,0x81c,-1403,-84,0,490,27191,-583,0x81b,1,1,1,78,0,2076,2075,2075
3355,0,1,0,0,0,1,1,1,1,0x81d,-1691,-555,0,486,26202,-677,0x81c,1,1,1,11,0,2077,2076,2076
3356,0,1,0,0,0,1,1,0,0,0x81e,-7870,137,0,389,8366,-1005,0x81d,1,0,0,91,0,2078,2077,2077
3357,0,1,0,0,0,1,1,1,1,0x81e,-7870,137,0,389,8366,-1005,0x81d,1,1,1,91,0,2078,2077,2077
3358,0,1,0,0,0,1,0,1,0,0x81e,-7870,137,0,389,8366,-1005,0x81e,1,1,1,-34,0,2079,2078,2078
3359,0,1,0,0,0,1,1,1,1,0x81f,-1856,-178,0,483,25468,-722,0x81e,0,1,0,-34,0,2079,2079,2079
3360,0,1,0,0,0,1,1,1,1,0x820,-2899,-66,0,467,21700,-960,0x81f,1,1,1,31,0,2080,2079,2079
3361,0,1,0,0,0,1,1,1,1,0x821,-3654,-585,0,455,19070,-1064,0x820,1,1,1,15,0,2081,2080,2080
3362,0,1,0,0,0,1,0,1,0,0x821,-3654,-585,0,455,19070,-1064,0x821,1,1,1,151,0,2082,2081,2081
3363,0,1,0,0,0,1,1,1,1,0x822,309,-1248,0,517,34047,160,0x821,0,0,0,151,0,2082,2082,2082
3364,0,1,0,0,0,1,1,1,1,0x823,-1005,-231,0,496,28693,-441,0x822,1,1,1,-49,0,2083,2082,2082
3365,0,1,0,0,0,1,1,1,1,0x824,-3497,852,0,457,19495,-1041,0x823,1,1,1,24,0,2084,2083,2083
3366,0,1,0,0,0,1,1,1,1,0x825,-1385,-205,0,490,27191,-575,0x824,1,1,1,-217,0,2085,2084,2084
3367,0,1,0,0,0,1,0,1,0,0x825,-1385,-205,0,490,27191,-575,0x825,1,1,1,28,0,2086,2085,2085
3368,0,1,0,0,0,1,1,1,1,0x826,-143,207,0,510,32256,-71,0x825,0,1,0,28,0,2086,2086,2086
3369,0,1,0,0,0,1,1,0,0,0x827,-2742,1133,0,469,22156,-927,0x826,1,0,0,-4,0,2087,2086,2086
3370,0,1,0,0,0,1,1,0,0,0x827,-2742,1133,0,469,22156,-927,0x826,1,0,0,-4,0,2087,2086,2086
3371,0,1,0,0,0,1,1,1,1,0x827,-2742,1133,0,469,22156,-927,0x826,1,1,1,-4,0,2087,2086,2086
3372,0,1,0,0,0,1,0,1,0,0x827,-2742,1133,0,469,22156,-927,0x827,1,1,1,-257,0,2088,2087,2087
3373,0,1,0,0,0,1,1,1,1,0x828,-2554,-798,0,472,22849,-891,0x827,0,1,0,-257,0,2088,2088,2088
3374,0,1,0,0,0,1,1,1,1,0x829,-4506,-545,0,442,16444,-1131,0x828,1,1,1,173,0,2089,2088,2088
3375,0,1,0,0,0,1,0,1,0,0x829,-4506,-545,0,442,16444,-1131,0x829,1,1,1,150,0,2090,2089,2089
3376,0,1,0,0,0,1,1,1,1,0x82a,-1380,556,0,490,27191,-573,0x829,0,1,0,150,0,2090,2090,2090
3377,0,1,0,0,0,1,0,0,0,0x82a,-1380,556,0,490,27191,-573,0x82a,1,0,0,-78,0,2091,2090,2090
3378,0,1,0,0,0,1,1,1,1,0x82b,303,949,0,517,34047,157,0x82a,1,1,1,-78,0,2091,2090,2090
3379,0,1,0,0,0,1,1,1,1,0x82c,-2209,-355,0,477,24025,-810,0x82b,1,1,1,36,0,2092,2091,2091
3380,0,1,0,0,0,1,1,1,1,0x82d,-789,-1380,0,500,29705,-358,0x82c,1,1,1,70,0,2093,2092,2092
3381,0,1,0,0,0,1,1,1,1,0x82e,-3613,104,0,456,19282,-1064,0x82d,1,1,1,120,0,2094,2093,2093
3382,0,1,0,0,0,1,0,1,0,0x82e,-3613,104,0,456,19282,-1064,0x82e,1,1,1,-28,0,2095,2094,2094
3383,0,1,0,0,0,1,1,1,1,0x82f,-1272,-1166,0,492,27689,-538,0x82e,0,1,0,-28,0,2095,2095,2095
3384,0,1,0,0,0,1,1,0,0,0x830,-1110,-908,0,495,28441,-482,0x82f,1,0,0,153,0,2096,2095,2095
3385,0,1,0,0,0,1,1,1,1,0x830,-1110,-908,0,495,28441,-482,0x82f,1,1,1,153,0,2096,2095,2095
3386,0,1,0,0,0,1,1,1,1,0x831,-1795,1004,0,484,25712,-705,0x830,1,1,1,106,0,2097,2096,2096
3387,0,1,0,0,0,1,0,1,0,0x831,-1795,1004,0,484,25712,-705,0x831,1,1,1,-173,0,2098,2097,2097
3388,0,1,0,0,0,1,1,1,1,0x832,-1370,-243,0,491,27440,-574,0x831,0,1,0,-173,0,2098,2098,2098
3389,0,1,0,0,0,1,1,1,1,0x833,-3243,-752,0,461,20362,-1008,0x832,1,1,1,34,0,2099,2098,2098
3390,0,1,0,0,0,1,0,1,0,0x833,-3243,-752,0,461,20362,-1008,0x833,1,1,1,185,0,2100,2099,2099
3391,0,1,0,0,0,1,1,1,1,0x834,753,2716,0,524,35831,411,0x833,0,0,0,185,0,2100,2100,2100
3392,0,1,0,0,0,1,0,0,0,0x834,753,2716,0,524,35831,411,0x834,1,0,0,272,0,2101,2100,2100
3393,0,1,0,0,0,1,0,1,0,0x834,753,2716,0,524,35831,411,0x834,1,1,1,272,0,2101,2100,2100
3394,0,1,0,0,0,1,1,1,1,0x835,48,-1092,0,513,33024,24,0x834,0,1,0,272,0,2101,2101,2101
3395,0,1,0,0,0,1,1,1,1,0x836,-388,433,0,506,31233,-185,0x835,1,1,1,-7,0,2102,2101,2101
3396,0,1,0,0,0,1,0,1,0,0x836,-388,433,0,506,31233,-185,0x836,1,1,1,-20,0,2103,2102,2102
3397,0,1,0,0,0,1,0,1,0,0x836,-388,433,0,506,31233,-185,0x836,0,1,0,-20,0,2103,2103,2103
3398,0,1,0,0,0,1,1,1,1,0x837,-2425,1880,0,474,23316,-863,0x836,0,0,0,-20,0,2103,2103,2103
3399,0,1,0,0,0,1,0,1,0,0x837,-2425,1880,0,474,23316,-863,0x837,1,1,1,-397,0,2104,2103,2103
3400,0,1,0,0,0,1,1,1,1,0x838,-3907,669,0,451,18236,-1088,0x837,0,1,0,-397,0,2104,2104,2104
3401,0,1,0,0,0,1,1,1,1,0x839,-11803,-1141,0,328,3500,-631,0x838,1,1,1,-178,0,2105,2104,2104
3402,0,1,0,0,0,1,0,1,0,0x839,-11803,-1141,0,328,3500,-631,0x839,1,1,1,175,0,2106,2105,2105
3403,0,1,0,0,0,1,1,1,1,0x83a,1099,-1133,0,529,37095,622,0x839,0,1,0,175,0,2106,2106,2106
3404,0,1,0,0,0,1,1,1,1,0x83b,-6942,-1119,0,404,10230,-1084,0x83a,1,1,1,-173,0,2107,2106,2106
3405,0,1,0,0,0,1,0,0,0,0x83b,-6942,-1119,0,404,10230,-1084,0x83b,1,0,0,296,0,2108,2107,2107
3406,0,1,0,0,0,1,1,1,1,0x83c,-3247,219,0,461,20362,-1009,0x83b,1,1,1,296,0,2108,2107,2107
3407,0,1,0,0,0,1,0,1,0,0x83c,-3247,219,0,461,20362,-1009,0x83c,1,1,1,-54,0,2109,2108,2108
3408,0,1,0,0,0,1,0,1,0,0x83c,-3247,219,0,461,20362,-1009,0x83c,0,1,0,-54,0,2109,2109,2109
3409,0,1,0,0,0,1,0,1,0,0x83c,-3247,219,0,461,20362,-1009,0x83c,0,1,0,-54,0,2109,2109,2109
3410,0,1,0,0,0,1,1,1,1,0x83d,-2042,139,0,480,24743,-771,0x83c,0,1,0,-54,0,2109,2109,2109
3411,0,1,0,0,0,1,0,1,0,0x83d,-2042,139,0,480,24743,-771,0x83d,1,1,1,-27,0,2110,2109,2109
3412,0,1,0,0,0,1,0,1,0,0x83d,-2042,139,0,480,24743,-771,0x83d,0,0,0,-27,0,2110,2110,2110
3413,0,1,0,0,0,1,1,1,1,0x83e,-1885,592,0,483,25468,-733,0x83d,0,1,0,-27,0,2110,2110,2110
3414,0,1,0,0,0,1,0,1,0,0x83e,-1885,592,0,483,25468,-733,0x83e,1,1,1,-106,0,2111,2110,2110
3415,0,1,0,0,0,1,1,1,1,0x83f,-3448,1990,0,458,19710,-1037,0x83e,0,0,0,-106,0,2111,2111,2111
3416,0,1,0,0,0,1,1,1,1,0x840,-3409,543,0,459,19926,-1037,0x83f,1,1,1,-504,0,2112,2111,2111
3417,0,1,0,0,0,1,0,1,0,0x840,-3409,543,0,459,19926,-1037,0x840,1,1,1,-138,0,2113,2112,2112
3418,0,1,0,0,0,1,1,1,1,0x841,-5864,1159,0,420,12579,-1126,0x840,0,1,0,-138,0,2113,2113,2113
3419,0,1,0,0,0,1,1,0,0,0x842,-3181,-11,0,462,20582,-1000,0x841,1,0,0,-319,0,2114,2113,2113
3420,0,1,0,0,0,1,1,1,1,0x842,-3181,-11,0,462,20582,-1000,0x841,1,1,1,-319,0,2114,2113,2113
3421,0,1,0,0,0,1,1,1,1,0x843,-1337,416,0,491,27440,-560,0x842,1,1,1,2,0,2115,2114,2114
3422,0,1,0,0,0,1,0,1,0,0x843,-1337,416,0,491,27440,-560,0x843,1,1,1,-57,0,2116,2115,2115
3423,0,1,0,0,0,1,0,1,0,0x843,-1337,416,0,491,27440,-560,0x843,0,1,0,-57,0,2116,2116,2116
3424,0,1,0,0,0,1,1,1,1,0x844,-2290,-332,0,476,23788,-832,0x843,0,1,0,-57,0,2116,2116,2116
3425,0,1,0,0,0,1,1,1,1,0x845,-1460,1633,0,489,26943,-601,0x844,1,1,1,67,0,2117,2116,2116
3426,0,1,0,0,0,1,0,0,0,0x845,-1460,1633,0,489,26943,-601,0x845,1,0,0,-240,0,2118,2117,2117
3427,0,1,0,0,0,1,0,1,0,0x845,-1460,1633,0,489,26943,-601,0x845,1,1,1,-240,0,2118,2117,2117
3428,0,1,0,0,0,1,1,1,1,0x846,-1757,170,0,485,25957,-696,0x845,0,1,0,-240,0,2118,2118,2118
3429,0,1,0,0,0,1,0,1,0,0x846,-1757,170,0,485,25957,-696,0x846,1,1,1,-29,0,2119,2118,2118
3430,0,1,0,0,0,1,1,1,1,0x847,-4899,-754,0,435,15134,-1132,0x846,0,1,0,-29,0,2119,2119,2119
3431,0,1,0,0,0,1,1,1,1,0x848,-1554,-559,0,488,26695,-633,0x847,1,1,1,208,0,2120,2119,2119
3432,0,1,0,0,0,1,0,1,0,0x848,-1554,-559,0,488,26695,-633,0x848,1,1,1,86,0,2121,2120,2120
3433,0,1,0,0,0,1,1,1,1,0x849,-2298,967,0,476,23788,-835,0x848,0,0,0,86,0,2121,2121,2121
3434,0,1,0,0,0,1,1,1,1,0x84a,-1525,627,0,488,26695,-622,0x849,1,1,1,-198,0,2122,2121,2121
3435,0,1,0,0,0,1,0,1,0,0x84a,-1525,627,0,488,26695,-622,0x84a,1,1,1,-96,0,2123,2122,2122
3436,0,1,0,0,0,1,1,1,1,0x84b,-1028,955,0,496,28693,-451,0x84a,0,1,0,-96,0,2123,2123,2123
3437,0,1,0,0,0,1,0,1,0,0x84b,-1028,955,0,496,28693,-451,0x84b,1,1,1,-106,0,2124,2123,2123
3438,0,1,0,0,0,1,0,1,0,0x84b,-1028,955,0,496,28693,-451,0x84b,0,0,0,-106,0,2124,2124,2124
3439,0,1,0,0,0,1,1,1,1,0x84c,-2095,-204,0,479,24502,-784,0x84b,0,1,0,-106,0,2124,2124,2124
3440,0,1,0,0,0,1,1,0,0,0x84d,-9942,315,0,357,5342,-811,0x84c,1,0,0,39,0,2125,2124,2124
3441,0,1,0,0,0,1,1,1,1,0x84d,-9942,315,0,357,5342,-811,0x84c,1,1,1,39,0,2125,2124,2124
3442,0,1,0,0,0,1,0,1,0,0x84d,-9942,315,0,357,5342,-811,0x84d,1,1,1,-63,0,2126,2125,2125
3443,0,1,0,0,0,1,0,1,0,0x84d,-9942,315,0,357,5342,-811,0x84d,0,1,0,-63,0,2126,2126,2126
3444,0,1,0,0,0,1,0,1,0,0x84d,-9942,315,0,357,5342,-811,0x84d,0,1,0,-63,0,2126,2126,2126
3445,0,1,0,0,0,1,1,1,1,0x84e,89,-700,0,513,33024,44,0x84d,0,1,0,-63,0,2126,2126,2126
3446,0,1,0,0,0,1,1,1,1,0x84f,-3658,-233,0,455,19070,-1065,0x84e,1,1,1,-8,0,2127,2126,2126
3447,0,1,0,0,0,1,0,0,0,0x84f,-3658,-233,0,455,19070,-1065,0x84f,1,0,0,60,0,2128,2127,2127
3448,0,1,0,0,0,1,1,1,1,0x850,-975,-410,0,497,28945,-431,0x84f,1,1,1,60,0,2128,2127,2127
3449,0,1,0,0,0,1,1,1,1,0x851,-431,21,0,505,30978,-204,0x850,1,1,1,43,0,2129,2128,2128
3450,0,1,0,0,0,1,0,1,0,0x851,-431,21,0,505,30978,-204,0x851,1,1,1,-2,0,2130,2129,2129
3451,0,1,0,0,0,1,1,1,1,0x852,-525,548,0,504,30723,-247,0x851,0,1,0,-2,0,2130,2130,2130
3452,0,1,0,0,0,1,0,1,0,0x852,-525,548,0,504,30723,-247,0x852,1,1,1,-34,0,2131,2130,2130
3453,0,1,0,0,0,1,0,1,0,0x852,-525,548,0,504,30723,-247,0x852,0,1,0,-34,0,2131,2131,2131
3454,0,1,0,0,0,1,1,1,1,0x853,-337,-135,0,507,31489,-162,0x852,0,0,0,-34,0,2131,2131,2131
3455,0,1,0,0,0,1,1,1,1,0x854,-1944,225,0,482,25226,-749,0x853,1,1,1,5,0,2132,2131,2131
3456,0,1,0,0,0,1,0,1,0,0x854,-1944,225,0,482,25226,-749,0x854,1,1,1,-42,0,2133,2132,2132
3457,0,1,0,0,0,1,0,1,0,0x854,-1944,225,0,482,25226,-749,0x854,0,1,0,-42,0,2133,2133,2133
3458,0,1,0,0,0,1,1,1,1,0x855,-1200,-713,0,493,27939,-512,0x854,0,1,0,-42,0,2133,2133,2133
3459,0,1,0,0,0,1,0,1,0,0x855,-1200,-713,0,493,27939,-512,0x855,1,1,1,89,0,2134,2133,2133
3460,0,1,0,0,0,1,0,1,0,0x855,-1200,-713,0,493,27939,-512,0x855,0,1,0,89,0,2134,2134,2134
3461,0,1,0,0,0,1,1,1,1,0x856,-1760,227,0,485,25957,-698,0x855,0,0,0,89,0,2134,2134,2134
3462,0,1,0,0,0,1,0,1,0,0x856,-1760,227,0,485,25957,-698,0x856,1,1,1,-39,0,2135,2134,2134
3463,0,1,0,0,0,1,1,1,1,0x857,-2572,-680,0,472,22849,-897,0x856,0,1,0,-39,0,2135,2135,2135
3464,0,1,0,0,0,1,1,1,1,0x858,-1526,-234,0,488,26695,-622,0x857,1,1,1,148,0,2136,2135,2135
3465,0,1,0,0,0,1,0,1,0,0x858,-1526,-234,0,488,26695,-622,0x858,1,1,1,35,0,2137,2136,2136
3466,0,1,0,0,0,1,1,1,1,0x859,-435,377,0,505,30978,-206,0x858,0,1,0,35,0,2137,2137,2137
3467,0,1,0,0,0,1,0,1,0,0x859,-435,377,0,505,30978,-206,0x859,1,1,1,-19,0,2138,2137,2137
3468,0,1,0,0,0,1,0,1,0,0x859,-435,377,0,505,30978,-206,0x859,0,0,0,-19,0,2138,2138,2138
3469,0,1,0,0,0,1,1,1,1,0x85a,-46,-373,0,511,32512,-23,0x859,0,1,0,-19,0,2138,2138,2138
3470,0,1,0,0,0,1,1,1,1,0x85b,-2584,-1935,0,472,22849,-901,0x85a,1,1,1,2,0,2139,2138,2138
3471,0,1,0,0,0,1,0,1,0,0x85b,-2584,-1935,0,472,22849,-901,0x85b,1,1,1,425,0,2140,2139,2139
3472,0,1,0,0,0,1,0,1,0,0x85b,-2584,-1935,0,472,22849,-901,0x85b,0,1,0,425,0,2140,2140,2140
3473,0,1,0,0,0,1,1,1,1,0x85c,-2098,-905,0,479,24502,-785,0x85b,0,1,0,425,0,2140,2140,2140
3474,0,1,0,0,0,1,0,1,0,0x85c,-2098,-905,0,479,24502,-785,0x85c,1,1,1,173,0,2141,2140,2140
3475,0,1,0,0,0,1,1,1,1,0x85d,-2845,374,0,468,21928,-952,0x85c,0,0,0,173,0,2141,2141,2141
3476,0,1,0,0,0,1,1,1,1,0x85e,-1838,2033,0,483,25468,-715,0x85d,1,1,1,-87,0,2142,2141,2141
3477,0,1,0,0,0,1,0,1,0,0x85e,-1838,2033,0,483,25468,-715,0x85e,1,1,1,-355,0,2143,2142,2142
3478,0,1,0,0,0,1,1,1,1,0x85f,-1734,1437,0,485,25957,-687,0x85e,0,1,0,-355,0,2143,2143,2143
3479,0,1,0,0,0,1,1,1,1,0x860,-3063,1611,0,464,21025,-983,0x85f,1,1,1,-242,0,2144,2143,2143
3480,0,1,0,0,0,1,0,1,0,0x860,-3063,1611,0,464,21025,-983,0x860,1,1,1,-387,0,2145,2144,2144
3481,0,1,0,0,0,1,1,1,1,0x861,-1967,158,0,481,24984,-750,0x860,0,1,0,-387,0,2145,2145,2145
3482,0,1,0,0,0,1,0,0,0,0x861,-1967,158,0,481,24984,-750,0x861,1,0,0,-29,0,2146,2145,2145
3483,0,1,0,0,0,1,0,1,0,0x861,-1967,158,0,481,24984,-750,0x861,1,1,1,-29,0,2146,2145,2145
3484,0,1,0,0,0,1,1,1,1,0x862,-5480,1329,0,426,13559,-1134,0x861,0,0,0,-29,0,2146,2146,2146
3485,0,1,0,0,0,1,1,1,1,0x863,-2690,1023,0,470,22386,-919,0x862,1,1,1,-368,0,2147,2146,2146
3486,0,1,0,0,0,1,0,1,0,0x863,-2690,1023,0,470,22386,-919,0x863,1,1,1,-230,0,2148,2147,2147
3487,0,1,0,0,0,1,0,1,0,0x863,-2690,1023,0,470,22386,-919,0x863,0,1,0,-230,0,2148,2148,2148
3488,0,1,0,0,0,1,1,1,1,0x864,-597,555,0,503,30468,-278,0x863,0,1,0,-230,0,2148,2148,2148
3489,0,1,0,0,0,1,0,0,0,0x864,-597,555,0,503,30468,-278,0x864,1,0,0,-38,0,2149,2148,2148
3490,0,1,0,0,0,1,1,1,1,0x865,-2560,1256,0,472,22849,-893,0x864,1,1,1,-38,0,2149,2148,2148
3491,0,1,0,0,0,1,1,1,1,0x866,-2096,619,0,479,24502,-784,0x865,1,1,1,-274,0,2150,2149,2149
3492,0,1,0,0,0,1,0,1,0,0x866,-2096,619,0,479,24502,-784,0x866,1,1,1,-119,0,2151,2150,2150
3493,0,1,0,0,0,1,1,1,1,0x867,-458,625,0,505,30978,-217,0x866,0,1,0,-119,0,2151,2151,2151
3494,0,1,0,0,0,1,0,1,0,0x867,-458,625,0,505,30978,-217,0x867,1,1,1,-34,0,2152,2151,2151
3495,0,1,0,0,0,1,0,1,0,0x867,-458,625,0,505,30978,-217,0x867,0,1,0,-34,0,2152,2152,2152
3496,0,1,0,0,0,1,1,1,1,0x868,-1128,-219,0,494,28190,-486,0x867,0,0,0,-34,0,2152,2152,2152
3497,0,1,0,0,0,1,0,1,0,0x868,-1128,-219,0,494,28190,-486,0x868,1,1,1,25,0,2153,2152,2152
3498,0,1,0,0,0,1,0,1,0,0x868,-1128,-219,0,494,28190,-486,0x868,0,1,0,25,0,2153,2153,2153
3499,0,1,0,0,0,1,1,1,1,0x869,-7244,-303,0,399,9574,-1059,0x868,0,1,0,25,0,2153,2153,2153
3500,0,1,0,0,0,1,1,1,1,0x86a,-1371,664,0,491,27440,-575,0x869,1,1,1,78,0,2154,2153,2153
3501,0,1,0,0,0,1,0,1,0,0x86a,-1371,664,0,491,27440,-575,0x86a,1,1,1,-94,0,2155,2154,2154
3502,0,1,0,0,0,1,0,1,0,0x86a,-1371,664,0,491,27440,-575,0x86a,0,1,0,-94,0,2155,2155,2155
3503,0,1,0,0,0,1,1,1,1,0x86b,-7051,-396,0,402,9964,-1073,0x86a,0,0,0,-94,0,2155,2155,2155
3504,0,1,0,0,0,1,0,1,0,0x86b,-7051,-396,0,402,9964,-1073,0x86b,1,1,1,103,0,2156,2155,2155
3505,0,1,0,0,0,1,1,1,1,0x86c,-13371,-376,0,303,2410,-492,0x86b,0,1,0,103,0,2156,2156,2156
3506,0,1,0,0,0,1,1,1,1,0x86d,-920,-206,0,498,29198,-410,0x86c,1,1,1,45,0,2157,2156,2156
3507,0,1,0,0,0,1,0,0,0,0x86d,-920,-206,0,498,29198,-410,0x86d,1,0,0,20,0,2158,2157,2157
3508,0,1,0,0,0,1,1,1,1,0x86e,-4399,635,0,443,16637,-1117,0x86d,1,1,1,20,0,2158,2157,2157
3509,0,1,0,0,0,1,1,1,1,0x86f,-3117,-7,0,463,20803,-990,0x86e,1,1,1,-174,0,2159,2158,2158
3510,0,1,0,0,0,1,0,0,0,0x86f,-3117,-7,0,463,20803,-990,0x86f,1,0,0,1,0,2160,2159,2159
3511,0,1,0,0,0,1,0,1,0,0x86f,-3117,-7,0,463,20803,-990,0x86f,1,1,1,1,0,2160,2159,2159
3512,0,1,0,0,0,1,0,1,0,0x86f,-3117,-7,0,463,20803,-990,0x86f,0,1,0,1,0,2160,2160,2160
3513,0,1,0,0,0,1,0,1,0,0x86f,-3117,-7,0,463,20803,-990,0x86f,0,1,0,1,0,2160,2160,2160
3514,0,1,0,0,0,1,1,1,1,0x870,-1391,1330,0,490,27191,-578,0x86f,0,1,0,1,0,2160,2160,2160
3515,0,1,0,0,0,1,1,1,1,0x871,-3710,-649,0,454,18859,-1068,0x870,1,1,1,-188,0,2161,2160,2160
3516,0,1,0,0,0,1,0,1,0,0x871,-3710,-649,0,454,18859,-1068,0x871,1,1,1,169,0,2162,2161,2161
3517,0,1,0,0,0,1,0,1,0,0x871,-3710,-649,0,454,18859,-1068,0x871,0,0,0,169,0,2162,2162,2162
3518,0,1,0,0,0,1,1,1,1,0x872,-100,-2001,0,510,32256,-50,0x871,0,1,0,169,0,2162,2162,2162
3519,0,1,0,0,0,1,0,1,0,0x872,-100,-2001,0,510,32256,-50,0x872,1,1,1,24,0,2163,2162,2162
3520,0,1,0,0,0,1,1,1,1,0x873,-2056,142,0,480,24743,-777,0x872,0,1,0,24,0,2163,2163,2163
3521,0,1,0,0,0,1,1,1,1,0x874,75,1426,0,513,33024,37,0x873,1,1,1,-27,0,2164,2163,2163
3522,0,1,0,0,0,1,0,1,0,0x874,75,1426,0,513,33024,37,0x874,1,1,1,12,0,2165,2164,2164
3523,0,1,0,0,0,1,1,1,1,0x875,-1503,-1043,0,489,26943,-618,0x874,0,1,0,12,0,2165,2165,2165
3524,0,1,0,0,0,1,1,0,0,0x876,-2167,-88,0,478,24263,-803,0x875,1,0,0,157,0,2166,2165,2165
3525,0,1,0,0,0,1,1,1,1,0x876,-2167,-88,0,478,24263,-803,0x875,1,1,1,157,0,2166,2165,2165
3526,0,1,0,0,0,1,1,1,1,0x877,-1587,-454,0,487,26448,-641,0x876,1,1,1,17,0,2167,2166,2166
3527,0,1,0,0,0,1,0,1,0,0x877,-1587,-454,0,487,26448,-641,0x877,1,1,1,71,0,2168,2167,2167
3528,0,1,0,0,0,1,0,1,0,0x877,-1587,-454,0,487,26448,-641,0x877,0,1,0,71,0,2168,2168,2168
3529,0,1,0,0,0,1,1,1,1,0x878,-2631,-526,0,471,22617,-908,0x877,0,1,0,71,0,2168,2168,2168
3530,0,1,0,0,0,1,1,0,0,0x879,-3682,360,0,454,18859,-1060,0x878,1,0,0,116,0,2169,2168,2168
3531,0,1,0,0,0,1,1,0,0,0x879,-3682,360,0,454,18859,-1060,0x878,1,0,0,116,0,2169,2168,2168
3532,0,1,0,0,0,1,1,1,1,0x879,-3682,360,0,454,18859,-1060,0x878,1,1,1,116,0,2169,2168,2168
3533,0,1,0,0,0,1,1,1,1,0x87a,-3562,-701,0,456,19282,-1049,0x879,1,1,1,-94,0,2170,2169,2169
3534,0,1,0,0,0,1,0,1,0,0x87a,-3562,-701,0,456,19282,-1049,0x87a,1,1,1,179,0,2171,2170,2170
3535,0,1,0,0,0,1,1,1,1,0x87b,-3111,1436,0,463,20803,-988,0x87a,0,1,0,179,0,2171,2171,2171
3536,0,1,0,0,0,1,1,1,1,0x87c,1795,4747,0,540,39824,1090,0x87b,1,1,1,-347,0,2172,2171,2171
3537,0,1,0,0,0,1,0,1,0,0x87c,1795,4747,0,540,39824,1090,0x87c,1,1,1,1263,0,2173,2172,2172
3538,0,1,0,0,0,1,1,1,1,0x87d,704,1062,0,523,35577,382,0x87c,0,0,0,1263,0,2173,2173,2173
3539,0,1,0,0,0,1,1,1,1,0x87e,-4073,-2125,0,448,17625,-1096,0x87d,1,1,1,99,0,2174,2173,2173
3540,0,1,0,0,0,1,0,1,0,0x87e,-4073,-2125,0,448,17625,-1096,0x87e,1,1,1,568,0,2175,2174,2174
3541,0,1,0,0,0,1,1,1,1,0x87f,-2312,370,0,476,23788,-840,0x87e,0,1,0,568,0,2175,2175,2175
3542,0,1,0,0,0,1,0,1,0,0x87f,-2312,370,0,476,23788,-840,0x87f,1,1,1,-76,0,2176,2175,2175
3543,0,1,0,0,0,1,1,1,1,0x880,-153,-103,0,510,32256,-76,0x87f,0,1,0,-76,0,2176,2176,2176
3544,0,1,0,0,0,1,1,1,1,0x881,-2876,-1297,0,467,21700,-953,0x880,1,1,1,1,0,2177,2176,2176
3545,0,1,0,0,0,1,0,0,0,0x881,-2876,-1297,0,467,21700,-953,0x881,1,0,0,301,0,2178,2177,2177
3546,0,1,0,0,0,1,1,1,1,0x882,-829,-204,0,499,29451,-373,0x881,1,1,1,301,0,2178,2177,2177
3547,0,1,0,0,0,1,0,1,0,0x882,-829,-204,0,499,29451,-373,0x882,1,1,1,18,0,2179,2178,2178
3548,0,1,0,0,0,1,1,1,1,0x883,-2270,459,0,477,24025,-833,0x882,0,1,0,18,0,2179,2179,2179
3549,0,1,0,0,0,1,1,1,1,0x884,167,509,0,515,33536,85,0x883,1,1,1,-94,0,2180,2179,2179
3550,0,1,0,0,0,1,1,1,1,0x885,-237,475,0,508,31744,-115,0x884,1,1,1,10,0,2181,2180,2180
3551,0,1,0,0,0,1,1,1,1,0x886,-2070,2718,0,480,24743,-782,0x885,1,1,1,-14,0,2182,2181,2181
3552,0,1,0,0,0,1,0,0,0,0x886,-2070,2718,0,480,24743,-782,0x886,1,0,0,-519,0,2183,2182,2182
3553,0,1,0,0,0,1,1,0,0,0x887,-1095,-596,0,495,28441,-476,0x886,1,0,0,-519,0,2183,2182,2182
3554,0,1,0,0,0,1,1,1,1,0x887,-1095,-596,0,495,28441,-476,0x886,1,1,1,-519,0,2183,2182,2182
3555,0,1,0,0,0,1,1,1,1,0x888,-991,895,0,497,28945,-438,0x887,1,1,1,69,0,2184,2183,2183
3556,0,1,0,0,0,1,1,1,1,0x889,-2544,2309,0,472,22849,-887,0x888,1,1,1,-96,0,2185,2184,2184
3557,0,1,0,0,0,1,0,1,0,0x889,-2544,2309,0,472,22849,-887,0x889,1,1,1,-501,0,2186,2185,2185
3558,0,1,0,0,0,1,1,1,1,0x88a,-19,-1534,0,512,32768,-10,0x889,0,1,0,-501,0,2186,2186,2186
3559,0,1,0,0,0,1,1,0,0,0x88b,-700,536,0,501,29959,-320,0x88a,1,0,0,3,0,2187,2186,2186
3560,0,1,0,0,0,1,1,1,1,0x88b,-700,536,0,501,29959,-320,0x88a,1,1,1,3,0,2187,2186,2186
3561,0,1,0,0,0,1,1,1,1,0x88c,-2872,973,0,467,21700,-951,0x88b,1,1,1,-42,0,2188,2187,2187
3562,0,1,0,0,0,1,0,1,0,0x88c,-2872,973,0,467,21700,-951,0x88c,1,1,1,-226,0,2189,2188,2188
3563,0,1,0,0,0,1,1,1,1,0x88d,-4473,1074,0,442,16444,-1123,0x88c,0,1,0,-226,0,2189,2189,2189
3564,0,1,0,0,0,1,1,1,1,0x88e,-2505,142,0,473,23082,-883,0x88d,1,1,1,-295,0,2190,2189,2189
3565,0,1,0,0,0,1,1,1,1,0x88f,-2832,-1600,0,468,21928,-948,0x88e,1,1,1,-31,0,2191,2190,2190
3566,0,1,0,0,0,1,1,0,0,0x890,332,-1378,0,517,34047,172,0x88f,1,0,0,370,0,2192,2191,2191
3567,0,1,0,0,0,1,1,1,1,0x890,332,-1378,0,517,34047,172,0x88f,1,1,1,370,0,2192,2191,2191
3568,0,1,0,0,0,1,1,1,1,0x891,-417,350,0,505,30978,-198,0x890,1,1,1,-58,0,2193,2192,2192
3569,0,1,0,0,0,1,1,1,1,0x892,-3911,-754,0,451,18236,-1089,0x891,1,1,1,-17,0,2194,2193,2193
3570,0,1,0,0,0,1,1,1,1,0x893,-14511,771,0,285,1836,-407,0x892,1,1,1,200,0,2195,2194,2194
3571,0,1,0,0,0,1,1,1,1,0x894,-137,753,0,510,32256,-68,0x893,1,1,1,-77,0,2196,2195,2195
3572,0,1,0,0,0,1,0,1,0,0x894,-137,753,0,510,32256,-68,0x894,1,1,1,-13,0,2197,2196,2196
3573,0,1,0,0,0,1,1,1,1,0x895,-2768,2546,0,469,22156,-936,0x894,0,0,0,-13,0,2197,2197,2197
3574,0,1,0,0,0,1,1,1,1,0x896,-4670,9,0,439,15873,-1132,0x895,1,1,1,-582,0,2198,2197,2197
3575,0,1,0,0,0,1,1,1,1,0x897,-5871,-292,0,420,12579,-1127,0x896,1,1,1,-3,0,2199,2198,2198
3576,0,1,0,0,0,1,1,0,0,0x898,-704,1660,0,501,29959,-322,0x897,1,0,0,80,0,2200,2199,2199
3577,0,1,0,0,0,1,1,1,1,0x898,-704,1660,0,501,29959,-322,0x897,1,1,1,80,0,2200,2199,2199
3578,0,1,0,0,0,1,1,1,1,0x899,-4083,-1044,0,448,17625,-1099,0x898,1,1,1,-131,0,2201,2200,2200
3579,0,1,0,0,0,1,0,1,0,0x899,-4083,-1044,0,448,17625,-1099,0x899,1,1,1,280,0,2202,2201,2201
3580,0,1,0,0,0,1,1,1,1,0x89a,1235,1264,0,531,37597,708,0x899,0,0,0,280,0,2202,2202,2202
3581,0,1,0,0,0,1,1,1,1,0x89b,-3884,239,0,451,18236,-1081,0x89a,1,1,1,218,0,2203,2202,2202
3582,0,1,0,0,0,1,0,1,0,0x89b,-3884,239,0,451,18236,-1081,0x89b,1,1,1,-64,0,2204,2203,2203
3583,0,1,0,0,0,1,1,1,1,0x89c,-2823,-876,0,468,21928,-945,0x89b,0,1,0,-64,0,2204,2204,2204
3584,0,1,0,0,0,1,1,1,1,0x89d,-1547,1351,0,488,26695,-631,0x89c,1,1,1,202,0,2205,2204,2204
3585,0,1,0,0,0,1,1,1,1,0x89e,-2161,-1072,0,478,24263,-801,0x89d,1,1,1,-209,0,2206,2205,2205
3586,0,1,0,0,0,1,1,1,1,0x89f,-5557,-611,0,425,13392,-1136,0x89e,1,1,1,209,0,2207,2206,2206
3587,0,1,0,0,0,1,0,0,0,0x89f,-5557,-611,0,425,13392,-1136,0x89f,1,0,0,169,0,2208,2207,2207
3588,0,1,0,0,0,1,1,1,1,0x8a0,-2263,-731,0,477,24025,-830,0x89f,1,1,1,169,0,2208,2207,2207
3589,0,1,0,0,0,1,1,1,1,0x8a1,-7300,-254,0,398,9447,-1053,0x8a0,1,1,1,148,0,2209,2208,2208
3590,0,1,0,0,0,1,1,1,1,0x8a2,-4914,-52,0,435,15134,-1135,0x8a1,1,1,1,65,0,2210,2209,2209
3591,0,1,0,0,0,1,1,1,1,0x8a3,-1182,1370,0,494,28190,-509,0x8a2,1,1,1,14,0,2211,2210,2210
3592,0,1,0,0,0,1,0,1,0,0x8a3,-1182,1370,0,494,28190,-509,0x8a3,1,1,1,-171,0,2212,2211,2211
3593,0,1,0,0,0,1,1,1,1,0x8a4,-1386,-341,0,490,27191,-576,0x8a3,0,1,0,-171,0,2212,2212,2212
3594,0,1,0,0,0,1,1,0,0,0x8a5,-4513,-1016,0,441,16252,-1120,0x8a4,1,0,0,47,0,2213,2212,2212
3595,0,1,0,0,0,1,1,1,1,0x8a5,-4513,-1016,0,441,16252,-1120,0x8a4,1,1,1,47,0,2213,2212,2212
3596,0,1,0,0,0,1,0,1,0,0x8a5,-4513,-1016,0,441,16252,-1120,0x8a5,1,1,1,277,0,2214,2213,2213
3597,0,1,0,0,0,1,0,1,0,0x8a5,-4513,-1016,0,441,16252,-1120,0x8a5,0,1,0,277,0,2214,2214,2214
3598,0,1,0,0,0,1,1,1,1,0x8a6,-1382,-1180,0,490,27191,-574,0x8a5,0,1,0,277,0,2214,2214,2214
3599,0,1,0,0,0,1,1,0,0,0x8a7,-1393,-1241,0,490,27191,-578,0x8a6,1,0,0,165,0,2215,2214,2214
3600,0,1,0,0,0,1,1,1,1,0x8a7,-1393,-1241,0,490,27191,-578,0x8a6,1,1,1,165,0,2215,2214,2214
3601,0,1,0,0,0,1,1,0,0,0x8a8,-940,405,0,497,28945,-416,0x8a7,1,0,0,175,0,2216,2215,2215
3602,0,1,0,0,0,1,1,1,1,0x8a8,-940,405,0,497,28945,-416,0x8a7,1,1,1,175,0,2216,2215,2215
3603,0,1,0,0,0,1,1,1,1,0x8a9,-2526,1133,0,473,23082,-890,0x8a8,1,1,1,-42,0,2217,2216,2216
3604,0,1,0,0,0,1,1,1,1,0x8aa,-8061,72,0,386,8030,-988,0x8a9,1,1,1,-247,0,2218,2217,2217
3605,0,1,0,0,0,1,1,1,1,0x8ab,-1622,-680,0,487,26448,-655,0x8aa,1,1,1,-18,0,2219,2218,2218
3606,0,1,0,0,0,1,1,1,1,0x8ac,-78,-114,0,511,32512,-39,0x8ab,1,1,1,108,0,2220,2219,2219
3607,0,1,0,0,0,1,0,1,0,0x8ac,-78,-114,0,511,32512,-39,0x8ac,1,1,1,1,0,2221,2220,2220
3608,0,1,0,0,0,1,1,1,1,0x8ad,-1373,-305,0,491,27440,-575,0x8ac,0,0,0,1,0,2221,2221,2221
3609,0,1,0,0,0,1,1,1,1,0x8ae,-5785,-1028,0,422,12899,-1139,0x8ad,1,1,1,42,0,2222,2221,2221
3610,0,1,0,0,0,1,1,1,1,0x8af,-2091,161,0,479,24502,-782,0x8ae,1,1,1,285,0,2223,2222,2222
3611,0,1,0,0,0,1,1,1,1,0x8b0,-1804,366,0,484,25712,-708,0x8af,1,1,1,-31,0,2224,2223,2223
3612,0,1,0,0,0,1,0,1,0,0x8b0,-1804,366,0,484,25712,-708,0x8b0,1,1,1,-64,0,2225,2224,2224
3613,0,1,0,0,0,1,0,1,0,0x8b0,-1804,366,0,484,25712,-708,0x8b0,0,1,0,-64,0,2225,2225,2225
3614,0,1,0,0,0,1,1,1,1,0x8b1,-3716,-1096,0,454,18859,-1070,0x8b0,0,1,0,-64,0,2225,2225,2225
3615,0,1,0,0,0,1,1,0,0,0x8b2,-1097,-654,0,495,28441,-477,0x8b1,1,0,0,286,0,2226,2225,2225
3616,0,1,0,0,0,1,1,1,1,0x8b2,-1097,-654,0,495,28441,-477,0x8b1,1,1,1,286,0,2226,2225,2225
3617,0,1,0,0,0,1,0,1,0,0x8b2,-1097,-654,0,495,28441,-477,0x8b2,1,1,1,76,0,2227,2226,2226
3618,0,1,0,0,0,1,1,1,1,0x8b3,-3597,-1859,0,456,19282,-1059,0x8b2,0,1,0,76,0,2227,2227,2227
3619,0,1,0,0,0,1,1,1,1,0x8b4,-1405,218,0,490,27191,-583,0x8b3,1,1,1,480,0,2228,2227,2227
3620,0,1,0,0,0,1,1,1,1,0x8b5,-2207,1732,0,478,24263,-818,0x8b4,1,1,1,-32,0,2229,2228,2228
3621,0,1,0,0,0,1,1,1,1,0x8b6,-3344,-386,0,460,20143,-1028,0x8b5,1,1,1,-346,0,2230,2229,2229
3622,0,1,0,0,0,1,0,0,0,0x8b6,-3344,-386,0,460,20143,-1028,0x8b6,1,0,0,96,0,2231,2230,2230
3623,0,1,0,0,0,1,1,1,1,0x8b7,-1668,1008,0,486,26202,-667,0x8b6,1,1,1,96,0,2231,2230,2230
3624,0,1,0,0,0,1,1,1,1,0x8b8,-3448,-1587,0,458,19710,-1037,0x8b7,1,1,1,-165,0,2232,2231,2231
3625,0,1,0,0,0,1,1,1,1,0x8b9,-625,2504,0,502,30213,-289,0x8b8,1,1,1,401,0,2233,2232,2232
3626,0,1,0,0,0,1,1,1,1,0x8ba,-1564,-373,0,488,26695,-638,0x8b9,1,1,1,-177,0,2234,2233,2233
3627,0,1,0,0,0,1,0,1,0,0x8ba,-1564,-373,0,488,26695,-638,0x8ba,1,1,1,58,0,2235,2234,2234
3628,0,1,0,0,0,1,1,1,1,0x8bb,-1543,-524,0,488,26695,-629,0x8ba,0,1,0,58,0,2235,2235,2235
3629,0,1,0,0,0,1,1,0,0,0x8bc,-1371,-825,0,491,27440,-575,0x8bb,1,0,0,80,0,2236,2235,2235
3630,0,1,0,0,0,1,1,1,1,0x8bc,-1371,-825,0,491,27440,-575,0x8bb,1,1,1,80,0,2236,2235,2235
3631,0,1,0,0,0,1,1,1,1,0x8bd,-1409,904,0,490,27191,-585,0x8bc,1,1,1,115,0,2237,2236,2236
3632,0,1,0,0,0,1,0,1,0,0x8bd,-1409,904,0,490,27191,-585,0x8bd,1,1,1,-130,0,2238,2237,2237
3633,0,1,0,0,0,1,1,1,1,0x8be,-6178,1059,0,415,11803,-1113,0x8bd,0,1,0,-130,0,2238,2238,2238
3634,0,1,0,0,0,1,1,1,1,0x8bf,268,-185,0,516,33792,138,0x8be,1,1,1,-288,0,2239,2238,2238
3635,0,1,0,0,0,1,1,1,1,0x8c0,-1267,-15,0,492,27689,-536,0x8bf,1,1,1,-7,0,2240,2239,2239
3636,0,1,0,0,0,1,1,0,0,0x8c1,-1836,373,0,483,25468,-714,0x8c0,1,0,0,1,0,2241,2240,2240
3637,0,1,0,0,0,1,1,1,1,0x8c1,-1836,373,0,483,25468,-714,0x8c0,1,1,1,1,0,2241,2240,2240
3638,0,1,0,0,0,1,1,1,1,0x8c2,-1245,838,0,493,27939,-531,0x8c1,1,1,1,-66,0,2242,2241,2241
3639,0,1,0,0,0,1,1,1,1,0x8c3,-2946,839,0,466,21474,-966,0x8c2,1,1,1,-109,0,2243,2242,2242
3640,0,1,0,0,0,1,1,1,1,0x8c4,-246,995,0,508,31744,-120,0x8c3,1,1,1,-198,0,2244,2243,2243
3641,0,1,0,0,0,1,1,1,1,0x8c5,-1916,56,0,482,25226,-738,0x8c4,1,1,1,-30,0,2245,2244,2244
3642,0,1,0,0,0,1,0,1,0,0x8c5,-1916,56,0,482,25226,-738,0x8c5,1,1,1,-11,0,2246,2245,2245
3643,0,1,0,0,0,1,1,1,1,0x8c6,202,701,0,515,33536,103,0x8c5,0,0,0,-11,0,2246,2246,2246
3644,0,1,0,0,0,1,1,1,1,0x8c7,-3547,25,0,457,19495,-1056,0x8c6,1,1,1,17,0,2247,2246,2246
3645,0,1,0,0,0,1,1,0,0,0x8c8,-1764,-871,0,484,25712,-693,0x8c7,1,0,0,-7,0,2248,2247,2247
3646,0,1,0,0,0,1,1,1,1,0x8c8,-1764,-871,0,484,25712,-693,0x8c7,1,1,1,-7,0,2248,2247,2247
3647,0,1,0,0,0,1,0,1,0,0x8c8,-1764,-871,0,484,25712,-693,0x8c8,1,1,1,147,0,2249,2248,2248
3648,0,1,0,0,0,1,1,1,1,0x8c9,-2834,-593,0,468,21928,-949,0x8c8,0,1,0,147,0,2249,2249,2249
3649,0,1,0,0,0,1,1,1,1,0x8ca,-3224,-670,0,462,20582,-1013,0x8c9,1,1,1,137,0,2250,2249,2249
3650,0,1,0,0,0,1,1,0,0,0x8cb,-2117,1144,0,479,24502,-792,0x8ca,1,0,0,165,0,2251,2250,2250
3651,0,1,0,0,0,1,1,1,1,0x8cb,-2117,1144,0,479,24502,-792,0x8ca,1,1,1,165,0,2251,2250,2250
3652,0,1,0,0,0,1,0,1,0,0x8cb,-2117,1144,0,479,24502,-792,0x8cb,1,1,1,-222,0,2252,2251,2251
3653,0,1,0,0,0,1,1,1,1,0x8cc,930,309,0,527,36591,519,0x8cb,0,1,0,-222,0,2252,2252,2252
3654,0,1,0,0,0,1,1,1,1,0x8cd,-742,1490,0,500,29705,-337,0x8cc,1,1,1,39,0,2253,2252,2252
3655,0,1,0,0,0,1,1,1,1,0x8ce,-3517,757,0,457,19495,-1047,0x8cd,1,1,1,-123,0,2254,2253,2253
3656,0,1,0,0,0,1,1,1,1,0x8cf,-998,-233,0,496,28693,-437,0x8ce,1,1,1,-194,0,2255,2254,2254
3657,0,1,0,0,0,1,0,0,0,0x8cf,-998,-233,0,496,28693,-437,0x8cf,1,0,0,24,0,2256,2255,2255
3658,0,1,0,0,0,1,1,1,1,0x8d0,-3929,814,0,451,18236,-1094,0x8cf,1,1,1,24,0,2256,2255,2255
3659,0,1,0,0,0,1,1,1,1,0x8d1,-2592,1172,0,472,22849,-904,0x8d0,1,1,1,-218,0,2257,2256,2256
3660,0,1,0,0,0,1,1,1,1,0x8d2,370,4621,0,518,34303,193,0x8d1,1,1,1,-259,0,2258,2257,2257
3661,0,1,0,0,0,1,1,1,1,0x8d3,-1512,-1186,0,488,26695,-616,0x8d2,1,1,1,217,0,2259,2258,2258
3662,0,1,0,0,0,1,0,1,0,0x8d3,-1512,-1186,0,488,26695,-616,0x8d3,1,1,1,178,0,2260,2259,2259
3663,0,1,0,0,0,1,1,1,1,0x8d4,-1370,178,0,491,27440,-574,0x8d3,0,1,0,178,0,2260,2260,2260
3664,0,1,0,0,0,1,0,0,0,0x8d4,-1370,178,0,491,27440,-574,0x8d4,1,0,0,-25,0,2261,2260,2260
3665,0,1,0,0,0,1,1,1,1,0x8d5,-1312,1578,0,492,27689,-555,0x8d4,1,1,1,-25,0,2261,2260,2260
3666,0,1,0,0,0,1,1,1,1,0x8d6,5,1626,0,512,32768,2,0x8d5,1,1,1,-214,0,2262,2261,2261
3667,0,1,0,0,0,1,0,1,0,0x8d6,5,1626,0,512,32768,2,0x8d6,1,1,1,0,0,2263,2262,2262
3668,0,1,0,0,0,1,1,1,1,0x8d7,-509,-1211,0,504,30723,-239,0x8d6,0,0,0,0,0,2263,2263,2263
3669,0,1,0,0,0,1,1,1,1,0x8d8,-2229,661,0,477,24025,-818,0x8d7,1,1,1,70,0,2264,2263,2263
3670,0,1,0,0,0,1,1,1,1,0x8d9,-2595,-111,0,471,22617,-896,0x8d8,1,1,1,-133,0,2265,2264,2264
3671,0,1,0,0,0,1,1,0,0,0x8da,-1930,1,0,482,25226,-743,0x8d9,1,0,0,24,0,2266,2265,2265
3672,0,1,0,0,0,1,1,1,1,0x8da,-1930,1,0,482,25226,-743,0x8d9,1,1,1,24,0,2266,2265,2265
3673,0,1,0,0,0,1,1,1,1,0x8db,-2407,-346,0,474,23316,-857,0x8da,1,1,1,-1,0,2267,2266,2266
3674,0,1,0,0,0,1,1,1,1,0x8dc,-3293,-1614,0,461,20362,-1024,0x8db,1,1,1,72,0,2268,2267,2267
3675,0,1,0,0,0,1,1,1,1,0x8dd,-1287,997,0,492,27689,-544,0x8dc,1,1,1,403,0,2269,2268,2268
3676,0,1,0,0,0,1,1,1,1,0x8de,-1431,-462,0,490,27191,-594,0x8dd,1,1,1,-133,0,2270,2269,2269
3677,0,1,0,0,0,1,0,1,0,0x8de,-1431,-462,0,490,27191,-594,0x8de,1,1,1,66,0,2271,2270,2270
3678,0,1,0,0,0,1,1,1,1,0x8df,-4451,-1031,0,442,16444,-1117,0x8de,0,0,0,66,0,2271,2271,2271
3679,0,1,0,0,0,1,1,1,1,0x8e0,565,-352,0,521,35068,302,0x8df,1,1,1,281,0,2272,2271,2271
3680,0,1,0,0,0,1,1,1,1,0x8e1,-1466,1243,0,489,26943,-603,0x8e0,1,1,1,-26,0,2273,2272,2272
3681,0,1,0,0,0,1,0,1,0,0x8e1,-1466,1243,0,489,26943,-603,0x8e1,1,1,1,-183,0,2274,2273,2273
3682,0,1,0,0,0,1,0,1,0,0x8e1,-1466,1243,0,489,26943,-603,0x8e1,0,1,0,-183,0,2274,2274,2274
3683,0,1,0,0,0,1,1,1,1,0x8e2,-2089,-1360,0,479,24502,-782,0x8e1,0,1,0,-183,0,2274,2274,2274
3684,0,1,0,0,0,1,1,1,1,0x8e3,-59,-1277,0,511,32512,-30,0x8e2,1,1,1,259,0,2275,2274,2274
3685,0,1,0,0,0,1,1,0,0,0x8e4,-115,-92,0,510,32256,-57,0x8e3,1,0,0,9,0,2276,2275,2275
3686,0,1,0,0,0,1,1,1,1,0x8e4,-115,-92,0,510,32256,-57,0x8e3,1,1,1,9,0,2276,2275,2275
3687,0,1,0,0,0,1,0,1,0,0x8e4,-115,-92,0,510,32256,-57,0x8e4,1,1,1,1,0,2277,2276,2276
3688,0,1,0,0,0,1,1,1,1,0x8e5,1270,36,0,532,37847,733,0x8e4,0,1,0,1,0,2277,2277,2277
3689,0,1,0,0,0,1,1,1,1,0x8e6,-3527,110,0,457,19495,-1050,0x8e5,1,1,1,6,0,2278,2277,2277
3690,0,1,0,0,0,1,1,1,1,0x8e7,-341,243,0,507,31489,-164,0x8e6,1,1,1,-29,0,2279,2278,2278
3691,0,1,0,0,0,1,1,0,0,0x8e8,-1232,1380,0,493,27939,-526,0x8e7,1,0,0,-10,0,2280,2279,2279
3692,0,1,0,0,0,1,1,0,0,0x8e8,-1232,1380,0,493,27939,-526,0x8e7,1,0,0,-10,0,2280,2279,2279
3693,0,1,0,0,0,1,1,1,1,0x8e8,-1232,1380,0,493,27939,-526,0x8e7,1,1,1,-10,0,2280,2279,2279
3694,0,1,0,0,0,1,1,1,1,0x8e9,-3656,-817,0,455,19070,-1064,0x8e8,1,1,1,-178,0,2281,2280,2280
3695,0,1,0,0,0,1,1,1,1,0x8ea,-617,-560,0,502,30213,-285,0x8e9,1,1,1,212,0,2282,2281,2281
3696,0,1,0,0,0,1,1,1,1,0x8eb,-1142,1875,0,494,28190,-492,0x8ea,1,1,1,38,0,2283,2282,2282
3697,0,1,0,0,0,1,0,1,0,0x8eb,-1142,1875,0,494,28190,-492,0x8eb,1,1,1,-226,0,2284,2283,2283
3698,0,1,0,0,0,1,0,1,0,0x8eb,-1142,1875,0,494,28190,-492,0x8eb,0,1,0,-226,0,2284,2284,2284
3699,0,1,0,0,0,1,1,1,1,0x8ec,-2506,528,0,473,23082,-883,0x8eb,0,0,0,-226,0,2284,2284,2284
3700,0,1,0,0,0,1,1,1,1,0x8ed,-9103,1566,0,370,6428,-893,0x8ec,1,1,1,-114,0,2285,2284,2284
3701,0,1,0,0,0,1,1,1,1,0x8ee,-2024,-59,0,480,24743,-765,0x8ed,1,1,1,-342,0,2286,2285,2285
3702,0,1,0,0,0,1,0,1,0,0x8ee,-2024,-59,0,480,24743,-765,0x8ee,1,1,1,11,0,2287,2286,2286
3703,0,1,0,0,0,1,1,1,1,0x8ef,-1654,-2530,0,486,26202,-662,0x8ee,0,1,0,11,0,2287,2287,2287
3704,0,1,0,0,0,1,1,1,1,0x8f0,-1261,-102,0,492,27689,-533,0x8ef,1,1,1,408,0,2288,2287,2287
3705,0,1,0,0,0,1,1,1,1,0x8f1,133,-566,0,514,33280,67,0x8f0,1,1,1,13,0,2289,2288,2288
3706,0,1,0,0,0,1,1,0,0,0x8f2,346,-833,0,517,34047,179,0x8f1,1,0,0,-10,0,2290,2289,2289
3707,0,1,0,0,0,1,1,1,1,0x8f2,346,-833,0,517,34047,179,0x8f1,1,1,1,-10,0,2290,2289,2289
3708,0,1,0,0,0,1,1,1,1,0x8f3,803,-1931,0,525,36085,442,0x8f2,1,1,1,-37,0,2291,2290,2290
3709,0,1,0,0,0,1,1,1,1,0x8f4,367,-611,0,518,34303,192,0x8f3,1,1,1,-209,0,2292,2291,2291
3710,0,1,0,0,0,1,1,1,1,0x8f5,-4220,-528,0,446,17226,-1110,0x8f4,1,1,1,-29,0,2293,2292,2292
3711,0,1,0,0,0,1,1,1,1,0x8f6,-1674,394,0,486,26202,-670,0x8f5,1,1,1,143,0,2294,2293,2293
3712,0,1,0,0,0,1,0,1,0,0x8f6,-1674,394,0,486,26202,-670,0x8f6,1,1,1,-65,0,2295,2294,2294
3713,0,1,0,0,0,1,1,1,1,0x8f7,-1873,-850,0,483,25468,-728,0x8f6,0,0,0,-65,0,2295,2295,2295
3714,0,1,0,0,0,1,1,0,0,0x8f8,-1880,203,0,483,25468,-731,0x8f7,1,0,0,151,0,2296,2295,2295
3715,0,1,0,0,0,1,1,1,1,0x8f8,-1880,203,0,483,25468,-731,0x8f7,1,1,1,151,0,2296,2295,2295
3716,0,1,0,0,0,1,1,1,1,0x8f9,-4146,-342,0,447,17425,-1103,0x8f8,1,1,1,-37,0,2297,2296,2296
3717,0,1,0,0,0,1,0,1,0,0x8f9,-4146,-342,0,447,17425,-1103,0x8f9,1,1,1,92,0,2298,2297,2297
3718,0,1,0,0,0,1,1,1,1,0x8fa,565,619,0,521,35068,302,0x8f9,0,1,0,92,0,2298,2298,2298
3719,0,1,0,0,0,1,1,1,1,0x8fb,-210,900,0,509,32000,-103,0x8fa,1,1,1,45,0,2299,2298,2298
3720,0,1,0,0,0,1,1,0,0,0x8fc,1107,-658,0,529,37095,626,0x8fb,1,0,0,-23,0,2300,2299,2299
3721,0,1,0,0,0,1,1,1,1,0x8fc,1107,-658,0,529,37095,626,0x8fb,1,1,1,-23,0,2300,2299,2299
3722,0,1,0,0,0,1,0,1,0,0x8fc,1107,-658,0,529,37095,626,0x8fc,1,1,1,-101,0,2301,2300,2300
3723,0,1,0,0,0,1,1,1,1,0x8fd,-892,159,0,498,29198,-398,0x8fc,0,1,0,-101,0,2301,2301,2301
3724,0,1,0,0,0,1,1,1,1,0x8fe,67,-75,0,513,33024,33,0x8fd,1,1,1,-16,0,2302,2301,2301
3725,0,1,0,0,0,1,1,1,1,0x8ff,-4176,-14,0,447,17425,-1111,0x8fe,1,1,1,-1,0,2303,2302,2302
3726,0,1,0,0,0,1,1,1,1,0x900,-2987,-673,0,465,21249,-969,0x8ff,1,1,1,3,0,2304,2303,2303
3727,0,1,0,0,0,1,0,0,0,0x900,-2987,-673,0,465,21249,-969,0x900,1,0,0,159,0,2305,2304,2304
3728,0,1,0,0,0,1,1,1,1,0x901,-731,-658,0,501,29959,-335,0x900,1,1,1,159,0,2305,2304,2304
3729,0,1,0,0,0,1,1,1,1,0x902,-2923,1842,0,466,21474,-958,0x901,1,1,1,53,0,2306,2305,2305
3730,0,1,0,0,0,1,1,1,1,0x903,-2174,632,0,478,24263,-805,0x902,1,1,1,-431,0,2307,2306,2306
3731,0,1,0,0,0,1,1,1,1,0x904,-3960,-1068,0,450,18031,-1090,0x903,1,1,1,-125,0,2308,2307,2307
3732,0,1,0,0,0,1,0,1,0,0x904,-3960,-1068,0,450,18031,-1090,0x904,1,1,1,284,0,2309,2308,2308
3733,0,1,0,0,0,1,1,1,1,0x905,957,197,0,527,36591,534,0x904,0,1,0,284,0,2309,2309,2309
3734,0,1,0,0,0,1,1,0,0,0x906,-2409,-1655,0,474,23316,-858,0x905,1,0,0,25,0,2310,2309,2309
3735,0,1,0,0,0,1,1,1,1,0x906,-2409,-1655,0,474,23316,-858,0x905,1,1,1,25,0,2310,2309,2309
3736,0,1,0,0,0,1,1,1,1,0x907,-3869,-946,0,452,18442,-1089,0x906,1,1,1,346,0,2311,2310,2310
3737,0,1,0,0,0,1,0,0,0,0x907,-3869,-946,0,452,18442,-1089,0x907,1,0,0,251,0,2312,2311,2311
3738,0,1,0,0,0,1,1,1,1,0x908,341,711,0,517,34047,177,0x907,1,1,1,251,0,2312,2311,2311
3739,0,1,0,0,0,1,1,1,1,0x909,-1006,-2647,0,496,28693,-441,0x908,1,1,1,30,0,2313,2312,2312
3740,0,1,0,0,0,1,1,1,1,0x90a,-8348,-1058,0,382,7600,-969,0x909,1,1,1,284,0,2314,2313,2313
3741,0,1,0,0,0,1,1,0,0,0x90b,-12532,1615,0,316,2928,-560,0x90a,1,0,0,250,0,2315,2314,2314
3742,0,1,0,0,0,1,1,1,1,0x90b,-12532,1615,0,316,2928,-560,0x90a,1,1,1,250,0,2315,2314,2314
3743,0,1,0,0,0,1,1,1,1,0x90c,-1762,-160,0,484,25712,-692,0x90b,1,1,1,-221,0,2316,2315,2315
3744,0,1,0,0,0,1,1,1,1,0x90d,-552,439,0,503,30468,-257,0x90c,1,1,1,27,0,2317,2316,2316
3745,0,1,0,0,0,1,1,1,1,0x90e,-1352,844,0,491,27440,-567,0x90d,1,1,1,-28,0,2318,2317,2317
3746,0,1,0,0,0,1,1,1,1,0x90f,-2226,-373,0,477,24025,-817,0x90e,1,1,1,-117,0,2319,2318,2318
3747,0,1,0,0,0,1,0,1,0,0x90f,-2226,-373,0,477,24025,-817,0x90f,1,1,1,74,0,2320,2319,2319
3748,0,1,0,0,0,1,1,1,1,0x910,-3398,-1913,0,459,19926,-1034,0x90f,0,0,0,74,0,2320,2320,2320
3749,0,1,0,0,0,1,0,1,0,0x910,-3398,-1913,0,459,19926,-1034,0x910,1,1,1,482,0,2321,2320,2320
3750,0,1,0,0,0,1,1,1,1,0x911,-2650,-36,0,471,22617,-915,0x910,0,1,0,482,0,2321,2321,2321
3751,0,1,0,0,0,1,1,1,1,0x912,-694,460,0,501,29959,-318,0x911,1,1,1,8,0,2322,2321,2321
3752,0,1,0,0,0,1,0,1,0,0x912,-694,460,0,501,29959,-318,0x912,1,1,1,-36,0,2323,2322,2322
3753,0,1,0,0,0,1,1,1,1,0x913,-584,-189,0,503,30468,-272,0x912,0,1,0,-36,0,2323,2323,2323
3754,0,1,0,0,0,1,1,1,1,0x914,-2890,-652,0,467,21700,-957,0x913,1,1,1,12,0,2324,2323,2323
3755,0,1,0,0,0,1,1,0,0,0x915,-2266,-711,0,477,24025,-831,0x914,1,0,0,152,0,2325,2324,2324
3756,0,1,0,0,0,1,1,1,1,0x915,-2266,-711,0,477,24025,-831,0x914,1,1,1,152,0,2325,2324,2324
3757,0,1,0,0,0,1,0,1,0,0x915,-2266,-711,0,477,24025,-831,0x915,1,1,1,144,0,2326,2325,2325
3758,0,1,0,0,0,1,1,1,1,0x916,-920,-315,0,498,29198,-410,0x915,0,1,0,144,0,2326,2326,2326
3759,0,1,0,0,0,1,1,1,1,0x917,-995,-337,0,496,28693,-436,0x916,1,1,1,31,0,2327,2326,2326
3760,0,1,0,0,0,1,1,0,0,0x918,-4479,-1307,0,442,16444,-1124,0x917,1,0,0,35,0,2328,2327,2327
3761,0,1,0,0,0,1,1,1,1,0x918,-4479,-1307,0,442,16444,-1124,0x917,1,1,1,35,0,2328,2327,2327
3762,0,1,0,0,0,1,0,0,0,0x918,-4479,-1307,0,442,16444,-1124,0x918,1,0,0,358,0,2329,2328,2328
3763,0,1,0,0,0,1,1,1,1,0x919,-1576,239,0,487,26448,-637,0x918,1,1,1,358,0,2329,2328,2328
3764,0,1,0,0,0,1,1,1,1,0x91a,-5084,1172,0,433,14773,-1147,0x919,1,1,1,-38,0,2330,2329,2329
3765,0,1,0,0,0,1,1,1,1,0x91b,-7386,1703,0,397,9321,-1051,0x91a,1,1,1,-329,0,2331,2330,2330
3766,0,1,0,0,0,1,0,1,0,0x91b,-7386,1703,0,397,9321,-1051,0x91b,1,1,1,-437,0,2332,2331,2331
3767,0,1,0,0,0,1,0,1,0,0x91b,-7386,1703,0,397,9321,-1051,0x91b,0,1,0,-437,0,2332,2332,2332
3768,0,1,0,0,0,1,1,1,1,0x91c,-3870,1345,0,452,18442,-1090,0x91b,0,1,0,-437,0,2332,2332,2332
3769,0,1,0,0,0,1,1,0,0,0x91d,-2749,67,0,469,22156,-930,0x91c,1,0,0,-358,0,2333,2332,2332
3770,0,1,0,0,0,1,1,1,1,0x91d,-2749,67,0,469,22156,-930,0x91c,1,1,1,-358,0,2333,2332,2332
3771,0,1,0,0,0,1,1,1,1,0x91e,-1271,710,0,492,27689,-537,0x91d,1,1,1,-16,0,2334,2333,2333
3772,0,1,0,0,0,1,0,1,0,0x91e,-1271,710,0,492,27689,-537,0x91e,1,1,1,-94,0,2335,2334,2334
3773,0,1,0,0,0,1,1,1,1,0x91f,-2489,1292,0,473,23082,-877,0x91e,0,1,0,-94,0,2335,2335,2335
3774,0,1,0,0,0,1,1,1,1,0x920,-2759,835,0,469,22156,-933,0x91f,1,1,1,-277,0,2336,2335,2335
3775,0,1,0,0,0,1,1,1,1,0x921,-3894,-402,0,451,18236,-1084,0x920,1,1,1,-191,0,2337,2336,2336
3776,0,1,0,0,0,1,1,0,0,0x922,57,703,0,513,33024,28,0x921,1,0,0,106,0,2338,2337,2337
3777,0,1,0,0,0,1,1,1,1,0x922,57,703,0,513,33024,28,0x921,1,1,1,106,0,2338,2337,2337
3778,0,1,0,0,0,1,1,1,1,0x923,-3112,316,0,463,20803,-988,0x922,1,1,1,4,0,2339,2338,2338
3779,0,1,0,0,0,1,1,1,1,0x924,-8287,574,0,383,7705,-975,0x923,1,1,1,-77,0,2340,2339,2339
3780,0,1,0,0,0,1,1,1,1,0x925,-2124,-239,0,479,24502,-795,0x924,1,1,1,-137,0,2341,2340,2340
3781,0,1,0,0,0,1,1,1,1,0x926,-477,458,0,505,30978,-226,0x925,1,1,1,46,0,2342,2341,2341
3782,0,1,0,0,0,1,0,1,0,0x926,-477,458,0,505,30978,-226,0x926,1,1,1,-26,0,2343,2342,2342
3783,0,1,0,0,0,1,0,1,0,0x926,-477,458,0,505,30978,-226,0x926,0,0,0,-26,0,2343,2343,2343
3784,0,1,0,0,0,1,1,1,1,0x927,-2223,454,0,477,24025,-815,0x926,0,1,0,-26,0,2343,2343,2343
3785,0,1,0,0,0,1,1,1,1,0x928,-3936,57,0,451,18236,-1096,0x927,1,1,1,-91,0,2344,2343,2343
3786,0,1,0,0,0,1,1,1,1,0x929,1063,665,0,529,37095,601,0x928,1,1,1,-16,0,2345,2344,2344
3787,0,1,0,0,0,1,0,1,0,0x929,1063,665,0,529,37095,601,0x929,1,1,1,97,0,2346,2345,2345
3788,0,1,0,0,0,1,1,1,1,0x92a,-3065,-599,0,464,21025,-984,0x929,0,1,0,97,0,2346,2346,2346
3789,0,1,0,0,0,1,1,1,1,0x92b,-4541,534,0,441,16252,-1127,0x92a,1,1,1,143,0,2347,2346,2346
3790,0,1,0,0,0,1,1,0,0,0x92c,-2028,1035,0,480,24743,-766,0x92b,1,0,0,-147,0,2348,2347,2347
3791,0,1,0,0,0,1,1,1,1,0x92c,-2028,1035,0,480,24743,-766,0x92b,1,1,1,-147,0,2348,2347,2347
3792,0,1,0,0,0,1,0,1,0,0x92c,-2028,1035,0,480,24743,-766,0x92c,1,1,1,-194,0,2349,2348,2348
3793,0,1,0,0,0,1,1,1,1,0x92d,-857,381,0,499,29451,-386,0x92c,0,1,0,-194,0,2349,2349,2349
3794,0,1,0,0,0,1,1,1,1,0x92e,-363,539,0,506,31233,-173,0x92d,1,1,1,-36,0,2350,2349,2349
3795,0,1,0,0,0,1,1,1,1,0x92f,-625,-530,0,502,30213,-289,0x92e,1,1,1,-23,0,2351,2350,2350
3796,0,1,0,0,0,1,1,1,1,0x930,-950,-523,0,497,28945,-420,0x92f,1,1,1,37,0,2352,2351,2351
3797,0,1,0,0,0,1,0,0,0,0x930,-950,-523,0,497,28945,-420,0x930,1,0,0,53,0,2353,2352,2352
3798,0,1,0,0,0,1,1,1,1,0x931,-1335,37,0,491,27440,-559,0x930,1,1,1,53,0,2353,2352,2352
3799,0,1,0,0,0,1,1,1,1,0x932,-1450,-679,0,489,26943,-597,0x931,1,1,1,-6,0,2354,2353,2353
3800,0,1,0,0,0,1,0,1,0,0x932,-1450,-679,0,489,26943,-597,0x932,1,1,1,98,0,2355,2354,2354
3801,0,1,0,0,0,1,1,1,1,0x933,-1885,832,0,483,25468,-733,0x932,0,1,0,98,0,2355,2355,2355
3802,0,1,0,0,0,1,0,1,0,0x933,-1885,832,0,483,25468,-733,0x933,1,1,1,-149,0,2356,2355,2355
3803,0,1,0,0,0,1,1,1,1,0x934,-1146,-713,0,494,28190,-493,0x933,0,1,0,-149,0,2356,2356,2356
3804,0,1,0,0,0,1,1,0,0,0x935,518,-1072,0,520,34813,275,0x934,1,0,0,85,0,2357,2356,2356
3805,0,1,0,0,0,1,1,1,1,0x935,518,-1072,0,520,34813,275,0x934,1,1,1,85,0,2357,2356,2356
3806,0,1,0,0,0,1,1,0,0,0x936,-3531,-1173,0,457,19495,-1051,0x935,1,0,0,-72,0,2358,2357,2357
3807,0,1,0,0,0,1,1,1,1,0x936,-3531,-1173,0,457,19495,-1051,0x935,1,1,1,-72,0,2358,2357,2357
3808,0,1,0,0,0,1,1,1,1,0x937,-1750,-61,0,485,25957,-694,0x936,1,1,1,300,0,2359,2358,2358
3809,0,1,0,0,0,1,1,1,1,0x938,-1336,1126,0,491,27440,-560,0x937,1,1,1,10,0,2360,2359,2359
3810,0,1,0,0,0,1,1,1,1,0x939,-703,142,0,501,29959,-322,0x938,1,1,1,-154,0,2361,2360,2360
3811,0,1,0,0,0,1,1,0,0,0x93a,-169,-7181,0,509,32000,-83,0x939,1,0,0,-12,0,2362,2361,2361
3812,0,1,0,0,0,1,1,1,1,0x93a,-169,-7181,0,509,32000,-83,0x939,1,1,1,-12,0,2362,2361,2361
3813,0,1,0,0,0,1,1,1,1,0x93b,-2363,-1594,0,475,23551,-850,0x93a,1,1,1,145,0,2363,2362,2362
3814,0,1,0,0,0,1,1,1,1,0x93c,-2599,703,0,471,22617,-897,0x93b,1,1,1,330,0,2364,2363,2363
3815,0,1,0,0,0,1,1,1,1,0x93d,-524,368,0,504,30723,-246,0x93c,1,1,1,-154,0,2365,2364,2364
3816,0,1,0,0,0,1,1,1,1,0x93e,-2929,-435,0,466,21474,-960,0x93d,1,1,1,-23,0,2366,2365,2365
3817,0,1,0,0,0,1,0,1,0,0x93e,-2929,-435,0,466,21474,-960,0x93e,1,1,1,101,0,2367,2366,2366
3818,0,1,0,0,0,1,1,1,1,0x93f,-1012,-548,0,496,28693,-444,0x93e,0,0,0,101,0,2367,2367,2367
3819,0,1,0,0,0,1,1,1,1,0x940,-14443,77,0,286,1864,-411,0x93f,1,1,1,59,0,2368,2367,2367
3820,0,1,0,0,0,1,1,1,1,0x941,-5769,1155,0,422,12899,-1136,0x940,1,1,1,-8,0,2369,2368,2368
3821,0,1,0,0,0,1,1,1,1,0x942,4,-717,0,512,32768,2,0x941,1,1,1,-321,0,2370,2369,2369
3822,0,1,0,0,0,1,0,1,0,0x942,4,-717,0,512,32768,2,0x942,1,1,1,-1,0,2371,2370,2370
3823,0,1,0,0,0,1,1,1,1,0x943,-4083,-709,0,448,17625,-1099,0x942,0,1,0,-1,0,2371,2371,2371
3824,0,1,0,0,0,1,1,1,1,0x944,-643,1436,0,502,30213,-297,0x943,1,1,1,190,0,2372,2371,2371
3825,0,1,0,0,0,1,1,0,0,0x945,388,3050,0,518,34303,203,0x944,1,0,0,-105,0,2373,2372,2372
3826,0,1,0,0,0,1,1,1,1,0x945,388,3050,0,518,34303,203,0x944,1,1,1,-105,0,2373,2372,2372
3827,0,1,0,0,0,1,0,1,0,0x945,388,3050,0,518,34303,203,0x945,1,1,1,151,0,2374,2373,2373
3828,0,1,0,0,0,1,1,1,1,0x946,-2545,-1338,0,472,22849,-888,0x945,0,1,0,151,0,2374,2374,2374
3829,0,1,0,0,0,1,1,0,0,0x947,-1803,-22,0,484,25712,-708,0x946,1,0,0,290,0,2375,2374,2374
3830,0,1,0,0,0,1,1,1,1,0x947,-1803,-22,0,484,25712,-708,0x946,1,1,1,290,0,2375,2374,2374
3831,0,1,0,0,0,1,1,1,1,0x948,-1696,-250,0,486,26202,-679,0x947,1,1,1,3,0,2376,2375,2375
3832,0,1,0,0,0,1,0,0,0,0x948,-1696,-250,0,486,26202,-679,0x948,1,0,0,41,0,2377,2376,2376
3833,0,1,0,0,0,1,1,1,1,0x949,-1835,1754,0,483,25468,-714,0x948,1,1,1,41,0,2377,2376,2376
3834,0,1,0,0,0,1,0,1,0,0x949,-1835,1754,0,483,25468,-714,0x949,1,1,1,-306,0,2378,2377,2377
3835,0,1,0,0,0,1,1,1,1,0x94a,-4484,-363,0,442,16444,-1126,0x949,0,1,0,-306,0,2378,2378,2378
3836,0,1,0,0,0,1,1,1,1,0x94b,-2503,-1023,0,473,23082,-882,0x94a,1,1,1,99,0,2379,2378,2378
3837,0,1,0,0,0,1,0,1,0,0x94b,-2503,-1023,0,473,23082,-882,0x94b,1,1,1,220,0,2380,2379,2379
3838,0,1,0,0,0,1,1,1,1,0x94c,-1969,290,0,481,24984,-751,0x94b,0,1,0,220,0,2380,2380,2380
3839,0,1,0,0,0,1,1,0,0,0x94d,-611,1702,0,502,30213,-282,0x94c,1,0,0,-54,0,2381,2380,2380
3840,0,1,0,0,0,1,1,1,1,0x94d,-611,1702,0,502,30213,-282,0x94c,1,1,1,-54,0,2381,2380,2380
3841,0,1,0,0,0,1,1,1,1,0x94e,-3062,828,0,464,21025,-983,0x94d,1,1,1,-118,0,2382,2381,2381
3842,0,1,0,0,0,1,0,1,0,0x94e,-3062,828,0,464,21025,-983,0x94e,1,1,1,-199,0,2383,2382,2382
3843,0,1,0,0,0,1,1,1,1,0x94f,-840,218,0,499,29451,-378,0x94e,0,1,0,-199,0,2383,2383,2383
3844,0,1,0,0,0,1,1,1,1,0x950,-1790,-1269,0,484,25712,-703,0x94f,1,1,1,-21,0,2384,2383,2383
3845,0,1,0,0,0,1,1,1,1,0x951,-2762,109,0,469,22156,-934,0x950,1,1,1,217,0,2385,2384,2384
3846,0,1,0,0,0,1,1,0,0,0x952,-2757,749,0,469,22156,-933,0x951,1,0,0,-25,0,2386,2385,2385
3847,0,1,0,0,0,1,1,1,1,0x952,-2757,749,0,469,22156,-933,0x951,1,1,1,-25,0,2386,2385,2385
3848,0,1,0,0,0,1,1,1,1,0x953,-4204,182,0,446,17226,-1106,0x952,1,1,1,-171,0,2387,2386,2386
3849,0,1,0,0,0,1,1,1,1,0x954,-2626,-585,0,471,22617,-907,0x953,1,1,1,-50,0,2388,2387,2387
3850,0,1,0,0,0,1,1,1,1,0x955,-1828,429,0,483,25468,-711,0x954,1,1,1,129,0,2389,2388,2388
3851,0,1,0,0,0,1,0,1,0,0x955,-1828,429,0,483,25468,-711,0x955,1,1,1,-75,0,2390,2389,2389
3852,0,1,0,0,0,1,0,1,0,0x955,-1828,429,0,483,25468,-711,0x955,0,0,0,-75,0,2390,2390,2390
3853,0,1,0,0,0,1,1,1,1,0x956,-962,-151,0,497,28945,-425,0x955,0,0,0,-75,0,2390,2390,2390
3854,0,1,0,0,0,1,1,1,1,0x957,-941,536,0,497,28945,-416,0x956,1,1,1,15,0,2391,2390,2390
3855,0,1,0,0,0,1,1,1,1,0x958,-1782,754,0,484,25712,-700,0x957,1,1,1,-55,0,2392,2391,2391
3856,0,1,0,0,0,1,1,1,1,0x959,-2866,-543,0,467,21700,-949,0x958,1,1,1,-129,0,2393,2392,2392
3857,0,1,0,0,0,1,0,1,0,0x959,-2866,-543,0,467,21700,-949,0x959,1,1,1,125,0,2394,2393,2393
3858,0,1,0,0,0,1,1,1,1,0x95a,-1675,7403,0,486,26202,-670,0x959,0,1,0,125,0,2394,2394,2394
3859,0,1,0,0,0,1,1,1,1,0x95b,-617,629,0,502,30213,-285,0x95a,1,1,1,-1211,0,2395,2394,2394
3860,0,1,0,0,0,1,1,0,0,0x95c,-345,-186,0,507,31489,-166,0x95b,1,0,0,-44,0,2396,2395,2395
3861,0,1,0,0,0,1,1,1,1,0x95c,-345,-186,0,507,31489,-166,0x95b,1,1,1,-44,0,2396,2395,2395
3862,0,1,0,0,0,1,0,1,0,0x95c,-345,-186,0,507,31489,-166,0x95c,1,1,1,7,0,2397,2396,2396
3863,0,1,0,0,0,1,1,1,1,0x95d,-1801,782,0,484,25712,-707,0x95c,0,1,0,7,0,2397,2397,2397
3864,0,1,0,0,0,1,1,1,1,0x95e,-675,43,0,501,29959,-309,0x95d,1,1,1,-135,0,2398,2397,2397
3865,0,1,0,0,0,1,1,1,1,0x95f,-1981,-1575,0,481,24984,-756,0x95e,1,1,1,-4,0,2399,2398,2398
3866,0,1,0,0,0,1,1,1,1,0x960,-4946,-183,0,435,15134,-1143,0x95f,1,1,1,290,0,2400,2399,2399
3867,0,1,0,0,0,1,0,0,0,0x960,-4946,-183,0,435,15134,-1143,0x960,1,0,0,51,0,2401,2400,2400
3868,0,1,0,0,0,1,0,1,0,0x960,-4946,-183,0,435,15134,-1143,0x960,1,1,1,51,0,2401,2400,2400
3869,0,1,0,0,0,1,1,1,1,0x961,-10340,-45,0,350,4830,-763,0x960,0,1,0,51,0,2401,2401,2401
3870,0,1,0,0,0,1,1,1,1,0x962,-2835,-863,0,468,21928,-949,0x961,1,1,1,8,0,2402,2401,2401
3871,0,1,0,0,0,1,1,1,1,0x963,-2487,-64,0,473,23082,-876,0x962,1,1,1,199,0,2403,2402,2402
3872,0,1,0,0,0,1,0,1,0,0x963,-2487,-64,0,473,23082,-876,0x963,1,1,1,13,0,2404,2403,2403
3873,0,1,0,0,0,1,1,1,1,0x964,-2616,1214,0,471,22617,-903,0x963,0,1,0,13,0,2404,2404,2404
3874,0,1,0,0,0,1,1,0,0,0x965,-424,-928,0,505,30978,-201,0x964,1,0,0,-268,0,2405,2404,2404
3875,0,1,0,0,0,1,1,0,0,0x965,-424,-928,0,505,30978,-201,0x964,1,0,0,-268,0,2405,2404,2404
3876,0,1,0,0,0,1,1,1,1,0x965,-424,-928,0,505,30978,-201,0x964,1,1,1,-268,0,2405,2404,2404
3877,0,1,0,0,0,1,0,1,0,0x965,-424,-928,0,505,30978,-201,0x965,1,1,1,45,0,2406,2405,2405
3878,0,1,0,0,0,1,1,1,1,0x966,-787,1403,0,500,29705,-357,0x965,0,1,0,45,0,2406,2406,2406
3879,0,1,0,0,0,1,1,1,1,0x967,-5576,-801,0,425,13392,-1140,0x966,1,1,1,-123,0,2407,2406,2406
3880,0,1,0,0,0,1,1,1,1,0x968,-596,-663,0,503,30468,-278,0x967,1,1,1,222,0,2408,2407,2407
3881,0,1,0,0,0,1,1,0,0,0x969,-1343,800,0,491,27440,-563,0x968,1,0,0,44,0,2409,2408,2408
3882,0,1,0,0,0,1,1,1,1,0x969,-1343,800,0,491,27440,-563,0x968,1,1,1,44,0,2409,2408,2408
3883,0,1,0,0,0,1,1,1,1,0x96a,826,-1013,0,525,36085,454,0x969,1,1,1,-110,0,2410,2409,2409
3884,0,1,0,0,0,1,1,1,1,0x96b,-43,-265,0,511,32512,-22,0x96a,1,1,1,-113,0,2411,2410,2410
3885,0,1,0,0,0,1,0,1,0,0x96b,-43,-265,0,511,32512,-22,0x96b,1,1,1,1,0,2412,2411,2411
3886,0,1,0,0,0,1,1,1,1,0x96c,-2331,-612,0,476,23788,-847,0x96b,0,1,0,1,0,2412,2412,2412
3887,0,1,0,0,0,1,0,1,0,0x96c,-2331,-612,0,476,23788,-847,0x96c,1,1,1,126,0,2413,2412,2412
3888,0,1,0,0,0,1,1,1,1,0x96d,-64,789,0,511,32512,-32,0x96c,0,0,0,126,0,2413,2413,2413
3889,0,1,0,0,0,1,1,1,1,0x96e,-3766,-84,0,453,18650,-1072,0x96d,1,1,1,-7,0,2414,2413,2413
3890,0,1,0,0,0,1,1,1,1,0x96f,-48,979,0,511,32512,-24,0x96e,1,1,1,21,0,2415,2414,2414
3891,0,1,0,0,0,1,1,1,1,0x970,-2546,816,0,472,22849,-888,0x96f,1,1,1,-6,0,2416,2415,2415
3892,0,1,0,0,0,1,0,1,0,0x970,-2546,816,0,472,22849,-888,0x970,1,1,1,-177,0,2417,2416,2416
3893,0,1,0,0,0,1,1,1,1,0x971,-4459,-324,0,442,16444,-1119,0x970,0,1,0,-177,0,2417,2417,2417
3894,0,1,0,0,0,1,1,1,1,0x972,177,554,0,515,33536,90,0x971,1,1,1,88,0,2418,2417,2417
3895,0,1,0,0,0,1,1,0,0,0x973,-1287,-128,0,492,27689,-544,0x972,1,0,0,12,0,2419,2418,2418
3896,0,1,0,0,0,1,1,1,1,0x973,-1287,-128,0,492,27689,-544,0x972,1,1,1,12,0,2419,2418,2418
3897,0,1,0,0,0,1,0,1,0,0x973,-1287,-128,0,492,27689,-544,0x973,1,1,1,17,0,2420,2419,2419
3898,0,1,0,0,0,1,1,1,1,0x974,-530,199,0,504,30723,-249,0x973,0,0,0,17,0,2420,2420,2420
3899,0,1,0,0,0,1,1,1,1,0x975,-3639,808,0,455,19070,-1059,0x974,1,1,1,-13,0,2421,2420,2420
3900,0,1,0,0,0,1,1,1,1,0x976,-1878,-617,0,483,25468,-730,0x975,1,1,1,-209,0,2422,2421,2421
3901,0,1,0,0,0,1,1,1,1,0x977,-3566,769,0,456,19282,-1050,0x976,1,1,1,109,0,2423,2422,2422
3902,0,1,0,0,0,1,0,0,0,0x977,-3566,769,0,456,19282,-1050,0x977,1,0,0,-198,0,2424,2423,2423
3903,0,1,0,0,0,1,1,1,1,0x978,372,1041,0,518,34303,194,0x977,1,1,1,-198,0,2424,2423,2423
3904,0,1,0,0,0,1,1,1,1,0x979,1264,-1073,0,532,37847,729,0x978,1,1,1,49,0,2425,2424,2424
3905,0,1,0,0,0,1,1,1,1,0x97a,-1443,372,0,489,26943,-594,0x979,1,1,1,-191,0,2426,2425,2425
3906,0,1,0,0,0,1,1,1,1,0x97b,-1151,-4,0,494,28190,-496,0x97a,1,1,1,-54,0,2427,2426,2426
3907,0,1,0,0,0,1,0,1,0,0x97b,-1151,-4,0,494,28190,-496,0x97b,1,1,1,0,0,2428,2427,2427
3908,0,1,0,0,0,1,1,1,1,0x97c,-551,-1340,0,503,30468,-257,0x97b,0,1,0,0,0,2428,2428,2428
3909,0,1,0,0,0,1,1,0,0,0x97d,-221,310,0,509,32000,-108,0x97c,1,0,0,84,0,2429,2428,2428
3910,0,1,0,0,0,1,1,1,1,0x97d,-221,310,0,509,32000,-108,0x97c,1,1,1,84,0,2429,2428,2428
3911,0,1,0,0,0,1,1,1,1,0x97e,-1402,467,0,490,27191,-582,0x97d,1,1,1,-9,0,2430,2429,2429
3912,0,1,0,0,0,1,0,1,0,0x97e,-1402,467,0,490,27191,-582,0x97e,1,1,1,-67,0,2431,2430,2430
3913,0,1,0,0,0,1,1,1,1,0x97f,-2464,449,0,474,23316,-877,0x97e,0,1,0,-67,0,2431,2431,2431
3914,0,1,0,0,0,1,1,1,1,0x980,-1143,288,0,494,28190,-492,0x97f,1,1,1,-97,0,2432,2431,2431
3915,0,1,0,0,0,1,1,1,1,0x981,-2702,3412,0,470,22386,-923,0x980,1,1,1,-35,0,2433,2432,2432
3916,0,1,0,0,0,1,1,0,0,0x982,-3450,23,0,458,19710,-1038,0x981,1,0,0,-769,0,2434,2433,2433
3917,0,1,0,0,0,1,1,1,1,0x982,-3450,23,0,458,19710,-1038,0x981,1,1,1,-769,0,2434,2433,2433
3918,0,1,0,0,0,1,1,1,1,0x983,-756,-914,0,500,29705,-343,0x982,1,1,1,-6,0,2435,2434,2434
3919,0,1,0,0,0,1,0,1,0,0x983,-756,-914,0,500,29705,-343,0x983,1,1,1,76,0,2436,2435,2435
3920,0,1,0,0,0,1,1,1,1,0x984,-3795,-77,0,453,18650,-1080,0x983,0,1,0,76,0,2436,2436,2436
3921,0,1,0,0,0,1,1,0,0,0x985,-2869,1057,0,467,21700,-950,0x984,1,0,0,20,0,2437,2436,2436
3922,0,1,0,0,0,1,1,1,1,0x985,-2869,1057,0,467,21700,-950,0x984,1,1,1,20,0,2437,2436,2436
3923,0,1,0,0,0,1,1,0,0,0x986,-1415,440,0,490,27191,-588,0x985,1,0,0,-246,0,2438,2437,2437
3924,0,1,0,0,0,1,1,1,1,0x986,-1415,440,0,490,27191,-588,0x985,1,1,1,-246,0,2438,2437,2437
3925,0,1,0,0,0,1,1,1,1,0x987,-3093,446,0,464,21025,-993,0x986,1,1,1,-64,0,2439,2438,2438
3926,0,1,0,0,0,1,1,1,1,0x988,-2021,-381,0,480,24743,-764,0x987,1,1,1,-109,0,2440,2439,2439
3927,0,1,0,0,0,1,0,1,0,0x988,-2021,-381,0,480,24743,-764,0x988,1,1,1,71,0,2441,2440,2440
3928,0,1,0,0,0,1,1,1,1,0x989,-1756,112,0,485,25957,-696,0x988,0,1,0,71,0,2441,2441,2441
3929,0,1,0,0,0,1,1,1,1,0x98a,1962,1161,0,543,40552,1214,0x989,1,1,1,-20,0,2442,2441,2441
3930,0,1,0,0,0,1,1,0,0,0x98b,-1287,667,0,492,27689,-544,0x98a,1,0,0,344,0,2443,2442,2442
3931,0,1,0,0,0,1,1,1,1,0x98b,-1287,667,0,492,27689,-544,0x98a,1,1,1,344,0,2443,2442,2442
3932,0,1,0,0,0,1,0,1,0,0x98b,-1287,667,0,492,27689,-544,0x98b,1,1,1,-89,0,2444,2443,2443
3933,0,1,0,0,0,1,1,1,1,0x98c,147,-765,0,514,33280,74,0x98b,0,1,0,-89,0,2444,2444,2444
3934,0,1,0,0,0,1,1,1,1,0x98d,-806,-429,0,499,29451,-363,0x98c,1,1,1,-14,0,2445,2444,2444
3935,0,1,0,0,0,1,1,1,1,0x98e,-2630,243,0,471,22617,-908,0x98d,1,1,1,38,0,2446,2445,2445
3936,0,1,0,0,0,1,0,1,0,0x98e,-2630,243,0,471,22617,-908,0x98e,1,1,1,-54,0,2447,2446,2446
3937,0,1,0,0,0,1,0,1,0,0x98e,-2630,243,0,471,22617,-908,0x98e,0,0,0,-54,0,2447,2447,2447
3938,0,1,0,0,0,1,1,1,1,0x98f,-2004,1470,0,481,24984,-764,0x98e,0,1,0,-54,0,2447,2447,2447
3939,0,1,0,0,0,1,1,1,1,0x990,-1426,778,0,490,27191,-592,0x98f,1,1,1,-275,0,2448,2447,2447
3940,0,1,0,0,0,1,1,1,1,0x991,-3543,1675,0,457,19495,-1054,0x990,1,1,1,-113,0,2449,2448,2448
3941,0,1,0,0,0,1,1,1,1,0x992,-1028,857,0,496,28693,-451,0x991,1,1,1,-432,0,2450,2449,2449
3942,0,1,0,0,0,1,0,1,0,0x992,-1028,857,0,496,28693,-451,0x992,1,1,1,-95,0,2451,2450,2450
3943,0,1,0,0,0,1,1,1,1,0x993,-1036,-1485,0,496,28693,-454,0x992,0,1,0,-95,0,2451,2451,2451
3944,0,1,0,0,0,1,1,0,0,0x994,-9309,342,0,367,6161,-876,0x993,1,0,0,164,0,2452,2451,2451
3945,0,1,0,0,0,1,1,1,1,0x994,-9309,342,0,367,6161,-876,0x993,1,1,1,164,0,2452,2451,2451
3946,0,1,0,0,0,1,1,1,1,0x995,-588,-1395,0,503,30468,-274,0x994,1,1,1,-74,0,2453,2452,2452
3947,0,1,0,0,0,1,0,1,0,0x995,-588,-1395,0,503,30468,-274,0x995,1,1,1,93,0,2454,2453,2453
3948,0,1,0,0,0,1,1,1,1,0x996,-1199,-2115,0,493,27939,-512,0x995,0,1,0,93,0,2454,2454,2454
3949,0,1,0,0,0,1,1,1,1,0x997,-1613,-1593,0,487,26448,-651,0x996,1,1,1,264,0,2455,2454,2454
3950,0,1,0,0,0,1,1,1,1,0x998,732,189,0,523,35577,397,0x997,1,1,1,253,0,2456,2455,2455
3951,0,1,0,0,0,1,1,0,0,0x999,-485,28,0,504,30723,-228,0x998,1,0,0,18,0,2457,2456,2456
3952,0,1,0,0,0,1,1,1,1,0x999,-485,28,0,504,30723,-228,0x998,1,1,1,18,0,2457,2456,2456
3953,0,1,0,0,0,1,0,1,0,0x999,-485,28,0,504,30723,-228,0x999,1,1,1,-2,0,2458,2457,2457
3954,0,1,0,0,0,1,1,1,1,0x99a,589,1459,0,521,35068,315,0x999,0,1,0,-2,0,2458,2458,2458
3955,0,1,0,0,0,1,1,1,1,0x99b,-2348,-241,0,475,23551,-844,0x99a,1,1,1,112,0,2459,2458,2458
3956,0,1,0,0,0,1,1,1,1,0x99c,-2697,1096,0,470,22386,-922,0x99b,1,1,1,49,0,2460,2459,2459
3957,0,1,0,0,0,1,0,1,0,0x99c,-2697,1096,0,470,22386,-922,0x99c,1,1,1,-247,0,2461,2460,2460
3958,0,1,0,0,0,1,1,1,1,0x99d,-1654,-957,0,486,26202,-662,0x99c,0,0,0,-247,0,2461,2461,2461
3959,0,1,0,0,0,1,1,1,1,0x99e,-442,-410,0,505,30978,-209,0x99d,1,1,1,154,0,2462,2461,2461
3960,0,1,0,0,0,1,1,1,1,0x99f,-1361,553,0,491,27440,-570,0x99e,1,1,1,20,0,2463,2462,2462
3961,0,1,0,0,0,1,1,1,1,0x9a0,-1747,1487,0,485,25957,-692,0x99f,1,1,1,-77,0,2464,2463,2463
3962,0,1,0,0,0,1,0,1,0,0x9a0,-1747,1487,0,485,25957,-692,0x9a0,1,1,1,-252,0,2465,2464,2464
3963,0,1,0,0,0,1,1,1,1,0x9a1,-2473,613,0,473,23082,-871,0x9a0,0,1,0,-252,0,2465,2465,2465
3964,0,1,0,0,0,1,1,1,1,0x9a2,-4240,1169,0,446,17226,-1115,0x9a1,1,1,1,-131,0,2466,2465,2465
3965,0,1,0,0,0,1,1,0,0,0x9a3,-2467,363,0,473,23082,-869,0x9a2,1,0,0,-319,0,2467,2466,2466
3966,0,1,0,0,0,1,1,1,1,0x9a3,-2467,363,0,473,23082,-869,0x9a2,1,1,1,-319,0,2467,2466,2466
3967,0,1,0,0,0,1,0,0,0,0x9a3,-2467,363,0,473,23082,-869,0x9a3,1,0,0,-78,0,2468,2467,2467
3968,0,1,0,0,0,1,1,1,1,0x9a4,-1783,-1369,0,484,25712,-700,0x9a3,1,1,1,-78,0,2468,2467,2467
3969,0,1,0,0,0,1,1,1,1,0x9a5,-6714,400,0,407,10642,-1091,0x9a4,1,1,1,233,0,2469,2468,2468
3970,0,1,0,0,0,1,0,1,0,0x9a5,-6714,400,0,407,10642,-1091,0x9a5,1,1,1,-107,0,2470,2469,2469
3971,0,1,0,0,0,1,1,1,1,0x9a6,-131,632,0,510,32256,-65,0x9a5,0,1,0,-107,0,2470,2470,2470
3972,0,1,0,0,0,1,0,0,0,0x9a6,-131,632,0,510,32256,-65,0x9a6,1,0,0,-11,0,2471,2470,2470
3973,0,1,0,0,0,1,1,1,1,0x9a7,-543,348,0,504,30723,-255,0x9a6,1,1,1,-11,0,2471,2470,2470
3974,0,1,0,0,0,1,1,1,1,0x9a8,-2668,232,0,470,22386,-912,0x9a7,1,1,1,-22,0,2472,2471,2471
3975,0,1,0,0,0,1,1,1,1,0x9a9,-3004,-758,0,465,21249,-974,0x9a8,1,1,1,-52,0,2473,2472,2472
3976,0,1,0,0,0,1,1,1,1,0x9aa,-1968,574,0,481,24984,-751,0x9a9,1,1,1,180,0,2474,2473,2473
3977,0,1,0,0,0,1,0,1,0,0x9aa,-1968,574,0,481,24984,-751,0x9aa,1,1,1,-106,0,2475,2474,2474
3978,0,1,0,0,0,1,1,1,1,0x9ab,-2931,250,0,466,21474,-961,0x9aa,0,1,0,-106,0,2475,2475,2475
3979,0,1,0,0,0,1,1,0,0,0x9ac,-2920,-504,0,466,21474,-957,0x9ab,1,0,0,-59,0,2476,2475,2475
3980,0,1,0,0,0,1,1,1,1,0x9ac,-2920,-504,0,466,21474,-957,0x9ab,1,1,1,-59,0,2476,2475,2475
3981,0,1,0,0,0,1,1,1,1,0x9ad,-1668,1101,0,486,26202,-667,0x9ac,1,1,1,117,0,2477,2476,2476
3982,0,1,0,0,0,1,0,1,0,0x9ad,-1668,1101,0,486,26202,-667,0x9ad,1,1,1,-180,0,2478,2477,2477
3983,0,1,0,0,0,1,1,1,1,0x9ae,2951,-689,0,558,44062,1984,0x9ad,0,1,0,-180,0,2478,2478,2478
3984,0,1,0,0,0,1,1,1,1,0x9af,-1171,2259,0,494,28190,-504,0x9ae,1,1,1,-334,0,2479,2478,2478
3985,0,1,0,0,0,1,1,1,1,0x9b0,-2892,746,0,467,21700,-958,0x9af,1,1,1,-278,0,2480,2479,2479
3986,0,1,0,0,0,1,1,0,0,0x9b1,-289,-731,0,507,31489,-139,0x9b0,1,0,0,-175,0,2481,2480,2480
3987,0,1,0,0,0,1,1,1,1,0x9b1,-289,-731,0,507,31489,-139,0x9b0,1,1,1,-175,0,2481,2480,2480
3988,0,1,0,0,0,1,1,1,1,0x9b2,-1589,-748,0,487,26448,-642,0x9b1,1,1,1,24,0,2482,2481,2481
3989,0,1,0,0,0,1,1,1,1,0x9b3,-1172,1013,0,494,28190,-505,0x9b2,1,1,1,117,0,2483,2482,2482
3990,0,1,0,0,0,1,1,0,0,0x9b4,-3622,762,0,455,19070,-1054,0x9b3,1,0,0,-125,0,2484,2483,2483
3991,0,1,0,0,0,1,1,1,1,0x9b4,-3622,762,0,455,19070,-1054,0x9b3,1,1,1,-125,0,2484,2483,2483
3992,0,1,0,0,0,1,0,1,0,0x9b4,-3622,762,0,455,19070,-1054,0x9b4,1,1,1,-197,0,2485,2484,2484
3993,0,1,0,0,0,1,1,1,1,0x9b5,-2306,1131,0,476,23788,-838,0x9b4,0,0,0,-197,0,2485,2485,2485
3994,0,1,0,0,0,1,1,1,1,0x9b6,-2231,-26,0,477,24025,-818,0x9b5,1,1,1,-232,0,2486,2485,2485
3995,0,1,0,0,0,1,1,1,1,0x9b7,-872,1383,0,498,29198,-389,0x9b6,1,1,1,5,0,2487,2486,2486
3996,0,1,0,0,0,1,1,1,1,0x9b8,-409,-421,0,506,31233,-195,0x9b7,1,1,1,-132,0,2488,2487,2487
3997,0,1,0,0,0,1,0,1,0,0x9b8,-409,-421,0,506,31233,-195,0x9b8,1,1,1,20,0,2489,2488,2488
3998,0,1,0,0,0,1,1,1,1,0x9b9,-2794,1099,0,468,21928,-935,0x9b8,0,1,0,20,0,2489,2489,2489
3999,0,1,0,0,0,1,1,1,1,0x9ba,-1222,160,0,493,27939,-521,0x9b9,1,1,1,-251,0,2490,2489,2489
4000,0,1,0,0,0,1,1,0,0,0x9bb,-13352,-328,0,303,2410,-492,0x9ba,1,0,0,-21,0,2491,2490,2490
4001,0,1,0,0,0,1,1,1,1,0x9bb,-13352,-328,0,303,2410,-492,0x9ba,1,1,1,-21,0,2491,2490,2490
4002,0,1,0,0,0,1,0,1,0,0x9bb,-13352,-328,0,303,2410,-492,0x9bb,1,1,1,39,0,2492,2491,2491
4003,0,1,0,0,0,1,1,1,1,0x9bc,-2020,1503,0,480,24743,-763,0x9bb,0,1,0,39,0,2492,2492,2492
4004,0,1,0,0,0,1,0,1,0,0x9bc,-2020,1503,0,480,24743,-763,0x9bc,1,1,1,-280,0,2493,2492,2492
4005,0,1,0,0,0,1,1,1,1,0x9bd,681,711,0,523,35577,369,0x9bc,0,1,0,-280,0,2493,2493,2493
4006,0,1,0,0,0,1,1,1,1,0x9be,-1045,-539,0,496,28693,-458,0x9bd,1,1,1,64,0,2494,2493,2493
4007,0,1,0,0,0,1,0,0,0,0x9be,-1045,-539,0,496,28693,-458,0x9be,1,0,0,60,0,2495,2494,2494
4008,0,1,0,0,0,1,1,1,1,0x9bf,-1111,-403,0,495,28441,-483,0x9be,1,1,1,60,0,2495,2494,2494
4009,0,1,0,0,0,1,1,1,1,0x9c0,-1108,-515,0,495,28441,-481,0x9bf,1,1,1,47,0,2496,2495,2495
4010,0,1,0,0,0,1,1,1,1,0x9c1,-1117,-1149,0,495,28441,-485,0x9c0,1,1,1,60,0,2497,2496,2496
4011,0,1,0,0,0,1,1,1,1,0x9c2,16,-1086,0,512,32768,8,0x9c1,1,1,1,136,0,2498,2497,2497
4012,0,1,0,0,0,1,0,1,0,0x9c2,16,-1086,0,512,32768,8,0x9c2,1,1,1,-3,0,2499,2498,2498
4013,0,1,0,0,0,1,1,1,1,0x9c3,-1791,-1291,0,484,25712,-703,0x9c2,0,0,0,-3,0,2499,2499,2499
4014,0,1,0,0,0,1,1,0,0,0x9c4,-2970,1418,0,466,21474,-974,0x9c3,1,0,0,221,0,2500,2499,2499
4015,0,1,0,0,0,1,1,1,1,0x9c4,-2970,1418,0,466,21474,-974,0x9c3,1,1,1,221,0,2500,2499,2499
4016,0,1,0,0,0,1,1,1,1,0x9c5,771,-408,0,524,35831,421,0x9c4,1,1,1,-338,0,2501,2500,2500
4017,0,1,0,0,0,1,0,0,0,0x9c5,771,-408,0,524,35831,421,0x9c5,1,0,0,-42,0,2502,2501,2501
4018,0,1,0,0,0,1,1,1,1,0x9c6,-2869,320,0,467,21700,-950,0x9c5,1,1,1,-42,0,2502,2501,2501
4019,0,1,0,0,0,1,1,1,1,0x9c7,1415,359,0,534,38345,827,0x9c6,1,1,1,-75,0,2503,2502,2502
4020,0,1,0,0,0,1,1,1,1,0x9c8,-2154,1408,0,478,24263,-798,0x9c7,1,1,1,72,0,2504,2503,2503
4021,0,1,0,0,0,1,0,0,0,0x9c8,-2154,1408,0,478,24263,-798,0x9c8,1,0,0,-275,0,2505,2504,2504
4022,0,1,0,0,0,1,0,0,0,0x9c8,-2154,1408,0,478,24263,-798,0x9c8,1,0,0,-275,0,2505,2504,2504
4023,0,1,0,0,0,1,1,1,1,0x9c9,-2908,-975,0,467,21700,-963,0x9c8,1,1,1,-275,0,2505,2504,2504
4024,0,1,0,0,0,1,1,1,1,0x9ca,-803,719,0,499,29451,-361,0x9c9,1,1,1,229,0,2506,2505,2505
4025,0,1,0,0,0,1,1,1,1,0x9cb,-4032,-1616,0,449,17827,-1097,0x9ca,1,1,1,-64,0,2507,2506,2506
4026,0,1,0,0,0,1,1,1,1,0x9cc,-138,2046,0,510,32256,-68,0x9cb,1,1,1,432,0,2508,2507,2507
4027,0,1,0,0,0,1,0,0,0,0x9cc,-138,2046,0,510,32256,-68,0x9cc,1,0,0,-34,0,2509,2508,2508
4028,0,1,0,0,0,1,1,0,0,0x9cd,-2891,556,0,467,21700,-958,0x9cc,1,0,0,-34,0,2509,2508,2508
4029,0,1,0,0,0,1,1,1,1,0x9cd,-2891,556,0,467,21700,-958,0x9cc,1,1,1,-34,0,2509,2508,2508
4030,0,1,0,0,0,1,1,1,1,0x9ce,-4009,-909,0,449,17827,-1091,0x9cd,1,1,1,-131,0,2510,2509,2509
4031,0,1,0,0,0,1,1,1,1,0x9cf,-2741,215,0,469,22156,-927,0x9ce,1,1,1,242,0,2511,2510,2510
4032,0,1,0,0,0,1,0,0,0,0x9cf,-2741,215,0,469,22156,-927,0x9cf,1,0,0,-49,0,2512,2511,2511
4033,0,1,0,0,0,1,1,1,1,0x9d0,-3867,-201,0,452,18442,-1089,0x9cf,1,1,1,-49,0,2512,2511,2511
4034,0,1,0,0,0,1,1,1,1,0x9d1,-5871,1754,0,420,12579,-1127,0x9d0,1,1,1,53,0,2513,2512,2512
4035,0,1,0,0,0,1,1,0,0,0x9d2,-1296,688,0,492,27689,-548,0x9d1,1,0,0,-483,0,2514,2513,2513
4036,0,1,0,0,0,1,1,0,0,0x9d2,-1296,688,0,492,27689,-548,0x9d1,1,0,0,-483,0,2514,2513,2513
4037,0,1,0,0,0,1,1,0,0,0x9d2,-1296,688,0,492,27689,-548,0x9d1,1,0,0,-483,0,2514,2513,2513
4038,0,1,0,0,0,1,1,1,1,0x9d2,-1296,688,0,492,27689,-548,0x9d1,1,1,1,-483,0,2514,2513,2513
4039,0,1,0,0,0,1,1,1,1,0x9d3,-7365,995,0,397,9321,-1048,0x9d2,1,1,1,-93,0,2515,2514,2514
4040,0,1,0,0,0,1,1,1,1,0x9d4,-4004,201,0,449,17827,-1090,0x9d3,1,1,1,-255,0,2516,2515,2515
4041,0,1,0,0,0,1,1,1,1,0x9d5,-1800,1128,0,484,25712,-707,0x9d4,1,1,1,-54,0,2517,2516,2516
4042,0,1,0,0,0,1,0,0,0,0x9d5,-1800,1128,0,484,25712,-707,0x9d5,1,0,0,-195,0,2518,2517,2517
4043,0,1,0,0,0,1,1,1,1,0x9d6,-2187,870,0,478,24263,-810,0x9d5,1,1,1,-195,0,2518,2517,2517
4044,0,1,0,0,0,1,1,1,1,0x9d7,515,13,0,520,34813,273,0x9d6,1,1,1,-173,0,2519,2518,2518
4045,0,1,0,0,0,1,1,1,1,0x9d8,-2098,383,0,479,24502,-785,0x9d7,1,1,1,0,0,2520,2519,2519
4046,0,1,0,0,0,1,1,1,1,0x9d9,-2935,742,0,466,21474,-962,0x9d8,1,1,1,-74,0,2521,2520,2520
4047,0,1,0,0,0,1,0,0,0,0x9d9,-2935,742,0,466,21474,-962,0x9d9,1,0,0,-175,0,2522,2521,2521
4048,0,1,0,0,0,1,1,1,1,0x9da,-1000,-85,0,496,28693,-438,0x9d9,1,1,1,-175,0,2522,2521,2521
4049,0,1,0,0,0,1,1,0,0,0x9db,-3024,1453,0,465,21249,-981,0x9da,1,0,0,9,0,2523,2522,2522
4050,0,1,0,0,0,1,1,1,1,0x9db,-3024,1453,0,465,21249,-981,0x9da,1,1,1,9,0,2523,2522,2522
4051,0,1,0,0,0,1,1,1,1,0x9dc,-3117,-629,0,463,20803,-990,0x9db,1,1,1,-348,0,2524,2523,2523
4052,0,1,0,0,0,1,0,0,0,0x9dc,-3117,-629,0,463,20803,-990,0x9dc,1,0,0,152,0,2525,2524,2524
4053,0,1,0,0,0,1,1,1,1,0x9dd,-1672,-702,0,486,26202,-669,0x9dc,1,1,1,152,0,2525,2524,2524
4054,0,1,0,0,0,1,1,1,1,0x9de,-1570,1645,0,487,26448,-634,0x9dd,1,1,1,114,0,2526,2525,2525
4055,0,1,0,0,0,1,0,1,0,0x9de,-1570,1645,0,487,26448,-634,0x9de,1,1,1,-255,0,2527,2526,2526
4056,0,1,0,0,0,1,1,1,1,0x9df,-1275,34,0,492,27689,-539,0x9de,0,0,0,-255,0,2527,2527,2527
4057,0,1,0,0,0,1,0,0,0,0x9df,-1275,34,0,492,27689,-539,0x9df,1,0,0,-5,0,2528,2527,2527
4058,0,1,0,0,0,1,1,1,1,0x9e0,-1970,506,0,481,24984,-752,0x9df,1,1,1,-5,0,2528,2527,2527
4059,0,1,0,0,0,1,1,0,0,0x9e1,-5590,349,0,425,13392,-1143,0x9e0,1,0,0,-93,0,2529,2528,2528
4060,0,1,0,0,0,1,1,1,1,0x9e1,-5590,349,0,425,13392,-1143,0x9e0,1,1,1,-93,0,2529,2528,2528
4061,0,1,0,0,0,1,1,1,1,0x9e2,-1919,773,0,482,25226,-739,0x9e1,1,1,1,-98,0,2530,2529,2529
4062,0,1,0,0,0,1,0,0,0,0x9e2,-1919,773,0,482,25226,-739,0x9e2,1,0,0,-140,0,2531,2530,2530
4063,0,1,0,0,0,1,1,0,0,0x9e3,-394,872,0,506,31233,-188,0x9e2,1,0,0,-140,0,2531,2530,2530
4064,0,1,0,0,0,1,1,1,1,0x9e3,-394,872,0,506,31233,-188,0x9e2,1,1,1,-140,0,2531,2530,2530
4065,0,1,0,0,0,1,1,1,1,0x9e4,1170,26,0,530,37346,666,0x9e3,1,1,1,-41,0,2532,2531,2531
4066,0,1,0,0,0,1,1,1,1,0x9e5,-8118,-980,0,385,7920,-982,0x9e4,1,1,1,4,0,2533,2532,2532
4067,0,1,0,0,0,1,0,0,0,0x9e5,-8118,-980,0,385,7920,-982,0x9e5,1,0,0,234,0,2534,2533,2533
4068,0,1,0,0,0,1,1,1,1,0x9e6,-3926,1046,0,451,18236,-1093,0x9e5,1,1,1,234,0,2534,2533,2533
4069,0,1,0,0,0,1,1,1,1,0x9e7,-5309,191,0,429,14070,-1140,0x9e6,1,1,1,-280,0,2535,2534,2534
4070,0,1,0,0,0,1,1,0,0,0x9e8,-1246,798,0,493,27939,-532,0x9e7,1,0,0,-54,0,2536,2535,2535
4071,0,1,0,0,0,1,1,1,1,0x9e8,-1246,798,0,493,27939,-532,0x9e7,1,1,1,-54,0,2536,2535,2535
4072,0,1,0,0,0,1,0,0,0,0x9e8,-1246,798,0,493,27939,-532,0x9e8,1,0,0,-104,0,2537,2536,2536
4073,0,1,0,0,0,1,1,1,1,0x9e9,-3401,-693,0,459,19926,-1035,0x9e8,1,1,1,-104,0,2537,2536,2536
4074,0,1,0,0,0,1,1,1,1,0x9ea,-6043,-185,0,418,12264,-1131,0x9e9,1,1,1,175,0,2538,2537,2537
4075,0,1,0,0,0,1,1,1,1,0x9eb,-1088,-1309,0,495,28441,-473,0x9ea,1,1,1,51,0,2539,2538,2538
4076,0,1,0,0,0,1,1,1,1,0x9ec,-1892,-326,0,482,25226,-729,0x9eb,1,1,1,151,0,2540,2539,2539
4077,0,1,0,0,0,1,0,0,0,0x9ec,-1892,-326,0,482,25226,-729,0x9ec,1,0,0,58,0,2541,2540,2540
4078,0,1,0,0,0,1,1,1,1,0x9ed,364,577,0,518,34303,190,0x9ec,1,1,1,58,0,2541,2540,2540
4079,0,1,0,0,0,1,1,1,1,0x9ee,-3665,-641,0,455,19070,-1067,0x9ed,1,1,1,26,0,2542,2541,2541
4080,0,1,0,0,0,1,1,1,1,0x9ef,-2565,759,0,472,22849,-895,0x9ee,1,1,1,166,0,2543,2542,2542
4081,0,1,0,0,0,1,1,1,1,0x9f0,-1074,-701,0,495,28441,-467,0x9ef,1,1,1,-166,0,2544,2543,2543
4082,0,1,0,0,0,1,0,0,0,0x9f0,-1074,-701,0,495,28441,-467,0x9f0,1,0,0,79,0,2545,2544,2544
4083,0,1,0,0,0,1,1,1,1,0x9f1,-2009,165,0,481,24984,-766,0x9f0,1,1,1,79,0,2545,2544,2544
4084,0,1,0,0,0,1,1,0,0,0x9f2,-823,-929,0,499,29451,-370,0x9f1,1,0,0,-31,0,2546,2545,2545
4085,0,1,0,0,0,1,1,1,1,0x9f2,-823,-929,0,499,29451,-370,0x9f1,1,1,1,-31,0,2546,2545,2545
4086,0,1,0,0,0,1,1,1,1,0x9f3,-3286,1685,0,461,20362,-1021,0x9f2,1,1,1,83,0,2547,2546,2546
4087,0,1,0,0,0,1,0,0,0,0x9f3,-3286,1685,0,461,20362,-1021,0x9f3,1,0,0,-421,0,2548,2547,2547
4088,0,1,0,0,0,1,1,1,1,0x9f4,-3494,-1258,0,457,19495,-1040,0x9f3,1,1,1,-421,0,2548,2547,2547
4089,0,1,0,0,0,1,0,1,0,0x9f4,-3494,-1258,0,457,19495,-1040,0x9f4,1,1,1,319,0,2549,2548,2548
4090,0,1,0,0,0,1,1,1,1,0x9f5,319,-1305,0,517,34047,165,0x9f4,0,1,0,319,0,2549,2549,2549
4091,0,1,0,0,0,1,1,0,0,0x9f6,-2122,1737,0,479,24502,-794,0x9f5,1,0,0,-53,0,2550,2549,2549
4092,0,1,0,0,0,1,1,0,0,0x9f6,-2122,1737,0,479,24502,-794,0x9f5,1,0,0,-53,0,2550,2549,2549
4093,0,1,0,0,0,1,1,1,1,0x9f6,-2122,1737,0,479,24502,-794,0x9f5,1,1,1,-53,0,2550,2549,2549
4094,0,1,0,0,0,1,1,1,1,0x9f7,-1064,-203,0,495,28441,-462,0x9f6,1,1,1,-337,0,2551,2550,2550
4095,0,1,0,0,0,1,1,1,1,0x9f8,-709,1818,0,501,29959,-325,0x9f7,1,1,1,22,0,2552,2551,2551
4096,0,1,0,0,0,1,1,1,1,0x9f9,-2265,-826,0,477,24025,-831,0x9f8,1,1,1,-145,0,2553,2552,2552
4097,0,1,0,0,0,1,0,0,0,0x9f9,-2265,-826,0,477,24025,-831,0x9f9,1,0,0,167,0,2554,2553,2553
4098,0,1,0,0,0,1,1,0,0,0x9fa,-3056,928,0,464,21025,-981,0x9f9,1,0,0,167,0,2554,2553,2553
4099,0,1,0,0,0,1,1,1,1,0x9fa,-3056,928,0,464,21025,-981,0x9f9,1,1,1,167,0,2554,2553,2553
4100,0,1,0,0,0,1,1,1,1,0x9fb,143,-223,0,514,33280,72,0x9fa,1,1,1,-223,0,2555,2554,2554
4101,0,1,0,0,0,1,1,1,1,0x9fc,-1556,412,0,488,26695,-634,0x9fb,1,1,1,-4,0,2556,2555,2555
4102,0,1,0,0,0,1,0,0,0,0x9fc,-1556,412,0,488,26695,-634,0x9fc,1,0,0,-64,0,2557,2556,2556
4103,0,1,0,0,0,1,1,1,1,0x9fd,-1307,-1366,0,492,27689,-553,0x9fc,1,1,1,-64,0,2557,2556,2556
4104,0,1,0,0,0,1,1,1,1,0x9fe,-5638,290,0,424,13226,-1138,0x9fd,1,1,1,184,0,2558,2557,2557
4105,0,1,0,0,0,1,1,0,0,0x9ff,-2038,-647,0,480,24743,-770,0x9fe,1,0,0,-81,0,2559,2558,2558
4106,0,1,0,0,0,1,1,1,1,0x9ff,-2038,-647,0,480,24743,-770,0x9fe,1,1,1,-81,0,2559,2558,2558
4107,0,1,0,0,0,1,0,0,0,0x9ff,-2038,-647,0,480,24743,-770,0x9ff,1,0,0,121,0,2560,2559,2559
4108,0,1,0,0,0,1,1,1,1,0xa00,-2381,-128,0,475,23551,-856,0x9ff,1,1,1,121,0,2560,2559,2559
4109,0,1,0,0,0,1,1,1,1,0xa01,-2101,-1469,0,479,24502,-786,0xa00,1,1,1,26,0,2561,2560,2560
4110,0,1,0,0,0,1,1,1,1,0xa02,-3800,-1796,0,453,18650,-1082,0xa01,1,1,1,281,0,2562,2561,2561
4111,0,1,0,0,0,1,1,1,1,0xa03,-97,-560,0,510,32256,-48,0xa02,1,1,1,474,0,2563,2562,2562
4112,0,1,0,0,0,1,0,0,0,0xa03,-97,-560,0,510,32256,-48,0xa03,1,0,0,6,0,2564,2563,2563
4113,0,1,0,0,0,1,1,1,1,0xa04,-2364,566,0,475,23551,-850,0xa03,1,1,1,6,0,2564,2563,2563
4114,0,1,0,0,0,1,1,1,1,0xa05,-2707,638,0,470,22386,-925,0xa04,1,1,1,-118,0,2565,2564,2564
4115,0,1,0,0,0,1,1,1,1,0xa06,1258,1458,0,532,37847,726,0xa05,1,1,1,-145,0,2566,2565,2565
4116,0,1,0,0,0,1,1,1,1,0xa07,-6976,-342,0,403,10096,-1075,0xa06,1,1,1,258,0,2567,2566,2566
4117,0,1,0,0,0,1,0,0,0,0xa07,-6976,-342,0,403,10096,-1075,0xa07,1,0,0,89,0,2568,2567,2567
4118,0,1,0,0,0,1,1,1,1,0xa08,-1346,371,0,491,27440,-564,0xa07,1,1,1,89,0,2568,2567,2567
4119,0,1,0,0,0,1,1,0,0,0xa09,-2033,1158,0,480,24743,-768,0xa08,1,0,0,-52,0,2569,2568,2568
4120,0,1,0,0,0,1,1,1,1,0xa09,-2033,1158,0,480,24743,-768,0xa08,1,1,1,-52,0,2569,2568,2568
4121,0,1,0,0,0,1,1,1,1,0xa0a,-1012,801,0,496,28693,-444,0xa09,1,1,1,-218,0,2570,2569,2569
4122,0,1,0,0,0,1,0,0,0,0xa0a,-1012,801,0,496,28693,-444,0xa0a,1,0,0,-87,0,2571,2570,2570
4123,0,1,0,0,0,1,0,1,0,0xa0a,-1012,801,0,496,28693,-444,0xa0a,1,1,1,-87,0,2571,2570,2570
4124,0,1,0,0,0,1,1,1,1,0xa0b,-3397,-548,0,459,19926,-1033,0xa0a,0,1,0,-87,0,2571,2571,2571
4125,0,1,0,0,0,1,1,1,1,0xa0c,-1952,1766,0,482,25226,-752,0xa0b,1,1,1,138,0,2572,2571,2571
4126,0,1,0,0,0,1,1,0,0,0xa0d,-6887,-383,0,404,10230,-1076,0xa0c,1,0,0,-325,0,2573,2572,2572
4127,0,1,0,0,0,1,1,0,0,0xa0d,-6887,-383,0,404,10230,-1076,0xa0c,1,0,0,-325,0,2573,2572,2572
4128,0,1,0,0,0,1,1,0,0,0xa0d,-6887,-383,0,404,10230,-1076,0xa0c,1,0,0,-325,0,2573,2572,2572
4129,0,1,0,0,0,1,1,1,1,0xa0d,-6887,-383,0,404,10230,-1076,0xa0c,1,1,1,-325,0,2573,2572,2572
4130,0,1,0,0,0,1,1,1,1,0xa0e,-1848,-25,0,483,25468,-719,0xa0d,1,1,1,100,0,2574,2573,2573
4131,0,1,0,0,0,1,1,1,1,0xa0f,-2632,1748,0,471,22617,-909,0xa0e,1,1,1,4,0,2575,2574,2574
4132,0,1,0,0,0,1,0,0,0,0xa0f,-2632,1748,0,471,22617,-909,0xa0f,1,0,0,-388,0,2576,2575,2575
4133,0,1,0,0,0,1,1,0,0,0xa10,-1854,-2444,0,483,25468,-721,0xa0f,1,0,0,-388,0,2576,2575,2575
4134,0,1,0,0,0,1,1,1,1,0xa10,-1854,-2444,0,483,25468,-721,0xa0f,1,1,1,-388,0,2576,2575,2575
4135,0,1,0,0,0,1,1,1,1,0xa11,-943,1622,0,497,28945,-417,0xa10,1,1,1,430,0,2577,2576,2576
4136,0,1,0,0,0,1,1,1,1,0xa12,-1224,157,0,493,27939,-522,0xa11,1,1,1,-166,0,2578,2577,2577
4137,0,1,0,0,0,1,0,0,0,0xa12,-1224,157,0,493,27939,-522,0xa12,1,0,0,-21,0,2579,2578,2578
4138,0,1,0,0,0,1,1,1,1,0xa13,205,152,0,515,33536,104,0xa12,1,1,1,-21,0,2579,2578,2578
4139,0,1,0,0,0,1,1,1,1,0xa14,-147,1464,0,510,32256,-73,0xa13,1,1,1,3,0,2580,2579,2579
4140,0,1,0,0,0,1,0,0,0,0xa14,-147,1464,0,510,32256,-73,0xa14,1,0,0,-27,0,2581,2580,2580
4141,0,1,0,0,0,1,1,1,1,0xa15,-495,-377,0,504,30723,-233,0xa14,1,1,1,-27,0,2581,2580,2580
4142,0,1,0,0,0,1,0,1,0,0xa15,-495,-377,0,504,30723,-233,0xa15,1,1,1,21,0,2582,2581,2581
4143,0,1,0,0,0,1,1,1,1,0xa16,-3221,1139,0,462,20582,-1012,0xa15,0,1,0,21,0,2582,2582,2582
4144,0,1,0,0,0,1,1,1,1,0xa17,-5043,189,0,433,14773,-1137,0xa16,1,1,1,-282,0,2583,2582,2582
4145,0,1,0,0,0,1,1,1,1,0xa18,-2851,-324,0,467,21700,-945,0xa17,1,1,1,-53,0,2584,2583,2583
4146,0,1,0,0,0,1,1,1,1,0xa19,-2059,-1678,0,480,24743,-778,0xa18,1,1,1,74,0,2585,2584,2584
4147,0,1,0,0,0,1,0,0,0,0xa19,-2059,-1678,0,480,24743,-778,0xa19,1,0,0,318,0,2586,2585,2585
4148,0,1,0,0,0,1,1,1,1,0xa1a,-2393,380,0,475,23551,-860,0xa19,1,1,1,318,0,2586,2585,2585
4149,0,1,0,0,0,1,1,1,1,0xa1b,-1837,1992,0,483,25468,-714,0xa1a,1,1,1,-80,0,2587,2586,2586
4150,0,1,0,0,0,1,1,1,1,0xa1c,-662,17,0,502,30213,-306,0xa1b,1,1,1,-348,0,2588,2587,2587
4151,0,1,0,0,0,1,1,0,0,0xa1d,-131,-3538,0,510,32256,-65,0xa1c,1,0,0,-2,0,2589,2588,2588
4152,0,1,0,0,0,1,1,1,1,0xa1d,-131,-3538,0,510,32256,-65,0xa1c,1,1,1,-2,0,2589,2588,2588
4153,0,1,0,0,0,1,1,1,1,0xa1e,-2413,1380,0,474,23316,-859,0xa1d,1,1,1,56,0,2590,2589,2589
4154,0,1,0,0,0,1,1,0,0,0xa1f,-1807,2003,0,484,25712,-709,0xa1e,1,0,0,-290,0,2591,2590,2590
4155,0,1,0,0,0,1,1,1,1,0xa1f,-1807,2003,0,484,25712,-709,0xa1e,1,1,1,-290,0,2591,2590,2590
4156,0,1,0,0,0,1,1,1,1,0xa20,-524,976,0,504,30723,-246,0xa1f,1,1,1,-347,0,2592,2591,2591
4157,0,1,0,0,0,1,0,1,0,0xa20,-524,976,0,504,30723,-246,0xa20,1,1,1,-59,0,2593,2592,2592
4158,0,1,0,0,0,1,1,1,1,0xa21,-1739,359,0,485,25957,-689,0xa20,0,1,0,-59,0,2593,2593,2593
4159,0,1,0,0,0,1,1,1,1,0xa22,-2186,418,0,478,24263,-810,0xa21,1,1,1,-61,0,2594,2593,2593
4160,0,1,0,0,0,1,1,1,1,0xa23,-3124,614,0,463,20803,-992,0xa22,1,1,1,-83,0,2595,2594,2594
4161,0,1,0,0,0,1,1,0,0,0xa24,-2281,1447,0,476,23788,-828,0xa23,1,0,0,-149,0,2596,2595,2595
4162,0,1,0,0,0,1,1,1,1,0xa24,-2281,1447,0,476,23788,-828,0xa23,1,1,1,-149,0,2596,2595,2595
4163,0,1,0,0,0,1,1,1,1,0xa25,-1321,880,0,491,27440,-554,0xa24,1,1,1,-293,0,2597,2596,2596
4164,0,1,0,0,0,1,1,1,1,0xa26,-1369,769,0,491,27440,-574,0xa25,1,1,1,-120,0,2598,2597,2597
4165,0,1,0,0,0,1,1,1,1,0xa27,-6062,506,0,417,12109,-1121,0xa26,1,1,1,-108,0,2599,2598,2598
4166,0,1,0,0,0,1,1,1,1,0xa28,-666,498,0,502,30213,-308,0xa27,1,1,1,-139,0,2600,2599,2599
4167,0,1,0,0,0,1,0,1,0,0xa28,-666,498,0,502,30213,-308,0xa28,1,1,1,-38,0,2601,2600,2600
4168,0,1,0,0,0,1,1,1,1,0xa29,-480,-1347,0,505,30978,-227,0xa28,0,0,0,-38,0,2601,2601,2601
4169,0,1,0,0,0,1,1,1,1,0xa2a,61,-983,0,513,33024,30,0xa29,1,1,1,74,0,2602,2601,2601
4170,0,1,0,0,0,1,1,1,1,0xa2b,-2158,-249,0,478,24263,-799,0xa2a,1,1,1,-8,0,2603,2602,2602
4171,0,1,0,0,0,1,1,1,1,0xa2c,-2419,-178,0,474,23316,-861,0xa2b,1,1,1,48,0,2604,2603,2603
4172,0,1,0,0,0,1,0,1,0,0xa2c,-2419,-178,0,474,23316,-861,0xa2c,1,1,1,37,0,2605,2604,2604
4173,0,1,0,0,0,1,1,1,1,0xa2d,-1135,-3092,0,494,28190,-489,0xa2c,0,1,0,37,0,2605,2605,2605
4174,0,1,0,0,0,1,0,0,0,0xa2d,-1135,-3092,0,494,28190,-489,0xa2d,1,0,0,369,0,2606,2605,2605
4175,0,1,0,0,0,1,1,0,0,0xa2e,1126,626,0,530,37346,641,0xa2d,1,0,0,369,0,2606,2605,2605
4176,0,1,0,0,0,1,1,1,1,0xa2e,1126,626,0,530,37346,641,0xa2d,1,1,1,369,0,2606,2605,2605
4177,0,1,0,0,0,1,0,1,0,0xa2e,1126,626,0,530,37346,641,0xa2e,1,1,1,97,0,2607,2606,2606
4178,0,1,0,0,0,1,1,1,1,0xa2f,-3193,1876,0,462,20582,-1003,0xa2e,0,1,0,97,0,2607,2607,2607
4179,0,1,0,0,0,1,1,1,1,0xa30,-2440,-1740,0,474,23316,-869,0xa2f,1,1,1,-460,0,2608,2607,2607
4180,0,1,0,0,0,1,1,1,1,0xa31,-2591,1232,0,472,22849,-904,0xa30,1,1,1,369,0,2609,2608,2608
4181,0,1,0,0,0,1,1,1,1,0xa32,-975,617,0,497,28945,-431,0xa31,1,1,1,-272,0,2610,2609,2609
4182,0,1,0,0,0,1,0,0,0,0xa32,-975,617,0,497,28945,-431,0xa32,1,0,0,-65,0,2611,2610,2610
4183,0,1,0,0,0,1,1,1,1,0xa33,-1217,-312,0,493,27939,-519,0xa32,1,1,1,-65,0,2611,2610,2610
4184,0,1,0,0,0,1,1,1,1,0xa34,-604,879,0,503,30468,-281,0xa33,1,1,1,39,0,2612,2611,2611
4185,0,1,0,0,0,1,1,1,1,0xa35,-1746,433,0,485,25957,-692,0xa34,1,1,1,-61,0,2613,2612,2612
4186,0,1,0,0,0,1,1,1,1,0xa36,-291,-2235,0,507,31489,-140,0xa35,1,1,1,-74,0,2614,2613,2613
4187,0,1,0,0,0,1,0,1,0,0xa36,-291,-2235,0,507,31489,-140,0xa36,1,1,1,76,0,2615,2614,2614
4188,0,1,0,0,0,1,1,1,1,0xa37,-989,396,0,497,28945,-437,0xa36,0,1,0,76,0,2615,2615,2615
4189,0,1,0,0,0,1,1,0,0,0xa38,-714,-404,0,501,29959,-327,0xa37,1,0,0,-43,0,2616,2615,2615
4190,0,1,0,0,0,1,1,1,1,0xa38,-714,-404,0,501,29959,-327,0xa37,1,1,1,-43,0,2616,2615,2615
4191,0,1,0,0,0,1,0,1,0,0xa38,-714,-404,0,501,29959,-327,0xa38,1,1,1,32,0,2617,2616,2616
4192,0,1,0,0,0,1,0,1,0,0xa38,-714,-404,0,501,29959,-327,0xa38,0,1,0,32,0,2617,2617,2617
4193,0,1,0,0,0,1,1,1,1,0xa39,-3191,248,0,462,20582,-1003,0xa38,0,1,0,32,0,2617,2617,2617
4194,0,1,0,0,0,1,1,1,1,0xa3a,-1544,-1132,0,488,26695,-629,0xa39,1,1,1,-61,0,2618,2617,2617
4195,0,1,0,0,0,1,1,1,1,0xa3b,-1621,-47,0,487,26448,-655,0xa3a,1,1,1,173,0,2619,2618,2618
4196,0,1,0,0,0,1,1,0,0,0xa3c,-4868,-117,0,436,15316,-1138,0xa3b,1,0,0,7,0,2620,2619,2619
4197,0,1,0,0,0,1,1,0,0,0xa3c,-4868,-117,0,436,15316,-1138,0xa3b,1,0,0,7,0,2620,2619,2619
4198,0,1,0,0,0,1,1,1,1,0xa3c,-4868,-117,0,436,15316,-1138,0xa3b,1,1,1,7,0,2620,2619,2619
4199,0,1,0,0,0,1,1,1,1,0xa3d,-2561,480,0,472,22849,-893,0xa3c,1,1,1,32,0,2621,2620,2620
4200,0,1,0,0,0,1,1,1,1,0xa3e,-5085,-1432,0,433,14773,-1147,0xa3d,1,1,1,-105,0,2622,2621,2621
4201,0,1,0,0,0,1,1,1,1,0xa3f,-2322,685,0,476,23788,-843,0xa3e,1,1,1,401,0,2623,2622,2622
4202,0,1,0,0,0,1,0,1,0,0xa3f,-2322,685,0,476,23788,-843,0xa3f,1,1,1,-141,0,2624,2623,2623
4203,0,1,0,0,0,1,1,1,1,0xa40,-1735,410,0,485,25957,-688,0xa3f,0,0,0,-141,0,2624,2624,2624
4204,0,1,0,0,0,1,1,1,1,0xa41,-3188,-18,0,462,20582,-1002,0xa40,1,1,1,-69,0,2625,2624,2624
4205,0,1,0,0,0,1,1,1,1,0xa42,-729,836,0,501,29959,-334,0xa41,1,1,1,4,0,2626,2625,2625
4206,0,1,0,0,0,1,1,1,1,0xa43,-3725,1113,0,454,18859,-1072,0xa42,1,1,1,-69,0,2627,2626,2626
4207,0,1,0,0,0,1,0,1,0,0xa43,-3725,1113,0,454,18859,-1072,0xa43,1,1,1,-292,0,2628,2627,2627
4208,0,1,0,0,0,1,0,1,0,0xa43,-3725,1113,0,454,18859,-1072,0xa43,0,1,0,-292,0,2628,2628,2628
4209,0,1,0,0,0,1,1,1,1,0xa44,994,-150,0,528,36843,558,0xa43,0,1,0,-292,0,2628,2628,2628
4210,0,1,0,0,0,1,1,0,0,0xa45,-2447,105,0,474,23316,-871,0xa44,1,0,0,-21,0,2629,2628,2628
4211,0,1,0,0,0,1,1,1,1,0xa45,-2447,105,0,474,23316,-871,0xa44,1,1,1,-21,0,2629,2628,2628
4212,0,1,0,0,0,1,0,1,0,0xa45,-2447,105,0,474,23316,-871,0xa45,1,1,1,-23,0,2630,2629,2629
4213,0,1,0,0,0,1,1,1,1,0xa46,-2197,-580,0,478,24263,-814,0xa45,0,1,0,-23,0,2630,2630,2630
4214,0,1,0,0,0,1,1,1,1,0xa47,-1321,922,0,491,27440,-554,0xa46,1,1,1,115,0,2631,2630,2630
4215,0,1,0,0,0,1,1,1,1,0xa48,-2064,-203,0,480,24743,-780,0xa47,1,1,1,-125,0,2632,2631,2631
4216,0,1,0,0,0,1,1,1,1,0xa49,-4606,-43,0,440,16062,-1129,0xa48,1,1,1,38,0,2633,2632,2632
4217,0,1,0,0,0,1,0,0,0,0xa49,-4606,-43,0,440,16062,-1129,0xa49,1,0,0,11,0,2634,2633,2633
4218,0,1,0,0,0,1,1,1,1,0xa4a,-1277,729,0,492,27689,-540,0xa49,1,1,1,11,0,2634,2633,2633
4219,0,1,0,0,0,1,1,1,1,0xa4b,456,266,0,519,34558,240,0xa4a,1,1,1,-97,0,2635,2634,2634
4220,0,1,0,0,0,1,1,0,0,0xa4c,1811,-1638,0,540,39824,1100,0xa4b,1,0,0,15,0,2636,2635,2635
4221,0,1,0,0,0,1,1,1,1,0xa4c,1811,-1638,0,540,39824,1100,0xa4b,1,1,1,15,0,2636,2635,2635
4222,0,1,0,0,0,1,0,1,0,0xa4c,1811,-1638,0,540,39824,1100,0xa4c,1,1,1,-440,0,2637,2636,2636
4223,0,1,0,0,0,1,1,1,1,0xa4d,-3174,-1668,0,462,20582,-997,0xa4c,0,1,0,-440,0,2637,2637,2637
4224,0,1,0,0,0,1,1,0,0,0xa4e,-215,198,0,509,32000,-105,0xa4d,1,0,0,406,0,2638,2637,2637
4225,0,1,0,0,0,1,1,1,1,0xa4e,-215,198,0,509,32000,-105,0xa4d,1,1,1,406,0,2638,2637,2637
4226,0,1,0,0,0,1,1,1,1,0xa4f,-1432,-930,0,490,27191,-595,0xa4e,1,1,1,-6,0,2639,2638,2638
4227,0,1,0,0,0,1,0,1,0,0xa4f,-1432,-930,0,490,27191,-595,0xa4f,1,1,1,135,0,2640,2639,2639
4228,0,1,0,0,0,1,1,1,1,0xa50,-2954,1606,0,466,21474,-968,0xa4f,0,1,0,135,0,2640,2640,2640
4229,0,1,0,0,0,1,1,1,1,0xa51,-3325,782,0,460,20143,-1022,0xa50,1,1,1,-380,0,2641,2640,2640
4230,0,1,0,0,0,1,1,1,1,0xa52,538,991,0,520,34813,285,0xa51,1,1,1,-196,0,2642,2641,2641
4231,0,1,0,0,0,1,1,0,0,0xa53,-2634,1269,0,471,22617,-910,0xa52,1,0,0,68,0,2643,2642,2642
4232,0,1,0,0,0,1,1,1,1,0xa53,-2634,1269,0,471,22617,-910,0xa52,1,1,1,68,0,2643,2642,2642
4233,0,1,0,0,0,1,1,1,1,0xa54,-2548,387,0,472,22849,-889,0xa53,1,1,1,-282,0,2644,2643,2643
4234,0,1,0,0,0,1,1,1,1,0xa55,-2402,1421,0,474,23316,-855,0xa54,1,1,1,-84,0,2645,2644,2644
4235,0,1,0,0,0,1,1,1,1,0xa56,-4380,-1186,0,444,16832,-1125,0xa55,1,1,1,-297,0,2646,2645,2645
4236,0,1,0,0,0,1,1,1,1,0xa57,-2017,642,0,480,24743,-762,0xa56,1,1,1,325,0,2647,2646,2646
4237,0,1,0,0,0,1,0,1,0,0xa57,-2017,642,0,480,24743,-762,0xa57,1,1,1,-120,0,2648,2647,2647
4238,0,1,0,0,0,1,1,1,1,0xa58,-564,-372,0,503,30468,-263,0xa57,0,0,0,-120,0,2648,2648,2648
4239,0,1,0,0,0,1,1,1,1,0xa59,-344,-966,0,507,31489,-166,0xa58,1,1,1,23,0,2649,2648,2648
4240,0,1,0,0,0,1,1,1,1,0xa5a,-977,-1272,0,497,28945,-432,0xa59,1,1,1,39,0,2650,2649,2649
4241,0,1,0,0,0,1,1,1,1,0xa5b,417,-829,0,519,34558,219,0xa5a,1,1,1,134,0,2651,2650,2650
4242,0,1,0,0,0,1,0,1,0,0xa5b,417,-829,0,519,34558,219,0xa5b,1,1,1,-45,0,2652,2651,2651
4243,0,1,0,0,0,1,1,1,1,0xa5c,-947,2062,0,497,28945,-419,0xa5b,0,0,0,-45,0,2652,2652,2652
4244,0,1,0,0,0,1,1,1,1,0xa5d,-343,1536,0,507,31489,-165,0xa5c,1,1,1,-211,0,2653,2652,2652
4245,0,1,0,0,0,1,1,0,0,0xa5e,-3574,800,0,456,19282,-1052,0xa5d,1,0,0,-62,0,2654,2653,2653
4246,0,1,0,0,0,1,1,1,1,0xa5e,-3574,800,0,456,19282,-1052,0xa5d,1,1,1,-62,0,2654,2653,2653
4247,0,1,0,0,0,1,0,1,0,0xa5e,-3574,800,0,456,19282,-1052,0xa5e,1,1,1,-206,0,2655,2654,2654
4248,0,1,0,0,0,1,1,1,1,0xa5f,-1281,641,0,492,27689,-542,0xa5e,0,1,0,-206,0,2655,2655,2655
4249,0,1,0,0,0,1,1,1,1,0xa60,-2890,2007,0,467,21700,-957,0xa5f,1,1,1,-85,0,2656,2655,2655
4250,0,1,0,0,0,1,1,1,1,0xa61,-1275,-776,0,492,27689,-539,0xa60,1,1,1,-469,0,2657,2656,2656
4251,0,1,0,0,0,1,1,1,1,0xa62,430,-1331,0,519,34558,226,0xa61,1,1,1,102,0,2658,2657,2657
4252,0,1,0,0,0,1,0,0,0,0xa62,430,-1331,0,519,34558,226,0xa62,1,0,0,-74,0,2659,2658,2658
4253,0,1,0,0,0,1,1,1,1,0xa63,-3329,-578,0,460,20143,-1024,0xa62,1,1,1,-74,0,2659,2658,2658
4254,0,1,0,0,0,1,1,1,1,0xa64,-1997,1331,0,481,24984,-762,0xa63,1,1,1,144,0,2660,2659,2659
4255,0,1,0,0,0,1,1,1,1,0xa65,-2994,-616,0,465,21249,-971,0xa64,1,1,1,-248,0,2661,2660,2660
4256,0,1,0,0,0,1,1,1,1,0xa66,-1114,-1066,0,495,28441,-484,0xa65,1,1,1,146,0,2662,2661,2661
4257,0,1,0,0,0,1,0,1,0,0xa66,-1114,-1066,0,495,28441,-484,0xa66,1,1,1,125,0,2663,2662,2662
4258,0,1,0,0,0,1,1,1,1,0xa67,-3112,-712,0,463,20803,-988,0xa66,0,1,0,125,0,2663,2663,2663
4259,0,1,0,0,0,1,0,0,0,0xa67,-3112,-712,0,463,20803,-988,0xa67,1,0,0,171,0,2664,2663,2663
4260,0,1,0,0,0,1,1,1,1,0xa68,-870,-961,0,498,29198,-388,0xa67,1,1,1,171,0,2664,2663,2663
4261,0,1,0,0,0,1,1,1,1,0xa69,-1772,443,0,484,25712,-696,0xa68,1,1,1,91,0,2665,2664,2664
4262,0,1,0,0,0,1,0,1,0,0xa69,-1772,443,0,484,25712,-696,0xa69,1,1,1,-76,0,2666,2665,2665
4263,0,1,0,0,0,1,1,1,1,0xa6a,-2196,35,0,478,24263,-814,0xa69,0,1,0,-76,0,2666,2666,2666
4264,0,1,0,0,0,1,1,1,1,0xa6b,-364,-423,0,506,31233,-174,0xa6a,1,1,1,-7,0,2667,2666,2666
4265,0,1,0,0,0,1,1,1,1,0xa6c,330,-712,0,517,34047,171,0xa6b,1,1,1,17,0,2668,2667,2667
4266,0,1,0,0,0,1,1,0,0,0xa6d,-897,-300,0,498,29198,-400,0xa6c,1,0,0,-30,0,2669,2668,2668
4267,0,1,0,0,0,1,1,1,1,0xa6d,-897,-300,0,498,29198,-400,0xa6c,1,1,1,-30,0,2669,2668,2668
4268,0,1,0,0,0,1,1,1,1,0xa6e,-1186,955,0,493,27939,-506,0xa6d,1,1,1,29,0,2670,2669,2669
4269,0,1,0,0,0,1,1,1,1,0xa6f,-142,-2024,0,510,32256,-70,0xa6e,1,1,1,-118,0,2671,2670,2670
4270,0,1,0,0,0,1,1,1,1,0xa70,-4066,1471,0,448,17625,-1094,0xa6f,1,1,1,34,0,2672,2671,2671
4271,0,1,0,0,0,1,1,1,1,0xa71,-1530,-2760,0,488,26695,-624,0xa70,1,1,1,-393,0,2673,2672,2672
4272,0,1,0,0,0,1,0,1,0,0xa71,-1530,-2760,0,488,26695,-624,0xa71,1,1,1,420,0,2674,2673,2673
4273,0,1,0,0,0,1,1,1,1,0xa72,-1325,136,0,491,27440,-555,0xa71,0,0,0,420,0,2674,2674,2674
4274,0,1,0,0,0,1,1,1,1,0xa73,-28,-81,0,512,32768,-14,0xa72,1,1,1,-19,0,2675,2674,2674
4275,0,1,0,0,0,1,1,1,1,0xa74,787,-1435,0,524,35831,430,0xa73,1,1,1,0,0,2676,2675,2675
4276,0,1,0,0,0,1,0,1,0,0xa74,787,-1435,0,524,35831,430,0xa74,1,1,1,-151,0,2677,2676,2676
4277,0,1,0,0,0,1,0,1,0,0xa74,787,-1435,0,524,35831,430,0xa74,0,1,0,-151,0,2677,2677,2677
4278,0,1,0,0,0,1,1,1,1,0xa75,-524,-451,0,504,30723,-246,0xa74,0,1,0,-151,0,2677,2677,2677
4279,0,1,0,0,0,1,1,1,1,0xa76,-2002,-655,0,481,24984,-764,0xa75,1,1,1,27,0,2678,2677,2677
4280,0,1,0,0,0,1,1,0,0,0xa77,-380,1595,0,506,31233,-182,0xa76,1,0,0,122,0,2679,2678,2678
4281,0,1,0,0,0,1,1,1,1,0xa77,-380,1595,0,506,31233,-182,0xa76,1,1,1,122,0,2679,2678,2678
4282,0,1,0,0,0,1,0,1,0,0xa77,-380,1595,0,506,31233,-182,0xa77,1,1,1,-71,0,2680,2679,2679
4283,0,1,0,0,0,1,1,1,1,0xa78,-5339,-386,0,429,14070,-1147,0xa77,0,1,0,-71,0,2680,2680,2680
4284,0,1,0,0,0,1,1,1,1,0xa79,-3766,-530,0,453,18650,-1072,0xa78,1,1,1,108,0,2681,2680,2680
4285,0,1,0,0,0,1,1,1,1,0xa7a,843,1680,0,525,36085,464,0xa79,1,1,1,138,0,2682,2681,2681
4286,0,1,0,0,0,1,1,1,1,0xa7b,-913,-602,0,498,29198,-407,0xa7a,1,1,1,190,0,2683,2682,2682
4287,0,1,0,0,0,1,0,0,0,0xa7b,-913,-602,0,498,29198,-407,0xa7b,1,0,0,59,0,2684,2683,2683
4288,0,1,0,0,0,1,1,1,1,0xa7c,-9307,-870,0,367,6161,-875,0xa7b,1,1,1,59,0,2684,2683,2683
4289,0,1,0,0,0,1,1,0,0,0xa7d,-3646,-982,0,455,19070,-1061,0xa7c,1,0,0,185,0,2685,2684,2684
4290,0,1,0,0,0,1,1,1,1,0xa7d,-3646,-982,0,455,19070,-1061,0xa7c,1,1,1,185,0,2685,2684,2684
4291,0,1,0,0,0,1,1,1,1,0xa7e,-1681,-413,0,486,26202,-673,0xa7d,1,1,1,254,0,2686,2685,2685
4292,0,1,0,0,0,1,0,1,0,0xa7e,-1681,-413,0,486,26202,-673,0xa7e,1,1,1,67,0,2687,2686,2686
4293,0,1,0,0,0,1,0,1,0,0xa7e,-1681,-413,0,486,26202,-673,0xa7e,0,1,0,67,0,2687,2687,2687
4294,0,1,0,0,0,1,1,1,1,0xa7f,-2464,-1000,0,474,23316,-877,0xa7e,0,0,0,67,0,2687,2687,2687
4295,0,1,0,0,0,1,1,1,1,0xa80,-2610,-1875,0,471,22617,-901,0xa7f,1,1,1,214,0,2688,2687,2687
4296,0,1,0,0,0,1,1,1,1,0xa81,-662,-717,0,502,30213,-306,0xa80,1,1,1,412,0,2689,2688,2688
4297,0,1,0,0,0,1,0,1,0,0xa81,-662,-717,0,502,30213,-306,0xa81,1,1,1,53,0,2690,2689,2689
4298,0,1,0,0,0,1,1,1,1,0xa82,-400,-2515,0,506,31233,-191,0xa81,0,1,0,53,0,2690,2690,2690
4299,0,1,0,0,0,1,1,1,1,0xa83,-854,749,0,499,29451,-384,0xa82,1,1,1,117,0,2691,2690,2690
4300,0,1,0,0,0,1,1,1,1,0xa84,-3651,628,0,455,19070,-1063,0xa83,1,1,1,-71,0,2692,2691,2691
4301,0,1,0,0,0,1,1,0,0,0xa85,-1902,884,0,482,25226,-733,0xa84,1,0,0,-163,0,2693,2692,2692
4302,0,1,0,0,0,1,1,1,1,0xa85,-1902,884,0,482,25226,-733,0xa84,1,1,1,-163,0,2693,2692,2692
4303,0,1,0,0,0,1,1,1,1,0xa86,1281,-364,0,532,37847,739,0xa85,1,1,1,-159,0,2694,2693,2693
4304,0,1,0,0,0,1,1,1,1,0xa87,-3396,1324,0,459,19926,-1033,0xa86,1,1,1,-66,0,2695,2694,2694
4305,0,1,0,0,0,1,1,1,1,0xa88,766,-1831,0,524,35831,418,0xa87,1,1,1,-334,0,2696,2695,2695
4306,0,1,0,0,0,1,1,1,1,0xa89,-1262,-3118,0,492,27689,-534,0xa88,1,1,1,-187,0,2697,2696,2696
4307,0,1,0,0,0,1,0,1,0,0xa89,-1262,-3118,0,492,27689,-534,0xa89,1,1,1,406,0,2698,2697,2697
4308,0,1,0,0,0,1,1,1,1,0xa8a,-392,-62,0,506,31233,-187,0xa89,0,0,0,406,0,2698,2698,2698
4309,0,1,0,0,0,1,1,1,1,0xa8b,-191,1213,0,509,32000,-94,0xa8a,1,1,1,2,0,2699,2698,2698
4310,0,1,0,0,0,1,0,1,0,0xa8b,-191,1213,0,509,32000,-94,0xa8b,1,1,1,-28,0,2700,2699,2699
4311,0,1,0,0,0,1,1,1,1,0xa8c,-3445,2376,0,458,19710,-1037,0xa8b,0,1,0,-28,0,2700,2700,2700
4312,0,1,0,0,0,1,0,0,0,0xa8c,-3445,2376,0,458,19710,-1037,0xa8c,1,0,0,-602,0,2701,2700,2700
4313,0,1,0,0,0,1,1,1,1,0xa8d,-3008,-293,0,465,21249,-976,0xa8c,1,1,1,-602,0,2701,2700,2700
4314,0,1,0,0,0,1,1,1,1,0xa8e,113,-632,0,514,33280,57,0xa8d,1,1,1,69,0,2702,2701,2701
4315,0,1,0,0,0,1,1,0,0,0xa8f,630,-399,0,522,35323,339,0xa8e,1,0,0,-9,0,2703,2702,2702
4316,0,1,0,0,0,1,1,1,1,0xa8f,630,-399,0,522,35323,339,0xa8e,1,1,1,-9,0,2703,2702,2702
4317,0,1,0,0,0,1,0,1,0,0xa8f,630,-399,0,522,35323,339,0xa8f,1,1,1,-34,0,2704,2703,2703
4318,0,1,0,0,0,1,1,1,1,0xa90,-13666,1811,0,298,2235,-467,0xa8f,0,1,0,-34,0,2704,2704,2704
4319,0,1,0,0,0,1,1,1,1,0xa91,-1731,-37,0,485,25957,-686,0xa90,1,1,1,-207,0,2705,2704,2704
4320,0,1,0,0,0,1,1,1,1,0xa92,-3189,-641,0,462,20582,-1002,0xa91,1,1,1,6,0,2706,2705,2705
4321,0,1,0,0,0,1,1,1,1,0xa93,-1324,1806,0,491,27440,-555,0xa92,1,1,1,156,0,2707,2706,2706
4322,0,1,0,0,0,1,0,0,0,0xa93,-1324,1806,0,491,27440,-555,0xa93,1,0,0,-245,0,2708,2707,2707
4323,0,1,0,0,0,1,1,1,1,0xa94,-2829,-519,0,468,21928,-947,0xa93,1,1,1,-245,0,2708,2707,2707
4324,0,1,0,0,0,1,1,1,1,0xa95,-1032,2305,0,496,28693,-452,0xa94,1,1,1,119,0,2709,2708,2708
4325,0,1,0,0,0,1,1,1,1,0xa96,-196,-81,0,509,32000,-96,0xa95,1,1,1,-255,0,2710,2709,2709
4326,0,1,0,0,0,1,1,1,1,0xa97,-1191,-1999,0,493,27939,-508,0xa96,1,1,1,1,0,2711,2710,2710
4327,0,1,0,0,0,1,0,1,0,0xa97,-1191,-1999,0,493,27939,-508,0xa97,1,1,1,247,0,2712,2711,2711
4328,0,1,0,0,0,1,1,1,1,0xa98,-615,-1020,0,502,30213,-284,0xa97,0,1,0,247,0,2712,2712,2712
4329,0,1,0,0,0,1,1,0,0,0xa99,-1613,-982,0,487,26448,-651,0xa98,1,0,0,70,0,2713,2712,2712
4330,0,1,0,0,0,1,1,1,1,0xa99,-1613,-982,0,487,26448,-651,0xa98,1,1,1,70,0,2713,2712,2712
4331,0,1,0,0,0,1,1,1,1,0xa9a,-2499,171,0,473,23082,-881,0xa99,1,1,1,156,0,2714,2713,2713
4332,0,1,0,0,0,1,0,1,0,0xa9a,-2499,171,0,473,23082,-881,0xa9a,1,1,1,-37,0,2715,2714,2714
4333,0,1,0,0,0,1,1,1,1,0xa9b,466,-36,0,519,34558,245,0xa9a,0,1,0,-37,0,2715,2715,2715
4334,0,1,0,0,0,1,1,1,1,0xa9c,-681,978,0,501,29959,-312,0xa9b,1,1,1,-3,0,2716,2715,2715
4335,0,1,0,0,0,1,1,0,0,0xa9d,-3024,-531,0,465,21249,-981,0xa9c,1,0,0,-75,0,2717,2716,2716
4336,0,1,0,0,0,1,1,0,0,0xa9d,-3024,-531,0,465,21249,-981,0xa9c,1,0,0,-75,0,2717,2716,2716
4337,0,1,0,0,0,1,1,1,1,0xa9d,-3024,-531,0,465,21249,-981,0xa9c,1,1,1,-75,0,2717,2716,2716
4338,0,1,0,0,0,1,1,1,1,0xa9e,-2379,728,0,475,23551,-855,0xa9d,1,1,1,127,0,2718,2717,2717
4339,0,1,0,0,0,1,1,1,1,0xa9f,-2910,-275,0,467,21700,-964,0xa9e,1,1,1,-152,0,2719,2718,2718
4340,0,1,0,0,0,1,1,1,1,0xaa0,-1415,810,0,490,27191,-588,0xa9f,1,1,1,64,0,2720,2719,2719
4341,0,1,0,0,0,1,1,1,1,0xaa1,70,725,0,513,33024,35,0xaa0,1,1,1,-117,0,2721,2720,2720
4342,0,1,0,0,0,1,0,1,0,0xaa1,70,725,0,513,33024,35,0xaa1,1,1,1,6,0,2722,2721,2721
4343,0,1,0,0,0,1,1,1,1,0xaa2,-2658,-552,0,470,22386,-908,0xaa1,0,0,0,6,0,2722,2722,2722
4344,0,1,0,0,0,1,0,1,0,0xaa2,-2658,-552,0,470,22386,-908,0xaa2,1,1,1,122,0,2723,2722,2722
4345,0,1,0,0,0,1,1,1,1,0xaa3,-322,53,0,507,31489,-155,0xaa2,0,1,0,122,0,2723,2723,2723
4346,0,1,0,0,0,1,1,1,1,0xaa4,-73,-210,0,511,32512,-37,0xaa3,1,1,1,-3,0,2724,2723,2723
4347,0,1,0,0,0,1,0,1,0,0xaa4,-73,-210,0,511,32512,-37,0xaa4,1,1,1,1,0,2725,2724,2724
4348,0,1,0,0,0,1,1,1,1,0xaa5,-3523,113,0,457,19495,-1048,0xaa4,0,1,0,1,0,2725,2725,2725
4349,0,1,0,0,0,1,1,1,1,0xaa6,-2924,913,0,466,21474,-959,0xaa5,1,1,1,-29,0,2726,2725,2725
4350,0,1,0,0,0,1,1,0,0,0xaa7,-3074,945,0,464,21025,-987,0xaa6,1,0,0,-214,0,2727,2726,2726
4351,0,1,0,0,0,1,1,1,1,0xaa7,-3074,945,0,464,21025,-987,0xaa6,1,1,1,-214,0,2727,2726,2726
4352,0,1,0,0,0,1,0,1,0,0xaa7,-3074,945,0,464,21025,-987,0xaa7,1,1,1,-228,0,2728,2727,2727
4353,0,1,0,0,0,1,1,1,1,0xaa8,-2758,661,0,469,22156,-933,0xaa7,0,1,0,-228,0,2728,2728,2728
4354,0,1,0,0,0,1,1,1,1,0xaa9,-1542,-227,0,488,26695,-629,0xaa8,1,1,1,-151,0,2729,2728,2728
4355,0,1,0,0,0,1,1,1,1,0xaaa,-5307,-208,0,429,14070,-1140,0xaa9,1,1,1,34,0,2730,2729,2729
4356,0,1,0,0,0,1,1,1,1,0xaab,-1461,1189,0,489,26943,-601,0xaaa,1,1,1,57,0,2731,2730,2730
4357,0,1,0,0,0,1,0,0,0,0xaab,-1461,1189,0,489,26943,-601,0xaab,1,0,0,-175,0,2732,2731,2731
4358,0,1,0,0,0,1,1,0,0,0xaac,-773,-116,0,500,29705,-351,0xaab,1,0,0,-175,0,2732,2731,2731
4359,0,1,0,0,0,1,1,1,1,0xaac,-773,-116,0,500,29705,-351,0xaab,1,1,1,-175,0,2732,2731,2731
4360,0,1,0,0,0,1,1,1,1,0xaad,-3718,331,0,454,18859,-1070,0xaac,1,1,1,9,0,2733,2732,2732
4361,0,1,0,0,0,1,0,1,0,0xaad,-3718,331,0,454,18859,-1070,0xaad,1,1,1,-87,0,2734,2733,2733
4362,0,1,0,0,0,1,0,1,0,0xaad,-3718,331,0,454,18859,-1070,0xaad,0,1,0,-87,0,2734,2734,2734
4363,0,1,0,0,0,1,1,1,1,0xaae,-3118,-475,0,463,20803,-990,0xaad,0,1,0,-87,0,2734,2734,2734
4364,0,1,0,0,0,1,1,0,0,0xaaf,-2590,1137,0,472,22849,-903,0xaae,1,0,0,114,0,2735,2734,2734
4365,0,1,0,0,0,1,1,1,1,0xaaf,-2590,1137,0,472,22849,-903,0xaae,1,1,1,114,0,2735,2734,2734
4366,0,1,0,0,0,1,1,1,1,0xab0,-729,-44,0,501,29959,-334,0xaaf,1,1,1,-251,0,2736,2735,2735
4367,0,1,0,0,0,1,0,1,0,0xab0,-729,-44,0,501,29959,-334,0xab0,1,1,1,3,0,2737,2736,2736
4368,0,1,0,0,0,1,1,1,1,0xab1,-834,1417,0,499,29451,-375,0xab0,0,1,0,3,0,2737,2737,2737
4369,0,1,0,0,0,1,1,1,1,0xab2,-10311,792,0,351,4900,-771,0xab1,1,1,1,-130,0,2738,2737,2737
4370,0,1,0,0,0,1,1,1,1,0xab3,-3296,553,0,461,20362,-1025,0xab2,1,1,1,-150,0,2739,2738,2738
4371,0,1,0,0,0,1,1,0,0,0xab4,-3936,-172,0,451,18236,-1096,0xab3,1,0,0,-139,0,2740,2739,2739
4372,0,1,0,0,0,1,1,1,1,0xab4,-3936,-172,0,451,18236,-1096,0xab3,1,1,1,-139,0,2740,2739,2739
4373,0,1,0,0,0,1,1,1,1,0xab5,1322,-382,0,533,38096,768,0xab4,1,1,1,46,0,2741,2740,2740
4374,0,1,0,0,0,1,1,1,1,0xab6,-295,951,0,507,31489,-142,0xab5,1,1,1,-72,0,2742,2741,2741
4375,0,1,0,0,0,1,1,1,1,0xab7,-4820,-1123,0,437,15500,-1140,0xab6,1,1,1,-33,0,2743,2742,2742
4376,0,1,0,0,0,1,1,1,1,0xab8,-2409,1335,0,474,23316,-858,0xab7,1,1,1,312,0,2744,2743,2743
4377,0,1,0,0,0,1,0,1,0,0xab8,-2409,1335,0,474,23316,-858,0xab8,1,1,1,-280,0,2745,2744,2744
4378,0,1,0,0,0,1,0,1,0,0xab8,-2409,1335,0,474,23316,-858,0xab8,0,0,0,-280,0,2745,2745,2745
4379,0,1,0,0,0,1,1,1,1,0xab9,-9,-1279,0,512,32768,-5,0xab8,0,1,0,-280,0,2745,2745,2745
4380,0,1,0,0,0,1,1,1,1,0xaba,1970,-641,0,543,40552,1218,0xab9,1,1,1,1,0,2746,2745,2745
4381,0,1,0,0,0,1,1,0,0,0xabb,-4879,-1517,0,436,15316,-1141,0xaba,1,0,0,-191,0,2747,2746,2746
4382,0,1,0,0,0,1,1,1,1,0xabb,-4879,-1517,0,436,15316,-1141,0xaba,1,1,1,-191,0,2747,2746,2746
4383,0,1,0,0,0,1,1,1,1,0xabc,-175,-368,0,509,32000,-86,0xabb,1,1,1,422,0,2748,2747,2747
4384,0,1,0,0,0,1,1,1,1,0xabd,1694,395,0,538,39334,1016,0xabc,1,1,1,7,0,2749,2748,2748
4385,0,1,0,0,0,1,1,0,0,0xabe,-1269,338,0,492,27689,-537,0xabd,1,0,0,97,0,2750,2749,2749
4386,0,1,0,0,0,1,1,1,1,0xabe,-1269,338,0,492,27689,-537,0xabd,1,1,1,97,0,2750,2749,2749
4387,0,1,0,0,0,1,0,1,0,0xabe,-1269,338,0,492,27689,-537,0xabe,1,1,1,-45,0,2751,2750,2750
4388,0,1,0,0,0,1,1,1,1,0xabf,-4177,-718,0,447,17425,-1111,0xabe,0,1,0,-45,0,2751,2751,2751
4389,0,1,0,0,0,1,1,1,1,0xac0,-407,851,0,506,31233,-194,0xabf,1,1,1,194,0,2752,2751,2751
4390,0,1,0,0,0,1,1,1,1,0xac1,-1914,779,0,482,25226,-737,0xac0,1,1,1,-41,0,2753,2752,2752
4391,0,1,0,0,0,1,1,1,1,0xac2,-215,773,0,509,32000,-105,0xac1,1,1,1,-141,0,2754,2753,2753
4392,0,1,0,0,0,1,0,0,0,0xac2,-215,773,0,509,32000,-105,0xac2,1,0,0,-20,0,2755,2754,2754
4393,0,1,0,0,0,1,1,1,1,0xac3,-914,-1073,0,498,29198,-408,0xac2,1,1,1,-20,0,2755,2754,2754
4394,0,1,0,0,0,1,1,1,1,0xac4,-471,896,0,505,30978,-223,0xac3,1,1,1,106,0,2756,2755,2755
4395,0,1,0,0,0,1,0,1,0,0xac4,-471,896,0,505,30978,-223,0xac4,1,1,1,-49,0,2757,2756,2756
4396,0,1,0,0,0,1,1,1,1,0xac5,-549,-2000,0,503,30468,-256,0xac4,0,1,0,-49,0,2757,2757,2757
4397,0,1,0,0,0,1,0,1,0,0xac5,-549,-2000,0,503,30468,-256,0xac5,1,1,1,125,0,2758,2757,2757
4398,0,1,0,0,0,1,1,1,1,0xac6,-2651,-242,0,471,22617,-915,0xac5,0,1,0,125,0,2758,2758,2758
4399,0,1,0,0,0,1,1,0,0,0xac7,-2466,-1570,0,473,23082,-869,0xac6,1,0,0,54,0,2759,2758,2758
4400,0,1,0,0,0,1,1,1,1,0xac7,-2466,-1570,0,473,23082,-869,0xac6,1,1,1,54,0,2759,2758,2758
4401,0,1,0,0,0,1,1,1,1,0xac8,-4271,169,0,445,17028,-1110,0xac7,1,1,1,333,0,2760,2759,2759
4402,0,1,0,0,0,1,0,1,0,0xac8,-4271,169,0,445,17028,-1110,0xac8,1,1,1,-46,0,2761,2760,2760
4403,0,1,0,0,0,1,1,1,1,0xac9,364,837,0,518,34303,190,0xac8,0,1,0,-46,0,2761,2761,2761
4404,0,1,0,0,0,1,1,0,0,0xaca,-202,187,0,509,32000,-99,0xac9,1,0,0,38,0,2762,2761,2761
4405,0,1,0,0,0,1,1,1,1,0xaca,-202,187,0,509,32000,-99,0xac9,1,1,1,38,0,2762,2761,2761
4406,0,1,0,0,0,1,1,0,0,0xacb,-1514,-202,0,488,26695,-617,0xaca,1,0,0,-5,0,2763,2762,2762
4407,0,1,0,0,0,1,1,1,1,0xacb,-1514,-202,0,488,26695,-617,0xaca,1,1,1,-5,0,2763,2762,2762
4408,0,1,0,0,0,1,1,1,1,0xacc,-1354,-72,0,491,27440,-567,0xacb,1,1,1,30,0,2764,2763,2763
4409,0,1,0,0,0,1,1,1,1,0xacd,-4750,351,0,438,15686,-1137,0xacc,1,1,1,9,0,2765,2764,2764
4410,0,1,0,0,0,1,1,1,1,0xace,-2477,-1226,0,473,23082,-873,0xacd,1,1,1,-98,0,2766,2765,2765
4411,0,1,0,0,0,1,1,1,1,0xacf,-123,1314,0,510,32256,-61,0xace,1,1,1,261,0,2767,2766,2766
4412,0,1,0,0,0,1,0,1,0,0xacf,-123,1314,0,510,32256,-61,0xacf,1,1,1,-20,0,2768,2767,2767
4413,0,1,0,0,0,1,1,1,1,0xad0,-1409,1208,0,490,27191,-585,0xacf,0,0,0,-20,0,2768,2768,2768
4414,0,1,0,0,0,1,1,1,1,0xad1,-1601,1383,0,487,26448,-647,0xad0,1,1,1,-173,0,2769,2768,2768
4415,0,1,0,0,0,1,1,1,1,0xad2,-2126,-632,0,479,24502,-795,0xad1,1,1,1,-219,0,2770,2769,2769
4416,0,1,0,0,0,1,1,1,1,0xad3,-2655,-1343,0,471,22617,-917,0xad2,1,1,1,122,0,2771,2770,2770
4417,0,1,0,0,0,1,0,1,0,0xad3,-2655,-1343,0,471,22617,-917,0xad3,1,1,1,300,0,2772,2771,2771
4418,0,1,0,0,0,1,1,1,1,0xad4,353,-602,0,518,34303,184,0xad3,0,1,0,300,0,2772,2772,2772
4419,0,1,0,0,0,1,1,1,1,0xad5,-2524,-217,0,473,23082,-889,0xad4,1,1,1,-28,0,2773,2772,2772
4420,0,1,0,0,0,1,1,0,0,0xad6,-4100,203,0,448,17625,-1103,0xad5,1,0,0,47,0,2774,2773,2773
4421,0,1,0,0,0,1,1,1,1,0xad6,-4100,203,0,448,17625,-1103,0xad5,1,1,1,47,0,2774,2773,2773
4422,0,1,0,0,0,1,0,1,0,0xad6,-4100,203,0,448,17625,-1103,0xad6,1,1,1,-55,0,2775,2774,2774
4423,0,1,0,0,0,1,1,1,1,0xad7,-2408,415,0,474,23316,-857,0xad6,0,1,0,-55,0,2775,2775,2775
4424,0,1,0,0,0,1,1,1,1,0xad8,-612,1128,0,502,30213,-283,0xad7,1,1,1,-87,0,2776,2775,2775
4425,0,1,0,0,0,1,1,1,1,0xad9,-1927,-1060,0,482,25226,-742,0xad8,1,1,1,-78,0,2777,2776,2776
4426,0,1,0,0,0,1,1,1,1,0xada,-494,-593,0,504,30723,-232,0xad9,1,1,1,192,0,2778,2777,2777
4427,0,1,0,0,0,1,0,0,0,0xada,-494,-593,0,504,30723,-232,0xada,1,0,0,33,0,2779,2778,2778
4428,0,1,0,0,0,1,1,1,1,0xadb,-4339,-427,0,444,16832,-1115,0xada,1,1,1,33,0,2779,2778,2778
4429,0,1,0,0,0,1,0,1,0,0xadb,-4339,-427,0,444,16832,-1115,0xadb,1,1,1,116,0,2780,2779,2779
4430,0,1,0,0,0,1,1,1,1,0xadc,-4140,842,0,447,17425,-1101,0xadb,0,1,0,116,0,2780,2780,2780
4431,0,1,0,0,0,1,1,1,1,0xadd,-3471,341,0,458,19710,-1044,0xadc,1,1,1,-227,0,2781,2780,2780
4432,0,1,0,0,0,1,0,1,0,0xadd,-3471,341,0,458,19710,-1044,0xadd,1,1,1,-87,0,2782,2781,2781
4433,0,1,0,0,0,1,1,1,1,0xade,-1647,-728,0,486,26202,-659,0xadd,0,1,0,-87,0,2782,2782,2782
4434,0,1,0,0,0,1,1,0,0,0xadf,-1359,283,0,491,27440,-570,0xade,1,0,0,117,0,2783,2782,2782
4435,0,1,0,0,0,1,1,1,1,0xadf,-1359,283,0,491,27440,-570,0xade,1,1,1,117,0,2783,2782,2782
4436,0,1,0,0,0,1,1,1,1,0xae0,-3013,-78,0,465,21249,-977,0xadf,1,1,1,-40,0,2784,2783,2783
4437,0,1,0,0,0,1,0,1,0,0xae0,-3013,-78,0,465,21249,-977,0xae0,1,1,1,18,0,2785,2784,2784
4438,0,1,0,0,0,1,1,1,1,0xae1,-134,523,0,510,32256,-66,0xae0,0,1,0,18,0,2785,2785,2785
4439,0,1,0,0,0,1,1,1,1,0xae2,-188,1549,0,509,32000,-92,0xae1,1,1,1,-9,0,2786,2785,2785
4440,0,1,0,0,0,1,1,1,1,0xae3,-162,-831,0,509,32000,-80,0xae2,1,1,1,-35,0,2787,2786,2786
4441,0,1,0,0,0,1,1,0,0,0xae4,906,633,0,526,36338,502,0xae3,1,0,0,16,0,2788,2787,2787
4442,0,1,0,0,0,1,1,1,1,0xae4,906,633,0,526,36338,502,0xae3,1,1,1,16,0,2788,2787,2787
4443,0,1,0,0,0,1,1,1,1,0xae5,-2466,1712,0,473,23082,-869,0xae4,1,1,1,77,0,2789,2788,2788
4444,0,1,0,0,0,1,1,1,1,0xae6,-3024,631,0,465,21249,-981,0xae5,1,1,1,-364,0,2790,2789,2789
4445,0,1,0,0,0,1,1,1,1,0xae7,552,11,0,521,35068,295,0xae6,1,1,1,-152,0,2791,2790,2790
4446,0,1,0,0,0,1,0,1,0,0xae7,552,11,0,521,35068,295,0xae7,1,1,1,0,0,2792,2791,2791
4447,0,1,0,0,0,1,0,1,0,0xae7,552,11,0,521,35068,295,0xae7,0,1,0,0,0,2792,2792,2792
4448,0,1,0,0,0,1,1,1,1,0xae8,-2746,-403,0,469,22156,-929,0xae7,0,0,0,0,0,2792,2792,2792
4449,0,1,0,0,0,1,1,1,1,0xae9,-11166,-1346,0,338,4055,-691,0xae8,1,1,1,91,0,2793,2792,2792
4450,0,1,0,0,0,1,1,0,0,0xaea,-2218,-446,0,477,24025,-814,0xae9,1,0,0,227,0,2794,2793,2793
4451,0,1,0,0,0,1,1,1,1,0xaea,-2218,-446,0,477,24025,-814,0xae9,1,1,1,227,0,2794,2793,2793
4452,0,1,0,0,0,1,0,1,0,0xaea,-2218,-446,0,477,24025,-814,0xaea,1,1,1,88,0,2795,2794,2794
4453,0,1,0,0,0,1,1,1,1,0xaeb,-2055,-904,0,480,24743,-776,0xaea,0,1,0,88,0,2795,2795,2795
4454,0,1,0,0,0,1,1,1,1,0xaec,-2638,703,0,471,22617,-911,0xaeb,1,1,1,171,0,2796,2795,2795
4455,0,1,0,0,0,1,1,0,0,0xaed,-30,1576,0,512,32768,-15,0xaec,1,0,0,-157,0,2797,2796,2796
4456,0,1,0,0,0,1,1,1,1,0xaed,-30,1576,0,512,32768,-15,0xaec,1,1,1,-157,0,2797,2796,2796
4457,0,1,0,0,0,1,0,1,0,0xaed,-30,1576,0,512,32768,-15,0xaed,1,1,1,-6,0,2798,2797,2797
4458,0,1,0,0,0,1,1,1,1,0xaee,-527,349,0,504,30723,-248,0xaed,0,1,0,-6,0,2798,2798,2798
4459,0,1,0,0,0,1,1,1,1,0xaef,-358,-1233,0,506,31233,-171,0xaee,1,1,1,-22,0,2799,2798,2798
4460,0,1,0,0,0,1,1,1,1,0xaf0,-4942,-715,0,435,15134,-1142,0xaef,1,1,1,51,0,2800,2799,2799
4461,0,1,0,0,0,1,1,1,1,0xaf1,-1150,-131,0,494,28190,-495,0xaf0,1,1,1,199,0,2801,2800,2800
4462,0,1,0,0,0,1,0,0,0,0xaf1,-1150,-131,0,494,28190,-495,0xaf1,1,0,0,15,0,2802,2801,2801
4463,0,1,0,0,0,1,0,1,0,0xaf1,-1150,-131,0,494,28190,-495,0xaf1,1,1,1,15,0,2802,2801,2801
4464,0,1,0,0,0,1,1,1,1,0xaf2,-2905,1167,0,467,21700,-962,0xaf1,0,1,0,15,0,2802,2802,2802
4465,0,1,0,0,0,1,1,1,1,0xaf3,-1565,490,0,488,26695,-638,0xaf2,1,1,1,-275,0,2803,2802,2802
4466,0,1,0,0,0,1,1,1,1,0xaf4,-311,92,0,507,31489,-150,0xaf3,1,1,1,-77,0,2804,2803,2803
4467,0,1,0,0,0,1,0,1,0,0xaf4,-311,92,0,507,31489,-150,0xaf4,1,1,1,-4,0,2805,2804,2804
4468,0,1,0,0,0,1,1,1,1,0xaf5,-3952,852,0,450,18031,-1088,0xaf4,0,1,0,-4,0,2805,2805,2805
4469,0,1,0,0,0,1,1,0,0,0xaf6,-2768,-400,0,469,22156,-936,0xaf5,1,0,0,-227,0,2806,2805,2805
4470,0,1,0,0,0,1,1,1,1,0xaf6,-2768,-400,0,469,22156,-936,0xaf5,1,1,1,-227,0,2806,2805,2805
4471,0,1,0,0,0,1,1,1,1,0xaf7,-1712,2472,0,485,25957,-679,0xaf6,1,1,1,91,0,2807,2806,2806
4472,0,1,0,0,0,1,0,1,0,0xaf7,-1712,2472,0,485,25957,-679,0xaf7,1,1,1,-410,0,2808,2807,2807
4473,0,1,0,0,0,1,1,1,1,0xaf8,-1471,1077,0,489,26943,-605,0xaf7,0,0,0,-410,0,2808,2808,2808
4474,0,1,0,0,0,1,1,1,1,0xaf9,-14279,-822,0,289,1950,-425,0xaf8,1,1,1,-160,0,2809,2808,2808
4475,0,1,0,0,0,1,1,1,1,0xafa,-1538,-913,0,488,26695,-627,0xaf9,1,1,1,85,0,2810,2809,2809
4476,0,1,0,0,0,1,1,0,0,0xafb,-2138,1341,0,479,24502,-800,0xafa,1,0,0,139,0,2811,2810,2810
4477,0,1,0,0,0,1,1,1,1,0xafb,-2138,1341,0,479,24502,-800,0xafa,1,1,1,139,0,2811,2810,2810
4478,0,1,0,0,0,1,1,1,1,0xafc,-4080,-217,0,448,17625,-1098,0xafb,1,1,1,-262,0,2812,2811,2811
4479,0,1,0,0,0,1,1,1,1,0xafd,-1685,-2352,0,486,26202,-674,0xafc,1,1,1,58,0,2813,2812,2812
4480,0,1,0,0,0,1,0,1,0,0xafd,-1685,-2352,0,486,26202,-674,0xafd,1,1,1,387,0,2814,2813,2813
4481,0,1,0,0,0,1,1,1,1,0xafe,593,-204,0,521,35068,317,0xafd,0,1,0,387,0,2814,2814,2814
4482,0,1,0,0,0,1,0,1,0,0xafe,593,-204,0,521,35068,317,0xafe,1,1,1,-16,0,2815,2814,2814
4483,0,1,0,0,0,1,1,1,1,0xaff,-1291,-367,0,492,27689,-546,0xafe,0,0,0,-16,0,2815,2815,2815
4484,0,1,0,0,0,1,1,1,1,0xb00,-1014,-157,0,496,28693,-444,0xaff,1,1,1,48,0,2816,2815,2815
4485,0,1,0,0,0,1,1,1,1,0xb01,-1589,1968,0,487,26448,-642,0xb00,1,1,1,17,0,2817,2816,2816
4486,0,1,0,0,0,1,1,1,1,0xb02,-7049,-789,0,402,9964,-1072,0xb01,1,1,1,-309,0,2818,2817,2817
4487,0,1,0,0,0,1,0,1,0,0xb02,-7049,-789,0,402,9964,-1072,0xb02,1,1,1,206,0,2819,2818,2818
4488,0,1,0,0,0,1,1,1,1,0xb03,-99,-1854,0,510,32256,-49,0xb02,0,1,0,206,0,2819,2819,2819
4489,0,1,0,0,0,1,1,1,1,0xb04,-296,789,0,507,31489,-143,0xb03,1,1,1,22,0,2820,2819,2819
4490,0,1,0,0,0,1,1,0,0,0xb05,23,528,0,512,32768,11,0xb04,1,0,0,-28,0,2821,2820,2820
4491,0,1,0,0,0,1,1,1,1,0xb05,23,528,0,512,32768,11,0xb04,1,1,1,-28,0,2821,2820,2820
4492,0,1,0,0,0,1,0,1,0,0xb05,23,528,0,512,32768,11,0xb05,1,1,1,1,0,2822,2821,2821
4493,0,1,0,0,0,1,1,1,1,0xb06,-464,-404,0,505,30978,-220,0xb05,0,1,0,1,0,2822,2822,2822
4494,0,1,0,0,0,1,1,1,1,0xb07,-1702,-817,0,485,25957,-675,0xb06,1,1,1,21,0,2823,2822,2822
4495,0,1,0,0,0,1,1,1,1,0xb08,-320,343,0,507,31489,-154,0xb07,1,1,1,134,0,2824,2823,2823
4496,0,1,0,0,0,1,1,0,0,0xb09,-2590,-813,0,472,22849,-903,0xb08,1,0,0,-13,0,2825,2824,2824
4497,0,1,0,0,0,1,1,0,0,0xb09,-2590,-813,0,472,22849,-903,0xb08,1,0,0,-13,0,2825,2824,2824
4498,0,1,0,0,0,1,1,1,1,0xb09,-2590,-813,0,472,22849,-903,0xb08,1,1,1,-13,0,2825,2824,2824
4499,0,1,0,0,0,1,1,1,1,0xb0a,-1054,542,0,496,28693,-462,0xb09,1,1,1,179,0,2826,2825,2825
4500,0,1,0,0,0,1,1,1,1,0xb0b,-4784,214,0,437,15500,-1132,0xb0a,1,1,1,-62,0,2827,2826,2826
4501,0,1,0,0,0,1,1,1,1,0xb0c,-1348,746,0,491,27440,-565,0xb0b,1,1,1,-60,0,2828,2827,2827
4502,0,1,0,0,0,1,0,1,0,0xb0c,-1348,746,0,491,27440,-565,0xb0c,1,1,1,-103,0,2829,2828,2828
4503,0,1,0,0,0,1,1,1,1,0xb0d,-189,-778,0,509,32000,-93,0xb0c,0,1,0,-103,0,2829,2829,2829
4504,0,1,0,0,0,1,1,0,0,0xb0e,-3356,-366,0,460,20143,-1032,0xb0d,1,0,0,17,0,2830,2829,2829
4505,0,1,0,0,0,1,1,1,1,0xb0e,-3356,-366,0,460,20143,-1032,0xb0d,1,1,1,17,0,2830,2829,2829
4506,0,1,0,0,0,1,1,1,1,0xb0f,61,-22,0,513,33024,30,0xb0e,1,1,1,92,0,2831,2830,2830
4507,0,1,0,0,0,1,0,1,0,0xb0f,61,-22,0,513,33024,30,0xb0f,1,1,1,-1,0,2832,2831,2831
4508,0,1,0,0,0,1,1,1,1,0xb10,-3237,-289,0,461,20362,-1006,0xb0f,0,1,0,-1,0,2832,2832,2832
4509,0,1,0,0,0,1,1,1,1,0xb11,746,77,0,524,35831,407,0xb10,1,1,1,70,0,2833,2832,2832
4510,0,1,0,0,0,1,1,1,1,0xb12,-2997,-42,0,465,21249,-972,0xb11,1,1,1,7,0,2834,2833,2833
4511,0,1,0,0,0,1,1,0,0,0xb13,-1413,-334,0,490,27191,-587,0xb12,1,0,0,9,0,2835,2834,2834
4512,0,1,0,0,0,1,1,1,1,0xb13,-1413,-334,0,490,27191,-587,0xb12,1,1,1,9,0,2835,2834,2834
4513,0,1,0,0,0,1,1,1,1,0xb14,-7665,-585,0,392,8714,-1020,0xb13,1,1,1,47,0,2836,2835,2835
4514,0,1,0,0,0,1,0,1,0,0xb14,-7665,-585,0,392,8714,-1020,0xb14,1,1,1,145,0,2837,2836,2836
4515,0,1,0,0,0,1,1,1,1,0xb15,211,-1176,0,515,33536,107,0xb14,0,1,0,145,0,2837,2837,2837
4516,0,1,0,0,0,1,1,1,1,0xb16,-832,-116,0,499,29451,-374,0xb15,1,1,1,-31,0,2838,2837,2837
4517,0,1,0,0,0,1,0,1,0,0xb16,-832,-116,0,499,29451,-374,0xb16,1,1,1,10,0,2839,2838,2838
4518,0,1,0,0,0,1,1,1,1,0xb17,-10722,-598,0,344,4427,-725,0xb16,0,0,0,10,0,2839,2839,2839
4519,0,1,0,0,0,1,1,0,0,0xb18,-1560,340,0,488,26695,-636,0xb17,1,0,0,105,0,2840,2839,2839
4520,0,1,0,0,0,1,1,1,1,0xb18,-1560,340,0,488,26695,-636,0xb17,1,1,1,105,0,2840,2839,2839
4521,0,1,0,0,0,1,1,1,1,0xb19,-2484,-155,0,473,23082,-875,0xb18,1,1,1,-53,0,2841,2840,2840
4522,0,1,0,0,0,1,0,1,0,0xb19,-2484,-155,0,473,23082,-875,0xb19,1,1,1,33,0,2842,2841,2841
4523,0,1,0,0,0,1,1,1,1,0xb1a,-1234,-245,0,493,27939,-527,0xb19,0,1,0,33,0,2842,2842,2842
4524,0,1,0,0,0,1,1,1,1,0xb1b,-1502,-378,0,489,26943,-618,0xb1a,1,1,1,31,0,2843,2842,2842
4525,0,1,0,0,0,1,1,0,0,0xb1c,-1694,594,0,486,26202,-678,0xb1b,1,0,0,57,0,2844,2843,2843
4526,0,1,0,0,0,1,1,1,1,0xb1c,-1694,594,0,486,26202,-678,0xb1b,1,1,1,57,0,2844,2843,2843
4527,0,1,0,0,0,1,0,1,0,0xb1c,-1694,594,0,486,26202,-678,0xb1c,1,1,1,-99,0,2845,2844,2844
4528,0,1,0,0,0,1,1,1,1,0xb1d,297,-630,0,517,34047,154,0xb1c,0,1,0,-99,0,2845,2845,2845
4529,0,1,0,0,0,1,1,1,1,0xb1e,-340,665,0,507,31489,-164,0xb1d,1,1,1,-24,0,2846,2845,2845
4530,0,1,0,0,0,1,1,1,1,0xb1f,-1152,1807,0,494,28190,-496,0xb1e,1,1,1,-27,0,2847,2846,2846
4531,0,1,0,0,0,1,0,1,0,0xb1f,-1152,1807,0,494,28190,-496,0xb1f,1,1,1,-219,0,2848,2847,2847
4532,0,1,0,0,0,1,0,1,0,0xb1f,-1152,1807,0,494,28190,-496,0xb1f,0,0,0,-219,0,2848,2848,2848
4533,0,1,0,0,0,1,1,1,1,0xb20,-2391,13,0,475,23551,-860,0xb1f,0,1,0,-219,0,2848,2848,2848
4534,0,1,0,0,0,1,1,1,1,0xb21,-1061,928,0,495,28441,-461,0xb20,1,1,1,-3,0,2849,2848,2848
4535,0,1,0,0,0,1,1,1,1,0xb22,-2885,-342,0,467,21700,-956,0xb21,1,1,1,-105,0,2850,2849,2849
4536,0,1,0,0,0,1,1,1,1,0xb23,-1975,-890,0,481,24984,-753,0xb22,1,1,1,79,0,2851,2850,2850
4537,0,1,0,0,0,1,0,1,0,0xb23,-1975,-890,0,481,24984,-753,0xb23,1,1,1,163,0,2852,2851,2851
4538,0,1,0,0,0,1,1,1,1,0xb24,-3209,1500,0,462,20582,-1008,0xb23,0,1,0,163,0,2852,2852,2852
4539,0,1,0,0,0,1,1,0,0,0xb25,-373,-911,0,506,31233,-178,0xb24,1,0,0,-370,0,2853,2852,2852
4540,0,1,0,0,0,1,1,1,1,0xb25,-373,-911,0,506,31233,-178,0xb24,1,1,1,-370,0,2853,2852,2852
4541,0,1,0,0,0,1,1,1,1,0xb26,-1013,-1515,0,496,28693,-444,0xb25,1,1,1,39,0,2854,2853,2853
4542,0,1,0,0,0,1,0,0,0,0xb26,-1013,-1515,0,496,28693,-444,0xb26,1,0,0,164,0,2855,2854,2854
4543,0,1,0,0,0,1,1,1,1,0xb27,-97,777,0,510,32256,-48,0xb26,1,1,1,164,0,2855,2854,2854
4544,0,1,0,0,0,1,1,1,1,0xb28,-3524,-615,0,457,19495,-1049,0xb27,1,1,1,-10,0,2856,2855,2855
4545,0,1,0,0,0,1,1,1,1,0xb29,-3915,-441,0,451,18236,-1090,0xb28,1,1,1,157,0,2857,2856,2856
4546,0,1,0,0,0,1,1,0,0,0xb2a,-3155,-213,0,463,20803,-1002,0xb29,1,0,0,117,0,2858,2857,2857
4547,0,1,0,0,0,1,1,1,1,0xb2a,-3155,-213,0,463,20803,-1002,0xb29,1,1,1,117,0,2858,2857,2857
4548,0,1,0,0,0,1,0,1,0,0xb2a,-3155,-213,0,463,20803,-1002,0xb2a,1,1,1,52,0,2859,2858,2858
4549,0,1,0,0,0,1,1,1,1,0xb2b,-1920,341,0,482,25226,-740,0xb2a,0,1,0,52,0,2859,2859,2859
4550,0,1,0,0,0,1,1,1,1,0xb2c,-2465,88,0,473,23082,-869,0xb2b,1,1,1,-62,0,2860,2859,2859
4551,0,1,0,0,0,1,1,1,1,0xb2d,-1057,-1878,0,495,28441,-459,0xb2c,1,1,1,-19,0,2861,2860,2860
4552,0,1,0,0,0,1,0,1,0,0xb2d,-1057,-1878,0,495,28441,-459,0xb2d,1,1,1,210,0,2862,2861,2861
4553,0,1,0,0,0,1,1,1,1,0xb2e,-1304,-1625,0,492,27689,-551,0xb2d,0,0,0,210,0,2862,2862,2862
4554,0,1,0,0,0,1,1,1,1,0xb2f,-2252,-262,0,477,24025,-826,0xb2e,1,1,1,218,0,2863,2862,2862
4555,0,1,0,0,0,1,1,1,1,0xb30,-2120,195,0,479,24502,-793,0xb2f,1,1,1,52,0,2864,2863,2863
4556,0,1,0,0,0,1,1,1,1,0xb31,-2928,820,0,466,21474,-960,0xb30,1,1,1,-38,0,2865,2864,2864
4557,0,1,0,0,0,1,0,1,0,0xb31,-2928,820,0,466,21474,-960,0xb31,1,1,1,-193,0,2866,2865,2865
4558,0,1,0,0,0,1,1,1,1,0xb32,-2558,-72,0,472,22849,-892,0xb31,0,1,0,-193,0,2866,2866,2866
4559,0,1,0,0,0,1,1,1,1,0xb33,-7936,1189,0,388,8252,-1000,0xb32,1,1,1,15,0,2867,2866,2866
4560,0,1,0,0,0,1,1,0,0,0xb34,-3336,2470,0,460,20143,-1026,0xb33,1,0,0,-291,0,2868,2867,2867
4561,0,1,0,0,0,1,1,1,1,0xb34,-3336,2470,0,460,20143,-1026,0xb33,1,1,1,-291,0,2868,2867,2867
4562,0,1,0,0,0,1,0,1,0,0xb34,-3336,2470,0,460,20143,-1026,0xb34,1,1,1,-619,0,2869,2868,2868
4563,0,1,0,0,0,1,1,1,1,0xb35,-3875,-1151,0,451,18236,-1079,0xb34,0,1,0,-619,0,2869,2869,2869
4564,0,1,0,0,0,1,1,1,1,0xb36,-4436,1607,0,443,16637,-1127,0xb35,1,1,1,303,0,2870,2869,2869
4565,0,1,0,0,0,1,0,0,0,0xb36,-4436,1607,0,443,16637,-1127,0xb36,1,0,0,-443,0,2871,2870,2870
4566,0,1,0,0,0,1,1,1,1,0xb37,76,1126,0,513,33024,38,0xb36,1,1,1,-443,0,2871,2870,2870
4567,0,1,0,0,0,1,0,0,0,0xb37,76,1126,0,513,33024,38,0xb37,1,0,0,10,0,2872,2871,2871
4568,0,1,0,0,0,1,1,1,1,0xb38,-908,1827,0,498,29198,-405,0xb37,1,1,1,10,0,2872,2871,2871
4569,0,1,0,0,0,1,1,1,1,0xb39,-36,140,0,511,32512,-18,0xb38,1,1,1,-181,0,2873,2872,2872
4570,0,1,0,0,0,1,1,1,1,0xb3a,-974,894,0,497,28945,-431,0xb39,1,1,1,-1,0,2874,2873,2873
4571,0,1,0,0,0,1,1,1,1,0xb3b,-2309,-1581,0,476,23788,-839,0xb3a,1,1,1,-95,0,2875,2874,2874
4572,0,1,0,0,0,1,0,1,0,0xb3b,-2309,-1581,0,476,23788,-839,0xb3b,1,1,1,323,0,2876,2875,2875
4573,0,1,0,0,0,1,1,1,1,0xb3c,-955,-477,0,497,28945,-422,0xb3b,0,1,0,323,0,2876,2876,2876
4574,0,1,0,0,0,1,1,0,0,0xb3d,-2605,-495,0,471,22617,-900,0xb3c,1,0,0,49,0,2877,2876,2876
4575,0,1,0,0,0,1,1,1,1,0xb3d,-2605,-495,0,471,22617,-900,0xb3c,1,1,1,49,0,2877,2876,2876
4576,0,1,0,0,0,1,1,1,1,0xb3e,89,-76,0,513,33024,44,0xb3d,1,1,1,108,0,2878,2877,2877
4577,0,1,0,0,0,1,0,1,0,0xb3e,89,-76,0,513,33024,44,0xb3e,1,1,1,-1,0,2879,2878,2878
4578,0,1,0,0,0,1,1,1,1,0xb3f,-182,-132,0,509,32000,-89,0xb3e,0,1,0,-1,0,2879,2879,2879
4579,0,1,0,0,0,1,1,1,1,0xb40,1816,675,0,540,39824,1103,0xb3f,1,1,1,2,0,2880,2879,2879
4580,0,1,0,0,0,1,1,1,1,0xb41,-2381,902,0,475,23551,-856,0xb40,1,1,1,181,0,2881,2880,2880
4581,0,1,0,0,0,1,1,0,0,0xb42,-1432,-194,0,490,27191,-595,0xb41,1,0,0,-189,0,2882,2881,2881
4582,0,1,0,0,0,1,1,1,1,0xb42,-1432,-194,0,490,27191,-595,0xb41,1,1,1,-189,0,2882,2881,2881
4583,0,1,0,0,0,1,1,1,1,0xb43,248,-347,0,516,33792,127,0xb42,1,1,1,28,0,2883,2882,2882
4584,0,1,0,0,0,1,1,1,1,0xb44,-1170,-150,0,494,28190,-504,0xb43,1,1,1,-11,0,2884,2883,2883
4585,0,1,0,0,0,1,1,1,1,0xb45,-838,444,0,499,29451,-377,0xb44,1,1,1,18,0,2885,2884,2884
4586,0,1,0,0,0,1,1,1,1,0xb46,-3422,689,0,459,19926,-1041,0xb45,1,1,1,-41,0,2886,2885,2885
4587,0,1,0,0,0,1,0,1,0,0xb46,-3422,689,0,459,19926,-1041,0xb46,1,1,1,-176,0,2887,2886,2886
4588,0,1,0,0,0,1,1,1,1,0xb47,-1296,-782,0,492,27689,-548,0xb46,0,0,0,-176,0,2887,2887,2887
4589,0,1,0,0,0,1,1,1,1,0xb48,-801,3584,0,499,29451,-360,0xb47,1,1,1,104,0,2888,2887,2887
4590,0,1,0,0,0,1,1,1,1,0xb49,-1483,-1187,0,489,26943,-610,0xb48,1,1,1,-315,0,2889,2888,2888
4591,0,1,0,0,0,1,1,1,1,0xb4a,-2291,-1277,0,476,23788,-832,0xb49,1,1,1,176,0,2890,2889,2889
4592,0,1,0,0,0,1,0,1,0,0xb4a,-2291,-1277,0,476,23788,-832,0xb4a,1,1,1,259,0,2891,2890,2890
4593,0,1,0,0,0,1,1,1,1,0xb4b,-2402,-922,0,474,23316,-855,0xb4a,0,1,0,259,0,2891,2891,2891
4594,0,1,0,0,0,1,1,1,1,0xb4c,-3185,1010,0,462,20582,-1001,0xb4b,1,1,1,192,0,2892,2891,2891
4595,0,1,0,0,0,1,1,0,0,0xb4d,-3693,-525,0,454,18859,-1063,0xb4c,1,0,0,-247,0,2893,2892,2892
4596,0,1,0,0,0,1,1,1,1,0xb4d,-3693,-525,0,454,18859,-1063,0xb4c,1,1,1,-247,0,2893,2892,2892
4597,0,1,0,0,0,1,0,1,0,0xb4d,-3693,-525,0,454,18859,-1063,0xb4d,1,1,1,136,0,2894,2893,2893
4598,0,1,0,0,0,1,1,1,1,0xb4e,-227,43,0,508,31744,-110,0xb4d,0,1,0,136,0,2894,2894,2894
4599,0,1,0,0,0,1,0,1,0,0xb4e,-227,43,0,508,31744,-110,0xb4e,1,1,1,-2,0,2895,2894,2894
4600,0,1,0,0,0,1,1,1,1,0xb4f,-2097,-344,0,479,24502,-785,0xb4e,0,1,0,-2,0,2895,2895,2895
4601,0,1,0,0,0,1,1,1,1,0xb50,-2062,133,0,480,24743,-779,0xb4f,1,1,1,65,0,2896,2895,2895
4602,0,1,0,0,0,1,0,0,0,0xb50,-2062,133,0,480,24743,-779,0xb50,1,0,0,-26,0,2897,2896,2896
4603,0,1,0,0,0,1,1,1,1,0xb51,-2290,597,0,476,23788,-832,0xb50,1,1,1,-26,0,2897,2896,2896
4604,0,1,0,0,0,1,1,1,1,0xb52,-1402,-301,0,490,27191,-582,0xb51,1,1,1,-122,0,2898,2897,2897
4605,0,1,0,0,0,1,1,1,1,0xb53,-3921,-121,0,451,18236,-1092,0xb52,1,1,1,42,0,2899,2898,2898
4606,0,1,0,0,0,1,1,1,1,0xb54,-1593,-317,0,487,26448,-643,0xb53,1,1,1,32,0,2900,2899,2899
4607,0,1,0,0,0,1,0,1,0,0xb54,-1593,-317,0,487,26448,-643,0xb54,1,1,1,49,0,2901,2900,2900
4608,0,1,0,0,0,1,1,1,1,0xb55,-1575,523,0,487,26448,-636,0xb54,0,1,0,49,0,2901,2901,2901
4609,0,1,0,0,0,1,1,0,0,0xb56,-3150,-423,0,463,20803,-1000,0xb55,1,0,0,-82,0,2902,2901,2901
4610,0,1,0,0,0,1,1,1,1,0xb56,-3150,-423,0,463,20803,-1000,0xb55,1,1,1,-82,0,2902,2901,2901
4611,0,1,0,0,0,1,1,0,0,0xb57,-2498,431,0,473,23082,-880,0xb56,1,0,0,103,0,2903,2902,2902
4612,0,1,0,0,0,1,1,1,1,0xb57,-2498,431,0,473,23082,-880,0xb56,1,1,1,103,0,2903,2902,2902
4613,0,1,0,0,0,1,1,1,1,0xb58,-233,-2558,0,508,31744,-113,0xb57,1,1,1,-93,0,2904,2903,2903
4614,0,1,0,0,0,1,1,1,1,0xb59,-3606,938,0,456,19282,-1061,0xb58,1,1,1,70,0,2905,2904,2904
4615,0,1,0,0,0,1,1,1,1,0xb5a,-1830,312,0,483,25468,-712,0xb59,1,1,1,-243,0,2906,2905,2905
4616,0,1,0,0,0,1,0,0,0,0xb5a,-1830,312,0,483,25468,-712,0xb5a,1,0,0,-55,0,2907,2906,2906
4617,0,1,0,0,0,1,0,1,0,0xb5a,-1830,312,0,483,25468,-712,0xb5a,1,1,1,-55,0,2907,2906,2906
4618,0,1,0,0,0,1,1,1,1,0xb5b,-1225,-851,0,493,27939,-523,0xb5a,0,1,0,-55,0,2907,2907,2907
4619,0,1,0,0,0,1,1,1,1,0xb5c,-8668,-1212,0,377,7090,-938,0xb5b,1,1,1,108,0,2908,2907,2907
4620,0,1,0,0,0,1,1,1,1,0xb5d,-1959,1669,0,481,24984,-747,0xb5c,1,1,1,277,0,2909,2908,2908
4621,0,1,0,0,0,1,1,1,1,0xb5e,-1399,371,0,490,27191,-581,0xb5d,1,1,1,-305,0,2910,2909,2909
4622,0,1,0,0,0,1,0,1,0,0xb5e,-1399,371,0,490,27191,-581,0xb5e,1,1,1,-53,0,2911,2910,2910
4623,0,1,0,0,0,1,1,1,1,0xb5f,-1529,-354,0,488,26695,-623,0xb5e,0,0,0,-53,0,2911,2911,2911
4624,0,1,0,0,0,1,1,1,1,0xb60,-1760,1994,0,485,25957,-698,0xb5f,1,1,1,53,0,2912,2911,2911
4625,0,1,0,0,0,1,1,1,1,0xb61,14,-818,0,512,32768,7,0xb60,1,1,1,-340,0,2913,2912,2912
4626,0,1,0,0,0,1,1,1,1,0xb62,-3816,-536,0,452,18442,-1074,0xb61,1,1,1,-2,0,2914,2913,2913
4627,0,1,0,0,0,1,0,1,0,0xb62,-3816,-536,0,452,18442,-1074,0xb62,1,1,1,140,0,2915,2914,2914
4628,0,1,0,0,0,1,1,1,1,0xb63,-2163,-2024,0,478,24263,-801,0xb62,0,1,0,140,0,2915,2915,2915
4629,0,1,0,0,0,1,1,1,1,0xb64,-93,1076,0,511,32512,-47,0xb63,1,1,1,395,0,2916,2915,2915
4630,0,1,0,0,0,1,1,0,0,0xb65,-1721,-35,0,485,25957,-682,0xb64,1,0,0,-13,0,2917,2916,2916
4631,0,1,0,0,0,1,1,1,1,0xb65,-1721,-35,0,485,25957,-682,0xb64,1,1,1,-13,0,2917,2916,2916
4632,0,1,0,0,0,1,0,1,0,0xb65,-1721,-35,0,485,25957,-682,0xb65,1,1,1,5,0,2918,2917,2917
4633,0,1,0,0,0,1,0,1,0,0xb65,-1721,-35,0,485,25957,-682,0xb65,0,1,0,5,0,2918,2918,2918
4634,0,1,0,0,0,1,1,1,1,0xb66,-2659,606,0,470,22386,-909,0xb65,0,0,0,5,0,2918,2918,2918
4635,0,1,0,0,0,1,1,1,1,0xb67,-3675,859,0,455,19070,-1070,0xb66,1,1,1,-135,0,2919,2918,2918
4636,0,1,0,0,0,1,1,1,1,0xb68,345,-1309,0,517,34047,179,0xb67,1,1,1,-225,0,2920,2919,2919
4637,0,1,0,0,0,1,0,0,0,0xb68,345,-1309,0,517,34047,179,0xb68,1,0,0,-58,0,2921,2920,2920
4638,0,1,0,0,0,1,1,1,1,0xb69,-976,572,0,497,28945,-432,0xb68,1,1,1,-58,0,2921,2920,2920
4639,0,1,0,0,0,1,1,1,1,0xb6a,-1861,-197,0,483,25468,-724,0xb69,1,1,1,-61,0,2922,2921,2921
4640,0,1,0,0,0,1,1,1,1,0xb6b,-3610,-1434,0,456,19282,-1063,0xb6a,1,1,1,34,0,2923,2922,2922
4641,0,1,0,0,0,1,1,1,1,0xb6c,-6659,-333,0,408,10782,-1096,0xb6b,1,1,1,372,0,2924,2923,2923
4642,0,1,0,0,0,1,0,1,0,0xb6c,-6659,-333,0,408,10782,-1096,0xb6c,1,1,1,89,0,2925,2924,2924
4643,0,1,0,0,0,1,1,1,1,0xb6d,-2628,199,0,471,22617,-907,0xb6c,0,1,0,89,0,2925,2925,2925
4644,0,1,0,0,0,1,1,0,0,0xb6e,-5922,332,0,419,12420,-1123,0xb6d,1,0,0,-45,0,2926,2925,2925
4645,0,1,0,0,0,1,1,1,1,0xb6e,-5922,332,0,419,12420,-1123,0xb6d,1,1,1,-45,0,2926,2925,2925
4646,0,1,0,0,0,1,1,1,1,0xb6f,-111,-1038,0,510,32256,-55,0xb6e,1,1,1,-92,0,2927,2926,2926
4647,0,1,0,0,0,1,0,1,0,0xb6f,-111,-1038,0,510,32256,-55,0xb6f,1,1,1,13,0,2928,2927,2927
4648,0,1,0,0,0,1,1,1,1,0xb70,-1726,-606,0,485,25957,-684,0xb6f,0,1,0,13,0,2928,2928,2928
4649,0,1,0,0,0,1,1,1,1,0xb71,-1452,-435,0,489,26943,-597,0xb70,1,1,1,101,0,2929,2928,2928
4650,0,1,0,0,0,1,0,1,0,0xb71,-1452,-435,0,489,26943,-597,0xb71,1,1,1,63,0,2930,2929,2929
4651,0,1,0,0,0,1,1,1,1,0xb72,-468,-1913,0,505,30978,-222,0xb71,0,0,0,63,0,2930,2930,2930
4652,0,1,0,0,0,1,0,1,0,0xb72,-468,-1913,0,505,30978,-222,0xb72,1,1,1,103,0,2931,2930,2930
4653,0,1,0,0,0,1,1,1,1,0xb73,-1798,-73,0,484,25712,-706,0xb72,0,1,0,103,0,2931,2931,2931
4654,0,1,0,0,0,1,1,1,1,0xb74,-8282,163,0,383,7705,-974,0xb73,1,1,1,12,0,2932,2931,2931
4655,0,1,0,0,0,1,1,1,1,0xb75,-12443,-25,0,318,3017,-573,0xb74,1,1,1,-39,0,2933,2932,2932
4656,0,1,0,0,0,1,1,1,1,0xb76,-171,1223,0,509,32000,-84,0xb75,1,1,1,3,0,2934,2933,2933
4657,0,1,0,0,0,1,0,0,0,0xb76,-171,1223,0,509,32000,-84,0xb76,1,0,0,-26,0,2935,2934,2934
4658,0,1,0,0,0,1,1,0,0,0xb77,-2372,746,0,475,23551,-853,0xb76,1,0,0,-26,0,2935,2934,2934
4659,0,1,0,0,0,1,1,1,1,0xb77,-2372,746,0,475,23551,-853,0xb76,1,1,1,-26,0,2935,2934,2934
4660,0,1,0,0,0,1,1,1,1,0xb78,-2282,364,0,476,23788,-829,0xb77,1,1,1,-156,0,2936,2935,2935
4661,0,1,0,0,0,1,1,1,1,0xb79,-8342,1351,0,382,7600,-968,0xb78,1,1,1,-74,0,2937,2936,2936
4662,0,1,0,0,0,1,0,1,0,0xb79,-8342,1351,0,382,7600,-968,0xb79,1,1,1,-320,0,2938,2937,2937
4663,0,1,0,0,0,1,1,1,1,0xb7a,-1751,1493,0,485,25957,-694,0xb79,0,1,0,-320,0,2938,2938,2938
4664,0,1,0,0,0,1,1,1,1,0xb7b,-2309,-566,0,476,23788,-839,0xb7a,1,1,1,-253,0,2939,2938,2938
4665,0,1,0,0,0,1,1,0,0,0xb7c,-2250,-640,0,477,24025,-825,0xb7b,1,0,0,115,0,2940,2939,2939
4666,0,1,0,0,0,1,1,1,1,0xb7c,-2250,-640,0,477,24025,-825,0xb7b,1,1,1,115,0,2940,2939,2939
4667,0,1,0,0,0,1,0,1,0,0xb7c,-2250,-640,0,477,24025,-825,0xb7c,1,1,1,128,0,2941,2940,2940
4668,0,1,0,0,0,1,1,1,1,0xb7d,-3239,1346,0,461,20362,-1007,0xb7c,0,1,0,128,0,2941,2941,2941
4669,0,1,0,0,0,1,1,1,1,0xb7e,-5124,744,0,432,14595,-1142,0xb7d,1,1,1,-331,0,2942,2941,2941
4670,0,1,0,0,0,1,1,1,1,0xb7f,-2552,-107,0,472,22849,-890,0xb7e,1,1,1,-208,0,2943,2942,2942
4671,0,1,0,0,0,1,1,1,1,0xb80,-4532,688,0,441,16252,-1124,0xb7f,1,1,1,23,0,2944,2943,2943
4672,0,1,0,0,0,1,0,0,0,0xb80,-4532,688,0,441,16252,-1124,0xb80,1,0,0,-189,0,2945,2944,2944
4673,0,1,0,0,0,1,1,1,1,0xb81,-3997,-117,0,450,18031,-1100,0xb80,1,1,1,-189,0,2945,2944,2944
4674,0,1,0,0,0,1,1,1,1,0xb82,363,1544,0,518,34303,190,0xb81,1,1,1,31,0,2946,2945,2945
4675,0,1,0,0,0,1,1,1,1,0xb83,-2297,231,0,476,23788,-834,0xb82,1,1,1,71,0,2947,2946,2946
4676,0,1,0,0,0,1,1,1,1,0xb84,-2383,826,0,475,23551,-857,0xb83,1,1,1,-48,0,2948,2947,2947
4677,0,1,0,0,0,1,0,1,0,0xb84,-2383,826,0,475,23551,-857,0xb84,1,1,1,-173,0,2949,2948,2948
4678,0,1,0,0,0,1,1,1,1,0xb85,-526,-189,0,504,30723,-247,0xb84,0,1,0,-173,0,2949,2949,2949
4679,0,1,0,0,0,1,1,0,0,0xb86,-2007,-208,0,481,24984,-766,0xb85,1,0,0,11,0,2950,2949,2949
4680,0,1,0,0,0,1,1,0,0,0xb86,-2007,-208,0,481,24984,-766,0xb85,1,0,0,11,0,2950,2949,2949
4681,0,1,0,0,0,1,1,1,1,0xb86,-2007,-208,0,481,24984,-766,0xb85,1,1,1,11,0,2950,2949,2949
4682,0,1,0,0,0,1,0,1,0,0xb86,-2007,-208,0,481,24984,-766,0xb86,1,1,1,38,0,2951,2950,2950
4683,0,1,0,0,0,1,1,1,1,0xb87,-3124,-1649,0,463,20803,-992,0xb86,0,1,0,38,0,2951,2951,2951
4684,0,1,0,0,0,1,0,1,0,0xb87,-3124,-1649,0,463,20803,-992,0xb87,1,1,1,399,0,2952,2951,2951
4685,0,1,0,0,0,1,1,1,1,0xb88,-2276,-161,0,476,23788,-827,0xb87,0,1,0,399,0,2952,2952,2952
4686,0,1,0,0,0,1,1,0,0,0xb89,-3195,-610,0,462,20582,-1004,0xb88,1,0,0,32,0,2953,2952,2952
4687,0,1,0,0,0,1,1,1,1,0xb89,-3195,-610,0,462,20582,-1004,0xb88,1,1,1,32,0,2953,2952,2952
4688,0,1,0,0,0,1,1,1,1,0xb8a,-3763,778,0,453,18650,-1071,0xb89,1,1,1,149,0,2954,2953,2953
4689,0,1,0,0,0,1,1,1,1,0xb8b,-3406,-238,0,459,19926,-1036,0xb8a,1,1,1,-204,0,2955,2954,2954
4690,0,1,0,0,0,1,1,1,1,0xb8c,-2619,-189,0,471,22617,-904,0xb8b,1,1,1,60,0,2956,2955,2955
4691,0,1,0,0,0,1,1,1,1,0xb8d,-528,588,0,504,30723,-248,0xb8c,1,1,1,41,0,2957,2956,2956
4692,0,1,0,0,0,1,0,1,0,0xb8d,-528,588,0,504,30723,-248,0xb8d,1,1,1,-36,0,2958,2957,2957
4693,0,1,0,0,0,1,1,1,1,0xb8e,-3860,434,0,452,18442,-1087,0xb8d,0,0,0,-36,0,2958,2958,2958
4694,0,1,0,0,0,1,1,1,1,0xb8f,-1089,712,0,495,28441,-473,0xb8e,1,1,1,-116,0,2959,2958,2958
4695,0,1,0,0,0,1,1,1,1,0xb90,-2422,-358,0,474,23316,-862,0xb8f,1,1,1,-83,0,2960,2959,2959
4696,0,1,0,0,0,1,1,1,1,0xb91,618,1316,0,522,35323,333,0xb90,1,1,1,75,0,2961,2960,2960
4697,0,1,0,0,0,1,0,1,0,0xb91,618,1316,0,522,35323,333,0xb91,1,1,1,106,0,2962,2961,2961
4698,0,1,0,0,0,1,1,1,1,0xb92,646,639,0,522,35323,348,0xb91,0,1,0,106,0,2962,2962,2962
4699,0,1,0,0,0,1,1,1,1,0xb93,-1666,-83,0,486,26202,-667,0xb92,1,1,1,54,0,2963,2962,2962
4700,0,1,0,0,0,1,1,0,0,0xb94,-157,-697,0,510,32256,-78,0xb93,1,0,0,13,0,2964,2963,2963
4701,0,1,0,0,0,1,1,1,1,0xb94,-157,-697,0,510,32256,-78,0xb93,1,1,1,13,0,2964,2963,2963
4702,0,1,0,0,0,1,0,1,0,0xb94,-157,-697,0,510,32256,-78,0xb94,1,1,1,13,0,2965,2964,2964
4703,0,1,0,0,0,1,1,1,1,0xb95,-4238,-1544,0,446,17226,-1114,0xb94,0,0,0,13,0,2965,2965,2965
4704,0,1,0,0,0,1,1,1,1,0xb96,-877,-281,0,498,29198,-391,0xb95,1,1,1,419,0,2966,2965,2965
4705,0,1,0,0,0,1,1,1,1,0xb97,-2590,-423,0,472,22849,-903,0xb96,1,1,1,26,0,2967,2966,2966
4706,0,1,0,0,0,1,1,1,1,0xb98,-1578,1004,0,487,26448,-637,0xb97,1,1,1,93,0,2968,2967,2967
4707,0,1,0,0,0,1,0,0,0,0xb98,-1578,1004,0,487,26448,-637,0xb98,1,0,0,-157,0,2969,2968,2968
4708,0,1,0,0,0,1,1,1,1,0xb99,-3175,762,0,462,20582,-998,0xb98,1,1,1,-157,0,2969,2968,2968
4709,0,1,0,0,0,1,1,1,1,0xb9a,-2381,730,0,475,23551,-856,0xb99,1,1,1,-186,0,2970,2969,2969
4710,0,1,0,0,0,1,1,1,1,0xb9b,-3352,-717,0,460,20143,-1031,0xb9a,1,1,1,-153,0,2971,2970,2970
4711,0,1,0,0,0,1,1,1,1,0xb9c,-1160,342,0,494,28190,-499,0xb9b,1,1,1,180,0,2972,2971,2971
4712,0,1,0,0,0,1,0,1,0,0xb9c,-1160,342,0,494,28190,-499,0xb9c,1,1,1,-42,0,2973,2972,2972
4713,0,1,0,0,0,1,1,1,1,0xb9d,-1272,-246,0,492,27689,-538,0xb9c,0,1,0,-42,0,2973,2973,2973
4714,0,1,0,0,0,1,1,0,0,0xb9e,1587,-2690,0,537,39088,946,0xb9d,1,0,0,32,0,2974,2973,2973
4715,0,1,0,0,0,1,1,1,1,0xb9e,1587,-2690,0,537,39088,946,0xb9d,1,1,1,32,0,2974,2973,2973
4716,0,1,0,0,0,1,1,1,1,0xb9f,-3308,73,0,460,20143,-1017,0xb9e,1,1,1,-622,0,2975,2974,2974
4717,0,1,0,0,0,1,0,1,0,0xb9f,-3308,73,0,460,20143,-1017,0xb9f,1,1,1,-19,0,2976,2975,2975
4718,0,1,0,0,0,1,0,1,0,0xb9f,-3308,73,0,460,20143,-1017,0xb9f,0,1,0,-19,0,2976,2976,2976
4719,0,1,0,0,0,1,1,1,1,0xba0,-4979,415,0,434,14952,-1136,0xb9f,0,1,0,-19,0,2976,2976,2976
4720,0,1,0,0,0,1,1,1,1,0xba1,-836,-1972,0,499,29451,-376,0xba0,1,1,1,-116,0,2977,2976,2976
4721,0,1,0,0,0,1,1,0,0,0xba2,1030,-153,0,528,36843,579,0xba1,1,0,0,181,0,2978,2977,2977
4722,0,1,0,0,0,1,1,1,1,0xba2,1030,-153,0,528,36843,579,0xba1,1,1,1,181,0,2978,2977,2977
4723,0,1,0,0,0,1,1,1,1,0xba3,-3015,136,0,465,21249,-978,0xba2,1,1,1,-22,0,2979,2978,2978
4724,0,1,0,0,0,1,1,1,1,0xba4,-3272,-26,0,461,20362,-1017,0xba3,1,1,1,-33,0,2980,2979,2979
4725,0,1,0,0,0,1,1,1,1,0xba5,1755,1134,0,539,39579,1059,0xba4,1,1,1,6,0,2981,2980,2980
4726,0,1,0,0,0,1,1,0,0,0xba6,-3114,170,0,463,20803,-989,0xba5,1,0,0,293,0,2982,2981,2981
4727,0,1,0,0,0,1,1,1,1,0xba6,-3114,170,0,463,20803,-989,0xba5,1,1,1,293,0,2982,2981,2981
4728,0,1,0,0,0,1,1,0,0,0xba7,-2338,137,0,475,23551,-841,0xba6,1,0,0,-42,0,2983,2982,2982
4729,0,1,0,0,0,1,1,1,1,0xba7,-2338,137,0,475,23551,-841,0xba6,1,1,1,-42,0,2983,2982,2982
4730,0,1,0,0,0,1,1,1,1,0xba8,-3202,959,0,462,20582,-1006,0xba7,1,1,1,-29,0,2984,2983,2983
4731,0,1,0,0,0,1,1,1,1,0xba9,-827,-928,0,499,29451,-372,0xba8,1,1,1,-236,0,2985,2984,2984
4732,0,1,0,0,0,1,0,1,0,0xba9,-827,-928,0,499,29451,-372,0xba9,1,1,1,84,0,2986,2985,2985
4733,0,1,0,0,0,1,1,1,1,0xbaa,-2249,-1327,0,477,24025,-825,0xba9,0,1,0,84,0,2986,2986,2986
4734,0,1,0,0,0,1,1,1,1,0xbab,252,1490,0,516,33792,129,0xbaa,1,1,1,267,0,2987,2986,2986
4735,0,1,0,0,0,1,0,0,0,0xbab,252,1490,0,516,33792,129,0xbab,1,0,0,46,0,2988,2987,2987
4736,0,1,0,0,0,1,1,1,1,0xbac,-1548,106,0,488,26695,-631,0xbab,1,1,1,46,0,2988,2987,2987
4737,0,1,0,0,0,1,0,1,0,0xbac,-1548,106,0,488,26695,-631,0xbac,1,1,1,-17,0,2989,2988,2988
4738,0,1,0,0,0,1,1,1,1,0xbad,-2147,-85,0,478,24263,-795,0xbac,0,1,0,-17,0,2989,2989,2989
4739,0,1,0,0,0,1,1,1,1,0xbae,-3116,-1055,0,463,20803,-990,0xbad,1,1,1,16,0,2990,2989,2989
4740,0,1,0,0,0,1,1,1,1,0xbaf,-1499,-1068,0,489,26943,-617,0xbae,1,1,1,254,0,2991,2990,2990
4741,0,1,0,0,0,1,1,1,1,0xbb0,-1031,-735,0,496,28693,-452,0xbaf,1,1,1,160,0,2992,2991,2991
4742,0,1,0,0,0,1,0,0,0,0xbb0,-1031,-735,0,496,28693,-452,0xbb0,1,0,0,81,0,2993,2992,2992
4743,0,1,0,0,0,1,1,1,1,0xbb1,-1139,-668,0,494,28190,-490,0xbb0,1,1,1,81,0,2993,2992,2992
4744,0,1,0,0,0,1,1,1,1,0xbb2,-947,-646,0,497,28945,-419,0xbb1,1,1,1,79,0,2994,2993,2993
4745,0,1,0,0,0,1,1,1,1,0xbb3,-1676,-7,0,486,26202,-671,0xbb2,1,1,1,66,0,2995,2994,2994
4746,0,1,0,0,0,1,1,1,1,0xbb4,-3017,1311,0,465,21249,-979,0xbb3,1,1,1,1,0,2996,2995,2995
4747,0,1,0,0,0,1,0,1,0,0xbb4,-3017,1311,0,465,21249,-979,0xbb4,1,1,1,-314,0,2997,2996,2996
4748,0,1,0,0,0,1,1,1,1,0xbb5,-1841,1475,0,483,25468,-716,0xbb4,0,1,0,-314,0,2997,2997,2997
4749,0,1,0,0,0,1,1,0,0,0xbb6,-2783,1190,0,469,22156,-941,0xbb5,1,0,0,-258,0,2998,2997,2997
4750,0,1,0,0,0,1,1,1,1,0xbb6,-2783,1190,0,469,22156,-941,0xbb5,1,1,1,-258,0,2998,2997,2997
4751,0,1,0,0,0,1,1,1,1,0xbb7,-3152,273,0,463,20803,-1001,0xbb6,1,1,1,-274,0,2999,2998,2998
4752,0,1,0,0,0,1,0,1,0,0xbb7,-3152,273,0,463,20803,-1001,0xbb7,1,1,1,-67,0,3000,2999,2999
4753,0,1,0,0,0,1,1,1,1,0xbb8,-4984,1183,0,434,14952,-1138,0xbb7,0,1,0,-67,0,3000,3000,3000
4754,0,1,0,0,0,1,1,1,1,0xbb9,-1712,-34,0,485,25957,-679,0xbb8,1,1,1,-329,0,3001,3000,3000
4755,0,1,0,0,0,1,1,1,1,0xbba,-3421,-1532,0,459,19926,-1041,0xbb9,1,1,1,5,0,3002,3001,3001
4756,0,1,0,0,0,1,1,0,0,0xbbb,-2324,-224,0,476,23788,-844,0xbba,1,0,0,389,0,3003,3002,3002
4757,0,1,0,0,0,1,1,1,1,0xbbb,-2324,-224,0,476,23788,-844,0xbba,1,1,1,389,0,3003,3002,3002
4758,0,1,0,0,0,1,1,1,1,0xbbc,-541,390,0,504,30723,-254,0xbbb,1,1,1,46,0,3004,3003,3003
4759,0,1,0,0,0,1,1,1,1,0xbbd,1158,-948,0,530,37346,659,0xbbc,1,1,1,-25,0,3005,3004,3004
4760,0,1,0,0,0,1,1,1,1,0xbbe,-2096,-23,0,479,24502,-784,0xbbd,1,1,1,-153,0,3006,3005,3005
4761,0,1,0,0,0,1,1,1,1,0xbbf,-2189,831,0,478,24263,-811,0xbbe,1,1,1,4,0,3007,3006,3006
4762,0,1,0,0,0,1,0,1,0,0xbbf,-2189,831,0,478,24263,-811,0xbbf,1,1,1,-165,0,3008,3007,3007
4763,0,1,0,0,0,1,1,1,1,0xbc0,-535,-2195,0,504,30723,-251,0xbbf,0,0,0,-165,0,3008,3008,3008
4764,0,1,0,0,0,1,1,1,1,0xbc1,-2648,-637,0,471,22617,-914,0xbc0,1,1,1,134,0,3009,3008,3008
4765,0,1,0,0,0,1,1,1,1,0xbc2,-998,-1836,0,496,28693,-437,0xbc1,1,1,1,142,0,3010,3009,3009
4766,0,1,0,0,0,1,1,1,1,0xbc3,-786,-158,0,500,29705,-357,0xbc2,1,1,1,195,0,3011,3010,3010
4767,0,1,0,0,0,1,0,1,0,0xbc3,-786,-158,0,500,29705,-357,0xbc3,1,1,1,13,0,3012,3011,3011
4768,0,1,0,0,0,1,1,1,1,0xbc4,416,-845,0,519,34558,219,0xbc3,0,1,0,13,0,3012,3012,3012
4769,0,1,0,0,0,1,0,1,0,0xbc4,416,-845,0,519,34558,219,0xbc4,1,1,1,-46,0,3013,3012,3012
4770,0,1,0,0,0,1,1,1,1,0xbc5,-3128,146,0,463,20803,-993,0xbc4,0,0,0,-46,0,3013,3013,3013
4771,0,1,0,0,0,1,1,1,1,0xbc6,137,-14,0,514,33280,69,0xbc5,1,1,1,-36,0,3014,3013,3013
4772,0,1,0,0,0,1,0,0,0,0xbc6,137,-14,0,514,33280,69,0xbc6,1,0,0,-1,0,3015,3014,3014
4773,0,1,0,0,0,1,1,1,1,0xbc7,-1353,-1546,0,491,27440,-567,0xbc6,1,1,1,-1,0,3015,3014,3014
4774,0,1,0,0,0,1,1,1,1,0xbc8,-4743,-1872,0,438,15686,-1136,0xbc7,1,1,1,214,0,3016,3015,3015
4775,0,1,0,0,0,1,1,1,1,0xbc9,872,35,0,526,36338,483,0xbc8,1,1,1,519,0,3017,3016,3016
4776,0,1,0,0,0,1,1,1,1,0xbca,-2176,932,0,478,24263,-806,0xbc9,1,1,1,4,0,3018,3017,3017
4777,0,1,0,0,0,1,0,0,0,0xbca,-2176,932,0,478,24263,-806,0xbca,1,0,0,-184,0,3019,3018,3018
4778,0,1,0,0,0,1,1,1,1,0xbcb,-866,732,0,498,29198,-386,0xbca,1,1,1,-184,0,3019,3018,3018
4779,0,1,0,0,0,1,1,1,1,0xbcc,-250,100,0,508,31744,-122,0xbcb,1,1,1,-69,0,3020,3019,3019
4780,0,1,0,0,0,1,1,1,1,0xbcd,-1060,779,0,495,28441,-461,0xbcc,1,1,1,-3,0,3021,3020,3020
4781,0,1,0,0,0,1,1,1,1,0xbce,-2378,-958,0,475,23551,-855,0xbcd,1,1,1,-88,0,3022,3021,3021
4782,0,1,0,0,0,1,0,1,0,0xbce,-2378,-958,0,475,23551,-855,0xbce,1,1,1,199,0,3023,3022,3022
4783,0,1,0,0,0,1,1,1,1,0xbcf,998,-1485,0,528,36843,561,0xbce,0,1,0,199,0,3023,3023,3023
4784,0,1,0,0,0,1,1,0,0,0xbd0,-3012,-91,0,465,21249,-977,0xbcf,1,0,0,-204,0,3024,3023,3023
4785,0,1,0,0,0,1,1,1,1,0xbd0,-3012,-91,0,465,21249,-977,0xbcf,1,1,1,-204,0,3024,3023,3023
4786,0,1,0,0,0,1,0,1,0,0xbd0,-3012,-91,0,465,21249,-977,0xbd0,1,1,1,21,0,3025,3024,3024
4787,0,1,0,0,0,1,0,1,0,0xbd0,-3012,-91,0,465,21249,-977,0xbd0,0,1,0,21,0,3025,3025,3025
4788,0,1,0,0,0,1,1,1,1,0xbd1,-2782,1225,0,469,22156,-941,0xbd0,0,1,0,21,0,3025,3025,3025
4789,0,1,0,0,0,1,1,1,1,0xbd2,-2445,5,0,474,23316,-870,0xbd1,1,1,1,-282,0,3026,3025,3025
4790,0,1,0,0,0,1,1,1,1,0xbd3,-2788,80,0,468,21928,-933,0xbd2,1,1,1,-2,0,3027,3026,3026
4791,0,1,0,0,0,1,1,0,0,0xbd4,-1066,476,0,495,28441,-463,0xbd3,1,0,0,-19,0,3028,3027,3027
4792,0,1,0,0,0,1,1,1,1,0xbd4,-1066,476,0,495,28441,-463,0xbd3,1,1,1,-19,0,3028,3027,3027
4793,0,1,0,0,0,1,1,1,1,0xbd5,-2917,1689,0,466,21474,-956,0xbd4,1,1,1,-54,0,3029,3028,3028
4794,0,1,0,0,0,1,1,1,1,0xbd6,-9036,182,0,371,6519,-899,0xbd5,1,1,1,-395,0,3030,3029,3029
4795,0,1,0,0,0,1,1,0,0,0xbd7,-3545,-20,0,457,19495,-1055,0xbd6,1,0,0,-40,0,3031,3030,3030
4796,0,1,0,0,0,1,1,1,1,0xbd7,-3545,-20,0,457,19495,-1055,0xbd6,1,1,1,-40,0,3031,3030,3030
4797,0,1,0,0,0,1,0,1,0,0xbd7,-3545,-20,0,457,19495,-1055,0xbd7,1,1,1,5,0,3032,3031,3031
4798,0,1,0,0,0,1,1,1,1,0xbd8,-5105,773,0,432,14595,-1137,0xbd7,0,0,0,5,0,3032,3032,3032
4799,0,1,0,0,0,1,1,1,1,0xbd9,-1667,550,0,486,26202,-667,0xbd8,1,1,1,-215,0,3033,3032,3032
4800,0,1,0,0,0,1,1,1,1,0xbda,-1349,-135,0,491,27440,-565,0xbd9,1,1,1,-90,0,3034,3033,3033
4801,0,1,0,0,0,1,1,1,1,0xbdb,-967,-1336,0,497,28945,-428,0xbda,1,1,1,18,0,3035,3034,3034
4802,0,1,0,0,0,1,0,1,0,0xbdb,-967,-1336,0,497,28945,-428,0xbdb,1,1,1,139,0,3036,3035,3035
4803,0,1,0,0,0,1,0,1,0,0xbdb,-967,-1336,0,497,28945,-428,0xbdb,0,1,0,139,0,3036,3036,3036
4804,0,1,0,0,0,1,1,1,1,0xbdc,-290,86,0,507,31489,-140,0xbdb,0,1,0,139,0,3036,3036,3036
4805,0,1,0,0,0,1,1,0,0,0xbdd,-225,-228,0,508,31744,-109,0xbdc,1,0,0,-3,0,3037,3036,3036
4806,0,1,0,0,0,1,1,1,1,0xbdd,-225,-228,0,508,31744,-109,0xbdc,1,1,1,-3,0,3037,3036,3036
4807,0,1,0,0,0,1,0,1,0,0xbdd,-225,-228,0,508,31744,-109,0xbdd,1,1,1,6,0,3038,3037,3037
4808,0,1,0,0,0,1,1,1,1,0xbde,-4077,591,0,448,17625,-1097,0xbdd,0,1,0,6,0,3038,3038,3038
4809,0,1,0,0,0,1,1,1,1,0xbdf,-3677,1097,0,455,19070,-1070,0xbde,1,1,1,-159,0,3039,3038,3038
4810,0,1,0,0,0,1,1,1,1,0xbe0,-1558,1622,0,488,26695,-635,0xbdf,1,1,1,-287,0,3040,3039,3039
4811,0,1,0,0,0,1,1,1,1,0xbe1,-2038,257,0,480,24743,-770,0xbe0,1,1,1,-252,0,3041,3040,3040
4812,0,1,0,0,0,1,0,0,0,0xbe1,-2038,257,0,480,24743,-770,0xbe1,1,0,0,-49,0,3042,3041,3041
4813,0,1,0,0,0,1,1,1,1,0xbe2,-3407,951,0,459,19926,-1036,0xbe1,1,1,1,-49,0,3042,3041,3041
4814,0,1,0,0,0,1,1,1,1,0xbe3,-529,254,0,504,30723,-248,0xbe2,1,1,1,-241,0,3043,3042,3042
4815,0,1,0,0,0,1,1,1,1,0xbe4,-1450,374,0,489,26943,-597,0xbe3,1,1,1,-16,0,3044,3043,3043
4816,0,1,0,0,0,1,1,1,1,0xbe5,893,-69,0,526,36338,495,0xbe4,1,1,1,-55,0,3045,3044,3044
4817,0,1,0,0,0,1,0,1,0,0xbe5,893,-69,0,526,36338,495,0xbe5,1,1,1,-9,0,3046,3045,3045
4818,0,1,0,0,0,1,1,1,1,0xbe6,-1368,-600,0,491,27440,-573,0xbe5,0,0,0,-9,0,3046,3046,3046
4819,0,1,0,0,0,1,1,0,0,0xbe7,-1765,1691,0,484,25712,-693,0xbe6,1,0,0,83,0,3047,3046,3046
4820,0,1,0,0,0,1,1,1,1,0xbe7,-1765,1691,0,484,25712,-693,0xbe6,1,1,1,83,0,3047,3046,3046
4821,0,1,0,0,0,1,1,1,1,0xbe8,-1773,87,0,484,25712,-696,0xbe7,1,1,1,-287,0,3048,3047,3047
4822,0,1,0,0,0,1,0,1,0,0xbe8,-1773,87,0,484,25712,-696,0xbe8,1,1,1,-15,0,3049,3048,3048
4823,0,1,0,0,0,1,1,1,1,0xbe9,-5052,32,0,433,14773,-1139,0xbe8,0,1,0,-15,0,3049,3049,3049
4824,0,1,0,0,0,1,1,1,1,0xbea,-2376,637,0,475,23551,-854,0xbe9,1,1,1,-9,0,3050,3049,3049
4825,0,1,0,0,0,1,1,1,1,0xbeb,183,-1736,0,515,33536,93,0xbea,1,1,1,-133,0,3051,3050,3050
4826,0,1,0,0,0,1,1,0,0,0xbec,-619,1227,0,502,30213,-286,0xbeb,1,0,0,-40,0,3052,3051,3051
4827,0,1,0,0,0,1,1,1,1,0xbec,-619,1227,0,502,30213,-286,0xbeb,1,1,1,-40,0,3052,3051,3051
4828,0,1,0,0,0,1,1,1,1,0xbed,-2687,-1832,0,470,22386,-918,0xbec,1,1,1,-86,0,3053,3052,3052
4829,0,1,0,0,0,1,1,1,1,0xbee,-1382,-1076,0,490,27191,-574,0xbed,1,1,1,410,0,3054,3053,3053
4830,0,1,0,0,0,1,1,1,1,0xbef,-1740,-828,0,485,25957,-690,0xbee,1,1,1,150,0,3055,3054,3054
4831,0,1,0,0,0,1,1,1,1,0xbf0,-146,806,0,510,32256,-72,0xbef,1,1,1,139,0,3056,3055,3055
4832,0,1,0,0,0,1,0,1,0,0xbf0,-146,806,0,510,32256,-72,0xbf0,1,1,1,-15,0,3057,3056,3056
4833,0,1,0,0,0,1,1,1,1,0xbf1,-2948,-648,0,466,21474,-966,0xbf0,0,0,0,-15,0,3057,3057,3057
4834,0,1,0,0,0,1,1,1,1,0xbf2,-810,-405,0,499,29451,-365,0xbf1,1,1,1,152,0,3058,3057,3057
4835,0,1,0,0,0,1,1,1,1,0xbf3,-1411,713,0,490,27191,-586,0xbf2,1,1,1,36,0,3059,3058,3058
4836,0,1,0,0,0,1,1,1,1,0xbf4,-1602,-1599,0,487,26448,-647,0xbf3,1,1,1,-103,0,3060,3059,3059
4837,0,1,0,0,0,1,0,1,0,0xbf4,-1602,-1599,0,487,26448,-647,0xbf4,1,1,1,252,0,3061,3060,3060
4838,0,1,0,0,0,1,1,1,1,0xbf5,-2126,-778,0,479,24502,-795,0xbf4,0,1,0,252,0,3061,3061,3061
4839,0,1,0,0,0,1,1,1,1,0xbf6,-2287,-1036,0,476,23788,-831,0xbf5,1,1,1,151,0,3062,3061,3061
4840,0,1,0,0,0,1,1,0,0,0xbf7,-1017,-1594,0,496,28693,-446,0xbf6,1,0,0,210,0,3063,3062,3062
4841,0,1,0,0,0,1,1,0,0,0xbf7,-1017,-1594,0,496,28693,-446,0xbf6,1,0,0,210,0,3063,3062,3062
4842,0,1,0,0,0,1,1,1,1,0xbf7,-1017,-1594,0,496,28693,-446,0xbf6,1,1,1,210,0,3063,3062,3062
4843,0,1,0,0,0,1,1,1,1,0xbf8,-2584,-608,0,472,22849,-901,0xbf7,1,1,1,173,0,3064,3063,3063
4844,0,1,0,0,0,1,1,1,1,0xbf9,-2563,411,0,472,22849,-894,0xbf8,1,1,1,133,0,3065,3064,3064
4845,0,1,0,0,0,1,1,1,1,0xbfa,-1556,-59,0,488,26695,-634,0xbf9,1,1,1,-90,0,3066,3065,3065
4846,0,1,0,0,0,1,1,1,1,0xbfb,-2953,1854,0,466,21474,-968,0xbfa,1,1,1,9,0,3067,3066,3066
4847,0,1,0,0,0,1,0,0,0,0xbfb,-2953,1854,0,466,21474,-968,0xbfb,1,0,0,-439,0,3068,3067,3067
4848,0,1,0,0,0,1,1,1,1,0xbfc,-4434,1296,0,443,16637,-1126,0xbfb,1,1,1,-439,0,3068,3067,3067
4849,0,1,0,0,0,1,1,1,1,0xbfd,-1373,1747,0,491,27440,-575,0xbfc,1,1,1,-357,0,3069,3068,3068
4850,0,1,0,0,0,1,1,1,1,0xbfe,-2377,-4664,0,475,23551,-855,0xbfd,1,1,1,-246,0,3070,3069,3069
4851,0,1,0,0,0,1,1,1,1,0xbff,1401,941,1,534,38345,819,0xbfe,1,1,1,973,0,3071,3070,3070
4852,0,1,0,0,0,1,0,0,0,0xbff,1401,941,1,534,38345,819,0xbff,1,1,1,188,1,3072,3071,3071
4853,0,0,1,0,0,2,0,0,0,0xbff,1401,941,1,534,38345,819,0xbff,0,0,0,188,0,3072,3072,3072
