cycle,start,busy,done,error,state,residual_busy,residual_done,norm_busy,norm_done,residual_count,stage_cycle_count,residual_saturation,norm_saturation,sum_squares,inv_rms
0,0,0,0,0,0,0,0,0,0,0,0,0,0,0,0
1,1,0,0,0,0,0,0,0,0,0,0,0,0,0,0
2,0,1,0,0,1,0,0,0,0,0,0,0,0,0,0
3,0,1,0,0,2,1,0,0,0,0,1,0,0,0,0
4,0,1,0,0,2,1,0,0,0,1,2,0,0,0,0
5,0,1,0,0,2,1,0,0,0,2,3,0,0,0,0
6,0,1,0,0,2,1,0,0,0,3,4,0,0,0,0
7,0,1,0,0,2,1,0,0,0,4,5,0,0,0,0
8,0,1,0,0,2,1,0,0,0,5,6,0,0,0,0
9,0,1,0,0,2,1,0,0,0,6,7,0,0,0,0
10,0,1,0,0,2,1,0,0,0,7,8,0,0,0,0
11,0,1,0,0,2,1,0,0,0,8,9,0,0,0,0
12,0,1,0,0,2,1,0,0,0,9,10,0,0,0,0
13,0,1,0,0,2,1,0,0,0,10,11,0,0,0,0
14,0,1,0,0,2,1,0,0,0,11,12,0,0,0,0
15,0,1,0,0,2,1,0,0,0,12,13,0,0,0,0
16,0,1,0,0,2,1,0,0,0,13,14,0,0,0,0
17,0,1,0,0,2,1,0,0,0,14,15,0,0,0,0
18,0,1,0,0,2,1,0,0,0,15,16,0,0,0,0
19,0,1,0,0,2,1,0,0,0,16,17,0,0,0,0
20,0,1,0,0,2,1,0,0,0,17,18,0,0,0,0
21,0,1,0,0,2,1,0,0,0,18,19,0,0,0,0
22,0,1,0,0,2,1,0,0,0,19,20,0,0,0,0
23,0,1,0,0,2,1,0,0,0,20,21,0,0,0,0
24,0,1,0,0,2,1,0,0,0,21,22,0,0,0,0
25,0,1,0,0,2,1,0,0,0,22,23,0,0,0,0
26,0,1,0,0,2,1,0,0,0,23,24,0,0,0,0
27,0,1,0,0,2,1,0,0,0,24,25,0,0,0,0
28,0,1,0,0,2,1,0,0,0,25,26,0,0,0,0
29,0,1,0,0,2,1,0,0,0,26,27,0,0,0,0
30,0,1,0,0,2,1,0,0,0,27,28,0,0,0,0
31,0,1,0,0,2,1,0,0,0,28,29,0,0,0,0
32,0,1,0,0,2,1,0,0,0,29,30,0,0,0,0
33,0,1,0,0,2,1,0,0,0,30,31,0,0,0,0
34,0,1,0,0,2,1,0,0,0,31,32,0,0,0,0
35,0,1,0,0,2,1,0,0,0,32,33,0,0,0,0
36,0,1,0,0,2,1,0,0,0,33,34,0,0,0,0
37,0,1,0,0,2,1,0,0,0,34,35,0,0,0,0
38,0,1,0,0,2,1,0,0,0,35,36,0,0,0,0
39,0,1,0,0,2,1,0,0,0,36,37,0,0,0,0
40,0,1,0,0,2,1,0,0,0,37,38,0,0,0,0
41,0,1,0,0,2,1,0,0,0,38,39,0,0,0,0
42,0,1,0,0,2,1,0,0,0,39,40,0,0,0,0
43,0,1,0,0,2,1,0,0,0,40,41,0,0,0,0
44,0,1,0,0,2,1,0,0,0,41,42,0,0,0,0
45,0,1,0,0,2,1,0,0,0,42,43,0,0,0,0
46,0,1,0,0,2,1,0,0,0,43,44,0,0,0,0
47,0,1,0,0,2,1,0,0,0,44,45,0,0,0,0
48,0,1,0,0,2,1,0,0,0,45,46,0,0,0,0
49,0,1,0,0,2,1,0,0,0,46,47,0,0,0,0
50,0,1,0,0,2,1,0,0,0,47,48,0,0,0,0
51,0,1,0,0,2,1,0,0,0,48,49,0,0,0,0
52,0,1,0,0,2,1,0,0,0,49,50,0,0,0,0
53,0,1,0,0,2,1,0,0,0,50,51,0,0,0,0
54,0,1,0,0,2,1,0,0,0,51,52,0,0,0,0
55,0,1,0,0,2,1,0,0,0,52,53,0,0,0,0
56,0,1,0,0,2,1,0,0,0,53,54,0,0,0,0
57,0,1,0,0,2,1,0,0,0,54,55,0,0,0,0
58,0,1,0,0,2,1,0,0,0,55,56,0,0,0,0
59,0,1,0,0,2,1,0,0,0,56,57,0,0,0,0
60,0,1,0,0,2,1,0,0,0,57,58,0,0,0,0
61,0,1,0,0,2,1,0,0,0,58,59,0,0,0,0
62,0,1,0,0,2,1,0,0,0,59,60,0,0,0,0
63,0,1,0,0,2,1,0,0,0,60,61,0,0,0,0
64,0,1,0,0,2,1,0,0,0,61,62,0,0,0,0
65,0,1,0,0,2,1,0,0,0,62,63,0,0,0,0
66,0,1,0,0,2,1,0,0,0,63,64,0,0,0,0
67,0,1,0,0,2,1,0,0,0,64,65,0,0,0,0
68,0,1,0,0,2,1,0,0,0,65,66,0,0,0,0
69,0,1,0,0,2,1,0,0,0,66,67,0,0,0,0
70,0,1,0,0,2,1,0,0,0,67,68,0,0,0,0
71,0,1,0,0,2,1,0,0,0,68,69,0,0,0,0
72,0,1,0,0,2,1,0,0,0,69,70,0,0,0,0
73,0,1,0,0,2,1,0,0,0,70,71,0,0,0,0
74,0,1,0,0,2,1,0,0,0,71,72,0,0,0,0
75,0,1,0,0,2,1,0,0,0,72,73,0,0,0,0
76,0,1,0,0,2,1,0,0,0,73,74,0,0,0,0
77,0,1,0,0,2,1,0,0,0,74,75,0,0,0,0
78,0,1,0,0,2,1,0,0,0,75,76,0,0,0,0
79,0,1,0,0,2,1,0,0,0,76,77,0,0,0,0
80,0,1,0,0,2,1,0,0,0,77,78,0,0,0,0
81,0,1,0,0,2,1,0,0,0,78,79,0,0,0,0
82,0,1,0,0,2,1,0,0,0,79,80,0,0,0,0
83,0,1,0,0,2,1,0,0,0,80,81,0,0,0,0
84,0,1,0,0,2,1,0,0,0,81,82,0,0,0,0
85,0,1,0,0,2,1,0,0,0,82,83,0,0,0,0
86,0,1,0,0,2,1,0,0,0,83,84,0,0,0,0
87,0,1,0,0,2,1,0,0,0,84,85,0,0,0,0
88,0,1,0,0,2,1,0,0,0,85,86,0,0,0,0
89,0,1,0,0,2,1,0,0,0,86,87,0,0,0,0
90,0,1,0,0,2,1,0,0,0,87,88,0,0,0,0
91,0,1,0,0,2,1,0,0,0,88,89,0,0,0,0
92,0,1,0,0,2,1,0,0,0,89,90,0,0,0,0
93,0,1,0,0,2,1,0,0,0,90,91,0,0,0,0
94,0,1,0,0,2,1,0,0,0,91,92,0,0,0,0
95,0,1,0,0,2,1,0,0,0,92,93,0,0,0,0
96,0,1,0,0,2,1,0,0,0,93,94,0,0,0,0
97,0,1,0,0,2,1,0,0,0,94,95,0,0,0,0
98,0,1,0,0,2,1,0,0,0,95,96,0,0,0,0
99,0,1,0,0,2,1,0,0,0,96,97,0,0,0,0
100,0,1,0,0,2,1,0,0,0,97,98,0,0,0,0
101,0,1,0,0,2,1,0,0,0,98,99,0,0,0,0
102,0,1,0,0,2,1,0,0,0,99,100,0,0,0,0
103,0,1,0,0,2,1,0,0,0,100,101,0,0,0,0
104,0,1,0,0,2,1,0,0,0,101,102,0,0,0,0
105,0,1,0,0,2,1,0,0,0,102,103,0,0,0,0
106,0,1,0,0,2,1,0,0,0,103,104,0,0,0,0
107,0,1,0,0,2,1,0,0,0,104,105,0,0,0,0
108,0,1,0,0,2,1,0,0,0,105,106,0,0,0,0
109,0,1,0,0,2,1,0,0,0,106,107,0,0,0,0
110,0,1,0,0,2,1,0,0,0,107,108,0,0,0,0
111,0,1,0,0,2,1,0,0,0,108,109,0,0,0,0
112,0,1,0,0,2,1,0,0,0,109,110,0,0,0,0
113,0,1,0,0,2,1,0,0,0,110,111,0,0,0,0
114,0,1,0,0,2,1,0,0,0,111,112,0,0,0,0
115,0,1,0,0,2,1,0,0,0,112,113,0,0,0,0
116,0,1,0,0,2,1,0,0,0,113,114,0,0,0,0
117,0,1,0,0,2,1,0,0,0,114,115,0,0,0,0
118,0,1,0,0,2,1,0,0,0,115,116,0,0,0,0
119,0,1,0,0,2,1,0,0,0,116,117,0,0,0,0
120,0,1,0,0,2,1,0,0,0,117,118,0,0,0,0
121,0,1,0,0,2,1,0,0,0,118,119,0,0,0,0
122,0,1,0,0,2,1,0,0,0,119,120,0,0,0,0
123,0,1,0,0,2,1,0,0,0,120,121,0,0,0,0
124,0,1,0,0,2,1,0,0,0,121,122,0,0,0,0
125,0,1,0,0,2,1,0,0,0,122,123,0,0,0,0
126,0,1,0,0,2,1,0,0,0,123,124,0,0,0,0
127,0,1,0,0,2,1,0,0,0,124,125,0,0,0,0
128,0,1,0,0,2,1,0,0,0,125,126,0,0,0,0
129,0,1,0,0,2,1,0,0,0,126,127,0,0,0,0
130,1,1,0,0,2,1,0,0,0,127,128,0,0,0,0
131,0,1,0,0,2,1,0,0,0,128,129,0,0,0,0
132,0,1,0,0,2,1,0,0,0,129,130,0,0,0,0
133,0,1,0,0,2,1,0,0,0,130,131,0,0,0,0
134,0,1,0,0,2,1,0,0,0,131,132,0,0,0,0
135,0,1,0,0,2,1,0,0,0,132,133,0,0,0,0
136,0,1,0,0,2,1,0,0,0,133,134,0,0,0,0
137,0,1,0,0,2,1,0,0,0,134,135,0,0,0,0
138,0,1,0,0,2,1,0,0,0,135,136,0,0,0,0
139,0,1,0,0,2,1,0,0,0,136,137,0,0,0,0
140,0,1,0,0,2,1,0,0,0,137,138,0,0,0,0
141,0,1,0,0,2,1,0,0,0,138,139,0,0,0,0
142,0,1,0,0,2,1,0,0,0,139,140,0,0,0,0
143,0,1,0,0,2,1,0,0,0,140,141,0,0,0,0
144,0,1,0,0,2,1,0,0,0,141,142,0,0,0,0
145,0,1,0,0,2,1,0,0,0,142,143,0,0,0,0
146,0,1,0,0,2,1,0,0,0,143,144,0,0,0,0
147,0,1,0,0,2,1,0,0,0,144,145,0,0,0,0
148,0,1,0,0,2,1,0,0,0,145,146,0,0,0,0
149,0,1,0,0,2,1,0,0,0,146,147,0,0,0,0
150,0,1,0,0,2,1,0,0,0,147,148,0,0,0,0
151,0,1,0,0,2,1,0,0,0,148,149,0,0,0,0
152,0,1,0,0,2,1,0,0,0,149,150,0,0,0,0
153,0,1,0,0,2,1,0,0,0,150,151,0,0,0,0
154,0,1,0,0,2,1,0,0,0,151,152,0,0,0,0
155,0,1,0,0,2,1,0,0,0,152,153,0,0,0,0
156,0,1,0,0,2,1,0,0,0,153,154,0,0,0,0
157,0,1,0,0,2,1,0,0,0,154,155,0,0,0,0
158,0,1,0,0,2,1,0,0,0,155,156,0,0,0,0
159,0,1,0,0,2,1,0,0,0,156,157,0,0,0,0
160,0,1,0,0,2,1,0,0,0,157,158,0,0,0,0
161,0,1,0,0,2,1,0,0,0,158,159,0,0,0,0
162,0,1,0,0,2,1,0,0,0,159,160,0,0,0,0
163,0,1,0,0,2,1,0,0,0,160,161,0,0,0,0
164,0,1,0,0,2,1,0,0,0,161,162,0,0,0,0
165,0,1,0,0,2,1,0,0,0,162,163,0,0,0,0
166,0,1,0,0,2,1,0,0,0,163,164,0,0,0,0
167,0,1,0,0,2,1,0,0,0,164,165,0,0,0,0
168,0,1,0,0,2,1,0,0,0,165,166,0,0,0,0
169,0,1,0,0,2,1,0,0,0,166,167,0,0,0,0
170,0,1,0,0,2,1,0,0,0,167,168,0,0,0,0
171,0,1,0,0,2,1,0,0,0,168,169,0,0,0,0
172,0,1,0,0,2,1,0,0,0,169,170,0,0,0,0
173,0,1,0,0,2,1,0,0,0,170,171,0,0,0,0
174,0,1,0,0,2,1,0,0,0,171,172,0,0,0,0
175,0,1,0,0,2,1,0,0,0,172,173,0,0,0,0
176,0,1,0,0,2,1,0,0,0,173,174,0,0,0,0
177,0,1,0,0,2,1,0,0,0,174,175,0,0,0,0
178,0,1,0,0,2,1,0,0,0,175,176,0,0,0,0
179,0,1,0,0,2,1,0,0,0,176,177,0,0,0,0
180,0,1,0,0,2,1,0,0,0,177,178,0,0,0,0
181,0,1,0,0,2,1,0,0,0,178,179,0,0,0,0
182,0,1,0,0,2,1,0,0,0,179,180,0,0,0,0
183,0,1,0,0,2,1,0,0,0,180,181,0,0,0,0
184,0,1,0,0,2,1,0,0,0,181,182,0,0,0,0
185,0,1,0,0,2,1,0,0,0,182,183,0,0,0,0
186,0,1,0,0,2,1,0,0,0,183,184,0,0,0,0
187,0,1,0,0,2,1,0,0,0,184,185,0,0,0,0
188,0,1,0,0,2,1,0,0,0,185,186,0,0,0,0
189,0,1,0,0,2,1,0,0,0,186,187,0,0,0,0
190,0,1,0,0,2,1,0,0,0,187,188,0,0,0,0
191,0,1,0,0,2,1,0,0,0,188,189,0,0,0,0
192,0,1,0,0,2,1,0,0,0,189,190,0,0,0,0
193,0,1,0,0,2,1,0,0,0,190,191,0,0,0,0
194,0,1,0,0,2,1,0,0,0,191,192,0,0,0,0
195,0,1,0,0,2,1,0,0,0,192,193,0,0,0,0
196,0,1,0,0,2,1,0,0,0,193,194,0,0,0,0
197,0,1,0,0,2,1,0,0,0,194,195,0,0,0,0
198,0,1,0,0,2,1,0,0,0,195,196,0,0,0,0
199,0,1,0,0,2,1,0,0,0,196,197,0,0,0,0
200,0,1,0,0,2,1,0,0,0,197,198,0,0,0,0
201,0,1,0,0,2,1,0,0,0,198,199,0,0,0,0
202,0,1,0,0,2,1,0,0,0,199,200,0,0,0,0
203,0,1,0,0,2,1,0,0,0,200,201,0,0,0,0
204,0,1,0,0,2,1,0,0,0,201,202,0,0,0,0
205,0,1,0,0,2,1,0,0,0,202,203,0,0,0,0
206,0,1,0,0,2,1,0,0,0,203,204,0,0,0,0
207,0,1,0,0,2,1,0,0,0,204,205,0,0,0,0
208,0,1,0,0,2,1,0,0,0,205,206,0,0,0,0
209,0,1,0,0,2,1,0,0,0,206,207,0,0,0,0
210,0,1,0,0,2,1,0,0,0,207,208,0,0,0,0
211,0,1,0,0,2,1,0,0,0,208,209,0,0,0,0
212,0,1,0,0,2,1,0,0,0,209,210,0,0,0,0
213,0,1,0,0,2,1,0,0,0,210,211,0,0,0,0
214,0,1,0,0,2,1,0,0,0,211,212,0,0,0,0
215,0,1,0,0,2,1,0,0,0,212,213,0,0,0,0
216,0,1,0,0,2,1,0,0,0,213,214,0,0,0,0
217,0,1,0,0,2,1,0,0,0,214,215,0,0,0,0
218,0,1,0,0,2,1,0,0,0,215,216,0,0,0,0
219,0,1,0,0,2,1,0,0,0,216,217,0,0,0,0
220,0,1,0,0,2,1,0,0,0,217,218,0,0,0,0
221,0,1,0,0,2,1,0,0,0,218,219,0,0,0,0
222,0,1,0,0,2,1,0,0,0,219,220,0,0,0,0
223,0,1,0,0,2,1,0,0,0,220,221,0,0,0,0
224,0,1,0,0,2,1,0,0,0,221,222,0,0,0,0
225,0,1,0,0,2,1,0,0,0,222,223,0,0,0,0
226,0,1,0,0,2,1,0,0,0,223,224,0,0,0,0
227,0,1,0,0,2,1,0,0,0,224,225,0,0,0,0
228,0,1,0,0,2,1,0,0,0,225,226,0,0,0,0
229,0,1,0,0,2,1,0,0,0,226,227,0,0,0,0
230,0,1,0,0,2,1,0,0,0,227,228,0,0,0,0
231,0,1,0,0,2,1,0,0,0,228,229,0,0,0,0
232,0,1,0,0,2,1,0,0,0,229,230,0,0,0,0
233,0,1,0,0,2,1,0,0,0,230,231,0,0,0,0
234,0,1,0,0,2,1,0,0,0,231,232,0,0,0,0
235,0,1,0,0,2,1,0,0,0,232,233,0,0,0,0
236,0,1,0,0,2,1,0,0,0,233,234,0,0,0,0
237,0,1,0,0,2,1,0,0,0,234,235,0,0,0,0
238,0,1,0,0,2,1,0,0,0,235,236,0,0,0,0
239,0,1,0,0,2,1,0,0,0,236,237,0,0,0,0
240,0,1,0,0,2,1,0,0,0,237,238,0,0,0,0
241,0,1,0,0,2,1,0,0,0,238,239,0,0,0,0
242,0,1,0,0,2,1,0,0,0,239,240,0,0,0,0
243,0,1,0,0,2,1,0,0,0,240,241,0,0,0,0
244,0,1,0,0,2,1,0,0,0,241,242,0,0,0,0
245,0,1,0,0,2,1,0,0,0,242,243,0,0,0,0
246,0,1,0,0,2,1,0,0,0,243,244,0,0,0,0
247,0,1,0,0,2,1,0,0,0,244,245,0,0,0,0
248,0,1,0,0,2,1,0,0,0,245,246,0,0,0,0
249,0,1,0,0,2,1,0,0,0,246,247,0,0,0,0
250,0,1,0,0,2,1,0,0,0,247,248,0,0,0,0
251,0,1,0,0,2,1,0,0,0,248,249,0,0,0,0
252,0,1,0,0,2,1,0,0,0,249,250,0,0,0,0
253,0,1,0,0,2,1,0,0,0,250,251,0,0,0,0
254,0,1,0,0,2,1,0,0,0,251,252,0,0,0,0
255,0,1,0,0,2,1,0,0,0,252,253,0,0,0,0
256,0,1,0,0,2,1,0,0,0,253,254,0,0,0,0
257,0,1,0,0,2,1,0,0,0,254,255,0,0,0,0
258,0,1,0,0,2,1,0,0,0,255,256,0,0,0,0
259,0,1,0,0,2,1,0,0,0,256,257,0,0,0,0
260,0,1,0,0,2,1,0,0,0,257,258,0,0,0,0
261,0,1,0,0,2,1,0,0,0,258,259,0,0,0,0
262,0,1,0,0,2,1,0,0,0,259,260,0,0,0,0
263,0,1,0,0,2,1,0,0,0,260,261,0,0,0,0
264,0,1,0,0,2,1,0,0,0,261,262,0,0,0,0
265,0,1,0,0,2,1,0,0,0,262,263,0,0,0,0
266,0,1,0,0,2,1,0,0,0,263,264,0,0,0,0
267,0,1,0,0,2,1,0,0,0,264,265,0,0,0,0
268,0,1,0,0,2,1,0,0,0,265,266,0,0,0,0
269,0,1,0,0,2,1,0,0,0,266,267,0,0,0,0
270,0,1,0,0,2,1,0,0,0,267,268,0,0,0,0
271,0,1,0,0,2,1,0,0,0,268,269,0,0,0,0
272,0,1,0,0,2,1,0,0,0,269,270,0,0,0,0
273,0,1,0,0,2,1,0,0,0,270,271,0,0,0,0
274,0,1,0,0,2,1,0,0,0,271,272,0,0,0,0
275,0,1,0,0,2,1,0,0,0,272,273,0,0,0,0
276,0,1,0,0,2,1,0,0,0,273,274,0,0,0,0
277,0,1,0,0,2,1,0,0,0,274,275,0,0,0,0
278,0,1,0,0,2,1,0,0,0,275,276,0,0,0,0
279,0,1,0,0,2,1,0,0,0,276,277,0,0,0,0
280,0,1,0,0,2,1,0,0,0,277,278,0,0,0,0
281,0,1,0,0,2,1,0,0,0,278,279,0,0,0,0
282,0,1,0,0,2,1,0,0,0,279,280,0,0,0,0
283,0,1,0,0,2,1,0,0,0,280,281,0,0,0,0
284,0,1,0,0,2,1,0,0,0,281,282,0,0,0,0
285,0,1,0,0,2,1,0,0,0,282,283,0,0,0,0
286,0,1,0,0,2,1,0,0,0,283,284,0,0,0,0
287,0,1,0,0,2,1,0,0,0,284,285,0,0,0,0
288,0,1,0,0,2,1,0,0,0,285,286,0,0,0,0
289,0,1,0,0,2,1,0,0,0,286,287,0,0,0,0
290,0,1,0,0,2,1,0,0,0,287,288,0,0,0,0
291,0,1,0,0,2,1,0,0,0,288,289,0,0,0,0
292,0,1,0,0,2,1,0,0,0,289,290,0,0,0,0
293,0,1,0,0,2,1,0,0,0,290,291,0,0,0,0
294,0,1,0,0,2,1,0,0,0,291,292,0,0,0,0
295,0,1,0,0,2,1,0,0,0,292,293,0,0,0,0
296,0,1,0,0,2,1,0,0,0,293,294,0,0,0,0
297,0,1,0,0,2,1,0,0,0,294,295,0,0,0,0
298,0,1,0,0,2,1,0,0,0,295,296,0,0,0,0
299,0,1,0,0,2,1,0,0,0,296,297,0,0,0,0
300,0,1,0,0,2,1,0,0,0,297,298,0,0,0,0
301,0,1,0,0,2,1,0,0,0,298,299,0,0,0,0
302,0,1,0,0,2,1,0,0,0,299,300,0,0,0,0
303,0,1,0,0,2,1,0,0,0,300,301,0,0,0,0
304,0,1,0,0,2,1,0,0,0,301,302,0,0,0,0
305,0,1,0,0,2,1,0,0,0,302,303,0,0,0,0
306,0,1,0,0,2,1,0,0,0,303,304,0,0,0,0
307,0,1,0,0,2,1,0,0,0,304,305,0,0,0,0
308,0,1,0,0,2,1,0,0,0,305,306,0,0,0,0
309,0,1,0,0,2,1,0,0,0,306,307,0,0,0,0
310,0,1,0,0,2,1,0,0,0,307,308,0,0,0,0
311,0,1,0,0,2,1,0,0,0,308,309,0,0,0,0
312,0,1,0,0,2,1,0,0,0,309,310,0,0,0,0
313,0,1,0,0,2,1,0,0,0,310,311,0,0,0,0
314,0,1,0,0,2,1,0,0,0,311,312,0,0,0,0
315,0,1,0,0,2,1,0,0,0,312,313,0,0,0,0
316,0,1,0,0,2,1,0,0,0,313,314,0,0,0,0
317,0,1,0,0,2,1,0,0,0,314,315,0,0,0,0
318,0,1,0,0,2,1,0,0,0,315,316,0,0,0,0
319,0,1,0,0,2,1,0,0,0,316,317,0,0,0,0
320,0,1,0,0,2,1,0,0,0,317,318,0,0,0,0
321,0,1,0,0,2,1,0,0,0,318,319,0,0,0,0
322,0,1,0,0,2,1,0,0,0,319,320,0,0,0,0
323,0,1,0,0,2,1,0,0,0,320,321,0,0,0,0
324,0,1,0,0,2,1,0,0,0,321,322,0,0,0,0
325,0,1,0,0,2,1,0,0,0,322,323,0,0,0,0
326,0,1,0,0,2,1,0,0,0,323,324,0,0,0,0
327,0,1,0,0,2,1,0,0,0,324,325,0,0,0,0
328,0,1,0,0,2,1,0,0,0,325,326,0,0,0,0
329,0,1,0,0,2,1,0,0,0,326,327,0,0,0,0
330,0,1,0,0,2,1,0,0,0,327,328,0,0,0,0
331,0,1,0,0,2,1,0,0,0,328,329,0,0,0,0
332,0,1,0,0,2,1,0,0,0,329,330,0,0,0,0
333,0,1,0,0,2,1,0,0,0,330,331,0,0,0,0
334,0,1,0,0,2,1,0,0,0,331,332,0,0,0,0
335,0,1,0,0,2,1,0,0,0,332,333,0,0,0,0
336,0,1,0,0,2,1,0,0,0,333,334,0,0,0,0
337,0,1,0,0,2,1,0,0,0,334,335,0,0,0,0
338,0,1,0,0,2,1,0,0,0,335,336,0,0,0,0
339,0,1,0,0,2,1,0,0,0,336,337,0,0,0,0
340,0,1,0,0,2,1,0,0,0,337,338,0,0,0,0
341,0,1,0,0,2,1,0,0,0,338,339,0,0,0,0
342,0,1,0,0,2,1,0,0,0,339,340,0,0,0,0
343,0,1,0,0,2,1,0,0,0,340,341,0,0,0,0
344,0,1,0,0,2,1,0,0,0,341,342,0,0,0,0
345,0,1,0,0,2,1,0,0,0,342,343,0,0,0,0
346,0,1,0,0,2,1,0,0,0,343,344,0,0,0,0
347,0,1,0,0,2,1,0,0,0,344,345,0,0,0,0
348,0,1,0,0,2,1,0,0,0,345,346,0,0,0,0
349,0,1,0,0,2,1,0,0,0,346,347,0,0,0,0
350,0,1,0,0,2,1,0,0,0,347,348,0,0,0,0
351,0,1,0,0,2,1,0,0,0,348,349,0,0,0,0
352,0,1,0,0,2,1,0,0,0,349,350,0,0,0,0
353,0,1,0,0,2,1,0,0,0,350,351,0,0,0,0
354,0,1,0,0,2,1,0,0,0,351,352,0,0,0,0
355,0,1,0,0,2,1,0,0,0,352,353,0,0,0,0
356,0,1,0,0,2,1,0,0,0,353,354,0,0,0,0
357,0,1,0,0,2,1,0,0,0,354,355,0,0,0,0
358,0,1,0,0,2,1,0,0,0,355,356,0,0,0,0
359,0,1,0,0,2,1,0,0,0,356,357,0,0,0,0
360,0,1,0,0,2,1,0,0,0,357,358,0,0,0,0
361,0,1,0,0,2,1,0,0,0,358,359,0,0,0,0
362,0,1,0,0,2,1,0,0,0,359,360,0,0,0,0
363,0,1,0,0,2,1,0,0,0,360,361,0,0,0,0
364,0,1,0,0,2,1,0,0,0,361,362,0,0,0,0
365,0,1,0,0,2,1,0,0,0,362,363,0,0,0,0
366,0,1,0,0,2,1,0,0,0,363,364,0,0,0,0
367,0,1,0,0,2,1,0,0,0,364,365,0,0,0,0
368,0,1,0,0,2,1,0,0,0,365,366,0,0,0,0
369,0,1,0,0,2,1,0,0,0,366,367,0,0,0,0
370,0,1,0,0,2,1,0,0,0,367,368,0,0,0,0
371,0,1,0,0,2,1,0,0,0,368,369,0,0,0,0
372,0,1,0,0,2,1,0,0,0,369,370,0,0,0,0
373,0,1,0,0,2,1,0,0,0,370,371,0,0,0,0
374,0,1,0,0,2,1,0,0,0,371,372,0,0,0,0
375,0,1,0,0,2,1,0,0,0,372,373,0,0,0,0
376,0,1,0,0,2,1,0,0,0,373,374,0,0,0,0
377,0,1,0,0,2,1,0,0,0,374,375,0,0,0,0
378,0,1,0,0,2,1,0,0,0,375,376,0,0,0,0
379,0,1,0,0,2,1,0,0,0,376,377,0,0,0,0
380,0,1,0,0,2,1,0,0,0,377,378,0,0,0,0
381,0,1,0,0,2,1,0,0,0,378,379,0,0,0,0
382,0,1,0,0,2,1,0,0,0,379,380,0,0,0,0
383,0,1,0,0,2,1,0,0,0,380,381,0,0,0,0
384,0,1,0,0,2,1,0,0,0,381,382,0,0,0,0
385,0,1,0,0,2,1,0,0,0,382,383,0,0,0,0
386,0,1,0,0,2,1,0,0,0,383,384,0,0,0,0
387,0,1,0,0,2,1,0,0,0,384,385,0,0,0,0
388,0,1,0,0,2,1,0,0,0,385,386,0,0,0,0
389,0,1,0,0,2,1,0,0,0,386,387,0,0,0,0
390,0,1,0,0,2,1,0,0,0,387,388,0,0,0,0
391,0,1,0,0,2,1,0,0,0,388,389,0,0,0,0
392,0,1,0,0,2,1,0,0,0,389,390,0,0,0,0
393,0,1,0,0,2,1,0,0,0,390,391,0,0,0,0
394,0,1,0,0,2,1,0,0,0,391,392,0,0,0,0
395,0,1,0,0,2,1,0,0,0,392,393,0,0,0,0
396,0,1,0,0,2,1,0,0,0,393,394,0,0,0,0
397,0,1,0,0,2,1,0,0,0,394,395,0,0,0,0
398,0,1,0,0,2,1,0,0,0,395,396,0,0,0,0
399,0,1,0,0,2,1,0,0,0,396,397,0,0,0,0
400,0,1,0,0,2,1,0,0,0,397,398,0,0,0,0
401,0,1,0,0,2,1,0,0,0,398,399,0,0,0,0
402,0,1,0,0,2,1,0,0,0,399,400,0,0,0,0
403,0,1,0,0,2,1,0,0,0,400,401,0,0,0,0
404,0,1,0,0,2,1,0,0,0,401,402,0,0,0,0
405,0,1,0,0,2,1,0,0,0,402,403,0,0,0,0
406,0,1,0,0,2,1,0,0,0,403,404,0,0,0,0
407,0,1,0,0,2,1,0,0,0,404,405,0,0,0,0
408,0,1,0,0,2,1,0,0,0,405,406,0,0,0,0
409,0,1,0,0,2,1,0,0,0,406,407,0,0,0,0
410,0,1,0,0,2,1,0,0,0,407,408,0,0,0,0
411,0,1,0,0,2,1,0,0,0,408,409,0,0,0,0
412,0,1,0,0,2,1,0,0,0,409,410,0,0,0,0
413,0,1,0,0,2,1,0,0,0,410,411,0,0,0,0
414,0,1,0,0,2,1,0,0,0,411,412,0,0,0,0
415,0,1,0,0,2,1,0,0,0,412,413,0,0,0,0
416,0,1,0,0,2,1,0,0,0,413,414,0,0,0,0
417,0,1,0,0,2,1,0,0,0,414,415,0,0,0,0
418,0,1,0,0,2,1,0,0,0,415,416,0,0,0,0
419,0,1,0,0,2,1,0,0,0,416,417,0,0,0,0
420,0,1,0,0,2,1,0,0,0,417,418,0,0,0,0
421,0,1,0,0,2,1,0,0,0,418,419,0,0,0,0
422,0,1,0,0,2,1,0,0,0,419,420,0,0,0,0
423,0,1,0,0,2,1,0,0,0,420,421,0,0,0,0
424,0,1,0,0,2,1,0,0,0,421,422,0,0,0,0
425,0,1,0,0,2,1,0,0,0,422,423,0,0,0,0
426,0,1,0,0,2,1,0,0,0,423,424,0,0,0,0
427,0,1,0,0,2,1,0,0,0,424,425,0,0,0,0
428,0,1,0,0,2,1,0,0,0,425,426,0,0,0,0
429,0,1,0,0,2,1,0,0,0,426,427,0,0,0,0
430,0,1,0,0,2,1,0,0,0,427,428,0,0,0,0
431,0,1,0,0,2,1,0,0,0,428,429,0,0,0,0
432,0,1,0,0,2,1,0,0,0,429,430,0,0,0,0
433,0,1,0,0,2,1,0,0,0,430,431,0,0,0,0
434,0,1,0,0,2,1,0,0,0,431,432,0,0,0,0
435,0,1,0,0,2,1,0,0,0,432,433,0,0,0,0
436,0,1,0,0,2,1,0,0,0,433,434,0,0,0,0
437,0,1,0,0,2,1,0,0,0,434,435,0,0,0,0
438,0,1,0,0,2,1,0,0,0,435,436,0,0,0,0
439,0,1,0,0,2,1,0,0,0,436,437,0,0,0,0
440,0,1,0,0,2,1,0,0,0,437,438,0,0,0,0
441,0,1,0,0,2,1,0,0,0,438,439,0,0,0,0
442,0,1,0,0,2,1,0,0,0,439,440,0,0,0,0
443,0,1,0,0,2,1,0,0,0,440,441,0,0,0,0
444,0,1,0,0,2,1,0,0,0,441,442,0,0,0,0
445,0,1,0,0,2,1,0,0,0,442,443,0,0,0,0
446,0,1,0,0,2,1,0,0,0,443,444,0,0,0,0
447,0,1,0,0,2,1,0,0,0,444,445,0,0,0,0
448,0,1,0,0,2,1,0,0,0,445,446,0,0,0,0
449,0,1,0,0,2,1,0,0,0,446,447,0,0,0,0
450,0,1,0,0,2,1,0,0,0,447,448,0,0,0,0
451,0,1,0,0,2,1,0,0,0,448,449,0,0,0,0
452,0,1,0,0,2,1,0,0,0,449,450,0,0,0,0
453,0,1,0,0,2,1,0,0,0,450,451,0,0,0,0
454,0,1,0,0,2,1,0,0,0,451,452,0,0,0,0
455,0,1,0,0,2,1,0,0,0,452,453,0,0,0,0
456,0,1,0,0,2,1,0,0,0,453,454,0,0,0,0
457,0,1,0,0,2,1,0,0,0,454,455,0,0,0,0
458,0,1,0,0,2,1,0,0,0,455,456,0,0,0,0
459,0,1,0,0,2,1,0,0,0,456,457,0,0,0,0
460,0,1,0,0,2,1,0,0,0,457,458,0,0,0,0
461,0,1,0,0,2,1,0,0,0,458,459,0,0,0,0
462,0,1,0,0,2,1,0,0,0,459,460,0,0,0,0
463,0,1,0,0,2,1,0,0,0,460,461,0,0,0,0
464,0,1,0,0,2,1,0,0,0,461,462,0,0,0,0
465,0,1,0,0,2,1,0,0,0,462,463,0,0,0,0
466,0,1,0,0,2,1,0,0,0,463,464,0,0,0,0
467,0,1,0,0,2,1,0,0,0,464,465,0,0,0,0
468,0,1,0,0,2,1,0,0,0,465,466,0,0,0,0
469,0,1,0,0,2,1,0,0,0,466,467,0,0,0,0
470,0,1,0,0,2,1,0,0,0,467,468,0,0,0,0
471,0,1,0,0,2,1,0,0,0,468,469,0,0,0,0
472,0,1,0,0,2,1,0,0,0,469,470,0,0,0,0
473,0,1,0,0,2,1,0,0,0,470,471,0,0,0,0
474,0,1,0,0,2,1,0,0,0,471,472,0,0,0,0
475,0,1,0,0,2,1,0,0,0,472,473,0,0,0,0
476,0,1,0,0,2,1,0,0,0,473,474,0,0,0,0
477,0,1,0,0,2,1,0,0,0,474,475,0,0,0,0
478,0,1,0,0,2,1,0,0,0,475,476,0,0,0,0
479,0,1,0,0,2,1,0,0,0,476,477,0,0,0,0
480,0,1,0,0,2,1,0,0,0,477,478,0,0,0,0
481,0,1,0,0,2,1,0,0,0,478,479,0,0,0,0
482,0,1,0,0,2,1,0,0,0,479,480,0,0,0,0
483,0,1,0,0,2,1,0,0,0,480,481,0,0,0,0
484,0,1,0,0,2,1,0,0,0,481,482,0,0,0,0
485,0,1,0,0,2,1,0,0,0,482,483,0,0,0,0
486,0,1,0,0,2,1,0,0,0,483,484,0,0,0,0
487,0,1,0,0,2,1,0,0,0,484,485,0,0,0,0
488,0,1,0,0,2,1,0,0,0,485,486,0,0,0,0
489,0,1,0,0,2,1,0,0,0,486,487,0,0,0,0
490,0,1,0,0,2,1,0,0,0,487,488,0,0,0,0
491,0,1,0,0,2,1,0,0,0,488,489,0,0,0,0
492,0,1,0,0,2,1,0,0,0,489,490,0,0,0,0
493,0,1,0,0,2,1,0,0,0,490,491,0,0,0,0
494,0,1,0,0,2,1,0,0,0,491,492,0,0,0,0
495,0,1,0,0,2,1,0,0,0,492,493,0,0,0,0
496,0,1,0,0,2,1,0,0,0,493,494,0,0,0,0
497,0,1,0,0,2,1,0,0,0,494,495,0,0,0,0
498,0,1,0,0,2,1,0,0,0,495,496,0,0,0,0
499,0,1,0,0,2,1,0,0,0,496,497,0,0,0,0
500,0,1,0,0,2,1,0,0,0,497,498,0,0,0,0
501,0,1,0,0,2,1,0,0,0,498,499,0,0,0,0
502,0,1,0,0,2,1,0,0,0,499,500,0,0,0,0
503,0,1,0,0,2,1,0,0,0,500,501,0,0,0,0
504,0,1,0,0,2,1,0,0,0,501,502,0,0,0,0
505,0,1,0,0,2,1,0,0,0,502,503,0,0,0,0
506,0,1,0,0,2,1,0,0,0,503,504,0,0,0,0
507,0,1,0,0,2,1,0,0,0,504,505,0,0,0,0
508,0,1,0,0,2,1,0,0,0,505,506,0,0,0,0
509,0,1,0,0,2,1,0,0,0,506,507,0,0,0,0
510,0,1,0,0,2,1,0,0,0,507,508,0,0,0,0
511,0,1,0,0,2,1,0,0,0,508,509,0,0,0,0
512,0,1,0,0,2,1,0,0,0,509,510,0,0,0,0
513,0,1,0,0,2,1,0,0,0,510,511,0,0,0,0
514,0,1,0,0,2,1,0,0,0,511,512,0,0,0,0
515,0,1,0,0,2,1,0,0,0,512,513,0,0,0,0
516,0,1,0,0,2,1,0,0,0,513,514,0,0,0,0
517,0,1,0,0,2,1,0,0,0,514,515,0,0,0,0
518,0,1,0,0,2,1,0,0,0,515,516,0,0,0,0
519,0,1,0,0,2,1,0,0,0,516,517,0,0,0,0
520,0,1,0,0,2,1,0,0,0,517,518,0,0,0,0
521,0,1,0,0,2,1,0,0,0,518,519,0,0,0,0
522,0,1,0,0,2,1,0,0,0,519,520,0,0,0,0
523,0,1,0,0,2,1,0,0,0,520,521,0,0,0,0
524,0,1,0,0,2,1,0,0,0,521,522,0,0,0,0
525,0,1,0,0,2,1,0,0,0,522,523,0,0,0,0
526,0,1,0,0,2,1,0,0,0,523,524,0,0,0,0
527,0,1,0,0,2,1,0,0,0,524,525,0,0,0,0
528,0,1,0,0,2,1,0,0,0,525,526,0,0,0,0
529,0,1,0,0,2,1,0,0,0,526,527,0,0,0,0
530,0,1,0,0,2,1,0,0,0,527,528,0,0,0,0
531,0,1,0,0,2,1,0,0,0,528,529,0,0,0,0
532,0,1,0,0,2,1,0,0,0,529,530,0,0,0,0
533,0,1,0,0,2,1,0,0,0,530,531,0,0,0,0
534,0,1,0,0,2,1,0,0,0,531,532,0,0,0,0
535,0,1,0,0,2,1,0,0,0,532,533,0,0,0,0
536,0,1,0,0,2,1,0,0,0,533,534,0,0,0,0
537,0,1,0,0,2,1,0,0,0,534,535,0,0,0,0
538,0,1,0,0,2,1,0,0,0,535,536,0,0,0,0
539,0,1,0,0,2,1,0,0,0,536,537,0,0,0,0
540,0,1,0,0,2,1,0,0,0,537,538,0,0,0,0
541,0,1,0,0,2,1,0,0,0,538,539,0,0,0,0
542,0,1,0,0,2,1,0,0,0,539,540,0,0,0,0
543,0,1,0,0,2,1,0,0,0,540,541,0,0,0,0
544,0,1,0,0,2,1,0,0,0,541,542,0,0,0,0
545,0,1,0,0,2,1,0,0,0,542,543,0,0,0,0
546,0,1,0,0,2,1,0,0,0,543,544,0,0,0,0
547,0,1,0,0,2,1,0,0,0,544,545,0,0,0,0
548,0,1,0,0,2,1,0,0,0,545,546,0,0,0,0
549,0,1,0,0,2,1,0,0,0,546,547,0,0,0,0
550,0,1,0,0,2,1,0,0,0,547,548,0,0,0,0
551,0,1,0,0,2,1,0,0,0,548,549,0,0,0,0
552,0,1,0,0,2,1,0,0,0,549,550,0,0,0,0
553,0,1,0,0,2,1,0,0,0,550,551,0,0,0,0
554,0,1,0,0,2,1,0,0,0,551,552,0,0,0,0
555,0,1,0,0,2,1,0,0,0,552,553,0,0,0,0
556,0,1,0,0,2,1,0,0,0,553,554,0,0,0,0
557,0,1,0,0,2,1,0,0,0,554,555,0,0,0,0
558,0,1,0,0,2,1,0,0,0,555,556,0,0,0,0
559,0,1,0,0,2,1,0,0,0,556,557,0,0,0,0
560,0,1,0,0,2,1,0,0,0,557,558,0,0,0,0
561,0,1,0,0,2,1,0,0,0,558,559,0,0,0,0
562,0,1,0,0,2,1,0,0,0,559,560,0,0,0,0
563,0,1,0,0,2,1,0,0,0,560,561,0,0,0,0
564,0,1,0,0,2,1,0,0,0,561,562,0,0,0,0
565,0,1,0,0,2,1,0,0,0,562,563,0,0,0,0
566,0,1,0,0,2,1,0,0,0,563,564,0,0,0,0
567,0,1,0,0,2,1,0,0,0,564,565,0,0,0,0
568,0,1,0,0,2,1,0,0,0,565,566,0,0,0,0
569,0,1,0,0,2,1,0,0,0,566,567,0,0,0,0
570,0,1,0,0,2,1,0,0,0,567,568,0,0,0,0
571,0,1,0,0,2,1,0,0,0,568,569,0,0,0,0
572,0,1,0,0,2,1,0,0,0,569,570,0,0,0,0
573,0,1,0,0,2,1,0,0,0,570,571,0,0,0,0
574,0,1,0,0,2,1,0,0,0,571,572,0,0,0,0
575,0,1,0,0,2,1,0,0,0,572,573,0,0,0,0
576,0,1,0,0,2,1,0,0,0,573,574,0,0,0,0
577,0,1,0,0,2,1,0,0,0,574,575,0,0,0,0
578,0,1,0,0,2,1,0,0,0,575,576,0,0,0,0
579,0,1,0,0,2,1,0,0,0,576,577,0,0,0,0
580,0,1,0,0,2,1,0,0,0,577,578,0,0,0,0
581,0,1,0,0,2,1,0,0,0,578,579,0,0,0,0
582,0,1,0,0,2,1,0,0,0,579,580,0,0,0,0
583,0,1,0,0,2,1,0,0,0,580,581,0,0,0,0
584,0,1,0,0,2,1,0,0,0,581,582,0,0,0,0
585,0,1,0,0,2,1,0,0,0,582,583,0,0,0,0
586,0,1,0,0,2,1,0,0,0,583,584,0,0,0,0
587,0,1,0,0,2,1,0,0,0,584,585,0,0,0,0
588,0,1,0,0,2,1,0,0,0,585,586,0,0,0,0
589,0,1,0,0,2,1,0,0,0,586,587,0,0,0,0
590,0,1,0,0,2,1,0,0,0,587,588,0,0,0,0
591,0,1,0,0,2,1,0,0,0,588,589,0,0,0,0
592,0,1,0,0,2,1,0,0,0,589,590,0,0,0,0
593,0,1,0,0,2,1,0,0,0,590,591,0,0,0,0
594,0,1,0,0,2,1,0,0,0,591,592,0,0,0,0
595,0,1,0,0,2,1,0,0,0,592,593,0,0,0,0
596,0,1,0,0,2,1,0,0,0,593,594,0,0,0,0
597,0,1,0,0,2,1,0,0,0,594,595,0,0,0,0
598,0,1,0,0,2,1,0,0,0,595,596,0,0,0,0
599,0,1,0,0,2,1,0,0,0,596,597,0,0,0,0
600,0,1,0,0,2,1,0,0,0,597,598,0,0,0,0
601,0,1,0,0,2,1,0,0,0,598,599,0,0,0,0
602,0,1,0,0,2,1,0,0,0,599,600,0,0,0,0
603,0,1,0,0,2,1,0,0,0,600,601,0,0,0,0
604,0,1,0,0,2,1,0,0,0,601,602,0,0,0,0
605,0,1,0,0,2,1,0,0,0,602,603,0,0,0,0
606,0,1,0,0,2,1,0,0,0,603,604,0,0,0,0
607,0,1,0,0,2,1,0,0,0,604,605,0,0,0,0
608,0,1,0,0,2,1,0,0,0,605,606,0,0,0,0
609,0,1,0,0,2,1,0,0,0,606,607,0,0,0,0
610,0,1,0,0,2,1,0,0,0,607,608,0,0,0,0
611,0,1,0,0,2,1,0,0,0,608,609,0,0,0,0
612,0,1,0,0,2,1,0,0,0,609,610,0,0,0,0
613,0,1,0,0,2,1,0,0,0,610,611,0,0,0,0
614,0,1,0,0,2,1,0,0,0,611,612,0,0,0,0
615,0,1,0,0,2,1,0,0,0,612,613,0,0,0,0
616,0,1,0,0,2,1,0,0,0,613,614,0,0,0,0
617,0,1,0,0,2,1,0,0,0,614,615,0,0,0,0
618,0,1,0,0,2,1,0,0,0,615,616,0,0,0,0
619,0,1,0,0,2,1,0,0,0,616,617,0,0,0,0
620,0,1,0,0,2,1,0,0,0,617,618,0,0,0,0
621,0,1,0,0,2,1,0,0,0,618,619,0,0,0,0
622,0,1,0,0,2,1,0,0,0,619,620,0,0,0,0
623,0,1,0,0,2,1,0,0,0,620,621,0,0,0,0
624,0,1,0,0,2,1,0,0,0,621,622,0,0,0,0
625,0,1,0,0,2,1,0,0,0,622,623,0,0,0,0
626,0,1,0,0,2,1,0,0,0,623,624,0,0,0,0
627,0,1,0,0,2,1,0,0,0,624,625,0,0,0,0
628,0,1,0,0,2,1,0,0,0,625,626,0,0,0,0
629,0,1,0,0,2,1,0,0,0,626,627,0,0,0,0
630,0,1,0,0,2,1,0,0,0,627,628,0,0,0,0
631,0,1,0,0,2,1,0,0,0,628,629,0,0,0,0
632,0,1,0,0,2,1,0,0,0,629,630,0,0,0,0
633,0,1,0,0,2,1,0,0,0,630,631,0,0,0,0
634,0,1,0,0,2,1,0,0,0,631,632,0,0,0,0
635,0,1,0,0,2,1,0,0,0,632,633,0,0,0,0
636,0,1,0,0,2,1,0,0,0,633,634,0,0,0,0
637,0,1,0,0,2,1,0,0,0,634,635,0,0,0,0
638,0,1,0,0,2,1,0,0,0,635,636,0,0,0,0
639,0,1,0,0,2,1,0,0,0,636,637,0,0,0,0
640,0,1,0,0,2,1,0,0,0,637,638,0,0,0,0
641,0,1,0,0,2,1,0,0,0,638,639,0,0,0,0
642,0,1,0,0,2,1,0,0,0,639,640,0,0,0,0
643,0,1,0,0,2,1,0,0,0,640,641,0,0,0,0
644,0,1,0,0,2,1,0,0,0,641,642,0,0,0,0
645,0,1,0,0,2,1,0,0,0,642,643,0,0,0,0
646,0,1,0,0,2,1,0,0,0,643,644,0,0,0,0
647,0,1,0,0,2,1,0,0,0,644,645,0,0,0,0
648,0,1,0,0,2,1,0,0,0,645,646,0,0,0,0
649,0,1,0,0,2,1,0,0,0,646,647,0,0,0,0
650,0,1,0,0,2,1,0,0,0,647,648,0,0,0,0
651,0,1,0,0,2,1,0,0,0,648,649,0,0,0,0
652,0,1,0,0,2,1,0,0,0,649,650,0,0,0,0
653,0,1,0,0,2,1,0,0,0,650,651,0,0,0,0
654,0,1,0,0,2,1,0,0,0,651,652,0,0,0,0
655,0,1,0,0,2,1,0,0,0,652,653,0,0,0,0
656,0,1,0,0,2,1,0,0,0,653,654,0,0,0,0
657,0,1,0,0,2,1,0,0,0,654,655,0,0,0,0
658,0,1,0,0,2,1,0,0,0,655,656,0,0,0,0
659,0,1,0,0,2,1,0,0,0,656,657,0,0,0,0
660,0,1,0,0,2,1,0,0,0,657,658,0,0,0,0
661,0,1,0,0,2,1,0,0,0,658,659,0,0,0,0
662,0,1,0,0,2,1,0,0,0,659,660,0,0,0,0
663,0,1,0,0,2,1,0,0,0,660,661,0,0,0,0
664,0,1,0,0,2,1,0,0,0,661,662,0,0,0,0
665,0,1,0,0,2,1,0,0,0,662,663,0,0,0,0
666,0,1,0,0,2,1,0,0,0,663,664,0,0,0,0
667,0,1,0,0,2,1,0,0,0,664,665,0,0,0,0
668,0,1,0,0,2,1,0,0,0,665,666,0,0,0,0
669,0,1,0,0,2,1,0,0,0,666,667,0,0,0,0
670,0,1,0,0,2,1,0,0,0,667,668,0,0,0,0
671,0,1,0,0,2,1,0,0,0,668,669,0,0,0,0
672,0,1,0,0,2,1,0,0,0,669,670,0,0,0,0
673,0,1,0,0,2,1,0,0,0,670,671,0,0,0,0
674,0,1,0,0,2,1,0,0,0,671,672,0,0,0,0
675,0,1,0,0,2,1,0,0,0,672,673,0,0,0,0
676,0,1,0,0,2,1,0,0,0,673,674,0,0,0,0
677,0,1,0,0,2,1,0,0,0,674,675,0,0,0,0
678,0,1,0,0,2,1,0,0,0,675,676,0,0,0,0
679,0,1,0,0,2,1,0,0,0,676,677,0,0,0,0
680,0,1,0,0,2,1,0,0,0,677,678,0,0,0,0
681,0,1,0,0,2,1,0,0,0,678,679,0,0,0,0
682,0,1,0,0,2,1,0,0,0,679,680,0,0,0,0
683,0,1,0,0,2,1,0,0,0,680,681,0,0,0,0
684,0,1,0,0,2,1,0,0,0,681,682,0,0,0,0
685,0,1,0,0,2,1,0,0,0,682,683,0,0,0,0
686,0,1,0,0,2,1,0,0,0,683,684,0,0,0,0
687,0,1,0,0,2,1,0,0,0,684,685,0,0,0,0
688,0,1,0,0,2,1,0,0,0,685,686,0,0,0,0
689,0,1,0,0,2,1,0,0,0,686,687,0,0,0,0
690,0,1,0,0,2,1,0,0,0,687,688,0,0,0,0
691,0,1,0,0,2,1,0,0,0,688,689,0,0,0,0
692,0,1,0,0,2,1,0,0,0,689,690,0,0,0,0
693,0,1,0,0,2,1,0,0,0,690,691,0,0,0,0
694,0,1,0,0,2,1,0,0,0,691,692,0,0,0,0
695,0,1,0,0,2,1,0,0,0,692,693,0,0,0,0
696,0,1,0,0,2,1,0,0,0,693,694,0,0,0,0
697,0,1,0,0,2,1,0,0,0,694,695,0,0,0,0
698,0,1,0,0,2,1,0,0,0,695,696,0,0,0,0
699,0,1,0,0,2,1,0,0,0,696,697,0,0,0,0
700,0,1,0,0,2,1,0,0,0,697,698,0,0,0,0
701,0,1,0,0,2,1,0,0,0,698,699,0,0,0,0
702,0,1,0,0,2,1,0,0,0,699,700,0,0,0,0
703,0,1,0,0,2,1,0,0,0,700,701,0,0,0,0
704,0,1,0,0,2,1,0,0,0,701,702,0,0,0,0
705,0,1,0,0,2,1,0,0,0,702,703,0,0,0,0
706,0,1,0,0,2,1,0,0,0,703,704,0,0,0,0
707,0,1,0,0,2,1,0,0,0,704,705,0,0,0,0
708,0,1,0,0,2,1,0,0,0,705,706,0,0,0,0
709,0,1,0,0,2,1,0,0,0,706,707,0,0,0,0
710,0,1,0,0,2,1,0,0,0,707,708,0,0,0,0
711,0,1,0,0,2,1,0,0,0,708,709,0,0,0,0
712,0,1,0,0,2,1,0,0,0,709,710,0,0,0,0
713,0,1,0,0,2,1,0,0,0,710,711,0,0,0,0
714,0,1,0,0,2,1,0,0,0,711,712,0,0,0,0
715,0,1,0,0,2,1,0,0,0,712,713,0,0,0,0
716,0,1,0,0,2,1,0,0,0,713,714,0,0,0,0
717,0,1,0,0,2,1,0,0,0,714,715,0,0,0,0
718,0,1,0,0,2,1,0,0,0,715,716,0,0,0,0
719,0,1,0,0,2,1,0,0,0,716,717,0,0,0,0
720,0,1,0,0,2,1,0,0,0,717,718,0,0,0,0
721,0,1,0,0,2,1,0,0,0,718,719,0,0,0,0
722,0,1,0,0,2,1,0,0,0,719,720,0,0,0,0
723,0,1,0,0,2,1,0,0,0,720,721,0,0,0,0
724,0,1,0,0,2,1,0,0,0,721,722,0,0,0,0
725,0,1,0,0,2,1,0,0,0,722,723,0,0,0,0
726,0,1,0,0,2,1,0,0,0,723,724,0,0,0,0
727,0,1,0,0,2,1,0,0,0,724,725,0,0,0,0
728,0,1,0,0,2,1,0,0,0,725,726,0,0,0,0
729,0,1,0,0,2,1,0,0,0,726,727,0,0,0,0
730,0,1,0,0,2,1,0,0,0,727,728,0,0,0,0
731,0,1,0,0,2,1,0,0,0,728,729,0,0,0,0
732,0,1,0,0,2,1,0,0,0,729,730,0,0,0,0
733,0,1,0,0,2,1,0,0,0,730,731,0,0,0,0
734,0,1,0,0,2,1,0,0,0,731,732,0,0,0,0
735,0,1,0,0,2,1,0,0,0,732,733,0,0,0,0
736,0,1,0,0,2,1,0,0,0,733,734,0,0,0,0
737,0,1,0,0,2,1,0,0,0,734,735,0,0,0,0
738,0,1,0,0,2,1,0,0,0,735,736,0,0,0,0
739,0,1,0,0,2,1,0,0,0,736,737,0,0,0,0
740,0,1,0,0,2,1,0,0,0,737,738,0,0,0,0
741,0,1,0,0,2,1,0,0,0,738,739,0,0,0,0
742,0,1,0,0,2,1,0,0,0,739,740,0,0,0,0
743,0,1,0,0,2,1,0,0,0,740,741,0,0,0,0
744,0,1,0,0,2,1,0,0,0,741,742,0,0,0,0
745,0,1,0,0,2,1,0,0,0,742,743,0,0,0,0
746,0,1,0,0,2,1,0,0,0,743,744,0,0,0,0
747,0,1,0,0,2,1,0,0,0,744,745,0,0,0,0
748,0,1,0,0,2,1,0,0,0,745,746,0,0,0,0
749,0,1,0,0,2,1,0,0,0,746,747,0,0,0,0
750,0,1,0,0,2,1,0,0,0,747,748,0,0,0,0
751,0,1,0,0,2,1,0,0,0,748,749,0,0,0,0
752,0,1,0,0,2,1,0,0,0,749,750,0,0,0,0
753,0,1,0,0,2,1,0,0,0,750,751,0,0,0,0
754,0,1,0,0,2,1,0,0,0,751,752,0,0,0,0
755,0,1,0,0,2,1,0,0,0,752,753,0,0,0,0
756,0,1,0,0,2,1,0,0,0,753,754,0,0,0,0
757,0,1,0,0,2,1,0,0,0,754,755,0,0,0,0
758,0,1,0,0,2,1,0,0,0,755,756,0,0,0,0
759,0,1,0,0,2,1,0,0,0,756,757,0,0,0,0
760,0,1,0,0,2,1,0,0,0,757,758,0,0,0,0
761,0,1,0,0,2,1,0,0,0,758,759,0,0,0,0
762,0,1,0,0,2,1,0,0,0,759,760,0,0,0,0
763,0,1,0,0,2,1,0,0,0,760,761,0,0,0,0
764,0,1,0,0,2,1,0,0,0,761,762,0,0,0,0
765,0,1,0,0,2,1,0,0,0,762,763,0,0,0,0
766,0,1,0,0,2,1,0,0,0,763,764,0,0,0,0
767,0,1,0,0,2,1,0,0,0,764,765,0,0,0,0
768,0,1,0,0,2,1,0,0,0,765,766,0,0,0,0
769,0,1,0,0,2,1,0,0,0,766,767,0,0,0,0
770,0,1,0,0,2,1,0,0,0,767,768,0,0,0,0
771,0,1,0,0,2,1,0,0,0,768,769,0,0,0,0
772,0,1,0,0,2,1,0,0,0,769,770,0,0,0,0
773,0,1,0,0,2,1,0,0,0,770,771,0,0,0,0
774,0,1,0,0,2,1,0,0,0,771,772,0,0,0,0
775,0,1,0,0,2,1,0,0,0,772,773,0,0,0,0
776,0,1,0,0,2,1,0,0,0,773,774,0,0,0,0
777,0,1,0,0,2,1,0,0,0,774,775,0,0,0,0
778,0,1,0,0,2,1,0,0,0,775,776,0,0,0,0
779,0,1,0,0,2,1,0,0,0,776,777,0,0,0,0
780,0,1,0,0,2,1,0,0,0,777,778,0,0,0,0
781,0,1,0,0,2,1,0,0,0,778,779,0,0,0,0
782,0,1,0,0,2,1,0,0,0,779,780,0,0,0,0
783,0,1,0,0,2,1,0,0,0,780,781,0,0,0,0
784,0,1,0,0,2,1,0,0,0,781,782,0,0,0,0
785,0,1,0,0,2,1,0,0,0,782,783,0,0,0,0
786,0,1,0,0,2,1,0,0,0,783,784,0,0,0,0
787,0,1,0,0,2,1,0,0,0,784,785,0,0,0,0
788,0,1,0,0,2,1,0,0,0,785,786,0,0,0,0
789,0,1,0,0,2,1,0,0,0,786,787,0,0,0,0
790,0,1,0,0,2,1,0,0,0,787,788,0,0,0,0
791,0,1,0,0,2,1,0,0,0,788,789,0,0,0,0
792,0,1,0,0,2,1,0,0,0,789,790,0,0,0,0
793,0,1,0,0,2,1,0,0,0,790,791,0,0,0,0
794,0,1,0,0,2,1,0,0,0,791,792,0,0,0,0
795,0,1,0,0,2,1,0,0,0,792,793,0,0,0,0
796,0,1,0,0,2,1,0,0,0,793,794,0,0,0,0
797,0,1,0,0,2,1,0,0,0,794,795,0,0,0,0
798,0,1,0,0,2,1,0,0,0,795,796,0,0,0,0
799,0,1,0,0,2,1,0,0,0,796,797,0,0,0,0
800,0,1,0,0,2,1,0,0,0,797,798,0,0,0,0
801,0,1,0,0,2,1,0,0,0,798,799,0,0,0,0
802,0,1,0,0,2,1,0,0,0,799,800,0,0,0,0
803,0,1,0,0,2,1,0,0,0,800,801,0,0,0,0
804,0,1,0,0,2,1,0,0,0,801,802,0,0,0,0
805,0,1,0,0,2,1,0,0,0,802,803,0,0,0,0
806,0,1,0,0,2,1,0,0,0,803,804,0,0,0,0
807,0,1,0,0,2,1,0,0,0,804,805,0,0,0,0
808,0,1,0,0,2,1,0,0,0,805,806,0,0,0,0
809,0,1,0,0,2,1,0,0,0,806,807,0,0,0,0
810,0,1,0,0,2,1,0,0,0,807,808,0,0,0,0
811,0,1,0,0,2,1,0,0,0,808,809,0,0,0,0
812,0,1,0,0,2,1,0,0,0,809,810,0,0,0,0
813,0,1,0,0,2,1,0,0,0,810,811,0,0,0,0
814,0,1,0,0,2,1,0,0,0,811,812,0,0,0,0
815,0,1,0,0,2,1,0,0,0,812,813,0,0,0,0
816,0,1,0,0,2,1,0,0,0,813,814,0,0,0,0
817,0,1,0,0,2,1,0,0,0,814,815,0,0,0,0
818,0,1,0,0,2,1,0,0,0,815,816,0,0,0,0
819,0,1,0,0,2,1,0,0,0,816,817,0,0,0,0
820,0,1,0,0,2,1,0,0,0,817,818,0,0,0,0
821,0,1,0,0,2,1,0,0,0,818,819,0,0,0,0
822,0,1,0,0,2,1,0,0,0,819,820,0,0,0,0
823,0,1,0,0,2,1,0,0,0,820,821,0,0,0,0
824,0,1,0,0,2,1,0,0,0,821,822,0,0,0,0
825,0,1,0,0,2,1,0,0,0,822,823,0,0,0,0
826,0,1,0,0,2,1,0,0,0,823,824,0,0,0,0
827,0,1,0,0,2,1,0,0,0,824,825,0,0,0,0
828,0,1,0,0,2,1,0,0,0,825,826,0,0,0,0
829,0,1,0,0,2,1,0,0,0,826,827,0,0,0,0
830,0,1,0,0,2,1,0,0,0,827,828,0,0,0,0
831,0,1,0,0,2,1,0,0,0,828,829,0,0,0,0
832,0,1,0,0,2,1,0,0,0,829,830,0,0,0,0
833,0,1,0,0,2,1,0,0,0,830,831,0,0,0,0
834,0,1,0,0,2,1,0,0,0,831,832,0,0,0,0
835,0,1,0,0,2,1,0,0,0,832,833,0,0,0,0
836,0,1,0,0,2,1,0,0,0,833,834,0,0,0,0
837,0,1,0,0,2,1,0,0,0,834,835,0,0,0,0
838,0,1,0,0,2,1,0,0,0,835,836,0,0,0,0
839,0,1,0,0,2,1,0,0,0,836,837,0,0,0,0
840,0,1,0,0,2,1,0,0,0,837,838,0,0,0,0
841,0,1,0,0,2,1,0,0,0,838,839,0,0,0,0
842,0,1,0,0,2,1,0,0,0,839,840,0,0,0,0
843,0,1,0,0,2,1,0,0,0,840,841,0,0,0,0
844,0,1,0,0,2,1,0,0,0,841,842,0,0,0,0
845,0,1,0,0,2,1,0,0,0,842,843,0,0,0,0
846,0,1,0,0,2,1,0,0,0,843,844,0,0,0,0
847,0,1,0,0,2,1,0,0,0,844,845,0,0,0,0
848,0,1,0,0,2,1,0,0,0,845,846,0,0,0,0
849,0,1,0,0,2,1,0,0,0,846,847,0,0,0,0
850,0,1,0,0,2,1,0,0,0,847,848,0,0,0,0
851,0,1,0,0,2,1,0,0,0,848,849,0,0,0,0
852,0,1,0,0,2,1,0,0,0,849,850,0,0,0,0
853,0,1,0,0,2,1,0,0,0,850,851,0,0,0,0
854,0,1,0,0,2,1,0,0,0,851,852,0,0,0,0
855,0,1,0,0,2,1,0,0,0,852,853,0,0,0,0
856,0,1,0,0,2,1,0,0,0,853,854,0,0,0,0
857,0,1,0,0,2,1,0,0,0,854,855,0,0,0,0
858,0,1,0,0,2,1,0,0,0,855,856,0,0,0,0
859,0,1,0,0,2,1,0,0,0,856,857,0,0,0,0
860,0,1,0,0,2,1,0,0,0,857,858,0,0,0,0
861,0,1,0,0,2,1,0,0,0,858,859,0,0,0,0
862,0,1,0,0,2,1,0,0,0,859,860,0,0,0,0
863,0,1,0,0,2,1,0,0,0,860,861,0,0,0,0
864,0,1,0,0,2,1,0,0,0,861,862,0,0,0,0
865,0,1,0,0,2,1,0,0,0,862,863,0,0,0,0
866,0,1,0,0,2,1,0,0,0,863,864,0,0,0,0
867,0,1,0,0,2,1,0,0,0,864,865,0,0,0,0
868,0,1,0,0,2,1,0,0,0,865,866,0,0,0,0
869,0,1,0,0,2,1,0,0,0,866,867,0,0,0,0
870,0,1,0,0,2,1,0,0,0,867,868,0,0,0,0
871,0,1,0,0,2,1,0,0,0,868,869,0,0,0,0
872,0,1,0,0,2,1,0,0,0,869,870,0,0,0,0
873,0,1,0,0,2,1,0,0,0,870,871,0,0,0,0
874,0,1,0,0,2,1,0,0,0,871,872,0,0,0,0
875,0,1,0,0,2,1,0,0,0,872,873,0,0,0,0
876,0,1,0,0,2,1,0,0,0,873,874,0,0,0,0
877,0,1,0,0,2,1,0,0,0,874,875,0,0,0,0
878,0,1,0,0,2,1,0,0,0,875,876,0,0,0,0
879,0,1,0,0,2,1,0,0,0,876,877,0,0,0,0
880,0,1,0,0,2,1,0,0,0,877,878,0,0,0,0
881,0,1,0,0,2,1,0,0,0,878,879,0,0,0,0
882,0,1,0,0,2,1,0,0,0,879,880,0,0,0,0
883,0,1,0,0,2,1,0,0,0,880,881,0,0,0,0
884,0,1,0,0,2,1,0,0,0,881,882,0,0,0,0
885,0,1,0,0,2,1,0,0,0,882,883,0,0,0,0
886,0,1,0,0,2,1,0,0,0,883,884,0,0,0,0
887,0,1,0,0,2,1,0,0,0,884,885,0,0,0,0
888,0,1,0,0,2,1,0,0,0,885,886,0,0,0,0
889,0,1,0,0,2,1,0,0,0,886,887,0,0,0,0
890,0,1,0,0,2,1,0,0,0,887,888,0,0,0,0
891,0,1,0,0,2,1,0,0,0,888,889,0,0,0,0
892,0,1,0,0,2,1,0,0,0,889,890,0,0,0,0
893,0,1,0,0,2,1,0,0,0,890,891,0,0,0,0
894,0,1,0,0,2,1,0,0,0,891,892,0,0,0,0
895,0,1,0,0,2,1,0,0,0,892,893,0,0,0,0
896,0,1,0,0,2,1,0,0,0,893,894,0,0,0,0
897,0,1,0,0,2,1,0,0,0,894,895,0,0,0,0
898,0,1,0,0,2,1,0,0,0,895,896,0,0,0,0
899,0,1,0,0,2,1,0,0,0,896,897,0,0,0,0
900,0,1,0,0,2,1,0,0,0,897,898,0,0,0,0
901,0,1,0,0,2,1,0,0,0,898,899,0,0,0,0
902,0,1,0,0,2,1,0,0,0,899,900,0,0,0,0
903,0,1,0,0,2,1,0,0,0,900,901,0,0,0,0
904,0,1,0,0,2,1,0,0,0,901,902,0,0,0,0
905,0,1,0,0,2,1,0,0,0,902,903,0,0,0,0
906,0,1,0,0,2,1,0,0,0,903,904,0,0,0,0
907,0,1,0,0,2,1,0,0,0,904,905,0,0,0,0
908,0,1,0,0,2,1,0,0,0,905,906,0,0,0,0
909,0,1,0,0,2,1,0,0,0,906,907,0,0,0,0
910,0,1,0,0,2,1,0,0,0,907,908,0,0,0,0
911,0,1,0,0,2,1,0,0,0,908,909,0,0,0,0
912,0,1,0,0,2,1,0,0,0,909,910,0,0,0,0
913,0,1,0,0,2,1,0,0,0,910,911,0,0,0,0
914,0,1,0,0,2,1,0,0,0,911,912,0,0,0,0
915,0,1,0,0,2,1,0,0,0,912,913,0,0,0,0
916,0,1,0,0,2,1,0,0,0,913,914,0,0,0,0
917,0,1,0,0,2,1,0,0,0,914,915,0,0,0,0
918,0,1,0,0,2,1,0,0,0,915,916,0,0,0,0
919,0,1,0,0,2,1,0,0,0,916,917,0,0,0,0
920,0,1,0,0,2,1,0,0,0,917,918,0,0,0,0
921,0,1,0,0,2,1,0,0,0,918,919,0,0,0,0
922,0,1,0,0,2,1,0,0,0,919,920,0,0,0,0
923,0,1,0,0,2,1,0,0,0,920,921,0,0,0,0
924,0,1,0,0,2,1,0,0,0,921,922,0,0,0,0
925,0,1,0,0,2,1,0,0,0,922,923,0,0,0,0
926,0,1,0,0,2,1,0,0,0,923,924,0,0,0,0
927,0,1,0,0,2,1,0,0,0,924,925,0,0,0,0
928,0,1,0,0,2,1,0,0,0,925,926,0,0,0,0
929,0,1,0,0,2,1,0,0,0,926,927,0,0,0,0
930,0,1,0,0,2,1,0,0,0,927,928,0,0,0,0
931,0,1,0,0,2,1,0,0,0,928,929,0,0,0,0
932,0,1,0,0,2,1,0,0,0,929,930,0,0,0,0
933,0,1,0,0,2,1,0,0,0,930,931,0,0,0,0
934,0,1,0,0,2,1,0,0,0,931,932,0,0,0,0
935,0,1,0,0,2,1,0,0,0,932,933,0,0,0,0
936,0,1,0,0,2,1,0,0,0,933,934,0,0,0,0
937,0,1,0,0,2,1,0,0,0,934,935,0,0,0,0
938,0,1,0,0,2,1,0,0,0,935,936,0,0,0,0
939,0,1,0,0,2,1,0,0,0,936,937,0,0,0,0
940,0,1,0,0,2,1,0,0,0,937,938,0,0,0,0
941,0,1,0,0,2,1,0,0,0,938,939,0,0,0,0
942,0,1,0,0,2,1,0,0,0,939,940,0,0,0,0
943,0,1,0,0,2,1,0,0,0,940,941,0,0,0,0
944,0,1,0,0,2,1,0,0,0,941,942,0,0,0,0
945,0,1,0,0,2,1,0,0,0,942,943,0,0,0,0
946,0,1,0,0,2,1,0,0,0,943,944,0,0,0,0
947,0,1,0,0,2,1,0,0,0,944,945,0,0,0,0
948,0,1,0,0,2,1,0,0,0,945,946,0,0,0,0
949,0,1,0,0,2,1,0,0,0,946,947,0,0,0,0
950,0,1,0,0,2,1,0,0,0,947,948,0,0,0,0
951,0,1,0,0,2,1,0,0,0,948,949,0,0,0,0
952,0,1,0,0,2,1,0,0,0,949,950,0,0,0,0
953,0,1,0,0,2,1,0,0,0,950,951,0,0,0,0
954,0,1,0,0,2,1,0,0,0,951,952,0,0,0,0
955,0,1,0,0,2,1,0,0,0,952,953,0,0,0,0
956,0,1,0,0,2,1,0,0,0,953,954,0,0,0,0
957,0,1,0,0,2,1,0,0,0,954,955,0,0,0,0
958,0,1,0,0,2,1,0,0,0,955,956,0,0,0,0
959,0,1,0,0,2,1,0,0,0,956,957,0,0,0,0
960,0,1,0,0,2,1,0,0,0,957,958,0,0,0,0
961,0,1,0,0,2,1,0,0,0,958,959,0,0,0,0
962,0,1,0,0,2,1,0,0,0,959,960,0,0,0,0
963,0,1,0,0,2,1,0,0,0,960,961,0,0,0,0
964,0,1,0,0,2,1,0,0,0,961,962,0,0,0,0
965,0,1,0,0,2,1,0,0,0,962,963,0,0,0,0
966,0,1,0,0,2,1,0,0,0,963,964,0,0,0,0
967,0,1,0,0,2,1,0,0,0,964,965,0,0,0,0
968,0,1,0,0,2,1,0,0,0,965,966,0,0,0,0
969,0,1,0,0,2,1,0,0,0,966,967,0,0,0,0
970,0,1,0,0,2,1,0,0,0,967,968,0,0,0,0
971,0,1,0,0,2,1,0,0,0,968,969,0,0,0,0
972,0,1,0,0,2,1,0,0,0,969,970,0,0,0,0
973,0,1,0,0,2,1,0,0,0,970,971,0,0,0,0
974,0,1,0,0,2,1,0,0,0,971,972,0,0,0,0
975,0,1,0,0,2,1,0,0,0,972,973,0,0,0,0
976,0,1,0,0,2,1,0,0,0,973,974,0,0,0,0
977,0,1,0,0,2,1,0,0,0,974,975,0,0,0,0
978,0,1,0,0,2,1,0,0,0,975,976,0,0,0,0
979,0,1,0,0,2,1,0,0,0,976,977,0,0,0,0
980,0,1,0,0,2,1,0,0,0,977,978,0,0,0,0
981,0,1,0,0,2,1,0,0,0,978,979,0,0,0,0
982,0,1,0,0,2,1,0,0,0,979,980,0,0,0,0
983,0,1,0,0,2,1,0,0,0,980,981,0,0,0,0
984,0,1,0,0,2,1,0,0,0,981,982,0,0,0,0
985,0,1,0,0,2,1,0,0,0,982,983,0,0,0,0
986,0,1,0,0,2,1,0,0,0,983,984,0,0,0,0
987,0,1,0,0,2,1,0,0,0,984,985,0,0,0,0
988,0,1,0,0,2,1,0,0,0,985,986,0,0,0,0
989,0,1,0,0,2,1,0,0,0,986,987,0,0,0,0
990,0,1,0,0,2,1,0,0,0,987,988,0,0,0,0
991,0,1,0,0,2,1,0,0,0,988,989,0,0,0,0
992,0,1,0,0,2,1,0,0,0,989,990,0,0,0,0
993,0,1,0,0,2,1,0,0,0,990,991,0,0,0,0
994,0,1,0,0,2,1,0,0,0,991,992,0,0,0,0
995,0,1,0,0,2,1,0,0,0,992,993,0,0,0,0
996,0,1,0,0,2,1,0,0,0,993,994,0,0,0,0
997,0,1,0,0,2,1,0,0,0,994,995,0,0,0,0
998,0,1,0,0,2,1,0,0,0,995,996,0,0,0,0
999,0,1,0,0,2,1,0,0,0,996,997,0,0,0,0
1000,0,1,0,0,2,1,0,0,0,997,998,0,0,0,0
1001,0,1,0,0,2,1,0,0,0,998,999,0,0,0,0
1002,0,1,0,0,2,1,0,0,0,999,1000,0,0,0,0
1003,0,1,0,0,2,1,0,0,0,1000,1001,0,0,0,0
1004,0,1,0,0,2,1,0,0,0,1001,1002,0,0,0,0
1005,0,1,0,0,2,1,0,0,0,1002,1003,0,0,0,0
1006,0,1,0,0,2,1,0,0,0,1003,1004,0,0,0,0
1007,0,1,0,0,2,1,0,0,0,1004,1005,0,0,0,0
1008,0,1,0,0,2,1,0,0,0,1005,1006,0,0,0,0
1009,0,1,0,0,2,1,0,0,0,1006,1007,0,0,0,0
1010,0,1,0,0,2,1,0,0,0,1007,1008,0,0,0,0
1011,0,1,0,0,2,1,0,0,0,1008,1009,0,0,0,0
1012,0,1,0,0,2,1,0,0,0,1009,1010,0,0,0,0
1013,0,1,0,0,2,1,0,0,0,1010,1011,0,0,0,0
1014,0,1,0,0,2,1,0,0,0,1011,1012,0,0,0,0
1015,0,1,0,0,2,1,0,0,0,1012,1013,0,0,0,0
1016,0,1,0,0,2,1,0,0,0,1013,1014,0,0,0,0
1017,0,1,0,0,2,1,0,0,0,1014,1015,0,0,0,0
1018,0,1,0,0,2,1,0,0,0,1015,1016,0,0,0,0
1019,0,1,0,0,2,1,0,0,0,1016,1017,0,0,0,0
1020,0,1,0,0,2,1,0,0,0,1017,1018,0,0,0,0
1021,0,1,0,0,2,1,0,0,0,1018,1019,0,0,0,0
1022,0,1,0,0,2,1,0,0,0,1019,1020,0,0,0,0
1023,0,1,0,0,2,1,0,0,0,1020,1021,0,0,0,0
1024,0,1,0,0,2,1,0,0,0,1021,1022,0,0,0,0
1025,0,1,0,0,2,1,0,0,0,1022,1023,0,0,0,0
1026,0,1,0,0,2,1,0,0,0,1023,1024,0,0,0,0
1027,0,1,0,0,2,0,1,0,0,1024,1025,0,0,0,0
1028,0,1,0,0,3,0,0,0,0,1024,1026,0,0,0,0
1029,0,1,0,0,4,0,0,1,0,1024,1027,0,0,0,0
1030,0,1,0,0,4,0,0,1,0,1024,1028,0,0,0,0
1031,0,1,0,0,4,0,0,1,0,1024,1029,0,0,0,0
1032,0,1,0,0,4,0,0,1,0,1024,1030,0,0,0,0
1033,0,1,0,0,4,0,0,1,0,1024,1031,0,0,0,0
1034,0,1,0,0,4,0,0,1,0,1024,1032,0,0,0,0
1035,0,1,0,0,4,0,0,1,0,1024,1033,0,0,0,0
1036,0,1,0,0,4,0,0,1,0,1024,1034,0,0,0,0
1037,0,1,0,0,4,0,0,1,0,1024,1035,0,0,0,0
1038,0,1,0,0,4,0,0,1,0,1024,1036,0,0,0,0
1039,0,1,0,0,4,0,0,1,0,1024,1037,0,0,0,0
1040,0,1,0,0,4,0,0,1,0,1024,1038,0,0,0,0
1041,0,1,0,0,4,0,0,1,0,1024,1039,0,0,0,0
1042,0,1,0,0,4,0,0,1,0,1024,1040,0,0,0,0
1043,0,1,0,0,4,0,0,1,0,1024,1041,0,0,0,0
1044,0,1,0,0,4,0,0,1,0,1024,1042,0,0,0,0
1045,0,1,0,0,4,0,0,1,0,1024,1043,0,0,0,0
1046,0,1,0,0,4,0,0,1,0,1024,1044,0,0,0,0
1047,0,1,0,0,4,0,0,1,0,1024,1045,0,0,0,0
1048,0,1,0,0,4,0,0,1,0,1024,1046,0,0,0,0
1049,0,1,0,0,4,0,0,1,0,1024,1047,0,0,0,0
1050,0,1,0,0,4,0,0,1,0,1024,1048,0,0,0,0
1051,0,1,0,0,4,0,0,1,0,1024,1049,0,0,0,0
1052,0,1,0,0,4,0,0,1,0,1024,1050,0,0,0,0
1053,0,1,0,0,4,0,0,1,0,1024,1051,0,0,0,0
1054,0,1,0,0,4,0,0,1,0,1024,1052,0,0,0,0
1055,0,1,0,0,4,0,0,1,0,1024,1053,0,0,0,0
1056,0,1,0,0,4,0,0,1,0,1024,1054,0,0,0,0
1057,0,1,0,0,4,0,0,1,0,1024,1055,0,0,0,0
1058,0,1,0,0,4,0,0,1,0,1024,1056,0,0,0,0
1059,0,1,0,0,4,0,0,1,0,1024,1057,0,0,0,0
1060,0,1,0,0,4,0,0,1,0,1024,1058,0,0,0,0
1061,0,1,0,0,4,0,0,1,0,1024,1059,0,0,0,0
1062,0,1,0,0,4,0,0,1,0,1024,1060,0,0,0,0
1063,0,1,0,0,4,0,0,1,0,1024,1061,0,0,0,0
1064,0,1,0,0,4,0,0,1,0,1024,1062,0,0,0,0
1065,0,1,0,0,4,0,0,1,0,1024,1063,0,0,0,0
1066,0,1,0,0,4,0,0,1,0,1024,1064,0,0,0,0
1067,0,1,0,0,4,0,0,1,0,1024,1065,0,0,0,0
1068,0,1,0,0,4,0,0,1,0,1024,1066,0,0,0,0
1069,0,1,0,0,4,0,0,1,0,1024,1067,0,0,0,0
1070,0,1,0,0,4,0,0,1,0,1024,1068,0,0,0,0
1071,0,1,0,0,4,0,0,1,0,1024,1069,0,0,0,0
1072,0,1,0,0,4,0,0,1,0,1024,1070,0,0,0,0
1073,0,1,0,0,4,0,0,1,0,1024,1071,0,0,0,0
1074,0,1,0,0,4,0,0,1,0,1024,1072,0,0,0,0
1075,0,1,0,0,4,0,0,1,0,1024,1073,0,0,0,0
1076,0,1,0,0,4,0,0,1,0,1024,1074,0,0,0,0
1077,0,1,0,0,4,0,0,1,0,1024,1075,0,0,0,0
1078,0,1,0,0,4,0,0,1,0,1024,1076,0,0,0,0
1079,0,1,0,0,4,0,0,1,0,1024,1077,0,0,0,0
1080,0,1,0,0,4,0,0,1,0,1024,1078,0,0,0,0
1081,0,1,0,0,4,0,0,1,0,1024,1079,0,0,0,0
1082,0,1,0,0,4,0,0,1,0,1024,1080,0,0,0,0
1083,0,1,0,0,4,0,0,1,0,1024,1081,0,0,0,0
1084,0,1,0,0,4,0,0,1,0,1024,1082,0,0,0,0
1085,0,1,0,0,4,0,0,1,0,1024,1083,0,0,0,0
1086,0,1,0,0,4,0,0,1,0,1024,1084,0,0,0,0
1087,0,1,0,0,4,0,0,1,0,1024,1085,0,0,0,0
1088,0,1,0,0,4,0,0,1,0,1024,1086,0,0,0,0
1089,0,1,0,0,4,0,0,1,0,1024,1087,0,0,0,0
1090,0,1,0,0,4,0,0,1,0,1024,1088,0,0,0,0
1091,0,1,0,0,4,0,0,1,0,1024,1089,0,0,0,0
1092,0,1,0,0,4,0,0,1,0,1024,1090,0,0,0,0
1093,0,1,0,0,4,0,0,1,0,1024,1091,0,0,0,0
1094,0,1,0,0,4,0,0,1,0,1024,1092,0,0,0,0
1095,0,1,0,0,4,0,0,1,0,1024,1093,0,0,0,0
1096,0,1,0,0,4,0,0,1,0,1024,1094,0,0,0,0
1097,0,1,0,0,4,0,0,1,0,1024,1095,0,0,0,0
1098,0,1,0,0,4,0,0,1,0,1024,1096,0,0,0,0
1099,0,1,0,0,4,0,0,1,0,1024,1097,0,0,0,0
1100,0,1,0,0,4,0,0,1,0,1024,1098,0,0,0,0
1101,0,1,0,0,4,0,0,1,0,1024,1099,0,0,0,0
1102,0,1,0,0,4,0,0,1,0,1024,1100,0,0,0,0
1103,0,1,0,0,4,0,0,1,0,1024,1101,0,0,0,0
1104,0,1,0,0,4,0,0,1,0,1024,1102,0,0,0,0
1105,0,1,0,0,4,0,0,1,0,1024,1103,0,0,0,0
1106,0,1,0,0,4,0,0,1,0,1024,1104,0,0,0,0
1107,0,1,0,0,4,0,0,1,0,1024,1105,0,0,0,0
1108,0,1,0,0,4,0,0,1,0,1024,1106,0,0,0,0
1109,0,1,0,0,4,0,0,1,0,1024,1107,0,0,0,0
1110,0,1,0,0,4,0,0,1,0,1024,1108,0,0,0,0
1111,0,1,0,0,4,0,0,1,0,1024,1109,0,0,0,0
1112,0,1,0,0,4,0,0,1,0,1024,1110,0,0,0,0
1113,0,1,0,0,4,0,0,1,0,1024,1111,0,0,0,0
1114,0,1,0,0,4,0,0,1,0,1024,1112,0,0,0,0
1115,0,1,0,0,4,0,0,1,0,1024,1113,0,0,0,0
1116,0,1,0,0,4,0,0,1,0,1024,1114,0,0,0,0
1117,0,1,0,0,4,0,0,1,0,1024,1115,0,0,0,0
1118,0,1,0,0,4,0,0,1,0,1024,1116,0,0,0,0
1119,0,1,0,0,4,0,0,1,0,1024,1117,0,0,0,0
1120,0,1,0,0,4,0,0,1,0,1024,1118,0,0,0,0
1121,0,1,0,0,4,0,0,1,0,1024,1119,0,0,0,0
1122,0,1,0,0,4,0,0,1,0,1024,1120,0,0,0,0
1123,0,1,0,0,4,0,0,1,0,1024,1121,0,0,0,0
1124,0,1,0,0,4,0,0,1,0,1024,1122,0,0,0,0
1125,0,1,0,0,4,0,0,1,0,1024,1123,0,0,0,0
1126,0,1,0,0,4,0,0,1,0,1024,1124,0,0,0,0
1127,0,1,0,0,4,0,0,1,0,1024,1125,0,0,0,0
1128,0,1,0,0,4,0,0,1,0,1024,1126,0,0,0,0
1129,0,1,0,0,4,0,0,1,0,1024,1127,0,0,0,0
1130,0,1,0,0,4,0,0,1,0,1024,1128,0,0,0,0
1131,0,1,0,0,4,0,0,1,0,1024,1129,0,0,0,0
1132,0,1,0,0,4,0,0,1,0,1024,1130,0,0,0,0
1133,0,1,0,0,4,0,0,1,0,1024,1131,0,0,0,0
1134,0,1,0,0,4,0,0,1,0,1024,1132,0,0,0,0
1135,0,1,0,0,4,0,0,1,0,1024,1133,0,0,0,0
1136,0,1,0,0,4,0,0,1,0,1024,1134,0,0,0,0
1137,0,1,0,0,4,0,0,1,0,1024,1135,0,0,0,0
1138,0,1,0,0,4,0,0,1,0,1024,1136,0,0,0,0
1139,0,1,0,0,4,0,0,1,0,1024,1137,0,0,0,0
1140,0,1,0,0,4,0,0,1,0,1024,1138,0,0,0,0
1141,0,1,0,0,4,0,0,1,0,1024,1139,0,0,0,0
1142,0,1,0,0,4,0,0,1,0,1024,1140,0,0,0,0
1143,0,1,0,0,4,0,0,1,0,1024,1141,0,0,0,0
1144,0,1,0,0,4,0,0,1,0,1024,1142,0,0,0,0
1145,0,1,0,0,4,0,0,1,0,1024,1143,0,0,0,0
1146,0,1,0,0,4,0,0,1,0,1024,1144,0,0,0,0
1147,0,1,0,0,4,0,0,1,0,1024,1145,0,0,0,0
1148,0,1,0,0,4,0,0,1,0,1024,1146,0,0,0,0
1149,0,1,0,0,4,0,0,1,0,1024,1147,0,0,0,0
1150,0,1,0,0,4,0,0,1,0,1024,1148,0,0,0,0
1151,0,1,0,0,4,0,0,1,0,1024,1149,0,0,0,0
1152,0,1,0,0,4,0,0,1,0,1024,1150,0,0,0,0
1153,0,1,0,0,4,0,0,1,0,1024,1151,0,0,0,0
1154,0,1,0,0,4,0,0,1,0,1024,1152,0,0,0,0
1155,0,1,0,0,4,0,0,1,0,1024,1153,0,0,0,0
1156,0,1,0,0,4,0,0,1,0,1024,1154,0,0,0,0
1157,0,1,0,0,4,0,0,1,0,1024,1155,0,0,0,0
1158,0,1,0,0,4,0,0,1,0,1024,1156,0,0,0,0
1159,0,1,0,0,4,0,0,1,0,1024,1157,0,0,0,0
1160,0,1,0,0,4,0,0,1,0,1024,1158,0,0,0,0
1161,0,1,0,0,4,0,0,1,0,1024,1159,0,0,0,0
1162,0,1,0,0,4,0,0,1,0,1024,1160,0,0,0,0
1163,0,1,0,0,4,0,0,1,0,1024,1161,0,0,0,0
1164,0,1,0,0,4,0,0,1,0,1024,1162,0,0,0,0
1165,0,1,0,0,4,0,0,1,0,1024,1163,0,0,0,0
1166,0,1,0,0,4,0,0,1,0,1024,1164,0,0,0,0
1167,0,1,0,0,4,0,0,1,0,1024,1165,0,0,0,0
1168,0,1,0,0,4,0,0,1,0,1024,1166,0,0,0,0
1169,0,1,0,0,4,0,0,1,0,1024,1167,0,0,0,0
1170,0,1,0,0,4,0,0,1,0,1024,1168,0,0,0,0
1171,0,1,0,0,4,0,0,1,0,1024,1169,0,0,0,0
1172,0,1,0,0,4,0,0,1,0,1024,1170,0,0,0,0
1173,0,1,0,0,4,0,0,1,0,1024,1171,0,0,0,0
1174,0,1,0,0,4,0,0,1,0,1024,1172,0,0,0,0
1175,0,1,0,0,4,0,0,1,0,1024,1173,0,0,0,0
1176,0,1,0,0,4,0,0,1,0,1024,1174,0,0,0,0
1177,0,1,0,0,4,0,0,1,0,1024,1175,0,0,0,0
1178,0,1,0,0,4,0,0,1,0,1024,1176,0,0,0,0
1179,0,1,0,0,4,0,0,1,0,1024,1177,0,0,0,0
1180,0,1,0,0,4,0,0,1,0,1024,1178,0,0,0,0
1181,0,1,0,0,4,0,0,1,0,1024,1179,0,0,0,0
1182,0,1,0,0,4,0,0,1,0,1024,1180,0,0,0,0
1183,0,1,0,0,4,0,0,1,0,1024,1181,0,0,0,0
1184,0,1,0,0,4,0,0,1,0,1024,1182,0,0,0,0
1185,0,1,0,0,4,0,0,1,0,1024,1183,0,0,0,0
1186,0,1,0,0,4,0,0,1,0,1024,1184,0,0,0,0
1187,0,1,0,0,4,0,0,1,0,1024,1185,0,0,0,0
1188,0,1,0,0,4,0,0,1,0,1024,1186,0,0,0,0
1189,0,1,0,0,4,0,0,1,0,1024,1187,0,0,0,0
1190,0,1,0,0,4,0,0,1,0,1024,1188,0,0,0,0
1191,0,1,0,0,4,0,0,1,0,1024,1189,0,0,0,0
1192,0,1,0,0,4,0,0,1,0,1024,1190,0,0,0,0
1193,0,1,0,0,4,0,0,1,0,1024,1191,0,0,0,0
1194,0,1,0,0,4,0,0,1,0,1024,1192,0,0,0,0
1195,0,1,0,0,4,0,0,1,0,1024,1193,0,0,0,0
1196,0,1,0,0,4,0,0,1,0,1024,1194,0,0,0,0
1197,0,1,0,0,4,0,0,1,0,1024,1195,0,0,0,0
1198,0,1,0,0,4,0,0,1,0,1024,1196,0,0,0,0
1199,0,1,0,0,4,0,0,1,0,1024,1197,0,0,0,0
1200,0,1,0,0,4,0,0,1,0,1024,1198,0,0,0,0
1201,0,1,0,0,4,0,0,1,0,1024,1199,0,0,0,0
1202,0,1,0,0,4,0,0,1,0,1024,1200,0,0,0,0
1203,0,1,0,0,4,0,0,1,0,1024,1201,0,0,0,0
1204,0,1,0,0,4,0,0,1,0,1024,1202,0,0,0,0
1205,0,1,0,0,4,0,0,1,0,1024,1203,0,0,0,0
1206,0,1,0,0,4,0,0,1,0,1024,1204,0,0,0,0
1207,0,1,0,0,4,0,0,1,0,1024,1205,0,0,0,0
1208,0,1,0,0,4,0,0,1,0,1024,1206,0,0,0,0
1209,0,1,0,0,4,0,0,1,0,1024,1207,0,0,0,0
1210,0,1,0,0,4,0,0,1,0,1024,1208,0,0,0,0
1211,0,1,0,0,4,0,0,1,0,1024,1209,0,0,0,0
1212,0,1,0,0,4,0,0,1,0,1024,1210,0,0,0,0
1213,0,1,0,0,4,0,0,1,0,1024,1211,0,0,0,0
1214,0,1,0,0,4,0,0,1,0,1024,1212,0,0,0,0
1215,0,1,0,0,4,0,0,1,0,1024,1213,0,0,0,0
1216,0,1,0,0,4,0,0,1,0,1024,1214,0,0,0,0
1217,0,1,0,0,4,0,0,1,0,1024,1215,0,0,0,0
1218,0,1,0,0,4,0,0,1,0,1024,1216,0,0,0,0
1219,0,1,0,0,4,0,0,1,0,1024,1217,0,0,0,0
1220,0,1,0,0,4,0,0,1,0,1024,1218,0,0,0,0
1221,0,1,0,0,4,0,0,1,0,1024,1219,0,0,0,0
1222,0,1,0,0,4,0,0,1,0,1024,1220,0,0,0,0
1223,0,1,0,0,4,0,0,1,0,1024,1221,0,0,0,0
1224,0,1,0,0,4,0,0,1,0,1024,1222,0,0,0,0
1225,0,1,0,0,4,0,0,1,0,1024,1223,0,0,0,0
1226,0,1,0,0,4,0,0,1,0,1024,1224,0,0,0,0
1227,0,1,0,0,4,0,0,1,0,1024,1225,0,0,0,0
1228,0,1,0,0,4,0,0,1,0,1024,1226,0,0,0,0
1229,0,1,0,0,4,0,0,1,0,1024,1227,0,0,0,0
1230,0,1,0,0,4,0,0,1,0,1024,1228,0,0,0,0
1231,0,1,0,0,4,0,0,1,0,1024,1229,0,0,0,0
1232,0,1,0,0,4,0,0,1,0,1024,1230,0,0,0,0
1233,0,1,0,0,4,0,0,1,0,1024,1231,0,0,0,0
1234,0,1,0,0,4,0,0,1,0,1024,1232,0,0,0,0
1235,0,1,0,0,4,0,0,1,0,1024,1233,0,0,0,0
1236,0,1,0,0,4,0,0,1,0,1024,1234,0,0,0,0
1237,0,1,0,0,4,0,0,1,0,1024,1235,0,0,0,0
1238,0,1,0,0,4,0,0,1,0,1024,1236,0,0,0,0
1239,0,1,0,0,4,0,0,1,0,1024,1237,0,0,0,0
1240,0,1,0,0,4,0,0,1,0,1024,1238,0,0,0,0
1241,0,1,0,0,4,0,0,1,0,1024,1239,0,0,0,0
1242,0,1,0,0,4,0,0,1,0,1024,1240,0,0,0,0
1243,0,1,0,0,4,0,0,1,0,1024,1241,0,0,0,0
1244,0,1,0,0,4,0,0,1,0,1024,1242,0,0,0,0
1245,0,1,0,0,4,0,0,1,0,1024,1243,0,0,0,0
1246,0,1,0,0,4,0,0,1,0,1024,1244,0,0,0,0
1247,0,1,0,0,4,0,0,1,0,1024,1245,0,0,0,0
1248,0,1,0,0,4,0,0,1,0,1024,1246,0,0,0,0
1249,0,1,0,0,4,0,0,1,0,1024,1247,0,0,0,0
1250,0,1,0,0,4,0,0,1,0,1024,1248,0,0,0,0
1251,0,1,0,0,4,0,0,1,0,1024,1249,0,0,0,0
1252,0,1,0,0,4,0,0,1,0,1024,1250,0,0,0,0
1253,0,1,0,0,4,0,0,1,0,1024,1251,0,0,0,0
1254,0,1,0,0,4,0,0,1,0,1024,1252,0,0,0,0
1255,0,1,0,0,4,0,0,1,0,1024,1253,0,0,0,0
1256,0,1,0,0,4,0,0,1,0,1024,1254,0,0,0,0
1257,0,1,0,0,4,0,0,1,0,1024,1255,0,0,0,0
1258,0,1,0,0,4,0,0,1,0,1024,1256,0,0,0,0
1259,0,1,0,0,4,0,0,1,0,1024,1257,0,0,0,0
1260,0,1,0,0,4,0,0,1,0,1024,1258,0,0,0,0
1261,0,1,0,0,4,0,0,1,0,1024,1259,0,0,0,0
1262,0,1,0,0,4,0,0,1,0,1024,1260,0,0,0,0
1263,0,1,0,0,4,0,0,1,0,1024,1261,0,0,0,0
1264,0,1,0,0,4,0,0,1,0,1024,1262,0,0,0,0
1265,0,1,0,0,4,0,0,1,0,1024,1263,0,0,0,0
1266,0,1,0,0,4,0,0,1,0,1024,1264,0,0,0,0
1267,0,1,0,0,4,0,0,1,0,1024,1265,0,0,0,0
1268,0,1,0,0,4,0,0,1,0,1024,1266,0,0,0,0
1269,0,1,0,0,4,0,0,1,0,1024,1267,0,0,0,0
1270,0,1,0,0,4,0,0,1,0,1024,1268,0,0,0,0
1271,0,1,0,0,4,0,0,1,0,1024,1269,0,0,0,0
1272,0,1,0,0,4,0,0,1,0,1024,1270,0,0,0,0
1273,0,1,0,0,4,0,0,1,0,1024,1271,0,0,0,0
1274,0,1,0,0,4,0,0,1,0,1024,1272,0,0,0,0
1275,0,1,0,0,4,0,0,1,0,1024,1273,0,0,0,0
1276,0,1,0,0,4,0,0,1,0,1024,1274,0,0,0,0
1277,0,1,0,0,4,0,0,1,0,1024,1275,0,0,0,0
1278,0,1,0,0,4,0,0,1,0,1024,1276,0,0,0,0
1279,0,1,0,0,4,0,0,1,0,1024,1277,0,0,0,0
1280,0,1,0,0,4,0,0,1,0,1024,1278,0,0,0,0
1281,0,1,0,0,4,0,0,1,0,1024,1279,0,0,0,0
1282,0,1,0,0,4,0,0,1,0,1024,1280,0,0,0,0
1283,0,1,0,0,4,0,0,1,0,1024,1281,0,0,0,0
1284,0,1,0,0,4,0,0,1,0,1024,1282,0,0,0,0
1285,0,1,0,0,4,0,0,1,0,1024,1283,0,0,0,0
1286,0,1,0,0,4,0,0,1,0,1024,1284,0,0,0,0
1287,0,1,0,0,4,0,0,1,0,1024,1285,0,0,0,0
1288,0,1,0,0,4,0,0,1,0,1024,1286,0,0,0,0
1289,0,1,0,0,4,0,0,1,0,1024,1287,0,0,0,0
1290,0,1,0,0,4,0,0,1,0,1024,1288,0,0,0,0
1291,0,1,0,0,4,0,0,1,0,1024,1289,0,0,0,0
1292,0,1,0,0,4,0,0,1,0,1024,1290,0,0,0,0
1293,0,1,0,0,4,0,0,1,0,1024,1291,0,0,0,0
1294,0,1,0,0,4,0,0,1,0,1024,1292,0,0,0,0
1295,0,1,0,0,4,0,0,1,0,1024,1293,0,0,0,0
1296,0,1,0,0,4,0,0,1,0,1024,1294,0,0,0,0
1297,0,1,0,0,4,0,0,1,0,1024,1295,0,0,0,0
1298,0,1,0,0,4,0,0,1,0,1024,1296,0,0,0,0
1299,0,1,0,0,4,0,0,1,0,1024,1297,0,0,0,0
1300,0,1,0,0,4,0,0,1,0,1024,1298,0,0,0,0
1301,0,1,0,0,4,0,0,1,0,1024,1299,0,0,0,0
1302,0,1,0,0,4,0,0,1,0,1024,1300,0,0,0,0
1303,0,1,0,0,4,0,0,1,0,1024,1301,0,0,0,0
1304,0,1,0,0,4,0,0,1,0,1024,1302,0,0,0,0
1305,0,1,0,0,4,0,0,1,0,1024,1303,0,0,0,0
1306,0,1,0,0,4,0,0,1,0,1024,1304,0,0,0,0
1307,0,1,0,0,4,0,0,1,0,1024,1305,0,0,0,0
1308,0,1,0,0,4,0,0,1,0,1024,1306,0,0,0,0
1309,0,1,0,0,4,0,0,1,0,1024,1307,0,0,0,0
1310,0,1,0,0,4,0,0,1,0,1024,1308,0,0,0,0
1311,0,1,0,0,4,0,0,1,0,1024,1309,0,0,0,0
1312,0,1,0,0,4,0,0,1,0,1024,1310,0,0,0,0
1313,0,1,0,0,4,0,0,1,0,1024,1311,0,0,0,0
1314,0,1,0,0,4,0,0,1,0,1024,1312,0,0,0,0
1315,0,1,0,0,4,0,0,1,0,1024,1313,0,0,0,0
1316,0,1,0,0,4,0,0,1,0,1024,1314,0,0,0,0
1317,0,1,0,0,4,0,0,1,0,1024,1315,0,0,0,0
1318,0,1,0,0,4,0,0,1,0,1024,1316,0,0,0,0
1319,0,1,0,0,4,0,0,1,0,1024,1317,0,0,0,0
1320,0,1,0,0,4,0,0,1,0,1024,1318,0,0,0,0
1321,0,1,0,0,4,0,0,1,0,1024,1319,0,0,0,0
1322,0,1,0,0,4,0,0,1,0,1024,1320,0,0,0,0
1323,0,1,0,0,4,0,0,1,0,1024,1321,0,0,0,0
1324,0,1,0,0,4,0,0,1,0,1024,1322,0,0,0,0
1325,0,1,0,0,4,0,0,1,0,1024,1323,0,0,0,0
1326,0,1,0,0,4,0,0,1,0,1024,1324,0,0,0,0
1327,0,1,0,0,4,0,0,1,0,1024,1325,0,0,0,0
1328,0,1,0,0,4,0,0,1,0,1024,1326,0,0,0,0
1329,0,1,0,0,4,0,0,1,0,1024,1327,0,0,0,0
1330,0,1,0,0,4,0,0,1,0,1024,1328,0,0,0,0
1331,0,1,0,0,4,0,0,1,0,1024,1329,0,0,0,0
1332,0,1,0,0,4,0,0,1,0,1024,1330,0,0,0,0
1333,0,1,0,0,4,0,0,1,0,1024,1331,0,0,0,0
1334,0,1,0,0,4,0,0,1,0,1024,1332,0,0,0,0
1335,0,1,0,0,4,0,0,1,0,1024,1333,0,0,0,0
1336,0,1,0,0,4,0,0,1,0,1024,1334,0,0,0,0
1337,0,1,0,0,4,0,0,1,0,1024,1335,0,0,0,0
1338,0,1,0,0,4,0,0,1,0,1024,1336,0,0,0,0
1339,0,1,0,0,4,0,0,1,0,1024,1337,0,0,0,0
1340,0,1,0,0,4,0,0,1,0,1024,1338,0,0,0,0
1341,0,1,0,0,4,0,0,1,0,1024,1339,0,0,0,0
1342,0,1,0,0,4,0,0,1,0,1024,1340,0,0,0,0
1343,0,1,0,0,4,0,0,1,0,1024,1341,0,0,0,0
1344,0,1,0,0,4,0,0,1,0,1024,1342,0,0,0,0
1345,0,1,0,0,4,0,0,1,0,1024,1343,0,0,0,0
1346,0,1,0,0,4,0,0,1,0,1024,1344,0,0,0,0
1347,0,1,0,0,4,0,0,1,0,1024,1345,0,0,0,0
1348,0,1,0,0,4,0,0,1,0,1024,1346,0,0,0,0
1349,0,1,0,0,4,0,0,1,0,1024,1347,0,0,0,0
1350,0,1,0,0,4,0,0,1,0,1024,1348,0,0,0,0
1351,0,1,0,0,4,0,0,1,0,1024,1349,0,0,0,0
1352,0,1,0,0,4,0,0,1,0,1024,1350,0,0,0,0
1353,0,1,0,0,4,0,0,1,0,1024,1351,0,0,0,0
1354,0,1,0,0,4,0,0,1,0,1024,1352,0,0,0,0
1355,0,1,0,0,4,0,0,1,0,1024,1353,0,0,0,0
1356,0,1,0,0,4,0,0,1,0,1024,1354,0,0,0,0
1357,0,1,0,0,4,0,0,1,0,1024,1355,0,0,0,0
1358,0,1,0,0,4,0,0,1,0,1024,1356,0,0,0,0
1359,0,1,0,0,4,0,0,1,0,1024,1357,0,0,0,0
1360,0,1,0,0,4,0,0,1,0,1024,1358,0,0,0,0
1361,0,1,0,0,4,0,0,1,0,1024,1359,0,0,0,0
1362,0,1,0,0,4,0,0,1,0,1024,1360,0,0,0,0
1363,0,1,0,0,4,0,0,1,0,1024,1361,0,0,0,0
1364,0,1,0,0,4,0,0,1,0,1024,1362,0,0,0,0
1365,0,1,0,0,4,0,0,1,0,1024,1363,0,0,0,0
1366,0,1,0,0,4,0,0,1,0,1024,1364,0,0,0,0
1367,0,1,0,0,4,0,0,1,0,1024,1365,0,0,0,0
1368,0,1,0,0,4,0,0,1,0,1024,1366,0,0,0,0
1369,0,1,0,0,4,0,0,1,0,1024,1367,0,0,0,0
1370,0,1,0,0,4,0,0,1,0,1024,1368,0,0,0,0
1371,0,1,0,0,4,0,0,1,0,1024,1369,0,0,0,0
1372,0,1,0,0,4,0,0,1,0,1024,1370,0,0,0,0
1373,0,1,0,0,4,0,0,1,0,1024,1371,0,0,0,0
1374,0,1,0,0,4,0,0,1,0,1024,1372,0,0,0,0
1375,0,1,0,0,4,0,0,1,0,1024,1373,0,0,0,0
1376,0,1,0,0,4,0,0,1,0,1024,1374,0,0,0,0
1377,0,1,0,0,4,0,0,1,0,1024,1375,0,0,0,0
1378,0,1,0,0,4,0,0,1,0,1024,1376,0,0,0,0
1379,0,1,0,0,4,0,0,1,0,1024,1377,0,0,0,0
1380,0,1,0,0,4,0,0,1,0,1024,1378,0,0,0,0
1381,0,1,0,0,4,0,0,1,0,1024,1379,0,0,0,0
1382,0,1,0,0,4,0,0,1,0,1024,1380,0,0,0,0
1383,0,1,0,0,4,0,0,1,0,1024,1381,0,0,0,0
1384,0,1,0,0,4,0,0,1,0,1024,1382,0,0,0,0
1385,0,1,0,0,4,0,0,1,0,1024,1383,0,0,0,0
1386,0,1,0,0,4,0,0,1,0,1024,1384,0,0,0,0
1387,0,1,0,0,4,0,0,1,0,1024,1385,0,0,0,0
1388,0,1,0,0,4,0,0,1,0,1024,1386,0,0,0,0
1389,0,1,0,0,4,0,0,1,0,1024,1387,0,0,0,0
1390,0,1,0,0,4,0,0,1,0,1024,1388,0,0,0,0
1391,0,1,0,0,4,0,0,1,0,1024,1389,0,0,0,0
1392,0,1,0,0,4,0,0,1,0,1024,1390,0,0,0,0
1393,0,1,0,0,4,0,0,1,0,1024,1391,0,0,0,0
1394,0,1,0,0,4,0,0,1,0,1024,1392,0,0,0,0
1395,0,1,0,0,4,0,0,1,0,1024,1393,0,0,0,0
1396,0,1,0,0,4,0,0,1,0,1024,1394,0,0,0,0
1397,0,1,0,0,4,0,0,1,0,1024,1395,0,0,0,0
1398,0,1,0,0,4,0,0,1,0,1024,1396,0,0,0,0
1399,0,1,0,0,4,0,0,1,0,1024,1397,0,0,0,0
1400,0,1,0,0,4,0,0,1,0,1024,1398,0,0,0,0
1401,0,1,0,0,4,0,0,1,0,1024,1399,0,0,0,0
1402,0,1,0,0,4,0,0,1,0,1024,1400,0,0,0,0
1403,0,1,0,0,4,0,0,1,0,1024,1401,0,0,0,0
1404,0,1,0,0,4,0,0,1,0,1024,1402,0,0,0,0
1405,0,1,0,0,4,0,0,1,0,1024,1403,0,0,0,0
1406,0,1,0,0,4,0,0,1,0,1024,1404,0,0,0,0
1407,0,1,0,0,4,0,0,1,0,1024,1405,0,0,0,0
1408,0,1,0,0,4,0,0,1,0,1024,1406,0,0,0,0
1409,0,1,0,0,4,0,0,1,0,1024,1407,0,0,0,0
1410,0,1,0,0,4,0,0,1,0,1024,1408,0,0,0,0
1411,0,1,0,0,4,0,0,1,0,1024,1409,0,0,0,0
1412,0,1,0,0,4,0,0,1,0,1024,1410,0,0,0,0
1413,0,1,0,0,4,0,0,1,0,1024,1411,0,0,0,0
1414,0,1,0,0,4,0,0,1,0,1024,1412,0,0,0,0
1415,0,1,0,0,4,0,0,1,0,1024,1413,0,0,0,0
1416,0,1,0,0,4,0,0,1,0,1024,1414,0,0,0,0
1417,0,1,0,0,4,0,0,1,0,1024,1415,0,0,0,0
1418,0,1,0,0,4,0,0,1,0,1024,1416,0,0,0,0
1419,0,1,0,0,4,0,0,1,0,1024,1417,0,0,0,0
1420,0,1,0,0,4,0,0,1,0,1024,1418,0,0,0,0
1421,0,1,0,0,4,0,0,1,0,1024,1419,0,0,0,0
1422,0,1,0,0,4,0,0,1,0,1024,1420,0,0,0,0
1423,0,1,0,0,4,0,0,1,0,1024,1421,0,0,0,0
1424,0,1,0,0,4,0,0,1,0,1024,1422,0,0,0,0
1425,0,1,0,0,4,0,0,1,0,1024,1423,0,0,0,0
1426,0,1,0,0,4,0,0,1,0,1024,1424,0,0,0,0
1427,0,1,0,0,4,0,0,1,0,1024,1425,0,0,0,0
1428,0,1,0,0,4,0,0,1,0,1024,1426,0,0,0,0
1429,0,1,0,0,4,0,0,1,0,1024,1427,0,0,0,0
1430,0,1,0,0,4,0,0,1,0,1024,1428,0,0,0,0
1431,0,1,0,0,4,0,0,1,0,1024,1429,0,0,0,0
1432,0,1,0,0,4,0,0,1,0,1024,1430,0,0,0,0
1433,0,1,0,0,4,0,0,1,0,1024,1431,0,0,0,0
1434,0,1,0,0,4,0,0,1,0,1024,1432,0,0,0,0
1435,0,1,0,0,4,0,0,1,0,1024,1433,0,0,0,0
1436,0,1,0,0,4,0,0,1,0,1024,1434,0,0,0,0
1437,0,1,0,0,4,0,0,1,0,1024,1435,0,0,0,0
1438,0,1,0,0,4,0,0,1,0,1024,1436,0,0,0,0
1439,0,1,0,0,4,0,0,1,0,1024,1437,0,0,0,0
1440,0,1,0,0,4,0,0,1,0,1024,1438,0,0,0,0
1441,0,1,0,0,4,0,0,1,0,1024,1439,0,0,0,0
1442,0,1,0,0,4,0,0,1,0,1024,1440,0,0,0,0
1443,0,1,0,0,4,0,0,1,0,1024,1441,0,0,0,0
1444,0,1,0,0,4,0,0,1,0,1024,1442,0,0,0,0
1445,0,1,0,0,4,0,0,1,0,1024,1443,0,0,0,0
1446,0,1,0,0,4,0,0,1,0,1024,1444,0,0,0,0
1447,0,1,0,0,4,0,0,1,0,1024,1445,0,0,0,0
1448,0,1,0,0,4,0,0,1,0,1024,1446,0,0,0,0
1449,0,1,0,0,4,0,0,1,0,1024,1447,0,0,0,0
1450,0,1,0,0,4,0,0,1,0,1024,1448,0,0,0,0
1451,0,1,0,0,4,0,0,1,0,1024,1449,0,0,0,0
1452,0,1,0,0,4,0,0,1,0,1024,1450,0,0,0,0
1453,0,1,0,0,4,0,0,1,0,1024,1451,0,0,0,0
1454,0,1,0,0,4,0,0,1,0,1024,1452,0,0,0,0
1455,0,1,0,0,4,0,0,1,0,1024,1453,0,0,0,0
1456,0,1,0,0,4,0,0,1,0,1024,1454,0,0,0,0
1457,0,1,0,0,4,0,0,1,0,1024,1455,0,0,0,0
1458,0,1,0,0,4,0,0,1,0,1024,1456,0,0,0,0
1459,0,1,0,0,4,0,0,1,0,1024,1457,0,0,0,0
1460,0,1,0,0,4,0,0,1,0,1024,1458,0,0,0,0
1461,0,1,0,0,4,0,0,1,0,1024,1459,0,0,0,0
1462,0,1,0,0,4,0,0,1,0,1024,1460,0,0,0,0
1463,0,1,0,0,4,0,0,1,0,1024,1461,0,0,0,0
1464,0,1,0,0,4,0,0,1,0,1024,1462,0,0,0,0
1465,0,1,0,0,4,0,0,1,0,1024,1463,0,0,0,0
1466,0,1,0,0,4,0,0,1,0,1024,1464,0,0,0,0
1467,0,1,0,0,4,0,0,1,0,1024,1465,0,0,0,0
1468,0,1,0,0,4,0,0,1,0,1024,1466,0,0,0,0
1469,0,1,0,0,4,0,0,1,0,1024,1467,0,0,0,0
1470,0,1,0,0,4,0,0,1,0,1024,1468,0,0,0,0
1471,0,1,0,0,4,0,0,1,0,1024,1469,0,0,0,0
1472,0,1,0,0,4,0,0,1,0,1024,1470,0,0,0,0
1473,0,1,0,0,4,0,0,1,0,1024,1471,0,0,0,0
1474,0,1,0,0,4,0,0,1,0,1024,1472,0,0,0,0
1475,0,1,0,0,4,0,0,1,0,1024,1473,0,0,0,0
1476,0,1,0,0,4,0,0,1,0,1024,1474,0,0,0,0
1477,0,1,0,0,4,0,0,1,0,1024,1475,0,0,0,0
1478,0,1,0,0,4,0,0,1,0,1024,1476,0,0,0,0
1479,0,1,0,0,4,0,0,1,0,1024,1477,0,0,0,0
1480,0,1,0,0,4,0,0,1,0,1024,1478,0,0,0,0
1481,0,1,0,0,4,0,0,1,0,1024,1479,0,0,0,0
1482,0,1,0,0,4,0,0,1,0,1024,1480,0,0,0,0
1483,0,1,0,0,4,0,0,1,0,1024,1481,0,0,0,0
1484,0,1,0,0,4,0,0,1,0,1024,1482,0,0,0,0
1485,0,1,0,0,4,0,0,1,0,1024,1483,0,0,0,0
1486,0,1,0,0,4,0,0,1,0,1024,1484,0,0,0,0
1487,0,1,0,0,4,0,0,1,0,1024,1485,0,0,0,0
1488,0,1,0,0,4,0,0,1,0,1024,1486,0,0,0,0
1489,0,1,0,0,4,0,0,1,0,1024,1487,0,0,0,0
1490,0,1,0,0,4,0,0,1,0,1024,1488,0,0,0,0
1491,0,1,0,0,4,0,0,1,0,1024,1489,0,0,0,0
1492,0,1,0,0,4,0,0,1,0,1024,1490,0,0,0,0
1493,0,1,0,0,4,0,0,1,0,1024,1491,0,0,0,0
1494,0,1,0,0,4,0,0,1,0,1024,1492,0,0,0,0
1495,0,1,0,0,4,0,0,1,0,1024,1493,0,0,0,0
1496,0,1,0,0,4,0,0,1,0,1024,1494,0,0,0,0
1497,0,1,0,0,4,0,0,1,0,1024,1495,0,0,0,0
1498,0,1,0,0,4,0,0,1,0,1024,1496,0,0,0,0
1499,0,1,0,0,4,0,0,1,0,1024,1497,0,0,0,0
1500,0,1,0,0,4,0,0,1,0,1024,1498,0,0,0,0
1501,0,1,0,0,4,0,0,1,0,1024,1499,0,0,0,0
1502,0,1,0,0,4,0,0,1,0,1024,1500,0,0,0,0
1503,0,1,0,0,4,0,0,1,0,1024,1501,0,0,0,0
1504,0,1,0,0,4,0,0,1,0,1024,1502,0,0,0,0
1505,0,1,0,0,4,0,0,1,0,1024,1503,0,0,0,0
1506,0,1,0,0,4,0,0,1,0,1024,1504,0,0,0,0
1507,0,1,0,0,4,0,0,1,0,1024,1505,0,0,0,0
1508,0,1,0,0,4,0,0,1,0,1024,1506,0,0,0,0
1509,0,1,0,0,4,0,0,1,0,1024,1507,0,0,0,0
1510,0,1,0,0,4,0,0,1,0,1024,1508,0,0,0,0
1511,0,1,0,0,4,0,0,1,0,1024,1509,0,0,0,0
1512,0,1,0,0,4,0,0,1,0,1024,1510,0,0,0,0
1513,0,1,0,0,4,0,0,1,0,1024,1511,0,0,0,0
1514,0,1,0,0,4,0,0,1,0,1024,1512,0,0,0,0
1515,0,1,0,0,4,0,0,1,0,1024,1513,0,0,0,0
1516,0,1,0,0,4,0,0,1,0,1024,1514,0,0,0,0
1517,0,1,0,0,4,0,0,1,0,1024,1515,0,0,0,0
1518,0,1,0,0,4,0,0,1,0,1024,1516,0,0,0,0
1519,0,1,0,0,4,0,0,1,0,1024,1517,0,0,0,0
1520,0,1,0,0,4,0,0,1,0,1024,1518,0,0,0,0
1521,0,1,0,0,4,0,0,1,0,1024,1519,0,0,0,0
1522,0,1,0,0,4,0,0,1,0,1024,1520,0,0,0,0
1523,0,1,0,0,4,0,0,1,0,1024,1521,0,0,0,0
1524,0,1,0,0,4,0,0,1,0,1024,1522,0,0,0,0
1525,0,1,0,0,4,0,0,1,0,1024,1523,0,0,0,0
1526,0,1,0,0,4,0,0,1,0,1024,1524,0,0,0,0
1527,0,1,0,0,4,0,0,1,0,1024,1525,0,0,0,0
1528,0,1,0,0,4,0,0,1,0,1024,1526,0,0,0,0
1529,0,1,0,0,4,0,0,1,0,1024,1527,0,0,0,0
1530,0,1,0,0,4,0,0,1,0,1024,1528,0,0,0,0
1531,0,1,0,0,4,0,0,1,0,1024,1529,0,0,0,0
1532,0,1,0,0,4,0,0,1,0,1024,1530,0,0,0,0
1533,0,1,0,0,4,0,0,1,0,1024,1531,0,0,0,0
1534,0,1,0,0,4,0,0,1,0,1024,1532,0,0,0,0
1535,0,1,0,0,4,0,0,1,0,1024,1533,0,0,0,0
1536,0,1,0,0,4,0,0,1,0,1024,1534,0,0,0,0
1537,0,1,0,0,4,0,0,1,0,1024,1535,0,0,0,0
1538,0,1,0,0,4,0,0,1,0,1024,1536,0,0,0,0
1539,0,1,0,0,4,0,0,1,0,1024,1537,0,0,0,0
1540,0,1,0,0,4,0,0,1,0,1024,1538,0,0,0,0
1541,0,1,0,0,4,0,0,1,0,1024,1539,0,0,0,0
1542,0,1,0,0,4,0,0,1,0,1024,1540,0,0,0,0
1543,0,1,0,0,4,0,0,1,0,1024,1541,0,0,0,0
1544,0,1,0,0,4,0,0,1,0,1024,1542,0,0,0,0
1545,0,1,0,0,4,0,0,1,0,1024,1543,0,0,0,0
1546,0,1,0,0,4,0,0,1,0,1024,1544,0,0,0,0
1547,0,1,0,0,4,0,0,1,0,1024,1545,0,0,0,0
1548,0,1,0,0,4,0,0,1,0,1024,1546,0,0,0,0
1549,0,1,0,0,4,0,0,1,0,1024,1547,0,0,0,0
1550,0,1,0,0,4,0,0,1,0,1024,1548,0,0,0,0
1551,0,1,0,0,4,0,0,1,0,1024,1549,0,0,0,0
1552,0,1,0,0,4,0,0,1,0,1024,1550,0,0,0,0
1553,0,1,0,0,4,0,0,1,0,1024,1551,0,0,0,0
1554,0,1,0,0,4,0,0,1,0,1024,1552,0,0,0,0
1555,0,1,0,0,4,0,0,1,0,1024,1553,0,0,0,0
1556,0,1,0,0,4,0,0,1,0,1024,1554,0,0,0,0
1557,0,1,0,0,4,0,0,1,0,1024,1555,0,0,0,0
1558,0,1,0,0,4,0,0,1,0,1024,1556,0,0,0,0
1559,0,1,0,0,4,0,0,1,0,1024,1557,0,0,0,0
1560,0,1,0,0,4,0,0,1,0,1024,1558,0,0,0,0
1561,0,1,0,0,4,0,0,1,0,1024,1559,0,0,0,0
1562,0,1,0,0,4,0,0,1,0,1024,1560,0,0,0,0
1563,0,1,0,0,4,0,0,1,0,1024,1561,0,0,0,0
1564,0,1,0,0,4,0,0,1,0,1024,1562,0,0,0,0
1565,0,1,0,0,4,0,0,1,0,1024,1563,0,0,0,0
1566,0,1,0,0,4,0,0,1,0,1024,1564,0,0,0,0
1567,0,1,0,0,4,0,0,1,0,1024,1565,0,0,0,0
1568,0,1,0,0,4,0,0,1,0,1024,1566,0,0,0,0
1569,0,1,0,0,4,0,0,1,0,1024,1567,0,0,0,0
1570,0,1,0,0,4,0,0,1,0,1024,1568,0,0,0,0
1571,0,1,0,0,4,0,0,1,0,1024,1569,0,0,0,0
1572,0,1,0,0,4,0,0,1,0,1024,1570,0,0,0,0
1573,0,1,0,0,4,0,0,1,0,1024,1571,0,0,0,0
1574,0,1,0,0,4,0,0,1,0,1024,1572,0,0,0,0
1575,0,1,0,0,4,0,0,1,0,1024,1573,0,0,0,0
1576,0,1,0,0,4,0,0,1,0,1024,1574,0,0,0,0
1577,0,1,0,0,4,0,0,1,0,1024,1575,0,0,0,0
1578,0,1,0,0,4,0,0,1,0,1024,1576,0,0,0,0
1579,0,1,0,0,4,0,0,1,0,1024,1577,0,0,0,0
1580,0,1,0,0,4,0,0,1,0,1024,1578,0,0,0,0
1581,0,1,0,0,4,0,0,1,0,1024,1579,0,0,0,0
1582,0,1,0,0,4,0,0,1,0,1024,1580,0,0,0,0
1583,0,1,0,0,4,0,0,1,0,1024,1581,0,0,0,0
1584,0,1,0,0,4,0,0,1,0,1024,1582,0,0,0,0
1585,0,1,0,0,4,0,0,1,0,1024,1583,0,0,0,0
1586,0,1,0,0,4,0,0,1,0,1024,1584,0,0,0,0
1587,0,1,0,0,4,0,0,1,0,1024,1585,0,0,0,0
1588,0,1,0,0,4,0,0,1,0,1024,1586,0,0,0,0
1589,0,1,0,0,4,0,0,1,0,1024,1587,0,0,0,0
1590,0,1,0,0,4,0,0,1,0,1024,1588,0,0,0,0
1591,0,1,0,0,4,0,0,1,0,1024,1589,0,0,0,0
1592,0,1,0,0,4,0,0,1,0,1024,1590,0,0,0,0
1593,0,1,0,0,4,0,0,1,0,1024,1591,0,0,0,0
1594,0,1,0,0,4,0,0,1,0,1024,1592,0,0,0,0
1595,0,1,0,0,4,0,0,1,0,1024,1593,0,0,0,0
1596,0,1,0,0,4,0,0,1,0,1024,1594,0,0,0,0
1597,0,1,0,0,4,0,0,1,0,1024,1595,0,0,0,0
1598,0,1,0,0,4,0,0,1,0,1024,1596,0,0,0,0
1599,0,1,0,0,4,0,0,1,0,1024,1597,0,0,0,0
1600,0,1,0,0,4,0,0,1,0,1024,1598,0,0,0,0
1601,0,1,0,0,4,0,0,1,0,1024,1599,0,0,0,0
1602,0,1,0,0,4,0,0,1,0,1024,1600,0,0,0,0
1603,0,1,0,0,4,0,0,1,0,1024,1601,0,0,0,0
1604,0,1,0,0,4,0,0,1,0,1024,1602,0,0,0,0
1605,0,1,0,0,4,0,0,1,0,1024,1603,0,0,0,0
1606,0,1,0,0,4,0,0,1,0,1024,1604,0,0,0,0
1607,0,1,0,0,4,0,0,1,0,1024,1605,0,0,0,0
1608,0,1,0,0,4,0,0,1,0,1024,1606,0,0,0,0
1609,0,1,0,0,4,0,0,1,0,1024,1607,0,0,0,0
1610,0,1,0,0,4,0,0,1,0,1024,1608,0,0,0,0
1611,0,1,0,0,4,0,0,1,0,1024,1609,0,0,0,0
1612,0,1,0,0,4,0,0,1,0,1024,1610,0,0,0,0
1613,0,1,0,0,4,0,0,1,0,1024,1611,0,0,0,0
1614,0,1,0,0,4,0,0,1,0,1024,1612,0,0,0,0
1615,0,1,0,0,4,0,0,1,0,1024,1613,0,0,0,0
1616,0,1,0,0,4,0,0,1,0,1024,1614,0,0,0,0
1617,0,1,0,0,4,0,0,1,0,1024,1615,0,0,0,0
1618,0,1,0,0,4,0,0,1,0,1024,1616,0,0,0,0
1619,0,1,0,0,4,0,0,1,0,1024,1617,0,0,0,0
1620,0,1,0,0,4,0,0,1,0,1024,1618,0,0,0,0
1621,0,1,0,0,4,0,0,1,0,1024,1619,0,0,0,0
1622,0,1,0,0,4,0,0,1,0,1024,1620,0,0,0,0
1623,0,1,0,0,4,0,0,1,0,1024,1621,0,0,0,0
1624,0,1,0,0,4,0,0,1,0,1024,1622,0,0,0,0
1625,0,1,0,0,4,0,0,1,0,1024,1623,0,0,0,0
1626,0,1,0,0,4,0,0,1,0,1024,1624,0,0,0,0
1627,0,1,0,0,4,0,0,1,0,1024,1625,0,0,0,0
1628,0,1,0,0,4,0,0,1,0,1024,1626,0,0,0,0
1629,0,1,0,0,4,0,0,1,0,1024,1627,0,0,0,0
1630,0,1,0,0,4,0,0,1,0,1024,1628,0,0,0,0
1631,0,1,0,0,4,0,0,1,0,1024,1629,0,0,0,0
1632,0,1,0,0,4,0,0,1,0,1024,1630,0,0,0,0
1633,0,1,0,0,4,0,0,1,0,1024,1631,0,0,0,0
1634,0,1,0,0,4,0,0,1,0,1024,1632,0,0,0,0
1635,0,1,0,0,4,0,0,1,0,1024,1633,0,0,0,0
1636,0,1,0,0,4,0,0,1,0,1024,1634,0,0,0,0
1637,0,1,0,0,4,0,0,1,0,1024,1635,0,0,0,0
1638,0,1,0,0,4,0,0,1,0,1024,1636,0,0,0,0
1639,0,1,0,0,4,0,0,1,0,1024,1637,0,0,0,0
1640,0,1,0,0,4,0,0,1,0,1024,1638,0,0,0,0
1641,0,1,0,0,4,0,0,1,0,1024,1639,0,0,0,0
1642,0,1,0,0,4,0,0,1,0,1024,1640,0,0,0,0
1643,0,1,0,0,4,0,0,1,0,1024,1641,0,0,0,0
1644,0,1,0,0,4,0,0,1,0,1024,1642,0,0,0,0
1645,0,1,0,0,4,0,0,1,0,1024,1643,0,0,0,0
1646,0,1,0,0,4,0,0,1,0,1024,1644,0,0,0,0
1647,0,1,0,0,4,0,0,1,0,1024,1645,0,0,0,0
1648,0,1,0,0,4,0,0,1,0,1024,1646,0,0,0,0
1649,0,1,0,0,4,0,0,1,0,1024,1647,0,0,0,0
1650,0,1,0,0,4,0,0,1,0,1024,1648,0,0,0,0
1651,0,1,0,0,4,0,0,1,0,1024,1649,0,0,0,0
1652,0,1,0,0,4,0,0,1,0,1024,1650,0,0,0,0
1653,0,1,0,0,4,0,0,1,0,1024,1651,0,0,0,0
1654,0,1,0,0,4,0,0,1,0,1024,1652,0,0,0,0
1655,0,1,0,0,4,0,0,1,0,1024,1653,0,0,0,0
1656,0,1,0,0,4,0,0,1,0,1024,1654,0,0,0,0
1657,0,1,0,0,4,0,0,1,0,1024,1655,0,0,0,0
1658,0,1,0,0,4,0,0,1,0,1024,1656,0,0,0,0
1659,0,1,0,0,4,0,0,1,0,1024,1657,0,0,0,0
1660,0,1,0,0,4,0,0,1,0,1024,1658,0,0,0,0
1661,0,1,0,0,4,0,0,1,0,1024,1659,0,0,0,0
1662,0,1,0,0,4,0,0,1,0,1024,1660,0,0,0,0
1663,0,1,0,0,4,0,0,1,0,1024,1661,0,0,0,0
1664,0,1,0,0,4,0,0,1,0,1024,1662,0,0,0,0
1665,0,1,0,0,4,0,0,1,0,1024,1663,0,0,0,0
1666,0,1,0,0,4,0,0,1,0,1024,1664,0,0,0,0
1667,0,1,0,0,4,0,0,1,0,1024,1665,0,0,0,0
1668,0,1,0,0,4,0,0,1,0,1024,1666,0,0,0,0
1669,0,1,0,0,4,0,0,1,0,1024,1667,0,0,0,0
1670,0,1,0,0,4,0,0,1,0,1024,1668,0,0,0,0
1671,0,1,0,0,4,0,0,1,0,1024,1669,0,0,0,0
1672,0,1,0,0,4,0,0,1,0,1024,1670,0,0,0,0
1673,0,1,0,0,4,0,0,1,0,1024,1671,0,0,0,0
1674,0,1,0,0,4,0,0,1,0,1024,1672,0,0,0,0
1675,0,1,0,0,4,0,0,1,0,1024,1673,0,0,0,0
1676,0,1,0,0,4,0,0,1,0,1024,1674,0,0,0,0
1677,0,1,0,0,4,0,0,1,0,1024,1675,0,0,0,0
1678,0,1,0,0,4,0,0,1,0,1024,1676,0,0,0,0
1679,0,1,0,0,4,0,0,1,0,1024,1677,0,0,0,0
1680,0,1,0,0,4,0,0,1,0,1024,1678,0,0,0,0
1681,0,1,0,0,4,0,0,1,0,1024,1679,0,0,0,0
1682,0,1,0,0,4,0,0,1,0,1024,1680,0,0,0,0
1683,0,1,0,0,4,0,0,1,0,1024,1681,0,0,0,0
1684,0,1,0,0,4,0,0,1,0,1024,1682,0,0,0,0
1685,0,1,0,0,4,0,0,1,0,1024,1683,0,0,0,0
1686,0,1,0,0,4,0,0,1,0,1024,1684,0,0,0,0
1687,0,1,0,0,4,0,0,1,0,1024,1685,0,0,0,0
1688,0,1,0,0,4,0,0,1,0,1024,1686,0,0,0,0
1689,0,1,0,0,4,0,0,1,0,1024,1687,0,0,0,0
1690,0,1,0,0,4,0,0,1,0,1024,1688,0,0,0,0
1691,0,1,0,0,4,0,0,1,0,1024,1689,0,0,0,0
1692,0,1,0,0,4,0,0,1,0,1024,1690,0,0,0,0
1693,0,1,0,0,4,0,0,1,0,1024,1691,0,0,0,0
1694,0,1,0,0,4,0,0,1,0,1024,1692,0,0,0,0
1695,0,1,0,0,4,0,0,1,0,1024,1693,0,0,0,0
1696,0,1,0,0,4,0,0,1,0,1024,1694,0,0,0,0
1697,0,1,0,0,4,0,0,1,0,1024,1695,0,0,0,0
1698,0,1,0,0,4,0,0,1,0,1024,1696,0,0,0,0
1699,0,1,0,0,4,0,0,1,0,1024,1697,0,0,0,0
1700,0,1,0,0,4,0,0,1,0,1024,1698,0,0,0,0
1701,0,1,0,0,4,0,0,1,0,1024,1699,0,0,0,0
1702,0,1,0,0,4,0,0,1,0,1024,1700,0,0,0,0
1703,0,1,0,0,4,0,0,1,0,1024,1701,0,0,0,0
1704,0,1,0,0,4,0,0,1,0,1024,1702,0,0,0,0
1705,0,1,0,0,4,0,0,1,0,1024,1703,0,0,0,0
1706,0,1,0,0,4,0,0,1,0,1024,1704,0,0,0,0
1707,0,1,0,0,4,0,0,1,0,1024,1705,0,0,0,0
1708,0,1,0,0,4,0,0,1,0,1024,1706,0,0,0,0
1709,0,1,0,0,4,0,0,1,0,1024,1707,0,0,0,0
1710,0,1,0,0,4,0,0,1,0,1024,1708,0,0,0,0
1711,0,1,0,0,4,0,0,1,0,1024,1709,0,0,0,0
1712,0,1,0,0,4,0,0,1,0,1024,1710,0,0,0,0
1713,0,1,0,0,4,0,0,1,0,1024,1711,0,0,0,0
1714,0,1,0,0,4,0,0,1,0,1024,1712,0,0,0,0
1715,0,1,0,0,4,0,0,1,0,1024,1713,0,0,0,0
1716,0,1,0,0,4,0,0,1,0,1024,1714,0,0,0,0
1717,0,1,0,0,4,0,0,1,0,1024,1715,0,0,0,0
1718,0,1,0,0,4,0,0,1,0,1024,1716,0,0,0,0
1719,0,1,0,0,4,0,0,1,0,1024,1717,0,0,0,0
1720,0,1,0,0,4,0,0,1,0,1024,1718,0,0,0,0
1721,0,1,0,0,4,0,0,1,0,1024,1719,0,0,0,0
1722,0,1,0,0,4,0,0,1,0,1024,1720,0,0,0,0
1723,0,1,0,0,4,0,0,1,0,1024,1721,0,0,0,0
1724,0,1,0,0,4,0,0,1,0,1024,1722,0,0,0,0
1725,0,1,0,0,4,0,0,1,0,1024,1723,0,0,0,0
1726,0,1,0,0,4,0,0,1,0,1024,1724,0,0,0,0
1727,0,1,0,0,4,0,0,1,0,1024,1725,0,0,0,0
1728,0,1,0,0,4,0,0,1,0,1024,1726,0,0,0,0
1729,0,1,0,0,4,0,0,1,0,1024,1727,0,0,0,0
1730,0,1,0,0,4,0,0,1,0,1024,1728,0,0,0,0
1731,0,1,0,0,4,0,0,1,0,1024,1729,0,0,0,0
1732,0,1,0,0,4,0,0,1,0,1024,1730,0,0,0,0
1733,0,1,0,0,4,0,0,1,0,1024,1731,0,0,0,0
1734,0,1,0,0,4,0,0,1,0,1024,1732,0,0,0,0
1735,0,1,0,0,4,0,0,1,0,1024,1733,0,0,0,0
1736,0,1,0,0,4,0,0,1,0,1024,1734,0,0,0,0
1737,0,1,0,0,4,0,0,1,0,1024,1735,0,0,0,0
1738,0,1,0,0,4,0,0,1,0,1024,1736,0,0,0,0
1739,0,1,0,0,4,0,0,1,0,1024,1737,0,0,0,0
1740,0,1,0,0,4,0,0,1,0,1024,1738,0,0,0,0
1741,0,1,0,0,4,0,0,1,0,1024,1739,0,0,0,0
1742,0,1,0,0,4,0,0,1,0,1024,1740,0,0,0,0
1743,0,1,0,0,4,0,0,1,0,1024,1741,0,0,0,0
1744,0,1,0,0,4,0,0,1,0,1024,1742,0,0,0,0
1745,0,1,0,0,4,0,0,1,0,1024,1743,0,0,0,0
1746,0,1,0,0,4,0,0,1,0,1024,1744,0,0,0,0
1747,0,1,0,0,4,0,0,1,0,1024,1745,0,0,0,0
1748,0,1,0,0,4,0,0,1,0,1024,1746,0,0,0,0
1749,0,1,0,0,4,0,0,1,0,1024,1747,0,0,0,0
1750,0,1,0,0,4,0,0,1,0,1024,1748,0,0,0,0
1751,0,1,0,0,4,0,0,1,0,1024,1749,0,0,0,0
1752,0,1,0,0,4,0,0,1,0,1024,1750,0,0,0,0
1753,0,1,0,0,4,0,0,1,0,1024,1751,0,0,0,0
1754,0,1,0,0,4,0,0,1,0,1024,1752,0,0,0,0
1755,0,1,0,0,4,0,0,1,0,1024,1753,0,0,0,0
1756,0,1,0,0,4,0,0,1,0,1024,1754,0,0,0,0
1757,0,1,0,0,4,0,0,1,0,1024,1755,0,0,0,0
1758,0,1,0,0,4,0,0,1,0,1024,1756,0,0,0,0
1759,0,1,0,0,4,0,0,1,0,1024,1757,0,0,0,0
1760,0,1,0,0,4,0,0,1,0,1024,1758,0,0,0,0
1761,0,1,0,0,4,0,0,1,0,1024,1759,0,0,0,0
1762,0,1,0,0,4,0,0,1,0,1024,1760,0,0,0,0
1763,0,1,0,0,4,0,0,1,0,1024,1761,0,0,0,0
1764,0,1,0,0,4,0,0,1,0,1024,1762,0,0,0,0
1765,0,1,0,0,4,0,0,1,0,1024,1763,0,0,0,0
1766,0,1,0,0,4,0,0,1,0,1024,1764,0,0,0,0
1767,0,1,0,0,4,0,0,1,0,1024,1765,0,0,0,0
1768,0,1,0,0,4,0,0,1,0,1024,1766,0,0,0,0
1769,0,1,0,0,4,0,0,1,0,1024,1767,0,0,0,0
1770,0,1,0,0,4,0,0,1,0,1024,1768,0,0,0,0
1771,0,1,0,0,4,0,0,1,0,1024,1769,0,0,0,0
1772,0,1,0,0,4,0,0,1,0,1024,1770,0,0,0,0
1773,0,1,0,0,4,0,0,1,0,1024,1771,0,0,0,0
1774,0,1,0,0,4,0,0,1,0,1024,1772,0,0,0,0
1775,0,1,0,0,4,0,0,1,0,1024,1773,0,0,0,0
1776,0,1,0,0,4,0,0,1,0,1024,1774,0,0,0,0
1777,0,1,0,0,4,0,0,1,0,1024,1775,0,0,0,0
1778,0,1,0,0,4,0,0,1,0,1024,1776,0,0,0,0
1779,0,1,0,0,4,0,0,1,0,1024,1777,0,0,0,0
1780,0,1,0,0,4,0,0,1,0,1024,1778,0,0,0,0
1781,0,1,0,0,4,0,0,1,0,1024,1779,0,0,0,0
1782,0,1,0,0,4,0,0,1,0,1024,1780,0,0,0,0
1783,0,1,0,0,4,0,0,1,0,1024,1781,0,0,0,0
1784,0,1,0,0,4,0,0,1,0,1024,1782,0,0,0,0
1785,0,1,0,0,4,0,0,1,0,1024,1783,0,0,0,0
1786,0,1,0,0,4,0,0,1,0,1024,1784,0,0,0,0
1787,0,1,0,0,4,0,0,1,0,1024,1785,0,0,0,0
1788,0,1,0,0,4,0,0,1,0,1024,1786,0,0,0,0
1789,0,1,0,0,4,0,0,1,0,1024,1787,0,0,0,0
1790,0,1,0,0,4,0,0,1,0,1024,1788,0,0,0,0
1791,0,1,0,0,4,0,0,1,0,1024,1789,0,0,0,0
1792,0,1,0,0,4,0,0,1,0,1024,1790,0,0,0,0
1793,0,1,0,0,4,0,0,1,0,1024,1791,0,0,0,0
1794,0,1,0,0,4,0,0,1,0,1024,1792,0,0,0,0
1795,0,1,0,0,4,0,0,1,0,1024,1793,0,0,0,0
1796,0,1,0,0,4,0,0,1,0,1024,1794,0,0,0,0
1797,0,1,0,0,4,0,0,1,0,1024,1795,0,0,0,0
1798,0,1,0,0,4,0,0,1,0,1024,1796,0,0,0,0
1799,0,1,0,0,4,0,0,1,0,1024,1797,0,0,0,0
1800,0,1,0,0,4,0,0,1,0,1024,1798,0,0,0,0
1801,0,1,0,0,4,0,0,1,0,1024,1799,0,0,0,0
1802,0,1,0,0,4,0,0,1,0,1024,1800,0,0,0,0
1803,0,1,0,0,4,0,0,1,0,1024,1801,0,0,0,0
1804,0,1,0,0,4,0,0,1,0,1024,1802,0,0,0,0
1805,0,1,0,0,4,0,0,1,0,1024,1803,0,0,0,0
1806,0,1,0,0,4,0,0,1,0,1024,1804,0,0,0,0
1807,0,1,0,0,4,0,0,1,0,1024,1805,0,0,0,0
1808,0,1,0,0,4,0,0,1,0,1024,1806,0,0,0,0
1809,0,1,0,0,4,0,0,1,0,1024,1807,0,0,0,0
1810,0,1,0,0,4,0,0,1,0,1024,1808,0,0,0,0
1811,0,1,0,0,4,0,0,1,0,1024,1809,0,0,0,0
1812,0,1,0,0,4,0,0,1,0,1024,1810,0,0,0,0
1813,0,1,0,0,4,0,0,1,0,1024,1811,0,0,0,0
1814,0,1,0,0,4,0,0,1,0,1024,1812,0,0,0,0
1815,0,1,0,0,4,0,0,1,0,1024,1813,0,0,0,0
1816,0,1,0,0,4,0,0,1,0,1024,1814,0,0,0,0
1817,0,1,0,0,4,0,0,1,0,1024,1815,0,0,0,0
1818,0,1,0,0,4,0,0,1,0,1024,1816,0,0,0,0
1819,0,1,0,0,4,0,0,1,0,1024,1817,0,0,0,0
1820,0,1,0,0,4,0,0,1,0,1024,1818,0,0,0,0
1821,0,1,0,0,4,0,0,1,0,1024,1819,0,0,0,0
1822,0,1,0,0,4,0,0,1,0,1024,1820,0,0,0,0
1823,0,1,0,0,4,0,0,1,0,1024,1821,0,0,0,0
1824,0,1,0,0,4,0,0,1,0,1024,1822,0,0,0,0
1825,0,1,0,0,4,0,0,1,0,1024,1823,0,0,0,0
1826,0,1,0,0,4,0,0,1,0,1024,1824,0,0,0,0
1827,0,1,0,0,4,0,0,1,0,1024,1825,0,0,0,0
1828,0,1,0,0,4,0,0,1,0,1024,1826,0,0,0,0
1829,0,1,0,0,4,0,0,1,0,1024,1827,0,0,0,0
1830,0,1,0,0,4,0,0,1,0,1024,1828,0,0,0,0
1831,0,1,0,0,4,0,0,1,0,1024,1829,0,0,0,0
1832,0,1,0,0,4,0,0,1,0,1024,1830,0,0,0,0
1833,0,1,0,0,4,0,0,1,0,1024,1831,0,0,0,0
1834,0,1,0,0,4,0,0,1,0,1024,1832,0,0,0,0
1835,0,1,0,0,4,0,0,1,0,1024,1833,0,0,0,0
1836,0,1,0,0,4,0,0,1,0,1024,1834,0,0,0,0
1837,0,1,0,0,4,0,0,1,0,1024,1835,0,0,0,0
1838,0,1,0,0,4,0,0,1,0,1024,1836,0,0,0,0
1839,0,1,0,0,4,0,0,1,0,1024,1837,0,0,0,0
1840,0,1,0,0,4,0,0,1,0,1024,1838,0,0,0,0
1841,0,1,0,0,4,0,0,1,0,1024,1839,0,0,0,0
1842,0,1,0,0,4,0,0,1,0,1024,1840,0,0,0,0
1843,0,1,0,0,4,0,0,1,0,1024,1841,0,0,0,0
1844,0,1,0,0,4,0,0,1,0,1024,1842,0,0,0,0
1845,0,1,0,0,4,0,0,1,0,1024,1843,0,0,0,0
1846,0,1,0,0,4,0,0,1,0,1024,1844,0,0,0,0
1847,0,1,0,0,4,0,0,1,0,1024,1845,0,0,0,0
1848,0,1,0,0,4,0,0,1,0,1024,1846,0,0,0,0
1849,0,1,0,0,4,0,0,1,0,1024,1847,0,0,0,0
1850,0,1,0,0,4,0,0,1,0,1024,1848,0,0,0,0
1851,0,1,0,0,4,0,0,1,0,1024,1849,0,0,0,0
1852,0,1,0,0,4,0,0,1,0,1024,1850,0,0,0,0
1853,0,1,0,0,4,0,0,1,0,1024,1851,0,0,0,0
1854,0,1,0,0,4,0,0,1,0,1024,1852,0,0,0,0
1855,0,1,0,0,4,0,0,1,0,1024,1853,0,0,0,0
1856,0,1,0,0,4,0,0,1,0,1024,1854,0,0,0,0
1857,0,1,0,0,4,0,0,1,0,1024,1855,0,0,0,0
1858,0,1,0,0,4,0,0,1,0,1024,1856,0,0,0,0
1859,0,1,0,0,4,0,0,1,0,1024,1857,0,0,0,0
1860,0,1,0,0,4,0,0,1,0,1024,1858,0,0,0,0
1861,0,1,0,0,4,0,0,1,0,1024,1859,0,0,0,0
1862,0,1,0,0,4,0,0,1,0,1024,1860,0,0,0,0
1863,0,1,0,0,4,0,0,1,0,1024,1861,0,0,0,0
1864,0,1,0,0,4,0,0,1,0,1024,1862,0,0,0,0
1865,0,1,0,0,4,0,0,1,0,1024,1863,0,0,0,0
1866,0,1,0,0,4,0,0,1,0,1024,1864,0,0,0,0
1867,0,1,0,0,4,0,0,1,0,1024,1865,0,0,0,0
1868,0,1,0,0,4,0,0,1,0,1024,1866,0,0,0,0
1869,0,1,0,0,4,0,0,1,0,1024,1867,0,0,0,0
1870,0,1,0,0,4,0,0,1,0,1024,1868,0,0,0,0
1871,0,1,0,0,4,0,0,1,0,1024,1869,0,0,0,0
1872,0,1,0,0,4,0,0,1,0,1024,1870,0,0,0,0
1873,0,1,0,0,4,0,0,1,0,1024,1871,0,0,0,0
1874,0,1,0,0,4,0,0,1,0,1024,1872,0,0,0,0
1875,0,1,0,0,4,0,0,1,0,1024,1873,0,0,0,0
1876,0,1,0,0,4,0,0,1,0,1024,1874,0,0,0,0
1877,0,1,0,0,4,0,0,1,0,1024,1875,0,0,0,0
1878,0,1,0,0,4,0,0,1,0,1024,1876,0,0,0,0
1879,0,1,0,0,4,0,0,1,0,1024,1877,0,0,0,0
1880,0,1,0,0,4,0,0,1,0,1024,1878,0,0,0,0
1881,0,1,0,0,4,0,0,1,0,1024,1879,0,0,0,0
1882,0,1,0,0,4,0,0,1,0,1024,1880,0,0,0,0
1883,0,1,0,0,4,0,0,1,0,1024,1881,0,0,0,0
1884,0,1,0,0,4,0,0,1,0,1024,1882,0,0,0,0
1885,0,1,0,0,4,0,0,1,0,1024,1883,0,0,0,0
1886,0,1,0,0,4,0,0,1,0,1024,1884,0,0,0,0
1887,0,1,0,0,4,0,0,1,0,1024,1885,0,0,0,0
1888,0,1,0,0,4,0,0,1,0,1024,1886,0,0,0,0
1889,0,1,0,0,4,0,0,1,0,1024,1887,0,0,0,0
1890,0,1,0,0,4,0,0,1,0,1024,1888,0,0,0,0
1891,0,1,0,0,4,0,0,1,0,1024,1889,0,0,0,0
1892,0,1,0,0,4,0,0,1,0,1024,1890,0,0,0,0
1893,0,1,0,0,4,0,0,1,0,1024,1891,0,0,0,0
1894,0,1,0,0,4,0,0,1,0,1024,1892,0,0,0,0
1895,0,1,0,0,4,0,0,1,0,1024,1893,0,0,0,0
1896,0,1,0,0,4,0,0,1,0,1024,1894,0,0,0,0
1897,0,1,0,0,4,0,0,1,0,1024,1895,0,0,0,0
1898,0,1,0,0,4,0,0,1,0,1024,1896,0,0,0,0
1899,0,1,0,0,4,0,0,1,0,1024,1897,0,0,0,0
1900,0,1,0,0,4,0,0,1,0,1024,1898,0,0,0,0
1901,0,1,0,0,4,0,0,1,0,1024,1899,0,0,0,0
1902,0,1,0,0,4,0,0,1,0,1024,1900,0,0,0,0
1903,0,1,0,0,4,0,0,1,0,1024,1901,0,0,0,0
1904,0,1,0,0,4,0,0,1,0,1024,1902,0,0,0,0
1905,0,1,0,0,4,0,0,1,0,1024,1903,0,0,0,0
1906,0,1,0,0,4,0,0,1,0,1024,1904,0,0,0,0
1907,0,1,0,0,4,0,0,1,0,1024,1905,0,0,0,0
1908,0,1,0,0,4,0,0,1,0,1024,1906,0,0,0,0
1909,0,1,0,0,4,0,0,1,0,1024,1907,0,0,0,0
1910,0,1,0,0,4,0,0,1,0,1024,1908,0,0,0,0
1911,0,1,0,0,4,0,0,1,0,1024,1909,0,0,0,0
1912,0,1,0,0,4,0,0,1,0,1024,1910,0,0,0,0
1913,0,1,0,0,4,0,0,1,0,1024,1911,0,0,0,0
1914,0,1,0,0,4,0,0,1,0,1024,1912,0,0,0,0
1915,0,1,0,0,4,0,0,1,0,1024,1913,0,0,0,0
1916,0,1,0,0,4,0,0,1,0,1024,1914,0,0,0,0
1917,0,1,0,0,4,0,0,1,0,1024,1915,0,0,0,0
1918,0,1,0,0,4,0,0,1,0,1024,1916,0,0,0,0
1919,0,1,0,0,4,0,0,1,0,1024,1917,0,0,0,0
1920,0,1,0,0,4,0,0,1,0,1024,1918,0,0,0,0
1921,0,1,0,0,4,0,0,1,0,1024,1919,0,0,0,0
1922,0,1,0,0,4,0,0,1,0,1024,1920,0,0,0,0
1923,0,1,0,0,4,0,0,1,0,1024,1921,0,0,0,0
1924,0,1,0,0,4,0,0,1,0,1024,1922,0,0,0,0
1925,0,1,0,0,4,0,0,1,0,1024,1923,0,0,0,0
1926,0,1,0,0,4,0,0,1,0,1024,1924,0,0,0,0
1927,0,1,0,0,4,0,0,1,0,1024,1925,0,0,0,0
1928,0,1,0,0,4,0,0,1,0,1024,1926,0,0,0,0
1929,0,1,0,0,4,0,0,1,0,1024,1927,0,0,0,0
1930,0,1,0,0,4,0,0,1,0,1024,1928,0,0,0,0
1931,0,1,0,0,4,0,0,1,0,1024,1929,0,0,0,0
1932,0,1,0,0,4,0,0,1,0,1024,1930,0,0,0,0
1933,0,1,0,0,4,0,0,1,0,1024,1931,0,0,0,0
1934,0,1,0,0,4,0,0,1,0,1024,1932,0,0,0,0
1935,0,1,0,0,4,0,0,1,0,1024,1933,0,0,0,0
1936,0,1,0,0,4,0,0,1,0,1024,1934,0,0,0,0
1937,0,1,0,0,4,0,0,1,0,1024,1935,0,0,0,0
1938,0,1,0,0,4,0,0,1,0,1024,1936,0,0,0,0
1939,0,1,0,0,4,0,0,1,0,1024,1937,0,0,0,0
1940,0,1,0,0,4,0,0,1,0,1024,1938,0,0,0,0
1941,0,1,0,0,4,0,0,1,0,1024,1939,0,0,0,0
1942,0,1,0,0,4,0,0,1,0,1024,1940,0,0,0,0
1943,0,1,0,0,4,0,0,1,0,1024,1941,0,0,0,0
1944,0,1,0,0,4,0,0,1,0,1024,1942,0,0,0,0
1945,0,1,0,0,4,0,0,1,0,1024,1943,0,0,0,0
1946,0,1,0,0,4,0,0,1,0,1024,1944,0,0,0,0
1947,0,1,0,0,4,0,0,1,0,1024,1945,0,0,0,0
1948,0,1,0,0,4,0,0,1,0,1024,1946,0,0,0,0
1949,0,1,0,0,4,0,0,1,0,1024,1947,0,0,0,0
1950,0,1,0,0,4,0,0,1,0,1024,1948,0,0,0,0
1951,0,1,0,0,4,0,0,1,0,1024,1949,0,0,0,0
1952,0,1,0,0,4,0,0,1,0,1024,1950,0,0,0,0
1953,0,1,0,0,4,0,0,1,0,1024,1951,0,0,0,0
1954,0,1,0,0,4,0,0,1,0,1024,1952,0,0,0,0
1955,0,1,0,0,4,0,0,1,0,1024,1953,0,0,0,0
1956,0,1,0,0,4,0,0,1,0,1024,1954,0,0,0,0
1957,0,1,0,0,4,0,0,1,0,1024,1955,0,0,0,0
1958,0,1,0,0,4,0,0,1,0,1024,1956,0,0,0,0
1959,0,1,0,0,4,0,0,1,0,1024,1957,0,0,0,0
1960,0,1,0,0,4,0,0,1,0,1024,1958,0,0,0,0
1961,0,1,0,0,4,0,0,1,0,1024,1959,0,0,0,0
1962,0,1,0,0,4,0,0,1,0,1024,1960,0,0,0,0
1963,0,1,0,0,4,0,0,1,0,1024,1961,0,0,0,0
1964,0,1,0,0,4,0,0,1,0,1024,1962,0,0,0,0
1965,0,1,0,0,4,0,0,1,0,1024,1963,0,0,0,0
1966,0,1,0,0,4,0,0,1,0,1024,1964,0,0,0,0
1967,0,1,0,0,4,0,0,1,0,1024,1965,0,0,0,0
1968,0,1,0,0,4,0,0,1,0,1024,1966,0,0,0,0
1969,0,1,0,0,4,0,0,1,0,1024,1967,0,0,0,0
1970,0,1,0,0,4,0,0,1,0,1024,1968,0,0,0,0
1971,0,1,0,0,4,0,0,1,0,1024,1969,0,0,0,0
1972,0,1,0,0,4,0,0,1,0,1024,1970,0,0,0,0
1973,0,1,0,0,4,0,0,1,0,1024,1971,0,0,0,0
1974,0,1,0,0,4,0,0,1,0,1024,1972,0,0,0,0
1975,0,1,0,0,4,0,0,1,0,1024,1973,0,0,0,0
1976,0,1,0,0,4,0,0,1,0,1024,1974,0,0,0,0
1977,0,1,0,0,4,0,0,1,0,1024,1975,0,0,0,0
1978,0,1,0,0,4,0,0,1,0,1024,1976,0,0,0,0
1979,0,1,0,0,4,0,0,1,0,1024,1977,0,0,0,0
1980,0,1,0,0,4,0,0,1,0,1024,1978,0,0,0,0
1981,0,1,0,0,4,0,0,1,0,1024,1979,0,0,0,0
1982,0,1,0,0,4,0,0,1,0,1024,1980,0,0,0,0
1983,0,1,0,0,4,0,0,1,0,1024,1981,0,0,0,0
1984,0,1,0,0,4,0,0,1,0,1024,1982,0,0,0,0
1985,0,1,0,0,4,0,0,1,0,1024,1983,0,0,0,0
1986,0,1,0,0,4,0,0,1,0,1024,1984,0,0,0,0
1987,0,1,0,0,4,0,0,1,0,1024,1985,0,0,0,0
1988,0,1,0,0,4,0,0,1,0,1024,1986,0,0,0,0
1989,0,1,0,0,4,0,0,1,0,1024,1987,0,0,0,0
1990,0,1,0,0,4,0,0,1,0,1024,1988,0,0,0,0
1991,0,1,0,0,4,0,0,1,0,1024,1989,0,0,0,0
1992,0,1,0,0,4,0,0,1,0,1024,1990,0,0,0,0
1993,0,1,0,0,4,0,0,1,0,1024,1991,0,0,0,0
1994,0,1,0,0,4,0,0,1,0,1024,1992,0,0,0,0
1995,0,1,0,0,4,0,0,1,0,1024,1993,0,0,0,0
1996,0,1,0,0,4,0,0,1,0,1024,1994,0,0,0,0
1997,0,1,0,0,4,0,0,1,0,1024,1995,0,0,0,0
1998,0,1,0,0,4,0,0,1,0,1024,1996,0,0,0,0
1999,0,1,0,0,4,0,0,1,0,1024,1997,0,0,0,0
2000,0,1,0,0,4,0,0,1,0,1024,1998,0,0,0,0
2001,0,1,0,0,4,0,0,1,0,1024,1999,0,0,0,0
2002,0,1,0,0,4,0,0,1,0,1024,2000,0,0,0,0
2003,0,1,0,0,4,0,0,1,0,1024,2001,0,0,0,0
2004,0,1,0,0,4,0,0,1,0,1024,2002,0,0,0,0
2005,0,1,0,0,4,0,0,1,0,1024,2003,0,0,0,0
2006,0,1,0,0,4,0,0,1,0,1024,2004,0,0,0,0
2007,0,1,0,0,4,0,0,1,0,1024,2005,0,0,0,0
2008,0,1,0,0,4,0,0,1,0,1024,2006,0,0,0,0
2009,0,1,0,0,4,0,0,1,0,1024,2007,0,0,0,0
2010,0,1,0,0,4,0,0,1,0,1024,2008,0,0,0,0
2011,0,1,0,0,4,0,0,1,0,1024,2009,0,0,0,0
2012,0,1,0,0,4,0,0,1,0,1024,2010,0,0,0,0
2013,0,1,0,0,4,0,0,1,0,1024,2011,0,0,0,0
2014,0,1,0,0,4,0,0,1,0,1024,2012,0,0,0,0
2015,0,1,0,0,4,0,0,1,0,1024,2013,0,0,0,0
2016,0,1,0,0,4,0,0,1,0,1024,2014,0,0,0,0
2017,0,1,0,0,4,0,0,1,0,1024,2015,0,0,0,0
2018,0,1,0,0,4,0,0,1,0,1024,2016,0,0,0,0
2019,0,1,0,0,4,0,0,1,0,1024,2017,0,0,0,0
2020,0,1,0,0,4,0,0,1,0,1024,2018,0,0,0,0
2021,0,1,0,0,4,0,0,1,0,1024,2019,0,0,0,0
2022,0,1,0,0,4,0,0,1,0,1024,2020,0,0,0,0
2023,0,1,0,0,4,0,0,1,0,1024,2021,0,0,0,0
2024,0,1,0,0,4,0,0,1,0,1024,2022,0,0,0,0
2025,0,1,0,0,4,0,0,1,0,1024,2023,0,0,0,0
2026,0,1,0,0,4,0,0,1,0,1024,2024,0,0,0,0
2027,0,1,0,0,4,0,0,1,0,1024,2025,0,0,0,0
2028,0,1,0,0,4,0,0,1,0,1024,2026,0,0,0,0
2029,0,1,0,0,4,0,0,1,0,1024,2027,0,0,0,0
2030,0,1,0,0,4,0,0,1,0,1024,2028,0,0,0,0
2031,0,1,0,0,4,0,0,1,0,1024,2029,0,0,0,0
2032,0,1,0,0,4,0,0,1,0,1024,2030,0,0,0,0
2033,0,1,0,0,4,0,0,1,0,1024,2031,0,0,0,0
2034,0,1,0,0,4,0,0,1,0,1024,2032,0,0,0,0
2035,0,1,0,0,4,0,0,1,0,1024,2033,0,0,0,0
2036,0,1,0,0,4,0,0,1,0,1024,2034,0,0,0,0
2037,0,1,0,0,4,0,0,1,0,1024,2035,0,0,0,0
2038,0,1,0,0,4,0,0,1,0,1024,2036,0,0,0,0
2039,0,1,0,0,4,0,0,1,0,1024,2037,0,0,0,0
2040,0,1,0,0,4,0,0,1,0,1024,2038,0,0,0,0
2041,0,1,0,0,4,0,0,1,0,1024,2039,0,0,0,0
2042,0,1,0,0,4,0,0,1,0,1024,2040,0,0,0,0
2043,0,1,0,0,4,0,0,1,0,1024,2041,0,0,0,0
2044,0,1,0,0,4,0,0,1,0,1024,2042,0,0,0,0
2045,0,1,0,0,4,0,0,1,0,1024,2043,0,0,0,0
2046,0,1,0,0,4,0,0,1,0,1024,2044,0,0,0,0
2047,0,1,0,0,4,0,0,1,0,1024,2045,0,0,0,0
2048,0,1,0,0,4,0,0,1,0,1024,2046,0,0,0,0
2049,0,1,0,0,4,0,0,1,0,1024,2047,0,0,0,0
2050,0,1,0,0,4,0,0,1,0,1024,2048,0,0,0,0
2051,0,1,0,0,4,0,0,1,0,1024,2049,0,0,0,0
2052,0,1,0,0,4,0,0,1,0,1024,2050,0,0,0,0
2053,0,1,0,0,4,0,0,1,0,1024,2051,0,0,0,0
2054,0,1,0,0,4,0,0,1,0,1024,2052,0,0,0,0
2055,0,1,0,0,4,0,0,1,0,1024,2053,0,0,33222329,0
2056,0,1,0,0,4,0,0,1,0,1024,2054,0,0,33222329,0
2057,0,1,0,0,4,0,0,1,0,1024,2055,0,0,33222329,0
2058,0,1,0,0,4,0,0,1,0,1024,2056,0,0,33222329,0
2059,0,1,0,0,4,0,0,1,0,1024,2057,0,0,33222329,0
2060,0,1,0,0,4,0,0,1,0,1024,2058,0,0,33222329,0
2061,0,1,0,0,4,0,0,1,0,1024,2059,0,0,33222329,0
2062,0,1,0,0,4,0,0,1,0,1024,2060,0,0,33222329,0
2063,0,1,0,0,4,0,0,1,0,1024,2061,0,0,33222329,0
2064,0,1,0,0,4,0,0,1,0,1024,2062,0,0,33222329,0
2065,0,1,0,0,4,0,0,1,0,1024,2063,0,0,33222329,0
2066,0,1,0,0,4,0,0,1,0,1024,2064,0,0,33222329,0
2067,0,1,0,0,4,0,0,1,0,1024,2065,0,0,33222329,0
2068,0,1,0,0,4,0,0,1,0,1024,2066,0,0,33222329,0
2069,0,1,0,0,4,0,0,1,0,1024,2067,0,0,33222329,0
2070,0,1,0,0,4,0,0,1,0,1024,2068,0,0,33222329,0
2071,0,1,0,0,4,0,0,1,0,1024,2069,0,0,33222329,0
2072,0,1,0,0,4,0,0,1,0,1024,2070,0,0,33222329,0
2073,0,1,0,0,4,0,0,1,0,1024,2071,0,0,33222329,0
2074,0,1,0,0,4,0,0,1,0,1024,2072,0,0,33222329,0
2075,0,1,0,0,4,0,0,1,0,1024,2073,0,0,33222329,0
2076,0,1,0,0,4,0,0,1,0,1024,2074,0,0,33222329,0
2077,0,1,0,0,4,0,0,1,0,1024,2075,0,0,33222329,0
2078,0,1,0,0,4,0,0,1,0,1024,2076,0,0,33222329,0
2079,0,1,0,0,4,0,0,1,0,1024,2077,0,0,33222329,0
2080,0,1,0,0,4,0,0,1,0,1024,2078,0,0,33222329,0
2081,0,1,0,0,4,0,0,1,0,1024,2079,0,0,33222329,0
2082,0,1,0,0,4,0,0,1,0,1024,2080,0,0,33222329,0
2083,0,1,0,0,4,0,0,1,0,1024,2081,0,0,33222329,0
2084,0,1,0,0,4,0,0,1,0,1024,2082,0,0,33222329,0
2085,0,1,0,0,4,0,0,1,0,1024,2083,0,0,33222329,0
2086,0,1,0,0,4,0,0,1,0,1024,2084,0,0,33222329,0
2087,0,1,0,0,4,0,0,1,0,1024,2085,0,0,33222329,0
2088,0,1,0,0,4,0,0,1,0,1024,2086,0,0,33222329,0
2089,0,1,0,0,4,0,0,1,0,1024,2087,0,0,33222329,0
2090,0,1,0,0,4,0,0,1,0,1024,2088,0,0,33222329,0
2091,0,1,0,0,4,0,0,1,0,1024,2089,0,0,33222329,0
2092,0,1,0,0,4,0,0,1,0,1024,2090,0,0,33222329,0
2093,0,1,0,0,4,0,0,1,0,1024,2091,0,0,33222329,0
2094,0,1,0,0,4,0,0,1,0,1024,2092,0,0,33222329,0
2095,0,1,0,0,4,0,0,1,0,1024,2093,0,0,33222329,0
2096,0,1,0,0,4,0,0,1,0,1024,2094,0,0,33222329,0
2097,0,1,0,0,4,0,0,1,0,1024,2095,0,0,33222329,0
2098,0,1,0,0,4,0,0,1,0,1024,2096,0,0,33222329,0
2099,0,1,0,0,4,0,0,1,0,1024,2097,0,0,33222329,0
2100,0,1,0,0,4,0,0,1,0,1024,2098,0,0,33222329,0
2101,0,1,0,0,4,0,0,1,0,1024,2099,0,0,33222329,0
2102,0,1,0,0,4,0,0,1,0,1024,2100,0,0,33222329,0
2103,0,1,0,0,4,0,0,1,0,1024,2101,0,0,33222329,0
2104,0,1,0,0,4,0,0,1,0,1024,2102,0,0,33222329,0
2105,0,1,0,0,4,0,0,1,0,1024,2103,0,0,33222329,0
2106,0,1,0,0,4,0,0,1,0,1024,2104,0,0,33222329,0
2107,0,1,0,0,4,0,0,1,0,1024,2105,0,0,33222329,372827
2108,0,1,0,0,4,0,0,1,0,1024,2106,0,0,33222329,372827
2109,0,1,0,0,4,0,0,1,0,1024,2107,0,0,33222329,372827
2110,0,1,0,0,4,0,0,1,0,1024,2108,0,0,33222329,372827
2111,0,1,0,0,4,0,0,1,0,1024,2109,0,0,33222329,372827
2112,0,1,0,0,4,0,0,1,0,1024,2110,0,0,33222329,372827
2113,0,1,0,0,4,0,0,1,0,1024,2111,0,0,33222329,372827
2114,0,1,0,0,4,0,0,1,0,1024,2112,0,0,33222329,372827
2115,0,1,0,0,4,0,0,1,0,1024,2113,0,0,33222329,372827
2116,0,1,0,0,4,0,0,1,0,1024,2114,0,0,33222329,372827
2117,0,1,0,0,4,0,0,1,0,1024,2115,0,0,33222329,372827
2118,0,1,0,0,4,0,0,1,0,1024,2116,0,0,33222329,372827
2119,0,1,0,0,4,0,0,1,0,1024,2117,0,0,33222329,372827
2120,0,1,0,0,4,0,0,1,0,1024,2118,0,0,33222329,372827
2121,0,1,0,0,4,0,0,1,0,1024,2119,0,0,33222329,372827
2122,0,1,0,0,4,0,0,1,0,1024,2120,0,0,33222329,372827
2123,0,1,0,0,4,0,0,1,0,1024,2121,0,0,33222329,372827
2124,0,1,0,0,4,0,0,1,0,1024,2122,0,0,33222329,372827
2125,0,1,0,0,4,0,0,1,0,1024,2123,0,0,33222329,372827
2126,0,1,0,0,4,0,0,1,0,1024,2124,0,0,33222329,372827
2127,0,1,0,0,4,0,0,1,0,1024,2125,0,0,33222329,372827
2128,0,1,0,0,4,0,0,1,0,1024,2126,0,0,33222329,372827
2129,0,1,0,0,4,0,0,1,0,1024,2127,0,0,33222329,372827
2130,0,1,0,0,4,0,0,1,0,1024,2128,0,0,33222329,372827
2131,0,1,0,0,4,0,0,1,0,1024,2129,0,0,33222329,372827
2132,0,1,0,0,4,0,0,1,0,1024,2130,0,0,33222329,372827
2133,0,1,0,0,4,0,0,1,0,1024,2131,0,0,33222329,372827
2134,0,1,0,0,4,0,0,1,0,1024,2132,0,0,33222329,372827
2135,0,1,0,0,4,0,0,1,0,1024,2133,0,0,33222329,372827
2136,0,1,0,0,4,0,0,1,0,1024,2134,0,0,33222329,372827
2137,0,1,0,0,4,0,0,1,0,1024,2135,0,0,33222329,372827
2138,0,1,0,0,4,0,0,1,0,1024,2136,0,0,33222329,372827
2139,0,1,0,0,4,0,0,1,0,1024,2137,0,0,33222329,372827
2140,0,1,0,0,4,0,0,1,0,1024,2138,0,0,33222329,372827
2141,0,1,0,0,4,0,0,1,0,1024,2139,0,0,33222329,372827
2142,0,1,0,0,4,0,0,1,0,1024,2140,0,0,33222329,372827
2143,0,1,0,0,4,0,0,1,0,1024,2141,0,0,33222329,372827
2144,0,1,0,0,4,0,0,1,0,1024,2142,0,0,33222329,372827
2145,0,1,0,0,4,0,0,1,0,1024,2143,0,0,33222329,372827
2146,0,1,0,0,4,0,0,1,0,1024,2144,0,0,33222329,372827
2147,0,1,0,0,4,0,0,1,0,1024,2145,0,0,33222329,372827
2148,0,1,0,0,4,0,0,1,0,1024,2146,0,0,33222329,372827
2149,0,1,0,0,4,0,0,1,0,1024,2147,0,0,33222329,372827
2150,0,1,0,0,4,0,0,1,0,1024,2148,0,0,33222329,372827
2151,0,1,0,0,4,0,0,1,0,1024,2149,0,0,33222329,372827
2152,0,1,0,0,4,0,0,1,0,1024,2150,0,0,33222329,372827
2153,0,1,0,0,4,0,0,1,0,1024,2151,0,0,33222329,372827
2154,0,1,0,0,4,0,0,1,0,1024,2152,0,0,33222329,372827
2155,0,1,0,0,4,0,0,1,0,1024,2153,0,0,33222329,372827
2156,0,1,0,0,4,0,0,1,0,1024,2154,0,0,33222329,372827
2157,0,1,0,0,4,0,0,1,0,1024,2155,0,0,33222329,372827
2158,0,1,0,0,4,0,0,1,0,1024,2156,0,0,33222329,372827
2159,0,1,0,0,4,0,0,1,0,1024,2157,0,0,33222329,372827
2160,0,1,0,0,4,0,0,1,0,1024,2158,0,0,33222329,372827
2161,0,1,0,0,4,0,0,1,0,1024,2159,0,0,33222329,372827
2162,0,1,0,0,4,0,0,1,0,1024,2160,0,0,33222329,372827
2163,0,1,0,0,4,0,0,1,0,1024,2161,0,0,33222329,372827
2164,0,1,0,0,4,0,0,1,0,1024,2162,0,0,33222329,372827
2165,0,1,0,0,4,0,0,1,0,1024,2163,0,0,33222329,372827
2166,0,1,0,0,4,0,0,1,0,1024,2164,0,0,33222329,372827
2167,0,1,0,0,4,0,0,1,0,1024,2165,0,0,33222329,372827
2168,0,1,0,0,4,0,0,1,0,1024,2166,0,0,33222329,372827
2169,0,1,0,0,4,0,0,1,0,1024,2167,0,0,33222329,372827
2170,0,1,0,0,4,0,0,1,0,1024,2168,0,0,33222329,372827
2171,0,1,0,0,4,0,0,1,0,1024,2169,0,0,33222329,372827
2172,0,1,0,0,4,0,0,1,0,1024,2170,0,0,33222329,372827
2173,0,1,0,0,4,0,0,1,0,1024,2171,0,0,33222329,372827
2174,0,1,0,0,4,0,0,1,0,1024,2172,0,0,33222329,372827
2175,0,1,0,0,4,0,0,1,0,1024,2173,0,0,33222329,372827
2176,0,1,0,0,4,0,0,1,0,1024,2174,0,0,33222329,372827
2177,0,1,0,0,4,0,0,1,0,1024,2175,0,0,33222329,372827
2178,0,1,0,0,4,0,0,1,0,1024,2176,0,0,33222329,372827
2179,0,1,0,0,4,0,0,1,0,1024,2177,0,0,33222329,372827
2180,0,1,0,0,4,0,0,1,0,1024,2178,0,0,33222329,372827
2181,0,1,0,0,4,0,0,1,0,1024,2179,0,0,33222329,372827
2182,0,1,0,0,4,0,0,1,0,1024,2180,0,0,33222329,372827
2183,0,1,0,0,4,0,0,1,0,1024,2181,0,0,33222329,372827
2184,0,1,0,0,4,0,0,1,0,1024,2182,0,0,33222329,372827
2185,0,1,0,0,4,0,0,1,0,1024,2183,0,0,33222329,372827
2186,0,1,0,0,4,0,0,1,0,1024,2184,0,0,33222329,372827
2187,0,1,0,0,4,0,0,1,0,1024,2185,0,0,33222329,372827
2188,0,1,0,0,4,0,0,1,0,1024,2186,0,0,33222329,372827
2189,0,1,0,0,4,0,0,1,0,1024,2187,0,0,33222329,372827
2190,0,1,0,0,4,0,0,1,0,1024,2188,0,0,33222329,372827
2191,0,1,0,0,4,0,0,1,0,1024,2189,0,0,33222329,372827
2192,0,1,0,0,4,0,0,1,0,1024,2190,0,0,33222329,372827
2193,0,1,0,0,4,0,0,1,0,1024,2191,0,0,33222329,372827
2194,0,1,0,0,4,0,0,1,0,1024,2192,0,0,33222329,372827
2195,0,1,0,0,4,0,0,1,0,1024,2193,0,0,33222329,372827
2196,0,1,0,0,4,0,0,1,0,1024,2194,0,0,33222329,372827
2197,0,1,0,0,4,0,0,1,0,1024,2195,0,0,33222329,372827
2198,0,1,0,0,4,0,0,1,0,1024,2196,0,0,33222329,372827
2199,0,1,0,0,4,0,0,1,0,1024,2197,0,0,33222329,372827
2200,0,1,0,0,4,0,0,1,0,1024,2198,0,0,33222329,372827
2201,0,1,0,0,4,0,0,1,0,1024,2199,0,0,33222329,372827
2202,0,1,0,0,4,0,0,1,0,1024,2200,0,0,33222329,372827
2203,0,1,0,0,4,0,0,1,0,1024,2201,0,0,33222329,372827
2204,0,1,0,0,4,0,0,1,0,1024,2202,0,0,33222329,372827
2205,0,1,0,0,4,0,0,1,0,1024,2203,0,0,33222329,372827
2206,0,1,0,0,4,0,0,1,0,1024,2204,0,0,33222329,372827
2207,0,1,0,0,4,0,0,1,0,1024,2205,0,0,33222329,372827
2208,0,1,0,0,4,0,0,1,0,1024,2206,0,0,33222329,372827
2209,0,1,0,0,4,0,0,1,0,1024,2207,0,0,33222329,372827
2210,0,1,0,0,4,0,0,1,0,1024,2208,0,0,33222329,372827
2211,0,1,0,0,4,0,0,1,0,1024,2209,0,0,33222329,372827
2212,0,1,0,0,4,0,0,1,0,1024,2210,0,0,33222329,372827
2213,0,1,0,0,4,0,0,1,0,1024,2211,0,0,33222329,372827
2214,0,1,0,0,4,0,0,1,0,1024,2212,0,0,33222329,372827
2215,0,1,0,0,4,0,0,1,0,1024,2213,0,0,33222329,372827
2216,0,1,0,0,4,0,0,1,0,1024,2214,0,0,33222329,372827
2217,0,1,0,0,4,0,0,1,0,1024,2215,0,0,33222329,372827
2218,0,1,0,0,4,0,0,1,0,1024,2216,0,0,33222329,372827
2219,0,1,0,0,4,0,0,1,0,1024,2217,0,0,33222329,372827
2220,0,1,0,0,4,0,0,1,0,1024,2218,0,0,33222329,372827
2221,0,1,0,0,4,0,0,1,0,1024,2219,0,0,33222329,372827
2222,0,1,0,0,4,0,0,1,0,1024,2220,0,0,33222329,372827
2223,0,1,0,0,4,0,0,1,0,1024,2221,0,0,33222329,372827
2224,0,1,0,0,4,0,0,1,0,1024,2222,0,0,33222329,372827
2225,0,1,0,0,4,0,0,1,0,1024,2223,0,0,33222329,372827
2226,0,1,0,0,4,0,0,1,0,1024,2224,0,0,33222329,372827
2227,0,1,0,0,4,0,0,1,0,1024,2225,0,0,33222329,372827
2228,0,1,0,0,4,0,0,1,0,1024,2226,0,0,33222329,372827
2229,0,1,0,0,4,0,0,1,0,1024,2227,0,0,33222329,372827
2230,0,1,0,0,4,0,0,1,0,1024,2228,0,0,33222329,372827
2231,0,1,0,0,4,0,0,1,0,1024,2229,0,0,33222329,372827
2232,0,1,0,0,4,0,0,1,0,1024,2230,0,0,33222329,372827
2233,0,1,0,0,4,0,0,1,0,1024,2231,0,0,33222329,372827
2234,0,1,0,0,4,0,0,1,0,1024,2232,0,0,33222329,372827
2235,0,1,0,0,4,0,0,1,0,1024,2233,0,0,33222329,372827
2236,0,1,0,0,4,0,0,1,0,1024,2234,0,0,33222329,372827
2237,0,1,0,0,4,0,0,1,0,1024,2235,0,0,33222329,372827
2238,0,1,0,0,4,0,0,1,0,1024,2236,0,0,33222329,372827
2239,0,1,0,0,4,0,0,1,0,1024,2237,0,0,33222329,372827
2240,0,1,0,0,4,0,0,1,0,1024,2238,0,0,33222329,372827
2241,0,1,0,0,4,0,0,1,0,1024,2239,0,0,33222329,372827
2242,0,1,0,0,4,0,0,1,0,1024,2240,0,0,33222329,372827
2243,0,1,0,0,4,0,0,1,0,1024,2241,0,0,33222329,372827
2244,0,1,0,0,4,0,0,1,0,1024,2242,0,0,33222329,372827
2245,0,1,0,0,4,0,0,1,0,1024,2243,0,0,33222329,372827
2246,0,1,0,0,4,0,0,1,0,1024,2244,0,0,33222329,372827
2247,0,1,0,0,4,0,0,1,0,1024,2245,0,0,33222329,372827
2248,0,1,0,0,4,0,0,1,0,1024,2246,0,0,33222329,372827
2249,0,1,0,0,4,0,0,1,0,1024,2247,0,0,33222329,372827
2250,0,1,0,0,4,0,0,1,0,1024,2248,0,0,33222329,372827
2251,0,1,0,0,4,0,0,1,0,1024,2249,0,0,33222329,372827
2252,0,1,0,0,4,0,0,1,0,1024,2250,0,0,33222329,372827
2253,0,1,0,0,4,0,0,1,0,1024,2251,0,0,33222329,372827
2254,0,1,0,0,4,0,0,1,0,1024,2252,0,0,33222329,372827
2255,0,1,0,0,4,0,0,1,0,1024,2253,0,0,33222329,372827
2256,0,1,0,0,4,0,0,1,0,1024,2254,0,0,33222329,372827
2257,0,1,0,0,4,0,0,1,0,1024,2255,0,0,33222329,372827
2258,0,1,0,0,4,0,0,1,0,1024,2256,0,0,33222329,372827
2259,0,1,0,0,4,0,0,1,0,1024,2257,0,0,33222329,372827
2260,0,1,0,0,4,0,0,1,0,1024,2258,0,0,33222329,372827
2261,0,1,0,0,4,0,0,1,0,1024,2259,0,0,33222329,372827
2262,0,1,0,0,4,0,0,1,0,1024,2260,0,0,33222329,372827
2263,0,1,0,0,4,0,0,1,0,1024,2261,0,0,33222329,372827
2264,0,1,0,0,4,0,0,1,0,1024,2262,0,0,33222329,372827
2265,0,1,0,0,4,0,0,1,0,1024,2263,0,0,33222329,372827
2266,0,1,0,0,4,0,0,1,0,1024,2264,0,0,33222329,372827
2267,0,1,0,0,4,0,0,1,0,1024,2265,0,0,33222329,372827
2268,0,1,0,0,4,0,0,1,0,1024,2266,0,0,33222329,372827
2269,0,1,0,0,4,0,0,1,0,1024,2267,0,0,33222329,372827
2270,0,1,0,0,4,0,0,1,0,1024,2268,0,0,33222329,372827
2271,0,1,0,0,4,0,0,1,0,1024,2269,0,0,33222329,372827
2272,0,1,0,0,4,0,0,1,0,1024,2270,0,0,33222329,372827
2273,0,1,0,0,4,0,0,1,0,1024,2271,0,0,33222329,372827
2274,0,1,0,0,4,0,0,1,0,1024,2272,0,0,33222329,372827
2275,0,1,0,0,4,0,0,1,0,1024,2273,0,0,33222329,372827
2276,0,1,0,0,4,0,0,1,0,1024,2274,0,0,33222329,372827
2277,0,1,0,0,4,0,0,1,0,1024,2275,0,0,33222329,372827
2278,0,1,0,0,4,0,0,1,0,1024,2276,0,0,33222329,372827
2279,0,1,0,0,4,0,0,1,0,1024,2277,0,0,33222329,372827
2280,0,1,0,0,4,0,0,1,0,1024,2278,0,0,33222329,372827
2281,0,1,0,0,4,0,0,1,0,1024,2279,0,0,33222329,372827
2282,0,1,0,0,4,0,0,1,0,1024,2280,0,0,33222329,372827
2283,0,1,0,0,4,0,0,1,0,1024,2281,0,0,33222329,372827
2284,0,1,0,0,4,0,0,1,0,1024,2282,0,0,33222329,372827
2285,0,1,0,0,4,0,0,1,0,1024,2283,0,0,33222329,372827
2286,0,1,0,0,4,0,0,1,0,1024,2284,0,0,33222329,372827
2287,0,1,0,0,4,0,0,1,0,1024,2285,0,0,33222329,372827
2288,0,1,0,0,4,0,0,1,0,1024,2286,0,0,33222329,372827
2289,0,1,0,0,4,0,0,1,0,1024,2287,0,0,33222329,372827
2290,0,1,0,0,4,0,0,1,0,1024,2288,0,0,33222329,372827
2291,0,1,0,0,4,0,0,1,0,1024,2289,0,0,33222329,372827
2292,0,1,0,0,4,0,0,1,0,1024,2290,0,0,33222329,372827
2293,0,1,0,0,4,0,0,1,0,1024,2291,0,0,33222329,372827
2294,0,1,0,0,4,0,0,1,0,1024,2292,0,0,33222329,372827
2295,0,1,0,0,4,0,0,1,0,1024,2293,0,0,33222329,372827
2296,0,1,0,0,4,0,0,1,0,1024,2294,0,0,33222329,372827
2297,0,1,0,0,4,0,0,1,0,1024,2295,0,0,33222329,372827
2298,0,1,0,0,4,0,0,1,0,1024,2296,0,0,33222329,372827
2299,0,1,0,0,4,0,0,1,0,1024,2297,0,0,33222329,372827
2300,0,1,0,0,4,0,0,1,0,1024,2298,0,0,33222329,372827
2301,0,1,0,0,4,0,0,1,0,1024,2299,0,0,33222329,372827
2302,0,1,0,0,4,0,0,1,0,1024,2300,0,0,33222329,372827
2303,0,1,0,0,4,0,0,1,0,1024,2301,0,0,33222329,372827
2304,0,1,0,0,4,0,0,1,0,1024,2302,0,0,33222329,372827
2305,0,1,0,0,4,0,0,1,0,1024,2303,0,0,33222329,372827
2306,0,1,0,0,4,0,0,1,0,1024,2304,0,0,33222329,372827
2307,0,1,0,0,4,0,0,1,0,1024,2305,0,0,33222329,372827
2308,0,1,0,0,4,0,0,1,0,1024,2306,0,0,33222329,372827
2309,0,1,0,0,4,0,0,1,0,1024,2307,0,0,33222329,372827
2310,0,1,0,0,4,0,0,1,0,1024,2308,0,0,33222329,372827
2311,0,1,0,0,4,0,0,1,0,1024,2309,0,0,33222329,372827
2312,0,1,0,0,4,0,0,1,0,1024,2310,0,0,33222329,372827
2313,0,1,0,0,4,0,0,1,0,1024,2311,0,0,33222329,372827
2314,0,1,0,0,4,0,0,1,0,1024,2312,0,0,33222329,372827
2315,0,1,0,0,4,0,0,1,0,1024,2313,0,0,33222329,372827
2316,0,1,0,0,4,0,0,1,0,1024,2314,0,0,33222329,372827
2317,0,1,0,0,4,0,0,1,0,1024,2315,0,0,33222329,372827
2318,0,1,0,0,4,0,0,1,0,1024,2316,0,0,33222329,372827
2319,0,1,0,0,4,0,0,1,0,1024,2317,0,0,33222329,372827
2320,0,1,0,0,4,0,0,1,0,1024,2318,0,0,33222329,372827
2321,0,1,0,0,4,0,0,1,0,1024,2319,0,0,33222329,372827
2322,0,1,0,0,4,0,0,1,0,1024,2320,0,0,33222329,372827
2323,0,1,0,0,4,0,0,1,0,1024,2321,0,0,33222329,372827
2324,0,1,0,0,4,0,0,1,0,1024,2322,0,0,33222329,372827
2325,0,1,0,0,4,0,0,1,0,1024,2323,0,0,33222329,372827
2326,0,1,0,0,4,0,0,1,0,1024,2324,0,0,33222329,372827
2327,0,1,0,0,4,0,0,1,0,1024,2325,0,0,33222329,372827
2328,0,1,0,0,4,0,0,1,0,1024,2326,0,0,33222329,372827
2329,0,1,0,0,4,0,0,1,0,1024,2327,0,0,33222329,372827
2330,0,1,0,0,4,0,0,1,0,1024,2328,0,0,33222329,372827
2331,0,1,0,0,4,0,0,1,0,1024,2329,0,0,33222329,372827
2332,0,1,0,0,4,0,0,1,0,1024,2330,0,0,33222329,372827
2333,0,1,0,0,4,0,0,1,0,1024,2331,0,0,33222329,372827
2334,0,1,0,0,4,0,0,1,0,1024,2332,0,0,33222329,372827
2335,0,1,0,0,4,0,0,1,0,1024,2333,0,0,33222329,372827
2336,0,1,0,0,4,0,0,1,0,1024,2334,0,0,33222329,372827
2337,0,1,0,0,4,0,0,1,0,1024,2335,0,0,33222329,372827
2338,0,1,0,0,4,0,0,1,0,1024,2336,0,0,33222329,372827
2339,0,1,0,0,4,0,0,1,0,1024,2337,0,0,33222329,372827
2340,0,1,0,0,4,0,0,1,0,1024,2338,0,0,33222329,372827
2341,0,1,0,0,4,0,0,1,0,1024,2339,0,0,33222329,372827
2342,0,1,0,0,4,0,0,1,0,1024,2340,0,0,33222329,372827
2343,0,1,0,0,4,0,0,1,0,1024,2341,0,0,33222329,372827
2344,0,1,0,0,4,0,0,1,0,1024,2342,0,0,33222329,372827
2345,0,1,0,0,4,0,0,1,0,1024,2343,0,0,33222329,372827
2346,0,1,0,0,4,0,0,1,0,1024,2344,0,0,33222329,372827
2347,0,1,0,0,4,0,0,1,0,1024,2345,0,0,33222329,372827
2348,0,1,0,0,4,0,0,1,0,1024,2346,0,0,33222329,372827
2349,0,1,0,0,4,0,0,1,0,1024,2347,0,0,33222329,372827
2350,0,1,0,0,4,0,0,1,0,1024,2348,0,0,33222329,372827
2351,0,1,0,0,4,0,0,1,0,1024,2349,0,0,33222329,372827
2352,0,1,0,0,4,0,0,1,0,1024,2350,0,0,33222329,372827
2353,0,1,0,0,4,0,0,1,0,1024,2351,0,0,33222329,372827
2354,0,1,0,0,4,0,0,1,0,1024,2352,0,0,33222329,372827
2355,0,1,0,0,4,0,0,1,0,1024,2353,0,0,33222329,372827
2356,0,1,0,0,4,0,0,1,0,1024,2354,0,0,33222329,372827
2357,0,1,0,0,4,0,0,1,0,1024,2355,0,0,33222329,372827
2358,0,1,0,0,4,0,0,1,0,1024,2356,0,0,33222329,372827
2359,0,1,0,0,4,0,0,1,0,1024,2357,0,0,33222329,372827
2360,0,1,0,0,4,0,0,1,0,1024,2358,0,0,33222329,372827
2361,0,1,0,0,4,0,0,1,0,1024,2359,0,0,33222329,372827
2362,0,1,0,0,4,0,0,1,0,1024,2360,0,0,33222329,372827
2363,0,1,0,0,4,0,0,1,0,1024,2361,0,0,33222329,372827
2364,0,1,0,0,4,0,0,1,0,1024,2362,0,0,33222329,372827
2365,0,1,0,0,4,0,0,1,0,1024,2363,0,0,33222329,372827
2366,0,1,0,0,4,0,0,1,0,1024,2364,0,0,33222329,372827
2367,0,1,0,0,4,0,0,1,0,1024,2365,0,0,33222329,372827
2368,0,1,0,0,4,0,0,1,0,1024,2366,0,0,33222329,372827
2369,0,1,0,0,4,0,0,1,0,1024,2367,0,0,33222329,372827
2370,0,1,0,0,4,0,0,1,0,1024,2368,0,0,33222329,372827
2371,0,1,0,0,4,0,0,1,0,1024,2369,0,0,33222329,372827
2372,0,1,0,0,4,0,0,1,0,1024,2370,0,0,33222329,372827
2373,0,1,0,0,4,0,0,1,0,1024,2371,0,0,33222329,372827
2374,0,1,0,0,4,0,0,1,0,1024,2372,0,0,33222329,372827
2375,0,1,0,0,4,0,0,1,0,1024,2373,0,0,33222329,372827
2376,0,1,0,0,4,0,0,1,0,1024,2374,0,0,33222329,372827
2377,0,1,0,0,4,0,0,1,0,1024,2375,0,0,33222329,372827
2378,0,1,0,0,4,0,0,1,0,1024,2376,0,0,33222329,372827
2379,0,1,0,0,4,0,0,1,0,1024,2377,0,0,33222329,372827
2380,0,1,0,0,4,0,0,1,0,1024,2378,0,0,33222329,372827
2381,0,1,0,0,4,0,0,1,0,1024,2379,0,0,33222329,372827
2382,0,1,0,0,4,0,0,1,0,1024,2380,0,0,33222329,372827
2383,0,1,0,0,4,0,0,1,0,1024,2381,0,0,33222329,372827
2384,0,1,0,0,4,0,0,1,0,1024,2382,0,0,33222329,372827
2385,0,1,0,0,4,0,0,1,0,1024,2383,0,0,33222329,372827
2386,0,1,0,0,4,0,0,1,0,1024,2384,0,0,33222329,372827
2387,0,1,0,0,4,0,0,1,0,1024,2385,0,0,33222329,372827
2388,0,1,0,0,4,0,0,1,0,1024,2386,0,0,33222329,372827
2389,0,1,0,0,4,0,0,1,0,1024,2387,0,0,33222329,372827
2390,0,1,0,0,4,0,0,1,0,1024,2388,0,0,33222329,372827
2391,0,1,0,0,4,0,0,1,0,1024,2389,0,0,33222329,372827
2392,0,1,0,0,4,0,0,1,0,1024,2390,0,0,33222329,372827
2393,0,1,0,0,4,0,0,1,0,1024,2391,0,0,33222329,372827
2394,0,1,0,0,4,0,0,1,0,1024,2392,0,0,33222329,372827
2395,0,1,0,0,4,0,0,1,0,1024,2393,0,0,33222329,372827
2396,0,1,0,0,4,0,0,1,0,1024,2394,0,0,33222329,372827
2397,0,1,0,0,4,0,0,1,0,1024,2395,0,0,33222329,372827
2398,0,1,0,0,4,0,0,1,0,1024,2396,0,0,33222329,372827
2399,0,1,0,0,4,0,0,1,0,1024,2397,0,0,33222329,372827
2400,0,1,0,0,4,0,0,1,0,1024,2398,0,0,33222329,372827
2401,0,1,0,0,4,0,0,1,0,1024,2399,0,0,33222329,372827
2402,0,1,0,0,4,0,0,1,0,1024,2400,0,0,33222329,372827
2403,0,1,0,0,4,0,0,1,0,1024,2401,0,0,33222329,372827
2404,0,1,0,0,4,0,0,1,0,1024,2402,0,0,33222329,372827
2405,0,1,0,0,4,0,0,1,0,1024,2403,0,0,33222329,372827
2406,0,1,0,0,4,0,0,1,0,1024,2404,0,0,33222329,372827
2407,0,1,0,0,4,0,0,1,0,1024,2405,0,0,33222329,372827
2408,0,1,0,0,4,0,0,1,0,1024,2406,0,0,33222329,372827
2409,0,1,0,0,4,0,0,1,0,1024,2407,0,0,33222329,372827
2410,0,1,0,0,4,0,0,1,0,1024,2408,0,0,33222329,372827
2411,0,1,0,0,4,0,0,1,0,1024,2409,0,0,33222329,372827
2412,0,1,0,0,4,0,0,1,0,1024,2410,0,0,33222329,372827
2413,0,1,0,0,4,0,0,1,0,1024,2411,0,0,33222329,372827
2414,0,1,0,0,4,0,0,1,0,1024,2412,0,0,33222329,372827
2415,0,1,0,0,4,0,0,1,0,1024,2413,0,0,33222329,372827
2416,0,1,0,0,4,0,0,1,0,1024,2414,0,0,33222329,372827
2417,0,1,0,0,4,0,0,1,0,1024,2415,0,0,33222329,372827
2418,0,1,0,0,4,0,0,1,0,1024,2416,0,0,33222329,372827
2419,0,1,0,0,4,0,0,1,0,1024,2417,0,0,33222329,372827
2420,0,1,0,0,4,0,0,1,0,1024,2418,0,0,33222329,372827
2421,0,1,0,0,4,0,0,1,0,1024,2419,0,0,33222329,372827
2422,0,1,0,0,4,0,0,1,0,1024,2420,0,0,33222329,372827
2423,0,1,0,0,4,0,0,1,0,1024,2421,0,0,33222329,372827
2424,0,1,0,0,4,0,0,1,0,1024,2422,0,0,33222329,372827
2425,0,1,0,0,4,0,0,1,0,1024,2423,0,0,33222329,372827
2426,0,1,0,0,4,0,0,1,0,1024,2424,0,0,33222329,372827
2427,0,1,0,0,4,0,0,1,0,1024,2425,0,0,33222329,372827
2428,0,1,0,0,4,0,0,1,0,1024,2426,0,0,33222329,372827
2429,0,1,0,0,4,0,0,1,0,1024,2427,0,0,33222329,372827
2430,0,1,0,0,4,0,0,1,0,1024,2428,0,0,33222329,372827
2431,0,1,0,0,4,0,0,1,0,1024,2429,0,0,33222329,372827
2432,0,1,0,0,4,0,0,1,0,1024,2430,0,0,33222329,372827
2433,0,1,0,0,4,0,0,1,0,1024,2431,0,0,33222329,372827
2434,0,1,0,0,4,0,0,1,0,1024,2432,0,0,33222329,372827
2435,0,1,0,0,4,0,0,1,0,1024,2433,0,0,33222329,372827
2436,0,1,0,0,4,0,0,1,0,1024,2434,0,0,33222329,372827
2437,0,1,0,0,4,0,0,1,0,1024,2435,0,0,33222329,372827
2438,0,1,0,0,4,0,0,1,0,1024,2436,0,0,33222329,372827
2439,0,1,0,0,4,0,0,1,0,1024,2437,0,0,33222329,372827
2440,0,1,0,0,4,0,0,1,0,1024,2438,0,0,33222329,372827
2441,0,1,0,0,4,0,0,1,0,1024,2439,0,0,33222329,372827
2442,0,1,0,0,4,0,0,1,0,1024,2440,0,0,33222329,372827
2443,0,1,0,0,4,0,0,1,0,1024,2441,0,0,33222329,372827
2444,0,1,0,0,4,0,0,1,0,1024,2442,0,0,33222329,372827
2445,0,1,0,0,4,0,0,1,0,1024,2443,0,0,33222329,372827
2446,0,1,0,0,4,0,0,1,0,1024,2444,0,0,33222329,372827
2447,0,1,0,0,4,0,0,1,0,1024,2445,0,0,33222329,372827
2448,0,1,0,0,4,0,0,1,0,1024,2446,0,0,33222329,372827
2449,0,1,0,0,4,0,0,1,0,1024,2447,0,0,33222329,372827
2450,0,1,0,0,4,0,0,1,0,1024,2448,0,0,33222329,372827
2451,0,1,0,0,4,0,0,1,0,1024,2449,0,0,33222329,372827
2452,0,1,0,0,4,0,0,1,0,1024,2450,0,0,33222329,372827
2453,0,1,0,0,4,0,0,1,0,1024,2451,0,0,33222329,372827
2454,0,1,0,0,4,0,0,1,0,1024,2452,0,0,33222329,372827
2455,0,1,0,0,4,0,0,1,0,1024,2453,0,0,33222329,372827
2456,0,1,0,0,4,0,0,1,0,1024,2454,0,0,33222329,372827
2457,0,1,0,0,4,0,0,1,0,1024,2455,0,0,33222329,372827
2458,0,1,0,0,4,0,0,1,0,1024,2456,0,0,33222329,372827
2459,0,1,0,0,4,0,0,1,0,1024,2457,0,0,33222329,372827
2460,0,1,0,0,4,0,0,1,0,1024,2458,0,0,33222329,372827
2461,0,1,0,0,4,0,0,1,0,1024,2459,0,0,33222329,372827
2462,0,1,0,0,4,0,0,1,0,1024,2460,0,0,33222329,372827
2463,0,1,0,0,4,0,0,1,0,1024,2461,0,0,33222329,372827
2464,0,1,0,0,4,0,0,1,0,1024,2462,0,0,33222329,372827
2465,0,1,0,0,4,0,0,1,0,1024,2463,0,0,33222329,372827
2466,0,1,0,0,4,0,0,1,0,1024,2464,0,0,33222329,372827
2467,0,1,0,0,4,0,0,1,0,1024,2465,0,0,33222329,372827
2468,0,1,0,0,4,0,0,1,0,1024,2466,0,0,33222329,372827
2469,0,1,0,0,4,0,0,1,0,1024,2467,0,0,33222329,372827
2470,0,1,0,0,4,0,0,1,0,1024,2468,0,0,33222329,372827
2471,0,1,0,0,4,0,0,1,0,1024,2469,0,0,33222329,372827
2472,0,1,0,0,4,0,0,1,0,1024,2470,0,0,33222329,372827
2473,0,1,0,0,4,0,0,1,0,1024,2471,0,0,33222329,372827
2474,0,1,0,0,4,0,0,1,0,1024,2472,0,0,33222329,372827
2475,0,1,0,0,4,0,0,1,0,1024,2473,0,0,33222329,372827
2476,0,1,0,0,4,0,0,1,0,1024,2474,0,0,33222329,372827
2477,0,1,0,0,4,0,0,1,0,1024,2475,0,0,33222329,372827
2478,0,1,0,0,4,0,0,1,0,1024,2476,0,0,33222329,372827
2479,0,1,0,0,4,0,0,1,0,1024,2477,0,0,33222329,372827
2480,0,1,0,0,4,0,0,1,0,1024,2478,0,0,33222329,372827
2481,0,1,0,0,4,0,0,1,0,1024,2479,0,0,33222329,372827
2482,0,1,0,0,4,0,0,1,0,1024,2480,0,0,33222329,372827
2483,0,1,0,0,4,0,0,1,0,1024,2481,0,0,33222329,372827
2484,0,1,0,0,4,0,0,1,0,1024,2482,0,0,33222329,372827
2485,0,1,0,0,4,0,0,1,0,1024,2483,0,0,33222329,372827
2486,0,1,0,0,4,0,0,1,0,1024,2484,0,0,33222329,372827
2487,0,1,0,0,4,0,0,1,0,1024,2485,0,0,33222329,372827
2488,0,1,0,0,4,0,0,1,0,1024,2486,0,0,33222329,372827
2489,0,1,0,0,4,0,0,1,0,1024,2487,0,0,33222329,372827
2490,0,1,0,0,4,0,0,1,0,1024,2488,0,0,33222329,372827
2491,0,1,0,0,4,0,0,1,0,1024,2489,0,0,33222329,372827
2492,0,1,0,0,4,0,0,1,0,1024,2490,0,0,33222329,372827
2493,0,1,0,0,4,0,0,1,0,1024,2491,0,0,33222329,372827
2494,0,1,0,0,4,0,0,1,0,1024,2492,0,0,33222329,372827
2495,0,1,0,0,4,0,0,1,0,1024,2493,0,0,33222329,372827
2496,0,1,0,0,4,0,0,1,0,1024,2494,0,0,33222329,372827
2497,0,1,0,0,4,0,0,1,0,1024,2495,0,0,33222329,372827
2498,0,1,0,0,4,0,0,1,0,1024,2496,0,0,33222329,372827
2499,0,1,0,0,4,0,0,1,0,1024,2497,0,0,33222329,372827
2500,0,1,0,0,4,0,0,1,0,1024,2498,0,0,33222329,372827
2501,0,1,0,0,4,0,0,1,0,1024,2499,0,0,33222329,372827
2502,0,1,0,0,4,0,0,1,0,1024,2500,0,0,33222329,372827
2503,0,1,0,0,4,0,0,1,0,1024,2501,0,0,33222329,372827
2504,0,1,0,0,4,0,0,1,0,1024,2502,0,0,33222329,372827
2505,0,1,0,0,4,0,0,1,0,1024,2503,0,0,33222329,372827
2506,0,1,0,0,4,0,0,1,0,1024,2504,0,0,33222329,372827
2507,0,1,0,0,4,0,0,1,0,1024,2505,0,0,33222329,372827
2508,0,1,0,0,4,0,0,1,0,1024,2506,0,0,33222329,372827
2509,0,1,0,0,4,0,0,1,0,1024,2507,0,0,33222329,372827
2510,0,1,0,0,4,0,0,1,0,1024,2508,0,0,33222329,372827
2511,0,1,0,0,4,0,0,1,0,1024,2509,0,0,33222329,372827
2512,0,1,0,0,4,0,0,1,0,1024,2510,0,0,33222329,372827
2513,0,1,0,0,4,0,0,1,0,1024,2511,0,0,33222329,372827
2514,0,1,0,0,4,0,0,1,0,1024,2512,0,0,33222329,372827
2515,0,1,0,0,4,0,0,1,0,1024,2513,0,0,33222329,372827
2516,0,1,0,0,4,0,0,1,0,1024,2514,0,0,33222329,372827
2517,0,1,0,0,4,0,0,1,0,1024,2515,0,0,33222329,372827
2518,0,1,0,0,4,0,0,1,0,1024,2516,0,0,33222329,372827
2519,0,1,0,0,4,0,0,1,0,1024,2517,0,0,33222329,372827
2520,0,1,0,0,4,0,0,1,0,1024,2518,0,0,33222329,372827
2521,0,1,0,0,4,0,0,1,0,1024,2519,0,0,33222329,372827
2522,0,1,0,0,4,0,0,1,0,1024,2520,0,0,33222329,372827
2523,0,1,0,0,4,0,0,1,0,1024,2521,0,0,33222329,372827
2524,0,1,0,0,4,0,0,1,0,1024,2522,0,0,33222329,372827
2525,0,1,0,0,4,0,0,1,0,1024,2523,0,0,33222329,372827
2526,0,1,0,0,4,0,0,1,0,1024,2524,0,0,33222329,372827
2527,0,1,0,0,4,0,0,1,0,1024,2525,0,0,33222329,372827
2528,0,1,0,0,4,0,0,1,0,1024,2526,0,0,33222329,372827
2529,0,1,0,0,4,0,0,1,0,1024,2527,0,0,33222329,372827
2530,0,1,0,0,4,0,0,1,0,1024,2528,0,0,33222329,372827
2531,0,1,0,0,4,0,0,1,0,1024,2529,0,0,33222329,372827
2532,0,1,0,0,4,0,0,1,0,1024,2530,0,0,33222329,372827
2533,0,1,0,0,4,0,0,1,0,1024,2531,0,0,33222329,372827
2534,0,1,0,0,4,0,0,1,0,1024,2532,0,0,33222329,372827
2535,0,1,0,0,4,0,0,1,0,1024,2533,0,0,33222329,372827
2536,0,1,0,0,4,0,0,1,0,1024,2534,0,0,33222329,372827
2537,0,1,0,0,4,0,0,1,0,1024,2535,0,0,33222329,372827
2538,0,1,0,0,4,0,0,1,0,1024,2536,0,0,33222329,372827
2539,0,1,0,0,4,0,0,1,0,1024,2537,0,0,33222329,372827
2540,0,1,0,0,4,0,0,1,0,1024,2538,0,0,33222329,372827
2541,0,1,0,0,4,0,0,1,0,1024,2539,0,0,33222329,372827
2542,0,1,0,0,4,0,0,1,0,1024,2540,0,0,33222329,372827
2543,0,1,0,0,4,0,0,1,0,1024,2541,0,0,33222329,372827
2544,0,1,0,0,4,0,0,1,0,1024,2542,0,0,33222329,372827
2545,0,1,0,0,4,0,0,1,0,1024,2543,0,0,33222329,372827
2546,0,1,0,0,4,0,0,1,0,1024,2544,0,0,33222329,372827
2547,0,1,0,0,4,0,0,1,0,1024,2545,0,0,33222329,372827
2548,0,1,0,0,4,0,0,1,0,1024,2546,0,0,33222329,372827
2549,0,1,0,0,4,0,0,1,0,1024,2547,0,0,33222329,372827
2550,0,1,0,0,4,0,0,1,0,1024,2548,0,0,33222329,372827
2551,0,1,0,0,4,0,0,1,0,1024,2549,0,0,33222329,372827
2552,0,1,0,0,4,0,0,1,0,1024,2550,0,0,33222329,372827
2553,0,1,0,0,4,0,0,1,0,1024,2551,0,0,33222329,372827
2554,0,1,0,0,4,0,0,1,0,1024,2552,0,0,33222329,372827
2555,0,1,0,0,4,0,0,1,0,1024,2553,0,0,33222329,372827
2556,0,1,0,0,4,0,0,1,0,1024,2554,0,0,33222329,372827
2557,0,1,0,0,4,0,0,1,0,1024,2555,0,0,33222329,372827
2558,0,1,0,0,4,0,0,1,0,1024,2556,0,0,33222329,372827
2559,0,1,0,0,4,0,0,1,0,1024,2557,0,0,33222329,372827
2560,0,1,0,0,4,0,0,1,0,1024,2558,0,0,33222329,372827
2561,0,1,0,0,4,0,0,1,0,1024,2559,0,0,33222329,372827
2562,0,1,0,0,4,0,0,1,0,1024,2560,0,0,33222329,372827
2563,0,1,0,0,4,0,0,1,0,1024,2561,0,0,33222329,372827
2564,0,1,0,0,4,0,0,1,0,1024,2562,0,0,33222329,372827
2565,0,1,0,0,4,0,0,1,0,1024,2563,0,0,33222329,372827
2566,0,1,0,0,4,0,0,1,0,1024,2564,0,0,33222329,372827
2567,0,1,0,0,4,0,0,1,0,1024,2565,0,0,33222329,372827
2568,0,1,0,0,4,0,0,1,0,1024,2566,0,0,33222329,372827
2569,0,1,0,0,4,0,0,1,0,1024,2567,0,0,33222329,372827
2570,0,1,0,0,4,0,0,1,0,1024,2568,0,0,33222329,372827
2571,0,1,0,0,4,0,0,1,0,1024,2569,0,0,33222329,372827
2572,0,1,0,0,4,0,0,1,0,1024,2570,0,0,33222329,372827
2573,0,1,0,0,4,0,0,1,0,1024,2571,0,0,33222329,372827
2574,0,1,0,0,4,0,0,1,0,1024,2572,0,0,33222329,372827
2575,0,1,0,0,4,0,0,1,0,1024,2573,0,0,33222329,372827
2576,0,1,0,0,4,0,0,1,0,1024,2574,0,0,33222329,372827
2577,0,1,0,0,4,0,0,1,0,1024,2575,0,0,33222329,372827
2578,0,1,0,0,4,0,0,1,0,1024,2576,0,0,33222329,372827
2579,0,1,0,0,4,0,0,1,0,1024,2577,0,0,33222329,372827
2580,0,1,0,0,4,0,0,1,0,1024,2578,0,0,33222329,372827
2581,0,1,0,0,4,0,0,1,0,1024,2579,0,0,33222329,372827
2582,0,1,0,0,4,0,0,1,0,1024,2580,0,0,33222329,372827
2583,0,1,0,0,4,0,0,1,0,1024,2581,0,0,33222329,372827
2584,0,1,0,0,4,0,0,1,0,1024,2582,0,0,33222329,372827
2585,0,1,0,0,4,0,0,1,0,1024,2583,0,0,33222329,372827
2586,0,1,0,0,4,0,0,1,0,1024,2584,0,0,33222329,372827
2587,0,1,0,0,4,0,0,1,0,1024,2585,0,0,33222329,372827
2588,0,1,0,0,4,0,0,1,0,1024,2586,0,0,33222329,372827
2589,0,1,0,0,4,0,0,1,0,1024,2587,0,0,33222329,372827
2590,0,1,0,0,4,0,0,1,0,1024,2588,0,0,33222329,372827
2591,0,1,0,0,4,0,0,1,0,1024,2589,0,0,33222329,372827
2592,0,1,0,0,4,0,0,1,0,1024,2590,0,0,33222329,372827
2593,0,1,0,0,4,0,0,1,0,1024,2591,0,0,33222329,372827
2594,0,1,0,0,4,0,0,1,0,1024,2592,0,0,33222329,372827
2595,0,1,0,0,4,0,0,1,0,1024,2593,0,0,33222329,372827
2596,0,1,0,0,4,0,0,1,0,1024,2594,0,0,33222329,372827
2597,0,1,0,0,4,0,0,1,0,1024,2595,0,0,33222329,372827
2598,0,1,0,0,4,0,0,1,0,1024,2596,0,0,33222329,372827
2599,0,1,0,0,4,0,0,1,0,1024,2597,0,0,33222329,372827
2600,0,1,0,0,4,0,0,1,0,1024,2598,0,0,33222329,372827
2601,0,1,0,0,4,0,0,1,0,1024,2599,0,0,33222329,372827
2602,0,1,0,0,4,0,0,1,0,1024,2600,0,0,33222329,372827
2603,0,1,0,0,4,0,0,1,0,1024,2601,0,0,33222329,372827
2604,0,1,0,0,4,0,0,1,0,1024,2602,0,0,33222329,372827
2605,0,1,0,0,4,0,0,1,0,1024,2603,0,0,33222329,372827
2606,0,1,0,0,4,0,0,1,0,1024,2604,0,0,33222329,372827
2607,0,1,0,0,4,0,0,1,0,1024,2605,0,0,33222329,372827
2608,0,1,0,0,4,0,0,1,0,1024,2606,0,0,33222329,372827
2609,0,1,0,0,4,0,0,1,0,1024,2607,0,0,33222329,372827
2610,0,1,0,0,4,0,0,1,0,1024,2608,0,0,33222329,372827
2611,0,1,0,0,4,0,0,1,0,1024,2609,0,0,33222329,372827
2612,0,1,0,0,4,0,0,1,0,1024,2610,0,0,33222329,372827
2613,0,1,0,0,4,0,0,1,0,1024,2611,0,0,33222329,372827
2614,0,1,0,0,4,0,0,1,0,1024,2612,0,0,33222329,372827
2615,0,1,0,0,4,0,0,1,0,1024,2613,0,0,33222329,372827
2616,0,1,0,0,4,0,0,1,0,1024,2614,0,0,33222329,372827
2617,0,1,0,0,4,0,0,1,0,1024,2615,0,0,33222329,372827
2618,0,1,0,0,4,0,0,1,0,1024,2616,0,0,33222329,372827
2619,0,1,0,0,4,0,0,1,0,1024,2617,0,0,33222329,372827
2620,0,1,0,0,4,0,0,1,0,1024,2618,0,0,33222329,372827
2621,0,1,0,0,4,0,0,1,0,1024,2619,0,0,33222329,372827
2622,0,1,0,0,4,0,0,1,0,1024,2620,0,0,33222329,372827
2623,0,1,0,0,4,0,0,1,0,1024,2621,0,0,33222329,372827
2624,0,1,0,0,4,0,0,1,0,1024,2622,0,0,33222329,372827
2625,0,1,0,0,4,0,0,1,0,1024,2623,0,0,33222329,372827
2626,0,1,0,0,4,0,0,1,0,1024,2624,0,0,33222329,372827
2627,0,1,0,0,4,0,0,1,0,1024,2625,0,0,33222329,372827
2628,0,1,0,0,4,0,0,1,0,1024,2626,0,0,33222329,372827
2629,0,1,0,0,4,0,0,1,0,1024,2627,0,0,33222329,372827
2630,0,1,0,0,4,0,0,1,0,1024,2628,0,0,33222329,372827
2631,0,1,0,0,4,0,0,1,0,1024,2629,0,0,33222329,372827
2632,0,1,0,0,4,0,0,1,0,1024,2630,0,0,33222329,372827
2633,0,1,0,0,4,0,0,1,0,1024,2631,0,0,33222329,372827
2634,0,1,0,0,4,0,0,1,0,1024,2632,0,0,33222329,372827
2635,0,1,0,0,4,0,0,1,0,1024,2633,0,0,33222329,372827
2636,0,1,0,0,4,0,0,1,0,1024,2634,0,0,33222329,372827
2637,0,1,0,0,4,0,0,1,0,1024,2635,0,0,33222329,372827
2638,0,1,0,0,4,0,0,1,0,1024,2636,0,0,33222329,372827
2639,0,1,0,0,4,0,0,1,0,1024,2637,0,0,33222329,372827
2640,0,1,0,0,4,0,0,1,0,1024,2638,0,0,33222329,372827
2641,0,1,0,0,4,0,0,1,0,1024,2639,0,0,33222329,372827
2642,0,1,0,0,4,0,0,1,0,1024,2640,0,0,33222329,372827
2643,0,1,0,0,4,0,0,1,0,1024,2641,0,0,33222329,372827
2644,0,1,0,0,4,0,0,1,0,1024,2642,0,0,33222329,372827
2645,0,1,0,0,4,0,0,1,0,1024,2643,0,0,33222329,372827
2646,0,1,0,0,4,0,0,1,0,1024,2644,0,0,33222329,372827
2647,0,1,0,0,4,0,0,1,0,1024,2645,0,0,33222329,372827
2648,0,1,0,0,4,0,0,1,0,1024,2646,0,0,33222329,372827
2649,0,1,0,0,4,0,0,1,0,1024,2647,0,0,33222329,372827
2650,0,1,0,0,4,0,0,1,0,1024,2648,0,0,33222329,372827
2651,0,1,0,0,4,0,0,1,0,1024,2649,0,0,33222329,372827
2652,0,1,0,0,4,0,0,1,0,1024,2650,0,0,33222329,372827
2653,0,1,0,0,4,0,0,1,0,1024,2651,0,0,33222329,372827
2654,0,1,0,0,4,0,0,1,0,1024,2652,0,0,33222329,372827
2655,0,1,0,0,4,0,0,1,0,1024,2653,0,0,33222329,372827
2656,0,1,0,0,4,0,0,1,0,1024,2654,0,0,33222329,372827
2657,0,1,0,0,4,0,0,1,0,1024,2655,0,0,33222329,372827
2658,0,1,0,0,4,0,0,1,0,1024,2656,0,0,33222329,372827
2659,0,1,0,0,4,0,0,1,0,1024,2657,0,0,33222329,372827
2660,0,1,0,0,4,0,0,1,0,1024,2658,0,0,33222329,372827
2661,0,1,0,0,4,0,0,1,0,1024,2659,0,0,33222329,372827
2662,0,1,0,0,4,0,0,1,0,1024,2660,0,0,33222329,372827
2663,0,1,0,0,4,0,0,1,0,1024,2661,0,0,33222329,372827
2664,0,1,0,0,4,0,0,1,0,1024,2662,0,0,33222329,372827
2665,0,1,0,0,4,0,0,1,0,1024,2663,0,0,33222329,372827
2666,0,1,0,0,4,0,0,1,0,1024,2664,0,0,33222329,372827
2667,0,1,0,0,4,0,0,1,0,1024,2665,0,0,33222329,372827
2668,0,1,0,0,4,0,0,1,0,1024,2666,0,0,33222329,372827
2669,0,1,0,0,4,0,0,1,0,1024,2667,0,0,33222329,372827
2670,0,1,0,0,4,0,0,1,0,1024,2668,0,0,33222329,372827
2671,0,1,0,0,4,0,0,1,0,1024,2669,0,0,33222329,372827
2672,0,1,0,0,4,0,0,1,0,1024,2670,0,0,33222329,372827
2673,0,1,0,0,4,0,0,1,0,1024,2671,0,0,33222329,372827
2674,0,1,0,0,4,0,0,1,0,1024,2672,0,0,33222329,372827
2675,0,1,0,0,4,0,0,1,0,1024,2673,0,0,33222329,372827
2676,0,1,0,0,4,0,0,1,0,1024,2674,0,0,33222329,372827
2677,0,1,0,0,4,0,0,1,0,1024,2675,0,0,33222329,372827
2678,0,1,0,0,4,0,0,1,0,1024,2676,0,0,33222329,372827
2679,0,1,0,0,4,0,0,1,0,1024,2677,0,0,33222329,372827
2680,0,1,0,0,4,0,0,1,0,1024,2678,0,0,33222329,372827
2681,0,1,0,0,4,0,0,1,0,1024,2679,0,0,33222329,372827
2682,0,1,0,0,4,0,0,1,0,1024,2680,0,0,33222329,372827
2683,0,1,0,0,4,0,0,1,0,1024,2681,0,0,33222329,372827
2684,0,1,0,0,4,0,0,1,0,1024,2682,0,0,33222329,372827
2685,0,1,0,0,4,0,0,1,0,1024,2683,0,0,33222329,372827
2686,0,1,0,0,4,0,0,1,0,1024,2684,0,0,33222329,372827
2687,0,1,0,0,4,0,0,1,0,1024,2685,0,0,33222329,372827
2688,0,1,0,0,4,0,0,1,0,1024,2686,0,0,33222329,372827
2689,0,1,0,0,4,0,0,1,0,1024,2687,0,0,33222329,372827
2690,0,1,0,0,4,0,0,1,0,1024,2688,0,0,33222329,372827
2691,0,1,0,0,4,0,0,1,0,1024,2689,0,0,33222329,372827
2692,0,1,0,0,4,0,0,1,0,1024,2690,0,0,33222329,372827
2693,0,1,0,0,4,0,0,1,0,1024,2691,0,0,33222329,372827
2694,0,1,0,0,4,0,0,1,0,1024,2692,0,0,33222329,372827
2695,0,1,0,0,4,0,0,1,0,1024,2693,0,0,33222329,372827
2696,0,1,0,0,4,0,0,1,0,1024,2694,0,0,33222329,372827
2697,0,1,0,0,4,0,0,1,0,1024,2695,0,0,33222329,372827
2698,0,1,0,0,4,0,0,1,0,1024,2696,0,0,33222329,372827
2699,0,1,0,0,4,0,0,1,0,1024,2697,0,0,33222329,372827
2700,0,1,0,0,4,0,0,1,0,1024,2698,0,0,33222329,372827
2701,0,1,0,0,4,0,0,1,0,1024,2699,0,0,33222329,372827
2702,0,1,0,0,4,0,0,1,0,1024,2700,0,0,33222329,372827
2703,0,1,0,0,4,0,0,1,0,1024,2701,0,0,33222329,372827
2704,0,1,0,0,4,0,0,1,0,1024,2702,0,0,33222329,372827
2705,0,1,0,0,4,0,0,1,0,1024,2703,0,0,33222329,372827
2706,0,1,0,0,4,0,0,1,0,1024,2704,0,0,33222329,372827
2707,0,1,0,0,4,0,0,1,0,1024,2705,0,0,33222329,372827
2708,0,1,0,0,4,0,0,1,0,1024,2706,0,0,33222329,372827
2709,0,1,0,0,4,0,0,1,0,1024,2707,0,0,33222329,372827
2710,0,1,0,0,4,0,0,1,0,1024,2708,0,0,33222329,372827
2711,0,1,0,0,4,0,0,1,0,1024,2709,0,0,33222329,372827
2712,0,1,0,0,4,0,0,1,0,1024,2710,0,0,33222329,372827
2713,0,1,0,0,4,0,0,1,0,1024,2711,0,0,33222329,372827
2714,0,1,0,0,4,0,0,1,0,1024,2712,0,0,33222329,372827
2715,0,1,0,0,4,0,0,1,0,1024,2713,0,0,33222329,372827
2716,0,1,0,0,4,0,0,1,0,1024,2714,0,0,33222329,372827
2717,0,1,0,0,4,0,0,1,0,1024,2715,0,0,33222329,372827
2718,0,1,0,0,4,0,0,1,0,1024,2716,0,0,33222329,372827
2719,0,1,0,0,4,0,0,1,0,1024,2717,0,0,33222329,372827
2720,0,1,0,0,4,0,0,1,0,1024,2718,0,0,33222329,372827
2721,0,1,0,0,4,0,0,1,0,1024,2719,0,0,33222329,372827
2722,0,1,0,0,4,0,0,1,0,1024,2720,0,0,33222329,372827
2723,0,1,0,0,4,0,0,1,0,1024,2721,0,0,33222329,372827
2724,0,1,0,0,4,0,0,1,0,1024,2722,0,0,33222329,372827
2725,0,1,0,0,4,0,0,1,0,1024,2723,0,0,33222329,372827
2726,0,1,0,0,4,0,0,1,0,1024,2724,0,0,33222329,372827
2727,0,1,0,0,4,0,0,1,0,1024,2725,0,0,33222329,372827
2728,0,1,0,0,4,0,0,1,0,1024,2726,0,0,33222329,372827
2729,0,1,0,0,4,0,0,1,0,1024,2727,0,0,33222329,372827
2730,0,1,0,0,4,0,0,1,0,1024,2728,0,0,33222329,372827
2731,0,1,0,0,4,0,0,1,0,1024,2729,0,0,33222329,372827
2732,0,1,0,0,4,0,0,1,0,1024,2730,0,0,33222329,372827
2733,0,1,0,0,4,0,0,1,0,1024,2731,0,0,33222329,372827
2734,0,1,0,0,4,0,0,1,0,1024,2732,0,0,33222329,372827
2735,0,1,0,0,4,0,0,1,0,1024,2733,0,0,33222329,372827
2736,0,1,0,0,4,0,0,1,0,1024,2734,0,0,33222329,372827
2737,0,1,0,0,4,0,0,1,0,1024,2735,0,0,33222329,372827
2738,0,1,0,0,4,0,0,1,0,1024,2736,0,0,33222329,372827
2739,0,1,0,0,4,0,0,1,0,1024,2737,0,0,33222329,372827
2740,0,1,0,0,4,0,0,1,0,1024,2738,0,0,33222329,372827
2741,0,1,0,0,4,0,0,1,0,1024,2739,0,0,33222329,372827
2742,0,1,0,0,4,0,0,1,0,1024,2740,0,0,33222329,372827
2743,0,1,0,0,4,0,0,1,0,1024,2741,0,0,33222329,372827
2744,0,1,0,0,4,0,0,1,0,1024,2742,0,0,33222329,372827
2745,0,1,0,0,4,0,0,1,0,1024,2743,0,0,33222329,372827
2746,0,1,0,0,4,0,0,1,0,1024,2744,0,0,33222329,372827
2747,0,1,0,0,4,0,0,1,0,1024,2745,0,0,33222329,372827
2748,0,1,0,0,4,0,0,1,0,1024,2746,0,0,33222329,372827
2749,0,1,0,0,4,0,0,1,0,1024,2747,0,0,33222329,372827
2750,0,1,0,0,4,0,0,1,0,1024,2748,0,0,33222329,372827
2751,0,1,0,0,4,0,0,1,0,1024,2749,0,0,33222329,372827
2752,0,1,0,0,4,0,0,1,0,1024,2750,0,0,33222329,372827
2753,0,1,0,0,4,0,0,1,0,1024,2751,0,0,33222329,372827
2754,0,1,0,0,4,0,0,1,0,1024,2752,0,0,33222329,372827
2755,0,1,0,0,4,0,0,1,0,1024,2753,0,0,33222329,372827
2756,0,1,0,0,4,0,0,1,0,1024,2754,0,0,33222329,372827
2757,0,1,0,0,4,0,0,1,0,1024,2755,0,0,33222329,372827
2758,0,1,0,0,4,0,0,1,0,1024,2756,0,0,33222329,372827
2759,0,1,0,0,4,0,0,1,0,1024,2757,0,0,33222329,372827
2760,0,1,0,0,4,0,0,1,0,1024,2758,0,0,33222329,372827
2761,0,1,0,0,4,0,0,1,0,1024,2759,0,0,33222329,372827
2762,0,1,0,0,4,0,0,1,0,1024,2760,0,0,33222329,372827
2763,0,1,0,0,4,0,0,1,0,1024,2761,0,0,33222329,372827
2764,0,1,0,0,4,0,0,1,0,1024,2762,0,0,33222329,372827
2765,0,1,0,0,4,0,0,1,0,1024,2763,0,0,33222329,372827
2766,0,1,0,0,4,0,0,1,0,1024,2764,0,0,33222329,372827
2767,0,1,0,0,4,0,0,1,0,1024,2765,0,0,33222329,372827
2768,0,1,0,0,4,0,0,1,0,1024,2766,0,0,33222329,372827
2769,0,1,0,0,4,0,0,1,0,1024,2767,0,0,33222329,372827
2770,0,1,0,0,4,0,0,1,0,1024,2768,0,0,33222329,372827
2771,0,1,0,0,4,0,0,1,0,1024,2769,0,0,33222329,372827
2772,0,1,0,0,4,0,0,1,0,1024,2770,0,0,33222329,372827
2773,0,1,0,0,4,0,0,1,0,1024,2771,0,0,33222329,372827
2774,0,1,0,0,4,0,0,1,0,1024,2772,0,0,33222329,372827
2775,0,1,0,0,4,0,0,1,0,1024,2773,0,0,33222329,372827
2776,0,1,0,0,4,0,0,1,0,1024,2774,0,0,33222329,372827
2777,0,1,0,0,4,0,0,1,0,1024,2775,0,0,33222329,372827
2778,0,1,0,0,4,0,0,1,0,1024,2776,0,0,33222329,372827
2779,0,1,0,0,4,0,0,1,0,1024,2777,0,0,33222329,372827
2780,0,1,0,0,4,0,0,1,0,1024,2778,0,0,33222329,372827
2781,0,1,0,0,4,0,0,1,0,1024,2779,0,0,33222329,372827
2782,0,1,0,0,4,0,0,1,0,1024,2780,0,0,33222329,372827
2783,0,1,0,0,4,0,0,1,0,1024,2781,0,0,33222329,372827
2784,0,1,0,0,4,0,0,1,0,1024,2782,0,0,33222329,372827
2785,0,1,0,0,4,0,0,1,0,1024,2783,0,0,33222329,372827
2786,0,1,0,0,4,0,0,1,0,1024,2784,0,0,33222329,372827
2787,0,1,0,0,4,0,0,1,0,1024,2785,0,0,33222329,372827
2788,0,1,0,0,4,0,0,1,0,1024,2786,0,0,33222329,372827
2789,0,1,0,0,4,0,0,1,0,1024,2787,0,0,33222329,372827
2790,0,1,0,0,4,0,0,1,0,1024,2788,0,0,33222329,372827
2791,0,1,0,0,4,0,0,1,0,1024,2789,0,0,33222329,372827
2792,0,1,0,0,4,0,0,1,0,1024,2790,0,0,33222329,372827
2793,0,1,0,0,4,0,0,1,0,1024,2791,0,0,33222329,372827
2794,0,1,0,0,4,0,0,1,0,1024,2792,0,0,33222329,372827
2795,0,1,0,0,4,0,0,1,0,1024,2793,0,0,33222329,372827
2796,0,1,0,0,4,0,0,1,0,1024,2794,0,0,33222329,372827
2797,0,1,0,0,4,0,0,1,0,1024,2795,0,0,33222329,372827
2798,0,1,0,0,4,0,0,1,0,1024,2796,0,0,33222329,372827
2799,0,1,0,0,4,0,0,1,0,1024,2797,0,0,33222329,372827
2800,0,1,0,0,4,0,0,1,0,1024,2798,0,0,33222329,372827
2801,0,1,0,0,4,0,0,1,0,1024,2799,0,0,33222329,372827
2802,0,1,0,0,4,0,0,1,0,1024,2800,0,0,33222329,372827
2803,0,1,0,0,4,0,0,1,0,1024,2801,0,0,33222329,372827
2804,0,1,0,0,4,0,0,1,0,1024,2802,0,0,33222329,372827
2805,0,1,0,0,4,0,0,1,0,1024,2803,0,0,33222329,372827
2806,0,1,0,0,4,0,0,1,0,1024,2804,0,0,33222329,372827
2807,0,1,0,0,4,0,0,1,0,1024,2805,0,0,33222329,372827
2808,0,1,0,0,4,0,0,1,0,1024,2806,0,0,33222329,372827
2809,0,1,0,0,4,0,0,1,0,1024,2807,0,0,33222329,372827
2810,0,1,0,0,4,0,0,1,0,1024,2808,0,0,33222329,372827
2811,0,1,0,0,4,0,0,1,0,1024,2809,0,0,33222329,372827
2812,0,1,0,0,4,0,0,1,0,1024,2810,0,0,33222329,372827
2813,0,1,0,0,4,0,0,1,0,1024,2811,0,0,33222329,372827
2814,0,1,0,0,4,0,0,1,0,1024,2812,0,0,33222329,372827
2815,0,1,0,0,4,0,0,1,0,1024,2813,0,0,33222329,372827
2816,0,1,0,0,4,0,0,1,0,1024,2814,0,0,33222329,372827
2817,0,1,0,0,4,0,0,1,0,1024,2815,0,0,33222329,372827
2818,0,1,0,0,4,0,0,1,0,1024,2816,0,0,33222329,372827
2819,0,1,0,0,4,0,0,1,0,1024,2817,0,0,33222329,372827
2820,0,1,0,0,4,0,0,1,0,1024,2818,0,0,33222329,372827
2821,0,1,0,0,4,0,0,1,0,1024,2819,0,0,33222329,372827
2822,0,1,0,0,4,0,0,1,0,1024,2820,0,0,33222329,372827
2823,0,1,0,0,4,0,0,1,0,1024,2821,0,0,33222329,372827
2824,0,1,0,0,4,0,0,1,0,1024,2822,0,0,33222329,372827
2825,0,1,0,0,4,0,0,1,0,1024,2823,0,0,33222329,372827
2826,0,1,0,0,4,0,0,1,0,1024,2824,0,0,33222329,372827
2827,0,1,0,0,4,0,0,1,0,1024,2825,0,0,33222329,372827
2828,0,1,0,0,4,0,0,1,0,1024,2826,0,0,33222329,372827
2829,0,1,0,0,4,0,0,1,0,1024,2827,0,0,33222329,372827
2830,0,1,0,0,4,0,0,1,0,1024,2828,0,0,33222329,372827
2831,0,1,0,0,4,0,0,1,0,1024,2829,0,0,33222329,372827
2832,0,1,0,0,4,0,0,1,0,1024,2830,0,0,33222329,372827
2833,0,1,0,0,4,0,0,1,0,1024,2831,0,0,33222329,372827
2834,0,1,0,0,4,0,0,1,0,1024,2832,0,0,33222329,372827
2835,0,1,0,0,4,0,0,1,0,1024,2833,0,0,33222329,372827
2836,0,1,0,0,4,0,0,1,0,1024,2834,0,0,33222329,372827
2837,0,1,0,0,4,0,0,1,0,1024,2835,0,0,33222329,372827
2838,0,1,0,0,4,0,0,1,0,1024,2836,0,0,33222329,372827
2839,0,1,0,0,4,0,0,1,0,1024,2837,0,0,33222329,372827
2840,0,1,0,0,4,0,0,1,0,1024,2838,0,0,33222329,372827
2841,0,1,0,0,4,0,0,1,0,1024,2839,0,0,33222329,372827
2842,0,1,0,0,4,0,0,1,0,1024,2840,0,0,33222329,372827
2843,0,1,0,0,4,0,0,1,0,1024,2841,0,0,33222329,372827
2844,0,1,0,0,4,0,0,1,0,1024,2842,0,0,33222329,372827
2845,0,1,0,0,4,0,0,1,0,1024,2843,0,0,33222329,372827
2846,0,1,0,0,4,0,0,1,0,1024,2844,0,0,33222329,372827
2847,0,1,0,0,4,0,0,1,0,1024,2845,0,0,33222329,372827
2848,0,1,0,0,4,0,0,1,0,1024,2846,0,0,33222329,372827
2849,0,1,0,0,4,0,0,1,0,1024,2847,0,0,33222329,372827
2850,0,1,0,0,4,0,0,1,0,1024,2848,0,0,33222329,372827
2851,0,1,0,0,4,0,0,1,0,1024,2849,0,0,33222329,372827
2852,0,1,0,0,4,0,0,1,0,1024,2850,0,0,33222329,372827
2853,0,1,0,0,4,0,0,1,0,1024,2851,0,0,33222329,372827
2854,0,1,0,0,4,0,0,1,0,1024,2852,0,0,33222329,372827
2855,0,1,0,0,4,0,0,1,0,1024,2853,0,0,33222329,372827
2856,0,1,0,0,4,0,0,1,0,1024,2854,0,0,33222329,372827
2857,0,1,0,0,4,0,0,1,0,1024,2855,0,0,33222329,372827
2858,0,1,0,0,4,0,0,1,0,1024,2856,0,0,33222329,372827
2859,0,1,0,0,4,0,0,1,0,1024,2857,0,0,33222329,372827
2860,0,1,0,0,4,0,0,1,0,1024,2858,0,0,33222329,372827
2861,0,1,0,0,4,0,0,1,0,1024,2859,0,0,33222329,372827
2862,0,1,0,0,4,0,0,1,0,1024,2860,0,0,33222329,372827
2863,0,1,0,0,4,0,0,1,0,1024,2861,0,0,33222329,372827
2864,0,1,0,0,4,0,0,1,0,1024,2862,0,0,33222329,372827
2865,0,1,0,0,4,0,0,1,0,1024,2863,0,0,33222329,372827
2866,0,1,0,0,4,0,0,1,0,1024,2864,0,0,33222329,372827
2867,0,1,0,0,4,0,0,1,0,1024,2865,0,0,33222329,372827
2868,0,1,0,0,4,0,0,1,0,1024,2866,0,0,33222329,372827
2869,0,1,0,0,4,0,0,1,0,1024,2867,0,0,33222329,372827
2870,0,1,0,0,4,0,0,1,0,1024,2868,0,0,33222329,372827
2871,0,1,0,0,4,0,0,1,0,1024,2869,0,0,33222329,372827
2872,0,1,0,0,4,0,0,1,0,1024,2870,0,0,33222329,372827
2873,0,1,0,0,4,0,0,1,0,1024,2871,0,0,33222329,372827
2874,0,1,0,0,4,0,0,1,0,1024,2872,0,0,33222329,372827
2875,0,1,0,0,4,0,0,1,0,1024,2873,0,0,33222329,372827
2876,0,1,0,0,4,0,0,1,0,1024,2874,0,0,33222329,372827
2877,0,1,0,0,4,0,0,1,0,1024,2875,0,0,33222329,372827
2878,0,1,0,0,4,0,0,1,0,1024,2876,0,0,33222329,372827
2879,0,1,0,0,4,0,0,1,0,1024,2877,0,0,33222329,372827
2880,0,1,0,0,4,0,0,1,0,1024,2878,0,0,33222329,372827
2881,0,1,0,0,4,0,0,1,0,1024,2879,0,0,33222329,372827
2882,0,1,0,0,4,0,0,1,0,1024,2880,0,0,33222329,372827
2883,0,1,0,0,4,0,0,1,0,1024,2881,0,0,33222329,372827
2884,0,1,0,0,4,0,0,1,0,1024,2882,0,0,33222329,372827
2885,0,1,0,0,4,0,0,1,0,1024,2883,0,0,33222329,372827
2886,0,1,0,0,4,0,0,1,0,1024,2884,0,0,33222329,372827
2887,0,1,0,0,4,0,0,1,0,1024,2885,0,0,33222329,372827
2888,0,1,0,0,4,0,0,1,0,1024,2886,0,0,33222329,372827
2889,0,1,0,0,4,0,0,1,0,1024,2887,0,0,33222329,372827
2890,0,1,0,0,4,0,0,1,0,1024,2888,0,0,33222329,372827
2891,0,1,0,0,4,0,0,1,0,1024,2889,0,0,33222329,372827
2892,0,1,0,0,4,0,0,1,0,1024,2890,0,0,33222329,372827
2893,0,1,0,0,4,0,0,1,0,1024,2891,0,0,33222329,372827
2894,0,1,0,0,4,0,0,1,0,1024,2892,0,0,33222329,372827
2895,0,1,0,0,4,0,0,1,0,1024,2893,0,0,33222329,372827
2896,0,1,0,0,4,0,0,1,0,1024,2894,0,0,33222329,372827
2897,0,1,0,0,4,0,0,1,0,1024,2895,0,0,33222329,372827
2898,0,1,0,0,4,0,0,1,0,1024,2896,0,0,33222329,372827
2899,0,1,0,0,4,0,0,1,0,1024,2897,0,0,33222329,372827
2900,0,1,0,0,4,0,0,1,0,1024,2898,0,0,33222329,372827
2901,0,1,0,0,4,0,0,1,0,1024,2899,0,0,33222329,372827
2902,0,1,0,0,4,0,0,1,0,1024,2900,0,0,33222329,372827
2903,0,1,0,0,4,0,0,1,0,1024,2901,0,0,33222329,372827
2904,0,1,0,0,4,0,0,1,0,1024,2902,0,0,33222329,372827
2905,0,1,0,0,4,0,0,1,0,1024,2903,0,0,33222329,372827
2906,0,1,0,0,4,0,0,1,0,1024,2904,0,0,33222329,372827
2907,0,1,0,0,4,0,0,1,0,1024,2905,0,0,33222329,372827
2908,0,1,0,0,4,0,0,1,0,1024,2906,0,0,33222329,372827
2909,0,1,0,0,4,0,0,1,0,1024,2907,0,0,33222329,372827
2910,0,1,0,0,4,0,0,1,0,1024,2908,0,0,33222329,372827
2911,0,1,0,0,4,0,0,1,0,1024,2909,0,0,33222329,372827
2912,0,1,0,0,4,0,0,1,0,1024,2910,0,0,33222329,372827
2913,0,1,0,0,4,0,0,1,0,1024,2911,0,0,33222329,372827
2914,0,1,0,0,4,0,0,1,0,1024,2912,0,0,33222329,372827
2915,0,1,0,0,4,0,0,1,0,1024,2913,0,0,33222329,372827
2916,0,1,0,0,4,0,0,1,0,1024,2914,0,0,33222329,372827
2917,0,1,0,0,4,0,0,1,0,1024,2915,0,0,33222329,372827
2918,0,1,0,0,4,0,0,1,0,1024,2916,0,0,33222329,372827
2919,0,1,0,0,4,0,0,1,0,1024,2917,0,0,33222329,372827
2920,0,1,0,0,4,0,0,1,0,1024,2918,0,0,33222329,372827
2921,0,1,0,0,4,0,0,1,0,1024,2919,0,0,33222329,372827
2922,0,1,0,0,4,0,0,1,0,1024,2920,0,0,33222329,372827
2923,0,1,0,0,4,0,0,1,0,1024,2921,0,0,33222329,372827
2924,0,1,0,0,4,0,0,1,0,1024,2922,0,0,33222329,372827
2925,0,1,0,0,4,0,0,1,0,1024,2923,0,0,33222329,372827
2926,0,1,0,0,4,0,0,1,0,1024,2924,0,0,33222329,372827
2927,0,1,0,0,4,0,0,1,0,1024,2925,0,0,33222329,372827
2928,0,1,0,0,4,0,0,1,0,1024,2926,0,0,33222329,372827
2929,0,1,0,0,4,0,0,1,0,1024,2927,0,0,33222329,372827
2930,0,1,0,0,4,0,0,1,0,1024,2928,0,0,33222329,372827
2931,0,1,0,0,4,0,0,1,0,1024,2929,0,0,33222329,372827
2932,0,1,0,0,4,0,0,1,0,1024,2930,0,0,33222329,372827
2933,0,1,0,0,4,0,0,1,0,1024,2931,0,0,33222329,372827
2934,0,1,0,0,4,0,0,1,0,1024,2932,0,0,33222329,372827
2935,0,1,0,0,4,0,0,1,0,1024,2933,0,0,33222329,372827
2936,0,1,0,0,4,0,0,1,0,1024,2934,0,0,33222329,372827
2937,0,1,0,0,4,0,0,1,0,1024,2935,0,0,33222329,372827
2938,0,1,0,0,4,0,0,1,0,1024,2936,0,0,33222329,372827
2939,0,1,0,0,4,0,0,1,0,1024,2937,0,0,33222329,372827
2940,0,1,0,0,4,0,0,1,0,1024,2938,0,0,33222329,372827
2941,0,1,0,0,4,0,0,1,0,1024,2939,0,0,33222329,372827
2942,0,1,0,0,4,0,0,1,0,1024,2940,0,0,33222329,372827
2943,0,1,0,0,4,0,0,1,0,1024,2941,0,0,33222329,372827
2944,0,1,0,0,4,0,0,1,0,1024,2942,0,0,33222329,372827
2945,0,1,0,0,4,0,0,1,0,1024,2943,0,0,33222329,372827
2946,0,1,0,0,4,0,0,1,0,1024,2944,0,0,33222329,372827
2947,0,1,0,0,4,0,0,1,0,1024,2945,0,0,33222329,372827
2948,0,1,0,0,4,0,0,1,0,1024,2946,0,0,33222329,372827
2949,0,1,0,0,4,0,0,1,0,1024,2947,0,0,33222329,372827
2950,0,1,0,0,4,0,0,1,0,1024,2948,0,0,33222329,372827
2951,0,1,0,0,4,0,0,1,0,1024,2949,0,0,33222329,372827
2952,0,1,0,0,4,0,0,1,0,1024,2950,0,0,33222329,372827
2953,0,1,0,0,4,0,0,1,0,1024,2951,0,0,33222329,372827
2954,0,1,0,0,4,0,0,1,0,1024,2952,0,0,33222329,372827
2955,0,1,0,0,4,0,0,1,0,1024,2953,0,0,33222329,372827
2956,0,1,0,0,4,0,0,1,0,1024,2954,0,0,33222329,372827
2957,0,1,0,0,4,0,0,1,0,1024,2955,0,0,33222329,372827
2958,0,1,0,0,4,0,0,1,0,1024,2956,0,0,33222329,372827
2959,0,1,0,0,4,0,0,1,0,1024,2957,0,0,33222329,372827
2960,0,1,0,0,4,0,0,1,0,1024,2958,0,0,33222329,372827
2961,0,1,0,0,4,0,0,1,0,1024,2959,0,0,33222329,372827
2962,0,1,0,0,4,0,0,1,0,1024,2960,0,0,33222329,372827
2963,0,1,0,0,4,0,0,1,0,1024,2961,0,0,33222329,372827
2964,0,1,0,0,4,0,0,1,0,1024,2962,0,0,33222329,372827
2965,0,1,0,0,4,0,0,1,0,1024,2963,0,0,33222329,372827
2966,0,1,0,0,4,0,0,1,0,1024,2964,0,0,33222329,372827
2967,0,1,0,0,4,0,0,1,0,1024,2965,0,0,33222329,372827
2968,0,1,0,0,4,0,0,1,0,1024,2966,0,0,33222329,372827
2969,0,1,0,0,4,0,0,1,0,1024,2967,0,0,33222329,372827
2970,0,1,0,0,4,0,0,1,0,1024,2968,0,0,33222329,372827
2971,0,1,0,0,4,0,0,1,0,1024,2969,0,0,33222329,372827
2972,0,1,0,0,4,0,0,1,0,1024,2970,0,0,33222329,372827
2973,0,1,0,0,4,0,0,1,0,1024,2971,0,0,33222329,372827
2974,0,1,0,0,4,0,0,1,0,1024,2972,0,0,33222329,372827
2975,0,1,0,0,4,0,0,1,0,1024,2973,0,0,33222329,372827
2976,0,1,0,0,4,0,0,1,0,1024,2974,0,0,33222329,372827
2977,0,1,0,0,4,0,0,1,0,1024,2975,0,0,33222329,372827
2978,0,1,0,0,4,0,0,1,0,1024,2976,0,0,33222329,372827
2979,0,1,0,0,4,0,0,1,0,1024,2977,0,0,33222329,372827
2980,0,1,0,0,4,0,0,1,0,1024,2978,0,0,33222329,372827
2981,0,1,0,0,4,0,0,1,0,1024,2979,0,0,33222329,372827
2982,0,1,0,0,4,0,0,1,0,1024,2980,0,0,33222329,372827
2983,0,1,0,0,4,0,0,1,0,1024,2981,0,0,33222329,372827
2984,0,1,0,0,4,0,0,1,0,1024,2982,0,0,33222329,372827
2985,0,1,0,0,4,0,0,1,0,1024,2983,0,0,33222329,372827
2986,0,1,0,0,4,0,0,1,0,1024,2984,0,0,33222329,372827
2987,0,1,0,0,4,0,0,1,0,1024,2985,0,0,33222329,372827
2988,0,1,0,0,4,0,0,1,0,1024,2986,0,0,33222329,372827
2989,0,1,0,0,4,0,0,1,0,1024,2987,0,0,33222329,372827
2990,0,1,0,0,4,0,0,1,0,1024,2988,0,0,33222329,372827
2991,0,1,0,0,4,0,0,1,0,1024,2989,0,0,33222329,372827
2992,0,1,0,0,4,0,0,1,0,1024,2990,0,0,33222329,372827
2993,0,1,0,0,4,0,0,1,0,1024,2991,0,0,33222329,372827
2994,0,1,0,0,4,0,0,1,0,1024,2992,0,0,33222329,372827
2995,0,1,0,0,4,0,0,1,0,1024,2993,0,0,33222329,372827
2996,0,1,0,0,4,0,0,1,0,1024,2994,0,0,33222329,372827
2997,0,1,0,0,4,0,0,1,0,1024,2995,0,0,33222329,372827
2998,0,1,0,0,4,0,0,1,0,1024,2996,0,0,33222329,372827
2999,0,1,0,0,4,0,0,1,0,1024,2997,0,0,33222329,372827
3000,0,1,0,0,4,0,0,1,0,1024,2998,0,0,33222329,372827
3001,0,1,0,0,4,0,0,1,0,1024,2999,0,0,33222329,372827
3002,0,1,0,0,4,0,0,1,0,1024,3000,0,0,33222329,372827
3003,0,1,0,0,4,0,0,1,0,1024,3001,0,0,33222329,372827
3004,0,1,0,0,4,0,0,1,0,1024,3002,0,0,33222329,372827
3005,0,1,0,0,4,0,0,1,0,1024,3003,0,0,33222329,372827
3006,0,1,0,0,4,0,0,1,0,1024,3004,0,0,33222329,372827
3007,0,1,0,0,4,0,0,1,0,1024,3005,0,0,33222329,372827
3008,0,1,0,0,4,0,0,1,0,1024,3006,0,0,33222329,372827
3009,0,1,0,0,4,0,0,1,0,1024,3007,0,0,33222329,372827
3010,0,1,0,0,4,0,0,1,0,1024,3008,0,0,33222329,372827
3011,0,1,0,0,4,0,0,1,0,1024,3009,0,0,33222329,372827
3012,0,1,0,0,4,0,0,1,0,1024,3010,0,0,33222329,372827
3013,0,1,0,0,4,0,0,1,0,1024,3011,0,0,33222329,372827
3014,0,1,0,0,4,0,0,1,0,1024,3012,0,0,33222329,372827
3015,0,1,0,0,4,0,0,1,0,1024,3013,0,0,33222329,372827
3016,0,1,0,0,4,0,0,1,0,1024,3014,0,0,33222329,372827
3017,0,1,0,0,4,0,0,1,0,1024,3015,0,0,33222329,372827
3018,0,1,0,0,4,0,0,1,0,1024,3016,0,0,33222329,372827
3019,0,1,0,0,4,0,0,1,0,1024,3017,0,0,33222329,372827
3020,0,1,0,0,4,0,0,1,0,1024,3018,0,0,33222329,372827
3021,0,1,0,0,4,0,0,1,0,1024,3019,0,0,33222329,372827
3022,0,1,0,0,4,0,0,1,0,1024,3020,0,0,33222329,372827
3023,0,1,0,0,4,0,0,1,0,1024,3021,0,0,33222329,372827
3024,0,1,0,0,4,0,0,1,0,1024,3022,0,0,33222329,372827
3025,0,1,0,0,4,0,0,1,0,1024,3023,0,0,33222329,372827
3026,0,1,0,0,4,0,0,1,0,1024,3024,0,0,33222329,372827
3027,0,1,0,0,4,0,0,1,0,1024,3025,0,0,33222329,372827
3028,0,1,0,0,4,0,0,1,0,1024,3026,0,0,33222329,372827
3029,0,1,0,0,4,0,0,1,0,1024,3027,0,0,33222329,372827
3030,0,1,0,0,4,0,0,1,0,1024,3028,0,0,33222329,372827
3031,0,1,0,0,4,0,0,1,0,1024,3029,0,0,33222329,372827
3032,0,1,0,0,4,0,0,1,0,1024,3030,0,0,33222329,372827
3033,0,1,0,0,4,0,0,1,0,1024,3031,0,0,33222329,372827
3034,0,1,0,0,4,0,0,1,0,1024,3032,0,0,33222329,372827
3035,0,1,0,0,4,0,0,1,0,1024,3033,0,0,33222329,372827
3036,0,1,0,0,4,0,0,1,0,1024,3034,0,0,33222329,372827
3037,0,1,0,0,4,0,0,1,0,1024,3035,0,0,33222329,372827
3038,0,1,0,0,4,0,0,1,0,1024,3036,0,0,33222329,372827
3039,0,1,0,0,4,0,0,1,0,1024,3037,0,0,33222329,372827
3040,0,1,0,0,4,0,0,1,0,1024,3038,0,0,33222329,372827
3041,0,1,0,0,4,0,0,1,0,1024,3039,0,0,33222329,372827
3042,0,1,0,0,4,0,0,1,0,1024,3040,0,0,33222329,372827
3043,0,1,0,0,4,0,0,1,0,1024,3041,0,0,33222329,372827
3044,0,1,0,0,4,0,0,1,0,1024,3042,0,0,33222329,372827
3045,0,1,0,0,4,0,0,1,0,1024,3043,0,0,33222329,372827
3046,0,1,0,0,4,0,0,1,0,1024,3044,0,0,33222329,372827
3047,0,1,0,0,4,0,0,1,0,1024,3045,0,0,33222329,372827
3048,0,1,0,0,4,0,0,1,0,1024,3046,0,0,33222329,372827
3049,0,1,0,0,4,0,0,1,0,1024,3047,0,0,33222329,372827
3050,0,1,0,0,4,0,0,1,0,1024,3048,0,0,33222329,372827
3051,0,1,0,0,4,0,0,1,0,1024,3049,0,0,33222329,372827
3052,0,1,0,0,4,0,0,1,0,1024,3050,0,0,33222329,372827
3053,0,1,0,0,4,0,0,1,0,1024,3051,0,0,33222329,372827
3054,0,1,0,0,4,0,0,1,0,1024,3052,0,0,33222329,372827
3055,0,1,0,0,4,0,0,1,0,1024,3053,0,0,33222329,372827
3056,0,1,0,0,4,0,0,1,0,1024,3054,0,0,33222329,372827
3057,0,1,0,0,4,0,0,1,0,1024,3055,0,0,33222329,372827
3058,0,1,0,0,4,0,0,1,0,1024,3056,0,0,33222329,372827
3059,0,1,0,0,4,0,0,1,0,1024,3057,0,0,33222329,372827
3060,0,1,0,0,4,0,0,1,0,1024,3058,0,0,33222329,372827
3061,0,1,0,0,4,0,0,1,0,1024,3059,0,0,33222329,372827
3062,0,1,0,0,4,0,0,1,0,1024,3060,0,0,33222329,372827
3063,0,1,0,0,4,0,0,1,0,1024,3061,0,0,33222329,372827
3064,0,1,0,0,4,0,0,1,0,1024,3062,0,0,33222329,372827
3065,0,1,0,0,4,0,0,1,0,1024,3063,0,0,33222329,372827
3066,0,1,0,0,4,0,0,1,0,1024,3064,0,0,33222329,372827
3067,0,1,0,0,4,0,0,1,0,1024,3065,0,0,33222329,372827
3068,0,1,0,0,4,0,0,1,0,1024,3066,0,0,33222329,372827
3069,0,1,0,0,4,0,0,1,0,1024,3067,0,0,33222329,372827
3070,0,1,0,0,4,0,0,1,0,1024,3068,0,0,33222329,372827
3071,0,1,0,0,4,0,0,1,0,1024,3069,0,0,33222329,372827
3072,0,1,0,0,4,0,0,1,0,1024,3070,0,0,33222329,372827
3073,0,1,0,0,4,0,0,1,0,1024,3071,0,0,33222329,372827
3074,0,1,0,0,4,0,0,1,0,1024,3072,0,0,33222329,372827
3075,0,1,0,0,4,0,0,1,0,1024,3073,0,0,33222329,372827
3076,0,1,0,0,4,0,0,1,0,1024,3074,0,0,33222329,372827
3077,0,1,0,0,4,0,0,1,0,1024,3075,0,0,33222329,372827
3078,0,1,0,0,4,0,0,1,0,1024,3076,0,0,33222329,372827
3079,0,1,0,0,4,0,0,1,0,1024,3077,0,0,33222329,372827
3080,0,1,0,0,4,0,0,1,0,1024,3078,0,0,33222329,372827
3081,0,1,0,0,4,0,0,1,0,1024,3079,0,0,33222329,372827
3082,0,1,0,0,4,0,0,1,0,1024,3080,0,0,33222329,372827
3083,0,1,0,0,4,0,0,1,0,1024,3081,0,0,33222329,372827
3084,0,1,0,0,4,0,0,1,0,1024,3082,0,0,33222329,372827
3085,0,1,0,0,4,0,0,1,0,1024,3083,0,0,33222329,372827
3086,0,1,0,0,4,0,0,1,0,1024,3084,0,0,33222329,372827
3087,0,1,0,0,4,0,0,1,0,1024,3085,0,0,33222329,372827
3088,0,1,0,0,4,0,0,1,0,1024,3086,0,0,33222329,372827
3089,0,1,0,0,4,0,0,1,0,1024,3087,0,0,33222329,372827
3090,0,1,0,0,4,0,0,1,0,1024,3088,0,0,33222329,372827
3091,0,1,0,0,4,0,0,1,0,1024,3089,0,0,33222329,372827
3092,0,1,0,0,4,0,0,1,0,1024,3090,0,0,33222329,372827
3093,0,1,0,0,4,0,0,1,0,1024,3091,0,0,33222329,372827
3094,0,1,0,0,4,0,0,1,0,1024,3092,0,0,33222329,372827
3095,0,1,0,0,4,0,0,1,0,1024,3093,0,0,33222329,372827
3096,0,1,0,0,4,0,0,1,0,1024,3094,0,0,33222329,372827
3097,0,1,0,0,4,0,0,1,0,1024,3095,0,0,33222329,372827
3098,0,1,0,0,4,0,0,1,0,1024,3096,0,0,33222329,372827
3099,0,1,0,0,4,0,0,1,0,1024,3097,0,0,33222329,372827
3100,0,1,0,0,4,0,0,1,0,1024,3098,0,0,33222329,372827
3101,0,1,0,0,4,0,0,1,0,1024,3099,0,0,33222329,372827
3102,0,1,0,0,4,0,0,1,0,1024,3100,0,0,33222329,372827
3103,0,1,0,0,4,0,0,1,0,1024,3101,0,0,33222329,372827
3104,0,1,0,0,4,0,0,1,0,1024,3102,0,0,33222329,372827
3105,0,1,0,0,4,0,0,1,0,1024,3103,0,0,33222329,372827
3106,0,1,0,0,4,0,0,1,0,1024,3104,0,0,33222329,372827
3107,0,1,0,0,4,0,0,1,0,1024,3105,0,0,33222329,372827
3108,0,1,0,0,4,0,0,1,0,1024,3106,0,0,33222329,372827
3109,0,1,0,0,4,0,0,1,0,1024,3107,0,0,33222329,372827
3110,0,1,0,0,4,0,0,1,0,1024,3108,0,0,33222329,372827
3111,0,1,0,0,4,0,0,1,0,1024,3109,0,0,33222329,372827
3112,0,1,0,0,4,0,0,1,0,1024,3110,0,0,33222329,372827
3113,0,1,0,0,4,0,0,1,0,1024,3111,0,0,33222329,372827
3114,0,1,0,0,4,0,0,1,0,1024,3112,0,0,33222329,372827
3115,0,1,0,0,4,0,0,1,0,1024,3113,0,0,33222329,372827
3116,0,1,0,0,4,0,0,1,0,1024,3114,0,0,33222329,372827
3117,0,1,0,0,4,0,0,1,0,1024,3115,0,0,33222329,372827
3118,0,1,0,0,4,0,0,1,0,1024,3116,0,0,33222329,372827
3119,0,1,0,0,4,0,0,1,0,1024,3117,0,0,33222329,372827
3120,0,1,0,0,4,0,0,1,0,1024,3118,0,0,33222329,372827
3121,0,1,0,0,4,0,0,1,0,1024,3119,0,0,33222329,372827
3122,0,1,0,0,4,0,0,1,0,1024,3120,0,0,33222329,372827
3123,0,1,0,0,4,0,0,1,0,1024,3121,0,0,33222329,372827
3124,0,1,0,0,4,0,0,1,0,1024,3122,0,0,33222329,372827
3125,0,1,0,0,4,0,0,1,0,1024,3123,0,0,33222329,372827
3126,0,1,0,0,4,0,0,1,0,1024,3124,0,0,33222329,372827
3127,0,1,0,0,4,0,0,1,0,1024,3125,0,0,33222329,372827
3128,0,1,0,0,4,0,0,1,0,1024,3126,0,0,33222329,372827
3129,0,1,0,0,4,0,0,1,0,1024,3127,0,0,33222329,372827
3130,0,1,0,0,4,0,0,1,0,1024,3128,0,0,33222329,372827
3131,0,1,0,0,4,0,0,1,0,1024,3129,0,0,33222329,372827
3132,0,1,0,0,4,0,0,1,0,1024,3130,0,0,33222329,372827
3133,0,1,0,0,4,0,0,0,1,1024,3131,0,0,33222329,372827
3134,0,0,1,0,5,0,0,0,0,1024,3132,0,0,33222329,372827
