cycle,valid,ready,accepted,addr,data,kind,head,dim,last,write_count_before
10614,1,1,1,0x0000000414100800,0xfffff592,0,0,0,0,0
10615,1,1,1,0x0000000414100804,0x000004db,0,0,1,0,1
10616,1,0,0,0x0000000414100808,0x000027a2,0,0,2,0,2
10617,1,1,1,0x0000000414100808,0x000027a2,0,0,2,0,2
10618,1,1,1,0x000000041410080c,0x0000094d,0,0,3,0,3
10619,1,1,1,0x0000000414100810,0x000005e5,0,0,4,0,4
10620,1,1,1,0x0000000414100814,0x00001757,0,0,5,0,5
10621,1,0,0,0x0000000414100818,0x00000d7e,0,0,6,0,6
10622,1,1,1,0x0000000414100818,0x00000d7e,0,0,6,0,6
10623,1,1,1,0x000000041410081c,0xffffd925,0,0,7,0,7
10624,1,1,1,0x0000000414100820,0x0000004b,0,0,8,0,8
10625,1,1,1,0x0000000414100824,0xfffffeb1,0,0,9,0,9
10626,1,0,0,0x0000000414100828,0x00000d97,0,0,10,0,10
10627,1,1,1,0x0000000414100828,0x00000d97,0,0,10,0,10
10628,1,1,1,0x000000041410082c,0x000007d6,0,0,11,0,11
10629,1,0,0,0x0000000414100830,0x00000b74,0,0,12,0,12
10630,1,1,1,0x0000000414100830,0x00000b74,0,0,12,0,12
10631,1,0,0,0x0000000414100834,0xffffe63e,0,0,13,0,13
10632,1,1,1,0x0000000414100834,0xffffe63e,0,0,13,0,13
10633,1,1,1,0x0000000414100838,0xfffffbba,0,0,14,0,14
10634,1,1,1,0x000000041410083c,0xffffe9fd,0,0,15,0,15
10635,1,1,1,0x0000000414100840,0x000016ab,0,0,16,0,16
10636,1,0,0,0x0000000414100844,0xfffffc6e,0,0,17,0,17
10637,1,1,1,0x0000000414100844,0xfffffc6e,0,0,17,0,17
10638,1,1,1,0x0000000414100848,0xffffe9f1,0,0,18,0,18
10639,1,1,1,0x000000041410084c,0xffffe467,0,0,19,0,19
10640,1,1,1,0x0000000414100850,0x000012e5,0,0,20,0,20
10641,1,0,0,0x0000000414100854,0xfffff394,0,0,21,0,21
10642,1,0,0,0x0000000414100854,0xfffff394,0,0,21,0,21
10643,1,1,1,0x0000000414100854,0xfffff394,0,0,21,0,21
10644,1,1,1,0x0000000414100858,0x00000927,0,0,22,0,22
10645,1,1,1,0x000000041410085c,0xfffff108,0,0,23,0,23
10646,1,0,0,0x0000000414100860,0xffff9f9a,0,0,24,0,24
10647,1,1,1,0x0000000414100860,0xffff9f9a,0,0,24,0,24
10648,1,1,1,0x0000000414100864,0xfffffbbf,0,0,25,0,25
10649,1,1,1,0x0000000414100868,0x0000064a,0,0,26,0,26
10650,1,1,1,0x000000041410086c,0x00003d0d,0,0,27,0,27
10651,1,0,0,0x0000000414100870,0x00000f65,0,0,28,0,28
10652,1,1,1,0x0000000414100870,0x00000f65,0,0,28,0,28
10653,1,1,1,0x0000000414100874,0x00000d23,0,0,29,0,29
10654,1,1,1,0x0000000414100878,0xfffffa70,0,0,30,0,30
10655,1,0,0,0x000000041410087c,0x000009b4,0,0,31,0,31
10656,1,0,0,0x000000041410087c,0x000009b4,0,0,31,0,31
10657,1,1,1,0x000000041410087c,0x000009b4,0,0,31,0,31
10658,1,1,1,0x0000000414100880,0x00001134,0,0,32,0,32
10659,1,1,1,0x0000000414100884,0x000003d9,0,0,33,0,33
10660,1,1,1,0x0000000414100888,0x0000261b,0,0,34,0,34
10661,1,0,0,0x000000041410088c,0x000007fa,0,0,35,0,35
10662,1,1,1,0x000000041410088c,0x000007fa,0,0,35,0,35
10663,1,1,1,0x0000000414100890,0xfffff1ad,0,0,36,0,36
10664,1,1,1,0x0000000414100894,0xfffff2c2,0,0,37,0,37
10665,1,1,1,0x0000000414100898,0xfffff606,0,0,38,0,38
10666,1,0,0,0x000000041410089c,0x00000403,0,0,39,0,39
10667,1,1,1,0x000000041410089c,0x00000403,0,0,39,0,39
10668,1,0,0,0x00000004141008a0,0xfffff427,0,0,40,0,40
10669,1,1,1,0x00000004141008a0,0xfffff427,0,0,40,0,40
10670,1,1,1,0x00000004141008a4,0xfffffba0,0,0,41,0,41
10671,1,0,0,0x00000004141008a8,0xffffe9d0,0,0,42,0,42
10672,1,1,1,0x00000004141008a8,0xffffe9d0,0,0,42,0,42
10673,1,1,1,0x00000004141008ac,0x000000ae,0,0,43,0,43
10674,1,1,1,0x00000004141008b0,0x00000b05,0,0,44,0,44
10675,1,1,1,0x00000004141008b4,0xfffff987,0,0,45,0,45
10676,1,0,0,0x00000004141008b8,0xffffffec,0,0,46,0,46
10677,1,1,1,0x00000004141008b8,0xffffffec,0,0,46,0,46
10678,1,1,1,0x00000004141008bc,0xfffff883,0,0,47,0,47
10679,1,1,1,0x00000004141008c0,0x00000d08,0,0,48,0,48
10680,1,1,1,0x00000004141008c4,0x00001962,0,0,49,0,49
10681,1,0,0,0x00000004141008c8,0xfff58f40,0,0,50,0,50
10682,1,1,1,0x00000004141008c8,0xfff58f40,0,0,50,0,50
10683,1,1,1,0x00000004141008cc,0xffffea2b,0,0,51,0,51
10684,1,1,1,0x00000004141008d0,0x00000252,0,0,52,0,52
10685,1,1,1,0x00000004141008d4,0xfffff983,0,0,53,0,53
10686,1,0,0,0x00000004141008d8,0x00000459,0,0,54,0,54
10687,1,1,1,0x00000004141008d8,0x00000459,0,0,54,0,54
10688,1,1,1,0x00000004141008dc,0xfffff4c0,0,0,55,0,55
10689,1,1,1,0x00000004141008e0,0xfffff0a9,0,0,56,0,56
10690,1,1,1,0x00000004141008e4,0xfffffaa3,0,0,57,0,57
10691,1,0,0,0x00000004141008e8,0x00001616,0,0,58,0,58
10692,1,1,1,0x00000004141008e8,0x00001616,0,0,58,0,58
10693,1,1,1,0x00000004141008ec,0x0000051f,0,0,59,0,59
10694,1,0,0,0x00000004141008f0,0xffff9e3f,0,0,60,0,60
10695,1,1,1,0x00000004141008f0,0xffff9e3f,0,0,60,0,60
10696,1,0,0,0x00000004141008f4,0x0000039e,0,0,61,0,61
10697,1,1,1,0x00000004141008f4,0x0000039e,0,0,61,0,61
10698,1,1,1,0x00000004141008f8,0xffffff69,0,0,62,0,62
10699,1,1,1,0x00000004141008fc,0x000002a7,0,0,63,0,63
10700,1,1,1,0x0000000414100900,0xfffff1ad,0,0,64,0,64
10701,1,0,0,0x0000000414100904,0xfffff9cb,0,0,65,0,65
10702,1,1,1,0x0000000414100904,0xfffff9cb,0,0,65,0,65
10703,1,1,1,0x0000000414100908,0x00002b5b,0,0,66,0,66
10704,1,1,1,0x000000041410090c,0x0000061a,0,0,67,0,67
10705,1,1,1,0x0000000414100910,0x0000044b,0,0,68,0,68
10706,1,0,0,0x0000000414100914,0x00000d3c,0,0,69,0,69
10707,1,0,0,0x0000000414100914,0x00000d3c,0,0,69,0,69
10708,1,1,1,0x0000000414100914,0x00000d3c,0,0,69,0,69
10709,1,1,1,0x0000000414100918,0xffffe797,0,0,70,0,70
10710,1,1,1,0x000000041410091c,0x000024dc,0,0,71,0,71
10711,1,0,0,0x0000000414100920,0xfffff3db,0,0,72,0,72
10712,1,1,1,0x0000000414100920,0xfffff3db,0,0,72,0,72
10713,1,1,1,0x0000000414100924,0xfffff2a5,0,0,73,0,73
10714,1,1,1,0x0000000414100928,0xfffff139,0,0,74,0,74
10715,1,1,1,0x000000041410092c,0xffffed02,0,0,75,0,75
10716,1,0,0,0x0000000414100930,0xffffc99c,0,0,76,0,76
10717,1,1,1,0x0000000414100930,0xffffc99c,0,0,76,0,76
10718,1,1,1,0x0000000414100934,0xffffc941,0,0,77,0,77
10719,1,1,1,0x0000000414100938,0xfffffa8f,0,0,78,0,78
10720,1,0,0,0x000000041410093c,0x0000086a,0,0,79,0,79
10721,1,0,0,0x000000041410093c,0x0000086a,0,0,79,0,79
10722,1,1,1,0x000000041410093c,0x0000086a,0,0,79,0,79
10723,1,1,1,0x0000000414100940,0xffffe703,0,0,80,0,80
10724,1,1,1,0x0000000414100944,0x0000080e,0,0,81,0,81
10725,1,1,1,0x0000000414100948,0xfffffcba,0,0,82,0,82
10726,1,0,0,0x000000041410094c,0xffffe5ff,0,0,83,0,83
10727,1,1,1,0x000000041410094c,0xffffe5ff,0,0,83,0,83
10728,1,1,1,0x0000000414100950,0xfffffa4f,0,0,84,0,84
10729,1,1,1,0x0000000414100954,0x000002cd,0,0,85,0,85
10730,1,1,1,0x0000000414100958,0x00000bcf,0,0,86,0,86
10731,1,0,0,0x000000041410095c,0x000000b8,0,0,87,0,87
10732,1,1,1,0x000000041410095c,0x000000b8,0,0,87,0,87
10733,1,0,0,0x0000000414100960,0x00006b67,0,0,88,0,88
10734,1,1,1,0x0000000414100960,0x00006b67,0,0,88,0,88
10735,1,1,1,0x0000000414100964,0x00000a14,0,0,89,0,89
10736,1,0,0,0x0000000414100968,0xfffffaab,0,0,90,0,90
10737,1,1,1,0x0000000414100968,0xfffffaab,0,0,90,0,90
10738,1,1,1,0x000000041410096c,0x00001761,0,0,91,0,91
10739,1,1,1,0x0000000414100970,0x00000504,0,0,92,0,92
10740,1,1,1,0x0000000414100974,0xfffffec7,0,0,93,0,93
10741,1,0,0,0x0000000414100978,0xfffff298,0,0,94,0,94
10742,1,1,1,0x0000000414100978,0xfffff298,0,0,94,0,94
10743,1,1,1,0x000000041410097c,0x00000110,0,0,95,0,95
10744,1,1,1,0x0000000414100980,0xffffe736,0,0,96,0,96
10745,1,1,1,0x0000000414100984,0x0000084c,0,0,97,0,97
10746,1,0,0,0x0000000414100988,0xffffc922,0,0,98,0,98
10747,1,1,1,0x0000000414100988,0xffffc922,0,0,98,0,98
10748,1,1,1,0x000000041410098c,0xfffffcef,0,0,99,0,99
10749,1,1,1,0x0000000414100990,0x000004f7,0,0,100,0,100
10750,1,1,1,0x0000000414100994,0xfffff5e1,0,0,101,0,101
10751,1,0,0,0x0000000414100998,0xfffffbff,0,0,102,0,102
10752,1,1,1,0x0000000414100998,0xfffffbff,0,0,102,0,102
10753,1,1,1,0x000000041410099c,0x000008ad,0,0,103,0,103
10754,1,1,1,0x00000004141009a0,0x000000ae,0,0,104,0,104
10755,1,1,1,0x00000004141009a4,0x0000009a,0,0,105,0,105
10756,1,0,0,0x00000004141009a8,0xffffed01,0,0,106,0,106
10757,1,1,1,0x00000004141009a8,0xffffed01,0,0,106,0,106
10758,1,1,1,0x00000004141009ac,0x00000245,0,0,107,0,107
10759,1,0,0,0x00000004141009b0,0xfffff84c,0,0,108,0,108
10760,1,1,1,0x00000004141009b0,0xfffff84c,0,0,108,0,108
10761,1,0,0,0x00000004141009b4,0x000005ca,0,0,109,0,109
10762,1,1,1,0x00000004141009b4,0x000005ca,0,0,109,0,109
10763,1,1,1,0x00000004141009b8,0x00000894,0,0,110,0,110
10764,1,1,1,0x00000004141009bc,0x0000018d,0,0,111,0,111
10765,1,1,1,0x00000004141009c0,0x000029f9,0,0,112,0,112
10766,1,0,0,0x00000004141009c4,0x000006e5,0,0,113,0,113
10767,1,1,1,0x00000004141009c4,0x000006e5,0,0,113,0,113
10768,1,1,1,0x00000004141009c8,0xfffff382,0,0,114,0,114
10769,1,1,1,0x00000004141009cc,0x0003a472,0,0,115,0,115
10770,1,1,1,0x00000004141009d0,0xfffffe41,0,0,116,0,116
10771,1,0,0,0x00000004141009d4,0xffffff71,0,0,117,0,117
10772,1,0,0,0x00000004141009d4,0xffffff71,0,0,117,0,117
10773,1,1,1,0x00000004141009d4,0xffffff71,0,0,117,0,117
10774,1,1,1,0x00000004141009d8,0x000009a9,0,0,118,0,118
10775,1,1,1,0x00000004141009dc,0xfffff0d3,0,0,119,0,119
10776,1,0,0,0x00000004141009e0,0xffffeb22,0,0,120,0,120
10777,1,1,1,0x00000004141009e0,0xffffeb22,0,0,120,0,120
10778,1,1,1,0x00000004141009e4,0xffffff10,0,0,121,0,121
10779,1,1,1,0x00000004141009e8,0x000001f1,0,0,122,0,122
10780,1,1,1,0x00000004141009ec,0xfffffc08,0,0,123,0,123
10781,1,0,0,0x00000004141009f0,0xfffffed2,0,0,124,0,124
10782,1,1,1,0x00000004141009f0,0xfffffed2,0,0,124,0,124
10783,1,1,1,0x00000004141009f4,0x00000840,0,0,125,0,125
10784,1,1,1,0x00000004141009f8,0xfffff409,0,0,126,0,126
10785,1,0,0,0x00000004141009fc,0xffffff4d,0,0,127,0,127
10786,1,0,0,0x00000004141009fc,0xffffff4d,0,0,127,0,127
10787,1,1,1,0x00000004141009fc,0xffffff4d,0,0,127,0,127
10788,1,1,1,0x0000000414120800,0xfffff503,0,1,0,0,128
10789,1,1,1,0x0000000414120804,0xffffb3cc,0,1,1,0,129
10790,1,1,1,0x0000000414120808,0x00005ede,0,1,2,0,130
10791,1,0,0,0x000000041412080c,0x00005139,0,1,3,0,131
10792,1,1,1,0x000000041412080c,0x00005139,0,1,3,0,131
10793,1,1,1,0x0000000414120810,0xffffed79,0,1,4,0,132
10794,1,1,1,0x0000000414120814,0xffffc1a5,0,1,5,0,133
10795,1,1,1,0x0000000414120818,0x000017c6,0,1,6,0,134
10796,1,0,0,0x000000041412081c,0xfffff019,0,1,7,0,135
10797,1,1,1,0x000000041412081c,0xfffff019,0,1,7,0,135
10798,1,0,0,0x0000000414120820,0x00000d33,0,1,8,0,136
10799,1,1,1,0x0000000414120820,0x00000d33,0,1,8,0,136
10800,1,1,1,0x0000000414120824,0x00001060,0,1,9,0,137
10801,1,0,0,0x0000000414120828,0xffffce5d,0,1,10,0,138
10802,1,1,1,0x0000000414120828,0xffffce5d,0,1,10,0,138
10803,1,1,1,0x000000041412082c,0xffffff54,0,1,11,0,139
10804,1,1,1,0x0000000414120830,0xfffffb62,0,1,12,0,140
10805,1,1,1,0x0000000414120834,0xfffffb9b,0,1,13,0,141
10806,1,0,0,0x0000000414120838,0x00000082,0,1,14,0,142
10807,1,1,1,0x0000000414120838,0x00000082,0,1,14,0,142
10808,1,1,1,0x000000041412083c,0x00000310,0,1,15,0,143
10809,1,1,1,0x0000000414120840,0xffffff98,0,1,16,0,144
10810,1,1,1,0x0000000414120844,0x00000e3e,0,1,17,0,145
10811,1,0,0,0x0000000414120848,0xfffffdb5,0,1,18,0,146
10812,1,1,1,0x0000000414120848,0xfffffdb5,0,1,18,0,146
10813,1,1,1,0x000000041412084c,0x0000126b,0,1,19,0,147
10814,1,1,1,0x0000000414120850,0x0000035e,0,1,20,0,148
10815,1,1,1,0x0000000414120854,0x0000298d,0,1,21,0,149
10816,1,0,0,0x0000000414120858,0xfffff344,0,1,22,0,150
10817,1,1,1,0x0000000414120858,0xfffff344,0,1,22,0,150
10818,1,1,1,0x000000041412085c,0x00000a01,0,1,23,0,151
10819,1,1,1,0x0000000414120860,0x00000d8d,0,1,24,0,152
10820,1,1,1,0x0000000414120864,0x0000497e,0,1,25,0,153
10821,1,0,0,0x0000000414120868,0xffffb849,0,1,26,0,154
10822,1,1,1,0x0000000414120868,0xffffb849,0,1,26,0,154
10823,1,1,1,0x000000041412086c,0xfffff02c,0,1,27,0,155
10824,1,0,0,0x0000000414120870,0x00000559,0,1,28,0,156
10825,1,1,1,0x0000000414120870,0x00000559,0,1,28,0,156
10826,1,0,0,0x0000000414120874,0xffffe39f,0,1,29,0,157
10827,1,1,1,0x0000000414120874,0xffffe39f,0,1,29,0,157
10828,1,1,1,0x0000000414120878,0xffffebcc,0,1,30,0,158
10829,1,1,1,0x000000041412087c,0xfffffb0b,0,1,31,0,159
10830,1,1,1,0x0000000414120880,0x00000225,0,1,32,0,160
10831,1,0,0,0x0000000414120884,0xffffdaef,0,1,33,0,161
10832,1,1,1,0x0000000414120884,0xffffdaef,0,1,33,0,161
10833,1,1,1,0x0000000414120888,0xfffffe0b,0,1,34,0,162
10834,1,1,1,0x000000041412088c,0x00003d9f,0,1,35,0,163
10835,1,1,1,0x0000000414120890,0xffffcb81,0,1,36,0,164
10836,1,0,0,0x0000000414120894,0xffffe9ff,0,1,37,0,165
10837,1,0,0,0x0000000414120894,0xffffe9ff,0,1,37,0,165
10838,1,1,1,0x0000000414120894,0xffffe9ff,0,1,37,0,165
10839,1,1,1,0x0000000414120898,0x000042d8,0,1,38,0,166
10840,1,1,1,0x000000041412089c,0xffffe769,0,1,39,0,167
10841,1,0,0,0x00000004141208a0,0x00002b11,0,1,40,0,168
10842,1,1,1,0x00000004141208a0,0x00002b11,0,1,40,0,168
10843,1,1,1,0x00000004141208a4,0x000028ad,0,1,41,0,169
10844,1,1,1,0x00000004141208a8,0x00004562,0,1,42,0,170
10845,1,1,1,0x00000004141208ac,0xffffcfd2,0,1,43,0,171
10846,1,0,0,0x00000004141208b0,0xfffff2ed,0,1,44,0,172
10847,1,1,1,0x00000004141208b0,0xfffff2ed,0,1,44,0,172
10848,1,1,1,0x00000004141208b4,0xffffd6f0,0,1,45,0,173
10849,1,1,1,0x00000004141208b8,0xffffc7a9,0,1,46,0,174
10850,1,0,0,0x00000004141208bc,0x000025e6,0,1,47,0,175
10851,1,0,0,0x00000004141208bc,0x000025e6,0,1,47,0,175
10852,1,1,1,0x00000004141208bc,0x000025e6,0,1,47,0,175
10853,1,1,1,0x00000004141208c0,0xffffdfde,0,1,48,0,176
10854,1,1,1,0x00000004141208c4,0x000037a8,0,1,49,0,177
10855,1,1,1,0x00000004141208c8,0xfffe234d,0,1,50,0,178
10856,1,0,0,0x00000004141208cc,0x00000078,0,1,51,0,179
10857,1,1,1,0x00000004141208cc,0x00000078,0,1,51,0,179
10858,1,1,1,0x00000004141208d0,0x00002bd0,0,1,52,0,180
10859,1,1,1,0x00000004141208d4,0x00000bb9,0,1,53,0,181
10860,1,1,1,0x00000004141208d8,0x00001306,0,1,54,0,182
10861,1,0,0,0x00000004141208dc,0xffffec0f,0,1,55,0,183
10862,1,1,1,0x00000004141208dc,0xffffec0f,0,1,55,0,183
10863,1,0,0,0x00000004141208e0,0x000021eb,0,1,56,0,184
10864,1,1,1,0x00000004141208e0,0x000021eb,0,1,56,0,184
10865,1,1,1,0x00000004141208e4,0x00002b9c,0,1,57,0,185
10866,1,0,0,0x00000004141208e8,0x000027ae,0,1,58,0,186
10867,1,1,1,0x00000004141208e8,0x000027ae,0,1,58,0,186
10868,1,1,1,0x00000004141208ec,0x00000bb4,0,1,59,0,187
10869,1,1,1,0x00000004141208f0,0x000010a3,0,1,60,0,188
10870,1,1,1,0x00000004141208f4,0x00000200,0,1,61,0,189
10871,1,0,0,0x00000004141208f8,0x0000214f,0,1,62,0,190
10872,1,1,1,0x00000004141208f8,0x0000214f,0,1,62,0,190
10873,1,1,1,0x00000004141208fc,0x00001bc3,0,1,63,0,191
10874,1,1,1,0x0000000414120900,0xffffe4fa,0,1,64,0,192
10875,1,1,1,0x0000000414120904,0x00003d1d,0,1,65,0,193
10876,1,0,0,0x0000000414120908,0xffffb1ab,0,1,66,0,194
10877,1,1,1,0x0000000414120908,0xffffb1ab,0,1,66,0,194
10878,1,1,1,0x000000041412090c,0x0000448a,0,1,67,0,195
10879,1,1,1,0x0000000414120910,0x00001d5f,0,1,68,0,196
10880,1,1,1,0x0000000414120914,0xffffb65c,0,1,69,0,197
10881,1,0,0,0x0000000414120918,0xffffcb41,0,1,70,0,198
10882,1,1,1,0x0000000414120918,0xffffcb41,0,1,70,0,198
10883,1,1,1,0x000000041412091c,0xffffe91a,0,1,71,0,199
10884,1,1,1,0x0000000414120920,0xfffff9e4,0,1,72,0,200
10885,1,1,1,0x0000000414120924,0xffffefc9,0,1,73,0,201
10886,1,0,0,0x0000000414120928,0x0000135d,0,1,74,0,202
10887,1,1,1,0x0000000414120928,0x0000135d,0,1,74,0,202
10888,1,1,1,0x000000041412092c,0x000001b9,0,1,75,0,203
10889,1,0,0,0x0000000414120930,0xfffff719,0,1,76,0,204
10890,1,1,1,0x0000000414120930,0xfffff719,0,1,76,0,204
10891,1,0,0,0x0000000414120934,0x00000a61,0,1,77,0,205
10892,1,1,1,0x0000000414120934,0x00000a61,0,1,77,0,205
10893,1,1,1,0x0000000414120938,0xfffff495,0,1,78,0,206
10894,1,1,1,0x000000041412093c,0xffffe772,0,1,79,0,207
10895,1,1,1,0x0000000414120940,0x000004f8,0,1,80,0,208
10896,1,0,0,0x0000000414120944,0x00000d28,0,1,81,0,209
10897,1,1,1,0x0000000414120944,0x00000d28,0,1,81,0,209
10898,1,1,1,0x0000000414120948,0x0000056a,0,1,82,0,210
10899,1,1,1,0x000000041412094c,0xffffca26,0,1,83,0,211
10900,1,1,1,0x0000000414120950,0x00001239,0,1,84,0,212
10901,1,0,0,0x0000000414120954,0x00002678,0,1,85,0,213
10902,1,0,0,0x0000000414120954,0x00002678,0,1,85,0,213
10903,1,1,1,0x0000000414120954,0x00002678,0,1,85,0,213
10904,1,1,1,0x0000000414120958,0x00000d9f,0,1,86,0,214
10905,1,1,1,0x000000041412095c,0xfffffe9c,0,1,87,0,215
10906,1,0,0,0x0000000414120960,0xffff493a,0,1,88,0,216
10907,1,1,1,0x0000000414120960,0xffff493a,0,1,88,0,216
10908,1,1,1,0x0000000414120964,0x000013a3,0,1,89,0,217
10909,1,1,1,0x0000000414120968,0x00001035,0,1,90,0,218
10910,1,1,1,0x000000041412096c,0x00003e6d,0,1,91,0,219
10911,1,0,0,0x0000000414120970,0xfffff5aa,0,1,92,0,220
10912,1,1,1,0x0000000414120970,0xfffff5aa,0,1,92,0,220
10913,1,1,1,0x0000000414120974,0x000007b4,0,1,93,0,221
10914,1,1,1,0x0000000414120978,0x0000087f,0,1,94,0,222
10915,1,0,0,0x000000041412097c,0xffffea15,0,1,95,0,223
10916,1,0,0,0x000000041412097c,0xffffea15,0,1,95,0,223
10917,1,1,1,0x000000041412097c,0xffffea15,0,1,95,0,223
10918,1,1,1,0x0000000414120980,0xfffff538,0,1,96,0,224
10919,1,1,1,0x0000000414120984,0x0000191a,0,1,97,0,225
10920,1,1,1,0x0000000414120988,0xfffff73b,0,1,98,0,226
10921,1,0,0,0x000000041412098c,0xffffd8b1,0,1,99,0,227
10922,1,1,1,0x000000041412098c,0xffffd8b1,0,1,99,0,227
10923,1,1,1,0x0000000414120990,0xffffcdc7,0,1,100,0,228
10924,1,1,1,0x0000000414120994,0xffffd9fd,0,1,101,0,229
10925,1,1,1,0x0000000414120998,0x000041bd,0,1,102,0,230
10926,1,0,0,0x000000041412099c,0xffffc512,0,1,103,0,231
10927,1,1,1,0x000000041412099c,0xffffc512,0,1,103,0,231
10928,1,0,0,0x00000004141209a0,0xffffdbd5,0,1,104,0,232
10929,1,1,1,0x00000004141209a0,0xffffdbd5,0,1,104,0,232
10930,1,1,1,0x00000004141209a4,0x00002ba5,0,1,105,0,233
10931,1,0,0,0x00000004141209a8,0x00003c08,0,1,106,0,234
10932,1,1,1,0x00000004141209a8,0x00003c08,0,1,106,0,234
10933,1,1,1,0x00000004141209ac,0x00001ac9,0,1,107,0,235
10934,1,1,1,0x00000004141209b0,0xffffe873,0,1,108,0,236
10935,1,1,1,0x00000004141209b4,0x00003d37,0,1,109,0,237
10936,1,0,0,0x00000004141209b8,0xffffd8d0,0,1,110,0,238
10937,1,1,1,0x00000004141209b8,0xffffd8d0,0,1,110,0,238
10938,1,1,1,0x00000004141209bc,0xffffc5f3,0,1,111,0,239
10939,1,1,1,0x00000004141209c0,0x00005c8a,0,1,112,0,240
10940,1,1,1,0x00000004141209c4,0x00001a8e,0,1,113,0,241
10941,1,0,0,0x00000004141209c8,0xfffff340,0,1,114,0,242
10942,1,1,1,0x00000004141209c8,0xfffff340,0,1,114,0,242
10943,1,1,1,0x00000004141209cc,0xfffe20c7,0,1,115,0,243
10944,1,1,1,0x00000004141209d0,0x00000ef3,0,1,116,0,244
10945,1,1,1,0x00000004141209d4,0x00002b45,0,1,117,0,245
10946,1,0,0,0x00000004141209d8,0xffffc918,0,1,118,0,246
10947,1,1,1,0x00000004141209d8,0xffffc918,0,1,118,0,246
10948,1,1,1,0x00000004141209dc,0x00002f7d,0,1,119,0,247
10949,1,1,1,0x00000004141209e0,0xffffd381,0,1,120,0,248
10950,1,1,1,0x00000004141209e4,0x000021c8,0,1,121,0,249
10951,1,0,0,0x00000004141209e8,0xffffdd53,0,1,122,0,250
10952,1,1,1,0x00000004141209e8,0xffffdd53,0,1,122,0,250
10953,1,1,1,0x00000004141209ec,0xffffca07,0,1,123,0,251
10954,1,0,0,0x00000004141209f0,0xfffff11c,0,1,124,0,252
10955,1,1,1,0x00000004141209f0,0xfffff11c,0,1,124,0,252
10956,1,0,0,0x00000004141209f4,0x00002e13,0,1,125,0,253
10957,1,1,1,0x00000004141209f4,0x00002e13,0,1,125,0,253
10958,1,1,1,0x00000004141209f8,0x000002b8,0,1,126,0,254
10959,1,1,1,0x00000004141209fc,0xffffe3b1,0,1,127,0,255
10960,1,1,1,0x0000000414140800,0x00000615,0,2,0,0,256
10961,1,0,0,0x0000000414140804,0x00000217,0,2,1,0,257
10962,1,1,1,0x0000000414140804,0x00000217,0,2,1,0,257
10963,1,1,1,0x0000000414140808,0xffffca92,0,2,2,0,258
10964,1,1,1,0x000000041414080c,0x00000020,0,2,3,0,259
10965,1,1,1,0x0000000414140810,0xfffffb8d,0,2,4,0,260
10966,1,0,0,0x0000000414140814,0x00000c9b,0,2,5,0,261
10967,1,0,0,0x0000000414140814,0x00000c9b,0,2,5,0,261
10968,1,1,1,0x0000000414140814,0x00000c9b,0,2,5,0,261
10969,1,1,1,0x0000000414140818,0x00000c3f,0,2,6,0,262
10970,1,1,1,0x000000041414081c,0x00000525,0,2,7,0,263
10971,1,0,0,0x0000000414140820,0xfffff695,0,2,8,0,264
10972,1,1,1,0x0000000414140820,0xfffff695,0,2,8,0,264
10973,1,1,1,0x0000000414140824,0xfffffc39,0,2,9,0,265
10974,1,1,1,0x0000000414140828,0xfffff141,0,2,10,0,266
10975,1,1,1,0x000000041414082c,0x00000408,0,2,11,0,267
10976,1,0,0,0x0000000414140830,0x00001be6,0,2,12,0,268
10977,1,1,1,0x0000000414140830,0x00001be6,0,2,12,0,268
10978,1,1,1,0x0000000414140834,0x000021d3,0,2,13,0,269
10979,1,1,1,0x0000000414140838,0xfffff9e9,0,2,14,0,270
10980,1,0,0,0x000000041414083c,0xfffff429,0,2,15,0,271
10981,1,0,0,0x000000041414083c,0xfffff429,0,2,15,0,271
10982,1,1,1,0x000000041414083c,0xfffff429,0,2,15,0,271
10983,1,1,1,0x0000000414140840,0xfffff5f5,0,2,16,0,272
10984,1,1,1,0x0000000414140844,0xfffffa47,0,2,17,0,273
10985,1,1,1,0x0000000414140848,0xfffff466,0,2,18,0,274
10986,1,0,0,0x000000041414084c,0x00000c5c,0,2,19,0,275
10987,1,1,1,0x000000041414084c,0x00000c5c,0,2,19,0,275
10988,1,1,1,0x0000000414140850,0xfffffd79,0,2,20,0,276
10989,1,1,1,0x0000000414140854,0xffffeabb,0,2,21,0,277
10990,1,1,1,0x0000000414140858,0x00000eac,0,2,22,0,278
10991,1,0,0,0x000000041414085c,0xfffffbe1,0,2,23,0,279
10992,1,1,1,0x000000041414085c,0xfffffbe1,0,2,23,0,279
10993,1,0,0,0x0000000414140860,0xffffd22c,0,2,24,0,280
10994,1,1,1,0x0000000414140860,0xffffd22c,0,2,24,0,280
10995,1,1,1,0x0000000414140864,0x000001e1,0,2,25,0,281
10996,1,0,0,0x0000000414140868,0x000011cd,0,2,26,0,282
10997,1,1,1,0x0000000414140868,0x000011cd,0,2,26,0,282
10998,1,1,1,0x000000041414086c,0xfffffa1e,0,2,27,0,283
10999,1,1,1,0x0000000414140870,0x000006fb,0,2,28,0,284
11000,1,1,1,0x0000000414140874,0x00000a9d,0,2,29,0,285
11001,1,0,0,0x0000000414140878,0x00000d01,0,2,30,0,286
11002,1,1,1,0x0000000414140878,0x00000d01,0,2,30,0,286
11003,1,1,1,0x000000041414087c,0xfffffe73,0,2,31,0,287
11004,1,1,1,0x0000000414140880,0xfffff66f,0,2,32,0,288
11005,1,1,1,0x0000000414140884,0x000005b8,0,2,33,0,289
11006,1,0,0,0x0000000414140888,0xffffe70b,0,2,34,0,290
11007,1,1,1,0x0000000414140888,0xffffe70b,0,2,34,0,290
11008,1,1,1,0x000000041414088c,0x0000029d,0,2,35,0,291
11009,1,1,1,0x0000000414140890,0x00001396,0,2,36,0,292
11010,1,1,1,0x0000000414140894,0xfffffdec,0,2,37,0,293
11011,1,0,0,0x0000000414140898,0xffffff2a,0,2,38,0,294
11012,1,1,1,0x0000000414140898,0xffffff2a,0,2,38,0,294
11013,1,1,1,0x000000041414089c,0xfffff5a5,0,2,39,0,295
11014,1,1,1,0x00000004141408a0,0xffffefd9,0,2,40,0,296
11015,1,1,1,0x00000004141408a4,0x000005cd,0,2,41,0,297
11016,1,0,0,0x00000004141408a8,0xffffe577,0,2,42,0,298
11017,1,1,1,0x00000004141408a8,0xffffe577,0,2,42,0,298
11018,1,1,1,0x00000004141408ac,0x000002ca,0,2,43,0,299
11019,1,0,0,0x00000004141408b0,0x0000003f,0,2,44,0,300
11020,1,1,1,0x00000004141408b0,0x0000003f,0,2,44,0,300
11021,1,0,0,0x00000004141408b4,0xfffff9d1,0,2,45,0,301
11022,1,1,1,0x00000004141408b4,0xfffff9d1,0,2,45,0,301
11023,1,1,1,0x00000004141408b8,0x0000079e,0,2,46,0,302
11024,1,1,1,0x00000004141408bc,0x000004bf,0,2,47,0,303
11025,1,1,1,0x00000004141408c0,0x00000018,0,2,48,0,304
11026,1,0,0,0x00000004141408c4,0x00000b04,0,2,49,0,305
11027,1,1,1,0x00000004141408c4,0x00000b04,0,2,49,0,305
11028,1,1,1,0x00000004141408c8,0xffef92bb,0,2,50,0,306
11029,1,1,1,0x00000004141408cc,0xffffef72,0,2,51,0,307
11030,1,1,1,0x00000004141408d0,0x00000b02,0,2,52,0,308
11031,1,0,0,0x00000004141408d4,0x000001f4,0,2,53,0,309
11032,1,0,0,0x00000004141408d4,0x000001f4,0,2,53,0,309
11033,1,1,1,0x00000004141408d4,0x000001f4,0,2,53,0,309
11034,1,1,1,0x00000004141408d8,0x00000214,0,2,54,0,310
11035,1,1,1,0x00000004141408dc,0xffffff8c,0,2,55,0,311
11036,1,0,0,0x00000004141408e0,0xfffffd2c,0,2,56,0,312
11037,1,1,1,0x00000004141408e0,0xfffffd2c,0,2,56,0,312
11038,1,1,1,0x00000004141408e4,0x0000001a,0,2,57,0,313
11039,1,1,1,0x00000004141408e8,0xfffff457,0,2,58,0,314
11040,1,1,1,0x00000004141408ec,0xfffffb4c,0,2,59,0,315
11041,1,0,0,0x00000004141408f0,0xfffffa4d,0,2,60,0,316
11042,1,1,1,0x00000004141408f0,0xfffffa4d,0,2,60,0,316
11043,1,1,1,0x00000004141408f4,0xfffffec0,0,2,61,0,317
11044,1,1,1,0x00000004141408f8,0x00000208,0,2,62,0,318
11045,1,0,0,0x00000004141408fc,0x00000755,0,2,63,0,319
11046,1,0,0,0x00000004141408fc,0x00000755,0,2,63,0,319
11047,1,1,1,0x00000004141408fc,0x00000755,0,2,63,0,319
11048,1,1,1,0x0000000414140900,0x000005ed,0,2,64,0,320
11049,1,1,1,0x0000000414140904,0x00000b7e,0,2,65,0,321
11050,1,1,1,0x0000000414140908,0xffffe820,0,2,66,0,322
11051,1,0,0,0x000000041414090c,0x0000054a,0,2,67,0,323
11052,1,1,1,0x000000041414090c,0x0000054a,0,2,67,0,323
11053,1,1,1,0x0000000414140910,0xfffff9cf,0,2,68,0,324
11054,1,1,1,0x0000000414140914,0xfffffc69,0,2,69,0,325
11055,1,1,1,0x0000000414140918,0xffffe90f,0,2,70,0,326
11056,1,0,0,0x000000041414091c,0xffffec61,0,2,71,0,327
11057,1,1,1,0x000000041414091c,0xffffec61,0,2,71,0,327
11058,1,0,0,0x0000000414140920,0xfffffcd8,0,2,72,0,328
11059,1,1,1,0x0000000414140920,0xfffffcd8,0,2,72,0,328
11060,1,1,1,0x0000000414140924,0x00000d91,0,2,73,0,329
11061,1,0,0,0x0000000414140928,0x000000db,0,2,74,0,330
11062,1,1,1,0x0000000414140928,0x000000db,0,2,74,0,330
11063,1,1,1,0x000000041414092c,0xfffffbb1,0,2,75,0,331
11064,1,1,1,0x0000000414140930,0x000019d2,0,2,76,0,332
11065,1,1,1,0x0000000414140934,0x00005d7b,0,2,77,0,333
11066,1,0,0,0x0000000414140938,0x000002c3,0,2,78,0,334
11067,1,1,1,0x0000000414140938,0x000002c3,0,2,78,0,334
11068,1,1,1,0x000000041414093c,0xfffffa33,0,2,79,0,335
11069,1,1,1,0x0000000414140940,0xfffffad9,0,2,80,0,336
11070,1,1,1,0x0000000414140944,0x00000c63,0,2,81,0,337
11071,1,0,0,0x0000000414140948,0x00000d17,0,2,82,0,338
11072,1,1,1,0x0000000414140948,0x00000d17,0,2,82,0,338
11073,1,1,1,0x000000041414094c,0x000014c7,0,2,83,0,339
11074,1,1,1,0x0000000414140950,0xffffec13,0,2,84,0,340
11075,1,1,1,0x0000000414140954,0x0000015c,0,2,85,0,341
11076,1,0,0,0x0000000414140958,0x00000b79,0,2,86,0,342
11077,1,1,1,0x0000000414140958,0x00000b79,0,2,86,0,342
11078,1,1,1,0x000000041414095c,0xfffff85d,0,2,87,0,343
11079,1,1,1,0x0000000414140960,0x0000a85f,0,2,88,0,344
11080,1,1,1,0x0000000414140964,0xfffff8a6,0,2,89,0,345
11081,1,0,0,0x0000000414140968,0xfffff01f,0,2,90,0,346
11082,1,1,1,0x0000000414140968,0xfffff01f,0,2,90,0,346
11083,1,1,1,0x000000041414096c,0x00000000,0,2,91,0,347
11084,1,0,0,0x0000000414140970,0x000005f7,0,2,92,0,348
11085,1,1,1,0x0000000414140970,0x000005f7,0,2,92,0,348
11086,1,0,0,0x0000000414140974,0xfffff646,0,2,93,0,349
11087,1,1,1,0x0000000414140974,0xfffff646,0,2,93,0,349
11088,1,1,1,0x0000000414140978,0x00000dd1,0,2,94,0,350
11089,1,1,1,0x000000041414097c,0x000004b4,0,2,95,0,351
11090,1,1,1,0x0000000414140980,0x00002038,0,2,96,0,352
11091,1,0,0,0x0000000414140984,0xfffff024,0,2,97,0,353
11092,1,1,1,0x0000000414140984,0xfffff024,0,2,97,0,353
11093,1,1,1,0x0000000414140988,0x00001c04,0,2,98,0,354
11094,1,1,1,0x000000041414098c,0x00000f34,0,2,99,0,355
11095,1,1,1,0x0000000414140990,0xffffeeba,0,2,100,0,356
11096,1,0,0,0x0000000414140994,0xfffff9ad,0,2,101,0,357
11097,1,0,0,0x0000000414140994,0xfffff9ad,0,2,101,0,357
11098,1,1,1,0x0000000414140994,0xfffff9ad,0,2,101,0,357
11099,1,1,1,0x0000000414140998,0x00000eb4,0,2,102,0,358
11100,1,1,1,0x000000041414099c,0x00000862,0,2,103,0,359
11101,1,0,0,0x00000004141409a0,0xffffffc1,0,2,104,0,360
11102,1,1,1,0x00000004141409a0,0xffffffc1,0,2,104,0,360
11103,1,1,1,0x00000004141409a4,0xffffea64,0,2,105,0,361
11104,1,1,1,0x00000004141409a8,0x000009f8,0,2,106,0,362
11105,1,1,1,0x00000004141409ac,0x000007b1,0,2,107,0,363
11106,1,0,0,0x00000004141409b0,0x0000015c,0,2,108,0,364
11107,1,1,1,0x00000004141409b0,0x0000015c,0,2,108,0,364
11108,1,1,1,0x00000004141409b4,0x000006ad,0,2,109,0,365
11109,1,1,1,0x00000004141409b8,0x00000510,0,2,110,0,366
11110,1,0,0,0x00000004141409bc,0xffffef41,0,2,111,0,367
11111,1,0,0,0x00000004141409bc,0xffffef41,0,2,111,0,367
11112,1,1,1,0x00000004141409bc,0xffffef41,0,2,111,0,367
11113,1,1,1,0x00000004141409c0,0xfffff5fe,0,2,112,0,368
11114,1,1,1,0x00000004141409c4,0xfffffaf9,0,2,113,0,369
11115,1,1,1,0x00000004141409c8,0xffffd964,0,2,114,0,370
11116,1,0,0,0x00000004141409cc,0x0003fcfc,0,2,115,0,371
11117,1,1,1,0x00000004141409cc,0x0003fcfc,0,2,115,0,371
11118,1,1,1,0x00000004141409d0,0xfffffafe,0,2,116,0,372
11119,1,1,1,0x00000004141409d4,0xfffffcd2,0,2,117,0,373
11120,1,1,1,0x00000004141409d8,0x00000e63,0,2,118,0,374
11121,1,0,0,0x00000004141409dc,0x00000364,0,2,119,0,375
11122,1,1,1,0x00000004141409dc,0x00000364,0,2,119,0,375
11123,1,0,0,0x00000004141409e0,0xffffff54,0,2,120,0,376
11124,1,1,1,0x00000004141409e0,0xffffff54,0,2,120,0,376
11125,1,1,1,0x00000004141409e4,0xfffffd6b,0,2,121,0,377
11126,1,0,0,0x00000004141409e8,0x000001c7,0,2,122,0,378
11127,1,1,1,0x00000004141409e8,0x000001c7,0,2,122,0,378
11128,1,1,1,0x00000004141409ec,0x0000058c,0,2,123,0,379
11129,1,1,1,0x00000004141409f0,0xfffffa61,0,2,124,0,380
11130,1,1,1,0x00000004141409f4,0xfffffa85,0,2,125,0,381
11131,1,0,0,0x00000004141409f8,0x00000533,0,2,126,0,382
11132,1,1,1,0x00000004141409f8,0x00000533,0,2,126,0,382
11133,1,1,1,0x00000004141409fc,0xffffe92a,0,2,127,0,383
11134,1,1,1,0x0000000414160800,0xfffff3cf,0,3,0,0,384
11135,1,1,1,0x0000000414160804,0xffffef30,0,3,1,0,385
11136,1,0,0,0x0000000414160808,0x00000a20,0,3,2,0,386
11137,1,1,1,0x0000000414160808,0x00000a20,0,3,2,0,386
11138,1,1,1,0x000000041416080c,0xffffeefc,0,3,3,0,387
11139,1,1,1,0x0000000414160810,0xffffeb1c,0,3,4,0,388
11140,1,1,1,0x0000000414160814,0x000034c1,0,3,5,0,389
11141,1,0,0,0x0000000414160818,0xffffef67,0,3,6,0,390
11142,1,1,1,0x0000000414160818,0xffffef67,0,3,6,0,390
11143,1,1,1,0x000000041416081c,0x00002577,0,3,7,0,391
11144,1,1,1,0x0000000414160820,0xffffe51c,0,3,8,0,392
11145,1,1,1,0x0000000414160824,0x00000fd2,0,3,9,0,393
11146,1,0,0,0x0000000414160828,0x000010b5,0,3,10,0,394
11147,1,1,1,0x0000000414160828,0x000010b5,0,3,10,0,394
11148,1,1,1,0x000000041416082c,0xffffeec1,0,3,11,0,395
11149,1,0,0,0x0000000414160830,0x00000501,0,3,12,0,396
11150,1,1,1,0x0000000414160830,0x00000501,0,3,12,0,396
11151,1,0,0,0x0000000414160834,0x00002cc2,0,3,13,0,397
11152,1,1,1,0x0000000414160834,0x00002cc2,0,3,13,0,397
11153,1,1,1,0x0000000414160838,0xfffff221,0,3,14,0,398
11154,1,1,1,0x000000041416083c,0xfffffc40,0,3,15,0,399
11155,1,1,1,0x0000000414160840,0x0000206d,0,3,16,0,400
11156,1,0,0,0x0000000414160844,0x00001b00,0,3,17,0,401
11157,1,1,1,0x0000000414160844,0x00001b00,0,3,17,0,401
11158,1,1,1,0x0000000414160848,0xfffff0ca,0,3,18,0,402
11159,1,1,1,0x000000041416084c,0xffffe6fb,0,3,19,0,403
11160,1,1,1,0x0000000414160850,0xfffff2f1,0,3,20,0,404
11161,1,0,0,0x0000000414160854,0xfffff451,0,3,21,0,405
11162,1,0,0,0x0000000414160854,0xfffff451,0,3,21,0,405
11163,1,1,1,0x0000000414160854,0xfffff451,0,3,21,0,405
11164,1,1,1,0x0000000414160858,0x00000c4c,0,3,22,0,406
11165,1,1,1,0x000000041416085c,0xffffdae1,0,3,23,0,407
11166,1,0,0,0x0000000414160860,0xffffd9ca,0,3,24,0,408
11167,1,1,1,0x0000000414160860,0xffffd9ca,0,3,24,0,408
11168,1,1,1,0x0000000414160864,0x00001b51,0,3,25,0,409
11169,1,1,1,0x0000000414160868,0xffffd50a,0,3,26,0,410
11170,1,1,1,0x000000041416086c,0x000021de,0,3,27,0,411
11171,1,0,0,0x0000000414160870,0xfffff5c8,0,3,28,0,412
11172,1,1,1,0x0000000414160870,0xfffff5c8,0,3,28,0,412
11173,1,1,1,0x0000000414160874,0x00001212,0,3,29,0,413
11174,1,1,1,0x0000000414160878,0xffffd9bc,0,3,30,0,414
11175,1,0,0,0x000000041416087c,0x00000fbb,0,3,31,0,415
11176,1,0,0,0x000000041416087c,0x00000fbb,0,3,31,0,415
11177,1,1,1,0x000000041416087c,0x00000fbb,0,3,31,0,415
11178,1,1,1,0x0000000414160880,0xfffff966,0,3,32,0,416
11179,1,1,1,0x0000000414160884,0x000003c4,0,3,33,0,417
11180,1,1,1,0x0000000414160888,0x0000602c,0,3,34,0,418
11181,1,0,0,0x000000041416088c,0x00001ee5,0,3,35,0,419
11182,1,1,1,0x000000041416088c,0x00001ee5,0,3,35,0,419
11183,1,1,1,0x0000000414160890,0x00000355,0,3,36,0,420
11184,1,1,1,0x0000000414160894,0xffffeb13,0,3,37,0,421
11185,1,1,1,0x0000000414160898,0x000070a0,0,3,38,0,422
11186,1,0,0,0x000000041416089c,0xffffeb95,0,3,39,0,423
11187,1,1,1,0x000000041416089c,0xffffeb95,0,3,39,0,423
11188,1,0,0,0x00000004141608a0,0xffffc637,0,3,40,0,424
11189,1,1,1,0x00000004141608a0,0xffffc637,0,3,40,0,424
11190,1,1,1,0x00000004141608a4,0xfffffb44,0,3,41,0,425
11191,1,0,0,0x00000004141608a8,0xffffb6eb,0,3,42,0,426
11192,1,1,1,0x00000004141608a8,0xffffb6eb,0,3,42,0,426
11193,1,1,1,0x00000004141608ac,0xffffe34a,0,3,43,0,427
11194,1,1,1,0x00000004141608b0,0xffffec1e,0,3,44,0,428
11195,1,1,1,0x00000004141608b4,0xffffffff,0,3,45,0,429
11196,1,0,0,0x00000004141608b8,0xffffe2f3,0,3,46,0,430
11197,1,1,1,0x00000004141608b8,0xffffe2f3,0,3,46,0,430
11198,1,1,1,0x00000004141608bc,0xfffffd37,0,3,47,0,431
11199,1,1,1,0x00000004141608c0,0xffffe896,0,3,48,0,432
11200,1,1,1,0x00000004141608c4,0xffffcecb,0,3,49,0,433
11201,1,0,0,0x00000004141608c8,0xfff1b770,0,3,50,0,434
11202,1,1,1,0x00000004141608c8,0xfff1b770,0,3,50,0,434
11203,1,1,1,0x00000004141608cc,0xfffff4ec,0,3,51,0,435
11204,1,1,1,0x00000004141608d0,0x0000401c,0,3,52,0,436
11205,1,1,1,0x00000004141608d4,0xffffe9be,0,3,53,0,437
11206,1,0,0,0x00000004141608d8,0x00000376,0,3,54,0,438
11207,1,1,1,0x00000004141608d8,0x00000376,0,3,54,0,438
11208,1,1,1,0x00000004141608dc,0xffffebb3,0,3,55,0,439
11209,1,1,1,0x00000004141608e0,0x00001806,0,3,56,0,440
11210,1,1,1,0x00000004141608e4,0x000005f6,0,3,57,0,441
11211,1,0,0,0x00000004141608e8,0xfffff43d,0,3,58,0,442
11212,1,1,1,0x00000004141608e8,0xfffff43d,0,3,58,0,442
11213,1,1,1,0x00000004141608ec,0xfffff363,0,3,59,0,443
11214,1,0,0,0x00000004141608f0,0xfffff7ce,0,3,60,0,444
11215,1,1,1,0x00000004141608f0,0xfffff7ce,0,3,60,0,444
11216,1,0,0,0x00000004141608f4,0xfffff9a8,0,3,61,0,445
11217,1,1,1,0x00000004141608f4,0xfffff9a8,0,3,61,0,445
11218,1,1,1,0x00000004141608f8,0xffffffdf,0,3,62,0,446
11219,1,1,1,0x00000004141608fc,0xfffff8af,0,3,63,0,447
11220,1,1,1,0x0000000414160900,0xffffc3fc,0,3,64,0,448
11221,1,0,0,0x0000000414160904,0x00001656,0,3,65,0,449
11222,1,1,1,0x0000000414160904,0x00001656,0,3,65,0,449
11223,1,1,1,0x0000000414160908,0x00004fe8,0,3,66,0,450
11224,1,1,1,0x000000041416090c,0x000008b6,0,3,67,0,451
11225,1,1,1,0x0000000414160910,0xfffffbc7,0,3,68,0,452
11226,1,0,0,0x0000000414160914,0xffffc44b,0,3,69,0,453
11227,1,0,0,0x0000000414160914,0xffffc44b,0,3,69,0,453
11228,1,1,1,0x0000000414160914,0xffffc44b,0,3,69,0,453
11229,1,1,1,0x0000000414160918,0xffffc20b,0,3,70,0,454
11230,1,1,1,0x000000041416091c,0xffffd0e0,0,3,71,0,455
11231,1,0,0,0x0000000414160920,0x00000859,0,3,72,0,456
11232,1,1,1,0x0000000414160920,0x00000859,0,3,72,0,456
11233,1,1,1,0x0000000414160924,0xffffe723,0,3,73,0,457
11234,1,1,1,0x0000000414160928,0x00000fc4,0,3,74,0,458
11235,1,1,1,0x000000041416092c,0x00002d89,0,3,75,0,459
11236,1,0,0,0x0000000414160930,0x00006f57,0,3,76,0,460
11237,1,1,1,0x0000000414160930,0x00006f57,0,3,76,0,460
11238,1,1,1,0x0000000414160934,0x0000179d,0,3,77,0,461
11239,1,1,1,0x0000000414160938,0xffffe613,0,3,78,0,462
11240,1,0,0,0x000000041416093c,0xfffff129,0,3,79,0,463
11241,1,0,0,0x000000041416093c,0xfffff129,0,3,79,0,463
11242,1,1,1,0x000000041416093c,0xfffff129,0,3,79,0,463
11243,1,1,1,0x0000000414160940,0x00000122,0,3,80,0,464
11244,1,1,1,0x0000000414160944,0x00001726,0,3,81,0,465
11245,1,1,1,0x0000000414160948,0x00002f23,0,3,82,0,466
11246,1,0,0,0x000000041416094c,0xffffcf5a,0,3,83,0,467
11247,1,1,1,0x000000041416094c,0xffffcf5a,0,3,83,0,467
11248,1,1,1,0x0000000414160950,0x00001537,0,3,84,0,468
11249,1,1,1,0x0000000414160954,0xfffff2e2,0,3,85,0,469
11250,1,1,1,0x0000000414160958,0x00000f66,0,3,86,0,470
11251,1,0,0,0x000000041416095c,0x00001637,0,3,87,0,471
11252,1,1,1,0x000000041416095c,0x00001637,0,3,87,0,471
11253,1,0,0,0x0000000414160960,0x0000c828,0,3,88,0,472
11254,1,1,1,0x0000000414160960,0x0000c828,0,3,88,0,472
11255,1,1,1,0x0000000414160964,0xffffeed4,0,3,89,0,473
11256,1,0,0,0x0000000414160968,0x000010e0,0,3,90,0,474
11257,1,1,1,0x0000000414160968,0x000010e0,0,3,90,0,474
11258,1,1,1,0x000000041416096c,0x00000ae6,0,3,91,0,475
11259,1,1,1,0x0000000414160970,0xfffff506,0,3,92,0,476
11260,1,1,1,0x0000000414160974,0xfffffcc2,0,3,93,0,477
11261,1,0,0,0x0000000414160978,0xffffc528,0,3,94,0,478
11262,1,1,1,0x0000000414160978,0xffffc528,0,3,94,0,478
11263,1,1,1,0x000000041416097c,0xfffff921,0,3,95,0,479
11264,1,1,1,0x0000000414160980,0x00002366,0,3,96,0,480
11265,1,1,1,0x0000000414160984,0x00001653,0,3,97,0,481
11266,1,0,0,0x0000000414160988,0xfffff5b8,0,3,98,0,482
11267,1,1,1,0x0000000414160988,0xfffff5b8,0,3,98,0,482
11268,1,1,1,0x000000041416098c,0xffffec22,0,3,99,0,483
11269,1,1,1,0x0000000414160990,0xfffff5ee,0,3,100,0,484
11270,1,1,1,0x0000000414160994,0x000006b8,0,3,101,0,485
11271,1,0,0,0x0000000414160998,0x00000b87,0,3,102,0,486
11272,1,1,1,0x0000000414160998,0x00000b87,0,3,102,0,486
11273,1,1,1,0x000000041416099c,0x000004e7,0,3,103,0,487
11274,1,1,1,0x00000004141609a0,0x00002805,0,3,104,0,488
11275,1,1,1,0x00000004141609a4,0x0000014c,0,3,105,0,489
11276,1,0,0,0x00000004141609a8,0xffffe2cc,0,3,106,0,490
11277,1,1,1,0x00000004141609a8,0xffffe2cc,0,3,106,0,490
11278,1,1,1,0x00000004141609ac,0x00002d67,0,3,107,0,491
11279,1,0,0,0x00000004141609b0,0x000011c8,0,3,108,0,492
11280,1,1,1,0x00000004141609b0,0x000011c8,0,3,108,0,492
11281,1,0,0,0x00000004141609b4,0x00000a24,0,3,109,0,493
11282,1,1,1,0x00000004141609b4,0x00000a24,0,3,109,0,493
11283,1,1,1,0x00000004141609b8,0xfffff83d,0,3,110,0,494
11284,1,1,1,0x00000004141609bc,0xfffff880,0,3,111,0,495
11285,1,1,1,0x00000004141609c0,0x00000408,0,3,112,0,496
11286,1,0,0,0x00000004141609c4,0x00000b0b,0,3,113,0,497
11287,1,1,1,0x00000004141609c4,0x00000b0b,0,3,113,0,497
11288,1,1,1,0x00000004141609c8,0xffffff1d,0,3,114,0,498
11289,1,1,1,0x00000004141609cc,0x0000100c,0,3,115,0,499
11290,1,1,1,0x00000004141609d0,0xfffffcc5,0,3,116,0,500
11291,1,0,0,0x00000004141609d4,0x0000272d,0,3,117,0,501
11292,1,0,0,0x00000004141609d4,0x0000272d,0,3,117,0,501
11293,1,1,1,0x00000004141609d4,0x0000272d,0,3,117,0,501
11294,1,1,1,0x00000004141609d8,0x0000231e,0,3,118,0,502
11295,1,1,1,0x00000004141609dc,0xfffff01a,0,3,119,0,503
11296,1,0,0,0x00000004141609e0,0xfffffb75,0,3,120,0,504
11297,1,1,1,0x00000004141609e0,0xfffffb75,0,3,120,0,504
11298,1,1,1,0x00000004141609e4,0xfffffe05,0,3,121,0,505
11299,1,1,1,0x00000004141609e8,0x000007cb,0,3,122,0,506
11300,1,1,1,0x00000004141609ec,0x0000063d,0,3,123,0,507
11301,1,0,0,0x00000004141609f0,0xfffffe38,0,3,124,0,508
11302,1,1,1,0x00000004141609f0,0xfffffe38,0,3,124,0,508
11303,1,1,1,0x00000004141609f4,0x00000d47,0,3,125,0,509
11304,1,1,1,0x00000004141609f8,0x000013b7,0,3,126,0,510
11305,1,0,0,0x00000004141609fc,0x000007fb,0,3,127,0,511
11306,1,0,0,0x00000004141609fc,0x000007fb,0,3,127,0,511
11307,1,1,1,0x00000004141609fc,0x000007fb,0,3,127,0,511
11308,1,1,1,0x0000000414180800,0x000009c2,0,4,0,0,512
11309,1,1,1,0x0000000414180804,0x000012e6,0,4,1,0,513
11310,1,1,1,0x0000000414180808,0x000022bb,0,4,2,0,514
11311,1,0,0,0x000000041418080c,0xfffff646,0,4,3,0,515
11312,1,1,1,0x000000041418080c,0xfffff646,0,4,3,0,515
11313,1,1,1,0x0000000414180810,0x000004d4,0,4,4,0,516
11314,1,1,1,0x0000000414180814,0x0000120a,0,4,5,0,517
11315,1,1,1,0x0000000414180818,0xffffef0a,0,4,6,0,518
11316,1,0,0,0x000000041418081c,0x00001e3c,0,4,7,0,519
11317,1,1,1,0x000000041418081c,0x00001e3c,0,4,7,0,519
11318,1,0,0,0x0000000414180820,0xfffff75f,0,4,8,0,520
11319,1,1,1,0x0000000414180820,0xfffff75f,0,4,8,0,520
11320,1,1,1,0x0000000414180824,0x000013de,0,4,9,0,521
11321,1,0,0,0x0000000414180828,0x00001b96,0,4,10,0,522
11322,1,1,1,0x0000000414180828,0x00001b96,0,4,10,0,522
11323,1,1,1,0x000000041418082c,0xfffff996,0,4,11,0,523
11324,1,1,1,0x0000000414180830,0x00000399,0,4,12,0,524
11325,1,1,1,0x0000000414180834,0x00000052,0,4,13,0,525
11326,1,0,0,0x0000000414180838,0x00000ba1,0,4,14,0,526
11327,1,1,1,0x0000000414180838,0x00000ba1,0,4,14,0,526
11328,1,1,1,0x000000041418083c,0x00000e91,0,4,15,0,527
11329,1,1,1,0x0000000414180840,0xfffffcef,0,4,16,0,528
11330,1,1,1,0x0000000414180844,0xfffff912,0,4,17,0,529
11331,1,0,0,0x0000000414180848,0x000002dc,0,4,18,0,530
11332,1,1,1,0x0000000414180848,0x000002dc,0,4,18,0,530
11333,1,1,1,0x000000041418084c,0x000004cb,0,4,19,0,531
11334,1,1,1,0x0000000414180850,0xfffffa1a,0,4,20,0,532
11335,1,1,1,0x0000000414180854,0x000009ad,0,4,21,0,533
11336,1,0,0,0x0000000414180858,0xfffffdc3,0,4,22,0,534
11337,1,1,1,0x0000000414180858,0xfffffdc3,0,4,22,0,534
11338,1,1,1,0x000000041418085c,0xffffeac9,0,4,23,0,535
11339,1,1,1,0x0000000414180860,0x00005390,0,4,24,0,536
11340,1,1,1,0x0000000414180864,0xffffedac,0,4,25,0,537
11341,1,0,0,0x0000000414180868,0x00001d61,0,4,26,0,538
11342,1,1,1,0x0000000414180868,0x00001d61,0,4,26,0,538
11343,1,1,1,0x000000041418086c,0xfffff34d,0,4,27,0,539
11344,1,0,0,0x0000000414180870,0xfffffa0d,0,4,28,0,540
11345,1,1,1,0x0000000414180870,0xfffffa0d,0,4,28,0,540
11346,1,0,0,0x0000000414180874,0x000007e6,0,4,29,0,541
11347,1,1,1,0x0000000414180874,0x000007e6,0,4,29,0,541
11348,1,1,1,0x0000000414180878,0x00000534,0,4,30,0,542
11349,1,1,1,0x000000041418087c,0xffffeabe,0,4,31,0,543
11350,1,1,1,0x0000000414180880,0x00000a7d,0,4,32,0,544
11351,1,0,0,0x0000000414180884,0xfffffb18,0,4,33,0,545
11352,1,1,1,0x0000000414180884,0xfffffb18,0,4,33,0,545
11353,1,1,1,0x0000000414180888,0xffffe62f,0,4,34,0,546
11354,1,1,1,0x000000041418088c,0xfffffd7a,0,4,35,0,547
11355,1,1,1,0x0000000414180890,0xffffcad1,0,4,36,0,548
11356,1,0,0,0x0000000414180894,0xfffffed8,0,4,37,0,549
11357,1,0,0,0x0000000414180894,0xfffffed8,0,4,37,0,549
11358,1,1,1,0x0000000414180894,0xfffffed8,0,4,37,0,549
11359,1,1,1,0x0000000414180898,0x0000251d,0,4,38,0,550
11360,1,1,1,0x000000041418089c,0xffffef6c,0,4,39,0,551
11361,1,0,0,0x00000004141808a0,0x00000d90,0,4,40,0,552
11362,1,1,1,0x00000004141808a0,0x00000d90,0,4,40,0,552
11363,1,1,1,0x00000004141808a4,0xfffff635,0,4,41,0,553
11364,1,1,1,0x00000004141808a8,0xffffea6f,0,4,42,0,554
11365,1,1,1,0x00000004141808ac,0xffffff28,0,4,43,0,555
11366,1,0,0,0x00000004141808b0,0x00000683,0,4,44,0,556
11367,1,1,1,0x00000004141808b0,0x00000683,0,4,44,0,556
11368,1,1,1,0x00000004141808b4,0xffffffa9,0,4,45,0,557
11369,1,1,1,0x00000004141808b8,0xffffe1e2,0,4,46,0,558
11370,1,0,0,0x00000004141808bc,0x0000157c,0,4,47,0,559
11371,1,0,0,0x00000004141808bc,0x0000157c,0,4,47,0,559
11372,1,1,1,0x00000004141808bc,0x0000157c,0,4,47,0,559
11373,1,1,1,0x00000004141808c0,0xfffffabf,0,4,48,0,560
11374,1,1,1,0x00000004141808c4,0xffffd18f,0,4,49,0,561
11375,1,1,1,0x00000004141808c8,0x000a6649,0,4,50,0,562
11376,1,0,0,0x00000004141808cc,0x00002125,0,4,51,0,563
11377,1,1,1,0x00000004141808cc,0x00002125,0,4,51,0,563
11378,1,1,1,0x00000004141808d0,0x000003f4,0,4,52,0,564
11379,1,1,1,0x00000004141808d4,0xffffe70f,0,4,53,0,565
11380,1,1,1,0x00000004141808d8,0x00000e6a,0,4,54,0,566
11381,1,0,0,0x00000004141808dc,0x00000c2f,0,4,55,0,567
11382,1,1,1,0x00000004141808dc,0x00000c2f,0,4,55,0,567
11383,1,0,0,0x00000004141808e0,0xffffda32,0,4,56,0,568
11384,1,1,1,0x00000004141808e0,0xffffda32,0,4,56,0,568
11385,1,1,1,0x00000004141808e4,0x000005ef,0,4,57,0,569
11386,1,0,0,0x00000004141808e8,0xfffff88e,0,4,58,0,570
11387,1,1,1,0x00000004141808e8,0xfffff88e,0,4,58,0,570
11388,1,1,1,0x00000004141808ec,0xffffe191,0,4,59,0,571
11389,1,1,1,0x00000004141808f0,0x000015be,0,4,60,0,572
11390,1,1,1,0x00000004141808f4,0x0000228d,0,4,61,0,573
11391,1,0,0,0x00000004141808f8,0x0000037f,0,4,62,0,574
11392,1,1,1,0x00000004141808f8,0x0000037f,0,4,62,0,574
11393,1,1,1,0x00000004141808fc,0x00000f5d,0,4,63,0,575
11394,1,1,1,0x0000000414180900,0x0000187b,0,4,64,0,576
11395,1,1,1,0x0000000414180904,0x00000e2a,0,4,65,0,577
11396,1,0,0,0x0000000414180908,0x000057e1,0,4,66,0,578
11397,1,1,1,0x0000000414180908,0x000057e1,0,4,66,0,578
11398,1,1,1,0x000000041418090c,0x00000ad0,0,4,67,0,579
11399,1,1,1,0x0000000414180910,0xffffff89,0,4,68,0,580
11400,1,1,1,0x0000000414180914,0x00002fd6,0,4,69,0,581
11401,1,0,0,0x0000000414180918,0xffffed88,0,4,70,0,582
11402,1,1,1,0x0000000414180918,0xffffed88,0,4,70,0,582
11403,1,1,1,0x000000041418091c,0xffffc53f,0,4,71,0,583
11404,1,1,1,0x0000000414180920,0xfffffa0f,0,4,72,0,584
11405,1,1,1,0x0000000414180924,0xfffffde8,0,4,73,0,585
11406,1,0,0,0x0000000414180928,0x0000116a,0,4,74,0,586
11407,1,1,1,0x0000000414180928,0x0000116a,0,4,74,0,586
11408,1,1,1,0x000000041418092c,0x000011f2,0,4,75,0,587
11409,1,0,0,0x0000000414180930,0xffffabbc,0,4,76,0,588
11410,1,1,1,0x0000000414180930,0xffffabbc,0,4,76,0,588
11411,1,0,0,0x0000000414180934,0xffffcb19,0,4,77,0,589
11412,1,1,1,0x0000000414180934,0xffffcb19,0,4,77,0,589
11413,1,1,1,0x0000000414180938,0xfffff982,0,4,78,0,590
11414,1,1,1,0x000000041418093c,0xfffffd1e,0,4,79,0,591
11415,1,1,1,0x0000000414180940,0xffffe816,0,4,80,0,592
11416,1,0,0,0x0000000414180944,0xffffe768,0,4,81,0,593
11417,1,1,1,0x0000000414180944,0xffffe768,0,4,81,0,593
11418,1,1,1,0x0000000414180948,0x0000123e,0,4,82,0,594
11419,1,1,1,0x000000041418094c,0x00002278,0,4,83,0,595
11420,1,1,1,0x0000000414180950,0xfffffc31,0,4,84,0,596
11421,1,0,0,0x0000000414180954,0x00000cc7,0,4,85,0,597
11422,1,0,0,0x0000000414180954,0x00000cc7,0,4,85,0,597
11423,1,1,1,0x0000000414180954,0x00000cc7,0,4,85,0,597
11424,1,1,1,0x0000000414180958,0x0000094c,0,4,86,0,598
11425,1,1,1,0x000000041418095c,0xfffff969,0,4,87,0,599
11426,1,0,0,0x0000000414180960,0xffffb5bc,0,4,88,0,600
11427,1,1,1,0x0000000414180960,0xffffb5bc,0,4,88,0,600
11428,1,1,1,0x0000000414180964,0x00001c6a,0,4,89,0,601
11429,1,1,1,0x0000000414180968,0x000000d8,0,4,90,0,602
11430,1,1,1,0x000000041418096c,0xffffdee6,0,4,91,0,603
11431,1,0,0,0x0000000414180970,0xfffff46e,0,4,92,0,604
11432,1,1,1,0x0000000414180970,0xfffff46e,0,4,92,0,604
11433,1,1,1,0x0000000414180974,0x0000181b,0,4,93,0,605
11434,1,1,1,0x0000000414180978,0x00000279,0,4,94,0,606
11435,1,0,0,0x000000041418097c,0xfffffd62,0,4,95,0,607
11436,1,0,0,0x000000041418097c,0xfffffd62,0,4,95,0,607
11437,1,1,1,0x000000041418097c,0xfffffd62,0,4,95,0,607
11438,1,1,1,0x0000000414180980,0xfffff372,0,4,96,0,608
11439,1,1,1,0x0000000414180984,0x000000fc,0,4,97,0,609
11440,1,1,1,0x0000000414180988,0x000005f6,0,4,98,0,610
11441,1,0,0,0x000000041418098c,0xfffff777,0,4,99,0,611
11442,1,1,1,0x000000041418098c,0xfffff777,0,4,99,0,611
11443,1,1,1,0x0000000414180990,0xfffff1f4,0,4,100,0,612
11444,1,1,1,0x0000000414180994,0xfffffaf7,0,4,101,0,613
11445,1,1,1,0x0000000414180998,0x00000b44,0,4,102,0,614
11446,1,0,0,0x000000041418099c,0xfffff9f8,0,4,103,0,615
11447,1,1,1,0x000000041418099c,0xfffff9f8,0,4,103,0,615
11448,1,0,0,0x00000004141809a0,0xfffff777,0,4,104,0,616
11449,1,1,1,0x00000004141809a0,0xfffff777,0,4,104,0,616
11450,1,1,1,0x00000004141809a4,0xfffff43a,0,4,105,0,617
11451,1,0,0,0x00000004141809a8,0xffffdcab,0,4,106,0,618
11452,1,1,1,0x00000004141809a8,0xffffdcab,0,4,106,0,618
11453,1,1,1,0x00000004141809ac,0x00000413,0,4,107,0,619
11454,1,1,1,0x00000004141809b0,0x00000a07,0,4,108,0,620
11455,1,1,1,0x00000004141809b4,0x000010d3,0,4,109,0,621
11456,1,0,0,0x00000004141809b8,0x00000a85,0,4,110,0,622
11457,1,1,1,0x00000004141809b8,0x00000a85,0,4,110,0,622
11458,1,1,1,0x00000004141809bc,0x0000195f,0,4,111,0,623
11459,1,1,1,0x00000004141809c0,0xffffc6c4,0,4,112,0,624
11460,1,1,1,0x00000004141809c4,0x00000e56,0,4,113,0,625
11461,1,0,0,0x00000004141809c8,0x000000de,0,4,114,0,626
11462,1,1,1,0x00000004141809c8,0x000000de,0,4,114,0,626
11463,1,1,1,0x00000004141809cc,0x00002411,0,4,115,0,627
11464,1,1,1,0x00000004141809d0,0xfffff52a,0,4,116,0,628
11465,1,1,1,0x00000004141809d4,0x0000176a,0,4,117,0,629
11466,1,0,0,0x00000004141809d8,0x00000091,0,4,118,0,630
11467,1,1,1,0x00000004141809d8,0x00000091,0,4,118,0,630
11468,1,1,1,0x00000004141809dc,0x00001a05,0,4,119,0,631
11469,1,1,1,0x00000004141809e0,0xffffb48e,0,4,120,0,632
11470,1,1,1,0x00000004141809e4,0x00000bf1,0,4,121,0,633
11471,1,0,0,0x00000004141809e8,0xffffe087,0,4,122,0,634
11472,1,1,1,0x00000004141809e8,0xffffe087,0,4,122,0,634
11473,1,1,1,0x00000004141809ec,0xffffcf90,0,4,123,0,635
11474,1,0,0,0x00000004141809f0,0x00003215,0,4,124,0,636
11475,1,1,1,0x00000004141809f0,0x00003215,0,4,124,0,636
11476,1,0,0,0x00000004141809f4,0x00001fc3,0,4,125,0,637
11477,1,1,1,0x00000004141809f4,0x00001fc3,0,4,125,0,637
11478,1,1,1,0x00000004141809f8,0xffffe395,0,4,126,0,638
11479,1,1,1,0x00000004141809fc,0x00000965,0,4,127,0,639
11480,1,1,1,0x00000004141a0800,0x00000656,0,5,0,0,640
11481,1,0,0,0x00000004141a0804,0xfffff17c,0,5,1,0,641
11482,1,1,1,0x00000004141a0804,0xfffff17c,0,5,1,0,641
11483,1,1,1,0x00000004141a0808,0x00002d56,0,5,2,0,642
11484,1,1,1,0x00000004141a080c,0x000007bc,0,5,3,0,643
11485,1,1,1,0x00000004141a0810,0xfffff526,0,5,4,0,644
11486,1,0,0,0x00000004141a0814,0xffffd918,0,5,5,0,645
11487,1,0,0,0x00000004141a0814,0xffffd918,0,5,5,0,645
11488,1,1,1,0x00000004141a0814,0xffffd918,0,5,5,0,645
11489,1,1,1,0x00000004141a0818,0xfffff00c,0,5,6,0,646
11490,1,1,1,0x00000004141a081c,0x00000fa4,0,5,7,0,647
11491,1,0,0,0x00000004141a0820,0xffffd59c,0,5,8,0,648
11492,1,1,1,0x00000004141a0820,0xffffd59c,0,5,8,0,648
11493,1,1,1,0x00000004141a0824,0xfffff508,0,5,9,0,649
11494,1,1,1,0x00000004141a0828,0xfffffa53,0,5,10,0,650
11495,1,1,1,0x00000004141a082c,0xffffe85f,0,5,11,0,651
11496,1,0,0,0x00000004141a0830,0xfffff076,0,5,12,0,652
11497,1,1,1,0x00000004141a0830,0xfffff076,0,5,12,0,652
11498,1,1,1,0x00000004141a0834,0x0000482c,0,5,13,0,653
11499,1,1,1,0x00000004141a0838,0x0000043e,0,5,14,0,654
11500,1,0,0,0x00000004141a083c,0x000021fb,0,5,15,0,655
11501,1,0,0,0x00000004141a083c,0x000021fb,0,5,15,0,655
11502,1,1,1,0x00000004141a083c,0x000021fb,0,5,15,0,655
11503,1,1,1,0x00000004141a0840,0xffffd45c,0,5,16,0,656
11504,1,1,1,0x00000004141a0844,0x00000054,0,5,17,0,657
11505,1,1,1,0x00000004141a0848,0xffffe61e,0,5,18,0,658
11506,1,0,0,0x00000004141a084c,0x00001519,0,5,19,0,659
11507,1,1,1,0x00000004141a084c,0x00001519,0,5,19,0,659
11508,1,1,1,0x00000004141a0850,0xfffff781,0,5,20,0,660
11509,1,1,1,0x00000004141a0854,0xffffaf09,0,5,21,0,661
11510,1,1,1,0x00000004141a0858,0xfffffe31,0,5,22,0,662
11511,1,0,0,0x00000004141a085c,0x000003e5,0,5,23,0,663
11512,1,1,1,0x00000004141a085c,0x000003e5,0,5,23,0,663
11513,1,0,0,0x00000004141a0860,0x000005c2,0,5,24,0,664
11514,1,1,1,0x00000004141a0860,0x000005c2,0,5,24,0,664
11515,1,1,1,0x00000004141a0864,0x00002008,0,5,25,0,665
11516,1,0,0,0x00000004141a0868,0x000012f9,0,5,26,0,666
11517,1,1,1,0x00000004141a0868,0x000012f9,0,5,26,0,666
11518,1,1,1,0x00000004141a086c,0x00005acf,0,5,27,0,667
11519,1,1,1,0x00000004141a0870,0x00000479,0,5,28,0,668
11520,1,1,1,0x00000004141a0874,0xfffffcb3,0,5,29,0,669
11521,1,0,0,0x00000004141a0878,0xffffedc9,0,5,30,0,670
11522,1,1,1,0x00000004141a0878,0xffffedc9,0,5,30,0,670
11523,1,1,1,0x00000004141a087c,0x00000347,0,5,31,0,671
11524,1,1,1,0x00000004141a0880,0xfffff9f8,0,5,32,0,672
11525,1,1,1,0x00000004141a0884,0xffffd273,0,5,33,0,673
11526,1,0,0,0x00000004141a0888,0xffffed60,0,5,34,0,674
11527,1,1,1,0x00000004141a0888,0xffffed60,0,5,34,0,674
11528,1,1,1,0x00000004141a088c,0xfffff340,0,5,35,0,675
11529,1,1,1,0x00000004141a0890,0xffffdb38,0,5,36,0,676
11530,1,1,1,0x00000004141a0894,0xfffff1c9,0,5,37,0,677
11531,1,0,0,0x00000004141a0898,0xffffc302,0,5,38,0,678
11532,1,1,1,0x00000004141a0898,0xffffc302,0,5,38,0,678
11533,1,1,1,0x00000004141a089c,0x000006ee,0,5,39,0,679
11534,1,1,1,0x00000004141a08a0,0xfffff6fe,0,5,40,0,680
11535,1,1,1,0x00000004141a08a4,0x00000678,0,5,41,0,681
11536,1,0,0,0x00000004141a08a8,0xffffb08f,0,5,42,0,682
11537,1,1,1,0x00000004141a08a8,0xffffb08f,0,5,42,0,682
11538,1,1,1,0x00000004141a08ac,0xffffec51,0,5,43,0,683
11539,1,0,0,0x00000004141a08b0,0xffffff6a,0,5,44,0,684
11540,1,1,1,0x00000004141a08b0,0xffffff6a,0,5,44,0,684
11541,1,0,0,0x00000004141a08b4,0x000002e0,0,5,45,0,685
11542,1,1,1,0x00000004141a08b4,0x000002e0,0,5,45,0,685
11543,1,1,1,0x00000004141a08b8,0x00000537,0,5,46,0,686
11544,1,1,1,0x00000004141a08bc,0x000001fd,0,5,47,0,687
11545,1,1,1,0x00000004141a08c0,0x00000569,0,5,48,0,688
11546,1,0,0,0x00000004141a08c4,0xffff8f5a,0,5,49,0,689
11547,1,1,1,0x00000004141a08c4,0xffff8f5a,0,5,49,0,689
11548,1,1,1,0x00000004141a08c8,0x000e0613,0,5,50,0,690
11549,1,1,1,0x00000004141a08cc,0xfffff4db,0,5,51,0,691
11550,1,1,1,0x00000004141a08d0,0x00001178,0,5,52,0,692
11551,1,0,0,0x00000004141a08d4,0x00001cd2,0,5,53,0,693
11552,1,0,0,0x00000004141a08d4,0x00001cd2,0,5,53,0,693
11553,1,1,1,0x00000004141a08d4,0x00001cd2,0,5,53,0,693
11554,1,1,1,0x00000004141a08d8,0x00000cb1,0,5,54,0,694
11555,1,1,1,0x00000004141a08dc,0x00003db6,0,5,55,0,695
11556,1,0,0,0x00000004141a08e0,0x00004530,0,5,56,0,696
11557,1,1,1,0x00000004141a08e0,0x00004530,0,5,56,0,696
11558,1,1,1,0x00000004141a08e4,0xffffcf05,0,5,57,0,697
11559,1,1,1,0x00000004141a08e8,0x00003763,0,5,58,0,698
11560,1,1,1,0x00000004141a08ec,0x0000276e,0,5,59,0,699
11561,1,0,0,0x00000004141a08f0,0xffffc3fa,0,5,60,0,700
11562,1,1,1,0x00000004141a08f0,0xffffc3fa,0,5,60,0,700
11563,1,1,1,0x00000004141a08f4,0xffffcb90,0,5,61,0,701
11564,1,1,1,0x00000004141a08f8,0xffffc2cd,0,5,62,0,702
11565,1,0,0,0x00000004141a08fc,0x0000435c,0,5,63,0,703
11566,1,0,0,0x00000004141a08fc,0x0000435c,0,5,63,0,703
11567,1,1,1,0x00000004141a08fc,0x0000435c,0,5,63,0,703
11568,1,1,1,0x00000004141a0900,0x0000050b,0,5,64,0,704
11569,1,1,1,0x00000004141a0904,0x0000015a,0,5,65,0,705
11570,1,1,1,0x00000004141a0908,0xfffffff1,0,5,66,0,706
11571,1,0,0,0x00000004141a090c,0xfffff007,0,5,67,0,707
11572,1,1,1,0x00000004141a090c,0xfffff007,0,5,67,0,707
11573,1,1,1,0x00000004141a0910,0x00001316,0,5,68,0,708
11574,1,1,1,0x00000004141a0914,0x000004ac,0,5,69,0,709
11575,1,1,1,0x00000004141a0918,0x000002cd,0,5,70,0,710
11576,1,0,0,0x00000004141a091c,0xffffeff2,0,5,71,0,711
11577,1,1,1,0x00000004141a091c,0xffffeff2,0,5,71,0,711
11578,1,0,0,0x00000004141a0920,0x00001bda,0,5,72,0,712
11579,1,1,1,0x00000004141a0920,0x00001bda,0,5,72,0,712
11580,1,1,1,0x00000004141a0924,0x00000097,0,5,73,0,713
11581,1,0,0,0x00000004141a0928,0xffffeb60,0,5,74,0,714
11582,1,1,1,0x00000004141a0928,0xffffeb60,0,5,74,0,714
11583,1,1,1,0x00000004141a092c,0x00003d30,0,5,75,0,715
11584,1,1,1,0x00000004141a0930,0x00000608,0,5,76,0,716
11585,1,1,1,0x00000004141a0934,0x000005b6,0,5,77,0,717
11586,1,0,0,0x00000004141a0938,0x00001d23,0,5,78,0,718
11587,1,1,1,0x00000004141a0938,0x00001d23,0,5,78,0,718
11588,1,1,1,0x00000004141a093c,0xfffffbfc,0,5,79,0,719
11589,1,1,1,0x00000004141a0940,0xffffe163,0,5,80,0,720
11590,1,1,1,0x00000004141a0944,0xffffd9c2,0,5,81,0,721
11591,1,0,0,0x00000004141a0948,0xffffe746,0,5,82,0,722
11592,1,1,1,0x00000004141a0948,0xffffe746,0,5,82,0,722
11593,1,1,1,0x00000004141a094c,0x00001829,0,5,83,0,723
11594,1,1,1,0x00000004141a0950,0x00000aa2,0,5,84,0,724
11595,1,1,1,0x00000004141a0954,0xffffdc8d,0,5,85,0,725
11596,1,0,0,0x00000004141a0958,0x00002eef,0,5,86,0,726
11597,1,1,1,0x00000004141a0958,0x00002eef,0,5,86,0,726
11598,1,1,1,0x00000004141a095c,0xffffdab5,0,5,87,0,727
11599,1,1,1,0x00000004141a0960,0xfffe91bd,0,5,88,0,728
11600,1,1,1,0x00000004141a0964,0xfffffcb7,0,5,89,0,729
11601,1,0,0,0x00000004141a0968,0x0000147d,0,5,90,0,730
11602,1,1,1,0x00000004141a0968,0x0000147d,0,5,90,0,730
11603,1,1,1,0x00000004141a096c,0x00001ed3,0,5,91,0,731
11604,1,0,0,0x00000004141a0970,0xffffe927,0,5,92,0,732
11605,1,1,1,0x00000004141a0970,0xffffe927,0,5,92,0,732
11606,1,0,0,0x00000004141a0974,0xffffdf22,0,5,93,0,733
11607,1,1,1,0x00000004141a0974,0xffffdf22,0,5,93,0,733
11608,1,1,1,0x00000004141a0978,0xfffff037,0,5,94,0,734
11609,1,1,1,0x00000004141a097c,0xffffee58,0,5,95,0,735
11610,1,1,1,0x00000004141a0980,0x00002235,0,5,96,0,736
11611,1,0,0,0x00000004141a0984,0x00000f58,0,5,97,0,737
11612,1,1,1,0x00000004141a0984,0x00000f58,0,5,97,0,737
11613,1,1,1,0x00000004141a0988,0x00002714,0,5,98,0,738
11614,1,1,1,0x00000004141a098c,0x00000e69,0,5,99,0,739
11615,1,1,1,0x00000004141a0990,0xffffcea7,0,5,100,0,740
11616,1,0,0,0x00000004141a0994,0xfffff4a4,0,5,101,0,741
11617,1,0,0,0x00000004141a0994,0xfffff4a4,0,5,101,0,741
11618,1,1,1,0x00000004141a0994,0xfffff4a4,0,5,101,0,741
11619,1,1,1,0x00000004141a0998,0xffffd54d,0,5,102,0,742
11620,1,1,1,0x00000004141a099c,0x000006f3,0,5,103,0,743
11621,1,0,0,0x00000004141a09a0,0x00001ad5,0,5,104,0,744
11622,1,1,1,0x00000004141a09a0,0x00001ad5,0,5,104,0,744
11623,1,1,1,0x00000004141a09a4,0x0000014e,0,5,105,0,745
11624,1,1,1,0x00000004141a09a8,0xfffff97b,0,5,106,0,746
11625,1,1,1,0x00000004141a09ac,0xfffff5ff,0,5,107,0,747
11626,1,0,0,0x00000004141a09b0,0xfffff97a,0,5,108,0,748
11627,1,1,1,0x00000004141a09b0,0xfffff97a,0,5,108,0,748
11628,1,1,1,0x00000004141a09b4,0x00000560,0,5,109,0,749
11629,1,1,1,0x00000004141a09b8,0x000006e8,0,5,110,0,750
11630,1,0,0,0x00000004141a09bc,0xffffff44,0,5,111,0,751
11631,1,0,0,0x00000004141a09bc,0xffffff44,0,5,111,0,751
11632,1,1,1,0x00000004141a09bc,0xffffff44,0,5,111,0,751
11633,1,1,1,0x00000004141a09c0,0x0000278c,0,5,112,0,752
11634,1,1,1,0x00000004141a09c4,0x000005dc,0,5,113,0,753
11635,1,1,1,0x00000004141a09c8,0x00002974,0,5,114,0,754
11636,1,0,0,0x00000004141a09cc,0xfffbea94,0,5,115,0,755
11637,1,1,1,0x00000004141a09cc,0xfffbea94,0,5,115,0,755
11638,1,1,1,0x00000004141a09d0,0xffffed8b,0,5,116,0,756
11639,1,1,1,0x00000004141a09d4,0x0000154f,0,5,117,0,757
11640,1,1,1,0x00000004141a09d8,0xffffda87,0,5,118,0,758
11641,1,0,0,0x00000004141a09dc,0x00002d33,0,5,119,0,759
11642,1,1,1,0x00000004141a09dc,0x00002d33,0,5,119,0,759
11643,1,0,0,0x00000004141a09e0,0x000013db,0,5,120,0,760
11644,1,1,1,0x00000004141a09e0,0x000013db,0,5,120,0,760
11645,1,1,1,0x00000004141a09e4,0x00003cf6,0,5,121,0,761
11646,1,0,0,0x00000004141a09e8,0xffffbe0d,0,5,122,0,762
11647,1,1,1,0x00000004141a09e8,0xffffbe0d,0,5,122,0,762
11648,1,1,1,0x00000004141a09ec,0x00004cb6,0,5,123,0,763
11649,1,1,1,0x00000004141a09f0,0x00004acd,0,5,124,0,764
11650,1,1,1,0x00000004141a09f4,0xffffa93d,0,5,125,0,765
11651,1,0,0,0x00000004141a09f8,0xffffbace,0,5,126,0,766
11652,1,1,1,0x00000004141a09f8,0xffffbace,0,5,126,0,766
11653,1,1,1,0x00000004141a09fc,0xffffb95f,0,5,127,0,767
11654,1,1,1,0x00000004141c0800,0xffffff06,0,6,0,0,768
11655,1,1,1,0x00000004141c0804,0xfffffbd7,0,6,1,0,769
11656,1,0,0,0x00000004141c0808,0x0000002a,0,6,2,0,770
11657,1,1,1,0x00000004141c0808,0x0000002a,0,6,2,0,770
11658,1,1,1,0x00000004141c080c,0xfffffdc6,0,6,3,0,771
11659,1,1,1,0x00000004141c0810,0xfffffd10,0,6,4,0,772
11660,1,1,1,0x00000004141c0814,0xfffffe6d,0,6,5,0,773
11661,1,0,0,0x00000004141c0818,0xfffffc61,0,6,6,0,774
11662,1,1,1,0x00000004141c0818,0xfffffc61,0,6,6,0,774
11663,1,1,1,0x00000004141c081c,0xfffffb78,0,6,7,0,775
11664,1,1,1,0x00000004141c0820,0xfffffca2,0,6,8,0,776
11665,1,1,1,0x00000004141c0824,0xfffffc1d,0,6,9,0,777
11666,1,0,0,0x00000004141c0828,0xfffffc02,0,6,10,0,778
11667,1,1,1,0x00000004141c0828,0xfffffc02,0,6,10,0,778
11668,1,1,1,0x00000004141c082c,0xffffff28,0,6,11,0,779
11669,1,0,0,0x00000004141c0830,0xffffef1a,0,6,12,0,780
11670,1,1,1,0x00000004141c0830,0xffffef1a,0,6,12,0,780
11671,1,0,0,0x00000004141c0834,0x00001934,0,6,13,0,781
11672,1,1,1,0x00000004141c0834,0x00001934,0,6,13,0,781
11673,1,1,1,0x00000004141c0838,0xfffffa3e,0,6,14,0,782
11674,1,1,1,0x00000004141c083c,0xfffff5d3,0,6,15,0,783
11675,1,1,1,0x00000004141c0840,0xfffff91c,0,6,16,0,784
11676,1,0,0,0x00000004141c0844,0xfffffde4,0,6,17,0,785
11677,1,1,1,0x00000004141c0844,0xfffffde4,0,6,17,0,785
11678,1,1,1,0x00000004141c0848,0xfffff70b,0,6,18,0,786
11679,1,1,1,0x00000004141c084c,0x00000382,0,6,19,0,787
11680,1,1,1,0x00000004141c0850,0xfffff2dc,0,6,20,0,788
11681,1,0,0,0x00000004141c0854,0x00000c3b,0,6,21,0,789
11682,1,0,0,0x00000004141c0854,0x00000c3b,0,6,21,0,789
11683,1,1,1,0x00000004141c0854,0x00000c3b,0,6,21,0,789
11684,1,1,1,0x00000004141c0858,0x0000067c,0,6,22,0,790
11685,1,1,1,0x00000004141c085c,0x00000369,0,6,23,0,791
11686,1,0,0,0x00000004141c0860,0xffffc388,0,6,24,0,792
11687,1,1,1,0x00000004141c0860,0xffffc388,0,6,24,0,792
11688,1,1,1,0x00000004141c0864,0xfffffe4b,0,6,25,0,793
11689,1,1,1,0x00000004141c0868,0x0000096e,0,6,26,0,794
11690,1,1,1,0x00000004141c086c,0x00000322,0,6,27,0,795
11691,1,0,0,0x00000004141c0870,0xfffffa19,0,6,28,0,796
11692,1,1,1,0x00000004141c0870,0xfffffa19,0,6,28,0,796
11693,1,1,1,0x00000004141c0874,0xfffff928,0,6,29,0,797
11694,1,1,1,0x00000004141c0878,0xfffffded,0,6,30,0,798
11695,1,0,0,0x00000004141c087c,0x0000053c,0,6,31,0,799
11696,1,0,0,0x00000004141c087c,0x0000053c,0,6,31,0,799
11697,1,1,1,0x00000004141c087c,0x0000053c,0,6,31,0,799
11698,1,1,1,0x00000004141c0880,0xfffff55b,0,6,32,0,800
11699,1,1,1,0x00000004141c0884,0xfffff7a3,0,6,33,0,801
11700,1,1,1,0x00000004141c0888,0x000003ec,0,6,34,0,802
11701,1,0,0,0x00000004141c088c,0x00000200,0,6,35,0,803
11702,1,1,1,0x00000004141c088c,0x00000200,0,6,35,0,803
11703,1,1,1,0x00000004141c0890,0xfffff760,0,6,36,0,804
11704,1,1,1,0x00000004141c0894,0x00000b58,0,6,37,0,805
11705,1,1,1,0x00000004141c0898,0x0000002e,0,6,38,0,806
11706,1,0,0,0x00000004141c089c,0x000000df,0,6,39,0,807
11707,1,1,1,0x00000004141c089c,0x000000df,0,6,39,0,807
11708,1,0,0,0x00000004141c08a0,0x00000391,0,6,40,0,808
11709,1,1,1,0x00000004141c08a0,0x00000391,0,6,40,0,808
11710,1,1,1,0x00000004141c08a4,0x00000a5c,0,6,41,0,809
11711,1,0,0,0x00000004141c08a8,0x000023eb,0,6,42,0,810
11712,1,1,1,0x00000004141c08a8,0x000023eb,0,6,42,0,810
11713,1,1,1,0x00000004141c08ac,0x000011db,0,6,43,0,811
11714,1,1,1,0x00000004141c08b0,0xfffffac7,0,6,44,0,812
11715,1,1,1,0x00000004141c08b4,0xfffffc3c,0,6,45,0,813
11716,1,0,0,0x00000004141c08b8,0xfffffba7,0,6,46,0,814
11717,1,1,1,0x00000004141c08b8,0xfffffba7,0,6,46,0,814
11718,1,1,1,0x00000004141c08bc,0xfffffff9,0,6,47,0,815
11719,1,1,1,0x00000004141c08c0,0xfffffdda,0,6,48,0,816
11720,1,1,1,0x00000004141c08c4,0x000002c3,0,6,49,0,817
11721,1,0,0,0x00000004141c08c8,0x000c3d31,0,6,50,0,818
11722,1,1,1,0x00000004141c08c8,0x000c3d31,0,6,50,0,818
11723,1,1,1,0x00000004141c08cc,0x00002a35,0,6,51,0,819
11724,1,1,1,0x00000004141c08d0,0xfffffda5,0,6,52,0,820
11725,1,1,1,0x00000004141c08d4,0xfffffcbd,0,6,53,0,821
11726,1,0,0,0x00000004141c08d8,0x000002d3,0,6,54,0,822
11727,1,1,1,0x00000004141c08d8,0x000002d3,0,6,54,0,822
11728,1,1,1,0x00000004141c08dc,0xfffff74e,0,6,55,0,823
11729,1,1,1,0x00000004141c08e0,0x00000388,0,6,56,0,824
11730,1,1,1,0x00000004141c08e4,0x0000048f,0,6,57,0,825
11731,1,0,0,0x00000004141c08e8,0xfffff37c,0,6,58,0,826
11732,1,1,1,0x00000004141c08e8,0xfffff37c,0,6,58,0,826
11733,1,1,1,0x00000004141c08ec,0xfffff7cb,0,6,59,0,827
11734,1,0,0,0x00000004141c08f0,0xfffff919,0,6,60,0,828
11735,1,1,1,0x00000004141c08f0,0xfffff919,0,6,60,0,828
11736,1,0,0,0x00000004141c08f4,0x0000061e,0,6,61,0,829
11737,1,1,1,0x00000004141c08f4,0x0000061e,0,6,61,0,829
11738,1,1,1,0x00000004141c08f8,0xfffff978,0,6,62,0,830
11739,1,1,1,0x00000004141c08fc,0xfffff4a4,0,6,63,0,831
11740,1,1,1,0x00000004141c0900,0xfffffdc9,0,6,64,0,832
11741,1,0,0,0x00000004141c0904,0x0000017b,0,6,65,0,833
11742,1,1,1,0x00000004141c0904,0x0000017b,0,6,65,0,833
11743,1,1,1,0x00000004141c0908,0x00000eba,0,6,66,0,834
11744,1,1,1,0x00000004141c090c,0xfffffb68,0,6,67,0,835
11745,1,1,1,0x00000004141c0910,0x000000ea,0,6,68,0,836
11746,1,0,0,0x00000004141c0914,0xfffff84b,0,6,69,0,837
11747,1,0,0,0x00000004141c0914,0xfffff84b,0,6,69,0,837
11748,1,1,1,0x00000004141c0914,0xfffff84b,0,6,69,0,837
11749,1,1,1,0x00000004141c0918,0x0000035e,0,6,70,0,838
11750,1,1,1,0x00000004141c091c,0x00000a85,0,6,71,0,839
11751,1,0,0,0x00000004141c0920,0xfffffafd,0,6,72,0,840
11752,1,1,1,0x00000004141c0920,0xfffffafd,0,6,72,0,840
11753,1,1,1,0x00000004141c0924,0x0000000a,0,6,73,0,841
11754,1,1,1,0x00000004141c0928,0x00000624,0,6,74,0,842
11755,1,1,1,0x00000004141c092c,0xfffffd5c,0,6,75,0,843
11756,1,0,0,0x00000004141c0930,0xfffff005,0,6,76,0,844
11757,1,1,1,0x00000004141c0930,0xfffff005,0,6,76,0,844
11758,1,1,1,0x00000004141c0934,0x00006238,0,6,77,0,845
11759,1,1,1,0x00000004141c0938,0xfffff7da,0,6,78,0,846
11760,1,0,0,0x00000004141c093c,0x00000811,0,6,79,0,847
11761,1,0,0,0x00000004141c093c,0x00000811,0,6,79,0,847
11762,1,1,1,0x00000004141c093c,0x00000811,0,6,79,0,847
11763,1,1,1,0x00000004141c0940,0x00000c90,0,6,80,0,848
11764,1,1,1,0x00000004141c0944,0x0000014c,0,6,81,0,849
11765,1,1,1,0x00000004141c0948,0x000004b8,0,6,82,0,850
11766,1,0,0,0x00000004141c094c,0x000016da,0,6,83,0,851
11767,1,1,1,0x00000004141c094c,0x000016da,0,6,83,0,851
11768,1,1,1,0x00000004141c0950,0x00000532,0,6,84,0,852
11769,1,1,1,0x00000004141c0954,0x0000095a,0,6,85,0,853
11770,1,1,1,0x00000004141c0958,0xffffff2f,0,6,86,0,854
11771,1,0,0,0x00000004141c095c,0xfffffac0,0,6,87,0,855
11772,1,1,1,0x00000004141c095c,0xfffffac0,0,6,87,0,855
11773,1,0,0,0x00000004141c0960,0x000060a1,0,6,88,0,856
11774,1,1,1,0x00000004141c0960,0x000060a1,0,6,88,0,856
11775,1,1,1,0x00000004141c0964,0xfffffde6,0,6,89,0,857
11776,1,0,0,0x00000004141c0968,0xfffffd75,0,6,90,0,858
11777,1,1,1,0x00000004141c0968,0xfffffd75,0,6,90,0,858
11778,1,1,1,0x00000004141c096c,0x0000049a,0,6,91,0,859
11779,1,1,1,0x00000004141c0970,0x000000f3,0,6,92,0,860
11780,1,1,1,0x00000004141c0974,0x00000b1a,0,6,93,0,861
11781,1,0,0,0x00000004141c0978,0x000002f5,0,6,94,0,862
11782,1,1,1,0x00000004141c0978,0x000002f5,0,6,94,0,862
11783,1,1,1,0x00000004141c097c,0x00000123,0,6,95,0,863
11784,1,1,1,0x00000004141c0980,0x00001b1b,0,6,96,0,864
11785,1,1,1,0x00000004141c0984,0x000000d8,0,6,97,0,865
11786,1,0,0,0x00000004141c0988,0xffffdbe2,0,6,98,0,866
11787,1,1,1,0x00000004141c0988,0xffffdbe2,0,6,98,0,866
11788,1,1,1,0x00000004141c098c,0xfffffc54,0,6,99,0,867
11789,1,1,1,0x00000004141c0990,0x000010df,0,6,100,0,868
11790,1,1,1,0x00000004141c0994,0x000004cd,0,6,101,0,869
11791,1,0,0,0x00000004141c0998,0x000002f2,0,6,102,0,870
11792,1,1,1,0x00000004141c0998,0x000002f2,0,6,102,0,870
11793,1,1,1,0x00000004141c099c,0xfffffa09,0,6,103,0,871
11794,1,1,1,0x00000004141c09a0,0xfffff492,0,6,104,0,872
11795,1,1,1,0x00000004141c09a4,0x00000214,0,6,105,0,873
11796,1,0,0,0x00000004141c09a8,0xfffff53c,0,6,106,0,874
11797,1,1,1,0x00000004141c09a8,0xfffff53c,0,6,106,0,874
11798,1,1,1,0x00000004141c09ac,0x0000008b,0,6,107,0,875
11799,1,0,0,0x00000004141c09b0,0x00000b18,0,6,108,0,876
11800,1,1,1,0x00000004141c09b0,0x00000b18,0,6,108,0,876
11801,1,0,0,0x00000004141c09b4,0x00000968,0,6,109,0,877
11802,1,1,1,0x00000004141c09b4,0x00000968,0,6,109,0,877
11803,1,1,1,0x00000004141c09b8,0xfffffd9e,0,6,110,0,878
11804,1,1,1,0x00000004141c09bc,0xfffffc26,0,6,111,0,879
11805,1,1,1,0x00000004141c09c0,0xfffff591,0,6,112,0,880
11806,1,0,0,0x00000004141c09c4,0x00000130,0,6,113,0,881
11807,1,1,1,0x00000004141c09c4,0x00000130,0,6,113,0,881
11808,1,1,1,0x00000004141c09c8,0x0000394e,0,6,114,0,882
11809,1,1,1,0x00000004141c09cc,0xfffca13e,0,6,115,0,883
11810,1,1,1,0x00000004141c09d0,0xfffffac2,0,6,116,0,884
11811,1,0,0,0x00000004141c09d4,0xfffffe74,0,6,117,0,885
11812,1,0,0,0x00000004141c09d4,0xfffffe74,0,6,117,0,885
11813,1,1,1,0x00000004141c09d4,0xfffffe74,0,6,117,0,885
11814,1,1,1,0x00000004141c09d8,0x00000203,0,6,118,0,886
11815,1,1,1,0x00000004141c09dc,0x000000bf,0,6,119,0,887
11816,1,0,0,0x00000004141c09e0,0x0000034e,0,6,120,0,888
11817,1,1,1,0x00000004141c09e0,0x0000034e,0,6,120,0,888
11818,1,1,1,0x00000004141c09e4,0xfffff92e,0,6,121,0,889
11819,1,1,1,0x00000004141c09e8,0xfffffd70,0,6,122,0,890
11820,1,1,1,0x00000004141c09ec,0xfffffafe,0,6,123,0,891
11821,1,0,0,0x00000004141c09f0,0xffffffa3,0,6,124,0,892
11822,1,1,1,0x00000004141c09f0,0xffffffa3,0,6,124,0,892
11823,1,1,1,0x00000004141c09f4,0x000001bd,0,6,125,0,893
11824,1,1,1,0x00000004141c09f8,0xfffffe93,0,6,126,0,894
11825,1,0,0,0x00000004141c09fc,0x000000b0,0,6,127,0,895
11826,1,0,0,0x00000004141c09fc,0x000000b0,0,6,127,0,895
11827,1,1,1,0x00000004141c09fc,0x000000b0,0,6,127,0,895
11828,1,1,1,0x00000004141e0800,0x00000604,0,7,0,0,896
11829,1,1,1,0x00000004141e0804,0xfffff8fe,0,7,1,0,897
11830,1,1,1,0x00000004141e0808,0xfffffc75,0,7,2,0,898
11831,1,0,0,0x00000004141e080c,0xfffff72d,0,7,3,0,899
11832,1,1,1,0x00000004141e080c,0xfffff72d,0,7,3,0,899
11833,1,1,1,0x00000004141e0810,0xfffffa97,0,7,4,0,900
11834,1,1,1,0x00000004141e0814,0x00000e31,0,7,5,0,901
11835,1,1,1,0x00000004141e0818,0x000001fe,0,7,6,0,902
11836,1,0,0,0x00000004141e081c,0xffffe496,0,7,7,0,903
11837,1,1,1,0x00000004141e081c,0xffffe496,0,7,7,0,903
11838,1,0,0,0x00000004141e0820,0xffffeea4,0,7,8,0,904
11839,1,1,1,0x00000004141e0820,0xffffeea4,0,7,8,0,904
11840,1,1,1,0x00000004141e0824,0xfffffac9,0,7,9,0,905
11841,1,0,0,0x00000004141e0828,0xfffff849,0,7,10,0,906
11842,1,1,1,0x00000004141e0828,0xfffff849,0,7,10,0,906
11843,1,1,1,0x00000004141e082c,0x000002f0,0,7,11,0,907
11844,1,1,1,0x00000004141e0830,0xfffffb47,0,7,12,0,908
11845,1,1,1,0x00000004141e0834,0xfffff8dc,0,7,13,0,909
11846,1,0,0,0x00000004141e0838,0x0000015f,0,7,14,0,910
11847,1,1,1,0x00000004141e0838,0x0000015f,0,7,14,0,910
11848,1,1,1,0x00000004141e083c,0xfffffce9,0,7,15,0,911
11849,1,1,1,0x00000004141e0840,0xfffff0ae,0,7,16,0,912
11850,1,1,1,0x00000004141e0844,0x00000f2a,0,7,17,0,913
11851,1,0,0,0x00000004141e0848,0x00001196,0,7,18,0,914
11852,1,1,1,0x00000004141e0848,0x00001196,0,7,18,0,914
11853,1,1,1,0x00000004141e084c,0xfffff1ad,0,7,19,0,915
11854,1,1,1,0x00000004141e0850,0xfffff169,0,7,20,0,916
11855,1,1,1,0x00000004141e0854,0xfffff3e0,0,7,21,0,917
11856,1,0,0,0x00000004141e0858,0x000010a2,0,7,22,0,918
11857,1,1,1,0x00000004141e0858,0x000010a2,0,7,22,0,918
11858,1,1,1,0x00000004141e085c,0x00000093,0,7,23,0,919
11859,1,1,1,0x00000004141e0860,0x00005716,0,7,24,0,920
11860,1,1,1,0x00000004141e0864,0xfffffefe,0,7,25,0,921
11861,1,0,0,0x00000004141e0868,0x0000074e,0,7,26,0,922
11862,1,1,1,0x00000004141e0868,0x0000074e,0,7,26,0,922
11863,1,1,1,0x00000004141e086c,0xfffff7a2,0,7,27,0,923
11864,1,0,0,0x00000004141e0870,0xfffffadb,0,7,28,0,924
11865,1,1,1,0x00000004141e0870,0xfffffadb,0,7,28,0,924
11866,1,0,0,0x00000004141e0874,0x0000155a,0,7,29,0,925
11867,1,1,1,0x00000004141e0874,0x0000155a,0,7,29,0,925
11868,1,1,1,0x00000004141e0878,0x00000a61,0,7,30,0,926
11869,1,1,1,0x00000004141e087c,0xfffff91a,0,7,31,0,927
11870,1,1,1,0x00000004141e0880,0x00000fd9,0,7,32,0,928
11871,1,0,0,0x00000004141e0884,0xffffeed4,0,7,33,0,929
11872,1,1,1,0x00000004141e0884,0xffffeed4,0,7,33,0,929
11873,1,1,1,0x00000004141e0888,0xfffff8a9,0,7,34,0,930
11874,1,1,1,0x00000004141e088c,0x00001467,0,7,35,0,931
11875,1,1,1,0x00000004141e0890,0xfffff404,0,7,36,0,932
11876,1,0,0,0x00000004141e0894,0xfffffb23,0,7,37,0,933
11877,1,0,0,0x00000004141e0894,0xfffffb23,0,7,37,0,933
11878,1,1,1,0x00000004141e0894,0xfffffb23,0,7,37,0,933
11879,1,1,1,0x00000004141e0898,0x0000272b,0,7,38,0,934
11880,1,1,1,0x00000004141e089c,0xfffff707,0,7,39,0,935
11881,1,0,0,0x00000004141e08a0,0x0000031f,0,7,40,0,936
11882,1,1,1,0x00000004141e08a0,0x0000031f,0,7,40,0,936
11883,1,1,1,0x00000004141e08a4,0xfffffd6b,0,7,41,0,937
11884,1,1,1,0x00000004141e08a8,0xffffd8f2,0,7,42,0,938
11885,1,1,1,0x00000004141e08ac,0x000001f3,0,7,43,0,939
11886,1,0,0,0x00000004141e08b0,0x00000885,0,7,44,0,940
11887,1,1,1,0x00000004141e08b0,0x00000885,0,7,44,0,940
11888,1,1,1,0x00000004141e08b4,0xfffffb99,0,7,45,0,941
11889,1,1,1,0x00000004141e08b8,0xffffef79,0,7,46,0,942
11890,1,0,0,0x00000004141e08bc,0x000004d5,0,7,47,0,943
11891,1,0,0,0x00000004141e08bc,0x000004d5,0,7,47,0,943
11892,1,1,1,0x00000004141e08bc,0x000004d5,0,7,47,0,943
11893,1,1,1,0x00000004141e08c0,0x000001fe,0,7,48,0,944
11894,1,1,1,0x00000004141e08c4,0x000043d4,0,7,49,0,945
11895,1,1,1,0x00000004141e08c8,0x000b0eb4,0,7,50,0,946
11896,1,0,0,0x00000004141e08cc,0xfffffb7f,0,7,51,0,947
11897,1,1,1,0x00000004141e08cc,0xfffffb7f,0,7,51,0,947
11898,1,1,1,0x00000004141e08d0,0xfffff61e,0,7,52,0,948
11899,1,1,1,0x00000004141e08d4,0x000007f0,0,7,53,0,949
11900,1,1,1,0x00000004141e08d8,0x00000314,0,7,54,0,950
11901,1,0,0,0x00000004141e08dc,0xffffec45,0,7,55,0,951
11902,1,1,1,0x00000004141e08dc,0xffffec45,0,7,55,0,951
11903,1,0,0,0x00000004141e08e0,0x000000d3,0,7,56,0,952
11904,1,1,1,0x00000004141e08e0,0x000000d3,0,7,56,0,952
11905,1,1,1,0x00000004141e08e4,0x000005c5,0,7,57,0,953
11906,1,0,0,0x00000004141e08e8,0x00000627,0,7,58,0,954
11907,1,1,1,0x00000004141e08e8,0x00000627,0,7,58,0,954
11908,1,1,1,0x00000004141e08ec,0x00001f59,0,7,59,0,955
11909,1,1,1,0x00000004141e08f0,0x00001422,0,7,60,0,956
11910,1,1,1,0x00000004141e08f4,0x00000458,0,7,61,0,957
11911,1,0,0,0x00000004141e08f8,0xfffffeae,0,7,62,0,958
11912,1,1,1,0x00000004141e08f8,0xfffffeae,0,7,62,0,958
11913,1,1,1,0x00000004141e08fc,0x00000259,0,7,63,0,959
11914,1,1,1,0x00000004141e0900,0x0000095d,0,7,64,0,960
11915,1,1,1,0x00000004141e0904,0x0000168f,0,7,65,0,961
11916,1,0,0,0x00000004141e0908,0x00001982,0,7,66,0,962
11917,1,1,1,0x00000004141e0908,0x00001982,0,7,66,0,962
11918,1,1,1,0x00000004141e090c,0x00000547,0,7,67,0,963
11919,1,1,1,0x00000004141e0910,0xfffff3dc,0,7,68,0,964
11920,1,1,1,0x00000004141e0914,0x00001b7e,0,7,69,0,965
11921,1,0,0,0x00000004141e0918,0x00002e0a,0,7,70,0,966
11922,1,1,1,0x00000004141e0918,0x00002e0a,0,7,70,0,966
11923,1,1,1,0x00000004141e091c,0x00000163,0,7,71,0,967
11924,1,1,1,0x00000004141e0920,0x000000e3,0,7,72,0,968
11925,1,1,1,0x00000004141e0924,0x000018d7,0,7,73,0,969
11926,1,0,0,0x00000004141e0928,0xfffffe9e,0,7,74,0,970
11927,1,1,1,0x00000004141e0928,0xfffffe9e,0,7,74,0,970
11928,1,1,1,0x00000004141e092c,0xfffffc67,0,7,75,0,971
11929,1,0,0,0x00000004141e0930,0x00003208,0,7,76,0,972
11930,1,1,1,0x00000004141e0930,0x00003208,0,7,76,0,972
11931,1,0,0,0x00000004141e0934,0xffffc562,0,7,77,0,973
11932,1,1,1,0x00000004141e0934,0xffffc562,0,7,77,0,973
11933,1,1,1,0x00000004141e0938,0x00000862,0,7,78,0,974
11934,1,1,1,0x00000004141e093c,0xfffffbe8,0,7,79,0,975
11935,1,1,1,0x00000004141e0940,0xffffe65e,0,7,80,0,976
11936,1,0,0,0x00000004141e0944,0xfffffd9f,0,7,81,0,977
11937,1,1,1,0x00000004141e0944,0xfffffd9f,0,7,81,0,977
11938,1,1,1,0x00000004141e0948,0xfffff5d2,0,7,82,0,978
11939,1,1,1,0x00000004141e094c,0xffffe7e7,0,7,83,0,979
11940,1,1,1,0x00000004141e0950,0xfffff58b,0,7,84,0,980
11941,1,0,0,0x00000004141e0954,0x00001715,0,7,85,0,981
11942,1,0,0,0x00000004141e0954,0x00001715,0,7,85,0,981
11943,1,1,1,0x00000004141e0954,0x00001715,0,7,85,0,981
11944,1,1,1,0x00000004141e0958,0xfffffe0b,0,7,86,0,982
11945,1,1,1,0x00000004141e095c,0x00000376,0,7,87,0,983
11946,1,0,0,0x00000004141e0960,0xfffff3dd,0,7,88,0,984
11947,1,1,1,0x00000004141e0960,0xfffff3dd,0,7,88,0,984
11948,1,1,1,0x00000004141e0964,0xfffff399,0,7,89,0,985
11949,1,1,1,0x00000004141e0968,0xfffff058,0,7,90,0,986
11950,1,1,1,0x00000004141e096c,0x0000109d,0,7,91,0,987
11951,1,0,0,0x00000004141e0970,0x00001d30,0,7,92,0,988
11952,1,1,1,0x00000004141e0970,0x00001d30,0,7,92,0,988
11953,1,1,1,0x00000004141e0974,0xfffff5bf,0,7,93,0,989
11954,1,1,1,0x00000004141e0978,0x00000531,0,7,94,0,990
11955,1,0,0,0x00000004141e097c,0xfffffbe7,0,7,95,0,991
11956,1,0,0,0x00000004141e097c,0xfffffbe7,0,7,95,0,991
11957,1,1,1,0x00000004141e097c,0xfffffbe7,0,7,95,0,991
11958,1,1,1,0x00000004141e0980,0xfffff275,0,7,96,0,992
11959,1,1,1,0x00000004141e0984,0x00000d7e,0,7,97,0,993
11960,1,1,1,0x00000004141e0988,0x00002f5a,0,7,98,0,994
11961,1,0,0,0x00000004141e098c,0xfffffd6d,0,7,99,0,995
11962,1,1,1,0x00000004141e098c,0xfffffd6d,0,7,99,0,995
11963,1,1,1,0x00000004141e0990,0xfffff25e,0,7,100,0,996
11964,1,1,1,0x00000004141e0994,0xfffff20b,0,7,101,0,997
11965,1,1,1,0x00000004141e0998,0x0000046e,0,7,102,0,998
11966,1,0,0,0x00000004141e099c,0xffffe7a7,0,7,103,0,999
11967,1,1,1,0x00000004141e099c,0xffffe7a7,0,7,103,0,999
11968,1,0,0,0x00000004141e09a0,0x00000625,0,7,104,0,1000
11969,1,0,0,0x00000004141e09a0,0x00000625,0,7,104,0,1000
11970,1,0,0,0x00000004141e09a0,0x00000625,0,7,104,0,1000
11971,1,0,0,0x00000004141e09a0,0x00000625,0,7,104,0,1000
11972,1,1,1,0x00000004141e09a0,0x00000625,0,7,104,0,1000
11973,1,0,0,0x00000004141e09a4,0xfffffe9b,0,7,105,0,1001
11974,1,0,0,0x00000004141e09a4,0xfffffe9b,0,7,105,0,1001
11975,1,0,0,0x00000004141e09a4,0xfffffe9b,0,7,105,0,1001
11976,1,0,0,0x00000004141e09a4,0xfffffe9b,0,7,105,0,1001
11977,1,0,0,0x00000004141e09a4,0xfffffe9b,0,7,105,0,1001
11978,1,0,0,0x00000004141e09a4,0xfffffe9b,0,7,105,0,1001
11979,1,0,0,0x00000004141e09a4,0xfffffe9b,0,7,105,0,1001
11980,1,1,1,0x00000004141e09a4,0xfffffe9b,0,7,105,0,1001
11981,1,0,0,0x00000004141e09a8,0x00001952,0,7,106,0,1002
11982,1,0,0,0x00000004141e09a8,0x00001952,0,7,106,0,1002
11983,1,0,0,0x00000004141e09a8,0x00001952,0,7,106,0,1002
11984,1,1,1,0x00000004141e09a8,0x00001952,0,7,106,0,1002
11985,1,0,0,0x00000004141e09ac,0xffffff75,0,7,107,0,1003
11986,1,0,0,0x00000004141e09ac,0xffffff75,0,7,107,0,1003
11987,1,0,0,0x00000004141e09ac,0xffffff75,0,7,107,0,1003
11988,1,1,1,0x00000004141e09ac,0xffffff75,0,7,107,0,1003
11989,1,0,0,0x00000004141e09b0,0x000000f7,0,7,108,0,1004
11990,1,0,0,0x00000004141e09b0,0x000000f7,0,7,108,0,1004
11991,1,0,0,0x00000004141e09b0,0x000000f7,0,7,108,0,1004
11992,1,1,1,0x00000004141e09b0,0x000000f7,0,7,108,0,1004
11993,1,0,0,0x00000004141e09b4,0x00001123,0,7,109,0,1005
11994,1,0,0,0x00000004141e09b4,0x00001123,0,7,109,0,1005
11995,1,0,0,0x00000004141e09b4,0x00001123,0,7,109,0,1005
11996,1,0,0,0x00000004141e09b4,0x00001123,0,7,109,0,1005
11997,1,0,0,0x00000004141e09b4,0x00001123,0,7,109,0,1005
11998,1,0,0,0x00000004141e09b4,0x00001123,0,7,109,0,1005
11999,1,0,0,0x00000004141e09b4,0x00001123,0,7,109,0,1005
12000,1,1,1,0x00000004141e09b4,0x00001123,0,7,109,0,1005
12001,1,0,0,0x00000004141e09b8,0xfffff6ee,0,7,110,0,1006
12002,1,0,0,0x00000004141e09b8,0xfffff6ee,0,7,110,0,1006
12003,1,0,0,0x00000004141e09b8,0xfffff6ee,0,7,110,0,1006
12004,1,1,1,0x00000004141e09b8,0xfffff6ee,0,7,110,0,1006
12005,1,0,0,0x00000004141e09bc,0x00001bd8,0,7,111,0,1007
12006,1,0,0,0x00000004141e09bc,0x00001bd8,0,7,111,0,1007
12007,1,0,0,0x00000004141e09bc,0x00001bd8,0,7,111,0,1007
12008,1,1,1,0x00000004141e09bc,0x00001bd8,0,7,111,0,1007
12009,1,0,0,0x00000004141e09c0,0xffffe2df,0,7,112,0,1008
12010,1,0,0,0x00000004141e09c0,0xffffe2df,0,7,112,0,1008
12011,1,0,0,0x00000004141e09c0,0xffffe2df,0,7,112,0,1008
12012,1,1,1,0x00000004141e09c0,0xffffe2df,0,7,112,0,1008
12013,1,0,0,0x00000004141e09c4,0xffffde98,0,7,113,0,1009
12014,1,0,0,0x00000004141e09c4,0xffffde98,0,7,113,0,1009
12015,1,0,0,0x00000004141e09c4,0xffffde98,0,7,113,0,1009
12016,1,0,0,0x00000004141e09c4,0xffffde98,0,7,113,0,1009
12017,1,0,0,0x00000004141e09c4,0xffffde98,0,7,113,0,1009
12018,1,0,0,0x00000004141e09c4,0xffffde98,0,7,113,0,1009
12019,1,0,0,0x00000004141e09c4,0xffffde98,0,7,113,0,1009
12020,1,0,0,0x00000004141e09c4,0xffffde98,0,7,113,0,1009
12021,1,0,0,0x00000004141e09c4,0xffffde98,0,7,113,0,1009
12022,1,0,0,0x00000004141e09c4,0xffffde98,0,7,113,0,1009
12023,1,0,0,0x00000004141e09c4,0xffffde98,0,7,113,0,1009
12024,1,1,1,0x00000004141e09c4,0xffffde98,0,7,113,0,1009
12025,1,0,0,0x00000004141e09c8,0x00001e2e,0,7,114,0,1010
12026,1,0,0,0x00000004141e09c8,0x00001e2e,0,7,114,0,1010
12027,1,0,0,0x00000004141e09c8,0x00001e2e,0,7,114,0,1010
12028,1,1,1,0x00000004141e09c8,0x00001e2e,0,7,114,0,1010
12029,1,0,0,0x00000004141e09cc,0xfffc012e,0,7,115,0,1011
12030,1,0,0,0x00000004141e09cc,0xfffc012e,0,7,115,0,1011
12031,1,0,0,0x00000004141e09cc,0xfffc012e,0,7,115,0,1011
12032,1,1,1,0x00000004141e09cc,0xfffc012e,0,7,115,0,1011
12033,1,0,0,0x00000004141e09d0,0xffffffc4,0,7,116,0,1012
12034,1,0,0,0x00000004141e09d0,0xffffffc4,0,7,116,0,1012
12035,1,0,0,0x00000004141e09d0,0xffffffc4,0,7,116,0,1012
12036,1,0,0,0x00000004141e09d0,0xffffffc4,0,7,116,0,1012
12037,1,0,0,0x00000004141e09d0,0xffffffc4,0,7,116,0,1012
12038,1,0,0,0x00000004141e09d0,0xffffffc4,0,7,116,0,1012
12039,1,0,0,0x00000004141e09d0,0xffffffc4,0,7,116,0,1012
12040,1,1,1,0x00000004141e09d0,0xffffffc4,0,7,116,0,1012
12041,1,0,0,0x00000004141e09d4,0x00000e4d,0,7,117,0,1013
12042,1,0,0,0x00000004141e09d4,0x00000e4d,0,7,117,0,1013
12043,1,0,0,0x00000004141e09d4,0x00000e4d,0,7,117,0,1013
12044,1,1,1,0x00000004141e09d4,0x00000e4d,0,7,117,0,1013
12045,1,0,0,0x00000004141e09d8,0x0000006c,0,7,118,0,1014
12046,1,0,0,0x00000004141e09d8,0x0000006c,0,7,118,0,1014
12047,1,0,0,0x00000004141e09d8,0x0000006c,0,7,118,0,1014
12048,1,1,1,0x00000004141e09d8,0x0000006c,0,7,118,0,1014
12049,1,0,0,0x00000004141e09dc,0xffffe6a5,0,7,119,0,1015
12050,1,0,0,0x00000004141e09dc,0xffffe6a5,0,7,119,0,1015
12051,1,0,0,0x00000004141e09dc,0xffffe6a5,0,7,119,0,1015
12052,1,1,1,0x00000004141e09dc,0xffffe6a5,0,7,119,0,1015
12053,1,0,0,0x00000004141e09e0,0x00000114,0,7,120,0,1016
12054,1,0,0,0x00000004141e09e0,0x00000114,0,7,120,0,1016
12055,1,0,0,0x00000004141e09e0,0x00000114,0,7,120,0,1016
12056,1,0,0,0x00000004141e09e0,0x00000114,0,7,120,0,1016
12057,1,0,0,0x00000004141e09e0,0x00000114,0,7,120,0,1016
12058,1,0,0,0x00000004141e09e0,0x00000114,0,7,120,0,1016
12059,1,0,0,0x00000004141e09e0,0x00000114,0,7,120,0,1016
12060,1,1,1,0x00000004141e09e0,0x00000114,0,7,120,0,1016
12061,1,0,0,0x00000004141e09e4,0xfffff85e,0,7,121,0,1017
12062,1,0,0,0x00000004141e09e4,0xfffff85e,0,7,121,0,1017
12063,1,0,0,0x00000004141e09e4,0xfffff85e,0,7,121,0,1017
12064,1,1,1,0x00000004141e09e4,0xfffff85e,0,7,121,0,1017
12065,1,0,0,0x00000004141e09e8,0x0000042b,0,7,122,0,1018
12066,1,0,0,0x00000004141e09e8,0x0000042b,0,7,122,0,1018
12067,1,0,0,0x00000004141e09e8,0x0000042b,0,7,122,0,1018
12068,1,1,1,0x00000004141e09e8,0x0000042b,0,7,122,0,1018
12069,1,0,0,0x00000004141e09ec,0xffffe9d8,0,7,123,0,1019
12070,1,0,0,0x00000004141e09ec,0xffffe9d8,0,7,123,0,1019
12071,1,0,0,0x00000004141e09ec,0xffffe9d8,0,7,123,0,1019
12072,1,0,0,0x00000004141e09ec,0xffffe9d8,0,7,123,0,1019
12073,1,0,0,0x00000004141e09ec,0xffffe9d8,0,7,123,0,1019
12074,1,0,0,0x00000004141e09ec,0xffffe9d8,0,7,123,0,1019
12075,1,0,0,0x00000004141e09ec,0xffffe9d8,0,7,123,0,1019
12076,1,0,0,0x00000004141e09ec,0xffffe9d8,0,7,123,0,1019
12077,1,0,0,0x00000004141e09ec,0xffffe9d8,0,7,123,0,1019
12078,1,0,0,0x00000004141e09ec,0xffffe9d8,0,7,123,0,1019
12079,1,0,0,0x00000004141e09ec,0xffffe9d8,0,7,123,0,1019
12080,1,1,1,0x00000004141e09ec,0xffffe9d8,0,7,123,0,1019
12081,1,0,0,0x00000004141e09f0,0xfffff8b8,0,7,124,0,1020
12082,1,0,0,0x00000004141e09f0,0xfffff8b8,0,7,124,0,1020
12083,1,0,0,0x00000004141e09f0,0xfffff8b8,0,7,124,0,1020
12084,1,1,1,0x00000004141e09f0,0xfffff8b8,0,7,124,0,1020
12085,1,0,0,0x00000004141e09f4,0xfffffbc1,0,7,125,0,1021
12086,1,0,0,0x00000004141e09f4,0xfffffbc1,0,7,125,0,1021
12087,1,0,0,0x00000004141e09f4,0xfffffbc1,0,7,125,0,1021
12088,1,1,1,0x00000004141e09f4,0xfffffbc1,0,7,125,0,1021
12089,1,0,0,0x00000004141e09f8,0xffffeadd,0,7,126,0,1022
12090,1,0,0,0x00000004141e09f8,0xffffeadd,0,7,126,0,1022
12091,1,0,0,0x00000004141e09f8,0xffffeadd,0,7,126,0,1022
12092,1,1,1,0x00000004141e09f8,0xffffeadd,0,7,126,0,1022
12093,1,0,0,0x00000004141e09fc,0x00000947,0,7,127,0,1023
12094,1,0,0,0x00000004141e09fc,0x00000947,0,7,127,0,1023
12095,1,0,0,0x00000004141e09fc,0x00000947,0,7,127,0,1023
12096,1,0,0,0x00000004141e09fc,0x00000947,0,7,127,0,1023
12097,1,0,0,0x00000004141e09fc,0x00000947,0,7,127,0,1023
12098,1,0,0,0x00000004141e09fc,0x00000947,0,7,127,0,1023
12099,1,0,0,0x00000004141e09fc,0x00000947,0,7,127,0,1023
12100,1,1,1,0x00000004141e09fc,0x00000947,0,7,127,0,1023
12101,1,0,0,0x0000000414200800,0x0000005c,1,0,0,0,1024
12102,1,0,0,0x0000000414200800,0x0000005c,1,0,0,0,1024
12103,1,0,0,0x0000000414200800,0x0000005c,1,0,0,0,1024
12104,1,1,1,0x0000000414200800,0x0000005c,1,0,0,0,1024
12105,1,0,0,0x0000000414200804,0x000000bd,1,0,1,0,1025
12106,1,0,0,0x0000000414200804,0x000000bd,1,0,1,0,1025
12107,1,0,0,0x0000000414200804,0x000000bd,1,0,1,0,1025
12108,1,1,1,0x0000000414200804,0x000000bd,1,0,1,0,1025
12109,1,0,0,0x0000000414200808,0xfffffffe,1,0,2,0,1026
12110,1,0,0,0x0000000414200808,0xfffffffe,1,0,2,0,1026
12111,1,0,0,0x0000000414200808,0xfffffffe,1,0,2,0,1026
12112,1,1,1,0x0000000414200808,0xfffffffe,1,0,2,0,1026
12113,1,0,0,0x000000041420080c,0x00000023,1,0,3,0,1027
12114,1,0,0,0x000000041420080c,0x00000023,1,0,3,0,1027
12115,1,0,0,0x000000041420080c,0x00000023,1,0,3,0,1027
12116,1,0,0,0x000000041420080c,0x00000023,1,0,3,0,1027
12117,1,0,0,0x000000041420080c,0x00000023,1,0,3,0,1027
12118,1,0,0,0x000000041420080c,0x00000023,1,0,3,0,1027
12119,1,0,0,0x000000041420080c,0x00000023,1,0,3,0,1027
12120,1,1,1,0x000000041420080c,0x00000023,1,0,3,0,1027
12121,1,0,0,0x0000000414200810,0xfffffeae,1,0,4,0,1028
12122,1,0,0,0x0000000414200810,0xfffffeae,1,0,4,0,1028
12123,1,0,0,0x0000000414200810,0xfffffeae,1,0,4,0,1028
12124,1,0,0,0x0000000414200810,0xfffffeae,1,0,4,0,1028
12125,1,0,0,0x0000000414200810,0xfffffeae,1,0,4,0,1028
12126,1,0,0,0x0000000414200810,0xfffffeae,1,0,4,0,1028
12127,1,0,0,0x0000000414200810,0xfffffeae,1,0,4,0,1028
12128,1,1,1,0x0000000414200810,0xfffffeae,1,0,4,0,1028
12129,1,0,0,0x0000000414200814,0x000000d8,1,0,5,0,1029
12130,1,0,0,0x0000000414200814,0x000000d8,1,0,5,0,1029
12131,1,0,0,0x0000000414200814,0x000000d8,1,0,5,0,1029
12132,1,1,1,0x0000000414200814,0x000000d8,1,0,5,0,1029
12133,1,0,0,0x0000000414200818,0xffffff26,1,0,6,0,1030
12134,1,0,0,0x0000000414200818,0xffffff26,1,0,6,0,1030
12135,1,0,0,0x0000000414200818,0xffffff26,1,0,6,0,1030
12136,1,0,0,0x0000000414200818,0xffffff26,1,0,6,0,1030
12137,1,0,0,0x0000000414200818,0xffffff26,1,0,6,0,1030
12138,1,0,0,0x0000000414200818,0xffffff26,1,0,6,0,1030
12139,1,0,0,0x0000000414200818,0xffffff26,1,0,6,0,1030
12140,1,1,1,0x0000000414200818,0xffffff26,1,0,6,0,1030
12141,1,0,0,0x000000041420081c,0xfffffff6,1,0,7,0,1031
12142,1,0,0,0x000000041420081c,0xfffffff6,1,0,7,0,1031
12143,1,0,0,0x000000041420081c,0xfffffff6,1,0,7,0,1031
12144,1,1,1,0x000000041420081c,0xfffffff6,1,0,7,0,1031
12145,1,0,0,0x0000000414200820,0x00000030,1,0,8,0,1032
12146,1,0,0,0x0000000414200820,0x00000030,1,0,8,0,1032
12147,1,0,0,0x0000000414200820,0x00000030,1,0,8,0,1032
12148,1,1,1,0x0000000414200820,0x00000030,1,0,8,0,1032
12149,1,0,0,0x0000000414200824,0xffffffbc,1,0,9,0,1033
12150,1,0,0,0x0000000414200824,0xffffffbc,1,0,9,0,1033
12151,1,0,0,0x0000000414200824,0xffffffbc,1,0,9,0,1033
12152,1,1,1,0x0000000414200824,0xffffffbc,1,0,9,0,1033
12153,1,0,0,0x0000000414200828,0xffffff6e,1,0,10,0,1034
12154,1,0,0,0x0000000414200828,0xffffff6e,1,0,10,0,1034
12155,1,0,0,0x0000000414200828,0xffffff6e,1,0,10,0,1034
12156,1,0,0,0x0000000414200828,0xffffff6e,1,0,10,0,1034
12157,1,0,0,0x0000000414200828,0xffffff6e,1,0,10,0,1034
12158,1,0,0,0x0000000414200828,0xffffff6e,1,0,10,0,1034
12159,1,0,0,0x0000000414200828,0xffffff6e,1,0,10,0,1034
12160,1,1,1,0x0000000414200828,0xffffff6e,1,0,10,0,1034
12161,1,0,0,0x000000041420082c,0xffffffbd,1,0,11,0,1035
12162,1,0,0,0x000000041420082c,0xffffffbd,1,0,11,0,1035
12163,1,0,0,0x000000041420082c,0xffffffbd,1,0,11,0,1035
12164,1,1,1,0x000000041420082c,0xffffffbd,1,0,11,0,1035
12165,1,1,1,0x0000000414200830,0x00000384,1,0,12,0,1036
12166,1,0,0,0x0000000414200834,0xffffffd2,1,0,13,0,1037
12167,1,1,1,0x0000000414200834,0xffffffd2,1,0,13,0,1037
12168,1,1,1,0x0000000414200838,0x00000022,1,0,14,0,1038
12169,1,1,1,0x000000041420083c,0x0000016b,1,0,15,0,1039
12170,1,1,1,0x0000000414200840,0xffffffce,1,0,16,0,1040
12171,1,0,0,0x0000000414200844,0xffffff59,1,0,17,0,1041
12172,1,1,1,0x0000000414200844,0xffffff59,1,0,17,0,1041
12173,1,1,1,0x0000000414200848,0xfffffeff,1,0,18,0,1042
12174,1,1,1,0x000000041420084c,0x00000085,1,0,19,0,1043
12175,1,1,1,0x0000000414200850,0x0000000c,1,0,20,0,1044
12176,1,0,0,0x0000000414200854,0xffffffc4,1,0,21,0,1045
12177,1,1,1,0x0000000414200854,0xffffffc4,1,0,21,0,1045
12178,1,1,1,0x0000000414200858,0xffffff6e,1,0,22,0,1046
12179,1,1,1,0x000000041420085c,0x00000084,1,0,23,0,1047
12180,1,1,1,0x0000000414200860,0xffffff89,1,0,24,0,1048
12181,1,0,0,0x0000000414200864,0xffffff22,1,0,25,0,1049
12182,1,1,1,0x0000000414200864,0xffffff22,1,0,25,0,1049
12183,1,1,1,0x0000000414200868,0xffffff5a,1,0,26,0,1050
12184,1,1,1,0x000000041420086c,0x00000095,1,0,27,0,1051
12185,1,1,1,0x0000000414200870,0xffffff34,1,0,28,0,1052
12186,1,0,0,0x0000000414200874,0xfffffe81,1,0,29,0,1053
12187,1,1,1,0x0000000414200874,0xfffffe81,1,0,29,0,1053
12188,1,1,1,0x0000000414200878,0x0000010e,1,0,30,0,1054
12189,1,0,0,0x000000041420087c,0xfffffffc,1,0,31,0,1055
12190,1,1,1,0x000000041420087c,0xfffffffc,1,0,31,0,1055
12191,1,0,0,0x0000000414200880,0xffffff77,1,0,32,0,1056
12192,1,1,1,0x0000000414200880,0xffffff77,1,0,32,0,1056
12193,1,1,1,0x0000000414200884,0x000000ba,1,0,33,0,1057
12194,1,1,1,0x0000000414200888,0x00000090,1,0,34,0,1058
12195,1,1,1,0x000000041420088c,0xffffff5e,1,0,35,0,1059
12196,1,0,0,0x0000000414200890,0xffffffe8,1,0,36,0,1060
12197,1,1,1,0x0000000414200890,0xffffffe8,1,0,36,0,1060
12198,1,1,1,0x0000000414200894,0x00000196,1,0,37,0,1061
12199,1,1,1,0x0000000414200898,0xffffffdf,1,0,38,0,1062
12200,1,1,1,0x000000041420089c,0xffffff83,1,0,39,0,1063
12201,1,0,0,0x00000004142008a0,0x00000094,1,0,40,0,1064
12202,1,0,0,0x00000004142008a0,0x00000094,1,0,40,0,1064
12203,1,1,1,0x00000004142008a0,0x00000094,1,0,40,0,1064
12204,1,1,1,0x00000004142008a4,0x00000064,1,0,41,0,1065
12205,1,1,1,0x00000004142008a8,0xffffff76,1,0,42,0,1066
12206,1,0,0,0x00000004142008ac,0xfffffefb,1,0,43,0,1067
12207,1,1,1,0x00000004142008ac,0xfffffefb,1,0,43,0,1067
12208,1,1,1,0x00000004142008b0,0xffffff7e,1,0,44,0,1068
12209,1,1,1,0x00000004142008b4,0x00000049,1,0,45,0,1069
12210,1,1,1,0x00000004142008b8,0x000000b9,1,0,46,0,1070
12211,1,0,0,0x00000004142008bc,0x00000040,1,0,47,0,1071
12212,1,1,1,0x00000004142008bc,0x00000040,1,0,47,0,1071
12213,1,1,1,0x00000004142008c0,0x00000049,1,0,48,0,1072
12214,1,1,1,0x00000004142008c4,0xffffffaa,1,0,49,0,1073
12215,1,0,0,0x00000004142008c8,0xfffffecb,1,0,50,0,1074
12216,1,0,0,0x00000004142008c8,0xfffffecb,1,0,50,0,1074
12217,1,1,1,0x00000004142008c8,0xfffffecb,1,0,50,0,1074
12218,1,1,1,0x00000004142008cc,0x000000b2,1,0,51,0,1075
12219,1,1,1,0x00000004142008d0,0x00000061,1,0,52,0,1076
12220,1,1,1,0x00000004142008d4,0x0000014f,1,0,53,0,1077
12221,1,0,0,0x00000004142008d8,0xffffff9c,1,0,54,0,1078
12222,1,1,1,0x00000004142008d8,0xffffff9c,1,0,54,0,1078
12223,1,1,1,0x00000004142008dc,0x0000011f,1,0,55,0,1079
12224,1,1,1,0x00000004142008e0,0x00000086,1,0,56,0,1080
12225,1,1,1,0x00000004142008e4,0x0000003c,1,0,57,0,1081
12226,1,0,0,0x00000004142008e8,0x0000004b,1,0,58,0,1082
12227,1,1,1,0x00000004142008e8,0x0000004b,1,0,58,0,1082
12228,1,0,0,0x00000004142008ec,0xfffffedb,1,0,59,0,1083
12229,1,1,1,0x00000004142008ec,0xfffffedb,1,0,59,0,1083
12230,1,1,1,0x00000004142008f0,0xffffff7d,1,0,60,0,1084
12231,1,0,0,0x00000004142008f4,0x00000039,1,0,61,0,1085
12232,1,1,1,0x00000004142008f4,0x00000039,1,0,61,0,1085
12233,1,1,1,0x00000004142008f8,0xffffffbb,1,0,62,0,1086
12234,1,1,1,0x00000004142008fc,0xfffffe86,1,0,63,0,1087
12235,1,1,1,0x0000000414200900,0xfffffed5,1,0,64,0,1088
12236,1,0,0,0x0000000414200904,0x0000006f,1,0,65,0,1089
12237,1,1,1,0x0000000414200904,0x0000006f,1,0,65,0,1089
12238,1,1,1,0x0000000414200908,0xffffff56,1,0,66,0,1090
12239,1,1,1,0x000000041420090c,0xffffffe8,1,0,67,0,1091
12240,1,1,1,0x0000000414200910,0x0000004b,1,0,68,0,1092
12241,1,0,0,0x0000000414200914,0x00000148,1,0,69,0,1093
12242,1,1,1,0x0000000414200914,0x00000148,1,0,69,0,1093
12243,1,1,1,0x0000000414200918,0xfffffee2,1,0,70,0,1094
12244,1,1,1,0x000000041420091c,0xfffffff4,1,0,71,0,1095
12245,1,1,1,0x0000000414200920,0x00000047,1,0,72,0,1096
12246,1,0,0,0x0000000414200924,0xffffffda,1,0,73,0,1097
12247,1,1,1,0x0000000414200924,0xffffffda,1,0,73,0,1097
12248,1,1,1,0x0000000414200928,0x000000b0,1,0,74,0,1098
12249,1,1,1,0x000000041420092c,0x0000009c,1,0,75,0,1099
12250,1,1,1,0x0000000414200930,0x00000006,1,0,76,0,1100
12251,1,0,0,0x0000000414200934,0xfffffa12,1,0,77,0,1101
12252,1,1,1,0x0000000414200934,0xfffffa12,1,0,77,0,1101
12253,1,1,1,0x0000000414200938,0x00000017,1,0,78,0,1102
12254,1,0,0,0x000000041420093c,0x0000006e,1,0,79,0,1103
12255,1,1,1,0x000000041420093c,0x0000006e,1,0,79,0,1103
12256,1,0,0,0x0000000414200940,0xfffffefd,1,0,80,0,1104
12257,1,1,1,0x0000000414200940,0xfffffefd,1,0,80,0,1104
12258,1,1,1,0x0000000414200944,0xffffffa4,1,0,81,0,1105
12259,1,1,1,0x0000000414200948,0xffffffce,1,0,82,0,1106
12260,1,1,1,0x000000041420094c,0x0000004e,1,0,83,0,1107
12261,1,0,0,0x0000000414200950,0x000000cc,1,0,84,0,1108
12262,1,1,1,0x0000000414200950,0x000000cc,1,0,84,0,1108
12263,1,1,1,0x0000000414200954,0xffffff63,1,0,85,0,1109
12264,1,1,1,0x0000000414200958,0x0000005a,1,0,86,0,1110
12265,1,1,1,0x000000041420095c,0xffffff5a,1,0,87,0,1111
12266,1,0,0,0x0000000414200960,0x00000068,1,0,88,0,1112
12267,1,0,0,0x0000000414200960,0x00000068,1,0,88,0,1112
12268,1,1,1,0x0000000414200960,0x00000068,1,0,88,0,1112
12269,1,1,1,0x0000000414200964,0x00000135,1,0,89,0,1113
12270,1,1,1,0x0000000414200968,0x000000af,1,0,90,0,1114
12271,1,0,0,0x000000041420096c,0x00000027,1,0,91,0,1115
12272,1,1,1,0x000000041420096c,0x00000027,1,0,91,0,1115
12273,1,1,1,0x0000000414200970,0x000000c9,1,0,92,0,1116
12274,1,1,1,0x0000000414200974,0xffffff79,1,0,93,0,1117
12275,1,1,1,0x0000000414200978,0xffffffd5,1,0,94,0,1118
12276,1,0,0,0x000000041420097c,0x00000053,1,0,95,0,1119
12277,1,1,1,0x000000041420097c,0x00000053,1,0,95,0,1119
12278,1,1,1,0x0000000414200980,0xfffffe28,1,0,96,0,1120
12279,1,1,1,0x0000000414200984,0xffffff2e,1,0,97,0,1121
12280,1,0,0,0x0000000414200988,0xffffff3d,1,0,98,0,1122
12281,1,0,0,0x0000000414200988,0xffffff3d,1,0,98,0,1122
12282,1,1,1,0x0000000414200988,0xffffff3d,1,0,98,0,1122
12283,1,1,1,0x000000041420098c,0xffffff60,1,0,99,0,1123
12284,1,1,1,0x0000000414200990,0xfffffee3,1,0,100,0,1124
12285,1,1,1,0x0000000414200994,0xfffffef7,1,0,101,0,1125
12286,1,0,0,0x0000000414200998,0xffffff2d,1,0,102,0,1126
12287,1,1,1,0x0000000414200998,0xffffff2d,1,0,102,0,1126
12288,1,1,1,0x000000041420099c,0x00000033,1,0,103,0,1127
12289,1,1,1,0x00000004142009a0,0x00000066,1,0,104,0,1128
12290,1,1,1,0x00000004142009a4,0xfffffee6,1,0,105,0,1129
12291,1,0,0,0x00000004142009a8,0x00000152,1,0,106,0,1130
12292,1,1,1,0x00000004142009a8,0x00000152,1,0,106,0,1130
12293,1,0,0,0x00000004142009ac,0xffffffdf,1,0,107,0,1131
12294,1,1,1,0x00000004142009ac,0xffffffdf,1,0,107,0,1131
12295,1,1,1,0x00000004142009b0,0x0000008a,1,0,108,0,1132
12296,1,0,0,0x00000004142009b4,0x00000077,1,0,109,0,1133
12297,1,1,1,0x00000004142009b4,0x00000077,1,0,109,0,1133
12298,1,1,1,0x00000004142009b8,0xffffff59,1,0,110,0,1134
12299,1,1,1,0x00000004142009bc,0x000000e6,1,0,111,0,1135
12300,1,1,1,0x00000004142009c0,0x00000130,1,0,112,0,1136
12301,1,0,0,0x00000004142009c4,0xfffffeb6,1,0,113,0,1137
12302,1,1,1,0x00000004142009c4,0xfffffeb6,1,0,113,0,1137
12303,1,1,1,0x00000004142009c8,0xffffff81,1,0,114,0,1138
12304,1,1,1,0x00000004142009cc,0xfffffe69,1,0,115,0,1139
12305,1,1,1,0x00000004142009d0,0xffffff96,1,0,116,0,1140
12306,1,0,0,0x00000004142009d4,0x0000002f,1,0,117,0,1141
12307,1,1,1,0x00000004142009d4,0x0000002f,1,0,117,0,1141
12308,1,1,1,0x00000004142009d8,0x000000ac,1,0,118,0,1142
12309,1,1,1,0x00000004142009dc,0xffffff0c,1,0,119,0,1143
12310,1,1,1,0x00000004142009e0,0x000000af,1,0,120,0,1144
12311,1,0,0,0x00000004142009e4,0x0000008e,1,0,121,0,1145
12312,1,1,1,0x00000004142009e4,0x0000008e,1,0,121,0,1145
12313,1,1,1,0x00000004142009e8,0x0000005e,1,0,122,0,1146
12314,1,1,1,0x00000004142009ec,0xffffff67,1,0,123,0,1147
12315,1,1,1,0x00000004142009f0,0xfffffff2,1,0,124,0,1148
12316,1,0,0,0x00000004142009f4,0xfffffff7,1,0,125,0,1149
12317,1,1,1,0x00000004142009f4,0xfffffff7,1,0,125,0,1149
12318,1,1,1,0x00000004142009f8,0x00000034,1,0,126,0,1150
12319,1,0,0,0x00000004142009fc,0x00000076,1,0,127,0,1151
12320,1,1,1,0x00000004142009fc,0x00000076,1,0,127,0,1151
12321,1,0,0,0x0000000414220800,0x000001ce,1,1,0,0,1152
12322,1,1,1,0x0000000414220800,0x000001ce,1,1,0,0,1152
12323,1,1,1,0x0000000414220804,0xfffffbaf,1,1,1,0,1153
12324,1,1,1,0x0000000414220808,0x0000064a,1,1,2,0,1154
12325,1,1,1,0x000000041422080c,0x00000363,1,1,3,0,1155
12326,1,0,0,0x0000000414220810,0x000000a1,1,1,4,0,1156
12327,1,1,1,0x0000000414220810,0x000000a1,1,1,4,0,1156
12328,1,1,1,0x0000000414220814,0x000004fe,1,1,5,0,1157
12329,1,1,1,0x0000000414220818,0x000000b1,1,1,6,0,1158
12330,1,1,1,0x000000041422081c,0xfffff93b,1,1,7,0,1159
12331,1,0,0,0x0000000414220820,0x0000053e,1,1,8,0,1160
12332,1,0,0,0x0000000414220820,0x0000053e,1,1,8,0,1160
12333,1,1,1,0x0000000414220820,0x0000053e,1,1,8,0,1160
12334,1,1,1,0x0000000414220824,0xfffffdd3,1,1,9,0,1161
12335,1,1,1,0x0000000414220828,0xfffffb95,1,1,10,0,1162
12336,1,0,0,0x000000041422082c,0xffffff7c,1,1,11,0,1163
12337,1,1,1,0x000000041422082c,0xffffff7c,1,1,11,0,1163
12338,1,1,1,0x0000000414220830,0xfffffcf0,1,1,12,0,1164
12339,1,1,1,0x0000000414220834,0xfffffbad,1,1,13,0,1165
12340,1,1,1,0x0000000414220838,0xfffffe28,1,1,14,0,1166
12341,1,0,0,0x000000041422083c,0x00000143,1,1,15,0,1167
12342,1,1,1,0x000000041422083c,0x00000143,1,1,15,0,1167
12343,1,1,1,0x0000000414220840,0x0000025c,1,1,16,0,1168
12344,1,1,1,0x0000000414220844,0x0000024c,1,1,17,0,1169
12345,1,0,0,0x0000000414220848,0xfffffd7e,1,1,18,0,1170
12346,1,0,0,0x0000000414220848,0xfffffd7e,1,1,18,0,1170
12347,1,1,1,0x0000000414220848,0xfffffd7e,1,1,18,0,1170
12348,1,1,1,0x000000041422084c,0xfffffd54,1,1,19,0,1171
12349,1,1,1,0x0000000414220850,0x000003e5,1,1,20,0,1172
12350,1,1,1,0x0000000414220854,0xfffffdd9,1,1,21,0,1173
12351,1,0,0,0x0000000414220858,0x00000312,1,1,22,0,1174
12352,1,1,1,0x0000000414220858,0x00000312,1,1,22,0,1174
12353,1,1,1,0x000000041422085c,0xfffffcf8,1,1,23,0,1175
12354,1,1,1,0x0000000414220860,0x00000365,1,1,24,0,1176
12355,1,1,1,0x0000000414220864,0xfffffece,1,1,25,0,1177
12356,1,0,0,0x0000000414220868,0x000004fc,1,1,26,0,1178
12357,1,1,1,0x0000000414220868,0x000004fc,1,1,26,0,1178
12358,1,0,0,0x000000041422086c,0x00000646,1,1,27,0,1179
12359,1,1,1,0x000000041422086c,0x00000646,1,1,27,0,1179
12360,1,1,1,0x0000000414220870,0xfffffed4,1,1,28,0,1180
12361,1,0,0,0x0000000414220874,0xffffff49,1,1,29,0,1181
12362,1,1,1,0x0000000414220874,0xffffff49,1,1,29,0,1181
12363,1,1,1,0x0000000414220878,0xffffff35,1,1,30,0,1182
12364,1,1,1,0x000000041422087c,0xffffff2a,1,1,31,0,1183
12365,1,1,1,0x0000000414220880,0xfffffd21,1,1,32,0,1184
12366,1,0,0,0x0000000414220884,0x00000273,1,1,33,0,1185
12367,1,1,1,0x0000000414220884,0x00000273,1,1,33,0,1185
12368,1,1,1,0x0000000414220888,0x0000075d,1,1,34,0,1186
12369,1,1,1,0x000000041422088c,0xfffffe12,1,1,35,0,1187
12370,1,1,1,0x0000000414220890,0x00000123,1,1,36,0,1188
12371,1,0,0,0x0000000414220894,0xffffffe4,1,1,37,0,1189
12372,1,1,1,0x0000000414220894,0xffffffe4,1,1,37,0,1189
12373,1,1,1,0x0000000414220898,0x00000638,1,1,38,0,1190
12374,1,1,1,0x000000041422089c,0x000000f4,1,1,39,0,1191
12375,1,1,1,0x00000004142208a0,0x00000323,1,1,40,0,1192
12376,1,0,0,0x00000004142208a4,0x00000747,1,1,41,0,1193
12377,1,1,1,0x00000004142208a4,0x00000747,1,1,41,0,1193
12378,1,1,1,0x00000004142208a8,0xfffffc22,1,1,42,0,1194
12379,1,1,1,0x00000004142208ac,0x0000025b,1,1,43,0,1195
12380,1,1,1,0x00000004142208b0,0x000004aa,1,1,44,0,1196
12381,1,0,0,0x00000004142208b4,0xfffffeb1,1,1,45,0,1197
12382,1,1,1,0x00000004142208b4,0xfffffeb1,1,1,45,0,1197
12383,1,1,1,0x00000004142208b8,0xffffff5d,1,1,46,0,1198
12384,1,0,0,0x00000004142208bc,0xfffffcf5,1,1,47,0,1199
12385,1,1,1,0x00000004142208bc,0xfffffcf5,1,1,47,0,1199
12386,1,0,0,0x00000004142208c0,0xffffffab,1,1,48,0,1200
12387,1,1,1,0x00000004142208c0,0xffffffab,1,1,48,0,1200
12388,1,1,1,0x00000004142208c4,0xfffffcaa,1,1,49,0,1201
12389,1,1,1,0x00000004142208c8,0xfffffe6e,1,1,50,0,1202
12390,1,1,1,0x00000004142208cc,0x00000075,1,1,51,0,1203
12391,1,0,0,0x00000004142208d0,0xffffffbc,1,1,52,0,1204
12392,1,1,1,0x00000004142208d0,0xffffffbc,1,1,52,0,1204
12393,1,1,1,0x00000004142208d4,0x0000026d,1,1,53,0,1205
12394,1,1,1,0x00000004142208d8,0xfffffb59,1,1,54,0,1206
12395,1,1,1,0x00000004142208dc,0x000005aa,1,1,55,0,1207
12396,1,0,0,0x00000004142208e0,0xfffffe9b,1,1,56,0,1208
12397,1,0,0,0x00000004142208e0,0xfffffe9b,1,1,56,0,1208
12398,1,1,1,0x00000004142208e0,0xfffffe9b,1,1,56,0,1208
12399,1,1,1,0x00000004142208e4,0x0000015b,1,1,57,0,1209
12400,1,1,1,0x00000004142208e8,0x000002aa,1,1,58,0,1210
12401,1,0,0,0x00000004142208ec,0x000000df,1,1,59,0,1211
12402,1,1,1,0x00000004142208ec,0x000000df,1,1,59,0,1211
12403,1,1,1,0x00000004142208f0,0x00000693,1,1,60,0,1212
12404,1,1,1,0x00000004142208f4,0xfffffad5,1,1,61,0,1213
12405,1,1,1,0x00000004142208f8,0x00000850,1,1,62,0,1214
12406,1,0,0,0x00000004142208fc,0xffffff4a,1,1,63,0,1215
12407,1,1,1,0x00000004142208fc,0xffffff4a,1,1,63,0,1215
12408,1,1,1,0x0000000414220900,0x0000026d,1,1,64,0,1216
12409,1,1,1,0x0000000414220904,0xfffffd2d,1,1,65,0,1217
12410,1,0,0,0x0000000414220908,0x0000006e,1,1,66,0,1218
12411,1,0,0,0x0000000414220908,0x0000006e,1,1,66,0,1218
12412,1,1,1,0x0000000414220908,0x0000006e,1,1,66,0,1218
12413,1,1,1,0x000000041422090c,0xfffffd46,1,1,67,0,1219
12414,1,1,1,0x0000000414220910,0xfffffdeb,1,1,68,0,1220
12415,1,1,1,0x0000000414220914,0xfffffe64,1,1,69,0,1221
12416,1,0,0,0x0000000414220918,0x00000046,1,1,70,0,1222
12417,1,1,1,0x0000000414220918,0x00000046,1,1,70,0,1222
12418,1,1,1,0x000000041422091c,0xfffffecf,1,1,71,0,1223
12419,1,1,1,0x0000000414220920,0x00000342,1,1,72,0,1224
12420,1,1,1,0x0000000414220924,0xfffff95f,1,1,73,0,1225
12421,1,0,0,0x0000000414220928,0xfffffd73,1,1,74,0,1226
12422,1,1,1,0x0000000414220928,0xfffffd73,1,1,74,0,1226
12423,1,0,0,0x000000041422092c,0xfffff75f,1,1,75,0,1227
12424,1,1,1,0x000000041422092c,0xfffff75f,1,1,75,0,1227
12425,1,1,1,0x0000000414220930,0x0000021b,1,1,76,0,1228
12426,1,0,0,0x0000000414220934,0x00000485,1,1,77,0,1229
12427,1,1,1,0x0000000414220934,0x00000485,1,1,77,0,1229
12428,1,1,1,0x0000000414220938,0x00000188,1,1,78,0,1230
12429,1,1,1,0x000000041422093c,0x000000bc,1,1,79,0,1231
12430,1,1,1,0x0000000414220940,0x000001f8,1,1,80,0,1232
12431,1,0,0,0x0000000414220944,0x0000018e,1,1,81,0,1233
12432,1,1,1,0x0000000414220944,0x0000018e,1,1,81,0,1233
12433,1,1,1,0x0000000414220948,0x000007b2,1,1,82,0,1234
12434,1,1,1,0x000000041422094c,0xfffffc47,1,1,83,0,1235
12435,1,1,1,0x0000000414220950,0x000000ba,1,1,84,0,1236
12436,1,0,0,0x0000000414220954,0xfffffe7b,1,1,85,0,1237
12437,1,1,1,0x0000000414220954,0xfffffe7b,1,1,85,0,1237
12438,1,1,1,0x0000000414220958,0xfffffec4,1,1,86,0,1238
12439,1,1,1,0x000000041422095c,0xfffffcac,1,1,87,0,1239
12440,1,1,1,0x0000000414220960,0xffffff0d,1,1,88,0,1240
12441,1,0,0,0x0000000414220964,0xfffffe8b,1,1,89,0,1241
12442,1,1,1,0x0000000414220964,0xfffffe8b,1,1,89,0,1241
12443,1,1,1,0x0000000414220968,0x00000133,1,1,90,0,1242
12444,1,1,1,0x000000041422096c,0xffffffda,1,1,91,0,1243
12445,1,1,1,0x0000000414220970,0x00000259,1,1,92,0,1244
12446,1,0,0,0x0000000414220974,0xfffffd62,1,1,93,0,1245
12447,1,1,1,0x0000000414220974,0xfffffd62,1,1,93,0,1245
12448,1,1,1,0x0000000414220978,0x000001a3,1,1,94,0,1246
12449,1,0,0,0x000000041422097c,0xfffffbda,1,1,95,0,1247
12450,1,1,1,0x000000041422097c,0xfffffbda,1,1,95,0,1247
12451,1,0,0,0x0000000414220980,0x00000123,1,1,96,0,1248
12452,1,1,1,0x0000000414220980,0x00000123,1,1,96,0,1248
12453,1,1,1,0x0000000414220984,0x000003a4,1,1,97,0,1249
12454,1,1,1,0x0000000414220988,0x00001103,1,1,98,0,1250
12455,1,1,1,0x000000041422098c,0xfffffd09,1,1,99,0,1251
12456,1,0,0,0x0000000414220990,0xffffff04,1,1,100,0,1252
12457,1,1,1,0x0000000414220990,0xffffff04,1,1,100,0,1252
12458,1,1,1,0x0000000414220994,0xfffffecb,1,1,101,0,1253
12459,1,1,1,0x0000000414220998,0xfffff934,1,1,102,0,1254
12460,1,1,1,0x000000041422099c,0x000003b5,1,1,103,0,1255
12461,1,0,0,0x00000004142209a0,0xfffffde1,1,1,104,0,1256
12462,1,0,0,0x00000004142209a0,0xfffffde1,1,1,104,0,1256
12463,1,1,1,0x00000004142209a0,0xfffffde1,1,1,104,0,1256
12464,1,1,1,0x00000004142209a4,0xfffff8d6,1,1,105,0,1257
12465,1,1,1,0x00000004142209a8,0x00000635,1,1,106,0,1258
12466,1,0,0,0x00000004142209ac,0x0000016a,1,1,107,0,1259
12467,1,1,1,0x00000004142209ac,0x0000016a,1,1,107,0,1259
12468,1,1,1,0x00000004142209b0,0xfffffed9,1,1,108,0,1260
12469,1,1,1,0x00000004142209b4,0x000002b8,1,1,109,0,1261
12470,1,1,1,0x00000004142209b8,0x000003bf,1,1,110,0,1262
12471,1,0,0,0x00000004142209bc,0xfffffdd1,1,1,111,0,1263
12472,1,1,1,0x00000004142209bc,0xfffffdd1,1,1,111,0,1263
12473,1,1,1,0x00000004142209c0,0xfffffe38,1,1,112,0,1264
12474,1,1,1,0x00000004142209c4,0xfffffbc6,1,1,113,0,1265
12475,1,0,0,0x00000004142209c8,0x000004ee,1,1,114,0,1266
12476,1,0,0,0x00000004142209c8,0x000004ee,1,1,114,0,1266
12477,1,1,1,0x00000004142209c8,0x000004ee,1,1,114,0,1266
12478,1,1,1,0x00000004142209cc,0xffffffd1,1,1,115,0,1267
12479,1,1,1,0x00000004142209d0,0x00000237,1,1,116,0,1268
12480,1,1,1,0x00000004142209d4,0xfffffbc0,1,1,117,0,1269
12481,1,0,0,0x00000004142209d8,0xfffffd0b,1,1,118,0,1270
12482,1,1,1,0x00000004142209d8,0xfffffd0b,1,1,118,0,1270
12483,1,1,1,0x00000004142209dc,0xfffffd71,1,1,119,0,1271
12484,1,1,1,0x00000004142209e0,0xfffffd22,1,1,120,0,1272
12485,1,1,1,0x00000004142209e4,0x0000067f,1,1,121,0,1273
12486,1,0,0,0x00000004142209e8,0x000003e9,1,1,122,0,1274
12487,1,1,1,0x00000004142209e8,0x000003e9,1,1,122,0,1274
12488,1,0,0,0x00000004142209ec,0xfffffc08,1,1,123,0,1275
12489,1,1,1,0x00000004142209ec,0xfffffc08,1,1,123,0,1275
12490,1,1,1,0x00000004142209f0,0x0000025f,1,1,124,0,1276
12491,1,0,0,0x00000004142209f4,0x000000ab,1,1,125,0,1277
12492,1,1,1,0x00000004142209f4,0x000000ab,1,1,125,0,1277
12493,1,1,1,0x00000004142209f8,0x000005a8,1,1,126,0,1278
12494,1,1,1,0x00000004142209fc,0xffffff6b,1,1,127,0,1279
12495,1,1,1,0x0000000414240800,0xffffffe4,1,2,0,0,1280
12496,1,0,0,0x0000000414240804,0xffffff7e,1,2,1,0,1281
12497,1,1,1,0x0000000414240804,0xffffff7e,1,2,1,0,1281
12498,1,1,1,0x0000000414240808,0xffffff12,1,2,2,0,1282
12499,1,1,1,0x000000041424080c,0xfffffffa,1,2,3,0,1283
12500,1,1,1,0x0000000414240810,0x0000002d,1,2,4,0,1284
12501,1,0,0,0x0000000414240814,0xfffffd86,1,2,5,0,1285
12502,1,1,1,0x0000000414240814,0xfffffd86,1,2,5,0,1285
12503,1,1,1,0x0000000414240818,0xfffffeea,1,2,6,0,1286
12504,1,1,1,0x000000041424081c,0x00000130,1,2,7,0,1287
12505,1,1,1,0x0000000414240820,0xffffff91,1,2,8,0,1288
12506,1,0,0,0x0000000414240824,0xffffff30,1,2,9,0,1289
12507,1,1,1,0x0000000414240824,0xffffff30,1,2,9,0,1289
12508,1,1,1,0x0000000414240828,0xffffff64,1,2,10,0,1290
12509,1,1,1,0x000000041424082c,0x000000b6,1,2,11,0,1291
12510,1,1,1,0x0000000414240830,0x0000010e,1,2,12,0,1292
12511,1,0,0,0x0000000414240834,0xffffff09,1,2,13,0,1293
12512,1,1,1,0x0000000414240834,0xffffff09,1,2,13,0,1293
12513,1,1,1,0x0000000414240838,0x00000039,1,2,14,0,1294
12514,1,0,0,0x000000041424083c,0xfffffede,1,2,15,0,1295
12515,1,1,1,0x000000041424083c,0xfffffede,1,2,15,0,1295
12516,1,0,0,0x0000000414240840,0xffffff79,1,2,16,0,1296
12517,1,1,1,0x0000000414240840,0xffffff79,1,2,16,0,1296
12518,1,1,1,0x0000000414240844,0x00000096,1,2,17,0,1297
12519,1,1,1,0x0000000414240848,0xffffff4b,1,2,18,0,1298
12520,1,1,1,0x000000041424084c,0x000000c9,1,2,19,0,1299
12521,1,0,0,0x0000000414240850,0x00000133,1,2,20,0,1300
12522,1,1,1,0x0000000414240850,0x00000133,1,2,20,0,1300
12523,1,1,1,0x0000000414240854,0xffffffb3,1,2,21,0,1301
12524,1,1,1,0x0000000414240858,0x00000006,1,2,22,0,1302
12525,1,1,1,0x000000041424085c,0xffffffe8,1,2,23,0,1303
12526,1,0,0,0x0000000414240860,0x00000023,1,2,24,0,1304
12527,1,0,0,0x0000000414240860,0x00000023,1,2,24,0,1304
12528,1,1,1,0x0000000414240860,0x00000023,1,2,24,0,1304
12529,1,1,1,0x0000000414240864,0xffffffa2,1,2,25,0,1305
12530,1,1,1,0x0000000414240868,0x000000b0,1,2,26,0,1306
12531,1,0,0,0x000000041424086c,0xffffff63,1,2,27,0,1307
12532,1,1,1,0x000000041424086c,0xffffff63,1,2,27,0,1307
12533,1,1,1,0x0000000414240870,0xfffffe2f,1,2,28,0,1308
12534,1,1,1,0x0000000414240874,0xffffffbd,1,2,29,0,1309
12535,1,1,1,0x0000000414240878,0x00000045,1,2,30,0,1310
12536,1,0,0,0x000000041424087c,0x0000010e,1,2,31,0,1311
12537,1,1,1,0x000000041424087c,0x0000010e,1,2,31,0,1311
12538,1,1,1,0x0000000414240880,0xffffff66,1,2,32,0,1312
12539,1,1,1,0x0000000414240884,0x000000e6,1,2,33,0,1313
12540,1,0,0,0x0000000414240888,0x00000089,1,2,34,0,1314
12541,1,0,0,0x0000000414240888,0x00000089,1,2,34,0,1314
12542,1,1,1,0x0000000414240888,0x00000089,1,2,34,0,1314
12543,1,1,1,0x000000041424088c,0xffffffb8,1,2,35,0,1315
12544,1,1,1,0x0000000414240890,0xffffff8e,1,2,36,0,1316
12545,1,1,1,0x0000000414240894,0x000000eb,1,2,37,0,1317
12546,1,0,0,0x0000000414240898,0xffffff44,1,2,38,0,1318
12547,1,1,1,0x0000000414240898,0xffffff44,1,2,38,0,1318
12548,1,1,1,0x000000041424089c,0xfffffff2,1,2,39,0,1319
12549,1,1,1,0x00000004142408a0,0x00000037,1,2,40,0,1320
12550,1,1,1,0x00000004142408a4,0xffffff60,1,2,41,0,1321
12551,1,0,0,0x00000004142408a8,0x00000061,1,2,42,0,1322
12552,1,1,1,0x00000004142408a8,0x00000061,1,2,42,0,1322
12553,1,0,0,0x00000004142408ac,0x00000015,1,2,43,0,1323
12554,1,1,1,0x00000004142408ac,0x00000015,1,2,43,0,1323
12555,1,1,1,0x00000004142408b0,0x0000017f,1,2,44,0,1324
12556,1,0,0,0x00000004142408b4,0xfffffee3,1,2,45,0,1325
12557,1,1,1,0x00000004142408b4,0xfffffee3,1,2,45,0,1325
12558,1,1,1,0x00000004142408b8,0x00000064,1,2,46,0,1326
12559,1,1,1,0x00000004142408bc,0x00000018,1,2,47,0,1327
12560,1,1,1,0x00000004142408c0,0x00000033,1,2,48,0,1328
12561,1,0,0,0x00000004142408c4,0x00000014,1,2,49,0,1329
12562,1,1,1,0x00000004142408c4,0x00000014,1,2,49,0,1329
12563,1,1,1,0x00000004142408c8,0x0000003d,1,2,50,0,1330
12564,1,1,1,0x00000004142408cc,0x000000d4,1,2,51,0,1331
12565,1,1,1,0x00000004142408d0,0x0000006f,1,2,52,0,1332
12566,1,0,0,0x00000004142408d4,0xffffff44,1,2,53,0,1333
12567,1,1,1,0x00000004142408d4,0xffffff44,1,2,53,0,1333
12568,1,1,1,0x00000004142408d8,0x0000005b,1,2,54,0,1334
12569,1,1,1,0x00000004142408dc,0xffffffd9,1,2,55,0,1335
12570,1,1,1,0x00000004142408e0,0xffffff50,1,2,56,0,1336
12571,1,0,0,0x00000004142408e4,0x0000000a,1,2,57,0,1337
12572,1,1,1,0x00000004142408e4,0x0000000a,1,2,57,0,1337
12573,1,1,1,0x00000004142408e8,0x0000006d,1,2,58,0,1338
12574,1,1,1,0x00000004142408ec,0x0000001b,1,2,59,0,1339
12575,1,1,1,0x00000004142408f0,0x000000c5,1,2,60,0,1340
12576,1,0,0,0x00000004142408f4,0xffffff5d,1,2,61,0,1341
12577,1,1,1,0x00000004142408f4,0xffffff5d,1,2,61,0,1341
12578,1,1,1,0x00000004142408f8,0xfffffff5,1,2,62,0,1342
12579,1,0,0,0x00000004142408fc,0xffffff00,1,2,63,0,1343
12580,1,1,1,0x00000004142408fc,0xffffff00,1,2,63,0,1343
12581,1,0,0,0x0000000414240900,0xfffffed8,1,2,64,0,1344
12582,1,1,1,0x0000000414240900,0xfffffed8,1,2,64,0,1344
12583,1,1,1,0x0000000414240904,0x00000025,1,2,65,0,1345
12584,1,1,1,0x0000000414240908,0x0000000f,1,2,66,0,1346
12585,1,1,1,0x000000041424090c,0xffffff65,1,2,67,0,1347
12586,1,0,0,0x0000000414240910,0xffffffc2,1,2,68,0,1348
12587,1,1,1,0x0000000414240910,0xffffffc2,1,2,68,0,1348
12588,1,1,1,0x0000000414240914,0xffffff65,1,2,69,0,1349
12589,1,1,1,0x0000000414240918,0x00000091,1,2,70,0,1350
12590,1,1,1,0x000000041424091c,0xffffffc9,1,2,71,0,1351
12591,1,0,0,0x0000000414240920,0xffffff3c,1,2,72,0,1352
12592,1,0,0,0x0000000414240920,0xffffff3c,1,2,72,0,1352
12593,1,1,1,0x0000000414240920,0xffffff3c,1,2,72,0,1352
12594,1,1,1,0x0000000414240924,0x00000009,1,2,73,0,1353
12595,1,1,1,0x0000000414240928,0xfffffff7,1,2,74,0,1354
12596,1,0,0,0x000000041424092c,0xfffffffb,1,2,75,0,1355
12597,1,1,1,0x000000041424092c,0xfffffffb,1,2,75,0,1355
12598,1,1,1,0x0000000414240930,0xffffff3d,1,2,76,0,1356
12599,1,1,1,0x0000000414240934,0x0000001a,1,2,77,0,1357
12600,1,1,1,0x0000000414240938,0xffffff05,1,2,78,0,1358
12601,1,0,0,0x000000041424093c,0x0000016d,1,2,79,0,1359
12602,1,1,1,0x000000041424093c,0x0000016d,1,2,79,0,1359
12603,1,1,1,0x0000000414240940,0xffffff00,1,2,80,0,1360
12604,1,1,1,0x0000000414240944,0x0000004a,1,2,81,0,1361
12605,1,0,0,0x0000000414240948,0xffffffa7,1,2,82,0,1362
12606,1,0,0,0x0000000414240948,0xffffffa7,1,2,82,0,1362
12607,1,1,1,0x0000000414240948,0xffffffa7,1,2,82,0,1362
12608,1,1,1,0x000000041424094c,0xfffffea3,1,2,83,0,1363
12609,1,1,1,0x0000000414240950,0xffffffc7,1,2,84,0,1364
12610,1,1,1,0x0000000414240954,0xffffffad,1,2,85,0,1365
12611,1,0,0,0x0000000414240958,0xffffff85,1,2,86,0,1366
12612,1,1,1,0x0000000414240958,0xffffff85,1,2,86,0,1366
12613,1,1,1,0x000000041424095c,0x00000093,1,2,87,0,1367
12614,1,1,1,0x0000000414240960,0x00000123,1,2,88,0,1368
12615,1,1,1,0x0000000414240964,0x00000097,1,2,89,0,1369
12616,1,0,0,0x0000000414240968,0xffffff34,1,2,90,0,1370
12617,1,1,1,0x0000000414240968,0xffffff34,1,2,90,0,1370
12618,1,0,0,0x000000041424096c,0xffffffbd,1,2,91,0,1371
12619,1,1,1,0x000000041424096c,0xffffffbd,1,2,91,0,1371
12620,1,1,1,0x0000000414240970,0xffffff8e,1,2,92,0,1372
12621,1,0,0,0x0000000414240974,0xffffff94,1,2,93,0,1373
12622,1,1,1,0x0000000414240974,0xffffff94,1,2,93,0,1373
12623,1,1,1,0x0000000414240978,0xffffff27,1,2,94,0,1374
12624,1,1,1,0x000000041424097c,0xffffff1d,1,2,95,0,1375
12625,1,1,1,0x0000000414240980,0x000000a2,1,2,96,0,1376
12626,1,0,0,0x0000000414240984,0x00000064,1,2,97,0,1377
12627,1,1,1,0x0000000414240984,0x00000064,1,2,97,0,1377
12628,1,1,1,0x0000000414240988,0x00000001,1,2,98,0,1378
12629,1,1,1,0x000000041424098c,0x000000c0,1,2,99,0,1379
12630,1,1,1,0x0000000414240990,0xfffffeab,1,2,100,0,1380
12631,1,0,0,0x0000000414240994,0x00000042,1,2,101,0,1381
12632,1,1,1,0x0000000414240994,0x00000042,1,2,101,0,1381
12633,1,1,1,0x0000000414240998,0x000000a8,1,2,102,0,1382
12634,1,1,1,0x000000041424099c,0xfffff446,1,2,103,0,1383
12635,1,1,1,0x00000004142409a0,0xfffffebf,1,2,104,0,1384
12636,1,0,0,0x00000004142409a4,0xffffffc6,1,2,105,0,1385
12637,1,1,1,0x00000004142409a4,0xffffffc6,1,2,105,0,1385
12638,1,1,1,0x00000004142409a8,0x00000010,1,2,106,0,1386
12639,1,1,1,0x00000004142409ac,0x00000078,1,2,107,0,1387
12640,1,1,1,0x00000004142409b0,0xfffffef6,1,2,108,0,1388
12641,1,0,0,0x00000004142409b4,0x00000005,1,2,109,0,1389
12642,1,1,1,0x00000004142409b4,0x00000005,1,2,109,0,1389
12643,1,1,1,0x00000004142409b8,0x00000016,1,2,110,0,1390
12644,1,0,0,0x00000004142409bc,0x00000023,1,2,111,0,1391
12645,1,1,1,0x00000004142409bc,0x00000023,1,2,111,0,1391
12646,1,0,0,0x00000004142409c0,0xffffffc1,1,2,112,0,1392
12647,1,1,1,0x00000004142409c0,0xffffffc1,1,2,112,0,1392
12648,1,1,1,0x00000004142409c4,0xffffffc5,1,2,113,0,1393
12649,1,1,1,0x00000004142409c8,0xfffffe8e,1,2,114,0,1394
12650,1,1,1,0x00000004142409cc,0x0000014a,1,2,115,0,1395
12651,1,0,0,0x00000004142409d0,0x00000114,1,2,116,0,1396
12652,1,1,1,0x00000004142409d0,0x00000114,1,2,116,0,1396
12653,1,1,1,0x00000004142409d4,0x00000072,1,2,117,0,1397
12654,1,1,1,0x00000004142409d8,0xffffffee,1,2,118,0,1398
12655,1,1,1,0x00000004142409dc,0xfffffeb2,1,2,119,0,1399
12656,1,0,0,0x00000004142409e0,0x000000d4,1,2,120,0,1400
12657,1,0,0,0x00000004142409e0,0x000000d4,1,2,120,0,1400
12658,1,1,1,0x00000004142409e0,0x000000d4,1,2,120,0,1400
12659,1,1,1,0x00000004142409e4,0xfffffeed,1,2,121,0,1401
12660,1,1,1,0x00000004142409e8,0x0000007d,1,2,122,0,1402
12661,1,0,0,0x00000004142409ec,0xffffffd1,1,2,123,0,1403
12662,1,1,1,0x00000004142409ec,0xffffffd1,1,2,123,0,1403
12663,1,1,1,0x00000004142409f0,0xffffff9a,1,2,124,0,1404
12664,1,1,1,0x00000004142409f4,0x00000063,1,2,125,0,1405
12665,1,1,1,0x00000004142409f8,0xfffff83b,1,2,126,0,1406
12666,1,0,0,0x00000004142409fc,0xffffffc1,1,2,127,0,1407
12667,1,1,1,0x00000004142409fc,0xffffffc1,1,2,127,0,1407
12668,1,1,1,0x0000000414260800,0x0000009a,1,3,0,0,1408
12669,1,1,1,0x0000000414260804,0xfffffc57,1,3,1,0,1409
12670,1,0,0,0x0000000414260808,0x00000097,1,3,2,0,1410
12671,1,0,0,0x0000000414260808,0x00000097,1,3,2,0,1410
12672,1,1,1,0x0000000414260808,0x00000097,1,3,2,0,1410
12673,1,1,1,0x000000041426080c,0xfffffa14,1,3,3,0,1411
12674,1,1,1,0x0000000414260810,0x00000095,1,3,4,0,1412
12675,1,1,1,0x0000000414260814,0x00000450,1,3,5,0,1413
12676,1,0,0,0x0000000414260818,0x000004b2,1,3,6,0,1414
12677,1,1,1,0x0000000414260818,0x000004b2,1,3,6,0,1414
12678,1,1,1,0x000000041426081c,0xfffffe38,1,3,7,0,1415
12679,1,1,1,0x0000000414260820,0xfffffc60,1,3,8,0,1416
12680,1,1,1,0x0000000414260824,0x000001d4,1,3,9,0,1417
12681,1,0,0,0x0000000414260828,0xffffffd4,1,3,10,0,1418
12682,1,1,1,0x0000000414260828,0xffffffd4,1,3,10,0,1418
12683,1,0,0,0x000000041426082c,0x00000147,1,3,11,0,1419
12684,1,1,1,0x000000041426082c,0x00000147,1,3,11,0,1419
12685,1,1,1,0x0000000414260830,0x000003e0,1,3,12,0,1420
12686,1,0,0,0x0000000414260834,0xfffffeb3,1,3,13,0,1421
12687,1,1,1,0x0000000414260834,0xfffffeb3,1,3,13,0,1421
12688,1,1,1,0x0000000414260838,0xffffff38,1,3,14,0,1422
12689,1,1,1,0x000000041426083c,0x00000116,1,3,15,0,1423
12690,1,1,1,0x0000000414260840,0xfffffdab,1,3,16,0,1424
12691,1,0,0,0x0000000414260844,0xfffffe3e,1,3,17,0,1425
12692,1,1,1,0x0000000414260844,0xfffffe3e,1,3,17,0,1425
12693,1,1,1,0x0000000414260848,0xfffffedf,1,3,18,0,1426
12694,1,1,1,0x000000041426084c,0x0000000e,1,3,19,0,1427
12695,1,1,1,0x0000000414260850,0x0000048f,1,3,20,0,1428
12696,1,0,0,0x0000000414260854,0xfffffe65,1,3,21,0,1429
12697,1,1,1,0x0000000414260854,0xfffffe65,1,3,21,0,1429
12698,1,1,1,0x0000000414260858,0xfffffb6f,1,3,22,0,1430
12699,1,1,1,0x000000041426085c,0xfffffd38,1,3,23,0,1431
12700,1,1,1,0x0000000414260860,0xfffffba8,1,3,24,0,1432
12701,1,0,0,0x0000000414260864,0x0000077d,1,3,25,0,1433
12702,1,1,1,0x0000000414260864,0x0000077d,1,3,25,0,1433
12703,1,1,1,0x0000000414260868,0xfffffd9b,1,3,26,0,1434
12704,1,1,1,0x000000041426086c,0xffffff01,1,3,27,0,1435
12705,1,1,1,0x0000000414260870,0xfffffea4,1,3,28,0,1436
12706,1,0,0,0x0000000414260874,0xfffffda7,1,3,29,0,1437
12707,1,1,1,0x0000000414260874,0xfffffda7,1,3,29,0,1437
12708,1,1,1,0x0000000414260878,0xfffffd23,1,3,30,0,1438
12709,1,0,0,0x000000041426087c,0x00000502,1,3,31,0,1439
12710,1,1,1,0x000000041426087c,0x00000502,1,3,31,0,1439
12711,1,0,0,0x0000000414260880,0x000002b9,1,3,32,0,1440
12712,1,1,1,0x0000000414260880,0x000002b9,1,3,32,0,1440
12713,1,1,1,0x0000000414260884,0x000002f8,1,3,33,0,1441
12714,1,1,1,0x0000000414260888,0x00000090,1,3,34,0,1442
12715,1,1,1,0x000000041426088c,0xffffff9d,1,3,35,0,1443
12716,1,0,0,0x0000000414260890,0xffffff07,1,3,36,0,1444
12717,1,1,1,0x0000000414260890,0xffffff07,1,3,36,0,1444
12718,1,1,1,0x0000000414260894,0xfffffe88,1,3,37,0,1445
12719,1,1,1,0x0000000414260898,0xffffff36,1,3,38,0,1446
12720,1,1,1,0x000000041426089c,0x00000081,1,3,39,0,1447
12721,1,0,0,0x00000004142608a0,0x000003c7,1,3,40,0,1448
12722,1,0,0,0x00000004142608a0,0x000003c7,1,3,40,0,1448
12723,1,1,1,0x00000004142608a0,0x000003c7,1,3,40,0,1448
12724,1,1,1,0x00000004142608a4,0x00000169,1,3,41,0,1449
12725,1,1,1,0x00000004142608a8,0x00000151,1,3,42,0,1450
12726,1,0,0,0x00000004142608ac,0xffffffb9,1,3,43,0,1451
12727,1,1,1,0x00000004142608ac,0xffffffb9,1,3,43,0,1451
12728,1,1,1,0x00000004142608b0,0xffffffd4,1,3,44,0,1452
12729,1,1,1,0x00000004142608b4,0xfffffe91,1,3,45,0,1453
12730,1,1,1,0x00000004142608b8,0x00000290,1,3,46,0,1454
12731,1,0,0,0x00000004142608bc,0xffffffa9,1,3,47,0,1455
12732,1,1,1,0x00000004142608bc,0xffffffa9,1,3,47,0,1455
12733,1,1,1,0x00000004142608c0,0xfffffc79,1,3,48,0,1456
12734,1,1,1,0x00000004142608c4,0xffffffe9,1,3,49,0,1457
12735,1,0,0,0x00000004142608c8,0xfffff4fe,1,3,50,0,1458
12736,1,0,0,0x00000004142608c8,0xfffff4fe,1,3,50,0,1458
12737,1,1,1,0x00000004142608c8,0xfffff4fe,1,3,50,0,1458
12738,1,1,1,0x00000004142608cc,0x0000039f,1,3,51,0,1459
12739,1,1,1,0x00000004142608d0,0xfffffeac,1,3,52,0,1460
12740,1,1,1,0x00000004142608d4,0xfffffd38,1,3,53,0,1461
12741,1,0,0,0x00000004142608d8,0x00000063,1,3,54,0,1462
12742,1,1,1,0x00000004142608d8,0x00000063,1,3,54,0,1462
12743,1,1,1,0x00000004142608dc,0xffffff67,1,3,55,0,1463
12744,1,1,1,0x00000004142608e0,0x00000317,1,3,56,0,1464
12745,1,1,1,0x00000004142608e4,0xffffff53,1,3,57,0,1465
12746,1,0,0,0x00000004142608e8,0xfffffdd8,1,3,58,0,1466
12747,1,1,1,0x00000004142608e8,0xfffffdd8,1,3,58,0,1466
12748,1,0,0,0x00000004142608ec,0xfffffeca,1,3,59,0,1467
12749,1,1,1,0x00000004142608ec,0xfffffeca,1,3,59,0,1467
12750,1,1,1,0x00000004142608f0,0xffffffb7,1,3,60,0,1468
12751,1,0,0,0x00000004142608f4,0xfffffd30,1,3,61,0,1469
12752,1,1,1,0x00000004142608f4,0xfffffd30,1,3,61,0,1469
12753,1,1,1,0x00000004142608f8,0xfffffc7a,1,3,62,0,1470
12754,1,1,1,0x00000004142608fc,0xffffff2d,1,3,63,0,1471
12755,1,1,1,0x0000000414260900,0x00000441,1,3,64,0,1472
12756,1,0,0,0x0000000414260904,0x000004ae,1,3,65,0,1473
12757,1,1,1,0x0000000414260904,0x000004ae,1,3,65,0,1473
12758,1,1,1,0x0000000414260908,0x00000341,1,3,66,0,1474
12759,1,1,1,0x000000041426090c,0xfffffed8,1,3,67,0,1475
12760,1,1,1,0x0000000414260910,0x000002a8,1,3,68,0,1476
12761,1,0,0,0x0000000414260914,0x000000ed,1,3,69,0,1477
12762,1,1,1,0x0000000414260914,0x000000ed,1,3,69,0,1477
12763,1,1,1,0x0000000414260918,0x000000d6,1,3,70,0,1478
12764,1,1,1,0x000000041426091c,0x0000011c,1,3,71,0,1479
12765,1,1,1,0x0000000414260920,0x00000317,1,3,72,0,1480
12766,1,0,0,0x0000000414260924,0xfffffe7c,1,3,73,0,1481
12767,1,1,1,0x0000000414260924,0xfffffe7c,1,3,73,0,1481
12768,1,1,1,0x0000000414260928,0x000003a2,1,3,74,0,1482
12769,1,1,1,0x000000041426092c,0xffffff33,1,3,75,0,1483
12770,1,1,1,0x0000000414260930,0xfffffdc7,1,3,76,0,1484
12771,1,0,0,0x0000000414260934,0x0000019e,1,3,77,0,1485
12772,1,1,1,0x0000000414260934,0x0000019e,1,3,77,0,1485
12773,1,1,1,0x0000000414260938,0xfffffd88,1,3,78,0,1486
12774,1,0,0,0x000000041426093c,0xfffffe6a,1,3,79,0,1487
12775,1,1,1,0x000000041426093c,0xfffffe6a,1,3,79,0,1487
12776,1,0,0,0x0000000414260940,0xfffffdd3,1,3,80,0,1488
12777,1,1,1,0x0000000414260940,0xfffffdd3,1,3,80,0,1488
12778,1,1,1,0x0000000414260944,0xfffffdb9,1,3,81,0,1489
12779,1,1,1,0x0000000414260948,0xffffff75,1,3,82,0,1490
12780,1,1,1,0x000000041426094c,0xffffffe2,1,3,83,0,1491
12781,1,0,0,0x0000000414260950,0xffffff11,1,3,84,0,1492
12782,1,1,1,0x0000000414260950,0xffffff11,1,3,84,0,1492
12783,1,1,1,0x0000000414260954,0x00000074,1,3,85,0,1493
12784,1,1,1,0x0000000414260958,0xffffff13,1,3,86,0,1494
12785,1,1,1,0x000000041426095c,0xffffff84,1,3,87,0,1495
12786,1,0,0,0x0000000414260960,0xffffff47,1,3,88,0,1496
12787,1,0,0,0x0000000414260960,0xffffff47,1,3,88,0,1496
12788,1,1,1,0x0000000414260960,0xffffff47,1,3,88,0,1496
12789,1,1,1,0x0000000414260964,0xffffff36,1,3,89,0,1497
12790,1,1,1,0x0000000414260968,0xfffffe28,1,3,90,0,1498
12791,1,0,0,0x000000041426096c,0x00000324,1,3,91,0,1499
12792,1,1,1,0x000000041426096c,0x00000324,1,3,91,0,1499
12793,1,1,1,0x0000000414260970,0x00000092,1,3,92,0,1500
12794,1,1,1,0x0000000414260974,0xfffffac6,1,3,93,0,1501
12795,1,1,1,0x0000000414260978,0x000003b9,1,3,94,0,1502
12796,1,0,0,0x000000041426097c,0xffffff44,1,3,95,0,1503
12797,1,1,1,0x000000041426097c,0xffffff44,1,3,95,0,1503
12798,1,1,1,0x0000000414260980,0x000004f4,1,3,96,0,1504
12799,1,1,1,0x0000000414260984,0xffffff20,1,3,97,0,1505
12800,1,0,0,0x0000000414260988,0xfffffc92,1,3,98,0,1506
12801,1,0,0,0x0000000414260988,0xfffffc92,1,3,98,0,1506
12802,1,1,1,0x0000000414260988,0xfffffc92,1,3,98,0,1506
12803,1,1,1,0x000000041426098c,0xfffffeb6,1,3,99,0,1507
12804,1,1,1,0x0000000414260990,0xfffffcb5,1,3,100,0,1508
12805,1,1,1,0x0000000414260994,0x000001b1,1,3,101,0,1509
12806,1,0,0,0x0000000414260998,0x00000600,1,3,102,0,1510
12807,1,1,1,0x0000000414260998,0x00000600,1,3,102,0,1510
12808,1,1,1,0x000000041426099c,0xfffffeaf,1,3,103,0,1511
12809,1,1,1,0x00000004142609a0,0xffffff2d,1,3,104,0,1512
12810,1,1,1,0x00000004142609a4,0x00000130,1,3,105,0,1513
12811,1,0,0,0x00000004142609a8,0x00000138,1,3,106,0,1514
12812,1,1,1,0x00000004142609a8,0x00000138,1,3,106,0,1514
12813,1,0,0,0x00000004142609ac,0x0000022f,1,3,107,0,1515
12814,1,1,1,0x00000004142609ac,0x0000022f,1,3,107,0,1515
12815,1,1,1,0x00000004142609b0,0xfffffbcd,1,3,108,0,1516
12816,1,0,0,0x00000004142609b4,0xffffffde,1,3,109,0,1517
12817,1,1,1,0x00000004142609b4,0xffffffde,1,3,109,0,1517
12818,1,1,1,0x00000004142609b8,0x00000014,1,3,110,0,1518
12819,1,1,1,0x00000004142609bc,0x00000207,1,3,111,0,1519
12820,1,1,1,0x00000004142609c0,0xffffff12,1,3,112,0,1520
12821,1,0,0,0x00000004142609c4,0xfffffe43,1,3,113,0,1521
12822,1,1,1,0x00000004142609c4,0xfffffe43,1,3,113,0,1521
12823,1,1,1,0x00000004142609c8,0x0000028b,1,3,114,0,1522
12824,1,1,1,0x00000004142609cc,0xfffffde1,1,3,115,0,1523
12825,1,1,1,0x00000004142609d0,0x0000055f,1,3,116,0,1524
12826,1,0,0,0x00000004142609d4,0x00000238,1,3,117,0,1525
12827,1,1,1,0x00000004142609d4,0x00000238,1,3,117,0,1525
12828,1,1,1,0x00000004142609d8,0xfffffeb9,1,3,118,0,1526
12829,1,1,1,0x00000004142609dc,0xfffffb47,1,3,119,0,1527
12830,1,1,1,0x00000004142609e0,0xfffffced,1,3,120,0,1528
12831,1,0,0,0x00000004142609e4,0xfffffc59,1,3,121,0,1529
12832,1,1,1,0x00000004142609e4,0xfffffc59,1,3,121,0,1529
12833,1,1,1,0x00000004142609e8,0x000000fd,1,3,122,0,1530
12834,1,1,1,0x00000004142609ec,0xfffffa93,1,3,123,0,1531
12835,1,1,1,0x00000004142609f0,0x000001a1,1,3,124,0,1532
12836,1,0,0,0x00000004142609f4,0xfffffa71,1,3,125,0,1533
12837,1,1,1,0x00000004142609f4,0xfffffa71,1,3,125,0,1533
12838,1,1,1,0x00000004142609f8,0x000003ae,1,3,126,0,1534
12839,1,0,0,0x00000004142609fc,0x00000106,1,3,127,0,1535
12840,1,1,1,0x00000004142609fc,0x00000106,1,3,127,0,1535
12841,1,0,0,0x0000000414280800,0x0000003f,1,4,0,0,1536
12842,1,1,1,0x0000000414280800,0x0000003f,1,4,0,0,1536
12843,1,1,1,0x0000000414280804,0xfffff32c,1,4,1,0,1537
12844,1,1,1,0x0000000414280808,0x0000000e,1,4,2,0,1538
12845,1,1,1,0x000000041428080c,0x0000014d,1,4,3,0,1539
12846,1,0,0,0x0000000414280810,0x00000094,1,4,4,0,1540
12847,1,1,1,0x0000000414280810,0x00000094,1,4,4,0,1540
12848,1,1,1,0x0000000414280814,0x00000199,1,4,5,0,1541
12849,1,1,1,0x0000000414280818,0x00000019,1,4,6,0,1542
12850,1,1,1,0x000000041428081c,0x00000006,1,4,7,0,1543
12851,1,0,0,0x0000000414280820,0x00000009,1,4,8,0,1544
12852,1,0,0,0x0000000414280820,0x00000009,1,4,8,0,1544
12853,1,1,1,0x0000000414280820,0x00000009,1,4,8,0,1544
12854,1,1,1,0x0000000414280824,0xffffff11,1,4,9,0,1545
12855,1,1,1,0x0000000414280828,0x00000000,1,4,10,0,1546
12856,1,0,0,0x000000041428082c,0xffffff62,1,4,11,0,1547
12857,1,1,1,0x000000041428082c,0xffffff62,1,4,11,0,1547
12858,1,1,1,0x0000000414280830,0x000001ff,1,4,12,0,1548
12859,1,1,1,0x0000000414280834,0xffffff9b,1,4,13,0,1549
12860,1,1,1,0x0000000414280838,0x00000217,1,4,14,0,1550
12861,1,0,0,0x000000041428083c,0x000000bc,1,4,15,0,1551
12862,1,1,1,0x000000041428083c,0x000000bc,1,4,15,0,1551
12863,1,1,1,0x0000000414280840,0xffffffe2,1,4,16,0,1552
12864,1,1,1,0x0000000414280844,0xffffffd8,1,4,17,0,1553
12865,1,0,0,0x0000000414280848,0x000000e6,1,4,18,0,1554
12866,1,0,0,0x0000000414280848,0x000000e6,1,4,18,0,1554
12867,1,1,1,0x0000000414280848,0x000000e6,1,4,18,0,1554
12868,1,1,1,0x000000041428084c,0x00000029,1,4,19,0,1555
12869,1,1,1,0x0000000414280850,0xfffffecc,1,4,20,0,1556
12870,1,1,1,0x0000000414280854,0xffffffda,1,4,21,0,1557
12871,1,0,0,0x0000000414280858,0x00000001,1,4,22,0,1558
12872,1,1,1,0x0000000414280858,0x00000001,1,4,22,0,1558
12873,1,1,1,0x000000041428085c,0x000000f2,1,4,23,0,1559
12874,1,1,1,0x0000000414280860,0xfffffe15,1,4,24,0,1560
12875,1,1,1,0x0000000414280864,0x00000001,1,4,25,0,1561
12876,1,0,0,0x0000000414280868,0xfffffe47,1,4,26,0,1562
12877,1,1,1,0x0000000414280868,0xfffffe47,1,4,26,0,1562
12878,1,0,0,0x000000041428086c,0xfffffe28,1,4,27,0,1563
12879,1,1,1,0x000000041428086c,0xfffffe28,1,4,27,0,1563
12880,1,1,1,0x0000000414280870,0xfffffee1,1,4,28,0,1564
12881,1,0,0,0x0000000414280874,0xffffff83,1,4,29,0,1565
12882,1,1,1,0x0000000414280874,0xffffff83,1,4,29,0,1565
12883,1,1,1,0x0000000414280878,0x00000011,1,4,30,0,1566
12884,1,1,1,0x000000041428087c,0xfffffee5,1,4,31,0,1567
12885,1,1,1,0x0000000414280880,0x00000077,1,4,32,0,1568
12886,1,0,0,0x0000000414280884,0xfffffebc,1,4,33,0,1569
12887,1,1,1,0x0000000414280884,0xfffffebc,1,4,33,0,1569
12888,1,1,1,0x0000000414280888,0x00000163,1,4,34,0,1570
12889,1,1,1,0x000000041428088c,0xffffff15,1,4,35,0,1571
12890,1,1,1,0x0000000414280890,0xfffffeec,1,4,36,0,1572
12891,1,0,0,0x0000000414280894,0xfffffec5,1,4,37,0,1573
12892,1,1,1,0x0000000414280894,0xfffffec5,1,4,37,0,1573
12893,1,1,1,0x0000000414280898,0x00000035,1,4,38,0,1574
12894,1,1,1,0x000000041428089c,0x0000007f,1,4,39,0,1575
12895,1,1,1,0x00000004142808a0,0xffffff41,1,4,40,0,1576
12896,1,0,0,0x00000004142808a4,0xffffff11,1,4,41,0,1577
12897,1,1,1,0x00000004142808a4,0xffffff11,1,4,41,0,1577
12898,1,1,1,0x00000004142808a8,0x00000087,1,4,42,0,1578
12899,1,1,1,0x00000004142808ac,0xffffffd2,1,4,43,0,1579
12900,1,1,1,0x00000004142808b0,0x000001b5,1,4,44,0,1580
12901,1,0,0,0x00000004142808b4,0xfffffe98,1,4,45,0,1581
12902,1,1,1,0x00000004142808b4,0xfffffe98,1,4,45,0,1581
12903,1,1,1,0x00000004142808b8,0x0000004d,1,4,46,0,1582
12904,1,0,0,0x00000004142808bc,0x00000117,1,4,47,0,1583
12905,1,1,1,0x00000004142808bc,0x00000117,1,4,47,0,1583
12906,1,0,0,0x00000004142808c0,0xfffffeb3,1,4,48,0,1584
12907,1,1,1,0x00000004142808c0,0xfffffeb3,1,4,48,0,1584
12908,1,1,1,0x00000004142808c4,0x00000096,1,4,49,0,1585
12909,1,1,1,0x00000004142808c8,0x00000013,1,4,50,0,1586
12910,1,1,1,0x00000004142808cc,0x000000d8,1,4,51,0,1587
12911,1,0,0,0x00000004142808d0,0x0000000e,1,4,52,0,1588
12912,1,1,1,0x00000004142808d0,0x0000000e,1,4,52,0,1588
12913,1,1,1,0x00000004142808d4,0xffffffdc,1,4,53,0,1589
12914,1,1,1,0x00000004142808d8,0x000000f1,1,4,54,0,1590
12915,1,1,1,0x00000004142808dc,0xffffff8a,1,4,55,0,1591
12916,1,0,0,0x00000004142808e0,0x00000012,1,4,56,0,1592
12917,1,0,0,0x00000004142808e0,0x00000012,1,4,56,0,1592
12918,1,1,1,0x00000004142808e0,0x00000012,1,4,56,0,1592
12919,1,1,1,0x00000004142808e4,0xffffff96,1,4,57,0,1593
12920,1,1,1,0x00000004142808e8,0x00000033,1,4,58,0,1594
12921,1,0,0,0x00000004142808ec,0x000000f2,1,4,59,0,1595
12922,1,1,1,0x00000004142808ec,0x000000f2,1,4,59,0,1595
12923,1,1,1,0x00000004142808f0,0xffffff87,1,4,60,0,1596
12924,1,1,1,0x00000004142808f4,0x00000052,1,4,61,0,1597
12925,1,1,1,0x00000004142808f8,0x00000059,1,4,62,0,1598
12926,1,0,0,0x00000004142808fc,0x0000002e,1,4,63,0,1599
12927,1,1,1,0x00000004142808fc,0x0000002e,1,4,63,0,1599
12928,1,1,1,0x0000000414280900,0xfffffefd,1,4,64,0,1600
12929,1,1,1,0x0000000414280904,0x00000096,1,4,65,0,1601
12930,1,0,0,0x0000000414280908,0x0000004e,1,4,66,0,1602
12931,1,0,0,0x0000000414280908,0x0000004e,1,4,66,0,1602
12932,1,1,1,0x0000000414280908,0x0000004e,1,4,66,0,1602
12933,1,1,1,0x000000041428090c,0x00000032,1,4,67,0,1603
12934,1,1,1,0x0000000414280910,0x000000fe,1,4,68,0,1604
12935,1,1,1,0x0000000414280914,0x0000003d,1,4,69,0,1605
12936,1,0,0,0x0000000414280918,0x00000024,1,4,70,0,1606
12937,1,1,1,0x0000000414280918,0x00000024,1,4,70,0,1606
12938,1,1,1,0x000000041428091c,0xffffff52,1,4,71,0,1607
12939,1,1,1,0x0000000414280920,0xffffffa7,1,4,72,0,1608
12940,1,1,1,0x0000000414280924,0xffffffd8,1,4,73,0,1609
12941,1,0,0,0x0000000414280928,0xffffff2c,1,4,74,0,1610
12942,1,1,1,0x0000000414280928,0xffffff2c,1,4,74,0,1610
12943,1,0,0,0x000000041428092c,0x00000004,1,4,75,0,1611
12944,1,1,1,0x000000041428092c,0x00000004,1,4,75,0,1611
12945,1,1,1,0x0000000414280930,0xffffff27,1,4,76,0,1612
12946,1,0,0,0x0000000414280934,0xfffffec5,1,4,77,0,1613
12947,1,1,1,0x0000000414280934,0xfffffec5,1,4,77,0,1613
12948,1,1,1,0x0000000414280938,0x00000032,1,4,78,0,1614
12949,1,1,1,0x000000041428093c,0xffffffcb,1,4,79,0,1615
12950,1,1,1,0x0000000414280940,0x00000044,1,4,80,0,1616
12951,1,0,0,0x0000000414280944,0x00000145,1,4,81,0,1617
12952,1,1,1,0x0000000414280944,0x00000145,1,4,81,0,1617
12953,1,1,1,0x0000000414280948,0xffffffa4,1,4,82,0,1618
12954,1,1,1,0x000000041428094c,0xffffffc1,1,4,83,0,1619
12955,1,1,1,0x0000000414280950,0xffffff76,1,4,84,0,1620
12956,1,0,0,0x0000000414280954,0x00000090,1,4,85,0,1621
12957,1,1,1,0x0000000414280954,0x00000090,1,4,85,0,1621
12958,1,1,1,0x0000000414280958,0x0000006c,1,4,86,0,1622
12959,1,1,1,0x000000041428095c,0x000001a9,1,4,87,0,1623
12960,1,1,1,0x0000000414280960,0x0000013f,1,4,88,0,1624
12961,1,0,0,0x0000000414280964,0xffffff2c,1,4,89,0,1625
12962,1,1,1,0x0000000414280964,0xffffff2c,1,4,89,0,1625
12963,1,1,1,0x0000000414280968,0x00000140,1,4,90,0,1626
12964,1,1,1,0x000000041428096c,0x00000061,1,4,91,0,1627
12965,1,1,1,0x0000000414280970,0xffffff6c,1,4,92,0,1628
12966,1,0,0,0x0000000414280974,0xffffffe8,1,4,93,0,1629
12967,1,1,1,0x0000000414280974,0xffffffe8,1,4,93,0,1629
12968,1,1,1,0x0000000414280978,0xfffffedf,1,4,94,0,1630
12969,1,0,0,0x000000041428097c,0x000000ff,1,4,95,0,1631
12970,1,1,1,0x000000041428097c,0x000000ff,1,4,95,0,1631
12971,1,0,0,0x0000000414280980,0xffffffd4,1,4,96,0,1632
12972,1,1,1,0x0000000414280980,0xffffffd4,1,4,96,0,1632
12973,1,1,1,0x0000000414280984,0x00000045,1,4,97,0,1633
12974,1,1,1,0x0000000414280988,0xffffff20,1,4,98,0,1634
12975,1,1,1,0x000000041428098c,0xffffffc8,1,4,99,0,1635
12976,1,0,0,0x0000000414280990,0xffffffb0,1,4,100,0,1636
12977,1,1,1,0x0000000414280990,0xffffffb0,1,4,100,0,1636
12978,1,1,1,0x0000000414280994,0xffffffd1,1,4,101,0,1637
12979,1,1,1,0x0000000414280998,0xfffffe4a,1,4,102,0,1638
12980,1,1,1,0x000000041428099c,0xfffffe64,1,4,103,0,1639
12981,1,0,0,0x00000004142809a0,0x00000090,1,4,104,0,1640
12982,1,0,0,0x00000004142809a0,0x00000090,1,4,104,0,1640
12983,1,1,1,0x00000004142809a0,0x00000090,1,4,104,0,1640
12984,1,1,1,0x00000004142809a4,0x00000022,1,4,105,0,1641
12985,1,1,1,0x00000004142809a8,0x00000068,1,4,106,0,1642
12986,1,0,0,0x00000004142809ac,0xffffff29,1,4,107,0,1643
12987,1,1,1,0x00000004142809ac,0xffffff29,1,4,107,0,1643
12988,1,1,1,0x00000004142809b0,0xffffffd3,1,4,108,0,1644
12989,1,1,1,0x00000004142809b4,0x000001a4,1,4,109,0,1645
12990,1,1,1,0x00000004142809b8,0xffffff82,1,4,110,0,1646
12991,1,0,0,0x00000004142809bc,0xffffff1f,1,4,111,0,1647
12992,1,1,1,0x00000004142809bc,0xffffff1f,1,4,111,0,1647
12993,1,1,1,0x00000004142809c0,0x000000c6,1,4,112,0,1648
12994,1,1,1,0x00000004142809c4,0xffffff5d,1,4,113,0,1649
12995,1,0,0,0x00000004142809c8,0x00000084,1,4,114,0,1650
12996,1,0,0,0x00000004142809c8,0x00000084,1,4,114,0,1650
12997,1,1,1,0x00000004142809c8,0x00000084,1,4,114,0,1650
12998,1,1,1,0x00000004142809cc,0xfffffd57,1,4,115,0,1651
12999,1,1,1,0x00000004142809d0,0x0000002a,1,4,116,0,1652
13000,1,1,1,0x00000004142809d4,0xfffffef1,1,4,117,0,1653
13001,1,0,0,0x00000004142809d8,0xffffff3d,1,4,118,0,1654
13002,1,1,1,0x00000004142809d8,0xffffff3d,1,4,118,0,1654
13003,1,1,1,0x00000004142809dc,0x000000e4,1,4,119,0,1655
13004,1,1,1,0x00000004142809e0,0x0000003a,1,4,120,0,1656
13005,1,1,1,0x00000004142809e4,0xffffff5d,1,4,121,0,1657
13006,1,0,0,0x00000004142809e8,0x0000013a,1,4,122,0,1658
13007,1,1,1,0x00000004142809e8,0x0000013a,1,4,122,0,1658
13008,1,0,0,0x00000004142809ec,0x00000040,1,4,123,0,1659
13009,1,1,1,0x00000004142809ec,0x00000040,1,4,123,0,1659
13010,1,1,1,0x00000004142809f0,0xffffff12,1,4,124,0,1660
13011,1,0,0,0x00000004142809f4,0x000000a8,1,4,125,0,1661
13012,1,1,1,0x00000004142809f4,0x000000a8,1,4,125,0,1661
13013,1,1,1,0x00000004142809f8,0x000000dc,1,4,126,0,1662
13014,1,1,1,0x00000004142809fc,0xfffffe62,1,4,127,0,1663
13015,1,1,1,0x00000004142a0800,0xfffffd7c,1,5,0,0,1664
13016,1,0,0,0x00000004142a0804,0xfffffe0b,1,5,1,0,1665
13017,1,1,1,0x00000004142a0804,0xfffffe0b,1,5,1,0,1665
13018,1,1,1,0x00000004142a0808,0x00000151,1,5,2,0,1666
13019,1,1,1,0x00000004142a080c,0xffffff85,1,5,3,0,1667
13020,1,1,1,0x00000004142a0810,0xfffff653,1,5,4,0,1668
13021,1,0,0,0x00000004142a0814,0xffffff7c,1,5,5,0,1669
13022,1,1,1,0x00000004142a0814,0xffffff7c,1,5,5,0,1669
13023,1,1,1,0x00000004142a0818,0xffffffb8,1,5,6,0,1670
13024,1,1,1,0x00000004142a081c,0x0000003a,1,5,7,0,1671
13025,1,1,1,0x00000004142a0820,0xfffffb4c,1,5,8,0,1672
13026,1,0,0,0x00000004142a0824,0xfffffbce,1,5,9,0,1673
13027,1,1,1,0x00000004142a0824,0xfffffbce,1,5,9,0,1673
13028,1,1,1,0x00000004142a0828,0x00000273,1,5,10,0,1674
13029,1,1,1,0x00000004142a082c,0xffffffc2,1,5,11,0,1675
13030,1,1,1,0x00000004142a0830,0xffffffcc,1,5,12,0,1676
13031,1,0,0,0x00000004142a0834,0xfffffe60,1,5,13,0,1677
13032,1,1,1,0x00000004142a0834,0xfffffe60,1,5,13,0,1677
13033,1,1,1,0x00000004142a0838,0xffffff25,1,5,14,0,1678
13034,1,0,0,0x00000004142a083c,0x000002ac,1,5,15,0,1679
13035,1,1,1,0x00000004142a083c,0x000002ac,1,5,15,0,1679
13036,1,0,0,0x00000004142a0840,0x000001aa,1,5,16,0,1680
13037,1,1,1,0x00000004142a0840,0x000001aa,1,5,16,0,1680
13038,1,1,1,0x00000004142a0844,0xfffffde2,1,5,17,0,1681
13039,1,1,1,0x00000004142a0848,0x00000060,1,5,18,0,1682
13040,1,1,1,0x00000004142a084c,0xffffff72,1,5,19,0,1683
13041,1,0,0,0x00000004142a0850,0x0000045e,1,5,20,0,1684
13042,1,1,1,0x00000004142a0850,0x0000045e,1,5,20,0,1684
13043,1,1,1,0x00000004142a0854,0x000001e4,1,5,21,0,1685
13044,1,1,1,0x00000004142a0858,0x0000005f,1,5,22,0,1686
13045,1,1,1,0x00000004142a085c,0xfffffcc3,1,5,23,0,1687
13046,1,0,0,0x00000004142a0860,0xffffffc7,1,5,24,0,1688
13047,1,0,0,0x00000004142a0860,0xffffffc7,1,5,24,0,1688
13048,1,1,1,0x00000004142a0860,0xffffffc7,1,5,24,0,1688
13049,1,1,1,0x00000004142a0864,0x000001f8,1,5,25,0,1689
13050,1,1,1,0x00000004142a0868,0x000001fa,1,5,26,0,1690
13051,1,0,0,0x00000004142a086c,0x000002ad,1,5,27,0,1691
13052,1,1,1,0x00000004142a086c,0x000002ad,1,5,27,0,1691
13053,1,1,1,0x00000004142a0870,0xffffffdc,1,5,28,0,1692
13054,1,1,1,0x00000004142a0874,0xfffffd85,1,5,29,0,1693
13055,1,1,1,0x00000004142a0878,0xfffffe60,1,5,30,0,1694
13056,1,0,0,0x00000004142a087c,0x0000004e,1,5,31,0,1695
13057,1,1,1,0x00000004142a087c,0x0000004e,1,5,31,0,1695
13058,1,1,1,0x00000004142a0880,0xfffffec6,1,5,32,0,1696
13059,1,1,1,0x00000004142a0884,0xfffffe09,1,5,33,0,1697
13060,1,0,0,0x00000004142a0888,0xfffffff1,1,5,34,0,1698
13061,1,0,0,0x00000004142a0888,0xfffffff1,1,5,34,0,1698
13062,1,1,1,0x00000004142a0888,0xfffffff1,1,5,34,0,1698
13063,1,1,1,0x00000004142a088c,0x0000005d,1,5,35,0,1699
13064,1,0,0,0x00000004142a0890,0x0000000e,1,5,36,0,1700
13065,1,1,1,0x00000004142a0890,0x0000000e,1,5,36,0,1700
13066,1,0,0,0x00000004142a0894,0x000002b1,1,5,37,0,1701
13067,1,0,0,0x00000004142a0894,0x000002b1,1,5,37,0,1701
13068,1,1,1,0x00000004142a0894,0x000002b1,1,5,37,0,1701
13069,1,1,1,0x00000004142a0898,0xfffffe7e,1,5,38,0,1702
13070,1,0,0,0x00000004142a089c,0xfffffeec,1,5,39,0,1703
13071,1,0,0,0x00000004142a089c,0xfffffeec,1,5,39,0,1703
13072,1,1,1,0x00000004142a089c,0xfffffeec,1,5,39,0,1703
13073,1,0,0,0x00000004142a08a0,0x00000138,1,5,40,0,1704
13074,1,1,1,0x00000004142a08a0,0x00000138,1,5,40,0,1704
13075,1,1,1,0x00000004142a08a4,0x000001fd,1,5,41,0,1705
13076,1,0,0,0x00000004142a08a8,0xfffffd87,1,5,42,0,1706
13077,1,1,1,0x00000004142a08a8,0xfffffd87,1,5,42,0,1706
13078,1,1,1,0x00000004142a08ac,0xfffffe02,1,5,43,0,1707
13079,1,0,0,0x00000004142a08b0,0x000003f3,1,5,44,0,1708
13080,1,1,1,0x00000004142a08b0,0x000003f3,1,5,44,0,1708
13081,1,0,0,0x00000004142a08b4,0xffffff36,1,5,45,0,1709
13082,1,0,0,0x00000004142a08b4,0xffffff36,1,5,45,0,1709
13083,1,1,1,0x00000004142a08b4,0xffffff36,1,5,45,0,1709
13084,1,1,1,0x00000004142a08b8,0x00000142,1,5,46,0,1710
13085,1,0,0,0x00000004142a08bc,0xfffffda1,1,5,47,0,1711
13086,1,0,0,0x00000004142a08bc,0xfffffda1,1,5,47,0,1711
13087,1,1,1,0x00000004142a08bc,0xfffffda1,1,5,47,0,1711
13088,1,0,0,0x00000004142a08c0,0xfffffde1,1,5,48,0,1712
13089,1,1,1,0x00000004142a08c0,0xfffffde1,1,5,48,0,1712
13090,1,1,1,0x00000004142a08c4,0xffffff6c,1,5,49,0,1713
13091,1,0,0,0x00000004142a08c8,0xffffff83,1,5,50,0,1714
13092,1,1,1,0x00000004142a08c8,0xffffff83,1,5,50,0,1714
13093,1,1,1,0x00000004142a08cc,0xffffffaf,1,5,51,0,1715
13094,1,0,0,0x00000004142a08d0,0x00000064,1,5,52,0,1716
13095,1,1,1,0x00000004142a08d0,0x00000064,1,5,52,0,1716
13096,1,0,0,0x00000004142a08d4,0xfffffd76,1,5,53,0,1717
13097,1,0,0,0x00000004142a08d4,0xfffffd76,1,5,53,0,1717
13098,1,1,1,0x00000004142a08d4,0xfffffd76,1,5,53,0,1717
13099,1,0,0,0x00000004142a08d8,0xfffffdd3,1,5,54,0,1718
13100,1,0,0,0x00000004142a08d8,0xfffffdd3,1,5,54,0,1718
13101,1,0,0,0x00000004142a08d8,0xfffffdd3,1,5,54,0,1718
13102,1,1,1,0x00000004142a08d8,0xfffffdd3,1,5,54,0,1718
13103,1,0,0,0x00000004142a08dc,0xffffffbf,1,5,55,0,1719
13104,1,1,1,0x00000004142a08dc,0xffffffbf,1,5,55,0,1719
13105,1,1,1,0x00000004142a08e0,0xfffffd8a,1,5,56,0,1720
13106,1,0,0,0x00000004142a08e4,0xfffffd9a,1,5,57,0,1721
13107,1,1,1,0x00000004142a08e4,0xfffffd9a,1,5,57,0,1721
13108,1,1,1,0x00000004142a08e8,0x0000015a,1,5,58,0,1722
13109,1,1,1,0x00000004142a08ec,0xfffffce7,1,5,59,0,1723
13110,1,1,1,0x00000004142a08f0,0xffffffa1,1,5,60,0,1724
13111,1,0,0,0x00000004142a08f4,0xfffffe42,1,5,61,0,1725
13112,1,0,0,0x00000004142a08f4,0xfffffe42,1,5,61,0,1725
13113,1,1,1,0x00000004142a08f4,0xfffffe42,1,5,61,0,1725
13114,1,1,1,0x00000004142a08f8,0xffffffb4,1,5,62,0,1726
13115,1,1,1,0x00000004142a08fc,0xffffffe5,1,5,63,0,1727
13116,1,0,0,0x00000004142a0900,0x0000007e,1,5,64,0,1728
13117,1,1,1,0x00000004142a0900,0x0000007e,1,5,64,0,1728
13118,1,1,1,0x00000004142a0904,0x0000004c,1,5,65,0,1729
13119,1,1,1,0x00000004142a0908,0xfffffe8e,1,5,66,0,1730
13120,1,1,1,0x00000004142a090c,0xffffff01,1,5,67,0,1731
13121,1,0,0,0x00000004142a0910,0xffffffc6,1,5,68,0,1732
13122,1,1,1,0x00000004142a0910,0xffffffc6,1,5,68,0,1732
13123,1,1,1,0x00000004142a0914,0x000003bf,1,5,69,0,1733
13124,1,1,1,0x00000004142a0918,0x00000456,1,5,70,0,1734
13125,1,0,0,0x00000004142a091c,0xffffffa2,1,5,71,0,1735
13126,1,0,0,0x00000004142a091c,0xffffffa2,1,5,71,0,1735
13127,1,1,1,0x00000004142a091c,0xffffffa2,1,5,71,0,1735
13128,1,1,1,0x00000004142a0920,0x000000c1,1,5,72,0,1736
13129,1,1,1,0x00000004142a0924,0x0000012f,1,5,73,0,1737
13130,1,1,1,0x00000004142a0928,0x0000025f,1,5,74,0,1738
13131,1,0,0,0x00000004142a092c,0x0000012c,1,5,75,0,1739
13132,1,1,1,0x00000004142a092c,0x0000012c,1,5,75,0,1739
13133,1,1,1,0x00000004142a0930,0xfffffff7,1,5,76,0,1740
13134,1,1,1,0x00000004142a0934,0xfffffe27,1,5,77,0,1741
13135,1,1,1,0x00000004142a0938,0x00000182,1,5,78,0,1742
13136,1,0,0,0x00000004142a093c,0xfffffe09,1,5,79,0,1743
13137,1,1,1,0x00000004142a093c,0xfffffe09,1,5,79,0,1743
13138,1,0,0,0x00000004142a0940,0x000001d0,1,5,80,0,1744
13139,1,1,1,0x00000004142a0940,0x000001d0,1,5,80,0,1744
13140,1,1,1,0x00000004142a0944,0x00000083,1,5,81,0,1745
13141,1,0,0,0x00000004142a0948,0xfffffd97,1,5,82,0,1746
13142,1,1,1,0x00000004142a0948,0xfffffd97,1,5,82,0,1746
13143,1,1,1,0x00000004142a094c,0x000003ef,1,5,83,0,1747
13144,1,1,1,0x00000004142a0950,0x00000032,1,5,84,0,1748
13145,1,1,1,0x00000004142a0954,0x0000027b,1,5,85,0,1749
13146,1,0,0,0x00000004142a0958,0xfffff985,1,5,86,0,1750
13147,1,1,1,0x00000004142a0958,0xfffff985,1,5,86,0,1750
13148,1,1,1,0x00000004142a095c,0xfffff968,1,5,87,0,1751
13149,1,1,1,0x00000004142a0960,0x000004b7,1,5,88,0,1752
13150,1,1,1,0x00000004142a0964,0xfffffeef,1,5,89,0,1753
13151,1,0,0,0x00000004142a0968,0x00000034,1,5,90,0,1754
13152,1,1,1,0x00000004142a0968,0x00000034,1,5,90,0,1754
13153,1,1,1,0x00000004142a096c,0x00000020,1,5,91,0,1755
13154,1,1,1,0x00000004142a0970,0x000000ff,1,5,92,0,1756
13155,1,1,1,0x00000004142a0974,0xfffffbaf,1,5,93,0,1757
13156,1,0,0,0x00000004142a0978,0x0000022a,1,5,94,0,1758
13157,1,1,1,0x00000004142a0978,0x0000022a,1,5,94,0,1758
13158,1,1,1,0x00000004142a097c,0x000002fd,1,5,95,0,1759
13159,1,1,1,0x00000004142a0980,0xfffffe27,1,5,96,0,1760
13160,1,1,1,0x00000004142a0984,0x00000099,1,5,97,0,1761
13161,1,0,0,0x00000004142a0988,0x000001aa,1,5,98,0,1762
13162,1,1,1,0x00000004142a0988,0x000001aa,1,5,98,0,1762
13163,1,1,1,0x00000004142a098c,0xffffffb9,1,5,99,0,1763
13164,1,0,0,0x00000004142a0990,0xfffffd74,1,5,100,0,1764
13165,1,1,1,0x00000004142a0990,0xfffffd74,1,5,100,0,1764
13166,1,0,0,0x00000004142a0994,0xfffffe80,1,5,101,0,1765
13167,1,1,1,0x00000004142a0994,0xfffffe80,1,5,101,0,1765
13168,1,1,1,0x00000004142a0998,0xfffffe78,1,5,102,0,1766
13169,1,1,1,0x00000004142a099c,0xfffffb85,1,5,103,0,1767
13170,1,1,1,0x00000004142a09a0,0x000001a2,1,5,104,0,1768
13171,1,0,0,0x00000004142a09a4,0x000001b3,1,5,105,0,1769
13172,1,1,1,0x00000004142a09a4,0x000001b3,1,5,105,0,1769
13173,1,1,1,0x00000004142a09a8,0xfffffe54,1,5,106,0,1770
13174,1,1,1,0x00000004142a09ac,0x0000021a,1,5,107,0,1771
13175,1,1,1,0x00000004142a09b0,0xffffff31,1,5,108,0,1772
13176,1,0,0,0x00000004142a09b4,0xffffff79,1,5,109,0,1773
13177,1,0,0,0x00000004142a09b4,0xffffff79,1,5,109,0,1773
13178,1,1,1,0x00000004142a09b4,0xffffff79,1,5,109,0,1773
13179,1,1,1,0x00000004142a09b8,0xffffff15,1,5,110,0,1774
13180,1,1,1,0x00000004142a09bc,0x00000315,1,5,111,0,1775
13181,1,0,0,0x00000004142a09c0,0x0000007f,1,5,112,0,1776
13182,1,1,1,0x00000004142a09c0,0x0000007f,1,5,112,0,1776
13183,1,1,1,0x00000004142a09c4,0xfffffcd1,1,5,113,0,1777
13184,1,1,1,0x00000004142a09c8,0x00000026,1,5,114,0,1778
13185,1,1,1,0x00000004142a09cc,0xffffff01,1,5,115,0,1779
13186,1,0,0,0x00000004142a09d0,0x000002e9,1,5,116,0,1780
13187,1,1,1,0x00000004142a09d0,0x000002e9,1,5,116,0,1780
13188,1,1,1,0x00000004142a09d4,0x0000059d,1,5,117,0,1781
13189,1,1,1,0x00000004142a09d8,0x00000057,1,5,118,0,1782
13190,1,0,0,0x00000004142a09dc,0x00000047,1,5,119,0,1783
13191,1,0,0,0x00000004142a09dc,0x00000047,1,5,119,0,1783
13192,1,1,1,0x00000004142a09dc,0x00000047,1,5,119,0,1783
13193,1,1,1,0x00000004142a09e0,0x000000aa,1,5,120,0,1784
13194,1,1,1,0x00000004142a09e4,0x0000019d,1,5,121,0,1785
13195,1,1,1,0x00000004142a09e8,0xffffffce,1,5,122,0,1786
13196,1,0,0,0x00000004142a09ec,0xffffff83,1,5,123,0,1787
13197,1,1,1,0x00000004142a09ec,0xffffff83,1,5,123,0,1787
13198,1,1,1,0x00000004142a09f0,0xffffffee,1,5,124,0,1788
13199,1,1,1,0x00000004142a09f4,0xfffffc5b,1,5,125,0,1789
13200,1,1,1,0x00000004142a09f8,0xfffffeb5,1,5,126,0,1790
13201,1,0,0,0x00000004142a09fc,0xfffffe79,1,5,127,0,1791
13202,1,1,1,0x00000004142a09fc,0xfffffe79,1,5,127,0,1791
13203,1,0,0,0x00000004142c0800,0x0000009d,1,6,0,0,1792
13204,1,1,1,0x00000004142c0800,0x0000009d,1,6,0,0,1792
13205,1,1,1,0x00000004142c0804,0xffffff89,1,6,1,0,1793
13206,1,0,0,0x00000004142c0808,0xffffffca,1,6,2,0,1794
13207,1,1,1,0x00000004142c0808,0xffffffca,1,6,2,0,1794
13208,1,1,1,0x00000004142c080c,0xffffffd1,1,6,3,0,1795
13209,1,1,1,0x00000004142c0810,0xffffffa7,1,6,4,0,1796
13210,1,1,1,0x00000004142c0814,0x0000001d,1,6,5,0,1797
13211,1,0,0,0x00000004142c0818,0xffffffc9,1,6,6,0,1798
13212,1,1,1,0x00000004142c0818,0xffffffc9,1,6,6,0,1798
13213,1,1,1,0x00000004142c081c,0xffffffa2,1,6,7,0,1799
13214,1,1,1,0x00000004142c0820,0xffffff17,1,6,8,0,1800
13215,1,1,1,0x00000004142c0824,0xfffffefb,1,6,9,0,1801
13216,1,0,0,0x00000004142c0828,0xffffff9d,1,6,10,0,1802
13217,1,1,1,0x00000004142c0828,0xffffff9d,1,6,10,0,1802
13218,1,1,1,0x00000004142c082c,0xffffffe0,1,6,11,0,1803
13219,1,1,1,0x00000004142c0830,0x000000df,1,6,12,0,1804
13220,1,1,1,0x00000004142c0834,0x0000002f,1,6,13,0,1805
13221,1,0,0,0x00000004142c0838,0xffffffa9,1,6,14,0,1806
13222,1,1,1,0x00000004142c0838,0xffffffa9,1,6,14,0,1806
13223,1,1,1,0x00000004142c083c,0x0000000a,1,6,15,0,1807
13224,1,1,1,0x00000004142c0840,0x0000009d,1,6,16,0,1808
13225,1,1,1,0x00000004142c0844,0xffffff9a,1,6,17,0,1809
13226,1,0,0,0x00000004142c0848,0xffffff8a,1,6,18,0,1810
13227,1,1,1,0x00000004142c0848,0xffffff8a,1,6,18,0,1810
13228,1,1,1,0x00000004142c084c,0xffffff96,1,6,19,0,1811
13229,1,0,0,0x00000004142c0850,0x00000048,1,6,20,0,1812
13230,1,1,1,0x00000004142c0850,0x00000048,1,6,20,0,1812
13231,1,0,0,0x00000004142c0854,0xffffffbe,1,6,21,0,1813
13232,1,1,1,0x00000004142c0854,0xffffffbe,1,6,21,0,1813
13233,1,1,1,0x00000004142c0858,0xfffff7a9,1,6,22,0,1814
13234,1,1,1,0x00000004142c085c,0x0000004b,1,6,23,0,1815
13235,1,1,1,0x00000004142c0860,0x0000003f,1,6,24,0,1816
13236,1,0,0,0x00000004142c0864,0xffffffc7,1,6,25,0,1817
13237,1,1,1,0x00000004142c0864,0xffffffc7,1,6,25,0,1817
13238,1,1,1,0x00000004142c0868,0x00000014,1,6,26,0,1818
13239,1,1,1,0x00000004142c086c,0x00000005,1,6,27,0,1819
13240,1,1,1,0x00000004142c0870,0xffffffa7,1,6,28,0,1820
13241,1,0,0,0x00000004142c0874,0x0000004b,1,6,29,0,1821
13242,1,0,0,0x00000004142c0874,0x0000004b,1,6,29,0,1821
13243,1,1,1,0x00000004142c0874,0x0000004b,1,6,29,0,1821
13244,1,1,1,0x00000004142c0878,0xfffff0a0,1,6,30,0,1822
13245,1,1,1,0x00000004142c087c,0x00000098,1,6,31,0,1823
13246,1,0,0,0x00000004142c0880,0x00000056,1,6,32,0,1824
13247,1,1,1,0x00000004142c0880,0x00000056,1,6,32,0,1824
13248,1,1,1,0x00000004142c0884,0x000000e3,1,6,33,0,1825
13249,1,1,1,0x00000004142c0888,0xfffffffb,1,6,34,0,1826
13250,1,1,1,0x00000004142c088c,0xffffff58,1,6,35,0,1827
13251,1,0,0,0x00000004142c0890,0x00000052,1,6,36,0,1828
13252,1,1,1,0x00000004142c0890,0x00000052,1,6,36,0,1828
13253,1,1,1,0x00000004142c0894,0x00000518,1,6,37,0,1829
13254,1,1,1,0x00000004142c0898,0xffffffc0,1,6,38,0,1830
13255,1,0,0,0x00000004142c089c,0x00000038,1,6,39,0,1831
13256,1,0,0,0x00000004142c089c,0x00000038,1,6,39,0,1831
13257,1,1,1,0x00000004142c089c,0x00000038,1,6,39,0,1831
13258,1,1,1,0x00000004142c08a0,0xffffff56,1,6,40,0,1832
13259,1,1,1,0x00000004142c08a4,0x00000077,1,6,41,0,1833
13260,1,1,1,0x00000004142c08a8,0x0000002b,1,6,42,0,1834
13261,1,0,0,0x00000004142c08ac,0x00000012,1,6,43,0,1835
13262,1,1,1,0x00000004142c08ac,0x00000012,1,6,43,0,1835
13263,1,1,1,0x00000004142c08b0,0xffffffb2,1,6,44,0,1836
13264,1,1,1,0x00000004142c08b4,0xffffffd4,1,6,45,0,1837
13265,1,1,1,0x00000004142c08b8,0xffffff3d,1,6,46,0,1838
13266,1,0,0,0x00000004142c08bc,0xffffff46,1,6,47,0,1839
13267,1,1,1,0x00000004142c08bc,0xffffff46,1,6,47,0,1839
13268,1,0,0,0x00000004142c08c0,0xffffff79,1,6,48,0,1840
13269,1,1,1,0x00000004142c08c0,0xffffff79,1,6,48,0,1840
13270,1,1,1,0x00000004142c08c4,0xffffff85,1,6,49,0,1841
13271,1,0,0,0x00000004142c08c8,0x00000019,1,6,50,0,1842
13272,1,1,1,0x00000004142c08c8,0x00000019,1,6,50,0,1842
13273,1,1,1,0x00000004142c08cc,0xffffff13,1,6,51,0,1843
13274,1,1,1,0x00000004142c08d0,0x000000de,1,6,52,0,1844
13275,1,1,1,0x00000004142c08d4,0x00000082,1,6,53,0,1845
13276,1,0,0,0x00000004142c08d8,0x00000050,1,6,54,0,1846
13277,1,1,1,0x00000004142c08d8,0x00000050,1,6,54,0,1846
13278,1,1,1,0x00000004142c08dc,0x0000004e,1,6,55,0,1847
13279,1,1,1,0x00000004142c08e0,0x00000030,1,6,56,0,1848
13280,1,1,1,0x00000004142c08e4,0x0000001d,1,6,57,0,1849
13281,1,0,0,0x00000004142c08e8,0xffffffe2,1,6,58,0,1850
13282,1,1,1,0x00000004142c08e8,0xffffffe2,1,6,58,0,1850
13283,1,1,1,0x00000004142c08ec,0xfffffffb,1,6,59,0,1851
13284,1,1,1,0x00000004142c08f0,0x00000011,1,6,60,0,1852
13285,1,1,1,0x00000004142c08f4,0x000000f3,1,6,61,0,1853
13286,1,0,0,0x00000004142c08f8,0xffffffb4,1,6,62,0,1854
13287,1,1,1,0x00000004142c08f8,0xffffffb4,1,6,62,0,1854
13288,1,1,1,0x00000004142c08fc,0x00000027,1,6,63,0,1855
13289,1,1,1,0x00000004142c0900,0xffffff8a,1,6,64,0,1856
13290,1,1,1,0x00000004142c0904,0x00000010,1,6,65,0,1857
13291,1,0,0,0x00000004142c0908,0x0000011a,1,6,66,0,1858
13292,1,1,1,0x00000004142c0908,0x0000011a,1,6,66,0,1858
13293,1,1,1,0x00000004142c090c,0x0000001c,1,6,67,0,1859
13294,1,0,0,0x00000004142c0910,0xfffffff1,1,6,68,0,1860
13295,1,1,1,0x00000004142c0910,0xfffffff1,1,6,68,0,1860
13296,1,0,0,0x00000004142c0914,0x00000034,1,6,69,0,1861
13297,1,1,1,0x00000004142c0914,0x00000034,1,6,69,0,1861
13298,1,1,1,0x00000004142c0918,0xffffff57,1,6,70,0,1862
13299,1,1,1,0x00000004142c091c,0xffffff60,1,6,71,0,1863
13300,1,1,1,0x00000004142c0920,0xffffffff,1,6,72,0,1864
13301,1,0,0,0x00000004142c0924,0xfffffff8,1,6,73,0,1865
13302,1,1,1,0x00000004142c0924,0xfffffff8,1,6,73,0,1865
13303,1,1,1,0x00000004142c0928,0xffffffcf,1,6,74,0,1866
13304,1,1,1,0x00000004142c092c,0x00000119,1,6,75,0,1867
13305,1,1,1,0x00000004142c0930,0x00000195,1,6,76,0,1868
13306,1,0,0,0x00000004142c0934,0x00000072,1,6,77,0,1869
13307,1,0,0,0x00000004142c0934,0x00000072,1,6,77,0,1869
13308,1,1,1,0x00000004142c0934,0x00000072,1,6,77,0,1869
13309,1,1,1,0x00000004142c0938,0xffffffda,1,6,78,0,1870
13310,1,1,1,0x00000004142c093c,0xfffff868,1,6,79,0,1871
13311,1,0,0,0x00000004142c0940,0xffffffac,1,6,80,0,1872
13312,1,1,1,0x00000004142c0940,0xffffffac,1,6,80,0,1872
13313,1,1,1,0x00000004142c0944,0x00000056,1,6,81,0,1873
13314,1,1,1,0x00000004142c0948,0xffffffcd,1,6,82,0,1874
13315,1,1,1,0x00000004142c094c,0xffffffca,1,6,83,0,1875
13316,1,0,0,0x00000004142c0950,0xfffffff9,1,6,84,0,1876
13317,1,1,1,0x00000004142c0950,0xfffffff9,1,6,84,0,1876
13318,1,1,1,0x00000004142c0954,0xffffffe8,1,6,85,0,1877
13319,1,1,1,0x00000004142c0958,0xffffffd2,1,6,86,0,1878
13320,1,0,0,0x00000004142c095c,0x0000006d,1,6,87,0,1879
13321,1,0,0,0x00000004142c095c,0x0000006d,1,6,87,0,1879
13322,1,1,1,0x00000004142c095c,0x0000006d,1,6,87,0,1879
13323,1,1,1,0x00000004142c0960,0xffffffc4,1,6,88,0,1880
13324,1,1,1,0x00000004142c0964,0xffffffe0,1,6,89,0,1881
13325,1,1,1,0x00000004142c0968,0xffffffe0,1,6,90,0,1882
13326,1,0,0,0x00000004142c096c,0xffffffd7,1,6,91,0,1883
13327,1,1,1,0x00000004142c096c,0xffffffd7,1,6,91,0,1883
13328,1,1,1,0x00000004142c0970,0xffffffc7,1,6,92,0,1884
13329,1,1,1,0x00000004142c0974,0xfffffdac,1,6,93,0,1885
13330,1,1,1,0x00000004142c0978,0x000000a6,1,6,94,0,1886
13331,1,0,0,0x00000004142c097c,0x000000d3,1,6,95,0,1887
13332,1,1,1,0x00000004142c097c,0x000000d3,1,6,95,0,1887
13333,1,0,0,0x00000004142c0980,0xffffff8d,1,6,96,0,1888
13334,1,1,1,0x00000004142c0980,0xffffff8d,1,6,96,0,1888
13335,1,1,1,0x00000004142c0984,0xffffff48,1,6,97,0,1889
13336,1,0,0,0x00000004142c0988,0xfffffeca,1,6,98,0,1890
13337,1,1,1,0x00000004142c0988,0xfffffeca,1,6,98,0,1890
13338,1,1,1,0x00000004142c098c,0xffffffee,1,6,99,0,1891
13339,1,1,1,0x00000004142c0990,0x00000038,1,6,100,0,1892
13340,1,1,1,0x00000004142c0994,0xffffff67,1,6,101,0,1893
13341,1,0,0,0x00000004142c0998,0xffffffec,1,6,102,0,1894
13342,1,1,1,0x00000004142c0998,0xffffffec,1,6,102,0,1894
13343,1,1,1,0x00000004142c099c,0xffffffab,1,6,103,0,1895
13344,1,1,1,0x00000004142c09a0,0xffffff6b,1,6,104,0,1896
13345,1,1,1,0x00000004142c09a4,0x0000005f,1,6,105,0,1897
13346,1,0,0,0x00000004142c09a8,0xffffffc9,1,6,106,0,1898
13347,1,1,1,0x00000004142c09a8,0xffffffc9,1,6,106,0,1898
13348,1,1,1,0x00000004142c09ac,0x00000052,1,6,107,0,1899
13349,1,1,1,0x00000004142c09b0,0xffffffb3,1,6,108,0,1900
13350,1,1,1,0x00000004142c09b4,0xffffff2e,1,6,109,0,1901
13351,1,0,0,0x00000004142c09b8,0xffffff9b,1,6,110,0,1902
13352,1,1,1,0x00000004142c09b8,0xffffff9b,1,6,110,0,1902
13353,1,1,1,0x00000004142c09bc,0x00000006,1,6,111,0,1903
13354,1,1,1,0x00000004142c09c0,0xffffffe3,1,6,112,0,1904
13355,1,1,1,0x00000004142c09c4,0xfffffec1,1,6,113,0,1905
13356,1,0,0,0x00000004142c09c8,0x00000029,1,6,114,0,1906
13357,1,1,1,0x00000004142c09c8,0x00000029,1,6,114,0,1906
13358,1,1,1,0x00000004142c09cc,0x00000024,1,6,115,0,1907
13359,1,0,0,0x00000004142c09d0,0xffffffec,1,6,116,0,1908
13360,1,1,1,0x00000004142c09d0,0xffffffec,1,6,116,0,1908
13361,1,0,0,0x00000004142c09d4,0xfffffef6,1,6,117,0,1909
13362,1,1,1,0x00000004142c09d4,0xfffffef6,1,6,117,0,1909
13363,1,1,1,0x00000004142c09d8,0xfffffff3,1,6,118,0,1910
13364,1,1,1,0x00000004142c09dc,0xffffff97,1,6,119,0,1911
13365,1,1,1,0x00000004142c09e0,0xffffffad,1,6,120,0,1912
13366,1,0,0,0x00000004142c09e4,0xffffffcf,1,6,121,0,1913
13367,1,1,1,0x00000004142c09e4,0xffffffcf,1,6,121,0,1913
13368,1,1,1,0x00000004142c09e8,0x0000001d,1,6,122,0,1914
13369,1,1,1,0x00000004142c09ec,0xfffffe48,1,6,123,0,1915
13370,1,1,1,0x00000004142c09f0,0x0000006b,1,6,124,0,1916
13371,1,0,0,0x00000004142c09f4,0x00000053,1,6,125,0,1917
13372,1,0,0,0x00000004142c09f4,0x00000053,1,6,125,0,1917
13373,1,1,1,0x00000004142c09f4,0x00000053,1,6,125,0,1917
13374,1,1,1,0x00000004142c09f8,0xffffffee,1,6,126,0,1918
13375,1,1,1,0x00000004142c09fc,0x00000022,1,6,127,0,1919
13376,1,0,0,0x00000004142e0800,0xffffffa9,1,7,0,0,1920
13377,1,1,1,0x00000004142e0800,0xffffffa9,1,7,0,0,1920
13378,1,1,1,0x00000004142e0804,0xffffff53,1,7,1,0,1921
13379,1,1,1,0x00000004142e0808,0xfffffeea,1,7,2,0,1922
13380,1,1,1,0x00000004142e080c,0x000000e1,1,7,3,0,1923
13381,1,0,0,0x00000004142e0810,0x00000089,1,7,4,0,1924
13382,1,1,1,0x00000004142e0810,0x00000089,1,7,4,0,1924
13383,1,1,1,0x00000004142e0814,0x0000025d,1,7,5,0,1925
13384,1,1,1,0x00000004142e0818,0xfffffeb1,1,7,6,0,1926
13385,1,0,0,0x00000004142e081c,0xffffff56,1,7,7,0,1927
13386,1,0,0,0x00000004142e081c,0xffffff56,1,7,7,0,1927
13387,1,1,1,0x00000004142e081c,0xffffff56,1,7,7,0,1927
13388,1,1,1,0x00000004142e0820,0xffffff67,1,7,8,0,1928
13389,1,1,1,0x00000004142e0824,0x00000069,1,7,9,0,1929
13390,1,1,1,0x00000004142e0828,0xffffff48,1,7,10,0,1930
13391,1,0,0,0x00000004142e082c,0xfffffebf,1,7,11,0,1931
13392,1,1,1,0x00000004142e082c,0xfffffebf,1,7,11,0,1931
13393,1,1,1,0x00000004142e0830,0xffffff3c,1,7,12,0,1932
13394,1,1,1,0x00000004142e0834,0x000000ad,1,7,13,0,1933
13395,1,1,1,0x00000004142e0838,0xffffffed,1,7,14,0,1934
13396,1,0,0,0x00000004142e083c,0xfffffe1e,1,7,15,0,1935
13397,1,1,1,0x00000004142e083c,0xfffffe1e,1,7,15,0,1935
13398,1,0,0,0x00000004142e0840,0x000001d4,1,7,16,0,1936
13399,1,1,1,0x00000004142e0840,0x000001d4,1,7,16,0,1936
13400,1,1,1,0x00000004142e0844,0xfffffe71,1,7,17,0,1937
13401,1,0,0,0x00000004142e0848,0xffffff02,1,7,18,0,1938
13402,1,1,1,0x00000004142e0848,0xffffff02,1,7,18,0,1938
13403,1,1,1,0x00000004142e084c,0x0000009b,1,7,19,0,1939
13404,1,1,1,0x00000004142e0850,0x0000009d,1,7,20,0,1940
13405,1,1,1,0x00000004142e0854,0x000000e6,1,7,21,0,1941
13406,1,0,0,0x00000004142e0858,0xffffffc3,1,7,22,0,1942
13407,1,1,1,0x00000004142e0858,0xffffffc3,1,7,22,0,1942
13408,1,1,1,0x00000004142e085c,0x000000ad,1,7,23,0,1943
13409,1,1,1,0x00000004142e0860,0xffffffca,1,7,24,0,1944
13410,1,1,1,0x00000004142e0864,0xfffffec5,1,7,25,0,1945
13411,1,0,0,0x00000004142e0868,0x00000123,1,7,26,0,1946
13412,1,1,1,0x00000004142e0868,0x00000123,1,7,26,0,1946
13413,1,1,1,0x00000004142e086c,0xffffff4c,1,7,27,0,1947
13414,1,1,1,0x00000004142e0870,0x000000ce,1,7,28,0,1948
13415,1,1,1,0x00000004142e0874,0xffffff35,1,7,29,0,1949
13416,1,0,0,0x00000004142e0878,0xffffffda,1,7,30,0,1950
13417,1,1,1,0x00000004142e0878,0xffffffda,1,7,30,0,1950
13418,1,1,1,0x00000004142e087c,0x000002c5,1,7,31,0,1951
13419,1,1,1,0x00000004142e0880,0x00000029,1,7,32,0,1952
13420,1,1,1,0x00000004142e0884,0xffffffca,1,7,33,0,1953
13421,1,0,0,0x00000004142e0888,0xffffff35,1,7,34,0,1954
13422,1,1,1,0x00000004142e0888,0xffffff35,1,7,34,0,1954
13423,1,1,1,0x00000004142e088c,0xfffffec0,1,7,35,0,1955
13424,1,0,0,0x00000004142e0890,0x0000005d,1,7,36,0,1956
13425,1,1,1,0x00000004142e0890,0x0000005d,1,7,36,0,1956
13426,1,0,0,0x00000004142e0894,0x00000053,1,7,37,0,1957
13427,1,1,1,0x00000004142e0894,0x00000053,1,7,37,0,1957
13428,1,1,1,0x00000004142e0898,0xfffffd6d,1,7,38,0,1958
13429,1,1,1,0x00000004142e089c,0x00000187,1,7,39,0,1959
13430,1,1,1,0x00000004142e08a0,0x0000011e,1,7,40,0,1960
13431,1,0,0,0x00000004142e08a4,0xfffffffd,1,7,41,0,1961
13432,1,1,1,0x00000004142e08a4,0xfffffffd,1,7,41,0,1961
13433,1,1,1,0x00000004142e08a8,0x000000e0,1,7,42,0,1962
13434,1,1,1,0x00000004142e08ac,0xfffffda7,1,7,43,0,1963
13435,1,1,1,0x00000004142e08b0,0x000000e8,1,7,44,0,1964
13436,1,0,0,0x00000004142e08b4,0x00000203,1,7,45,0,1965
13437,1,0,0,0x00000004142e08b4,0x00000203,1,7,45,0,1965
13438,1,1,1,0x00000004142e08b4,0x00000203,1,7,45,0,1965
13439,1,1,1,0x00000004142e08b8,0x00000055,1,7,46,0,1966
13440,1,1,1,0x00000004142e08bc,0xfffffc5d,1,7,47,0,1967
13441,1,0,0,0x00000004142e08c0,0x0000009b,1,7,48,0,1968
13442,1,1,1,0x00000004142e08c0,0x0000009b,1,7,48,0,1968
13443,1,1,1,0x00000004142e08c4,0xffffff2a,1,7,49,0,1969
13444,1,1,1,0x00000004142e08c8,0x000001e3,1,7,50,0,1970
13445,1,1,1,0x00000004142e08cc,0xffffffbf,1,7,51,0,1971
13446,1,0,0,0x00000004142e08d0,0x00000005,1,7,52,0,1972
13447,1,1,1,0x00000004142e08d0,0x00000005,1,7,52,0,1972
13448,1,1,1,0x00000004142e08d4,0xfffffd94,1,7,53,0,1973
13449,1,1,1,0x00000004142e08d8,0xffffff99,1,7,54,0,1974
13450,1,0,0,0x00000004142e08dc,0xffffff6b,1,7,55,0,1975
13451,1,0,0,0x00000004142e08dc,0xffffff6b,1,7,55,0,1975
13452,1,1,1,0x00000004142e08dc,0xffffff6b,1,7,55,0,1975
13453,1,1,1,0x00000004142e08e0,0x000002ac,1,7,56,0,1976
13454,1,1,1,0x00000004142e08e4,0xffffffc8,1,7,57,0,1977
13455,1,1,1,0x00000004142e08e8,0xffffffd4,1,7,58,0,1978
13456,1,0,0,0x00000004142e08ec,0x00000208,1,7,59,0,1979
13457,1,1,1,0x00000004142e08ec,0x00000208,1,7,59,0,1979
13458,1,1,1,0x00000004142e08f0,0xfffffc82,1,7,60,0,1980
13459,1,1,1,0x00000004142e08f4,0x00000166,1,7,61,0,1981
13460,1,1,1,0x00000004142e08f8,0x00000075,1,7,62,0,1982
13461,1,0,0,0x00000004142e08fc,0xfffffece,1,7,63,0,1983
13462,1,1,1,0x00000004142e08fc,0xfffffece,1,7,63,0,1983
13463,1,0,0,0x00000004142e0900,0xfffffddd,1,7,64,0,1984
13464,1,1,1,0x00000004142e0900,0xfffffddd,1,7,64,0,1984
13465,1,1,1,0x00000004142e0904,0xffffff57,1,7,65,0,1985
13466,1,0,0,0x00000004142e0908,0xffffffe0,1,7,66,0,1986
13467,1,1,1,0x00000004142e0908,0xffffffe0,1,7,66,0,1986
13468,1,1,1,0x00000004142e090c,0xffffffd5,1,7,67,0,1987
13469,1,1,1,0x00000004142e0910,0x00000186,1,7,68,0,1988
13470,1,1,1,0x00000004142e0914,0x0000003a,1,7,69,0,1989
13471,1,0,0,0x00000004142e0918,0xffffff90,1,7,70,0,1990
13472,1,1,1,0x00000004142e0918,0xffffff90,1,7,70,0,1990
13473,1,1,1,0x00000004142e091c,0x0000016e,1,7,71,0,1991
13474,1,1,1,0x00000004142e0920,0xfffffec9,1,7,72,0,1992
13475,1,1,1,0x00000004142e0924,0x00000191,1,7,73,0,1993
13476,1,0,0,0x00000004142e0928,0x00000199,1,7,74,0,1994
13477,1,1,1,0x00000004142e0928,0x00000199,1,7,74,0,1994
13478,1,1,1,0x00000004142e092c,0xfffffee1,1,7,75,0,1995
13479,1,1,1,0x00000004142e0930,0x0000009a,1,7,76,0,1996
13480,1,1,1,0x00000004142e0934,0xffffffbe,1,7,77,0,1997
13481,1,0,0,0x00000004142e0938,0xffffff3b,1,7,78,0,1998
13482,1,1,1,0x00000004142e0938,0xffffff3b,1,7,78,0,1998
13483,1,1,1,0x00000004142e093c,0xffffff1a,1,7,79,0,1999
13484,1,1,1,0x00000004142e0940,0xffffff49,1,7,80,0,2000
13485,1,1,1,0x00000004142e0944,0x00000095,1,7,81,0,2001
13486,1,0,0,0x00000004142e0948,0xfffffe15,1,7,82,0,2002
13487,1,1,1,0x00000004142e0948,0xfffffe15,1,7,82,0,2002
13488,1,1,1,0x00000004142e094c,0xfffffea8,1,7,83,0,2003
13489,1,0,0,0x00000004142e0950,0x0000023e,1,7,84,0,2004
13490,1,1,1,0x00000004142e0950,0x0000023e,1,7,84,0,2004
13491,1,0,0,0x00000004142e0954,0xffffff21,1,7,85,0,2005
13492,1,1,1,0x00000004142e0954,0xffffff21,1,7,85,0,2005
13493,1,1,1,0x00000004142e0958,0x000000ad,1,7,86,0,2006
13494,1,1,1,0x00000004142e095c,0x0000009a,1,7,87,0,2007
13495,1,1,1,0x00000004142e0960,0x00000172,1,7,88,0,2008
13496,1,0,0,0x00000004142e0964,0xfffffe48,1,7,89,0,2009
13497,1,1,1,0x00000004142e0964,0xfffffe48,1,7,89,0,2009
13498,1,1,1,0x00000004142e0968,0xfffffed6,1,7,90,0,2010
13499,1,1,1,0x00000004142e096c,0xffffffa4,1,7,91,0,2011
13500,1,1,1,0x00000004142e0970,0xfffffec7,1,7,92,0,2012
13501,1,0,0,0x00000004142e0974,0x00000014,1,7,93,0,2013
13502,1,0,0,0x00000004142e0974,0x00000014,1,7,93,0,2013
13503,1,1,1,0x00000004142e0974,0x00000014,1,7,93,0,2013
13504,1,1,1,0x00000004142e0978,0x0000003b,1,7,94,0,2014
13505,1,1,1,0x00000004142e097c,0x000001d2,1,7,95,0,2015
13506,1,0,0,0x00000004142e0980,0xffffff95,1,7,96,0,2016
13507,1,1,1,0x00000004142e0980,0xffffff95,1,7,96,0,2016
13508,1,1,1,0x00000004142e0984,0xffffffc5,1,7,97,0,2017
13509,1,1,1,0x00000004142e0988,0x00000031,1,7,98,0,2018
13510,1,1,1,0x00000004142e098c,0xfffffe8c,1,7,99,0,2019
13511,1,0,0,0x00000004142e0990,0x0000016f,1,7,100,0,2020
13512,1,1,1,0x00000004142e0990,0x0000016f,1,7,100,0,2020
13513,1,1,1,0x00000004142e0994,0xfffffed3,1,7,101,0,2021
13514,1,1,1,0x00000004142e0998,0x0000002c,1,7,102,0,2022
13515,1,0,0,0x00000004142e099c,0xffffff17,1,7,103,0,2023
13516,1,0,0,0x00000004142e099c,0xffffff17,1,7,103,0,2023
13517,1,1,1,0x00000004142e099c,0xffffff17,1,7,103,0,2023
13518,1,1,1,0x00000004142e09a0,0x0000014c,1,7,104,0,2024
13519,1,1,1,0x00000004142e09a4,0x0000028d,1,7,105,0,2025
13520,1,1,1,0x00000004142e09a8,0x000000aa,1,7,106,0,2026
13521,1,0,0,0x00000004142e09ac,0x00000085,1,7,107,0,2027
13522,1,1,1,0x00000004142e09ac,0x00000085,1,7,107,0,2027
13523,1,1,1,0x00000004142e09b0,0xffffff87,1,7,108,0,2028
13524,1,1,1,0x00000004142e09b4,0xffffff8d,1,7,109,0,2029
13525,1,1,1,0x00000004142e09b8,0xffffff4d,1,7,110,0,2030
13526,1,0,0,0x00000004142e09bc,0x00000085,1,7,111,0,2031
13527,1,1,1,0x00000004142e09bc,0x00000085,1,7,111,0,2031
13528,1,0,0,0x00000004142e09c0,0x000000e7,1,7,112,0,2032
13529,1,1,1,0x00000004142e09c0,0x000000e7,1,7,112,0,2032
13530,1,1,1,0x00000004142e09c4,0x0000000d,1,7,113,0,2033
13531,1,0,0,0x00000004142e09c8,0x0000013d,1,7,114,0,2034
13532,1,1,1,0x00000004142e09c8,0x0000013d,1,7,114,0,2034
13533,1,1,1,0x00000004142e09cc,0xffffff98,1,7,115,0,2035
13534,1,1,1,0x00000004142e09d0,0x00000105,1,7,116,0,2036
13535,1,1,1,0x00000004142e09d4,0x0000005f,1,7,117,0,2037
13536,1,0,0,0x00000004142e09d8,0x0000001e,1,7,118,0,2038
13537,1,1,1,0x00000004142e09d8,0x0000001e,1,7,118,0,2038
13538,1,1,1,0x00000004142e09dc,0xffffffca,1,7,119,0,2039
13539,1,1,1,0x00000004142e09e0,0xfffffe89,1,7,120,0,2040
13540,1,1,1,0x00000004142e09e4,0x0000005f,1,7,121,0,2041
13541,1,0,0,0x00000004142e09e8,0x0000000d,1,7,122,0,2042
13542,1,1,1,0x00000004142e09e8,0x0000000d,1,7,122,0,2042
13543,1,1,1,0x00000004142e09ec,0x0000012c,1,7,123,0,2043
13544,1,1,1,0x00000004142e09f0,0xfffffd1e,1,7,124,0,2044
13545,1,1,1,0x00000004142e09f4,0xffffffd5,1,7,125,0,2045
13546,1,0,0,0x00000004142e09f8,0xfffffea4,1,7,126,0,2046
13547,1,1,1,0x00000004142e09f8,0xfffffea4,1,7,126,0,2046
13548,1,1,1,0x00000004142e09fc,0x00000038,1,7,127,1,2047
