/* Generated by web_assets_generator.py. Do not edit. */
/* Source set SHA-256: d2fc8e450bef24abed3e44b3d05402972ff7ac33f813ec8f289abe6725457090 */
#include "web_assets.h"

#include <string.h>

const char qweb_web_assets_source_sha256[65] = "d2fc8e450bef24abed3e44b3d05402972ff7ac33f813ec8f289abe6725457090";

static const uint8_t qweb_web_asset_index_html[] = {
    0x3c, 0x21, 0x64, 0x6f, 0x63, 0x74, 0x79, 0x70, 0x65, 0x20, 0x68, 0x74,
    0x6d, 0x6c, 0x3e, 0x0a, 0x3c, 0x68, 0x74, 0x6d, 0x6c, 0x20, 0x6c, 0x61,
    0x6e, 0x67, 0x3d, 0x22, 0x65, 0x6e, 0x22, 0x3e, 0x0a, 0x3c, 0x68, 0x65,
    0x61, 0x64, 0x3e, 0x0a, 0x20, 0x20, 0x3c, 0x6d, 0x65, 0x74, 0x61, 0x20,
    0x63, 0x68, 0x61, 0x72, 0x73, 0x65, 0x74, 0x3d, 0x22, 0x75, 0x74, 0x66,
    0x2d, 0x38, 0x22, 0x3e, 0x0a, 0x20, 0x20, 0x3c, 0x6d, 0x65, 0x74, 0x61,
    0x20, 0x6e, 0x61, 0x6d, 0x65, 0x3d, 0x22, 0x76, 0x69, 0x65, 0x77, 0x70,
    0x6f, 0x72, 0x74, 0x22, 0x20, 0x63, 0x6f, 0x6e, 0x74, 0x65, 0x6e, 0x74,
    0x3d, 0x22, 0x77, 0x69, 0x64, 0x74, 0x68, 0x3d, 0x64, 0x65, 0x76, 0x69,
    0x63, 0x65, 0x2d, 0x77, 0x69, 0x64, 0x74, 0x68, 0x2c, 0x20, 0x69, 0x6e,
    0x69, 0x74, 0x69, 0x61, 0x6c, 0x2d, 0x73, 0x63, 0x61, 0x6c, 0x65, 0x3d,
    0x31, 0x22, 0x3e, 0x0a, 0x20, 0x20, 0x3c, 0x6d, 0x65, 0x74, 0x61, 0x20,
    0x6e, 0x61, 0x6d, 0x65, 0x3d, 0x22, 0x63, 0x6f, 0x6c, 0x6f, 0x72, 0x2d,
    0x73, 0x63, 0x68, 0x65, 0x6d, 0x65, 0x22, 0x20, 0x63, 0x6f, 0x6e, 0x74,
    0x65, 0x6e, 0x74, 0x3d, 0x22, 0x64, 0x61, 0x72, 0x6b, 0x22, 0x3e, 0x0a,
    0x20, 0x20, 0x3c, 0x6d, 0x65, 0x74, 0x61, 0x20, 0x6e, 0x61, 0x6d, 0x65,
    0x3d, 0x22, 0x64, 0x65, 0x73, 0x63, 0x72, 0x69, 0x70, 0x74, 0x69, 0x6f,
    0x6e, 0x22, 0x20, 0x63, 0x6f, 0x6e, 0x74, 0x65, 0x6e, 0x74, 0x3d, 0x22,
    0x51, 0x77, 0x65, 0x6e, 0x33, 0x2d, 0x30, 0x2e, 0x36, 0x42, 0x20, 0x46,
    0x50, 0x47, 0x41, 0x20, 0x70, 0x72, 0x6f, 0x6d, 0x70, 0x74, 0x2d, 0x74,
    0x6f, 0x2d, 0x74, 0x6f, 0x6b, 0x65, 0x6e, 0x20, 0x64, 0x65, 0x6d, 0x6f,
    0x6e, 0x73, 0x74, 0x72, 0x61, 0x74, 0x69, 0x6f, 0x6e, 0x22, 0x3e, 0x0a,
    0x20, 0x20, 0x3c, 0x74, 0x69, 0x74, 0x6c, 0x65, 0x3e, 0x51, 0x4d, 0x41,
    0x50, 0x20, 0x46, 0x50, 0x47, 0x41, 0x20, 0x43, 0x6f, 0x6e, 0x73, 0x6f,
    0x6c, 0x65, 0x3c, 0x2f, 0x74, 0x69, 0x74, 0x6c, 0x65, 0x3e, 0x0a, 0x20,
    0x20, 0x3c, 0x73, 0x74, 0x79, 0x6c, 0x65, 0x20, 0x64, 0x61, 0x74, 0x61,
    0x2d, 0x71, 0x77, 0x65, 0x62, 0x2d, 0x69, 0x6e, 0x6c, 0x69, 0x6e, 0x65,
    0x3d, 0x22, 0x2f, 0x73, 0x74, 0x79, 0x6c, 0x65, 0x73, 0x2e, 0x63, 0x73,
    0x73, 0x22, 0x3e, 0x0a, 0x3a, 0x72, 0x6f, 0x6f, 0x74, 0x20, 0x7b, 0x0a,
    0x20, 0x20, 0x2d, 0x2d, 0x62, 0x67, 0x3a, 0x20, 0x23, 0x30, 0x37, 0x31,
    0x30, 0x30, 0x65, 0x3b, 0x0a, 0x20, 0x20, 0x2d, 0x2d, 0x70, 0x61, 0x6e,
    0x65, 0x6c, 0x3a, 0x20, 0x72, 0x67, 0x62, 0x61, 0x28, 0x31, 0x32, 0x2c,
    0x20, 0x32, 0x35, 0x2c, 0x20, 0x32, 0x32, 0x2c, 0x20, 0x30, 0x2e, 0x39,
    0x29, 0x3b, 0x0a, 0x20, 0x20, 0x2d, 0x2d, 0x70, 0x61, 0x6e, 0x65, 0x6c,
    0x2d, 0x73, 0x74, 0x72, 0x6f, 0x6e, 0x67, 0x3a, 0x20, 0x23, 0x31, 0x30,
    0x31, 0x64, 0x31, 0x61, 0x3b, 0x0a, 0x20, 0x20, 0x2d, 0x2d, 0x6c, 0x69,
    0x6e, 0x65, 0x3a, 0x20, 0x72, 0x67, 0x62, 0x61, 0x28, 0x31, 0x39, 0x32,
    0x2c, 0x20, 0x32, 0x33, 0x35, 0x2c, 0x20, 0x32, 0x31, 0x38, 0x2c, 0x20,
    0x30, 0x2e, 0x31, 0x34, 0x29, 0x3b, 0x0a, 0x20, 0x20, 0x2d, 0x2d, 0x6c,
    0x69, 0x6e, 0x65, 0x2d, 0x73, 0x74, 0x72, 0x6f, 0x6e, 0x67, 0x3a, 0x20,
    0x72, 0x67, 0x62, 0x61, 0x28, 0x31, 0x39, 0x32, 0x2c, 0x20, 0x32, 0x33,
    0x35, 0x2c, 0x20, 0x32, 0x31, 0x38, 0x2c, 0x20, 0x30, 0x2e, 0x32, 0x38,
    0x29, 0x3b, 0x0a, 0x20, 0x20, 0x2d, 0x2d, 0x74, 0x65, 0x78, 0x74, 0x3a,
    0x20, 0x23, 0x65, 0x63, 0x66, 0x38, 0x66, 0x33, 0x3b, 0x0a, 0x20, 0x20,
    0x2d, 0x2d, 0x6d, 0x75, 0x74, 0x65, 0x64, 0x3a, 0x20, 0x23, 0x39, 0x33,
    0x61, 0x62, 0x61, 0x32, 0x3b, 0x0a, 0x20, 0x20, 0x2d, 0x2d, 0x67, 0x72,
    0x65, 0x65, 0x6e, 0x3a, 0x20, 0x23, 0x37, 0x32, 0x66, 0x32, 0x62, 0x31,
    0x3b, 0x0a, 0x20, 0x20, 0x2d, 0x2d, 0x67, 0x72, 0x65, 0x65, 0x6e, 0x2d,
    0x73, 0x74, 0x72, 0x6f, 0x6e, 0x67, 0x3a, 0x20, 0x23, 0x33, 0x31, 0x64,
    0x35, 0x38, 0x63, 0x3b, 0x0a, 0x20, 0x20, 0x2d, 0x2d, 0x61, 0x6d, 0x62,
    0x65, 0x72, 0x3a, 0x20, 0x23, 0x66, 0x34, 0x63, 0x34, 0x36, 0x62, 0x3b,
    0x0a, 0x20, 0x20, 0x2d, 0x2d, 0x72, 0x65, 0x64, 0x3a, 0x20, 0x23, 0x66,
    0x66, 0x37, 0x64, 0x37, 0x39, 0x3b, 0x0a, 0x20, 0x20, 0x2d, 0x2d, 0x62,
    0x6c, 0x75, 0x65, 0x3a, 0x20, 0x23, 0x37, 0x32, 0x62, 0x63, 0x66, 0x32,
    0x3b, 0x0a, 0x20, 0x20, 0x2d, 0x2d, 0x73, 0x68, 0x61, 0x64, 0x6f, 0x77,
    0x3a, 0x20, 0x30, 0x20, 0x32, 0x34, 0x70, 0x78, 0x20, 0x37, 0x32, 0x70,
    0x78, 0x20, 0x72, 0x67, 0x62, 0x61, 0x28, 0x30, 0x2c, 0x20, 0x30, 0x2c,
    0x20, 0x30, 0x2c, 0x20, 0x30, 0x2e, 0x33, 0x34, 0x29, 0x3b, 0x0a, 0x20,
    0x20, 0x66, 0x6f, 0x6e, 0x74, 0x2d, 0x66, 0x61, 0x6d, 0x69, 0x6c, 0x79,
    0x3a, 0x20, 0x49, 0x6e, 0x74, 0x65, 0x72, 0x2c, 0x20, 0x75, 0x69, 0x2d,
    0x73, 0x61, 0x6e, 0x73, 0x2d, 0x73, 0x65, 0x72, 0x69, 0x66, 0x2c, 0x20,
    0x73, 0x79, 0x73, 0x74, 0x65, 0x6d, 0x2d, 0x75, 0x69, 0x2c, 0x20, 0x2d,
    0x61, 0x70, 0x70, 0x6c, 0x65, 0x2d, 0x73, 0x79, 0x73, 0x74, 0x65, 0x6d,
    0x2c, 0x20, 0x42, 0x6c, 0x69, 0x6e, 0x6b, 0x4d, 0x61, 0x63, 0x53, 0x79,
    0x73, 0x74, 0x65, 0x6d, 0x46, 0x6f, 0x6e, 0x74, 0x2c, 0x20, 0x22, 0x53,
    0x65, 0x67, 0x6f, 0x65, 0x20, 0x55, 0x49, 0x22, 0x2c, 0x20, 0x73, 0x61,
    0x6e, 0x73, 0x2d, 0x73, 0x65, 0x72, 0x69, 0x66, 0x3b, 0x0a, 0x20, 0x20,
    0x63, 0x6f, 0x6c, 0x6f, 0x72, 0x3a, 0x20, 0x76, 0x61, 0x72, 0x28, 0x2d,
    0x2d, 0x74, 0x65, 0x78, 0x74, 0x29, 0x3b, 0x0a, 0x20, 0x20, 0x62, 0x61,
    0x63, 0x6b, 0x67, 0x72, 0x6f, 0x75, 0x6e, 0x64, 0x3a, 0x20, 0x76, 0x61,
    0x72, 0x28, 0x2d, 0x2d, 0x62, 0x67, 0x29, 0x3b, 0x0a, 0x20, 0x20, 0x66,
    0x6f, 0x6e, 0x74, 0x2d, 0x73, 0x79, 0x6e, 0x74, 0x68, 0x65, 0x73, 0x69,
    0x73, 0x3a, 0x20, 0x6e, 0x6f, 0x6e, 0x65, 0x3b, 0x0a, 0x7d, 0x0a, 0x0a,
    0x2a, 0x20, 0x7b, 0x0a, 0x20, 0x20, 0x62, 0x6f, 0x78, 0x2d, 0x73, 0x69,
    0x7a, 0x69, 0x6e, 0x67, 0x3a, 0x20, 0x62, 0x6f, 0x72, 0x64, 0x65, 0x72,
    0x2d, 0x62, 0x6f, 0x78, 0x3b, 0x0a, 0x7d, 0x0a, 0x0a, 0x68, 0x74, 0x6d,
    0x6c, 0x20, 0x7b, 0x0a, 0x20, 0x20, 0x6d, 0x69, 0x6e, 0x2d, 0x77, 0x69,
    0x64, 0x74, 0x68, 0x3a, 0x20, 0x33, 0x32, 0x30, 0x70, 0x78, 0x3b, 0x0a,
    0x20, 0x20, 0x6d, 0x69, 0x6e, 0x2d, 0x68, 0x65, 0x69, 0x67, 0x68, 0x74,
    0x3a, 0x20, 0x31, 0x30, 0x30, 0x25, 0x3b, 0x0a, 0x20, 0x20, 0x62, 0x61,
    0x63, 0x6b, 0x67, 0x72, 0x6f, 0x75, 0x6e, 0x64, 0x3a, 0x20, 0x76, 0x61,
    0x72, 0x28, 0x2d, 0x2d, 0x62, 0x67, 0x29, 0x3b, 0x0a, 0x7d, 0x0a, 0x0a,
    0x62, 0x6f, 0x64, 0x79, 0x20, 0x7b, 0x0a, 0x20, 0x20, 0x6d, 0x69, 0x6e,
    0x2d, 0x68, 0x65, 0x69, 0x67, 0x68, 0x74, 0x3a, 0x20, 0x31, 0x30, 0x30,
    0x76, 0x68, 0x3b, 0x0a, 0x20, 0x20, 0x6d, 0x61, 0x72, 0x67, 0x69, 0x6e,
    0x3a, 0x20, 0x30, 0x3b, 0x0a, 0x20, 0x20, 0x6f, 0x76, 0x65, 0x72, 0x66,
    0x6c, 0x6f, 0x77, 0x2d, 0x78, 0x3a, 0x20, 0x68, 0x69, 0x64, 0x64, 0x65,
    0x6e, 0x3b, 0x0a, 0x20, 0x20, 0x62, 0x61, 0x63, 0x6b, 0x67, 0x72, 0x6f,
    0x75, 0x6e, 0x64, 0x3a, 0x0a, 0x20, 0x20, 0x20, 0x20, 0x6c, 0x69, 0x6e,
    0x65, 0x61, 0x72, 0x2d, 0x67, 0x72, 0x61, 0x64, 0x69, 0x65, 0x6e, 0x74,
    0x28, 0x72, 0x67, 0x62, 0x61, 0x28, 0x31, 0x31, 0x34, 0x2c, 0x20, 0x32,
    0x34, 0x32, 0x2c, 0x20, 0x31, 0x37, 0x37, 0x2c, 0x20, 0x30, 0x2e, 0x30,
    0x31, 0x38, 0x29, 0x20, 0x31, 0x70, 0x78, 0x2c, 0x20, 0x74, 0x72, 0x61,
    0x6e, 0x73, 0x70, 0x61, 0x72, 0x65, 0x6e, 0x74, 0x20, 0x31, 0x70, 0x78,
    0x29, 0x2c, 0x0a, 0x20, 0x20, 0x20, 0x20, 0x6c, 0x69, 0x6e, 0x65, 0x61,
    0x72, 0x2d, 0x67, 0x72, 0x61, 0x64, 0x69, 0x65, 0x6e, 0x74, 0x28, 0x39,
    0x30, 0x64, 0x65, 0x67, 0x2c, 0x20, 0x72, 0x67, 0x62, 0x61, 0x28, 0x31,
    0x31, 0x34, 0x2c, 0x20, 0x32, 0x34, 0x32, 0x2c, 0x20, 0x31, 0x37, 0x37,
    0x2c, 0x20, 0x30, 0x2e, 0x30, 0x31, 0x38, 0x29, 0x20, 0x31, 0x70, 0x78,
    0x2c, 0x20, 0x74, 0x72, 0x61, 0x6e, 0x73, 0x70, 0x61, 0x72, 0x65, 0x6e,
    0x74, 0x20, 0x31, 0x70, 0x78, 0x29, 0x2c, 0x0a, 0x20, 0x20, 0x20, 0x20,
    0x72, 0x61, 0x64, 0x69, 0x61, 0x6c, 0x2d, 0x67, 0x72, 0x61, 0x64, 0x69,
    0x65, 0x6e, 0x74, 0x28, 0x63, 0x69, 0x72, 0x63, 0x6c, 0x65, 0x20, 0x61,
    0x74, 0x20, 0x38, 0x25, 0x20, 0x2d, 0x31, 0x30, 0x25, 0x2c, 0x20, 0x72,
    0x67, 0x62, 0x61, 0x28, 0x34, 0x39, 0x2c, 0x20, 0x32, 0x31, 0x33, 0x2c,
    0x20, 0x31, 0x34, 0x30, 0x2c, 0x20, 0x30, 0x2e, 0x31, 0x32, 0x29, 0x2c,
    0x20, 0x74, 0x72, 0x61, 0x6e, 0x73, 0x70, 0x61, 0x72, 0x65, 0x6e, 0x74,
    0x20, 0x33, 0x36, 0x25, 0x29, 0x2c, 0x0a, 0x20, 0x20, 0x20, 0x20, 0x76,
    0x61, 0x72, 0x28, 0x2d, 0x2d, 0x62, 0x67, 0x29, 0x3b, 0x0a, 0x20, 0x20,
    0x62, 0x61, 0x63, 0x6b, 0x67, 0x72, 0x6f, 0x75, 0x6e, 0x64, 0x2d, 0x73,
    0x69, 0x7a, 0x65, 0x3a, 0x20, 0x34, 0x32, 0x70, 0x78, 0x20, 0x34, 0x32,
    0x70, 0x78, 0x2c, 0x20, 0x34, 0x32, 0x70, 0x78, 0x20, 0x34, 0x32, 0x70,
    0x78, 0x2c, 0x20, 0x61, 0x75, 0x74, 0x6f, 0x2c, 0x20, 0x61, 0x75, 0x74,
    0x6f, 0x3b, 0x0a, 0x7d, 0x0a, 0x0a, 0x62, 0x75, 0x74, 0x74, 0x6f, 0x6e,
    0x2c, 0x0a, 0x69, 0x6e, 0x70, 0x75, 0x74, 0x2c, 0x0a, 0x74, 0x65, 0x78,
    0x74, 0x61, 0x72, 0x65, 0x61, 0x20, 0x7b, 0x0a, 0x20, 0x20, 0x66, 0x6f,
    0x6e, 0x74, 0x3a, 0x20, 0x69, 0x6e, 0x68, 0x65, 0x72, 0x69, 0x74, 0x3b,
    0x0a, 0x7d, 0x0a, 0x0a, 0x62, 0x75, 0x74, 0x74, 0x6f, 0x6e, 0x2c, 0x0a,
    0x6c, 0x61, 0x62, 0x65, 0x6c, 0x2c, 0x0a, 0x69, 0x6e, 0x70, 0x75, 0x74,
    0x5b, 0x74, 0x79, 0x70, 0x65, 0x3d, 0x22, 0x72, 0x61, 0x64, 0x69, 0x6f,
    0x22, 0x5d, 0x20, 0x7b, 0x0a, 0x20, 0x20, 0x2d, 0x77, 0x65, 0x62, 0x6b,
    0x69, 0x74, 0x2d, 0x74, 0x61, 0x70, 0x2d, 0x68, 0x69, 0x67, 0x68, 0x6c,
    0x69, 0x67, 0x68, 0x74, 0x2d, 0x63, 0x6f, 0x6c, 0x6f, 0x72, 0x3a, 0x20,
    0x74, 0x72, 0x61, 0x6e, 0x73, 0x70, 0x61, 0x72, 0x65, 0x6e, 0x74, 0x3b,
    0x0a, 0x7d, 0x0a, 0x0a, 0x2e, 0x61, 0x6d, 0x62, 0x69, 0x65, 0x6e, 0x74,
    0x20, 0x7b, 0x0a, 0x20, 0x20, 0x70, 0x6f, 0x73, 0x69, 0x74, 0x69, 0x6f,
    0x6e, 0x3a, 0x20, 0x66, 0x69, 0x78, 0x65, 0x64, 0x3b, 0x0a, 0x20, 0x20,
    0x7a, 0x2d, 0x69, 0x6e, 0x64, 0x65, 0x78, 0x3a, 0x20, 0x2d, 0x31, 0x3b,
    0x0a, 0x20, 0x20, 0x77, 0x69, 0x64, 0x74, 0x68, 0x3a, 0x20, 0x33, 0x32,
    0x72, 0x65, 0x6d, 0x3b, 0x0a, 0x20, 0x20, 0x68, 0x65, 0x69, 0x67, 0x68,
    0x74, 0x3a, 0x20, 0x33, 0x32, 0x72, 0x65, 0x6d, 0x3b, 0x0a, 0x20, 0x20,
    0x62, 0x6f, 0x72, 0x64, 0x65, 0x72, 0x2d, 0x72, 0x61, 0x64, 0x69, 0x75,
    0x73, 0x3a, 0x20, 0x35, 0x30, 0x25, 0x3b, 0x0a, 0x20, 0x20, 0x66, 0x69,
    0x6c, 0x74, 0x65, 0x72, 0x3a, 0x20, 0x62, 0x6c, 0x75, 0x72, 0x28, 0x31,
    0x30, 0x30, 0x70, 0x78, 0x29, 0x3b, 0x0a, 0x20, 0x20, 0x6f, 0x70, 0x61,
    0x63, 0x69, 0x74, 0x79, 0x3a, 0x20, 0x30, 0x2e, 0x31, 0x31, 0x3b, 0x0a,
    0x20, 0x20, 0x70, 0x6f, 0x69, 0x6e, 0x74, 0x65, 0x72, 0x2d, 0x65, 0x76,
    0x65, 0x6e, 0x74, 0x73, 0x3a, 0x20, 0x6e, 0x6f, 0x6e, 0x65, 0x3b, 0x0a,
    0x7d, 0x0a, 0x0a, 0x2e, 0x61, 0x6d, 0x62, 0x69, 0x65, 0x6e, 0x74, 0x2d,
    0x61, 0x20, 0x7b, 0x0a, 0x20, 0x20, 0x74, 0x6f, 0x70, 0x3a, 0x20, 0x31,
    0x38, 0x25, 0x3b, 0x0a, 0x20, 0x20, 0x72, 0x69, 0x67, 0x68, 0x74, 0x3a,
    0x20, 0x2d, 0x31, 0x38, 0x72, 0x65, 0x6d, 0x3b, 0x0a, 0x20, 0x20, 0x62,
    0x61, 0x63, 0x6b, 0x67, 0x72, 0x6f, 0x75, 0x6e, 0x64, 0x3a, 0x20, 0x76,
    0x61, 0x72, 0x28, 0x2d, 0x2d, 0x62, 0x6c, 0x75, 0x65, 0x29, 0x3b, 0x0a,
    0x7d, 0x0a, 0x0a, 0x2e, 0x61, 0x6d, 0x62, 0x69, 0x65, 0x6e, 0x74, 0x2d,
    0x62, 0x20, 0x7b, 0x0a, 0x20, 0x20, 0x62, 0x6f, 0x74, 0x74, 0x6f, 0x6d,
    0x3a, 0x20, 0x2d, 0x32, 0x30, 0x72, 0x65, 0x6d, 0x3b, 0x0a, 0x20, 0x20,
    0x6c, 0x65, 0x66, 0x74, 0x3a, 0x20, 0x31, 0x35, 0x25, 0x3b, 0x0a, 0x20,
    0x20, 0x62, 0x61, 0x63, 0x6b, 0x67, 0x72, 0x6f, 0x75, 0x6e, 0x64, 0x3a,
    0x20, 0x76, 0x61, 0x72, 0x28, 0x2d, 0x2d, 0x67, 0x72, 0x65, 0x65, 0x6e,
    0x29, 0x3b, 0x0a, 0x7d, 0x0a, 0x0a, 0x2e, 0x74, 0x6f, 0x70, 0x62, 0x61,
    0x72, 0x20, 0x7b, 0x0a, 0x20, 0x20, 0x64, 0x69, 0x73, 0x70, 0x6c, 0x61,
    0x79, 0x3a, 0x20, 0x66, 0x6c, 0x65, 0x78, 0x3b, 0x0a, 0x20, 0x20, 0x61,
    0x6c, 0x69, 0x67, 0x6e, 0x2d, 0x69, 0x74, 0x65, 0x6d, 0x73, 0x3a, 0x20,
    0x63, 0x65, 0x6e, 0x74, 0x65, 0x72, 0x3b, 0x0a, 0x20, 0x20, 0x6a, 0x75,
    0x73, 0x74, 0x69, 0x66, 0x79, 0x2d, 0x63, 0x6f, 0x6e, 0x74, 0x65, 0x6e,
    0x74, 0x3a, 0x20, 0x73, 0x70, 0x61, 0x63, 0x65, 0x2d, 0x62, 0x65, 0x74,
    0x77, 0x65, 0x65, 0x6e, 0x3b, 0x0a, 0x20, 0x20, 0x6d, 0x69, 0x6e, 0x2d,
    0x68, 0x65, 0x69, 0x67, 0x68, 0x74, 0x3a, 0x20, 0x37, 0x36, 0x70, 0x78,
    0x3b, 0x0a, 0x20, 0x20, 0x70, 0x61, 0x64, 0x64, 0x69, 0x6e, 0x67, 0x3a,
    0x20, 0x30, 0x20, 0x35, 0x76, 0x77, 0x3b, 0x0a, 0x20, 0x20, 0x62, 0x6f,
    0x72, 0x64, 0x65, 0x72, 0x2d, 0x62, 0x6f, 0x74, 0x74, 0x6f, 0x6d, 0x3a,
    0x20, 0x31, 0x70, 0x78, 0x20, 0x73, 0x6f, 0x6c, 0x69, 0x64, 0x20, 0x76,
    0x61, 0x72, 0x28, 0x2d, 0x2d, 0x6c, 0x69, 0x6e, 0x65, 0x29, 0x3b, 0x0a,
    0x20, 0x20, 0x62, 0x61, 0x63, 0x6b, 0x67, 0x72, 0x6f, 0x75, 0x6e, 0x64,
    0x3a, 0x20, 0x72, 0x67, 0x62, 0x61, 0x28, 0x37, 0x2c, 0x20, 0x31, 0x36,
    0x2c, 0x20, 0x31, 0x34, 0x2c, 0x20, 0x30, 0x2e, 0x37, 0x38, 0x29, 0x3b,
    0x0a, 0x20, 0x20, 0x62, 0x61, 0x63, 0x6b, 0x64, 0x72, 0x6f, 0x70, 0x2d,
    0x66, 0x69, 0x6c, 0x74, 0x65, 0x72, 0x3a, 0x20, 0x62, 0x6c, 0x75, 0x72,
    0x28, 0x31, 0x38, 0x70, 0x78, 0x29, 0x3b, 0x0a, 0x7d, 0x0a, 0x0a, 0x2e,
    0x62, 0x72, 0x61, 0x6e, 0x64, 0x20, 0x7b, 0x0a, 0x20, 0x20, 0x64, 0x69,
    0x73, 0x70, 0x6c, 0x61, 0x79, 0x3a, 0x20, 0x69, 0x6e, 0x6c, 0x69, 0x6e,
    0x65, 0x2d, 0x66, 0x6c, 0x65, 0x78, 0x3b, 0x0a, 0x20, 0x20, 0x61, 0x6c,
    0x69, 0x67, 0x6e, 0x2d, 0x69, 0x74, 0x65, 0x6d, 0x73, 0x3a, 0x20, 0x63,
    0x65, 0x6e, 0x74, 0x65, 0x72, 0x3b, 0x0a, 0x20, 0x20, 0x67, 0x61, 0x70,
    0x3a, 0x20, 0x30, 0x2e, 0x38, 0x72, 0x65, 0x6d, 0x3b, 0x0a, 0x20, 0x20,
    0x63, 0x6f, 0x6c, 0x6f, 0x72, 0x3a, 0x20, 0x69, 0x6e, 0x68, 0x65, 0x72,
    0x69, 0x74, 0x3b, 0x0a, 0x20, 0x20, 0x74, 0x65, 0x78, 0x74, 0x2d, 0x64,
    0x65, 0x63, 0x6f, 0x72, 0x61, 0x74, 0x69, 0x6f, 0x6e, 0x3a, 0x20, 0x6e,
    0x6f, 0x6e, 0x65, 0x3b, 0x0a, 0x7d, 0x0a, 0x0a, 0x2e, 0x62, 0x72, 0x61,
    0x6e, 0x64, 0x2d, 0x6d, 0x61, 0x72, 0x6b, 0x20, 0x7b, 0x0a, 0x20, 0x20,
    0x64, 0x69, 0x73, 0x70, 0x6c, 0x61, 0x79, 0x3a, 0x20, 0x67, 0x72, 0x69,
    0x64, 0x3b, 0x0a, 0x20, 0x20, 0x67, 0x72, 0x69, 0x64, 0x2d, 0x74, 0x65,
    0x6d, 0x70, 0x6c, 0x61, 0x74, 0x65, 0x2d, 0x63, 0x6f, 0x6c, 0x75, 0x6d,
    0x6e, 0x73, 0x3a, 0x20, 0x72, 0x65, 0x70, 0x65, 0x61, 0x74, 0x28, 0x33,
    0x2c, 0x20, 0x35, 0x70, 0x78, 0x29, 0x3b, 0x0a, 0x20, 0x20, 0x61, 0x6c,
    0x69, 0x67, 0x6e, 0x2d, 0x69, 0x74, 0x65, 0x6d, 0x73, 0x3a, 0x20, 0x65,
    0x6e, 0x64, 0x3b, 0x0a, 0x20, 0x20, 0x67, 0x61, 0x70, 0x3a, 0x20, 0x33,
    0x70, 0x78, 0x3b, 0x0a, 0x20, 0x20, 0x77, 0x69, 0x64, 0x74, 0x68, 0x3a,
    0x20, 0x33, 0x30, 0x70, 0x78, 0x3b, 0x0a, 0x20, 0x20, 0x68, 0x65, 0x69,
    0x67, 0x68, 0x74, 0x3a, 0x20, 0x33, 0x30, 0x70, 0x78, 0x3b, 0x0a, 0x20,
    0x20, 0x70, 0x61, 0x64, 0x64, 0x69, 0x6e, 0x67, 0x3a, 0x20, 0x36, 0x70,
    0x78, 0x3b, 0x0a, 0x20, 0x20, 0x62, 0x6f, 0x72, 0x64, 0x65, 0x72, 0x3a,
    0x20, 0x31, 0x70, 0x78, 0x20, 0x73, 0x6f, 0x6c, 0x69, 0x64, 0x20, 0x72,
    0x67, 0x62, 0x61, 0x28, 0x31, 0x31, 0x34, 0x2c, 0x20, 0x32, 0x34, 0x32,
    0x2c, 0x20, 0x31, 0x37, 0x37, 0x2c, 0x20, 0x30, 0x2e, 0x33, 0x38, 0x29,
    0x3b, 0x0a, 0x20, 0x20, 0x62, 0x6f, 0x72, 0x64, 0x65, 0x72, 0x2d, 0x72,
    0x61, 0x64, 0x69, 0x75, 0x73, 0x3a, 0x20, 0x38, 0x70, 0x78, 0x3b, 0x0a,
    0x20, 0x20, 0x62, 0x61, 0x63, 0x6b, 0x67, 0x72, 0x6f, 0x75, 0x6e, 0x64,
    0x3a, 0x20, 0x72, 0x67, 0x62, 0x61, 0x28, 0x31, 0x31, 0x34, 0x2c, 0x20,
    0x32, 0x34, 0x32, 0x2c, 0x20, 0x31, 0x37, 0x37, 0x2c, 0x20, 0x30, 0x2e,
    0x30, 0x38, 0x29, 0x3b, 0x0a, 0x7d, 0x0a, 0x0a, 0x2e, 0x62, 0x72, 0x61,
    0x6e, 0x64, 0x2d, 0x6d, 0x61, 0x72, 0x6b, 0x20, 0x69, 0x20, 0x7b, 0x0a,
    0x20, 0x20, 0x64, 0x69, 0x73, 0x70, 0x6c, 0x61, 0x79, 0x3a, 0x20, 0x62,
    0x6c, 0x6f, 0x63, 0x6b, 0x3b, 0x0a, 0x20, 0x20, 0x62, 0x6f, 0x72, 0x64,
    0x65, 0x72, 0x2d, 0x72, 0x61, 0x64, 0x69, 0x75, 0x73, 0x3a, 0x20, 0x32,
    0x70, 0x78, 0x3b, 0x0a, 0x20, 0x20, 0x62, 0x61, 0x63, 0x6b, 0x67, 0x72,
    0x6f, 0x75, 0x6e, 0x64, 0x3a, 0x20, 0x76, 0x61, 0x72, 0x28, 0x2d, 0x2d,
    0x67, 0x72, 0x65, 0x65, 0x6e, 0x29, 0x3b, 0x0a, 0x7d, 0x0a, 0x0a, 0x2e,
    0x62, 0x72, 0x61, 0x6e, 0x64, 0x2d, 0x6d, 0x61, 0x72, 0x6b, 0x20, 0x69,
    0x3a, 0x6e, 0x74, 0x68, 0x2d, 0x63, 0x68, 0x69, 0x6c, 0x64, 0x28, 0x31,
    0x29, 0x20, 0x7b, 0x20, 0x68, 0x65, 0x69, 0x67, 0x68, 0x74, 0x3a, 0x20,
    0x38, 0x70, 0x78, 0x3b, 0x20, 0x6f, 0x70, 0x61, 0x63, 0x69, 0x74, 0x79,
    0x3a, 0x20, 0x30, 0x2e, 0x35, 0x35, 0x3b, 0x20, 0x7d, 0x0a, 0x2e, 0x62,
    0x72, 0x61, 0x6e, 0x64, 0x2d, 0x6d, 0x61, 0x72, 0x6b, 0x20, 0x69, 0x3a,
    0x6e, 0x74, 0x68, 0x2d, 0x63, 0x68, 0x69, 0x6c, 0x64, 0x28, 0x32, 0x29,
    0x20, 0x7b, 0x20, 0x68, 0x65, 0x69, 0x67, 0x68, 0x74, 0x3a, 0x20, 0x31,
    0x35, 0x70, 0x78, 0x3b, 0x20, 0x7d, 0x0a, 0x2e, 0x62, 0x72, 0x61, 0x6e,
    0x64, 0x2d, 0x6d, 0x61, 0x72, 0x6b, 0x20, 0x69, 0x3a, 0x6e, 0x74, 0x68,
    0x2d, 0x63, 0x68, 0x69, 0x6c, 0x64, 0x28, 0x33, 0x29, 0x20, 0x7b, 0x20,
    0x68, 0x65, 0x69, 0x67, 0x68, 0x74, 0x3a, 0x20, 0x31, 0x31, 0x70, 0x78,
    0x3b, 0x20, 0x6f, 0x70, 0x61, 0x63, 0x69, 0x74, 0x79, 0x3a, 0x20, 0x30,
    0x2e, 0x37, 0x35, 0x3b, 0x20, 0x7d, 0x0a, 0x0a, 0x2e, 0x62, 0x72, 0x61,
    0x6e, 0x64, 0x20, 0x73, 0x74, 0x72, 0x6f, 0x6e, 0x67, 0x20, 0x7b, 0x0a,
    0x20, 0x20, 0x64, 0x69, 0x73, 0x70, 0x6c, 0x61, 0x79, 0x3a, 0x20, 0x62,
    0x6c, 0x6f, 0x63, 0x6b, 0x3b, 0x0a, 0x20, 0x20, 0x66, 0x6f, 0x6e, 0x74,
    0x2d, 0x73, 0x69, 0x7a, 0x65, 0x3a, 0x20, 0x30, 0x2e, 0x39, 0x32, 0x72,
    0x65, 0x6d, 0x3b, 0x0a, 0x20, 0x20, 0x6c, 0x65, 0x74, 0x74, 0x65, 0x72,
    0x2d, 0x73, 0x70, 0x61, 0x63, 0x69, 0x6e, 0x67, 0x3a, 0x20, 0x30, 0x2e,
    0x31, 0x37, 0x65, 0x6d, 0x3b, 0x0a, 0x7d, 0x0a, 0x0a, 0x2e, 0x62, 0x72,
    0x61, 0x6e, 0x64, 0x20, 0x73, 0x6d, 0x61, 0x6c, 0x6c, 0x20, 0x7b, 0x0a,
    0x20, 0x20, 0x64, 0x69, 0x73, 0x70, 0x6c, 0x61, 0x79, 0x3a, 0x20, 0x62,
    0x6c, 0x6f, 0x63, 0x6b, 0x3b, 0x0a, 0x20, 0x20, 0x6d, 0x61, 0x72, 0x67,
    0x69, 0x6e, 0x2d, 0x74, 0x6f, 0x70, 0x3a, 0x20, 0x30, 0x2e, 0x31, 0x72,
    0x65, 0x6d, 0x3b, 0x0a, 0x20, 0x20, 0x63, 0x6f, 0x6c, 0x6f, 0x72, 0x3a,
    0x20, 0x76, 0x61, 0x72, 0x28, 0x2d, 0x2d, 0x6d, 0x75, 0x74, 0x65, 0x64,
    0x29, 0x3b, 0x0a, 0x20, 0x20, 0x66, 0x6f, 0x6e, 0x74, 0x2d, 0x73, 0x69,
    0x7a, 0x65, 0x3a, 0x20, 0x30, 0x2e, 0x36, 0x37, 0x72, 0x65, 0x6d, 0x3b,
    0x0a, 0x20, 0x20, 0x6c, 0x65, 0x74, 0x74, 0x65, 0x72, 0x2d, 0x73, 0x70,
    0x61, 0x63, 0x69, 0x6e, 0x67, 0x3a, 0x20, 0x30, 0x2e, 0x30, 0x34, 0x65,
    0x6d, 0x3b, 0x0a, 0x7d, 0x0a, 0x0a, 0x2e, 0x63, 0x6f, 0x6e, 0x6e, 0x65,
    0x63, 0x74, 0x69, 0x6f, 0x6e, 0x20, 0x7b, 0x0a, 0x20, 0x20, 0x64, 0x69,
    0x73, 0x70, 0x6c, 0x61, 0x79, 0x3a, 0x20, 0x69, 0x6e, 0x6c, 0x69, 0x6e,
    0x65, 0x2d, 0x66, 0x6c, 0x65, 0x78, 0x3b, 0x0a, 0x20, 0x20, 0x61, 0x6c,
    0x69, 0x67, 0x6e, 0x2d, 0x69, 0x74, 0x65, 0x6d, 0x73, 0x3a, 0x20, 0x63,
    0x65, 0x6e, 0x74, 0x65, 0x72, 0x3b, 0x0a, 0x20, 0x20, 0x67, 0x61, 0x70,
    0x3a, 0x20, 0x30, 0x2e, 0x35, 0x35, 0x72, 0x65, 0x6d, 0x3b, 0x0a, 0x20,
    0x20, 0x6d, 0x69, 0x6e, 0x2d, 0x68, 0x65, 0x69, 0x67, 0x68, 0x74, 0x3a,
    0x20, 0x33, 0x34, 0x70, 0x78, 0x3b, 0x0a, 0x20, 0x20, 0x70, 0x61, 0x64,
    0x64, 0x69, 0x6e, 0x67, 0x3a, 0x20, 0x30, 0x20, 0x30, 0x2e, 0x38, 0x35,
    0x72, 0x65, 0x6d, 0x3b, 0x0a, 0x20, 0x20, 0x62, 0x6f, 0x72, 0x64, 0x65,
    0x72, 0x3a, 0x20, 0x31, 0x70, 0x78, 0x20, 0x73, 0x6f, 0x6c, 0x69, 0x64,
    0x20, 0x76, 0x61, 0x72, 0x28, 0x2d, 0x2d, 0x6c, 0x69, 0x6e, 0x65, 0x29,
    0x3b, 0x0a, 0x20, 0x20, 0x62, 0x6f, 0x72, 0x64, 0x65, 0x72, 0x2d, 0x72,
    0x61, 0x64, 0x69, 0x75, 0x73, 0x3a, 0x20, 0x39, 0x39, 0x39, 0x70, 0x78,
    0x3b, 0x0a, 0x20, 0x20, 0x63, 0x6f, 0x6c, 0x6f, 0x72, 0x3a, 0x20, 0x76,
    0x61, 0x72, 0x28, 0x2d, 0x2d, 0x6d, 0x75, 0x74, 0x65, 0x64, 0x29, 0x3b,
    0x0a, 0x20, 0x20, 0x62, 0x61, 0x63, 0x6b, 0x67, 0x72, 0x6f, 0x75, 0x6e,
    0x64, 0x3a, 0x20, 0x72, 0x67, 0x62, 0x61, 0x28, 0x32, 0x35, 0x35, 0x2c,
    0x20, 0x32, 0x35, 0x35, 0x2c, 0x20, 0x32, 0x35, 0x35, 0x2c, 0x20, 0x30,
    0x2e, 0x30, 0x32, 0x35, 0x29, 0x3b, 0x0a, 0x20, 0x20, 0x66, 0x6f, 0x6e,
    0x74, 0x2d, 0x73, 0x69, 0x7a, 0x65, 0x3a, 0x20, 0x30, 0x2e, 0x37, 0x36,
    0x72, 0x65, 0x6d, 0x3b, 0x0a, 0x20, 0x20, 0x66, 0x6f, 0x6e, 0x74, 0x2d,
    0x77, 0x65, 0x69, 0x67, 0x68, 0x74, 0x3a, 0x20, 0x36, 0x35, 0x30, 0x3b,
    0x0a, 0x7d, 0x0a, 0x0a, 0x2e, 0x63, 0x6f, 0x6e, 0x6e, 0x65, 0x63, 0x74,
    0x69, 0x6f, 0x6e, 0x2d, 0x64, 0x6f, 0x74, 0x20, 0x7b, 0x0a, 0x20, 0x20,
    0x77, 0x69, 0x64, 0x74, 0x68, 0x3a, 0x20, 0x37, 0x70, 0x78, 0x3b, 0x0a,
    0x20, 0x20, 0x68, 0x65, 0x69, 0x67, 0x68, 0x74, 0x3a, 0x20, 0x37, 0x70,
    0x78, 0x3b, 0x0a, 0x20, 0x20, 0x62, 0x6f, 0x72, 0x64, 0x65, 0x72, 0x2d,
    0x72, 0x61, 0x64, 0x69, 0x75, 0x73, 0x3a, 0x20, 0x35, 0x30, 0x25, 0x3b,
    0x0a, 0x20, 0x20, 0x62, 0x61, 0x63, 0x6b, 0x67, 0x72, 0x6f, 0x75, 0x6e,
    0x64, 0x3a, 0x20, 0x63, 0x75, 0x72, 0x72, 0x65, 0x6e, 0x74, 0x43, 0x6f,
    0x6c, 0x6f, 0x72, 0x3b, 0x0a, 0x20, 0x20, 0x62, 0x6f, 0x78, 0x2d, 0x73,
    0x68, 0x61, 0x64, 0x6f, 0x77, 0x3a, 0x20, 0x30, 0x20, 0x30, 0x20, 0x30,
    0x20, 0x34, 0x70, 0x78, 0x20, 0x63, 0x6f, 0x6c, 0x6f, 0x72, 0x2d, 0x6d,
    0x69, 0x78, 0x28, 0x69, 0x6e, 0x20, 0x73, 0x72, 0x67, 0x62, 0x2c, 0x20,
    0x63, 0x75, 0x72, 0x72, 0x65, 0x6e, 0x74, 0x43, 0x6f, 0x6c, 0x6f, 0x72,
    0x20, 0x31, 0x35, 0x25, 0x2c, 0x20, 0x74, 0x72, 0x61, 0x6e, 0x73, 0x70,
    0x61, 0x72, 0x65, 0x6e, 0x74, 0x29, 0x3b, 0x0a, 0x7d, 0x0a, 0x0a, 0x2e,
    0x63, 0x6f, 0x6e, 0x6e, 0x65, 0x63, 0x74, 0x69, 0x6f, 0x6e, 0x5b, 0x64,
    0x61, 0x74, 0x61, 0x2d, 0x73, 0x74, 0x61, 0x74, 0x65, 0x3d, 0x22, 0x6f,
    0x6e, 0x6c, 0x69, 0x6e, 0x65, 0x22, 0x5d, 0x20, 0x7b, 0x20, 0x63, 0x6f,
    0x6c, 0x6f, 0x72, 0x3a, 0x20, 0x76, 0x61, 0x72, 0x28, 0x2d, 0x2d, 0x67,
    0x72, 0x65, 0x65, 0x6e, 0x29, 0x3b, 0x20, 0x7d, 0x0a, 0x2e, 0x63, 0x6f,
    0x6e, 0x6e, 0x65, 0x63, 0x74, 0x69, 0x6f, 0x6e, 0x5b, 0x64, 0x61, 0x74,
    0x61, 0x2d, 0x73, 0x74, 0x61, 0x74, 0x65, 0x3d, 0x22, 0x62, 0x75, 0x73,
    0x79, 0x22, 0x5d, 0x20, 0x7b, 0x20, 0x63, 0x6f, 0x6c, 0x6f, 0x72, 0x3a,
    0x20, 0x76, 0x61, 0x72, 0x28, 0x2d, 0x2d, 0x61, 0x6d, 0x62, 0x65, 0x72,
    0x29, 0x3b, 0x20, 0x7d, 0x0a, 0x2e, 0x63, 0x6f, 0x6e, 0x6e, 0x65, 0x63,
    0x74, 0x69, 0x6f, 0x6e, 0x5b, 0x64, 0x61, 0x74, 0x61, 0x2d, 0x73, 0x74,
    0x61, 0x74, 0x65, 0x3d, 0x22, 0x6f, 0x66, 0x66, 0x6c, 0x69, 0x6e, 0x65,
    0x22, 0x5d, 0x20, 0x7b, 0x20, 0x63, 0x6f, 0x6c, 0x6f, 0x72, 0x3a, 0x20,
    0x76, 0x61, 0x72, 0x28, 0x2d, 0x2d, 0x72, 0x65, 0x64, 0x29, 0x3b, 0x20,
    0x7d, 0x0a, 0x2e, 0x63, 0x6f, 0x6e, 0x6e, 0x65, 0x63, 0x74, 0x69, 0x6f,
    0x6e, 0x5b, 0x64, 0x61, 0x74, 0x61, 0x2d, 0x73, 0x74, 0x61, 0x74, 0x65,
    0x3d, 0x22, 0x63, 0x68, 0x65, 0x63, 0x6b, 0x69, 0x6e, 0x67, 0x22, 0x5d,
    0x20, 0x2e, 0x63, 0x6f, 0x6e, 0x6e, 0x65, 0x63, 0x74, 0x69, 0x6f, 0x6e,
    0x2d, 0x64, 0x6f, 0x74, 0x20, 0x7b, 0x20, 0x61, 0x6e, 0x69, 0x6d, 0x61,
    0x74, 0x69, 0x6f, 0x6e, 0x3a, 0x20, 0x70, 0x75, 0x6c, 0x73, 0x65, 0x20,
    0x31, 0x2e, 0x31, 0x35, 0x73, 0x20, 0x65, 0x61, 0x73, 0x65, 0x2d, 0x69,
    0x6e, 0x2d, 0x6f, 0x75, 0x74, 0x20, 0x69, 0x6e, 0x66, 0x69, 0x6e, 0x69,
    0x74, 0x65, 0x3b, 0x20, 0x7d, 0x0a, 0x0a, 0x2e, 0x73, 0x68, 0x65, 0x6c,
    0x6c, 0x20, 0x7b, 0x0a, 0x20, 0x20, 0x77, 0x69, 0x64, 0x74, 0x68, 0x3a,
    0x20, 0x6d, 0x69, 0x6e, 0x28, 0x31, 0x34, 0x34, 0x30, 0x70, 0x78, 0x2c,
    0x20, 0x39, 0x32, 0x76, 0x77, 0x29, 0x3b, 0x0a, 0x20, 0x20, 0x6d, 0x61,
    0x72, 0x67, 0x69, 0x6e, 0x3a, 0x20, 0x30, 0x20, 0x61, 0x75, 0x74, 0x6f,
    0x3b, 0x0a, 0x20, 0x20, 0x70, 0x61, 0x64, 0x64, 0x69, 0x6e, 0x67, 0x3a,
    0x20, 0x33, 0x2e, 0x37, 0x72, 0x65, 0x6d, 0x20, 0x30, 0x20, 0x32, 0x72,
    0x65, 0x6d, 0x3b, 0x0a, 0x7d, 0x0a, 0x0a, 0x2e, 0x68, 0x65, 0x72, 0x6f,
    0x20, 0x7b, 0x0a, 0x20, 0x20, 0x64, 0x69, 0x73, 0x70, 0x6c, 0x61, 0x79,
    0x3a, 0x20, 0x66, 0x6c, 0x65, 0x78, 0x3b, 0x0a, 0x20, 0x20, 0x61, 0x6c,
    0x69, 0x67, 0x6e, 0x2d, 0x69, 0x74, 0x65, 0x6d, 0x73, 0x3a, 0x20, 0x66,
    0x6c, 0x65, 0x78, 0x2d, 0x65, 0x6e, 0x64, 0x3b, 0x0a, 0x20, 0x20, 0x6a,
    0x75, 0x73, 0x74, 0x69, 0x66, 0x79, 0x2d, 0x63, 0x6f, 0x6e, 0x74, 0x65,
    0x6e, 0x74, 0x3a, 0x20, 0x73, 0x70, 0x61, 0x63, 0x65, 0x2d, 0x62, 0x65,
    0x74, 0x77, 0x65, 0x65, 0x6e, 0x3b, 0x0a, 0x20, 0x20, 0x67, 0x61, 0x70,
    0x3a, 0x20, 0x32, 0x72, 0x65, 0x6d, 0x3b, 0x0a, 0x20, 0x20, 0x6d, 0x61,
    0x72, 0x67, 0x69, 0x6e, 0x2d, 0x62, 0x6f, 0x74, 0x74, 0x6f, 0x6d, 0x3a,
    0x20, 0x32, 0x72, 0x65, 0x6d, 0x3b, 0x0a, 0x7d, 0x0a, 0x0a, 0x2e, 0x65,
    0x79, 0x65, 0x62, 0x72, 0x6f, 0x77, 0x2c, 0x0a, 0x2e, 0x73, 0x74, 0x65,
    0x70, 0x2d, 0x6c, 0x61, 0x62, 0x65, 0x6c, 0x20, 0x7b, 0x0a, 0x20, 0x20,
    0x6d, 0x61, 0x72, 0x67, 0x69, 0x6e, 0x3a, 0x20, 0x30, 0x20, 0x30, 0x20,
    0x30, 0x2e, 0x36, 0x35, 0x72, 0x65, 0x6d, 0x3b, 0x0a, 0x20, 0x20, 0x63,
    0x6f, 0x6c, 0x6f, 0x72, 0x3a, 0x20, 0x76, 0x61, 0x72, 0x28, 0x2d, 0x2d,
    0x67, 0x72, 0x65, 0x65, 0x6e, 0x29, 0x3b, 0x0a, 0x20, 0x20, 0x66, 0x6f,
    0x6e, 0x74, 0x2d, 0x73, 0x69, 0x7a, 0x65, 0x3a, 0x20, 0x30, 0x2e, 0x36,
    0x38, 0x72, 0x65, 0x6d, 0x3b, 0x0a, 0x20, 0x20, 0x66, 0x6f, 0x6e, 0x74,
    0x2d, 0x77, 0x65, 0x69, 0x67, 0x68, 0x74, 0x3a, 0x20, 0x37, 0x36, 0x30,
    0x3b, 0x0a, 0x20, 0x20, 0x6c, 0x65, 0x74, 0x74, 0x65, 0x72, 0x2d, 0x73,
    0x70, 0x61, 0x63, 0x69, 0x6e, 0x67, 0x3a, 0x20, 0x30, 0x2e, 0x31, 0x37,
    0x65, 0x6d, 0x3b, 0x0a, 0x20, 0x20, 0x74, 0x65, 0x78, 0x74, 0x2d, 0x74,
    0x72, 0x61, 0x6e, 0x73, 0x66, 0x6f, 0x72, 0x6d, 0x3a, 0x20, 0x75, 0x70,
    0x70, 0x65, 0x72, 0x63, 0x61, 0x73, 0x65, 0x3b, 0x0a, 0x7d, 0x0a, 0x0a,
    0x68, 0x31, 0x2c, 0x0a, 0x68, 0x32, 0x2c, 0x0a, 0x70, 0x20, 0x7b, 0x0a,
    0x20, 0x20, 0x74, 0x65, 0x78, 0x74, 0x2d, 0x77, 0x72, 0x61, 0x70, 0x3a,
    0x20, 0x70, 0x72, 0x65, 0x74, 0x74, 0x79, 0x3b, 0x0a, 0x7d, 0x0a, 0x0a,
    0x68, 0x31, 0x20, 0x7b, 0x0a, 0x20, 0x20, 0x6d, 0x61, 0x78, 0x2d, 0x77,
    0x69, 0x64, 0x74, 0x68, 0x3a, 0x20, 0x37, 0x38, 0x30, 0x70, 0x78, 0x3b,
    0x0a, 0x20, 0x20, 0x6d, 0x61, 0x72, 0x67, 0x69, 0x6e, 0x3a, 0x20, 0x30,
    0x3b, 0x0a, 0x20, 0x20, 0x66, 0x6f, 0x6e, 0x74, 0x2d, 0x73, 0x69, 0x7a,
    0x65, 0x3a, 0x20, 0x63, 0x6c, 0x61, 0x6d, 0x70, 0x28, 0x32, 0x2e, 0x31,
    0x72, 0x65, 0x6d, 0x2c, 0x20, 0x34, 0x2e, 0x31, 0x76, 0x77, 0x2c, 0x20,
    0x34, 0x2e, 0x32, 0x72, 0x65, 0x6d, 0x29, 0x3b, 0x0a, 0x20, 0x20, 0x66,
    0x6f, 0x6e, 0x74, 0x2d, 0x77, 0x65, 0x69, 0x67, 0x68, 0x74, 0x3a, 0x20,
    0x36, 0x31, 0x30, 0x3b, 0x0a, 0x20, 0x20, 0x6c, 0x65, 0x74, 0x74, 0x65,
    0x72, 0x2d, 0x73, 0x70, 0x61, 0x63, 0x69, 0x6e, 0x67, 0x3a, 0x20, 0x2d,
    0x30, 0x2e, 0x30, 0x35, 0x35, 0x65, 0x6d, 0x3b, 0x0a, 0x20, 0x20, 0x6c,
    0x69, 0x6e, 0x65, 0x2d, 0x68, 0x65, 0x69, 0x67, 0x68, 0x74, 0x3a, 0x20,
    0x31, 0x2e, 0x30, 0x31, 0x3b, 0x0a, 0x7d, 0x0a, 0x0a, 0x2e, 0x68, 0x65,
    0x72, 0x6f, 0x2d, 0x63, 0x6f, 0x70, 0x79, 0x20, 0x7b, 0x0a, 0x20, 0x20,
    0x6d, 0x61, 0x78, 0x2d, 0x77, 0x69, 0x64, 0x74, 0x68, 0x3a, 0x20, 0x37,
    0x33, 0x30, 0x70, 0x78, 0x3b, 0x0a, 0x20, 0x20, 0x6d, 0x61, 0x72, 0x67,
    0x69, 0x6e, 0x3a, 0x20, 0x31, 0x2e, 0x32, 0x35, 0x72, 0x65, 0x6d, 0x20,
    0x30, 0x20, 0x30, 0x3b, 0x0a, 0x20, 0x20, 0x63, 0x6f, 0x6c, 0x6f, 0x72,
    0x3a, 0x20, 0x76, 0x61, 0x72, 0x28, 0x2d, 0x2d, 0x6d, 0x75, 0x74, 0x65,
    0x64, 0x29, 0x3b, 0x0a, 0x20, 0x20, 0x66, 0x6f, 0x6e, 0x74, 0x2d, 0x73,
    0x69, 0x7a, 0x65, 0x3a, 0x20, 0x63, 0x6c, 0x61, 0x6d, 0x70, 0x28, 0x30,
    0x2e, 0x39, 0x72, 0x65, 0x6d, 0x2c, 0x20, 0x31, 0x2e, 0x34, 0x76, 0x77,
    0x2c, 0x20, 0x31, 0x2e, 0x30, 0x34, 0x72, 0x65, 0x6d, 0x29, 0x3b, 0x0a,
    0x20, 0x20, 0x6c, 0x69, 0x6e, 0x65, 0x2d, 0x68, 0x65, 0x69, 0x67, 0x68,
    0x74, 0x3a, 0x20, 0x31, 0x2e, 0x37, 0x3b, 0x0a, 0x7d, 0x0a, 0x0a, 0x2e,
    0x67, 0x68, 0x6f, 0x73, 0x74, 0x2d, 0x62, 0x75, 0x74, 0x74, 0x6f, 0x6e,
    0x20, 0x7b, 0x0a, 0x20, 0x20, 0x66, 0x6c, 0x65, 0x78, 0x3a, 0x20, 0x6e,
    0x6f, 0x6e, 0x65, 0x3b, 0x0a, 0x20, 0x20, 0x6d, 0x69, 0x6e, 0x2d, 0x68,
    0x65, 0x69, 0x67, 0x68, 0x74, 0x3a, 0x20, 0x34, 0x30, 0x70, 0x78, 0x3b,
    0x0a, 0x20, 0x20, 0x70, 0x61, 0x64, 0x64, 0x69, 0x6e, 0x67, 0x3a, 0x20,
    0x30, 0x20, 0x31, 0x72, 0x65, 0x6d, 0x3b, 0x0a, 0x20, 0x20, 0x62, 0x6f,
    0x72, 0x64, 0x65, 0x72, 0x3a, 0x20, 0x31, 0x70, 0x78, 0x20, 0x73, 0x6f,
    0x6c, 0x69, 0x64, 0x20, 0x76, 0x61, 0x72, 0x28, 0x2d, 0x2d, 0x6c, 0x69,
    0x6e, 0x65, 0x2d, 0x73, 0x74, 0x72, 0x6f, 0x6e, 0x67, 0x29, 0x3b, 0x0a,
    0x20, 0x20, 0x62, 0x6f, 0x72, 0x64, 0x65, 0x72, 0x2d, 0x72, 0x61, 0x64,
    0x69, 0x75, 0x73, 0x3a, 0x20, 0x39, 0x70, 0x78, 0x3b, 0x0a, 0x20, 0x20,
    0x63, 0x6f, 0x6c, 0x6f, 0x72, 0x3a, 0x20, 0x76, 0x61, 0x72, 0x28, 0x2d,
    0x2d, 0x74, 0x65, 0x78, 0x74, 0x29, 0x3b, 0x0a, 0x20, 0x20, 0x62, 0x61,
    0x63, 0x6b, 0x67, 0x72, 0x6f, 0x75, 0x6e, 0x64, 0x3a, 0x20, 0x72, 0x67,
    0x62, 0x61, 0x28, 0x32, 0x35, 0x35, 0x2c, 0x20, 0x32, 0x35, 0x35, 0x2c,
    0x20, 0x32, 0x35, 0x35, 0x2c, 0x20, 0x30, 0x2e, 0x30, 0x32, 0x35, 0x29,
    0x3b, 0x0a, 0x20, 0x20, 0x63, 0x75, 0x72, 0x73, 0x6f, 0x72, 0x3a, 0x20,
    0x70, 0x6f, 0x69, 0x6e, 0x74, 0x65, 0x72, 0x3b, 0x0a, 0x20, 0x20, 0x66,
    0x6f, 0x6e, 0x74, 0x2d, 0x73, 0x69, 0x7a, 0x65, 0x3a, 0x20, 0x30, 0x2e,
    0x37, 0x36, 0x72, 0x65, 0x6d, 0x3b, 0x0a, 0x20, 0x20, 0x66, 0x6f, 0x6e,
    0x74, 0x2d, 0x77, 0x65, 0x69, 0x67, 0x68, 0x74, 0x3a, 0x20, 0x36, 0x38,
    0x30, 0x3b, 0x0a, 0x20, 0x20, 0x74, 0x72, 0x61, 0x6e, 0x73, 0x69, 0x74,
    0x69, 0x6f, 0x6e, 0x3a, 0x20, 0x62, 0x6f, 0x72, 0x64, 0x65, 0x72, 0x2d,
    0x63, 0x6f, 0x6c, 0x6f, 0x72, 0x20, 0x31, 0x36, 0x30, 0x6d, 0x73, 0x20,
    0x65, 0x61, 0x73, 0x65, 0x2c, 0x20, 0x62, 0x61, 0x63, 0x6b, 0x67, 0x72,
    0x6f, 0x75, 0x6e, 0x64, 0x20, 0x31, 0x36, 0x30, 0x6d, 0x73, 0x20, 0x65,
    0x61, 0x73, 0x65, 0x2c, 0x20, 0x74, 0x72, 0x61, 0x6e, 0x73, 0x66, 0x6f,
    0x72, 0x6d, 0x20, 0x31, 0x36, 0x30, 0x6d, 0x73, 0x20, 0x65, 0x61, 0x73,
    0x65, 0x3b, 0x0a, 0x7d, 0x0a, 0x0a, 0x2e, 0x67, 0x68, 0x6f, 0x73, 0x74,
    0x2d, 0x62, 0x75, 0x74, 0x74, 0x6f, 0x6e, 0x3a, 0x68, 0x6f, 0x76, 0x65,
    0x72, 0x3a, 0x6e, 0x6f, 0x74, 0x28, 0x3a, 0x64, 0x69, 0x73, 0x61, 0x62,
    0x6c, 0x65, 0x64, 0x29, 0x20, 0x7b, 0x0a, 0x20, 0x20, 0x62, 0x6f, 0x72,
    0x64, 0x65, 0x72, 0x2d, 0x63, 0x6f, 0x6c, 0x6f, 0x72, 0x3a, 0x20, 0x72,
    0x67, 0x62, 0x61, 0x28, 0x31, 0x31, 0x34, 0x2c, 0x20, 0x32, 0x34, 0x32,
    0x2c, 0x20, 0x31, 0x37, 0x37, 0x2c, 0x20, 0x30, 0x2e, 0x36, 0x29, 0x3b,
    0x0a, 0x20, 0x20, 0x62, 0x61, 0x63, 0x6b, 0x67, 0x72, 0x6f, 0x75, 0x6e,
    0x64, 0x3a, 0x20, 0x72, 0x67, 0x62, 0x61, 0x28, 0x31, 0x31, 0x34, 0x2c,
    0x20, 0x32, 0x34, 0x32, 0x2c, 0x20, 0x31, 0x37, 0x37, 0x2c, 0x20, 0x30,
    0x2e, 0x30, 0x38, 0x29, 0x3b, 0x0a, 0x20, 0x20, 0x74, 0x72, 0x61, 0x6e,
    0x73, 0x66, 0x6f, 0x72, 0x6d, 0x3a, 0x20, 0x74, 0x72, 0x61, 0x6e, 0x73,
    0x6c, 0x61, 0x74, 0x65, 0x59, 0x28, 0x2d, 0x31, 0x70, 0x78, 0x29, 0x3b,
    0x0a, 0x7d, 0x0a, 0x0a, 0x2e, 0x67, 0x68, 0x6f, 0x73, 0x74, 0x2d, 0x62,
    0x75, 0x74, 0x74, 0x6f, 0x6e, 0x3a, 0x64, 0x69, 0x73, 0x61, 0x62, 0x6c,
    0x65, 0x64, 0x20, 0x7b, 0x0a, 0x20, 0x20, 0x6f, 0x70, 0x61, 0x63, 0x69,
    0x74, 0x79, 0x3a, 0x20, 0x30, 0x2e, 0x34, 0x35, 0x3b, 0x0a, 0x20, 0x20,
    0x63, 0x75, 0x72, 0x73, 0x6f, 0x72, 0x3a, 0x20, 0x77, 0x61, 0x69, 0x74,
    0x3b, 0x0a, 0x7d, 0x0a, 0x0a, 0x2e, 0x77, 0x6f, 0x72, 0x6b, 0x73, 0x70,
    0x61, 0x63, 0x65, 0x20, 0x7b, 0x0a, 0x20, 0x20, 0x64, 0x69, 0x73, 0x70,
    0x6c, 0x61, 0x79, 0x3a, 0x20, 0x67, 0x72, 0x69, 0x64, 0x3b, 0x0a, 0x20,
    0x20, 0x67, 0x72, 0x69, 0x64, 0x2d, 0x74, 0x65, 0x6d, 0x70, 0x6c, 0x61,
    0x74, 0x65, 0x2d, 0x63, 0x6f, 0x6c, 0x75, 0x6d, 0x6e, 0x73, 0x3a, 0x20,
    0x6d, 0x69, 0x6e, 0x6d, 0x61, 0x78, 0x28, 0x30, 0x2c, 0x20, 0x30, 0x2e,
    0x38, 0x38, 0x66, 0x72, 0x29, 0x20, 0x6d, 0x69, 0x6e, 0x6d, 0x61, 0x78,
    0x28, 0x30, 0x2c, 0x20, 0x31, 0x2e, 0x31, 0x32, 0x66, 0x72, 0x29, 0x3b,
    0x0a, 0x20, 0x20, 0x67, 0x61, 0x70, 0x3a, 0x20, 0x31, 0x72, 0x65, 0x6d,
    0x3b, 0x0a, 0x20, 0x20, 0x61, 0x6c, 0x69, 0x67, 0x6e, 0x2d, 0x69, 0x74,
    0x65, 0x6d, 0x73, 0x3a, 0x20, 0x73, 0x74, 0x61, 0x72, 0x74, 0x3b, 0x0a,
    0x7d, 0x0a, 0x0a, 0x2e, 0x70, 0x61, 0x6e, 0x65, 0x6c, 0x20, 0x7b, 0x0a,
    0x20, 0x20, 0x6d, 0x69, 0x6e, 0x2d, 0x77, 0x69, 0x64, 0x74, 0x68, 0x3a,
    0x20, 0x30, 0x3b, 0x0a, 0x20, 0x20, 0x62, 0x6f, 0x72, 0x64, 0x65, 0x72,
    0x3a, 0x20, 0x31, 0x70, 0x78, 0x20, 0x73, 0x6f, 0x6c, 0x69, 0x64, 0x20,
    0x76, 0x61, 0x72, 0x28, 0x2d, 0x2d, 0x6c, 0x69, 0x6e, 0x65, 0x29, 0x3b,
    0x0a, 0x20, 0x20, 0x62, 0x6f, 0x72, 0x64, 0x65, 0x72, 0x2d, 0x72, 0x61,
    0x64, 0x69, 0x75, 0x73, 0x3a, 0x20, 0x31, 0x36, 0x70, 0x78, 0x3b, 0x0a,
    0x20, 0x20, 0x62, 0x61, 0x63, 0x6b, 0x67, 0x72, 0x6f, 0x75, 0x6e, 0x64,
    0x3a, 0x20, 0x6c, 0x69, 0x6e, 0x65, 0x61, 0x72, 0x2d, 0x67, 0x72, 0x61,
    0x64, 0x69, 0x65, 0x6e, 0x74, 0x28, 0x31, 0x35, 0x30, 0x64, 0x65, 0x67,
    0x2c, 0x20, 0x72, 0x67, 0x62, 0x61, 0x28, 0x31, 0x38, 0x2c, 0x20, 0x33,
    0x35, 0x2c, 0x20, 0x33, 0x30, 0x2c, 0x20, 0x30, 0x2e, 0x39, 0x36, 0x29,
    0x2c, 0x20, 0x76, 0x61, 0x72, 0x28, 0x2d, 0x2d, 0x70, 0x61, 0x6e, 0x65,
    0x6c, 0x29, 0x29, 0x3b, 0x0a, 0x20, 0x20, 0x62, 0x6f, 0x78, 0x2d, 0x73,
    0x68, 0x61, 0x64, 0x6f, 0x77, 0x3a, 0x20, 0x76, 0x61, 0x72, 0x28, 0x2d,
    0x2d, 0x73, 0x68, 0x61, 0x64, 0x6f, 0x77, 0x29, 0x3b, 0x0a, 0x7d, 0x0a,
    0x0a, 0x2e, 0x63, 0x6f, 0x6d, 0x70, 0x6f, 0x73, 0x65, 0x2d, 0x70, 0x61,
    0x6e, 0x65, 0x6c, 0x2c, 0x0a, 0x2e, 0x72, 0x65, 0x73, 0x75, 0x6c, 0x74,
    0x2d, 0x70, 0x61, 0x6e, 0x65, 0x6c, 0x20, 0x7b, 0x0a, 0x20, 0x20, 0x70,
    0x61, 0x64, 0x64, 0x69, 0x6e, 0x67, 0x3a, 0x20, 0x63, 0x6c, 0x61, 0x6d,
    0x70, 0x28, 0x31, 0x2e, 0x32, 0x72, 0x65, 0x6d, 0x2c, 0x20, 0x32, 0x2e,
    0x36, 0x76, 0x77, 0x2c, 0x20, 0x32, 0x72, 0x65, 0x6d, 0x29, 0x3b, 0x0a,
    0x7d, 0x0a, 0x0a, 0x2e, 0x70, 0x61, 0x6e, 0x65, 0x6c, 0x2d, 0x68, 0x65,
    0x61, 0x64, 0x69, 0x6e, 0x67, 0x20, 0x7b, 0x0a, 0x20, 0x20, 0x64, 0x69,
    0x73, 0x70, 0x6c, 0x61, 0x79, 0x3a, 0x20, 0x66, 0x6c, 0x65, 0x78, 0x3b,
    0x0a, 0x20, 0x20, 0x61, 0x6c, 0x69, 0x67, 0x6e, 0x2d, 0x69, 0x74, 0x65,
    0x6d, 0x73, 0x3a, 0x20, 0x66, 0x6c, 0x65, 0x78, 0x2d, 0x73, 0x74, 0x61,
    0x72, 0x74, 0x3b, 0x0a, 0x20, 0x20, 0x6a, 0x75, 0x73, 0x74, 0x69, 0x66,
    0x79, 0x2d, 0x63, 0x6f, 0x6e, 0x74, 0x65, 0x6e, 0x74, 0x3a, 0x20, 0x73,
    0x70, 0x61, 0x63, 0x65, 0x2d, 0x62, 0x65, 0x74, 0x77, 0x65, 0x65, 0x6e,
    0x3b, 0x0a, 0x20, 0x20, 0x67, 0x61, 0x70, 0x3a, 0x20, 0x31, 0x72, 0x65,
    0x6d, 0x3b, 0x0a, 0x20, 0x20, 0x6d, 0x61, 0x72, 0x67, 0x69, 0x6e, 0x2d,
    0x62, 0x6f, 0x74, 0x74, 0x6f, 0x6d, 0x3a, 0x20, 0x31, 0x2e, 0x36, 0x35,
    0x72, 0x65, 0x6d, 0x3b, 0x0a, 0x7d, 0x0a, 0x0a, 0x2e, 0x70, 0x61, 0x6e,
    0x65, 0x6c, 0x2d, 0x68, 0x65, 0x61, 0x64, 0x69, 0x6e, 0x67, 0x20, 0x68,
    0x32, 0x20, 0x7b, 0x0a, 0x20, 0x20, 0x6d, 0x61, 0x72, 0x67, 0x69, 0x6e,
    0x3a, 0x20, 0x30, 0x3b, 0x0a, 0x20, 0x20, 0x66, 0x6f, 0x6e, 0x74, 0x2d,
    0x73, 0x69, 0x7a, 0x65, 0x3a, 0x20, 0x63, 0x6c, 0x61, 0x6d, 0x70, 0x28,
    0x31, 0x2e, 0x31, 0x35, 0x72, 0x65, 0x6d, 0x2c, 0x20, 0x32, 0x76, 0x77,
    0x2c, 0x20, 0x31, 0x2e, 0x34, 0x35, 0x72, 0x65, 0x6d, 0x29, 0x3b, 0x0a,
    0x20, 0x20, 0x66, 0x6f, 0x6e, 0x74, 0x2d, 0x77, 0x65, 0x69, 0x67, 0x68,
    0x74, 0x3a, 0x20, 0x36, 0x32, 0x30, 0x3b, 0x0a, 0x20, 0x20, 0x6c, 0x65,
    0x74, 0x74, 0x65, 0x72, 0x2d, 0x73, 0x70, 0x61, 0x63, 0x69, 0x6e, 0x67,
    0x3a, 0x20, 0x2d, 0x30, 0x2e, 0x30, 0x32, 0x35, 0x65, 0x6d, 0x3b, 0x0a,
    0x7d, 0x0a, 0x0a, 0x2e, 0x6d, 0x6f, 0x64, 0x65, 0x6c, 0x2d, 0x63, 0x68,
    0x69, 0x70, 0x2c, 0x0a, 0x2e, 0x73, 0x74, 0x61, 0x74, 0x65, 0x2d, 0x62,
    0x61, 0x64, 0x67, 0x65, 0x20, 0x7b, 0x0a, 0x20, 0x20, 0x64, 0x69, 0x73,
    0x70, 0x6c, 0x61, 0x79, 0x3a, 0x20, 0x69, 0x6e, 0x6c, 0x69, 0x6e, 0x65,
    0x2d, 0x66, 0x6c, 0x65, 0x78, 0x3b, 0x0a, 0x20, 0x20, 0x61, 0x6c, 0x69,
    0x67, 0x6e, 0x2d, 0x69, 0x74, 0x65, 0x6d, 0x73, 0x3a, 0x20, 0x63, 0x65,
    0x6e, 0x74, 0x65, 0x72, 0x3b, 0x0a, 0x20, 0x20, 0x6a, 0x75, 0x73, 0x74,
    0x69, 0x66, 0x79, 0x2d, 0x63, 0x6f, 0x6e, 0x74, 0x65, 0x6e, 0x74, 0x3a,
    0x20, 0x63, 0x65, 0x6e, 0x74, 0x65, 0x72, 0x3b, 0x0a, 0x20, 0x20, 0x6d,
    0x69, 0x6e, 0x2d, 0x68, 0x65, 0x69, 0x67, 0x68, 0x74, 0x3a, 0x20, 0x32,
    0x38, 0x70, 0x78, 0x3b, 0x0a, 0x20, 0x20, 0x70, 0x61, 0x64, 0x64, 0x69,
    0x6e, 0x67, 0x3a, 0x20, 0x30, 0x20, 0x30, 0x2e, 0x36, 0x35, 0x72, 0x65,
    0x6d, 0x3b, 0x0a, 0x20, 0x20, 0x62, 0x6f, 0x72, 0x64, 0x65, 0x72, 0x3a,
    0x20, 0x31, 0x70, 0x78, 0x20, 0x73, 0x6f, 0x6c, 0x69, 0x64, 0x20, 0x76,
    0x61, 0x72, 0x28, 0x2d, 0x2d, 0x6c, 0x69, 0x6e, 0x65, 0x29, 0x3b, 0x0a,
    0x20, 0x20, 0x62, 0x6f, 0x72, 0x64, 0x65, 0x72, 0x2d, 0x72, 0x61, 0x64,
    0x69, 0x75, 0x73, 0x3a, 0x20, 0x39, 0x39, 0x39, 0x70, 0x78, 0x3b, 0x0a,
    0x20, 0x20, 0x63, 0x6f, 0x6c, 0x6f, 0x72, 0x3a, 0x20, 0x76, 0x61, 0x72,
    0x28, 0x2d, 0x2d, 0x6d, 0x75, 0x74, 0x65, 0x64, 0x29, 0x3b, 0x0a, 0x20,
    0x20, 0x62, 0x61, 0x63, 0x6b, 0x67, 0x72, 0x6f, 0x75, 0x6e, 0x64, 0x3a,
    0x20, 0x72, 0x67, 0x62, 0x61, 0x28, 0x32, 0x35, 0x35, 0x2c, 0x20, 0x32,
    0x35, 0x35, 0x2c, 0x20, 0x32, 0x35, 0x35, 0x2c, 0x20, 0x30, 0x2e, 0x30,
    0x32, 0x35, 0x29, 0x3b, 0x0a, 0x20, 0x20, 0x66, 0x6f, 0x6e, 0x74, 0x2d,
    0x73, 0x69, 0x7a, 0x65, 0x3a, 0x20, 0x30, 0x2e, 0x36, 0x36, 0x72, 0x65,
    0x6d, 0x3b, 0x0a, 0x20, 0x20, 0x66, 0x6f, 0x6e, 0x74, 0x2d, 0x77, 0x65,
    0x69, 0x67, 0x68, 0x74, 0x3a, 0x20, 0x37, 0x30, 0x30, 0x3b, 0x0a, 0x20,
    0x20, 0x6c, 0x65, 0x74, 0x74, 0x65, 0x72, 0x2d, 0x73, 0x70, 0x61, 0x63,
    0x69, 0x6e, 0x67, 0x3a, 0x20, 0x30, 0x2e, 0x30, 0x34, 0x65, 0x6d, 0x3b,
    0x0a, 0x20, 0x20, 0x74, 0x65, 0x78, 0x74, 0x2d, 0x74, 0x72, 0x61, 0x6e,
    0x73, 0x66, 0x6f, 0x72, 0x6d, 0x3a, 0x20, 0x75, 0x70, 0x70, 0x65, 0x72,
    0x63, 0x61, 0x73, 0x65, 0x3b, 0x0a, 0x7d, 0x0a, 0x0a, 0x2e, 0x73, 0x74,
    0x61, 0x74, 0x65, 0x2d, 0x62, 0x61, 0x64, 0x67, 0x65, 0x5b, 0x64, 0x61,
    0x74, 0x61, 0x2d, 0x73, 0x74, 0x61, 0x74, 0x65, 0x3d, 0x22, 0x71, 0x75,
    0x65, 0x75, 0x65, 0x64, 0x22, 0x5d, 0x2c, 0x0a, 0x2e, 0x73, 0x74, 0x61,
    0x74, 0x65, 0x2d, 0x62, 0x61, 0x64, 0x67, 0x65, 0x5b, 0x64, 0x61, 0x74,
    0x61, 0x2d, 0x73, 0x74, 0x61, 0x74, 0x65, 0x3d, 0x22, 0x72, 0x75, 0x6e,
    0x6e, 0x69, 0x6e, 0x67, 0x22, 0x5d, 0x20, 0x7b, 0x0a, 0x20, 0x20, 0x62,
    0x6f, 0x72, 0x64, 0x65, 0x72, 0x2d, 0x63, 0x6f, 0x6c, 0x6f, 0x72, 0x3a,
    0x20, 0x72, 0x67, 0x62, 0x61, 0x28, 0x32, 0x34, 0x34, 0x2c, 0x20, 0x31,
    0x39, 0x36, 0x2c, 0x20, 0x31, 0x30, 0x37, 0x2c, 0x20, 0x30, 0x2e, 0x33,
    0x35, 0x29, 0x3b, 0x0a, 0x20, 0x20, 0x63, 0x6f, 0x6c, 0x6f, 0x72, 0x3a,
    0x20, 0x76, 0x61, 0x72, 0x28, 0x2d, 0x2d, 0x61, 0x6d, 0x62, 0x65, 0x72,
    0x29, 0x3b, 0x0a, 0x20, 0x20, 0x62, 0x61, 0x63, 0x6b, 0x67, 0x72, 0x6f,
    0x75, 0x6e, 0x64, 0x3a, 0x20, 0x72, 0x67, 0x62, 0x61, 0x28, 0x32, 0x34,
    0x34, 0x2c, 0x20, 0x31, 0x39, 0x36, 0x2c, 0x20, 0x31, 0x30, 0x37, 0x2c,
    0x20, 0x30, 0x2e, 0x30, 0x37, 0x35, 0x29, 0x3b, 0x0a, 0x7d, 0x0a, 0x0a,
    0x2e, 0x73, 0x74, 0x61, 0x74, 0x65, 0x2d, 0x62, 0x61, 0x64, 0x67, 0x65,
    0x5b, 0x64, 0x61, 0x74, 0x61, 0x2d, 0x73, 0x74, 0x61, 0x74, 0x65, 0x3d,
    0x22, 0x64, 0x6f, 0x6e, 0x65, 0x22, 0x5d, 0x20, 0x7b, 0x0a, 0x20, 0x20,
    0x62, 0x6f, 0x72, 0x64, 0x65, 0x72, 0x2d, 0x63, 0x6f, 0x6c, 0x6f, 0x72,
    0x3a, 0x20, 0x72, 0x67, 0x62, 0x61, 0x28, 0x31, 0x31, 0x34, 0x2c, 0x20,
    0x32, 0x34, 0x32, 0x2c, 0x20, 0x31, 0x37, 0x37, 0x2c, 0x20, 0x30, 0x2e,
    0x33, 0x35, 0x29, 0x3b, 0x0a, 0x20, 0x20, 0x63, 0x6f, 0x6c, 0x6f, 0x72,
    0x3a, 0x20, 0x76, 0x61, 0x72, 0x28, 0x2d, 0x2d, 0x67, 0x72, 0x65, 0x65,
    0x6e, 0x29, 0x3b, 0x0a, 0x20, 0x20, 0x62, 0x61, 0x63, 0x6b, 0x67, 0x72,
    0x6f, 0x75, 0x6e, 0x64, 0x3a, 0x20, 0x72, 0x67, 0x62, 0x61, 0x28, 0x31,
    0x31, 0x34, 0x2c, 0x20, 0x32, 0x34, 0x32, 0x2c, 0x20, 0x31, 0x37, 0x37,
    0x2c, 0x20, 0x30, 0x2e, 0x30, 0x37, 0x35, 0x29, 0x3b, 0x0a, 0x7d, 0x0a,
    0x0a, 0x2e, 0x73, 0x74, 0x61, 0x74, 0x65, 0x2d, 0x62, 0x61, 0x64, 0x67,
    0x65, 0x5b, 0x64, 0x61, 0x74, 0x61, 0x2d, 0x73, 0x74, 0x61, 0x74, 0x65,
    0x3d, 0x22, 0x65, 0x72, 0x72, 0x6f, 0x72, 0x22, 0x5d, 0x20, 0x7b, 0x0a,
    0x20, 0x20, 0x62, 0x6f, 0x72, 0x64, 0x65, 0x72, 0x2d, 0x63, 0x6f, 0x6c,
    0x6f, 0x72, 0x3a, 0x20, 0x72, 0x67, 0x62, 0x61, 0x28, 0x32, 0x35, 0x35,
    0x2c, 0x20, 0x31, 0x32, 0x35, 0x2c, 0x20, 0x31, 0x32, 0x31, 0x2c, 0x20,
    0x30, 0x2e, 0x33, 0x35, 0x29, 0x3b, 0x0a, 0x20, 0x20, 0x63, 0x6f, 0x6c,
    0x6f, 0x72, 0x3a, 0x20, 0x76, 0x61, 0x72, 0x28, 0x2d, 0x2d, 0x72, 0x65,
    0x64, 0x29, 0x3b, 0x0a, 0x20, 0x20, 0x62, 0x61, 0x63, 0x6b, 0x67, 0x72,
    0x6f, 0x75, 0x6e, 0x64, 0x3a, 0x20, 0x72, 0x67, 0x62, 0x61, 0x28, 0x32,
    0x35, 0x35, 0x2c, 0x20, 0x31, 0x32, 0x35, 0x2c, 0x20, 0x31, 0x32, 0x31,
    0x2c, 0x20, 0x30, 0x2e, 0x30, 0x37, 0x35, 0x29, 0x3b, 0x0a, 0x7d, 0x0a,
    0x0a, 0x2e, 0x6d, 0x6f, 0x64, 0x65, 0x2d, 0x73, 0x77, 0x69, 0x74, 0x63,
    0x68, 0x20, 0x7b, 0x0a, 0x20, 0x20, 0x64, 0x69, 0x73, 0x70, 0x6c, 0x61,
    0x79, 0x3a, 0x20, 0x67, 0x72, 0x69, 0x64, 0x3b, 0x0a, 0x20, 0x20, 0x67,
    0x72, 0x69, 0x64, 0x2d, 0x74, 0x65, 0x6d, 0x70, 0x6c, 0x61, 0x74, 0x65,
    0x2d, 0x63, 0x6f, 0x6c, 0x75, 0x6d, 0x6e, 0x73, 0x3a, 0x20, 0x31, 0x66,
    0x72, 0x20, 0x31, 0x66, 0x72, 0x3b, 0x0a, 0x20, 0x20, 0x67, 0x61, 0x70,
    0x3a, 0x20, 0x35, 0x70, 0x78, 0x3b, 0x0a, 0x20, 0x20, 0x6d, 0x61, 0x72,
    0x67, 0x69, 0x6e, 0x3a, 0x20, 0x30, 0x20, 0x30, 0x20, 0x31, 0x2e, 0x33,
    0x35, 0x72, 0x65, 0x6d, 0x3b, 0x0a, 0x20, 0x20, 0x70, 0x61, 0x64, 0x64,
    0x69, 0x6e, 0x67, 0x3a, 0x20, 0x35, 0x70, 0x78, 0x3b, 0x0a, 0x20, 0x20,
    0x62, 0x6f, 0x72, 0x64, 0x65, 0x72, 0x3a, 0x20, 0x31, 0x70, 0x78, 0x20,
    0x73, 0x6f, 0x6c, 0x69, 0x64, 0x20, 0x76, 0x61, 0x72, 0x28, 0x2d, 0x2d,
    0x6c, 0x69, 0x6e, 0x65, 0x29, 0x3b, 0x0a, 0x20, 0x20, 0x62, 0x6f, 0x72,
    0x64, 0x65, 0x72, 0x2d, 0x72, 0x61, 0x64, 0x69, 0x75, 0x73, 0x3a, 0x20,
    0x31, 0x30, 0x70, 0x78, 0x3b, 0x0a, 0x20, 0x20, 0x62, 0x61, 0x63, 0x6b,
    0x67, 0x72, 0x6f, 0x75, 0x6e, 0x64, 0x3a, 0x20, 0x72, 0x67, 0x62, 0x61,
    0x28, 0x30, 0x2c, 0x20, 0x30, 0x2c, 0x20, 0x30, 0x2c, 0x20, 0x30, 0x2e,
    0x31, 0x36, 0x29, 0x3b, 0x0a, 0x7d, 0x0a, 0x0a, 0x2e, 0x6d, 0x6f, 0x64,
    0x65, 0x2d, 0x73, 0x77, 0x69, 0x74, 0x63, 0x68, 0x20, 0x6c, 0x65, 0x67,
    0x65, 0x6e, 0x64, 0x20, 0x7b, 0x0a, 0x20, 0x20, 0x70, 0x6f, 0x73, 0x69,
    0x74, 0x69, 0x6f, 0x6e, 0x3a, 0x20, 0x61, 0x62, 0x73, 0x6f, 0x6c, 0x75,
    0x74, 0x65, 0x3b, 0x0a, 0x20, 0x20, 0x77, 0x69, 0x64, 0x74, 0x68, 0x3a,
    0x20, 0x31, 0x70, 0x78, 0x3b, 0x0a, 0x20, 0x20, 0x68, 0x65, 0x69, 0x67,
    0x68, 0x74, 0x3a, 0x20, 0x31, 0x70, 0x78, 0x3b, 0x0a, 0x20, 0x20, 0x70,
    0x61, 0x64, 0x64, 0x69, 0x6e, 0x67, 0x3a, 0x20, 0x30, 0x3b, 0x0a, 0x20,
    0x20, 0x6f, 0x76, 0x65, 0x72, 0x66, 0x6c, 0x6f, 0x77, 0x3a, 0x20, 0x68,
    0x69, 0x64, 0x64, 0x65, 0x6e, 0x3b, 0x0a, 0x20, 0x20, 0x63, 0x6c, 0x69,
    0x70, 0x3a, 0x20, 0x72, 0x65, 0x63, 0x74, 0x28, 0x30, 0x20, 0x30, 0x20,
    0x30, 0x20, 0x30, 0x29, 0x3b, 0x0a, 0x20, 0x20, 0x77, 0x68, 0x69, 0x74,
    0x65, 0x2d, 0x73, 0x70, 0x61, 0x63, 0x65, 0x3a, 0x20, 0x6e, 0x6f, 0x77,
    0x72, 0x61, 0x70, 0x3b, 0x0a, 0x20, 0x20, 0x62, 0x6f, 0x72, 0x64, 0x65,
    0x72, 0x3a, 0x20, 0x30, 0x3b, 0x0a, 0x7d, 0x0a, 0x0a, 0x2e, 0x6d, 0x6f,
    0x64, 0x65, 0x2d, 0x73, 0x77, 0x69, 0x74, 0x63, 0x68, 0x20, 0x6c, 0x61,
    0x62, 0x65, 0x6c, 0x20, 0x7b, 0x0a, 0x20, 0x20, 0x70, 0x6f, 0x73, 0x69,
    0x74, 0x69, 0x6f, 0x6e, 0x3a, 0x20, 0x72, 0x65, 0x6c, 0x61, 0x74, 0x69,
    0x76, 0x65, 0x3b, 0x0a, 0x20, 0x20, 0x63, 0x75, 0x72, 0x73, 0x6f, 0x72,
    0x3a, 0x20, 0x70, 0x6f, 0x69, 0x6e, 0x74, 0x65, 0x72, 0x3b, 0x0a, 0x7d,
    0x0a, 0x0a, 0x2e, 0x6d, 0x6f, 0x64, 0x65, 0x2d, 0x73, 0x77, 0x69, 0x74,
    0x63, 0x68, 0x20, 0x69, 0x6e, 0x70, 0x75, 0x74, 0x20, 0x7b, 0x0a, 0x20,
    0x20, 0x70, 0x6f, 0x73, 0x69, 0x74, 0x69, 0x6f, 0x6e, 0x3a, 0x20, 0x61,
    0x62, 0x73, 0x6f, 0x6c, 0x75, 0x74, 0x65, 0x3b, 0x0a, 0x20, 0x20, 0x6f,
    0x70, 0x61, 0x63, 0x69, 0x74, 0x79, 0x3a, 0x20, 0x30, 0x3b, 0x0a, 0x20,
    0x20, 0x70, 0x6f, 0x69, 0x6e, 0x74, 0x65, 0x72, 0x2d, 0x65, 0x76, 0x65,
    0x6e, 0x74, 0x73, 0x3a, 0x20, 0x6e, 0x6f, 0x6e, 0x65, 0x3b, 0x0a, 0x7d,
    0x0a, 0x0a, 0x2e, 0x6d, 0x6f, 0x64, 0x65, 0x2d, 0x73, 0x77, 0x69, 0x74,
    0x63, 0x68, 0x20, 0x73, 0x70, 0x61, 0x6e, 0x20, 0x7b, 0x0a, 0x20, 0x20,
    0x64, 0x69, 0x73, 0x70, 0x6c, 0x61, 0x79, 0x3a, 0x20, 0x66, 0x6c, 0x65,
    0x78, 0x3b, 0x0a, 0x20, 0x20, 0x61, 0x6c, 0x69, 0x67, 0x6e, 0x2d, 0x69,
    0x74, 0x65, 0x6d, 0x73, 0x3a, 0x20, 0x63, 0x65, 0x6e, 0x74, 0x65, 0x72,
    0x3b, 0x0a, 0x20, 0x20, 0x6a, 0x75, 0x73, 0x74, 0x69, 0x66, 0x79, 0x2d,
    0x63, 0x6f, 0x6e, 0x74, 0x65, 0x6e, 0x74, 0x3a, 0x20, 0x63, 0x65, 0x6e,
    0x74, 0x65, 0x72, 0x3b, 0x0a, 0x20, 0x20, 0x6d, 0x69, 0x6e, 0x2d, 0x68,
    0x65, 0x69, 0x67, 0x68, 0x74, 0x3a, 0x20, 0x33, 0x34, 0x70, 0x78, 0x3b,
    0x0a, 0x20, 0x20, 0x62, 0x6f, 0x72, 0x64, 0x65, 0x72, 0x2d, 0x72, 0x61,
    0x64, 0x69, 0x75, 0x73, 0x3a, 0x20, 0x37, 0x70, 0x78, 0x3b, 0x0a, 0x20,
    0x20, 0x63, 0x6f, 0x6c, 0x6f, 0x72, 0x3a, 0x20, 0x76, 0x61, 0x72, 0x28,
    0x2d, 0x2d, 0x6d, 0x75, 0x74, 0x65, 0x64, 0x29, 0x3b, 0x0a, 0x20, 0x20,
    0x66, 0x6f, 0x6e, 0x74, 0x2d, 0x73, 0x69, 0x7a, 0x65, 0x3a, 0x20, 0x30,
    0x2e, 0x37, 0x36, 0x72, 0x65, 0x6d, 0x3b, 0x0a, 0x20, 0x20, 0x66, 0x6f,
    0x6e, 0x74, 0x2d, 0x77, 0x65, 0x69, 0x67, 0x68, 0x74, 0x3a, 0x20, 0x36,
    0x38, 0x30, 0x3b, 0x0a, 0x20, 0x20, 0x74, 0x72, 0x61, 0x6e, 0x73, 0x69,
    0x74, 0x69, 0x6f, 0x6e, 0x3a, 0x20, 0x63, 0x6f, 0x6c, 0x6f, 0x72, 0x20,
    0x31, 0x36, 0x30, 0x6d, 0x73, 0x20, 0x65, 0x61, 0x73, 0x65, 0x2c, 0x20,
    0x62, 0x61, 0x63, 0x6b, 0x67, 0x72, 0x6f, 0x75, 0x6e, 0x64, 0x20, 0x31,
    0x36, 0x30, 0x6d, 0x73, 0x20, 0x65, 0x61, 0x73, 0x65, 0x3b, 0x0a, 0x7d,
    0x0a, 0x0a, 0x2e, 0x6d, 0x6f, 0x64, 0x65, 0x2d, 0x73, 0x77, 0x69, 0x74,
    0x63, 0x68, 0x20, 0x69, 0x6e, 0x70, 0x75, 0x74, 0x3a, 0x63, 0x68, 0x65,
    0x63, 0x6b, 0x65, 0x64, 0x20, 0x2b, 0x20, 0x73, 0x70, 0x61, 0x6e, 0x20,
    0x7b, 0x0a, 0x20, 0x20, 0x63, 0x6f, 0x6c, 0x6f, 0x72, 0x3a, 0x20, 0x76,
    0x61, 0x72, 0x28, 0x2d, 0x2d, 0x74, 0x65, 0x78, 0x74, 0x29, 0x3b, 0x0a,
    0x20, 0x20, 0x62, 0x61, 0x63, 0x6b, 0x67, 0x72, 0x6f, 0x75, 0x6e, 0x64,
    0x3a, 0x20, 0x72, 0x67, 0x62, 0x61, 0x28, 0x31, 0x31, 0x34, 0x2c, 0x20,
    0x32, 0x34, 0x32, 0x2c, 0x20, 0x31, 0x37, 0x37, 0x2c, 0x20, 0x30, 0x2e,
    0x31, 0x31, 0x29, 0x3b, 0x0a, 0x20, 0x20, 0x62, 0x6f, 0x78, 0x2d, 0x73,
    0x68, 0x61, 0x64, 0x6f, 0x77, 0x3a, 0x20, 0x69, 0x6e, 0x73, 0x65, 0x74,
    0x20, 0x30, 0x20, 0x30, 0x20, 0x30, 0x20, 0x31, 0x70, 0x78, 0x20, 0x72,
    0x67, 0x62, 0x61, 0x28, 0x31, 0x31, 0x34, 0x2c, 0x20, 0x32, 0x34, 0x32,
    0x2c, 0x20, 0x31, 0x37, 0x37, 0x2c, 0x20, 0x30, 0x2e, 0x31, 0x38, 0x29,
    0x3b, 0x0a, 0x7d, 0x0a, 0x0a, 0x2e, 0x6d, 0x6f, 0x64, 0x65, 0x2d, 0x73,
    0x77, 0x69, 0x74, 0x63, 0x68, 0x20, 0x69, 0x6e, 0x70, 0x75, 0x74, 0x3a,
    0x66, 0x6f, 0x63, 0x75, 0x73, 0x2d, 0x76, 0x69, 0x73, 0x69, 0x62, 0x6c,
    0x65, 0x20, 0x2b, 0x20, 0x73, 0x70, 0x61, 0x6e, 0x2c, 0x0a, 0x62, 0x75,
    0x74, 0x74, 0x6f, 0x6e, 0x3a, 0x66, 0x6f, 0x63, 0x75, 0x73, 0x2d, 0x76,
    0x69, 0x73, 0x69, 0x62, 0x6c, 0x65, 0x2c, 0x0a, 0x74, 0x65, 0x78, 0x74,
    0x61, 0x72, 0x65, 0x61, 0x3a, 0x66, 0x6f, 0x63, 0x75, 0x73, 0x2d, 0x76,
    0x69, 0x73, 0x69, 0x62, 0x6c, 0x65, 0x2c, 0x0a, 0x69, 0x6e, 0x70, 0x75,
    0x74, 0x3a, 0x66, 0x6f, 0x63, 0x75, 0x73, 0x2d, 0x76, 0x69, 0x73, 0x69,
    0x62, 0x6c, 0x65, 0x20, 0x7b, 0x0a, 0x20, 0x20, 0x6f, 0x75, 0x74, 0x6c,
    0x69, 0x6e, 0x65, 0x3a, 0x20, 0x32, 0x70, 0x78, 0x20, 0x73, 0x6f, 0x6c,
    0x69, 0x64, 0x20, 0x76, 0x61, 0x72, 0x28, 0x2d, 0x2d, 0x67, 0x72, 0x65,
    0x65, 0x6e, 0x29, 0x3b, 0x0a, 0x20, 0x20, 0x6f, 0x75, 0x74, 0x6c, 0x69,
    0x6e, 0x65, 0x2d, 0x6f, 0x66, 0x66, 0x73, 0x65, 0x74, 0x3a, 0x20, 0x32,
    0x70, 0x78, 0x3b, 0x0a, 0x7d, 0x0a, 0x0a, 0x2e, 0x69, 0x6e, 0x70, 0x75,
    0x74, 0x2d, 0x70, 0x61, 0x6e, 0x65, 0x20, 0x3e, 0x20, 0x6c, 0x61, 0x62,
    0x65, 0x6c, 0x2c, 0x0a, 0x2e, 0x67, 0x65, 0x6e, 0x65, 0x72, 0x61, 0x74,
    0x69, 0x6f, 0x6e, 0x2d, 0x73, 0x65, 0x74, 0x74, 0x69, 0x6e, 0x67, 0x73,
    0x20, 0x6c, 0x61, 0x62, 0x65, 0x6c, 0x20, 0x3e, 0x20, 0x73, 0x70, 0x61,
    0x6e, 0x20, 0x7b, 0x0a, 0x20, 0x20, 0x64, 0x69, 0x73, 0x70, 0x6c, 0x61,
    0x79, 0x3a, 0x20, 0x62, 0x6c, 0x6f, 0x63, 0x6b, 0x3b, 0x0a, 0x20, 0x20,
    0x6d, 0x61, 0x72, 0x67, 0x69, 0x6e, 0x2d, 0x62, 0x6f, 0x74, 0x74, 0x6f,
    0x6d, 0x3a, 0x20, 0x30, 0x2e, 0x35, 0x35, 0x72, 0x65, 0x6d, 0x3b, 0x0a,
    0x20, 0x20, 0x63, 0x6f, 0x6c, 0x6f, 0x72, 0x3a, 0x20, 0x23, 0x64, 0x37,
    0x65, 0x39, 0x65, 0x32, 0x3b, 0x0a, 0x20, 0x20, 0x66, 0x6f, 0x6e, 0x74,
    0x2d, 0x73, 0x69, 0x7a, 0x65, 0x3a, 0x20, 0x30, 0x2e, 0x37, 0x38, 0x72,
    0x65, 0x6d, 0x3b, 0x0a, 0x20, 0x20, 0x66, 0x6f, 0x6e, 0x74, 0x2d, 0x77,
    0x65, 0x69, 0x67, 0x68, 0x74, 0x3a, 0x20, 0x36, 0x38, 0x30, 0x3b, 0x0a,
    0x7d, 0x0a, 0x0a, 0x74, 0x65, 0x78, 0x74, 0x61, 0x72, 0x65, 0x61, 0x2c,
    0x0a, 0x2e, 0x67, 0x65, 0x6e, 0x65, 0x72, 0x61, 0x74, 0x69, 0x6f, 0x6e,
    0x2d, 0x73, 0x65, 0x74, 0x74, 0x69, 0x6e, 0x67, 0x73, 0x20, 0x69, 0x6e,
    0x70, 0x75, 0x74, 0x20, 0x7b, 0x0a, 0x20, 0x20, 0x77, 0x69, 0x64, 0x74,
    0x68, 0x3a, 0x20, 0x31, 0x30, 0x30, 0x25, 0x3b, 0x0a, 0x20, 0x20, 0x62,
    0x6f, 0x72, 0x64, 0x65, 0x72, 0x3a, 0x20, 0x31, 0x70, 0x78, 0x20, 0x73,
    0x6f, 0x6c, 0x69, 0x64, 0x20, 0x76, 0x61, 0x72, 0x28, 0x2d, 0x2d, 0x6c,
    0x69, 0x6e, 0x65, 0x29, 0x3b, 0x0a, 0x20, 0x20, 0x62, 0x6f, 0x72, 0x64,
    0x65, 0x72, 0x2d, 0x72, 0x61, 0x64, 0x69, 0x75, 0x73, 0x3a, 0x20, 0x31,
    0x30, 0x70, 0x78, 0x3b, 0x0a, 0x20, 0x20, 0x63, 0x6f, 0x6c, 0x6f, 0x72,
    0x3a, 0x20, 0x76, 0x61, 0x72, 0x28, 0x2d, 0x2d, 0x74, 0x65, 0x78, 0x74,
    0x29, 0x3b, 0x0a, 0x20, 0x20, 0x62, 0x61, 0x63, 0x6b, 0x67, 0x72, 0x6f,
    0x75, 0x6e, 0x64, 0x3a, 0x20, 0x72, 0x67, 0x62, 0x61, 0x28, 0x34, 0x2c,
    0x20, 0x31, 0x31, 0x2c, 0x20, 0x39, 0x2c, 0x20, 0x30, 0x2e, 0x35, 0x38,
    0x29, 0x3b, 0x0a, 0x20, 0x20, 0x74, 0x72, 0x61, 0x6e, 0x73, 0x69, 0x74,
    0x69, 0x6f, 0x6e, 0x3a, 0x20, 0x62, 0x6f, 0x72, 0x64, 0x65, 0x72, 0x2d,
    0x63, 0x6f, 0x6c, 0x6f, 0x72, 0x20, 0x31, 0x36, 0x30, 0x6d, 0x73, 0x20,
    0x65, 0x61, 0x73, 0x65, 0x2c, 0x20, 0x62, 0x6f, 0x78, 0x2d, 0x73, 0x68,
    0x61, 0x64, 0x6f, 0x77, 0x20, 0x31, 0x36, 0x30, 0x6d, 0x73, 0x20, 0x65,
    0x61, 0x73, 0x65, 0x3b, 0x0a, 0x7d, 0x0a, 0x0a, 0x74, 0x65, 0x78, 0x74,
    0x61, 0x72, 0x65, 0x61, 0x20, 0x7b, 0x0a, 0x20, 0x20, 0x64, 0x69, 0x73,
    0x70, 0x6c, 0x61, 0x79, 0x3a, 0x20, 0x62, 0x6c, 0x6f, 0x63, 0x6b, 0x3b,
    0x0a, 0x20, 0x20, 0x6d, 0x69, 0x6e, 0x2d, 0x68, 0x65, 0x69, 0x67, 0x68,
    0x74, 0x3a, 0x20, 0x31, 0x38, 0x34, 0x70, 0x78, 0x3b, 0x0a, 0x20, 0x20,
    0x70, 0x61, 0x64, 0x64, 0x69, 0x6e, 0x67, 0x3a, 0x20, 0x30, 0x2e, 0x39,
    0x35, 0x72, 0x65, 0x6d, 0x20, 0x31, 0x72, 0x65, 0x6d, 0x3b, 0x0a, 0x20,
    0x20, 0x72, 0x65, 0x73, 0x69, 0x7a, 0x65, 0x3a, 0x20, 0x76, 0x65, 0x72,
    0x74, 0x69, 0x63, 0x61, 0x6c, 0x3b, 0x0a, 0x20, 0x20, 0x66, 0x6f, 0x6e,
    0x74, 0x2d, 0x66, 0x61, 0x6d, 0x69, 0x6c, 0x79, 0x3a, 0x20, 0x22, 0x53,
    0x46, 0x4d, 0x6f, 0x6e, 0x6f, 0x2d, 0x52, 0x65, 0x67, 0x75, 0x6c, 0x61,
    0x72, 0x22, 0x2c, 0x20, 0x43, 0x6f, 0x6e, 0x73, 0x6f, 0x6c, 0x61, 0x73,
    0x2c, 0x20, 0x22, 0x4c, 0x69, 0x62, 0x65, 0x72, 0x61, 0x74, 0x69, 0x6f,
    0x6e, 0x20, 0x4d, 0x6f, 0x6e, 0x6f, 0x22, 0x2c, 0x20, 0x6d, 0x6f, 0x6e,
    0x6f, 0x73, 0x70, 0x61, 0x63, 0x65, 0x3b, 0x0a, 0x20, 0x20, 0x66, 0x6f,
    0x6e, 0x74, 0x2d, 0x73, 0x69, 0x7a, 0x65, 0x3a, 0x20, 0x30, 0x2e, 0x38,
    0x34, 0x72, 0x65, 0x6d, 0x3b, 0x0a, 0x20, 0x20, 0x6c, 0x69, 0x6e, 0x65,
    0x2d, 0x68, 0x65, 0x69, 0x67, 0x68, 0x74, 0x3a, 0x20, 0x31, 0x2e, 0x36,
    0x32, 0x3b, 0x0a, 0x7d, 0x0a, 0x0a, 0x74, 0x65, 0x78, 0x74, 0x61, 0x72,
    0x65, 0x61, 0x3a, 0x68, 0x6f, 0x76, 0x65, 0x72, 0x3a, 0x6e, 0x6f, 0x74,
    0x28, 0x3a, 0x64, 0x69, 0x73, 0x61, 0x62, 0x6c, 0x65, 0x64, 0x29, 0x2c,
    0x0a, 0x2e, 0x67, 0x65, 0x6e, 0x65, 0x72, 0x61, 0x74, 0x69, 0x6f, 0x6e,
    0x2d, 0x73, 0x65, 0x74, 0x74, 0x69, 0x6e, 0x67, 0x73, 0x20, 0x69, 0x6e,
    0x70, 0x75, 0x74, 0x3a, 0x68, 0x6f, 0x76, 0x65, 0x72, 0x3a, 0x6e, 0x6f,
    0x74, 0x28, 0x3a, 0x64, 0x69, 0x73, 0x61, 0x62, 0x6c, 0x65, 0x64, 0x29,
    0x20, 0x7b, 0x0a, 0x20, 0x20, 0x62, 0x6f, 0x72, 0x64, 0x65, 0x72, 0x2d,
    0x63, 0x6f, 0x6c, 0x6f, 0x72, 0x3a, 0x20, 0x76, 0x61, 0x72, 0x28, 0x2d,
    0x2d, 0x6c, 0x69, 0x6e, 0x65, 0x2d, 0x73, 0x74, 0x72, 0x6f, 0x6e, 0x67,
    0x29, 0x3b, 0x0a, 0x7d, 0x0a, 0x0a, 0x74, 0x65, 0x78, 0x74, 0x61, 0x72,
    0x65, 0x61, 0x3a, 0x64, 0x69, 0x73, 0x61, 0x62, 0x6c, 0x65, 0x64, 0x2c,
    0x0a, 0x69, 0x6e, 0x70, 0x75, 0x74, 0x3a, 0x64, 0x69, 0x73, 0x61, 0x62,
    0x6c, 0x65, 0x64, 0x20, 0x7b, 0x0a, 0x20, 0x20, 0x6f, 0x70, 0x61, 0x63,
    0x69, 0x74, 0x79, 0x3a, 0x20, 0x30, 0x2e, 0x35, 0x38, 0x3b, 0x0a, 0x20,
    0x20, 0x63, 0x75, 0x72, 0x73, 0x6f, 0x72, 0x3a, 0x20, 0x6e, 0x6f, 0x74,
    0x2d, 0x61, 0x6c, 0x6c, 0x6f, 0x77, 0x65, 0x64, 0x3b, 0x0a, 0x7d, 0x0a,
    0x0a, 0x2e, 0x66, 0x69, 0x65, 0x6c, 0x64, 0x2d, 0x6d, 0x65, 0x74, 0x61,
    0x20, 0x7b, 0x0a, 0x20, 0x20, 0x64, 0x69, 0x73, 0x70, 0x6c, 0x61, 0x79,
    0x3a, 0x20, 0x66, 0x6c, 0x65, 0x78, 0x3b, 0x0a, 0x20, 0x20, 0x6a, 0x75,
    0x73, 0x74, 0x69, 0x66, 0x79, 0x2d, 0x63, 0x6f, 0x6e, 0x74, 0x65, 0x6e,
    0x74, 0x3a, 0x20, 0x73, 0x70, 0x61, 0x63, 0x65, 0x2d, 0x62, 0x65, 0x74,
    0x77, 0x65, 0x65, 0x6e, 0x3b, 0x0a, 0x20, 0x20, 0x67, 0x61, 0x70, 0x3a,
    0x20, 0x31, 0x72, 0x65, 0x6d, 0x3b, 0x0a, 0x20, 0x20, 0x6d, 0x61, 0x72,
    0x67, 0x69, 0x6e, 0x3a, 0x20, 0x30, 0x2e, 0x35, 0x72, 0x65, 0x6d, 0x20,
    0x30, 0x20, 0x31, 0x2e, 0x32, 0x35, 0x72, 0x65, 0x6d, 0x3b, 0x0a, 0x20,
    0x20, 0x63, 0x6f, 0x6c, 0x6f, 0x72, 0x3a, 0x20, 0x76, 0x61, 0x72, 0x28,
    0x2d, 0x2d, 0x6d, 0x75, 0x74, 0x65, 0x64, 0x29, 0x3b, 0x0a, 0x20, 0x20,
    0x66, 0x6f, 0x6e, 0x74, 0x2d, 0x73, 0x69, 0x7a, 0x65, 0x3a, 0x20, 0x30,
    0x2e, 0x36, 0x34, 0x72, 0x65, 0x6d, 0x3b, 0x0a, 0x20, 0x20, 0x6c, 0x69,
    0x6e, 0x65, 0x2d, 0x68, 0x65, 0x69, 0x67, 0x68, 0x74, 0x3a, 0x20, 0x31,
    0x2e, 0x34, 0x3b, 0x0a, 0x7d, 0x0a, 0x0a, 0x2e, 0x66, 0x69, 0x65, 0x6c,
    0x64, 0x2d, 0x6d, 0x65, 0x74, 0x61, 0x20, 0x2e, 0x69, 0x6e, 0x76, 0x61,
    0x6c, 0x69, 0x64, 0x20, 0x7b, 0x0a, 0x20, 0x20, 0x63, 0x6f, 0x6c, 0x6f,
    0x72, 0x3a, 0x20, 0x76, 0x61, 0x72, 0x28, 0x2d, 0x2d, 0x72, 0x65, 0x64,
    0x29, 0x3b, 0x0a, 0x7d, 0x0a, 0x0a, 0x2e, 0x67, 0x65, 0x6e, 0x65, 0x72,
    0x61, 0x74, 0x69, 0x6f, 0x6e, 0x2d, 0x73, 0x65, 0x74, 0x74, 0x69, 0x6e,
    0x67, 0x73, 0x20, 0x7b, 0x0a, 0x20, 0x20, 0x64, 0x69, 0x73, 0x70, 0x6c,
    0x61, 0x79, 0x3a, 0x20, 0x67, 0x72, 0x69, 0x64, 0x3b, 0x0a, 0x20, 0x20,
    0x67, 0x72, 0x69, 0x64, 0x2d, 0x74, 0x65, 0x6d, 0x70, 0x6c, 0x61, 0x74,
    0x65, 0x2d, 0x63, 0x6f, 0x6c, 0x75, 0x6d, 0x6e, 0x73, 0x3a, 0x20, 0x31,
    0x66, 0x72, 0x20, 0x39, 0x34, 0x70, 0x78, 0x3b, 0x0a, 0x20, 0x20, 0x61,
    0x6c, 0x69, 0x67, 0x6e, 0x2d, 0x69, 0x74, 0x65, 0x6d, 0x73, 0x3a, 0x20,
    0x63, 0x65, 0x6e, 0x74, 0x65, 0x72, 0x3b, 0x0a, 0x20, 0x20, 0x67, 0x61,
    0x70, 0x3a, 0x20, 0x31, 0x72, 0x65, 0x6d, 0x3b, 0x0a, 0x20, 0x20, 0x6d,
    0x61, 0x72, 0x67, 0x69, 0x6e, 0x3a, 0x20, 0x30, 0x2e, 0x32, 0x35, 0x72,
    0x65, 0x6d, 0x20, 0x30, 0x20, 0x31, 0x2e, 0x32, 0x72, 0x65, 0x6d, 0x3b,
    0x0a, 0x20, 0x20, 0x70, 0x61, 0x64, 0x64, 0x69, 0x6e, 0x67, 0x3a, 0x20,
    0x31, 0x72, 0x65, 0x6d, 0x3b, 0x0a, 0x20, 0x20, 0x62, 0x6f, 0x72, 0x64,
    0x65, 0x72, 0x3a, 0x20, 0x31, 0x70, 0x78, 0x20, 0x73, 0x6f, 0x6c, 0x69,
    0x64, 0x20, 0x76, 0x61, 0x72, 0x28, 0x2d, 0x2d, 0x6c, 0x69, 0x6e, 0x65,
    0x29, 0x3b, 0x0a, 0x20, 0x20, 0x62, 0x6f, 0x72, 0x64, 0x65, 0x72, 0x2d,
    0x72, 0x61, 0x64, 0x69, 0x75, 0x73, 0x3a, 0x20, 0x31, 0x30, 0x70, 0x78,
    0x3b, 0x0a, 0x20, 0x20, 0x62, 0x61, 0x63, 0x6b, 0x67, 0x72, 0x6f, 0x75,
    0x6e, 0x64, 0x3a, 0x20, 0x72, 0x67, 0x62, 0x61, 0x28, 0x32, 0x35, 0x35,
    0x2c, 0x20, 0x32, 0x35, 0x35, 0x2c, 0x20, 0x32, 0x35, 0x35, 0x2c, 0x20,
    0x30, 0x2e, 0x30, 0x31, 0x38, 0x29, 0x3b, 0x0a, 0x7d, 0x0a, 0x0a, 0x2e,
    0x67, 0x65, 0x6e, 0x65, 0x72, 0x61, 0x74, 0x69, 0x6f, 0x6e, 0x2d, 0x73,
    0x65, 0x74, 0x74, 0x69, 0x6e, 0x67, 0x73, 0x20, 0x6c, 0x61, 0x62, 0x65,
    0x6c, 0x20, 0x3e, 0x20, 0x73, 0x70, 0x61, 0x6e, 0x20, 0x7b, 0x0a, 0x20,
    0x20, 0x6d, 0x61, 0x72, 0x67, 0x69, 0x6e, 0x3a, 0x20, 0x30, 0x3b, 0x0a,
    0x7d, 0x0a, 0x0a, 0x2e, 0x67, 0x65, 0x6e, 0x65, 0x72, 0x61, 0x74, 0x69,
    0x6f, 0x6e, 0x2d, 0x73, 0x65, 0x74, 0x74, 0x69, 0x6e, 0x67, 0x73, 0x20,
    0x6c, 0x61, 0x62, 0x65, 0x6c, 0x20, 0x73, 0x6d, 0x61, 0x6c, 0x6c, 0x20,
    0x7b, 0x0a, 0x20, 0x20, 0x64, 0x69, 0x73, 0x70, 0x6c, 0x61, 0x79, 0x3a,
    0x20, 0x62, 0x6c, 0x6f, 0x63, 0x6b, 0x3b, 0x0a, 0x20, 0x20, 0x6d, 0x61,
    0x72, 0x67, 0x69, 0x6e, 0x2d, 0x74, 0x6f, 0x70, 0x3a, 0x20, 0x30, 0x2e,
    0x32, 0x35, 0x72, 0x65, 0x6d, 0x3b, 0x0a, 0x20, 0x20, 0x63, 0x6f, 0x6c,
    0x6f, 0x72, 0x3a, 0x20, 0x76, 0x61, 0x72, 0x28, 0x2d, 0x2d, 0x6d, 0x75,
    0x74, 0x65, 0x64, 0x29, 0x3b, 0x0a, 0x20, 0x20, 0x66, 0x6f, 0x6e, 0x74,
    0x2d, 0x73, 0x69, 0x7a, 0x65, 0x3a, 0x20, 0x30, 0x2e, 0x36, 0x33, 0x72,
    0x65, 0x6d, 0x3b, 0x0a, 0x20, 0x20, 0x6c, 0x69, 0x6e, 0x65, 0x2d, 0x68,
    0x65, 0x69, 0x67, 0x68, 0x74, 0x3a, 0x20, 0x31, 0x2e, 0x34, 0x3b, 0x0a,
    0x7d, 0x0a, 0x0a, 0x2e, 0x67, 0x65, 0x6e, 0x65, 0x72, 0x61, 0x74, 0x69,
    0x6f, 0x6e, 0x2d, 0x73, 0x65, 0x74, 0x74, 0x69, 0x6e, 0x67, 0x73, 0x20,
    0x69, 0x6e, 0x70, 0x75, 0x74, 0x20, 0x7b, 0x0a, 0x20, 0x20, 0x68, 0x65,
    0x69, 0x67, 0x68, 0x74, 0x3a, 0x20, 0x34, 0x32, 0x70, 0x78, 0x3b, 0x0a,
    0x20, 0x20, 0x70, 0x61, 0x64, 0x64, 0x69, 0x6e, 0x67, 0x3a, 0x20, 0x30,
    0x20, 0x30, 0x2e, 0x36, 0x72, 0x65, 0x6d, 0x3b, 0x0a, 0x20, 0x20, 0x74,
    0x65, 0x78, 0x74, 0x2d, 0x61, 0x6c, 0x69, 0x67, 0x6e, 0x3a, 0x20, 0x63,
    0x65, 0x6e, 0x74, 0x65, 0x72, 0x3b, 0x0a, 0x20, 0x20, 0x66, 0x6f, 0x6e,
    0x74, 0x2d, 0x66, 0x61, 0x6d, 0x69, 0x6c, 0x79, 0x3a, 0x20, 0x22, 0x53,
    0x46, 0x4d, 0x6f, 0x6e, 0x6f, 0x2d, 0x52, 0x65, 0x67, 0x75, 0x6c, 0x61,
    0x72, 0x22, 0x2c, 0x20, 0x43, 0x6f, 0x6e, 0x73, 0x6f, 0x6c, 0x61, 0x73,
    0x2c, 0x20, 0x6d, 0x6f, 0x6e, 0x6f, 0x73, 0x70, 0x61, 0x63, 0x65, 0x3b,
    0x0a, 0x20, 0x20, 0x66, 0x6f, 0x6e, 0x74, 0x2d, 0x77, 0x65, 0x69, 0x67,
    0x68, 0x74, 0x3a, 0x20, 0x37, 0x32, 0x30, 0x3b, 0x0a, 0x7d, 0x0a, 0x0a,
    0x2e, 0x66, 0x6f, 0x72, 0x6d, 0x2d, 0x65, 0x72, 0x72, 0x6f, 0x72, 0x20,
    0x7b, 0x0a, 0x20, 0x20, 0x6d, 0x61, 0x72, 0x67, 0x69, 0x6e, 0x2d, 0x62,
    0x6f, 0x74, 0x74, 0x6f, 0x6d, 0x3a, 0x20, 0x30, 0x2e, 0x39, 0x72, 0x65,
    0x6d, 0x3b, 0x0a, 0x20, 0x20, 0x70, 0x61, 0x64, 0x64, 0x69, 0x6e, 0x67,
    0x3a, 0x20, 0x30, 0x2e, 0x37, 0x32, 0x72, 0x65, 0x6d, 0x20, 0x30, 0x2e,
    0x38, 0x72, 0x65, 0x6d, 0x3b, 0x0a, 0x20, 0x20, 0x62, 0x6f, 0x72, 0x64,
    0x65, 0x72, 0x3a, 0x20, 0x31, 0x70, 0x78, 0x20, 0x73, 0x6f, 0x6c, 0x69,
    0x64, 0x20, 0x72, 0x67, 0x62, 0x61, 0x28, 0x32, 0x35, 0x35, 0x2c, 0x20,
    0x31, 0x32, 0x35, 0x2c, 0x20, 0x31, 0x32, 0x31, 0x2c, 0x20, 0x30, 0x2e,
    0x32, 0x38, 0x29, 0x3b, 0x0a, 0x20, 0x20, 0x62, 0x6f, 0x72, 0x64, 0x65,
    0x72, 0x2d, 0x72, 0x61, 0x64, 0x69, 0x75, 0x73, 0x3a, 0x20, 0x38, 0x70,
    0x78, 0x3b, 0x0a, 0x20, 0x20, 0x63, 0x6f, 0x6c, 0x6f, 0x72, 0x3a, 0x20,
    0x23, 0x66, 0x66, 0x63, 0x31, 0x62, 0x65, 0x3b, 0x0a, 0x20, 0x20, 0x62,
    0x61, 0x63, 0x6b, 0x67, 0x72, 0x6f, 0x75, 0x6e, 0x64, 0x3a, 0x20, 0x72,
    0x67, 0x62, 0x61, 0x28, 0x32, 0x35, 0x35, 0x2c, 0x20, 0x31, 0x32, 0x35,
    0x2c, 0x20, 0x31, 0x32, 0x31, 0x2c, 0x20, 0x30, 0x2e, 0x30, 0x37, 0x35,
    0x29, 0x3b, 0x0a, 0x20, 0x20, 0x66, 0x6f, 0x6e, 0x74, 0x2d, 0x73, 0x69,
    0x7a, 0x65, 0x3a, 0x20, 0x30, 0x2e, 0x37, 0x32, 0x72, 0x65, 0x6d, 0x3b,
    0x0a, 0x20, 0x20, 0x6c, 0x69, 0x6e, 0x65, 0x2d, 0x68, 0x65, 0x69, 0x67,
    0x68, 0x74, 0x3a, 0x20, 0x31, 0x2e, 0x34, 0x35, 0x3b, 0x0a, 0x7d, 0x0a,
    0x0a, 0x2e, 0x67, 0x65, 0x6e, 0x65, 0x72, 0x61, 0x74, 0x65, 0x2d, 0x62,
    0x75, 0x74, 0x74, 0x6f, 0x6e, 0x20, 0x7b, 0x0a, 0x20, 0x20, 0x64, 0x69,
    0x73, 0x70, 0x6c, 0x61, 0x79, 0x3a, 0x20, 0x66, 0x6c, 0x65, 0x78, 0x3b,
    0x0a, 0x20, 0x20, 0x61, 0x6c, 0x69, 0x67, 0x6e, 0x2d, 0x69, 0x74, 0x65,
    0x6d, 0x73, 0x3a, 0x20, 0x63, 0x65, 0x6e, 0x74, 0x65, 0x72, 0x3b, 0x0a,
    0x20, 0x20, 0x6a, 0x75, 0x73, 0x74, 0x69, 0x66, 0x79, 0x2d, 0x63, 0x6f,
    0x6e, 0x74, 0x65, 0x6e, 0x74, 0x3a, 0x20, 0x73, 0x70, 0x61, 0x63, 0x65,
    0x2d, 0x62, 0x65, 0x74, 0x77, 0x65, 0x65, 0x6e, 0x3b, 0x0a, 0x20, 0x20,
    0x77, 0x69, 0x64, 0x74, 0x68, 0x3a, 0x20, 0x31, 0x30, 0x30, 0x25, 0x3b,
    0x0a, 0x20, 0x20, 0x6d, 0x69, 0x6e, 0x2d, 0x68, 0x65, 0x69, 0x67, 0x68,
    0x74, 0x3a, 0x20, 0x35, 0x30, 0x70, 0x78, 0x3b, 0x0a, 0x20, 0x20, 0x70,
    0x61, 0x64, 0x64, 0x69, 0x6e, 0x67, 0x3a, 0x20, 0x30, 0x20, 0x30, 0x2e,
    0x37, 0x35, 0x72, 0x65, 0x6d, 0x20, 0x30, 0x20, 0x31, 0x72, 0x65, 0x6d,
    0x3b, 0x0a, 0x20, 0x20, 0x62, 0x6f, 0x72, 0x64, 0x65, 0x72, 0x3a, 0x20,
    0x30, 0x3b, 0x0a, 0x20, 0x20, 0x62, 0x6f, 0x72, 0x64, 0x65, 0x72, 0x2d,
    0x72, 0x61, 0x64, 0x69, 0x75, 0x73, 0x3a, 0x20, 0x31, 0x30, 0x70, 0x78,
    0x3b, 0x0a, 0x20, 0x20, 0x63, 0x6f, 0x6c, 0x6f, 0x72, 0x3a, 0x20, 0x23,
    0x30, 0x34, 0x31, 0x30, 0x30, 0x62, 0x3b, 0x0a, 0x20, 0x20, 0x62, 0x61,
    0x63, 0x6b, 0x67, 0x72, 0x6f, 0x75, 0x6e, 0x64, 0x3a, 0x20, 0x76, 0x61,
    0x72, 0x28, 0x2d, 0x2d, 0x67, 0x72, 0x65, 0x65, 0x6e, 0x29, 0x3b, 0x0a,
    0x20, 0x20, 0x63, 0x75, 0x72, 0x73, 0x6f, 0x72, 0x3a, 0x20, 0x70, 0x6f,
    0x69, 0x6e, 0x74, 0x65, 0x72, 0x3b, 0x0a, 0x20, 0x20, 0x66, 0x6f, 0x6e,
    0x74, 0x2d, 0x73, 0x69, 0x7a, 0x65, 0x3a, 0x20, 0x30, 0x2e, 0x37, 0x39,
    0x72, 0x65, 0x6d, 0x3b, 0x0a, 0x20, 0x20, 0x66, 0x6f, 0x6e, 0x74, 0x2d,
    0x77, 0x65, 0x69, 0x67, 0x68, 0x74, 0x3a, 0x20, 0x37, 0x39, 0x30, 0x3b,
    0x0a, 0x20, 0x20, 0x74, 0x72, 0x61, 0x6e, 0x73, 0x69, 0x74, 0x69, 0x6f,
    0x6e, 0x3a, 0x20, 0x74, 0x72, 0x61, 0x6e, 0x73, 0x66, 0x6f, 0x72, 0x6d,
    0x20, 0x31, 0x36, 0x30, 0x6d, 0x73, 0x20, 0x65, 0x61, 0x73, 0x65, 0x2c,
    0x20, 0x62, 0x6f, 0x78, 0x2d, 0x73, 0x68, 0x61, 0x64, 0x6f, 0x77, 0x20,
    0x31, 0x36, 0x30, 0x6d, 0x73, 0x20, 0x65, 0x61, 0x73, 0x65, 0x2c, 0x20,
    0x6f, 0x70, 0x61, 0x63, 0x69, 0x74, 0x79, 0x20, 0x31, 0x36, 0x30, 0x6d,
    0x73, 0x20, 0x65, 0x61, 0x73, 0x65, 0x3b, 0x0a, 0x7d, 0x0a, 0x0a, 0x2e,
    0x67, 0x65, 0x6e, 0x65, 0x72, 0x61, 0x74, 0x65, 0x2d, 0x62, 0x75, 0x74,
    0x74, 0x6f, 0x6e, 0x3a, 0x68, 0x6f, 0x76, 0x65, 0x72, 0x3a, 0x6e, 0x6f,
    0x74, 0x28, 0x3a, 0x64, 0x69, 0x73, 0x61, 0x62, 0x6c, 0x65, 0x64, 0x29,
    0x20, 0x7b, 0x0a, 0x20, 0x20, 0x74, 0x72, 0x61, 0x6e, 0x73, 0x66, 0x6f,
    0x72, 0x6d, 0x3a, 0x20, 0x74, 0x72, 0x61, 0x6e, 0x73, 0x6c, 0x61, 0x74,
    0x65, 0x59, 0x28, 0x2d, 0x31, 0x70, 0x78, 0x29, 0x3b, 0x0a, 0x20, 0x20,
    0x62, 0x6f, 0x78, 0x2d, 0x73, 0x68, 0x61, 0x64, 0x6f, 0x77, 0x3a, 0x20,
    0x30, 0x20, 0x31, 0x30, 0x70, 0x78, 0x20, 0x33, 0x32, 0x70, 0x78, 0x20,
    0x72, 0x67, 0x62, 0x61, 0x28, 0x34, 0x39, 0x2c, 0x20, 0x32, 0x31, 0x33,
    0x2c, 0x20, 0x31, 0x34, 0x30, 0x2c, 0x20, 0x30, 0x2e, 0x31, 0x38, 0x29,
    0x3b, 0x0a, 0x7d, 0x0a, 0x0a, 0x2e, 0x67, 0x65, 0x6e, 0x65, 0x72, 0x61,
    0x74, 0x65, 0x2d, 0x62, 0x75, 0x74, 0x74, 0x6f, 0x6e, 0x3a, 0x64, 0x69,
    0x73, 0x61, 0x62, 0x6c, 0x65, 0x64, 0x20, 0x7b, 0x0a, 0x20, 0x20, 0x6f,
    0x70, 0x61, 0x63, 0x69, 0x74, 0x79, 0x3a, 0x20, 0x30, 0x2e, 0x33, 0x35,
    0x3b, 0x0a, 0x20, 0x20, 0x63, 0x75, 0x72, 0x73, 0x6f, 0x72, 0x3a, 0x20,
    0x6e, 0x6f, 0x74, 0x2d, 0x61, 0x6c, 0x6c, 0x6f, 0x77, 0x65, 0x64, 0x3b,
    0x0a, 0x7d, 0x0a, 0x0a, 0x2e, 0x62, 0x75, 0x74, 0x74, 0x6f, 0x6e, 0x2d,
    0x61, 0x72, 0x72, 0x6f, 0x77, 0x20, 0x7b, 0x0a, 0x20, 0x20, 0x64, 0x69,
    0x73, 0x70, 0x6c, 0x61, 0x79, 0x3a, 0x20, 0x67, 0x72, 0x69, 0x64, 0x3b,
    0x0a, 0x20, 0x20, 0x70, 0x6c, 0x61, 0x63, 0x65, 0x2d, 0x69, 0x74, 0x65,
    0x6d, 0x73, 0x3a, 0x20, 0x63, 0x65, 0x6e, 0x74, 0x65, 0x72, 0x3b, 0x0a,
    0x20, 0x20, 0x77, 0x69, 0x64, 0x74, 0x68, 0x3a, 0x20, 0x33, 0x34, 0x70,
    0x78, 0x3b, 0x0a, 0x20, 0x20, 0x68, 0x65, 0x69, 0x67, 0x68, 0x74, 0x3a,
    0x20, 0x33, 0x34, 0x70, 0x78, 0x3b, 0x0a, 0x20, 0x20, 0x62, 0x6f, 0x72,
    0x64, 0x65, 0x72, 0x2d, 0x72, 0x61, 0x64, 0x69, 0x75, 0x73, 0x3a, 0x20,
    0x38, 0x70, 0x78, 0x3b, 0x0a, 0x20, 0x20, 0x62, 0x61, 0x63, 0x6b, 0x67,
    0x72, 0x6f, 0x75, 0x6e, 0x64, 0x3a, 0x20, 0x72, 0x67, 0x62, 0x61, 0x28,
    0x34, 0x2c, 0x20, 0x31, 0x36, 0x2c, 0x20, 0x31, 0x31, 0x2c, 0x20, 0x30,
    0x2e, 0x31, 0x31, 0x29, 0x3b, 0x0a, 0x20, 0x20, 0x66, 0x6f, 0x6e, 0x74,
    0x2d, 0x73, 0x69, 0x7a, 0x65, 0x3a, 0x20, 0x31, 0x2e, 0x31, 0x72, 0x65,
    0x6d, 0x3b, 0x0a, 0x7d, 0x0a, 0x0a, 0x2e, 0x73, 0x75, 0x62, 0x6d, 0x69,
    0x74, 0x2d, 0x68, 0x69, 0x6e, 0x74, 0x20, 0x7b, 0x0a, 0x20, 0x20, 0x6d,
    0x61, 0x72, 0x67, 0x69, 0x6e, 0x3a, 0x20, 0x30, 0x2e, 0x36, 0x72, 0x65,
    0x6d, 0x20, 0x30, 0x20, 0x30, 0x3b, 0x0a, 0x20, 0x20, 0x63, 0x6f, 0x6c,
    0x6f, 0x72, 0x3a, 0x20, 0x76, 0x61, 0x72, 0x28, 0x2d, 0x2d, 0x6d, 0x75,
    0x74, 0x65, 0x64, 0x29, 0x3b, 0x0a, 0x20, 0x20, 0x66, 0x6f, 0x6e, 0x74,
    0x2d, 0x73, 0x69, 0x7a, 0x65, 0x3a, 0x20, 0x30, 0x2e, 0x36, 0x34, 0x72,
    0x65, 0x6d, 0x3b, 0x0a, 0x20, 0x20, 0x74, 0x65, 0x78, 0x74, 0x2d, 0x61,
    0x6c, 0x69, 0x67, 0x6e, 0x3a, 0x20, 0x63, 0x65, 0x6e, 0x74, 0x65, 0x72,
    0x3b, 0x0a, 0x7d, 0x0a, 0x0a, 0x2e, 0x6a, 0x6f, 0x62, 0x2d, 0x73, 0x74,
    0x72, 0x69, 0x70, 0x20, 0x7b, 0x0a, 0x20, 0x20, 0x64, 0x69, 0x73, 0x70,
    0x6c, 0x61, 0x79, 0x3a, 0x20, 0x67, 0x72, 0x69, 0x64, 0x3b, 0x0a, 0x20,
    0x20, 0x67, 0x72, 0x69, 0x64, 0x2d, 0x74, 0x65, 0x6d, 0x70, 0x6c, 0x61,
    0x74, 0x65, 0x2d, 0x63, 0x6f, 0x6c, 0x75, 0x6d, 0x6e, 0x73, 0x3a, 0x20,
    0x72, 0x65, 0x70, 0x65, 0x61, 0x74, 0x28, 0x34, 0x2c, 0x20, 0x6d, 0x69,
    0x6e, 0x6d, 0x61, 0x78, 0x28, 0x30, 0x2c, 0x20, 0x31, 0x66, 0x72, 0x29,
    0x29, 0x3b, 0x0a, 0x20, 0x20, 0x67, 0x61, 0x70, 0x3a, 0x20, 0x31, 0x70,
    0x78, 0x3b, 0x0a, 0x20, 0x20, 0x6f, 0x76, 0x65, 0x72, 0x66, 0x6c, 0x6f,
    0x77, 0x3a, 0x20, 0x68, 0x69, 0x64, 0x64, 0x65, 0x6e, 0x3b, 0x0a, 0x20,
    0x20, 0x62, 0x6f, 0x72, 0x64, 0x65, 0x72, 0x3a, 0x20, 0x31, 0x70, 0x78,
    0x20, 0x73, 0x6f, 0x6c, 0x69, 0x64, 0x20, 0x76, 0x61, 0x72, 0x28, 0x2d,
    0x2d, 0x6c, 0x69, 0x6e, 0x65, 0x29, 0x3b, 0x0a, 0x20, 0x20, 0x62, 0x6f,
    0x72, 0x64, 0x65, 0x72, 0x2d, 0x72, 0x61, 0x64, 0x69, 0x75, 0x73, 0x3a,
    0x20, 0x31, 0x30, 0x70, 0x78, 0x3b, 0x0a, 0x20, 0x20, 0x62, 0x61, 0x63,
    0x6b, 0x67, 0x72, 0x6f, 0x75, 0x6e, 0x64, 0x3a, 0x20, 0x76, 0x61, 0x72,
    0x28, 0x2d, 0x2d, 0x6c, 0x69, 0x6e, 0x65, 0x29, 0x3b, 0x0a, 0x7d, 0x0a,
    0x0a, 0x2e, 0x6a, 0x6f, 0x62, 0x2d, 0x73, 0x74, 0x72, 0x69, 0x70, 0x20,
    0x3e, 0x20, 0x64, 0x69, 0x76, 0x20, 0x7b, 0x0a, 0x20, 0x20, 0x6d, 0x69,
    0x6e, 0x2d, 0x77, 0x69, 0x64, 0x74, 0x68, 0x3a, 0x20, 0x30, 0x3b, 0x0a,
    0x20, 0x20, 0x70, 0x61, 0x64, 0x64, 0x69, 0x6e, 0x67, 0x3a, 0x20, 0x30,
    0x2e, 0x38, 0x35, 0x72, 0x65, 0x6d, 0x3b, 0x0a, 0x20, 0x20, 0x62, 0x61,
    0x63, 0x6b, 0x67, 0x72, 0x6f, 0x75, 0x6e, 0x64, 0x3a, 0x20, 0x72, 0x67,
    0x62, 0x61, 0x28, 0x35, 0x2c, 0x20, 0x31, 0x33, 0x2c, 0x20, 0x31, 0x31,
    0x2c, 0x20, 0x30, 0x2e, 0x37, 0x29, 0x3b, 0x0a, 0x7d, 0x0a, 0x0a, 0x2e,
    0x6a, 0x6f, 0x62, 0x2d, 0x73, 0x74, 0x72, 0x69, 0x70, 0x20, 0x73, 0x70,
    0x61, 0x6e, 0x2c, 0x0a, 0x2e, 0x6a, 0x6f, 0x62, 0x2d, 0x73, 0x74, 0x72,
    0x69, 0x70, 0x20, 0x73, 0x74, 0x72, 0x6f, 0x6e, 0x67, 0x20, 0x7b, 0x0a,
    0x20, 0x20, 0x64, 0x69, 0x73, 0x70, 0x6c, 0x61, 0x79, 0x3a, 0x20, 0x62,
    0x6c, 0x6f, 0x63, 0x6b, 0x3b, 0x0a, 0x20, 0x20, 0x6f, 0x76, 0x65, 0x72,
    0x66, 0x6c, 0x6f, 0x77, 0x3a, 0x20, 0x68, 0x69, 0x64, 0x64, 0x65, 0x6e,
    0x3b, 0x0a, 0x20, 0x20, 0x74, 0x65, 0x78, 0x74, 0x2d, 0x6f, 0x76, 0x65,
    0x72, 0x66, 0x6c, 0x6f, 0x77, 0x3a, 0x20, 0x65, 0x6c, 0x6c, 0x69, 0x70,
    0x73, 0x69, 0x73, 0x3b, 0x0a, 0x20, 0x20, 0x77, 0x68, 0x69, 0x74, 0x65,
    0x2d, 0x73, 0x70, 0x61, 0x63, 0x65, 0x3a, 0x20, 0x6e, 0x6f, 0x77, 0x72,
    0x61, 0x70, 0x3b, 0x0a, 0x7d, 0x0a, 0x0a, 0x2e, 0x6a, 0x6f, 0x62, 0x2d,
    0x73, 0x74, 0x72, 0x69, 0x70, 0x20, 0x73, 0x70, 0x61, 0x6e, 0x20, 0x7b,
    0x0a, 0x20, 0x20, 0x6d, 0x61, 0x72, 0x67, 0x69, 0x6e, 0x2d, 0x62, 0x6f,
    0x74, 0x74, 0x6f, 0x6d, 0x3a, 0x20, 0x30, 0x2e, 0x33, 0x35, 0x72, 0x65,
    0x6d, 0x3b, 0x0a, 0x20, 0x20, 0x63, 0x6f, 0x6c, 0x6f, 0x72, 0x3a, 0x20,
    0x76, 0x61, 0x72, 0x28, 0x2d, 0x2d, 0x6d, 0x75, 0x74, 0x65, 0x64, 0x29,
    0x3b, 0x0a, 0x20, 0x20, 0x66, 0x6f, 0x6e, 0x74, 0x2d, 0x73, 0x69, 0x7a,
    0x65, 0x3a, 0x20, 0x30, 0x2e, 0x36, 0x72, 0x65, 0x6d, 0x3b, 0x0a, 0x20,
    0x20, 0x6c, 0x65, 0x74, 0x74, 0x65, 0x72, 0x2d, 0x73, 0x70, 0x61, 0x63,
    0x69, 0x6e, 0x67, 0x3a, 0x20, 0x30, 0x2e, 0x30, 0x36, 0x65, 0x6d, 0x3b,
    0x0a, 0x20, 0x20, 0x74, 0x65, 0x78, 0x74, 0x2d, 0x74, 0x72, 0x61, 0x6e,
    0x73, 0x66, 0x6f, 0x72, 0x6d, 0x3a, 0x20, 0x75, 0x70, 0x70, 0x65, 0x72,
    0x63, 0x61, 0x73, 0x65, 0x3b, 0x0a, 0x7d, 0x0a, 0x0a, 0x2e, 0x6a, 0x6f,
    0x62, 0x2d, 0x73, 0x74, 0x72, 0x69, 0x70, 0x20, 0x73, 0x74, 0x72, 0x6f,
    0x6e, 0x67, 0x20, 0x7b, 0x0a, 0x20, 0x20, 0x66, 0x6f, 0x6e, 0x74, 0x2d,
    0x66, 0x61, 0x6d, 0x69, 0x6c, 0x79, 0x3a, 0x20, 0x22, 0x53, 0x46, 0x4d,
    0x6f, 0x6e, 0x6f, 0x2d, 0x52, 0x65, 0x67, 0x75, 0x6c, 0x61, 0x72, 0x22,
    0x2c, 0x20, 0x43, 0x6f, 0x6e, 0x73, 0x6f, 0x6c, 0x61, 0x73, 0x2c, 0x20,
    0x6d, 0x6f, 0x6e, 0x6f, 0x73, 0x70, 0x61, 0x63, 0x65, 0x3b, 0x0a, 0x20,
    0x20, 0x66, 0x6f, 0x6e, 0x74, 0x2d, 0x73, 0x69, 0x7a, 0x65, 0x3a, 0x20,
    0x30, 0x2e, 0x37, 0x36, 0x72, 0x65, 0x6d, 0x3b, 0x0a, 0x20, 0x20, 0x66,
    0x6f, 0x6e, 0x74, 0x2d, 0x77, 0x65, 0x69, 0x67, 0x68, 0x74, 0x3a, 0x20,
    0x36, 0x35, 0x30, 0x3b, 0x0a, 0x7d, 0x0a, 0x0a, 0x2e, 0x70, 0x72, 0x6f,
    0x67, 0x72, 0x65, 0x73, 0x73, 0x2d, 0x74, 0x72, 0x61, 0x63, 0x6b, 0x20,
    0x7b, 0x0a, 0x20, 0x20, 0x68, 0x65, 0x69, 0x67, 0x68, 0x74, 0x3a, 0x20,
    0x33, 0x70, 0x78, 0x3b, 0x0a, 0x20, 0x20, 0x6d, 0x61, 0x72, 0x67, 0x69,
    0x6e, 0x3a, 0x20, 0x31, 0x72, 0x65, 0x6d, 0x20, 0x30, 0x20, 0x31, 0x2e,
    0x33, 0x35, 0x72, 0x65, 0x6d, 0x3b, 0x0a, 0x20, 0x20, 0x6f, 0x76, 0x65,
    0x72, 0x66, 0x6c, 0x6f, 0x77, 0x3a, 0x20, 0x68, 0x69, 0x64, 0x64, 0x65,
    0x6e, 0x3b, 0x0a, 0x20, 0x20, 0x62, 0x6f, 0x72, 0x64, 0x65, 0x72, 0x2d,
    0x72, 0x61, 0x64, 0x69, 0x75, 0x73, 0x3a, 0x20, 0x39, 0x39, 0x39, 0x70,
    0x78, 0x3b, 0x0a, 0x20, 0x20, 0x62, 0x61, 0x63, 0x6b, 0x67, 0x72, 0x6f,
    0x75, 0x6e, 0x64, 0x3a, 0x20, 0x72, 0x67, 0x62, 0x61, 0x28, 0x32, 0x35,
    0x35, 0x2c, 0x20, 0x32, 0x35, 0x35, 0x2c, 0x20, 0x32, 0x35, 0x35, 0x2c,
    0x20, 0x30, 0x2e, 0x30, 0x36, 0x29, 0x3b, 0x0a, 0x7d, 0x0a, 0x0a, 0x2e,
    0x70, 0x72, 0x6f, 0x67, 0x72, 0x65, 0x73, 0x73, 0x2d, 0x74, 0x72, 0x61,
    0x63, 0x6b, 0x20, 0x73, 0x70, 0x61, 0x6e, 0x20, 0x7b, 0x0a, 0x20, 0x20,
    0x64, 0x69, 0x73, 0x70, 0x6c, 0x61, 0x79, 0x3a, 0x20, 0x62, 0x6c, 0x6f,
    0x63, 0x6b, 0x3b, 0x0a, 0x20, 0x20, 0x77, 0x69, 0x64, 0x74, 0x68, 0x3a,
    0x20, 0x30, 0x3b, 0x0a, 0x20, 0x20, 0x68, 0x65, 0x69, 0x67, 0x68, 0x74,
    0x3a, 0x20, 0x31, 0x30, 0x30, 0x25, 0x3b, 0x0a, 0x20, 0x20, 0x62, 0x6f,
    0x72, 0x64, 0x65, 0x72, 0x2d, 0x72, 0x61, 0x64, 0x69, 0x75, 0x73, 0x3a,
    0x20, 0x69, 0x6e, 0x68, 0x65, 0x72, 0x69, 0x74, 0x3b, 0x0a, 0x20, 0x20,
    0x62, 0x61, 0x63, 0x6b, 0x67, 0x72, 0x6f, 0x75, 0x6e, 0x64, 0x3a, 0x20,
    0x6c, 0x69, 0x6e, 0x65, 0x61, 0x72, 0x2d, 0x67, 0x72, 0x61, 0x64, 0x69,
    0x65, 0x6e, 0x74, 0x28, 0x39, 0x30, 0x64, 0x65, 0x67, 0x2c, 0x20, 0x76,
    0x61, 0x72, 0x28, 0x2d, 0x2d, 0x67, 0x72, 0x65, 0x65, 0x6e, 0x2d, 0x73,
    0x74, 0x72, 0x6f, 0x6e, 0x67, 0x29, 0x2c, 0x20, 0x76, 0x61, 0x72, 0x28,
    0x2d, 0x2d, 0x67, 0x72, 0x65, 0x65, 0x6e, 0x29, 0x29, 0x3b, 0x0a, 0x20,
    0x20, 0x62, 0x6f, 0x78, 0x2d, 0x73, 0x68, 0x61, 0x64, 0x6f, 0x77, 0x3a,
    0x20, 0x30, 0x20, 0x30, 0x20, 0x31, 0x34, 0x70, 0x78, 0x20, 0x72, 0x67,
    0x62, 0x61, 0x28, 0x31, 0x31, 0x34, 0x2c, 0x20, 0x32, 0x34, 0x32, 0x2c,
    0x20, 0x31, 0x37, 0x37, 0x2c, 0x20, 0x30, 0x2e, 0x35, 0x29, 0x3b, 0x0a,
    0x20, 0x20, 0x74, 0x72, 0x61, 0x6e, 0x73, 0x69, 0x74, 0x69, 0x6f, 0x6e,
    0x3a, 0x20, 0x77, 0x69, 0x64, 0x74, 0x68, 0x20, 0x33, 0x30, 0x30, 0x6d,
    0x73, 0x20, 0x65, 0x61, 0x73, 0x65, 0x3b, 0x0a, 0x7d, 0x0a, 0x0a, 0x2e,
    0x6f, 0x75, 0x74, 0x70, 0x75, 0x74, 0x2d, 0x62, 0x6c, 0x6f, 0x63, 0x6b,
    0x2c, 0x0a, 0x2e, 0x74, 0x6f, 0x6b, 0x65, 0x6e, 0x2d, 0x62, 0x6c, 0x6f,
    0x63, 0x6b, 0x20, 0x7b, 0x0a, 0x20, 0x20, 0x6d, 0x61, 0x72, 0x67, 0x69,
    0x6e, 0x2d, 0x74, 0x6f, 0x70, 0x3a, 0x20, 0x31, 0x2e, 0x31, 0x72, 0x65,
    0x6d, 0x3b, 0x0a, 0x7d, 0x0a, 0x0a, 0x2e, 0x6f, 0x75, 0x74, 0x70, 0x75,
    0x74, 0x2d, 0x6c, 0x61, 0x62, 0x65, 0x6c, 0x20, 0x7b, 0x0a, 0x20, 0x20,
    0x64, 0x69, 0x73, 0x70, 0x6c, 0x61, 0x79, 0x3a, 0x20, 0x66, 0x6c, 0x65,
    0x78, 0x3b, 0x0a, 0x20, 0x20, 0x61, 0x6c, 0x69, 0x67, 0x6e, 0x2d, 0x69,
    0x74, 0x65, 0x6d, 0x73, 0x3a, 0x20, 0x63, 0x65, 0x6e, 0x74, 0x65, 0x72,
    0x3b, 0x0a, 0x20, 0x20, 0x6a, 0x75, 0x73, 0x74, 0x69, 0x66, 0x79, 0x2d,
    0x63, 0x6f, 0x6e, 0x74, 0x65, 0x6e, 0x74, 0x3a, 0x20, 0x73, 0x70, 0x61,
    0x63, 0x65, 0x2d, 0x62, 0x65, 0x74, 0x77, 0x65, 0x65, 0x6e, 0x3b, 0x0a,
    0x20, 0x20, 0x67, 0x61, 0x70, 0x3a, 0x20, 0x31, 0x72, 0x65, 0x6d, 0x3b,
    0x0a, 0x20, 0x20, 0x6d, 0x61, 0x72, 0x67, 0x69, 0x6e, 0x2d, 0x62, 0x6f,
    0x74, 0x74, 0x6f, 0x6d, 0x3a, 0x20, 0x30, 0x2e, 0x35, 0x35, 0x72, 0x65,
    0x6d, 0x3b, 0x0a, 0x20, 0x20, 0x63, 0x6f, 0x6c, 0x6f, 0x72, 0x3a, 0x20,
    0x76, 0x61, 0x72, 0x28, 0x2d, 0x2d, 0x6d, 0x75, 0x74, 0x65, 0x64, 0x29,
    0x3b, 0x0a, 0x20, 0x20, 0x66, 0x6f, 0x6e, 0x74, 0x2d, 0x73, 0x69, 0x7a,
    0x65, 0x3a, 0x20, 0x30, 0x2e, 0x36, 0x35, 0x72, 0x65, 0x6d, 0x3b, 0x0a,
    0x20, 0x20, 0x66, 0x6f, 0x6e, 0x74, 0x2d, 0x77, 0x65, 0x69, 0x67, 0x68,
    0x74, 0x3a, 0x20, 0x36, 0x38, 0x30, 0x3b, 0x0a, 0x20, 0x20, 0x6c, 0x65,
    0x74, 0x74, 0x65, 0x72, 0x2d, 0x73, 0x70, 0x61, 0x63, 0x69, 0x6e, 0x67,
    0x3a, 0x20, 0x30, 0x2e, 0x30, 0x35, 0x35, 0x65, 0x6d, 0x3b, 0x0a, 0x20,
    0x20, 0x74, 0x65, 0x78, 0x74, 0x2d, 0x74, 0x72, 0x61, 0x6e, 0x73, 0x66,
    0x6f, 0x72, 0x6d, 0x3a, 0x20, 0x75, 0x70, 0x70, 0x65, 0x72, 0x63, 0x61,
    0x73, 0x65, 0x3b, 0x0a, 0x7d, 0x0a, 0x0a, 0x2e, 0x6f, 0x75, 0x74, 0x70,
    0x75, 0x74, 0x2d, 0x74, 0x65, 0x78, 0x74, 0x20, 0x7b, 0x0a, 0x20, 0x20,
    0x6d, 0x69, 0x6e, 0x2d, 0x68, 0x65, 0x69, 0x67, 0x68, 0x74, 0x3a, 0x20,
    0x31, 0x35, 0x34, 0x70, 0x78, 0x3b, 0x0a, 0x20, 0x20, 0x6d, 0x61, 0x78,
    0x2d, 0x68, 0x65, 0x69, 0x67, 0x68, 0x74, 0x3a, 0x20, 0x32, 0x35, 0x30,
    0x70, 0x78, 0x3b, 0x0a, 0x20, 0x20, 0x6d, 0x61, 0x72, 0x67, 0x69, 0x6e,
    0x3a, 0x20, 0x30, 0x3b, 0x0a, 0x20, 0x20, 0x70, 0x61, 0x64, 0x64, 0x69,
    0x6e, 0x67, 0x3a, 0x20, 0x31, 0x72, 0x65, 0x6d, 0x3b, 0x0a, 0x20, 0x20,
    0x6f, 0x76, 0x65, 0x72, 0x66, 0x6c, 0x6f, 0x77, 0x3a, 0x20, 0x61, 0x75,
    0x74, 0x6f, 0x3b, 0x0a, 0x20, 0x20, 0x62, 0x6f, 0x72, 0x64, 0x65, 0x72,
    0x3a, 0x20, 0x31, 0x70, 0x78, 0x20, 0x73, 0x6f, 0x6c, 0x69, 0x64, 0x20,
    0x76, 0x61, 0x72, 0x28, 0x2d, 0x2d, 0x6c, 0x69, 0x6e, 0x65, 0x29, 0x3b,
    0x0a, 0x20, 0x20, 0x62, 0x6f, 0x72, 0x64, 0x65, 0x72, 0x2d, 0x72, 0x61,
    0x64, 0x69, 0x75, 0x73, 0x3a, 0x20, 0x31, 0x30, 0x70, 0x78, 0x3b, 0x0a,
    0x20, 0x20, 0x63, 0x6f, 0x6c, 0x6f, 0x72, 0x3a, 0x20, 0x23, 0x66, 0x32,
    0x66, 0x66, 0x66, 0x39, 0x3b, 0x0a, 0x20, 0x20, 0x62, 0x61, 0x63, 0x6b,
    0x67, 0x72, 0x6f, 0x75, 0x6e, 0x64, 0x3a, 0x20, 0x72, 0x67, 0x62, 0x61,
    0x28, 0x33, 0x2c, 0x20, 0x39, 0x2c, 0x20, 0x38, 0x2c, 0x20, 0x30, 0x2e,
    0x37, 0x29, 0x3b, 0x0a, 0x20, 0x20, 0x66, 0x6f, 0x6e, 0x74, 0x2d, 0x66,
    0x61, 0x6d, 0x69, 0x6c, 0x79, 0x3a, 0x20, 0x22, 0x53, 0x46, 0x4d, 0x6f,
    0x6e, 0x6f, 0x2d, 0x52, 0x65, 0x67, 0x75, 0x6c, 0x61, 0x72, 0x22, 0x2c,
    0x20, 0x43, 0x6f, 0x6e, 0x73, 0x6f, 0x6c, 0x61, 0x73, 0x2c, 0x20, 0x22,
    0x4c, 0x69, 0x62, 0x65, 0x72, 0x61, 0x74, 0x69, 0x6f, 0x6e, 0x20, 0x4d,
    0x6f, 0x6e, 0x6f, 0x22, 0x2c, 0x20, 0x6d, 0x6f, 0x6e, 0x6f, 0x73, 0x70,
    0x61, 0x63, 0x65, 0x3b, 0x0a, 0x20, 0x20, 0x66, 0x6f, 0x6e, 0x74, 0x2d,
    0x73, 0x69, 0x7a, 0x65, 0x3a, 0x20, 0x30, 0x2e, 0x38, 0x34, 0x72, 0x65,
    0x6d, 0x3b, 0x0a, 0x20, 0x20, 0x6c, 0x69, 0x6e, 0x65, 0x2d, 0x68, 0x65,
    0x69, 0x67, 0x68, 0x74, 0x3a, 0x20, 0x31, 0x2e, 0x36, 0x35, 0x3b, 0x0a,
    0x20, 0x20, 0x77, 0x68, 0x69, 0x74, 0x65, 0x2d, 0x73, 0x70, 0x61, 0x63,
    0x65, 0x3a, 0x20, 0x70, 0x72, 0x65, 0x2d, 0x77, 0x72, 0x61, 0x70, 0x3b,
    0x0a, 0x20, 0x20, 0x6f, 0x76, 0x65, 0x72, 0x66, 0x6c, 0x6f, 0x77, 0x2d,
    0x77, 0x72, 0x61, 0x70, 0x3a, 0x20, 0x61, 0x6e, 0x79, 0x77, 0x68, 0x65,
    0x72, 0x65, 0x3b, 0x0a, 0x7d, 0x0a, 0x0a, 0x2e, 0x70, 0x6c, 0x61, 0x63,
    0x65, 0x68, 0x6f, 0x6c, 0x64, 0x65, 0x72, 0x20, 0x7b, 0x0a, 0x20, 0x20,
    0x63, 0x6f, 0x6c, 0x6f, 0x72, 0x3a, 0x20, 0x23, 0x35, 0x66, 0x37, 0x35,
    0x36, 0x64, 0x3b, 0x0a, 0x7d, 0x0a, 0x0a, 0x2e, 0x74, 0x6f, 0x6b, 0x65,
    0x6e, 0x2d, 0x74, 0x61, 0x62, 0x6c, 0x65, 0x2d, 0x77, 0x72, 0x61, 0x70,
    0x20, 0x7b, 0x0a, 0x20, 0x20, 0x6d, 0x61, 0x78, 0x2d, 0x68, 0x65, 0x69,
    0x67, 0x68, 0x74, 0x3a, 0x20, 0x32, 0x31, 0x35, 0x70, 0x78, 0x3b, 0x0a,
    0x20, 0x20, 0x6f, 0x76, 0x65, 0x72, 0x66, 0x6c, 0x6f, 0x77, 0x3a, 0x20,
    0x61, 0x75, 0x74, 0x6f, 0x3b, 0x0a, 0x20, 0x20, 0x62, 0x6f, 0x72, 0x64,
    0x65, 0x72, 0x3a, 0x20, 0x31, 0x70, 0x78, 0x20, 0x73, 0x6f, 0x6c, 0x69,
    0x64, 0x20, 0x76, 0x61, 0x72, 0x28, 0x2d, 0x2d, 0x6c, 0x69, 0x6e, 0x65,
    0x29, 0x3b, 0x0a, 0x20, 0x20, 0x62, 0x6f, 0x72, 0x64, 0x65, 0x72, 0x2d,
    0x72, 0x61, 0x64, 0x69, 0x75, 0x73, 0x3a, 0x20, 0x31, 0x30, 0x70, 0x78,
    0x3b, 0x0a, 0x7d, 0x0a, 0x0a, 0x2e, 0x74, 0x6f, 0x6b, 0x65, 0x6e, 0x2d,
    0x74, 0x61, 0x62, 0x6c, 0x65, 0x20, 0x7b, 0x0a, 0x20, 0x20, 0x77, 0x69,
    0x64, 0x74, 0x68, 0x3a, 0x20, 0x31, 0x30, 0x30, 0x25, 0x3b, 0x0a, 0x20,
    0x20, 0x62, 0x6f, 0x72, 0x64, 0x65, 0x72, 0x2d, 0x63, 0x6f, 0x6c, 0x6c,
    0x61, 0x70, 0x73, 0x65, 0x3a, 0x20, 0x63, 0x6f, 0x6c, 0x6c, 0x61, 0x70,
    0x73, 0x65, 0x3b, 0x0a, 0x20, 0x20, 0x66, 0x6f, 0x6e, 0x74, 0x2d, 0x66,
    0x61, 0x6d, 0x69, 0x6c, 0x79, 0x3a, 0x20, 0x22, 0x53, 0x46, 0x4d, 0x6f,
    0x6e, 0x6f, 0x2d, 0x52, 0x65, 0x67, 0x75, 0x6c, 0x61, 0x72, 0x22, 0x2c,
    0x20, 0x43, 0x6f, 0x6e, 0x73, 0x6f, 0x6c, 0x61, 0x73, 0x2c, 0x20, 0x6d,
    0x6f, 0x6e, 0x6f, 0x73, 0x70, 0x61, 0x63, 0x65, 0x3b, 0x0a, 0x20, 0x20,
    0x66, 0x6f, 0x6e, 0x74, 0x2d, 0x73, 0x69, 0x7a, 0x65, 0x3a, 0x20, 0x30,
    0x2e, 0x37, 0x72, 0x65, 0x6d, 0x3b, 0x0a, 0x20, 0x20, 0x66, 0x6f, 0x6e,
    0x74, 0x2d, 0x76, 0x61, 0x72, 0x69, 0x61, 0x6e, 0x74, 0x2d, 0x6e, 0x75,
    0x6d, 0x65, 0x72, 0x69, 0x63, 0x3a, 0x20, 0x74, 0x61, 0x62, 0x75, 0x6c,
    0x61, 0x72, 0x2d, 0x6e, 0x75, 0x6d, 0x73, 0x3b, 0x0a, 0x7d, 0x0a, 0x0a,
    0x2e, 0x74, 0x6f, 0x6b, 0x65, 0x6e, 0x2d, 0x74, 0x61, 0x62, 0x6c, 0x65,
    0x20, 0x74, 0x68, 0x2c, 0x0a, 0x2e, 0x74, 0x6f, 0x6b, 0x65, 0x6e, 0x2d,
    0x74, 0x61, 0x62, 0x6c, 0x65, 0x20, 0x74, 0x64, 0x20, 0x7b, 0x0a, 0x20,
    0x20, 0x70, 0x61, 0x64, 0x64, 0x69, 0x6e, 0x67, 0x3a, 0x20, 0x30, 0x2e,
    0x36, 0x35, 0x72, 0x65, 0x6d, 0x20, 0x30, 0x2e, 0x38, 0x72, 0x65, 0x6d,
    0x3b, 0x0a, 0x20, 0x20, 0x62, 0x6f, 0x72, 0x64, 0x65, 0x72, 0x2d, 0x62,
    0x6f, 0x74, 0x74, 0x6f, 0x6d, 0x3a, 0x20, 0x31, 0x70, 0x78, 0x20, 0x73,
    0x6f, 0x6c, 0x69, 0x64, 0x20, 0x72, 0x67, 0x62, 0x61, 0x28, 0x31, 0x39,
    0x32, 0x2c, 0x20, 0x32, 0x33, 0x35, 0x2c, 0x20, 0x32, 0x31, 0x38, 0x2c,
    0x20, 0x30, 0x2e, 0x30, 0x38, 0x29, 0x3b, 0x0a, 0x20, 0x20, 0x74, 0x65,
    0x78, 0x74, 0x2d, 0x61, 0x6c, 0x69, 0x67, 0x6e, 0x3a, 0x20, 0x72, 0x69,
    0x67, 0x68, 0x74, 0x3b, 0x0a, 0x7d, 0x0a, 0x0a, 0x2e, 0x74, 0x6f, 0x6b,
    0x65, 0x6e, 0x2d, 0x74, 0x61, 0x62, 0x6c, 0x65, 0x20, 0x74, 0x68, 0x3a,
    0x66, 0x69, 0x72, 0x73, 0x74, 0x2d, 0x63, 0x68, 0x69, 0x6c, 0x64, 0x2c,
    0x0a, 0x2e, 0x74, 0x6f, 0x6b, 0x65, 0x6e, 0x2d, 0x74, 0x61, 0x62, 0x6c,
    0x65, 0x20, 0x74, 0x64, 0x3a, 0x66, 0x69, 0x72, 0x73, 0x74, 0x2d, 0x63,
    0x68, 0x69, 0x6c, 0x64, 0x20, 0x7b, 0x0a, 0x20, 0x20, 0x77, 0x69, 0x64,
    0x74, 0x68, 0x3a, 0x20, 0x31, 0x38, 0x25, 0x3b, 0x0a, 0x20, 0x20, 0x63,
    0x6f, 0x6c, 0x6f, 0x72, 0x3a, 0x20, 0x76, 0x61, 0x72, 0x28, 0x2d, 0x2d,
    0x6d, 0x75, 0x74, 0x65, 0x64, 0x29, 0x3b, 0x0a, 0x20, 0x20, 0x74, 0x65,
    0x78, 0x74, 0x2d, 0x61, 0x6c, 0x69, 0x67, 0x6e, 0x3a, 0x20, 0x6c, 0x65,
    0x66, 0x74, 0x3b, 0x0a, 0x7d, 0x0a, 0x0a, 0x2e, 0x74, 0x6f, 0x6b, 0x65,
    0x6e, 0x2d, 0x74, 0x61, 0x62, 0x6c, 0x65, 0x20, 0x74, 0x68, 0x20, 0x7b,
    0x0a, 0x20, 0x20, 0x70, 0x6f, 0x73, 0x69, 0x74, 0x69, 0x6f, 0x6e, 0x3a,
    0x20, 0x73, 0x74, 0x69, 0x63, 0x6b, 0x79, 0x3b, 0x0a, 0x20, 0x20, 0x74,
    0x6f, 0x70, 0x3a, 0x20, 0x30, 0x3b, 0x0a, 0x20, 0x20, 0x63, 0x6f, 0x6c,
    0x6f, 0x72, 0x3a, 0x20, 0x76, 0x61, 0x72, 0x28, 0x2d, 0x2d, 0x6d, 0x75,
    0x74, 0x65, 0x64, 0x29, 0x3b, 0x0a, 0x20, 0x20, 0x62, 0x61, 0x63, 0x6b,
    0x67, 0x72, 0x6f, 0x75, 0x6e, 0x64, 0x3a, 0x20, 0x23, 0x30, 0x62, 0x31,
    0x36, 0x31, 0x33, 0x3b, 0x0a, 0x20, 0x20, 0x66, 0x6f, 0x6e, 0x74, 0x2d,
    0x73, 0x69, 0x7a, 0x65, 0x3a, 0x20, 0x30, 0x2e, 0x35, 0x38, 0x72, 0x65,
    0x6d, 0x3b, 0x0a, 0x20, 0x20, 0x66, 0x6f, 0x6e, 0x74, 0x2d, 0x77, 0x65,
    0x69, 0x67, 0x68, 0x74, 0x3a, 0x20, 0x37, 0x30, 0x30, 0x3b, 0x0a, 0x20,
    0x20, 0x6c, 0x65, 0x74, 0x74, 0x65, 0x72, 0x2d, 0x73, 0x70, 0x61, 0x63,
    0x69, 0x6e, 0x67, 0x3a, 0x20, 0x30, 0x2e, 0x30, 0x36, 0x65, 0x6d, 0x3b,
    0x0a, 0x20, 0x20, 0x74, 0x65, 0x78, 0x74, 0x2d, 0x74, 0x72, 0x61, 0x6e,
    0x73, 0x66, 0x6f, 0x72, 0x6d, 0x3a, 0x20, 0x75, 0x70, 0x70, 0x65, 0x72,
    0x63, 0x61, 0x73, 0x65, 0x3b, 0x0a, 0x7d, 0x0a, 0x0a, 0x2e, 0x74, 0x6f,
    0x6b, 0x65, 0x6e, 0x2d, 0x74, 0x61, 0x62, 0x6c, 0x65, 0x20, 0x74, 0x62,
    0x6f, 0x64, 0x79, 0x20, 0x74, 0x72, 0x3a, 0x6c, 0x61, 0x73, 0x74, 0x2d,
    0x63, 0x68, 0x69, 0x6c, 0x64, 0x20, 0x74, 0x64, 0x20, 0x7b, 0x0a, 0x20,
    0x20, 0x62, 0x6f, 0x72, 0x64, 0x65, 0x72, 0x2d, 0x62, 0x6f, 0x74, 0x74,
    0x6f, 0x6d, 0x3a, 0x20, 0x30, 0x3b, 0x0a, 0x7d, 0x0a, 0x0a, 0x2e, 0x74,
    0x6f, 0x6b, 0x65, 0x6e, 0x2d, 0x74, 0x61, 0x62, 0x6c, 0x65, 0x20, 0x74,
    0x62, 0x6f, 0x64, 0x79, 0x20, 0x74, 0x72, 0x3a, 0x6e, 0x6f, 0x74, 0x28,
    0x2e, 0x65, 0x6d, 0x70, 0x74, 0x79, 0x2d, 0x72, 0x6f, 0x77, 0x29, 0x3a,
    0x68, 0x6f, 0x76, 0x65, 0x72, 0x20, 0x7b, 0x0a, 0x20, 0x20, 0x62, 0x61,
    0x63, 0x6b, 0x67, 0x72, 0x6f, 0x75, 0x6e, 0x64, 0x3a, 0x20, 0x72, 0x67,
    0x62, 0x61, 0x28, 0x31, 0x31, 0x34, 0x2c, 0x20, 0x32, 0x34, 0x32, 0x2c,
    0x20, 0x31, 0x37, 0x37, 0x2c, 0x20, 0x30, 0x2e, 0x30, 0x33, 0x35, 0x29,
    0x3b, 0x0a, 0x7d, 0x0a, 0x0a, 0x2e, 0x65, 0x6d, 0x70, 0x74, 0x79, 0x2d,
    0x72, 0x6f, 0x77, 0x20, 0x74, 0x64, 0x20, 0x7b, 0x0a, 0x20, 0x20, 0x68,
    0x65, 0x69, 0x67, 0x68, 0x74, 0x3a, 0x20, 0x36, 0x32, 0x70, 0x78, 0x3b,
    0x0a, 0x20, 0x20, 0x63, 0x6f, 0x6c, 0x6f, 0x72, 0x3a, 0x20, 0x23, 0x35,
    0x66, 0x37, 0x35, 0x36, 0x64, 0x3b, 0x0a, 0x20, 0x20, 0x74, 0x65, 0x78,
    0x74, 0x2d, 0x61, 0x6c, 0x69, 0x67, 0x6e, 0x3a, 0x20, 0x63, 0x65, 0x6e,
    0x74, 0x65, 0x72, 0x20, 0x21, 0x69, 0x6d, 0x70, 0x6f, 0x72, 0x74, 0x61,
    0x6e, 0x74, 0x3b, 0x0a, 0x7d, 0x0a, 0x0a, 0x2e, 0x72, 0x75, 0x6e, 0x74,
    0x69, 0x6d, 0x65, 0x2d, 0x6d, 0x65, 0x73, 0x73, 0x61, 0x67, 0x65, 0x20,
    0x7b, 0x0a, 0x20, 0x20, 0x6d, 0x61, 0x72, 0x67, 0x69, 0x6e, 0x2d, 0x74,
    0x6f, 0x70, 0x3a, 0x20, 0x31, 0x72, 0x65, 0x6d, 0x3b, 0x0a, 0x20, 0x20,
    0x70, 0x61, 0x64, 0x64, 0x69, 0x6e, 0x67, 0x3a, 0x20, 0x30, 0x2e, 0x37,
    0x32, 0x72, 0x65, 0x6d, 0x20, 0x30, 0x2e, 0x38, 0x35, 0x72, 0x65, 0x6d,
    0x3b, 0x0a, 0x20, 0x20, 0x62, 0x6f, 0x72, 0x64, 0x65, 0x72, 0x2d, 0x6c,
    0x65, 0x66, 0x74, 0x3a, 0x20, 0x32, 0x70, 0x78, 0x20, 0x73, 0x6f, 0x6c,
    0x69, 0x64, 0x20, 0x76, 0x61, 0x72, 0x28, 0x2d, 0x2d, 0x6c, 0x69, 0x6e,
    0x65, 0x2d, 0x73, 0x74, 0x72, 0x6f, 0x6e, 0x67, 0x29, 0x3b, 0x0a, 0x20,
    0x20, 0x63, 0x6f, 0x6c, 0x6f, 0x72, 0x3a, 0x20, 0x76, 0x61, 0x72, 0x28,
    0x2d, 0x2d, 0x6d, 0x75, 0x74, 0x65, 0x64, 0x29, 0x3b, 0x0a, 0x20, 0x20,
    0x62, 0x61, 0x63, 0x6b, 0x67, 0x72, 0x6f, 0x75, 0x6e, 0x64, 0x3a, 0x20,
    0x72, 0x67, 0x62, 0x61, 0x28, 0x32, 0x35, 0x35, 0x2c, 0x20, 0x32, 0x35,
    0x35, 0x2c, 0x20, 0x32, 0x35, 0x35, 0x2c, 0x20, 0x30, 0x2e, 0x30, 0x31,
    0x38, 0x29, 0x3b, 0x0a, 0x20, 0x20, 0x66, 0x6f, 0x6e, 0x74, 0x2d, 0x73,
    0x69, 0x7a, 0x65, 0x3a, 0x20, 0x30, 0x2e, 0x36, 0x39, 0x72, 0x65, 0x6d,
    0x3b, 0x0a, 0x20, 0x20, 0x6c, 0x69, 0x6e, 0x65, 0x2d, 0x68, 0x65, 0x69,
    0x67, 0x68, 0x74, 0x3a, 0x20, 0x31, 0x2e, 0x35, 0x3b, 0x0a, 0x7d, 0x0a,
    0x0a, 0x2e, 0x72, 0x75, 0x6e, 0x74, 0x69, 0x6d, 0x65, 0x2d, 0x6d, 0x65,
    0x73, 0x73, 0x61, 0x67, 0x65, 0x5b, 0x64, 0x61, 0x74, 0x61, 0x2d, 0x73,
    0x74, 0x61, 0x74, 0x65, 0x3d, 0x22, 0x73, 0x75, 0x63, 0x63, 0x65, 0x73,
    0x73, 0x22, 0x5d, 0x20, 0x7b, 0x0a, 0x20, 0x20, 0x62, 0x6f, 0x72, 0x64,
    0x65, 0x72, 0x2d, 0x63, 0x6f, 0x6c, 0x6f, 0x72, 0x3a, 0x20, 0x76, 0x61,
    0x72, 0x28, 0x2d, 0x2d, 0x67, 0x72, 0x65, 0x65, 0x6e, 0x29, 0x3b, 0x0a,
    0x20, 0x20, 0x63, 0x6f, 0x6c, 0x6f, 0x72, 0x3a, 0x20, 0x23, 0x62, 0x39,
    0x65, 0x38, 0x64, 0x33, 0x3b, 0x0a, 0x7d, 0x0a, 0x0a, 0x2e, 0x72, 0x75,
    0x6e, 0x74, 0x69, 0x6d, 0x65, 0x2d, 0x6d, 0x65, 0x73, 0x73, 0x61, 0x67,
    0x65, 0x5b, 0x64, 0x61, 0x74, 0x61, 0x2d, 0x73, 0x74, 0x61, 0x74, 0x65,
    0x3d, 0x22, 0x77, 0x61, 0x72, 0x6e, 0x69, 0x6e, 0x67, 0x22, 0x5d, 0x20,
    0x7b, 0x0a, 0x20, 0x20, 0x62, 0x6f, 0x72, 0x64, 0x65, 0x72, 0x2d, 0x63,
    0x6f, 0x6c, 0x6f, 0x72, 0x3a, 0x20, 0x76, 0x61, 0x72, 0x28, 0x2d, 0x2d,
    0x61, 0x6d, 0x62, 0x65, 0x72, 0x29, 0x3b, 0x0a, 0x20, 0x20, 0x63, 0x6f,
    0x6c, 0x6f, 0x72, 0x3a, 0x20, 0x23, 0x65, 0x38, 0x64, 0x32, 0x61, 0x61,
    0x3b, 0x0a, 0x7d, 0x0a, 0x0a, 0x2e, 0x72, 0x75, 0x6e, 0x74, 0x69, 0x6d,
    0x65, 0x2d, 0x6d, 0x65, 0x73, 0x73, 0x61, 0x67, 0x65, 0x5b, 0x64, 0x61,
    0x74, 0x61, 0x2d, 0x73, 0x74, 0x61, 0x74, 0x65, 0x3d, 0x22, 0x65, 0x72,
    0x72, 0x6f, 0x72, 0x22, 0x5d, 0x20, 0x7b, 0x0a, 0x20, 0x20, 0x62, 0x6f,
    0x72, 0x64, 0x65, 0x72, 0x2d, 0x63, 0x6f, 0x6c, 0x6f, 0x72, 0x3a, 0x20,
    0x76, 0x61, 0x72, 0x28, 0x2d, 0x2d, 0x72, 0x65, 0x64, 0x29, 0x3b, 0x0a,
    0x20, 0x20, 0x63, 0x6f, 0x6c, 0x6f, 0x72, 0x3a, 0x20, 0x23, 0x65, 0x66,
    0x62, 0x34, 0x62, 0x31, 0x3b, 0x0a, 0x7d, 0x0a, 0x0a, 0x66, 0x6f, 0x6f,
    0x74, 0x65, 0x72, 0x20, 0x7b, 0x0a, 0x20, 0x20, 0x64, 0x69, 0x73, 0x70,
    0x6c, 0x61, 0x79, 0x3a, 0x20, 0x66, 0x6c, 0x65, 0x78, 0x3b, 0x0a, 0x20,
    0x20, 0x6a, 0x75, 0x73, 0x74, 0x69, 0x66, 0x79, 0x2d, 0x63, 0x6f, 0x6e,
    0x74, 0x65, 0x6e, 0x74, 0x3a, 0x20, 0x73, 0x70, 0x61, 0x63, 0x65, 0x2d,
    0x62, 0x65, 0x74, 0x77, 0x65, 0x65, 0x6e, 0x3b, 0x0a, 0x20, 0x20, 0x67,
    0x61, 0x70, 0x3a, 0x20, 0x31, 0x72, 0x65, 0x6d, 0x3b, 0x0a, 0x20, 0x20,
    0x70, 0x61, 0x64, 0x64, 0x69, 0x6e, 0x67, 0x3a, 0x20, 0x31, 0x2e, 0x33,
    0x35, 0x72, 0x65, 0x6d, 0x20, 0x30, 0x20, 0x30, 0x3b, 0x0a, 0x20, 0x20,
    0x63, 0x6f, 0x6c, 0x6f, 0x72, 0x3a, 0x20, 0x23, 0x35, 0x39, 0x37, 0x30,
    0x36, 0x38, 0x3b, 0x0a, 0x20, 0x20, 0x66, 0x6f, 0x6e, 0x74, 0x2d, 0x73,
    0x69, 0x7a, 0x65, 0x3a, 0x20, 0x30, 0x2e, 0x36, 0x32, 0x72, 0x65, 0x6d,
    0x3b, 0x0a, 0x20, 0x20, 0x6c, 0x65, 0x74, 0x74, 0x65, 0x72, 0x2d, 0x73,
    0x70, 0x61, 0x63, 0x69, 0x6e, 0x67, 0x3a, 0x20, 0x30, 0x2e, 0x30, 0x33,
    0x35, 0x65, 0x6d, 0x3b, 0x0a, 0x7d, 0x0a, 0x0a, 0x40, 0x6b, 0x65, 0x79,
    0x66, 0x72, 0x61, 0x6d, 0x65, 0x73, 0x20, 0x70, 0x75, 0x6c, 0x73, 0x65,
    0x20, 0x7b, 0x0a, 0x20, 0x20, 0x30, 0x25, 0x2c, 0x20, 0x31, 0x30, 0x30,
    0x25, 0x20, 0x7b, 0x20, 0x6f, 0x70, 0x61, 0x63, 0x69, 0x74, 0x79, 0x3a,
    0x20, 0x30, 0x2e, 0x34, 0x35, 0x3b, 0x20, 0x74, 0x72, 0x61, 0x6e, 0x73,
    0x66, 0x6f, 0x72, 0x6d, 0x3a, 0x20, 0x73, 0x63, 0x61, 0x6c, 0x65, 0x28,
    0x30, 0x2e, 0x38, 0x35, 0x29, 0x3b, 0x20, 0x7d, 0x0a, 0x20, 0x20, 0x35,
    0x30, 0x25, 0x20, 0x7b, 0x20, 0x6f, 0x70, 0x61, 0x63, 0x69, 0x74, 0x79,
    0x3a, 0x20, 0x31, 0x3b, 0x20, 0x74, 0x72, 0x61, 0x6e, 0x73, 0x66, 0x6f,
    0x72, 0x6d, 0x3a, 0x20, 0x73, 0x63, 0x61, 0x6c, 0x65, 0x28, 0x31, 0x2e,
    0x31, 0x35, 0x29, 0x3b, 0x20, 0x7d, 0x0a, 0x7d, 0x0a, 0x0a, 0x40, 0x6d,
    0x65, 0x64, 0x69, 0x61, 0x20, 0x28, 0x6d, 0x61, 0x78, 0x2d, 0x77, 0x69,
    0x64, 0x74, 0x68, 0x3a, 0x20, 0x39, 0x38, 0x30, 0x70, 0x78, 0x29, 0x20,
    0x7b, 0x0a, 0x20, 0x20, 0x2e, 0x73, 0x68, 0x65, 0x6c, 0x6c, 0x20, 0x7b,
    0x0a, 0x20, 0x20, 0x20, 0x20, 0x77, 0x69, 0x64, 0x74, 0x68, 0x3a, 0x20,
    0x6d, 0x69, 0x6e, 0x28, 0x37, 0x32, 0x30, 0x70, 0x78, 0x2c, 0x20, 0x39,
    0x32, 0x76, 0x77, 0x29, 0x3b, 0x0a, 0x20, 0x20, 0x20, 0x20, 0x70, 0x61,
    0x64, 0x64, 0x69, 0x6e, 0x67, 0x2d, 0x74, 0x6f, 0x70, 0x3a, 0x20, 0x32,
    0x2e, 0x37, 0x72, 0x65, 0x6d, 0x3b, 0x0a, 0x20, 0x20, 0x7d, 0x0a, 0x0a,
    0x20, 0x20, 0x2e, 0x77, 0x6f, 0x72, 0x6b, 0x73, 0x70, 0x61, 0x63, 0x65,
    0x20, 0x7b, 0x0a, 0x20, 0x20, 0x20, 0x20, 0x67, 0x72, 0x69, 0x64, 0x2d,
    0x74, 0x65, 0x6d, 0x70, 0x6c, 0x61, 0x74, 0x65, 0x2d, 0x63, 0x6f, 0x6c,
    0x75, 0x6d, 0x6e, 0x73, 0x3a, 0x20, 0x31, 0x66, 0x72, 0x3b, 0x0a, 0x20,
    0x20, 0x7d, 0x0a, 0x0a, 0x20, 0x20, 0x2e, 0x72, 0x65, 0x73, 0x75, 0x6c,
    0x74, 0x2d, 0x70, 0x61, 0x6e, 0x65, 0x6c, 0x20, 0x7b, 0x0a, 0x20, 0x20,
    0x20, 0x20, 0x6d, 0x69, 0x6e, 0x2d, 0x68, 0x65, 0x69, 0x67, 0x68, 0x74,
    0x3a, 0x20, 0x30, 0x3b, 0x0a, 0x20, 0x20, 0x7d, 0x0a, 0x7d, 0x0a, 0x0a,
    0x40, 0x6d, 0x65, 0x64, 0x69, 0x61, 0x20, 0x28, 0x6d, 0x61, 0x78, 0x2d,
    0x77, 0x69, 0x64, 0x74, 0x68, 0x3a, 0x20, 0x36, 0x34, 0x30, 0x70, 0x78,
    0x29, 0x20, 0x7b, 0x0a, 0x20, 0x20, 0x2e, 0x74, 0x6f, 0x70, 0x62, 0x61,
    0x72, 0x20, 0x7b, 0x0a, 0x20, 0x20, 0x20, 0x20, 0x6d, 0x69, 0x6e, 0x2d,
    0x68, 0x65, 0x69, 0x67, 0x68, 0x74, 0x3a, 0x20, 0x36, 0x36, 0x70, 0x78,
    0x3b, 0x0a, 0x20, 0x20, 0x20, 0x20, 0x70, 0x61, 0x64, 0x64, 0x69, 0x6e,
    0x67, 0x3a, 0x20, 0x30, 0x20, 0x34, 0x76, 0x77, 0x3b, 0x0a, 0x20, 0x20,
    0x7d, 0x0a, 0x0a, 0x20, 0x20, 0x2e, 0x62, 0x72, 0x61, 0x6e, 0x64, 0x20,
    0x73, 0x6d, 0x61, 0x6c, 0x6c, 0x20, 0x7b, 0x0a, 0x20, 0x20, 0x20, 0x20,
    0x64, 0x69, 0x73, 0x70, 0x6c, 0x61, 0x79, 0x3a, 0x20, 0x6e, 0x6f, 0x6e,
    0x65, 0x3b, 0x0a, 0x20, 0x20, 0x7d, 0x0a, 0x0a, 0x20, 0x20, 0x2e, 0x63,
    0x6f, 0x6e, 0x6e, 0x65, 0x63, 0x74, 0x69, 0x6f, 0x6e, 0x20, 0x7b, 0x0a,
    0x20, 0x20, 0x20, 0x20, 0x70, 0x61, 0x64, 0x64, 0x69, 0x6e, 0x67, 0x3a,
    0x20, 0x30, 0x20, 0x30, 0x2e, 0x36, 0x35, 0x72, 0x65, 0x6d, 0x3b, 0x0a,
    0x20, 0x20, 0x7d, 0x0a, 0x0a, 0x20, 0x20, 0x2e, 0x73, 0x68, 0x65, 0x6c,
    0x6c, 0x20, 0x7b, 0x0a, 0x20, 0x20, 0x20, 0x20, 0x77, 0x69, 0x64, 0x74,
    0x68, 0x3a, 0x20, 0x39, 0x34, 0x76, 0x77, 0x3b, 0x0a, 0x20, 0x20, 0x20,
    0x20, 0x70, 0x61, 0x64, 0x64, 0x69, 0x6e, 0x67, 0x2d, 0x74, 0x6f, 0x70,
    0x3a, 0x20, 0x32, 0x72, 0x65, 0x6d, 0x3b, 0x0a, 0x20, 0x20, 0x7d, 0x0a,
    0x0a, 0x20, 0x20, 0x2e, 0x68, 0x65, 0x72, 0x6f, 0x20, 0x7b, 0x0a, 0x20,
    0x20, 0x20, 0x20, 0x64, 0x69, 0x73, 0x70, 0x6c, 0x61, 0x79, 0x3a, 0x20,
    0x62, 0x6c, 0x6f, 0x63, 0x6b, 0x3b, 0x0a, 0x20, 0x20, 0x7d, 0x0a, 0x0a,
    0x20, 0x20, 0x2e, 0x67, 0x68, 0x6f, 0x73, 0x74, 0x2d, 0x62, 0x75, 0x74,
    0x74, 0x6f, 0x6e, 0x20, 0x7b, 0x0a, 0x20, 0x20, 0x20, 0x20, 0x6d, 0x61,
    0x72, 0x67, 0x69, 0x6e, 0x2d, 0x74, 0x6f, 0x70, 0x3a, 0x20, 0x31, 0x2e,
    0x32, 0x35, 0x72, 0x65, 0x6d, 0x3b, 0x0a, 0x20, 0x20, 0x7d, 0x0a, 0x0a,
    0x20, 0x20, 0x2e, 0x63, 0x6f, 0x6d, 0x70, 0x6f, 0x73, 0x65, 0x2d, 0x70,
    0x61, 0x6e, 0x65, 0x6c, 0x2c, 0x0a, 0x20, 0x20, 0x2e, 0x72, 0x65, 0x73,
    0x75, 0x6c, 0x74, 0x2d, 0x70, 0x61, 0x6e, 0x65, 0x6c, 0x20, 0x7b, 0x0a,
    0x20, 0x20, 0x20, 0x20, 0x70, 0x61, 0x64, 0x64, 0x69, 0x6e, 0x67, 0x3a,
    0x20, 0x31, 0x2e, 0x31, 0x72, 0x65, 0x6d, 0x3b, 0x0a, 0x20, 0x20, 0x7d,
    0x0a, 0x0a, 0x20, 0x20, 0x2e, 0x6a, 0x6f, 0x62, 0x2d, 0x73, 0x74, 0x72,
    0x69, 0x70, 0x20, 0x7b, 0x0a, 0x20, 0x20, 0x20, 0x20, 0x67, 0x72, 0x69,
    0x64, 0x2d, 0x74, 0x65, 0x6d, 0x70, 0x6c, 0x61, 0x74, 0x65, 0x2d, 0x63,
    0x6f, 0x6c, 0x75, 0x6d, 0x6e, 0x73, 0x3a, 0x20, 0x31, 0x66, 0x72, 0x20,
    0x31, 0x66, 0x72, 0x3b, 0x0a, 0x20, 0x20, 0x7d, 0x0a, 0x0a, 0x20, 0x20,
    0x2e, 0x67, 0x65, 0x6e, 0x65, 0x72, 0x61, 0x74, 0x69, 0x6f, 0x6e, 0x2d,
    0x73, 0x65, 0x74, 0x74, 0x69, 0x6e, 0x67, 0x73, 0x20, 0x7b, 0x0a, 0x20,
    0x20, 0x20, 0x20, 0x67, 0x72, 0x69, 0x64, 0x2d, 0x74, 0x65, 0x6d, 0x70,
    0x6c, 0x61, 0x74, 0x65, 0x2d, 0x63, 0x6f, 0x6c, 0x75, 0x6d, 0x6e, 0x73,
    0x3a, 0x20, 0x31, 0x66, 0x72, 0x20, 0x37, 0x38, 0x70, 0x78, 0x3b, 0x0a,
    0x20, 0x20, 0x7d, 0x0a, 0x0a, 0x20, 0x20, 0x66, 0x6f, 0x6f, 0x74, 0x65,
    0x72, 0x20, 0x7b, 0x0a, 0x20, 0x20, 0x20, 0x20, 0x64, 0x69, 0x73, 0x70,
    0x6c, 0x61, 0x79, 0x3a, 0x20, 0x67, 0x72, 0x69, 0x64, 0x3b, 0x0a, 0x20,
    0x20, 0x7d, 0x0a, 0x7d, 0x0a, 0x0a, 0x40, 0x6d, 0x65, 0x64, 0x69, 0x61,
    0x20, 0x28, 0x70, 0x72, 0x65, 0x66, 0x65, 0x72, 0x73, 0x2d, 0x72, 0x65,
    0x64, 0x75, 0x63, 0x65, 0x64, 0x2d, 0x6d, 0x6f, 0x74, 0x69, 0x6f, 0x6e,
    0x3a, 0x20, 0x72, 0x65, 0x64, 0x75, 0x63, 0x65, 0x29, 0x20, 0x7b, 0x0a,
    0x20, 0x20, 0x2a, 0x2c, 0x0a, 0x20, 0x20, 0x2a, 0x3a, 0x3a, 0x62, 0x65,
    0x66, 0x6f, 0x72, 0x65, 0x2c, 0x0a, 0x20, 0x20, 0x2a, 0x3a, 0x3a, 0x61,
    0x66, 0x74, 0x65, 0x72, 0x20, 0x7b, 0x0a, 0x20, 0x20, 0x20, 0x20, 0x73,
    0x63, 0x72, 0x6f, 0x6c, 0x6c, 0x2d, 0x62, 0x65, 0x68, 0x61, 0x76, 0x69,
    0x6f, 0x72, 0x3a, 0x20, 0x61, 0x75, 0x74, 0x6f, 0x20, 0x21, 0x69, 0x6d,
    0x70, 0x6f, 0x72, 0x74, 0x61, 0x6e, 0x74, 0x3b, 0x0a, 0x20, 0x20, 0x20,
    0x20, 0x61, 0x6e, 0x69, 0x6d, 0x61, 0x74, 0x69, 0x6f, 0x6e, 0x2d, 0x64,
    0x75, 0x72, 0x61, 0x74, 0x69, 0x6f, 0x6e, 0x3a, 0x20, 0x30, 0x2e, 0x30,
    0x31, 0x6d, 0x73, 0x20, 0x21, 0x69, 0x6d, 0x70, 0x6f, 0x72, 0x74, 0x61,
    0x6e, 0x74, 0x3b, 0x0a, 0x20, 0x20, 0x20, 0x20, 0x61, 0x6e, 0x69, 0x6d,
    0x61, 0x74, 0x69, 0x6f, 0x6e, 0x2d, 0x69, 0x74, 0x65, 0x72, 0x61, 0x74,
    0x69, 0x6f, 0x6e, 0x2d, 0x63, 0x6f, 0x75, 0x6e, 0x74, 0x3a, 0x20, 0x31,
    0x20, 0x21, 0x69, 0x6d, 0x70, 0x6f, 0x72, 0x74, 0x61, 0x6e, 0x74, 0x3b,
    0x0a, 0x20, 0x20, 0x20, 0x20, 0x74, 0x72, 0x61, 0x6e, 0x73, 0x69, 0x74,
    0x69, 0x6f, 0x6e, 0x2d, 0x64, 0x75, 0x72, 0x61, 0x74, 0x69, 0x6f, 0x6e,
    0x3a, 0x20, 0x30, 0x2e, 0x30, 0x31, 0x6d, 0x73, 0x20, 0x21, 0x69, 0x6d,
    0x70, 0x6f, 0x72, 0x74, 0x61, 0x6e, 0x74, 0x3b, 0x0a, 0x20, 0x20, 0x7d,
    0x0a, 0x7d, 0x0a, 0x20, 0x20, 0x3c, 0x2f, 0x73, 0x74, 0x79, 0x6c, 0x65,
    0x3e, 0x0a, 0x3c, 0x2f, 0x68, 0x65, 0x61, 0x64, 0x3e, 0x0a, 0x3c, 0x62,
    0x6f, 0x64, 0x79, 0x3e, 0x0a, 0x20, 0x20, 0x3c, 0x64, 0x69, 0x76, 0x20,
    0x63, 0x6c, 0x61, 0x73, 0x73, 0x3d, 0x22, 0x61, 0x6d, 0x62, 0x69, 0x65,
    0x6e, 0x74, 0x20, 0x61, 0x6d, 0x62, 0x69, 0x65, 0x6e, 0x74, 0x2d, 0x61,
    0x22, 0x20, 0x61, 0x72, 0x69, 0x61, 0x2d, 0x68, 0x69, 0x64, 0x64, 0x65,
    0x6e, 0x3d, 0x22, 0x74, 0x72, 0x75, 0x65, 0x22, 0x3e, 0x3c, 0x2f, 0x64,
    0x69, 0x76, 0x3e, 0x0a, 0x20, 0x20, 0x3c, 0x64, 0x69, 0x76, 0x20, 0x63,
    0x6c, 0x61, 0x73, 0x73, 0x3d, 0x22, 0x61, 0x6d, 0x62, 0x69, 0x65, 0x6e,
    0x74, 0x20, 0x61, 0x6d, 0x62, 0x69, 0x65, 0x6e, 0x74, 0x2d, 0x62, 0x22,
    0x20, 0x61, 0x72, 0x69, 0x61, 0x2d, 0x68, 0x69, 0x64, 0x64, 0x65, 0x6e,
    0x3d, 0x22, 0x74, 0x72, 0x75, 0x65, 0x22, 0x3e, 0x3c, 0x2f, 0x64, 0x69,
    0x76, 0x3e, 0x0a, 0x0a, 0x20, 0x20, 0x3c, 0x68, 0x65, 0x61, 0x64, 0x65,
    0x72, 0x20, 0x63, 0x6c, 0x61, 0x73, 0x73, 0x3d, 0x22, 0x74, 0x6f, 0x70,
    0x62, 0x61, 0x72, 0x22, 0x3e, 0x0a, 0x20, 0x20, 0x20, 0x20, 0x3c, 0x61,
    0x20, 0x63, 0x6c, 0x61, 0x73, 0x73, 0x3d, 0x22, 0x62, 0x72, 0x61, 0x6e,
    0x64, 0x22, 0x20, 0x68, 0x72, 0x65, 0x66, 0x3d, 0x22, 0x2f, 0x22, 0x20,
    0x61, 0x72, 0x69, 0x61, 0x2d, 0x6c, 0x61, 0x62, 0x65, 0x6c, 0x3d, 0x22,
    0x51, 0x4d, 0x41, 0x50, 0x20, 0x46, 0x50, 0x47, 0x41, 0x20, 0x43, 0x6f,
    0x6e, 0x73, 0x6f, 0x6c, 0x65, 0x20, 0x68, 0x6f, 0x6d, 0x65, 0x22, 0x3e,
    0x0a, 0x20, 0x20, 0x20, 0x20, 0x20, 0x20, 0x3c, 0x73, 0x70, 0x61, 0x6e,
    0x20, 0x63, 0x6c, 0x61, 0x73, 0x73, 0x3d, 0x22, 0x62, 0x72, 0x61, 0x6e,
    0x64, 0x2d, 0x6d, 0x61, 0x72, 0x6b, 0x22, 0x20, 0x61, 0x72, 0x69, 0x61,
    0x2d, 0x68, 0x69, 0x64, 0x64, 0x65, 0x6e, 0x3d, 0x22, 0x74, 0x72, 0x75,
    0x65, 0x22, 0x3e, 0x3c, 0x69, 0x3e, 0x3c, 0x2f, 0x69, 0x3e, 0x3c, 0x69,
    0x3e, 0x3c, 0x2f, 0x69, 0x3e, 0x3c, 0x69, 0x3e, 0x3c, 0x2f, 0x69, 0x3e,
    0x3c, 0x2f, 0x73, 0x70, 0x61, 0x6e, 0x3e, 0x0a, 0x20, 0x20, 0x20, 0x20,
    0x20, 0x20, 0x3c, 0x73, 0x70, 0x61, 0x6e, 0x3e, 0x0a, 0x20, 0x20, 0x20,
    0x20, 0x20, 0x20, 0x20, 0x20, 0x3c, 0x73, 0x74, 0x72, 0x6f, 0x6e, 0x67,
    0x3e, 0x51, 0x4d, 0x41, 0x50, 0x3c, 0x2f, 0x73, 0x74, 0x72, 0x6f, 0x6e,
    0x67, 0x3e, 0x0a, 0x20, 0x20, 0x20, 0x20, 0x20, 0x20, 0x20, 0x20, 0x3c,
    0x73, 0x6d, 0x61, 0x6c, 0x6c, 0x3e, 0x46, 0x50, 0x47, 0x41, 0x20, 0x69,
    0x6e, 0x66, 0x65, 0x72, 0x65, 0x6e, 0x63, 0x65, 0x20, 0x63, 0x6f, 0x6e,
    0x73, 0x6f, 0x6c, 0x65, 0x3c, 0x2f, 0x73, 0x6d, 0x61, 0x6c, 0x6c, 0x3e,
    0x0a, 0x20, 0x20, 0x20, 0x20, 0x20, 0x20, 0x3c, 0x2f, 0x73, 0x70, 0x61,
    0x6e, 0x3e, 0x0a, 0x20, 0x20, 0x20, 0x20, 0x3c, 0x2f, 0x61, 0x3e, 0x0a,
    0x20, 0x20, 0x20, 0x20, 0x3c, 0x64, 0x69, 0x76, 0x20, 0x63, 0x6c, 0x61,
    0x73, 0x73, 0x3d, 0x22, 0x63, 0x6f, 0x6e, 0x6e, 0x65, 0x63, 0x74, 0x69,
    0x6f, 0x6e, 0x22, 0x20, 0x69, 0x64, 0x3d, 0x22, 0x63, 0x6f, 0x6e, 0x6e,
    0x65, 0x63, 0x74, 0x69, 0x6f, 0x6e, 0x50, 0x69, 0x6c, 0x6c, 0x22, 0x20,
    0x64, 0x61, 0x74, 0x61, 0x2d, 0x73, 0x74, 0x61, 0x74, 0x65, 0x3d, 0x22,
    0x63, 0x68, 0x65, 0x63, 0x6b, 0x69, 0x6e, 0x67, 0x22, 0x20, 0x61, 0x72,
    0x69, 0x61, 0x2d, 0x6c, 0x69, 0x76, 0x65, 0x3d, 0x22, 0x70, 0x6f, 0x6c,
    0x69, 0x74, 0x65, 0x22, 0x3e, 0x0a, 0x20, 0x20, 0x20, 0x20, 0x20, 0x20,
    0x3c, 0x73, 0x70, 0x61, 0x6e, 0x20, 0x63, 0x6c, 0x61, 0x73, 0x73, 0x3d,
    0x22, 0x63, 0x6f, 0x6e, 0x6e, 0x65, 0x63, 0x74, 0x69, 0x6f, 0x6e, 0x2d,
    0x64, 0x6f, 0x74, 0x22, 0x20, 0x61, 0x72, 0x69, 0x61, 0x2d, 0x68, 0x69,
    0x64, 0x64, 0x65, 0x6e, 0x3d, 0x22, 0x74, 0x72, 0x75, 0x65, 0x22, 0x3e,
    0x3c, 0x2f, 0x73, 0x70, 0x61, 0x6e, 0x3e, 0x0a, 0x20, 0x20, 0x20, 0x20,
    0x20, 0x20, 0x3c, 0x73, 0x70, 0x61, 0x6e, 0x20, 0x69, 0x64, 0x3d, 0x22,
    0x63, 0x6f, 0x6e, 0x6e, 0x65, 0x63, 0x74, 0x69, 0x6f, 0x6e, 0x54, 0x65,
    0x78, 0x74, 0x22, 0x3e, 0x43, 0x68, 0x65, 0x63, 0x6b, 0x69, 0x6e, 0x67,
    0x20, 0x62, 0x6f, 0x61, 0x72, 0x64, 0x3c, 0x2f, 0x73, 0x70, 0x61, 0x6e,
    0x3e, 0x0a, 0x20, 0x20, 0x20, 0x20, 0x3c, 0x2f, 0x64, 0x69, 0x76, 0x3e,
    0x0a, 0x20, 0x20, 0x3c, 0x2f, 0x68, 0x65, 0x61, 0x64, 0x65, 0x72, 0x3e,
    0x0a, 0x0a, 0x20, 0x20, 0x3c, 0x6d, 0x61, 0x69, 0x6e, 0x20, 0x63, 0x6c,
    0x61, 0x73, 0x73, 0x3d, 0x22, 0x73, 0x68, 0x65, 0x6c, 0x6c, 0x22, 0x3e,
    0x0a, 0x20, 0x20, 0x20, 0x20, 0x3c, 0x73, 0x65, 0x63, 0x74, 0x69, 0x6f,
    0x6e, 0x20, 0x63, 0x6c, 0x61, 0x73, 0x73, 0x3d, 0x22, 0x68, 0x65, 0x72,
    0x6f, 0x22, 0x20, 0x61, 0x72, 0x69, 0x61, 0x2d, 0x6c, 0x61, 0x62, 0x65,
    0x6c, 0x6c, 0x65, 0x64, 0x62, 0x79, 0x3d, 0x22, 0x70, 0x61, 0x67, 0x65,
    0x54, 0x69, 0x74, 0x6c, 0x65, 0x22, 0x3e, 0x0a, 0x20, 0x20, 0x20, 0x20,
    0x20, 0x20, 0x3c, 0x64, 0x69, 0x76, 0x3e, 0x0a, 0x20, 0x20, 0x20, 0x20,
    0x20, 0x20, 0x20, 0x20, 0x3c, 0x70, 0x20, 0x63, 0x6c, 0x61, 0x73, 0x73,
    0x3d, 0x22, 0x65, 0x79, 0x65, 0x62, 0x72, 0x6f, 0x77, 0x22, 0x3e, 0x5a,
    0x79, 0x6e, 0x71, 0x20, 0x55, 0x6c, 0x74, 0x72, 0x61, 0x53, 0x63, 0x61,
    0x6c, 0x65, 0x2b, 0x20, 0xc2, 0xb7, 0x20, 0x51, 0x77, 0x65, 0x6e, 0x33,
    0x2d, 0x30, 0x2e, 0x36, 0x42, 0x20, 0xc2, 0xb7, 0x20, 0x51, 0x34, 0x3c,
    0x2f, 0x70, 0x3e, 0x0a, 0x20, 0x20, 0x20, 0x20, 0x20, 0x20, 0x20, 0x20,
    0x3c, 0x68, 0x31, 0x20, 0x69, 0x64, 0x3d, 0x22, 0x70, 0x61, 0x67, 0x65,
    0x54, 0x69, 0x74, 0x6c, 0x65, 0x22, 0x3e, 0x50, 0x72, 0x6f, 0x6d, 0x70,
    0x74, 0x20, 0x69, 0x6e, 0x2e, 0x20, 0x54, 0x6f, 0x6b, 0x65, 0x6e, 0x73,
    0x20, 0x74, 0x68, 0x72, 0x6f, 0x75, 0x67, 0x68, 0x20, 0x50, 0x4c, 0x2e,
    0x20, 0x54, 0x65, 0x78, 0x74, 0x20, 0x6f, 0x75, 0x74, 0x2e, 0x3c, 0x2f,
    0x68, 0x31, 0x3e, 0x0a, 0x20, 0x20, 0x20, 0x20, 0x20, 0x20, 0x20, 0x20,
    0x3c, 0x70, 0x20, 0x63, 0x6c, 0x61, 0x73, 0x73, 0x3d, 0x22, 0x68, 0x65,
    0x72, 0x6f, 0x2d, 0x63, 0x6f, 0x70, 0x79, 0x22, 0x3e, 0x54, 0x68, 0x65,
    0x20, 0x41, 0x35, 0x33, 0x20, 0x74, 0x6f, 0x6b, 0x65, 0x6e, 0x69, 0x7a,
    0x65, 0x73, 0x20, 0x79, 0x6f, 0x75, 0x72, 0x20, 0x69, 0x6e, 0x70, 0x75,
    0x74, 0x2c, 0x20, 0x74, 0x68, 0x65, 0x20, 0x66, 0x75, 0x6c, 0x6c, 0x20,
    0x32, 0x38, 0x2d, 0x6c, 0x61, 0x79, 0x65, 0x72, 0x20, 0x6d, 0x6f, 0x64,
    0x65, 0x6c, 0x20, 0x72, 0x75, 0x6e, 0x73, 0x20, 0x69, 0x6e, 0x20, 0x70,
    0x72, 0x6f, 0x67, 0x72, 0x61, 0x6d, 0x6d, 0x61, 0x62, 0x6c, 0x65, 0x20,
    0x6c, 0x6f, 0x67, 0x69, 0x63, 0x2c, 0x20, 0x61, 0x6e, 0x64, 0x20, 0x67,
    0x65, 0x6e, 0x65, 0x72, 0x61, 0x74, 0x65, 0x64, 0x20, 0x62, 0x79, 0x74,
    0x65, 0x73, 0x20, 0x72, 0x65, 0x74, 0x75, 0x72, 0x6e, 0x20, 0x68, 0x65,
    0x72, 0x65, 0x20, 0x61, 0x73, 0x20, 0x74, 0x68, 0x65, 0x79, 0x20, 0x62,
    0x65, 0x63, 0x6f, 0x6d, 0x65, 0x20, 0x61, 0x76, 0x61, 0x69, 0x6c, 0x61,
    0x62, 0x6c, 0x65, 0x2e, 0x3c, 0x2f, 0x70, 0x3e, 0x0a, 0x20, 0x20, 0x20,
    0x20, 0x20, 0x20, 0x3c, 0x2f, 0x64, 0x69, 0x76, 0x3e, 0x0a, 0x20, 0x20,
    0x20, 0x20, 0x20, 0x20, 0x3c, 0x62, 0x75, 0x74, 0x74, 0x6f, 0x6e, 0x20,
    0x63, 0x6c, 0x61, 0x73, 0x73, 0x3d, 0x22, 0x67, 0x68, 0x6f, 0x73, 0x74,
    0x2d, 0x62, 0x75, 0x74, 0x74, 0x6f, 0x6e, 0x22, 0x20, 0x69, 0x64, 0x3d,
    0x22, 0x72, 0x65, 0x66, 0x72, 0x65, 0x73, 0x68, 0x48, 0x65, 0x61, 0x6c,
    0x74, 0x68, 0x22, 0x20, 0x74, 0x79, 0x70, 0x65, 0x3d, 0x22, 0x62, 0x75,
    0x74, 0x74, 0x6f, 0x6e, 0x22, 0x3e, 0x0a, 0x20, 0x20, 0x20, 0x20, 0x20,
    0x20, 0x20, 0x20, 0x3c, 0x73, 0x70, 0x61, 0x6e, 0x20, 0x61, 0x72, 0x69,
    0x61, 0x2d, 0x68, 0x69, 0x64, 0x64, 0x65, 0x6e, 0x3d, 0x22, 0x74, 0x72,
    0x75, 0x65, 0x22, 0x3e, 0xe2, 0x86, 0xbb, 0x3c, 0x2f, 0x73, 0x70, 0x61,
    0x6e, 0x3e, 0x20, 0x43, 0x68, 0x65, 0x63, 0x6b, 0x20, 0x63, 0x6f, 0x6e,
    0x6e, 0x65, 0x63, 0x74, 0x69, 0x6f, 0x6e, 0x0a, 0x20, 0x20, 0x20, 0x20,
    0x20, 0x20, 0x3c, 0x2f, 0x62, 0x75, 0x74, 0x74, 0x6f, 0x6e, 0x3e, 0x0a,
    0x20, 0x20, 0x20, 0x20, 0x3c, 0x2f, 0x73, 0x65, 0x63, 0x74, 0x69, 0x6f,
    0x6e, 0x3e, 0x0a, 0x0a, 0x20, 0x20, 0x20, 0x20, 0x3c, 0x64, 0x69, 0x76,
    0x20, 0x63, 0x6c, 0x61, 0x73, 0x73, 0x3d, 0x22, 0x77, 0x6f, 0x72, 0x6b,
    0x73, 0x70, 0x61, 0x63, 0x65, 0x22, 0x3e, 0x0a, 0x20, 0x20, 0x20, 0x20,
    0x20, 0x20, 0x3c, 0x73, 0x65, 0x63, 0x74, 0x69, 0x6f, 0x6e, 0x20, 0x63,
    0x6c, 0x61, 0x73, 0x73, 0x3d, 0x22, 0x70, 0x61, 0x6e, 0x65, 0x6c, 0x20,
    0x63, 0x6f, 0x6d, 0x70, 0x6f, 0x73, 0x65, 0x2d, 0x70, 0x61, 0x6e, 0x65,
    0x6c, 0x22, 0x20, 0x61, 0x72, 0x69, 0x61, 0x2d, 0x6c, 0x61, 0x62, 0x65,
    0x6c, 0x6c, 0x65, 0x64, 0x62, 0x79, 0x3d, 0x22, 0x63, 0x6f, 0x6d, 0x70,
    0x6f, 0x73, 0x65, 0x54, 0x69, 0x74, 0x6c, 0x65, 0x22, 0x3e, 0x0a, 0x20,
    0x20, 0x20, 0x20, 0x20, 0x20, 0x20, 0x20, 0x3c, 0x64, 0x69, 0x76, 0x20,
    0x63, 0x6c, 0x61, 0x73, 0x73, 0x3d, 0x22, 0x70, 0x61, 0x6e, 0x65, 0x6c,
    0x2d, 0x68, 0x65, 0x61, 0x64, 0x69, 0x6e, 0x67, 0x22, 0x3e, 0x0a, 0x20,
    0x20, 0x20, 0x20, 0x20, 0x20, 0x20, 0x20, 0x20, 0x20, 0x3c, 0x64, 0x69,
    0x76, 0x3e, 0x0a, 0x20, 0x20, 0x20, 0x20, 0x20, 0x20, 0x20, 0x20, 0x20,
    0x20, 0x20, 0x20, 0x3c, 0x70, 0x20, 0x63, 0x6c, 0x61, 0x73, 0x73, 0x3d,
    0x22, 0x73, 0x74, 0x65, 0x70, 0x2d, 0x6c, 0x61, 0x62, 0x65, 0x6c, 0x22,
    0x3e, 0x30, 0x31, 0x20, 0xc2, 0xb7, 0x20, 0x49, 0x6e, 0x70, 0x75, 0x74,
    0x3c, 0x2f, 0x70, 0x3e, 0x0a, 0x20, 0x20, 0x20, 0x20, 0x20, 0x20, 0x20,
    0x20, 0x20, 0x20, 0x20, 0x20, 0x3c, 0x68, 0x32, 0x20, 0x69, 0x64, 0x3d,
    0x22, 0x63, 0x6f, 0x6d, 0x70, 0x6f, 0x73, 0x65, 0x54, 0x69, 0x74, 0x6c,
    0x65, 0x22, 0x3e, 0x43, 0x6f, 0x6d, 0x70, 0x6f, 0x73, 0x65, 0x20, 0x61,
    0x20, 0x67, 0x65, 0x6e, 0x65, 0x72, 0x61, 0x74, 0x69, 0x6f, 0x6e, 0x3c,
    0x2f, 0x68, 0x32, 0x3e, 0x0a, 0x20, 0x20, 0x20, 0x20, 0x20, 0x20, 0x20,
    0x20, 0x20, 0x20, 0x3c, 0x2f, 0x64, 0x69, 0x76, 0x3e, 0x0a, 0x20, 0x20,
    0x20, 0x20, 0x20, 0x20, 0x20, 0x20, 0x20, 0x20, 0x3c, 0x73, 0x70, 0x61,
    0x6e, 0x20, 0x63, 0x6c, 0x61, 0x73, 0x73, 0x3d, 0x22, 0x6d, 0x6f, 0x64,
    0x65, 0x6c, 0x2d, 0x63, 0x68, 0x69, 0x70, 0x22, 0x3e, 0x47, 0x72, 0x65,
    0x65, 0x64, 0x79, 0x20, 0x64, 0x65, 0x63, 0x6f, 0x64, 0x65, 0x3c, 0x2f,
    0x73, 0x70, 0x61, 0x6e, 0x3e, 0x0a, 0x20, 0x20, 0x20, 0x20, 0x20, 0x20,
    0x20, 0x20, 0x3c, 0x2f, 0x64, 0x69, 0x76, 0x3e, 0x0a, 0x0a, 0x20, 0x20,
    0x20, 0x20, 0x20, 0x20, 0x20, 0x20, 0x3c, 0x66, 0x6f, 0x72, 0x6d, 0x20,
    0x69, 0x64, 0x3d, 0x22, 0x67, 0x65, 0x6e, 0x65, 0x72, 0x61, 0x74, 0x65,
    0x46, 0x6f, 0x72, 0x6d, 0x22, 0x20, 0x6e, 0x6f, 0x76, 0x61, 0x6c, 0x69,
    0x64, 0x61, 0x74, 0x65, 0x3e, 0x0a, 0x20, 0x20, 0x20, 0x20, 0x20, 0x20,
    0x20, 0x20, 0x20, 0x20, 0x3c, 0x66, 0x69, 0x65, 0x6c, 0x64, 0x73, 0x65,
    0x74, 0x20, 0x63, 0x6c, 0x61, 0x73, 0x73, 0x3d, 0x22, 0x6d, 0x6f, 0x64,
    0x65, 0x2d, 0x73, 0x77, 0x69, 0x74, 0x63, 0x68, 0x22, 0x3e, 0x0a, 0x20,
    0x20, 0x20, 0x20, 0x20, 0x20, 0x20, 0x20, 0x20, 0x20, 0x20, 0x20, 0x3c,
    0x6c, 0x65, 0x67, 0x65, 0x6e, 0x64, 0x3e, 0x49, 0x6e, 0x70, 0x75, 0x74,
    0x20, 0x66, 0x6f, 0x72, 0x6d, 0x61, 0x74, 0x3c, 0x2f, 0x6c, 0x65, 0x67,
    0x65, 0x6e, 0x64, 0x3e, 0x0a, 0x20, 0x20, 0x20, 0x20, 0x20, 0x20, 0x20,
    0x20, 0x20, 0x20, 0x20, 0x20, 0x3c, 0x6c, 0x61, 0x62, 0x65, 0x6c, 0x3e,
    0x0a, 0x20, 0x20, 0x20, 0x20, 0x20, 0x20, 0x20, 0x20, 0x20, 0x20, 0x20,
    0x20, 0x20, 0x20, 0x3c, 0x69, 0x6e, 0x70, 0x75, 0x74, 0x20, 0x74, 0x79,
    0x70, 0x65, 0x3d, 0x22, 0x72, 0x61, 0x64, 0x69, 0x6f, 0x22, 0x20, 0x6e,
    0x61, 0x6d, 0x65, 0x3d, 0x22, 0x69, 0x6e, 0x70, 0x75, 0x74, 0x4d, 0x6f,
    0x64, 0x65, 0x22, 0x20, 0x76, 0x61, 0x6c, 0x75, 0x65, 0x3d, 0x22, 0x70,
    0x72, 0x6f, 0x6d, 0x70, 0x74, 0x22, 0x20, 0x63, 0x68, 0x65, 0x63, 0x6b,
    0x65, 0x64, 0x3e, 0x0a, 0x20, 0x20, 0x20, 0x20, 0x20, 0x20, 0x20, 0x20,
    0x20, 0x20, 0x20, 0x20, 0x20, 0x20, 0x3c, 0x73, 0x70, 0x61, 0x6e, 0x3e,
    0x50, 0x72, 0x6f, 0x6d, 0x70, 0x74, 0x20, 0x74, 0x65, 0x78, 0x74, 0x3c,
    0x2f, 0x73, 0x70, 0x61, 0x6e, 0x3e, 0x0a, 0x20, 0x20, 0x20, 0x20, 0x20,
    0x20, 0x20, 0x20, 0x20, 0x20, 0x20, 0x20, 0x3c, 0x2f, 0x6c, 0x61, 0x62,
    0x65, 0x6c, 0x3e, 0x0a, 0x20, 0x20, 0x20, 0x20, 0x20, 0x20, 0x20, 0x20,
    0x20, 0x20, 0x20, 0x20, 0x3c, 0x6c, 0x61, 0x62, 0x65, 0x6c, 0x3e, 0x0a,
    0x20, 0x20, 0x20, 0x20, 0x20, 0x20, 0x20, 0x20, 0x20, 0x20, 0x20, 0x20,
    0x20, 0x20, 0x3c, 0x69, 0x6e, 0x70, 0x75, 0x74, 0x20, 0x74, 0x79, 0x70,
    0x65, 0x3d, 0x22, 0x72, 0x61, 0x64, 0x69, 0x6f, 0x22, 0x20, 0x6e, 0x61,
    0x6d, 0x65, 0x3d, 0x22, 0x69, 0x6e, 0x70, 0x75, 0x74, 0x4d, 0x6f, 0x64,
    0x65, 0x22, 0x20, 0x76, 0x61, 0x6c, 0x75, 0x65, 0x3d, 0x22, 0x74, 0x6f,
    0x6b, 0x65, 0x6e, 0x73, 0x22, 0x3e, 0x0a, 0x20, 0x20, 0x20, 0x20, 0x20,
    0x20, 0x20, 0x20, 0x20, 0x20, 0x20, 0x20, 0x20, 0x20, 0x3c, 0x73, 0x70,
    0x61, 0x6e, 0x3e, 0x54, 0x6f, 0x6b, 0x65, 0x6e, 0x20, 0x49, 0x44, 0x73,
    0x3c, 0x2f, 0x73, 0x70, 0x61, 0x6e, 0x3e, 0x0a, 0x20, 0x20, 0x20, 0x20,
    0x20, 0x20, 0x20, 0x20, 0x20, 0x20, 0x20, 0x20, 0x3c, 0x2f, 0x6c, 0x61,
    0x62, 0x65, 0x6c, 0x3e, 0x0a, 0x20, 0x20, 0x20, 0x20, 0x20, 0x20, 0x20,
    0x20, 0x20, 0x20, 0x3c, 0x2f, 0x66, 0x69, 0x65, 0x6c, 0x64, 0x73, 0x65,
    0x74, 0x3e, 0x0a, 0x0a, 0x20, 0x20, 0x20, 0x20, 0x20, 0x20, 0x20, 0x20,
    0x20, 0x20, 0x3c, 0x64, 0x69, 0x76, 0x20, 0x63, 0x6c, 0x61, 0x73, 0x73,
    0x3d, 0x22, 0x69, 0x6e, 0x70, 0x75, 0x74, 0x2d, 0x70, 0x61, 0x6e, 0x65,
    0x22, 0x20, 0x69, 0x64, 0x3d, 0x22, 0x70, 0x72, 0x6f, 0x6d, 0x70, 0x74,
    0x50, 0x61, 0x6e, 0x65, 0x22, 0x3e, 0x0a, 0x20, 0x20, 0x20, 0x20, 0x20,
    0x20, 0x20, 0x20, 0x20, 0x20, 0x20, 0x20, 0x3c, 0x6c, 0x61, 0x62, 0x65,
    0x6c, 0x20, 0x66, 0x6f, 0x72, 0x3d, 0x22, 0x70, 0x72, 0x6f, 0x6d, 0x70,
    0x74, 0x49, 0x6e, 0x70, 0x75, 0x74, 0x22, 0x3e, 0x55, 0x54, 0x46, 0x2d,
    0x38, 0x20, 0x70, 0x72, 0x6f, 0x6d, 0x70, 0x74, 0x3c, 0x2f, 0x6c, 0x61,
    0x62, 0x65, 0x6c, 0x3e, 0x0a, 0x20, 0x20, 0x20, 0x20, 0x20, 0x20, 0x20,
    0x20, 0x20, 0x20, 0x20, 0x20, 0x3c, 0x74, 0x65, 0x78, 0x74, 0x61, 0x72,
    0x65, 0x61, 0x20, 0x69, 0x64, 0x3d, 0x22, 0x70, 0x72, 0x6f, 0x6d, 0x70,
    0x74, 0x49, 0x6e, 0x70, 0x75, 0x74, 0x22, 0x20, 0x72, 0x6f, 0x77, 0x73,
    0x3d, 0x22, 0x37, 0x22, 0x20, 0x6d, 0x61, 0x78, 0x6c, 0x65, 0x6e, 0x67,
    0x74, 0x68, 0x3d, 0x22, 0x34, 0x30, 0x39, 0x36, 0x22, 0x20, 0x73, 0x70,
    0x65, 0x6c, 0x6c, 0x63, 0x68, 0x65, 0x63, 0x6b, 0x3d, 0x22, 0x66, 0x61,
    0x6c, 0x73, 0x65, 0x22, 0x20, 0x70, 0x6c, 0x61, 0x63, 0x65, 0x68, 0x6f,
    0x6c, 0x64, 0x65, 0x72, 0x3d, 0x22, 0x45, 0x6e, 0x74, 0x65, 0x72, 0x20,
    0x61, 0x20, 0x70, 0x72, 0x6f, 0x6d, 0x70, 0x74, 0xe2, 0x80, 0xa6, 0x22,
    0x3e, 0x54, 0x68, 0x65, 0x20, 0x66, 0x75, 0x74, 0x75, 0x72, 0x65, 0x20,
    0x6f, 0x66, 0x20, 0x46, 0x50, 0x47, 0x41, 0x20, 0x69, 0x73, 0x3c, 0x2f,
    0x74, 0x65, 0x78, 0x74, 0x61, 0x72, 0x65, 0x61, 0x3e, 0x0a, 0x20, 0x20,
    0x20, 0x20, 0x20, 0x20, 0x20, 0x20, 0x20, 0x20, 0x20, 0x20, 0x3c, 0x64,
    0x69, 0x76, 0x20, 0x63, 0x6c, 0x61, 0x73, 0x73, 0x3d, 0x22, 0x66, 0x69,
    0x65, 0x6c, 0x64, 0x2d, 0x6d, 0x65, 0x74, 0x61, 0x22, 0x3e, 0x0a, 0x20,
    0x20, 0x20, 0x20, 0x20, 0x20, 0x20, 0x20, 0x20, 0x20, 0x20, 0x20, 0x20,
    0x20, 0x3c, 0x73, 0x70, 0x61, 0x6e, 0x3e, 0x54, 0x6f, 0x6b, 0x65, 0x6e,
    0x69, 0x7a, 0x65, 0x64, 0x20, 0x6f, 0x6e, 0x20, 0x74, 0x68, 0x65, 0x20,
    0x50, 0x53, 0x3c, 0x2f, 0x73, 0x70, 0x61, 0x6e, 0x3e, 0x0a, 0x20, 0x20,
    0x20, 0x20, 0x20, 0x20, 0x20, 0x20, 0x20, 0x20, 0x20, 0x20, 0x20, 0x20,
    0x3c, 0x73, 0x70, 0x61, 0x6e, 0x20, 0x69, 0x64, 0x3d, 0x22, 0x70, 0x72,
    0x6f, 0x6d, 0x70, 0x74, 0x42, 0x79, 0x74, 0x65, 0x43, 0x6f, 0x75, 0x6e,
    0x74, 0x22, 0x3e, 0x32, 0x31, 0x20, 0x2f, 0x20, 0x34, 0x30, 0x39, 0x36,
    0x20, 0x62, 0x79, 0x74, 0x65, 0x73, 0x3c, 0x2f, 0x73, 0x70, 0x61, 0x6e,
    0x3e, 0x0a, 0x20, 0x20, 0x20, 0x20, 0x20, 0x20, 0x20, 0x20, 0x20, 0x20,
    0x20, 0x20, 0x3c, 0x2f, 0x64, 0x69, 0x76, 0x3e, 0x0a, 0x20, 0x20, 0x20,
    0x20, 0x20, 0x20, 0x20, 0x20, 0x20, 0x20, 0x3c, 0x2f, 0x64, 0x69, 0x76,
    0x3e, 0x0a, 0x0a, 0x20, 0x20, 0x20, 0x20, 0x20, 0x20, 0x20, 0x20, 0x20,
    0x20, 0x3c, 0x64, 0x69, 0x76, 0x20, 0x63, 0x6c, 0x61, 0x73, 0x73, 0x3d,
    0x22, 0x69, 0x6e, 0x70, 0x75, 0x74, 0x2d, 0x70, 0x61, 0x6e, 0x65, 0x22,
    0x20, 0x69, 0x64, 0x3d, 0x22, 0x74, 0x6f, 0x6b, 0x65, 0x6e, 0x73, 0x50,
    0x61, 0x6e, 0x65, 0x22, 0x20, 0x68, 0x69, 0x64, 0x64, 0x65, 0x6e, 0x3e,
    0x0a, 0x20, 0x20, 0x20, 0x20, 0x20, 0x20, 0x20, 0x20, 0x20, 0x20, 0x20,
    0x20, 0x3c, 0x6c, 0x61, 0x62, 0x65, 0x6c, 0x20, 0x66, 0x6f, 0x72, 0x3d,
    0x22, 0x74, 0x6f, 0x6b, 0x65, 0x6e, 0x49, 0x6e, 0x70, 0x75, 0x74, 0x22,
    0x3e, 0x54, 0x6f, 0x6b, 0x65, 0x6e, 0x20, 0x49, 0x44, 0x73, 0x3c, 0x2f,
    0x6c, 0x61, 0x62, 0x65, 0x6c, 0x3e, 0x0a, 0x20, 0x20, 0x20, 0x20, 0x20,
    0x20, 0x20, 0x20, 0x20, 0x20, 0x20, 0x20, 0x3c, 0x74, 0x65, 0x78, 0x74,
    0x61, 0x72, 0x65, 0x61, 0x20, 0x69, 0x64, 0x3d, 0x22, 0x74, 0x6f, 0x6b,
    0x65, 0x6e, 0x49, 0x6e, 0x70, 0x75, 0x74, 0x22, 0x20, 0x72, 0x6f, 0x77,
    0x73, 0x3d, 0x22, 0x37, 0x22, 0x20, 0x73, 0x70, 0x65, 0x6c, 0x6c, 0x63,
    0x68, 0x65, 0x63, 0x6b, 0x3d, 0x22, 0x66, 0x61, 0x6c, 0x73, 0x65, 0x22,
    0x20, 0x70, 0x6c, 0x61, 0x63, 0x65, 0x68, 0x6f, 0x6c, 0x64, 0x65, 0x72,
    0x3d, 0x22, 0x37, 0x38, 0x35, 0x2c, 0x20, 0x33, 0x38, 0x35, 0x33, 0x2c,
    0x20, 0x33, 0x31, 0x35, 0x2c, 0x20, 0x38, 0x39, 0x34, 0x36, 0x32, 0x2c,
    0x20, 0x33, 0x37, 0x34, 0x22, 0x3e, 0x37, 0x38, 0x35, 0x2c, 0x20, 0x33,
    0x38, 0x35, 0x33, 0x2c, 0x20, 0x33, 0x31, 0x35, 0x2c, 0x20, 0x38, 0x39,
    0x34, 0x36, 0x32, 0x2c, 0x20, 0x33, 0x37, 0x34, 0x3c, 0x2f, 0x74, 0x65,
    0x78, 0x74, 0x61, 0x72, 0x65, 0x61, 0x3e, 0x0a, 0x20, 0x20, 0x20, 0x20,
    0x20, 0x20, 0x20, 0x20, 0x20, 0x20, 0x20, 0x20, 0x3c, 0x64, 0x69, 0x76,
    0x20, 0x63, 0x6c, 0x61, 0x73, 0x73, 0x3d, 0x22, 0x66, 0x69, 0x65, 0x6c,
    0x64, 0x2d, 0x6d, 0x65, 0x74, 0x61, 0x22, 0x3e, 0x0a, 0x20, 0x20, 0x20,
    0x20, 0x20, 0x20, 0x20, 0x20, 0x20, 0x20, 0x20, 0x20, 0x20, 0x20, 0x3c,
    0x73, 0x70, 0x61, 0x6e, 0x3e, 0x43, 0x6f, 0x6d, 0x6d, 0x61, 0x20, 0x6f,
    0x72, 0x20, 0x77, 0x68, 0x69, 0x74, 0x65, 0x73, 0x70, 0x61, 0x63, 0x65,
    0x20, 0x73, 0x65, 0x70, 0x61, 0x72, 0x61, 0x74, 0x65, 0x64, 0x20, 0xc2,
    0xb7, 0x20, 0x49, 0x44, 0x73, 0x20, 0x30, 0xe2, 0x80, 0x93, 0x31, 0x35,
    0x31, 0x39, 0x33, 0x35, 0x3c, 0x2f, 0x73, 0x70, 0x61, 0x6e, 0x3e, 0x0a,
    0x20, 0x20, 0x20, 0x20, 0x20, 0x20, 0x20, 0x20, 0x20, 0x20, 0x20, 0x20,
    0x20, 0x20, 0x3c, 0x73, 0x70, 0x61, 0x6e, 0x20, 0x69, 0x64, 0x3d, 0x22,
    0x74, 0x6f, 0x6b, 0x65, 0x6e, 0x43, 0x6f, 0x75, 0x6e, 0x74, 0x22, 0x3e,
    0x35, 0x20, 0x2f, 0x20, 0x32, 0x35, 0x36, 0x20, 0x74, 0x6f, 0x6b, 0x65,
    0x6e, 0x73, 0x3c, 0x2f, 0x73, 0x70, 0x61, 0x6e, 0x3e, 0x0a, 0x20, 0x20,
    0x20, 0x20, 0x20, 0x20, 0x20, 0x20, 0x20, 0x20, 0x20, 0x20, 0x3c, 0x2f,
    0x64, 0x69, 0x76, 0x3e, 0x0a, 0x20, 0x20, 0x20, 0x20, 0x20, 0x20, 0x20,
    0x20, 0x20, 0x20, 0x3c, 0x2f, 0x64, 0x69, 0x76, 0x3e, 0x0a, 0x0a, 0x20,
    0x20, 0x20, 0x20, 0x20, 0x20, 0x20, 0x20, 0x20, 0x20, 0x3c, 0x64, 0x69,
    0x76, 0x20, 0x63, 0x6c, 0x61, 0x73, 0x73, 0x3d, 0x22, 0x67, 0x65, 0x6e,
    0x65, 0x72, 0x61, 0x74, 0x69, 0x6f, 0x6e, 0x2d, 0x73, 0x65, 0x74, 0x74,
    0x69, 0x6e, 0x67, 0x73, 0x22, 0x3e, 0x0a, 0x20, 0x20, 0x20, 0x20, 0x20,
    0x20, 0x20, 0x20, 0x20, 0x20, 0x20, 0x20, 0x3c, 0x6c, 0x61, 0x62, 0x65,
    0x6c, 0x20, 0x66, 0x6f, 0x72, 0x3d, 0x22, 0x6d, 0x61, 0x78, 0x4e, 0x65,
    0x77, 0x49, 0x6e, 0x70, 0x75, 0x74, 0x22, 0x3e, 0x0a, 0x20, 0x20, 0x20,
    0x20, 0x20, 0x20, 0x20, 0x20, 0x20, 0x20, 0x20, 0x20, 0x20, 0x20, 0x3c,
    0x73, 0x70, 0x61, 0x6e, 0x3e, 0x4d, 0x61, 0x78, 0x69, 0x6d, 0x75, 0x6d,
    0x20, 0x6e, 0x65, 0x77, 0x20, 0x74, 0x6f, 0x6b, 0x65, 0x6e, 0x73, 0x3c,
    0x2f, 0x73, 0x70, 0x61, 0x6e, 0x3e, 0x0a, 0x20, 0x20, 0x20, 0x20, 0x20,
    0x20, 0x20, 0x20, 0x20, 0x20, 0x20, 0x20, 0x20, 0x20, 0x3c, 0x73, 0x6d,
    0x61, 0x6c, 0x6c, 0x3e, 0x31, 0xe2, 0x80, 0x93, 0x32, 0x35, 0x36, 0x2c,
    0x20, 0x77, 0x69, 0x74, 0x68, 0x69, 0x6e, 0x20, 0x74, 0x68, 0x65, 0x20,
    0x73, 0x68, 0x61, 0x72, 0x65, 0x64, 0x20, 0x63, 0x6f, 0x6e, 0x74, 0x65,
    0x78, 0x74, 0x20, 0x6c, 0x69, 0x6d, 0x69, 0x74, 0x3c, 0x2f, 0x73, 0x6d,
    0x61, 0x6c, 0x6c, 0x3e, 0x0a, 0x20, 0x20, 0x20, 0x20, 0x20, 0x20, 0x20,
    0x20, 0x20, 0x20, 0x20, 0x20, 0x3c, 0x2f, 0x6c, 0x61, 0x62, 0x65, 0x6c,
    0x3e, 0x0a, 0x20, 0x20, 0x20, 0x20, 0x20, 0x20, 0x20, 0x20, 0x20, 0x20,
    0x20, 0x20, 0x3c, 0x69, 0x6e, 0x70, 0x75, 0x74, 0x20, 0x69, 0x64, 0x3d,
    0x22, 0x6d, 0x61, 0x78, 0x4e, 0x65, 0x77, 0x49, 0x6e, 0x70, 0x75, 0x74,
    0x22, 0x20, 0x74, 0x79, 0x70, 0x65, 0x3d, 0x22, 0x6e, 0x75, 0x6d, 0x62,
    0x65, 0x72, 0x22, 0x20, 0x6d, 0x69, 0x6e, 0x3d, 0x22, 0x31, 0x22, 0x20,
    0x6d, 0x61, 0x78, 0x3d, 0x22, 0x32, 0x35, 0x36, 0x22, 0x20, 0x73, 0x74,
    0x65, 0x70, 0x3d, 0x22, 0x31, 0x22, 0x20, 0x76, 0x61, 0x6c, 0x75, 0x65,
    0x3d, 0x22, 0x32, 0x22, 0x20, 0x69, 0x6e, 0x70, 0x75, 0x74, 0x6d, 0x6f,
    0x64, 0x65, 0x3d, 0x22, 0x6e, 0x75, 0x6d, 0x65, 0x72, 0x69, 0x63, 0x22,
    0x3e, 0x0a, 0x20, 0x20, 0x20, 0x20, 0x20, 0x20, 0x20, 0x20, 0x20, 0x20,
    0x3c, 0x2f, 0x64, 0x69, 0x76, 0x3e, 0x0a, 0x0a, 0x20, 0x20, 0x20, 0x20,
    0x20, 0x20, 0x20, 0x20, 0x20, 0x20, 0x3c, 0x64, 0x69, 0x76, 0x20, 0x63,
    0x6c, 0x61, 0x73, 0x73, 0x3d, 0x22, 0x66, 0x6f, 0x72, 0x6d, 0x2d, 0x65,
    0x72, 0x72, 0x6f, 0x72, 0x22, 0x20, 0x69, 0x64, 0x3d, 0x22, 0x66, 0x6f,
    0x72, 0x6d, 0x45, 0x72, 0x72, 0x6f, 0x72, 0x22, 0x20, 0x72, 0x6f, 0x6c,
    0x65, 0x3d, 0x22, 0x61, 0x6c, 0x65, 0x72, 0x74, 0x22, 0x20, 0x68, 0x69,
    0x64, 0x64, 0x65, 0x6e, 0x3e, 0x3c, 0x2f, 0x64, 0x69, 0x76, 0x3e, 0x0a,
    0x0a, 0x20, 0x20, 0x20, 0x20, 0x20, 0x20, 0x20, 0x20, 0x20, 0x20, 0x3c,
    0x62, 0x75, 0x74, 0x74, 0x6f, 0x6e, 0x20, 0x63, 0x6c, 0x61, 0x73, 0x73,
    0x3d, 0x22, 0x67, 0x65, 0x6e, 0x65, 0x72, 0x61, 0x74, 0x65, 0x2d, 0x62,
    0x75, 0x74, 0x74, 0x6f, 0x6e, 0x22, 0x20, 0x69, 0x64, 0x3d, 0x22, 0x67,
    0x65, 0x6e, 0x65, 0x72, 0x61, 0x74, 0x65, 0x42, 0x75, 0x74, 0x74, 0x6f,
    0x6e, 0x22, 0x20, 0x74, 0x79, 0x70, 0x65, 0x3d, 0x22, 0x73, 0x75, 0x62,
    0x6d, 0x69, 0x74, 0x22, 0x20, 0x64, 0x69, 0x73, 0x61, 0x62, 0x6c, 0x65,
    0x64, 0x3e, 0x0a, 0x20, 0x20, 0x20, 0x20, 0x20, 0x20, 0x20, 0x20, 0x20,
    0x20, 0x20, 0x20, 0x3c, 0x73, 0x70, 0x61, 0x6e, 0x20, 0x63, 0x6c, 0x61,
    0x73, 0x73, 0x3d, 0x22, 0x62, 0x75, 0x74, 0x74, 0x6f, 0x6e, 0x2d, 0x6c,
    0x61, 0x62, 0x65, 0x6c, 0x22, 0x3e, 0x47, 0x65, 0x6e, 0x65, 0x72, 0x61,
    0x74, 0x65, 0x20, 0x6f, 0x6e, 0x20, 0x46, 0x50, 0x47, 0x41, 0x3c, 0x2f,
    0x73, 0x70, 0x61, 0x6e, 0x3e, 0x0a, 0x20, 0x20, 0x20, 0x20, 0x20, 0x20,
    0x20, 0x20, 0x20, 0x20, 0x20, 0x20, 0x3c, 0x73, 0x70, 0x61, 0x6e, 0x20,
    0x63, 0x6c, 0x61, 0x73, 0x73, 0x3d, 0x22, 0x62, 0x75, 0x74, 0x74, 0x6f,
    0x6e, 0x2d, 0x61, 0x72, 0x72, 0x6f, 0x77, 0x22, 0x20, 0x61, 0x72, 0x69,
    0x61, 0x2d, 0x68, 0x69, 0x64, 0x64, 0x65, 0x6e, 0x3d, 0x22, 0x74, 0x72,
    0x75, 0x65, 0x22, 0x3e, 0xe2, 0x86, 0x92, 0x3c, 0x2f, 0x73, 0x70, 0x61,
    0x6e, 0x3e, 0x0a, 0x20, 0x20, 0x20, 0x20, 0x20, 0x20, 0x20, 0x20, 0x20,
    0x20, 0x3c, 0x2f, 0x62, 0x75, 0x74, 0x74, 0x6f, 0x6e, 0x3e, 0x0a, 0x20,
    0x20, 0x20, 0x20, 0x20, 0x20, 0x20, 0x20, 0x20, 0x20, 0x3c, 0x70, 0x20,
    0x63, 0x6c, 0x61, 0x73, 0x73, 0x3d, 0x22, 0x73, 0x75, 0x62, 0x6d, 0x69,
    0x74, 0x2d, 0x68, 0x69, 0x6e, 0x74, 0x22, 0x20, 0x69, 0x64, 0x3d, 0x22,
    0x73, 0x75, 0x62, 0x6d, 0x69, 0x74, 0x48, 0x69, 0x6e, 0x74, 0x22, 0x3e,
    0x57, 0x61, 0x69, 0x74, 0x69, 0x6e, 0x67, 0x20, 0x66, 0x6f, 0x72, 0x20,
    0x74, 0x68, 0x65, 0x20, 0x62, 0x6f, 0x61, 0x72, 0x64, 0x20, 0x73, 0x65,
    0x72, 0x76, 0x69, 0x63, 0x65, 0x2e, 0x3c, 0x2f, 0x70, 0x3e, 0x0a, 0x20,
    0x20, 0x20, 0x20, 0x20, 0x20, 0x20, 0x20, 0x3c, 0x2f, 0x66, 0x6f, 0x72,
    0x6d, 0x3e, 0x0a, 0x20, 0x20, 0x20, 0x20, 0x20, 0x20, 0x3c, 0x2f, 0x73,
    0x65, 0x63, 0x74, 0x69, 0x6f, 0x6e, 0x3e, 0x0a, 0x0a, 0x20, 0x20, 0x20,
    0x20, 0x20, 0x20, 0x3c, 0x73, 0x65, 0x63, 0x74, 0x69, 0x6f, 0x6e, 0x20,
    0x63, 0x6c, 0x61, 0x73, 0x73, 0x3d, 0x22, 0x70, 0x61, 0x6e, 0x65, 0x6c,
    0x20, 0x72, 0x65, 0x73, 0x75, 0x6c, 0x74, 0x2d, 0x70, 0x61, 0x6e, 0x65,
    0x6c, 0x22, 0x20, 0x61, 0x72, 0x69, 0x61, 0x2d, 0x6c, 0x61, 0x62, 0x65,
    0x6c, 0x6c, 0x65, 0x64, 0x62, 0x79, 0x3d, 0x22, 0x72, 0x65, 0x73, 0x75,
    0x6c, 0x74, 0x54, 0x69, 0x74, 0x6c, 0x65, 0x22, 0x3e, 0x0a, 0x20, 0x20,
    0x20, 0x20, 0x20, 0x20, 0x20, 0x20, 0x3c, 0x64, 0x69, 0x76, 0x20, 0x63,
    0x6c, 0x61, 0x73, 0x73, 0x3d, 0x22, 0x70, 0x61, 0x6e, 0x65, 0x6c, 0x2d,
    0x68, 0x65, 0x61, 0x64, 0x69, 0x6e, 0x67, 0x22, 0x3e, 0x0a, 0x20, 0x20,
    0x20, 0x20, 0x20, 0x20, 0x20, 0x20, 0x20, 0x20, 0x3c, 0x64, 0x69, 0x76,
    0x3e, 0x0a, 0x20, 0x20, 0x20, 0x20, 0x20, 0x20, 0x20, 0x20, 0x20, 0x20,
    0x20, 0x20, 0x3c, 0x70, 0x20, 0x63, 0x6c, 0x61, 0x73, 0x73, 0x3d, 0x22,
    0x73, 0x74, 0x65, 0x70, 0x2d, 0x6c, 0x61, 0x62, 0x65, 0x6c, 0x22, 0x3e,
    0x30, 0x32, 0x20, 0xc2, 0xb7, 0x20, 0x4f, 0x75, 0x74, 0x70, 0x75, 0x74,
    0x3c, 0x2f, 0x70, 0x3e, 0x0a, 0x20, 0x20, 0x20, 0x20, 0x20, 0x20, 0x20,
    0x20, 0x20, 0x20, 0x20, 0x20, 0x3c, 0x68, 0x32, 0x20, 0x69, 0x64, 0x3d,
    0x22, 0x72, 0x65, 0x73, 0x75, 0x6c, 0x74, 0x54, 0x69, 0x74, 0x6c, 0x65,
    0x22, 0x3e, 0x4c, 0x69, 0x76, 0x65, 0x20, 0x67, 0x65, 0x6e, 0x65, 0x72,
    0x61, 0x74, 0x69, 0x6f, 0x6e, 0x3c, 0x2f, 0x68, 0x32, 0x3e, 0x0a, 0x20,
    0x20, 0x20, 0x20, 0x20, 0x20, 0x20, 0x20, 0x20, 0x20, 0x3c, 0x2f, 0x64,
    0x69, 0x76, 0x3e, 0x0a, 0x20, 0x20, 0x20, 0x20, 0x20, 0x20, 0x20, 0x20,
    0x20, 0x20, 0x3c, 0x73, 0x70, 0x61, 0x6e, 0x20, 0x63, 0x6c, 0x61, 0x73,
    0x73, 0x3d, 0x22, 0x73, 0x74, 0x61, 0x74, 0x65, 0x2d, 0x62, 0x61, 0x64,
    0x67, 0x65, 0x22, 0x20, 0x69, 0x64, 0x3d, 0x22, 0x6a, 0x6f, 0x62, 0x53,
    0x74, 0x61, 0x74, 0x65, 0x22, 0x20, 0x64, 0x61, 0x74, 0x61, 0x2d, 0x73,
    0x74, 0x61, 0x74, 0x65, 0x3d, 0x22, 0x69, 0x64, 0x6c, 0x65, 0x22, 0x3e,
    0x49, 0x64, 0x6c, 0x65, 0x3c, 0x2f, 0x73, 0x70, 0x61, 0x6e, 0x3e, 0x0a,
    0x20, 0x20, 0x20, 0x20, 0x20, 0x20, 0x20, 0x20, 0x3c, 0x2f, 0x64, 0x69,
    0x76, 0x3e, 0x0a, 0x0a, 0x20, 0x20, 0x20, 0x20, 0x20, 0x20, 0x20, 0x20,
    0x3c, 0x64, 0x69, 0x76, 0x20, 0x63, 0x6c, 0x61, 0x73, 0x73, 0x3d, 0x22,
    0x6a, 0x6f, 0x62, 0x2d, 0x73, 0x74, 0x72, 0x69, 0x70, 0x22, 0x20, 0x61,
    0x72, 0x69, 0x61, 0x2d, 0x6c, 0x69, 0x76, 0x65, 0x3d, 0x22, 0x70, 0x6f,
    0x6c, 0x69, 0x74, 0x65, 0x22, 0x3e, 0x0a, 0x20, 0x20, 0x20, 0x20, 0x20,
    0x20, 0x20, 0x20, 0x20, 0x20, 0x3c, 0x64, 0x69, 0x76, 0x3e, 0x0a, 0x20,
    0x20, 0x20, 0x20, 0x20, 0x20, 0x20, 0x20, 0x20, 0x20, 0x20, 0x20, 0x3c,
    0x73, 0x70, 0x61, 0x6e, 0x3e, 0x4a, 0x6f, 0x62, 0x3c, 0x2f, 0x73, 0x70,
    0x61, 0x6e, 0x3e, 0x0a, 0x20, 0x20, 0x20, 0x20, 0x20, 0x20, 0x20, 0x20,
    0x20, 0x20, 0x20, 0x20, 0x3c, 0x73, 0x74, 0x72, 0x6f, 0x6e, 0x67, 0x20,
    0x69, 0x64, 0x3d, 0x22, 0x6a, 0x6f, 0x62, 0x49, 0x64, 0x22, 0x3e, 0xe2,
    0x80, 0x94, 0x3c, 0x2f, 0x73, 0x74, 0x72, 0x6f, 0x6e, 0x67, 0x3e, 0x0a,
    0x20, 0x20, 0x20, 0x20, 0x20, 0x20, 0x20, 0x20, 0x20, 0x20, 0x3c, 0x2f,
    0x64, 0x69, 0x76, 0x3e, 0x0a, 0x20, 0x20, 0x20, 0x20, 0x20, 0x20, 0x20,
    0x20, 0x20, 0x20, 0x3c, 0x64, 0x69, 0x76, 0x3e, 0x0a, 0x20, 0x20, 0x20,
    0x20, 0x20, 0x20, 0x20, 0x20, 0x20, 0x20, 0x20, 0x20, 0x3c, 0x73, 0x70,
    0x61, 0x6e, 0x3e, 0x50, 0x72, 0x6f, 0x6d, 0x70, 0x74, 0x3c, 0x2f, 0x73,
    0x70, 0x61, 0x6e, 0x3e, 0x0a, 0x20, 0x20, 0x20, 0x20, 0x20, 0x20, 0x20,
    0x20, 0x20, 0x20, 0x20, 0x20, 0x3c, 0x73, 0x74, 0x72, 0x6f, 0x6e, 0x67,
    0x20, 0x69, 0x64, 0x3d, 0x22, 0x70, 0x72, 0x6f, 0x6d, 0x70, 0x74, 0x50,
    0x72, 0x6f, 0x67, 0x72, 0x65, 0x73, 0x73, 0x22, 0x3e, 0x30, 0x20, 0x2f,
    0x20, 0x30, 0x3c, 0x2f, 0x73, 0x74, 0x72, 0x6f, 0x6e, 0x67, 0x3e, 0x0a,
    0x20, 0x20, 0x20, 0x20, 0x20, 0x20, 0x20, 0x20, 0x20, 0x20, 0x3c, 0x2f,
    0x64, 0x69, 0x76, 0x3e, 0x0a, 0x20, 0x20, 0x20, 0x20, 0x20, 0x20, 0x20,
    0x20, 0x20, 0x20, 0x3c, 0x64, 0x69, 0x76, 0x3e, 0x0a, 0x20, 0x20, 0x20,
    0x20, 0x20, 0x20, 0x20, 0x20, 0x20, 0x20, 0x20, 0x20, 0x3c, 0x73, 0x70,
    0x61, 0x6e, 0x3e, 0x47, 0x65, 0x6e, 0x65, 0x72, 0x61, 0x74, 0x65, 0x64,
    0x3c, 0x2f, 0x73, 0x70, 0x61, 0x6e, 0x3e, 0x0a, 0x20, 0x20, 0x20, 0x20,
    0x20, 0x20, 0x20, 0x20, 0x20, 0x20, 0x20, 0x20, 0x3c, 0x73, 0x74, 0x72,
    0x6f, 0x6e, 0x67, 0x20, 0x69, 0x64, 0x3d, 0x22, 0x67, 0x65, 0x6e, 0x65,
    0x72, 0x61, 0x74, 0x65, 0x64, 0x43, 0x6f, 0x75, 0x6e, 0x74, 0x22, 0x3e,
    0x30, 0x3c, 0x2f, 0x73, 0x74, 0x72, 0x6f, 0x6e, 0x67, 0x3e, 0x0a, 0x20,
    0x20, 0x20, 0x20, 0x20, 0x20, 0x20, 0x20, 0x20, 0x20, 0x3c, 0x2f, 0x64,
    0x69, 0x76, 0x3e, 0x0a, 0x20, 0x20, 0x20, 0x20, 0x20, 0x20, 0x20, 0x20,
    0x20, 0x20, 0x3c, 0x64, 0x69, 0x76, 0x3e, 0x0a, 0x20, 0x20, 0x20, 0x20,
    0x20, 0x20, 0x20, 0x20, 0x20, 0x20, 0x20, 0x20, 0x3c, 0x73, 0x70, 0x61,
    0x6e, 0x3e, 0x53, 0x74, 0x6f, 0x70, 0x20, 0x72, 0x65, 0x61, 0x73, 0x6f,
    0x6e, 0x3c, 0x2f, 0x73, 0x70, 0x61, 0x6e, 0x3e, 0x0a, 0x20, 0x20, 0x20,
    0x20, 0x20, 0x20, 0x20, 0x20, 0x20, 0x20, 0x20, 0x20, 0x3c, 0x73, 0x74,
    0x72, 0x6f, 0x6e, 0x67, 0x20, 0x69, 0x64, 0x3d, 0x22, 0x73, 0x74, 0x6f,
    0x70, 0x52, 0x65, 0x61, 0x73, 0x6f, 0x6e, 0x22, 0x3e, 0xe2, 0x80, 0x94,
    0x3c, 0x2f, 0x73, 0x74, 0x72, 0x6f, 0x6e, 0x67, 0x3e, 0x0a, 0x20, 0x20,
    0x20, 0x20, 0x20, 0x20, 0x20, 0x20, 0x20, 0x20, 0x3c, 0x2f, 0x64, 0x69,
    0x76, 0x3e, 0x0a, 0x20, 0x20, 0x20, 0x20, 0x20, 0x20, 0x20, 0x20, 0x3c,
    0x2f, 0x64, 0x69, 0x76, 0x3e, 0x0a, 0x0a, 0x20, 0x20, 0x20, 0x20, 0x20,
    0x20, 0x20, 0x20, 0x3c, 0x64, 0x69, 0x76, 0x20, 0x63, 0x6c, 0x61, 0x73,
    0x73, 0x3d, 0x22, 0x70, 0x72, 0x6f, 0x67, 0x72, 0x65, 0x73, 0x73, 0x2d,
    0x74, 0x72, 0x61, 0x63, 0x6b, 0x22, 0x20, 0x61, 0x72, 0x69, 0x61, 0x2d,
    0x68, 0x69, 0x64, 0x64, 0x65, 0x6e, 0x3d, 0x22, 0x74, 0x72, 0x75, 0x65,
    0x22, 0x3e, 0x0a, 0x20, 0x20, 0x20, 0x20, 0x20, 0x20, 0x20, 0x20, 0x20,
    0x20, 0x3c, 0x73, 0x70, 0x61, 0x6e, 0x20, 0x69, 0x64, 0x3d, 0x22, 0x70,
    0x72, 0x6f, 0x67, 0x72, 0x65, 0x73, 0x73, 0x42, 0x61, 0x72, 0x22, 0x3e,
    0x3c, 0x2f, 0x73, 0x70, 0x61, 0x6e, 0x3e, 0x0a, 0x20, 0x20, 0x20, 0x20,
    0x20, 0x20, 0x20, 0x20, 0x3c, 0x2f, 0x64, 0x69, 0x76, 0x3e, 0x0a, 0x0a,
    0x20, 0x20, 0x20, 0x20, 0x20, 0x20, 0x20, 0x20, 0x3c, 0x64, 0x69, 0x76,
    0x20, 0x63, 0x6c, 0x61, 0x73, 0x73, 0x3d, 0x22, 0x6f, 0x75, 0x74, 0x70,
    0x75, 0x74, 0x2d, 0x62, 0x6c, 0x6f, 0x63, 0x6b, 0x22, 0x3e, 0x0a, 0x20,
    0x20, 0x20, 0x20, 0x20, 0x20, 0x20, 0x20, 0x20, 0x20, 0x3c, 0x64, 0x69,
    0x76, 0x20, 0x63, 0x6c, 0x61, 0x73, 0x73, 0x3d, 0x22, 0x6f, 0x75, 0x74,
    0x70, 0x75, 0x74, 0x2d, 0x6c, 0x61, 0x62, 0x65, 0x6c, 0x22, 0x3e, 0x0a,
    0x20, 0x20, 0x20, 0x20, 0x20, 0x20, 0x20, 0x20, 0x20, 0x20, 0x20, 0x20,
    0x3c, 0x73, 0x70, 0x61, 0x6e, 0x3e, 0x44, 0x65, 0x63, 0x6f, 0x64, 0x65,
    0x64, 0x20, 0x74, 0x65, 0x78, 0x74, 0x3c, 0x2f, 0x73, 0x70, 0x61, 0x6e,
    0x3e, 0x0a, 0x20, 0x20, 0x20, 0x20, 0x20, 0x20, 0x20, 0x20, 0x20, 0x20,
    0x20, 0x20, 0x3c, 0x73, 0x70, 0x61, 0x6e, 0x20, 0x69, 0x64, 0x3d, 0x22,
    0x6f, 0x75, 0x74, 0x70, 0x75, 0x74, 0x42, 0x79, 0x74, 0x65, 0x43, 0x6f,
    0x75, 0x6e, 0x74, 0x22, 0x3e, 0x30, 0x20, 0x62, 0x79, 0x74, 0x65, 0x73,
    0x3c, 0x2f, 0x73, 0x70, 0x61, 0x6e, 0x3e, 0x0a, 0x20, 0x20, 0x20, 0x20,
    0x20, 0x20, 0x20, 0x20, 0x20, 0x20, 0x3c, 0x2f, 0x64, 0x69, 0x76, 0x3e,
    0x0a, 0x20, 0x20, 0x20, 0x20, 0x20, 0x20, 0x20, 0x20, 0x20, 0x20, 0x3c,
    0x70, 0x72, 0x65, 0x20, 0x69, 0x64, 0x3d, 0x22, 0x6f, 0x75, 0x74, 0x70,
    0x75, 0x74, 0x54, 0x65, 0x78, 0x74, 0x22, 0x20, 0x63, 0x6c, 0x61, 0x73,
    0x73, 0x3d, 0x22, 0x6f, 0x75, 0x74, 0x70, 0x75, 0x74, 0x2d, 0x74, 0x65,
    0x78, 0x74, 0x22, 0x20, 0x61, 0x72, 0x69, 0x61, 0x2d, 0x6c, 0x69, 0x76,
    0x65, 0x3d, 0x22, 0x70, 0x6f, 0x6c, 0x69, 0x74, 0x65, 0x22, 0x3e, 0x3c,
    0x73, 0x70, 0x61, 0x6e, 0x20, 0x63, 0x6c, 0x61, 0x73, 0x73, 0x3d, 0x22,
    0x70, 0x6c, 0x61, 0x63, 0x65, 0x68, 0x6f, 0x6c, 0x64, 0x65, 0x72, 0x22,
    0x3e, 0x47, 0x65, 0x6e, 0x65, 0x72, 0x61, 0x74, 0x65, 0x64, 0x20, 0x74,
    0x65, 0x78, 0x74, 0x20, 0x77, 0x69, 0x6c, 0x6c, 0x20, 0x73, 0x74, 0x72,
    0x65, 0x61, 0x6d, 0x20, 0x68, 0x65, 0x72, 0x65, 0x2e, 0x3c, 0x2f, 0x73,
    0x70, 0x61, 0x6e, 0x3e, 0x3c, 0x2f, 0x70, 0x72, 0x65, 0x3e, 0x0a, 0x20,
    0x20, 0x20, 0x20, 0x20, 0x20, 0x20, 0x20, 0x3c, 0x2f, 0x64, 0x69, 0x76,
    0x3e, 0x0a, 0x0a, 0x20, 0x20, 0x20, 0x20, 0x20, 0x20, 0x20, 0x20, 0x3c,
    0x64, 0x69, 0x76, 0x20, 0x63, 0x6c, 0x61, 0x73, 0x73, 0x3d, 0x22, 0x74,
    0x6f, 0x6b, 0x65, 0x6e, 0x2d, 0x62, 0x6c, 0x6f, 0x63, 0x6b, 0x22, 0x3e,
    0x0a, 0x20, 0x20, 0x20, 0x20, 0x20, 0x20, 0x20, 0x20, 0x20, 0x20, 0x3c,
    0x64, 0x69, 0x76, 0x20, 0x63, 0x6c, 0x61, 0x73, 0x73, 0x3d, 0x22, 0x6f,
    0x75, 0x74, 0x70, 0x75, 0x74, 0x2d, 0x6c, 0x61, 0x62, 0x65, 0x6c, 0x22,
    0x3e, 0x0a, 0x20, 0x20, 0x20, 0x20, 0x20, 0x20, 0x20, 0x20, 0x20, 0x20,
    0x20, 0x20, 0x3c, 0x73, 0x70, 0x61, 0x6e, 0x3e, 0x47, 0x65, 0x6e, 0x65,
    0x72, 0x61, 0x74, 0x65, 0x64, 0x20, 0x74, 0x6f, 0x6b, 0x65, 0x6e, 0x73,
    0x3c, 0x2f, 0x73, 0x70, 0x61, 0x6e, 0x3e, 0x0a, 0x20, 0x20, 0x20, 0x20,
    0x20, 0x20, 0x20, 0x20, 0x20, 0x20, 0x20, 0x20, 0x3c, 0x73, 0x70, 0x61,
    0x6e, 0x3e, 0x72, 0x61, 0x77, 0x20, 0x51, 0x32, 0x36, 0x20, 0x73, 0x63,
    0x6f, 0x72, 0x65, 0x73, 0x3c, 0x2f, 0x73, 0x70, 0x61, 0x6e, 0x3e, 0x0a,
    0x20, 0x20, 0x20, 0x20, 0x20, 0x20, 0x20, 0x20, 0x20, 0x20, 0x3c, 0x2f,
    0x64, 0x69, 0x76, 0x3e, 0x0a, 0x20, 0x20, 0x20, 0x20, 0x20, 0x20, 0x20,
    0x20, 0x20, 0x20, 0x3c, 0x64, 0x69, 0x76, 0x20, 0x63, 0x6c, 0x61, 0x73,
    0x73, 0x3d, 0x22, 0x74, 0x6f, 0x6b, 0x65, 0x6e, 0x2d, 0x74, 0x61, 0x62,
    0x6c, 0x65, 0x2d, 0x77, 0x72, 0x61, 0x70, 0x22, 0x3e, 0x0a, 0x20, 0x20,
    0x20, 0x20, 0x20, 0x20, 0x20, 0x20, 0x20, 0x20, 0x20, 0x20, 0x3c, 0x74,
    0x61, 0x62, 0x6c, 0x65, 0x20, 0x63, 0x6c, 0x61, 0x73, 0x73, 0x3d, 0x22,
    0x74, 0x6f, 0x6b, 0x65, 0x6e, 0x2d, 0x74, 0x61, 0x62, 0x6c, 0x65, 0x22,
    0x3e, 0x0a, 0x20, 0x20, 0x20, 0x20, 0x20, 0x20, 0x20, 0x20, 0x20, 0x20,
    0x20, 0x20, 0x20, 0x20, 0x3c, 0x74, 0x68, 0x65, 0x61, 0x64, 0x3e, 0x0a,
    0x20, 0x20, 0x20, 0x20, 0x20, 0x20, 0x20, 0x20, 0x20, 0x20, 0x20, 0x20,
    0x20, 0x20, 0x20, 0x20, 0x3c, 0x74, 0x72, 0x3e, 0x3c, 0x74, 0x68, 0x3e,
    0x23, 0x3c, 0x2f, 0x74, 0x68, 0x3e, 0x3c, 0x74, 0x68, 0x3e, 0x54, 0x6f,
    0x6b, 0x65, 0x6e, 0x20, 0x49, 0x44, 0x3c, 0x2f, 0x74, 0x68, 0x3e, 0x3c,
    0x74, 0x68, 0x3e, 0x53, 0x63, 0x6f, 0x72, 0x65, 0x20, 0x51, 0x32, 0x36,
    0x3c, 0x2f, 0x74, 0x68, 0x3e, 0x3c, 0x2f, 0x74, 0x72, 0x3e, 0x0a, 0x20,
    0x20, 0x20, 0x20, 0x20, 0x20, 0x20, 0x20, 0x20, 0x20, 0x20, 0x20, 0x20,
    0x20, 0x3c, 0x2f, 0x74, 0x68, 0x65, 0x61, 0x64, 0x3e, 0x0a, 0x20, 0x20,
    0x20, 0x20, 0x20, 0x20, 0x20, 0x20, 0x20, 0x20, 0x20, 0x20, 0x20, 0x20,
    0x3c, 0x74, 0x62, 0x6f, 0x64, 0x79, 0x20, 0x69, 0x64, 0x3d, 0x22, 0x74,
    0x6f, 0x6b, 0x65, 0x6e, 0x52, 0x6f, 0x77, 0x73, 0x22, 0x3e, 0x0a, 0x20,
    0x20, 0x20, 0x20, 0x20, 0x20, 0x20, 0x20, 0x20, 0x20, 0x20, 0x20, 0x20,
    0x20, 0x20, 0x20, 0x3c, 0x74, 0x72, 0x20, 0x63, 0x6c, 0x61, 0x73, 0x73,
    0x3d, 0x22, 0x65, 0x6d, 0x70, 0x74, 0x79, 0x2d, 0x72, 0x6f, 0x77, 0x22,
    0x3e, 0x3c, 0x74, 0x64, 0x20, 0x63, 0x6f, 0x6c, 0x73, 0x70, 0x61, 0x6e,
    0x3d, 0x22, 0x33, 0x22, 0x3e, 0x4e, 0x6f, 0x20, 0x67, 0x65, 0x6e, 0x65,
    0x72, 0x61, 0x74, 0x65, 0x64, 0x20, 0x74, 0x6f, 0x6b, 0x65, 0x6e, 0x73,
    0x20, 0x79, 0x65, 0x74, 0x2e, 0x3c, 0x2f, 0x74, 0x64, 0x3e, 0x3c, 0x2f,
    0x74, 0x72, 0x3e, 0x0a, 0x20, 0x20, 0x20, 0x20, 0x20, 0x20, 0x20, 0x20,
    0x20, 0x20, 0x20, 0x20, 0x20, 0x20, 0x3c, 0x2f, 0x74, 0x62, 0x6f, 0x64,
    0x79, 0x3e, 0x0a, 0x20, 0x20, 0x20, 0x20, 0x20, 0x20, 0x20, 0x20, 0x20,
    0x20, 0x20, 0x20, 0x3c, 0x2f, 0x74, 0x61, 0x62, 0x6c, 0x65, 0x3e, 0x0a,
    0x20, 0x20, 0x20, 0x20, 0x20, 0x20, 0x20, 0x20, 0x20, 0x20, 0x3c, 0x2f,
    0x64, 0x69, 0x76, 0x3e, 0x0a, 0x20, 0x20, 0x20, 0x20, 0x20, 0x20, 0x20,
    0x20, 0x3c, 0x2f, 0x64, 0x69, 0x76, 0x3e, 0x0a, 0x0a, 0x20, 0x20, 0x20,
    0x20, 0x20, 0x20, 0x20, 0x20, 0x3c, 0x64, 0x69, 0x76, 0x20, 0x63, 0x6c,
    0x61, 0x73, 0x73, 0x3d, 0x22, 0x72, 0x75, 0x6e, 0x74, 0x69, 0x6d, 0x65,
    0x2d, 0x6d, 0x65, 0x73, 0x73, 0x61, 0x67, 0x65, 0x22, 0x20, 0x69, 0x64,
    0x3d, 0x22, 0x72, 0x75, 0x6e, 0x74, 0x69, 0x6d, 0x65, 0x4d, 0x65, 0x73,
    0x73, 0x61, 0x67, 0x65, 0x22, 0x20, 0x72, 0x6f, 0x6c, 0x65, 0x3d, 0x22,
    0x73, 0x74, 0x61, 0x74, 0x75, 0x73, 0x22, 0x20, 0x61, 0x72, 0x69, 0x61,
    0x2d, 0x6c, 0x69, 0x76, 0x65, 0x3d, 0x22, 0x70, 0x6f, 0x6c, 0x69, 0x74,
    0x65, 0x22, 0x3e, 0x0a, 0x20, 0x20, 0x20, 0x20, 0x20, 0x20, 0x20, 0x20,
    0x20, 0x20, 0x52, 0x75, 0x6e, 0x20, 0x61, 0x20, 0x70, 0x72, 0x6f, 0x6d,
    0x70, 0x74, 0x20, 0x77, 0x68, 0x65, 0x6e, 0x20, 0x74, 0x68, 0x65, 0x20,
    0x62, 0x6f, 0x61, 0x72, 0x64, 0x20, 0x72, 0x65, 0x70, 0x6f, 0x72, 0x74,
    0x73, 0x20, 0x72, 0x65, 0x61, 0x64, 0x79, 0x2e, 0x0a, 0x20, 0x20, 0x20,
    0x20, 0x20, 0x20, 0x20, 0x20, 0x3c, 0x2f, 0x64, 0x69, 0x76, 0x3e, 0x0a,
    0x20, 0x20, 0x20, 0x20, 0x20, 0x20, 0x3c, 0x2f, 0x73, 0x65, 0x63, 0x74,
    0x69, 0x6f, 0x6e, 0x3e, 0x0a, 0x20, 0x20, 0x20, 0x20, 0x3c, 0x2f, 0x64,
    0x69, 0x76, 0x3e, 0x0a, 0x0a, 0x20, 0x20, 0x20, 0x20, 0x3c, 0x66, 0x6f,
    0x6f, 0x74, 0x65, 0x72, 0x3e, 0x0a, 0x20, 0x20, 0x20, 0x20, 0x20, 0x20,
    0x3c, 0x73, 0x70, 0x61, 0x6e, 0x3e, 0x53, 0x69, 0x6e, 0x67, 0x6c, 0x65,
    0x2d, 0x63, 0x6c, 0x69, 0x65, 0x6e, 0x74, 0x20, 0x62, 0x61, 0x72, 0x65,
    0x2d, 0x6d, 0x65, 0x74, 0x61, 0x6c, 0x20, 0x64, 0x65, 0x6d, 0x6f, 0x3c,
    0x2f, 0x73, 0x70, 0x61, 0x6e, 0x3e, 0x0a, 0x20, 0x20, 0x20, 0x20, 0x20,
    0x20, 0x3c, 0x73, 0x70, 0x61, 0x6e, 0x3e, 0x32, 0x35, 0x36, 0x2d, 0x74,
    0x6f, 0x6b, 0x65, 0x6e, 0x20, 0x63, 0x6f, 0x6e, 0x74, 0x65, 0x78, 0x74,
    0x20, 0xc2, 0xb7, 0x20, 0x31, 0x35, 0x31, 0x2c, 0x39, 0x33, 0x36, 0x2d,
    0x74, 0x6f, 0x6b, 0x65, 0x6e, 0x20, 0x76, 0x6f, 0x63, 0x61, 0x62, 0x75,
    0x6c, 0x61, 0x72, 0x79, 0x3c, 0x2f, 0x73, 0x70, 0x61, 0x6e, 0x3e, 0x0a,
    0x20, 0x20, 0x20, 0x20, 0x3c, 0x2f, 0x66, 0x6f, 0x6f, 0x74, 0x65, 0x72,
    0x3e, 0x0a, 0x20, 0x20, 0x3c, 0x2f, 0x6d, 0x61, 0x69, 0x6e, 0x3e, 0x0a,
    0x20, 0x20, 0x3c, 0x73, 0x63, 0x72, 0x69, 0x70, 0x74, 0x20, 0x64, 0x61,
    0x74, 0x61, 0x2d, 0x71, 0x77, 0x65, 0x62, 0x2d, 0x69, 0x6e, 0x6c, 0x69,
    0x6e, 0x65, 0x3d, 0x22, 0x2f, 0x61, 0x70, 0x70, 0x2e, 0x6a, 0x73, 0x22,
    0x3e, 0x0a, 0x28, 0x66, 0x75, 0x6e, 0x63, 0x74, 0x69, 0x6f, 0x6e, 0x20,
    0x71, 0x77, 0x65, 0x62, 0x44, 0x65, 0x6d, 0x6f, 0x42, 0x6f, 0x6f, 0x74,
    0x73, 0x74, 0x72, 0x61, 0x70, 0x28, 0x72, 0x6f, 0x6f, 0x74, 0x29, 0x20,
    0x7b, 0x0a, 0x20, 0x20, 0x22, 0x75, 0x73, 0x65, 0x20, 0x73, 0x74, 0x72,
    0x69, 0x63, 0x74, 0x22, 0x3b, 0x0a, 0x0a, 0x20, 0x20, 0x63, 0x6f, 0x6e,
    0x73, 0x74, 0x20, 0x4c, 0x49, 0x4d, 0x49, 0x54, 0x53, 0x20, 0x3d, 0x20,
    0x4f, 0x62, 0x6a, 0x65, 0x63, 0x74, 0x2e, 0x66, 0x72, 0x65, 0x65, 0x7a,
    0x65, 0x28, 0x7b, 0x0a, 0x20, 0x20, 0x20, 0x20, 0x6d, 0x61, 0x78, 0x50,
    0x72, 0x6f, 0x6d, 0x70, 0x74, 0x42, 0x79, 0x74, 0x65, 0x73, 0x3a, 0x20,
    0x34, 0x30, 0x39, 0x36, 0x2c, 0x0a, 0x20, 0x20, 0x20, 0x20, 0x6d, 0x61,
    0x78, 0x54, 0x6f, 0x6b, 0x65, 0x6e, 0x73, 0x3a, 0x20, 0x32, 0x35, 0x36,
    0x2c, 0x0a, 0x20, 0x20, 0x20, 0x20, 0x76, 0x6f, 0x63, 0x61, 0x62, 0x75,
    0x6c, 0x61, 0x72, 0x79, 0x53, 0x69, 0x7a, 0x65, 0x3a, 0x20, 0x31, 0x35,
    0x31, 0x39, 0x33, 0x36, 0x2c, 0x0a, 0x20, 0x20, 0x20, 0x20, 0x6d, 0x61,
    0x78, 0x52, 0x65, 0x71, 0x75, 0x65, 0x73, 0x74, 0x42, 0x79, 0x74, 0x65,
    0x73, 0x3a, 0x20, 0x38, 0x31, 0x39, 0x32, 0x2c, 0x0a, 0x20, 0x20, 0x20,
    0x20, 0x6d, 0x61, 0x78, 0x4f, 0x75, 0x74, 0x70, 0x75, 0x74, 0x42, 0x79,
    0x74, 0x65, 0x73, 0x3a, 0x20, 0x33, 0x32, 0x37, 0x36, 0x38, 0x2c, 0x0a,
    0x20, 0x20, 0x20, 0x20, 0x72, 0x65, 0x71, 0x75, 0x65, 0x73, 0x74, 0x54,
    0x69, 0x6d, 0x65, 0x6f, 0x75, 0x74, 0x4d, 0x73, 0x3a, 0x20, 0x35, 0x30,
    0x30, 0x30, 0x2c, 0x0a, 0x20, 0x20, 0x20, 0x20, 0x70, 0x6f, 0x6c, 0x6c,
    0x49, 0x6e, 0x74, 0x65, 0x72, 0x76, 0x61, 0x6c, 0x4d, 0x73, 0x3a, 0x20,
    0x38, 0x30, 0x30, 0x2c, 0x0a, 0x20, 0x20, 0x20, 0x20, 0x68, 0x65, 0x61,
    0x6c, 0x74, 0x68, 0x49, 0x6e, 0x74, 0x65, 0x72, 0x76, 0x61, 0x6c, 0x4d,
    0x73, 0x3a, 0x20, 0x35, 0x30, 0x30, 0x30, 0x0a, 0x20, 0x20, 0x7d, 0x29,
    0x3b, 0x0a, 0x20, 0x20, 0x63, 0x6f, 0x6e, 0x73, 0x74, 0x20, 0x41, 0x43,
    0x54, 0x49, 0x56, 0x45, 0x5f, 0x53, 0x54, 0x41, 0x54, 0x45, 0x53, 0x20,
    0x3d, 0x20, 0x6e, 0x65, 0x77, 0x20, 0x53, 0x65, 0x74, 0x28, 0x5b, 0x22,
    0x71, 0x75, 0x65, 0x75, 0x65, 0x64, 0x22, 0x2c, 0x20, 0x22, 0x72, 0x75,
    0x6e, 0x6e, 0x69, 0x6e, 0x67, 0x22, 0x5d, 0x29, 0x3b, 0x0a, 0x20, 0x20,
    0x63, 0x6f, 0x6e, 0x73, 0x74, 0x20, 0x54, 0x45, 0x52, 0x4d, 0x49, 0x4e,
    0x41, 0x4c, 0x5f, 0x53, 0x54, 0x41, 0x54, 0x45, 0x53, 0x20, 0x3d, 0x20,
    0x6e, 0x65, 0x77, 0x20, 0x53, 0x65, 0x74, 0x28, 0x5b, 0x22, 0x64, 0x6f,
    0x6e, 0x65, 0x22, 0x2c, 0x20, 0x22, 0x65, 0x72, 0x72, 0x6f, 0x72, 0x22,
    0x5d, 0x29, 0x3b, 0x0a, 0x20, 0x20, 0x63, 0x6f, 0x6e, 0x73, 0x74, 0x20,
    0x75, 0x74, 0x66, 0x38, 0x45, 0x6e, 0x63, 0x6f, 0x64, 0x65, 0x72, 0x20,
    0x3d, 0x20, 0x6e, 0x65, 0x77, 0x20, 0x54, 0x65, 0x78, 0x74, 0x45, 0x6e,
    0x63, 0x6f, 0x64, 0x65, 0x72, 0x28, 0x29, 0x3b, 0x0a, 0x20, 0x20, 0x63,
    0x6f, 0x6e, 0x73, 0x74, 0x20, 0x75, 0x74, 0x66, 0x38, 0x44, 0x65, 0x63,
    0x6f, 0x64, 0x65, 0x72, 0x20, 0x3d, 0x20, 0x6e, 0x65, 0x77, 0x20, 0x54,
    0x65, 0x78, 0x74, 0x44, 0x65, 0x63, 0x6f, 0x64, 0x65, 0x72, 0x28, 0x22,
    0x75, 0x74, 0x66, 0x2d, 0x38, 0x22, 0x2c, 0x20, 0x7b, 0x20, 0x66, 0x61,
    0x74, 0x61, 0x6c, 0x3a, 0x20, 0x66, 0x61, 0x6c, 0x73, 0x65, 0x20, 0x7d,
    0x29, 0x3b, 0x0a, 0x0a, 0x20, 0x20, 0x63, 0x6c, 0x61, 0x73, 0x73, 0x20,
    0x55, 0x69, 0x49, 0x6e, 0x70, 0x75, 0x74, 0x45, 0x72, 0x72, 0x6f, 0x72,
    0x20, 0x65, 0x78, 0x74, 0x65, 0x6e, 0x64, 0x73, 0x20, 0x45, 0x72, 0x72,
    0x6f, 0x72, 0x20, 0x7b, 0x7d, 0x0a, 0x0a, 0x20, 0x20, 0x63, 0x6c, 0x61,
    0x73, 0x73, 0x20, 0x41, 0x70, 0x69, 0x45, 0x72, 0x72, 0x6f, 0x72, 0x20,
    0x65, 0x78, 0x74, 0x65, 0x6e, 0x64, 0x73, 0x20, 0x45, 0x72, 0x72, 0x6f,
    0x72, 0x20, 0x7b, 0x0a, 0x20, 0x20, 0x20, 0x20, 0x63, 0x6f, 0x6e, 0x73,
    0x74, 0x72, 0x75, 0x63, 0x74, 0x6f, 0x72, 0x28, 0x73, 0x74, 0x61, 0x74,
    0x75, 0x73, 0x2c, 0x20, 0x63, 0x6f, 0x64, 0x65, 0x2c, 0x20, 0x6d, 0x65,
    0x73, 0x73, 0x61, 0x67, 0x65, 0x29, 0x20, 0x7b, 0x0a, 0x20, 0x20, 0x20,
    0x20, 0x20, 0x20, 0x73, 0x75, 0x70, 0x65, 0x72, 0x28, 0x6d, 0x65, 0x73,
    0x73, 0x61, 0x67, 0x65, 0x20, 0x7c, 0x7c, 0x20, 0x60, 0x48, 0x54, 0x54,
    0x50, 0x20, 0x24, 0x7b, 0x73, 0x74, 0x61, 0x74, 0x75, 0x73, 0x7d, 0x60,
    0x29, 0x3b, 0x0a, 0x20, 0x20, 0x20, 0x20, 0x20, 0x20, 0x74, 0x68, 0x69,
    0x73, 0x2e, 0x6e, 0x61, 0x6d, 0x65, 0x20, 0x3d, 0x20, 0x22, 0x41, 0x70,
    0x69, 0x45, 0x72, 0x72, 0x6f, 0x72, 0x22, 0x3b, 0x0a, 0x20, 0x20, 0x20,
    0x20, 0x20, 0x20, 0x74, 0x68, 0x69, 0x73, 0x2e, 0x73, 0x74, 0x61, 0x74,
    0x75, 0x73, 0x20, 0x3d, 0x20, 0x73, 0x74, 0x61, 0x74, 0x75, 0x73, 0x3b,
    0x0a, 0x20, 0x20, 0x20, 0x20, 0x20, 0x20, 0x74, 0x68, 0x69, 0x73, 0x2e,
    0x63, 0x6f, 0x64, 0x65, 0x20, 0x3d, 0x20, 0x63, 0x6f, 0x64, 0x65, 0x20,
    0x7c, 0x7c, 0x20, 0x22, 0x68, 0x74, 0x74, 0x70, 0x5f, 0x65, 0x72, 0x72,
    0x6f, 0x72, 0x22, 0x3b, 0x0a, 0x20, 0x20, 0x20, 0x20, 0x7d, 0x0a, 0x20,
    0x20, 0x7d, 0x0a, 0x0a, 0x20, 0x20, 0x66, 0x75, 0x6e, 0x63, 0x74, 0x69,
    0x6f, 0x6e, 0x20, 0x70, 0x61, 0x72, 0x73, 0x65, 0x4d, 0x61, 0x78, 0x4e,
    0x65, 0x77, 0x28, 0x76, 0x61, 0x6c, 0x75, 0x65, 0x29, 0x20, 0x7b, 0x0a,
    0x20, 0x20, 0x20, 0x20, 0x63, 0x6f, 0x6e, 0x73, 0x74, 0x20, 0x74, 0x65,
    0x78, 0x74, 0x20, 0x3d, 0x20, 0x53, 0x74, 0x72, 0x69, 0x6e, 0x67, 0x28,
    0x76, 0x61, 0x6c, 0x75, 0x65, 0x29, 0x2e, 0x74, 0x72, 0x69, 0x6d, 0x28,
    0x29, 0x3b, 0x0a, 0x20, 0x20, 0x20, 0x20, 0x69, 0x66, 0x20, 0x28, 0x21,
    0x2f, 0x5e, 0x5b, 0x30, 0x2d, 0x39, 0x5d, 0x2b, 0x24, 0x2f, 0x2e, 0x74,
    0x65, 0x73, 0x74, 0x28, 0x74, 0x65, 0x78, 0x74, 0x29, 0x29, 0x20, 0x7b,
    0x0a, 0x20, 0x20, 0x20, 0x20, 0x20, 0x20, 0x74, 0x68, 0x72, 0x6f, 0x77,
    0x20, 0x6e, 0x65, 0x77, 0x20, 0x55, 0x69, 0x49, 0x6e, 0x70, 0x75, 0x74,
    0x45, 0x72, 0x72, 0x6f, 0x72, 0x28, 0x22, 0x4d, 0x61, 0x78, 0x69, 0x6d,
    0x75, 0x6d, 0x20, 0x6e, 0x65, 0x77, 0x20, 0x74, 0x6f, 0x6b, 0x65, 0x6e,
    0x73, 0x20, 0x6d, 0x75, 0x73, 0x74, 0x20, 0x62, 0x65, 0x20, 0x61, 0x6e,
    0x20, 0x69, 0x6e, 0x74, 0x65, 0x67, 0x65, 0x72, 0x20, 0x66, 0x72, 0x6f,
    0x6d, 0x20, 0x31, 0x20, 0x74, 0x6f, 0x20, 0x32, 0x35, 0x36, 0x2e, 0x22,
    0x29, 0x3b, 0x0a, 0x20, 0x20, 0x20, 0x20, 0x7d, 0x0a, 0x20, 0x20, 0x20,
    0x20, 0x63, 0x6f, 0x6e, 0x73, 0x74, 0x20, 0x70, 0x61, 0x72, 0x73, 0x65,
    0x64, 0x20, 0x3d, 0x20, 0x4e, 0x75, 0x6d, 0x62, 0x65, 0x72, 0x28, 0x74,
    0x65, 0x78, 0x74, 0x29, 0x3b, 0x0a, 0x20, 0x20, 0x20, 0x20, 0x69, 0x66,
    0x20, 0x28, 0x21, 0x4e, 0x75, 0x6d, 0x62, 0x65, 0x72, 0x2e, 0x69, 0x73,
    0x53, 0x61, 0x66, 0x65, 0x49, 0x6e, 0x74, 0x65, 0x67, 0x65, 0x72, 0x28,
    0x70, 0x61, 0x72, 0x73, 0x65, 0x64, 0x29, 0x20, 0x7c, 0x7c, 0x20, 0x70,
    0x61, 0x72, 0x73, 0x65, 0x64, 0x20, 0x3c, 0x20, 0x31, 0x20, 0x7c, 0x7c,
    0x20, 0x70, 0x61, 0x72, 0x73, 0x65, 0x64, 0x20, 0x3e, 0x20, 0x4c, 0x49,
    0x4d, 0x49, 0x54, 0x53, 0x2e, 0x6d, 0x61, 0x78, 0x54, 0x6f, 0x6b, 0x65,
    0x6e, 0x73, 0x29, 0x20, 0x7b, 0x0a, 0x20, 0x20, 0x20, 0x20, 0x20, 0x20,
    0x74, 0x68, 0x72, 0x6f, 0x77, 0x20, 0x6e, 0x65, 0x77, 0x20, 0x55, 0x69,
    0x49, 0x6e, 0x70, 0x75, 0x74, 0x45, 0x72, 0x72, 0x6f, 0x72, 0x28, 0x22,
    0x4d, 0x61, 0x78, 0x69, 0x6d, 0x75, 0x6d, 0x20, 0x6e, 0x65, 0x77, 0x20,
    0x74, 0x6f, 0x6b, 0x65, 0x6e, 0x73, 0x20, 0x6d, 0x75, 0x73, 0x74, 0x20,
    0x62, 0x65, 0x20, 0x61, 0x6e, 0x20, 0x69, 0x6e, 0x74, 0x65, 0x67, 0x65,
    0x72, 0x20, 0x66, 0x72, 0x6f, 0x6d, 0x20, 0x31, 0x20, 0x74, 0x6f, 0x20,
    0x32, 0x35, 0x36, 0x2e, 0x22, 0x29, 0x3b, 0x0a, 0x20, 0x20, 0x20, 0x20,
    0x7d, 0x0a, 0x20, 0x20, 0x20, 0x20, 0x72, 0x65, 0x74, 0x75, 0x72, 0x6e,
    0x20, 0x70, 0x61, 0x72, 0x73, 0x65, 0x64, 0x3b, 0x0a, 0x20, 0x20, 0x7d,
    0x0a, 0x0a, 0x20, 0x20, 0x66, 0x75, 0x6e, 0x63, 0x74, 0x69, 0x6f, 0x6e,
    0x20, 0x70, 0x61, 0x72, 0x73, 0x65, 0x54, 0x6f, 0x6b, 0x65, 0x6e, 0x49,
    0x64, 0x73, 0x28, 0x76, 0x61, 0x6c, 0x75, 0x65, 0x29, 0x20, 0x7b, 0x0a,
    0x20, 0x20, 0x20, 0x20, 0x63, 0x6f, 0x6e, 0x73, 0x74, 0x20, 0x74, 0x65,
    0x78, 0x74, 0x20, 0x3d, 0x20, 0x53, 0x74, 0x72, 0x69, 0x6e, 0x67, 0x28,
    0x76, 0x61, 0x6c, 0x75, 0x65, 0x29, 0x2e, 0x74, 0x72, 0x69, 0x6d, 0x28,
    0x29, 0x3b, 0x0a, 0x20, 0x20, 0x20, 0x20, 0x69, 0x66, 0x20, 0x28, 0x74,
    0x65, 0x78, 0x74, 0x2e, 0x6c, 0x65, 0x6e, 0x67, 0x74, 0x68, 0x20, 0x3d,
    0x3d, 0x3d, 0x20, 0x30, 0x29, 0x20, 0x7b, 0x0a, 0x20, 0x20, 0x20, 0x20,
    0x20, 0x20, 0x74, 0x68, 0x72, 0x6f, 0x77, 0x20, 0x6e, 0x65, 0x77, 0x20,
    0x55, 0x69, 0x49, 0x6e, 0x70, 0x75, 0x74, 0x45, 0x72, 0x72, 0x6f, 0x72,
    0x28, 0x22, 0x45, 0x6e, 0x74, 0x65, 0x72, 0x20, 0x61, 0x74, 0x20, 0x6c,
    0x65, 0x61, 0x73, 0x74, 0x20, 0x6f, 0x6e, 0x65, 0x20, 0x74, 0x6f, 0x6b,
    0x65, 0x6e, 0x20, 0x49, 0x44, 0x2e, 0x22, 0x29, 0x3b, 0x0a, 0x20, 0x20,
    0x20, 0x20, 0x7d, 0x0a, 0x20, 0x20, 0x20, 0x20, 0x63, 0x6f, 0x6e, 0x73,
    0x74, 0x20, 0x70, 0x61, 0x72, 0x74, 0x73, 0x20, 0x3d, 0x20, 0x74, 0x65,
    0x78, 0x74, 0x2e, 0x73, 0x70, 0x6c, 0x69, 0x74, 0x28, 0x2f, 0x5b, 0x5c,
    0x73, 0x2c, 0x5d, 0x2b, 0x2f, 0x75, 0x29, 0x2e, 0x66, 0x69, 0x6c, 0x74,
    0x65, 0x72, 0x28, 0x42, 0x6f, 0x6f, 0x6c, 0x65, 0x61, 0x6e, 0x29, 0x3b,
    0x0a, 0x20, 0x20, 0x20, 0x20, 0x69, 0x66, 0x20, 0x28, 0x70, 0x61, 0x72,
    0x74, 0x73, 0x2e, 0x6c, 0x65, 0x6e, 0x67, 0x74, 0x68, 0x20, 0x3e, 0x20,
    0x4c, 0x49, 0x4d, 0x49, 0x54, 0x53, 0x2e, 0x6d, 0x61, 0x78, 0x54, 0x6f,
    0x6b, 0x65, 0x6e, 0x73, 0x29, 0x20, 0x7b, 0x0a, 0x20, 0x20, 0x20, 0x20,
    0x20, 0x20, 0x74, 0x68, 0x72, 0x6f, 0x77, 0x20, 0x6e, 0x65, 0x77, 0x20,
    0x55, 0x69, 0x49, 0x6e, 0x70, 0x75, 0x74, 0x45, 0x72, 0x72, 0x6f, 0x72,
    0x28, 0x22, 0x41, 0x74, 0x20, 0x6d, 0x6f, 0x73, 0x74, 0x20, 0x32, 0x35,
    0x36, 0x20, 0x69, 0x6e, 0x70, 0x75, 0x74, 0x20, 0x74, 0x6f, 0x6b, 0x65,
    0x6e, 0x20, 0x49, 0x44, 0x73, 0x20, 0x61, 0x72, 0x65, 0x20, 0x61, 0x63,
    0x63, 0x65, 0x70, 0x74, 0x65, 0x64, 0x2e, 0x22, 0x29, 0x3b, 0x0a, 0x20,
    0x20, 0x20, 0x20, 0x7d, 0x0a, 0x20, 0x20, 0x20, 0x20, 0x72, 0x65, 0x74,
    0x75, 0x72, 0x6e, 0x20, 0x70, 0x61, 0x72, 0x74, 0x73, 0x2e, 0x6d, 0x61,
    0x70, 0x28, 0x28, 0x70, 0x61, 0x72, 0x74, 0x2c, 0x20, 0x69, 0x6e, 0x64,
    0x65, 0x78, 0x29, 0x20, 0x3d, 0x3e, 0x20, 0x7b, 0x0a, 0x20, 0x20, 0x20,
    0x20, 0x20, 0x20, 0x69, 0x66, 0x20, 0x28, 0x21, 0x2f, 0x5e, 0x5b, 0x30,
    0x2d, 0x39, 0x5d, 0x2b, 0x24, 0x2f, 0x2e, 0x74, 0x65, 0x73, 0x74, 0x28,
    0x70, 0x61, 0x72, 0x74, 0x29, 0x29, 0x20, 0x7b, 0x0a, 0x20, 0x20, 0x20,
    0x20, 0x20, 0x20, 0x20, 0x20, 0x74, 0x68, 0x72, 0x6f, 0x77, 0x20, 0x6e,
    0x65, 0x77, 0x20, 0x55, 0x69, 0x49, 0x6e, 0x70, 0x75, 0x74, 0x45, 0x72,
    0x72, 0x6f, 0x72, 0x28, 0x60, 0x54, 0x6f, 0x6b, 0x65, 0x6e, 0x20, 0x24,
    0x7b, 0x69, 0x6e, 0x64, 0x65, 0x78, 0x20, 0x2b, 0x20, 0x31, 0x7d, 0x20,
    0x69, 0x73, 0x20, 0x6e, 0x6f, 0x74, 0x20, 0x61, 0x6e, 0x20, 0x75, 0x6e,
    0x73, 0x69, 0x67, 0x6e, 0x65, 0x64, 0x20, 0x69, 0x6e, 0x74, 0x65, 0x67,
    0x65, 0x72, 0x2e, 0x60, 0x29, 0x3b, 0x0a, 0x20, 0x20, 0x20, 0x20, 0x20,
    0x20, 0x7d, 0x0a, 0x20, 0x20, 0x20, 0x20, 0x20, 0x20, 0x63, 0x6f, 0x6e,
    0x73, 0x74, 0x20, 0x74, 0x6f, 0x6b, 0x65, 0x6e, 0x20, 0x3d, 0x20, 0x4e,
    0x75, 0x6d, 0x62, 0x65, 0x72, 0x28, 0x70, 0x61, 0x72, 0x74, 0x29, 0x3b,
    0x0a, 0x20, 0x20, 0x20, 0x20, 0x20, 0x20, 0x69, 0x66, 0x20, 0x28, 0x21,
    0x4e, 0x75, 0x6d, 0x62, 0x65, 0x72, 0x2e, 0x69, 0x73, 0x53, 0x61, 0x66,
    0x65, 0x49, 0x6e, 0x74, 0x65, 0x67, 0x65, 0x72, 0x28, 0x74, 0x6f, 0x6b,
    0x65, 0x6e, 0x29, 0x20, 0x7c, 0x7c, 0x20, 0x74, 0x6f, 0x6b, 0x65, 0x6e,
    0x20, 0x3c, 0x20, 0x30, 0x20, 0x7c, 0x7c, 0x20, 0x74, 0x6f, 0x6b, 0x65,
    0x6e, 0x20, 0x3e, 0x3d, 0x20, 0x4c, 0x49, 0x4d, 0x49, 0x54, 0x53, 0x2e,
    0x76, 0x6f, 0x63, 0x61, 0x62, 0x75, 0x6c, 0x61, 0x72, 0x79, 0x53, 0x69,
    0x7a, 0x65, 0x29, 0x20, 0x7b, 0x0a, 0x20, 0x20, 0x20, 0x20, 0x20, 0x20,
    0x20, 0x20, 0x74, 0x68, 0x72, 0x6f, 0x77, 0x20, 0x6e, 0x65, 0x77, 0x20,
    0x55, 0x69, 0x49, 0x6e, 0x70, 0x75, 0x74, 0x45, 0x72, 0x72, 0x6f, 0x72,
    0x28, 0x60, 0x54, 0x6f, 0x6b, 0x65, 0x6e, 0x20, 0x24, 0x7b, 0x69, 0x6e,
    0x64, 0x65, 0x78, 0x20, 0x2b, 0x20, 0x31, 0x7d, 0x20, 0x6d, 0x75, 0x73,
    0x74, 0x20, 0x62, 0x65, 0x20, 0x62, 0x65, 0x74, 0x77, 0x65, 0x65, 0x6e,
    0x20, 0x30, 0x20, 0x61, 0x6e, 0x64, 0x20, 0x31, 0x35, 0x31, 0x39, 0x33,
    0x35, 0x2e, 0x60, 0x29, 0x3b, 0x0a, 0x20, 0x20, 0x20, 0x20, 0x20, 0x20,
    0x7d, 0x0a, 0x20, 0x20, 0x20, 0x20, 0x20, 0x20, 0x72, 0x65, 0x74, 0x75,
    0x72, 0x6e, 0x20, 0x74, 0x6f, 0x6b, 0x65, 0x6e, 0x3b, 0x0a, 0x20, 0x20,
    0x20, 0x20, 0x7d, 0x29, 0x3b, 0x0a, 0x20, 0x20, 0x7d, 0x0a, 0x0a, 0x20,
    0x20, 0x66, 0x75, 0x6e, 0x63, 0x74, 0x69, 0x6f, 0x6e, 0x20, 0x62, 0x75,
    0x69, 0x6c, 0x64, 0x47, 0x65, 0x6e, 0x65, 0x72, 0x61, 0x74, 0x65, 0x52,
    0x65, 0x71, 0x75, 0x65, 0x73, 0x74, 0x28, 0x6d, 0x6f, 0x64, 0x65, 0x2c,
    0x20, 0x70, 0x72, 0x6f, 0x6d, 0x70, 0x74, 0x2c, 0x20, 0x74, 0x6f, 0x6b,
    0x65, 0x6e, 0x54, 0x65, 0x78, 0x74, 0x2c, 0x20, 0x6d, 0x61, 0x78, 0x4e,
    0x65, 0x77, 0x56, 0x61, 0x6c, 0x75, 0x65, 0x29, 0x20, 0x7b, 0x0a, 0x20,
    0x20, 0x20, 0x20, 0x63, 0x6f, 0x6e, 0x73, 0x74, 0x20, 0x6d, 0x61, 0x78,
    0x4e, 0x65, 0x77, 0x54, 0x6f, 0x6b, 0x65, 0x6e, 0x73, 0x20, 0x3d, 0x20,
    0x70, 0x61, 0x72, 0x73, 0x65, 0x4d, 0x61, 0x78, 0x4e, 0x65, 0x77, 0x28,
    0x6d, 0x61, 0x78, 0x4e, 0x65, 0x77, 0x56, 0x61, 0x6c, 0x75, 0x65, 0x29,
    0x3b, 0x0a, 0x20, 0x20, 0x20, 0x20, 0x69, 0x66, 0x20, 0x28, 0x6d, 0x6f,
    0x64, 0x65, 0x20, 0x3d, 0x3d, 0x3d, 0x20, 0x22, 0x70, 0x72, 0x6f, 0x6d,
    0x70, 0x74, 0x22, 0x29, 0x20, 0x7b, 0x0a, 0x20, 0x20, 0x20, 0x20, 0x20,
    0x20, 0x63, 0x6f, 0x6e, 0x73, 0x74, 0x20, 0x70, 0x72, 0x6f, 0x6d, 0x70,
    0x74, 0x42, 0x79, 0x74, 0x65, 0x73, 0x20, 0x3d, 0x20, 0x75, 0x74, 0x66,
    0x38, 0x45, 0x6e, 0x63, 0x6f, 0x64, 0x65, 0x72, 0x2e, 0x65, 0x6e, 0x63,
    0x6f, 0x64, 0x65, 0x28, 0x53, 0x74, 0x72, 0x69, 0x6e, 0x67, 0x28, 0x70,
    0x72, 0x6f, 0x6d, 0x70, 0x74, 0x29, 0x29, 0x3b, 0x0a, 0x20, 0x20, 0x20,
    0x20, 0x20, 0x20, 0x69, 0x66, 0x20, 0x28, 0x70, 0x72, 0x6f, 0x6d, 0x70,
    0x74, 0x42, 0x79, 0x74, 0x65, 0x73, 0x2e, 0x6c, 0x65, 0x6e, 0x67, 0x74,
    0x68, 0x20, 0x3d, 0x3d, 0x3d, 0x20, 0x30, 0x29, 0x20, 0x7b, 0x0a, 0x20,
    0x20, 0x20, 0x20, 0x20, 0x20, 0x20, 0x20, 0x74, 0x68, 0x72, 0x6f, 0x77,
    0x20, 0x6e, 0x65, 0x77, 0x20, 0x55, 0x69, 0x49, 0x6e, 0x70, 0x75, 0x74,
    0x45, 0x72, 0x72, 0x6f, 0x72, 0x28, 0x22, 0x45, 0x6e, 0x74, 0x65, 0x72,
    0x20, 0x61, 0x20, 0x6e, 0x6f, 0x6e, 0x2d, 0x65, 0x6d, 0x70, 0x74, 0x79,
    0x20, 0x70, 0x72, 0x6f, 0x6d, 0x70, 0x74, 0x2e, 0x22, 0x29, 0x3b, 0x0a,
    0x20, 0x20, 0x20, 0x20, 0x20, 0x20, 0x7d, 0x0a, 0x20, 0x20, 0x20, 0x20,
    0x20, 0x20, 0x69, 0x66, 0x20, 0x28, 0x70, 0x72, 0x6f, 0x6d, 0x70, 0x74,
    0x42, 0x79, 0x74, 0x65, 0x73, 0x2e, 0x6c, 0x65, 0x6e, 0x67, 0x74, 0x68,
    0x20, 0x3e, 0x20, 0x4c, 0x49, 0x4d, 0x49, 0x54, 0x53, 0x2e, 0x6d, 0x61,
    0x78, 0x50, 0x72, 0x6f, 0x6d, 0x70, 0x74, 0x42, 0x79, 0x74, 0x65, 0x73,
    0x29, 0x20, 0x7b, 0x0a, 0x20, 0x20, 0x20, 0x20, 0x20, 0x20, 0x20, 0x20,
    0x74, 0x68, 0x72, 0x6f, 0x77, 0x20, 0x6e, 0x65, 0x77, 0x20, 0x55, 0x69,
    0x49, 0x6e, 0x70, 0x75, 0x74, 0x45, 0x72, 0x72, 0x6f, 0x72, 0x28, 0x22,
    0x54, 0x68, 0x65, 0x20, 0x55, 0x54, 0x46, 0x2d, 0x38, 0x20, 0x70, 0x72,
    0x6f, 0x6d, 0x70, 0x74, 0x20, 0x65, 0x78, 0x63, 0x65, 0x65, 0x64, 0x73,
    0x20, 0x34, 0x30, 0x39, 0x36, 0x20, 0x62, 0x79, 0x74, 0x65, 0x73, 0x2e,
    0x22, 0x29, 0x3b, 0x0a, 0x20, 0x20, 0x20, 0x20, 0x20, 0x20, 0x7d, 0x0a,
    0x20, 0x20, 0x20, 0x20, 0x20, 0x20, 0x72, 0x65, 0x74, 0x75, 0x72, 0x6e,
    0x20, 0x7b, 0x20, 0x70, 0x72, 0x6f, 0x6d, 0x70, 0x74, 0x3a, 0x20, 0x53,
    0x74, 0x72, 0x69, 0x6e, 0x67, 0x28, 0x70, 0x72, 0x6f, 0x6d, 0x70, 0x74,
    0x29, 0x2c, 0x20, 0x6d, 0x61, 0x78, 0x5f, 0x6e, 0x65, 0x77, 0x5f, 0x74,
    0x6f, 0x6b, 0x65, 0x6e, 0x73, 0x3a, 0x20, 0x6d, 0x61, 0x78, 0x4e, 0x65,
    0x77, 0x54, 0x6f, 0x6b, 0x65, 0x6e, 0x73, 0x20, 0x7d, 0x3b, 0x0a, 0x20,
    0x20, 0x20, 0x20, 0x7d, 0x0a, 0x20, 0x20, 0x20, 0x20, 0x69, 0x66, 0x20,
    0x28, 0x6d, 0x6f, 0x64, 0x65, 0x20, 0x3d, 0x3d, 0x3d, 0x20, 0x22, 0x74,
    0x6f, 0x6b, 0x65, 0x6e, 0x73, 0x22, 0x29, 0x20, 0x7b, 0x0a, 0x20, 0x20,
    0x20, 0x20, 0x20, 0x20, 0x72, 0x65, 0x74, 0x75, 0x72, 0x6e, 0x20, 0x7b,
    0x20, 0x74, 0x6f, 0x6b, 0x65, 0x6e, 0x73, 0x3a, 0x20, 0x70, 0x61, 0x72,
    0x73, 0x65, 0x54, 0x6f, 0x6b, 0x65, 0x6e, 0x49, 0x64, 0x73, 0x28, 0x74,
    0x6f, 0x6b, 0x65, 0x6e, 0x54, 0x65, 0x78, 0x74, 0x29, 0x2c, 0x20, 0x6d,
    0x61, 0x78, 0x5f, 0x6e, 0x65, 0x77, 0x5f, 0x74, 0x6f, 0x6b, 0x65, 0x6e,
    0x73, 0x3a, 0x20, 0x6d, 0x61, 0x78, 0x4e, 0x65, 0x77, 0x54, 0x6f, 0x6b,
    0x65, 0x6e, 0x73, 0x20, 0x7d, 0x3b, 0x0a, 0x20, 0x20, 0x20, 0x20, 0x7d,
    0x0a, 0x20, 0x20, 0x20, 0x20, 0x74, 0x68, 0x72, 0x6f, 0x77, 0x20, 0x6e,
    0x65, 0x77, 0x20, 0x55, 0x69, 0x49, 0x6e, 0x70, 0x75, 0x74, 0x45, 0x72,
    0x72, 0x6f, 0x72, 0x28, 0x22, 0x43, 0x68, 0x6f, 0x6f, 0x73, 0x65, 0x20,
    0x70, 0x72, 0x6f, 0x6d, 0x70, 0x74, 0x20, 0x74, 0x65, 0x78, 0x74, 0x20,
    0x6f, 0x72, 0x20, 0x74, 0x6f, 0x6b, 0x65, 0x6e, 0x20, 0x49, 0x44, 0x73,
    0x2e, 0x22, 0x29, 0x3b, 0x0a, 0x20, 0x20, 0x7d, 0x0a, 0x0a, 0x20, 0x20,
    0x66, 0x75, 0x6e, 0x63, 0x74, 0x69, 0x6f, 0x6e, 0x20, 0x64, 0x65, 0x63,
    0x6f, 0x64, 0x65, 0x4f, 0x75, 0x74, 0x70, 0x75, 0x74, 0x42, 0x79, 0x74,
    0x65, 0x73, 0x28, 0x62, 0x79, 0x74, 0x65, 0x73, 0x29, 0x20, 0x7b, 0x0a,
    0x20, 0x20, 0x20, 0x20, 0x63, 0x6f, 0x6e, 0x73, 0x74, 0x20, 0x76, 0x69,
    0x65, 0x77, 0x20, 0x3d, 0x20, 0x62, 0x79, 0x74, 0x65, 0x73, 0x20, 0x69,
    0x6e, 0x73, 0x74, 0x61, 0x6e, 0x63, 0x65, 0x6f, 0x66, 0x20, 0x55, 0x69,
    0x6e, 0x74, 0x38, 0x41, 0x72, 0x72, 0x61, 0x79, 0x20, 0x3f, 0x20, 0x62,
    0x79, 0x74, 0x65, 0x73, 0x20, 0x3a, 0x20, 0x6e, 0x65, 0x77, 0x20, 0x55,
    0x69, 0x6e, 0x74, 0x38, 0x41, 0x72, 0x72, 0x61, 0x79, 0x28, 0x62, 0x79,
    0x74, 0x65, 0x73, 0x29, 0x3b, 0x0a, 0x20, 0x20, 0x20, 0x20, 0x72, 0x65,
    0x74, 0x75, 0x72, 0x6e, 0x20, 0x75, 0x74, 0x66, 0x38, 0x44, 0x65, 0x63,
    0x6f, 0x64, 0x65, 0x72, 0x2e, 0x64, 0x65, 0x63, 0x6f, 0x64, 0x65, 0x28,
    0x76, 0x69, 0x65, 0x77, 0x29, 0x3b, 0x0a, 0x20, 0x20, 0x7d, 0x0a, 0x0a,
    0x20, 0x20, 0x66, 0x75, 0x6e, 0x63, 0x74, 0x69, 0x6f, 0x6e, 0x20, 0x73,
    0x65, 0x72, 0x69, 0x61, 0x6c, 0x69, 0x7a, 0x65, 0x47, 0x65, 0x6e, 0x65,
    0x72, 0x61, 0x74, 0x65, 0x52, 0x65, 0x71, 0x75, 0x65, 0x73, 0x74, 0x28,
    0x72, 0x65, 0x71, 0x75, 0x65, 0x73, 0x74, 0x29, 0x20, 0x7b, 0x0a, 0x20,
    0x20, 0x20, 0x20, 0x63, 0x6f, 0x6e, 0x73, 0x74, 0x20, 0x62, 0x6f, 0x64,
    0x79, 0x20, 0x3d, 0x20, 0x4a, 0x53, 0x4f, 0x4e, 0x2e, 0x73, 0x74, 0x72,
    0x69, 0x6e, 0x67, 0x69, 0x66, 0x79, 0x28, 0x72, 0x65, 0x71, 0x75, 0x65,
    0x73, 0x74, 0x29, 0x3b, 0x0a, 0x20, 0x20, 0x20, 0x20, 0x69, 0x66, 0x20,
    0x28, 0x75, 0x74, 0x66, 0x38, 0x45, 0x6e, 0x63, 0x6f, 0x64, 0x65, 0x72,
    0x2e, 0x65, 0x6e, 0x63, 0x6f, 0x64, 0x65, 0x28, 0x62, 0x6f, 0x64, 0x79,
    0x29, 0x2e, 0x6c, 0x65, 0x6e, 0x67, 0x74, 0x68, 0x20, 0x3e, 0x20, 0x4c,
    0x49, 0x4d, 0x49, 0x54, 0x53, 0x2e, 0x6d, 0x61, 0x78, 0x52, 0x65, 0x71,
    0x75, 0x65, 0x73, 0x74, 0x42, 0x79, 0x74, 0x65, 0x73, 0x29, 0x20, 0x7b,
    0x0a, 0x20, 0x20, 0x20, 0x20, 0x20, 0x20, 0x74, 0x68, 0x72, 0x6f, 0x77,
    0x20, 0x6e, 0x65, 0x77, 0x20, 0x55, 0x69, 0x49, 0x6e, 0x70, 0x75, 0x74,
    0x45, 0x72, 0x72, 0x6f, 0x72, 0x28, 0x22, 0x54, 0x68, 0x65, 0x20, 0x65,
    0x6e, 0x63, 0x6f, 0x64, 0x65, 0x64, 0x20, 0x4a, 0x53, 0x4f, 0x4e, 0x20,
    0x72, 0x65, 0x71, 0x75, 0x65, 0x73, 0x74, 0x20, 0x65, 0x78, 0x63, 0x65,
    0x65, 0x64, 0x73, 0x20, 0x74, 0x68, 0x65, 0x20, 0x38, 0x31, 0x39, 0x32,
    0x2d, 0x62, 0x79, 0x74, 0x65, 0x20, 0x48, 0x54, 0x54, 0x50, 0x20, 0x6c,
    0x69, 0x6d, 0x69, 0x74, 0x2e, 0x22, 0x29, 0x3b, 0x0a, 0x20, 0x20, 0x20,
    0x20, 0x7d, 0x0a, 0x20, 0x20, 0x20, 0x20, 0x72, 0x65, 0x74, 0x75, 0x72,
    0x6e, 0x20, 0x62, 0x6f, 0x64, 0x79, 0x3b, 0x0a, 0x20, 0x20, 0x7d, 0x0a,
    0x0a, 0x20, 0x20, 0x66, 0x75, 0x6e, 0x63, 0x74, 0x69, 0x6f, 0x6e, 0x20,
    0x69, 0x73, 0x41, 0x63, 0x74, 0x69, 0x76, 0x65, 0x53, 0x74, 0x61, 0x74,
    0x65, 0x28, 0x76, 0x61, 0x6c, 0x75, 0x65, 0x29, 0x20, 0x7b, 0x0a, 0x20,
    0x20, 0x20, 0x20, 0x72, 0x65, 0x74, 0x75, 0x72, 0x6e, 0x20, 0x41, 0x43,
    0x54, 0x49, 0x56, 0x45, 0x5f, 0x53, 0x54, 0x41, 0x54, 0x45, 0x53, 0x2e,
    0x68, 0x61, 0x73, 0x28, 0x53, 0x74, 0x72, 0x69, 0x6e, 0x67, 0x28, 0x76,
    0x61, 0x6c, 0x75, 0x65, 0x29, 0x29, 0x3b, 0x0a, 0x20, 0x20, 0x7d, 0x0a,
    0x0a, 0x20, 0x20, 0x66, 0x75, 0x6e, 0x63, 0x74, 0x69, 0x6f, 0x6e, 0x20,
    0x69, 0x73, 0x54, 0x65, 0x72, 0x6d, 0x69, 0x6e, 0x61, 0x6c, 0x53, 0x74,
    0x61, 0x74, 0x65, 0x28, 0x76, 0x61, 0x6c, 0x75, 0x65, 0x29, 0x20, 0x7b,
    0x0a, 0x20, 0x20, 0x20, 0x20, 0x72, 0x65, 0x74, 0x75, 0x72, 0x6e, 0x20,
    0x54, 0x45, 0x52, 0x4d, 0x49, 0x4e, 0x41, 0x4c, 0x5f, 0x53, 0x54, 0x41,
    0x54, 0x45, 0x53, 0x2e, 0x68, 0x61, 0x73, 0x28, 0x53, 0x74, 0x72, 0x69,
    0x6e, 0x67, 0x28, 0x76, 0x61, 0x6c, 0x75, 0x65, 0x29, 0x29, 0x3b, 0x0a,
    0x20, 0x20, 0x7d, 0x0a, 0x0a, 0x20, 0x20, 0x66, 0x75, 0x6e, 0x63, 0x74,
    0x69, 0x6f, 0x6e, 0x20, 0x65, 0x72, 0x72, 0x6f, 0x72, 0x4d, 0x65, 0x73,
    0x73, 0x61, 0x67, 0x65, 0x28, 0x70, 0x61, 0x79, 0x6c, 0x6f, 0x61, 0x64,
    0x2c, 0x20, 0x66, 0x61, 0x6c, 0x6c, 0x62, 0x61, 0x63, 0x6b, 0x29, 0x20,
    0x7b, 0x0a, 0x20, 0x20, 0x20, 0x20, 0x69, 0x66, 0x20, 0x28, 0x70, 0x61,
    0x79, 0x6c, 0x6f, 0x61, 0x64, 0x20, 0x26, 0x26, 0x20, 0x74, 0x79, 0x70,
    0x65, 0x6f, 0x66, 0x20, 0x70, 0x61, 0x79, 0x6c, 0x6f, 0x61, 0x64, 0x20,
    0x3d, 0x3d, 0x3d, 0x20, 0x22, 0x6f, 0x62, 0x6a, 0x65, 0x63, 0x74, 0x22,
    0x20, 0x26, 0x26, 0x20, 0x70, 0x61, 0x79, 0x6c, 0x6f, 0x61, 0x64, 0x2e,
    0x65, 0x72, 0x72, 0x6f, 0x72, 0x20, 0x26, 0x26, 0x0a, 0x20, 0x20, 0x20,
    0x20, 0x20, 0x20, 0x20, 0x20, 0x74, 0x79, 0x70, 0x65, 0x6f, 0x66, 0x20,
    0x70, 0x61, 0x79, 0x6c, 0x6f, 0x61, 0x64, 0x2e, 0x65, 0x72, 0x72, 0x6f,
    0x72, 0x20, 0x3d, 0x3d, 0x3d, 0x20, 0x22, 0x6f, 0x62, 0x6a, 0x65, 0x63,
    0x74, 0x22, 0x29, 0x20, 0x7b, 0x0a, 0x20, 0x20, 0x20, 0x20, 0x20, 0x20,
    0x69, 0x66, 0x20, 0x28, 0x74, 0x79, 0x70, 0x65, 0x6f, 0x66, 0x20, 0x70,
    0x61, 0x79, 0x6c, 0x6f, 0x61, 0x64, 0x2e, 0x65, 0x72, 0x72, 0x6f, 0x72,
    0x2e, 0x6d, 0x65, 0x73, 0x73, 0x61, 0x67, 0x65, 0x20, 0x3d, 0x3d, 0x3d,
    0x20, 0x22, 0x73, 0x74, 0x72, 0x69, 0x6e, 0x67, 0x22, 0x20, 0x26, 0x26,
    0x20, 0x70, 0x61, 0x79, 0x6c, 0x6f, 0x61, 0x64, 0x2e, 0x65, 0x72, 0x72,
    0x6f, 0x72, 0x2e, 0x6d, 0x65, 0x73, 0x73, 0x61, 0x67, 0x65, 0x2e, 0x6c,
    0x65, 0x6e, 0x67, 0x74, 0x68, 0x20, 0x3e, 0x20, 0x30, 0x29, 0x20, 0x7b,
    0x0a, 0x20, 0x20, 0x20, 0x20, 0x20, 0x20, 0x20, 0x20, 0x72, 0x65, 0x74,
    0x75, 0x72, 0x6e, 0x20, 0x70, 0x61, 0x79, 0x6c, 0x6f, 0x61, 0x64, 0x2e,
    0x65, 0x72, 0x72, 0x6f, 0x72, 0x2e, 0x6d, 0x65, 0x73, 0x73, 0x61, 0x67,
    0x65, 0x3b, 0x0a, 0x20, 0x20, 0x20, 0x20, 0x20, 0x20, 0x7d, 0x0a, 0x20,
    0x20, 0x20, 0x20, 0x20, 0x20, 0x69, 0x66, 0x20, 0x28, 0x74, 0x79, 0x70,
    0x65, 0x6f, 0x66, 0x20, 0x70, 0x61, 0x79, 0x6c, 0x6f, 0x61, 0x64, 0x2e,
    0x65, 0x72, 0x72, 0x6f, 0x72, 0x2e, 0x63, 0x6f, 0x64, 0x65, 0x20, 0x3d,
    0x3d, 0x3d, 0x20, 0x22, 0x73, 0x74, 0x72, 0x69, 0x6e, 0x67, 0x22, 0x20,
    0x26, 0x26, 0x20, 0x70, 0x61, 0x79, 0x6c, 0x6f, 0x61, 0x64, 0x2e, 0x65,
    0x72, 0x72, 0x6f, 0x72, 0x2e, 0x63, 0x6f, 0x64, 0x65, 0x2e, 0x6c, 0x65,
    0x6e, 0x67, 0x74, 0x68, 0x20, 0x3e, 0x20, 0x30, 0x29, 0x20, 0x7b, 0x0a,
    0x20, 0x20, 0x20, 0x20, 0x20, 0x20, 0x20, 0x20, 0x72, 0x65, 0x74, 0x75,
    0x72, 0x6e, 0x20, 0x70, 0x61, 0x79, 0x6c, 0x6f, 0x61, 0x64, 0x2e, 0x65,
    0x72, 0x72, 0x6f, 0x72, 0x2e, 0x63, 0x6f, 0x64, 0x65, 0x3b, 0x0a, 0x20,
    0x20, 0x20, 0x20, 0x20, 0x20, 0x7d, 0x0a, 0x20, 0x20, 0x20, 0x20, 0x7d,
    0x0a, 0x20, 0x20, 0x20, 0x20, 0x72, 0x65, 0x74, 0x75, 0x72, 0x6e, 0x20,
    0x66, 0x61, 0x6c, 0x6c, 0x62, 0x61, 0x63, 0x6b, 0x3b, 0x0a, 0x20, 0x20,
    0x7d, 0x0a, 0x0a, 0x20, 0x20, 0x63, 0x6f, 0x6e, 0x73, 0x74, 0x20, 0x74,
    0x65, 0x73, 0x74, 0x41, 0x70, 0x69, 0x20, 0x3d, 0x20, 0x4f, 0x62, 0x6a,
    0x65, 0x63, 0x74, 0x2e, 0x66, 0x72, 0x65, 0x65, 0x7a, 0x65, 0x28, 0x7b,
    0x0a, 0x20, 0x20, 0x20, 0x20, 0x4c, 0x49, 0x4d, 0x49, 0x54, 0x53, 0x2c,
    0x0a, 0x20, 0x20, 0x20, 0x20, 0x55, 0x69, 0x49, 0x6e, 0x70, 0x75, 0x74,
    0x45, 0x72, 0x72, 0x6f, 0x72, 0x2c, 0x0a, 0x20, 0x20, 0x20, 0x20, 0x41,
    0x70, 0x69, 0x45, 0x72, 0x72, 0x6f, 0x72, 0x2c, 0x0a, 0x20, 0x20, 0x20,
    0x20, 0x70, 0x61, 0x72, 0x73, 0x65, 0x4d, 0x61, 0x78, 0x4e, 0x65, 0x77,
    0x2c, 0x0a, 0x20, 0x20, 0x20, 0x20, 0x70, 0x61, 0x72, 0x73, 0x65, 0x54,
    0x6f, 0x6b, 0x65, 0x6e, 0x49, 0x64, 0x73, 0x2c, 0x0a, 0x20, 0x20, 0x20,
    0x20, 0x62, 0x75, 0x69, 0x6c, 0x64, 0x47, 0x65, 0x6e, 0x65, 0x72, 0x61,
    0x74, 0x65, 0x52, 0x65, 0x71, 0x75, 0x65, 0x73, 0x74, 0x2c, 0x0a, 0x20,
    0x20, 0x20, 0x20, 0x73, 0x65, 0x72, 0x69, 0x61, 0x6c, 0x69, 0x7a, 0x65,
    0x47, 0x65, 0x6e, 0x65, 0x72, 0x61, 0x74, 0x65, 0x52, 0x65, 0x71, 0x75,
    0x65, 0x73, 0x74, 0x2c, 0x0a, 0x20, 0x20, 0x20, 0x20, 0x64, 0x65, 0x63,
    0x6f, 0x64, 0x65, 0x4f, 0x75, 0x74, 0x70, 0x75, 0x74, 0x42, 0x79, 0x74,
    0x65, 0x73, 0x2c, 0x0a, 0x20, 0x20, 0x20, 0x20, 0x69, 0x73, 0x41, 0x63,
    0x74, 0x69, 0x76, 0x65, 0x53, 0x74, 0x61, 0x74, 0x65, 0x2c, 0x0a, 0x20,
    0x20, 0x20, 0x20, 0x69, 0x73, 0x54, 0x65, 0x72, 0x6d, 0x69, 0x6e, 0x61,
    0x6c, 0x53, 0x74, 0x61, 0x74, 0x65, 0x2c, 0x0a, 0x20, 0x20, 0x20, 0x20,
    0x65, 0x72, 0x72, 0x6f, 0x72, 0x4d, 0x65, 0x73, 0x73, 0x61, 0x67, 0x65,
    0x0a, 0x20, 0x20, 0x7d, 0x29, 0x3b, 0x0a, 0x20, 0x20, 0x69, 0x66, 0x20,
    0x28, 0x74, 0x79, 0x70, 0x65, 0x6f, 0x66, 0x20, 0x6d, 0x6f, 0x64, 0x75,
    0x6c, 0x65, 0x20, 0x21, 0x3d, 0x3d, 0x20, 0x22, 0x75, 0x6e, 0x64, 0x65,
    0x66, 0x69, 0x6e, 0x65, 0x64, 0x22, 0x20, 0x26, 0x26, 0x20, 0x6d, 0x6f,
    0x64, 0x75, 0x6c, 0x65, 0x2e, 0x65, 0x78, 0x70, 0x6f, 0x72, 0x74, 0x73,
    0x29, 0x20, 0x7b, 0x0a, 0x20, 0x20, 0x20, 0x20, 0x6d, 0x6f, 0x64, 0x75,
    0x6c, 0x65, 0x2e, 0x65, 0x78, 0x70, 0x6f, 0x72, 0x74, 0x73, 0x20, 0x3d,
    0x20, 0x74, 0x65, 0x73, 0x74, 0x41, 0x70, 0x69, 0x3b, 0x0a, 0x20, 0x20,
    0x7d, 0x0a, 0x20, 0x20, 0x72, 0x6f, 0x6f, 0x74, 0x2e, 0x51, 0x77, 0x65,
    0x62, 0x44, 0x65, 0x6d, 0x6f, 0x54, 0x65, 0x73, 0x74, 0x20, 0x3d, 0x20,
    0x74, 0x65, 0x73, 0x74, 0x41, 0x70, 0x69, 0x3b, 0x0a, 0x0a, 0x20, 0x20,
    0x69, 0x66, 0x20, 0x28, 0x74, 0x79, 0x70, 0x65, 0x6f, 0x66, 0x20, 0x64,
    0x6f, 0x63, 0x75, 0x6d, 0x65, 0x6e, 0x74, 0x20, 0x3d, 0x3d, 0x3d, 0x20,
    0x22, 0x75, 0x6e, 0x64, 0x65, 0x66, 0x69, 0x6e, 0x65, 0x64, 0x22, 0x29,
    0x20, 0x7b, 0x0a, 0x20, 0x20, 0x20, 0x20, 0x72, 0x65, 0x74, 0x75, 0x72,
    0x6e, 0x3b, 0x0a, 0x20, 0x20, 0x7d, 0x0a, 0x0a, 0x20, 0x20, 0x63, 0x6f,
    0x6e, 0x73, 0x74, 0x20, 0x65, 0x6c, 0x65, 0x6d, 0x65, 0x6e, 0x74, 0x73,
    0x20, 0x3d, 0x20, 0x7b, 0x0a, 0x20, 0x20, 0x20, 0x20, 0x63, 0x6f, 0x6e,
    0x6e, 0x65, 0x63, 0x74, 0x69, 0x6f, 0x6e, 0x50, 0x69, 0x6c, 0x6c, 0x3a,
    0x20, 0x64, 0x6f, 0x63, 0x75, 0x6d, 0x65, 0x6e, 0x74, 0x2e, 0x67, 0x65,
    0x74, 0x45, 0x6c, 0x65, 0x6d, 0x65, 0x6e, 0x74, 0x42, 0x79, 0x49, 0x64,
    0x28, 0x22, 0x63, 0x6f, 0x6e, 0x6e, 0x65, 0x63, 0x74, 0x69, 0x6f, 0x6e,
    0x50, 0x69, 0x6c, 0x6c, 0x22, 0x29, 0x2c, 0x0a, 0x20, 0x20, 0x20, 0x20,
    0x63, 0x6f, 0x6e, 0x6e, 0x65, 0x63, 0x74, 0x69, 0x6f, 0x6e, 0x54, 0x65,
    0x78, 0x74, 0x3a, 0x20, 0x64, 0x6f, 0x63, 0x75, 0x6d, 0x65, 0x6e, 0x74,
    0x2e, 0x67, 0x65, 0x74, 0x45, 0x6c, 0x65, 0x6d, 0x65, 0x6e, 0x74, 0x42,
    0x79, 0x49, 0x64, 0x28, 0x22, 0x63, 0x6f, 0x6e, 0x6e, 0x65, 0x63, 0x74,
    0x69, 0x6f, 0x6e, 0x54, 0x65, 0x78, 0x74, 0x22, 0x29, 0x2c, 0x0a, 0x20,
    0x20, 0x20, 0x20, 0x72, 0x65, 0x66, 0x72, 0x65, 0x73, 0x68, 0x48, 0x65,
    0x61, 0x6c, 0x74, 0x68, 0x3a, 0x20, 0x64, 0x6f, 0x63, 0x75, 0x6d, 0x65,
    0x6e, 0x74, 0x2e, 0x67, 0x65, 0x74, 0x45, 0x6c, 0x65, 0x6d, 0x65, 0x6e,
    0x74, 0x42, 0x79, 0x49, 0x64, 0x28, 0x22, 0x72, 0x65, 0x66, 0x72, 0x65,
    0x73, 0x68, 0x48, 0x65, 0x61, 0x6c, 0x74, 0x68, 0x22, 0x29, 0x2c, 0x0a,
    0x20, 0x20, 0x20, 0x20, 0x66, 0x6f, 0x72, 0x6d, 0x3a, 0x20, 0x64, 0x6f,
    0x63, 0x75, 0x6d, 0x65, 0x6e, 0x74, 0x2e, 0x67, 0x65, 0x74, 0x45, 0x6c,
    0x65, 0x6d, 0x65, 0x6e, 0x74, 0x42, 0x79, 0x49, 0x64, 0x28, 0x22, 0x67,
    0x65, 0x6e, 0x65, 0x72, 0x61, 0x74, 0x65, 0x46, 0x6f, 0x72, 0x6d, 0x22,
    0x29, 0x2c, 0x0a, 0x20, 0x20, 0x20, 0x20, 0x6d, 0x6f, 0x64, 0x65, 0x49,
    0x6e, 0x70, 0x75, 0x74, 0x73, 0x3a, 0x20, 0x41, 0x72, 0x72, 0x61, 0x79,
    0x2e, 0x66, 0x72, 0x6f, 0x6d, 0x28, 0x64, 0x6f, 0x63, 0x75, 0x6d, 0x65,
    0x6e, 0x74, 0x2e, 0x71, 0x75, 0x65, 0x72, 0x79, 0x53, 0x65, 0x6c, 0x65,
    0x63, 0x74, 0x6f, 0x72, 0x41, 0x6c, 0x6c, 0x28, 0x27, 0x69, 0x6e, 0x70,
    0x75, 0x74, 0x5b, 0x6e, 0x61, 0x6d, 0x65, 0x3d, 0x22, 0x69, 0x6e, 0x70,
    0x75, 0x74, 0x4d, 0x6f, 0x64, 0x65, 0x22, 0x5d, 0x27, 0x29, 0x29, 0x2c,
    0x0a, 0x20, 0x20, 0x20, 0x20, 0x70, 0x72, 0x6f, 0x6d, 0x70, 0x74, 0x50,
    0x61, 0x6e, 0x65, 0x3a, 0x20, 0x64, 0x6f, 0x63, 0x75, 0x6d, 0x65, 0x6e,
    0x74, 0x2e, 0x67, 0x65, 0x74, 0x45, 0x6c, 0x65, 0x6d, 0x65, 0x6e, 0x74,
    0x42, 0x79, 0x49, 0x64, 0x28, 0x22, 0x70, 0x72, 0x6f, 0x6d, 0x70, 0x74,
    0x50, 0x61, 0x6e, 0x65, 0x22, 0x29, 0x2c, 0x0a, 0x20, 0x20, 0x20, 0x20,
    0x74, 0x6f, 0x6b, 0x65, 0x6e, 0x73, 0x50, 0x61, 0x6e, 0x65, 0x3a, 0x20,
    0x64, 0x6f, 0x63, 0x75, 0x6d, 0x65, 0x6e, 0x74, 0x2e, 0x67, 0x65, 0x74,
    0x45, 0x6c, 0x65, 0x6d, 0x65, 0x6e, 0x74, 0x42, 0x79, 0x49, 0x64, 0x28,
    0x22, 0x74, 0x6f, 0x6b, 0x65, 0x6e, 0x73, 0x50, 0x61, 0x6e, 0x65, 0x22,
    0x29, 0x2c, 0x0a, 0x20, 0x20, 0x20, 0x20, 0x70, 0x72, 0x6f, 0x6d, 0x70,
    0x74, 0x49, 0x6e, 0x70, 0x75, 0x74, 0x3a, 0x20, 0x64, 0x6f, 0x63, 0x75,
    0x6d, 0x65, 0x6e, 0x74, 0x2e, 0x67, 0x65, 0x74, 0x45, 0x6c, 0x65, 0x6d,
    0x65, 0x6e, 0x74, 0x42, 0x79, 0x49, 0x64, 0x28, 0x22, 0x70, 0x72, 0x6f,
    0x6d, 0x70, 0x74, 0x49, 0x6e, 0x70, 0x75, 0x74, 0x22, 0x29, 0x2c, 0x0a,
    0x20, 0x20, 0x20, 0x20, 0x70, 0x72, 0x6f, 0x6d, 0x70, 0x74, 0x42, 0x79,
    0x74, 0x65, 0x43, 0x6f, 0x75, 0x6e, 0x74, 0x3a, 0x20, 0x64, 0x6f, 0x63,
    0x75, 0x6d, 0x65, 0x6e, 0x74, 0x2e, 0x67, 0x65, 0x74, 0x45, 0x6c, 0x65,
    0x6d, 0x65, 0x6e, 0x74, 0x42, 0x79, 0x49, 0x64, 0x28, 0x22, 0x70, 0x72,
    0x6f, 0x6d, 0x70, 0x74, 0x42, 0x79, 0x74, 0x65, 0x43, 0x6f, 0x75, 0x6e,
    0x74, 0x22, 0x29, 0x2c, 0x0a, 0x20, 0x20, 0x20, 0x20, 0x74, 0x6f, 0x6b,
    0x65, 0x6e, 0x49, 0x6e, 0x70, 0x75, 0x74, 0x3a, 0x20, 0x64, 0x6f, 0x63,
    0x75, 0x6d, 0x65, 0x6e, 0x74, 0x2e, 0x67, 0x65, 0x74, 0x45, 0x6c, 0x65,
    0x6d, 0x65, 0x6e, 0x74, 0x42, 0x79, 0x49, 0x64, 0x28, 0x22, 0x74, 0x6f,
    0x6b, 0x65, 0x6e, 0x49, 0x6e, 0x70, 0x75, 0x74, 0x22, 0x29, 0x2c, 0x0a,
    0x20, 0x20, 0x20, 0x20, 0x74, 0x6f, 0x6b, 0x65, 0x6e, 0x43, 0x6f, 0x75,
    0x6e, 0x74, 0x3a, 0x20, 0x64, 0x6f, 0x63, 0x75, 0x6d, 0x65, 0x6e, 0x74,
    0x2e, 0x67, 0x65, 0x74, 0x45, 0x6c, 0x65, 0x6d, 0x65, 0x6e, 0x74, 0x42,
    0x79, 0x49, 0x64, 0x28, 0x22, 0x74, 0x6f, 0x6b, 0x65, 0x6e, 0x43, 0x6f,
    0x75, 0x6e, 0x74, 0x22, 0x29, 0x2c, 0x0a, 0x20, 0x20, 0x20, 0x20, 0x6d,
    0x61, 0x78, 0x4e, 0x65, 0x77, 0x49, 0x6e, 0x70, 0x75, 0x74, 0x3a, 0x20,
    0x64, 0x6f, 0x63, 0x75, 0x6d, 0x65, 0x6e, 0x74, 0x2e, 0x67, 0x65, 0x74,
    0x45, 0x6c, 0x65, 0x6d, 0x65, 0x6e, 0x74, 0x42, 0x79, 0x49, 0x64, 0x28,
    0x22, 0x6d, 0x61, 0x78, 0x4e, 0x65, 0x77, 0x49, 0x6e, 0x70, 0x75, 0x74,
    0x22, 0x29, 0x2c, 0x0a, 0x20, 0x20, 0x20, 0x20, 0x66, 0x6f, 0x72, 0x6d,
    0x45, 0x72, 0x72, 0x6f, 0x72, 0x3a, 0x20, 0x64, 0x6f, 0x63, 0x75, 0x6d,
    0x65, 0x6e, 0x74, 0x2e, 0x67, 0x65, 0x74, 0x45, 0x6c, 0x65, 0x6d, 0x65,
    0x6e, 0x74, 0x42, 0x79, 0x49, 0x64, 0x28, 0x22, 0x66, 0x6f, 0x72, 0x6d,
    0x45, 0x72, 0x72, 0x6f, 0x72, 0x22, 0x29, 0x2c, 0x0a, 0x20, 0x20, 0x20,
    0x20, 0x67, 0x65, 0x6e, 0x65, 0x72, 0x61, 0x74, 0x65, 0x42, 0x75, 0x74,
    0x74, 0x6f, 0x6e, 0x3a, 0x20, 0x64, 0x6f, 0x63, 0x75, 0x6d, 0x65, 0x6e,
    0x74, 0x2e, 0x67, 0x65, 0x74, 0x45, 0x6c, 0x65, 0x6d, 0x65, 0x6e, 0x74,
    0x42, 0x79, 0x49, 0x64, 0x28, 0x22, 0x67, 0x65, 0x6e, 0x65, 0x72, 0x61,
    0x74, 0x65, 0x42, 0x75, 0x74, 0x74, 0x6f, 0x6e, 0x22, 0x29, 0x2c, 0x0a,
    0x20, 0x20, 0x20, 0x20, 0x62, 0x75, 0x74, 0x74, 0x6f, 0x6e, 0x4c, 0x61,
    0x62, 0x65, 0x6c, 0x3a, 0x20, 0x64, 0x6f, 0x63, 0x75, 0x6d, 0x65, 0x6e,
    0x74, 0x2e, 0x71, 0x75, 0x65, 0x72, 0x79, 0x53, 0x65, 0x6c, 0x65, 0x63,
    0x74, 0x6f, 0x72, 0x28, 0x22, 0x2e, 0x62, 0x75, 0x74, 0x74, 0x6f, 0x6e,
    0x2d, 0x6c, 0x61, 0x62, 0x65, 0x6c, 0x22, 0x29, 0x2c, 0x0a, 0x20, 0x20,
    0x20, 0x20, 0x73, 0x75, 0x62, 0x6d, 0x69, 0x74, 0x48, 0x69, 0x6e, 0x74,
    0x3a, 0x20, 0x64, 0x6f, 0x63, 0x75, 0x6d, 0x65, 0x6e, 0x74, 0x2e, 0x67,
    0x65, 0x74, 0x45, 0x6c, 0x65, 0x6d, 0x65, 0x6e, 0x74, 0x42, 0x79, 0x49,
    0x64, 0x28, 0x22, 0x73, 0x75, 0x62, 0x6d, 0x69, 0x74, 0x48, 0x69, 0x6e,
    0x74, 0x22, 0x29, 0x2c, 0x0a, 0x20, 0x20, 0x20, 0x20, 0x6a, 0x6f, 0x62,
    0x53, 0x74, 0x61, 0x74, 0x65, 0x3a, 0x20, 0x64, 0x6f, 0x63, 0x75, 0x6d,
    0x65, 0x6e, 0x74, 0x2e, 0x67, 0x65, 0x74, 0x45, 0x6c, 0x65, 0x6d, 0x65,
    0x6e, 0x74, 0x42, 0x79, 0x49, 0x64, 0x28, 0x22, 0x6a, 0x6f, 0x62, 0x53,
    0x74, 0x61, 0x74, 0x65, 0x22, 0x29, 0x2c, 0x0a, 0x20, 0x20, 0x20, 0x20,
    0x6a, 0x6f, 0x62, 0x49, 0x64, 0x3a, 0x20, 0x64, 0x6f, 0x63, 0x75, 0x6d,
    0x65, 0x6e, 0x74, 0x2e, 0x67, 0x65, 0x74, 0x45, 0x6c, 0x65, 0x6d, 0x65,
    0x6e, 0x74, 0x42, 0x79, 0x49, 0x64, 0x28, 0x22, 0x6a, 0x6f, 0x62, 0x49,
    0x64, 0x22, 0x29, 0x2c, 0x0a, 0x20, 0x20, 0x20, 0x20, 0x70, 0x72, 0x6f,
    0x6d, 0x70, 0x74, 0x50, 0x72, 0x6f, 0x67, 0x72, 0x65, 0x73, 0x73, 0x3a,
    0x20, 0x64, 0x6f, 0x63, 0x75, 0x6d, 0x65, 0x6e, 0x74, 0x2e, 0x67, 0x65,
    0x74, 0x45, 0x6c, 0x65, 0x6d, 0x65, 0x6e, 0x74, 0x42, 0x79, 0x49, 0x64,
    0x28, 0x22, 0x70, 0x72, 0x6f, 0x6d, 0x70, 0x74, 0x50, 0x72, 0x6f, 0x67,
    0x72, 0x65, 0x73, 0x73, 0x22, 0x29, 0x2c, 0x0a, 0x20, 0x20, 0x20, 0x20,
    0x67, 0x65, 0x6e, 0x65, 0x72, 0x61, 0x74, 0x65, 0x64, 0x43, 0x6f, 0x75,
    0x6e, 0x74, 0x3a, 0x20, 0x64, 0x6f, 0x63, 0x75, 0x6d, 0x65, 0x6e, 0x74,
    0x2e, 0x67, 0x65, 0x74, 0x45, 0x6c, 0x65, 0x6d, 0x65, 0x6e, 0x74, 0x42,
    0x79, 0x49, 0x64, 0x28, 0x22, 0x67, 0x65, 0x6e, 0x65, 0x72, 0x61, 0x74,
    0x65, 0x64, 0x43, 0x6f, 0x75, 0x6e, 0x74, 0x22, 0x29, 0x2c, 0x0a, 0x20,
    0x20, 0x20, 0x20, 0x73, 0x74, 0x6f, 0x70, 0x52, 0x65, 0x61, 0x73, 0x6f,
    0x6e, 0x3a, 0x20, 0x64, 0x6f, 0x63, 0x75, 0x6d, 0x65, 0x6e, 0x74, 0x2e,
    0x67, 0x65, 0x74, 0x45, 0x6c, 0x65, 0x6d, 0x65, 0x6e, 0x74, 0x42, 0x79,
    0x49, 0x64, 0x28, 0x22, 0x73, 0x74, 0x6f, 0x70, 0x52, 0x65, 0x61, 0x73,
    0x6f, 0x6e, 0x22, 0x29, 0x2c, 0x0a, 0x20, 0x20, 0x20, 0x20, 0x70, 0x72,
    0x6f, 0x67, 0x72, 0x65, 0x73, 0x73, 0x42, 0x61, 0x72, 0x3a, 0x20, 0x64,
    0x6f, 0x63, 0x75, 0x6d, 0x65, 0x6e, 0x74, 0x2e, 0x67, 0x65, 0x74, 0x45,
    0x6c, 0x65, 0x6d, 0x65, 0x6e, 0x74, 0x42, 0x79, 0x49, 0x64, 0x28, 0x22,
    0x70, 0x72, 0x6f, 0x67, 0x72, 0x65, 0x73, 0x73, 0x42, 0x61, 0x72, 0x22,
    0x29, 0x2c, 0x0a, 0x20, 0x20, 0x20, 0x20, 0x6f, 0x75, 0x74, 0x70, 0x75,
    0x74, 0x54, 0x65, 0x78, 0x74, 0x3a, 0x20, 0x64, 0x6f, 0x63, 0x75, 0x6d,
    0x65, 0x6e, 0x74, 0x2e, 0x67, 0x65, 0x74, 0x45, 0x6c, 0x65, 0x6d, 0x65,
    0x6e, 0x74, 0x42, 0x79, 0x49, 0x64, 0x28, 0x22, 0x6f, 0x75, 0x74, 0x70,
    0x75, 0x74, 0x54, 0x65, 0x78, 0x74, 0x22, 0x29, 0x2c, 0x0a, 0x20, 0x20,
    0x20, 0x20, 0x6f, 0x75, 0x74, 0x70, 0x75, 0x74, 0x42, 0x79, 0x74, 0x65,
    0x43, 0x6f, 0x75, 0x6e, 0x74, 0x3a, 0x20, 0x64, 0x6f, 0x63, 0x75, 0x6d,
    0x65, 0x6e, 0x74, 0x2e, 0x67, 0x65, 0x74, 0x45, 0x6c, 0x65, 0x6d, 0x65,
    0x6e, 0x74, 0x42, 0x79, 0x49, 0x64, 0x28, 0x22, 0x6f, 0x75, 0x74, 0x70,
    0x75, 0x74, 0x42, 0x79, 0x74, 0x65, 0x43, 0x6f, 0x75, 0x6e, 0x74, 0x22,
    0x29, 0x2c, 0x0a, 0x20, 0x20, 0x20, 0x20, 0x74, 0x6f, 0x6b, 0x65, 0x6e,
    0x52, 0x6f, 0x77, 0x73, 0x3a, 0x20, 0x64, 0x6f, 0x63, 0x75, 0x6d, 0x65,
    0x6e, 0x74, 0x2e, 0x67, 0x65, 0x74, 0x45, 0x6c, 0x65, 0x6d, 0x65, 0x6e,
    0x74, 0x42, 0x79, 0x49, 0x64, 0x28, 0x22, 0x74, 0x6f, 0x6b, 0x65, 0x6e,
    0x52, 0x6f, 0x77, 0x73, 0x22, 0x29, 0x2c, 0x0a, 0x20, 0x20, 0x20, 0x20,
    0x72, 0x75, 0x6e, 0x74, 0x69, 0x6d, 0x65, 0x4d, 0x65, 0x73, 0x73, 0x61,
    0x67, 0x65, 0x3a, 0x20, 0x64, 0x6f, 0x63, 0x75, 0x6d, 0x65, 0x6e, 0x74,
    0x2e, 0x67, 0x65, 0x74, 0x45, 0x6c, 0x65, 0x6d, 0x65, 0x6e, 0x74, 0x42,
    0x79, 0x49, 0x64, 0x28, 0x22, 0x72, 0x75, 0x6e, 0x74, 0x69, 0x6d, 0x65,
    0x4d, 0x65, 0x73, 0x73, 0x61, 0x67, 0x65, 0x22, 0x29, 0x0a, 0x20, 0x20,
    0x7d, 0x3b, 0x0a, 0x0a, 0x20, 0x20, 0x63, 0x6f, 0x6e, 0x73, 0x74, 0x20,
    0x73, 0x74, 0x61, 0x74, 0x65, 0x20, 0x3d, 0x20, 0x7b, 0x0a, 0x20, 0x20,
    0x20, 0x20, 0x63, 0x6f, 0x6e, 0x6e, 0x65, 0x63, 0x74, 0x65, 0x64, 0x3a,
    0x20, 0x66, 0x61, 0x6c, 0x73, 0x65, 0x2c, 0x0a, 0x20, 0x20, 0x20, 0x20,
    0x72, 0x65, 0x61, 0x64, 0x79, 0x3a, 0x20, 0x66, 0x61, 0x6c, 0x73, 0x65,
    0x2c, 0x0a, 0x20, 0x20, 0x20, 0x20, 0x72, 0x65, 0x6d, 0x6f, 0x74, 0x65,
    0x53, 0x74, 0x61, 0x74, 0x65, 0x3a, 0x20, 0x22, 0x75, 0x6e, 0x6b, 0x6e,
    0x6f, 0x77, 0x6e, 0x22, 0x2c, 0x0a, 0x20, 0x20, 0x20, 0x20, 0x61, 0x63,
    0x74, 0x69, 0x76, 0x65, 0x4a, 0x6f, 0x62, 0x49, 0x64, 0x3a, 0x20, 0x6e,
    0x75, 0x6c, 0x6c, 0x2c, 0x0a, 0x20, 0x20, 0x20, 0x20, 0x73, 0x75, 0x62,
    0x6d, 0x69, 0x74, 0x74, 0x69, 0x6e, 0x67, 0x3a, 0x20, 0x66, 0x61, 0x6c,
    0x73, 0x65, 0x2c, 0x0a, 0x20, 0x20, 0x20, 0x20, 0x68, 0x65, 0x61, 0x6c,
    0x74, 0x68, 0x50, 0x65, 0x6e, 0x64, 0x69, 0x6e, 0x67, 0x3a, 0x20, 0x66,
    0x61, 0x6c, 0x73, 0x65, 0x2c, 0x0a, 0x20, 0x20, 0x20, 0x20, 0x70, 0x6f,
    0x6c, 0x6c, 0x54, 0x69, 0x6d, 0x65, 0x72, 0x3a, 0x20, 0x6e, 0x75, 0x6c,
    0x6c, 0x2c, 0x0a, 0x20, 0x20, 0x20, 0x20, 0x68, 0x65, 0x61, 0x6c, 0x74,
    0x68, 0x54, 0x69, 0x6d, 0x65, 0x72, 0x3a, 0x20, 0x6e, 0x75, 0x6c, 0x6c,
    0x2c, 0x0a, 0x20, 0x20, 0x20, 0x20, 0x6e, 0x65, 0x74, 0x77, 0x6f, 0x72,
    0x6b, 0x46, 0x61, 0x69, 0x6c, 0x75, 0x72, 0x65, 0x73, 0x3a, 0x20, 0x30,
    0x2c, 0x0a, 0x20, 0x20, 0x20, 0x20, 0x65, 0x78, 0x70, 0x65, 0x63, 0x74,
    0x65, 0x64, 0x4d, 0x61, 0x78, 0x4e, 0x65, 0x77, 0x3a, 0x20, 0x30, 0x2c,
    0x0a, 0x20, 0x20, 0x20, 0x20, 0x6c, 0x61, 0x73, 0x74, 0x4f, 0x75, 0x74,
    0x70, 0x75, 0x74, 0x4c, 0x65, 0x6e, 0x67, 0x74, 0x68, 0x3a, 0x20, 0x2d,
    0x31, 0x0a, 0x20, 0x20, 0x7d, 0x3b, 0x0a, 0x0a, 0x20, 0x20, 0x66, 0x75,
    0x6e, 0x63, 0x74, 0x69, 0x6f, 0x6e, 0x20, 0x63, 0x75, 0x72, 0x72, 0x65,
    0x6e, 0x74, 0x4d, 0x6f, 0x64, 0x65, 0x28, 0x29, 0x20, 0x7b, 0x0a, 0x20,
    0x20, 0x20, 0x20, 0x63, 0x6f, 0x6e, 0x73, 0x74, 0x20, 0x73, 0x65, 0x6c,
    0x65, 0x63, 0x74, 0x65, 0x64, 0x20, 0x3d, 0x20, 0x65, 0x6c, 0x65, 0x6d,
    0x65, 0x6e, 0x74, 0x73, 0x2e, 0x6d, 0x6f, 0x64, 0x65, 0x49, 0x6e, 0x70,
    0x75, 0x74, 0x73, 0x2e, 0x66, 0x69, 0x6e, 0x64, 0x28, 0x28, 0x69, 0x6e,
    0x70, 0x75, 0x74, 0x29, 0x20, 0x3d, 0x3e, 0x20, 0x69, 0x6e, 0x70, 0x75,
    0x74, 0x2e, 0x63, 0x68, 0x65, 0x63, 0x6b, 0x65, 0x64, 0x29, 0x3b, 0x0a,
    0x20, 0x20, 0x20, 0x20, 0x72, 0x65, 0x74, 0x75, 0x72, 0x6e, 0x20, 0x73,
    0x65, 0x6c, 0x65, 0x63, 0x74, 0x65, 0x64, 0x20, 0x3f, 0x20, 0x73, 0x65,
    0x6c, 0x65, 0x63, 0x74, 0x65, 0x64, 0x2e, 0x76, 0x61, 0x6c, 0x75, 0x65,
    0x20, 0x3a, 0x20, 0x22, 0x70, 0x72, 0x6f, 0x6d, 0x70, 0x74, 0x22, 0x3b,
    0x0a, 0x20, 0x20, 0x7d, 0x0a, 0x0a, 0x20, 0x20, 0x66, 0x75, 0x6e, 0x63,
    0x74, 0x69, 0x6f, 0x6e, 0x20, 0x73, 0x65, 0x74, 0x43, 0x6f, 0x6e, 0x6e,
    0x65, 0x63, 0x74, 0x69, 0x6f, 0x6e, 0x28, 0x6b, 0x69, 0x6e, 0x64, 0x2c,
    0x20, 0x74, 0x65, 0x78, 0x74, 0x29, 0x20, 0x7b, 0x0a, 0x20, 0x20, 0x20,
    0x20, 0x65, 0x6c, 0x65, 0x6d, 0x65, 0x6e, 0x74, 0x73, 0x2e, 0x63, 0x6f,
    0x6e, 0x6e, 0x65, 0x63, 0x74, 0x69, 0x6f, 0x6e, 0x50, 0x69, 0x6c, 0x6c,
    0x2e, 0x64, 0x61, 0x74, 0x61, 0x73, 0x65, 0x74, 0x2e, 0x73, 0x74, 0x61,
    0x74, 0x65, 0x20, 0x3d, 0x20, 0x6b, 0x69, 0x6e, 0x64, 0x3b, 0x0a, 0x20,
    0x20, 0x20, 0x20, 0x65, 0x6c, 0x65, 0x6d, 0x65, 0x6e, 0x74, 0x73, 0x2e,
    0x63, 0x6f, 0x6e, 0x6e, 0x65, 0x63, 0x74, 0x69, 0x6f, 0x6e, 0x54, 0x65,
    0x78, 0x74, 0x2e, 0x74, 0x65, 0x78, 0x74, 0x43, 0x6f, 0x6e, 0x74, 0x65,
    0x6e, 0x74, 0x20, 0x3d, 0x20, 0x74, 0x65, 0x78, 0x74, 0x3b, 0x0a, 0x20,
    0x20, 0x7d, 0x0a, 0x0a, 0x20, 0x20, 0x66, 0x75, 0x6e, 0x63, 0x74, 0x69,
    0x6f, 0x6e, 0x20, 0x73, 0x65, 0x74, 0x52, 0x75, 0x6e, 0x74, 0x69, 0x6d,
    0x65, 0x4d, 0x65, 0x73, 0x73, 0x61, 0x67, 0x65, 0x28, 0x74, 0x65, 0x78,
    0x74, 0x2c, 0x20, 0x6b, 0x69, 0x6e, 0x64, 0x29, 0x20, 0x7b, 0x0a, 0x20,
    0x20, 0x20, 0x20, 0x65, 0x6c, 0x65, 0x6d, 0x65, 0x6e, 0x74, 0x73, 0x2e,
    0x72, 0x75, 0x6e, 0x74, 0x69, 0x6d, 0x65, 0x4d, 0x65, 0x73, 0x73, 0x61,
    0x67, 0x65, 0x2e, 0x74, 0x65, 0x78, 0x74, 0x43, 0x6f, 0x6e, 0x74, 0x65,
    0x6e, 0x74, 0x20, 0x3d, 0x20, 0x74, 0x65, 0x78, 0x74, 0x3b, 0x0a, 0x20,
    0x20, 0x20, 0x20, 0x69, 0x66, 0x20, 0x28, 0x6b, 0x69, 0x6e, 0x64, 0x29,
    0x20, 0x7b, 0x0a, 0x20, 0x20, 0x20, 0x20, 0x20, 0x20, 0x65, 0x6c, 0x65,
    0x6d, 0x65, 0x6e, 0x74, 0x73, 0x2e, 0x72, 0x75, 0x6e, 0x74, 0x69, 0x6d,
    0x65, 0x4d, 0x65, 0x73, 0x73, 0x61, 0x67, 0x65, 0x2e, 0x64, 0x61, 0x74,
    0x61, 0x73, 0x65, 0x74, 0x2e, 0x73, 0x74, 0x61, 0x74, 0x65, 0x20, 0x3d,
    0x20, 0x6b, 0x69, 0x6e, 0x64, 0x3b, 0x0a, 0x20, 0x20, 0x20, 0x20, 0x7d,
    0x20, 0x65, 0x6c, 0x73, 0x65, 0x20, 0x7b, 0x0a, 0x20, 0x20, 0x20, 0x20,
    0x20, 0x20, 0x64, 0x65, 0x6c, 0x65, 0x74, 0x65, 0x20, 0x65, 0x6c, 0x65,
    0x6d, 0x65, 0x6e, 0x74, 0x73, 0x2e, 0x72, 0x75, 0x6e, 0x74, 0x69, 0x6d,
    0x65, 0x4d, 0x65, 0x73, 0x73, 0x61, 0x67, 0x65, 0x2e, 0x64, 0x61, 0x74,
    0x61, 0x73, 0x65, 0x74, 0x2e, 0x73, 0x74, 0x61, 0x74, 0x65, 0x3b, 0x0a,
    0x20, 0x20, 0x20, 0x20, 0x7d, 0x0a, 0x20, 0x20, 0x7d, 0x0a, 0x0a, 0x20,
    0x20, 0x66, 0x75, 0x6e, 0x63, 0x74, 0x69, 0x6f, 0x6e, 0x20, 0x73, 0x68,
    0x6f, 0x77, 0x46, 0x6f, 0x72, 0x6d, 0x45, 0x72, 0x72, 0x6f, 0x72, 0x28,
    0x6d, 0x65, 0x73, 0x73, 0x61, 0x67, 0x65, 0x29, 0x20, 0x7b, 0x0a, 0x20,
    0x20, 0x20, 0x20, 0x65, 0x6c, 0x65, 0x6d, 0x65, 0x6e, 0x74, 0x73, 0x2e,
    0x66, 0x6f, 0x72, 0x6d, 0x45, 0x72, 0x72, 0x6f, 0x72, 0x2e, 0x74, 0x65,
    0x78, 0x74, 0x43, 0x6f, 0x6e, 0x74, 0x65, 0x6e, 0x74, 0x20, 0x3d, 0x20,
    0x6d, 0x65, 0x73, 0x73, 0x61, 0x67, 0x65, 0x3b, 0x0a, 0x20, 0x20, 0x20,
    0x20, 0x65, 0x6c, 0x65, 0x6d, 0x65, 0x6e, 0x74, 0x73, 0x2e, 0x66, 0x6f,
    0x72, 0x6d, 0x45, 0x72, 0x72, 0x6f, 0x72, 0x2e, 0x68, 0x69, 0x64, 0x64,
    0x65, 0x6e, 0x20, 0x3d, 0x20, 0x21, 0x6d, 0x65, 0x73, 0x73, 0x61, 0x67,
    0x65, 0x3b, 0x0a, 0x20, 0x20, 0x7d, 0x0a, 0x0a, 0x20, 0x20, 0x66, 0x75,
    0x6e, 0x63, 0x74, 0x69, 0x6f, 0x6e, 0x20, 0x72, 0x65, 0x6d, 0x6f, 0x74,
    0x65, 0x42, 0x75, 0x73, 0x79, 0x28, 0x29, 0x20, 0x7b, 0x0a, 0x20, 0x20,
    0x20, 0x20, 0x72, 0x65, 0x74, 0x75, 0x72, 0x6e, 0x20, 0x69, 0x73, 0x41,
    0x63, 0x74, 0x69, 0x76, 0x65, 0x53, 0x74, 0x61, 0x74, 0x65, 0x28, 0x73,
    0x74, 0x61, 0x74, 0x65, 0x2e, 0x72, 0x65, 0x6d, 0x6f, 0x74, 0x65, 0x53,
    0x74, 0x61, 0x74, 0x65, 0x29, 0x20, 0x26, 0x26, 0x20, 0x73, 0x74, 0x61,
    0x74, 0x65, 0x2e, 0x61, 0x63, 0x74, 0x69, 0x76, 0x65, 0x4a, 0x6f, 0x62,
    0x49, 0x64, 0x20, 0x3d, 0x3d, 0x3d, 0x20, 0x6e, 0x75, 0x6c, 0x6c, 0x3b,
    0x0a, 0x20, 0x20, 0x7d, 0x0a, 0x0a, 0x20, 0x20, 0x66, 0x75, 0x6e, 0x63,
    0x74, 0x69, 0x6f, 0x6e, 0x20, 0x72, 0x65, 0x66, 0x72, 0x65, 0x73, 0x68,
    0x43, 0x6f, 0x6e, 0x74, 0x72, 0x6f, 0x6c, 0x73, 0x28, 0x29, 0x20, 0x7b,
    0x0a, 0x20, 0x20, 0x20, 0x20, 0x63, 0x6f, 0x6e, 0x73, 0x74, 0x20, 0x6c,
    0x6f, 0x63, 0x6b, 0x65, 0x64, 0x20, 0x3d, 0x20, 0x73, 0x74, 0x61, 0x74,
    0x65, 0x2e, 0x73, 0x75, 0x62, 0x6d, 0x69, 0x74, 0x74, 0x69, 0x6e, 0x67,
    0x20, 0x7c, 0x7c, 0x20, 0x73, 0x74, 0x61, 0x74, 0x65, 0x2e, 0x61, 0x63,
    0x74, 0x69, 0x76, 0x65, 0x4a, 0x6f, 0x62, 0x49, 0x64, 0x20, 0x21, 0x3d,
    0x3d, 0x20, 0x6e, 0x75, 0x6c, 0x6c, 0x3b, 0x0a, 0x20, 0x20, 0x20, 0x20,
    0x63, 0x6f, 0x6e, 0x73, 0x74, 0x20, 0x63, 0x61, 0x6e, 0x53, 0x75, 0x62,
    0x6d, 0x69, 0x74, 0x20, 0x3d, 0x20, 0x73, 0x74, 0x61, 0x74, 0x65, 0x2e,
    0x63, 0x6f, 0x6e, 0x6e, 0x65, 0x63, 0x74, 0x65, 0x64, 0x20, 0x26, 0x26,
    0x20, 0x73, 0x74, 0x61, 0x74, 0x65, 0x2e, 0x72, 0x65, 0x61, 0x64, 0x79,
    0x20, 0x26, 0x26, 0x20, 0x21, 0x72, 0x65, 0x6d, 0x6f, 0x74, 0x65, 0x42,
    0x75, 0x73, 0x79, 0x28, 0x29, 0x20, 0x26, 0x26, 0x20, 0x21, 0x6c, 0x6f,
    0x63, 0x6b, 0x65, 0x64, 0x3b, 0x0a, 0x20, 0x20, 0x20, 0x20, 0x65, 0x6c,
    0x65, 0x6d, 0x65, 0x6e, 0x74, 0x73, 0x2e, 0x67, 0x65, 0x6e, 0x65, 0x72,
    0x61, 0x74, 0x65, 0x42, 0x75, 0x74, 0x74, 0x6f, 0x6e, 0x2e, 0x64, 0x69,
    0x73, 0x61, 0x62, 0x6c, 0x65, 0x64, 0x20, 0x3d, 0x20, 0x21, 0x63, 0x61,
    0x6e, 0x53, 0x75, 0x62, 0x6d, 0x69, 0x74, 0x3b, 0x0a, 0x20, 0x20, 0x20,
    0x20, 0x65, 0x6c, 0x65, 0x6d, 0x65, 0x6e, 0x74, 0x73, 0x2e, 0x70, 0x72,
    0x6f, 0x6d, 0x70, 0x74, 0x49, 0x6e, 0x70, 0x75, 0x74, 0x2e, 0x64, 0x69,
    0x73, 0x61, 0x62, 0x6c, 0x65, 0x64, 0x20, 0x3d, 0x20, 0x6c, 0x6f, 0x63,
    0x6b, 0x65, 0x64, 0x3b, 0x0a, 0x20, 0x20, 0x20, 0x20, 0x65, 0x6c, 0x65,
    0x6d, 0x65, 0x6e, 0x74, 0x73, 0x2e, 0x74, 0x6f, 0x6b, 0x65, 0x6e, 0x49,
    0x6e, 0x70, 0x75, 0x74, 0x2e, 0x64, 0x69, 0x73, 0x61, 0x62, 0x6c, 0x65,
    0x64, 0x20, 0x3d, 0x20, 0x6c, 0x6f, 0x63, 0x6b, 0x65, 0x64, 0x3b, 0x0a,
    0x20, 0x20, 0x20, 0x20, 0x65, 0x6c, 0x65, 0x6d, 0x65, 0x6e, 0x74, 0x73,
    0x2e, 0x6d, 0x61, 0x78, 0x4e, 0x65, 0x77, 0x49, 0x6e, 0x70, 0x75, 0x74,
    0x2e, 0x64, 0x69, 0x73, 0x61, 0x62, 0x6c, 0x65, 0x64, 0x20, 0x3d, 0x20,
    0x6c, 0x6f, 0x63, 0x6b, 0x65, 0x64, 0x3b, 0x0a, 0x20, 0x20, 0x20, 0x20,
    0x65, 0x6c, 0x65, 0x6d, 0x65, 0x6e, 0x74, 0x73, 0x2e, 0x6d, 0x6f, 0x64,
    0x65, 0x49, 0x6e, 0x70, 0x75, 0x74, 0x73, 0x2e, 0x66, 0x6f, 0x72, 0x45,
    0x61, 0x63, 0x68, 0x28, 0x28, 0x69, 0x6e, 0x70, 0x75, 0x74, 0x29, 0x20,
    0x3d, 0x3e, 0x20, 0x7b, 0x20, 0x69, 0x6e, 0x70, 0x75, 0x74, 0x2e, 0x64,
    0x69, 0x73, 0x61, 0x62, 0x6c, 0x65, 0x64, 0x20, 0x3d, 0x20, 0x6c, 0x6f,
    0x63, 0x6b, 0x65, 0x64, 0x3b, 0x20, 0x7d, 0x29, 0x3b, 0x0a, 0x20, 0x20,
    0x20, 0x20, 0x65, 0x6c, 0x65, 0x6d, 0x65, 0x6e, 0x74, 0x73, 0x2e, 0x72,
    0x65, 0x66, 0x72, 0x65, 0x73, 0x68, 0x48, 0x65, 0x61, 0x6c, 0x74, 0x68,
    0x2e, 0x64, 0x69, 0x73, 0x61, 0x62, 0x6c, 0x65, 0x64, 0x20, 0x3d, 0x20,
    0x73, 0x74, 0x61, 0x74, 0x65, 0x2e, 0x68, 0x65, 0x61, 0x6c, 0x74, 0x68,
    0x50, 0x65, 0x6e, 0x64, 0x69, 0x6e, 0x67, 0x20, 0x7c, 0x7c, 0x20, 0x73,
    0x74, 0x61, 0x74, 0x65, 0x2e, 0x61, 0x63, 0x74, 0x69, 0x76, 0x65, 0x4a,
    0x6f, 0x62, 0x49, 0x64, 0x20, 0x21, 0x3d, 0x3d, 0x20, 0x6e, 0x75, 0x6c,
    0x6c, 0x3b, 0x0a, 0x0a, 0x20, 0x20, 0x20, 0x20, 0x69, 0x66, 0x20, 0x28,
    0x73, 0x74, 0x61, 0x74, 0x65, 0x2e, 0x73, 0x75, 0x62, 0x6d, 0x69, 0x74,
    0x74, 0x69, 0x6e, 0x67, 0x29, 0x20, 0x7b, 0x0a, 0x20, 0x20, 0x20, 0x20,
    0x20, 0x20, 0x65, 0x6c, 0x65, 0x6d, 0x65, 0x6e, 0x74, 0x73, 0x2e, 0x62,
    0x75, 0x74, 0x74, 0x6f, 0x6e, 0x4c, 0x61, 0x62, 0x65, 0x6c, 0x2e, 0x74,
    0x65, 0x78, 0x74, 0x43, 0x6f, 0x6e, 0x74, 0x65, 0x6e, 0x74, 0x20, 0x3d,
    0x20, 0x22, 0x53, 0x75, 0x62, 0x6d, 0x69, 0x74, 0x74, 0x69, 0x6e, 0x67,
    0xe2, 0x80, 0xa6, 0x22, 0x3b, 0x0a, 0x20, 0x20, 0x20, 0x20, 0x20, 0x20,
    0x65, 0x6c, 0x65, 0x6d, 0x65, 0x6e, 0x74, 0x73, 0x2e, 0x73, 0x75, 0x62,
    0x6d, 0x69, 0x74, 0x48, 0x69, 0x6e, 0x74, 0x2e, 0x74, 0x65, 0x78, 0x74,
    0x43, 0x6f, 0x6e, 0x74, 0x65, 0x6e, 0x74, 0x20, 0x3d, 0x20, 0x22, 0x52,
    0x65, 0x73, 0x65, 0x72, 0x76, 0x69, 0x6e, 0x67, 0x20, 0x74, 0x68, 0x65,
    0x20, 0x73, 0x69, 0x6e, 0x67, 0x6c, 0x65, 0x20, 0x67, 0x65, 0x6e, 0x65,
    0x72, 0x61, 0x74, 0x69, 0x6f, 0x6e, 0x20, 0x73, 0x6c, 0x6f, 0x74, 0x2e,
    0x22, 0x3b, 0x0a, 0x20, 0x20, 0x20, 0x20, 0x7d, 0x20, 0x65, 0x6c, 0x73,
    0x65, 0x20, 0x69, 0x66, 0x20, 0x28, 0x73, 0x74, 0x61, 0x74, 0x65, 0x2e,
    0x61, 0x63, 0x74, 0x69, 0x76, 0x65, 0x4a, 0x6f, 0x62, 0x49, 0x64, 0x20,
    0x21, 0x3d, 0x3d, 0x20, 0x6e, 0x75, 0x6c, 0x6c, 0x29, 0x20, 0x7b, 0x0a,
    0x20, 0x20, 0x20, 0x20, 0x20, 0x20, 0x65, 0x6c, 0x65, 0x6d, 0x65, 0x6e,
    0x74, 0x73, 0x2e, 0x62, 0x75, 0x74, 0x74, 0x6f, 0x6e, 0x4c, 0x61, 0x62,
    0x65, 0x6c, 0x2e, 0x74, 0x65, 0x78, 0x74, 0x43, 0x6f, 0x6e, 0x74, 0x65,
    0x6e, 0x74, 0x20, 0x3d, 0x20, 0x22, 0x47, 0x65, 0x6e, 0x65, 0x72, 0x61,
    0x74, 0x69, 0x6f, 0x6e, 0x20, 0x69, 0x6e, 0x20, 0x70, 0x72, 0x6f, 0x67,
    0x72, 0x65, 0x73, 0x73, 0x22, 0x3b, 0x0a, 0x20, 0x20, 0x20, 0x20, 0x20,
    0x20, 0x65, 0x6c, 0x65, 0x6d, 0x65, 0x6e, 0x74, 0x73, 0x2e, 0x73, 0x75,
    0x62, 0x6d, 0x69, 0x74, 0x48, 0x69, 0x6e, 0x74, 0x2e, 0x74, 0x65, 0x78,
    0x74, 0x43, 0x6f, 0x6e, 0x74, 0x65, 0x6e, 0x74, 0x20, 0x3d, 0x20, 0x22,
    0x41, 0x20, 0x73, 0x65, 0x63, 0x6f, 0x6e, 0x64, 0x20, 0x72, 0x65, 0x71,
    0x75, 0x65, 0x73, 0x74, 0x20, 0x69, 0x73, 0x20, 0x64, 0x69, 0x73, 0x61,
    0x62, 0x6c, 0x65, 0x64, 0x20, 0x75, 0x6e, 0x74, 0x69, 0x6c, 0x20, 0x74,
    0x68, 0x69, 0x73, 0x20, 0x6a, 0x6f, 0x62, 0x20, 0x66, 0x69, 0x6e, 0x69,
    0x73, 0x68, 0x65, 0x73, 0x2e, 0x22, 0x3b, 0x0a, 0x20, 0x20, 0x20, 0x20,
    0x7d, 0x20, 0x65, 0x6c, 0x73, 0x65, 0x20, 0x7b, 0x0a, 0x20, 0x20, 0x20,
    0x20, 0x20, 0x20, 0x65, 0x6c, 0x65, 0x6d, 0x65, 0x6e, 0x74, 0x73, 0x2e,
    0x62, 0x75, 0x74, 0x74, 0x6f, 0x6e, 0x4c, 0x61, 0x62, 0x65, 0x6c, 0x2e,
    0x74, 0x65, 0x78, 0x74, 0x43, 0x6f, 0x6e, 0x74, 0x65, 0x6e, 0x74, 0x20,
    0x3d, 0x20, 0x22, 0x47, 0x65, 0x6e, 0x65, 0x72, 0x61, 0x74, 0x65, 0x20,
    0x6f, 0x6e, 0x20, 0x46, 0x50, 0x47, 0x41, 0x22, 0x3b, 0x0a, 0x20, 0x20,
    0x20, 0x20, 0x20, 0x20, 0x69, 0x66, 0x20, 0x28, 0x21, 0x73, 0x74, 0x61,
    0x74, 0x65, 0x2e, 0x63, 0x6f, 0x6e, 0x6e, 0x65, 0x63, 0x74, 0x65, 0x64,
    0x29, 0x20, 0x7b, 0x0a, 0x20, 0x20, 0x20, 0x20, 0x20, 0x20, 0x20, 0x20,
    0x65, 0x6c, 0x65, 0x6d, 0x65, 0x6e, 0x74, 0x73, 0x2e, 0x73, 0x75, 0x62,
    0x6d, 0x69, 0x74, 0x48, 0x69, 0x6e, 0x74, 0x2e, 0x74, 0x65, 0x78, 0x74,
    0x43, 0x6f, 0x6e, 0x74, 0x65, 0x6e, 0x74, 0x20, 0x3d, 0x20, 0x22, 0x54,
    0x68, 0x65, 0x20, 0x62, 0x6f, 0x61, 0x72, 0x64, 0x20, 0x73, 0x65, 0x72,
    0x76, 0x69, 0x63, 0x65, 0x20, 0x69, 0x73, 0x20, 0x75, 0x6e, 0x72, 0x65,
    0x61, 0x63, 0x68, 0x61, 0x62, 0x6c, 0x65, 0x2e, 0x22, 0x3b, 0x0a, 0x20,
    0x20, 0x20, 0x20, 0x20, 0x20, 0x7d, 0x20, 0x65, 0x6c, 0x73, 0x65, 0x20,
    0x69, 0x66, 0x20, 0x28, 0x21, 0x73, 0x74, 0x61, 0x74, 0x65, 0x2e, 0x72,
    0x65, 0x61, 0x64, 0x79, 0x29, 0x20, 0x7b, 0x0a, 0x20, 0x20, 0x20, 0x20,
    0x20, 0x20, 0x20, 0x20, 0x65, 0x6c, 0x65, 0x6d, 0x65, 0x6e, 0x74, 0x73,
    0x2e, 0x73, 0x75, 0x62, 0x6d, 0x69, 0x74, 0x48, 0x69, 0x6e, 0x74, 0x2e,
    0x74, 0x65, 0x78, 0x74, 0x43, 0x6f, 0x6e, 0x74, 0x65, 0x6e, 0x74, 0x20,
    0x3d, 0x20, 0x22, 0x54, 0x68, 0x65, 0x20, 0x62, 0x6f, 0x61, 0x72, 0x64,
    0x20, 0x73, 0x65, 0x72, 0x76, 0x69, 0x63, 0x65, 0x20, 0x69, 0x73, 0x20,
    0x6e, 0x6f, 0x74, 0x20, 0x72, 0x65, 0x61, 0x64, 0x79, 0x2e, 0x22, 0x3b,
    0x0a, 0x20, 0x20, 0x20, 0x20, 0x20, 0x20, 0x7d, 0x20, 0x65, 0x6c, 0x73,
    0x65, 0x20, 0x69, 0x66, 0x20, 0x28, 0x72, 0x65, 0x6d, 0x6f, 0x74, 0x65,
    0x42, 0x75, 0x73, 0x79, 0x28, 0x29, 0x29, 0x20, 0x7b, 0x0a, 0x20, 0x20,
    0x20, 0x20, 0x20, 0x20, 0x20, 0x20, 0x65, 0x6c, 0x65, 0x6d, 0x65, 0x6e,
    0x74, 0x73, 0x2e, 0x73, 0x75, 0x62, 0x6d, 0x69, 0x74, 0x48, 0x69, 0x6e,
    0x74, 0x2e, 0x74, 0x65, 0x78, 0x74, 0x43, 0x6f, 0x6e, 0x74, 0x65, 0x6e,
    0x74, 0x20, 0x3d, 0x20, 0x22, 0x54, 0x68, 0x65, 0x20, 0x62, 0x6f, 0x61,
    0x72, 0x64, 0x20, 0x69, 0x73, 0x20, 0x73, 0x65, 0x72, 0x76, 0x69, 0x6e,
    0x67, 0x20, 0x61, 0x6e, 0x6f, 0x74, 0x68, 0x65, 0x72, 0x20, 0x61, 0x63,
    0x74, 0x69, 0x76, 0x65, 0x20, 0x6a, 0x6f, 0x62, 0x2e, 0x22, 0x3b, 0x0a,
    0x20, 0x20, 0x20, 0x20, 0x20, 0x20, 0x7d, 0x20, 0x65, 0x6c, 0x73, 0x65,
    0x20, 0x7b, 0x0a, 0x20, 0x20, 0x20, 0x20, 0x20, 0x20, 0x20, 0x20, 0x65,
    0x6c, 0x65, 0x6d, 0x65, 0x6e, 0x74, 0x73, 0x2e, 0x73, 0x75, 0x62, 0x6d,
    0x69, 0x74, 0x48, 0x69, 0x6e, 0x74, 0x2e, 0x74, 0x65, 0x78, 0x74, 0x43,
    0x6f, 0x6e, 0x74, 0x65, 0x6e, 0x74, 0x20, 0x3d, 0x20, 0x22, 0x4f, 0x6e,
    0x65, 0x20, 0x72, 0x65, 0x71, 0x75, 0x65, 0x73, 0x74, 0x20, 0x61, 0x74,
    0x20, 0x61, 0x20, 0x74, 0x69, 0x6d, 0x65, 0x3b, 0x20, 0x67, 0x65, 0x6e,
    0x65, 0x72, 0x61, 0x74, 0x69, 0x6f, 0x6e, 0x20, 0x72, 0x75, 0x6e, 0x73,
    0x20, 0x65, 0x6e, 0x74, 0x69, 0x72, 0x65, 0x6c, 0x79, 0x20, 0x6f, 0x6e,
    0x20, 0x74, 0x68, 0x65, 0x20, 0x62, 0x6f, 0x61, 0x72, 0x64, 0x2e, 0x22,
    0x3b, 0x0a, 0x20, 0x20, 0x20, 0x20, 0x20, 0x20, 0x7d, 0x0a, 0x20, 0x20,
    0x20, 0x20, 0x7d, 0x0a, 0x20, 0x20, 0x7d, 0x0a, 0x0a, 0x20, 0x20, 0x61,
    0x73, 0x79, 0x6e, 0x63, 0x20, 0x66, 0x75, 0x6e, 0x63, 0x74, 0x69, 0x6f,
    0x6e, 0x20, 0x66, 0x65, 0x74, 0x63, 0x68, 0x57, 0x69, 0x74, 0x68, 0x54,
    0x69, 0x6d, 0x65, 0x6f, 0x75, 0x74, 0x28, 0x70, 0x61, 0x74, 0x68, 0x2c,
    0x20, 0x6f, 0x70, 0x74, 0x69, 0x6f, 0x6e, 0x73, 0x29, 0x20, 0x7b, 0x0a,
    0x20, 0x20, 0x20, 0x20, 0x63, 0x6f, 0x6e, 0x73, 0x74, 0x20, 0x63, 0x6f,
    0x6e, 0x74, 0x72, 0x6f, 0x6c, 0x6c, 0x65, 0x72, 0x20, 0x3d, 0x20, 0x6e,
    0x65, 0x77, 0x20, 0x41, 0x62, 0x6f, 0x72, 0x74, 0x43, 0x6f, 0x6e, 0x74,
    0x72, 0x6f, 0x6c, 0x6c, 0x65, 0x72, 0x28, 0x29, 0x3b, 0x0a, 0x20, 0x20,
    0x20, 0x20, 0x63, 0x6f, 0x6e, 0x73, 0x74, 0x20, 0x74, 0x69, 0x6d, 0x65,
    0x6f, 0x75, 0x74, 0x20, 0x3d, 0x20, 0x72, 0x6f, 0x6f, 0x74, 0x2e, 0x73,
    0x65, 0x74, 0x54, 0x69, 0x6d, 0x65, 0x6f, 0x75, 0x74, 0x28, 0x28, 0x29,
    0x20, 0x3d, 0x3e, 0x20, 0x63, 0x6f, 0x6e, 0x74, 0x72, 0x6f, 0x6c, 0x6c,
    0x65, 0x72, 0x2e, 0x61, 0x62, 0x6f, 0x72, 0x74, 0x28, 0x29, 0x2c, 0x20,
    0x4c, 0x49, 0x4d, 0x49, 0x54, 0x53, 0x2e, 0x72, 0x65, 0x71, 0x75, 0x65,
    0x73, 0x74, 0x54, 0x69, 0x6d, 0x65, 0x6f, 0x75, 0x74, 0x4d, 0x73, 0x29,
    0x3b, 0x0a, 0x20, 0x20, 0x20, 0x20, 0x74, 0x72, 0x79, 0x20, 0x7b, 0x0a,
    0x20, 0x20, 0x20, 0x20, 0x20, 0x20, 0x72, 0x65, 0x74, 0x75, 0x72, 0x6e,
    0x20, 0x61, 0x77, 0x61, 0x69, 0x74, 0x20, 0x66, 0x65, 0x74, 0x63, 0x68,
    0x28, 0x70, 0x61, 0x74, 0x68, 0x2c, 0x20, 0x7b, 0x20, 0x2e, 0x2e, 0x2e,
    0x6f, 0x70, 0x74, 0x69, 0x6f, 0x6e, 0x73, 0x2c, 0x20, 0x73, 0x69, 0x67,
    0x6e, 0x61, 0x6c, 0x3a, 0x20, 0x63, 0x6f, 0x6e, 0x74, 0x72, 0x6f, 0x6c,
    0x6c, 0x65, 0x72, 0x2e, 0x73, 0x69, 0x67, 0x6e, 0x61, 0x6c, 0x2c, 0x20,
    0x63, 0x61, 0x63, 0x68, 0x65, 0x3a, 0x20, 0x22, 0x6e, 0x6f, 0x2d, 0x73,
    0x74, 0x6f, 0x72, 0x65, 0x22, 0x20, 0x7d, 0x29, 0x3b, 0x0a, 0x20, 0x20,
    0x20, 0x20, 0x7d, 0x20, 0x66, 0x69, 0x6e, 0x61, 0x6c, 0x6c, 0x79, 0x20,
    0x7b, 0x0a, 0x20, 0x20, 0x20, 0x20, 0x20, 0x20, 0x72, 0x6f, 0x6f, 0x74,
    0x2e, 0x63, 0x6c, 0x65, 0x61, 0x72, 0x54, 0x69, 0x6d, 0x65, 0x6f, 0x75,
    0x74, 0x28, 0x74, 0x69, 0x6d, 0x65, 0x6f, 0x75, 0x74, 0x29, 0x3b, 0x0a,
    0x20, 0x20, 0x20, 0x20, 0x7d, 0x0a, 0x20, 0x20, 0x7d, 0x0a, 0x0a, 0x20,
    0x20, 0x61, 0x73, 0x79, 0x6e, 0x63, 0x20, 0x66, 0x75, 0x6e, 0x63, 0x74,
    0x69, 0x6f, 0x6e, 0x20, 0x72, 0x65, 0x61, 0x64, 0x4a, 0x73, 0x6f, 0x6e,
    0x28, 0x72, 0x65, 0x73, 0x70, 0x6f, 0x6e, 0x73, 0x65, 0x29, 0x20, 0x7b,
    0x0a, 0x20, 0x20, 0x20, 0x20, 0x6c, 0x65, 0x74, 0x20, 0x70, 0x61, 0x79,
    0x6c, 0x6f, 0x61, 0x64, 0x20, 0x3d, 0x20, 0x6e, 0x75, 0x6c, 0x6c, 0x3b,
    0x0a, 0x20, 0x20, 0x20, 0x20, 0x74, 0x72, 0x79, 0x20, 0x7b, 0x0a, 0x20,
    0x20, 0x20, 0x20, 0x20, 0x20, 0x70, 0x61, 0x79, 0x6c, 0x6f, 0x61, 0x64,
    0x20, 0x3d, 0x20, 0x61, 0x77, 0x61, 0x69, 0x74, 0x20, 0x72, 0x65, 0x73,
    0x70, 0x6f, 0x6e, 0x73, 0x65, 0x2e, 0x6a, 0x73, 0x6f, 0x6e, 0x28, 0x29,
    0x3b, 0x0a, 0x20, 0x20, 0x20, 0x20, 0x7d, 0x20, 0x63, 0x61, 0x74, 0x63,
    0x68, 0x20, 0x28, 0x5f, 0x65, 0x72, 0x72, 0x6f, 0x72, 0x29, 0x20, 0x7b,
    0x0a, 0x20, 0x20, 0x20, 0x20, 0x20, 0x20, 0x69, 0x66, 0x20, 0x28, 0x72,
    0x65, 0x73, 0x70, 0x6f, 0x6e, 0x73, 0x65, 0x2e, 0x6f, 0x6b, 0x29, 0x20,
    0x7b, 0x0a, 0x20, 0x20, 0x20, 0x20, 0x20, 0x20, 0x20, 0x20, 0x74, 0x68,
    0x72, 0x6f, 0x77, 0x20, 0x6e, 0x65, 0x77, 0x20, 0x41, 0x70, 0x69, 0x45,
    0x72, 0x72, 0x6f, 0x72, 0x28, 0x72, 0x65, 0x73, 0x70, 0x6f, 0x6e, 0x73,
    0x65, 0x2e, 0x73, 0x74, 0x61, 0x74, 0x75, 0x73, 0x2c, 0x20, 0x22, 0x69,
    0x6e, 0x76, 0x61, 0x6c, 0x69, 0x64, 0x5f, 0x6a, 0x73, 0x6f, 0x6e, 0x22,
    0x2c, 0x20, 0x22, 0x54, 0x68, 0x65, 0x20, 0x62, 0x6f, 0x61, 0x72, 0x64,
    0x20, 0x72, 0x65, 0x74, 0x75, 0x72, 0x6e, 0x65, 0x64, 0x20, 0x6d, 0x61,
    0x6c, 0x66, 0x6f, 0x72, 0x6d, 0x65, 0x64, 0x20, 0x4a, 0x53, 0x4f, 0x4e,
    0x2e, 0x22, 0x29, 0x3b, 0x0a, 0x20, 0x20, 0x20, 0x20, 0x20, 0x20, 0x7d,
    0x0a, 0x20, 0x20, 0x20, 0x20, 0x7d, 0x0a, 0x20, 0x20, 0x20, 0x20, 0x69,
    0x66, 0x20, 0x28, 0x21, 0x72, 0x65, 0x73, 0x70, 0x6f, 0x6e, 0x73, 0x65,
    0x2e, 0x6f, 0x6b, 0x29, 0x20, 0x7b, 0x0a, 0x20, 0x20, 0x20, 0x20, 0x20,
    0x20, 0x63, 0x6f, 0x6e, 0x73, 0x74, 0x20, 0x63, 0x6f, 0x64, 0x65, 0x20,
    0x3d, 0x20, 0x70, 0x61, 0x79, 0x6c, 0x6f, 0x61, 0x64, 0x20, 0x26, 0x26,
    0x20, 0x70, 0x61, 0x79, 0x6c, 0x6f, 0x61, 0x64, 0x2e, 0x65, 0x72, 0x72,
    0x6f, 0x72, 0x20, 0x26, 0x26, 0x20, 0x74, 0x79, 0x70, 0x65, 0x6f, 0x66,
    0x20, 0x70, 0x61, 0x79, 0x6c, 0x6f, 0x61, 0x64, 0x2e, 0x65, 0x72, 0x72,
    0x6f, 0x72, 0x2e, 0x63, 0x6f, 0x64, 0x65, 0x20, 0x3d, 0x3d, 0x3d, 0x20,
    0x22, 0x73, 0x74, 0x72, 0x69, 0x6e, 0x67, 0x22, 0x0a, 0x20, 0x20, 0x20,
    0x20, 0x20, 0x20, 0x20, 0x20, 0x3f, 0x20, 0x70, 0x61, 0x79, 0x6c, 0x6f,
    0x61, 0x64, 0x2e, 0x65, 0x72, 0x72, 0x6f, 0x72, 0x2e, 0x63, 0x6f, 0x64,
    0x65, 0x0a, 0x20, 0x20, 0x20, 0x20, 0x20, 0x20, 0x20, 0x20, 0x3a, 0x20,
    0x22, 0x68, 0x74, 0x74, 0x70, 0x5f, 0x65, 0x72, 0x72, 0x6f, 0x72, 0x22,
    0x3b, 0x0a, 0x20, 0x20, 0x20, 0x20, 0x20, 0x20, 0x74, 0x68, 0x72, 0x6f,
    0x77, 0x20, 0x6e, 0x65, 0x77, 0x20, 0x41, 0x70, 0x69, 0x45, 0x72, 0x72,
    0x6f, 0x72, 0x28, 0x72, 0x65, 0x73, 0x70, 0x6f, 0x6e, 0x73, 0x65, 0x2e,
    0x73, 0x74, 0x61, 0x74, 0x75, 0x73, 0x2c, 0x20, 0x63, 0x6f, 0x64, 0x65,
    0x2c, 0x20, 0x65, 0x72, 0x72, 0x6f, 0x72, 0x4d, 0x65, 0x73, 0x73, 0x61,
    0x67, 0x65, 0x28, 0x70, 0x61, 0x79, 0x6c, 0x6f, 0x61, 0x64, 0x2c, 0x20,
    0x60, 0x48, 0x54, 0x54, 0x50, 0x20, 0x24, 0x7b, 0x72, 0x65, 0x73, 0x70,
    0x6f, 0x6e, 0x73, 0x65, 0x2e, 0x73, 0x74, 0x61, 0x74, 0x75, 0x73, 0x7d,
    0x60, 0x29, 0x29, 0x3b, 0x0a, 0x20, 0x20, 0x20, 0x20, 0x7d, 0x0a, 0x20,
    0x20, 0x20, 0x20, 0x69, 0x66, 0x20, 0x28, 0x21, 0x70, 0x61, 0x79, 0x6c,
    0x6f, 0x61, 0x64, 0x20, 0x7c, 0x7c, 0x20, 0x74, 0x79, 0x70, 0x65, 0x6f,
    0x66, 0x20, 0x70, 0x61, 0x79, 0x6c, 0x6f, 0x61, 0x64, 0x20, 0x21, 0x3d,
    0x3d, 0x20, 0x22, 0x6f, 0x62, 0x6a, 0x65, 0x63, 0x74, 0x22, 0x29, 0x20,
    0x7b, 0x0a, 0x20, 0x20, 0x20, 0x20, 0x20, 0x20, 0x74, 0x68, 0x72, 0x6f,
    0x77, 0x20, 0x6e, 0x65, 0x77, 0x20, 0x41, 0x70, 0x69, 0x45, 0x72, 0x72,
    0x6f, 0x72, 0x28, 0x72, 0x65, 0x73, 0x70, 0x6f, 0x6e, 0x73, 0x65, 0x2e,
    0x73, 0x74, 0x61, 0x74, 0x75, 0x73, 0x2c, 0x20, 0x22, 0x69, 0x6e, 0x76,
    0x61, 0x6c, 0x69, 0x64, 0x5f, 0x6a, 0x73, 0x6f, 0x6e, 0x22, 0x2c, 0x20,
    0x22, 0x54, 0x68, 0x65, 0x20, 0x62, 0x6f, 0x61, 0x72, 0x64, 0x20, 0x72,
    0x65, 0x74, 0x75, 0x72, 0x6e, 0x65, 0x64, 0x20, 0x61, 0x6e, 0x20, 0x65,
    0x6d, 0x70, 0x74, 0x79, 0x20, 0x4a, 0x53, 0x4f, 0x4e, 0x20, 0x72, 0x65,
    0x73, 0x70, 0x6f, 0x6e, 0x73, 0x65, 0x2e, 0x22, 0x29, 0x3b, 0x0a, 0x20,
    0x20, 0x20, 0x20, 0x7d, 0x0a, 0x20, 0x20, 0x20, 0x20, 0x72, 0x65, 0x74,
    0x75, 0x72, 0x6e, 0x20, 0x70, 0x61, 0x79, 0x6c, 0x6f, 0x61, 0x64, 0x3b,
    0x0a, 0x20, 0x20, 0x7d, 0x0a, 0x0a, 0x20, 0x20, 0x61, 0x73, 0x79, 0x6e,
    0x63, 0x20, 0x66, 0x75, 0x6e, 0x63, 0x74, 0x69, 0x6f, 0x6e, 0x20, 0x61,
    0x70, 0x69, 0x4a, 0x73, 0x6f, 0x6e, 0x28, 0x70, 0x61, 0x74, 0x68, 0x2c,
    0x20, 0x6f, 0x70, 0x74, 0x69, 0x6f, 0x6e, 0x73, 0x29, 0x20, 0x7b, 0x0a,
    0x20, 0x20, 0x20, 0x20, 0x63, 0x6f, 0x6e, 0x73, 0x74, 0x20, 0x72, 0x65,
    0x73, 0x70, 0x6f, 0x6e, 0x73, 0x65, 0x20, 0x3d, 0x20, 0x61, 0x77, 0x61,
    0x69, 0x74, 0x20, 0x66, 0x65, 0x74, 0x63, 0x68, 0x57, 0x69, 0x74, 0x68,
    0x54, 0x69, 0x6d, 0x65, 0x6f, 0x75, 0x74, 0x28, 0x70, 0x61, 0x74, 0x68,
    0x2c, 0x20, 0x6f, 0x70, 0x74, 0x69, 0x6f, 0x6e, 0x73, 0x20, 0x7c, 0x7c,
    0x20, 0x7b, 0x20, 0x6d, 0x65, 0x74, 0x68, 0x6f, 0x64, 0x3a, 0x20, 0x22,
    0x47, 0x45, 0x54, 0x22, 0x20, 0x7d, 0x29, 0x3b, 0x0a, 0x20, 0x20, 0x20,
    0x20, 0x72, 0x65, 0x74, 0x75, 0x72, 0x6e, 0x20, 0x72, 0x65, 0x61, 0x64,
    0x4a, 0x73, 0x6f, 0x6e, 0x28, 0x72, 0x65, 0x73, 0x70, 0x6f, 0x6e, 0x73,
    0x65, 0x29, 0x3b, 0x0a, 0x20, 0x20, 0x7d, 0x0a, 0x0a, 0x20, 0x20, 0x61,
    0x73, 0x79, 0x6e, 0x63, 0x20, 0x66, 0x75, 0x6e, 0x63, 0x74, 0x69, 0x6f,
    0x6e, 0x20, 0x61, 0x70, 0x69, 0x4f, 0x75, 0x74, 0x70, 0x75, 0x74, 0x28,
    0x6a, 0x6f, 0x62, 0x49, 0x64, 0x29, 0x20, 0x7b, 0x0a, 0x20, 0x20, 0x20,
    0x20, 0x63, 0x6f, 0x6e, 0x73, 0x74, 0x20, 0x72, 0x65, 0x73, 0x70, 0x6f,
    0x6e, 0x73, 0x65, 0x20, 0x3d, 0x20, 0x61, 0x77, 0x61, 0x69, 0x74, 0x20,
    0x66, 0x65, 0x74, 0x63, 0x68, 0x57, 0x69, 0x74, 0x68, 0x54, 0x69, 0x6d,
    0x65, 0x6f, 0x75, 0x74, 0x28, 0x60, 0x2f, 0x61, 0x70, 0x69, 0x2f, 0x67,
    0x65, 0x6e, 0x65, 0x72, 0x61, 0x74, 0x65, 0x2f, 0x24, 0x7b, 0x6a, 0x6f,
    0x62, 0x49, 0x64, 0x7d, 0x2f, 0x6f, 0x75, 0x74, 0x70, 0x75, 0x74, 0x60,
    0x2c, 0x20, 0x7b, 0x20, 0x6d, 0x65, 0x74, 0x68, 0x6f, 0x64, 0x3a, 0x20,
    0x22, 0x47, 0x45, 0x54, 0x22, 0x20, 0x7d, 0x29, 0x3b, 0x0a, 0x20, 0x20,
    0x20, 0x20, 0x69, 0x66, 0x20, 0x28, 0x21, 0x72, 0x65, 0x73, 0x70, 0x6f,
    0x6e, 0x73, 0x65, 0x2e, 0x6f, 0x6b, 0x29, 0x20, 0x7b, 0x0a, 0x20, 0x20,
    0x20, 0x20, 0x20, 0x20, 0x72, 0x65, 0x74, 0x75, 0x72, 0x6e, 0x20, 0x72,
    0x65, 0x61, 0x64, 0x4a, 0x73, 0x6f, 0x6e, 0x28, 0x72, 0x65, 0x73, 0x70,
    0x6f, 0x6e, 0x73, 0x65, 0x29, 0x3b, 0x0a, 0x20, 0x20, 0x20, 0x20, 0x7d,
    0x0a, 0x20, 0x20, 0x20, 0x20, 0x72, 0x65, 0x74, 0x75, 0x72, 0x6e, 0x20,
    0x6e, 0x65, 0x77, 0x20, 0x55, 0x69, 0x6e, 0x74, 0x38, 0x41, 0x72, 0x72,
    0x61, 0x79, 0x28, 0x61, 0x77, 0x61, 0x69, 0x74, 0x20, 0x72, 0x65, 0x73,
    0x70, 0x6f, 0x6e, 0x73, 0x65, 0x2e, 0x61, 0x72, 0x72, 0x61, 0x79, 0x42,
    0x75, 0x66, 0x66, 0x65, 0x72, 0x28, 0x29, 0x29, 0x3b, 0x0a, 0x20, 0x20,
    0x7d, 0x0a, 0x0a, 0x20, 0x20, 0x66, 0x75, 0x6e, 0x63, 0x74, 0x69, 0x6f,
    0x6e, 0x20, 0x75, 0x70, 0x64, 0x61, 0x74, 0x65, 0x49, 0x6e, 0x70, 0x75,
    0x74, 0x4d, 0x6f, 0x64, 0x65, 0x28, 0x29, 0x20, 0x7b, 0x0a, 0x20, 0x20,
    0x20, 0x20, 0x63, 0x6f, 0x6e, 0x73, 0x74, 0x20, 0x70, 0x72, 0x6f, 0x6d,
    0x70, 0x74, 0x4d, 0x6f, 0x64, 0x65, 0x20, 0x3d, 0x20, 0x63, 0x75, 0x72,
    0x72, 0x65, 0x6e, 0x74, 0x4d, 0x6f, 0x64, 0x65, 0x28, 0x29, 0x20, 0x3d,
    0x3d, 0x3d, 0x20, 0x22, 0x70, 0x72, 0x6f, 0x6d, 0x70, 0x74, 0x22, 0x3b,
    0x0a, 0x20, 0x20, 0x20, 0x20, 0x65, 0x6c, 0x65, 0x6d, 0x65, 0x6e, 0x74,
    0x73, 0x2e, 0x70, 0x72, 0x6f, 0x6d, 0x70, 0x74, 0x50, 0x61, 0x6e, 0x65,
    0x2e, 0x68, 0x69, 0x64, 0x64, 0x65, 0x6e, 0x20, 0x3d, 0x20, 0x21, 0x70,
    0x72, 0x6f, 0x6d, 0x70, 0x74, 0x4d, 0x6f, 0x64, 0x65, 0x3b, 0x0a, 0x20,
    0x20, 0x20, 0x20, 0x65, 0x6c, 0x65, 0x6d, 0x65, 0x6e, 0x74, 0x73, 0x2e,
    0x74, 0x6f, 0x6b, 0x65, 0x6e, 0x73, 0x50, 0x61, 0x6e, 0x65, 0x2e, 0x68,
    0x69, 0x64, 0x64, 0x65, 0x6e, 0x20, 0x3d, 0x20, 0x70, 0x72, 0x6f, 0x6d,
    0x70, 0x74, 0x4d, 0x6f, 0x64, 0x65, 0x3b, 0x0a, 0x20, 0x20, 0x20, 0x20,
    0x73, 0x68, 0x6f, 0x77, 0x46, 0x6f, 0x72, 0x6d, 0x45, 0x72, 0x72, 0x6f,
    0x72, 0x28, 0x22, 0x22, 0x29, 0x3b, 0x0a, 0x20, 0x20, 0x7d, 0x0a, 0x0a,
    0x20, 0x20, 0x66, 0x75, 0x6e, 0x63, 0x74, 0x69, 0x6f, 0x6e, 0x20, 0x75,
    0x70, 0x64, 0x61, 0x74, 0x65, 0x49, 0x6e, 0x70, 0x75, 0x74, 0x43, 0x6f,
    0x75, 0x6e, 0x74, 0x73, 0x28, 0x29, 0x20, 0x7b, 0x0a, 0x20, 0x20, 0x20,
    0x20, 0x63, 0x6f, 0x6e, 0x73, 0x74, 0x20, 0x70, 0x72, 0x6f, 0x6d, 0x70,
    0x74, 0x42, 0x79, 0x74, 0x65, 0x73, 0x20, 0x3d, 0x20, 0x75, 0x74, 0x66,
    0x38, 0x45, 0x6e, 0x63, 0x6f, 0x64, 0x65, 0x72, 0x2e, 0x65, 0x6e, 0x63,
    0x6f, 0x64, 0x65, 0x28, 0x65, 0x6c, 0x65, 0x6d, 0x65, 0x6e, 0x74, 0x73,
    0x2e, 0x70, 0x72, 0x6f, 0x6d, 0x70, 0x74, 0x49, 0x6e, 0x70, 0x75, 0x74,
    0x2e, 0x76, 0x61, 0x6c, 0x75, 0x65, 0x29, 0x2e, 0x6c, 0x65, 0x6e, 0x67,
    0x74, 0x68, 0x3b, 0x0a, 0x20, 0x20, 0x20, 0x20, 0x65, 0x6c, 0x65, 0x6d,
    0x65, 0x6e, 0x74, 0x73, 0x2e, 0x70, 0x72, 0x6f, 0x6d, 0x70, 0x74, 0x42,
    0x79, 0x74, 0x65, 0x43, 0x6f, 0x75, 0x6e, 0x74, 0x2e, 0x74, 0x65, 0x78,
    0x74, 0x43, 0x6f, 0x6e, 0x74, 0x65, 0x6e, 0x74, 0x20, 0x3d, 0x20, 0x60,
    0x24, 0x7b, 0x70, 0x72, 0x6f, 0x6d, 0x70, 0x74, 0x42, 0x79, 0x74, 0x65,
    0x73, 0x7d, 0x20, 0x2f, 0x20, 0x24, 0x7b, 0x4c, 0x49, 0x4d, 0x49, 0x54,
    0x53, 0x2e, 0x6d, 0x61, 0x78, 0x50, 0x72, 0x6f, 0x6d, 0x70, 0x74, 0x42,
    0x79, 0x74, 0x65, 0x73, 0x7d, 0x20, 0x62, 0x79, 0x74, 0x65, 0x73, 0x60,
    0x3b, 0x0a, 0x20, 0x20, 0x20, 0x20, 0x65, 0x6c, 0x65, 0x6d, 0x65, 0x6e,
    0x74, 0x73, 0x2e, 0x70, 0x72, 0x6f, 0x6d, 0x70, 0x74, 0x42, 0x79, 0x74,
    0x65, 0x43, 0x6f, 0x75, 0x6e, 0x74, 0x2e, 0x63, 0x6c, 0x61, 0x73, 0x73,
    0x4c, 0x69, 0x73, 0x74, 0x2e, 0x74, 0x6f, 0x67, 0x67, 0x6c, 0x65, 0x28,
    0x22, 0x69, 0x6e, 0x76, 0x61, 0x6c, 0x69, 0x64, 0x22, 0x2c, 0x20, 0x70,
    0x72, 0x6f, 0x6d, 0x70, 0x74, 0x42, 0x79, 0x74, 0x65, 0x73, 0x20, 0x3e,
    0x20, 0x4c, 0x49, 0x4d, 0x49, 0x54, 0x53, 0x2e, 0x6d, 0x61, 0x78, 0x50,
    0x72, 0x6f, 0x6d, 0x70, 0x74, 0x42, 0x79, 0x74, 0x65, 0x73, 0x29, 0x3b,
    0x0a, 0x20, 0x20, 0x20, 0x20, 0x74, 0x72, 0x79, 0x20, 0x7b, 0x0a, 0x20,
    0x20, 0x20, 0x20, 0x20, 0x20, 0x63, 0x6f, 0x6e, 0x73, 0x74, 0x20, 0x74,
    0x6f, 0x6b, 0x65, 0x6e, 0x73, 0x20, 0x3d, 0x20, 0x65, 0x6c, 0x65, 0x6d,
    0x65, 0x6e, 0x74, 0x73, 0x2e, 0x74, 0x6f, 0x6b, 0x65, 0x6e, 0x49, 0x6e,
    0x70, 0x75, 0x74, 0x2e, 0x76, 0x61, 0x6c, 0x75, 0x65, 0x2e, 0x74, 0x72,
    0x69, 0x6d, 0x28, 0x29, 0x2e, 0x6c, 0x65, 0x6e, 0x67, 0x74, 0x68, 0x20,
    0x3d, 0x3d, 0x3d, 0x20, 0x30, 0x0a, 0x20, 0x20, 0x20, 0x20, 0x20, 0x20,
    0x20, 0x20, 0x3f, 0x20, 0x5b, 0x5d, 0x0a, 0x20, 0x20, 0x20, 0x20, 0x20,
    0x20, 0x20, 0x20, 0x3a, 0x20, 0x70, 0x61, 0x72, 0x73, 0x65, 0x54, 0x6f,
    0x6b, 0x65, 0x6e, 0x49, 0x64, 0x73, 0x28, 0x65, 0x6c, 0x65, 0x6d, 0x65,
    0x6e, 0x74, 0x73, 0x2e, 0x74, 0x6f, 0x6b, 0x65, 0x6e, 0x49, 0x6e, 0x70,
    0x75, 0x74, 0x2e, 0x76, 0x61, 0x6c, 0x75, 0x65, 0x29, 0x3b, 0x0a, 0x20,
    0x20, 0x20, 0x20, 0x20, 0x20, 0x65, 0x6c, 0x65, 0x6d, 0x65, 0x6e, 0x74,
    0x73, 0x2e, 0x74, 0x6f, 0x6b, 0x65, 0x6e, 0x43, 0x6f, 0x75, 0x6e, 0x74,
    0x2e, 0x74, 0x65, 0x78, 0x74, 0x43, 0x6f, 0x6e, 0x74, 0x65, 0x6e, 0x74,
    0x20, 0x3d, 0x20, 0x60, 0x24, 0x7b, 0x74, 0x6f, 0x6b, 0x65, 0x6e, 0x73,
    0x2e, 0x6c, 0x65, 0x6e, 0x67, 0x74, 0x68, 0x7d, 0x20, 0x2f, 0x20, 0x24,
    0x7b, 0x4c, 0x49, 0x4d, 0x49, 0x54, 0x53, 0x2e, 0x6d, 0x61, 0x78, 0x54,
    0x6f, 0x6b, 0x65, 0x6e, 0x73, 0x7d, 0x20, 0x74, 0x6f, 0x6b, 0x65, 0x6e,
    0x73, 0x60, 0x3b, 0x0a, 0x20, 0x20, 0x20, 0x20, 0x20, 0x20, 0x65, 0x6c,
    0x65, 0x6d, 0x65, 0x6e, 0x74, 0x73, 0x2e, 0x74, 0x6f, 0x6b, 0x65, 0x6e,
    0x43, 0x6f, 0x75, 0x6e, 0x74, 0x2e, 0x63, 0x6c, 0x61, 0x73, 0x73, 0x4c,
    0x69, 0x73, 0x74, 0x2e, 0x72, 0x65, 0x6d, 0x6f, 0x76, 0x65, 0x28, 0x22,
    0x69, 0x6e, 0x76, 0x61, 0x6c, 0x69, 0x64, 0x22, 0x29, 0x3b, 0x0a, 0x20,
    0x20, 0x20, 0x20, 0x7d, 0x20, 0x63, 0x61, 0x74, 0x63, 0x68, 0x20, 0x28,
    0x5f, 0x65, 0x72, 0x72, 0x6f, 0x72, 0x29, 0x20, 0x7b, 0x0a, 0x20, 0x20,
    0x20, 0x20, 0x20, 0x20, 0x65, 0x6c, 0x65, 0x6d, 0x65, 0x6e, 0x74, 0x73,
    0x2e, 0x74, 0x6f, 0x6b, 0x65, 0x6e, 0x43, 0x6f, 0x75, 0x6e, 0x74, 0x2e,
    0x74, 0x65, 0x78, 0x74, 0x43, 0x6f, 0x6e, 0x74, 0x65, 0x6e, 0x74, 0x20,
    0x3d, 0x20, 0x22, 0x49, 0x6e, 0x76, 0x61, 0x6c, 0x69, 0x64, 0x20, 0x74,
    0x6f, 0x6b, 0x65, 0x6e, 0x20, 0x6c, 0x69, 0x73, 0x74, 0x22, 0x3b, 0x0a,
    0x20, 0x20, 0x20, 0x20, 0x20, 0x20, 0x65, 0x6c, 0x65, 0x6d, 0x65, 0x6e,
    0x74, 0x73, 0x2e, 0x74, 0x6f, 0x6b, 0x65, 0x6e, 0x43, 0x6f, 0x75, 0x6e,
    0x74, 0x2e, 0x63, 0x6c, 0x61, 0x73, 0x73, 0x4c, 0x69, 0x73, 0x74, 0x2e,
    0x61, 0x64, 0x64, 0x28, 0x22, 0x69, 0x6e, 0x76, 0x61, 0x6c, 0x69, 0x64,
    0x22, 0x29, 0x3b, 0x0a, 0x20, 0x20, 0x20, 0x20, 0x7d, 0x0a, 0x20, 0x20,
    0x7d, 0x0a, 0x0a, 0x20, 0x20, 0x66, 0x75, 0x6e, 0x63, 0x74, 0x69, 0x6f,
    0x6e, 0x20, 0x72, 0x65, 0x73, 0x65, 0x74, 0x52, 0x65, 0x73, 0x75, 0x6c,
    0x74, 0x28, 0x29, 0x20, 0x7b, 0x0a, 0x20, 0x20, 0x20, 0x20, 0x65, 0x6c,
    0x65, 0x6d, 0x65, 0x6e, 0x74, 0x73, 0x2e, 0x6a, 0x6f, 0x62, 0x53, 0x74,
    0x61, 0x74, 0x65, 0x2e, 0x74, 0x65, 0x78, 0x74, 0x43, 0x6f, 0x6e, 0x74,
    0x65, 0x6e, 0x74, 0x20, 0x3d, 0x20, 0x22, 0x51, 0x75, 0x65, 0x75, 0x65,
    0x64, 0x22, 0x3b, 0x0a, 0x20, 0x20, 0x20, 0x20, 0x65, 0x6c, 0x65, 0x6d,
    0x65, 0x6e, 0x74, 0x73, 0x2e, 0x6a, 0x6f, 0x62, 0x53, 0x74, 0x61, 0x74,
    0x65, 0x2e, 0x64, 0x61, 0x74, 0x61, 0x73, 0x65, 0x74, 0x2e, 0x73, 0x74,
    0x61, 0x74, 0x65, 0x20, 0x3d, 0x20, 0x22, 0x71, 0x75, 0x65, 0x75, 0x65,
    0x64, 0x22, 0x3b, 0x0a, 0x20, 0x20, 0x20, 0x20, 0x65, 0x6c, 0x65, 0x6d,
    0x65, 0x6e, 0x74, 0x73, 0x2e, 0x6a, 0x6f, 0x62, 0x49, 0x64, 0x2e, 0x74,
    0x65, 0x78, 0x74, 0x43, 0x6f, 0x6e, 0x74, 0x65, 0x6e, 0x74, 0x20, 0x3d,
    0x20, 0x22, 0xe2, 0x80, 0x94, 0x22, 0x3b, 0x0a, 0x20, 0x20, 0x20, 0x20,
    0x65, 0x6c, 0x65, 0x6d, 0x65, 0x6e, 0x74, 0x73, 0x2e, 0x70, 0x72, 0x6f,
    0x6d, 0x70, 0x74, 0x50, 0x72, 0x6f, 0x67, 0x72, 0x65, 0x73, 0x73, 0x2e,
    0x74, 0x65, 0x78, 0x74, 0x43, 0x6f, 0x6e, 0x74, 0x65, 0x6e, 0x74, 0x20,
    0x3d, 0x20, 0x22, 0x30, 0x20, 0x2f, 0x20, 0x30, 0x22, 0x3b, 0x0a, 0x20,
    0x20, 0x20, 0x20, 0x65, 0x6c, 0x65, 0x6d, 0x65, 0x6e, 0x74, 0x73, 0x2e,
    0x67, 0x65, 0x6e, 0x65, 0x72, 0x61, 0x74, 0x65, 0x64, 0x43, 0x6f, 0x75,
    0x6e, 0x74, 0x2e, 0x74, 0x65, 0x78, 0x74, 0x43, 0x6f, 0x6e, 0x74, 0x65,
    0x6e, 0x74, 0x20, 0x3d, 0x20, 0x22, 0x30, 0x22, 0x3b, 0x0a, 0x20, 0x20,
    0x20, 0x20, 0x65, 0x6c, 0x65, 0x6d, 0x65, 0x6e, 0x74, 0x73, 0x2e, 0x73,
    0x74, 0x6f, 0x70, 0x52, 0x65, 0x61, 0x73, 0x6f, 0x6e, 0x2e, 0x74, 0x65,
    0x78, 0x74, 0x43, 0x6f, 0x6e, 0x74, 0x65, 0x6e, 0x74, 0x20, 0x3d, 0x20,
    0x22, 0xe2, 0x80, 0x94, 0x22, 0x3b, 0x0a, 0x20, 0x20, 0x20, 0x20, 0x65,
    0x6c, 0x65, 0x6d, 0x65, 0x6e, 0x74, 0x73, 0x2e, 0x70, 0x72, 0x6f, 0x67,
    0x72, 0x65, 0x73, 0x73, 0x42, 0x61, 0x72, 0x2e, 0x73, 0x74, 0x79, 0x6c,
    0x65, 0x2e, 0x77, 0x69, 0x64, 0x74, 0x68, 0x20, 0x3d, 0x20, 0x22, 0x30,
    0x25, 0x22, 0x3b, 0x0a, 0x20, 0x20, 0x20, 0x20, 0x65, 0x6c, 0x65, 0x6d,
    0x65, 0x6e, 0x74, 0x73, 0x2e, 0x6f, 0x75, 0x74, 0x70, 0x75, 0x74, 0x54,
    0x65, 0x78, 0x74, 0x2e, 0x74, 0x65, 0x78, 0x74, 0x43, 0x6f, 0x6e, 0x74,
    0x65, 0x6e, 0x74, 0x20, 0x3d, 0x20, 0x22, 0x22, 0x3b, 0x0a, 0x20, 0x20,
    0x20, 0x20, 0x63, 0x6f, 0x6e, 0x73, 0x74, 0x20, 0x70, 0x6c, 0x61, 0x63,
    0x65, 0x68, 0x6f, 0x6c, 0x64, 0x65, 0x72, 0x20, 0x3d, 0x20, 0x64, 0x6f,
    0x63, 0x75, 0x6d, 0x65, 0x6e, 0x74, 0x2e, 0x63, 0x72, 0x65, 0x61, 0x74,
    0x65, 0x45, 0x6c, 0x65, 0x6d, 0x65, 0x6e, 0x74, 0x28, 0x22, 0x73, 0x70,
    0x61, 0x6e, 0x22, 0x29, 0x3b, 0x0a, 0x20, 0x20, 0x20, 0x20, 0x70, 0x6c,
    0x61, 0x63, 0x65, 0x68, 0x6f, 0x6c, 0x64, 0x65, 0x72, 0x2e, 0x63, 0x6c,
    0x61, 0x73, 0x73, 0x4e, 0x61, 0x6d, 0x65, 0x20, 0x3d, 0x20, 0x22, 0x70,
    0x6c, 0x61, 0x63, 0x65, 0x68, 0x6f, 0x6c, 0x64, 0x65, 0x72, 0x22, 0x3b,
    0x0a, 0x20, 0x20, 0x20, 0x20, 0x70, 0x6c, 0x61, 0x63, 0x65, 0x68, 0x6f,
    0x6c, 0x64, 0x65, 0x72, 0x2e, 0x74, 0x65, 0x78, 0x74, 0x43, 0x6f, 0x6e,
    0x74, 0x65, 0x6e, 0x74, 0x20, 0x3d, 0x20, 0x22, 0x57, 0x61, 0x69, 0x74,
    0x69, 0x6e, 0x67, 0x20, 0x66, 0x6f, 0x72, 0x20, 0x74, 0x68, 0x65, 0x20,
    0x66, 0x69, 0x72, 0x73, 0x74, 0x20, 0x67, 0x65, 0x6e, 0x65, 0x72, 0x61,
    0x74, 0x65, 0x64, 0x20, 0x62, 0x79, 0x74, 0x65, 0x73, 0xe2, 0x80, 0xa6,
    0x22, 0x3b, 0x0a, 0x20, 0x20, 0x20, 0x20, 0x65, 0x6c, 0x65, 0x6d, 0x65,
    0x6e, 0x74, 0x73, 0x2e, 0x6f, 0x75, 0x74, 0x70, 0x75, 0x74, 0x54, 0x65,
    0x78, 0x74, 0x2e, 0x61, 0x70, 0x70, 0x65, 0x6e, 0x64, 0x43, 0x68, 0x69,
    0x6c, 0x64, 0x28, 0x70, 0x6c, 0x61, 0x63, 0x65, 0x68, 0x6f, 0x6c, 0x64,
    0x65, 0x72, 0x29, 0x3b, 0x0a, 0x20, 0x20, 0x20, 0x20, 0x65, 0x6c, 0x65,
    0x6d, 0x65, 0x6e, 0x74, 0x73, 0x2e, 0x6f, 0x75, 0x74, 0x70, 0x75, 0x74,
    0x42, 0x79, 0x74, 0x65, 0x43, 0x6f, 0x75, 0x6e, 0x74, 0x2e, 0x74, 0x65,
    0x78, 0x74, 0x43, 0x6f, 0x6e, 0x74, 0x65, 0x6e, 0x74, 0x20, 0x3d, 0x20,
    0x22, 0x30, 0x20, 0x62, 0x79, 0x74, 0x65, 0x73, 0x22, 0x3b, 0x0a, 0x20,
    0x20, 0x20, 0x20, 0x65, 0x6c, 0x65, 0x6d, 0x65, 0x6e, 0x74, 0x73, 0x2e,
    0x74, 0x6f, 0x6b, 0x65, 0x6e, 0x52, 0x6f, 0x77, 0x73, 0x2e, 0x72, 0x65,
    0x70, 0x6c, 0x61, 0x63, 0x65, 0x43, 0x68, 0x69, 0x6c, 0x64, 0x72, 0x65,
    0x6e, 0x28, 0x29, 0x3b, 0x0a, 0x20, 0x20, 0x20, 0x20, 0x63, 0x6f, 0x6e,
    0x73, 0x74, 0x20, 0x72, 0x6f, 0x77, 0x20, 0x3d, 0x20, 0x64, 0x6f, 0x63,
    0x75, 0x6d, 0x65, 0x6e, 0x74, 0x2e, 0x63, 0x72, 0x65, 0x61, 0x74, 0x65,
    0x45, 0x6c, 0x65, 0x6d, 0x65, 0x6e, 0x74, 0x28, 0x22, 0x74, 0x72, 0x22,
    0x29, 0x3b, 0x0a, 0x20, 0x20, 0x20, 0x20, 0x72, 0x6f, 0x77, 0x2e, 0x63,
    0x6c, 0x61, 0x73, 0x73, 0x4e, 0x61, 0x6d, 0x65, 0x20, 0x3d, 0x20, 0x22,
    0x65, 0x6d, 0x70, 0x74, 0x79, 0x2d, 0x72, 0x6f, 0x77, 0x22, 0x3b, 0x0a,
    0x20, 0x20, 0x20, 0x20, 0x63, 0x6f, 0x6e, 0x73, 0x74, 0x20, 0x63, 0x65,
    0x6c, 0x6c, 0x20, 0x3d, 0x20, 0x64, 0x6f, 0x63, 0x75, 0x6d, 0x65, 0x6e,
    0x74, 0x2e, 0x63, 0x72, 0x65, 0x61, 0x74, 0x65, 0x45, 0x6c, 0x65, 0x6d,
    0x65, 0x6e, 0x74, 0x28, 0x22, 0x74, 0x64, 0x22, 0x29, 0x3b, 0x0a, 0x20,
    0x20, 0x20, 0x20, 0x63, 0x65, 0x6c, 0x6c, 0x2e, 0x63, 0x6f, 0x6c, 0x53,
    0x70, 0x61, 0x6e, 0x20, 0x3d, 0x20, 0x33, 0x3b, 0x0a, 0x20, 0x20, 0x20,
    0x20, 0x63, 0x65, 0x6c, 0x6c, 0x2e, 0x74, 0x65, 0x78, 0x74, 0x43, 0x6f,
    0x6e, 0x74, 0x65, 0x6e, 0x74, 0x20, 0x3d, 0x20, 0x22, 0x4e, 0x6f, 0x20,
    0x67, 0x65, 0x6e, 0x65, 0x72, 0x61, 0x74, 0x65, 0x64, 0x20, 0x74, 0x6f,
    0x6b, 0x65, 0x6e, 0x73, 0x20, 0x79, 0x65, 0x74, 0x2e, 0x22, 0x3b, 0x0a,
    0x20, 0x20, 0x20, 0x20, 0x72, 0x6f, 0x77, 0x2e, 0x61, 0x70, 0x70, 0x65,
    0x6e, 0x64, 0x43, 0x68, 0x69, 0x6c, 0x64, 0x28, 0x63, 0x65, 0x6c, 0x6c,
    0x29, 0x3b, 0x0a, 0x20, 0x20, 0x20, 0x20, 0x65, 0x6c, 0x65, 0x6d, 0x65,
    0x6e, 0x74, 0x73, 0x2e, 0x74, 0x6f, 0x6b, 0x65, 0x6e, 0x52, 0x6f, 0x77,
    0x73, 0x2e, 0x61, 0x70, 0x70, 0x65, 0x6e, 0x64, 0x43, 0x68, 0x69, 0x6c,
    0x64, 0x28, 0x72, 0x6f, 0x77, 0x29, 0x3b, 0x0a, 0x20, 0x20, 0x20, 0x20,
    0x73, 0x74, 0x61, 0x74, 0x65, 0x2e, 0x6c, 0x61, 0x73, 0x74, 0x4f, 0x75,
    0x74, 0x70, 0x75, 0x74, 0x4c, 0x65, 0x6e, 0x67, 0x74, 0x68, 0x20, 0x3d,
    0x20, 0x2d, 0x31, 0x3b, 0x0a, 0x20, 0x20, 0x7d, 0x0a, 0x0a, 0x20, 0x20,
    0x66, 0x75, 0x6e, 0x63, 0x74, 0x69, 0x6f, 0x6e, 0x20, 0x72, 0x65, 0x6e,
    0x64, 0x65, 0x72, 0x54, 0x6f, 0x6b, 0x65, 0x6e, 0x73, 0x28, 0x69, 0x64,
    0x73, 0x2c, 0x20, 0x73, 0x63, 0x6f, 0x72, 0x65, 0x73, 0x29, 0x20, 0x7b,
    0x0a, 0x20, 0x20, 0x20, 0x20, 0x65, 0x6c, 0x65, 0x6d, 0x65, 0x6e, 0x74,
    0x73, 0x2e, 0x74, 0x6f, 0x6b, 0x65, 0x6e, 0x52, 0x6f, 0x77, 0x73, 0x2e,
    0x72, 0x65, 0x70, 0x6c, 0x61, 0x63, 0x65, 0x43, 0x68, 0x69, 0x6c, 0x64,
    0x72, 0x65, 0x6e, 0x28, 0x29, 0x3b, 0x0a, 0x20, 0x20, 0x20, 0x20, 0x69,
    0x66, 0x20, 0x28, 0x69, 0x64, 0x73, 0x2e, 0x6c, 0x65, 0x6e, 0x67, 0x74,
    0x68, 0x20, 0x3d, 0x3d, 0x3d, 0x20, 0x30, 0x29, 0x20, 0x7b, 0x0a, 0x20,
    0x20, 0x20, 0x20, 0x20, 0x20, 0x63, 0x6f, 0x6e, 0x73, 0x74, 0x20, 0x72,
    0x6f, 0x77, 0x20, 0x3d, 0x20, 0x64, 0x6f, 0x63, 0x75, 0x6d, 0x65, 0x6e,
    0x74, 0x2e, 0x63, 0x72, 0x65, 0x61, 0x74, 0x65, 0x45, 0x6c, 0x65, 0x6d,
    0x65, 0x6e, 0x74, 0x28, 0x22, 0x74, 0x72, 0x22, 0x29, 0x3b, 0x0a, 0x20,
    0x20, 0x20, 0x20, 0x20, 0x20, 0x72, 0x6f, 0x77, 0x2e, 0x63, 0x6c, 0x61,
    0x73, 0x73, 0x4e, 0x61, 0x6d, 0x65, 0x20, 0x3d, 0x20, 0x22, 0x65, 0x6d,
    0x70, 0x74, 0x79, 0x2d, 0x72, 0x6f, 0x77, 0x22, 0x3b, 0x0a, 0x20, 0x20,
    0x20, 0x20, 0x20, 0x20, 0x63, 0x6f, 0x6e, 0x73, 0x74, 0x20, 0x63, 0x65,
    0x6c, 0x6c, 0x20, 0x3d, 0x20, 0x64, 0x6f, 0x63, 0x75, 0x6d, 0x65, 0x6e,
    0x74, 0x2e, 0x63, 0x72, 0x65, 0x61, 0x74, 0x65, 0x45, 0x6c, 0x65, 0x6d,
    0x65, 0x6e, 0x74, 0x28, 0x22, 0x74, 0x64, 0x22, 0x29, 0x3b, 0x0a, 0x20,
    0x20, 0x20, 0x20, 0x20, 0x20, 0x63, 0x65, 0x6c, 0x6c, 0x2e, 0x63, 0x6f,
    0x6c, 0x53, 0x70, 0x61, 0x6e, 0x20, 0x3d, 0x20, 0x33, 0x3b, 0x0a, 0x20,
    0x20, 0x20, 0x20, 0x20, 0x20, 0x63, 0x65, 0x6c, 0x6c, 0x2e, 0x74, 0x65,
    0x78, 0x74, 0x43, 0x6f, 0x6e, 0x74, 0x65, 0x6e, 0x74, 0x20, 0x3d, 0x20,
    0x22, 0x4e, 0x6f, 0x20, 0x67, 0x65, 0x6e, 0x65, 0x72, 0x61, 0x74, 0x65,
    0x64, 0x20, 0x74, 0x6f, 0x6b, 0x65, 0x6e, 0x73, 0x20, 0x79, 0x65, 0x74,
    0x2e, 0x22, 0x3b, 0x0a, 0x20, 0x20, 0x20, 0x20, 0x20, 0x20, 0x72, 0x6f,
    0x77, 0x2e, 0x61, 0x70, 0x70, 0x65, 0x6e, 0x64, 0x43, 0x68, 0x69, 0x6c,
    0x64, 0x28, 0x63, 0x65, 0x6c, 0x6c, 0x29, 0x3b, 0x0a, 0x20, 0x20, 0x20,
    0x20, 0x20, 0x20, 0x65, 0x6c, 0x65, 0x6d, 0x65, 0x6e, 0x74, 0x73, 0x2e,
    0x74, 0x6f, 0x6b, 0x65, 0x6e, 0x52, 0x6f, 0x77, 0x73, 0x2e, 0x61, 0x70,
    0x70, 0x65, 0x6e, 0x64, 0x43, 0x68, 0x69, 0x6c, 0x64, 0x28, 0x72, 0x6f,
    0x77, 0x29, 0x3b, 0x0a, 0x20, 0x20, 0x20, 0x20, 0x20, 0x20, 0x72, 0x65,
    0x74, 0x75, 0x72, 0x6e, 0x3b, 0x0a, 0x20, 0x20, 0x20, 0x20, 0x7d, 0x0a,
    0x20, 0x20, 0x20, 0x20, 0x69, 0x64, 0x73, 0x2e, 0x66, 0x6f, 0x72, 0x45,
    0x61, 0x63, 0x68, 0x28, 0x28, 0x74, 0x6f, 0x6b, 0x65, 0x6e, 0x49, 0x64,
    0x2c, 0x20, 0x69, 0x6e, 0x64, 0x65, 0x78, 0x29, 0x20, 0x3d, 0x3e, 0x20,
    0x7b, 0x0a, 0x20, 0x20, 0x20, 0x20, 0x20, 0x20, 0x63, 0x6f, 0x6e, 0x73,
    0x74, 0x20, 0x72, 0x6f, 0x77, 0x20, 0x3d, 0x20, 0x64, 0x6f, 0x63, 0x75,
    0x6d, 0x65, 0x6e, 0x74, 0x2e, 0x63, 0x72, 0x65, 0x61, 0x74, 0x65, 0x45,
    0x6c, 0x65, 0x6d, 0x65, 0x6e, 0x74, 0x28, 0x22, 0x74, 0x72, 0x22, 0x29,
    0x3b, 0x0a, 0x20, 0x20, 0x20, 0x20, 0x20, 0x20, 0x5b, 0x69, 0x6e, 0x64,
    0x65, 0x78, 0x2c, 0x20, 0x74, 0x6f, 0x6b, 0x65, 0x6e, 0x49, 0x64, 0x2c,
    0x20, 0x73, 0x63, 0x6f, 0x72, 0x65, 0x73, 0x5b, 0x69, 0x6e, 0x64, 0x65,
    0x78, 0x5d, 0x5d, 0x2e, 0x66, 0x6f, 0x72, 0x45, 0x61, 0x63, 0x68, 0x28,
    0x28, 0x76, 0x61, 0x6c, 0x75, 0x65, 0x29, 0x20, 0x3d, 0x3e, 0x20, 0x7b,
    0x0a, 0x20, 0x20, 0x20, 0x20, 0x20, 0x20, 0x20, 0x20, 0x63, 0x6f, 0x6e,
    0x73, 0x74, 0x20, 0x63, 0x65, 0x6c, 0x6c, 0x20, 0x3d, 0x20, 0x64, 0x6f,
    0x63, 0x75, 0x6d, 0x65, 0x6e, 0x74, 0x2e, 0x63, 0x72, 0x65, 0x61, 0x74,
    0x65, 0x45, 0x6c, 0x65, 0x6d, 0x65, 0x6e, 0x74, 0x28, 0x22, 0x74, 0x64,
    0x22, 0x29, 0x3b, 0x0a, 0x20, 0x20, 0x20, 0x20, 0x20, 0x20, 0x20, 0x20,
    0x63, 0x65, 0x6c, 0x6c, 0x2e, 0x74, 0x65, 0x78, 0x74, 0x43, 0x6f, 0x6e,
    0x74, 0x65, 0x6e, 0x74, 0x20, 0x3d, 0x20, 0x53, 0x74, 0x72, 0x69, 0x6e,
    0x67, 0x28, 0x76, 0x61, 0x6c, 0x75, 0x65, 0x29, 0x3b, 0x0a, 0x20, 0x20,
    0x20, 0x20, 0x20, 0x20, 0x20, 0x20, 0x72, 0x6f, 0x77, 0x2e, 0x61, 0x70,
    0x70, 0x65, 0x6e, 0x64, 0x43, 0x68, 0x69, 0x6c, 0x64, 0x28, 0x63, 0x65,
    0x6c, 0x6c, 0x29, 0x3b, 0x0a, 0x20, 0x20, 0x20, 0x20, 0x20, 0x20, 0x7d,
    0x29, 0x3b, 0x0a, 0x20, 0x20, 0x20, 0x20, 0x20, 0x20, 0x65, 0x6c, 0x65,
    0x6d, 0x65, 0x6e, 0x74, 0x73, 0x2e, 0x74, 0x6f, 0x6b, 0x65, 0x6e, 0x52,
    0x6f, 0x77, 0x73, 0x2e, 0x61, 0x70, 0x70, 0x65, 0x6e, 0x64, 0x43, 0x68,
    0x69, 0x6c, 0x64, 0x28, 0x72, 0x6f, 0x77, 0x29, 0x3b, 0x0a, 0x20, 0x20,
    0x20, 0x20, 0x7d, 0x29, 0x3b, 0x0a, 0x20, 0x20, 0x20, 0x20, 0x65, 0x6c,
    0x65, 0x6d, 0x65, 0x6e, 0x74, 0x73, 0x2e, 0x74, 0x6f, 0x6b, 0x65, 0x6e,
    0x52, 0x6f, 0x77, 0x73, 0x2e, 0x6c, 0x61, 0x73, 0x74, 0x45, 0x6c, 0x65,
    0x6d, 0x65, 0x6e, 0x74, 0x43, 0x68, 0x69, 0x6c, 0x64, 0x2e, 0x73, 0x63,
    0x72, 0x6f, 0x6c, 0x6c, 0x49, 0x6e, 0x74, 0x6f, 0x56, 0x69, 0x65, 0x77,
    0x28, 0x7b, 0x20, 0x62, 0x6c, 0x6f, 0x63, 0x6b, 0x3a, 0x20, 0x22, 0x6e,
    0x65, 0x61, 0x72, 0x65, 0x73, 0x74, 0x22, 0x20, 0x7d, 0x29, 0x3b, 0x0a,
    0x20, 0x20, 0x7d, 0x0a, 0x0a, 0x20, 0x20, 0x66, 0x75, 0x6e, 0x63, 0x74,
    0x69, 0x6f, 0x6e, 0x20, 0x76, 0x61, 0x6c, 0x69, 0x64, 0x61, 0x74, 0x65,
    0x53, 0x74, 0x61, 0x74, 0x75, 0x73, 0x28, 0x70, 0x61, 0x79, 0x6c, 0x6f,
    0x61, 0x64, 0x2c, 0x20, 0x65, 0x78, 0x70, 0x65, 0x63, 0x74, 0x65, 0x64,
    0x4a, 0x6f, 0x62, 0x49, 0x64, 0x29, 0x20, 0x7b, 0x0a, 0x20, 0x20, 0x20,
    0x20, 0x63, 0x6f, 0x6e, 0x73, 0x74, 0x20, 0x72, 0x65, 0x71, 0x75, 0x69,
    0x72, 0x65, 0x64, 0x49, 0x6e, 0x74, 0x65, 0x67, 0x65, 0x72, 0x73, 0x20,
    0x3d, 0x20, 0x5b, 0x0a, 0x20, 0x20, 0x20, 0x20, 0x20, 0x20, 0x22, 0x6a,
    0x6f, 0x62, 0x5f, 0x69, 0x64, 0x22, 0x2c, 0x20, 0x22, 0x70, 0x72, 0x6f,
    0x6d, 0x70, 0x74, 0x5f, 0x74, 0x6f, 0x6b, 0x65, 0x6e, 0x5f, 0x63, 0x6f,
    0x75, 0x6e, 0x74, 0x22, 0x2c, 0x20, 0x22, 0x70, 0x72, 0x6f, 0x6d, 0x70,
    0x74, 0x5f, 0x74, 0x6f, 0x6b, 0x65, 0x6e, 0x73, 0x5f, 0x63, 0x6f, 0x6e,
    0x73, 0x75, 0x6d, 0x65, 0x64, 0x22, 0x2c, 0x0a, 0x20, 0x20, 0x20, 0x20,
    0x20, 0x20, 0x22, 0x67, 0x65, 0x6e, 0x65, 0x72, 0x61, 0x74, 0x65, 0x64,
    0x5f, 0x63, 0x6f, 0x75, 0x6e, 0x74, 0x22, 0x2c, 0x20, 0x22, 0x6f, 0x75,
    0x74, 0x70, 0x75, 0x74, 0x5f, 0x6c, 0x65, 0x6e, 0x67, 0x74, 0x68, 0x22,
    0x0a, 0x20, 0x20, 0x20, 0x20, 0x5d, 0x3b, 0x0a, 0x20, 0x20, 0x20, 0x20,
    0x69, 0x66, 0x20, 0x28, 0x72, 0x65, 0x71, 0x75, 0x69, 0x72, 0x65, 0x64,
    0x49, 0x6e, 0x74, 0x65, 0x67, 0x65, 0x72, 0x73, 0x2e, 0x73, 0x6f, 0x6d,
    0x65, 0x28, 0x28, 0x6b, 0x65, 0x79, 0x29, 0x20, 0x3d, 0x3e, 0x20, 0x21,
    0x4e, 0x75, 0x6d, 0x62, 0x65, 0x72, 0x2e, 0x69, 0x73, 0x53, 0x61, 0x66,
    0x65, 0x49, 0x6e, 0x74, 0x65, 0x67, 0x65, 0x72, 0x28, 0x70, 0x61, 0x79,
    0x6c, 0x6f, 0x61, 0x64, 0x5b, 0x6b, 0x65, 0x79, 0x5d, 0x29, 0x20, 0x7c,
    0x7c, 0x20, 0x70, 0x61, 0x79, 0x6c, 0x6f, 0x61, 0x64, 0x5b, 0x6b, 0x65,
    0x79, 0x5d, 0x20, 0x3c, 0x20, 0x30, 0x29, 0x20, 0x7c, 0x7c, 0x0a, 0x20,
    0x20, 0x20, 0x20, 0x20, 0x20, 0x20, 0x20, 0x70, 0x61, 0x79, 0x6c, 0x6f,
    0x61, 0x64, 0x2e, 0x6a, 0x6f, 0x62, 0x5f, 0x69, 0x64, 0x20, 0x21, 0x3d,
    0x3d, 0x20, 0x65, 0x78, 0x70, 0x65, 0x63, 0x74, 0x65, 0x64, 0x4a, 0x6f,
    0x62, 0x49, 0x64, 0x20, 0x7c, 0x7c, 0x20, 0x74, 0x79, 0x70, 0x65, 0x6f,
    0x66, 0x20, 0x70, 0x61, 0x79, 0x6c, 0x6f, 0x61, 0x64, 0x2e, 0x73, 0x74,
    0x61, 0x74, 0x65, 0x20, 0x21, 0x3d, 0x3d, 0x20, 0x22, 0x73, 0x74, 0x72,
    0x69, 0x6e, 0x67, 0x22, 0x20, 0x7c, 0x7c, 0x0a, 0x20, 0x20, 0x20, 0x20,
    0x20, 0x20, 0x20, 0x20, 0x21, 0x41, 0x72, 0x72, 0x61, 0x79, 0x2e, 0x69,
    0x73, 0x41, 0x72, 0x72, 0x61, 0x79, 0x28, 0x70, 0x61, 0x79, 0x6c, 0x6f,
    0x61, 0x64, 0x2e, 0x67, 0x65, 0x6e, 0x65, 0x72, 0x61, 0x74, 0x65, 0x64,
    0x5f, 0x74, 0x6f, 0x6b, 0x65, 0x6e, 0x5f, 0x69, 0x64, 0x73, 0x29, 0x20,
    0x7c, 0x7c, 0x0a, 0x20, 0x20, 0x20, 0x20, 0x20, 0x20, 0x20, 0x20, 0x21,
    0x41, 0x72, 0x72, 0x61, 0x79, 0x2e, 0x69, 0x73, 0x41, 0x72, 0x72, 0x61,
    0x79, 0x28, 0x70, 0x61, 0x79, 0x6c, 0x6f, 0x61, 0x64, 0x2e, 0x67, 0x65,
    0x6e, 0x65, 0x72, 0x61, 0x74, 0x65, 0x64, 0x5f, 0x73, 0x63, 0x6f, 0x72,
    0x65, 0x73, 0x5f, 0x71, 0x32, 0x36, 0x29, 0x20, 0x7c, 0x7c, 0x0a, 0x20,
    0x20, 0x20, 0x20, 0x20, 0x20, 0x20, 0x20, 0x70, 0x61, 0x79, 0x6c, 0x6f,
    0x61, 0x64, 0x2e, 0x67, 0x65, 0x6e, 0x65, 0x72, 0x61, 0x74, 0x65, 0x64,
    0x5f, 0x74, 0x6f, 0x6b, 0x65, 0x6e, 0x5f, 0x69, 0x64, 0x73, 0x2e, 0x6c,
    0x65, 0x6e, 0x67, 0x74, 0x68, 0x20, 0x21, 0x3d, 0x3d, 0x20, 0x70, 0x61,
    0x79, 0x6c, 0x6f, 0x61, 0x64, 0x2e, 0x67, 0x65, 0x6e, 0x65, 0x72, 0x61,
    0x74, 0x65, 0x64, 0x5f, 0x63, 0x6f, 0x75, 0x6e, 0x74, 0x20, 0x7c, 0x7c,
    0x0a, 0x20, 0x20, 0x20, 0x20, 0x20, 0x20, 0x20, 0x20, 0x70, 0x61, 0x79,
    0x6c, 0x6f, 0x61, 0x64, 0x2e, 0x67, 0x65, 0x6e, 0x65, 0x72, 0x61, 0x74,
    0x65, 0x64, 0x5f, 0x73, 0x63, 0x6f, 0x72, 0x65, 0x73, 0x5f, 0x71, 0x32,
    0x36, 0x2e, 0x6c, 0x65, 0x6e, 0x67, 0x74, 0x68, 0x20, 0x21, 0x3d, 0x3d,
    0x20, 0x70, 0x61, 0x79, 0x6c, 0x6f, 0x61, 0x64, 0x2e, 0x67, 0x65, 0x6e,
    0x65, 0x72, 0x61, 0x74, 0x65, 0x64, 0x5f, 0x63, 0x6f, 0x75, 0x6e, 0x74,
    0x29, 0x20, 0x7b, 0x0a, 0x20, 0x20, 0x20, 0x20, 0x20, 0x20, 0x74, 0x68,
    0x72, 0x6f, 0x77, 0x20, 0x6e, 0x65, 0x77, 0x20, 0x41, 0x70, 0x69, 0x45,
    0x72, 0x72, 0x6f, 0x72, 0x28, 0x32, 0x30, 0x30, 0x2c, 0x20, 0x22, 0x69,
    0x6e, 0x76, 0x61, 0x6c, 0x69, 0x64, 0x5f, 0x73, 0x74, 0x61, 0x74, 0x75,
    0x73, 0x22, 0x2c, 0x20, 0x22, 0x54, 0x68, 0x65, 0x20, 0x62, 0x6f, 0x61,
    0x72, 0x64, 0x20, 0x72, 0x65, 0x74, 0x75, 0x72, 0x6e, 0x65, 0x64, 0x20,
    0x61, 0x6e, 0x20, 0x69, 0x6e, 0x63, 0x6f, 0x6e, 0x73, 0x69, 0x73, 0x74,
    0x65, 0x6e, 0x74, 0x20, 0x6a, 0x6f, 0x62, 0x20, 0x73, 0x74, 0x61, 0x74,
    0x75, 0x73, 0x2e, 0x22, 0x29, 0x3b, 0x0a, 0x20, 0x20, 0x20, 0x20, 0x7d,
    0x0a, 0x20, 0x20, 0x20, 0x20, 0x72, 0x65, 0x74, 0x75, 0x72, 0x6e, 0x20,
    0x70, 0x61, 0x79, 0x6c, 0x6f, 0x61, 0x64, 0x3b, 0x0a, 0x20, 0x20, 0x7d,
    0x0a, 0x0a, 0x20, 0x20, 0x66, 0x75, 0x6e, 0x63, 0x74, 0x69, 0x6f, 0x6e,
    0x20, 0x72, 0x65, 0x6e, 0x64, 0x65, 0x72, 0x53, 0x74, 0x61, 0x74, 0x75,
    0x73, 0x28, 0x73, 0x74, 0x61, 0x74, 0x75, 0x73, 0x29, 0x20, 0x7b, 0x0a,
    0x20, 0x20, 0x20, 0x20, 0x73, 0x74, 0x61, 0x74, 0x65, 0x2e, 0x72, 0x65,
    0x6d, 0x6f, 0x74, 0x65, 0x53, 0x74, 0x61, 0x74, 0x65, 0x20, 0x3d, 0x20,
    0x73, 0x74, 0x61, 0x74, 0x75, 0x73, 0x2e, 0x73, 0x74, 0x61, 0x74, 0x65,
    0x3b, 0x0a, 0x20, 0x20, 0x20, 0x20, 0x65, 0x6c, 0x65, 0x6d, 0x65, 0x6e,
    0x74, 0x73, 0x2e, 0x6a, 0x6f, 0x62, 0x53, 0x74, 0x61, 0x74, 0x65, 0x2e,
    0x74, 0x65, 0x78, 0x74, 0x43, 0x6f, 0x6e, 0x74, 0x65, 0x6e, 0x74, 0x20,
    0x3d, 0x20, 0x73, 0x74, 0x61, 0x74, 0x75, 0x73, 0x2e, 0x73, 0x74, 0x61,
    0x74, 0x65, 0x3b, 0x0a, 0x20, 0x20, 0x20, 0x20, 0x65, 0x6c, 0x65, 0x6d,
    0x65, 0x6e, 0x74, 0x73, 0x2e, 0x6a, 0x6f, 0x62, 0x53, 0x74, 0x61, 0x74,
    0x65, 0x2e, 0x64, 0x61, 0x74, 0x61, 0x73, 0x65, 0x74, 0x2e, 0x73, 0x74,
    0x61, 0x74, 0x65, 0x20, 0x3d, 0x20, 0x73, 0x74, 0x61, 0x74, 0x75, 0x73,
    0x2e, 0x73, 0x74, 0x61, 0x74, 0x65, 0x3b, 0x0a, 0x20, 0x20, 0x20, 0x20,
    0x65, 0x6c, 0x65, 0x6d, 0x65, 0x6e, 0x74, 0x73, 0x2e, 0x6a, 0x6f, 0x62,
    0x49, 0x64, 0x2e, 0x74, 0x65, 0x78, 0x74, 0x43, 0x6f, 0x6e, 0x74, 0x65,
    0x6e, 0x74, 0x20, 0x3d, 0x20, 0x53, 0x74, 0x72, 0x69, 0x6e, 0x67, 0x28,
    0x73, 0x74, 0x61, 0x74, 0x75, 0x73, 0x2e, 0x6a, 0x6f, 0x62, 0x5f, 0x69,
    0x64, 0x29, 0x3b, 0x0a, 0x20, 0x20, 0x20, 0x20, 0x65, 0x6c, 0x65, 0x6d,
    0x65, 0x6e, 0x74, 0x73, 0x2e, 0x70, 0x72, 0x6f, 0x6d, 0x70, 0x74, 0x50,
    0x72, 0x6f, 0x67, 0x72, 0x65, 0x73, 0x73, 0x2e, 0x74, 0x65, 0x78, 0x74,
    0x43, 0x6f, 0x6e, 0x74, 0x65, 0x6e, 0x74, 0x20, 0x3d, 0x20, 0x60, 0x24,
    0x7b, 0x73, 0x74, 0x61, 0x74, 0x75, 0x73, 0x2e, 0x70, 0x72, 0x6f, 0x6d,
    0x70, 0x74, 0x5f, 0x74, 0x6f, 0x6b, 0x65, 0x6e, 0x73, 0x5f, 0x63, 0x6f,
    0x6e, 0x73, 0x75, 0x6d, 0x65, 0x64, 0x7d, 0x20, 0x2f, 0x20, 0x24, 0x7b,
    0x73, 0x74, 0x61, 0x74, 0x75, 0x73, 0x2e, 0x70, 0x72, 0x6f, 0x6d, 0x70,
    0x74, 0x5f, 0x74, 0x6f, 0x6b, 0x65, 0x6e, 0x5f, 0x63, 0x6f, 0x75, 0x6e,
    0x74, 0x7d, 0x60, 0x3b, 0x0a, 0x20, 0x20, 0x20, 0x20, 0x65, 0x6c, 0x65,
    0x6d, 0x65, 0x6e, 0x74, 0x73, 0x2e, 0x67, 0x65, 0x6e, 0x65, 0x72, 0x61,
    0x74, 0x65, 0x64, 0x43, 0x6f, 0x75, 0x6e, 0x74, 0x2e, 0x74, 0x65, 0x78,
    0x74, 0x43, 0x6f, 0x6e, 0x74, 0x65, 0x6e, 0x74, 0x20, 0x3d, 0x20, 0x53,
    0x74, 0x72, 0x69, 0x6e, 0x67, 0x28, 0x73, 0x74, 0x61, 0x74, 0x75, 0x73,
    0x2e, 0x67, 0x65, 0x6e, 0x65, 0x72, 0x61, 0x74, 0x65, 0x64, 0x5f, 0x63,
    0x6f, 0x75, 0x6e, 0x74, 0x29, 0x3b, 0x0a, 0x20, 0x20, 0x20, 0x20, 0x65,
    0x6c, 0x65, 0x6d, 0x65, 0x6e, 0x74, 0x73, 0x2e, 0x73, 0x74, 0x6f, 0x70,
    0x52, 0x65, 0x61, 0x73, 0x6f, 0x6e, 0x2e, 0x74, 0x65, 0x78, 0x74, 0x43,
    0x6f, 0x6e, 0x74, 0x65, 0x6e, 0x74, 0x20, 0x3d, 0x20, 0x73, 0x74, 0x61,
    0x74, 0x75, 0x73, 0x2e, 0x73, 0x74, 0x6f, 0x70, 0x5f, 0x72, 0x65, 0x61,
    0x73, 0x6f, 0x6e, 0x20, 0x7c, 0x7c, 0x20, 0x22, 0xe2, 0x80, 0x94, 0x22,
    0x3b, 0x0a, 0x20, 0x20, 0x20, 0x20, 0x72, 0x65, 0x6e, 0x64, 0x65, 0x72,
    0x54, 0x6f, 0x6b, 0x65, 0x6e, 0x73, 0x28, 0x73, 0x74, 0x61, 0x74, 0x75,
    0x73, 0x2e, 0x67, 0x65, 0x6e, 0x65, 0x72, 0x61, 0x74, 0x65, 0x64, 0x5f,
    0x74, 0x6f, 0x6b, 0x65, 0x6e, 0x5f, 0x69, 0x64, 0x73, 0x2c, 0x20, 0x73,
    0x74, 0x61, 0x74, 0x75, 0x73, 0x2e, 0x67, 0x65, 0x6e, 0x65, 0x72, 0x61,
    0x74, 0x65, 0x64, 0x5f, 0x73, 0x63, 0x6f, 0x72, 0x65, 0x73, 0x5f, 0x71,
    0x32, 0x36, 0x29, 0x3b, 0x0a, 0x0a, 0x20, 0x20, 0x20, 0x20, 0x63, 0x6f,
    0x6e, 0x73, 0x74, 0x20, 0x70, 0x72, 0x6f, 0x6d, 0x70, 0x74, 0x46, 0x72,
    0x61, 0x63, 0x74, 0x69, 0x6f, 0x6e, 0x20, 0x3d, 0x20, 0x73, 0x74, 0x61,
    0x74, 0x75, 0x73, 0x2e, 0x70, 0x72, 0x6f, 0x6d, 0x70, 0x74, 0x5f, 0x74,
    0x6f, 0x6b, 0x65, 0x6e, 0x5f, 0x63, 0x6f, 0x75, 0x6e, 0x74, 0x20, 0x3e,
    0x20, 0x30, 0x0a, 0x20, 0x20, 0x20, 0x20, 0x20, 0x20, 0x3f, 0x20, 0x73,
    0x74, 0x61, 0x74, 0x75, 0x73, 0x2e, 0x70, 0x72, 0x6f, 0x6d, 0x70, 0x74,
    0x5f, 0x74, 0x6f, 0x6b, 0x65, 0x6e, 0x73, 0x5f, 0x63, 0x6f, 0x6e, 0x73,
    0x75, 0x6d, 0x65, 0x64, 0x20, 0x2f, 0x20, 0x73, 0x74, 0x61, 0x74, 0x75,
    0x73, 0x2e, 0x70, 0x72, 0x6f, 0x6d, 0x70, 0x74, 0x5f, 0x74, 0x6f, 0x6b,
    0x65, 0x6e, 0x5f, 0x63, 0x6f, 0x75, 0x6e, 0x74, 0x0a, 0x20, 0x20, 0x20,
    0x20, 0x20, 0x20, 0x3a, 0x20, 0x30, 0x3b, 0x0a, 0x20, 0x20, 0x20, 0x20,
    0x63, 0x6f, 0x6e, 0x73, 0x74, 0x20, 0x64, 0x65, 0x63, 0x6f, 0x64, 0x65,
    0x46, 0x72, 0x61, 0x63, 0x74, 0x69, 0x6f, 0x6e, 0x20, 0x3d, 0x20, 0x73,
    0x74, 0x61, 0x74, 0x65, 0x2e, 0x65, 0x78, 0x70, 0x65, 0x63, 0x74, 0x65,
    0x64, 0x4d, 0x61, 0x78, 0x4e, 0x65, 0x77, 0x20, 0x3e, 0x20, 0x30, 0x0a,
    0x20, 0x20, 0x20, 0x20, 0x20, 0x20, 0x3f, 0x20, 0x4d, 0x61, 0x74, 0x68,
    0x2e, 0x6d, 0x69, 0x6e, 0x28, 0x31, 0x2c, 0x20, 0x73, 0x74, 0x61, 0x74,
    0x75, 0x73, 0x2e, 0x67, 0x65, 0x6e, 0x65, 0x72, 0x61, 0x74, 0x65, 0x64,
    0x5f, 0x63, 0x6f, 0x75, 0x6e, 0x74, 0x20, 0x2f, 0x20, 0x73, 0x74, 0x61,
    0x74, 0x65, 0x2e, 0x65, 0x78, 0x70, 0x65, 0x63, 0x74, 0x65, 0x64, 0x4d,
    0x61, 0x78, 0x4e, 0x65, 0x77, 0x29, 0x0a, 0x20, 0x20, 0x20, 0x20, 0x20,
    0x20, 0x3a, 0x20, 0x30, 0x3b, 0x0a, 0x20, 0x20, 0x20, 0x20, 0x63, 0x6f,
    0x6e, 0x73, 0x74, 0x20, 0x70, 0x72, 0x6f, 0x67, 0x72, 0x65, 0x73, 0x73,
    0x20, 0x3d, 0x20, 0x4d, 0x61, 0x74, 0x68, 0x2e, 0x6d, 0x69, 0x6e, 0x28,
    0x31, 0x30, 0x30, 0x2c, 0x20, 0x4d, 0x61, 0x74, 0x68, 0x2e, 0x72, 0x6f,
    0x75, 0x6e, 0x64, 0x28, 0x28, 0x70, 0x72, 0x6f, 0x6d, 0x70, 0x74, 0x46,
    0x72, 0x61, 0x63, 0x74, 0x69, 0x6f, 0x6e, 0x20, 0x2a, 0x20, 0x30, 0x2e,
    0x33, 0x35, 0x20, 0x2b, 0x20, 0x64, 0x65, 0x63, 0x6f, 0x64, 0x65, 0x46,
    0x72, 0x61, 0x63, 0x74, 0x69, 0x6f, 0x6e, 0x20, 0x2a, 0x20, 0x30, 0x2e,
    0x36, 0x35, 0x29, 0x20, 0x2a, 0x20, 0x31, 0x30, 0x30, 0x29, 0x29, 0x3b,
    0x0a, 0x20, 0x20, 0x20, 0x20, 0x65, 0x6c, 0x65, 0x6d, 0x65, 0x6e, 0x74,
    0x73, 0x2e, 0x70, 0x72, 0x6f, 0x67, 0x72, 0x65, 0x73, 0x73, 0x42, 0x61,
    0x72, 0x2e, 0x73, 0x74, 0x79, 0x6c, 0x65, 0x2e, 0x77, 0x69, 0x64, 0x74,
    0x68, 0x20, 0x3d, 0x20, 0x60, 0x24, 0x7b, 0x69, 0x73, 0x54, 0x65, 0x72,
    0x6d, 0x69, 0x6e, 0x61, 0x6c, 0x53, 0x74, 0x61, 0x74, 0x65, 0x28, 0x73,
    0x74, 0x61, 0x74, 0x75, 0x73, 0x2e, 0x73, 0x74, 0x61, 0x74, 0x65, 0x29,
    0x20, 0x3f, 0x20, 0x31, 0x30, 0x30, 0x20, 0x3a, 0x20, 0x70, 0x72, 0x6f,
    0x67, 0x72, 0x65, 0x73, 0x73, 0x7d, 0x25, 0x60, 0x3b, 0x0a, 0x20, 0x20,
    0x7d, 0x0a, 0x0a, 0x20, 0x20, 0x61, 0x73, 0x79, 0x6e, 0x63, 0x20, 0x66,
    0x75, 0x6e, 0x63, 0x74, 0x69, 0x6f, 0x6e, 0x20, 0x72, 0x65, 0x66, 0x72,
    0x65, 0x73, 0x68, 0x4f, 0x75, 0x74, 0x70, 0x75, 0x74, 0x28, 0x6a, 0x6f,
    0x62, 0x49, 0x64, 0x2c, 0x20, 0x72, 0x65, 0x70, 0x6f, 0x72, 0x74, 0x65,
    0x64, 0x4c, 0x65, 0x6e, 0x67, 0x74, 0x68, 0x2c, 0x20, 0x66, 0x6f, 0x72,
    0x63, 0x65, 0x29, 0x20, 0x7b, 0x0a, 0x20, 0x20, 0x20, 0x20, 0x69, 0x66,
    0x20, 0x28, 0x21, 0x66, 0x6f, 0x72, 0x63, 0x65, 0x20, 0x26, 0x26, 0x20,
    0x72, 0x65, 0x70, 0x6f, 0x72, 0x74, 0x65, 0x64, 0x4c, 0x65, 0x6e, 0x67,
    0x74, 0x68, 0x20, 0x3d, 0x3d, 0x3d, 0x20, 0x73, 0x74, 0x61, 0x74, 0x65,
    0x2e, 0x6c, 0x61, 0x73, 0x74, 0x4f, 0x75, 0x74, 0x70, 0x75, 0x74, 0x4c,
    0x65, 0x6e, 0x67, 0x74, 0x68, 0x29, 0x20, 0x7b, 0x0a, 0x20, 0x20, 0x20,
    0x20, 0x20, 0x20, 0x72, 0x65, 0x74, 0x75, 0x72, 0x6e, 0x3b, 0x0a, 0x20,
    0x20, 0x20, 0x20, 0x7d, 0x0a, 0x20, 0x20, 0x20, 0x20, 0x69, 0x66, 0x20,
    0x28, 0x72, 0x65, 0x70, 0x6f, 0x72, 0x74, 0x65, 0x64, 0x4c, 0x65, 0x6e,
    0x67, 0x74, 0x68, 0x20, 0x3d, 0x3d, 0x3d, 0x20, 0x30, 0x29, 0x20, 0x7b,
    0x0a, 0x20, 0x20, 0x20, 0x20, 0x20, 0x20, 0x65, 0x6c, 0x65, 0x6d, 0x65,
    0x6e, 0x74, 0x73, 0x2e, 0x6f, 0x75, 0x74, 0x70, 0x75, 0x74, 0x54, 0x65,
    0x78, 0x74, 0x2e, 0x74, 0x65, 0x78, 0x74, 0x43, 0x6f, 0x6e, 0x74, 0x65,
    0x6e, 0x74, 0x20, 0x3d, 0x20, 0x22, 0x22, 0x3b, 0x0a, 0x20, 0x20, 0x20,
    0x20, 0x20, 0x20, 0x63, 0x6f, 0x6e, 0x73, 0x74, 0x20, 0x70, 0x6c, 0x61,
    0x63, 0x65, 0x68, 0x6f, 0x6c, 0x64, 0x65, 0x72, 0x20, 0x3d, 0x20, 0x64,
    0x6f, 0x63, 0x75, 0x6d, 0x65, 0x6e, 0x74, 0x2e, 0x63, 0x72, 0x65, 0x61,
    0x74, 0x65, 0x45, 0x6c, 0x65, 0x6d, 0x65, 0x6e, 0x74, 0x28, 0x22, 0x73,
    0x70, 0x61, 0x6e, 0x22, 0x29, 0x3b, 0x0a, 0x20, 0x20, 0x20, 0x20, 0x20,
    0x20, 0x70, 0x6c, 0x61, 0x63, 0x65, 0x68, 0x6f, 0x6c, 0x64, 0x65, 0x72,
    0x2e, 0x63, 0x6c, 0x61, 0x73, 0x73, 0x4e, 0x61, 0x6d, 0x65, 0x20, 0x3d,
    0x20, 0x22, 0x70, 0x6c, 0x61, 0x63, 0x65, 0x68, 0x6f, 0x6c, 0x64, 0x65,
    0x72, 0x22, 0x3b, 0x0a, 0x20, 0x20, 0x20, 0x20, 0x20, 0x20, 0x70, 0x6c,
    0x61, 0x63, 0x65, 0x68, 0x6f, 0x6c, 0x64, 0x65, 0x72, 0x2e, 0x74, 0x65,
    0x78, 0x74, 0x43, 0x6f, 0x6e, 0x74, 0x65, 0x6e, 0x74, 0x20, 0x3d, 0x20,
    0x22, 0x57, 0x61, 0x69, 0x74, 0x69, 0x6e, 0x67, 0x20, 0x66, 0x6f, 0x72,
    0x20, 0x74, 0x68, 0x65, 0x20, 0x66, 0x69, 0x72, 0x73, 0x74, 0x20, 0x67,
    0x65, 0x6e, 0x65, 0x72, 0x61, 0x74, 0x65, 0x64, 0x20, 0x62, 0x79, 0x74,
    0x65, 0x73, 0xe2, 0x80, 0xa6, 0x22, 0x3b, 0x0a, 0x20, 0x20, 0x20, 0x20,
    0x20, 0x20, 0x65, 0x6c, 0x65, 0x6d, 0x65, 0x6e, 0x74, 0x73, 0x2e, 0x6f,
    0x75, 0x74, 0x70, 0x75, 0x74, 0x54, 0x65, 0x78, 0x74, 0x2e, 0x61, 0x70,
    0x70, 0x65, 0x6e, 0x64, 0x43, 0x68, 0x69, 0x6c, 0x64, 0x28, 0x70, 0x6c,
    0x61, 0x63, 0x65, 0x68, 0x6f, 0x6c, 0x64, 0x65, 0x72, 0x29, 0x3b, 0x0a,
    0x20, 0x20, 0x20, 0x20, 0x20, 0x20, 0x65, 0x6c, 0x65, 0x6d, 0x65, 0x6e,
    0x74, 0x73, 0x2e, 0x6f, 0x75, 0x74, 0x70, 0x75, 0x74, 0x42, 0x79, 0x74,
    0x65, 0x43, 0x6f, 0x75, 0x6e, 0x74, 0x2e, 0x74, 0x65, 0x78, 0x74, 0x43,
    0x6f, 0x6e, 0x74, 0x65, 0x6e, 0x74, 0x20, 0x3d, 0x20, 0x22, 0x30, 0x20,
    0x62, 0x79, 0x74, 0x65, 0x73, 0x22, 0x3b, 0x0a, 0x20, 0x20, 0x20, 0x20,
    0x20, 0x20, 0x73, 0x74, 0x61, 0x74, 0x65, 0x2e, 0x6c, 0x61, 0x73, 0x74,
    0x4f, 0x75, 0x74, 0x70, 0x75, 0x74, 0x4c, 0x65, 0x6e, 0x67, 0x74, 0x68,
    0x20, 0x3d, 0x20, 0x30, 0x3b, 0x0a, 0x20, 0x20, 0x20, 0x20, 0x20, 0x20,
    0x72, 0x65, 0x74, 0x75, 0x72, 0x6e, 0x3b, 0x0a, 0x20, 0x20, 0x20, 0x20,
    0x7d, 0x0a, 0x20, 0x20, 0x20, 0x20, 0x63, 0x6f, 0x6e, 0x73, 0x74, 0x20,
    0x62, 0x79, 0x74, 0x65, 0x73, 0x20, 0x3d, 0x20, 0x61, 0x77, 0x61, 0x69,
    0x74, 0x20, 0x61, 0x70, 0x69, 0x4f, 0x75, 0x74, 0x70, 0x75, 0x74, 0x28,
    0x6a, 0x6f, 0x62, 0x49, 0x64, 0x29, 0x3b, 0x0a, 0x20, 0x20, 0x20, 0x20,
    0x69, 0x66, 0x20, 0x28, 0x62, 0x79, 0x74, 0x65, 0x73, 0x2e, 0x6c, 0x65,
    0x6e, 0x67, 0x74, 0x68, 0x20, 0x3c, 0x20, 0x72, 0x65, 0x70, 0x6f, 0x72,
    0x74, 0x65, 0x64, 0x4c, 0x65, 0x6e, 0x67, 0x74, 0x68, 0x20, 0x7c, 0x7c,
    0x20, 0x62, 0x79, 0x74, 0x65, 0x73, 0x2e, 0x6c, 0x65, 0x6e, 0x67, 0x74,
    0x68, 0x20, 0x3e, 0x20, 0x4c, 0x49, 0x4d, 0x49, 0x54, 0x53, 0x2e, 0x6d,
    0x61, 0x78, 0x4f, 0x75, 0x74, 0x70, 0x75, 0x74, 0x42, 0x79, 0x74, 0x65,
    0x73, 0x29, 0x20, 0x7b, 0x0a, 0x20, 0x20, 0x20, 0x20, 0x20, 0x20, 0x74,
    0x68, 0x72, 0x6f, 0x77, 0x20, 0x6e, 0x65, 0x77, 0x20, 0x41, 0x70, 0x69,
    0x45, 0x72, 0x72, 0x6f, 0x72, 0x28, 0x32, 0x30, 0x30, 0x2c, 0x20, 0x22,
    0x6f, 0x75, 0x74, 0x70, 0x75, 0x74, 0x5f, 0x6c, 0x65, 0x6e, 0x67, 0x74,
    0x68, 0x5f, 0x6d, 0x69, 0x73, 0x6d, 0x61, 0x74, 0x63, 0x68, 0x22, 0x2c,
    0x20, 0x22, 0x54, 0x68, 0x65, 0x20, 0x62, 0x6f, 0x61, 0x72, 0x64, 0x20,
    0x72, 0x65, 0x74, 0x75, 0x72, 0x6e, 0x65, 0x64, 0x20, 0x61, 0x6e, 0x20,
    0x69, 0x6e, 0x63, 0x6f, 0x6e, 0x73, 0x69, 0x73, 0x74, 0x65, 0x6e, 0x74,
    0x20, 0x6f, 0x75, 0x74, 0x70, 0x75, 0x74, 0x20, 0x6c, 0x65, 0x6e, 0x67,
    0x74, 0x68, 0x2e, 0x22, 0x29, 0x3b, 0x0a, 0x20, 0x20, 0x20, 0x20, 0x7d,
    0x0a, 0x20, 0x20, 0x20, 0x20, 0x65, 0x6c, 0x65, 0x6d, 0x65, 0x6e, 0x74,
    0x73, 0x2e, 0x6f, 0x75, 0x74, 0x70, 0x75, 0x74, 0x54, 0x65, 0x78, 0x74,
    0x2e, 0x74, 0x65, 0x78, 0x74, 0x43, 0x6f, 0x6e, 0x74, 0x65, 0x6e, 0x74,
    0x20, 0x3d, 0x20, 0x64, 0x65, 0x63, 0x6f, 0x64, 0x65, 0x4f, 0x75, 0x74,
    0x70, 0x75, 0x74, 0x42, 0x79, 0x74, 0x65, 0x73, 0x28, 0x62, 0x79, 0x74,
    0x65, 0x73, 0x29, 0x3b, 0x0a, 0x20, 0x20, 0x20, 0x20, 0x65, 0x6c, 0x65,
    0x6d, 0x65, 0x6e, 0x74, 0x73, 0x2e, 0x6f, 0x75, 0x74, 0x70, 0x75, 0x74,
    0x42, 0x79, 0x74, 0x65, 0x43, 0x6f, 0x75, 0x6e, 0x74, 0x2e, 0x74, 0x65,
    0x78, 0x74, 0x43, 0x6f, 0x6e, 0x74, 0x65, 0x6e, 0x74, 0x20, 0x3d, 0x20,
    0x60, 0x24, 0x7b, 0x62, 0x79, 0x74, 0x65, 0x73, 0x2e, 0x6c, 0x65, 0x6e,
    0x67, 0x74, 0x68, 0x7d, 0x20, 0x24, 0x7b, 0x62, 0x79, 0x74, 0x65, 0x73,
    0x2e, 0x6c, 0x65, 0x6e, 0x67, 0x74, 0x68, 0x20, 0x3d, 0x3d, 0x3d, 0x20,
    0x31, 0x20, 0x3f, 0x20, 0x22, 0x62, 0x79, 0x74, 0x65, 0x22, 0x20, 0x3a,
    0x20, 0x22, 0x62, 0x79, 0x74, 0x65, 0x73, 0x22, 0x7d, 0x60, 0x3b, 0x0a,
    0x20, 0x20, 0x20, 0x20, 0x65, 0x6c, 0x65, 0x6d, 0x65, 0x6e, 0x74, 0x73,
    0x2e, 0x6f, 0x75, 0x74, 0x70, 0x75, 0x74, 0x54, 0x65, 0x78, 0x74, 0x2e,
    0x73, 0x63, 0x72, 0x6f, 0x6c, 0x6c, 0x54, 0x6f, 0x70, 0x20, 0x3d, 0x20,
    0x65, 0x6c, 0x65, 0x6d, 0x65, 0x6e, 0x74, 0x73, 0x2e, 0x6f, 0x75, 0x74,
    0x70, 0x75, 0x74, 0x54, 0x65, 0x78, 0x74, 0x2e, 0x73, 0x63, 0x72, 0x6f,
    0x6c, 0x6c, 0x48, 0x65, 0x69, 0x67, 0x68, 0x74, 0x3b, 0x0a, 0x20, 0x20,
    0x20, 0x20, 0x73, 0x74, 0x61, 0x74, 0x65, 0x2e, 0x6c, 0x61, 0x73, 0x74,
    0x4f, 0x75, 0x74, 0x70, 0x75, 0x74, 0x4c, 0x65, 0x6e, 0x67, 0x74, 0x68,
    0x20, 0x3d, 0x20, 0x62, 0x79, 0x74, 0x65, 0x73, 0x2e, 0x6c, 0x65, 0x6e,
    0x67, 0x74, 0x68, 0x3b, 0x0a, 0x20, 0x20, 0x7d, 0x0a, 0x0a, 0x20, 0x20,
    0x66, 0x75, 0x6e, 0x63, 0x74, 0x69, 0x6f, 0x6e, 0x20, 0x73, 0x63, 0x68,
    0x65, 0x64, 0x75, 0x6c, 0x65, 0x50, 0x6f, 0x6c, 0x6c, 0x28, 0x64, 0x65,
    0x6c, 0x61, 0x79, 0x29, 0x20, 0x7b, 0x0a, 0x20, 0x20, 0x20, 0x20, 0x69,
    0x66, 0x20, 0x28, 0x73, 0x74, 0x61, 0x74, 0x65, 0x2e, 0x61, 0x63, 0x74,
    0x69, 0x76, 0x65, 0x4a, 0x6f, 0x62, 0x49, 0x64, 0x20, 0x3d, 0x3d, 0x3d,
    0x20, 0x6e, 0x75, 0x6c, 0x6c, 0x29, 0x20, 0x72, 0x65, 0x74, 0x75, 0x72,
    0x6e, 0x3b, 0x0a, 0x20, 0x20, 0x20, 0x20, 0x72, 0x6f, 0x6f, 0x74, 0x2e,
    0x63, 0x6c, 0x65, 0x61, 0x72, 0x54, 0x69, 0x6d, 0x65, 0x6f, 0x75, 0x74,
    0x28, 0x73, 0x74, 0x61, 0x74, 0x65, 0x2e, 0x70, 0x6f, 0x6c, 0x6c, 0x54,
    0x69, 0x6d, 0x65, 0x72, 0x29, 0x3b, 0x0a, 0x20, 0x20, 0x20, 0x20, 0x73,
    0x74, 0x61, 0x74, 0x65, 0x2e, 0x70, 0x6f, 0x6c, 0x6c, 0x54, 0x69, 0x6d,
    0x65, 0x72, 0x20, 0x3d, 0x20, 0x72, 0x6f, 0x6f, 0x74, 0x2e, 0x73, 0x65,
    0x74, 0x54, 0x69, 0x6d, 0x65, 0x6f, 0x75, 0x74, 0x28, 0x70, 0x6f, 0x6c,
    0x6c, 0x4a, 0x6f, 0x62, 0x2c, 0x20, 0x64, 0x65, 0x6c, 0x61, 0x79, 0x29,
    0x3b, 0x0a, 0x20, 0x20, 0x7d, 0x0a, 0x0a, 0x20, 0x20, 0x61, 0x73, 0x79,
    0x6e, 0x63, 0x20, 0x66, 0x75, 0x6e, 0x63, 0x74, 0x69, 0x6f, 0x6e, 0x20,
    0x70, 0x6f, 0x6c, 0x6c, 0x4a, 0x6f, 0x62, 0x28, 0x29, 0x20, 0x7b, 0x0a,
    0x20, 0x20, 0x20, 0x20, 0x69, 0x66, 0x20, 0x28, 0x73, 0x74, 0x61, 0x74,
    0x65, 0x2e, 0x61, 0x63, 0x74, 0x69, 0x76, 0x65, 0x4a, 0x6f, 0x62, 0x49,
    0x64, 0x20, 0x3d, 0x3d, 0x3d, 0x20, 0x6e, 0x75, 0x6c, 0x6c, 0x29, 0x20,
    0x72, 0x65, 0x74, 0x75, 0x72, 0x6e, 0x3b, 0x0a, 0x20, 0x20, 0x20, 0x20,
    0x63, 0x6f, 0x6e, 0x73, 0x74, 0x20, 0x6a, 0x6f, 0x62, 0x49, 0x64, 0x20,
    0x3d, 0x20, 0x73, 0x74, 0x61, 0x74, 0x65, 0x2e, 0x61, 0x63, 0x74, 0x69,
    0x76, 0x65, 0x4a, 0x6f, 0x62, 0x49, 0x64, 0x3b, 0x0a, 0x20, 0x20, 0x20,
    0x20, 0x74, 0x72, 0x79, 0x20, 0x7b, 0x0a, 0x20, 0x20, 0x20, 0x20, 0x20,
    0x20, 0x63, 0x6f, 0x6e, 0x73, 0x74, 0x20, 0x70, 0x61, 0x79, 0x6c, 0x6f,
    0x61, 0x64, 0x20, 0x3d, 0x20, 0x76, 0x61, 0x6c, 0x69, 0x64, 0x61, 0x74,
    0x65, 0x53, 0x74, 0x61, 0x74, 0x75, 0x73, 0x28, 0x0a, 0x20, 0x20, 0x20,
    0x20, 0x20, 0x20, 0x20, 0x20, 0x61, 0x77, 0x61, 0x69, 0x74, 0x20, 0x61,
    0x70, 0x69, 0x4a, 0x73, 0x6f, 0x6e, 0x28, 0x60, 0x2f, 0x61, 0x70, 0x69,
    0x2f, 0x67, 0x65, 0x6e, 0x65, 0x72, 0x61, 0x74, 0x65, 0x2f, 0x24, 0x7b,
    0x6a, 0x6f, 0x62, 0x49, 0x64, 0x7d, 0x60, 0x2c, 0x20, 0x7b, 0x20, 0x6d,
    0x65, 0x74, 0x68, 0x6f, 0x64, 0x3a, 0x20, 0x22, 0x47, 0x45, 0x54, 0x22,
    0x20, 0x7d, 0x29, 0x2c, 0x0a, 0x20, 0x20, 0x20, 0x20, 0x20, 0x20, 0x20,
    0x20, 0x6a, 0x6f, 0x62, 0x49, 0x64, 0x0a, 0x20, 0x20, 0x20, 0x20, 0x20,
    0x20, 0x29, 0x3b, 0x0a, 0x20, 0x20, 0x20, 0x20, 0x20, 0x20, 0x73, 0x74,
    0x61, 0x74, 0x65, 0x2e, 0x63, 0x6f, 0x6e, 0x6e, 0x65, 0x63, 0x74, 0x65,
    0x64, 0x20, 0x3d, 0x20, 0x74, 0x72, 0x75, 0x65, 0x3b, 0x0a, 0x20, 0x20,
    0x20, 0x20, 0x20, 0x20, 0x73, 0x74, 0x61, 0x74, 0x65, 0x2e, 0x72, 0x65,
    0x61, 0x64, 0x79, 0x20, 0x3d, 0x20, 0x74, 0x72, 0x75, 0x65, 0x3b, 0x0a,
    0x20, 0x20, 0x20, 0x20, 0x20, 0x20, 0x73, 0x74, 0x61, 0x74, 0x65, 0x2e,
    0x6e, 0x65, 0x74, 0x77, 0x6f, 0x72, 0x6b, 0x46, 0x61, 0x69, 0x6c, 0x75,
    0x72, 0x65, 0x73, 0x20, 0x3d, 0x20, 0x30, 0x3b, 0x0a, 0x20, 0x20, 0x20,
    0x20, 0x20, 0x20, 0x73, 0x65, 0x74, 0x43, 0x6f, 0x6e, 0x6e, 0x65, 0x63,
    0x74, 0x69, 0x6f, 0x6e, 0x28, 0x69, 0x73, 0x41, 0x63, 0x74, 0x69, 0x76,
    0x65, 0x53, 0x74, 0x61, 0x74, 0x65, 0x28, 0x70, 0x61, 0x79, 0x6c, 0x6f,
    0x61, 0x64, 0x2e, 0x73, 0x74, 0x61, 0x74, 0x65, 0x29, 0x20, 0x3f, 0x20,
    0x22, 0x62, 0x75, 0x73, 0x79, 0x22, 0x20, 0x3a, 0x20, 0x22, 0x6f, 0x6e,
    0x6c, 0x69, 0x6e, 0x65, 0x22, 0x2c, 0x0a, 0x20, 0x20, 0x20, 0x20, 0x20,
    0x20, 0x20, 0x20, 0x20, 0x20, 0x20, 0x20, 0x20, 0x20, 0x20, 0x20, 0x20,
    0x20, 0x20, 0x20, 0x69, 0x73, 0x41, 0x63, 0x74, 0x69, 0x76, 0x65, 0x53,
    0x74, 0x61, 0x74, 0x65, 0x28, 0x70, 0x61, 0x79, 0x6c, 0x6f, 0x61, 0x64,
    0x2e, 0x73, 0x74, 0x61, 0x74, 0x65, 0x29, 0x20, 0x3f, 0x20, 0x22, 0x46,
    0x50, 0x47, 0x41, 0x20, 0x67, 0x65, 0x6e, 0x65, 0x72, 0x61, 0x74, 0x69,
    0x6e, 0x67, 0x22, 0x20, 0x3a, 0x20, 0x22, 0x42, 0x6f, 0x61, 0x72, 0x64,
    0x20, 0x6f, 0x6e, 0x6c, 0x69, 0x6e, 0x65, 0x22, 0x29, 0x3b, 0x0a, 0x20,
    0x20, 0x20, 0x20, 0x20, 0x20, 0x72, 0x65, 0x6e, 0x64, 0x65, 0x72, 0x53,
    0x74, 0x61, 0x74, 0x75, 0x73, 0x28, 0x70, 0x61, 0x79, 0x6c, 0x6f, 0x61,
    0x64, 0x29, 0x3b, 0x0a, 0x20, 0x20, 0x20, 0x20, 0x20, 0x20, 0x61, 0x77,
    0x61, 0x69, 0x74, 0x20, 0x72, 0x65, 0x66, 0x72, 0x65, 0x73, 0x68, 0x4f,
    0x75, 0x74, 0x70, 0x75, 0x74, 0x28, 0x6a, 0x6f, 0x62, 0x49, 0x64, 0x2c,
    0x20, 0x70, 0x61, 0x79, 0x6c, 0x6f, 0x61, 0x64, 0x2e, 0x6f, 0x75, 0x74,
    0x70, 0x75, 0x74, 0x5f, 0x6c, 0x65, 0x6e, 0x67, 0x74, 0x68, 0x2c, 0x20,
    0x69, 0x73, 0x54, 0x65, 0x72, 0x6d, 0x69, 0x6e, 0x61, 0x6c, 0x53, 0x74,
    0x61, 0x74, 0x65, 0x28, 0x70, 0x61, 0x79, 0x6c, 0x6f, 0x61, 0x64, 0x2e,
    0x73, 0x74, 0x61, 0x74, 0x65, 0x29, 0x29, 0x3b, 0x0a, 0x0a, 0x20, 0x20,
    0x20, 0x20, 0x20, 0x20, 0x69, 0x66, 0x20, 0x28, 0x70, 0x61, 0x79, 0x6c,
    0x6f, 0x61, 0x64, 0x2e, 0x73, 0x74, 0x61, 0x74, 0x65, 0x20, 0x3d, 0x3d,
    0x3d, 0x20, 0x22, 0x64, 0x6f, 0x6e, 0x65, 0x22, 0x29, 0x20, 0x7b, 0x0a,
    0x20, 0x20, 0x20, 0x20, 0x20, 0x20, 0x20, 0x20, 0x73, 0x74, 0x61, 0x74,
    0x65, 0x2e, 0x61, 0x63, 0x74, 0x69, 0x76, 0x65, 0x4a, 0x6f, 0x62, 0x49,
    0x64, 0x20, 0x3d, 0x20, 0x6e, 0x75, 0x6c, 0x6c, 0x3b, 0x0a, 0x20, 0x20,
    0x20, 0x20, 0x20, 0x20, 0x20, 0x20, 0x73, 0x65, 0x74, 0x52, 0x75, 0x6e,
    0x74, 0x69, 0x6d, 0x65, 0x4d, 0x65, 0x73, 0x73, 0x61, 0x67, 0x65, 0x28,
    0x60, 0x47, 0x65, 0x6e, 0x65, 0x72, 0x61, 0x74, 0x69, 0x6f, 0x6e, 0x20,
    0x63, 0x6f, 0x6d, 0x70, 0x6c, 0x65, 0x74, 0x65, 0x20, 0xc2, 0xb7, 0x20,
    0x24, 0x7b, 0x70, 0x61, 0x79, 0x6c, 0x6f, 0x61, 0x64, 0x2e, 0x73, 0x74,
    0x6f, 0x70, 0x5f, 0x72, 0x65, 0x61, 0x73, 0x6f, 0x6e, 0x20, 0x7c, 0x7c,
    0x20, 0x22, 0x73, 0x74, 0x6f, 0x70, 0x20, 0x72, 0x65, 0x61, 0x73, 0x6f,
    0x6e, 0x20, 0x75, 0x6e, 0x61, 0x76, 0x61, 0x69, 0x6c, 0x61, 0x62, 0x6c,
    0x65, 0x22, 0x7d, 0x2e, 0x60, 0x2c, 0x20, 0x22, 0x73, 0x75, 0x63, 0x63,
    0x65, 0x73, 0x73, 0x22, 0x29, 0x3b, 0x0a, 0x20, 0x20, 0x20, 0x20, 0x20,
    0x20, 0x20, 0x20, 0x72, 0x65, 0x66, 0x72, 0x65, 0x73, 0x68, 0x43, 0x6f,
    0x6e, 0x74, 0x72, 0x6f, 0x6c, 0x73, 0x28, 0x29, 0x3b, 0x0a, 0x20, 0x20,
    0x20, 0x20, 0x20, 0x20, 0x20, 0x20, 0x73, 0x63, 0x68, 0x65, 0x64, 0x75,
    0x6c, 0x65, 0x48, 0x65, 0x61, 0x6c, 0x74, 0x68, 0x28, 0x32, 0x35, 0x30,
    0x29, 0x3b, 0x0a, 0x20, 0x20, 0x20, 0x20, 0x20, 0x20, 0x20, 0x20, 0x72,
    0x65, 0x74, 0x75, 0x72, 0x6e, 0x3b, 0x0a, 0x20, 0x20, 0x20, 0x20, 0x20,
    0x20, 0x7d, 0x0a, 0x20, 0x20, 0x20, 0x20, 0x20, 0x20, 0x69, 0x66, 0x20,
    0x28, 0x70, 0x61, 0x79, 0x6c, 0x6f, 0x61, 0x64, 0x2e, 0x73, 0x74, 0x61,
    0x74, 0x65, 0x20, 0x3d, 0x3d, 0x3d, 0x20, 0x22, 0x65, 0x72, 0x72, 0x6f,
    0x72, 0x22, 0x29, 0x20, 0x7b, 0x0a, 0x20, 0x20, 0x20, 0x20, 0x20, 0x20,
    0x20, 0x20, 0x73, 0x74, 0x61, 0x74, 0x65, 0x2e, 0x61, 0x63, 0x74, 0x69,
    0x76, 0x65, 0x4a, 0x6f, 0x62, 0x49, 0x64, 0x20, 0x3d, 0x20, 0x6e, 0x75,
    0x6c, 0x6c, 0x3b, 0x0a, 0x20, 0x20, 0x20, 0x20, 0x20, 0x20, 0x20, 0x20,
    0x63, 0x6f, 0x6e, 0x73, 0x74, 0x20, 0x64, 0x65, 0x74, 0x61, 0x69, 0x6c,
    0x20, 0x3d, 0x20, 0x70, 0x61, 0x79, 0x6c, 0x6f, 0x61, 0x64, 0x2e, 0x65,
    0x72, 0x72, 0x6f, 0x72, 0x20, 0x26, 0x26, 0x20, 0x74, 0x79, 0x70, 0x65,
    0x6f, 0x66, 0x20, 0x70, 0x61, 0x79, 0x6c, 0x6f, 0x61, 0x64, 0x2e, 0x65,
    0x72, 0x72, 0x6f, 0x72, 0x20, 0x3d, 0x3d, 0x3d, 0x20, 0x22, 0x6f, 0x62,
    0x6a, 0x65, 0x63, 0x74, 0x22, 0x0a, 0x20, 0x20, 0x20, 0x20, 0x20, 0x20,
    0x20, 0x20, 0x20, 0x20, 0x3f, 0x20, 0x60, 0x6a, 0x6f, 0x62, 0x20, 0x24,
    0x7b, 0x70, 0x61, 0x79, 0x6c, 0x6f, 0x61, 0x64, 0x2e, 0x65, 0x72, 0x72,
    0x6f, 0x72, 0x2e, 0x6a, 0x6f, 0x62, 0x5f, 0x63, 0x6f, 0x64, 0x65, 0x7d,
    0x2c, 0x20, 0x73, 0x65, 0x73, 0x73, 0x69, 0x6f, 0x6e, 0x20, 0x24, 0x7b,
    0x70, 0x61, 0x79, 0x6c, 0x6f, 0x61, 0x64, 0x2e, 0x65, 0x72, 0x72, 0x6f,
    0x72, 0x2e, 0x73, 0x65, 0x73, 0x73, 0x69, 0x6f, 0x6e, 0x5f, 0x63, 0x6f,
    0x64, 0x65, 0x7d, 0x2c, 0x20, 0x74, 0x6f, 0x6b, 0x65, 0x6e, 0x69, 0x7a,
    0x65, 0x72, 0x20, 0x24, 0x7b, 0x70, 0x61, 0x79, 0x6c, 0x6f, 0x61, 0x64,
    0x2e, 0x65, 0x72, 0x72, 0x6f, 0x72, 0x2e, 0x74, 0x6f, 0x6b, 0x65, 0x6e,
    0x69, 0x7a, 0x65, 0x72, 0x5f, 0x63, 0x6f, 0x64, 0x65, 0x7d, 0x60, 0x0a,
    0x20, 0x20, 0x20, 0x20, 0x20, 0x20, 0x20, 0x20, 0x20, 0x20, 0x3a, 0x20,
    0x22, 0x6e, 0x6f, 0x20, 0x65, 0x72, 0x72, 0x6f, 0x72, 0x20, 0x63, 0x6f,
    0x64, 0x65, 0x73, 0x20, 0x72, 0x65, 0x74, 0x75, 0x72, 0x6e, 0x65, 0x64,
    0x22, 0x3b, 0x0a, 0x20, 0x20, 0x20, 0x20, 0x20, 0x20, 0x20, 0x20, 0x73,
    0x65, 0x74, 0x52, 0x75, 0x6e, 0x74, 0x69, 0x6d, 0x65, 0x4d, 0x65, 0x73,
    0x73, 0x61, 0x67, 0x65, 0x28, 0x60, 0x47, 0x65, 0x6e, 0x65, 0x72, 0x61,
    0x74, 0x69, 0x6f, 0x6e, 0x20, 0x66, 0x61, 0x69, 0x6c, 0x65, 0x64, 0x3a,
    0x20, 0x24, 0x7b, 0x64, 0x65, 0x74, 0x61, 0x69, 0x6c, 0x7d, 0x2e, 0x60,
    0x2c, 0x20, 0x22, 0x65, 0x72, 0x72, 0x6f, 0x72, 0x22, 0x29, 0x3b, 0x0a,
    0x20, 0x20, 0x20, 0x20, 0x20, 0x20, 0x20, 0x20, 0x72, 0x65, 0x66, 0x72,
    0x65, 0x73, 0x68, 0x43, 0x6f, 0x6e, 0x74, 0x72, 0x6f, 0x6c, 0x73, 0x28,
    0x29, 0x3b, 0x0a, 0x20, 0x20, 0x20, 0x20, 0x20, 0x20, 0x20, 0x20, 0x73,
    0x63, 0x68, 0x65, 0x64, 0x75, 0x6c, 0x65, 0x48, 0x65, 0x61, 0x6c, 0x74,
    0x68, 0x28, 0x32, 0x35, 0x30, 0x29, 0x3b, 0x0a, 0x20, 0x20, 0x20, 0x20,
    0x20, 0x20, 0x20, 0x20, 0x72, 0x65, 0x74, 0x75, 0x72, 0x6e, 0x3b, 0x0a,
    0x20, 0x20, 0x20, 0x20, 0x20, 0x20, 0x7d, 0x0a, 0x20, 0x20, 0x20, 0x20,
    0x20, 0x20, 0x69, 0x66, 0x20, 0x28, 0x21, 0x69, 0x73, 0x41, 0x63, 0x74,
    0x69, 0x76, 0x65, 0x53, 0x74, 0x61, 0x74, 0x65, 0x28, 0x70, 0x61, 0x79,
    0x6c, 0x6f, 0x61, 0x64, 0x2e, 0x73, 0x74, 0x61, 0x74, 0x65, 0x29, 0x29,
    0x20, 0x7b, 0x0a, 0x20, 0x20, 0x20, 0x20, 0x20, 0x20, 0x20, 0x20, 0x74,
    0x68, 0x72, 0x6f, 0x77, 0x20, 0x6e, 0x65, 0x77, 0x20, 0x41, 0x70, 0x69,
    0x45, 0x72, 0x72, 0x6f, 0x72, 0x28, 0x32, 0x30, 0x30, 0x2c, 0x20, 0x22,
    0x69, 0x6e, 0x76, 0x61, 0x6c, 0x69, 0x64, 0x5f, 0x6a, 0x6f, 0x62, 0x5f,
    0x73, 0x74, 0x61, 0x74, 0x65, 0x22, 0x2c, 0x20, 0x60, 0x55, 0x6e, 0x65,
    0x78, 0x70, 0x65, 0x63, 0x74, 0x65, 0x64, 0x20, 0x6a, 0x6f, 0x62, 0x20,
    0x73, 0x74, 0x61, 0x74, 0x65, 0x3a, 0x20, 0x24, 0x7b, 0x70, 0x61, 0x79,
    0x6c, 0x6f, 0x61, 0x64, 0x2e, 0x73, 0x74, 0x61, 0x74, 0x65, 0x7d, 0x2e,
    0x60, 0x29, 0x3b, 0x0a, 0x20, 0x20, 0x20, 0x20, 0x20, 0x20, 0x7d, 0x0a,
    0x20, 0x20, 0x20, 0x20, 0x20, 0x20, 0x73, 0x65, 0x74, 0x52, 0x75, 0x6e,
    0x74, 0x69, 0x6d, 0x65, 0x4d, 0x65, 0x73, 0x73, 0x61, 0x67, 0x65, 0x28,
    0x0a, 0x20, 0x20, 0x20, 0x20, 0x20, 0x20, 0x20, 0x20, 0x70, 0x61, 0x79,
    0x6c, 0x6f, 0x61, 0x64, 0x2e, 0x73, 0x74, 0x61, 0x74, 0x65, 0x20, 0x3d,
    0x3d, 0x3d, 0x20, 0x22, 0x71, 0x75, 0x65, 0x75, 0x65, 0x64, 0x22, 0x20,
    0x3f, 0x20, 0x22, 0x52, 0x65, 0x71, 0x75, 0x65, 0x73, 0x74, 0x20, 0x61,
    0x63, 0x63, 0x65, 0x70, 0x74, 0x65, 0x64, 0x3b, 0x20, 0x77, 0x61, 0x69,
    0x74, 0x69, 0x6e, 0x67, 0x20, 0x66, 0x6f, 0x72, 0x20, 0x74, 0x68, 0x65,
    0x20, 0x50, 0x4c, 0x20, 0x72, 0x75, 0x6e, 0x6e, 0x65, 0x72, 0x2e, 0x22,
    0x20, 0x3a, 0x20, 0x22, 0x50, 0x4c, 0x20, 0x69, 0x6e, 0x66, 0x65, 0x72,
    0x65, 0x6e, 0x63, 0x65, 0x20, 0x69, 0x73, 0x20, 0x72, 0x75, 0x6e, 0x6e,
    0x69, 0x6e, 0x67, 0x3b, 0x20, 0x6f, 0x75, 0x74, 0x70, 0x75, 0x74, 0x20,
    0x72, 0x65, 0x66, 0x72, 0x65, 0x73, 0x68, 0x65, 0x73, 0x20, 0x61, 0x66,
    0x74, 0x65, 0x72, 0x20, 0x65, 0x61, 0x63, 0x68, 0x20, 0x74, 0x6f, 0x6b,
    0x65, 0x6e, 0x2e, 0x22, 0x2c, 0x0a, 0x20, 0x20, 0x20, 0x20, 0x20, 0x20,
    0x20, 0x20, 0x22, 0x77, 0x61, 0x72, 0x6e, 0x69, 0x6e, 0x67, 0x22, 0x0a,
    0x20, 0x20, 0x20, 0x20, 0x20, 0x20, 0x29, 0x3b, 0x0a, 0x20, 0x20, 0x20,
    0x20, 0x20, 0x20, 0x72, 0x65, 0x66, 0x72, 0x65, 0x73, 0x68, 0x43, 0x6f,
    0x6e, 0x74, 0x72, 0x6f, 0x6c, 0x73, 0x28, 0x29, 0x3b, 0x0a, 0x20, 0x20,
    0x20, 0x20, 0x20, 0x20, 0x73, 0x63, 0x68, 0x65, 0x64, 0x75, 0x6c, 0x65,
    0x50, 0x6f, 0x6c, 0x6c, 0x28, 0x4c, 0x49, 0x4d, 0x49, 0x54, 0x53, 0x2e,
    0x70, 0x6f, 0x6c, 0x6c, 0x49, 0x6e, 0x74, 0x65, 0x72, 0x76, 0x61, 0x6c,
    0x4d, 0x73, 0x29, 0x3b, 0x0a, 0x20, 0x20, 0x20, 0x20, 0x7d, 0x20, 0x63,
    0x61, 0x74, 0x63, 0x68, 0x20, 0x28, 0x65, 0x72, 0x72, 0x6f, 0x72, 0x29,
    0x20, 0x7b, 0x0a, 0x20, 0x20, 0x20, 0x20, 0x20, 0x20, 0x69, 0x66, 0x20,
    0x28, 0x65, 0x72, 0x72, 0x6f, 0x72, 0x20, 0x69, 0x6e, 0x73, 0x74, 0x61,
    0x6e, 0x63, 0x65, 0x6f, 0x66, 0x20, 0x41, 0x70, 0x69, 0x45, 0x72, 0x72,
    0x6f, 0x72, 0x29, 0x20, 0x7b, 0x0a, 0x20, 0x20, 0x20, 0x20, 0x20, 0x20,
    0x20, 0x20, 0x73, 0x74, 0x61, 0x74, 0x65, 0x2e, 0x61, 0x63, 0x74, 0x69,
    0x76, 0x65, 0x4a, 0x6f, 0x62, 0x49, 0x64, 0x20, 0x3d, 0x20, 0x6e, 0x75,
    0x6c, 0x6c, 0x3b, 0x0a, 0x20, 0x20, 0x20, 0x20, 0x20, 0x20, 0x20, 0x20,
    0x73, 0x74, 0x61, 0x74, 0x65, 0x2e, 0x72, 0x65, 0x6d, 0x6f, 0x74, 0x65,
    0x53, 0x74, 0x61, 0x74, 0x65, 0x20, 0x3d, 0x20, 0x22, 0x75, 0x6e, 0x6b,
    0x6e, 0x6f, 0x77, 0x6e, 0x22, 0x3b, 0x0a, 0x20, 0x20, 0x20, 0x20, 0x20,
    0x20, 0x20, 0x20, 0x73, 0x74, 0x61, 0x74, 0x65, 0x2e, 0x72, 0x65, 0x61,
    0x64, 0x79, 0x20, 0x3d, 0x20, 0x66, 0x61, 0x6c, 0x73, 0x65, 0x3b, 0x0a,
    0x20, 0x20, 0x20, 0x20, 0x20, 0x20, 0x20, 0x20, 0x65, 0x6c, 0x65, 0x6d,
    0x65, 0x6e, 0x74, 0x73, 0x2e, 0x6a, 0x6f, 0x62, 0x53, 0x74, 0x61, 0x74,
    0x65, 0x2e, 0x74, 0x65, 0x78, 0x74, 0x43, 0x6f, 0x6e, 0x74, 0x65, 0x6e,
    0x74, 0x20, 0x3d, 0x20, 0x22, 0x45, 0x72, 0x72, 0x6f, 0x72, 0x22, 0x3b,
    0x0a, 0x20, 0x20, 0x20, 0x20, 0x20, 0x20, 0x20, 0x20, 0x65, 0x6c, 0x65,
    0x6d, 0x65, 0x6e, 0x74, 0x73, 0x2e, 0x6a, 0x6f, 0x62, 0x53, 0x74, 0x61,
    0x74, 0x65, 0x2e, 0x64, 0x61, 0x74, 0x61, 0x73, 0x65, 0x74, 0x2e, 0x73,
    0x74, 0x61, 0x74, 0x65, 0x20, 0x3d, 0x20, 0x22, 0x65, 0x72, 0x72, 0x6f,
    0x72, 0x22, 0x3b, 0x0a, 0x20, 0x20, 0x20, 0x20, 0x20, 0x20, 0x20, 0x20,
    0x73, 0x65, 0x74, 0x52, 0x75, 0x6e, 0x74, 0x69, 0x6d, 0x65, 0x4d, 0x65,
    0x73, 0x73, 0x61, 0x67, 0x65, 0x28, 0x60, 0x53, 0x74, 0x61, 0x74, 0x75,
    0x73, 0x20, 0x72, 0x65, 0x71, 0x75, 0x65, 0x73, 0x74, 0x20, 0x66, 0x61,
    0x69, 0x6c, 0x65, 0x64, 0x3a, 0x20, 0x24, 0x7b, 0x65, 0x72, 0x72, 0x6f,
    0x72, 0x2e, 0x6d, 0x65, 0x73, 0x73, 0x61, 0x67, 0x65, 0x7d, 0x60, 0x2c,
    0x20, 0x22, 0x65, 0x72, 0x72, 0x6f, 0x72, 0x22, 0x29, 0x3b, 0x0a, 0x20,
    0x20, 0x20, 0x20, 0x20, 0x20, 0x20, 0x20, 0x72, 0x65, 0x66, 0x72, 0x65,
    0x73, 0x68, 0x43, 0x6f, 0x6e, 0x74, 0x72, 0x6f, 0x6c, 0x73, 0x28, 0x29,
    0x3b, 0x0a, 0x20, 0x20, 0x20, 0x20, 0x20, 0x20, 0x20, 0x20, 0x73, 0x63,
    0x68, 0x65, 0x64, 0x75, 0x6c, 0x65, 0x48, 0x65, 0x61, 0x6c, 0x74, 0x68,
    0x28, 0x35, 0x30, 0x30, 0x29, 0x3b, 0x0a, 0x20, 0x20, 0x20, 0x20, 0x20,
    0x20, 0x20, 0x20, 0x72, 0x65, 0x74, 0x75, 0x72, 0x6e, 0x3b, 0x0a, 0x20,
    0x20, 0x20, 0x20, 0x20, 0x20, 0x7d, 0x0a, 0x0a, 0x20, 0x20, 0x20, 0x20,
    0x20, 0x20, 0x73, 0x74, 0x61, 0x74, 0x65, 0x2e, 0x63, 0x6f, 0x6e, 0x6e,
    0x65, 0x63, 0x74, 0x65, 0x64, 0x20, 0x3d, 0x20, 0x66, 0x61, 0x6c, 0x73,
    0x65, 0x3b, 0x0a, 0x20, 0x20, 0x20, 0x20, 0x20, 0x20, 0x73, 0x74, 0x61,
    0x74, 0x65, 0x2e, 0x6e, 0x65, 0x74, 0x77, 0x6f, 0x72, 0x6b, 0x46, 0x61,
    0x69, 0x6c, 0x75, 0x72, 0x65, 0x73, 0x20, 0x2b, 0x3d, 0x20, 0x31, 0x3b,
    0x0a, 0x20, 0x20, 0x20, 0x20, 0x20, 0x20, 0x73, 0x65, 0x74, 0x43, 0x6f,
    0x6e, 0x6e, 0x65, 0x63, 0x74, 0x69, 0x6f, 0x6e, 0x28, 0x22, 0x6f, 0x66,
    0x66, 0x6c, 0x69, 0x6e, 0x65, 0x22, 0x2c, 0x20, 0x22, 0x43, 0x6f, 0x6e,
    0x6e, 0x65, 0x63, 0x74, 0x69, 0x6f, 0x6e, 0x20, 0x6c, 0x6f, 0x73, 0x74,
    0x22, 0x29, 0x3b, 0x0a, 0x20, 0x20, 0x20, 0x20, 0x20, 0x20, 0x73, 0x65,
    0x74, 0x52, 0x75, 0x6e, 0x74, 0x69, 0x6d, 0x65, 0x4d, 0x65, 0x73, 0x73,
    0x61, 0x67, 0x65, 0x28, 0x22, 0x54, 0x68, 0x65, 0x20, 0x62, 0x6f, 0x61,
    0x72, 0x64, 0x20, 0x63, 0x6f, 0x6e, 0x6e, 0x65, 0x63, 0x74, 0x69, 0x6f,
    0x6e, 0x20, 0x64, 0x72, 0x6f, 0x70, 0x70, 0x65, 0x64, 0x2e, 0x20, 0x54,
    0x68, 0x69, 0x73, 0x20, 0x6a, 0x6f, 0x62, 0x20, 0x72, 0x65, 0x6d, 0x61,
    0x69, 0x6e, 0x73, 0x20, 0x6c, 0x6f, 0x63, 0x6b, 0x65, 0x64, 0x20, 0x61,
    0x6e, 0x64, 0x20, 0x70, 0x6f, 0x6c, 0x6c, 0x69, 0x6e, 0x67, 0x20, 0x77,
    0x69, 0x6c, 0x6c, 0x20, 0x72, 0x65, 0x74, 0x72, 0x79, 0x20, 0x61, 0x75,
    0x74, 0x6f, 0x6d, 0x61, 0x74, 0x69, 0x63, 0x61, 0x6c, 0x6c, 0x79, 0x2e,
    0x22, 0x2c, 0x20, 0x22, 0x65, 0x72, 0x72, 0x6f, 0x72, 0x22, 0x29, 0x3b,
    0x0a, 0x20, 0x20, 0x20, 0x20, 0x20, 0x20, 0x72, 0x65, 0x66, 0x72, 0x65,
    0x73, 0x68, 0x43, 0x6f, 0x6e, 0x74, 0x72, 0x6f, 0x6c, 0x73, 0x28, 0x29,
    0x3b, 0x0a, 0x20, 0x20, 0x20, 0x20, 0x20, 0x20, 0x63, 0x6f, 0x6e, 0x73,
    0x74, 0x20, 0x72, 0x65, 0x74, 0x72, 0x79, 0x44, 0x65, 0x6c, 0x61, 0x79,
    0x20, 0x3d, 0x20, 0x4d, 0x61, 0x74, 0x68, 0x2e, 0x6d, 0x69, 0x6e, 0x28,
    0x35, 0x30, 0x30, 0x30, 0x2c, 0x20, 0x4c, 0x49, 0x4d, 0x49, 0x54, 0x53,
    0x2e, 0x70, 0x6f, 0x6c, 0x6c, 0x49, 0x6e, 0x74, 0x65, 0x72, 0x76, 0x61,
    0x6c, 0x4d, 0x73, 0x20, 0x2a, 0x20, 0x28, 0x32, 0x20, 0x2a, 0x2a, 0x20,
    0x4d, 0x61, 0x74, 0x68, 0x2e, 0x6d, 0x69, 0x6e, 0x28, 0x73, 0x74, 0x61,
    0x74, 0x65, 0x2e, 0x6e, 0x65, 0x74, 0x77, 0x6f, 0x72, 0x6b, 0x46, 0x61,
    0x69, 0x6c, 0x75, 0x72, 0x65, 0x73, 0x2c, 0x20, 0x33, 0x29, 0x29, 0x29,
    0x3b, 0x0a, 0x20, 0x20, 0x20, 0x20, 0x20, 0x20, 0x73, 0x63, 0x68, 0x65,
    0x64, 0x75, 0x6c, 0x65, 0x50, 0x6f, 0x6c, 0x6c, 0x28, 0x72, 0x65, 0x74,
    0x72, 0x79, 0x44, 0x65, 0x6c, 0x61, 0x79, 0x29, 0x3b, 0x0a, 0x20, 0x20,
    0x20, 0x20, 0x7d, 0x0a, 0x20, 0x20, 0x7d, 0x0a, 0x0a, 0x20, 0x20, 0x66,
    0x75, 0x6e, 0x63, 0x74, 0x69, 0x6f, 0x6e, 0x20, 0x73, 0x63, 0x68, 0x65,
    0x64, 0x75, 0x6c, 0x65, 0x48, 0x65, 0x61, 0x6c, 0x74, 0x68, 0x28, 0x64,
    0x65, 0x6c, 0x61, 0x79, 0x29, 0x20, 0x7b, 0x0a, 0x20, 0x20, 0x20, 0x20,
    0x72, 0x6f, 0x6f, 0x74, 0x2e, 0x63, 0x6c, 0x65, 0x61, 0x72, 0x54, 0x69,
    0x6d, 0x65, 0x6f, 0x75, 0x74, 0x28, 0x73, 0x74, 0x61, 0x74, 0x65, 0x2e,
    0x68, 0x65, 0x61, 0x6c, 0x74, 0x68, 0x54, 0x69, 0x6d, 0x65, 0x72, 0x29,
    0x3b, 0x0a, 0x20, 0x20, 0x20, 0x20, 0x69, 0x66, 0x20, 0x28, 0x73, 0x74,
    0x61, 0x74, 0x65, 0x2e, 0x61, 0x63, 0x74, 0x69, 0x76, 0x65, 0x4a, 0x6f,
    0x62, 0x49, 0x64, 0x20, 0x21, 0x3d, 0x3d, 0x20, 0x6e, 0x75, 0x6c, 0x6c,
    0x29, 0x20, 0x72, 0x65, 0x74, 0x75, 0x72, 0x6e, 0x3b, 0x0a, 0x20, 0x20,
    0x20, 0x20, 0x73, 0x74, 0x61, 0x74, 0x65, 0x2e, 0x68, 0x65, 0x61, 0x6c,
    0x74, 0x68, 0x54, 0x69, 0x6d, 0x65, 0x72, 0x20, 0x3d, 0x20, 0x72, 0x6f,
    0x6f, 0x74, 0x2e, 0x73, 0x65, 0x74, 0x54, 0x69, 0x6d, 0x65, 0x6f, 0x75,
    0x74, 0x28, 0x28, 0x29, 0x20, 0x3d, 0x3e, 0x20, 0x63, 0x68, 0x65, 0x63,
    0x6b, 0x48, 0x65, 0x61, 0x6c, 0x74, 0x68, 0x28, 0x74, 0x72, 0x75, 0x65,
    0x29, 0x2c, 0x20, 0x64, 0x65, 0x6c, 0x61, 0x79, 0x29, 0x3b, 0x0a, 0x20,
    0x20, 0x7d, 0x0a, 0x0a, 0x20, 0x20, 0x61, 0x73, 0x79, 0x6e, 0x63, 0x20,
    0x66, 0x75, 0x6e, 0x63, 0x74, 0x69, 0x6f, 0x6e, 0x20, 0x63, 0x68, 0x65,
    0x63, 0x6b, 0x48, 0x65, 0x61, 0x6c, 0x74, 0x68, 0x28, 0x71, 0x75, 0x69,
    0x65, 0x74, 0x29, 0x20, 0x7b, 0x0a, 0x20, 0x20, 0x20, 0x20, 0x69, 0x66,
    0x20, 0x28, 0x73, 0x74, 0x61, 0x74, 0x65, 0x2e, 0x68, 0x65, 0x61, 0x6c,
    0x74, 0x68, 0x50, 0x65, 0x6e, 0x64, 0x69, 0x6e, 0x67, 0x20, 0x7c, 0x7c,
    0x20, 0x73, 0x74, 0x61, 0x74, 0x65, 0x2e, 0x61, 0x63, 0x74, 0x69, 0x76,
    0x65, 0x4a, 0x6f, 0x62, 0x49, 0x64, 0x20, 0x21, 0x3d, 0x3d, 0x20, 0x6e,
    0x75, 0x6c, 0x6c, 0x29, 0x20, 0x72, 0x65, 0x74, 0x75, 0x72, 0x6e, 0x3b,
    0x0a, 0x20, 0x20, 0x20, 0x20, 0x73, 0x74, 0x61, 0x74, 0x65, 0x2e, 0x68,
    0x65, 0x61, 0x6c, 0x74, 0x68, 0x50, 0x65, 0x6e, 0x64, 0x69, 0x6e, 0x67,
    0x20, 0x3d, 0x20, 0x74, 0x72, 0x75, 0x65, 0x3b, 0x0a, 0x20, 0x20, 0x20,
    0x20, 0x69, 0x66, 0x20, 0x28, 0x21, 0x71, 0x75, 0x69, 0x65, 0x74, 0x29,
    0x20, 0x73, 0x65, 0x74, 0x43, 0x6f, 0x6e, 0x6e, 0x65, 0x63, 0x74, 0x69,
    0x6f, 0x6e, 0x28, 0x22, 0x63, 0x68, 0x65, 0x63, 0x6b, 0x69, 0x6e, 0x67,
    0x22, 0x2c, 0x20, 0x22, 0x43, 0x68, 0x65, 0x63, 0x6b, 0x69, 0x6e, 0x67,
    0x20, 0x62, 0x6f, 0x61, 0x72, 0x64, 0x22, 0x29, 0x3b, 0x0a, 0x20, 0x20,
    0x20, 0x20, 0x72, 0x65, 0x66, 0x72, 0x65, 0x73, 0x68, 0x43, 0x6f, 0x6e,
    0x74, 0x72, 0x6f, 0x6c, 0x73, 0x28, 0x29, 0x3b, 0x0a, 0x20, 0x20, 0x20,
    0x20, 0x74, 0x72, 0x79, 0x20, 0x7b, 0x0a, 0x20, 0x20, 0x20, 0x20, 0x20,
    0x20, 0x63, 0x6f, 0x6e, 0x73, 0x74, 0x20, 0x68, 0x65, 0x61, 0x6c, 0x74,
    0x68, 0x20, 0x3d, 0x20, 0x61, 0x77, 0x61, 0x69, 0x74, 0x20, 0x61, 0x70,
    0x69, 0x4a, 0x73, 0x6f, 0x6e, 0x28, 0x22, 0x2f, 0x61, 0x70, 0x69, 0x2f,
    0x68, 0x65, 0x61, 0x6c, 0x74, 0x68, 0x22, 0x2c, 0x20, 0x7b, 0x20, 0x6d,
    0x65, 0x74, 0x68, 0x6f, 0x64, 0x3a, 0x20, 0x22, 0x47, 0x45, 0x54, 0x22,
    0x20, 0x7d, 0x29, 0x3b, 0x0a, 0x20, 0x20, 0x20, 0x20, 0x20, 0x20, 0x69,
    0x66, 0x20, 0x28, 0x68, 0x65, 0x61, 0x6c, 0x74, 0x68, 0x2e, 0x73, 0x65,
    0x72, 0x76, 0x69, 0x63, 0x65, 0x20, 0x21, 0x3d, 0x3d, 0x20, 0x22, 0x71,
    0x6d, 0x61, 0x70, 0x2d, 0x77, 0x65, 0x62, 0x22, 0x20, 0x7c, 0x7c, 0x20,
    0x74, 0x79, 0x70, 0x65, 0x6f, 0x66, 0x20, 0x68, 0x65, 0x61, 0x6c, 0x74,
    0x68, 0x2e, 0x72, 0x65, 0x61, 0x64, 0x79, 0x20, 0x21, 0x3d, 0x3d, 0x20,
    0x22, 0x62, 0x6f, 0x6f, 0x6c, 0x65, 0x61, 0x6e, 0x22, 0x20, 0x7c, 0x7c,
    0x0a, 0x20, 0x20, 0x20, 0x20, 0x20, 0x20, 0x20, 0x20, 0x20, 0x20, 0x74,
    0x79, 0x70, 0x65, 0x6f, 0x66, 0x20, 0x68, 0x65, 0x61, 0x6c, 0x74, 0x68,
    0x2e, 0x6a, 0x6f, 0x62, 0x5f, 0x73, 0x74, 0x61, 0x74, 0x65, 0x20, 0x21,
    0x3d, 0x3d, 0x20, 0x22, 0x73, 0x74, 0x72, 0x69, 0x6e, 0x67, 0x22, 0x29,
    0x20, 0x7b, 0x0a, 0x20, 0x20, 0x20, 0x20, 0x20, 0x20, 0x20, 0x20, 0x74,
    0x68, 0x72, 0x6f, 0x77, 0x20, 0x6e, 0x65, 0x77, 0x20, 0x41, 0x70, 0x69,
    0x45, 0x72, 0x72, 0x6f, 0x72, 0x28, 0x32, 0x30, 0x30, 0x2c, 0x20, 0x22,
    0x69, 0x6e, 0x76, 0x61, 0x6c, 0x69, 0x64, 0x5f, 0x68, 0x65, 0x61, 0x6c,
    0x74, 0x68, 0x22, 0x2c, 0x20, 0x22, 0x54, 0x68, 0x65, 0x20, 0x62, 0x6f,
    0x61, 0x72, 0x64, 0x20, 0x72, 0x65, 0x74, 0x75, 0x72, 0x6e, 0x65, 0x64,
    0x20, 0x61, 0x6e, 0x20, 0x69, 0x6e, 0x76, 0x61, 0x6c, 0x69, 0x64, 0x20,
    0x68, 0x65, 0x61, 0x6c, 0x74, 0x68, 0x20, 0x72, 0x65, 0x73, 0x70, 0x6f,
    0x6e, 0x73, 0x65, 0x2e, 0x22, 0x29, 0x3b, 0x0a, 0x20, 0x20, 0x20, 0x20,
    0x20, 0x20, 0x7d, 0x0a, 0x20, 0x20, 0x20, 0x20, 0x20, 0x20, 0x73, 0x74,
    0x61, 0x74, 0x65, 0x2e, 0x63, 0x6f, 0x6e, 0x6e, 0x65, 0x63, 0x74, 0x65,
    0x64, 0x20, 0x3d, 0x20, 0x74, 0x72, 0x75, 0x65, 0x3b, 0x0a, 0x20, 0x20,
    0x20, 0x20, 0x20, 0x20, 0x73, 0x74, 0x61, 0x74, 0x65, 0x2e, 0x72, 0x65,
    0x61, 0x64, 0x79, 0x20, 0x3d, 0x20, 0x68, 0x65, 0x61, 0x6c, 0x74, 0x68,
    0x2e, 0x72, 0x65, 0x61, 0x64, 0x79, 0x3b, 0x0a, 0x20, 0x20, 0x20, 0x20,
    0x20, 0x20, 0x73, 0x74, 0x61, 0x74, 0x65, 0x2e, 0x72, 0x65, 0x6d, 0x6f,
    0x74, 0x65, 0x53, 0x74, 0x61, 0x74, 0x65, 0x20, 0x3d, 0x20, 0x68, 0x65,
    0x61, 0x6c, 0x74, 0x68, 0x2e, 0x6a, 0x6f, 0x62, 0x5f, 0x73, 0x74, 0x61,
    0x74, 0x65, 0x3b, 0x0a, 0x20, 0x20, 0x20, 0x20, 0x20, 0x20, 0x69, 0x66,
    0x20, 0x28, 0x69, 0x73, 0x41, 0x63, 0x74, 0x69, 0x76, 0x65, 0x53, 0x74,
    0x61, 0x74, 0x65, 0x28, 0x68, 0x65, 0x61, 0x6c, 0x74, 0x68, 0x2e, 0x6a,
    0x6f, 0x62, 0x5f, 0x73, 0x74, 0x61, 0x74, 0x65, 0x29, 0x29, 0x20, 0x7b,
    0x0a, 0x20, 0x20, 0x20, 0x20, 0x20, 0x20, 0x20, 0x20, 0x73, 0x65, 0x74,
    0x43, 0x6f, 0x6e, 0x6e, 0x65, 0x63, 0x74, 0x69, 0x6f, 0x6e, 0x28, 0x22,
    0x62, 0x75, 0x73, 0x79, 0x22, 0x2c, 0x20, 0x22, 0x42, 0x6f, 0x61, 0x72,
    0x64, 0x20, 0x62, 0x75, 0x73, 0x79, 0x22, 0x29, 0x3b, 0x0a, 0x20, 0x20,
    0x20, 0x20, 0x20, 0x20, 0x20, 0x20, 0x73, 0x65, 0x74, 0x52, 0x75, 0x6e,
    0x74, 0x69, 0x6d, 0x65, 0x4d, 0x65, 0x73, 0x73, 0x61, 0x67, 0x65, 0x28,
    0x22, 0x54, 0x68, 0x65, 0x20, 0x62, 0x6f, 0x61, 0x72, 0x64, 0x20, 0x61,
    0x6c, 0x72, 0x65, 0x61, 0x64, 0x79, 0x20, 0x68, 0x61, 0x73, 0x20, 0x61,
    0x6e, 0x20, 0x61, 0x63, 0x74, 0x69, 0x76, 0x65, 0x20, 0x67, 0x65, 0x6e,
    0x65, 0x72, 0x61, 0x74, 0x69, 0x6f, 0x6e, 0x2e, 0x20, 0x57, 0x61, 0x69,
    0x74, 0x20, 0x66, 0x6f, 0x72, 0x20, 0x69, 0x74, 0x20, 0x74, 0x6f, 0x20,
    0x66, 0x69, 0x6e, 0x69, 0x73, 0x68, 0x20, 0x62, 0x65, 0x66, 0x6f, 0x72,
    0x65, 0x20, 0x73, 0x75, 0x62, 0x6d, 0x69, 0x74, 0x74, 0x69, 0x6e, 0x67,
    0x2e, 0x22, 0x2c, 0x20, 0x22, 0x77, 0x61, 0x72, 0x6e, 0x69, 0x6e, 0x67,
    0x22, 0x29, 0x3b, 0x0a, 0x20, 0x20, 0x20, 0x20, 0x20, 0x20, 0x7d, 0x20,
    0x65, 0x6c, 0x73, 0x65, 0x20, 0x69, 0x66, 0x20, 0x28, 0x68, 0x65, 0x61,
    0x6c, 0x74, 0x68, 0x2e, 0x72, 0x65, 0x61, 0x64, 0x79, 0x29, 0x20, 0x7b,
    0x0a, 0x20, 0x20, 0x20, 0x20, 0x20, 0x20, 0x20, 0x20, 0x73, 0x65, 0x74,
    0x43, 0x6f, 0x6e, 0x6e, 0x65, 0x63, 0x74, 0x69, 0x6f, 0x6e, 0x28, 0x22,
    0x6f, 0x6e, 0x6c, 0x69, 0x6e, 0x65, 0x22, 0x2c, 0x20, 0x22, 0x42, 0x6f,
    0x61, 0x72, 0x64, 0x20, 0x72, 0x65, 0x61, 0x64, 0x79, 0x22, 0x29, 0x3b,
    0x0a, 0x20, 0x20, 0x20, 0x20, 0x20, 0x20, 0x20, 0x20, 0x69, 0x66, 0x20,
    0x28, 0x21, 0x71, 0x75, 0x69, 0x65, 0x74, 0x29, 0x20, 0x73, 0x65, 0x74,
    0x52, 0x75, 0x6e, 0x74, 0x69, 0x6d, 0x65, 0x4d, 0x65, 0x73, 0x73, 0x61,
    0x67, 0x65, 0x28, 0x22, 0x42, 0x6f, 0x61, 0x72, 0x64, 0x20, 0x73, 0x65,
    0x72, 0x76, 0x69, 0x63, 0x65, 0x20, 0x61, 0x6e, 0x64, 0x20, 0x74, 0x6f,
    0x6b, 0x65, 0x6e, 0x69, 0x7a, 0x65, 0x72, 0x20, 0x61, 0x72, 0x65, 0x20,
    0x72, 0x65, 0x61, 0x64, 0x79, 0x2e, 0x22, 0x2c, 0x20, 0x22, 0x73, 0x75,
    0x63, 0x63, 0x65, 0x73, 0x73, 0x22, 0x29, 0x3b, 0x0a, 0x20, 0x20, 0x20,
    0x20, 0x20, 0x20, 0x7d, 0x20, 0x65, 0x6c, 0x73, 0x65, 0x20, 0x7b, 0x0a,
    0x20, 0x20, 0x20, 0x20, 0x20, 0x20, 0x20, 0x20, 0x73, 0x65, 0x74, 0x43,
    0x6f, 0x6e, 0x6e, 0x65, 0x63, 0x74, 0x69, 0x6f, 0x6e, 0x28, 0x22, 0x6f,
    0x66, 0x66, 0x6c, 0x69, 0x6e, 0x65, 0x22, 0x2c, 0x20, 0x22, 0x53, 0x65,
    0x72, 0x76, 0x69, 0x63, 0x65, 0x20, 0x6e, 0x6f, 0x74, 0x20, 0x72, 0x65,
    0x61, 0x64, 0x79, 0x22, 0x29, 0x3b, 0x0a, 0x20, 0x20, 0x20, 0x20, 0x20,
    0x20, 0x20, 0x20, 0x73, 0x65, 0x74, 0x52, 0x75, 0x6e, 0x74, 0x69, 0x6d,
    0x65, 0x4d, 0x65, 0x73, 0x73, 0x61, 0x67, 0x65, 0x28, 0x22, 0x54, 0x68,
    0x65, 0x20, 0x48, 0x54, 0x54, 0x50, 0x20, 0x73, 0x65, 0x72, 0x76, 0x69,
    0x63, 0x65, 0x20, 0x61, 0x6e, 0x73, 0x77, 0x65, 0x72, 0x65, 0x64, 0x2c,
    0x20, 0x62, 0x75, 0x74, 0x20, 0x74, 0x68, 0x65, 0x20, 0x67, 0x65, 0x6e,
    0x65, 0x72, 0x61, 0x74, 0x69, 0x6f, 0x6e, 0x20, 0x72, 0x75, 0x6e, 0x74,
    0x69, 0x6d, 0x65, 0x20, 0x69, 0x73, 0x20, 0x6e, 0x6f, 0x74, 0x20, 0x69,
    0x6e, 0x69, 0x74, 0x69, 0x61, 0x6c, 0x69, 0x7a, 0x65, 0x64, 0x2e, 0x22,
    0x2c, 0x20, 0x22, 0x65, 0x72, 0x72, 0x6f, 0x72, 0x22, 0x29, 0x3b, 0x0a,
    0x20, 0x20, 0x20, 0x20, 0x20, 0x20, 0x7d, 0x0a, 0x20, 0x20, 0x20, 0x20,
    0x7d, 0x20, 0x63, 0x61, 0x74, 0x63, 0x68, 0x20, 0x28, 0x65, 0x72, 0x72,
    0x6f, 0x72, 0x29, 0x20, 0x7b, 0x0a, 0x20, 0x20, 0x20, 0x20, 0x20, 0x20,
    0x73, 0x74, 0x61, 0x74, 0x65, 0x2e, 0x63, 0x6f, 0x6e, 0x6e, 0x65, 0x63,
    0x74, 0x65, 0x64, 0x20, 0x3d, 0x20, 0x66, 0x61, 0x6c, 0x73, 0x65, 0x3b,
    0x0a, 0x20, 0x20, 0x20, 0x20, 0x20, 0x20, 0x73, 0x74, 0x61, 0x74, 0x65,
    0x2e, 0x72, 0x65, 0x61, 0x64, 0x79, 0x20, 0x3d, 0x20, 0x66, 0x61, 0x6c,
    0x73, 0x65, 0x3b, 0x0a, 0x20, 0x20, 0x20, 0x20, 0x20, 0x20, 0x73, 0x74,
    0x61, 0x74, 0x65, 0x2e, 0x72, 0x65, 0x6d, 0x6f, 0x74, 0x65, 0x53, 0x74,
    0x61, 0x74, 0x65, 0x20, 0x3d, 0x20, 0x22, 0x75, 0x6e, 0x6b, 0x6e, 0x6f,
    0x77, 0x6e, 0x22, 0x3b, 0x0a, 0x20, 0x20, 0x20, 0x20, 0x20, 0x20, 0x73,
    0x65, 0x74, 0x43, 0x6f, 0x6e, 0x6e, 0x65, 0x63, 0x74, 0x69, 0x6f, 0x6e,
    0x28, 0x22, 0x6f, 0x66, 0x66, 0x6c, 0x69, 0x6e, 0x65, 0x22, 0x2c, 0x20,
    0x22, 0x42, 0x6f, 0x61, 0x72, 0x64, 0x20, 0x75, 0x6e, 0x61, 0x76, 0x61,
    0x69, 0x6c, 0x61, 0x62, 0x6c, 0x65, 0x22, 0x29, 0x3b, 0x0a, 0x20, 0x20,
    0x20, 0x20, 0x20, 0x20, 0x69, 0x66, 0x20, 0x28, 0x21, 0x71, 0x75, 0x69,
    0x65, 0x74, 0x29, 0x20, 0x7b, 0x0a, 0x20, 0x20, 0x20, 0x20, 0x20, 0x20,
    0x20, 0x20, 0x73, 0x65, 0x74, 0x52, 0x75, 0x6e, 0x74, 0x69, 0x6d, 0x65,
    0x4d, 0x65, 0x73, 0x73, 0x61, 0x67, 0x65, 0x28, 0x60, 0x43, 0x61, 0x6e,
    0x6e, 0x6f, 0x74, 0x20, 0x72, 0x65, 0x61, 0x63, 0x68, 0x20, 0x74, 0x68,
    0x65, 0x20, 0x62, 0x6f, 0x61, 0x72, 0x64, 0x20, 0x73, 0x65, 0x72, 0x76,
    0x69, 0x63, 0x65, 0x3a, 0x20, 0x24, 0x7b, 0x65, 0x72, 0x72, 0x6f, 0x72,
    0x2e, 0x6d, 0x65, 0x73, 0x73, 0x61, 0x67, 0x65, 0x7d, 0x60, 0x2c, 0x20,
    0x22, 0x65, 0x72, 0x72, 0x6f, 0x72, 0x22, 0x29, 0x3b, 0x0a, 0x20, 0x20,
    0x20, 0x20, 0x20, 0x20, 0x7d, 0x0a, 0x20, 0x20, 0x20, 0x20, 0x7d, 0x20,
    0x66, 0x69, 0x6e, 0x61, 0x6c, 0x6c, 0x79, 0x20, 0x7b, 0x0a, 0x20, 0x20,
    0x20, 0x20, 0x20, 0x20, 0x73, 0x74, 0x61, 0x74, 0x65, 0x2e, 0x68, 0x65,
    0x61, 0x6c, 0x74, 0x68, 0x50, 0x65, 0x6e, 0x64, 0x69, 0x6e, 0x67, 0x20,
    0x3d, 0x20, 0x66, 0x61, 0x6c, 0x73, 0x65, 0x3b, 0x0a, 0x20, 0x20, 0x20,
    0x20, 0x20, 0x20, 0x72, 0x65, 0x66, 0x72, 0x65, 0x73, 0x68, 0x43, 0x6f,
    0x6e, 0x74, 0x72, 0x6f, 0x6c, 0x73, 0x28, 0x29, 0x3b, 0x0a, 0x20, 0x20,
    0x20, 0x20, 0x20, 0x20, 0x73, 0x63, 0x68, 0x65, 0x64, 0x75, 0x6c, 0x65,
    0x48, 0x65, 0x61, 0x6c, 0x74, 0x68, 0x28, 0x4c, 0x49, 0x4d, 0x49, 0x54,
    0x53, 0x2e, 0x68, 0x65, 0x61, 0x6c, 0x74, 0x68, 0x49, 0x6e, 0x74, 0x65,
    0x72, 0x76, 0x61, 0x6c, 0x4d, 0x73, 0x29, 0x3b, 0x0a, 0x20, 0x20, 0x20,
    0x20, 0x7d, 0x0a, 0x20, 0x20, 0x7d, 0x0a, 0x0a, 0x20, 0x20, 0x61, 0x73,
    0x79, 0x6e, 0x63, 0x20, 0x66, 0x75, 0x6e, 0x63, 0x74, 0x69, 0x6f, 0x6e,
    0x20, 0x73, 0x75, 0x62, 0x6d, 0x69, 0x74, 0x47, 0x65, 0x6e, 0x65, 0x72,
    0x61, 0x74, 0x69, 0x6f, 0x6e, 0x28, 0x65, 0x76, 0x65, 0x6e, 0x74, 0x29,
    0x20, 0x7b, 0x0a, 0x20, 0x20, 0x20, 0x20, 0x65, 0x76, 0x65, 0x6e, 0x74,
    0x2e, 0x70, 0x72, 0x65, 0x76, 0x65, 0x6e, 0x74, 0x44, 0x65, 0x66, 0x61,
    0x75, 0x6c, 0x74, 0x28, 0x29, 0x3b, 0x0a, 0x20, 0x20, 0x20, 0x20, 0x69,
    0x66, 0x20, 0x28, 0x73, 0x74, 0x61, 0x74, 0x65, 0x2e, 0x73, 0x75, 0x62,
    0x6d, 0x69, 0x74, 0x74, 0x69, 0x6e, 0x67, 0x20, 0x7c, 0x7c, 0x20, 0x73,
    0x74, 0x61, 0x74, 0x65, 0x2e, 0x61, 0x63, 0x74, 0x69, 0x76, 0x65, 0x4a,
    0x6f, 0x62, 0x49, 0x64, 0x20, 0x21, 0x3d, 0x3d, 0x20, 0x6e, 0x75, 0x6c,
    0x6c, 0x29, 0x20, 0x72, 0x65, 0x74, 0x75, 0x72, 0x6e, 0x3b, 0x0a, 0x20,
    0x20, 0x20, 0x20, 0x73, 0x68, 0x6f, 0x77, 0x46, 0x6f, 0x72, 0x6d, 0x45,
    0x72, 0x72, 0x6f, 0x72, 0x28, 0x22, 0x22, 0x29, 0x3b, 0x0a, 0x0a, 0x20,
    0x20, 0x20, 0x20, 0x6c, 0x65, 0x74, 0x20, 0x72, 0x65, 0x71, 0x75, 0x65,
    0x73, 0x74, 0x3b, 0x0a, 0x20, 0x20, 0x20, 0x20, 0x6c, 0x65, 0x74, 0x20,
    0x72, 0x65, 0x71, 0x75, 0x65, 0x73, 0x74, 0x42, 0x6f, 0x64, 0x79, 0x3b,
    0x0a, 0x20, 0x20, 0x20, 0x20, 0x74, 0x72, 0x79, 0x20, 0x7b, 0x0a, 0x20,
    0x20, 0x20, 0x20, 0x20, 0x20, 0x72, 0x65, 0x71, 0x75, 0x65, 0x73, 0x74,
    0x20, 0x3d, 0x20, 0x62, 0x75, 0x69, 0x6c, 0x64, 0x47, 0x65, 0x6e, 0x65,
    0x72, 0x61, 0x74, 0x65, 0x52, 0x65, 0x71, 0x75, 0x65, 0x73, 0x74, 0x28,
    0x0a, 0x20, 0x20, 0x20, 0x20, 0x20, 0x20, 0x20, 0x20, 0x63, 0x75, 0x72,
    0x72, 0x65, 0x6e, 0x74, 0x4d, 0x6f, 0x64, 0x65, 0x28, 0x29, 0x2c, 0x0a,
    0x20, 0x20, 0x20, 0x20, 0x20, 0x20, 0x20, 0x20, 0x65, 0x6c, 0x65, 0x6d,
    0x65, 0x6e, 0x74, 0x73, 0x2e, 0x70, 0x72, 0x6f, 0x6d, 0x70, 0x74, 0x49,
    0x6e, 0x70, 0x75, 0x74, 0x2e, 0x76, 0x61, 0x6c, 0x75, 0x65, 0x2c, 0x0a,
    0x20, 0x20, 0x20, 0x20, 0x20, 0x20, 0x20, 0x20, 0x65, 0x6c, 0x65, 0x6d,
    0x65, 0x6e, 0x74, 0x73, 0x2e, 0x74, 0x6f, 0x6b, 0x65, 0x6e, 0x49, 0x6e,
    0x70, 0x75, 0x74, 0x2e, 0x76, 0x61, 0x6c, 0x75, 0x65, 0x2c, 0x0a, 0x20,
    0x20, 0x20, 0x20, 0x20, 0x20, 0x20, 0x20, 0x65, 0x6c, 0x65, 0x6d, 0x65,
    0x6e, 0x74, 0x73, 0x2e, 0x6d, 0x61, 0x78, 0x4e, 0x65, 0x77, 0x49, 0x6e,
    0x70, 0x75, 0x74, 0x2e, 0x76, 0x61, 0x6c, 0x75, 0x65, 0x0a, 0x20, 0x20,
    0x20, 0x20, 0x20, 0x20, 0x29, 0x3b, 0x0a, 0x20, 0x20, 0x20, 0x20, 0x20,
    0x20, 0x72, 0x65, 0x71, 0x75, 0x65, 0x73, 0x74, 0x42, 0x6f, 0x64, 0x79,
    0x20, 0x3d, 0x20, 0x73, 0x65, 0x72, 0x69, 0x61, 0x6c, 0x69, 0x7a, 0x65,
    0x47, 0x65, 0x6e, 0x65, 0x72, 0x61, 0x74, 0x65, 0x52, 0x65, 0x71, 0x75,
    0x65, 0x73, 0x74, 0x28, 0x72, 0x65, 0x71, 0x75, 0x65, 0x73, 0x74, 0x29,
    0x3b, 0x0a, 0x20, 0x20, 0x20, 0x20, 0x7d, 0x20, 0x63, 0x61, 0x74, 0x63,
    0x68, 0x20, 0x28, 0x65, 0x72, 0x72, 0x6f, 0x72, 0x29, 0x20, 0x7b, 0x0a,
    0x20, 0x20, 0x20, 0x20, 0x20, 0x20, 0x73, 0x68, 0x6f, 0x77, 0x46, 0x6f,
    0x72, 0x6d, 0x45, 0x72, 0x72, 0x6f, 0x72, 0x28, 0x65, 0x72, 0x72, 0x6f,
    0x72, 0x2e, 0x6d, 0x65, 0x73, 0x73, 0x61, 0x67, 0x65, 0x29, 0x3b, 0x0a,
    0x20, 0x20, 0x20, 0x20, 0x20, 0x20, 0x72, 0x65, 0x74, 0x75, 0x72, 0x6e,
    0x3b, 0x0a, 0x20, 0x20, 0x20, 0x20, 0x7d, 0x0a, 0x0a, 0x20, 0x20, 0x20,
    0x20, 0x73, 0x74, 0x61, 0x74, 0x65, 0x2e, 0x73, 0x75, 0x62, 0x6d, 0x69,
    0x74, 0x74, 0x69, 0x6e, 0x67, 0x20, 0x3d, 0x20, 0x74, 0x72, 0x75, 0x65,
    0x3b, 0x0a, 0x20, 0x20, 0x20, 0x20, 0x73, 0x74, 0x61, 0x74, 0x65, 0x2e,
    0x65, 0x78, 0x70, 0x65, 0x63, 0x74, 0x65, 0x64, 0x4d, 0x61, 0x78, 0x4e,
    0x65, 0x77, 0x20, 0x3d, 0x20, 0x72, 0x65, 0x71, 0x75, 0x65, 0x73, 0x74,
    0x2e, 0x6d, 0x61, 0x78, 0x5f, 0x6e, 0x65, 0x77, 0x5f, 0x74, 0x6f, 0x6b,
    0x65, 0x6e, 0x73, 0x3b, 0x0a, 0x20, 0x20, 0x20, 0x20, 0x72, 0x65, 0x73,
    0x65, 0x74, 0x52, 0x65, 0x73, 0x75, 0x6c, 0x74, 0x28, 0x29, 0x3b, 0x0a,
    0x20, 0x20, 0x20, 0x20, 0x73, 0x65, 0x74, 0x52, 0x75, 0x6e, 0x74, 0x69,
    0x6d, 0x65, 0x4d, 0x65, 0x73, 0x73, 0x61, 0x67, 0x65, 0x28, 0x22, 0x53,
    0x75, 0x62, 0x6d, 0x69, 0x74, 0x74, 0x69, 0x6e, 0x67, 0x20, 0x61, 0x20,
    0x62, 0x6f, 0x75, 0x6e, 0x64, 0x65, 0x64, 0x20, 0x67, 0x65, 0x6e, 0x65,
    0x72, 0x61, 0x74, 0x69, 0x6f, 0x6e, 0x20, 0x72, 0x65, 0x71, 0x75, 0x65,
    0x73, 0x74, 0xe2, 0x80, 0xa6, 0x22, 0x2c, 0x20, 0x22, 0x77, 0x61, 0x72,
    0x6e, 0x69, 0x6e, 0x67, 0x22, 0x29, 0x3b, 0x0a, 0x20, 0x20, 0x20, 0x20,
    0x72, 0x65, 0x66, 0x72, 0x65, 0x73, 0x68, 0x43, 0x6f, 0x6e, 0x74, 0x72,
    0x6f, 0x6c, 0x73, 0x28, 0x29, 0x3b, 0x0a, 0x20, 0x20, 0x20, 0x20, 0x74,
    0x72, 0x79, 0x20, 0x7b, 0x0a, 0x20, 0x20, 0x20, 0x20, 0x20, 0x20, 0x63,
    0x6f, 0x6e, 0x73, 0x74, 0x20, 0x61, 0x63, 0x63, 0x65, 0x70, 0x74, 0x65,
    0x64, 0x20, 0x3d, 0x20, 0x61, 0x77, 0x61, 0x69, 0x74, 0x20, 0x61, 0x70,
    0x69, 0x4a, 0x73, 0x6f, 0x6e, 0x28, 0x22, 0x2f, 0x61, 0x70, 0x69, 0x2f,
    0x67, 0x65, 0x6e, 0x65, 0x72, 0x61, 0x74, 0x65, 0x22, 0x2c, 0x20, 0x7b,
    0x0a, 0x20, 0x20, 0x20, 0x20, 0x20, 0x20, 0x20, 0x20, 0x6d, 0x65, 0x74,
    0x68, 0x6f, 0x64, 0x3a, 0x20, 0x22, 0x50, 0x4f, 0x53, 0x54, 0x22, 0x2c,
    0x0a, 0x20, 0x20, 0x20, 0x20, 0x20, 0x20, 0x20, 0x20, 0x68, 0x65, 0x61,
    0x64, 0x65, 0x72, 0x73, 0x3a, 0x20, 0x7b, 0x20, 0x22, 0x43, 0x6f, 0x6e,
    0x74, 0x65, 0x6e, 0x74, 0x2d, 0x54, 0x79, 0x70, 0x65, 0x22, 0x3a, 0x20,
    0x22, 0x61, 0x70, 0x70, 0x6c, 0x69, 0x63, 0x61, 0x74, 0x69, 0x6f, 0x6e,
    0x2f, 0x6a, 0x73, 0x6f, 0x6e, 0x22, 0x20, 0x7d, 0x2c, 0x0a, 0x20, 0x20,
    0x20, 0x20, 0x20, 0x20, 0x20, 0x20, 0x62, 0x6f, 0x64, 0x79, 0x3a, 0x20,
    0x72, 0x65, 0x71, 0x75, 0x65, 0x73, 0x74, 0x42, 0x6f, 0x64, 0x79, 0x0a,
    0x20, 0x20, 0x20, 0x20, 0x20, 0x20, 0x7d, 0x29, 0x3b, 0x0a, 0x20, 0x20,
    0x20, 0x20, 0x20, 0x20, 0x69, 0x66, 0x20, 0x28, 0x21, 0x4e, 0x75, 0x6d,
    0x62, 0x65, 0x72, 0x2e, 0x69, 0x73, 0x53, 0x61, 0x66, 0x65, 0x49, 0x6e,
    0x74, 0x65, 0x67, 0x65, 0x72, 0x28, 0x61, 0x63, 0x63, 0x65, 0x70, 0x74,
    0x65, 0x64, 0x2e, 0x6a, 0x6f, 0x62, 0x5f, 0x69, 0x64, 0x29, 0x20, 0x7c,
    0x7c, 0x20, 0x61, 0x63, 0x63, 0x65, 0x70, 0x74, 0x65, 0x64, 0x2e, 0x6a,
    0x6f, 0x62, 0x5f, 0x69, 0x64, 0x20, 0x3c, 0x3d, 0x20, 0x30, 0x20, 0x7c,
    0x7c, 0x0a, 0x20, 0x20, 0x20, 0x20, 0x20, 0x20, 0x20, 0x20, 0x20, 0x20,
    0x21, 0x69, 0x73, 0x41, 0x63, 0x74, 0x69, 0x76, 0x65, 0x53, 0x74, 0x61,
    0x74, 0x65, 0x28, 0x61, 0x63, 0x63, 0x65, 0x70, 0x74, 0x65, 0x64, 0x2e,
    0x73, 0x74, 0x61, 0x74, 0x65, 0x29, 0x29, 0x20, 0x7b, 0x0a, 0x20, 0x20,
    0x20, 0x20, 0x20, 0x20, 0x20, 0x20, 0x74, 0x68, 0x72, 0x6f, 0x77, 0x20,
    0x6e, 0x65, 0x77, 0x20, 0x41, 0x70, 0x69, 0x45, 0x72, 0x72, 0x6f, 0x72,
    0x28, 0x32, 0x30, 0x32, 0x2c, 0x20, 0x22, 0x69, 0x6e, 0x76, 0x61, 0x6c,
    0x69, 0x64, 0x5f, 0x61, 0x63, 0x63, 0x65, 0x70, 0x74, 0x61, 0x6e, 0x63,
    0x65, 0x22, 0x2c, 0x20, 0x22, 0x54, 0x68, 0x65, 0x20, 0x62, 0x6f, 0x61,
    0x72, 0x64, 0x20, 0x72, 0x65, 0x74, 0x75, 0x72, 0x6e, 0x65, 0x64, 0x20,
    0x61, 0x6e, 0x20, 0x69, 0x6e, 0x76, 0x61, 0x6c, 0x69, 0x64, 0x20, 0x6a,
    0x6f, 0x62, 0x20, 0x61, 0x63, 0x63, 0x65, 0x70, 0x74, 0x61, 0x6e, 0x63,
    0x65, 0x2e, 0x22, 0x29, 0x3b, 0x0a, 0x20, 0x20, 0x20, 0x20, 0x20, 0x20,
    0x7d, 0x0a, 0x20, 0x20, 0x20, 0x20, 0x20, 0x20, 0x73, 0x74, 0x61, 0x74,
    0x65, 0x2e, 0x61, 0x63, 0x74, 0x69, 0x76, 0x65, 0x4a, 0x6f, 0x62, 0x49,
    0x64, 0x20, 0x3d, 0x20, 0x61, 0x63, 0x63, 0x65, 0x70, 0x74, 0x65, 0x64,
    0x2e, 0x6a, 0x6f, 0x62, 0x5f, 0x69, 0x64, 0x3b, 0x0a, 0x20, 0x20, 0x20,
    0x20, 0x20, 0x20, 0x73, 0x74, 0x61, 0x74, 0x65, 0x2e, 0x72, 0x65, 0x6d,
    0x6f, 0x74, 0x65, 0x53, 0x74, 0x61, 0x74, 0x65, 0x20, 0x3d, 0x20, 0x61,
    0x63, 0x63, 0x65, 0x70, 0x74, 0x65, 0x64, 0x2e, 0x73, 0x74, 0x61, 0x74,
    0x65, 0x3b, 0x0a, 0x20, 0x20, 0x20, 0x20, 0x20, 0x20, 0x73, 0x74, 0x61,
    0x74, 0x65, 0x2e, 0x63, 0x6f, 0x6e, 0x6e, 0x65, 0x63, 0x74, 0x65, 0x64,
    0x20, 0x3d, 0x20, 0x74, 0x72, 0x75, 0x65, 0x3b, 0x0a, 0x20, 0x20, 0x20,
    0x20, 0x20, 0x20, 0x73, 0x74, 0x61, 0x74, 0x65, 0x2e, 0x72, 0x65, 0x61,
    0x64, 0x79, 0x20, 0x3d, 0x20, 0x74, 0x72, 0x75, 0x65, 0x3b, 0x0a, 0x20,
    0x20, 0x20, 0x20, 0x20, 0x20, 0x65, 0x6c, 0x65, 0x6d, 0x65, 0x6e, 0x74,
    0x73, 0x2e, 0x6a, 0x6f, 0x62, 0x49, 0x64, 0x2e, 0x74, 0x65, 0x78, 0x74,
    0x43, 0x6f, 0x6e, 0x74, 0x65, 0x6e, 0x74, 0x20, 0x3d, 0x20, 0x53, 0x74,
    0x72, 0x69, 0x6e, 0x67, 0x28, 0x61, 0x63, 0x63, 0x65, 0x70, 0x74, 0x65,
    0x64, 0x2e, 0x6a, 0x6f, 0x62, 0x5f, 0x69, 0x64, 0x29, 0x3b, 0x0a, 0x20,
    0x20, 0x20, 0x20, 0x20, 0x20, 0x65, 0x6c, 0x65, 0x6d, 0x65, 0x6e, 0x74,
    0x73, 0x2e, 0x6a, 0x6f, 0x62, 0x53, 0x74, 0x61, 0x74, 0x65, 0x2e, 0x74,
    0x65, 0x78, 0x74, 0x43, 0x6f, 0x6e, 0x74, 0x65, 0x6e, 0x74, 0x20, 0x3d,
    0x20, 0x61, 0x63, 0x63, 0x65, 0x70, 0x74, 0x65, 0x64, 0x2e, 0x73, 0x74,
    0x61, 0x74, 0x65, 0x3b, 0x0a, 0x20, 0x20, 0x20, 0x20, 0x20, 0x20, 0x65,
    0x6c, 0x65, 0x6d, 0x65, 0x6e, 0x74, 0x73, 0x2e, 0x6a, 0x6f, 0x62, 0x53,
    0x74, 0x61, 0x74, 0x65, 0x2e, 0x64, 0x61, 0x74, 0x61, 0x73, 0x65, 0x74,
    0x2e, 0x73, 0x74, 0x61, 0x74, 0x65, 0x20, 0x3d, 0x20, 0x61, 0x63, 0x63,
    0x65, 0x70, 0x74, 0x65, 0x64, 0x2e, 0x73, 0x74, 0x61, 0x74, 0x65, 0x3b,
    0x0a, 0x20, 0x20, 0x20, 0x20, 0x20, 0x20, 0x73, 0x65, 0x74, 0x43, 0x6f,
    0x6e, 0x6e, 0x65, 0x63, 0x74, 0x69, 0x6f, 0x6e, 0x28, 0x22, 0x62, 0x75,
    0x73, 0x79, 0x22, 0x2c, 0x20, 0x22, 0x46, 0x50, 0x47, 0x41, 0x20, 0x67,
    0x65, 0x6e, 0x65, 0x72, 0x61, 0x74, 0x69, 0x6e, 0x67, 0x22, 0x29, 0x3b,
    0x0a, 0x20, 0x20, 0x20, 0x20, 0x20, 0x20, 0x73, 0x65, 0x74, 0x52, 0x75,
    0x6e, 0x74, 0x69, 0x6d, 0x65, 0x4d, 0x65, 0x73, 0x73, 0x61, 0x67, 0x65,
    0x28, 0x22, 0x47, 0x65, 0x6e, 0x65, 0x72, 0x61, 0x74, 0x69, 0x6f, 0x6e,
    0x20, 0x61, 0x63, 0x63, 0x65, 0x70, 0x74, 0x65, 0x64, 0x3b, 0x20, 0x70,
    0x6f, 0x6c, 0x6c, 0x69, 0x6e, 0x67, 0x20, 0x74, 0x68, 0x65, 0x20, 0x72,
    0x65, 0x74, 0x61, 0x69, 0x6e, 0x65, 0x64, 0x20, 0x6a, 0x6f, 0x62, 0x20,
    0x72, 0x65, 0x63, 0x6f, 0x72, 0x64, 0x2e, 0x22, 0x2c, 0x20, 0x22, 0x77,
    0x61, 0x72, 0x6e, 0x69, 0x6e, 0x67, 0x22, 0x29, 0x3b, 0x0a, 0x20, 0x20,
    0x20, 0x20, 0x7d, 0x20, 0x63, 0x61, 0x74, 0x63, 0x68, 0x20, 0x28, 0x65,
    0x72, 0x72, 0x6f, 0x72, 0x29, 0x20, 0x7b, 0x0a, 0x20, 0x20, 0x20, 0x20,
    0x20, 0x20, 0x69, 0x66, 0x20, 0x28, 0x21, 0x28, 0x65, 0x72, 0x72, 0x6f,
    0x72, 0x20, 0x69, 0x6e, 0x73, 0x74, 0x61, 0x6e, 0x63, 0x65, 0x6f, 0x66,
    0x20, 0x41, 0x70, 0x69, 0x45, 0x72, 0x72, 0x6f, 0x72, 0x29, 0x29, 0x20,
    0x7b, 0x0a, 0x20, 0x20, 0x20, 0x20, 0x20, 0x20, 0x20, 0x20, 0x73, 0x74,
    0x61, 0x74, 0x65, 0x2e, 0x63, 0x6f, 0x6e, 0x6e, 0x65, 0x63, 0x74, 0x65,
    0x64, 0x20, 0x3d, 0x20, 0x66, 0x61, 0x6c, 0x73, 0x65, 0x3b, 0x0a, 0x20,
    0x20, 0x20, 0x20, 0x20, 0x20, 0x20, 0x20, 0x73, 0x65, 0x74, 0x43, 0x6f,
    0x6e, 0x6e, 0x65, 0x63, 0x74, 0x69, 0x6f, 0x6e, 0x28, 0x22, 0x6f, 0x66,
    0x66, 0x6c, 0x69, 0x6e, 0x65, 0x22, 0x2c, 0x20, 0x22, 0x42, 0x6f, 0x61,
    0x72, 0x64, 0x20, 0x75, 0x6e, 0x61, 0x76, 0x61, 0x69, 0x6c, 0x61, 0x62,
    0x6c, 0x65, 0x22, 0x29, 0x3b, 0x0a, 0x20, 0x20, 0x20, 0x20, 0x20, 0x20,
    0x7d, 0x20, 0x65, 0x6c, 0x73, 0x65, 0x20, 0x69, 0x66, 0x20, 0x28, 0x65,
    0x72, 0x72, 0x6f, 0x72, 0x2e, 0x73, 0x74, 0x61, 0x74, 0x75, 0x73, 0x20,
    0x3d, 0x3d, 0x3d, 0x20, 0x34, 0x30, 0x39, 0x29, 0x20, 0x7b, 0x0a, 0x20,
    0x20, 0x20, 0x20, 0x20, 0x20, 0x20, 0x20, 0x73, 0x74, 0x61, 0x74, 0x65,
    0x2e, 0x72, 0x65, 0x6d, 0x6f, 0x74, 0x65, 0x53, 0x74, 0x61, 0x74, 0x65,
    0x20, 0x3d, 0x20, 0x22, 0x72, 0x75, 0x6e, 0x6e, 0x69, 0x6e, 0x67, 0x22,
    0x3b, 0x0a, 0x20, 0x20, 0x20, 0x20, 0x20, 0x20, 0x20, 0x20, 0x73, 0x65,
    0x74, 0x43, 0x6f, 0x6e, 0x6e, 0x65, 0x63, 0x74, 0x69, 0x6f, 0x6e, 0x28,
    0x22, 0x62, 0x75, 0x73, 0x79, 0x22, 0x2c, 0x20, 0x22, 0x42, 0x6f, 0x61,
    0x72, 0x64, 0x20, 0x62, 0x75, 0x73, 0x79, 0x22, 0x29, 0x3b, 0x0a, 0x20,
    0x20, 0x20, 0x20, 0x20, 0x20, 0x7d, 0x20, 0x65, 0x6c, 0x73, 0x65, 0x20,
    0x7b, 0x0a, 0x20, 0x20, 0x20, 0x20, 0x20, 0x20, 0x20, 0x20, 0x73, 0x74,
    0x61, 0x74, 0x65, 0x2e, 0x72, 0x65, 0x61, 0x64, 0x79, 0x20, 0x3d, 0x20,
    0x66, 0x61, 0x6c, 0x73, 0x65, 0x3b, 0x0a, 0x20, 0x20, 0x20, 0x20, 0x20,
    0x20, 0x7d, 0x0a, 0x20, 0x20, 0x20, 0x20, 0x20, 0x20, 0x73, 0x65, 0x74,
    0x52, 0x75, 0x6e, 0x74, 0x69, 0x6d, 0x65, 0x4d, 0x65, 0x73, 0x73, 0x61,
    0x67, 0x65, 0x28, 0x60, 0x47, 0x65, 0x6e, 0x65, 0x72, 0x61, 0x74, 0x69,
    0x6f, 0x6e, 0x20, 0x77, 0x61, 0x73, 0x20, 0x6e, 0x6f, 0x74, 0x20, 0x61,
    0x63, 0x63, 0x65, 0x70, 0x74, 0x65, 0x64, 0x3a, 0x20, 0x24, 0x7b, 0x65,
    0x72, 0x72, 0x6f, 0x72, 0x2e, 0x6d, 0x65, 0x73, 0x73, 0x61, 0x67, 0x65,
    0x7d, 0x60, 0x2c, 0x20, 0x22, 0x65, 0x72, 0x72, 0x6f, 0x72, 0x22, 0x29,
    0x3b, 0x0a, 0x20, 0x20, 0x20, 0x20, 0x20, 0x20, 0x73, 0x68, 0x6f, 0x77,
    0x46, 0x6f, 0x72, 0x6d, 0x45, 0x72, 0x72, 0x6f, 0x72, 0x28, 0x65, 0x72,
    0x72, 0x6f, 0x72, 0x2e, 0x6d, 0x65, 0x73, 0x73, 0x61, 0x67, 0x65, 0x29,
    0x3b, 0x0a, 0x20, 0x20, 0x20, 0x20, 0x20, 0x20, 0x73, 0x63, 0x68, 0x65,
    0x64, 0x75, 0x6c, 0x65, 0x48, 0x65, 0x61, 0x6c, 0x74, 0x68, 0x28, 0x35,
    0x30, 0x30, 0x29, 0x3b, 0x0a, 0x20, 0x20, 0x20, 0x20, 0x7d, 0x20, 0x66,
    0x69, 0x6e, 0x61, 0x6c, 0x6c, 0x79, 0x20, 0x7b, 0x0a, 0x20, 0x20, 0x20,
    0x20, 0x20, 0x20, 0x73, 0x74, 0x61, 0x74, 0x65, 0x2e, 0x73, 0x75, 0x62,
    0x6d, 0x69, 0x74, 0x74, 0x69, 0x6e, 0x67, 0x20, 0x3d, 0x20, 0x66, 0x61,
    0x6c, 0x73, 0x65, 0x3b, 0x0a, 0x20, 0x20, 0x20, 0x20, 0x20, 0x20, 0x72,
    0x65, 0x66, 0x72, 0x65, 0x73, 0x68, 0x43, 0x6f, 0x6e, 0x74, 0x72, 0x6f,
    0x6c, 0x73, 0x28, 0x29, 0x3b, 0x0a, 0x20, 0x20, 0x20, 0x20, 0x7d, 0x0a,
    0x20, 0x20, 0x20, 0x20, 0x69, 0x66, 0x20, 0x28, 0x73, 0x74, 0x61, 0x74,
    0x65, 0x2e, 0x61, 0x63, 0x74, 0x69, 0x76, 0x65, 0x4a, 0x6f, 0x62, 0x49,
    0x64, 0x20, 0x21, 0x3d, 0x3d, 0x20, 0x6e, 0x75, 0x6c, 0x6c, 0x29, 0x20,
    0x7b, 0x0a, 0x20, 0x20, 0x20, 0x20, 0x20, 0x20, 0x73, 0x63, 0x68, 0x65,
    0x64, 0x75, 0x6c, 0x65, 0x50, 0x6f, 0x6c, 0x6c, 0x28, 0x30, 0x29, 0x3b,
    0x0a, 0x20, 0x20, 0x20, 0x20, 0x7d, 0x0a, 0x20, 0x20, 0x7d, 0x0a, 0x0a,
    0x20, 0x20, 0x65, 0x6c, 0x65, 0x6d, 0x65, 0x6e, 0x74, 0x73, 0x2e, 0x6d,
    0x6f, 0x64, 0x65, 0x49, 0x6e, 0x70, 0x75, 0x74, 0x73, 0x2e, 0x66, 0x6f,
    0x72, 0x45, 0x61, 0x63, 0x68, 0x28, 0x28, 0x69, 0x6e, 0x70, 0x75, 0x74,
    0x29, 0x20, 0x3d, 0x3e, 0x20, 0x69, 0x6e, 0x70, 0x75, 0x74, 0x2e, 0x61,
    0x64, 0x64, 0x45, 0x76, 0x65, 0x6e, 0x74, 0x4c, 0x69, 0x73, 0x74, 0x65,
    0x6e, 0x65, 0x72, 0x28, 0x22, 0x63, 0x68, 0x61, 0x6e, 0x67, 0x65, 0x22,
    0x2c, 0x20, 0x75, 0x70, 0x64, 0x61, 0x74, 0x65, 0x49, 0x6e, 0x70, 0x75,
    0x74, 0x4d, 0x6f, 0x64, 0x65, 0x29, 0x29, 0x3b, 0x0a, 0x20, 0x20, 0x65,
    0x6c, 0x65, 0x6d, 0x65, 0x6e, 0x74, 0x73, 0x2e, 0x70, 0x72, 0x6f, 0x6d,
    0x70, 0x74, 0x49, 0x6e, 0x70, 0x75, 0x74, 0x2e, 0x61, 0x64, 0x64, 0x45,
    0x76, 0x65, 0x6e, 0x74, 0x4c, 0x69, 0x73, 0x74, 0x65, 0x6e, 0x65, 0x72,
    0x28, 0x22, 0x69, 0x6e, 0x70, 0x75, 0x74, 0x22, 0x2c, 0x20, 0x75, 0x70,
    0x64, 0x61, 0x74, 0x65, 0x49, 0x6e, 0x70, 0x75, 0x74, 0x43, 0x6f, 0x75,
    0x6e, 0x74, 0x73, 0x29, 0x3b, 0x0a, 0x20, 0x20, 0x65, 0x6c, 0x65, 0x6d,
    0x65, 0x6e, 0x74, 0x73, 0x2e, 0x74, 0x6f, 0x6b, 0x65, 0x6e, 0x49, 0x6e,
    0x70, 0x75, 0x74, 0x2e, 0x61, 0x64, 0x64, 0x45, 0x76, 0x65, 0x6e, 0x74,
    0x4c, 0x69, 0x73, 0x74, 0x65, 0x6e, 0x65, 0x72, 0x28, 0x22, 0x69, 0x6e,
    0x70, 0x75, 0x74, 0x22, 0x2c, 0x20, 0x75, 0x70, 0x64, 0x61, 0x74, 0x65,
    0x49, 0x6e, 0x70, 0x75, 0x74, 0x43, 0x6f, 0x75, 0x6e, 0x74, 0x73, 0x29,
    0x3b, 0x0a, 0x20, 0x20, 0x65, 0x6c, 0x65, 0x6d, 0x65, 0x6e, 0x74, 0x73,
    0x2e, 0x66, 0x6f, 0x72, 0x6d, 0x2e, 0x61, 0x64, 0x64, 0x45, 0x76, 0x65,
    0x6e, 0x74, 0x4c, 0x69, 0x73, 0x74, 0x65, 0x6e, 0x65, 0x72, 0x28, 0x22,
    0x73, 0x75, 0x62, 0x6d, 0x69, 0x74, 0x22, 0x2c, 0x20, 0x73, 0x75, 0x62,
    0x6d, 0x69, 0x74, 0x47, 0x65, 0x6e, 0x65, 0x72, 0x61, 0x74, 0x69, 0x6f,
    0x6e, 0x29, 0x3b, 0x0a, 0x20, 0x20, 0x65, 0x6c, 0x65, 0x6d, 0x65, 0x6e,
    0x74, 0x73, 0x2e, 0x72, 0x65, 0x66, 0x72, 0x65, 0x73, 0x68, 0x48, 0x65,
    0x61, 0x6c, 0x74, 0x68, 0x2e, 0x61, 0x64, 0x64, 0x45, 0x76, 0x65, 0x6e,
    0x74, 0x4c, 0x69, 0x73, 0x74, 0x65, 0x6e, 0x65, 0x72, 0x28, 0x22, 0x63,
    0x6c, 0x69, 0x63, 0x6b, 0x22, 0x2c, 0x20, 0x28, 0x29, 0x20, 0x3d, 0x3e,
    0x20, 0x63, 0x68, 0x65, 0x63, 0x6b, 0x48, 0x65, 0x61, 0x6c, 0x74, 0x68,
    0x28, 0x66, 0x61, 0x6c, 0x73, 0x65, 0x29, 0x29, 0x3b, 0x0a, 0x20, 0x20,
    0x72, 0x6f, 0x6f, 0x74, 0x2e, 0x61, 0x64, 0x64, 0x45, 0x76, 0x65, 0x6e,
    0x74, 0x4c, 0x69, 0x73, 0x74, 0x65, 0x6e, 0x65, 0x72, 0x28, 0x22, 0x6f,
    0x6e, 0x6c, 0x69, 0x6e, 0x65, 0x22, 0x2c, 0x20, 0x28, 0x29, 0x20, 0x3d,
    0x3e, 0x20, 0x63, 0x68, 0x65, 0x63, 0x6b, 0x48, 0x65, 0x61, 0x6c, 0x74,
    0x68, 0x28, 0x66, 0x61, 0x6c, 0x73, 0x65, 0x29, 0x29, 0x3b, 0x0a, 0x20,
    0x20, 0x72, 0x6f, 0x6f, 0x74, 0x2e, 0x61, 0x64, 0x64, 0x45, 0x76, 0x65,
    0x6e, 0x74, 0x4c, 0x69, 0x73, 0x74, 0x65, 0x6e, 0x65, 0x72, 0x28, 0x22,
    0x6f, 0x66, 0x66, 0x6c, 0x69, 0x6e, 0x65, 0x22, 0x2c, 0x20, 0x28, 0x29,
    0x20, 0x3d, 0x3e, 0x20, 0x7b, 0x0a, 0x20, 0x20, 0x20, 0x20, 0x73, 0x74,
    0x61, 0x74, 0x65, 0x2e, 0x63, 0x6f, 0x6e, 0x6e, 0x65, 0x63, 0x74, 0x65,
    0x64, 0x20, 0x3d, 0x20, 0x66, 0x61, 0x6c, 0x73, 0x65, 0x3b, 0x0a, 0x20,
    0x20, 0x20, 0x20, 0x73, 0x65, 0x74, 0x43, 0x6f, 0x6e, 0x6e, 0x65, 0x63,
    0x74, 0x69, 0x6f, 0x6e, 0x28, 0x22, 0x6f, 0x66, 0x66, 0x6c, 0x69, 0x6e,
    0x65, 0x22, 0x2c, 0x20, 0x22, 0x42, 0x72, 0x6f, 0x77, 0x73, 0x65, 0x72,
    0x20, 0x6f, 0x66, 0x66, 0x6c, 0x69, 0x6e, 0x65, 0x22, 0x29, 0x3b, 0x0a,
    0x20, 0x20, 0x20, 0x20, 0x72, 0x65, 0x66, 0x72, 0x65, 0x73, 0x68, 0x43,
    0x6f, 0x6e, 0x74, 0x72, 0x6f, 0x6c, 0x73, 0x28, 0x29, 0x3b, 0x0a, 0x20,
    0x20, 0x7d, 0x29, 0x3b, 0x0a, 0x0a, 0x20, 0x20, 0x75, 0x70, 0x64, 0x61,
    0x74, 0x65, 0x49, 0x6e, 0x70, 0x75, 0x74, 0x4d, 0x6f, 0x64, 0x65, 0x28,
    0x29, 0x3b, 0x0a, 0x20, 0x20, 0x75, 0x70, 0x64, 0x61, 0x74, 0x65, 0x49,
    0x6e, 0x70, 0x75, 0x74, 0x43, 0x6f, 0x75, 0x6e, 0x74, 0x73, 0x28, 0x29,
    0x3b, 0x0a, 0x20, 0x20, 0x72, 0x65, 0x66, 0x72, 0x65, 0x73, 0x68, 0x43,
    0x6f, 0x6e, 0x74, 0x72, 0x6f, 0x6c, 0x73, 0x28, 0x29, 0x3b, 0x0a, 0x20,
    0x20, 0x63, 0x68, 0x65, 0x63, 0x6b, 0x48, 0x65, 0x61, 0x6c, 0x74, 0x68,
    0x28, 0x66, 0x61, 0x6c, 0x73, 0x65, 0x29, 0x3b, 0x0a, 0x7d, 0x29, 0x28,
    0x74, 0x79, 0x70, 0x65, 0x6f, 0x66, 0x20, 0x67, 0x6c, 0x6f, 0x62, 0x61,
    0x6c, 0x54, 0x68, 0x69, 0x73, 0x20, 0x21, 0x3d, 0x3d, 0x20, 0x22, 0x75,
    0x6e, 0x64, 0x65, 0x66, 0x69, 0x6e, 0x65, 0x64, 0x22, 0x20, 0x3f, 0x20,
    0x67, 0x6c, 0x6f, 0x62, 0x61, 0x6c, 0x54, 0x68, 0x69, 0x73, 0x20, 0x3a,
    0x20, 0x74, 0x68, 0x69, 0x73, 0x29, 0x3b, 0x0a, 0x20, 0x20, 0x3c, 0x2f,
    0x73, 0x63, 0x72, 0x69, 0x70, 0x74, 0x3e, 0x0a, 0x3c, 0x2f, 0x62, 0x6f,
    0x64, 0x79, 0x3e, 0x0a, 0x3c, 0x2f, 0x68, 0x74, 0x6d, 0x6c, 0x3e, 0x0a,
};
_Static_assert(sizeof(qweb_web_asset_index_html) == 43776u,
               "index.html length drift");

static const uint8_t qweb_web_asset_styles_css[] = {
    0x3a, 0x72, 0x6f, 0x6f, 0x74, 0x20, 0x7b, 0x0a, 0x20, 0x20, 0x2d, 0x2d,
    0x62, 0x67, 0x3a, 0x20, 0x23, 0x30, 0x37, 0x31, 0x30, 0x30, 0x65, 0x3b,
    0x0a, 0x20, 0x20, 0x2d, 0x2d, 0x70, 0x61, 0x6e, 0x65, 0x6c, 0x3a, 0x20,
    0x72, 0x67, 0x62, 0x61, 0x28, 0x31, 0x32, 0x2c, 0x20, 0x32, 0x35, 0x2c,
    0x20, 0x32, 0x32, 0x2c, 0x20, 0x30, 0x2e, 0x39, 0x29, 0x3b, 0x0a, 0x20,
    0x20, 0x2d, 0x2d, 0x70, 0x61, 0x6e, 0x65, 0x6c, 0x2d, 0x73, 0x74, 0x72,
    0x6f, 0x6e, 0x67, 0x3a, 0x20, 0x23, 0x31, 0x30, 0x31, 0x64, 0x31, 0x61,
    0x3b, 0x0a, 0x20, 0x20, 0x2d, 0x2d, 0x6c, 0x69, 0x6e, 0x65, 0x3a, 0x20,
    0x72, 0x67, 0x62, 0x61, 0x28, 0x31, 0x39, 0x32, 0x2c, 0x20, 0x32, 0x33,
    0x35, 0x2c, 0x20, 0x32, 0x31, 0x38, 0x2c, 0x20, 0x30, 0x2e, 0x31, 0x34,
    0x29, 0x3b, 0x0a, 0x20, 0x20, 0x2d, 0x2d, 0x6c, 0x69, 0x6e, 0x65, 0x2d,
    0x73, 0x74, 0x72, 0x6f, 0x6e, 0x67, 0x3a, 0x20, 0x72, 0x67, 0x62, 0x61,
    0x28, 0x31, 0x39, 0x32, 0x2c, 0x20, 0x32, 0x33, 0x35, 0x2c, 0x20, 0x32,
    0x31, 0x38, 0x2c, 0x20, 0x30, 0x2e, 0x32, 0x38, 0x29, 0x3b, 0x0a, 0x20,
    0x20, 0x2d, 0x2d, 0x74, 0x65, 0x78, 0x74, 0x3a, 0x20, 0x23, 0x65, 0x63,
    0x66, 0x38, 0x66, 0x33, 0x3b, 0x0a, 0x20, 0x20, 0x2d, 0x2d, 0x6d, 0x75,
    0x74, 0x65, 0x64, 0x3a, 0x20, 0x23, 0x39, 0x33, 0x61, 0x62, 0x61, 0x32,
    0x3b, 0x0a, 0x20, 0x20, 0x2d, 0x2d, 0x67, 0x72, 0x65, 0x65, 0x6e, 0x3a,
    0x20, 0x23, 0x37, 0x32, 0x66, 0x32, 0x62, 0x31, 0x3b, 0x0a, 0x20, 0x20,
    0x2d, 0x2d, 0x67, 0x72, 0x65, 0x65, 0x6e, 0x2d, 0x73, 0x74, 0x72, 0x6f,
    0x6e, 0x67, 0x3a, 0x20, 0x23, 0x33, 0x31, 0x64, 0x35, 0x38, 0x63, 0x3b,
    0x0a, 0x20, 0x20, 0x2d, 0x2d, 0x61, 0x6d, 0x62, 0x65, 0x72, 0x3a, 0x20,
    0x23, 0x66, 0x34, 0x63, 0x34, 0x36, 0x62, 0x3b, 0x0a, 0x20, 0x20, 0x2d,
    0x2d, 0x72, 0x65, 0x64, 0x3a, 0x20, 0x23, 0x66, 0x66, 0x37, 0x64, 0x37,
    0x39, 0x3b, 0x0a, 0x20, 0x20, 0x2d, 0x2d, 0x62, 0x6c, 0x75, 0x65, 0x3a,
    0x20, 0x23, 0x37, 0x32, 0x62, 0x63, 0x66, 0x32, 0x3b, 0x0a, 0x20, 0x20,
    0x2d, 0x2d, 0x73, 0x68, 0x61, 0x64, 0x6f, 0x77, 0x3a, 0x20, 0x30, 0x20,
    0x32, 0x34, 0x70, 0x78, 0x20, 0x37, 0x32, 0x70, 0x78, 0x20, 0x72, 0x67,
    0x62, 0x61, 0x28, 0x30, 0x2c, 0x20, 0x30, 0x2c, 0x20, 0x30, 0x2c, 0x20,
    0x30, 0x2e, 0x33, 0x34, 0x29, 0x3b, 0x0a, 0x20, 0x20, 0x66, 0x6f, 0x6e,
    0x74, 0x2d, 0x66, 0x61, 0x6d, 0x69, 0x6c, 0x79, 0x3a, 0x20, 0x49, 0x6e,
    0x74, 0x65, 0x72, 0x2c, 0x20, 0x75, 0x69, 0x2d, 0x73, 0x61, 0x6e, 0x73,
    0x2d, 0x73, 0x65, 0x72, 0x69, 0x66, 0x2c, 0x20, 0x73, 0x79, 0x73, 0x74,
    0x65, 0x6d, 0x2d, 0x75, 0x69, 0x2c, 0x20, 0x2d, 0x61, 0x70, 0x70, 0x6c,
    0x65, 0x2d, 0x73, 0x79, 0x73, 0x74, 0x65, 0x6d, 0x2c, 0x20, 0x42, 0x6c,
    0x69, 0x6e, 0x6b, 0x4d, 0x61, 0x63, 0x53, 0x79, 0x73, 0x74, 0x65, 0x6d,
    0x46, 0x6f, 0x6e, 0x74, 0x2c, 0x20, 0x22, 0x53, 0x65, 0x67, 0x6f, 0x65,
    0x20, 0x55, 0x49, 0x22, 0x2c, 0x20, 0x73, 0x61, 0x6e, 0x73, 0x2d, 0x73,
    0x65, 0x72, 0x69, 0x66, 0x3b, 0x0a, 0x20, 0x20, 0x63, 0x6f, 0x6c, 0x6f,
    0x72, 0x3a, 0x20, 0x76, 0x61, 0x72, 0x28, 0x2d, 0x2d, 0x74, 0x65, 0x78,
    0x74, 0x29, 0x3b, 0x0a, 0x20, 0x20, 0x62, 0x61, 0x63, 0x6b, 0x67, 0x72,
    0x6f, 0x75, 0x6e, 0x64, 0x3a, 0x20, 0x76, 0x61, 0x72, 0x28, 0x2d, 0x2d,
    0x62, 0x67, 0x29, 0x3b, 0x0a, 0x20, 0x20, 0x66, 0x6f, 0x6e, 0x74, 0x2d,
    0x73, 0x79, 0x6e, 0x74, 0x68, 0x65, 0x73, 0x69, 0x73, 0x3a, 0x20, 0x6e,
    0x6f, 0x6e, 0x65, 0x3b, 0x0a, 0x7d, 0x0a, 0x0a, 0x2a, 0x20, 0x7b, 0x0a,
    0x20, 0x20, 0x62, 0x6f, 0x78, 0x2d, 0x73, 0x69, 0x7a, 0x69, 0x6e, 0x67,
    0x3a, 0x20, 0x62, 0x6f, 0x72, 0x64, 0x65, 0x72, 0x2d, 0x62, 0x6f, 0x78,
    0x3b, 0x0a, 0x7d, 0x0a, 0x0a, 0x68, 0x74, 0x6d, 0x6c, 0x20, 0x7b, 0x0a,
    0x20, 0x20, 0x6d, 0x69, 0x6e, 0x2d, 0x77, 0x69, 0x64, 0x74, 0x68, 0x3a,
    0x20, 0x33, 0x32, 0x30, 0x70, 0x78, 0x3b, 0x0a, 0x20, 0x20, 0x6d, 0x69,
    0x6e, 0x2d, 0x68, 0x65, 0x69, 0x67, 0x68, 0x74, 0x3a, 0x20, 0x31, 0x30,
    0x30, 0x25, 0x3b, 0x0a, 0x20, 0x20, 0x62, 0x61, 0x63, 0x6b, 0x67, 0x72,
    0x6f, 0x75, 0x6e, 0x64, 0x3a, 0x20, 0x76, 0x61, 0x72, 0x28, 0x2d, 0x2d,
    0x62, 0x67, 0x29, 0x3b, 0x0a, 0x7d, 0x0a, 0x0a, 0x62, 0x6f, 0x64, 0x79,
    0x20, 0x7b, 0x0a, 0x20, 0x20, 0x6d, 0x69, 0x6e, 0x2d, 0x68, 0x65, 0x69,
    0x67, 0x68, 0x74, 0x3a, 0x20, 0x31, 0x30, 0x30, 0x76, 0x68, 0x3b, 0x0a,
    0x20, 0x20, 0x6d, 0x61, 0x72, 0x67, 0x69, 0x6e, 0x3a, 0x20, 0x30, 0x3b,
    0x0a, 0x20, 0x20, 0x6f, 0x76, 0x65, 0x72, 0x66, 0x6c, 0x6f, 0x77, 0x2d,
    0x78, 0x3a, 0x20, 0x68, 0x69, 0x64, 0x64, 0x65, 0x6e, 0x3b, 0x0a, 0x20,
    0x20, 0x62, 0x61, 0x63, 0x6b, 0x67, 0x72, 0x6f, 0x75, 0x6e, 0x64, 0x3a,
    0x0a, 0x20, 0x20, 0x20, 0x20, 0x6c, 0x69, 0x6e, 0x65, 0x61, 0x72, 0x2d,
    0x67, 0x72, 0x61, 0x64, 0x69, 0x65, 0x6e, 0x74, 0x28, 0x72, 0x67, 0x62,
    0x61, 0x28, 0x31, 0x31, 0x34, 0x2c, 0x20, 0x32, 0x34, 0x32, 0x2c, 0x20,
    0x31, 0x37, 0x37, 0x2c, 0x20, 0x30, 0x2e, 0x30, 0x31, 0x38, 0x29, 0x20,
    0x31, 0x70, 0x78, 0x2c, 0x20, 0x74, 0x72, 0x61, 0x6e, 0x73, 0x70, 0x61,
    0x72, 0x65, 0x6e, 0x74, 0x20, 0x31, 0x70, 0x78, 0x29, 0x2c, 0x0a, 0x20,
    0x20, 0x20, 0x20, 0x6c, 0x69, 0x6e, 0x65, 0x61, 0x72, 0x2d, 0x67, 0x72,
    0x61, 0x64, 0x69, 0x65, 0x6e, 0x74, 0x28, 0x39, 0x30, 0x64, 0x65, 0x67,
    0x2c, 0x20, 0x72, 0x67, 0x62, 0x61, 0x28, 0x31, 0x31, 0x34, 0x2c, 0x20,
    0x32, 0x34, 0x32, 0x2c, 0x20, 0x31, 0x37, 0x37, 0x2c, 0x20, 0x30, 0x2e,
    0x30, 0x31, 0x38, 0x29, 0x20, 0x31, 0x70, 0x78, 0x2c, 0x20, 0x74, 0x72,
    0x61, 0x6e, 0x73, 0x70, 0x61, 0x72, 0x65, 0x6e, 0x74, 0x20, 0x31, 0x70,
    0x78, 0x29, 0x2c, 0x0a, 0x20, 0x20, 0x20, 0x20, 0x72, 0x61, 0x64, 0x69,
    0x61, 0x6c, 0x2d, 0x67, 0x72, 0x61, 0x64, 0x69, 0x65, 0x6e, 0x74, 0x28,
    0x63, 0x69, 0x72, 0x63, 0x6c, 0x65, 0x20, 0x61, 0x74, 0x20, 0x38, 0x25,
    0x20, 0x2d, 0x31, 0x30, 0x25, 0x2c, 0x20, 0x72, 0x67, 0x62, 0x61, 0x28,
    0x34, 0x39, 0x2c, 0x20, 0x32, 0x31, 0x33, 0x2c, 0x20, 0x31, 0x34, 0x30,
    0x2c, 0x20, 0x30, 0x2e, 0x31, 0x32, 0x29, 0x2c, 0x20, 0x74, 0x72, 0x61,
    0x6e, 0x73, 0x70, 0x61, 0x72, 0x65, 0x6e, 0x74, 0x20, 0x33, 0x36, 0x25,
    0x29, 0x2c, 0x0a, 0x20, 0x20, 0x20, 0x20, 0x76, 0x61, 0x72, 0x28, 0x2d,
    0x2d, 0x62, 0x67, 0x29, 0x3b, 0x0a, 0x20, 0x20, 0x62, 0x61, 0x63, 0x6b,
    0x67, 0x72, 0x6f, 0x75, 0x6e, 0x64, 0x2d, 0x73, 0x69, 0x7a, 0x65, 0x3a,
    0x20, 0x34, 0x32, 0x70, 0x78, 0x20, 0x34, 0x32, 0x70, 0x78, 0x2c, 0x20,
    0x34, 0x32, 0x70, 0x78, 0x20, 0x34, 0x32, 0x70, 0x78, 0x2c, 0x20, 0x61,
    0x75, 0x74, 0x6f, 0x2c, 0x20, 0x61, 0x75, 0x74, 0x6f, 0x3b, 0x0a, 0x7d,
    0x0a, 0x0a, 0x62, 0x75, 0x74, 0x74, 0x6f, 0x6e, 0x2c, 0x0a, 0x69, 0x6e,
    0x70, 0x75, 0x74, 0x2c, 0x0a, 0x74, 0x65, 0x78, 0x74, 0x61, 0x72, 0x65,
    0x61, 0x20, 0x7b, 0x0a, 0x20, 0x20, 0x66, 0x6f, 0x6e, 0x74, 0x3a, 0x20,
    0x69, 0x6e, 0x68, 0x65, 0x72, 0x69, 0x74, 0x3b, 0x0a, 0x7d, 0x0a, 0x0a,
    0x62, 0x75, 0x74, 0x74, 0x6f, 0x6e, 0x2c, 0x0a, 0x6c, 0x61, 0x62, 0x65,
    0x6c, 0x2c, 0x0a, 0x69, 0x6e, 0x70, 0x75, 0x74, 0x5b, 0x74, 0x79, 0x70,
    0x65, 0x3d, 0x22, 0x72, 0x61, 0x64, 0x69, 0x6f, 0x22, 0x5d, 0x20, 0x7b,
    0x0a, 0x20, 0x20, 0x2d, 0x77, 0x65, 0x62, 0x6b, 0x69, 0x74, 0x2d, 0x74,
    0x61, 0x70, 0x2d, 0x68, 0x69, 0x67, 0x68, 0x6c, 0x69, 0x67, 0x68, 0x74,
    0x2d, 0x63, 0x6f, 0x6c, 0x6f, 0x72, 0x3a, 0x20, 0x74, 0x72, 0x61, 0x6e,
    0x73, 0x70, 0x61, 0x72, 0x65, 0x6e, 0x74, 0x3b, 0x0a, 0x7d, 0x0a, 0x0a,
    0x2e, 0x61, 0x6d, 0x62, 0x69, 0x65, 0x6e, 0x74, 0x20, 0x7b, 0x0a, 0x20,
    0x20, 0x70, 0x6f, 0x73, 0x69, 0x74, 0x69, 0x6f, 0x6e, 0x3a, 0x20, 0x66,
    0x69, 0x78, 0x65, 0x64, 0x3b, 0x0a, 0x20, 0x20, 0x7a, 0x2d, 0x69, 0x6e,
    0x64, 0x65, 0x78, 0x3a, 0x20, 0x2d, 0x31, 0x3b, 0x0a, 0x20, 0x20, 0x77,
    0x69, 0x64, 0x74, 0x68, 0x3a, 0x20, 0x33, 0x32, 0x72, 0x65, 0x6d, 0x3b,
    0x0a, 0x20, 0x20, 0x68, 0x65, 0x69, 0x67, 0x68, 0x74, 0x3a, 0x20, 0x33,
    0x32, 0x72, 0x65, 0x6d, 0x3b, 0x0a, 0x20, 0x20, 0x62, 0x6f, 0x72, 0x64,
    0x65, 0x72, 0x2d, 0x72, 0x61, 0x64, 0x69, 0x75, 0x73, 0x3a, 0x20, 0x35,
    0x30, 0x25, 0x3b, 0x0a, 0x20, 0x20, 0x66, 0x69, 0x6c, 0x74, 0x65, 0x72,
    0x3a, 0x20, 0x62, 0x6c, 0x75, 0x72, 0x28, 0x31, 0x30, 0x30, 0x70, 0x78,
    0x29, 0x3b, 0x0a, 0x20, 0x20, 0x6f, 0x70, 0x61, 0x63, 0x69, 0x74, 0x79,
    0x3a, 0x20, 0x30, 0x2e, 0x31, 0x31, 0x3b, 0x0a, 0x20, 0x20, 0x70, 0x6f,
    0x69, 0x6e, 0x74, 0x65, 0x72, 0x2d, 0x65, 0x76, 0x65, 0x6e, 0x74, 0x73,
    0x3a, 0x20, 0x6e, 0x6f, 0x6e, 0x65, 0x3b, 0x0a, 0x7d, 0x0a, 0x0a, 0x2e,
    0x61, 0x6d, 0x62, 0x69, 0x65, 0x6e, 0x74, 0x2d, 0x61, 0x20, 0x7b, 0x0a,
    0x20, 0x20, 0x74, 0x6f, 0x70, 0x3a, 0x20, 0x31, 0x38, 0x25, 0x3b, 0x0a,
    0x20, 0x20, 0x72, 0x69, 0x67, 0x68, 0x74, 0x3a, 0x20, 0x2d, 0x31, 0x38,
    0x72, 0x65, 0x6d, 0x3b, 0x0a, 0x20, 0x20, 0x62, 0x61, 0x63, 0x6b, 0x67,
    0x72, 0x6f, 0x75, 0x6e, 0x64, 0x3a, 0x20, 0x76, 0x61, 0x72, 0x28, 0x2d,
    0x2d, 0x62, 0x6c, 0x75, 0x65, 0x29, 0x3b, 0x0a, 0x7d, 0x0a, 0x0a, 0x2e,
    0x61, 0x6d, 0x62, 0x69, 0x65, 0x6e, 0x74, 0x2d, 0x62, 0x20, 0x7b, 0x0a,
    0x20, 0x20, 0x62, 0x6f, 0x74, 0x74, 0x6f, 0x6d, 0x3a, 0x20, 0x2d, 0x32,
    0x30, 0x72, 0x65, 0x6d, 0x3b, 0x0a, 0x20, 0x20, 0x6c, 0x65, 0x66, 0x74,
    0x3a, 0x20, 0x31, 0x35, 0x25, 0x3b, 0x0a, 0x20, 0x20, 0x62, 0x61, 0x63,
    0x6b, 0x67, 0x72, 0x6f, 0x75, 0x6e, 0x64, 0x3a, 0x20, 0x76, 0x61, 0x72,
    0x28, 0x2d, 0x2d, 0x67, 0x72, 0x65, 0x65, 0x6e, 0x29, 0x3b, 0x0a, 0x7d,
    0x0a, 0x0a, 0x2e, 0x74, 0x6f, 0x70, 0x62, 0x61, 0x72, 0x20, 0x7b, 0x0a,
    0x20, 0x20, 0x64, 0x69, 0x73, 0x70, 0x6c, 0x61, 0x79, 0x3a, 0x20, 0x66,
    0x6c, 0x65, 0x78, 0x3b, 0x0a, 0x20, 0x20, 0x61, 0x6c, 0x69, 0x67, 0x6e,
    0x2d, 0x69, 0x74, 0x65, 0x6d, 0x73, 0x3a, 0x20, 0x63, 0x65, 0x6e, 0x74,
    0x65, 0x72, 0x3b, 0x0a, 0x20, 0x20, 0x6a, 0x75, 0x73, 0x74, 0x69, 0x66,
    0x79, 0x2d, 0x63, 0x6f, 0x6e, 0x74, 0x65, 0x6e, 0x74, 0x3a, 0x20, 0x73,
    0x70, 0x61, 0x63, 0x65, 0x2d, 0x62, 0x65, 0x74, 0x77, 0x65, 0x65, 0x6e,
    0x3b, 0x0a, 0x20, 0x20, 0x6d, 0x69, 0x6e, 0x2d, 0x68, 0x65, 0x69, 0x67,
    0x68, 0x74, 0x3a, 0x20, 0x37, 0x36, 0x70, 0x78, 0x3b, 0x0a, 0x20, 0x20,
    0x70, 0x61, 0x64, 0x64, 0x69, 0x6e, 0x67, 0x3a, 0x20, 0x30, 0x20, 0x35,
    0x76, 0x77, 0x3b, 0x0a, 0x20, 0x20, 0x62, 0x6f, 0x72, 0x64, 0x65, 0x72,
    0x2d, 0x62, 0x6f, 0x74, 0x74, 0x6f, 0x6d, 0x3a, 0x20, 0x31, 0x70, 0x78,
    0x20, 0x73, 0x6f, 0x6c, 0x69, 0x64, 0x20, 0x76, 0x61, 0x72, 0x28, 0x2d,
    0x2d, 0x6c, 0x69, 0x6e, 0x65, 0x29, 0x3b, 0x0a, 0x20, 0x20, 0x62, 0x61,
    0x63, 0x6b, 0x67, 0x72, 0x6f, 0x75, 0x6e, 0x64, 0x3a, 0x20, 0x72, 0x67,
    0x62, 0x61, 0x28, 0x37, 0x2c, 0x20, 0x31, 0x36, 0x2c, 0x20, 0x31, 0x34,
    0x2c, 0x20, 0x30, 0x2e, 0x37, 0x38, 0x29, 0x3b, 0x0a, 0x20, 0x20, 0x62,
    0x61, 0x63, 0x6b, 0x64, 0x72, 0x6f, 0x70, 0x2d, 0x66, 0x69, 0x6c, 0x74,
    0x65, 0x72, 0x3a, 0x20, 0x62, 0x6c, 0x75, 0x72, 0x28, 0x31, 0x38, 0x70,
    0x78, 0x29, 0x3b, 0x0a, 0x7d, 0x0a, 0x0a, 0x2e, 0x62, 0x72, 0x61, 0x6e,
    0x64, 0x20, 0x7b, 0x0a, 0x20, 0x20, 0x64, 0x69, 0x73, 0x70, 0x6c, 0x61,
    0x79, 0x3a, 0x20, 0x69, 0x6e, 0x6c, 0x69, 0x6e, 0x65, 0x2d, 0x66, 0x6c,
    0x65, 0x78, 0x3b, 0x0a, 0x20, 0x20, 0x61, 0x6c, 0x69, 0x67, 0x6e, 0x2d,
    0x69, 0x74, 0x65, 0x6d, 0x73, 0x3a, 0x20, 0x63, 0x65, 0x6e, 0x74, 0x65,
    0x72, 0x3b, 0x0a, 0x20, 0x20, 0x67, 0x61, 0x70, 0x3a, 0x20, 0x30, 0x2e,
    0x38, 0x72, 0x65, 0x6d, 0x3b, 0x0a, 0x20, 0x20, 0x63, 0x6f, 0x6c, 0x6f,
    0x72, 0x3a, 0x20, 0x69, 0x6e, 0x68, 0x65, 0x72, 0x69, 0x74, 0x3b, 0x0a,
    0x20, 0x20, 0x74, 0x65, 0x78, 0x74, 0x2d, 0x64, 0x65, 0x63, 0x6f, 0x72,
    0x61, 0x74, 0x69, 0x6f, 0x6e, 0x3a, 0x20, 0x6e, 0x6f, 0x6e, 0x65, 0x3b,
    0x0a, 0x7d, 0x0a, 0x0a, 0x2e, 0x62, 0x72, 0x61, 0x6e, 0x64, 0x2d, 0x6d,
    0x61, 0x72, 0x6b, 0x20, 0x7b, 0x0a, 0x20, 0x20, 0x64, 0x69, 0x73, 0x70,
    0x6c, 0x61, 0x79, 0x3a, 0x20, 0x67, 0x72, 0x69, 0x64, 0x3b, 0x0a, 0x20,
    0x20, 0x67, 0x72, 0x69, 0x64, 0x2d, 0x74, 0x65, 0x6d, 0x70, 0x6c, 0x61,
    0x74, 0x65, 0x2d, 0x63, 0x6f, 0x6c, 0x75, 0x6d, 0x6e, 0x73, 0x3a, 0x20,
    0x72, 0x65, 0x70, 0x65, 0x61, 0x74, 0x28, 0x33, 0x2c, 0x20, 0x35, 0x70,
    0x78, 0x29, 0x3b, 0x0a, 0x20, 0x20, 0x61, 0x6c, 0x69, 0x67, 0x6e, 0x2d,
    0x69, 0x74, 0x65, 0x6d, 0x73, 0x3a, 0x20, 0x65, 0x6e, 0x64, 0x3b, 0x0a,
    0x20, 0x20, 0x67, 0x61, 0x70, 0x3a, 0x20, 0x33, 0x70, 0x78, 0x3b, 0x0a,
    0x20, 0x20, 0x77, 0x69, 0x64, 0x74, 0x68, 0x3a, 0x20, 0x33, 0x30, 0x70,
    0x78, 0x3b, 0x0a, 0x20, 0x20, 0x68, 0x65, 0x69, 0x67, 0x68, 0x74, 0x3a,
    0x20, 0x33, 0x30, 0x70, 0x78, 0x3b, 0x0a, 0x20, 0x20, 0x70, 0x61, 0x64,
    0x64, 0x69, 0x6e, 0x67, 0x3a, 0x20, 0x36, 0x70, 0x78, 0x3b, 0x0a, 0x20,
    0x20, 0x62, 0x6f, 0x72, 0x64, 0x65, 0x72, 0x3a, 0x20, 0x31, 0x70, 0x78,
    0x20, 0x73, 0x6f, 0x6c, 0x69, 0x64, 0x20, 0x72, 0x67, 0x62, 0x61, 0x28,
    0x31, 0x31, 0x34, 0x2c, 0x20, 0x32, 0x34, 0x32, 0x2c, 0x20, 0x31, 0x37,
    0x37, 0x2c, 0x20, 0x30, 0x2e, 0x33, 0x38, 0x29, 0x3b, 0x0a, 0x20, 0x20,
    0x62, 0x6f, 0x72, 0x64, 0x65, 0x72, 0x2d, 0x72, 0x61, 0x64, 0x69, 0x75,
    0x73, 0x3a, 0x20, 0x38, 0x70, 0x78, 0x3b, 0x0a, 0x20, 0x20, 0x62, 0x61,
    0x63, 0x6b, 0x67, 0x72, 0x6f, 0x75, 0x6e, 0x64, 0x3a, 0x20, 0x72, 0x67,
    0x62, 0x61, 0x28, 0x31, 0x31, 0x34, 0x2c, 0x20, 0x32, 0x34, 0x32, 0x2c,
    0x20, 0x31, 0x37, 0x37, 0x2c, 0x20, 0x30, 0x2e, 0x30, 0x38, 0x29, 0x3b,
    0x0a, 0x7d, 0x0a, 0x0a, 0x2e, 0x62, 0x72, 0x61, 0x6e, 0x64, 0x2d, 0x6d,
    0x61, 0x72, 0x6b, 0x20, 0x69, 0x20, 0x7b, 0x0a, 0x20, 0x20, 0x64, 0x69,
    0x73, 0x70, 0x6c, 0x61, 0x79, 0x3a, 0x20, 0x62, 0x6c, 0x6f, 0x63, 0x6b,
    0x3b, 0x0a, 0x20, 0x20, 0x62, 0x6f, 0x72, 0x64, 0x65, 0x72, 0x2d, 0x72,
    0x61, 0x64, 0x69, 0x75, 0x73, 0x3a, 0x20, 0x32, 0x70, 0x78, 0x3b, 0x0a,
    0x20, 0x20, 0x62, 0x61, 0x63, 0x6b, 0x67, 0x72, 0x6f, 0x75, 0x6e, 0x64,
    0x3a, 0x20, 0x76, 0x61, 0x72, 0x28, 0x2d, 0x2d, 0x67, 0x72, 0x65, 0x65,
    0x6e, 0x29, 0x3b, 0x0a, 0x7d, 0x0a, 0x0a, 0x2e, 0x62, 0x72, 0x61, 0x6e,
    0x64, 0x2d, 0x6d, 0x61, 0x72, 0x6b, 0x20, 0x69, 0x3a, 0x6e, 0x74, 0x68,
    0x2d, 0x63, 0x68, 0x69, 0x6c, 0x64, 0x28, 0x31, 0x29, 0x20, 0x7b, 0x20,
    0x68, 0x65, 0x69, 0x67, 0x68, 0x74, 0x3a, 0x20, 0x38, 0x70, 0x78, 0x3b,
    0x20, 0x6f, 0x70, 0x61, 0x63, 0x69, 0x74, 0x79, 0x3a, 0x20, 0x30, 0x2e,
    0x35, 0x35, 0x3b, 0x20, 0x7d, 0x0a, 0x2e, 0x62, 0x72, 0x61, 0x6e, 0x64,
    0x2d, 0x6d, 0x61, 0x72, 0x6b, 0x20, 0x69, 0x3a, 0x6e, 0x74, 0x68, 0x2d,
    0x63, 0x68, 0x69, 0x6c, 0x64, 0x28, 0x32, 0x29, 0x20, 0x7b, 0x20, 0x68,
    0x65, 0x69, 0x67, 0x68, 0x74, 0x3a, 0x20, 0x31, 0x35, 0x70, 0x78, 0x3b,
    0x20, 0x7d, 0x0a, 0x2e, 0x62, 0x72, 0x61, 0x6e, 0x64, 0x2d, 0x6d, 0x61,
    0x72, 0x6b, 0x20, 0x69, 0x3a, 0x6e, 0x74, 0x68, 0x2d, 0x63, 0x68, 0x69,
    0x6c, 0x64, 0x28, 0x33, 0x29, 0x20, 0x7b, 0x20, 0x68, 0x65, 0x69, 0x67,
    0x68, 0x74, 0x3a, 0x20, 0x31, 0x31, 0x70, 0x78, 0x3b, 0x20, 0x6f, 0x70,
    0x61, 0x63, 0x69, 0x74, 0x79, 0x3a, 0x20, 0x30, 0x2e, 0x37, 0x35, 0x3b,
    0x20, 0x7d, 0x0a, 0x0a, 0x2e, 0x62, 0x72, 0x61, 0x6e, 0x64, 0x20, 0x73,
    0x74, 0x72, 0x6f, 0x6e, 0x67, 0x20, 0x7b, 0x0a, 0x20, 0x20, 0x64, 0x69,
    0x73, 0x70, 0x6c, 0x61, 0x79, 0x3a, 0x20, 0x62, 0x6c, 0x6f, 0x63, 0x6b,
    0x3b, 0x0a, 0x20, 0x20, 0x66, 0x6f, 0x6e, 0x74, 0x2d, 0x73, 0x69, 0x7a,
    0x65, 0x3a, 0x20, 0x30, 0x2e, 0x39, 0x32, 0x72, 0x65, 0x6d, 0x3b, 0x0a,
    0x20, 0x20, 0x6c, 0x65, 0x74, 0x74, 0x65, 0x72, 0x2d, 0x73, 0x70, 0x61,
    0x63, 0x69, 0x6e, 0x67, 0x3a, 0x20, 0x30, 0x2e, 0x31, 0x37, 0x65, 0x6d,
    0x3b, 0x0a, 0x7d, 0x0a, 0x0a, 0x2e, 0x62, 0x72, 0x61, 0x6e, 0x64, 0x20,
    0x73, 0x6d, 0x61, 0x6c, 0x6c, 0x20, 0x7b, 0x0a, 0x20, 0x20, 0x64, 0x69,
    0x73, 0x70, 0x6c, 0x61, 0x79, 0x3a, 0x20, 0x62, 0x6c, 0x6f, 0x63, 0x6b,
    0x3b, 0x0a, 0x20, 0x20, 0x6d, 0x61, 0x72, 0x67, 0x69, 0x6e, 0x2d, 0x74,
    0x6f, 0x70, 0x3a, 0x20, 0x30, 0x2e, 0x31, 0x72, 0x65, 0x6d, 0x3b, 0x0a,
    0x20, 0x20, 0x63, 0x6f, 0x6c, 0x6f, 0x72, 0x3a, 0x20, 0x76, 0x61, 0x72,
    0x28, 0x2d, 0x2d, 0x6d, 0x75, 0x74, 0x65, 0x64, 0x29, 0x3b, 0x0a, 0x20,
    0x20, 0x66, 0x6f, 0x6e, 0x74, 0x2d, 0x73, 0x69, 0x7a, 0x65, 0x3a, 0x20,
    0x30, 0x2e, 0x36, 0x37, 0x72, 0x65, 0x6d, 0x3b, 0x0a, 0x20, 0x20, 0x6c,
    0x65, 0x74, 0x74, 0x65, 0x72, 0x2d, 0x73, 0x70, 0x61, 0x63, 0x69, 0x6e,
    0x67, 0x3a, 0x20, 0x30, 0x2e, 0x30, 0x34, 0x65, 0x6d, 0x3b, 0x0a, 0x7d,
    0x0a, 0x0a, 0x2e, 0x63, 0x6f, 0x6e, 0x6e, 0x65, 0x63, 0x74, 0x69, 0x6f,
    0x6e, 0x20, 0x7b, 0x0a, 0x20, 0x20, 0x64, 0x69, 0x73, 0x70, 0x6c, 0x61,
    0x79, 0x3a, 0x20, 0x69, 0x6e, 0x6c, 0x69, 0x6e, 0x65, 0x2d, 0x66, 0x6c,
    0x65, 0x78, 0x3b, 0x0a, 0x20, 0x20, 0x61, 0x6c, 0x69, 0x67, 0x6e, 0x2d,
    0x69, 0x74, 0x65, 0x6d, 0x73, 0x3a, 0x20, 0x63, 0x65, 0x6e, 0x74, 0x65,
    0x72, 0x3b, 0x0a, 0x20, 0x20, 0x67, 0x61, 0x70, 0x3a, 0x20, 0x30, 0x2e,
    0x35, 0x35, 0x72, 0x65, 0x6d, 0x3b, 0x0a, 0x20, 0x20, 0x6d, 0x69, 0x6e,
    0x2d, 0x68, 0x65, 0x69, 0x67, 0x68, 0x74, 0x3a, 0x20, 0x33, 0x34, 0x70,
    0x78, 0x3b, 0x0a, 0x20, 0x20, 0x70, 0x61, 0x64, 0x64, 0x69, 0x6e, 0x67,
    0x3a, 0x20, 0x30, 0x20, 0x30, 0x2e, 0x38, 0x35, 0x72, 0x65, 0x6d, 0x3b,
    0x0a, 0x20, 0x20, 0x62, 0x6f, 0x72, 0x64, 0x65, 0x72, 0x3a, 0x20, 0x31,
    0x70, 0x78, 0x20, 0x73, 0x6f, 0x6c, 0x69, 0x64, 0x20, 0x76, 0x61, 0x72,
    0x28, 0x2d, 0x2d, 0x6c, 0x69, 0x6e, 0x65, 0x29, 0x3b, 0x0a, 0x20, 0x20,
    0x62, 0x6f, 0x72, 0x64, 0x65, 0x72, 0x2d, 0x72, 0x61, 0x64, 0x69, 0x75,
    0x73, 0x3a, 0x20, 0x39, 0x39, 0x39, 0x70, 0x78, 0x3b, 0x0a, 0x20, 0x20,
    0x63, 0x6f, 0x6c, 0x6f, 0x72, 0x3a, 0x20, 0x76, 0x61, 0x72, 0x28, 0x2d,
    0x2d, 0x6d, 0x75, 0x74, 0x65, 0x64, 0x29, 0x3b, 0x0a, 0x20, 0x20, 0x62,
    0x61, 0x63, 0x6b, 0x67, 0x72, 0x6f, 0x75, 0x6e, 0x64, 0x3a, 0x20, 0x72,
    0x67, 0x62, 0x61, 0x28, 0x32, 0x35, 0x35, 0x2c, 0x20, 0x32, 0x35, 0x35,
    0x2c, 0x20, 0x32, 0x35, 0x35, 0x2c, 0x20, 0x30, 0x2e, 0x30, 0x32, 0x35,
    0x29, 0x3b, 0x0a, 0x20, 0x20, 0x66, 0x6f, 0x6e, 0x74, 0x2d, 0x73, 0x69,
    0x7a, 0x65, 0x3a, 0x20, 0x30, 0x2e, 0x37, 0x36, 0x72, 0x65, 0x6d, 0x3b,
    0x0a, 0x20, 0x20, 0x66, 0x6f, 0x6e, 0x74, 0x2d, 0x77, 0x65, 0x69, 0x67,
    0x68, 0x74, 0x3a, 0x20, 0x36, 0x35, 0x30, 0x3b, 0x0a, 0x7d, 0x0a, 0x0a,
    0x2e, 0x63, 0x6f, 0x6e, 0x6e, 0x65, 0x63, 0x74, 0x69, 0x6f, 0x6e, 0x2d,
    0x64, 0x6f, 0x74, 0x20, 0x7b, 0x0a, 0x20, 0x20, 0x77, 0x69, 0x64, 0x74,
    0x68, 0x3a, 0x20, 0x37, 0x70, 0x78, 0x3b, 0x0a, 0x20, 0x20, 0x68, 0x65,
    0x69, 0x67, 0x68, 0x74, 0x3a, 0x20, 0x37, 0x70, 0x78, 0x3b, 0x0a, 0x20,
    0x20, 0x62, 0x6f, 0x72, 0x64, 0x65, 0x72, 0x2d, 0x72, 0x61, 0x64, 0x69,
    0x75, 0x73, 0x3a, 0x20, 0x35, 0x30, 0x25, 0x3b, 0x0a, 0x20, 0x20, 0x62,
    0x61, 0x63, 0x6b, 0x67, 0x72, 0x6f, 0x75, 0x6e, 0x64, 0x3a, 0x20, 0x63,
    0x75, 0x72, 0x72, 0x65, 0x6e, 0x74, 0x43, 0x6f, 0x6c, 0x6f, 0x72, 0x3b,
    0x0a, 0x20, 0x20, 0x62, 0x6f, 0x78, 0x2d, 0x73, 0x68, 0x61, 0x64, 0x6f,
    0x77, 0x3a, 0x20, 0x30, 0x20, 0x30, 0x20, 0x30, 0x20, 0x34, 0x70, 0x78,
    0x20, 0x63, 0x6f, 0x6c, 0x6f, 0x72, 0x2d, 0x6d, 0x69, 0x78, 0x28, 0x69,
    0x6e, 0x20, 0x73, 0x72, 0x67, 0x62, 0x2c, 0x20, 0x63, 0x75, 0x72, 0x72,
    0x65, 0x6e, 0x74, 0x43, 0x6f, 0x6c, 0x6f, 0x72, 0x20, 0x31, 0x35, 0x25,
    0x2c, 0x20, 0x74, 0x72, 0x61, 0x6e, 0x73, 0x70, 0x61, 0x72, 0x65, 0x6e,
    0x74, 0x29, 0x3b, 0x0a, 0x7d, 0x0a, 0x0a, 0x2e, 0x63, 0x6f, 0x6e, 0x6e,
    0x65, 0x63, 0x74, 0x69, 0x6f, 0x6e, 0x5b, 0x64, 0x61, 0x74, 0x61, 0x2d,
    0x73, 0x74, 0x61, 0x74, 0x65, 0x3d, 0x22, 0x6f, 0x6e, 0x6c, 0x69, 0x6e,
    0x65, 0x22, 0x5d, 0x20, 0x7b, 0x20, 0x63, 0x6f, 0x6c, 0x6f, 0x72, 0x3a,
    0x20, 0x76, 0x61, 0x72, 0x28, 0x2d, 0x2d, 0x67, 0x72, 0x65, 0x65, 0x6e,
    0x29, 0x3b, 0x20, 0x7d, 0x0a, 0x2e, 0x63, 0x6f, 0x6e, 0x6e, 0x65, 0x63,
    0x74, 0x69, 0x6f, 0x6e, 0x5b, 0x64, 0x61, 0x74, 0x61, 0x2d, 0x73, 0x74,
    0x61, 0x74, 0x65, 0x3d, 0x22, 0x62, 0x75, 0x73, 0x79, 0x22, 0x5d, 0x20,
    0x7b, 0x20, 0x63, 0x6f, 0x6c, 0x6f, 0x72, 0x3a, 0x20, 0x76, 0x61, 0x72,
    0x28, 0x2d, 0x2d, 0x61, 0x6d, 0x62, 0x65, 0x72, 0x29, 0x3b, 0x20, 0x7d,
    0x0a, 0x2e, 0x63, 0x6f, 0x6e, 0x6e, 0x65, 0x63, 0x74, 0x69, 0x6f, 0x6e,
    0x5b, 0x64, 0x61, 0x74, 0x61, 0x2d, 0x73, 0x74, 0x61, 0x74, 0x65, 0x3d,
    0x22, 0x6f, 0x66, 0x66, 0x6c, 0x69, 0x6e, 0x65, 0x22, 0x5d, 0x20, 0x7b,
    0x20, 0x63, 0x6f, 0x6c, 0x6f, 0x72, 0x3a, 0x20, 0x76, 0x61, 0x72, 0x28,
    0x2d, 0x2d, 0x72, 0x65, 0x64, 0x29, 0x3b, 0x20, 0x7d, 0x0a, 0x2e, 0x63,
    0x6f, 0x6e, 0x6e, 0x65, 0x63, 0x74, 0x69, 0x6f, 0x6e, 0x5b, 0x64, 0x61,
    0x74, 0x61, 0x2d, 0x73, 0x74, 0x61, 0x74, 0x65, 0x3d, 0x22, 0x63, 0x68,
    0x65, 0x63, 0x6b, 0x69, 0x6e, 0x67, 0x22, 0x5d, 0x20, 0x2e, 0x63, 0x6f,
    0x6e, 0x6e, 0x65, 0x63, 0x74, 0x69, 0x6f, 0x6e, 0x2d, 0x64, 0x6f, 0x74,
    0x20, 0x7b, 0x20, 0x61, 0x6e, 0x69, 0x6d, 0x61, 0x74, 0x69, 0x6f, 0x6e,
    0x3a, 0x20, 0x70, 0x75, 0x6c, 0x73, 0x65, 0x20, 0x31, 0x2e, 0x31, 0x35,
    0x73, 0x20, 0x65, 0x61, 0x73, 0x65, 0x2d, 0x69, 0x6e, 0x2d, 0x6f, 0x75,
    0x74, 0x20, 0x69, 0x6e, 0x66, 0x69, 0x6e, 0x69, 0x74, 0x65, 0x3b, 0x20,
    0x7d, 0x0a, 0x0a, 0x2e, 0x73, 0x68, 0x65, 0x6c, 0x6c, 0x20, 0x7b, 0x0a,
    0x20, 0x20, 0x77, 0x69, 0x64, 0x74, 0x68, 0x3a, 0x20, 0x6d, 0x69, 0x6e,
    0x28, 0x31, 0x34, 0x34, 0x30, 0x70, 0x78, 0x2c, 0x20, 0x39, 0x32, 0x76,
    0x77, 0x29, 0x3b, 0x0a, 0x20, 0x20, 0x6d, 0x61, 0x72, 0x67, 0x69, 0x6e,
    0x3a, 0x20, 0x30, 0x20, 0x61, 0x75, 0x74, 0x6f, 0x3b, 0x0a, 0x20, 0x20,
    0x70, 0x61, 0x64, 0x64, 0x69, 0x6e, 0x67, 0x3a, 0x20, 0x33, 0x2e, 0x37,
    0x72, 0x65, 0x6d, 0x20, 0x30, 0x20, 0x32, 0x72, 0x65, 0x6d, 0x3b, 0x0a,
    0x7d, 0x0a, 0x0a, 0x2e, 0x68, 0x65, 0x72, 0x6f, 0x20, 0x7b, 0x0a, 0x20,
    0x20, 0x64, 0x69, 0x73, 0x70, 0x6c, 0x61, 0x79, 0x3a, 0x20, 0x66, 0x6c,
    0x65, 0x78, 0x3b, 0x0a, 0x20, 0x20, 0x61, 0x6c, 0x69, 0x67, 0x6e, 0x2d,
    0x69, 0x74, 0x65, 0x6d, 0x73, 0x3a, 0x20, 0x66, 0x6c, 0x65, 0x78, 0x2d,
    0x65, 0x6e, 0x64, 0x3b, 0x0a, 0x20, 0x20, 0x6a, 0x75, 0x73, 0x74, 0x69,
    0x66, 0x79, 0x2d, 0x63, 0x6f, 0x6e, 0x74, 0x65, 0x6e, 0x74, 0x3a, 0x20,
    0x73, 0x70, 0x61, 0x63, 0x65, 0x2d, 0x62, 0x65, 0x74, 0x77, 0x65, 0x65,
    0x6e, 0x3b, 0x0a, 0x20, 0x20, 0x67, 0x61, 0x70, 0x3a, 0x20, 0x32, 0x72,
    0x65, 0x6d, 0x3b, 0x0a, 0x20, 0x20, 0x6d, 0x61, 0x72, 0x67, 0x69, 0x6e,
    0x2d, 0x62, 0x6f, 0x74, 0x74, 0x6f, 0x6d, 0x3a, 0x20, 0x32, 0x72, 0x65,
    0x6d, 0x3b, 0x0a, 0x7d, 0x0a, 0x0a, 0x2e, 0x65, 0x79, 0x65, 0x62, 0x72,
    0x6f, 0x77, 0x2c, 0x0a, 0x2e, 0x73, 0x74, 0x65, 0x70, 0x2d, 0x6c, 0x61,
    0x62, 0x65, 0x6c, 0x20, 0x7b, 0x0a, 0x20, 0x20, 0x6d, 0x61, 0x72, 0x67,
    0x69, 0x6e, 0x3a, 0x20, 0x30, 0x20, 0x30, 0x20, 0x30, 0x2e, 0x36, 0x35,
    0x72, 0x65, 0x6d, 0x3b, 0x0a, 0x20, 0x20, 0x63, 0x6f, 0x6c, 0x6f, 0x72,
    0x3a, 0x20, 0x76, 0x61, 0x72, 0x28, 0x2d, 0x2d, 0x67, 0x72, 0x65, 0x65,
    0x6e, 0x29, 0x3b, 0x0a, 0x20, 0x20, 0x66, 0x6f, 0x6e, 0x74, 0x2d, 0x73,
    0x69, 0x7a, 0x65, 0x3a, 0x20, 0x30, 0x2e, 0x36, 0x38, 0x72, 0x65, 0x6d,
    0x3b, 0x0a, 0x20, 0x20, 0x66, 0x6f, 0x6e, 0x74, 0x2d, 0x77, 0x65, 0x69,
    0x67, 0x68, 0x74, 0x3a, 0x20, 0x37, 0x36, 0x30, 0x3b, 0x0a, 0x20, 0x20,
    0x6c, 0x65, 0x74, 0x74, 0x65, 0x72, 0x2d, 0x73, 0x70, 0x61, 0x63, 0x69,
    0x6e, 0x67, 0x3a, 0x20, 0x30, 0x2e, 0x31, 0x37, 0x65, 0x6d, 0x3b, 0x0a,
    0x20, 0x20, 0x74, 0x65, 0x78, 0x74, 0x2d, 0x74, 0x72, 0x61, 0x6e, 0x73,
    0x66, 0x6f, 0x72, 0x6d, 0x3a, 0x20, 0x75, 0x70, 0x70, 0x65, 0x72, 0x63,
    0x61, 0x73, 0x65, 0x3b, 0x0a, 0x7d, 0x0a, 0x0a, 0x68, 0x31, 0x2c, 0x0a,
    0x68, 0x32, 0x2c, 0x0a, 0x70, 0x20, 0x7b, 0x0a, 0x20, 0x20, 0x74, 0x65,
    0x78, 0x74, 0x2d, 0x77, 0x72, 0x61, 0x70, 0x3a, 0x20, 0x70, 0x72, 0x65,
    0x74, 0x74, 0x79, 0x3b, 0x0a, 0x7d, 0x0a, 0x0a, 0x68, 0x31, 0x20, 0x7b,
    0x0a, 0x20, 0x20, 0x6d, 0x61, 0x78, 0x2d, 0x77, 0x69, 0x64, 0x74, 0x68,
    0x3a, 0x20, 0x37, 0x38, 0x30, 0x70, 0x78, 0x3b, 0x0a, 0x20, 0x20, 0x6d,
    0x61, 0x72, 0x67, 0x69, 0x6e, 0x3a, 0x20, 0x30, 0x3b, 0x0a, 0x20, 0x20,
    0x66, 0x6f, 0x6e, 0x74, 0x2d, 0x73, 0x69, 0x7a, 0x65, 0x3a, 0x20, 0x63,
    0x6c, 0x61, 0x6d, 0x70, 0x28, 0x32, 0x2e, 0x31, 0x72, 0x65, 0x6d, 0x2c,
    0x20, 0x34, 0x2e, 0x31, 0x76, 0x77, 0x2c, 0x20, 0x34, 0x2e, 0x32, 0x72,
    0x65, 0x6d, 0x29, 0x3b, 0x0a, 0x20, 0x20, 0x66, 0x6f, 0x6e, 0x74, 0x2d,
    0x77, 0x65, 0x69, 0x67, 0x68, 0x74, 0x3a, 0x20, 0x36, 0x31, 0x30, 0x3b,
    0x0a, 0x20, 0x20, 0x6c, 0x65, 0x74, 0x74, 0x65, 0x72, 0x2d, 0x73, 0x70,
    0x61, 0x63, 0x69, 0x6e, 0x67, 0x3a, 0x20, 0x2d, 0x30, 0x2e, 0x30, 0x35,
    0x35, 0x65, 0x6d, 0x3b, 0x0a, 0x20, 0x20, 0x6c, 0x69, 0x6e, 0x65, 0x2d,
    0x68, 0x65, 0x69, 0x67, 0x68, 0x74, 0x3a, 0x20, 0x31, 0x2e, 0x30, 0x31,
    0x3b, 0x0a, 0x7d, 0x0a, 0x0a, 0x2e, 0x68, 0x65, 0x72, 0x6f, 0x2d, 0x63,
    0x6f, 0x70, 0x79, 0x20, 0x7b, 0x0a, 0x20, 0x20, 0x6d, 0x61, 0x78, 0x2d,
    0x77, 0x69, 0x64, 0x74, 0x68, 0x3a, 0x20, 0x37, 0x33, 0x30, 0x70, 0x78,
    0x3b, 0x0a, 0x20, 0x20, 0x6d, 0x61, 0x72, 0x67, 0x69, 0x6e, 0x3a, 0x20,
    0x31, 0x2e, 0x32, 0x35, 0x72, 0x65, 0x6d, 0x20, 0x30, 0x20, 0x30, 0x3b,
    0x0a, 0x20, 0x20, 0x63, 0x6f, 0x6c, 0x6f, 0x72, 0x3a, 0x20, 0x76, 0x61,
    0x72, 0x28, 0x2d, 0x2d, 0x6d, 0x75, 0x74, 0x65, 0x64, 0x29, 0x3b, 0x0a,
    0x20, 0x20, 0x66, 0x6f, 0x6e, 0x74, 0x2d, 0x73, 0x69, 0x7a, 0x65, 0x3a,
    0x20, 0x63, 0x6c, 0x61, 0x6d, 0x70, 0x28, 0x30, 0x2e, 0x39, 0x72, 0x65,
    0x6d, 0x2c, 0x20, 0x31, 0x2e, 0x34, 0x76, 0x77, 0x2c, 0x20, 0x31, 0x2e,
    0x30, 0x34, 0x72, 0x65, 0x6d, 0x29, 0x3b, 0x0a, 0x20, 0x20, 0x6c, 0x69,
    0x6e, 0x65, 0x2d, 0x68, 0x65, 0x69, 0x67, 0x68, 0x74, 0x3a, 0x20, 0x31,
    0x2e, 0x37, 0x3b, 0x0a, 0x7d, 0x0a, 0x0a, 0x2e, 0x67, 0x68, 0x6f, 0x73,
    0x74, 0x2d, 0x62, 0x75, 0x74, 0x74, 0x6f, 0x6e, 0x20, 0x7b, 0x0a, 0x20,
    0x20, 0x66, 0x6c, 0x65, 0x78, 0x3a, 0x20, 0x6e, 0x6f, 0x6e, 0x65, 0x3b,
    0x0a, 0x20, 0x20, 0x6d, 0x69, 0x6e, 0x2d, 0x68, 0x65, 0x69, 0x67, 0x68,
    0x74, 0x3a, 0x20, 0x34, 0x30, 0x70, 0x78, 0x3b, 0x0a, 0x20, 0x20, 0x70,
    0x61, 0x64, 0x64, 0x69, 0x6e, 0x67, 0x3a, 0x20, 0x30, 0x20, 0x31, 0x72,
    0x65, 0x6d, 0x3b, 0x0a, 0x20, 0x20, 0x62, 0x6f, 0x72, 0x64, 0x65, 0x72,
    0x3a, 0x20, 0x31, 0x70, 0x78, 0x20, 0x73, 0x6f, 0x6c, 0x69, 0x64, 0x20,
    0x76, 0x61, 0x72, 0x28, 0x2d, 0x2d, 0x6c, 0x69, 0x6e, 0x65, 0x2d, 0x73,
    0x74, 0x72, 0x6f, 0x6e, 0x67, 0x29, 0x3b, 0x0a, 0x20, 0x20, 0x62, 0x6f,
    0x72, 0x64, 0x65, 0x72, 0x2d, 0x72, 0x61, 0x64, 0x69, 0x75, 0x73, 0x3a,
    0x20, 0x39, 0x70, 0x78, 0x3b, 0x0a, 0x20, 0x20, 0x63, 0x6f, 0x6c, 0x6f,
    0x72, 0x3a, 0x20, 0x76, 0x61, 0x72, 0x28, 0x2d, 0x2d, 0x74, 0x65, 0x78,
    0x74, 0x29, 0x3b, 0x0a, 0x20, 0x20, 0x62, 0x61, 0x63, 0x6b, 0x67, 0x72,
    0x6f, 0x75, 0x6e, 0x64, 0x3a, 0x20, 0x72, 0x67, 0x62, 0x61, 0x28, 0x32,
    0x35, 0x35, 0x2c, 0x20, 0x32, 0x35, 0x35, 0x2c, 0x20, 0x32, 0x35, 0x35,
    0x2c, 0x20, 0x30, 0x2e, 0x30, 0x32, 0x35, 0x29, 0x3b, 0x0a, 0x20, 0x20,
    0x63, 0x75, 0x72, 0x73, 0x6f, 0x72, 0x3a, 0x20, 0x70, 0x6f, 0x69, 0x6e,
    0x74, 0x65, 0x72, 0x3b, 0x0a, 0x20, 0x20, 0x66, 0x6f, 0x6e, 0x74, 0x2d,
    0x73, 0x69, 0x7a, 0x65, 0x3a, 0x20, 0x30, 0x2e, 0x37, 0x36, 0x72, 0x65,
    0x6d, 0x3b, 0x0a, 0x20, 0x20, 0x66, 0x6f, 0x6e, 0x74, 0x2d, 0x77, 0x65,
    0x69, 0x67, 0x68, 0x74, 0x3a, 0x20, 0x36, 0x38, 0x30, 0x3b, 0x0a, 0x20,
    0x20, 0x74, 0x72, 0x61, 0x6e, 0x73, 0x69, 0x74, 0x69, 0x6f, 0x6e, 0x3a,
    0x20, 0x62, 0x6f, 0x72, 0x64, 0x65, 0x72, 0x2d, 0x63, 0x6f, 0x6c, 0x6f,
    0x72, 0x20, 0x31, 0x36, 0x30, 0x6d, 0x73, 0x20, 0x65, 0x61, 0x73, 0x65,
    0x2c, 0x20, 0x62, 0x61, 0x63, 0x6b, 0x67, 0x72, 0x6f, 0x75, 0x6e, 0x64,
    0x20, 0x31, 0x36, 0x30, 0x6d, 0x73, 0x20, 0x65, 0x61, 0x73, 0x65, 0x2c,
    0x20, 0x74, 0x72, 0x61, 0x6e, 0x73, 0x66, 0x6f, 0x72, 0x6d, 0x20, 0x31,
    0x36, 0x30, 0x6d, 0x73, 0x20, 0x65, 0x61, 0x73, 0x65, 0x3b, 0x0a, 0x7d,
    0x0a, 0x0a, 0x2e, 0x67, 0x68, 0x6f, 0x73, 0x74, 0x2d, 0x62, 0x75, 0x74,
    0x74, 0x6f, 0x6e, 0x3a, 0x68, 0x6f, 0x76, 0x65, 0x72, 0x3a, 0x6e, 0x6f,
    0x74, 0x28, 0x3a, 0x64, 0x69, 0x73, 0x61, 0x62, 0x6c, 0x65, 0x64, 0x29,
    0x20, 0x7b, 0x0a, 0x20, 0x20, 0x62, 0x6f, 0x72, 0x64, 0x65, 0x72, 0x2d,
    0x63, 0x6f, 0x6c, 0x6f, 0x72, 0x3a, 0x20, 0x72, 0x67, 0x62, 0x61, 0x28,
    0x31, 0x31, 0x34, 0x2c, 0x20, 0x32, 0x34, 0x32, 0x2c, 0x20, 0x31, 0x37,
    0x37, 0x2c, 0x20, 0x30, 0x2e, 0x36, 0x29, 0x3b, 0x0a, 0x20, 0x20, 0x62,
    0x61, 0x63, 0x6b, 0x67, 0x72, 0x6f, 0x75, 0x6e, 0x64, 0x3a, 0x20, 0x72,
    0x67, 0x62, 0x61, 0x28, 0x31, 0x31, 0x34, 0x2c, 0x20, 0x32, 0x34, 0x32,
    0x2c, 0x20, 0x31, 0x37, 0x37, 0x2c, 0x20, 0x30, 0x2e, 0x30, 0x38, 0x29,
    0x3b, 0x0a, 0x20, 0x20, 0x74, 0x72, 0x61, 0x6e, 0x73, 0x66, 0x6f, 0x72,
    0x6d, 0x3a, 0x20, 0x74, 0x72, 0x61, 0x6e, 0x73, 0x6c, 0x61, 0x74, 0x65,
    0x59, 0x28, 0x2d, 0x31, 0x70, 0x78, 0x29, 0x3b, 0x0a, 0x7d, 0x0a, 0x0a,
    0x2e, 0x67, 0x68, 0x6f, 0x73, 0x74, 0x2d, 0x62, 0x75, 0x74, 0x74, 0x6f,
    0x6e, 0x3a, 0x64, 0x69, 0x73, 0x61, 0x62, 0x6c, 0x65, 0x64, 0x20, 0x7b,
    0x0a, 0x20, 0x20, 0x6f, 0x70, 0x61, 0x63, 0x69, 0x74, 0x79, 0x3a, 0x20,
    0x30, 0x2e, 0x34, 0x35, 0x3b, 0x0a, 0x20, 0x20, 0x63, 0x75, 0x72, 0x73,
    0x6f, 0x72, 0x3a, 0x20, 0x77, 0x61, 0x69, 0x74, 0x3b, 0x0a, 0x7d, 0x0a,
    0x0a, 0x2e, 0x77, 0x6f, 0x72, 0x6b, 0x73, 0x70, 0x61, 0x63, 0x65, 0x20,
    0x7b, 0x0a, 0x20, 0x20, 0x64, 0x69, 0x73, 0x70, 0x6c, 0x61, 0x79, 0x3a,
    0x20, 0x67, 0x72, 0x69, 0x64, 0x3b, 0x0a, 0x20, 0x20, 0x67, 0x72, 0x69,
    0x64, 0x2d, 0x74, 0x65, 0x6d, 0x70, 0x6c, 0x61, 0x74, 0x65, 0x2d, 0x63,
    0x6f, 0x6c, 0x75, 0x6d, 0x6e, 0x73, 0x3a, 0x20, 0x6d, 0x69, 0x6e, 0x6d,
    0x61, 0x78, 0x28, 0x30, 0x2c, 0x20, 0x30, 0x2e, 0x38, 0x38, 0x66, 0x72,
    0x29, 0x20, 0x6d, 0x69, 0x6e, 0x6d, 0x61, 0x78, 0x28, 0x30, 0x2c, 0x20,
    0x31, 0x2e, 0x31, 0x32, 0x66, 0x72, 0x29, 0x3b, 0x0a, 0x20, 0x20, 0x67,
    0x61, 0x70, 0x3a, 0x20, 0x31, 0x72, 0x65, 0x6d, 0x3b, 0x0a, 0x20, 0x20,
    0x61, 0x6c, 0x69, 0x67, 0x6e, 0x2d, 0x69, 0x74, 0x65, 0x6d, 0x73, 0x3a,
    0x20, 0x73, 0x74, 0x61, 0x72, 0x74, 0x3b, 0x0a, 0x7d, 0x0a, 0x0a, 0x2e,
    0x70, 0x61, 0x6e, 0x65, 0x6c, 0x20, 0x7b, 0x0a, 0x20, 0x20, 0x6d, 0x69,
    0x6e, 0x2d, 0x77, 0x69, 0x64, 0x74, 0x68, 0x3a, 0x20, 0x30, 0x3b, 0x0a,
    0x20, 0x20, 0x62, 0x6f, 0x72, 0x64, 0x65, 0x72, 0x3a, 0x20, 0x31, 0x70,
    0x78, 0x20, 0x73, 0x6f, 0x6c, 0x69, 0x64, 0x20, 0x76, 0x61, 0x72, 0x28,
    0x2d, 0x2d, 0x6c, 0x69, 0x6e, 0x65, 0x29, 0x3b, 0x0a, 0x20, 0x20, 0x62,
    0x6f, 0x72, 0x64, 0x65, 0x72, 0x2d, 0x72, 0x61, 0x64, 0x69, 0x75, 0x73,
    0x3a, 0x20, 0x31, 0x36, 0x70, 0x78, 0x3b, 0x0a, 0x20, 0x20, 0x62, 0x61,
    0x63, 0x6b, 0x67, 0x72, 0x6f, 0x75, 0x6e, 0x64, 0x3a, 0x20, 0x6c, 0x69,
    0x6e, 0x65, 0x61, 0x72, 0x2d, 0x67, 0x72, 0x61, 0x64, 0x69, 0x65, 0x6e,
    0x74, 0x28, 0x31, 0x35, 0x30, 0x64, 0x65, 0x67, 0x2c, 0x20, 0x72, 0x67,
    0x62, 0x61, 0x28, 0x31, 0x38, 0x2c, 0x20, 0x33, 0x35, 0x2c, 0x20, 0x33,
    0x30, 0x2c, 0x20, 0x30, 0x2e, 0x39, 0x36, 0x29, 0x2c, 0x20, 0x76, 0x61,
    0x72, 0x28, 0x2d, 0x2d, 0x70, 0x61, 0x6e, 0x65, 0x6c, 0x29, 0x29, 0x3b,
    0x0a, 0x20, 0x20, 0x62, 0x6f, 0x78, 0x2d, 0x73, 0x68, 0x61, 0x64, 0x6f,
    0x77, 0x3a, 0x20, 0x76, 0x61, 0x72, 0x28, 0x2d, 0x2d, 0x73, 0x68, 0x61,
    0x64, 0x6f, 0x77, 0x29, 0x3b, 0x0a, 0x7d, 0x0a, 0x0a, 0x2e, 0x63, 0x6f,
    0x6d, 0x70, 0x6f, 0x73, 0x65, 0x2d, 0x70, 0x61, 0x6e, 0x65, 0x6c, 0x2c,
    0x0a, 0x2e, 0x72, 0x65, 0x73, 0x75, 0x6c, 0x74, 0x2d, 0x70, 0x61, 0x6e,
    0x65, 0x6c, 0x20, 0x7b, 0x0a, 0x20, 0x20, 0x70, 0x61, 0x64, 0x64, 0x69,
    0x6e, 0x67, 0x3a, 0x20, 0x63, 0x6c, 0x61, 0x6d, 0x70, 0x28, 0x31, 0x2e,
    0x32, 0x72, 0x65, 0x6d, 0x2c, 0x20, 0x32, 0x2e, 0x36, 0x76, 0x77, 0x2c,
    0x20, 0x32, 0x72, 0x65, 0x6d, 0x29, 0x3b, 0x0a, 0x7d, 0x0a, 0x0a, 0x2e,
    0x70, 0x61, 0x6e, 0x65, 0x6c, 0x2d, 0x68, 0x65, 0x61, 0x64, 0x69, 0x6e,
    0x67, 0x20, 0x7b, 0x0a, 0x20, 0x20, 0x64, 0x69, 0x73, 0x70, 0x6c, 0x61,
    0x79, 0x3a, 0x20, 0x66, 0x6c, 0x65, 0x78, 0x3b, 0x0a, 0x20, 0x20, 0x61,
    0x6c, 0x69, 0x67, 0x6e, 0x2d, 0x69, 0x74, 0x65, 0x6d, 0x73, 0x3a, 0x20,
    0x66, 0x6c, 0x65, 0x78, 0x2d, 0x73, 0x74, 0x61, 0x72, 0x74, 0x3b, 0x0a,
    0x20, 0x20, 0x6a, 0x75, 0x73, 0x74, 0x69, 0x66, 0x79, 0x2d, 0x63, 0x6f,
    0x6e, 0x74, 0x65, 0x6e, 0x74, 0x3a, 0x20, 0x73, 0x70, 0x61, 0x63, 0x65,
    0x2d, 0x62, 0x65, 0x74, 0x77, 0x65, 0x65, 0x6e, 0x3b, 0x0a, 0x20, 0x20,
    0x67, 0x61, 0x70, 0x3a, 0x20, 0x31, 0x72, 0x65, 0x6d, 0x3b, 0x0a, 0x20,
    0x20, 0x6d, 0x61, 0x72, 0x67, 0x69, 0x6e, 0x2d, 0x62, 0x6f, 0x74, 0x74,
    0x6f, 0x6d, 0x3a, 0x20, 0x31, 0x2e, 0x36, 0x35, 0x72, 0x65, 0x6d, 0x3b,
    0x0a, 0x7d, 0x0a, 0x0a, 0x2e, 0x70, 0x61, 0x6e, 0x65, 0x6c, 0x2d, 0x68,
    0x65, 0x61, 0x64, 0x69, 0x6e, 0x67, 0x20, 0x68, 0x32, 0x20, 0x7b, 0x0a,
    0x20, 0x20, 0x6d, 0x61, 0x72, 0x67, 0x69, 0x6e, 0x3a, 0x20, 0x30, 0x3b,
    0x0a, 0x20, 0x20, 0x66, 0x6f, 0x6e, 0x74, 0x2d, 0x73, 0x69, 0x7a, 0x65,
    0x3a, 0x20, 0x63, 0x6c, 0x61, 0x6d, 0x70, 0x28, 0x31, 0x2e, 0x31, 0x35,
    0x72, 0x65, 0x6d, 0x2c, 0x20, 0x32, 0x76, 0x77, 0x2c, 0x20, 0x31, 0x2e,
    0x34, 0x35, 0x72, 0x65, 0x6d, 0x29, 0x3b, 0x0a, 0x20, 0x20, 0x66, 0x6f,
    0x6e, 0x74, 0x2d, 0x77, 0x65, 0x69, 0x67, 0x68, 0x74, 0x3a, 0x20, 0x36,
    0x32, 0x30, 0x3b, 0x0a, 0x20, 0x20, 0x6c, 0x65, 0x74, 0x74, 0x65, 0x72,
    0x2d, 0x73, 0x70, 0x61, 0x63, 0x69, 0x6e, 0x67, 0x3a, 0x20, 0x2d, 0x30,
    0x2e, 0x30, 0x32, 0x35, 0x65, 0x6d, 0x3b, 0x0a, 0x7d, 0x0a, 0x0a, 0x2e,
    0x6d, 0x6f, 0x64, 0x65, 0x6c, 0x2d, 0x63, 0x68, 0x69, 0x70, 0x2c, 0x0a,
    0x2e, 0x73, 0x74, 0x61, 0x74, 0x65, 0x2d, 0x62, 0x61, 0x64, 0x67, 0x65,
    0x20, 0x7b, 0x0a, 0x20, 0x20, 0x64, 0x69, 0x73, 0x70, 0x6c, 0x61, 0x79,
    0x3a, 0x20, 0x69, 0x6e, 0x6c, 0x69, 0x6e, 0x65, 0x2d, 0x66, 0x6c, 0x65,
    0x78, 0x3b, 0x0a, 0x20, 0x20, 0x61, 0x6c, 0x69, 0x67, 0x6e, 0x2d, 0x69,
    0x74, 0x65, 0x6d, 0x73, 0x3a, 0x20, 0x63, 0x65, 0x6e, 0x74, 0x65, 0x72,
    0x3b, 0x0a, 0x20, 0x20, 0x6a, 0x75, 0x73, 0x74, 0x69, 0x66, 0x79, 0x2d,
    0x63, 0x6f, 0x6e, 0x74, 0x65, 0x6e, 0x74, 0x3a, 0x20, 0x63, 0x65, 0x6e,
    0x74, 0x65, 0x72, 0x3b, 0x0a, 0x20, 0x20, 0x6d, 0x69, 0x6e, 0x2d, 0x68,
    0x65, 0x69, 0x67, 0x68, 0x74, 0x3a, 0x20, 0x32, 0x38, 0x70, 0x78, 0x3b,
    0x0a, 0x20, 0x20, 0x70, 0x61, 0x64, 0x64, 0x69, 0x6e, 0x67, 0x3a, 0x20,
    0x30, 0x20, 0x30, 0x2e, 0x36, 0x35, 0x72, 0x65, 0x6d, 0x3b, 0x0a, 0x20,
    0x20, 0x62, 0x6f, 0x72, 0x64, 0x65, 0x72, 0x3a, 0x20, 0x31, 0x70, 0x78,
    0x20, 0x73, 0x6f, 0x6c, 0x69, 0x64, 0x20, 0x76, 0x61, 0x72, 0x28, 0x2d,
    0x2d, 0x6c, 0x69, 0x6e, 0x65, 0x29, 0x3b, 0x0a, 0x20, 0x20, 0x62, 0x6f,
    0x72, 0x64, 0x65, 0x72, 0x2d, 0x72, 0x61, 0x64, 0x69, 0x75, 0x73, 0x3a,
    0x20, 0x39, 0x39, 0x39, 0x70, 0x78, 0x3b, 0x0a, 0x20, 0x20, 0x63, 0x6f,
    0x6c, 0x6f, 0x72, 0x3a, 0x20, 0x76, 0x61, 0x72, 0x28, 0x2d, 0x2d, 0x6d,
    0x75, 0x74, 0x65, 0x64, 0x29, 0x3b, 0x0a, 0x20, 0x20, 0x62, 0x61, 0x63,
    0x6b, 0x67, 0x72, 0x6f, 0x75, 0x6e, 0x64, 0x3a, 0x20, 0x72, 0x67, 0x62,
    0x61, 0x28, 0x32, 0x35, 0x35, 0x2c, 0x20, 0x32, 0x35, 0x35, 0x2c, 0x20,
    0x32, 0x35, 0x35, 0x2c, 0x20, 0x30, 0x2e, 0x30, 0x32, 0x35, 0x29, 0x3b,
    0x0a, 0x20, 0x20, 0x66, 0x6f, 0x6e, 0x74, 0x2d, 0x73, 0x69, 0x7a, 0x65,
    0x3a, 0x20, 0x30, 0x2e, 0x36, 0x36, 0x72, 0x65, 0x6d, 0x3b, 0x0a, 0x20,
    0x20, 0x66, 0x6f, 0x6e, 0x74, 0x2d, 0x77, 0x65, 0x69, 0x67, 0x68, 0x74,
    0x3a, 0x20, 0x37, 0x30, 0x30, 0x3b, 0x0a, 0x20, 0x20, 0x6c, 0x65, 0x74,
    0x74, 0x65, 0x72, 0x2d, 0x73, 0x70, 0x61, 0x63, 0x69, 0x6e, 0x67, 0x3a,
    0x20, 0x30, 0x2e, 0x30, 0x34, 0x65, 0x6d, 0x3b, 0x0a, 0x20, 0x20, 0x74,
    0x65, 0x78, 0x74, 0x2d, 0x74, 0x72, 0x61, 0x6e, 0x73, 0x66, 0x6f, 0x72,
    0x6d, 0x3a, 0x20, 0x75, 0x70, 0x70, 0x65, 0x72, 0x63, 0x61, 0x73, 0x65,
    0x3b, 0x0a, 0x7d, 0x0a, 0x0a, 0x2e, 0x73, 0x74, 0x61, 0x74, 0x65, 0x2d,
    0x62, 0x61, 0x64, 0x67, 0x65, 0x5b, 0x64, 0x61, 0x74, 0x61, 0x2d, 0x73,
    0x74, 0x61, 0x74, 0x65, 0x3d, 0x22, 0x71, 0x75, 0x65, 0x75, 0x65, 0x64,
    0x22, 0x5d, 0x2c, 0x0a, 0x2e, 0x73, 0x74, 0x61, 0x74, 0x65, 0x2d, 0x62,
    0x61, 0x64, 0x67, 0x65, 0x5b, 0x64, 0x61, 0x74, 0x61, 0x2d, 0x73, 0x74,
    0x61, 0x74, 0x65, 0x3d, 0x22, 0x72, 0x75, 0x6e, 0x6e, 0x69, 0x6e, 0x67,
    0x22, 0x5d, 0x20, 0x7b, 0x0a, 0x20, 0x20, 0x62, 0x6f, 0x72, 0x64, 0x65,
    0x72, 0x2d, 0x63, 0x6f, 0x6c, 0x6f, 0x72, 0x3a, 0x20, 0x72, 0x67, 0x62,
    0x61, 0x28, 0x32, 0x34, 0x34, 0x2c, 0x20, 0x31, 0x39, 0x36, 0x2c, 0x20,
    0x31, 0x30, 0x37, 0x2c, 0x20, 0x30, 0x2e, 0x33, 0x35, 0x29, 0x3b, 0x0a,
    0x20, 0x20, 0x63, 0x6f, 0x6c, 0x6f, 0x72, 0x3a, 0x20, 0x76, 0x61, 0x72,
    0x28, 0x2d, 0x2d, 0x61, 0x6d, 0x62, 0x65, 0x72, 0x29, 0x3b, 0x0a, 0x20,
    0x20, 0x62, 0x61, 0x63, 0x6b, 0x67, 0x72, 0x6f, 0x75, 0x6e, 0x64, 0x3a,
    0x20, 0x72, 0x67, 0x62, 0x61, 0x28, 0x32, 0x34, 0x34, 0x2c, 0x20, 0x31,
    0x39, 0x36, 0x2c, 0x20, 0x31, 0x30, 0x37, 0x2c, 0x20, 0x30, 0x2e, 0x30,
    0x37, 0x35, 0x29, 0x3b, 0x0a, 0x7d, 0x0a, 0x0a, 0x2e, 0x73, 0x74, 0x61,
    0x74, 0x65, 0x2d, 0x62, 0x61, 0x64, 0x67, 0x65, 0x5b, 0x64, 0x61, 0x74,
    0x61, 0x2d, 0x73, 0x74, 0x61, 0x74, 0x65, 0x3d, 0x22, 0x64, 0x6f, 0x6e,
    0x65, 0x22, 0x5d, 0x20, 0x7b, 0x0a, 0x20, 0x20, 0x62, 0x6f, 0x72, 0x64,
    0x65, 0x72, 0x2d, 0x63, 0x6f, 0x6c, 0x6f, 0x72, 0x3a, 0x20, 0x72, 0x67,
    0x62, 0x61, 0x28, 0x31, 0x31, 0x34, 0x2c, 0x20, 0x32, 0x34, 0x32, 0x2c,
    0x20, 0x31, 0x37, 0x37, 0x2c, 0x20, 0x30, 0x2e, 0x33, 0x35, 0x29, 0x3b,
    0x0a, 0x20, 0x20, 0x63, 0x6f, 0x6c, 0x6f, 0x72, 0x3a, 0x20, 0x76, 0x61,
    0x72, 0x28, 0x2d, 0x2d, 0x67, 0x72, 0x65, 0x65, 0x6e, 0x29, 0x3b, 0x0a,
    0x20, 0x20, 0x62, 0x61, 0x63, 0x6b, 0x67, 0x72, 0x6f, 0x75, 0x6e, 0x64,
    0x3a, 0x20, 0x72, 0x67, 0x62, 0x61, 0x28, 0x31, 0x31, 0x34, 0x2c, 0x20,
    0x32, 0x34, 0x32, 0x2c, 0x20, 0x31, 0x37, 0x37, 0x2c, 0x20, 0x30, 0x2e,
    0x30, 0x37, 0x35, 0x29, 0x3b, 0x0a, 0x7d, 0x0a, 0x0a, 0x2e, 0x73, 0x74,
    0x61, 0x74, 0x65, 0x2d, 0x62, 0x61, 0x64, 0x67, 0x65, 0x5b, 0x64, 0x61,
    0x74, 0x61, 0x2d, 0x73, 0x74, 0x61, 0x74, 0x65, 0x3d, 0x22, 0x65, 0x72,
    0x72, 0x6f, 0x72, 0x22, 0x5d, 0x20, 0x7b, 0x0a, 0x20, 0x20, 0x62, 0x6f,
    0x72, 0x64, 0x65, 0x72, 0x2d, 0x63, 0x6f, 0x6c, 0x6f, 0x72, 0x3a, 0x20,
    0x72, 0x67, 0x62, 0x61, 0x28, 0x32, 0x35, 0x35, 0x2c, 0x20, 0x31, 0x32,
    0x35, 0x2c, 0x20, 0x31, 0x32, 0x31, 0x2c, 0x20, 0x30, 0x2e, 0x33, 0x35,
    0x29, 0x3b, 0x0a, 0x20, 0x20, 0x63, 0x6f, 0x6c, 0x6f, 0x72, 0x3a, 0x20,
    0x76, 0x61, 0x72, 0x28, 0x2d, 0x2d, 0x72, 0x65, 0x64, 0x29, 0x3b, 0x0a,
    0x20, 0x20, 0x62, 0x61, 0x63, 0x6b, 0x67, 0x72, 0x6f, 0x75, 0x6e, 0x64,
    0x3a, 0x20, 0x72, 0x67, 0x62, 0x61, 0x28, 0x32, 0x35, 0x35, 0x2c, 0x20,
    0x31, 0x32, 0x35, 0x2c, 0x20, 0x31, 0x32, 0x31, 0x2c, 0x20, 0x30, 0x2e,
    0x30, 0x37, 0x35, 0x29, 0x3b, 0x0a, 0x7d, 0x0a, 0x0a, 0x2e, 0x6d, 0x6f,
    0x64, 0x65, 0x2d, 0x73, 0x77, 0x69, 0x74, 0x63, 0x68, 0x20, 0x7b, 0x0a,
    0x20, 0x20, 0x64, 0x69, 0x73, 0x70, 0x6c, 0x61, 0x79, 0x3a, 0x20, 0x67,
    0x72, 0x69, 0x64, 0x3b, 0x0a, 0x20, 0x20, 0x67, 0x72, 0x69, 0x64, 0x2d,
    0x74, 0x65, 0x6d, 0x70, 0x6c, 0x61, 0x74, 0x65, 0x2d, 0x63, 0x6f, 0x6c,
    0x75, 0x6d, 0x6e, 0x73, 0x3a, 0x20, 0x31, 0x66, 0x72, 0x20, 0x31, 0x66,
    0x72, 0x3b, 0x0a, 0x20, 0x20, 0x67, 0x61, 0x70, 0x3a, 0x20, 0x35, 0x70,
    0x78, 0x3b, 0x0a, 0x20, 0x20, 0x6d, 0x61, 0x72, 0x67, 0x69, 0x6e, 0x3a,
    0x20, 0x30, 0x20, 0x30, 0x20, 0x31, 0x2e, 0x33, 0x35, 0x72, 0x65, 0x6d,
    0x3b, 0x0a, 0x20, 0x20, 0x70, 0x61, 0x64, 0x64, 0x69, 0x6e, 0x67, 0x3a,
    0x20, 0x35, 0x70, 0x78, 0x3b, 0x0a, 0x20, 0x20, 0x62, 0x6f, 0x72, 0x64,
    0x65, 0x72, 0x3a, 0x20, 0x31, 0x70, 0x78, 0x20, 0x73, 0x6f, 0x6c, 0x69,
    0x64, 0x20, 0x76, 0x61, 0x72, 0x28, 0x2d, 0x2d, 0x6c, 0x69, 0x6e, 0x65,
    0x29, 0x3b, 0x0a, 0x20, 0x20, 0x62, 0x6f, 0x72, 0x64, 0x65, 0x72, 0x2d,
    0x72, 0x61, 0x64, 0x69, 0x75, 0x73, 0x3a, 0x20, 0x31, 0x30, 0x70, 0x78,
    0x3b, 0x0a, 0x20, 0x20, 0x62, 0x61, 0x63, 0x6b, 0x67, 0x72, 0x6f, 0x75,
    0x6e, 0x64, 0x3a, 0x20, 0x72, 0x67, 0x62, 0x61, 0x28, 0x30, 0x2c, 0x20,
    0x30, 0x2c, 0x20, 0x30, 0x2c, 0x20, 0x30, 0x2e, 0x31, 0x36, 0x29, 0x3b,
    0x0a, 0x7d, 0x0a, 0x0a, 0x2e, 0x6d, 0x6f, 0x64, 0x65, 0x2d, 0x73, 0x77,
    0x69, 0x74, 0x63, 0x68, 0x20, 0x6c, 0x65, 0x67, 0x65, 0x6e, 0x64, 0x20,
    0x7b, 0x0a, 0x20, 0x20, 0x70, 0x6f, 0x73, 0x69, 0x74, 0x69, 0x6f, 0x6e,
    0x3a, 0x20, 0x61, 0x62, 0x73, 0x6f, 0x6c, 0x75, 0x74, 0x65, 0x3b, 0x0a,
    0x20, 0x20, 0x77, 0x69, 0x64, 0x74, 0x68, 0x3a, 0x20, 0x31, 0x70, 0x78,
    0x3b, 0x0a, 0x20, 0x20, 0x68, 0x65, 0x69, 0x67, 0x68, 0x74, 0x3a, 0x20,
    0x31, 0x70, 0x78, 0x3b, 0x0a, 0x20, 0x20, 0x70, 0x61, 0x64, 0x64, 0x69,
    0x6e, 0x67, 0x3a, 0x20, 0x30, 0x3b, 0x0a, 0x20, 0x20, 0x6f, 0x76, 0x65,
    0x72, 0x66, 0x6c, 0x6f, 0x77, 0x3a, 0x20, 0x68, 0x69, 0x64, 0x64, 0x65,
    0x6e, 0x3b, 0x0a, 0x20, 0x20, 0x63, 0x6c, 0x69, 0x70, 0x3a, 0x20, 0x72,
    0x65, 0x63, 0x74, 0x28, 0x30, 0x20, 0x30, 0x20, 0x30, 0x20, 0x30, 0x29,
    0x3b, 0x0a, 0x20, 0x20, 0x77, 0x68, 0x69, 0x74, 0x65, 0x2d, 0x73, 0x70,
    0x61, 0x63, 0x65, 0x3a, 0x20, 0x6e, 0x6f, 0x77, 0x72, 0x61, 0x70, 0x3b,
    0x0a, 0x20, 0x20, 0x62, 0x6f, 0x72, 0x64, 0x65, 0x72, 0x3a, 0x20, 0x30,
    0x3b, 0x0a, 0x7d, 0x0a, 0x0a, 0x2e, 0x6d, 0x6f, 0x64, 0x65, 0x2d, 0x73,
    0x77, 0x69, 0x74, 0x63, 0x68, 0x20, 0x6c, 0x61, 0x62, 0x65, 0x6c, 0x20,
    0x7b, 0x0a, 0x20, 0x20, 0x70, 0x6f, 0x73, 0x69, 0x74, 0x69, 0x6f, 0x6e,
    0x3a, 0x20, 0x72, 0x65, 0x6c, 0x61, 0x74, 0x69, 0x76, 0x65, 0x3b, 0x0a,
    0x20, 0x20, 0x63, 0x75, 0x72, 0x73, 0x6f, 0x72, 0x3a, 0x20, 0x70, 0x6f,
    0x69, 0x6e, 0x74, 0x65, 0x72, 0x3b, 0x0a, 0x7d, 0x0a, 0x0a, 0x2e, 0x6d,
    0x6f, 0x64, 0x65, 0x2d, 0x73, 0x77, 0x69, 0x74, 0x63, 0x68, 0x20, 0x69,
    0x6e, 0x70, 0x75, 0x74, 0x20, 0x7b, 0x0a, 0x20, 0x20, 0x70, 0x6f, 0x73,
    0x69, 0x74, 0x69, 0x6f, 0x6e, 0x3a, 0x20, 0x61, 0x62, 0x73, 0x6f, 0x6c,
    0x75, 0x74, 0x65, 0x3b, 0x0a, 0x20, 0x20, 0x6f, 0x70, 0x61, 0x63, 0x69,
    0x74, 0x79, 0x3a, 0x20, 0x30, 0x3b, 0x0a, 0x20, 0x20, 0x70, 0x6f, 0x69,
    0x6e, 0x74, 0x65, 0x72, 0x2d, 0x65, 0x76, 0x65, 0x6e, 0x74, 0x73, 0x3a,
    0x20, 0x6e, 0x6f, 0x6e, 0x65, 0x3b, 0x0a, 0x7d, 0x0a, 0x0a, 0x2e, 0x6d,
    0x6f, 0x64, 0x65, 0x2d, 0x73, 0x77, 0x69, 0x74, 0x63, 0x68, 0x20, 0x73,
    0x70, 0x61, 0x6e, 0x20, 0x7b, 0x0a, 0x20, 0x20, 0x64, 0x69, 0x73, 0x70,
    0x6c, 0x61, 0x79, 0x3a, 0x20, 0x66, 0x6c, 0x65, 0x78, 0x3b, 0x0a, 0x20,
    0x20, 0x61, 0x6c, 0x69, 0x67, 0x6e, 0x2d, 0x69, 0x74, 0x65, 0x6d, 0x73,
    0x3a, 0x20, 0x63, 0x65, 0x6e, 0x74, 0x65, 0x72, 0x3b, 0x0a, 0x20, 0x20,
    0x6a, 0x75, 0x73, 0x74, 0x69, 0x66, 0x79, 0x2d, 0x63, 0x6f, 0x6e, 0x74,
    0x65, 0x6e, 0x74, 0x3a, 0x20, 0x63, 0x65, 0x6e, 0x74, 0x65, 0x72, 0x3b,
    0x0a, 0x20, 0x20, 0x6d, 0x69, 0x6e, 0x2d, 0x68, 0x65, 0x69, 0x67, 0x68,
    0x74, 0x3a, 0x20, 0x33, 0x34, 0x70, 0x78, 0x3b, 0x0a, 0x20, 0x20, 0x62,
    0x6f, 0x72, 0x64, 0x65, 0x72, 0x2d, 0x72, 0x61, 0x64, 0x69, 0x75, 0x73,
    0x3a, 0x20, 0x37, 0x70, 0x78, 0x3b, 0x0a, 0x20, 0x20, 0x63, 0x6f, 0x6c,
    0x6f, 0x72, 0x3a, 0x20, 0x76, 0x61, 0x72, 0x28, 0x2d, 0x2d, 0x6d, 0x75,
    0x74, 0x65, 0x64, 0x29, 0x3b, 0x0a, 0x20, 0x20, 0x66, 0x6f, 0x6e, 0x74,
    0x2d, 0x73, 0x69, 0x7a, 0x65, 0x3a, 0x20, 0x30, 0x2e, 0x37, 0x36, 0x72,
    0x65, 0x6d, 0x3b, 0x0a, 0x20, 0x20, 0x66, 0x6f, 0x6e, 0x74, 0x2d, 0x77,
    0x65, 0x69, 0x67, 0x68, 0x74, 0x3a, 0x20, 0x36, 0x38, 0x30, 0x3b, 0x0a,
    0x20, 0x20, 0x74, 0x72, 0x61, 0x6e, 0x73, 0x69, 0x74, 0x69, 0x6f, 0x6e,
    0x3a, 0x20, 0x63, 0x6f, 0x6c, 0x6f, 0x72, 0x20, 0x31, 0x36, 0x30, 0x6d,
    0x73, 0x20, 0x65, 0x61, 0x73, 0x65, 0x2c, 0x20, 0x62, 0x61, 0x63, 0x6b,
    0x67, 0x72, 0x6f, 0x75, 0x6e, 0x64, 0x20, 0x31, 0x36, 0x30, 0x6d, 0x73,
    0x20, 0x65, 0x61, 0x73, 0x65, 0x3b, 0x0a, 0x7d, 0x0a, 0x0a, 0x2e, 0x6d,
    0x6f, 0x64, 0x65, 0x2d, 0x73, 0x77, 0x69, 0x74, 0x63, 0x68, 0x20, 0x69,
    0x6e, 0x70, 0x75, 0x74, 0x3a, 0x63, 0x68, 0x65, 0x63, 0x6b, 0x65, 0x64,
    0x20, 0x2b, 0x20, 0x73, 0x70, 0x61, 0x6e, 0x20, 0x7b, 0x0a, 0x20, 0x20,
    0x63, 0x6f, 0x6c, 0x6f, 0x72, 0x3a, 0x20, 0x76, 0x61, 0x72, 0x28, 0x2d,
    0x2d, 0x74, 0x65, 0x78, 0x74, 0x29, 0x3b, 0x0a, 0x20, 0x20, 0x62, 0x61,
    0x63, 0x6b, 0x67, 0x72, 0x6f, 0x75, 0x6e, 0x64, 0x3a, 0x20, 0x72, 0x67,
    0x62, 0x61, 0x28, 0x31, 0x31, 0x34, 0x2c, 0x20, 0x32, 0x34, 0x32, 0x2c,
    0x20, 0x31, 0x37, 0x37, 0x2c, 0x20, 0x30, 0x2e, 0x31, 0x31, 0x29, 0x3b,
    0x0a, 0x20, 0x20, 0x62, 0x6f, 0x78, 0x2d, 0x73, 0x68, 0x61, 0x64, 0x6f,
    0x77, 0x3a, 0x20, 0x69, 0x6e, 0x73, 0x65, 0x74, 0x20, 0x30, 0x20, 0x30,
    0x20, 0x30, 0x20, 0x31, 0x70, 0x78, 0x20, 0x72, 0x67, 0x62, 0x61, 0x28,
    0x31, 0x31, 0x34, 0x2c, 0x20, 0x32, 0x34, 0x32, 0x2c, 0x20, 0x31, 0x37,
    0x37, 0x2c, 0x20, 0x30, 0x2e, 0x31, 0x38, 0x29, 0x3b, 0x0a, 0x7d, 0x0a,
    0x0a, 0x2e, 0x6d, 0x6f, 0x64, 0x65, 0x2d, 0x73, 0x77, 0x69, 0x74, 0x63,
    0x68, 0x20, 0x69, 0x6e, 0x70, 0x75, 0x74, 0x3a, 0x66, 0x6f, 0x63, 0x75,
    0x73, 0x2d, 0x76, 0x69, 0x73, 0x69, 0x62, 0x6c, 0x65, 0x20, 0x2b, 0x20,
    0x73, 0x70, 0x61, 0x6e, 0x2c, 0x0a, 0x62, 0x75, 0x74, 0x74, 0x6f, 0x6e,
    0x3a, 0x66, 0x6f, 0x63, 0x75, 0x73, 0x2d, 0x76, 0x69, 0x73, 0x69, 0x62,
    0x6c, 0x65, 0x2c, 0x0a, 0x74, 0x65, 0x78, 0x74, 0x61, 0x72, 0x65, 0x61,
    0x3a, 0x66, 0x6f, 0x63, 0x75, 0x73, 0x2d, 0x76, 0x69, 0x73, 0x69, 0x62,
    0x6c, 0x65, 0x2c, 0x0a, 0x69, 0x6e, 0x70, 0x75, 0x74, 0x3a, 0x66, 0x6f,
    0x63, 0x75, 0x73, 0x2d, 0x76, 0x69, 0x73, 0x69, 0x62, 0x6c, 0x65, 0x20,
    0x7b, 0x0a, 0x20, 0x20, 0x6f, 0x75, 0x74, 0x6c, 0x69, 0x6e, 0x65, 0x3a,
    0x20, 0x32, 0x70, 0x78, 0x20, 0x73, 0x6f, 0x6c, 0x69, 0x64, 0x20, 0x76,
    0x61, 0x72, 0x28, 0x2d, 0x2d, 0x67, 0x72, 0x65, 0x65, 0x6e, 0x29, 0x3b,
    0x0a, 0x20, 0x20, 0x6f, 0x75, 0x74, 0x6c, 0x69, 0x6e, 0x65, 0x2d, 0x6f,
    0x66, 0x66, 0x73, 0x65, 0x74, 0x3a, 0x20, 0x32, 0x70, 0x78, 0x3b, 0x0a,
    0x7d, 0x0a, 0x0a, 0x2e, 0x69, 0x6e, 0x70, 0x75, 0x74, 0x2d, 0x70, 0x61,
    0x6e, 0x65, 0x20, 0x3e, 0x20, 0x6c, 0x61, 0x62, 0x65, 0x6c, 0x2c, 0x0a,
    0x2e, 0x67, 0x65, 0x6e, 0x65, 0x72, 0x61, 0x74, 0x69, 0x6f, 0x6e, 0x2d,
    0x73, 0x65, 0x74, 0x74, 0x69, 0x6e, 0x67, 0x73, 0x20, 0x6c, 0x61, 0x62,
    0x65, 0x6c, 0x20, 0x3e, 0x20, 0x73, 0x70, 0x61, 0x6e, 0x20, 0x7b, 0x0a,
    0x20, 0x20, 0x64, 0x69, 0x73, 0x70, 0x6c, 0x61, 0x79, 0x3a, 0x20, 0x62,
    0x6c, 0x6f, 0x63, 0x6b, 0x3b, 0x0a, 0x20, 0x20, 0x6d, 0x61, 0x72, 0x67,
    0x69, 0x6e, 0x2d, 0x62, 0x6f, 0x74, 0x74, 0x6f, 0x6d, 0x3a, 0x20, 0x30,
    0x2e, 0x35, 0x35, 0x72, 0x65, 0x6d, 0x3b, 0x0a, 0x20, 0x20, 0x63, 0x6f,
    0x6c, 0x6f, 0x72, 0x3a, 0x20, 0x23, 0x64, 0x37, 0x65, 0x39, 0x65, 0x32,
    0x3b, 0x0a, 0x20, 0x20, 0x66, 0x6f, 0x6e, 0x74, 0x2d, 0x73, 0x69, 0x7a,
    0x65, 0x3a, 0x20, 0x30, 0x2e, 0x37, 0x38, 0x72, 0x65, 0x6d, 0x3b, 0x0a,
    0x20, 0x20, 0x66, 0x6f, 0x6e, 0x74, 0x2d, 0x77, 0x65, 0x69, 0x67, 0x68,
    0x74, 0x3a, 0x20, 0x36, 0x38, 0x30, 0x3b, 0x0a, 0x7d, 0x0a, 0x0a, 0x74,
    0x65, 0x78, 0x74, 0x61, 0x72, 0x65, 0x61, 0x2c, 0x0a, 0x2e, 0x67, 0x65,
    0x6e, 0x65, 0x72, 0x61, 0x74, 0x69, 0x6f, 0x6e, 0x2d, 0x73, 0x65, 0x74,
    0x74, 0x69, 0x6e, 0x67, 0x73, 0x20, 0x69, 0x6e, 0x70, 0x75, 0x74, 0x20,
    0x7b, 0x0a, 0x20, 0x20, 0x77, 0x69, 0x64, 0x74, 0x68, 0x3a, 0x20, 0x31,
    0x30, 0x30, 0x25, 0x3b, 0x0a, 0x20, 0x20, 0x62, 0x6f, 0x72, 0x64, 0x65,
    0x72, 0x3a, 0x20, 0x31, 0x70, 0x78, 0x20, 0x73, 0x6f, 0x6c, 0x69, 0x64,
    0x20, 0x76, 0x61, 0x72, 0x28, 0x2d, 0x2d, 0x6c, 0x69, 0x6e, 0x65, 0x29,
    0x3b, 0x0a, 0x20, 0x20, 0x62, 0x6f, 0x72, 0x64, 0x65, 0x72, 0x2d, 0x72,
    0x61, 0x64, 0x69, 0x75, 0x73, 0x3a, 0x20, 0x31, 0x30, 0x70, 0x78, 0x3b,
    0x0a, 0x20, 0x20, 0x63, 0x6f, 0x6c, 0x6f, 0x72, 0x3a, 0x20, 0x76, 0x61,
    0x72, 0x28, 0x2d, 0x2d, 0x74, 0x65, 0x78, 0x74, 0x29, 0x3b, 0x0a, 0x20,
    0x20, 0x62, 0x61, 0x63, 0x6b, 0x67, 0x72, 0x6f, 0x75, 0x6e, 0x64, 0x3a,
    0x20, 0x72, 0x67, 0x62, 0x61, 0x28, 0x34, 0x2c, 0x20, 0x31, 0x31, 0x2c,
    0x20, 0x39, 0x2c, 0x20, 0x30, 0x2e, 0x35, 0x38, 0x29, 0x3b, 0x0a, 0x20,
    0x20, 0x74, 0x72, 0x61, 0x6e, 0x73, 0x69, 0x74, 0x69, 0x6f, 0x6e, 0x3a,
    0x20, 0x62, 0x6f, 0x72, 0x64, 0x65, 0x72, 0x2d, 0x63, 0x6f, 0x6c, 0x6f,
    0x72, 0x20, 0x31, 0x36, 0x30, 0x6d, 0x73, 0x20, 0x65, 0x61, 0x73, 0x65,
    0x2c, 0x20, 0x62, 0x6f, 0x78, 0x2d, 0x73, 0x68, 0x61, 0x64, 0x6f, 0x77,
    0x20, 0x31, 0x36, 0x30, 0x6d, 0x73, 0x20, 0x65, 0x61, 0x73, 0x65, 0x3b,
    0x0a, 0x7d, 0x0a, 0x0a, 0x74, 0x65, 0x78, 0x74, 0x61, 0x72, 0x65, 0x61,
    0x20, 0x7b, 0x0a, 0x20, 0x20, 0x64, 0x69, 0x73, 0x70, 0x6c, 0x61, 0x79,
    0x3a, 0x20, 0x62, 0x6c, 0x6f, 0x63, 0x6b, 0x3b, 0x0a, 0x20, 0x20, 0x6d,
    0x69, 0x6e, 0x2d, 0x68, 0x65, 0x69, 0x67, 0x68, 0x74, 0x3a, 0x20, 0x31,
    0x38, 0x34, 0x70, 0x78, 0x3b, 0x0a, 0x20, 0x20, 0x70, 0x61, 0x64, 0x64,
    0x69, 0x6e, 0x67, 0x3a, 0x20, 0x30, 0x2e, 0x39, 0x35, 0x72, 0x65, 0x6d,
    0x20, 0x31, 0x72, 0x65, 0x6d, 0x3b, 0x0a, 0x20, 0x20, 0x72, 0x65, 0x73,
    0x69, 0x7a, 0x65, 0x3a, 0x20, 0x76, 0x65, 0x72, 0x74, 0x69, 0x63, 0x61,
    0x6c, 0x3b, 0x0a, 0x20, 0x20, 0x66, 0x6f, 0x6e, 0x74, 0x2d, 0x66, 0x61,
    0x6d, 0x69, 0x6c, 0x79, 0x3a, 0x20, 0x22, 0x53, 0x46, 0x4d, 0x6f, 0x6e,
    0x6f, 0x2d, 0x52, 0x65, 0x67, 0x75, 0x6c, 0x61, 0x72, 0x22, 0x2c, 0x20,
    0x43, 0x6f, 0x6e, 0x73, 0x6f, 0x6c, 0x61, 0x73, 0x2c, 0x20, 0x22, 0x4c,
    0x69, 0x62, 0x65, 0x72, 0x61, 0x74, 0x69, 0x6f, 0x6e, 0x20, 0x4d, 0x6f,
    0x6e, 0x6f, 0x22, 0x2c, 0x20, 0x6d, 0x6f, 0x6e, 0x6f, 0x73, 0x70, 0x61,
    0x63, 0x65, 0x3b, 0x0a, 0x20, 0x20, 0x66, 0x6f, 0x6e, 0x74, 0x2d, 0x73,
    0x69, 0x7a, 0x65, 0x3a, 0x20, 0x30, 0x2e, 0x38, 0x34, 0x72, 0x65, 0x6d,
    0x3b, 0x0a, 0x20, 0x20, 0x6c, 0x69, 0x6e, 0x65, 0x2d, 0x68, 0x65, 0x69,
    0x67, 0x68, 0x74, 0x3a, 0x20, 0x31, 0x2e, 0x36, 0x32, 0x3b, 0x0a, 0x7d,
    0x0a, 0x0a, 0x74, 0x65, 0x78, 0x74, 0x61, 0x72, 0x65, 0x61, 0x3a, 0x68,
    0x6f, 0x76, 0x65, 0x72, 0x3a, 0x6e, 0x6f, 0x74, 0x28, 0x3a, 0x64, 0x69,
    0x73, 0x61, 0x62, 0x6c, 0x65, 0x64, 0x29, 0x2c, 0x0a, 0x2e, 0x67, 0x65,
    0x6e, 0x65, 0x72, 0x61, 0x74, 0x69, 0x6f, 0x6e, 0x2d, 0x73, 0x65, 0x74,
    0x74, 0x69, 0x6e, 0x67, 0x73, 0x20, 0x69, 0x6e, 0x70, 0x75, 0x74, 0x3a,
    0x68, 0x6f, 0x76, 0x65, 0x72, 0x3a, 0x6e, 0x6f, 0x74, 0x28, 0x3a, 0x64,
    0x69, 0x73, 0x61, 0x62, 0x6c, 0x65, 0x64, 0x29, 0x20, 0x7b, 0x0a, 0x20,
    0x20, 0x62, 0x6f, 0x72, 0x64, 0x65, 0x72, 0x2d, 0x63, 0x6f, 0x6c, 0x6f,
    0x72, 0x3a, 0x20, 0x76, 0x61, 0x72, 0x28, 0x2d, 0x2d, 0x6c, 0x69, 0x6e,
    0x65, 0x2d, 0x73, 0x74, 0x72, 0x6f, 0x6e, 0x67, 0x29, 0x3b, 0x0a, 0x7d,
    0x0a, 0x0a, 0x74, 0x65, 0x78, 0x74, 0x61, 0x72, 0x65, 0x61, 0x3a, 0x64,
    0x69, 0x73, 0x61, 0x62, 0x6c, 0x65, 0x64, 0x2c, 0x0a, 0x69, 0x6e, 0x70,
    0x75, 0x74, 0x3a, 0x64, 0x69, 0x73, 0x61, 0x62, 0x6c, 0x65, 0x64, 0x20,
    0x7b, 0x0a, 0x20, 0x20, 0x6f, 0x70, 0x61, 0x63, 0x69, 0x74, 0x79, 0x3a,
    0x20, 0x30, 0x2e, 0x35, 0x38, 0x3b, 0x0a, 0x20, 0x20, 0x63, 0x75, 0x72,
    0x73, 0x6f, 0x72, 0x3a, 0x20, 0x6e, 0x6f, 0x74, 0x2d, 0x61, 0x6c, 0x6c,
    0x6f, 0x77, 0x65, 0x64, 0x3b, 0x0a, 0x7d, 0x0a, 0x0a, 0x2e, 0x66, 0x69,
    0x65, 0x6c, 0x64, 0x2d, 0x6d, 0x65, 0x74, 0x61, 0x20, 0x7b, 0x0a, 0x20,
    0x20, 0x64, 0x69, 0x73, 0x70, 0x6c, 0x61, 0x79, 0x3a, 0x20, 0x66, 0x6c,
    0x65, 0x78, 0x3b, 0x0a, 0x20, 0x20, 0x6a, 0x75, 0x73, 0x74, 0x69, 0x66,
    0x79, 0x2d, 0x63, 0x6f, 0x6e, 0x74, 0x65, 0x6e, 0x74, 0x3a, 0x20, 0x73,
    0x70, 0x61, 0x63, 0x65, 0x2d, 0x62, 0x65, 0x74, 0x77, 0x65, 0x65, 0x6e,
    0x3b, 0x0a, 0x20, 0x20, 0x67, 0x61, 0x70, 0x3a, 0x20, 0x31, 0x72, 0x65,
    0x6d, 0x3b, 0x0a, 0x20, 0x20, 0x6d, 0x61, 0x72, 0x67, 0x69, 0x6e, 0x3a,
    0x20, 0x30, 0x2e, 0x35, 0x72, 0x65, 0x6d, 0x20, 0x30, 0x20, 0x31, 0x2e,
    0x32, 0x35, 0x72, 0x65, 0x6d, 0x3b, 0x0a, 0x20, 0x20, 0x63, 0x6f, 0x6c,
    0x6f, 0x72, 0x3a, 0x20, 0x76, 0x61, 0x72, 0x28, 0x2d, 0x2d, 0x6d, 0x75,
    0x74, 0x65, 0x64, 0x29, 0x3b, 0x0a, 0x20, 0x20, 0x66, 0x6f, 0x6e, 0x74,
    0x2d, 0x73, 0x69, 0x7a, 0x65, 0x3a, 0x20, 0x30, 0x2e, 0x36, 0x34, 0x72,
    0x65, 0x6d, 0x3b, 0x0a, 0x20, 0x20, 0x6c, 0x69, 0x6e, 0x65, 0x2d, 0x68,
    0x65, 0x69, 0x67, 0x68, 0x74, 0x3a, 0x20, 0x31, 0x2e, 0x34, 0x3b, 0x0a,
    0x7d, 0x0a, 0x0a, 0x2e, 0x66, 0x69, 0x65, 0x6c, 0x64, 0x2d, 0x6d, 0x65,
    0x74, 0x61, 0x20, 0x2e, 0x69, 0x6e, 0x76, 0x61, 0x6c, 0x69, 0x64, 0x20,
    0x7b, 0x0a, 0x20, 0x20, 0x63, 0x6f, 0x6c, 0x6f, 0x72, 0x3a, 0x20, 0x76,
    0x61, 0x72, 0x28, 0x2d, 0x2d, 0x72, 0x65, 0x64, 0x29, 0x3b, 0x0a, 0x7d,
    0x0a, 0x0a, 0x2e, 0x67, 0x65, 0x6e, 0x65, 0x72, 0x61, 0x74, 0x69, 0x6f,
    0x6e, 0x2d, 0x73, 0x65, 0x74, 0x74, 0x69, 0x6e, 0x67, 0x73, 0x20, 0x7b,
    0x0a, 0x20, 0x20, 0x64, 0x69, 0x73, 0x70, 0x6c, 0x61, 0x79, 0x3a, 0x20,
    0x67, 0x72, 0x69, 0x64, 0x3b, 0x0a, 0x20, 0x20, 0x67, 0x72, 0x69, 0x64,
    0x2d, 0x74, 0x65, 0x6d, 0x70, 0x6c, 0x61, 0x74, 0x65, 0x2d, 0x63, 0x6f,
    0x6c, 0x75, 0x6d, 0x6e, 0x73, 0x3a, 0x20, 0x31, 0x66, 0x72, 0x20, 0x39,
    0x34, 0x70, 0x78, 0x3b, 0x0a, 0x20, 0x20, 0x61, 0x6c, 0x69, 0x67, 0x6e,
    0x2d, 0x69, 0x74, 0x65, 0x6d, 0x73, 0x3a, 0x20, 0x63, 0x65, 0x6e, 0x74,
    0x65, 0x72, 0x3b, 0x0a, 0x20, 0x20, 0x67, 0x61, 0x70, 0x3a, 0x20, 0x31,
    0x72, 0x65, 0x6d, 0x3b, 0x0a, 0x20, 0x20, 0x6d, 0x61, 0x72, 0x67, 0x69,
    0x6e, 0x3a, 0x20, 0x30, 0x2e, 0x32, 0x35, 0x72, 0x65, 0x6d, 0x20, 0x30,
    0x20, 0x31, 0x2e, 0x32, 0x72, 0x65, 0x6d, 0x3b, 0x0a, 0x20, 0x20, 0x70,
    0x61, 0x64, 0x64, 0x69, 0x6e, 0x67, 0x3a, 0x20, 0x31, 0x72, 0x65, 0x6d,
    0x3b, 0x0a, 0x20, 0x20, 0x62, 0x6f, 0x72, 0x64, 0x65, 0x72, 0x3a, 0x20,
    0x31, 0x70, 0x78, 0x20, 0x73, 0x6f, 0x6c, 0x69, 0x64, 0x20, 0x76, 0x61,
    0x72, 0x28, 0x2d, 0x2d, 0x6c, 0x69, 0x6e, 0x65, 0x29, 0x3b, 0x0a, 0x20,
    0x20, 0x62, 0x6f, 0x72, 0x64, 0x65, 0x72, 0x2d, 0x72, 0x61, 0x64, 0x69,
    0x75, 0x73, 0x3a, 0x20, 0x31, 0x30, 0x70, 0x78, 0x3b, 0x0a, 0x20, 0x20,
    0x62, 0x61, 0x63, 0x6b, 0x67, 0x72, 0x6f, 0x75, 0x6e, 0x64, 0x3a, 0x20,
    0x72, 0x67, 0x62, 0x61, 0x28, 0x32, 0x35, 0x35, 0x2c, 0x20, 0x32, 0x35,
    0x35, 0x2c, 0x20, 0x32, 0x35, 0x35, 0x2c, 0x20, 0x30, 0x2e, 0x30, 0x31,
    0x38, 0x29, 0x3b, 0x0a, 0x7d, 0x0a, 0x0a, 0x2e, 0x67, 0x65, 0x6e, 0x65,
    0x72, 0x61, 0x74, 0x69, 0x6f, 0x6e, 0x2d, 0x73, 0x65, 0x74, 0x74, 0x69,
    0x6e, 0x67, 0x73, 0x20, 0x6c, 0x61, 0x62, 0x65, 0x6c, 0x20, 0x3e, 0x20,
    0x73, 0x70, 0x61, 0x6e, 0x20, 0x7b, 0x0a, 0x20, 0x20, 0x6d, 0x61, 0x72,
    0x67, 0x69, 0x6e, 0x3a, 0x20, 0x30, 0x3b, 0x0a, 0x7d, 0x0a, 0x0a, 0x2e,
    0x67, 0x65, 0x6e, 0x65, 0x72, 0x61, 0x74, 0x69, 0x6f, 0x6e, 0x2d, 0x73,
    0x65, 0x74, 0x74, 0x69, 0x6e, 0x67, 0x73, 0x20, 0x6c, 0x61, 0x62, 0x65,
    0x6c, 0x20, 0x73, 0x6d, 0x61, 0x6c, 0x6c, 0x20, 0x7b, 0x0a, 0x20, 0x20,
    0x64, 0x69, 0x73, 0x70, 0x6c, 0x61, 0x79, 0x3a, 0x20, 0x62, 0x6c, 0x6f,
    0x63, 0x6b, 0x3b, 0x0a, 0x20, 0x20, 0x6d, 0x61, 0x72, 0x67, 0x69, 0x6e,
    0x2d, 0x74, 0x6f, 0x70, 0x3a, 0x20, 0x30, 0x2e, 0x32, 0x35, 0x72, 0x65,
    0x6d, 0x3b, 0x0a, 0x20, 0x20, 0x63, 0x6f, 0x6c, 0x6f, 0x72, 0x3a, 0x20,
    0x76, 0x61, 0x72, 0x28, 0x2d, 0x2d, 0x6d, 0x75, 0x74, 0x65, 0x64, 0x29,
    0x3b, 0x0a, 0x20, 0x20, 0x66, 0x6f, 0x6e, 0x74, 0x2d, 0x73, 0x69, 0x7a,
    0x65, 0x3a, 0x20, 0x30, 0x2e, 0x36, 0x33, 0x72, 0x65, 0x6d, 0x3b, 0x0a,
    0x20, 0x20, 0x6c, 0x69, 0x6e, 0x65, 0x2d, 0x68, 0x65, 0x69, 0x67, 0x68,
    0x74, 0x3a, 0x20, 0x31, 0x2e, 0x34, 0x3b, 0x0a, 0x7d, 0x0a, 0x0a, 0x2e,
    0x67, 0x65, 0x6e, 0x65, 0x72, 0x61, 0x74, 0x69, 0x6f, 0x6e, 0x2d, 0x73,
    0x65, 0x74, 0x74, 0x69, 0x6e, 0x67, 0x73, 0x20, 0x69, 0x6e, 0x70, 0x75,
    0x74, 0x20, 0x7b, 0x0a, 0x20, 0x20, 0x68, 0x65, 0x69, 0x67, 0x68, 0x74,
    0x3a, 0x20, 0x34, 0x32, 0x70, 0x78, 0x3b, 0x0a, 0x20, 0x20, 0x70, 0x61,
    0x64, 0x64, 0x69, 0x6e, 0x67, 0x3a, 0x20, 0x30, 0x20, 0x30, 0x2e, 0x36,
    0x72, 0x65, 0x6d, 0x3b, 0x0a, 0x20, 0x20, 0x74, 0x65, 0x78, 0x74, 0x2d,
    0x61, 0x6c, 0x69, 0x67, 0x6e, 0x3a, 0x20, 0x63, 0x65, 0x6e, 0x74, 0x65,
    0x72, 0x3b, 0x0a, 0x20, 0x20, 0x66, 0x6f, 0x6e, 0x74, 0x2d, 0x66, 0x61,
    0x6d, 0x69, 0x6c, 0x79, 0x3a, 0x20, 0x22, 0x53, 0x46, 0x4d, 0x6f, 0x6e,
    0x6f, 0x2d, 0x52, 0x65, 0x67, 0x75, 0x6c, 0x61, 0x72, 0x22, 0x2c, 0x20,
    0x43, 0x6f, 0x6e, 0x73, 0x6f, 0x6c, 0x61, 0x73, 0x2c, 0x20, 0x6d, 0x6f,
    0x6e, 0x6f, 0x73, 0x70, 0x61, 0x63, 0x65, 0x3b, 0x0a, 0x20, 0x20, 0x66,
    0x6f, 0x6e, 0x74, 0x2d, 0x77, 0x65, 0x69, 0x67, 0x68, 0x74, 0x3a, 0x20,
    0x37, 0x32, 0x30, 0x3b, 0x0a, 0x7d, 0x0a, 0x0a, 0x2e, 0x66, 0x6f, 0x72,
    0x6d, 0x2d, 0x65, 0x72, 0x72, 0x6f, 0x72, 0x20, 0x7b, 0x0a, 0x20, 0x20,
    0x6d, 0x61, 0x72, 0x67, 0x69, 0x6e, 0x2d, 0x62, 0x6f, 0x74, 0x74, 0x6f,
    0x6d, 0x3a, 0x20, 0x30, 0x2e, 0x39, 0x72, 0x65, 0x6d, 0x3b, 0x0a, 0x20,
    0x20, 0x70, 0x61, 0x64, 0x64, 0x69, 0x6e, 0x67, 0x3a, 0x20, 0x30, 0x2e,
    0x37, 0x32, 0x72, 0x65, 0x6d, 0x20, 0x30, 0x2e, 0x38, 0x72, 0x65, 0x6d,
    0x3b, 0x0a, 0x20, 0x20, 0x62, 0x6f, 0x72, 0x64, 0x65, 0x72, 0x3a, 0x20,
    0x31, 0x70, 0x78, 0x20, 0x73, 0x6f, 0x6c, 0x69, 0x64, 0x20, 0x72, 0x67,
    0x62, 0x61, 0x28, 0x32, 0x35, 0x35, 0x2c, 0x20, 0x31, 0x32, 0x35, 0x2c,
    0x20, 0x31, 0x32, 0x31, 0x2c, 0x20, 0x30, 0x2e, 0x32, 0x38, 0x29, 0x3b,
    0x0a, 0x20, 0x20, 0x62, 0x6f, 0x72, 0x64, 0x65, 0x72, 0x2d, 0x72, 0x61,
    0x64, 0x69, 0x75, 0x73, 0x3a, 0x20, 0x38, 0x70, 0x78, 0x3b, 0x0a, 0x20,
    0x20, 0x63, 0x6f, 0x6c, 0x6f, 0x72, 0x3a, 0x20, 0x23, 0x66, 0x66, 0x63,
    0x31, 0x62, 0x65, 0x3b, 0x0a, 0x20, 0x20, 0x62, 0x61, 0x63, 0x6b, 0x67,
    0x72, 0x6f, 0x75, 0x6e, 0x64, 0x3a, 0x20, 0x72, 0x67, 0x62, 0x61, 0x28,
    0x32, 0x35, 0x35, 0x2c, 0x20, 0x31, 0x32, 0x35, 0x2c, 0x20, 0x31, 0x32,
    0x31, 0x2c, 0x20, 0x30, 0x2e, 0x30, 0x37, 0x35, 0x29, 0x3b, 0x0a, 0x20,
    0x20, 0x66, 0x6f, 0x6e, 0x74, 0x2d, 0x73, 0x69, 0x7a, 0x65, 0x3a, 0x20,
    0x30, 0x2e, 0x37, 0x32, 0x72, 0x65, 0x6d, 0x3b, 0x0a, 0x20, 0x20, 0x6c,
    0x69, 0x6e, 0x65, 0x2d, 0x68, 0x65, 0x69, 0x67, 0x68, 0x74, 0x3a, 0x20,
    0x31, 0x2e, 0x34, 0x35, 0x3b, 0x0a, 0x7d, 0x0a, 0x0a, 0x2e, 0x67, 0x65,
    0x6e, 0x65, 0x72, 0x61, 0x74, 0x65, 0x2d, 0x62, 0x75, 0x74, 0x74, 0x6f,
    0x6e, 0x20, 0x7b, 0x0a, 0x20, 0x20, 0x64, 0x69, 0x73, 0x70, 0x6c, 0x61,
    0x79, 0x3a, 0x20, 0x66, 0x6c, 0x65, 0x78, 0x3b, 0x0a, 0x20, 0x20, 0x61,
    0x6c, 0x69, 0x67, 0x6e, 0x2d, 0x69, 0x74, 0x65, 0x6d, 0x73, 0x3a, 0x20,
    0x63, 0x65, 0x6e, 0x74, 0x65, 0x72, 0x3b, 0x0a, 0x20, 0x20, 0x6a, 0x75,
    0x73, 0x74, 0x69, 0x66, 0x79, 0x2d, 0x63, 0x6f, 0x6e, 0x74, 0x65, 0x6e,
    0x74, 0x3a, 0x20, 0x73, 0x70, 0x61, 0x63, 0x65, 0x2d, 0x62, 0x65, 0x74,
    0x77, 0x65, 0x65, 0x6e, 0x3b, 0x0a, 0x20, 0x20, 0x77, 0x69, 0x64, 0x74,
    0x68, 0x3a, 0x20, 0x31, 0x30, 0x30, 0x25, 0x3b, 0x0a, 0x20, 0x20, 0x6d,
    0x69, 0x6e, 0x2d, 0x68, 0x65, 0x69, 0x67, 0x68, 0x74, 0x3a, 0x20, 0x35,
    0x30, 0x70, 0x78, 0x3b, 0x0a, 0x20, 0x20, 0x70, 0x61, 0x64, 0x64, 0x69,
    0x6e, 0x67, 0x3a, 0x20, 0x30, 0x20, 0x30, 0x2e, 0x37, 0x35, 0x72, 0x65,
    0x6d, 0x20, 0x30, 0x20, 0x31, 0x72, 0x65, 0x6d, 0x3b, 0x0a, 0x20, 0x20,
    0x62, 0x6f, 0x72, 0x64, 0x65, 0x72, 0x3a, 0x20, 0x30, 0x3b, 0x0a, 0x20,
    0x20, 0x62, 0x6f, 0x72, 0x64, 0x65, 0x72, 0x2d, 0x72, 0x61, 0x64, 0x69,
    0x75, 0x73, 0x3a, 0x20, 0x31, 0x30, 0x70, 0x78, 0x3b, 0x0a, 0x20, 0x20,
    0x63, 0x6f, 0x6c, 0x6f, 0x72, 0x3a, 0x20, 0x23, 0x30, 0x34, 0x31, 0x30,
    0x30, 0x62, 0x3b, 0x0a, 0x20, 0x20, 0x62, 0x61, 0x63, 0x6b, 0x67, 0x72,
    0x6f, 0x75, 0x6e, 0x64, 0x3a, 0x20, 0x76, 0x61, 0x72, 0x28, 0x2d, 0x2d,
    0x67, 0x72, 0x65, 0x65, 0x6e, 0x29, 0x3b, 0x0a, 0x20, 0x20, 0x63, 0x75,
    0x72, 0x73, 0x6f, 0x72, 0x3a, 0x20, 0x70, 0x6f, 0x69, 0x6e, 0x74, 0x65,
    0x72, 0x3b, 0x0a, 0x20, 0x20, 0x66, 0x6f, 0x6e, 0x74, 0x2d, 0x73, 0x69,
    0x7a, 0x65, 0x3a, 0x20, 0x30, 0x2e, 0x37, 0x39, 0x72, 0x65, 0x6d, 0x3b,
    0x0a, 0x20, 0x20, 0x66, 0x6f, 0x6e, 0x74, 0x2d, 0x77, 0x65, 0x69, 0x67,
    0x68, 0x74, 0x3a, 0x20, 0x37, 0x39, 0x30, 0x3b, 0x0a, 0x20, 0x20, 0x74,
    0x72, 0x61, 0x6e, 0x73, 0x69, 0x74, 0x69, 0x6f, 0x6e, 0x3a, 0x20, 0x74,
    0x72, 0x61, 0x6e, 0x73, 0x66, 0x6f, 0x72, 0x6d, 0x20, 0x31, 0x36, 0x30,
    0x6d, 0x73, 0x20, 0x65, 0x61, 0x73, 0x65, 0x2c, 0x20, 0x62, 0x6f, 0x78,
    0x2d, 0x73, 0x68, 0x61, 0x64, 0x6f, 0x77, 0x20, 0x31, 0x36, 0x30, 0x6d,
    0x73, 0x20, 0x65, 0x61, 0x73, 0x65, 0x2c, 0x20, 0x6f, 0x70, 0x61, 0x63,
    0x69, 0x74, 0x79, 0x20, 0x31, 0x36, 0x30, 0x6d, 0x73, 0x20, 0x65, 0x61,
    0x73, 0x65, 0x3b, 0x0a, 0x7d, 0x0a, 0x0a, 0x2e, 0x67, 0x65, 0x6e, 0x65,
    0x72, 0x61, 0x74, 0x65, 0x2d, 0x62, 0x75, 0x74, 0x74, 0x6f, 0x6e, 0x3a,
    0x68, 0x6f, 0x76, 0x65, 0x72, 0x3a, 0x6e, 0x6f, 0x74, 0x28, 0x3a, 0x64,
    0x69, 0x73, 0x61, 0x62, 0x6c, 0x65, 0x64, 0x29, 0x20, 0x7b, 0x0a, 0x20,
    0x20, 0x74, 0x72, 0x61, 0x6e, 0x73, 0x66, 0x6f, 0x72, 0x6d, 0x3a, 0x20,
    0x74, 0x72, 0x61, 0x6e, 0x73, 0x6c, 0x61, 0x74, 0x65, 0x59, 0x28, 0x2d,
    0x31, 0x70, 0x78, 0x29, 0x3b, 0x0a, 0x20, 0x20, 0x62, 0x6f, 0x78, 0x2d,
    0x73, 0x68, 0x61, 0x64, 0x6f, 0x77, 0x3a, 0x20, 0x30, 0x20, 0x31, 0x30,
    0x70, 0x78, 0x20, 0x33, 0x32, 0x70, 0x78, 0x20, 0x72, 0x67, 0x62, 0x61,
    0x28, 0x34, 0x39, 0x2c, 0x20, 0x32, 0x31, 0x33, 0x2c, 0x20, 0x31, 0x34,
    0x30, 0x2c, 0x20, 0x30, 0x2e, 0x31, 0x38, 0x29, 0x3b, 0x0a, 0x7d, 0x0a,
    0x0a, 0x2e, 0x67, 0x65, 0x6e, 0x65, 0x72, 0x61, 0x74, 0x65, 0x2d, 0x62,
    0x75, 0x74, 0x74, 0x6f, 0x6e, 0x3a, 0x64, 0x69, 0x73, 0x61, 0x62, 0x6c,
    0x65, 0x64, 0x20, 0x7b, 0x0a, 0x20, 0x20, 0x6f, 0x70, 0x61, 0x63, 0x69,
    0x74, 0x79, 0x3a, 0x20, 0x30, 0x2e, 0x33, 0x35, 0x3b, 0x0a, 0x20, 0x20,
    0x63, 0x75, 0x72, 0x73, 0x6f, 0x72, 0x3a, 0x20, 0x6e, 0x6f, 0x74, 0x2d,
    0x61, 0x6c, 0x6c, 0x6f, 0x77, 0x65, 0x64, 0x3b, 0x0a, 0x7d, 0x0a, 0x0a,
    0x2e, 0x62, 0x75, 0x74, 0x74, 0x6f, 0x6e, 0x2d, 0x61, 0x72, 0x72, 0x6f,
    0x77, 0x20, 0x7b, 0x0a, 0x20, 0x20, 0x64, 0x69, 0x73, 0x70, 0x6c, 0x61,
    0x79, 0x3a, 0x20, 0x67, 0x72, 0x69, 0x64, 0x3b, 0x0a, 0x20, 0x20, 0x70,
    0x6c, 0x61, 0x63, 0x65, 0x2d, 0x69, 0x74, 0x65, 0x6d, 0x73, 0x3a, 0x20,
    0x63, 0x65, 0x6e, 0x74, 0x65, 0x72, 0x3b, 0x0a, 0x20, 0x20, 0x77, 0x69,
    0x64, 0x74, 0x68, 0x3a, 0x20, 0x33, 0x34, 0x70, 0x78, 0x3b, 0x0a, 0x20,
    0x20, 0x68, 0x65, 0x69, 0x67, 0x68, 0x74, 0x3a, 0x20, 0x33, 0x34, 0x70,
    0x78, 0x3b, 0x0a, 0x20, 0x20, 0x62, 0x6f, 0x72, 0x64, 0x65, 0x72, 0x2d,
    0x72, 0x61, 0x64, 0x69, 0x75, 0x73, 0x3a, 0x20, 0x38, 0x70, 0x78, 0x3b,
    0x0a, 0x20, 0x20, 0x62, 0x61, 0x63, 0x6b, 0x67, 0x72, 0x6f, 0x75, 0x6e,
    0x64, 0x3a, 0x20, 0x72, 0x67, 0x62, 0x61, 0x28, 0x34, 0x2c, 0x20, 0x31,
    0x36, 0x2c, 0x20, 0x31, 0x31, 0x2c, 0x20, 0x30, 0x2e, 0x31, 0x31, 0x29,
    0x3b, 0x0a, 0x20, 0x20, 0x66, 0x6f, 0x6e, 0x74, 0x2d, 0x73, 0x69, 0x7a,
    0x65, 0x3a, 0x20, 0x31, 0x2e, 0x31, 0x72, 0x65, 0x6d, 0x3b, 0x0a, 0x7d,
    0x0a, 0x0a, 0x2e, 0x73, 0x75, 0x62, 0x6d, 0x69, 0x74, 0x2d, 0x68, 0x69,
    0x6e, 0x74, 0x20, 0x7b, 0x0a, 0x20, 0x20, 0x6d, 0x61, 0x72, 0x67, 0x69,
    0x6e, 0x3a, 0x20, 0x30, 0x2e, 0x36, 0x72, 0x65, 0x6d, 0x20, 0x30, 0x20,
    0x30, 0x3b, 0x0a, 0x20, 0x20, 0x63, 0x6f, 0x6c, 0x6f, 0x72, 0x3a, 0x20,
    0x76, 0x61, 0x72, 0x28, 0x2d, 0x2d, 0x6d, 0x75, 0x74, 0x65, 0x64, 0x29,
    0x3b, 0x0a, 0x20, 0x20, 0x66, 0x6f, 0x6e, 0x74, 0x2d, 0x73, 0x69, 0x7a,
    0x65, 0x3a, 0x20, 0x30, 0x2e, 0x36, 0x34, 0x72, 0x65, 0x6d, 0x3b, 0x0a,
    0x20, 0x20, 0x74, 0x65, 0x78, 0x74, 0x2d, 0x61, 0x6c, 0x69, 0x67, 0x6e,
    0x3a, 0x20, 0x63, 0x65, 0x6e, 0x74, 0x65, 0x72, 0x3b, 0x0a, 0x7d, 0x0a,
    0x0a, 0x2e, 0x6a, 0x6f, 0x62, 0x2d, 0x73, 0x74, 0x72, 0x69, 0x70, 0x20,
    0x7b, 0x0a, 0x20, 0x20, 0x64, 0x69, 0x73, 0x70, 0x6c, 0x61, 0x79, 0x3a,
    0x20, 0x67, 0x72, 0x69, 0x64, 0x3b, 0x0a, 0x20, 0x20, 0x67, 0x72, 0x69,
    0x64, 0x2d, 0x74, 0x65, 0x6d, 0x70, 0x6c, 0x61, 0x74, 0x65, 0x2d, 0x63,
    0x6f, 0x6c, 0x75, 0x6d, 0x6e, 0x73, 0x3a, 0x20, 0x72, 0x65, 0x70, 0x65,
    0x61, 0x74, 0x28, 0x34, 0x2c, 0x20, 0x6d, 0x69, 0x6e, 0x6d, 0x61, 0x78,
    0x28, 0x30, 0x2c, 0x20, 0x31, 0x66, 0x72, 0x29, 0x29, 0x3b, 0x0a, 0x20,
    0x20, 0x67, 0x61, 0x70, 0x3a, 0x20, 0x31, 0x70, 0x78, 0x3b, 0x0a, 0x20,
    0x20, 0x6f, 0x76, 0x65, 0x72, 0x66, 0x6c, 0x6f, 0x77, 0x3a, 0x20, 0x68,
    0x69, 0x64, 0x64, 0x65, 0x6e, 0x3b, 0x0a, 0x20, 0x20, 0x62, 0x6f, 0x72,
    0x64, 0x65, 0x72, 0x3a, 0x20, 0x31, 0x70, 0x78, 0x20, 0x73, 0x6f, 0x6c,
    0x69, 0x64, 0x20, 0x76, 0x61, 0x72, 0x28, 0x2d, 0x2d, 0x6c, 0x69, 0x6e,
    0x65, 0x29, 0x3b, 0x0a, 0x20, 0x20, 0x62, 0x6f, 0x72, 0x64, 0x65, 0x72,
    0x2d, 0x72, 0x61, 0x64, 0x69, 0x75, 0x73, 0x3a, 0x20, 0x31, 0x30, 0x70,
    0x78, 0x3b, 0x0a, 0x20, 0x20, 0x62, 0x61, 0x63, 0x6b, 0x67, 0x72, 0x6f,
    0x75, 0x6e, 0x64, 0x3a, 0x20, 0x76, 0x61, 0x72, 0x28, 0x2d, 0x2d, 0x6c,
    0x69, 0x6e, 0x65, 0x29, 0x3b, 0x0a, 0x7d, 0x0a, 0x0a, 0x2e, 0x6a, 0x6f,
    0x62, 0x2d, 0x73, 0x74, 0x72, 0x69, 0x70, 0x20, 0x3e, 0x20, 0x64, 0x69,
    0x76, 0x20, 0x7b, 0x0a, 0x20, 0x20, 0x6d, 0x69, 0x6e, 0x2d, 0x77, 0x69,
    0x64, 0x74, 0x68, 0x3a, 0x20, 0x30, 0x3b, 0x0a, 0x20, 0x20, 0x70, 0x61,
    0x64, 0x64, 0x69, 0x6e, 0x67, 0x3a, 0x20, 0x30, 0x2e, 0x38, 0x35, 0x72,
    0x65, 0x6d, 0x3b, 0x0a, 0x20, 0x20, 0x62, 0x61, 0x63, 0x6b, 0x67, 0x72,
    0x6f, 0x75, 0x6e, 0x64, 0x3a, 0x20, 0x72, 0x67, 0x62, 0x61, 0x28, 0x35,
    0x2c, 0x20, 0x31, 0x33, 0x2c, 0x20, 0x31, 0x31, 0x2c, 0x20, 0x30, 0x2e,
    0x37, 0x29, 0x3b, 0x0a, 0x7d, 0x0a, 0x0a, 0x2e, 0x6a, 0x6f, 0x62, 0x2d,
    0x73, 0x74, 0x72, 0x69, 0x70, 0x20, 0x73, 0x70, 0x61, 0x6e, 0x2c, 0x0a,
    0x2e, 0x6a, 0x6f, 0x62, 0x2d, 0x73, 0x74, 0x72, 0x69, 0x70, 0x20, 0x73,
    0x74, 0x72, 0x6f, 0x6e, 0x67, 0x20, 0x7b, 0x0a, 0x20, 0x20, 0x64, 0x69,
    0x73, 0x70, 0x6c, 0x61, 0x79, 0x3a, 0x20, 0x62, 0x6c, 0x6f, 0x63, 0x6b,
    0x3b, 0x0a, 0x20, 0x20, 0x6f, 0x76, 0x65, 0x72, 0x66, 0x6c, 0x6f, 0x77,
    0x3a, 0x20, 0x68, 0x69, 0x64, 0x64, 0x65, 0x6e, 0x3b, 0x0a, 0x20, 0x20,
    0x74, 0x65, 0x78, 0x74, 0x2d, 0x6f, 0x76, 0x65, 0x72, 0x66, 0x6c, 0x6f,
    0x77, 0x3a, 0x20, 0x65, 0x6c, 0x6c, 0x69, 0x70, 0x73, 0x69, 0x73, 0x3b,
    0x0a, 0x20, 0x20, 0x77, 0x68, 0x69, 0x74, 0x65, 0x2d, 0x73, 0x70, 0x61,
    0x63, 0x65, 0x3a, 0x20, 0x6e, 0x6f, 0x77, 0x72, 0x61, 0x70, 0x3b, 0x0a,
    0x7d, 0x0a, 0x0a, 0x2e, 0x6a, 0x6f, 0x62, 0x2d, 0x73, 0x74, 0x72, 0x69,
    0x70, 0x20, 0x73, 0x70, 0x61, 0x6e, 0x20, 0x7b, 0x0a, 0x20, 0x20, 0x6d,
    0x61, 0x72, 0x67, 0x69, 0x6e, 0x2d, 0x62, 0x6f, 0x74, 0x74, 0x6f, 0x6d,
    0x3a, 0x20, 0x30, 0x2e, 0x33, 0x35, 0x72, 0x65, 0x6d, 0x3b, 0x0a, 0x20,
    0x20, 0x63, 0x6f, 0x6c, 0x6f, 0x72, 0x3a, 0x20, 0x76, 0x61, 0x72, 0x28,
    0x2d, 0x2d, 0x6d, 0x75, 0x74, 0x65, 0x64, 0x29, 0x3b, 0x0a, 0x20, 0x20,
    0x66, 0x6f, 0x6e, 0x74, 0x2d, 0x73, 0x69, 0x7a, 0x65, 0x3a, 0x20, 0x30,
    0x2e, 0x36, 0x72, 0x65, 0x6d, 0x3b, 0x0a, 0x20, 0x20, 0x6c, 0x65, 0x74,
    0x74, 0x65, 0x72, 0x2d, 0x73, 0x70, 0x61, 0x63, 0x69, 0x6e, 0x67, 0x3a,
    0x20, 0x30, 0x2e, 0x30, 0x36, 0x65, 0x6d, 0x3b, 0x0a, 0x20, 0x20, 0x74,
    0x65, 0x78, 0x74, 0x2d, 0x74, 0x72, 0x61, 0x6e, 0x73, 0x66, 0x6f, 0x72,
    0x6d, 0x3a, 0x20, 0x75, 0x70, 0x70, 0x65, 0x72, 0x63, 0x61, 0x73, 0x65,
    0x3b, 0x0a, 0x7d, 0x0a, 0x0a, 0x2e, 0x6a, 0x6f, 0x62, 0x2d, 0x73, 0x74,
    0x72, 0x69, 0x70, 0x20, 0x73, 0x74, 0x72, 0x6f, 0x6e, 0x67, 0x20, 0x7b,
    0x0a, 0x20, 0x20, 0x66, 0x6f, 0x6e, 0x74, 0x2d, 0x66, 0x61, 0x6d, 0x69,
    0x6c, 0x79, 0x3a, 0x20, 0x22, 0x53, 0x46, 0x4d, 0x6f, 0x6e, 0x6f, 0x2d,
    0x52, 0x65, 0x67, 0x75, 0x6c, 0x61, 0x72, 0x22, 0x2c, 0x20, 0x43, 0x6f,
    0x6e, 0x73, 0x6f, 0x6c, 0x61, 0x73, 0x2c, 0x20, 0x6d, 0x6f, 0x6e, 0x6f,
    0x73, 0x70, 0x61, 0x63, 0x65, 0x3b, 0x0a, 0x20, 0x20, 0x66, 0x6f, 0x6e,
    0x74, 0x2d, 0x73, 0x69, 0x7a, 0x65, 0x3a, 0x20, 0x30, 0x2e, 0x37, 0x36,
    0x72, 0x65, 0x6d, 0x3b, 0x0a, 0x20, 0x20, 0x66, 0x6f, 0x6e, 0x74, 0x2d,
    0x77, 0x65, 0x69, 0x67, 0x68, 0x74, 0x3a, 0x20, 0x36, 0x35, 0x30, 0x3b,
    0x0a, 0x7d, 0x0a, 0x0a, 0x2e, 0x70, 0x72, 0x6f, 0x67, 0x72, 0x65, 0x73,
    0x73, 0x2d, 0x74, 0x72, 0x61, 0x63, 0x6b, 0x20, 0x7b, 0x0a, 0x20, 0x20,
    0x68, 0x65, 0x69, 0x67, 0x68, 0x74, 0x3a, 0x20, 0x33, 0x70, 0x78, 0x3b,
    0x0a, 0x20, 0x20, 0x6d, 0x61, 0x72, 0x67, 0x69, 0x6e, 0x3a, 0x20, 0x31,
    0x72, 0x65, 0x6d, 0x20, 0x30, 0x20, 0x31, 0x2e, 0x33, 0x35, 0x72, 0x65,
    0x6d, 0x3b, 0x0a, 0x20, 0x20, 0x6f, 0x76, 0x65, 0x72, 0x66, 0x6c, 0x6f,
    0x77, 0x3a, 0x20, 0x68, 0x69, 0x64, 0x64, 0x65, 0x6e, 0x3b, 0x0a, 0x20,
    0x20, 0x62, 0x6f, 0x72, 0x64, 0x65, 0x72, 0x2d, 0x72, 0x61, 0x64, 0x69,
    0x75, 0x73, 0x3a, 0x20, 0x39, 0x39, 0x39, 0x70, 0x78, 0x3b, 0x0a, 0x20,
    0x20, 0x62, 0x61, 0x63, 0x6b, 0x67, 0x72, 0x6f, 0x75, 0x6e, 0x64, 0x3a,
    0x20, 0x72, 0x67, 0x62, 0x61, 0x28, 0x32, 0x35, 0x35, 0x2c, 0x20, 0x32,
    0x35, 0x35, 0x2c, 0x20, 0x32, 0x35, 0x35, 0x2c, 0x20, 0x30, 0x2e, 0x30,
    0x36, 0x29, 0x3b, 0x0a, 0x7d, 0x0a, 0x0a, 0x2e, 0x70, 0x72, 0x6f, 0x67,
    0x72, 0x65, 0x73, 0x73, 0x2d, 0x74, 0x72, 0x61, 0x63, 0x6b, 0x20, 0x73,
    0x70, 0x61, 0x6e, 0x20, 0x7b, 0x0a, 0x20, 0x20, 0x64, 0x69, 0x73, 0x70,
    0x6c, 0x61, 0x79, 0x3a, 0x20, 0x62, 0x6c, 0x6f, 0x63, 0x6b, 0x3b, 0x0a,
    0x20, 0x20, 0x77, 0x69, 0x64, 0x74, 0x68, 0x3a, 0x20, 0x30, 0x3b, 0x0a,
    0x20, 0x20, 0x68, 0x65, 0x69, 0x67, 0x68, 0x74, 0x3a, 0x20, 0x31, 0x30,
    0x30, 0x25, 0x3b, 0x0a, 0x20, 0x20, 0x62, 0x6f, 0x72, 0x64, 0x65, 0x72,
    0x2d, 0x72, 0x61, 0x64, 0x69, 0x75, 0x73, 0x3a, 0x20, 0x69, 0x6e, 0x68,
    0x65, 0x72, 0x69, 0x74, 0x3b, 0x0a, 0x20, 0x20, 0x62, 0x61, 0x63, 0x6b,
    0x67, 0x72, 0x6f, 0x75, 0x6e, 0x64, 0x3a, 0x20, 0x6c, 0x69, 0x6e, 0x65,
    0x61, 0x72, 0x2d, 0x67, 0x72, 0x61, 0x64, 0x69, 0x65, 0x6e, 0x74, 0x28,
    0x39, 0x30, 0x64, 0x65, 0x67, 0x2c, 0x20, 0x76, 0x61, 0x72, 0x28, 0x2d,
    0x2d, 0x67, 0x72, 0x65, 0x65, 0x6e, 0x2d, 0x73, 0x74, 0x72, 0x6f, 0x6e,
    0x67, 0x29, 0x2c, 0x20, 0x76, 0x61, 0x72, 0x28, 0x2d, 0x2d, 0x67, 0x72,
    0x65, 0x65, 0x6e, 0x29, 0x29, 0x3b, 0x0a, 0x20, 0x20, 0x62, 0x6f, 0x78,
    0x2d, 0x73, 0x68, 0x61, 0x64, 0x6f, 0x77, 0x3a, 0x20, 0x30, 0x20, 0x30,
    0x20, 0x31, 0x34, 0x70, 0x78, 0x20, 0x72, 0x67, 0x62, 0x61, 0x28, 0x31,
    0x31, 0x34, 0x2c, 0x20, 0x32, 0x34, 0x32, 0x2c, 0x20, 0x31, 0x37, 0x37,
    0x2c, 0x20, 0x30, 0x2e, 0x35, 0x29, 0x3b, 0x0a, 0x20, 0x20, 0x74, 0x72,
    0x61, 0x6e, 0x73, 0x69, 0x74, 0x69, 0x6f, 0x6e, 0x3a, 0x20, 0x77, 0x69,
    0x64, 0x74, 0x68, 0x20, 0x33, 0x30, 0x30, 0x6d, 0x73, 0x20, 0x65, 0x61,
    0x73, 0x65, 0x3b, 0x0a, 0x7d, 0x0a, 0x0a, 0x2e, 0x6f, 0x75, 0x74, 0x70,
    0x75, 0x74, 0x2d, 0x62, 0x6c, 0x6f, 0x63, 0x6b, 0x2c, 0x0a, 0x2e, 0x74,
    0x6f, 0x6b, 0x65, 0x6e, 0x2d, 0x62, 0x6c, 0x6f, 0x63, 0x6b, 0x20, 0x7b,
    0x0a, 0x20, 0x20, 0x6d, 0x61, 0x72, 0x67, 0x69, 0x6e, 0x2d, 0x74, 0x6f,
    0x70, 0x3a, 0x20, 0x31, 0x2e, 0x31, 0x72, 0x65, 0x6d, 0x3b, 0x0a, 0x7d,
    0x0a, 0x0a, 0x2e, 0x6f, 0x75, 0x74, 0x70, 0x75, 0x74, 0x2d, 0x6c, 0x61,
    0x62, 0x65, 0x6c, 0x20, 0x7b, 0x0a, 0x20, 0x20, 0x64, 0x69, 0x73, 0x70,
    0x6c, 0x61, 0x79, 0x3a, 0x20, 0x66, 0x6c, 0x65, 0x78, 0x3b, 0x0a, 0x20,
    0x20, 0x61, 0x6c, 0x69, 0x67, 0x6e, 0x2d, 0x69, 0x74, 0x65, 0x6d, 0x73,
    0x3a, 0x20, 0x63, 0x65, 0x6e, 0x74, 0x65, 0x72, 0x3b, 0x0a, 0x20, 0x20,
    0x6a, 0x75, 0x73, 0x74, 0x69, 0x66, 0x79, 0x2d, 0x63, 0x6f, 0x6e, 0x74,
    0x65, 0x6e, 0x74, 0x3a, 0x20, 0x73, 0x70, 0x61, 0x63, 0x65, 0x2d, 0x62,
    0x65, 0x74, 0x77, 0x65, 0x65, 0x6e, 0x3b, 0x0a, 0x20, 0x20, 0x67, 0x61,
    0x70, 0x3a, 0x20, 0x31, 0x72, 0x65, 0x6d, 0x3b, 0x0a, 0x20, 0x20, 0x6d,
    0x61, 0x72, 0x67, 0x69, 0x6e, 0x2d, 0x62, 0x6f, 0x74, 0x74, 0x6f, 0x6d,
    0x3a, 0x20, 0x30, 0x2e, 0x35, 0x35, 0x72, 0x65, 0x6d, 0x3b, 0x0a, 0x20,
    0x20, 0x63, 0x6f, 0x6c, 0x6f, 0x72, 0x3a, 0x20, 0x76, 0x61, 0x72, 0x28,
    0x2d, 0x2d, 0x6d, 0x75, 0x74, 0x65, 0x64, 0x29, 0x3b, 0x0a, 0x20, 0x20,
    0x66, 0x6f, 0x6e, 0x74, 0x2d, 0x73, 0x69, 0x7a, 0x65, 0x3a, 0x20, 0x30,
    0x2e, 0x36, 0x35, 0x72, 0x65, 0x6d, 0x3b, 0x0a, 0x20, 0x20, 0x66, 0x6f,
    0x6e, 0x74, 0x2d, 0x77, 0x65, 0x69, 0x67, 0x68, 0x74, 0x3a, 0x20, 0x36,
    0x38, 0x30, 0x3b, 0x0a, 0x20, 0x20, 0x6c, 0x65, 0x74, 0x74, 0x65, 0x72,
    0x2d, 0x73, 0x70, 0x61, 0x63, 0x69, 0x6e, 0x67, 0x3a, 0x20, 0x30, 0x2e,
    0x30, 0x35, 0x35, 0x65, 0x6d, 0x3b, 0x0a, 0x20, 0x20, 0x74, 0x65, 0x78,
    0x74, 0x2d, 0x74, 0x72, 0x61, 0x6e, 0x73, 0x66, 0x6f, 0x72, 0x6d, 0x3a,
    0x20, 0x75, 0x70, 0x70, 0x65, 0x72, 0x63, 0x61, 0x73, 0x65, 0x3b, 0x0a,
    0x7d, 0x0a, 0x0a, 0x2e, 0x6f, 0x75, 0x74, 0x70, 0x75, 0x74, 0x2d, 0x74,
    0x65, 0x78, 0x74, 0x20, 0x7b, 0x0a, 0x20, 0x20, 0x6d, 0x69, 0x6e, 0x2d,
    0x68, 0x65, 0x69, 0x67, 0x68, 0x74, 0x3a, 0x20, 0x31, 0x35, 0x34, 0x70,
    0x78, 0x3b, 0x0a, 0x20, 0x20, 0x6d, 0x61, 0x78, 0x2d, 0x68, 0x65, 0x69,
    0x67, 0x68, 0x74, 0x3a, 0x20, 0x32, 0x35, 0x30, 0x70, 0x78, 0x3b, 0x0a,
    0x20, 0x20, 0x6d, 0x61, 0x72, 0x67, 0x69, 0x6e, 0x3a, 0x20, 0x30, 0x3b,
    0x0a, 0x20, 0x20, 0x70, 0x61, 0x64, 0x64, 0x69, 0x6e, 0x67, 0x3a, 0x20,
    0x31, 0x72, 0x65, 0x6d, 0x3b, 0x0a, 0x20, 0x20, 0x6f, 0x76, 0x65, 0x72,
    0x66, 0x6c, 0x6f, 0x77, 0x3a, 0x20, 0x61, 0x75, 0x74, 0x6f, 0x3b, 0x0a,
    0x20, 0x20, 0x62, 0x6f, 0x72, 0x64, 0x65, 0x72, 0x3a, 0x20, 0x31, 0x70,
    0x78, 0x20, 0x73, 0x6f, 0x6c, 0x69, 0x64, 0x20, 0x76, 0x61, 0x72, 0x28,
    0x2d, 0x2d, 0x6c, 0x69, 0x6e, 0x65, 0x29, 0x3b, 0x0a, 0x20, 0x20, 0x62,
    0x6f, 0x72, 0x64, 0x65, 0x72, 0x2d, 0x72, 0x61, 0x64, 0x69, 0x75, 0x73,
    0x3a, 0x20, 0x31, 0x30, 0x70, 0x78, 0x3b, 0x0a, 0x20, 0x20, 0x63, 0x6f,
    0x6c, 0x6f, 0x72, 0x3a, 0x20, 0x23, 0x66, 0x32, 0x66, 0x66, 0x66, 0x39,
    0x3b, 0x0a, 0x20, 0x20, 0x62, 0x61, 0x63, 0x6b, 0x67, 0x72, 0x6f, 0x75,
    0x6e, 0x64, 0x3a, 0x20, 0x72, 0x67, 0x62, 0x61, 0x28, 0x33, 0x2c, 0x20,
    0x39, 0x2c, 0x20, 0x38, 0x2c, 0x20, 0x30, 0x2e, 0x37, 0x29, 0x3b, 0x0a,
    0x20, 0x20, 0x66, 0x6f, 0x6e, 0x74, 0x2d, 0x66, 0x61, 0x6d, 0x69, 0x6c,
    0x79, 0x3a, 0x20, 0x22, 0x53, 0x46, 0x4d, 0x6f, 0x6e, 0x6f, 0x2d, 0x52,
    0x65, 0x67, 0x75, 0x6c, 0x61, 0x72, 0x22, 0x2c, 0x20, 0x43, 0x6f, 0x6e,
    0x73, 0x6f, 0x6c, 0x61, 0x73, 0x2c, 0x20, 0x22, 0x4c, 0x69, 0x62, 0x65,
    0x72, 0x61, 0x74, 0x69, 0x6f, 0x6e, 0x20, 0x4d, 0x6f, 0x6e, 0x6f, 0x22,
    0x2c, 0x20, 0x6d, 0x6f, 0x6e, 0x6f, 0x73, 0x70, 0x61, 0x63, 0x65, 0x3b,
    0x0a, 0x20, 0x20, 0x66, 0x6f, 0x6e, 0x74, 0x2d, 0x73, 0x69, 0x7a, 0x65,
    0x3a, 0x20, 0x30, 0x2e, 0x38, 0x34, 0x72, 0x65, 0x6d, 0x3b, 0x0a, 0x20,
    0x20, 0x6c, 0x69, 0x6e, 0x65, 0x2d, 0x68, 0x65, 0x69, 0x67, 0x68, 0x74,
    0x3a, 0x20, 0x31, 0x2e, 0x36, 0x35, 0x3b, 0x0a, 0x20, 0x20, 0x77, 0x68,
    0x69, 0x74, 0x65, 0x2d, 0x73, 0x70, 0x61, 0x63, 0x65, 0x3a, 0x20, 0x70,
    0x72, 0x65, 0x2d, 0x77, 0x72, 0x61, 0x70, 0x3b, 0x0a, 0x20, 0x20, 0x6f,
    0x76, 0x65, 0x72, 0x66, 0x6c, 0x6f, 0x77, 0x2d, 0x77, 0x72, 0x61, 0x70,
    0x3a, 0x20, 0x61, 0x6e, 0x79, 0x77, 0x68, 0x65, 0x72, 0x65, 0x3b, 0x0a,
    0x7d, 0x0a, 0x0a, 0x2e, 0x70, 0x6c, 0x61, 0x63, 0x65, 0x68, 0x6f, 0x6c,
    0x64, 0x65, 0x72, 0x20, 0x7b, 0x0a, 0x20, 0x20, 0x63, 0x6f, 0x6c, 0x6f,
    0x72, 0x3a, 0x20, 0x23, 0x35, 0x66, 0x37, 0x35, 0x36, 0x64, 0x3b, 0x0a,
    0x7d, 0x0a, 0x0a, 0x2e, 0x74, 0x6f, 0x6b, 0x65, 0x6e, 0x2d, 0x74, 0x61,
    0x62, 0x6c, 0x65, 0x2d, 0x77, 0x72, 0x61, 0x70, 0x20, 0x7b, 0x0a, 0x20,
    0x20, 0x6d, 0x61, 0x78, 0x2d, 0x68, 0x65, 0x69, 0x67, 0x68, 0x74, 0x3a,
    0x20, 0x32, 0x31, 0x35, 0x70, 0x78, 0x3b, 0x0a, 0x20, 0x20, 0x6f, 0x76,
    0x65, 0x72, 0x66, 0x6c, 0x6f, 0x77, 0x3a, 0x20, 0x61, 0x75, 0x74, 0x6f,
    0x3b, 0x0a, 0x20, 0x20, 0x62, 0x6f, 0x72, 0x64, 0x65, 0x72, 0x3a, 0x20,
    0x31, 0x70, 0x78, 0x20, 0x73, 0x6f, 0x6c, 0x69, 0x64, 0x20, 0x76, 0x61,
    0x72, 0x28, 0x2d, 0x2d, 0x6c, 0x69, 0x6e, 0x65, 0x29, 0x3b, 0x0a, 0x20,
    0x20, 0x62, 0x6f, 0x72, 0x64, 0x65, 0x72, 0x2d, 0x72, 0x61, 0x64, 0x69,
    0x75, 0x73, 0x3a, 0x20, 0x31, 0x30, 0x70, 0x78, 0x3b, 0x0a, 0x7d, 0x0a,
    0x0a, 0x2e, 0x74, 0x6f, 0x6b, 0x65, 0x6e, 0x2d, 0x74, 0x61, 0x62, 0x6c,
    0x65, 0x20, 0x7b, 0x0a, 0x20, 0x20, 0x77, 0x69, 0x64, 0x74, 0x68, 0x3a,
    0x20, 0x31, 0x30, 0x30, 0x25, 0x3b, 0x0a, 0x20, 0x20, 0x62, 0x6f, 0x72,
    0x64, 0x65, 0x72, 0x2d, 0x63, 0x6f, 0x6c, 0x6c, 0x61, 0x70, 0x73, 0x65,
    0x3a, 0x20, 0x63, 0x6f, 0x6c, 0x6c, 0x61, 0x70, 0x73, 0x65, 0x3b, 0x0a,
    0x20, 0x20, 0x66, 0x6f, 0x6e, 0x74, 0x2d, 0x66, 0x61, 0x6d, 0x69, 0x6c,
    0x79, 0x3a, 0x20, 0x22, 0x53, 0x46, 0x4d, 0x6f, 0x6e, 0x6f, 0x2d, 0x52,
    0x65, 0x67, 0x75, 0x6c, 0x61, 0x72, 0x22, 0x2c, 0x20, 0x43, 0x6f, 0x6e,
    0x73, 0x6f, 0x6c, 0x61, 0x73, 0x2c, 0x20, 0x6d, 0x6f, 0x6e, 0x6f, 0x73,
    0x70, 0x61, 0x63, 0x65, 0x3b, 0x0a, 0x20, 0x20, 0x66, 0x6f, 0x6e, 0x74,
    0x2d, 0x73, 0x69, 0x7a, 0x65, 0x3a, 0x20, 0x30, 0x2e, 0x37, 0x72, 0x65,
    0x6d, 0x3b, 0x0a, 0x20, 0x20, 0x66, 0x6f, 0x6e, 0x74, 0x2d, 0x76, 0x61,
    0x72, 0x69, 0x61, 0x6e, 0x74, 0x2d, 0x6e, 0x75, 0x6d, 0x65, 0x72, 0x69,
    0x63, 0x3a, 0x20, 0x74, 0x61, 0x62, 0x75, 0x6c, 0x61, 0x72, 0x2d, 0x6e,
    0x75, 0x6d, 0x73, 0x3b, 0x0a, 0x7d, 0x0a, 0x0a, 0x2e, 0x74, 0x6f, 0x6b,
    0x65, 0x6e, 0x2d, 0x74, 0x61, 0x62, 0x6c, 0x65, 0x20, 0x74, 0x68, 0x2c,
    0x0a, 0x2e, 0x74, 0x6f, 0x6b, 0x65, 0x6e, 0x2d, 0x74, 0x61, 0x62, 0x6c,
    0x65, 0x20, 0x74, 0x64, 0x20, 0x7b, 0x0a, 0x20, 0x20, 0x70, 0x61, 0x64,
    0x64, 0x69, 0x6e, 0x67, 0x3a, 0x20, 0x30, 0x2e, 0x36, 0x35, 0x72, 0x65,
    0x6d, 0x20, 0x30, 0x2e, 0x38, 0x72, 0x65, 0x6d, 0x3b, 0x0a, 0x20, 0x20,
    0x62, 0x6f, 0x72, 0x64, 0x65, 0x72, 0x2d, 0x62, 0x6f, 0x74, 0x74, 0x6f,
    0x6d, 0x3a, 0x20, 0x31, 0x70, 0x78, 0x20, 0x73, 0x6f, 0x6c, 0x69, 0x64,
    0x20, 0x72, 0x67, 0x62, 0x61, 0x28, 0x31, 0x39, 0x32, 0x2c, 0x20, 0x32,
    0x33, 0x35, 0x2c, 0x20, 0x32, 0x31, 0x38, 0x2c, 0x20, 0x30, 0x2e, 0x30,
    0x38, 0x29, 0x3b, 0x0a, 0x20, 0x20, 0x74, 0x65, 0x78, 0x74, 0x2d, 0x61,
    0x6c, 0x69, 0x67, 0x6e, 0x3a, 0x20, 0x72, 0x69, 0x67, 0x68, 0x74, 0x3b,
    0x0a, 0x7d, 0x0a, 0x0a, 0x2e, 0x74, 0x6f, 0x6b, 0x65, 0x6e, 0x2d, 0x74,
    0x61, 0x62, 0x6c, 0x65, 0x20, 0x74, 0x68, 0x3a, 0x66, 0x69, 0x72, 0x73,
    0x74, 0x2d, 0x63, 0x68, 0x69, 0x6c, 0x64, 0x2c, 0x0a, 0x2e, 0x74, 0x6f,
    0x6b, 0x65, 0x6e, 0x2d, 0x74, 0x61, 0x62, 0x6c, 0x65, 0x20, 0x74, 0x64,
    0x3a, 0x66, 0x69, 0x72, 0x73, 0x74, 0x2d, 0x63, 0x68, 0x69, 0x6c, 0x64,
    0x20, 0x7b, 0x0a, 0x20, 0x20, 0x77, 0x69, 0x64, 0x74, 0x68, 0x3a, 0x20,
    0x31, 0x38, 0x25, 0x3b, 0x0a, 0x20, 0x20, 0x63, 0x6f, 0x6c, 0x6f, 0x72,
    0x3a, 0x20, 0x76, 0x61, 0x72, 0x28, 0x2d, 0x2d, 0x6d, 0x75, 0x74, 0x65,
    0x64, 0x29, 0x3b, 0x0a, 0x20, 0x20, 0x74, 0x65, 0x78, 0x74, 0x2d, 0x61,
    0x6c, 0x69, 0x67, 0x6e, 0x3a, 0x20, 0x6c, 0x65, 0x66, 0x74, 0x3b, 0x0a,
    0x7d, 0x0a, 0x0a, 0x2e, 0x74, 0x6f, 0x6b, 0x65, 0x6e, 0x2d, 0x74, 0x61,
    0x62, 0x6c, 0x65, 0x20, 0x74, 0x68, 0x20, 0x7b, 0x0a, 0x20, 0x20, 0x70,
    0x6f, 0x73, 0x69, 0x74, 0x69, 0x6f, 0x6e, 0x3a, 0x20, 0x73, 0x74, 0x69,
    0x63, 0x6b, 0x79, 0x3b, 0x0a, 0x20, 0x20, 0x74, 0x6f, 0x70, 0x3a, 0x20,
    0x30, 0x3b, 0x0a, 0x20, 0x20, 0x63, 0x6f, 0x6c, 0x6f, 0x72, 0x3a, 0x20,
    0x76, 0x61, 0x72, 0x28, 0x2d, 0x2d, 0x6d, 0x75, 0x74, 0x65, 0x64, 0x29,
    0x3b, 0x0a, 0x20, 0x20, 0x62, 0x61, 0x63, 0x6b, 0x67, 0x72, 0x6f, 0x75,
    0x6e, 0x64, 0x3a, 0x20, 0x23, 0x30, 0x62, 0x31, 0x36, 0x31, 0x33, 0x3b,
    0x0a, 0x20, 0x20, 0x66, 0x6f, 0x6e, 0x74, 0x2d, 0x73, 0x69, 0x7a, 0x65,
    0x3a, 0x20, 0x30, 0x2e, 0x35, 0x38, 0x72, 0x65, 0x6d, 0x3b, 0x0a, 0x20,
    0x20, 0x66, 0x6f, 0x6e, 0x74, 0x2d, 0x77, 0x65, 0x69, 0x67, 0x68, 0x74,
    0x3a, 0x20, 0x37, 0x30, 0x30, 0x3b, 0x0a, 0x20, 0x20, 0x6c, 0x65, 0x74,
    0x74, 0x65, 0x72, 0x2d, 0x73, 0x70, 0x61, 0x63, 0x69, 0x6e, 0x67, 0x3a,
    0x20, 0x30, 0x2e, 0x30, 0x36, 0x65, 0x6d, 0x3b, 0x0a, 0x20, 0x20, 0x74,
    0x65, 0x78, 0x74, 0x2d, 0x74, 0x72, 0x61, 0x6e, 0x73, 0x66, 0x6f, 0x72,
    0x6d, 0x3a, 0x20, 0x75, 0x70, 0x70, 0x65, 0x72, 0x63, 0x61, 0x73, 0x65,
    0x3b, 0x0a, 0x7d, 0x0a, 0x0a, 0x2e, 0x74, 0x6f, 0x6b, 0x65, 0x6e, 0x2d,
    0x74, 0x61, 0x62, 0x6c, 0x65, 0x20, 0x74, 0x62, 0x6f, 0x64, 0x79, 0x20,
    0x74, 0x72, 0x3a, 0x6c, 0x61, 0x73, 0x74, 0x2d, 0x63, 0x68, 0x69, 0x6c,
    0x64, 0x20, 0x74, 0x64, 0x20, 0x7b, 0x0a, 0x20, 0x20, 0x62, 0x6f, 0x72,
    0x64, 0x65, 0x72, 0x2d, 0x62, 0x6f, 0x74, 0x74, 0x6f, 0x6d, 0x3a, 0x20,
    0x30, 0x3b, 0x0a, 0x7d, 0x0a, 0x0a, 0x2e, 0x74, 0x6f, 0x6b, 0x65, 0x6e,
    0x2d, 0x74, 0x61, 0x62, 0x6c, 0x65, 0x20, 0x74, 0x62, 0x6f, 0x64, 0x79,
    0x20, 0x74, 0x72, 0x3a, 0x6e, 0x6f, 0x74, 0x28, 0x2e, 0x65, 0x6d, 0x70,
    0x74, 0x79, 0x2d, 0x72, 0x6f, 0x77, 0x29, 0x3a, 0x68, 0x6f, 0x76, 0x65,
    0x72, 0x20, 0x7b, 0x0a, 0x20, 0x20, 0x62, 0x61, 0x63, 0x6b, 0x67, 0x72,
    0x6f, 0x75, 0x6e, 0x64, 0x3a, 0x20, 0x72, 0x67, 0x62, 0x61, 0x28, 0x31,
    0x31, 0x34, 0x2c, 0x20, 0x32, 0x34, 0x32, 0x2c, 0x20, 0x31, 0x37, 0x37,
    0x2c, 0x20, 0x30, 0x2e, 0x30, 0x33, 0x35, 0x29, 0x3b, 0x0a, 0x7d, 0x0a,
    0x0a, 0x2e, 0x65, 0x6d, 0x70, 0x74, 0x79, 0x2d, 0x72, 0x6f, 0x77, 0x20,
    0x74, 0x64, 0x20, 0x7b, 0x0a, 0x20, 0x20, 0x68, 0x65, 0x69, 0x67, 0x68,
    0x74, 0x3a, 0x20, 0x36, 0x32, 0x70, 0x78, 0x3b, 0x0a, 0x20, 0x20, 0x63,
    0x6f, 0x6c, 0x6f, 0x72, 0x3a, 0x20, 0x23, 0x35, 0x66, 0x37, 0x35, 0x36,
    0x64, 0x3b, 0x0a, 0x20, 0x20, 0x74, 0x65, 0x78, 0x74, 0x2d, 0x61, 0x6c,
    0x69, 0x67, 0x6e, 0x3a, 0x20, 0x63, 0x65, 0x6e, 0x74, 0x65, 0x72, 0x20,
    0x21, 0x69, 0x6d, 0x70, 0x6f, 0x72, 0x74, 0x61, 0x6e, 0x74, 0x3b, 0x0a,
    0x7d, 0x0a, 0x0a, 0x2e, 0x72, 0x75, 0x6e, 0x74, 0x69, 0x6d, 0x65, 0x2d,
    0x6d, 0x65, 0x73, 0x73, 0x61, 0x67, 0x65, 0x20, 0x7b, 0x0a, 0x20, 0x20,
    0x6d, 0x61, 0x72, 0x67, 0x69, 0x6e, 0x2d, 0x74, 0x6f, 0x70, 0x3a, 0x20,
    0x31, 0x72, 0x65, 0x6d, 0x3b, 0x0a, 0x20, 0x20, 0x70, 0x61, 0x64, 0x64,
    0x69, 0x6e, 0x67, 0x3a, 0x20, 0x30, 0x2e, 0x37, 0x32, 0x72, 0x65, 0x6d,
    0x20, 0x30, 0x2e, 0x38, 0x35, 0x72, 0x65, 0x6d, 0x3b, 0x0a, 0x20, 0x20,
    0x62, 0x6f, 0x72, 0x64, 0x65, 0x72, 0x2d, 0x6c, 0x65, 0x66, 0x74, 0x3a,
    0x20, 0x32, 0x70, 0x78, 0x20, 0x73, 0x6f, 0x6c, 0x69, 0x64, 0x20, 0x76,
    0x61, 0x72, 0x28, 0x2d, 0x2d, 0x6c, 0x69, 0x6e, 0x65, 0x2d, 0x73, 0x74,
    0x72, 0x6f, 0x6e, 0x67, 0x29, 0x3b, 0x0a, 0x20, 0x20, 0x63, 0x6f, 0x6c,
    0x6f, 0x72, 0x3a, 0x20, 0x76, 0x61, 0x72, 0x28, 0x2d, 0x2d, 0x6d, 0x75,
    0x74, 0x65, 0x64, 0x29, 0x3b, 0x0a, 0x20, 0x20, 0x62, 0x61, 0x63, 0x6b,
    0x67, 0x72, 0x6f, 0x75, 0x6e, 0x64, 0x3a, 0x20, 0x72, 0x67, 0x62, 0x61,
    0x28, 0x32, 0x35, 0x35, 0x2c, 0x20, 0x32, 0x35, 0x35, 0x2c, 0x20, 0x32,
    0x35, 0x35, 0x2c, 0x20, 0x30, 0x2e, 0x30, 0x31, 0x38, 0x29, 0x3b, 0x0a,
    0x20, 0x20, 0x66, 0x6f, 0x6e, 0x74, 0x2d, 0x73, 0x69, 0x7a, 0x65, 0x3a,
    0x20, 0x30, 0x2e, 0x36, 0x39, 0x72, 0x65, 0x6d, 0x3b, 0x0a, 0x20, 0x20,
    0x6c, 0x69, 0x6e, 0x65, 0x2d, 0x68, 0x65, 0x69, 0x67, 0x68, 0x74, 0x3a,
    0x20, 0x31, 0x2e, 0x35, 0x3b, 0x0a, 0x7d, 0x0a, 0x0a, 0x2e, 0x72, 0x75,
    0x6e, 0x74, 0x69, 0x6d, 0x65, 0x2d, 0x6d, 0x65, 0x73, 0x73, 0x61, 0x67,
    0x65, 0x5b, 0x64, 0x61, 0x74, 0x61, 0x2d, 0x73, 0x74, 0x61, 0x74, 0x65,
    0x3d, 0x22, 0x73, 0x75, 0x63, 0x63, 0x65, 0x73, 0x73, 0x22, 0x5d, 0x20,
    0x7b, 0x0a, 0x20, 0x20, 0x62, 0x6f, 0x72, 0x64, 0x65, 0x72, 0x2d, 0x63,
    0x6f, 0x6c, 0x6f, 0x72, 0x3a, 0x20, 0x76, 0x61, 0x72, 0x28, 0x2d, 0x2d,
    0x67, 0x72, 0x65, 0x65, 0x6e, 0x29, 0x3b, 0x0a, 0x20, 0x20, 0x63, 0x6f,
    0x6c, 0x6f, 0x72, 0x3a, 0x20, 0x23, 0x62, 0x39, 0x65, 0x38, 0x64, 0x33,
    0x3b, 0x0a, 0x7d, 0x0a, 0x0a, 0x2e, 0x72, 0x75, 0x6e, 0x74, 0x69, 0x6d,
    0x65, 0x2d, 0x6d, 0x65, 0x73, 0x73, 0x61, 0x67, 0x65, 0x5b, 0x64, 0x61,
    0x74, 0x61, 0x2d, 0x73, 0x74, 0x61, 0x74, 0x65, 0x3d, 0x22, 0x77, 0x61,
    0x72, 0x6e, 0x69, 0x6e, 0x67, 0x22, 0x5d, 0x20, 0x7b, 0x0a, 0x20, 0x20,
    0x62, 0x6f, 0x72, 0x64, 0x65, 0x72, 0x2d, 0x63, 0x6f, 0x6c, 0x6f, 0x72,
    0x3a, 0x20, 0x76, 0x61, 0x72, 0x28, 0x2d, 0x2d, 0x61, 0x6d, 0x62, 0x65,
    0x72, 0x29, 0x3b, 0x0a, 0x20, 0x20, 0x63, 0x6f, 0x6c, 0x6f, 0x72, 0x3a,
    0x20, 0x23, 0x65, 0x38, 0x64, 0x32, 0x61, 0x61, 0x3b, 0x0a, 0x7d, 0x0a,
    0x0a, 0x2e, 0x72, 0x75, 0x6e, 0x74, 0x69, 0x6d, 0x65, 0x2d, 0x6d, 0x65,
    0x73, 0x73, 0x61, 0x67, 0x65, 0x5b, 0x64, 0x61, 0x74, 0x61, 0x2d, 0x73,
    0x74, 0x61, 0x74, 0x65, 0x3d, 0x22, 0x65, 0x72, 0x72, 0x6f, 0x72, 0x22,
    0x5d, 0x20, 0x7b, 0x0a, 0x20, 0x20, 0x62, 0x6f, 0x72, 0x64, 0x65, 0x72,
    0x2d, 0x63, 0x6f, 0x6c, 0x6f, 0x72, 0x3a, 0x20, 0x76, 0x61, 0x72, 0x28,
    0x2d, 0x2d, 0x72, 0x65, 0x64, 0x29, 0x3b, 0x0a, 0x20, 0x20, 0x63, 0x6f,
    0x6c, 0x6f, 0x72, 0x3a, 0x20, 0x23, 0x65, 0x66, 0x62, 0x34, 0x62, 0x31,
    0x3b, 0x0a, 0x7d, 0x0a, 0x0a, 0x66, 0x6f, 0x6f, 0x74, 0x65, 0x72, 0x20,
    0x7b, 0x0a, 0x20, 0x20, 0x64, 0x69, 0x73, 0x70, 0x6c, 0x61, 0x79, 0x3a,
    0x20, 0x66, 0x6c, 0x65, 0x78, 0x3b, 0x0a, 0x20, 0x20, 0x6a, 0x75, 0x73,
    0x74, 0x69, 0x66, 0x79, 0x2d, 0x63, 0x6f, 0x6e, 0x74, 0x65, 0x6e, 0x74,
    0x3a, 0x20, 0x73, 0x70, 0x61, 0x63, 0x65, 0x2d, 0x62, 0x65, 0x74, 0x77,
    0x65, 0x65, 0x6e, 0x3b, 0x0a, 0x20, 0x20, 0x67, 0x61, 0x70, 0x3a, 0x20,
    0x31, 0x72, 0x65, 0x6d, 0x3b, 0x0a, 0x20, 0x20, 0x70, 0x61, 0x64, 0x64,
    0x69, 0x6e, 0x67, 0x3a, 0x20, 0x31, 0x2e, 0x33, 0x35, 0x72, 0x65, 0x6d,
    0x20, 0x30, 0x20, 0x30, 0x3b, 0x0a, 0x20, 0x20, 0x63, 0x6f, 0x6c, 0x6f,
    0x72, 0x3a, 0x20, 0x23, 0x35, 0x39, 0x37, 0x30, 0x36, 0x38, 0x3b, 0x0a,
    0x20, 0x20, 0x66, 0x6f, 0x6e, 0x74, 0x2d, 0x73, 0x69, 0x7a, 0x65, 0x3a,
    0x20, 0x30, 0x2e, 0x36, 0x32, 0x72, 0x65, 0x6d, 0x3b, 0x0a, 0x20, 0x20,
    0x6c, 0x65, 0x74, 0x74, 0x65, 0x72, 0x2d, 0x73, 0x70, 0x61, 0x63, 0x69,
    0x6e, 0x67, 0x3a, 0x20, 0x30, 0x2e, 0x30, 0x33, 0x35, 0x65, 0x6d, 0x3b,
    0x0a, 0x7d, 0x0a, 0x0a, 0x40, 0x6b, 0x65, 0x79, 0x66, 0x72, 0x61, 0x6d,
    0x65, 0x73, 0x20, 0x70, 0x75, 0x6c, 0x73, 0x65, 0x20, 0x7b, 0x0a, 0x20,
    0x20, 0x30, 0x25, 0x2c, 0x20, 0x31, 0x30, 0x30, 0x25, 0x20, 0x7b, 0x20,
    0x6f, 0x70, 0x61, 0x63, 0x69, 0x74, 0x79, 0x3a, 0x20, 0x30, 0x2e, 0x34,
    0x35, 0x3b, 0x20, 0x74, 0x72, 0x61, 0x6e, 0x73, 0x66, 0x6f, 0x72, 0x6d,
    0x3a, 0x20, 0x73, 0x63, 0x61, 0x6c, 0x65, 0x28, 0x30, 0x2e, 0x38, 0x35,
    0x29, 0x3b, 0x20, 0x7d, 0x0a, 0x20, 0x20, 0x35, 0x30, 0x25, 0x20, 0x7b,
    0x20, 0x6f, 0x70, 0x61, 0x63, 0x69, 0x74, 0x79, 0x3a, 0x20, 0x31, 0x3b,
    0x20, 0x74, 0x72, 0x61, 0x6e, 0x73, 0x66, 0x6f, 0x72, 0x6d, 0x3a, 0x20,
    0x73, 0x63, 0x61, 0x6c, 0x65, 0x28, 0x31, 0x2e, 0x31, 0x35, 0x29, 0x3b,
    0x20, 0x7d, 0x0a, 0x7d, 0x0a, 0x0a, 0x40, 0x6d, 0x65, 0x64, 0x69, 0x61,
    0x20, 0x28, 0x6d, 0x61, 0x78, 0x2d, 0x77, 0x69, 0x64, 0x74, 0x68, 0x3a,
    0x20, 0x39, 0x38, 0x30, 0x70, 0x78, 0x29, 0x20, 0x7b, 0x0a, 0x20, 0x20,
    0x2e, 0x73, 0x68, 0x65, 0x6c, 0x6c, 0x20, 0x7b, 0x0a, 0x20, 0x20, 0x20,
    0x20, 0x77, 0x69, 0x64, 0x74, 0x68, 0x3a, 0x20, 0x6d, 0x69, 0x6e, 0x28,
    0x37, 0x32, 0x30, 0x70, 0x78, 0x2c, 0x20, 0x39, 0x32, 0x76, 0x77, 0x29,
    0x3b, 0x0a, 0x20, 0x20, 0x20, 0x20, 0x70, 0x61, 0x64, 0x64, 0x69, 0x6e,
    0x67, 0x2d, 0x74, 0x6f, 0x70, 0x3a, 0x20, 0x32, 0x2e, 0x37, 0x72, 0x65,
    0x6d, 0x3b, 0x0a, 0x20, 0x20, 0x7d, 0x0a, 0x0a, 0x20, 0x20, 0x2e, 0x77,
    0x6f, 0x72, 0x6b, 0x73, 0x70, 0x61, 0x63, 0x65, 0x20, 0x7b, 0x0a, 0x20,
    0x20, 0x20, 0x20, 0x67, 0x72, 0x69, 0x64, 0x2d, 0x74, 0x65, 0x6d, 0x70,
    0x6c, 0x61, 0x74, 0x65, 0x2d, 0x63, 0x6f, 0x6c, 0x75, 0x6d, 0x6e, 0x73,
    0x3a, 0x20, 0x31, 0x66, 0x72, 0x3b, 0x0a, 0x20, 0x20, 0x7d, 0x0a, 0x0a,
    0x20, 0x20, 0x2e, 0x72, 0x65, 0x73, 0x75, 0x6c, 0x74, 0x2d, 0x70, 0x61,
    0x6e, 0x65, 0x6c, 0x20, 0x7b, 0x0a, 0x20, 0x20, 0x20, 0x20, 0x6d, 0x69,
    0x6e, 0x2d, 0x68, 0x65, 0x69, 0x67, 0x68, 0x74, 0x3a, 0x20, 0x30, 0x3b,
    0x0a, 0x20, 0x20, 0x7d, 0x0a, 0x7d, 0x0a, 0x0a, 0x40, 0x6d, 0x65, 0x64,
    0x69, 0x61, 0x20, 0x28, 0x6d, 0x61, 0x78, 0x2d, 0x77, 0x69, 0x64, 0x74,
    0x68, 0x3a, 0x20, 0x36, 0x34, 0x30, 0x70, 0x78, 0x29, 0x20, 0x7b, 0x0a,
    0x20, 0x20, 0x2e, 0x74, 0x6f, 0x70, 0x62, 0x61, 0x72, 0x20, 0x7b, 0x0a,
    0x20, 0x20, 0x20, 0x20, 0x6d, 0x69, 0x6e, 0x2d, 0x68, 0x65, 0x69, 0x67,
    0x68, 0x74, 0x3a, 0x20, 0x36, 0x36, 0x70, 0x78, 0x3b, 0x0a, 0x20, 0x20,
    0x20, 0x20, 0x70, 0x61, 0x64, 0x64, 0x69, 0x6e, 0x67, 0x3a, 0x20, 0x30,
    0x20, 0x34, 0x76, 0x77, 0x3b, 0x0a, 0x20, 0x20, 0x7d, 0x0a, 0x0a, 0x20,
    0x20, 0x2e, 0x62, 0x72, 0x61, 0x6e, 0x64, 0x20, 0x73, 0x6d, 0x61, 0x6c,
    0x6c, 0x20, 0x7b, 0x0a, 0x20, 0x20, 0x20, 0x20, 0x64, 0x69, 0x73, 0x70,
    0x6c, 0x61, 0x79, 0x3a, 0x20, 0x6e, 0x6f, 0x6e, 0x65, 0x3b, 0x0a, 0x20,
    0x20, 0x7d, 0x0a, 0x0a, 0x20, 0x20, 0x2e, 0x63, 0x6f, 0x6e, 0x6e, 0x65,
    0x63, 0x74, 0x69, 0x6f, 0x6e, 0x20, 0x7b, 0x0a, 0x20, 0x20, 0x20, 0x20,
    0x70, 0x61, 0x64, 0x64, 0x69, 0x6e, 0x67, 0x3a, 0x20, 0x30, 0x20, 0x30,
    0x2e, 0x36, 0x35, 0x72, 0x65, 0x6d, 0x3b, 0x0a, 0x20, 0x20, 0x7d, 0x0a,
    0x0a, 0x20, 0x20, 0x2e, 0x73, 0x68, 0x65, 0x6c, 0x6c, 0x20, 0x7b, 0x0a,
    0x20, 0x20, 0x20, 0x20, 0x77, 0x69, 0x64, 0x74, 0x68, 0x3a, 0x20, 0x39,
    0x34, 0x76, 0x77, 0x3b, 0x0a, 0x20, 0x20, 0x20, 0x20, 0x70, 0x61, 0x64,
    0x64, 0x69, 0x6e, 0x67, 0x2d, 0x74, 0x6f, 0x70, 0x3a, 0x20, 0x32, 0x72,
    0x65, 0x6d, 0x3b, 0x0a, 0x20, 0x20, 0x7d, 0x0a, 0x0a, 0x20, 0x20, 0x2e,
    0x68, 0x65, 0x72, 0x6f, 0x20, 0x7b, 0x0a, 0x20, 0x20, 0x20, 0x20, 0x64,
    0x69, 0x73, 0x70, 0x6c, 0x61, 0x79, 0x3a, 0x20, 0x62, 0x6c, 0x6f, 0x63,
    0x6b, 0x3b, 0x0a, 0x20, 0x20, 0x7d, 0x0a, 0x0a, 0x20, 0x20, 0x2e, 0x67,
    0x68, 0x6f, 0x73, 0x74, 0x2d, 0x62, 0x75, 0x74, 0x74, 0x6f, 0x6e, 0x20,
    0x7b, 0x0a, 0x20, 0x20, 0x20, 0x20, 0x6d, 0x61, 0x72, 0x67, 0x69, 0x6e,
    0x2d, 0x74, 0x6f, 0x70, 0x3a, 0x20, 0x31, 0x2e, 0x32, 0x35, 0x72, 0x65,
    0x6d, 0x3b, 0x0a, 0x20, 0x20, 0x7d, 0x0a, 0x0a, 0x20, 0x20, 0x2e, 0x63,
    0x6f, 0x6d, 0x70, 0x6f, 0x73, 0x65, 0x2d, 0x70, 0x61, 0x6e, 0x65, 0x6c,
    0x2c, 0x0a, 0x20, 0x20, 0x2e, 0x72, 0x65, 0x73, 0x75, 0x6c, 0x74, 0x2d,
    0x70, 0x61, 0x6e, 0x65, 0x6c, 0x20, 0x7b, 0x0a, 0x20, 0x20, 0x20, 0x20,
    0x70, 0x61, 0x64, 0x64, 0x69, 0x6e, 0x67, 0x3a, 0x20, 0x31, 0x2e, 0x31,
    0x72, 0x65, 0x6d, 0x3b, 0x0a, 0x20, 0x20, 0x7d, 0x0a, 0x0a, 0x20, 0x20,
    0x2e, 0x6a, 0x6f, 0x62, 0x2d, 0x73, 0x74, 0x72, 0x69, 0x70, 0x20, 0x7b,
    0x0a, 0x20, 0x20, 0x20, 0x20, 0x67, 0x72, 0x69, 0x64, 0x2d, 0x74, 0x65,
    0x6d, 0x70, 0x6c, 0x61, 0x74, 0x65, 0x2d, 0x63, 0x6f, 0x6c, 0x75, 0x6d,
    0x6e, 0x73, 0x3a, 0x20, 0x31, 0x66, 0x72, 0x20, 0x31, 0x66, 0x72, 0x3b,
    0x0a, 0x20, 0x20, 0x7d, 0x0a, 0x0a, 0x20, 0x20, 0x2e, 0x67, 0x65, 0x6e,
    0x65, 0x72, 0x61, 0x74, 0x69, 0x6f, 0x6e, 0x2d, 0x73, 0x65, 0x74, 0x74,
    0x69, 0x6e, 0x67, 0x73, 0x20, 0x7b, 0x0a, 0x20, 0x20, 0x20, 0x20, 0x67,
    0x72, 0x69, 0x64, 0x2d, 0x74, 0x65, 0x6d, 0x70, 0x6c, 0x61, 0x74, 0x65,
    0x2d, 0x63, 0x6f, 0x6c, 0x75, 0x6d, 0x6e, 0x73, 0x3a, 0x20, 0x31, 0x66,
    0x72, 0x20, 0x37, 0x38, 0x70, 0x78, 0x3b, 0x0a, 0x20, 0x20, 0x7d, 0x0a,
    0x0a, 0x20, 0x20, 0x66, 0x6f, 0x6f, 0x74, 0x65, 0x72, 0x20, 0x7b, 0x0a,
    0x20, 0x20, 0x20, 0x20, 0x64, 0x69, 0x73, 0x70, 0x6c, 0x61, 0x79, 0x3a,
    0x20, 0x67, 0x72, 0x69, 0x64, 0x3b, 0x0a, 0x20, 0x20, 0x7d, 0x0a, 0x7d,
    0x0a, 0x0a, 0x40, 0x6d, 0x65, 0x64, 0x69, 0x61, 0x20, 0x28, 0x70, 0x72,
    0x65, 0x66, 0x65, 0x72, 0x73, 0x2d, 0x72, 0x65, 0x64, 0x75, 0x63, 0x65,
    0x64, 0x2d, 0x6d, 0x6f, 0x74, 0x69, 0x6f, 0x6e, 0x3a, 0x20, 0x72, 0x65,
    0x64, 0x75, 0x63, 0x65, 0x29, 0x20, 0x7b, 0x0a, 0x20, 0x20, 0x2a, 0x2c,
    0x0a, 0x20, 0x20, 0x2a, 0x3a, 0x3a, 0x62, 0x65, 0x66, 0x6f, 0x72, 0x65,
    0x2c, 0x0a, 0x20, 0x20, 0x2a, 0x3a, 0x3a, 0x61, 0x66, 0x74, 0x65, 0x72,
    0x20, 0x7b, 0x0a, 0x20, 0x20, 0x20, 0x20, 0x73, 0x63, 0x72, 0x6f, 0x6c,
    0x6c, 0x2d, 0x62, 0x65, 0x68, 0x61, 0x76, 0x69, 0x6f, 0x72, 0x3a, 0x20,
    0x61, 0x75, 0x74, 0x6f, 0x20, 0x21, 0x69, 0x6d, 0x70, 0x6f, 0x72, 0x74,
    0x61, 0x6e, 0x74, 0x3b, 0x0a, 0x20, 0x20, 0x20, 0x20, 0x61, 0x6e, 0x69,
    0x6d, 0x61, 0x74, 0x69, 0x6f, 0x6e, 0x2d, 0x64, 0x75, 0x72, 0x61, 0x74,
    0x69, 0x6f, 0x6e, 0x3a, 0x20, 0x30, 0x2e, 0x30, 0x31, 0x6d, 0x73, 0x20,
    0x21, 0x69, 0x6d, 0x70, 0x6f, 0x72, 0x74, 0x61, 0x6e, 0x74, 0x3b, 0x0a,
    0x20, 0x20, 0x20, 0x20, 0x61, 0x6e, 0x69, 0x6d, 0x61, 0x74, 0x69, 0x6f,
    0x6e, 0x2d, 0x69, 0x74, 0x65, 0x72, 0x61, 0x74, 0x69, 0x6f, 0x6e, 0x2d,
    0x63, 0x6f, 0x75, 0x6e, 0x74, 0x3a, 0x20, 0x31, 0x20, 0x21, 0x69, 0x6d,
    0x70, 0x6f, 0x72, 0x74, 0x61, 0x6e, 0x74, 0x3b, 0x0a, 0x20, 0x20, 0x20,
    0x20, 0x74, 0x72, 0x61, 0x6e, 0x73, 0x69, 0x74, 0x69, 0x6f, 0x6e, 0x2d,
    0x64, 0x75, 0x72, 0x61, 0x74, 0x69, 0x6f, 0x6e, 0x3a, 0x20, 0x30, 0x2e,
    0x30, 0x31, 0x6d, 0x73, 0x20, 0x21, 0x69, 0x6d, 0x70, 0x6f, 0x72, 0x74,
    0x61, 0x6e, 0x74, 0x3b, 0x0a, 0x20, 0x20, 0x7d, 0x0a, 0x7d, 0x0a,
};
_Static_assert(sizeof(qweb_web_asset_styles_css) == 14459u,
               "styles.css length drift");

static const uint8_t qweb_web_asset_app_js[] = {
    0x28, 0x66, 0x75, 0x6e, 0x63, 0x74, 0x69, 0x6f, 0x6e, 0x20, 0x71, 0x77,
    0x65, 0x62, 0x44, 0x65, 0x6d, 0x6f, 0x42, 0x6f, 0x6f, 0x74, 0x73, 0x74,
    0x72, 0x61, 0x70, 0x28, 0x72, 0x6f, 0x6f, 0x74, 0x29, 0x20, 0x7b, 0x0a,
    0x20, 0x20, 0x22, 0x75, 0x73, 0x65, 0x20, 0x73, 0x74, 0x72, 0x69, 0x63,
    0x74, 0x22, 0x3b, 0x0a, 0x0a, 0x20, 0x20, 0x63, 0x6f, 0x6e, 0x73, 0x74,
    0x20, 0x4c, 0x49, 0x4d, 0x49, 0x54, 0x53, 0x20, 0x3d, 0x20, 0x4f, 0x62,
    0x6a, 0x65, 0x63, 0x74, 0x2e, 0x66, 0x72, 0x65, 0x65, 0x7a, 0x65, 0x28,
    0x7b, 0x0a, 0x20, 0x20, 0x20, 0x20, 0x6d, 0x61, 0x78, 0x50, 0x72, 0x6f,
    0x6d, 0x70, 0x74, 0x42, 0x79, 0x74, 0x65, 0x73, 0x3a, 0x20, 0x34, 0x30,
    0x39, 0x36, 0x2c, 0x0a, 0x20, 0x20, 0x20, 0x20, 0x6d, 0x61, 0x78, 0x54,
    0x6f, 0x6b, 0x65, 0x6e, 0x73, 0x3a, 0x20, 0x32, 0x35, 0x36, 0x2c, 0x0a,
    0x20, 0x20, 0x20, 0x20, 0x76, 0x6f, 0x63, 0x61, 0x62, 0x75, 0x6c, 0x61,
    0x72, 0x79, 0x53, 0x69, 0x7a, 0x65, 0x3a, 0x20, 0x31, 0x35, 0x31, 0x39,
    0x33, 0x36, 0x2c, 0x0a, 0x20, 0x20, 0x20, 0x20, 0x6d, 0x61, 0x78, 0x52,
    0x65, 0x71, 0x75, 0x65, 0x73, 0x74, 0x42, 0x79, 0x74, 0x65, 0x73, 0x3a,
    0x20, 0x38, 0x31, 0x39, 0x32, 0x2c, 0x0a, 0x20, 0x20, 0x20, 0x20, 0x6d,
    0x61, 0x78, 0x4f, 0x75, 0x74, 0x70, 0x75, 0x74, 0x42, 0x79, 0x74, 0x65,
    0x73, 0x3a, 0x20, 0x33, 0x32, 0x37, 0x36, 0x38, 0x2c, 0x0a, 0x20, 0x20,
    0x20, 0x20, 0x72, 0x65, 0x71, 0x75, 0x65, 0x73, 0x74, 0x54, 0x69, 0x6d,
    0x65, 0x6f, 0x75, 0x74, 0x4d, 0x73, 0x3a, 0x20, 0x35, 0x30, 0x30, 0x30,
    0x2c, 0x0a, 0x20, 0x20, 0x20, 0x20, 0x70, 0x6f, 0x6c, 0x6c, 0x49, 0x6e,
    0x74, 0x65, 0x72, 0x76, 0x61, 0x6c, 0x4d, 0x73, 0x3a, 0x20, 0x38, 0x30,
    0x30, 0x2c, 0x0a, 0x20, 0x20, 0x20, 0x20, 0x68, 0x65, 0x61, 0x6c, 0x74,
    0x68, 0x49, 0x6e, 0x74, 0x65, 0x72, 0x76, 0x61, 0x6c, 0x4d, 0x73, 0x3a,
    0x20, 0x35, 0x30, 0x30, 0x30, 0x0a, 0x20, 0x20, 0x7d, 0x29, 0x3b, 0x0a,
    0x20, 0x20, 0x63, 0x6f, 0x6e, 0x73, 0x74, 0x20, 0x41, 0x43, 0x54, 0x49,
    0x56, 0x45, 0x5f, 0x53, 0x54, 0x41, 0x54, 0x45, 0x53, 0x20, 0x3d, 0x20,
    0x6e, 0x65, 0x77, 0x20, 0x53, 0x65, 0x74, 0x28, 0x5b, 0x22, 0x71, 0x75,
    0x65, 0x75, 0x65, 0x64, 0x22, 0x2c, 0x20, 0x22, 0x72, 0x75, 0x6e, 0x6e,
    0x69, 0x6e, 0x67, 0x22, 0x5d, 0x29, 0x3b, 0x0a, 0x20, 0x20, 0x63, 0x6f,
    0x6e, 0x73, 0x74, 0x20, 0x54, 0x45, 0x52, 0x4d, 0x49, 0x4e, 0x41, 0x4c,
    0x5f, 0x53, 0x54, 0x41, 0x54, 0x45, 0x53, 0x20, 0x3d, 0x20, 0x6e, 0x65,
    0x77, 0x20, 0x53, 0x65, 0x74, 0x28, 0x5b, 0x22, 0x64, 0x6f, 0x6e, 0x65,
    0x22, 0x2c, 0x20, 0x22, 0x65, 0x72, 0x72, 0x6f, 0x72, 0x22, 0x5d, 0x29,
    0x3b, 0x0a, 0x20, 0x20, 0x63, 0x6f, 0x6e, 0x73, 0x74, 0x20, 0x75, 0x74,
    0x66, 0x38, 0x45, 0x6e, 0x63, 0x6f, 0x64, 0x65, 0x72, 0x20, 0x3d, 0x20,
    0x6e, 0x65, 0x77, 0x20, 0x54, 0x65, 0x78, 0x74, 0x45, 0x6e, 0x63, 0x6f,
    0x64, 0x65, 0x72, 0x28, 0x29, 0x3b, 0x0a, 0x20, 0x20, 0x63, 0x6f, 0x6e,
    0x73, 0x74, 0x20, 0x75, 0x74, 0x66, 0x38, 0x44, 0x65, 0x63, 0x6f, 0x64,
    0x65, 0x72, 0x20, 0x3d, 0x20, 0x6e, 0x65, 0x77, 0x20, 0x54, 0x65, 0x78,
    0x74, 0x44, 0x65, 0x63, 0x6f, 0x64, 0x65, 0x72, 0x28, 0x22, 0x75, 0x74,
    0x66, 0x2d, 0x38, 0x22, 0x2c, 0x20, 0x7b, 0x20, 0x66, 0x61, 0x74, 0x61,
    0x6c, 0x3a, 0x20, 0x66, 0x61, 0x6c, 0x73, 0x65, 0x20, 0x7d, 0x29, 0x3b,
    0x0a, 0x0a, 0x20, 0x20, 0x63, 0x6c, 0x61, 0x73, 0x73, 0x20, 0x55, 0x69,
    0x49, 0x6e, 0x70, 0x75, 0x74, 0x45, 0x72, 0x72, 0x6f, 0x72, 0x20, 0x65,
    0x78, 0x74, 0x65, 0x6e, 0x64, 0x73, 0x20, 0x45, 0x72, 0x72, 0x6f, 0x72,
    0x20, 0x7b, 0x7d, 0x0a, 0x0a, 0x20, 0x20, 0x63, 0x6c, 0x61, 0x73, 0x73,
    0x20, 0x41, 0x70, 0x69, 0x45, 0x72, 0x72, 0x6f, 0x72, 0x20, 0x65, 0x78,
    0x74, 0x65, 0x6e, 0x64, 0x73, 0x20, 0x45, 0x72, 0x72, 0x6f, 0x72, 0x20,
    0x7b, 0x0a, 0x20, 0x20, 0x20, 0x20, 0x63, 0x6f, 0x6e, 0x73, 0x74, 0x72,
    0x75, 0x63, 0x74, 0x6f, 0x72, 0x28, 0x73, 0x74, 0x61, 0x74, 0x75, 0x73,
    0x2c, 0x20, 0x63, 0x6f, 0x64, 0x65, 0x2c, 0x20, 0x6d, 0x65, 0x73, 0x73,
    0x61, 0x67, 0x65, 0x29, 0x20, 0x7b, 0x0a, 0x20, 0x20, 0x20, 0x20, 0x20,
    0x20, 0x73, 0x75, 0x70, 0x65, 0x72, 0x28, 0x6d, 0x65, 0x73, 0x73, 0x61,
    0x67, 0x65, 0x20, 0x7c, 0x7c, 0x20, 0x60, 0x48, 0x54, 0x54, 0x50, 0x20,
    0x24, 0x7b, 0x73, 0x74, 0x61, 0x74, 0x75, 0x73, 0x7d, 0x60, 0x29, 0x3b,
    0x0a, 0x20, 0x20, 0x20, 0x20, 0x20, 0x20, 0x74, 0x68, 0x69, 0x73, 0x2e,
    0x6e, 0x61, 0x6d, 0x65, 0x20, 0x3d, 0x20, 0x22, 0x41, 0x70, 0x69, 0x45,
    0x72, 0x72, 0x6f, 0x72, 0x22, 0x3b, 0x0a, 0x20, 0x20, 0x20, 0x20, 0x20,
    0x20, 0x74, 0x68, 0x69, 0x73, 0x2e, 0x73, 0x74, 0x61, 0x74, 0x75, 0x73,
    0x20, 0x3d, 0x20, 0x73, 0x74, 0x61, 0x74, 0x75, 0x73, 0x3b, 0x0a, 0x20,
    0x20, 0x20, 0x20, 0x20, 0x20, 0x74, 0x68, 0x69, 0x73, 0x2e, 0x63, 0x6f,
    0x64, 0x65, 0x20, 0x3d, 0x20, 0x63, 0x6f, 0x64, 0x65, 0x20, 0x7c, 0x7c,
    0x20, 0x22, 0x68, 0x74, 0x74, 0x70, 0x5f, 0x65, 0x72, 0x72, 0x6f, 0x72,
    0x22, 0x3b, 0x0a, 0x20, 0x20, 0x20, 0x20, 0x7d, 0x0a, 0x20, 0x20, 0x7d,
    0x0a, 0x0a, 0x20, 0x20, 0x66, 0x75, 0x6e, 0x63, 0x74, 0x69, 0x6f, 0x6e,
    0x20, 0x70, 0x61, 0x72, 0x73, 0x65, 0x4d, 0x61, 0x78, 0x4e, 0x65, 0x77,
    0x28, 0x76, 0x61, 0x6c, 0x75, 0x65, 0x29, 0x20, 0x7b, 0x0a, 0x20, 0x20,
    0x20, 0x20, 0x63, 0x6f, 0x6e, 0x73, 0x74, 0x20, 0x74, 0x65, 0x78, 0x74,
    0x20, 0x3d, 0x20, 0x53, 0x74, 0x72, 0x69, 0x6e, 0x67, 0x28, 0x76, 0x61,
    0x6c, 0x75, 0x65, 0x29, 0x2e, 0x74, 0x72, 0x69, 0x6d, 0x28, 0x29, 0x3b,
    0x0a, 0x20, 0x20, 0x20, 0x20, 0x69, 0x66, 0x20, 0x28, 0x21, 0x2f, 0x5e,
    0x5b, 0x30, 0x2d, 0x39, 0x5d, 0x2b, 0x24, 0x2f, 0x2e, 0x74, 0x65, 0x73,
    0x74, 0x28, 0x74, 0x65, 0x78, 0x74, 0x29, 0x29, 0x20, 0x7b, 0x0a, 0x20,
    0x20, 0x20, 0x20, 0x20, 0x20, 0x74, 0x68, 0x72, 0x6f, 0x77, 0x20, 0x6e,
    0x65, 0x77, 0x20, 0x55, 0x69, 0x49, 0x6e, 0x70, 0x75, 0x74, 0x45, 0x72,
    0x72, 0x6f, 0x72, 0x28, 0x22, 0x4d, 0x61, 0x78, 0x69, 0x6d, 0x75, 0x6d,
    0x20, 0x6e, 0x65, 0x77, 0x20, 0x74, 0x6f, 0x6b, 0x65, 0x6e, 0x73, 0x20,
    0x6d, 0x75, 0x73, 0x74, 0x20, 0x62, 0x65, 0x20, 0x61, 0x6e, 0x20, 0x69,
    0x6e, 0x74, 0x65, 0x67, 0x65, 0x72, 0x20, 0x66, 0x72, 0x6f, 0x6d, 0x20,
    0x31, 0x20, 0x74, 0x6f, 0x20, 0x32, 0x35, 0x36, 0x2e, 0x22, 0x29, 0x3b,
    0x0a, 0x20, 0x20, 0x20, 0x20, 0x7d, 0x0a, 0x20, 0x20, 0x20, 0x20, 0x63,
    0x6f, 0x6e, 0x73, 0x74, 0x20, 0x70, 0x61, 0x72, 0x73, 0x65, 0x64, 0x20,
    0x3d, 0x20, 0x4e, 0x75, 0x6d, 0x62, 0x65, 0x72, 0x28, 0x74, 0x65, 0x78,
    0x74, 0x29, 0x3b, 0x0a, 0x20, 0x20, 0x20, 0x20, 0x69, 0x66, 0x20, 0x28,
    0x21, 0x4e, 0x75, 0x6d, 0x62, 0x65, 0x72, 0x2e, 0x69, 0x73, 0x53, 0x61,
    0x66, 0x65, 0x49, 0x6e, 0x74, 0x65, 0x67, 0x65, 0x72, 0x28, 0x70, 0x61,
    0x72, 0x73, 0x65, 0x64, 0x29, 0x20, 0x7c, 0x7c, 0x20, 0x70, 0x61, 0x72,
    0x73, 0x65, 0x64, 0x20, 0x3c, 0x20, 0x31, 0x20, 0x7c, 0x7c, 0x20, 0x70,
    0x61, 0x72, 0x73, 0x65, 0x64, 0x20, 0x3e, 0x20, 0x4c, 0x49, 0x4d, 0x49,
    0x54, 0x53, 0x2e, 0x6d, 0x61, 0x78, 0x54, 0x6f, 0x6b, 0x65, 0x6e, 0x73,
    0x29, 0x20, 0x7b, 0x0a, 0x20, 0x20, 0x20, 0x20, 0x20, 0x20, 0x74, 0x68,
    0x72, 0x6f, 0x77, 0x20, 0x6e, 0x65, 0x77, 0x20, 0x55, 0x69, 0x49, 0x6e,
    0x70, 0x75, 0x74, 0x45, 0x72, 0x72, 0x6f, 0x72, 0x28, 0x22, 0x4d, 0x61,
    0x78, 0x69, 0x6d, 0x75, 0x6d, 0x20, 0x6e, 0x65, 0x77, 0x20, 0x74, 0x6f,
    0x6b, 0x65, 0x6e, 0x73, 0x20, 0x6d, 0x75, 0x73, 0x74, 0x20, 0x62, 0x65,
    0x20, 0x61, 0x6e, 0x20, 0x69, 0x6e, 0x74, 0x65, 0x67, 0x65, 0x72, 0x20,
    0x66, 0x72, 0x6f, 0x6d, 0x20, 0x31, 0x20, 0x74, 0x6f, 0x20, 0x32, 0x35,
    0x36, 0x2e, 0x22, 0x29, 0x3b, 0x0a, 0x20, 0x20, 0x20, 0x20, 0x7d, 0x0a,
    0x20, 0x20, 0x20, 0x20, 0x72, 0x65, 0x74, 0x75, 0x72, 0x6e, 0x20, 0x70,
    0x61, 0x72, 0x73, 0x65, 0x64, 0x3b, 0x0a, 0x20, 0x20, 0x7d, 0x0a, 0x0a,
    0x20, 0x20, 0x66, 0x75, 0x6e, 0x63, 0x74, 0x69, 0x6f, 0x6e, 0x20, 0x70,
    0x61, 0x72, 0x73, 0x65, 0x54, 0x6f, 0x6b, 0x65, 0x6e, 0x49, 0x64, 0x73,
    0x28, 0x76, 0x61, 0x6c, 0x75, 0x65, 0x29, 0x20, 0x7b, 0x0a, 0x20, 0x20,
    0x20, 0x20, 0x63, 0x6f, 0x6e, 0x73, 0x74, 0x20, 0x74, 0x65, 0x78, 0x74,
    0x20, 0x3d, 0x20, 0x53, 0x74, 0x72, 0x69, 0x6e, 0x67, 0x28, 0x76, 0x61,
    0x6c, 0x75, 0x65, 0x29, 0x2e, 0x74, 0x72, 0x69, 0x6d, 0x28, 0x29, 0x3b,
    0x0a, 0x20, 0x20, 0x20, 0x20, 0x69, 0x66, 0x20, 0x28, 0x74, 0x65, 0x78,
    0x74, 0x2e, 0x6c, 0x65, 0x6e, 0x67, 0x74, 0x68, 0x20, 0x3d, 0x3d, 0x3d,
    0x20, 0x30, 0x29, 0x20, 0x7b, 0x0a, 0x20, 0x20, 0x20, 0x20, 0x20, 0x20,
    0x74, 0x68, 0x72, 0x6f, 0x77, 0x20, 0x6e, 0x65, 0x77, 0x20, 0x55, 0x69,
    0x49, 0x6e, 0x70, 0x75, 0x74, 0x45, 0x72, 0x72, 0x6f, 0x72, 0x28, 0x22,
    0x45, 0x6e, 0x74, 0x65, 0x72, 0x20, 0x61, 0x74, 0x20, 0x6c, 0x65, 0x61,
    0x73, 0x74, 0x20, 0x6f, 0x6e, 0x65, 0x20, 0x74, 0x6f, 0x6b, 0x65, 0x6e,
    0x20, 0x49, 0x44, 0x2e, 0x22, 0x29, 0x3b, 0x0a, 0x20, 0x20, 0x20, 0x20,
    0x7d, 0x0a, 0x20, 0x20, 0x20, 0x20, 0x63, 0x6f, 0x6e, 0x73, 0x74, 0x20,
    0x70, 0x61, 0x72, 0x74, 0x73, 0x20, 0x3d, 0x20, 0x74, 0x65, 0x78, 0x74,
    0x2e, 0x73, 0x70, 0x6c, 0x69, 0x74, 0x28, 0x2f, 0x5b, 0x5c, 0x73, 0x2c,
    0x5d, 0x2b, 0x2f, 0x75, 0x29, 0x2e, 0x66, 0x69, 0x6c, 0x74, 0x65, 0x72,
    0x28, 0x42, 0x6f, 0x6f, 0x6c, 0x65, 0x61, 0x6e, 0x29, 0x3b, 0x0a, 0x20,
    0x20, 0x20, 0x20, 0x69, 0x66, 0x20, 0x28, 0x70, 0x61, 0x72, 0x74, 0x73,
    0x2e, 0x6c, 0x65, 0x6e, 0x67, 0x74, 0x68, 0x20, 0x3e, 0x20, 0x4c, 0x49,
    0x4d, 0x49, 0x54, 0x53, 0x2e, 0x6d, 0x61, 0x78, 0x54, 0x6f, 0x6b, 0x65,
    0x6e, 0x73, 0x29, 0x20, 0x7b, 0x0a, 0x20, 0x20, 0x20, 0x20, 0x20, 0x20,
    0x74, 0x68, 0x72, 0x6f, 0x77, 0x20, 0x6e, 0x65, 0x77, 0x20, 0x55, 0x69,
    0x49, 0x6e, 0x70, 0x75, 0x74, 0x45, 0x72, 0x72, 0x6f, 0x72, 0x28, 0x22,
    0x41, 0x74, 0x20, 0x6d, 0x6f, 0x73, 0x74, 0x20, 0x32, 0x35, 0x36, 0x20,
    0x69, 0x6e, 0x70, 0x75, 0x74, 0x20, 0x74, 0x6f, 0x6b, 0x65, 0x6e, 0x20,
    0x49, 0x44, 0x73, 0x20, 0x61, 0x72, 0x65, 0x20, 0x61, 0x63, 0x63, 0x65,
    0x70, 0x74, 0x65, 0x64, 0x2e, 0x22, 0x29, 0x3b, 0x0a, 0x20, 0x20, 0x20,
    0x20, 0x7d, 0x0a, 0x20, 0x20, 0x20, 0x20, 0x72, 0x65, 0x74, 0x75, 0x72,
    0x6e, 0x20, 0x70, 0x61, 0x72, 0x74, 0x73, 0x2e, 0x6d, 0x61, 0x70, 0x28,
    0x28, 0x70, 0x61, 0x72, 0x74, 0x2c, 0x20, 0x69, 0x6e, 0x64, 0x65, 0x78,
    0x29, 0x20, 0x3d, 0x3e, 0x20, 0x7b, 0x0a, 0x20, 0x20, 0x20, 0x20, 0x20,
    0x20, 0x69, 0x66, 0x20, 0x28, 0x21, 0x2f, 0x5e, 0x5b, 0x30, 0x2d, 0x39,
    0x5d, 0x2b, 0x24, 0x2f, 0x2e, 0x74, 0x65, 0x73, 0x74, 0x28, 0x70, 0x61,
    0x72, 0x74, 0x29, 0x29, 0x20, 0x7b, 0x0a, 0x20, 0x20, 0x20, 0x20, 0x20,
    0x20, 0x20, 0x20, 0x74, 0x68, 0x72, 0x6f, 0x77, 0x20, 0x6e, 0x65, 0x77,
    0x20, 0x55, 0x69, 0x49, 0x6e, 0x70, 0x75, 0x74, 0x45, 0x72, 0x72, 0x6f,
    0x72, 0x28, 0x60, 0x54, 0x6f, 0x6b, 0x65, 0x6e, 0x20, 0x24, 0x7b, 0x69,
    0x6e, 0x64, 0x65, 0x78, 0x20, 0x2b, 0x20, 0x31, 0x7d, 0x20, 0x69, 0x73,
    0x20, 0x6e, 0x6f, 0x74, 0x20, 0x61, 0x6e, 0x20, 0x75, 0x6e, 0x73, 0x69,
    0x67, 0x6e, 0x65, 0x64, 0x20, 0x69, 0x6e, 0x74, 0x65, 0x67, 0x65, 0x72,
    0x2e, 0x60, 0x29, 0x3b, 0x0a, 0x20, 0x20, 0x20, 0x20, 0x20, 0x20, 0x7d,
    0x0a, 0x20, 0x20, 0x20, 0x20, 0x20, 0x20, 0x63, 0x6f, 0x6e, 0x73, 0x74,
    0x20, 0x74, 0x6f, 0x6b, 0x65, 0x6e, 0x20, 0x3d, 0x20, 0x4e, 0x75, 0x6d,
    0x62, 0x65, 0x72, 0x28, 0x70, 0x61, 0x72, 0x74, 0x29, 0x3b, 0x0a, 0x20,
    0x20, 0x20, 0x20, 0x20, 0x20, 0x69, 0x66, 0x20, 0x28, 0x21, 0x4e, 0x75,
    0x6d, 0x62, 0x65, 0x72, 0x2e, 0x69, 0x73, 0x53, 0x61, 0x66, 0x65, 0x49,
    0x6e, 0x74, 0x65, 0x67, 0x65, 0x72, 0x28, 0x74, 0x6f, 0x6b, 0x65, 0x6e,
    0x29, 0x20, 0x7c, 0x7c, 0x20, 0x74, 0x6f, 0x6b, 0x65, 0x6e, 0x20, 0x3c,
    0x20, 0x30, 0x20, 0x7c, 0x7c, 0x20, 0x74, 0x6f, 0x6b, 0x65, 0x6e, 0x20,
    0x3e, 0x3d, 0x20, 0x4c, 0x49, 0x4d, 0x49, 0x54, 0x53, 0x2e, 0x76, 0x6f,
    0x63, 0x61, 0x62, 0x75, 0x6c, 0x61, 0x72, 0x79, 0x53, 0x69, 0x7a, 0x65,
    0x29, 0x20, 0x7b, 0x0a, 0x20, 0x20, 0x20, 0x20, 0x20, 0x20, 0x20, 0x20,
    0x74, 0x68, 0x72, 0x6f, 0x77, 0x20, 0x6e, 0x65, 0x77, 0x20, 0x55, 0x69,
    0x49, 0x6e, 0x70, 0x75, 0x74, 0x45, 0x72, 0x72, 0x6f, 0x72, 0x28, 0x60,
    0x54, 0x6f, 0x6b, 0x65, 0x6e, 0x20, 0x24, 0x7b, 0x69, 0x6e, 0x64, 0x65,
    0x78, 0x20, 0x2b, 0x20, 0x31, 0x7d, 0x20, 0x6d, 0x75, 0x73, 0x74, 0x20,
    0x62, 0x65, 0x20, 0x62, 0x65, 0x74, 0x77, 0x65, 0x65, 0x6e, 0x20, 0x30,
    0x20, 0x61, 0x6e, 0x64, 0x20, 0x31, 0x35, 0x31, 0x39, 0x33, 0x35, 0x2e,
    0x60, 0x29, 0x3b, 0x0a, 0x20, 0x20, 0x20, 0x20, 0x20, 0x20, 0x7d, 0x0a,
    0x20, 0x20, 0x20, 0x20, 0x20, 0x20, 0x72, 0x65, 0x74, 0x75, 0x72, 0x6e,
    0x20, 0x74, 0x6f, 0x6b, 0x65, 0x6e, 0x3b, 0x0a, 0x20, 0x20, 0x20, 0x20,
    0x7d, 0x29, 0x3b, 0x0a, 0x20, 0x20, 0x7d, 0x0a, 0x0a, 0x20, 0x20, 0x66,
    0x75, 0x6e, 0x63, 0x74, 0x69, 0x6f, 0x6e, 0x20, 0x62, 0x75, 0x69, 0x6c,
    0x64, 0x47, 0x65, 0x6e, 0x65, 0x72, 0x61, 0x74, 0x65, 0x52, 0x65, 0x71,
    0x75, 0x65, 0x73, 0x74, 0x28, 0x6d, 0x6f, 0x64, 0x65, 0x2c, 0x20, 0x70,
    0x72, 0x6f, 0x6d, 0x70, 0x74, 0x2c, 0x20, 0x74, 0x6f, 0x6b, 0x65, 0x6e,
    0x54, 0x65, 0x78, 0x74, 0x2c, 0x20, 0x6d, 0x61, 0x78, 0x4e, 0x65, 0x77,
    0x56, 0x61, 0x6c, 0x75, 0x65, 0x29, 0x20, 0x7b, 0x0a, 0x20, 0x20, 0x20,
    0x20, 0x63, 0x6f, 0x6e, 0x73, 0x74, 0x20, 0x6d, 0x61, 0x78, 0x4e, 0x65,
    0x77, 0x54, 0x6f, 0x6b, 0x65, 0x6e, 0x73, 0x20, 0x3d, 0x20, 0x70, 0x61,
    0x72, 0x73, 0x65, 0x4d, 0x61, 0x78, 0x4e, 0x65, 0x77, 0x28, 0x6d, 0x61,
    0x78, 0x4e, 0x65, 0x77, 0x56, 0x61, 0x6c, 0x75, 0x65, 0x29, 0x3b, 0x0a,
    0x20, 0x20, 0x20, 0x20, 0x69, 0x66, 0x20, 0x28, 0x6d, 0x6f, 0x64, 0x65,
    0x20, 0x3d, 0x3d, 0x3d, 0x20, 0x22, 0x70, 0x72, 0x6f, 0x6d, 0x70, 0x74,
    0x22, 0x29, 0x20, 0x7b, 0x0a, 0x20, 0x20, 0x20, 0x20, 0x20, 0x20, 0x63,
    0x6f, 0x6e, 0x73, 0x74, 0x20, 0x70, 0x72, 0x6f, 0x6d, 0x70, 0x74, 0x42,
    0x79, 0x74, 0x65, 0x73, 0x20, 0x3d, 0x20, 0x75, 0x74, 0x66, 0x38, 0x45,
    0x6e, 0x63, 0x6f, 0x64, 0x65, 0x72, 0x2e, 0x65, 0x6e, 0x63, 0x6f, 0x64,
    0x65, 0x28, 0x53, 0x74, 0x72, 0x69, 0x6e, 0x67, 0x28, 0x70, 0x72, 0x6f,
    0x6d, 0x70, 0x74, 0x29, 0x29, 0x3b, 0x0a, 0x20, 0x20, 0x20, 0x20, 0x20,
    0x20, 0x69, 0x66, 0x20, 0x28, 0x70, 0x72, 0x6f, 0x6d, 0x70, 0x74, 0x42,
    0x79, 0x74, 0x65, 0x73, 0x2e, 0x6c, 0x65, 0x6e, 0x67, 0x74, 0x68, 0x20,
    0x3d, 0x3d, 0x3d, 0x20, 0x30, 0x29, 0x20, 0x7b, 0x0a, 0x20, 0x20, 0x20,
    0x20, 0x20, 0x20, 0x20, 0x20, 0x74, 0x68, 0x72, 0x6f, 0x77, 0x20, 0x6e,
    0x65, 0x77, 0x20, 0x55, 0x69, 0x49, 0x6e, 0x70, 0x75, 0x74, 0x45, 0x72,
    0x72, 0x6f, 0x72, 0x28, 0x22, 0x45, 0x6e, 0x74, 0x65, 0x72, 0x20, 0x61,
    0x20, 0x6e, 0x6f, 0x6e, 0x2d, 0x65, 0x6d, 0x70, 0x74, 0x79, 0x20, 0x70,
    0x72, 0x6f, 0x6d, 0x70, 0x74, 0x2e, 0x22, 0x29, 0x3b, 0x0a, 0x20, 0x20,
    0x20, 0x20, 0x20, 0x20, 0x7d, 0x0a, 0x20, 0x20, 0x20, 0x20, 0x20, 0x20,
    0x69, 0x66, 0x20, 0x28, 0x70, 0x72, 0x6f, 0x6d, 0x70, 0x74, 0x42, 0x79,
    0x74, 0x65, 0x73, 0x2e, 0x6c, 0x65, 0x6e, 0x67, 0x74, 0x68, 0x20, 0x3e,
    0x20, 0x4c, 0x49, 0x4d, 0x49, 0x54, 0x53, 0x2e, 0x6d, 0x61, 0x78, 0x50,
    0x72, 0x6f, 0x6d, 0x70, 0x74, 0x42, 0x79, 0x74, 0x65, 0x73, 0x29, 0x20,
    0x7b, 0x0a, 0x20, 0x20, 0x20, 0x20, 0x20, 0x20, 0x20, 0x20, 0x74, 0x68,
    0x72, 0x6f, 0x77, 0x20, 0x6e, 0x65, 0x77, 0x20, 0x55, 0x69, 0x49, 0x6e,
    0x70, 0x75, 0x74, 0x45, 0x72, 0x72, 0x6f, 0x72, 0x28, 0x22, 0x54, 0x68,
    0x65, 0x20, 0x55, 0x54, 0x46, 0x2d, 0x38, 0x20, 0x70, 0x72, 0x6f, 0x6d,
    0x70, 0x74, 0x20, 0x65, 0x78, 0x63, 0x65, 0x65, 0x64, 0x73, 0x20, 0x34,
    0x30, 0x39, 0x36, 0x20, 0x62, 0x79, 0x74, 0x65, 0x73, 0x2e, 0x22, 0x29,
    0x3b, 0x0a, 0x20, 0x20, 0x20, 0x20, 0x20, 0x20, 0x7d, 0x0a, 0x20, 0x20,
    0x20, 0x20, 0x20, 0x20, 0x72, 0x65, 0x74, 0x75, 0x72, 0x6e, 0x20, 0x7b,
    0x20, 0x70, 0x72, 0x6f, 0x6d, 0x70, 0x74, 0x3a, 0x20, 0x53, 0x74, 0x72,
    0x69, 0x6e, 0x67, 0x28, 0x70, 0x72, 0x6f, 0x6d, 0x70, 0x74, 0x29, 0x2c,
    0x20, 0x6d, 0x61, 0x78, 0x5f, 0x6e, 0x65, 0x77, 0x5f, 0x74, 0x6f, 0x6b,
    0x65, 0x6e, 0x73, 0x3a, 0x20, 0x6d, 0x61, 0x78, 0x4e, 0x65, 0x77, 0x54,
    0x6f, 0x6b, 0x65, 0x6e, 0x73, 0x20, 0x7d, 0x3b, 0x0a, 0x20, 0x20, 0x20,
    0x20, 0x7d, 0x0a, 0x20, 0x20, 0x20, 0x20, 0x69, 0x66, 0x20, 0x28, 0x6d,
    0x6f, 0x64, 0x65, 0x20, 0x3d, 0x3d, 0x3d, 0x20, 0x22, 0x74, 0x6f, 0x6b,
    0x65, 0x6e, 0x73, 0x22, 0x29, 0x20, 0x7b, 0x0a, 0x20, 0x20, 0x20, 0x20,
    0x20, 0x20, 0x72, 0x65, 0x74, 0x75, 0x72, 0x6e, 0x20, 0x7b, 0x20, 0x74,
    0x6f, 0x6b, 0x65, 0x6e, 0x73, 0x3a, 0x20, 0x70, 0x61, 0x72, 0x73, 0x65,
    0x54, 0x6f, 0x6b, 0x65, 0x6e, 0x49, 0x64, 0x73, 0x28, 0x74, 0x6f, 0x6b,
    0x65, 0x6e, 0x54, 0x65, 0x78, 0x74, 0x29, 0x2c, 0x20, 0x6d, 0x61, 0x78,
    0x5f, 0x6e, 0x65, 0x77, 0x5f, 0x74, 0x6f, 0x6b, 0x65, 0x6e, 0x73, 0x3a,
    0x20, 0x6d, 0x61, 0x78, 0x4e, 0x65, 0x77, 0x54, 0x6f, 0x6b, 0x65, 0x6e,
    0x73, 0x20, 0x7d, 0x3b, 0x0a, 0x20, 0x20, 0x20, 0x20, 0x7d, 0x0a, 0x20,
    0x20, 0x20, 0x20, 0x74, 0x68, 0x72, 0x6f, 0x77, 0x20, 0x6e, 0x65, 0x77,
    0x20, 0x55, 0x69, 0x49, 0x6e, 0x70, 0x75, 0x74, 0x45, 0x72, 0x72, 0x6f,
    0x72, 0x28, 0x22, 0x43, 0x68, 0x6f, 0x6f, 0x73, 0x65, 0x20, 0x70, 0x72,
    0x6f, 0x6d, 0x70, 0x74, 0x20, 0x74, 0x65, 0x78, 0x74, 0x20, 0x6f, 0x72,
    0x20, 0x74, 0x6f, 0x6b, 0x65, 0x6e, 0x20, 0x49, 0x44, 0x73, 0x2e, 0x22,
    0x29, 0x3b, 0x0a, 0x20, 0x20, 0x7d, 0x0a, 0x0a, 0x20, 0x20, 0x66, 0x75,
    0x6e, 0x63, 0x74, 0x69, 0x6f, 0x6e, 0x20, 0x64, 0x65, 0x63, 0x6f, 0x64,
    0x65, 0x4f, 0x75, 0x74, 0x70, 0x75, 0x74, 0x42, 0x79, 0x74, 0x65, 0x73,
    0x28, 0x62, 0x79, 0x74, 0x65, 0x73, 0x29, 0x20, 0x7b, 0x0a, 0x20, 0x20,
    0x20, 0x20, 0x63, 0x6f, 0x6e, 0x73, 0x74, 0x20, 0x76, 0x69, 0x65, 0x77,
    0x20, 0x3d, 0x20, 0x62, 0x79, 0x74, 0x65, 0x73, 0x20, 0x69, 0x6e, 0x73,
    0x74, 0x61, 0x6e, 0x63, 0x65, 0x6f, 0x66, 0x20, 0x55, 0x69, 0x6e, 0x74,
    0x38, 0x41, 0x72, 0x72, 0x61, 0x79, 0x20, 0x3f, 0x20, 0x62, 0x79, 0x74,
    0x65, 0x73, 0x20, 0x3a, 0x20, 0x6e, 0x65, 0x77, 0x20, 0x55, 0x69, 0x6e,
    0x74, 0x38, 0x41, 0x72, 0x72, 0x61, 0x79, 0x28, 0x62, 0x79, 0x74, 0x65,
    0x73, 0x29, 0x3b, 0x0a, 0x20, 0x20, 0x20, 0x20, 0x72, 0x65, 0x74, 0x75,
    0x72, 0x6e, 0x20, 0x75, 0x74, 0x66, 0x38, 0x44, 0x65, 0x63, 0x6f, 0x64,
    0x65, 0x72, 0x2e, 0x64, 0x65, 0x63, 0x6f, 0x64, 0x65, 0x28, 0x76, 0x69,
    0x65, 0x77, 0x29, 0x3b, 0x0a, 0x20, 0x20, 0x7d, 0x0a, 0x0a, 0x20, 0x20,
    0x66, 0x75, 0x6e, 0x63, 0x74, 0x69, 0x6f, 0x6e, 0x20, 0x73, 0x65, 0x72,
    0x69, 0x61, 0x6c, 0x69, 0x7a, 0x65, 0x47, 0x65, 0x6e, 0x65, 0x72, 0x61,
    0x74, 0x65, 0x52, 0x65, 0x71, 0x75, 0x65, 0x73, 0x74, 0x28, 0x72, 0x65,
    0x71, 0x75, 0x65, 0x73, 0x74, 0x29, 0x20, 0x7b, 0x0a, 0x20, 0x20, 0x20,
    0x20, 0x63, 0x6f, 0x6e, 0x73, 0x74, 0x20, 0x62, 0x6f, 0x64, 0x79, 0x20,
    0x3d, 0x20, 0x4a, 0x53, 0x4f, 0x4e, 0x2e, 0x73, 0x74, 0x72, 0x69, 0x6e,
    0x67, 0x69, 0x66, 0x79, 0x28, 0x72, 0x65, 0x71, 0x75, 0x65, 0x73, 0x74,
    0x29, 0x3b, 0x0a, 0x20, 0x20, 0x20, 0x20, 0x69, 0x66, 0x20, 0x28, 0x75,
    0x74, 0x66, 0x38, 0x45, 0x6e, 0x63, 0x6f, 0x64, 0x65, 0x72, 0x2e, 0x65,
    0x6e, 0x63, 0x6f, 0x64, 0x65, 0x28, 0x62, 0x6f, 0x64, 0x79, 0x29, 0x2e,
    0x6c, 0x65, 0x6e, 0x67, 0x74, 0x68, 0x20, 0x3e, 0x20, 0x4c, 0x49, 0x4d,
    0x49, 0x54, 0x53, 0x2e, 0x6d, 0x61, 0x78, 0x52, 0x65, 0x71, 0x75, 0x65,
    0x73, 0x74, 0x42, 0x79, 0x74, 0x65, 0x73, 0x29, 0x20, 0x7b, 0x0a, 0x20,
    0x20, 0x20, 0x20, 0x20, 0x20, 0x74, 0x68, 0x72, 0x6f, 0x77, 0x20, 0x6e,
    0x65, 0x77, 0x20, 0x55, 0x69, 0x49, 0x6e, 0x70, 0x75, 0x74, 0x45, 0x72,
    0x72, 0x6f, 0x72, 0x28, 0x22, 0x54, 0x68, 0x65, 0x20, 0x65, 0x6e, 0x63,
    0x6f, 0x64, 0x65, 0x64, 0x20, 0x4a, 0x53, 0x4f, 0x4e, 0x20, 0x72, 0x65,
    0x71, 0x75, 0x65, 0x73, 0x74, 0x20, 0x65, 0x78, 0x63, 0x65, 0x65, 0x64,
    0x73, 0x20, 0x74, 0x68, 0x65, 0x20, 0x38, 0x31, 0x39, 0x32, 0x2d, 0x62,
    0x79, 0x74, 0x65, 0x20, 0x48, 0x54, 0x54, 0x50, 0x20, 0x6c, 0x69, 0x6d,
    0x69, 0x74, 0x2e, 0x22, 0x29, 0x3b, 0x0a, 0x20, 0x20, 0x20, 0x20, 0x7d,
    0x0a, 0x20, 0x20, 0x20, 0x20, 0x72, 0x65, 0x74, 0x75, 0x72, 0x6e, 0x20,
    0x62, 0x6f, 0x64, 0x79, 0x3b, 0x0a, 0x20, 0x20, 0x7d, 0x0a, 0x0a, 0x20,
    0x20, 0x66, 0x75, 0x6e, 0x63, 0x74, 0x69, 0x6f, 0x6e, 0x20, 0x69, 0x73,
    0x41, 0x63, 0x74, 0x69, 0x76, 0x65, 0x53, 0x74, 0x61, 0x74, 0x65, 0x28,
    0x76, 0x61, 0x6c, 0x75, 0x65, 0x29, 0x20, 0x7b, 0x0a, 0x20, 0x20, 0x20,
    0x20, 0x72, 0x65, 0x74, 0x75, 0x72, 0x6e, 0x20, 0x41, 0x43, 0x54, 0x49,
    0x56, 0x45, 0x5f, 0x53, 0x54, 0x41, 0x54, 0x45, 0x53, 0x2e, 0x68, 0x61,
    0x73, 0x28, 0x53, 0x74, 0x72, 0x69, 0x6e, 0x67, 0x28, 0x76, 0x61, 0x6c,
    0x75, 0x65, 0x29, 0x29, 0x3b, 0x0a, 0x20, 0x20, 0x7d, 0x0a, 0x0a, 0x20,
    0x20, 0x66, 0x75, 0x6e, 0x63, 0x74, 0x69, 0x6f, 0x6e, 0x20, 0x69, 0x73,
    0x54, 0x65, 0x72, 0x6d, 0x69, 0x6e, 0x61, 0x6c, 0x53, 0x74, 0x61, 0x74,
    0x65, 0x28, 0x76, 0x61, 0x6c, 0x75, 0x65, 0x29, 0x20, 0x7b, 0x0a, 0x20,
    0x20, 0x20, 0x20, 0x72, 0x65, 0x74, 0x75, 0x72, 0x6e, 0x20, 0x54, 0x45,
    0x52, 0x4d, 0x49, 0x4e, 0x41, 0x4c, 0x5f, 0x53, 0x54, 0x41, 0x54, 0x45,
    0x53, 0x2e, 0x68, 0x61, 0x73, 0x28, 0x53, 0x74, 0x72, 0x69, 0x6e, 0x67,
    0x28, 0x76, 0x61, 0x6c, 0x75, 0x65, 0x29, 0x29, 0x3b, 0x0a, 0x20, 0x20,
    0x7d, 0x0a, 0x0a, 0x20, 0x20, 0x66, 0x75, 0x6e, 0x63, 0x74, 0x69, 0x6f,
    0x6e, 0x20, 0x65, 0x72, 0x72, 0x6f, 0x72, 0x4d, 0x65, 0x73, 0x73, 0x61,
    0x67, 0x65, 0x28, 0x70, 0x61, 0x79, 0x6c, 0x6f, 0x61, 0x64, 0x2c, 0x20,
    0x66, 0x61, 0x6c, 0x6c, 0x62, 0x61, 0x63, 0x6b, 0x29, 0x20, 0x7b, 0x0a,
    0x20, 0x20, 0x20, 0x20, 0x69, 0x66, 0x20, 0x28, 0x70, 0x61, 0x79, 0x6c,
    0x6f, 0x61, 0x64, 0x20, 0x26, 0x26, 0x20, 0x74, 0x79, 0x70, 0x65, 0x6f,
    0x66, 0x20, 0x70, 0x61, 0x79, 0x6c, 0x6f, 0x61, 0x64, 0x20, 0x3d, 0x3d,
    0x3d, 0x20, 0x22, 0x6f, 0x62, 0x6a, 0x65, 0x63, 0x74, 0x22, 0x20, 0x26,
    0x26, 0x20, 0x70, 0x61, 0x79, 0x6c, 0x6f, 0x61, 0x64, 0x2e, 0x65, 0x72,
    0x72, 0x6f, 0x72, 0x20, 0x26, 0x26, 0x0a, 0x20, 0x20, 0x20, 0x20, 0x20,
    0x20, 0x20, 0x20, 0x74, 0x79, 0x70, 0x65, 0x6f, 0x66, 0x20, 0x70, 0x61,
    0x79, 0x6c, 0x6f, 0x61, 0x64, 0x2e, 0x65, 0x72, 0x72, 0x6f, 0x72, 0x20,
    0x3d, 0x3d, 0x3d, 0x20, 0x22, 0x6f, 0x62, 0x6a, 0x65, 0x63, 0x74, 0x22,
    0x29, 0x20, 0x7b, 0x0a, 0x20, 0x20, 0x20, 0x20, 0x20, 0x20, 0x69, 0x66,
    0x20, 0x28, 0x74, 0x79, 0x70, 0x65, 0x6f, 0x66, 0x20, 0x70, 0x61, 0x79,
    0x6c, 0x6f, 0x61, 0x64, 0x2e, 0x65, 0x72, 0x72, 0x6f, 0x72, 0x2e, 0x6d,
    0x65, 0x73, 0x73, 0x61, 0x67, 0x65, 0x20, 0x3d, 0x3d, 0x3d, 0x20, 0x22,
    0x73, 0x74, 0x72, 0x69, 0x6e, 0x67, 0x22, 0x20, 0x26, 0x26, 0x20, 0x70,
    0x61, 0x79, 0x6c, 0x6f, 0x61, 0x64, 0x2e, 0x65, 0x72, 0x72, 0x6f, 0x72,
    0x2e, 0x6d, 0x65, 0x73, 0x73, 0x61, 0x67, 0x65, 0x2e, 0x6c, 0x65, 0x6e,
    0x67, 0x74, 0x68, 0x20, 0x3e, 0x20, 0x30, 0x29, 0x20, 0x7b, 0x0a, 0x20,
    0x20, 0x20, 0x20, 0x20, 0x20, 0x20, 0x20, 0x72, 0x65, 0x74, 0x75, 0x72,
    0x6e, 0x20, 0x70, 0x61, 0x79, 0x6c, 0x6f, 0x61, 0x64, 0x2e, 0x65, 0x72,
    0x72, 0x6f, 0x72, 0x2e, 0x6d, 0x65, 0x73, 0x73, 0x61, 0x67, 0x65, 0x3b,
    0x0a, 0x20, 0x20, 0x20, 0x20, 0x20, 0x20, 0x7d, 0x0a, 0x20, 0x20, 0x20,
    0x20, 0x20, 0x20, 0x69, 0x66, 0x20, 0x28, 0x74, 0x79, 0x70, 0x65, 0x6f,
    0x66, 0x20, 0x70, 0x61, 0x79, 0x6c, 0x6f, 0x61, 0x64, 0x2e, 0x65, 0x72,
    0x72, 0x6f, 0x72, 0x2e, 0x63, 0x6f, 0x64, 0x65, 0x20, 0x3d, 0x3d, 0x3d,
    0x20, 0x22, 0x73, 0x74, 0x72, 0x69, 0x6e, 0x67, 0x22, 0x20, 0x26, 0x26,
    0x20, 0x70, 0x61, 0x79, 0x6c, 0x6f, 0x61, 0x64, 0x2e, 0x65, 0x72, 0x72,
    0x6f, 0x72, 0x2e, 0x63, 0x6f, 0x64, 0x65, 0x2e, 0x6c, 0x65, 0x6e, 0x67,
    0x74, 0x68, 0x20, 0x3e, 0x20, 0x30, 0x29, 0x20, 0x7b, 0x0a, 0x20, 0x20,
    0x20, 0x20, 0x20, 0x20, 0x20, 0x20, 0x72, 0x65, 0x74, 0x75, 0x72, 0x6e,
    0x20, 0x70, 0x61, 0x79, 0x6c, 0x6f, 0x61, 0x64, 0x2e, 0x65, 0x72, 0x72,
    0x6f, 0x72, 0x2e, 0x63, 0x6f, 0x64, 0x65, 0x3b, 0x0a, 0x20, 0x20, 0x20,
    0x20, 0x20, 0x20, 0x7d, 0x0a, 0x20, 0x20, 0x20, 0x20, 0x7d, 0x0a, 0x20,
    0x20, 0x20, 0x20, 0x72, 0x65, 0x74, 0x75, 0x72, 0x6e, 0x20, 0x66, 0x61,
    0x6c, 0x6c, 0x62, 0x61, 0x63, 0x6b, 0x3b, 0x0a, 0x20, 0x20, 0x7d, 0x0a,
    0x0a, 0x20, 0x20, 0x63, 0x6f, 0x6e, 0x73, 0x74, 0x20, 0x74, 0x65, 0x73,
    0x74, 0x41, 0x70, 0x69, 0x20, 0x3d, 0x20, 0x4f, 0x62, 0x6a, 0x65, 0x63,
    0x74, 0x2e, 0x66, 0x72, 0x65, 0x65, 0x7a, 0x65, 0x28, 0x7b, 0x0a, 0x20,
    0x20, 0x20, 0x20, 0x4c, 0x49, 0x4d, 0x49, 0x54, 0x53, 0x2c, 0x0a, 0x20,
    0x20, 0x20, 0x20, 0x55, 0x69, 0x49, 0x6e, 0x70, 0x75, 0x74, 0x45, 0x72,
    0x72, 0x6f, 0x72, 0x2c, 0x0a, 0x20, 0x20, 0x20, 0x20, 0x41, 0x70, 0x69,
    0x45, 0x72, 0x72, 0x6f, 0x72, 0x2c, 0x0a, 0x20, 0x20, 0x20, 0x20, 0x70,
    0x61, 0x72, 0x73, 0x65, 0x4d, 0x61, 0x78, 0x4e, 0x65, 0x77, 0x2c, 0x0a,
    0x20, 0x20, 0x20, 0x20, 0x70, 0x61, 0x72, 0x73, 0x65, 0x54, 0x6f, 0x6b,
    0x65, 0x6e, 0x49, 0x64, 0x73, 0x2c, 0x0a, 0x20, 0x20, 0x20, 0x20, 0x62,
    0x75, 0x69, 0x6c, 0x64, 0x47, 0x65, 0x6e, 0x65, 0x72, 0x61, 0x74, 0x65,
    0x52, 0x65, 0x71, 0x75, 0x65, 0x73, 0x74, 0x2c, 0x0a, 0x20, 0x20, 0x20,
    0x20, 0x73, 0x65, 0x72, 0x69, 0x61, 0x6c, 0x69, 0x7a, 0x65, 0x47, 0x65,
    0x6e, 0x65, 0x72, 0x61, 0x74, 0x65, 0x52, 0x65, 0x71, 0x75, 0x65, 0x73,
    0x74, 0x2c, 0x0a, 0x20, 0x20, 0x20, 0x20, 0x64, 0x65, 0x63, 0x6f, 0x64,
    0x65, 0x4f, 0x75, 0x74, 0x70, 0x75, 0x74, 0x42, 0x79, 0x74, 0x65, 0x73,
    0x2c, 0x0a, 0x20, 0x20, 0x20, 0x20, 0x69, 0x73, 0x41, 0x63, 0x74, 0x69,
    0x76, 0x65, 0x53, 0x74, 0x61, 0x74, 0x65, 0x2c, 0x0a, 0x20, 0x20, 0x20,
    0x20, 0x69, 0x73, 0x54, 0x65, 0x72, 0x6d, 0x69, 0x6e, 0x61, 0x6c, 0x53,
    0x74, 0x61, 0x74, 0x65, 0x2c, 0x0a, 0x20, 0x20, 0x20, 0x20, 0x65, 0x72,
    0x72, 0x6f, 0x72, 0x4d, 0x65, 0x73, 0x73, 0x61, 0x67, 0x65, 0x0a, 0x20,
    0x20, 0x7d, 0x29, 0x3b, 0x0a, 0x20, 0x20, 0x69, 0x66, 0x20, 0x28, 0x74,
    0x79, 0x70, 0x65, 0x6f, 0x66, 0x20, 0x6d, 0x6f, 0x64, 0x75, 0x6c, 0x65,
    0x20, 0x21, 0x3d, 0x3d, 0x20, 0x22, 0x75, 0x6e, 0x64, 0x65, 0x66, 0x69,
    0x6e, 0x65, 0x64, 0x22, 0x20, 0x26, 0x26, 0x20, 0x6d, 0x6f, 0x64, 0x75,
    0x6c, 0x65, 0x2e, 0x65, 0x78, 0x70, 0x6f, 0x72, 0x74, 0x73, 0x29, 0x20,
    0x7b, 0x0a, 0x20, 0x20, 0x20, 0x20, 0x6d, 0x6f, 0x64, 0x75, 0x6c, 0x65,
    0x2e, 0x65, 0x78, 0x70, 0x6f, 0x72, 0x74, 0x73, 0x20, 0x3d, 0x20, 0x74,
    0x65, 0x73, 0x74, 0x41, 0x70, 0x69, 0x3b, 0x0a, 0x20, 0x20, 0x7d, 0x0a,
    0x20, 0x20, 0x72, 0x6f, 0x6f, 0x74, 0x2e, 0x51, 0x77, 0x65, 0x62, 0x44,
    0x65, 0x6d, 0x6f, 0x54, 0x65, 0x73, 0x74, 0x20, 0x3d, 0x20, 0x74, 0x65,
    0x73, 0x74, 0x41, 0x70, 0x69, 0x3b, 0x0a, 0x0a, 0x20, 0x20, 0x69, 0x66,
    0x20, 0x28, 0x74, 0x79, 0x70, 0x65, 0x6f, 0x66, 0x20, 0x64, 0x6f, 0x63,
    0x75, 0x6d, 0x65, 0x6e, 0x74, 0x20, 0x3d, 0x3d, 0x3d, 0x20, 0x22, 0x75,
    0x6e, 0x64, 0x65, 0x66, 0x69, 0x6e, 0x65, 0x64, 0x22, 0x29, 0x20, 0x7b,
    0x0a, 0x20, 0x20, 0x20, 0x20, 0x72, 0x65, 0x74, 0x75, 0x72, 0x6e, 0x3b,
    0x0a, 0x20, 0x20, 0x7d, 0x0a, 0x0a, 0x20, 0x20, 0x63, 0x6f, 0x6e, 0x73,
    0x74, 0x20, 0x65, 0x6c, 0x65, 0x6d, 0x65, 0x6e, 0x74, 0x73, 0x20, 0x3d,
    0x20, 0x7b, 0x0a, 0x20, 0x20, 0x20, 0x20, 0x63, 0x6f, 0x6e, 0x6e, 0x65,
    0x63, 0x74, 0x69, 0x6f, 0x6e, 0x50, 0x69, 0x6c, 0x6c, 0x3a, 0x20, 0x64,
    0x6f, 0x63, 0x75, 0x6d, 0x65, 0x6e, 0x74, 0x2e, 0x67, 0x65, 0x74, 0x45,
    0x6c, 0x65, 0x6d, 0x65, 0x6e, 0x74, 0x42, 0x79, 0x49, 0x64, 0x28, 0x22,
    0x63, 0x6f, 0x6e, 0x6e, 0x65, 0x63, 0x74, 0x69, 0x6f, 0x6e, 0x50, 0x69,
    0x6c, 0x6c, 0x22, 0x29, 0x2c, 0x0a, 0x20, 0x20, 0x20, 0x20, 0x63, 0x6f,
    0x6e, 0x6e, 0x65, 0x63, 0x74, 0x69, 0x6f, 0x6e, 0x54, 0x65, 0x78, 0x74,
    0x3a, 0x20, 0x64, 0x6f, 0x63, 0x75, 0x6d, 0x65, 0x6e, 0x74, 0x2e, 0x67,
    0x65, 0x74, 0x45, 0x6c, 0x65, 0x6d, 0x65, 0x6e, 0x74, 0x42, 0x79, 0x49,
    0x64, 0x28, 0x22, 0x63, 0x6f, 0x6e, 0x6e, 0x65, 0x63, 0x74, 0x69, 0x6f,
    0x6e, 0x54, 0x65, 0x78, 0x74, 0x22, 0x29, 0x2c, 0x0a, 0x20, 0x20, 0x20,
    0x20, 0x72, 0x65, 0x66, 0x72, 0x65, 0x73, 0x68, 0x48, 0x65, 0x61, 0x6c,
    0x74, 0x68, 0x3a, 0x20, 0x64, 0x6f, 0x63, 0x75, 0x6d, 0x65, 0x6e, 0x74,
    0x2e, 0x67, 0x65, 0x74, 0x45, 0x6c, 0x65, 0x6d, 0x65, 0x6e, 0x74, 0x42,
    0x79, 0x49, 0x64, 0x28, 0x22, 0x72, 0x65, 0x66, 0x72, 0x65, 0x73, 0x68,
    0x48, 0x65, 0x61, 0x6c, 0x74, 0x68, 0x22, 0x29, 0x2c, 0x0a, 0x20, 0x20,
    0x20, 0x20, 0x66, 0x6f, 0x72, 0x6d, 0x3a, 0x20, 0x64, 0x6f, 0x63, 0x75,
    0x6d, 0x65, 0x6e, 0x74, 0x2e, 0x67, 0x65, 0x74, 0x45, 0x6c, 0x65, 0x6d,
    0x65, 0x6e, 0x74, 0x42, 0x79, 0x49, 0x64, 0x28, 0x22, 0x67, 0x65, 0x6e,
    0x65, 0x72, 0x61, 0x74, 0x65, 0x46, 0x6f, 0x72, 0x6d, 0x22, 0x29, 0x2c,
    0x0a, 0x20, 0x20, 0x20, 0x20, 0x6d, 0x6f, 0x64, 0x65, 0x49, 0x6e, 0x70,
    0x75, 0x74, 0x73, 0x3a, 0x20, 0x41, 0x72, 0x72, 0x61, 0x79, 0x2e, 0x66,
    0x72, 0x6f, 0x6d, 0x28, 0x64, 0x6f, 0x63, 0x75, 0x6d, 0x65, 0x6e, 0x74,
    0x2e, 0x71, 0x75, 0x65, 0x72, 0x79, 0x53, 0x65, 0x6c, 0x65, 0x63, 0x74,
    0x6f, 0x72, 0x41, 0x6c, 0x6c, 0x28, 0x27, 0x69, 0x6e, 0x70, 0x75, 0x74,
    0x5b, 0x6e, 0x61, 0x6d, 0x65, 0x3d, 0x22, 0x69, 0x6e, 0x70, 0x75, 0x74,
    0x4d, 0x6f, 0x64, 0x65, 0x22, 0x5d, 0x27, 0x29, 0x29, 0x2c, 0x0a, 0x20,
    0x20, 0x20, 0x20, 0x70, 0x72, 0x6f, 0x6d, 0x70, 0x74, 0x50, 0x61, 0x6e,
    0x65, 0x3a, 0x20, 0x64, 0x6f, 0x63, 0x75, 0x6d, 0x65, 0x6e, 0x74, 0x2e,
    0x67, 0x65, 0x74, 0x45, 0x6c, 0x65, 0x6d, 0x65, 0x6e, 0x74, 0x42, 0x79,
    0x49, 0x64, 0x28, 0x22, 0x70, 0x72, 0x6f, 0x6d, 0x70, 0x74, 0x50, 0x61,
    0x6e, 0x65, 0x22, 0x29, 0x2c, 0x0a, 0x20, 0x20, 0x20, 0x20, 0x74, 0x6f,
    0x6b, 0x65, 0x6e, 0x73, 0x50, 0x61, 0x6e, 0x65, 0x3a, 0x20, 0x64, 0x6f,
    0x63, 0x75, 0x6d, 0x65, 0x6e, 0x74, 0x2e, 0x67, 0x65, 0x74, 0x45, 0x6c,
    0x65, 0x6d, 0x65, 0x6e, 0x74, 0x42, 0x79, 0x49, 0x64, 0x28, 0x22, 0x74,
    0x6f, 0x6b, 0x65, 0x6e, 0x73, 0x50, 0x61, 0x6e, 0x65, 0x22, 0x29, 0x2c,
    0x0a, 0x20, 0x20, 0x20, 0x20, 0x70, 0x72, 0x6f, 0x6d, 0x70, 0x74, 0x49,
    0x6e, 0x70, 0x75, 0x74, 0x3a, 0x20, 0x64, 0x6f, 0x63, 0x75, 0x6d, 0x65,
    0x6e, 0x74, 0x2e, 0x67, 0x65, 0x74, 0x45, 0x6c, 0x65, 0x6d, 0x65, 0x6e,
    0x74, 0x42, 0x79, 0x49, 0x64, 0x28, 0x22, 0x70, 0x72, 0x6f, 0x6d, 0x70,
    0x74, 0x49, 0x6e, 0x70, 0x75, 0x74, 0x22, 0x29, 0x2c, 0x0a, 0x20, 0x20,
    0x20, 0x20, 0x70, 0x72, 0x6f, 0x6d, 0x70, 0x74, 0x42, 0x79, 0x74, 0x65,
    0x43, 0x6f, 0x75, 0x6e, 0x74, 0x3a, 0x20, 0x64, 0x6f, 0x63, 0x75, 0x6d,
    0x65, 0x6e, 0x74, 0x2e, 0x67, 0x65, 0x74, 0x45, 0x6c, 0x65, 0x6d, 0x65,
    0x6e, 0x74, 0x42, 0x79, 0x49, 0x64, 0x28, 0x22, 0x70, 0x72, 0x6f, 0x6d,
    0x70, 0x74, 0x42, 0x79, 0x74, 0x65, 0x43, 0x6f, 0x75, 0x6e, 0x74, 0x22,
    0x29, 0x2c, 0x0a, 0x20, 0x20, 0x20, 0x20, 0x74, 0x6f, 0x6b, 0x65, 0x6e,
    0x49, 0x6e, 0x70, 0x75, 0x74, 0x3a, 0x20, 0x64, 0x6f, 0x63, 0x75, 0x6d,
    0x65, 0x6e, 0x74, 0x2e, 0x67, 0x65, 0x74, 0x45, 0x6c, 0x65, 0x6d, 0x65,
    0x6e, 0x74, 0x42, 0x79, 0x49, 0x64, 0x28, 0x22, 0x74, 0x6f, 0x6b, 0x65,
    0x6e, 0x49, 0x6e, 0x70, 0x75, 0x74, 0x22, 0x29, 0x2c, 0x0a, 0x20, 0x20,
    0x20, 0x20, 0x74, 0x6f, 0x6b, 0x65, 0x6e, 0x43, 0x6f, 0x75, 0x6e, 0x74,
    0x3a, 0x20, 0x64, 0x6f, 0x63, 0x75, 0x6d, 0x65, 0x6e, 0x74, 0x2e, 0x67,
    0x65, 0x74, 0x45, 0x6c, 0x65, 0x6d, 0x65, 0x6e, 0x74, 0x42, 0x79, 0x49,
    0x64, 0x28, 0x22, 0x74, 0x6f, 0x6b, 0x65, 0x6e, 0x43, 0x6f, 0x75, 0x6e,
    0x74, 0x22, 0x29, 0x2c, 0x0a, 0x20, 0x20, 0x20, 0x20, 0x6d, 0x61, 0x78,
    0x4e, 0x65, 0x77, 0x49, 0x6e, 0x70, 0x75, 0x74, 0x3a, 0x20, 0x64, 0x6f,
    0x63, 0x75, 0x6d, 0x65, 0x6e, 0x74, 0x2e, 0x67, 0x65, 0x74, 0x45, 0x6c,
    0x65, 0x6d, 0x65, 0x6e, 0x74, 0x42, 0x79, 0x49, 0x64, 0x28, 0x22, 0x6d,
    0x61, 0x78, 0x4e, 0x65, 0x77, 0x49, 0x6e, 0x70, 0x75, 0x74, 0x22, 0x29,
    0x2c, 0x0a, 0x20, 0x20, 0x20, 0x20, 0x66, 0x6f, 0x72, 0x6d, 0x45, 0x72,
    0x72, 0x6f, 0x72, 0x3a, 0x20, 0x64, 0x6f, 0x63, 0x75, 0x6d, 0x65, 0x6e,
    0x74, 0x2e, 0x67, 0x65, 0x74, 0x45, 0x6c, 0x65, 0x6d, 0x65, 0x6e, 0x74,
    0x42, 0x79, 0x49, 0x64, 0x28, 0x22, 0x66, 0x6f, 0x72, 0x6d, 0x45, 0x72,
    0x72, 0x6f, 0x72, 0x22, 0x29, 0x2c, 0x0a, 0x20, 0x20, 0x20, 0x20, 0x67,
    0x65, 0x6e, 0x65, 0x72, 0x61, 0x74, 0x65, 0x42, 0x75, 0x74, 0x74, 0x6f,
    0x6e, 0x3a, 0x20, 0x64, 0x6f, 0x63, 0x75, 0x6d, 0x65, 0x6e, 0x74, 0x2e,
    0x67, 0x65, 0x74, 0x45, 0x6c, 0x65, 0x6d, 0x65, 0x6e, 0x74, 0x42, 0x79,
    0x49, 0x64, 0x28, 0x22, 0x67, 0x65, 0x6e, 0x65, 0x72, 0x61, 0x74, 0x65,
    0x42, 0x75, 0x74, 0x74, 0x6f, 0x6e, 0x22, 0x29, 0x2c, 0x0a, 0x20, 0x20,
    0x20, 0x20, 0x62, 0x75, 0x74, 0x74, 0x6f, 0x6e, 0x4c, 0x61, 0x62, 0x65,
    0x6c, 0x3a, 0x20, 0x64, 0x6f, 0x63, 0x75, 0x6d, 0x65, 0x6e, 0x74, 0x2e,
    0x71, 0x75, 0x65, 0x72, 0x79, 0x53, 0x65, 0x6c, 0x65, 0x63, 0x74, 0x6f,
    0x72, 0x28, 0x22, 0x2e, 0x62, 0x75, 0x74, 0x74, 0x6f, 0x6e, 0x2d, 0x6c,
    0x61, 0x62, 0x65, 0x6c, 0x22, 0x29, 0x2c, 0x0a, 0x20, 0x20, 0x20, 0x20,
    0x73, 0x75, 0x62, 0x6d, 0x69, 0x74, 0x48, 0x69, 0x6e, 0x74, 0x3a, 0x20,
    0x64, 0x6f, 0x63, 0x75, 0x6d, 0x65, 0x6e, 0x74, 0x2e, 0x67, 0x65, 0x74,
    0x45, 0x6c, 0x65, 0x6d, 0x65, 0x6e, 0x74, 0x42, 0x79, 0x49, 0x64, 0x28,
    0x22, 0x73, 0x75, 0x62, 0x6d, 0x69, 0x74, 0x48, 0x69, 0x6e, 0x74, 0x22,
    0x29, 0x2c, 0x0a, 0x20, 0x20, 0x20, 0x20, 0x6a, 0x6f, 0x62, 0x53, 0x74,
    0x61, 0x74, 0x65, 0x3a, 0x20, 0x64, 0x6f, 0x63, 0x75, 0x6d, 0x65, 0x6e,
    0x74, 0x2e, 0x67, 0x65, 0x74, 0x45, 0x6c, 0x65, 0x6d, 0x65, 0x6e, 0x74,
    0x42, 0x79, 0x49, 0x64, 0x28, 0x22, 0x6a, 0x6f, 0x62, 0x53, 0x74, 0x61,
    0x74, 0x65, 0x22, 0x29, 0x2c, 0x0a, 0x20, 0x20, 0x20, 0x20, 0x6a, 0x6f,
    0x62, 0x49, 0x64, 0x3a, 0x20, 0x64, 0x6f, 0x63, 0x75, 0x6d, 0x65, 0x6e,
    0x74, 0x2e, 0x67, 0x65, 0x74, 0x45, 0x6c, 0x65, 0x6d, 0x65, 0x6e, 0x74,
    0x42, 0x79, 0x49, 0x64, 0x28, 0x22, 0x6a, 0x6f, 0x62, 0x49, 0x64, 0x22,
    0x29, 0x2c, 0x0a, 0x20, 0x20, 0x20, 0x20, 0x70, 0x72, 0x6f, 0x6d, 0x70,
    0x74, 0x50, 0x72, 0x6f, 0x67, 0x72, 0x65, 0x73, 0x73, 0x3a, 0x20, 0x64,
    0x6f, 0x63, 0x75, 0x6d, 0x65, 0x6e, 0x74, 0x2e, 0x67, 0x65, 0x74, 0x45,
    0x6c, 0x65, 0x6d, 0x65, 0x6e, 0x74, 0x42, 0x79, 0x49, 0x64, 0x28, 0x22,
    0x70, 0x72, 0x6f, 0x6d, 0x70, 0x74, 0x50, 0x72, 0x6f, 0x67, 0x72, 0x65,
    0x73, 0x73, 0x22, 0x29, 0x2c, 0x0a, 0x20, 0x20, 0x20, 0x20, 0x67, 0x65,
    0x6e, 0x65, 0x72, 0x61, 0x74, 0x65, 0x64, 0x43, 0x6f, 0x75, 0x6e, 0x74,
    0x3a, 0x20, 0x64, 0x6f, 0x63, 0x75, 0x6d, 0x65, 0x6e, 0x74, 0x2e, 0x67,
    0x65, 0x74, 0x45, 0x6c, 0x65, 0x6d, 0x65, 0x6e, 0x74, 0x42, 0x79, 0x49,
    0x64, 0x28, 0x22, 0x67, 0x65, 0x6e, 0x65, 0x72, 0x61, 0x74, 0x65, 0x64,
    0x43, 0x6f, 0x75, 0x6e, 0x74, 0x22, 0x29, 0x2c, 0x0a, 0x20, 0x20, 0x20,
    0x20, 0x73, 0x74, 0x6f, 0x70, 0x52, 0x65, 0x61, 0x73, 0x6f, 0x6e, 0x3a,
    0x20, 0x64, 0x6f, 0x63, 0x75, 0x6d, 0x65, 0x6e, 0x74, 0x2e, 0x67, 0x65,
    0x74, 0x45, 0x6c, 0x65, 0x6d, 0x65, 0x6e, 0x74, 0x42, 0x79, 0x49, 0x64,
    0x28, 0x22, 0x73, 0x74, 0x6f, 0x70, 0x52, 0x65, 0x61, 0x73, 0x6f, 0x6e,
    0x22, 0x29, 0x2c, 0x0a, 0x20, 0x20, 0x20, 0x20, 0x70, 0x72, 0x6f, 0x67,
    0x72, 0x65, 0x73, 0x73, 0x42, 0x61, 0x72, 0x3a, 0x20, 0x64, 0x6f, 0x63,
    0x75, 0x6d, 0x65, 0x6e, 0x74, 0x2e, 0x67, 0x65, 0x74, 0x45, 0x6c, 0x65,
    0x6d, 0x65, 0x6e, 0x74, 0x42, 0x79, 0x49, 0x64, 0x28, 0x22, 0x70, 0x72,
    0x6f, 0x67, 0x72, 0x65, 0x73, 0x73, 0x42, 0x61, 0x72, 0x22, 0x29, 0x2c,
    0x0a, 0x20, 0x20, 0x20, 0x20, 0x6f, 0x75, 0x74, 0x70, 0x75, 0x74, 0x54,
    0x65, 0x78, 0x74, 0x3a, 0x20, 0x64, 0x6f, 0x63, 0x75, 0x6d, 0x65, 0x6e,
    0x74, 0x2e, 0x67, 0x65, 0x74, 0x45, 0x6c, 0x65, 0x6d, 0x65, 0x6e, 0x74,
    0x42, 0x79, 0x49, 0x64, 0x28, 0x22, 0x6f, 0x75, 0x74, 0x70, 0x75, 0x74,
    0x54, 0x65, 0x78, 0x74, 0x22, 0x29, 0x2c, 0x0a, 0x20, 0x20, 0x20, 0x20,
    0x6f, 0x75, 0x74, 0x70, 0x75, 0x74, 0x42, 0x79, 0x74, 0x65, 0x43, 0x6f,
    0x75, 0x6e, 0x74, 0x3a, 0x20, 0x64, 0x6f, 0x63, 0x75, 0x6d, 0x65, 0x6e,
    0x74, 0x2e, 0x67, 0x65, 0x74, 0x45, 0x6c, 0x65, 0x6d, 0x65, 0x6e, 0x74,
    0x42, 0x79, 0x49, 0x64, 0x28, 0x22, 0x6f, 0x75, 0x74, 0x70, 0x75, 0x74,
    0x42, 0x79, 0x74, 0x65, 0x43, 0x6f, 0x75, 0x6e, 0x74, 0x22, 0x29, 0x2c,
    0x0a, 0x20, 0x20, 0x20, 0x20, 0x74, 0x6f, 0x6b, 0x65, 0x6e, 0x52, 0x6f,
    0x77, 0x73, 0x3a, 0x20, 0x64, 0x6f, 0x63, 0x75, 0x6d, 0x65, 0x6e, 0x74,
    0x2e, 0x67, 0x65, 0x74, 0x45, 0x6c, 0x65, 0x6d, 0x65, 0x6e, 0x74, 0x42,
    0x79, 0x49, 0x64, 0x28, 0x22, 0x74, 0x6f, 0x6b, 0x65, 0x6e, 0x52, 0x6f,
    0x77, 0x73, 0x22, 0x29, 0x2c, 0x0a, 0x20, 0x20, 0x20, 0x20, 0x72, 0x75,
    0x6e, 0x74, 0x69, 0x6d, 0x65, 0x4d, 0x65, 0x73, 0x73, 0x61, 0x67, 0x65,
    0x3a, 0x20, 0x64, 0x6f, 0x63, 0x75, 0x6d, 0x65, 0x6e, 0x74, 0x2e, 0x67,
    0x65, 0x74, 0x45, 0x6c, 0x65, 0x6d, 0x65, 0x6e, 0x74, 0x42, 0x79, 0x49,
    0x64, 0x28, 0x22, 0x72, 0x75, 0x6e, 0x74, 0x69, 0x6d, 0x65, 0x4d, 0x65,
    0x73, 0x73, 0x61, 0x67, 0x65, 0x22, 0x29, 0x0a, 0x20, 0x20, 0x7d, 0x3b,
    0x0a, 0x0a, 0x20, 0x20, 0x63, 0x6f, 0x6e, 0x73, 0x74, 0x20, 0x73, 0x74,
    0x61, 0x74, 0x65, 0x20, 0x3d, 0x20, 0x7b, 0x0a, 0x20, 0x20, 0x20, 0x20,
    0x63, 0x6f, 0x6e, 0x6e, 0x65, 0x63, 0x74, 0x65, 0x64, 0x3a, 0x20, 0x66,
    0x61, 0x6c, 0x73, 0x65, 0x2c, 0x0a, 0x20, 0x20, 0x20, 0x20, 0x72, 0x65,
    0x61, 0x64, 0x79, 0x3a, 0x20, 0x66, 0x61, 0x6c, 0x73, 0x65, 0x2c, 0x0a,
    0x20, 0x20, 0x20, 0x20, 0x72, 0x65, 0x6d, 0x6f, 0x74, 0x65, 0x53, 0x74,
    0x61, 0x74, 0x65, 0x3a, 0x20, 0x22, 0x75, 0x6e, 0x6b, 0x6e, 0x6f, 0x77,
    0x6e, 0x22, 0x2c, 0x0a, 0x20, 0x20, 0x20, 0x20, 0x61, 0x63, 0x74, 0x69,
    0x76, 0x65, 0x4a, 0x6f, 0x62, 0x49, 0x64, 0x3a, 0x20, 0x6e, 0x75, 0x6c,
    0x6c, 0x2c, 0x0a, 0x20, 0x20, 0x20, 0x20, 0x73, 0x75, 0x62, 0x6d, 0x69,
    0x74, 0x74, 0x69, 0x6e, 0x67, 0x3a, 0x20, 0x66, 0x61, 0x6c, 0x73, 0x65,
    0x2c, 0x0a, 0x20, 0x20, 0x20, 0x20, 0x68, 0x65, 0x61, 0x6c, 0x74, 0x68,
    0x50, 0x65, 0x6e, 0x64, 0x69, 0x6e, 0x67, 0x3a, 0x20, 0x66, 0x61, 0x6c,
    0x73, 0x65, 0x2c, 0x0a, 0x20, 0x20, 0x20, 0x20, 0x70, 0x6f, 0x6c, 0x6c,
    0x54, 0x69, 0x6d, 0x65, 0x72, 0x3a, 0x20, 0x6e, 0x75, 0x6c, 0x6c, 0x2c,
    0x0a, 0x20, 0x20, 0x20, 0x20, 0x68, 0x65, 0x61, 0x6c, 0x74, 0x68, 0x54,
    0x69, 0x6d, 0x65, 0x72, 0x3a, 0x20, 0x6e, 0x75, 0x6c, 0x6c, 0x2c, 0x0a,
    0x20, 0x20, 0x20, 0x20, 0x6e, 0x65, 0x74, 0x77, 0x6f, 0x72, 0x6b, 0x46,
    0x61, 0x69, 0x6c, 0x75, 0x72, 0x65, 0x73, 0x3a, 0x20, 0x30, 0x2c, 0x0a,
    0x20, 0x20, 0x20, 0x20, 0x65, 0x78, 0x70, 0x65, 0x63, 0x74, 0x65, 0x64,
    0x4d, 0x61, 0x78, 0x4e, 0x65, 0x77, 0x3a, 0x20, 0x30, 0x2c, 0x0a, 0x20,
    0x20, 0x20, 0x20, 0x6c, 0x61, 0x73, 0x74, 0x4f, 0x75, 0x74, 0x70, 0x75,
    0x74, 0x4c, 0x65, 0x6e, 0x67, 0x74, 0x68, 0x3a, 0x20, 0x2d, 0x31, 0x0a,
    0x20, 0x20, 0x7d, 0x3b, 0x0a, 0x0a, 0x20, 0x20, 0x66, 0x75, 0x6e, 0x63,
    0x74, 0x69, 0x6f, 0x6e, 0x20, 0x63, 0x75, 0x72, 0x72, 0x65, 0x6e, 0x74,
    0x4d, 0x6f, 0x64, 0x65, 0x28, 0x29, 0x20, 0x7b, 0x0a, 0x20, 0x20, 0x20,
    0x20, 0x63, 0x6f, 0x6e, 0x73, 0x74, 0x20, 0x73, 0x65, 0x6c, 0x65, 0x63,
    0x74, 0x65, 0x64, 0x20, 0x3d, 0x20, 0x65, 0x6c, 0x65, 0x6d, 0x65, 0x6e,
    0x74, 0x73, 0x2e, 0x6d, 0x6f, 0x64, 0x65, 0x49, 0x6e, 0x70, 0x75, 0x74,
    0x73, 0x2e, 0x66, 0x69, 0x6e, 0x64, 0x28, 0x28, 0x69, 0x6e, 0x70, 0x75,
    0x74, 0x29, 0x20, 0x3d, 0x3e, 0x20, 0x69, 0x6e, 0x70, 0x75, 0x74, 0x2e,
    0x63, 0x68, 0x65, 0x63, 0x6b, 0x65, 0x64, 0x29, 0x3b, 0x0a, 0x20, 0x20,
    0x20, 0x20, 0x72, 0x65, 0x74, 0x75, 0x72, 0x6e, 0x20, 0x73, 0x65, 0x6c,
    0x65, 0x63, 0x74, 0x65, 0x64, 0x20, 0x3f, 0x20, 0x73, 0x65, 0x6c, 0x65,
    0x63, 0x74, 0x65, 0x64, 0x2e, 0x76, 0x61, 0x6c, 0x75, 0x65, 0x20, 0x3a,
    0x20, 0x22, 0x70, 0x72, 0x6f, 0x6d, 0x70, 0x74, 0x22, 0x3b, 0x0a, 0x20,
    0x20, 0x7d, 0x0a, 0x0a, 0x20, 0x20, 0x66, 0x75, 0x6e, 0x63, 0x74, 0x69,
    0x6f, 0x6e, 0x20, 0x73, 0x65, 0x74, 0x43, 0x6f, 0x6e, 0x6e, 0x65, 0x63,
    0x74, 0x69, 0x6f, 0x6e, 0x28, 0x6b, 0x69, 0x6e, 0x64, 0x2c, 0x20, 0x74,
    0x65, 0x78, 0x74, 0x29, 0x20, 0x7b, 0x0a, 0x20, 0x20, 0x20, 0x20, 0x65,
    0x6c, 0x65, 0x6d, 0x65, 0x6e, 0x74, 0x73, 0x2e, 0x63, 0x6f, 0x6e, 0x6e,
    0x65, 0x63, 0x74, 0x69, 0x6f, 0x6e, 0x50, 0x69, 0x6c, 0x6c, 0x2e, 0x64,
    0x61, 0x74, 0x61, 0x73, 0x65, 0x74, 0x2e, 0x73, 0x74, 0x61, 0x74, 0x65,
    0x20, 0x3d, 0x20, 0x6b, 0x69, 0x6e, 0x64, 0x3b, 0x0a, 0x20, 0x20, 0x20,
    0x20, 0x65, 0x6c, 0x65, 0x6d, 0x65, 0x6e, 0x74, 0x73, 0x2e, 0x63, 0x6f,
    0x6e, 0x6e, 0x65, 0x63, 0x74, 0x69, 0x6f, 0x6e, 0x54, 0x65, 0x78, 0x74,
    0x2e, 0x74, 0x65, 0x78, 0x74, 0x43, 0x6f, 0x6e, 0x74, 0x65, 0x6e, 0x74,
    0x20, 0x3d, 0x20, 0x74, 0x65, 0x78, 0x74, 0x3b, 0x0a, 0x20, 0x20, 0x7d,
    0x0a, 0x0a, 0x20, 0x20, 0x66, 0x75, 0x6e, 0x63, 0x74, 0x69, 0x6f, 0x6e,
    0x20, 0x73, 0x65, 0x74, 0x52, 0x75, 0x6e, 0x74, 0x69, 0x6d, 0x65, 0x4d,
    0x65, 0x73, 0x73, 0x61, 0x67, 0x65, 0x28, 0x74, 0x65, 0x78, 0x74, 0x2c,
    0x20, 0x6b, 0x69, 0x6e, 0x64, 0x29, 0x20, 0x7b, 0x0a, 0x20, 0x20, 0x20,
    0x20, 0x65, 0x6c, 0x65, 0x6d, 0x65, 0x6e, 0x74, 0x73, 0x2e, 0x72, 0x75,
    0x6e, 0x74, 0x69, 0x6d, 0x65, 0x4d, 0x65, 0x73, 0x73, 0x61, 0x67, 0x65,
    0x2e, 0x74, 0x65, 0x78, 0x74, 0x43, 0x6f, 0x6e, 0x74, 0x65, 0x6e, 0x74,
    0x20, 0x3d, 0x20, 0x74, 0x65, 0x78, 0x74, 0x3b, 0x0a, 0x20, 0x20, 0x20,
    0x20, 0x69, 0x66, 0x20, 0x28, 0x6b, 0x69, 0x6e, 0x64, 0x29, 0x20, 0x7b,
    0x0a, 0x20, 0x20, 0x20, 0x20, 0x20, 0x20, 0x65, 0x6c, 0x65, 0x6d, 0x65,
    0x6e, 0x74, 0x73, 0x2e, 0x72, 0x75, 0x6e, 0x74, 0x69, 0x6d, 0x65, 0x4d,
    0x65, 0x73, 0x73, 0x61, 0x67, 0x65, 0x2e, 0x64, 0x61, 0x74, 0x61, 0x73,
    0x65, 0x74, 0x2e, 0x73, 0x74, 0x61, 0x74, 0x65, 0x20, 0x3d, 0x20, 0x6b,
    0x69, 0x6e, 0x64, 0x3b, 0x0a, 0x20, 0x20, 0x20, 0x20, 0x7d, 0x20, 0x65,
    0x6c, 0x73, 0x65, 0x20, 0x7b, 0x0a, 0x20, 0x20, 0x20, 0x20, 0x20, 0x20,
    0x64, 0x65, 0x6c, 0x65, 0x74, 0x65, 0x20, 0x65, 0x6c, 0x65, 0x6d, 0x65,
    0x6e, 0x74, 0x73, 0x2e, 0x72, 0x75, 0x6e, 0x74, 0x69, 0x6d, 0x65, 0x4d,
    0x65, 0x73, 0x73, 0x61, 0x67, 0x65, 0x2e, 0x64, 0x61, 0x74, 0x61, 0x73,
    0x65, 0x74, 0x2e, 0x73, 0x74, 0x61, 0x74, 0x65, 0x3b, 0x0a, 0x20, 0x20,
    0x20, 0x20, 0x7d, 0x0a, 0x20, 0x20, 0x7d, 0x0a, 0x0a, 0x20, 0x20, 0x66,
    0x75, 0x6e, 0x63, 0x74, 0x69, 0x6f, 0x6e, 0x20, 0x73, 0x68, 0x6f, 0x77,
    0x46, 0x6f, 0x72, 0x6d, 0x45, 0x72, 0x72, 0x6f, 0x72, 0x28, 0x6d, 0x65,
    0x73, 0x73, 0x61, 0x67, 0x65, 0x29, 0x20, 0x7b, 0x0a, 0x20, 0x20, 0x20,
    0x20, 0x65, 0x6c, 0x65, 0x6d, 0x65, 0x6e, 0x74, 0x73, 0x2e, 0x66, 0x6f,
    0x72, 0x6d, 0x45, 0x72, 0x72, 0x6f, 0x72, 0x2e, 0x74, 0x65, 0x78, 0x74,
    0x43, 0x6f, 0x6e, 0x74, 0x65, 0x6e, 0x74, 0x20, 0x3d, 0x20, 0x6d, 0x65,
    0x73, 0x73, 0x61, 0x67, 0x65, 0x3b, 0x0a, 0x20, 0x20, 0x20, 0x20, 0x65,
    0x6c, 0x65, 0x6d, 0x65, 0x6e, 0x74, 0x73, 0x2e, 0x66, 0x6f, 0x72, 0x6d,
    0x45, 0x72, 0x72, 0x6f, 0x72, 0x2e, 0x68, 0x69, 0x64, 0x64, 0x65, 0x6e,
    0x20, 0x3d, 0x20, 0x21, 0x6d, 0x65, 0x73, 0x73, 0x61, 0x67, 0x65, 0x3b,
    0x0a, 0x20, 0x20, 0x7d, 0x0a, 0x0a, 0x20, 0x20, 0x66, 0x75, 0x6e, 0x63,
    0x74, 0x69, 0x6f, 0x6e, 0x20, 0x72, 0x65, 0x6d, 0x6f, 0x74, 0x65, 0x42,
    0x75, 0x73, 0x79, 0x28, 0x29, 0x20, 0x7b, 0x0a, 0x20, 0x20, 0x20, 0x20,
    0x72, 0x65, 0x74, 0x75, 0x72, 0x6e, 0x20, 0x69, 0x73, 0x41, 0x63, 0x74,
    0x69, 0x76, 0x65, 0x53, 0x74, 0x61, 0x74, 0x65, 0x28, 0x73, 0x74, 0x61,
    0x74, 0x65, 0x2e, 0x72, 0x65, 0x6d, 0x6f, 0x74, 0x65, 0x53, 0x74, 0x61,
    0x74, 0x65, 0x29, 0x20, 0x26, 0x26, 0x20, 0x73, 0x74, 0x61, 0x74, 0x65,
    0x2e, 0x61, 0x63, 0x74, 0x69, 0x76, 0x65, 0x4a, 0x6f, 0x62, 0x49, 0x64,
    0x20, 0x3d, 0x3d, 0x3d, 0x20, 0x6e, 0x75, 0x6c, 0x6c, 0x3b, 0x0a, 0x20,
    0x20, 0x7d, 0x0a, 0x0a, 0x20, 0x20, 0x66, 0x75, 0x6e, 0x63, 0x74, 0x69,
    0x6f, 0x6e, 0x20, 0x72, 0x65, 0x66, 0x72, 0x65, 0x73, 0x68, 0x43, 0x6f,
    0x6e, 0x74, 0x72, 0x6f, 0x6c, 0x73, 0x28, 0x29, 0x20, 0x7b, 0x0a, 0x20,
    0x20, 0x20, 0x20, 0x63, 0x6f, 0x6e, 0x73, 0x74, 0x20, 0x6c, 0x6f, 0x63,
    0x6b, 0x65, 0x64, 0x20, 0x3d, 0x20, 0x73, 0x74, 0x61, 0x74, 0x65, 0x2e,
    0x73, 0x75, 0x62, 0x6d, 0x69, 0x74, 0x74, 0x69, 0x6e, 0x67, 0x20, 0x7c,
    0x7c, 0x20, 0x73, 0x74, 0x61, 0x74, 0x65, 0x2e, 0x61, 0x63, 0x74, 0x69,
    0x76, 0x65, 0x4a, 0x6f, 0x62, 0x49, 0x64, 0x20, 0x21, 0x3d, 0x3d, 0x20,
    0x6e, 0x75, 0x6c, 0x6c, 0x3b, 0x0a, 0x20, 0x20, 0x20, 0x20, 0x63, 0x6f,
    0x6e, 0x73, 0x74, 0x20, 0x63, 0x61, 0x6e, 0x53, 0x75, 0x62, 0x6d, 0x69,
    0x74, 0x20, 0x3d, 0x20, 0x73, 0x74, 0x61, 0x74, 0x65, 0x2e, 0x63, 0x6f,
    0x6e, 0x6e, 0x65, 0x63, 0x74, 0x65, 0x64, 0x20, 0x26, 0x26, 0x20, 0x73,
    0x74, 0x61, 0x74, 0x65, 0x2e, 0x72, 0x65, 0x61, 0x64, 0x79, 0x20, 0x26,
    0x26, 0x20, 0x21, 0x72, 0x65, 0x6d, 0x6f, 0x74, 0x65, 0x42, 0x75, 0x73,
    0x79, 0x28, 0x29, 0x20, 0x26, 0x26, 0x20, 0x21, 0x6c, 0x6f, 0x63, 0x6b,
    0x65, 0x64, 0x3b, 0x0a, 0x20, 0x20, 0x20, 0x20, 0x65, 0x6c, 0x65, 0x6d,
    0x65, 0x6e, 0x74, 0x73, 0x2e, 0x67, 0x65, 0x6e, 0x65, 0x72, 0x61, 0x74,
    0x65, 0x42, 0x75, 0x74, 0x74, 0x6f, 0x6e, 0x2e, 0x64, 0x69, 0x73, 0x61,
    0x62, 0x6c, 0x65, 0x64, 0x20, 0x3d, 0x20, 0x21, 0x63, 0x61, 0x6e, 0x53,
    0x75, 0x62, 0x6d, 0x69, 0x74, 0x3b, 0x0a, 0x20, 0x20, 0x20, 0x20, 0x65,
    0x6c, 0x65, 0x6d, 0x65, 0x6e, 0x74, 0x73, 0x2e, 0x70, 0x72, 0x6f, 0x6d,
    0x70, 0x74, 0x49, 0x6e, 0x70, 0x75, 0x74, 0x2e, 0x64, 0x69, 0x73, 0x61,
    0x62, 0x6c, 0x65, 0x64, 0x20, 0x3d, 0x20, 0x6c, 0x6f, 0x63, 0x6b, 0x65,
    0x64, 0x3b, 0x0a, 0x20, 0x20, 0x20, 0x20, 0x65, 0x6c, 0x65, 0x6d, 0x65,
    0x6e, 0x74, 0x73, 0x2e, 0x74, 0x6f, 0x6b, 0x65, 0x6e, 0x49, 0x6e, 0x70,
    0x75, 0x74, 0x2e, 0x64, 0x69, 0x73, 0x61, 0x62, 0x6c, 0x65, 0x64, 0x20,
    0x3d, 0x20, 0x6c, 0x6f, 0x63, 0x6b, 0x65, 0x64, 0x3b, 0x0a, 0x20, 0x20,
    0x20, 0x20, 0x65, 0x6c, 0x65, 0x6d, 0x65, 0x6e, 0x74, 0x73, 0x2e, 0x6d,
    0x61, 0x78, 0x4e, 0x65, 0x77, 0x49, 0x6e, 0x70, 0x75, 0x74, 0x2e, 0x64,
    0x69, 0x73, 0x61, 0x62, 0x6c, 0x65, 0x64, 0x20, 0x3d, 0x20, 0x6c, 0x6f,
    0x63, 0x6b, 0x65, 0x64, 0x3b, 0x0a, 0x20, 0x20, 0x20, 0x20, 0x65, 0x6c,
    0x65, 0x6d, 0x65, 0x6e, 0x74, 0x73, 0x2e, 0x6d, 0x6f, 0x64, 0x65, 0x49,
    0x6e, 0x70, 0x75, 0x74, 0x73, 0x2e, 0x66, 0x6f, 0x72, 0x45, 0x61, 0x63,
    0x68, 0x28, 0x28, 0x69, 0x6e, 0x70, 0x75, 0x74, 0x29, 0x20, 0x3d, 0x3e,
    0x20, 0x7b, 0x20, 0x69, 0x6e, 0x70, 0x75, 0x74, 0x2e, 0x64, 0x69, 0x73,
    0x61, 0x62, 0x6c, 0x65, 0x64, 0x20, 0x3d, 0x20, 0x6c, 0x6f, 0x63, 0x6b,
    0x65, 0x64, 0x3b, 0x20, 0x7d, 0x29, 0x3b, 0x0a, 0x20, 0x20, 0x20, 0x20,
    0x65, 0x6c, 0x65, 0x6d, 0x65, 0x6e, 0x74, 0x73, 0x2e, 0x72, 0x65, 0x66,
    0x72, 0x65, 0x73, 0x68, 0x48, 0x65, 0x61, 0x6c, 0x74, 0x68, 0x2e, 0x64,
    0x69, 0x73, 0x61, 0x62, 0x6c, 0x65, 0x64, 0x20, 0x3d, 0x20, 0x73, 0x74,
    0x61, 0x74, 0x65, 0x2e, 0x68, 0x65, 0x61, 0x6c, 0x74, 0x68, 0x50, 0x65,
    0x6e, 0x64, 0x69, 0x6e, 0x67, 0x20, 0x7c, 0x7c, 0x20, 0x73, 0x74, 0x61,
    0x74, 0x65, 0x2e, 0x61, 0x63, 0x74, 0x69, 0x76, 0x65, 0x4a, 0x6f, 0x62,
    0x49, 0x64, 0x20, 0x21, 0x3d, 0x3d, 0x20, 0x6e, 0x75, 0x6c, 0x6c, 0x3b,
    0x0a, 0x0a, 0x20, 0x20, 0x20, 0x20, 0x69, 0x66, 0x20, 0x28, 0x73, 0x74,
    0x61, 0x74, 0x65, 0x2e, 0x73, 0x75, 0x62, 0x6d, 0x69, 0x74, 0x74, 0x69,
    0x6e, 0x67, 0x29, 0x20, 0x7b, 0x0a, 0x20, 0x20, 0x20, 0x20, 0x20, 0x20,
    0x65, 0x6c, 0x65, 0x6d, 0x65, 0x6e, 0x74, 0x73, 0x2e, 0x62, 0x75, 0x74,
    0x74, 0x6f, 0x6e, 0x4c, 0x61, 0x62, 0x65, 0x6c, 0x2e, 0x74, 0x65, 0x78,
    0x74, 0x43, 0x6f, 0x6e, 0x74, 0x65, 0x6e, 0x74, 0x20, 0x3d, 0x20, 0x22,
    0x53, 0x75, 0x62, 0x6d, 0x69, 0x74, 0x74, 0x69, 0x6e, 0x67, 0xe2, 0x80,
    0xa6, 0x22, 0x3b, 0x0a, 0x20, 0x20, 0x20, 0x20, 0x20, 0x20, 0x65, 0x6c,
    0x65, 0x6d, 0x65, 0x6e, 0x74, 0x73, 0x2e, 0x73, 0x75, 0x62, 0x6d, 0x69,
    0x74, 0x48, 0x69, 0x6e, 0x74, 0x2e, 0x74, 0x65, 0x78, 0x74, 0x43, 0x6f,
    0x6e, 0x74, 0x65, 0x6e, 0x74, 0x20, 0x3d, 0x20, 0x22, 0x52, 0x65, 0x73,
    0x65, 0x72, 0x76, 0x69, 0x6e, 0x67, 0x20, 0x74, 0x68, 0x65, 0x20, 0x73,
    0x69, 0x6e, 0x67, 0x6c, 0x65, 0x20, 0x67, 0x65, 0x6e, 0x65, 0x72, 0x61,
    0x74, 0x69, 0x6f, 0x6e, 0x20, 0x73, 0x6c, 0x6f, 0x74, 0x2e, 0x22, 0x3b,
    0x0a, 0x20, 0x20, 0x20, 0x20, 0x7d, 0x20, 0x65, 0x6c, 0x73, 0x65, 0x20,
    0x69, 0x66, 0x20, 0x28, 0x73, 0x74, 0x61, 0x74, 0x65, 0x2e, 0x61, 0x63,
    0x74, 0x69, 0x76, 0x65, 0x4a, 0x6f, 0x62, 0x49, 0x64, 0x20, 0x21, 0x3d,
    0x3d, 0x20, 0x6e, 0x75, 0x6c, 0x6c, 0x29, 0x20, 0x7b, 0x0a, 0x20, 0x20,
    0x20, 0x20, 0x20, 0x20, 0x65, 0x6c, 0x65, 0x6d, 0x65, 0x6e, 0x74, 0x73,
    0x2e, 0x62, 0x75, 0x74, 0x74, 0x6f, 0x6e, 0x4c, 0x61, 0x62, 0x65, 0x6c,
    0x2e, 0x74, 0x65, 0x78, 0x74, 0x43, 0x6f, 0x6e, 0x74, 0x65, 0x6e, 0x74,
    0x20, 0x3d, 0x20, 0x22, 0x47, 0x65, 0x6e, 0x65, 0x72, 0x61, 0x74, 0x69,
    0x6f, 0x6e, 0x20, 0x69, 0x6e, 0x20, 0x70, 0x72, 0x6f, 0x67, 0x72, 0x65,
    0x73, 0x73, 0x22, 0x3b, 0x0a, 0x20, 0x20, 0x20, 0x20, 0x20, 0x20, 0x65,
    0x6c, 0x65, 0x6d, 0x65, 0x6e, 0x74, 0x73, 0x2e, 0x73, 0x75, 0x62, 0x6d,
    0x69, 0x74, 0x48, 0x69, 0x6e, 0x74, 0x2e, 0x74, 0x65, 0x78, 0x74, 0x43,
    0x6f, 0x6e, 0x74, 0x65, 0x6e, 0x74, 0x20, 0x3d, 0x20, 0x22, 0x41, 0x20,
    0x73, 0x65, 0x63, 0x6f, 0x6e, 0x64, 0x20, 0x72, 0x65, 0x71, 0x75, 0x65,
    0x73, 0x74, 0x20, 0x69, 0x73, 0x20, 0x64, 0x69, 0x73, 0x61, 0x62, 0x6c,
    0x65, 0x64, 0x20, 0x75, 0x6e, 0x74, 0x69, 0x6c, 0x20, 0x74, 0x68, 0x69,
    0x73, 0x20, 0x6a, 0x6f, 0x62, 0x20, 0x66, 0x69, 0x6e, 0x69, 0x73, 0x68,
    0x65, 0x73, 0x2e, 0x22, 0x3b, 0x0a, 0x20, 0x20, 0x20, 0x20, 0x7d, 0x20,
    0x65, 0x6c, 0x73, 0x65, 0x20, 0x7b, 0x0a, 0x20, 0x20, 0x20, 0x20, 0x20,
    0x20, 0x65, 0x6c, 0x65, 0x6d, 0x65, 0x6e, 0x74, 0x73, 0x2e, 0x62, 0x75,
    0x74, 0x74, 0x6f, 0x6e, 0x4c, 0x61, 0x62, 0x65, 0x6c, 0x2e, 0x74, 0x65,
    0x78, 0x74, 0x43, 0x6f, 0x6e, 0x74, 0x65, 0x6e, 0x74, 0x20, 0x3d, 0x20,
    0x22, 0x47, 0x65, 0x6e, 0x65, 0x72, 0x61, 0x74, 0x65, 0x20, 0x6f, 0x6e,
    0x20, 0x46, 0x50, 0x47, 0x41, 0x22, 0x3b, 0x0a, 0x20, 0x20, 0x20, 0x20,
    0x20, 0x20, 0x69, 0x66, 0x20, 0x28, 0x21, 0x73, 0x74, 0x61, 0x74, 0x65,
    0x2e, 0x63, 0x6f, 0x6e, 0x6e, 0x65, 0x63, 0x74, 0x65, 0x64, 0x29, 0x20,
    0x7b, 0x0a, 0x20, 0x20, 0x20, 0x20, 0x20, 0x20, 0x20, 0x20, 0x65, 0x6c,
    0x65, 0x6d, 0x65, 0x6e, 0x74, 0x73, 0x2e, 0x73, 0x75, 0x62, 0x6d, 0x69,
    0x74, 0x48, 0x69, 0x6e, 0x74, 0x2e, 0x74, 0x65, 0x78, 0x74, 0x43, 0x6f,
    0x6e, 0x74, 0x65, 0x6e, 0x74, 0x20, 0x3d, 0x20, 0x22, 0x54, 0x68, 0x65,
    0x20, 0x62, 0x6f, 0x61, 0x72, 0x64, 0x20, 0x73, 0x65, 0x72, 0x76, 0x69,
    0x63, 0x65, 0x20, 0x69, 0x73, 0x20, 0x75, 0x6e, 0x72, 0x65, 0x61, 0x63,
    0x68, 0x61, 0x62, 0x6c, 0x65, 0x2e, 0x22, 0x3b, 0x0a, 0x20, 0x20, 0x20,
    0x20, 0x20, 0x20, 0x7d, 0x20, 0x65, 0x6c, 0x73, 0x65, 0x20, 0x69, 0x66,
    0x20, 0x28, 0x21, 0x73, 0x74, 0x61, 0x74, 0x65, 0x2e, 0x72, 0x65, 0x61,
    0x64, 0x79, 0x29, 0x20, 0x7b, 0x0a, 0x20, 0x20, 0x20, 0x20, 0x20, 0x20,
    0x20, 0x20, 0x65, 0x6c, 0x65, 0x6d, 0x65, 0x6e, 0x74, 0x73, 0x2e, 0x73,
    0x75, 0x62, 0x6d, 0x69, 0x74, 0x48, 0x69, 0x6e, 0x74, 0x2e, 0x74, 0x65,
    0x78, 0x74, 0x43, 0x6f, 0x6e, 0x74, 0x65, 0x6e, 0x74, 0x20, 0x3d, 0x20,
    0x22, 0x54, 0x68, 0x65, 0x20, 0x62, 0x6f, 0x61, 0x72, 0x64, 0x20, 0x73,
    0x65, 0x72, 0x76, 0x69, 0x63, 0x65, 0x20, 0x69, 0x73, 0x20, 0x6e, 0x6f,
    0x74, 0x20, 0x72, 0x65, 0x61, 0x64, 0x79, 0x2e, 0x22, 0x3b, 0x0a, 0x20,
    0x20, 0x20, 0x20, 0x20, 0x20, 0x7d, 0x20, 0x65, 0x6c, 0x73, 0x65, 0x20,
    0x69, 0x66, 0x20, 0x28, 0x72, 0x65, 0x6d, 0x6f, 0x74, 0x65, 0x42, 0x75,
    0x73, 0x79, 0x28, 0x29, 0x29, 0x20, 0x7b, 0x0a, 0x20, 0x20, 0x20, 0x20,
    0x20, 0x20, 0x20, 0x20, 0x65, 0x6c, 0x65, 0x6d, 0x65, 0x6e, 0x74, 0x73,
    0x2e, 0x73, 0x75, 0x62, 0x6d, 0x69, 0x74, 0x48, 0x69, 0x6e, 0x74, 0x2e,
    0x74, 0x65, 0x78, 0x74, 0x43, 0x6f, 0x6e, 0x74, 0x65, 0x6e, 0x74, 0x20,
    0x3d, 0x20, 0x22, 0x54, 0x68, 0x65, 0x20, 0x62, 0x6f, 0x61, 0x72, 0x64,
    0x20, 0x69, 0x73, 0x20, 0x73, 0x65, 0x72, 0x76, 0x69, 0x6e, 0x67, 0x20,
    0x61, 0x6e, 0x6f, 0x74, 0x68, 0x65, 0x72, 0x20, 0x61, 0x63, 0x74, 0x69,
    0x76, 0x65, 0x20, 0x6a, 0x6f, 0x62, 0x2e, 0x22, 0x3b, 0x0a, 0x20, 0x20,
    0x20, 0x20, 0x20, 0x20, 0x7d, 0x20, 0x65, 0x6c, 0x73, 0x65, 0x20, 0x7b,
    0x0a, 0x20, 0x20, 0x20, 0x20, 0x20, 0x20, 0x20, 0x20, 0x65, 0x6c, 0x65,
    0x6d, 0x65, 0x6e, 0x74, 0x73, 0x2e, 0x73, 0x75, 0x62, 0x6d, 0x69, 0x74,
    0x48, 0x69, 0x6e, 0x74, 0x2e, 0x74, 0x65, 0x78, 0x74, 0x43, 0x6f, 0x6e,
    0x74, 0x65, 0x6e, 0x74, 0x20, 0x3d, 0x20, 0x22, 0x4f, 0x6e, 0x65, 0x20,
    0x72, 0x65, 0x71, 0x75, 0x65, 0x73, 0x74, 0x20, 0x61, 0x74, 0x20, 0x61,
    0x20, 0x74, 0x69, 0x6d, 0x65, 0x3b, 0x20, 0x67, 0x65, 0x6e, 0x65, 0x72,
    0x61, 0x74, 0x69, 0x6f, 0x6e, 0x20, 0x72, 0x75, 0x6e, 0x73, 0x20, 0x65,
    0x6e, 0x74, 0x69, 0x72, 0x65, 0x6c, 0x79, 0x20, 0x6f, 0x6e, 0x20, 0x74,
    0x68, 0x65, 0x20, 0x62, 0x6f, 0x61, 0x72, 0x64, 0x2e, 0x22, 0x3b, 0x0a,
    0x20, 0x20, 0x20, 0x20, 0x20, 0x20, 0x7d, 0x0a, 0x20, 0x20, 0x20, 0x20,
    0x7d, 0x0a, 0x20, 0x20, 0x7d, 0x0a, 0x0a, 0x20, 0x20, 0x61, 0x73, 0x79,
    0x6e, 0x63, 0x20, 0x66, 0x75, 0x6e, 0x63, 0x74, 0x69, 0x6f, 0x6e, 0x20,
    0x66, 0x65, 0x74, 0x63, 0x68, 0x57, 0x69, 0x74, 0x68, 0x54, 0x69, 0x6d,
    0x65, 0x6f, 0x75, 0x74, 0x28, 0x70, 0x61, 0x74, 0x68, 0x2c, 0x20, 0x6f,
    0x70, 0x74, 0x69, 0x6f, 0x6e, 0x73, 0x29, 0x20, 0x7b, 0x0a, 0x20, 0x20,
    0x20, 0x20, 0x63, 0x6f, 0x6e, 0x73, 0x74, 0x20, 0x63, 0x6f, 0x6e, 0x74,
    0x72, 0x6f, 0x6c, 0x6c, 0x65, 0x72, 0x20, 0x3d, 0x20, 0x6e, 0x65, 0x77,
    0x20, 0x41, 0x62, 0x6f, 0x72, 0x74, 0x43, 0x6f, 0x6e, 0x74, 0x72, 0x6f,
    0x6c, 0x6c, 0x65, 0x72, 0x28, 0x29, 0x3b, 0x0a, 0x20, 0x20, 0x20, 0x20,
    0x63, 0x6f, 0x6e, 0x73, 0x74, 0x20, 0x74, 0x69, 0x6d, 0x65, 0x6f, 0x75,
    0x74, 0x20, 0x3d, 0x20, 0x72, 0x6f, 0x6f, 0x74, 0x2e, 0x73, 0x65, 0x74,
    0x54, 0x69, 0x6d, 0x65, 0x6f, 0x75, 0x74, 0x28, 0x28, 0x29, 0x20, 0x3d,
    0x3e, 0x20, 0x63, 0x6f, 0x6e, 0x74, 0x72, 0x6f, 0x6c, 0x6c, 0x65, 0x72,
    0x2e, 0x61, 0x62, 0x6f, 0x72, 0x74, 0x28, 0x29, 0x2c, 0x20, 0x4c, 0x49,
    0x4d, 0x49, 0x54, 0x53, 0x2e, 0x72, 0x65, 0x71, 0x75, 0x65, 0x73, 0x74,
    0x54, 0x69, 0x6d, 0x65, 0x6f, 0x75, 0x74, 0x4d, 0x73, 0x29, 0x3b, 0x0a,
    0x20, 0x20, 0x20, 0x20, 0x74, 0x72, 0x79, 0x20, 0x7b, 0x0a, 0x20, 0x20,
    0x20, 0x20, 0x20, 0x20, 0x72, 0x65, 0x74, 0x75, 0x72, 0x6e, 0x20, 0x61,
    0x77, 0x61, 0x69, 0x74, 0x20, 0x66, 0x65, 0x74, 0x63, 0x68, 0x28, 0x70,
    0x61, 0x74, 0x68, 0x2c, 0x20, 0x7b, 0x20, 0x2e, 0x2e, 0x2e, 0x6f, 0x70,
    0x74, 0x69, 0x6f, 0x6e, 0x73, 0x2c, 0x20, 0x73, 0x69, 0x67, 0x6e, 0x61,
    0x6c, 0x3a, 0x20, 0x63, 0x6f, 0x6e, 0x74, 0x72, 0x6f, 0x6c, 0x6c, 0x65,
    0x72, 0x2e, 0x73, 0x69, 0x67, 0x6e, 0x61, 0x6c, 0x2c, 0x20, 0x63, 0x61,
    0x63, 0x68, 0x65, 0x3a, 0x20, 0x22, 0x6e, 0x6f, 0x2d, 0x73, 0x74, 0x6f,
    0x72, 0x65, 0x22, 0x20, 0x7d, 0x29, 0x3b, 0x0a, 0x20, 0x20, 0x20, 0x20,
    0x7d, 0x20, 0x66, 0x69, 0x6e, 0x61, 0x6c, 0x6c, 0x79, 0x20, 0x7b, 0x0a,
    0x20, 0x20, 0x20, 0x20, 0x20, 0x20, 0x72, 0x6f, 0x6f, 0x74, 0x2e, 0x63,
    0x6c, 0x65, 0x61, 0x72, 0x54, 0x69, 0x6d, 0x65, 0x6f, 0x75, 0x74, 0x28,
    0x74, 0x69, 0x6d, 0x65, 0x6f, 0x75, 0x74, 0x29, 0x3b, 0x0a, 0x20, 0x20,
    0x20, 0x20, 0x7d, 0x0a, 0x20, 0x20, 0x7d, 0x0a, 0x0a, 0x20, 0x20, 0x61,
    0x73, 0x79, 0x6e, 0x63, 0x20, 0x66, 0x75, 0x6e, 0x63, 0x74, 0x69, 0x6f,
    0x6e, 0x20, 0x72, 0x65, 0x61, 0x64, 0x4a, 0x73, 0x6f, 0x6e, 0x28, 0x72,
    0x65, 0x73, 0x70, 0x6f, 0x6e, 0x73, 0x65, 0x29, 0x20, 0x7b, 0x0a, 0x20,
    0x20, 0x20, 0x20, 0x6c, 0x65, 0x74, 0x20, 0x70, 0x61, 0x79, 0x6c, 0x6f,
    0x61, 0x64, 0x20, 0x3d, 0x20, 0x6e, 0x75, 0x6c, 0x6c, 0x3b, 0x0a, 0x20,
    0x20, 0x20, 0x20, 0x74, 0x72, 0x79, 0x20, 0x7b, 0x0a, 0x20, 0x20, 0x20,
    0x20, 0x20, 0x20, 0x70, 0x61, 0x79, 0x6c, 0x6f, 0x61, 0x64, 0x20, 0x3d,
    0x20, 0x61, 0x77, 0x61, 0x69, 0x74, 0x20, 0x72, 0x65, 0x73, 0x70, 0x6f,
    0x6e, 0x73, 0x65, 0x2e, 0x6a, 0x73, 0x6f, 0x6e, 0x28, 0x29, 0x3b, 0x0a,
    0x20, 0x20, 0x20, 0x20, 0x7d, 0x20, 0x63, 0x61, 0x74, 0x63, 0x68, 0x20,
    0x28, 0x5f, 0x65, 0x72, 0x72, 0x6f, 0x72, 0x29, 0x20, 0x7b, 0x0a, 0x20,
    0x20, 0x20, 0x20, 0x20, 0x20, 0x69, 0x66, 0x20, 0x28, 0x72, 0x65, 0x73,
    0x70, 0x6f, 0x6e, 0x73, 0x65, 0x2e, 0x6f, 0x6b, 0x29, 0x20, 0x7b, 0x0a,
    0x20, 0x20, 0x20, 0x20, 0x20, 0x20, 0x20, 0x20, 0x74, 0x68, 0x72, 0x6f,
    0x77, 0x20, 0x6e, 0x65, 0x77, 0x20, 0x41, 0x70, 0x69, 0x45, 0x72, 0x72,
    0x6f, 0x72, 0x28, 0x72, 0x65, 0x73, 0x70, 0x6f, 0x6e, 0x73, 0x65, 0x2e,
    0x73, 0x74, 0x61, 0x74, 0x75, 0x73, 0x2c, 0x20, 0x22, 0x69, 0x6e, 0x76,
    0x61, 0x6c, 0x69, 0x64, 0x5f, 0x6a, 0x73, 0x6f, 0x6e, 0x22, 0x2c, 0x20,
    0x22, 0x54, 0x68, 0x65, 0x20, 0x62, 0x6f, 0x61, 0x72, 0x64, 0x20, 0x72,
    0x65, 0x74, 0x75, 0x72, 0x6e, 0x65, 0x64, 0x20, 0x6d, 0x61, 0x6c, 0x66,
    0x6f, 0x72, 0x6d, 0x65, 0x64, 0x20, 0x4a, 0x53, 0x4f, 0x4e, 0x2e, 0x22,
    0x29, 0x3b, 0x0a, 0x20, 0x20, 0x20, 0x20, 0x20, 0x20, 0x7d, 0x0a, 0x20,
    0x20, 0x20, 0x20, 0x7d, 0x0a, 0x20, 0x20, 0x20, 0x20, 0x69, 0x66, 0x20,
    0x28, 0x21, 0x72, 0x65, 0x73, 0x70, 0x6f, 0x6e, 0x73, 0x65, 0x2e, 0x6f,
    0x6b, 0x29, 0x20, 0x7b, 0x0a, 0x20, 0x20, 0x20, 0x20, 0x20, 0x20, 0x63,
    0x6f, 0x6e, 0x73, 0x74, 0x20, 0x63, 0x6f, 0x64, 0x65, 0x20, 0x3d, 0x20,
    0x70, 0x61, 0x79, 0x6c, 0x6f, 0x61, 0x64, 0x20, 0x26, 0x26, 0x20, 0x70,
    0x61, 0x79, 0x6c, 0x6f, 0x61, 0x64, 0x2e, 0x65, 0x72, 0x72, 0x6f, 0x72,
    0x20, 0x26, 0x26, 0x20, 0x74, 0x79, 0x70, 0x65, 0x6f, 0x66, 0x20, 0x70,
    0x61, 0x79, 0x6c, 0x6f, 0x61, 0x64, 0x2e, 0x65, 0x72, 0x72, 0x6f, 0x72,
    0x2e, 0x63, 0x6f, 0x64, 0x65, 0x20, 0x3d, 0x3d, 0x3d, 0x20, 0x22, 0x73,
    0x74, 0x72, 0x69, 0x6e, 0x67, 0x22, 0x0a, 0x20, 0x20, 0x20, 0x20, 0x20,
    0x20, 0x20, 0x20, 0x3f, 0x20, 0x70, 0x61, 0x79, 0x6c, 0x6f, 0x61, 0x64,
    0x2e, 0x65, 0x72, 0x72, 0x6f, 0x72, 0x2e, 0x63, 0x6f, 0x64, 0x65, 0x0a,
    0x20, 0x20, 0x20, 0x20, 0x20, 0x20, 0x20, 0x20, 0x3a, 0x20, 0x22, 0x68,
    0x74, 0x74, 0x70, 0x5f, 0x65, 0x72, 0x72, 0x6f, 0x72, 0x22, 0x3b, 0x0a,
    0x20, 0x20, 0x20, 0x20, 0x20, 0x20, 0x74, 0x68, 0x72, 0x6f, 0x77, 0x20,
    0x6e, 0x65, 0x77, 0x20, 0x41, 0x70, 0x69, 0x45, 0x72, 0x72, 0x6f, 0x72,
    0x28, 0x72, 0x65, 0x73, 0x70, 0x6f, 0x6e, 0x73, 0x65, 0x2e, 0x73, 0x74,
    0x61, 0x74, 0x75, 0x73, 0x2c, 0x20, 0x63, 0x6f, 0x64, 0x65, 0x2c, 0x20,
    0x65, 0x72, 0x72, 0x6f, 0x72, 0x4d, 0x65, 0x73, 0x73, 0x61, 0x67, 0x65,
    0x28, 0x70, 0x61, 0x79, 0x6c, 0x6f, 0x61, 0x64, 0x2c, 0x20, 0x60, 0x48,
    0x54, 0x54, 0x50, 0x20, 0x24, 0x7b, 0x72, 0x65, 0x73, 0x70, 0x6f, 0x6e,
    0x73, 0x65, 0x2e, 0x73, 0x74, 0x61, 0x74, 0x75, 0x73, 0x7d, 0x60, 0x29,
    0x29, 0x3b, 0x0a, 0x20, 0x20, 0x20, 0x20, 0x7d, 0x0a, 0x20, 0x20, 0x20,
    0x20, 0x69, 0x66, 0x20, 0x28, 0x21, 0x70, 0x61, 0x79, 0x6c, 0x6f, 0x61,
    0x64, 0x20, 0x7c, 0x7c, 0x20, 0x74, 0x79, 0x70, 0x65, 0x6f, 0x66, 0x20,
    0x70, 0x61, 0x79, 0x6c, 0x6f, 0x61, 0x64, 0x20, 0x21, 0x3d, 0x3d, 0x20,
    0x22, 0x6f, 0x62, 0x6a, 0x65, 0x63, 0x74, 0x22, 0x29, 0x20, 0x7b, 0x0a,
    0x20, 0x20, 0x20, 0x20, 0x20, 0x20, 0x74, 0x68, 0x72, 0x6f, 0x77, 0x20,
    0x6e, 0x65, 0x77, 0x20, 0x41, 0x70, 0x69, 0x45, 0x72, 0x72, 0x6f, 0x72,
    0x28, 0x72, 0x65, 0x73, 0x70, 0x6f, 0x6e, 0x73, 0x65, 0x2e, 0x73, 0x74,
    0x61, 0x74, 0x75, 0x73, 0x2c, 0x20, 0x22, 0x69, 0x6e, 0x76, 0x61, 0x6c,
    0x69, 0x64, 0x5f, 0x6a, 0x73, 0x6f, 0x6e, 0x22, 0x2c, 0x20, 0x22, 0x54,
    0x68, 0x65, 0x20, 0x62, 0x6f, 0x61, 0x72, 0x64, 0x20, 0x72, 0x65, 0x74,
    0x75, 0x72, 0x6e, 0x65, 0x64, 0x20, 0x61, 0x6e, 0x20, 0x65, 0x6d, 0x70,
    0x74, 0x79, 0x20, 0x4a, 0x53, 0x4f, 0x4e, 0x20, 0x72, 0x65, 0x73, 0x70,
    0x6f, 0x6e, 0x73, 0x65, 0x2e, 0x22, 0x29, 0x3b, 0x0a, 0x20, 0x20, 0x20,
    0x20, 0x7d, 0x0a, 0x20, 0x20, 0x20, 0x20, 0x72, 0x65, 0x74, 0x75, 0x72,
    0x6e, 0x20, 0x70, 0x61, 0x79, 0x6c, 0x6f, 0x61, 0x64, 0x3b, 0x0a, 0x20,
    0x20, 0x7d, 0x0a, 0x0a, 0x20, 0x20, 0x61, 0x73, 0x79, 0x6e, 0x63, 0x20,
    0x66, 0x75, 0x6e, 0x63, 0x74, 0x69, 0x6f, 0x6e, 0x20, 0x61, 0x70, 0x69,
    0x4a, 0x73, 0x6f, 0x6e, 0x28, 0x70, 0x61, 0x74, 0x68, 0x2c, 0x20, 0x6f,
    0x70, 0x74, 0x69, 0x6f, 0x6e, 0x73, 0x29, 0x20, 0x7b, 0x0a, 0x20, 0x20,
    0x20, 0x20, 0x63, 0x6f, 0x6e, 0x73, 0x74, 0x20, 0x72, 0x65, 0x73, 0x70,
    0x6f, 0x6e, 0x73, 0x65, 0x20, 0x3d, 0x20, 0x61, 0x77, 0x61, 0x69, 0x74,
    0x20, 0x66, 0x65, 0x74, 0x63, 0x68, 0x57, 0x69, 0x74, 0x68, 0x54, 0x69,
    0x6d, 0x65, 0x6f, 0x75, 0x74, 0x28, 0x70, 0x61, 0x74, 0x68, 0x2c, 0x20,
    0x6f, 0x70, 0x74, 0x69, 0x6f, 0x6e, 0x73, 0x20, 0x7c, 0x7c, 0x20, 0x7b,
    0x20, 0x6d, 0x65, 0x74, 0x68, 0x6f, 0x64, 0x3a, 0x20, 0x22, 0x47, 0x45,
    0x54, 0x22, 0x20, 0x7d, 0x29, 0x3b, 0x0a, 0x20, 0x20, 0x20, 0x20, 0x72,
    0x65, 0x74, 0x75, 0x72, 0x6e, 0x20, 0x72, 0x65, 0x61, 0x64, 0x4a, 0x73,
    0x6f, 0x6e, 0x28, 0x72, 0x65, 0x73, 0x70, 0x6f, 0x6e, 0x73, 0x65, 0x29,
    0x3b, 0x0a, 0x20, 0x20, 0x7d, 0x0a, 0x0a, 0x20, 0x20, 0x61, 0x73, 0x79,
    0x6e, 0x63, 0x20, 0x66, 0x75, 0x6e, 0x63, 0x74, 0x69, 0x6f, 0x6e, 0x20,
    0x61, 0x70, 0x69, 0x4f, 0x75, 0x74, 0x70, 0x75, 0x74, 0x28, 0x6a, 0x6f,
    0x62, 0x49, 0x64, 0x29, 0x20, 0x7b, 0x0a, 0x20, 0x20, 0x20, 0x20, 0x63,
    0x6f, 0x6e, 0x73, 0x74, 0x20, 0x72, 0x65, 0x73, 0x70, 0x6f, 0x6e, 0x73,
    0x65, 0x20, 0x3d, 0x20, 0x61, 0x77, 0x61, 0x69, 0x74, 0x20, 0x66, 0x65,
    0x74, 0x63, 0x68, 0x57, 0x69, 0x74, 0x68, 0x54, 0x69, 0x6d, 0x65, 0x6f,
    0x75, 0x74, 0x28, 0x60, 0x2f, 0x61, 0x70, 0x69, 0x2f, 0x67, 0x65, 0x6e,
    0x65, 0x72, 0x61, 0x74, 0x65, 0x2f, 0x24, 0x7b, 0x6a, 0x6f, 0x62, 0x49,
    0x64, 0x7d, 0x2f, 0x6f, 0x75, 0x74, 0x70, 0x75, 0x74, 0x60, 0x2c, 0x20,
    0x7b, 0x20, 0x6d, 0x65, 0x74, 0x68, 0x6f, 0x64, 0x3a, 0x20, 0x22, 0x47,
    0x45, 0x54, 0x22, 0x20, 0x7d, 0x29, 0x3b, 0x0a, 0x20, 0x20, 0x20, 0x20,
    0x69, 0x66, 0x20, 0x28, 0x21, 0x72, 0x65, 0x73, 0x70, 0x6f, 0x6e, 0x73,
    0x65, 0x2e, 0x6f, 0x6b, 0x29, 0x20, 0x7b, 0x0a, 0x20, 0x20, 0x20, 0x20,
    0x20, 0x20, 0x72, 0x65, 0x74, 0x75, 0x72, 0x6e, 0x20, 0x72, 0x65, 0x61,
    0x64, 0x4a, 0x73, 0x6f, 0x6e, 0x28, 0x72, 0x65, 0x73, 0x70, 0x6f, 0x6e,
    0x73, 0x65, 0x29, 0x3b, 0x0a, 0x20, 0x20, 0x20, 0x20, 0x7d, 0x0a, 0x20,
    0x20, 0x20, 0x20, 0x72, 0x65, 0x74, 0x75, 0x72, 0x6e, 0x20, 0x6e, 0x65,
    0x77, 0x20, 0x55, 0x69, 0x6e, 0x74, 0x38, 0x41, 0x72, 0x72, 0x61, 0x79,
    0x28, 0x61, 0x77, 0x61, 0x69, 0x74, 0x20, 0x72, 0x65, 0x73, 0x70, 0x6f,
    0x6e, 0x73, 0x65, 0x2e, 0x61, 0x72, 0x72, 0x61, 0x79, 0x42, 0x75, 0x66,
    0x66, 0x65, 0x72, 0x28, 0x29, 0x29, 0x3b, 0x0a, 0x20, 0x20, 0x7d, 0x0a,
    0x0a, 0x20, 0x20, 0x66, 0x75, 0x6e, 0x63, 0x74, 0x69, 0x6f, 0x6e, 0x20,
    0x75, 0x70, 0x64, 0x61, 0x74, 0x65, 0x49, 0x6e, 0x70, 0x75, 0x74, 0x4d,
    0x6f, 0x64, 0x65, 0x28, 0x29, 0x20, 0x7b, 0x0a, 0x20, 0x20, 0x20, 0x20,
    0x63, 0x6f, 0x6e, 0x73, 0x74, 0x20, 0x70, 0x72, 0x6f, 0x6d, 0x70, 0x74,
    0x4d, 0x6f, 0x64, 0x65, 0x20, 0x3d, 0x20, 0x63, 0x75, 0x72, 0x72, 0x65,
    0x6e, 0x74, 0x4d, 0x6f, 0x64, 0x65, 0x28, 0x29, 0x20, 0x3d, 0x3d, 0x3d,
    0x20, 0x22, 0x70, 0x72, 0x6f, 0x6d, 0x70, 0x74, 0x22, 0x3b, 0x0a, 0x20,
    0x20, 0x20, 0x20, 0x65, 0x6c, 0x65, 0x6d, 0x65, 0x6e, 0x74, 0x73, 0x2e,
    0x70, 0x72, 0x6f, 0x6d, 0x70, 0x74, 0x50, 0x61, 0x6e, 0x65, 0x2e, 0x68,
    0x69, 0x64, 0x64, 0x65, 0x6e, 0x20, 0x3d, 0x20, 0x21, 0x70, 0x72, 0x6f,
    0x6d, 0x70, 0x74, 0x4d, 0x6f, 0x64, 0x65, 0x3b, 0x0a, 0x20, 0x20, 0x20,
    0x20, 0x65, 0x6c, 0x65, 0x6d, 0x65, 0x6e, 0x74, 0x73, 0x2e, 0x74, 0x6f,
    0x6b, 0x65, 0x6e, 0x73, 0x50, 0x61, 0x6e, 0x65, 0x2e, 0x68, 0x69, 0x64,
    0x64, 0x65, 0x6e, 0x20, 0x3d, 0x20, 0x70, 0x72, 0x6f, 0x6d, 0x70, 0x74,
    0x4d, 0x6f, 0x64, 0x65, 0x3b, 0x0a, 0x20, 0x20, 0x20, 0x20, 0x73, 0x68,
    0x6f, 0x77, 0x46, 0x6f, 0x72, 0x6d, 0x45, 0x72, 0x72, 0x6f, 0x72, 0x28,
    0x22, 0x22, 0x29, 0x3b, 0x0a, 0x20, 0x20, 0x7d, 0x0a, 0x0a, 0x20, 0x20,
    0x66, 0x75, 0x6e, 0x63, 0x74, 0x69, 0x6f, 0x6e, 0x20, 0x75, 0x70, 0x64,
    0x61, 0x74, 0x65, 0x49, 0x6e, 0x70, 0x75, 0x74, 0x43, 0x6f, 0x75, 0x6e,
    0x74, 0x73, 0x28, 0x29, 0x20, 0x7b, 0x0a, 0x20, 0x20, 0x20, 0x20, 0x63,
    0x6f, 0x6e, 0x73, 0x74, 0x20, 0x70, 0x72, 0x6f, 0x6d, 0x70, 0x74, 0x42,
    0x79, 0x74, 0x65, 0x73, 0x20, 0x3d, 0x20, 0x75, 0x74, 0x66, 0x38, 0x45,
    0x6e, 0x63, 0x6f, 0x64, 0x65, 0x72, 0x2e, 0x65, 0x6e, 0x63, 0x6f, 0x64,
    0x65, 0x28, 0x65, 0x6c, 0x65, 0x6d, 0x65, 0x6e, 0x74, 0x73, 0x2e, 0x70,
    0x72, 0x6f, 0x6d, 0x70, 0x74, 0x49, 0x6e, 0x70, 0x75, 0x74, 0x2e, 0x76,
    0x61, 0x6c, 0x75, 0x65, 0x29, 0x2e, 0x6c, 0x65, 0x6e, 0x67, 0x74, 0x68,
    0x3b, 0x0a, 0x20, 0x20, 0x20, 0x20, 0x65, 0x6c, 0x65, 0x6d, 0x65, 0x6e,
    0x74, 0x73, 0x2e, 0x70, 0x72, 0x6f, 0x6d, 0x70, 0x74, 0x42, 0x79, 0x74,
    0x65, 0x43, 0x6f, 0x75, 0x6e, 0x74, 0x2e, 0x74, 0x65, 0x78, 0x74, 0x43,
    0x6f, 0x6e, 0x74, 0x65, 0x6e, 0x74, 0x20, 0x3d, 0x20, 0x60, 0x24, 0x7b,
    0x70, 0x72, 0x6f, 0x6d, 0x70, 0x74, 0x42, 0x79, 0x74, 0x65, 0x73, 0x7d,
    0x20, 0x2f, 0x20, 0x24, 0x7b, 0x4c, 0x49, 0x4d, 0x49, 0x54, 0x53, 0x2e,
    0x6d, 0x61, 0x78, 0x50, 0x72, 0x6f, 0x6d, 0x70, 0x74, 0x42, 0x79, 0x74,
    0x65, 0x73, 0x7d, 0x20, 0x62, 0x79, 0x74, 0x65, 0x73, 0x60, 0x3b, 0x0a,
    0x20, 0x20, 0x20, 0x20, 0x65, 0x6c, 0x65, 0x6d, 0x65, 0x6e, 0x74, 0x73,
    0x2e, 0x70, 0x72, 0x6f, 0x6d, 0x70, 0x74, 0x42, 0x79, 0x74, 0x65, 0x43,
    0x6f, 0x75, 0x6e, 0x74, 0x2e, 0x63, 0x6c, 0x61, 0x73, 0x73, 0x4c, 0x69,
    0x73, 0x74, 0x2e, 0x74, 0x6f, 0x67, 0x67, 0x6c, 0x65, 0x28, 0x22, 0x69,
    0x6e, 0x76, 0x61, 0x6c, 0x69, 0x64, 0x22, 0x2c, 0x20, 0x70, 0x72, 0x6f,
    0x6d, 0x70, 0x74, 0x42, 0x79, 0x74, 0x65, 0x73, 0x20, 0x3e, 0x20, 0x4c,
    0x49, 0x4d, 0x49, 0x54, 0x53, 0x2e, 0x6d, 0x61, 0x78, 0x50, 0x72, 0x6f,
    0x6d, 0x70, 0x74, 0x42, 0x79, 0x74, 0x65, 0x73, 0x29, 0x3b, 0x0a, 0x20,
    0x20, 0x20, 0x20, 0x74, 0x72, 0x79, 0x20, 0x7b, 0x0a, 0x20, 0x20, 0x20,
    0x20, 0x20, 0x20, 0x63, 0x6f, 0x6e, 0x73, 0x74, 0x20, 0x74, 0x6f, 0x6b,
    0x65, 0x6e, 0x73, 0x20, 0x3d, 0x20, 0x65, 0x6c, 0x65, 0x6d, 0x65, 0x6e,
    0x74, 0x73, 0x2e, 0x74, 0x6f, 0x6b, 0x65, 0x6e, 0x49, 0x6e, 0x70, 0x75,
    0x74, 0x2e, 0x76, 0x61, 0x6c, 0x75, 0x65, 0x2e, 0x74, 0x72, 0x69, 0x6d,
    0x28, 0x29, 0x2e, 0x6c, 0x65, 0x6e, 0x67, 0x74, 0x68, 0x20, 0x3d, 0x3d,
    0x3d, 0x20, 0x30, 0x0a, 0x20, 0x20, 0x20, 0x20, 0x20, 0x20, 0x20, 0x20,
    0x3f, 0x20, 0x5b, 0x5d, 0x0a, 0x20, 0x20, 0x20, 0x20, 0x20, 0x20, 0x20,
    0x20, 0x3a, 0x20, 0x70, 0x61, 0x72, 0x73, 0x65, 0x54, 0x6f, 0x6b, 0x65,
    0x6e, 0x49, 0x64, 0x73, 0x28, 0x65, 0x6c, 0x65, 0x6d, 0x65, 0x6e, 0x74,
    0x73, 0x2e, 0x74, 0x6f, 0x6b, 0x65, 0x6e, 0x49, 0x6e, 0x70, 0x75, 0x74,
    0x2e, 0x76, 0x61, 0x6c, 0x75, 0x65, 0x29, 0x3b, 0x0a, 0x20, 0x20, 0x20,
    0x20, 0x20, 0x20, 0x65, 0x6c, 0x65, 0x6d, 0x65, 0x6e, 0x74, 0x73, 0x2e,
    0x74, 0x6f, 0x6b, 0x65, 0x6e, 0x43, 0x6f, 0x75, 0x6e, 0x74, 0x2e, 0x74,
    0x65, 0x78, 0x74, 0x43, 0x6f, 0x6e, 0x74, 0x65, 0x6e, 0x74, 0x20, 0x3d,
    0x20, 0x60, 0x24, 0x7b, 0x74, 0x6f, 0x6b, 0x65, 0x6e, 0x73, 0x2e, 0x6c,
    0x65, 0x6e, 0x67, 0x74, 0x68, 0x7d, 0x20, 0x2f, 0x20, 0x24, 0x7b, 0x4c,
    0x49, 0x4d, 0x49, 0x54, 0x53, 0x2e, 0x6d, 0x61, 0x78, 0x54, 0x6f, 0x6b,
    0x65, 0x6e, 0x73, 0x7d, 0x20, 0x74, 0x6f, 0x6b, 0x65, 0x6e, 0x73, 0x60,
    0x3b, 0x0a, 0x20, 0x20, 0x20, 0x20, 0x20, 0x20, 0x65, 0x6c, 0x65, 0x6d,
    0x65, 0x6e, 0x74, 0x73, 0x2e, 0x74, 0x6f, 0x6b, 0x65, 0x6e, 0x43, 0x6f,
    0x75, 0x6e, 0x74, 0x2e, 0x63, 0x6c, 0x61, 0x73, 0x73, 0x4c, 0x69, 0x73,
    0x74, 0x2e, 0x72, 0x65, 0x6d, 0x6f, 0x76, 0x65, 0x28, 0x22, 0x69, 0x6e,
    0x76, 0x61, 0x6c, 0x69, 0x64, 0x22, 0x29, 0x3b, 0x0a, 0x20, 0x20, 0x20,
    0x20, 0x7d, 0x20, 0x63, 0x61, 0x74, 0x63, 0x68, 0x20, 0x28, 0x5f, 0x65,
    0x72, 0x72, 0x6f, 0x72, 0x29, 0x20, 0x7b, 0x0a, 0x20, 0x20, 0x20, 0x20,
    0x20, 0x20, 0x65, 0x6c, 0x65, 0x6d, 0x65, 0x6e, 0x74, 0x73, 0x2e, 0x74,
    0x6f, 0x6b, 0x65, 0x6e, 0x43, 0x6f, 0x75, 0x6e, 0x74, 0x2e, 0x74, 0x65,
    0x78, 0x74, 0x43, 0x6f, 0x6e, 0x74, 0x65, 0x6e, 0x74, 0x20, 0x3d, 0x20,
    0x22, 0x49, 0x6e, 0x76, 0x61, 0x6c, 0x69, 0x64, 0x20, 0x74, 0x6f, 0x6b,
    0x65, 0x6e, 0x20, 0x6c, 0x69, 0x73, 0x74, 0x22, 0x3b, 0x0a, 0x20, 0x20,
    0x20, 0x20, 0x20, 0x20, 0x65, 0x6c, 0x65, 0x6d, 0x65, 0x6e, 0x74, 0x73,
    0x2e, 0x74, 0x6f, 0x6b, 0x65, 0x6e, 0x43, 0x6f, 0x75, 0x6e, 0x74, 0x2e,
    0x63, 0x6c, 0x61, 0x73, 0x73, 0x4c, 0x69, 0x73, 0x74, 0x2e, 0x61, 0x64,
    0x64, 0x28, 0x22, 0x69, 0x6e, 0x76, 0x61, 0x6c, 0x69, 0x64, 0x22, 0x29,
    0x3b, 0x0a, 0x20, 0x20, 0x20, 0x20, 0x7d, 0x0a, 0x20, 0x20, 0x7d, 0x0a,
    0x0a, 0x20, 0x20, 0x66, 0x75, 0x6e, 0x63, 0x74, 0x69, 0x6f, 0x6e, 0x20,
    0x72, 0x65, 0x73, 0x65, 0x74, 0x52, 0x65, 0x73, 0x75, 0x6c, 0x74, 0x28,
    0x29, 0x20, 0x7b, 0x0a, 0x20, 0x20, 0x20, 0x20, 0x65, 0x6c, 0x65, 0x6d,
    0x65, 0x6e, 0x74, 0x73, 0x2e, 0x6a, 0x6f, 0x62, 0x53, 0x74, 0x61, 0x74,
    0x65, 0x2e, 0x74, 0x65, 0x78, 0x74, 0x43, 0x6f, 0x6e, 0x74, 0x65, 0x6e,
    0x74, 0x20, 0x3d, 0x20, 0x22, 0x51, 0x75, 0x65, 0x75, 0x65, 0x64, 0x22,
    0x3b, 0x0a, 0x20, 0x20, 0x20, 0x20, 0x65, 0x6c, 0x65, 0x6d, 0x65, 0x6e,
    0x74, 0x73, 0x2e, 0x6a, 0x6f, 0x62, 0x53, 0x74, 0x61, 0x74, 0x65, 0x2e,
    0x64, 0x61, 0x74, 0x61, 0x73, 0x65, 0x74, 0x2e, 0x73, 0x74, 0x61, 0x74,
    0x65, 0x20, 0x3d, 0x20, 0x22, 0x71, 0x75, 0x65, 0x75, 0x65, 0x64, 0x22,
    0x3b, 0x0a, 0x20, 0x20, 0x20, 0x20, 0x65, 0x6c, 0x65, 0x6d, 0x65, 0x6e,
    0x74, 0x73, 0x2e, 0x6a, 0x6f, 0x62, 0x49, 0x64, 0x2e, 0x74, 0x65, 0x78,
    0x74, 0x43, 0x6f, 0x6e, 0x74, 0x65, 0x6e, 0x74, 0x20, 0x3d, 0x20, 0x22,
    0xe2, 0x80, 0x94, 0x22, 0x3b, 0x0a, 0x20, 0x20, 0x20, 0x20, 0x65, 0x6c,
    0x65, 0x6d, 0x65, 0x6e, 0x74, 0x73, 0x2e, 0x70, 0x72, 0x6f, 0x6d, 0x70,
    0x74, 0x50, 0x72, 0x6f, 0x67, 0x72, 0x65, 0x73, 0x73, 0x2e, 0x74, 0x65,
    0x78, 0x74, 0x43, 0x6f, 0x6e, 0x74, 0x65, 0x6e, 0x74, 0x20, 0x3d, 0x20,
    0x22, 0x30, 0x20, 0x2f, 0x20, 0x30, 0x22, 0x3b, 0x0a, 0x20, 0x20, 0x20,
    0x20, 0x65, 0x6c, 0x65, 0x6d, 0x65, 0x6e, 0x74, 0x73, 0x2e, 0x67, 0x65,
    0x6e, 0x65, 0x72, 0x61, 0x74, 0x65, 0x64, 0x43, 0x6f, 0x75, 0x6e, 0x74,
    0x2e, 0x74, 0x65, 0x78, 0x74, 0x43, 0x6f, 0x6e, 0x74, 0x65, 0x6e, 0x74,
    0x20, 0x3d, 0x20, 0x22, 0x30, 0x22, 0x3b, 0x0a, 0x20, 0x20, 0x20, 0x20,
    0x65, 0x6c, 0x65, 0x6d, 0x65, 0x6e, 0x74, 0x73, 0x2e, 0x73, 0x74, 0x6f,
    0x70, 0x52, 0x65, 0x61, 0x73, 0x6f, 0x6e, 0x2e, 0x74, 0x65, 0x78, 0x74,
    0x43, 0x6f, 0x6e, 0x74, 0x65, 0x6e, 0x74, 0x20, 0x3d, 0x20, 0x22, 0xe2,
    0x80, 0x94, 0x22, 0x3b, 0x0a, 0x20, 0x20, 0x20, 0x20, 0x65, 0x6c, 0x65,
    0x6d, 0x65, 0x6e, 0x74, 0x73, 0x2e, 0x70, 0x72, 0x6f, 0x67, 0x72, 0x65,
    0x73, 0x73, 0x42, 0x61, 0x72, 0x2e, 0x73, 0x74, 0x79, 0x6c, 0x65, 0x2e,
    0x77, 0x69, 0x64, 0x74, 0x68, 0x20, 0x3d, 0x20, 0x22, 0x30, 0x25, 0x22,
    0x3b, 0x0a, 0x20, 0x20, 0x20, 0x20, 0x65, 0x6c, 0x65, 0x6d, 0x65, 0x6e,
    0x74, 0x73, 0x2e, 0x6f, 0x75, 0x74, 0x70, 0x75, 0x74, 0x54, 0x65, 0x78,
    0x74, 0x2e, 0x74, 0x65, 0x78, 0x74, 0x43, 0x6f, 0x6e, 0x74, 0x65, 0x6e,
    0x74, 0x20, 0x3d, 0x20, 0x22, 0x22, 0x3b, 0x0a, 0x20, 0x20, 0x20, 0x20,
    0x63, 0x6f, 0x6e, 0x73, 0x74, 0x20, 0x70, 0x6c, 0x61, 0x63, 0x65, 0x68,
    0x6f, 0x6c, 0x64, 0x65, 0x72, 0x20, 0x3d, 0x20, 0x64, 0x6f, 0x63, 0x75,
    0x6d, 0x65, 0x6e, 0x74, 0x2e, 0x63, 0x72, 0x65, 0x61, 0x74, 0x65, 0x45,
    0x6c, 0x65, 0x6d, 0x65, 0x6e, 0x74, 0x28, 0x22, 0x73, 0x70, 0x61, 0x6e,
    0x22, 0x29, 0x3b, 0x0a, 0x20, 0x20, 0x20, 0x20, 0x70, 0x6c, 0x61, 0x63,
    0x65, 0x68, 0x6f, 0x6c, 0x64, 0x65, 0x72, 0x2e, 0x63, 0x6c, 0x61, 0x73,
    0x73, 0x4e, 0x61, 0x6d, 0x65, 0x20, 0x3d, 0x20, 0x22, 0x70, 0x6c, 0x61,
    0x63, 0x65, 0x68, 0x6f, 0x6c, 0x64, 0x65, 0x72, 0x22, 0x3b, 0x0a, 0x20,
    0x20, 0x20, 0x20, 0x70, 0x6c, 0x61, 0x63, 0x65, 0x68, 0x6f, 0x6c, 0x64,
    0x65, 0x72, 0x2e, 0x74, 0x65, 0x78, 0x74, 0x43, 0x6f, 0x6e, 0x74, 0x65,
    0x6e, 0x74, 0x20, 0x3d, 0x20, 0x22, 0x57, 0x61, 0x69, 0x74, 0x69, 0x6e,
    0x67, 0x20, 0x66, 0x6f, 0x72, 0x20, 0x74, 0x68, 0x65, 0x20, 0x66, 0x69,
    0x72, 0x73, 0x74, 0x20, 0x67, 0x65, 0x6e, 0x65, 0x72, 0x61, 0x74, 0x65,
    0x64, 0x20, 0x62, 0x79, 0x74, 0x65, 0x73, 0xe2, 0x80, 0xa6, 0x22, 0x3b,
    0x0a, 0x20, 0x20, 0x20, 0x20, 0x65, 0x6c, 0x65, 0x6d, 0x65, 0x6e, 0x74,
    0x73, 0x2e, 0x6f, 0x75, 0x74, 0x70, 0x75, 0x74, 0x54, 0x65, 0x78, 0x74,
    0x2e, 0x61, 0x70, 0x70, 0x65, 0x6e, 0x64, 0x43, 0x68, 0x69, 0x6c, 0x64,
    0x28, 0x70, 0x6c, 0x61, 0x63, 0x65, 0x68, 0x6f, 0x6c, 0x64, 0x65, 0x72,
    0x29, 0x3b, 0x0a, 0x20, 0x20, 0x20, 0x20, 0x65, 0x6c, 0x65, 0x6d, 0x65,
    0x6e, 0x74, 0x73, 0x2e, 0x6f, 0x75, 0x74, 0x70, 0x75, 0x74, 0x42, 0x79,
    0x74, 0x65, 0x43, 0x6f, 0x75, 0x6e, 0x74, 0x2e, 0x74, 0x65, 0x78, 0x74,
    0x43, 0x6f, 0x6e, 0x74, 0x65, 0x6e, 0x74, 0x20, 0x3d, 0x20, 0x22, 0x30,
    0x20, 0x62, 0x79, 0x74, 0x65, 0x73, 0x22, 0x3b, 0x0a, 0x20, 0x20, 0x20,
    0x20, 0x65, 0x6c, 0x65, 0x6d, 0x65, 0x6e, 0x74, 0x73, 0x2e, 0x74, 0x6f,
    0x6b, 0x65, 0x6e, 0x52, 0x6f, 0x77, 0x73, 0x2e, 0x72, 0x65, 0x70, 0x6c,
    0x61, 0x63, 0x65, 0x43, 0x68, 0x69, 0x6c, 0x64, 0x72, 0x65, 0x6e, 0x28,
    0x29, 0x3b, 0x0a, 0x20, 0x20, 0x20, 0x20, 0x63, 0x6f, 0x6e, 0x73, 0x74,
    0x20, 0x72, 0x6f, 0x77, 0x20, 0x3d, 0x20, 0x64, 0x6f, 0x63, 0x75, 0x6d,
    0x65, 0x6e, 0x74, 0x2e, 0x63, 0x72, 0x65, 0x61, 0x74, 0x65, 0x45, 0x6c,
    0x65, 0x6d, 0x65, 0x6e, 0x74, 0x28, 0x22, 0x74, 0x72, 0x22, 0x29, 0x3b,
    0x0a, 0x20, 0x20, 0x20, 0x20, 0x72, 0x6f, 0x77, 0x2e, 0x63, 0x6c, 0x61,
    0x73, 0x73, 0x4e, 0x61, 0x6d, 0x65, 0x20, 0x3d, 0x20, 0x22, 0x65, 0x6d,
    0x70, 0x74, 0x79, 0x2d, 0x72, 0x6f, 0x77, 0x22, 0x3b, 0x0a, 0x20, 0x20,
    0x20, 0x20, 0x63, 0x6f, 0x6e, 0x73, 0x74, 0x20, 0x63, 0x65, 0x6c, 0x6c,
    0x20, 0x3d, 0x20, 0x64, 0x6f, 0x63, 0x75, 0x6d, 0x65, 0x6e, 0x74, 0x2e,
    0x63, 0x72, 0x65, 0x61, 0x74, 0x65, 0x45, 0x6c, 0x65, 0x6d, 0x65, 0x6e,
    0x74, 0x28, 0x22, 0x74, 0x64, 0x22, 0x29, 0x3b, 0x0a, 0x20, 0x20, 0x20,
    0x20, 0x63, 0x65, 0x6c, 0x6c, 0x2e, 0x63, 0x6f, 0x6c, 0x53, 0x70, 0x61,
    0x6e, 0x20, 0x3d, 0x20, 0x33, 0x3b, 0x0a, 0x20, 0x20, 0x20, 0x20, 0x63,
    0x65, 0x6c, 0x6c, 0x2e, 0x74, 0x65, 0x78, 0x74, 0x43, 0x6f, 0x6e, 0x74,
    0x65, 0x6e, 0x74, 0x20, 0x3d, 0x20, 0x22, 0x4e, 0x6f, 0x20, 0x67, 0x65,
    0x6e, 0x65, 0x72, 0x61, 0x74, 0x65, 0x64, 0x20, 0x74, 0x6f, 0x6b, 0x65,
    0x6e, 0x73, 0x20, 0x79, 0x65, 0x74, 0x2e, 0x22, 0x3b, 0x0a, 0x20, 0x20,
    0x20, 0x20, 0x72, 0x6f, 0x77, 0x2e, 0x61, 0x70, 0x70, 0x65, 0x6e, 0x64,
    0x43, 0x68, 0x69, 0x6c, 0x64, 0x28, 0x63, 0x65, 0x6c, 0x6c, 0x29, 0x3b,
    0x0a, 0x20, 0x20, 0x20, 0x20, 0x65, 0x6c, 0x65, 0x6d, 0x65, 0x6e, 0x74,
    0x73, 0x2e, 0x74, 0x6f, 0x6b, 0x65, 0x6e, 0x52, 0x6f, 0x77, 0x73, 0x2e,
    0x61, 0x70, 0x70, 0x65, 0x6e, 0x64, 0x43, 0x68, 0x69, 0x6c, 0x64, 0x28,
    0x72, 0x6f, 0x77, 0x29, 0x3b, 0x0a, 0x20, 0x20, 0x20, 0x20, 0x73, 0x74,
    0x61, 0x74, 0x65, 0x2e, 0x6c, 0x61, 0x73, 0x74, 0x4f, 0x75, 0x74, 0x70,
    0x75, 0x74, 0x4c, 0x65, 0x6e, 0x67, 0x74, 0x68, 0x20, 0x3d, 0x20, 0x2d,
    0x31, 0x3b, 0x0a, 0x20, 0x20, 0x7d, 0x0a, 0x0a, 0x20, 0x20, 0x66, 0x75,
    0x6e, 0x63, 0x74, 0x69, 0x6f, 0x6e, 0x20, 0x72, 0x65, 0x6e, 0x64, 0x65,
    0x72, 0x54, 0x6f, 0x6b, 0x65, 0x6e, 0x73, 0x28, 0x69, 0x64, 0x73, 0x2c,
    0x20, 0x73, 0x63, 0x6f, 0x72, 0x65, 0x73, 0x29, 0x20, 0x7b, 0x0a, 0x20,
    0x20, 0x20, 0x20, 0x65, 0x6c, 0x65, 0x6d, 0x65, 0x6e, 0x74, 0x73, 0x2e,
    0x74, 0x6f, 0x6b, 0x65, 0x6e, 0x52, 0x6f, 0x77, 0x73, 0x2e, 0x72, 0x65,
    0x70, 0x6c, 0x61, 0x63, 0x65, 0x43, 0x68, 0x69, 0x6c, 0x64, 0x72, 0x65,
    0x6e, 0x28, 0x29, 0x3b, 0x0a, 0x20, 0x20, 0x20, 0x20, 0x69, 0x66, 0x20,
    0x28, 0x69, 0x64, 0x73, 0x2e, 0x6c, 0x65, 0x6e, 0x67, 0x74, 0x68, 0x20,
    0x3d, 0x3d, 0x3d, 0x20, 0x30, 0x29, 0x20, 0x7b, 0x0a, 0x20, 0x20, 0x20,
    0x20, 0x20, 0x20, 0x63, 0x6f, 0x6e, 0x73, 0x74, 0x20, 0x72, 0x6f, 0x77,
    0x20, 0x3d, 0x20, 0x64, 0x6f, 0x63, 0x75, 0x6d, 0x65, 0x6e, 0x74, 0x2e,
    0x63, 0x72, 0x65, 0x61, 0x74, 0x65, 0x45, 0x6c, 0x65, 0x6d, 0x65, 0x6e,
    0x74, 0x28, 0x22, 0x74, 0x72, 0x22, 0x29, 0x3b, 0x0a, 0x20, 0x20, 0x20,
    0x20, 0x20, 0x20, 0x72, 0x6f, 0x77, 0x2e, 0x63, 0x6c, 0x61, 0x73, 0x73,
    0x4e, 0x61, 0x6d, 0x65, 0x20, 0x3d, 0x20, 0x22, 0x65, 0x6d, 0x70, 0x74,
    0x79, 0x2d, 0x72, 0x6f, 0x77, 0x22, 0x3b, 0x0a, 0x20, 0x20, 0x20, 0x20,
    0x20, 0x20, 0x63, 0x6f, 0x6e, 0x73, 0x74, 0x20, 0x63, 0x65, 0x6c, 0x6c,
    0x20, 0x3d, 0x20, 0x64, 0x6f, 0x63, 0x75, 0x6d, 0x65, 0x6e, 0x74, 0x2e,
    0x63, 0x72, 0x65, 0x61, 0x74, 0x65, 0x45, 0x6c, 0x65, 0x6d, 0x65, 0x6e,
    0x74, 0x28, 0x22, 0x74, 0x64, 0x22, 0x29, 0x3b, 0x0a, 0x20, 0x20, 0x20,
    0x20, 0x20, 0x20, 0x63, 0x65, 0x6c, 0x6c, 0x2e, 0x63, 0x6f, 0x6c, 0x53,
    0x70, 0x61, 0x6e, 0x20, 0x3d, 0x20, 0x33, 0x3b, 0x0a, 0x20, 0x20, 0x20,
    0x20, 0x20, 0x20, 0x63, 0x65, 0x6c, 0x6c, 0x2e, 0x74, 0x65, 0x78, 0x74,
    0x43, 0x6f, 0x6e, 0x74, 0x65, 0x6e, 0x74, 0x20, 0x3d, 0x20, 0x22, 0x4e,
    0x6f, 0x20, 0x67, 0x65, 0x6e, 0x65, 0x72, 0x61, 0x74, 0x65, 0x64, 0x20,
    0x74, 0x6f, 0x6b, 0x65, 0x6e, 0x73, 0x20, 0x79, 0x65, 0x74, 0x2e, 0x22,
    0x3b, 0x0a, 0x20, 0x20, 0x20, 0x20, 0x20, 0x20, 0x72, 0x6f, 0x77, 0x2e,
    0x61, 0x70, 0x70, 0x65, 0x6e, 0x64, 0x43, 0x68, 0x69, 0x6c, 0x64, 0x28,
    0x63, 0x65, 0x6c, 0x6c, 0x29, 0x3b, 0x0a, 0x20, 0x20, 0x20, 0x20, 0x20,
    0x20, 0x65, 0x6c, 0x65, 0x6d, 0x65, 0x6e, 0x74, 0x73, 0x2e, 0x74, 0x6f,
    0x6b, 0x65, 0x6e, 0x52, 0x6f, 0x77, 0x73, 0x2e, 0x61, 0x70, 0x70, 0x65,
    0x6e, 0x64, 0x43, 0x68, 0x69, 0x6c, 0x64, 0x28, 0x72, 0x6f, 0x77, 0x29,
    0x3b, 0x0a, 0x20, 0x20, 0x20, 0x20, 0x20, 0x20, 0x72, 0x65, 0x74, 0x75,
    0x72, 0x6e, 0x3b, 0x0a, 0x20, 0x20, 0x20, 0x20, 0x7d, 0x0a, 0x20, 0x20,
    0x20, 0x20, 0x69, 0x64, 0x73, 0x2e, 0x66, 0x6f, 0x72, 0x45, 0x61, 0x63,
    0x68, 0x28, 0x28, 0x74, 0x6f, 0x6b, 0x65, 0x6e, 0x49, 0x64, 0x2c, 0x20,
    0x69, 0x6e, 0x64, 0x65, 0x78, 0x29, 0x20, 0x3d, 0x3e, 0x20, 0x7b, 0x0a,
    0x20, 0x20, 0x20, 0x20, 0x20, 0x20, 0x63, 0x6f, 0x6e, 0x73, 0x74, 0x20,
    0x72, 0x6f, 0x77, 0x20, 0x3d, 0x20, 0x64, 0x6f, 0x63, 0x75, 0x6d, 0x65,
    0x6e, 0x74, 0x2e, 0x63, 0x72, 0x65, 0x61, 0x74, 0x65, 0x45, 0x6c, 0x65,
    0x6d, 0x65, 0x6e, 0x74, 0x28, 0x22, 0x74, 0x72, 0x22, 0x29, 0x3b, 0x0a,
    0x20, 0x20, 0x20, 0x20, 0x20, 0x20, 0x5b, 0x69, 0x6e, 0x64, 0x65, 0x78,
    0x2c, 0x20, 0x74, 0x6f, 0x6b, 0x65, 0x6e, 0x49, 0x64, 0x2c, 0x20, 0x73,
    0x63, 0x6f, 0x72, 0x65, 0x73, 0x5b, 0x69, 0x6e, 0x64, 0x65, 0x78, 0x5d,
    0x5d, 0x2e, 0x66, 0x6f, 0x72, 0x45, 0x61, 0x63, 0x68, 0x28, 0x28, 0x76,
    0x61, 0x6c, 0x75, 0x65, 0x29, 0x20, 0x3d, 0x3e, 0x20, 0x7b, 0x0a, 0x20,
    0x20, 0x20, 0x20, 0x20, 0x20, 0x20, 0x20, 0x63, 0x6f, 0x6e, 0x73, 0x74,
    0x20, 0x63, 0x65, 0x6c, 0x6c, 0x20, 0x3d, 0x20, 0x64, 0x6f, 0x63, 0x75,
    0x6d, 0x65, 0x6e, 0x74, 0x2e, 0x63, 0x72, 0x65, 0x61, 0x74, 0x65, 0x45,
    0x6c, 0x65, 0x6d, 0x65, 0x6e, 0x74, 0x28, 0x22, 0x74, 0x64, 0x22, 0x29,
    0x3b, 0x0a, 0x20, 0x20, 0x20, 0x20, 0x20, 0x20, 0x20, 0x20, 0x63, 0x65,
    0x6c, 0x6c, 0x2e, 0x74, 0x65, 0x78, 0x74, 0x43, 0x6f, 0x6e, 0x74, 0x65,
    0x6e, 0x74, 0x20, 0x3d, 0x20, 0x53, 0x74, 0x72, 0x69, 0x6e, 0x67, 0x28,
    0x76, 0x61, 0x6c, 0x75, 0x65, 0x29, 0x3b, 0x0a, 0x20, 0x20, 0x20, 0x20,
    0x20, 0x20, 0x20, 0x20, 0x72, 0x6f, 0x77, 0x2e, 0x61, 0x70, 0x70, 0x65,
    0x6e, 0x64, 0x43, 0x68, 0x69, 0x6c, 0x64, 0x28, 0x63, 0x65, 0x6c, 0x6c,
    0x29, 0x3b, 0x0a, 0x20, 0x20, 0x20, 0x20, 0x20, 0x20, 0x7d, 0x29, 0x3b,
    0x0a, 0x20, 0x20, 0x20, 0x20, 0x20, 0x20, 0x65, 0x6c, 0x65, 0x6d, 0x65,
    0x6e, 0x74, 0x73, 0x2e, 0x74, 0x6f, 0x6b, 0x65, 0x6e, 0x52, 0x6f, 0x77,
    0x73, 0x2e, 0x61, 0x70, 0x70, 0x65, 0x6e, 0x64, 0x43, 0x68, 0x69, 0x6c,
    0x64, 0x28, 0x72, 0x6f, 0x77, 0x29, 0x3b, 0x0a, 0x20, 0x20, 0x20, 0x20,
    0x7d, 0x29, 0x3b, 0x0a, 0x20, 0x20, 0x20, 0x20, 0x65, 0x6c, 0x65, 0x6d,
    0x65, 0x6e, 0x74, 0x73, 0x2e, 0x74, 0x6f, 0x6b, 0x65, 0x6e, 0x52, 0x6f,
    0x77, 0x73, 0x2e, 0x6c, 0x61, 0x73, 0x74, 0x45, 0x6c, 0x65, 0x6d, 0x65,
    0x6e, 0x74, 0x43, 0x68, 0x69, 0x6c, 0x64, 0x2e, 0x73, 0x63, 0x72, 0x6f,
    0x6c, 0x6c, 0x49, 0x6e, 0x74, 0x6f, 0x56, 0x69, 0x65, 0x77, 0x28, 0x7b,
    0x20, 0x62, 0x6c, 0x6f, 0x63, 0x6b, 0x3a, 0x20, 0x22, 0x6e, 0x65, 0x61,
    0x72, 0x65, 0x73, 0x74, 0x22, 0x20, 0x7d, 0x29, 0x3b, 0x0a, 0x20, 0x20,
    0x7d, 0x0a, 0x0a, 0x20, 0x20, 0x66, 0x75, 0x6e, 0x63, 0x74, 0x69, 0x6f,
    0x6e, 0x20, 0x76, 0x61, 0x6c, 0x69, 0x64, 0x61, 0x74, 0x65, 0x53, 0x74,
    0x61, 0x74, 0x75, 0x73, 0x28, 0x70, 0x61, 0x79, 0x6c, 0x6f, 0x61, 0x64,
    0x2c, 0x20, 0x65, 0x78, 0x70, 0x65, 0x63, 0x74, 0x65, 0x64, 0x4a, 0x6f,
    0x62, 0x49, 0x64, 0x29, 0x20, 0x7b, 0x0a, 0x20, 0x20, 0x20, 0x20, 0x63,
    0x6f, 0x6e, 0x73, 0x74, 0x20, 0x72, 0x65, 0x71, 0x75, 0x69, 0x72, 0x65,
    0x64, 0x49, 0x6e, 0x74, 0x65, 0x67, 0x65, 0x72, 0x73, 0x20, 0x3d, 0x20,
    0x5b, 0x0a, 0x20, 0x20, 0x20, 0x20, 0x20, 0x20, 0x22, 0x6a, 0x6f, 0x62,
    0x5f, 0x69, 0x64, 0x22, 0x2c, 0x20, 0x22, 0x70, 0x72, 0x6f, 0x6d, 0x70,
    0x74, 0x5f, 0x74, 0x6f, 0x6b, 0x65, 0x6e, 0x5f, 0x63, 0x6f, 0x75, 0x6e,
    0x74, 0x22, 0x2c, 0x20, 0x22, 0x70, 0x72, 0x6f, 0x6d, 0x70, 0x74, 0x5f,
    0x74, 0x6f, 0x6b, 0x65, 0x6e, 0x73, 0x5f, 0x63, 0x6f, 0x6e, 0x73, 0x75,
    0x6d, 0x65, 0x64, 0x22, 0x2c, 0x0a, 0x20, 0x20, 0x20, 0x20, 0x20, 0x20,
    0x22, 0x67, 0x65, 0x6e, 0x65, 0x72, 0x61, 0x74, 0x65, 0x64, 0x5f, 0x63,
    0x6f, 0x75, 0x6e, 0x74, 0x22, 0x2c, 0x20, 0x22, 0x6f, 0x75, 0x74, 0x70,
    0x75, 0x74, 0x5f, 0x6c, 0x65, 0x6e, 0x67, 0x74, 0x68, 0x22, 0x0a, 0x20,
    0x20, 0x20, 0x20, 0x5d, 0x3b, 0x0a, 0x20, 0x20, 0x20, 0x20, 0x69, 0x66,
    0x20, 0x28, 0x72, 0x65, 0x71, 0x75, 0x69, 0x72, 0x65, 0x64, 0x49, 0x6e,
    0x74, 0x65, 0x67, 0x65, 0x72, 0x73, 0x2e, 0x73, 0x6f, 0x6d, 0x65, 0x28,
    0x28, 0x6b, 0x65, 0x79, 0x29, 0x20, 0x3d, 0x3e, 0x20, 0x21, 0x4e, 0x75,
    0x6d, 0x62, 0x65, 0x72, 0x2e, 0x69, 0x73, 0x53, 0x61, 0x66, 0x65, 0x49,
    0x6e, 0x74, 0x65, 0x67, 0x65, 0x72, 0x28, 0x70, 0x61, 0x79, 0x6c, 0x6f,
    0x61, 0x64, 0x5b, 0x6b, 0x65, 0x79, 0x5d, 0x29, 0x20, 0x7c, 0x7c, 0x20,
    0x70, 0x61, 0x79, 0x6c, 0x6f, 0x61, 0x64, 0x5b, 0x6b, 0x65, 0x79, 0x5d,
    0x20, 0x3c, 0x20, 0x30, 0x29, 0x20, 0x7c, 0x7c, 0x0a, 0x20, 0x20, 0x20,
    0x20, 0x20, 0x20, 0x20, 0x20, 0x70, 0x61, 0x79, 0x6c, 0x6f, 0x61, 0x64,
    0x2e, 0x6a, 0x6f, 0x62, 0x5f, 0x69, 0x64, 0x20, 0x21, 0x3d, 0x3d, 0x20,
    0x65, 0x78, 0x70, 0x65, 0x63, 0x74, 0x65, 0x64, 0x4a, 0x6f, 0x62, 0x49,
    0x64, 0x20, 0x7c, 0x7c, 0x20, 0x74, 0x79, 0x70, 0x65, 0x6f, 0x66, 0x20,
    0x70, 0x61, 0x79, 0x6c, 0x6f, 0x61, 0x64, 0x2e, 0x73, 0x74, 0x61, 0x74,
    0x65, 0x20, 0x21, 0x3d, 0x3d, 0x20, 0x22, 0x73, 0x74, 0x72, 0x69, 0x6e,
    0x67, 0x22, 0x20, 0x7c, 0x7c, 0x0a, 0x20, 0x20, 0x20, 0x20, 0x20, 0x20,
    0x20, 0x20, 0x21, 0x41, 0x72, 0x72, 0x61, 0x79, 0x2e, 0x69, 0x73, 0x41,
    0x72, 0x72, 0x61, 0x79, 0x28, 0x70, 0x61, 0x79, 0x6c, 0x6f, 0x61, 0x64,
    0x2e, 0x67, 0x65, 0x6e, 0x65, 0x72, 0x61, 0x74, 0x65, 0x64, 0x5f, 0x74,
    0x6f, 0x6b, 0x65, 0x6e, 0x5f, 0x69, 0x64, 0x73, 0x29, 0x20, 0x7c, 0x7c,
    0x0a, 0x20, 0x20, 0x20, 0x20, 0x20, 0x20, 0x20, 0x20, 0x21, 0x41, 0x72,
    0x72, 0x61, 0x79, 0x2e, 0x69, 0x73, 0x41, 0x72, 0x72, 0x61, 0x79, 0x28,
    0x70, 0x61, 0x79, 0x6c, 0x6f, 0x61, 0x64, 0x2e, 0x67, 0x65, 0x6e, 0x65,
    0x72, 0x61, 0x74, 0x65, 0x64, 0x5f, 0x73, 0x63, 0x6f, 0x72, 0x65, 0x73,
    0x5f, 0x71, 0x32, 0x36, 0x29, 0x20, 0x7c, 0x7c, 0x0a, 0x20, 0x20, 0x20,
    0x20, 0x20, 0x20, 0x20, 0x20, 0x70, 0x61, 0x79, 0x6c, 0x6f, 0x61, 0x64,
    0x2e, 0x67, 0x65, 0x6e, 0x65, 0x72, 0x61, 0x74, 0x65, 0x64, 0x5f, 0x74,
    0x6f, 0x6b, 0x65, 0x6e, 0x5f, 0x69, 0x64, 0x73, 0x2e, 0x6c, 0x65, 0x6e,
    0x67, 0x74, 0x68, 0x20, 0x21, 0x3d, 0x3d, 0x20, 0x70, 0x61, 0x79, 0x6c,
    0x6f, 0x61, 0x64, 0x2e, 0x67, 0x65, 0x6e, 0x65, 0x72, 0x61, 0x74, 0x65,
    0x64, 0x5f, 0x63, 0x6f, 0x75, 0x6e, 0x74, 0x20, 0x7c, 0x7c, 0x0a, 0x20,
    0x20, 0x20, 0x20, 0x20, 0x20, 0x20, 0x20, 0x70, 0x61, 0x79, 0x6c, 0x6f,
    0x61, 0x64, 0x2e, 0x67, 0x65, 0x6e, 0x65, 0x72, 0x61, 0x74, 0x65, 0x64,
    0x5f, 0x73, 0x63, 0x6f, 0x72, 0x65, 0x73, 0x5f, 0x71, 0x32, 0x36, 0x2e,
    0x6c, 0x65, 0x6e, 0x67, 0x74, 0x68, 0x20, 0x21, 0x3d, 0x3d, 0x20, 0x70,
    0x61, 0x79, 0x6c, 0x6f, 0x61, 0x64, 0x2e, 0x67, 0x65, 0x6e, 0x65, 0x72,
    0x61, 0x74, 0x65, 0x64, 0x5f, 0x63, 0x6f, 0x75, 0x6e, 0x74, 0x29, 0x20,
    0x7b, 0x0a, 0x20, 0x20, 0x20, 0x20, 0x20, 0x20, 0x74, 0x68, 0x72, 0x6f,
    0x77, 0x20, 0x6e, 0x65, 0x77, 0x20, 0x41, 0x70, 0x69, 0x45, 0x72, 0x72,
    0x6f, 0x72, 0x28, 0x32, 0x30, 0x30, 0x2c, 0x20, 0x22, 0x69, 0x6e, 0x76,
    0x61, 0x6c, 0x69, 0x64, 0x5f, 0x73, 0x74, 0x61, 0x74, 0x75, 0x73, 0x22,
    0x2c, 0x20, 0x22, 0x54, 0x68, 0x65, 0x20, 0x62, 0x6f, 0x61, 0x72, 0x64,
    0x20, 0x72, 0x65, 0x74, 0x75, 0x72, 0x6e, 0x65, 0x64, 0x20, 0x61, 0x6e,
    0x20, 0x69, 0x6e, 0x63, 0x6f, 0x6e, 0x73, 0x69, 0x73, 0x74, 0x65, 0x6e,
    0x74, 0x20, 0x6a, 0x6f, 0x62, 0x20, 0x73, 0x74, 0x61, 0x74, 0x75, 0x73,
    0x2e, 0x22, 0x29, 0x3b, 0x0a, 0x20, 0x20, 0x20, 0x20, 0x7d, 0x0a, 0x20,
    0x20, 0x20, 0x20, 0x72, 0x65, 0x74, 0x75, 0x72, 0x6e, 0x20, 0x70, 0x61,
    0x79, 0x6c, 0x6f, 0x61, 0x64, 0x3b, 0x0a, 0x20, 0x20, 0x7d, 0x0a, 0x0a,
    0x20, 0x20, 0x66, 0x75, 0x6e, 0x63, 0x74, 0x69, 0x6f, 0x6e, 0x20, 0x72,
    0x65, 0x6e, 0x64, 0x65, 0x72, 0x53, 0x74, 0x61, 0x74, 0x75, 0x73, 0x28,
    0x73, 0x74, 0x61, 0x74, 0x75, 0x73, 0x29, 0x20, 0x7b, 0x0a, 0x20, 0x20,
    0x20, 0x20, 0x73, 0x74, 0x61, 0x74, 0x65, 0x2e, 0x72, 0x65, 0x6d, 0x6f,
    0x74, 0x65, 0x53, 0x74, 0x61, 0x74, 0x65, 0x20, 0x3d, 0x20, 0x73, 0x74,
    0x61, 0x74, 0x75, 0x73, 0x2e, 0x73, 0x74, 0x61, 0x74, 0x65, 0x3b, 0x0a,
    0x20, 0x20, 0x20, 0x20, 0x65, 0x6c, 0x65, 0x6d, 0x65, 0x6e, 0x74, 0x73,
    0x2e, 0x6a, 0x6f, 0x62, 0x53, 0x74, 0x61, 0x74, 0x65, 0x2e, 0x74, 0x65,
    0x78, 0x74, 0x43, 0x6f, 0x6e, 0x74, 0x65, 0x6e, 0x74, 0x20, 0x3d, 0x20,
    0x73, 0x74, 0x61, 0x74, 0x75, 0x73, 0x2e, 0x73, 0x74, 0x61, 0x74, 0x65,
    0x3b, 0x0a, 0x20, 0x20, 0x20, 0x20, 0x65, 0x6c, 0x65, 0x6d, 0x65, 0x6e,
    0x74, 0x73, 0x2e, 0x6a, 0x6f, 0x62, 0x53, 0x74, 0x61, 0x74, 0x65, 0x2e,
    0x64, 0x61, 0x74, 0x61, 0x73, 0x65, 0x74, 0x2e, 0x73, 0x74, 0x61, 0x74,
    0x65, 0x20, 0x3d, 0x20, 0x73, 0x74, 0x61, 0x74, 0x75, 0x73, 0x2e, 0x73,
    0x74, 0x61, 0x74, 0x65, 0x3b, 0x0a, 0x20, 0x20, 0x20, 0x20, 0x65, 0x6c,
    0x65, 0x6d, 0x65, 0x6e, 0x74, 0x73, 0x2e, 0x6a, 0x6f, 0x62, 0x49, 0x64,
    0x2e, 0x74, 0x65, 0x78, 0x74, 0x43, 0x6f, 0x6e, 0x74, 0x65, 0x6e, 0x74,
    0x20, 0x3d, 0x20, 0x53, 0x74, 0x72, 0x69, 0x6e, 0x67, 0x28, 0x73, 0x74,
    0x61, 0x74, 0x75, 0x73, 0x2e, 0x6a, 0x6f, 0x62, 0x5f, 0x69, 0x64, 0x29,
    0x3b, 0x0a, 0x20, 0x20, 0x20, 0x20, 0x65, 0x6c, 0x65, 0x6d, 0x65, 0x6e,
    0x74, 0x73, 0x2e, 0x70, 0x72, 0x6f, 0x6d, 0x70, 0x74, 0x50, 0x72, 0x6f,
    0x67, 0x72, 0x65, 0x73, 0x73, 0x2e, 0x74, 0x65, 0x78, 0x74, 0x43, 0x6f,
    0x6e, 0x74, 0x65, 0x6e, 0x74, 0x20, 0x3d, 0x20, 0x60, 0x24, 0x7b, 0x73,
    0x74, 0x61, 0x74, 0x75, 0x73, 0x2e, 0x70, 0x72, 0x6f, 0x6d, 0x70, 0x74,
    0x5f, 0x74, 0x6f, 0x6b, 0x65, 0x6e, 0x73, 0x5f, 0x63, 0x6f, 0x6e, 0x73,
    0x75, 0x6d, 0x65, 0x64, 0x7d, 0x20, 0x2f, 0x20, 0x24, 0x7b, 0x73, 0x74,
    0x61, 0x74, 0x75, 0x73, 0x2e, 0x70, 0x72, 0x6f, 0x6d, 0x70, 0x74, 0x5f,
    0x74, 0x6f, 0x6b, 0x65, 0x6e, 0x5f, 0x63, 0x6f, 0x75, 0x6e, 0x74, 0x7d,
    0x60, 0x3b, 0x0a, 0x20, 0x20, 0x20, 0x20, 0x65, 0x6c, 0x65, 0x6d, 0x65,
    0x6e, 0x74, 0x73, 0x2e, 0x67, 0x65, 0x6e, 0x65, 0x72, 0x61, 0x74, 0x65,
    0x64, 0x43, 0x6f, 0x75, 0x6e, 0x74, 0x2e, 0x74, 0x65, 0x78, 0x74, 0x43,
    0x6f, 0x6e, 0x74, 0x65, 0x6e, 0x74, 0x20, 0x3d, 0x20, 0x53, 0x74, 0x72,
    0x69, 0x6e, 0x67, 0x28, 0x73, 0x74, 0x61, 0x74, 0x75, 0x73, 0x2e, 0x67,
    0x65, 0x6e, 0x65, 0x72, 0x61, 0x74, 0x65, 0x64, 0x5f, 0x63, 0x6f, 0x75,
    0x6e, 0x74, 0x29, 0x3b, 0x0a, 0x20, 0x20, 0x20, 0x20, 0x65, 0x6c, 0x65,
    0x6d, 0x65, 0x6e, 0x74, 0x73, 0x2e, 0x73, 0x74, 0x6f, 0x70, 0x52, 0x65,
    0x61, 0x73, 0x6f, 0x6e, 0x2e, 0x74, 0x65, 0x78, 0x74, 0x43, 0x6f, 0x6e,
    0x74, 0x65, 0x6e, 0x74, 0x20, 0x3d, 0x20, 0x73, 0x74, 0x61, 0x74, 0x75,
    0x73, 0x2e, 0x73, 0x74, 0x6f, 0x70, 0x5f, 0x72, 0x65, 0x61, 0x73, 0x6f,
    0x6e, 0x20, 0x7c, 0x7c, 0x20, 0x22, 0xe2, 0x80, 0x94, 0x22, 0x3b, 0x0a,
    0x20, 0x20, 0x20, 0x20, 0x72, 0x65, 0x6e, 0x64, 0x65, 0x72, 0x54, 0x6f,
    0x6b, 0x65, 0x6e, 0x73, 0x28, 0x73, 0x74, 0x61, 0x74, 0x75, 0x73, 0x2e,
    0x67, 0x65, 0x6e, 0x65, 0x72, 0x61, 0x74, 0x65, 0x64, 0x5f, 0x74, 0x6f,
    0x6b, 0x65, 0x6e, 0x5f, 0x69, 0x64, 0x73, 0x2c, 0x20, 0x73, 0x74, 0x61,
    0x74, 0x75, 0x73, 0x2e, 0x67, 0x65, 0x6e, 0x65, 0x72, 0x61, 0x74, 0x65,
    0x64, 0x5f, 0x73, 0x63, 0x6f, 0x72, 0x65, 0x73, 0x5f, 0x71, 0x32, 0x36,
    0x29, 0x3b, 0x0a, 0x0a, 0x20, 0x20, 0x20, 0x20, 0x63, 0x6f, 0x6e, 0x73,
    0x74, 0x20, 0x70, 0x72, 0x6f, 0x6d, 0x70, 0x74, 0x46, 0x72, 0x61, 0x63,
    0x74, 0x69, 0x6f, 0x6e, 0x20, 0x3d, 0x20, 0x73, 0x74, 0x61, 0x74, 0x75,
    0x73, 0x2e, 0x70, 0x72, 0x6f, 0x6d, 0x70, 0x74, 0x5f, 0x74, 0x6f, 0x6b,
    0x65, 0x6e, 0x5f, 0x63, 0x6f, 0x75, 0x6e, 0x74, 0x20, 0x3e, 0x20, 0x30,
    0x0a, 0x20, 0x20, 0x20, 0x20, 0x20, 0x20, 0x3f, 0x20, 0x73, 0x74, 0x61,
    0x74, 0x75, 0x73, 0x2e, 0x70, 0x72, 0x6f, 0x6d, 0x70, 0x74, 0x5f, 0x74,
    0x6f, 0x6b, 0x65, 0x6e, 0x73, 0x5f, 0x63, 0x6f, 0x6e, 0x73, 0x75, 0x6d,
    0x65, 0x64, 0x20, 0x2f, 0x20, 0x73, 0x74, 0x61, 0x74, 0x75, 0x73, 0x2e,
    0x70, 0x72, 0x6f, 0x6d, 0x70, 0x74, 0x5f, 0x74, 0x6f, 0x6b, 0x65, 0x6e,
    0x5f, 0x63, 0x6f, 0x75, 0x6e, 0x74, 0x0a, 0x20, 0x20, 0x20, 0x20, 0x20,
    0x20, 0x3a, 0x20, 0x30, 0x3b, 0x0a, 0x20, 0x20, 0x20, 0x20, 0x63, 0x6f,
    0x6e, 0x73, 0x74, 0x20, 0x64, 0x65, 0x63, 0x6f, 0x64, 0x65, 0x46, 0x72,
    0x61, 0x63, 0x74, 0x69, 0x6f, 0x6e, 0x20, 0x3d, 0x20, 0x73, 0x74, 0x61,
    0x74, 0x65, 0x2e, 0x65, 0x78, 0x70, 0x65, 0x63, 0x74, 0x65, 0x64, 0x4d,
    0x61, 0x78, 0x4e, 0x65, 0x77, 0x20, 0x3e, 0x20, 0x30, 0x0a, 0x20, 0x20,
    0x20, 0x20, 0x20, 0x20, 0x3f, 0x20, 0x4d, 0x61, 0x74, 0x68, 0x2e, 0x6d,
    0x69, 0x6e, 0x28, 0x31, 0x2c, 0x20, 0x73, 0x74, 0x61, 0x74, 0x75, 0x73,
    0x2e, 0x67, 0x65, 0x6e, 0x65, 0x72, 0x61, 0x74, 0x65, 0x64, 0x5f, 0x63,
    0x6f, 0x75, 0x6e, 0x74, 0x20, 0x2f, 0x20, 0x73, 0x74, 0x61, 0x74, 0x65,
    0x2e, 0x65, 0x78, 0x70, 0x65, 0x63, 0x74, 0x65, 0x64, 0x4d, 0x61, 0x78,
    0x4e, 0x65, 0x77, 0x29, 0x0a, 0x20, 0x20, 0x20, 0x20, 0x20, 0x20, 0x3a,
    0x20, 0x30, 0x3b, 0x0a, 0x20, 0x20, 0x20, 0x20, 0x63, 0x6f, 0x6e, 0x73,
    0x74, 0x20, 0x70, 0x72, 0x6f, 0x67, 0x72, 0x65, 0x73, 0x73, 0x20, 0x3d,
    0x20, 0x4d, 0x61, 0x74, 0x68, 0x2e, 0x6d, 0x69, 0x6e, 0x28, 0x31, 0x30,
    0x30, 0x2c, 0x20, 0x4d, 0x61, 0x74, 0x68, 0x2e, 0x72, 0x6f, 0x75, 0x6e,
    0x64, 0x28, 0x28, 0x70, 0x72, 0x6f, 0x6d, 0x70, 0x74, 0x46, 0x72, 0x61,
    0x63, 0x74, 0x69, 0x6f, 0x6e, 0x20, 0x2a, 0x20, 0x30, 0x2e, 0x33, 0x35,
    0x20, 0x2b, 0x20, 0x64, 0x65, 0x63, 0x6f, 0x64, 0x65, 0x46, 0x72, 0x61,
    0x63, 0x74, 0x69, 0x6f, 0x6e, 0x20, 0x2a, 0x20, 0x30, 0x2e, 0x36, 0x35,
    0x29, 0x20, 0x2a, 0x20, 0x31, 0x30, 0x30, 0x29, 0x29, 0x3b, 0x0a, 0x20,
    0x20, 0x20, 0x20, 0x65, 0x6c, 0x65, 0x6d, 0x65, 0x6e, 0x74, 0x73, 0x2e,
    0x70, 0x72, 0x6f, 0x67, 0x72, 0x65, 0x73, 0x73, 0x42, 0x61, 0x72, 0x2e,
    0x73, 0x74, 0x79, 0x6c, 0x65, 0x2e, 0x77, 0x69, 0x64, 0x74, 0x68, 0x20,
    0x3d, 0x20, 0x60, 0x24, 0x7b, 0x69, 0x73, 0x54, 0x65, 0x72, 0x6d, 0x69,
    0x6e, 0x61, 0x6c, 0x53, 0x74, 0x61, 0x74, 0x65, 0x28, 0x73, 0x74, 0x61,
    0x74, 0x75, 0x73, 0x2e, 0x73, 0x74, 0x61, 0x74, 0x65, 0x29, 0x20, 0x3f,
    0x20, 0x31, 0x30, 0x30, 0x20, 0x3a, 0x20, 0x70, 0x72, 0x6f, 0x67, 0x72,
    0x65, 0x73, 0x73, 0x7d, 0x25, 0x60, 0x3b, 0x0a, 0x20, 0x20, 0x7d, 0x0a,
    0x0a, 0x20, 0x20, 0x61, 0x73, 0x79, 0x6e, 0x63, 0x20, 0x66, 0x75, 0x6e,
    0x63, 0x74, 0x69, 0x6f, 0x6e, 0x20, 0x72, 0x65, 0x66, 0x72, 0x65, 0x73,
    0x68, 0x4f, 0x75, 0x74, 0x70, 0x75, 0x74, 0x28, 0x6a, 0x6f, 0x62, 0x49,
    0x64, 0x2c, 0x20, 0x72, 0x65, 0x70, 0x6f, 0x72, 0x74, 0x65, 0x64, 0x4c,
    0x65, 0x6e, 0x67, 0x74, 0x68, 0x2c, 0x20, 0x66, 0x6f, 0x72, 0x63, 0x65,
    0x29, 0x20, 0x7b, 0x0a, 0x20, 0x20, 0x20, 0x20, 0x69, 0x66, 0x20, 0x28,
    0x21, 0x66, 0x6f, 0x72, 0x63, 0x65, 0x20, 0x26, 0x26, 0x20, 0x72, 0x65,
    0x70, 0x6f, 0x72, 0x74, 0x65, 0x64, 0x4c, 0x65, 0x6e, 0x67, 0x74, 0x68,
    0x20, 0x3d, 0x3d, 0x3d, 0x20, 0x73, 0x74, 0x61, 0x74, 0x65, 0x2e, 0x6c,
    0x61, 0x73, 0x74, 0x4f, 0x75, 0x74, 0x70, 0x75, 0x74, 0x4c, 0x65, 0x6e,
    0x67, 0x74, 0x68, 0x29, 0x20, 0x7b, 0x0a, 0x20, 0x20, 0x20, 0x20, 0x20,
    0x20, 0x72, 0x65, 0x74, 0x75, 0x72, 0x6e, 0x3b, 0x0a, 0x20, 0x20, 0x20,
    0x20, 0x7d, 0x0a, 0x20, 0x20, 0x20, 0x20, 0x69, 0x66, 0x20, 0x28, 0x72,
    0x65, 0x70, 0x6f, 0x72, 0x74, 0x65, 0x64, 0x4c, 0x65, 0x6e, 0x67, 0x74,
    0x68, 0x20, 0x3d, 0x3d, 0x3d, 0x20, 0x30, 0x29, 0x20, 0x7b, 0x0a, 0x20,
    0x20, 0x20, 0x20, 0x20, 0x20, 0x65, 0x6c, 0x65, 0x6d, 0x65, 0x6e, 0x74,
    0x73, 0x2e, 0x6f, 0x75, 0x74, 0x70, 0x75, 0x74, 0x54, 0x65, 0x78, 0x74,
    0x2e, 0x74, 0x65, 0x78, 0x74, 0x43, 0x6f, 0x6e, 0x74, 0x65, 0x6e, 0x74,
    0x20, 0x3d, 0x20, 0x22, 0x22, 0x3b, 0x0a, 0x20, 0x20, 0x20, 0x20, 0x20,
    0x20, 0x63, 0x6f, 0x6e, 0x73, 0x74, 0x20, 0x70, 0x6c, 0x61, 0x63, 0x65,
    0x68, 0x6f, 0x6c, 0x64, 0x65, 0x72, 0x20, 0x3d, 0x20, 0x64, 0x6f, 0x63,
    0x75, 0x6d, 0x65, 0x6e, 0x74, 0x2e, 0x63, 0x72, 0x65, 0x61, 0x74, 0x65,
    0x45, 0x6c, 0x65, 0x6d, 0x65, 0x6e, 0x74, 0x28, 0x22, 0x73, 0x70, 0x61,
    0x6e, 0x22, 0x29, 0x3b, 0x0a, 0x20, 0x20, 0x20, 0x20, 0x20, 0x20, 0x70,
    0x6c, 0x61, 0x63, 0x65, 0x68, 0x6f, 0x6c, 0x64, 0x65, 0x72, 0x2e, 0x63,
    0x6c, 0x61, 0x73, 0x73, 0x4e, 0x61, 0x6d, 0x65, 0x20, 0x3d, 0x20, 0x22,
    0x70, 0x6c, 0x61, 0x63, 0x65, 0x68, 0x6f, 0x6c, 0x64, 0x65, 0x72, 0x22,
    0x3b, 0x0a, 0x20, 0x20, 0x20, 0x20, 0x20, 0x20, 0x70, 0x6c, 0x61, 0x63,
    0x65, 0x68, 0x6f, 0x6c, 0x64, 0x65, 0x72, 0x2e, 0x74, 0x65, 0x78, 0x74,
    0x43, 0x6f, 0x6e, 0x74, 0x65, 0x6e, 0x74, 0x20, 0x3d, 0x20, 0x22, 0x57,
    0x61, 0x69, 0x74, 0x69, 0x6e, 0x67, 0x20, 0x66, 0x6f, 0x72, 0x20, 0x74,
    0x68, 0x65, 0x20, 0x66, 0x69, 0x72, 0x73, 0x74, 0x20, 0x67, 0x65, 0x6e,
    0x65, 0x72, 0x61, 0x74, 0x65, 0x64, 0x20, 0x62, 0x79, 0x74, 0x65, 0x73,
    0xe2, 0x80, 0xa6, 0x22, 0x3b, 0x0a, 0x20, 0x20, 0x20, 0x20, 0x20, 0x20,
    0x65, 0x6c, 0x65, 0x6d, 0x65, 0x6e, 0x74, 0x73, 0x2e, 0x6f, 0x75, 0x74,
    0x70, 0x75, 0x74, 0x54, 0x65, 0x78, 0x74, 0x2e, 0x61, 0x70, 0x70, 0x65,
    0x6e, 0x64, 0x43, 0x68, 0x69, 0x6c, 0x64, 0x28, 0x70, 0x6c, 0x61, 0x63,
    0x65, 0x68, 0x6f, 0x6c, 0x64, 0x65, 0x72, 0x29, 0x3b, 0x0a, 0x20, 0x20,
    0x20, 0x20, 0x20, 0x20, 0x65, 0x6c, 0x65, 0x6d, 0x65, 0x6e, 0x74, 0x73,
    0x2e, 0x6f, 0x75, 0x74, 0x70, 0x75, 0x74, 0x42, 0x79, 0x74, 0x65, 0x43,
    0x6f, 0x75, 0x6e, 0x74, 0x2e, 0x74, 0x65, 0x78, 0x74, 0x43, 0x6f, 0x6e,
    0x74, 0x65, 0x6e, 0x74, 0x20, 0x3d, 0x20, 0x22, 0x30, 0x20, 0x62, 0x79,
    0x74, 0x65, 0x73, 0x22, 0x3b, 0x0a, 0x20, 0x20, 0x20, 0x20, 0x20, 0x20,
    0x73, 0x74, 0x61, 0x74, 0x65, 0x2e, 0x6c, 0x61, 0x73, 0x74, 0x4f, 0x75,
    0x74, 0x70, 0x75, 0x74, 0x4c, 0x65, 0x6e, 0x67, 0x74, 0x68, 0x20, 0x3d,
    0x20, 0x30, 0x3b, 0x0a, 0x20, 0x20, 0x20, 0x20, 0x20, 0x20, 0x72, 0x65,
    0x74, 0x75, 0x72, 0x6e, 0x3b, 0x0a, 0x20, 0x20, 0x20, 0x20, 0x7d, 0x0a,
    0x20, 0x20, 0x20, 0x20, 0x63, 0x6f, 0x6e, 0x73, 0x74, 0x20, 0x62, 0x79,
    0x74, 0x65, 0x73, 0x20, 0x3d, 0x20, 0x61, 0x77, 0x61, 0x69, 0x74, 0x20,
    0x61, 0x70, 0x69, 0x4f, 0x75, 0x74, 0x70, 0x75, 0x74, 0x28, 0x6a, 0x6f,
    0x62, 0x49, 0x64, 0x29, 0x3b, 0x0a, 0x20, 0x20, 0x20, 0x20, 0x69, 0x66,
    0x20, 0x28, 0x62, 0x79, 0x74, 0x65, 0x73, 0x2e, 0x6c, 0x65, 0x6e, 0x67,
    0x74, 0x68, 0x20, 0x3c, 0x20, 0x72, 0x65, 0x70, 0x6f, 0x72, 0x74, 0x65,
    0x64, 0x4c, 0x65, 0x6e, 0x67, 0x74, 0x68, 0x20, 0x7c, 0x7c, 0x20, 0x62,
    0x79, 0x74, 0x65, 0x73, 0x2e, 0x6c, 0x65, 0x6e, 0x67, 0x74, 0x68, 0x20,
    0x3e, 0x20, 0x4c, 0x49, 0x4d, 0x49, 0x54, 0x53, 0x2e, 0x6d, 0x61, 0x78,
    0x4f, 0x75, 0x74, 0x70, 0x75, 0x74, 0x42, 0x79, 0x74, 0x65, 0x73, 0x29,
    0x20, 0x7b, 0x0a, 0x20, 0x20, 0x20, 0x20, 0x20, 0x20, 0x74, 0x68, 0x72,
    0x6f, 0x77, 0x20, 0x6e, 0x65, 0x77, 0x20, 0x41, 0x70, 0x69, 0x45, 0x72,
    0x72, 0x6f, 0x72, 0x28, 0x32, 0x30, 0x30, 0x2c, 0x20, 0x22, 0x6f, 0x75,
    0x74, 0x70, 0x75, 0x74, 0x5f, 0x6c, 0x65, 0x6e, 0x67, 0x74, 0x68, 0x5f,
    0x6d, 0x69, 0x73, 0x6d, 0x61, 0x74, 0x63, 0x68, 0x22, 0x2c, 0x20, 0x22,
    0x54, 0x68, 0x65, 0x20, 0x62, 0x6f, 0x61, 0x72, 0x64, 0x20, 0x72, 0x65,
    0x74, 0x75, 0x72, 0x6e, 0x65, 0x64, 0x20, 0x61, 0x6e, 0x20, 0x69, 0x6e,
    0x63, 0x6f, 0x6e, 0x73, 0x69, 0x73, 0x74, 0x65, 0x6e, 0x74, 0x20, 0x6f,
    0x75, 0x74, 0x70, 0x75, 0x74, 0x20, 0x6c, 0x65, 0x6e, 0x67, 0x74, 0x68,
    0x2e, 0x22, 0x29, 0x3b, 0x0a, 0x20, 0x20, 0x20, 0x20, 0x7d, 0x0a, 0x20,
    0x20, 0x20, 0x20, 0x65, 0x6c, 0x65, 0x6d, 0x65, 0x6e, 0x74, 0x73, 0x2e,
    0x6f, 0x75, 0x74, 0x70, 0x75, 0x74, 0x54, 0x65, 0x78, 0x74, 0x2e, 0x74,
    0x65, 0x78, 0x74, 0x43, 0x6f, 0x6e, 0x74, 0x65, 0x6e, 0x74, 0x20, 0x3d,
    0x20, 0x64, 0x65, 0x63, 0x6f, 0x64, 0x65, 0x4f, 0x75, 0x74, 0x70, 0x75,
    0x74, 0x42, 0x79, 0x74, 0x65, 0x73, 0x28, 0x62, 0x79, 0x74, 0x65, 0x73,
    0x29, 0x3b, 0x0a, 0x20, 0x20, 0x20, 0x20, 0x65, 0x6c, 0x65, 0x6d, 0x65,
    0x6e, 0x74, 0x73, 0x2e, 0x6f, 0x75, 0x74, 0x70, 0x75, 0x74, 0x42, 0x79,
    0x74, 0x65, 0x43, 0x6f, 0x75, 0x6e, 0x74, 0x2e, 0x74, 0x65, 0x78, 0x74,
    0x43, 0x6f, 0x6e, 0x74, 0x65, 0x6e, 0x74, 0x20, 0x3d, 0x20, 0x60, 0x24,
    0x7b, 0x62, 0x79, 0x74, 0x65, 0x73, 0x2e, 0x6c, 0x65, 0x6e, 0x67, 0x74,
    0x68, 0x7d, 0x20, 0x24, 0x7b, 0x62, 0x79, 0x74, 0x65, 0x73, 0x2e, 0x6c,
    0x65, 0x6e, 0x67, 0x74, 0x68, 0x20, 0x3d, 0x3d, 0x3d, 0x20, 0x31, 0x20,
    0x3f, 0x20, 0x22, 0x62, 0x79, 0x74, 0x65, 0x22, 0x20, 0x3a, 0x20, 0x22,
    0x62, 0x79, 0x74, 0x65, 0x73, 0x22, 0x7d, 0x60, 0x3b, 0x0a, 0x20, 0x20,
    0x20, 0x20, 0x65, 0x6c, 0x65, 0x6d, 0x65, 0x6e, 0x74, 0x73, 0x2e, 0x6f,
    0x75, 0x74, 0x70, 0x75, 0x74, 0x54, 0x65, 0x78, 0x74, 0x2e, 0x73, 0x63,
    0x72, 0x6f, 0x6c, 0x6c, 0x54, 0x6f, 0x70, 0x20, 0x3d, 0x20, 0x65, 0x6c,
    0x65, 0x6d, 0x65, 0x6e, 0x74, 0x73, 0x2e, 0x6f, 0x75, 0x74, 0x70, 0x75,
    0x74, 0x54, 0x65, 0x78, 0x74, 0x2e, 0x73, 0x63, 0x72, 0x6f, 0x6c, 0x6c,
    0x48, 0x65, 0x69, 0x67, 0x68, 0x74, 0x3b, 0x0a, 0x20, 0x20, 0x20, 0x20,
    0x73, 0x74, 0x61, 0x74, 0x65, 0x2e, 0x6c, 0x61, 0x73, 0x74, 0x4f, 0x75,
    0x74, 0x70, 0x75, 0x74, 0x4c, 0x65, 0x6e, 0x67, 0x74, 0x68, 0x20, 0x3d,
    0x20, 0x62, 0x79, 0x74, 0x65, 0x73, 0x2e, 0x6c, 0x65, 0x6e, 0x67, 0x74,
    0x68, 0x3b, 0x0a, 0x20, 0x20, 0x7d, 0x0a, 0x0a, 0x20, 0x20, 0x66, 0x75,
    0x6e, 0x63, 0x74, 0x69, 0x6f, 0x6e, 0x20, 0x73, 0x63, 0x68, 0x65, 0x64,
    0x75, 0x6c, 0x65, 0x50, 0x6f, 0x6c, 0x6c, 0x28, 0x64, 0x65, 0x6c, 0x61,
    0x79, 0x29, 0x20, 0x7b, 0x0a, 0x20, 0x20, 0x20, 0x20, 0x69, 0x66, 0x20,
    0x28, 0x73, 0x74, 0x61, 0x74, 0x65, 0x2e, 0x61, 0x63, 0x74, 0x69, 0x76,
    0x65, 0x4a, 0x6f, 0x62, 0x49, 0x64, 0x20, 0x3d, 0x3d, 0x3d, 0x20, 0x6e,
    0x75, 0x6c, 0x6c, 0x29, 0x20, 0x72, 0x65, 0x74, 0x75, 0x72, 0x6e, 0x3b,
    0x0a, 0x20, 0x20, 0x20, 0x20, 0x72, 0x6f, 0x6f, 0x74, 0x2e, 0x63, 0x6c,
    0x65, 0x61, 0x72, 0x54, 0x69, 0x6d, 0x65, 0x6f, 0x75, 0x74, 0x28, 0x73,
    0x74, 0x61, 0x74, 0x65, 0x2e, 0x70, 0x6f, 0x6c, 0x6c, 0x54, 0x69, 0x6d,
    0x65, 0x72, 0x29, 0x3b, 0x0a, 0x20, 0x20, 0x20, 0x20, 0x73, 0x74, 0x61,
    0x74, 0x65, 0x2e, 0x70, 0x6f, 0x6c, 0x6c, 0x54, 0x69, 0x6d, 0x65, 0x72,
    0x20, 0x3d, 0x20, 0x72, 0x6f, 0x6f, 0x74, 0x2e, 0x73, 0x65, 0x74, 0x54,
    0x69, 0x6d, 0x65, 0x6f, 0x75, 0x74, 0x28, 0x70, 0x6f, 0x6c, 0x6c, 0x4a,
    0x6f, 0x62, 0x2c, 0x20, 0x64, 0x65, 0x6c, 0x61, 0x79, 0x29, 0x3b, 0x0a,
    0x20, 0x20, 0x7d, 0x0a, 0x0a, 0x20, 0x20, 0x61, 0x73, 0x79, 0x6e, 0x63,
    0x20, 0x66, 0x75, 0x6e, 0x63, 0x74, 0x69, 0x6f, 0x6e, 0x20, 0x70, 0x6f,
    0x6c, 0x6c, 0x4a, 0x6f, 0x62, 0x28, 0x29, 0x20, 0x7b, 0x0a, 0x20, 0x20,
    0x20, 0x20, 0x69, 0x66, 0x20, 0x28, 0x73, 0x74, 0x61, 0x74, 0x65, 0x2e,
    0x61, 0x63, 0x74, 0x69, 0x76, 0x65, 0x4a, 0x6f, 0x62, 0x49, 0x64, 0x20,
    0x3d, 0x3d, 0x3d, 0x20, 0x6e, 0x75, 0x6c, 0x6c, 0x29, 0x20, 0x72, 0x65,
    0x74, 0x75, 0x72, 0x6e, 0x3b, 0x0a, 0x20, 0x20, 0x20, 0x20, 0x63, 0x6f,
    0x6e, 0x73, 0x74, 0x20, 0x6a, 0x6f, 0x62, 0x49, 0x64, 0x20, 0x3d, 0x20,
    0x73, 0x74, 0x61, 0x74, 0x65, 0x2e, 0x61, 0x63, 0x74, 0x69, 0x76, 0x65,
    0x4a, 0x6f, 0x62, 0x49, 0x64, 0x3b, 0x0a, 0x20, 0x20, 0x20, 0x20, 0x74,
    0x72, 0x79, 0x20, 0x7b, 0x0a, 0x20, 0x20, 0x20, 0x20, 0x20, 0x20, 0x63,
    0x6f, 0x6e, 0x73, 0x74, 0x20, 0x70, 0x61, 0x79, 0x6c, 0x6f, 0x61, 0x64,
    0x20, 0x3d, 0x20, 0x76, 0x61, 0x6c, 0x69, 0x64, 0x61, 0x74, 0x65, 0x53,
    0x74, 0x61, 0x74, 0x75, 0x73, 0x28, 0x0a, 0x20, 0x20, 0x20, 0x20, 0x20,
    0x20, 0x20, 0x20, 0x61, 0x77, 0x61, 0x69, 0x74, 0x20, 0x61, 0x70, 0x69,
    0x4a, 0x73, 0x6f, 0x6e, 0x28, 0x60, 0x2f, 0x61, 0x70, 0x69, 0x2f, 0x67,
    0x65, 0x6e, 0x65, 0x72, 0x61, 0x74, 0x65, 0x2f, 0x24, 0x7b, 0x6a, 0x6f,
    0x62, 0x49, 0x64, 0x7d, 0x60, 0x2c, 0x20, 0x7b, 0x20, 0x6d, 0x65, 0x74,
    0x68, 0x6f, 0x64, 0x3a, 0x20, 0x22, 0x47, 0x45, 0x54, 0x22, 0x20, 0x7d,
    0x29, 0x2c, 0x0a, 0x20, 0x20, 0x20, 0x20, 0x20, 0x20, 0x20, 0x20, 0x6a,
    0x6f, 0x62, 0x49, 0x64, 0x0a, 0x20, 0x20, 0x20, 0x20, 0x20, 0x20, 0x29,
    0x3b, 0x0a, 0x20, 0x20, 0x20, 0x20, 0x20, 0x20, 0x73, 0x74, 0x61, 0x74,
    0x65, 0x2e, 0x63, 0x6f, 0x6e, 0x6e, 0x65, 0x63, 0x74, 0x65, 0x64, 0x20,
    0x3d, 0x20, 0x74, 0x72, 0x75, 0x65, 0x3b, 0x0a, 0x20, 0x20, 0x20, 0x20,
    0x20, 0x20, 0x73, 0x74, 0x61, 0x74, 0x65, 0x2e, 0x72, 0x65, 0x61, 0x64,
    0x79, 0x20, 0x3d, 0x20, 0x74, 0x72, 0x75, 0x65, 0x3b, 0x0a, 0x20, 0x20,
    0x20, 0x20, 0x20, 0x20, 0x73, 0x74, 0x61, 0x74, 0x65, 0x2e, 0x6e, 0x65,
    0x74, 0x77, 0x6f, 0x72, 0x6b, 0x46, 0x61, 0x69, 0x6c, 0x75, 0x72, 0x65,
    0x73, 0x20, 0x3d, 0x20, 0x30, 0x3b, 0x0a, 0x20, 0x20, 0x20, 0x20, 0x20,
    0x20, 0x73, 0x65, 0x74, 0x43, 0x6f, 0x6e, 0x6e, 0x65, 0x63, 0x74, 0x69,
    0x6f, 0x6e, 0x28, 0x69, 0x73, 0x41, 0x63, 0x74, 0x69, 0x76, 0x65, 0x53,
    0x74, 0x61, 0x74, 0x65, 0x28, 0x70, 0x61, 0x79, 0x6c, 0x6f, 0x61, 0x64,
    0x2e, 0x73, 0x74, 0x61, 0x74, 0x65, 0x29, 0x20, 0x3f, 0x20, 0x22, 0x62,
    0x75, 0x73, 0x79, 0x22, 0x20, 0x3a, 0x20, 0x22, 0x6f, 0x6e, 0x6c, 0x69,
    0x6e, 0x65, 0x22, 0x2c, 0x0a, 0x20, 0x20, 0x20, 0x20, 0x20, 0x20, 0x20,
    0x20, 0x20, 0x20, 0x20, 0x20, 0x20, 0x20, 0x20, 0x20, 0x20, 0x20, 0x20,
    0x20, 0x69, 0x73, 0x41, 0x63, 0x74, 0x69, 0x76, 0x65, 0x53, 0x74, 0x61,
    0x74, 0x65, 0x28, 0x70, 0x61, 0x79, 0x6c, 0x6f, 0x61, 0x64, 0x2e, 0x73,
    0x74, 0x61, 0x74, 0x65, 0x29, 0x20, 0x3f, 0x20, 0x22, 0x46, 0x50, 0x47,
    0x41, 0x20, 0x67, 0x65, 0x6e, 0x65, 0x72, 0x61, 0x74, 0x69, 0x6e, 0x67,
    0x22, 0x20, 0x3a, 0x20, 0x22, 0x42, 0x6f, 0x61, 0x72, 0x64, 0x20, 0x6f,
    0x6e, 0x6c, 0x69, 0x6e, 0x65, 0x22, 0x29, 0x3b, 0x0a, 0x20, 0x20, 0x20,
    0x20, 0x20, 0x20, 0x72, 0x65, 0x6e, 0x64, 0x65, 0x72, 0x53, 0x74, 0x61,
    0x74, 0x75, 0x73, 0x28, 0x70, 0x61, 0x79, 0x6c, 0x6f, 0x61, 0x64, 0x29,
    0x3b, 0x0a, 0x20, 0x20, 0x20, 0x20, 0x20, 0x20, 0x61, 0x77, 0x61, 0x69,
    0x74, 0x20, 0x72, 0x65, 0x66, 0x72, 0x65, 0x73, 0x68, 0x4f, 0x75, 0x74,
    0x70, 0x75, 0x74, 0x28, 0x6a, 0x6f, 0x62, 0x49, 0x64, 0x2c, 0x20, 0x70,
    0x61, 0x79, 0x6c, 0x6f, 0x61, 0x64, 0x2e, 0x6f, 0x75, 0x74, 0x70, 0x75,
    0x74, 0x5f, 0x6c, 0x65, 0x6e, 0x67, 0x74, 0x68, 0x2c, 0x20, 0x69, 0x73,
    0x54, 0x65, 0x72, 0x6d, 0x69, 0x6e, 0x61, 0x6c, 0x53, 0x74, 0x61, 0x74,
    0x65, 0x28, 0x70, 0x61, 0x79, 0x6c, 0x6f, 0x61, 0x64, 0x2e, 0x73, 0x74,
    0x61, 0x74, 0x65, 0x29, 0x29, 0x3b, 0x0a, 0x0a, 0x20, 0x20, 0x20, 0x20,
    0x20, 0x20, 0x69, 0x66, 0x20, 0x28, 0x70, 0x61, 0x79, 0x6c, 0x6f, 0x61,
    0x64, 0x2e, 0x73, 0x74, 0x61, 0x74, 0x65, 0x20, 0x3d, 0x3d, 0x3d, 0x20,
    0x22, 0x64, 0x6f, 0x6e, 0x65, 0x22, 0x29, 0x20, 0x7b, 0x0a, 0x20, 0x20,
    0x20, 0x20, 0x20, 0x20, 0x20, 0x20, 0x73, 0x74, 0x61, 0x74, 0x65, 0x2e,
    0x61, 0x63, 0x74, 0x69, 0x76, 0x65, 0x4a, 0x6f, 0x62, 0x49, 0x64, 0x20,
    0x3d, 0x20, 0x6e, 0x75, 0x6c, 0x6c, 0x3b, 0x0a, 0x20, 0x20, 0x20, 0x20,
    0x20, 0x20, 0x20, 0x20, 0x73, 0x65, 0x74, 0x52, 0x75, 0x6e, 0x74, 0x69,
    0x6d, 0x65, 0x4d, 0x65, 0x73, 0x73, 0x61, 0x67, 0x65, 0x28, 0x60, 0x47,
    0x65, 0x6e, 0x65, 0x72, 0x61, 0x74, 0x69, 0x6f, 0x6e, 0x20, 0x63, 0x6f,
    0x6d, 0x70, 0x6c, 0x65, 0x74, 0x65, 0x20, 0xc2, 0xb7, 0x20, 0x24, 0x7b,
    0x70, 0x61, 0x79, 0x6c, 0x6f, 0x61, 0x64, 0x2e, 0x73, 0x74, 0x6f, 0x70,
    0x5f, 0x72, 0x65, 0x61, 0x73, 0x6f, 0x6e, 0x20, 0x7c, 0x7c, 0x20, 0x22,
    0x73, 0x74, 0x6f, 0x70, 0x20, 0x72, 0x65, 0x61, 0x73, 0x6f, 0x6e, 0x20,
    0x75, 0x6e, 0x61, 0x76, 0x61, 0x69, 0x6c, 0x61, 0x62, 0x6c, 0x65, 0x22,
    0x7d, 0x2e, 0x60, 0x2c, 0x20, 0x22, 0x73, 0x75, 0x63, 0x63, 0x65, 0x73,
    0x73, 0x22, 0x29, 0x3b, 0x0a, 0x20, 0x20, 0x20, 0x20, 0x20, 0x20, 0x20,
    0x20, 0x72, 0x65, 0x66, 0x72, 0x65, 0x73, 0x68, 0x43, 0x6f, 0x6e, 0x74,
    0x72, 0x6f, 0x6c, 0x73, 0x28, 0x29, 0x3b, 0x0a, 0x20, 0x20, 0x20, 0x20,
    0x20, 0x20, 0x20, 0x20, 0x73, 0x63, 0x68, 0x65, 0x64, 0x75, 0x6c, 0x65,
    0x48, 0x65, 0x61, 0x6c, 0x74, 0x68, 0x28, 0x32, 0x35, 0x30, 0x29, 0x3b,
    0x0a, 0x20, 0x20, 0x20, 0x20, 0x20, 0x20, 0x20, 0x20, 0x72, 0x65, 0x74,
    0x75, 0x72, 0x6e, 0x3b, 0x0a, 0x20, 0x20, 0x20, 0x20, 0x20, 0x20, 0x7d,
    0x0a, 0x20, 0x20, 0x20, 0x20, 0x20, 0x20, 0x69, 0x66, 0x20, 0x28, 0x70,
    0x61, 0x79, 0x6c, 0x6f, 0x61, 0x64, 0x2e, 0x73, 0x74, 0x61, 0x74, 0x65,
    0x20, 0x3d, 0x3d, 0x3d, 0x20, 0x22, 0x65, 0x72, 0x72, 0x6f, 0x72, 0x22,
    0x29, 0x20, 0x7b, 0x0a, 0x20, 0x20, 0x20, 0x20, 0x20, 0x20, 0x20, 0x20,
    0x73, 0x74, 0x61, 0x74, 0x65, 0x2e, 0x61, 0x63, 0x74, 0x69, 0x76, 0x65,
    0x4a, 0x6f, 0x62, 0x49, 0x64, 0x20, 0x3d, 0x20, 0x6e, 0x75, 0x6c, 0x6c,
    0x3b, 0x0a, 0x20, 0x20, 0x20, 0x20, 0x20, 0x20, 0x20, 0x20, 0x63, 0x6f,
    0x6e, 0x73, 0x74, 0x20, 0x64, 0x65, 0x74, 0x61, 0x69, 0x6c, 0x20, 0x3d,
    0x20, 0x70, 0x61, 0x79, 0x6c, 0x6f, 0x61, 0x64, 0x2e, 0x65, 0x72, 0x72,
    0x6f, 0x72, 0x20, 0x26, 0x26, 0x20, 0x74, 0x79, 0x70, 0x65, 0x6f, 0x66,
    0x20, 0x70, 0x61, 0x79, 0x6c, 0x6f, 0x61, 0x64, 0x2e, 0x65, 0x72, 0x72,
    0x6f, 0x72, 0x20, 0x3d, 0x3d, 0x3d, 0x20, 0x22, 0x6f, 0x62, 0x6a, 0x65,
    0x63, 0x74, 0x22, 0x0a, 0x20, 0x20, 0x20, 0x20, 0x20, 0x20, 0x20, 0x20,
    0x20, 0x20, 0x3f, 0x20, 0x60, 0x6a, 0x6f, 0x62, 0x20, 0x24, 0x7b, 0x70,
    0x61, 0x79, 0x6c, 0x6f, 0x61, 0x64, 0x2e, 0x65, 0x72, 0x72, 0x6f, 0x72,
    0x2e, 0x6a, 0x6f, 0x62, 0x5f, 0x63, 0x6f, 0x64, 0x65, 0x7d, 0x2c, 0x20,
    0x73, 0x65, 0x73, 0x73, 0x69, 0x6f, 0x6e, 0x20, 0x24, 0x7b, 0x70, 0x61,
    0x79, 0x6c, 0x6f, 0x61, 0x64, 0x2e, 0x65, 0x72, 0x72, 0x6f, 0x72, 0x2e,
    0x73, 0x65, 0x73, 0x73, 0x69, 0x6f, 0x6e, 0x5f, 0x63, 0x6f, 0x64, 0x65,
    0x7d, 0x2c, 0x20, 0x74, 0x6f, 0x6b, 0x65, 0x6e, 0x69, 0x7a, 0x65, 0x72,
    0x20, 0x24, 0x7b, 0x70, 0x61, 0x79, 0x6c, 0x6f, 0x61, 0x64, 0x2e, 0x65,
    0x72, 0x72, 0x6f, 0x72, 0x2e, 0x74, 0x6f, 0x6b, 0x65, 0x6e, 0x69, 0x7a,
    0x65, 0x72, 0x5f, 0x63, 0x6f, 0x64, 0x65, 0x7d, 0x60, 0x0a, 0x20, 0x20,
    0x20, 0x20, 0x20, 0x20, 0x20, 0x20, 0x20, 0x20, 0x3a, 0x20, 0x22, 0x6e,
    0x6f, 0x20, 0x65, 0x72, 0x72, 0x6f, 0x72, 0x20, 0x63, 0x6f, 0x64, 0x65,
    0x73, 0x20, 0x72, 0x65, 0x74, 0x75, 0x72, 0x6e, 0x65, 0x64, 0x22, 0x3b,
    0x0a, 0x20, 0x20, 0x20, 0x20, 0x20, 0x20, 0x20, 0x20, 0x73, 0x65, 0x74,
    0x52, 0x75, 0x6e, 0x74, 0x69, 0x6d, 0x65, 0x4d, 0x65, 0x73, 0x73, 0x61,
    0x67, 0x65, 0x28, 0x60, 0x47, 0x65, 0x6e, 0x65, 0x72, 0x61, 0x74, 0x69,
    0x6f, 0x6e, 0x20, 0x66, 0x61, 0x69, 0x6c, 0x65, 0x64, 0x3a, 0x20, 0x24,
    0x7b, 0x64, 0x65, 0x74, 0x61, 0x69, 0x6c, 0x7d, 0x2e, 0x60, 0x2c, 0x20,
    0x22, 0x65, 0x72, 0x72, 0x6f, 0x72, 0x22, 0x29, 0x3b, 0x0a, 0x20, 0x20,
    0x20, 0x20, 0x20, 0x20, 0x20, 0x20, 0x72, 0x65, 0x66, 0x72, 0x65, 0x73,
    0x68, 0x43, 0x6f, 0x6e, 0x74, 0x72, 0x6f, 0x6c, 0x73, 0x28, 0x29, 0x3b,
    0x0a, 0x20, 0x20, 0x20, 0x20, 0x20, 0x20, 0x20, 0x20, 0x73, 0x63, 0x68,
    0x65, 0x64, 0x75, 0x6c, 0x65, 0x48, 0x65, 0x61, 0x6c, 0x74, 0x68, 0x28,
    0x32, 0x35, 0x30, 0x29, 0x3b, 0x0a, 0x20, 0x20, 0x20, 0x20, 0x20, 0x20,
    0x20, 0x20, 0x72, 0x65, 0x74, 0x75, 0x72, 0x6e, 0x3b, 0x0a, 0x20, 0x20,
    0x20, 0x20, 0x20, 0x20, 0x7d, 0x0a, 0x20, 0x20, 0x20, 0x20, 0x20, 0x20,
    0x69, 0x66, 0x20, 0x28, 0x21, 0x69, 0x73, 0x41, 0x63, 0x74, 0x69, 0x76,
    0x65, 0x53, 0x74, 0x61, 0x74, 0x65, 0x28, 0x70, 0x61, 0x79, 0x6c, 0x6f,
    0x61, 0x64, 0x2e, 0x73, 0x74, 0x61, 0x74, 0x65, 0x29, 0x29, 0x20, 0x7b,
    0x0a, 0x20, 0x20, 0x20, 0x20, 0x20, 0x20, 0x20, 0x20, 0x74, 0x68, 0x72,
    0x6f, 0x77, 0x20, 0x6e, 0x65, 0x77, 0x20, 0x41, 0x70, 0x69, 0x45, 0x72,
    0x72, 0x6f, 0x72, 0x28, 0x32, 0x30, 0x30, 0x2c, 0x20, 0x22, 0x69, 0x6e,
    0x76, 0x61, 0x6c, 0x69, 0x64, 0x5f, 0x6a, 0x6f, 0x62, 0x5f, 0x73, 0x74,
    0x61, 0x74, 0x65, 0x22, 0x2c, 0x20, 0x60, 0x55, 0x6e, 0x65, 0x78, 0x70,
    0x65, 0x63, 0x74, 0x65, 0x64, 0x20, 0x6a, 0x6f, 0x62, 0x20, 0x73, 0x74,
    0x61, 0x74, 0x65, 0x3a, 0x20, 0x24, 0x7b, 0x70, 0x61, 0x79, 0x6c, 0x6f,
    0x61, 0x64, 0x2e, 0x73, 0x74, 0x61, 0x74, 0x65, 0x7d, 0x2e, 0x60, 0x29,
    0x3b, 0x0a, 0x20, 0x20, 0x20, 0x20, 0x20, 0x20, 0x7d, 0x0a, 0x20, 0x20,
    0x20, 0x20, 0x20, 0x20, 0x73, 0x65, 0x74, 0x52, 0x75, 0x6e, 0x74, 0x69,
    0x6d, 0x65, 0x4d, 0x65, 0x73, 0x73, 0x61, 0x67, 0x65, 0x28, 0x0a, 0x20,
    0x20, 0x20, 0x20, 0x20, 0x20, 0x20, 0x20, 0x70, 0x61, 0x79, 0x6c, 0x6f,
    0x61, 0x64, 0x2e, 0x73, 0x74, 0x61, 0x74, 0x65, 0x20, 0x3d, 0x3d, 0x3d,
    0x20, 0x22, 0x71, 0x75, 0x65, 0x75, 0x65, 0x64, 0x22, 0x20, 0x3f, 0x20,
    0x22, 0x52, 0x65, 0x71, 0x75, 0x65, 0x73, 0x74, 0x20, 0x61, 0x63, 0x63,
    0x65, 0x70, 0x74, 0x65, 0x64, 0x3b, 0x20, 0x77, 0x61, 0x69, 0x74, 0x69,
    0x6e, 0x67, 0x20, 0x66, 0x6f, 0x72, 0x20, 0x74, 0x68, 0x65, 0x20, 0x50,
    0x4c, 0x20, 0x72, 0x75, 0x6e, 0x6e, 0x65, 0x72, 0x2e, 0x22, 0x20, 0x3a,
    0x20, 0x22, 0x50, 0x4c, 0x20, 0x69, 0x6e, 0x66, 0x65, 0x72, 0x65, 0x6e,
    0x63, 0x65, 0x20, 0x69, 0x73, 0x20, 0x72, 0x75, 0x6e, 0x6e, 0x69, 0x6e,
    0x67, 0x3b, 0x20, 0x6f, 0x75, 0x74, 0x70, 0x75, 0x74, 0x20, 0x72, 0x65,
    0x66, 0x72, 0x65, 0x73, 0x68, 0x65, 0x73, 0x20, 0x61, 0x66, 0x74, 0x65,
    0x72, 0x20, 0x65, 0x61, 0x63, 0x68, 0x20, 0x74, 0x6f, 0x6b, 0x65, 0x6e,
    0x2e, 0x22, 0x2c, 0x0a, 0x20, 0x20, 0x20, 0x20, 0x20, 0x20, 0x20, 0x20,
    0x22, 0x77, 0x61, 0x72, 0x6e, 0x69, 0x6e, 0x67, 0x22, 0x0a, 0x20, 0x20,
    0x20, 0x20, 0x20, 0x20, 0x29, 0x3b, 0x0a, 0x20, 0x20, 0x20, 0x20, 0x20,
    0x20, 0x72, 0x65, 0x66, 0x72, 0x65, 0x73, 0x68, 0x43, 0x6f, 0x6e, 0x74,
    0x72, 0x6f, 0x6c, 0x73, 0x28, 0x29, 0x3b, 0x0a, 0x20, 0x20, 0x20, 0x20,
    0x20, 0x20, 0x73, 0x63, 0x68, 0x65, 0x64, 0x75, 0x6c, 0x65, 0x50, 0x6f,
    0x6c, 0x6c, 0x28, 0x4c, 0x49, 0x4d, 0x49, 0x54, 0x53, 0x2e, 0x70, 0x6f,
    0x6c, 0x6c, 0x49, 0x6e, 0x74, 0x65, 0x72, 0x76, 0x61, 0x6c, 0x4d, 0x73,
    0x29, 0x3b, 0x0a, 0x20, 0x20, 0x20, 0x20, 0x7d, 0x20, 0x63, 0x61, 0x74,
    0x63, 0x68, 0x20, 0x28, 0x65, 0x72, 0x72, 0x6f, 0x72, 0x29, 0x20, 0x7b,
    0x0a, 0x20, 0x20, 0x20, 0x20, 0x20, 0x20, 0x69, 0x66, 0x20, 0x28, 0x65,
    0x72, 0x72, 0x6f, 0x72, 0x20, 0x69, 0x6e, 0x73, 0x74, 0x61, 0x6e, 0x63,
    0x65, 0x6f, 0x66, 0x20, 0x41, 0x70, 0x69, 0x45, 0x72, 0x72, 0x6f, 0x72,
    0x29, 0x20, 0x7b, 0x0a, 0x20, 0x20, 0x20, 0x20, 0x20, 0x20, 0x20, 0x20,
    0x73, 0x74, 0x61, 0x74, 0x65, 0x2e, 0x61, 0x63, 0x74, 0x69, 0x76, 0x65,
    0x4a, 0x6f, 0x62, 0x49, 0x64, 0x20, 0x3d, 0x20, 0x6e, 0x75, 0x6c, 0x6c,
    0x3b, 0x0a, 0x20, 0x20, 0x20, 0x20, 0x20, 0x20, 0x20, 0x20, 0x73, 0x74,
    0x61, 0x74, 0x65, 0x2e, 0x72, 0x65, 0x6d, 0x6f, 0x74, 0x65, 0x53, 0x74,
    0x61, 0x74, 0x65, 0x20, 0x3d, 0x20, 0x22, 0x75, 0x6e, 0x6b, 0x6e, 0x6f,
    0x77, 0x6e, 0x22, 0x3b, 0x0a, 0x20, 0x20, 0x20, 0x20, 0x20, 0x20, 0x20,
    0x20, 0x73, 0x74, 0x61, 0x74, 0x65, 0x2e, 0x72, 0x65, 0x61, 0x64, 0x79,
    0x20, 0x3d, 0x20, 0x66, 0x61, 0x6c, 0x73, 0x65, 0x3b, 0x0a, 0x20, 0x20,
    0x20, 0x20, 0x20, 0x20, 0x20, 0x20, 0x65, 0x6c, 0x65, 0x6d, 0x65, 0x6e,
    0x74, 0x73, 0x2e, 0x6a, 0x6f, 0x62, 0x53, 0x74, 0x61, 0x74, 0x65, 0x2e,
    0x74, 0x65, 0x78, 0x74, 0x43, 0x6f, 0x6e, 0x74, 0x65, 0x6e, 0x74, 0x20,
    0x3d, 0x20, 0x22, 0x45, 0x72, 0x72, 0x6f, 0x72, 0x22, 0x3b, 0x0a, 0x20,
    0x20, 0x20, 0x20, 0x20, 0x20, 0x20, 0x20, 0x65, 0x6c, 0x65, 0x6d, 0x65,
    0x6e, 0x74, 0x73, 0x2e, 0x6a, 0x6f, 0x62, 0x53, 0x74, 0x61, 0x74, 0x65,
    0x2e, 0x64, 0x61, 0x74, 0x61, 0x73, 0x65, 0x74, 0x2e, 0x73, 0x74, 0x61,
    0x74, 0x65, 0x20, 0x3d, 0x20, 0x22, 0x65, 0x72, 0x72, 0x6f, 0x72, 0x22,
    0x3b, 0x0a, 0x20, 0x20, 0x20, 0x20, 0x20, 0x20, 0x20, 0x20, 0x73, 0x65,
    0x74, 0x52, 0x75, 0x6e, 0x74, 0x69, 0x6d, 0x65, 0x4d, 0x65, 0x73, 0x73,
    0x61, 0x67, 0x65, 0x28, 0x60, 0x53, 0x74, 0x61, 0x74, 0x75, 0x73, 0x20,
    0x72, 0x65, 0x71, 0x75, 0x65, 0x73, 0x74, 0x20, 0x66, 0x61, 0x69, 0x6c,
    0x65, 0x64, 0x3a, 0x20, 0x24, 0x7b, 0x65, 0x72, 0x72, 0x6f, 0x72, 0x2e,
    0x6d, 0x65, 0x73, 0x73, 0x61, 0x67, 0x65, 0x7d, 0x60, 0x2c, 0x20, 0x22,
    0x65, 0x72, 0x72, 0x6f, 0x72, 0x22, 0x29, 0x3b, 0x0a, 0x20, 0x20, 0x20,
    0x20, 0x20, 0x20, 0x20, 0x20, 0x72, 0x65, 0x66, 0x72, 0x65, 0x73, 0x68,
    0x43, 0x6f, 0x6e, 0x74, 0x72, 0x6f, 0x6c, 0x73, 0x28, 0x29, 0x3b, 0x0a,
    0x20, 0x20, 0x20, 0x20, 0x20, 0x20, 0x20, 0x20, 0x73, 0x63, 0x68, 0x65,
    0x64, 0x75, 0x6c, 0x65, 0x48, 0x65, 0x61, 0x6c, 0x74, 0x68, 0x28, 0x35,
    0x30, 0x30, 0x29, 0x3b, 0x0a, 0x20, 0x20, 0x20, 0x20, 0x20, 0x20, 0x20,
    0x20, 0x72, 0x65, 0x74, 0x75, 0x72, 0x6e, 0x3b, 0x0a, 0x20, 0x20, 0x20,
    0x20, 0x20, 0x20, 0x7d, 0x0a, 0x0a, 0x20, 0x20, 0x20, 0x20, 0x20, 0x20,
    0x73, 0x74, 0x61, 0x74, 0x65, 0x2e, 0x63, 0x6f, 0x6e, 0x6e, 0x65, 0x63,
    0x74, 0x65, 0x64, 0x20, 0x3d, 0x20, 0x66, 0x61, 0x6c, 0x73, 0x65, 0x3b,
    0x0a, 0x20, 0x20, 0x20, 0x20, 0x20, 0x20, 0x73, 0x74, 0x61, 0x74, 0x65,
    0x2e, 0x6e, 0x65, 0x74, 0x77, 0x6f, 0x72, 0x6b, 0x46, 0x61, 0x69, 0x6c,
    0x75, 0x72, 0x65, 0x73, 0x20, 0x2b, 0x3d, 0x20, 0x31, 0x3b, 0x0a, 0x20,
    0x20, 0x20, 0x20, 0x20, 0x20, 0x73, 0x65, 0x74, 0x43, 0x6f, 0x6e, 0x6e,
    0x65, 0x63, 0x74, 0x69, 0x6f, 0x6e, 0x28, 0x22, 0x6f, 0x66, 0x66, 0x6c,
    0x69, 0x6e, 0x65, 0x22, 0x2c, 0x20, 0x22, 0x43, 0x6f, 0x6e, 0x6e, 0x65,
    0x63, 0x74, 0x69, 0x6f, 0x6e, 0x20, 0x6c, 0x6f, 0x73, 0x74, 0x22, 0x29,
    0x3b, 0x0a, 0x20, 0x20, 0x20, 0x20, 0x20, 0x20, 0x73, 0x65, 0x74, 0x52,
    0x75, 0x6e, 0x74, 0x69, 0x6d, 0x65, 0x4d, 0x65, 0x73, 0x73, 0x61, 0x67,
    0x65, 0x28, 0x22, 0x54, 0x68, 0x65, 0x20, 0x62, 0x6f, 0x61, 0x72, 0x64,
    0x20, 0x63, 0x6f, 0x6e, 0x6e, 0x65, 0x63, 0x74, 0x69, 0x6f, 0x6e, 0x20,
    0x64, 0x72, 0x6f, 0x70, 0x70, 0x65, 0x64, 0x2e, 0x20, 0x54, 0x68, 0x69,
    0x73, 0x20, 0x6a, 0x6f, 0x62, 0x20, 0x72, 0x65, 0x6d, 0x61, 0x69, 0x6e,
    0x73, 0x20, 0x6c, 0x6f, 0x63, 0x6b, 0x65, 0x64, 0x20, 0x61, 0x6e, 0x64,
    0x20, 0x70, 0x6f, 0x6c, 0x6c, 0x69, 0x6e, 0x67, 0x20, 0x77, 0x69, 0x6c,
    0x6c, 0x20, 0x72, 0x65, 0x74, 0x72, 0x79, 0x20, 0x61, 0x75, 0x74, 0x6f,
    0x6d, 0x61, 0x74, 0x69, 0x63, 0x61, 0x6c, 0x6c, 0x79, 0x2e, 0x22, 0x2c,
    0x20, 0x22, 0x65, 0x72, 0x72, 0x6f, 0x72, 0x22, 0x29, 0x3b, 0x0a, 0x20,
    0x20, 0x20, 0x20, 0x20, 0x20, 0x72, 0x65, 0x66, 0x72, 0x65, 0x73, 0x68,
    0x43, 0x6f, 0x6e, 0x74, 0x72, 0x6f, 0x6c, 0x73, 0x28, 0x29, 0x3b, 0x0a,
    0x20, 0x20, 0x20, 0x20, 0x20, 0x20, 0x63, 0x6f, 0x6e, 0x73, 0x74, 0x20,
    0x72, 0x65, 0x74, 0x72, 0x79, 0x44, 0x65, 0x6c, 0x61, 0x79, 0x20, 0x3d,
    0x20, 0x4d, 0x61, 0x74, 0x68, 0x2e, 0x6d, 0x69, 0x6e, 0x28, 0x35, 0x30,
    0x30, 0x30, 0x2c, 0x20, 0x4c, 0x49, 0x4d, 0x49, 0x54, 0x53, 0x2e, 0x70,
    0x6f, 0x6c, 0x6c, 0x49, 0x6e, 0x74, 0x65, 0x72, 0x76, 0x61, 0x6c, 0x4d,
    0x73, 0x20, 0x2a, 0x20, 0x28, 0x32, 0x20, 0x2a, 0x2a, 0x20, 0x4d, 0x61,
    0x74, 0x68, 0x2e, 0x6d, 0x69, 0x6e, 0x28, 0x73, 0x74, 0x61, 0x74, 0x65,
    0x2e, 0x6e, 0x65, 0x74, 0x77, 0x6f, 0x72, 0x6b, 0x46, 0x61, 0x69, 0x6c,
    0x75, 0x72, 0x65, 0x73, 0x2c, 0x20, 0x33, 0x29, 0x29, 0x29, 0x3b, 0x0a,
    0x20, 0x20, 0x20, 0x20, 0x20, 0x20, 0x73, 0x63, 0x68, 0x65, 0x64, 0x75,
    0x6c, 0x65, 0x50, 0x6f, 0x6c, 0x6c, 0x28, 0x72, 0x65, 0x74, 0x72, 0x79,
    0x44, 0x65, 0x6c, 0x61, 0x79, 0x29, 0x3b, 0x0a, 0x20, 0x20, 0x20, 0x20,
    0x7d, 0x0a, 0x20, 0x20, 0x7d, 0x0a, 0x0a, 0x20, 0x20, 0x66, 0x75, 0x6e,
    0x63, 0x74, 0x69, 0x6f, 0x6e, 0x20, 0x73, 0x63, 0x68, 0x65, 0x64, 0x75,
    0x6c, 0x65, 0x48, 0x65, 0x61, 0x6c, 0x74, 0x68, 0x28, 0x64, 0x65, 0x6c,
    0x61, 0x79, 0x29, 0x20, 0x7b, 0x0a, 0x20, 0x20, 0x20, 0x20, 0x72, 0x6f,
    0x6f, 0x74, 0x2e, 0x63, 0x6c, 0x65, 0x61, 0x72, 0x54, 0x69, 0x6d, 0x65,
    0x6f, 0x75, 0x74, 0x28, 0x73, 0x74, 0x61, 0x74, 0x65, 0x2e, 0x68, 0x65,
    0x61, 0x6c, 0x74, 0x68, 0x54, 0x69, 0x6d, 0x65, 0x72, 0x29, 0x3b, 0x0a,
    0x20, 0x20, 0x20, 0x20, 0x69, 0x66, 0x20, 0x28, 0x73, 0x74, 0x61, 0x74,
    0x65, 0x2e, 0x61, 0x63, 0x74, 0x69, 0x76, 0x65, 0x4a, 0x6f, 0x62, 0x49,
    0x64, 0x20, 0x21, 0x3d, 0x3d, 0x20, 0x6e, 0x75, 0x6c, 0x6c, 0x29, 0x20,
    0x72, 0x65, 0x74, 0x75, 0x72, 0x6e, 0x3b, 0x0a, 0x20, 0x20, 0x20, 0x20,
    0x73, 0x74, 0x61, 0x74, 0x65, 0x2e, 0x68, 0x65, 0x61, 0x6c, 0x74, 0x68,
    0x54, 0x69, 0x6d, 0x65, 0x72, 0x20, 0x3d, 0x20, 0x72, 0x6f, 0x6f, 0x74,
    0x2e, 0x73, 0x65, 0x74, 0x54, 0x69, 0x6d, 0x65, 0x6f, 0x75, 0x74, 0x28,
    0x28, 0x29, 0x20, 0x3d, 0x3e, 0x20, 0x63, 0x68, 0x65, 0x63, 0x6b, 0x48,
    0x65, 0x61, 0x6c, 0x74, 0x68, 0x28, 0x74, 0x72, 0x75, 0x65, 0x29, 0x2c,
    0x20, 0x64, 0x65, 0x6c, 0x61, 0x79, 0x29, 0x3b, 0x0a, 0x20, 0x20, 0x7d,
    0x0a, 0x0a, 0x20, 0x20, 0x61, 0x73, 0x79, 0x6e, 0x63, 0x20, 0x66, 0x75,
    0x6e, 0x63, 0x74, 0x69, 0x6f, 0x6e, 0x20, 0x63, 0x68, 0x65, 0x63, 0x6b,
    0x48, 0x65, 0x61, 0x6c, 0x74, 0x68, 0x28, 0x71, 0x75, 0x69, 0x65, 0x74,
    0x29, 0x20, 0x7b, 0x0a, 0x20, 0x20, 0x20, 0x20, 0x69, 0x66, 0x20, 0x28,
    0x73, 0x74, 0x61, 0x74, 0x65, 0x2e, 0x68, 0x65, 0x61, 0x6c, 0x74, 0x68,
    0x50, 0x65, 0x6e, 0x64, 0x69, 0x6e, 0x67, 0x20, 0x7c, 0x7c, 0x20, 0x73,
    0x74, 0x61, 0x74, 0x65, 0x2e, 0x61, 0x63, 0x74, 0x69, 0x76, 0x65, 0x4a,
    0x6f, 0x62, 0x49, 0x64, 0x20, 0x21, 0x3d, 0x3d, 0x20, 0x6e, 0x75, 0x6c,
    0x6c, 0x29, 0x20, 0x72, 0x65, 0x74, 0x75, 0x72, 0x6e, 0x3b, 0x0a, 0x20,
    0x20, 0x20, 0x20, 0x73, 0x74, 0x61, 0x74, 0x65, 0x2e, 0x68, 0x65, 0x61,
    0x6c, 0x74, 0x68, 0x50, 0x65, 0x6e, 0x64, 0x69, 0x6e, 0x67, 0x20, 0x3d,
    0x20, 0x74, 0x72, 0x75, 0x65, 0x3b, 0x0a, 0x20, 0x20, 0x20, 0x20, 0x69,
    0x66, 0x20, 0x28, 0x21, 0x71, 0x75, 0x69, 0x65, 0x74, 0x29, 0x20, 0x73,
    0x65, 0x74, 0x43, 0x6f, 0x6e, 0x6e, 0x65, 0x63, 0x74, 0x69, 0x6f, 0x6e,
    0x28, 0x22, 0x63, 0x68, 0x65, 0x63, 0x6b, 0x69, 0x6e, 0x67, 0x22, 0x2c,
    0x20, 0x22, 0x43, 0x68, 0x65, 0x63, 0x6b, 0x69, 0x6e, 0x67, 0x20, 0x62,
    0x6f, 0x61, 0x72, 0x64, 0x22, 0x29, 0x3b, 0x0a, 0x20, 0x20, 0x20, 0x20,
    0x72, 0x65, 0x66, 0x72, 0x65, 0x73, 0x68, 0x43, 0x6f, 0x6e, 0x74, 0x72,
    0x6f, 0x6c, 0x73, 0x28, 0x29, 0x3b, 0x0a, 0x20, 0x20, 0x20, 0x20, 0x74,
    0x72, 0x79, 0x20, 0x7b, 0x0a, 0x20, 0x20, 0x20, 0x20, 0x20, 0x20, 0x63,
    0x6f, 0x6e, 0x73, 0x74, 0x20, 0x68, 0x65, 0x61, 0x6c, 0x74, 0x68, 0x20,
    0x3d, 0x20, 0x61, 0x77, 0x61, 0x69, 0x74, 0x20, 0x61, 0x70, 0x69, 0x4a,
    0x73, 0x6f, 0x6e, 0x28, 0x22, 0x2f, 0x61, 0x70, 0x69, 0x2f, 0x68, 0x65,
    0x61, 0x6c, 0x74, 0x68, 0x22, 0x2c, 0x20, 0x7b, 0x20, 0x6d, 0x65, 0x74,
    0x68, 0x6f, 0x64, 0x3a, 0x20, 0x22, 0x47, 0x45, 0x54, 0x22, 0x20, 0x7d,
    0x29, 0x3b, 0x0a, 0x20, 0x20, 0x20, 0x20, 0x20, 0x20, 0x69, 0x66, 0x20,
    0x28, 0x68, 0x65, 0x61, 0x6c, 0x74, 0x68, 0x2e, 0x73, 0x65, 0x72, 0x76,
    0x69, 0x63, 0x65, 0x20, 0x21, 0x3d, 0x3d, 0x20, 0x22, 0x71, 0x6d, 0x61,
    0x70, 0x2d, 0x77, 0x65, 0x62, 0x22, 0x20, 0x7c, 0x7c, 0x20, 0x74, 0x79,
    0x70, 0x65, 0x6f, 0x66, 0x20, 0x68, 0x65, 0x61, 0x6c, 0x74, 0x68, 0x2e,
    0x72, 0x65, 0x61, 0x64, 0x79, 0x20, 0x21, 0x3d, 0x3d, 0x20, 0x22, 0x62,
    0x6f, 0x6f, 0x6c, 0x65, 0x61, 0x6e, 0x22, 0x20, 0x7c, 0x7c, 0x0a, 0x20,
    0x20, 0x20, 0x20, 0x20, 0x20, 0x20, 0x20, 0x20, 0x20, 0x74, 0x79, 0x70,
    0x65, 0x6f, 0x66, 0x20, 0x68, 0x65, 0x61, 0x6c, 0x74, 0x68, 0x2e, 0x6a,
    0x6f, 0x62, 0x5f, 0x73, 0x74, 0x61, 0x74, 0x65, 0x20, 0x21, 0x3d, 0x3d,
    0x20, 0x22, 0x73, 0x74, 0x72, 0x69, 0x6e, 0x67, 0x22, 0x29, 0x20, 0x7b,
    0x0a, 0x20, 0x20, 0x20, 0x20, 0x20, 0x20, 0x20, 0x20, 0x74, 0x68, 0x72,
    0x6f, 0x77, 0x20, 0x6e, 0x65, 0x77, 0x20, 0x41, 0x70, 0x69, 0x45, 0x72,
    0x72, 0x6f, 0x72, 0x28, 0x32, 0x30, 0x30, 0x2c, 0x20, 0x22, 0x69, 0x6e,
    0x76, 0x61, 0x6c, 0x69, 0x64, 0x5f, 0x68, 0x65, 0x61, 0x6c, 0x74, 0x68,
    0x22, 0x2c, 0x20, 0x22, 0x54, 0x68, 0x65, 0x20, 0x62, 0x6f, 0x61, 0x72,
    0x64, 0x20, 0x72, 0x65, 0x74, 0x75, 0x72, 0x6e, 0x65, 0x64, 0x20, 0x61,
    0x6e, 0x20, 0x69, 0x6e, 0x76, 0x61, 0x6c, 0x69, 0x64, 0x20, 0x68, 0x65,
    0x61, 0x6c, 0x74, 0x68, 0x20, 0x72, 0x65, 0x73, 0x70, 0x6f, 0x6e, 0x73,
    0x65, 0x2e, 0x22, 0x29, 0x3b, 0x0a, 0x20, 0x20, 0x20, 0x20, 0x20, 0x20,
    0x7d, 0x0a, 0x20, 0x20, 0x20, 0x20, 0x20, 0x20, 0x73, 0x74, 0x61, 0x74,
    0x65, 0x2e, 0x63, 0x6f, 0x6e, 0x6e, 0x65, 0x63, 0x74, 0x65, 0x64, 0x20,
    0x3d, 0x20, 0x74, 0x72, 0x75, 0x65, 0x3b, 0x0a, 0x20, 0x20, 0x20, 0x20,
    0x20, 0x20, 0x73, 0x74, 0x61, 0x74, 0x65, 0x2e, 0x72, 0x65, 0x61, 0x64,
    0x79, 0x20, 0x3d, 0x20, 0x68, 0x65, 0x61, 0x6c, 0x74, 0x68, 0x2e, 0x72,
    0x65, 0x61, 0x64, 0x79, 0x3b, 0x0a, 0x20, 0x20, 0x20, 0x20, 0x20, 0x20,
    0x73, 0x74, 0x61, 0x74, 0x65, 0x2e, 0x72, 0x65, 0x6d, 0x6f, 0x74, 0x65,
    0x53, 0x74, 0x61, 0x74, 0x65, 0x20, 0x3d, 0x20, 0x68, 0x65, 0x61, 0x6c,
    0x74, 0x68, 0x2e, 0x6a, 0x6f, 0x62, 0x5f, 0x73, 0x74, 0x61, 0x74, 0x65,
    0x3b, 0x0a, 0x20, 0x20, 0x20, 0x20, 0x20, 0x20, 0x69, 0x66, 0x20, 0x28,
    0x69, 0x73, 0x41, 0x63, 0x74, 0x69, 0x76, 0x65, 0x53, 0x74, 0x61, 0x74,
    0x65, 0x28, 0x68, 0x65, 0x61, 0x6c, 0x74, 0x68, 0x2e, 0x6a, 0x6f, 0x62,
    0x5f, 0x73, 0x74, 0x61, 0x74, 0x65, 0x29, 0x29, 0x20, 0x7b, 0x0a, 0x20,
    0x20, 0x20, 0x20, 0x20, 0x20, 0x20, 0x20, 0x73, 0x65, 0x74, 0x43, 0x6f,
    0x6e, 0x6e, 0x65, 0x63, 0x74, 0x69, 0x6f, 0x6e, 0x28, 0x22, 0x62, 0x75,
    0x73, 0x79, 0x22, 0x2c, 0x20, 0x22, 0x42, 0x6f, 0x61, 0x72, 0x64, 0x20,
    0x62, 0x75, 0x73, 0x79, 0x22, 0x29, 0x3b, 0x0a, 0x20, 0x20, 0x20, 0x20,
    0x20, 0x20, 0x20, 0x20, 0x73, 0x65, 0x74, 0x52, 0x75, 0x6e, 0x74, 0x69,
    0x6d, 0x65, 0x4d, 0x65, 0x73, 0x73, 0x61, 0x67, 0x65, 0x28, 0x22, 0x54,
    0x68, 0x65, 0x20, 0x62, 0x6f, 0x61, 0x72, 0x64, 0x20, 0x61, 0x6c, 0x72,
    0x65, 0x61, 0x64, 0x79, 0x20, 0x68, 0x61, 0x73, 0x20, 0x61, 0x6e, 0x20,
    0x61, 0x63, 0x74, 0x69, 0x76, 0x65, 0x20, 0x67, 0x65, 0x6e, 0x65, 0x72,
    0x61, 0x74, 0x69, 0x6f, 0x6e, 0x2e, 0x20, 0x57, 0x61, 0x69, 0x74, 0x20,
    0x66, 0x6f, 0x72, 0x20, 0x69, 0x74, 0x20, 0x74, 0x6f, 0x20, 0x66, 0x69,
    0x6e, 0x69, 0x73, 0x68, 0x20, 0x62, 0x65, 0x66, 0x6f, 0x72, 0x65, 0x20,
    0x73, 0x75, 0x62, 0x6d, 0x69, 0x74, 0x74, 0x69, 0x6e, 0x67, 0x2e, 0x22,
    0x2c, 0x20, 0x22, 0x77, 0x61, 0x72, 0x6e, 0x69, 0x6e, 0x67, 0x22, 0x29,
    0x3b, 0x0a, 0x20, 0x20, 0x20, 0x20, 0x20, 0x20, 0x7d, 0x20, 0x65, 0x6c,
    0x73, 0x65, 0x20, 0x69, 0x66, 0x20, 0x28, 0x68, 0x65, 0x61, 0x6c, 0x74,
    0x68, 0x2e, 0x72, 0x65, 0x61, 0x64, 0x79, 0x29, 0x20, 0x7b, 0x0a, 0x20,
    0x20, 0x20, 0x20, 0x20, 0x20, 0x20, 0x20, 0x73, 0x65, 0x74, 0x43, 0x6f,
    0x6e, 0x6e, 0x65, 0x63, 0x74, 0x69, 0x6f, 0x6e, 0x28, 0x22, 0x6f, 0x6e,
    0x6c, 0x69, 0x6e, 0x65, 0x22, 0x2c, 0x20, 0x22, 0x42, 0x6f, 0x61, 0x72,
    0x64, 0x20, 0x72, 0x65, 0x61, 0x64, 0x79, 0x22, 0x29, 0x3b, 0x0a, 0x20,
    0x20, 0x20, 0x20, 0x20, 0x20, 0x20, 0x20, 0x69, 0x66, 0x20, 0x28, 0x21,
    0x71, 0x75, 0x69, 0x65, 0x74, 0x29, 0x20, 0x73, 0x65, 0x74, 0x52, 0x75,
    0x6e, 0x74, 0x69, 0x6d, 0x65, 0x4d, 0x65, 0x73, 0x73, 0x61, 0x67, 0x65,
    0x28, 0x22, 0x42, 0x6f, 0x61, 0x72, 0x64, 0x20, 0x73, 0x65, 0x72, 0x76,
    0x69, 0x63, 0x65, 0x20, 0x61, 0x6e, 0x64, 0x20, 0x74, 0x6f, 0x6b, 0x65,
    0x6e, 0x69, 0x7a, 0x65, 0x72, 0x20, 0x61, 0x72, 0x65, 0x20, 0x72, 0x65,
    0x61, 0x64, 0x79, 0x2e, 0x22, 0x2c, 0x20, 0x22, 0x73, 0x75, 0x63, 0x63,
    0x65, 0x73, 0x73, 0x22, 0x29, 0x3b, 0x0a, 0x20, 0x20, 0x20, 0x20, 0x20,
    0x20, 0x7d, 0x20, 0x65, 0x6c, 0x73, 0x65, 0x20, 0x7b, 0x0a, 0x20, 0x20,
    0x20, 0x20, 0x20, 0x20, 0x20, 0x20, 0x73, 0x65, 0x74, 0x43, 0x6f, 0x6e,
    0x6e, 0x65, 0x63, 0x74, 0x69, 0x6f, 0x6e, 0x28, 0x22, 0x6f, 0x66, 0x66,
    0x6c, 0x69, 0x6e, 0x65, 0x22, 0x2c, 0x20, 0x22, 0x53, 0x65, 0x72, 0x76,
    0x69, 0x63, 0x65, 0x20, 0x6e, 0x6f, 0x74, 0x20, 0x72, 0x65, 0x61, 0x64,
    0x79, 0x22, 0x29, 0x3b, 0x0a, 0x20, 0x20, 0x20, 0x20, 0x20, 0x20, 0x20,
    0x20, 0x73, 0x65, 0x74, 0x52, 0x75, 0x6e, 0x74, 0x69, 0x6d, 0x65, 0x4d,
    0x65, 0x73, 0x73, 0x61, 0x67, 0x65, 0x28, 0x22, 0x54, 0x68, 0x65, 0x20,
    0x48, 0x54, 0x54, 0x50, 0x20, 0x73, 0x65, 0x72, 0x76, 0x69, 0x63, 0x65,
    0x20, 0x61, 0x6e, 0x73, 0x77, 0x65, 0x72, 0x65, 0x64, 0x2c, 0x20, 0x62,
    0x75, 0x74, 0x20, 0x74, 0x68, 0x65, 0x20, 0x67, 0x65, 0x6e, 0x65, 0x72,
    0x61, 0x74, 0x69, 0x6f, 0x6e, 0x20, 0x72, 0x75, 0x6e, 0x74, 0x69, 0x6d,
    0x65, 0x20, 0x69, 0x73, 0x20, 0x6e, 0x6f, 0x74, 0x20, 0x69, 0x6e, 0x69,
    0x74, 0x69, 0x61, 0x6c, 0x69, 0x7a, 0x65, 0x64, 0x2e, 0x22, 0x2c, 0x20,
    0x22, 0x65, 0x72, 0x72, 0x6f, 0x72, 0x22, 0x29, 0x3b, 0x0a, 0x20, 0x20,
    0x20, 0x20, 0x20, 0x20, 0x7d, 0x0a, 0x20, 0x20, 0x20, 0x20, 0x7d, 0x20,
    0x63, 0x61, 0x74, 0x63, 0x68, 0x20, 0x28, 0x65, 0x72, 0x72, 0x6f, 0x72,
    0x29, 0x20, 0x7b, 0x0a, 0x20, 0x20, 0x20, 0x20, 0x20, 0x20, 0x73, 0x74,
    0x61, 0x74, 0x65, 0x2e, 0x63, 0x6f, 0x6e, 0x6e, 0x65, 0x63, 0x74, 0x65,
    0x64, 0x20, 0x3d, 0x20, 0x66, 0x61, 0x6c, 0x73, 0x65, 0x3b, 0x0a, 0x20,
    0x20, 0x20, 0x20, 0x20, 0x20, 0x73, 0x74, 0x61, 0x74, 0x65, 0x2e, 0x72,
    0x65, 0x61, 0x64, 0x79, 0x20, 0x3d, 0x20, 0x66, 0x61, 0x6c, 0x73, 0x65,
    0x3b, 0x0a, 0x20, 0x20, 0x20, 0x20, 0x20, 0x20, 0x73, 0x74, 0x61, 0x74,
    0x65, 0x2e, 0x72, 0x65, 0x6d, 0x6f, 0x74, 0x65, 0x53, 0x74, 0x61, 0x74,
    0x65, 0x20, 0x3d, 0x20, 0x22, 0x75, 0x6e, 0x6b, 0x6e, 0x6f, 0x77, 0x6e,
    0x22, 0x3b, 0x0a, 0x20, 0x20, 0x20, 0x20, 0x20, 0x20, 0x73, 0x65, 0x74,
    0x43, 0x6f, 0x6e, 0x6e, 0x65, 0x63, 0x74, 0x69, 0x6f, 0x6e, 0x28, 0x22,
    0x6f, 0x66, 0x66, 0x6c, 0x69, 0x6e, 0x65, 0x22, 0x2c, 0x20, 0x22, 0x42,
    0x6f, 0x61, 0x72, 0x64, 0x20, 0x75, 0x6e, 0x61, 0x76, 0x61, 0x69, 0x6c,
    0x61, 0x62, 0x6c, 0x65, 0x22, 0x29, 0x3b, 0x0a, 0x20, 0x20, 0x20, 0x20,
    0x20, 0x20, 0x69, 0x66, 0x20, 0x28, 0x21, 0x71, 0x75, 0x69, 0x65, 0x74,
    0x29, 0x20, 0x7b, 0x0a, 0x20, 0x20, 0x20, 0x20, 0x20, 0x20, 0x20, 0x20,
    0x73, 0x65, 0x74, 0x52, 0x75, 0x6e, 0x74, 0x69, 0x6d, 0x65, 0x4d, 0x65,
    0x73, 0x73, 0x61, 0x67, 0x65, 0x28, 0x60, 0x43, 0x61, 0x6e, 0x6e, 0x6f,
    0x74, 0x20, 0x72, 0x65, 0x61, 0x63, 0x68, 0x20, 0x74, 0x68, 0x65, 0x20,
    0x62, 0x6f, 0x61, 0x72, 0x64, 0x20, 0x73, 0x65, 0x72, 0x76, 0x69, 0x63,
    0x65, 0x3a, 0x20, 0x24, 0x7b, 0x65, 0x72, 0x72, 0x6f, 0x72, 0x2e, 0x6d,
    0x65, 0x73, 0x73, 0x61, 0x67, 0x65, 0x7d, 0x60, 0x2c, 0x20, 0x22, 0x65,
    0x72, 0x72, 0x6f, 0x72, 0x22, 0x29, 0x3b, 0x0a, 0x20, 0x20, 0x20, 0x20,
    0x20, 0x20, 0x7d, 0x0a, 0x20, 0x20, 0x20, 0x20, 0x7d, 0x20, 0x66, 0x69,
    0x6e, 0x61, 0x6c, 0x6c, 0x79, 0x20, 0x7b, 0x0a, 0x20, 0x20, 0x20, 0x20,
    0x20, 0x20, 0x73, 0x74, 0x61, 0x74, 0x65, 0x2e, 0x68, 0x65, 0x61, 0x6c,
    0x74, 0x68, 0x50, 0x65, 0x6e, 0x64, 0x69, 0x6e, 0x67, 0x20, 0x3d, 0x20,
    0x66, 0x61, 0x6c, 0x73, 0x65, 0x3b, 0x0a, 0x20, 0x20, 0x20, 0x20, 0x20,
    0x20, 0x72, 0x65, 0x66, 0x72, 0x65, 0x73, 0x68, 0x43, 0x6f, 0x6e, 0x74,
    0x72, 0x6f, 0x6c, 0x73, 0x28, 0x29, 0x3b, 0x0a, 0x20, 0x20, 0x20, 0x20,
    0x20, 0x20, 0x73, 0x63, 0x68, 0x65, 0x64, 0x75, 0x6c, 0x65, 0x48, 0x65,
    0x61, 0x6c, 0x74, 0x68, 0x28, 0x4c, 0x49, 0x4d, 0x49, 0x54, 0x53, 0x2e,
    0x68, 0x65, 0x61, 0x6c, 0x74, 0x68, 0x49, 0x6e, 0x74, 0x65, 0x72, 0x76,
    0x61, 0x6c, 0x4d, 0x73, 0x29, 0x3b, 0x0a, 0x20, 0x20, 0x20, 0x20, 0x7d,
    0x0a, 0x20, 0x20, 0x7d, 0x0a, 0x0a, 0x20, 0x20, 0x61, 0x73, 0x79, 0x6e,
    0x63, 0x20, 0x66, 0x75, 0x6e, 0x63, 0x74, 0x69, 0x6f, 0x6e, 0x20, 0x73,
    0x75, 0x62, 0x6d, 0x69, 0x74, 0x47, 0x65, 0x6e, 0x65, 0x72, 0x61, 0x74,
    0x69, 0x6f, 0x6e, 0x28, 0x65, 0x76, 0x65, 0x6e, 0x74, 0x29, 0x20, 0x7b,
    0x0a, 0x20, 0x20, 0x20, 0x20, 0x65, 0x76, 0x65, 0x6e, 0x74, 0x2e, 0x70,
    0x72, 0x65, 0x76, 0x65, 0x6e, 0x74, 0x44, 0x65, 0x66, 0x61, 0x75, 0x6c,
    0x74, 0x28, 0x29, 0x3b, 0x0a, 0x20, 0x20, 0x20, 0x20, 0x69, 0x66, 0x20,
    0x28, 0x73, 0x74, 0x61, 0x74, 0x65, 0x2e, 0x73, 0x75, 0x62, 0x6d, 0x69,
    0x74, 0x74, 0x69, 0x6e, 0x67, 0x20, 0x7c, 0x7c, 0x20, 0x73, 0x74, 0x61,
    0x74, 0x65, 0x2e, 0x61, 0x63, 0x74, 0x69, 0x76, 0x65, 0x4a, 0x6f, 0x62,
    0x49, 0x64, 0x20, 0x21, 0x3d, 0x3d, 0x20, 0x6e, 0x75, 0x6c, 0x6c, 0x29,
    0x20, 0x72, 0x65, 0x74, 0x75, 0x72, 0x6e, 0x3b, 0x0a, 0x20, 0x20, 0x20,
    0x20, 0x73, 0x68, 0x6f, 0x77, 0x46, 0x6f, 0x72, 0x6d, 0x45, 0x72, 0x72,
    0x6f, 0x72, 0x28, 0x22, 0x22, 0x29, 0x3b, 0x0a, 0x0a, 0x20, 0x20, 0x20,
    0x20, 0x6c, 0x65, 0x74, 0x20, 0x72, 0x65, 0x71, 0x75, 0x65, 0x73, 0x74,
    0x3b, 0x0a, 0x20, 0x20, 0x20, 0x20, 0x6c, 0x65, 0x74, 0x20, 0x72, 0x65,
    0x71, 0x75, 0x65, 0x73, 0x74, 0x42, 0x6f, 0x64, 0x79, 0x3b, 0x0a, 0x20,
    0x20, 0x20, 0x20, 0x74, 0x72, 0x79, 0x20, 0x7b, 0x0a, 0x20, 0x20, 0x20,
    0x20, 0x20, 0x20, 0x72, 0x65, 0x71, 0x75, 0x65, 0x73, 0x74, 0x20, 0x3d,
    0x20, 0x62, 0x75, 0x69, 0x6c, 0x64, 0x47, 0x65, 0x6e, 0x65, 0x72, 0x61,
    0x74, 0x65, 0x52, 0x65, 0x71, 0x75, 0x65, 0x73, 0x74, 0x28, 0x0a, 0x20,
    0x20, 0x20, 0x20, 0x20, 0x20, 0x20, 0x20, 0x63, 0x75, 0x72, 0x72, 0x65,
    0x6e, 0x74, 0x4d, 0x6f, 0x64, 0x65, 0x28, 0x29, 0x2c, 0x0a, 0x20, 0x20,
    0x20, 0x20, 0x20, 0x20, 0x20, 0x20, 0x65, 0x6c, 0x65, 0x6d, 0x65, 0x6e,
    0x74, 0x73, 0x2e, 0x70, 0x72, 0x6f, 0x6d, 0x70, 0x74, 0x49, 0x6e, 0x70,
    0x75, 0x74, 0x2e, 0x76, 0x61, 0x6c, 0x75, 0x65, 0x2c, 0x0a, 0x20, 0x20,
    0x20, 0x20, 0x20, 0x20, 0x20, 0x20, 0x65, 0x6c, 0x65, 0x6d, 0x65, 0x6e,
    0x74, 0x73, 0x2e, 0x74, 0x6f, 0x6b, 0x65, 0x6e, 0x49, 0x6e, 0x70, 0x75,
    0x74, 0x2e, 0x76, 0x61, 0x6c, 0x75, 0x65, 0x2c, 0x0a, 0x20, 0x20, 0x20,
    0x20, 0x20, 0x20, 0x20, 0x20, 0x65, 0x6c, 0x65, 0x6d, 0x65, 0x6e, 0x74,
    0x73, 0x2e, 0x6d, 0x61, 0x78, 0x4e, 0x65, 0x77, 0x49, 0x6e, 0x70, 0x75,
    0x74, 0x2e, 0x76, 0x61, 0x6c, 0x75, 0x65, 0x0a, 0x20, 0x20, 0x20, 0x20,
    0x20, 0x20, 0x29, 0x3b, 0x0a, 0x20, 0x20, 0x20, 0x20, 0x20, 0x20, 0x72,
    0x65, 0x71, 0x75, 0x65, 0x73, 0x74, 0x42, 0x6f, 0x64, 0x79, 0x20, 0x3d,
    0x20, 0x73, 0x65, 0x72, 0x69, 0x61, 0x6c, 0x69, 0x7a, 0x65, 0x47, 0x65,
    0x6e, 0x65, 0x72, 0x61, 0x74, 0x65, 0x52, 0x65, 0x71, 0x75, 0x65, 0x73,
    0x74, 0x28, 0x72, 0x65, 0x71, 0x75, 0x65, 0x73, 0x74, 0x29, 0x3b, 0x0a,
    0x20, 0x20, 0x20, 0x20, 0x7d, 0x20, 0x63, 0x61, 0x74, 0x63, 0x68, 0x20,
    0x28, 0x65, 0x72, 0x72, 0x6f, 0x72, 0x29, 0x20, 0x7b, 0x0a, 0x20, 0x20,
    0x20, 0x20, 0x20, 0x20, 0x73, 0x68, 0x6f, 0x77, 0x46, 0x6f, 0x72, 0x6d,
    0x45, 0x72, 0x72, 0x6f, 0x72, 0x28, 0x65, 0x72, 0x72, 0x6f, 0x72, 0x2e,
    0x6d, 0x65, 0x73, 0x73, 0x61, 0x67, 0x65, 0x29, 0x3b, 0x0a, 0x20, 0x20,
    0x20, 0x20, 0x20, 0x20, 0x72, 0x65, 0x74, 0x75, 0x72, 0x6e, 0x3b, 0x0a,
    0x20, 0x20, 0x20, 0x20, 0x7d, 0x0a, 0x0a, 0x20, 0x20, 0x20, 0x20, 0x73,
    0x74, 0x61, 0x74, 0x65, 0x2e, 0x73, 0x75, 0x62, 0x6d, 0x69, 0x74, 0x74,
    0x69, 0x6e, 0x67, 0x20, 0x3d, 0x20, 0x74, 0x72, 0x75, 0x65, 0x3b, 0x0a,
    0x20, 0x20, 0x20, 0x20, 0x73, 0x74, 0x61, 0x74, 0x65, 0x2e, 0x65, 0x78,
    0x70, 0x65, 0x63, 0x74, 0x65, 0x64, 0x4d, 0x61, 0x78, 0x4e, 0x65, 0x77,
    0x20, 0x3d, 0x20, 0x72, 0x65, 0x71, 0x75, 0x65, 0x73, 0x74, 0x2e, 0x6d,
    0x61, 0x78, 0x5f, 0x6e, 0x65, 0x77, 0x5f, 0x74, 0x6f, 0x6b, 0x65, 0x6e,
    0x73, 0x3b, 0x0a, 0x20, 0x20, 0x20, 0x20, 0x72, 0x65, 0x73, 0x65, 0x74,
    0x52, 0x65, 0x73, 0x75, 0x6c, 0x74, 0x28, 0x29, 0x3b, 0x0a, 0x20, 0x20,
    0x20, 0x20, 0x73, 0x65, 0x74, 0x52, 0x75, 0x6e, 0x74, 0x69, 0x6d, 0x65,
    0x4d, 0x65, 0x73, 0x73, 0x61, 0x67, 0x65, 0x28, 0x22, 0x53, 0x75, 0x62,
    0x6d, 0x69, 0x74, 0x74, 0x69, 0x6e, 0x67, 0x20, 0x61, 0x20, 0x62, 0x6f,
    0x75, 0x6e, 0x64, 0x65, 0x64, 0x20, 0x67, 0x65, 0x6e, 0x65, 0x72, 0x61,
    0x74, 0x69, 0x6f, 0x6e, 0x20, 0x72, 0x65, 0x71, 0x75, 0x65, 0x73, 0x74,
    0xe2, 0x80, 0xa6, 0x22, 0x2c, 0x20, 0x22, 0x77, 0x61, 0x72, 0x6e, 0x69,
    0x6e, 0x67, 0x22, 0x29, 0x3b, 0x0a, 0x20, 0x20, 0x20, 0x20, 0x72, 0x65,
    0x66, 0x72, 0x65, 0x73, 0x68, 0x43, 0x6f, 0x6e, 0x74, 0x72, 0x6f, 0x6c,
    0x73, 0x28, 0x29, 0x3b, 0x0a, 0x20, 0x20, 0x20, 0x20, 0x74, 0x72, 0x79,
    0x20, 0x7b, 0x0a, 0x20, 0x20, 0x20, 0x20, 0x20, 0x20, 0x63, 0x6f, 0x6e,
    0x73, 0x74, 0x20, 0x61, 0x63, 0x63, 0x65, 0x70, 0x74, 0x65, 0x64, 0x20,
    0x3d, 0x20, 0x61, 0x77, 0x61, 0x69, 0x74, 0x20, 0x61, 0x70, 0x69, 0x4a,
    0x73, 0x6f, 0x6e, 0x28, 0x22, 0x2f, 0x61, 0x70, 0x69, 0x2f, 0x67, 0x65,
    0x6e, 0x65, 0x72, 0x61, 0x74, 0x65, 0x22, 0x2c, 0x20, 0x7b, 0x0a, 0x20,
    0x20, 0x20, 0x20, 0x20, 0x20, 0x20, 0x20, 0x6d, 0x65, 0x74, 0x68, 0x6f,
    0x64, 0x3a, 0x20, 0x22, 0x50, 0x4f, 0x53, 0x54, 0x22, 0x2c, 0x0a, 0x20,
    0x20, 0x20, 0x20, 0x20, 0x20, 0x20, 0x20, 0x68, 0x65, 0x61, 0x64, 0x65,
    0x72, 0x73, 0x3a, 0x20, 0x7b, 0x20, 0x22, 0x43, 0x6f, 0x6e, 0x74, 0x65,
    0x6e, 0x74, 0x2d, 0x54, 0x79, 0x70, 0x65, 0x22, 0x3a, 0x20, 0x22, 0x61,
    0x70, 0x70, 0x6c, 0x69, 0x63, 0x61, 0x74, 0x69, 0x6f, 0x6e, 0x2f, 0x6a,
    0x73, 0x6f, 0x6e, 0x22, 0x20, 0x7d, 0x2c, 0x0a, 0x20, 0x20, 0x20, 0x20,
    0x20, 0x20, 0x20, 0x20, 0x62, 0x6f, 0x64, 0x79, 0x3a, 0x20, 0x72, 0x65,
    0x71, 0x75, 0x65, 0x73, 0x74, 0x42, 0x6f, 0x64, 0x79, 0x0a, 0x20, 0x20,
    0x20, 0x20, 0x20, 0x20, 0x7d, 0x29, 0x3b, 0x0a, 0x20, 0x20, 0x20, 0x20,
    0x20, 0x20, 0x69, 0x66, 0x20, 0x28, 0x21, 0x4e, 0x75, 0x6d, 0x62, 0x65,
    0x72, 0x2e, 0x69, 0x73, 0x53, 0x61, 0x66, 0x65, 0x49, 0x6e, 0x74, 0x65,
    0x67, 0x65, 0x72, 0x28, 0x61, 0x63, 0x63, 0x65, 0x70, 0x74, 0x65, 0x64,
    0x2e, 0x6a, 0x6f, 0x62, 0x5f, 0x69, 0x64, 0x29, 0x20, 0x7c, 0x7c, 0x20,
    0x61, 0x63, 0x63, 0x65, 0x70, 0x74, 0x65, 0x64, 0x2e, 0x6a, 0x6f, 0x62,
    0x5f, 0x69, 0x64, 0x20, 0x3c, 0x3d, 0x20, 0x30, 0x20, 0x7c, 0x7c, 0x0a,
    0x20, 0x20, 0x20, 0x20, 0x20, 0x20, 0x20, 0x20, 0x20, 0x20, 0x21, 0x69,
    0x73, 0x41, 0x63, 0x74, 0x69, 0x76, 0x65, 0x53, 0x74, 0x61, 0x74, 0x65,
    0x28, 0x61, 0x63, 0x63, 0x65, 0x70, 0x74, 0x65, 0x64, 0x2e, 0x73, 0x74,
    0x61, 0x74, 0x65, 0x29, 0x29, 0x20, 0x7b, 0x0a, 0x20, 0x20, 0x20, 0x20,
    0x20, 0x20, 0x20, 0x20, 0x74, 0x68, 0x72, 0x6f, 0x77, 0x20, 0x6e, 0x65,
    0x77, 0x20, 0x41, 0x70, 0x69, 0x45, 0x72, 0x72, 0x6f, 0x72, 0x28, 0x32,
    0x30, 0x32, 0x2c, 0x20, 0x22, 0x69, 0x6e, 0x76, 0x61, 0x6c, 0x69, 0x64,
    0x5f, 0x61, 0x63, 0x63, 0x65, 0x70, 0x74, 0x61, 0x6e, 0x63, 0x65, 0x22,
    0x2c, 0x20, 0x22, 0x54, 0x68, 0x65, 0x20, 0x62, 0x6f, 0x61, 0x72, 0x64,
    0x20, 0x72, 0x65, 0x74, 0x75, 0x72, 0x6e, 0x65, 0x64, 0x20, 0x61, 0x6e,
    0x20, 0x69, 0x6e, 0x76, 0x61, 0x6c, 0x69, 0x64, 0x20, 0x6a, 0x6f, 0x62,
    0x20, 0x61, 0x63, 0x63, 0x65, 0x70, 0x74, 0x61, 0x6e, 0x63, 0x65, 0x2e,
    0x22, 0x29, 0x3b, 0x0a, 0x20, 0x20, 0x20, 0x20, 0x20, 0x20, 0x7d, 0x0a,
    0x20, 0x20, 0x20, 0x20, 0x20, 0x20, 0x73, 0x74, 0x61, 0x74, 0x65, 0x2e,
    0x61, 0x63, 0x74, 0x69, 0x76, 0x65, 0x4a, 0x6f, 0x62, 0x49, 0x64, 0x20,
    0x3d, 0x20, 0x61, 0x63, 0x63, 0x65, 0x70, 0x74, 0x65, 0x64, 0x2e, 0x6a,
    0x6f, 0x62, 0x5f, 0x69, 0x64, 0x3b, 0x0a, 0x20, 0x20, 0x20, 0x20, 0x20,
    0x20, 0x73, 0x74, 0x61, 0x74, 0x65, 0x2e, 0x72, 0x65, 0x6d, 0x6f, 0x74,
    0x65, 0x53, 0x74, 0x61, 0x74, 0x65, 0x20, 0x3d, 0x20, 0x61, 0x63, 0x63,
    0x65, 0x70, 0x74, 0x65, 0x64, 0x2e, 0x73, 0x74, 0x61, 0x74, 0x65, 0x3b,
    0x0a, 0x20, 0x20, 0x20, 0x20, 0x20, 0x20, 0x73, 0x74, 0x61, 0x74, 0x65,
    0x2e, 0x63, 0x6f, 0x6e, 0x6e, 0x65, 0x63, 0x74, 0x65, 0x64, 0x20, 0x3d,
    0x20, 0x74, 0x72, 0x75, 0x65, 0x3b, 0x0a, 0x20, 0x20, 0x20, 0x20, 0x20,
    0x20, 0x73, 0x74, 0x61, 0x74, 0x65, 0x2e, 0x72, 0x65, 0x61, 0x64, 0x79,
    0x20, 0x3d, 0x20, 0x74, 0x72, 0x75, 0x65, 0x3b, 0x0a, 0x20, 0x20, 0x20,
    0x20, 0x20, 0x20, 0x65, 0x6c, 0x65, 0x6d, 0x65, 0x6e, 0x74, 0x73, 0x2e,
    0x6a, 0x6f, 0x62, 0x49, 0x64, 0x2e, 0x74, 0x65, 0x78, 0x74, 0x43, 0x6f,
    0x6e, 0x74, 0x65, 0x6e, 0x74, 0x20, 0x3d, 0x20, 0x53, 0x74, 0x72, 0x69,
    0x6e, 0x67, 0x28, 0x61, 0x63, 0x63, 0x65, 0x70, 0x74, 0x65, 0x64, 0x2e,
    0x6a, 0x6f, 0x62, 0x5f, 0x69, 0x64, 0x29, 0x3b, 0x0a, 0x20, 0x20, 0x20,
    0x20, 0x20, 0x20, 0x65, 0x6c, 0x65, 0x6d, 0x65, 0x6e, 0x74, 0x73, 0x2e,
    0x6a, 0x6f, 0x62, 0x53, 0x74, 0x61, 0x74, 0x65, 0x2e, 0x74, 0x65, 0x78,
    0x74, 0x43, 0x6f, 0x6e, 0x74, 0x65, 0x6e, 0x74, 0x20, 0x3d, 0x20, 0x61,
    0x63, 0x63, 0x65, 0x70, 0x74, 0x65, 0x64, 0x2e, 0x73, 0x74, 0x61, 0x74,
    0x65, 0x3b, 0x0a, 0x20, 0x20, 0x20, 0x20, 0x20, 0x20, 0x65, 0x6c, 0x65,
    0x6d, 0x65, 0x6e, 0x74, 0x73, 0x2e, 0x6a, 0x6f, 0x62, 0x53, 0x74, 0x61,
    0x74, 0x65, 0x2e, 0x64, 0x61, 0x74, 0x61, 0x73, 0x65, 0x74, 0x2e, 0x73,
    0x74, 0x61, 0x74, 0x65, 0x20, 0x3d, 0x20, 0x61, 0x63, 0x63, 0x65, 0x70,
    0x74, 0x65, 0x64, 0x2e, 0x73, 0x74, 0x61, 0x74, 0x65, 0x3b, 0x0a, 0x20,
    0x20, 0x20, 0x20, 0x20, 0x20, 0x73, 0x65, 0x74, 0x43, 0x6f, 0x6e, 0x6e,
    0x65, 0x63, 0x74, 0x69, 0x6f, 0x6e, 0x28, 0x22, 0x62, 0x75, 0x73, 0x79,
    0x22, 0x2c, 0x20, 0x22, 0x46, 0x50, 0x47, 0x41, 0x20, 0x67, 0x65, 0x6e,
    0x65, 0x72, 0x61, 0x74, 0x69, 0x6e, 0x67, 0x22, 0x29, 0x3b, 0x0a, 0x20,
    0x20, 0x20, 0x20, 0x20, 0x20, 0x73, 0x65, 0x74, 0x52, 0x75, 0x6e, 0x74,
    0x69, 0x6d, 0x65, 0x4d, 0x65, 0x73, 0x73, 0x61, 0x67, 0x65, 0x28, 0x22,
    0x47, 0x65, 0x6e, 0x65, 0x72, 0x61, 0x74, 0x69, 0x6f, 0x6e, 0x20, 0x61,
    0x63, 0x63, 0x65, 0x70, 0x74, 0x65, 0x64, 0x3b, 0x20, 0x70, 0x6f, 0x6c,
    0x6c, 0x69, 0x6e, 0x67, 0x20, 0x74, 0x68, 0x65, 0x20, 0x72, 0x65, 0x74,
    0x61, 0x69, 0x6e, 0x65, 0x64, 0x20, 0x6a, 0x6f, 0x62, 0x20, 0x72, 0x65,
    0x63, 0x6f, 0x72, 0x64, 0x2e, 0x22, 0x2c, 0x20, 0x22, 0x77, 0x61, 0x72,
    0x6e, 0x69, 0x6e, 0x67, 0x22, 0x29, 0x3b, 0x0a, 0x20, 0x20, 0x20, 0x20,
    0x7d, 0x20, 0x63, 0x61, 0x74, 0x63, 0x68, 0x20, 0x28, 0x65, 0x72, 0x72,
    0x6f, 0x72, 0x29, 0x20, 0x7b, 0x0a, 0x20, 0x20, 0x20, 0x20, 0x20, 0x20,
    0x69, 0x66, 0x20, 0x28, 0x21, 0x28, 0x65, 0x72, 0x72, 0x6f, 0x72, 0x20,
    0x69, 0x6e, 0x73, 0x74, 0x61, 0x6e, 0x63, 0x65, 0x6f, 0x66, 0x20, 0x41,
    0x70, 0x69, 0x45, 0x72, 0x72, 0x6f, 0x72, 0x29, 0x29, 0x20, 0x7b, 0x0a,
    0x20, 0x20, 0x20, 0x20, 0x20, 0x20, 0x20, 0x20, 0x73, 0x74, 0x61, 0x74,
    0x65, 0x2e, 0x63, 0x6f, 0x6e, 0x6e, 0x65, 0x63, 0x74, 0x65, 0x64, 0x20,
    0x3d, 0x20, 0x66, 0x61, 0x6c, 0x73, 0x65, 0x3b, 0x0a, 0x20, 0x20, 0x20,
    0x20, 0x20, 0x20, 0x20, 0x20, 0x73, 0x65, 0x74, 0x43, 0x6f, 0x6e, 0x6e,
    0x65, 0x63, 0x74, 0x69, 0x6f, 0x6e, 0x28, 0x22, 0x6f, 0x66, 0x66, 0x6c,
    0x69, 0x6e, 0x65, 0x22, 0x2c, 0x20, 0x22, 0x42, 0x6f, 0x61, 0x72, 0x64,
    0x20, 0x75, 0x6e, 0x61, 0x76, 0x61, 0x69, 0x6c, 0x61, 0x62, 0x6c, 0x65,
    0x22, 0x29, 0x3b, 0x0a, 0x20, 0x20, 0x20, 0x20, 0x20, 0x20, 0x7d, 0x20,
    0x65, 0x6c, 0x73, 0x65, 0x20, 0x69, 0x66, 0x20, 0x28, 0x65, 0x72, 0x72,
    0x6f, 0x72, 0x2e, 0x73, 0x74, 0x61, 0x74, 0x75, 0x73, 0x20, 0x3d, 0x3d,
    0x3d, 0x20, 0x34, 0x30, 0x39, 0x29, 0x20, 0x7b, 0x0a, 0x20, 0x20, 0x20,
    0x20, 0x20, 0x20, 0x20, 0x20, 0x73, 0x74, 0x61, 0x74, 0x65, 0x2e, 0x72,
    0x65, 0x6d, 0x6f, 0x74, 0x65, 0x53, 0x74, 0x61, 0x74, 0x65, 0x20, 0x3d,
    0x20, 0x22, 0x72, 0x75, 0x6e, 0x6e, 0x69, 0x6e, 0x67, 0x22, 0x3b, 0x0a,
    0x20, 0x20, 0x20, 0x20, 0x20, 0x20, 0x20, 0x20, 0x73, 0x65, 0x74, 0x43,
    0x6f, 0x6e, 0x6e, 0x65, 0x63, 0x74, 0x69, 0x6f, 0x6e, 0x28, 0x22, 0x62,
    0x75, 0x73, 0x79, 0x22, 0x2c, 0x20, 0x22, 0x42, 0x6f, 0x61, 0x72, 0x64,
    0x20, 0x62, 0x75, 0x73, 0x79, 0x22, 0x29, 0x3b, 0x0a, 0x20, 0x20, 0x20,
    0x20, 0x20, 0x20, 0x7d, 0x20, 0x65, 0x6c, 0x73, 0x65, 0x20, 0x7b, 0x0a,
    0x20, 0x20, 0x20, 0x20, 0x20, 0x20, 0x20, 0x20, 0x73, 0x74, 0x61, 0x74,
    0x65, 0x2e, 0x72, 0x65, 0x61, 0x64, 0x79, 0x20, 0x3d, 0x20, 0x66, 0x61,
    0x6c, 0x73, 0x65, 0x3b, 0x0a, 0x20, 0x20, 0x20, 0x20, 0x20, 0x20, 0x7d,
    0x0a, 0x20, 0x20, 0x20, 0x20, 0x20, 0x20, 0x73, 0x65, 0x74, 0x52, 0x75,
    0x6e, 0x74, 0x69, 0x6d, 0x65, 0x4d, 0x65, 0x73, 0x73, 0x61, 0x67, 0x65,
    0x28, 0x60, 0x47, 0x65, 0x6e, 0x65, 0x72, 0x61, 0x74, 0x69, 0x6f, 0x6e,
    0x20, 0x77, 0x61, 0x73, 0x20, 0x6e, 0x6f, 0x74, 0x20, 0x61, 0x63, 0x63,
    0x65, 0x70, 0x74, 0x65, 0x64, 0x3a, 0x20, 0x24, 0x7b, 0x65, 0x72, 0x72,
    0x6f, 0x72, 0x2e, 0x6d, 0x65, 0x73, 0x73, 0x61, 0x67, 0x65, 0x7d, 0x60,
    0x2c, 0x20, 0x22, 0x65, 0x72, 0x72, 0x6f, 0x72, 0x22, 0x29, 0x3b, 0x0a,
    0x20, 0x20, 0x20, 0x20, 0x20, 0x20, 0x73, 0x68, 0x6f, 0x77, 0x46, 0x6f,
    0x72, 0x6d, 0x45, 0x72, 0x72, 0x6f, 0x72, 0x28, 0x65, 0x72, 0x72, 0x6f,
    0x72, 0x2e, 0x6d, 0x65, 0x73, 0x73, 0x61, 0x67, 0x65, 0x29, 0x3b, 0x0a,
    0x20, 0x20, 0x20, 0x20, 0x20, 0x20, 0x73, 0x63, 0x68, 0x65, 0x64, 0x75,
    0x6c, 0x65, 0x48, 0x65, 0x61, 0x6c, 0x74, 0x68, 0x28, 0x35, 0x30, 0x30,
    0x29, 0x3b, 0x0a, 0x20, 0x20, 0x20, 0x20, 0x7d, 0x20, 0x66, 0x69, 0x6e,
    0x61, 0x6c, 0x6c, 0x79, 0x20, 0x7b, 0x0a, 0x20, 0x20, 0x20, 0x20, 0x20,
    0x20, 0x73, 0x74, 0x61, 0x74, 0x65, 0x2e, 0x73, 0x75, 0x62, 0x6d, 0x69,
    0x74, 0x74, 0x69, 0x6e, 0x67, 0x20, 0x3d, 0x20, 0x66, 0x61, 0x6c, 0x73,
    0x65, 0x3b, 0x0a, 0x20, 0x20, 0x20, 0x20, 0x20, 0x20, 0x72, 0x65, 0x66,
    0x72, 0x65, 0x73, 0x68, 0x43, 0x6f, 0x6e, 0x74, 0x72, 0x6f, 0x6c, 0x73,
    0x28, 0x29, 0x3b, 0x0a, 0x20, 0x20, 0x20, 0x20, 0x7d, 0x0a, 0x20, 0x20,
    0x20, 0x20, 0x69, 0x66, 0x20, 0x28, 0x73, 0x74, 0x61, 0x74, 0x65, 0x2e,
    0x61, 0x63, 0x74, 0x69, 0x76, 0x65, 0x4a, 0x6f, 0x62, 0x49, 0x64, 0x20,
    0x21, 0x3d, 0x3d, 0x20, 0x6e, 0x75, 0x6c, 0x6c, 0x29, 0x20, 0x7b, 0x0a,
    0x20, 0x20, 0x20, 0x20, 0x20, 0x20, 0x73, 0x63, 0x68, 0x65, 0x64, 0x75,
    0x6c, 0x65, 0x50, 0x6f, 0x6c, 0x6c, 0x28, 0x30, 0x29, 0x3b, 0x0a, 0x20,
    0x20, 0x20, 0x20, 0x7d, 0x0a, 0x20, 0x20, 0x7d, 0x0a, 0x0a, 0x20, 0x20,
    0x65, 0x6c, 0x65, 0x6d, 0x65, 0x6e, 0x74, 0x73, 0x2e, 0x6d, 0x6f, 0x64,
    0x65, 0x49, 0x6e, 0x70, 0x75, 0x74, 0x73, 0x2e, 0x66, 0x6f, 0x72, 0x45,
    0x61, 0x63, 0x68, 0x28, 0x28, 0x69, 0x6e, 0x70, 0x75, 0x74, 0x29, 0x20,
    0x3d, 0x3e, 0x20, 0x69, 0x6e, 0x70, 0x75, 0x74, 0x2e, 0x61, 0x64, 0x64,
    0x45, 0x76, 0x65, 0x6e, 0x74, 0x4c, 0x69, 0x73, 0x74, 0x65, 0x6e, 0x65,
    0x72, 0x28, 0x22, 0x63, 0x68, 0x61, 0x6e, 0x67, 0x65, 0x22, 0x2c, 0x20,
    0x75, 0x70, 0x64, 0x61, 0x74, 0x65, 0x49, 0x6e, 0x70, 0x75, 0x74, 0x4d,
    0x6f, 0x64, 0x65, 0x29, 0x29, 0x3b, 0x0a, 0x20, 0x20, 0x65, 0x6c, 0x65,
    0x6d, 0x65, 0x6e, 0x74, 0x73, 0x2e, 0x70, 0x72, 0x6f, 0x6d, 0x70, 0x74,
    0x49, 0x6e, 0x70, 0x75, 0x74, 0x2e, 0x61, 0x64, 0x64, 0x45, 0x76, 0x65,
    0x6e, 0x74, 0x4c, 0x69, 0x73, 0x74, 0x65, 0x6e, 0x65, 0x72, 0x28, 0x22,
    0x69, 0x6e, 0x70, 0x75, 0x74, 0x22, 0x2c, 0x20, 0x75, 0x70, 0x64, 0x61,
    0x74, 0x65, 0x49, 0x6e, 0x70, 0x75, 0x74, 0x43, 0x6f, 0x75, 0x6e, 0x74,
    0x73, 0x29, 0x3b, 0x0a, 0x20, 0x20, 0x65, 0x6c, 0x65, 0x6d, 0x65, 0x6e,
    0x74, 0x73, 0x2e, 0x74, 0x6f, 0x6b, 0x65, 0x6e, 0x49, 0x6e, 0x70, 0x75,
    0x74, 0x2e, 0x61, 0x64, 0x64, 0x45, 0x76, 0x65, 0x6e, 0x74, 0x4c, 0x69,
    0x73, 0x74, 0x65, 0x6e, 0x65, 0x72, 0x28, 0x22, 0x69, 0x6e, 0x70, 0x75,
    0x74, 0x22, 0x2c, 0x20, 0x75, 0x70, 0x64, 0x61, 0x74, 0x65, 0x49, 0x6e,
    0x70, 0x75, 0x74, 0x43, 0x6f, 0x75, 0x6e, 0x74, 0x73, 0x29, 0x3b, 0x0a,
    0x20, 0x20, 0x65, 0x6c, 0x65, 0x6d, 0x65, 0x6e, 0x74, 0x73, 0x2e, 0x66,
    0x6f, 0x72, 0x6d, 0x2e, 0x61, 0x64, 0x64, 0x45, 0x76, 0x65, 0x6e, 0x74,
    0x4c, 0x69, 0x73, 0x74, 0x65, 0x6e, 0x65, 0x72, 0x28, 0x22, 0x73, 0x75,
    0x62, 0x6d, 0x69, 0x74, 0x22, 0x2c, 0x20, 0x73, 0x75, 0x62, 0x6d, 0x69,
    0x74, 0x47, 0x65, 0x6e, 0x65, 0x72, 0x61, 0x74, 0x69, 0x6f, 0x6e, 0x29,
    0x3b, 0x0a, 0x20, 0x20, 0x65, 0x6c, 0x65, 0x6d, 0x65, 0x6e, 0x74, 0x73,
    0x2e, 0x72, 0x65, 0x66, 0x72, 0x65, 0x73, 0x68, 0x48, 0x65, 0x61, 0x6c,
    0x74, 0x68, 0x2e, 0x61, 0x64, 0x64, 0x45, 0x76, 0x65, 0x6e, 0x74, 0x4c,
    0x69, 0x73, 0x74, 0x65, 0x6e, 0x65, 0x72, 0x28, 0x22, 0x63, 0x6c, 0x69,
    0x63, 0x6b, 0x22, 0x2c, 0x20, 0x28, 0x29, 0x20, 0x3d, 0x3e, 0x20, 0x63,
    0x68, 0x65, 0x63, 0x6b, 0x48, 0x65, 0x61, 0x6c, 0x74, 0x68, 0x28, 0x66,
    0x61, 0x6c, 0x73, 0x65, 0x29, 0x29, 0x3b, 0x0a, 0x20, 0x20, 0x72, 0x6f,
    0x6f, 0x74, 0x2e, 0x61, 0x64, 0x64, 0x45, 0x76, 0x65, 0x6e, 0x74, 0x4c,
    0x69, 0x73, 0x74, 0x65, 0x6e, 0x65, 0x72, 0x28, 0x22, 0x6f, 0x6e, 0x6c,
    0x69, 0x6e, 0x65, 0x22, 0x2c, 0x20, 0x28, 0x29, 0x20, 0x3d, 0x3e, 0x20,
    0x63, 0x68, 0x65, 0x63, 0x6b, 0x48, 0x65, 0x61, 0x6c, 0x74, 0x68, 0x28,
    0x66, 0x61, 0x6c, 0x73, 0x65, 0x29, 0x29, 0x3b, 0x0a, 0x20, 0x20, 0x72,
    0x6f, 0x6f, 0x74, 0x2e, 0x61, 0x64, 0x64, 0x45, 0x76, 0x65, 0x6e, 0x74,
    0x4c, 0x69, 0x73, 0x74, 0x65, 0x6e, 0x65, 0x72, 0x28, 0x22, 0x6f, 0x66,
    0x66, 0x6c, 0x69, 0x6e, 0x65, 0x22, 0x2c, 0x20, 0x28, 0x29, 0x20, 0x3d,
    0x3e, 0x20, 0x7b, 0x0a, 0x20, 0x20, 0x20, 0x20, 0x73, 0x74, 0x61, 0x74,
    0x65, 0x2e, 0x63, 0x6f, 0x6e, 0x6e, 0x65, 0x63, 0x74, 0x65, 0x64, 0x20,
    0x3d, 0x20, 0x66, 0x61, 0x6c, 0x73, 0x65, 0x3b, 0x0a, 0x20, 0x20, 0x20,
    0x20, 0x73, 0x65, 0x74, 0x43, 0x6f, 0x6e, 0x6e, 0x65, 0x63, 0x74, 0x69,
    0x6f, 0x6e, 0x28, 0x22, 0x6f, 0x66, 0x66, 0x6c, 0x69, 0x6e, 0x65, 0x22,
    0x2c, 0x20, 0x22, 0x42, 0x72, 0x6f, 0x77, 0x73, 0x65, 0x72, 0x20, 0x6f,
    0x66, 0x66, 0x6c, 0x69, 0x6e, 0x65, 0x22, 0x29, 0x3b, 0x0a, 0x20, 0x20,
    0x20, 0x20, 0x72, 0x65, 0x66, 0x72, 0x65, 0x73, 0x68, 0x43, 0x6f, 0x6e,
    0x74, 0x72, 0x6f, 0x6c, 0x73, 0x28, 0x29, 0x3b, 0x0a, 0x20, 0x20, 0x7d,
    0x29, 0x3b, 0x0a, 0x0a, 0x20, 0x20, 0x75, 0x70, 0x64, 0x61, 0x74, 0x65,
    0x49, 0x6e, 0x70, 0x75, 0x74, 0x4d, 0x6f, 0x64, 0x65, 0x28, 0x29, 0x3b,
    0x0a, 0x20, 0x20, 0x75, 0x70, 0x64, 0x61, 0x74, 0x65, 0x49, 0x6e, 0x70,
    0x75, 0x74, 0x43, 0x6f, 0x75, 0x6e, 0x74, 0x73, 0x28, 0x29, 0x3b, 0x0a,
    0x20, 0x20, 0x72, 0x65, 0x66, 0x72, 0x65, 0x73, 0x68, 0x43, 0x6f, 0x6e,
    0x74, 0x72, 0x6f, 0x6c, 0x73, 0x28, 0x29, 0x3b, 0x0a, 0x20, 0x20, 0x63,
    0x68, 0x65, 0x63, 0x6b, 0x48, 0x65, 0x61, 0x6c, 0x74, 0x68, 0x28, 0x66,
    0x61, 0x6c, 0x73, 0x65, 0x29, 0x3b, 0x0a, 0x7d, 0x29, 0x28, 0x74, 0x79,
    0x70, 0x65, 0x6f, 0x66, 0x20, 0x67, 0x6c, 0x6f, 0x62, 0x61, 0x6c, 0x54,
    0x68, 0x69, 0x73, 0x20, 0x21, 0x3d, 0x3d, 0x20, 0x22, 0x75, 0x6e, 0x64,
    0x65, 0x66, 0x69, 0x6e, 0x65, 0x64, 0x22, 0x20, 0x3f, 0x20, 0x67, 0x6c,
    0x6f, 0x62, 0x61, 0x6c, 0x54, 0x68, 0x69, 0x73, 0x20, 0x3a, 0x20, 0x74,
    0x68, 0x69, 0x73, 0x29, 0x3b, 0x0a,
};
_Static_assert(sizeof(qweb_web_asset_app_js) == 22950u,
               "app.js length drift");

const qweb_web_asset_t qweb_web_assets[] = {
    {
        "/",
        1u,
        "text/html; charset=utf-8",
        "\"39b0b58717f9c0c6fb7c4b73c9bb76d6e65fdd029e3e80e675afaf57824744e7\"",
        qweb_web_asset_index_html,
        43776u
    },
    {
        "/index.html",
        11u,
        "text/html; charset=utf-8",
        "\"39b0b58717f9c0c6fb7c4b73c9bb76d6e65fdd029e3e80e675afaf57824744e7\"",
        qweb_web_asset_index_html,
        43776u
    },
    {
        "/styles.css",
        11u,
        "text/css; charset=utf-8",
        "\"090fce41fba5cb747349d41d470fb40df2a915eed0018ebdf034409673f4faec\"",
        qweb_web_asset_styles_css,
        14459u
    },
    {
        "/app.js",
        7u,
        "text/javascript; charset=utf-8",
        "\"45b3d59796665c1f19ff7a44fa64df7db14653afc44c1a3d64098f6c2e5e4f3f\"",
        qweb_web_asset_app_js,
        22950u
    },
};

const size_t qweb_web_asset_count =
    sizeof(qweb_web_assets) / sizeof(qweb_web_assets[0]);

const qweb_web_asset_t *qweb_web_asset_find(
    const char *path,
    size_t path_length)
{
    size_t index;

    if (path == NULL) return NULL;
    for (index = 0u; index < qweb_web_asset_count; ++index) {
        const qweb_web_asset_t *asset = &qweb_web_assets[index];

        if (path_length == asset->path_length &&
            memcmp(path, asset->path, path_length) == 0) {
            return asset;
        }
    }
    return NULL;
}
